/*******************************************************************************
 * Size: 16 px
 * Bpp: 4
 * Opts: --no-compress --no-prefilter --bpp 4 --size 16 --font Inter-Medium.ttf -r 0x20-0x7F,0xA0-0xFF,0x2022,0x2026,0x20AC,0x394,0x3A9,0x3BC,0x3C0,0x2190-0x2193,0x2212,0x221A,0x221E,0x2248,0x2260,0x2264,0x2265,0x2010-0x205E,0x100-0x17F,0x218-0x21B,0x370-0x3FF,0x2070-0x209F,0x20A0-0x20C0,0x2100-0x218F,0x2194-0x21FF,0x2200-0x22FF,0x2300-0x23FF,0x25A0-0x25FF,0x2600-0x27BF --font FontAwesome5-Solid+Brands+Regular.woff -r 61441,61444,61445,61448,61451,61452,61453,61457,61459,61461,61463,61465,61468,61473,61478,61479,61480,61488,61502,61507,61512,61515,61516,61517,61521,61522,61523,61524,61543,61544,61547,61549,61550,61552,61553,61554,61556,61559,61560,61561,61562,61563,61585,61587,61589,61604,61606,61634,61636,61637,61639,61641,61664,61671,61673,61674,61683,61684,61692,61720,61721,61722,61724,61732,61749,61787,61796,61797,61829,61830,61881,61883,61922,61923,61931,61949,62006,62016,62017,62018,62019,62020,62043,62087,62099,62172,62183,62189,62206,62212,62373,62405,62539,62658,62680,62682,62796,62806,62810,62823,62841,62842,62847,62848,62850,62851,62852,62854,62855,62856,62857,62859,62860,62870,62875,62884,62885,62899,62900,62904,62914,62920,63108,63166,63187,63202,63244,63391,63401,63426,63650 --format lvgl -o aos_inter_16.c --force-fast-kern-format
 ******************************************************************************/

#include "lvgl.h"
#ifndef AOS_INTER_16
#define AOS_INTER_16 1
#endif

#if AOS_INTER_16

/*-----------------
 *    BITMAPS
 *----------------*/

/*Store the image of the glyphs*/
static LV_ATTRIBUTE_LARGE_CONST const uint8_t glyph_bitmap[] = {
    /* U+0020 " " */

    /* U+0021 "!" */
    0x8f, 0x67, 0xf5, 0x7f, 0x57, 0xf5, 0x7f, 0x56,
    0xf4, 0x6f, 0x46, 0xf4, 0x0, 0x0, 0x40, 0x9f,
    0x87, 0xf5,

    /* U+0022 "\"" */
    0x5f, 0x57, 0xf4, 0x5f, 0x56, 0xf3, 0x4f, 0x45,
    0xf2, 0x3f, 0x35, 0xf2, 0x2a, 0x23, 0xa1,

    /* U+0023 "#" */
    0x0, 0xc, 0x90, 0xa, 0xb0, 0x0, 0xe, 0x70,
    0xd, 0x80, 0x0, 0x1f, 0x40, 0xf, 0x60, 0xe,
    0xff, 0xff, 0xff, 0xfe, 0x6, 0xaf, 0x66, 0x9f,
    0x65, 0x0, 0x8d, 0x0, 0x7e, 0x0, 0x0, 0xab,
    0x0, 0x9c, 0x0, 0x1, 0xc9, 0x11, 0xbb, 0x10,
    0xaf, 0xff, 0xff, 0xff, 0xf3, 0x36, 0xf7, 0x45,
    0xf8, 0x40, 0x4, 0xf1, 0x3, 0xf2, 0x0, 0x7,
    0xe0, 0x6, 0xf0, 0x0,

    /* U+0024 "$" */
    0x0, 0x0, 0x4a, 0x0, 0x0, 0x0, 0x0, 0x4a,
    0x0, 0x0, 0x0, 0x3b, 0xff, 0xe8, 0x0, 0x3,
    0xff, 0xbd, 0xcf, 0xb0, 0xb, 0xf2, 0x4a, 0xa,
    0xf3, 0xc, 0xf0, 0x4a, 0x1, 0x31, 0x8, 0xfb,
    0x7a, 0x0, 0x0, 0x0, 0xaf, 0xfe, 0x92, 0x0,
    0x0, 0x2, 0x9f, 0xff, 0x70, 0x0, 0x0, 0x4a,
    0x2c, 0xf4, 0x6, 0x40, 0x4a, 0x4, 0xf7, 0xf,
    0xe1, 0x4a, 0x9, 0xf6, 0x7, 0xfe, 0xbd, 0xcf,
    0xe0, 0x0, 0x6d, 0xff, 0xe9, 0x10, 0x0, 0x0,
    0x4a, 0x0, 0x0, 0x0, 0x0, 0x2, 0x0, 0x0,

    /* U+0025 "%" */
    0x6, 0xef, 0x80, 0x0, 0x2, 0xf4, 0x0, 0x2f,
    0x75, 0xf4, 0x0, 0xc, 0x90, 0x0, 0x4f, 0x0,
    0xf6, 0x0, 0x7e, 0x10, 0x0, 0x3f, 0x42, 0xf4,
    0x2, 0xf4, 0x0, 0x0, 0x9, 0xff, 0xb0, 0xc,
    0x90, 0x0, 0x0, 0x0, 0x11, 0x0, 0x7e, 0x10,
    0x0, 0x0, 0x0, 0x0, 0x2, 0xf4, 0x7, 0xed,
    0x40, 0x0, 0x0, 0xc, 0x90, 0x4f, 0x58, 0xe0,
    0x0, 0x0, 0x7e, 0x10, 0x7d, 0x2, 0xf3, 0x0,
    0x2, 0xf4, 0x0, 0x7d, 0x2, 0xf3, 0x0, 0xc,
    0x90, 0x0, 0x4f, 0x59, 0xf0, 0x0, 0x7e, 0x10,
    0x0, 0x8, 0xfe, 0x40,

    /* U+0026 "&" */
    0x0, 0x3c, 0xfe, 0x60, 0x0, 0x0, 0xe, 0xe8,
    0xcf, 0x40, 0x0, 0x3, 0xf6, 0x1, 0xf8, 0x0,
    0x0, 0x2f, 0x80, 0x5f, 0x50, 0x0, 0x0, 0xbf,
    0x8f, 0xb0, 0x0, 0x0, 0x3, 0xff, 0x90, 0x0,
    0x0, 0x3, 0xee, 0xfc, 0x0, 0x85, 0x0, 0xee,
    0x15, 0xfa, 0x2f, 0x70, 0x3f, 0x80, 0x7, 0xfd,
    0xf4, 0x2, 0xfb, 0x0, 0xb, 0xfd, 0x0, 0xa,
    0xfb, 0x8b, 0xff, 0xf2, 0x0, 0x8, 0xdf, 0xe8,
    0x2e, 0xd0,

    /* U+0027 "'" */
    0x5f, 0x55, 0xf5, 0x4f, 0x43, 0xf3, 0x2a, 0x20,

    /* U+0028 "(" */
    0x0, 0x7c, 0x10, 0x1f, 0xb0, 0x6, 0xf5, 0x0,
    0xbf, 0x0, 0xf, 0xc0, 0x3, 0xf8, 0x0, 0x4f,
    0x70, 0x6, 0xf5, 0x0, 0x6f, 0x50, 0x4, 0xf7,
    0x0, 0x2f, 0xa0, 0x0, 0xee, 0x0, 0x9, 0xf3,
    0x0, 0x2f, 0x90, 0x0, 0xaf, 0x10,

    /* U+0029 ")" */
    0x2c, 0x60, 0x0, 0xde, 0x0, 0x6, 0xf5, 0x0,
    0x2f, 0x90, 0x0, 0xed, 0x0, 0xa, 0xf1, 0x0,
    0x9f, 0x30, 0x7, 0xf4, 0x0, 0x7f, 0x40, 0x9,
    0xf3, 0x0, 0xbf, 0x0, 0xf, 0xc0, 0x4, 0xf7,
    0x0, 0xaf, 0x10, 0x1f, 0x90, 0x0,

    /* U+002A "*" */
    0x0, 0x6c, 0x0, 0x7, 0x56, 0xb2, 0xa0, 0x7e,
    0xde, 0xfa, 0x10, 0x6f, 0xfa, 0x0, 0xbe, 0xac,
    0xce, 0x13, 0x16, 0xb0, 0x40, 0x0, 0x48, 0x0,
    0x0,

    /* U+002B "+" */
    0x0, 0x6, 0xf1, 0x0, 0x0, 0x0, 0x6f, 0x10,
    0x0, 0x12, 0x28, 0xf3, 0x22, 0x8, 0xff, 0xff,
    0xff, 0xf3, 0x25, 0x59, 0xf6, 0x55, 0x0, 0x0,
    0x6f, 0x10, 0x0, 0x0, 0x6, 0xf1, 0x0, 0x0,
    0x0, 0x5d, 0x10, 0x0,

    /* U+002C "," */
    0x3, 0xa4, 0x8, 0xf3, 0xa, 0xe0, 0xc, 0xa0,
    0xf, 0x50,

    /* U+002D "-" */
    0x78, 0x88, 0x82, 0xef, 0xff, 0xf4,

    /* U+002E "." */
    0x4, 0x9, 0xf7, 0x6f, 0x40,

    /* U+002F "/" */
    0x0, 0x1, 0xf7, 0x0, 0x5, 0xf3, 0x0, 0x9,
    0xe0, 0x0, 0xe, 0xa0, 0x0, 0x2f, 0x60, 0x0,
    0x6f, 0x20, 0x0, 0xad, 0x0, 0x0, 0xe9, 0x0,
    0x3, 0xf5, 0x0, 0x7, 0xf1, 0x0, 0xc, 0xc0,
    0x0, 0xf, 0x80, 0x0, 0x4f, 0x40, 0x0, 0x8f,
    0x0, 0x0,

    /* U+0030 "0" */
    0x0, 0x1a, 0xef, 0xc3, 0x0, 0x0, 0xdf, 0xa9,
    0xef, 0x30, 0x7, 0xf7, 0x0, 0x2f, 0xc0, 0xd,
    0xf0, 0x0, 0xb, 0xf2, 0xf, 0xc0, 0x0, 0x7,
    0xf5, 0x1f, 0xa0, 0x0, 0x5, 0xf6, 0x1f, 0xa0,
    0x0, 0x5, 0xf6, 0xf, 0xc0, 0x0, 0x7, 0xf5,
    0xd, 0xf0, 0x0, 0xb, 0xf2, 0x7, 0xf7, 0x0,
    0x2f, 0xd0, 0x0, 0xdf, 0xa9, 0xef, 0x40, 0x0,
    0x1a, 0xef, 0xc4, 0x0,

    /* U+0031 "1" */
    0x0, 0x6f, 0xf5, 0xa, 0xfe, 0xf5, 0x4f, 0x76,
    0xf5, 0x23, 0x6, 0xf5, 0x0, 0x6, 0xf5, 0x0,
    0x6, 0xf5, 0x0, 0x6, 0xf5, 0x0, 0x6, 0xf5,
    0x0, 0x6, 0xf5, 0x0, 0x6, 0xf5, 0x0, 0x6,
    0xf5, 0x0, 0x6, 0xf5,

    /* U+0032 "2" */
    0x3, 0xbf, 0xea, 0x20, 0x3f, 0xe9, 0xaf, 0xe1,
    0xbf, 0x20, 0x5, 0xf7, 0x88, 0x0, 0x1, 0xf9,
    0x0, 0x0, 0x5, 0xf6, 0x0, 0x0, 0x1e, 0xe0,
    0x0, 0x1, 0xdf, 0x30, 0x0, 0xc, 0xf5, 0x0,
    0x0, 0xcf, 0x50, 0x0, 0xb, 0xf6, 0x0, 0x0,
    0xaf, 0xe9, 0x99, 0x97, 0xef, 0xff, 0xff, 0xfd,

    /* U+0033 "3" */
    0x0, 0x3b, 0xff, 0xc4, 0x0, 0x4, 0xfe, 0x99,
    0xef, 0x30, 0xb, 0xf1, 0x0, 0x3f, 0xa0, 0x1,
    0x10, 0x0, 0x1f, 0xa0, 0x0, 0x0, 0x23, 0xbf,
    0x30, 0x0, 0x2, 0xff, 0xf5, 0x0, 0x0, 0x0,
    0x56, 0xdf, 0x60, 0x0, 0x0, 0x0, 0xe, 0xf0,
    0x5, 0x40, 0x0, 0xb, 0xf1, 0xe, 0xf1, 0x0,
    0x1e, 0xe0, 0x6, 0xfe, 0xaa, 0xef, 0x60, 0x0,
    0x4c, 0xff, 0xc4, 0x0,

    /* U+0034 "4" */
    0x0, 0x0, 0x6, 0xff, 0x10, 0x0, 0x0, 0x1e,
    0xff, 0x10, 0x0, 0x0, 0xaf, 0xbf, 0x10, 0x0,
    0x4, 0xf8, 0x9f, 0x10, 0x0, 0xd, 0xd0, 0x9f,
    0x10, 0x0, 0x8f, 0x40, 0x9f, 0x10, 0x2, 0xfa,
    0x0, 0x9f, 0x10, 0xb, 0xf1, 0x0, 0x9f, 0x10,
    0x1f, 0xff, 0xff, 0xff, 0xfa, 0x8, 0x88, 0x88,
    0xcf, 0x95, 0x0, 0x0, 0x0, 0x9f, 0x10, 0x0,
    0x0, 0x0, 0x9f, 0x10,

    /* U+0035 "5" */
    0x4, 0xff, 0xff, 0xff, 0x30, 0x6f, 0xa8, 0x88,
    0x81, 0x8, 0xf2, 0x0, 0x0, 0x0, 0x9f, 0x0,
    0x0, 0x0, 0xb, 0xf8, 0xef, 0xa2, 0x0, 0xdf,
    0xc8, 0xaf, 0xe1, 0x0, 0x10, 0x0, 0x8f, 0x70,
    0x0, 0x0, 0x0, 0xfb, 0x4, 0x20, 0x0, 0xf,
    0xb0, 0xee, 0x0, 0x7, 0xf7, 0x7, 0xfe, 0x9b,
    0xfd, 0x0, 0x6, 0xcf, 0xe9, 0x10,

    /* U+0036 "6" */
    0x0, 0x8, 0xef, 0xd6, 0x0, 0x0, 0xbf, 0xb9,
    0xef, 0x70, 0x5, 0xf7, 0x0, 0xe, 0xe0, 0xb,
    0xe0, 0x1, 0x0, 0x0, 0xf, 0xb6, 0xef, 0xf8,
    0x0, 0xf, 0xef, 0x76, 0xcf, 0x80, 0x1f, 0xf4,
    0x0, 0x1e, 0xf0, 0xf, 0xe0, 0x0, 0x9, 0xf2,
    0xe, 0xe0, 0x0, 0xa, 0xf2, 0x9, 0xf6, 0x0,
    0x2f, 0xd0, 0x1, 0xef, 0xa9, 0xef, 0x40, 0x0,
    0x1a, 0xef, 0xc4, 0x0,

    /* U+0037 "7" */
    0x4f, 0xff, 0xff, 0xff, 0x72, 0x99, 0x99, 0x9c,
    0xf6, 0x0, 0x0, 0x0, 0xdf, 0x0, 0x0, 0x0,
    0x5f, 0x80, 0x0, 0x0, 0xd, 0xf1, 0x0, 0x0,
    0x5, 0xf8, 0x0, 0x0, 0x0, 0xdf, 0x10, 0x0,
    0x0, 0x5f, 0x90, 0x0, 0x0, 0xc, 0xf1, 0x0,
    0x0, 0x4, 0xf9, 0x0, 0x0, 0x0, 0xcf, 0x10,
    0x0, 0x0, 0x4f, 0x90, 0x0, 0x0,

    /* U+0038 "8" */
    0x0, 0x3b, 0xff, 0xc4, 0x0, 0x3, 0xfe, 0x98,
    0xef, 0x40, 0x9, 0xf3, 0x0, 0x2f, 0xa0, 0x9,
    0xf1, 0x0, 0xf, 0xa0, 0x3, 0xfb, 0x33, 0xbf,
    0x40, 0x0, 0x5f, 0xff, 0xf6, 0x0, 0x4, 0xfd,
    0x66, 0xcf, 0x50, 0xe, 0xe0, 0x0, 0xe, 0xe0,
    0x1f, 0xb0, 0x0, 0xa, 0xf2, 0xf, 0xe1, 0x0,
    0xe, 0xf0, 0x6, 0xfe, 0x88, 0xdf, 0x70, 0x0,
    0x5c, 0xff, 0xc5, 0x0,

    /* U+0039 "9" */
    0x0, 0x4c, 0xff, 0xa2, 0x0, 0x5, 0xfe, 0x9a,
    0xfe, 0x20, 0xd, 0xe2, 0x0, 0x3f, 0xa0, 0x1f,
    0xa0, 0x0, 0xc, 0xf0, 0xf, 0xc0, 0x0, 0xe,
    0xf2, 0xa, 0xfa, 0x33, 0xcf, 0xf2, 0x0, 0xbf,
    0xff, 0xa9, 0xf2, 0x0, 0x2, 0x42, 0xa, 0xf0,
    0x8, 0x70, 0x0, 0xf, 0xc0, 0xb, 0xf3, 0x0,
    0x7f, 0x60, 0x3, 0xff, 0xab, 0xfc, 0x0, 0x0,
    0x3c, 0xfe, 0x91, 0x0,

    /* U+003A ":" */
    0x4, 0x9, 0xf7, 0x7f, 0x50, 0x0, 0x0, 0x0,
    0x0, 0x4, 0x9, 0xf7, 0x6f, 0x40,

    /* U+003B ";" */
    0x0, 0x41, 0x6, 0xfa, 0x4, 0xf7, 0x0, 0x0,
    0x0, 0x0, 0x0, 0x0, 0x0, 0x0, 0x3, 0xa4,
    0x8, 0xf3, 0xa, 0xe0, 0xc, 0xa0, 0xf, 0x50,

    /* U+003C "<" */
    0x0, 0x0, 0x0, 0x0, 0x0, 0x0, 0x0, 0x5c,
    0x0, 0x0, 0x6d, 0xfd, 0x0, 0x6d, 0xfd, 0x60,
    0x5e, 0xfc, 0x50, 0x0, 0xaf, 0xc1, 0x0, 0x0,
    0x19, 0xff, 0xa2, 0x0, 0x0, 0x18, 0xff, 0xb4,
    0x0, 0x0, 0x18, 0xfe, 0x0, 0x0, 0x0, 0x17,

    /* U+003D "=" */
    0x5f, 0xff, 0xff, 0xff, 0x29, 0x99, 0x99, 0x99,
    0x0, 0x0, 0x0, 0x0, 0x28, 0x88, 0x88, 0x88,
    0x5f, 0xff, 0xff, 0xff,

    /* U+003E ">" */
    0x0, 0x0, 0x0, 0x0, 0x3, 0xb3, 0x0, 0x0,
    0x0, 0x3f, 0xfb, 0x30, 0x0, 0x0, 0x18, 0xff,
    0xb3, 0x0, 0x0, 0x0, 0x7e, 0xfb, 0x20, 0x0,
    0x0, 0x4e, 0xf5, 0x0, 0x5, 0xcf, 0xe6, 0x0,
    0x6d, 0xfd, 0x60, 0x0, 0x3f, 0xd6, 0x0, 0x0,
    0x2, 0x50, 0x0, 0x0, 0x0,

    /* U+003F "?" */
    0x1, 0xae, 0xfc, 0x40, 0xd, 0xfa, 0x8e, 0xf3,
    0x3f, 0x90, 0x4, 0xf9, 0x13, 0x10, 0x3, 0xf9,
    0x0, 0x0, 0xc, 0xf5, 0x0, 0x2, 0xdf, 0x80,
    0x0, 0xb, 0xf4, 0x0, 0x0, 0xf, 0xb0, 0x0,
    0x0, 0x4, 0x30, 0x0, 0x0, 0x3, 0x10, 0x0,
    0x0, 0x3f, 0xe0, 0x0, 0x0, 0x1e, 0xb0, 0x0,

    /* U+0040 "@" */
    0x0, 0x0, 0x39, 0xde, 0xfd, 0x92, 0x0, 0x0,
    0x0, 0x8f, 0xe9, 0x76, 0x8e, 0xf7, 0x0, 0x0,
    0x8f, 0x80, 0x0, 0x0, 0x8, 0xf6, 0x0, 0x3f,
    0x80, 0x0, 0x0, 0x1, 0xa, 0xf1, 0x9, 0xf0,
    0x3, 0xdf, 0xfa, 0xf1, 0x1f, 0x60, 0xea, 0x1,
    0xec, 0x57, 0xff, 0x10, 0xcb, 0xf, 0x80, 0x7f,
    0x10, 0x8, 0xf1, 0xa, 0xc1, 0xf6, 0x9, 0xc0,
    0x0, 0x5f, 0x10, 0x9c, 0xf, 0x70, 0x9d, 0x0,
    0x5, 0xf1, 0xa, 0xb0, 0xea, 0x6, 0xf1, 0x0,
    0x8f, 0x10, 0xd8, 0xa, 0xe0, 0x1e, 0xb4, 0x7e,
    0xf8, 0x7f, 0x30, 0x4f, 0x80, 0x3c, 0xfd, 0x38,
    0xee, 0x70, 0x0, 0xaf, 0x70, 0x0, 0x0, 0x0,
    0x0, 0x0, 0x0, 0xaf, 0xe9, 0x66, 0x7a, 0x60,
    0x0, 0x0, 0x0, 0x39, 0xdf, 0xfe, 0xa4, 0x0,
    0x0,

    /* U+0041 "A" */
    0x0, 0x0, 0xaf, 0xe0, 0x0, 0x0, 0x0, 0xf,
    0xef, 0x40, 0x0, 0x0, 0x5, 0xf7, 0xf9, 0x0,
    0x0, 0x0, 0xaf, 0x1d, 0xe0, 0x0, 0x0, 0xf,
    0xd0, 0x8f, 0x50, 0x0, 0x5, 0xf8, 0x3, 0xfa,
    0x0, 0x0, 0xbf, 0x30, 0xe, 0xf0, 0x0, 0x1f,
    0xf8, 0x88, 0xdf, 0x50, 0x6, 0xff, 0xff, 0xff,
    0xfb, 0x0, 0xbf, 0x30, 0x0, 0xd, 0xf1, 0x1f,
    0xd0, 0x0, 0x0, 0x8f, 0x66, 0xf8, 0x0, 0x0,
    0x2, 0xfc,

    /* U+0042 "B" */
    0xbf, 0xff, 0xfe, 0x91, 0xb, 0xf9, 0x89, 0xcf,
    0xc0, 0xbf, 0x10, 0x0, 0xbf, 0x2b, 0xf1, 0x0,
    0x9, 0xf2, 0xbf, 0x21, 0x26, 0xfb, 0xb, 0xff,
    0xff, 0xfb, 0x10, 0xbf, 0x54, 0x47, 0xfe, 0x1b,
    0xf1, 0x0, 0x5, 0xf8, 0xbf, 0x10, 0x0, 0x1f,
    0xab, 0xf1, 0x0, 0x5, 0xf9, 0xbf, 0x99, 0x9b,
    0xff, 0x2b, 0xff, 0xff, 0xfb, 0x30,

    /* U+0043 "C" */
    0x0, 0x4, 0xbe, 0xfc, 0x60, 0x0, 0x7, 0xff,
    0xbb, 0xef, 0xb0, 0x3, 0xfd, 0x20, 0x0, 0xaf,
    0x70, 0xaf, 0x30, 0x0, 0x0, 0xeb, 0xf, 0xd0,
    0x0, 0x0, 0x0, 0x1, 0xfb, 0x0, 0x0, 0x0,
    0x0, 0x1f, 0xb0, 0x0, 0x0, 0x0, 0x0, 0xfd,
    0x0, 0x0, 0x0, 0x0, 0xa, 0xf3, 0x0, 0x0,
    0x1e, 0xc0, 0x3f, 0xd1, 0x0, 0xa, 0xf6, 0x0,
    0x7f, 0xfb, 0xbe, 0xfb, 0x0, 0x0, 0x4b, 0xef,
    0xc6, 0x0,

    /* U+0044 "D" */
    0xbf, 0xff, 0xfd, 0x81, 0x0, 0xbf, 0xa9, 0xad,
    0xfe, 0x20, 0xbf, 0x10, 0x0, 0x5f, 0xc0, 0xbf,
    0x10, 0x0, 0xa, 0xf4, 0xbf, 0x10, 0x0, 0x4,
    0xf8, 0xbf, 0x10, 0x0, 0x2, 0xfa, 0xbf, 0x10,
    0x0, 0x2, 0xf9, 0xbf, 0x10, 0x0, 0x4, 0xf8,
    0xbf, 0x10, 0x0, 0xa, 0xf3, 0xbf, 0x10, 0x0,
    0x5f, 0xc0, 0xbf, 0xa9, 0xad, 0xfe, 0x20, 0xbf,
    0xff, 0xfd, 0x81, 0x0,

    /* U+0045 "E" */
    0xbf, 0xff, 0xff, 0xfa, 0xbf, 0x99, 0x99, 0x95,
    0xbf, 0x10, 0x0, 0x0, 0xbf, 0x10, 0x0, 0x0,
    0xbf, 0x10, 0x0, 0x0, 0xbf, 0x99, 0x99, 0x92,
    0xbf, 0xff, 0xff, 0xf3, 0xbf, 0x10, 0x0, 0x0,
    0xbf, 0x10, 0x0, 0x0, 0xbf, 0x10, 0x0, 0x0,
    0xbf, 0x99, 0x99, 0x96, 0xbf, 0xff, 0xff, 0xfa,

    /* U+0046 "F" */
    0xbf, 0xff, 0xff, 0xf8, 0xbf, 0x99, 0x99, 0x94,
    0xbf, 0x10, 0x0, 0x0, 0xbf, 0x10, 0x0, 0x0,
    0xbf, 0x10, 0x0, 0x0, 0xbf, 0x99, 0x99, 0x90,
    0xbf, 0xff, 0xff, 0xf0, 0xbf, 0x10, 0x0, 0x0,
    0xbf, 0x10, 0x0, 0x0, 0xbf, 0x10, 0x0, 0x0,
    0xbf, 0x10, 0x0, 0x0, 0xbf, 0x10, 0x0, 0x0,

    /* U+0047 "G" */
    0x0, 0x4, 0xbe, 0xfc, 0x60, 0x0, 0x0, 0x7f,
    0xfb, 0xbe, 0xfa, 0x0, 0x3, 0xfd, 0x20, 0x0,
    0xbf, 0x60, 0xa, 0xf3, 0x0, 0x0, 0x1e, 0xc0,
    0xf, 0xd0, 0x0, 0x0, 0x0, 0x0, 0x1f, 0xb0,
    0x0, 0x0, 0x0, 0x0, 0x1f, 0xb0, 0x0, 0x8f,
    0xff, 0xf0, 0xf, 0xd0, 0x0, 0x48, 0x8e, 0xf0,
    0xb, 0xf3, 0x0, 0x0, 0xe, 0xe0, 0x4, 0xfd,
    0x20, 0x0, 0x9f, 0x80, 0x0, 0x7f, 0xfc, 0xbe,
    0xfc, 0x0, 0x0, 0x4, 0xbe, 0xfd, 0x70, 0x0,

    /* U+0048 "H" */
    0xbf, 0x10, 0x0, 0x2, 0xfa, 0xbf, 0x10, 0x0,
    0x2, 0xfa, 0xbf, 0x10, 0x0, 0x2, 0xfa, 0xbf,
    0x10, 0x0, 0x2, 0xfa, 0xbf, 0x10, 0x0, 0x2,
    0xfa, 0xbf, 0xff, 0xff, 0xff, 0xfa, 0xbf, 0x99,
    0x99, 0x9a, 0xfa, 0xbf, 0x10, 0x0, 0x2, 0xfa,
    0xbf, 0x10, 0x0, 0x2, 0xfa, 0xbf, 0x10, 0x0,
    0x2, 0xfa, 0xbf, 0x10, 0x0, 0x2, 0xfa, 0xbf,
    0x10, 0x0, 0x2, 0xfa,

    /* U+0049 "I" */
    0xbf, 0x1b, 0xf1, 0xbf, 0x1b, 0xf1, 0xbf, 0x1b,
    0xf1, 0xbf, 0x1b, 0xf1, 0xbf, 0x1b, 0xf1, 0xbf,
    0x1b, 0xf1,

    /* U+004A "J" */
    0x0, 0x0, 0x0, 0xde, 0x0, 0x0, 0x0, 0xde,
    0x0, 0x0, 0x0, 0xde, 0x0, 0x0, 0x0, 0xde,
    0x0, 0x0, 0x0, 0xde, 0x0, 0x0, 0x0, 0xde,
    0x0, 0x0, 0x0, 0xde, 0x14, 0x20, 0x0, 0xde,
    0x4f, 0x80, 0x0, 0xee, 0x1f, 0xb0, 0x2, 0xfb,
    0xb, 0xfb, 0x9e, 0xf4, 0x0, 0x8e, 0xfc, 0x50,

    /* U+004B "K" */
    0xbf, 0x10, 0x0, 0x3f, 0xe2, 0xbf, 0x10, 0x2,
    0xef, 0x30, 0xbf, 0x10, 0x1d, 0xf5, 0x0, 0xbf,
    0x10, 0xcf, 0x70, 0x0, 0xbf, 0x1a, 0xf8, 0x0,
    0x0, 0xbf, 0x7f, 0xf3, 0x0, 0x0, 0xbf, 0xfb,
    0xfd, 0x0, 0x0, 0xbf, 0xb0, 0x9f, 0x80, 0x0,
    0xbf, 0x10, 0xd, 0xf3, 0x0, 0xbf, 0x10, 0x3,
    0xfd, 0x0, 0xbf, 0x10, 0x0, 0x8f, 0x80, 0xbf,
    0x10, 0x0, 0xd, 0xf3,

    /* U+004C "L" */
    0xbf, 0x10, 0x0, 0x0, 0xbf, 0x10, 0x0, 0x0,
    0xbf, 0x10, 0x0, 0x0, 0xbf, 0x10, 0x0, 0x0,
    0xbf, 0x10, 0x0, 0x0, 0xbf, 0x10, 0x0, 0x0,
    0xbf, 0x10, 0x0, 0x0, 0xbf, 0x10, 0x0, 0x0,
    0xbf, 0x10, 0x0, 0x0, 0xbf, 0x10, 0x0, 0x0,
    0xbf, 0x99, 0x99, 0x93, 0xbf, 0xff, 0xff, 0xf5,

    /* U+004D "M" */
    0xbf, 0xf1, 0x0, 0x0, 0x7, 0xff, 0x5b, 0xff,
    0x70, 0x0, 0x0, 0xdf, 0xf5, 0xbf, 0xdd, 0x0,
    0x0, 0x3f, 0xcf, 0x5b, 0xf8, 0xf3, 0x0, 0x9,
    0xf8, 0xf5, 0xbf, 0x3f, 0x90, 0x0, 0xec, 0x7f,
    0x5b, 0xf0, 0xee, 0x0, 0x4f, 0x77, 0xf5, 0xbf,
    0x8, 0xf4, 0xa, 0xf1, 0x7f, 0x5b, 0xf0, 0x2f,
    0xa0, 0xfb, 0x7, 0xf5, 0xbf, 0x0, 0xce, 0x4f,
    0x50, 0x7f, 0x5b, 0xf0, 0x6, 0xfc, 0xf0, 0x7,
    0xf5, 0xbf, 0x0, 0xf, 0xf9, 0x0, 0x7f, 0x5b,
    0xf0, 0x0, 0xaf, 0x30, 0x7, 0xf5,

    /* U+004E "N" */
    0xbf, 0xa0, 0x0, 0x0, 0xfd, 0xbf, 0xf4, 0x0,
    0x0, 0xfd, 0xbf, 0xdd, 0x0, 0x0, 0xfd, 0xbf,
    0x6f, 0x70, 0x0, 0xfd, 0xbf, 0x1d, 0xf2, 0x0,
    0xfd, 0xbf, 0x13, 0xfb, 0x0, 0xfd, 0xbf, 0x10,
    0xaf, 0x50, 0xfd, 0xbf, 0x10, 0x1e, 0xe0, 0xfd,
    0xbf, 0x10, 0x6, 0xf7, 0xfd, 0xbf, 0x10, 0x0,
    0xce, 0xed, 0xbf, 0x10, 0x0, 0x3f, 0xfd, 0xbf,
    0x10, 0x0, 0x8, 0xfd,

    /* U+004F "O" */
    0x0, 0x4, 0xbe, 0xfc, 0x60, 0x0, 0x0, 0x7f,
    0xfb, 0xbe, 0xfb, 0x0, 0x3, 0xfd, 0x20, 0x0,
    0xaf, 0x70, 0xa, 0xf3, 0x0, 0x0, 0xe, 0xe0,
    0xf, 0xd0, 0x0, 0x0, 0x9, 0xf3, 0x1f, 0xb0,
    0x0, 0x0, 0x6, 0xf5, 0x1f, 0xb0, 0x0, 0x0,
    0x6, 0xf5, 0xf, 0xd0, 0x0, 0x0, 0x9, 0xf3,
    0xa, 0xf3, 0x0, 0x0, 0xe, 0xe0, 0x3, 0xfd,
    0x20, 0x0, 0xaf, 0x80, 0x0, 0x7f, 0xfb, 0xbe,
    0xfb, 0x0, 0x0, 0x4, 0xbe, 0xfc, 0x60, 0x0,

    /* U+0050 "P" */
    0xbf, 0xff, 0xfd, 0x80, 0xb, 0xf9, 0x89, 0xdf,
    0xb0, 0xbf, 0x10, 0x0, 0xcf, 0x3b, 0xf1, 0x0,
    0x6, 0xf7, 0xbf, 0x10, 0x0, 0x6f, 0x7b, 0xf1,
    0x0, 0xb, 0xf3, 0xbf, 0x98, 0x9d, 0xfb, 0xb,
    0xff, 0xff, 0xe8, 0x0, 0xbf, 0x10, 0x0, 0x0,
    0xb, 0xf1, 0x0, 0x0, 0x0, 0xbf, 0x10, 0x0,
    0x0, 0xb, 0xf1, 0x0, 0x0, 0x0,

    /* U+0051 "Q" */
    0x0, 0x4, 0xbe, 0xfc, 0x60, 0x0, 0x0, 0x7f,
    0xfb, 0xbe, 0xfb, 0x0, 0x3, 0xfd, 0x20, 0x0,
    0xaf, 0x80, 0xa, 0xf3, 0x0, 0x0, 0xe, 0xe0,
    0xf, 0xd0, 0x0, 0x0, 0x9, 0xf3, 0x1f, 0xb0,
    0x0, 0x0, 0x6, 0xf5, 0x1f, 0xb0, 0x0, 0x0,
    0x6, 0xf5, 0xf, 0xd0, 0x0, 0x0, 0x9, 0xf3,
    0xa, 0xf3, 0x1, 0xe9, 0xe, 0xf0, 0x3, 0xfd,
    0x20, 0x5f, 0xdf, 0x80, 0x0, 0x7f, 0xfb, 0xbf,
    0xfb, 0x0, 0x0, 0x4, 0xbe, 0xfc, 0xdd, 0x0,
    0x0, 0x0, 0x0, 0x0, 0x2f, 0xa0,

    /* U+0052 "R" */
    0xbf, 0xff, 0xfe, 0x80, 0xb, 0xf9, 0x89, 0xcf,
    0xc0, 0xbf, 0x10, 0x0, 0xbf, 0x4b, 0xf1, 0x0,
    0x5, 0xf7, 0xbf, 0x10, 0x0, 0x6f, 0x6b, 0xf1,
    0x0, 0x3e, 0xf2, 0xbf, 0xff, 0xff, 0xf7, 0xb,
    0xf9, 0x9b, 0xf9, 0x0, 0xbf, 0x10, 0xe, 0xf1,
    0xb, 0xf1, 0x0, 0x6f, 0x90, 0xbf, 0x10, 0x0,
    0xdf, 0x2b, 0xf1, 0x0, 0x5, 0xfa,

    /* U+0053 "S" */
    0x0, 0x3a, 0xef, 0xd7, 0x0, 0x3, 0xff, 0xa9,
    0xdf, 0xb0, 0xb, 0xf3, 0x0, 0xb, 0xf3, 0xc,
    0xf0, 0x0, 0x1, 0x31, 0x8, 0xfb, 0x20, 0x0,
    0x0, 0x0, 0xaf, 0xfd, 0x92, 0x0, 0x0, 0x2,
    0x7c, 0xff, 0x80, 0x0, 0x0, 0x0, 0x2c, 0xf4,
    0x17, 0x50, 0x0, 0x4, 0xf7, 0xf, 0xe1, 0x0,
    0xa, 0xf5, 0x7, 0xff, 0xaa, 0xdf, 0xc0, 0x0,
    0x4b, 0xef, 0xd8, 0x0,

    /* U+0054 "T" */
    0x4f, 0xff, 0xff, 0xff, 0xfc, 0x29, 0x99, 0xdf,
    0x99, 0x96, 0x0, 0x0, 0xaf, 0x20, 0x0, 0x0,
    0x0, 0xaf, 0x20, 0x0, 0x0, 0x0, 0xaf, 0x20,
    0x0, 0x0, 0x0, 0xaf, 0x20, 0x0, 0x0, 0x0,
    0xaf, 0x20, 0x0, 0x0, 0x0, 0xaf, 0x20, 0x0,
    0x0, 0x0, 0xaf, 0x20, 0x0, 0x0, 0x0, 0xaf,
    0x20, 0x0, 0x0, 0x0, 0xaf, 0x20, 0x0, 0x0,
    0x0, 0xaf, 0x20, 0x0,

    /* U+0055 "U" */
    0xbf, 0x10, 0x0, 0x3, 0xf9, 0xbf, 0x10, 0x0,
    0x3, 0xf9, 0xbf, 0x10, 0x0, 0x3, 0xf9, 0xbf,
    0x10, 0x0, 0x3, 0xf9, 0xbf, 0x10, 0x0, 0x3,
    0xf9, 0xbf, 0x10, 0x0, 0x3, 0xf9, 0xbf, 0x10,
    0x0, 0x3, 0xf9, 0xbf, 0x10, 0x0, 0x3, 0xf8,
    0x9f, 0x40, 0x0, 0x6, 0xf7, 0x5f, 0xc1, 0x0,
    0x2e, 0xf2, 0xa, 0xff, 0xbb, 0xff, 0x80, 0x0,
    0x6c, 0xff, 0xc5, 0x0,

    /* U+0056 "V" */
    0x6f, 0x70, 0x0, 0x0, 0x2f, 0xc1, 0xfd, 0x0,
    0x0, 0x7, 0xf6, 0xb, 0xf2, 0x0, 0x0, 0xcf,
    0x10, 0x5f, 0x80, 0x0, 0x2f, 0xb0, 0x0, 0xfd,
    0x0, 0x7, 0xf6, 0x0, 0xa, 0xf3, 0x0, 0xcf,
    0x10, 0x0, 0x5f, 0x80, 0x2f, 0xb0, 0x0, 0x0,
    0xfd, 0x6, 0xf5, 0x0, 0x0, 0x9, 0xf2, 0xbf,
    0x0, 0x0, 0x0, 0x4f, 0x7f, 0xa0, 0x0, 0x0,
    0x0, 0xee, 0xf5, 0x0, 0x0, 0x0, 0x9, 0xff,
    0x0, 0x0,

    /* U+0057 "W" */
    0x7f, 0x60, 0x0, 0x1f, 0xf2, 0x0, 0x5, 0xf8,
    0x3f, 0xa0, 0x0, 0x5f, 0xf6, 0x0, 0x9, 0xf4,
    0xe, 0xe0, 0x0, 0x9f, 0xea, 0x0, 0xd, 0xf0,
    0xa, 0xf2, 0x0, 0xdc, 0xbe, 0x0, 0x1f, 0xb0,
    0x6, 0xf6, 0x1, 0xf8, 0x8f, 0x20, 0x5f, 0x70,
    0x2, 0xf9, 0x5, 0xf4, 0x4f, 0x60, 0x9f, 0x30,
    0x0, 0xed, 0x9, 0xf1, 0xf, 0xa0, 0xde, 0x0,
    0x0, 0x9f, 0x1d, 0xc0, 0xb, 0xd1, 0xfa, 0x0,
    0x0, 0x5f, 0x5f, 0x80, 0x7, 0xf5, 0xf6, 0x0,
    0x0, 0x1f, 0xbf, 0x40, 0x3, 0xfb, 0xf2, 0x0,
    0x0, 0xd, 0xff, 0x0, 0x0, 0xff, 0xe0, 0x0,
    0x0, 0x9, 0xfc, 0x0, 0x0, 0xbf, 0x90, 0x0,

    /* U+0058 "X" */
    0xe, 0xf2, 0x0, 0x0, 0xcf, 0x30, 0x4f, 0xc0,
    0x0, 0x7f, 0x80, 0x0, 0x9f, 0x60, 0x2f, 0xd0,
    0x0, 0x0, 0xef, 0x1c, 0xf3, 0x0, 0x0, 0x4,
    0xfc, 0xf8, 0x0, 0x0, 0x0, 0xa, 0xfd, 0x0,
    0x0, 0x0, 0x0, 0xcf, 0xf2, 0x0, 0x0, 0x0,
    0x8f, 0x9f, 0xc0, 0x0, 0x0, 0x3f, 0xc0, 0x9f,
    0x70, 0x0, 0xd, 0xf2, 0x0, 0xef, 0x20, 0x8,
    0xf7, 0x0, 0x4, 0xfc, 0x3, 0xfc, 0x0, 0x0,
    0xa, 0xf7,

    /* U+0059 "Y" */
    0x4f, 0xc0, 0x0, 0x0, 0x9f, 0x70, 0xbf, 0x50,
    0x0, 0x2f, 0xd0, 0x2, 0xfe, 0x0, 0xb, 0xf4,
    0x0, 0x8, 0xf7, 0x4, 0xfa, 0x0, 0x0, 0xe,
    0xf1, 0xdf, 0x10, 0x0, 0x0, 0x5f, 0xcf, 0x70,
    0x0, 0x0, 0x0, 0xbf, 0xd0, 0x0, 0x0, 0x0,
    0x5, 0xf7, 0x0, 0x0, 0x0, 0x0, 0x5f, 0x70,
    0x0, 0x0, 0x0, 0x5, 0xf7, 0x0, 0x0, 0x0,
    0x0, 0x5f, 0x70, 0x0, 0x0, 0x0, 0x5, 0xf7,
    0x0, 0x0,

    /* U+005A "Z" */
    0x1f, 0xff, 0xff, 0xff, 0xf4, 0x8, 0x88, 0x88,
    0x8f, 0xf1, 0x0, 0x0, 0x0, 0x7f, 0x60, 0x0,
    0x0, 0x3, 0xfc, 0x0, 0x0, 0x0, 0xd, 0xf2,
    0x0, 0x0, 0x0, 0x8f, 0x70, 0x0, 0x0, 0x3,
    0xfc, 0x0, 0x0, 0x0, 0xc, 0xf2, 0x0, 0x0,
    0x0, 0x7f, 0x70, 0x0, 0x0, 0x2, 0xfb, 0x0,
    0x0, 0x0, 0xc, 0xfa, 0x88, 0x88, 0x82, 0xf,
    0xff, 0xff, 0xff, 0xf5,

    /* U+005B "[" */
    0x1, 0x11, 0x5f, 0xff, 0x5f, 0x84, 0x5f, 0x40,
    0x5f, 0x40, 0x5f, 0x40, 0x5f, 0x40, 0x5f, 0x40,
    0x5f, 0x40, 0x5f, 0x40, 0x5f, 0x40, 0x5f, 0x40,
    0x5f, 0x40, 0x5f, 0x62, 0x5f, 0xff, 0x14, 0x44,

    /* U+005C "\\" */
    0x8f, 0x0, 0x0, 0x4f, 0x40, 0x0, 0xf, 0x80,
    0x0, 0xc, 0xc0, 0x0, 0x7, 0xf1, 0x0, 0x3,
    0xf5, 0x0, 0x0, 0xe9, 0x0, 0x0, 0xad, 0x0,
    0x0, 0x6f, 0x20, 0x0, 0x2f, 0x60, 0x0, 0xe,
    0xa0, 0x0, 0x9, 0xe0, 0x0, 0x5, 0xf3, 0x0,
    0x1, 0xf7,

    /* U+005D "]" */
    0x1, 0x11, 0x1, 0xff, 0xf4, 0x4, 0x9f, 0x40,
    0x6, 0xf4, 0x0, 0x6f, 0x40, 0x6, 0xf4, 0x0,
    0x6f, 0x40, 0x6, 0xf4, 0x0, 0x6f, 0x40, 0x6,
    0xf4, 0x0, 0x6f, 0x40, 0x6, 0xf4, 0x0, 0x6f,
    0x40, 0x27, 0xf4, 0x1f, 0xff, 0x40, 0x44, 0x41,

    /* U+005E "^" */
    0x0, 0x4f, 0xd0, 0x0, 0x0, 0xbc, 0xf5, 0x0,
    0x3, 0xf4, 0xad, 0x0, 0xa, 0xc0, 0x2f, 0x40,
    0x2f, 0x50, 0xb, 0xc0,

    /* U+005F "_" */
    0x88, 0x88, 0x88, 0x83, 0xff, 0xff, 0xff, 0xf6,

    /* U+0060 "`" */
    0x45, 0x0, 0x3f, 0x50, 0x9, 0xd0,

    /* U+0061 "a" */
    0x0, 0x8d, 0xfd, 0x70, 0xb, 0xfa, 0x7b, 0xf8,
    0x5, 0x60, 0x0, 0xdd, 0x0, 0x2, 0x47, 0xfe,
    0x6, 0xef, 0xfc, 0xef, 0x2f, 0xc3, 0x0, 0xcf,
    0x4f, 0x60, 0x1, 0xff, 0x1f, 0xe7, 0x7d, 0xef,
    0x4, 0xdf, 0xd5, 0xbf,

    /* U+0062 "b" */
    0xde, 0x0, 0x0, 0x0, 0xd, 0xe0, 0x0, 0x0,
    0x0, 0xde, 0x0, 0x0, 0x0, 0xd, 0xe3, 0xdf,
    0xd5, 0x0, 0xde, 0xe9, 0x8e, 0xf4, 0xd, 0xf5,
    0x0, 0x2f, 0xc0, 0xdf, 0x0, 0x0, 0xbf, 0xd,
    0xd0, 0x0, 0xa, 0xf1, 0xdf, 0x0, 0x0, 0xbf,
    0xd, 0xf6, 0x0, 0x2f, 0xc0, 0xde, 0xe9, 0x8e,
    0xf4, 0xd, 0xd3, 0xdf, 0xd5, 0x0,

    /* U+0063 "c" */
    0x0, 0x4c, 0xfe, 0xa1, 0x0, 0x4f, 0xe8, 0x9f,
    0xd0, 0xd, 0xf1, 0x0, 0x6d, 0x32, 0xfa, 0x0,
    0x0, 0x0, 0x3f, 0x80, 0x0, 0x0, 0x2, 0xfa,
    0x0, 0x0, 0x0, 0xd, 0xe1, 0x0, 0x5e, 0x40,
    0x5f, 0xe8, 0x9f, 0xd0, 0x0, 0x4c, 0xfe, 0xa1,
    0x0,

    /* U+0064 "d" */
    0x0, 0x0, 0x0, 0xf, 0xb0, 0x0, 0x0, 0x0,
    0xfb, 0x0, 0x0, 0x0, 0xf, 0xb0, 0x6, 0xdf,
    0xc2, 0xfb, 0x6, 0xfe, 0x8a, 0xdf, 0xb0, 0xee,
    0x10, 0x7, 0xfb, 0x2f, 0xa0, 0x0, 0x1f, 0xb3,
    0xf8, 0x0, 0x0, 0xfb, 0x2f, 0xa0, 0x0, 0x1f,
    0xb0, 0xef, 0x10, 0x8, 0xfb, 0x6, 0xfe, 0x8a,
    0xdf, 0xb0, 0x6, 0xdf, 0xc2, 0xfb,

    /* U+0065 "e" */
    0x0, 0x4c, 0xfe, 0x90, 0x0, 0x4f, 0xd8, 0xaf,
    0xc0, 0xd, 0xe1, 0x0, 0x7f, 0x42, 0xf9, 0x11,
    0x12, 0xf9, 0x3f, 0xff, 0xff, 0xff, 0xa2, 0xfa,
    0x44, 0x44, 0x42, 0xd, 0xd0, 0x0, 0x26, 0x20,
    0x4f, 0xd8, 0x8e, 0xf2, 0x0, 0x4c, 0xfe, 0xb3,
    0x0,

    /* U+0066 "f" */
    0x0, 0x4d, 0xfa, 0x1, 0xfe, 0x95, 0x2, 0xf8,
    0x0, 0xdf, 0xff, 0xf7, 0x58, 0xfb, 0x63, 0x3,
    0xf8, 0x0, 0x3, 0xf8, 0x0, 0x3, 0xf8, 0x0,
    0x3, 0xf8, 0x0, 0x3, 0xf8, 0x0, 0x3, 0xf8,
    0x0, 0x3, 0xf8, 0x0,

    /* U+0067 "g" */
    0x0, 0x5d, 0xfc, 0x2e, 0xc0, 0x5f, 0xe8, 0xad,
    0xfc, 0xe, 0xf1, 0x0, 0x7f, 0xc2, 0xfa, 0x0,
    0x1, 0xfc, 0x3f, 0x80, 0x0, 0xf, 0xc2, 0xfa,
    0x0, 0x0, 0xfc, 0xe, 0xe1, 0x0, 0x6f, 0xc0,
    0x7f, 0xd8, 0x9d, 0xfc, 0x0, 0x6d, 0xfc, 0x2f,
    0xc0, 0x2, 0x0, 0x1, 0xfa, 0x9, 0xfa, 0x77,
    0xdf, 0x40, 0x8, 0xdf, 0xfb, 0x40,

    /* U+0068 "h" */
    0xdd, 0x0, 0x0, 0x0, 0xdd, 0x0, 0x0, 0x0,
    0xdd, 0x0, 0x0, 0x0, 0xdd, 0x3c, 0xfc, 0x30,
    0xde, 0xe9, 0xaf, 0xf1, 0xdf, 0x30, 0x8, 0xf5,
    0xde, 0x0, 0x4, 0xf7, 0xde, 0x0, 0x4, 0xf7,
    0xde, 0x0, 0x4, 0xf7, 0xde, 0x0, 0x4, 0xf7,
    0xde, 0x0, 0x4, 0xf7, 0xde, 0x0, 0x4, 0xf7,

    /* U+0069 "i" */
    0xc, 0xd0, 0xd, 0xe0, 0x0, 0x0, 0xd, 0xe0,
    0xd, 0xe0, 0xd, 0xe0, 0xd, 0xe0, 0xd, 0xe0,
    0xd, 0xe0, 0xd, 0xe0, 0xd, 0xe0, 0xd, 0xe0,

    /* U+006A "j" */
    0x0, 0xcd, 0x0, 0xd, 0xe0, 0x0, 0x0, 0x0,
    0xd, 0xe0, 0x0, 0xde, 0x0, 0xd, 0xe0, 0x0,
    0xde, 0x0, 0xd, 0xe0, 0x0, 0xde, 0x0, 0xd,
    0xe0, 0x0, 0xde, 0x0, 0xd, 0xe0, 0x0, 0xed,
    0x2, 0xaf, 0xa0, 0x4f, 0xb1, 0x0,

    /* U+006B "k" */
    0xde, 0x0, 0x0, 0x0, 0xde, 0x0, 0x0, 0x0,
    0xde, 0x0, 0x0, 0x0, 0xde, 0x0, 0x1d, 0xe2,
    0xde, 0x0, 0xdf, 0x30, 0xde, 0xc, 0xf4, 0x0,
    0xde, 0xaf, 0x60, 0x0, 0xdf, 0xff, 0x70, 0x0,
    0xdf, 0x4d, 0xf3, 0x0, 0xde, 0x3, 0xfe, 0x10,
    0xde, 0x0, 0x7f, 0xa0, 0xde, 0x0, 0xb, 0xf6,

    /* U+006C "l" */
    0xde, 0xde, 0xde, 0xde, 0xde, 0xde, 0xde, 0xde,
    0xde, 0xde, 0xde, 0xde,

    /* U+006D "m" */
    0xdc, 0x4d, 0xf9, 0x6, 0xdf, 0xb1, 0xd, 0xec,
    0x7a, 0xfb, 0xd7, 0xaf, 0xb0, 0xdf, 0x10, 0xd,
    0xf1, 0x0, 0xcf, 0xd, 0xe0, 0x0, 0xbf, 0x0,
    0xa, 0xf0, 0xde, 0x0, 0xb, 0xf0, 0x0, 0xaf,
    0x1d, 0xe0, 0x0, 0xbf, 0x0, 0xa, 0xf1, 0xde,
    0x0, 0xb, 0xf0, 0x0, 0xaf, 0x1d, 0xe0, 0x0,
    0xbf, 0x0, 0xa, 0xf1, 0xde, 0x0, 0xb, 0xf0,
    0x0, 0xaf, 0x10,

    /* U+006E "n" */
    0xdc, 0x4d, 0xfc, 0x30, 0xde, 0xd7, 0x8f, 0xf1,
    0xdf, 0x20, 0x7, 0xf5, 0xde, 0x0, 0x4, 0xf7,
    0xde, 0x0, 0x4, 0xf7, 0xde, 0x0, 0x4, 0xf7,
    0xde, 0x0, 0x4, 0xf7, 0xde, 0x0, 0x4, 0xf7,
    0xde, 0x0, 0x4, 0xf7,

    /* U+006F "o" */
    0x0, 0x4c, 0xfe, 0xa1, 0x0, 0x4f, 0xe8, 0x9f,
    0xe1, 0xd, 0xf1, 0x0, 0x5f, 0x82, 0xfa, 0x0,
    0x0, 0xfc, 0x3f, 0x80, 0x0, 0xd, 0xe2, 0xfa,
    0x0, 0x0, 0xfd, 0xd, 0xe1, 0x0, 0x5f, 0x80,
    0x4f, 0xe8, 0x9f, 0xe1, 0x0, 0x4c, 0xfe, 0xa1,
    0x0,

    /* U+0070 "p" */
    0xdd, 0x3d, 0xfd, 0x50, 0xd, 0xee, 0x87, 0xdf,
    0x40, 0xdf, 0x40, 0x1, 0xfc, 0xd, 0xf0, 0x0,
    0xb, 0xf0, 0xdd, 0x0, 0x0, 0xaf, 0x1d, 0xf0,
    0x0, 0xb, 0xf0, 0xdf, 0x60, 0x2, 0xfc, 0xd,
    0xee, 0xa8, 0xef, 0x40, 0xde, 0x3d, 0xfd, 0x50,
    0xd, 0xe0, 0x0, 0x0, 0x0, 0xde, 0x0, 0x0,
    0x0, 0xd, 0xe0, 0x0, 0x0, 0x0,

    /* U+0071 "q" */
    0x0, 0x6d, 0xfc, 0x2f, 0xb0, 0x6f, 0xe8, 0xad,
    0xfb, 0xe, 0xe1, 0x0, 0x7f, 0xb2, 0xfa, 0x0,
    0x1, 0xfb, 0x3f, 0x80, 0x0, 0xf, 0xb2, 0xfa,
    0x0, 0x1, 0xfb, 0xe, 0xf1, 0x0, 0x8f, 0xb0,
    0x6f, 0xe8, 0xad, 0xfb, 0x0, 0x6d, 0xfc, 0x2f,
    0xb0, 0x0, 0x0, 0x0, 0xfb, 0x0, 0x0, 0x0,
    0xf, 0xb0, 0x0, 0x0, 0x0, 0xfb,

    /* U+0072 "r" */
    0xdd, 0x5e, 0xdd, 0xee, 0x97, 0xdf, 0x30, 0xd,
    0xe0, 0x0, 0xde, 0x0, 0xd, 0xe0, 0x0, 0xde,
    0x0, 0xd, 0xe0, 0x0, 0xde, 0x0, 0x0,

    /* U+0073 "s" */
    0x0, 0x9e, 0xfd, 0x60, 0xa, 0xf9, 0x6b, 0xf5,
    0xf, 0xc0, 0x0, 0x72, 0xb, 0xf9, 0x40, 0x0,
    0x1, 0xaf, 0xff, 0xa1, 0x0, 0x0, 0x39, 0xfb,
    0x18, 0x60, 0x0, 0xfd, 0xd, 0xf9, 0x7b, 0xf8,
    0x1, 0xae, 0xfd, 0x70,

    /* U+0074 "t" */
    0x9, 0xf2, 0x0, 0x9, 0xf2, 0x0, 0xdf, 0xff,
    0xe0, 0x5b, 0xf8, 0x60, 0x9, 0xf2, 0x0, 0x9,
    0xf2, 0x0, 0x9, 0xf2, 0x0, 0x9, 0xf2, 0x0,
    0x8, 0xf2, 0x0, 0x6, 0xfb, 0x70, 0x0, 0x9e,
    0xe0,

    /* U+0075 "u" */
    0xde, 0x0, 0x4, 0xf7, 0xde, 0x0, 0x4, 0xf7,
    0xde, 0x0, 0x4, 0xf7, 0xde, 0x0, 0x4, 0xf7,
    0xde, 0x0, 0x4, 0xf7, 0xde, 0x0, 0x4, 0xf7,
    0xbf, 0x20, 0x9, 0xf7, 0x6f, 0xe9, 0xbc, 0xf7,
    0x8, 0xef, 0xa3, 0xf7,

    /* U+0076 "v" */
    0x7f, 0x60, 0x0, 0x3f, 0xa1, 0xfb, 0x0, 0x8,
    0xf4, 0xb, 0xf1, 0x0, 0xde, 0x0, 0x5f, 0x60,
    0x3f, 0x80, 0x0, 0xfb, 0x8, 0xf2, 0x0, 0xa,
    0xf1, 0xdd, 0x0, 0x0, 0x4f, 0x7f, 0x70, 0x0,
    0x0, 0xef, 0xf1, 0x0, 0x0, 0x8, 0xfb, 0x0,
    0x0,

    /* U+0077 "w" */
    0x6f, 0x60, 0x5, 0xfa, 0x0, 0x2f, 0xa1, 0xfa,
    0x0, 0x9f, 0xe0, 0x6, 0xf6, 0xd, 0xe0, 0xd,
    0xcf, 0x20, 0xaf, 0x10, 0x8f, 0x21, 0xf5, 0xf6,
    0xe, 0xc0, 0x3, 0xf6, 0x5f, 0xc, 0xa2, 0xf8,
    0x0, 0xe, 0xa9, 0xc0, 0x8e, 0x6f, 0x30, 0x0,
    0xad, 0xd7, 0x3, 0xfb, 0xe0, 0x0, 0x5, 0xff,
    0x30, 0xe, 0xfa, 0x0, 0x0, 0x1f, 0xe0, 0x0,
    0xaf, 0x50, 0x0,

    /* U+0078 "x" */
    0x1f, 0xd0, 0x0, 0xde, 0x10, 0x6f, 0x70, 0x7f,
    0x60, 0x0, 0xcf, 0x2f, 0xb0, 0x0, 0x2, 0xfe,
    0xf2, 0x0, 0x0, 0xb, 0xfa, 0x0, 0x0, 0x4,
    0xfc, 0xf3, 0x0, 0x0, 0xed, 0x1e, 0xd0, 0x0,
    0x9f, 0x40, 0x5f, 0x70, 0x3f, 0xa0, 0x0, 0xcf,
    0x20,

    /* U+0079 "y" */
    0x7f, 0x60, 0x0, 0x2f, 0xa1, 0xfb, 0x0, 0x8,
    0xf4, 0xb, 0xf1, 0x0, 0xee, 0x0, 0x4f, 0x70,
    0x3f, 0x70, 0x0, 0xec, 0x9, 0xf1, 0x0, 0x8,
    0xf2, 0xeb, 0x0, 0x0, 0x2f, 0xaf, 0x50, 0x0,
    0x0, 0xcf, 0xe0, 0x0, 0x0, 0x6, 0xf9, 0x0,
    0x0, 0x0, 0x9f, 0x30, 0x0, 0x5, 0x8f, 0xb0,
    0x0, 0x0, 0xcf, 0xb1, 0x0, 0x0,

    /* U+007A "z" */
    0xe, 0xff, 0xff, 0xfd, 0x7, 0x99, 0x9c, 0xfa,
    0x0, 0x0, 0x1e, 0xd0, 0x0, 0x0, 0xcf, 0x30,
    0x0, 0x8, 0xf7, 0x0, 0x0, 0x4f, 0xb0, 0x0,
    0x1, 0xee, 0x10, 0x0, 0xc, 0xfc, 0x99, 0x98,
    0xf, 0xff, 0xff, 0xff,

    /* U+007B "{" */
    0x0, 0x3b, 0xe2, 0x0, 0xee, 0x70, 0x2, 0xf8,
    0x0, 0x2, 0xf6, 0x0, 0x2, 0xf6, 0x0, 0x5,
    0xf5, 0x0, 0xaf, 0xc0, 0x0, 0xee, 0x70, 0x0,
    0x8, 0xf4, 0x0, 0x3, 0xf6, 0x0, 0x2, 0xf6,
    0x0, 0x2, 0xf7, 0x0, 0x0, 0xfd, 0x30, 0x0,
    0x6f, 0xf2, 0x0, 0x0, 0x30,

    /* U+007C "|" */
    0x8, 0x40, 0xf8, 0xf, 0x80, 0xf8, 0xf, 0x80,
    0xf8, 0xf, 0x80, 0xf8, 0xf, 0x80, 0xf8, 0xf,
    0x80, 0xf8, 0xf, 0x80, 0xf8, 0xf, 0x80, 0xf8,
    0xf, 0x80, 0xf8, 0xf, 0x80, 0xf8,

    /* U+007D "}" */
    0x1e, 0xb3, 0x0, 0x7, 0xee, 0x0, 0x0, 0x7f,
    0x20, 0x0, 0x5f, 0x30, 0x0, 0x5f, 0x30, 0x0,
    0x4f, 0x60, 0x0, 0xb, 0xfb, 0x0, 0x6, 0xef,
    0x0, 0x3f, 0x90, 0x0, 0x5f, 0x30, 0x0, 0x5f,
    0x30, 0x0, 0x6f, 0x30, 0x2, 0xcf, 0x10, 0x1f,
    0xf7, 0x0, 0x3, 0x10, 0x0,

    /* U+007E "~" */
    0xb, 0xfc, 0x40, 0x1b, 0x48, 0xf8, 0xcf, 0xac,
    0xf3, 0x78, 0x0, 0x7e, 0xe7, 0x0,

    /* U+00A0 " " */

    /* U+00A1 "¡" */
    0x6f, 0x59, 0xf8, 0x4, 0x0, 0x10, 0x6f, 0x46,
    0xf4, 0x6f, 0x57, 0xf5, 0x7f, 0x57, 0xf5, 0x7f,
    0x58, 0xf6,

    /* U+00A2 "¢" */
    0x0, 0x0, 0xb3, 0x0, 0x0, 0x0, 0x6d, 0xa4,
    0x0, 0x1, 0xdf, 0xff, 0xf9, 0x0, 0xaf, 0x6b,
    0x4a, 0xf4, 0xf, 0xc0, 0xb3, 0x14, 0x3, 0xf8,
    0xb, 0x30, 0x0, 0x3f, 0x80, 0xb3, 0x0, 0x1,
    0xfc, 0xb, 0x31, 0x51, 0xa, 0xf6, 0xb4, 0xaf,
    0x40, 0x1d, 0xff, 0xff, 0x90, 0x0, 0x6, 0xea,
    0x40, 0x0, 0x0, 0xb, 0x30, 0x0,

    /* U+00A3 "£" */
    0x0, 0x7, 0xdf, 0xd7, 0x0, 0x0, 0x8f, 0xd9,
    0xcf, 0x80, 0x0, 0xfd, 0x0, 0xc, 0xd0, 0x1,
    0xfa, 0x0, 0x0, 0x0, 0x1, 0xfa, 0x11, 0x10,
    0x0, 0x2f, 0xff, 0xff, 0xf3, 0x0, 0x4, 0xfc,
    0x44, 0x40, 0x0, 0x0, 0xeb, 0x0, 0x0, 0x0,
    0x0, 0xec, 0x0, 0x0, 0x0, 0x0, 0xf8, 0x0,
    0x4, 0xa1, 0x1c, 0xf9, 0x99, 0x9d, 0xf0, 0x2f,
    0xff, 0xff, 0xfe, 0x60,

    /* U+00A4 "¤" */
    0x0, 0x0, 0x0, 0x0, 0x1, 0x0, 0xba, 0x5d,
    0xff, 0xb4, 0xd8, 0x5, 0xff, 0x95, 0x5c, 0xfe,
    0x30, 0x2f, 0x60, 0x0, 0xa, 0xe0, 0x9, 0xd0,
    0x0, 0x0, 0x1f, 0x50, 0xb9, 0x0, 0x0, 0x0,
    0xd8, 0xb, 0x90, 0x0, 0x0, 0xd, 0x80, 0x8d,
    0x0, 0x0, 0x2, 0xf5, 0x2, 0xf7, 0x0, 0x0,
    0xbe, 0x0, 0x9f, 0xfb, 0x67, 0xdf, 0xf6, 0x8,
    0x64, 0xcf, 0xea, 0x29, 0x50,

    /* U+00A5 "¥" */
    0x8f, 0x50, 0x0, 0x6f, 0x71, 0xfc, 0x0, 0xd,
    0xe0, 0x9, 0xf3, 0x4, 0xf8, 0x0, 0x2f, 0x90,
    0xbf, 0x10, 0x0, 0xaf, 0x3f, 0x90, 0x0, 0x3,
    0xfe, 0xf2, 0x0, 0xf, 0xff, 0xff, 0xfc, 0x0,
    0x23, 0x8f, 0x73, 0x20, 0xf, 0xff, 0xff, 0xfc,
    0x0, 0x23, 0x8f, 0x73, 0x20, 0x0, 0x7, 0xf5,
    0x0, 0x0, 0x0, 0x7f, 0x50, 0x0,

    /* U+00A6 "¦" */
    0x7f, 0x27, 0xf2, 0x7f, 0x27, 0xf2, 0x7f, 0x22,
    0x60, 0x0, 0x0, 0x0, 0x37, 0x17, 0xf2, 0x7f,
    0x27, 0xf2, 0x7f, 0x27, 0xf2,

    /* U+00A7 "§" */
    0x0, 0x5d, 0xfd, 0x50, 0x0, 0x2f, 0xc7, 0xbf,
    0x30, 0x6, 0xf3, 0x0, 0xb5, 0x0, 0x3f, 0x90,
    0x0, 0x0, 0x0, 0xaf, 0xd4, 0x0, 0x0, 0xbc,
    0x5c, 0xfb, 0x10, 0x1f, 0x50, 0x5, 0xed, 0x0,
    0xec, 0x10, 0x5, 0xf2, 0x3, 0xee, 0x60, 0x7e,
    0x0, 0x1, 0x9f, 0xfc, 0x20, 0x0, 0x0, 0x2c,
    0xf3, 0x0, 0x36, 0x0, 0x1f, 0x80, 0x8, 0xf6,
    0x27, 0xf6, 0x0, 0xc, 0xff, 0xfb, 0x0, 0x0,
    0x2, 0x42, 0x0, 0x0,

    /* U+00A8 "¨" */
    0x0, 0x0, 0x0, 0xae, 0x5, 0xf4, 0xad, 0x4,
    0xf4,

    /* U+00A9 "©" */
    0x0, 0x4, 0xbe, 0xfd, 0x81, 0x0, 0x0, 0x9,
    0xfe, 0xa9, 0xbf, 0xf4, 0x0, 0x8, 0xf9, 0x0,
    0x10, 0x2d, 0xf2, 0x2, 0xfa, 0x8, 0xff, 0xe4,
    0x1e, 0xb0, 0x7f, 0x27, 0xf9, 0x5b, 0xf2, 0x7f,
    0x1a, 0xe0, 0xda, 0x0, 0x6, 0x34, 0xf4, 0xae,
    0xe, 0x90, 0x0, 0x41, 0x4f, 0x47, 0xf2, 0x9f,
    0x62, 0x9f, 0x27, 0xf1, 0x2f, 0xa0, 0xbf, 0xff,
    0x61, 0xeb, 0x0, 0x8f, 0x90, 0x24, 0x12, 0xdf,
    0x30, 0x0, 0x9f, 0xea, 0x9b, 0xff, 0x40, 0x0,
    0x0, 0x4b, 0xef, 0xd8, 0x10, 0x0,

    /* U+00AA "ª" */
    0x4, 0xcf, 0xd6, 0x1, 0xe9, 0x37, 0xf3, 0x0,
    0x2, 0x6f, 0x60, 0x9f, 0xfc, 0xf6, 0x6f, 0x40,
    0x1f, 0x66, 0xf5, 0x3a, 0xf6, 0xa, 0xfe, 0x6f,
    0x60,

    /* U+00AB "«" */
    0x0, 0x8, 0xf6, 0x3f, 0xb0, 0x0, 0x5f, 0x91,
    0xed, 0x0, 0x3, 0xfb, 0xd, 0xe2, 0x0, 0x1e,
    0xe1, 0xaf, 0x40, 0x0, 0xa, 0xf5, 0x4f, 0xa0,
    0x0, 0x0, 0xcf, 0x37, 0xf7, 0x0, 0x0, 0x1d,
    0xe1, 0xaf, 0x40, 0x0, 0x2, 0x84, 0x7, 0x70,

    /* U+00AC "¬" */
    0x2, 0x22, 0x22, 0x20, 0x4f, 0xff, 0xff, 0xf7,
    0x15, 0x55, 0x56, 0xf7, 0x0, 0x0, 0x1, 0xf7,
    0x0, 0x0, 0x0, 0x52,

    /* U+00AE "®" */
    0x0, 0x18, 0xdf, 0xc6, 0x0, 0x1, 0xeb, 0x43,
    0x6e, 0x90, 0xb, 0xa4, 0xdc, 0x91, 0xe5, 0x1f,
    0x14, 0xb0, 0xf1, 0x7b, 0x3e, 0x4, 0xed, 0xb0,
    0x4d, 0x1f, 0x14, 0xb3, 0xd0, 0x6c, 0xc, 0x82,
    0x50, 0x62, 0xd6, 0x3, 0xf8, 0x10, 0x3c, 0xc0,
    0x0, 0x3c, 0xff, 0xf9, 0x0, 0x0, 0x0, 0x12,
    0x0, 0x0,

    /* U+00AF "¯" */
    0x0, 0x0, 0x7, 0xff, 0xfe, 0x13, 0x33, 0x30,

    /* U+00B0 "°" */
    0x0, 0x0, 0x0, 0x0, 0x1c, 0xfe, 0x30, 0xb,
    0xd5, 0x9f, 0x10, 0xf5, 0x0, 0xf4, 0xd, 0xb2,
    0x7f, 0x20, 0x2e, 0xff, 0x60, 0x0, 0x3, 0x10,
    0x0,

    /* U+00B1 "±" */
    0x0, 0x6, 0xf2, 0x0, 0x0, 0x0, 0x6f, 0x20,
    0x0, 0x7f, 0xff, 0xff, 0xff, 0x23, 0x88, 0xbf,
    0x98, 0x81, 0x0, 0x6, 0xf2, 0x0, 0x0, 0x0,
    0x6f, 0x10, 0x0, 0x0, 0x0, 0x0, 0x0, 0x7,
    0xff, 0xff, 0xff, 0xf2, 0x38, 0x88, 0x88, 0x88,
    0x10,

    /* U+00B2 "²" */
    0x5, 0xdf, 0xd6, 0x0, 0xe8, 0x39, 0xf1, 0x0,
    0x0, 0xad, 0x0, 0x2, 0xcc, 0x20, 0x7, 0xfa,
    0x33, 0x11, 0xff, 0xff, 0xf5,

    /* U+00B3 "³" */
    0x5, 0xcf, 0xe8, 0x0, 0x86, 0x39, 0xf2, 0x0,
    0x2f, 0xf8, 0x0, 0x0, 0x5, 0xf6, 0x1f, 0xa4,
    0x8f, 0x60, 0x4c, 0xfe, 0x80,

    /* U+00B4 "´" */
    0x4, 0x50, 0xf, 0x90, 0x7e, 0x0,

    /* U+00B5 "µ" */
    0xde, 0x0, 0x3, 0xf7, 0xd, 0xe0, 0x0, 0x3f,
    0x70, 0xde, 0x0, 0x3, 0xf7, 0xd, 0xe0, 0x0,
    0x3f, 0x70, 0xde, 0x0, 0x3, 0xf7, 0xd, 0xe0,
    0x0, 0x4f, 0x70, 0xdf, 0x10, 0x7, 0xf7, 0xd,
    0xfd, 0x68, 0xef, 0xc3, 0xde, 0x8e, 0xd4, 0x8f,
    0x8d, 0xe0, 0x0, 0x0, 0x0, 0xde, 0x0, 0x0,
    0x0, 0xd, 0xe0, 0x0, 0x0, 0x0,

    /* U+00B6 "¶" */
    0x0, 0x6d, 0xff, 0xff, 0x50, 0x8f, 0xff, 0xaa,
    0xf5, 0xf, 0xff, 0xf5, 0x4f, 0x52, 0xff, 0xff,
    0x54, 0xf5, 0x2f, 0xff, 0xf5, 0x4f, 0x50, 0xdf,
    0xff, 0x54, 0xf5, 0x3, 0xef, 0xf5, 0x4f, 0x50,
    0x1, 0x68, 0x24, 0xf5, 0x0, 0x0, 0x0, 0x4f,
    0x50, 0x0, 0x0, 0x4, 0xf5, 0x0, 0x0, 0x0,
    0x4f, 0x50, 0x0, 0x0, 0x4, 0xf5,

    /* U+00B7 "·" */
    0x4, 0x9, 0xf7, 0x7f, 0x50,

    /* U+00B8 "¸" */
    0x19, 0x0, 0x3e, 0x80, 0x1, 0xf3, 0x8e, 0xb0,

    /* U+00B9 "¹" */
    0x7, 0xff, 0x13, 0xc9, 0xf1, 0x0, 0x6f, 0x10,
    0x6, 0xf1, 0x0, 0x6f, 0x10, 0x6, 0xf1,

    /* U+00BA "º" */
    0x2, 0xbf, 0xe9, 0x0, 0xd, 0xd4, 0x6f, 0xa0,
    0x4f, 0x40, 0x8, 0xf0, 0x6f, 0x20, 0x6, 0xf2,
    0x4f, 0x40, 0x8, 0xf0, 0xd, 0xd4, 0x6f, 0xa0,
    0x2, 0xbf, 0xe9, 0x0,

    /* U+00BB "»" */
    0x1e, 0xd1, 0xaf, 0x40, 0x0, 0x3f, 0xb0, 0xcf,
    0x20, 0x0, 0x5f, 0x91, 0xed, 0x10, 0x0, 0x9f,
    0x63, 0xfb, 0x0, 0x1d, 0xe1, 0x9f, 0x50, 0xb,
    0xf3, 0x6f, 0x80, 0x9, 0xf5, 0x3f, 0xb0, 0x1,
    0x86, 0x6, 0x80, 0x0,

    /* U+00BC "¼" */
    0x3, 0x84, 0x0, 0x0, 0x5, 0x60, 0x4, 0xef,
    0x80, 0x0, 0x2, 0xf4, 0x0, 0x42, 0xd8, 0x0,
    0x0, 0xc9, 0x0, 0x0, 0xd, 0x80, 0x0, 0x8d,
    0x0, 0x0, 0x0, 0xd8, 0x0, 0x3f, 0x30, 0x0,
    0x0, 0xd, 0x80, 0xd, 0x80, 0x2, 0x10, 0x0,
    0xd8, 0x9, 0xd0, 0x6, 0xfa, 0x0, 0x0, 0x4,
    0xf2, 0x1, 0xed, 0xa0, 0x0, 0x0, 0xe7, 0x0,
    0xab, 0x9a, 0x0, 0x0, 0xac, 0x0, 0x3f, 0x29,
    0xa0, 0x0, 0x5f, 0x20, 0x8, 0xff, 0xff, 0x70,
    0x1e, 0x60, 0x0, 0x12, 0x2a, 0xb1, 0x1, 0x20,
    0x0, 0x0, 0x0, 0x11, 0x0,

    /* U+00BD "½" */
    0x1, 0x42, 0x0, 0x0, 0x2, 0x40, 0x0, 0x2e,
    0xf8, 0x0, 0x0, 0x1e, 0x60, 0x0, 0x55, 0xd8,
    0x0, 0x0, 0xbb, 0x0, 0x0, 0x0, 0xd8, 0x0,
    0x6, 0xe1, 0x0, 0x0, 0x0, 0xd8, 0x0, 0x2f,
    0x50, 0x0, 0x0, 0x0, 0xd8, 0x0, 0xca, 0x0,
    0x0, 0x0, 0x0, 0xd8, 0x7, 0xe0, 0xa, 0xfe,
    0x50, 0x0, 0x21, 0x3f, 0x30, 0x4c, 0x4a, 0xe0,
    0x0, 0x0, 0xd8, 0x0, 0x0, 0xa, 0xa0, 0x0,
    0x9, 0xd0, 0x0, 0x0, 0x8d, 0x10, 0x0, 0x4f,
    0x20, 0x0, 0x9, 0xe1, 0x0, 0x1, 0xe7, 0x0,
    0x0, 0x5f, 0xff, 0xf0, 0x1, 0x20, 0x0, 0x0,
    0x13, 0x33, 0x30,

    /* U+00BE "¾" */
    0x5, 0xde, 0x70, 0x0, 0x0, 0x8d, 0x0, 0xd,
    0x76, 0xf2, 0x0, 0x3, 0xf3, 0x0, 0x0, 0x3,
    0xf3, 0x0, 0xd, 0x90, 0x0, 0x0, 0x9f, 0xa0,
    0x0, 0x8d, 0x0, 0x0, 0x0, 0x14, 0xf6, 0x3,
    0xf4, 0x0, 0x0, 0x17, 0x22, 0xf7, 0xc, 0x90,
    0x0, 0x0, 0xb, 0xff, 0xc1, 0x7e, 0x0, 0x2f,
    0xe0, 0x0, 0x11, 0x2, 0xf4, 0x0, 0xbe, 0xe0,
    0x0, 0x0, 0xc, 0x90, 0x5, 0xe6, 0xe0, 0x0,
    0x0, 0x7e, 0x0, 0xe, 0x65, 0xe0, 0x0, 0x2,
    0xf4, 0x0, 0x4f, 0xff, 0xfa, 0x0, 0xc, 0xa0,
    0x0, 0x2, 0x27, 0xe1, 0x0, 0x2, 0x0, 0x0,
    0x0, 0x0, 0x20,

    /* U+00BF "¿" */
    0x0, 0x4, 0xf7, 0x0, 0x0, 0x7, 0xfa, 0x0,
    0x0, 0x0, 0x40, 0x0, 0x0, 0x0, 0x42, 0x0,
    0x0, 0x4, 0xf6, 0x0, 0x0, 0x1c, 0xf2, 0x0,
    0x2, 0xef, 0x70, 0x0, 0xd, 0xf4, 0x0, 0x0,
    0x2f, 0x90, 0x0, 0x22, 0x2f, 0xb0, 0x2, 0xfb,
    0xc, 0xfb, 0x8e, 0xf4, 0x1, 0x9e, 0xfc, 0x50,

    /* U+00C0 "À" */
    0x0, 0x2, 0x62, 0x0, 0x0, 0x0, 0x0, 0xe,
    0xa0, 0x0, 0x0, 0x0, 0x0, 0x4f, 0x20, 0x0,
    0x0, 0x0, 0x0, 0x0, 0x0, 0x0, 0x0, 0x0,
    0xaf, 0xe0, 0x0, 0x0, 0x0, 0xf, 0xef, 0x40,
    0x0, 0x0, 0x5, 0xf7, 0xf9, 0x0, 0x0, 0x0,
    0xaf, 0x1d, 0xe0, 0x0, 0x0, 0xf, 0xd0, 0x8f,
    0x50, 0x0, 0x5, 0xf8, 0x3, 0xfa, 0x0, 0x0,
    0xbf, 0x30, 0xe, 0xf0, 0x0, 0x1f, 0xf8, 0x88,
    0xdf, 0x50, 0x6, 0xff, 0xff, 0xff, 0xfb, 0x0,
    0xbf, 0x30, 0x0, 0xd, 0xf1, 0x1f, 0xd0, 0x0,
    0x0, 0x8f, 0x66, 0xf8, 0x0, 0x0, 0x2, 0xfc,

    /* U+00C1 "Á" */
    0x0, 0x0, 0x0, 0x54, 0x0, 0x0, 0x0, 0x0,
    0x5f, 0x40, 0x0, 0x0, 0x0, 0xc, 0x90, 0x0,
    0x0, 0x0, 0x0, 0x0, 0x0, 0x0, 0x0, 0x0,
    0xaf, 0xe0, 0x0, 0x0, 0x0, 0xf, 0xef, 0x40,
    0x0, 0x0, 0x5, 0xf7, 0xf9, 0x0, 0x0, 0x0,
    0xaf, 0x1d, 0xe0, 0x0, 0x0, 0xf, 0xd0, 0x8f,
    0x50, 0x0, 0x5, 0xf8, 0x3, 0xfa, 0x0, 0x0,
    0xbf, 0x30, 0xe, 0xf0, 0x0, 0x1f, 0xf8, 0x88,
    0xdf, 0x50, 0x6, 0xff, 0xff, 0xff, 0xfb, 0x0,
    0xbf, 0x30, 0x0, 0xd, 0xf1, 0x1f, 0xd0, 0x0,
    0x0, 0x8f, 0x66, 0xf8, 0x0, 0x0, 0x2, 0xfc,

    /* U+00C2 "Â" */
    0x0, 0x0, 0x28, 0x40, 0x0, 0x0, 0x0, 0xd,
    0xcf, 0x30, 0x0, 0x0, 0xb, 0xd0, 0x9e, 0x10,
    0x0, 0x0, 0x0, 0x0, 0x0, 0x0, 0x0, 0x0,
    0xaf, 0xe0, 0x0, 0x0, 0x0, 0xf, 0xef, 0x40,
    0x0, 0x0, 0x5, 0xf7, 0xf9, 0x0, 0x0, 0x0,
    0xaf, 0x1d, 0xe0, 0x0, 0x0, 0xf, 0xd0, 0x8f,
    0x50, 0x0, 0x5, 0xf8, 0x3, 0xfa, 0x0, 0x0,
    0xbf, 0x30, 0xe, 0xf0, 0x0, 0x1f, 0xf8, 0x88,
    0xdf, 0x50, 0x6, 0xff, 0xff, 0xff, 0xfb, 0x0,
    0xbf, 0x30, 0x0, 0xd, 0xf1, 0x1f, 0xd0, 0x0,
    0x0, 0x8f, 0x66, 0xf8, 0x0, 0x0, 0x2, 0xfc,

    /* U+00C3 "Ã" */
    0x0, 0x4, 0xe9, 0x2f, 0x0, 0x0, 0x0, 0xa8,
    0x9f, 0xa0, 0x0, 0x0, 0x1, 0x0, 0x10, 0x0,
    0x0, 0x0, 0xa, 0xfe, 0x0, 0x0, 0x0, 0x0,
    0xfe, 0xf4, 0x0, 0x0, 0x0, 0x5f, 0x7f, 0x90,
    0x0, 0x0, 0xa, 0xf1, 0xde, 0x0, 0x0, 0x0,
    0xfd, 0x8, 0xf5, 0x0, 0x0, 0x5f, 0x80, 0x3f,
    0xa0, 0x0, 0xb, 0xf3, 0x0, 0xef, 0x0, 0x1,
    0xff, 0x88, 0x8d, 0xf5, 0x0, 0x6f, 0xff, 0xff,
    0xff, 0xb0, 0xb, 0xf3, 0x0, 0x0, 0xdf, 0x11,
    0xfd, 0x0, 0x0, 0x8, 0xf6, 0x6f, 0x80, 0x0,
    0x0, 0x2f, 0xc0,

    /* U+00C4 "Ä" */
    0x0, 0x0, 0x0, 0x0, 0x0, 0x0, 0x0, 0xcc,
    0x7, 0xf2, 0x0, 0x0, 0xc, 0xc0, 0x7e, 0x20,
    0x0, 0x0, 0x0, 0x0, 0x0, 0x0, 0x0, 0x0,
    0xaf, 0xe0, 0x0, 0x0, 0x0, 0xf, 0xef, 0x40,
    0x0, 0x0, 0x5, 0xf7, 0xf9, 0x0, 0x0, 0x0,
    0xaf, 0x1d, 0xe0, 0x0, 0x0, 0xf, 0xd0, 0x8f,
    0x50, 0x0, 0x5, 0xf8, 0x3, 0xfa, 0x0, 0x0,
    0xbf, 0x30, 0xe, 0xf0, 0x0, 0x1f, 0xf8, 0x88,
    0xdf, 0x50, 0x6, 0xff, 0xff, 0xff, 0xfb, 0x0,
    0xbf, 0x30, 0x0, 0xd, 0xf1, 0x1f, 0xd0, 0x0,
    0x0, 0x8f, 0x66, 0xf8, 0x0, 0x0, 0x2, 0xfc,

    /* U+00C5 "Å" */
    0x0, 0x0, 0x8d, 0xb1, 0x0, 0x0, 0x0, 0x4e,
    0x2a, 0xa0, 0x0, 0x0, 0x5, 0xd0, 0x8a, 0x0,
    0x0, 0x0, 0x9, 0xec, 0x10, 0x0, 0x0, 0x0,
    0xaf, 0xe0, 0x0, 0x0, 0x0, 0xf, 0xef, 0x40,
    0x0, 0x0, 0x5, 0xf7, 0xf9, 0x0, 0x0, 0x0,
    0xaf, 0x1d, 0xe0, 0x0, 0x0, 0xf, 0xd0, 0x8f,
    0x50, 0x0, 0x5, 0xf8, 0x3, 0xfa, 0x0, 0x0,
    0xbf, 0x30, 0xe, 0xf0, 0x0, 0x1f, 0xf8, 0x88,
    0xdf, 0x50, 0x6, 0xff, 0xff, 0xff, 0xfb, 0x0,
    0xbf, 0x30, 0x0, 0xd, 0xf1, 0x1f, 0xd0, 0x0,
    0x0, 0x8f, 0x66, 0xf8, 0x0, 0x0, 0x2, 0xfc,

    /* U+00C6 "Æ" */
    0x0, 0x0, 0x6, 0xff, 0xff, 0xff, 0xff, 0xf0,
    0x0, 0x0, 0xd, 0xe6, 0xfc, 0x99, 0x99, 0x90,
    0x0, 0x0, 0x5f, 0x83, 0xf7, 0x0, 0x0, 0x0,
    0x0, 0x0, 0xcf, 0x23, 0xf7, 0x0, 0x0, 0x0,
    0x0, 0x3, 0xfb, 0x3, 0xf7, 0x0, 0x0, 0x0,
    0x0, 0xa, 0xf5, 0x3, 0xfc, 0x88, 0x88, 0x50,
    0x0, 0x2f, 0xe0, 0x3, 0xff, 0xff, 0xff, 0xa0,
    0x0, 0x9f, 0x91, 0x15, 0xf7, 0x0, 0x0, 0x0,
    0x1, 0xff, 0xff, 0xff, 0xf7, 0x0, 0x0, 0x0,
    0x7, 0xfb, 0x44, 0x47, 0xf7, 0x0, 0x0, 0x0,
    0xe, 0xf2, 0x0, 0x3, 0xfc, 0x99, 0x99, 0x90,
    0x5f, 0xa0, 0x0, 0x3, 0xff, 0xff, 0xff, 0xf1,

    /* U+00C7 "Ç" */
    0x0, 0x4, 0xbe, 0xfc, 0x60, 0x0, 0x7, 0xff,
    0xbb, 0xef, 0xb0, 0x3, 0xfd, 0x20, 0x0, 0xaf,
    0x70, 0xaf, 0x30, 0x0, 0x0, 0xeb, 0xf, 0xd0,
    0x0, 0x0, 0x0, 0x1, 0xfb, 0x0, 0x0, 0x0,
    0x0, 0x1f, 0xb0, 0x0, 0x0, 0x0, 0x0, 0xfd,
    0x0, 0x0, 0x0, 0x0, 0xa, 0xf3, 0x0, 0x0,
    0x1e, 0xc0, 0x3f, 0xd1, 0x0, 0xa, 0xf6, 0x0,
    0x7f, 0xfb, 0xbe, 0xfb, 0x0, 0x0, 0x4b, 0xff,
    0xc6, 0x0, 0x0, 0x0, 0x6, 0xb3, 0x0, 0x0,
    0x0, 0x0, 0x16, 0xf0, 0x0, 0x0, 0x0, 0xb,
    0xea, 0x0, 0x0,

    /* U+00C8 "È" */
    0x0, 0x53, 0x0, 0x0, 0x0, 0xae, 0x0, 0x0,
    0x0, 0x1e, 0x70, 0x0, 0x0, 0x0, 0x0, 0x0,
    0xbf, 0xff, 0xff, 0xfa, 0xbf, 0x99, 0x99, 0x95,
    0xbf, 0x10, 0x0, 0x0, 0xbf, 0x10, 0x0, 0x0,
    0xbf, 0x10, 0x0, 0x0, 0xbf, 0x99, 0x99, 0x92,
    0xbf, 0xff, 0xff, 0xf3, 0xbf, 0x10, 0x0, 0x0,
    0xbf, 0x10, 0x0, 0x0, 0xbf, 0x10, 0x0, 0x0,
    0xbf, 0x99, 0x99, 0x96, 0xbf, 0xff, 0xff, 0xfa,

    /* U+00C9 "É" */
    0x0, 0x0, 0x45, 0x0, 0x0, 0x1, 0xf9, 0x0,
    0x0, 0x7, 0xe0, 0x0, 0x0, 0x0, 0x0, 0x0,
    0xbf, 0xff, 0xff, 0xfa, 0xbf, 0x99, 0x99, 0x95,
    0xbf, 0x10, 0x0, 0x0, 0xbf, 0x10, 0x0, 0x0,
    0xbf, 0x10, 0x0, 0x0, 0xbf, 0x99, 0x99, 0x92,
    0xbf, 0xff, 0xff, 0xf3, 0xbf, 0x10, 0x0, 0x0,
    0xbf, 0x10, 0x0, 0x0, 0xbf, 0x10, 0x0, 0x0,
    0xbf, 0x99, 0x99, 0x96, 0xbf, 0xff, 0xff, 0xfa,

    /* U+00CA "Ê" */
    0x0, 0x7, 0x70, 0x0, 0x0, 0x9e, 0xe8, 0x0,
    0x6, 0xf3, 0x4f, 0x50, 0x0, 0x0, 0x0, 0x0,
    0xbf, 0xff, 0xff, 0xfa, 0xbf, 0x99, 0x99, 0x95,
    0xbf, 0x10, 0x0, 0x0, 0xbf, 0x10, 0x0, 0x0,
    0xbf, 0x10, 0x0, 0x0, 0xbf, 0x99, 0x99, 0x92,
    0xbf, 0xff, 0xff, 0xf3, 0xbf, 0x10, 0x0, 0x0,
    0xbf, 0x10, 0x0, 0x0, 0xbf, 0x10, 0x0, 0x0,
    0xbf, 0x99, 0x99, 0x96, 0xbf, 0xff, 0xff, 0xfa,

    /* U+00CB "Ë" */
    0x0, 0x0, 0x0, 0x0, 0x7, 0xf2, 0x2f, 0x70,
    0x7, 0xe2, 0x2e, 0x70, 0x0, 0x0, 0x0, 0x0,
    0xbf, 0xff, 0xff, 0xfa, 0xbf, 0x99, 0x99, 0x95,
    0xbf, 0x10, 0x0, 0x0, 0xbf, 0x10, 0x0, 0x0,
    0xbf, 0x10, 0x0, 0x0, 0xbf, 0x99, 0x99, 0x92,
    0xbf, 0xff, 0xff, 0xf3, 0xbf, 0x10, 0x0, 0x0,
    0xbf, 0x10, 0x0, 0x0, 0xbf, 0x10, 0x0, 0x0,
    0xbf, 0x99, 0x99, 0x96, 0xbf, 0xff, 0xff, 0xfa,

    /* U+00CC "Ì" */
    0x55, 0x0, 0x6f, 0x20, 0xc, 0xa0, 0x0, 0x0,
    0xb, 0xf1, 0xb, 0xf1, 0xb, 0xf1, 0xb, 0xf1,
    0xb, 0xf1, 0xb, 0xf1, 0xb, 0xf1, 0xb, 0xf1,
    0xb, 0xf1, 0xb, 0xf1, 0xb, 0xf1, 0xb, 0xf1,

    /* U+00CD "Í" */
    0x3, 0x61, 0xd, 0xc0, 0x4f, 0x20, 0x0, 0x0,
    0xbf, 0x10, 0xbf, 0x10, 0xbf, 0x10, 0xbf, 0x10,
    0xbf, 0x10, 0xbf, 0x10, 0xbf, 0x10, 0xbf, 0x10,
    0xbf, 0x10, 0xbf, 0x10, 0xbf, 0x10, 0xbf, 0x10,

    /* U+00CE "Î" */
    0x0, 0x67, 0x10, 0x6, 0xfd, 0xb0, 0x3f, 0x62,
    0xf8, 0x0, 0x0, 0x0, 0x0, 0xbf, 0x10, 0x0,
    0xbf, 0x10, 0x0, 0xbf, 0x10, 0x0, 0xbf, 0x10,
    0x0, 0xbf, 0x10, 0x0, 0xbf, 0x10, 0x0, 0xbf,
    0x10, 0x0, 0xbf, 0x10, 0x0, 0xbf, 0x10, 0x0,
    0xbf, 0x10, 0x0, 0xbf, 0x10, 0x0, 0xbf, 0x10,

    /* U+00CF "Ï" */
    0x0, 0x0, 0x0, 0x4f, 0x50, 0xea, 0x4f, 0x40,
    0xda, 0x0, 0x0, 0x0, 0x0, 0xbf, 0x10, 0x0,
    0xbf, 0x10, 0x0, 0xbf, 0x10, 0x0, 0xbf, 0x10,
    0x0, 0xbf, 0x10, 0x0, 0xbf, 0x10, 0x0, 0xbf,
    0x10, 0x0, 0xbf, 0x10, 0x0, 0xbf, 0x10, 0x0,
    0xbf, 0x10, 0x0, 0xbf, 0x10, 0x0, 0xbf, 0x10,

    /* U+00D0 "Ð" */
    0x5, 0xff, 0xff, 0xea, 0x30, 0x0, 0x5, 0xfc,
    0x99, 0xbf, 0xf6, 0x0, 0x5, 0xf6, 0x0, 0x2,
    0xdf, 0x20, 0x5, 0xf6, 0x0, 0x0, 0x4f, 0x90,
    0x17, 0xf8, 0x11, 0x0, 0xe, 0xd0, 0xdf, 0xff,
    0xff, 0x50, 0xc, 0xf0, 0x3a, 0xfb, 0x44, 0x10,
    0xc, 0xf0, 0x5, 0xf6, 0x0, 0x0, 0xe, 0xd0,
    0x5, 0xf6, 0x0, 0x0, 0x5f, 0x90, 0x5, 0xf6,
    0x0, 0x2, 0xdf, 0x20, 0x5, 0xfc, 0x99, 0xbf,
    0xf6, 0x0, 0x5, 0xff, 0xff, 0xea, 0x30, 0x0,

    /* U+00D1 "Ñ" */
    0x0, 0xc, 0xc3, 0xa6, 0x0, 0x0, 0x4d, 0x5e,
    0xf1, 0x0, 0x0, 0x1, 0x0, 0x0, 0x0, 0xbf,
    0xa0, 0x0, 0x0, 0xfd, 0xbf, 0xf4, 0x0, 0x0,
    0xfd, 0xbf, 0xdd, 0x0, 0x0, 0xfd, 0xbf, 0x6f,
    0x70, 0x0, 0xfd, 0xbf, 0x1d, 0xf2, 0x0, 0xfd,
    0xbf, 0x13, 0xfb, 0x0, 0xfd, 0xbf, 0x10, 0xaf,
    0x50, 0xfd, 0xbf, 0x10, 0x1e, 0xe0, 0xfd, 0xbf,
    0x10, 0x6, 0xf7, 0xfd, 0xbf, 0x10, 0x0, 0xce,
    0xed, 0xbf, 0x10, 0x0, 0x3f, 0xfd, 0xbf, 0x10,
    0x0, 0x8, 0xfd,

    /* U+00D2 "Ò" */
    0x0, 0x0, 0x54, 0x0, 0x0, 0x0, 0x0, 0x0,
    0x7f, 0x20, 0x0, 0x0, 0x0, 0x0, 0xc, 0x90,
    0x0, 0x0, 0x0, 0x0, 0x0, 0x0, 0x0, 0x0,
    0x0, 0x4, 0xbe, 0xfc, 0x60, 0x0, 0x0, 0x7f,
    0xfb, 0xbe, 0xfb, 0x0, 0x3, 0xfd, 0x20, 0x0,
    0xaf, 0x70, 0xa, 0xf3, 0x0, 0x0, 0xe, 0xe0,
    0xf, 0xd0, 0x0, 0x0, 0x9, 0xf3, 0x1f, 0xb0,
    0x0, 0x0, 0x6, 0xf5, 0x1f, 0xb0, 0x0, 0x0,
    0x6, 0xf5, 0xf, 0xd0, 0x0, 0x0, 0x9, 0xf3,
    0xa, 0xf3, 0x0, 0x0, 0xe, 0xe0, 0x3, 0xfd,
    0x20, 0x0, 0xaf, 0x80, 0x0, 0x7f, 0xfb, 0xbe,
    0xfb, 0x0, 0x0, 0x4, 0xbe, 0xfc, 0x60, 0x0,

    /* U+00D3 "Ó" */
    0x0, 0x0, 0x0, 0x36, 0x10, 0x0, 0x0, 0x0,
    0x0, 0xdb, 0x0, 0x0, 0x0, 0x0, 0x5, 0xf2,
    0x0, 0x0, 0x0, 0x0, 0x0, 0x0, 0x0, 0x0,
    0x0, 0x4, 0xbe, 0xfc, 0x60, 0x0, 0x0, 0x7f,
    0xfb, 0xbe, 0xfb, 0x0, 0x3, 0xfd, 0x20, 0x0,
    0xaf, 0x70, 0xa, 0xf3, 0x0, 0x0, 0xe, 0xe0,
    0xf, 0xd0, 0x0, 0x0, 0x9, 0xf3, 0x1f, 0xb0,
    0x0, 0x0, 0x6, 0xf5, 0x1f, 0xb0, 0x0, 0x0,
    0x6, 0xf5, 0xf, 0xd0, 0x0, 0x0, 0x9, 0xf3,
    0xa, 0xf3, 0x0, 0x0, 0xe, 0xe0, 0x3, 0xfd,
    0x20, 0x0, 0xaf, 0x80, 0x0, 0x7f, 0xfb, 0xbe,
    0xfb, 0x0, 0x0, 0x4, 0xbe, 0xfc, 0x60, 0x0,

    /* U+00D4 "Ô" */
    0x0, 0x0, 0x6, 0x71, 0x0, 0x0, 0x0, 0x0,
    0x9d, 0xac, 0x10, 0x0, 0x0, 0x3, 0x81, 0x7,
    0x50, 0x0, 0x0, 0x0, 0x0, 0x0, 0x0, 0x0,
    0x0, 0x4, 0xbe, 0xfc, 0x60, 0x0, 0x0, 0x7f,
    0xfb, 0xbe, 0xfb, 0x0, 0x3, 0xfd, 0x20, 0x0,
    0xaf, 0x70, 0xa, 0xf3, 0x0, 0x0, 0xe, 0xe0,
    0xf, 0xd0, 0x0, 0x0, 0x9, 0xf3, 0x1f, 0xb0,
    0x0, 0x0, 0x6, 0xf5, 0x1f, 0xb0, 0x0, 0x0,
    0x6, 0xf5, 0xf, 0xd0, 0x0, 0x0, 0x9, 0xf3,
    0xa, 0xf3, 0x0, 0x0, 0xe, 0xe0, 0x3, 0xfd,
    0x20, 0x0, 0xaf, 0x80, 0x0, 0x7f, 0xfb, 0xbe,
    0xfb, 0x0, 0x0, 0x4, 0xbe, 0xfc, 0x60, 0x0,

    /* U+00D5 "Õ" */
    0x0, 0x1, 0xdf, 0xff, 0x50, 0x0, 0x0, 0x0,
    0x22, 0x21, 0x0, 0x0, 0x0, 0x0, 0x0, 0x0,
    0x0, 0x0, 0x0, 0x4, 0xbe, 0xfc, 0x60, 0x0,
    0x0, 0x7f, 0xfb, 0xbe, 0xfb, 0x0, 0x3, 0xfd,
    0x20, 0x0, 0xaf, 0x70, 0xa, 0xf3, 0x0, 0x0,
    0xe, 0xe0, 0xf, 0xd0, 0x0, 0x0, 0x9, 0xf3,
    0x1f, 0xb0, 0x0, 0x0, 0x6, 0xf5, 0x1f, 0xb0,
    0x0, 0x0, 0x6, 0xf5, 0xf, 0xd0, 0x0, 0x0,
    0x9, 0xf3, 0xa, 0xf3, 0x0, 0x0, 0xe, 0xe0,
    0x3, 0xfd, 0x20, 0x0, 0xaf, 0x80, 0x0, 0x7f,
    0xfb, 0xbe, 0xfb, 0x0, 0x0, 0x4, 0xbe, 0xfc,
    0x60, 0x0,

    /* U+00D6 "Ö" */
    0x0, 0x0, 0x0, 0x0, 0x0, 0x0, 0x0, 0x5,
    0xf4, 0x1e, 0x90, 0x0, 0x0, 0x5, 0xf4, 0x1e,
    0x90, 0x0, 0x0, 0x0, 0x0, 0x0, 0x0, 0x0,
    0x0, 0x4, 0xbe, 0xfc, 0x60, 0x0, 0x0, 0x7f,
    0xfb, 0xbe, 0xfb, 0x0, 0x3, 0xfd, 0x20, 0x0,
    0xaf, 0x70, 0xa, 0xf3, 0x0, 0x0, 0xe, 0xe0,
    0xf, 0xd0, 0x0, 0x0, 0x9, 0xf3, 0x1f, 0xb0,
    0x0, 0x0, 0x6, 0xf5, 0x1f, 0xb0, 0x0, 0x0,
    0x6, 0xf5, 0xf, 0xd0, 0x0, 0x0, 0x9, 0xf3,
    0xa, 0xf3, 0x0, 0x0, 0xe, 0xe0, 0x3, 0xfd,
    0x20, 0x0, 0xaf, 0x80, 0x0, 0x7f, 0xfb, 0xbe,
    0xfb, 0x0, 0x0, 0x4, 0xbe, 0xfc, 0x60, 0x0,

    /* U+00D7 "×" */
    0x4, 0x0, 0x0, 0x13, 0x3, 0xfa, 0x0, 0x1d,
    0xe0, 0x8, 0xfa, 0x1d, 0xf4, 0x0, 0x8, 0xff,
    0xf4, 0x0, 0x0, 0x1e, 0xfb, 0x0, 0x0, 0x1c,
    0xfb, 0xf9, 0x0, 0xc, 0xf5, 0x9, 0xf9, 0x2,
    0xe5, 0x0, 0x9, 0xc0, 0x0, 0x0, 0x0, 0x0,
    0x0,

    /* U+00D8 "Ø" */
    0x0, 0x0, 0x0, 0x0, 0x1, 0x0, 0x0, 0x4,
    0xbe, 0xfc, 0x6c, 0x80, 0x0, 0x7f, 0xfb, 0xbe,
    0xff, 0x20, 0x3, 0xfd, 0x20, 0x4, 0xff, 0x70,
    0xa, 0xf3, 0x0, 0xd, 0xbe, 0xe0, 0xf, 0xd0,
    0x0, 0x9e, 0x19, 0xf3, 0x1f, 0xb0, 0x4, 0xf4,
    0x6, 0xf5, 0x1f, 0xb0, 0x1e, 0x90, 0x6, 0xf5,
    0xf, 0xd0, 0xbd, 0x0, 0x9, 0xf3, 0xa, 0xf9,
    0xf3, 0x0, 0xe, 0xe0, 0x3, 0xff, 0x90, 0x0,
    0xaf, 0x80, 0x0, 0xff, 0xfb, 0xbe, 0xfb, 0x0,
    0x3, 0xe6, 0xbe, 0xfc, 0x60, 0x0, 0x0, 0x0,
    0x0, 0x0, 0x0, 0x0,

    /* U+00D9 "Ù" */
    0x0, 0x6, 0x30, 0x0, 0x0, 0x0, 0xa, 0xe0,
    0x0, 0x0, 0x0, 0x1, 0xe6, 0x0, 0x0, 0x0,
    0x0, 0x0, 0x0, 0x0, 0xbf, 0x10, 0x0, 0x3,
    0xf9, 0xbf, 0x10, 0x0, 0x3, 0xf9, 0xbf, 0x10,
    0x0, 0x3, 0xf9, 0xbf, 0x10, 0x0, 0x3, 0xf9,
    0xbf, 0x10, 0x0, 0x3, 0xf9, 0xbf, 0x10, 0x0,
    0x3, 0xf9, 0xbf, 0x10, 0x0, 0x3, 0xf9, 0xbf,
    0x10, 0x0, 0x3, 0xf8, 0x9f, 0x40, 0x0, 0x6,
    0xf7, 0x5f, 0xc1, 0x0, 0x2e, 0xf2, 0xa, 0xff,
    0xbb, 0xff, 0x80, 0x0, 0x6c, 0xff, 0xc5, 0x0,

    /* U+00DA "Ú" */
    0x0, 0x0, 0x4, 0x50, 0x0, 0x0, 0x0, 0x1f,
    0x80, 0x0, 0x0, 0x0, 0x8d, 0x0, 0x0, 0x0,
    0x0, 0x0, 0x0, 0x0, 0xbf, 0x10, 0x0, 0x3,
    0xf9, 0xbf, 0x10, 0x0, 0x3, 0xf9, 0xbf, 0x10,
    0x0, 0x3, 0xf9, 0xbf, 0x10, 0x0, 0x3, 0xf9,
    0xbf, 0x10, 0x0, 0x3, 0xf9, 0xbf, 0x10, 0x0,
    0x3, 0xf9, 0xbf, 0x10, 0x0, 0x3, 0xf9, 0xbf,
    0x10, 0x0, 0x3, 0xf8, 0x9f, 0x40, 0x0, 0x6,
    0xf7, 0x5f, 0xc1, 0x0, 0x2e, 0xf2, 0xa, 0xff,
    0xbb, 0xff, 0x80, 0x0, 0x6c, 0xff, 0xc5, 0x0,

    /* U+00DB "Û" */
    0x0, 0x0, 0x77, 0x0, 0x0, 0x0, 0xc, 0xbd,
    0xa0, 0x0, 0x0, 0x47, 0x1, 0x73, 0x0, 0x0,
    0x0, 0x0, 0x0, 0x0, 0xbf, 0x10, 0x0, 0x3,
    0xf9, 0xbf, 0x10, 0x0, 0x3, 0xf9, 0xbf, 0x10,
    0x0, 0x3, 0xf9, 0xbf, 0x10, 0x0, 0x3, 0xf9,
    0xbf, 0x10, 0x0, 0x3, 0xf9, 0xbf, 0x10, 0x0,
    0x3, 0xf9, 0xbf, 0x10, 0x0, 0x3, 0xf9, 0xbf,
    0x10, 0x0, 0x3, 0xf8, 0x9f, 0x40, 0x0, 0x6,
    0xf7, 0x5f, 0xc1, 0x0, 0x2e, 0xf2, 0xa, 0xff,
    0xbb, 0xff, 0x80, 0x0, 0x6c, 0xff, 0xc5, 0x0,

    /* U+00DC "Ü" */
    0x0, 0x0, 0x0, 0x0, 0x0, 0x0, 0x8e, 0x13,
    0xf6, 0x0, 0x0, 0x8e, 0x13, 0xf6, 0x0, 0x0,
    0x0, 0x0, 0x0, 0x0, 0xbf, 0x10, 0x0, 0x3,
    0xf9, 0xbf, 0x10, 0x0, 0x3, 0xf9, 0xbf, 0x10,
    0x0, 0x3, 0xf9, 0xbf, 0x10, 0x0, 0x3, 0xf9,
    0xbf, 0x10, 0x0, 0x3, 0xf9, 0xbf, 0x10, 0x0,
    0x3, 0xf9, 0xbf, 0x10, 0x0, 0x3, 0xf9, 0xbf,
    0x10, 0x0, 0x3, 0xf8, 0x9f, 0x40, 0x0, 0x6,
    0xf7, 0x5f, 0xc1, 0x0, 0x2e, 0xf2, 0xa, 0xff,
    0xbb, 0xff, 0x80, 0x0, 0x6c, 0xff, 0xc5, 0x0,

    /* U+00DD "Ý" */
    0x0, 0x0, 0x0, 0x63, 0x0, 0x0, 0x0, 0x0,
    0x7f, 0x30, 0x0, 0x0, 0x0, 0xe, 0x80, 0x0,
    0x0, 0x0, 0x0, 0x0, 0x0, 0x0, 0x4f, 0xc0,
    0x0, 0x0, 0x9f, 0x70, 0xbf, 0x50, 0x0, 0x2f,
    0xd0, 0x2, 0xfe, 0x0, 0xb, 0xf4, 0x0, 0x8,
    0xf7, 0x4, 0xfa, 0x0, 0x0, 0xe, 0xf1, 0xdf,
    0x10, 0x0, 0x0, 0x5f, 0xcf, 0x70, 0x0, 0x0,
    0x0, 0xbf, 0xd0, 0x0, 0x0, 0x0, 0x5, 0xf7,
    0x0, 0x0, 0x0, 0x0, 0x5f, 0x70, 0x0, 0x0,
    0x0, 0x5, 0xf7, 0x0, 0x0, 0x0, 0x0, 0x5f,
    0x70, 0x0, 0x0, 0x0, 0x5, 0xf7, 0x0, 0x0,

    /* U+00DE "Þ" */
    0xcf, 0x0, 0x0, 0x0, 0xc, 0xf0, 0x0, 0x0,
    0x0, 0xcf, 0x88, 0x74, 0x0, 0xc, 0xff, 0xff,
    0xfd, 0x10, 0xcf, 0x0, 0x6, 0xfb, 0xc, 0xf0,
    0x0, 0xb, 0xf0, 0xcf, 0x0, 0x0, 0xbf, 0xc,
    0xf0, 0x0, 0x6f, 0xb0, 0xcf, 0xff, 0xff, 0xd1,
    0xc, 0xf8, 0x87, 0x40, 0x0, 0xcf, 0x0, 0x0,
    0x0, 0xc, 0xf0, 0x0, 0x0, 0x0,

    /* U+00DF "ß" */
    0x4, 0xcf, 0xfb, 0x30, 0x3, 0xff, 0x9a, 0xff,
    0x20, 0x9f, 0x40, 0x6, 0xf7, 0xb, 0xf0, 0x0,
    0x4f, 0x70, 0xbf, 0x0, 0x1b, 0xe1, 0xb, 0xf0,
    0x9f, 0xf5, 0x0, 0xbf, 0x4, 0x8d, 0xf7, 0xb,
    0xf0, 0x0, 0xc, 0xf1, 0xbf, 0x0, 0x0, 0x8f,
    0x3b, 0xf0, 0x0, 0xb, 0xf2, 0xbf, 0x5, 0x8c,
    0xfb, 0xb, 0xf0, 0x9f, 0xe9, 0x0,

    /* U+00E0 "à" */
    0x0, 0x36, 0x0, 0x0, 0x0, 0x2f, 0x60, 0x0,
    0x0, 0x8, 0xe0, 0x0, 0x0, 0x0, 0x0, 0x0,
    0x0, 0x8d, 0xfd, 0x70, 0xb, 0xfa, 0x7b, 0xf8,
    0x5, 0x60, 0x0, 0xdd, 0x0, 0x2, 0x47, 0xfe,
    0x6, 0xef, 0xfc, 0xef, 0x2f, 0xc3, 0x0, 0xcf,
    0x4f, 0x60, 0x1, 0xff, 0x1f, 0xe7, 0x7d, 0xef,
    0x4, 0xdf, 0xd5, 0xbf,

    /* U+00E1 "á" */
    0x0, 0x0, 0x16, 0x20, 0x0, 0x0, 0x9e, 0x10,
    0x0, 0x1, 0xf6, 0x0, 0x0, 0x0, 0x0, 0x0,
    0x0, 0x8d, 0xfd, 0x70, 0xb, 0xfa, 0x7b, 0xf8,
    0x5, 0x60, 0x0, 0xdd, 0x0, 0x2, 0x47, 0xfe,
    0x6, 0xef, 0xfc, 0xef, 0x2f, 0xc3, 0x0, 0xcf,
    0x4f, 0x60, 0x1, 0xff, 0x1f, 0xe7, 0x7d, 0xef,
    0x4, 0xdf, 0xd5, 0xbf,

    /* U+00E2 "â" */
    0x0, 0x4, 0x83, 0x0, 0x0, 0x5f, 0x8f, 0x30,
    0x0, 0x74, 0x5, 0x70, 0x0, 0x0, 0x0, 0x0,
    0x0, 0x8d, 0xfd, 0x70, 0xb, 0xfa, 0x7b, 0xf8,
    0x5, 0x60, 0x0, 0xdd, 0x0, 0x2, 0x47, 0xfe,
    0x6, 0xef, 0xfc, 0xef, 0x2f, 0xc3, 0x0, 0xcf,
    0x4f, 0x60, 0x1, 0xff, 0x1f, 0xe7, 0x7d, 0xef,
    0x4, 0xdf, 0xd5, 0xbf,

    /* U+00E3 "ã" */
    0x0, 0xaf, 0xff, 0xa0, 0x0, 0x12, 0x21, 0x0,
    0x0, 0x0, 0x0, 0x0, 0x0, 0x8d, 0xfd, 0x70,
    0xb, 0xfa, 0x7b, 0xf8, 0x5, 0x60, 0x0, 0xdd,
    0x0, 0x2, 0x47, 0xfe, 0x6, 0xef, 0xfc, 0xef,
    0x2f, 0xc3, 0x0, 0xcf, 0x4f, 0x60, 0x1, 0xff,
    0x1f, 0xe7, 0x7d, 0xef, 0x4, 0xdf, 0xd5, 0xbf,

    /* U+00E4 "ä" */
    0x1, 0xe8, 0xa, 0xd0, 0x1, 0xe9, 0xa, 0xe0,
    0x0, 0x0, 0x0, 0x0, 0x0, 0x8d, 0xfd, 0x70,
    0xb, 0xfa, 0x7b, 0xf8, 0x5, 0x60, 0x0, 0xdd,
    0x0, 0x2, 0x47, 0xfe, 0x6, 0xef, 0xfc, 0xef,
    0x2f, 0xc3, 0x0, 0xcf, 0x4f, 0x60, 0x1, 0xff,
    0x1f, 0xe7, 0x7d, 0xef, 0x4, 0xdf, 0xd5, 0xbf,

    /* U+00E5 "å" */
    0x0, 0xa, 0xe9, 0x0, 0x0, 0x8b, 0x2c, 0x60,
    0x0, 0x9a, 0xb, 0x70, 0x0, 0x1d, 0xfc, 0x0,
    0x0, 0x0, 0x10, 0x0, 0x0, 0x8d, 0xfd, 0x70,
    0xb, 0xfa, 0x7b, 0xf8, 0x5, 0x60, 0x0, 0xdd,
    0x0, 0x2, 0x47, 0xfe, 0x6, 0xef, 0xfc, 0xef,
    0x2f, 0xc3, 0x0, 0xcf, 0x4f, 0x60, 0x1, 0xff,
    0x1f, 0xe7, 0x7d, 0xef, 0x4, 0xdf, 0xd5, 0xbf,

    /* U+00E6 "æ" */
    0x0, 0x8d, 0xfd, 0x61, 0xaf, 0xfb, 0x20, 0xa,
    0xfa, 0x7b, 0xfe, 0xf8, 0x8e, 0xe1, 0x6, 0x70,
    0x0, 0xef, 0x30, 0x3, 0xf8, 0x0, 0x0, 0x1,
    0xcd, 0x11, 0x11, 0xed, 0x3, 0xbf, 0xff, 0xff,
    0xff, 0xff, 0xfe, 0x2f, 0xd6, 0x44, 0xdd, 0x44,
    0x44, 0x43, 0x5f, 0x60, 0x1, 0xef, 0x20, 0x0,
    0x74, 0x1f, 0xe8, 0x9e, 0xde, 0xe9, 0x8d, 0xf5,
    0x4, 0xdf, 0xe8, 0x12, 0xae, 0xfc, 0x50,

    /* U+00E7 "ç" */
    0x0, 0x4c, 0xfe, 0xa1, 0x0, 0x4f, 0xe8, 0x9f,
    0xd0, 0xd, 0xf1, 0x0, 0x6d, 0x32, 0xfa, 0x0,
    0x0, 0x0, 0x3f, 0x80, 0x0, 0x0, 0x2, 0xfa,
    0x0, 0x0, 0x0, 0xd, 0xe1, 0x0, 0x5e, 0x40,
    0x5f, 0xe8, 0x9f, 0xd0, 0x0, 0x4c, 0xff, 0xa1,
    0x0, 0x0, 0xb, 0x91, 0x0, 0x0, 0x0, 0x29,
    0xa0, 0x0, 0x0, 0x1e, 0xe6, 0x0,

    /* U+00E8 "è" */
    0x0, 0x16, 0x20, 0x0, 0x0, 0x0, 0xdb, 0x0,
    0x0, 0x0, 0x3, 0xf3, 0x0, 0x0, 0x0, 0x0,
    0x0, 0x0, 0x0, 0x4c, 0xfe, 0x90, 0x0, 0x4f,
    0xd8, 0xaf, 0xc0, 0xd, 0xe1, 0x0, 0x7f, 0x42,
    0xf9, 0x11, 0x12, 0xf9, 0x3f, 0xff, 0xff, 0xff,
    0xa2, 0xfa, 0x44, 0x44, 0x42, 0xd, 0xd0, 0x0,
    0x26, 0x20, 0x4f, 0xd8, 0x8e, 0xf2, 0x0, 0x4c,
    0xfe, 0xb3, 0x0,

    /* U+00E9 "é" */
    0x0, 0x0, 0x5, 0x40, 0x0, 0x0, 0x4, 0xf5,
    0x0, 0x0, 0x0, 0xba, 0x0, 0x0, 0x0, 0x0,
    0x0, 0x0, 0x0, 0x4c, 0xfe, 0x90, 0x0, 0x4f,
    0xd8, 0xaf, 0xc0, 0xd, 0xe1, 0x0, 0x7f, 0x42,
    0xf9, 0x11, 0x12, 0xf9, 0x3f, 0xff, 0xff, 0xff,
    0xa2, 0xfa, 0x44, 0x44, 0x42, 0xd, 0xd0, 0x0,
    0x26, 0x20, 0x4f, 0xd8, 0x8e, 0xf2, 0x0, 0x4c,
    0xfe, 0xb3, 0x0,

    /* U+00EA "ê" */
    0x0, 0x2, 0x85, 0x0, 0x0, 0x2, 0xe9, 0xe7,
    0x0, 0x0, 0x66, 0x3, 0x71, 0x0, 0x0, 0x0,
    0x0, 0x0, 0x0, 0x4c, 0xfe, 0x90, 0x0, 0x4f,
    0xd8, 0xaf, 0xc0, 0xd, 0xe1, 0x0, 0x7f, 0x42,
    0xf9, 0x11, 0x12, 0xf9, 0x3f, 0xff, 0xff, 0xff,
    0xa2, 0xfa, 0x44, 0x44, 0x42, 0xd, 0xd0, 0x0,
    0x26, 0x20, 0x4f, 0xd8, 0x8e, 0xf2, 0x0, 0x4c,
    0xfe, 0xb3, 0x0,

    /* U+00EB "ë" */
    0x0, 0xbd, 0x5, 0xf3, 0x0, 0xb, 0xd0, 0x6f,
    0x30, 0x0, 0x0, 0x0, 0x0, 0x0, 0x4, 0xcf,
    0xe9, 0x0, 0x4, 0xfd, 0x8a, 0xfc, 0x0, 0xde,
    0x10, 0x7, 0xf4, 0x2f, 0x91, 0x11, 0x2f, 0x93,
    0xff, 0xff, 0xff, 0xfa, 0x2f, 0xa4, 0x44, 0x44,
    0x20, 0xdd, 0x0, 0x2, 0x62, 0x4, 0xfd, 0x88,
    0xef, 0x20, 0x4, 0xcf, 0xeb, 0x30,

    /* U+00EC "ì" */
    0x5, 0x40, 0x9, 0xf1, 0x0, 0xe7, 0x0, 0x0,
    0x0, 0xde, 0x0, 0xde, 0x0, 0xde, 0x0, 0xde,
    0x0, 0xde, 0x0, 0xde, 0x0, 0xde, 0x0, 0xde,
    0x0, 0xde,

    /* U+00ED "í" */
    0x3, 0x50, 0xe, 0x90, 0x7e, 0x10, 0x0, 0x0,
    0xde, 0x0, 0xde, 0x0, 0xde, 0x0, 0xde, 0x0,
    0xde, 0x0, 0xde, 0x0, 0xde, 0x0, 0xde, 0x0,
    0xde, 0x0,

    /* U+00EE "î" */
    0x0, 0x77, 0x0, 0x8, 0xee, 0x80, 0x5f, 0x43,
    0xf5, 0x0, 0x0, 0x0, 0x0, 0xde, 0x0, 0x0,
    0xde, 0x0, 0x0, 0xde, 0x0, 0x0, 0xde, 0x0,
    0x0, 0xde, 0x0, 0x0, 0xde, 0x0, 0x0, 0xde,
    0x0, 0x0, 0xde, 0x0, 0x0, 0xde, 0x0,

    /* U+00EF "ï" */
    0x6e, 0x22, 0xe7, 0x7f, 0x32, 0xf7, 0x0, 0x0,
    0x0, 0x0, 0xde, 0x0, 0x0, 0xde, 0x0, 0x0,
    0xde, 0x0, 0x0, 0xde, 0x0, 0x0, 0xde, 0x0,
    0x0, 0xde, 0x0, 0x0, 0xde, 0x0, 0x0, 0xde,
    0x0, 0x0, 0xde, 0x0,

    /* U+00F0 "ð" */
    0x0, 0x0, 0x0, 0x0, 0x0, 0x6, 0xe6, 0x18,
    0x50, 0x0, 0x8, 0xff, 0x91, 0x0, 0x6, 0xe9,
    0xea, 0x0, 0x0, 0x21, 0x4, 0xf6, 0x0, 0x7,
    0xef, 0xbb, 0xe0, 0x8, 0xfa, 0x46, 0xef, 0x50,
    0xfc, 0x0, 0x5, 0xf8, 0x3f, 0x80, 0x0, 0x1f,
    0xa3, 0xf8, 0x0, 0x0, 0xf9, 0xf, 0xd0, 0x0,
    0x6f, 0x50, 0x7f, 0xc7, 0x9f, 0xc0, 0x0, 0x6d,
    0xfe, 0x90, 0x0,

    /* U+00F1 "ñ" */
    0x5, 0xff, 0xfe, 0x10, 0x1, 0x12, 0x10, 0x0,
    0x0, 0x0, 0x0, 0x0, 0xdc, 0x4d, 0xfc, 0x30,
    0xde, 0xd7, 0x8f, 0xf1, 0xdf, 0x20, 0x7, 0xf5,
    0xde, 0x0, 0x4, 0xf7, 0xde, 0x0, 0x4, 0xf7,
    0xde, 0x0, 0x4, 0xf7, 0xde, 0x0, 0x4, 0xf7,
    0xde, 0x0, 0x4, 0xf7, 0xde, 0x0, 0x4, 0xf7,

    /* U+00F2 "ò" */
    0x0, 0x16, 0x30, 0x0, 0x0, 0x0, 0xcd, 0x0,
    0x0, 0x0, 0x2, 0xf4, 0x0, 0x0, 0x0, 0x0,
    0x0, 0x0, 0x0, 0x4c, 0xfe, 0xa1, 0x0, 0x4f,
    0xe8, 0x9f, 0xe1, 0xd, 0xf1, 0x0, 0x5f, 0x82,
    0xfa, 0x0, 0x0, 0xfc, 0x3f, 0x80, 0x0, 0xd,
    0xe2, 0xfa, 0x0, 0x0, 0xfd, 0xd, 0xe1, 0x0,
    0x5f, 0x80, 0x4f, 0xe8, 0x9f, 0xe1, 0x0, 0x4c,
    0xfe, 0xa1, 0x0,

    /* U+00F3 "ó" */
    0x0, 0x0, 0x5, 0x50, 0x0, 0x0, 0x2, 0xf6,
    0x0, 0x0, 0x0, 0xac, 0x0, 0x0, 0x0, 0x0,
    0x0, 0x0, 0x0, 0x4c, 0xfe, 0xa1, 0x0, 0x4f,
    0xe8, 0x9f, 0xe1, 0xd, 0xf1, 0x0, 0x5f, 0x82,
    0xfa, 0x0, 0x0, 0xfc, 0x3f, 0x80, 0x0, 0xd,
    0xe2, 0xfa, 0x0, 0x0, 0xfd, 0xd, 0xe1, 0x0,
    0x5f, 0x80, 0x4f, 0xe8, 0x9f, 0xe1, 0x0, 0x4c,
    0xfe, 0xa1, 0x0,

    /* U+00F4 "ô" */
    0x0, 0x1, 0x76, 0x0, 0x0, 0x1, 0xda, 0xd9,
    0x0, 0x0, 0x57, 0x2, 0x82, 0x0, 0x0, 0x0,
    0x0, 0x0, 0x0, 0x4c, 0xfe, 0xa1, 0x0, 0x4f,
    0xe8, 0x9f, 0xe1, 0xd, 0xf1, 0x0, 0x5f, 0x82,
    0xfa, 0x0, 0x0, 0xfc, 0x3f, 0x80, 0x0, 0xd,
    0xe2, 0xfa, 0x0, 0x0, 0xfd, 0xd, 0xe1, 0x0,
    0x5f, 0x80, 0x4f, 0xe8, 0x9f, 0xe1, 0x0, 0x4c,
    0xfe, 0xa1, 0x0,

    /* U+00F5 "õ" */
    0x0, 0x5f, 0xff, 0xe1, 0x0, 0x1, 0x12, 0x10,
    0x0, 0x0, 0x0, 0x0, 0x0, 0x0, 0x4, 0xcf,
    0xea, 0x10, 0x4, 0xfe, 0x89, 0xfe, 0x10, 0xdf,
    0x10, 0x5, 0xf8, 0x2f, 0xa0, 0x0, 0xf, 0xc3,
    0xf8, 0x0, 0x0, 0xde, 0x2f, 0xa0, 0x0, 0xf,
    0xd0, 0xde, 0x10, 0x5, 0xf8, 0x4, 0xfe, 0x89,
    0xfe, 0x10, 0x4, 0xcf, 0xea, 0x10,

    /* U+00F6 "ö" */
    0x0, 0x9d, 0x4, 0xf4, 0x0, 0xa, 0xe0, 0x4f,
    0x50, 0x0, 0x0, 0x0, 0x0, 0x0, 0x4, 0xcf,
    0xea, 0x10, 0x4, 0xfe, 0x89, 0xfe, 0x10, 0xdf,
    0x10, 0x5, 0xf8, 0x2f, 0xa0, 0x0, 0xf, 0xc3,
    0xf8, 0x0, 0x0, 0xde, 0x2f, 0xa0, 0x0, 0xf,
    0xd0, 0xde, 0x10, 0x5, 0xf8, 0x4, 0xfe, 0x89,
    0xfe, 0x10, 0x4, 0xcf, 0xea, 0x10,

    /* U+00F7 "÷" */
    0x0, 0x8, 0xe3, 0x0, 0x0, 0x0, 0xbf, 0x50,
    0x0, 0x0, 0x1, 0x30, 0x0, 0x3, 0x88, 0x88,
    0x88, 0x80, 0x6f, 0xff, 0xff, 0xff, 0x10, 0x0,
    0x0, 0x0, 0x0, 0x0, 0x8, 0xe3, 0x0, 0x0,
    0x0, 0xbf, 0x50, 0x0, 0x0, 0x1, 0x30, 0x0,
    0x0,

    /* U+00F8 "ø" */
    0x0, 0x0, 0x0, 0x0, 0x0, 0x0, 0x4c, 0xfe,
    0xa8, 0xc0, 0x4, 0xfe, 0x89, 0xff, 0x40, 0xd,
    0xf1, 0x3, 0xff, 0x80, 0x2f, 0xa0, 0x1e, 0x7f,
    0xc0, 0x3f, 0x80, 0xc9, 0xd, 0xe0, 0x2f, 0xaa,
    0xb0, 0xf, 0xd0, 0xd, 0xff, 0x10, 0x5f, 0x80,
    0xb, 0xff, 0x89, 0xfe, 0x10, 0x1f, 0x8c, 0xfe,
    0xa1, 0x0, 0x2, 0x0, 0x0, 0x0, 0x0,

    /* U+00F9 "ù" */
    0x1, 0x62, 0x0, 0x0, 0x0, 0xcc, 0x0, 0x0,
    0x0, 0x2f, 0x40, 0x0, 0x0, 0x0, 0x0, 0x0,
    0xde, 0x0, 0x4, 0xf7, 0xde, 0x0, 0x4, 0xf7,
    0xde, 0x0, 0x4, 0xf7, 0xde, 0x0, 0x4, 0xf7,
    0xde, 0x0, 0x4, 0xf7, 0xde, 0x0, 0x4, 0xf7,
    0xbf, 0x20, 0x9, 0xf7, 0x6f, 0xe9, 0xbc, 0xf7,
    0x8, 0xef, 0xa3, 0xf7,

    /* U+00FA "ú" */
    0x0, 0x0, 0x55, 0x0, 0x0, 0x3, 0xf6, 0x0,
    0x0, 0xa, 0xc0, 0x0, 0x0, 0x0, 0x0, 0x0,
    0xde, 0x0, 0x4, 0xf7, 0xde, 0x0, 0x4, 0xf7,
    0xde, 0x0, 0x4, 0xf7, 0xde, 0x0, 0x4, 0xf7,
    0xde, 0x0, 0x4, 0xf7, 0xde, 0x0, 0x4, 0xf7,
    0xbf, 0x20, 0x9, 0xf7, 0x6f, 0xe9, 0xbc, 0xf7,
    0x8, 0xef, 0xa3, 0xf7,

    /* U+00FB "û" */
    0x0, 0x17, 0x60, 0x0, 0x1, 0xda, 0xe8, 0x0,
    0x5, 0x70, 0x28, 0x20, 0x0, 0x0, 0x0, 0x0,
    0xde, 0x0, 0x4, 0xf7, 0xde, 0x0, 0x4, 0xf7,
    0xde, 0x0, 0x4, 0xf7, 0xde, 0x0, 0x4, 0xf7,
    0xde, 0x0, 0x4, 0xf7, 0xde, 0x0, 0x4, 0xf7,
    0xbf, 0x20, 0x9, 0xf7, 0x6f, 0xe9, 0xbc, 0xf7,
    0x8, 0xef, 0xa3, 0xf7,

    /* U+00FC "ü" */
    0xa, 0xd0, 0x4f, 0x40, 0xa, 0xe0, 0x5f, 0x40,
    0x0, 0x0, 0x0, 0x0, 0xde, 0x0, 0x4, 0xf7,
    0xde, 0x0, 0x4, 0xf7, 0xde, 0x0, 0x4, 0xf7,
    0xde, 0x0, 0x4, 0xf7, 0xde, 0x0, 0x4, 0xf7,
    0xde, 0x0, 0x4, 0xf7, 0xbf, 0x20, 0x9, 0xf7,
    0x6f, 0xe9, 0xbc, 0xf7, 0x8, 0xef, 0xa3, 0xf7,

    /* U+00FD "ý" */
    0x0, 0x0, 0x3f, 0x70, 0x0, 0x0, 0xa, 0xc0,
    0x0, 0x0, 0x0, 0x52, 0x0, 0x0, 0x0, 0x0,
    0x0, 0x0, 0x7f, 0x60, 0x0, 0x2f, 0xa1, 0xfb,
    0x0, 0x8, 0xf4, 0xb, 0xf1, 0x0, 0xee, 0x0,
    0x4f, 0x70, 0x3f, 0x70, 0x0, 0xec, 0x9, 0xf1,
    0x0, 0x8, 0xf2, 0xeb, 0x0, 0x0, 0x2f, 0xaf,
    0x50, 0x0, 0x0, 0xcf, 0xe0, 0x0, 0x0, 0x6,
    0xf9, 0x0, 0x0, 0x0, 0x9f, 0x30, 0x0, 0x5,
    0x8f, 0xb0, 0x0, 0x0, 0xcf, 0xb1, 0x0, 0x0,

    /* U+00FE "þ" */
    0xde, 0x0, 0x0, 0x0, 0xd, 0xe0, 0x0, 0x0,
    0x0, 0xde, 0x0, 0x0, 0x0, 0xd, 0xe3, 0xdf,
    0xd5, 0x0, 0xde, 0xe9, 0x8e, 0xf4, 0xd, 0xf5,
    0x0, 0x2f, 0xc0, 0xdf, 0x0, 0x0, 0xbf, 0xd,
    0xd0, 0x0, 0xa, 0xf1, 0xdf, 0x0, 0x0, 0xbf,
    0xd, 0xf6, 0x0, 0x2f, 0xc0, 0xde, 0xe9, 0x8e,
    0xf4, 0xd, 0xe3, 0xdf, 0xd5, 0x0, 0xde, 0x0,
    0x0, 0x0, 0xd, 0xe0, 0x0, 0x0, 0x0, 0xde,
    0x0, 0x0, 0x0, 0x0,

    /* U+00FF "ÿ" */
    0x0, 0xdb, 0x7, 0xe2, 0x0, 0xd, 0xb0, 0x8f,
    0x20, 0x0, 0x0, 0x0, 0x0, 0x7, 0xf6, 0x0,
    0x2, 0xfa, 0x1f, 0xb0, 0x0, 0x8f, 0x40, 0xbf,
    0x10, 0xe, 0xe0, 0x4, 0xf7, 0x3, 0xf7, 0x0,
    0xe, 0xc0, 0x9f, 0x10, 0x0, 0x8f, 0x2e, 0xb0,
    0x0, 0x2, 0xfa, 0xf5, 0x0, 0x0, 0xc, 0xfe,
    0x0, 0x0, 0x0, 0x6f, 0x90, 0x0, 0x0, 0x9,
    0xf3, 0x0, 0x0, 0x58, 0xfb, 0x0, 0x0, 0xc,
    0xfb, 0x10, 0x0, 0x0,

    /* U+0100 "Ā" */
    0x0, 0x0, 0x0, 0x0, 0x0, 0x0, 0x0, 0x8f,
    0xff, 0xd0, 0x0, 0x0, 0x1, 0x33, 0x33, 0x0,
    0x0, 0x0, 0x0, 0x0, 0x0, 0x0, 0x0, 0x0,
    0xaf, 0xe0, 0x0, 0x0, 0x0, 0xf, 0xef, 0x40,
    0x0, 0x0, 0x5, 0xf7, 0xf9, 0x0, 0x0, 0x0,
    0xaf, 0x1d, 0xe0, 0x0, 0x0, 0xf, 0xd0, 0x8f,
    0x50, 0x0, 0x5, 0xf8, 0x3, 0xfa, 0x0, 0x0,
    0xbf, 0x30, 0xe, 0xf0, 0x0, 0x1f, 0xf8, 0x88,
    0xdf, 0x50, 0x6, 0xff, 0xff, 0xff, 0xfb, 0x0,
    0xbf, 0x30, 0x0, 0xd, 0xf1, 0x1f, 0xd0, 0x0,
    0x0, 0x8f, 0x66, 0xf8, 0x0, 0x0, 0x2, 0xfc,

    /* U+0101 "ā" */
    0x0, 0xcf, 0xff, 0xa0, 0x0, 0x34, 0x44, 0x20,
    0x0, 0x0, 0x0, 0x0, 0x0, 0x8d, 0xfd, 0x70,
    0xb, 0xfa, 0x7b, 0xf8, 0x5, 0x60, 0x0, 0xdd,
    0x0, 0x2, 0x47, 0xfe, 0x6, 0xef, 0xfc, 0xef,
    0x2f, 0xc3, 0x0, 0xcf, 0x4f, 0x60, 0x1, 0xff,
    0x1f, 0xe7, 0x7d, 0xef, 0x4, 0xdf, 0xd5, 0xbf,

    /* U+0102 "Ă" */
    0x0, 0x5, 0x30, 0x8, 0x0, 0x0, 0x0, 0x8b,
    0x6, 0xd0, 0x0, 0x0, 0x0, 0xcf, 0xe3, 0x0,
    0x0, 0x0, 0x0, 0x10, 0x0, 0x0, 0x0, 0x0,
    0xaf, 0xe0, 0x0, 0x0, 0x0, 0xf, 0xef, 0x40,
    0x0, 0x0, 0x5, 0xf7, 0xf9, 0x0, 0x0, 0x0,
    0xaf, 0x1d, 0xe0, 0x0, 0x0, 0xf, 0xd0, 0x8f,
    0x50, 0x0, 0x5, 0xf8, 0x3, 0xfa, 0x0, 0x0,
    0xbf, 0x30, 0xe, 0xf0, 0x0, 0x1f, 0xf8, 0x88,
    0xdf, 0x50, 0x6, 0xff, 0xff, 0xff, 0xfb, 0x0,
    0xbf, 0x30, 0x0, 0xd, 0xf1, 0x1f, 0xd0, 0x0,
    0x0, 0x8f, 0x66, 0xf8, 0x0, 0x0, 0x2, 0xfc,

    /* U+0103 "ă" */
    0x0, 0x92, 0x3, 0x80, 0x0, 0xc8, 0xa, 0xa0,
    0x0, 0x2e, 0xfd, 0x10, 0x0, 0x0, 0x10, 0x0,
    0x0, 0x8d, 0xfd, 0x70, 0xb, 0xfa, 0x7b, 0xf8,
    0x5, 0x60, 0x0, 0xdd, 0x0, 0x2, 0x47, 0xfe,
    0x6, 0xef, 0xfc, 0xef, 0x2f, 0xc3, 0x0, 0xcf,
    0x4f, 0x60, 0x1, 0xff, 0x1f, 0xe7, 0x7d, 0xef,
    0x4, 0xdf, 0xd5, 0xbf,

    /* U+0104 "Ą" */
    0x0, 0x0, 0xaf, 0xe0, 0x0, 0x0, 0x0, 0x0,
    0xfe, 0xf4, 0x0, 0x0, 0x0, 0x5, 0xf6, 0xf9,
    0x0, 0x0, 0x0, 0xa, 0xf0, 0xce, 0x0, 0x0,
    0x0, 0xf, 0xb0, 0x7f, 0x50, 0x0, 0x0, 0x5f,
    0x60, 0x1f, 0xa0, 0x0, 0x0, 0xbf, 0x10, 0xc,
    0xf0, 0x0, 0x1, 0xff, 0xff, 0xff, 0xf5, 0x0,
    0x6, 0xfa, 0x88, 0x88, 0xfb, 0x0, 0xb, 0xf1,
    0x0, 0x0, 0xcf, 0x10, 0x1f, 0xc0, 0x0, 0x0,
    0x7f, 0x60, 0x6f, 0x70, 0x0, 0x0, 0x2f, 0xc0,
    0x0, 0x0, 0x0, 0x0, 0x7e, 0x40, 0x0, 0x0,
    0x0, 0x0, 0xfd, 0x50, 0x0, 0x0, 0x0, 0x0,
    0x8f, 0xe3,

    /* U+0105 "ą" */
    0x0, 0x8d, 0xfd, 0x70, 0x0, 0xbf, 0xa7, 0xbf,
    0x80, 0x5, 0x60, 0x0, 0xdd, 0x0, 0x0, 0x24,
    0x7f, 0xe0, 0x6, 0xef, 0xfc, 0xef, 0x2, 0xfc,
    0x30, 0xc, 0xf0, 0x4f, 0x60, 0x1, 0xff, 0x1,
    0xfe, 0x77, 0xde, 0xf0, 0x4, 0xdf, 0xd6, 0xff,
    0x0, 0x0, 0x0, 0x9e, 0x20, 0x0, 0x0, 0xf,
    0xd5, 0x0, 0x0, 0x0, 0x7f, 0xe3,

    /* U+0106 "Ć" */
    0x0, 0x0, 0x0, 0x36, 0x10, 0x0, 0x0, 0x0,
    0xd, 0xb0, 0x0, 0x0, 0x0, 0x5, 0xf1, 0x0,
    0x0, 0x0, 0x0, 0x0, 0x0, 0x0, 0x0, 0x4,
    0xbe, 0xfc, 0x60, 0x0, 0x7, 0xff, 0xbb, 0xef,
    0xb0, 0x3, 0xfd, 0x20, 0x0, 0xaf, 0x70, 0xaf,
    0x30, 0x0, 0x0, 0xeb, 0xf, 0xd0, 0x0, 0x0,
    0x0, 0x1, 0xfb, 0x0, 0x0, 0x0, 0x0, 0x1f,
    0xb0, 0x0, 0x0, 0x0, 0x0, 0xfd, 0x0, 0x0,
    0x0, 0x0, 0xa, 0xf3, 0x0, 0x0, 0x1e, 0xc0,
    0x3f, 0xd1, 0x0, 0xa, 0xf6, 0x0, 0x7f, 0xfb,
    0xbe, 0xfb, 0x0, 0x0, 0x4b, 0xef, 0xc6, 0x0,

    /* U+0107 "ć" */
    0x0, 0x0, 0x5, 0x50, 0x0, 0x0, 0x2, 0xf6,
    0x0, 0x0, 0x0, 0xac, 0x0, 0x0, 0x0, 0x0,
    0x0, 0x0, 0x0, 0x4c, 0xfe, 0xa1, 0x0, 0x4f,
    0xe8, 0x9f, 0xd0, 0xd, 0xf1, 0x0, 0x6d, 0x32,
    0xfa, 0x0, 0x0, 0x0, 0x3f, 0x80, 0x0, 0x0,
    0x2, 0xfa, 0x0, 0x0, 0x0, 0xd, 0xe1, 0x0,
    0x5e, 0x40, 0x5f, 0xe8, 0x9f, 0xd0, 0x0, 0x4c,
    0xfe, 0xa1, 0x0,

    /* U+0108 "Ĉ" */
    0x0, 0x0, 0x6, 0x71, 0x0, 0x0, 0x0, 0xa,
    0xda, 0xc1, 0x0, 0x0, 0x3, 0x81, 0x7, 0x40,
    0x0, 0x0, 0x0, 0x0, 0x0, 0x0, 0x0, 0x4,
    0xbe, 0xfc, 0x60, 0x0, 0x7, 0xff, 0xbb, 0xef,
    0xb0, 0x3, 0xfd, 0x20, 0x0, 0xaf, 0x70, 0xaf,
    0x30, 0x0, 0x0, 0xeb, 0xf, 0xd0, 0x0, 0x0,
    0x0, 0x1, 0xfb, 0x0, 0x0, 0x0, 0x0, 0x1f,
    0xb0, 0x0, 0x0, 0x0, 0x0, 0xfd, 0x0, 0x0,
    0x0, 0x0, 0xa, 0xf3, 0x0, 0x0, 0x1e, 0xc0,
    0x3f, 0xd1, 0x0, 0xa, 0xf6, 0x0, 0x7f, 0xfb,
    0xbe, 0xfb, 0x0, 0x0, 0x4b, 0xef, 0xc6, 0x0,

    /* U+0109 "ĉ" */
    0x0, 0x1, 0x76, 0x0, 0x0, 0x1, 0xda, 0xd9,
    0x0, 0x0, 0x57, 0x2, 0x82, 0x0, 0x0, 0x0,
    0x0, 0x0, 0x0, 0x4c, 0xfe, 0xa1, 0x0, 0x4f,
    0xe8, 0x9f, 0xd0, 0xd, 0xf1, 0x0, 0x6d, 0x32,
    0xfa, 0x0, 0x0, 0x0, 0x3f, 0x80, 0x0, 0x0,
    0x2, 0xfa, 0x0, 0x0, 0x0, 0xd, 0xe1, 0x0,
    0x5e, 0x40, 0x5f, 0xe8, 0x9f, 0xd0, 0x0, 0x4c,
    0xfe, 0xa1, 0x0,

    /* U+010A "Ċ" */
    0x0, 0x0, 0x0, 0x0, 0x0, 0x0, 0x0, 0x0,
    0xce, 0x10, 0x0, 0x0, 0x0, 0xb, 0xe1, 0x0,
    0x0, 0x0, 0x0, 0x0, 0x0, 0x0, 0x0, 0x4,
    0xbe, 0xfc, 0x60, 0x0, 0x7, 0xff, 0xbb, 0xef,
    0xb0, 0x3, 0xfd, 0x20, 0x0, 0xaf, 0x70, 0xaf,
    0x30, 0x0, 0x0, 0xeb, 0xf, 0xd0, 0x0, 0x0,
    0x0, 0x1, 0xfb, 0x0, 0x0, 0x0, 0x0, 0x1f,
    0xb0, 0x0, 0x0, 0x0, 0x0, 0xfd, 0x0, 0x0,
    0x0, 0x0, 0xa, 0xf3, 0x0, 0x0, 0x1e, 0xc0,
    0x3f, 0xd1, 0x0, 0xa, 0xf6, 0x0, 0x7f, 0xfb,
    0xbe, 0xfb, 0x0, 0x0, 0x4b, 0xef, 0xc6, 0x0,

    /* U+010B "ċ" */
    0x0, 0x1, 0xea, 0x0, 0x0, 0x0, 0x1f, 0xb0,
    0x0, 0x0, 0x0, 0x0, 0x0, 0x0, 0x4, 0xcf,
    0xea, 0x10, 0x4, 0xfe, 0x89, 0xfd, 0x0, 0xdf,
    0x10, 0x6, 0xd3, 0x2f, 0xa0, 0x0, 0x0, 0x3,
    0xf8, 0x0, 0x0, 0x0, 0x2f, 0xa0, 0x0, 0x0,
    0x0, 0xde, 0x10, 0x5, 0xe4, 0x5, 0xfe, 0x89,
    0xfd, 0x0, 0x4, 0xcf, 0xea, 0x10,

    /* U+010C "Č" */
    0x0, 0x2, 0x81, 0x7, 0x50, 0x0, 0x0, 0x9,
    0xda, 0xd1, 0x0, 0x0, 0x0, 0x6, 0x71, 0x0,
    0x0, 0x0, 0x0, 0x0, 0x0, 0x0, 0x0, 0x4,
    0xbe, 0xfc, 0x60, 0x0, 0x7, 0xff, 0xbb, 0xef,
    0xb0, 0x3, 0xfd, 0x20, 0x0, 0xaf, 0x70, 0xaf,
    0x30, 0x0, 0x0, 0xeb, 0xf, 0xd0, 0x0, 0x0,
    0x0, 0x1, 0xfb, 0x0, 0x0, 0x0, 0x0, 0x1f,
    0xb0, 0x0, 0x0, 0x0, 0x0, 0xfd, 0x0, 0x0,
    0x0, 0x0, 0xa, 0xf3, 0x0, 0x0, 0x1e, 0xc0,
    0x3f, 0xd1, 0x0, 0xa, 0xf6, 0x0, 0x7f, 0xfb,
    0xbe, 0xfb, 0x0, 0x0, 0x4b, 0xef, 0xc6, 0x0,

    /* U+010D "č" */
    0x0, 0x57, 0x2, 0x82, 0x0, 0x1, 0xda, 0xd9,
    0x0, 0x0, 0x1, 0x76, 0x0, 0x0, 0x0, 0x0,
    0x0, 0x0, 0x0, 0x4c, 0xfe, 0xa1, 0x0, 0x4f,
    0xe8, 0x9f, 0xd0, 0xd, 0xf1, 0x0, 0x6d, 0x32,
    0xfa, 0x0, 0x0, 0x0, 0x3f, 0x80, 0x0, 0x0,
    0x2, 0xfa, 0x0, 0x0, 0x0, 0xd, 0xe1, 0x0,
    0x5e, 0x40, 0x5f, 0xe8, 0x9f, 0xd0, 0x0, 0x4c,
    0xfe, 0xa1, 0x0,

    /* U+010E "Ď" */
    0x5, 0x60, 0x28, 0x20, 0x0, 0x2, 0xf7, 0xcb,
    0x0, 0x0, 0x0, 0x5f, 0xd1, 0x0, 0x0, 0x0,
    0x0, 0x0, 0x0, 0x0, 0xbf, 0xff, 0xfd, 0x81,
    0x0, 0xbf, 0xa9, 0xad, 0xfe, 0x20, 0xbf, 0x10,
    0x0, 0x5f, 0xc0, 0xbf, 0x10, 0x0, 0xa, 0xf4,
    0xbf, 0x10, 0x0, 0x4, 0xf8, 0xbf, 0x10, 0x0,
    0x2, 0xfa, 0xbf, 0x10, 0x0, 0x2, 0xf9, 0xbf,
    0x10, 0x0, 0x4, 0xf8, 0xbf, 0x10, 0x0, 0xa,
    0xf3, 0xbf, 0x10, 0x0, 0x5f, 0xc0, 0xbf, 0xa9,
    0xad, 0xfe, 0x20, 0xbf, 0xff, 0xfd, 0x81, 0x0,

    /* U+010F "ď" */
    0x0, 0x0, 0x0, 0x0, 0x3, 0xf3, 0x0, 0x0,
    0x0, 0xf, 0xb3, 0xf1, 0x0, 0x0, 0x0, 0xf,
    0xb3, 0xf0, 0x0, 0x0, 0x0, 0xf, 0xb0, 0x0,
    0x0, 0x6d, 0xfc, 0x2f, 0xb0, 0x0, 0x6, 0xfe,
    0x8a, 0xdf, 0xb0, 0x0, 0xe, 0xe1, 0x0, 0x7f,
    0xb0, 0x0, 0x2f, 0xa0, 0x0, 0x1f, 0xb0, 0x0,
    0x3f, 0x80, 0x0, 0xf, 0xb0, 0x0, 0x2f, 0xa0,
    0x0, 0x1f, 0xb0, 0x0, 0xe, 0xf1, 0x0, 0x8f,
    0xb0, 0x0, 0x6, 0xfe, 0x8a, 0xdf, 0xb0, 0x0,
    0x0, 0x6d, 0xfc, 0x2f, 0xb0, 0x0,

    /* U+0110 "Đ" */
    0x5, 0xff, 0xff, 0xea, 0x30, 0x0, 0x5, 0xfc,
    0x99, 0xbf, 0xf6, 0x0, 0x5, 0xf6, 0x0, 0x2,
    0xdf, 0x20, 0x5, 0xf6, 0x0, 0x0, 0x4f, 0x90,
    0x17, 0xf8, 0x11, 0x0, 0xe, 0xd0, 0xdf, 0xff,
    0xff, 0x50, 0xc, 0xf0, 0x3a, 0xfb, 0x44, 0x10,
    0xc, 0xf0, 0x5, 0xf6, 0x0, 0x0, 0xe, 0xd0,
    0x5, 0xf6, 0x0, 0x0, 0x5f, 0x90, 0x5, 0xf6,
    0x0, 0x2, 0xdf, 0x20, 0x5, 0xfc, 0x99, 0xbf,
    0xf6, 0x0, 0x5, 0xff, 0xff, 0xea, 0x30, 0x0,

    /* U+0111 "đ" */
    0x0, 0x0, 0x0, 0xf, 0xb0, 0x0, 0x0, 0x6f,
    0xff, 0xfd, 0x0, 0x0, 0x13, 0x3f, 0xe2, 0x0,
    0x6d, 0xfc, 0x2f, 0xb0, 0x6, 0xfe, 0x8a, 0xdf,
    0xb0, 0xe, 0xe1, 0x0, 0x7f, 0xb0, 0x2f, 0xa0,
    0x0, 0x1f, 0xb0, 0x3f, 0x80, 0x0, 0xf, 0xb0,
    0x2f, 0xa0, 0x0, 0x1f, 0xb0, 0xe, 0xf1, 0x0,
    0x8f, 0xb0, 0x6, 0xfe, 0x8a, 0xdf, 0xb0, 0x0,
    0x6d, 0xfc, 0x2f, 0xb0,

    /* U+0112 "Ē" */
    0x0, 0x0, 0x0, 0x0, 0x3, 0xff, 0xff, 0x30,
    0x0, 0x33, 0x33, 0x0, 0x0, 0x0, 0x0, 0x0,
    0xbf, 0xff, 0xff, 0xfa, 0xbf, 0x99, 0x99, 0x95,
    0xbf, 0x10, 0x0, 0x0, 0xbf, 0x10, 0x0, 0x0,
    0xbf, 0x10, 0x0, 0x0, 0xbf, 0x99, 0x99, 0x92,
    0xbf, 0xff, 0xff, 0xf3, 0xbf, 0x10, 0x0, 0x0,
    0xbf, 0x10, 0x0, 0x0, 0xbf, 0x10, 0x0, 0x0,
    0xbf, 0x99, 0x99, 0x96, 0xbf, 0xff, 0xff, 0xfa,

    /* U+0113 "ē" */
    0x0, 0x7f, 0xff, 0xf0, 0x0, 0x1, 0x44, 0x43,
    0x0, 0x0, 0x0, 0x0, 0x0, 0x0, 0x4, 0xcf,
    0xe9, 0x0, 0x4, 0xfd, 0x8a, 0xfc, 0x0, 0xde,
    0x10, 0x7, 0xf4, 0x2f, 0x91, 0x11, 0x2f, 0x93,
    0xff, 0xff, 0xff, 0xfa, 0x2f, 0xa4, 0x44, 0x44,
    0x20, 0xdd, 0x0, 0x2, 0x62, 0x4, 0xfd, 0x88,
    0xef, 0x20, 0x4, 0xcf, 0xeb, 0x30,

    /* U+0114 "Ĕ" */
    0x3, 0x60, 0x6, 0x30, 0x3, 0xf2, 0x2f, 0x30,
    0x0, 0x7f, 0xf7, 0x0, 0x0, 0x1, 0x10, 0x0,
    0xbf, 0xff, 0xff, 0xfa, 0xbf, 0x99, 0x99, 0x95,
    0xbf, 0x10, 0x0, 0x0, 0xbf, 0x10, 0x0, 0x0,
    0xbf, 0x10, 0x0, 0x0, 0xbf, 0x99, 0x99, 0x92,
    0xbf, 0xff, 0xff, 0xf3, 0xbf, 0x10, 0x0, 0x0,
    0xbf, 0x10, 0x0, 0x0, 0xbf, 0x10, 0x0, 0x0,
    0xbf, 0x99, 0x99, 0x96, 0xbf, 0xff, 0xff, 0xfa,

    /* U+0115 "ĕ" */
    0x0, 0x54, 0x0, 0x81, 0x0, 0x7, 0xc0, 0x5e,
    0x0, 0x0, 0xb, 0xff, 0x40, 0x0, 0x0, 0x1,
    0x0, 0x0, 0x0, 0x4c, 0xfe, 0x90, 0x0, 0x4f,
    0xd8, 0xaf, 0xc0, 0xd, 0xe1, 0x0, 0x7f, 0x42,
    0xf9, 0x11, 0x12, 0xf9, 0x3f, 0xff, 0xff, 0xff,
    0xa2, 0xfa, 0x44, 0x44, 0x42, 0xd, 0xd0, 0x0,
    0x26, 0x20, 0x4f, 0xd8, 0x8e, 0xf2, 0x0, 0x4c,
    0xfe, 0xb3, 0x0,

    /* U+0116 "Ė" */
    0x0, 0x0, 0x0, 0x0, 0x0, 0xd, 0xd0, 0x0,
    0x0, 0xd, 0xc0, 0x0, 0x0, 0x0, 0x0, 0x0,
    0xbf, 0xff, 0xff, 0xfa, 0xbf, 0x99, 0x99, 0x95,
    0xbf, 0x10, 0x0, 0x0, 0xbf, 0x10, 0x0, 0x0,
    0xbf, 0x10, 0x0, 0x0, 0xbf, 0x99, 0x99, 0x92,
    0xbf, 0xff, 0xff, 0xf3, 0xbf, 0x10, 0x0, 0x0,
    0xbf, 0x10, 0x0, 0x0, 0xbf, 0x10, 0x0, 0x0,
    0xbf, 0x99, 0x99, 0x96, 0xbf, 0xff, 0xff, 0xfa,

    /* U+0117 "ė" */
    0x0, 0x2, 0xe9, 0x0, 0x0, 0x0, 0x2f, 0xa0,
    0x0, 0x0, 0x0, 0x0, 0x0, 0x0, 0x4, 0xcf,
    0xe9, 0x0, 0x4, 0xfd, 0x8a, 0xfc, 0x0, 0xde,
    0x10, 0x7, 0xf4, 0x2f, 0x91, 0x11, 0x2f, 0x93,
    0xff, 0xff, 0xff, 0xfa, 0x2f, 0xa4, 0x44, 0x44,
    0x20, 0xdd, 0x0, 0x2, 0x62, 0x4, 0xfd, 0x88,
    0xef, 0x20, 0x4, 0xcf, 0xeb, 0x30,

    /* U+0118 "Ę" */
    0xbf, 0xff, 0xff, 0xfa, 0xb, 0xf9, 0x99, 0x99,
    0x50, 0xbf, 0x10, 0x0, 0x0, 0xb, 0xf1, 0x0,
    0x0, 0x0, 0xbf, 0x10, 0x0, 0x0, 0xb, 0xff,
    0xff, 0xff, 0x30, 0xbf, 0x99, 0x99, 0x92, 0xb,
    0xf1, 0x0, 0x0, 0x0, 0xbf, 0x10, 0x0, 0x0,
    0xb, 0xf1, 0x0, 0x0, 0x0, 0xbf, 0x99, 0x99,
    0x96, 0xb, 0xff, 0xff, 0xff, 0xb0, 0x0, 0x0,
    0xb, 0xc2, 0x0, 0x0, 0x3, 0xfa, 0x40, 0x0,
    0x0, 0xb, 0xfd, 0x0,

    /* U+0119 "ę" */
    0x0, 0x4c, 0xfe, 0xa2, 0x0, 0x4f, 0xb7, 0x8e,
    0xe1, 0xd, 0xb1, 0x11, 0x4f, 0x72, 0xff, 0xff,
    0xff, 0xfa, 0x3f, 0xa4, 0x44, 0x44, 0x22, 0xfa,
    0x0, 0x0, 0x0, 0xd, 0xf2, 0x0, 0x5d, 0x60,
    0x4f, 0xe8, 0x9f, 0xf3, 0x0, 0x4c, 0xff, 0xfa,
    0x0, 0x0, 0x0, 0xae, 0x0, 0x0, 0x0, 0xe,
    0xd5, 0x0, 0x0, 0x0, 0x6e, 0xe4,

    /* U+011A "Ě" */
    0x4, 0x70, 0x7, 0x40, 0x1, 0xd9, 0xae, 0x10,
    0x0, 0x3f, 0xf2, 0x0, 0x0, 0x0, 0x0, 0x0,
    0xbf, 0xff, 0xff, 0xfa, 0xbf, 0x99, 0x99, 0x95,
    0xbf, 0x10, 0x0, 0x0, 0xbf, 0x10, 0x0, 0x0,
    0xbf, 0x10, 0x0, 0x0, 0xbf, 0x99, 0x99, 0x92,
    0xbf, 0xff, 0xff, 0xf3, 0xbf, 0x10, 0x0, 0x0,
    0xbf, 0x10, 0x0, 0x0, 0xbf, 0x10, 0x0, 0x0,
    0xbf, 0x99, 0x99, 0x96, 0xbf, 0xff, 0xff, 0xfa,

    /* U+011B "ě" */
    0x0, 0x56, 0x3, 0x82, 0x0, 0x1, 0xe9, 0xe8,
    0x0, 0x0, 0x2, 0x85, 0x0, 0x0, 0x0, 0x0,
    0x0, 0x0, 0x0, 0x4c, 0xfe, 0x90, 0x0, 0x4f,
    0xd8, 0xaf, 0xc0, 0xd, 0xe1, 0x0, 0x7f, 0x42,
    0xf9, 0x11, 0x12, 0xf9, 0x3f, 0xff, 0xff, 0xff,
    0xa2, 0xfa, 0x44, 0x44, 0x42, 0xd, 0xd0, 0x0,
    0x26, 0x20, 0x4f, 0xd8, 0x8e, 0xf2, 0x0, 0x4c,
    0xfe, 0xb3, 0x0,

    /* U+011C "Ĝ" */
    0x0, 0x0, 0x7, 0x70, 0x0, 0x0, 0x0, 0x0,
    0xad, 0xbc, 0x0, 0x0, 0x0, 0x3, 0x71, 0x7,
    0x40, 0x0, 0x0, 0x0, 0x0, 0x0, 0x0, 0x0,
    0x0, 0x4, 0xbe, 0xfc, 0x60, 0x0, 0x0, 0x7f,
    0xfb, 0xbe, 0xfa, 0x0, 0x3, 0xfd, 0x20, 0x0,
    0xbf, 0x60, 0xa, 0xf3, 0x0, 0x0, 0x1e, 0xc0,
    0xf, 0xd0, 0x0, 0x0, 0x0, 0x0, 0x1f, 0xb0,
    0x0, 0x0, 0x0, 0x0, 0x1f, 0xb0, 0x0, 0x8f,
    0xff, 0xf0, 0xf, 0xd0, 0x0, 0x48, 0x8e, 0xf0,
    0xb, 0xf3, 0x0, 0x0, 0xe, 0xe0, 0x4, 0xfd,
    0x20, 0x0, 0x9f, 0x80, 0x0, 0x7f, 0xfc, 0xbe,
    0xfc, 0x0, 0x0, 0x4, 0xbe, 0xfd, 0x70, 0x0,

    /* U+011D "ĝ" */
    0x0, 0x5, 0xfd, 0x10, 0x0, 0x3, 0xf6, 0xcb,
    0x0, 0x0, 0x66, 0x2, 0x82, 0x0, 0x0, 0x0,
    0x0, 0x0, 0x0, 0x5d, 0xfc, 0x2e, 0xc0, 0x5f,
    0xe8, 0xad, 0xfc, 0xe, 0xf1, 0x0, 0x7f, 0xc2,
    0xfa, 0x0, 0x1, 0xfc, 0x3f, 0x80, 0x0, 0xf,
    0xc2, 0xfa, 0x0, 0x0, 0xfc, 0xe, 0xe1, 0x0,
    0x6f, 0xc0, 0x7f, 0xd8, 0x9d, 0xfc, 0x0, 0x6d,
    0xfc, 0x2f, 0xc0, 0x2, 0x0, 0x1, 0xfa, 0x9,
    0xfa, 0x77, 0xdf, 0x40, 0x8, 0xdf, 0xfb, 0x40,

    /* U+011E "Ğ" */
    0x0, 0x2, 0x60, 0x5, 0x30, 0x0, 0x0, 0x2,
    0xf3, 0x1e, 0x40, 0x0, 0x0, 0x0, 0x6f, 0xf8,
    0x0, 0x0, 0x0, 0x0, 0x0, 0x10, 0x0, 0x0,
    0x0, 0x4, 0xbe, 0xfc, 0x60, 0x0, 0x0, 0x7f,
    0xfb, 0xbe, 0xfa, 0x0, 0x3, 0xfd, 0x20, 0x0,
    0xbf, 0x60, 0xa, 0xf3, 0x0, 0x0, 0x1e, 0xc0,
    0xf, 0xd0, 0x0, 0x0, 0x0, 0x0, 0x1f, 0xb0,
    0x0, 0x0, 0x0, 0x0, 0x1f, 0xb0, 0x0, 0x8f,
    0xff, 0xf0, 0xf, 0xd0, 0x0, 0x48, 0x8e, 0xf0,
    0xb, 0xf3, 0x0, 0x0, 0xe, 0xe0, 0x4, 0xfd,
    0x20, 0x0, 0x9f, 0x80, 0x0, 0x7f, 0xfc, 0xbe,
    0xfc, 0x0, 0x0, 0x4, 0xbe, 0xfd, 0x70, 0x0,

    /* U+011F "ğ" */
    0x0, 0x8b, 0x2, 0xf1, 0x0, 0x1, 0xbf, 0xf6,
    0x0, 0x0, 0x0, 0x10, 0x0, 0x0, 0x0, 0x0,
    0x0, 0x0, 0x0, 0x5d, 0xfc, 0x2e, 0xc0, 0x5f,
    0xe8, 0xad, 0xfc, 0xe, 0xf1, 0x0, 0x7f, 0xc2,
    0xfa, 0x0, 0x1, 0xfc, 0x3f, 0x80, 0x0, 0xf,
    0xc2, 0xfa, 0x0, 0x0, 0xfc, 0xe, 0xe1, 0x0,
    0x6f, 0xc0, 0x7f, 0xd8, 0x9d, 0xfc, 0x0, 0x6d,
    0xfc, 0x2f, 0xc0, 0x2, 0x0, 0x1, 0xfa, 0x9,
    0xfa, 0x77, 0xdf, 0x40, 0x8, 0xdf, 0xfb, 0x40,

    /* U+0120 "Ġ" */
    0x0, 0x0, 0x0, 0x0, 0x0, 0x0, 0x0, 0x0,
    0xc, 0xe1, 0x0, 0x0, 0x0, 0x0, 0xb, 0xd0,
    0x0, 0x0, 0x0, 0x0, 0x0, 0x0, 0x0, 0x0,
    0x0, 0x4, 0xbe, 0xfc, 0x60, 0x0, 0x0, 0x7f,
    0xfb, 0xbe, 0xfa, 0x0, 0x3, 0xfd, 0x20, 0x0,
    0xbf, 0x60, 0xa, 0xf3, 0x0, 0x0, 0x1e, 0xc0,
    0xf, 0xd0, 0x0, 0x0, 0x0, 0x0, 0x1f, 0xb0,
    0x0, 0x0, 0x0, 0x0, 0x1f, 0xb0, 0x0, 0x8f,
    0xff, 0xf0, 0xf, 0xd0, 0x0, 0x48, 0x8e, 0xf0,
    0xb, 0xf3, 0x0, 0x0, 0xe, 0xe0, 0x4, 0xfd,
    0x20, 0x0, 0x9f, 0x80, 0x0, 0x7f, 0xfc, 0xbe,
    0xfc, 0x0, 0x0, 0x4, 0xbe, 0xfd, 0x70, 0x0,

    /* U+0121 "ġ" */
    0x0, 0x1, 0xe9, 0x0, 0x0, 0x0, 0x2f, 0xb0,
    0x0, 0x0, 0x0, 0x0, 0x0, 0x0, 0x5, 0xdf,
    0xc2, 0xec, 0x5, 0xfe, 0x8a, 0xdf, 0xc0, 0xef,
    0x10, 0x7, 0xfc, 0x2f, 0xa0, 0x0, 0x1f, 0xc3,
    0xf8, 0x0, 0x0, 0xfc, 0x2f, 0xa0, 0x0, 0xf,
    0xc0, 0xee, 0x10, 0x6, 0xfc, 0x7, 0xfd, 0x89,
    0xdf, 0xc0, 0x6, 0xdf, 0xc2, 0xfc, 0x0, 0x20,
    0x0, 0x1f, 0xa0, 0x9f, 0xa7, 0x7d, 0xf4, 0x0,
    0x8d, 0xff, 0xb4, 0x0,

    /* U+0122 "Ģ" */
    0x0, 0x4, 0xbe, 0xfc, 0x60, 0x0, 0x0, 0x7f,
    0xfb, 0xbe, 0xfa, 0x0, 0x3, 0xfd, 0x20, 0x0,
    0xbf, 0x60, 0xa, 0xf3, 0x0, 0x0, 0x1e, 0xc0,
    0xf, 0xd0, 0x0, 0x0, 0x0, 0x0, 0x1f, 0xb0,
    0x0, 0x0, 0x0, 0x0, 0x1f, 0xb0, 0x0, 0x8f,
    0xff, 0xf0, 0xf, 0xd0, 0x0, 0x48, 0x8e, 0xf0,
    0xb, 0xf3, 0x0, 0x0, 0xe, 0xe0, 0x4, 0xfd,
    0x20, 0x0, 0x9f, 0x80, 0x0, 0x7f, 0xfc, 0xbe,
    0xfc, 0x0, 0x0, 0x4, 0xbe, 0xfd, 0x70, 0x0,
    0x0, 0x0, 0x0, 0x0, 0x0, 0x0, 0x0, 0x0,
    0xe, 0xb0, 0x0, 0x0, 0x0, 0x0, 0x2f, 0x50,
    0x0, 0x0, 0x0, 0x0, 0x5e, 0x0, 0x0, 0x0,

    /* U+0123 "ģ" */
    0x0, 0x0, 0x3b, 0x0, 0x0, 0x0, 0xb, 0xb0,
    0x0, 0x0, 0x0, 0xe7, 0x0, 0x0, 0x0, 0x7,
    0x30, 0x0, 0x0, 0x0, 0x0, 0x0, 0x0, 0x5,
    0xdf, 0xc2, 0xec, 0x5, 0xfe, 0x8a, 0xdf, 0xc0,
    0xef, 0x10, 0x7, 0xfc, 0x2f, 0xa0, 0x0, 0x1f,
    0xc3, 0xf8, 0x0, 0x0, 0xfc, 0x2f, 0xa0, 0x0,
    0xf, 0xc0, 0xee, 0x10, 0x6, 0xfc, 0x7, 0xfd,
    0x89, 0xdf, 0xc0, 0x6, 0xdf, 0xc2, 0xfc, 0x0,
    0x20, 0x0, 0x1f, 0xa0, 0x9f, 0xa7, 0x7d, 0xf4,
    0x0, 0x8d, 0xff, 0xb4, 0x0,

    /* U+0124 "Ĥ" */
    0x0, 0x0, 0x77, 0x0, 0x0, 0x0, 0x9, 0xde,
    0x70, 0x0, 0x0, 0x7f, 0x34, 0xf4, 0x0, 0x0,
    0x0, 0x0, 0x0, 0x0, 0xbf, 0x10, 0x0, 0x2,
    0xfa, 0xbf, 0x10, 0x0, 0x2, 0xfa, 0xbf, 0x10,
    0x0, 0x2, 0xfa, 0xbf, 0x10, 0x0, 0x2, 0xfa,
    0xbf, 0x10, 0x0, 0x2, 0xfa, 0xbf, 0xff, 0xff,
    0xff, 0xfa, 0xbf, 0x99, 0x99, 0x9a, 0xfa, 0xbf,
    0x10, 0x0, 0x2, 0xfa, 0xbf, 0x10, 0x0, 0x2,
    0xfa, 0xbf, 0x10, 0x0, 0x2, 0xfa, 0xbf, 0x10,
    0x0, 0x2, 0xfa, 0xbf, 0x10, 0x0, 0x2, 0xfa,

    /* U+0125 "ĥ" */
    0x0, 0x77, 0x0, 0x0, 0x0, 0x9, 0xee, 0x80,
    0x0, 0x0, 0x6f, 0x44, 0xf5, 0x0, 0x0, 0x0,
    0x0, 0x0, 0x0, 0x0, 0x0, 0xdd, 0x0, 0x0,
    0x0, 0x0, 0xdd, 0x0, 0x0, 0x0, 0x0, 0xdd,
    0x0, 0x0, 0x0, 0x0, 0xdd, 0x3c, 0xfc, 0x30,
    0x0, 0xde, 0xe9, 0xaf, 0xf1, 0x0, 0xdf, 0x30,
    0x8, 0xf5, 0x0, 0xde, 0x0, 0x4, 0xf7, 0x0,
    0xde, 0x0, 0x4, 0xf7, 0x0, 0xde, 0x0, 0x4,
    0xf7, 0x0, 0xde, 0x0, 0x4, 0xf7, 0x0, 0xde,
    0x0, 0x4, 0xf7, 0x0, 0xde, 0x0, 0x4, 0xf7,

    /* U+0126 "Ħ" */
    0x5, 0xf7, 0x0, 0x0, 0xc, 0xf0, 0x5, 0xf7,
    0x0, 0x0, 0xc, 0xf0, 0x5, 0xf7, 0x0, 0x0,
    0xc, 0xf0, 0x4f, 0xff, 0xff, 0xff, 0xff, 0xfe,
    0x17, 0xf8, 0x33, 0x33, 0x3d, 0xf3, 0x5, 0xff,
    0xff, 0xff, 0xff, 0xf0, 0x5, 0xfc, 0x99, 0x99,
    0x9e, 0xf0, 0x5, 0xf7, 0x0, 0x0, 0xc, 0xf0,
    0x5, 0xf7, 0x0, 0x0, 0xc, 0xf0, 0x5, 0xf7,
    0x0, 0x0, 0xc, 0xf0, 0x5, 0xf7, 0x0, 0x0,
    0xc, 0xf0, 0x5, 0xf7, 0x0, 0x0, 0xc, 0xf0,

    /* U+0127 "ħ" */
    0xd, 0xd0, 0x0, 0x0, 0xf, 0xff, 0xff, 0x40,
    0x0, 0x2f, 0xf3, 0x30, 0x0, 0x0, 0xdd, 0x3c,
    0xfc, 0x30, 0xd, 0xee, 0x9a, 0xff, 0x10, 0xdf,
    0x30, 0x8, 0xf5, 0xd, 0xe0, 0x0, 0x4f, 0x70,
    0xde, 0x0, 0x4, 0xf7, 0xd, 0xe0, 0x0, 0x4f,
    0x70, 0xde, 0x0, 0x4, 0xf7, 0xd, 0xe0, 0x0,
    0x4f, 0x70, 0xde, 0x0, 0x4, 0xf7,

    /* U+0128 "Ĩ" */
    0xa, 0xd4, 0x88, 0x2f, 0x4d, 0xf3, 0x2, 0x0,
    0x10, 0x0, 0xbf, 0x10, 0x0, 0xbf, 0x10, 0x0,
    0xbf, 0x10, 0x0, 0xbf, 0x10, 0x0, 0xbf, 0x10,
    0x0, 0xbf, 0x10, 0x0, 0xbf, 0x10, 0x0, 0xbf,
    0x10, 0x0, 0xbf, 0x10, 0x0, 0xbf, 0x10, 0x0,
    0xbf, 0x10, 0x0, 0xbf, 0x10,

    /* U+0129 "ĩ" */
    0x2e, 0xff, 0xf3, 0x1, 0x21, 0x0, 0x0, 0x0,
    0x0, 0x0, 0xde, 0x0, 0x0, 0xde, 0x0, 0x0,
    0xde, 0x0, 0x0, 0xde, 0x0, 0x0, 0xde, 0x0,
    0x0, 0xde, 0x0, 0x0, 0xde, 0x0, 0x0, 0xde,
    0x0, 0x0, 0xde, 0x0,

    /* U+012A "Ī" */
    0x0, 0x0, 0x0, 0xf, 0xff, 0xf6, 0x3, 0x33,
    0x31, 0x0, 0x0, 0x0, 0x0, 0xbf, 0x10, 0x0,
    0xbf, 0x10, 0x0, 0xbf, 0x10, 0x0, 0xbf, 0x10,
    0x0, 0xbf, 0x10, 0x0, 0xbf, 0x10, 0x0, 0xbf,
    0x10, 0x0, 0xbf, 0x10, 0x0, 0xbf, 0x10, 0x0,
    0xbf, 0x10, 0x0, 0xbf, 0x10, 0x0, 0xbf, 0x10,

    /* U+012B "ī" */
    0x2f, 0xff, 0xf3, 0x4, 0x44, 0x40, 0x0, 0x0,
    0x0, 0x0, 0xde, 0x0, 0x0, 0xde, 0x0, 0x0,
    0xde, 0x0, 0x0, 0xde, 0x0, 0x0, 0xde, 0x0,
    0x0, 0xde, 0x0, 0x0, 0xde, 0x0, 0x0, 0xde,
    0x0, 0x0, 0xde, 0x0,

    /* U+012C "Ĭ" */
    0x17, 0x0, 0x44, 0x1f, 0x41, 0xd6, 0x5, 0xff,
    0xa0, 0x0, 0x1, 0x0, 0x0, 0xbf, 0x10, 0x0,
    0xbf, 0x10, 0x0, 0xbf, 0x10, 0x0, 0xbf, 0x10,
    0x0, 0xbf, 0x10, 0x0, 0xbf, 0x10, 0x0, 0xbf,
    0x10, 0x0, 0xbf, 0x10, 0x0, 0xbf, 0x10, 0x0,
    0xbf, 0x10, 0x0, 0xbf, 0x10, 0x0, 0xbf, 0x10,

    /* U+012D "ĭ" */
    0x26, 0x0, 0x63, 0x3f, 0x22, 0xf3, 0x7, 0xff,
    0x70, 0x0, 0x11, 0x0, 0x0, 0xde, 0x0, 0x0,
    0xde, 0x0, 0x0, 0xde, 0x0, 0x0, 0xde, 0x0,
    0x0, 0xde, 0x0, 0x0, 0xde, 0x0, 0x0, 0xde,
    0x0, 0x0, 0xde, 0x0, 0x0, 0xde, 0x0,

    /* U+012E "Į" */
    0xb, 0xf1, 0xb, 0xf1, 0xb, 0xf1, 0xb, 0xf1,
    0xb, 0xf1, 0xb, 0xf1, 0xb, 0xf1, 0xb, 0xf1,
    0xb, 0xf1, 0xb, 0xf1, 0xb, 0xf1, 0xc, 0xf1,
    0x5f, 0x50, 0xce, 0x51, 0x6e, 0xe5,

    /* U+012F "į" */
    0x0, 0xcd, 0x0, 0xd, 0xe0, 0x0, 0x0, 0x0,
    0xd, 0xe0, 0x0, 0xde, 0x0, 0xd, 0xe0, 0x0,
    0xde, 0x0, 0xd, 0xe0, 0x0, 0xde, 0x0, 0xd,
    0xe0, 0x0, 0xde, 0x0, 0xf, 0xe0, 0x7, 0xe3,
    0x0, 0xfc, 0x50, 0x9, 0xfe, 0x20,

    /* U+0130 "İ" */
    0x0, 0xb, 0xf2, 0xae, 0x10, 0x0, 0xbf, 0x1b,
    0xf1, 0xbf, 0x1b, 0xf1, 0xbf, 0x1b, 0xf1, 0xbf,
    0x1b, 0xf1, 0xbf, 0x1b, 0xf1, 0xbf, 0x1b, 0xf1,

    /* U+0131 "ı" */
    0xde, 0xde, 0xde, 0xde, 0xde, 0xde, 0xde, 0xde,
    0xde,

    /* U+0132 "Ĳ" */
    0xbf, 0x10, 0x0, 0x0, 0x8, 0xf4, 0xbf, 0x10,
    0x0, 0x0, 0x8, 0xf4, 0xbf, 0x10, 0x0, 0x0,
    0x8, 0xf4, 0xbf, 0x10, 0x0, 0x0, 0x8, 0xf4,
    0xbf, 0x10, 0x0, 0x0, 0x8, 0xf4, 0xbf, 0x10,
    0x0, 0x0, 0x8, 0xf4, 0xbf, 0x10, 0x0, 0x0,
    0x8, 0xf4, 0xbf, 0x10, 0x22, 0x0, 0x8, 0xf4,
    0xbf, 0x10, 0xed, 0x0, 0x8, 0xf4, 0xbf, 0x10,
    0xcf, 0x10, 0xb, 0xf1, 0xbf, 0x10, 0x5f, 0xc6,
    0x9f, 0xa0, 0xbf, 0x10, 0x5, 0xcf, 0xd8, 0x0,

    /* U+0133 "ĳ" */
    0xc, 0xd0, 0xc, 0xd0, 0xd, 0xe0, 0xd, 0xe0,
    0x0, 0x0, 0x0, 0x0, 0xd, 0xe0, 0xd, 0xe0,
    0xd, 0xe0, 0xd, 0xe0, 0xd, 0xe0, 0xd, 0xe0,
    0xd, 0xe0, 0xd, 0xe0, 0xd, 0xe0, 0xd, 0xe0,
    0xd, 0xe0, 0xd, 0xe0, 0xd, 0xe0, 0xd, 0xe0,
    0xd, 0xe0, 0xd, 0xe0, 0xd, 0xe0, 0xd, 0xe0,
    0x0, 0x0, 0xd, 0xd0, 0x0, 0x1, 0xaf, 0xa0,
    0x0, 0x3, 0xfb, 0x10,

    /* U+0134 "Ĵ" */
    0x0, 0x0, 0x0, 0x77, 0x0, 0x0, 0x0, 0xb,
    0xcb, 0xb0, 0x0, 0x0, 0x47, 0x10, 0x74, 0x0,
    0x0, 0x0, 0x0, 0x0, 0x0, 0x0, 0x0, 0xde,
    0x0, 0x0, 0x0, 0x0, 0xde, 0x0, 0x0, 0x0,
    0x0, 0xde, 0x0, 0x0, 0x0, 0x0, 0xde, 0x0,
    0x0, 0x0, 0x0, 0xde, 0x0, 0x0, 0x0, 0x0,
    0xde, 0x0, 0x0, 0x0, 0x0, 0xde, 0x0, 0x14,
    0x20, 0x0, 0xde, 0x0, 0x4f, 0x80, 0x0, 0xee,
    0x0, 0x1f, 0xb0, 0x2, 0xfb, 0x0, 0xb, 0xfb,
    0x9e, 0xf4, 0x0, 0x0, 0x8e, 0xfc, 0x50, 0x0,

    /* U+0135 "ĵ" */
    0x2, 0xff, 0x30, 0x1e, 0xa9, 0xe1, 0x47, 0x0,
    0x74, 0x0, 0x0, 0x0, 0x0, 0xde, 0x0, 0x0,
    0xde, 0x0, 0x0, 0xde, 0x0, 0x0, 0xde, 0x0,
    0x0, 0xde, 0x0, 0x0, 0xde, 0x0, 0x0, 0xde,
    0x0, 0x0, 0xde, 0x0, 0x0, 0xde, 0x0, 0x0,
    0xed, 0x0, 0x2a, 0xfa, 0x0, 0x4f, 0xb1, 0x0,

    /* U+0136 "Ķ" */
    0xbf, 0x10, 0x0, 0x3f, 0xe2, 0xbf, 0x10, 0x2,
    0xef, 0x30, 0xbf, 0x10, 0x1d, 0xf5, 0x0, 0xbf,
    0x10, 0xcf, 0x70, 0x0, 0xbf, 0x1a, 0xf8, 0x0,
    0x0, 0xbf, 0x7f, 0xf3, 0x0, 0x0, 0xbf, 0xfb,
    0xfd, 0x0, 0x0, 0xbf, 0xb0, 0x9f, 0x80, 0x0,
    0xbf, 0x10, 0xd, 0xf3, 0x0, 0xbf, 0x10, 0x3,
    0xfd, 0x0, 0xbf, 0x10, 0x0, 0x8f, 0x80, 0xbf,
    0x10, 0x0, 0xd, 0xf3, 0x0, 0x0, 0x0, 0x0,
    0x0, 0x0, 0x6, 0xf3, 0x0, 0x0, 0x0, 0x9,
    0xd0, 0x0, 0x0, 0x0, 0xc, 0x70, 0x0, 0x0,

    /* U+0137 "ķ" */
    0xde, 0x0, 0x0, 0x0, 0xde, 0x0, 0x0, 0x0,
    0xde, 0x0, 0x0, 0x0, 0xde, 0x0, 0x1d, 0xe2,
    0xde, 0x0, 0xdf, 0x30, 0xde, 0xc, 0xf4, 0x0,
    0xde, 0xaf, 0x60, 0x0, 0xdf, 0xff, 0x70, 0x0,
    0xdf, 0x4d, 0xf3, 0x0, 0xde, 0x3, 0xfe, 0x10,
    0xde, 0x0, 0x7f, 0xa0, 0xde, 0x0, 0xb, 0xf6,
    0x0, 0x0, 0x0, 0x0, 0x0, 0x5f, 0x40, 0x0,
    0x0, 0x9e, 0x0, 0x0, 0x0, 0xb8, 0x0, 0x0,

    /* U+0138 "ĸ" */
    0xde, 0x0, 0xd, 0xf3, 0xde, 0x0, 0x9f, 0x60,
    0xde, 0x5, 0xf9, 0x0, 0xde, 0x2f, 0xc0, 0x0,
    0xdf, 0xff, 0x30, 0x0, 0xde, 0x5f, 0xb0, 0x0,
    0xde, 0x8, 0xf7, 0x0, 0xde, 0x0, 0xbf, 0x40,
    0xde, 0x0, 0x1e, 0xf2,

    /* U+0139 "Ĺ" */
    0x3, 0x61, 0x0, 0x0, 0xd, 0xc0, 0x0, 0x0,
    0x4f, 0x20, 0x0, 0x0, 0x0, 0x0, 0x0, 0x0,
    0xbf, 0x10, 0x0, 0x0, 0xbf, 0x10, 0x0, 0x0,
    0xbf, 0x10, 0x0, 0x0, 0xbf, 0x10, 0x0, 0x0,
    0xbf, 0x10, 0x0, 0x0, 0xbf, 0x10, 0x0, 0x0,
    0xbf, 0x10, 0x0, 0x0, 0xbf, 0x10, 0x0, 0x0,
    0xbf, 0x10, 0x0, 0x0, 0xbf, 0x10, 0x0, 0x0,
    0xbf, 0x99, 0x99, 0x93, 0xbf, 0xff, 0xff, 0xf5,

    /* U+013A "ĺ" */
    0x3, 0x50, 0xe, 0x90, 0x7e, 0x10, 0x0, 0x0,
    0xde, 0x0, 0xde, 0x0, 0xde, 0x0, 0xde, 0x0,
    0xde, 0x0, 0xde, 0x0, 0xde, 0x0, 0xde, 0x0,
    0xde, 0x0, 0xde, 0x0, 0xde, 0x0, 0xde, 0x0,

    /* U+013B "Ļ" */
    0xbf, 0x10, 0x0, 0x0, 0xbf, 0x10, 0x0, 0x0,
    0xbf, 0x10, 0x0, 0x0, 0xbf, 0x10, 0x0, 0x0,
    0xbf, 0x10, 0x0, 0x0, 0xbf, 0x10, 0x0, 0x0,
    0xbf, 0x10, 0x0, 0x0, 0xbf, 0x10, 0x0, 0x0,
    0xbf, 0x10, 0x0, 0x0, 0xbf, 0x10, 0x0, 0x0,
    0xbf, 0x99, 0x99, 0x93, 0xbf, 0xff, 0xff, 0xf5,
    0x0, 0x0, 0x0, 0x0, 0x0, 0x2f, 0x70, 0x0,
    0x0, 0x6f, 0x10, 0x0, 0x0, 0x8b, 0x0, 0x0,

    /* U+013C "ļ" */
    0xd, 0xe0, 0xde, 0xd, 0xe0, 0xde, 0xd, 0xe0,
    0xde, 0xd, 0xe0, 0xde, 0xd, 0xe0, 0xde, 0xd,
    0xe0, 0xde, 0x0, 0x0, 0xfa, 0x2f, 0x45, 0xd0,

    /* U+013D "Ľ" */
    0x0, 0x0, 0x0, 0x0, 0xbf, 0x10, 0xf7, 0x0,
    0xbf, 0x10, 0xf4, 0x0, 0xbf, 0x10, 0xf2, 0x0,
    0xbf, 0x10, 0x0, 0x0, 0xbf, 0x10, 0x0, 0x0,
    0xbf, 0x10, 0x0, 0x0, 0xbf, 0x10, 0x0, 0x0,
    0xbf, 0x10, 0x0, 0x0, 0xbf, 0x10, 0x0, 0x0,
    0xbf, 0x10, 0x0, 0x0, 0xbf, 0x99, 0x99, 0x93,
    0xbf, 0xff, 0xff, 0xf5,

    /* U+013E "ľ" */
    0x0, 0x0, 0xd, 0xe0, 0xf6, 0xde, 0xf, 0x4d,
    0xe0, 0xf2, 0xde, 0x0, 0xd, 0xe0, 0x0, 0xde,
    0x0, 0xd, 0xe0, 0x0, 0xde, 0x0, 0xd, 0xe0,
    0x0, 0xde, 0x0, 0xd, 0xe0, 0x0, 0xde, 0x0,
    0x0,

    /* U+013F "Ŀ" */
    0xbf, 0x10, 0x0, 0x0, 0xbf, 0x10, 0x0, 0x0,
    0xbf, 0x10, 0x0, 0x0, 0xbf, 0x10, 0x0, 0x0,
    0xbf, 0x13, 0xe7, 0x0, 0xbf, 0x14, 0xf8, 0x0,
    0xbf, 0x10, 0x0, 0x0, 0xbf, 0x10, 0x0, 0x0,
    0xbf, 0x10, 0x0, 0x0, 0xbf, 0x10, 0x0, 0x0,
    0xbf, 0x99, 0x99, 0x93, 0xbf, 0xff, 0xff, 0xf5,

    /* U+0140 "ŀ" */
    0xde, 0x0, 0x0, 0xde, 0x0, 0x0, 0xde, 0x0,
    0x0, 0xde, 0x0, 0x0, 0xde, 0x0, 0x0, 0xde,
    0xc, 0xd0, 0xde, 0xf, 0xf1, 0xde, 0x2, 0x30,
    0xde, 0x0, 0x0, 0xde, 0x0, 0x0, 0xde, 0x0,
    0x0, 0xde, 0x0, 0x0,

    /* U+0141 "Ł" */
    0x3, 0xf9, 0x0, 0x0, 0x0, 0x3f, 0x90, 0x0,
    0x0, 0x3, 0xf9, 0x0, 0x0, 0x0, 0x3f, 0x91,
    0xa6, 0x0, 0x3, 0xff, 0xff, 0x40, 0x0, 0x7f,
    0xfa, 0x10, 0x0, 0x8f, 0xfd, 0x0, 0x0, 0x9,
    0xaf, 0x90, 0x0, 0x0, 0x3, 0xf9, 0x0, 0x0,
    0x0, 0x3f, 0x90, 0x0, 0x0, 0x3, 0xfd, 0x99,
    0x99, 0x70, 0x3f, 0xff, 0xff, 0xfe,

    /* U+0142 "ł" */
    0x0, 0xde, 0x0, 0x0, 0xde, 0x0, 0x0, 0xde,
    0x0, 0x0, 0xdf, 0xb2, 0x0, 0xff, 0xc0, 0x1d,
    0xff, 0x0, 0x19, 0xee, 0x0, 0x0, 0xde, 0x0,
    0x0, 0xde, 0x0, 0x0, 0xde, 0x0, 0x0, 0xde,
    0x0, 0x0, 0xde, 0x0,

    /* U+0143 "Ń" */
    0x0, 0x0, 0x3, 0x50, 0x0, 0x0, 0x0, 0xe,
    0xa0, 0x0, 0x0, 0x0, 0x6e, 0x10, 0x0, 0x0,
    0x0, 0x0, 0x0, 0x0, 0xbf, 0xa0, 0x0, 0x0,
    0xfd, 0xbf, 0xf4, 0x0, 0x0, 0xfd, 0xbf, 0xdd,
    0x0, 0x0, 0xfd, 0xbf, 0x6f, 0x70, 0x0, 0xfd,
    0xbf, 0x1d, 0xf2, 0x0, 0xfd, 0xbf, 0x13, 0xfb,
    0x0, 0xfd, 0xbf, 0x10, 0xaf, 0x50, 0xfd, 0xbf,
    0x10, 0x1e, 0xe0, 0xfd, 0xbf, 0x10, 0x6, 0xf7,
    0xfd, 0xbf, 0x10, 0x0, 0xce, 0xed, 0xbf, 0x10,
    0x0, 0x3f, 0xfd, 0xbf, 0x10, 0x0, 0x8, 0xfd,

    /* U+0144 "ń" */
    0x0, 0x0, 0x55, 0x0, 0x0, 0x3, 0xf6, 0x0,
    0x0, 0xa, 0xb0, 0x0, 0x0, 0x0, 0x0, 0x0,
    0xdc, 0x4d, 0xfc, 0x30, 0xde, 0xd7, 0x8f, 0xf1,
    0xdf, 0x20, 0x7, 0xf5, 0xde, 0x0, 0x4, 0xf7,
    0xde, 0x0, 0x4, 0xf7, 0xde, 0x0, 0x4, 0xf7,
    0xde, 0x0, 0x4, 0xf7, 0xde, 0x0, 0x4, 0xf7,
    0xde, 0x0, 0x4, 0xf7,

    /* U+0145 "Ņ" */
    0xbf, 0xa0, 0x0, 0x0, 0xfd, 0xbf, 0xf4, 0x0,
    0x0, 0xfd, 0xbf, 0xdd, 0x0, 0x0, 0xfd, 0xbf,
    0x6f, 0x70, 0x0, 0xfd, 0xbf, 0x1d, 0xf2, 0x0,
    0xfd, 0xbf, 0x13, 0xfb, 0x0, 0xfd, 0xbf, 0x10,
    0xaf, 0x50, 0xfd, 0xbf, 0x10, 0x1e, 0xe0, 0xfd,
    0xbf, 0x10, 0x6, 0xf7, 0xfd, 0xbf, 0x10, 0x0,
    0xce, 0xed, 0xbf, 0x10, 0x0, 0x3f, 0xfd, 0xbf,
    0x10, 0x0, 0x8, 0xfd, 0x0, 0x0, 0x0, 0x0,
    0x0, 0x0, 0x0, 0xeb, 0x0, 0x0, 0x0, 0x2,
    0xf5, 0x0, 0x0, 0x0, 0x5, 0xe0, 0x0, 0x0,

    /* U+0146 "ņ" */
    0xdc, 0x4d, 0xfc, 0x30, 0xde, 0xd7, 0x8f, 0xf1,
    0xdf, 0x20, 0x7, 0xf5, 0xde, 0x0, 0x4, 0xf7,
    0xde, 0x0, 0x4, 0xf7, 0xde, 0x0, 0x4, 0xf7,
    0xde, 0x0, 0x4, 0xf7, 0xde, 0x0, 0x4, 0xf7,
    0xde, 0x0, 0x4, 0xf7, 0x0, 0x0, 0x0, 0x0,
    0x0, 0x2f, 0x70, 0x0, 0x0, 0x5f, 0x10, 0x0,
    0x0, 0x8b, 0x0, 0x0,

    /* U+0147 "Ň" */
    0x0, 0x37, 0x10, 0x74, 0x0, 0x0, 0xd, 0xa9,
    0xe1, 0x0, 0x0, 0x2, 0xff, 0x30, 0x0, 0x0,
    0x0, 0x0, 0x0, 0x0, 0xbf, 0xa0, 0x0, 0x0,
    0xfd, 0xbf, 0xf4, 0x0, 0x0, 0xfd, 0xbf, 0xdd,
    0x0, 0x0, 0xfd, 0xbf, 0x6f, 0x70, 0x0, 0xfd,
    0xbf, 0x1d, 0xf2, 0x0, 0xfd, 0xbf, 0x13, 0xfb,
    0x0, 0xfd, 0xbf, 0x10, 0xaf, 0x50, 0xfd, 0xbf,
    0x10, 0x1e, 0xe0, 0xfd, 0xbf, 0x10, 0x6, 0xf7,
    0xfd, 0xbf, 0x10, 0x0, 0xce, 0xed, 0xbf, 0x10,
    0x0, 0x3f, 0xfd, 0xbf, 0x10, 0x0, 0x8, 0xfd,

    /* U+0148 "ň" */
    0x5, 0x60, 0x28, 0x30, 0x2, 0xf7, 0xcc, 0x0,
    0x0, 0x5f, 0xe1, 0x0, 0x0, 0x0, 0x0, 0x0,
    0xdc, 0x4d, 0xfc, 0x30, 0xde, 0xd7, 0x8f, 0xf1,
    0xdf, 0x20, 0x7, 0xf5, 0xde, 0x0, 0x4, 0xf7,
    0xde, 0x0, 0x4, 0xf7, 0xde, 0x0, 0x4, 0xf7,
    0xde, 0x0, 0x4, 0xf7, 0xde, 0x0, 0x4, 0xf7,
    0xde, 0x0, 0x4, 0xf7,

    /* U+014A "Ŋ" */
    0xbf, 0xa0, 0x0, 0x0, 0xfd, 0xbf, 0xf4, 0x0,
    0x0, 0xfd, 0xbf, 0xdd, 0x0, 0x0, 0xfd, 0xbf,
    0x6f, 0x70, 0x0, 0xfd, 0xbf, 0x1d, 0xf2, 0x0,
    0xfd, 0xbf, 0x13, 0xfb, 0x0, 0xfd, 0xbf, 0x10,
    0xaf, 0x50, 0xfd, 0xbf, 0x10, 0x1e, 0xe0, 0xfd,
    0xbf, 0x10, 0x6, 0xf7, 0xfd, 0xbf, 0x10, 0x0,
    0xce, 0xed, 0xbf, 0x10, 0x0, 0x3f, 0xfd, 0xbf,
    0x10, 0x0, 0x8, 0xfe, 0x0, 0x0, 0x0, 0x0,
    0xee, 0x0, 0x0, 0x0, 0x49, 0xfc, 0x0, 0x0,
    0x0, 0x7f, 0xd3,

    /* U+014B "ŋ" */
    0xdc, 0x4d, 0xfc, 0x40, 0xde, 0xd7, 0x8f, 0xf1,
    0xdf, 0x20, 0x7, 0xf5, 0xde, 0x0, 0x4, 0xf7,
    0xde, 0x0, 0x4, 0xf7, 0xde, 0x0, 0x4, 0xf7,
    0xde, 0x0, 0x4, 0xf7, 0xde, 0x0, 0x4, 0xf7,
    0xde, 0x0, 0x4, 0xf7, 0x0, 0x0, 0x4, 0xf7,
    0x0, 0x0, 0x7c, 0xf5, 0x0, 0x0, 0xef, 0xa0,

    /* U+014C "Ō" */
    0x0, 0x0, 0x0, 0x0, 0x0, 0x0, 0x0, 0x0,
    0xff, 0xff, 0x50, 0x0, 0x0, 0x0, 0x33, 0x33,
    0x10, 0x0, 0x0, 0x0, 0x0, 0x0, 0x0, 0x0,
    0x0, 0x4, 0xbe, 0xfc, 0x60, 0x0, 0x0, 0x7f,
    0xfb, 0xbe, 0xfb, 0x0, 0x3, 0xfd, 0x20, 0x0,
    0xaf, 0x70, 0xa, 0xf3, 0x0, 0x0, 0xe, 0xe0,
    0xf, 0xd0, 0x0, 0x0, 0x9, 0xf3, 0x1f, 0xb0,
    0x0, 0x0, 0x6, 0xf5, 0x1f, 0xb0, 0x0, 0x0,
    0x6, 0xf5, 0xf, 0xd0, 0x0, 0x0, 0x9, 0xf3,
    0xa, 0xf3, 0x0, 0x0, 0xe, 0xe0, 0x3, 0xfd,
    0x20, 0x0, 0xaf, 0x80, 0x0, 0x7f, 0xfb, 0xbe,
    0xfb, 0x0, 0x0, 0x4, 0xbe, 0xfc, 0x60, 0x0,

    /* U+014D "ō" */
    0x0, 0x5f, 0xff, 0xf0, 0x0, 0x1, 0x44, 0x44,
    0x0, 0x0, 0x0, 0x0, 0x0, 0x0, 0x4, 0xcf,
    0xea, 0x10, 0x4, 0xfe, 0x89, 0xfe, 0x10, 0xdf,
    0x10, 0x5, 0xf8, 0x2f, 0xa0, 0x0, 0xf, 0xc3,
    0xf8, 0x0, 0x0, 0xde, 0x2f, 0xa0, 0x0, 0xf,
    0xd0, 0xde, 0x10, 0x5, 0xf8, 0x4, 0xfe, 0x89,
    0xfe, 0x10, 0x4, 0xcf, 0xea, 0x10,

    /* U+014E "Ŏ" */
    0x0, 0x1, 0x70, 0x5, 0x40, 0x0, 0x0, 0x1,
    0xf3, 0x1d, 0x50, 0x0, 0x0, 0x0, 0x5f, 0xf9,
    0x0, 0x0, 0x0, 0x0, 0x0, 0x10, 0x0, 0x0,
    0x0, 0x4, 0xbe, 0xfc, 0x60, 0x0, 0x0, 0x7f,
    0xfb, 0xbe, 0xfb, 0x0, 0x3, 0xfd, 0x20, 0x0,
    0xaf, 0x70, 0xa, 0xf3, 0x0, 0x0, 0xe, 0xe0,
    0xf, 0xd0, 0x0, 0x0, 0x9, 0xf3, 0x1f, 0xb0,
    0x0, 0x0, 0x6, 0xf5, 0x1f, 0xb0, 0x0, 0x0,
    0x6, 0xf5, 0xf, 0xd0, 0x0, 0x0, 0x9, 0xf3,
    0xa, 0xf3, 0x0, 0x0, 0xe, 0xe0, 0x3, 0xfd,
    0x20, 0x0, 0xaf, 0x80, 0x0, 0x7f, 0xfb, 0xbe,
    0xfb, 0x0, 0x0, 0x4, 0xbe, 0xfc, 0x60, 0x0,

    /* U+014F "ŏ" */
    0x0, 0x44, 0x0, 0x71, 0x0, 0x6, 0xd1, 0x4f,
    0x10, 0x0, 0xa, 0xff, 0x50, 0x0, 0x0, 0x1,
    0x0, 0x0, 0x0, 0x4c, 0xfe, 0xa1, 0x0, 0x4f,
    0xe8, 0x9f, 0xe1, 0xd, 0xf1, 0x0, 0x5f, 0x82,
    0xfa, 0x0, 0x0, 0xfc, 0x3f, 0x80, 0x0, 0xd,
    0xe2, 0xfa, 0x0, 0x0, 0xfd, 0xd, 0xe1, 0x0,
    0x5f, 0x80, 0x4f, 0xe8, 0x9f, 0xe1, 0x0, 0x4c,
    0xfe, 0xa1, 0x0,

    /* U+0150 "Ő" */
    0x0, 0x0, 0x35, 0x3, 0x50, 0x0, 0x0, 0x0,
    0xdb, 0x1e, 0x90, 0x0, 0x0, 0x4, 0xf2, 0x9d,
    0x0, 0x0, 0x0, 0x0, 0x0, 0x0, 0x0, 0x0,
    0x0, 0x4, 0xbe, 0xfc, 0x60, 0x0, 0x0, 0x7f,
    0xfb, 0xbe, 0xfb, 0x0, 0x3, 0xfd, 0x20, 0x0,
    0xaf, 0x70, 0xa, 0xf3, 0x0, 0x0, 0xe, 0xe0,
    0xf, 0xd0, 0x0, 0x0, 0x9, 0xf3, 0x1f, 0xb0,
    0x0, 0x0, 0x6, 0xf5, 0x1f, 0xb0, 0x0, 0x0,
    0x6, 0xf5, 0xf, 0xd0, 0x0, 0x0, 0x9, 0xf3,
    0xa, 0xf3, 0x0, 0x0, 0xe, 0xe0, 0x3, 0xfd,
    0x20, 0x0, 0xaf, 0x80, 0x0, 0x7f, 0xfb, 0xbe,
    0xfb, 0x0, 0x0, 0x4, 0xbe, 0xfc, 0x60, 0x0,

    /* U+0151 "ő" */
    0x0, 0x5, 0x40, 0x54, 0x0, 0x3, 0xf6, 0x5f,
    0x40, 0x0, 0x9d, 0xd, 0x80, 0x0, 0x0, 0x0,
    0x0, 0x0, 0x0, 0x4c, 0xfe, 0xa1, 0x0, 0x4f,
    0xe8, 0x9f, 0xe1, 0xd, 0xf1, 0x0, 0x5f, 0x82,
    0xfa, 0x0, 0x0, 0xfc, 0x3f, 0x80, 0x0, 0xd,
    0xe2, 0xfa, 0x0, 0x0, 0xfd, 0xd, 0xe1, 0x0,
    0x5f, 0x80, 0x4f, 0xe8, 0x9f, 0xe1, 0x0, 0x4c,
    0xfe, 0xa1, 0x0,

    /* U+0152 "Œ" */
    0x0, 0x3, 0xbe, 0xff, 0xff, 0xff, 0xff, 0xf1,
    0x0, 0x7f, 0xfa, 0x9a, 0xfd, 0x99, 0x99, 0x90,
    0x3, 0xfd, 0x10, 0x3, 0xf9, 0x0, 0x0, 0x0,
    0xa, 0xf3, 0x0, 0x3, 0xf9, 0x0, 0x0, 0x0,
    0xf, 0xd0, 0x0, 0x3, 0xf9, 0x0, 0x0, 0x0,
    0xf, 0xb0, 0x0, 0x3, 0xfd, 0x99, 0x99, 0x60,
    0x1f, 0xa0, 0x0, 0x3, 0xff, 0xff, 0xff, 0xb0,
    0xf, 0xd0, 0x0, 0x3, 0xf9, 0x0, 0x0, 0x0,
    0xa, 0xf2, 0x0, 0x3, 0xf9, 0x0, 0x0, 0x0,
    0x3, 0xfd, 0x10, 0x3, 0xf9, 0x0, 0x0, 0x0,
    0x0, 0x7f, 0xfa, 0x9a, 0xfd, 0x99, 0x99, 0x91,
    0x0, 0x4, 0xbe, 0xff, 0xff, 0xff, 0xff, 0xf2,

    /* U+0153 "œ" */
    0x0, 0x4c, 0xfe, 0xa1, 0x8, 0xef, 0xc4, 0x0,
    0x4, 0xfe, 0x89, 0xfe, 0xdf, 0xb8, 0xdf, 0x50,
    0xd, 0xf1, 0x0, 0x5f, 0xf8, 0x0, 0xe, 0xd0,
    0x2f, 0xa0, 0x0, 0xf, 0xf2, 0x11, 0x19, 0xf1,
    0x3f, 0x80, 0x0, 0xf, 0xff, 0xff, 0xff, 0xf2,
    0x2f, 0xa0, 0x0, 0xf, 0xf5, 0x44, 0x44, 0x40,
    0xd, 0xe1, 0x0, 0x5f, 0xf6, 0x0, 0x5, 0x50,
    0x4, 0xfe, 0x89, 0xfe, 0xdf, 0xa8, 0xbf, 0xa0,
    0x0, 0x4c, 0xfe, 0xa1, 0x8, 0xef, 0xd8, 0x0,

    /* U+0154 "Ŕ" */
    0x0, 0x0, 0x36, 0x10, 0x0, 0x0, 0xd, 0xb0,
    0x0, 0x0, 0x5, 0xf1, 0x0, 0x0, 0x0, 0x0,
    0x0, 0x0, 0xbf, 0xff, 0xfe, 0x80, 0xb, 0xf9,
    0x89, 0xcf, 0xc0, 0xbf, 0x10, 0x0, 0xbf, 0x4b,
    0xf1, 0x0, 0x5, 0xf7, 0xbf, 0x10, 0x0, 0x6f,
    0x6b, 0xf1, 0x0, 0x3e, 0xf2, 0xbf, 0xff, 0xff,
    0xf7, 0xb, 0xf9, 0x9b, 0xf9, 0x0, 0xbf, 0x10,
    0xe, 0xf1, 0xb, 0xf1, 0x0, 0x6f, 0x90, 0xbf,
    0x10, 0x0, 0xdf, 0x2b, 0xf1, 0x0, 0x5, 0xfa,

    /* U+0155 "ŕ" */
    0x0, 0x16, 0x20, 0x9, 0xe1, 0x1, 0xf5, 0x0,
    0x0, 0x0, 0xdd, 0x5e, 0xdd, 0xee, 0x97, 0xdf,
    0x30, 0xd, 0xe0, 0x0, 0xde, 0x0, 0xd, 0xe0,
    0x0, 0xde, 0x0, 0xd, 0xe0, 0x0, 0xde, 0x0,
    0x0,

    /* U+0156 "Ŗ" */
    0xbf, 0xff, 0xfe, 0x80, 0xb, 0xf9, 0x89, 0xcf,
    0xc0, 0xbf, 0x10, 0x0, 0xbf, 0x4b, 0xf1, 0x0,
    0x5, 0xf7, 0xbf, 0x10, 0x0, 0x6f, 0x6b, 0xf1,
    0x0, 0x3e, 0xf2, 0xbf, 0xff, 0xff, 0xf7, 0xb,
    0xf9, 0x9b, 0xf9, 0x0, 0xbf, 0x10, 0xe, 0xf1,
    0xb, 0xf1, 0x0, 0x6f, 0x90, 0xbf, 0x10, 0x0,
    0xdf, 0x2b, 0xf1, 0x0, 0x5, 0xfa, 0x0, 0x0,
    0x0, 0x0, 0x0, 0x0, 0xaf, 0x0, 0x0, 0x0,
    0xd, 0x90, 0x0, 0x0, 0x1, 0xe3, 0x0, 0x0,

    /* U+0157 "ŗ" */
    0xd, 0xd5, 0xed, 0xd, 0xee, 0x97, 0xd, 0xf3,
    0x0, 0xd, 0xe0, 0x0, 0xd, 0xe0, 0x0, 0xd,
    0xe0, 0x0, 0xd, 0xe0, 0x0, 0xd, 0xe0, 0x0,
    0xd, 0xe0, 0x0, 0x0, 0x0, 0x0, 0xe, 0xa0,
    0x0, 0x2f, 0x40, 0x0, 0x5d, 0x0, 0x0,

    /* U+0158 "Ř" */
    0x3, 0x81, 0x7, 0x50, 0x0, 0xc, 0xb8, 0xe2,
    0x0, 0x0, 0x1e, 0xf4, 0x0, 0x0, 0x0, 0x0,
    0x0, 0x0, 0xbf, 0xff, 0xfe, 0x80, 0xb, 0xf9,
    0x89, 0xcf, 0xc0, 0xbf, 0x10, 0x0, 0xbf, 0x4b,
    0xf1, 0x0, 0x5, 0xf7, 0xbf, 0x10, 0x0, 0x6f,
    0x6b, 0xf1, 0x0, 0x3e, 0xf2, 0xbf, 0xff, 0xff,
    0xf7, 0xb, 0xf9, 0x9b, 0xf9, 0x0, 0xbf, 0x10,
    0xe, 0xf1, 0xb, 0xf1, 0x0, 0x6f, 0x90, 0xbf,
    0x10, 0x0, 0xdf, 0x2b, 0xf1, 0x0, 0x5, 0xfa,

    /* U+0159 "ř" */
    0x7, 0x30, 0x57, 0x0, 0x8e, 0x5f, 0x60, 0x0,
    0xbf, 0x90, 0x0, 0x0, 0x0, 0x0, 0xd, 0xd5,
    0xed, 0x0, 0xde, 0xe9, 0x70, 0xd, 0xf3, 0x0,
    0x0, 0xde, 0x0, 0x0, 0xd, 0xe0, 0x0, 0x0,
    0xde, 0x0, 0x0, 0xd, 0xe0, 0x0, 0x0, 0xde,
    0x0, 0x0, 0xd, 0xe0, 0x0, 0x0,

    /* U+015A "Ś" */
    0x0, 0x0, 0x3, 0x61, 0x0, 0x0, 0x0, 0xd,
    0xc0, 0x0, 0x0, 0x0, 0x4f, 0x20, 0x0, 0x0,
    0x0, 0x0, 0x0, 0x0, 0x0, 0x3a, 0xef, 0xd7,
    0x0, 0x3, 0xff, 0xa9, 0xdf, 0xb0, 0xb, 0xf3,
    0x0, 0xb, 0xf3, 0xc, 0xf0, 0x0, 0x1, 0x31,
    0x8, 0xfb, 0x20, 0x0, 0x0, 0x0, 0xaf, 0xfd,
    0x92, 0x0, 0x0, 0x2, 0x7c, 0xff, 0x80, 0x0,
    0x0, 0x0, 0x2c, 0xf4, 0x17, 0x50, 0x0, 0x4,
    0xf7, 0xf, 0xe1, 0x0, 0xa, 0xf5, 0x7, 0xff,
    0xaa, 0xdf, 0xc0, 0x0, 0x4b, 0xef, 0xd8, 0x0,

    /* U+015B "ś" */
    0x0, 0x0, 0x16, 0x20, 0x0, 0x0, 0xae, 0x10,
    0x0, 0x1, 0xf5, 0x0, 0x0, 0x0, 0x0, 0x0,
    0x0, 0x9e, 0xfd, 0x60, 0xa, 0xf9, 0x6b, 0xf5,
    0xf, 0xc0, 0x0, 0x72, 0xb, 0xf9, 0x40, 0x0,
    0x1, 0xaf, 0xff, 0xa1, 0x0, 0x0, 0x39, 0xfb,
    0x18, 0x60, 0x0, 0xfd, 0xd, 0xf9, 0x7b, 0xf8,
    0x1, 0xae, 0xfd, 0x70,

    /* U+015C "Ŝ" */
    0x0, 0x0, 0x67, 0x10, 0x0, 0x0, 0x9, 0xda,
    0xd1, 0x0, 0x0, 0x28, 0x20, 0x75, 0x0, 0x0,
    0x0, 0x0, 0x0, 0x0, 0x0, 0x3a, 0xef, 0xd7,
    0x0, 0x3, 0xff, 0xa9, 0xdf, 0xb0, 0xb, 0xf3,
    0x0, 0xb, 0xf3, 0xc, 0xf0, 0x0, 0x1, 0x31,
    0x8, 0xfb, 0x20, 0x0, 0x0, 0x0, 0xaf, 0xfd,
    0x92, 0x0, 0x0, 0x2, 0x7c, 0xff, 0x80, 0x0,
    0x0, 0x0, 0x2c, 0xf4, 0x17, 0x50, 0x0, 0x4,
    0xf7, 0xf, 0xe1, 0x0, 0xa, 0xf5, 0x7, 0xff,
    0xaa, 0xdf, 0xc0, 0x0, 0x4b, 0xef, 0xd8, 0x0,

    /* U+015D "ŝ" */
    0x0, 0x4, 0x82, 0x0, 0x0, 0x6f, 0x9e, 0x30,
    0x1, 0x73, 0x5, 0x60, 0x0, 0x0, 0x0, 0x0,
    0x0, 0x9e, 0xfd, 0x60, 0xa, 0xf9, 0x6b, 0xf5,
    0xf, 0xc0, 0x0, 0x72, 0xb, 0xf9, 0x40, 0x0,
    0x1, 0xaf, 0xff, 0xa1, 0x0, 0x0, 0x39, 0xfb,
    0x18, 0x60, 0x0, 0xfd, 0xd, 0xf9, 0x7b, 0xf8,
    0x1, 0xae, 0xfd, 0x70,

    /* U+015E "Ş" */
    0x0, 0x3a, 0xef, 0xd7, 0x0, 0x3, 0xff, 0xa9,
    0xdf, 0xb0, 0xb, 0xf3, 0x0, 0xb, 0xf3, 0xc,
    0xf0, 0x0, 0x1, 0x31, 0x8, 0xfb, 0x20, 0x0,
    0x0, 0x0, 0xaf, 0xfd, 0x92, 0x0, 0x0, 0x2,
    0x7c, 0xff, 0x80, 0x0, 0x0, 0x0, 0x2c, 0xf4,
    0x17, 0x50, 0x0, 0x4, 0xf7, 0xf, 0xe1, 0x0,
    0xa, 0xf5, 0x7, 0xff, 0xaa, 0xdf, 0xc0, 0x0,
    0x4b, 0xff, 0xd8, 0x0, 0x0, 0x0, 0x5c, 0x40,
    0x0, 0x0, 0x0, 0x15, 0xf0, 0x0, 0x0, 0x0,
    0xae, 0xb0, 0x0,

    /* U+015F "ş" */
    0x0, 0x9e, 0xfd, 0x60, 0xa, 0xf9, 0x6b, 0xf5,
    0xf, 0xc0, 0x0, 0x72, 0xb, 0xf9, 0x40, 0x0,
    0x1, 0xaf, 0xff, 0xa1, 0x0, 0x0, 0x39, 0xfb,
    0x18, 0x60, 0x0, 0xfd, 0xd, 0xf9, 0x7b, 0xf8,
    0x1, 0xae, 0xfd, 0x70, 0x0, 0x2, 0xe5, 0x0,
    0x0, 0x0, 0x3f, 0x30, 0x0, 0x7, 0xec, 0x10,

    /* U+0160 "Š" */
    0x0, 0x3a, 0x20, 0x96, 0x0, 0x0, 0xa, 0xd9,
    0xe1, 0x0, 0x0, 0x0, 0xbc, 0x30, 0x0, 0x0,
    0x0, 0x0, 0x0, 0x0, 0x0, 0x3a, 0xef, 0xd8,
    0x0, 0x3, 0xff, 0xa9, 0xcf, 0xc0, 0xb, 0xf3,
    0x0, 0x9, 0xf4, 0xc, 0xf0, 0x0, 0x0, 0x0,
    0x8, 0xfb, 0x20, 0x0, 0x0, 0x0, 0xaf, 0xfd,
    0x92, 0x0, 0x0, 0x2, 0x7c, 0xff, 0x80, 0x0,
    0x0, 0x0, 0x2c, 0xf4, 0x18, 0x50, 0x0, 0x4,
    0xf7, 0xf, 0xe2, 0x0, 0xa, 0xf5, 0x7, 0xff,
    0xba, 0xdf, 0xc0, 0x0, 0x4b, 0xef, 0xd8, 0x0,

    /* U+0161 "š" */
    0x0, 0x73, 0x5, 0x70, 0x0, 0x5f, 0x9e, 0x30,
    0x0, 0x4, 0x83, 0x0, 0x0, 0x0, 0x0, 0x0,
    0x0, 0x9e, 0xfd, 0x60, 0xa, 0xf9, 0x6b, 0xf5,
    0xf, 0xc0, 0x0, 0x72, 0xb, 0xf9, 0x40, 0x0,
    0x1, 0xaf, 0xff, 0xa1, 0x0, 0x0, 0x39, 0xfb,
    0x18, 0x60, 0x0, 0xfd, 0xd, 0xf9, 0x7b, 0xf8,
    0x1, 0xae, 0xfd, 0x70,

    /* U+0162 "Ţ" */
    0x4f, 0xff, 0xff, 0xff, 0xfc, 0x29, 0x99, 0xdf,
    0x99, 0x96, 0x0, 0x0, 0xaf, 0x20, 0x0, 0x0,
    0x0, 0xaf, 0x20, 0x0, 0x0, 0x0, 0xaf, 0x20,
    0x0, 0x0, 0x0, 0xaf, 0x20, 0x0, 0x0, 0x0,
    0xaf, 0x20, 0x0, 0x0, 0x0, 0xaf, 0x20, 0x0,
    0x0, 0x0, 0xaf, 0x20, 0x0, 0x0, 0x0, 0xaf,
    0x20, 0x0, 0x0, 0x0, 0xaf, 0x20, 0x0, 0x0,
    0x0, 0xbf, 0x20, 0x0, 0x0, 0x0, 0x4c, 0x30,
    0x0, 0x0, 0x0, 0x15, 0xf1, 0x0, 0x0, 0x0,
    0x9e, 0xb0, 0x0,

    /* U+0163 "ţ" */
    0x4, 0x81, 0x0, 0x9, 0xf2, 0x0, 0x9, 0xf2,
    0x0, 0xdf, 0xff, 0xe0, 0x5b, 0xf8, 0x60, 0x9,
    0xf2, 0x0, 0x9, 0xf2, 0x0, 0x9, 0xf2, 0x0,
    0x9, 0xf2, 0x0, 0x8, 0xf2, 0x0, 0x6, 0xfb,
    0x70, 0x0, 0x9f, 0xe0, 0x0, 0x1e, 0x50, 0x0,
    0x3, 0xe4, 0x0, 0x6e, 0xd1,

    /* U+0164 "Ť" */
    0x0, 0x28, 0x20, 0x66, 0x0, 0x0, 0xb, 0xd6,
    0xf3, 0x0, 0x0, 0x0, 0xdf, 0x60, 0x0, 0x0,
    0x0, 0x0, 0x0, 0x0, 0x4f, 0xff, 0xff, 0xff,
    0xfc, 0x29, 0x99, 0xdf, 0x99, 0x96, 0x0, 0x0,
    0xaf, 0x20, 0x0, 0x0, 0x0, 0xaf, 0x20, 0x0,
    0x0, 0x0, 0xaf, 0x20, 0x0, 0x0, 0x0, 0xaf,
    0x20, 0x0, 0x0, 0x0, 0xaf, 0x20, 0x0, 0x0,
    0x0, 0xaf, 0x20, 0x0, 0x0, 0x0, 0xaf, 0x20,
    0x0, 0x0, 0x0, 0xaf, 0x20, 0x0, 0x0, 0x0,
    0xaf, 0x20, 0x0, 0x0, 0x0, 0xaf, 0x20, 0x0,

    /* U+0165 "ť" */
    0x0, 0x0, 0x0, 0x0, 0x0, 0xe8, 0x0, 0x0,
    0xe6, 0x9, 0xf2, 0xe4, 0x9, 0xf2, 0x0, 0xdf,
    0xff, 0xe0, 0x5b, 0xf8, 0x60, 0x9, 0xf2, 0x0,
    0x9, 0xf2, 0x0, 0x9, 0xf2, 0x0, 0x9, 0xf2,
    0x0, 0x8, 0xf2, 0x0, 0x6, 0xfb, 0x70, 0x0,
    0x9e, 0xe0,

    /* U+0166 "Ŧ" */
    0x4f, 0xff, 0xff, 0xff, 0xfc, 0x29, 0x99, 0xdf,
    0x99, 0x96, 0x0, 0x0, 0xaf, 0x20, 0x0, 0x0,
    0x0, 0xaf, 0x20, 0x0, 0x0, 0x11, 0xbf, 0x31,
    0x0, 0x0, 0xff, 0xff, 0xff, 0x70, 0x0, 0x44,
    0xef, 0x64, 0x20, 0x0, 0x0, 0xaf, 0x20, 0x0,
    0x0, 0x0, 0xaf, 0x20, 0x0, 0x0, 0x0, 0xaf,
    0x20, 0x0, 0x0, 0x0, 0xaf, 0x20, 0x0, 0x0,
    0x0, 0xaf, 0x20, 0x0,

    /* U+0167 "ŧ" */
    0x9, 0xf2, 0x0, 0x9, 0xf2, 0x0, 0xdf, 0xff,
    0xe0, 0x5b, 0xf8, 0x60, 0x9, 0xf3, 0x0, 0xdf,
    0xff, 0xe0, 0x3a, 0xf5, 0x30, 0x9, 0xf2, 0x0,
    0x8, 0xf2, 0x0, 0x6, 0xfb, 0x70, 0x0, 0x9e,
    0xe0,

    /* U+0168 "Ũ" */
    0x0, 0x3e, 0xff, 0xf2, 0x0, 0x0, 0x12, 0x22,
    0x10, 0x0, 0x0, 0x0, 0x0, 0x0, 0x0, 0xbf,
    0x10, 0x0, 0x3, 0xf9, 0xbf, 0x10, 0x0, 0x3,
    0xf9, 0xbf, 0x10, 0x0, 0x3, 0xf9, 0xbf, 0x10,
    0x0, 0x3, 0xf9, 0xbf, 0x10, 0x0, 0x3, 0xf9,
    0xbf, 0x10, 0x0, 0x3, 0xf9, 0xbf, 0x10, 0x0,
    0x3, 0xf9, 0xbf, 0x10, 0x0, 0x3, 0xf8, 0x9f,
    0x40, 0x0, 0x6, 0xf7, 0x5f, 0xc1, 0x0, 0x2e,
    0xf2, 0xa, 0xff, 0xbb, 0xff, 0x80, 0x0, 0x6c,
    0xff, 0xc5, 0x0,

    /* U+0169 "ũ" */
    0x5, 0xff, 0xfe, 0x10, 0x1, 0x12, 0x10, 0x0,
    0x0, 0x0, 0x0, 0x0, 0xde, 0x0, 0x4, 0xf7,
    0xde, 0x0, 0x4, 0xf7, 0xde, 0x0, 0x4, 0xf7,
    0xde, 0x0, 0x4, 0xf7, 0xde, 0x0, 0x4, 0xf7,
    0xde, 0x0, 0x4, 0xf7, 0xbf, 0x20, 0x9, 0xf7,
    0x6f, 0xe9, 0xbc, 0xf7, 0x8, 0xef, 0xa3, 0xf7,

    /* U+016A "Ū" */
    0x0, 0x0, 0x0, 0x0, 0x0, 0x0, 0x4f, 0xff,
    0xf2, 0x0, 0x0, 0x3, 0x33, 0x30, 0x0, 0x0,
    0x0, 0x0, 0x0, 0x0, 0xbf, 0x10, 0x0, 0x3,
    0xf9, 0xbf, 0x10, 0x0, 0x3, 0xf9, 0xbf, 0x10,
    0x0, 0x3, 0xf9, 0xbf, 0x10, 0x0, 0x3, 0xf9,
    0xbf, 0x10, 0x0, 0x3, 0xf9, 0xbf, 0x10, 0x0,
    0x3, 0xf9, 0xbf, 0x10, 0x0, 0x3, 0xf9, 0xbf,
    0x10, 0x0, 0x3, 0xf8, 0x9f, 0x40, 0x0, 0x6,
    0xf7, 0x5f, 0xc1, 0x0, 0x2e, 0xf2, 0xa, 0xff,
    0xbb, 0xff, 0x80, 0x0, 0x6c, 0xff, 0xc5, 0x0,

    /* U+016B "ū" */
    0x6, 0xff, 0xff, 0x0, 0x1, 0x44, 0x44, 0x0,
    0x0, 0x0, 0x0, 0x0, 0xde, 0x0, 0x4, 0xf7,
    0xde, 0x0, 0x4, 0xf7, 0xde, 0x0, 0x4, 0xf7,
    0xde, 0x0, 0x4, 0xf7, 0xde, 0x0, 0x4, 0xf7,
    0xde, 0x0, 0x4, 0xf7, 0xbf, 0x20, 0x9, 0xf7,
    0x6f, 0xe9, 0xbc, 0xf7, 0x8, 0xef, 0xa3, 0xf7,

    /* U+016C "Ŭ" */
    0x0, 0x35, 0x0, 0x62, 0x0, 0x0, 0x4e, 0x13,
    0xf2, 0x0, 0x0, 0x8, 0xff, 0x60, 0x0, 0x0,
    0x0, 0x10, 0x0, 0x0, 0xbf, 0x10, 0x0, 0x3,
    0xf9, 0xbf, 0x10, 0x0, 0x3, 0xf9, 0xbf, 0x10,
    0x0, 0x3, 0xf9, 0xbf, 0x10, 0x0, 0x3, 0xf9,
    0xbf, 0x10, 0x0, 0x3, 0xf9, 0xbf, 0x10, 0x0,
    0x3, 0xf9, 0xbf, 0x10, 0x0, 0x3, 0xf9, 0xbf,
    0x10, 0x0, 0x3, 0xf8, 0x9f, 0x40, 0x0, 0x6,
    0xf7, 0x5f, 0xc1, 0x0, 0x2e, 0xf2, 0xa, 0xff,
    0xbb, 0xff, 0x80, 0x0, 0x6c, 0xff, 0xc5, 0x0,

    /* U+016D "ŭ" */
    0x4, 0x40, 0x7, 0x10, 0x6, 0xd1, 0x4f, 0x10,
    0x0, 0xaf, 0xf5, 0x0, 0x0, 0x1, 0x0, 0x0,
    0xde, 0x0, 0x4, 0xf7, 0xde, 0x0, 0x4, 0xf7,
    0xde, 0x0, 0x4, 0xf7, 0xde, 0x0, 0x4, 0xf7,
    0xde, 0x0, 0x4, 0xf7, 0xde, 0x0, 0x4, 0xf7,
    0xbf, 0x20, 0x9, 0xf7, 0x6f, 0xe9, 0xbc, 0xf7,
    0x8, 0xef, 0xa3, 0xf7,

    /* U+016E "Ů" */
    0x0, 0x6, 0xdc, 0x50, 0x0, 0x0, 0x1f, 0x46,
    0xf0, 0x0, 0x0, 0x9, 0xff, 0x70, 0x0, 0x0,
    0x0, 0x0, 0x0, 0x0, 0xbf, 0x10, 0x0, 0x3,
    0xf9, 0xbf, 0x10, 0x0, 0x3, 0xf9, 0xbf, 0x10,
    0x0, 0x3, 0xf9, 0xbf, 0x10, 0x0, 0x3, 0xf9,
    0xbf, 0x10, 0x0, 0x3, 0xf9, 0xbf, 0x10, 0x0,
    0x3, 0xf9, 0xbf, 0x10, 0x0, 0x3, 0xf9, 0xbf,
    0x10, 0x0, 0x3, 0xf8, 0x9f, 0x40, 0x0, 0x6,
    0xf7, 0x5f, 0xc1, 0x0, 0x2e, 0xf2, 0xa, 0xff,
    0xbb, 0xff, 0x80, 0x0, 0x6c, 0xff, 0xc5, 0x0,

    /* U+016F "ů" */
    0x0, 0x6d, 0xc2, 0x0, 0x2, 0xf3, 0x8c, 0x0,
    0x3, 0xf1, 0x6d, 0x0, 0x0, 0x9f, 0xe4, 0x0,
    0x0, 0x1, 0x0, 0x0, 0xde, 0x0, 0x4, 0xf7,
    0xde, 0x0, 0x4, 0xf7, 0xde, 0x0, 0x4, 0xf7,
    0xde, 0x0, 0x4, 0xf7, 0xde, 0x0, 0x4, 0xf7,
    0xde, 0x0, 0x4, 0xf7, 0xbf, 0x20, 0x9, 0xf7,
    0x6f, 0xe9, 0xbc, 0xf7, 0x8, 0xef, 0xa3, 0xf7,

    /* U+0170 "Ű" */
    0x0, 0x5, 0x50, 0x55, 0x0, 0x0, 0x1f, 0x73,
    0xf6, 0x0, 0x0, 0x7e, 0xc, 0xa0, 0x0, 0x0,
    0x0, 0x0, 0x0, 0x0, 0xbf, 0x10, 0x0, 0x3,
    0xf9, 0xbf, 0x10, 0x0, 0x3, 0xf9, 0xbf, 0x10,
    0x0, 0x3, 0xf9, 0xbf, 0x10, 0x0, 0x3, 0xf9,
    0xbf, 0x10, 0x0, 0x3, 0xf9, 0xbf, 0x10, 0x0,
    0x3, 0xf9, 0xbf, 0x10, 0x0, 0x3, 0xf9, 0xbf,
    0x10, 0x0, 0x3, 0xf8, 0x9f, 0x40, 0x0, 0x6,
    0xf7, 0x5f, 0xc1, 0x0, 0x2e, 0xf2, 0xa, 0xff,
    0xbb, 0xff, 0x80, 0x0, 0x6c, 0xff, 0xc5, 0x0,

    /* U+0171 "ű" */
    0x0, 0x54, 0x5, 0x40, 0x3, 0xf5, 0x5f, 0x40,
    0x9, 0xd0, 0xd8, 0x0, 0x0, 0x0, 0x0, 0x0,
    0xde, 0x0, 0x4, 0xf7, 0xde, 0x0, 0x4, 0xf7,
    0xde, 0x0, 0x4, 0xf7, 0xde, 0x0, 0x4, 0xf7,
    0xde, 0x0, 0x4, 0xf7, 0xde, 0x0, 0x4, 0xf7,
    0xbf, 0x20, 0x9, 0xf7, 0x6f, 0xe9, 0xbc, 0xf7,
    0x8, 0xef, 0xa3, 0xf7,

    /* U+0172 "Ų" */
    0xbf, 0x10, 0x0, 0x3, 0xf9, 0xbf, 0x10, 0x0,
    0x3, 0xf9, 0xbf, 0x10, 0x0, 0x3, 0xf9, 0xbf,
    0x10, 0x0, 0x3, 0xf9, 0xbf, 0x10, 0x0, 0x3,
    0xf9, 0xbf, 0x10, 0x0, 0x3, 0xf9, 0xbf, 0x10,
    0x0, 0x3, 0xf9, 0xbf, 0x10, 0x0, 0x3, 0xfb,
    0x9f, 0x40, 0x0, 0x6, 0xff, 0x5f, 0xc1, 0x0,
    0x2e, 0xf5, 0xa, 0xff, 0xbb, 0xff, 0xf0, 0x0,
    0x6c, 0xff, 0xf9, 0x0, 0x0, 0x2, 0xe8, 0x0,
    0x0, 0x0, 0x6, 0xf7, 0x30, 0x0, 0x0, 0x1,
    0xcf, 0xa0, 0x0,

    /* U+0173 "ų" */
    0xde, 0x0, 0x4, 0xf7, 0xde, 0x0, 0x4, 0xf7,
    0xde, 0x0, 0x4, 0xf7, 0xde, 0x0, 0x4, 0xf7,
    0xde, 0x0, 0x4, 0xf7, 0xde, 0x0, 0x4, 0xf7,
    0xbf, 0x20, 0x9, 0xf7, 0x6f, 0xe9, 0xbc, 0xf7,
    0x8, 0xef, 0xa4, 0xf8, 0x0, 0x0, 0x1d, 0x90,
    0x0, 0x0, 0x6f, 0x83, 0x0, 0x0, 0x1c, 0xfa,

    /* U+0174 "Ŵ" */
    0x0, 0x0, 0x0, 0x7, 0x70, 0x0, 0x0, 0x0,
    0x0, 0x0, 0x0, 0x8e, 0xe8, 0x0, 0x0, 0x0,
    0x0, 0x0, 0x5, 0xf4, 0x3f, 0x50, 0x0, 0x0,
    0x0, 0x0, 0x0, 0x0, 0x0, 0x0, 0x0, 0x0,
    0x7f, 0x60, 0x0, 0x1f, 0xf2, 0x0, 0x5, 0xf8,
    0x3f, 0xa0, 0x0, 0x5f, 0xf6, 0x0, 0x9, 0xf4,
    0xe, 0xe0, 0x0, 0x9f, 0xea, 0x0, 0xd, 0xf0,
    0xa, 0xf2, 0x0, 0xdc, 0xbe, 0x0, 0x1f, 0xb0,
    0x6, 0xf6, 0x1, 0xf8, 0x8f, 0x20, 0x5f, 0x70,
    0x2, 0xf9, 0x5, 0xf4, 0x4f, 0x60, 0x9f, 0x30,
    0x0, 0xed, 0x9, 0xf1, 0xf, 0xa0, 0xde, 0x0,
    0x0, 0x9f, 0x1d, 0xc0, 0xb, 0xd1, 0xfa, 0x0,
    0x0, 0x5f, 0x5f, 0x80, 0x7, 0xf5, 0xf6, 0x0,
    0x0, 0x1f, 0xbf, 0x40, 0x3, 0xfb, 0xf2, 0x0,
    0x0, 0xd, 0xff, 0x0, 0x0, 0xff, 0xe0, 0x0,
    0x0, 0x9, 0xfc, 0x0, 0x0, 0xbf, 0x90, 0x0,

    /* U+0175 "ŵ" */
    0x0, 0x0, 0x2, 0x84, 0x0, 0x0, 0x0, 0x0,
    0x1, 0xdc, 0xf3, 0x0, 0x0, 0x0, 0x0, 0xbd,
    0xa, 0xe1, 0x0, 0x0, 0x0, 0x0, 0x0, 0x0,
    0x0, 0x0, 0x6f, 0x60, 0x5, 0xfa, 0x0, 0x2f,
    0xa1, 0xfa, 0x0, 0x9f, 0xe0, 0x6, 0xf6, 0xd,
    0xe0, 0xd, 0xcf, 0x20, 0xaf, 0x10, 0x8f, 0x21,
    0xf5, 0xf6, 0xe, 0xc0, 0x3, 0xf6, 0x5f, 0xc,
    0xa2, 0xf8, 0x0, 0xe, 0xa9, 0xc0, 0x8e, 0x6f,
    0x30, 0x0, 0xad, 0xd7, 0x3, 0xfb, 0xe0, 0x0,
    0x5, 0xff, 0x30, 0xe, 0xfa, 0x0, 0x0, 0x1f,
    0xe0, 0x0, 0xaf, 0x50, 0x0,

    /* U+0176 "Ŷ" */
    0x0, 0x0, 0x26, 0x20, 0x0, 0x0, 0x0, 0x1e,
    0xce, 0x20, 0x0, 0x0, 0xa, 0x90, 0x8b, 0x0,
    0x0, 0x0, 0x0, 0x0, 0x0, 0x0, 0x4f, 0xc0,
    0x0, 0x0, 0x9f, 0x70, 0xbf, 0x50, 0x0, 0x2f,
    0xd0, 0x2, 0xfe, 0x0, 0xb, 0xf4, 0x0, 0x8,
    0xf7, 0x4, 0xfa, 0x0, 0x0, 0xe, 0xf1, 0xdf,
    0x10, 0x0, 0x0, 0x5f, 0xcf, 0x70, 0x0, 0x0,
    0x0, 0xbf, 0xd0, 0x0, 0x0, 0x0, 0x5, 0xf7,
    0x0, 0x0, 0x0, 0x0, 0x5f, 0x70, 0x0, 0x0,
    0x0, 0x5, 0xf7, 0x0, 0x0, 0x0, 0x0, 0x5f,
    0x70, 0x0, 0x0, 0x0, 0x5, 0xf7, 0x0, 0x0,

    /* U+0177 "ŷ" */
    0x0, 0x8, 0xfb, 0x0, 0x0, 0x5, 0xf5, 0xe8,
    0x0, 0x0, 0x75, 0x3, 0x71, 0x0, 0x0, 0x0,
    0x0, 0x0, 0x7f, 0x60, 0x0, 0x2f, 0xa1, 0xfb,
    0x0, 0x8, 0xf4, 0xb, 0xf1, 0x0, 0xee, 0x0,
    0x4f, 0x70, 0x3f, 0x70, 0x0, 0xec, 0x9, 0xf1,
    0x0, 0x8, 0xf2, 0xeb, 0x0, 0x0, 0x2f, 0xaf,
    0x50, 0x0, 0x0, 0xcf, 0xe0, 0x0, 0x0, 0x6,
    0xf9, 0x0, 0x0, 0x0, 0x9f, 0x30, 0x0, 0x5,
    0x8f, 0xb0, 0x0, 0x0, 0xcf, 0xb1, 0x0, 0x0,

    /* U+0178 "Ÿ" */
    0x0, 0x0, 0x0, 0x0, 0x0, 0x0, 0x0, 0xdb,
    0x8, 0xe1, 0x0, 0x0, 0xd, 0xa0, 0x8e, 0x10,
    0x0, 0x0, 0x0, 0x0, 0x0, 0x0, 0x4f, 0xc0,
    0x0, 0x0, 0x9f, 0x70, 0xbf, 0x50, 0x0, 0x2f,
    0xd0, 0x2, 0xfe, 0x0, 0xb, 0xf4, 0x0, 0x8,
    0xf7, 0x4, 0xfa, 0x0, 0x0, 0xe, 0xf1, 0xdf,
    0x10, 0x0, 0x0, 0x5f, 0xcf, 0x70, 0x0, 0x0,
    0x0, 0xbf, 0xd0, 0x0, 0x0, 0x0, 0x5, 0xf7,
    0x0, 0x0, 0x0, 0x0, 0x5f, 0x70, 0x0, 0x0,
    0x0, 0x5, 0xf7, 0x0, 0x0, 0x0, 0x0, 0x5f,
    0x70, 0x0, 0x0, 0x0, 0x5, 0xf7, 0x0, 0x0,

    /* U+0179 "Ź" */
    0x0, 0x0, 0x3, 0x61, 0x0, 0x0, 0x0, 0xd,
    0xb0, 0x0, 0x0, 0x0, 0x5f, 0x20, 0x0, 0x0,
    0x0, 0x0, 0x0, 0x0, 0x1f, 0xff, 0xff, 0xff,
    0xf4, 0x8, 0x88, 0x88, 0x8f, 0xf1, 0x0, 0x0,
    0x0, 0x7f, 0x60, 0x0, 0x0, 0x3, 0xfc, 0x0,
    0x0, 0x0, 0xd, 0xf2, 0x0, 0x0, 0x0, 0x8f,
    0x70, 0x0, 0x0, 0x3, 0xfc, 0x0, 0x0, 0x0,
    0xc, 0xf2, 0x0, 0x0, 0x0, 0x7f, 0x70, 0x0,
    0x0, 0x2, 0xfb, 0x0, 0x0, 0x0, 0xc, 0xfa,
    0x88, 0x88, 0x82, 0xf, 0xff, 0xff, 0xff, 0xf5,

    /* U+017A "ź" */
    0x0, 0x0, 0x16, 0x20, 0x0, 0x0, 0x9e, 0x10,
    0x0, 0x1, 0xf5, 0x0, 0x0, 0x0, 0x0, 0x0,
    0xe, 0xff, 0xff, 0xfd, 0x7, 0x99, 0x9c, 0xfa,
    0x0, 0x0, 0x1e, 0xd0, 0x0, 0x0, 0xcf, 0x30,
    0x0, 0x8, 0xf7, 0x0, 0x0, 0x4f, 0xb0, 0x0,
    0x1, 0xee, 0x10, 0x0, 0xc, 0xfc, 0x99, 0x98,
    0xf, 0xff, 0xff, 0xff,

    /* U+017B "Ż" */
    0x0, 0x0, 0x0, 0x0, 0x0, 0x0, 0x0, 0xbe,
    0x10, 0x0, 0x0, 0x0, 0xae, 0x10, 0x0, 0x0,
    0x0, 0x0, 0x0, 0x0, 0x1f, 0xff, 0xff, 0xff,
    0xf4, 0x8, 0x88, 0x88, 0x8f, 0xf1, 0x0, 0x0,
    0x0, 0x7f, 0x60, 0x0, 0x0, 0x3, 0xfc, 0x0,
    0x0, 0x0, 0xd, 0xf2, 0x0, 0x0, 0x0, 0x8f,
    0x70, 0x0, 0x0, 0x3, 0xfc, 0x0, 0x0, 0x0,
    0xc, 0xf2, 0x0, 0x0, 0x0, 0x7f, 0x70, 0x0,
    0x0, 0x2, 0xfb, 0x0, 0x0, 0x0, 0xc, 0xfa,
    0x88, 0x88, 0x82, 0xf, 0xff, 0xff, 0xff, 0xf5,

    /* U+017C "ż" */
    0x0, 0x6, 0xf4, 0x0, 0x0, 0x7, 0xf5, 0x0,
    0x0, 0x0, 0x0, 0x0, 0xe, 0xff, 0xff, 0xfd,
    0x7, 0x99, 0x9c, 0xfa, 0x0, 0x0, 0x1e, 0xd0,
    0x0, 0x0, 0xcf, 0x30, 0x0, 0x8, 0xf7, 0x0,
    0x0, 0x4f, 0xb0, 0x0, 0x1, 0xee, 0x10, 0x0,
    0xc, 0xfc, 0x99, 0x98, 0xf, 0xff, 0xff, 0xff,

    /* U+017D "Ž" */
    0x0, 0x38, 0x10, 0x75, 0x0, 0x0, 0xc, 0xb7,
    0xf2, 0x0, 0x0, 0x1, 0xef, 0x40, 0x0, 0x0,
    0x0, 0x0, 0x0, 0x0, 0x1f, 0xff, 0xff, 0xff,
    0xf4, 0x8, 0x88, 0x88, 0x8f, 0xf1, 0x0, 0x0,
    0x0, 0x7f, 0x60, 0x0, 0x0, 0x3, 0xfc, 0x0,
    0x0, 0x0, 0xd, 0xf2, 0x0, 0x0, 0x0, 0x8f,
    0x70, 0x0, 0x0, 0x3, 0xfc, 0x0, 0x0, 0x0,
    0xc, 0xf2, 0x0, 0x0, 0x0, 0x7f, 0x70, 0x0,
    0x0, 0x2, 0xfb, 0x0, 0x0, 0x0, 0xc, 0xfa,
    0x88, 0x88, 0x82, 0xf, 0xff, 0xff, 0xff, 0xf5,

    /* U+017E "ž" */
    0x0, 0x73, 0x5, 0x70, 0x0, 0x8e, 0x5f, 0x60,
    0x0, 0xb, 0xf9, 0x0, 0x0, 0x0, 0x0, 0x0,
    0xe, 0xff, 0xff, 0xfd, 0x7, 0x99, 0x9c, 0xfa,
    0x0, 0x0, 0x1e, 0xd0, 0x0, 0x0, 0xcf, 0x30,
    0x0, 0x8, 0xf7, 0x0, 0x0, 0x4f, 0xb0, 0x0,
    0x1, 0xee, 0x10, 0x0, 0xc, 0xfc, 0x99, 0x98,
    0xf, 0xff, 0xff, 0xff,

    /* U+017F "ſ" */
    0x1b, 0xfe, 0x1a, 0xfa, 0x80, 0xde, 0x0, 0xd,
    0xe0, 0x0, 0xde, 0x0, 0xd, 0xe0, 0x0, 0xde,
    0x0, 0xd, 0xe0, 0x0, 0xde, 0x0, 0xd, 0xe0,
    0x0, 0xde, 0x0, 0xd, 0xe0, 0x0,

    /* U+0218 "Ș" */
    0x0, 0x3a, 0xef, 0xd7, 0x0, 0x3, 0xff, 0xa9,
    0xdf, 0xb0, 0xb, 0xf3, 0x0, 0xb, 0xf3, 0xc,
    0xf0, 0x0, 0x1, 0x31, 0x8, 0xfb, 0x20, 0x0,
    0x0, 0x0, 0xaf, 0xfd, 0x92, 0x0, 0x0, 0x2,
    0x7c, 0xff, 0x80, 0x0, 0x0, 0x0, 0x2c, 0xf4,
    0x17, 0x50, 0x0, 0x4, 0xf7, 0xf, 0xe1, 0x0,
    0xa, 0xf5, 0x7, 0xff, 0xaa, 0xdf, 0xc0, 0x0,
    0x4b, 0xef, 0xd8, 0x0, 0x0, 0x0, 0x0, 0x0,
    0x0, 0x0, 0x0, 0xcd, 0x0, 0x0, 0x0, 0x0,
    0xf7, 0x0, 0x0, 0x0, 0x3, 0xe1, 0x0, 0x0,

    /* U+0219 "ș" */
    0x0, 0x9e, 0xfd, 0x60, 0xa, 0xf9, 0x6b, 0xf5,
    0xf, 0xc0, 0x0, 0x72, 0xb, 0xf9, 0x40, 0x0,
    0x1, 0xaf, 0xff, 0xa1, 0x0, 0x0, 0x39, 0xfb,
    0x18, 0x60, 0x0, 0xfd, 0xd, 0xf9, 0x7b, 0xf8,
    0x1, 0xae, 0xfd, 0x70, 0x0, 0x0, 0x0, 0x0,
    0x0, 0x9, 0xf1, 0x0, 0x0, 0xc, 0xa0, 0x0,
    0x0, 0xe, 0x40, 0x0,

    /* U+021A "Ț" */
    0x4f, 0xff, 0xff, 0xff, 0xfc, 0x29, 0x99, 0xdf,
    0x99, 0x96, 0x0, 0x0, 0xaf, 0x20, 0x0, 0x0,
    0x0, 0xaf, 0x20, 0x0, 0x0, 0x0, 0xaf, 0x20,
    0x0, 0x0, 0x0, 0xaf, 0x20, 0x0, 0x0, 0x0,
    0xaf, 0x20, 0x0, 0x0, 0x0, 0xaf, 0x20, 0x0,
    0x0, 0x0, 0xaf, 0x20, 0x0, 0x0, 0x0, 0xaf,
    0x20, 0x0, 0x0, 0x0, 0xaf, 0x20, 0x0, 0x0,
    0x0, 0xaf, 0x20, 0x0, 0x0, 0x0, 0x0, 0x0,
    0x0, 0x0, 0x0, 0xbe, 0x0, 0x0, 0x0, 0x0,
    0xf8, 0x0, 0x0, 0x0, 0x2, 0xf2, 0x0, 0x0,

    /* U+021B "ț" */
    0x9, 0xf2, 0x0, 0x9, 0xf2, 0x0, 0xdf, 0xff,
    0xe0, 0x5b, 0xf8, 0x60, 0x9, 0xf2, 0x0, 0x9,
    0xf2, 0x0, 0x9, 0xf2, 0x0, 0x9, 0xf2, 0x0,
    0x8, 0xf2, 0x0, 0x6, 0xfb, 0x70, 0x0, 0x9e,
    0xe0, 0x0, 0x0, 0x0, 0x0, 0xeb, 0x0, 0x2,
    0xf5, 0x0, 0x5, 0xe0, 0x0,

    /* U+0374 "ʹ" */
    0x6f, 0x55, 0xf3, 0x3f, 0x21, 0xf0, 0xa, 0x0,

    /* U+0375 "͵" */
    0x0, 0x95, 0x3, 0xf1, 0xc, 0xc0,

    /* U+0376 "Ͷ" */
    0xbf, 0x10, 0x0, 0x8, 0xfd, 0xbf, 0x10, 0x0,
    0x2f, 0xfd, 0xbf, 0x10, 0x0, 0xce, 0xed, 0xbf,
    0x10, 0x6, 0xf7, 0xed, 0xbf, 0x10, 0x1e, 0xe0,
    0xfd, 0xbf, 0x10, 0x9f, 0x50, 0xfd, 0xbf, 0x13,
    0xfb, 0x0, 0xfd, 0xbf, 0x1d, 0xf2, 0x0, 0xfd,
    0xbf, 0x6f, 0x80, 0x0, 0xfd, 0xbf, 0xdd, 0x0,
    0x0, 0xfd, 0xbf, 0xf4, 0x0, 0x0, 0xfd, 0xbf,
    0xa0, 0x0, 0x0, 0xfd,

    /* U+037A "ͺ" */
    0xc9, 0xc, 0xa0, 0x7f, 0x50,

    /* U+037B "ͻ" */
    0x0, 0x8d, 0xfd, 0x60, 0x0, 0xaf, 0xb8, 0xcf,
    0x80, 0x1c, 0x90, 0x0, 0xcf, 0x10, 0x0, 0x0,
    0x6, 0xf5, 0x0, 0x0, 0x0, 0x4f, 0x70, 0x0,
    0x0, 0x6, 0xf6, 0x1d, 0x90, 0x0, 0xcf, 0x10,
    0xaf, 0xb8, 0xcf, 0x80, 0x0, 0x8d, 0xfd, 0x60,
    0x0,

    /* U+037C "ͼ" */
    0x0, 0x4c, 0xfe, 0xa2, 0x0, 0x4f, 0xe8, 0x9f,
    0xe1, 0xd, 0xf1, 0x0, 0x38, 0x22, 0xfa, 0x1e,
    0x90, 0x0, 0x3f, 0x81, 0xfa, 0x0, 0x2, 0xfa,
    0x0, 0x0, 0x20, 0xd, 0xe1, 0x0, 0x7f, 0x50,
    0x5f, 0xe8, 0xaf, 0xc0, 0x0, 0x4c, 0xfe, 0x91,
    0x0,

    /* U+037D "ͽ" */
    0x0, 0x9e, 0xfd, 0x60, 0x0, 0xcf, 0xa8, 0xcf,
    0x80, 0x7, 0x50, 0x0, 0xcf, 0x10, 0x0, 0x7e,
    0x26, 0xf5, 0x0, 0x8, 0xf2, 0x4f, 0x70, 0x22,
    0x0, 0x6, 0xf6, 0x1f, 0xb0, 0x0, 0xcf, 0x10,
    0x9f, 0xb8, 0xcf, 0x80, 0x0, 0x7d, 0xfd, 0x60,
    0x0,

    /* U+037E ";" */
    0x0, 0x41, 0x6, 0xfa, 0x4, 0xf7, 0x0, 0x0,
    0x0, 0x0, 0x0, 0x0, 0x0, 0x0, 0x3, 0xa4,
    0x8, 0xf3, 0xa, 0xe0, 0xc, 0xa0, 0xf, 0x50,

    /* U+037F "Ϳ" */
    0x0, 0x0, 0x0, 0xde, 0x0, 0x0, 0x0, 0xde,
    0x0, 0x0, 0x0, 0xde, 0x0, 0x0, 0x0, 0xde,
    0x0, 0x0, 0x0, 0xde, 0x0, 0x0, 0x0, 0xde,
    0x0, 0x0, 0x0, 0xde, 0x14, 0x20, 0x0, 0xde,
    0x4f, 0x80, 0x0, 0xee, 0x1f, 0xb0, 0x2, 0xfb,
    0xb, 0xfb, 0x9e, 0xf4, 0x0, 0x8e, 0xfc, 0x50,

    /* U+0384 "΄" */
    0x26, 0x16, 0xf1, 0x8b, 0x0,

    /* U+0385 "΅" */
    0x0, 0xe, 0xb0, 0x0, 0x0, 0xf5, 0x0, 0xad,
    0x6, 0xd, 0xaa, 0xd0, 0x0, 0xda,

    /* U+0386 "Ά" */
    0xf, 0x90, 0xaf, 0xe0, 0x0, 0x1, 0xf3, 0xf,
    0xef, 0x40, 0x0, 0x15, 0x5, 0xf7, 0xf9, 0x0,
    0x0, 0x0, 0xaf, 0x1d, 0xe0, 0x0, 0x0, 0xf,
    0xc0, 0x8f, 0x50, 0x0, 0x5, 0xf8, 0x3, 0xfa,
    0x0, 0x0, 0xbf, 0x30, 0xe, 0xf0, 0x0, 0x1f,
    0xf8, 0x88, 0xdf, 0x50, 0x6, 0xff, 0xff, 0xff,
    0xfb, 0x0, 0xbf, 0x30, 0x0, 0xd, 0xf1, 0x1f,
    0xd0, 0x0, 0x0, 0x8f, 0x66, 0xf8, 0x0, 0x0,
    0x2, 0xfc,

    /* U+0387 "·" */
    0x6f, 0x49, 0xf7, 0x4, 0x0,

    /* U+0388 "Έ" */
    0x1f, 0x84, 0xff, 0xff, 0xff, 0xf1, 0x2f, 0x24,
    0xfc, 0x99, 0x99, 0x90, 0x15, 0x4, 0xf8, 0x0,
    0x0, 0x0, 0x0, 0x4, 0xf8, 0x0, 0x0, 0x0,
    0x0, 0x4, 0xf8, 0x0, 0x0, 0x0, 0x0, 0x4,
    0xfc, 0x99, 0x99, 0x60, 0x0, 0x4, 0xff, 0xff,
    0xff, 0xb0, 0x0, 0x4, 0xf8, 0x0, 0x0, 0x0,
    0x0, 0x4, 0xf8, 0x0, 0x0, 0x0, 0x0, 0x4,
    0xf8, 0x0, 0x0, 0x0, 0x0, 0x4, 0xfc, 0x99,
    0x99, 0x91, 0x0, 0x4, 0xff, 0xff, 0xff, 0xf2,

    /* U+0389 "Ή" */
    0x1f, 0x84, 0xf8, 0x0, 0x0, 0xb, 0xf1, 0x2f,
    0x24, 0xf8, 0x0, 0x0, 0xb, 0xf1, 0x15, 0x4,
    0xf8, 0x0, 0x0, 0xb, 0xf1, 0x0, 0x4, 0xf8,
    0x0, 0x0, 0xb, 0xf1, 0x0, 0x4, 0xf8, 0x0,
    0x0, 0xb, 0xf1, 0x0, 0x4, 0xff, 0xff, 0xff,
    0xff, 0xf1, 0x0, 0x4, 0xfc, 0x99, 0x99, 0x9d,
    0xf1, 0x0, 0x4, 0xf8, 0x0, 0x0, 0xb, 0xf1,
    0x0, 0x4, 0xf8, 0x0, 0x0, 0xb, 0xf1, 0x0,
    0x4, 0xf8, 0x0, 0x0, 0xb, 0xf1, 0x0, 0x4,
    0xf8, 0x0, 0x0, 0xb, 0xf1, 0x0, 0x4, 0xf8,
    0x0, 0x0, 0xb, 0xf1,

    /* U+038A "Ί" */
    0x1f, 0x84, 0xf8, 0x2f, 0x24, 0xf8, 0x15, 0x4,
    0xf8, 0x0, 0x4, 0xf8, 0x0, 0x4, 0xf8, 0x0,
    0x4, 0xf8, 0x0, 0x4, 0xf8, 0x0, 0x4, 0xf8,
    0x0, 0x4, 0xf8, 0x0, 0x4, 0xf8, 0x0, 0x4,
    0xf8, 0x0, 0x4, 0xf8,

    /* U+038C "Ό" */
    0x1f, 0x80, 0x6, 0xcf, 0xeb, 0x40, 0x0, 0x2f,
    0x20, 0xaf, 0xeb, 0xbf, 0xf8, 0x0, 0x27, 0x7,
    0xfb, 0x0, 0x1, 0xdf, 0x40, 0x0, 0xe, 0xe1,
    0x0, 0x0, 0x2f, 0xb0, 0x0, 0x2f, 0x90, 0x0,
    0x0, 0xc, 0xf0, 0x0, 0x4f, 0x70, 0x0, 0x0,
    0xa, 0xf1, 0x0, 0x4f, 0x70, 0x0, 0x0, 0xa,
    0xf1, 0x0, 0x2f, 0x90, 0x0, 0x0, 0xc, 0xf0,
    0x0, 0xe, 0xe1, 0x0, 0x0, 0x2f, 0xb0, 0x0,
    0x7, 0xfb, 0x0, 0x1, 0xdf, 0x40, 0x0, 0x0,
    0xaf, 0xfb, 0xbf, 0xf8, 0x0, 0x0, 0x0, 0x6,
    0xcf, 0xeb, 0x40, 0x0,

    /* U+038E "Ύ" */
    0x1f, 0x80, 0xef, 0x20, 0x0, 0x4, 0xfc, 0x2,
    0xf2, 0x5, 0xfa, 0x0, 0x0, 0xdf, 0x30, 0x15,
    0x0, 0xc, 0xf4, 0x0, 0x6f, 0x90, 0x0, 0x0,
    0x0, 0x2f, 0xd0, 0xe, 0xe1, 0x0, 0x0, 0x0,
    0x0, 0x9f, 0x68, 0xf6, 0x0, 0x0, 0x0, 0x0,
    0x0, 0xed, 0xed, 0x0, 0x0, 0x0, 0x0, 0x0,
    0x6, 0xff, 0x30, 0x0, 0x0, 0x0, 0x0, 0x0,
    0xf, 0xd0, 0x0, 0x0, 0x0, 0x0, 0x0, 0x0,
    0xfd, 0x0, 0x0, 0x0, 0x0, 0x0, 0x0, 0xf,
    0xd0, 0x0, 0x0, 0x0, 0x0, 0x0, 0x0, 0xfd,
    0x0, 0x0, 0x0, 0x0, 0x0, 0x0, 0xf, 0xd0,
    0x0, 0x0,

    /* U+038F "Ώ" */
    0x1f, 0x80, 0x6, 0xcf, 0xec, 0x50, 0x0, 0x2f,
    0x20, 0xbf, 0xeb, 0xbf, 0xfa, 0x0, 0x27, 0x8,
    0xfa, 0x0, 0x0, 0xbf, 0x70, 0x0, 0xf, 0xe0,
    0x0, 0x0, 0x1e, 0xe0, 0x0, 0x3f, 0xa0, 0x0,
    0x0, 0xa, 0xf2, 0x0, 0x4f, 0x80, 0x0, 0x0,
    0x8, 0xf4, 0x0, 0x3f, 0x90, 0x0, 0x0, 0xa,
    0xf2, 0x0, 0xe, 0xe0, 0x0, 0x0, 0xe, 0xe0,
    0x0, 0x6, 0xf9, 0x0, 0x0, 0x9f, 0x50, 0x0,
    0x0, 0x6d, 0xd0, 0xd, 0xd5, 0x0, 0x0, 0x28,
    0x8b, 0xf0, 0x1f, 0xb8, 0x82, 0x0, 0x4f, 0xff,
    0xf0, 0x1f, 0xff, 0xf4,

    /* U+0390 "ΐ" */
    0x0, 0x5f, 0x20, 0x0, 0x7c, 0x0, 0x0, 0x22,
    0x0, 0x4f, 0x44, 0xf5, 0x4f, 0x44, 0xf5, 0x0,
    0x0, 0x0, 0x0, 0xde, 0x0, 0x0, 0xde, 0x0,
    0x0, 0xde, 0x0, 0x0, 0xde, 0x0, 0x0, 0xde,
    0x0, 0x0, 0xde, 0x0, 0x0, 0xde, 0x0, 0x0,
    0xbf, 0x81, 0x0, 0x3d, 0xf4,

    /* U+0391 "Α" */
    0x0, 0x0, 0xaf, 0xe0, 0x0, 0x0, 0x0, 0xf,
    0xef, 0x40, 0x0, 0x0, 0x5, 0xf7, 0xf9, 0x0,
    0x0, 0x0, 0xaf, 0x1d, 0xe0, 0x0, 0x0, 0xf,
    0xd0, 0x8f, 0x50, 0x0, 0x5, 0xf8, 0x3, 0xfa,
    0x0, 0x0, 0xbf, 0x30, 0xe, 0xf0, 0x0, 0x1f,
    0xf8, 0x88, 0xdf, 0x50, 0x6, 0xff, 0xff, 0xff,
    0xfb, 0x0, 0xbf, 0x30, 0x0, 0xd, 0xf1, 0x1f,
    0xd0, 0x0, 0x0, 0x8f, 0x66, 0xf8, 0x0, 0x0,
    0x2, 0xfc,

    /* U+0392 "Β" */
    0xbf, 0xff, 0xfe, 0x91, 0xb, 0xf9, 0x89, 0xcf,
    0xc0, 0xbf, 0x10, 0x0, 0xbf, 0x2b, 0xf1, 0x0,
    0x9, 0xf2, 0xbf, 0x21, 0x26, 0xfb, 0xb, 0xff,
    0xff, 0xfb, 0x10, 0xbf, 0x54, 0x47, 0xfe, 0x1b,
    0xf1, 0x0, 0x5, 0xf8, 0xbf, 0x10, 0x0, 0x1f,
    0xab, 0xf1, 0x0, 0x5, 0xf9, 0xbf, 0x99, 0x9b,
    0xff, 0x2b, 0xff, 0xff, 0xfb, 0x30,

    /* U+0393 "Γ" */
    0xbf, 0xff, 0xff, 0xf9, 0xbf, 0x99, 0x99, 0x95,
    0xbf, 0x10, 0x0, 0x0, 0xbf, 0x10, 0x0, 0x0,
    0xbf, 0x10, 0x0, 0x0, 0xbf, 0x10, 0x0, 0x0,
    0xbf, 0x10, 0x0, 0x0, 0xbf, 0x10, 0x0, 0x0,
    0xbf, 0x10, 0x0, 0x0, 0xbf, 0x10, 0x0, 0x0,
    0xbf, 0x10, 0x0, 0x0, 0xbf, 0x10, 0x0, 0x0,

    /* U+0394 "Δ" */
    0x0, 0x0, 0x9f, 0xd0, 0x0, 0x0, 0x0, 0xe,
    0xff, 0x20, 0x0, 0x0, 0x4, 0xfb, 0xf8, 0x0,
    0x0, 0x0, 0xaf, 0x2e, 0xd0, 0x0, 0x0, 0xf,
    0xc0, 0x9f, 0x30, 0x0, 0x5, 0xf7, 0x3, 0xf9,
    0x0, 0x0, 0xaf, 0x20, 0xe, 0xe0, 0x0, 0xf,
    0xc0, 0x0, 0x8f, 0x40, 0x6, 0xf7, 0x0, 0x3,
    0xf9, 0x0, 0xbf, 0x20, 0x0, 0xe, 0xe0, 0x1f,
    0xf9, 0x99, 0x99, 0xdf, 0x46, 0xff, 0xff, 0xff,
    0xff, 0xfa,

    /* U+0395 "Ε" */
    0xbf, 0xff, 0xff, 0xfa, 0xbf, 0x99, 0x99, 0x95,
    0xbf, 0x10, 0x0, 0x0, 0xbf, 0x10, 0x0, 0x0,
    0xbf, 0x10, 0x0, 0x0, 0xbf, 0x99, 0x99, 0x92,
    0xbf, 0xff, 0xff, 0xf3, 0xbf, 0x10, 0x0, 0x0,
    0xbf, 0x10, 0x0, 0x0, 0xbf, 0x10, 0x0, 0x0,
    0xbf, 0x99, 0x99, 0x96, 0xbf, 0xff, 0xff, 0xfa,

    /* U+0396 "Ζ" */
    0x1f, 0xff, 0xff, 0xff, 0xf4, 0x8, 0x88, 0x88,
    0x8f, 0xf1, 0x0, 0x0, 0x0, 0x7f, 0x60, 0x0,
    0x0, 0x3, 0xfc, 0x0, 0x0, 0x0, 0xd, 0xf2,
    0x0, 0x0, 0x0, 0x8f, 0x70, 0x0, 0x0, 0x3,
    0xfc, 0x0, 0x0, 0x0, 0xc, 0xf2, 0x0, 0x0,
    0x0, 0x7f, 0x70, 0x0, 0x0, 0x2, 0xfb, 0x0,
    0x0, 0x0, 0xc, 0xfa, 0x88, 0x88, 0x82, 0xf,
    0xff, 0xff, 0xff, 0xf5,

    /* U+0397 "Η" */
    0xbf, 0x10, 0x0, 0x2, 0xfa, 0xbf, 0x10, 0x0,
    0x2, 0xfa, 0xbf, 0x10, 0x0, 0x2, 0xfa, 0xbf,
    0x10, 0x0, 0x2, 0xfa, 0xbf, 0x10, 0x0, 0x2,
    0xfa, 0xbf, 0xff, 0xff, 0xff, 0xfa, 0xbf, 0x99,
    0x99, 0x9a, 0xfa, 0xbf, 0x10, 0x0, 0x2, 0xfa,
    0xbf, 0x10, 0x0, 0x2, 0xfa, 0xbf, 0x10, 0x0,
    0x2, 0xfa, 0xbf, 0x10, 0x0, 0x2, 0xfa, 0xbf,
    0x10, 0x0, 0x2, 0xfa,

    /* U+0398 "Θ" */
    0x0, 0x4, 0xbe, 0xfc, 0x60, 0x0, 0x0, 0x7f,
    0xfb, 0xbe, 0xfb, 0x0, 0x3, 0xfd, 0x20, 0x0,
    0xaf, 0x70, 0xa, 0xf3, 0x0, 0x0, 0xe, 0xe0,
    0xf, 0xd0, 0x11, 0x11, 0x9, 0xf3, 0x1f, 0xb3,
    0xff, 0xff, 0x76, 0xf5, 0x1f, 0xb0, 0x44, 0x44,
    0x26, 0xf5, 0xf, 0xd0, 0x0, 0x0, 0x9, 0xf3,
    0xa, 0xf3, 0x0, 0x0, 0xe, 0xe0, 0x3, 0xfd,
    0x20, 0x0, 0xaf, 0x80, 0x0, 0x7f, 0xfb, 0xbe,
    0xfb, 0x0, 0x0, 0x4, 0xbe, 0xfc, 0x60, 0x0,

    /* U+0399 "Ι" */
    0xbf, 0x1b, 0xf1, 0xbf, 0x1b, 0xf1, 0xbf, 0x1b,
    0xf1, 0xbf, 0x1b, 0xf1, 0xbf, 0x1b, 0xf1, 0xbf,
    0x1b, 0xf1,

    /* U+039A "Κ" */
    0xbf, 0x10, 0x0, 0x3f, 0xe2, 0xbf, 0x10, 0x2,
    0xef, 0x30, 0xbf, 0x10, 0x1d, 0xf5, 0x0, 0xbf,
    0x10, 0xcf, 0x70, 0x0, 0xbf, 0x1a, 0xf8, 0x0,
    0x0, 0xbf, 0x7f, 0xf3, 0x0, 0x0, 0xbf, 0xfb,
    0xfd, 0x0, 0x0, 0xbf, 0xb0, 0x9f, 0x80, 0x0,
    0xbf, 0x10, 0xd, 0xf3, 0x0, 0xbf, 0x10, 0x3,
    0xfd, 0x0, 0xbf, 0x10, 0x0, 0x8f, 0x80, 0xbf,
    0x10, 0x0, 0xd, 0xf3,

    /* U+039B "Λ" */
    0x0, 0x0, 0xaf, 0xe0, 0x0, 0x0, 0x0, 0xf,
    0xef, 0x40, 0x0, 0x0, 0x5, 0xf6, 0xf9, 0x0,
    0x0, 0x0, 0xaf, 0x1c, 0xe0, 0x0, 0x0, 0xf,
    0xc0, 0x8f, 0x50, 0x0, 0x5, 0xf7, 0x2, 0xfa,
    0x0, 0x0, 0xbf, 0x20, 0xd, 0xf0, 0x0, 0x1f,
    0xc0, 0x0, 0x8f, 0x50, 0x6, 0xf7, 0x0, 0x2,
    0xfb, 0x0, 0xbf, 0x20, 0x0, 0xd, 0xf1, 0x1f,
    0xd0, 0x0, 0x0, 0x7f, 0x66, 0xf7, 0x0, 0x0,
    0x2, 0xfc,

    /* U+039C "Μ" */
    0xbf, 0xf1, 0x0, 0x0, 0x7, 0xff, 0x5b, 0xff,
    0x70, 0x0, 0x0, 0xdf, 0xf5, 0xbf, 0xdd, 0x0,
    0x0, 0x3f, 0xcf, 0x5b, 0xf8, 0xf3, 0x0, 0x9,
    0xf8, 0xf5, 0xbf, 0x3f, 0x90, 0x0, 0xec, 0x7f,
    0x5b, 0xf0, 0xee, 0x0, 0x4f, 0x77, 0xf5, 0xbf,
    0x8, 0xf4, 0xa, 0xf1, 0x7f, 0x5b, 0xf0, 0x2f,
    0xa0, 0xfb, 0x7, 0xf5, 0xbf, 0x0, 0xce, 0x4f,
    0x50, 0x7f, 0x5b, 0xf0, 0x6, 0xfc, 0xf0, 0x7,
    0xf5, 0xbf, 0x0, 0xf, 0xf9, 0x0, 0x7f, 0x5b,
    0xf0, 0x0, 0xaf, 0x30, 0x7, 0xf5,

    /* U+039D "Ν" */
    0xbf, 0xa0, 0x0, 0x0, 0xfd, 0xbf, 0xf4, 0x0,
    0x0, 0xfd, 0xbf, 0xdd, 0x0, 0x0, 0xfd, 0xbf,
    0x6f, 0x70, 0x0, 0xfd, 0xbf, 0x1d, 0xf2, 0x0,
    0xfd, 0xbf, 0x13, 0xfb, 0x0, 0xfd, 0xbf, 0x10,
    0xaf, 0x50, 0xfd, 0xbf, 0x10, 0x1e, 0xe0, 0xfd,
    0xbf, 0x10, 0x6, 0xf7, 0xfd, 0xbf, 0x10, 0x0,
    0xce, 0xed, 0xbf, 0x10, 0x0, 0x3f, 0xfd, 0xbf,
    0x10, 0x0, 0x8, 0xfd,

    /* U+039E "Ξ" */
    0xef, 0xff, 0xff, 0xff, 0x98, 0x99, 0x99, 0x99,
    0x95, 0x0, 0x0, 0x0, 0x0, 0x0, 0x0, 0x0,
    0x0, 0x0, 0x0, 0x0, 0x0, 0x0, 0x2, 0x88,
    0x88, 0x88, 0x80, 0x5f, 0xff, 0xff, 0xff, 0x0,
    0x0, 0x0, 0x0, 0x0, 0x0, 0x0, 0x0, 0x0,
    0x0, 0x0, 0x0, 0x0, 0x0, 0x89, 0x99, 0x99,
    0x99, 0x5f, 0xff, 0xff, 0xff, 0xfa,

    /* U+039F "Ο" */
    0x0, 0x4, 0xbe, 0xfc, 0x60, 0x0, 0x0, 0x7f,
    0xfb, 0xbe, 0xfb, 0x0, 0x3, 0xfd, 0x20, 0x0,
    0xaf, 0x70, 0xa, 0xf3, 0x0, 0x0, 0xe, 0xe0,
    0xf, 0xd0, 0x0, 0x0, 0x9, 0xf3, 0x1f, 0xb0,
    0x0, 0x0, 0x6, 0xf5, 0x1f, 0xb0, 0x0, 0x0,
    0x6, 0xf5, 0xf, 0xd0, 0x0, 0x0, 0x9, 0xf3,
    0xa, 0xf3, 0x0, 0x0, 0xe, 0xe0, 0x3, 0xfd,
    0x20, 0x0, 0xaf, 0x80, 0x0, 0x7f, 0xfb, 0xbe,
    0xfb, 0x0, 0x0, 0x4, 0xbe, 0xfc, 0x60, 0x0,

    /* U+03A0 "Π" */
    0xbf, 0xff, 0xff, 0xff, 0xfa, 0xbf, 0x99, 0x99,
    0x9a, 0xfa, 0xbf, 0x10, 0x0, 0x2, 0xfa, 0xbf,
    0x10, 0x0, 0x2, 0xfa, 0xbf, 0x10, 0x0, 0x2,
    0xfa, 0xbf, 0x10, 0x0, 0x2, 0xfa, 0xbf, 0x10,
    0x0, 0x2, 0xfa, 0xbf, 0x10, 0x0, 0x2, 0xfa,
    0xbf, 0x10, 0x0, 0x2, 0xfa, 0xbf, 0x10, 0x0,
    0x2, 0xfa, 0xbf, 0x10, 0x0, 0x2, 0xfa, 0xbf,
    0x10, 0x0, 0x2, 0xfa,

    /* U+03A1 "Ρ" */
    0xbf, 0xff, 0xfd, 0x80, 0xb, 0xf9, 0x89, 0xdf,
    0xb0, 0xbf, 0x10, 0x0, 0xcf, 0x3b, 0xf1, 0x0,
    0x6, 0xf7, 0xbf, 0x10, 0x0, 0x6f, 0x7b, 0xf1,
    0x0, 0xb, 0xf3, 0xbf, 0x98, 0x9d, 0xfb, 0xb,
    0xff, 0xff, 0xe8, 0x0, 0xbf, 0x10, 0x0, 0x0,
    0xb, 0xf1, 0x0, 0x0, 0x0, 0xbf, 0x10, 0x0,
    0x0, 0xb, 0xf1, 0x0, 0x0, 0x0,

    /* U+03A3 "Σ" */
    0xc, 0xff, 0xff, 0xff, 0xff, 0x0, 0x9f, 0xd8,
    0x88, 0x88, 0x80, 0x0, 0xbf, 0x70, 0x0, 0x0,
    0x0, 0x0, 0xbf, 0x70, 0x0, 0x0, 0x0, 0x0,
    0xcf, 0x60, 0x0, 0x0, 0x0, 0x0, 0xcf, 0x30,
    0x0, 0x0, 0x0, 0x3e, 0xe1, 0x0, 0x0, 0x0,
    0x2e, 0xe2, 0x0, 0x0, 0x0, 0x2e, 0xf3, 0x0,
    0x0, 0x0, 0x1d, 0xf3, 0x0, 0x0, 0x0, 0xd,
    0xfb, 0x88, 0x88, 0x88, 0x0, 0xff, 0xff, 0xff,
    0xff, 0xf1,

    /* U+03A4 "Τ" */
    0x4f, 0xff, 0xff, 0xff, 0xfc, 0x29, 0x99, 0xdf,
    0x99, 0x96, 0x0, 0x0, 0xaf, 0x20, 0x0, 0x0,
    0x0, 0xaf, 0x20, 0x0, 0x0, 0x0, 0xaf, 0x20,
    0x0, 0x0, 0x0, 0xaf, 0x20, 0x0, 0x0, 0x0,
    0xaf, 0x20, 0x0, 0x0, 0x0, 0xaf, 0x20, 0x0,
    0x0, 0x0, 0xaf, 0x20, 0x0, 0x0, 0x0, 0xaf,
    0x20, 0x0, 0x0, 0x0, 0xaf, 0x20, 0x0, 0x0,
    0x0, 0xaf, 0x20, 0x0,

    /* U+03A5 "Υ" */
    0x4f, 0xc0, 0x0, 0x0, 0x9f, 0x70, 0xbf, 0x50,
    0x0, 0x2f, 0xd0, 0x2, 0xfe, 0x0, 0xb, 0xf4,
    0x0, 0x8, 0xf7, 0x4, 0xfa, 0x0, 0x0, 0xe,
    0xf1, 0xdf, 0x10, 0x0, 0x0, 0x5f, 0xcf, 0x70,
    0x0, 0x0, 0x0, 0xbf, 0xd0, 0x0, 0x0, 0x0,
    0x5, 0xf7, 0x0, 0x0, 0x0, 0x0, 0x5f, 0x70,
    0x0, 0x0, 0x0, 0x5, 0xf7, 0x0, 0x0, 0x0,
    0x0, 0x5f, 0x70, 0x0, 0x0, 0x0, 0x5, 0xf7,
    0x0, 0x0,

    /* U+03A6 "Φ" */
    0x0, 0x0, 0x0, 0xbe, 0x0, 0x0, 0x0, 0x0,
    0x4, 0xbe, 0xff, 0xec, 0x50, 0x0, 0x0, 0x7f,
    0xea, 0xef, 0x9e, 0xfa, 0x0, 0x4, 0xfc, 0x10,
    0xcf, 0x0, 0xaf, 0x70, 0xc, 0xf2, 0x0, 0xcf,
    0x0, 0x1e, 0xe0, 0xf, 0xd0, 0x0, 0xcf, 0x0,
    0xa, 0xf2, 0x1f, 0xb0, 0x0, 0xcf, 0x0, 0x8,
    0xf4, 0xf, 0xd0, 0x0, 0xcf, 0x0, 0xa, 0xf2,
    0xc, 0xf2, 0x0, 0xcf, 0x0, 0xe, 0xe0, 0x4,
    0xfc, 0x0, 0xcf, 0x0, 0xaf, 0x70, 0x0, 0x7f,
    0xea, 0xef, 0x9d, 0xfa, 0x0, 0x0, 0x4, 0xbe,
    0xff, 0xec, 0x50, 0x0, 0x0, 0x0, 0x0, 0xcf,
    0x0, 0x0, 0x0,

    /* U+03A7 "Χ" */
    0xe, 0xf2, 0x0, 0x0, 0xcf, 0x30, 0x4f, 0xc0,
    0x0, 0x7f, 0x80, 0x0, 0x9f, 0x60, 0x2f, 0xd0,
    0x0, 0x0, 0xef, 0x1c, 0xf3, 0x0, 0x0, 0x4,
    0xfc, 0xf8, 0x0, 0x0, 0x0, 0xa, 0xfd, 0x0,
    0x0, 0x0, 0x0, 0xcf, 0xf2, 0x0, 0x0, 0x0,
    0x8f, 0x9f, 0xc0, 0x0, 0x0, 0x3f, 0xc0, 0x9f,
    0x70, 0x0, 0xd, 0xf2, 0x0, 0xef, 0x20, 0x8,
    0xf7, 0x0, 0x4, 0xfc, 0x3, 0xfc, 0x0, 0x0,
    0xa, 0xf7,

    /* U+03A8 "Ψ" */
    0xbf, 0x0, 0xc, 0xf0, 0x0, 0xee, 0xbf, 0x0,
    0xc, 0xf0, 0x0, 0xee, 0xbf, 0x0, 0xc, 0xf0,
    0x0, 0xee, 0xaf, 0x0, 0xc, 0xf0, 0x0, 0xed,
    0x9f, 0x20, 0xc, 0xf0, 0x0, 0xfc, 0x5f, 0x70,
    0xc, 0xf0, 0x4, 0xf8, 0xd, 0xf5, 0x1c, 0xf0,
    0x4e, 0xf1, 0x2, 0xdf, 0xff, 0xff, 0xfe, 0x40,
    0x0, 0x4, 0x7e, 0xf7, 0x40, 0x0, 0x0, 0x0,
    0xc, 0xf0, 0x0, 0x0, 0x0, 0x0, 0xc, 0xf0,
    0x0, 0x0, 0x0, 0x0, 0xc, 0xf0, 0x0, 0x0,

    /* U+03A9 "Ω" */
    0x0, 0x4, 0xbe, 0xfd, 0x70, 0x0, 0x0, 0x8f,
    0xfc, 0xbe, 0xfd, 0x10, 0x5, 0xfd, 0x10, 0x0,
    0x8f, 0xa0, 0xc, 0xf3, 0x0, 0x0, 0xc, 0xf2,
    0xf, 0xd0, 0x0, 0x0, 0x7, 0xf6, 0x1f, 0xb0,
    0x0, 0x0, 0x5, 0xf7, 0xf, 0xd0, 0x0, 0x0,
    0x6, 0xf6, 0xb, 0xf1, 0x0, 0x0, 0xb, 0xf2,
    0x3, 0xfb, 0x0, 0x0, 0x6f, 0x90, 0x0, 0x4c,
    0xe2, 0xb, 0xe7, 0x0, 0x8, 0x89, 0xf3, 0xd,
    0xc8, 0x83, 0x1f, 0xff, 0xf3, 0xd, 0xff, 0xf7,

    /* U+03AA "Ϊ" */
    0x0, 0x0, 0x0, 0x4f, 0x50, 0xea, 0x4f, 0x40,
    0xda, 0x0, 0x0, 0x0, 0x0, 0xbf, 0x10, 0x0,
    0xbf, 0x10, 0x0, 0xbf, 0x10, 0x0, 0xbf, 0x10,
    0x0, 0xbf, 0x10, 0x0, 0xbf, 0x10, 0x0, 0xbf,
    0x10, 0x0, 0xbf, 0x10, 0x0, 0xbf, 0x10, 0x0,
    0xbf, 0x10, 0x0, 0xbf, 0x10, 0x0, 0xbf, 0x10,

    /* U+03AB "Ϋ" */
    0x0, 0x0, 0x0, 0x0, 0x0, 0x0, 0x0, 0xdb,
    0x8, 0xe1, 0x0, 0x0, 0xd, 0xa0, 0x8e, 0x10,
    0x0, 0x0, 0x0, 0x0, 0x0, 0x0, 0x4f, 0xc0,
    0x0, 0x0, 0x9f, 0x70, 0xbf, 0x50, 0x0, 0x2f,
    0xd0, 0x2, 0xfe, 0x0, 0xb, 0xf4, 0x0, 0x8,
    0xf7, 0x4, 0xfa, 0x0, 0x0, 0xe, 0xf1, 0xdf,
    0x10, 0x0, 0x0, 0x5f, 0xcf, 0x70, 0x0, 0x0,
    0x0, 0xbf, 0xd0, 0x0, 0x0, 0x0, 0x5, 0xf7,
    0x0, 0x0, 0x0, 0x0, 0x5f, 0x70, 0x0, 0x0,
    0x0, 0x5, 0xf7, 0x0, 0x0, 0x0, 0x0, 0x5f,
    0x70, 0x0, 0x0, 0x0, 0x5, 0xf7, 0x0, 0x0,

    /* U+03AC "ά" */
    0x0, 0x0, 0x26, 0x10, 0x0, 0x0, 0x0, 0x8,
    0xe0, 0x0, 0x0, 0x0, 0x0, 0xa9, 0x0, 0x0,
    0x0, 0x0, 0x0, 0x0, 0x0, 0x0, 0x0, 0x4c,
    0xfe, 0x70, 0xaf, 0x0, 0x4f, 0xe9, 0x9f, 0x6d,
    0xb0, 0xd, 0xf1, 0x0, 0x5e, 0xf6, 0x2, 0xfa,
    0x0, 0x0, 0xcf, 0x20, 0x3f, 0x80, 0x0, 0x8,
    0xf0, 0x2, 0xfa, 0x0, 0x0, 0xcf, 0x30, 0xd,
    0xf1, 0x0, 0x6d, 0xf7, 0x0, 0x5f, 0xe9, 0xaf,
    0x5b, 0xc0, 0x0, 0x4c, 0xfe, 0x70, 0x8f, 0x10,

    /* U+03AD "έ" */
    0x0, 0x0, 0x54, 0x0, 0x0, 0x0, 0xf8, 0x0,
    0x0, 0x0, 0xf2, 0x0, 0x0, 0x0, 0x0, 0x0,
    0x1, 0x9e, 0xfd, 0x70, 0xb, 0xfa, 0x7b, 0xf7,
    0xf, 0xb0, 0x0, 0x95, 0xd, 0xe3, 0x0, 0x0,
    0x2, 0xef, 0xf7, 0x0, 0xc, 0xe6, 0x31, 0x0,
    0x3f, 0x90, 0x0, 0x76, 0xe, 0xf9, 0x7a, 0xf9,
    0x2, 0xae, 0xfe, 0x80,

    /* U+03AE "ή" */
    0x0, 0x6, 0xf2, 0x0, 0x0, 0x8, 0xc0, 0x0,
    0x0, 0x3, 0x30, 0x0, 0x0, 0x0, 0x0, 0x0,
    0xdc, 0x4d, 0xfc, 0x40, 0xde, 0xd7, 0x8f, 0xf1,
    0xdf, 0x20, 0x7, 0xf5, 0xde, 0x0, 0x4, 0xf7,
    0xde, 0x0, 0x4, 0xf7, 0xde, 0x0, 0x4, 0xf7,
    0xde, 0x0, 0x4, 0xf7, 0xde, 0x0, 0x4, 0xf7,
    0xde, 0x0, 0x4, 0xf7, 0x0, 0x0, 0x4, 0xf7,
    0x0, 0x0, 0x4, 0xf7, 0x0, 0x0, 0x4, 0xf7,

    /* U+03AF "ί" */
    0x16, 0x20, 0x6f, 0x10, 0x7c, 0x0, 0x0, 0x0,
    0xde, 0x0, 0xde, 0x0, 0xde, 0x0, 0xde, 0x0,
    0xde, 0x0, 0xde, 0x0, 0xde, 0x0, 0xbf, 0x81,
    0x3d, 0xf4,

    /* U+03B0 "ΰ" */
    0x0, 0x3, 0x60, 0x0, 0x0, 0xa, 0xd0, 0x0,
    0x0, 0xb, 0x80, 0x0, 0x5f, 0x30, 0x8, 0xe1,
    0x5f, 0x30, 0x8, 0xe1, 0x0, 0x0, 0x0, 0x0,
    0xde, 0x0, 0x4, 0xf7, 0xde, 0x0, 0x4, 0xf7,
    0xde, 0x0, 0x4, 0xf7, 0xde, 0x0, 0x4, 0xf7,
    0xde, 0x0, 0x4, 0xf7, 0xde, 0x0, 0x4, 0xf7,
    0xaf, 0x20, 0x8, 0xf4, 0x4f, 0xe9, 0xaf, 0xd0,
    0x4, 0xcf, 0xea, 0x10,

    /* U+03B1 "α" */
    0x0, 0x4c, 0xfe, 0x70, 0xaf, 0x0, 0x4f, 0xe9,
    0x9f, 0x6d, 0xb0, 0xd, 0xf1, 0x0, 0x5e, 0xf6,
    0x2, 0xfa, 0x0, 0x0, 0xcf, 0x20, 0x3f, 0x80,
    0x0, 0x8, 0xf0, 0x2, 0xfa, 0x0, 0x0, 0xcf,
    0x30, 0xd, 0xf1, 0x0, 0x6d, 0xf7, 0x0, 0x5f,
    0xe9, 0xaf, 0x5b, 0xc0, 0x0, 0x4c, 0xfe, 0x70,
    0x8f, 0x10,

    /* U+03B2 "β" */
    0x5, 0xcf, 0xea, 0x10, 0x4f, 0xea, 0xbf, 0xd0,
    0xbf, 0x10, 0x9, 0xf3, 0xdd, 0x0, 0x6, 0xf4,
    0xdd, 0x1, 0x4d, 0xd0, 0xdd, 0xd, 0xfd, 0x10,
    0xdd, 0x4, 0x5c, 0xe2, 0xdd, 0x0, 0x1, 0xfa,
    0xde, 0x0, 0x0, 0xec, 0xdf, 0x20, 0x3, 0xf9,
    0xdf, 0xea, 0xaf, 0xf2, 0xdd, 0x6e, 0xfc, 0x30,
    0xdd, 0x0, 0x0, 0x0, 0xdd, 0x0, 0x0, 0x0,
    0xdd, 0x0, 0x0, 0x0,

    /* U+03B3 "γ" */
    0x7f, 0x60, 0x0, 0x3f, 0xa1, 0xfb, 0x0, 0x8,
    0xf4, 0xb, 0xf1, 0x0, 0xee, 0x0, 0x5f, 0x70,
    0x3f, 0x80, 0x0, 0xec, 0x9, 0xf2, 0x0, 0x9,
    0xf2, 0xeb, 0x0, 0x0, 0x3f, 0x9f, 0x50, 0x0,
    0x0, 0xdf, 0xf0, 0x0, 0x0, 0x6, 0xf9, 0x0,
    0x0, 0x0, 0x4f, 0x70, 0x0, 0x0, 0x4, 0xf7,
    0x0, 0x0, 0x0, 0x4f, 0x70, 0x0,

    /* U+03B4 "δ" */
    0x0, 0x2a, 0xdf, 0xf7, 0x0, 0xe, 0xfa, 0x87,
    0x30, 0x0, 0xfb, 0x0, 0x0, 0x0, 0x5, 0xdb,
    0x50, 0x0, 0x0, 0x6c, 0xff, 0xe4, 0x0, 0x8f,
    0x82, 0x4e, 0xf1, 0xf, 0xc0, 0x0, 0x5f, 0x73,
    0xf8, 0x0, 0x1, 0xfa, 0x3f, 0x80, 0x0, 0x1f,
    0xa0, 0xfd, 0x0, 0x7, 0xf6, 0x7, 0xfd, 0x8a,
    0xfd, 0x0, 0x6, 0xdf, 0xea, 0x10,

    /* U+03B5 "ε" */
    0x1, 0x9e, 0xfd, 0x70, 0xb, 0xfa, 0x7b, 0xf7,
    0xf, 0xb0, 0x0, 0x95, 0xd, 0xe3, 0x0, 0x0,
    0x2, 0xef, 0xf7, 0x0, 0xc, 0xe6, 0x31, 0x0,
    0x3f, 0x90, 0x0, 0x76, 0xe, 0xf9, 0x7a, 0xf9,
    0x2, 0xae, 0xfe, 0x80,

    /* U+03B6 "ζ" */
    0xe, 0xff, 0xff, 0xf7, 0x6, 0x77, 0x7c, 0xf3,
    0x0, 0x0, 0x6f, 0x70, 0x0, 0x3, 0xfb, 0x0,
    0x0, 0x1e, 0xd1, 0x0, 0x0, 0xcf, 0x30, 0x0,
    0x7, 0xf6, 0x0, 0x0, 0xf, 0xc0, 0x0, 0x0,
    0x3f, 0x80, 0x0, 0x0, 0x1f, 0xa0, 0x0, 0x0,
    0xb, 0xfb, 0x76, 0x20, 0x1, 0x8d, 0xff, 0xf3,
    0x0, 0x0, 0x1, 0xf8, 0x0, 0x0, 0x0, 0xf9,
    0x0, 0x0, 0x0, 0x74,

    /* U+03B7 "η" */
    0xdc, 0x4d, 0xfc, 0x40, 0xde, 0xd7, 0x8f, 0xf1,
    0xdf, 0x20, 0x7, 0xf5, 0xde, 0x0, 0x4, 0xf7,
    0xde, 0x0, 0x4, 0xf7, 0xde, 0x0, 0x4, 0xf7,
    0xde, 0x0, 0x4, 0xf7, 0xde, 0x0, 0x4, 0xf7,
    0xde, 0x0, 0x4, 0xf7, 0x0, 0x0, 0x4, 0xf7,
    0x0, 0x0, 0x4, 0xf7, 0x0, 0x0, 0x4, 0xf7,

    /* U+03B8 "θ" */
    0x0, 0x1a, 0xee, 0xa1, 0x0, 0x1, 0xdf, 0x99,
    0xfd, 0x0, 0x8, 0xf3, 0x0, 0x3f, 0x70, 0xd,
    0xc0, 0x0, 0xc, 0xd0, 0xf, 0xa1, 0x11, 0x1b,
    0xf0, 0x1f, 0xff, 0xff, 0xff, 0xf1, 0x1f, 0xb4,
    0x44, 0x4b, 0xf1, 0xf, 0xb0, 0x0, 0xb, 0xf0,
    0xd, 0xe0, 0x0, 0xe, 0xd0, 0x8, 0xf4, 0x0,
    0x5f, 0x70, 0x1, 0xdf, 0x99, 0xfd, 0x0, 0x0,
    0x1a, 0xee, 0xa1, 0x0,

    /* U+03B9 "ι" */
    0xde, 0x0, 0xde, 0x0, 0xde, 0x0, 0xde, 0x0,
    0xde, 0x0, 0xde, 0x0, 0xde, 0x0, 0xbf, 0x81,
    0x3d, 0xf4,

    /* U+03BA "κ" */
    0xde, 0x0, 0xd, 0xf3, 0xde, 0x0, 0x9f, 0x60,
    0xde, 0x5, 0xf9, 0x0, 0xde, 0x2f, 0xc0, 0x0,
    0xdf, 0xff, 0x30, 0x0, 0xde, 0x5f, 0xb0, 0x0,
    0xde, 0x8, 0xf7, 0x0, 0xde, 0x0, 0xbf, 0x40,
    0xde, 0x0, 0x1e, 0xf2,

    /* U+03BB "λ" */
    0xa, 0xfb, 0x20, 0x0, 0x0, 0x0, 0x48, 0xfd,
    0x0, 0x0, 0x0, 0x0, 0x8, 0xf4, 0x0, 0x0,
    0x0, 0x0, 0x7f, 0xa0, 0x0, 0x0, 0x0, 0xd,
    0xff, 0x10, 0x0, 0x0, 0x3, 0xf8, 0xf6, 0x0,
    0x0, 0x0, 0x9f, 0x1d, 0xd0, 0x0, 0x0, 0xe,
    0xb0, 0x7f, 0x30, 0x0, 0x5, 0xf6, 0x2, 0xf9,
    0x0, 0x0, 0xbf, 0x10, 0xb, 0xe0, 0x0, 0x1f,
    0xb0, 0x0, 0x4f, 0xc8, 0x7, 0xf6, 0x0, 0x0,
    0x7e, 0xf2,

    /* U+03BC "μ" */
    0xde, 0x0, 0x3, 0xf7, 0xd, 0xe0, 0x0, 0x3f,
    0x70, 0xde, 0x0, 0x3, 0xf7, 0xd, 0xe0, 0x0,
    0x3f, 0x70, 0xde, 0x0, 0x3, 0xf7, 0xd, 0xe0,
    0x0, 0x4f, 0x70, 0xdf, 0x10, 0x7, 0xf7, 0xd,
    0xfd, 0x68, 0xef, 0xc3, 0xde, 0x8e, 0xd4, 0x8f,
    0x8d, 0xe0, 0x0, 0x0, 0x0, 0xde, 0x0, 0x0,
    0x0, 0xd, 0xe0, 0x0, 0x0, 0x0,

    /* U+03BD "ν" */
    0xae, 0x50, 0x0, 0xd, 0xf0, 0x4e, 0xf1, 0x0,
    0x2f, 0x90, 0x6, 0xf6, 0x0, 0x8f, 0x40, 0x0,
    0xfb, 0x0, 0xde, 0x0, 0x0, 0xaf, 0x12, 0xf8,
    0x0, 0x0, 0x4f, 0x68, 0xf2, 0x0, 0x0, 0xe,
    0xbc, 0xc0, 0x0, 0x0, 0x8, 0xff, 0x60, 0x0,
    0x0, 0x2, 0xff, 0x10, 0x0,

    /* U+03BE "ξ" */
    0xb, 0xff, 0xff, 0xfb, 0x4, 0x8d, 0xa7, 0x54,
    0x4, 0xf4, 0x0, 0x0, 0x9, 0xf1, 0x0, 0x0,
    0x4, 0xfb, 0x42, 0x20, 0x0, 0x3c, 0xff, 0xf2,
    0x5, 0xfb, 0x65, 0x50, 0xe, 0xc0, 0x0, 0x0,
    0x2f, 0x80, 0x0, 0x0, 0x1f, 0xc0, 0x0, 0x0,
    0xa, 0xfc, 0x87, 0x40, 0x0, 0x7d, 0xff, 0xfa,
    0x0, 0x0, 0x0, 0xae, 0x0, 0x0, 0x0, 0x9f,
    0x0, 0x0, 0x0, 0x47,

    /* U+03BF "ο" */
    0x0, 0x4c, 0xfe, 0xa1, 0x0, 0x4f, 0xe8, 0x9f,
    0xe1, 0xd, 0xf1, 0x0, 0x5f, 0x82, 0xfa, 0x0,
    0x0, 0xfc, 0x3f, 0x80, 0x0, 0xd, 0xe2, 0xfa,
    0x0, 0x0, 0xfd, 0xd, 0xe1, 0x0, 0x5f, 0x80,
    0x4f, 0xe8, 0x9f, 0xe1, 0x0, 0x4c, 0xfe, 0xa1,
    0x0,

    /* U+03C0 "π" */
    0xbf, 0xff, 0xff, 0xff, 0xf8, 0x49, 0xfa, 0x66,
    0xcf, 0x63, 0x4, 0xf6, 0x0, 0xaf, 0x0, 0x4,
    0xf6, 0x0, 0xaf, 0x0, 0x4, 0xf6, 0x0, 0xaf,
    0x0, 0x4, 0xf6, 0x0, 0xaf, 0x0, 0x4, 0xf6,
    0x0, 0xaf, 0x0, 0x4, 0xf6, 0x0, 0x9f, 0x92,
    0x4, 0xf6, 0x0, 0x2c, 0xf6,

    /* U+03C1 "ρ" */
    0x1, 0xae, 0xfc, 0x30, 0x0, 0xdf, 0xa8, 0xef,
    0x30, 0x7f, 0x60, 0x2, 0xfc, 0xb, 0xf0, 0x0,
    0xc, 0xf0, 0xdd, 0x0, 0x0, 0xaf, 0x1d, 0xf0,
    0x0, 0xb, 0xf0, 0xdf, 0x60, 0x2, 0xfc, 0xd,
    0xee, 0x98, 0xef, 0x40, 0xde, 0x3d, 0xfd, 0x50,
    0xd, 0xe0, 0x0, 0x0, 0x0, 0xde, 0x0, 0x0,
    0x0, 0xd, 0xe0, 0x0, 0x0, 0x0,

    /* U+03C2 "ς" */
    0x0, 0x4c, 0xfe, 0x91, 0x0, 0x4f, 0xe8, 0x9f,
    0xd0, 0xd, 0xf1, 0x0, 0x6e, 0x32, 0xfa, 0x0,
    0x0, 0x0, 0x3f, 0x80, 0x0, 0x0, 0x2, 0xf9,
    0x0, 0x0, 0x0, 0xe, 0xe1, 0x0, 0x0, 0x0,
    0x5f, 0xd8, 0x64, 0x0, 0x0, 0x5c, 0xff, 0xf9,
    0x0, 0x0, 0x0, 0x9, 0xf1, 0x0, 0x0, 0x0,
    0x5f, 0x30, 0x0, 0x0, 0x2, 0x81,

    /* U+03C3 "σ" */
    0x0, 0x4c, 0xff, 0xff, 0xfd, 0x5, 0xfd, 0x78,
    0xfa, 0x65, 0xe, 0xe1, 0x0, 0x5f, 0x30, 0x2f,
    0xa0, 0x0, 0xf, 0xb0, 0x3f, 0x80, 0x0, 0xd,
    0xe0, 0x2f, 0xa0, 0x0, 0xf, 0xd0, 0xd, 0xf1,
    0x0, 0x6f, 0x90, 0x4, 0xfe, 0x89, 0xfe, 0x10,
    0x0, 0x4c, 0xfe, 0xa1, 0x0,

    /* U+03C4 "τ" */
    0xdf, 0xff, 0xff, 0xf8, 0x67, 0x7f, 0xd7, 0x74,
    0x0, 0xf, 0xb0, 0x0, 0x0, 0xf, 0xb0, 0x0,
    0x0, 0xf, 0xb0, 0x0, 0x0, 0xf, 0xb0, 0x0,
    0x0, 0xf, 0xb0, 0x0, 0x0, 0xd, 0xf8, 0x40,
    0x0, 0x3, 0xdf, 0x80,

    /* U+03C5 "υ" */
    0xde, 0x0, 0x4, 0xf7, 0xde, 0x0, 0x4, 0xf7,
    0xde, 0x0, 0x4, 0xf7, 0xde, 0x0, 0x4, 0xf7,
    0xde, 0x0, 0x4, 0xf7, 0xde, 0x0, 0x4, 0xf7,
    0xaf, 0x20, 0x8, 0xf4, 0x4f, 0xe9, 0xaf, 0xd0,
    0x4, 0xcf, 0xea, 0x10,

    /* U+03C6 "φ" */
    0x0, 0x59, 0x1, 0xbf, 0xd6, 0x0, 0x5, 0xfc,
    0xa, 0xf9, 0xcf, 0x50, 0xd, 0xe0, 0xd, 0xd0,
    0xe, 0xd0, 0x2f, 0x80, 0xe, 0xc0, 0x9, 0xf1,
    0x3f, 0x70, 0xe, 0xc0, 0x8, 0xf2, 0x2f, 0x90,
    0xe, 0xc0, 0xb, 0xf1, 0xd, 0xf2, 0xe, 0xc0,
    0x3f, 0xc0, 0x4, 0xfe, 0x9f, 0xe9, 0xfe, 0x20,
    0x0, 0x3b, 0xef, 0xfe, 0x92, 0x0, 0x0, 0x0,
    0xe, 0xc0, 0x0, 0x0, 0x0, 0x0, 0xe, 0xc0,
    0x0, 0x0, 0x0, 0x0, 0xe, 0xc0, 0x0, 0x0,

    /* U+03C7 "χ" */
    0xde, 0x50, 0x0, 0x4f, 0x70, 0x6d, 0xf2, 0x0,
    0xce, 0x0, 0x2, 0xfa, 0x5, 0xf6, 0x0, 0x0,
    0x9f, 0x3d, 0xd0, 0x0, 0x0, 0x1f, 0xef, 0x50,
    0x0, 0x0, 0x8, 0xfc, 0x0, 0x0, 0x0, 0x8,
    0xfc, 0x0, 0x0, 0x0, 0x1f, 0xef, 0x40, 0x0,
    0x0, 0x9f, 0x3e, 0xd0, 0x0, 0x2, 0xf9, 0x6,
    0xf5, 0x0, 0xb, 0xf1, 0x0, 0xde, 0x80, 0x3f,
    0x80, 0x0, 0x3d, 0xf1,

    /* U+03C8 "ψ" */
    0x0, 0x0, 0x25, 0x10, 0x0, 0x0, 0x0, 0x7,
    0xf3, 0x0, 0x0, 0x0, 0x0, 0x7f, 0x30, 0x0,
    0xd, 0xd0, 0x7, 0xf3, 0x2, 0xf9, 0xdd, 0x0,
    0x7f, 0x30, 0x2f, 0x9d, 0xd0, 0x7, 0xf3, 0x2,
    0xf9, 0xdd, 0x0, 0x7f, 0x30, 0x2f, 0x9d, 0xe0,
    0x7, 0xf3, 0x2, 0xf8, 0xbf, 0x0, 0x7f, 0x30,
    0x4f, 0x77, 0xf7, 0x7, 0xf3, 0xb, 0xf3, 0xd,
    0xfb, 0xcf, 0xac, 0xfa, 0x0, 0x19, 0xef, 0xff,
    0xd7, 0x0, 0x0, 0x0, 0x7f, 0x30, 0x0, 0x0,
    0x0, 0x7, 0xf3, 0x0, 0x0, 0x0, 0x0, 0x7f,
    0x30, 0x0, 0x0,

    /* U+03C9 "ω" */
    0x0, 0xcf, 0x20, 0x0, 0x2f, 0xc0, 0x0, 0x6f,
    0x70, 0x0, 0x0, 0x6f, 0x70, 0xd, 0xe0, 0x0,
    0x0, 0x0, 0xed, 0x1, 0xfa, 0x0, 0x3d, 0x40,
    0x9, 0xf2, 0x3f, 0x80, 0x4, 0xf5, 0x0, 0x7f,
    0x43, 0xf8, 0x0, 0x5f, 0x60, 0x8, 0xf3, 0xf,
    0xc0, 0x8, 0xf8, 0x0, 0xcf, 0x10, 0x9f, 0xb8,
    0xf9, 0xf8, 0xbf, 0xa0, 0x0, 0x9e, 0xe8, 0x8,
    0xee, 0x90, 0x0,

    /* U+03CA "ϊ" */
    0x7e, 0x22, 0xe7, 0x7f, 0x22, 0xf7, 0x0, 0x0,
    0x0, 0x0, 0xde, 0x0, 0x0, 0xde, 0x0, 0x0,
    0xde, 0x0, 0x0, 0xde, 0x0, 0x0, 0xde, 0x0,
    0x0, 0xde, 0x0, 0x0, 0xde, 0x0, 0x0, 0xbf,
    0x81, 0x0, 0x3d, 0xf4,

    /* U+03CB "ϋ" */
    0xa, 0xd0, 0x4f, 0x40, 0xa, 0xe0, 0x5f, 0x40,
    0x0, 0x0, 0x0, 0x0, 0xde, 0x0, 0x4, 0xf7,
    0xde, 0x0, 0x4, 0xf7, 0xde, 0x0, 0x4, 0xf7,
    0xde, 0x0, 0x4, 0xf7, 0xde, 0x0, 0x4, 0xf7,
    0xde, 0x0, 0x4, 0xf7, 0xaf, 0x20, 0x8, 0xf4,
    0x4f, 0xe9, 0xaf, 0xd0, 0x4, 0xcf, 0xea, 0x10,

    /* U+03CC "ό" */
    0x0, 0x0, 0x26, 0x0, 0x0, 0x0, 0x9, 0xe0,
    0x0, 0x0, 0x0, 0xa9, 0x0, 0x0, 0x0, 0x0,
    0x0, 0x0, 0x0, 0x4c, 0xfe, 0xa1, 0x0, 0x4f,
    0xe8, 0x9f, 0xe1, 0xd, 0xf1, 0x0, 0x5f, 0x82,
    0xfa, 0x0, 0x0, 0xfc, 0x3f, 0x80, 0x0, 0xd,
    0xe2, 0xfa, 0x0, 0x0, 0xfd, 0xd, 0xe1, 0x0,
    0x5f, 0x80, 0x4f, 0xe8, 0x9f, 0xe1, 0x0, 0x4c,
    0xfe, 0xa1, 0x0,

    /* U+03CD "ύ" */
    0x0, 0x3, 0x60, 0x0, 0x0, 0x9, 0xe0, 0x0,
    0x0, 0xb, 0x80, 0x0, 0x0, 0x0, 0x0, 0x0,
    0xde, 0x0, 0x4, 0xf7, 0xde, 0x0, 0x4, 0xf7,
    0xde, 0x0, 0x4, 0xf7, 0xde, 0x0, 0x4, 0xf7,
    0xde, 0x0, 0x4, 0xf7, 0xde, 0x0, 0x4, 0xf7,
    0xaf, 0x20, 0x8, 0xf4, 0x4f, 0xe9, 0xaf, 0xd0,
    0x4, 0xcf, 0xea, 0x10,

    /* U+03CE "ώ" */
    0x0, 0x0, 0x0, 0x45, 0x0, 0x0, 0x0, 0x0,
    0x0, 0xd, 0x90, 0x0, 0x0, 0x0, 0x0, 0x0,
    0xf4, 0x0, 0x0, 0x0, 0x0, 0x0, 0x0, 0x0,
    0x0, 0x0, 0x0, 0xcf, 0x20, 0x0, 0x2f, 0xc0,
    0x0, 0x6f, 0x70, 0x0, 0x0, 0x6f, 0x70, 0xd,
    0xe0, 0x0, 0x0, 0x0, 0xed, 0x1, 0xfa, 0x0,
    0x3d, 0x40, 0x9, 0xf2, 0x3f, 0x80, 0x4, 0xf5,
    0x0, 0x7f, 0x43, 0xf8, 0x0, 0x5f, 0x60, 0x8,
    0xf3, 0xf, 0xc0, 0x8, 0xf8, 0x0, 0xcf, 0x10,
    0x9f, 0xb8, 0xf9, 0xf8, 0xbf, 0xa0, 0x0, 0x9e,
    0xe8, 0x8, 0xee, 0x90, 0x0,

    /* U+03CF "Ϗ" */
    0xbf, 0x10, 0x0, 0x3f, 0xe2, 0xbf, 0x10, 0x2,
    0xef, 0x30, 0xbf, 0x10, 0x1d, 0xf5, 0x0, 0xbf,
    0x10, 0xcf, 0x70, 0x0, 0xbf, 0x1a, 0xf8, 0x0,
    0x0, 0xbf, 0x7f, 0xf3, 0x0, 0x0, 0xbf, 0xfb,
    0xfd, 0x0, 0x0, 0xbf, 0xb0, 0x9f, 0x80, 0x0,
    0xbf, 0x10, 0xd, 0xf3, 0x0, 0xbf, 0x10, 0x3,
    0xfd, 0x0, 0xbf, 0x10, 0x0, 0x8f, 0x80, 0xbf,
    0x10, 0x0, 0xd, 0xf3, 0x0, 0x0, 0x0, 0xd,
    0xf3, 0x0, 0x0, 0x0, 0x8f, 0x80, 0x0, 0x0,
    0x0, 0xec, 0x0, 0x0, 0x0, 0x0, 0x12, 0x0,

    /* U+03D0 "ϐ" */
    0x0, 0x5d, 0xfd, 0x50, 0x0, 0x6f, 0xb7, 0xef,
    0x10, 0x1f, 0xd1, 0xb, 0xf2, 0x6, 0xff, 0xff,
    0xfa, 0x0, 0x9f, 0x1a, 0xd9, 0x10, 0xb, 0xed,
    0xff, 0xfe, 0x20, 0xbf, 0xc2, 0x6, 0xfb, 0xb,
    0xf4, 0x0, 0xd, 0xf0, 0x9f, 0x30, 0x0, 0xdf,
    0x4, 0xf8, 0x0, 0x2f, 0xd0, 0xc, 0xfa, 0x9e,
    0xf5, 0x0, 0x19, 0xef, 0xc5, 0x0,

    /* U+03D1 "ϑ" */
    0x0, 0x3c, 0xfc, 0x30, 0x0, 0xe, 0xfa, 0xfe,
    0x0, 0x3, 0xf9, 0xa, 0xf3, 0x0, 0x4f, 0x90,
    0x9f, 0x40, 0x1, 0xfe, 0x9, 0xf5, 0x0, 0x8,
    0xfc, 0xcf, 0x81, 0xfd, 0x8, 0xff, 0xff, 0x4f,
    0xd0, 0x1, 0xbf, 0x80, 0xfd, 0x0, 0x9, 0xf4,
    0xc, 0xf2, 0x0, 0xdf, 0x20, 0x5f, 0xe9, 0xcf,
    0xb0, 0x0, 0x5c, 0xfe, 0x90, 0x0,

    /* U+03D2 "ϒ" */
    0x2e, 0xd2, 0x0, 0x2, 0xdf, 0x21, 0xbf, 0xb0,
    0x0, 0xbf, 0xb0, 0x0, 0xbf, 0x20, 0x2f, 0xa0,
    0x0, 0x4, 0xf8, 0x9, 0xf3, 0x0, 0x0, 0xd,
    0xe1, 0xfb, 0x0, 0x0, 0x0, 0x6f, 0xcf, 0x40,
    0x0, 0x0, 0x0, 0xef, 0xd0, 0x0, 0x0, 0x0,
    0x8, 0xf7, 0x0, 0x0, 0x0, 0x0, 0x6f, 0x50,
    0x0, 0x0, 0x0, 0x6, 0xf5, 0x0, 0x0, 0x0,
    0x0, 0x6f, 0x50, 0x0, 0x0, 0x0, 0x6, 0xf5,
    0x0, 0x0,

    /* U+03D3 "ϓ" */
    0x1f, 0x82, 0xed, 0x20, 0x0, 0x2d, 0xf2, 0x2f,
    0x20, 0xbf, 0xc0, 0x0, 0xaf, 0xb0, 0x27, 0x0,
    0xa, 0xf3, 0x2, 0xfa, 0x0, 0x0, 0x0, 0x3,
    0xf9, 0x8, 0xf3, 0x0, 0x0, 0x0, 0x0, 0xcf,
    0x1e, 0xc0, 0x0, 0x0, 0x0, 0x0, 0x5f, 0xcf,
    0x50, 0x0, 0x0, 0x0, 0x0, 0xe, 0xfe, 0x0,
    0x0, 0x0, 0x0, 0x0, 0x7, 0xf7, 0x0, 0x0,
    0x0, 0x0, 0x0, 0x6, 0xf6, 0x0, 0x0, 0x0,
    0x0, 0x0, 0x6, 0xf6, 0x0, 0x0, 0x0, 0x0,
    0x0, 0x6, 0xf6, 0x0, 0x0, 0x0, 0x0, 0x0,
    0x6, 0xf6, 0x0, 0x0,

    /* U+03D4 "ϔ" */
    0x0, 0x0, 0x0, 0x0, 0x0, 0x0, 0x1, 0xe9,
    0xa, 0xe0, 0x0, 0x0, 0x1e, 0x90, 0x9d, 0x0,
    0x0, 0x0, 0x0, 0x0, 0x0, 0x0, 0x2e, 0xd2,
    0x0, 0x2, 0xdf, 0x21, 0xbf, 0xb0, 0x0, 0xbf,
    0xb0, 0x0, 0xbf, 0x20, 0x2f, 0xa0, 0x0, 0x4,
    0xf8, 0x9, 0xf3, 0x0, 0x0, 0xd, 0xe1, 0xfb,
    0x0, 0x0, 0x0, 0x6f, 0xcf, 0x40, 0x0, 0x0,
    0x0, 0xef, 0xd0, 0x0, 0x0, 0x0, 0x8, 0xf7,
    0x0, 0x0, 0x0, 0x0, 0x6f, 0x50, 0x0, 0x0,
    0x0, 0x6, 0xf5, 0x0, 0x0, 0x0, 0x0, 0x6f,
    0x50, 0x0, 0x0, 0x0, 0x6, 0xf5, 0x0, 0x0,

    /* U+03D5 "ϕ" */
    0x0, 0x0, 0x2f, 0x70, 0x0, 0x0, 0x0, 0x2,
    0xf7, 0x0, 0x0, 0x0, 0x0, 0x2f, 0x70, 0x0,
    0x0, 0x4, 0xcf, 0xff, 0xd7, 0x0, 0x4, 0xfe,
    0x9f, 0xcc, 0xf9, 0x0, 0xdf, 0x12, 0xf7, 0xb,
    0xf2, 0x2f, 0xa0, 0x2f, 0x70, 0x5f, 0x73, 0xf8,
    0x2, 0xf7, 0x3, 0xf8, 0x2f, 0xa0, 0x2f, 0x70,
    0x5f, 0x70, 0xde, 0x12, 0xf7, 0xb, 0xf2, 0x4,
    0xfe, 0x9f, 0xcc, 0xf9, 0x0, 0x4, 0xcf, 0xff,
    0xd7, 0x0, 0x0, 0x0, 0x2f, 0x70, 0x0, 0x0,
    0x0, 0x2, 0xf7, 0x0, 0x0, 0x0, 0x0, 0x2f,
    0x70, 0x0, 0x0,

    /* U+03D6 "ϖ" */
    0x4f, 0xff, 0xff, 0xff, 0xff, 0xff, 0xf1, 0xbf,
    0x96, 0x66, 0x66, 0x6c, 0xf8, 0xb, 0xf1, 0x0,
    0x0, 0x0, 0x5f, 0x60, 0xed, 0x0, 0x1f, 0xb0,
    0x2, 0xf9, 0xf, 0xc0, 0x1, 0xfc, 0x0, 0x1f,
    0xa0, 0xed, 0x0, 0x2f, 0xd0, 0x2, 0xf9, 0xb,
    0xf2, 0x6, 0xff, 0x10, 0x7f, 0x60, 0x4f, 0xd9,
    0xfb, 0xed, 0x9f, 0xe1, 0x0, 0x6e, 0xfb, 0x13,
    0xdf, 0xc3, 0x0,

    /* U+03D7 "ϗ" */
    0xde, 0x0, 0xd, 0xf3, 0xde, 0x0, 0x9f, 0x60,
    0xde, 0x5, 0xfa, 0x0, 0xde, 0x3f, 0xd0, 0x0,
    0xdf, 0xff, 0x30, 0x0, 0xde, 0x7f, 0xb0, 0x0,
    0xde, 0x7, 0xf8, 0x0, 0xde, 0x0, 0xaf, 0x40,
    0xde, 0x0, 0xc, 0xf2, 0x0, 0x0, 0xc, 0xf2,
    0x0, 0x0, 0x8f, 0x40, 0x0, 0x1, 0xf7, 0x0,
    0x0, 0x0, 0x30, 0x0,

    /* U+03DC "Ϝ" */
    0xbf, 0xff, 0xff, 0xf8, 0xbf, 0x99, 0x99, 0x94,
    0xbf, 0x10, 0x0, 0x0, 0xbf, 0x10, 0x0, 0x0,
    0xbf, 0x10, 0x0, 0x0, 0xbf, 0x98, 0x88, 0x84,
    0xbf, 0xff, 0xff, 0xf8, 0xbf, 0x10, 0x0, 0x0,
    0xbf, 0x10, 0x0, 0x0, 0xbf, 0x10, 0x0, 0x0,
    0xbf, 0x10, 0x0, 0x0, 0xbf, 0x10, 0x0, 0x0,

    /* U+03DD "ϝ" */
    0xdf, 0xff, 0xff, 0xad, 0xe7, 0x77, 0x74, 0xde,
    0x0, 0x0, 0xd, 0xe0, 0x0, 0x0, 0xde, 0x22,
    0x22, 0x1d, 0xff, 0xff, 0xfa, 0xde, 0x55, 0x55,
    0x3d, 0xe0, 0x0, 0x0, 0xde, 0x0, 0x0, 0xd,
    0xe0, 0x0, 0x0, 0xde, 0x0, 0x0, 0xd, 0xe0,
    0x0, 0x0,

    /* U+03F0 "ϰ" */
    0x1f, 0xe7, 0x0, 0x1, 0xeb, 0x0, 0x8d, 0xf3,
    0x0, 0xbf, 0x20, 0x0, 0x4f, 0x60, 0x7f, 0xf0,
    0x0, 0x4, 0xf7, 0x3f, 0xff, 0x0, 0x0, 0x4f,
    0x8d, 0xdb, 0xf0, 0x0, 0x4, 0xff, 0xf3, 0xaf,
    0x0, 0x0, 0x4f, 0xf7, 0xa, 0xf1, 0x0, 0x4,
    0xfb, 0x0, 0x6f, 0xc7, 0x0, 0xbe, 0x10, 0x0,
    0x9e, 0xd0,

    /* U+03F1 "ϱ" */
    0x1, 0x9e, 0xfc, 0x40, 0x0, 0xcf, 0xa9, 0xef,
    0x30, 0x5f, 0x80, 0x3, 0xfb, 0x9, 0xf3, 0x0,
    0xe, 0xf0, 0xbf, 0x20, 0x0, 0xcf, 0xb, 0xf4,
    0x0, 0xf, 0xf0, 0xaf, 0xd2, 0x9, 0xfa, 0x8,
    0xfc, 0xff, 0xfd, 0x10, 0x4f, 0x45, 0x75, 0x0,
    0x0, 0xdd, 0x30, 0x0, 0x0, 0x3, 0xff, 0xd8,
    0x10, 0x0, 0x2, 0x9e, 0xfe, 0x10, 0x0, 0x0,
    0x5, 0xf5, 0x0, 0x0, 0x0, 0x0, 0x0,

    /* U+03F2 "ϲ" */
    0x0, 0x4c, 0xfe, 0xa1, 0x0, 0x4f, 0xe8, 0x9f,
    0xd0, 0xd, 0xf1, 0x0, 0x6d, 0x32, 0xfa, 0x0,
    0x0, 0x0, 0x3f, 0x80, 0x0, 0x0, 0x2, 0xfa,
    0x0, 0x0, 0x0, 0xd, 0xe1, 0x0, 0x5e, 0x40,
    0x5f, 0xe8, 0x9f, 0xd0, 0x0, 0x4c, 0xfe, 0xa1,
    0x0,

    /* U+03F3 "ϳ" */
    0x0, 0xcd, 0x0, 0xd, 0xe0, 0x0, 0x0, 0x0,
    0xd, 0xe0, 0x0, 0xde, 0x0, 0xd, 0xe0, 0x0,
    0xde, 0x0, 0xd, 0xe0, 0x0, 0xde, 0x0, 0xd,
    0xe0, 0x0, 0xde, 0x0, 0xd, 0xe0, 0x0, 0xed,
    0x2, 0xaf, 0xa0, 0x4f, 0xb1, 0x0,

    /* U+03F4 "ϴ" */
    0x0, 0x4, 0xbe, 0xfc, 0x60, 0x0, 0x0, 0x7f,
    0xfb, 0xbe, 0xfb, 0x0, 0x3, 0xfc, 0x10, 0x0,
    0x9f, 0x70, 0xa, 0xf1, 0x0, 0x0, 0xd, 0xe0,
    0xf, 0xd1, 0x11, 0x11, 0x19, 0xf3, 0x1f, 0xff,
    0xff, 0xff, 0xff, 0xf5, 0x1f, 0xd4, 0x44, 0x44,
    0x4a, 0xf5, 0xf, 0xe0, 0x0, 0x0, 0xa, 0xf3,
    0xa, 0xf5, 0x0, 0x0, 0x1f, 0xe0, 0x3, 0xfe,
    0x20, 0x0, 0xbf, 0x80, 0x0, 0x7f, 0xfb, 0xbe,
    0xfb, 0x0, 0x0, 0x4, 0xbe, 0xfc, 0x60, 0x0,

    /* U+03F5 "ϵ" */
    0x0, 0x8e, 0xff, 0xd0, 0x9f, 0xc8, 0x86, 0x2f,
    0xd0, 0x0, 0x6, 0xf9, 0x11, 0x0, 0x7f, 0xff,
    0xf7, 0x5, 0xfa, 0x44, 0x20, 0x2f, 0xc0, 0x0,
    0x0, 0xaf, 0xc8, 0x86, 0x0, 0x8e, 0xff, 0xd0,

    /* U+03F6 "϶" */
    0x7f, 0xfe, 0xa2, 0x3, 0x88, 0xaf, 0xe1, 0x0,
    0x0, 0x7f, 0x70, 0x2, 0x24, 0xfb, 0x1, 0xff,
    0xff, 0xd0, 0x5, 0x56, 0xfb, 0x0, 0x0, 0x6f,
    0x73, 0x88, 0x9f, 0xe1, 0x7f, 0xfe, 0xb2, 0x0,

    /* U+03F9 "Ϲ" */
    0x0, 0x4, 0xbe, 0xfc, 0x60, 0x0, 0x7, 0xff,
    0xbb, 0xef, 0xb0, 0x3, 0xfd, 0x20, 0x0, 0xaf,
    0x70, 0xaf, 0x30, 0x0, 0x0, 0xeb, 0xf, 0xd0,
    0x0, 0x0, 0x0, 0x1, 0xfb, 0x0, 0x0, 0x0,
    0x0, 0x1f, 0xb0, 0x0, 0x0, 0x0, 0x0, 0xfd,
    0x0, 0x0, 0x0, 0x0, 0xa, 0xf3, 0x0, 0x0,
    0x1e, 0xc0, 0x3f, 0xd1, 0x0, 0xa, 0xf6, 0x0,
    0x7f, 0xfb, 0xbe, 0xfb, 0x0, 0x0, 0x4b, 0xef,
    0xc6, 0x0,

    /* U+03FA "Ϻ" */
    0xbf, 0xf1, 0x0, 0x0, 0x7, 0xff, 0x5b, 0xff,
    0x70, 0x0, 0x0, 0xdf, 0xf5, 0xbf, 0xdd, 0x0,
    0x0, 0x3f, 0xcf, 0x5b, 0xf8, 0xf3, 0x0, 0x9,
    0xf8, 0xf5, 0xbf, 0x3f, 0x90, 0x0, 0xec, 0x7f,
    0x5b, 0xf0, 0xee, 0x0, 0x4f, 0x77, 0xf5, 0xbf,
    0x8, 0xf4, 0xa, 0xf1, 0x7f, 0x5b, 0xf0, 0x2f,
    0xa0, 0xfb, 0x7, 0xf5, 0xbf, 0x0, 0xce, 0x4f,
    0x50, 0x7f, 0x5b, 0xf0, 0x6, 0xfc, 0xf0, 0x7,
    0xf5, 0xbf, 0x0, 0xf, 0xf9, 0x0, 0x7f, 0x5b,
    0xf0, 0x0, 0xaf, 0x30, 0x7, 0xf5,

    /* U+03FC "ϼ" */
    0x0, 0x1, 0xae, 0xfc, 0x30, 0x0, 0x0, 0xdf,
    0xa8, 0xef, 0x30, 0x0, 0x7f, 0x60, 0x2, 0xfc,
    0x0, 0xb, 0xf0, 0x0, 0xc, 0xf0, 0x0, 0xdd,
    0x0, 0x0, 0xaf, 0x10, 0xd, 0xf0, 0x0, 0xb,
    0xf0, 0x0, 0xdf, 0x60, 0x2, 0xfc, 0x0, 0xd,
    0xee, 0x98, 0xef, 0x40, 0x0, 0xde, 0x3d, 0xfd,
    0x50, 0x0, 0xd, 0xe0, 0x0, 0x0, 0x0, 0x4f,
    0xff, 0xff, 0x0, 0x0, 0x0, 0x3f, 0xf3, 0x20,
    0x0, 0x0,

    /* U+03FD "Ͻ" */
    0x0, 0x18, 0xdf, 0xe9, 0x20, 0x0, 0x1e, 0xfd,
    0xac, 0xff, 0x40, 0xb, 0xf7, 0x0, 0x4, 0xfe,
    0x11, 0xeb, 0x0, 0x0, 0x7, 0xf6, 0x0, 0x0,
    0x0, 0x0, 0x1f, 0xb0, 0x0, 0x0, 0x0, 0x0,
    0xfc, 0x0, 0x0, 0x0, 0x0, 0xf, 0xc0, 0x0,
    0x0, 0x0, 0x1, 0xfb, 0x1f, 0xc0, 0x0, 0x0,
    0x7f, 0x60, 0xbf, 0x70, 0x0, 0x4f, 0xe1, 0x1,
    0xef, 0xdb, 0xcf, 0xf4, 0x0, 0x1, 0x8d, 0xfe,
    0xa2, 0x0,

    /* U+03FE "Ͼ" */
    0x0, 0x4, 0xbe, 0xfd, 0x70, 0x0, 0x7, 0xff,
    0xbb, 0xef, 0xc0, 0x3, 0xfd, 0x20, 0x0, 0x9f,
    0x70, 0xaf, 0x30, 0x0, 0x0, 0xca, 0xf, 0xd0,
    0x2, 0x30, 0x0, 0x1, 0xfb, 0x0, 0xff, 0x20,
    0x0, 0x1f, 0xb0, 0xc, 0xd1, 0x0, 0x0, 0xfd,
    0x0, 0x0, 0x0, 0x0, 0xa, 0xf3, 0x0, 0x0,
    0x1f, 0xc0, 0x3f, 0xd1, 0x0, 0xb, 0xf6, 0x0,
    0x7f, 0xfb, 0xbe, 0xfa, 0x0, 0x0, 0x4b, 0xef,
    0xc6, 0x0,

    /* U+03FF "Ͽ" */
    0x0, 0x19, 0xdf, 0xe9, 0x20, 0x0, 0x2e, 0xfd,
    0xac, 0xff, 0x40, 0xb, 0xf6, 0x0, 0x4, 0xfe,
    0x10, 0xca, 0x0, 0x0, 0x7, 0xf6, 0x0, 0x0,
    0x4, 0x0, 0x1f, 0xb0, 0x0, 0x7, 0xfa, 0x0,
    0xfc, 0x0, 0x0, 0x4f, 0x60, 0xf, 0xc0, 0x10,
    0x0, 0x0, 0x1, 0xfb, 0xf, 0xd0, 0x0, 0x0,
    0x7f, 0x60, 0xaf, 0x80, 0x0, 0x4f, 0xe1, 0x1,
    0xdf, 0xdb, 0xcf, 0xf4, 0x0, 0x0, 0x8d, 0xfe,
    0xa2, 0x0,

    /* U+2010 "‐" */
    0x38, 0x88, 0x86, 0x6f, 0xff, 0xfc,

    /* U+2011 "‑" */
    0x38, 0x88, 0x86, 0x6f, 0xff, 0xfc,

    /* U+2012 "‒" */
    0x28, 0x88, 0x88, 0x88, 0x85, 0x5f, 0xff, 0xff,
    0xff, 0xfa,

    /* U+2013 "–" */
    0x88, 0x88, 0x88, 0x88, 0xff, 0xff, 0xff, 0xff,

    /* U+2014 "—" */
    0x88, 0x88, 0x88, 0x88, 0x88, 0x88, 0x88, 0x88,
    0xff, 0xff, 0xff, 0xff, 0xff, 0xff, 0xff, 0xff,

    /* U+2015 "―" */
    0x88, 0x88, 0x88, 0x88, 0x88, 0x88, 0x88, 0x88,
    0xff, 0xff, 0xff, 0xff, 0xff, 0xff, 0xff, 0xff,

    /* U+2016 "‖" */
    0x8, 0x43, 0x81, 0xf, 0x86, 0xf2, 0xf, 0x86,
    0xf2, 0xf, 0x86, 0xf2, 0xf, 0x86, 0xf2, 0xf,
    0x86, 0xf2, 0xf, 0x86, 0xf2, 0xf, 0x86, 0xf2,
    0xf, 0x86, 0xf2, 0xf, 0x86, 0xf2, 0xf, 0x86,
    0xf2, 0xf, 0x86, 0xf2, 0xf, 0x86, 0xf2, 0xf,
    0x86, 0xf2, 0xf, 0x86, 0xf2, 0xf, 0x86, 0xf2,
    0xf, 0x86, 0xf2, 0xf, 0x86, 0xf2, 0xf, 0x86,
    0xf2, 0xf, 0x86, 0xf2,

    /* U+2017 "‗" */
    0x0, 0x0, 0x0, 0x0, 0xff, 0xff, 0xff, 0xf5,
    0x34, 0x44, 0x44, 0x41, 0xff, 0xff, 0xff, 0xf5,
    0x33, 0x33, 0x33, 0x31,

    /* U+2018 "‘" */
    0x9, 0xb0, 0xd9, 0x2f, 0x76, 0xf4, 0x6a, 0x10,

    /* U+2019 "’" */
    0x1a, 0x73, 0xf7, 0x5f, 0x38, 0xe0, 0xaa, 0x0,

    /* U+201A "‚" */
    0x4, 0xa4, 0x8, 0xf2, 0xb, 0xe0, 0xd, 0x90,
    0xf, 0x50,

    /* U+201B "‛" */
    0x3f, 0x80, 0xe, 0xb0, 0xa, 0xd0, 0x6, 0xf0,
    0x1, 0xa1,

    /* U+201C "“" */
    0x9, 0xb0, 0x7e, 0xd, 0x90, 0xbb, 0x2f, 0x70,
    0xf9, 0x6f, 0x44, 0xf6, 0x6a, 0x15, 0xa3,

    /* U+201D "”" */
    0x1a, 0x70, 0xa8, 0x3f, 0x72, 0xf9, 0x5f, 0x34,
    0xf4, 0x8e, 0x6, 0xf0, 0xaa, 0x9, 0xb0,

    /* U+201E "„" */
    0x4, 0xa4, 0x3a, 0x50, 0x8f, 0x27, 0xf4, 0xb,
    0xe0, 0x9f, 0x0, 0xd9, 0xb, 0xb0, 0xf, 0x50,
    0xe6, 0x0,

    /* U+201F "‟" */
    0x3f, 0x82, 0xfa, 0x0, 0xeb, 0xd, 0xc0, 0xa,
    0xd0, 0x9f, 0x0, 0x6f, 0x4, 0xf1, 0x1, 0xa1,
    0xa, 0x20,

    /* U+2020 "†" */
    0x0, 0xaf, 0x0, 0x0, 0xa, 0xf0, 0x0, 0x11,
    0xaf, 0x11, 0xf, 0xff, 0xff, 0xf5, 0x44, 0xbf,
    0x44, 0x10, 0xa, 0xf0, 0x0, 0x0, 0x9e, 0x0,
    0x0, 0x7, 0xd0, 0x0, 0x0, 0x48, 0x0, 0x0,

    /* U+2021 "‡" */
    0x0, 0xaf, 0x0, 0x0, 0xa, 0xf0, 0x0, 0x11,
    0xaf, 0x11, 0xf, 0xff, 0xff, 0xf5, 0x44, 0xbf,
    0x44, 0x11, 0x1a, 0xf1, 0x10, 0xff, 0xff, 0xff,
    0x54, 0x4b, 0xf4, 0x41, 0x0, 0xaf, 0x0, 0x0,
    0x8, 0xe0, 0x0, 0x0, 0x7d, 0x0, 0x0, 0x6,
    0xb0, 0x0,

    /* U+2022 "•" */
    0x0, 0x0, 0x0, 0x4, 0xef, 0xa0, 0x1f, 0xff,
    0xf8, 0x3f, 0xff, 0xfb, 0xe, 0xff, 0xf7, 0x3,
    0xdf, 0x90,

    /* U+2023 "‣" */
    0x10, 0x0, 0x8, 0xa1, 0x0, 0x8f, 0xf7, 0x8,
    0xff, 0xe4, 0x8f, 0xa1, 0x5, 0x40, 0x0,

    /* U+2024 "․" */
    0x4, 0x9, 0xf7, 0x6f, 0x40,

    /* U+2025 "‥" */
    0x4, 0x0, 0x1, 0x40, 0x9f, 0x70, 0xc, 0xf5,
    0x6f, 0x40, 0x9, 0xe3,

    /* U+2026 "…" */
    0x4, 0x0, 0x1, 0x40, 0x0, 0x23, 0x9, 0xf7,
    0x0, 0xcf, 0x50, 0xe, 0xf3, 0x6f, 0x40, 0x9,
    0xe3, 0x0, 0xbe, 0x10,

    /* U+2027 "‧" */
    0x4, 0x9, 0xf7, 0x7f, 0x50,

    /* U+202F " " */

    /* U+2030 "‰" */
    0x6, 0xef, 0x80, 0x0, 0x2, 0xf4, 0x0, 0x0,
    0x0, 0x2, 0xf7, 0x5f, 0x40, 0x0, 0xc9, 0x0,
    0x0, 0x0, 0x0, 0x4f, 0x0, 0xf6, 0x0, 0x7e,
    0x10, 0x0, 0x0, 0x0, 0x3, 0xf4, 0x2f, 0x40,
    0x2f, 0x40, 0x0, 0x0, 0x0, 0x0, 0x9, 0xff,
    0xb0, 0xc, 0x90, 0x0, 0x0, 0x0, 0x0, 0x0,
    0x1, 0x10, 0x7, 0xe1, 0x0, 0x0, 0x0, 0x0,
    0x0, 0x0, 0x0, 0x2, 0xf4, 0x7, 0xed, 0x40,
    0xa, 0xfc, 0x20, 0x0, 0x0, 0xc9, 0x4, 0xf5,
    0x8e, 0x8, 0xe3, 0xbb, 0x0, 0x0, 0x7e, 0x10,
    0x7d, 0x2, 0xf3, 0xba, 0x6, 0xf0, 0x0, 0x2f,
    0x40, 0x7, 0xd0, 0x2f, 0x3b, 0x90, 0x6f, 0x0,
    0xc, 0x90, 0x0, 0x4f, 0x59, 0xf0, 0x8e, 0x3b,
    0xb0, 0x7, 0xe1, 0x0, 0x0, 0x8f, 0xe4, 0x0,
    0xbf, 0xc2,

    /* U+2031 "‱" */
    0x6, 0xef, 0x80, 0x0, 0x2, 0xf4, 0x0, 0x0,
    0x0, 0x0, 0x0, 0x0, 0x2, 0xf7, 0x5f, 0x40,
    0x0, 0xc9, 0x0, 0x0, 0x0, 0x0, 0x0, 0x0,
    0x0, 0x4f, 0x0, 0xf6, 0x0, 0x7e, 0x10, 0x0,
    0x0, 0x0, 0x0, 0x0, 0x0, 0x3, 0xf4, 0x2f,
    0x40, 0x2f, 0x40, 0x0, 0x0, 0x0, 0x0, 0x0,
    0x0, 0x0, 0x9, 0xff, 0xb0, 0xc, 0x90, 0x0,
    0x0, 0x0, 0x0, 0x0, 0x0, 0x0, 0x0, 0x1,
    0x10, 0x7, 0xe1, 0x0, 0x0, 0x0, 0x0, 0x0,
    0x0, 0x0, 0x0, 0x0, 0x0, 0x2, 0xf4, 0x7,
    0xed, 0x40, 0xa, 0xfc, 0x20, 0x1c, 0xfa, 0x0,
    0x0, 0x0, 0xc9, 0x4, 0xf5, 0x8e, 0x8, 0xe3,
    0xbb, 0xb, 0xb3, 0xe7, 0x0, 0x0, 0x7e, 0x10,
    0x7d, 0x2, 0xf3, 0xba, 0x6, 0xf0, 0xf6, 0xa,
    0xb0, 0x0, 0x2f, 0x40, 0x7, 0xd0, 0x2f, 0x3b,
    0x90, 0x6f, 0xf, 0x60, 0xab, 0x0, 0xc, 0x90,
    0x0, 0x4f, 0x59, 0xf0, 0x8e, 0x3b, 0xb0, 0xcb,
    0x3e, 0x80, 0x7, 0xe1, 0x0, 0x0, 0x8f, 0xe4,
    0x0, 0xbf, 0xc2, 0x2, 0xdf, 0xb0,

    /* U+2032 "′" */
    0xc, 0xe0, 0xe, 0xa0, 0xf, 0x70, 0x1f, 0x30,
    0x6, 0x0,

    /* U+2033 "″" */
    0xc, 0xe0, 0xf, 0xb0, 0xea, 0x1, 0xf7, 0xf,
    0x70, 0x3f, 0x41, 0xf3, 0x4, 0xf0, 0x6, 0x0,
    0x25, 0x0,

    /* U+2034 "‴" */
    0xc, 0xe0, 0xf, 0xb0, 0x3f, 0x80, 0xea, 0x1,
    0xf7, 0x4, 0xf4, 0xf, 0x70, 0x3f, 0x40, 0x6f,
    0x11, 0xf3, 0x4, 0xf0, 0x7, 0xd0, 0x6, 0x0,
    0x25, 0x0, 0x34, 0x0,

    /* U+2035 "‵" */
    0xf, 0xa0, 0xd, 0xb0, 0x9, 0xd0, 0x6, 0xe0,
    0x1, 0x50,

    /* U+2036 "‶" */
    0xf, 0xa0, 0x4f, 0x60, 0xdb, 0x0, 0xf8, 0x9,
    0xd0, 0xd, 0xa0, 0x6e, 0x0, 0x9b, 0x1, 0x50,
    0x2, 0x40,

    /* U+2037 "‷" */
    0xf, 0xa0, 0x4f, 0x60, 0x7f, 0x30, 0xdb, 0x0,
    0xf8, 0x3, 0xf5, 0x9, 0xd0, 0xd, 0xa0, 0xf,
    0x70, 0x6e, 0x0, 0x9b, 0x0, 0xc8, 0x1, 0x50,
    0x2, 0x40, 0x3, 0x30,

    /* U+2038 "‸" */
    0x0, 0x7, 0x50, 0x0, 0x7, 0xef, 0x30, 0x2,
    0xf5, 0x8e, 0x0, 0xda, 0x0, 0xda,

    /* U+2039 "‹" */
    0x0, 0x8, 0xf6, 0x0, 0x5f, 0x90, 0x3, 0xfb,
    0x0, 0x1e, 0xe1, 0x0, 0xa, 0xf5, 0x0, 0x0,
    0xcf, 0x30, 0x0, 0x1d, 0xe1, 0x0, 0x2, 0x84,

    /* U+203A "›" */
    0x1e, 0xd1, 0x0, 0x3, 0xfb, 0x0, 0x0, 0x5f,
    0x90, 0x0, 0x9, 0xf6, 0x0, 0x1d, 0xe1, 0x0,
    0xbf, 0x30, 0x9, 0xf5, 0x0, 0x18, 0x60, 0x0,

    /* U+203B "※" */
    0x0, 0x4, 0xf6, 0x0, 0x0, 0x8, 0xc5, 0xe6,
    0xab, 0x0, 0x6, 0xfe, 0x4c, 0xf9, 0x0, 0xbc,
    0x4f, 0xff, 0x7a, 0xd0, 0xcd, 0x1d, 0xff, 0x2b,
    0xe1, 0x0, 0xbf, 0x9f, 0xe1, 0x0, 0x9, 0xf9,
    0x5, 0xfc, 0x0, 0x8, 0xa4, 0xe6, 0x7b, 0x0,
    0x0, 0x4, 0xf6, 0x0, 0x0,

    /* U+203C "‼" */
    0x8f, 0x60, 0xa, 0xf3, 0x7f, 0x50, 0xa, 0xf3,
    0x7f, 0x50, 0x9, 0xf3, 0x7f, 0x50, 0x9, 0xf3,
    0x7f, 0x50, 0x9, 0xf2, 0x6f, 0x40, 0x9, 0xf2,
    0x6f, 0x40, 0x8, 0xf2, 0x6f, 0x40, 0x8, 0xf2,
    0x0, 0x0, 0x0, 0x0, 0x4, 0x0, 0x1, 0x40,
    0x9f, 0x80, 0xc, 0xf5, 0x7f, 0x50, 0x9, 0xe3,

    /* U+203D "‽" */
    0x2, 0xae, 0xfc, 0x30, 0xe, 0xf8, 0x8e, 0xf2,
    0x3c, 0x50, 0x3, 0xf8, 0x0, 0xf, 0x72, 0xf8,
    0x0, 0xe, 0x7b, 0xf3, 0x0, 0xd, 0xff, 0x60,
    0x0, 0xd, 0xe2, 0x0, 0x0, 0xc, 0x90, 0x0,
    0x0, 0x0, 0x0, 0x0, 0x0, 0x3, 0x20, 0x0,
    0x0, 0x2f, 0xe0, 0x0, 0x0, 0x1e, 0xb0, 0x0,

    /* U+203E "‾" */
    0x12, 0x22, 0x22, 0x22, 0x7f, 0xff, 0xff, 0xfe,
    0x25, 0x55, 0x55, 0x54,

    /* U+203F "‿" */
    0x2c, 0x61, 0x0, 0x0, 0x0, 0x4b, 0x60, 0x8f,
    0xfd, 0xba, 0xbc, 0xff, 0xc1, 0x0, 0x39, 0xdf,
    0xfe, 0xda, 0x40, 0x0,

    /* U+2040 "⁀" */
    0x0, 0x17, 0xce, 0xff, 0xd9, 0x30, 0x0, 0x8f,
    0xeb, 0x87, 0x8a, 0xef, 0xc1, 0x2c, 0x50, 0x0,
    0x0, 0x0, 0x3b, 0x60,

    /* U+2041 "⁁" */
    0x0, 0x0, 0x7, 0x30, 0x0, 0x3, 0xf5, 0x0,
    0x0, 0xcb, 0x0, 0x0, 0x6f, 0x20, 0x0, 0x1f,
    0x80, 0x0, 0xa, 0xf6, 0x0, 0x4, 0xfb, 0xf1,
    0x0, 0xdb, 0xd, 0xa0, 0x1b, 0x20, 0x4b, 0x0,

    /* U+2042 "⁂" */
    0x0, 0x4, 0x96, 0x30, 0x0, 0x0, 0x9, 0xff,
    0x60, 0x0, 0x0, 0x4e, 0xff, 0xe2, 0x0, 0x0,
    0xa, 0xdd, 0x70, 0x0, 0x0, 0x0, 0x42, 0x0,
    0x0, 0x14, 0xd4, 0x1, 0x4e, 0x40, 0x3e, 0xfd,
    0x12, 0xef, 0xd1, 0xcf, 0xfe, 0x8b, 0xff, 0xf9,
    0x3d, 0xed, 0x2, 0xcf, 0xd1, 0x1, 0x60, 0x0,
    0x7, 0x0,

    /* U+2043 "⁃" */
    0x78, 0x88, 0x3e, 0xff, 0xf7,

    /* U+2044 "⁄" */
    0x0, 0x0, 0x0, 0x0, 0x7e, 0x10, 0x0, 0x0,
    0x0, 0x2f, 0x40, 0x0, 0x0, 0x0, 0xc, 0xa0,
    0x0, 0x0, 0x0, 0x7, 0xe1, 0x0, 0x0, 0x0,
    0x2, 0xf4, 0x0, 0x0, 0x0, 0x0, 0xca, 0x0,
    0x0, 0x0, 0x0, 0x7e, 0x10, 0x0, 0x0, 0x0,
    0x2f, 0x40, 0x0, 0x0, 0x0, 0xc, 0xa0, 0x0,
    0x0, 0x0, 0x7, 0xe1, 0x0, 0x0, 0x0, 0x2,
    0xf4, 0x0, 0x0, 0x0, 0x0, 0xca, 0x0, 0x0,
    0x0, 0x0,

    /* U+2045 "⁅" */
    0x1, 0x11, 0x5f, 0xff, 0x5f, 0x84, 0x5f, 0x40,
    0x5f, 0x40, 0x5f, 0x40, 0x5f, 0x51, 0x5f, 0xff,
    0x5f, 0x84, 0x5f, 0x40, 0x5f, 0x40, 0x5f, 0x40,
    0x5f, 0x40, 0x5f, 0x62, 0x5f, 0xff, 0x14, 0x44,

    /* U+2046 "⁆" */
    0x1, 0x11, 0x1, 0xff, 0xf4, 0x4, 0x9f, 0x40,
    0x6, 0xf4, 0x0, 0x6f, 0x40, 0x6, 0xf4, 0x1,
    0x7f, 0x41, 0xff, 0xf4, 0x4, 0x9f, 0x40, 0x6,
    0xf4, 0x0, 0x6f, 0x40, 0x6, 0xf4, 0x0, 0x6f,
    0x40, 0x27, 0xf4, 0x1f, 0xff, 0x40, 0x44, 0x41,

    /* U+2047 "⁇" */
    0x1, 0xae, 0xfc, 0x40, 0x0, 0x6d, 0xfe, 0x80,
    0x0, 0xdf, 0xa8, 0xef, 0x30, 0x6f, 0xd8, 0xcf,
    0x90, 0x3f, 0x90, 0x4, 0xf9, 0xc, 0xf0, 0x0,
    0xdf, 0x1, 0x31, 0x0, 0x3f, 0x90, 0x22, 0x0,
    0xc, 0xf0, 0x0, 0x0, 0xc, 0xf5, 0x0, 0x0,
    0x6, 0xfc, 0x0, 0x0, 0x2d, 0xf8, 0x0, 0x0,
    0x8, 0xfd, 0x10, 0x0, 0xb, 0xf4, 0x0, 0x0,
    0x4, 0xfb, 0x0, 0x0, 0x0, 0xfb, 0x0, 0x0,
    0x0, 0x8f, 0x20, 0x0, 0x0, 0x4, 0x30, 0x0,
    0x0, 0x2, 0x40, 0x0, 0x0, 0x0, 0x31, 0x0,
    0x0, 0x0, 0x14, 0x0, 0x0, 0x0, 0x3f, 0xe0,
    0x0, 0x0, 0xc, 0xf5, 0x0, 0x0, 0x1, 0xeb,
    0x0, 0x0, 0x0, 0x9e, 0x30, 0x0,

    /* U+2048 "⁈" */
    0x1, 0xae, 0xfc, 0x40, 0x1, 0xfd, 0x0, 0xdf,
    0xa8, 0xef, 0x30, 0xf, 0xc0, 0x3f, 0x90, 0x4,
    0xf9, 0x0, 0xfc, 0x1, 0x31, 0x0, 0x2f, 0x90,
    0xf, 0xc0, 0x0, 0x0, 0xb, 0xf5, 0x0, 0xfc,
    0x0, 0x0, 0x1d, 0xf9, 0x0, 0xf, 0xb0, 0x0,
    0xb, 0xf5, 0x0, 0x0, 0xfb, 0x0, 0x0, 0xfc,
    0x0, 0x0, 0xf, 0xb0, 0x0, 0x6, 0x40, 0x0,
    0x0, 0x32, 0x0, 0x0, 0x31, 0x0, 0x0, 0x3,
    0x20, 0x0, 0x3f, 0xe0, 0x0, 0x2, 0xfe, 0x0,
    0x1, 0xeb, 0x0, 0x0, 0x1e, 0xb0,

    /* U+2049 "⁉" */
    0x8f, 0x60, 0x2, 0xbf, 0xfb, 0x30, 0x7f, 0x50,
    0x1e, 0xe7, 0x6e, 0xf1, 0x7f, 0x50, 0x6f, 0x60,
    0x5, 0xf7, 0x7f, 0x50, 0x1, 0x0, 0x5, 0xf7,
    0x7f, 0x50, 0x0, 0x0, 0x2e, 0xf2, 0x6f, 0x40,
    0x0, 0x4, 0xff, 0x50, 0x6f, 0x40, 0x0, 0xe,
    0xf2, 0x0, 0x6f, 0x40, 0x0, 0x1f, 0x90, 0x0,
    0x0, 0x0, 0x0, 0x4, 0x20, 0x0, 0x4, 0x0,
    0x0, 0x4, 0x10, 0x0, 0x9f, 0x80, 0x0, 0x5f,
    0xc0, 0x0, 0x7f, 0x50, 0x0, 0x3e, 0x90, 0x0,

    /* U+204A "⁊" */
    0x4f, 0xff, 0xff, 0x72, 0x88, 0x89, 0xf6, 0x0,
    0x0, 0x3f, 0x40, 0x0, 0x5, 0xf2, 0x0, 0x0,
    0x6f, 0x10, 0x0, 0x8, 0xf0, 0x0, 0x0, 0x9e,
    0x0, 0x0, 0xb, 0xc0, 0x0, 0x0, 0xda, 0x0,
    0x0, 0xe, 0x90, 0x0, 0x0, 0xf7, 0x0, 0x0,
    0x1f, 0x60,

    /* U+204B "⁋" */
    0xbf, 0xff, 0xfb, 0x30, 0xbf, 0x8d, 0xff, 0xf2,
    0xbe, 0xb, 0xff, 0xfa, 0xbe, 0xb, 0xff, 0xfc,
    0xbe, 0xb, 0xff, 0xfc, 0xbe, 0xb, 0xff, 0xf7,
    0xbe, 0xb, 0xff, 0xb0, 0xbe, 0x6, 0x74, 0x0,
    0xbe, 0x0, 0x0, 0x0, 0xbe, 0x0, 0x0, 0x0,
    0xbe, 0x0, 0x0, 0x0, 0xbe, 0x0, 0x0, 0x0,

    /* U+204C "⁌" */
    0x0, 0x0, 0x0, 0x0, 0x6, 0xdf, 0xff, 0xf5,
    0x6f, 0xff, 0x77, 0xf5, 0xcf, 0xff, 0x54, 0xf5,
    0xcf, 0xff, 0x54, 0xf5, 0x8f, 0xff, 0x55, 0xf5,
    0xa, 0xff, 0xff, 0xf5, 0x0, 0x13, 0x33, 0x31,

    /* U+204D "⁍" */
    0x0, 0x0, 0x0, 0x0, 0xcf, 0xff, 0xfb, 0x20,
    0xce, 0x3c, 0xff, 0xe1, 0xcd, 0xc, 0xff, 0xf5,
    0xcd, 0xc, 0xff, 0xf5, 0xcd, 0xc, 0xff, 0xf1,
    0xcf, 0xff, 0xfe, 0x40, 0x23, 0x33, 0x20, 0x0,

    /* U+204E "⁎" */
    0x0, 0x48, 0x0, 0x3, 0x16, 0xb0, 0x40, 0xbe,
    0xac, 0xce, 0x10, 0x6f, 0xfa, 0x10, 0x7e, 0xde,
    0xfa, 0x18, 0x56, 0xb2, 0xa0, 0x0, 0x6c, 0x0,
    0x0,

    /* U+204F "⁏" */
    0x4, 0x0, 0x9f, 0x70, 0x7f, 0x50, 0x0, 0x0,
    0x0, 0x0, 0x0, 0x0, 0x0, 0x0, 0x3a, 0x40,
    0x2f, 0x80, 0xd, 0xb0, 0x9, 0xd0, 0x5, 0xf0,

    /* U+2050 "⁐" */
    0x0, 0x39, 0xdf, 0xfe, 0xd9, 0x30, 0x0, 0x9f,
    0xfc, 0xba, 0xbc, 0xff, 0xa0, 0x3b, 0x50, 0x0,
    0x0, 0x0, 0x4b, 0x40, 0x0, 0x0, 0x0, 0x0,
    0x0, 0x0, 0x0, 0x0, 0x0, 0x0, 0x0, 0x0,
    0x0, 0x0, 0x0, 0x0, 0x0, 0x0, 0x0, 0x0,
    0x0, 0x0, 0x0, 0x0, 0x0, 0x0, 0x0, 0x0,
    0x0, 0x0, 0x0, 0x0, 0x0, 0x0, 0x0, 0x0,
    0x0, 0x0, 0x0, 0x0, 0x0, 0x0, 0x0, 0x0,
    0x0, 0x0, 0x0, 0x0, 0x0, 0x0, 0x0, 0x0,
    0x0, 0x0, 0x0, 0x0, 0x0, 0x0, 0x0, 0x0,
    0x0, 0x0, 0x0, 0x0, 0x3, 0xc5, 0x0, 0x0,
    0x0, 0x4, 0xb5, 0x9, 0xff, 0xdb, 0xab, 0xdf,
    0xfb, 0x10, 0x3, 0x9d, 0xff, 0xed, 0x94, 0x0,

    /* U+2051 "⁑" */
    0x0, 0xa, 0x90, 0x0, 0x9, 0x39, 0x83, 0x90,
    0x9, 0xfd, 0xdf, 0x80, 0x0, 0x8f, 0xf7, 0x0,
    0xd, 0xdb, 0xbd, 0xd0, 0x4, 0x9, 0x80, 0x40,
    0x0, 0x6, 0x60, 0x0, 0x0, 0x0, 0x0, 0x0,
    0x0, 0x6, 0x60, 0x0, 0x4, 0x9, 0x80, 0x40,
    0xd, 0xdb, 0xbd, 0xd0, 0x0, 0x8f, 0xf8, 0x0,
    0x8, 0xfd, 0xdf, 0x80, 0x9, 0x39, 0x83, 0x90,
    0x0, 0x9, 0x90, 0x0,

    /* U+2052 "⁒" */
    0x0, 0x0, 0x0, 0x0, 0xd, 0x80, 0x7, 0xb2,
    0x0, 0x0, 0x9d, 0x0, 0xf, 0xf9, 0x0, 0x4,
    0xf3, 0x0, 0xa, 0xe4, 0x0, 0xd, 0x80, 0x0,
    0x0, 0x0, 0x0, 0x9d, 0x0, 0x0, 0x0, 0x0,
    0x4, 0xf3, 0x0, 0x0, 0x0, 0x0, 0xd, 0x80,
    0x0, 0x0, 0x0, 0x0, 0x9d, 0x0, 0x0, 0x0,
    0x0, 0x4, 0xf3, 0x0, 0x1d, 0xd1, 0x0, 0xd,
    0x80, 0x0, 0x5f, 0xf4, 0x0, 0x9d, 0x0, 0x0,
    0xa, 0x90, 0x3, 0xf3, 0x0, 0x0, 0x0, 0x0,

    /* U+2053 "⁓" */
    0x4c, 0xfd, 0x71, 0x0, 0x0, 0xbb, 0x8a, 0xff,
    0xa9, 0xe8, 0x0, 0x0, 0x18, 0xdf, 0xb2,

    /* U+2054 "⁔" */
    0x0, 0x3, 0x79, 0xa9, 0x84, 0x0, 0x0, 0x3d,
    0xff, 0xff, 0xff, 0xfe, 0x60, 0x2f, 0xb6, 0x21,
    0x0, 0x25, 0xaf, 0x70, 0x10, 0x0, 0x0, 0x0,
    0x0, 0x10,

    /* U+2055 "⁕" */
    0x0, 0x3, 0x20, 0x0, 0x5, 0x1d, 0x84, 0x20,
    0xe, 0xce, 0xbf, 0x90, 0x14, 0xff, 0xfd, 0x20,
    0xcf, 0xff, 0xff, 0xf7, 0x36, 0xff, 0xfd, 0x41,
    0xd, 0xce, 0xbf, 0x90, 0x3, 0xd, 0x83, 0x10,

    /* U+2057 "⁗" */
    0xc, 0xe0, 0xf, 0xb0, 0x3f, 0x80, 0x6f, 0x40,
    0xea, 0x1, 0xf7, 0x4, 0xf4, 0x8, 0xf1, 0xf,
    0x70, 0x3f, 0x40, 0x6f, 0x10, 0x9d, 0x1, 0xf3,
    0x4, 0xf0, 0x7, 0xd0, 0xb, 0xa0, 0x6, 0x0,
    0x25, 0x0, 0x34, 0x0, 0x42, 0x0,

    /* U+2070 "⁰" */
    0x2, 0xbf, 0xe8, 0x0, 0xdd, 0x47, 0xf7, 0x3f,
    0x60, 0xd, 0xb3, 0xf6, 0x0, 0xdb, 0xe, 0xd4,
    0x7f, 0x70, 0x2c, 0xfe, 0x80,

    /* U+2071 "ⁱ" */
    0xe, 0x41, 0xf7, 0x1f, 0x61, 0xf6, 0x1f, 0x61,
    0xf6,

    /* U+2074 "⁴" */
    0x0, 0x6, 0xfe, 0x0, 0x3, 0xfe, 0xe0, 0x1,
    0xe9, 0x8e, 0x0, 0xcc, 0x8, 0xe0, 0x3f, 0xff,
    0xff, 0xc0, 0x22, 0x2a, 0xe1,

    /* U+2075 "⁵" */
    0x7, 0xff, 0xff, 0x10, 0x9c, 0x33, 0x30, 0xb,
    0xcc, 0xd9, 0x0, 0x36, 0x25, 0xf6, 0xb, 0x93,
    0x6f, 0x50, 0x4c, 0xfe, 0x80,

    /* U+2076 "⁶" */
    0x2, 0xbf, 0xe7, 0x0, 0xde, 0x68, 0xd3, 0x2f,
    0x9c, 0xd9, 0x3, 0xfa, 0x25, 0xf7, 0xe, 0xb3,
    0x6f, 0x60, 0x3c, 0xfe, 0x80,

    /* U+2077 "⁷" */
    0x5f, 0xff, 0xff, 0x13, 0x33, 0xeb, 0x0, 0x7,
    0xf2, 0x0, 0x2f, 0x60, 0x0, 0xcb, 0x0, 0x7,
    0xf1, 0x0,

    /* U+2078 "⁸" */
    0x5, 0xdf, 0xe9, 0x0, 0xeb, 0x27, 0xf4, 0x4,
    0xff, 0xf9, 0x1, 0xea, 0x25, 0xf6, 0x2f, 0x92,
    0x5f, 0x80, 0x5c, 0xfd, 0x90,

    /* U+2079 "⁹" */
    0x5, 0xdf, 0xd6, 0x1, 0xf9, 0x38, 0xf3, 0x3f,
    0x60, 0x4f, 0x80, 0x9f, 0xea, 0xf7, 0xb, 0x96,
    0xbf, 0x20, 0x5d, 0xfd, 0x40,

    /* U+207A "⁺" */
    0x1, 0xf2, 0x0, 0x1f, 0x20, 0xef, 0xff, 0xf2,
    0x3f, 0x42, 0x0, 0x81, 0x0,

    /* U+207B "⁻" */
    0x0, 0x0, 0xe, 0xff, 0xff, 0x23, 0x33, 0x30,

    /* U+207C "⁼" */
    0xdf, 0xff, 0xe3, 0x33, 0x33, 0xdf, 0xff, 0xe2,
    0x33, 0x32,

    /* U+207D "⁽" */
    0x0, 0x0, 0xc9, 0x4f, 0x2a, 0xd0, 0xcb, 0xd,
    0xa0, 0xbd, 0x5, 0xf2, 0xd, 0x90,

    /* U+207E "⁾" */
    0x0, 0x0, 0x2f, 0x30, 0xb, 0xb0, 0x7, 0xf1,
    0x4, 0xf3, 0x4, 0xf4, 0x6, 0xf1, 0xb, 0xc0,
    0x2f, 0x40,

    /* U+207F "ⁿ" */
    0x1f, 0x7d, 0xf8, 0x1, 0xfb, 0x3a, 0xf2, 0x1f,
    0x60, 0x4f, 0x31, 0xf6, 0x4, 0xf3, 0x1f, 0x60,
    0x4f, 0x30,

    /* U+2080 "₀" */
    0x2, 0xbf, 0xe8, 0x0, 0xdd, 0x47, 0xf7, 0x3f,
    0x60, 0xd, 0xb3, 0xf6, 0x0, 0xdb, 0xe, 0xd4,
    0x7f, 0x70, 0x2c, 0xfe, 0x80,

    /* U+2081 "₁" */
    0x7, 0xff, 0x13, 0xc9, 0xf1, 0x0, 0x6f, 0x10,
    0x6, 0xf1, 0x0, 0x6f, 0x10, 0x6, 0xf1,

    /* U+2082 "₂" */
    0x5, 0xdf, 0xd6, 0x0, 0xe8, 0x3a, 0xf1, 0x0,
    0x0, 0xae, 0x0, 0x2, 0xcc, 0x20, 0x7, 0xfa,
    0x33, 0x11, 0xff, 0xff, 0xf5,

    /* U+2083 "₃" */
    0x5, 0xcf, 0xe8, 0x0, 0x86, 0x39, 0xf2, 0x0,
    0x2f, 0xf8, 0x0, 0x0, 0x5, 0xf6, 0x1f, 0xa4,
    0x8f, 0x60, 0x4c, 0xfe, 0x80,

    /* U+2084 "₄" */
    0x0, 0x6, 0xfe, 0x0, 0x3, 0xfe, 0xe0, 0x1,
    0xe9, 0x8e, 0x0, 0xcc, 0x8, 0xe0, 0x3f, 0xff,
    0xff, 0xc0, 0x22, 0x2a, 0xe1,

    /* U+2085 "₅" */
    0x7, 0xff, 0xff, 0x10, 0x9c, 0x33, 0x30, 0xb,
    0xcc, 0xd9, 0x0, 0x36, 0x26, 0xf6, 0xb, 0x93,
    0x6f, 0x50, 0x4c, 0xfe, 0x80,

    /* U+2086 "₆" */
    0x2, 0xbf, 0xe7, 0x0, 0xde, 0x68, 0xd3, 0x2f,
    0x9c, 0xd9, 0x3, 0xfa, 0x25, 0xf6, 0xe, 0xb3,
    0x6f, 0x60, 0x3c, 0xfe, 0x80,

    /* U+2087 "₇" */
    0x5f, 0xff, 0xff, 0x13, 0x33, 0xeb, 0x0, 0x7,
    0xf2, 0x0, 0x2f, 0x60, 0x0, 0xcb, 0x0, 0x7,
    0xf1, 0x0,

    /* U+2088 "₈" */
    0x5, 0xdf, 0xe9, 0x0, 0xeb, 0x27, 0xf4, 0x4,
    0xff, 0xf9, 0x1, 0xea, 0x25, 0xf6, 0x2f, 0x91,
    0x4f, 0x80, 0x6c, 0xfe, 0x90,

    /* U+2089 "₉" */
    0x5, 0xdf, 0xd6, 0x1, 0xf9, 0x38, 0xf3, 0x3f,
    0x60, 0x4f, 0x80, 0x9f, 0xea, 0xf7, 0xa, 0x96,
    0xbf, 0x20, 0x5d, 0xfd, 0x40,

    /* U+208A "₊" */
    0x1, 0xf2, 0x0, 0x1f, 0x20, 0xef, 0xff, 0xf2,
    0x3f, 0x42, 0x0, 0x71, 0x0,

    /* U+208B "₋" */
    0x0, 0x0, 0xe, 0xff, 0xff, 0x23, 0x33, 0x30,

    /* U+208C "₌" */
    0xdf, 0xff, 0xe2, 0x33, 0x33, 0xdf, 0xff, 0xe2,
    0x33, 0x32,

    /* U+208D "₍" */
    0xc, 0x94, 0xf2, 0x9e, 0xc, 0xb0, 0xda, 0xb,
    0xd0, 0x5f, 0x20, 0xd9,

    /* U+208E "₎" */
    0x2f, 0x30, 0xc, 0xb0, 0x7, 0xf0, 0x4, 0xf3,
    0x4, 0xf4, 0x6, 0xf1, 0xb, 0xc0, 0x2f, 0x40,

    /* U+2090 "ₐ" */
    0x8, 0xef, 0xb1, 0x17, 0x32, 0xf9, 0x1a, 0xed,
    0xfa, 0x6f, 0x22, 0xfa, 0x1c, 0xfb, 0xda,

    /* U+2091 "ₑ" */
    0x5, 0xdf, 0xc3, 0x1, 0xf8, 0x19, 0xe0, 0x4f,
    0xdd, 0xde, 0x12, 0xf8, 0x25, 0x50, 0x5, 0xdf,
    0xd5, 0x0,

    /* U+2092 "ₒ" */
    0x4, 0xdf, 0xd4, 0x1, 0xf9, 0x2a, 0xf1, 0x4f,
    0x30, 0x4f, 0x31, 0xf9, 0x2a, 0xf1, 0x5, 0xdf,
    0xd4, 0x0,

    /* U+2093 "ₓ" */
    0x2f, 0x70, 0xdb, 0x0, 0x7f, 0xae, 0x10, 0x0,
    0xff, 0x90, 0x0, 0x8f, 0x8f, 0x20, 0x3f, 0x50,
    0xcc, 0x0,

    /* U+2094 "ₔ" */
    0x0, 0x0, 0x0, 0x0, 0x5d, 0xfd, 0x60, 0x6,
    0x64, 0x7f, 0x41, 0xff, 0xff, 0xf9, 0xf, 0x93,
    0x3f, 0x90, 0xcc, 0x17, 0xf5, 0x3, 0xef, 0xf9,
    0x0, 0x0, 0x21, 0x0,

    /* U+2095 "ₕ" */
    0x1f, 0x50, 0x0, 0x1, 0xf8, 0xdf, 0x80, 0x1f,
    0xb4, 0xaf, 0x21, 0xf6, 0x4, 0xf3, 0x1f, 0x60,
    0x4f, 0x31, 0xf6, 0x4, 0xf3,

    /* U+2096 "ₖ" */
    0x1f, 0x60, 0x0, 0x1, 0xf6, 0x3e, 0xa0, 0x1f,
    0xae, 0xa0, 0x1, 0xff, 0xf4, 0x0, 0x1f, 0x8b,
    0xe1, 0x1, 0xf6, 0x1d, 0xc0,

    /* U+2097 "ₗ" */
    0x1f, 0x61, 0xf6, 0x1f, 0x61, 0xf6, 0x1f, 0x61,
    0xf6,

    /* U+2098 "ₘ" */
    0x1f, 0x9d, 0xe4, 0xcf, 0xa0, 0x1f, 0xa4, 0xde,
    0x49, 0xf3, 0x1f, 0x60, 0xac, 0x4, 0xf3, 0x1f,
    0x60, 0xac, 0x4, 0xf3, 0x1f, 0x60, 0xac, 0x4,
    0xf3,

    /* U+2099 "ₙ" */
    0x1f, 0x7d, 0xf8, 0x1, 0xfb, 0x3a, 0xf2, 0x1f,
    0x60, 0x4f, 0x31, 0xf6, 0x4, 0xf3, 0x1f, 0x60,
    0x4f, 0x30,

    /* U+209A "ₚ" */
    0x1f, 0x9e, 0xf8, 0x1, 0xfb, 0x28, 0xf4, 0x1f,
    0x60, 0x2f, 0x61, 0xfc, 0x38, 0xf4, 0x1f, 0x9e,
    0xf8, 0x1, 0xf6, 0x0, 0x0, 0x1f, 0x60, 0x0,
    0x0,

    /* U+209B "ₛ" */
    0x8, 0xef, 0xc2, 0x2f, 0x81, 0x51, 0x8, 0xef,
    0xd4, 0x18, 0x32, 0xeb, 0x9, 0xef, 0xc2,

    /* U+209C "ₜ" */
    0xf, 0x80, 0xbf, 0xf9, 0xf, 0x80, 0xf, 0x80,
    0xf, 0xa1, 0x8, 0xf9,

    /* U+20A0 "₠" */
    0x4, 0xcf, 0xe9, 0x10, 0x0, 0x4f, 0xd7, 0x9f,
    0xa0, 0x0, 0xbf, 0x10, 0xb, 0xf0, 0x0, 0xdd,
    0x0, 0x11, 0x11, 0x11, 0xed, 0x4, 0xff, 0xff,
    0xfc, 0xcf, 0x4, 0xf9, 0x44, 0x43, 0x6f, 0xa6,
    0xf7, 0x11, 0x10, 0x8, 0xff, 0xff, 0xff, 0xf1,
    0x0, 0x17, 0xf9, 0x44, 0x40, 0x0, 0x4, 0xf6,
    0x0, 0x0, 0x0, 0x4, 0xfa, 0x66, 0x65, 0x0,
    0x4, 0xff, 0xff, 0xfc,

    /* U+20A1 "₡" */
    0x0, 0x0, 0x0, 0x2, 0x3, 0x0, 0x0, 0x0,
    0x5, 0x64, 0x70, 0x0, 0x4, 0xbe, 0xfd, 0xc2,
    0x0, 0x7, 0xff, 0xce, 0xff, 0xb0, 0x3, 0xfd,
    0x24, 0x74, 0xff, 0x60, 0xaf, 0x30, 0x82, 0x84,
    0xfc, 0xf, 0xd0, 0xb, 0xc, 0x0, 0x1, 0xfb,
    0x2, 0x82, 0x90, 0x0, 0x1f, 0xa0, 0x73, 0x74,
    0x0, 0x0, 0xfd, 0xb, 0xb, 0x0, 0x0, 0xa,
    0xf4, 0x91, 0xa0, 0x1e, 0xc0, 0x3f, 0xf6, 0x65,
    0xa, 0xf7, 0x0, 0x7f, 0xfe, 0xce, 0xfb, 0x0,
    0x0, 0xcb, 0xff, 0xc6, 0x0, 0x0, 0x46, 0x47,
    0x0, 0x0, 0x0, 0x4, 0x13, 0x20, 0x0, 0x0,

    /* U+20A2 "₢" */
    0x0, 0x4, 0xbe, 0xfc, 0x60, 0x0, 0x7, 0xff,
    0xbb, 0xef, 0xa0, 0x3, 0xfd, 0x10, 0x0, 0xaf,
    0x50, 0xaf, 0x30, 0x0, 0x1, 0xd9, 0xf, 0xd0,
    0x0, 0x0, 0x0, 0x1, 0xfa, 0x0, 0xda, 0x6d,
    0xc0, 0x1f, 0xb0, 0xe, 0xef, 0xa7, 0x0, 0xfd,
    0x0, 0xef, 0x30, 0x0, 0xa, 0xf3, 0xe, 0xc0,
    0x1e, 0xa0, 0x3f, 0xd2, 0xeb, 0xb, 0xf5, 0x0,
    0x7f, 0xff, 0xee, 0xf9, 0x0, 0x0, 0x4b, 0xef,
    0xc6, 0x0,

    /* U+20A3 "₣" */
    0x0, 0x6f, 0xff, 0xff, 0xfd, 0x0, 0x6f, 0xb9,
    0x99, 0x97, 0x0, 0x6f, 0x50, 0x0, 0x0, 0x0,
    0x6f, 0x50, 0x0, 0x0, 0x0, 0x6f, 0x50, 0x0,
    0x0, 0x0, 0x6f, 0xb9, 0x99, 0x92, 0x0, 0x6f,
    0xff, 0xff, 0xf4, 0x0, 0x6f, 0x50, 0x0, 0x0,
    0x0, 0x6f, 0x50, 0x0, 0x0, 0x2e, 0xff, 0xfe,
    0x10, 0x0, 0x1, 0x8f, 0x71, 0x0, 0x0, 0x0,
    0x6f, 0x50, 0x0, 0x0,

    /* U+20A4 "₤" */
    0x0, 0x5, 0xdf, 0xd5, 0x0, 0x0, 0x5f, 0xd9,
    0xdf, 0x50, 0x0, 0xde, 0x10, 0xe, 0xd0, 0x0,
    0xfa, 0x0, 0x5, 0x50, 0x1, 0xf9, 0x0, 0x0,
    0x0, 0x2f, 0xff, 0xff, 0xf3, 0x0, 0x2, 0xfb,
    0x22, 0x20, 0x0, 0x2f, 0xff, 0xff, 0xf4, 0x0,
    0x2, 0xec, 0x22, 0x20, 0x0, 0x0, 0xf9, 0x0,
    0x4, 0xa1, 0x1c, 0xf9, 0x99, 0x9d, 0xf0, 0x2f,
    0xff, 0xff, 0xfe, 0x60,

    /* U+20A5 "₥" */
    0x0, 0x0, 0x0, 0x2, 0x0, 0x0, 0x0, 0x0,
    0x0, 0x8f, 0x0, 0x0, 0xdd, 0x4d, 0xe9, 0xee,
    0xef, 0x90, 0xdf, 0xe9, 0xdf, 0xfd, 0x9e, 0xf6,
    0xdf, 0x20, 0xf, 0xf1, 0x2, 0xfb, 0xde, 0x0,
    0x1f, 0xd0, 0x0, 0xfc, 0xde, 0x0, 0x7f, 0xd0,
    0x0, 0xfc, 0xde, 0x0, 0xef, 0xd0, 0x0, 0xfc,
    0xde, 0x4, 0xff, 0xd0, 0x0, 0xfc, 0xde, 0xb,
    0xce, 0xd0, 0x0, 0xfc, 0xde, 0x1f, 0x6e, 0xd0,
    0x0, 0xfc, 0x0, 0x7f, 0x0, 0x0, 0x0, 0x0,

    /* U+20A6 "₦" */
    0x9, 0xfc, 0x0, 0x0, 0xd, 0xf0, 0x9, 0xff,
    0x80, 0x0, 0xd, 0xf0, 0x9, 0xfc, 0xf3, 0x0,
    0xd, 0xf0, 0x9, 0xf4, 0xfd, 0x0, 0xd, 0xf0,
    0xaf, 0xff, 0xff, 0xff, 0xff, 0xfe, 0x1a, 0xf6,
    0x2d, 0xf4, 0x2d, 0xf2, 0x9, 0xf4, 0x7, 0xf8,
    0xd, 0xf0, 0xaf, 0xff, 0xff, 0xff, 0xff, 0xfe,
    0x1a, 0xf6, 0x22, 0x5f, 0xbd, 0xf2, 0x9, 0xf4,
    0x0, 0xa, 0xfd, 0xf0, 0x9, 0xf4, 0x0, 0x1,
    0xff, 0xf0, 0x9, 0xf4, 0x0, 0x0, 0x6f, 0xf0,

    /* U+20A7 "₧" */
    0xbf, 0xff, 0xfd, 0x80, 0x0, 0x2, 0x10, 0xb,
    0xf9, 0x89, 0xdf, 0xb0, 0x4, 0xf6, 0x0, 0xbf,
    0x10, 0x0, 0xcf, 0x30, 0x4f, 0x60, 0xb, 0xf1,
    0x0, 0x6, 0xf7, 0x9f, 0xff, 0xf2, 0xbf, 0x10,
    0x0, 0x6f, 0x73, 0x9f, 0xa6, 0x1b, 0xf1, 0x0,
    0xb, 0xf3, 0x4, 0xf6, 0x0, 0xbf, 0x98, 0x9d,
    0xfb, 0x0, 0x4f, 0x60, 0xb, 0xff, 0xff, 0xe8,
    0x0, 0x4, 0xf6, 0x0, 0xbf, 0x10, 0x0, 0x0,
    0x0, 0x4f, 0x60, 0xb, 0xf1, 0x0, 0x0, 0x0,
    0x4, 0xf6, 0x0, 0xbf, 0x10, 0x0, 0x0, 0x0,
    0x2f, 0xc6, 0x1b, 0xf1, 0x0, 0x0, 0x0, 0x0,
    0x6e, 0xf4,

    /* U+20A8 "₨" */
    0xbf, 0xff, 0xfe, 0x80, 0x0, 0x0, 0x0, 0x0,
    0xb, 0xf9, 0x89, 0xcf, 0xc0, 0x0, 0x0, 0x0,
    0x0, 0xbf, 0x10, 0x0, 0xbf, 0x40, 0x0, 0x0,
    0x0, 0xb, 0xf1, 0x0, 0x5, 0xf7, 0x3, 0xbf,
    0xfb, 0x20, 0xbf, 0x10, 0x0, 0x6f, 0x61, 0xfe,
    0x77, 0xee, 0xb, 0xf1, 0x0, 0x3e, 0xf2, 0x5f,
    0x60, 0x3, 0x61, 0xbf, 0xff, 0xff, 0xf7, 0x3,
    0xfd, 0x62, 0x0, 0xb, 0xf9, 0x9b, 0xf9, 0x0,
    0x6, 0xef, 0xfe, 0x70, 0xbf, 0x10, 0xe, 0xf1,
    0x0, 0x0, 0x37, 0xef, 0x4b, 0xf1, 0x0, 0x6f,
    0x90, 0x27, 0x0, 0x5, 0xf7, 0xbf, 0x10, 0x0,
    0xdf, 0x24, 0xfb, 0x45, 0xcf, 0x2b, 0xf1, 0x0,
    0x5, 0xfa, 0x5, 0xcf, 0xfb, 0x30,

    /* U+20A9 "₩" */
    0x7f, 0x40, 0x0, 0x2f, 0xe0, 0x0, 0x8, 0xf2,
    0x3f, 0x80, 0x0, 0x6f, 0xf2, 0x0, 0xc, 0xe0,
    0xf, 0xc0, 0x0, 0xaf, 0xf6, 0x0, 0xf, 0xa0,
    0xb, 0xf0, 0x0, 0xec, 0xfa, 0x0, 0x4f, 0x60,
    0x7f, 0xff, 0xff, 0xff, 0xff, 0xff, 0xff, 0xf3,
    0x15, 0xf9, 0x38, 0xf5, 0x9f, 0x53, 0xde, 0x30,
    0x1, 0xfa, 0xa, 0xf1, 0x5f, 0x50, 0xfb, 0x0,
    0x7f, 0xff, 0xff, 0xff, 0xff, 0xff, 0xff, 0xf3,
    0x13, 0x9f, 0x7f, 0x93, 0x3c, 0xe9, 0xf5, 0x30,
    0x0, 0x2f, 0xdf, 0x20, 0x7, 0xfd, 0xe0, 0x0,
    0x0, 0xe, 0xfd, 0x0, 0x2, 0xff, 0x90, 0x0,
    0x0, 0x9, 0xf8, 0x0, 0x0, 0xdf, 0x40, 0x0,

    /* U+20AA "₪" */
    0xaf, 0xff, 0xff, 0xc3, 0x7, 0xf5, 0xaf, 0x88,
    0x89, 0xfe, 0x7, 0xf5, 0xaf, 0x10, 0x10, 0x9f,
    0x27, 0xf5, 0xaf, 0x19, 0xf2, 0x8f, 0x37, 0xf5,
    0xaf, 0x19, 0xf2, 0x8f, 0x37, 0xf5, 0xaf, 0x19,
    0xf2, 0x8f, 0x37, 0xf5, 0xaf, 0x19, 0xf2, 0x1,
    0x8, 0xf4, 0xaf, 0x19, 0xf9, 0x88, 0x8e, 0xf1,
    0xaf, 0x19, 0xff, 0xff, 0xfd, 0x40,

    /* U+20AB "₫" */
    0x0, 0x0, 0x0, 0xf, 0xb0, 0x0, 0x0, 0x6f,
    0xff, 0xfd, 0x0, 0x0, 0x13, 0x3f, 0xe2, 0x0,
    0x6d, 0xfc, 0x2f, 0xb0, 0x6, 0xfe, 0x8a, 0xdf,
    0xb0, 0xe, 0xe1, 0x0, 0x7f, 0xb0, 0x2f, 0xa0,
    0x0, 0x1f, 0xb0, 0x3f, 0x80, 0x0, 0xf, 0xb0,
    0x2f, 0xa0, 0x0, 0x1f, 0xb0, 0xe, 0xf1, 0x0,
    0x8f, 0xb0, 0x6, 0xfe, 0x8a, 0xdf, 0xb0, 0x0,
    0x6d, 0xfc, 0x2f, 0xb0, 0x0, 0x0, 0x0, 0x0,
    0x0, 0x6, 0x88, 0x88, 0x88, 0x50, 0xc, 0xff,
    0xff, 0xff, 0xa0,

    /* U+20AC "€" */
    0x0, 0x0, 0x7d, 0xfe, 0xa2, 0x0, 0xa, 0xfe,
    0xab, 0xfa, 0x0, 0x6f, 0xa0, 0x0, 0x22, 0x0,
    0xcf, 0x10, 0x0, 0x0, 0x5f, 0xff, 0xff, 0xff,
    0x30, 0x14, 0xfb, 0x33, 0x32, 0x0, 0x2, 0xfa,
    0x0, 0x0, 0x0, 0x5f, 0xff, 0xff, 0xf3, 0x0,
    0x13, 0xdf, 0x33, 0x20, 0x0, 0x0, 0x7f, 0x90,
    0x0, 0x21, 0x0, 0xb, 0xfe, 0xbc, 0xf9, 0x0,
    0x0, 0x7d, 0xfe, 0xa2,

    /* U+20AD "₭" */
    0x0, 0xdf, 0x0, 0x0, 0x4f, 0xe2, 0x0, 0xdf,
    0x0, 0x2, 0xff, 0x30, 0x0, 0xdf, 0x0, 0x1e,
    0xf5, 0x0, 0x0, 0xdf, 0x0, 0xcf, 0x70, 0x0,
    0x0, 0xdf, 0xa, 0xf9, 0x0, 0x0, 0x9f, 0xff,
    0xff, 0xff, 0xff, 0xf2, 0x59, 0xef, 0xff, 0xfb,
    0x99, 0x91, 0x0, 0xdf, 0xd3, 0xfd, 0x10, 0x0,
    0x0, 0xdf, 0x10, 0x5f, 0xb0, 0x0, 0x0, 0xdf,
    0x0, 0x9, 0xf7, 0x0, 0x0, 0xdf, 0x0, 0x0,
    0xdf, 0x40, 0x0, 0xdf, 0x0, 0x0, 0x2f, 0xe1,

    /* U+20AE "₮" */
    0x4f, 0xff, 0xff, 0xff, 0xfc, 0x29, 0x99, 0xdf,
    0x99, 0x96, 0x0, 0x0, 0xaf, 0x20, 0x0, 0x0,
    0x0, 0xaf, 0x37, 0x0, 0x0, 0x0, 0xaf, 0xfc,
    0x0, 0x0, 0x4c, 0xff, 0x40, 0x0, 0x0, 0x66,
    0xbf, 0xae, 0x0, 0x0, 0x5, 0xdf, 0xa3, 0x0,
    0x0, 0x8d, 0xdf, 0x20, 0x0, 0x0, 0x10, 0xaf,
    0x20, 0x0, 0x0, 0x0, 0xaf, 0x20, 0x0, 0x0,
    0x0, 0xaf, 0x20, 0x0,

    /* U+20AF "₯" */
    0x0, 0x0, 0x67, 0x0, 0x0, 0x0, 0x0, 0x0,
    0x0, 0x0, 0x0, 0x0, 0x0, 0xce, 0x0, 0x0,
    0x0, 0x0, 0x0, 0x0, 0x0, 0x0, 0x0, 0x59,
    0xff, 0xfe, 0xd7, 0x10, 0x0, 0x0, 0x0, 0x0,
    0x0, 0x0, 0xee, 0xff, 0x78, 0xbf, 0xe2, 0x0,
    0x0, 0x0, 0x0, 0x0, 0x0, 0x10, 0xce, 0x0,
    0x3, 0xfd, 0x0, 0x0, 0x0, 0x0, 0x0, 0x0,
    0x0, 0xce, 0x0, 0x0, 0x8f, 0x40, 0x3, 0xbf,
    0xea, 0x10, 0x0, 0x0, 0xce, 0x0, 0x0, 0x3f,
    0x80, 0x3f, 0xe9, 0x9f, 0xe1, 0x0, 0x0, 0xce,
    0x0, 0x0, 0x2f, 0x90, 0xbf, 0x20, 0x6, 0xf8,
    0x0, 0x0, 0xce, 0x0, 0x0, 0x2f, 0x90, 0xfb,
    0x0, 0x0, 0xfc, 0x6, 0xff, 0xfe, 0x0, 0x0,
    0x3f, 0x81, 0xf9, 0x0, 0x0, 0xed, 0x1f, 0xa5,
    0xfe, 0x0, 0x0, 0x7f, 0x51, 0xfb, 0x0, 0x0,
    0xfc, 0x3f, 0x50, 0xef, 0x90, 0x1, 0xef, 0x11,
    0xff, 0x20, 0x6, 0xf8, 0x1f, 0xda, 0xfc, 0xfb,
    0x9e, 0xf6, 0x1, 0xfd, 0xe9, 0xaf, 0xe1, 0x5,
    0xee, 0x70, 0x7e, 0xfd, 0x50, 0x1, 0xf9, 0x6e,
    0xfb, 0x20, 0x0, 0x0, 0x0, 0x0, 0x0, 0x0,
    0x1, 0xf9, 0x0, 0x0, 0x0, 0x0, 0x0, 0x0,
    0x0, 0x0, 0x0, 0x1, 0xf9, 0x0, 0x0, 0x0,
    0x0, 0x0, 0x0, 0x0, 0x0, 0x0, 0x1, 0xf9,
    0x0, 0x0, 0x0,

    /* U+20B1 "₱" */
    0x4, 0xff, 0xff, 0xd7, 0x0, 0x0, 0x4f, 0xc8,
    0x9c, 0xf9, 0x0, 0x4, 0xf8, 0x0, 0xc, 0xf1,
    0x6, 0xff, 0xff, 0xff, 0xff, 0xf8, 0x16, 0xf9,
    0x22, 0x27, 0xf8, 0x16, 0xff, 0xff, 0xff, 0xff,
    0xf7, 0x16, 0xf9, 0x22, 0x2c, 0xf4, 0x10, 0x4f,
    0xc8, 0x8b, 0xfa, 0x0, 0x4, 0xff, 0xff, 0xd8,
    0x0, 0x0, 0x4f, 0x80, 0x0, 0x0, 0x0, 0x4,
    0xf8, 0x0, 0x0, 0x0, 0x0, 0x4f, 0x80, 0x0,
    0x0, 0x0,

    /* U+20B2 "₲" */
    0x0, 0x0, 0x5, 0x90, 0x0, 0x0, 0x0, 0x0,
    0x18, 0xb2, 0x0, 0x0, 0x0, 0x9, 0xff, 0xff,
    0xb1, 0x0, 0x0, 0xbf, 0xdb, 0xcc, 0xfd, 0x10,
    0x6, 0xfc, 0x5, 0x90, 0x9f, 0x80, 0xc, 0xf2,
    0x5, 0x90, 0x1c, 0xa0, 0xf, 0xd0, 0x5, 0x90,
    0x0, 0x0, 0x1f, 0xb0, 0x5, 0x90, 0x0, 0x0,
    0xf, 0xb0, 0x5, 0xff, 0xff, 0xf0, 0xf, 0xd0,
    0x5, 0xc8, 0x8d, 0xf0, 0xa, 0xf3, 0x5, 0x90,
    0xe, 0xe0, 0x3, 0xfd, 0x15, 0x90, 0x8f, 0x80,
    0x0, 0x8f, 0xfc, 0xdc, 0xfd, 0x0, 0x0, 0x5,
    0xcf, 0xfe, 0x80, 0x0, 0x0, 0x0, 0x5, 0x90,
    0x0, 0x0, 0x0, 0x0, 0x1, 0x20, 0x0, 0x0,

    /* U+20B3 "₳" */
    0x0, 0x0, 0xaf, 0xe0, 0x0, 0x0, 0x0, 0xf,
    0xef, 0x40, 0x0, 0x0, 0x5, 0xf6, 0xfa, 0x0,
    0x0, 0x0, 0xbf, 0x1c, 0xf0, 0x0, 0x0, 0x1f,
    0xc0, 0x7f, 0x50, 0x5, 0xff, 0xff, 0xff, 0xff,
    0xfa, 0x12, 0xcf, 0x42, 0x2d, 0xf3, 0x10, 0xf,
    0xd0, 0x0, 0x9f, 0x40, 0x5f, 0xff, 0xff, 0xff,
    0xff, 0xa1, 0xbf, 0x52, 0x22, 0x2e, 0xf2, 0x1f,
    0xd0, 0x0, 0x0, 0x8f, 0x56, 0xf8, 0x0, 0x0,
    0x2, 0xfc,

    /* U+20B4 "₴" */
    0x1, 0xae, 0xfd, 0x80, 0x0, 0xcf, 0xb9, 0xcf,
    0x80, 0x2e, 0xb0, 0x0, 0xfd, 0x1, 0x11, 0x11,
    0x4f, 0xb1, 0xff, 0xff, 0xff, 0xff, 0xa6, 0x66,
    0x66, 0x66, 0x64, 0xff, 0xff, 0xff, 0xff, 0xa5,
    0xfe, 0x44, 0x44, 0x43, 0x4f, 0x90, 0x0, 0x35,
    0x3, 0xfa, 0x0, 0xe, 0xf0, 0xd, 0xfb, 0x9d,
    0xfa, 0x0, 0x1a, 0xef, 0xd8, 0x0,

    /* U+20B5 "₵" */
    0x0, 0x0, 0x1, 0x10, 0x0, 0x0, 0x0, 0x0,
    0x68, 0x0, 0x0, 0x0, 0x4, 0xcf, 0xfd, 0x70,
    0x0, 0x7, 0xff, 0xed, 0xef, 0xb0, 0x3, 0xfe,
    0x26, 0x80, 0xbf, 0x60, 0xaf, 0x40, 0x68, 0x1,
    0xfc, 0xe, 0xe0, 0x6, 0x80, 0x0, 0x0, 0xfb,
    0x0, 0x68, 0x0, 0x0, 0x1f, 0xb0, 0x6, 0x80,
    0x0, 0x0, 0xfc, 0x0, 0x68, 0x0, 0x0, 0xc,
    0xf1, 0x6, 0x80, 0xa, 0x90, 0x6f, 0xa0, 0x68,
    0x6, 0xf9, 0x0, 0xcf, 0xca, 0xb9, 0xfe, 0x10,
    0x0, 0xaf, 0xff, 0xfd, 0x20, 0x0, 0x0, 0x29,
    0xb3, 0x0, 0x0, 0x0, 0x0, 0x68, 0x0, 0x0,

    /* U+20B8 "₸" */
    0x4f, 0xff, 0xff, 0xff, 0xfc, 0x28, 0x88, 0x88,
    0x88, 0x86, 0x28, 0x88, 0x88, 0x88, 0x86, 0x4f,
    0xff, 0xff, 0xff, 0xfc, 0x0, 0x0, 0xaf, 0x10,
    0x0, 0x0, 0x0, 0xaf, 0x10, 0x0, 0x0, 0x0,
    0xaf, 0x10, 0x0, 0x0, 0x0, 0xaf, 0x10, 0x0,
    0x0, 0x0, 0xaf, 0x10, 0x0, 0x0, 0x0, 0xaf,
    0x10, 0x0, 0x0, 0x0, 0xaf, 0x10, 0x0, 0x0,
    0x0, 0xaf, 0x10, 0x0,

    /* U+20B9 "₹" */
    0x1a, 0xaa, 0xaa, 0xaa, 0x25, 0xee, 0xff, 0xfd,
    0xc0, 0x0, 0x0, 0x9f, 0x80, 0x3, 0xdd, 0xdd,
    0xff, 0xd3, 0x39, 0x99, 0xaf, 0xd9, 0x0, 0x0,
    0x2b, 0xf6, 0x0, 0x5f, 0xff, 0xf9, 0x0, 0x1,
    0xef, 0x81, 0x0, 0x0, 0x3, 0xfe, 0x10, 0x0,
    0x0, 0x5, 0xfc, 0x0, 0x0, 0x0, 0x8, 0xfa,
    0x0, 0x0, 0x0, 0xa, 0xf7, 0x0,

    /* U+20BA "₺" */
    0x0, 0xaf, 0x20, 0x0, 0x0, 0xa, 0xf6, 0xb4,
    0x0, 0x1, 0xcf, 0xfc, 0x20, 0x2, 0xff, 0xf4,
    0x11, 0x0, 0x27, 0xbf, 0xbf, 0x50, 0x0, 0x6e,
    0xfe, 0x71, 0x0, 0x3f, 0xff, 0x20, 0x6, 0x51,
    0x2a, 0xf2, 0x0, 0xfc, 0x0, 0xaf, 0x20, 0x3f,
    0x90, 0xa, 0xf2, 0xc, 0xf3, 0x0, 0xaf, 0xae,
    0xf9, 0x0, 0xa, 0xff, 0xc6, 0x0,

    /* U+20BC "₼" */
    0x0, 0x0, 0xfc, 0x0, 0x0, 0x0, 0x0, 0xfc,
    0x0, 0x0, 0x0, 0x6e, 0xff, 0xd5, 0x0, 0x8,
    0xfd, 0xfe, 0xef, 0x60, 0x3f, 0xc0, 0xfc, 0x1e,
    0xf1, 0x9f, 0x30, 0xfc, 0x6, 0xf6, 0xcf, 0x0,
    0xfc, 0x2, 0xf9, 0xdd, 0x0, 0xfc, 0x1, 0xfa,
    0xdd, 0x0, 0xfc, 0x0, 0xfb,

    /* U+20BD "₽" */
    0x0, 0x9f, 0xff, 0xfe, 0xa1, 0x0, 0x9, 0xfa,
    0x88, 0xbf, 0xd0, 0x0, 0x9f, 0x30, 0x0, 0x7f,
    0x60, 0x9, 0xf3, 0x0, 0x2, 0xf9, 0x0, 0x9f,
    0x30, 0x0, 0x3f, 0x90, 0x9, 0xf3, 0x0, 0x2c,
    0xf4, 0x5f, 0xff, 0xff, 0xff, 0xf8, 0x3, 0x8c,
    0xfa, 0x88, 0x72, 0x0, 0x38, 0xcf, 0xa8, 0x60,
    0x0, 0x5, 0xff, 0xff, 0xfc, 0x0, 0x0, 0x0,
    0x9f, 0x30, 0x0, 0x0, 0x0, 0x9, 0xf3, 0x0,
    0x0, 0x0,

    /* U+20BE "₾" */
    0x0, 0xe, 0x69, 0xb0, 0x0, 0x0, 0xe, 0xbc,
    0xc0, 0x0, 0x3, 0xef, 0xff, 0xfc, 0x10, 0x1e,
    0xef, 0x69, 0xef, 0xc0, 0x7f, 0x5e, 0x69, 0xb8,
    0xf5, 0xbf, 0xe, 0x69, 0xb2, 0xf8, 0xce, 0x7,
    0x24, 0x50, 0x74, 0xbf, 0x0, 0x0, 0x0, 0x0,
    0x7f, 0x40, 0x0, 0x0, 0x0, 0xe, 0xc1, 0x0,
    0x0, 0x0, 0x6b, 0xfe, 0x98, 0x88, 0x84, 0xdf,
    0xff, 0xff, 0xff, 0xf9,

    /* U+20BF "₿" */
    0x0, 0x60, 0x42, 0x0, 0x0, 0xd, 0x19, 0x50,
    0x0, 0xbf, 0xff, 0xfe, 0x91, 0xb, 0xf9, 0x89,
    0xcf, 0xc0, 0xbf, 0x10, 0x0, 0xbf, 0x2b, 0xf1,
    0x0, 0x9, 0xf2, 0xbf, 0x21, 0x26, 0xfb, 0xb,
    0xff, 0xff, 0xfb, 0x10, 0xbf, 0x54, 0x47, 0xfe,
    0x1b, 0xf1, 0x0, 0x5, 0xf8, 0xbf, 0x10, 0x0,
    0x1f, 0xab, 0xf1, 0x0, 0x5, 0xf8, 0xbf, 0x99,
    0x9b, 0xff, 0x2b, 0xff, 0xff, 0xeb, 0x30, 0x0,
    0xd1, 0x95, 0x0, 0x0, 0x6, 0x4, 0x20, 0x0,

    /* U+20C0 "⃀" */
    0x0, 0x0, 0x10, 0x0, 0x0, 0x9f, 0xfd, 0x40,
    0xb, 0xf7, 0x5a, 0x30, 0x1f, 0x60, 0x0, 0x0,
    0x2f, 0x50, 0x0, 0x0, 0xc, 0xe4, 0x27, 0x20,
    0x2, 0xcf, 0xff, 0x60, 0x0, 0x2, 0x41, 0x0,
    0x15, 0x55, 0x55, 0x51, 0x3f, 0xff, 0xff, 0xf3,

    /* U+2100 "℀" */
    0x5, 0xcc, 0x80, 0x0, 0x0, 0x8, 0x60, 0x0,
    0x19, 0x54, 0xf8, 0x0, 0x0, 0x6e, 0x10, 0x0,
    0x8, 0xcd, 0xf9, 0x0, 0x2, 0xf5, 0x0, 0x0,
    0x6f, 0x31, 0xf9, 0x0, 0xc, 0xa0, 0x0, 0x0,
    0x2e, 0xec, 0xe9, 0x0, 0x7e, 0x0, 0x0, 0x0,
    0x0, 0x10, 0x0, 0x3, 0xf4, 0x0, 0x0, 0x0,
    0x0, 0x0, 0x0, 0xd, 0x80, 0x0, 0x0, 0x0,
    0x0, 0x0, 0x0, 0x8d, 0x0, 0x2a, 0xdb, 0x30,
    0x0, 0x0, 0x3, 0xf3, 0x0, 0xec, 0x4b, 0xd0,
    0x0, 0x0, 0xd, 0x70, 0x2, 0xf5, 0x0, 0x0,
    0x0, 0x0, 0x9c, 0x0, 0x1, 0xf9, 0x6, 0x90,
    0x0, 0x4, 0xf2, 0x0, 0x0, 0x6f, 0xff, 0x70,
    0x0, 0x0, 0x0, 0x0, 0x0, 0x0, 0x21, 0x0,

    /* U+2101 "℁" */
    0x5, 0xcc, 0x80, 0x0, 0x0, 0x8, 0x60, 0x1,
    0x95, 0x4f, 0x80, 0x0, 0x6, 0xe1, 0x0, 0x8,
    0xcd, 0xf9, 0x0, 0x2, 0xf5, 0x0, 0x6, 0xf3,
    0x1f, 0x90, 0x0, 0xca, 0x0, 0x0, 0x2e, 0xec,
    0xe9, 0x0, 0x7e, 0x0, 0x0, 0x0, 0x1, 0x0,
    0x0, 0x3f, 0x40, 0x0, 0x0, 0x0, 0x0, 0x0,
    0xd, 0x80, 0x0, 0x0, 0x0, 0x0, 0x0, 0x8,
    0xd0, 0x5, 0xcd, 0xa2, 0x0, 0x0, 0x3, 0xf3,
    0x0, 0xf9, 0x37, 0x30, 0x0, 0x0, 0xd7, 0x0,
    0xa, 0xfe, 0xb3, 0x0, 0x0, 0x9c, 0x0, 0x0,
    0x52, 0x3d, 0xc0, 0x0, 0x4f, 0x20, 0x0, 0xb,
    0xfe, 0xf5, 0x0, 0x0, 0x0, 0x0, 0x0, 0x1,
    0x20, 0x0,

    /* U+2103 "℃" */
    0x0, 0x6a, 0x80, 0x0, 0x0, 0x17, 0xab, 0x94,
    0x0, 0x0, 0x8f, 0xad, 0xc0, 0x0, 0x3e, 0xff,
    0xef, 0xfa, 0x0, 0xf, 0x60, 0x1f, 0x40, 0x1e,
    0xf6, 0x0, 0x1b, 0xf7, 0x0, 0xe8, 0x3, 0xf3,
    0x8, 0xf6, 0x0, 0x0, 0xe, 0xd0, 0x5, 0xfe,
    0xfa, 0x0, 0xdf, 0x0, 0x0, 0x0, 0x0, 0x0,
    0x2, 0x64, 0x0, 0xf, 0xc0, 0x0, 0x0, 0x0,
    0x0, 0x0, 0x0, 0x0, 0x0, 0xfc, 0x0, 0x0,
    0x0, 0x0, 0x0, 0x0, 0x0, 0x0, 0xe, 0xe0,
    0x0, 0x0, 0x0, 0x0, 0x0, 0x0, 0x0, 0x0,
    0xaf, 0x30, 0x0, 0x0, 0xcc, 0x0, 0x0, 0x0,
    0x0, 0x3, 0xfd, 0x10, 0x0, 0x7f, 0x90, 0x0,
    0x0, 0x0, 0x0, 0x8, 0xfe, 0x98, 0xcf, 0xd1,
    0x0, 0x0, 0x0, 0x0, 0x0, 0x5, 0xdf, 0xff,
    0x91, 0x0, 0x0, 0x0, 0x0, 0x0, 0x0, 0x0,
    0x1, 0x0, 0x0, 0x0,

    /* U+2105 "℅" */
    0x3, 0xbd, 0xb3, 0x0, 0x0, 0x2a, 0x10, 0x0,
    0x1f, 0xa4, 0xbb, 0x0, 0x0, 0xc9, 0x0, 0x0,
    0x4f, 0x30, 0x0, 0x0, 0x7, 0xe0, 0x0, 0x0,
    0x2f, 0x80, 0x89, 0x0, 0x3f, 0x40, 0x0, 0x0,
    0x6, 0xff, 0xe5, 0x0, 0xd8, 0x0, 0x0, 0x0,
    0x0, 0x1, 0x0, 0x8, 0xd0, 0x0, 0x0, 0x0,
    0x0, 0x0, 0x0, 0x3f, 0x30, 0x0, 0x0, 0x0,
    0x0, 0x0, 0x0, 0xd7, 0x0, 0x5c, 0xeb, 0x20,
    0x0, 0x0, 0x9, 0xc0, 0x3, 0xf8, 0x3c, 0xd0,
    0x0, 0x0, 0x4f, 0x20, 0x6, 0xf1, 0x6, 0xf1,
    0x0, 0x1, 0xe6, 0x0, 0x4, 0xf6, 0x1b, 0xe0,
    0x0, 0xa, 0xb0, 0x0, 0x0, 0x7f, 0xfd, 0x40,
    0x0, 0x0, 0x0, 0x0, 0x0, 0x0, 0x0, 0x0,

    /* U+2106 "℆" */
    0x3, 0xbd, 0xb2, 0x0, 0x0, 0x3a, 0x10, 0x0,
    0x1f, 0xa4, 0xca, 0x0, 0x0, 0xe8, 0x0, 0x0,
    0x4f, 0x30, 0x0, 0x0, 0x9, 0xd0, 0x0, 0x0,
    0x2f, 0x80, 0x98, 0x0, 0x4f, 0x20, 0x0, 0x0,
    0x6, 0xff, 0xe4, 0x1, 0xe7, 0x0, 0x0, 0x0,
    0x0, 0x1, 0x0, 0xa, 0xc0, 0x0, 0x0, 0x0,
    0x0, 0x0, 0x0, 0x5f, 0x20, 0x0, 0x0, 0x0,
    0x0, 0x0, 0x1, 0xe6, 0x0, 0xd8, 0x0, 0xd7,
    0x0, 0x0, 0xa, 0xb0, 0x0, 0xe9, 0x0, 0xf8,
    0x0, 0x0, 0x5f, 0x10, 0x0, 0xe9, 0x0, 0xf8,
    0x0, 0x1, 0xe6, 0x0, 0x0, 0xdd, 0x36, 0xf8,
    0x0, 0xb, 0xb0, 0x0, 0x0, 0x5e, 0xf9, 0xd8,
    0x0, 0x0, 0x0, 0x0, 0x0, 0x0, 0x0, 0x0,

    /* U+2109 "℉" */
    0x0, 0x5a, 0x80, 0x0, 0x19, 0x99, 0x99, 0x99,
    0x0, 0x7f, 0xbe, 0xc0, 0x2, 0xff, 0xff, 0xff,
    0xf0, 0xf, 0x70, 0x1f, 0x40, 0x2f, 0x90, 0x0,
    0x0, 0x0, 0xe7, 0x2, 0xf3, 0x2, 0xf9, 0x0,
    0x0, 0x0, 0x5, 0xfc, 0xfa, 0x0, 0x2f, 0x90,
    0x0, 0x0, 0x0, 0x3, 0x75, 0x0, 0x2, 0xfc,
    0x77, 0x77, 0x40, 0x0, 0x0, 0x0, 0x0, 0x2f,
    0xff, 0xff, 0xf8, 0x0, 0x0, 0x0, 0x0, 0x2,
    0xfa, 0x0, 0x0, 0x0, 0x0, 0x0, 0x0, 0x0,
    0x2f, 0x90, 0x0, 0x0, 0x0, 0x0, 0x0, 0x0,
    0x2, 0xf9, 0x0, 0x0, 0x0, 0x0, 0x0, 0x0,
    0x0, 0x2f, 0x90, 0x0, 0x0, 0x0, 0x0, 0x0,
    0x0, 0x2, 0xf9, 0x0, 0x0, 0x0, 0x0, 0x0,
    0x0, 0x0, 0x1, 0x0, 0x0, 0x0, 0x0,

    /* U+2113 "ℓ" */
    0x0, 0x2b, 0xc8, 0x0, 0xd, 0xfc, 0xf7, 0x2,
    0xf8, 0xf, 0xa0, 0x3f, 0x70, 0xfa, 0x3, 0xf7,
    0x3f, 0x70, 0x3f, 0x7c, 0xf1, 0x3, 0xff, 0xf4,
    0xb, 0xff, 0xc2, 0x0, 0x47, 0xf7, 0x0, 0x0,
    0x2f, 0x80, 0x0, 0x0, 0xde, 0x85, 0x0, 0x3,
    0xbe, 0xd0,

    /* U+2116 "№" */
    0x7a, 0x0, 0x0, 0xa, 0x60, 0x19, 0xca, 0x20,
    0xbf, 0x80, 0x0, 0xf, 0xa0, 0xce, 0x8d, 0xe0,
    0xbf, 0xf2, 0x0, 0xf, 0xa1, 0xf6, 0x3, 0xf4,
    0xbf, 0xeb, 0x0, 0xf, 0xa2, 0xf5, 0x2, 0xf5,
    0xbe, 0x5f, 0x50, 0xf, 0xa0, 0xf9, 0x6, 0xf2,
    0xbe, 0xc, 0xd0, 0xf, 0xa0, 0x6f, 0xff, 0x80,
    0xbe, 0x2, 0xf7, 0xf, 0xa0, 0x1, 0x42, 0x0,
    0xbe, 0x0, 0x9f, 0x1f, 0xa0, 0x9b, 0xbb, 0xb1,
    0xbe, 0x0, 0x1e, 0xaf, 0xa0, 0x78, 0x88, 0x80,
    0xbe, 0x0, 0x6, 0xff, 0xa0, 0x0, 0x0, 0x0,
    0xbe, 0x0, 0x0, 0xcf, 0xa0, 0x0, 0x0, 0x0,
    0xbe, 0x0, 0x0, 0x3f, 0xa0, 0x0, 0x0, 0x0,

    /* U+2117 "℗" */
    0x0, 0x2, 0x8c, 0xdb, 0x60, 0x0, 0x0, 0x7,
    0xff, 0xcb, 0xdf, 0xd2, 0x0, 0x6, 0xfa, 0x10,
    0x0, 0x4e, 0xe1, 0x1, 0xfb, 0xd, 0xee, 0xc4,
    0x2f, 0xa0, 0x6f, 0x20, 0xe8, 0x39, 0xf0, 0x8f,
    0x1a, 0xe0, 0xe, 0x70, 0x6f, 0x14, 0xf3, 0xae,
    0x0, 0xef, 0xff, 0x70, 0x3f, 0x48, 0xf1, 0xe,
    0x81, 0x0, 0x7, 0xf2, 0x2f, 0x80, 0xe6, 0x0,
    0x0, 0xec, 0x0, 0x9f, 0x70, 0x0, 0x1, 0xbf,
    0x40, 0x0, 0xbf, 0xc7, 0x69, 0xef, 0x60, 0x0,
    0x0, 0x6d, 0xff, 0xfb, 0x30, 0x0, 0x0, 0x0,
    0x0, 0x10, 0x0, 0x0, 0x0,

    /* U+211E "℞" */
    0x69, 0x99, 0x97, 0x30, 0x0, 0xbf, 0xff, 0xff,
    0xf8, 0x0, 0xbf, 0x10, 0x2, 0xcf, 0x30, 0xbf,
    0x10, 0x0, 0x5f, 0x70, 0xbf, 0x10, 0x0, 0x5f,
    0x70, 0xbf, 0x10, 0x3, 0xdf, 0x20, 0xbf, 0xff,
    0xff, 0xf7, 0x22, 0xbf, 0x98, 0x9f, 0xa5, 0xf5,
    0xbf, 0x10, 0x7, 0xff, 0x90, 0xbf, 0x10, 0x0,
    0xef, 0x20, 0xbf, 0x10, 0x8, 0xfe, 0xc0, 0xbf,
    0x10, 0x4f, 0x64, 0xf8,

    /* U+211F "℟" */
    0x0, 0x0, 0x0, 0x0, 0x0, 0x0, 0xa, 0xc7,
    0x20, 0x0, 0x0, 0x0, 0x2a, 0x80, 0x0, 0x69,
    0x99, 0x8c, 0x60, 0x0, 0xbf, 0xff, 0xff, 0xf8,
    0x0, 0xbf, 0x10, 0x3c, 0xdf, 0x30, 0xbf, 0x10,
    0x77, 0x5f, 0x70, 0xbf, 0x10, 0xb3, 0x4f, 0x80,
    0xbf, 0x10, 0xe1, 0xbf, 0x40, 0xbf, 0xff, 0xff,
    0xf9, 0x0, 0xbf, 0x9d, 0xdf, 0xa0, 0x0, 0xbf,
    0x1d, 0x2e, 0xf1, 0x0, 0xbf, 0x2d, 0x6, 0xfa,
    0x0, 0xbf, 0x69, 0x0, 0xdf, 0x20, 0xbf, 0xb5,
    0x0, 0x5f, 0xb0, 0x1, 0xe1, 0x0, 0x1, 0x10,
    0x2, 0xc0, 0x0, 0x0, 0x0, 0x4, 0x70, 0x0,
    0x0, 0x0,

    /* U+2120 "℠" */
    0x7, 0xa5, 0x38, 0x1, 0xb1, 0xd0, 0x84, 0xf1,
    0x7f, 0x9, 0xd8, 0x4c, 0x7b, 0xd1, 0x70, 0xd4,
    0x8c, 0x8d, 0x8, 0xb6, 0x35, 0x52, 0x90,

    /* U+2121 "℡" */
    0x2a, 0xaa, 0x1a, 0xa6, 0x80, 0x0, 0x1d, 0x10,
    0xd1, 0xd, 0x0, 0x0, 0xd0, 0xf, 0xb3, 0xd0,
    0x0, 0xd, 0x0, 0xd0, 0xd, 0x0, 0x0, 0xa0,
    0xb, 0xb7, 0xab, 0x80,

    /* U+2122 "™" */
    0x3b, 0xdb, 0x1d, 0x11, 0xd1, 0x0, 0xd0, 0xf,
    0x76, 0xf1, 0x0, 0xd0, 0xd, 0xaa, 0xc1, 0x0,
    0xd0, 0xd, 0x78, 0xc1, 0x0, 0x40, 0x4, 0x11,
    0x40,

    /* U+2126 "Ω" */
    0x0, 0x4, 0xbe, 0xfd, 0x70, 0x0, 0x0, 0x8f,
    0xfc, 0xbe, 0xfd, 0x10, 0x5, 0xfd, 0x10, 0x0,
    0x8f, 0xa0, 0xc, 0xf3, 0x0, 0x0, 0xc, 0xf2,
    0xf, 0xd0, 0x0, 0x0, 0x7, 0xf6, 0x1f, 0xb0,
    0x0, 0x0, 0x5, 0xf7, 0xf, 0xd0, 0x0, 0x0,
    0x6, 0xf6, 0xb, 0xf1, 0x0, 0x0, 0xb, 0xf2,
    0x3, 0xfb, 0x0, 0x0, 0x6f, 0x90, 0x0, 0x4c,
    0xe2, 0xb, 0xe7, 0x0, 0x8, 0x89, 0xf3, 0xd,
    0xc8, 0x83, 0x1f, 0xff, 0xf3, 0xd, 0xff, 0xf7,

    /* U+212A "K" */
    0x7a, 0x0, 0x0, 0x9, 0xa2, 0xbf, 0x10, 0x0,
    0xbf, 0x70, 0xbf, 0x10, 0xa, 0xf9, 0x0, 0xbf,
    0x10, 0x9f, 0xa0, 0x0, 0xbf, 0x17, 0xfb, 0x0,
    0x0, 0xbf, 0x5f, 0xf2, 0x0, 0x0, 0xbf, 0xfd,
    0xfb, 0x0, 0x0, 0xbf, 0xc0, 0xaf, 0x60, 0x0,
    0xbf, 0x20, 0x1e, 0xf2, 0x0, 0xbf, 0x10, 0x4,
    0xfc, 0x0, 0xbf, 0x10, 0x0, 0x9f, 0x80, 0xbf,
    0x10, 0x0, 0xd, 0xf3,

    /* U+212B "Å" */
    0x0, 0x0, 0x7e, 0xc1, 0x0, 0x0, 0x0, 0x4,
    0xe2, 0x8b, 0x0, 0x0, 0x0, 0x4, 0xe2, 0x8b,
    0x0, 0x0, 0x0, 0x0, 0x8e, 0xc1, 0x0, 0x0,
    0x0, 0x0, 0x49, 0x80, 0x0, 0x0, 0x0, 0x0,
    0xcf, 0xf3, 0x0, 0x0, 0x0, 0x2, 0xf9, 0xf8,
    0x0, 0x0, 0x0, 0x7, 0xf3, 0xde, 0x0, 0x0,
    0x0, 0xd, 0xe0, 0x8f, 0x40, 0x0, 0x0, 0x3f,
    0x90, 0x3f, 0xa0, 0x0, 0x0, 0x9f, 0x40, 0xd,
    0xf0, 0x0, 0x0, 0xef, 0x88, 0x8c, 0xf5, 0x0,
    0x4, 0xff, 0xff, 0xff, 0xfb, 0x0, 0xa, 0xf3,
    0x0, 0x0, 0xcf, 0x10, 0xf, 0xe0, 0x0, 0x0,
    0x7f, 0x70, 0x5f, 0x90, 0x0, 0x0, 0x1f, 0xd0,
    0x0, 0x0, 0x0, 0x0, 0x0, 0x0,

    /* U+212E "℮" */
    0x0, 0x39, 0xa7, 0x0, 0x0, 0x7a, 0x21, 0x6c,
    0x0, 0x3f, 0x10, 0x0, 0xb9, 0xb, 0xf1, 0x0,
    0xb, 0xe0, 0xdf, 0xcb, 0xbb, 0xef, 0xc, 0xf1,
    0x0, 0x0, 0x0, 0x7f, 0x10, 0x0, 0x0, 0x0,
    0xc5, 0x0, 0x5, 0x0, 0x0, 0x8c, 0xcb, 0x60,
    0x0,

    /* U+2132 "Ⅎ" */
    0x0, 0x0, 0x0, 0x7a, 0x0, 0x0, 0x0, 0xb,
    0xf1, 0x0, 0x0, 0x0, 0xbf, 0x10, 0x0, 0x0,
    0xb, 0xf1, 0x0, 0x0, 0x0, 0xbf, 0x10, 0x9f,
    0xff, 0xff, 0xf1, 0x5, 0x99, 0x99, 0xdf, 0x10,
    0x0, 0x0, 0xb, 0xf1, 0x0, 0x0, 0x0, 0xbf,
    0x10, 0x0, 0x0, 0xb, 0xf1, 0x18, 0x88, 0x88,
    0xdf, 0x12, 0xff, 0xff, 0xff, 0xf1,

    /* U+213B "℻" */
    0xd, 0xb5, 0xd, 0x10, 0xb1, 0x93, 0xc, 0x0,
    0x6b, 0x70, 0x4c, 0xa0, 0xf, 0xb2, 0xc5, 0xd0,
    0x1e, 0x60, 0xc, 0x3, 0xb6, 0xa4, 0xb4, 0xc1,
    0x4, 0x2, 0x10, 0x13, 0x40, 0x22,

    /* U+214D "⅍" */
    0x0, 0xdd, 0x10, 0x0, 0x0, 0x5c, 0x10, 0x5,
    0xfe, 0x70, 0x0, 0x1, 0xe6, 0x0, 0xb, 0xb9,
    0xd0, 0x0, 0xb, 0xb0, 0x0, 0x1f, 0xfe, 0xf3,
    0x0, 0x6e, 0x10, 0x0, 0x7f, 0x11, 0xda, 0x2,
    0xf5, 0x0, 0x0, 0x11, 0x0, 0x1, 0xc, 0xa0,
    0x0, 0x0, 0x0, 0x0, 0x0, 0x7e, 0x10, 0x0,
    0x0, 0x0, 0x0, 0x2, 0xf4, 0x5, 0xcd, 0xb2,
    0x0, 0x0, 0xd, 0x90, 0xf, 0xa2, 0x73, 0x0,
    0x0, 0x8d, 0x0, 0x9, 0xfe, 0xb4, 0x0, 0x3,
    0xf3, 0x0, 0x5, 0x23, 0xcd, 0x0, 0xa, 0x70,
    0x0, 0xa, 0xfe, 0xf6, 0x0, 0x0, 0x0, 0x0,
    0x0, 0x12, 0x0,

    /* U+2150 "⅐" */
    0xb, 0xf8, 0x0, 0x0, 0xc, 0xa0, 0x0, 0x69,
    0xd8, 0x0, 0x0, 0x7e, 0x10, 0x0, 0x10, 0xd8,
    0x0, 0x2, 0xf4, 0x0, 0x0, 0x0, 0xd8, 0x0,
    0xc, 0xa0, 0x0, 0x0, 0x0, 0xd8, 0x0, 0x7e,
    0x10, 0x0, 0x0, 0x0, 0xd8, 0x2, 0xf4, 0x8,
    0xaa, 0xa7, 0x0, 0x64, 0xc, 0xa0, 0x6, 0x88,
    0xea, 0x0, 0x0, 0x7e, 0x10, 0x0, 0x2, 0xf4,
    0x0, 0x2, 0xf4, 0x0, 0x0, 0xa, 0xc0, 0x0,
    0xc, 0xa0, 0x0, 0x0, 0x2f, 0x40, 0x0, 0x7e,
    0x10, 0x0, 0x0, 0xac, 0x0, 0x2, 0xf4, 0x0,
    0x0, 0x1, 0xf4, 0x0,

    /* U+2151 "⅑" */
    0xb, 0xf8, 0x0, 0x0, 0xc, 0xa0, 0x0, 0x69,
    0xd8, 0x0, 0x0, 0x7e, 0x10, 0x0, 0x10, 0xd8,
    0x0, 0x2, 0xf4, 0x0, 0x0, 0x0, 0xd8, 0x0,
    0xc, 0xa0, 0x0, 0x0, 0x0, 0xd8, 0x0, 0x7e,
    0x10, 0x0, 0x0, 0x0, 0xd8, 0x2, 0xf4, 0x4,
    0xaa, 0x20, 0x0, 0x64, 0xc, 0xa0, 0x3f, 0xac,
    0xe0, 0x0, 0x0, 0x7e, 0x10, 0x8d, 0x1, 0xf5,
    0x0, 0x2, 0xf4, 0x0, 0x7e, 0x15, 0xf6, 0x0,
    0xc, 0xa0, 0x0, 0x1c, 0xfa, 0xf4, 0x0, 0x7e,
    0x10, 0x0, 0x39, 0x47, 0xe0, 0x2, 0xf4, 0x0,
    0x0, 0xa, 0xfd, 0x40,

    /* U+2152 "⅒" */
    0xb, 0xf8, 0x0, 0x0, 0xc, 0xa0, 0x0, 0x0,
    0x0, 0x69, 0xd8, 0x0, 0x0, 0x7e, 0x10, 0x0,
    0x0, 0x0, 0x10, 0xd8, 0x0, 0x2, 0xf4, 0x0,
    0x0, 0x0, 0x0, 0x0, 0xd8, 0x0, 0xc, 0xa0,
    0x0, 0x0, 0x0, 0x0, 0x0, 0xd8, 0x0, 0x7e,
    0x10, 0x0, 0x0, 0x0, 0x0, 0x0, 0xd8, 0x2,
    0xf4, 0x7, 0xa3, 0x1, 0x89, 0x40, 0x0, 0x64,
    0xc, 0xa0, 0x7d, 0xf5, 0xc, 0xda, 0xf3, 0x0,
    0x0, 0x7e, 0x10, 0x40, 0xf5, 0x2f, 0x40, 0xd9,
    0x0, 0x2, 0xf4, 0x0, 0x0, 0xf5, 0x4f, 0x10,
    0xbb, 0x0, 0xc, 0xa0, 0x0, 0x0, 0xf5, 0x3f,
    0x20, 0xba, 0x0, 0x7e, 0x10, 0x0, 0x0, 0xf5,
    0xe, 0x83, 0xf6, 0x2, 0xf4, 0x0, 0x0, 0x0,
    0xf5, 0x4, 0xde, 0x90,

    /* U+2153 "⅓" */
    0xb, 0xf8, 0x0, 0x0, 0xc, 0xa0, 0x0, 0x69,
    0xd8, 0x0, 0x0, 0x7e, 0x10, 0x0, 0x10, 0xd8,
    0x0, 0x2, 0xf4, 0x0, 0x0, 0x0, 0xd8, 0x0,
    0xc, 0xa0, 0x0, 0x0, 0x0, 0xd8, 0x0, 0x7e,
    0x10, 0x0, 0x0, 0x0, 0xd8, 0x2, 0xf4, 0x3,
    0x9a, 0x30, 0x0, 0x64, 0xc, 0xa0, 0x2f, 0xab,
    0xf0, 0x0, 0x0, 0x7e, 0x10, 0x0, 0x5, 0xf1,
    0x0, 0x2, 0xf4, 0x0, 0x0, 0xbf, 0x80, 0x0,
    0xc, 0xa0, 0x0, 0x0, 0x15, 0xf4, 0x0, 0x7e,
    0x10, 0x0, 0x28, 0x34, 0xf5, 0x2, 0xf4, 0x0,
    0x0, 0xa, 0xfe, 0x90,

    /* U+2154 "⅔" */
    0x8, 0xfe, 0x60, 0x0, 0x0, 0x3f, 0x30, 0x2,
    0xd4, 0x7f, 0x0, 0x0, 0xd, 0x80, 0x0, 0x0,
    0x8, 0xd0, 0x0, 0x9, 0xd0, 0x0, 0x0, 0x6,
    0xe2, 0x0, 0x3, 0xf3, 0x0, 0x0, 0x7, 0xf3,
    0x0, 0x0, 0xd8, 0x0, 0x0, 0x2, 0xff, 0xff,
    0x30, 0x9d, 0x1, 0xbf, 0xc1, 0x3, 0x33, 0x30,
    0x3f, 0x30, 0x8a, 0x4d, 0x90, 0x0, 0x0, 0xd,
    0x80, 0x0, 0x0, 0xc9, 0x0, 0x0, 0x9, 0xd0,
    0x0, 0x3, 0xfe, 0x20, 0x0, 0x3, 0xf3, 0x0,
    0x0, 0x2, 0xbd, 0x0, 0x0, 0xd8, 0x0, 0x0,
    0x67, 0x2a, 0xe0, 0x0, 0x9d, 0x0, 0x0, 0x4,
    0xdf, 0xd3,

    /* U+2155 "⅕" */
    0xb, 0xf8, 0x0, 0x0, 0xc, 0xa0, 0x0, 0x69,
    0xd8, 0x0, 0x0, 0x7e, 0x10, 0x0, 0x10, 0xd8,
    0x0, 0x2, 0xf4, 0x0, 0x0, 0x0, 0xd8, 0x0,
    0xc, 0xa0, 0x0, 0x0, 0x0, 0xd8, 0x0, 0x7e,
    0x10, 0x0, 0x0, 0x0, 0xd8, 0x2, 0xf4, 0x6,
    0xaa, 0xa1, 0x0, 0x64, 0xc, 0xa0, 0xb, 0xb8,
    0x80, 0x0, 0x0, 0x7e, 0x10, 0xd, 0x60, 0x0,
    0x0, 0x2, 0xf4, 0x0, 0xe, 0xce, 0x90, 0x0,
    0xc, 0xa0, 0x0, 0x0, 0x24, 0xf5, 0x0, 0x7e,
    0x10, 0x0, 0xa, 0x43, 0xf5, 0x2, 0xf4, 0x0,
    0x0, 0x7, 0xee, 0x90,

    /* U+2156 "⅖" */
    0x8, 0xfe, 0x60, 0x0, 0x0, 0x3f, 0x30, 0x2,
    0xd4, 0x7f, 0x0, 0x0, 0xd, 0x80, 0x0, 0x0,
    0x8, 0xd0, 0x0, 0x9, 0xd0, 0x0, 0x0, 0x6,
    0xe2, 0x0, 0x3, 0xf3, 0x0, 0x0, 0x7, 0xf3,
    0x0, 0x0, 0xd8, 0x0, 0x0, 0x2, 0xff, 0xff,
    0x30, 0x9d, 0x1, 0xff, 0xfa, 0x3, 0x33, 0x30,
    0x3f, 0x30, 0x3f, 0x33, 0x10, 0x0, 0x0, 0xd,
    0x80, 0x4, 0xe0, 0x0, 0x0, 0x0, 0x9, 0xd0,
    0x0, 0x6e, 0xcd, 0x40, 0x0, 0x3, 0xf3, 0x0,
    0x0, 0x22, 0xae, 0x0, 0x0, 0xd8, 0x0, 0x0,
    0x59, 0x19, 0xd0, 0x0, 0x9d, 0x0, 0x0, 0x1,
    0xbf, 0xd3,

    /* U+2157 "⅗" */
    0x5, 0xdf, 0x80, 0x0, 0x0, 0x8d, 0x0, 0x0,
    0xc6, 0x5f, 0x30, 0x0, 0x3f, 0x30, 0x0, 0x0,
    0x4, 0xf2, 0x0, 0xd, 0x80, 0x0, 0x0, 0xa,
    0xfa, 0x0, 0x8, 0xd0, 0x0, 0x0, 0x0, 0x3,
    0xf6, 0x3, 0xf3, 0x0, 0x0, 0x1, 0x73, 0x2f,
    0x70, 0xd8, 0x0, 0x0, 0x0, 0xb, 0xff, 0xc1,
    0x8d, 0x0, 0x6f, 0xff, 0x50, 0x1, 0x10, 0x3f,
    0x30, 0x9, 0xb2, 0x20, 0x0, 0x0, 0xd, 0x80,
    0x0, 0xad, 0xdb, 0x10, 0x0, 0x8, 0xd0, 0x0,
    0x0, 0x22, 0xd9, 0x0, 0x3, 0xf3, 0x0, 0x0,
    0x86, 0x1d, 0x90, 0x0, 0xd8, 0x0, 0x0, 0x4,
    0xdf, 0xb1,

    /* U+2158 "⅘" */
    0x0, 0x1f, 0xe0, 0x0, 0x0, 0x2f, 0x40, 0x0,
    0x0, 0x8f, 0xe0, 0x0, 0x0, 0xc9, 0x0, 0x0,
    0x1, 0xf9, 0xe0, 0x0, 0x7, 0xe0, 0x0, 0x0,
    0x8, 0xc5, 0xe0, 0x0, 0x2f, 0x40, 0x0, 0x0,
    0x1f, 0x45, 0xe0, 0x0, 0xc9, 0x0, 0x0, 0x0,
    0x5f, 0xff, 0xfa, 0x7, 0xe0, 0xf, 0xff, 0xb0,
    0x2, 0x22, 0x21, 0x2f, 0x40, 0x1f, 0x42, 0x20,
    0x0, 0x0, 0x0, 0xc9, 0x0, 0x3f, 0x0, 0x0,
    0x0, 0x0, 0x7, 0xe0, 0x0, 0x4f, 0xcd, 0x50,
    0x0, 0x0, 0x2f, 0x40, 0x0, 0x1, 0x29, 0xf0,
    0x0, 0x0, 0xc9, 0x0, 0x0, 0x49, 0x18, 0xf0,
    0x0, 0x7, 0xe0, 0x0, 0x0, 0x1b, 0xfd, 0x40,

    /* U+2159 "⅙" */
    0xb, 0xf8, 0x0, 0x0, 0xc, 0xa0, 0x0, 0x69,
    0xd8, 0x0, 0x0, 0x7e, 0x10, 0x0, 0x10, 0xd8,
    0x0, 0x2, 0xf4, 0x0, 0x0, 0x0, 0xd8, 0x0,
    0xc, 0xa0, 0x0, 0x0, 0x0, 0xd8, 0x0, 0x7e,
    0x10, 0x0, 0x0, 0x0, 0xd8, 0x2, 0xf4, 0x2,
    0x9a, 0x20, 0x0, 0x64, 0xc, 0xa0, 0x1e, 0xcb,
    0xe1, 0x0, 0x0, 0x7e, 0x10, 0x6f, 0x0, 0x72,
    0x0, 0x2, 0xf4, 0x0, 0x8d, 0x9d, 0x90, 0x0,
    0xc, 0xa0, 0x0, 0x8f, 0x44, 0xf4, 0x0, 0x7e,
    0x10, 0x0, 0x4f, 0x23, 0xf4, 0x2, 0xf4, 0x0,
    0x0, 0x8, 0xee, 0x80,

    /* U+215A "⅚" */
    0xa, 0xff, 0xf2, 0x0, 0x0, 0x6e, 0x10, 0x0,
    0xc8, 0x22, 0x0, 0x0, 0x2f, 0x50, 0x0, 0xe,
    0xcd, 0x80, 0x0, 0xb, 0xa0, 0x0, 0x0, 0x2,
    0x5f, 0x30, 0x6, 0xe1, 0x0, 0x0, 0x0, 0x0,
    0xe6, 0x2, 0xf5, 0x0, 0x0, 0x0, 0x93, 0x2f,
    0x40, 0xba, 0x0, 0x0, 0x0, 0x9, 0xff, 0x90,
    0x6e, 0x10, 0x2c, 0xeb, 0x10, 0x1, 0x10, 0x2f,
    0x50, 0xd, 0xa3, 0xa6, 0x0, 0x0, 0xb, 0xa0,
    0x2, 0xf8, 0xdb, 0x20, 0x0, 0x6, 0xe1, 0x0,
    0x2f, 0x92, 0xca, 0x0, 0x2, 0xf5, 0x0, 0x0,
    0xf8, 0x1c, 0xa0, 0x0, 0xba, 0x0, 0x0, 0x4,
    0xdf, 0xb1,

    /* U+215B "⅛" */
    0xb, 0xf8, 0x0, 0x0, 0xc, 0xa0, 0x0, 0x69,
    0xd8, 0x0, 0x0, 0x7e, 0x10, 0x0, 0x10, 0xd8,
    0x0, 0x2, 0xf4, 0x0, 0x0, 0x0, 0xd8, 0x0,
    0xc, 0xa0, 0x0, 0x0, 0x0, 0xd8, 0x0, 0x7e,
    0x10, 0x0, 0x0, 0x0, 0xd8, 0x2, 0xf4, 0x4,
    0xa9, 0x20, 0x0, 0x64, 0xc, 0xa0, 0x3f, 0xac,
    0xe0, 0x0, 0x0, 0x7e, 0x10, 0x3f, 0x25, 0xf0,
    0x0, 0x2, 0xf4, 0x0, 0xb, 0xff, 0x80, 0x0,
    0xc, 0xa0, 0x0, 0x6f, 0x36, 0xf3, 0x0, 0x7e,
    0x10, 0x0, 0x7e, 0x14, 0xf4, 0x2, 0xf4, 0x0,
    0x0, 0xa, 0xfe, 0x80,

    /* U+215C "⅜" */
    0x5, 0xdf, 0x80, 0x0, 0x0, 0x8d, 0x0, 0x0,
    0xc6, 0x5f, 0x30, 0x0, 0x3f, 0x30, 0x0, 0x0,
    0x4, 0xf2, 0x0, 0xd, 0x80, 0x0, 0x0, 0xa,
    0xfa, 0x0, 0x8, 0xd0, 0x0, 0x0, 0x0, 0x3,
    0xf6, 0x3, 0xf3, 0x0, 0x0, 0x1, 0x73, 0x2f,
    0x70, 0xd8, 0x0, 0x0, 0x0, 0xb, 0xff, 0xc1,
    0x8d, 0x0, 0x8e, 0xfa, 0x0, 0x1, 0x10, 0x3f,
    0x30, 0xf, 0x84, 0xf4, 0x0, 0x0, 0xd, 0x80,
    0x0, 0x8f, 0xfc, 0x0, 0x0, 0x8, 0xd0, 0x0,
    0x2f, 0x63, 0xf6, 0x0, 0x3, 0xf3, 0x0, 0x3,
    0xf4, 0x1e, 0x80, 0x0, 0xd8, 0x0, 0x0, 0x8,
    0xef, 0xa1,

    /* U+215D "⅝" */
    0xa, 0xff, 0xf2, 0x0, 0x0, 0x6e, 0x10, 0x0,
    0xc8, 0x22, 0x0, 0x0, 0x2f, 0x50, 0x0, 0xe,
    0xcd, 0x80, 0x0, 0xb, 0xa0, 0x0, 0x0, 0x2,
    0x5f, 0x30, 0x6, 0xe1, 0x0, 0x0, 0x0, 0x0,
    0xe6, 0x2, 0xf5, 0x0, 0x0, 0x0, 0x93, 0x2f,
    0x40, 0xba, 0x0, 0x0, 0x0, 0x9, 0xff, 0x90,
    0x6e, 0x10, 0x6d, 0xeb, 0x10, 0x1, 0x10, 0x2f,
    0x50, 0xe, 0xa3, 0xf6, 0x0, 0x0, 0xb, 0xa0,
    0x0, 0x6f, 0xfd, 0x0, 0x0, 0x6, 0xe1, 0x0,
    0x1f, 0x82, 0xe8, 0x0, 0x2, 0xf5, 0x0, 0x1,
    0xf6, 0x1c, 0xa0, 0x0, 0xba, 0x0, 0x0, 0x6,
    0xef, 0xb2,

    /* U+215E "⅞" */
    0x7f, 0xff, 0xf0, 0x0, 0x6e, 0x10, 0x1, 0x22,
    0xbd, 0x0, 0x1f, 0x50, 0x0, 0x0, 0x2f, 0x50,
    0xb, 0xb0, 0x0, 0x0, 0xa, 0xc0, 0x6, 0xe1,
    0x0, 0x0, 0x2, 0xf4, 0x1, 0xf5, 0x0, 0x0,
    0x0, 0xab, 0x0, 0xbb, 0x4, 0xdf, 0xa0, 0x3,
    0x10, 0x6e, 0x10, 0xdb, 0x5f, 0x60, 0x0, 0x1f,
    0x50, 0xd, 0x90, 0xe6, 0x0, 0xb, 0xb0, 0x0,
    0x5f, 0xfd, 0x0, 0x6, 0xe1, 0x0, 0xe, 0x82,
    0xd9, 0x1, 0xf5, 0x0, 0x1, 0xf6, 0x1c, 0xb0,
    0xbb, 0x0, 0x0, 0x6, 0xef, 0xc2,

    /* U+215F "⅟" */
    0xb, 0xf8, 0x0, 0x0, 0xc, 0xa6, 0x9d, 0x80,
    0x0, 0x7, 0xe1, 0x10, 0xd8, 0x0, 0x2, 0xf4,
    0x0, 0xd, 0x80, 0x0, 0xca, 0x0, 0x0, 0xd8,
    0x0, 0x7e, 0x10, 0x0, 0xd, 0x80, 0x2f, 0x40,
    0x0, 0x0, 0x64, 0xc, 0xa0, 0x0, 0x0, 0x0,
    0x7, 0xe1, 0x0, 0x0, 0x0, 0x2, 0xf4, 0x0,
    0x0, 0x0, 0x0, 0xca, 0x0, 0x0, 0x0, 0x0,
    0x7e, 0x10, 0x0, 0x0, 0x0, 0x2f, 0x40, 0x0,
    0x0, 0x0,

    /* U+2160 "Ⅰ" */
    0xbf, 0x1b, 0xf1, 0xbf, 0x1b, 0xf1, 0xbf, 0x1b,
    0xf1, 0xbf, 0x1b, 0xf1, 0xbf, 0x1b, 0xf1, 0xbf,
    0x1b, 0xf1,

    /* U+2161 "Ⅱ" */
    0xbf, 0x10, 0x5f, 0x7b, 0xf1, 0x5, 0xf7, 0xbf,
    0x10, 0x5f, 0x7b, 0xf1, 0x5, 0xf7, 0xbf, 0x10,
    0x5f, 0x7b, 0xf1, 0x5, 0xf7, 0xbf, 0x10, 0x5f,
    0x7b, 0xf1, 0x5, 0xf7, 0xbf, 0x10, 0x5f, 0x7b,
    0xf1, 0x5, 0xf7, 0xbf, 0x10, 0x5f, 0x7b, 0xf1,
    0x5, 0xf7,

    /* U+2162 "Ⅲ" */
    0xbf, 0x10, 0x5f, 0x70, 0xf, 0xcb, 0xf1, 0x5,
    0xf7, 0x0, 0xfc, 0xbf, 0x10, 0x5f, 0x70, 0xf,
    0xcb, 0xf1, 0x5, 0xf7, 0x0, 0xfc, 0xbf, 0x10,
    0x5f, 0x70, 0xf, 0xcb, 0xf1, 0x5, 0xf7, 0x0,
    0xfc, 0xbf, 0x10, 0x5f, 0x70, 0xf, 0xcb, 0xf1,
    0x5, 0xf7, 0x0, 0xfc, 0xbf, 0x10, 0x5f, 0x70,
    0xf, 0xcb, 0xf1, 0x5, 0xf7, 0x0, 0xfc, 0xbf,
    0x10, 0x5f, 0x70, 0xf, 0xcb, 0xf1, 0x5, 0xf7,
    0x0, 0xfc,

    /* U+2163 "Ⅳ" */
    0xbf, 0x11, 0xfd, 0x0, 0x0, 0x0, 0xcf, 0x2b,
    0xf1, 0xb, 0xf3, 0x0, 0x0, 0x1f, 0xc0, 0xbf,
    0x10, 0x5f, 0x80, 0x0, 0x7, 0xf7, 0xb, 0xf1,
    0x0, 0xfd, 0x0, 0x0, 0xcf, 0x10, 0xbf, 0x10,
    0xa, 0xf3, 0x0, 0x1f, 0xc0, 0xb, 0xf1, 0x0,
    0x4f, 0x80, 0x7, 0xf6, 0x0, 0xbf, 0x10, 0x0,
    0xee, 0x0, 0xcf, 0x10, 0xb, 0xf1, 0x0, 0x9,
    0xf3, 0x1f, 0xb0, 0x0, 0xbf, 0x10, 0x0, 0x4f,
    0x85, 0xf5, 0x0, 0xb, 0xf1, 0x0, 0x0, 0xec,
    0xaf, 0x0, 0x0, 0xbf, 0x10, 0x0, 0x8, 0xfe,
    0xa0, 0x0, 0xb, 0xf1, 0x0, 0x0, 0x3f, 0xf5,
    0x0, 0x0,

    /* U+2164 "Ⅴ" */
    0x6f, 0x70, 0x0, 0x0, 0x2f, 0xc1, 0xfd, 0x0,
    0x0, 0x7, 0xf6, 0xb, 0xf2, 0x0, 0x0, 0xcf,
    0x10, 0x5f, 0x80, 0x0, 0x2f, 0xb0, 0x0, 0xfd,
    0x0, 0x7, 0xf6, 0x0, 0xa, 0xf3, 0x0, 0xcf,
    0x10, 0x0, 0x5f, 0x80, 0x2f, 0xb0, 0x0, 0x0,
    0xfd, 0x6, 0xf5, 0x0, 0x0, 0x9, 0xf2, 0xbf,
    0x0, 0x0, 0x0, 0x4f, 0x7f, 0xa0, 0x0, 0x0,
    0x0, 0xee, 0xf5, 0x0, 0x0, 0x0, 0x9, 0xff,
    0x0, 0x0,

    /* U+2165 "Ⅵ" */
    0x6f, 0x70, 0x0, 0x0, 0x2f, 0xc0, 0x5f, 0x61,
    0xfd, 0x0, 0x0, 0x7, 0xf6, 0x5, 0xf6, 0xb,
    0xf2, 0x0, 0x0, 0xcf, 0x10, 0x5f, 0x60, 0x5f,
    0x80, 0x0, 0x2f, 0xb0, 0x5, 0xf6, 0x0, 0xfd,
    0x0, 0x7, 0xf6, 0x0, 0x5f, 0x60, 0xa, 0xf3,
    0x0, 0xcf, 0x10, 0x5, 0xf6, 0x0, 0x5f, 0x80,
    0x2f, 0xb0, 0x0, 0x5f, 0x60, 0x0, 0xfd, 0x6,
    0xf5, 0x0, 0x5, 0xf6, 0x0, 0x9, 0xf2, 0xbf,
    0x0, 0x0, 0x5f, 0x60, 0x0, 0x4f, 0x7f, 0xa0,
    0x0, 0x5, 0xf6, 0x0, 0x0, 0xee, 0xf5, 0x0,
    0x0, 0x5f, 0x60, 0x0, 0x9, 0xff, 0x0, 0x0,
    0x5, 0xf6,

    /* U+2166 "Ⅶ" */
    0x6f, 0x70, 0x0, 0x0, 0x2f, 0xc0, 0x5f, 0x60,
    0xf, 0xc1, 0xfd, 0x0, 0x0, 0x7, 0xf6, 0x5,
    0xf6, 0x0, 0xfc, 0xb, 0xf2, 0x0, 0x0, 0xcf,
    0x10, 0x5f, 0x60, 0xf, 0xc0, 0x5f, 0x80, 0x0,
    0x2f, 0xb0, 0x5, 0xf6, 0x0, 0xfc, 0x0, 0xfd,
    0x0, 0x7, 0xf6, 0x0, 0x5f, 0x60, 0xf, 0xc0,
    0xa, 0xf3, 0x0, 0xcf, 0x10, 0x5, 0xf6, 0x0,
    0xfc, 0x0, 0x5f, 0x80, 0x2f, 0xb0, 0x0, 0x5f,
    0x60, 0xf, 0xc0, 0x0, 0xfd, 0x6, 0xf5, 0x0,
    0x5, 0xf6, 0x0, 0xfc, 0x0, 0x9, 0xf2, 0xbf,
    0x0, 0x0, 0x5f, 0x60, 0xf, 0xc0, 0x0, 0x4f,
    0x7f, 0xa0, 0x0, 0x5, 0xf6, 0x0, 0xfc, 0x0,
    0x0, 0xee, 0xf5, 0x0, 0x0, 0x5f, 0x60, 0xf,
    0xc0, 0x0, 0x9, 0xff, 0x0, 0x0, 0x5, 0xf6,
    0x0, 0xfc,

    /* U+2167 "Ⅷ" */
    0x6f, 0x70, 0x0, 0x0, 0x2f, 0xc0, 0x5f, 0x60,
    0xf, 0xc0, 0xa, 0xf2, 0x1f, 0xd0, 0x0, 0x0,
    0x7f, 0x60, 0x5f, 0x60, 0xf, 0xc0, 0xa, 0xf2,
    0xb, 0xf2, 0x0, 0x0, 0xcf, 0x10, 0x5f, 0x60,
    0xf, 0xc0, 0xa, 0xf2, 0x5, 0xf8, 0x0, 0x2,
    0xfb, 0x0, 0x5f, 0x60, 0xf, 0xc0, 0xa, 0xf2,
    0x0, 0xfd, 0x0, 0x7, 0xf6, 0x0, 0x5f, 0x60,
    0xf, 0xc0, 0xa, 0xf2, 0x0, 0xaf, 0x30, 0xc,
    0xf1, 0x0, 0x5f, 0x60, 0xf, 0xc0, 0xa, 0xf2,
    0x0, 0x5f, 0x80, 0x2f, 0xb0, 0x0, 0x5f, 0x60,
    0xf, 0xc0, 0xa, 0xf2, 0x0, 0xf, 0xd0, 0x6f,
    0x50, 0x0, 0x5f, 0x60, 0xf, 0xc0, 0xa, 0xf2,
    0x0, 0x9, 0xf2, 0xbf, 0x0, 0x0, 0x5f, 0x60,
    0xf, 0xc0, 0xa, 0xf2, 0x0, 0x4, 0xf7, 0xfa,
    0x0, 0x0, 0x5f, 0x60, 0xf, 0xc0, 0xa, 0xf2,
    0x0, 0x0, 0xee, 0xf5, 0x0, 0x0, 0x5f, 0x60,
    0xf, 0xc0, 0xa, 0xf2, 0x0, 0x0, 0x9f, 0xf0,
    0x0, 0x0, 0x5f, 0x60, 0xf, 0xc0, 0xa, 0xf2,

    /* U+2168 "Ⅸ" */
    0xbf, 0x10, 0x9f, 0x70, 0x0, 0x7, 0xf8, 0xb,
    0xf1, 0x0, 0xdf, 0x20, 0x2, 0xfd, 0x0, 0xbf,
    0x10, 0x4, 0xfc, 0x0, 0xcf, 0x30, 0xb, 0xf1,
    0x0, 0x9, 0xf6, 0x6f, 0x80, 0x0, 0xbf, 0x10,
    0x0, 0xe, 0xee, 0xd0, 0x0, 0xb, 0xf1, 0x0,
    0x0, 0x4f, 0xf3, 0x0, 0x0, 0xbf, 0x10, 0x0,
    0x7, 0xff, 0x70, 0x0, 0xb, 0xf1, 0x0, 0x2,
    0xfc, 0xdf, 0x20, 0x0, 0xbf, 0x10, 0x0, 0xcf,
    0x23, 0xfc, 0x0, 0xb, 0xf1, 0x0, 0x8f, 0x80,
    0x9, 0xf7, 0x0, 0xbf, 0x10, 0x3f, 0xd0, 0x0,
    0xe, 0xf2, 0xb, 0xf1, 0xd, 0xf3, 0x0, 0x0,
    0x4f, 0xc0,

    /* U+2169 "Ⅹ" */
    0xe, 0xf2, 0x0, 0x0, 0xcf, 0x30, 0x4f, 0xc0,
    0x0, 0x7f, 0x80, 0x0, 0x9f, 0x60, 0x2f, 0xd0,
    0x0, 0x0, 0xef, 0x1c, 0xf3, 0x0, 0x0, 0x4,
    0xfc, 0xf8, 0x0, 0x0, 0x0, 0xa, 0xfd, 0x0,
    0x0, 0x0, 0x0, 0xcf, 0xf2, 0x0, 0x0, 0x0,
    0x8f, 0x9f, 0xc0, 0x0, 0x0, 0x3f, 0xc0, 0x9f,
    0x70, 0x0, 0xd, 0xf2, 0x0, 0xef, 0x20, 0x8,
    0xf7, 0x0, 0x4, 0xfc, 0x3, 0xfc, 0x0, 0x0,
    0xa, 0xf7,

    /* U+216A "Ⅺ" */
    0xe, 0xf2, 0x0, 0x0, 0xcf, 0x30, 0x8f, 0x40,
    0x4f, 0xc0, 0x0, 0x7f, 0x80, 0x8, 0xf4, 0x0,
    0x9f, 0x60, 0x2f, 0xd0, 0x0, 0x8f, 0x40, 0x0,
    0xef, 0x1c, 0xf3, 0x0, 0x8, 0xf4, 0x0, 0x4,
    0xfc, 0xf8, 0x0, 0x0, 0x8f, 0x40, 0x0, 0xa,
    0xfd, 0x0, 0x0, 0x8, 0xf4, 0x0, 0x0, 0xcf,
    0xf2, 0x0, 0x0, 0x8f, 0x40, 0x0, 0x8f, 0x9f,
    0xc0, 0x0, 0x8, 0xf4, 0x0, 0x3f, 0xc0, 0x9f,
    0x70, 0x0, 0x8f, 0x40, 0xd, 0xf2, 0x0, 0xef,
    0x20, 0x8, 0xf4, 0x8, 0xf7, 0x0, 0x4, 0xfc,
    0x0, 0x8f, 0x43, 0xfc, 0x0, 0x0, 0xa, 0xf7,
    0x8, 0xf4,

    /* U+216B "Ⅻ" */
    0xe, 0xf2, 0x0, 0x0, 0xcf, 0x30, 0x8f, 0x40,
    0x2f, 0xa0, 0x4f, 0xc0, 0x0, 0x7f, 0x80, 0x8,
    0xf4, 0x2, 0xfa, 0x0, 0x9f, 0x60, 0x2f, 0xd0,
    0x0, 0x8f, 0x40, 0x2f, 0xa0, 0x0, 0xef, 0x1c,
    0xf3, 0x0, 0x8, 0xf4, 0x2, 0xfa, 0x0, 0x4,
    0xfc, 0xf8, 0x0, 0x0, 0x8f, 0x40, 0x2f, 0xa0,
    0x0, 0xa, 0xfd, 0x0, 0x0, 0x8, 0xf4, 0x2,
    0xfa, 0x0, 0x0, 0xcf, 0xf2, 0x0, 0x0, 0x8f,
    0x40, 0x2f, 0xa0, 0x0, 0x8f, 0x9f, 0xc0, 0x0,
    0x8, 0xf4, 0x2, 0xfa, 0x0, 0x3f, 0xc0, 0x9f,
    0x70, 0x0, 0x8f, 0x40, 0x2f, 0xa0, 0xd, 0xf2,
    0x0, 0xef, 0x20, 0x8, 0xf4, 0x2, 0xfa, 0x8,
    0xf7, 0x0, 0x4, 0xfc, 0x0, 0x8f, 0x40, 0x2f,
    0xa3, 0xfc, 0x0, 0x0, 0xa, 0xf7, 0x8, 0xf4,
    0x2, 0xfa,

    /* U+216C "Ⅼ" */
    0xbf, 0x10, 0x0, 0x0, 0xbf, 0x10, 0x0, 0x0,
    0xbf, 0x10, 0x0, 0x0, 0xbf, 0x10, 0x0, 0x0,
    0xbf, 0x10, 0x0, 0x0, 0xbf, 0x10, 0x0, 0x0,
    0xbf, 0x10, 0x0, 0x0, 0xbf, 0x10, 0x0, 0x0,
    0xbf, 0x10, 0x0, 0x0, 0xbf, 0x10, 0x0, 0x0,
    0xbf, 0x99, 0x99, 0x93, 0xbf, 0xff, 0xff, 0xf5,

    /* U+216D "Ⅽ" */
    0x0, 0x4, 0xbe, 0xfc, 0x60, 0x0, 0x7, 0xff,
    0xbb, 0xef, 0xb0, 0x3, 0xfd, 0x20, 0x0, 0xaf,
    0x70, 0xaf, 0x30, 0x0, 0x0, 0xeb, 0xf, 0xd0,
    0x0, 0x0, 0x0, 0x1, 0xfb, 0x0, 0x0, 0x0,
    0x0, 0x1f, 0xb0, 0x0, 0x0, 0x0, 0x0, 0xfd,
    0x0, 0x0, 0x0, 0x0, 0xa, 0xf3, 0x0, 0x0,
    0x1e, 0xc0, 0x3f, 0xd1, 0x0, 0xa, 0xf6, 0x0,
    0x7f, 0xfb, 0xbe, 0xfb, 0x0, 0x0, 0x4b, 0xef,
    0xc6, 0x0,

    /* U+216E "Ⅾ" */
    0xbf, 0xff, 0xfd, 0x81, 0x0, 0xbf, 0xa9, 0xad,
    0xfe, 0x20, 0xbf, 0x10, 0x0, 0x5f, 0xc0, 0xbf,
    0x10, 0x0, 0xa, 0xf4, 0xbf, 0x10, 0x0, 0x4,
    0xf8, 0xbf, 0x10, 0x0, 0x2, 0xfa, 0xbf, 0x10,
    0x0, 0x2, 0xf9, 0xbf, 0x10, 0x0, 0x4, 0xf8,
    0xbf, 0x10, 0x0, 0xa, 0xf3, 0xbf, 0x10, 0x0,
    0x5f, 0xc0, 0xbf, 0xa9, 0xad, 0xfe, 0x20, 0xbf,
    0xff, 0xfd, 0x81, 0x0,

    /* U+216F "Ⅿ" */
    0xbf, 0xf1, 0x0, 0x0, 0x7, 0xff, 0x5b, 0xff,
    0x70, 0x0, 0x0, 0xdf, 0xf5, 0xbf, 0xdd, 0x0,
    0x0, 0x3f, 0xcf, 0x5b, 0xf8, 0xf3, 0x0, 0x9,
    0xf8, 0xf5, 0xbf, 0x3f, 0x90, 0x0, 0xec, 0x7f,
    0x5b, 0xf0, 0xee, 0x0, 0x4f, 0x77, 0xf5, 0xbf,
    0x8, 0xf4, 0xa, 0xf1, 0x7f, 0x5b, 0xf0, 0x2f,
    0xa0, 0xfb, 0x7, 0xf5, 0xbf, 0x0, 0xce, 0x4f,
    0x50, 0x7f, 0x5b, 0xf0, 0x6, 0xfc, 0xf0, 0x7,
    0xf5, 0xbf, 0x0, 0xf, 0xf9, 0x0, 0x7f, 0x5b,
    0xf0, 0x0, 0xaf, 0x30, 0x7, 0xf5,

    /* U+2170 "ⅰ" */
    0xd, 0xc0, 0xe, 0xd0, 0x0, 0x0, 0xe, 0xc0,
    0xe, 0xc0, 0xe, 0xc0, 0xe, 0xc0, 0xe, 0xc0,
    0xe, 0xc0, 0xe, 0xc0, 0xe, 0xc0, 0xe, 0xc0,

    /* U+2171 "ⅱ" */
    0xc, 0xd0, 0xc, 0xd0, 0xd, 0xe0, 0xd, 0xe0,
    0x0, 0x0, 0x0, 0x0, 0xd, 0xe0, 0xd, 0xe0,
    0xd, 0xe0, 0xd, 0xe0, 0xd, 0xe0, 0xd, 0xe0,
    0xd, 0xe0, 0xd, 0xe0, 0xd, 0xe0, 0xd, 0xe0,
    0xd, 0xe0, 0xd, 0xe0, 0xd, 0xe0, 0xd, 0xe0,
    0xd, 0xe0, 0xd, 0xe0, 0xd, 0xe0, 0xd, 0xe0,

    /* U+2172 "ⅲ" */
    0xc, 0xd0, 0xc, 0xd0, 0xb, 0xd0, 0xd, 0xe0,
    0xd, 0xe0, 0xc, 0xe1, 0x0, 0x0, 0x0, 0x0,
    0x0, 0x0, 0xd, 0xe0, 0xd, 0xe0, 0xc, 0xf0,
    0xd, 0xe0, 0xd, 0xe0, 0xc, 0xf0, 0xd, 0xe0,
    0xd, 0xe0, 0xc, 0xf0, 0xd, 0xe0, 0xd, 0xe0,
    0xc, 0xf0, 0xd, 0xe0, 0xd, 0xe0, 0xc, 0xf0,
    0xd, 0xe0, 0xd, 0xe0, 0xc, 0xf0, 0xd, 0xe0,
    0xd, 0xe0, 0xc, 0xf0, 0xd, 0xe0, 0xd, 0xe0,
    0xc, 0xf0, 0xd, 0xe0, 0xd, 0xe0, 0xc, 0xf0,

    /* U+2173 "ⅳ" */
    0xc, 0xd0, 0x0, 0x0, 0x0, 0x0, 0x0, 0xde,
    0x0, 0x0, 0x0, 0x0, 0x0, 0x0, 0x0, 0x0,
    0x0, 0x0, 0x0, 0x0, 0xde, 0x6, 0xf6, 0x0,
    0x2, 0xfa, 0xd, 0xe0, 0x1f, 0xc0, 0x0, 0x7f,
    0x40, 0xde, 0x0, 0xbf, 0x10, 0xd, 0xe0, 0xd,
    0xe0, 0x5, 0xf6, 0x2, 0xf9, 0x0, 0xde, 0x0,
    0xe, 0xc0, 0x8f, 0x30, 0xd, 0xe0, 0x0, 0x9f,
    0x1d, 0xd0, 0x0, 0xde, 0x0, 0x3, 0xf7, 0xf7,
    0x0, 0xd, 0xe0, 0x0, 0xd, 0xff, 0x10, 0x0,
    0xde, 0x0, 0x0, 0x7f, 0xb0, 0x0,

    /* U+2174 "ⅴ" */
    0x8f, 0x50, 0x0, 0x4f, 0x92, 0xfa, 0x0, 0x9,
    0xf3, 0xc, 0xf0, 0x0, 0xed, 0x0, 0x6f, 0x50,
    0x4f, 0x70, 0x1, 0xfa, 0x9, 0xf1, 0x0, 0xb,
    0xf0, 0xec, 0x0, 0x0, 0x5f, 0x7f, 0x60, 0x0,
    0x0, 0xef, 0xf0, 0x0, 0x0, 0x9, 0xfa, 0x0,
    0x0,

    /* U+2175 "ⅵ" */
    0x0, 0x0, 0x0, 0x0, 0xa, 0xe1, 0x0, 0x0,
    0x0, 0x0, 0xb, 0xe1, 0x0, 0x0, 0x0, 0x0,
    0x0, 0x0, 0x8f, 0x40, 0x0, 0x4f, 0x9b, 0xf0,
    0x2f, 0xa0, 0x0, 0x9f, 0x3b, 0xf0, 0xc, 0xf0,
    0x0, 0xed, 0xb, 0xf0, 0x7, 0xf5, 0x4, 0xf7,
    0xb, 0xf0, 0x1, 0xfa, 0x9, 0xf1, 0xb, 0xf0,
    0x0, 0xbf, 0xe, 0xb0, 0xb, 0xf0, 0x0, 0x5f,
    0x7f, 0x50, 0xb, 0xf0, 0x0, 0xf, 0xff, 0x0,
    0xb, 0xf0, 0x0, 0x9, 0xfa, 0x0, 0xb, 0xf0,

    /* U+2176 "ⅶ" */
    0x0, 0x0, 0x0, 0x0, 0x0, 0x9e, 0x20, 0x9e,
    0x20, 0x0, 0x0, 0x0, 0x0, 0xa, 0xf2, 0xa,
    0xf2, 0x0, 0x0, 0x0, 0x0, 0x0, 0x0, 0x0,
    0x0, 0x7, 0xf6, 0x0, 0x3, 0xfa, 0xa, 0xf1,
    0x9, 0xf1, 0x1f, 0xb0, 0x0, 0x8f, 0x40, 0xaf,
    0x10, 0x9f, 0x10, 0xbf, 0x10, 0xd, 0xe0, 0xa,
    0xf1, 0x9, 0xf1, 0x5, 0xf6, 0x3, 0xf8, 0x0,
    0xaf, 0x10, 0x9f, 0x10, 0xf, 0xb0, 0x8f, 0x20,
    0xa, 0xf1, 0x9, 0xf1, 0x0, 0xaf, 0x1d, 0xd0,
    0x0, 0xaf, 0x10, 0x9f, 0x10, 0x4, 0xf7, 0xf7,
    0x0, 0xa, 0xf1, 0x9, 0xf1, 0x0, 0xe, 0xff,
    0x10, 0x0, 0xaf, 0x10, 0x9f, 0x10, 0x0, 0x8f,
    0xb0, 0x0, 0xa, 0xf1, 0x9, 0xf1,

    /* U+2177 "ⅷ" */
    0x0, 0x0, 0x0, 0x0, 0x0, 0x9e, 0x20, 0x9e,
    0x20, 0x8e, 0x20, 0x0, 0x0, 0x0, 0x0, 0xa,
    0xf2, 0xa, 0xf2, 0x9, 0xf3, 0x0, 0x0, 0x0,
    0x0, 0x0, 0x0, 0x0, 0x0, 0x0, 0x0, 0x7,
    0xf6, 0x0, 0x3, 0xfa, 0xa, 0xf1, 0x9, 0xf1,
    0x9, 0xf2, 0x1f, 0xb0, 0x0, 0x8f, 0x40, 0xaf,
    0x10, 0x9f, 0x10, 0x9f, 0x20, 0xbf, 0x10, 0xd,
    0xe0, 0xa, 0xf1, 0x9, 0xf1, 0x9, 0xf2, 0x5,
    0xf6, 0x3, 0xf8, 0x0, 0xaf, 0x10, 0x9f, 0x10,
    0x9f, 0x20, 0xf, 0xb0, 0x8f, 0x20, 0xa, 0xf1,
    0x9, 0xf1, 0x9, 0xf2, 0x0, 0xaf, 0x1d, 0xd0,
    0x0, 0xaf, 0x10, 0x9f, 0x10, 0x9f, 0x20, 0x4,
    0xf7, 0xf7, 0x0, 0xa, 0xf1, 0x9, 0xf1, 0x9,
    0xf2, 0x0, 0xe, 0xff, 0x10, 0x0, 0xaf, 0x10,
    0x9f, 0x10, 0x9f, 0x20, 0x0, 0x8f, 0xb0, 0x0,
    0xa, 0xf1, 0x9, 0xf1, 0x9, 0xf2,

    /* U+2178 "ⅸ" */
    0xc, 0xd0, 0x0, 0x0, 0x0, 0x0, 0x0, 0xde,
    0x0, 0x0, 0x0, 0x0, 0x0, 0x0, 0x0, 0x0,
    0x0, 0x0, 0x0, 0x0, 0xde, 0x1, 0xed, 0x0,
    0xd, 0xf1, 0xd, 0xe0, 0x6, 0xf7, 0x7, 0xf6,
    0x0, 0xde, 0x0, 0xb, 0xf2, 0xfc, 0x0, 0xd,
    0xe0, 0x0, 0x2f, 0xef, 0x20, 0x0, 0xde, 0x0,
    0x0, 0xbf, 0xb0, 0x0, 0xd, 0xe0, 0x0, 0x4f,
    0xcf, 0x30, 0x0, 0xde, 0x0, 0xd, 0xd1, 0xed,
    0x0, 0xd, 0xe0, 0x8, 0xf5, 0x5, 0xf8, 0x0,
    0xde, 0x3, 0xfb, 0x0, 0xb, 0xf3,

    /* U+2179 "ⅹ" */
    0x2f, 0xc0, 0x0, 0xee, 0x0, 0x7f, 0x60, 0x9f,
    0x40, 0x0, 0xde, 0x2f, 0xa0, 0x0, 0x3, 0xfe,
    0xe1, 0x0, 0x0, 0xc, 0xf9, 0x0, 0x0, 0x5,
    0xfc, 0xf2, 0x0, 0x1, 0xec, 0x1f, 0xc0, 0x0,
    0xaf, 0x30, 0x7f, 0x60, 0x4f, 0x90, 0x0, 0xdf,
    0x10,

    /* U+217A "ⅺ" */
    0x0, 0x0, 0x0, 0x0, 0x0, 0xdc, 0x0, 0x0,
    0x0, 0x0, 0x0, 0xe, 0xd0, 0x0, 0x0, 0x0,
    0x0, 0x0, 0x0, 0x1, 0xfd, 0x0, 0xd, 0xe1,
    0xe, 0xc0, 0x6, 0xf7, 0x7, 0xf6, 0x0, 0xec,
    0x0, 0xc, 0xf2, 0xfb, 0x0, 0xe, 0xc0, 0x0,
    0x2f, 0xef, 0x20, 0x0, 0xec, 0x0, 0x0, 0xbf,
    0xa0, 0x0, 0xe, 0xc0, 0x0, 0x4f, 0xcf, 0x30,
    0x0, 0xec, 0x0, 0xe, 0xd1, 0xed, 0x0, 0xe,
    0xc0, 0x9, 0xf4, 0x5, 0xf7, 0x0, 0xec, 0x3,
    0xfa, 0x0, 0xc, 0xf2, 0xe, 0xc0,

    /* U+217B "ⅻ" */
    0x0, 0x0, 0x0, 0x0, 0x0, 0xdc, 0x0, 0xdc,
    0x0, 0x0, 0x0, 0x0, 0x0, 0xe, 0xd0, 0xe,
    0xd0, 0x0, 0x0, 0x0, 0x0, 0x0, 0x0, 0x0,
    0x0, 0x1, 0xfd, 0x0, 0xd, 0xe1, 0xe, 0xc0,
    0xe, 0xd0, 0x6, 0xf7, 0x7, 0xf6, 0x0, 0xec,
    0x0, 0xed, 0x0, 0xc, 0xf2, 0xfb, 0x0, 0xe,
    0xc0, 0xe, 0xd0, 0x0, 0x2f, 0xef, 0x20, 0x0,
    0xec, 0x0, 0xed, 0x0, 0x0, 0xbf, 0xa0, 0x0,
    0xe, 0xc0, 0xe, 0xd0, 0x0, 0x4f, 0xcf, 0x30,
    0x0, 0xec, 0x0, 0xed, 0x0, 0xe, 0xd1, 0xed,
    0x0, 0xe, 0xc0, 0xe, 0xd0, 0x9, 0xf4, 0x5,
    0xf7, 0x0, 0xec, 0x0, 0xed, 0x3, 0xfa, 0x0,
    0xc, 0xf2, 0xe, 0xc0, 0xe, 0xd0,

    /* U+217C "ⅼ" */
    0xde, 0xde, 0xde, 0xde, 0xde, 0xde, 0xde, 0xde,
    0xde, 0xde, 0xde, 0xde,

    /* U+217D "ⅽ" */
    0x0, 0x4c, 0xfe, 0xa1, 0x0, 0x4f, 0xe8, 0x9f,
    0xd0, 0xd, 0xf1, 0x0, 0x6d, 0x32, 0xfa, 0x0,
    0x0, 0x0, 0x3f, 0x80, 0x0, 0x0, 0x2, 0xfa,
    0x0, 0x0, 0x0, 0xd, 0xe1, 0x0, 0x5e, 0x40,
    0x5f, 0xe8, 0x9f, 0xd0, 0x0, 0x4c, 0xfe, 0xa1,
    0x0,

    /* U+217E "ⅾ" */
    0x0, 0x0, 0x0, 0xf, 0xa0, 0x0, 0x0, 0x0,
    0xfa, 0x0, 0x0, 0x0, 0xf, 0xa0, 0x6, 0xdf,
    0xb2, 0xfa, 0x7, 0xfd, 0x8a, 0xdf, 0xa0, 0xfe,
    0x10, 0x8, 0xfa, 0x3f, 0x90, 0x0, 0x2f, 0xa4,
    0xf7, 0x0, 0x0, 0xfa, 0x3f, 0x90, 0x0, 0x2f,
    0xa0, 0xfe, 0x10, 0x9, 0xfa, 0x7, 0xfd, 0x8b,
    0xdf, 0xa0, 0x7, 0xdf, 0xc1, 0xfa,

    /* U+217F "ⅿ" */
    0xdc, 0x4d, 0xf9, 0x6, 0xdf, 0xb1, 0xd, 0xec,
    0x7a, 0xfb, 0xd7, 0xaf, 0xb0, 0xdf, 0x10, 0xd,
    0xf1, 0x0, 0xcf, 0xd, 0xe0, 0x0, 0xbf, 0x0,
    0xa, 0xf0, 0xde, 0x0, 0xb, 0xf0, 0x0, 0xaf,
    0x1d, 0xe0, 0x0, 0xbf, 0x0, 0xa, 0xf1, 0xde,
    0x0, 0xb, 0xf0, 0x0, 0xaf, 0x1d, 0xe0, 0x0,
    0xbf, 0x0, 0xa, 0xf1, 0xde, 0x0, 0xb, 0xf0,
    0x0, 0xaf, 0x10,

    /* U+2183 "Ↄ" */
    0x0, 0x3b, 0xef, 0xc6, 0x0, 0x4, 0xff, 0x98,
    0xdf, 0x90, 0xc, 0xf3, 0x0, 0xc, 0xf4, 0x1e,
    0xb0, 0x0, 0x4, 0xf9, 0x0, 0x0, 0x0, 0x1,
    0xfc, 0x0, 0x0, 0x0, 0x0, 0xfe, 0x0, 0x0,
    0x0, 0x0, 0xfe, 0x0, 0x0, 0x0, 0x0, 0xfc,
    0x1d, 0xb0, 0x0, 0x3, 0xf9, 0xc, 0xf3, 0x0,
    0xb, 0xf4, 0x3, 0xff, 0x98, 0xdf, 0x90, 0x0,
    0x3b, 0xef, 0xc6, 0x0,

    /* U+2184 "ↄ" */
    0x0, 0x8e, 0xfc, 0x40, 0x0, 0xaf, 0xb9, 0xef,
    0x40, 0x1f, 0xb0, 0x2, 0xfc, 0x1, 0x63, 0x0,
    0xd, 0xf0, 0x0, 0x0, 0x0, 0xcf, 0x10, 0x0,
    0x0, 0xd, 0xf0, 0x2f, 0xa0, 0x3, 0xfc, 0x0,
    0xbf, 0xb8, 0xef, 0x40, 0x0, 0x9e, 0xfc, 0x40,
    0x0,

    /* U+2185 "ↅ" */
    0x0, 0x3b, 0xef, 0xc5, 0x0, 0x5, 0xfe, 0x98,
    0xdf, 0x70, 0xe, 0xe1, 0x0, 0xd, 0xf1, 0x5f,
    0x80, 0x0, 0x7, 0xe4, 0x8f, 0x50, 0x0, 0x0,
    0x0, 0x9f, 0x40, 0x0, 0x0, 0x0, 0x9f, 0x40,
    0x0, 0x0, 0x0, 0x8f, 0x50, 0x0, 0x0, 0x0,
    0x5f, 0x80, 0x0, 0x8, 0xf5, 0x1f, 0xe1, 0x0,
    0xb, 0xf5, 0x5, 0xfe, 0x98, 0xdf, 0xf5, 0x0,
    0x4b, 0xef, 0xcc, 0xf5, 0x0, 0x0, 0x0, 0x8,
    0xf5, 0x0, 0x0, 0x0, 0x8, 0xf5, 0x0, 0x0,
    0x0, 0x5, 0xa3,

    /* U+2186 "ↆ" */
    0x0, 0x0, 0x1f, 0xc0, 0x0, 0x0, 0x0, 0x0,
    0x1f, 0xc0, 0x0, 0x0, 0x0, 0x0, 0x1f, 0xc0,
    0x0, 0x0, 0x0, 0x0, 0x1f, 0xc0, 0x0, 0x0,
    0x0, 0x0, 0x1f, 0xc0, 0x0, 0x0, 0x29, 0x0,
    0x1f, 0xc0, 0x1, 0xa0, 0xbf, 0x90, 0x1f, 0xc0,
    0x1d, 0xf7, 0x1e, 0xf7, 0x1f, 0xc0, 0xcf, 0xb0,
    0x2, 0xff, 0x7f, 0xca, 0xfc, 0x0, 0x0, 0x4f,
    0xff, 0xff, 0xd1, 0x0, 0x0, 0x5, 0xff, 0xfe,
    0x20, 0x0, 0x0, 0x0, 0x6f, 0xf3, 0x0, 0x0,

    /* U+2189 "↉" */
    0x4, 0xde, 0x70, 0x0, 0x0, 0x3f, 0x30, 0x0,
    0xf9, 0x5f, 0x30, 0x0, 0xd, 0x80, 0x0, 0x4f,
    0x10, 0xd8, 0x0, 0x8, 0xd0, 0x0, 0x6, 0xf0,
    0xc, 0xa0, 0x3, 0xf3, 0x0, 0x0, 0x5f, 0x10,
    0xd8, 0x0, 0xd8, 0x0, 0x0, 0x1, 0xf6, 0x3f,
    0x50, 0x8d, 0x0, 0x0, 0x0, 0x7, 0xff, 0xa0,
    0x3f, 0x30, 0x3c, 0xfd, 0x30, 0x0, 0x10, 0xd,
    0x80, 0x4, 0x52, 0xca, 0x0, 0x0, 0x8, 0xd0,
    0x0, 0x3, 0xfe, 0x30, 0x0, 0x3, 0xf3, 0x0,
    0x0, 0x2, 0xbd, 0x0, 0x0, 0xd8, 0x0, 0x0,
    0x67, 0x2a, 0xe0, 0x0, 0x8d, 0x0, 0x0, 0x3,
    0xdf, 0xd4,

    /* U+2190 "←" */
    0x0, 0x0, 0x2, 0x10, 0x0, 0x0, 0x0, 0x0,
    0x3, 0xea, 0x0, 0x0, 0x0, 0x0, 0x3, 0xed,
    0x10, 0x0, 0x0, 0x0, 0x3, 0xec, 0x10, 0x0,
    0x0, 0x0, 0x3, 0xeb, 0x0, 0x0, 0x0, 0x0,
    0x2, 0xef, 0xde, 0xff, 0xff, 0xff, 0xf4, 0xa,
    0xf9, 0x88, 0x88, 0x88, 0x88, 0x20, 0xb, 0xf4,
    0x0, 0x0, 0x0, 0x0, 0x0, 0xb, 0xf5, 0x0,
    0x0, 0x0, 0x0, 0x0, 0xb, 0xf5, 0x0, 0x0,
    0x0, 0x0, 0x0, 0xb, 0x70, 0x0, 0x0, 0x0,
    0x0, 0x0, 0x0, 0x0, 0x0, 0x0,

    /* U+2191 "↑" */
    0x0, 0x0, 0x7, 0x30, 0x0, 0x0, 0x0, 0x0,
    0x8f, 0xf3, 0x0, 0x0, 0x0, 0x8, 0xfe, 0xdf,
    0x30, 0x0, 0x0, 0x8f, 0x6d, 0x8b, 0xf3, 0x0,
    0x8, 0xf7, 0xe, 0x80, 0xcf, 0x30, 0x3f, 0x80,
    0xe, 0x90, 0x1d, 0xd0, 0x3, 0x0, 0xe, 0x90,
    0x1, 0x20, 0x0, 0x0, 0xe, 0x90, 0x0, 0x0,
    0x0, 0x0, 0xe, 0x90, 0x0, 0x0, 0x0, 0x0,
    0xe, 0x90, 0x0, 0x0, 0x0, 0x0, 0xe, 0x90,
    0x0, 0x0, 0x0, 0x0, 0xe, 0x90, 0x0, 0x0,

    /* U+2192 "→" */
    0x0, 0x0, 0x0, 0x30, 0x0, 0x0, 0x0, 0x0,
    0x5, 0xf6, 0x0, 0x0, 0x0, 0x0, 0x0, 0xaf,
    0x60, 0x0, 0x0, 0x0, 0x0, 0x9, 0xf6, 0x0,
    0x0, 0x0, 0x0, 0x0, 0x7f, 0x60, 0xff, 0xff,
    0xff, 0xff, 0xde, 0xf5, 0x88, 0x88, 0x88, 0x88,
    0x8e, 0xd1, 0x0, 0x0, 0x0, 0x2, 0xdd, 0x10,
    0x0, 0x0, 0x0, 0x2e, 0xd1, 0x0, 0x0, 0x0,
    0x2, 0xed, 0x10, 0x0, 0x0, 0x0, 0x3, 0xd1,
    0x0, 0x0, 0x0, 0x0, 0x0, 0x0, 0x0, 0x0,

    /* U+2193 "↓" */
    0x0, 0x0, 0x9, 0x50, 0x0, 0x0, 0x0, 0x0,
    0xe, 0x90, 0x0, 0x0, 0x0, 0x0, 0xe, 0x90,
    0x0, 0x0, 0x0, 0x0, 0xe, 0x90, 0x0, 0x0,
    0x0, 0x0, 0xe, 0x90, 0x0, 0x0, 0x0, 0x0,
    0xe, 0x90, 0x0, 0x0, 0x2d, 0x30, 0xe, 0x90,
    0x8, 0xa0, 0x1c, 0xf3, 0xe, 0x90, 0x8f, 0x80,
    0x1, 0xce, 0x2e, 0x87, 0xf8, 0x0, 0x0, 0x1c,
    0xdd, 0xbf, 0x80, 0x0, 0x0, 0x1, 0xdf, 0xf8,
    0x0, 0x0, 0x0, 0x0, 0x1d, 0x80, 0x0, 0x0,
    0x0, 0x0, 0x0, 0x0, 0x0, 0x0,

    /* U+2194 "↔" */
    0x0, 0x0, 0x1, 0x0, 0x0, 0x0, 0x2, 0x0,
    0x0, 0x0, 0x0, 0x3, 0xe7, 0x0, 0x0, 0x1,
    0xe9, 0x0, 0x0, 0x0, 0x3, 0xed, 0x10, 0x0,
    0x0, 0x7, 0xf9, 0x0, 0x0, 0x3, 0xec, 0x10,
    0x0, 0x0, 0x0, 0x7, 0xf9, 0x0, 0x3, 0xeb,
    0x0, 0x0, 0x0, 0x0, 0x0, 0x5, 0xf9, 0x2,
    0xef, 0xde, 0xff, 0xff, 0xff, 0xff, 0xff, 0xee,
    0xf8, 0xa, 0xf9, 0x88, 0x88, 0x88, 0x88, 0x88,
    0x87, 0xdf, 0x30, 0xb, 0xf4, 0x0, 0x0, 0x0,
    0x0, 0x0, 0xbf, 0x30, 0x0, 0xb, 0xf5, 0x0,
    0x0, 0x0, 0x1, 0xcf, 0x30, 0x0, 0x0, 0xb,
    0xf5, 0x0, 0x0, 0x1, 0xdf, 0x30, 0x0, 0x0,
    0x0, 0xa, 0x30, 0x0, 0x0, 0xa, 0x30, 0x0,
    0x0,

    /* U+2195 "↕" */
    0x0, 0x0, 0x1, 0x0, 0x0, 0x0, 0x0, 0x2,
    0xe7, 0x0, 0x0, 0x0, 0x2, 0xef, 0xf7, 0x0,
    0x0, 0x2, 0xec, 0xea, 0xf7, 0x0, 0x2, 0xed,
    0x1f, 0x77, 0xf7, 0x1, 0xee, 0x20, 0xf7, 0x8,
    0xf7, 0xa, 0x20, 0xf, 0x70, 0x8, 0x50, 0x0,
    0x0, 0xf7, 0x0, 0x0, 0x0, 0x0, 0xf, 0x70,
    0x0, 0x0, 0x0, 0x0, 0xf7, 0x0, 0x0, 0x0,
    0x0, 0xf, 0x70, 0x0, 0x0, 0x0, 0x0, 0xf7,
    0x0, 0x0, 0x0, 0x0, 0xf, 0x70, 0x0, 0x2,
    0xd4, 0x0, 0xf7, 0x0, 0xb7, 0xc, 0xf4, 0xf,
    0x70, 0xbf, 0x40, 0xc, 0xf2, 0xf7, 0xaf, 0x40,
    0x0, 0xc, 0xde, 0xcf, 0x40, 0x0, 0x0, 0xc,
    0xff, 0x50, 0x0, 0x0, 0x0, 0xc, 0x50, 0x0,
    0x0, 0x0, 0x0, 0x0, 0x0, 0x0,

    /* U+2196 "↖" */
    0x8, 0x88, 0x88, 0x88, 0x30, 0xf, 0xfd, 0xee,
    0xff, 0x60, 0xf, 0xed, 0x20, 0x0, 0x0, 0xf,
    0x6e, 0xe2, 0x0, 0x0, 0xf, 0x62, 0xee, 0x20,
    0x0, 0xf, 0x60, 0x2e, 0xe2, 0x0, 0xf, 0x70,
    0x2, 0xee, 0x20, 0xf, 0x60, 0x0, 0x2e, 0xe2,
    0x0, 0x0, 0x0, 0x2, 0xe5, 0x0, 0x0, 0x0,
    0x0, 0x0,

    /* U+2197 "↗" */
    0x0, 0x88, 0x88, 0x88, 0x84, 0x0, 0xff, 0xfe,
    0xdf, 0xf8, 0x0, 0x0, 0x0, 0x8f, 0xe8, 0x0,
    0x0, 0x9, 0xf7, 0xd8, 0x0, 0x0, 0x9f, 0x80,
    0xe8, 0x0, 0x9, 0xf8, 0x0, 0xf8, 0x0, 0x9f,
    0x80, 0x0, 0xf8, 0x9, 0xf8, 0x0, 0x0, 0xe7,
    0x1d, 0x80, 0x0, 0x0, 0x0, 0x0, 0x0, 0x0,
    0x0, 0x0,

    /* U+2198 "↘" */
    0x6, 0x20, 0x0, 0x0, 0x0, 0x1e, 0xe2, 0x0,
    0x0, 0x73, 0x2, 0xee, 0x20, 0x0, 0xf8, 0x0,
    0x2e, 0xe2, 0x0, 0xf8, 0x0, 0x2, 0xee, 0x20,
    0xf8, 0x0, 0x0, 0x2e, 0xe2, 0xe8, 0x0, 0x0,
    0x2, 0xed, 0xd8, 0x0, 0x77, 0x77, 0x7e, 0xf8,
    0x0, 0xff, 0xff, 0xff, 0xf8,

    /* U+2199 "↙" */
    0x0, 0x0, 0x0, 0x0, 0x71, 0x7, 0x30, 0x0,
    0x9, 0xf6, 0xf, 0x70, 0x0, 0x9f, 0x80, 0xf,
    0x60, 0x9, 0xf8, 0x0, 0xf, 0x60, 0x9f, 0x80,
    0x0, 0xf, 0x59, 0xf8, 0x0, 0x0, 0xf, 0xbf,
    0x70, 0x0, 0x0, 0xf, 0xfa, 0x67, 0x77, 0x30,
    0xf, 0xff, 0xff, 0xff, 0x70,

    /* U+21A9 "↩" */
    0x0, 0x0, 0x0, 0x0, 0x0, 0x9, 0xfb, 0x20,
    0x0, 0x0, 0x1, 0x0, 0x0, 0x4, 0x8e, 0xf2,
    0x0, 0x0, 0x2e, 0xa0, 0x0, 0x0, 0x2, 0xfa,
    0x0, 0x2, 0xed, 0x20, 0x0, 0x0, 0x0, 0xae,
    0x0, 0x2e, 0xd1, 0x0, 0x0, 0x0, 0x0, 0xcd,
    0x3, 0xeb, 0x10, 0x0, 0x0, 0x0, 0x8, 0xf7,
    0x2e, 0xfd, 0xef, 0xff, 0xff, 0xff, 0xff, 0xa0,
    0xa, 0xf9, 0x88, 0x88, 0x88, 0x88, 0x73, 0x0,
    0x0, 0xbf, 0x40, 0x0, 0x0, 0x0, 0x0, 0x0,
    0x0, 0xb, 0xf5, 0x0, 0x0, 0x0, 0x0, 0x0,
    0x0, 0x0, 0xbf, 0x50, 0x0, 0x0, 0x0, 0x0,
    0x0, 0x0, 0xb, 0x70, 0x0, 0x0, 0x0, 0x0,
    0x0, 0x0, 0x0, 0x0, 0x0, 0x0, 0x0, 0x0,

    /* U+21AA "↪" */
    0x0, 0x8e, 0xf0, 0x0, 0x0, 0x0, 0x0, 0x0,
    0xb, 0xfa, 0x70, 0x0, 0x0, 0x20, 0x0, 0x0,
    0x4f, 0x70, 0x0, 0x0, 0x3, 0xf6, 0x0, 0x0,
    0x7f, 0x10, 0x0, 0x0, 0x0, 0x9f, 0x70, 0x0,
    0x6f, 0x20, 0x0, 0x0, 0x0, 0x8, 0xf7, 0x0,
    0x1f, 0xd2, 0x0, 0x0, 0x0, 0x0, 0x6f, 0x70,
    0x5, 0xff, 0xff, 0xff, 0xff, 0xff, 0xee, 0xf7,
    0x0, 0x16, 0x88, 0x88, 0x88, 0x88, 0x8e, 0xe2,
    0x0, 0x0, 0x0, 0x0, 0x0, 0x1, 0xce, 0x20,
    0x0, 0x0, 0x0, 0x0, 0x0, 0x1d, 0xe2, 0x0,
    0x0, 0x0, 0x0, 0x0, 0x1, 0xde, 0x20, 0x0,
    0x0, 0x0, 0x0, 0x0, 0x2, 0xd2, 0x0, 0x0,
    0x0, 0x0, 0x0, 0x0, 0x0, 0x0, 0x0, 0x0,

    /* U+21B0 "↰" */
    0x0, 0x5, 0x20, 0x0, 0x0, 0x0, 0x0, 0x0,
    0x5f, 0x20, 0x0, 0x0, 0x0, 0x0, 0x5, 0xff,
    0x53, 0x33, 0x33, 0x33, 0x31, 0x2f, 0xff, 0xff,
    0xff, 0xff, 0xff, 0xf5, 0x7, 0xff, 0x64, 0x44,
    0x44, 0x45, 0xf5, 0x0, 0x7f, 0x20, 0x0, 0x0,
    0x2, 0xf5, 0x0, 0x7, 0x20, 0x0, 0x0, 0x2,
    0xf5, 0x0, 0x0, 0x0, 0x0, 0x0, 0x2, 0xf5,
    0x0, 0x0, 0x0, 0x0, 0x0, 0x2, 0xf5, 0x0,
    0x0, 0x0, 0x0, 0x0, 0x2, 0xf5, 0x0, 0x0,
    0x0, 0x0, 0x0, 0x2, 0xf5, 0x0, 0x0, 0x0,
    0x0, 0x0, 0x2, 0xf5,

    /* U+21B1 "↱" */
    0x0, 0x0, 0x0, 0x0, 0x3, 0x40, 0x0, 0x0,
    0x0, 0x0, 0x0, 0x3, 0xf5, 0x0, 0x13, 0x33,
    0x33, 0x33, 0x35, 0xff, 0x50, 0x6f, 0xff, 0xff,
    0xff, 0xff, 0xff, 0xf2, 0x6f, 0x54, 0x44, 0x44,
    0x47, 0xff, 0x60, 0x6f, 0x0, 0x0, 0x0, 0x3,
    0xf6, 0x0, 0x6f, 0x0, 0x0, 0x0, 0x3, 0x60,
    0x0, 0x6f, 0x0, 0x0, 0x0, 0x0, 0x0, 0x0,
    0x6f, 0x0, 0x0, 0x0, 0x0, 0x0, 0x0, 0x6f,
    0x0, 0x0, 0x0, 0x0, 0x0, 0x0, 0x6f, 0x0,
    0x0, 0x0, 0x0, 0x0, 0x0, 0x6f, 0x0, 0x0,
    0x0, 0x0, 0x0, 0x0,

    /* U+21B3 "↳" */
    0x4c, 0x0, 0x0, 0x0, 0x0, 0x0, 0x0, 0x6f,
    0x0, 0x0, 0x0, 0x0, 0x0, 0x0, 0x6f, 0x0,
    0x0, 0x0, 0x0, 0x0, 0x0, 0x6f, 0x0, 0x0,
    0x0, 0x2, 0x20, 0x0, 0x6f, 0x0, 0x0, 0x0,
    0x3, 0xe2, 0x0, 0x6f, 0x0, 0x0, 0x0, 0x3,
    0xfe, 0x20, 0x6f, 0xff, 0xff, 0xff, 0xff, 0xff,
    0xe1, 0x38, 0x88, 0x88, 0x88, 0x89, 0xff, 0xa0,
    0x0, 0x0, 0x0, 0x0, 0x3, 0xf9, 0x0, 0x0,
    0x0, 0x0, 0x0, 0x3, 0x90, 0x0, 0x0, 0x0,
    0x0, 0x0, 0x0, 0x0, 0x0,

    /* U+21B4 "↴" */
    0x28, 0x88, 0x88, 0x88, 0x30, 0x0, 0x4f, 0xff,
    0xff, 0xff, 0x60, 0x0, 0x0, 0x0, 0x0, 0x1f,
    0x60, 0x0, 0x0, 0x0, 0x0, 0x1f, 0x60, 0x0,
    0x0, 0x0, 0x0, 0x1f, 0x60, 0x0, 0x0, 0x0,
    0x0, 0x1f, 0x60, 0x0, 0x0, 0x0, 0x0, 0x1f,
    0x60, 0x0, 0x0, 0x0, 0x0, 0x1f, 0x60, 0x0,
    0x0, 0x0, 0x34, 0x4f, 0x94, 0x30, 0x0, 0x0,
    0x3e, 0xff, 0xff, 0x70, 0x0, 0x0, 0x3, 0xff,
    0xf7, 0x0, 0x0, 0x0, 0x0, 0x3f, 0x70, 0x0,
    0x0, 0x0, 0x0, 0x1, 0x0, 0x0,

    /* U+21B5 "↵" */
    0x0, 0x0, 0x0, 0x0, 0x0, 0x1, 0xc4, 0x0,
    0x0, 0x0, 0x0, 0x0, 0x2, 0xf5, 0x0, 0x0,
    0x0, 0x0, 0x0, 0x2, 0xf5, 0x0, 0x3, 0x10,
    0x0, 0x0, 0x2, 0xf5, 0x0, 0x3e, 0x20, 0x0,
    0x0, 0x2, 0xf5, 0x3, 0xef, 0x20, 0x0, 0x0,
    0x2, 0xf5, 0x2e, 0xff, 0xff, 0xff, 0xff, 0xff,
    0xf5, 0xa, 0xff, 0x98, 0x88, 0x88, 0x88, 0x82,
    0x0, 0xaf, 0x20, 0x0, 0x0, 0x0, 0x0, 0x0,
    0xa, 0x20, 0x0, 0x0, 0x0, 0x0, 0x0, 0x0,
    0x0, 0x0, 0x0, 0x0, 0x0,

    /* U+21BA "↺" */
    0x0, 0x0, 0x0, 0x0, 0x0, 0x0, 0x0, 0x0,
    0x0, 0x1c, 0x0, 0x0, 0x0, 0x0, 0x0, 0x1c,
    0xf0, 0x0, 0x0, 0x0, 0x0, 0x1c, 0xff, 0x85,
    0x0, 0x0, 0x0, 0x4, 0xff, 0xff, 0xfd, 0x30,
    0x0, 0x0, 0x5, 0xff, 0x4, 0xef, 0x20, 0x0,
    0x0, 0x5, 0xf0, 0x1, 0xec, 0x0, 0x0, 0x0,
    0x4, 0x0, 0x6, 0xf2, 0x0, 0x0, 0x0, 0x0,
    0x0, 0x1f, 0x61, 0xd4, 0x0, 0x0, 0x0, 0x1,
    0xf6, 0xf, 0x80, 0x0, 0x0, 0x0, 0x4f, 0x40,
    0xaf, 0x20, 0x0, 0x0, 0xb, 0xe0, 0x2, 0xfd,
    0x20, 0x0, 0xa, 0xf6, 0x0, 0x4, 0xff, 0xa8,
    0x9e, 0xf7, 0x0, 0x0, 0x1, 0x9d, 0xfe, 0xa3,
    0x0, 0x0,

    /* U+21BB "↻" */
    0x0, 0x0, 0x0, 0x0, 0x0, 0x0, 0x0, 0x0,
    0x0, 0x9, 0x30, 0x0, 0x0, 0x0, 0x0, 0x0,
    0xbe, 0x30, 0x0, 0x0, 0x0, 0x3, 0x8e, 0xff,
    0x30, 0x0, 0x0, 0x1b, 0xff, 0xff, 0xf8, 0x0,
    0x0, 0xc, 0xf7, 0xb, 0xf9, 0x0, 0x0, 0x8,
    0xf4, 0x0, 0xb9, 0x0, 0x0, 0x0, 0xea, 0x0,
    0x4, 0x0, 0x0, 0x0, 0x1f, 0x60, 0x0, 0x0,
    0x0, 0x0, 0x2, 0xf5, 0x0, 0x0, 0x0, 0x0,
    0xd5, 0xf, 0x80, 0x0, 0x0, 0x0, 0x4f, 0x40,
    0xaf, 0x10, 0x0, 0x0, 0xb, 0xe0, 0x2, 0xfc,
    0x20, 0x0, 0xa, 0xf6, 0x0, 0x4, 0xff, 0xa8,
    0x9e, 0xf7, 0x0, 0x0, 0x1, 0x9d, 0xfe, 0xa3,
    0x0, 0x0,

    /* U+21D0 "⇐" */
    0x0, 0x0, 0x1, 0x0, 0x0, 0x0, 0x0, 0x0,
    0x2, 0xea, 0x0, 0x0, 0x0, 0x0, 0x2, 0xee,
    0x20, 0x0, 0x0, 0x0, 0x2, 0xef, 0x63, 0x33,
    0x33, 0x30, 0x2, 0xef, 0xff, 0xff, 0xff, 0xff,
    0x41, 0xee, 0x43, 0x33, 0x33, 0x33, 0x30, 0xc,
    0xf7, 0x66, 0x66, 0x66, 0x66, 0x10, 0xc, 0xff,
    0xff, 0xff, 0xff, 0xf4, 0x0, 0xc, 0xf5, 0x11,
    0x11, 0x11, 0x0, 0x0, 0xc, 0xf4, 0x0, 0x0,
    0x0, 0x0, 0x0, 0xc, 0x90, 0x0, 0x0, 0x0,
    0x0, 0x0, 0x0, 0x0, 0x0, 0x0,

    /* U+21D2 "⇒" */
    0x0, 0x0, 0x0, 0x20, 0x0, 0x0, 0x0, 0x0,
    0x6, 0xf5, 0x0, 0x0, 0x0, 0x0, 0x0, 0xbf,
    0x50, 0x0, 0x33, 0x33, 0x33, 0x4e, 0xf5, 0x0,
    0xff, 0xff, 0xff, 0xff, 0xff, 0x40, 0x33, 0x33,
    0x33, 0x33, 0x3b, 0xf4, 0x66, 0x66, 0x66, 0x66,
    0x6d, 0xe2, 0xff, 0xff, 0xff, 0xff, 0xfe, 0x20,
    0x11, 0x11, 0x11, 0x2e, 0xe2, 0x0, 0x0, 0x0,
    0x1, 0xde, 0x30, 0x0, 0x0, 0x0, 0x5, 0xe3,
    0x0, 0x0, 0x0, 0x0, 0x0, 0x0, 0x0, 0x0,

    /* U+21D4 "⇔" */
    0x0, 0x0, 0x1, 0x0, 0x0, 0x0, 0x2, 0x0,
    0x0, 0x0, 0x0, 0x2, 0xea, 0x0, 0x0, 0x3,
    0xf7, 0x0, 0x0, 0x0, 0x2, 0xee, 0x20, 0x0,
    0x0, 0x9, 0xf7, 0x0, 0x0, 0x2, 0xef, 0x63,
    0x33, 0x33, 0x33, 0x3c, 0xf7, 0x0, 0x2, 0xef,
    0xff, 0xff, 0xff, 0xff, 0xff, 0xff, 0xf7, 0x1,
    0xee, 0x43, 0x33, 0x33, 0x33, 0x33, 0x33, 0x39,
    0xf7, 0xc, 0xf7, 0x66, 0x66, 0x66, 0x66, 0x66,
    0x66, 0xbf, 0x40, 0xc, 0xff, 0xff, 0xff, 0xff,
    0xff, 0xff, 0xff, 0x40, 0x0, 0xc, 0xf5, 0x11,
    0x11, 0x11, 0x11, 0xcf, 0x40, 0x0, 0x0, 0xc,
    0xf4, 0x0, 0x0, 0x0, 0xbf, 0x50, 0x0, 0x0,
    0x0, 0xc, 0x90, 0x0, 0x0, 0x3e, 0x50, 0x0,
    0x0, 0x0, 0x0, 0x0, 0x0, 0x0, 0x0, 0x0,
    0x0, 0x0,

    /* U+21DE "⇞" */
    0x0, 0x9, 0x20, 0x0, 0x0, 0xaf, 0xe2, 0x0,
    0xa, 0xff, 0xfe, 0x20, 0x5a, 0xaf, 0xda, 0x90,
    0x0, 0xf, 0x70, 0x0, 0x6, 0x6f, 0xa6, 0x20,
    0xd, 0xff, 0xff, 0x50, 0x0, 0xf, 0x70, 0x0,
    0xe, 0xff, 0xff, 0x50, 0x5, 0x5f, 0xa5, 0x10,
    0x0, 0xf, 0x70, 0x0, 0x0, 0xf, 0x70, 0x0,

    /* U+21DF "⇟" */
    0x0, 0xc, 0x50, 0x0, 0x0, 0xf, 0x70, 0x0,
    0x1, 0x1f, 0x81, 0x0, 0xe, 0xff, 0xff, 0x50,
    0x3, 0x4f, 0x94, 0x10, 0x5, 0x6f, 0xa6, 0x20,
    0xd, 0xff, 0xff, 0x50, 0x0, 0xf, 0x70, 0x0,
    0x12, 0x2f, 0x82, 0x20, 0x3f, 0xff, 0xff, 0x90,
    0x3, 0xff, 0xfa, 0x0, 0x0, 0x4f, 0xa0, 0x0,
    0x0, 0x2, 0x0, 0x0,

    /* U+21E4 "⇤" */
    0x12, 0x0, 0x0, 0x0, 0x0, 0x0, 0x0, 0x8e,
    0x0, 0x2, 0x80, 0x0, 0x0, 0x0, 0x8e, 0x0,
    0x2e, 0xa0, 0x0, 0x0, 0x0, 0x8e, 0x2, 0xef,
    0xc5, 0x55, 0x55, 0x55, 0x8e, 0xa, 0xff, 0xff,
    0xff, 0xff, 0xff, 0x8e, 0x0, 0xcf, 0xa2, 0x22,
    0x22, 0x21, 0x8e, 0x0, 0xc, 0xa0, 0x0, 0x0,
    0x0, 0x8d, 0x0, 0x0, 0x60, 0x0, 0x0, 0x0,

    /* U+21E5 "⇥" */
    0x0, 0x0, 0x0, 0x0, 0x0, 0x0, 0x12, 0x0,
    0x0, 0x0, 0x3, 0x70, 0x0, 0x8f, 0x0, 0x0,
    0x0, 0x3, 0xf7, 0x0, 0x8f, 0x35, 0x55, 0x55,
    0x57, 0xff, 0x70, 0x8f, 0x8f, 0xff, 0xff, 0xff,
    0xff, 0xf2, 0x8f, 0x12, 0x22, 0x22, 0x24, 0xff,
    0x40, 0x8f, 0x0, 0x0, 0x0, 0x3, 0xf4, 0x0,
    0x8f, 0x0, 0x0, 0x0, 0x2, 0x40, 0x0, 0x7e,

    /* U+21E7 "⇧" */
    0x0, 0x0, 0x0, 0x8, 0x0, 0x0, 0x0, 0x0,
    0x0, 0x0, 0xc, 0xfa, 0x0, 0x0, 0x0, 0x0,
    0x0, 0xc, 0xd5, 0xea, 0x0, 0x0, 0x0, 0x0,
    0xc, 0xd1, 0x3, 0xea, 0x0, 0x0, 0x0, 0xc,
    0xd1, 0x0, 0x2, 0xeb, 0x0, 0x0, 0xc, 0xd1,
    0x0, 0x0, 0x2, 0xeb, 0x0, 0xc, 0xff, 0xe5,
    0x0, 0x7, 0xef, 0xfb, 0x2, 0x44, 0x4f, 0x60,
    0x0, 0x7f, 0x44, 0x41, 0x0, 0x0, 0xf6, 0x0,
    0x7, 0xe0, 0x0, 0x0, 0x0, 0xf, 0x60, 0x0,
    0x7e, 0x0, 0x0, 0x0, 0x0, 0xf6, 0x0, 0x7,
    0xe0, 0x0, 0x0, 0x0, 0xf, 0x72, 0x22, 0x9e,
    0x0, 0x0, 0x0, 0x0, 0xff, 0xff, 0xff, 0xe0,
    0x0, 0x0,

    /* U+21EA "⇪" */
    0x0, 0x0, 0x0, 0x8, 0x0, 0x0, 0x0, 0x0,
    0x0, 0x0, 0xc, 0xfa, 0x0, 0x0, 0x0, 0x0,
    0x0, 0xc, 0xd5, 0xea, 0x0, 0x0, 0x0, 0x0,
    0xc, 0xd1, 0x3, 0xea, 0x0, 0x0, 0x0, 0xc,
    0xd1, 0x0, 0x2, 0xeb, 0x0, 0x0, 0xc, 0xd1,
    0x0, 0x0, 0x2, 0xeb, 0x0, 0xc, 0xff, 0xe5,
    0x0, 0x7, 0xef, 0xfb, 0x2, 0x44, 0x4f, 0x60,
    0x0, 0x7f, 0x44, 0x41, 0x0, 0x0, 0xf6, 0x0,
    0x7, 0xe0, 0x0, 0x0, 0x0, 0xf, 0x83, 0x33,
    0x9e, 0x0, 0x0, 0x0, 0x0, 0xff, 0xff, 0xff,
    0xe0, 0x0, 0x0, 0x0, 0x0, 0x0, 0x0, 0x0,
    0x0, 0x0, 0x0, 0x0, 0xff, 0xff, 0xff, 0xe0,
    0x0, 0x0, 0x0, 0xf, 0x73, 0x33, 0x9e, 0x0,
    0x0, 0x0, 0x0, 0xf8, 0x44, 0x4a, 0xe0, 0x0,
    0x0, 0x0, 0xd, 0xdd, 0xdd, 0xdc, 0x0, 0x0,

    /* U+2202 "∂" */
    0x6, 0xbd, 0xb6, 0x0, 0x0, 0xbc, 0xbe, 0xf9,
    0x0, 0x0, 0x0, 0x1c, 0xf4, 0x0, 0x0, 0x0,
    0x2f, 0xa0, 0x2, 0xbf, 0xe9, 0xde, 0x1, 0xef,
    0x98, 0xdf, 0xf0, 0x8f, 0x70, 0x0, 0xef, 0x1b,
    0xf2, 0x0, 0xc, 0xf0, 0xaf, 0x30, 0x0, 0xee,
    0x7, 0xf7, 0x0, 0x2f, 0xa0, 0x1e, 0xf7, 0x6d,
    0xf2, 0x0, 0x3c, 0xff, 0xd4, 0x0, 0x0, 0x1,
    0x10, 0x0, 0x0,

    /* U+2205 "∅" */
    0x0, 0x0, 0x0, 0x0, 0x0, 0x0, 0x0, 0x5b,
    0xdb, 0x52, 0xc0, 0x0, 0xaf, 0xfd, 0xff, 0xf4,
    0x0, 0x6f, 0xb0, 0x3, 0xff, 0x60, 0xd, 0xe0,
    0x1, 0xd4, 0xed, 0x0, 0xfb, 0x1, 0xd4, 0xb,
    0xf0, 0xe, 0xd2, 0xd4, 0x0, 0xde, 0x0, 0x8f,
    0xe4, 0x0, 0x6f, 0x90, 0x2, 0xff, 0xc9, 0xbf,
    0xd1, 0x1, 0xd5, 0x9f, 0xff, 0x90, 0x0, 0x2,
    0x0, 0x1, 0x0, 0x0, 0x0,

    /* U+2206 "∆" */
    0x0, 0x0, 0x9f, 0xd0, 0x0, 0x0, 0x0, 0xe,
    0xff, 0x20, 0x0, 0x0, 0x4, 0xfb, 0xf8, 0x0,
    0x0, 0x0, 0xaf, 0x2e, 0xd0, 0x0, 0x0, 0xf,
    0xc0, 0x9f, 0x30, 0x0, 0x5, 0xf7, 0x3, 0xf9,
    0x0, 0x0, 0xaf, 0x20, 0xe, 0xe0, 0x0, 0xf,
    0xc0, 0x0, 0x8f, 0x40, 0x6, 0xf7, 0x0, 0x3,
    0xf9, 0x0, 0xbf, 0x20, 0x0, 0xe, 0xe0, 0x1f,
    0xf9, 0x99, 0x99, 0xdf, 0x46, 0xff, 0xff, 0xff,
    0xff, 0xfa,

    /* U+220F "∏" */
    0x58, 0x88, 0x88, 0x88, 0x80, 0xaf, 0xff, 0xff,
    0xff, 0xf0, 0xaf, 0x10, 0x0, 0xb, 0xf0, 0xaf,
    0x10, 0x0, 0xb, 0xf0, 0xaf, 0x10, 0x0, 0xb,
    0xf0, 0xaf, 0x10, 0x0, 0xb, 0xf0, 0xaf, 0x10,
    0x0, 0xb, 0xf0, 0xaf, 0x10, 0x0, 0xb, 0xf0,
    0xaf, 0x10, 0x0, 0xb, 0xf0, 0xaf, 0x10, 0x0,
    0xb, 0xf0, 0xaf, 0x10, 0x0, 0xb, 0xf0, 0xaf,
    0x10, 0x0, 0xb, 0xf0, 0xaf, 0x10, 0x0, 0xb,
    0xf0, 0x9e, 0x10, 0x0, 0xa, 0xe0,

    /* U+2211 "∑" */
    0x18, 0x88, 0x88, 0x88, 0x83, 0x1f, 0xff, 0xff,
    0xff, 0xf6, 0x6, 0xfb, 0x0, 0x0, 0x0, 0x0,
    0x9f, 0x80, 0x0, 0x0, 0x0, 0xb, 0xf6, 0x0,
    0x0, 0x0, 0x0, 0xdf, 0x30, 0x0, 0x0, 0x0,
    0x1e, 0xe2, 0x0, 0x0, 0x0, 0x9, 0xf6, 0x0,
    0x0, 0x0, 0x6f, 0xa0, 0x0, 0x0, 0x4, 0xfd,
    0x0, 0x0, 0x0, 0x2e, 0xe1, 0x0, 0x0, 0x1,
    0xdf, 0x30, 0x0, 0x0, 0xc, 0xfb, 0x66, 0x66,
    0x65, 0x2f, 0xff, 0xff, 0xff, 0xfe, 0x1, 0x11,
    0x11, 0x11, 0x11,

    /* U+2212 "−" */
    0x38, 0x88, 0x88, 0x88, 0x7, 0xff, 0xff, 0xff,
    0xf1, 0x0, 0x0, 0x0, 0x0, 0x0,

    /* U+221A "√" */
    0x0, 0x0, 0x0, 0x1, 0xa5, 0x0, 0x0, 0x0,
    0x6, 0xf4, 0x0, 0x0, 0x0, 0xc, 0xe0, 0x0,
    0x0, 0x0, 0x1f, 0x80, 0x0, 0x0, 0x0, 0x7f,
    0x30, 0x1, 0x10, 0x0, 0xcd, 0x0, 0x4f, 0xfb,
    0x2, 0xf8, 0x0, 0x16, 0xbf, 0x17, 0xf2, 0x0,
    0x0, 0x3f, 0x6c, 0xd0, 0x0, 0x0, 0xd, 0xdf,
    0x70, 0x0, 0x0, 0x7, 0xff, 0x20, 0x0, 0x0,
    0x1, 0xfc, 0x0, 0x0,

    /* U+221E "∞" */
    0x0, 0x1, 0x10, 0x0, 0x0, 0x11, 0x0, 0x0,
    0x1b, 0xff, 0xd3, 0x1, 0xbf, 0xfd, 0x30, 0xc,
    0xf9, 0x8e, 0xf7, 0xef, 0x98, 0xfe, 0x2, 0xf8,
    0x0, 0x1d, 0xff, 0x30, 0x5, 0xf5, 0x3f, 0x70,
    0x0, 0xaf, 0xd1, 0x0, 0x3f, 0x60, 0xee, 0x43,
    0xbf, 0xcf, 0xd4, 0x3c, 0xf2, 0x4, 0xff, 0xff,
    0x80, 0x6f, 0xff, 0xf6, 0x0, 0x1, 0x66, 0x20,
    0x0, 0x15, 0x62, 0x0,

    /* U+222B "∫" */
    0x0, 0x0, 0x26, 0x50, 0x0, 0x6f, 0xfd, 0x0,
    0xe, 0xe2, 0x10, 0x0, 0xfa, 0x0, 0x0, 0x1f,
    0xa0, 0x0, 0x1, 0xfa, 0x0, 0x0, 0x1f, 0xa0,
    0x0, 0x1, 0xfa, 0x0, 0x0, 0x1f, 0xa0, 0x0,
    0x1, 0xfa, 0x0, 0x0, 0x1f, 0xa0, 0x0, 0x1,
    0xfa, 0x0, 0x0, 0x1f, 0xa0, 0x0, 0x1, 0xfa,
    0x0, 0x0, 0x3f, 0x80, 0x0, 0xdf, 0xf3, 0x0,
    0x9, 0x83, 0x0, 0x0,

    /* U+2236 "∶" */
    0x0, 0x8, 0xf4, 0xaf, 0x60, 0x30, 0x0, 0x0,
    0x0, 0x0, 0x6, 0xd3, 0xbf, 0x71, 0x50,

    /* U+2248 "≈" */
    0x9, 0xda, 0x20, 0xa, 0x36, 0xfa, 0xdf, 0x78,
    0xf4, 0x9c, 0x0, 0x9f, 0xfa, 0x0, 0x15, 0x20,
    0x12, 0x20, 0x3f, 0xff, 0xa0, 0x2f, 0x59, 0xe1,
    0x5e, 0xff, 0xf1, 0x33, 0x0, 0x17, 0x82, 0x0,

    /* U+2260 "≠" */
    0x0, 0x0, 0xb, 0x70, 0x0, 0x0, 0x4f, 0x40,
    0x5f, 0xff, 0xff, 0xff, 0x27, 0x78, 0xfa, 0x77,
    0x0, 0x6, 0xf1, 0x0, 0x29, 0x9d, 0xe9, 0x99,
    0x4f, 0xff, 0xff, 0xff, 0x0, 0x9d, 0x0, 0x0,
    0x0, 0xb5, 0x0, 0x0,

    /* U+2264 "≤" */
    0x0, 0x0, 0x0, 0x0, 0x0, 0x0, 0x0, 0x38,
    0xd1, 0x0, 0x38, 0xdf, 0xfb, 0x4, 0xef, 0xe9,
    0x40, 0x0, 0x6f, 0xfb, 0x62, 0x0, 0x0, 0x16,
    0xbf, 0xfd, 0x80, 0x0, 0x0, 0x5, 0xaf, 0x10,
    0x0, 0x0, 0x0, 0x0, 0x7f, 0xff, 0xff, 0xff,
    0x13, 0x77, 0x77, 0x77, 0x70,

    /* U+2265 "≥" */
    0x0, 0x0, 0x0, 0x0, 0x7, 0xb6, 0x10, 0x0,
    0x0, 0x4d, 0xff, 0xb6, 0x10, 0x0, 0x1, 0x6b,
    0xff, 0xc0, 0x0, 0x4, 0x8d, 0xfe, 0x3, 0xae,
    0xfe, 0x93, 0x0, 0x7d, 0x83, 0x0, 0x0, 0x0,
    0x0, 0x0, 0x0, 0x0, 0x7f, 0xff, 0xff, 0xff,
    0x13, 0x77, 0x77, 0x77, 0x70,

    /* U+2295 "⊕" */
    0x0, 0x0, 0x0, 0x3, 0x8b, 0xcd, 0xc9, 0x50,
    0x0, 0x0, 0x0, 0x0, 0x0, 0x0, 0x4d, 0xff,
    0xb9, 0x9a, 0xef, 0xe6, 0x0, 0x0, 0x0, 0x0,
    0x0, 0x9f, 0xc5, 0x0, 0x0, 0x0, 0x3a, 0xfc,
    0x10, 0x0, 0x0, 0x0, 0xbf, 0x70, 0x0, 0x0,
    0x0, 0x0, 0x4, 0xed, 0x10, 0x0, 0x0, 0x9f,
    0x50, 0x0, 0x0, 0x0, 0x0, 0x0, 0x2, 0xec,
    0x0, 0x0, 0x3f, 0x70, 0x0, 0x0, 0x0, 0x0,
    0x0, 0x0, 0x3, 0xf7, 0x0, 0xc, 0xd0, 0x0,
    0x0, 0x0, 0x9e, 0x0, 0x0, 0x0, 0x9, 0xf0,
    0x2, 0xf5, 0x0, 0x0, 0x0, 0x9, 0xe0, 0x0,
    0x0, 0x0, 0x1f, 0x60, 0x7f, 0x0, 0x0, 0x0,
    0x0, 0x9e, 0x0, 0x0, 0x0, 0x0, 0xcb, 0xa,
    0xc0, 0x0, 0x0, 0x0, 0x9, 0xe0, 0x0, 0x0,
    0x0, 0x8, 0xe0, 0xca, 0x0, 0x0, 0x77, 0x77,
    0xcf, 0x77, 0x77, 0x30, 0x0, 0x6f, 0xc, 0xa0,
    0x0, 0x1e, 0xee, 0xef, 0xfe, 0xee, 0xe6, 0x0,
    0x6, 0xf0, 0xbb, 0x0, 0x0, 0x0, 0x0, 0x9e,
    0x0, 0x0, 0x0, 0x0, 0x7f, 0x8, 0xe0, 0x0,
    0x0, 0x0, 0x9, 0xe0, 0x0, 0x0, 0x0, 0xb,
    0xc0, 0x4f, 0x40, 0x0, 0x0, 0x0, 0x9e, 0x0,
    0x0, 0x0, 0x0, 0xf8, 0x0, 0xdb, 0x0, 0x0,
    0x0, 0x9, 0xe0, 0x0, 0x0, 0x0, 0x7f, 0x20,
    0x6, 0xf4, 0x0, 0x0, 0x0, 0x47, 0x0, 0x0,
    0x0, 0x1f, 0x90, 0x0, 0xb, 0xe2, 0x0, 0x0,
    0x0, 0x0, 0x0, 0x0, 0xc, 0xe1, 0x0, 0x0,
    0x1d, 0xe3, 0x0, 0x0, 0x0, 0x0, 0x0, 0x1c,
    0xf3, 0x0, 0x0, 0x0, 0x1c, 0xf8, 0x10, 0x0,
    0x0, 0x0, 0x6e, 0xe3, 0x0, 0x0, 0x0, 0x0,
    0x8, 0xff, 0xb7, 0x55, 0x7a, 0xef, 0xa1, 0x0,
    0x0, 0x0, 0x0, 0x0, 0x1, 0x7c, 0xff, 0xff,
    0xd8, 0x20, 0x0, 0x0, 0x0, 0x0, 0x0, 0x0,
    0x0, 0x0, 0x1, 0x0, 0x0, 0x0, 0x0, 0x0,
    0x0,

    /* U+2296 "⊖" */
    0x0, 0x0, 0x0, 0x3, 0x8b, 0xcd, 0xc9, 0x50,
    0x0, 0x0, 0x0, 0x0, 0x0, 0x0, 0x4d, 0xff,
    0xb9, 0x9a, 0xef, 0xe6, 0x0, 0x0, 0x0, 0x0,
    0x0, 0x9f, 0xc5, 0x0, 0x0, 0x0, 0x3a, 0xfc,
    0x10, 0x0, 0x0, 0x0, 0xbf, 0x70, 0x0, 0x0,
    0x0, 0x0, 0x4, 0xed, 0x10, 0x0, 0x0, 0x9f,
    0x50, 0x0, 0x0, 0x0, 0x0, 0x0, 0x2, 0xec,
    0x0, 0x0, 0x3f, 0x70, 0x0, 0x0, 0x0, 0x0,
    0x0, 0x0, 0x3, 0xf7, 0x0, 0xc, 0xd0, 0x0,
    0x0, 0x0, 0x0, 0x0, 0x0, 0x0, 0x9, 0xf0,
    0x2, 0xf5, 0x0, 0x0, 0x0, 0x0, 0x0, 0x0,
    0x0, 0x0, 0x1f, 0x60, 0x7f, 0x0, 0x0, 0x0,
    0x0, 0x0, 0x0, 0x0, 0x0, 0x0, 0xcb, 0xa,
    0xc0, 0x0, 0x0, 0x0, 0x0, 0x0, 0x0, 0x0,
    0x0, 0x8, 0xe0, 0xca, 0x0, 0x0, 0x5, 0x99,
    0x99, 0x99, 0x80, 0x0, 0x0, 0x6f, 0xc, 0xa0,
    0x0, 0x0, 0x9f, 0xff, 0xff, 0xfe, 0x0, 0x0,
    0x6, 0xf0, 0xbb, 0x0, 0x0, 0x0, 0x0, 0x0,
    0x0, 0x0, 0x0, 0x0, 0x7f, 0x8, 0xe0, 0x0,
    0x0, 0x0, 0x0, 0x0, 0x0, 0x0, 0x0, 0xb,
    0xc0, 0x4f, 0x40, 0x0, 0x0, 0x0, 0x0, 0x0,
    0x0, 0x0, 0x0, 0xf8, 0x0, 0xdb, 0x0, 0x0,
    0x0, 0x0, 0x0, 0x0, 0x0, 0x0, 0x7f, 0x20,
    0x6, 0xf4, 0x0, 0x0, 0x0, 0x0, 0x0, 0x0,
    0x0, 0x1f, 0x90, 0x0, 0xb, 0xe2, 0x0, 0x0,
    0x0, 0x0, 0x0, 0x0, 0xc, 0xe1, 0x0, 0x0,
    0x1d, 0xe3, 0x0, 0x0, 0x0, 0x0, 0x0, 0x1c,
    0xf3, 0x0, 0x0, 0x0, 0x1c, 0xf8, 0x10, 0x0,
    0x0, 0x0, 0x6e, 0xe3, 0x0, 0x0, 0x0, 0x0,
    0x8, 0xff, 0xb7, 0x55, 0x7a, 0xef, 0xa1, 0x0,
    0x0, 0x0, 0x0, 0x0, 0x1, 0x7c, 0xff, 0xff,
    0xd8, 0x20, 0x0, 0x0, 0x0, 0x0, 0x0, 0x0,
    0x0, 0x0, 0x1, 0x0, 0x0, 0x0, 0x0, 0x0,
    0x0,

    /* U+2297 "⊗" */
    0x0, 0x0, 0x0, 0x3, 0x8b, 0xcd, 0xc9, 0x50,
    0x0, 0x0, 0x0, 0x0, 0x0, 0x0, 0x4d, 0xff,
    0xb9, 0x9a, 0xef, 0xe6, 0x0, 0x0, 0x0, 0x0,
    0x0, 0x9f, 0xc5, 0x0, 0x0, 0x0, 0x3a, 0xfc,
    0x10, 0x0, 0x0, 0x0, 0xbf, 0x70, 0x0, 0x0,
    0x0, 0x0, 0x4, 0xed, 0x10, 0x0, 0x0, 0x9f,
    0x50, 0x0, 0x0, 0x0, 0x0, 0x0, 0x2, 0xec,
    0x0, 0x0, 0x3f, 0x70, 0x0, 0x0, 0x0, 0x0,
    0x0, 0x0, 0x3, 0xf7, 0x0, 0xc, 0xd0, 0x0,
    0x0, 0x0, 0x0, 0x0, 0x0, 0x0, 0x9, 0xf0,
    0x2, 0xf5, 0x0, 0x0, 0x7, 0x0, 0x0, 0x52,
    0x0, 0x0, 0x1f, 0x60, 0x7f, 0x0, 0x0, 0x6,
    0xf9, 0x0, 0x6f, 0xa0, 0x0, 0x0, 0xcb, 0xa,
    0xc0, 0x0, 0x0, 0x9, 0xf9, 0x6f, 0xc0, 0x0,
    0x0, 0x8, 0xe0, 0xca, 0x0, 0x0, 0x0, 0x9,
    0xff, 0xc0, 0x0, 0x0, 0x0, 0x6f, 0xc, 0xa0,
    0x0, 0x0, 0x0, 0x5f, 0xf9, 0x0, 0x0, 0x0,
    0x6, 0xf0, 0xbb, 0x0, 0x0, 0x0, 0x5f, 0xc9,
    0xf9, 0x0, 0x0, 0x0, 0x7f, 0x8, 0xe0, 0x0,
    0x0, 0x5f, 0xc0, 0x9, 0xf8, 0x0, 0x0, 0xb,
    0xc0, 0x4f, 0x40, 0x0, 0x2, 0xb0, 0x0, 0x8,
    0x50, 0x0, 0x0, 0xf8, 0x0, 0xdb, 0x0, 0x0,
    0x0, 0x0, 0x0, 0x0, 0x0, 0x0, 0x7f, 0x20,
    0x6, 0xf4, 0x0, 0x0, 0x0, 0x0, 0x0, 0x0,
    0x0, 0x1f, 0x90, 0x0, 0xb, 0xe2, 0x0, 0x0,
    0x0, 0x0, 0x0, 0x0, 0xc, 0xe1, 0x0, 0x0,
    0x1d, 0xe3, 0x0, 0x0, 0x0, 0x0, 0x0, 0x1c,
    0xf3, 0x0, 0x0, 0x0, 0x1c, 0xf8, 0x10, 0x0,
    0x0, 0x0, 0x6e, 0xe3, 0x0, 0x0, 0x0, 0x0,
    0x8, 0xff, 0xb7, 0x55, 0x7a, 0xef, 0xa1, 0x0,
    0x0, 0x0, 0x0, 0x0, 0x1, 0x7c, 0xff, 0xff,
    0xd8, 0x20, 0x0, 0x0, 0x0, 0x0, 0x0, 0x0,
    0x0, 0x0, 0x1, 0x0, 0x0, 0x0, 0x0, 0x0,
    0x0,

    /* U+2298 "⊘" */
    0x0, 0x0, 0x0, 0x3, 0x8b, 0xcd, 0xc9, 0x50,
    0x0, 0x0, 0x0, 0x0, 0x0, 0x0, 0x4d, 0xff,
    0xb9, 0x9a, 0xef, 0xe6, 0x0, 0x0, 0x0, 0x0,
    0x0, 0x9f, 0xc5, 0x0, 0x0, 0x0, 0x3a, 0xfc,
    0x10, 0x0, 0x0, 0x0, 0xbf, 0x70, 0x0, 0x0,
    0x0, 0x0, 0x4, 0xed, 0x10, 0x0, 0x0, 0x9f,
    0x50, 0x0, 0x0, 0x0, 0x0, 0x0, 0x2, 0xec,
    0x0, 0x0, 0x3f, 0x70, 0x0, 0x0, 0x0, 0x0,
    0x0, 0x0, 0x3, 0xf7, 0x0, 0xc, 0xd0, 0x0,
    0x0, 0x0, 0x0, 0x2, 0x60, 0x0, 0x9, 0xf0,
    0x2, 0xf5, 0x0, 0x0, 0x0, 0x0, 0x0, 0xdf,
    0x10, 0x0, 0x1f, 0x60, 0x7f, 0x0, 0x0, 0x0,
    0x0, 0x0, 0xbf, 0x50, 0x0, 0x0, 0xcb, 0xa,
    0xc0, 0x0, 0x0, 0x0, 0x0, 0x8f, 0x80, 0x0,
    0x0, 0x8, 0xe0, 0xca, 0x0, 0x0, 0x0, 0x0,
    0x6f, 0xa0, 0x0, 0x0, 0x0, 0x6f, 0xc, 0xa0,
    0x0, 0x0, 0x0, 0x3f, 0xc0, 0x0, 0x0, 0x0,
    0x6, 0xf0, 0xbb, 0x0, 0x0, 0x0, 0x2e, 0xe1,
    0x0, 0x0, 0x0, 0x0, 0x7f, 0x8, 0xe0, 0x0,
    0x0, 0xd, 0xf3, 0x0, 0x0, 0x0, 0x0, 0xb,
    0xc0, 0x4f, 0x40, 0x0, 0xb, 0xf5, 0x0, 0x0,
    0x0, 0x0, 0x0, 0xf8, 0x0, 0xdb, 0x0, 0x0,
    0x67, 0x0, 0x0, 0x0, 0x0, 0x0, 0x7f, 0x20,
    0x6, 0xf4, 0x0, 0x0, 0x0, 0x0, 0x0, 0x0,
    0x0, 0x1f, 0x90, 0x0, 0xb, 0xe2, 0x0, 0x0,
    0x0, 0x0, 0x0, 0x0, 0xc, 0xe1, 0x0, 0x0,
    0x1d, 0xe3, 0x0, 0x0, 0x0, 0x0, 0x0, 0x1c,
    0xf3, 0x0, 0x0, 0x0, 0x1c, 0xf8, 0x10, 0x0,
    0x0, 0x0, 0x6e, 0xe3, 0x0, 0x0, 0x0, 0x0,
    0x8, 0xff, 0xb7, 0x55, 0x7a, 0xef, 0xa1, 0x0,
    0x0, 0x0, 0x0, 0x0, 0x1, 0x7c, 0xff, 0xff,
    0xd8, 0x20, 0x0, 0x0, 0x0, 0x0, 0x0, 0x0,
    0x0, 0x0, 0x1, 0x0, 0x0, 0x0, 0x0, 0x0,
    0x0,

    /* U+2303 "⌃" */
    0x0, 0x0, 0x17, 0x0, 0x0, 0x0, 0x0, 0x1d,
    0xf8, 0x0, 0x0, 0x0, 0x1d, 0xe9, 0xf8, 0x0,
    0x0, 0x1d, 0xe2, 0x7, 0xf8, 0x0, 0x1d, 0xe2,
    0x0, 0x7, 0xf8, 0x1, 0xb2, 0x0, 0x0, 0x7,
    0x80,

    /* U+2304 "⌄" */
    0x4, 0x0, 0x0, 0x0, 0x22, 0x2, 0xfa, 0x0,
    0x0, 0x2e, 0xc0, 0x6, 0xfa, 0x0, 0x2e, 0xe1,
    0x0, 0x6, 0xfa, 0x2e, 0xe1, 0x0, 0x0, 0x6,
    0xff, 0xe1, 0x0, 0x0, 0x0, 0x6, 0xd1, 0x0,
    0x0, 0x0, 0x0, 0x0, 0x0, 0x0, 0x0,

    /* U+2305 "⌅" */
    0x38, 0x88, 0x88, 0x88, 0x88, 0x5, 0xff, 0xff,
    0xff, 0xff, 0xf0, 0x0, 0x0, 0x0, 0x0, 0x0,
    0x0, 0x0, 0x1, 0x60, 0x0, 0x0, 0x0, 0x1,
    0xdf, 0x80, 0x0, 0x0, 0x1, 0xdf, 0xaf, 0x80,
    0x0, 0x1, 0xdf, 0x30, 0x8f, 0x80, 0x1, 0xdf,
    0x30, 0x0, 0x8f, 0x80, 0x1c, 0x30, 0x0, 0x0,
    0x89, 0x0, 0x0, 0x0, 0x0, 0x0, 0x0,

    /* U+2318 "⌘" */
    0x1, 0xbd, 0x90, 0x0, 0x1a, 0xda, 0x0, 0xdc,
    0x7e, 0x90, 0xb, 0xd7, 0xda, 0x1f, 0x30, 0x6e,
    0x0, 0xf4, 0x5, 0xf0, 0xf9, 0x27, 0xf2, 0x3f,
    0x52, 0xbd, 0x4, 0xff, 0xff, 0xff, 0xff, 0xfe,
    0x20, 0x0, 0x27, 0xf2, 0x3f, 0x52, 0x0, 0x0,
    0x0, 0x5f, 0x1, 0xf3, 0x0, 0x0, 0x1c, 0xff,
    0xff, 0xff, 0xfe, 0xa0, 0xd, 0xc6, 0x9f, 0x66,
    0xf8, 0x6d, 0xa1, 0xf3, 0x5, 0xe0, 0x1f, 0x30,
    0x5f, 0xf, 0x81, 0xbc, 0x0, 0xe9, 0x1a, 0xd0,
    0x5f, 0xfe, 0x20, 0x4, 0xff, 0xf3, 0x0, 0x13,
    0x0, 0x0, 0x1, 0x31, 0x0,

    /* U+2325 "⌥" */
    0x48, 0x88, 0x81, 0x0, 0x48, 0x88, 0x87, 0x8f,
    0xff, 0xf9, 0x0, 0x7f, 0xff, 0xfe, 0x0, 0x0,
    0x8f, 0x20, 0x0, 0x0, 0x0, 0x0, 0x0, 0x1f,
    0x90, 0x0, 0x0, 0x0, 0x0, 0x0, 0x8, 0xf2,
    0x0, 0x0, 0x0, 0x0, 0x0, 0x0, 0xea, 0x0,
    0x0, 0x0, 0x0, 0x0, 0x0, 0x7f, 0x20, 0x0,
    0x0, 0x0, 0x0, 0x0, 0xe, 0xa0, 0x0, 0x0,
    0x0, 0x0, 0x0, 0x7, 0xf2, 0x0, 0x0, 0x0,
    0x0, 0x0, 0x0, 0xea, 0x0, 0x0, 0x0, 0x0,
    0x0, 0x0, 0x7f, 0x87, 0x77, 0x0, 0x0, 0x0,
    0x0, 0xe, 0xff, 0xfe,

    /* U+2326 "⌦" */
    0x48, 0x88, 0x88, 0x88, 0x88, 0x84, 0x0, 0x0,
    0x0, 0x8f, 0xff, 0xff, 0xff, 0xff, 0xff, 0x50,
    0x0, 0x0, 0x8f, 0x0, 0x0, 0x0, 0x0, 0xb,
    0xf5, 0x0, 0x0, 0x8f, 0x0, 0x98, 0x0, 0x1c,
    0x40, 0xbf, 0x50, 0x0, 0x8f, 0x0, 0x7f, 0x81,
    0xde, 0x20, 0xb, 0xf5, 0x0, 0x8f, 0x0, 0x7,
    0xfe, 0xe2, 0x0, 0x0, 0xbf, 0x50, 0x8f, 0x0,
    0x1, 0xef, 0xa0, 0x0, 0x0, 0x4f, 0xc0, 0x8f,
    0x0, 0x1d, 0xe7, 0xf9, 0x0, 0x4, 0xfc, 0x0,
    0x8f, 0x0, 0xce, 0x20, 0x6f, 0x60, 0x4f, 0xc0,
    0x0, 0x8f, 0x0, 0x32, 0x0, 0x4, 0x4, 0xfc,
    0x0, 0x0, 0x8f, 0x77, 0x77, 0x77, 0x77, 0x8f,
    0xc0, 0x0, 0x0, 0x8f, 0xff, 0xff, 0xff, 0xff,
    0xfc, 0x0, 0x0, 0x0,

    /* U+2327 "⌧" */
    0x48, 0x88, 0x88, 0x88, 0x88, 0x88, 0x88, 0x18,
    0xff, 0xff, 0xff, 0xff, 0xff, 0xff, 0xf2, 0x8e,
    0x0, 0x0, 0x0, 0x0, 0x0, 0x4f, 0x28, 0xe0,
    0xa, 0x80, 0x1, 0xc4, 0x4, 0xf2, 0x8e, 0x0,
    0x7f, 0x81, 0xde, 0x20, 0x4f, 0x28, 0xe0, 0x0,
    0x7f, 0xee, 0x20, 0x4, 0xf2, 0x8e, 0x0, 0x1,
    0xef, 0xa0, 0x0, 0x4f, 0x28, 0xe0, 0x1, 0xde,
    0x7f, 0x90, 0x4, 0xf2, 0x8e, 0x0, 0xce, 0x20,
    0x6f, 0x60, 0x4f, 0x28, 0xe0, 0x3, 0x20, 0x0,
    0x40, 0x4, 0xf2, 0x8f, 0x77, 0x77, 0x77, 0x77,
    0x77, 0xaf, 0x28, 0xff, 0xff, 0xff, 0xff, 0xff,
    0xff, 0xf2,

    /* U+232B "⌫" */
    0x0, 0x0, 0x1, 0x88, 0x88, 0x88, 0x88, 0x88,
    0x80, 0x0, 0x1, 0xcf, 0xff, 0xff, 0xff, 0xff,
    0xff, 0x0, 0x1, 0xcf, 0x30, 0x0, 0x0, 0x0,
    0x7, 0xf0, 0x1, 0xcf, 0x30, 0xc5, 0x0, 0x2d,
    0x20, 0x7f, 0x1, 0xcf, 0x30, 0xa, 0xf6, 0x2e,
    0xd1, 0x7, 0xf1, 0xdf, 0x30, 0x0, 0x9, 0xff,
    0xd1, 0x0, 0x7f, 0x5f, 0xb0, 0x0, 0x0, 0x3f,
    0xf7, 0x0, 0x7, 0xf0, 0x6f, 0xa0, 0x0, 0x3f,
    0xc9, 0xf7, 0x0, 0x7f, 0x0, 0x6f, 0xa0, 0xe,
    0xc1, 0x9, 0xf4, 0x7, 0xf0, 0x0, 0x6f, 0xa0,
    0x40, 0x0, 0x5, 0x0, 0x7f, 0x0, 0x0, 0x6f,
    0xb7, 0x77, 0x77, 0x77, 0x7b, 0xf0, 0x0, 0x0,
    0x5f, 0xff, 0xff, 0xff, 0xff, 0xff,

    /* U+2380 "⎀" */
    0x0, 0x0, 0x1, 0x31, 0x0, 0x0, 0x0, 0x0,
    0x9f, 0xdf, 0x70, 0x0, 0x0, 0x0, 0x23, 0x4c,
    0xe0, 0x0, 0x0, 0x0, 0xcd, 0x9c, 0xe0, 0x0,
    0x0, 0x2, 0xf7, 0x5d, 0xe0, 0x0, 0xb, 0x20,
    0x7b, 0x96, 0x90, 0x49, 0x8, 0xe2, 0x0, 0x0,
    0x4, 0xf5, 0x0, 0x8e, 0x20, 0x0, 0x4f, 0x50,
    0x0, 0x8, 0xe2, 0x4, 0xf5, 0x0, 0x0, 0x0,
    0x8e, 0x7f, 0x50, 0x0, 0x0, 0x0, 0x8, 0xf5,
    0x0, 0x0, 0x0, 0x0, 0x0, 0x20, 0x0, 0x0,

    /* U+2387 "⎇" */
    0x0, 0x0, 0x0, 0x0, 0x6, 0x88, 0x87, 0x0,
    0x0, 0x0, 0x0, 0x3f, 0xff, 0xfe, 0x0, 0x0,
    0x0, 0x0, 0xbe, 0x0, 0x0, 0x0, 0x0, 0x0,
    0x3, 0xf6, 0x0, 0x0, 0x0, 0x0, 0x0, 0xb,
    0xe0, 0x0, 0x0, 0x0, 0x0, 0x0, 0x3f, 0x60,
    0x0, 0x0, 0x0, 0x0, 0x0, 0xbd, 0x0, 0x0,
    0x0, 0x0, 0x0, 0x4, 0xf5, 0x0, 0x0, 0x0,
    0x0, 0x0, 0xc, 0xd0, 0x0, 0x0, 0x0, 0x0,
    0x0, 0x4f, 0x50, 0x0, 0x0, 0x0, 0x47, 0x77,
    0xdd, 0x0, 0x37, 0x77, 0x77, 0x8f, 0xff, 0xf5,
    0x0, 0x8f, 0xff, 0xfe,

    /* U+238B "⎋" */
    0x1a, 0xaa, 0x60, 0x38, 0x40, 0x0, 0x3, 0xff,
    0xc0, 0x5, 0xff, 0xd2, 0x0, 0x3f, 0xfd, 0x10,
    0x0, 0x4e, 0xf2, 0x3, 0xc3, 0xed, 0x10, 0x0,
    0x1e, 0xc0, 0x10, 0x2, 0xed, 0x10, 0x0, 0x6f,
    0x20, 0x0, 0x2, 0xed, 0x0, 0x1, 0xf6, 0x1d,
    0x40, 0x2, 0x50, 0x0, 0x1f, 0x60, 0xf8, 0x0,
    0x0, 0x0, 0x4, 0xf4, 0xa, 0xf2, 0x0, 0x0,
    0x0, 0xbe, 0x0, 0x2f, 0xd2, 0x0, 0x0, 0xaf,
    0x60, 0x0, 0x4f, 0xfa, 0x89, 0xef, 0x70, 0x0,
    0x0, 0x19, 0xdf, 0xea, 0x30, 0x0,

    /* U+23CE "⏎" */
    0x0, 0x0, 0x0, 0x0, 0x38, 0x88, 0x82, 0x0,
    0x0, 0x0, 0x0, 0x5f, 0xff, 0xf5, 0x0, 0x0,
    0x0, 0x0, 0x0, 0x2, 0xf5, 0x0, 0x1, 0x10,
    0x0, 0x0, 0x2, 0xf5, 0x0, 0x2e, 0x20, 0x0,
    0x0, 0x2, 0xf5, 0x2, 0xef, 0x20, 0x0, 0x0,
    0x2, 0xf5, 0x2e, 0xff, 0xff, 0xff, 0xff, 0xff,
    0xf5, 0xa, 0xff, 0x98, 0x88, 0x88, 0x88, 0x82,
    0x0, 0xaf, 0x20, 0x0, 0x0, 0x0, 0x0, 0x0,
    0xa, 0x20, 0x0, 0x0, 0x0, 0x0, 0x0, 0x0,
    0x0, 0x0, 0x0, 0x0, 0x0,

    /* U+23CF "⏏" */
    0x0, 0x0, 0x6, 0x30, 0x0, 0x0, 0x0, 0x0,
    0x6f, 0xf3, 0x0, 0x0, 0x0, 0x5, 0xff, 0xff,
    0x30, 0x0, 0x0, 0x5f, 0xff, 0xff, 0xf3, 0x0,
    0x5, 0xff, 0xff, 0xff, 0xfe, 0x20, 0x4f, 0xff,
    0xff, 0xff, 0xff, 0xe2, 0x23, 0x33, 0x33, 0x33,
    0x33, 0x32, 0x0, 0x0, 0x0, 0x0, 0x0, 0x0,
    0xff, 0xff, 0xff, 0xff, 0xff, 0xfb, 0xff, 0xff,
    0xff, 0xff, 0xff, 0xfb, 0x44, 0x44, 0x44, 0x44,
    0x44, 0x43,

    /* U+25A0 "■" */
    0x5a, 0xaa, 0xaa, 0xaa, 0xaa, 0xaa, 0x9, 0xff,
    0xff, 0xff, 0xff, 0xff, 0xf1, 0x9f, 0xff, 0xff,
    0xff, 0xff, 0xff, 0x19, 0xff, 0xff, 0xff, 0xff,
    0xff, 0xf1, 0x9f, 0xff, 0xff, 0xff, 0xff, 0xff,
    0x19, 0xff, 0xff, 0xff, 0xff, 0xff, 0xf1, 0x9f,
    0xff, 0xff, 0xff, 0xff, 0xff, 0x19, 0xff, 0xff,
    0xff, 0xff, 0xff, 0xf1, 0x9f, 0xff, 0xff, 0xff,
    0xff, 0xff, 0x19, 0xff, 0xff, 0xff, 0xff, 0xff,
    0xf1, 0x9f, 0xff, 0xff, 0xff, 0xff, 0xff, 0x19,
    0xff, 0xff, 0xff, 0xff, 0xff, 0xf1,

    /* U+25A1 "□" */
    0x48, 0x88, 0x88, 0x88, 0x88, 0x88, 0x18, 0xff,
    0xff, 0xff, 0xff, 0xff, 0xf2, 0x8f, 0x0, 0x0,
    0x0, 0x0, 0x5f, 0x28, 0xf0, 0x0, 0x0, 0x0,
    0x5, 0xf2, 0x8f, 0x0, 0x0, 0x0, 0x0, 0x5f,
    0x28, 0xf0, 0x0, 0x0, 0x0, 0x5, 0xf2, 0x8f,
    0x0, 0x0, 0x0, 0x0, 0x5f, 0x28, 0xf0, 0x0,
    0x0, 0x0, 0x5, 0xf2, 0x8f, 0x0, 0x0, 0x0,
    0x0, 0x5f, 0x28, 0xf0, 0x0, 0x0, 0x0, 0x5,
    0xf2, 0x8f, 0x77, 0x77, 0x77, 0x77, 0xaf, 0x28,
    0xff, 0xff, 0xff, 0xff, 0xff, 0xf2,

    /* U+25A2 "▢" */
    0x5, 0x88, 0x88, 0x88, 0x88, 0x72, 0x5, 0xff,
    0xff, 0xff, 0xff, 0xff, 0xe0, 0x7f, 0x0, 0x0,
    0x0, 0x0, 0x5f, 0x28, 0xf0, 0x0, 0x0, 0x0,
    0x5, 0xf2, 0x8f, 0x0, 0x0, 0x0, 0x0, 0x5f,
    0x28, 0xf0, 0x0, 0x0, 0x0, 0x5, 0xf2, 0x8f,
    0x0, 0x0, 0x0, 0x0, 0x5f, 0x28, 0xf0, 0x0,
    0x0, 0x0, 0x5, 0xf2, 0x8f, 0x0, 0x0, 0x0,
    0x0, 0x5f, 0x28, 0xf0, 0x0, 0x0, 0x0, 0x5,
    0xf2, 0x7f, 0x77, 0x77, 0x77, 0x77, 0xaf, 0x11,
    0xdf, 0xff, 0xff, 0xff, 0xff, 0x90,

    /* U+25AA "▪" */
    0xf, 0xff, 0xf7, 0xf, 0xff, 0xf8, 0xf, 0xff,
    0xf8, 0xf, 0xff, 0xf8, 0x9, 0x99, 0x94,

    /* U+25B2 "▲" */
    0x0, 0x0, 0x0, 0x0, 0x10, 0x0, 0x0, 0x0,
    0x0, 0x0, 0x0, 0x5, 0xa0, 0x0, 0x0, 0x0,
    0x0, 0x0, 0x0, 0xe, 0xf4, 0x0, 0x0, 0x0,
    0x0, 0x0, 0x0, 0x8f, 0xfd, 0x0, 0x0, 0x0,
    0x0, 0x0, 0x2, 0xff, 0xff, 0x70, 0x0, 0x0,
    0x0, 0x0, 0xb, 0xff, 0xff, 0xf1, 0x0, 0x0,
    0x0, 0x0, 0x5f, 0xff, 0xff, 0xfa, 0x0, 0x0,
    0x0, 0x0, 0xdf, 0xff, 0xff, 0xff, 0x40, 0x0,
    0x0, 0x8, 0xff, 0xff, 0xff, 0xff, 0xd0, 0x0,
    0x0, 0x2f, 0xff, 0xff, 0xff, 0xff, 0xf7, 0x0,
    0x0, 0xbf, 0xff, 0xff, 0xff, 0xff, 0xff, 0x10,
    0x4, 0xff, 0xff, 0xff, 0xff, 0xff, 0xff, 0xa0,
    0xd, 0xff, 0xff, 0xff, 0xff, 0xff, 0xff, 0xf3,

    /* U+25B3 "△" */
    0x0, 0x0, 0x0, 0x0, 0x10, 0x0, 0x0, 0x0,
    0x0, 0x0, 0x0, 0x5, 0xa0, 0x0, 0x0, 0x0,
    0x0, 0x0, 0x0, 0xe, 0xf4, 0x0, 0x0, 0x0,
    0x0, 0x0, 0x0, 0x8f, 0xdd, 0x0, 0x0, 0x0,
    0x0, 0x0, 0x2, 0xf9, 0x3f, 0x70, 0x0, 0x0,
    0x0, 0x0, 0xb, 0xe1, 0xa, 0xf1, 0x0, 0x0,
    0x0, 0x0, 0x5f, 0x60, 0x1, 0xfa, 0x0, 0x0,
    0x0, 0x0, 0xdc, 0x0, 0x0, 0x7f, 0x40, 0x0,
    0x0, 0x8, 0xf3, 0x0, 0x0, 0xd, 0xd0, 0x0,
    0x0, 0x2f, 0xa0, 0x0, 0x0, 0x4, 0xf7, 0x0,
    0x0, 0xbf, 0x10, 0x0, 0x0, 0x0, 0xaf, 0x10,
    0x4, 0xfc, 0x77, 0x77, 0x77, 0x77, 0x9f, 0xa0,
    0xd, 0xff, 0xff, 0xff, 0xff, 0xff, 0xff, 0xf3,

    /* U+25B6 "▶" */
    0x0, 0x0, 0x0, 0x0, 0x0, 0x0, 0x0, 0x68,
    0x0, 0x0, 0x0, 0x0, 0x0, 0x0, 0x7f, 0xe6,
    0x0, 0x0, 0x0, 0x0, 0x0, 0x7f, 0xff, 0xc3,
    0x0, 0x0, 0x0, 0x0, 0x7f, 0xff, 0xff, 0xa1,
    0x0, 0x0, 0x0, 0x7f, 0xff, 0xff, 0xff, 0x70,
    0x0, 0x0, 0x7f, 0xff, 0xff, 0xff, 0xfd, 0x40,
    0x0, 0x7f, 0xff, 0xff, 0xff, 0xff, 0xfb, 0x20,
    0x7f, 0xff, 0xff, 0xff, 0xff, 0xff, 0x70, 0x7f,
    0xff, 0xff, 0xff, 0xff, 0xa1, 0x0, 0x7f, 0xff,
    0xff, 0xff, 0xd4, 0x0, 0x0, 0x7f, 0xff, 0xff,
    0xe6, 0x0, 0x0, 0x0, 0x7f, 0xff, 0xf9, 0x10,
    0x0, 0x0, 0x0, 0x7f, 0xfb, 0x20, 0x0, 0x0,
    0x0, 0x0, 0x7d, 0x50, 0x0, 0x0, 0x0, 0x0,
    0x0, 0x20, 0x0, 0x0, 0x0, 0x0, 0x0, 0x0,

    /* U+25B7 "▷" */
    0x0, 0x0, 0x0, 0x0, 0x0, 0x0, 0x0, 0x68,
    0x0, 0x0, 0x0, 0x0, 0x0, 0x0, 0x7f, 0xe6,
    0x0, 0x0, 0x0, 0x0, 0x0, 0x7f, 0xbf, 0xc3,
    0x0, 0x0, 0x0, 0x0, 0x7f, 0x5, 0xdf, 0xa1,
    0x0, 0x0, 0x0, 0x7f, 0x0, 0x7, 0xff, 0x70,
    0x0, 0x0, 0x7f, 0x0, 0x0, 0x1a, 0xfd, 0x40,
    0x0, 0x7f, 0x0, 0x0, 0x0, 0x3d, 0xfb, 0x20,
    0x7f, 0x0, 0x0, 0x0, 0x7, 0xff, 0x70, 0x7f,
    0x0, 0x0, 0x4, 0xdf, 0xa1, 0x0, 0x7f, 0x0,
    0x2, 0xbf, 0xd4, 0x0, 0x0, 0x7f, 0x0, 0x8f,
    0xe6, 0x0, 0x0, 0x0, 0x7f, 0x6e, 0xf9, 0x10,
    0x0, 0x0, 0x0, 0x7f, 0xfb, 0x20, 0x0, 0x0,
    0x0, 0x0, 0x7d, 0x50, 0x0, 0x0, 0x0, 0x0,
    0x0, 0x20, 0x0, 0x0, 0x0, 0x0, 0x0, 0x0,

    /* U+25BA "►" */
    0x0, 0x0, 0x0, 0x0, 0x0, 0x0, 0x0, 0x68,
    0x0, 0x0, 0x0, 0x0, 0x0, 0x0, 0x7f, 0xe6,
    0x0, 0x0, 0x0, 0x0, 0x0, 0x7f, 0xff, 0xc3,
    0x0, 0x0, 0x0, 0x0, 0x7f, 0xff, 0xff, 0xa1,
    0x0, 0x0, 0x0, 0x7f, 0xff, 0xff, 0xff, 0x70,
    0x0, 0x0, 0x7f, 0xff, 0xff, 0xff, 0xfd, 0x40,
    0x0, 0x7f, 0xff, 0xff, 0xff, 0xff, 0xfb, 0x20,
    0x7f, 0xff, 0xff, 0xff, 0xff, 0xff, 0x70, 0x7f,
    0xff, 0xff, 0xff, 0xff, 0xa1, 0x0, 0x7f, 0xff,
    0xff, 0xff, 0xd4, 0x0, 0x0, 0x7f, 0xff, 0xff,
    0xe6, 0x0, 0x0, 0x0, 0x7f, 0xff, 0xf9, 0x10,
    0x0, 0x0, 0x0, 0x7f, 0xfb, 0x20, 0x0, 0x0,
    0x0, 0x0, 0x7d, 0x50, 0x0, 0x0, 0x0, 0x0,
    0x0, 0x20, 0x0, 0x0, 0x0, 0x0, 0x0, 0x0,

    /* U+25BB "▻" */
    0x0, 0x0, 0x0, 0x0, 0x0, 0x0, 0x0, 0x68,
    0x0, 0x0, 0x0, 0x0, 0x0, 0x0, 0x7f, 0xe6,
    0x0, 0x0, 0x0, 0x0, 0x0, 0x7f, 0xbf, 0xc3,
    0x0, 0x0, 0x0, 0x0, 0x7f, 0x5, 0xdf, 0xa1,
    0x0, 0x0, 0x0, 0x7f, 0x0, 0x7, 0xff, 0x70,
    0x0, 0x0, 0x7f, 0x0, 0x0, 0x1a, 0xfd, 0x40,
    0x0, 0x7f, 0x0, 0x0, 0x0, 0x3d, 0xfb, 0x20,
    0x7f, 0x0, 0x0, 0x0, 0x7, 0xff, 0x70, 0x7f,
    0x0, 0x0, 0x4, 0xdf, 0xa1, 0x0, 0x7f, 0x0,
    0x2, 0xbf, 0xd4, 0x0, 0x0, 0x7f, 0x0, 0x8f,
    0xe6, 0x0, 0x0, 0x0, 0x7f, 0x6e, 0xf9, 0x10,
    0x0, 0x0, 0x0, 0x7f, 0xfb, 0x20, 0x0, 0x0,
    0x0, 0x0, 0x7d, 0x50, 0x0, 0x0, 0x0, 0x0,
    0x0, 0x20, 0x0, 0x0, 0x0, 0x0, 0x0, 0x0,

    /* U+25BC "▼" */
    0x9, 0xaa, 0xaa, 0xaa, 0xaa, 0xaa, 0xaa, 0xa3,
    0x7, 0xff, 0xff, 0xff, 0xff, 0xff, 0xff, 0xd0,
    0x0, 0xdf, 0xff, 0xff, 0xff, 0xff, 0xff, 0x40,
    0x0, 0x4f, 0xff, 0xff, 0xff, 0xff, 0xfa, 0x0,
    0x0, 0xb, 0xff, 0xff, 0xff, 0xff, 0xf1, 0x0,
    0x0, 0x2, 0xff, 0xff, 0xff, 0xff, 0x70, 0x0,
    0x0, 0x0, 0x8f, 0xff, 0xff, 0xfd, 0x0, 0x0,
    0x0, 0x0, 0xe, 0xff, 0xff, 0xf4, 0x0, 0x0,
    0x0, 0x0, 0x5, 0xff, 0xff, 0xb0, 0x0, 0x0,
    0x0, 0x0, 0x0, 0xbf, 0xff, 0x20, 0x0, 0x0,
    0x0, 0x0, 0x0, 0x2f, 0xf8, 0x0, 0x0, 0x0,
    0x0, 0x0, 0x0, 0x9, 0xd0, 0x0, 0x0, 0x0,
    0x0, 0x0, 0x0, 0x0, 0x40, 0x0, 0x0, 0x0,

    /* U+25BD "▽" */
    0x8, 0x88, 0x88, 0x88, 0x88, 0x88, 0x88, 0x83,
    0x9, 0xff, 0xff, 0xff, 0xff, 0xff, 0xff, 0xe0,
    0x1, 0xec, 0x0, 0x0, 0x0, 0x0, 0x6f, 0x50,
    0x0, 0x6f, 0x50, 0x0, 0x0, 0x1, 0xeb, 0x0,
    0x0, 0xc, 0xe0, 0x0, 0x0, 0x9, 0xf2, 0x0,
    0x0, 0x3, 0xf8, 0x0, 0x0, 0x2f, 0x80, 0x0,
    0x0, 0x0, 0x9f, 0x20, 0x0, 0xce, 0x0, 0x0,
    0x0, 0x0, 0x1e, 0xb0, 0x5, 0xf5, 0x0, 0x0,
    0x0, 0x0, 0x6, 0xf4, 0xe, 0xc0, 0x0, 0x0,
    0x0, 0x0, 0x0, 0xcd, 0x9f, 0x20, 0x0, 0x0,
    0x0, 0x0, 0x0, 0x3f, 0xf9, 0x0, 0x0, 0x0,
    0x0, 0x0, 0x0, 0xa, 0xe1, 0x0, 0x0, 0x0,
    0x0, 0x0, 0x0, 0x1, 0x50, 0x0, 0x0, 0x0,

    /* U+25C0 "◀" */
    0x0, 0x0, 0x0, 0x0, 0x0, 0x0, 0x0, 0x0,
    0x0, 0x0, 0x0, 0x0, 0x1, 0x94, 0x0, 0x0,
    0x0, 0x0, 0x0, 0x7f, 0xf5, 0x0, 0x0, 0x0,
    0x0, 0x4d, 0xff, 0xf5, 0x0, 0x0, 0x0, 0x2b,
    0xff, 0xff, 0xf5, 0x0, 0x0, 0x8, 0xff, 0xff,
    0xff, 0xf5, 0x0, 0x6, 0xef, 0xff, 0xff, 0xff,
    0xf5, 0x3, 0xcf, 0xff, 0xff, 0xff, 0xff, 0xf5,
    0x9, 0xff, 0xff, 0xff, 0xff, 0xff, 0xf5, 0x0,
    0x3c, 0xff, 0xff, 0xff, 0xff, 0xf5, 0x0, 0x0,
    0x5e, 0xff, 0xff, 0xff, 0xf5, 0x0, 0x0, 0x0,
    0x8f, 0xff, 0xff, 0xf5, 0x0, 0x0, 0x0, 0x1,
    0xaf, 0xff, 0xf5, 0x0, 0x0, 0x0, 0x0, 0x3,
    0xcf, 0xf5, 0x0, 0x0, 0x0, 0x0, 0x0, 0x6,
    0xe5, 0x0, 0x0, 0x0, 0x0, 0x0, 0x0, 0x11,

    /* U+25C1 "◁" */
    0x0, 0x0, 0x0, 0x0, 0x0, 0x0, 0x0, 0x0,
    0x0, 0x0, 0x0, 0x0, 0x1, 0x94, 0x0, 0x0,
    0x0, 0x0, 0x0, 0x7f, 0xf5, 0x0, 0x0, 0x0,
    0x0, 0x4d, 0xfb, 0xf5, 0x0, 0x0, 0x0, 0x2b,
    0xfd, 0x32, 0xf5, 0x0, 0x0, 0x8, 0xfe, 0x60,
    0x2, 0xf5, 0x0, 0x6, 0xef, 0x91, 0x0, 0x2,
    0xf5, 0x3, 0xcf, 0xb2, 0x0, 0x0, 0x2, 0xf5,
    0x9, 0xff, 0x60, 0x0, 0x0, 0x2, 0xf5, 0x0,
    0x3c, 0xfc, 0x30, 0x0, 0x2, 0xf5, 0x0, 0x0,
    0x5e, 0xfa, 0x10, 0x2, 0xf5, 0x0, 0x0, 0x0,
    0x8f, 0xf7, 0x2, 0xf5, 0x0, 0x0, 0x0, 0x1,
    0xaf, 0xd7, 0xf5, 0x0, 0x0, 0x0, 0x0, 0x3,
    0xcf, 0xf5, 0x0, 0x0, 0x0, 0x0, 0x0, 0x6,
    0xe5, 0x0, 0x0, 0x0, 0x0, 0x0, 0x0, 0x11,

    /* U+25C4 "◄" */
    0x0, 0x0, 0x0, 0x0, 0x0, 0x0, 0x0, 0x0,
    0x0, 0x0, 0x0, 0x0, 0x1, 0x94, 0x0, 0x0,
    0x0, 0x0, 0x0, 0x7f, 0xf5, 0x0, 0x0, 0x0,
    0x0, 0x4d, 0xff, 0xf5, 0x0, 0x0, 0x0, 0x2b,
    0xff, 0xff, 0xf5, 0x0, 0x0, 0x8, 0xff, 0xff,
    0xff, 0xf5, 0x0, 0x6, 0xef, 0xff, 0xff, 0xff,
    0xf5, 0x3, 0xcf, 0xff, 0xff, 0xff, 0xff, 0xf5,
    0x9, 0xff, 0xff, 0xff, 0xff, 0xff, 0xf5, 0x0,
    0x3c, 0xff, 0xff, 0xff, 0xff, 0xf5, 0x0, 0x0,
    0x5e, 0xff, 0xff, 0xff, 0xf5, 0x0, 0x0, 0x0,
    0x8f, 0xff, 0xff, 0xf5, 0x0, 0x0, 0x0, 0x1,
    0xaf, 0xff, 0xf5, 0x0, 0x0, 0x0, 0x0, 0x3,
    0xcf, 0xf5, 0x0, 0x0, 0x0, 0x0, 0x0, 0x6,
    0xe5, 0x0, 0x0, 0x0, 0x0, 0x0, 0x0, 0x11,

    /* U+25C5 "◅" */
    0x0, 0x0, 0x0, 0x0, 0x0, 0x0, 0x0, 0x0,
    0x0, 0x0, 0x0, 0x0, 0x1, 0x94, 0x0, 0x0,
    0x0, 0x0, 0x0, 0x7f, 0xf5, 0x0, 0x0, 0x0,
    0x0, 0x4d, 0xfb, 0xf5, 0x0, 0x0, 0x0, 0x2b,
    0xfd, 0x32, 0xf5, 0x0, 0x0, 0x8, 0xfe, 0x60,
    0x2, 0xf5, 0x0, 0x6, 0xef, 0x91, 0x0, 0x2,
    0xf5, 0x3, 0xcf, 0xb2, 0x0, 0x0, 0x2, 0xf5,
    0x9, 0xff, 0x60, 0x0, 0x0, 0x2, 0xf5, 0x0,
    0x3c, 0xfc, 0x30, 0x0, 0x2, 0xf5, 0x0, 0x0,
    0x5e, 0xfa, 0x10, 0x2, 0xf5, 0x0, 0x0, 0x0,
    0x8f, 0xf7, 0x2, 0xf5, 0x0, 0x0, 0x0, 0x1,
    0xaf, 0xd7, 0xf5, 0x0, 0x0, 0x0, 0x0, 0x3,
    0xcf, 0xf5, 0x0, 0x0, 0x0, 0x0, 0x0, 0x6,
    0xe5, 0x0, 0x0, 0x0, 0x0, 0x0, 0x0, 0x11,

    /* U+25C6 "◆" */
    0x0, 0x0, 0x0, 0x0, 0x30, 0x0, 0x0, 0x0,
    0x0, 0x0, 0x0, 0x0, 0x7f, 0x60, 0x0, 0x0,
    0x0, 0x0, 0x0, 0x0, 0x7f, 0xff, 0x60, 0x0,
    0x0, 0x0, 0x0, 0x0, 0x7f, 0xff, 0xff, 0x60,
    0x0, 0x0, 0x0, 0x0, 0x7f, 0xff, 0xff, 0xff,
    0x60, 0x0, 0x0, 0x0, 0x7f, 0xff, 0xff, 0xff,
    0xff, 0x60, 0x0, 0x0, 0x8f, 0xff, 0xff, 0xff,
    0xff, 0xff, 0x60, 0x0, 0x8f, 0xff, 0xff, 0xff,
    0xff, 0xff, 0xff, 0x60, 0xd, 0xff, 0xff, 0xff,
    0xff, 0xff, 0xff, 0xfb, 0x0, 0x1c, 0xff, 0xff,
    0xff, 0xff, 0xff, 0xfb, 0x0, 0x0, 0x1c, 0xff,
    0xff, 0xff, 0xff, 0xfb, 0x0, 0x0, 0x0, 0x1c,
    0xff, 0xff, 0xff, 0xfb, 0x0, 0x0, 0x0, 0x0,
    0x1c, 0xff, 0xff, 0xfb, 0x0, 0x0, 0x0, 0x0,
    0x0, 0xc, 0xff, 0xfb, 0x0, 0x0, 0x0, 0x0,
    0x0, 0x0, 0xc, 0xfc, 0x0, 0x0, 0x0, 0x0,
    0x0, 0x0, 0x0, 0x9, 0x0, 0x0, 0x0, 0x0,

    /* U+25C7 "◇" */
    0x0, 0x0, 0x0, 0x0, 0x30, 0x0, 0x0, 0x0,
    0x0, 0x0, 0x0, 0x0, 0x7f, 0x60, 0x0, 0x0,
    0x0, 0x0, 0x0, 0x0, 0x7f, 0xdf, 0x60, 0x0,
    0x0, 0x0, 0x0, 0x0, 0x7f, 0x90, 0xaf, 0x60,
    0x0, 0x0, 0x0, 0x0, 0x7f, 0x90, 0x0, 0xaf,
    0x60, 0x0, 0x0, 0x0, 0x7f, 0x90, 0x0, 0x0,
    0xaf, 0x60, 0x0, 0x0, 0x8f, 0x90, 0x0, 0x0,
    0x0, 0xaf, 0x60, 0x0, 0x8f, 0x90, 0x0, 0x0,
    0x0, 0x0, 0xaf, 0x60, 0xd, 0xf4, 0x0, 0x0,
    0x0, 0x0, 0x5, 0xfb, 0x0, 0x1c, 0xf4, 0x0,
    0x0, 0x0, 0x5, 0xfb, 0x0, 0x0, 0x1c, 0xf4,
    0x0, 0x0, 0x5, 0xfb, 0x0, 0x0, 0x0, 0x1c,
    0xf4, 0x0, 0x5, 0xfb, 0x0, 0x0, 0x0, 0x0,
    0x1c, 0xf4, 0x4, 0xfb, 0x0, 0x0, 0x0, 0x0,
    0x0, 0xc, 0xf8, 0xfb, 0x0, 0x0, 0x0, 0x0,
    0x0, 0x0, 0xc, 0xfc, 0x0, 0x0, 0x0, 0x0,
    0x0, 0x0, 0x0, 0x9, 0x0, 0x0, 0x0, 0x0,

    /* U+25CA "◊" */
    0x0, 0x4, 0xa4, 0x0, 0x0, 0x0, 0xdf, 0xd0,
    0x0, 0x0, 0x6f, 0xcf, 0x70, 0x0, 0xe, 0xe0,
    0xde, 0x10, 0x7, 0xf6, 0x6, 0xf8, 0x1, 0xee,
    0x0, 0xd, 0xf1, 0x3f, 0xc0, 0x0, 0xbf, 0x40,
    0xaf, 0x40, 0x2f, 0xb0, 0x2, 0xfc, 0xa, 0xf3,
    0x0, 0x9, 0xf7, 0xfa, 0x0, 0x0, 0x1f, 0xff,
    0x20, 0x0, 0x0, 0x7f, 0x90, 0x0,

    /* U+25CB "○" */
    0x0, 0x2, 0x8c, 0xdb, 0x60, 0x0, 0x0, 0x7,
    0xff, 0xcb, 0xdf, 0xd2, 0x0, 0x6, 0xfa, 0x10,
    0x0, 0x4e, 0xe1, 0x1, 0xfb, 0x0, 0x0, 0x0,
    0x2f, 0xa0, 0x6f, 0x20, 0x0, 0x0, 0x0, 0x8f,
    0x1a, 0xe0, 0x0, 0x0, 0x0, 0x4, 0xf3, 0xae,
    0x0, 0x0, 0x0, 0x0, 0x3f, 0x48, 0xf1, 0x0,
    0x0, 0x0, 0x7, 0xf2, 0x2f, 0x80, 0x0, 0x0,
    0x0, 0xec, 0x0, 0x9f, 0x70, 0x0, 0x1, 0xbf,
    0x40, 0x0, 0xbf, 0xc7, 0x69, 0xef, 0x60, 0x0,
    0x0, 0x6d, 0xff, 0xfb, 0x30, 0x0, 0x0, 0x0,
    0x0, 0x10, 0x0, 0x0, 0x0,

    /* U+25CF "●" */
    0x0, 0x2, 0x9c, 0xdb, 0x60, 0x0, 0x0, 0x8,
    0xff, 0xff, 0xff, 0xd2, 0x0, 0x7, 0xff, 0xff,
    0xff, 0xff, 0xe1, 0x2, 0xff, 0xff, 0xff, 0xff,
    0xff, 0x90, 0x8f, 0xff, 0xff, 0xff, 0xff, 0xff,
    0xb, 0xff, 0xff, 0xff, 0xff, 0xff, 0xf2, 0xbf,
    0xff, 0xff, 0xff, 0xff, 0xff, 0x39, 0xff, 0xff,
    0xff, 0xff, 0xff, 0xf1, 0x4f, 0xff, 0xff, 0xff,
    0xff, 0xfb, 0x0, 0xbf, 0xff, 0xff, 0xff, 0xff,
    0x30, 0x1, 0xcf, 0xff, 0xff, 0xff, 0x50, 0x0,
    0x0, 0x7d, 0xff, 0xfa, 0x20, 0x0, 0x0, 0x0,
    0x1, 0x20, 0x0, 0x0, 0x0,

    /* U+25E6 "◦" */
    0x0, 0x1, 0x0, 0x5, 0xff, 0xb0, 0x1f, 0x40,
    0xb9, 0x3e, 0x0, 0x6b, 0xe, 0x85, 0xd6, 0x2,
    0xbd, 0x70,

    /* U+25EF "◯" */
    0x0, 0x0, 0x0, 0x3, 0x8b, 0xcd, 0xc9, 0x50,
    0x0, 0x0, 0x0, 0x0, 0x0, 0x0, 0x4d, 0xff,
    0xb9, 0x9a, 0xef, 0xe6, 0x0, 0x0, 0x0, 0x0,
    0x0, 0x9f, 0xc5, 0x0, 0x0, 0x0, 0x3a, 0xfc,
    0x10, 0x0, 0x0, 0x0, 0xbf, 0x70, 0x0, 0x0,
    0x0, 0x0, 0x4, 0xed, 0x10, 0x0, 0x0, 0x9f,
    0x50, 0x0, 0x0, 0x0, 0x0, 0x0, 0x2, 0xec,
    0x0, 0x0, 0x3f, 0x70, 0x0, 0x0, 0x0, 0x0,
    0x0, 0x0, 0x3, 0xf7, 0x0, 0xc, 0xd0, 0x0,
    0x0, 0x0, 0x0, 0x0, 0x0, 0x0, 0x9, 0xf0,
    0x2, 0xf5, 0x0, 0x0, 0x0, 0x0, 0x0, 0x0,
    0x0, 0x0, 0x1f, 0x60, 0x7f, 0x0, 0x0, 0x0,
    0x0, 0x0, 0x0, 0x0, 0x0, 0x0, 0xcb, 0xa,
    0xc0, 0x0, 0x0, 0x0, 0x0, 0x0, 0x0, 0x0,
    0x0, 0x8, 0xe0, 0xca, 0x0, 0x0, 0x0, 0x0,
    0x0, 0x0, 0x0, 0x0, 0x0, 0x6f, 0xc, 0xa0,
    0x0, 0x0, 0x0, 0x0, 0x0, 0x0, 0x0, 0x0,
    0x6, 0xf0, 0xbb, 0x0, 0x0, 0x0, 0x0, 0x0,
    0x0, 0x0, 0x0, 0x0, 0x7f, 0x8, 0xe0, 0x0,
    0x0, 0x0, 0x0, 0x0, 0x0, 0x0, 0x0, 0xb,
    0xc0, 0x4f, 0x40, 0x0, 0x0, 0x0, 0x0, 0x0,
    0x0, 0x0, 0x0, 0xf8, 0x0, 0xdb, 0x0, 0x0,
    0x0, 0x0, 0x0, 0x0, 0x0, 0x0, 0x7f, 0x20,
    0x6, 0xf4, 0x0, 0x0, 0x0, 0x0, 0x0, 0x0,
    0x0, 0x1f, 0x90, 0x0, 0xb, 0xe2, 0x0, 0x0,
    0x0, 0x0, 0x0, 0x0, 0xc, 0xe1, 0x0, 0x0,
    0x1d, 0xe3, 0x0, 0x0, 0x0, 0x0, 0x0, 0x1c,
    0xf3, 0x0, 0x0, 0x0, 0x1c, 0xf8, 0x10, 0x0,
    0x0, 0x0, 0x6e, 0xe3, 0x0, 0x0, 0x0, 0x0,
    0x8, 0xff, 0xb7, 0x55, 0x7a, 0xef, 0xa1, 0x0,
    0x0, 0x0, 0x0, 0x0, 0x1, 0x7c, 0xff, 0xff,
    0xd8, 0x20, 0x0, 0x0, 0x0, 0x0, 0x0, 0x0,
    0x0, 0x0, 0x1, 0x0, 0x0, 0x0, 0x0, 0x0,
    0x0,

    /* U+2600 "☀" */
    0x0, 0x0, 0x0, 0xf, 0x30, 0x0, 0x0, 0x0,
    0x0, 0x0, 0x0, 0xf3, 0x0, 0x1, 0x0, 0x0,
    0x9b, 0x0, 0xf, 0x30, 0x6, 0xe0, 0x0, 0x1,
    0xdb, 0x0, 0x71, 0x6, 0xf4, 0x0, 0x0, 0x1,
    0xc2, 0x3, 0x10, 0xc4, 0x0, 0x0, 0x0, 0x0,
    0x2e, 0xff, 0x50, 0x0, 0x0, 0x24, 0x44, 0xc,
    0xff, 0xff, 0x2, 0x44, 0x47, 0xee, 0xc0, 0xef,
    0xff, 0xf2, 0x7e, 0xec, 0x0, 0x0, 0x9, 0xff,
    0xfd, 0x0, 0x0, 0x0, 0x0, 0x4, 0x8, 0xda,
    0x14, 0x0, 0x0, 0x0, 0x7, 0xf2, 0x1, 0x0,
    0xdb, 0x0, 0x0, 0x7, 0xf3, 0x0, 0xf3, 0x1,
    0xcc, 0x0, 0x0, 0x33, 0x0, 0xf, 0x30, 0x0,
    0x60, 0x0, 0x0, 0x0, 0x0, 0xf3, 0x0, 0x0,
    0x0, 0x0, 0x0, 0x0, 0x5, 0x10, 0x0, 0x0,
    0x0,

    /* U+2605 "★" */
    0x0, 0x0, 0x0, 0x0, 0x0, 0x0, 0x0, 0x0,
    0x0, 0x0, 0x0, 0x60, 0x0, 0x0, 0x0, 0x0,
    0x0, 0x0, 0x2d, 0x0, 0x0, 0x0, 0x0, 0x0,
    0x0, 0x7, 0xf3, 0x0, 0x0, 0x0, 0x0, 0x0,
    0x0, 0xcf, 0x80, 0x0, 0x0, 0x0, 0x0, 0x0,
    0x2f, 0xfd, 0x0, 0x0, 0x0, 0x1b, 0xff, 0xff,
    0xff, 0xff, 0xff, 0xf8, 0x0, 0x6, 0xff, 0xff,
    0xff, 0xff, 0xe3, 0x0, 0x0, 0x2, 0xdf, 0xff,
    0xff, 0xa1, 0x0, 0x0, 0x0, 0x6, 0xff, 0xff,
    0xf1, 0x0, 0x0, 0x0, 0x0, 0xbf, 0xff, 0xff,
    0x70, 0x0, 0x0, 0x0, 0x1f, 0xfa, 0x3c, 0xfc,
    0x0, 0x0, 0x0, 0x6, 0xf5, 0x0, 0x8, 0xf1,
    0x0, 0x0, 0x0, 0x82, 0x0, 0x0, 0x4, 0x50,
    0x0, 0x0, 0x0, 0x0, 0x0, 0x0, 0x0, 0x0,
    0x0,

    /* U+2606 "☆" */
    0x0, 0x0, 0x0, 0x0, 0x0, 0x0, 0x0, 0x0,
    0x0, 0x0, 0x0, 0x60, 0x0, 0x0, 0x0, 0x0,
    0x0, 0x0, 0x2d, 0x0, 0x0, 0x0, 0x0, 0x0,
    0x0, 0x7, 0xf3, 0x0, 0x0, 0x0, 0x0, 0x0,
    0x0, 0xcf, 0x80, 0x0, 0x0, 0x0, 0x0, 0x0,
    0x2f, 0x9d, 0x0, 0x0, 0x0, 0x1b, 0xff, 0xff,
    0xd1, 0xff, 0xff, 0xf8, 0x0, 0x6, 0xfc, 0x31,
    0x2, 0x4e, 0xe3, 0x0, 0x0, 0x2, 0xdd, 0x10,
    0x3f, 0xa1, 0x0, 0x0, 0x0, 0x6, 0xe0, 0x42,
    0xf1, 0x0, 0x0, 0x0, 0x0, 0xbb, 0xdf, 0xae,
    0x70, 0x0, 0x0, 0x0, 0x1f, 0xfa, 0x3c, 0xfc,
    0x0, 0x0, 0x0, 0x6, 0xf5, 0x0, 0x8, 0xf1,
    0x0, 0x0, 0x0, 0x82, 0x0, 0x0, 0x4, 0x50,
    0x0, 0x0, 0x0, 0x0, 0x0, 0x0, 0x0, 0x0,
    0x0,

    /* U+263C "☼" */
    0x0, 0x0, 0x0, 0xe, 0x30, 0x0, 0x0, 0x0,
    0x0, 0x0, 0x0, 0xf3, 0x0, 0x1, 0x0, 0x0,
    0x9b, 0x0, 0xf, 0x30, 0x6, 0xe0, 0x0, 0x1,
    0xcb, 0x0, 0x71, 0x7, 0xf4, 0x0, 0x0, 0x1,
    0xb2, 0x15, 0x20, 0xb3, 0x0, 0x0, 0x0, 0x0,
    0x3f, 0xef, 0x60, 0x0, 0x0, 0x25, 0x55, 0xc,
    0x90, 0x4f, 0x12, 0x55, 0x57, 0xdd, 0xc0, 0xe5,
    0x1, 0xf2, 0x7d, 0xdc, 0x0, 0x0, 0x9, 0xd6,
    0xbc, 0x0, 0x0, 0x0, 0x0, 0x4, 0x8, 0xda,
    0x14, 0x0, 0x0, 0x0, 0x7, 0xf2, 0x1, 0x0,
    0xdb, 0x0, 0x0, 0x7, 0xf3, 0x0, 0xf3, 0x1,
    0xcc, 0x0, 0x0, 0x33, 0x0, 0xf, 0x30, 0x0,
    0x60, 0x0, 0x0, 0x0, 0x0, 0xf3, 0x0, 0x0,
    0x0, 0x0, 0x0, 0x0, 0x5, 0x10, 0x0, 0x0,
    0x0,

    /* U+2661 "♡" */
    0x0, 0x7b, 0xb5, 0x0, 0x29, 0xb9, 0x20, 0x0,
    0xcf, 0xcd, 0xfa, 0x5f, 0xeb, 0xff, 0x30, 0x6f,
    0x40, 0x7, 0xff, 0xc1, 0x1, 0xdc, 0xa, 0xd0,
    0x0, 0x6, 0xb0, 0x0, 0x7, 0xf0, 0x9e, 0x0,
    0x0, 0x0, 0x0, 0x0, 0x8f, 0x4, 0xf9, 0x0,
    0x0, 0x0, 0x0, 0x4f, 0x90, 0x7, 0xf9, 0x0,
    0x0, 0x0, 0x4f, 0xc0, 0x0, 0x8, 0xf9, 0x0,
    0x0, 0x4f, 0xc1, 0x0, 0x0, 0x8, 0xf9, 0x0,
    0x3f, 0xc1, 0x0, 0x0, 0x0, 0x8, 0xf9, 0x4f,
    0xc1, 0x0, 0x0, 0x0, 0x0, 0x8, 0xff, 0xc1,
    0x0, 0x0, 0x0, 0x0, 0x0, 0x8, 0xc1, 0x0,
    0x0, 0x0, 0x0, 0x0, 0x0, 0x0, 0x0, 0x0,
    0x0, 0x0,

    /* U+2665 "♥" */
    0x0, 0x7b, 0xb5, 0x0, 0x29, 0xb9, 0x20, 0x0,
    0xcf, 0xff, 0xfa, 0x5f, 0xff, 0xff, 0x30, 0x6f,
    0xff, 0xff, 0xff, 0xff, 0xff, 0xfc, 0xa, 0xff,
    0xff, 0xff, 0xff, 0xff, 0xff, 0xf0, 0x9f, 0xff,
    0xff, 0xff, 0xff, 0xff, 0xff, 0x4, 0xff, 0xff,
    0xff, 0xff, 0xff, 0xff, 0x90, 0x7, 0xff, 0xff,
    0xff, 0xff, 0xff, 0xc0, 0x0, 0x8, 0xff, 0xff,
    0xff, 0xff, 0xc1, 0x0, 0x0, 0x8, 0xff, 0xff,
    0xff, 0xc1, 0x0, 0x0, 0x0, 0x8, 0xff, 0xff,
    0xc1, 0x0, 0x0, 0x0, 0x0, 0x8, 0xff, 0xc1,
    0x0, 0x0, 0x0, 0x0, 0x0, 0x8, 0xc1, 0x0,
    0x0, 0x0, 0x0, 0x0, 0x0, 0x0, 0x0, 0x0,
    0x0, 0x0,

    /* U+266A "♪" */
    0x0, 0x0, 0x36, 0x64, 0x0, 0x0, 0x0, 0x8,
    0xfe, 0xfd, 0x20, 0x0, 0x0, 0x8e, 0x2, 0xce,
    0x0, 0x0, 0x8, 0xe0, 0x1, 0xf6, 0x0, 0x0,
    0x8e, 0x0, 0xd, 0x80, 0x0, 0x8, 0xe0, 0x0,
    0xf7, 0x0, 0x0, 0x8e, 0x0, 0x4e, 0x10, 0x0,
    0x8, 0xe0, 0x0, 0x10, 0x0, 0x0, 0x8e, 0x0,
    0x0, 0x3, 0xdd, 0x48, 0xe0, 0x0, 0x0, 0xdf,
    0xff, 0xbe, 0x0, 0x0, 0xe, 0xff, 0xff, 0x80,
    0x0, 0x0, 0x4e, 0xfe, 0x70, 0x0, 0x0, 0x0,
    0x0, 0x0, 0x0, 0x0, 0x0,

    /* U+266B "♫" */
    0x0, 0x0, 0x0, 0x0, 0x0, 0x2, 0x54, 0x0,
    0x0, 0x0, 0x25, 0x8c, 0xff, 0xf8, 0x0, 0x0,
    0x6f, 0xff, 0xff, 0xff, 0xf8, 0x0, 0x0, 0x8f,
    0xff, 0xfc, 0x95, 0xf8, 0x0, 0x0, 0x8f, 0x63,
    0x0, 0x0, 0xe8, 0x0, 0x0, 0x8e, 0x0, 0x0,
    0x0, 0xe8, 0x0, 0x0, 0x8e, 0x0, 0x0, 0x0,
    0xe8, 0x0, 0x0, 0x8e, 0x0, 0x0, 0x0, 0xe8,
    0x0, 0x0, 0x8e, 0x0, 0x16, 0x20, 0xe8, 0x0,
    0x0, 0x8e, 0x1, 0xef, 0xf5, 0xe7, 0x3d, 0xd4,
    0x8e, 0x5, 0xff, 0xff, 0xf5, 0xdf, 0xff, 0xbe,
    0x2, 0xff, 0xff, 0xa0, 0xef, 0xff, 0xf7, 0x0,
    0x27, 0x83, 0x0, 0x4e, 0xfe, 0x70, 0x0, 0x0,
    0x0, 0x0, 0x0, 0x0, 0x0, 0x0, 0x0, 0x0,
    0x0,

    /* U+26A0 "⚠" */
    0x0, 0x0, 0x0, 0x0, 0x0, 0x0, 0x0, 0x0,
    0x0, 0x0, 0x0, 0x3, 0x90, 0x0, 0x0, 0x0,
    0x0, 0x0, 0x0, 0xc, 0xf2, 0x0, 0x0, 0x0,
    0x0, 0x0, 0x0, 0x5f, 0xfc, 0x0, 0x0, 0x0,
    0x0, 0x0, 0x0, 0xef, 0xff, 0x50, 0x0, 0x0,
    0x0, 0x0, 0x8, 0xf7, 0x3f, 0xe0, 0x0, 0x0,
    0x0, 0x0, 0x2f, 0xf6, 0xf, 0xf8, 0x0, 0x0,
    0x0, 0x0, 0xbf, 0xf6, 0xf, 0xff, 0x20, 0x0,
    0x0, 0x4, 0xff, 0xf7, 0xf, 0xff, 0xa0, 0x0,
    0x0, 0xd, 0xff, 0xff, 0xff, 0xff, 0xf4, 0x0,
    0x0, 0x7f, 0xff, 0xfa, 0x6f, 0xff, 0xfd, 0x0,
    0x1, 0xff, 0xff, 0xf3, 0xc, 0xff, 0xff, 0x70,
    0xa, 0xff, 0xff, 0xfc, 0x9f, 0xff, 0xff, 0xf1,
    0x3f, 0xff, 0xff, 0xff, 0xff, 0xff, 0xff, 0xf9,

    /* U+2713 "✓" */
    0x0, 0x0, 0x0, 0x0, 0x0, 0x30, 0x0, 0x0,
    0x0, 0x0, 0x4, 0xf9, 0x0, 0x0, 0x0, 0x0,
    0x4f, 0xe2, 0x1, 0x0, 0x0, 0x4, 0xfe, 0x20,
    0x1d, 0x90, 0x0, 0x4f, 0xe2, 0x0, 0xa, 0xf9,
    0x4, 0xfe, 0x20, 0x0, 0x0, 0xaf, 0xbf, 0xe2,
    0x0, 0x0, 0x0, 0xa, 0xfe, 0x20, 0x0, 0x0,
    0x0, 0x0, 0x92, 0x0, 0x0, 0x0,

    /* U+2717 "✗" */
    0x0, 0x10, 0x0, 0x0, 0x10, 0xb, 0xd1, 0x0,
    0xc, 0xd0, 0x5, 0xfd, 0x10, 0xcf, 0x70, 0x0,
    0x5f, 0xdc, 0xf7, 0x0, 0x0, 0x5, 0xff, 0x80,
    0x0, 0x0, 0xc, 0xff, 0xe2, 0x0, 0x0, 0xcf,
    0x74, 0xfe, 0x20, 0xc, 0xf7, 0x0, 0x4f, 0xe0,
    0x4, 0x70, 0x0, 0x4, 0x60,

    /* U+2756 "❖" */
    0x0, 0x0, 0x0, 0x0, 0x30, 0x0, 0x0, 0x0,
    0x0, 0x0, 0x0, 0x0, 0x7f, 0x60, 0x0, 0x0,
    0x0, 0x0, 0x0, 0x0, 0x7f, 0xff, 0x60, 0x0,
    0x0, 0x0, 0x0, 0x0, 0x7f, 0xff, 0xff, 0x60,
    0x0, 0x0, 0x0, 0x0, 0x4, 0xff, 0xff, 0xf3,
    0x0, 0x0, 0x0, 0x0, 0x7c, 0x4, 0xff, 0xf4,
    0x1c, 0x60, 0x0, 0x0, 0x7f, 0xfc, 0x4, 0xe4,
    0x1c, 0xff, 0x60, 0x0, 0x8f, 0xff, 0xfc, 0x0,
    0x1c, 0xff, 0xff, 0x60, 0xd, 0xff, 0xff, 0xf3,
    0x3, 0xff, 0xff, 0xfb, 0x0, 0x1c, 0xff, 0xf4,
    0x19, 0x4, 0xff, 0xfb, 0x0, 0x0, 0x1c, 0xf4,
    0x1c, 0xfc, 0x4, 0xfc, 0x0, 0x0, 0x0, 0x13,
    0x1c, 0xff, 0xfc, 0x3, 0x0, 0x0, 0x0, 0x0,
    0xa, 0xff, 0xff, 0xf8, 0x0, 0x0, 0x0, 0x0,
    0x0, 0x1c, 0xff, 0xfc, 0x0, 0x0, 0x0, 0x0,
    0x0, 0x0, 0xc, 0xfc, 0x0, 0x0, 0x0, 0x0,
    0x0, 0x0, 0x0, 0x9, 0x0, 0x0, 0x0, 0x0,

    /* U+2764 "❤" */
    0x0, 0x7b, 0xb5, 0x0, 0x29, 0xb9, 0x20, 0x0,
    0xcf, 0xff, 0xfa, 0x5f, 0xff, 0xff, 0x30, 0x6f,
    0xff, 0xff, 0xff, 0xff, 0xff, 0xfc, 0xa, 0xff,
    0xff, 0xff, 0xff, 0xff, 0xff, 0xf0, 0x9f, 0xff,
    0xff, 0xff, 0xff, 0xff, 0xff, 0x4, 0xff, 0xff,
    0xff, 0xff, 0xff, 0xff, 0x90, 0x7, 0xff, 0xff,
    0xff, 0xff, 0xff, 0xc0, 0x0, 0x8, 0xff, 0xff,
    0xff, 0xff, 0xc1, 0x0, 0x0, 0x8, 0xff, 0xff,
    0xff, 0xc1, 0x0, 0x0, 0x0, 0x8, 0xff, 0xff,
    0xc1, 0x0, 0x0, 0x0, 0x0, 0x8, 0xff, 0xc1,
    0x0, 0x0, 0x0, 0x0, 0x0, 0x8, 0xc1, 0x0,
    0x0, 0x0, 0x0, 0x0, 0x0, 0x0, 0x0, 0x0,
    0x0, 0x0,

    /* U+2780 "➀" */
    0x0, 0x0, 0x0, 0x3, 0x8b, 0xcd, 0xc9, 0x50,
    0x0, 0x0, 0x0, 0x0, 0x0, 0x0, 0x4d, 0xff,
    0xb9, 0x9a, 0xef, 0xe6, 0x0, 0x0, 0x0, 0x0,
    0x0, 0x9f, 0xc5, 0x0, 0x0, 0x0, 0x3a, 0xfc,
    0x10, 0x0, 0x0, 0x0, 0xbf, 0x70, 0x0, 0x0,
    0x0, 0x0, 0x4, 0xed, 0x10, 0x0, 0x0, 0x9f,
    0x50, 0x0, 0x0, 0x0, 0x0, 0x0, 0x2, 0xec,
    0x0, 0x0, 0x3f, 0x70, 0x0, 0x0, 0x7, 0xa7,
    0x0, 0x0, 0x3, 0xf7, 0x0, 0xc, 0xd0, 0x0,
    0x0, 0x2c, 0xff, 0xb0, 0x0, 0x0, 0x9, 0xf0,
    0x2, 0xf5, 0x0, 0x0, 0xd, 0xe4, 0xfb, 0x0,
    0x0, 0x0, 0x1f, 0x60, 0x7f, 0x0, 0x0, 0x0,
    0x91, 0xf, 0xb0, 0x0, 0x0, 0x0, 0xcb, 0xa,
    0xc0, 0x0, 0x0, 0x0, 0x0, 0xfb, 0x0, 0x0,
    0x0, 0x8, 0xe0, 0xca, 0x0, 0x0, 0x0, 0x0,
    0xf, 0xb0, 0x0, 0x0, 0x0, 0x6f, 0xc, 0xa0,
    0x0, 0x0, 0x0, 0x0, 0xfb, 0x0, 0x0, 0x0,
    0x6, 0xf0, 0xbb, 0x0, 0x0, 0x0, 0x0, 0xf,
    0xb0, 0x0, 0x0, 0x0, 0x7f, 0x8, 0xe0, 0x0,
    0x0, 0x0, 0x0, 0xfb, 0x0, 0x0, 0x0, 0xb,
    0xc0, 0x4f, 0x40, 0x0, 0x0, 0x0, 0xf, 0xb0,
    0x0, 0x0, 0x0, 0xf8, 0x0, 0xdb, 0x0, 0x0,
    0x0, 0x0, 0xfb, 0x0, 0x0, 0x0, 0x7f, 0x20,
    0x6, 0xf4, 0x0, 0x0, 0x0, 0xf, 0xb0, 0x0,
    0x0, 0x1f, 0x90, 0x0, 0xb, 0xe2, 0x0, 0x0,
    0x0, 0x0, 0x0, 0x0, 0xc, 0xe1, 0x0, 0x0,
    0x1d, 0xe3, 0x0, 0x0, 0x0, 0x0, 0x0, 0x1c,
    0xf3, 0x0, 0x0, 0x0, 0x1c, 0xf8, 0x10, 0x0,
    0x0, 0x0, 0x6e, 0xe3, 0x0, 0x0, 0x0, 0x0,
    0x8, 0xff, 0xb7, 0x55, 0x7a, 0xef, 0xa1, 0x0,
    0x0, 0x0, 0x0, 0x0, 0x1, 0x7c, 0xff, 0xff,
    0xd8, 0x20, 0x0, 0x0, 0x0, 0x0, 0x0, 0x0,
    0x0, 0x0, 0x1, 0x0, 0x0, 0x0, 0x0, 0x0,
    0x0,

    /* U+2781 "➁" */
    0x0, 0x0, 0x0, 0x3, 0x8b, 0xcd, 0xc9, 0x50,
    0x0, 0x0, 0x0, 0x0, 0x0, 0x0, 0x4d, 0xff,
    0xb9, 0x9a, 0xef, 0xe6, 0x0, 0x0, 0x0, 0x0,
    0x0, 0x9f, 0xc5, 0x0, 0x0, 0x0, 0x3a, 0xfc,
    0x10, 0x0, 0x0, 0x0, 0xbf, 0x70, 0x0, 0x0,
    0x0, 0x0, 0x4, 0xed, 0x10, 0x0, 0x0, 0x9f,
    0x50, 0x0, 0x0, 0x0, 0x0, 0x0, 0x2, 0xec,
    0x0, 0x0, 0x3f, 0x70, 0x0, 0x1, 0x8c, 0xd9,
    0x20, 0x0, 0x3, 0xf7, 0x0, 0xc, 0xd0, 0x0,
    0x0, 0xdf, 0xbb, 0xff, 0x20, 0x0, 0x9, 0xf0,
    0x2, 0xf5, 0x0, 0x0, 0x7f, 0x60, 0x3, 0xfa,
    0x0, 0x0, 0x1f, 0x60, 0x7f, 0x0, 0x0, 0x6,
    0xb0, 0x0, 0xe, 0xc0, 0x0, 0x0, 0xcb, 0xa,
    0xc0, 0x0, 0x0, 0x0, 0x0, 0x1, 0xfa, 0x0,
    0x0, 0x8, 0xe0, 0xca, 0x0, 0x0, 0x0, 0x0,
    0x0, 0xbf, 0x30, 0x0, 0x0, 0x6f, 0xc, 0xa0,
    0x0, 0x0, 0x0, 0x0, 0x9f, 0x70, 0x0, 0x0,
    0x6, 0xf0, 0xbb, 0x0, 0x0, 0x0, 0x0, 0x9f,
    0x80, 0x0, 0x0, 0x0, 0x7f, 0x8, 0xe0, 0x0,
    0x0, 0x0, 0x8f, 0x90, 0x0, 0x0, 0x0, 0xb,
    0xc0, 0x4f, 0x40, 0x0, 0x0, 0x8f, 0xa0, 0x0,
    0x0, 0x0, 0x0, 0xf8, 0x0, 0xdb, 0x0, 0x0,
    0x6f, 0xf8, 0x88, 0x88, 0x0, 0x0, 0x7f, 0x20,
    0x6, 0xf4, 0x0, 0xa, 0xff, 0xff, 0xff, 0xf0,
    0x0, 0x1f, 0x90, 0x0, 0xb, 0xe2, 0x0, 0x0,
    0x0, 0x0, 0x0, 0x0, 0xc, 0xe1, 0x0, 0x0,
    0x1d, 0xe3, 0x0, 0x0, 0x0, 0x0, 0x0, 0x1c,
    0xf3, 0x0, 0x0, 0x0, 0x1c, 0xf8, 0x10, 0x0,
    0x0, 0x0, 0x6e, 0xe3, 0x0, 0x0, 0x0, 0x0,
    0x8, 0xff, 0xb7, 0x55, 0x7a, 0xef, 0xa1, 0x0,
    0x0, 0x0, 0x0, 0x0, 0x1, 0x7c, 0xff, 0xff,
    0xd8, 0x20, 0x0, 0x0, 0x0, 0x0, 0x0, 0x0,
    0x0, 0x0, 0x1, 0x0, 0x0, 0x0, 0x0, 0x0,
    0x0,

    /* U+2782 "➂" */
    0x0, 0x0, 0x0, 0x3, 0x8b, 0xcd, 0xc9, 0x50,
    0x0, 0x0, 0x0, 0x0, 0x0, 0x0, 0x4d, 0xff,
    0xb9, 0x9a, 0xef, 0xe6, 0x0, 0x0, 0x0, 0x0,
    0x0, 0x9f, 0xc5, 0x0, 0x0, 0x0, 0x3a, 0xfc,
    0x10, 0x0, 0x0, 0x0, 0xbf, 0x70, 0x0, 0x0,
    0x0, 0x0, 0x4, 0xed, 0x10, 0x0, 0x0, 0x9f,
    0x50, 0x0, 0x0, 0x0, 0x0, 0x0, 0x2, 0xec,
    0x0, 0x0, 0x3f, 0x70, 0x0, 0x2, 0x9c, 0xc9,
    0x10, 0x0, 0x3, 0xf7, 0x0, 0xc, 0xd0, 0x0,
    0x2, 0xff, 0xbb, 0xfe, 0x10, 0x0, 0x9, 0xf0,
    0x2, 0xf5, 0x0, 0x0, 0xbf, 0x30, 0x5, 0xf8,
    0x0, 0x0, 0x1f, 0x60, 0x7f, 0x0, 0x0, 0x5,
    0x50, 0x0, 0x1f, 0xa0, 0x0, 0x0, 0xcb, 0xa,
    0xc0, 0x0, 0x0, 0x0, 0x0, 0x6, 0xf7, 0x0,
    0x0, 0x8, 0xe0, 0xca, 0x0, 0x0, 0x0, 0x1,
    0x9b, 0xfa, 0x0, 0x0, 0x0, 0x6f, 0xc, 0xa0,
    0x0, 0x0, 0x0, 0x2d, 0xff, 0x91, 0x0, 0x0,
    0x6, 0xf0, 0xbb, 0x0, 0x0, 0x0, 0x0, 0x0,
    0x5f, 0xc0, 0x0, 0x0, 0x7f, 0x8, 0xe0, 0x0,
    0x0, 0x0, 0x0, 0x0, 0xbf, 0x10, 0x0, 0xb,
    0xc0, 0x4f, 0x40, 0x0, 0xf, 0xd0, 0x0, 0xd,
    0xf0, 0x0, 0x0, 0xf8, 0x0, 0xdb, 0x0, 0x0,
    0x9f, 0xc7, 0x7c, 0xf8, 0x0, 0x0, 0x7f, 0x20,
    0x6, 0xf4, 0x0, 0x0, 0x8e, 0xff, 0xe7, 0x0,
    0x0, 0x1f, 0x90, 0x0, 0xb, 0xe2, 0x0, 0x0,
    0x1, 0x10, 0x0, 0x0, 0xc, 0xe1, 0x0, 0x0,
    0x1d, 0xe3, 0x0, 0x0, 0x0, 0x0, 0x0, 0x1c,
    0xf3, 0x0, 0x0, 0x0, 0x1c, 0xf8, 0x10, 0x0,
    0x0, 0x0, 0x6e, 0xe3, 0x0, 0x0, 0x0, 0x0,
    0x8, 0xff, 0xb7, 0x55, 0x7a, 0xef, 0xa1, 0x0,
    0x0, 0x0, 0x0, 0x0, 0x1, 0x7c, 0xff, 0xff,
    0xd8, 0x20, 0x0, 0x0, 0x0, 0x0, 0x0, 0x0,
    0x0, 0x0, 0x1, 0x0, 0x0, 0x0, 0x0, 0x0,
    0x0,

    /* U+2783 "➃" */
    0x0, 0x0, 0x0, 0x3, 0x8b, 0xcd, 0xc9, 0x50,
    0x0, 0x0, 0x0, 0x0, 0x0, 0x0, 0x4d, 0xff,
    0xb9, 0x9a, 0xef, 0xe6, 0x0, 0x0, 0x0, 0x0,
    0x0, 0x9f, 0xc5, 0x0, 0x0, 0x0, 0x3a, 0xfc,
    0x10, 0x0, 0x0, 0x0, 0xbf, 0x70, 0x0, 0x0,
    0x0, 0x0, 0x4, 0xed, 0x10, 0x0, 0x0, 0x9f,
    0x50, 0x0, 0x0, 0x0, 0x0, 0x0, 0x2, 0xec,
    0x0, 0x0, 0x3f, 0x70, 0x0, 0x0, 0x0, 0xbd,
    0x70, 0x0, 0x3, 0xf7, 0x0, 0xc, 0xd0, 0x0,
    0x0, 0x0, 0x7f, 0xf8, 0x0, 0x0, 0x9, 0xf0,
    0x2, 0xf5, 0x0, 0x0, 0x0, 0x2f, 0xcf, 0x80,
    0x0, 0x0, 0x1f, 0x60, 0x7f, 0x0, 0x0, 0x0,
    0xb, 0xe3, 0xf8, 0x0, 0x0, 0x0, 0xcb, 0xa,
    0xc0, 0x0, 0x0, 0x6, 0xf5, 0x2f, 0x80, 0x0,
    0x0, 0x8, 0xe0, 0xca, 0x0, 0x0, 0x1, 0xeb,
    0x2, 0xf8, 0x0, 0x0, 0x0, 0x6f, 0xc, 0xa0,
    0x0, 0x0, 0xaf, 0x20, 0x2f, 0x80, 0x0, 0x0,
    0x6, 0xf0, 0xbb, 0x0, 0x0, 0x4f, 0x70, 0x2,
    0xf8, 0x0, 0x0, 0x0, 0x7f, 0x8, 0xe0, 0x0,
    0xa, 0xff, 0xff, 0xff, 0xff, 0x10, 0x0, 0xb,
    0xc0, 0x4f, 0x40, 0x0, 0x69, 0x99, 0x9a, 0xfc,
    0x90, 0x0, 0x0, 0xf8, 0x0, 0xdb, 0x0, 0x0,
    0x0, 0x0, 0x2f, 0x80, 0x0, 0x0, 0x7f, 0x20,
    0x6, 0xf4, 0x0, 0x0, 0x0, 0x2, 0xe7, 0x0,
    0x0, 0x1f, 0x90, 0x0, 0xb, 0xe2, 0x0, 0x0,
    0x0, 0x0, 0x0, 0x0, 0xc, 0xe1, 0x0, 0x0,
    0x1d, 0xe3, 0x0, 0x0, 0x0, 0x0, 0x0, 0x1c,
    0xf3, 0x0, 0x0, 0x0, 0x1c, 0xf8, 0x10, 0x0,
    0x0, 0x0, 0x6e, 0xe3, 0x0, 0x0, 0x0, 0x0,
    0x8, 0xff, 0xb7, 0x55, 0x7a, 0xef, 0xa1, 0x0,
    0x0, 0x0, 0x0, 0x0, 0x1, 0x7c, 0xff, 0xff,
    0xd8, 0x20, 0x0, 0x0, 0x0, 0x0, 0x0, 0x0,
    0x0, 0x0, 0x1, 0x0, 0x0, 0x0, 0x0, 0x0,
    0x0,

    /* U+2784 "➄" */
    0x0, 0x0, 0x0, 0x3, 0x8b, 0xcd, 0xc9, 0x50,
    0x0, 0x0, 0x0, 0x0, 0x0, 0x0, 0x4d, 0xff,
    0xb9, 0x9a, 0xef, 0xe6, 0x0, 0x0, 0x0, 0x0,
    0x0, 0x9f, 0xc5, 0x0, 0x0, 0x0, 0x3a, 0xfc,
    0x10, 0x0, 0x0, 0x0, 0xbf, 0x70, 0x0, 0x0,
    0x0, 0x0, 0x4, 0xed, 0x10, 0x0, 0x0, 0x9f,
    0x50, 0x0, 0x0, 0x0, 0x0, 0x0, 0x2, 0xec,
    0x0, 0x0, 0x3f, 0x70, 0x0, 0x29, 0x99, 0x99,
    0x91, 0x0, 0x3, 0xf7, 0x0, 0xc, 0xd0, 0x0,
    0x5, 0xff, 0xff, 0xff, 0x30, 0x0, 0x9, 0xf0,
    0x2, 0xf5, 0x0, 0x0, 0x6f, 0x30, 0x0, 0x0,
    0x0, 0x0, 0x1f, 0x60, 0x7f, 0x0, 0x0, 0x8,
    0xf1, 0x0, 0x0, 0x0, 0x0, 0x0, 0xcb, 0xa,
    0xc0, 0x0, 0x0, 0xaf, 0x27, 0x84, 0x0, 0x0,
    0x0, 0x8, 0xe0, 0xca, 0x0, 0x0, 0xc, 0xff,
    0xef, 0xfa, 0x0, 0x0, 0x0, 0x6f, 0xc, 0xa0,
    0x0, 0x0, 0x47, 0x20, 0xb, 0xf6, 0x0, 0x0,
    0x6, 0xf0, 0xbb, 0x0, 0x0, 0x0, 0x0, 0x0,
    0x1f, 0xb0, 0x0, 0x0, 0x7f, 0x8, 0xe0, 0x0,
    0x0, 0x0, 0x0, 0x0, 0xfc, 0x0, 0x0, 0xb,
    0xc0, 0x4f, 0x40, 0x0, 0xf, 0xd0, 0x0, 0x4f,
    0x90, 0x0, 0x0, 0xf8, 0x0, 0xdb, 0x0, 0x0,
    0x8f, 0xc6, 0x8f, 0xf2, 0x0, 0x0, 0x7f, 0x20,
    0x6, 0xf4, 0x0, 0x0, 0x8e, 0xff, 0xc3, 0x0,
    0x0, 0x1f, 0x90, 0x0, 0xb, 0xe2, 0x0, 0x0,
    0x1, 0x0, 0x0, 0x0, 0xc, 0xe1, 0x0, 0x0,
    0x1d, 0xe3, 0x0, 0x0, 0x0, 0x0, 0x0, 0x1c,
    0xf3, 0x0, 0x0, 0x0, 0x1c, 0xf8, 0x10, 0x0,
    0x0, 0x0, 0x6e, 0xe3, 0x0, 0x0, 0x0, 0x0,
    0x8, 0xff, 0xb7, 0x55, 0x7a, 0xef, 0xa1, 0x0,
    0x0, 0x0, 0x0, 0x0, 0x1, 0x7c, 0xff, 0xff,
    0xd8, 0x20, 0x0, 0x0, 0x0, 0x0, 0x0, 0x0,
    0x0, 0x0, 0x1, 0x0, 0x0, 0x0, 0x0, 0x0,
    0x0,

    /* U+2785 "➅" */
    0x0, 0x0, 0x0, 0x3, 0x8b, 0xcd, 0xc9, 0x50,
    0x0, 0x0, 0x0, 0x0, 0x0, 0x0, 0x4d, 0xff,
    0xb9, 0x9a, 0xef, 0xe6, 0x0, 0x0, 0x0, 0x0,
    0x0, 0x9f, 0xc5, 0x0, 0x0, 0x0, 0x3a, 0xfc,
    0x10, 0x0, 0x0, 0x0, 0xbf, 0x70, 0x0, 0x0,
    0x0, 0x0, 0x4, 0xed, 0x10, 0x0, 0x0, 0x9f,
    0x50, 0x0, 0x0, 0x0, 0x0, 0x0, 0x2, 0xec,
    0x0, 0x0, 0x3f, 0x70, 0x0, 0x0, 0x5b, 0xda,
    0x30, 0x0, 0x3, 0xf7, 0x0, 0xc, 0xd0, 0x0,
    0x0, 0x8f, 0xdb, 0xff, 0x40, 0x0, 0x9, 0xf0,
    0x2, 0xf5, 0x0, 0x0, 0x3f, 0xa0, 0x2, 0xfd,
    0x0, 0x0, 0x1f, 0x60, 0x7f, 0x0, 0x0, 0x9,
    0xf2, 0x0, 0x4, 0x60, 0x0, 0x0, 0xcb, 0xa,
    0xc0, 0x0, 0x0, 0xdd, 0x5, 0x87, 0x10, 0x0,
    0x0, 0x8, 0xe0, 0xca, 0x0, 0x0, 0xf, 0xcc,
    0xfe, 0xfe, 0x30, 0x0, 0x0, 0x6f, 0xc, 0xa0,
    0x0, 0x0, 0xff, 0xb0, 0x5, 0xfd, 0x0, 0x0,
    0x6, 0xf0, 0xbb, 0x0, 0x0, 0xf, 0xf1, 0x0,
    0xa, 0xf2, 0x0, 0x0, 0x7f, 0x8, 0xe0, 0x0,
    0x0, 0xdf, 0x0, 0x0, 0x8f, 0x30, 0x0, 0xb,
    0xc0, 0x4f, 0x40, 0x0, 0x8, 0xf4, 0x0, 0xd,
    0xf0, 0x0, 0x0, 0xf8, 0x0, 0xdb, 0x0, 0x0,
    0x1e, 0xf8, 0x6c, 0xf7, 0x0, 0x0, 0x7f, 0x20,
    0x6, 0xf4, 0x0, 0x0, 0x2c, 0xff, 0xe7, 0x0,
    0x0, 0x1f, 0x90, 0x0, 0xb, 0xe2, 0x0, 0x0,
    0x1, 0x10, 0x0, 0x0, 0xc, 0xe1, 0x0, 0x0,
    0x1d, 0xe3, 0x0, 0x0, 0x0, 0x0, 0x0, 0x1c,
    0xf3, 0x0, 0x0, 0x0, 0x1c, 0xf8, 0x10, 0x0,
    0x0, 0x0, 0x6e, 0xe3, 0x0, 0x0, 0x0, 0x0,
    0x8, 0xff, 0xb7, 0x55, 0x7a, 0xef, 0xa1, 0x0,
    0x0, 0x0, 0x0, 0x0, 0x1, 0x7c, 0xff, 0xff,
    0xd8, 0x20, 0x0, 0x0, 0x0, 0x0, 0x0, 0x0,
    0x0, 0x0, 0x1, 0x0, 0x0, 0x0, 0x0, 0x0,
    0x0,

    /* U+2786 "➆" */
    0x0, 0x0, 0x0, 0x3, 0x8b, 0xcd, 0xc9, 0x50,
    0x0, 0x0, 0x0, 0x0, 0x0, 0x0, 0x4d, 0xff,
    0xb9, 0x9a, 0xef, 0xe6, 0x0, 0x0, 0x0, 0x0,
    0x0, 0x9f, 0xc5, 0x0, 0x0, 0x0, 0x3a, 0xfc,
    0x10, 0x0, 0x0, 0x0, 0xbf, 0x70, 0x0, 0x0,
    0x0, 0x0, 0x4, 0xed, 0x10, 0x0, 0x0, 0x9f,
    0x50, 0x0, 0x0, 0x0, 0x0, 0x0, 0x2, 0xec,
    0x0, 0x0, 0x3f, 0x70, 0x0, 0x79, 0x99, 0x99,
    0x99, 0x0, 0x3, 0xf7, 0x0, 0xc, 0xd0, 0x0,
    0xa, 0xee, 0xee, 0xef, 0xf0, 0x0, 0x9, 0xf0,
    0x2, 0xf5, 0x0, 0x0, 0x0, 0x0, 0x2, 0xfb,
    0x0, 0x0, 0x1f, 0x60, 0x7f, 0x0, 0x0, 0x0,
    0x0, 0x0, 0x9f, 0x30, 0x0, 0x0, 0xcb, 0xa,
    0xc0, 0x0, 0x0, 0x0, 0x0, 0x2f, 0xb0, 0x0,
    0x0, 0x8, 0xe0, 0xca, 0x0, 0x0, 0x0, 0x0,
    0xa, 0xf3, 0x0, 0x0, 0x0, 0x6f, 0xc, 0xa0,
    0x0, 0x0, 0x0, 0x2, 0xfb, 0x0, 0x0, 0x0,
    0x6, 0xf0, 0xbb, 0x0, 0x0, 0x0, 0x0, 0xaf,
    0x30, 0x0, 0x0, 0x0, 0x7f, 0x8, 0xe0, 0x0,
    0x0, 0x0, 0x2f, 0xb0, 0x0, 0x0, 0x0, 0xb,
    0xc0, 0x4f, 0x40, 0x0, 0x0, 0xa, 0xf3, 0x0,
    0x0, 0x0, 0x0, 0xf8, 0x0, 0xdb, 0x0, 0x0,
    0x2, 0xfb, 0x0, 0x0, 0x0, 0x0, 0x7f, 0x20,
    0x6, 0xf4, 0x0, 0x0, 0xaf, 0x30, 0x0, 0x0,
    0x0, 0x1f, 0x90, 0x0, 0xb, 0xe2, 0x0, 0x0,
    0x0, 0x0, 0x0, 0x0, 0xc, 0xe1, 0x0, 0x0,
    0x1d, 0xe3, 0x0, 0x0, 0x0, 0x0, 0x0, 0x1c,
    0xf3, 0x0, 0x0, 0x0, 0x1c, 0xf8, 0x10, 0x0,
    0x0, 0x0, 0x6e, 0xe3, 0x0, 0x0, 0x0, 0x0,
    0x8, 0xff, 0xb7, 0x55, 0x7a, 0xef, 0xa1, 0x0,
    0x0, 0x0, 0x0, 0x0, 0x1, 0x7c, 0xff, 0xff,
    0xd8, 0x20, 0x0, 0x0, 0x0, 0x0, 0x0, 0x0,
    0x0, 0x0, 0x1, 0x0, 0x0, 0x0, 0x0, 0x0,
    0x0,

    /* U+2787 "➇" */
    0x0, 0x0, 0x0, 0x3, 0x8b, 0xcd, 0xc9, 0x50,
    0x0, 0x0, 0x0, 0x0, 0x0, 0x0, 0x4d, 0xff,
    0xb9, 0x9a, 0xef, 0xe6, 0x0, 0x0, 0x0, 0x0,
    0x0, 0x9f, 0xc5, 0x0, 0x0, 0x0, 0x3a, 0xfc,
    0x10, 0x0, 0x0, 0x0, 0xbf, 0x70, 0x0, 0x0,
    0x0, 0x0, 0x4, 0xed, 0x10, 0x0, 0x0, 0x9f,
    0x50, 0x0, 0x0, 0x0, 0x0, 0x0, 0x2, 0xec,
    0x0, 0x0, 0x3f, 0x70, 0x0, 0x1, 0x8c, 0xd9,
    0x20, 0x0, 0x3, 0xf7, 0x0, 0xc, 0xd0, 0x0,
    0x1, 0xdf, 0xba, 0xff, 0x30, 0x0, 0x9, 0xf0,
    0x2, 0xf5, 0x0, 0x0, 0x7f, 0x70, 0x3, 0xfb,
    0x0, 0x0, 0x1f, 0x60, 0x7f, 0x0, 0x0, 0x9,
    0xf2, 0x0, 0xf, 0xc0, 0x0, 0x0, 0xcb, 0xa,
    0xc0, 0x0, 0x0, 0x5f, 0x60, 0x3, 0xf9, 0x0,
    0x0, 0x8, 0xe0, 0xca, 0x0, 0x0, 0x0, 0x9f,
    0xaa, 0xfc, 0x10, 0x0, 0x0, 0x6f, 0xc, 0xa0,
    0x0, 0x0, 0x9, 0xff, 0xef, 0xb1, 0x0, 0x0,
    0x6, 0xf0, 0xbb, 0x0, 0x0, 0x9, 0xf7, 0x0,
    0x4f, 0xc0, 0x0, 0x0, 0x7f, 0x8, 0xe0, 0x0,
    0x0, 0xfd, 0x0, 0x0, 0x9f, 0x30, 0x0, 0xb,
    0xc0, 0x4f, 0x40, 0x0, 0xf, 0xe0, 0x0, 0xb,
    0xf3, 0x0, 0x0, 0xf8, 0x0, 0xdb, 0x0, 0x0,
    0x8f, 0xc6, 0x5a, 0xfc, 0x0, 0x0, 0x7f, 0x20,
    0x6, 0xf4, 0x0, 0x0, 0x7e, 0xff, 0xf9, 0x10,
    0x0, 0x1f, 0x90, 0x0, 0xb, 0xe2, 0x0, 0x0,
    0x1, 0x10, 0x0, 0x0, 0xc, 0xe1, 0x0, 0x0,
    0x1d, 0xe3, 0x0, 0x0, 0x0, 0x0, 0x0, 0x1c,
    0xf3, 0x0, 0x0, 0x0, 0x1c, 0xf8, 0x10, 0x0,
    0x0, 0x0, 0x6e, 0xe3, 0x0, 0x0, 0x0, 0x0,
    0x8, 0xff, 0xb7, 0x55, 0x7a, 0xef, 0xa1, 0x0,
    0x0, 0x0, 0x0, 0x0, 0x1, 0x7c, 0xff, 0xff,
    0xd8, 0x20, 0x0, 0x0, 0x0, 0x0, 0x0, 0x0,
    0x0, 0x0, 0x1, 0x0, 0x0, 0x0, 0x0, 0x0,
    0x0,

    /* U+2788 "➈" */
    0x0, 0x0, 0x0, 0x3, 0x8b, 0xcd, 0xc9, 0x50,
    0x0, 0x0, 0x0, 0x0, 0x0, 0x0, 0x4d, 0xff,
    0xb9, 0x9a, 0xef, 0xe6, 0x0, 0x0, 0x0, 0x0,
    0x0, 0x9f, 0xc5, 0x0, 0x0, 0x0, 0x3a, 0xfc,
    0x10, 0x0, 0x0, 0x0, 0xbf, 0x70, 0x0, 0x0,
    0x0, 0x0, 0x4, 0xed, 0x10, 0x0, 0x0, 0x9f,
    0x50, 0x0, 0x0, 0x0, 0x0, 0x0, 0x2, 0xec,
    0x0, 0x0, 0x3f, 0x70, 0x0, 0x1, 0x9c, 0xc8,
    0x10, 0x0, 0x3, 0xf7, 0x0, 0xc, 0xd0, 0x0,
    0x2, 0xef, 0xbb, 0xfe, 0x10, 0x0, 0x9, 0xf0,
    0x2, 0xf5, 0x0, 0x0, 0xbf, 0x50, 0x5, 0xf9,
    0x0, 0x0, 0x1f, 0x60, 0x7f, 0x0, 0x0, 0xf,
    0xc0, 0x0, 0xc, 0xf0, 0x0, 0x0, 0xcb, 0xa,
    0xc0, 0x0, 0x0, 0xfc, 0x0, 0x0, 0xcf, 0x20,
    0x0, 0x8, 0xe0, 0xca, 0x0, 0x0, 0xc, 0xf3,
    0x0, 0x3f, 0xf3, 0x0, 0x0, 0x6f, 0xc, 0xa0,
    0x0, 0x0, 0x4f, 0xe8, 0x9f, 0xdf, 0x20, 0x0,
    0x6, 0xf0, 0xbb, 0x0, 0x0, 0x0, 0x4c, 0xfd,
    0x59, 0xf1, 0x0, 0x0, 0x7f, 0x8, 0xe0, 0x0,
    0x0, 0x11, 0x0, 0x0, 0xcd, 0x0, 0x0, 0xb,
    0xc0, 0x4f, 0x40, 0x0, 0xc, 0xf1, 0x0, 0x3f,
    0x80, 0x0, 0x0, 0xf8, 0x0, 0xdb, 0x0, 0x0,
    0x4f, 0xd7, 0x8f, 0xe1, 0x0, 0x0, 0x7f, 0x20,
    0x6, 0xf4, 0x0, 0x0, 0x5e, 0xff, 0xb2, 0x0,
    0x0, 0x1f, 0x90, 0x0, 0xb, 0xe2, 0x0, 0x0,
    0x1, 0x0, 0x0, 0x0, 0xc, 0xe1, 0x0, 0x0,
    0x1d, 0xe3, 0x0, 0x0, 0x0, 0x0, 0x0, 0x1c,
    0xf3, 0x0, 0x0, 0x0, 0x1c, 0xf8, 0x10, 0x0,
    0x0, 0x0, 0x6e, 0xe3, 0x0, 0x0, 0x0, 0x0,
    0x8, 0xff, 0xb7, 0x55, 0x7a, 0xef, 0xa1, 0x0,
    0x0, 0x0, 0x0, 0x0, 0x1, 0x7c, 0xff, 0xff,
    0xd8, 0x20, 0x0, 0x0, 0x0, 0x0, 0x0, 0x0,
    0x0, 0x0, 0x1, 0x0, 0x0, 0x0, 0x0, 0x0,
    0x0,

    /* U+F001 "" */
    0x0, 0x0, 0x0, 0x0, 0x0, 0x0, 0x0, 0x0,
    0x0, 0x0, 0x0, 0x0, 0x0, 0x0, 0x49, 0xdc,
    0x0, 0x0, 0x0, 0x0, 0x16, 0xbf, 0xff, 0xff,
    0x0, 0x0, 0x3, 0x8d, 0xff, 0xff, 0xff, 0xff,
    0x0, 0x0, 0xcf, 0xff, 0xff, 0xff, 0xff, 0xff,
    0x0, 0x0, 0xff, 0xff, 0xff, 0xff, 0xc7, 0xff,
    0x0, 0x0, 0xff, 0xff, 0xfa, 0x51, 0x0, 0xff,
    0x0, 0x0, 0xff, 0x84, 0x0, 0x0, 0x0, 0xff,
    0x0, 0x0, 0xff, 0x0, 0x0, 0x0, 0x0, 0xff,
    0x0, 0x0, 0xff, 0x0, 0x0, 0x0, 0x0, 0xff,
    0x0, 0x0, 0xff, 0x0, 0x0, 0x0, 0x0, 0xff,
    0x0, 0x0, 0xff, 0x0, 0x0, 0x2b, 0xee, 0xff,
    0x0, 0x0, 0xff, 0x0, 0x0, 0xdf, 0xff, 0xff,
    0x2b, 0xee, 0xff, 0x0, 0x0, 0xdf, 0xff, 0xfd,
    0xdf, 0xff, 0xff, 0x0, 0x0, 0x2b, 0xff, 0xb2,
    0xdf, 0xff, 0xfd, 0x0, 0x0, 0x0, 0x0, 0x0,
    0x2b, 0xff, 0xb2, 0x0, 0x0, 0x0, 0x0, 0x0,

    /* U+F004 "" */
    0x0, 0x0, 0x0, 0x0, 0x0, 0x0, 0x0, 0x0,
    0x0, 0x0, 0x19, 0xef, 0xc4, 0x0, 0x4c, 0xfe,
    0x91, 0x0, 0x1, 0xdf, 0xff, 0xff, 0x77, 0xff,
    0xff, 0xfd, 0x10, 0x9, 0xff, 0xff, 0xff, 0xff,
    0xff, 0xff, 0xff, 0x90, 0xe, 0xff, 0xff, 0xff,
    0xff, 0xff, 0xff, 0xff, 0xe0, 0xf, 0xff, 0xff,
    0xff, 0xff, 0xff, 0xff, 0xff, 0xf0, 0xd, 0xff,
    0xff, 0xff, 0xff, 0xff, 0xff, 0xff, 0xd0, 0x7,
    0xff, 0xff, 0xff, 0xff, 0xff, 0xff, 0xff, 0x70,
    0x0, 0xaf, 0xff, 0xff, 0xff, 0xff, 0xff, 0xfa,
    0x0, 0x0, 0xb, 0xff, 0xff, 0xff, 0xff, 0xff,
    0xb0, 0x0, 0x0, 0x0, 0xbf, 0xff, 0xff, 0xff,
    0xfb, 0x0, 0x0, 0x0, 0x0, 0xc, 0xff, 0xff,
    0xff, 0xc0, 0x0, 0x0, 0x0, 0x0, 0x0, 0xcf,
    0xff, 0xfc, 0x0, 0x0, 0x0, 0x0, 0x0, 0x0,
    0x1c, 0xff, 0xc0, 0x0, 0x0, 0x0, 0x0, 0x0,
    0x0, 0x1, 0xcc, 0x10, 0x0, 0x0, 0x0,

    /* U+F005 "" */
    0x0, 0x0, 0x0, 0x0, 0xcc, 0x0, 0x0, 0x0,
    0x0, 0x0, 0x0, 0x0, 0x5, 0xff, 0x50, 0x0,
    0x0, 0x0, 0x0, 0x0, 0x0, 0xd, 0xff, 0xd0,
    0x0, 0x0, 0x0, 0x0, 0x0, 0x0, 0x5f, 0xff,
    0xf5, 0x0, 0x0, 0x0, 0x0, 0x0, 0x13, 0xdf,
    0xff, 0xfd, 0x31, 0x0, 0x0, 0x19, 0xce, 0xff,
    0xff, 0xff, 0xff, 0xff, 0xec, 0x91, 0x4f, 0xff,
    0xff, 0xff, 0xff, 0xff, 0xff, 0xff, 0xf4, 0x9,
    0xff, 0xff, 0xff, 0xff, 0xff, 0xff, 0xff, 0x90,
    0x0, 0x9f, 0xff, 0xff, 0xff, 0xff, 0xff, 0xf9,
    0x0, 0x0, 0x8, 0xff, 0xff, 0xff, 0xff, 0xff,
    0x80, 0x0, 0x0, 0x0, 0xdf, 0xff, 0xff, 0xff,
    0xfd, 0x0, 0x0, 0x0, 0x0, 0xff, 0xff, 0xff,
    0xff, 0xff, 0x0, 0x0, 0x0, 0x2, 0xff, 0xff,
    0xff, 0xff, 0xff, 0x20, 0x0, 0x0, 0x4, 0xff,
    0xff, 0xff, 0xff, 0xff, 0x40, 0x0, 0x0, 0x7,
    0xff, 0xf8, 0x11, 0x8f, 0xff, 0x70, 0x0, 0x0,
    0x5, 0xe9, 0x10, 0x0, 0x1, 0x9e, 0x50, 0x0,
    0x0, 0x0, 0x0, 0x0, 0x0, 0x0, 0x0, 0x0,
    0x0,

    /* U+F008 "" */
    0xd0, 0xf, 0xff, 0xff, 0xff, 0xff, 0xf0, 0xd,
    0xff, 0xff, 0xc8, 0x88, 0x88, 0x8c, 0xff, 0xff,
    0xf0, 0xf, 0x80, 0x0, 0x0, 0x8, 0xf0, 0xf,
    0xf0, 0xf, 0x80, 0x0, 0x0, 0x8, 0xf0, 0xf,
    0xff, 0xff, 0x80, 0x0, 0x0, 0x8, 0xff, 0xff,
    0xf0, 0xf, 0xec, 0xcc, 0xcc, 0xce, 0xf0, 0xf,
    0xf0, 0xf, 0xec, 0xcc, 0xcc, 0xce, 0xf0, 0xf,
    0xff, 0xff, 0x80, 0x0, 0x0, 0x8, 0xff, 0xff,
    0xf0, 0xf, 0x80, 0x0, 0x0, 0x8, 0xf0, 0xf,
    0xf0, 0xf, 0x80, 0x0, 0x0, 0x8, 0xf0, 0xf,
    0xff, 0xff, 0xc8, 0x88, 0x88, 0x8c, 0xff, 0xff,
    0xd0, 0xf, 0xff, 0xff, 0xff, 0xff, 0xf0, 0xd,

    /* U+F00B "" */
    0xdf, 0xff, 0x73, 0xff, 0xff, 0xff, 0xff, 0xfd,
    0xff, 0xff, 0xa5, 0xff, 0xff, 0xff, 0xff, 0xff,
    0xff, 0xff, 0xa5, 0xff, 0xff, 0xff, 0xff, 0xff,
    0xdf, 0xff, 0x73, 0xff, 0xff, 0xff, 0xff, 0xfd,
    0x0, 0x0, 0x0, 0x0, 0x0, 0x0, 0x0, 0x0,
    0xdf, 0xff, 0x73, 0xff, 0xff, 0xff, 0xff, 0xfd,
    0xff, 0xff, 0xa5, 0xff, 0xff, 0xff, 0xff, 0xff,
    0xff, 0xff, 0xa5, 0xff, 0xff, 0xff, 0xff, 0xff,
    0xdf, 0xff, 0x73, 0xff, 0xff, 0xff, 0xff, 0xfd,
    0x0, 0x0, 0x0, 0x0, 0x0, 0x0, 0x0, 0x0,
    0xdf, 0xff, 0x73, 0xff, 0xff, 0xff, 0xff, 0xfd,
    0xff, 0xff, 0xa5, 0xff, 0xff, 0xff, 0xff, 0xff,
    0xff, 0xff, 0xa5, 0xff, 0xff, 0xff, 0xff, 0xff,
    0xdf, 0xff, 0x73, 0xff, 0xff, 0xff, 0xff, 0xfd,

    /* U+F00C "" */
    0x0, 0x0, 0x0, 0x0, 0x0, 0x0, 0xa, 0xb1,
    0x0, 0x0, 0x0, 0x0, 0x0, 0x0, 0xbf, 0xfc,
    0x0, 0x0, 0x0, 0x0, 0x0, 0xb, 0xff, 0xfb,
    0x0, 0x0, 0x0, 0x0, 0x0, 0xbf, 0xff, 0xc0,
    0x1b, 0xa0, 0x0, 0x0, 0xb, 0xff, 0xfc, 0x0,
    0xcf, 0xfb, 0x0, 0x0, 0xbf, 0xff, 0xc0, 0x0,
    0xbf, 0xff, 0xb0, 0xb, 0xff, 0xfc, 0x0, 0x0,
    0xc, 0xff, 0xfb, 0xbf, 0xff, 0xc0, 0x0, 0x0,
    0x0, 0xcf, 0xff, 0xff, 0xfb, 0x0, 0x0, 0x0,
    0x0, 0xc, 0xff, 0xff, 0xb0, 0x0, 0x0, 0x0,
    0x0, 0x0, 0xbf, 0xfb, 0x0, 0x0, 0x0, 0x0,
    0x0, 0x0, 0xb, 0xb0, 0x0, 0x0, 0x0, 0x0,

    /* U+F00D "" */
    0x3, 0x0, 0x0, 0x0, 0x3, 0x8, 0xfc, 0x10,
    0x0, 0x1c, 0xf8, 0xff, 0xfc, 0x10, 0x1c, 0xff,
    0xf5, 0xff, 0xfc, 0x2c, 0xff, 0xf5, 0x5, 0xff,
    0xff, 0xff, 0xf5, 0x0, 0x5, 0xff, 0xff, 0xf5,
    0x0, 0x0, 0x1d, 0xff, 0xfd, 0x10, 0x0, 0x1c,
    0xff, 0xff, 0xfc, 0x10, 0x1c, 0xff, 0xf9, 0xff,
    0xfc, 0x1c, 0xff, 0xf5, 0x5, 0xff, 0xfc, 0xdf,
    0xf5, 0x0, 0x5, 0xff, 0xd1, 0xa4, 0x0, 0x0,
    0x4, 0xa1,

    /* U+F011 "" */
    0x0, 0x0, 0x0, 0x4f, 0xe0, 0x0, 0x0, 0x0,
    0x0, 0x2, 0x10, 0x6f, 0xf1, 0x3, 0x10, 0x0,
    0x0, 0x5f, 0xd0, 0x6f, 0xf1, 0x3f, 0xd1, 0x0,
    0x3, 0xff, 0xf1, 0x6f, 0xf1, 0x5f, 0xfd, 0x0,
    0xd, 0xff, 0x40, 0x6f, 0xf1, 0x9, 0xff, 0x70,
    0x4f, 0xf7, 0x0, 0x6f, 0xf1, 0x0, 0xcf, 0xe0,
    0x9f, 0xf0, 0x0, 0x6f, 0xf1, 0x0, 0x5f, 0xf3,
    0xbf, 0xc0, 0x0, 0x6f, 0xf1, 0x0, 0x2f, 0xf5,
    0xbf, 0xc0, 0x0, 0x4f, 0xe0, 0x0, 0x1f, 0xf6,
    0xaf, 0xe0, 0x0, 0x0, 0x0, 0x0, 0x4f, 0xf4,
    0x6f, 0xf4, 0x0, 0x0, 0x0, 0x0, 0xaf, 0xf0,
    0xf, 0xfe, 0x10, 0x0, 0x0, 0x5, 0xff, 0xa0,
    0x6, 0xff, 0xd3, 0x0, 0x0, 0x7f, 0xff, 0x20,
    0x0, 0x9f, 0xff, 0xda, 0xbe, 0xff, 0xf4, 0x0,
    0x0, 0x6, 0xff, 0xff, 0xff, 0xfd, 0x30, 0x0,
    0x0, 0x0, 0x17, 0xbd, 0xca, 0x50, 0x0, 0x0,

    /* U+F013 "" */
    0x0, 0x0, 0x0, 0x8b, 0xb8, 0x0, 0x0, 0x0,
    0x0, 0x0, 0x0, 0xff, 0xff, 0x0, 0x0, 0x0,
    0x0, 0x30, 0x6, 0xff, 0xff, 0x60, 0x3, 0x0,
    0x4, 0xfd, 0xdf, 0xff, 0xff, 0xfd, 0xef, 0x40,
    0xd, 0xff, 0xff, 0xff, 0xff, 0xff, 0xff, 0xd0,
    0x4f, 0xff, 0xff, 0xf9, 0x9f, 0xff, 0xff, 0xf4,
    0x8, 0xff, 0xff, 0x20, 0x2, 0xff, 0xff, 0x80,
    0x0, 0xff, 0xf9, 0x0, 0x0, 0x9f, 0xff, 0x0,
    0x0, 0xff, 0xf9, 0x0, 0x0, 0x9f, 0xff, 0x0,
    0x8, 0xff, 0xff, 0x20, 0x2, 0xff, 0xff, 0x80,
    0x4f, 0xff, 0xff, 0xf9, 0x9f, 0xff, 0xff, 0xf4,
    0xd, 0xff, 0xff, 0xff, 0xff, 0xff, 0xff, 0xd0,
    0x4, 0xfe, 0xdf, 0xff, 0xff, 0xfd, 0xdf, 0x40,
    0x0, 0x30, 0x6, 0xff, 0xff, 0x60, 0x3, 0x0,
    0x0, 0x0, 0x0, 0xff, 0xff, 0x0, 0x0, 0x0,
    0x0, 0x0, 0x0, 0x8b, 0xb8, 0x0, 0x0, 0x0,

    /* U+F015 "" */
    0x0, 0x0, 0x0, 0x3, 0xdd, 0x30, 0x3f, 0xf3,
    0x0, 0x0, 0x0, 0x0, 0x6f, 0xff, 0xf5, 0x4f,
    0xf4, 0x0, 0x0, 0x0, 0x9, 0xff, 0x99, 0xff,
    0xbf, 0xf4, 0x0, 0x0, 0x1, 0xbf, 0xf6, 0x22,
    0x6f, 0xff, 0xf4, 0x0, 0x0, 0x2d, 0xfe, 0x35,
    0xff, 0x53, 0xef, 0xf4, 0x0, 0x4, 0xff, 0xc1,
    0x8f, 0xff, 0xf8, 0x1c, 0xfe, 0x40, 0x7f, 0xfa,
    0x1a, 0xff, 0xff, 0xff, 0xa1, 0xaf, 0xf7, 0xcf,
    0x82, 0xdf, 0xff, 0xff, 0xff, 0xfd, 0x28, 0xfc,
    0x14, 0xe, 0xff, 0xff, 0xff, 0xff, 0xff, 0xe0,
    0x41, 0x0, 0xf, 0xff, 0xff, 0xff, 0xff, 0xff,
    0xf0, 0x0, 0x0, 0xf, 0xff, 0xf9, 0x0, 0x8f,
    0xff, 0xf0, 0x0, 0x0, 0xf, 0xff, 0xf8, 0x0,
    0x8f, 0xff, 0xf0, 0x0, 0x0, 0xf, 0xff, 0xf8,
    0x0, 0x8f, 0xff, 0xf0, 0x0, 0x0, 0xe, 0xff,
    0xf6, 0x0, 0x6f, 0xff, 0xe0, 0x0,

    /* U+F017 "" */
    0x0, 0x0, 0x18, 0xce, 0xec, 0x81, 0x0, 0x0,
    0x0, 0x7, 0xff, 0xff, 0xff, 0xff, 0x70, 0x0,
    0x0, 0x9f, 0xff, 0xff, 0xff, 0xff, 0xf9, 0x0,
    0x6, 0xff, 0xff, 0xf0, 0xf, 0xff, 0xff, 0x60,
    0xe, 0xff, 0xff, 0xe0, 0xe, 0xff, 0xff, 0xe0,
    0x5f, 0xff, 0xff, 0xe0, 0xe, 0xff, 0xff, 0xf5,
    0x9f, 0xff, 0xff, 0xe0, 0xe, 0xff, 0xff, 0xf9,
    0xaf, 0xff, 0xff, 0xe0, 0xd, 0xff, 0xff, 0xfa,
    0xaf, 0xff, 0xff, 0xf0, 0x1, 0xbf, 0xff, 0xfa,
    0x8f, 0xff, 0xff, 0xfb, 0x10, 0xe, 0xff, 0xf8,
    0x3f, 0xff, 0xff, 0xff, 0xe3, 0x6f, 0xff, 0xf3,
    0xc, 0xff, 0xff, 0xff, 0xff, 0xff, 0xff, 0xc0,
    0x2, 0xff, 0xff, 0xff, 0xff, 0xff, 0xff, 0x20,
    0x0, 0x3e, 0xff, 0xff, 0xff, 0xff, 0xe3, 0x0,
    0x0, 0x2, 0xbf, 0xff, 0xff, 0xfb, 0x20, 0x0,
    0x0, 0x0, 0x1, 0x68, 0x86, 0x10, 0x0, 0x0,

    /* U+F019 "" */
    0x0, 0x0, 0x0, 0xdf, 0xfd, 0x0, 0x0, 0x0,
    0x0, 0x0, 0x0, 0xff, 0xff, 0x0, 0x0, 0x0,
    0x0, 0x0, 0x0, 0xff, 0xff, 0x0, 0x0, 0x0,
    0x0, 0x0, 0x0, 0xff, 0xff, 0x0, 0x0, 0x0,
    0x0, 0x0, 0x0, 0xff, 0xff, 0x0, 0x0, 0x0,
    0x0, 0x0, 0x0, 0xff, 0xff, 0x0, 0x0, 0x0,
    0x0, 0x4f, 0xff, 0xff, 0xff, 0xff, 0xf4, 0x0,
    0x0, 0xb, 0xff, 0xff, 0xff, 0xff, 0xb0, 0x0,
    0x0, 0x0, 0xbf, 0xff, 0xff, 0xfb, 0x0, 0x0,
    0x0, 0x0, 0xb, 0xff, 0xff, 0xb0, 0x0, 0x0,
    0x0, 0x0, 0x0, 0xbf, 0xfb, 0x0, 0x0, 0x0,
    0xdf, 0xff, 0xfc, 0x1b, 0xb1, 0xcf, 0xff, 0xfd,
    0xff, 0xff, 0xff, 0xc2, 0x2c, 0xff, 0xff, 0xff,
    0xff, 0xff, 0xff, 0xff, 0xff, 0xff, 0xff, 0xff,
    0xff, 0xff, 0xff, 0xff, 0xff, 0xf0, 0xe0, 0xff,
    0xdf, 0xff, 0xff, 0xff, 0xff, 0xff, 0xff, 0xfd,

    /* U+F01C "" */
    0x0, 0x4, 0xef, 0xff, 0xff, 0xff, 0xfe, 0x40,
    0x0, 0x0, 0x1e, 0xff, 0xff, 0xff, 0xff, 0xff,
    0xe1, 0x0, 0x0, 0xaf, 0xb0, 0x0, 0x0, 0x0,
    0xb, 0xfa, 0x0, 0x5, 0xff, 0x10, 0x0, 0x0,
    0x0, 0x1, 0xff, 0x50, 0x1e, 0xf6, 0x0, 0x0,
    0x0, 0x0, 0x0, 0x6f, 0xe1, 0xaf, 0xb0, 0x0,
    0x0, 0x0, 0x0, 0x0, 0xb, 0xfa, 0xff, 0xff,
    0xff, 0x70, 0x0, 0x8, 0xff, 0xff, 0xff, 0xff,
    0xff, 0xff, 0xe0, 0x0, 0xf, 0xff, 0xff, 0xff,
    0xff, 0xff, 0xff, 0xff, 0xff, 0xff, 0xff, 0xff,
    0xff, 0xff, 0xff, 0xff, 0xff, 0xff, 0xff, 0xff,
    0xff, 0xff, 0xff, 0xff, 0xff, 0xff, 0xff, 0xff,
    0xff, 0xff, 0xff, 0x8f, 0xff, 0xff, 0xff, 0xff,
    0xff, 0xff, 0xff, 0xf8,

    /* U+F021 "" */
    0x0, 0x0, 0x6, 0xbd, 0xda, 0x50, 0x2, 0xff,
    0x0, 0x5, 0xef, 0xff, 0xff, 0xfe, 0x42, 0xff,
    0x0, 0x7f, 0xff, 0xa7, 0x7b, 0xff, 0xf9, 0xff,
    0x5, 0xff, 0xc1, 0x0, 0x0, 0x2c, 0xff, 0xff,
    0xe, 0xfc, 0x0, 0x0, 0x2, 0x22, 0xdf, 0xff,
    0x5f, 0xf2, 0x0, 0x0, 0xf, 0xff, 0xff, 0xff,
    0x8f, 0xb0, 0x0, 0x0, 0xf, 0xff, 0xff, 0xff,
    0x0, 0x0, 0x0, 0x0, 0x0, 0x0, 0x0, 0x0,
    0x0, 0x0, 0x0, 0x0, 0x0, 0x0, 0x0, 0x0,
    0xff, 0xff, 0xff, 0xf0, 0x0, 0x0, 0xb, 0xf8,
    0xff, 0xff, 0xff, 0xf0, 0x0, 0x0, 0x2f, 0xf4,
    0xff, 0xfd, 0x22, 0x20, 0x0, 0x0, 0xcf, 0xe0,
    0xff, 0xff, 0xc2, 0x0, 0x0, 0x2c, 0xff, 0x40,
    0xff, 0x9f, 0xff, 0xb7, 0x6a, 0xff, 0xf7, 0x0,
    0xff, 0x24, 0xdf, 0xff, 0xff, 0xfe, 0x50, 0x0,
    0xff, 0x20, 0x5, 0xac, 0xdb, 0x60, 0x0, 0x0,

    /* U+F026 "" */
    0x0, 0x0, 0x0, 0x0, 0x0, 0x0, 0x0, 0x8d,
    0x0, 0x0, 0x8, 0xff, 0x0, 0x0, 0x8f, 0xff,
    0xdf, 0xff, 0xff, 0xff, 0xff, 0xff, 0xff, 0xff,
    0xff, 0xff, 0xff, 0xff, 0xff, 0xff, 0xff, 0xff,
    0xff, 0xff, 0xff, 0xff, 0xdf, 0xff, 0xff, 0xff,
    0x0, 0x0, 0x9f, 0xff, 0x0, 0x0, 0x9, 0xff,
    0x0, 0x0, 0x0, 0x8d, 0x0, 0x0, 0x0, 0x0,

    /* U+F027 "" */
    0x0, 0x0, 0x0, 0x0, 0x0, 0x0, 0x0, 0x0,
    0x0, 0x8d, 0x0, 0x0, 0x0, 0x0, 0x8, 0xff,
    0x0, 0x0, 0x0, 0x0, 0x8f, 0xff, 0x0, 0x0,
    0xcf, 0xff, 0xff, 0xff, 0x1, 0x50, 0xff, 0xff,
    0xff, 0xff, 0x6, 0xf7, 0xff, 0xff, 0xff, 0xff,
    0x0, 0xbe, 0xff, 0xff, 0xff, 0xff, 0x0, 0xae,
    0xff, 0xff, 0xff, 0xff, 0x5, 0xf8, 0xdf, 0xff,
    0xff, 0xff, 0x2, 0x60, 0x0, 0x0, 0x9f, 0xff,
    0x0, 0x0, 0x0, 0x0, 0x9, 0xff, 0x0, 0x0,
    0x0, 0x0, 0x0, 0x9e, 0x0, 0x0, 0x0, 0x0,
    0x0, 0x0, 0x0, 0x0,

    /* U+F028 "" */
    0x0, 0x0, 0x0, 0x0, 0x0, 0x0, 0x6, 0x10,
    0x0, 0x0, 0x0, 0x0, 0x0, 0x0, 0x0, 0x1f,
    0xd2, 0x0, 0x0, 0x0, 0x0, 0x8d, 0x0, 0x0,
    0x3, 0xee, 0x10, 0x0, 0x0, 0x8, 0xff, 0x0,
    0xa, 0xb1, 0x2f, 0xb0, 0x0, 0x0, 0x8f, 0xff,
    0x0, 0x5, 0xfc, 0x7, 0xf4, 0xdf, 0xff, 0xff,
    0xff, 0x2, 0x50, 0x5f, 0x60, 0xf9, 0xff, 0xff,
    0xff, 0xff, 0x6, 0xf7, 0xd, 0xc0, 0xbd, 0xff,
    0xff, 0xff, 0xff, 0x0, 0xae, 0x9, 0xf0, 0x9f,
    0xff, 0xff, 0xff, 0xff, 0x0, 0xae, 0x9, 0xe0,
    0x8f, 0xff, 0xff, 0xff, 0xff, 0x6, 0xf7, 0xd,
    0xc0, 0xad, 0xdf, 0xff, 0xff, 0xff, 0x2, 0x50,
    0x5f, 0x60, 0xe9, 0x0, 0x0, 0x9f, 0xff, 0x0,
    0x5, 0xfc, 0x6, 0xf4, 0x0, 0x0, 0x9, 0xff,
    0x0, 0xa, 0xb1, 0x2f, 0xb0, 0x0, 0x0, 0x0,
    0x8d, 0x0, 0x0, 0x2, 0xee, 0x10, 0x0, 0x0,
    0x0, 0x0, 0x0, 0x0, 0x1f, 0xd2, 0x0, 0x0,
    0x0, 0x0, 0x0, 0x0, 0x0, 0x6, 0x10, 0x0,

    /* U+F030 "" */
    0x0, 0x0, 0x1d, 0xff, 0xff, 0xd1, 0x0, 0x0,
    0x0, 0x0, 0x9f, 0xff, 0xff, 0xf9, 0x0, 0x0,
    0x8f, 0xff, 0xff, 0xff, 0xff, 0xff, 0xff, 0xf8,
    0xff, 0xff, 0xff, 0xff, 0xff, 0xff, 0xff, 0xff,
    0xff, 0xff, 0xff, 0x94, 0x49, 0xff, 0xff, 0xff,
    0xff, 0xff, 0xf4, 0x28, 0x82, 0x4f, 0xff, 0xff,
    0xff, 0xff, 0x93, 0xff, 0xff, 0x29, 0xff, 0xff,
    0xff, 0xff, 0x4a, 0xff, 0xff, 0x94, 0xff, 0xff,
    0xff, 0xff, 0x4b, 0xff, 0xff, 0xa4, 0xff, 0xff,
    0xff, 0xff, 0x95, 0xff, 0xff, 0x49, 0xff, 0xff,
    0xff, 0xff, 0xf4, 0x5c, 0xc5, 0x4f, 0xff, 0xff,
    0xff, 0xff, 0xff, 0x94, 0x49, 0xff, 0xff, 0xff,
    0xff, 0xff, 0xff, 0xff, 0xff, 0xff, 0xff, 0xff,
    0x8f, 0xff, 0xff, 0xff, 0xff, 0xff, 0xff, 0xf8,

    /* U+F03E "" */
    0x8f, 0xff, 0xff, 0xff, 0xff, 0xff, 0xff, 0xf8,
    0xff, 0xfc, 0xff, 0xff, 0xff, 0xff, 0xff, 0xff,
    0xff, 0x20, 0x2f, 0xff, 0xff, 0xff, 0xff, 0xff,
    0xfc, 0x0, 0xc, 0xff, 0xff, 0xee, 0xff, 0xff,
    0xff, 0x20, 0x2f, 0xff, 0xfe, 0x12, 0xef, 0xff,
    0xff, 0xfc, 0xff, 0xff, 0xe1, 0x0, 0x2e, 0xff,
    0xff, 0xfe, 0x4e, 0xfe, 0x10, 0x0, 0x2, 0xff,
    0xff, 0xe1, 0x2, 0xc1, 0x0, 0x0, 0x0, 0xff,
    0xff, 0x10, 0x0, 0x0, 0x0, 0x0, 0x0, 0xff,
    0xff, 0x0, 0x0, 0x0, 0x0, 0x0, 0x0, 0xff,
    0xff, 0xff, 0xff, 0xff, 0xff, 0xff, 0xff, 0xff,
    0x8f, 0xff, 0xff, 0xff, 0xff, 0xff, 0xff, 0xf8,

    /* U+F043 "" */
    0x0, 0x0, 0x4e, 0x40, 0x0, 0x0, 0x0, 0xb,
    0xfb, 0x0, 0x0, 0x0, 0x1, 0xff, 0xf1, 0x0,
    0x0, 0x0, 0x9f, 0xff, 0x90, 0x0, 0x0, 0x2f,
    0xff, 0xff, 0x30, 0x0, 0xc, 0xff, 0xff, 0xfc,
    0x0, 0x7, 0xff, 0xff, 0xff, 0xf8, 0x2, 0xff,
    0xff, 0xff, 0xff, 0xf2, 0x9f, 0xff, 0xff, 0xff,
    0xff, 0x9e, 0xff, 0xff, 0xff, 0xff, 0xfe, 0xff,
    0x2f, 0xff, 0xff, 0xff, 0xfe, 0xf2, 0xbf, 0xff,
    0xff, 0xfe, 0x9f, 0xa1, 0xbf, 0xff, 0xff, 0x92,
    0xff, 0xa2, 0x2f, 0xff, 0xf2, 0x4, 0xff, 0xff,
    0xff, 0xf4, 0x0, 0x2, 0x9e, 0xfe, 0x92, 0x0,

    /* U+F048 "" */
    0x0, 0x0, 0x0, 0x0, 0x0, 0xff, 0x30, 0x0,
    0x1, 0xcc, 0xff, 0x40, 0x0, 0x2d, 0xff, 0xff,
    0x40, 0x3, 0xef, 0xff, 0xff, 0x40, 0x3f, 0xff,
    0xff, 0xff, 0x44, 0xff, 0xff, 0xff, 0xff, 0x9f,
    0xff, 0xff, 0xff, 0xff, 0xff, 0xff, 0xff, 0xff,
    0xff, 0xff, 0xff, 0xff, 0xff, 0xff, 0xaf, 0xff,
    0xff, 0xff, 0xff, 0x45, 0xff, 0xff, 0xff, 0xff,
    0x40, 0x4f, 0xff, 0xff, 0xff, 0x40, 0x3, 0xef,
    0xff, 0xff, 0x40, 0x0, 0x2d, 0xff, 0xff, 0x30,
    0x0, 0x1, 0xcc, 0x0, 0x0, 0x0, 0x0, 0x0,

    /* U+F04B "" */
    0x0, 0x0, 0x0, 0x0, 0x0, 0x0, 0x0, 0x8f,
    0x91, 0x0, 0x0, 0x0, 0x0, 0x0, 0xff, 0xff,
    0x70, 0x0, 0x0, 0x0, 0x0, 0xff, 0xff, 0xfd,
    0x40, 0x0, 0x0, 0x0, 0xff, 0xff, 0xff, 0xfa,
    0x10, 0x0, 0x0, 0xff, 0xff, 0xff, 0xff, 0xf7,
    0x0, 0x0, 0xff, 0xff, 0xff, 0xff, 0xff, 0xd5,
    0x0, 0xff, 0xff, 0xff, 0xff, 0xff, 0xff, 0xb2,
    0xff, 0xff, 0xff, 0xff, 0xff, 0xff, 0xfd, 0xff,
    0xff, 0xff, 0xff, 0xff, 0xff, 0xfd, 0xff, 0xff,
    0xff, 0xff, 0xff, 0xff, 0xb2, 0xff, 0xff, 0xff,
    0xff, 0xff, 0xd5, 0x0, 0xff, 0xff, 0xff, 0xff,
    0xf7, 0x0, 0x0, 0xff, 0xff, 0xff, 0xfa, 0x20,
    0x0, 0x0, 0xff, 0xff, 0xfd, 0x40, 0x0, 0x0,
    0x0, 0xff, 0xff, 0x70, 0x0, 0x0, 0x0, 0x0,
    0x8e, 0xa1, 0x0, 0x0, 0x0, 0x0, 0x0, 0x0,
    0x0, 0x0, 0x0, 0x0, 0x0, 0x0,

    /* U+F04C "" */
    0x0, 0x0, 0x0, 0x0, 0x0, 0x0, 0x0, 0x8f,
    0xff, 0xf8, 0x0, 0x8f, 0xff, 0xf8, 0xff, 0xff,
    0xff, 0x0, 0xff, 0xff, 0xff, 0xff, 0xff, 0xff,
    0x0, 0xff, 0xff, 0xff, 0xff, 0xff, 0xff, 0x0,
    0xff, 0xff, 0xff, 0xff, 0xff, 0xff, 0x0, 0xff,
    0xff, 0xff, 0xff, 0xff, 0xff, 0x0, 0xff, 0xff,
    0xff, 0xff, 0xff, 0xff, 0x0, 0xff, 0xff, 0xff,
    0xff, 0xff, 0xff, 0x0, 0xff, 0xff, 0xff, 0xff,
    0xff, 0xff, 0x0, 0xff, 0xff, 0xff, 0xff, 0xff,
    0xff, 0x0, 0xff, 0xff, 0xff, 0xff, 0xff, 0xff,
    0x0, 0xff, 0xff, 0xff, 0xff, 0xff, 0xff, 0x0,
    0xff, 0xff, 0xff, 0xff, 0xff, 0xff, 0x0, 0xff,
    0xff, 0xff, 0x7f, 0xff, 0xf7, 0x0, 0x7f, 0xff,
    0xf7,

    /* U+F04D "" */
    0x8f, 0xff, 0xff, 0xff, 0xff, 0xff, 0xf8, 0xff,
    0xff, 0xff, 0xff, 0xff, 0xff, 0xff, 0xff, 0xff,
    0xff, 0xff, 0xff, 0xff, 0xff, 0xff, 0xff, 0xff,
    0xff, 0xff, 0xff, 0xff, 0xff, 0xff, 0xff, 0xff,
    0xff, 0xff, 0xff, 0xff, 0xff, 0xff, 0xff, 0xff,
    0xff, 0xff, 0xff, 0xff, 0xff, 0xff, 0xff, 0xff,
    0xff, 0xff, 0xff, 0xff, 0xff, 0xff, 0xff, 0xff,
    0xff, 0xff, 0xff, 0xff, 0xff, 0xff, 0xff, 0xff,
    0xff, 0xff, 0xff, 0xff, 0xff, 0xff, 0xff, 0xff,
    0xff, 0xff, 0xff, 0xff, 0xff, 0xff, 0xff, 0xff,
    0xff, 0xff, 0xff, 0xff, 0xff, 0xff, 0xff, 0xff,
    0xff, 0xff, 0xff, 0x8f, 0xff, 0xff, 0xff, 0xff,
    0xff, 0xf8,

    /* U+F051 "" */
    0x0, 0x0, 0x0, 0x0, 0x0, 0xcc, 0x10, 0x0,
    0x3, 0xff, 0xff, 0xd2, 0x0, 0x4, 0xff, 0xff,
    0xfe, 0x30, 0x4, 0xff, 0xff, 0xff, 0xf4, 0x4,
    0xff, 0xff, 0xff, 0xff, 0x54, 0xff, 0xff, 0xff,
    0xff, 0xfa, 0xff, 0xff, 0xff, 0xff, 0xff, 0xff,
    0xff, 0xff, 0xff, 0xff, 0xff, 0xff, 0xff, 0xff,
    0xf9, 0xff, 0xff, 0xff, 0xff, 0x44, 0xff, 0xff,
    0xff, 0xf3, 0x4, 0xff, 0xff, 0xfe, 0x30, 0x4,
    0xff, 0xff, 0xd2, 0x0, 0x4, 0xff, 0xcc, 0x10,
    0x0, 0x3, 0xff, 0x0, 0x0, 0x0, 0x0, 0x0,

    /* U+F052 "" */
    0x0, 0x0, 0x0, 0x2d, 0xd2, 0x0, 0x0, 0x0,
    0x0, 0x0, 0x1, 0xef, 0xfe, 0x10, 0x0, 0x0,
    0x0, 0x0, 0x1d, 0xff, 0xff, 0xd1, 0x0, 0x0,
    0x0, 0x0, 0xcf, 0xff, 0xff, 0xfc, 0x0, 0x0,
    0x0, 0xb, 0xff, 0xff, 0xff, 0xff, 0xb0, 0x0,
    0x0, 0xaf, 0xff, 0xff, 0xff, 0xff, 0xfa, 0x0,
    0x9, 0xff, 0xff, 0xff, 0xff, 0xff, 0xff, 0x90,
    0xf, 0xff, 0xff, 0xff, 0xff, 0xff, 0xff, 0xf0,
    0x8, 0xff, 0xff, 0xff, 0xff, 0xff, 0xff, 0x80,
    0x0, 0x0, 0x0, 0x0, 0x0, 0x0, 0x0, 0x0,
    0xc, 0xff, 0xff, 0xff, 0xff, 0xff, 0xff, 0xc0,
    0xf, 0xff, 0xff, 0xff, 0xff, 0xff, 0xff, 0xf0,
    0xf, 0xff, 0xff, 0xff, 0xff, 0xff, 0xff, 0xf0,
    0xc, 0xff, 0xff, 0xff, 0xff, 0xff, 0xff, 0xc0,

    /* U+F053 "" */
    0x0, 0x0, 0x0, 0x1a, 0x40, 0x0, 0x0, 0x1,
    0xdf, 0xf0, 0x0, 0x0, 0x1d, 0xff, 0xa0, 0x0,
    0x1, 0xdf, 0xfa, 0x0, 0x0, 0x1d, 0xff, 0xa0,
    0x0, 0x1, 0xdf, 0xfa, 0x0, 0x0, 0xc, 0xff,
    0xa0, 0x0, 0x0, 0xd, 0xff, 0x80, 0x0, 0x0,
    0x1, 0xdf, 0xf8, 0x0, 0x0, 0x0, 0x1d, 0xff,
    0x80, 0x0, 0x0, 0x1, 0xdf, 0xf8, 0x0, 0x0,
    0x0, 0x1d, 0xff, 0x80, 0x0, 0x0, 0x1, 0xdf,
    0xf0, 0x0, 0x0, 0x0, 0x1b, 0x50,

    /* U+F054 "" */
    0x4, 0xa1, 0x0, 0x0, 0x0, 0xf, 0xfc, 0x10,
    0x0, 0x0, 0xa, 0xff, 0xc1, 0x0, 0x0, 0x0,
    0xaf, 0xfc, 0x10, 0x0, 0x0, 0xa, 0xff, 0xc1,
    0x0, 0x0, 0x0, 0xaf, 0xfc, 0x10, 0x0, 0x0,
    0xa, 0xff, 0xc0, 0x0, 0x0, 0x8, 0xff, 0xd0,
    0x0, 0x0, 0x8f, 0xfd, 0x10, 0x0, 0x8, 0xff,
    0xd1, 0x0, 0x0, 0x8f, 0xfd, 0x10, 0x0, 0x8,
    0xff, 0xd1, 0x0, 0x0, 0xf, 0xfd, 0x10, 0x0,
    0x0, 0x5, 0xb1, 0x0, 0x0, 0x0,

    /* U+F067 "" */
    0x0, 0x0, 0x4, 0xff, 0x40, 0x0, 0x0, 0x0,
    0x0, 0x8, 0xff, 0x80, 0x0, 0x0, 0x0, 0x0,
    0x8, 0xff, 0x80, 0x0, 0x0, 0x0, 0x0, 0x8,
    0xff, 0x80, 0x0, 0x0, 0x0, 0x0, 0x8, 0xff,
    0x80, 0x0, 0x0, 0x48, 0x88, 0x8c, 0xff, 0xc8,
    0x88, 0x84, 0xff, 0xff, 0xff, 0xff, 0xff, 0xff,
    0xff, 0xff, 0xff, 0xff, 0xff, 0xff, 0xff, 0xff,
    0x48, 0x88, 0x8c, 0xff, 0xc8, 0x88, 0x84, 0x0,
    0x0, 0x8, 0xff, 0x80, 0x0, 0x0, 0x0, 0x0,
    0x8, 0xff, 0x80, 0x0, 0x0, 0x0, 0x0, 0x8,
    0xff, 0x80, 0x0, 0x0, 0x0, 0x0, 0x8, 0xff,
    0x80, 0x0, 0x0, 0x0, 0x0, 0x4, 0xff, 0x40,
    0x0, 0x0,

    /* U+F068 "" */
    0x14, 0x44, 0x44, 0x44, 0x44, 0x44, 0x41, 0xef,
    0xff, 0xff, 0xff, 0xff, 0xff, 0xfe, 0xff, 0xff,
    0xff, 0xff, 0xff, 0xff, 0xff, 0x7b, 0xbb, 0xbb,
    0xbb, 0xbb, 0xbb, 0xb7,

    /* U+F06B "" */
    0x0, 0x9, 0xee, 0x60, 0x6, 0xdf, 0xa0, 0x0,
    0x0, 0x9f, 0x9b, 0xf8, 0x7f, 0xb9, 0xfa, 0x0,
    0x0, 0xea, 0x0, 0x9f, 0xfa, 0x0, 0x9f, 0x0,
    0x0, 0xcd, 0x10, 0xd, 0xd0, 0x1, 0xcd, 0x0,
    0xcf, 0xff, 0xff, 0xff, 0xff, 0xff, 0xff, 0xfc,
    0xff, 0xff, 0xff, 0xff, 0xff, 0xff, 0xff, 0xff,
    0xff, 0xff, 0xff, 0xff, 0xff, 0xff, 0xff, 0xff,
    0xef, 0xff, 0xff, 0xff, 0xff, 0xff, 0xff, 0xfe,
    0x0, 0x0, 0x0, 0x0, 0x0, 0x0, 0x0, 0x0,
    0xf, 0xff, 0xff, 0xf0, 0xf, 0xff, 0xff, 0xf0,
    0xf, 0xff, 0xff, 0xf0, 0xf, 0xff, 0xff, 0xf0,
    0xf, 0xff, 0xff, 0xf0, 0xf, 0xff, 0xff, 0xf0,
    0xf, 0xff, 0xff, 0xf0, 0xf, 0xff, 0xff, 0xf0,
    0xc, 0xff, 0xff, 0xf0, 0xf, 0xff, 0xff, 0xc0,

    /* U+F06D "" */
    0x0, 0x0, 0x0, 0x0, 0x0, 0x0, 0x0, 0x0,
    0xa, 0x90, 0x0, 0x0, 0x0, 0x0, 0x5f, 0xe0,
    0x0, 0x0, 0x0, 0x0, 0xcf, 0xf6, 0x0, 0x0,
    0x0, 0x0, 0xff, 0xff, 0x40, 0x0, 0x0, 0x0,
    0xdf, 0xff, 0xf4, 0x0, 0x1, 0x50, 0x6f, 0xff,
    0xff, 0x40, 0xd, 0xf0, 0x9, 0xff, 0xff, 0xe1,
    0x7f, 0xf0, 0x0, 0xaf, 0xff, 0xf7, 0xcf, 0xf0,
    0x0, 0x1f, 0xff, 0xfd, 0xff, 0xf1, 0x0, 0x1f,
    0xff, 0xff, 0xff, 0xfb, 0x11, 0xbf, 0xff, 0xff,
    0xcf, 0xff, 0xff, 0xff, 0xff, 0xfc, 0x6f, 0xff,
    0xff, 0xff, 0xff, 0xf6, 0xc, 0xff, 0xff, 0xff,
    0xff, 0xc0, 0x1, 0xcf, 0xff, 0xff, 0xfc, 0x10,
    0x0, 0x6, 0xcf, 0xfc, 0x60, 0x0,

    /* U+F06E "" */
    0x0, 0x0, 0x5, 0xad, 0xff, 0xda, 0x50, 0x0,
    0x0, 0x0, 0x4, 0xdf, 0xfc, 0x88, 0xcf, 0xfd,
    0x40, 0x0, 0x0, 0x7f, 0xfe, 0x40, 0x0, 0x4,
    0xef, 0xf7, 0x0, 0x7, 0xff, 0xf4, 0x0, 0x9e,
    0x80, 0x4f, 0xff, 0x70, 0x4f, 0xff, 0xc0, 0x0,
    0xaf, 0xf8, 0xc, 0xff, 0xf4, 0xdf, 0xff, 0x80,
    0x9a, 0xff, 0xfe, 0x8, 0xff, 0xfd, 0xdf, 0xff,
    0x80, 0xef, 0xff, 0xfe, 0x8, 0xff, 0xfd, 0x4f,
    0xff, 0xc0, 0x8f, 0xff, 0xf8, 0xc, 0xff, 0xf4,
    0x7, 0xff, 0xf4, 0x8, 0xee, 0x80, 0x4f, 0xff,
    0x70, 0x0, 0x7f, 0xfe, 0x40, 0x0, 0x4, 0xef,
    0xf8, 0x0, 0x0, 0x4, 0xdf, 0xfc, 0x88, 0xcf,
    0xfd, 0x40, 0x0, 0x0, 0x0, 0x5, 0xad, 0xff,
    0xda, 0x50, 0x0, 0x0,

    /* U+F070 "" */
    0x8c, 0x20, 0x0, 0x0, 0x0, 0x0, 0x0, 0x0,
    0x0, 0x0, 0xdf, 0xe4, 0x0, 0x0, 0x0, 0x0,
    0x0, 0x0, 0x0, 0x0, 0x1b, 0xff, 0x80, 0x49,
    0xdf, 0xfd, 0xa5, 0x0, 0x0, 0x0, 0x0, 0x7f,
    0xff, 0xff, 0xd8, 0x8c, 0xff, 0xd4, 0x0, 0x0,
    0x0, 0x4, 0xef, 0xf8, 0x0, 0x0, 0x4e, 0xff,
    0x70, 0x0, 0x0, 0x0, 0x1c, 0xff, 0x69, 0xe8,
    0x4, 0xff, 0xf7, 0x0, 0x4, 0xe3, 0x0, 0x9f,
    0xfe, 0xff, 0x80, 0xcf, 0xff, 0x40, 0xd, 0xff,
    0x70, 0x5, 0xff, 0xff, 0xe0, 0x8f, 0xff, 0xd0,
    0xd, 0xff, 0xf7, 0x0, 0x2d, 0xff, 0xe0, 0x8f,
    0xff, 0xd0, 0x4, 0xff, 0xfc, 0x0, 0x0, 0xaf,
    0xf8, 0xcf, 0xff, 0x30, 0x0, 0x7f, 0xff, 0x40,
    0x0, 0x6, 0xff, 0xff, 0xf7, 0x0, 0x0, 0x8,
    0xff, 0xf4, 0x0, 0x0, 0x3e, 0xff, 0xa0, 0x0,
    0x0, 0x0, 0x4d, 0xff, 0xc8, 0x82, 0x1, 0xbf,
    0xf7, 0x0, 0x0, 0x0, 0x0, 0x5a, 0xdf, 0xfc,
    0x10, 0x8, 0xff, 0xb0, 0x0, 0x0, 0x0, 0x0,
    0x0, 0x0, 0x0, 0x0, 0x4e, 0xfd, 0x0, 0x0,
    0x0, 0x0, 0x0, 0x0, 0x0, 0x0, 0x2, 0xc8,

    /* U+F071 "" */
    0x0, 0x0, 0x0, 0x0, 0x2d, 0xd2, 0x0, 0x0,
    0x0, 0x0, 0x0, 0x0, 0x0, 0x0, 0xbf, 0xfb,
    0x0, 0x0, 0x0, 0x0, 0x0, 0x0, 0x0, 0x5,
    0xff, 0xff, 0x50, 0x0, 0x0, 0x0, 0x0, 0x0,
    0x0, 0xd, 0xff, 0xff, 0xd0, 0x0, 0x0, 0x0,
    0x0, 0x0, 0x0, 0x7f, 0xff, 0xff, 0xf7, 0x0,
    0x0, 0x0, 0x0, 0x0, 0x1, 0xff, 0xd8, 0x8d,
    0xff, 0x10, 0x0, 0x0, 0x0, 0x0, 0xa, 0xff,
    0xa0, 0xa, 0xff, 0xa0, 0x0, 0x0, 0x0, 0x0,
    0x3f, 0xff, 0xb0, 0xb, 0xff, 0xf3, 0x0, 0x0,
    0x0, 0x0, 0xcf, 0xff, 0xc0, 0xc, 0xff, 0xfc,
    0x0, 0x0, 0x0, 0x5, 0xff, 0xff, 0xd0, 0xd,
    0xff, 0xff, 0x50, 0x0, 0x0, 0xe, 0xff, 0xff,
    0xf9, 0x9f, 0xff, 0xff, 0xe0, 0x0, 0x0, 0x8f,
    0xff, 0xff, 0xe2, 0x2e, 0xff, 0xff, 0xf8, 0x0,
    0x2, 0xff, 0xff, 0xff, 0x90, 0x9, 0xff, 0xff,
    0xff, 0x10, 0xa, 0xff, 0xff, 0xff, 0xe3, 0x3e,
    0xff, 0xff, 0xff, 0xa0, 0xf, 0xff, 0xff, 0xff,
    0xff, 0xff, 0xff, 0xff, 0xff, 0xf0, 0x8, 0xff,
    0xff, 0xff, 0xff, 0xff, 0xff, 0xff, 0xff, 0x80,

    /* U+F072 "" */
    0x0, 0x0, 0x0, 0xbf, 0xf4, 0x0, 0x0, 0x0,
    0x0, 0x0, 0x0, 0x0, 0x9, 0xff, 0xd0, 0x0,
    0x0, 0x0, 0x0, 0x0, 0x0, 0x0, 0x4f, 0xff,
    0x70, 0x0, 0x0, 0x0, 0x0, 0x0, 0x0, 0x0,
    0xff, 0xfe, 0x10, 0x0, 0x0, 0x0, 0xe, 0xf6,
    0x0, 0xb, 0xff, 0xf9, 0x0, 0x0, 0x0, 0x0,
    0xbf, 0xf2, 0x0, 0x6f, 0xff, 0xf2, 0x0, 0x0,
    0x0, 0x7, 0xff, 0xff, 0xff, 0xff, 0xff, 0xff,
    0xff, 0xe9, 0x10, 0x2f, 0xff, 0xff, 0xff, 0xff,
    0xff, 0xff, 0xff, 0xfd, 0x2, 0xff, 0xff, 0xff,
    0xff, 0xff, 0xff, 0xff, 0xff, 0xd0, 0x7f, 0xff,
    0xff, 0xff, 0xff, 0xff, 0xff, 0xfe, 0x91, 0xb,
    0xff, 0x20, 0x6, 0xff, 0xff, 0x20, 0x0, 0x0,
    0x0, 0xef, 0x60, 0x0, 0xbf, 0xff, 0x90, 0x0,
    0x0, 0x0, 0x0, 0x0, 0x0, 0xf, 0xff, 0xe1,
    0x0, 0x0, 0x0, 0x0, 0x0, 0x0, 0x4, 0xff,
    0xf7, 0x0, 0x0, 0x0, 0x0, 0x0, 0x0, 0x0,
    0x9f, 0xfd, 0x0, 0x0, 0x0, 0x0, 0x0, 0x0,
    0x0, 0xb, 0xff, 0x40, 0x0, 0x0, 0x0, 0x0,

    /* U+F074 "" */
    0x0, 0x0, 0x0, 0x0, 0x0, 0x0, 0x0, 0x0,
    0x0, 0x0, 0x0, 0x0, 0x0, 0x0, 0xd8, 0x0,
    0x0, 0x0, 0x0, 0x0, 0x0, 0x0, 0xff, 0x80,
    0xff, 0xff, 0x70, 0x0, 0x7, 0xff, 0xff, 0xf8,
    0xff, 0xff, 0xf6, 0x0, 0x6f, 0xff, 0xff, 0xfd,
    0x78, 0x8e, 0xff, 0x15, 0xff, 0xe8, 0xff, 0xe2,
    0x0, 0x2, 0xe5, 0x4f, 0xfe, 0x20, 0xfe, 0x20,
    0x0, 0x0, 0x13, 0xff, 0xf3, 0x0, 0x52, 0x0,
    0x0, 0x0, 0x3f, 0xff, 0x31, 0x0, 0x52, 0x0,
    0x0, 0x2, 0xef, 0xf4, 0x5e, 0x20, 0xfe, 0x20,
    0x78, 0x8e, 0xff, 0x51, 0xff, 0xe8, 0xff, 0xe2,
    0xff, 0xff, 0xf6, 0x0, 0x6f, 0xff, 0xff, 0xfd,
    0xff, 0xff, 0x70, 0x0, 0x7, 0xff, 0xff, 0xf8,
    0x0, 0x0, 0x0, 0x0, 0x0, 0x0, 0xff, 0x80,
    0x0, 0x0, 0x0, 0x0, 0x0, 0x0, 0xd8, 0x0,
    0x0, 0x0, 0x0, 0x0, 0x0, 0x0, 0x0, 0x0,

    /* U+F077 "" */
    0x0, 0x0, 0x0, 0x0, 0x0, 0x0, 0x0, 0x0,
    0x0, 0x1, 0xdd, 0x10, 0x0, 0x0, 0x0, 0x0,
    0x1d, 0xff, 0xd1, 0x0, 0x0, 0x0, 0x1, 0xdf,
    0xff, 0xfd, 0x10, 0x0, 0x0, 0x1d, 0xff, 0x99,
    0xff, 0xd1, 0x0, 0x1, 0xdf, 0xf9, 0x0, 0x9f,
    0xfd, 0x10, 0x1d, 0xff, 0x90, 0x0, 0x9, 0xff,
    0xd1, 0xbf, 0xf9, 0x0, 0x0, 0x0, 0x9f, 0xfb,
    0x5f, 0x90, 0x0, 0x0, 0x0, 0x9, 0xf5, 0x0,
    0x0, 0x0, 0x0, 0x0, 0x0, 0x0,

    /* U+F078 "" */
    0x0, 0x0, 0x0, 0x0, 0x0, 0x0, 0x0, 0x5f,
    0x90, 0x0, 0x0, 0x0, 0x9, 0xf5, 0xbf, 0xf9,
    0x0, 0x0, 0x0, 0x9f, 0xfb, 0x1d, 0xff, 0x90,
    0x0, 0x9, 0xff, 0xd1, 0x1, 0xdf, 0xf9, 0x0,
    0x9f, 0xfd, 0x10, 0x0, 0x1d, 0xff, 0x99, 0xff,
    0xd1, 0x0, 0x0, 0x1, 0xdf, 0xff, 0xfd, 0x10,
    0x0, 0x0, 0x0, 0x1d, 0xff, 0xd1, 0x0, 0x0,
    0x0, 0x0, 0x1, 0xdd, 0x10, 0x0, 0x0, 0x0,
    0x0, 0x0, 0x0, 0x0, 0x0, 0x0,

    /* U+F079 "" */
    0x0, 0x0, 0x0, 0x0, 0x0, 0x0, 0x0, 0x0,
    0x0, 0x0, 0x0, 0x1d, 0xd1, 0x0, 0x0, 0x0,
    0x0, 0x0, 0x0, 0x0, 0x1, 0xdf, 0xfd, 0x10,
    0xef, 0xff, 0xff, 0xff, 0xd0, 0x0, 0x1d, 0xff,
    0xff, 0xd1, 0xaf, 0xff, 0xff, 0xff, 0xf0, 0x0,
    0xcf, 0xcf, 0xfc, 0xfc, 0x0, 0x0, 0x0, 0xf,
    0xf0, 0x0, 0x6b, 0x1f, 0xf1, 0xb6, 0x0, 0x0,
    0x0, 0xf, 0xf0, 0x0, 0x0, 0xf, 0xf0, 0x0,
    0x0, 0x0, 0x0, 0xf, 0xf0, 0x0, 0x0, 0xf,
    0xf0, 0x0, 0x0, 0x0, 0x0, 0xf, 0xf0, 0x0,
    0x0, 0xf, 0xf0, 0x0, 0x0, 0x0, 0x6b, 0x1f,
    0xf1, 0xb6, 0x0, 0xf, 0xf0, 0x0, 0x0, 0x0,
    0xcf, 0xcf, 0xfc, 0xfc, 0x0, 0xf, 0xff, 0xff,
    0xff, 0xfa, 0x1d, 0xff, 0xff, 0xd1, 0x0, 0xd,
    0xff, 0xff, 0xff, 0xfe, 0x1, 0xdf, 0xfd, 0x10,
    0x0, 0x0, 0x0, 0x0, 0x0, 0x0, 0x0, 0x1d,
    0xd1, 0x0, 0x0, 0x0, 0x0, 0x0, 0x0, 0x0,
    0x0, 0x0, 0x0, 0x0,

    /* U+F07A "" */
    0xd, 0xff, 0xf8, 0x0, 0x0, 0x0, 0x0, 0x0,
    0x0, 0x0, 0xd, 0xff, 0xfd, 0x0, 0x0, 0x0,
    0x0, 0x0, 0x0, 0x0, 0x0, 0x0, 0xff, 0xff,
    0xff, 0xff, 0xff, 0xff, 0xff, 0xd0, 0x0, 0x0,
    0xcf, 0xff, 0xff, 0xff, 0xff, 0xff, 0xff, 0xd0,
    0x0, 0x0, 0x9f, 0xff, 0xff, 0xff, 0xff, 0xff,
    0xff, 0x90, 0x0, 0x0, 0x5f, 0xff, 0xff, 0xff,
    0xff, 0xff, 0xff, 0x50, 0x0, 0x0, 0x2f, 0xff,
    0xff, 0xff, 0xff, 0xff, 0xff, 0x20, 0x0, 0x0,
    0xf, 0xff, 0xff, 0xff, 0xff, 0xff, 0xfe, 0x0,
    0x0, 0x0, 0xc, 0xff, 0xff, 0xff, 0xff, 0xff,
    0xfb, 0x0, 0x0, 0x0, 0x8, 0xff, 0xff, 0xff,
    0xff, 0xff, 0xf6, 0x0, 0x0, 0x0, 0x5, 0xfb,
    0x0, 0x0, 0x0, 0x0, 0x0, 0x0, 0x0, 0x0,
    0x2, 0xff, 0xff, 0xff, 0xff, 0xff, 0xc0, 0x0,
    0x0, 0x0, 0x0, 0xff, 0xff, 0xff, 0xff, 0xff,
    0xd0, 0x0, 0x0, 0x0, 0x8, 0xff, 0x80, 0x0,
    0x0, 0x8f, 0xf7, 0x0, 0x0, 0x0, 0xb, 0xff,
    0xa0, 0x0, 0x0, 0xbf, 0xfa, 0x0, 0x0, 0x0,
    0x3, 0xed, 0x30, 0x0, 0x0, 0x3e, 0xd3, 0x0,

    /* U+F07B "" */
    0x8f, 0xff, 0xff, 0xd1, 0x0, 0x0, 0x0, 0x0,
    0xff, 0xff, 0xff, 0xfd, 0x10, 0x0, 0x0, 0x0,
    0xff, 0xff, 0xff, 0xff, 0xff, 0xff, 0xff, 0xf8,
    0xff, 0xff, 0xff, 0xff, 0xff, 0xff, 0xff, 0xff,
    0xff, 0xff, 0xff, 0xff, 0xff, 0xff, 0xff, 0xff,
    0xff, 0xff, 0xff, 0xff, 0xff, 0xff, 0xff, 0xff,
    0xff, 0xff, 0xff, 0xff, 0xff, 0xff, 0xff, 0xff,
    0xff, 0xff, 0xff, 0xff, 0xff, 0xff, 0xff, 0xff,
    0xff, 0xff, 0xff, 0xff, 0xff, 0xff, 0xff, 0xff,
    0xff, 0xff, 0xff, 0xff, 0xff, 0xff, 0xff, 0xff,
    0xff, 0xff, 0xff, 0xff, 0xff, 0xff, 0xff, 0xff,
    0x8f, 0xff, 0xff, 0xff, 0xff, 0xff, 0xff, 0xf8,

    /* U+F091 "" */
    0x0, 0x0, 0xdf, 0xff, 0xff, 0xff, 0xfd, 0x0,
    0x0, 0x0, 0x0, 0xff, 0xff, 0xff, 0xff, 0xff,
    0x0, 0x0, 0xdf, 0xff, 0xff, 0xff, 0xff, 0xff,
    0xff, 0xff, 0xfd, 0xff, 0xff, 0xff, 0xff, 0xff,
    0xff, 0xff, 0xff, 0xff, 0xff, 0x0, 0xff, 0xff,
    0xff, 0xff, 0xff, 0x0, 0xff, 0xcf, 0x80, 0xdf,
    0xff, 0xff, 0xff, 0xfd, 0x8, 0xfc, 0x4f, 0xfc,
    0xcf, 0xff, 0xff, 0xff, 0xfc, 0xcf, 0xf4, 0x4,
    0xef, 0xff, 0xff, 0xff, 0xff, 0xff, 0xfe, 0x40,
    0x0, 0x7, 0xbf, 0xff, 0xff, 0xff, 0xfb, 0x70,
    0x0, 0x0, 0x0, 0x3, 0xff, 0xff, 0xff, 0x30,
    0x0, 0x0, 0x0, 0x0, 0x0, 0x6f, 0xff, 0xf6,
    0x0, 0x0, 0x0, 0x0, 0x0, 0x0, 0x8, 0xff,
    0x80, 0x0, 0x0, 0x0, 0x0, 0x0, 0x0, 0x8,
    0xff, 0x80, 0x0, 0x0, 0x0, 0x0, 0x0, 0x6,
    0x8c, 0xff, 0xc8, 0x60, 0x0, 0x0, 0x0, 0x0,
    0xcf, 0xff, 0xff, 0xff, 0xfc, 0x0, 0x0, 0x0,
    0x0, 0xff, 0xff, 0xff, 0xff, 0xff, 0x0, 0x0,

    /* U+F093 "" */
    0x0, 0x0, 0x0, 0xb, 0xb0, 0x0, 0x0, 0x0,
    0x0, 0x0, 0x0, 0xbf, 0xfb, 0x0, 0x0, 0x0,
    0x0, 0x0, 0xb, 0xff, 0xff, 0xb0, 0x0, 0x0,
    0x0, 0x0, 0xbf, 0xff, 0xff, 0xfb, 0x0, 0x0,
    0x0, 0xb, 0xff, 0xff, 0xff, 0xff, 0xb0, 0x0,
    0x0, 0x4f, 0xff, 0xff, 0xff, 0xff, 0xf4, 0x0,
    0x0, 0x0, 0x0, 0xff, 0xff, 0x0, 0x0, 0x0,
    0x0, 0x0, 0x0, 0xff, 0xff, 0x0, 0x0, 0x0,
    0x0, 0x0, 0x0, 0xff, 0xff, 0x0, 0x0, 0x0,
    0x0, 0x0, 0x0, 0xff, 0xff, 0x0, 0x0, 0x0,
    0x0, 0x0, 0x0, 0xff, 0xff, 0x0, 0x0, 0x0,
    0xdf, 0xff, 0xf0, 0xdf, 0xfd, 0xf, 0xff, 0xfd,
    0xff, 0xff, 0xf9, 0x0, 0x0, 0x9f, 0xff, 0xff,
    0xff, 0xff, 0xff, 0xff, 0xff, 0xff, 0xff, 0xff,
    0xff, 0xff, 0xff, 0xff, 0xff, 0xf0, 0xe0, 0xff,
    0xdf, 0xff, 0xff, 0xff, 0xff, 0xff, 0xff, 0xfd,

    /* U+F095 "" */
    0x0, 0x0, 0x0, 0x0, 0x0, 0x0, 0x0, 0x0,
    0x0, 0x0, 0x0, 0x0, 0x0, 0x0, 0xa, 0xea,
    0x62, 0x0, 0x0, 0x0, 0x0, 0x0, 0x2, 0xff,
    0xff, 0xf0, 0x0, 0x0, 0x0, 0x0, 0x0, 0x9f,
    0xff, 0xff, 0x0, 0x0, 0x0, 0x0, 0x0, 0xf,
    0xff, 0xff, 0xd0, 0x0, 0x0, 0x0, 0x0, 0x2,
    0xff, 0xff, 0xfb, 0x0, 0x0, 0x0, 0x0, 0x0,
    0x3, 0xef, 0xff, 0x70, 0x0, 0x0, 0x0, 0x0,
    0x0, 0x4, 0xff, 0xf2, 0x0, 0x0, 0x0, 0x0,
    0x0, 0x0, 0xbf, 0xfb, 0x0, 0x0, 0x0, 0x0,
    0x0, 0x0, 0x6f, 0xff, 0x30, 0x0, 0x0, 0x2,
    0x0, 0x0, 0x4f, 0xff, 0x90, 0x0, 0x2, 0x8f,
    0xf3, 0x0, 0x6f, 0xff, 0xd0, 0x0, 0xa, 0xff,
    0xff, 0xe4, 0xbf, 0xff, 0xd1, 0x0, 0x0, 0xef,
    0xff, 0xff, 0xff, 0xff, 0xd1, 0x0, 0x0, 0xa,
    0xff, 0xff, 0xff, 0xff, 0x90, 0x0, 0x0, 0x0,
    0x6f, 0xff, 0xff, 0xfb, 0x30, 0x0, 0x0, 0x0,
    0x2, 0xff, 0xdb, 0x72, 0x0, 0x0, 0x0, 0x0,
    0x0,

    /* U+F0A4 "" */
    0x0, 0x0, 0x0, 0x1, 0xdd, 0x20, 0x0, 0x0,
    0x0, 0x0, 0x0, 0xb, 0xff, 0x70, 0x0, 0x0,
    0x0, 0x0, 0x4, 0xdf, 0xff, 0x42, 0x22, 0x10,
    0x58, 0x51, 0xbf, 0xff, 0xff, 0xff, 0xff, 0xfa,
    0xff, 0xf7, 0xff, 0xff, 0xff, 0xff, 0xff, 0xfe,
    0xff, 0xf8, 0xff, 0xff, 0xff, 0xfd, 0x99, 0x93,
    0xff, 0xf8, 0xff, 0xff, 0xff, 0xfc, 0x0, 0x0,
    0xff, 0xf8, 0xff, 0xff, 0xff, 0xf8, 0x0, 0x0,
    0xff, 0xf8, 0xff, 0xff, 0xff, 0xf6, 0x0, 0x0,
    0xf0, 0xf8, 0xff, 0xff, 0xff, 0xe2, 0x0, 0x0,
    0xdf, 0xd4, 0xef, 0xff, 0xff, 0xc0, 0x0, 0x0,
    0x0, 0x0, 0x4, 0xbf, 0xfd, 0x40, 0x0, 0x0,

    /* U+F0A6 "" */
    0x0, 0xa, 0xe3, 0x0, 0x0, 0x0, 0x0, 0x1f,
    0xf9, 0x0, 0x0, 0x0, 0x0, 0x2f, 0xf9, 0x0,
    0x0, 0x0, 0x0, 0x2f, 0xf9, 0x0, 0x0, 0x0,
    0x0, 0x2f, 0xfd, 0xc8, 0x62, 0x0, 0x27, 0x4f,
    0xff, 0xff, 0xfe, 0xc3, 0xdf, 0xff, 0xff, 0xff,
    0xff, 0xfd, 0xdf, 0xff, 0xff, 0xff, 0xff, 0xff,
    0x1b, 0xff, 0xff, 0xff, 0xff, 0xfe, 0x0, 0xdf,
    0xff, 0xff, 0xff, 0xfb, 0x0, 0x4f, 0xff, 0xff,
    0xff, 0xf4, 0x0, 0xb, 0xff, 0xff, 0xff, 0xe0,
    0x0, 0x1, 0x78, 0x88, 0x88, 0x40, 0x0, 0x5,
    0xff, 0xff, 0xff, 0xd0, 0x0, 0x8, 0xff, 0xff,
    0xf0, 0xf0, 0x0, 0x5, 0xff, 0xff, 0xff, 0xd0,

    /* U+F0C2 "" */
    0x0, 0x0, 0x4, 0xcf, 0xeb, 0x40, 0x0, 0x0,
    0x0, 0x0, 0x0, 0x0, 0x8f, 0xff, 0xff, 0xf8,
    0x0, 0x0, 0x0, 0x0, 0x0, 0x4, 0xff, 0xff,
    0xff, 0xff, 0xae, 0xe8, 0x0, 0x0, 0x0, 0xc,
    0xff, 0xff, 0xff, 0xff, 0xff, 0xff, 0x80, 0x0,
    0x0, 0xf, 0xff, 0xff, 0xff, 0xff, 0xff, 0xff,
    0xe0, 0x0, 0x0, 0x7f, 0xff, 0xff, 0xff, 0xff,
    0xff, 0xff, 0xe0, 0x0, 0xc, 0xff, 0xff, 0xff,
    0xff, 0xff, 0xff, 0xff, 0xfa, 0x20, 0x7f, 0xff,
    0xff, 0xff, 0xff, 0xff, 0xff, 0xff, 0xff, 0xe2,
    0xdf, 0xff, 0xff, 0xff, 0xff, 0xff, 0xff, 0xff,
    0xff, 0xfa, 0xff, 0xff, 0xff, 0xff, 0xff, 0xff,
    0xff, 0xff, 0xff, 0xff, 0xdf, 0xff, 0xff, 0xff,
    0xff, 0xff, 0xff, 0xff, 0xff, 0xff, 0x8f, 0xff,
    0xff, 0xff, 0xff, 0xff, 0xff, 0xff, 0xff, 0xfb,
    0xc, 0xff, 0xff, 0xff, 0xff, 0xff, 0xff, 0xff,
    0xff, 0xe2, 0x0, 0x8d, 0xff, 0xff, 0xff, 0xff,
    0xff, 0xff, 0xfb, 0x20,

    /* U+F0C4 "" */
    0x8, 0xee, 0x80, 0x0, 0x0, 0x6, 0x61, 0x8,
    0xff, 0xff, 0x80, 0x0, 0x2d, 0xff, 0xd0, 0xef,
    0x33, 0xfe, 0x0, 0x2e, 0xff, 0xf3, 0xe, 0xf3,
    0x3f, 0xe0, 0x2e, 0xff, 0xf3, 0x0, 0x8f, 0xff,
    0xff, 0x6e, 0xff, 0xf3, 0x0, 0x0, 0x8e, 0xff,
    0xff, 0xff, 0xf3, 0x0, 0x0, 0x0, 0x2, 0xef,
    0xff, 0xf3, 0x0, 0x0, 0x0, 0x0, 0x2e, 0xff,
    0xff, 0x30, 0x0, 0x0, 0x8, 0xef, 0xff, 0xff,
    0xff, 0x30, 0x0, 0x8, 0xff, 0xff, 0xf6, 0xef,
    0xff, 0x30, 0x0, 0xef, 0x33, 0xfe, 0x2, 0xef,
    0xff, 0x30, 0xe, 0xf3, 0x3f, 0xe0, 0x2, 0xef,
    0xff, 0x30, 0x8f, 0xff, 0xf8, 0x0, 0x2, 0xdf,
    0xfd, 0x0, 0x8e, 0xe8, 0x0, 0x0, 0x0, 0x66,
    0x10,

    /* U+F0C5 "" */
    0x0, 0x0, 0xdf, 0xff, 0xff, 0xd, 0x10, 0x0,
    0x0, 0xff, 0xff, 0xff, 0xf, 0xd1, 0x0, 0x0,
    0xff, 0xff, 0xff, 0xf, 0xfd, 0xdf, 0xf0, 0xff,
    0xff, 0xff, 0x20, 0x0, 0xff, 0xf0, 0xff, 0xff,
    0xff, 0xff, 0xff, 0xff, 0xf0, 0xff, 0xff, 0xff,
    0xff, 0xff, 0xff, 0xf0, 0xff, 0xff, 0xff, 0xff,
    0xff, 0xff, 0xf0, 0xff, 0xff, 0xff, 0xff, 0xff,
    0xff, 0xf0, 0xff, 0xff, 0xff, 0xff, 0xff, 0xff,
    0xf0, 0xff, 0xff, 0xff, 0xff, 0xff, 0xff, 0xf0,
    0xff, 0xff, 0xff, 0xff, 0xff, 0xff, 0xf0, 0xff,
    0xff, 0xff, 0xff, 0xff, 0xff, 0xf0, 0xdf, 0xff,
    0xff, 0xff, 0xfd, 0xff, 0xf9, 0x0, 0x0, 0x0,
    0x0, 0x0, 0xff, 0xff, 0xff, 0xff, 0xff, 0x0,
    0x0, 0xdf, 0xff, 0xff, 0xff, 0xfd, 0x0, 0x0,

    /* U+F0C7 "" */
    0x8f, 0xff, 0xff, 0xff, 0xff, 0xc1, 0x0, 0xff,
    0xff, 0xff, 0xff, 0xff, 0xfd, 0x10, 0xff, 0x0,
    0x0, 0x0, 0x1, 0xff, 0xd1, 0xff, 0x0, 0x0,
    0x0, 0x0, 0xff, 0xfc, 0xff, 0x0, 0x0, 0x0,
    0x0, 0xff, 0xff, 0xff, 0x0, 0x0, 0x0, 0x0,
    0xff, 0xff, 0xff, 0xff, 0xff, 0xff, 0xff, 0xff,
    0xff, 0xff, 0xff, 0xff, 0xff, 0xff, 0xff, 0xff,
    0xff, 0xff, 0xfb, 0x11, 0xbf, 0xff, 0xff, 0xff,
    0xff, 0xf1, 0x0, 0x1f, 0xff, 0xff, 0xff, 0xff,
    0xf1, 0x0, 0x1f, 0xff, 0xff, 0xff, 0xff, 0xfb,
    0x11, 0xbf, 0xff, 0xff, 0xff, 0xff, 0xff, 0xff,
    0xff, 0xff, 0xff, 0x8f, 0xff, 0xff, 0xff, 0xff,
    0xff, 0xf8,

    /* U+F0C9 "" */
    0x12, 0x22, 0x22, 0x22, 0x22, 0x22, 0x21, 0xff,
    0xff, 0xff, 0xff, 0xff, 0xff, 0xff, 0xff, 0xff,
    0xff, 0xff, 0xff, 0xff, 0xff, 0x12, 0x22, 0x22,
    0x22, 0x22, 0x22, 0x21, 0x0, 0x0, 0x0, 0x0,
    0x0, 0x0, 0x0, 0x12, 0x22, 0x22, 0x22, 0x22,
    0x22, 0x21, 0xff, 0xff, 0xff, 0xff, 0xff, 0xff,
    0xff, 0xff, 0xff, 0xff, 0xff, 0xff, 0xff, 0xff,
    0x12, 0x22, 0x22, 0x22, 0x22, 0x22, 0x21, 0x0,
    0x0, 0x0, 0x0, 0x0, 0x0, 0x0, 0x12, 0x22,
    0x22, 0x22, 0x22, 0x22, 0x21, 0xff, 0xff, 0xff,
    0xff, 0xff, 0xff, 0xff, 0xff, 0xff, 0xff, 0xff,
    0xff, 0xff, 0xff, 0x12, 0x22, 0x22, 0x22, 0x22,
    0x22, 0x21,

    /* U+F0E0 "" */
    0x8f, 0xff, 0xff, 0xff, 0xff, 0xff, 0xff, 0xf8,
    0xff, 0xff, 0xff, 0xff, 0xff, 0xff, 0xff, 0xff,
    0xcf, 0xff, 0xff, 0xff, 0xff, 0xff, 0xff, 0xfc,
    0x9, 0xff, 0xff, 0xff, 0xff, 0xff, 0xff, 0x90,
    0xd2, 0x5f, 0xff, 0xff, 0xff, 0xff, 0xf5, 0x2d,
    0xff, 0x62, 0xcf, 0xff, 0xff, 0xfc, 0x26, 0xff,
    0xff, 0xfa, 0x18, 0xff, 0xff, 0x81, 0xaf, 0xff,
    0xff, 0xff, 0xe3, 0x4d, 0xd4, 0x3e, 0xff, 0xff,
    0xff, 0xff, 0xff, 0x81, 0x18, 0xff, 0xff, 0xff,
    0xff, 0xff, 0xff, 0xff, 0xff, 0xff, 0xff, 0xff,
    0xff, 0xff, 0xff, 0xff, 0xff, 0xff, 0xff, 0xff,
    0x8f, 0xff, 0xff, 0xff, 0xff, 0xff, 0xff, 0xf8,

    /* U+F0E7 "" */
    0x0, 0xdf, 0xff, 0xfd, 0x0, 0x0, 0x1, 0xff,
    0xff, 0xfc, 0x0, 0x0, 0x3, 0xff, 0xff, 0xf7,
    0x0, 0x0, 0x6, 0xff, 0xff, 0xf2, 0x0, 0x0,
    0x8, 0xff, 0xff, 0xd0, 0x0, 0x0, 0xa, 0xff,
    0xff, 0xff, 0xff, 0xd0, 0xc, 0xff, 0xff, 0xff,
    0xff, 0xa0, 0xe, 0xff, 0xff, 0xff, 0xff, 0x20,
    0xd, 0xff, 0xff, 0xff, 0xf8, 0x0, 0x0, 0x0,
    0xa, 0xff, 0xe0, 0x0, 0x0, 0x0, 0xe, 0xff,
    0x50, 0x0, 0x0, 0x0, 0x2f, 0xfc, 0x0, 0x0,
    0x0, 0x0, 0x5f, 0xf3, 0x0, 0x0, 0x0, 0x0,
    0x9f, 0xa0, 0x0, 0x0, 0x0, 0x0, 0xdf, 0x10,
    0x0, 0x0, 0x0, 0x0, 0xd7, 0x0, 0x0, 0x0,

    /* U+F0E9 "" */
    0x0, 0x0, 0x0, 0x0, 0xc, 0xc0, 0x0, 0x0,
    0x0, 0x0, 0x0, 0x0, 0x0, 0x2, 0x5f, 0xf5,
    0x20, 0x0, 0x0, 0x0, 0x0, 0x0, 0x4, 0xcf,
    0xff, 0xff, 0xfc, 0x40, 0x0, 0x0, 0x0, 0x0,
    0xaf, 0xff, 0xff, 0xff, 0xff, 0xfa, 0x0, 0x0,
    0x0, 0xc, 0xff, 0xff, 0xff, 0xff, 0xff, 0xff,
    0xc0, 0x0, 0x0, 0x9f, 0xff, 0xff, 0xff, 0xff,
    0xff, 0xff, 0xf9, 0x0, 0x3, 0xff, 0xff, 0xff,
    0xff, 0xff, 0xff, 0xff, 0xff, 0x30, 0x9, 0xff,
    0xff, 0xff, 0xff, 0xff, 0xff, 0xff, 0xff, 0x90,
    0xe, 0x60, 0x3d, 0xff, 0x91, 0x19, 0xff, 0xd3,
    0x6, 0xd0, 0x1, 0x0, 0x1, 0xea, 0xd, 0xd0,
    0xae, 0x10, 0x0, 0x10, 0x0, 0x0, 0x0, 0x31,
    0xf, 0xf0, 0x13, 0x0, 0x0, 0x0, 0x0, 0x0,
    0x0, 0x0, 0xf, 0xf0, 0x0, 0x0, 0x0, 0x0,
    0x0, 0x0, 0x0, 0x0, 0xf, 0xf0, 0x0, 0x0,
    0x0, 0x0, 0x0, 0x0, 0x0, 0xac, 0x2f, 0xf0,
    0x0, 0x0, 0x0, 0x0, 0x0, 0x0, 0x0, 0xbf,
    0xff, 0xb0, 0x0, 0x0, 0x0, 0x0, 0x0, 0x0,
    0x0, 0x2c, 0xfb, 0x10, 0x0, 0x0, 0x0, 0x0,

    /* U+F0EA "" */
    0x0, 0x4, 0xde, 0x40, 0x0, 0x0, 0x0, 0xdf,
    0xff, 0x99, 0xff, 0xfd, 0x0, 0x0, 0xff, 0xff,
    0x99, 0xff, 0xff, 0x0, 0x0, 0xff, 0xff, 0xff,
    0xff, 0xff, 0x0, 0x0, 0xff, 0xff, 0x90, 0x0,
    0x0, 0x0, 0x0, 0xff, 0xff, 0xd, 0xff, 0xff,
    0xd, 0x10, 0xff, 0xff, 0xf, 0xff, 0xff, 0xf,
    0xd1, 0xff, 0xff, 0xf, 0xff, 0xff, 0xf, 0xfd,
    0xff, 0xff, 0xf, 0xff, 0xff, 0x20, 0x0, 0xff,
    0xff, 0xf, 0xff, 0xff, 0xff, 0xff, 0xff, 0xff,
    0xf, 0xff, 0xff, 0xff, 0xff, 0xff, 0xff, 0xf,
    0xff, 0xff, 0xff, 0xff, 0xdf, 0xff, 0xf, 0xff,
    0xff, 0xff, 0xff, 0x0, 0x0, 0xf, 0xff, 0xff,
    0xff, 0xff, 0x0, 0x0, 0xf, 0xff, 0xff, 0xff,
    0xff, 0x0, 0x0, 0xd, 0xff, 0xff, 0xff, 0xfd,

    /* U+F0F3 "" */
    0x0, 0x0, 0x0, 0xcc, 0x0, 0x0, 0x0, 0x0,
    0x0, 0x2, 0xff, 0x30, 0x0, 0x0, 0x0, 0x1,
    0xbf, 0xff, 0xfc, 0x20, 0x0, 0x0, 0x1e, 0xff,
    0xff, 0xff, 0xe1, 0x0, 0x0, 0x9f, 0xff, 0xff,
    0xff, 0xf8, 0x0, 0x0, 0xef, 0xff, 0xff, 0xff,
    0xfd, 0x0, 0x0, 0xff, 0xff, 0xff, 0xff, 0xff,
    0x0, 0x1, 0xff, 0xff, 0xff, 0xff, 0xff, 0x0,
    0x3, 0xff, 0xff, 0xff, 0xff, 0xff, 0x30, 0x8,
    0xff, 0xff, 0xff, 0xff, 0xff, 0x80, 0x1e, 0xff,
    0xff, 0xff, 0xff, 0xff, 0xe1, 0xcf, 0xff, 0xff,
    0xff, 0xff, 0xff, 0xfc, 0xcf, 0xff, 0xff, 0xff,
    0xff, 0xff, 0xfc, 0x0, 0x0, 0x0, 0x0, 0x0,
    0x0, 0x0, 0x0, 0x0, 0xe, 0xff, 0xe0, 0x0,
    0x0, 0x0, 0x0, 0x4, 0xee, 0x40, 0x0, 0x0,

    /* U+F0F4 "" */
    0x0, 0x0, 0xdf, 0xff, 0xff, 0xff, 0xff, 0xff,
    0xff, 0xb2, 0x0, 0x0, 0xf, 0xff, 0xff, 0xff,
    0xff, 0xff, 0xff, 0xff, 0xe2, 0x0, 0x0, 0xff,
    0xff, 0xff, 0xff, 0xff, 0xff, 0x1, 0xbf, 0xb0,
    0x0, 0xf, 0xff, 0xff, 0xff, 0xff, 0xff, 0xf0,
    0x1, 0xff, 0x0, 0x0, 0xff, 0xff, 0xff, 0xff,
    0xff, 0xff, 0x0, 0x1f, 0xf0, 0x0, 0xf, 0xff,
    0xff, 0xff, 0xff, 0xff, 0xf0, 0x1b, 0xfb, 0x0,
    0x0, 0xff, 0xff, 0xff, 0xff, 0xff, 0xff, 0xff,
    0xfe, 0x20, 0x0, 0xf, 0xff, 0xff, 0xff, 0xff,
    0xff, 0xff, 0xfb, 0x20, 0x0, 0x0, 0xef, 0xff,
    0xff, 0xff, 0xff, 0xfe, 0x0, 0x0, 0x0, 0x0,
    0x8, 0xff, 0xff, 0xff, 0xff, 0xff, 0x80, 0x0,
    0x0, 0x0, 0x0, 0x8, 0xef, 0xff, 0xff, 0xfe,
    0x80, 0x0, 0x0, 0x0, 0x0, 0x0, 0x0, 0x0,
    0x0, 0x0, 0x0, 0x0, 0x0, 0x0, 0xe, 0xff,
    0xff, 0xff, 0xff, 0xff, 0xff, 0xff, 0xff, 0xfe,
    0x0, 0x7f, 0xff, 0xff, 0xff, 0xff, 0xff, 0xff,
    0xff, 0xff, 0x70,

    /* U+F0FC "" */
    0xdf, 0xff, 0xff, 0xff, 0xfd, 0x0, 0x0, 0xff,
    0xff, 0xff, 0xff, 0xff, 0x0, 0x0, 0xff, 0xff,
    0xff, 0xff, 0xff, 0xff, 0xb1, 0xff, 0xf2, 0xff,
    0x2f, 0xff, 0xff, 0xfb, 0xff, 0xf0, 0xff, 0xf,
    0xff, 0x1, 0xff, 0xff, 0xf0, 0xff, 0xf, 0xff,
    0x0, 0xff, 0xff, 0xf0, 0xff, 0xf, 0xff, 0x0,
    0xff, 0xff, 0xf0, 0xff, 0xf, 0xff, 0x0, 0xff,
    0xff, 0xf0, 0xff, 0xf, 0xff, 0x0, 0xff, 0xff,
    0xf0, 0xff, 0xf, 0xff, 0x7e, 0xfc, 0xff, 0xf2,
    0xff, 0x2f, 0xff, 0xff, 0xc2, 0xff, 0xff, 0xff,
    0xff, 0xff, 0xb4, 0x0, 0xff, 0xff, 0xff, 0xff,
    0xff, 0x0, 0x0, 0xdf, 0xff, 0xff, 0xff, 0xfd,
    0x0, 0x0,

    /* U+F118 "" */
    0x0, 0x0, 0x28, 0xbd, 0xca, 0x50, 0x0, 0x0,
    0x0, 0x8, 0xff, 0xff, 0xff, 0xfd, 0x30, 0x0,
    0x0, 0xbf, 0xff, 0xff, 0xff, 0xff, 0xf4, 0x0,
    0x9, 0xff, 0xff, 0xff, 0xff, 0xff, 0xfe, 0x20,
    0x2f, 0xff, 0xff, 0xff, 0xff, 0xff, 0xff, 0xa0,
    0x9f, 0xff, 0xc8, 0xff, 0xfc, 0x8f, 0xff, 0xf1,
    0xdf, 0xff, 0x40, 0xdf, 0xf4, 0xd, 0xff, 0xf5,
    0xff, 0xff, 0xc8, 0xff, 0xfc, 0x8f, 0xff, 0xf7,
    0xff, 0xff, 0xff, 0xff, 0xff, 0xff, 0xff, 0xf6,
    0xdf, 0xff, 0xff, 0xff, 0xff, 0xff, 0xff, 0xf5,
    0x9f, 0xff, 0x29, 0xff, 0xfe, 0x3a, 0xff, 0xf1,
    0x3f, 0xff, 0xd1, 0x25, 0x40, 0x7f, 0xff, 0xa0,
    0x9, 0xff, 0xff, 0x96, 0x7c, 0xff, 0xfe, 0x20,
    0x0, 0xbf, 0xff, 0xff, 0xff, 0xff, 0xf4, 0x0,
    0x0, 0x9, 0xff, 0xff, 0xff, 0xfd, 0x30, 0x0,
    0x0, 0x0, 0x28, 0xbd, 0xca, 0x50, 0x0, 0x0,

    /* U+F119 "" */
    0x0, 0x0, 0x28, 0xbd, 0xca, 0x50, 0x0, 0x0,
    0x0, 0x9, 0xff, 0xff, 0xff, 0xfd, 0x30, 0x0,
    0x0, 0xbf, 0xff, 0xff, 0xff, 0xff, 0xf4, 0x0,
    0x9, 0xff, 0xff, 0xff, 0xff, 0xff, 0xff, 0x20,
    0x3f, 0xff, 0xff, 0xff, 0xff, 0xff, 0xff, 0xa0,
    0x9f, 0xff, 0xc7, 0xff, 0xfc, 0x7f, 0xff, 0xf1,
    0xdf, 0xff, 0x40, 0xdf, 0xf4, 0xd, 0xff, 0xf5,
    0xff, 0xff, 0xd9, 0xff, 0xfd, 0x9f, 0xff, 0xf7,
    0xff, 0xff, 0xff, 0xff, 0xff, 0xff, 0xff, 0xf6,
    0xdf, 0xff, 0xff, 0xff, 0xff, 0xff, 0xff, 0xf5,
    0x9f, 0xff, 0xf9, 0x20, 0x15, 0xdf, 0xff, 0xf1,
    0x2f, 0xff, 0x53, 0xcf, 0xe8, 0x1d, 0xff, 0x90,
    0x8, 0xff, 0xaf, 0xff, 0xff, 0xcd, 0xfe, 0x10,
    0x0, 0xaf, 0xff, 0xff, 0xff, 0xff, 0xe3, 0x0,
    0x0, 0x7, 0xff, 0xff, 0xff, 0xfc, 0x20, 0x0,
    0x0, 0x0, 0x16, 0xab, 0xa8, 0x30, 0x0, 0x0,

    /* U+F11A "" */
    0x0, 0x0, 0x28, 0xbd, 0xca, 0x50, 0x0, 0x0,
    0x0, 0x8, 0xff, 0xff, 0xff, 0xfd, 0x30, 0x0,
    0x0, 0xbf, 0xff, 0xff, 0xff, 0xff, 0xf4, 0x0,
    0x9, 0xff, 0xff, 0xff, 0xff, 0xff, 0xfe, 0x10,
    0x2f, 0xff, 0xff, 0xff, 0xff, 0xff, 0xff, 0xa0,
    0x9f, 0xff, 0xc8, 0xff, 0xfc, 0x8f, 0xff, 0xf1,
    0xdf, 0xff, 0x40, 0xcf, 0xf4, 0xc, 0xff, 0xf5,
    0xff, 0xff, 0xb6, 0xff, 0xfb, 0x6f, 0xff, 0xf6,
    0xff, 0xff, 0xff, 0xff, 0xff, 0xff, 0xff, 0xf7,
    0xdf, 0xff, 0xff, 0xff, 0xff, 0xff, 0xff, 0xf5,
    0x9f, 0xff, 0xdb, 0xbb, 0xbb, 0xbf, 0xff, 0xf1,
    0x3f, 0xff, 0x84, 0x44, 0x44, 0x4e, 0xff, 0xb0,
    0xa, 0xff, 0xff, 0xff, 0xff, 0xff, 0xff, 0x20,
    0x0, 0xcf, 0xff, 0xff, 0xff, 0xff, 0xf5, 0x0,
    0x0, 0xa, 0xff, 0xff, 0xff, 0xfe, 0x40, 0x0,
    0x0, 0x0, 0x39, 0xde, 0xeb, 0x60, 0x0, 0x0,

    /* U+F11C "" */
    0x8f, 0xff, 0xff, 0xff, 0xff, 0xff, 0xff, 0xff,
    0xf8, 0xff, 0xff, 0xff, 0xff, 0xff, 0xff, 0xff,
    0xff, 0xff, 0xff, 0x0, 0xf0, 0xf, 0x0, 0xf0,
    0xf, 0x0, 0xff, 0xff, 0x0, 0xf0, 0xf, 0x0,
    0xf0, 0xf, 0x0, 0xff, 0xff, 0xff, 0xff, 0xff,
    0xff, 0xff, 0xff, 0xff, 0xff, 0xff, 0xf8, 0x8,
    0x80, 0x88, 0x8, 0x80, 0x8f, 0xff, 0xff, 0xf8,
    0x8, 0x80, 0x88, 0x8, 0x80, 0x8f, 0xff, 0xff,
    0xff, 0xff, 0xff, 0xff, 0xff, 0xff, 0xff, 0xff,
    0xff, 0x0, 0xf0, 0x0, 0x0, 0x0, 0xf, 0x0,
    0xff, 0xff, 0x0, 0xf0, 0x0, 0x0, 0x0, 0xf,
    0x0, 0xff, 0xff, 0xff, 0xff, 0xff, 0xff, 0xff,
    0xff, 0xff, 0xff, 0x8f, 0xff, 0xff, 0xff, 0xff,
    0xff, 0xff, 0xff, 0xf8,

    /* U+F124 "" */
    0x0, 0x0, 0x0, 0x0, 0x0, 0x0, 0x0, 0x0,
    0x0, 0x0, 0x0, 0x0, 0x0, 0x0, 0x0, 0x3,
    0xaf, 0x70, 0x0, 0x0, 0x0, 0x0, 0x0, 0x4,
    0xcf, 0xff, 0xf0, 0x0, 0x0, 0x0, 0x0, 0x6,
    0xdf, 0xff, 0xff, 0xa0, 0x0, 0x0, 0x0, 0x17,
    0xef, 0xff, 0xff, 0xff, 0x30, 0x0, 0x0, 0x18,
    0xff, 0xff, 0xff, 0xff, 0xfc, 0x0, 0x0, 0x2a,
    0xff, 0xff, 0xff, 0xff, 0xff, 0xf4, 0x0, 0x8,
    0xff, 0xff, 0xff, 0xff, 0xff, 0xff, 0xd0, 0x0,
    0xf, 0xff, 0xff, 0xff, 0xff, 0xff, 0xff, 0x60,
    0x0, 0x8, 0xff, 0xff, 0xff, 0xff, 0xff, 0xfe,
    0x0, 0x0, 0x0, 0x0, 0x0, 0x0, 0xff, 0xff,
    0xf7, 0x0, 0x0, 0x0, 0x0, 0x0, 0x0, 0xff,
    0xff, 0xf1, 0x0, 0x0, 0x0, 0x0, 0x0, 0x0,
    0xff, 0xff, 0x80, 0x0, 0x0, 0x0, 0x0, 0x0,
    0x0, 0xff, 0xff, 0x10, 0x0, 0x0, 0x0, 0x0,
    0x0, 0x0, 0xff, 0xfa, 0x0, 0x0, 0x0, 0x0,
    0x0, 0x0, 0x0, 0xff, 0xf2, 0x0, 0x0, 0x0,
    0x0, 0x0, 0x0, 0x0, 0x8f, 0x80, 0x0, 0x0,
    0x0, 0x0, 0x0, 0x0, 0x0, 0x0, 0x0, 0x0,
    0x0, 0x0,

    /* U+F135 "" */
    0x0, 0x0, 0x0, 0x0, 0x3, 0xae, 0xff, 0xe8,
    0x0, 0x0, 0x0, 0x0, 0x8f, 0xff, 0xff, 0xfe,
    0x0, 0x0, 0x0, 0x9, 0xff, 0xfe, 0xef, 0xff,
    0x0, 0x0, 0x0, 0x6f, 0xff, 0xe0, 0xe, 0xff,
    0x2, 0xdf, 0xff, 0xff, 0xff, 0xe0, 0xe, 0xfe,
    0xb, 0xff, 0xff, 0xff, 0xff, 0xfe, 0xef, 0xfa,
    0x3f, 0xff, 0xff, 0xff, 0xff, 0xff, 0xff, 0xf3,
    0xbf, 0xff, 0xff, 0xff, 0xff, 0xff, 0xff, 0x80,
    0xdf, 0xff, 0xff, 0xff, 0xff, 0xff, 0xf9, 0x0,
    0x0, 0x8, 0xff, 0xff, 0xff, 0xff, 0x60, 0x0,
    0x0, 0xf, 0xff, 0xff, 0xff, 0xff, 0x0, 0x0,
    0x0, 0x5, 0xff, 0xff, 0xff, 0xff, 0x0, 0x0,
    0x0, 0x0, 0x5f, 0x8f, 0xff, 0xff, 0x0, 0x0,
    0x0, 0x0, 0x0, 0xf, 0xff, 0xfd, 0x0, 0x0,
    0x0, 0x0, 0x0, 0xf, 0xff, 0xb2, 0x0, 0x0,
    0x0, 0x0, 0x0, 0xd, 0xb3, 0x0, 0x0, 0x0,

    /* U+F15B "" */
    0xdf, 0xff, 0xff, 0xf0, 0xd1, 0x0, 0xff, 0xff,
    0xff, 0xf0, 0xfd, 0x10, 0xff, 0xff, 0xff, 0xf0,
    0xff, 0xd1, 0xff, 0xff, 0xff, 0xf0, 0xff, 0xfd,
    0xff, 0xff, 0xff, 0xf2, 0x0, 0x0, 0xff, 0xff,
    0xff, 0xff, 0xff, 0xff, 0xff, 0xff, 0xff, 0xff,
    0xff, 0xff, 0xff, 0xff, 0xff, 0xff, 0xff, 0xff,
    0xff, 0xff, 0xff, 0xff, 0xff, 0xff, 0xff, 0xff,
    0xff, 0xff, 0xff, 0xff, 0xff, 0xff, 0xff, 0xff,
    0xff, 0xff, 0xff, 0xff, 0xff, 0xff, 0xff, 0xff,
    0xff, 0xff, 0xff, 0xff, 0xff, 0xff, 0xff, 0xff,
    0xff, 0xff, 0xff, 0xff, 0xff, 0xff, 0xff, 0xff,
    0xff, 0xff, 0xdf, 0xff, 0xff, 0xff, 0xff, 0xfd,

    /* U+F164 "" */
    0x0, 0x0, 0x0, 0x0, 0xc, 0xd4, 0x0, 0x0,
    0x0, 0x0, 0x0, 0x0, 0x3f, 0xfd, 0x0, 0x0,
    0x0, 0x0, 0x0, 0x0, 0x8f, 0xff, 0x0, 0x0,
    0x0, 0x0, 0x0, 0x1, 0xef, 0xfc, 0x0, 0x0,
    0x0, 0x0, 0x0, 0xc, 0xff, 0xf6, 0x0, 0x0,
    0x0, 0x0, 0x0, 0x8f, 0xff, 0xf8, 0x88, 0x60,
    0x0, 0x0, 0x4, 0xff, 0xff, 0xff, 0xff, 0xfb,
    0xdf, 0xfd, 0xf, 0xff, 0xff, 0xff, 0xff, 0xff,
    0xff, 0xff, 0xf, 0xff, 0xff, 0xff, 0xff, 0xfa,
    0xff, 0xff, 0xf, 0xff, 0xff, 0xff, 0xff, 0xf8,
    0xff, 0xff, 0xf, 0xff, 0xff, 0xff, 0xff, 0xf7,
    0xff, 0xff, 0xf, 0xff, 0xff, 0xff, 0xff, 0xf2,
    0xff, 0xff, 0xf, 0xff, 0xff, 0xff, 0xff, 0xf1,
    0xf9, 0x9f, 0xf, 0xff, 0xff, 0xff, 0xff, 0xb0,
    0xf9, 0x9f, 0x7, 0xcf, 0xff, 0xff, 0xff, 0x90,
    0xdf, 0xfd, 0x0, 0x2, 0x8d, 0xff, 0xea, 0x10,

    /* U+F165 "" */
    0x0, 0x0, 0x0, 0x2, 0x8d, 0xff, 0xea, 0x10,
    0xdf, 0xfd, 0x7, 0xcf, 0xff, 0xff, 0xff, 0x90,
    0xff, 0xff, 0xf, 0xff, 0xff, 0xff, 0xff, 0xb0,
    0xff, 0xff, 0xf, 0xff, 0xff, 0xff, 0xff, 0xf1,
    0xff, 0xff, 0xf, 0xff, 0xff, 0xff, 0xff, 0xf2,
    0xff, 0xff, 0xf, 0xff, 0xff, 0xff, 0xff, 0xf7,
    0xff, 0xff, 0xf, 0xff, 0xff, 0xff, 0xff, 0xf8,
    0xf9, 0x9f, 0xf, 0xff, 0xff, 0xff, 0xff, 0xfa,
    0xf9, 0x9f, 0xf, 0xff, 0xff, 0xff, 0xff, 0xff,
    0xdf, 0xfd, 0x5, 0xff, 0xff, 0xff, 0xff, 0xfb,
    0x0, 0x0, 0x0, 0x8f, 0xff, 0xf8, 0x88, 0x60,
    0x0, 0x0, 0x0, 0xc, 0xff, 0xf6, 0x0, 0x0,
    0x0, 0x0, 0x0, 0x1, 0xef, 0xfc, 0x0, 0x0,
    0x0, 0x0, 0x0, 0x0, 0x8f, 0xff, 0x0, 0x0,
    0x0, 0x0, 0x0, 0x0, 0x3f, 0xfd, 0x0, 0x0,
    0x0, 0x0, 0x0, 0x0, 0xc, 0xd4, 0x0, 0x0,

    /* U+F185 "" */
    0x0, 0x0, 0x0, 0x9, 0x90, 0x0, 0x0, 0x0,
    0x0, 0x0, 0x0, 0x1f, 0xf1, 0x0, 0x0, 0x0,
    0x0, 0x99, 0x40, 0x9f, 0xf9, 0x4, 0x99, 0x0,
    0x0, 0x9f, 0xfe, 0xff, 0xff, 0xef, 0xf9, 0x0,
    0x0, 0x4f, 0xfd, 0x40, 0x4, 0xdf, 0xf4, 0x0,
    0x0, 0xe, 0xd1, 0x8e, 0xe8, 0x1d, 0xe0, 0x0,
    0x1, 0x9f, 0x48, 0xff, 0xff, 0x84, 0xf9, 0x10,
    0x9f, 0xff, 0xe, 0xff, 0xff, 0xe0, 0xff, 0xf9,
    0x9f, 0xff, 0xe, 0xff, 0xff, 0xe0, 0xff, 0xf9,
    0x1, 0x9f, 0x48, 0xff, 0xff, 0x84, 0xf9, 0x10,
    0x0, 0xe, 0xd1, 0x8e, 0xe8, 0x1d, 0xe0, 0x0,
    0x0, 0x4f, 0xfd, 0x40, 0x4, 0xdf, 0xf4, 0x0,
    0x0, 0x9f, 0xfe, 0xff, 0xff, 0xef, 0xf9, 0x0,
    0x0, 0x99, 0x40, 0x9f, 0xf9, 0x4, 0x99, 0x0,
    0x0, 0x0, 0x0, 0x1f, 0xf1, 0x0, 0x0, 0x0,
    0x0, 0x0, 0x0, 0x9, 0x80, 0x0, 0x0, 0x0,

    /* U+F186 "" */
    0x0, 0x0, 0x4, 0xad, 0xff, 0x60, 0x0, 0x0,
    0x0, 0x1, 0xbf, 0xff, 0xf8, 0x0, 0x0, 0x0,
    0x0, 0x1d, 0xff, 0xff, 0x90, 0x0, 0x0, 0x0,
    0x0, 0xbf, 0xff, 0xfe, 0x0, 0x0, 0x0, 0x0,
    0x5, 0xff, 0xff, 0xf8, 0x0, 0x0, 0x0, 0x0,
    0xb, 0xff, 0xff, 0xf5, 0x0, 0x0, 0x0, 0x0,
    0xf, 0xff, 0xff, 0xf4, 0x0, 0x0, 0x0, 0x0,
    0x1f, 0xff, 0xff, 0xf6, 0x0, 0x0, 0x0, 0x0,
    0x2f, 0xff, 0xff, 0xfa, 0x0, 0x0, 0x0, 0x0,
    0xf, 0xff, 0xff, 0xff, 0x20, 0x0, 0x0, 0x0,
    0xc, 0xff, 0xff, 0xff, 0xd1, 0x0, 0x0, 0x0,
    0x5, 0xff, 0xff, 0xff, 0xfd, 0x40, 0x0, 0x0,
    0x0, 0xbf, 0xff, 0xff, 0xff, 0xfc, 0x87, 0x80,
    0x0, 0x1d, 0xff, 0xff, 0xff, 0xff, 0xff, 0x90,
    0x0, 0x0, 0xaf, 0xff, 0xff, 0xff, 0xf7, 0x0,
    0x0, 0x0, 0x3, 0xad, 0xff, 0xc8, 0x20, 0x0,

    /* U+F1B9 "" */
    0x0, 0x0, 0x1a, 0xef, 0xff, 0xfe, 0x91, 0x0,
    0x0, 0x0, 0x0, 0xcf, 0xff, 0xff, 0xff, 0xfc,
    0x0, 0x0, 0x0, 0x5, 0xfc, 0x10, 0x0, 0x3,
    0xff, 0x50, 0x0, 0x7, 0x8d, 0xf3, 0x0, 0x0,
    0x0, 0x9f, 0xd8, 0x70, 0xd, 0xff, 0xf8, 0x88,
    0x88, 0x88, 0xaf, 0xff, 0xd0, 0x3, 0xff, 0xff,
    0xff, 0xff, 0xff, 0xff, 0xff, 0x30, 0x7, 0xf3,
    0x4f, 0xff, 0xff, 0xff, 0xd2, 0x3f, 0x70, 0x8,
    0xf3, 0xc, 0xff, 0xff, 0xff, 0x60, 0x3f, 0x80,
    0x6, 0xff, 0xff, 0xff, 0xff, 0xff, 0xff, 0xff,
    0x60, 0x0, 0xff, 0xff, 0xff, 0xff, 0xff, 0xff,
    0xff, 0x0, 0x0, 0xff, 0xd0, 0x0, 0x0, 0x0,
    0x2f, 0xff, 0x0, 0x0, 0xcf, 0x90, 0x0, 0x0,
    0x0, 0xd, 0xfc, 0x0,

    /* U+F1BB "" */
    0x0, 0x0, 0x0, 0xaa, 0x0, 0x0, 0x0, 0x0,
    0x0, 0xa, 0xff, 0xa0, 0x0, 0x0, 0x0, 0x0,
    0x9f, 0xff, 0xf9, 0x0, 0x0, 0x0, 0x8, 0xff,
    0xff, 0xff, 0x80, 0x0, 0x0, 0xd, 0xff, 0xff,
    0xff, 0xd0, 0x0, 0x0, 0x0, 0xcf, 0xff, 0xfc,
    0x0, 0x0, 0x0, 0xa, 0xff, 0xff, 0xff, 0xa0,
    0x0, 0x0, 0x8f, 0xff, 0xff, 0xff, 0xf8, 0x0,
    0x0, 0xdf, 0xff, 0xff, 0xff, 0xfd, 0x0, 0x0,
    0xb, 0xff, 0xff, 0xff, 0xb0, 0x0, 0x0, 0xaf,
    0xff, 0xff, 0xff, 0xfa, 0x0, 0x8, 0xff, 0xff,
    0xff, 0xff, 0xff, 0x80, 0xd, 0xff, 0xff, 0xff,
    0xff, 0xff, 0xd0, 0x0, 0x0, 0x0, 0xff, 0x0,
    0x0, 0x0, 0x0, 0x0, 0x7, 0xff, 0x70, 0x0,
    0x0, 0x0, 0x0, 0xd, 0xff, 0xd0, 0x0, 0x0,

    /* U+F1E2 "" */
    0x0, 0x0, 0x0, 0x0, 0x0, 0x0, 0x49, 0x32,
    0x0, 0x0, 0x0, 0x0, 0x0, 0x0, 0x77, 0xa3,
    0x0, 0x0, 0x0, 0x0, 0x0, 0x10, 0x25, 0x79,
    0x0, 0x3, 0xae, 0xfe, 0xab, 0xf6, 0xc1, 0x84,
    0x0, 0x9f, 0xff, 0xff, 0xff, 0xff, 0x60, 0x0,
    0x9, 0xff, 0xb9, 0xff, 0xff, 0xff, 0xf1, 0x0,
    0x3f, 0xf5, 0x28, 0xff, 0xff, 0xff, 0xb0, 0x0,
    0xaf, 0xb2, 0xff, 0xff, 0xff, 0xff, 0xa0, 0x0,
    0xef, 0x98, 0xff, 0xff, 0xff, 0xff, 0xe0, 0x0,
    0xff, 0xff, 0xff, 0xff, 0xff, 0xff, 0xf0, 0x0,
    0xef, 0xff, 0xff, 0xff, 0xff, 0xff, 0xe0, 0x0,
    0xaf, 0xff, 0xff, 0xff, 0xff, 0xff, 0xa0, 0x0,
    0x4f, 0xff, 0xff, 0xff, 0xff, 0xff, 0x30, 0x0,
    0x9, 0xff, 0xff, 0xff, 0xff, 0xf9, 0x0, 0x0,
    0x0, 0x9f, 0xff, 0xff, 0xff, 0x90, 0x0, 0x0,
    0x0, 0x4, 0xae, 0xfe, 0xa3, 0x0, 0x0, 0x0,

    /* U+F1E3 "" */
    0x0, 0x0, 0x17, 0xbd, 0xdb, 0x71, 0x0, 0x0,
    0x0, 0x7, 0xff, 0xff, 0xff, 0xff, 0x60, 0x0,
    0x0, 0x9f, 0xb5, 0xff, 0xff, 0x5b, 0xf8, 0x0,
    0x6, 0xf8, 0x0, 0x5e, 0xe5, 0x0, 0x9f, 0x50,
    0x1e, 0xfd, 0x10, 0x0, 0x0, 0x1, 0xdf, 0xe0,
    0x6f, 0xff, 0x40, 0x3, 0x30, 0x4, 0xff, 0xf5,
    0xaf, 0xff, 0x60, 0x8f, 0xf7, 0x7, 0xff, 0xf9,
    0xbf, 0xfa, 0x5, 0xff, 0xff, 0x40, 0xaf, 0xfb,
    0xbc, 0x50, 0x0, 0xff, 0xff, 0x0, 0x5, 0xda,
    0x9f, 0x0, 0x0, 0xbf, 0xfa, 0x0, 0x0, 0xf8,
    0x4f, 0x56, 0x53, 0x0, 0x0, 0x35, 0x65, 0xf4,
    0xd, 0xef, 0xff, 0x20, 0x2, 0xff, 0xfe, 0xc0,
    0x3, 0xff, 0xff, 0xa0, 0xa, 0xff, 0xff, 0x30,
    0x0, 0x5f, 0xff, 0x90, 0xa, 0xff, 0xf4, 0x0,
    0x0, 0x3, 0xcf, 0xfe, 0xef, 0xfc, 0x20, 0x0,
    0x0, 0x0, 0x3, 0x79, 0x97, 0x20, 0x0, 0x0,

    /* U+F1EB "" */
    0x0, 0x0, 0x0, 0x0, 0x0, 0x0, 0x0, 0x0,
    0x0, 0x0, 0x0, 0x0, 0x4, 0x9c, 0xef, 0xfe,
    0xc9, 0x40, 0x0, 0x0, 0x0, 0x7, 0xef, 0xff,
    0xff, 0xff, 0xff, 0xfe, 0x70, 0x0, 0x4, 0xdf,
    0xff, 0xfc, 0xa8, 0x8a, 0xcf, 0xff, 0xfd, 0x40,
    0x6f, 0xff, 0xd5, 0x0, 0x0, 0x0, 0x0, 0x5d,
    0xff, 0xf6, 0xcf, 0xf6, 0x0, 0x0, 0x0, 0x0,
    0x0, 0x0, 0x6f, 0xfc, 0x1a, 0x30, 0x0, 0x5a,
    0xdf, 0xfd, 0xa5, 0x0, 0x3, 0xa1, 0x0, 0x0,
    0x4d, 0xff, 0xff, 0xff, 0xff, 0xd4, 0x0, 0x0,
    0x0, 0x5, 0xff, 0xfe, 0xa8, 0x8a, 0xef, 0xff,
    0x50, 0x0, 0x0, 0x1, 0xdf, 0x70, 0x0, 0x0,
    0x7, 0xfd, 0x10, 0x0, 0x0, 0x0, 0x12, 0x0,
    0x0, 0x0, 0x0, 0x21, 0x0, 0x0, 0x0, 0x0,
    0x0, 0x0, 0x4e, 0xe4, 0x0, 0x0, 0x0, 0x0,
    0x0, 0x0, 0x0, 0x0, 0xef, 0xfe, 0x0, 0x0,
    0x0, 0x0, 0x0, 0x0, 0x0, 0x0, 0xef, 0xfe,
    0x0, 0x0, 0x0, 0x0, 0x0, 0x0, 0x0, 0x0,
    0x4e, 0xe4, 0x0, 0x0, 0x0, 0x0,

    /* U+F1FD "" */
    0x0, 0x28, 0x0, 0x28, 0x0, 0x28, 0x0, 0x0,
    0xcf, 0x0, 0xcf, 0x0, 0xcf, 0x0, 0x0, 0xcb,
    0x0, 0xcb, 0x0, 0xcb, 0x0, 0x0, 0x88, 0x0,
    0x88, 0x0, 0x88, 0x0, 0x0, 0xff, 0x0, 0xff,
    0x0, 0xff, 0x0, 0x0, 0xff, 0x0, 0xff, 0x0,
    0xff, 0x0, 0x0, 0xff, 0x0, 0xff, 0x0, 0xff,
    0x0, 0x0, 0xff, 0x0, 0xff, 0x0, 0xff, 0x0,
    0x8f, 0xff, 0xff, 0xff, 0xff, 0xff, 0xf8, 0xff,
    0xff, 0xff, 0xff, 0xff, 0xff, 0xff, 0xff, 0xff,
    0xff, 0xff, 0xff, 0xff, 0xff, 0xc3, 0x6, 0xe9,
    0x11, 0x9e, 0x60, 0x3c, 0x19, 0xe6, 0x3, 0xcc,
    0x30, 0x6e, 0x91, 0xff, 0xff, 0xff, 0xff, 0xff,
    0xff, 0xff, 0xff, 0xff, 0xff, 0xff, 0xff, 0xff,
    0xff, 0xff, 0xff, 0xff, 0xff, 0xff, 0xff, 0xff,

    /* U+F236 "" */
    0xee, 0x0, 0x0, 0x0, 0x0, 0x0, 0x0, 0x0,
    0x0, 0x0, 0xff, 0x1, 0xbf, 0xb1, 0x0, 0x0,
    0x0, 0x0, 0x0, 0x0, 0xff, 0xb, 0xff, 0xfb,
    0xe, 0xff, 0xff, 0xff, 0xfd, 0x50, 0xff, 0xf,
    0xff, 0xff, 0xf, 0xff, 0xff, 0xff, 0xff, 0xf5,
    0xff, 0xb, 0xff, 0xfb, 0xf, 0xff, 0xff, 0xff,
    0xff, 0xfd, 0xff, 0x1, 0xbf, 0xb1, 0xf, 0xff,
    0xff, 0xff, 0xff, 0xff, 0xff, 0x0, 0x0, 0x0,
    0xf, 0xff, 0xff, 0xff, 0xff, 0xff, 0xff, 0xff,
    0xff, 0xff, 0xff, 0xff, 0xff, 0xff, 0xff, 0xff,
    0xff, 0xff, 0xff, 0xff, 0xff, 0xff, 0xff, 0xff,
    0xff, 0xff, 0xff, 0xff, 0xff, 0xff, 0xff, 0xff,
    0xff, 0xff, 0xff, 0xff, 0xff, 0x0, 0x0, 0x0,
    0x0, 0x0, 0x0, 0x0, 0x0, 0xff, 0xee, 0x0,
    0x0, 0x0, 0x0, 0x0, 0x0, 0x0, 0x0, 0xee,

    /* U+F240 "" */
    0x8f, 0xff, 0xff, 0xff, 0xff, 0xff, 0xff, 0xff,
    0xff, 0x80, 0xff, 0xff, 0xff, 0xff, 0xff, 0xff,
    0xff, 0xff, 0xff, 0xf0, 0xff, 0x0, 0x0, 0x0,
    0x0, 0x0, 0x0, 0x0, 0xf, 0xfd, 0xff, 0xf,
    0xff, 0xff, 0xff, 0xff, 0xff, 0xff, 0xf, 0xff,
    0xff, 0xf, 0xff, 0xff, 0xff, 0xff, 0xff, 0xff,
    0x0, 0xff, 0xff, 0xf, 0xff, 0xff, 0xff, 0xff,
    0xff, 0xff, 0x0, 0xff, 0xff, 0xf, 0xff, 0xff,
    0xff, 0xff, 0xff, 0xff, 0xf, 0xff, 0xff, 0x0,
    0x0, 0x0, 0x0, 0x0, 0x0, 0x0, 0xf, 0xfd,
    0xff, 0xff, 0xff, 0xff, 0xff, 0xff, 0xff, 0xff,
    0xff, 0xf0, 0x8f, 0xff, 0xff, 0xff, 0xff, 0xff,
    0xff, 0xff, 0xff, 0x80,

    /* U+F241 "" */
    0x8f, 0xff, 0xff, 0xff, 0xff, 0xff, 0xff, 0xff,
    0xff, 0x80, 0xff, 0xff, 0xff, 0xff, 0xff, 0xff,
    0xff, 0xff, 0xff, 0xf0, 0xff, 0x0, 0x0, 0x0,
    0x0, 0x0, 0x0, 0x0, 0xf, 0xfd, 0xff, 0xf,
    0xff, 0xff, 0xff, 0xff, 0xf0, 0x0, 0xf, 0xff,
    0xff, 0xf, 0xff, 0xff, 0xff, 0xff, 0xf0, 0x0,
    0x0, 0xff, 0xff, 0xf, 0xff, 0xff, 0xff, 0xff,
    0xf0, 0x0, 0x0, 0xff, 0xff, 0xf, 0xff, 0xff,
    0xff, 0xff, 0xf0, 0x0, 0xf, 0xff, 0xff, 0x0,
    0x0, 0x0, 0x0, 0x0, 0x0, 0x0, 0xf, 0xfd,
    0xff, 0xff, 0xff, 0xff, 0xff, 0xff, 0xff, 0xff,
    0xff, 0xf0, 0x8f, 0xff, 0xff, 0xff, 0xff, 0xff,
    0xff, 0xff, 0xff, 0x80,

    /* U+F242 "" */
    0x8f, 0xff, 0xff, 0xff, 0xff, 0xff, 0xff, 0xff,
    0xff, 0x80, 0xff, 0xff, 0xff, 0xff, 0xff, 0xff,
    0xff, 0xff, 0xff, 0xf0, 0xff, 0x0, 0x0, 0x0,
    0x0, 0x0, 0x0, 0x0, 0xf, 0xfd, 0xff, 0xf,
    0xff, 0xff, 0xff, 0x0, 0x0, 0x0, 0xf, 0xff,
    0xff, 0xf, 0xff, 0xff, 0xff, 0x0, 0x0, 0x0,
    0x0, 0xff, 0xff, 0xf, 0xff, 0xff, 0xff, 0x0,
    0x0, 0x0, 0x0, 0xff, 0xff, 0xf, 0xff, 0xff,
    0xff, 0x0, 0x0, 0x0, 0xf, 0xff, 0xff, 0x0,
    0x0, 0x0, 0x0, 0x0, 0x0, 0x0, 0xf, 0xfd,
    0xff, 0xff, 0xff, 0xff, 0xff, 0xff, 0xff, 0xff,
    0xff, 0xf0, 0x8f, 0xff, 0xff, 0xff, 0xff, 0xff,
    0xff, 0xff, 0xff, 0x80,

    /* U+F243 "" */
    0x8f, 0xff, 0xff, 0xff, 0xff, 0xff, 0xff, 0xff,
    0xff, 0x80, 0xff, 0xff, 0xff, 0xff, 0xff, 0xff,
    0xff, 0xff, 0xff, 0xf0, 0xff, 0x0, 0x0, 0x0,
    0x0, 0x0, 0x0, 0x0, 0xf, 0xfd, 0xff, 0xf,
    0xff, 0xf0, 0x0, 0x0, 0x0, 0x0, 0xf, 0xff,
    0xff, 0xf, 0xff, 0xf0, 0x0, 0x0, 0x0, 0x0,
    0x0, 0xff, 0xff, 0xf, 0xff, 0xf0, 0x0, 0x0,
    0x0, 0x0, 0x0, 0xff, 0xff, 0xf, 0xff, 0xf0,
    0x0, 0x0, 0x0, 0x0, 0xf, 0xff, 0xff, 0x0,
    0x0, 0x0, 0x0, 0x0, 0x0, 0x0, 0xf, 0xfd,
    0xff, 0xff, 0xff, 0xff, 0xff, 0xff, 0xff, 0xff,
    0xff, 0xf0, 0x8f, 0xff, 0xff, 0xff, 0xff, 0xff,
    0xff, 0xff, 0xff, 0x80,

    /* U+F244 "" */
    0x8f, 0xff, 0xff, 0xff, 0xff, 0xff, 0xff, 0xff,
    0xff, 0x80, 0xff, 0xff, 0xff, 0xff, 0xff, 0xff,
    0xff, 0xff, 0xff, 0xf0, 0xff, 0x0, 0x0, 0x0,
    0x0, 0x0, 0x0, 0x0, 0xf, 0xfd, 0xff, 0x0,
    0x0, 0x0, 0x0, 0x0, 0x0, 0x0, 0xf, 0xff,
    0xff, 0x0, 0x0, 0x0, 0x0, 0x0, 0x0, 0x0,
    0x0, 0xff, 0xff, 0x0, 0x0, 0x0, 0x0, 0x0,
    0x0, 0x0, 0x0, 0xff, 0xff, 0x0, 0x0, 0x0,
    0x0, 0x0, 0x0, 0x0, 0xf, 0xff, 0xff, 0x0,
    0x0, 0x0, 0x0, 0x0, 0x0, 0x0, 0xf, 0xfd,
    0xff, 0xff, 0xff, 0xff, 0xff, 0xff, 0xff, 0xff,
    0xff, 0xf0, 0x8f, 0xff, 0xff, 0xff, 0xff, 0xff,
    0xff, 0xff, 0xff, 0x80,

    /* U+F25B "" */
    0x0, 0x0, 0x0, 0x4e, 0xc0, 0x0, 0x0, 0x0,
    0x36, 0x0, 0xb, 0xff, 0x40, 0x0, 0x0, 0x1f,
    0xfa, 0x0, 0xbf, 0xf4, 0x0, 0x0, 0x1, 0xff,
    0xf1, 0xb, 0xff, 0x40, 0x0, 0x0, 0xc, 0xff,
    0x70, 0xbf, 0xf4, 0x0, 0x0, 0x0, 0x5f, 0xfd,
    0xb, 0xff, 0x42, 0x10, 0x0, 0x0, 0xef, 0xf4,
    0xbf, 0xf9, 0xfe, 0x3, 0x0, 0x9, 0xff, 0xab,
    0xff, 0xbf, 0xf9, 0xfc, 0x0, 0x2f, 0xff, 0xff,
    0xff, 0xff, 0xff, 0xe0, 0x1, 0xef, 0xff, 0xff,
    0xff, 0xff, 0xfe, 0x0, 0xdf, 0xff, 0xff, 0xff,
    0xff, 0xff, 0xe0, 0x2f, 0xff, 0xff, 0xff, 0xff,
    0xff, 0xfb, 0x0, 0xbf, 0xff, 0xff, 0xff, 0xff,
    0xff, 0x70, 0x2, 0xff, 0xff, 0xff, 0xff, 0xff,
    0xf3, 0x0, 0x8, 0xff, 0xff, 0xff, 0xff, 0xff,
    0x0, 0x0, 0xc, 0xff, 0xff, 0xff, 0xff, 0x80,

    /* U+F287 "" */
    0x0, 0x0, 0x0, 0x0, 0x0, 0x1, 0x0, 0x0,
    0x0, 0x0, 0x0, 0x0, 0x0, 0x0, 0x0, 0x7,
    0xfd, 0x10, 0x0, 0x0, 0x0, 0x0, 0x0, 0x0,
    0x1, 0xcf, 0xff, 0xf5, 0x0, 0x0, 0x0, 0x0,
    0x0, 0x0, 0x0, 0xb9, 0x29, 0xfe, 0x10, 0x0,
    0x0, 0x0, 0x0, 0x0, 0x0, 0x3f, 0x10, 0x2,
    0x0, 0x0, 0x0, 0x0, 0x3, 0xdf, 0x80, 0xa,
    0x90, 0x0, 0x0, 0x0, 0x3, 0x70, 0x0, 0xdf,
    0xff, 0x77, 0xf7, 0x55, 0x55, 0x55, 0x55, 0x8f,
    0xd3, 0xf, 0xff, 0xfd, 0xcc, 0xdf, 0xdc, 0xcc,
    0xcc, 0xcd, 0xff, 0xb0, 0x8f, 0xfe, 0x10, 0x0,
    0xaa, 0x0, 0x0, 0x0, 0x4d, 0x40, 0x0, 0x46,
    0x10, 0x0, 0x1, 0xf2, 0x2, 0x33, 0x10, 0x0,
    0x0, 0x0, 0x0, 0x0, 0x0, 0x9, 0xb1, 0xcf,
    0xf9, 0x0, 0x0, 0x0, 0x0, 0x0, 0x0, 0x0,
    0xa, 0xff, 0xff, 0x90, 0x0, 0x0, 0x0, 0x0,
    0x0, 0x0, 0x0, 0x0, 0xbf, 0xf9, 0x0, 0x0,
    0x0, 0x0, 0x0, 0x0, 0x0, 0x0, 0x1, 0x22,
    0x0, 0x0, 0x0,

    /* U+F293 "" */
    0x0, 0x18, 0xdf, 0xfd, 0x92, 0x0, 0x2, 0xef,
    0xfb, 0xef, 0xff, 0x40, 0xd, 0xff, 0xfa, 0x2e,
    0xff, 0xe0, 0x4f, 0xff, 0xfa, 0x3, 0xff, 0xf5,
    0x9f, 0xfa, 0xfa, 0x35, 0x4f, 0xfa, 0xcf, 0xc0,
    0x8a, 0x3d, 0xb, 0xfd, 0xef, 0xfb, 0x3, 0x11,
    0x8f, 0xfe, 0xff, 0xff, 0xb0, 0x6, 0xff, 0xff,
    0xff, 0xff, 0xd1, 0x8, 0xff, 0xff, 0xef, 0xfd,
    0x11, 0x10, 0x9f, 0xff, 0xdf, 0xd1, 0x59, 0x3b,
    0xb, 0xfd, 0xaf, 0xd6, 0xfa, 0x37, 0x1d, 0xfb,
    0x5f, 0xff, 0xfa, 0x1, 0xdf, 0xf7, 0xd, 0xff,
    0xfa, 0x1d, 0xff, 0xf1, 0x3, 0xef, 0xfc, 0xdf,
    0xff, 0x50, 0x0, 0x18, 0xdf, 0xfe, 0xa3, 0x0,

    /* U+F2DC "" */
    0x0, 0x0, 0x0, 0xe, 0xe0, 0x0, 0x0, 0x0,
    0x0, 0x0, 0x9, 0xbf, 0xfb, 0x90, 0x0, 0x0,
    0x0, 0x3, 0x16, 0xff, 0xff, 0x61, 0x30, 0x0,
    0x3, 0x4e, 0x90, 0x6f, 0xf6, 0x9, 0xe4, 0x30,
    0xd, 0xff, 0xd0, 0xf, 0xf0, 0xd, 0xff, 0xd0,
    0x5, 0xff, 0xf8, 0xf, 0xf0, 0x8f, 0xff, 0x50,
    0xc, 0xff, 0xff, 0xef, 0xfe, 0xff, 0xff, 0xc0,
    0x4, 0x40, 0x2a, 0xff, 0xff, 0xa2, 0x4, 0x40,
    0x4, 0x40, 0x2a, 0xff, 0xff, 0xa2, 0x4, 0x40,
    0xc, 0xff, 0xff, 0xef, 0xfe, 0xff, 0xff, 0xc0,
    0x5, 0xff, 0xf8, 0xf, 0xf0, 0x8f, 0xff, 0x50,
    0xd, 0xff, 0xd0, 0xf, 0xf0, 0xd, 0xff, 0xd0,
    0x3, 0x4e, 0x90, 0x6f, 0xf6, 0x9, 0xe4, 0x30,
    0x0, 0x3, 0x15, 0xff, 0xff, 0x51, 0x30, 0x0,
    0x0, 0x0, 0x9, 0xbf, 0xfb, 0x80, 0x0, 0x0,
    0x0, 0x0, 0x0, 0xe, 0xe0, 0x0, 0x0, 0x0,

    /* U+F2E7 "" */
    0x6e, 0x2f, 0x2e, 0x60, 0x0, 0x5d, 0xda, 0xf4,
    0xf4, 0xfa, 0x0, 0x6f, 0xff, 0xcf, 0x5f, 0x5f,
    0xc0, 0x2f, 0xff, 0xfe, 0xf6, 0xf6, 0xfe, 0x9,
    0xff, 0xff, 0xff, 0x7f, 0x7f, 0xf0, 0xef, 0xff,
    0xfd, 0xff, 0xff, 0xfd, 0xf, 0xff, 0xff, 0x6f,
    0xff, 0xff, 0x60, 0xcf, 0xff, 0xf0, 0x6f, 0xff,
    0x60, 0x6, 0xff, 0xff, 0x0, 0xef, 0xe0, 0x0,
    0xa, 0xff, 0xf0, 0xf, 0xff, 0x0, 0x0, 0xd,
    0xff, 0x0, 0xff, 0xf0, 0x0, 0x0, 0xdf, 0xf0,
    0xf, 0xff, 0x0, 0x0, 0xf, 0xff, 0x1, 0xff,
    0xf1, 0x0, 0x0, 0xff, 0xf0, 0x2f, 0xff, 0x20,
    0x0, 0x1f, 0xff, 0x3, 0xff, 0xf3, 0x0, 0x3,
    0xff, 0xf0, 0x2f, 0xff, 0x20, 0x0, 0x2f, 0xfd,

    /* U+F2ED "" */
    0x0, 0x0, 0x7f, 0xff, 0xf7, 0x0, 0x0, 0xef,
    0xff, 0xff, 0xff, 0xff, 0xff, 0xfe, 0xef, 0xff,
    0xff, 0xff, 0xff, 0xff, 0xfe, 0x0, 0x0, 0x0,
    0x0, 0x0, 0x0, 0x0, 0xf, 0xff, 0xff, 0xff,
    0xff, 0xff, 0xf0, 0xf, 0xff, 0xff, 0xff, 0xff,
    0xff, 0xf0, 0xf, 0xf9, 0x9f, 0x99, 0xf9, 0x9f,
    0xf0, 0xf, 0xf8, 0x8f, 0x88, 0xf8, 0x8f, 0xf0,
    0xf, 0xf8, 0x8f, 0x88, 0xf8, 0x8f, 0xf0, 0xf,
    0xf8, 0x8f, 0x88, 0xf8, 0x8f, 0xf0, 0xf, 0xf8,
    0x8f, 0x88, 0xf8, 0x8f, 0xf0, 0xf, 0xf8, 0x8f,
    0x88, 0xf8, 0x8f, 0xf0, 0xf, 0xf8, 0x8f, 0x88,
    0xf8, 0x8f, 0xf0, 0xf, 0xf9, 0x9f, 0x99, 0xf9,
    0x9f, 0xf0, 0xf, 0xff, 0xff, 0xff, 0xff, 0xff,
    0xf0, 0x8, 0xff, 0xff, 0xff, 0xff, 0xff, 0x80,

    /* U+F2FE "" */
    0x0, 0x0, 0x0, 0x3, 0xe8, 0x0, 0x0, 0x0,
    0x0, 0x0, 0x0, 0x0, 0xff, 0x80, 0x0, 0x0,
    0x0, 0x0, 0x0, 0x4, 0xff, 0xe0, 0x0, 0x0,
    0x0, 0x0, 0x0, 0x4e, 0xff, 0xe0, 0x0, 0x0,
    0x0, 0x4, 0xef, 0xff, 0xff, 0xfe, 0x40, 0x0,
    0x0, 0xe, 0xff, 0xff, 0xff, 0xff, 0xe0, 0x0,
    0x0, 0xe, 0xff, 0xff, 0xff, 0xff, 0xe0, 0x0,
    0x0, 0x5b, 0xff, 0xff, 0xff, 0xff, 0xb5, 0x0,
    0x9, 0xff, 0xf3, 0x3f, 0xf3, 0x3f, 0xff, 0x90,
    0xf, 0xff, 0xf3, 0x3f, 0xf3, 0x3f, 0xff, 0xf0,
    0xc, 0xff, 0xff, 0xff, 0xff, 0xff, 0xff, 0xc0,
    0x7, 0xff, 0xff, 0xff, 0xff, 0xff, 0xff, 0x70,
    0x8f, 0xff, 0xf2, 0x0, 0x0, 0x2f, 0xff, 0xf8,
    0xff, 0xff, 0xfe, 0x61, 0x16, 0xef, 0xff, 0xff,
    0xdf, 0xff, 0xff, 0xff, 0xff, 0xff, 0xff, 0xfd,
    0x3d, 0xff, 0xff, 0xff, 0xff, 0xff, 0xff, 0xd3,

    /* U+F304 "" */
    0x0, 0x0, 0x0, 0x0, 0x0, 0x0, 0x7f, 0xa0,
    0x0, 0x0, 0x0, 0x0, 0x0, 0x0, 0x7f, 0xff,
    0xb0, 0x0, 0x0, 0x0, 0x0, 0x0, 0xd, 0xff,
    0xff, 0xa0, 0x0, 0x0, 0x0, 0x0, 0x7a, 0x1d,
    0xff, 0xff, 0x0, 0x0, 0x0, 0x0, 0x7f, 0xfa,
    0x1d, 0xff, 0x70, 0x0, 0x0, 0x0, 0x7f, 0xff,
    0xfa, 0x1d, 0x70, 0x0, 0x0, 0x0, 0x7f, 0xff,
    0xff, 0xfa, 0x0, 0x0, 0x0, 0x0, 0x7f, 0xff,
    0xff, 0xff, 0x70, 0x0, 0x0, 0x0, 0x7f, 0xff,
    0xff, 0xff, 0x70, 0x0, 0x0, 0x0, 0x7f, 0xff,
    0xff, 0xff, 0x70, 0x0, 0x0, 0x0, 0x7f, 0xff,
    0xff, 0xff, 0x70, 0x0, 0x0, 0x0, 0x6f, 0xff,
    0xff, 0xff, 0x70, 0x0, 0x0, 0x0, 0xb, 0xff,
    0xff, 0xff, 0x70, 0x0, 0x0, 0x0, 0x0, 0xdf,
    0xff, 0xff, 0x70, 0x0, 0x0, 0x0, 0x0, 0xe,
    0xff, 0xff, 0x70, 0x0, 0x0, 0x0, 0x0, 0x0,
    0xde, 0xdb, 0x60, 0x0, 0x0, 0x0, 0x0, 0x0,
    0x0, 0x0, 0x0, 0x0, 0x0, 0x0, 0x0, 0x0,
    0x0,

    /* U+F3A5 "" */
    0x0, 0x7f, 0xf1, 0x6f, 0xff, 0xf6, 0x1f, 0xf7,
    0x0, 0x1, 0xff, 0xa0, 0xdf, 0xff, 0xfd, 0xa,
    0xff, 0x10, 0x9, 0xff, 0x34, 0xff, 0xff, 0xff,
    0x43, 0xff, 0x90, 0x2f, 0xfc, 0xb, 0xff, 0xff,
    0xff, 0xb0, 0xcf, 0xf2, 0xbf, 0xf5, 0x2f, 0xff,
    0xff, 0xff, 0xf2, 0x5f, 0xfb, 0x0, 0x0, 0x0,
    0x0, 0x0, 0x0, 0x0, 0x0, 0x0, 0x9f, 0xf6,
    0x2f, 0xff, 0xff, 0xff, 0xf2, 0x6f, 0xf9, 0xb,
    0xfd, 0xb, 0xff, 0xff, 0xff, 0xb0, 0xdf, 0xb0,
    0x0, 0xcf, 0x54, 0xff, 0xff, 0xff, 0x46, 0xfc,
    0x0, 0x0, 0x1e, 0xd0, 0xdf, 0xff, 0xfd, 0xd,
    0xe1, 0x0, 0x0, 0x2, 0xf5, 0x7f, 0xff, 0xf6,
    0x5f, 0x20, 0x0, 0x0, 0x0, 0x4d, 0x1f, 0xff,
    0xf1, 0xd4, 0x0, 0x0, 0x0, 0x0, 0x6, 0x59,
    0xff, 0x95, 0x60, 0x0, 0x0, 0x0, 0x0, 0x0,
    0x52, 0xff, 0x25, 0x0, 0x0, 0x0, 0x0, 0x0,
    0x0, 0x0, 0xbb, 0x0, 0x0, 0x0, 0x0, 0x0,
    0x0, 0x0, 0x0, 0x44, 0x0, 0x0, 0x0, 0x0,

    /* U+F3C5 "" */
    0x0, 0x7, 0xcf, 0xfc, 0x70, 0x0, 0x1, 0xdf,
    0xff, 0xff, 0xfd, 0x10, 0xd, 0xff, 0xff, 0xff,
    0xff, 0xd0, 0x7f, 0xff, 0xf9, 0x9f, 0xff, 0xf7,
    0xcf, 0xff, 0x20, 0x2, 0xff, 0xfc, 0xff, 0xf9,
    0x0, 0x0, 0x9f, 0xff, 0xff, 0xf9, 0x0, 0x0,
    0x9f, 0xff, 0xcf, 0xff, 0x20, 0x2, 0xff, 0xfc,
    0x6f, 0xff, 0xf9, 0x9f, 0xff, 0xf6, 0xd, 0xff,
    0xff, 0xff, 0xff, 0xd0, 0x3, 0xff, 0xff, 0xff,
    0xff, 0x30, 0x0, 0x8f, 0xff, 0xff, 0xf8, 0x0,
    0x0, 0xc, 0xff, 0xff, 0xc0, 0x0, 0x0, 0x2,
    0xff, 0xff, 0x20, 0x0, 0x0, 0x0, 0x7f, 0xf7,
    0x0, 0x0, 0x0, 0x0, 0xb, 0xb0, 0x0, 0x0,

    /* U+F44B "" */
    0x0, 0x0, 0xd, 0xfd, 0x0, 0x0, 0xdf, 0xd0,
    0x0, 0x0, 0x0, 0x0, 0xf, 0xff, 0x0, 0x0,
    0xff, 0xf0, 0x0, 0x0, 0xd, 0xfd, 0xf, 0xff,
    0x0, 0x0, 0xff, 0xf0, 0xdf, 0xd0, 0xf, 0xff,
    0xf, 0xff, 0x0, 0x0, 0xff, 0xf0, 0xff, 0xf0,
    0xf, 0xff, 0xf, 0xff, 0x0, 0x0, 0xff, 0xf0,
    0xff, 0xf0, 0xf, 0xff, 0xf, 0xff, 0x0, 0x0,
    0xff, 0xf0, 0xff, 0xf0, 0xff, 0xff, 0xf, 0xff,
    0xff, 0xff, 0xff, 0xf0, 0xff, 0xff, 0xff, 0xff,
    0xf, 0xff, 0xff, 0xff, 0xff, 0xf0, 0xff, 0xff,
    0xf, 0xff, 0xf, 0xff, 0x0, 0x0, 0xff, 0xf0,
    0xff, 0xf0, 0xf, 0xff, 0xf, 0xff, 0x0, 0x0,
    0xff, 0xf0, 0xff, 0xf0, 0xf, 0xff, 0xf, 0xff,
    0x0, 0x0, 0xff, 0xf0, 0xff, 0xf0, 0xd, 0xfd,
    0xf, 0xff, 0x0, 0x0, 0xff, 0xf0, 0xdf, 0xd0,
    0x0, 0x0, 0xf, 0xff, 0x0, 0x0, 0xff, 0xf0,
    0x0, 0x0, 0x0, 0x0, 0xd, 0xfd, 0x0, 0x0,
    0xdf, 0xd0, 0x0, 0x0,

    /* U+F4C2 "" */
    0xcc, 0x0, 0x0, 0x0, 0x0, 0x0, 0x0, 0x0,
    0x0, 0xcc, 0xff, 0x0, 0x0, 0x0, 0x0, 0x0,
    0x0, 0x0, 0x0, 0xff, 0xff, 0x0, 0x0, 0x0,
    0x0, 0x0, 0x0, 0x0, 0x0, 0xff, 0xff, 0x0,
    0x0, 0x0, 0x0, 0x0, 0x0, 0x0, 0x0, 0xff,
    0xff, 0x0, 0x2, 0x0, 0x0, 0x0, 0x0, 0x20,
    0x0, 0xff, 0xff, 0x0, 0x4f, 0x90, 0x0, 0x0,
    0x9, 0xf4, 0x0, 0xff, 0xff, 0xb0, 0x2f, 0xf6,
    0x0, 0x0, 0x6f, 0xf2, 0xb, 0xff, 0xff, 0xf8,
    0x5, 0xff, 0x20, 0x2, 0xff, 0x50, 0x9f, 0xff,
    0xcf, 0xff, 0x61, 0xff, 0xa0, 0xa, 0xff, 0x16,
    0xff, 0xfc, 0x2f, 0xff, 0xfe, 0xff, 0xe0, 0xe,
    0xff, 0xef, 0xff, 0xf2, 0x5, 0xff, 0xff, 0xff,
    0xf0, 0xf, 0xff, 0xff, 0xff, 0x50, 0x0, 0x8f,
    0xff, 0xff, 0xf0, 0xf, 0xff, 0xff, 0xf8, 0x0,
    0x0, 0xc, 0xff, 0xff, 0xf0, 0xf, 0xff, 0xff,
    0xc0, 0x0, 0x0, 0x2, 0xff, 0xff, 0xe0, 0xe,
    0xff, 0xff, 0x20, 0x0,

    /* U+F4D8 "" */
    0x0, 0x0, 0x0, 0x0, 0x0, 0x17, 0xdf, 0xff,
    0x0, 0x0, 0x0, 0x0, 0x4, 0xef, 0xff, 0xfd,
    0xff, 0xfd, 0x81, 0x0, 0x4f, 0xff, 0xff, 0xf8,
    0xdf, 0xff, 0xff, 0x50, 0xef, 0xff, 0xff, 0xf1,
    0x8f, 0xff, 0xff, 0xf5, 0x7f, 0xff, 0xff, 0x50,
    0x1f, 0xff, 0xff, 0xff, 0x1d, 0xff, 0xf5, 0x0,
    0x5, 0xff, 0xff, 0xff, 0x87, 0xd8, 0x10, 0x0,
    0x0, 0x5f, 0xff, 0xff, 0xd0, 0x0, 0x0, 0x0,
    0x0, 0x1, 0x8d, 0xff, 0xf0, 0x0, 0x0, 0x0,
    0x0, 0x0, 0x0, 0xf, 0xf0, 0x0, 0x0, 0x0,
    0x0, 0x0, 0x0, 0xf, 0xf0, 0x0, 0x0, 0x0,
    0x0, 0x0, 0x0, 0xf, 0xf0, 0x0, 0x0, 0x0,
    0x0, 0x0, 0x0, 0xf, 0xf0, 0x0, 0x0, 0x0,
    0x0, 0x0, 0x0, 0xe, 0xe0, 0x0, 0x0, 0x0,

    /* U+F4DA "" */
    0x0, 0x0, 0x28, 0xbd, 0xca, 0x50, 0x0, 0x0,
    0x0, 0x8, 0xff, 0xff, 0xff, 0xfd, 0x30, 0x0,
    0x0, 0xbf, 0xff, 0xff, 0xff, 0xff, 0xf4, 0x0,
    0x9, 0xff, 0xff, 0xff, 0xff, 0xff, 0xfe, 0x20,
    0x2f, 0xff, 0xff, 0xff, 0xff, 0xff, 0xff, 0xa0,
    0x9f, 0xff, 0xc8, 0xff, 0xfb, 0x9e, 0xff, 0xf1,
    0xdf, 0xff, 0x40, 0xdf, 0xa0, 0x12, 0xff, 0xf5,
    0xff, 0xff, 0xc8, 0xff, 0xbe, 0xfa, 0xff, 0xf7,
    0xff, 0xff, 0xff, 0xff, 0xff, 0xff, 0xff, 0xf6,
    0xdf, 0xff, 0xff, 0xff, 0xff, 0xff, 0xff, 0xf5,
    0x9f, 0xff, 0x39, 0xff, 0xfe, 0x3a, 0xff, 0xf1,
    0x3f, 0xff, 0xd1, 0x25, 0x40, 0x6f, 0xff, 0xa0,
    0x9, 0xff, 0xff, 0x96, 0x7c, 0xff, 0xfe, 0x20,
    0x0, 0xbf, 0xff, 0xff, 0xff, 0xff, 0xf4, 0x0,
    0x0, 0x9, 0xff, 0xff, 0xff, 0xfd, 0x30, 0x0,
    0x0, 0x0, 0x28, 0xbd, 0xca, 0x50, 0x0, 0x0,

    /* U+F54C "" */
    0x0, 0x0, 0x4a, 0xdf, 0xfd, 0xa4, 0x0, 0x0,
    0x0, 0x2c, 0xff, 0xff, 0xff, 0xff, 0xc2, 0x0,
    0x2, 0xef, 0xff, 0xff, 0xff, 0xff, 0xfe, 0x20,
    0xd, 0xff, 0xff, 0xff, 0xff, 0xff, 0xff, 0xd0,
    0x7f, 0xff, 0xff, 0xff, 0xff, 0xff, 0xff, 0xf7,
    0xcf, 0xff, 0xff, 0xff, 0xff, 0xff, 0xff, 0xfc,
    0xff, 0xfb, 0x11, 0xbf, 0xfb, 0x11, 0xbf, 0xff,
    0xff, 0xf1, 0x0, 0x1f, 0xf1, 0x0, 0x1f, 0xff,
    0xcf, 0xf1, 0x0, 0x1f, 0xf1, 0x0, 0x1f, 0xfc,
    0x6f, 0xfb, 0x11, 0xbf, 0xfb, 0x11, 0xbf, 0xf7,
    0xd, 0xff, 0xff, 0xff, 0xff, 0xff, 0xff, 0xd0,
    0x2, 0xef, 0xff, 0xff, 0xff, 0xff, 0xfe, 0x20,
    0x0, 0x2e, 0xff, 0xff, 0xff, 0xff, 0xe2, 0x0,
    0x0, 0xa, 0xff, 0xff, 0xff, 0xff, 0xa0, 0x0,
    0x0, 0xc, 0xff, 0x1f, 0xf1, 0xff, 0xc0, 0x0,
    0x0, 0xd, 0xff, 0xf, 0xf0, 0xff, 0xd0, 0x0,

    /* U+F556 "" */
    0x0, 0x0, 0x28, 0xbd, 0xca, 0x50, 0x0, 0x0,
    0x0, 0x8, 0xff, 0xff, 0xff, 0xfd, 0x30, 0x0,
    0x0, 0xbf, 0xff, 0xff, 0xff, 0xff, 0xf4, 0x0,
    0x9, 0xff, 0xff, 0xff, 0xff, 0xff, 0xfe, 0x20,
    0x2f, 0xff, 0xff, 0xff, 0xff, 0xff, 0xff, 0xa0,
    0x9f, 0xfa, 0x9e, 0xff, 0xff, 0xc7, 0xef, 0xf1,
    0xdf, 0xfc, 0x30, 0x6f, 0xd1, 0x8, 0xff, 0xf5,
    0xff, 0xff, 0x40, 0xcf, 0xf3, 0xc, 0xff, 0xf7,
    0xff, 0xff, 0xc8, 0xff, 0xfc, 0x8f, 0xff, 0xf6,
    0xdf, 0xff, 0xff, 0xff, 0xff, 0xff, 0xff, 0xf5,
    0x9f, 0xff, 0xff, 0xb6, 0x8e, 0xff, 0xff, 0xf1,
    0x3f, 0xff, 0xf7, 0x4, 0x31, 0xef, 0xff, 0xa0,
    0x9, 0xff, 0xf8, 0xef, 0xf9, 0xdf, 0xfe, 0x20,
    0x0, 0xbf, 0xff, 0xff, 0xff, 0xff, 0xf4, 0x0,
    0x0, 0x9, 0xff, 0xff, 0xff, 0xfd, 0x30, 0x0,
    0x0, 0x0, 0x28, 0xbd, 0xca, 0x50, 0x0, 0x0,

    /* U+F55A "" */
    0x0, 0x0, 0x1b, 0xff, 0xff, 0xff, 0xff, 0xff,
    0xff, 0xe4, 0x0, 0x1, 0xdf, 0xff, 0xff, 0xff,
    0xff, 0xff, 0xff, 0xfe, 0x0, 0x1d, 0xff, 0xff,
    0xfa, 0xef, 0xfe, 0xaf, 0xff, 0xff, 0x1, 0xdf,
    0xff, 0xff, 0xa0, 0x2e, 0xe2, 0xa, 0xff, 0xff,
    0x1d, 0xff, 0xff, 0xff, 0xe2, 0x2, 0x20, 0x2e,
    0xff, 0xff, 0xcf, 0xff, 0xff, 0xff, 0xfe, 0x20,
    0x2, 0xef, 0xff, 0xff, 0xcf, 0xff, 0xff, 0xff,
    0xfe, 0x20, 0x2, 0xef, 0xff, 0xff, 0x1d, 0xff,
    0xff, 0xff, 0xe2, 0x2, 0x20, 0x2e, 0xff, 0xff,
    0x1, 0xdf, 0xff, 0xff, 0xa0, 0x2e, 0xe2, 0xa,
    0xff, 0xff, 0x0, 0x1d, 0xff, 0xff, 0xfa, 0xef,
    0xfe, 0xaf, 0xff, 0xff, 0x0, 0x1, 0xdf, 0xff,
    0xff, 0xff, 0xff, 0xff, 0xff, 0xfe, 0x0, 0x0,
    0x1b, 0xff, 0xff, 0xff, 0xff, 0xff, 0xff, 0xe4,

    /* U+F567 "" */
    0x0, 0x0, 0x16, 0xab, 0xa8, 0x30, 0x0, 0x0,
    0x0, 0x7, 0xff, 0xff, 0xff, 0xfc, 0x20, 0x0,
    0x0, 0xaf, 0xff, 0xff, 0xff, 0xff, 0xf3, 0x0,
    0x8, 0xff, 0xff, 0xff, 0xff, 0xff, 0xfe, 0x20,
    0x2f, 0xf6, 0xe9, 0xbf, 0xf6, 0xe9, 0xbf, 0xa0,
    0x9f, 0xf8, 0x12, 0xef, 0xf9, 0x12, 0xef, 0xf1,
    0xdf, 0xf8, 0x12, 0xef, 0xf9, 0x12, 0xef, 0xf5,
    0xff, 0xf6, 0xe9, 0xbf, 0xf6, 0xe9, 0xbf, 0xf7,
    0xff, 0xff, 0xff, 0xff, 0xff, 0xff, 0xff, 0xf7,
    0xdf, 0xff, 0xff, 0x80, 0x3d, 0xff, 0xff, 0xf5,
    0x9f, 0xff, 0xfd, 0x0, 0x5, 0xff, 0xff, 0xf1,
    0x2f, 0xff, 0xfd, 0x0, 0x5, 0xff, 0xff, 0xa0,
    0x8, 0xff, 0xff, 0x80, 0x3d, 0xff, 0xfe, 0x20,
    0x0, 0xaf, 0xff, 0xff, 0xff, 0xff, 0xf3, 0x0,
    0x0, 0x7, 0xff, 0xff, 0xff, 0xfc, 0x20, 0x0,
    0x0, 0x0, 0x16, 0xab, 0xa8, 0x30, 0x0, 0x0,

    /* U+F579 "" */
    0x0, 0x0, 0x4, 0x89, 0x96, 0x20, 0x0, 0x0,
    0x0, 0x5, 0xef, 0xff, 0xff, 0xfa, 0x10, 0x0,
    0x0, 0x8f, 0xff, 0xff, 0xff, 0xff, 0xe2, 0x0,
    0x7, 0xff, 0xff, 0xff, 0xff, 0xff, 0xfd, 0x10,
    0x1f, 0xff, 0xef, 0xff, 0xff, 0xef, 0xff, 0x90,
    0x8f, 0xf4, 0x0, 0xaf, 0xf4, 0x0, 0xaf, 0xf0,
    0xdf, 0x90, 0x72, 0x1f, 0x90, 0x72, 0x1f, 0xf4,
    0xff, 0xa0, 0xa4, 0x2f, 0xa0, 0xa4, 0x2f, 0xf7,
    0xff, 0xf5, 0x1, 0xbf, 0xf5, 0x1, 0xbf, 0xf7,
    0xdf, 0xff, 0xff, 0xff, 0xff, 0xff, 0xff, 0xf5,
    0xaf, 0xff, 0xff, 0xff, 0xff, 0xff, 0xff, 0xf2,
    0x3f, 0xff, 0xf8, 0x44, 0x44, 0xef, 0xff, 0xb0,
    0xa, 0xff, 0xf8, 0x44, 0x44, 0xef, 0xff, 0x30,
    0x0, 0xcf, 0xff, 0xff, 0xff, 0xff, 0xf5, 0x0,
    0x0, 0xa, 0xff, 0xff, 0xff, 0xfe, 0x40, 0x0,
    0x0, 0x0, 0x39, 0xde, 0xeb, 0x70, 0x0, 0x0,

    /* U+F57A "" */
    0x0, 0x0, 0x28, 0xbd, 0xca, 0x50, 0x0, 0x0,
    0x0, 0x8, 0xff, 0xff, 0xff, 0xfd, 0x30, 0x0,
    0x0, 0xbf, 0xff, 0xff, 0xff, 0xff, 0xf4, 0x0,
    0x9, 0xff, 0xff, 0xff, 0xff, 0xff, 0xfe, 0x20,
    0x2f, 0xff, 0xff, 0xff, 0xff, 0xff, 0xff, 0xa0,
    0x9f, 0xff, 0xc8, 0xff, 0xfc, 0x8f, 0xff, 0xf1,
    0xdf, 0xff, 0x40, 0xdf, 0xf4, 0xd, 0xff, 0xf5,
    0xff, 0xff, 0xc8, 0xff, 0xfc, 0x8f, 0xff, 0xf7,
    0xff, 0xff, 0xff, 0xff, 0xff, 0xff, 0xff, 0xf6,
    0xdf, 0xff, 0xff, 0xeb, 0xcf, 0xff, 0xff, 0xf5,
    0x9f, 0xff, 0xf8, 0x0, 0x3, 0xef, 0xff, 0xf1,
    0x3f, 0xff, 0xd0, 0x1, 0x0, 0x6f, 0xff, 0xa0,
    0x9, 0xff, 0xfb, 0xff, 0xfd, 0xcf, 0xfe, 0x20,
    0x0, 0xbf, 0xff, 0xff, 0xff, 0xff, 0xf4, 0x0,
    0x0, 0x9, 0xff, 0xff, 0xff, 0xfd, 0x30, 0x0,
    0x0, 0x0, 0x28, 0xbd, 0xca, 0x50, 0x0, 0x0,

    /* U+F57F "" */
    0x0, 0x0, 0x28, 0xbd, 0xca, 0x50, 0x0, 0x0,
    0x0, 0x8, 0xff, 0xff, 0xff, 0xfd, 0x30, 0x0,
    0x0, 0xbf, 0xff, 0xff, 0xff, 0xff, 0xf4, 0x0,
    0x9, 0xff, 0xff, 0xff, 0xff, 0xff, 0xfe, 0x10,
    0x2f, 0xff, 0xff, 0xff, 0xff, 0xff, 0xff, 0xa0,
    0x9f, 0xff, 0xc8, 0xff, 0xfc, 0x8f, 0xff, 0xf1,
    0xdf, 0xff, 0x40, 0xcf, 0xf4, 0xc, 0xff, 0xf5,
    0xff, 0xff, 0xb6, 0xff, 0xfb, 0x6f, 0xff, 0xf6,
    0xff, 0xff, 0xff, 0xff, 0xff, 0xff, 0xff, 0xf7,
    0xdf, 0xfe, 0xdb, 0xdb, 0xdb, 0xdc, 0xff, 0xf5,
    0x9f, 0xfa, 0xb7, 0xb7, 0xb7, 0xb7, 0xef, 0xf1,
    0x3f, 0xf4, 0x80, 0x80, 0x80, 0x80, 0xcf, 0xb0,
    0xa, 0xfb, 0xa4, 0xa4, 0xa4, 0xa6, 0xff, 0x20,
    0x0, 0xcf, 0xff, 0xff, 0xff, 0xff, 0xf5, 0x0,
    0x0, 0xa, 0xff, 0xff, 0xff, 0xfe, 0x40, 0x0,
    0x0, 0x0, 0x39, 0xde, 0xeb, 0x60, 0x0, 0x0,

    /* U+F580 "" */
    0x0, 0x0, 0x28, 0xbd, 0xca, 0x50, 0x0, 0x0,
    0x0, 0x8, 0xff, 0xff, 0xff, 0xfd, 0x30, 0x0,
    0x0, 0xbf, 0xff, 0xff, 0xff, 0xff, 0xf4, 0x0,
    0x9, 0xff, 0xff, 0xff, 0xff, 0xff, 0xfe, 0x20,
    0x2f, 0xff, 0xff, 0xff, 0xff, 0xff, 0xff, 0xa0,
    0x9f, 0xff, 0xc8, 0xff, 0xfc, 0x8f, 0xff, 0xf1,
    0xdf, 0xff, 0x40, 0xcf, 0xf4, 0xc, 0xff, 0xf5,
    0xff, 0xff, 0xb6, 0xff, 0xfb, 0x6f, 0xff, 0xf7,
    0xff, 0xff, 0xff, 0xff, 0xff, 0xff, 0xff, 0xf6,
    0xdf, 0xff, 0xff, 0xff, 0xff, 0xff, 0xff, 0xf5,
    0x9f, 0xf7, 0x69, 0xab, 0xa9, 0x74, 0xef, 0xf1,
    0x3f, 0xf8, 0x0, 0x0, 0x0, 0x1, 0xff, 0xa0,
    0x9, 0xff, 0x70, 0x0, 0x0, 0x2c, 0xfe, 0x20,
    0x0, 0xbf, 0xfe, 0x96, 0x7b, 0xff, 0xf4, 0x0,
    0x0, 0x9, 0xff, 0xff, 0xff, 0xfd, 0x30, 0x0,
    0x0, 0x0, 0x28, 0xbd, 0xca, 0x50, 0x0, 0x0,

    /* U+F582 "" */
    0x0, 0x0, 0x4, 0x89, 0x96, 0x20, 0x0, 0x0,
    0x0, 0x5, 0xef, 0xff, 0xff, 0xfa, 0x10, 0x0,
    0x0, 0x8f, 0xff, 0xff, 0xff, 0xff, 0xe2, 0x0,
    0x7, 0xff, 0xff, 0xff, 0xff, 0xff, 0xfd, 0x10,
    0x1f, 0xff, 0xfe, 0xff, 0xff, 0xef, 0xff, 0x90,
    0x8f, 0xff, 0x30, 0xaf, 0xf3, 0xa, 0xff, 0xf0,
    0xdf, 0xf9, 0x9f, 0x4f, 0x99, 0xf4, 0xff, 0xf5,
    0xff, 0xfe, 0xff, 0xef, 0xef, 0xfe, 0xff, 0xf7,
    0xff, 0xff, 0xff, 0xff, 0xff, 0xff, 0xff, 0xf7,
    0xdf, 0xff, 0xff, 0xff, 0xff, 0xff, 0xff, 0xf5,
    0x9f, 0xf5, 0x25, 0x67, 0x76, 0x41, 0xdf, 0xf1,
    0x3f, 0xf9, 0x0, 0x0, 0x0, 0x2, 0xff, 0xb0,
    0x9, 0xff, 0x80, 0x0, 0x0, 0x3d, 0xff, 0x20,
    0x0, 0xcf, 0xfe, 0x96, 0x8b, 0xff, 0xf4, 0x0,
    0x0, 0x9, 0xff, 0xff, 0xff, 0xfd, 0x30, 0x0,
    0x0, 0x0, 0x28, 0xbd, 0xca, 0x50, 0x0, 0x0,

    /* U+F583 "" */
    0x0, 0x0, 0x4, 0x89, 0x96, 0x10, 0x2, 0x90,
    0x0, 0x5, 0xef, 0xff, 0xff, 0xf9, 0xc, 0xf4,
    0x0, 0x8f, 0xff, 0xff, 0xff, 0xfc, 0x3f, 0xfb,
    0x7, 0xff, 0xff, 0xff, 0xff, 0xfe, 0x1d, 0xf6,
    0x1f, 0xff, 0xfe, 0xff, 0xff, 0xef, 0xa1, 0x0,
    0x8f, 0xff, 0x30, 0xaf, 0xf3, 0xa, 0xff, 0xe0,
    0xdf, 0xf9, 0x9f, 0x4f, 0x99, 0xf4, 0xff, 0xf4,
    0xff, 0xfe, 0xff, 0xef, 0xef, 0xfe, 0xff, 0xf7,
    0xff, 0xff, 0xff, 0xff, 0xff, 0xff, 0xff, 0xf7,
    0xdf, 0xff, 0xff, 0xff, 0xff, 0xff, 0xff, 0xf5,
    0x9f, 0xf5, 0x25, 0x67, 0x76, 0x41, 0xdf, 0xf1,
    0x3f, 0xf9, 0x0, 0x0, 0x0, 0x2, 0xff, 0xb0,
    0x9, 0xff, 0x80, 0x0, 0x0, 0x3d, 0xff, 0x20,
    0x0, 0xcf, 0xfe, 0x96, 0x8b, 0xff, 0xf4, 0x0,
    0x0, 0x9, 0xff, 0xff, 0xff, 0xfd, 0x30, 0x0,
    0x0, 0x0, 0x28, 0xbd, 0xca, 0x50, 0x0, 0x0,

    /* U+F584 "" */
    0x0, 0x0, 0x28, 0xbd, 0xca, 0x50, 0x0, 0x0,
    0x0, 0x8, 0xff, 0xff, 0xff, 0xfd, 0x30, 0x0,
    0x0, 0xbf, 0xff, 0xff, 0xff, 0xff, 0xf4, 0x0,
    0x9, 0xff, 0xff, 0xff, 0xff, 0xff, 0xff, 0x20,
    0x2f, 0xff, 0xb0, 0x7f, 0xe0, 0x3f, 0xff, 0xa0,
    0x9f, 0xe1, 0x0, 0x5f, 0xd0, 0x0, 0x7f, 0xf1,
    0xdf, 0xe0, 0x0, 0xaf, 0xf1, 0x0, 0x6f, 0xf5,
    0xff, 0xfe, 0xa6, 0xef, 0xf9, 0x8c, 0xff, 0xf7,
    0xff, 0xff, 0xff, 0xff, 0xff, 0xff, 0xff, 0xf7,
    0xdf, 0xff, 0xff, 0xff, 0xff, 0xff, 0xff, 0xf5,
    0x9f, 0xf5, 0x3, 0x55, 0x54, 0x20, 0xdf, 0xf1,
    0x3f, 0xfa, 0x0, 0x0, 0x0, 0x2, 0xff, 0xa0,
    0x9, 0xff, 0x90, 0x0, 0x0, 0x3e, 0xff, 0x20,
    0x0, 0xbf, 0xfe, 0x97, 0x8c, 0xff, 0xf4, 0x0,
    0x0, 0x9, 0xff, 0xff, 0xff, 0xfd, 0x30, 0x0,
    0x0, 0x0, 0x28, 0xbd, 0xca, 0x50, 0x0, 0x0,

    /* U+F586 "" */
    0x0, 0x0, 0x5, 0x9b, 0xb9, 0x50, 0x9, 0xf7,
    0x0, 0x4, 0xef, 0xff, 0xff, 0xfb, 0x2f, 0xff,
    0x0, 0x6f, 0xff, 0xff, 0xff, 0xf9, 0x6f, 0xf9,
    0x4, 0xff, 0xff, 0xff, 0x5f, 0xf9, 0x36, 0x20,
    0xe, 0xff, 0xff, 0xfb, 0x2f, 0xff, 0x99, 0xb0,
    0x5f, 0xff, 0xff, 0xf7, 0x1, 0x6f, 0xff, 0xf5,
    0x9f, 0xff, 0xff, 0xfa, 0x9d, 0xff, 0x9f, 0xf9,
    0xbf, 0xff, 0xb7, 0x9f, 0xff, 0xfa, 0xa, 0xfb,
    0xbf, 0xf5, 0x20, 0x9f, 0xff, 0xd1, 0x9, 0xfb,
    0x9f, 0xff, 0xf0, 0xdf, 0xfe, 0x10, 0xc, 0xf9,
    0x5f, 0xff, 0xf6, 0xff, 0xd1, 0x0, 0x2f, 0xf5,
    0xb, 0x99, 0xff, 0xfa, 0x10, 0x0, 0xcf, 0xe0,
    0x2, 0x63, 0x9f, 0x90, 0x0, 0x2c, 0xff, 0x40,
    0x9f, 0xf5, 0x9f, 0xfa, 0x9b, 0xff, 0xf6, 0x0,
    0xff, 0xf2, 0xbf, 0xff, 0xff, 0xfe, 0x40, 0x0,
    0x7f, 0x90, 0x5, 0x9b, 0xb9, 0x50, 0x0, 0x0,

    /* U+F587 "" */
    0x0, 0x0, 0x16, 0xab, 0xa8, 0x30, 0x0, 0x0,
    0x0, 0x7, 0xff, 0xff, 0xff, 0xfc, 0x20, 0x0,
    0x0, 0xaf, 0xff, 0xff, 0xff, 0xff, 0xe3, 0x0,
    0x8, 0xff, 0xff, 0xff, 0xff, 0xff, 0xfe, 0x10,
    0x2f, 0xff, 0x6d, 0xff, 0xff, 0x6d, 0xff, 0xa0,
    0x9f, 0xe3, 0x1, 0x8f, 0xe3, 0x1, 0x8f, 0xf1,
    0xdf, 0xf7, 0x0, 0xef, 0xf7, 0x0, 0xef, 0xf5,
    0xff, 0xf9, 0x85, 0xff, 0xf9, 0x85, 0xff, 0xf7,
    0xff, 0xff, 0xff, 0xff, 0xff, 0xff, 0xff, 0xf7,
    0xdf, 0xff, 0xff, 0xff, 0xff, 0xff, 0xff, 0xf5,
    0x9f, 0xf5, 0x25, 0x67, 0x76, 0x41, 0xdf, 0xf1,
    0x3f, 0xf9, 0x0, 0x0, 0x0, 0x2, 0xff, 0xb0,
    0x9, 0xff, 0x80, 0x0, 0x0, 0x3d, 0xff, 0x20,
    0x0, 0xbf, 0xfe, 0x96, 0x8b, 0xff, 0xf4, 0x0,
    0x0, 0x9, 0xff, 0xff, 0xff, 0xfd, 0x30, 0x0,
    0x0, 0x0, 0x28, 0xbd, 0xca, 0x50, 0x0, 0x0,

    /* U+F588 "" */
    0x0, 0x0, 0x0, 0x3, 0x79, 0x97, 0x30, 0x0,
    0x0, 0x0, 0x0, 0x0, 0x3, 0xcf, 0xff, 0xff,
    0xfc, 0x30, 0x0, 0x0, 0x0, 0x0, 0x5f, 0xff,
    0xff, 0xff, 0xff, 0xf5, 0x0, 0x0, 0x0, 0x4,
    0xff, 0xff, 0xff, 0xff, 0xff, 0xff, 0x30, 0x0,
    0x0, 0xd, 0xff, 0xfe, 0xff, 0xff, 0xef, 0xff,
    0xd0, 0x0, 0x0, 0x4f, 0xff, 0x60, 0x6f, 0xf6,
    0x6, 0xff, 0xf4, 0x0, 0x0, 0x9f, 0xfd, 0x5f,
    0x6d, 0xd5, 0xf6, 0xdf, 0xf8, 0x0, 0x0, 0x1,
    0xcf, 0xff, 0xff, 0xff, 0xff, 0xfc, 0x10, 0x0,
    0x3a, 0xe6, 0x8f, 0xff, 0xff, 0xff, 0xff, 0xf8,
    0x6d, 0x92, 0xef, 0xf4, 0xbf, 0xff, 0xff, 0xff,
    0xff, 0xfb, 0x4f, 0xfe, 0xdf, 0xe1, 0xe9, 0x14,
    0x67, 0x76, 0x41, 0x9e, 0x1f, 0xfd, 0x27, 0x36,
    0xfd, 0x0, 0x0, 0x0, 0x0, 0xdf, 0x63, 0x72,
    0x0, 0x4, 0xff, 0xb1, 0x0, 0x0, 0x1b, 0xff,
    0x40, 0x0, 0x0, 0x0, 0x7f, 0xff, 0xa7, 0x7a,
    0xff, 0xf7, 0x0, 0x0, 0x0, 0x0, 0x5, 0xef,
    0xff, 0xff, 0xfe, 0x50, 0x0, 0x0, 0x0, 0x0,
    0x0, 0x16, 0xbd, 0xdb, 0x60, 0x0, 0x0, 0x0,

    /* U+F589 "" */
    0x0, 0x0, 0x28, 0xbd, 0xca, 0x50, 0x0, 0x0,
    0x0, 0x9, 0xff, 0xff, 0xff, 0xfd, 0x30, 0x0,
    0x0, 0xbf, 0xff, 0xff, 0xff, 0xff, 0xf4, 0x0,
    0x9, 0xff, 0xff, 0xff, 0xff, 0xff, 0xff, 0x20,
    0x3f, 0xff, 0xff, 0xff, 0xff, 0xff, 0xff, 0xa0,
    0x9f, 0xff, 0xc7, 0xff, 0xfd, 0x7f, 0xff, 0xf1,
    0xdf, 0xff, 0x40, 0xaf, 0xf7, 0xc, 0xff, 0xf5,
    0xff, 0xff, 0xb5, 0xef, 0xfc, 0x6f, 0xff, 0xf7,
    0xff, 0xff, 0xff, 0xff, 0xff, 0xff, 0xff, 0xf7,
    0xdf, 0xff, 0xff, 0xff, 0xff, 0xff, 0xff, 0xf5,
    0x9f, 0xf8, 0x58, 0xab, 0xaa, 0x74, 0xdf, 0xf1,
    0x2f, 0xfa, 0x0, 0x20, 0x11, 0x1, 0xef, 0xa0,
    0x8, 0xff, 0x91, 0xfb, 0xde, 0x1d, 0xfe, 0x10,
    0x0, 0xaf, 0xd1, 0xff, 0xfe, 0x3f, 0xf3, 0x0,
    0x0, 0x6, 0xd0, 0xff, 0xfd, 0x4c, 0x20, 0x0,
    0x0, 0x0, 0x0, 0x5e, 0xd3, 0x0, 0x0, 0x0,

    /* U+F58B "" */
    0x0, 0x0, 0x28, 0xbd, 0xca, 0x50, 0x0, 0x0,
    0x0, 0x9, 0xff, 0xff, 0xff, 0xfd, 0x30, 0x0,
    0x0, 0xbf, 0xff, 0xff, 0xff, 0xff, 0xf4, 0x0,
    0x9, 0xff, 0xff, 0xff, 0xff, 0xff, 0xff, 0x20,
    0x3f, 0xff, 0xff, 0xff, 0xfd, 0x79, 0xff, 0xb0,
    0x9f, 0xfe, 0x9b, 0xff, 0xf1, 0x30, 0x8f, 0xf1,
    0xdf, 0xf2, 0x53, 0x8f, 0xc0, 0xe6, 0x4f, 0xf5,
    0xff, 0xfd, 0xff, 0xdf, 0xf1, 0x0, 0x7f, 0xf7,
    0xff, 0xff, 0xff, 0xff, 0xfc, 0x57, 0xff, 0xf7,
    0xdf, 0xff, 0xff, 0xff, 0xff, 0xff, 0xff, 0xf5,
    0x9f, 0xf8, 0x69, 0xab, 0xa9, 0x74, 0xef, 0xf1,
    0x2f, 0xf9, 0x0, 0x30, 0x21, 0x1, 0xff, 0xa0,
    0x8, 0xff, 0x83, 0xf9, 0xfb, 0x2e, 0xfe, 0x10,
    0x0, 0xaf, 0xc4, 0xff, 0xfc, 0x4f, 0xf3, 0x0,
    0x0, 0x7, 0xc2, 0xff, 0xfa, 0x5c, 0x20, 0x0,
    0x0, 0x0, 0x0, 0x7e, 0xc2, 0x0, 0x0, 0x0,

    /* U+F58C "" */
    0x0, 0x0, 0x28, 0xbd, 0xca, 0x50, 0x0, 0x0,
    0x0, 0x8, 0xff, 0xff, 0xff, 0xfd, 0x30, 0x0,
    0x0, 0xbf, 0xff, 0xff, 0xff, 0xff, 0xf4, 0x0,
    0x9, 0xff, 0xff, 0xff, 0xff, 0xff, 0xfe, 0x20,
    0x2f, 0xff, 0xff, 0xff, 0xff, 0xff, 0xff, 0xa0,
    0x9f, 0xff, 0xc8, 0xff, 0xfb, 0x9e, 0xff, 0xf1,
    0xdf, 0xff, 0x40, 0xcf, 0xa0, 0x2, 0xff, 0xf5,
    0xff, 0xff, 0xb6, 0xff, 0xad, 0xf9, 0xff, 0xf7,
    0xff, 0xff, 0xff, 0xff, 0xff, 0xff, 0xff, 0xf6,
    0xdf, 0xff, 0xff, 0xff, 0xff, 0xff, 0xff, 0xf5,
    0x9f, 0xf8, 0x69, 0xab, 0xa9, 0x74, 0xdf, 0xf1,
    0x3f, 0xf8, 0x0, 0x0, 0x0, 0x1, 0xff, 0xa0,
    0x9, 0xff, 0x70, 0x0, 0x0, 0x2c, 0xfe, 0x20,
    0x0, 0xbf, 0xfe, 0x96, 0x7b, 0xff, 0xf4, 0x0,
    0x0, 0x9, 0xff, 0xff, 0xff, 0xfd, 0x30, 0x0,
    0x0, 0x0, 0x28, 0xbd, 0xca, 0x50, 0x0, 0x0,

    /* U+F596 "" */
    0x0, 0x0, 0x28, 0xbd, 0xca, 0x50, 0x0, 0x0,
    0x0, 0x8, 0xff, 0xff, 0xff, 0xfd, 0x30, 0x0,
    0x0, 0xbf, 0xff, 0xff, 0xff, 0xff, 0xf4, 0x0,
    0x9, 0xff, 0xff, 0xff, 0xff, 0xff, 0xfe, 0x20,
    0x2f, 0xff, 0xff, 0xff, 0xff, 0xff, 0xff, 0xa0,
    0x9f, 0xff, 0xc8, 0xff, 0xfc, 0x8f, 0xff, 0xf1,
    0xdf, 0xff, 0x40, 0xdf, 0xf4, 0xd, 0xff, 0xf5,
    0xff, 0xff, 0xc8, 0xff, 0xfc, 0x8f, 0xff, 0xf7,
    0xff, 0xff, 0xff, 0xfb, 0xef, 0xff, 0xff, 0xf6,
    0xdf, 0xff, 0xff, 0xfb, 0x2c, 0xff, 0xff, 0xf5,
    0x9f, 0xff, 0xff, 0xfd, 0x2b, 0xff, 0xff, 0xf1,
    0x3f, 0xff, 0xff, 0xf6, 0x3e, 0xff, 0xff, 0xa0,
    0x9, 0xff, 0xff, 0xff, 0x39, 0xff, 0xfe, 0x20,
    0x0, 0xbf, 0xff, 0xf6, 0x7f, 0xff, 0xf4, 0x0,
    0x0, 0x9, 0xff, 0xff, 0xff, 0xfd, 0x30, 0x0,
    0x0, 0x0, 0x28, 0xbd, 0xca, 0x50, 0x0, 0x0,

    /* U+F59B "" */
    0x0, 0x0, 0x16, 0xab, 0xa8, 0x30, 0x0, 0x0,
    0x0, 0x7, 0xff, 0xff, 0xff, 0xfc, 0x20, 0x0,
    0x0, 0xaf, 0xff, 0xff, 0xff, 0xff, 0xe3, 0x0,
    0x8, 0xff, 0xef, 0xff, 0xff, 0xfd, 0xfe, 0x10,
    0x2f, 0xfd, 0x19, 0xff, 0xfd, 0x45, 0xff, 0xa0,
    0x9f, 0xff, 0x80, 0x5f, 0xc0, 0x1f, 0xff, 0xf1,
    0xdf, 0xfe, 0x15, 0xef, 0xfa, 0x18, 0xff, 0xf5,
    0xff, 0xfd, 0xcf, 0xff, 0xff, 0xfa, 0xff, 0xf7,
    0xff, 0xff, 0xff, 0xff, 0xff, 0xff, 0xff, 0xf7,
    0xdf, 0xf2, 0x0, 0x0, 0x0, 0x0, 0xaf, 0xf5,
    0x9f, 0xf4, 0x0, 0x0, 0x0, 0x0, 0xcf, 0xf1,
    0x3f, 0xfb, 0x0, 0x0, 0x0, 0x3, 0xff, 0xb0,
    0x9, 0xff, 0x90, 0x0, 0x0, 0x3e, 0xff, 0x20,
    0x0, 0xbf, 0xfd, 0x86, 0x6a, 0xff, 0xf4, 0x0,
    0x0, 0x9, 0xff, 0xff, 0xff, 0xfd, 0x30, 0x0,
    0x0, 0x0, 0x28, 0xbd, 0xca, 0x50, 0x0, 0x0,

    /* U+F5A4 "" */
    0x0, 0x0, 0x28, 0xbd, 0xca, 0x50, 0x0, 0x0,
    0x0, 0x8, 0xff, 0xff, 0xff, 0xfd, 0x30, 0x0,
    0x0, 0xbf, 0xff, 0xff, 0xff, 0xff, 0xf4, 0x0,
    0x9, 0xff, 0xff, 0xff, 0xff, 0xff, 0xfe, 0x20,
    0x2f, 0xff, 0xff, 0xff, 0xff, 0xff, 0xff, 0xa0,
    0x9f, 0xff, 0xc8, 0xff, 0xfc, 0x8f, 0xff, 0xf1,
    0xdf, 0xff, 0x40, 0xdf, 0xf4, 0xd, 0xff, 0xf5,
    0xff, 0xff, 0xc8, 0xff, 0xfc, 0x8f, 0xff, 0xf7,
    0xff, 0xff, 0xff, 0xff, 0xff, 0xff, 0xff, 0xf6,
    0xdf, 0xff, 0xff, 0xff, 0xff, 0xff, 0xff, 0xf5,
    0x9f, 0xff, 0xff, 0xff, 0xff, 0xff, 0xff, 0xf1,
    0x3f, 0xff, 0xff, 0xff, 0xff, 0xff, 0xff, 0xa0,
    0x9, 0xff, 0xff, 0xff, 0xff, 0xff, 0xfe, 0x20,
    0x0, 0xbf, 0xff, 0xff, 0xff, 0xff, 0xf4, 0x0,
    0x0, 0x9, 0xff, 0xff, 0xff, 0xfd, 0x30, 0x0,
    0x0, 0x0, 0x28, 0xbd, 0xca, 0x50, 0x0, 0x0,

    /* U+F5A5 "" */
    0x0, 0x0, 0x28, 0xbd, 0xca, 0x50, 0x0, 0x0,
    0x0, 0x8, 0xff, 0xff, 0xff, 0xfd, 0x30, 0x0,
    0x0, 0xbf, 0xff, 0xff, 0xff, 0xff, 0xf4, 0x0,
    0x9, 0xff, 0xff, 0xff, 0xff, 0xff, 0xff, 0x20,
    0x2f, 0xff, 0xff, 0xff, 0xff, 0xff, 0xff, 0xa0,
    0x9f, 0xf8, 0xfc, 0xcf, 0xf9, 0xfc, 0xcf, 0xf1,
    0xdf, 0xd0, 0x41, 0x4f, 0xd0, 0x41, 0x4f, 0xf5,
    0xff, 0xd0, 0x0, 0x5f, 0xe0, 0x0, 0x5f, 0xf7,
    0xff, 0xf8, 0x3, 0xdf, 0xf8, 0x13, 0xdf, 0xf7,
    0xdf, 0xff, 0xff, 0xff, 0xff, 0xff, 0xff, 0xf5,
    0x9f, 0xff, 0xff, 0xff, 0xff, 0xff, 0xff, 0xf1,
    0x3f, 0xff, 0xfb, 0x88, 0x88, 0xef, 0xff, 0xb0,
    0xa, 0xff, 0xf8, 0x44, 0x44, 0xef, 0xff, 0x20,
    0x0, 0xcf, 0xff, 0xff, 0xff, 0xff, 0xf5, 0x0,
    0x0, 0xa, 0xff, 0xff, 0xff, 0xfe, 0x40, 0x0,
    0x0, 0x0, 0x39, 0xde, 0xeb, 0x70, 0x0, 0x0,

    /* U+F5B3 "" */
    0x0, 0x0, 0x27, 0xbd, 0xca, 0x60, 0x0, 0x0,
    0x0, 0x8, 0xff, 0xff, 0xff, 0xfe, 0x40, 0x0,
    0x0, 0xbf, 0xff, 0xff, 0xff, 0xff, 0xf6, 0x0,
    0x9, 0xff, 0xff, 0xff, 0xff, 0xff, 0xff, 0x40,
    0x3f, 0xff, 0xff, 0xff, 0xff, 0xff, 0xff, 0xd0,
    0x9f, 0xfe, 0x9b, 0xff, 0xfe, 0x9b, 0xff, 0xf4,
    0xdf, 0xf2, 0x10, 0xaf, 0xf2, 0x10, 0xaf, 0xf8,
    0xff, 0xfa, 0xfe, 0xbf, 0xfa, 0xfe, 0xbf, 0xfa,
    0xff, 0xff, 0xcf, 0xff, 0xff, 0xec, 0xff, 0xfa,
    0xdf, 0xfc, 0x1f, 0xd0, 0x6f, 0x91, 0xff, 0xf8,
    0x9f, 0xfc, 0x1f, 0x70, 0xf, 0x91, 0xff, 0xf3,
    0x2f, 0xfc, 0x1f, 0x80, 0xf, 0x91, 0xff, 0xc0,
    0x7, 0xfc, 0x1f, 0xd1, 0x7f, 0x91, 0xff, 0x20,
    0x0, 0x9c, 0x1f, 0xff, 0xff, 0x91, 0xf5, 0x0,
    0x0, 0x3, 0x1f, 0xff, 0xff, 0x90, 0x30, 0x0,
    0x0, 0x0, 0x5, 0x9b, 0xa7, 0x20, 0x0, 0x0,

    /* U+F5B4 "" */
    0x0, 0x0, 0x28, 0xbd, 0xca, 0x50, 0x0, 0x0,
    0x0, 0x9, 0xff, 0xff, 0xff, 0xfd, 0x30, 0x0,
    0x0, 0xbf, 0xff, 0xff, 0xff, 0xff, 0xf4, 0x0,
    0x9, 0xff, 0xff, 0xff, 0xff, 0xff, 0xff, 0x20,
    0x3f, 0xff, 0xff, 0xff, 0xff, 0xff, 0xff, 0xa0,
    0x9f, 0xff, 0xc7, 0xff, 0xfc, 0x7f, 0xff, 0xf1,
    0xdf, 0xff, 0x40, 0xdf, 0xf4, 0xd, 0xff, 0xf5,
    0xff, 0xff, 0xd9, 0xff, 0xfd, 0x9f, 0xff, 0xf7,
    0xff, 0xff, 0xff, 0xff, 0xff, 0xff, 0xff, 0xf6,
    0xdf, 0xff, 0x3b, 0xff, 0xff, 0xff, 0xff, 0xf5,
    0x9f, 0xf9, 0x2, 0xf5, 0x15, 0xdf, 0xff, 0xf1,
    0x2f, 0xf4, 0x0, 0xdf, 0xe8, 0x1d, 0xff, 0x90,
    0x8, 0xfb, 0x14, 0xff, 0xff, 0xbd, 0xfe, 0x10,
    0x0, 0xaf, 0xff, 0xff, 0xff, 0xff, 0xe3, 0x0,
    0x0, 0x7, 0xff, 0xff, 0xff, 0xfc, 0x20, 0x0,
    0x0, 0x0, 0x16, 0xab, 0xa8, 0x30, 0x0, 0x0,

    /* U+F5B8 "" */
    0x0, 0x0, 0x4, 0x89, 0x96, 0x20, 0x0, 0x0,
    0x0, 0x5, 0xef, 0xff, 0xff, 0xfa, 0x10, 0x0,
    0x0, 0x8f, 0xff, 0xff, 0xff, 0xff, 0xe2, 0x0,
    0x7, 0xff, 0xff, 0xff, 0xff, 0xff, 0xfd, 0x10,
    0x1f, 0xff, 0xfe, 0xff, 0xff, 0xef, 0xff, 0x90,
    0x8f, 0xff, 0x30, 0xaf, 0xf3, 0xa, 0xff, 0xf0,
    0xdf, 0xfa, 0x8d, 0x4f, 0xa8, 0xd4, 0xff, 0xf5,
    0xff, 0xfd, 0xff, 0xdf, 0xdf, 0xfd, 0xff, 0xf7,
    0xff, 0xff, 0xff, 0xff, 0xff, 0xff, 0xff, 0xf7,
    0xdf, 0xff, 0xff, 0xff, 0xff, 0xff, 0xff, 0xf5,
    0x9f, 0xff, 0x4c, 0xff, 0xff, 0x6b, 0xff, 0xf1,
    0x3f, 0xff, 0xb1, 0x69, 0x82, 0x5f, 0xff, 0xb0,
    0x9, 0xff, 0xfe, 0x96, 0x7b, 0xff, 0xff, 0x20,
    0x0, 0xcf, 0xff, 0xff, 0xff, 0xff, 0xf4, 0x0,
    0x0, 0x9, 0xff, 0xff, 0xff, 0xfd, 0x30, 0x0,
    0x0, 0x0, 0x28, 0xbd, 0xca, 0x50, 0x0, 0x0,

    /* U+F5C2 "" */
    0x0, 0x0, 0x28, 0xbd, 0xca, 0x50, 0x0, 0x0,
    0x0, 0x9, 0xff, 0xff, 0xff, 0xfd, 0x30, 0x0,
    0x0, 0xbf, 0xff, 0xff, 0xff, 0xff, 0xf4, 0x0,
    0x9, 0xff, 0xff, 0xff, 0xff, 0xff, 0xff, 0x20,
    0x3f, 0xff, 0xff, 0xff, 0xff, 0xff, 0xff, 0xa0,
    0x9f, 0xff, 0xc7, 0xff, 0xfc, 0x7f, 0xff, 0xf1,
    0xdf, 0xff, 0x40, 0xdf, 0xf4, 0xd, 0xff, 0xf5,
    0xff, 0xff, 0xd9, 0xff, 0xfd, 0x9f, 0xff, 0xf7,
    0xff, 0xff, 0xff, 0xff, 0xff, 0xff, 0xff, 0xf6,
    0xdf, 0xff, 0xff, 0x60, 0x1d, 0xff, 0xff, 0xf5,
    0x9f, 0xff, 0xfd, 0x0, 0x5, 0xff, 0xff, 0xf1,
    0x2f, 0xff, 0xfd, 0x0, 0x6, 0xff, 0xff, 0x90,
    0x8, 0xff, 0xff, 0x80, 0x3e, 0xff, 0xfe, 0x10,
    0x0, 0xaf, 0xff, 0xff, 0xff, 0xff, 0xe3, 0x0,
    0x0, 0x7, 0xff, 0xff, 0xff, 0xfc, 0x20, 0x0,
    0x0, 0x0, 0x16, 0xab, 0xa8, 0x30, 0x0, 0x0,

    /* U+F5C8 "" */
    0x0, 0x0, 0x16, 0xab, 0xa8, 0x30, 0x0, 0x0,
    0x0, 0x7, 0xff, 0xff, 0xff, 0xfc, 0x20, 0x0,
    0x0, 0xaf, 0xff, 0xff, 0xff, 0xff, 0xe3, 0x0,
    0x8, 0xff, 0xff, 0xff, 0xff, 0xff, 0xfe, 0x10,
    0x2f, 0xfe, 0xdf, 0xff, 0xff, 0xfc, 0xff, 0xa0,
    0x9f, 0xfd, 0x17, 0xff, 0xfc, 0x37, 0xff, 0xf1,
    0xdf, 0xff, 0x80, 0x5f, 0xc0, 0x1f, 0xff, 0xf5,
    0xff, 0xfd, 0x17, 0xff, 0xfc, 0x27, 0xff, 0xf7,
    0xff, 0xfe, 0xdf, 0xff, 0xff, 0xfc, 0xff, 0xf7,
    0xdf, 0xff, 0xfd, 0x41, 0x28, 0xff, 0xff, 0xf5,
    0x9f, 0xff, 0xc0, 0x0, 0x0, 0x4f, 0xff, 0xf1,
    0x3f, 0xff, 0x20, 0x0, 0x0, 0xa, 0xff, 0xb0,
    0x9, 0xff, 0x3, 0x56, 0x64, 0x17, 0xff, 0x20,
    0x0, 0xbf, 0xff, 0xff, 0xff, 0xff, 0xf4, 0x0,
    0x0, 0x9, 0xff, 0xff, 0xff, 0xfd, 0x30, 0x0,
    0x0, 0x0, 0x28, 0xbd, 0xca, 0x50, 0x0, 0x0,

    /* U+F684 "" */
    0x0, 0x0, 0x0, 0x0, 0x0, 0x0, 0x0, 0x0,
    0x0, 0x0, 0x0, 0x0, 0x0, 0x0, 0x8, 0xe2,
    0xac, 0x10, 0x0, 0x0, 0x0, 0x0, 0x0, 0x0,
    0x4, 0xff, 0x1b, 0xfa, 0x0, 0x0, 0x0, 0x0,
    0x0, 0x0, 0x0, 0xef, 0x80, 0x2f, 0xf4, 0x0,
    0x0, 0x0, 0x0, 0x0, 0x0, 0x9f, 0xe0, 0x0,
    0x9f, 0xe1, 0x0, 0x0, 0x0, 0x0, 0x0, 0x4f,
    0xf5, 0x0, 0x1, 0xef, 0x90, 0x0, 0x0, 0x0,
    0x0, 0xe, 0xfc, 0x0, 0x0, 0x6, 0xff, 0x40,
    0x0, 0x0, 0x0, 0x7, 0xff, 0x6a, 0xd0, 0xad,
    0xf, 0xfd, 0x0, 0x0, 0x0, 0x0, 0xbf, 0xf4,
    0xef, 0x1e, 0xf1, 0xef, 0xf0, 0x0, 0x0, 0x0,
    0xb, 0xff, 0x4e, 0xf1, 0xef, 0x1e, 0xff, 0x10,
    0x0, 0x0, 0x0, 0xbf, 0xf5, 0xff, 0x1e, 0xf2,
    0xff, 0xf1, 0x0, 0x0, 0x4, 0xaf, 0xff, 0xff,
    0xf1, 0xef, 0xff, 0xff, 0xb6, 0x10, 0x3f, 0xff,
    0xff, 0xff, 0xff, 0xd, 0xff, 0xff, 0xff, 0xff,
    0x56, 0xff, 0xff, 0xff, 0xff, 0xb0, 0x8f, 0xff,
    0xff, 0xff, 0xf9, 0x6f, 0xff, 0xff, 0xff, 0xe2,
    0x1, 0xcf, 0xff, 0xff, 0xff, 0x96, 0xff, 0xff,
    0xfb, 0x71, 0x0, 0x0, 0x6b, 0xff, 0xff, 0xf9,
    0x3f, 0xc8, 0x40, 0x0, 0x0, 0x0, 0x0, 0x0,
    0x37, 0xcf, 0x50,

    /* U+F6BE "" */
    0x0, 0x0, 0x0, 0x0, 0x0, 0x0, 0x0, 0x0,
    0x0, 0x0, 0x0, 0x0, 0x0, 0x80, 0x0, 0x8,
    0x0, 0x0, 0x0, 0x0, 0x0, 0xf8, 0x0, 0x8f,
    0xcf, 0x90, 0x0, 0x0, 0x0, 0xff, 0xff, 0xff,
    0xbf, 0xf9, 0x0, 0x0, 0x0, 0xfa, 0xee, 0xaf,
    0x3, 0xfe, 0x0, 0x0, 0x0, 0xeb, 0xff, 0xbe,
    0x0, 0xff, 0x0, 0x8d, 0xf4, 0x9f, 0xff, 0xf9,
    0x0, 0xff, 0x2d, 0xff, 0xfc, 0x1a, 0xff, 0xa0,
    0x0, 0xff, 0xdf, 0xff, 0xff, 0xb2, 0x0, 0x0,
    0x0, 0xff, 0xff, 0xff, 0xff, 0xff, 0xed, 0x0,
    0x0, 0xff, 0xff, 0xff, 0xff, 0xff, 0xff, 0x0,
    0x0, 0xff, 0xff, 0xff, 0xff, 0xf6, 0xff, 0x0,
    0x0, 0xff, 0xff, 0xff, 0xfd, 0x20, 0xff, 0x0,
    0x0, 0xff, 0xff, 0xff, 0xa0, 0x0, 0xff, 0x0,
    0x0, 0xef, 0xff, 0xff, 0xfc, 0x0, 0xff, 0x0,
    0x0, 0x4e, 0xff, 0xff, 0xfe, 0x0, 0xee, 0x0,

    /* U+F6D3 "" */
    0x0, 0x0, 0x0, 0x0, 0x0, 0x0, 0x0, 0x0,
    0x0, 0x0, 0x0, 0x0, 0xe, 0x30, 0x0, 0x0,
    0x0, 0x0, 0x0, 0x0, 0xf, 0xff, 0xe3, 0x0,
    0x0, 0x0, 0x0, 0x0, 0xf, 0xfd, 0xdf, 0xfe,
    0x0, 0x0, 0x0, 0x0, 0xf, 0xfd, 0xdf, 0xff,
    0xcc, 0x0, 0x0, 0x0, 0xf, 0xff, 0xff, 0xfa,
    0xef, 0x30, 0x0, 0x0, 0x5, 0xbf, 0xf8, 0x60,
    0x8f, 0xff, 0xff, 0xff, 0xe9, 0x31, 0x70, 0x0,
    0x8, 0xff, 0xff, 0xff, 0xff, 0xfd, 0x70, 0x0,
    0x0, 0xff, 0xff, 0xff, 0xff, 0xff, 0xf0, 0x0,
    0x0, 0xff, 0xff, 0xff, 0xff, 0xff, 0xf0, 0x0,
    0x0, 0xff, 0xff, 0xff, 0xff, 0xff, 0xf0, 0x0,
    0x0, 0xff, 0xf0, 0x0, 0x0, 0xff, 0xf0, 0x0,
    0x0, 0xff, 0xf0, 0x0, 0x0, 0xff, 0xf0, 0x0,
    0x0, 0xff, 0xf0, 0x0, 0x0, 0xff, 0xf0, 0x0,
    0x0, 0xef, 0xe0, 0x0, 0x0, 0xef, 0xe0, 0x0,

    /* U+F6E2 "" */
    0x0, 0x0, 0x0, 0x0, 0x0, 0x0, 0x0, 0x6,
    0xcf, 0xfc, 0x70, 0x0, 0x1, 0xcf, 0xff, 0xff,
    0xfc, 0x10, 0xc, 0xff, 0xff, 0xff, 0xff, 0xd0,
    0x5f, 0xff, 0xff, 0xff, 0xff, 0xf7, 0xbf, 0xff,
    0xff, 0xff, 0xff, 0xfc, 0xef, 0xf3, 0x3f, 0xf3,
    0x3f, 0xff, 0xff, 0xf3, 0x3f, 0xf3, 0x3f, 0xff,
    0xff, 0xff, 0xff, 0xff, 0xff, 0xff, 0xff, 0xff,
    0xff, 0xff, 0xff, 0xff, 0xff, 0xff, 0xff, 0xff,
    0xff, 0xff, 0xff, 0xff, 0xff, 0xff, 0xff, 0xff,
    0xff, 0xff, 0xff, 0xff, 0xff, 0xff, 0xff, 0xff,
    0xff, 0xff, 0xff, 0xff, 0xff, 0xff, 0xff, 0xff,
    0xff, 0xff, 0xe6, 0x9f, 0xf9, 0x9f, 0xf9, 0x6e,
    0x0, 0xa, 0xa0, 0xa, 0xa0, 0x0, 0x0, 0x0,
    0x0, 0x0, 0x0, 0x0,

    /* U+F70C "" */
    0x0, 0x0, 0x0, 0x8, 0xf8, 0x0, 0x0, 0x0,
    0x0, 0x0, 0xff, 0xf0, 0x0, 0x0, 0x0, 0x0,
    0x8, 0xf8, 0x0, 0x0, 0x0, 0x9f, 0xea, 0x50,
    0x0, 0x0, 0x2, 0xdf, 0xff, 0xff, 0xe3, 0x0,
    0x0, 0x6f, 0xd2, 0x9f, 0xff, 0xd0, 0x0, 0x0,
    0x40, 0xe, 0xff, 0xff, 0x60, 0x0, 0x0, 0x6,
    0xff, 0xf7, 0xff, 0xfc, 0x0, 0x0, 0xaf, 0xfa,
    0xa, 0xff, 0xc0, 0x0, 0x8, 0xff, 0xb1, 0x0,
    0x0, 0x0, 0x9, 0x18, 0xff, 0xe4, 0x0, 0xc,
    0xff, 0xfd, 0x2, 0xbf, 0xf0, 0x0, 0xcf, 0xff,
    0x70, 0x4, 0xfd, 0x0, 0x0, 0x0, 0x0, 0x0,
    0x9f, 0x80, 0x0, 0x0, 0x0, 0x0, 0xe, 0xf3,
    0x0, 0x0, 0x0, 0x0, 0x0, 0xcc, 0x0, 0x0,

    /* U+F79F "" */
    0x0, 0x0, 0x0, 0x0, 0x0, 0x0, 0x0, 0x0,
    0x0, 0x0, 0x0, 0x0, 0x0, 0x0, 0xbd, 0x71,
    0x0, 0x17, 0xdb, 0x0, 0x0, 0x0, 0x0, 0x0,
    0x6, 0xfc, 0xff, 0xaa, 0xff, 0xcf, 0x60, 0x0,
    0x0, 0x0, 0x0, 0xe, 0xc0, 0x28, 0xff, 0x82,
    0xc, 0xe0, 0x0, 0x0, 0x0, 0x0, 0x8f, 0x60,
    0x0, 0xff, 0x0, 0x6, 0xf8, 0x0, 0x0, 0x0,
    0x2, 0xff, 0xfc, 0x64, 0xff, 0x46, 0xcf, 0xff,
    0x20, 0x0, 0x0, 0xa, 0xff, 0xff, 0xff, 0xff,
    0xff, 0xff, 0xff, 0xa0, 0x0, 0x0, 0xe, 0xff,
    0xff, 0xff, 0xcc, 0xff, 0xff, 0xff, 0xe0, 0x0,
    0x0, 0xe, 0xff, 0xff, 0xff, 0x88, 0xff, 0xff,
    0xff, 0xe0, 0x0, 0x0, 0x9, 0xff, 0xff, 0xff,
    0x22, 0xff, 0xff, 0xff, 0x90, 0x0, 0x0, 0x1,
    0xdf, 0xff, 0xf8, 0x0, 0x8f, 0xff, 0xfd, 0x10,
    0x0, 0x0, 0x0, 0xaf, 0xc9, 0x40, 0x0, 0x4,
    0x9c, 0xfa, 0x0, 0x0, 0x0, 0x0, 0xff, 0x10,
    0x0, 0x0, 0x0, 0x1, 0xff, 0x0, 0x0, 0x0,
    0x26, 0xfb, 0x0, 0x0, 0x0, 0x0, 0x0, 0xbf,
    0x62, 0x0, 0xd, 0xff, 0xf5, 0x0, 0x0, 0x0,
    0x0, 0x0, 0x5f, 0xff, 0xd0, 0x0, 0x6d, 0xfe,
    0x40, 0x0, 0x0, 0x0, 0x4, 0xef, 0xd6, 0x0,
    0x0, 0x0, 0x4a, 0x90, 0x0, 0x0, 0x0, 0x9,
    0xa4, 0x0, 0x0, 0x0, 0x0, 0x0, 0x0, 0x0,
    0x0, 0x0, 0x0, 0x0, 0x0, 0x0,

    /* U+F7A9 "" */
    0x0, 0x0, 0x0, 0x0, 0x0, 0x0, 0x0, 0x0,
    0x0, 0x0, 0x9, 0xee, 0xb3, 0x0, 0x3b, 0xee,
    0x90, 0x0, 0x1, 0xdf, 0xff, 0xfd, 0x0, 0x5f,
    0xff, 0xfd, 0x10, 0x9, 0xff, 0xff, 0xff, 0x20,
    0xf, 0xff, 0xff, 0x90, 0xe, 0xff, 0xff, 0xff,
    0x40, 0xa, 0xff, 0xff, 0xe0, 0xf, 0xff, 0xff,
    0xd3, 0x0, 0x5e, 0xff, 0xff, 0xf0, 0xd, 0xff,
    0xfc, 0x0, 0x1a, 0xff, 0xff, 0xff, 0xc0, 0x5,
    0xff, 0xff, 0x80, 0x5f, 0xff, 0xff, 0xff, 0x50,
    0x0, 0x8f, 0xff, 0xf8, 0xe, 0xff, 0xff, 0xf8,
    0x0, 0x0, 0x9, 0xff, 0xff, 0x89, 0xff, 0xff,
    0x90, 0x0, 0x0, 0x0, 0x9f, 0xff, 0xfb, 0xff,
    0xf9, 0x0, 0x0, 0x0, 0x0, 0xa, 0xff, 0xff,
    0xff, 0xa0, 0x0, 0x0, 0x0, 0x0, 0x0, 0xaf,
    0xff, 0xfa, 0x0, 0x0, 0x0, 0x0, 0x0, 0x0,
    0xb, 0xff, 0xb0, 0x0, 0x0, 0x0, 0x0, 0x0,
    0x0, 0x0, 0xbb, 0x0, 0x0, 0x0, 0x0,

    /* U+F7C2 "" */
    0x0, 0x7, 0xff, 0xff, 0xff, 0xe4, 0x0, 0x7f,
    0xff, 0xff, 0xff, 0xfe, 0x7, 0xf8, 0xf, 0xb,
    0x40, 0xff, 0x7f, 0xf8, 0xf, 0xb, 0x40, 0xff,
    0xff, 0xf8, 0xf, 0xb, 0x40, 0xff, 0xff, 0xff,
    0xff, 0xff, 0xff, 0xff, 0xff, 0xff, 0xff, 0xff,
    0xff, 0xff, 0xff, 0xff, 0xff, 0xff, 0xff, 0xff,
    0xff, 0xff, 0xff, 0xff, 0xff, 0xff, 0xff, 0xff,
    0xff, 0xff, 0xff, 0xff, 0xff, 0xff, 0xff, 0xff,
    0xff, 0xff, 0xff, 0xff, 0xff, 0xff, 0xff, 0xff,
    0xff, 0xff, 0xff, 0xff, 0xff, 0xff, 0xff, 0xff,
    0xff, 0xff, 0xff, 0xff, 0xef, 0xff, 0xff, 0xff,
    0xff, 0xfe, 0x4e, 0xff, 0xff, 0xff, 0xff, 0xe4,

    /* U+F8A2 "" */
    0x0, 0x0, 0x0, 0x0, 0x0, 0x0, 0x0, 0x1,
    0x0, 0x0, 0x0, 0x0, 0x0, 0x0, 0x0, 0x3,
    0xe0, 0x0, 0x0, 0x10, 0x0, 0x0, 0x0, 0x2,
    0xef, 0x10, 0x0, 0xbf, 0x0, 0x0, 0x0, 0x0,
    0x7f, 0xf1, 0x0, 0xcf, 0xf1, 0x0, 0x0, 0x0,
    0x7, 0xff, 0x11, 0xcf, 0xff, 0x77, 0x77, 0x77,
    0x77, 0xbf, 0xf1, 0xcf, 0xff, 0xff, 0xff, 0xff,
    0xff, 0xff, 0xff, 0x17, 0xff, 0xff, 0xff, 0xff,
    0xff, 0xff, 0xff, 0xe0, 0x7, 0xff, 0xf1, 0x0,
    0x0, 0x0, 0x0, 0x0, 0x0, 0x6, 0xff, 0x10,
    0x0, 0x0, 0x0, 0x0, 0x0, 0x0, 0x5, 0xa0,
    0x0, 0x0, 0x0, 0x0, 0x0, 0x0
};


/*---------------------
 *  GLYPH DESCRIPTION
 *--------------------*/

static const lv_font_fmt_txt_glyph_dsc_t glyph_dsc[] = {
    {.bitmap_index = 0, .adv_w = 0, .box_w = 0, .box_h = 0, .ofs_x = 0, .ofs_y = 0} /* id = 0 reserved */,
    {.bitmap_index = 0, .adv_w = 68, .box_w = 0, .box_h = 0, .ofs_x = 0, .ofs_y = 0},
    {.bitmap_index = 0, .adv_w = 78, .box_w = 3, .box_h = 12, .ofs_x = 1, .ofs_y = 0},
    {.bitmap_index = 18, .adv_w = 127, .box_w = 6, .box_h = 5, .ofs_x = 1, .ofs_y = 7},
    {.bitmap_index = 33, .adv_w = 164, .box_w = 10, .box_h = 12, .ofs_x = 0, .ofs_y = 0},
    {.bitmap_index = 93, .adv_w = 165, .box_w = 10, .box_h = 16, .ofs_x = 0, .ofs_y = -2},
    {.bitmap_index = 173, .adv_w = 254, .box_w = 14, .box_h = 12, .ofs_x = 1, .ofs_y = 0},
    {.bitmap_index = 257, .adv_w = 167, .box_w = 11, .box_h = 12, .ofs_x = 0, .ofs_y = 0},
    {.bitmap_index = 323, .adv_w = 80, .box_w = 3, .box_h = 5, .ofs_x = 1, .ofs_y = 7},
    {.bitmap_index = 331, .adv_w = 94, .box_w = 5, .box_h = 15, .ofs_x = 1, .ofs_y = -2},
    {.bitmap_index = 369, .adv_w = 94, .box_w = 5, .box_h = 15, .ofs_x = 0, .ofs_y = -2},
    {.bitmap_index = 407, .adv_w = 133, .box_w = 7, .box_h = 7, .ofs_x = 1, .ofs_y = 5},
    {.bitmap_index = 432, .adv_w = 171, .box_w = 9, .box_h = 8, .ofs_x = 1, .ofs_y = 1},
    {.bitmap_index = 468, .adv_w = 78, .box_w = 4, .box_h = 5, .ofs_x = 0, .ofs_y = -3},
    {.bitmap_index = 478, .adv_w = 118, .box_w = 6, .box_h = 2, .ofs_x = 1, .ofs_y = 4},
    {.bitmap_index = 484, .adv_w = 78, .box_w = 3, .box_h = 3, .ofs_x = 1, .ofs_y = 0},
    {.bitmap_index = 489, .adv_w = 95, .box_w = 6, .box_h = 14, .ofs_x = 0, .ofs_y = -2},
    {.bitmap_index = 531, .adv_w = 165, .box_w = 10, .box_h = 12, .ofs_x = 0, .ofs_y = 0},
    {.bitmap_index = 591, .adv_w = 106, .box_w = 6, .box_h = 12, .ofs_x = 0, .ofs_y = 0},
    {.bitmap_index = 627, .adv_w = 158, .box_w = 8, .box_h = 12, .ofs_x = 1, .ofs_y = 0},
    {.bitmap_index = 675, .adv_w = 161, .box_w = 10, .box_h = 12, .ofs_x = 0, .ofs_y = 0},
    {.bitmap_index = 735, .adv_w = 168, .box_w = 10, .box_h = 12, .ofs_x = 0, .ofs_y = 0},
    {.bitmap_index = 795, .adv_w = 154, .box_w = 9, .box_h = 12, .ofs_x = 0, .ofs_y = 0},
    {.bitmap_index = 849, .adv_w = 161, .box_w = 10, .box_h = 12, .ofs_x = 0, .ofs_y = 0},
    {.bitmap_index = 909, .adv_w = 146, .box_w = 9, .box_h = 12, .ofs_x = 0, .ofs_y = 0},
    {.bitmap_index = 963, .adv_w = 161, .box_w = 10, .box_h = 12, .ofs_x = 0, .ofs_y = 0},
    {.bitmap_index = 1023, .adv_w = 161, .box_w = 10, .box_h = 12, .ofs_x = 0, .ofs_y = 0},
    {.bitmap_index = 1083, .adv_w = 78, .box_w = 3, .box_h = 9, .ofs_x = 1, .ofs_y = 0},
    {.bitmap_index = 1097, .adv_w = 81, .box_w = 4, .box_h = 12, .ofs_x = 0, .ofs_y = -3},
    {.bitmap_index = 1121, .adv_w = 171, .box_w = 8, .box_h = 10, .ofs_x = 1, .ofs_y = 0},
    {.bitmap_index = 1161, .adv_w = 171, .box_w = 8, .box_h = 5, .ofs_x = 1, .ofs_y = 2},
    {.bitmap_index = 1181, .adv_w = 171, .box_w = 9, .box_h = 10, .ofs_x = 1, .ofs_y = 0},
    {.bitmap_index = 1226, .adv_w = 135, .box_w = 8, .box_h = 12, .ofs_x = 0, .ofs_y = 0},
    {.bitmap_index = 1274, .adv_w = 252, .box_w = 15, .box_h = 15, .ofs_x = 0, .ofs_y = -3},
    {.bitmap_index = 1387, .adv_w = 182, .box_w = 11, .box_h = 12, .ofs_x = 0, .ofs_y = 0},
    {.bitmap_index = 1453, .adv_w = 168, .box_w = 9, .box_h = 12, .ofs_x = 1, .ofs_y = 0},
    {.bitmap_index = 1507, .adv_w = 188, .box_w = 11, .box_h = 12, .ofs_x = 0, .ofs_y = 0},
    {.bitmap_index = 1573, .adv_w = 185, .box_w = 10, .box_h = 12, .ofs_x = 1, .ofs_y = 0},
    {.bitmap_index = 1633, .adv_w = 154, .box_w = 8, .box_h = 12, .ofs_x = 1, .ofs_y = 0},
    {.bitmap_index = 1681, .adv_w = 151, .box_w = 8, .box_h = 12, .ofs_x = 1, .ofs_y = 0},
    {.bitmap_index = 1729, .adv_w = 191, .box_w = 12, .box_h = 12, .ofs_x = 0, .ofs_y = 0},
    {.bitmap_index = 1801, .adv_w = 191, .box_w = 10, .box_h = 12, .ofs_x = 1, .ofs_y = 0},
    {.bitmap_index = 1861, .adv_w = 70, .box_w = 3, .box_h = 12, .ofs_x = 1, .ofs_y = 0},
    {.bitmap_index = 1879, .adv_w = 147, .box_w = 8, .box_h = 12, .ofs_x = 0, .ofs_y = 0},
    {.bitmap_index = 1927, .adv_w = 176, .box_w = 10, .box_h = 12, .ofs_x = 1, .ofs_y = 0},
    {.bitmap_index = 1987, .adv_w = 145, .box_w = 8, .box_h = 12, .ofs_x = 1, .ofs_y = 0},
    {.bitmap_index = 2035, .adv_w = 234, .box_w = 13, .box_h = 12, .ofs_x = 1, .ofs_y = 0},
    {.bitmap_index = 2113, .adv_w = 194, .box_w = 10, .box_h = 12, .ofs_x = 1, .ofs_y = 0},
    {.bitmap_index = 2173, .adv_w = 196, .box_w = 12, .box_h = 12, .ofs_x = 0, .ofs_y = 0},
    {.bitmap_index = 2245, .adv_w = 164, .box_w = 9, .box_h = 12, .ofs_x = 1, .ofs_y = 0},
    {.bitmap_index = 2299, .adv_w = 197, .box_w = 12, .box_h = 13, .ofs_x = 0, .ofs_y = -1},
    {.bitmap_index = 2377, .adv_w = 166, .box_w = 9, .box_h = 12, .ofs_x = 1, .ofs_y = 0},
    {.bitmap_index = 2431, .adv_w = 165, .box_w = 10, .box_h = 12, .ofs_x = 0, .ofs_y = 0},
    {.bitmap_index = 2491, .adv_w = 167, .box_w = 10, .box_h = 12, .ofs_x = 0, .ofs_y = 0},
    {.bitmap_index = 2551, .adv_w = 190, .box_w = 10, .box_h = 12, .ofs_x = 1, .ofs_y = 0},
    {.bitmap_index = 2611, .adv_w = 182, .box_w = 11, .box_h = 12, .ofs_x = 0, .ofs_y = 0},
    {.bitmap_index = 2677, .adv_w = 257, .box_w = 16, .box_h = 12, .ofs_x = 0, .ofs_y = 0},
    {.bitmap_index = 2773, .adv_w = 179, .box_w = 11, .box_h = 12, .ofs_x = 0, .ofs_y = 0},
    {.bitmap_index = 2839, .adv_w = 178, .box_w = 11, .box_h = 12, .ofs_x = 0, .ofs_y = 0},
    {.bitmap_index = 2905, .adv_w = 164, .box_w = 10, .box_h = 12, .ofs_x = 0, .ofs_y = 0},
    {.bitmap_index = 2965, .adv_w = 94, .box_w = 4, .box_h = 16, .ofs_x = 1, .ofs_y = -3},
    {.bitmap_index = 2997, .adv_w = 95, .box_w = 6, .box_h = 14, .ofs_x = 0, .ofs_y = -2},
    {.bitmap_index = 3039, .adv_w = 94, .box_w = 5, .box_h = 16, .ofs_x = 0, .ofs_y = -3},
    {.bitmap_index = 3079, .adv_w = 122, .box_w = 8, .box_h = 5, .ofs_x = 0, .ofs_y = 6},
    {.bitmap_index = 3099, .adv_w = 119, .box_w = 8, .box_h = 2, .ofs_x = 0, .ofs_y = -1},
    {.bitmap_index = 3107, .adv_w = 86, .box_w = 4, .box_h = 3, .ofs_x = 1, .ofs_y = 10},
    {.bitmap_index = 3113, .adv_w = 145, .box_w = 8, .box_h = 9, .ofs_x = 0, .ofs_y = 0},
    {.bitmap_index = 3149, .adv_w = 158, .box_w = 9, .box_h = 12, .ofs_x = 1, .ofs_y = 0},
    {.bitmap_index = 3203, .adv_w = 148, .box_w = 9, .box_h = 9, .ofs_x = 0, .ofs_y = 0},
    {.bitmap_index = 3244, .adv_w = 158, .box_w = 9, .box_h = 12, .ofs_x = 0, .ofs_y = 0},
    {.bitmap_index = 3298, .adv_w = 150, .box_w = 9, .box_h = 9, .ofs_x = 0, .ofs_y = 0},
    {.bitmap_index = 3339, .adv_w = 97, .box_w = 6, .box_h = 12, .ofs_x = 0, .ofs_y = 0},
    {.bitmap_index = 3375, .adv_w = 159, .box_w = 9, .box_h = 12, .ofs_x = 0, .ofs_y = -3},
    {.bitmap_index = 3429, .adv_w = 154, .box_w = 8, .box_h = 12, .ofs_x = 1, .ofs_y = 0},
    {.bitmap_index = 3477, .adv_w = 65, .box_w = 4, .box_h = 12, .ofs_x = 0, .ofs_y = 0},
    {.bitmap_index = 3501, .adv_w = 65, .box_w = 5, .box_h = 15, .ofs_x = -1, .ofs_y = -3},
    {.bitmap_index = 3539, .adv_w = 143, .box_w = 8, .box_h = 12, .ofs_x = 1, .ofs_y = 0},
    {.bitmap_index = 3587, .adv_w = 65, .box_w = 2, .box_h = 12, .ofs_x = 1, .ofs_y = 0},
    {.bitmap_index = 3599, .adv_w = 227, .box_w = 13, .box_h = 9, .ofs_x = 1, .ofs_y = 0},
    {.bitmap_index = 3658, .adv_w = 154, .box_w = 8, .box_h = 9, .ofs_x = 1, .ofs_y = 0},
    {.bitmap_index = 3694, .adv_w = 155, .box_w = 9, .box_h = 9, .ofs_x = 0, .ofs_y = 0},
    {.bitmap_index = 3735, .adv_w = 158, .box_w = 9, .box_h = 12, .ofs_x = 1, .ofs_y = -3},
    {.bitmap_index = 3789, .adv_w = 158, .box_w = 9, .box_h = 12, .ofs_x = 0, .ofs_y = -3},
    {.bitmap_index = 3843, .adv_w = 99, .box_w = 5, .box_h = 9, .ofs_x = 1, .ofs_y = 0},
    {.bitmap_index = 3866, .adv_w = 138, .box_w = 8, .box_h = 9, .ofs_x = 0, .ofs_y = 0},
    {.bitmap_index = 3902, .adv_w = 87, .box_w = 6, .box_h = 11, .ofs_x = 0, .ofs_y = 0},
    {.bitmap_index = 3935, .adv_w = 154, .box_w = 8, .box_h = 9, .ofs_x = 1, .ofs_y = 0},
    {.bitmap_index = 3971, .adv_w = 147, .box_w = 9, .box_h = 9, .ofs_x = 0, .ofs_y = 0},
    {.bitmap_index = 4012, .adv_w = 212, .box_w = 13, .box_h = 9, .ofs_x = 0, .ofs_y = 0},
    {.bitmap_index = 4071, .adv_w = 143, .box_w = 9, .box_h = 9, .ofs_x = 0, .ofs_y = 0},
    {.bitmap_index = 4112, .adv_w = 147, .box_w = 9, .box_h = 12, .ofs_x = 0, .ofs_y = -3},
    {.bitmap_index = 4166, .adv_w = 143, .box_w = 8, .box_h = 9, .ofs_x = 0, .ofs_y = 0},
    {.bitmap_index = 4202, .adv_w = 113, .box_w = 6, .box_h = 15, .ofs_x = 1, .ofs_y = -3},
    {.bitmap_index = 4247, .adv_w = 89, .box_w = 3, .box_h = 20, .ofs_x = 1, .ofs_y = -4},
    {.bitmap_index = 4277, .adv_w = 113, .box_w = 6, .box_h = 15, .ofs_x = 0, .ofs_y = -3},
    {.bitmap_index = 4322, .adv_w = 171, .box_w = 9, .box_h = 3, .ofs_x = 1, .ofs_y = 3},
    {.bitmap_index = 4336, .adv_w = 68, .box_w = 0, .box_h = 0, .ofs_x = 0, .ofs_y = 0},
    {.bitmap_index = 4336, .adv_w = 78, .box_w = 3, .box_h = 12, .ofs_x = 1, .ofs_y = -3},
    {.bitmap_index = 4354, .adv_w = 148, .box_w = 9, .box_h = 12, .ofs_x = 0, .ofs_y = 0},
    {.bitmap_index = 4408, .adv_w = 159, .box_w = 10, .box_h = 12, .ofs_x = 0, .ofs_y = 0},
    {.bitmap_index = 4468, .adv_w = 189, .box_w = 11, .box_h = 11, .ofs_x = 0, .ofs_y = 0},
    {.bitmap_index = 4529, .adv_w = 143, .box_w = 9, .box_h = 12, .ofs_x = 0, .ofs_y = 0},
    {.bitmap_index = 4583, .adv_w = 75, .box_w = 3, .box_h = 14, .ofs_x = 1, .ofs_y = -2},
    {.bitmap_index = 4604, .adv_w = 146, .box_w = 9, .box_h = 15, .ofs_x = 0, .ofs_y = -3},
    {.bitmap_index = 4672, .adv_w = 154, .box_w = 6, .box_h = 3, .ofs_x = 2, .ofs_y = 10},
    {.bitmap_index = 4681, .adv_w = 234, .box_w = 13, .box_h = 12, .ofs_x = 1, .ofs_y = 0},
    {.bitmap_index = 4759, .adv_w = 117, .box_w = 7, .box_h = 7, .ofs_x = 0, .ofs_y = 5},
    {.bitmap_index = 4784, .adv_w = 156, .box_w = 10, .box_h = 8, .ofs_x = 0, .ofs_y = 1},
    {.bitmap_index = 4824, .adv_w = 171, .box_w = 8, .box_h = 5, .ofs_x = 1, .ofs_y = 2},
    {.bitmap_index = 4844, .adv_w = 170, .box_w = 10, .box_h = 10, .ofs_x = 0, .ofs_y = 2},
    {.bitmap_index = 4894, .adv_w = 119, .box_w = 5, .box_h = 3, .ofs_x = 1, .ofs_y = 10},
    {.bitmap_index = 4902, .adv_w = 117, .box_w = 7, .box_h = 7, .ofs_x = 0, .ofs_y = 6},
    {.bitmap_index = 4927, .adv_w = 171, .box_w = 9, .box_h = 9, .ofs_x = 1, .ofs_y = 0},
    {.bitmap_index = 4968, .adv_w = 115, .box_w = 7, .box_h = 6, .ofs_x = 0, .ofs_y = 7},
    {.bitmap_index = 4989, .adv_w = 116, .box_w = 7, .box_h = 6, .ofs_x = 0, .ofs_y = 7},
    {.bitmap_index = 5010, .adv_w = 86, .box_w = 4, .box_h = 3, .ofs_x = 1, .ofs_y = 10},
    {.bitmap_index = 5016, .adv_w = 154, .box_w = 9, .box_h = 12, .ofs_x = 1, .ofs_y = -3},
    {.bitmap_index = 5070, .adv_w = 154, .box_w = 9, .box_h = 12, .ofs_x = 0, .ofs_y = 0},
    {.bitmap_index = 5124, .adv_w = 78, .box_w = 3, .box_h = 3, .ofs_x = 1, .ofs_y = 4},
    {.bitmap_index = 5129, .adv_w = 77, .box_w = 4, .box_h = 4, .ofs_x = 1, .ofs_y = -3},
    {.bitmap_index = 5137, .adv_w = 80, .box_w = 5, .box_h = 6, .ofs_x = 0, .ofs_y = 7},
    {.bitmap_index = 5152, .adv_w = 124, .box_w = 8, .box_h = 7, .ofs_x = 0, .ofs_y = 5},
    {.bitmap_index = 5180, .adv_w = 156, .box_w = 9, .box_h = 8, .ofs_x = 0, .ofs_y = 1},
    {.bitmap_index = 5216, .adv_w = 209, .box_w = 13, .box_h = 13, .ofs_x = 0, .ofs_y = -1},
    {.bitmap_index = 5301, .adv_w = 220, .box_w = 14, .box_h = 13, .ofs_x = 0, .ofs_y = -1},
    {.bitmap_index = 5392, .adv_w = 229, .box_w = 14, .box_h = 13, .ofs_x = 0, .ofs_y = -1},
    {.bitmap_index = 5483, .adv_w = 135, .box_w = 8, .box_h = 12, .ofs_x = 0, .ofs_y = -3},
    {.bitmap_index = 5531, .adv_w = 182, .box_w = 11, .box_h = 16, .ofs_x = 0, .ofs_y = 0},
    {.bitmap_index = 5619, .adv_w = 182, .box_w = 11, .box_h = 16, .ofs_x = 0, .ofs_y = 0},
    {.bitmap_index = 5707, .adv_w = 182, .box_w = 11, .box_h = 16, .ofs_x = 0, .ofs_y = 0},
    {.bitmap_index = 5795, .adv_w = 182, .box_w = 11, .box_h = 15, .ofs_x = 0, .ofs_y = 0},
    {.bitmap_index = 5878, .adv_w = 182, .box_w = 11, .box_h = 16, .ofs_x = 0, .ofs_y = 0},
    {.bitmap_index = 5966, .adv_w = 182, .box_w = 11, .box_h = 16, .ofs_x = 0, .ofs_y = 0},
    {.bitmap_index = 6054, .adv_w = 257, .box_w = 16, .box_h = 12, .ofs_x = 0, .ofs_y = 0},
    {.bitmap_index = 6150, .adv_w = 188, .box_w = 11, .box_h = 15, .ofs_x = 0, .ofs_y = -3},
    {.bitmap_index = 6233, .adv_w = 154, .box_w = 8, .box_h = 16, .ofs_x = 1, .ofs_y = 0},
    {.bitmap_index = 6297, .adv_w = 154, .box_w = 8, .box_h = 16, .ofs_x = 1, .ofs_y = 0},
    {.bitmap_index = 6361, .adv_w = 154, .box_w = 8, .box_h = 16, .ofs_x = 1, .ofs_y = 0},
    {.bitmap_index = 6425, .adv_w = 154, .box_w = 8, .box_h = 16, .ofs_x = 1, .ofs_y = 0},
    {.bitmap_index = 6489, .adv_w = 70, .box_w = 4, .box_h = 16, .ofs_x = 0, .ofs_y = 0},
    {.bitmap_index = 6521, .adv_w = 70, .box_w = 4, .box_h = 16, .ofs_x = 1, .ofs_y = 0},
    {.bitmap_index = 6553, .adv_w = 70, .box_w = 6, .box_h = 16, .ofs_x = -1, .ofs_y = 0},
    {.bitmap_index = 6601, .adv_w = 70, .box_w = 6, .box_h = 16, .ofs_x = -1, .ofs_y = 0},
    {.bitmap_index = 6649, .adv_w = 190, .box_w = 12, .box_h = 12, .ofs_x = 0, .ofs_y = 0},
    {.bitmap_index = 6721, .adv_w = 194, .box_w = 10, .box_h = 15, .ofs_x = 1, .ofs_y = 0},
    {.bitmap_index = 6796, .adv_w = 196, .box_w = 12, .box_h = 16, .ofs_x = 0, .ofs_y = 0},
    {.bitmap_index = 6892, .adv_w = 196, .box_w = 12, .box_h = 16, .ofs_x = 0, .ofs_y = 0},
    {.bitmap_index = 6988, .adv_w = 196, .box_w = 12, .box_h = 16, .ofs_x = 0, .ofs_y = 0},
    {.bitmap_index = 7084, .adv_w = 196, .box_w = 12, .box_h = 15, .ofs_x = 0, .ofs_y = 0},
    {.bitmap_index = 7174, .adv_w = 196, .box_w = 12, .box_h = 16, .ofs_x = 0, .ofs_y = 0},
    {.bitmap_index = 7270, .adv_w = 171, .box_w = 9, .box_h = 9, .ofs_x = 1, .ofs_y = 0},
    {.bitmap_index = 7311, .adv_w = 196, .box_w = 12, .box_h = 14, .ofs_x = 0, .ofs_y = -1},
    {.bitmap_index = 7395, .adv_w = 190, .box_w = 10, .box_h = 16, .ofs_x = 1, .ofs_y = 0},
    {.bitmap_index = 7475, .adv_w = 190, .box_w = 10, .box_h = 16, .ofs_x = 1, .ofs_y = 0},
    {.bitmap_index = 7555, .adv_w = 190, .box_w = 10, .box_h = 16, .ofs_x = 1, .ofs_y = 0},
    {.bitmap_index = 7635, .adv_w = 190, .box_w = 10, .box_h = 16, .ofs_x = 1, .ofs_y = 0},
    {.bitmap_index = 7715, .adv_w = 178, .box_w = 11, .box_h = 16, .ofs_x = 0, .ofs_y = 0},
    {.bitmap_index = 7803, .adv_w = 166, .box_w = 9, .box_h = 12, .ofs_x = 1, .ofs_y = 0},
    {.bitmap_index = 7857, .adv_w = 161, .box_w = 9, .box_h = 12, .ofs_x = 1, .ofs_y = 0},
    {.bitmap_index = 7911, .adv_w = 145, .box_w = 8, .box_h = 13, .ofs_x = 0, .ofs_y = 0},
    {.bitmap_index = 7963, .adv_w = 145, .box_w = 8, .box_h = 13, .ofs_x = 0, .ofs_y = 0},
    {.bitmap_index = 8015, .adv_w = 145, .box_w = 8, .box_h = 13, .ofs_x = 0, .ofs_y = 0},
    {.bitmap_index = 8067, .adv_w = 145, .box_w = 8, .box_h = 12, .ofs_x = 0, .ofs_y = 0},
    {.bitmap_index = 8115, .adv_w = 145, .box_w = 8, .box_h = 12, .ofs_x = 0, .ofs_y = 0},
    {.bitmap_index = 8163, .adv_w = 145, .box_w = 8, .box_h = 14, .ofs_x = 0, .ofs_y = 0},
    {.bitmap_index = 8219, .adv_w = 234, .box_w = 14, .box_h = 9, .ofs_x = 0, .ofs_y = 0},
    {.bitmap_index = 8282, .adv_w = 148, .box_w = 9, .box_h = 12, .ofs_x = 0, .ofs_y = -3},
    {.bitmap_index = 8336, .adv_w = 150, .box_w = 9, .box_h = 13, .ofs_x = 0, .ofs_y = 0},
    {.bitmap_index = 8395, .adv_w = 150, .box_w = 9, .box_h = 13, .ofs_x = 0, .ofs_y = 0},
    {.bitmap_index = 8454, .adv_w = 150, .box_w = 9, .box_h = 13, .ofs_x = 0, .ofs_y = 0},
    {.bitmap_index = 8513, .adv_w = 150, .box_w = 9, .box_h = 12, .ofs_x = 0, .ofs_y = 0},
    {.bitmap_index = 8567, .adv_w = 65, .box_w = 4, .box_h = 13, .ofs_x = -1, .ofs_y = 0},
    {.bitmap_index = 8593, .adv_w = 65, .box_w = 4, .box_h = 13, .ofs_x = 1, .ofs_y = 0},
    {.bitmap_index = 8619, .adv_w = 65, .box_w = 6, .box_h = 13, .ofs_x = -1, .ofs_y = 0},
    {.bitmap_index = 8658, .adv_w = 65, .box_w = 6, .box_h = 12, .ofs_x = -1, .ofs_y = 0},
    {.bitmap_index = 8694, .adv_w = 151, .box_w = 9, .box_h = 13, .ofs_x = 0, .ofs_y = 0},
    {.bitmap_index = 8753, .adv_w = 154, .box_w = 8, .box_h = 12, .ofs_x = 1, .ofs_y = 0},
    {.bitmap_index = 8801, .adv_w = 155, .box_w = 9, .box_h = 13, .ofs_x = 0, .ofs_y = 0},
    {.bitmap_index = 8860, .adv_w = 155, .box_w = 9, .box_h = 13, .ofs_x = 0, .ofs_y = 0},
    {.bitmap_index = 8919, .adv_w = 155, .box_w = 9, .box_h = 13, .ofs_x = 0, .ofs_y = 0},
    {.bitmap_index = 8978, .adv_w = 155, .box_w = 9, .box_h = 12, .ofs_x = 0, .ofs_y = 0},
    {.bitmap_index = 9032, .adv_w = 155, .box_w = 9, .box_h = 12, .ofs_x = 0, .ofs_y = 0},
    {.bitmap_index = 9086, .adv_w = 171, .box_w = 9, .box_h = 9, .ofs_x = 1, .ofs_y = 0},
    {.bitmap_index = 9127, .adv_w = 155, .box_w = 10, .box_h = 11, .ofs_x = 0, .ofs_y = -1},
    {.bitmap_index = 9182, .adv_w = 154, .box_w = 8, .box_h = 13, .ofs_x = 1, .ofs_y = 0},
    {.bitmap_index = 9234, .adv_w = 154, .box_w = 8, .box_h = 13, .ofs_x = 1, .ofs_y = 0},
    {.bitmap_index = 9286, .adv_w = 154, .box_w = 8, .box_h = 13, .ofs_x = 1, .ofs_y = 0},
    {.bitmap_index = 9338, .adv_w = 154, .box_w = 8, .box_h = 12, .ofs_x = 1, .ofs_y = 0},
    {.bitmap_index = 9386, .adv_w = 147, .box_w = 9, .box_h = 16, .ofs_x = 0, .ofs_y = -3},
    {.bitmap_index = 9458, .adv_w = 158, .box_w = 9, .box_h = 15, .ofs_x = 1, .ofs_y = -3},
    {.bitmap_index = 9526, .adv_w = 147, .box_w = 9, .box_h = 15, .ofs_x = 0, .ofs_y = -3},
    {.bitmap_index = 9594, .adv_w = 182, .box_w = 11, .box_h = 16, .ofs_x = 0, .ofs_y = 0},
    {.bitmap_index = 9682, .adv_w = 145, .box_w = 8, .box_h = 12, .ofs_x = 0, .ofs_y = 0},
    {.bitmap_index = 9730, .adv_w = 182, .box_w = 11, .box_h = 16, .ofs_x = 0, .ofs_y = 0},
    {.bitmap_index = 9818, .adv_w = 145, .box_w = 8, .box_h = 13, .ofs_x = 0, .ofs_y = 0},
    {.bitmap_index = 9870, .adv_w = 182, .box_w = 12, .box_h = 15, .ofs_x = 0, .ofs_y = -3},
    {.bitmap_index = 9960, .adv_w = 145, .box_w = 9, .box_h = 12, .ofs_x = 0, .ofs_y = -3},
    {.bitmap_index = 10014, .adv_w = 188, .box_w = 11, .box_h = 16, .ofs_x = 0, .ofs_y = 0},
    {.bitmap_index = 10102, .adv_w = 148, .box_w = 9, .box_h = 13, .ofs_x = 0, .ofs_y = 0},
    {.bitmap_index = 10161, .adv_w = 188, .box_w = 11, .box_h = 16, .ofs_x = 0, .ofs_y = 0},
    {.bitmap_index = 10249, .adv_w = 148, .box_w = 9, .box_h = 13, .ofs_x = 0, .ofs_y = 0},
    {.bitmap_index = 10308, .adv_w = 188, .box_w = 11, .box_h = 16, .ofs_x = 0, .ofs_y = 0},
    {.bitmap_index = 10396, .adv_w = 148, .box_w = 9, .box_h = 12, .ofs_x = 0, .ofs_y = 0},
    {.bitmap_index = 10450, .adv_w = 188, .box_w = 11, .box_h = 16, .ofs_x = 0, .ofs_y = 0},
    {.bitmap_index = 10538, .adv_w = 148, .box_w = 9, .box_h = 13, .ofs_x = 0, .ofs_y = 0},
    {.bitmap_index = 10597, .adv_w = 185, .box_w = 10, .box_h = 16, .ofs_x = 1, .ofs_y = 0},
    {.bitmap_index = 10677, .adv_w = 186, .box_w = 12, .box_h = 13, .ofs_x = 0, .ofs_y = 0},
    {.bitmap_index = 10755, .adv_w = 190, .box_w = 12, .box_h = 12, .ofs_x = 0, .ofs_y = 0},
    {.bitmap_index = 10827, .adv_w = 158, .box_w = 10, .box_h = 12, .ofs_x = 0, .ofs_y = 0},
    {.bitmap_index = 10887, .adv_w = 154, .box_w = 8, .box_h = 16, .ofs_x = 1, .ofs_y = 0},
    {.bitmap_index = 10951, .adv_w = 150, .box_w = 9, .box_h = 12, .ofs_x = 0, .ofs_y = 0},
    {.bitmap_index = 11005, .adv_w = 154, .box_w = 8, .box_h = 16, .ofs_x = 1, .ofs_y = 0},
    {.bitmap_index = 11069, .adv_w = 150, .box_w = 9, .box_h = 13, .ofs_x = 0, .ofs_y = 0},
    {.bitmap_index = 11128, .adv_w = 154, .box_w = 8, .box_h = 16, .ofs_x = 1, .ofs_y = 0},
    {.bitmap_index = 11192, .adv_w = 150, .box_w = 9, .box_h = 12, .ofs_x = 0, .ofs_y = 0},
    {.bitmap_index = 11246, .adv_w = 154, .box_w = 9, .box_h = 15, .ofs_x = 1, .ofs_y = -3},
    {.bitmap_index = 11314, .adv_w = 150, .box_w = 9, .box_h = 12, .ofs_x = 0, .ofs_y = -3},
    {.bitmap_index = 11368, .adv_w = 154, .box_w = 8, .box_h = 16, .ofs_x = 1, .ofs_y = 0},
    {.bitmap_index = 11432, .adv_w = 150, .box_w = 9, .box_h = 13, .ofs_x = 0, .ofs_y = 0},
    {.bitmap_index = 11491, .adv_w = 191, .box_w = 12, .box_h = 16, .ofs_x = 0, .ofs_y = 0},
    {.bitmap_index = 11587, .adv_w = 159, .box_w = 9, .box_h = 16, .ofs_x = 0, .ofs_y = -3},
    {.bitmap_index = 11659, .adv_w = 191, .box_w = 12, .box_h = 16, .ofs_x = 0, .ofs_y = 0},
    {.bitmap_index = 11755, .adv_w = 159, .box_w = 9, .box_h = 16, .ofs_x = 0, .ofs_y = -3},
    {.bitmap_index = 11827, .adv_w = 191, .box_w = 12, .box_h = 16, .ofs_x = 0, .ofs_y = 0},
    {.bitmap_index = 11923, .adv_w = 159, .box_w = 9, .box_h = 15, .ofs_x = 0, .ofs_y = -3},
    {.bitmap_index = 11991, .adv_w = 191, .box_w = 12, .box_h = 16, .ofs_x = 0, .ofs_y = -4},
    {.bitmap_index = 12087, .adv_w = 159, .box_w = 9, .box_h = 17, .ofs_x = 0, .ofs_y = -3},
    {.bitmap_index = 12164, .adv_w = 191, .box_w = 10, .box_h = 16, .ofs_x = 1, .ofs_y = 0},
    {.bitmap_index = 12244, .adv_w = 154, .box_w = 10, .box_h = 16, .ofs_x = -1, .ofs_y = 0},
    {.bitmap_index = 12324, .adv_w = 201, .box_w = 12, .box_h = 12, .ofs_x = 0, .ofs_y = 0},
    {.bitmap_index = 12396, .adv_w = 154, .box_w = 9, .box_h = 12, .ofs_x = 0, .ofs_y = 0},
    {.bitmap_index = 12450, .adv_w = 70, .box_w = 6, .box_h = 15, .ofs_x = -1, .ofs_y = 0},
    {.bitmap_index = 12495, .adv_w = 65, .box_w = 6, .box_h = 12, .ofs_x = -1, .ofs_y = 0},
    {.bitmap_index = 12531, .adv_w = 70, .box_w = 6, .box_h = 16, .ofs_x = -1, .ofs_y = 0},
    {.bitmap_index = 12579, .adv_w = 65, .box_w = 6, .box_h = 12, .ofs_x = -1, .ofs_y = 0},
    {.bitmap_index = 12615, .adv_w = 70, .box_w = 6, .box_h = 16, .ofs_x = -1, .ofs_y = 0},
    {.bitmap_index = 12663, .adv_w = 65, .box_w = 6, .box_h = 13, .ofs_x = -1, .ofs_y = 0},
    {.bitmap_index = 12702, .adv_w = 70, .box_w = 4, .box_h = 15, .ofs_x = 0, .ofs_y = -3},
    {.bitmap_index = 12732, .adv_w = 65, .box_w = 5, .box_h = 15, .ofs_x = -1, .ofs_y = -3},
    {.bitmap_index = 12770, .adv_w = 70, .box_w = 3, .box_h = 16, .ofs_x = 1, .ofs_y = 0},
    {.bitmap_index = 12794, .adv_w = 65, .box_w = 2, .box_h = 9, .ofs_x = 1, .ofs_y = 0},
    {.bitmap_index = 12803, .adv_w = 217, .box_w = 12, .box_h = 12, .ofs_x = 1, .ofs_y = 0},
    {.bitmap_index = 12875, .adv_w = 129, .box_w = 8, .box_h = 15, .ofs_x = 0, .ofs_y = -3},
    {.bitmap_index = 12935, .adv_w = 147, .box_w = 10, .box_h = 16, .ofs_x = 0, .ofs_y = 0},
    {.bitmap_index = 13015, .adv_w = 65, .box_w = 6, .box_h = 16, .ofs_x = -1, .ofs_y = -3},
    {.bitmap_index = 13063, .adv_w = 176, .box_w = 10, .box_h = 16, .ofs_x = 1, .ofs_y = -4},
    {.bitmap_index = 13143, .adv_w = 143, .box_w = 8, .box_h = 16, .ofs_x = 1, .ofs_y = -4},
    {.bitmap_index = 13207, .adv_w = 140, .box_w = 8, .box_h = 9, .ofs_x = 1, .ofs_y = 0},
    {.bitmap_index = 13243, .adv_w = 145, .box_w = 8, .box_h = 16, .ofs_x = 1, .ofs_y = 0},
    {.bitmap_index = 13307, .adv_w = 65, .box_w = 4, .box_h = 16, .ofs_x = 1, .ofs_y = 0},
    {.bitmap_index = 13339, .adv_w = 145, .box_w = 8, .box_h = 16, .ofs_x = 1, .ofs_y = -4},
    {.bitmap_index = 13403, .adv_w = 65, .box_w = 3, .box_h = 16, .ofs_x = 0, .ofs_y = -4},
    {.bitmap_index = 13427, .adv_w = 145, .box_w = 8, .box_h = 13, .ofs_x = 1, .ofs_y = 0},
    {.bitmap_index = 13479, .adv_w = 92, .box_w = 5, .box_h = 13, .ofs_x = 1, .ofs_y = 0},
    {.bitmap_index = 13512, .adv_w = 145, .box_w = 8, .box_h = 12, .ofs_x = 1, .ofs_y = 0},
    {.bitmap_index = 13560, .adv_w = 100, .box_w = 6, .box_h = 12, .ofs_x = 1, .ofs_y = 0},
    {.bitmap_index = 13596, .adv_w = 153, .box_w = 9, .box_h = 12, .ofs_x = 0, .ofs_y = 0},
    {.bitmap_index = 13650, .adv_w = 65, .box_w = 6, .box_h = 12, .ofs_x = -1, .ofs_y = 0},
    {.bitmap_index = 13686, .adv_w = 194, .box_w = 10, .box_h = 16, .ofs_x = 1, .ofs_y = 0},
    {.bitmap_index = 13766, .adv_w = 154, .box_w = 8, .box_h = 13, .ofs_x = 1, .ofs_y = 0},
    {.bitmap_index = 13818, .adv_w = 194, .box_w = 10, .box_h = 16, .ofs_x = 1, .ofs_y = -4},
    {.bitmap_index = 13898, .adv_w = 154, .box_w = 8, .box_h = 13, .ofs_x = 1, .ofs_y = -4},
    {.bitmap_index = 13950, .adv_w = 194, .box_w = 10, .box_h = 16, .ofs_x = 1, .ofs_y = 0},
    {.bitmap_index = 14030, .adv_w = 154, .box_w = 8, .box_h = 13, .ofs_x = 1, .ofs_y = 0},
    {.bitmap_index = 14082, .adv_w = 194, .box_w = 10, .box_h = 15, .ofs_x = 1, .ofs_y = -3},
    {.bitmap_index = 14157, .adv_w = 154, .box_w = 8, .box_h = 12, .ofs_x = 1, .ofs_y = -3},
    {.bitmap_index = 14205, .adv_w = 196, .box_w = 12, .box_h = 16, .ofs_x = 0, .ofs_y = 0},
    {.bitmap_index = 14301, .adv_w = 155, .box_w = 9, .box_h = 12, .ofs_x = 0, .ofs_y = 0},
    {.bitmap_index = 14355, .adv_w = 196, .box_w = 12, .box_h = 16, .ofs_x = 0, .ofs_y = 0},
    {.bitmap_index = 14451, .adv_w = 155, .box_w = 9, .box_h = 13, .ofs_x = 0, .ofs_y = 0},
    {.bitmap_index = 14510, .adv_w = 196, .box_w = 12, .box_h = 16, .ofs_x = 0, .ofs_y = 0},
    {.bitmap_index = 14606, .adv_w = 155, .box_w = 9, .box_h = 13, .ofs_x = 0, .ofs_y = 0},
    {.bitmap_index = 14665, .adv_w = 258, .box_w = 16, .box_h = 12, .ofs_x = 0, .ofs_y = 0},
    {.bitmap_index = 14761, .adv_w = 255, .box_w = 16, .box_h = 9, .ofs_x = 0, .ofs_y = 0},
    {.bitmap_index = 14833, .adv_w = 166, .box_w = 9, .box_h = 16, .ofs_x = 1, .ofs_y = 0},
    {.bitmap_index = 14905, .adv_w = 99, .box_w = 5, .box_h = 13, .ofs_x = 1, .ofs_y = 0},
    {.bitmap_index = 14938, .adv_w = 166, .box_w = 9, .box_h = 16, .ofs_x = 1, .ofs_y = -4},
    {.bitmap_index = 15010, .adv_w = 99, .box_w = 6, .box_h = 13, .ofs_x = 0, .ofs_y = -4},
    {.bitmap_index = 15049, .adv_w = 166, .box_w = 9, .box_h = 16, .ofs_x = 1, .ofs_y = 0},
    {.bitmap_index = 15121, .adv_w = 99, .box_w = 7, .box_h = 13, .ofs_x = 0, .ofs_y = 0},
    {.bitmap_index = 15167, .adv_w = 165, .box_w = 10, .box_h = 16, .ofs_x = 0, .ofs_y = 0},
    {.bitmap_index = 15247, .adv_w = 138, .box_w = 8, .box_h = 13, .ofs_x = 0, .ofs_y = 0},
    {.bitmap_index = 15299, .adv_w = 165, .box_w = 10, .box_h = 16, .ofs_x = 0, .ofs_y = 0},
    {.bitmap_index = 15379, .adv_w = 138, .box_w = 8, .box_h = 13, .ofs_x = 0, .ofs_y = 0},
    {.bitmap_index = 15431, .adv_w = 165, .box_w = 10, .box_h = 15, .ofs_x = 0, .ofs_y = -3},
    {.bitmap_index = 15506, .adv_w = 138, .box_w = 8, .box_h = 12, .ofs_x = 0, .ofs_y = -3},
    {.bitmap_index = 15554, .adv_w = 165, .box_w = 10, .box_h = 16, .ofs_x = 0, .ofs_y = 0},
    {.bitmap_index = 15634, .adv_w = 138, .box_w = 8, .box_h = 13, .ofs_x = 0, .ofs_y = 0},
    {.bitmap_index = 15686, .adv_w = 167, .box_w = 10, .box_h = 15, .ofs_x = 0, .ofs_y = -3},
    {.bitmap_index = 15761, .adv_w = 87, .box_w = 6, .box_h = 15, .ofs_x = 0, .ofs_y = -3},
    {.bitmap_index = 15806, .adv_w = 167, .box_w = 10, .box_h = 16, .ofs_x = 0, .ofs_y = 0},
    {.bitmap_index = 15886, .adv_w = 102, .box_w = 6, .box_h = 14, .ofs_x = 0, .ofs_y = 0},
    {.bitmap_index = 15928, .adv_w = 167, .box_w = 10, .box_h = 12, .ofs_x = 0, .ofs_y = 0},
    {.bitmap_index = 15988, .adv_w = 87, .box_w = 6, .box_h = 11, .ofs_x = 0, .ofs_y = 0},
    {.bitmap_index = 16021, .adv_w = 190, .box_w = 10, .box_h = 15, .ofs_x = 1, .ofs_y = 0},
    {.bitmap_index = 16096, .adv_w = 154, .box_w = 8, .box_h = 12, .ofs_x = 1, .ofs_y = 0},
    {.bitmap_index = 16144, .adv_w = 190, .box_w = 10, .box_h = 16, .ofs_x = 1, .ofs_y = 0},
    {.bitmap_index = 16224, .adv_w = 154, .box_w = 8, .box_h = 12, .ofs_x = 1, .ofs_y = 0},
    {.bitmap_index = 16272, .adv_w = 190, .box_w = 10, .box_h = 16, .ofs_x = 1, .ofs_y = 0},
    {.bitmap_index = 16352, .adv_w = 154, .box_w = 8, .box_h = 13, .ofs_x = 1, .ofs_y = 0},
    {.bitmap_index = 16404, .adv_w = 190, .box_w = 10, .box_h = 16, .ofs_x = 1, .ofs_y = 0},
    {.bitmap_index = 16484, .adv_w = 154, .box_w = 8, .box_h = 14, .ofs_x = 1, .ofs_y = 0},
    {.bitmap_index = 16540, .adv_w = 190, .box_w = 10, .box_h = 16, .ofs_x = 1, .ofs_y = 0},
    {.bitmap_index = 16620, .adv_w = 154, .box_w = 8, .box_h = 13, .ofs_x = 1, .ofs_y = 0},
    {.bitmap_index = 16672, .adv_w = 190, .box_w = 10, .box_h = 15, .ofs_x = 1, .ofs_y = -3},
    {.bitmap_index = 16747, .adv_w = 154, .box_w = 8, .box_h = 12, .ofs_x = 1, .ofs_y = -3},
    {.bitmap_index = 16795, .adv_w = 257, .box_w = 16, .box_h = 16, .ofs_x = 0, .ofs_y = 0},
    {.bitmap_index = 16923, .adv_w = 212, .box_w = 13, .box_h = 13, .ofs_x = 0, .ofs_y = 0},
    {.bitmap_index = 17008, .adv_w = 178, .box_w = 11, .box_h = 16, .ofs_x = 0, .ofs_y = 0},
    {.bitmap_index = 17096, .adv_w = 147, .box_w = 9, .box_h = 16, .ofs_x = 0, .ofs_y = -3},
    {.bitmap_index = 17168, .adv_w = 178, .box_w = 11, .box_h = 16, .ofs_x = 0, .ofs_y = 0},
    {.bitmap_index = 17256, .adv_w = 164, .box_w = 10, .box_h = 16, .ofs_x = 0, .ofs_y = 0},
    {.bitmap_index = 17336, .adv_w = 143, .box_w = 8, .box_h = 13, .ofs_x = 0, .ofs_y = 0},
    {.bitmap_index = 17388, .adv_w = 164, .box_w = 10, .box_h = 16, .ofs_x = 0, .ofs_y = 0},
    {.bitmap_index = 17468, .adv_w = 143, .box_w = 8, .box_h = 12, .ofs_x = 0, .ofs_y = 0},
    {.bitmap_index = 17516, .adv_w = 164, .box_w = 10, .box_h = 16, .ofs_x = 0, .ofs_y = 0},
    {.bitmap_index = 17596, .adv_w = 143, .box_w = 8, .box_h = 13, .ofs_x = 0, .ofs_y = 0},
    {.bitmap_index = 17648, .adv_w = 83, .box_w = 5, .box_h = 12, .ofs_x = 1, .ofs_y = 0},
    {.bitmap_index = 17678, .adv_w = 165, .box_w = 10, .box_h = 16, .ofs_x = 0, .ofs_y = -4},
    {.bitmap_index = 17758, .adv_w = 138, .box_w = 8, .box_h = 13, .ofs_x = 0, .ofs_y = -4},
    {.bitmap_index = 17810, .adv_w = 167, .box_w = 10, .box_h = 16, .ofs_x = 0, .ofs_y = -4},
    {.bitmap_index = 17890, .adv_w = 87, .box_w = 6, .box_h = 15, .ofs_x = 0, .ofs_y = -4},
    {.bitmap_index = 17935, .adv_w = 70, .box_w = 3, .box_h = 5, .ofs_x = 1, .ofs_y = 7},
    {.bitmap_index = 17943, .adv_w = 71, .box_w = 4, .box_h = 3, .ofs_x = 0, .ofs_y = -3},
    {.bitmap_index = 17949, .adv_w = 194, .box_w = 10, .box_h = 12, .ofs_x = 1, .ofs_y = 0},
    {.bitmap_index = 18009, .adv_w = 71, .box_w = 3, .box_h = 3, .ofs_x = 1, .ofs_y = -4},
    {.bitmap_index = 18014, .adv_w = 148, .box_w = 9, .box_h = 9, .ofs_x = 0, .ofs_y = 0},
    {.bitmap_index = 18055, .adv_w = 148, .box_w = 9, .box_h = 9, .ofs_x = 0, .ofs_y = 0},
    {.bitmap_index = 18096, .adv_w = 148, .box_w = 9, .box_h = 9, .ofs_x = 0, .ofs_y = 0},
    {.bitmap_index = 18137, .adv_w = 81, .box_w = 4, .box_h = 12, .ofs_x = 0, .ofs_y = -3},
    {.bitmap_index = 18161, .adv_w = 147, .box_w = 8, .box_h = 12, .ofs_x = 0, .ofs_y = 0},
    {.bitmap_index = 18209, .adv_w = 75, .box_w = 3, .box_h = 3, .ofs_x = 1, .ofs_y = 10},
    {.bitmap_index = 18214, .adv_w = 176, .box_w = 7, .box_h = 4, .ofs_x = 2, .ofs_y = 10},
    {.bitmap_index = 18228, .adv_w = 182, .box_w = 11, .box_h = 12, .ofs_x = 0, .ofs_y = 0},
    {.bitmap_index = 18294, .adv_w = 78, .box_w = 3, .box_h = 3, .ofs_x = 1, .ofs_y = 6},
    {.bitmap_index = 18299, .adv_w = 194, .box_w = 12, .box_h = 12, .ofs_x = 0, .ofs_y = 0},
    {.bitmap_index = 18371, .adv_w = 230, .box_w = 14, .box_h = 12, .ofs_x = 0, .ofs_y = 0},
    {.bitmap_index = 18455, .adv_w = 109, .box_w = 6, .box_h = 12, .ofs_x = 0, .ofs_y = 0},
    {.bitmap_index = 18491, .adv_w = 226, .box_w = 14, .box_h = 12, .ofs_x = 0, .ofs_y = 0},
    {.bitmap_index = 18575, .adv_w = 232, .box_w = 15, .box_h = 12, .ofs_x = 0, .ofs_y = 0},
    {.bitmap_index = 18665, .adv_w = 228, .box_w = 14, .box_h = 12, .ofs_x = 0, .ofs_y = 0},
    {.bitmap_index = 18749, .adv_w = 73, .box_w = 6, .box_h = 15, .ofs_x = -1, .ofs_y = 0},
    {.bitmap_index = 18794, .adv_w = 182, .box_w = 11, .box_h = 12, .ofs_x = 0, .ofs_y = 0},
    {.bitmap_index = 18860, .adv_w = 168, .box_w = 9, .box_h = 12, .ofs_x = 1, .ofs_y = 0},
    {.bitmap_index = 18914, .adv_w = 149, .box_w = 8, .box_h = 12, .ofs_x = 1, .ofs_y = 0},
    {.bitmap_index = 18962, .adv_w = 180, .box_w = 11, .box_h = 12, .ofs_x = 0, .ofs_y = 0},
    {.bitmap_index = 19028, .adv_w = 154, .box_w = 8, .box_h = 12, .ofs_x = 1, .ofs_y = 0},
    {.bitmap_index = 19076, .adv_w = 164, .box_w = 10, .box_h = 12, .ofs_x = 0, .ofs_y = 0},
    {.bitmap_index = 19136, .adv_w = 191, .box_w = 10, .box_h = 12, .ofs_x = 1, .ofs_y = 0},
    {.bitmap_index = 19196, .adv_w = 196, .box_w = 12, .box_h = 12, .ofs_x = 0, .ofs_y = 0},
    {.bitmap_index = 19268, .adv_w = 70, .box_w = 3, .box_h = 12, .ofs_x = 1, .ofs_y = 0},
    {.bitmap_index = 19286, .adv_w = 176, .box_w = 10, .box_h = 12, .ofs_x = 1, .ofs_y = 0},
    {.bitmap_index = 19346, .adv_w = 182, .box_w = 11, .box_h = 12, .ofs_x = 0, .ofs_y = 0},
    {.bitmap_index = 19412, .adv_w = 234, .box_w = 13, .box_h = 12, .ofs_x = 1, .ofs_y = 0},
    {.bitmap_index = 19490, .adv_w = 194, .box_w = 10, .box_h = 12, .ofs_x = 1, .ofs_y = 0},
    {.bitmap_index = 19550, .adv_w = 171, .box_w = 9, .box_h = 12, .ofs_x = 1, .ofs_y = 0},
    {.bitmap_index = 19604, .adv_w = 196, .box_w = 12, .box_h = 12, .ofs_x = 0, .ofs_y = 0},
    {.bitmap_index = 19676, .adv_w = 191, .box_w = 10, .box_h = 12, .ofs_x = 1, .ofs_y = 0},
    {.bitmap_index = 19736, .adv_w = 164, .box_w = 9, .box_h = 12, .ofs_x = 1, .ofs_y = 0},
    {.bitmap_index = 19790, .adv_w = 177, .box_w = 11, .box_h = 12, .ofs_x = 0, .ofs_y = 0},
    {.bitmap_index = 19856, .adv_w = 167, .box_w = 10, .box_h = 12, .ofs_x = 0, .ofs_y = 0},
    {.bitmap_index = 19916, .adv_w = 178, .box_w = 11, .box_h = 12, .ofs_x = 0, .ofs_y = 0},
    {.bitmap_index = 19982, .adv_w = 227, .box_w = 14, .box_h = 13, .ofs_x = 0, .ofs_y = -1},
    {.bitmap_index = 20073, .adv_w = 179, .box_w = 11, .box_h = 12, .ofs_x = 0, .ofs_y = 0},
    {.bitmap_index = 20139, .adv_w = 227, .box_w = 12, .box_h = 12, .ofs_x = 1, .ofs_y = 0},
    {.bitmap_index = 20211, .adv_w = 198, .box_w = 12, .box_h = 12, .ofs_x = 0, .ofs_y = 0},
    {.bitmap_index = 20283, .adv_w = 70, .box_w = 6, .box_h = 16, .ofs_x = -1, .ofs_y = 0},
    {.bitmap_index = 20331, .adv_w = 178, .box_w = 11, .box_h = 16, .ofs_x = 0, .ofs_y = 0},
    {.bitmap_index = 20419, .adv_w = 173, .box_w = 11, .box_h = 13, .ofs_x = 0, .ofs_y = 0},
    {.bitmap_index = 20491, .adv_w = 139, .box_w = 8, .box_h = 13, .ofs_x = 0, .ofs_y = 0},
    {.bitmap_index = 20543, .adv_w = 154, .box_w = 8, .box_h = 16, .ofs_x = 1, .ofs_y = -3},
    {.bitmap_index = 20607, .adv_w = 73, .box_w = 4, .box_h = 13, .ofs_x = 1, .ofs_y = 0},
    {.bitmap_index = 20633, .adv_w = 154, .box_w = 8, .box_h = 15, .ofs_x = 1, .ofs_y = 0},
    {.bitmap_index = 20693, .adv_w = 173, .box_w = 11, .box_h = 9, .ofs_x = 0, .ofs_y = 0},
    {.bitmap_index = 20743, .adv_w = 154, .box_w = 8, .box_h = 15, .ofs_x = 1, .ofs_y = -3},
    {.bitmap_index = 20803, .adv_w = 147, .box_w = 9, .box_h = 12, .ofs_x = 0, .ofs_y = -3},
    {.bitmap_index = 20857, .adv_w = 151, .box_w = 9, .box_h = 12, .ofs_x = 0, .ofs_y = 0},
    {.bitmap_index = 20911, .adv_w = 139, .box_w = 8, .box_h = 9, .ofs_x = 0, .ofs_y = 0},
    {.bitmap_index = 20947, .adv_w = 133, .box_w = 8, .box_h = 15, .ofs_x = 0, .ofs_y = -3},
    {.bitmap_index = 21007, .adv_w = 154, .box_w = 8, .box_h = 12, .ofs_x = 1, .ofs_y = -3},
    {.bitmap_index = 21055, .adv_w = 160, .box_w = 10, .box_h = 12, .ofs_x = 0, .ofs_y = 0},
    {.bitmap_index = 21115, .adv_w = 73, .box_w = 4, .box_h = 9, .ofs_x = 1, .ofs_y = 0},
    {.bitmap_index = 21133, .adv_w = 140, .box_w = 8, .box_h = 9, .ofs_x = 1, .ofs_y = 0},
    {.bitmap_index = 21169, .adv_w = 168, .box_w = 11, .box_h = 12, .ofs_x = 0, .ofs_y = 0},
    {.bitmap_index = 21235, .adv_w = 154, .box_w = 9, .box_h = 12, .ofs_x = 1, .ofs_y = -3},
    {.bitmap_index = 21289, .adv_w = 153, .box_w = 10, .box_h = 9, .ofs_x = 0, .ofs_y = 0},
    {.bitmap_index = 21334, .adv_w = 143, .box_w = 8, .box_h = 15, .ofs_x = 0, .ofs_y = -3},
    {.bitmap_index = 21394, .adv_w = 155, .box_w = 9, .box_h = 9, .ofs_x = 0, .ofs_y = 0},
    {.bitmap_index = 21435, .adv_w = 158, .box_w = 10, .box_h = 9, .ofs_x = 0, .ofs_y = 0},
    {.bitmap_index = 21480, .adv_w = 158, .box_w = 9, .box_h = 12, .ofs_x = 1, .ofs_y = -3},
    {.bitmap_index = 21534, .adv_w = 147, .box_w = 9, .box_h = 12, .ofs_x = 0, .ofs_y = -3},
    {.bitmap_index = 21588, .adv_w = 162, .box_w = 10, .box_h = 9, .ofs_x = 0, .ofs_y = 0},
    {.bitmap_index = 21633, .adv_w = 123, .box_w = 8, .box_h = 9, .ofs_x = 0, .ofs_y = 0},
    {.bitmap_index = 21669, .adv_w = 154, .box_w = 8, .box_h = 9, .ofs_x = 1, .ofs_y = 0},
    {.bitmap_index = 21705, .adv_w = 191, .box_w = 12, .box_h = 12, .ofs_x = 0, .ofs_y = -3},
    {.bitmap_index = 21777, .adv_w = 149, .box_w = 10, .box_h = 12, .ofs_x = 0, .ofs_y = -3},
    {.bitmap_index = 21837, .adv_w = 204, .box_w = 11, .box_h = 15, .ofs_x = 1, .ofs_y = -3},
    {.bitmap_index = 21920, .adv_w = 209, .box_w = 13, .box_h = 9, .ofs_x = 0, .ofs_y = 0},
    {.bitmap_index = 21979, .adv_w = 73, .box_w = 6, .box_h = 12, .ofs_x = -1, .ofs_y = 0},
    {.bitmap_index = 22015, .adv_w = 154, .box_w = 8, .box_h = 12, .ofs_x = 1, .ofs_y = 0},
    {.bitmap_index = 22063, .adv_w = 155, .box_w = 9, .box_h = 13, .ofs_x = 0, .ofs_y = 0},
    {.bitmap_index = 22122, .adv_w = 154, .box_w = 8, .box_h = 13, .ofs_x = 1, .ofs_y = 0},
    {.bitmap_index = 22174, .adv_w = 209, .box_w = 13, .box_h = 13, .ofs_x = 0, .ofs_y = 0},
    {.bitmap_index = 22259, .adv_w = 176, .box_w = 10, .box_h = 16, .ofs_x = 1, .ofs_y = -4},
    {.bitmap_index = 22339, .adv_w = 165, .box_w = 9, .box_h = 12, .ofs_x = 1, .ofs_y = 0},
    {.bitmap_index = 22393, .adv_w = 165, .box_w = 9, .box_h = 12, .ofs_x = 1, .ofs_y = 0},
    {.bitmap_index = 22447, .adv_w = 175, .box_w = 11, .box_h = 12, .ofs_x = 0, .ofs_y = 0},
    {.bitmap_index = 22513, .adv_w = 223, .box_w = 14, .box_h = 12, .ofs_x = 0, .ofs_y = 0},
    {.bitmap_index = 22597, .adv_w = 175, .box_w = 11, .box_h = 16, .ofs_x = 0, .ofs_y = 0},
    {.bitmap_index = 22685, .adv_w = 181, .box_w = 11, .box_h = 15, .ofs_x = 0, .ofs_y = -3},
    {.bitmap_index = 22768, .adv_w = 219, .box_w = 13, .box_h = 9, .ofs_x = 0, .ofs_y = 0},
    {.bitmap_index = 22827, .adv_w = 140, .box_w = 8, .box_h = 13, .ofs_x = 1, .ofs_y = -4},
    {.bitmap_index = 22879, .adv_w = 152, .box_w = 8, .box_h = 12, .ofs_x = 1, .ofs_y = 0},
    {.bitmap_index = 22927, .adv_w = 137, .box_w = 7, .box_h = 12, .ofs_x = 1, .ofs_y = -3},
    {.bitmap_index = 22969, .adv_w = 189, .box_w = 11, .box_h = 9, .ofs_x = 0, .ofs_y = 0},
    {.bitmap_index = 23019, .adv_w = 165, .box_w = 9, .box_h = 14, .ofs_x = 1, .ofs_y = -5},
    {.bitmap_index = 23082, .adv_w = 148, .box_w = 9, .box_h = 9, .ofs_x = 0, .ofs_y = 0},
    {.bitmap_index = 23123, .adv_w = 65, .box_w = 5, .box_h = 15, .ofs_x = -1, .ofs_y = -3},
    {.bitmap_index = 23161, .adv_w = 196, .box_w = 12, .box_h = 12, .ofs_x = 0, .ofs_y = 0},
    {.bitmap_index = 23233, .adv_w = 118, .box_w = 7, .box_h = 9, .ofs_x = 0, .ofs_y = 0},
    {.bitmap_index = 23265, .adv_w = 118, .box_w = 7, .box_h = 9, .ofs_x = 0, .ofs_y = 0},
    {.bitmap_index = 23297, .adv_w = 188, .box_w = 11, .box_h = 12, .ofs_x = 0, .ofs_y = 0},
    {.bitmap_index = 23363, .adv_w = 234, .box_w = 13, .box_h = 12, .ofs_x = 1, .ofs_y = 0},
    {.bitmap_index = 23441, .adv_w = 158, .box_w = 11, .box_h = 12, .ofs_x = -1, .ofs_y = -3},
    {.bitmap_index = 23507, .adv_w = 188, .box_w = 11, .box_h = 12, .ofs_x = 0, .ofs_y = 0},
    {.bitmap_index = 23573, .adv_w = 188, .box_w = 11, .box_h = 12, .ofs_x = 0, .ofs_y = 0},
    {.bitmap_index = 23639, .adv_w = 188, .box_w = 11, .box_h = 12, .ofs_x = 0, .ofs_y = 0},
    {.bitmap_index = 23705, .adv_w = 100, .box_w = 6, .box_h = 2, .ofs_x = 0, .ofs_y = 4},
    {.bitmap_index = 23711, .adv_w = 100, .box_w = 6, .box_h = 2, .ofs_x = 0, .ofs_y = 4},
    {.bitmap_index = 23717, .adv_w = 166, .box_w = 10, .box_h = 2, .ofs_x = 0, .ofs_y = 5},
    {.bitmap_index = 23727, .adv_w = 128, .box_w = 8, .box_h = 2, .ofs_x = 0, .ofs_y = 4},
    {.bitmap_index = 23735, .adv_w = 256, .box_w = 16, .box_h = 2, .ofs_x = 0, .ofs_y = 4},
    {.bitmap_index = 23751, .adv_w = 256, .box_w = 16, .box_h = 2, .ofs_x = 0, .ofs_y = 4},
    {.bitmap_index = 23767, .adv_w = 130, .box_w = 6, .box_h = 20, .ofs_x = 1, .ofs_y = -4},
    {.bitmap_index = 23827, .adv_w = 118, .box_w = 8, .box_h = 5, .ofs_x = 0, .ofs_y = -4},
    {.bitmap_index = 23847, .adv_w = 71, .box_w = 3, .box_h = 5, .ofs_x = 1, .ofs_y = 7},
    {.bitmap_index = 23855, .adv_w = 71, .box_w = 3, .box_h = 5, .ofs_x = 1, .ofs_y = 7},
    {.bitmap_index = 23863, .adv_w = 66, .box_w = 4, .box_h = 5, .ofs_x = 0, .ofs_y = -3},
    {.bitmap_index = 23873, .adv_w = 71, .box_w = 4, .box_h = 5, .ofs_x = 0, .ofs_y = 7},
    {.bitmap_index = 23883, .adv_w = 121, .box_w = 6, .box_h = 5, .ofs_x = 1, .ofs_y = 7},
    {.bitmap_index = 23898, .adv_w = 121, .box_w = 6, .box_h = 5, .ofs_x = 1, .ofs_y = 7},
    {.bitmap_index = 23913, .adv_w = 115, .box_w = 7, .box_h = 5, .ofs_x = 0, .ofs_y = -3},
    {.bitmap_index = 23931, .adv_w = 121, .box_w = 7, .box_h = 5, .ofs_x = 0, .ofs_y = 7},
    {.bitmap_index = 23949, .adv_w = 134, .box_w = 7, .box_h = 9, .ofs_x = 1, .ofs_y = 3},
    {.bitmap_index = 23981, .adv_w = 134, .box_w = 7, .box_h = 12, .ofs_x = 1, .ofs_y = 0},
    {.bitmap_index = 24023, .adv_w = 137, .box_w = 6, .box_h = 6, .ofs_x = 1, .ofs_y = 2},
    {.bitmap_index = 24041, .adv_w = 137, .box_w = 5, .box_h = 6, .ofs_x = 2, .ofs_y = 2},
    {.bitmap_index = 24056, .adv_w = 78, .box_w = 3, .box_h = 3, .ofs_x = 1, .ofs_y = 0},
    {.bitmap_index = 24061, .adv_w = 155, .box_w = 8, .box_h = 3, .ofs_x = 1, .ofs_y = 0},
    {.bitmap_index = 24073, .adv_w = 233, .box_w = 13, .box_h = 3, .ofs_x = 1, .ofs_y = 0},
    {.bitmap_index = 24093, .adv_w = 78, .box_w = 3, .box_h = 3, .ofs_x = 1, .ofs_y = 4},
    {.bitmap_index = 24098, .adv_w = 44, .box_w = 0, .box_h = 0, .ofs_x = 0, .ofs_y = 0},
    {.bitmap_index = 24098, .adv_w = 347, .box_w = 19, .box_h = 12, .ofs_x = 1, .ofs_y = 0},
    {.bitmap_index = 24212, .adv_w = 439, .box_w = 25, .box_h = 12, .ofs_x = 1, .ofs_y = 0},
    {.bitmap_index = 24362, .adv_w = 61, .box_w = 4, .box_h = 5, .ofs_x = 0, .ofs_y = 7},
    {.bitmap_index = 24372, .adv_w = 122, .box_w = 7, .box_h = 5, .ofs_x = 0, .ofs_y = 7},
    {.bitmap_index = 24390, .adv_w = 183, .box_w = 11, .box_h = 5, .ofs_x = 0, .ofs_y = 7},
    {.bitmap_index = 24418, .adv_w = 61, .box_w = 4, .box_h = 5, .ofs_x = 0, .ofs_y = 7},
    {.bitmap_index = 24428, .adv_w = 122, .box_w = 7, .box_h = 5, .ofs_x = 0, .ofs_y = 7},
    {.bitmap_index = 24446, .adv_w = 183, .box_w = 11, .box_h = 5, .ofs_x = 0, .ofs_y = 7},
    {.bitmap_index = 24474, .adv_w = 125, .box_w = 7, .box_h = 4, .ofs_x = 0, .ofs_y = -4},
    {.bitmap_index = 24488, .adv_w = 102, .box_w = 6, .box_h = 8, .ofs_x = 0, .ofs_y = 1},
    {.bitmap_index = 24512, .adv_w = 102, .box_w = 6, .box_h = 8, .ofs_x = 0, .ofs_y = 1},
    {.bitmap_index = 24536, .adv_w = 178, .box_w = 10, .box_h = 9, .ofs_x = 1, .ofs_y = 1},
    {.bitmap_index = 24581, .adv_w = 156, .box_w = 8, .box_h = 12, .ofs_x = 1, .ofs_y = 0},
    {.bitmap_index = 24629, .adv_w = 134, .box_w = 8, .box_h = 12, .ofs_x = 0, .ofs_y = 0},
    {.bitmap_index = 24677, .adv_w = 135, .box_w = 8, .box_h = 3, .ofs_x = 0, .ofs_y = 12},
    {.bitmap_index = 24689, .adv_w = 212, .box_w = 13, .box_h = 3, .ofs_x = 0, .ofs_y = -4},
    {.bitmap_index = 24709, .adv_w = 212, .box_w = 13, .box_h = 3, .ofs_x = 0, .ofs_y = 9},
    {.bitmap_index = 24729, .adv_w = 118, .box_w = 7, .box_h = 9, .ofs_x = 0, .ofs_y = -4},
    {.bitmap_index = 24761, .adv_w = 189, .box_w = 10, .box_h = 10, .ofs_x = 1, .ofs_y = 1},
    {.bitmap_index = 24811, .adv_w = 137, .box_w = 5, .box_h = 2, .ofs_x = 2, .ofs_y = 4},
    {.bitmap_index = 24816, .adv_w = 51, .box_w = 11, .box_h = 12, .ofs_x = -4, .ofs_y = 0},
    {.bitmap_index = 24882, .adv_w = 94, .box_w = 4, .box_h = 16, .ofs_x = 1, .ofs_y = -3},
    {.bitmap_index = 24914, .adv_w = 94, .box_w = 5, .box_h = 16, .ofs_x = 0, .ofs_y = -3},
    {.bitmap_index = 24954, .adv_w = 270, .box_w = 17, .box_h = 12, .ofs_x = 0, .ofs_y = 0},
    {.bitmap_index = 25056, .adv_w = 213, .box_w = 13, .box_h = 12, .ofs_x = 0, .ofs_y = 0},
    {.bitmap_index = 25134, .adv_w = 213, .box_w = 12, .box_h = 12, .ofs_x = 1, .ofs_y = 0},
    {.bitmap_index = 25206, .adv_w = 116, .box_w = 7, .box_h = 12, .ofs_x = 0, .ofs_y = -3},
    {.bitmap_index = 25248, .adv_w = 154, .box_w = 8, .box_h = 12, .ofs_x = 1, .ofs_y = 0},
    {.bitmap_index = 25296, .adv_w = 153, .box_w = 8, .box_h = 8, .ofs_x = 1, .ofs_y = 1},
    {.bitmap_index = 25328, .adv_w = 153, .box_w = 8, .box_h = 8, .ofs_x = 1, .ofs_y = 1},
    {.bitmap_index = 25360, .adv_w = 133, .box_w = 7, .box_h = 7, .ofs_x = 1, .ofs_y = -1},
    {.bitmap_index = 25385, .adv_w = 81, .box_w = 4, .box_h = 12, .ofs_x = 1, .ofs_y = -3},
    {.bitmap_index = 25409, .adv_w = 211, .box_w = 13, .box_h = 16, .ofs_x = 0, .ofs_y = -4},
    {.bitmap_index = 25513, .adv_w = 141, .box_w = 8, .box_h = 15, .ofs_x = 1, .ofs_y = -3},
    {.bitmap_index = 25573, .adv_w = 196, .box_w = 12, .box_h = 12, .ofs_x = 0, .ofs_y = 0},
    {.bitmap_index = 25645, .adv_w = 189, .box_w = 10, .box_h = 3, .ofs_x = 1, .ofs_y = 4},
    {.bitmap_index = 25660, .adv_w = 212, .box_w = 13, .box_h = 4, .ofs_x = 0, .ofs_y = -5},
    {.bitmap_index = 25686, .adv_w = 155, .box_w = 8, .box_h = 8, .ofs_x = 1, .ofs_y = 1},
    {.bitmap_index = 25718, .adv_w = 244, .box_w = 15, .box_h = 5, .ofs_x = 0, .ofs_y = 7},
    {.bitmap_index = 25756, .adv_w = 121, .box_w = 7, .box_h = 6, .ofs_x = 0, .ofs_y = 7},
    {.bitmap_index = 25777, .adv_w = 53, .box_w = 3, .box_h = 6, .ofs_x = 0, .ofs_y = 7},
    {.bitmap_index = 25786, .adv_w = 120, .box_w = 7, .box_h = 6, .ofs_x = 0, .ofs_y = 7},
    {.bitmap_index = 25807, .adv_w = 116, .box_w = 7, .box_h = 6, .ofs_x = 0, .ofs_y = 7},
    {.bitmap_index = 25828, .adv_w = 116, .box_w = 7, .box_h = 6, .ofs_x = 0, .ofs_y = 7},
    {.bitmap_index = 25849, .adv_w = 106, .box_w = 6, .box_h = 6, .ofs_x = 0, .ofs_y = 7},
    {.bitmap_index = 25867, .adv_w = 118, .box_w = 7, .box_h = 6, .ofs_x = 0, .ofs_y = 7},
    {.bitmap_index = 25888, .adv_w = 116, .box_w = 7, .box_h = 6, .ofs_x = 0, .ofs_y = 7},
    {.bitmap_index = 25909, .adv_w = 113, .box_w = 5, .box_h = 5, .ofs_x = 1, .ofs_y = 7},
    {.bitmap_index = 25922, .adv_w = 113, .box_w = 5, .box_h = 3, .ofs_x = 1, .ofs_y = 9},
    {.bitmap_index = 25930, .adv_w = 113, .box_w = 5, .box_h = 4, .ofs_x = 1, .ofs_y = 8},
    {.bitmap_index = 25940, .adv_w = 71, .box_w = 3, .box_h = 9, .ofs_x = 1, .ofs_y = 6},
    {.bitmap_index = 25954, .adv_w = 71, .box_w = 4, .box_h = 9, .ofs_x = 0, .ofs_y = 6},
    {.bitmap_index = 25972, .adv_w = 114, .box_w = 7, .box_h = 5, .ofs_x = 0, .ofs_y = 7},
    {.bitmap_index = 25990, .adv_w = 121, .box_w = 7, .box_h = 6, .ofs_x = 0, .ofs_y = -2},
    {.bitmap_index = 26011, .adv_w = 80, .box_w = 5, .box_h = 6, .ofs_x = 0, .ofs_y = -2},
    {.bitmap_index = 26026, .adv_w = 115, .box_w = 7, .box_h = 6, .ofs_x = 0, .ofs_y = -2},
    {.bitmap_index = 26047, .adv_w = 116, .box_w = 7, .box_h = 6, .ofs_x = 0, .ofs_y = -2},
    {.bitmap_index = 26068, .adv_w = 120, .box_w = 7, .box_h = 6, .ofs_x = 0, .ofs_y = -2},
    {.bitmap_index = 26089, .adv_w = 116, .box_w = 7, .box_h = 6, .ofs_x = 0, .ofs_y = -2},
    {.bitmap_index = 26110, .adv_w = 116, .box_w = 7, .box_h = 6, .ofs_x = 0, .ofs_y = -2},
    {.bitmap_index = 26131, .adv_w = 106, .box_w = 6, .box_h = 6, .ofs_x = 0, .ofs_y = -2},
    {.bitmap_index = 26149, .adv_w = 118, .box_w = 7, .box_h = 6, .ofs_x = 0, .ofs_y = -2},
    {.bitmap_index = 26170, .adv_w = 116, .box_w = 7, .box_h = 6, .ofs_x = 0, .ofs_y = -2},
    {.bitmap_index = 26191, .adv_w = 113, .box_w = 5, .box_h = 5, .ofs_x = 1, .ofs_y = -2},
    {.bitmap_index = 26204, .adv_w = 113, .box_w = 5, .box_h = 3, .ofs_x = 1, .ofs_y = -1},
    {.bitmap_index = 26212, .adv_w = 113, .box_w = 5, .box_h = 4, .ofs_x = 1, .ofs_y = -1},
    {.bitmap_index = 26222, .adv_w = 71, .box_w = 3, .box_h = 8, .ofs_x = 1, .ofs_y = -4},
    {.bitmap_index = 26234, .adv_w = 71, .box_w = 4, .box_h = 8, .ofs_x = 0, .ofs_y = -4},
    {.bitmap_index = 26250, .adv_w = 105, .box_w = 6, .box_h = 5, .ofs_x = 0, .ofs_y = -2},
    {.bitmap_index = 26265, .adv_w = 108, .box_w = 7, .box_h = 5, .ofs_x = 0, .ofs_y = -2},
    {.bitmap_index = 26283, .adv_w = 111, .box_w = 7, .box_h = 5, .ofs_x = 0, .ofs_y = -2},
    {.bitmap_index = 26301, .adv_w = 106, .box_w = 7, .box_h = 5, .ofs_x = 0, .ofs_y = -2},
    {.bitmap_index = 26319, .adv_w = 118, .box_w = 7, .box_h = 8, .ofs_x = 0, .ofs_y = -4},
    {.bitmap_index = 26347, .adv_w = 114, .box_w = 7, .box_h = 6, .ofs_x = 0, .ofs_y = -2},
    {.bitmap_index = 26368, .adv_w = 104, .box_w = 7, .box_h = 6, .ofs_x = 0, .ofs_y = -2},
    {.bitmap_index = 26389, .adv_w = 53, .box_w = 3, .box_h = 6, .ofs_x = 0, .ofs_y = -2},
    {.bitmap_index = 26398, .adv_w = 162, .box_w = 10, .box_h = 5, .ofs_x = 0, .ofs_y = -2},
    {.bitmap_index = 26423, .adv_w = 114, .box_w = 7, .box_h = 5, .ofs_x = 0, .ofs_y = -2},
    {.bitmap_index = 26441, .adv_w = 114, .box_w = 7, .box_h = 7, .ofs_x = 0, .ofs_y = -4},
    {.bitmap_index = 26466, .adv_w = 102, .box_w = 6, .box_h = 5, .ofs_x = 0, .ofs_y = -2},
    {.bitmap_index = 26481, .adv_w = 65, .box_w = 4, .box_h = 6, .ofs_x = 0, .ofs_y = -2},
    {.bitmap_index = 26493, .adv_w = 189, .box_w = 10, .box_h = 12, .ofs_x = 1, .ofs_y = 0},
    {.bitmap_index = 26553, .adv_w = 188, .box_w = 11, .box_h = 16, .ofs_x = 0, .ofs_y = -2},
    {.bitmap_index = 26641, .adv_w = 187, .box_w = 11, .box_h = 12, .ofs_x = 0, .ofs_y = 0},
    {.bitmap_index = 26707, .adv_w = 155, .box_w = 10, .box_h = 12, .ofs_x = -1, .ofs_y = 0},
    {.bitmap_index = 26767, .adv_w = 159, .box_w = 10, .box_h = 12, .ofs_x = 0, .ofs_y = 0},
    {.bitmap_index = 26827, .adv_w = 220, .box_w = 12, .box_h = 12, .ofs_x = 1, .ofs_y = -1},
    {.bitmap_index = 26899, .adv_w = 196, .box_w = 12, .box_h = 12, .ofs_x = 0, .ofs_y = 0},
    {.bitmap_index = 26971, .adv_w = 251, .box_w = 15, .box_h = 12, .ofs_x = 1, .ofs_y = 0},
    {.bitmap_index = 27061, .adv_w = 291, .box_w = 17, .box_h = 12, .ofs_x = 1, .ofs_y = 0},
    {.bitmap_index = 27163, .adv_w = 252, .box_w = 16, .box_h = 12, .ofs_x = 0, .ofs_y = 0},
    {.bitmap_index = 27259, .adv_w = 218, .box_w = 12, .box_h = 9, .ofs_x = 1, .ofs_y = 0},
    {.bitmap_index = 27313, .adv_w = 158, .box_w = 10, .box_h = 15, .ofs_x = 0, .ofs_y = -3},
    {.bitmap_index = 27388, .adv_w = 172, .box_w = 10, .box_h = 12, .ofs_x = 0, .ofs_y = 0},
    {.bitmap_index = 27448, .adv_w = 190, .box_w = 12, .box_h = 12, .ofs_x = 0, .ofs_y = 0},
    {.bitmap_index = 27520, .adv_w = 167, .box_w = 10, .box_h = 12, .ofs_x = 0, .ofs_y = 0},
    {.bitmap_index = 27580, .adv_w = 362, .box_w = 22, .box_h = 17, .ofs_x = 0, .ofs_y = -3},
    {.bitmap_index = 27767, .adv_w = 175, .box_w = 11, .box_h = 12, .ofs_x = 0, .ofs_y = 0},
    {.bitmap_index = 27833, .adv_w = 191, .box_w = 12, .box_h = 16, .ofs_x = 0, .ofs_y = -2},
    {.bitmap_index = 27929, .adv_w = 182, .box_w = 11, .box_h = 12, .ofs_x = 0, .ofs_y = 0},
    {.bitmap_index = 27995, .adv_w = 171, .box_w = 9, .box_h = 12, .ofs_x = 1, .ofs_y = 0},
    {.bitmap_index = 28049, .adv_w = 188, .box_w = 11, .box_h = 16, .ofs_x = 0, .ofs_y = -2},
    {.bitmap_index = 28137, .adv_w = 167, .box_w = 10, .box_h = 12, .ofs_x = 0, .ofs_y = 0},
    {.bitmap_index = 28197, .adv_w = 141, .box_w = 9, .box_h = 12, .ofs_x = 0, .ofs_y = 0},
    {.bitmap_index = 28251, .adv_w = 156, .box_w = 9, .box_h = 12, .ofs_x = 0, .ofs_y = 0},
    {.bitmap_index = 28305, .adv_w = 189, .box_w = 10, .box_h = 9, .ofs_x = 1, .ofs_y = 0},
    {.bitmap_index = 28350, .adv_w = 183, .box_w = 11, .box_h = 12, .ofs_x = 0, .ofs_y = 0},
    {.bitmap_index = 28416, .adv_w = 189, .box_w = 10, .box_h = 12, .ofs_x = 1, .ofs_y = 0},
    {.bitmap_index = 28476, .adv_w = 168, .box_w = 9, .box_h = 16, .ofs_x = 1, .ofs_y = -2},
    {.bitmap_index = 28548, .adv_w = 127, .box_w = 8, .box_h = 10, .ofs_x = 0, .ofs_y = 0},
    {.bitmap_index = 28588, .adv_w = 252, .box_w = 16, .box_h = 13, .ofs_x = 0, .ofs_y = -1},
    {.bitmap_index = 28692, .adv_w = 248, .box_w = 15, .box_h = 13, .ofs_x = 0, .ofs_y = -1},
    {.bitmap_index = 28790, .adv_w = 301, .box_w = 19, .box_h = 13, .ofs_x = 0, .ofs_y = -1},
    {.bitmap_index = 28914, .adv_w = 253, .box_w = 16, .box_h = 13, .ofs_x = 0, .ofs_y = -1},
    {.bitmap_index = 29018, .adv_w = 263, .box_w = 16, .box_h = 13, .ofs_x = 0, .ofs_y = -1},
    {.bitmap_index = 29122, .adv_w = 268, .box_w = 17, .box_h = 13, .ofs_x = 0, .ofs_y = -1},
    {.bitmap_index = 29233, .adv_w = 119, .box_w = 7, .box_h = 12, .ofs_x = 0, .ofs_y = 0},
    {.bitmap_index = 29275, .adv_w = 281, .box_w = 16, .box_h = 12, .ofs_x = 1, .ofs_y = 0},
    {.bitmap_index = 29371, .adv_w = 234, .box_w = 13, .box_h = 13, .ofs_x = 1, .ofs_y = -1},
    {.bitmap_index = 29456, .adv_w = 183, .box_w = 10, .box_h = 12, .ofs_x = 1, .ofs_y = 0},
    {.bitmap_index = 29516, .adv_w = 166, .box_w = 10, .box_h = 18, .ofs_x = 1, .ofs_y = -3},
    {.bitmap_index = 29606, .adv_w = 157, .box_w = 9, .box_h = 5, .ofs_x = 0, .ofs_y = 7},
    {.bitmap_index = 29629, .adv_w = 183, .box_w = 11, .box_h = 5, .ofs_x = 0, .ofs_y = 7},
    {.bitmap_index = 29657, .adv_w = 159, .box_w = 10, .box_h = 5, .ofs_x = 0, .ofs_y = 7},
    {.bitmap_index = 29682, .adv_w = 198, .box_w = 12, .box_h = 12, .ofs_x = 0, .ofs_y = 0},
    {.bitmap_index = 29754, .adv_w = 176, .box_w = 10, .box_h = 12, .ofs_x = 1, .ofs_y = 0},
    {.bitmap_index = 29814, .adv_w = 182, .box_w = 12, .box_h = 17, .ofs_x = 0, .ofs_y = -1},
    {.bitmap_index = 29916, .adv_w = 165, .box_w = 9, .box_h = 9, .ofs_x = 1, .ofs_y = 0},
    {.bitmap_index = 29957, .adv_w = 151, .box_w = 9, .box_h = 12, .ofs_x = 0, .ofs_y = 0},
    {.bitmap_index = 30011, .adv_w = 193, .box_w = 12, .box_h = 5, .ofs_x = 0, .ofs_y = 7},
    {.bitmap_index = 30041, .adv_w = 233, .box_w = 14, .box_h = 13, .ofs_x = 0, .ofs_y = -1},
    {.bitmap_index = 30132, .adv_w = 228, .box_w = 14, .box_h = 12, .ofs_x = 0, .ofs_y = 0},
    {.bitmap_index = 30216, .adv_w = 224, .box_w = 14, .box_h = 12, .ofs_x = 0, .ofs_y = 0},
    {.bitmap_index = 30300, .adv_w = 293, .box_w = 18, .box_h = 12, .ofs_x = 0, .ofs_y = 0},
    {.bitmap_index = 30408, .adv_w = 224, .box_w = 14, .box_h = 12, .ofs_x = 0, .ofs_y = 0},
    {.bitmap_index = 30492, .adv_w = 249, .box_w = 15, .box_h = 12, .ofs_x = 0, .ofs_y = 0},
    {.bitmap_index = 30582, .adv_w = 224, .box_w = 14, .box_h = 12, .ofs_x = 0, .ofs_y = 0},
    {.bitmap_index = 30666, .adv_w = 249, .box_w = 15, .box_h = 12, .ofs_x = 0, .ofs_y = 0},
    {.bitmap_index = 30756, .adv_w = 244, .box_w = 15, .box_h = 12, .ofs_x = 0, .ofs_y = 0},
    {.bitmap_index = 30846, .adv_w = 251, .box_w = 16, .box_h = 12, .ofs_x = 0, .ofs_y = 0},
    {.bitmap_index = 30942, .adv_w = 224, .box_w = 14, .box_h = 12, .ofs_x = 0, .ofs_y = 0},
    {.bitmap_index = 31026, .adv_w = 246, .box_w = 15, .box_h = 12, .ofs_x = 0, .ofs_y = 0},
    {.bitmap_index = 31116, .adv_w = 223, .box_w = 14, .box_h = 12, .ofs_x = 0, .ofs_y = 0},
    {.bitmap_index = 31200, .adv_w = 243, .box_w = 15, .box_h = 12, .ofs_x = 0, .ofs_y = 0},
    {.bitmap_index = 31290, .adv_w = 245, .box_w = 15, .box_h = 12, .ofs_x = 0, .ofs_y = 0},
    {.bitmap_index = 31380, .adv_w = 214, .box_w = 13, .box_h = 12, .ofs_x = 0, .ofs_y = 0},
    {.bitmap_index = 31458, .adv_w = 125, .box_w = 11, .box_h = 12, .ofs_x = 0, .ofs_y = 0},
    {.bitmap_index = 31524, .adv_w = 70, .box_w = 3, .box_h = 12, .ofs_x = 1, .ofs_y = 0},
    {.bitmap_index = 31542, .adv_w = 140, .box_w = 7, .box_h = 12, .ofs_x = 1, .ofs_y = 0},
    {.bitmap_index = 31584, .adv_w = 209, .box_w = 11, .box_h = 12, .ofs_x = 1, .ofs_y = 0},
    {.bitmap_index = 31650, .adv_w = 251, .box_w = 15, .box_h = 12, .ofs_x = 1, .ofs_y = 0},
    {.bitmap_index = 31740, .adv_w = 182, .box_w = 11, .box_h = 12, .ofs_x = 0, .ofs_y = 0},
    {.bitmap_index = 31806, .adv_w = 251, .box_w = 15, .box_h = 12, .ofs_x = 0, .ofs_y = 0},
    {.bitmap_index = 31896, .adv_w = 321, .box_w = 19, .box_h = 12, .ofs_x = 0, .ofs_y = 0},
    {.bitmap_index = 32010, .adv_w = 391, .box_w = 24, .box_h = 12, .ofs_x = 0, .ofs_y = 0},
    {.bitmap_index = 32154, .adv_w = 249, .box_w = 15, .box_h = 12, .ofs_x = 1, .ofs_y = 0},
    {.bitmap_index = 32244, .adv_w = 179, .box_w = 11, .box_h = 12, .ofs_x = 0, .ofs_y = 0},
    {.bitmap_index = 32310, .adv_w = 249, .box_w = 15, .box_h = 12, .ofs_x = 0, .ofs_y = 0},
    {.bitmap_index = 32400, .adv_w = 319, .box_w = 19, .box_h = 12, .ofs_x = 0, .ofs_y = 0},
    {.bitmap_index = 32514, .adv_w = 145, .box_w = 8, .box_h = 12, .ofs_x = 1, .ofs_y = 0},
    {.bitmap_index = 32562, .adv_w = 188, .box_w = 11, .box_h = 12, .ofs_x = 0, .ofs_y = 0},
    {.bitmap_index = 32628, .adv_w = 185, .box_w = 10, .box_h = 12, .ofs_x = 1, .ofs_y = 0},
    {.bitmap_index = 32688, .adv_w = 234, .box_w = 13, .box_h = 12, .ofs_x = 1, .ofs_y = 0},
    {.bitmap_index = 32766, .adv_w = 70, .box_w = 4, .box_h = 12, .ofs_x = 0, .ofs_y = 0},
    {.bitmap_index = 32790, .adv_w = 129, .box_w = 8, .box_h = 12, .ofs_x = 0, .ofs_y = 0},
    {.bitmap_index = 32838, .adv_w = 193, .box_w = 12, .box_h = 12, .ofs_x = 0, .ofs_y = 0},
    {.bitmap_index = 32910, .adv_w = 212, .box_w = 13, .box_h = 12, .ofs_x = 0, .ofs_y = 0},
    {.bitmap_index = 32988, .adv_w = 141, .box_w = 9, .box_h = 9, .ofs_x = 0, .ofs_y = 0},
    {.bitmap_index = 33029, .adv_w = 194, .box_w = 12, .box_h = 12, .ofs_x = 0, .ofs_y = 0},
    {.bitmap_index = 33101, .adv_w = 276, .box_w = 17, .box_h = 12, .ofs_x = 0, .ofs_y = 0},
    {.bitmap_index = 33203, .adv_w = 341, .box_w = 21, .box_h = 12, .ofs_x = 0, .ofs_y = 0},
    {.bitmap_index = 33329, .adv_w = 207, .box_w = 13, .box_h = 12, .ofs_x = 0, .ofs_y = 0},
    {.bitmap_index = 33407, .adv_w = 142, .box_w = 9, .box_h = 9, .ofs_x = 0, .ofs_y = 0},
    {.bitmap_index = 33448, .adv_w = 207, .box_w = 13, .box_h = 12, .ofs_x = 0, .ofs_y = 0},
    {.bitmap_index = 33526, .adv_w = 272, .box_w = 17, .box_h = 12, .ofs_x = 0, .ofs_y = 0},
    {.bitmap_index = 33628, .adv_w = 65, .box_w = 2, .box_h = 12, .ofs_x = 1, .ofs_y = 0},
    {.bitmap_index = 33640, .adv_w = 148, .box_w = 9, .box_h = 9, .ofs_x = 0, .ofs_y = 0},
    {.bitmap_index = 33681, .adv_w = 158, .box_w = 9, .box_h = 12, .ofs_x = 0, .ofs_y = 0},
    {.bitmap_index = 33735, .adv_w = 227, .box_w = 13, .box_h = 9, .ofs_x = 1, .ofs_y = 0},
    {.bitmap_index = 33794, .adv_w = 171, .box_w = 10, .box_h = 12, .ofs_x = 0, .ofs_y = 0},
    {.bitmap_index = 33854, .adv_w = 141, .box_w = 9, .box_h = 9, .ofs_x = 0, .ofs_y = 0},
    {.bitmap_index = 33895, .adv_w = 189, .box_w = 10, .box_h = 15, .ofs_x = 1, .ofs_y = -3},
    {.bitmap_index = 33970, .adv_w = 219, .box_w = 12, .box_h = 12, .ofs_x = 1, .ofs_y = 0},
    {.bitmap_index = 34042, .adv_w = 249, .box_w = 15, .box_h = 12, .ofs_x = 0, .ofs_y = 0},
    {.bitmap_index = 34132, .adv_w = 244, .box_w = 13, .box_h = 12, .ofs_x = 1, .ofs_y = -1},
    {.bitmap_index = 34210, .adv_w = 220, .box_w = 12, .box_h = 12, .ofs_x = 1, .ofs_y = 0},
    {.bitmap_index = 34282, .adv_w = 244, .box_w = 12, .box_h = 12, .ofs_x = 2, .ofs_y = -1},
    {.bitmap_index = 34354, .adv_w = 220, .box_w = 12, .box_h = 13, .ofs_x = 1, .ofs_y = -1},
    {.bitmap_index = 34432, .adv_w = 343, .box_w = 19, .box_h = 11, .ofs_x = 1, .ofs_y = 0},
    {.bitmap_index = 34537, .adv_w = 216, .box_w = 11, .box_h = 20, .ofs_x = 1, .ofs_y = -5},
    {.bitmap_index = 34647, .adv_w = 199, .box_w = 10, .box_h = 10, .ofs_x = 1, .ofs_y = -1},
    {.bitmap_index = 34697, .adv_w = 199, .box_w = 10, .box_h = 10, .ofs_x = 1, .ofs_y = -1},
    {.bitmap_index = 34747, .adv_w = 199, .box_w = 10, .box_h = 9, .ofs_x = 1, .ofs_y = 0},
    {.bitmap_index = 34792, .adv_w = 199, .box_w = 10, .box_h = 9, .ofs_x = 1, .ofs_y = 0},
    {.bitmap_index = 34837, .adv_w = 294, .box_w = 16, .box_h = 13, .ofs_x = 1, .ofs_y = -1},
    {.bitmap_index = 34941, .adv_w = 294, .box_w = 16, .box_h = 13, .ofs_x = 1, .ofs_y = -1},
    {.bitmap_index = 35045, .adv_w = 255, .box_w = 14, .box_h = 12, .ofs_x = 1, .ofs_y = 0},
    {.bitmap_index = 35129, .adv_w = 255, .box_w = 14, .box_h = 12, .ofs_x = 1, .ofs_y = 0},
    {.bitmap_index = 35213, .adv_w = 255, .box_w = 14, .box_h = 11, .ofs_x = 1, .ofs_y = 1},
    {.bitmap_index = 35290, .adv_w = 219, .box_w = 12, .box_h = 13, .ofs_x = 1, .ofs_y = -1},
    {.bitmap_index = 35368, .adv_w = 255, .box_w = 14, .box_h = 11, .ofs_x = 1, .ofs_y = 1},
    {.bitmap_index = 35445, .adv_w = 244, .box_w = 13, .box_h = 15, .ofs_x = 1, .ofs_y = 0},
    {.bitmap_index = 35543, .adv_w = 244, .box_w = 13, .box_h = 15, .ofs_x = 1, .ofs_y = 0},
    {.bitmap_index = 35641, .adv_w = 244, .box_w = 13, .box_h = 12, .ofs_x = 1, .ofs_y = -1},
    {.bitmap_index = 35719, .adv_w = 244, .box_w = 12, .box_h = 12, .ofs_x = 2, .ofs_y = -1},
    {.bitmap_index = 35791, .adv_w = 343, .box_w = 19, .box_h = 12, .ofs_x = 1, .ofs_y = -1},
    {.bitmap_index = 35905, .adv_w = 158, .box_w = 8, .box_h = 12, .ofs_x = 1, .ofs_y = 0},
    {.bitmap_index = 35953, .adv_w = 158, .box_w = 8, .box_h = 13, .ofs_x = 1, .ofs_y = -1},
    {.bitmap_index = 36005, .adv_w = 263, .box_w = 14, .box_h = 8, .ofs_x = 1, .ofs_y = 2},
    {.bitmap_index = 36061, .adv_w = 263, .box_w = 14, .box_h = 8, .ofs_x = 1, .ofs_y = 2},
    {.bitmap_index = 36117, .adv_w = 270, .box_w = 15, .box_h = 13, .ofs_x = 1, .ofs_y = 0},
    {.bitmap_index = 36215, .adv_w = 270, .box_w = 15, .box_h = 16, .ofs_x = 1, .ofs_y = -3},
    {.bitmap_index = 36335, .adv_w = 165, .box_w = 9, .box_h = 13, .ofs_x = 1, .ofs_y = -1},
    {.bitmap_index = 36394, .adv_w = 176, .box_w = 11, .box_h = 11, .ofs_x = 0, .ofs_y = -1},
    {.bitmap_index = 36455, .adv_w = 180, .box_w = 11, .box_h = 12, .ofs_x = 0, .ofs_y = 0},
    {.bitmap_index = 36521, .adv_w = 189, .box_w = 10, .box_h = 14, .ofs_x = 1, .ofs_y = -2},
    {.bitmap_index = 36591, .adv_w = 171, .box_w = 10, .box_h = 15, .ofs_x = 0, .ofs_y = -3},
    {.bitmap_index = 36666, .adv_w = 171, .box_w = 9, .box_h = 3, .ofs_x = 1, .ofs_y = 3},
    {.bitmap_index = 36680, .adv_w = 165, .box_w = 10, .box_h = 12, .ofs_x = 0, .ofs_y = 0},
    {.bitmap_index = 36740, .adv_w = 243, .box_w = 15, .box_h = 8, .ofs_x = 0, .ofs_y = 1},
    {.bitmap_index = 36800, .adv_w = 96, .box_w = 7, .box_h = 17, .ofs_x = -1, .ofs_y = -4},
    {.bitmap_index = 36860, .adv_w = 78, .box_w = 3, .box_h = 10, .ofs_x = 1, .ofs_y = 1},
    {.bitmap_index = 36875, .adv_w = 171, .box_w = 9, .box_h = 7, .ofs_x = 1, .ofs_y = 1},
    {.bitmap_index = 36907, .adv_w = 171, .box_w = 8, .box_h = 9, .ofs_x = 1, .ofs_y = 0},
    {.bitmap_index = 36943, .adv_w = 171, .box_w = 9, .box_h = 10, .ofs_x = 1, .ofs_y = 0},
    {.bitmap_index = 36988, .adv_w = 171, .box_w = 9, .box_h = 10, .ofs_x = 1, .ofs_y = 0},
    {.bitmap_index = 37033, .adv_w = 356, .box_w = 23, .box_h = 23, .ofs_x = 0, .ofs_y = -6},
    {.bitmap_index = 37298, .adv_w = 356, .box_w = 23, .box_h = 23, .ofs_x = 0, .ofs_y = -6},
    {.bitmap_index = 37563, .adv_w = 356, .box_w = 23, .box_h = 23, .ofs_x = 0, .ofs_y = -6},
    {.bitmap_index = 37828, .adv_w = 356, .box_w = 23, .box_h = 23, .ofs_x = 0, .ofs_y = -6},
    {.bitmap_index = 38093, .adv_w = 202, .box_w = 11, .box_h = 6, .ofs_x = 1, .ofs_y = 6},
    {.bitmap_index = 38126, .adv_w = 202, .box_w = 11, .box_h = 7, .ofs_x = 1, .ofs_y = -1},
    {.bitmap_index = 38165, .adv_w = 202, .box_w = 11, .box_h = 10, .ofs_x = 1, .ofs_y = 2},
    {.bitmap_index = 38220, .adv_w = 254, .box_w = 13, .box_h = 13, .ofs_x = 1, .ofs_y = -1},
    {.bitmap_index = 38305, .adv_w = 262, .box_w = 14, .box_h = 12, .ofs_x = 1, .ofs_y = 0},
    {.bitmap_index = 38389, .adv_w = 311, .box_w = 18, .box_h = 12, .ofs_x = 1, .ofs_y = 0},
    {.bitmap_index = 38497, .adv_w = 261, .box_w = 15, .box_h = 12, .ofs_x = 1, .ofs_y = 0},
    {.bitmap_index = 38587, .adv_w = 311, .box_w = 17, .box_h = 12, .ofs_x = 1, .ofs_y = 0},
    {.bitmap_index = 38689, .adv_w = 204, .box_w = 12, .box_h = 12, .ofs_x = 0, .ofs_y = -1},
    {.bitmap_index = 38761, .adv_w = 262, .box_w = 14, .box_h = 12, .ofs_x = 1, .ofs_y = 0},
    {.bitmap_index = 38845, .adv_w = 244, .box_w = 13, .box_h = 12, .ofs_x = 1, .ofs_y = 0},
    {.bitmap_index = 38923, .adv_w = 255, .box_w = 14, .box_h = 11, .ofs_x = 1, .ofs_y = 1},
    {.bitmap_index = 39000, .adv_w = 221, .box_w = 12, .box_h = 11, .ofs_x = 1, .ofs_y = 1},
    {.bitmap_index = 39066, .adv_w = 234, .box_w = 13, .box_h = 12, .ofs_x = 1, .ofs_y = 0},
    {.bitmap_index = 39144, .adv_w = 234, .box_w = 13, .box_h = 12, .ofs_x = 1, .ofs_y = 0},
    {.bitmap_index = 39222, .adv_w = 234, .box_w = 13, .box_h = 12, .ofs_x = 1, .ofs_y = 0},
    {.bitmap_index = 39300, .adv_w = 137, .box_w = 6, .box_h = 5, .ofs_x = 1, .ofs_y = 2},
    {.bitmap_index = 39315, .adv_w = 262, .box_w = 16, .box_h = 13, .ofs_x = 0, .ofs_y = 0},
    {.bitmap_index = 39419, .adv_w = 262, .box_w = 16, .box_h = 13, .ofs_x = 0, .ofs_y = 0},
    {.bitmap_index = 39523, .adv_w = 238, .box_w = 14, .box_h = 16, .ofs_x = 1, .ofs_y = -2},
    {.bitmap_index = 39635, .adv_w = 238, .box_w = 14, .box_h = 16, .ofs_x = 1, .ofs_y = -2},
    {.bitmap_index = 39747, .adv_w = 238, .box_w = 14, .box_h = 16, .ofs_x = 1, .ofs_y = -2},
    {.bitmap_index = 39859, .adv_w = 238, .box_w = 14, .box_h = 16, .ofs_x = 1, .ofs_y = -2},
    {.bitmap_index = 39971, .adv_w = 262, .box_w = 16, .box_h = 13, .ofs_x = 0, .ofs_y = -1},
    {.bitmap_index = 40075, .adv_w = 262, .box_w = 16, .box_h = 13, .ofs_x = 0, .ofs_y = -1},
    {.bitmap_index = 40179, .adv_w = 238, .box_w = 14, .box_h = 16, .ofs_x = 0, .ofs_y = -2},
    {.bitmap_index = 40291, .adv_w = 238, .box_w = 14, .box_h = 16, .ofs_x = 0, .ofs_y = -2},
    {.bitmap_index = 40403, .adv_w = 238, .box_w = 14, .box_h = 16, .ofs_x = 0, .ofs_y = -2},
    {.bitmap_index = 40515, .adv_w = 238, .box_w = 14, .box_h = 16, .ofs_x = 0, .ofs_y = -2},
    {.bitmap_index = 40627, .adv_w = 270, .box_w = 17, .box_h = 16, .ofs_x = 0, .ofs_y = -2},
    {.bitmap_index = 40763, .adv_w = 270, .box_w = 17, .box_h = 16, .ofs_x = 0, .ofs_y = -2},
    {.bitmap_index = 40899, .adv_w = 145, .box_w = 9, .box_h = 12, .ofs_x = 0, .ofs_y = 0},
    {.bitmap_index = 40953, .adv_w = 234, .box_w = 13, .box_h = 13, .ofs_x = 1, .ofs_y = -1},
    {.bitmap_index = 41038, .adv_w = 234, .box_w = 13, .box_h = 13, .ofs_x = 1, .ofs_y = -1},
    {.bitmap_index = 41123, .adv_w = 137, .box_w = 6, .box_h = 6, .ofs_x = 1, .ofs_y = 2},
    {.bitmap_index = 41141, .adv_w = 356, .box_w = 23, .box_h = 23, .ofs_x = 0, .ofs_y = -6},
    {.bitmap_index = 41406, .adv_w = 274, .box_w = 15, .box_h = 15, .ofs_x = 1, .ofs_y = -2},
    {.bitmap_index = 41519, .adv_w = 268, .box_w = 15, .box_h = 15, .ofs_x = 1, .ofs_y = -1},
    {.bitmap_index = 41632, .adv_w = 268, .box_w = 15, .box_h = 15, .ofs_x = 1, .ofs_y = -1},
    {.bitmap_index = 41745, .adv_w = 274, .box_w = 15, .box_h = 15, .ofs_x = 1, .ofs_y = -2},
    {.bitmap_index = 41858, .adv_w = 262, .box_w = 15, .box_h = 13, .ofs_x = 1, .ofs_y = -1},
    {.bitmap_index = 41956, .adv_w = 262, .box_w = 15, .box_h = 13, .ofs_x = 1, .ofs_y = -1},
    {.bitmap_index = 42054, .adv_w = 198, .box_w = 11, .box_h = 14, .ofs_x = 1, .ofs_y = -2},
    {.bitmap_index = 42131, .adv_w = 253, .box_w = 14, .box_h = 15, .ofs_x = 1, .ofs_y = -2},
    {.bitmap_index = 42236, .adv_w = 263, .box_w = 16, .box_h = 14, .ofs_x = 0, .ofs_y = 0},
    {.bitmap_index = 42348, .adv_w = 226, .box_w = 12, .box_h = 9, .ofs_x = 1, .ofs_y = 1},
    {.bitmap_index = 42402, .adv_w = 227, .box_w = 10, .box_h = 9, .ofs_x = 2, .ofs_y = 1},
    {.bitmap_index = 42447, .adv_w = 270, .box_w = 17, .box_h = 16, .ofs_x = 0, .ofs_y = -2},
    {.bitmap_index = 42583, .adv_w = 262, .box_w = 15, .box_h = 13, .ofs_x = 1, .ofs_y = -1},
    {.bitmap_index = 42681, .adv_w = 356, .box_w = 23, .box_h = 23, .ofs_x = 0, .ofs_y = -6},
    {.bitmap_index = 42946, .adv_w = 356, .box_w = 23, .box_h = 23, .ofs_x = 0, .ofs_y = -6},
    {.bitmap_index = 43211, .adv_w = 356, .box_w = 23, .box_h = 23, .ofs_x = 0, .ofs_y = -6},
    {.bitmap_index = 43476, .adv_w = 356, .box_w = 23, .box_h = 23, .ofs_x = 0, .ofs_y = -6},
    {.bitmap_index = 43741, .adv_w = 356, .box_w = 23, .box_h = 23, .ofs_x = 0, .ofs_y = -6},
    {.bitmap_index = 44006, .adv_w = 356, .box_w = 23, .box_h = 23, .ofs_x = 0, .ofs_y = -6},
    {.bitmap_index = 44271, .adv_w = 356, .box_w = 23, .box_h = 23, .ofs_x = 0, .ofs_y = -6},
    {.bitmap_index = 44536, .adv_w = 356, .box_w = 23, .box_h = 23, .ofs_x = 0, .ofs_y = -6},
    {.bitmap_index = 44801, .adv_w = 356, .box_w = 23, .box_h = 23, .ofs_x = 0, .ofs_y = -6},
    {.bitmap_index = 45066, .adv_w = 256, .box_w = 16, .box_h = 17, .ofs_x = 0, .ofs_y = -2},
    {.bitmap_index = 45202, .adv_w = 256, .box_w = 18, .box_h = 15, .ofs_x = -1, .ofs_y = -1},
    {.bitmap_index = 45337, .adv_w = 288, .box_w = 18, .box_h = 17, .ofs_x = 0, .ofs_y = -3},
    {.bitmap_index = 45490, .adv_w = 256, .box_w = 16, .box_h = 12, .ofs_x = 0, .ofs_y = 0},
    {.bitmap_index = 45586, .adv_w = 256, .box_w = 16, .box_h = 14, .ofs_x = 0, .ofs_y = -1},
    {.bitmap_index = 45698, .adv_w = 256, .box_w = 16, .box_h = 12, .ofs_x = 0, .ofs_y = 0},
    {.bitmap_index = 45794, .adv_w = 176, .box_w = 11, .box_h = 12, .ofs_x = 0, .ofs_y = 0},
    {.bitmap_index = 45860, .adv_w = 256, .box_w = 16, .box_h = 16, .ofs_x = 0, .ofs_y = -2},
    {.bitmap_index = 45988, .adv_w = 256, .box_w = 16, .box_h = 16, .ofs_x = 0, .ofs_y = -2},
    {.bitmap_index = 46116, .adv_w = 288, .box_w = 18, .box_h = 14, .ofs_x = 0, .ofs_y = -1},
    {.bitmap_index = 46242, .adv_w = 256, .box_w = 16, .box_h = 16, .ofs_x = 0, .ofs_y = -2},
    {.bitmap_index = 46370, .adv_w = 256, .box_w = 16, .box_h = 16, .ofs_x = 0, .ofs_y = -2},
    {.bitmap_index = 46498, .adv_w = 288, .box_w = 18, .box_h = 12, .ofs_x = 0, .ofs_y = 0},
    {.bitmap_index = 46606, .adv_w = 256, .box_w = 16, .box_h = 16, .ofs_x = 0, .ofs_y = -2},
    {.bitmap_index = 46734, .adv_w = 128, .box_w = 8, .box_h = 14, .ofs_x = 0, .ofs_y = -1},
    {.bitmap_index = 46790, .adv_w = 192, .box_w = 12, .box_h = 14, .ofs_x = 0, .ofs_y = -1},
    {.bitmap_index = 46874, .adv_w = 288, .box_w = 18, .box_h = 16, .ofs_x = 0, .ofs_y = -2},
    {.bitmap_index = 47018, .adv_w = 256, .box_w = 16, .box_h = 14, .ofs_x = 0, .ofs_y = -1},
    {.bitmap_index = 47130, .adv_w = 256, .box_w = 16, .box_h = 12, .ofs_x = 0, .ofs_y = 0},
    {.bitmap_index = 47226, .adv_w = 176, .box_w = 11, .box_h = 16, .ofs_x = 0, .ofs_y = -2},
    {.bitmap_index = 47314, .adv_w = 224, .box_w = 10, .box_h = 16, .ofs_x = 2, .ofs_y = -2},
    {.bitmap_index = 47394, .adv_w = 224, .box_w = 14, .box_h = 18, .ofs_x = 0, .ofs_y = -3},
    {.bitmap_index = 47520, .adv_w = 224, .box_w = 14, .box_h = 15, .ofs_x = 0, .ofs_y = -1},
    {.bitmap_index = 47625, .adv_w = 224, .box_w = 14, .box_h = 14, .ofs_x = 0, .ofs_y = -1},
    {.bitmap_index = 47723, .adv_w = 224, .box_w = 10, .box_h = 16, .ofs_x = 2, .ofs_y = -2},
    {.bitmap_index = 47803, .adv_w = 224, .box_w = 16, .box_h = 14, .ofs_x = -1, .ofs_y = -1},
    {.bitmap_index = 47915, .adv_w = 160, .box_w = 10, .box_h = 14, .ofs_x = 0, .ofs_y = -1},
    {.bitmap_index = 47985, .adv_w = 160, .box_w = 10, .box_h = 14, .ofs_x = 0, .ofs_y = -1},
    {.bitmap_index = 48055, .adv_w = 224, .box_w = 14, .box_h = 14, .ofs_x = 0, .ofs_y = -1},
    {.bitmap_index = 48153, .adv_w = 224, .box_w = 14, .box_h = 4, .ofs_x = 0, .ofs_y = 4},
    {.bitmap_index = 48181, .adv_w = 256, .box_w = 16, .box_h = 14, .ofs_x = 0, .ofs_y = -1},
    {.bitmap_index = 48293, .adv_w = 192, .box_w = 12, .box_h = 17, .ofs_x = 0, .ofs_y = -2},
    {.bitmap_index = 48395, .adv_w = 288, .box_w = 18, .box_h = 12, .ofs_x = 0, .ofs_y = 0},
    {.bitmap_index = 48503, .adv_w = 320, .box_w = 20, .box_h = 16, .ofs_x = 0, .ofs_y = -2},
    {.bitmap_index = 48663, .adv_w = 288, .box_w = 20, .box_h = 16, .ofs_x = -1, .ofs_y = -2},
    {.bitmap_index = 48823, .adv_w = 288, .box_w = 19, .box_h = 16, .ofs_x = -1, .ofs_y = -2},
    {.bitmap_index = 48975, .adv_w = 256, .box_w = 16, .box_h = 16, .ofs_x = 0, .ofs_y = -2},
    {.bitmap_index = 49103, .adv_w = 224, .box_w = 14, .box_h = 10, .ofs_x = 0, .ofs_y = 1},
    {.bitmap_index = 49173, .adv_w = 224, .box_w = 14, .box_h = 10, .ofs_x = 0, .ofs_y = 1},
    {.bitmap_index = 49243, .adv_w = 320, .box_w = 20, .box_h = 14, .ofs_x = 0, .ofs_y = -1},
    {.bitmap_index = 49383, .adv_w = 288, .box_w = 20, .box_h = 16, .ofs_x = -1, .ofs_y = -2},
    {.bitmap_index = 49543, .adv_w = 256, .box_w = 16, .box_h = 12, .ofs_x = 0, .ofs_y = 0},
    {.bitmap_index = 49639, .adv_w = 288, .box_w = 18, .box_h = 16, .ofs_x = 0, .ofs_y = -2},
    {.bitmap_index = 49783, .adv_w = 256, .box_w = 16, .box_h = 16, .ofs_x = 0, .ofs_y = -2},
    {.bitmap_index = 49911, .adv_w = 256, .box_w = 17, .box_h = 17, .ofs_x = -1, .ofs_y = -2},
    {.bitmap_index = 50056, .adv_w = 256, .box_w = 16, .box_h = 12, .ofs_x = 0, .ofs_y = 0},
    {.bitmap_index = 50152, .adv_w = 192, .box_w = 12, .box_h = 16, .ofs_x = 0, .ofs_y = -2},
    {.bitmap_index = 50248, .adv_w = 320, .box_w = 20, .box_h = 14, .ofs_x = 0, .ofs_y = -1},
    {.bitmap_index = 50388, .adv_w = 224, .box_w = 15, .box_h = 14, .ofs_x = 0, .ofs_y = -1},
    {.bitmap_index = 50493, .adv_w = 224, .box_w = 14, .box_h = 16, .ofs_x = 0, .ofs_y = -2},
    {.bitmap_index = 50605, .adv_w = 224, .box_w = 14, .box_h = 14, .ofs_x = 0, .ofs_y = -1},
    {.bitmap_index = 50703, .adv_w = 224, .box_w = 14, .box_h = 14, .ofs_x = 0, .ofs_y = -1},
    {.bitmap_index = 50801, .adv_w = 256, .box_w = 16, .box_h = 12, .ofs_x = 0, .ofs_y = 0},
    {.bitmap_index = 50897, .adv_w = 160, .box_w = 12, .box_h = 16, .ofs_x = -1, .ofs_y = -2},
    {.bitmap_index = 50993, .adv_w = 288, .box_w = 20, .box_h = 16, .ofs_x = -1, .ofs_y = -2},
    {.bitmap_index = 51153, .adv_w = 224, .box_w = 14, .box_h = 16, .ofs_x = 0, .ofs_y = -2},
    {.bitmap_index = 51265, .adv_w = 224, .box_w = 14, .box_h = 16, .ofs_x = 0, .ofs_y = -2},
    {.bitmap_index = 51377, .adv_w = 320, .box_w = 21, .box_h = 14, .ofs_x = -1, .ofs_y = -1},
    {.bitmap_index = 51524, .adv_w = 224, .box_w = 14, .box_h = 14, .ofs_x = 0, .ofs_y = -1},
    {.bitmap_index = 51622, .adv_w = 248, .box_w = 16, .box_h = 16, .ofs_x = 0, .ofs_y = -2},
    {.bitmap_index = 51750, .adv_w = 248, .box_w = 16, .box_h = 16, .ofs_x = 0, .ofs_y = -2},
    {.bitmap_index = 51878, .adv_w = 248, .box_w = 16, .box_h = 16, .ofs_x = 0, .ofs_y = -2},
    {.bitmap_index = 52006, .adv_w = 288, .box_w = 18, .box_h = 12, .ofs_x = 0, .ofs_y = 0},
    {.bitmap_index = 52114, .adv_w = 256, .box_w = 18, .box_h = 18, .ofs_x = -1, .ofs_y = -3},
    {.bitmap_index = 52276, .adv_w = 256, .box_w = 16, .box_h = 16, .ofs_x = 0, .ofs_y = -2},
    {.bitmap_index = 52404, .adv_w = 192, .box_w = 12, .box_h = 16, .ofs_x = 0, .ofs_y = -2},
    {.bitmap_index = 52500, .adv_w = 256, .box_w = 16, .box_h = 16, .ofs_x = 0, .ofs_y = -2},
    {.bitmap_index = 52628, .adv_w = 256, .box_w = 16, .box_h = 16, .ofs_x = 0, .ofs_y = -2},
    {.bitmap_index = 52756, .adv_w = 256, .box_w = 16, .box_h = 16, .ofs_x = 0, .ofs_y = -2},
    {.bitmap_index = 52884, .adv_w = 256, .box_w = 16, .box_h = 16, .ofs_x = 0, .ofs_y = -2},
    {.bitmap_index = 53012, .adv_w = 256, .box_w = 18, .box_h = 12, .ofs_x = -1, .ofs_y = 0},
    {.bitmap_index = 53120, .adv_w = 192, .box_w = 14, .box_h = 16, .ofs_x = -1, .ofs_y = -2},
    {.bitmap_index = 53232, .adv_w = 256, .box_w = 16, .box_h = 16, .ofs_x = 0, .ofs_y = -2},
    {.bitmap_index = 53360, .adv_w = 256, .box_w = 16, .box_h = 16, .ofs_x = 0, .ofs_y = -2},
    {.bitmap_index = 53488, .adv_w = 320, .box_w = 20, .box_h = 15, .ofs_x = 0, .ofs_y = -1},
    {.bitmap_index = 53638, .adv_w = 224, .box_w = 14, .box_h = 16, .ofs_x = 0, .ofs_y = -2},
    {.bitmap_index = 53750, .adv_w = 320, .box_w = 20, .box_h = 12, .ofs_x = 0, .ofs_y = 0},
    {.bitmap_index = 53870, .adv_w = 320, .box_w = 20, .box_h = 10, .ofs_x = 0, .ofs_y = 1},
    {.bitmap_index = 53970, .adv_w = 320, .box_w = 20, .box_h = 10, .ofs_x = 0, .ofs_y = 1},
    {.bitmap_index = 54070, .adv_w = 320, .box_w = 20, .box_h = 10, .ofs_x = 0, .ofs_y = 1},
    {.bitmap_index = 54170, .adv_w = 320, .box_w = 20, .box_h = 10, .ofs_x = 0, .ofs_y = 1},
    {.bitmap_index = 54270, .adv_w = 320, .box_w = 20, .box_h = 10, .ofs_x = 0, .ofs_y = 1},
    {.bitmap_index = 54370, .adv_w = 224, .box_w = 15, .box_h = 16, .ofs_x = -1, .ofs_y = -2},
    {.bitmap_index = 54490, .adv_w = 320, .box_w = 21, .box_h = 14, .ofs_x = 0, .ofs_y = -1},
    {.bitmap_index = 54637, .adv_w = 224, .box_w = 12, .box_h = 16, .ofs_x = 1, .ofs_y = -2},
    {.bitmap_index = 54733, .adv_w = 224, .box_w = 16, .box_h = 16, .ofs_x = -1, .ofs_y = -2},
    {.bitmap_index = 54861, .adv_w = 208, .box_w = 13, .box_h = 16, .ofs_x = 0, .ofs_y = -2},
    {.bitmap_index = 54965, .adv_w = 224, .box_w = 14, .box_h = 16, .ofs_x = 0, .ofs_y = -2},
    {.bitmap_index = 55077, .adv_w = 256, .box_w = 16, .box_h = 16, .ofs_x = 0, .ofs_y = -2},
    {.bitmap_index = 55205, .adv_w = 256, .box_w = 17, .box_h = 17, .ofs_x = -1, .ofs_y = -3},
    {.bitmap_index = 55350, .adv_w = 288, .box_w = 18, .box_h = 16, .ofs_x = 0, .ofs_y = -2},
    {.bitmap_index = 55494, .adv_w = 192, .box_w = 12, .box_h = 16, .ofs_x = 0, .ofs_y = -2},
    {.bitmap_index = 55590, .adv_w = 320, .box_w = 20, .box_h = 14, .ofs_x = 0, .ofs_y = -1},
    {.bitmap_index = 55730, .adv_w = 320, .box_w = 20, .box_h = 14, .ofs_x = 0, .ofs_y = -2},
    {.bitmap_index = 55870, .adv_w = 256, .box_w = 16, .box_h = 14, .ofs_x = 0, .ofs_y = -1},
    {.bitmap_index = 55982, .adv_w = 248, .box_w = 16, .box_h = 16, .ofs_x = 0, .ofs_y = -2},
    {.bitmap_index = 56110, .adv_w = 256, .box_w = 16, .box_h = 16, .ofs_x = 0, .ofs_y = -2},
    {.bitmap_index = 56238, .adv_w = 248, .box_w = 16, .box_h = 16, .ofs_x = 0, .ofs_y = -2},
    {.bitmap_index = 56366, .adv_w = 320, .box_w = 20, .box_h = 12, .ofs_x = 0, .ofs_y = 0},
    {.bitmap_index = 56486, .adv_w = 248, .box_w = 16, .box_h = 16, .ofs_x = 0, .ofs_y = -2},
    {.bitmap_index = 56614, .adv_w = 248, .box_w = 16, .box_h = 16, .ofs_x = 0, .ofs_y = -2},
    {.bitmap_index = 56742, .adv_w = 248, .box_w = 16, .box_h = 16, .ofs_x = 0, .ofs_y = -2},
    {.bitmap_index = 56870, .adv_w = 248, .box_w = 16, .box_h = 16, .ofs_x = 0, .ofs_y = -2},
    {.bitmap_index = 56998, .adv_w = 248, .box_w = 16, .box_h = 16, .ofs_x = 0, .ofs_y = -2},
    {.bitmap_index = 57126, .adv_w = 248, .box_w = 16, .box_h = 16, .ofs_x = 0, .ofs_y = -2},
    {.bitmap_index = 57254, .adv_w = 252, .box_w = 16, .box_h = 16, .ofs_x = 0, .ofs_y = -2},
    {.bitmap_index = 57382, .adv_w = 248, .box_w = 16, .box_h = 16, .ofs_x = 0, .ofs_y = -2},
    {.bitmap_index = 57510, .adv_w = 256, .box_w = 16, .box_h = 16, .ofs_x = 0, .ofs_y = -2},
    {.bitmap_index = 57638, .adv_w = 248, .box_w = 16, .box_h = 16, .ofs_x = 0, .ofs_y = -2},
    {.bitmap_index = 57766, .adv_w = 320, .box_w = 20, .box_h = 16, .ofs_x = 0, .ofs_y = -2},
    {.bitmap_index = 57926, .adv_w = 248, .box_w = 16, .box_h = 16, .ofs_x = 0, .ofs_y = -2},
    {.bitmap_index = 58054, .adv_w = 248, .box_w = 16, .box_h = 16, .ofs_x = 0, .ofs_y = -2},
    {.bitmap_index = 58182, .adv_w = 248, .box_w = 16, .box_h = 16, .ofs_x = 0, .ofs_y = -2},
    {.bitmap_index = 58310, .adv_w = 248, .box_w = 16, .box_h = 16, .ofs_x = 0, .ofs_y = -2},
    {.bitmap_index = 58438, .adv_w = 248, .box_w = 16, .box_h = 16, .ofs_x = 0, .ofs_y = -2},
    {.bitmap_index = 58566, .adv_w = 248, .box_w = 16, .box_h = 16, .ofs_x = 0, .ofs_y = -2},
    {.bitmap_index = 58694, .adv_w = 248, .box_w = 16, .box_h = 16, .ofs_x = 0, .ofs_y = -2},
    {.bitmap_index = 58822, .adv_w = 248, .box_w = 16, .box_h = 16, .ofs_x = 0, .ofs_y = -2},
    {.bitmap_index = 58950, .adv_w = 248, .box_w = 16, .box_h = 16, .ofs_x = 0, .ofs_y = -2},
    {.bitmap_index = 59078, .adv_w = 248, .box_w = 16, .box_h = 16, .ofs_x = 0, .ofs_y = -2},
    {.bitmap_index = 59206, .adv_w = 248, .box_w = 16, .box_h = 16, .ofs_x = 0, .ofs_y = -2},
    {.bitmap_index = 59334, .adv_w = 248, .box_w = 16, .box_h = 16, .ofs_x = 0, .ofs_y = -2},
    {.bitmap_index = 59462, .adv_w = 320, .box_w = 21, .box_h = 17, .ofs_x = -1, .ofs_y = -2},
    {.bitmap_index = 59641, .adv_w = 256, .box_w = 16, .box_h = 16, .ofs_x = 0, .ofs_y = -2},
    {.bitmap_index = 59769, .adv_w = 256, .box_w = 16, .box_h = 16, .ofs_x = 0, .ofs_y = -2},
    {.bitmap_index = 59897, .adv_w = 192, .box_w = 12, .box_h = 18, .ofs_x = 0, .ofs_y = -3},
    {.bitmap_index = 60005, .adv_w = 208, .box_w = 13, .box_h = 16, .ofs_x = 0, .ofs_y = -2},
    {.bitmap_index = 60109, .adv_w = 320, .box_w = 22, .box_h = 18, .ofs_x = -1, .ofs_y = -3},
    {.bitmap_index = 60307, .adv_w = 256, .box_w = 18, .box_h = 15, .ofs_x = -1, .ofs_y = -1},
    {.bitmap_index = 60442, .adv_w = 192, .box_w = 12, .box_h = 16, .ofs_x = 0, .ofs_y = -2},
    {.bitmap_index = 60538, .adv_w = 258, .box_w = 17, .box_h = 11, .ofs_x = 0, .ofs_y = 1}
};

/*---------------------
 *  CHARACTER MAPPING
 *--------------------*/

static const uint8_t glyph_id_ofs_list_5[] = {
    0, 1, 2, 0, 0, 0, 3, 4,
    5, 6, 7, 8, 0, 0, 0, 0,
    9, 10, 11, 12, 13, 14, 15, 0,
    16
};

static const uint16_t unicode_list_8[] = {
    0x0, 0x1, 0x14, 0x15, 0x16, 0x17, 0x18, 0x19,
    0x1a, 0x1d, 0x1e, 0x20, 0x21, 0x22, 0x23
};

static const uint16_t unicode_list_11[] = {
    0x0, 0x19, 0x1a
};

static const uint16_t unicode_list_15[] = {
    0x0, 0x1, 0x2, 0x3, 0x4, 0x7, 0x8, 0x9,
    0xb, 0xc, 0xd, 0xe, 0xf, 0x4f, 0x50, 0x52,
    0x54, 0x55, 0x58, 0x62, 0x65, 0x66, 0x6d, 0x6e,
    0x6f, 0x70, 0x71, 0x75, 0x79, 0x7a, 0x7d, 0x81,
    0x8a, 0x9c
};

static const uint16_t unicode_list_17[] = {
    0x0, 0x1, 0x2, 0x3, 0x6, 0xd, 0xe, 0xf,
    0x10, 0x11, 0x12, 0x13, 0x14, 0x15, 0x16, 0x26,
    0x27, 0x2d, 0x2e, 0x30, 0x31, 0x32, 0x37, 0x38,
    0x4d, 0x4f, 0x51, 0x5b, 0x5c, 0x61, 0x62, 0x64,
    0x67, 0x7f, 0x82, 0x83, 0x8c, 0x8e, 0x8f, 0x97,
    0x9b, 0xa8, 0xb3, 0xc5, 0xdd, 0xe1, 0xe2, 0x112,
    0x113, 0x114, 0x115, 0x180, 0x181, 0x182, 0x195, 0x1a2,
    0x1a3, 0x1a4, 0x1a8, 0x1fd, 0x204, 0x208, 0x24b, 0x24c,
    0x41d, 0x41e, 0x41f, 0x427, 0x42f, 0x430, 0x433, 0x434,
    0x437, 0x438, 0x439, 0x43a, 0x43d, 0x43e, 0x441, 0x442,
    0x443, 0x444, 0x447, 0x448, 0x44c, 0x463, 0x46c, 0x47d,
    0x482, 0x483, 0x4b9, 0x4de, 0x4e2, 0x4e7, 0x4e8, 0x51d,
    0x590, 0x594, 0x5d3, 0x5e1, 0x5fd, 0x5fe, 0x5ff, 0x600,
    0x601, 0x602, 0x603, 0x604, 0x605, 0xce7e, 0xce81, 0xce82,
    0xce85, 0xce88, 0xce89, 0xce8a, 0xce8e, 0xce90, 0xce92, 0xce94,
    0xce96, 0xce99, 0xce9e, 0xcea3, 0xcea4, 0xcea5, 0xcead, 0xcebb,
    0xcec0, 0xcec5, 0xcec8, 0xcec9, 0xceca, 0xcece, 0xcecf, 0xced0,
    0xced1, 0xcee4, 0xcee5, 0xcee8, 0xceea, 0xceeb, 0xceed, 0xceee,
    0xceef, 0xcef1, 0xcef4, 0xcef5, 0xcef6, 0xcef7, 0xcef8, 0xcf0e,
    0xcf10, 0xcf12, 0xcf21, 0xcf23, 0xcf3f, 0xcf41, 0xcf42, 0xcf44,
    0xcf46, 0xcf5d, 0xcf64, 0xcf66, 0xcf67, 0xcf70, 0xcf71, 0xcf79,
    0xcf95, 0xcf96, 0xcf97, 0xcf99, 0xcfa1, 0xcfb2, 0xcfd8, 0xcfe1,
    0xcfe2, 0xd002, 0xd003, 0xd036, 0xd038, 0xd05f, 0xd060, 0xd068,
    0xd07a, 0xd0b3, 0xd0bd, 0xd0be, 0xd0bf, 0xd0c0, 0xd0c1, 0xd0d8,
    0xd104, 0xd110, 0xd159, 0xd164, 0xd16a, 0xd17b, 0xd181, 0xd222,
    0xd242, 0xd2c8, 0xd33f, 0xd355, 0xd357, 0xd3c9, 0xd3d3, 0xd3d7,
    0xd3e4, 0xd3f6, 0xd3f7, 0xd3fc, 0xd3fd, 0xd3ff, 0xd400, 0xd401,
    0xd403, 0xd404, 0xd405, 0xd406, 0xd408, 0xd409, 0xd413, 0xd418,
    0xd421, 0xd422, 0xd430, 0xd431, 0xd435, 0xd43f, 0xd445, 0xd501,
    0xd53b, 0xd550, 0xd55f, 0xd589, 0xd61c, 0xd626, 0xd63f, 0xd71f
};

/*Collect the unicode lists and glyph_id offsets*/
static const lv_font_fmt_txt_cmap_t cmaps[] =
{
    {
        .range_start = 32, .range_length = 95, .glyph_id_start = 1,
        .unicode_list = NULL, .glyph_id_ofs_list = NULL, .list_length = 0, .type = LV_FONT_FMT_TXT_CMAP_FORMAT0_TINY
    },
    {
        .range_start = 160, .range_length = 13, .glyph_id_start = 96,
        .unicode_list = NULL, .glyph_id_ofs_list = NULL, .list_length = 0, .type = LV_FONT_FMT_TXT_CMAP_FORMAT0_TINY
    },
    {
        .range_start = 174, .range_length = 155, .glyph_id_start = 109,
        .unicode_list = NULL, .glyph_id_ofs_list = NULL, .list_length = 0, .type = LV_FONT_FMT_TXT_CMAP_FORMAT0_TINY
    },
    {
        .range_start = 330, .range_length = 54, .glyph_id_start = 264,
        .unicode_list = NULL, .glyph_id_ofs_list = NULL, .list_length = 0, .type = LV_FONT_FMT_TXT_CMAP_FORMAT0_TINY
    },
    {
        .range_start = 536, .range_length = 4, .glyph_id_start = 318,
        .unicode_list = NULL, .glyph_id_ofs_list = NULL, .list_length = 0, .type = LV_FONT_FMT_TXT_CMAP_FORMAT0_TINY
    },
    {
        .range_start = 884, .range_length = 25, .glyph_id_start = 322,
        .unicode_list = NULL, .glyph_id_ofs_list = glyph_id_ofs_list_5, .list_length = 25, .type = LV_FONT_FMT_TXT_CMAP_FORMAT0_FULL
    },
    {
        .range_start = 910, .range_length = 20, .glyph_id_start = 339,
        .unicode_list = NULL, .glyph_id_ofs_list = NULL, .list_length = 0, .type = LV_FONT_FMT_TXT_CMAP_FORMAT0_TINY
    },
    {
        .range_start = 931, .range_length = 53, .glyph_id_start = 359,
        .unicode_list = NULL, .glyph_id_ofs_list = NULL, .list_length = 0, .type = LV_FONT_FMT_TXT_CMAP_FORMAT0_TINY
    },
    {
        .range_start = 988, .range_length = 36, .glyph_id_start = 412,
        .unicode_list = unicode_list_8, .glyph_id_ofs_list = NULL, .list_length = 15, .type = LV_FONT_FMT_TXT_CMAP_SPARSE_TINY
    },
    {
        .range_start = 8208, .range_length = 24, .glyph_id_start = 427,
        .unicode_list = NULL, .glyph_id_ofs_list = NULL, .list_length = 0, .type = LV_FONT_FMT_TXT_CMAP_FORMAT0_TINY
    },
    {
        .range_start = 8239, .range_length = 39, .glyph_id_start = 451,
        .unicode_list = NULL, .glyph_id_ofs_list = NULL, .list_length = 0, .type = LV_FONT_FMT_TXT_CMAP_FORMAT0_TINY
    },
    {
        .range_start = 8279, .range_length = 27, .glyph_id_start = 490,
        .unicode_list = unicode_list_11, .glyph_id_ofs_list = NULL, .list_length = 3, .type = LV_FONT_FMT_TXT_CMAP_SPARSE_TINY
    },
    {
        .range_start = 8308, .range_length = 27, .glyph_id_start = 493,
        .unicode_list = NULL, .glyph_id_ofs_list = NULL, .list_length = 0, .type = LV_FONT_FMT_TXT_CMAP_FORMAT0_TINY
    },
    {
        .range_start = 8336, .range_length = 13, .glyph_id_start = 520,
        .unicode_list = NULL, .glyph_id_ofs_list = NULL, .list_length = 0, .type = LV_FONT_FMT_TXT_CMAP_FORMAT0_TINY
    },
    {
        .range_start = 8352, .range_length = 16, .glyph_id_start = 533,
        .unicode_list = NULL, .glyph_id_ofs_list = NULL, .list_length = 0, .type = LV_FONT_FMT_TXT_CMAP_FORMAT0_TINY
    },
    {
        .range_start = 8369, .range_length = 157, .glyph_id_start = 549,
        .unicode_list = unicode_list_15, .glyph_id_ofs_list = NULL, .list_length = 34, .type = LV_FONT_FMT_TXT_CMAP_SPARSE_TINY
    },
    {
        .range_start = 8528, .range_length = 48, .glyph_id_start = 583,
        .unicode_list = NULL, .glyph_id_ofs_list = NULL, .list_length = 0, .type = LV_FONT_FMT_TXT_CMAP_FORMAT0_TINY
    },
    {
        .range_start = 8579, .range_length = 55072, .glyph_id_start = 631,
        .unicode_list = unicode_list_17, .glyph_id_ofs_list = NULL, .list_length = 240, .type = LV_FONT_FMT_TXT_CMAP_SPARSE_TINY
    }
};

/*-----------------
 *    KERNING
 *----------------*/


/*Map glyph_ids to kern left classes*/
static const uint8_t kern_left_class_mapping[] =
{
    0, 0, 0, 1, 0, 2, 3, 4,
    1, 5, 6, 7, 8, 9, 8, 9,
    10, 11, 12, 13, 14, 15, 16, 17,
    18, 14, 11, 19, 19, 0, 20, 21,
    22, 23, 0, 0, 0, 0, 0, 0,
    0, 0, 0, 0, 0, 0, 0, 0,
    0, 0, 0, 0, 0, 0, 0, 0,
    0, 0, 0, 0, 5, 24, 6, 7,
    25, 0, 0, 0, 0, 0, 0, 0,
    0, 0, 0, 0, 0, 0, 0, 0,
    0, 0, 0, 0, 0, 0, 0, 0,
    0, 0, 0, 0, 5, 12, 6, 8,
    0, 26, 27, 0, 0, 0, 0, 0,
    0, 23, 0, 28, 29, 30, 0, 7,
    20, 31, 32, 0, 33, 12, 34, 0,
    35, 0, 36, 0, 0, 0, 37, 0,
    0, 0, 0, 0, 0, 0, 0, 0,
    0, 0, 0, 0, 0, 0, 0, 0,
    0, 0, 0, 0, 0, 0, 38, 0,
    0, 0, 0, 0, 0, 0, 0, 0,
    0, 0, 0, 0, 0, 0, 0, 0,
    0, 0, 0, 0, 0, 0, 0, 0,
    0, 0, 0, 0, 0, 0, 8, 0,
    0, 0, 0, 0, 0, 0, 0, 0,
    0, 0, 0, 0, 0, 0, 0, 0,
    0, 0, 0, 0, 0, 0, 0, 0,
    0, 0, 0, 0, 0, 0, 0, 0,
    0, 0, 0, 0, 0, 0, 0, 0,
    0, 0, 0, 0, 0, 0, 0, 0,
    0, 0, 0, 0, 0, 0, 0, 0,
    0, 0, 0, 0, 0, 0, 0, 0,
    0, 0, 0, 0, 0, 0, 0, 0,
    0, 0, 0, 0, 0, 0, 0, 0,
    0, 0, 0, 0, 0, 0, 0, 0,
    0, 0, 0, 0, 0, 0, 0, 0,
    0, 0, 0, 0, 0, 0, 0, 0,
    0, 0, 0, 0, 0, 0, 0, 0,
    0, 0, 0, 0, 0, 0, 0, 0,
    0, 0, 0, 0, 0, 0, 0, 0,
    0, 0, 0, 0, 0, 0, 0, 0,
    0, 0, 0, 0, 0, 0, 0, 0,
    0, 0, 0, 0, 0, 0, 1, 0,
    0, 0, 0, 0, 0, 0, 0, 0,
    0, 39, 0, 0, 0, 0, 0, 0,
    0, 0, 0, 0, 0, 0, 0, 0,
    0, 0, 0, 0, 0, 0, 0, 0,
    0, 0, 0, 0, 0, 0, 0, 0,
    0, 0, 0, 0, 0, 0, 0, 0,
    0, 0, 0, 0, 0, 0, 0, 0,
    0, 0, 0, 0, 0, 0, 0, 0,
    0, 0, 0, 0, 0, 0, 0, 0,
    0, 0, 0, 0, 0, 0, 0, 0,
    0, 0, 0, 0, 0, 0, 0, 0,
    0, 0, 0, 0, 0, 0, 0, 0,
    0, 0, 0, 40, 41, 42, 0, 40,
    41, 42, 0, 43, 43, 44, 44, 0,
    0, 45, 0, 0, 0, 0, 0, 0,
    41, 0, 0, 0, 0, 28, 36, 0,
    0, 22, 0, 0, 0, 0, 0, 44,
    0, 0, 0, 0, 0, 0, 0, 46,
    47, 44, 0, 19, 0, 0, 0, 0,
    0, 0, 0, 32, 0, 48, 32, 32,
    49, 32, 32, 50, 50, 0, 0, 0,
    0, 51, 51, 51, 51, 51, 52, 51,
    53, 51, 51, 51, 51, 51, 51, 51,
    0, 0, 0, 0, 0, 0, 0, 0,
    0, 0, 0, 0, 0, 0, 54, 0,
    0, 0, 0, 0, 55, 56, 0, 0,
    0, 0, 0, 0, 27, 0, 57, 0,
    0, 54, 0, 0, 0, 0, 58, 0,
    59, 0, 0, 0, 0, 0, 0, 0,
    0, 0, 30, 60, 60, 0, 0, 43,
    0, 0, 0, 0, 0, 0, 0, 0,
    0, 0, 0, 0, 0, 0, 0, 0,
    0, 0, 0, 0, 0, 0, 0, 0,
    0, 0, 0, 0, 0, 0, 0, 0,
    0, 0, 0, 0, 0, 0, 0, 0,
    0, 0, 0, 0, 0, 0, 0, 0,
    0, 0, 0, 0, 0, 0, 0, 0,
    0, 0, 0, 0, 8, 0, 0, 0,
    0, 0, 0, 0, 0, 0, 0, 0,
    0, 0, 0, 0, 0, 0, 0, 20,
    0, 0, 0, 0, 0, 0, 0, 0,
    0, 0, 39, 0, 0, 8, 0, 0,
    0, 0, 20, 20, 20, 20, 0, 0,
    0, 0, 0, 0, 0, 0, 0, 0,
    12, 0, 0, 0, 0, 0, 0, 12,
    12, 12, 0, 39, 39, 0, 0, 0,
    0, 0, 0, 0, 0, 0, 0, 0,
    0, 0, 23, 23, 44, 0, 0, 0,
    0, 0, 0, 0, 23, 12, 39, 0,
    0, 0, 0, 0, 0, 0, 0, 0,
    0, 0, 0, 0, 0, 0, 0, 0,
    0, 0, 0, 0, 0, 0, 0, 0,
    0, 0, 0, 0, 0, 0, 0, 0,
    0, 0, 0, 0, 0, 0, 0, 0,
    0, 0, 0, 0, 0, 0, 0, 0,
    0, 0, 0, 0, 0, 0, 0, 0,
    0, 0, 0, 0, 0, 0, 0, 0,
    0, 0, 0, 0, 0, 0, 0, 0,
    0, 0, 0, 0, 0, 0, 0, 0,
    0, 0, 0, 0, 0, 0, 0, 0,
    0, 0, 0, 0, 0, 0, 0, 0,
    0, 0, 0, 0, 0, 0, 0, 0,
    0, 0, 0, 0, 0, 0, 0, 0,
    0, 0, 0, 0, 0, 0, 0, 0,
    0, 0, 0, 0, 0, 0, 0, 0,
    0, 0, 0, 0, 0, 0, 0, 0,
    0, 0, 0, 0, 0, 0, 0
};

/*Map glyph_ids to kern right classes*/
static const uint8_t kern_right_class_mapping[] =
{
    0, 1, 2, 3, 4, 5, 0, 6,
    3, 0, 7, 8, 9, 10, 9, 11,
    12, 13, 14, 15, 16, 17, 18, 13,
    19, 20, 21, 22, 22, 23, 24, 0,
    25, 26, 0, 0, 0, 0, 0, 0,
    0, 0, 0, 0, 0, 0, 0, 0,
    0, 0, 0, 0, 0, 0, 0, 0,
    0, 0, 0, 0, 0, 27, 7, 8,
    28, 0, 0, 0, 0, 0, 0, 0,
    0, 0, 0, 0, 0, 0, 0, 0,
    0, 0, 0, 0, 0, 0, 0, 0,
    0, 0, 0, 0, 0, 29, 7, 30,
    0, 0, 31, 0, 0, 0, 0, 0,
    0, 26, 0, 32, 33, 34, 0, 8,
    24, 35, 0, 0, 36, 37, 9, 0,
    38, 0, 39, 0, 0, 0, 40, 0,
    0, 0, 0, 0, 0, 0, 0, 0,
    0, 0, 0, 0, 0, 0, 0, 0,
    0, 0, 0, 0, 0, 0, 41, 0,
    0, 0, 0, 0, 0, 0, 0, 0,
    0, 0, 0, 0, 0, 0, 0, 0,
    0, 0, 0, 0, 0, 0, 0, 0,
    0, 0, 0, 0, 0, 0, 9, 0,
    0, 0, 0, 0, 0, 0, 0, 0,
    0, 0, 0, 0, 0, 0, 0, 0,
    0, 0, 0, 0, 0, 0, 0, 0,
    0, 0, 0, 0, 0, 0, 0, 0,
    0, 0, 0, 0, 0, 0, 0, 0,
    0, 0, 0, 0, 0, 0, 0, 0,
    0, 0, 0, 0, 0, 0, 0, 0,
    0, 0, 0, 0, 0, 0, 0, 0,
    0, 0, 0, 0, 0, 0, 0, 0,
    0, 0, 0, 0, 0, 0, 0, 0,
    0, 0, 0, 0, 0, 0, 0, 0,
    0, 0, 0, 0, 0, 0, 0, 0,
    0, 0, 0, 0, 0, 0, 0, 0,
    0, 0, 0, 0, 0, 0, 0, 0,
    0, 0, 0, 0, 0, 0, 0, 0,
    0, 0, 0, 0, 0, 0, 0, 0,
    0, 0, 0, 0, 0, 0, 0, 0,
    0, 0, 0, 0, 0, 0, 0, 0,
    0, 0, 0, 0, 0, 0, 3, 0,
    0, 0, 0, 0, 0, 0, 0, 0,
    0, 42, 0, 0, 0, 0, 0, 0,
    0, 0, 0, 0, 0, 0, 0, 0,
    0, 0, 0, 0, 0, 0, 0, 0,
    0, 0, 0, 0, 0, 0, 0, 0,
    0, 0, 0, 0, 0, 0, 0, 0,
    0, 0, 0, 0, 0, 0, 0, 0,
    0, 0, 0, 0, 0, 0, 0, 0,
    0, 0, 0, 0, 0, 0, 0, 0,
    0, 0, 0, 0, 0, 0, 0, 0,
    0, 0, 0, 0, 0, 0, 0, 0,
    0, 0, 0, 0, 0, 0, 0, 0,
    0, 0, 0, 43, 44, 45, 46, 43,
    44, 45, 47, 48, 48, 41, 41, 0,
    0, 49, 0, 0, 0, 0, 0, 0,
    44, 0, 0, 0, 0, 32, 39, 0,
    0, 25, 0, 0, 0, 0, 0, 41,
    50, 0, 0, 0, 0, 0, 51, 29,
    41, 52, 0, 22, 0, 0, 0, 0,
    0, 0, 0, 0, 0, 53, 0, 0,
    54, 0, 55, 0, 0, 0, 0, 56,
    0, 57, 57, 57, 57, 58, 0, 57,
    59, 57, 57, 57, 57, 57, 57, 57,
    0, 0, 0, 0, 0, 0, 0, 0,
    0, 0, 0, 0, 0, 0, 26, 0,
    0, 0, 0, 0, 29, 29, 0, 0,
    31, 0, 0, 0, 0, 0, 26, 0,
    0, 26, 60, 0, 0, 0, 0, 0,
    29, 0, 0, 0, 0, 0, 0, 0,
    0, 29, 34, 29, 29, 0, 0, 48,
    0, 0, 0, 0, 0, 0, 0, 0,
    0, 0, 0, 0, 0, 0, 0, 0,
    0, 0, 0, 0, 0, 0, 0, 0,
    0, 0, 0, 0, 0, 0, 0, 0,
    0, 0, 0, 0, 0, 0, 0, 0,
    0, 0, 0, 0, 0, 0, 0, 0,
    0, 0, 0, 0, 0, 0, 0, 0,
    0, 0, 0, 0, 0, 0, 9, 0,
    0, 0, 0, 0, 0, 0, 0, 0,
    0, 0, 0, 0, 0, 0, 0, 0,
    24, 0, 0, 0, 0, 0, 0, 0,
    0, 0, 42, 0, 0, 9, 0, 0,
    61, 22, 24, 24, 24, 24, 0, 0,
    0, 0, 0, 0, 0, 0, 62, 0,
    29, 0, 0, 0, 0, 0, 0, 29,
    29, 29, 0, 42, 42, 0, 0, 0,
    0, 0, 0, 0, 0, 0, 0, 0,
    0, 0, 26, 26, 41, 0, 0, 0,
    0, 0, 0, 0, 42, 42, 42, 0,
    0, 0, 0, 0, 0, 0, 0, 0,
    0, 0, 0, 0, 0, 0, 0, 0,
    0, 0, 0, 0, 0, 0, 0, 0,
    0, 0, 0, 0, 0, 0, 0, 0,
    0, 0, 0, 0, 0, 0, 0, 0,
    0, 0, 0, 0, 0, 0, 0, 0,
    0, 0, 0, 0, 0, 0, 0, 0,
    0, 0, 0, 0, 0, 0, 0, 0,
    0, 0, 0, 0, 0, 0, 0, 0,
    0, 0, 0, 0, 0, 0, 0, 0,
    0, 0, 0, 0, 0, 0, 0, 0,
    0, 0, 0, 0, 0, 0, 0, 0,
    0, 0, 0, 0, 0, 0, 0, 0,
    0, 0, 0, 0, 0, 0, 0, 0,
    0, 0, 0, 0, 0, 0, 0, 0,
    0, 0, 0, 0, 0, 0, 0, 0,
    0, 0, 0, 0, 0, 0, 0, 0,
    0, 0, 0, 0, 0, 0, 0
};

/*Kern values between classes*/
static const int8_t kern_class_values[] =
{
    0, 0, 0, 0, 0, -9, 0, 0,
    0, -22, -22, 0, 0, 0, 0, 0,
    -16, 0, 0, 0, 0, 0, 0, 0,
    0, 0, 0, 0, 0, 0, -4, 0,
    0, 0, 0, 0, 0, 0, 0, 0,
    0, -20, 0, 0, 0, 0, 0, 0,
    -22, 0, 0, 0, 0, 0, 0, 0,
    0, 0, 0, 0, 0, 0, 0, 0,
    0, 0, 0, 0, 0, 0, 0, 0,
    0, 0, 0, 0, 0, 0, 0, 0,
    0, 0, 0, 0, 0, 0, 0, 0,
    0, 0, 0, 0, 0, 0, 0, 0,
    0, 0, 0, 0, 0, 0, 0, -1,
    0, 0, 0, 0, 0, 0, 0, 0,
    0, 0, 0, 0, 0, 0, 0, -17,
    0, 0, 0, -1, 0, 0, 0, 0,
    0, 0, 0, 0, 0, 0, 0, 0,
    0, 0, 0, 0, 0, 0, 0, 0,
    0, 0, 0, 0, 0, 0, 0, 0,
    0, 0, 0, 0, 0, 0, 0, 0,
    0, 0, 0, 0, 0, 0, -16, -17,
    0, 0, 0, 0, 0, 0, 0, 0,
    0, 0, 0, 0, 0, 0, 0, 0,
    0, 0, 0, 0, -9, 0, 0, 0,
    0, 0, 0, 0, 0, 0, 0, 0,
    0, 0, 0, 0, 0, 0, 0, 0,
    0, 0, 0, 0, -16, 0, 0, 0,
    0, 0, 0, -6, 0, 0, 0, 0,
    0, 0, 0, 0, -23, 0, 0, 0,
    0, -10, 0, 0, 0, 0, 0, 0,
    0, 0, 0, 0, 0, 0, 0, -14,
    0, 0, 0, 0, 0, 0, 0, 0,
    0, 0, 0, 0, 0, 0, 0, 0,
    0, 0, 0, 0, 0, 0, 0, 0,
    0, 0, 0, 0, 2, 0, -2, 0,
    0, 0, 0, 0, 0, 0, 0, 0,
    0, 0, 0, 0, 0, 0, 0, 0,
    0, 0, 0, 2, 0, 0, 0, 0,
    0, 0, 0, 0, 6, 0, 0, 0,
    0, 0, 0, 0, 0, 0, 0, 0,
    0, 0, 0, 0, 0, 0, 0, 0,
    0, 0, 0, 0, 0, 0, 0, 0,
    0, 0, 0, 0, 0, 0, 0, 0,
    0, 0, 0, 0, 0, 0, 0, 0,
    -9, 0, 0, 0, 0, 0, 0, 0,
    0, 0, 0, 0, 0, 0, 0, 0,
    0, 0, 0, 0, 0, 0, 0, 0,
    0, -9, 0, 0, 0, -35, -35, 0,
    0, 0, 0, 0, -12, 0, 0, 0,
    0, 0, 0, 0, 0, -3, 0, -17,
    0, 0, 0, 0, 0, 0, 0, 0,
    0, 0, 0, 0, 0, -22, 0, 0,
    0, 0, 0, 0, -35, 0, 0, 0,
    0, 0, 0, 0, 0, 0, 0, 0,
    0, 0, 0, 0, 0, 0, 0, 0,
    0, 0, 0, 0, 0, 0, 0, 0,
    -8, -2, 0, 0, -6, 0, 0, 0,
    0, 0, 0, 0, -12, 0, 0, 0,
    0, 0, 0, 0, 0, 0, -3, 0,
    0, 0, 0, -9, -13, 0, 0, 0,
    0, 0, 0, 0, 0, 0, 0, 0,
    0, 0, 0, 0, 0, 0, 0, -19,
    -3, -1, -22, 0, 0, 0, 0, 0,
    0, 0, 0, 0, -7, -22, 0, -6,
    0, -3, -5, -6, -2, 0, 0, 0,
    -22, -11, 0, 0, 0, 0, 0, 0,
    0, 0, 0, 0, -13, 0, 0, 0,
    0, 0, 0, -18, 0, -35, -35, 0,
    0, 0, 0, 0, 0, 0, 0, 0,
    0, 0, 0, 0, 0, -9, 0, 0,
    0, 0, 0, 0, 0, 0, 0, -10,
    -10, 0, 0, 0, 0, 0, 0, 0,
    0, 0, 0, 0, 0, 0, 0, 0,
    1, 0, 0, 0, 0, 0, 0, 0,
    0, 0, 0, 0, 0, 0, 0, -6,
    0, 0, 0, 0, 0, 0, -10, 0,
    0, 0, 0, 0, 0, 0, 0, 0,
    0, 0, 0, 0, 0, 0, 0, 0,
    0, 0, 0, 0, 0, -7, -7, 0,
    0, 0, 0, 0, 0, 0, -5, 0,
    0, 0, 0, 0, 0, 0, -4, -12,
    0, 0, 0, 0, 0, 0, 0, 0,
    0, 0, 0, 0, 0, 0, -12, 0,
    -13, 0, 0, 0, -7, 0, 4, 0,
    0, 0, 0, 0, 0, 0, 0, 0,
    0, 0, 0, 0, 0, 0, 0, 0,
    2, 0, 0, 0, 0, 0, 0, 0,
    0, 0, 0, 0, 0, 0, 0, 0,
    0, 0, 0, 0, 0, 2, 0, 0,
    0, 0, 0, 0, 0, 0, 0, 0,
    0, 0, 0, 0, 0, 0, 0, 0,
    0, 0, 0, 0, 4, 0, 0, 0,
    0, 0, 0, 0, 0, 0, 0, 0,
    0, 0, 0, 0, 0, 0, 0, 0,
    0, 0, 0, 0, 0, 0, 0, 0,
    -4, 0, 0, 0, 0, 0, 0, 0,
    0, 0, 0, 0, 0, 0, 0, 0,
    0, 0, 0, 0, 0, 0, 0, 0,
    0, 0, 0, 0, 0, 0, 0, 0,
    0, 0, 0, 0, 0, 0, 0, 0,
    0, 0, 0, 0, 0, 0, 0, 0,
    0, 0, 0, 0, 0, -3, 0, -6,
    -6, 0, 0, 0, 0, 0, 0, 0,
    0, 0, 0, 0, 0, 0, 0, 0,
    0, 0, 0, 0, 0, -9, 0, 0,
    0, 0, 0, 0, 0, 0, 0, 0,
    0, 0, -13, 0, 0, 0, -6, 0,
    0, 0, 0, 0, 0, 0, 0, 0,
    0, 0, 0, 0, 0, 0, 0, 0,
    0, 0, 0, -6, 0, -9, -9, 0,
    0, -7, 0, 0, 0, 0, 0, 0,
    0, 0, 0, 0, 0, 0, 0, 0,
    0, 0, 0, 0, 0, -1, 0, 0,
    -10, 0, 0, 0, 0, 0, 0, 0,
    0, 0, 0, 0, -9, 0, 0, 0,
    0, 0, 0, 0, 0, 0, 0, 0,
    0, 0, 0, 0, 0, 0, 0, 0,
    0, 0, 0, -6, -6, 0, 0, 0,
    0, 0, 0, 0, 0, 0, 0, 0,
    0, 0, 0, 0, 0, 0, 0, 0,
    0, 0, 0, -1, 0, 0, 0, 0,
    0, 0, 0, 0, 0, 0, 0, 0,
    0, 0, -6, 0, 0, 0, 0, 0,
    0, 0, 0, 0, 0, 0, 0, 0,
    0, 0, 0, 0, 0, 0, 0, 0,
    0, -8, -8, 0, 0, 0, 0, 0,
    0, 0, 0, 0, 0, 0, 0, 0,
    0, 0, 0, -12, 0, 0, 0, 0,
    0, 0, 0, 0, 0, 0, 0, 0,
    0, 0, 0, 0, -12, 0, 0, 0,
    -8, 0, 0, 0, 0, 0, 0, 0,
    0, 0, 0, 0, 0, 0, 0, 0,
    0, -14, 0, -12, 0, 0, 0, -32,
    -32, 0, -4, 0, 0, -4, -15, -2,
    5, -4, -2, -9, -23, 0, 0, 0,
    0, -41, 0, 0, -13, -16, 0, 0,
    0, 0, 0, 0, 0, 0, 0, -28,
    0, 0, -36, 0, 0, 0, -32, 0,
    0, -13, 0, 0, 0, 0, 0, -19,
    0, 0, 0, 0, 0, 0, 0, 0,
    0, 0, 0, 0, 0, 0, 0, 0,
    0, 0, 0, 0, 0, 0, 0, 0,
    0, 0, 0, 0, 0, 0, -16, 0,
    0, 0, 0, 0, 0, 0, 0, 0,
    0, 0, 0, 0, 0, 0, -12, 0,
    0, 0, 0, 0, 0, 0, 0, 0,
    0, 0, 0, 0, 0, 0, 0, 0,
    0, -9, 0, 0, 0, 0, 0, 0,
    0, 0, 0, 0, 0, 0, 0, 0,
    0, 0, 0, 0, 0, 0, 0, 0,
    0, 0, 0, 0, -17, 0, 0, 0,
    0, 0, 0, 0, 0, 0, 0, 0,
    0, 0, 0, -13, -14, 0, 0, 0,
    0, 0, 0, 0, 0, 0, 0, 0,
    0, 0, 0, 0, 0, -10, 0, -12,
    0, 0, 0, 0, 0, 0, 0, 0,
    0, 0, 0, 0, 0, 0, 0, 0,
    0, 0, -19, 0, 0, 0, 0, 0,
    0, 0, -19, 0, 0, 0, 0, 0,
    0, 0, 0, 0, 0, 0, 0, 0,
    0, -3, -25, 0, 0, 0, 0, 0,
    0, 0, 0, 0, 0, 0, 0, 0,
    0, 0, 0, -19, 0, -20, 0, 0,
    0, 0, 0, 0, 0, 0, 0, 0,
    0, 0, 0, 0, 0, 0, 0, 0,
    0, 0, 0, 0, 0, 0, 0, 0,
    0, 0, 0, 0, 0, 0, 0, 0,
    0, 0, 0, 0, 0, 0, 0, -16,
    0, 0, 0, 0, 0, 0, 0, 0,
    0, 0, 0, 0, 0, 0, 0, 0,
    0, 0, 0, 0, 0, 0, 0, 0,
    0, 0, 0, 0, 0, -11, -11, -10,
    0, 0, 0, 0, 0, 0, 0, 0,
    0, 0, 0, 0, 0, 0, -9, -10,
    0, 0, 0, 0, 0, -1, 0, 0,
    0, 0, 0, 0, 0, -9, -9, 0,
    -10, 0, 0, 0, -11, 0, 0, 0,
    0, 0, 0, 0, -10, -25, 0, 0,
    0, -8, 0, 0, -20, 0, -1, 0,
    0, -22, -9, 0, 0, 4, 0, -10,
    0, 0, 0, 0, 0, 0, 0, 0,
    -3, -13, -16, -9, -12, 0, 0, -9,
    -2, -9, -9, -18, 0, 0, -13, 0,
    -9, 0, -9, 4, -11, -14, 0, 0,
    0, -19, 0, -2, -6, 0, 0, 0,
    0, 0, 0, 0, 0, -13, 0, -10,
    0, 0, 0, 0, 0, 0, 0, -17,
    0, 0, 0, 0, -12, -28, 0, -12,
    -14, -12, 0, -12, -12, 0, 0, 0,
    0, -10, -20, 0, 9, 0, 0, 0,
    0, 0, 0, 0, -12, 0, 0, 0,
    0, 0, -10, 0, 0, 0, 0, 0,
    0, 0, 0, 9, 0, 0, 0, 0,
    0, 0, 0, -13, 25, -14, 0, 0,
    0, 0, 0, 0, 0, 0, 0, 0,
    0, 0, 0, 0, 0, 0, 0, 0,
    0, 0, 0, 0, 0, 0, 0, 0,
    -9, 0, 0, 0, 0, 0, 0, 0,
    0, 0, 0, 0, 0, 0, 0, 0,
    -9, 0, 0, 0, 0, 0, 0, 0,
    0, 0, 0, 0, 0, 0, 0, 0,
    0, 0, 0, -17, 0, 0, -4, 0,
    0, 0, -3, 0, 0, 0, 0, 0,
    0, -9, 0, 0, 0, 0, 0, 0,
    0, 0, 0, 0, 0, 0, -14, 0,
    0, 0, 0, 0, 0, -3, 0, 0,
    0, 0, 0, 0, 0, -9, -16, -6,
    0, 0, 0, -9, 0, 0, 0, 0,
    0, 0, 0, 0, 0, 0, 0, 0,
    0, -20, 0, 0, 0, 0, 0, 0,
    0, 0, 0, 0, 0, 0, 0, 0,
    0, 0, 0, 0, 0, 0, 0, 0,
    0, 0, 0, 0, 0, 0, 0, 0,
    0, 0, 0, 0, 0, 0, 0, 0,
    0, 0, 0, -9, 0, 0, 0, 0,
    0, 0, 0, 0, 0, 0, 0, 0,
    0, 0, 0, 0, 0, 0, 0, -13,
    0, 0, 0, 0, 0, 0, 0, 0,
    0, 0, 0, 0, 0, 0, 0, 0,
    0, 0, 0, 0, 0, 0, 0, 0,
    0, 0, 0, 0, 0, 0, 0, 0,
    0, 0, 0, 0, 0, 0, 0, 0,
    0, 0, 0, 0, 0, 0, 0, 0,
    0, 0, 0, 0, 0, 0, 0, 0,
    0, 0, 0, 0, 0, -13, 0, 0,
    0, 0, 0, -9, 0, 0, 0, 0,
    0, 0, 0, 0, 0, 0, -13, 0,
    0, 0, 0, 0, 0, 0, 0, -1,
    0, 0, 0, 0, -7, 0, 0, 0,
    0, 0, 0, 0, 0, 0, 0, -18,
    0, 0, 0, 0, 0, 0, 0, 0,
    0, 0, 0, 0, 0, 0, 0, 0,
    0, 0, 0, 0, 0, 0, 0, 0,
    0, 0, 0, 0, 0, 0, 0, 0,
    0, 0, 0, 0, 0, 0, 0, 0,
    0, 0, 0, 0, 0, 0, 0, 0,
    0, 0, 0, 0, 0, 0, 0, 0,
    0, 0, 0, 0, 0, 0, 0, 0,
    0, 0, 0, 0, 0, 0, 0, 0,
    -3, 0, 0, 0, 0, 0, 0, 0,
    0, 0, 0, 0, 0, 0, 0, 0,
    0, 0, 0, 0, 0, 0, 0, 0,
    0, 0, 0, 0, 0, 0, 0, 0,
    0, 0, 0, 0, 0, 0, 0, 0,
    0, 0, 0, 0, 0, 0, 0, 0,
    0, 0, 0, 0, 0, 0, 0, 0,
    0, 0, 0, 0, 0, 0, 0, 0,
    0, 0, 0, 0, 0, 0, 0, 0,
    0, 0, 0, 0, 0, 0, 0, 0,
    -10, 0, 0, -9, 0, 0, 0, 0,
    0, 0, 0, 0, 0, 0, -10, 0,
    0, 0, 0, -9, 0, -10, 0, 0,
    -9, 0, 0, 0, 0, 0, 0, 0,
    0, 0, -13, 4, 0, 0, 0, 0,
    0, 0, 0, 0, 0, 0, 0, 0,
    0, -13, 0, 0, 0, -13, 0, 0,
    0, 0, 0, 0, 0, 0, 0, 0,
    0, 0, 0, 0, -8, -2, 0, 0,
    -6, 0, 0, 0, 0, 0, 0, 0,
    -10, 0, 0, 0, 0, 0, 0, 0,
    0, 0, -3, 0, 0, 0, 0, -9,
    -13, 0, 0, 0, 0, 0, 0, 0,
    0, 0, 0, 0, 0, 0, 0, 0,
    0, 0, 0, -20, 0, 0, 0, 0,
    0, 0, 0, 0, 0, 0, 0, 0,
    0, 0, 0, 0, 0, 0, 0, 0,
    0, 0, 0, 0, 0, 0, 0, 0,
    0, 0, 0, 0, 0, 0, 0, 0,
    0, 0, 0, 0, 0, 0, 0, 0,
    0, 0, 0, 0, 0, 0, 0, 0,
    0, 0, 0, 1, 0, 0, 0, 0,
    0, 0, 0, 0, 0, 0, 0, 0,
    0, 0, 0, 0, 0, 0, 0, -10,
    -13, -12, 0, 0, -13, -9, 0, 0,
    0, 0, 0, 0, -16, 0, 0, 0,
    0, 0, 0, 0, 0, 0, 0, 0,
    0, 0, 0, -9, -22, 0, 0, 0,
    0, 0, 0, 0, 0, 0, 0, 0,
    0, 0, 0, 0, 0, 0, 0, -33,
    0, 0, 0, 0, 0, 0, 0, 0,
    0, 0, 0, 0, 0, 0, 0, 0,
    0, 0, 0, 0, 0, 0, 0, 0,
    0, 0, -23, 0, 0, 0, 0, 0,
    0, 0, 0, 0, 0, 0, 0, 0,
    0, 0, -16, -9, 0, 0, 0, 0,
    0, 0, 0, 0, 0, 0, 0, 0,
    0, 0, 0, 0, 0, -17, 0, 0,
    0, 0, 0, 0, 0, 0, 0, 0,
    0, 0, 0, 0, 0, 0, 0, 0,
    0, 0, 0, 0, 0, 0, 0, 0,
    -10, 0, 0, 0, 0, 0, 0, 0,
    0, 0, 0, 0, 0, 0, 0, -9,
    0, 0, 0, 0, 0, 0, 0, 0,
    0, 0, 0, 0, 0, 0, 0, 0,
    0, -9, 0, -14, 0, 0, -20, 0,
    -1, 0, 0, -22, -9, 0, 0, 4,
    0, -10, 0, 0, 0, 0, 0, 0,
    0, 0, -3, -13, -16, -9, -18, 0,
    0, -9, -2, -9, -9, -18, 0, 0,
    -13, 0, -9, 0, -9, 4, -33, -26,
    0, 0, 0, -19, 0, -2, -6, 0,
    0, 0, 0, 0, 0, 0, 0, -13,
    0, -22, 0, 0, 0, 0, 0, -16,
    0, 0, 0, -24, -24, -25, 0, 0,
    0, 0, -16, 0, 0, 0, 0, 0,
    0, 0, 0, 0, 0, 0, 0, 0,
    -10, 0, 0, 0, 0, 0, 0, 0,
    0, -16, 0, -25, 0, 0, -19, 0,
    0, 0, -24, 0, 0, 0, 0, 0,
    0, 0, 0, 0, 0, 0, 0, 0,
    0, 0, 0, -32, 0, -17, 0, 0,
    -15, -28, -28, -36, -12, 0, 0, 0,
    -25, 0, -16, -10, 0, -14, -25, -14,
    0, -14, 0, -10, 0, -12, -16, -22,
    -15, 0, 0, -12, -3, 0, 0, -17,
    0, -35, 0, 0, 0, 0, 0, 0,
    -28, 0, 3, -6, 0, 0, 0, 0,
    0, 0, 0, 0, 0, 0, 0, 0,
    0, 0, 0, 0, 0, 0, 0, 0,
    0, 0, 0, -17, 0, 0, 0, 0,
    0, 0, 0, 0, 0, 0, 0, -10,
    -23, 0, 0, 0, 0, 0, 0, 0,
    0, 0, 0, 0, 0, 0, 0, 0,
    -32, -25, 0, 0, 0, 0, 0, 0,
    0, 0, 0, 0, 0, 0, 0, 0,
    0, 0, 0, -25, 0, 0, 0, 0,
    0, -10, 0, 0, 0, 0, 0, 0,
    0, 0, 0, 0, 0, 0, 0, 0,
    0, 0, 0, 0, 0, 0, 0, 0,
    0, 0, -9, 0, 0, 0, 0, 0,
    0, 0, 0, 0, 0, -19, 0, 0,
    0, 0, 0, 0, 0, 0, 0, 0,
    0, 0, 0, 0, 0, 0, 0, 0,
    0, 0, 0, 0, 0, 0, 0, 0,
    0, 0, 0, 0, 0, 0, 0, 0,
    0, 0, 0, 0, 0, 0, 0, 0,
    0, 0, 0, 0, -10, 0, 0, 0,
    0, 0, 0, 0, 0, 0, 0, 0,
    0, 0, 0, -9, 0, 0, 0, 0,
    0, 0, 0, 0, 0, 0, 0, 0,
    0, 0, 0, 0, 0, -9, 0, -9,
    -3, -1, -22, 0, 0, 0, 0, 0,
    0, 0, 0, 0, -7, -22, 0, -6,
    0, -3, -5, -6, -2, 0, 0, 0,
    -22, -11, 0, 0, 0, 0, 0, 0,
    0, 0, 0, 0, -13, 0, 0, 0,
    0, 0, 0, -18, 0, -35, -46, 0,
    0, 0, 0, 0, 0, 0, 0, 0,
    0, 0, 0, 0, 0, -9, 0, 0,
    0, 0, 0, -9, 0, 0, -9, -10,
    -9, 0, 0, 0, 0, 0, 0, 0,
    0, 0, 0, 0, 0, 0, 0, 0,
    0, 0, 0, -9, -2, 0, -9, 0,
    0, 0, 0, 0, 0, 0, 0, -20,
    0, 0, -36, 0, 0, 0, -25, 0,
    0, 0, 0, 0, 0, 0, 0, -17,
    0, 0, 0, 0, 0, 0, -2, 0,
    0, 0, 0, 0, 0, 0, 0, 0,
    0, -10, 0, 0, 0, 0, 0, 0,
    0, 0, 0, 0, 0, 0, -13, 0,
    0, 0, 0, 0, 0, -2, 0, 0,
    0, 0, 0, 0, 0, 0, -12, -5,
    0, 0, 0, 0, 0, 0, 0, 0,
    0, 0, 0, 0, 0, 0, 0, 0,
    0, -18, 0, 0, 0, 0, 0, 0,
    0, 0, 0, 0, 0, 0, 0, 0,
    0, 0, 0, 0, 0, 0, 0, 0,
    0, 0, 0, 0, 0, 0, 0, 0,
    0, 0, 0, 0, 0, 0, 0, -2,
    0, 0, 0, 0, 0, 0, 0, 0,
    0, 0, 0, 0, 0, 0, 0, -4,
    0, 0, 0, 0, 0, 0, 0, 0,
    0, 0, 0, 0, 0, 0, 0, 0,
    0, 0, 0, 0, 0, 0, 0, 0,
    0, 0, 0, 0, 0, 0, 0, 0,
    0, 0, 0, 0, 0, 0, 0, 0,
    0, 0, 0, 0, 0, 0, 0, 0,
    0, 0, 0, 0, 0, 0, 0, 0,
    0, 0, 0, 0, -13, 3, -2, 0,
    0, 0, 0, 0, 0, 0, 0, 0,
    0, 0, 0, 0, 0, 0, 0, 0,
    0, 0, 0, 0, 0, 0, 0, 0,
    0, 0, 0, 0, 0, 0, 0, 0,
    0, 0, 0, 0, 0, 0, 0, 0,
    -5, 0, 0, 0, 0, 0, 0, 0,
    0, 0, 0, 0, 0, 0, 0, 0,
    0, 0, 0, -4, 0, 0, 0, 0,
    0, 0, 0, 0, 0, 0, 0, 0,
    0, 0, 0, 0, 0, 0, 0, 0,
    0, -19, 0, 0, 0, 0, 0, 0,
    0, 0, 0, 0, 0, -10, -32, 0,
    0, 0, 0, 0, 0, 0, 0, 0,
    0, 0, 0, 0, 0, 0, 0, 0,
    0, 0, 0, 0, 0, 0, 0, 0,
    0, 0, 0, 0, 0, -6, -4, 0,
    0, -26, 0, 0, 0, 0, 0, 0,
    0, 0, 0, 0, 0, 0, 0, 0,
    0, 0, 0, 0, 0, 0, 0, 0,
    0, 0, 0, 0, 0, 0, 0, 0,
    0, 0, 0, 0, 0, 0, 0, 0,
    0, 0, 0, 0, 0, 0, 0, 0,
    0, 0, 0, 0, 0, 0, 0, 0,
    0, 0, -4, 0, 0, 0, 0, 0,
    0, 0, 0, 0, 0, 0, 0, 0,
    0, 0, 0, 0, 0, 0, 0, 0,
    0, 0, 0, 0, 0, 0, 0, 0,
    0, 0, 0, 0, 0, 0, 0, 0,
    0, 0, 0, 0, 0, 0, 0, 0,
    0, 0, 0, 0, 0, 0, 0, 0,
    0, 0, 0, 0, 0, 0, 0, 0,
    0, -12, 0, 0, 0, 0, 0, 0,
    0, 0, 0, 0, 0, 0, 0, 0,
    0, 0, 0, 0, 0, 0, 0, 0,
    0, 0, 0, 0, 0, 0, 0, 0,
    0, -10, 0, 0, 0, 0, 0, 0,
    0, 0, 0, 0, 0, 0, 0, -6,
    0, 0, 0, 0, 0, 0, 0, 0,
    0, 0, 0, 0, 0, 0, 0, 0,
    0, 0, 0, 0, 0, 0, 0, 0,
    0, 0, 0, 0, -5, 0, 0, 0,
    0, 0, 0, 0, -3, 0, 0, 0,
    0, 0, -7, 0, 0, 0, -2, 0,
    0, -5, -2, 0, -5, 0, 0, 0,
    0, 0, 0, 0, -2, 0, -10, 1,
    0, 0, 0, 0, 0, 0, -1, 0,
    0, 0, 0, 0, 0, 7, 0, 0,
    2, -9, 0, 0, -1, 0, 0, 0,
    0, 0, 0, 0, 0, 0, 0, 0,
    0, 0, 0, 0, 0, 0, 0, 0,
    0, 0, 0, 0, -12, 0, 0, 0,
    0, 0, 0, -2, 0, 0, 0, 0,
    0, 0, 0, 0, -13, 0, -3, 0,
    0, 0, 0, 0, 0, 0, 0, 0,
    0, 0, 0, 0, 0, 0, 0, -19,
    0, 0, 0, 0, 0, 0, 0, 0,
    0, 0, 0, 0, 0, 0, 0, 0,
    0, 0, 0, 0, 0, 0, 0, 0,
    0, 0, -6, 0, 0, 0, 0, 0,
    0, 0, 0, 0, 0, 0, 0, 0,
    0, -6, 0, 0, 0, 0, 0, 0,
    0, 0, 0, 0, 0, 0, 0, 0,
    0, 0, 0, 0, 0, -8, 0, 0,
    0, 0, 0, 0, 0, 0, 0, -17,
    -17, -10, 0, 0, 0, 0, 0, 0,
    0, 0, 0, 0, 0, 0, 0, 0,
    0, -13, 0, 0, 0, 0, 0, 0,
    0, 0, 0, 0, 0, 0, 0, 0,
    0, 0, 0, 0, 0, 0, -17, 0,
    0, 0, 0, 0, 0, 0, 0, 0,
    0, 0, 0, 0, 0, 0, 0, 0,
    0, 0, 0, 0, 0, 0, 0, 0,
    0, 0, 0, 0, 0, 0, 0, 0,
    0, 0, 0, 0, 0, 0, 0, 0,
    0, 0, 0, 0, 0, 0, 0, 0,
    0, 0, 0, 0, 0, 0, -16, 0,
    0, 0, 0, 0, 0, 0, 0, 0,
    0, 0, 0, 0, 0, 0, 0, 0,
    0, -14, 0, 0, 0, 0, 0, 0,
    0, 0, 0, 0, 0, 0, 0, 0,
    0, 0, 0, 0, 0, 0, 0, 0,
    0, 0, 0, 0, -4, 0, 0, 0,
    -3, 0, 0, 0, 0, 0, 0, 0,
    0, 0, 0, 0, 0, 0, 0, 0,
    0, 0, 0, 0, 0, 0, 0, 0,
    0, 0, 0, 0, 0, 0, 0, 0
};


/*Collect the kern class' data in one place*/
static const lv_font_fmt_txt_kern_classes_t kern_classes =
{
    .class_pair_values   = kern_class_values,
    .left_class_mapping  = kern_left_class_mapping,
    .right_class_mapping = kern_right_class_mapping,
    .left_class_cnt      = 60,
    .right_class_cnt     = 62,
};

/*--------------------
 *  ALL CUSTOM DATA
 *--------------------*/

#if LVGL_VERSION_MAJOR == 8
/*Store all the custom data of the font*/
static  lv_font_fmt_txt_glyph_cache_t cache;
#endif

#if LVGL_VERSION_MAJOR >= 8
static const lv_font_fmt_txt_dsc_t font_dsc = {
#else
static lv_font_fmt_txt_dsc_t font_dsc = {
#endif
    .glyph_bitmap = glyph_bitmap,
    .glyph_dsc = glyph_dsc,
    .cmaps = cmaps,
    .kern_dsc = &kern_classes,
    .kern_scale = 16,
    .cmap_num = 18,
    .bpp = 4,
    .kern_classes = 1,
    .bitmap_format = 0,
#if LVGL_VERSION_MAJOR == 8
    .cache = &cache
#endif
};



/*-----------------
 *  PUBLIC FONT
 *----------------*/

/*Initialize a public general font descriptor*/
#if LVGL_VERSION_MAJOR >= 8
const lv_font_t aos_inter_16 = {
#else
lv_font_t aos_inter_16 = {
#endif
    .get_glyph_dsc = lv_font_get_glyph_dsc_fmt_txt,    /*Function pointer to get glyph's data*/
    .get_glyph_bitmap = lv_font_get_bitmap_fmt_txt,    /*Function pointer to get glyph's bitmap*/
    .line_height = 23,          /*The maximum line height required by the font*/
    .base_line = 6,             /*Baseline measured from the bottom of the line*/
#if !(LVGL_VERSION_MAJOR == 6 && LVGL_VERSION_MINOR == 0)
    .subpx = LV_FONT_SUBPX_NONE,
#endif
#if LV_VERSION_CHECK(7, 4, 0) || LVGL_VERSION_MAJOR >= 8
    .underline_position = -3,
    .underline_thickness = 1,
#endif
    .dsc = &font_dsc,          /*The custom font data. Will be accessed by `get_glyph_bitmap/dsc` */
#if LV_VERSION_CHECK(8, 2, 0) || LVGL_VERSION_MAJOR >= 9
    .fallback = NULL,
#endif
    .user_data = NULL,
};



#endif /*#if AOS_INTER_16*/

