/*******************************************************************************
 * Size: 14 px
 * Bpp: 4
 * Opts: --no-compress --no-prefilter --bpp 4 --size 14 --font Inter-Medium.ttf -r 0x20-0x7F,0xA0-0xFF,0x2022,0x2026,0x20AC,0x394,0x3A9,0x3BC,0x3C0,0x2190-0x2193,0x2212,0x221A,0x221E,0x2248,0x2260,0x2264,0x2265 --font FontAwesome5-Solid+Brands+Regular.woff -r 61441,61444,61445,61448,61451,61452,61453,61457,61459,61461,61463,61465,61468,61473,61478,61479,61480,61488,61502,61507,61512,61515,61516,61517,61521,61522,61523,61524,61543,61544,61547,61549,61550,61552,61553,61554,61556,61559,61560,61561,61562,61563,61585,61587,61589,61604,61606,61634,61636,61637,61639,61641,61664,61671,61673,61674,61683,61684,61692,61720,61721,61722,61724,61732,61749,61787,61796,61797,61829,61830,61881,61883,61922,61923,61931,61949,62006,62016,62017,62018,62019,62020,62043,62087,62099,62172,62183,62189,62206,62212,62373,62405,62539,62658,62680,62682,62796,62806,62810,62823,62841,62842,62847,62848,62850,62851,62852,62854,62855,62856,62857,62859,62860,62870,62875,62884,62885,62899,62900,62904,62914,62920,63108,63166,63187,63202,63244,63391,63401,63426,63650 --format lvgl -o aos_inter_14.c --force-fast-kern-format
 ******************************************************************************/

#include "lvgl.h"
#ifndef AOS_INTER_14
#define AOS_INTER_14 1
#endif

#if AOS_INTER_14

/*-----------------
 *    BITMAPS
 *----------------*/

/*Store the image of the glyphs*/
static LV_ATTRIBUTE_LARGE_CONST const uint8_t glyph_bitmap[] = {
    /* U+0020 " " */

    /* U+0021 "!" */
    0xbf, 0xa, 0xe0, 0xae, 0xa, 0xe0, 0xae, 0x9,
    0xd0, 0x9d, 0x1, 0x20, 0x0, 0xb, 0xe0, 0xad,
    0x0,

    /* U+0022 "\"" */
    0x8e, 0xf, 0x78, 0xe0, 0xf6, 0x7d, 0xf, 0x66,
    0xd0, 0xe5, 0x1, 0x1, 0x0,

    /* U+0023 "#" */
    0x0, 0x2f, 0x0, 0x9a, 0x0, 0x5, 0xe0, 0xb,
    0x70, 0x0, 0x7b, 0x0, 0xe5, 0x1, 0xff, 0xff,
    0xff, 0xfa, 0x4, 0xd8, 0x46, 0xf4, 0x20, 0xe,
    0x40, 0x5e, 0x0, 0x1, 0xf2, 0x7, 0xb0, 0xa,
    0xff, 0xff, 0xff, 0xf0, 0x28, 0xd3, 0x3d, 0x83,
    0x0, 0x8b, 0x0, 0xf4, 0x0, 0xa, 0x80, 0x1f,
    0x10, 0x0,

    /* U+0024 "$" */
    0x0, 0x0, 0xd0, 0x0, 0x0, 0x7, 0xef, 0xe9,
    0x10, 0x8, 0xfa, 0xe8, 0xfb, 0x0, 0xeb, 0xd,
    0x7, 0xe1, 0xe, 0xc0, 0xd0, 0x0, 0x0, 0x8f,
    0xce, 0x10, 0x0, 0x0, 0x6d, 0xff, 0xb2, 0x0,
    0x0, 0xd, 0x7f, 0xd0, 0x1, 0x0, 0xd0, 0x5f,
    0x42, 0xf7, 0xd, 0x6, 0xf3, 0xc, 0xf9, 0xe8,
    0xfd, 0x0, 0x1a, 0xef, 0xea, 0x10, 0x0, 0x0,
    0xd0, 0x0, 0x0, 0x0, 0x6, 0x0, 0x0,

    /* U+0025 "%" */
    0xa, 0xfb, 0x0, 0x0, 0x8b, 0x0, 0x5d, 0x1c,
    0x70, 0x2, 0xf2, 0x0, 0x8a, 0x9, 0x90, 0xc,
    0x70, 0x0, 0x6d, 0xb, 0x70, 0x6c, 0x0, 0x0,
    0xc, 0xfd, 0x11, 0xe3, 0x0, 0x0, 0x0, 0x10,
    0xb, 0x80, 0x0, 0x0, 0x0, 0x0, 0x5d, 0x0,
    0xbe, 0x80, 0x0, 0x1, 0xe4, 0x8, 0xb2, 0xe4,
    0x0, 0x9, 0xa0, 0xb, 0x70, 0xb6, 0x0, 0x4e,
    0x10, 0x8, 0xb1, 0xe4, 0x0, 0xd5, 0x0, 0x1,
    0xcf, 0x90,

    /* U+0026 "&" */
    0x0, 0x7e, 0xf8, 0x0, 0x0, 0x4f, 0x86, 0xf6,
    0x0, 0x7, 0xf0, 0xd, 0x90, 0x0, 0x5f, 0x46,
    0xf5, 0x0, 0x0, 0xcf, 0xf8, 0x0, 0x0, 0x1b,
    0xfc, 0x0, 0x0, 0xc, 0xe7, 0xf7, 0xf, 0x53,
    0xf5, 0x7, 0xf8, 0xf3, 0x4f, 0x40, 0xa, 0xfd,
    0x0, 0xed, 0x66, 0xdf, 0xd0, 0x2, 0xbf, 0xea,
    0x3f, 0x90,

    /* U+0027 "'" */
    0x8e, 0x8e, 0x7d, 0x6d, 0x1,

    /* U+0028 "(" */
    0x0, 0x21, 0x3, 0xf5, 0xa, 0xe0, 0xe, 0x90,
    0x3f, 0x50, 0x6f, 0x20, 0x8f, 0x0, 0x9e, 0x0,
    0x9f, 0x0, 0x7f, 0x10, 0x4f, 0x40, 0xf, 0x90,
    0x9, 0xe0, 0x2, 0xf5,

    /* U+0029 ")" */
    0x2, 0x0, 0x2f, 0x50, 0xc, 0xc0, 0x7, 0xf1,
    0x3, 0xf5, 0x0, 0xf8, 0x0, 0xda, 0x0, 0xcc,
    0x0, 0xdb, 0x0, 0xe9, 0x2, 0xf6, 0x6, 0xf2,
    0xc, 0xc0, 0x3f, 0x40,

    /* U+002A "*" */
    0x0, 0xe, 0x20, 0x0, 0xb4, 0xd4, 0xc2, 0x5,
    0xdf, 0xe7, 0x0, 0x5d, 0xfe, 0x80, 0xa, 0x3d,
    0x3a, 0x20, 0x0, 0xd2, 0x0,

    /* U+002B "+" */
    0x0, 0xf, 0x50, 0x0, 0x0, 0xf, 0x50, 0x0,
    0x1, 0x1f, 0x61, 0x10, 0xbf, 0xff, 0xff, 0xf0,
    0x24, 0x4f, 0x84, 0x40, 0x0, 0xf, 0x50, 0x0,
    0x0, 0xf, 0x50, 0x0,

    /* U+002C "," */
    0x1, 0x20, 0xa, 0xe0, 0xc, 0xa0, 0xe, 0x50,
    0x1f, 0x10,

    /* U+002D "-" */
    0x1, 0x11, 0x10, 0xf, 0xff, 0xf8, 0x4, 0x44,
    0x42,

    /* U+002E "." */
    0x0, 0xb, 0xe0, 0xad, 0x0,

    /* U+002F "/" */
    0x0, 0x4, 0x60, 0x0, 0xba, 0x0, 0xf, 0x60,
    0x3, 0xf1, 0x0, 0x7d, 0x0, 0xc, 0x90, 0x0,
    0xf5, 0x0, 0x4f, 0x10, 0x8, 0xc0, 0x0, 0xc8,
    0x0, 0x1f, 0x40, 0x5, 0xf0, 0x0, 0x9c, 0x0,
    0x0,

    /* U+0030 "0" */
    0x0, 0x5d, 0xfd, 0x50, 0x0, 0x4f, 0xb6, 0xbf,
    0x40, 0xc, 0xd0, 0x0, 0xdc, 0x0, 0xf8, 0x0,
    0x8, 0xf1, 0x2f, 0x60, 0x0, 0x5f, 0x33, 0xf5,
    0x0, 0x4, 0xf4, 0x2f, 0x60, 0x0, 0x5f, 0x30,
    0xf8, 0x0, 0x8, 0xf1, 0xc, 0xd0, 0x0, 0xdc,
    0x0, 0x4f, 0xb6, 0xbf, 0x40, 0x0, 0x5d, 0xfd,
    0x50, 0x0,

    /* U+0031 "1" */
    0x1, 0xbf, 0xb2, 0xde, 0xeb, 0x5c, 0x1d, 0xb1,
    0x0, 0xdb, 0x0, 0xd, 0xb0, 0x0, 0xdb, 0x0,
    0xd, 0xb0, 0x0, 0xdb, 0x0, 0xd, 0xb0, 0x0,
    0xdb, 0x0, 0xd, 0xb0,

    /* U+0032 "2" */
    0x0, 0x8e, 0xfc, 0x30, 0x8, 0xf8, 0x6c, 0xf1,
    0xe, 0xa0, 0x1, 0xf7, 0x4, 0x20, 0x0, 0xf7,
    0x0, 0x0, 0x6, 0xf3, 0x0, 0x0, 0x3f, 0xa0,
    0x0, 0x1, 0xed, 0x0, 0x0, 0x1d, 0xe1, 0x0,
    0x0, 0xce, 0x20, 0x0, 0xb, 0xfa, 0x66, 0x64,
    0xf, 0xff, 0xff, 0xfb,

    /* U+0033 "3" */
    0x0, 0x7d, 0xfd, 0x40, 0x8, 0xf9, 0x6b, 0xf3,
    0xe, 0xa0, 0x0, 0xf9, 0x0, 0x0, 0x0, 0xf9,
    0x0, 0x0, 0x19, 0xf3, 0x0, 0xa, 0xff, 0x60,
    0x0, 0x2, 0x49, 0xf6, 0x0, 0x0, 0x0, 0xbe,
    0x1d, 0x60, 0x0, 0xbe, 0xc, 0xf9, 0x6a, 0xf8,
    0x1, 0x9e, 0xfd, 0x70,

    /* U+0034 "4" */
    0x0, 0x0, 0x2f, 0xf1, 0x0, 0x0, 0xa, 0xff,
    0x10, 0x0, 0x3, 0xfb, 0xf1, 0x0, 0x0, 0xcc,
    0x6f, 0x10, 0x0, 0x4f, 0x36, 0xf1, 0x0, 0xd,
    0xb0, 0x6f, 0x10, 0x6, 0xf2, 0x6, 0xf1, 0x0,
    0xea, 0x11, 0x7f, 0x20, 0x3f, 0xff, 0xff, 0xff,
    0x70, 0x44, 0x44, 0x9f, 0x51, 0x0, 0x0, 0x6,
    0xf1, 0x0,

    /* U+0035 "5" */
    0x8, 0xff, 0xff, 0xf2, 0x9, 0xe6, 0x66, 0x61,
    0xb, 0xb0, 0x0, 0x0, 0xd, 0xa0, 0x0, 0x0,
    0xe, 0xcd, 0xfd, 0x40, 0xb, 0xb5, 0x5d, 0xf2,
    0x0, 0x0, 0x1, 0xf8, 0x0, 0x0, 0x0, 0xea,
    0x1e, 0x60, 0x2, 0xf8, 0xb, 0xf8, 0x6d, 0xe1,
    0x1, 0x9e, 0xfb, 0x20,

    /* U+0036 "6" */
    0x0, 0x3c, 0xfd, 0x60, 0x0, 0x2f, 0xc7, 0xaf,
    0x60, 0xa, 0xe0, 0x0, 0xcd, 0x0, 0xf8, 0x0,
    0x0, 0x0, 0x2f, 0x6b, 0xff, 0x80, 0x3, 0xfe,
    0x94, 0x9f, 0x80, 0x3f, 0xb0, 0x0, 0xbe, 0x1,
    0xf7, 0x0, 0x7, 0xf0, 0xd, 0xc0, 0x0, 0xcd,
    0x0, 0x5f, 0xb6, 0xbf, 0x60, 0x0, 0x5c, 0xfd,
    0x60, 0x0,

    /* U+0037 "7" */
    0x6f, 0xff, 0xff, 0xf6, 0x26, 0x66, 0x6a, 0xf4,
    0x0, 0x0, 0xc, 0xd0, 0x0, 0x0, 0x3f, 0x60,
    0x0, 0x0, 0xae, 0x0, 0x0, 0x2, 0xf7, 0x0,
    0x0, 0x9, 0xf1, 0x0, 0x0, 0x1f, 0x90, 0x0,
    0x0, 0x8f, 0x20, 0x0, 0x0, 0xfa, 0x0, 0x0,
    0x7, 0xf2, 0x0, 0x0,

    /* U+0038 "8" */
    0x0, 0x7d, 0xfd, 0x40, 0x0, 0x6f, 0x95, 0xbf,
    0x30, 0xc, 0xc0, 0x0, 0xf9, 0x0, 0xcb, 0x0,
    0xe, 0x90, 0x6, 0xf5, 0x18, 0xf3, 0x0, 0xa,
    0xff, 0xf7, 0x0, 0x9, 0xf7, 0x48, 0xf6, 0x2,
    0xf7, 0x0, 0xb, 0xe0, 0x2f, 0x70, 0x0, 0xaf,
    0x0, 0xcf, 0x75, 0x9f, 0x90, 0x1, 0x9e, 0xfd,
    0x70, 0x0,

    /* U+0039 "9" */
    0x0, 0x7e, 0xfc, 0x30, 0x0, 0x8f, 0x96, 0xcf,
    0x20, 0xf, 0xa0, 0x1, 0xea, 0x3, 0xf5, 0x0,
    0xa, 0xe0, 0x2f, 0x70, 0x0, 0xdf, 0x0, 0xcf,
    0x41, 0x9f, 0xf0, 0x2, 0xdf, 0xfc, 0x9f, 0x0,
    0x0, 0x22, 0xa, 0xc0, 0xe, 0x80, 0x1, 0xf7,
    0x0, 0x9f, 0x98, 0xed, 0x0, 0x0, 0x9e, 0xfb,
    0x20, 0x0,

    /* U+003A ":" */
    0xad, 0xb, 0xe0, 0x0, 0x0, 0x0, 0x0, 0x0,
    0x0, 0xbe, 0xa, 0xd0,

    /* U+003B ";" */
    0x0, 0x0, 0x8, 0xf2, 0x7, 0xe2, 0x0, 0x0,
    0x0, 0x0, 0x0, 0x0, 0x1, 0x20, 0xa, 0xe0,
    0xc, 0xa0, 0xe, 0x50, 0x1f, 0x10,

    /* U+003C "<" */
    0x0, 0x0, 0x0, 0x0, 0x0, 0x0, 0x6a, 0x0,
    0x6, 0xef, 0x90, 0x6e, 0xfa, 0x20, 0xcf, 0x91,
    0x0, 0x8, 0xfd, 0x60, 0x0, 0x2, 0x9f, 0xe7,
    0x0, 0x0, 0x29, 0xfc, 0x0, 0x0, 0x2, 0x70,

    /* U+003D "=" */
    0x1, 0x11, 0x11, 0x18, 0xff, 0xff, 0xfe, 0x24,
    0x44, 0x44, 0x30, 0x11, 0x11, 0x11, 0x8f, 0xff,
    0xff, 0xe2, 0x44, 0x44, 0x43,

    /* U+003E ">" */
    0x0, 0x0, 0x0, 0x0, 0x69, 0x10, 0x0, 0x0,
    0x4f, 0xf9, 0x10, 0x0, 0x0, 0x7e, 0xf9, 0x10,
    0x0, 0x0, 0x6e, 0xf2, 0x0, 0x3, 0xaf, 0xc1,
    0x4, 0xcf, 0xc4, 0x0, 0x6f, 0xc4, 0x0, 0x0,
    0x44, 0x0, 0x0, 0x0,

    /* U+003F "?" */
    0x3, 0xcf, 0xe7, 0x1, 0xfc, 0x5a, 0xf5, 0x5e,
    0x20, 0xe, 0xa0, 0x0, 0x0, 0xf9, 0x0, 0x1,
    0xcf, 0x30, 0x0, 0xde, 0x30, 0x0, 0x4f, 0x40,
    0x0, 0x3, 0xa0, 0x0, 0x0, 0x0, 0x0, 0x0,
    0x7, 0xf3, 0x0, 0x0, 0x6e, 0x30, 0x0,

    /* U+0040 "@" */
    0x0, 0x1, 0x7c, 0xef, 0xd7, 0x0, 0x0, 0x3,
    0xed, 0x74, 0x47, 0xdd, 0x20, 0x1, 0xeb, 0x0,
    0x0, 0x0, 0xbd, 0x0, 0x8e, 0x0, 0x0, 0x0,
    0x1, 0xe6, 0xe, 0x80, 0x1b, 0xfd, 0xbb, 0x9,
    0xb1, 0xf4, 0xb, 0xc4, 0x6f, 0xb0, 0x6e, 0x3f,
    0x21, 0xf3, 0x0, 0xab, 0x5, 0xf3, 0xf2, 0x2f,
    0x0, 0x8, 0xb0, 0x5e, 0x2f, 0x31, 0xf3, 0x0,
    0xab, 0x7, 0xc0, 0xe7, 0xb, 0xc2, 0x5e, 0xe3,
    0xc7, 0x9, 0xd0, 0x1b, 0xfd, 0x3c, 0xfb, 0x0,
    0x2f, 0xa0, 0x0, 0x0, 0x0, 0x0, 0x0, 0x4f,
    0xd7, 0x44, 0x69, 0x0, 0x0, 0x0, 0x18, 0xdf,
    0xfd, 0xa1, 0x0,

    /* U+0041 "A" */
    0x0, 0x3, 0xff, 0x10, 0x0, 0x0, 0x8, 0xef,
    0x60, 0x0, 0x0, 0xd, 0xac, 0xb0, 0x0, 0x0,
    0x3f, 0x68, 0xf1, 0x0, 0x0, 0x8f, 0x14, 0xf6,
    0x0, 0x0, 0xdd, 0x0, 0xeb, 0x0, 0x2, 0xf9,
    0x11, 0xaf, 0x10, 0x8, 0xff, 0xff, 0xff, 0x60,
    0xd, 0xd4, 0x44, 0x4f, 0xb0, 0x2f, 0x80, 0x0,
    0xa, 0xf1, 0x7f, 0x30, 0x0, 0x4, 0xf6,

    /* U+0042 "B" */
    0xef, 0xff, 0xea, 0x10, 0xec, 0x66, 0x8f, 0xb0,
    0xeb, 0x0, 0x9, 0xf0, 0xeb, 0x0, 0x8, 0xf0,
    0xeb, 0x0, 0x3e, 0x90, 0xef, 0xff, 0xfc, 0x10,
    0xec, 0x33, 0x4d, 0xe1, 0xeb, 0x0, 0x3, 0xf6,
    0xeb, 0x0, 0x2, 0xf6, 0xec, 0x66, 0x7d, 0xf2,
    0xef, 0xff, 0xfc, 0x40,

    /* U+0043 "C" */
    0x0, 0x19, 0xef, 0xd6, 0x0, 0x0, 0xdf, 0xa8,
    0xbf, 0x90, 0x9, 0xf4, 0x0, 0x8, 0xf3, 0xe,
    0xa0, 0x0, 0x1, 0x94, 0x2f, 0x60, 0x0, 0x0,
    0x0, 0x3f, 0x50, 0x0, 0x0, 0x0, 0x2f, 0x60,
    0x0, 0x0, 0x0, 0xe, 0xa0, 0x0, 0x1, 0x94,
    0x9, 0xf4, 0x0, 0x8, 0xf3, 0x0, 0xdf, 0xa8,
    0xbf, 0x90, 0x0, 0x19, 0xef, 0xd7, 0x0,

    /* U+0044 "D" */
    0xef, 0xff, 0xe9, 0x10, 0xe, 0xd6, 0x68, 0xee,
    0x20, 0xeb, 0x0, 0x2, 0xfb, 0xe, 0xb0, 0x0,
    0x8, 0xf1, 0xeb, 0x0, 0x0, 0x4f, 0x4e, 0xb0,
    0x0, 0x3, 0xf5, 0xeb, 0x0, 0x0, 0x5f, 0x4e,
    0xb0, 0x0, 0x8, 0xf1, 0xeb, 0x0, 0x2, 0xfb,
    0xe, 0xd6, 0x79, 0xfe, 0x10, 0xef, 0xff, 0xe9,
    0x10, 0x0,

    /* U+0045 "E" */
    0xef, 0xff, 0xff, 0x8e, 0xc6, 0x66, 0x63, 0xeb,
    0x0, 0x0, 0xe, 0xb0, 0x0, 0x0, 0xeb, 0x11,
    0x11, 0xe, 0xff, 0xff, 0xf3, 0xec, 0x44, 0x44,
    0xe, 0xb0, 0x0, 0x0, 0xeb, 0x0, 0x0, 0xe,
    0xc6, 0x66, 0x63, 0xef, 0xff, 0xff, 0x90,

    /* U+0046 "F" */
    0xef, 0xff, 0xff, 0x7e, 0xc6, 0x66, 0x62, 0xeb,
    0x0, 0x0, 0xe, 0xb0, 0x0, 0x0, 0xeb, 0x11,
    0x11, 0xe, 0xff, 0xff, 0xf0, 0xec, 0x44, 0x44,
    0xe, 0xb0, 0x0, 0x0, 0xeb, 0x0, 0x0, 0xe,
    0xb0, 0x0, 0x0, 0xeb, 0x0, 0x0, 0x0,

    /* U+0047 "G" */
    0x0, 0x19, 0xef, 0xd6, 0x0, 0x0, 0xdf, 0xa8,
    0xcf, 0x80, 0x9, 0xf4, 0x0, 0xa, 0xf2, 0xe,
    0xa0, 0x0, 0x2, 0xd6, 0x2f, 0x60, 0x0, 0x0,
    0x0, 0x3f, 0x50, 0x0, 0x11, 0x10, 0x2f, 0x60,
    0x5, 0xff, 0xfa, 0xe, 0xa0, 0x1, 0x44, 0xf9,
    0x9, 0xf4, 0x0, 0x5, 0xf6, 0x1, 0xdf, 0xa8,
    0xaf, 0xc0, 0x0, 0x19, 0xef, 0xd8, 0x0,

    /* U+0048 "H" */
    0xeb, 0x0, 0x0, 0x4f, 0x4e, 0xb0, 0x0, 0x4,
    0xf4, 0xeb, 0x0, 0x0, 0x4f, 0x4e, 0xb0, 0x0,
    0x4, 0xf4, 0xeb, 0x11, 0x11, 0x5f, 0x4e, 0xff,
    0xff, 0xff, 0xf4, 0xec, 0x44, 0x44, 0x7f, 0x4e,
    0xb0, 0x0, 0x4, 0xf4, 0xeb, 0x0, 0x0, 0x4f,
    0x4e, 0xb0, 0x0, 0x4, 0xf4, 0xeb, 0x0, 0x0,
    0x4f, 0x40,

    /* U+0049 "I" */
    0xeb, 0xeb, 0xeb, 0xeb, 0xeb, 0xeb, 0xeb, 0xeb,
    0xeb, 0xeb, 0xeb,

    /* U+004A "J" */
    0x0, 0x0, 0xa, 0xe0, 0x0, 0x0, 0xae, 0x0,
    0x0, 0xa, 0xe0, 0x0, 0x0, 0xae, 0x0, 0x0,
    0xa, 0xe0, 0x0, 0x0, 0xae, 0x0, 0x0, 0xa,
    0xe5, 0xe2, 0x0, 0xae, 0x4f, 0x40, 0xc, 0xc0,
    0xee, 0x69, 0xf7, 0x2, 0xbf, 0xe8, 0x0,

    /* U+004B "K" */
    0xeb, 0x0, 0x3, 0xfc, 0xe, 0xb0, 0x1, 0xed,
    0x10, 0xeb, 0x0, 0xdf, 0x20, 0xe, 0xa0, 0xbf,
    0x40, 0x0, 0xea, 0x7f, 0x70, 0x0, 0xe, 0xdf,
    0xfa, 0x0, 0x0, 0xef, 0x97, 0xf5, 0x0, 0xe,
    0xc0, 0xd, 0xe1, 0x0, 0xeb, 0x0, 0x3f, 0xa0,
    0xe, 0xb0, 0x0, 0x9f, 0x40, 0xeb, 0x0, 0x0,
    0xde, 0x0,

    /* U+004C "L" */
    0xeb, 0x0, 0x0, 0xe, 0xb0, 0x0, 0x0, 0xeb,
    0x0, 0x0, 0xe, 0xb0, 0x0, 0x0, 0xeb, 0x0,
    0x0, 0xe, 0xb0, 0x0, 0x0, 0xeb, 0x0, 0x0,
    0xe, 0xb0, 0x0, 0x0, 0xeb, 0x0, 0x0, 0xe,
    0xc6, 0x66, 0x61, 0xef, 0xff, 0xff, 0x40,

    /* U+004D "M" */
    0xef, 0x90, 0x0, 0x0, 0xdf, 0xae, 0xfe, 0x0,
    0x0, 0x2f, 0xfa, 0xec, 0xf4, 0x0, 0x8, 0xed,
    0xae, 0x9e, 0xa0, 0x0, 0xd9, 0xda, 0xea, 0x9f,
    0x0, 0x3f, 0x5e, 0xae, 0xa3, 0xf5, 0x9, 0xf0,
    0xea, 0xea, 0xe, 0xb0, 0xea, 0xe, 0xae, 0xa0,
    0x8f, 0x3f, 0x40, 0xea, 0xea, 0x2, 0xfa, 0xe0,
    0xe, 0xae, 0xa0, 0xd, 0xf9, 0x0, 0xea, 0xea,
    0x0, 0x7f, 0x30, 0xe, 0xa0,

    /* U+004E "N" */
    0xef, 0x30, 0x0, 0x2f, 0x7e, 0xfc, 0x0, 0x2,
    0xf7, 0xec, 0xf6, 0x0, 0x2f, 0x7e, 0xaa, 0xe0,
    0x2, 0xf7, 0xeb, 0x2f, 0x90, 0x2f, 0x7e, 0xb0,
    0x9f, 0x22, 0xf7, 0xeb, 0x1, 0xeb, 0x1f, 0x7e,
    0xb0, 0x6, 0xf5, 0xf7, 0xeb, 0x0, 0xc, 0xcf,
    0x7e, 0xb0, 0x0, 0x3f, 0xf7, 0xeb, 0x0, 0x0,
    0xaf, 0x70,

    /* U+004F "O" */
    0x0, 0x19, 0xef, 0xd6, 0x0, 0x0, 0xdf, 0xa8,
    0xbf, 0xa0, 0x9, 0xf4, 0x0, 0x8, 0xf4, 0xe,
    0xa0, 0x0, 0x0, 0xea, 0x2f, 0x60, 0x0, 0x0,
    0xad, 0x3f, 0x50, 0x0, 0x0, 0x9e, 0x2f, 0x60,
    0x0, 0x0, 0xad, 0xe, 0xa0, 0x0, 0x0, 0xea,
    0x9, 0xf4, 0x0, 0x8, 0xf4, 0x0, 0xdf, 0xa8,
    0xbf, 0xa0, 0x0, 0x19, 0xef, 0xd6, 0x0,

    /* U+0050 "P" */
    0xef, 0xff, 0xe9, 0x0, 0xec, 0x66, 0x9f, 0xb0,
    0xeb, 0x0, 0x8, 0xf2, 0xeb, 0x0, 0x4, 0xf4,
    0xeb, 0x0, 0x6, 0xf3, 0xeb, 0x11, 0x4e, 0xd0,
    0xef, 0xff, 0xfd, 0x20, 0xec, 0x44, 0x30, 0x0,
    0xeb, 0x0, 0x0, 0x0, 0xeb, 0x0, 0x0, 0x0,
    0xeb, 0x0, 0x0, 0x0,

    /* U+0051 "Q" */
    0x0, 0x19, 0xef, 0xd6, 0x0, 0x0, 0xdf, 0xa8,
    0xbf, 0x90, 0x9, 0xf4, 0x0, 0x8, 0xf4, 0xe,
    0xa0, 0x0, 0x0, 0xea, 0x2f, 0x60, 0x0, 0x0,
    0xad, 0x3f, 0x50, 0x0, 0x0, 0x9e, 0x2f, 0x60,
    0x0, 0x0, 0xad, 0xe, 0xa0, 0x8, 0x50, 0xea,
    0x9, 0xf4, 0x5, 0xfa, 0xf4, 0x0, 0xdf, 0xa8,
    0xef, 0xa0, 0x0, 0x19, 0xef, 0xde, 0x90, 0x0,
    0x0, 0x0, 0x4, 0xf4,

    /* U+0052 "R" */
    0xef, 0xff, 0xe9, 0x0, 0xec, 0x66, 0x9f, 0xb0,
    0xeb, 0x0, 0x8, 0xf2, 0xeb, 0x0, 0x4, 0xf4,
    0xeb, 0x0, 0x6, 0xf3, 0xeb, 0x11, 0x4e, 0xe0,
    0xef, 0xff, 0xfe, 0x30, 0xec, 0x44, 0xfb, 0x0,
    0xeb, 0x0, 0x7f, 0x40, 0xeb, 0x0, 0xe, 0xd0,
    0xeb, 0x0, 0x5, 0xf6,

    /* U+0053 "S" */
    0x0, 0x6d, 0xfe, 0x80, 0x0, 0x8f, 0xa6, 0x9f,
    0xb0, 0xe, 0xb0, 0x0, 0x7e, 0x10, 0xeb, 0x0,
    0x0, 0x0, 0x8, 0xfc, 0x61, 0x0, 0x0, 0x6,
    0xdf, 0xfb, 0x20, 0x0, 0x0, 0x27, 0xed, 0x0,
    0x20, 0x0, 0x5, 0xf4, 0x2f, 0x80, 0x0, 0x6f,
    0x30, 0xbf, 0x97, 0x9f, 0xc0, 0x0, 0x8d, 0xfe,
    0x91, 0x0,

    /* U+0054 "T" */
    0x6f, 0xff, 0xff, 0xff, 0x82, 0x66, 0x8f, 0x96,
    0x63, 0x0, 0x3, 0xf5, 0x0, 0x0, 0x0, 0x3f,
    0x50, 0x0, 0x0, 0x3, 0xf5, 0x0, 0x0, 0x0,
    0x3f, 0x50, 0x0, 0x0, 0x3, 0xf5, 0x0, 0x0,
    0x0, 0x3f, 0x50, 0x0, 0x0, 0x3, 0xf5, 0x0,
    0x0, 0x0, 0x3f, 0x50, 0x0, 0x0, 0x3, 0xf5,
    0x0, 0x0,

    /* U+0055 "U" */
    0xeb, 0x0, 0x0, 0x5f, 0x3e, 0xb0, 0x0, 0x5,
    0xf3, 0xeb, 0x0, 0x0, 0x5f, 0x3e, 0xb0, 0x0,
    0x5, 0xf3, 0xeb, 0x0, 0x0, 0x5f, 0x3e, 0xb0,
    0x0, 0x5, 0xf3, 0xeb, 0x0, 0x0, 0x5f, 0x3d,
    0xc0, 0x0, 0x6, 0xf2, 0x9f, 0x20, 0x0, 0xce,
    0x2, 0xef, 0x98, 0xdf, 0x60, 0x2, 0xae, 0xfc,
    0x50, 0x0,

    /* U+0056 "V" */
    0x7f, 0x30, 0x0, 0x4, 0xf6, 0x2f, 0x80, 0x0,
    0x9, 0xf1, 0xd, 0xd0, 0x0, 0xe, 0xb0, 0x7,
    0xf2, 0x0, 0x3f, 0x60, 0x2, 0xf7, 0x0, 0x8f,
    0x10, 0x0, 0xdc, 0x0, 0xdc, 0x0, 0x0, 0x7f,
    0x22, 0xf6, 0x0, 0x0, 0x2f, 0x66, 0xf1, 0x0,
    0x0, 0xc, 0xbb, 0xc0, 0x0, 0x0, 0x7, 0xff,
    0x60, 0x0, 0x0, 0x2, 0xff, 0x10, 0x0,

    /* U+0057 "W" */
    0x8f, 0x10, 0x0, 0xff, 0x0, 0x1, 0xf8, 0x4f,
    0x50, 0x3, 0xff, 0x30, 0x5, 0xf4, 0xf, 0x90,
    0x6, 0xee, 0x70, 0x8, 0xf1, 0xc, 0xc0, 0xa,
    0xbb, 0xb0, 0xc, 0xc0, 0x8, 0xf0, 0xe, 0x87,
    0xe0, 0xf, 0x80, 0x4, 0xf4, 0x2f, 0x43, 0xf2,
    0x4f, 0x40, 0x0, 0xf7, 0x6f, 0x0, 0xf6, 0x7f,
    0x10, 0x0, 0xcb, 0x9c, 0x0, 0xb9, 0xac, 0x0,
    0x0, 0x8e, 0xc8, 0x0, 0x8d, 0xd8, 0x0, 0x0,
    0x4f, 0xf4, 0x0, 0x4f, 0xf4, 0x0, 0x0, 0xf,
    0xf0, 0x0, 0xf, 0xf0, 0x0,

    /* U+0058 "X" */
    0x1f, 0xc0, 0x0, 0xd, 0xd0, 0x6, 0xf6, 0x0,
    0x8f, 0x40, 0x0, 0xce, 0x2, 0xf9, 0x0, 0x0,
    0x2f, 0x8b, 0xe1, 0x0, 0x0, 0x8, 0xff, 0x50,
    0x0, 0x0, 0x2, 0xff, 0x0, 0x0, 0x0, 0xb,
    0xef, 0x90, 0x0, 0x0, 0x5f, 0x59, 0xf3, 0x0,
    0x1, 0xec, 0x0, 0xed, 0x0, 0xa, 0xf2, 0x0,
    0x5f, 0x70, 0x4f, 0x70, 0x0, 0xb, 0xf2,

    /* U+0059 "Y" */
    0x6f, 0x70, 0x0, 0xa, 0xf2, 0xc, 0xe0, 0x0,
    0x3f, 0x80, 0x3, 0xf8, 0x0, 0xce, 0x10, 0x0,
    0xaf, 0x14, 0xf6, 0x0, 0x0, 0x2f, 0x9c, 0xd0,
    0x0, 0x0, 0x8, 0xff, 0x40, 0x0, 0x0, 0x0,
    0xfc, 0x0, 0x0, 0x0, 0x0, 0xea, 0x0, 0x0,
    0x0, 0x0, 0xea, 0x0, 0x0, 0x0, 0x0, 0xea,
    0x0, 0x0, 0x0, 0x0, 0xea, 0x0, 0x0,

    /* U+005A "Z" */
    0x3f, 0xff, 0xff, 0xff, 0x11, 0x66, 0x66, 0x6e,
    0xd0, 0x0, 0x0, 0x7, 0xf3, 0x0, 0x0, 0x2,
    0xf9, 0x0, 0x0, 0x0, 0xbe, 0x10, 0x0, 0x0,
    0x5f, 0x50, 0x0, 0x0, 0x1e, 0xb0, 0x0, 0x0,
    0x9, 0xf2, 0x0, 0x0, 0x3, 0xf7, 0x0, 0x0,
    0x0, 0xde, 0x55, 0x55, 0x50, 0x2f, 0xff, 0xff,
    0xff, 0x20,

    /* U+005B "[" */
    0x0, 0x0, 0x9f, 0xf6, 0x9e, 0x31, 0x9e, 0x0,
    0x9e, 0x0, 0x9e, 0x0, 0x9e, 0x0, 0x9e, 0x0,
    0x9e, 0x0, 0x9e, 0x0, 0x9e, 0x0, 0x9e, 0x0,
    0x9e, 0x0, 0x9f, 0xf6, 0x13, 0x31,

    /* U+005C "\\" */
    0x55, 0x0, 0x7, 0xe0, 0x0, 0x3f, 0x20, 0x0,
    0xe6, 0x0, 0xa, 0xa0, 0x0, 0x6e, 0x0, 0x2,
    0xf3, 0x0, 0xe, 0x70, 0x0, 0x9b, 0x0, 0x5,
    0xf0, 0x0, 0x1f, 0x30, 0x0, 0xd8, 0x0, 0x9,
    0xc0,

    /* U+005D "]" */
    0x0, 0x0, 0x3f, 0xfb, 0x3, 0xcb, 0x0, 0xbb,
    0x0, 0xbb, 0x0, 0xbb, 0x0, 0xbb, 0x0, 0xbb,
    0x0, 0xbb, 0x0, 0xbb, 0x0, 0xbb, 0x0, 0xbb,
    0x0, 0xbb, 0x3f, 0xfb, 0x3, 0x32,

    /* U+005E "^" */
    0x0, 0x48, 0x10, 0x0, 0xd, 0xf8, 0x0, 0x5,
    0xe5, 0xe0, 0x0, 0xc8, 0xd, 0x70, 0x3f, 0x10,
    0x6e, 0x0,

    /* U+005F "_" */
    0x11, 0x11, 0x11, 0xf, 0xff, 0xff, 0xf7, 0x44,
    0x44, 0x44, 0x10,

    /* U+0060 "`" */
    0x11, 0x8, 0xd0, 0xd, 0x50,

    /* U+0061 "a" */
    0x2, 0xbe, 0xea, 0x0, 0xed, 0x56, 0xea, 0x2,
    0x10, 0x9, 0xe0, 0x17, 0xac, 0xff, 0x1e, 0xd7,
    0x59, 0xf6, 0xf1, 0x0, 0xbf, 0x4f, 0x94, 0x8f,
    0xf0, 0x7e, 0xfa, 0x8f,

    /* U+0062 "b" */
    0xf8, 0x0, 0x0, 0xf, 0x80, 0x0, 0x0, 0xf8,
    0x0, 0x0, 0xf, 0x89, 0xfe, 0x60, 0xfe, 0xa5,
    0xaf, 0x5f, 0xc0, 0x0, 0xdc, 0xf8, 0x0, 0x9,
    0xff, 0x80, 0x0, 0xaf, 0xfc, 0x0, 0xd, 0xcf,
    0xea, 0x5b, 0xf5, 0xf7, 0x9f, 0xe7, 0x0,

    /* U+0063 "c" */
    0x0, 0x8e, 0xfb, 0x30, 0xa, 0xf7, 0x5c, 0xf1,
    0x1f, 0x80, 0x1, 0x82, 0x4f, 0x40, 0x0, 0x0,
    0x4f, 0x40, 0x0, 0x0, 0x1f, 0x80, 0x1, 0x92,
    0xa, 0xf7, 0x5c, 0xf1, 0x0, 0x8e, 0xfb, 0x30,

    /* U+0064 "d" */
    0x0, 0x0, 0x0, 0xda, 0x0, 0x0, 0x0, 0xda,
    0x0, 0x0, 0x0, 0xda, 0x1, 0xaf, 0xe5, 0xda,
    0xb, 0xf7, 0x6c, 0xfa, 0x2f, 0x80, 0x2, 0xfa,
    0x4f, 0x40, 0x0, 0xea, 0x4f, 0x40, 0x0, 0xea,
    0x2f, 0x80, 0x2, 0xfa, 0xb, 0xf7, 0x6d, 0xea,
    0x1, 0xaf, 0xd5, 0xda,

    /* U+0065 "e" */
    0x0, 0x8e, 0xfb, 0x20, 0xa, 0xe6, 0x5c, 0xe1,
    0x1f, 0x50, 0x1, 0xf6, 0x4f, 0xff, 0xff, 0xf9,
    0x4f, 0x52, 0x22, 0x21, 0x1f, 0x70, 0x0, 0x51,
    0xa, 0xf7, 0x5b, 0xf2, 0x0, 0x8e, 0xfc, 0x40,

    /* U+0066 "f" */
    0x0, 0x8e, 0xe0, 0x4, 0xf9, 0x50, 0x6, 0xf1,
    0x0, 0xdf, 0xff, 0xc0, 0x39, 0xf5, 0x30, 0x6,
    0xf1, 0x0, 0x6, 0xf1, 0x0, 0x6, 0xf1, 0x0,
    0x6, 0xf1, 0x0, 0x6, 0xf1, 0x0, 0x6, 0xf1,
    0x0,

    /* U+0067 "g" */
    0x0, 0xaf, 0xe5, 0xda, 0xa, 0xf7, 0x6d, 0xea,
    0x1f, 0x80, 0x2, 0xfa, 0x4f, 0x40, 0x0, 0xea,
    0x4f, 0x30, 0x0, 0xea, 0x2f, 0x70, 0x1, 0xfa,
    0xb, 0xf7, 0x5c, 0xfa, 0x1, 0xaf, 0xe5, 0xda,
    0x0, 0x0, 0x0, 0xe9, 0xb, 0xd5, 0x4a, 0xf4,
    0x2, 0xae, 0xfd, 0x50,

    /* U+0068 "h" */
    0xf8, 0x0, 0x0, 0xf, 0x80, 0x0, 0x0, 0xf8,
    0x0, 0x0, 0xf, 0x89, 0xfd, 0x50, 0xfe, 0x96,
    0xdf, 0x2f, 0xb0, 0x3, 0xf5, 0xf8, 0x0, 0x1f,
    0x6f, 0x80, 0x1, 0xf6, 0xf8, 0x0, 0x1f, 0x6f,
    0x80, 0x1, 0xf6, 0xf8, 0x0, 0x1f, 0x60,

    /* U+0069 "i" */
    0x1e, 0x80, 0xb6, 0x0, 0x0, 0xf8, 0xf, 0x80,
    0xf8, 0xf, 0x80, 0xf8, 0xf, 0x80, 0xf8, 0xf,
    0x80,

    /* U+006A "j" */
    0x1, 0xe8, 0x0, 0xb6, 0x0, 0x0, 0x0, 0xf8,
    0x0, 0xf8, 0x0, 0xf8, 0x0, 0xf8, 0x0, 0xf8,
    0x0, 0xf8, 0x0, 0xf8, 0x0, 0xf8, 0x0, 0xf7,
    0x18, 0xf5, 0x3e, 0x90,

    /* U+006B "k" */
    0xf8, 0x0, 0x0, 0xf, 0x80, 0x0, 0x0, 0xf8,
    0x0, 0x0, 0xf, 0x80, 0xb, 0xe1, 0xf8, 0xa,
    0xf3, 0xf, 0x88, 0xf4, 0x0, 0xfe, 0xf9, 0x0,
    0xf, 0xfc, 0xf2, 0x0, 0xf8, 0x1e, 0xd0, 0xf,
    0x80, 0x4f, 0x90, 0xf8, 0x0, 0x8f, 0x50,

    /* U+006C "l" */
    0xf8, 0xf8, 0xf8, 0xf8, 0xf8, 0xf8, 0xf8, 0xf8,
    0xf8, 0xf8, 0xf8,

    /* U+006D "m" */
    0xf7, 0xaf, 0xc1, 0x8e, 0xe7, 0xf, 0xe6, 0x5e,
    0xda, 0x4a, 0xf3, 0xf9, 0x0, 0x9f, 0x0, 0x1f,
    0x6f, 0x80, 0x8, 0xf0, 0x1, 0xf6, 0xf8, 0x0,
    0x8f, 0x0, 0x1f, 0x6f, 0x80, 0x8, 0xf0, 0x1,
    0xf6, 0xf8, 0x0, 0x8f, 0x0, 0x1f, 0x6f, 0x80,
    0x8, 0xf0, 0x1, 0xf6,

    /* U+006E "n" */
    0xf7, 0xaf, 0xd5, 0xf, 0xe7, 0x5c, 0xf1, 0xfa,
    0x0, 0x3f, 0x5f, 0x80, 0x1, 0xf6, 0xf8, 0x0,
    0x1f, 0x6f, 0x80, 0x1, 0xf6, 0xf8, 0x0, 0x1f,
    0x6f, 0x80, 0x1, 0xf6,

    /* U+006F "o" */
    0x0, 0x8e, 0xfc, 0x30, 0xa, 0xf7, 0x5c, 0xf1,
    0x1f, 0x80, 0x1, 0xf8, 0x4f, 0x40, 0x0, 0xcb,
    0x4f, 0x40, 0x0, 0xcb, 0x1f, 0x80, 0x1, 0xf8,
    0xa, 0xf7, 0x5c, 0xf2, 0x0, 0x8e, 0xfc, 0x30,

    /* U+0070 "p" */
    0xf7, 0x9f, 0xe6, 0xf, 0xe8, 0x49, 0xf5, 0xfc,
    0x0, 0xd, 0xcf, 0x80, 0x0, 0x9f, 0xf8, 0x0,
    0xa, 0xff, 0xd0, 0x0, 0xdc, 0xfe, 0xa5, 0xbf,
    0x5f, 0x89, 0xfe, 0x70, 0xf8, 0x0, 0x0, 0xf,
    0x80, 0x0, 0x0, 0xf8, 0x0, 0x0, 0x0,

    /* U+0071 "q" */
    0x1, 0xaf, 0xe5, 0xda, 0xb, 0xf7, 0x6c, 0xea,
    0x2f, 0x80, 0x2, 0xfa, 0x4f, 0x40, 0x0, 0xea,
    0x4f, 0x40, 0x0, 0xea, 0x2f, 0x80, 0x2, 0xfa,
    0xb, 0xf7, 0x6d, 0xfa, 0x1, 0xaf, 0xd5, 0xda,
    0x0, 0x0, 0x0, 0xda, 0x0, 0x0, 0x0, 0xda,
    0x0, 0x0, 0x0, 0xda,

    /* U+0072 "r" */
    0xf8, 0xbf, 0x1f, 0xf9, 0x50, 0xfa, 0x0, 0xf,
    0x80, 0x0, 0xf8, 0x0, 0xf, 0x80, 0x0, 0xf8,
    0x0, 0xf, 0x80, 0x0,

    /* U+0073 "s" */
    0x3, 0xcf, 0xe9, 0x0, 0xec, 0x45, 0xf8, 0xf,
    0x80, 0x1, 0x0, 0xaf, 0xc8, 0x30, 0x0, 0x48,
    0xdf, 0x70, 0x41, 0x0, 0xbd, 0x1f, 0xb4, 0x6e,
    0xa0, 0x4c, 0xfe, 0x91,

    /* U+0074 "t" */
    0xc, 0xc0, 0x0, 0xcc, 0x0, 0xdf, 0xff, 0x43,
    0xdd, 0x41, 0xc, 0xc0, 0x0, 0xcc, 0x0, 0xc,
    0xc0, 0x0, 0xbc, 0x0, 0xa, 0xe6, 0x10, 0x2c,
    0xf5,

    /* U+0075 "u" */
    0xf8, 0x0, 0x1f, 0x6f, 0x80, 0x1, 0xf6, 0xf8,
    0x0, 0x1f, 0x6f, 0x80, 0x1, 0xf6, 0xf8, 0x0,
    0x1f, 0x6e, 0xa0, 0x4, 0xf6, 0xaf, 0x86, 0xcf,
    0x61, 0xbf, 0xd3, 0xf6,

    /* U+0076 "v" */
    0x8f, 0x10, 0x1, 0xf8, 0x2f, 0x70, 0x6, 0xf2,
    0xc, 0xc0, 0xb, 0xd0, 0x6, 0xf1, 0x1f, 0x70,
    0x1, 0xf6, 0x6f, 0x10, 0x0, 0xbb, 0xab, 0x0,
    0x0, 0x5f, 0xe6, 0x0, 0x0, 0xf, 0xf0, 0x0,

    /* U+0077 "w" */
    0x7f, 0x10, 0x1f, 0xa0, 0x8, 0xf1, 0x2f, 0x50,
    0x5f, 0xe0, 0xc, 0xc0, 0xe, 0x90, 0x9b, 0xf2,
    0xf, 0x70, 0x9, 0xd0, 0xd6, 0xc6, 0x4f, 0x30,
    0x5, 0xf2, 0xf2, 0x8a, 0x8e, 0x0, 0x0, 0xf9,
    0xe0, 0x4e, 0xba, 0x0, 0x0, 0xbf, 0x90, 0xf,
    0xf5, 0x0, 0x0, 0x7f, 0x50, 0xb, 0xf1, 0x0,

    /* U+0078 "x" */
    0x2f, 0x80, 0xa, 0xe1, 0x8, 0xf2, 0x4f, 0x50,
    0x0, 0xda, 0xcb, 0x0, 0x0, 0x4f, 0xf2, 0x0,
    0x0, 0x6f, 0xf2, 0x0, 0x1, 0xe8, 0xcc, 0x0,
    0xa, 0xe1, 0x3f, 0x70, 0x4f, 0x50, 0x9, 0xf2,

    /* U+0079 "y" */
    0x8f, 0x10, 0x1, 0xf8, 0x2f, 0x70, 0x6, 0xf2,
    0xc, 0xc0, 0xb, 0xd0, 0x6, 0xf1, 0x1f, 0x70,
    0x1, 0xf7, 0x6f, 0x10, 0x0, 0xbb, 0xbb, 0x0,
    0x0, 0x5f, 0xf5, 0x0, 0x0, 0xe, 0xf0, 0x0,
    0x0, 0xe, 0xa0, 0x0, 0x4, 0x9f, 0x30, 0x0,
    0xe, 0xe6, 0x0, 0x0,

    /* U+007A "z" */
    0xf, 0xff, 0xff, 0xd0, 0x66, 0x68, 0xf9, 0x0,
    0x0, 0xdd, 0x0, 0x0, 0x9f, 0x20, 0x0, 0x5f,
    0x60, 0x0, 0x2f, 0xb0, 0x0, 0xc, 0xf7, 0x66,
    0x62, 0xff, 0xff, 0xff,

    /* U+007B "{" */
    0x0, 0x8, 0xe5, 0x0, 0x5f, 0x71, 0x0, 0x8e,
    0x0, 0x0, 0x8e, 0x0, 0x0, 0x8d, 0x0, 0x0,
    0xcc, 0x0, 0xf, 0xc2, 0x0, 0x9, 0xf7, 0x0,
    0x0, 0x9d, 0x0, 0x0, 0x8e, 0x0, 0x0, 0x8e,
    0x0, 0x0, 0x6f, 0x40, 0x0, 0xc, 0xf6, 0x0,
    0x0, 0x11,

    /* U+007C "|" */
    0x28, 0x4, 0xf1, 0x4f, 0x14, 0xf1, 0x4f, 0x14,
    0xf1, 0x4f, 0x14, 0xf1, 0x4f, 0x14, 0xf1, 0x4f,
    0x14, 0xf1, 0x4f, 0x14, 0xf1, 0x4f, 0x14, 0xf1,
    0x4f, 0x14, 0xf1,

    /* U+007D "}" */
    0x3e, 0xa0, 0x0, 0x6, 0xf7, 0x0, 0x0, 0xba,
    0x0, 0x0, 0xbb, 0x0, 0x0, 0xbb, 0x0, 0x0,
    0x8e, 0x40, 0x0, 0xa, 0xf3, 0x0, 0x6f, 0x71,
    0x0, 0xbb, 0x0, 0x0, 0xbb, 0x0, 0x0, 0xba,
    0x0, 0x2, 0xe8, 0x0, 0x3f, 0xd1, 0x0, 0x1,
    0x0, 0x0,

    /* U+007E "~" */
    0x0, 0x0, 0x0, 0x0, 0x2e, 0xf6, 0x1, 0xd2,
    0xac, 0x6f, 0x66, 0xf1, 0xd7, 0x4, 0xff, 0x90,
    0x0, 0x0, 0x13, 0x0,

    /* U+00A0 " " */

    /* U+00A1 "¡" */
    0xad, 0xb, 0xe0, 0x0, 0x1, 0x20, 0x9d, 0x9,
    0xe0, 0xae, 0xa, 0xe0, 0xae, 0xa, 0xf0, 0xbf,
    0x0,

    /* U+00A2 "¢" */
    0x0, 0x3, 0x90, 0x0, 0x0, 0x4b, 0xd7, 0x0,
    0x6, 0xfe, 0xef, 0xc0, 0xf, 0xb3, 0x94, 0xe3,
    0x3f, 0x53, 0x90, 0x0, 0x5f, 0x33, 0x90, 0x0,
    0x3f, 0x53, 0x90, 0x0, 0xf, 0xb3, 0x94, 0xf3,
    0x6, 0xfe, 0xdf, 0xc0, 0x0, 0x4b, 0xd8, 0x0,
    0x0, 0x3, 0x90, 0x0,

    /* U+00A3 "£" */
    0x0, 0x1b, 0xfe, 0x80, 0x0, 0xde, 0x79, 0xf7,
    0x3, 0xf5, 0x0, 0xab, 0x4, 0xf2, 0x0, 0x0,
    0x4, 0xf2, 0x0, 0x0, 0x4f, 0xff, 0xff, 0x40,
    0x5, 0xf5, 0x22, 0x0, 0x3, 0xf4, 0x0, 0x0,
    0x3, 0xf3, 0x0, 0x25, 0x1b, 0xd6, 0x66, 0xbe,
    0x4f, 0xff, 0xff, 0xe6,

    /* U+00A4 "¤" */
    0x0, 0x0, 0x0, 0x0, 0x0, 0xd, 0x69, 0xee,
    0xb4, 0xd3, 0x7, 0xfc, 0x43, 0x9f, 0xc0, 0x8,
    0xc0, 0x0, 0x8, 0xc0, 0xd, 0x50, 0x0, 0x1,
    0xf1, 0xe, 0x30, 0x0, 0x0, 0xf3, 0xd, 0x50,
    0x0, 0x1, 0xf1, 0x8, 0xc0, 0x0, 0x9, 0xc0,
    0x9, 0xfc, 0x54, 0x9f, 0xd1, 0xa, 0x49, 0xee,
    0xb3, 0xb2,

    /* U+00A5 "¥" */
    0x9f, 0x10, 0x4, 0xf6, 0x3f, 0x60, 0xa, 0xf0,
    0xc, 0xc0, 0xf, 0x90, 0x6, 0xf2, 0x5f, 0x30,
    0x0, 0xf8, 0xbc, 0x0, 0x0, 0x9e, 0xf6, 0x0,
    0x1f, 0xff, 0xff, 0xc0, 0x2, 0x2e, 0xb2, 0x10,
    0x1f, 0xff, 0xff, 0xc0, 0x2, 0x2e, 0xb2, 0x10,
    0x0, 0xe, 0xa0, 0x0,

    /* U+00A6 "¦" */
    0xab, 0xab, 0xab, 0xab, 0x89, 0x0, 0x0, 0x0,
    0xab, 0xab, 0xab, 0xab, 0x8a,

    /* U+00A7 "§" */
    0x0, 0x9e, 0xe8, 0x0, 0x7, 0xf6, 0x6f, 0x60,
    0x9, 0xc0, 0x6, 0x40, 0x5, 0xf7, 0x0, 0x0,
    0x5, 0xef, 0xd4, 0x0, 0x1f, 0x43, 0xcf, 0x70,
    0x2f, 0x20, 0x8, 0xf1, 0xb, 0xe4, 0x2, 0xf1,
    0x0, 0x8f, 0xcb, 0x80, 0x0, 0x2, 0xbf, 0x20,
    0x2, 0x20, 0xe, 0x80, 0xb, 0xd1, 0x3f, 0x70,
    0x2, 0xef, 0xfc, 0x10, 0x0, 0x2, 0x20, 0x0,

    /* U+00A8 "¨" */
    0xb, 0x50, 0xb4, 0xe, 0x71, 0xe6,

    /* U+00A9 "©" */
    0x0, 0x0, 0x1, 0x0, 0x0, 0x0, 0x3, 0xbf,
    0xff, 0xa1, 0x0, 0x5, 0xfc, 0x65, 0x7e, 0xe3,
    0x2, 0xf9, 0x3d, 0xfc, 0x3c, 0xd0, 0x9d, 0x1e,
    0xa4, 0xbd, 0x2f, 0x5c, 0x85, 0xe0, 0x1, 0x61,
    0xc9, 0xc8, 0x6d, 0x0, 0x3, 0xb, 0x9a, 0xc2,
    0xf7, 0x19, 0xe1, 0xf6, 0x3f, 0x76, 0xff, 0xe3,
    0xaf, 0x10, 0x8f, 0xa4, 0x55, 0xcf, 0x50, 0x0,
    0x6e, 0xff, 0xfd, 0x40, 0x0, 0x0, 0x2, 0x42,
    0x0, 0x0,

    /* U+00AA "ª" */
    0x8, 0xef, 0xa0, 0x2b, 0x42, 0xd7, 0x2, 0x69,
    0xe9, 0x5f, 0x74, 0xb9, 0x8d, 0x23, 0xe9, 0x1c,
    0xfc, 0xb9,

    /* U+00AB "«" */
    0x0, 0x1e, 0xa2, 0xf9, 0x0, 0xcc, 0x1d, 0xc0,
    0xa, 0xe2, 0xbe, 0x10, 0x2f, 0x93, 0xf8, 0x0,
    0x6, 0xf5, 0x7f, 0x40, 0x0, 0x9f, 0x2a, 0xe1,
    0x0, 0x9, 0x80, 0x97,

    /* U+00AC "¬" */
    0x1, 0x11, 0x11, 0x7, 0xff, 0xff, 0xf6, 0x14,
    0x44, 0x4f, 0x60, 0x0, 0x0, 0xf6, 0x0, 0x0,
    0x3, 0x10,

    /* U+00AE "®" */
    0x0, 0x3b, 0xec, 0x60, 0x0, 0x4e, 0x52, 0x4c,
    0x90, 0xe, 0x2a, 0xaa, 0x1d, 0x44, 0xc0, 0xc1,
    0xc3, 0x79, 0x4b, 0xc, 0xbd, 0x6, 0x91, 0xe1,
    0xb1, 0xc2, 0xc5, 0x7, 0xc2, 0x1, 0x9b, 0x0,
    0x5, 0xef, 0xf9, 0x0, 0x0, 0x0, 0x10, 0x0,
    0x0,

    /* U+00AF "¯" */
    0xaf, 0xff, 0x21, 0x22, 0x20,

    /* U+00B0 "°" */
    0x2, 0xdf, 0x70, 0xd, 0x84, 0xe4, 0x1f, 0x0,
    0xa8, 0xf, 0x51, 0xe5, 0x4, 0xff, 0xa0, 0x0,
    0x12, 0x0,

    /* U+00B1 "±" */
    0x0, 0xf, 0x50, 0x0, 0x11, 0xf6, 0x11, 0xaf,
    0xff, 0xff, 0xf2, 0x44, 0xf8, 0x44, 0x0, 0xf,
    0x50, 0x0, 0x11, 0x63, 0x11, 0xaf, 0xff, 0xff,
    0xf2, 0x44, 0x44, 0x44,

    /* U+00B2 "²" */
    0x8, 0xee, 0x90, 0x2d, 0x43, 0xf5, 0x0, 0x4,
    0xf2, 0x0, 0x6f, 0x60, 0x9, 0xf5, 0x21, 0x3f,
    0xff, 0xf8,

    /* U+00B3 "³" */
    0x7, 0xef, 0xb1, 0x18, 0x32, 0xe6, 0x0, 0x7f,
    0xb0, 0x0, 0x0, 0xd9, 0x3e, 0x63, 0xd9, 0x7,
    0xef, 0xb1,

    /* U+00B4 "´" */
    0x1, 0x12, 0xf4, 0x99, 0x0,

    /* U+00B5 "µ" */
    0xf8, 0x0, 0x1f, 0x60, 0xf8, 0x0, 0x1f, 0x60,
    0xf8, 0x0, 0x1f, 0x60, 0xf8, 0x0, 0x1f, 0x60,
    0xf8, 0x0, 0x1f, 0x60, 0xfa, 0x0, 0x3f, 0x60,
    0xff, 0x64, 0xcf, 0xa1, 0xfa, 0xce, 0x77, 0xf5,
    0xf8, 0x0, 0x0, 0x0, 0xf8, 0x0, 0x0, 0x0,
    0xf8, 0x0, 0x0, 0x0,

    /* U+00B6 "¶" */
    0x1, 0xae, 0xff, 0xf4, 0xc, 0xff, 0xc6, 0xf4,
    0x2f, 0xff, 0xa1, 0xf4, 0x4f, 0xff, 0xa1, 0xf4,
    0x2f, 0xff, 0xa1, 0xf4, 0xb, 0xff, 0xa1, 0xf4,
    0x0, 0x8d, 0x91, 0xf4, 0x0, 0x0, 0x1, 0xf4,
    0x0, 0x0, 0x1, 0xf4, 0x0, 0x0, 0x1, 0xf4,
    0x0, 0x0, 0x1, 0xf4,

    /* U+00B7 "·" */
    0x0, 0xb, 0xe0, 0xad, 0x0,

    /* U+00B8 "¸" */
    0x33, 0x7, 0xc3, 0x6, 0xa9, 0xc5,

    /* U+00B9 "¹" */
    0x9, 0xf9, 0x4a, 0xc9, 0x0, 0xc9, 0x0, 0xc9,
    0x0, 0xc9, 0x0, 0xc9,

    /* U+00BA "º" */
    0x5, 0xdf, 0xc2, 0x2, 0xf7, 0x2a, 0xe0, 0x7e,
    0x0, 0x2f, 0x37, 0xe0, 0x2, 0xf3, 0x2f, 0x72,
    0xae, 0x0, 0x5d, 0xfc, 0x30,

    /* U+00BB "»" */
    0x2e, 0x93, 0xf8, 0x0, 0x4, 0xf6, 0x5f, 0x50,
    0x0, 0x7f, 0x48, 0xf3, 0x0, 0xe, 0xb1, 0xfa,
    0x0, 0xbe, 0x1c, 0xd0, 0x8, 0xf3, 0x9e, 0x20,
    0x2a, 0x52, 0xa4, 0x0,

    /* U+00BC "¼" */
    0x9, 0xc0, 0x0, 0x0, 0xa4, 0x7, 0x9f, 0x10,
    0x0, 0x7c, 0x0, 0x1, 0xf1, 0x0, 0x2f, 0x20,
    0x0, 0x1f, 0x10, 0xc, 0x70, 0x0, 0x1, 0xf1,
    0x6, 0xc0, 0x0, 0x0, 0x1f, 0x12, 0xe2, 0x9,
    0xf3, 0x0, 0x0, 0xb8, 0x2, 0xef, 0x30, 0x0,
    0x6d, 0x0, 0xa7, 0xe3, 0x0, 0x1e, 0x30, 0x3e,
    0xe, 0x30, 0xa, 0x90, 0x7, 0xff, 0xfe, 0x5,
    0xd0, 0x0, 0x0, 0xe, 0x30,

    /* U+00BD "½" */
    0x7, 0xa0, 0x0, 0x0, 0x83, 0x0, 0x6b, 0xf1,
    0x0, 0x6, 0xd0, 0x0, 0x11, 0xf1, 0x0, 0x1e,
    0x30, 0x0, 0x1, 0xf1, 0x0, 0xb8, 0x0, 0x0,
    0x1, 0xf1, 0x5, 0xd0, 0x0, 0x0, 0x1, 0xf1,
    0x1e, 0x41, 0xbe, 0x90, 0x0, 0x20, 0xa9, 0x5,
    0xa3, 0xf4, 0x0, 0x4, 0xe0, 0x0, 0x1, 0xf2,
    0x0, 0xe, 0x40, 0x0, 0xd, 0x70, 0x0, 0x9a,
    0x0, 0x0, 0xba, 0x0, 0x4, 0xe1, 0x0, 0x6,
    0xff, 0xf6, 0x1, 0x10, 0x0, 0x0, 0x22, 0x20,

    /* U+00BE "¾" */
    0x8, 0xec, 0x10, 0x0, 0xd, 0x50, 0x1b, 0x1b,
    0x80, 0x0, 0x8b, 0x0, 0x0, 0xb, 0x80, 0x2,
    0xe2, 0x0, 0x0, 0xef, 0x30, 0xc, 0x70, 0x0,
    0x13, 0x9, 0xc0, 0x6c, 0x0, 0x0, 0x1d, 0xff,
    0x61, 0xe3, 0x6, 0xe4, 0x0, 0x10, 0xb, 0x80,
    0xe, 0xe5, 0x0, 0x0, 0x5d, 0x0, 0x89, 0xd5,
    0x0, 0x1, 0xe4, 0x2, 0xe1, 0xd5, 0x0, 0x9,
    0x90, 0x6, 0xff, 0xff, 0x0, 0x3e, 0x10, 0x0,
    0x0, 0xd5,

    /* U+00BF "¿" */
    0x0, 0xc, 0xc0, 0x0, 0x0, 0xdd, 0x0, 0x0,
    0x0, 0x0, 0x0, 0x0, 0x77, 0x0, 0x0, 0xe,
    0xa0, 0x0, 0x1b, 0xf4, 0x0, 0xc, 0xf4, 0x0,
    0x3, 0xf6, 0x0, 0x0, 0x4f, 0x40, 0xb, 0xb0,
    0xed, 0x58, 0xf7, 0x3, 0xcf, 0xe8, 0x0,

    /* U+00C0 "À" */
    0x0, 0xa, 0xd0, 0x0, 0x0, 0x0, 0x1, 0xe4,
    0x0, 0x0, 0x0, 0x0, 0x10, 0x0, 0x0, 0x0,
    0x3, 0xff, 0x10, 0x0, 0x0, 0x8, 0xef, 0x60,
    0x0, 0x0, 0xd, 0xac, 0xb0, 0x0, 0x0, 0x3f,
    0x68, 0xf1, 0x0, 0x0, 0x8f, 0x14, 0xf6, 0x0,
    0x0, 0xdd, 0x0, 0xeb, 0x0, 0x2, 0xf9, 0x11,
    0xaf, 0x10, 0x8, 0xff, 0xff, 0xff, 0x60, 0xd,
    0xd4, 0x44, 0x4f, 0xb0, 0x2f, 0x80, 0x0, 0xa,
    0xf1, 0x7f, 0x30, 0x0, 0x4, 0xf6,

    /* U+00C1 "Á" */
    0x0, 0x0, 0xe, 0x80, 0x0, 0x0, 0x0, 0x6d,
    0x0, 0x0, 0x0, 0x0, 0x10, 0x0, 0x0, 0x0,
    0x3, 0xff, 0x10, 0x0, 0x0, 0x8, 0xef, 0x60,
    0x0, 0x0, 0xd, 0xac, 0xb0, 0x0, 0x0, 0x3f,
    0x68, 0xf1, 0x0, 0x0, 0x8f, 0x14, 0xf6, 0x0,
    0x0, 0xdd, 0x0, 0xeb, 0x0, 0x2, 0xf9, 0x11,
    0xaf, 0x10, 0x8, 0xff, 0xff, 0xff, 0x60, 0xd,
    0xd4, 0x44, 0x4f, 0xb0, 0x2f, 0x80, 0x0, 0xa,
    0xf1, 0x7f, 0x30, 0x0, 0x4, 0xf6,

    /* U+00C2 "Â" */
    0x0, 0x0, 0x76, 0x0, 0x0, 0x0, 0x9, 0xcd,
    0x70, 0x0, 0x0, 0x27, 0x12, 0x71, 0x0, 0x0,
    0x3, 0xff, 0x10, 0x0, 0x0, 0x8, 0xef, 0x60,
    0x0, 0x0, 0xd, 0xac, 0xb0, 0x0, 0x0, 0x3f,
    0x68, 0xf1, 0x0, 0x0, 0x8f, 0x14, 0xf6, 0x0,
    0x0, 0xdd, 0x0, 0xeb, 0x0, 0x2, 0xf9, 0x11,
    0xaf, 0x10, 0x8, 0xff, 0xff, 0xff, 0x60, 0xd,
    0xd4, 0x44, 0x4f, 0xb0, 0x2f, 0x80, 0x0, 0xa,
    0xf1, 0x7f, 0x30, 0x0, 0x4, 0xf6,

    /* U+00C3 "Ã" */
    0x0, 0xa, 0xb2, 0xd0, 0x0, 0x0, 0x1d, 0x4d,
    0x90, 0x0, 0x0, 0x0, 0x0, 0x0, 0x0, 0x0,
    0x3, 0xff, 0x10, 0x0, 0x0, 0x8, 0xef, 0x60,
    0x0, 0x0, 0xd, 0xac, 0xb0, 0x0, 0x0, 0x3f,
    0x68, 0xf1, 0x0, 0x0, 0x8f, 0x14, 0xf6, 0x0,
    0x0, 0xdd, 0x0, 0xeb, 0x0, 0x2, 0xf9, 0x11,
    0xaf, 0x10, 0x8, 0xff, 0xff, 0xff, 0x60, 0xd,
    0xd4, 0x44, 0x4f, 0xb0, 0x2f, 0x80, 0x0, 0xa,
    0xf1, 0x7f, 0x30, 0x0, 0x4, 0xf6,

    /* U+00C4 "Ä" */
    0x0, 0x2b, 0x23, 0xb1, 0x0, 0x0, 0x3f, 0x34,
    0xe2, 0x0, 0x0, 0x0, 0x0, 0x0, 0x0, 0x0,
    0x3, 0xff, 0x10, 0x0, 0x0, 0x8, 0xef, 0x60,
    0x0, 0x0, 0xd, 0xac, 0xb0, 0x0, 0x0, 0x3f,
    0x68, 0xf1, 0x0, 0x0, 0x8f, 0x14, 0xf6, 0x0,
    0x0, 0xdd, 0x0, 0xeb, 0x0, 0x2, 0xf9, 0x11,
    0xaf, 0x10, 0x8, 0xff, 0xff, 0xff, 0x60, 0xd,
    0xd4, 0x44, 0x4f, 0xb0, 0x2f, 0x80, 0x0, 0xa,
    0xf1, 0x7f, 0x30, 0x0, 0x4, 0xf6,

    /* U+00C5 "Å" */
    0x0, 0x5, 0xdd, 0x30, 0x0, 0x0, 0xc, 0x46,
    0xb0, 0x0, 0x0, 0x5, 0xdd, 0x30, 0x0, 0x0,
    0x3, 0xff, 0x10, 0x0, 0x0, 0x8, 0xef, 0x60,
    0x0, 0x0, 0xd, 0xac, 0xb0, 0x0, 0x0, 0x3f,
    0x68, 0xf1, 0x0, 0x0, 0x8f, 0x14, 0xf6, 0x0,
    0x0, 0xdd, 0x0, 0xeb, 0x0, 0x2, 0xf9, 0x11,
    0xaf, 0x10, 0x8, 0xff, 0xff, 0xff, 0x60, 0xd,
    0xd4, 0x44, 0x4f, 0xb0, 0x2f, 0x80, 0x0, 0xa,
    0xf1, 0x7f, 0x30, 0x0, 0x4, 0xf6,

    /* U+00C6 "Æ" */
    0x0, 0x0, 0x2f, 0xff, 0xff, 0xff, 0xf2, 0x0,
    0x0, 0x9f, 0x4f, 0x86, 0x66, 0x60, 0x0, 0x0,
    0xf9, 0x3f, 0x40, 0x0, 0x0, 0x0, 0x6, 0xf3,
    0x3f, 0x40, 0x0, 0x0, 0x0, 0xd, 0xd0, 0x3f,
    0x51, 0x11, 0x10, 0x0, 0x4f, 0x60, 0x3f, 0xff,
    0xff, 0xc0, 0x0, 0xbf, 0x10, 0x3f, 0x74, 0x44,
    0x30, 0x2, 0xff, 0xff, 0xff, 0x40, 0x0, 0x0,
    0x9, 0xf4, 0x33, 0x6f, 0x40, 0x0, 0x0, 0xf,
    0xb0, 0x0, 0x3f, 0x96, 0x66, 0x61, 0x7f, 0x40,
    0x0, 0x3f, 0xff, 0xff, 0xf3,

    /* U+00C7 "Ç" */
    0x0, 0x19, 0xef, 0xd6, 0x0, 0x0, 0xdf, 0xa8,
    0xbf, 0x90, 0x9, 0xf4, 0x0, 0x8, 0xf3, 0xe,
    0xa0, 0x0, 0x1, 0x94, 0x2f, 0x60, 0x0, 0x0,
    0x0, 0x3f, 0x50, 0x0, 0x0, 0x0, 0x2f, 0x60,
    0x0, 0x0, 0x0, 0xe, 0xa0, 0x0, 0x1, 0x94,
    0x9, 0xf4, 0x0, 0x8, 0xf3, 0x0, 0xdf, 0xa8,
    0xbf, 0x90, 0x0, 0x19, 0xef, 0xd7, 0x0, 0x0,
    0x0, 0x1d, 0x30, 0x0, 0x0, 0x0, 0x4, 0xf0,
    0x0, 0x0, 0x0, 0x5d, 0xa0, 0x0,

    /* U+00C8 "È" */
    0x3, 0xf3, 0x0, 0x0, 0x9, 0xa0, 0x0, 0x0,
    0x1, 0x0, 0xe, 0xff, 0xff, 0xf8, 0xec, 0x66,
    0x66, 0x3e, 0xb0, 0x0, 0x0, 0xeb, 0x0, 0x0,
    0xe, 0xb1, 0x11, 0x10, 0xef, 0xff, 0xff, 0x3e,
    0xc4, 0x44, 0x40, 0xeb, 0x0, 0x0, 0xe, 0xb0,
    0x0, 0x0, 0xec, 0x66, 0x66, 0x3e, 0xff, 0xff,
    0xf9,

    /* U+00C9 "É" */
    0x0, 0x8, 0xe0, 0x0, 0x0, 0xe4, 0x0, 0x0,
    0x1, 0x0, 0xe, 0xff, 0xff, 0xf8, 0xec, 0x66,
    0x66, 0x3e, 0xb0, 0x0, 0x0, 0xeb, 0x0, 0x0,
    0xe, 0xb1, 0x11, 0x10, 0xef, 0xff, 0xff, 0x3e,
    0xc4, 0x44, 0x40, 0xeb, 0x0, 0x0, 0xe, 0xb0,
    0x0, 0x0, 0xec, 0x66, 0x66, 0x3e, 0xff, 0xff,
    0xf9,

    /* U+00CA "Ê" */
    0x0, 0x48, 0x10, 0x0, 0x3e, 0x9d, 0x0, 0x6,
    0x40, 0x64, 0xe, 0xff, 0xff, 0xf8, 0xec, 0x66,
    0x66, 0x3e, 0xb0, 0x0, 0x0, 0xeb, 0x0, 0x0,
    0xe, 0xb1, 0x11, 0x10, 0xef, 0xff, 0xff, 0x3e,
    0xc4, 0x44, 0x40, 0xeb, 0x0, 0x0, 0xe, 0xb0,
    0x0, 0x0, 0xec, 0x66, 0x66, 0x3e, 0xff, 0xff,
    0xf9,

    /* U+00CB "Ë" */
    0x9, 0x60, 0xa6, 0x0, 0xc9, 0xd, 0x80, 0x0,
    0x0, 0x0, 0xe, 0xff, 0xff, 0xf8, 0xec, 0x66,
    0x66, 0x3e, 0xb0, 0x0, 0x0, 0xeb, 0x0, 0x0,
    0xe, 0xb1, 0x11, 0x10, 0xef, 0xff, 0xff, 0x3e,
    0xc4, 0x44, 0x40, 0xeb, 0x0, 0x0, 0xe, 0xb0,
    0x0, 0x0, 0xec, 0x66, 0x66, 0x3e, 0xff, 0xff,
    0xf9,

    /* U+00CC "Ì" */
    0xac, 0x1, 0xe3, 0x1, 0x0, 0xeb, 0xe, 0xb0,
    0xeb, 0xe, 0xb0, 0xeb, 0xe, 0xb0, 0xeb, 0xe,
    0xb0, 0xeb, 0xe, 0xb0, 0xeb,

    /* U+00CD "Í" */
    0xe, 0x76, 0xd0, 0x10, 0xe, 0xb0, 0xeb, 0xe,
    0xb0, 0xeb, 0xe, 0xb0, 0xeb, 0xe, 0xb0, 0xeb,
    0xe, 0xb0, 0xeb, 0xe, 0xb0,

    /* U+00CE "Î" */
    0x0, 0x76, 0x0, 0xa, 0xbd, 0x60, 0x27, 0x12,
    0x70, 0x0, 0xeb, 0x0, 0x0, 0xeb, 0x0, 0x0,
    0xeb, 0x0, 0x0, 0xeb, 0x0, 0x0, 0xeb, 0x0,
    0x0, 0xeb, 0x0, 0x0, 0xeb, 0x0, 0x0, 0xeb,
    0x0, 0x0, 0xeb, 0x0, 0x0, 0xeb, 0x0, 0x0,
    0xeb, 0x0,

    /* U+00CF "Ï" */
    0x2b, 0x13, 0xb1, 0x4e, 0x24, 0xe2, 0x0, 0x0,
    0x0, 0x0, 0xeb, 0x0, 0x0, 0xeb, 0x0, 0x0,
    0xeb, 0x0, 0x0, 0xeb, 0x0, 0x0, 0xeb, 0x0,
    0x0, 0xeb, 0x0, 0x0, 0xeb, 0x0, 0x0, 0xeb,
    0x0, 0x0, 0xeb, 0x0, 0x0, 0xeb, 0x0, 0x0,
    0xeb, 0x0,

    /* U+00D0 "Ð" */
    0x9, 0xff, 0xfe, 0xb3, 0x0, 0x9, 0xf6, 0x67,
    0xdf, 0x50, 0x9, 0xf0, 0x0, 0xc, 0xe1, 0x9,
    0xf0, 0x0, 0x3, 0xf5, 0x9, 0xf0, 0x0, 0x0,
    0xf8, 0xdf, 0xff, 0xf8, 0x0, 0xe9, 0x2c, 0xf3,
    0x31, 0x0, 0xf8, 0x9, 0xf0, 0x0, 0x4, 0xf5,
    0x9, 0xf0, 0x0, 0xc, 0xe0, 0x9, 0xf6, 0x68,
    0xdf, 0x50, 0x9, 0xff, 0xfe, 0xb3, 0x0,

    /* U+00D1 "Ñ" */
    0x0, 0x5d, 0x59, 0x50, 0x0, 0xb, 0x5b, 0xd1,
    0x0, 0x0, 0x0, 0x0, 0x0, 0xe, 0xf3, 0x0,
    0x2, 0xf7, 0xef, 0xc0, 0x0, 0x2f, 0x7e, 0xcf,
    0x60, 0x2, 0xf7, 0xea, 0xae, 0x0, 0x2f, 0x7e,
    0xb2, 0xf9, 0x2, 0xf7, 0xeb, 0x9, 0xf2, 0x2f,
    0x7e, 0xb0, 0x1e, 0xb1, 0xf7, 0xeb, 0x0, 0x6f,
    0x5f, 0x7e, 0xb0, 0x0, 0xcc, 0xf7, 0xeb, 0x0,
    0x3, 0xff, 0x7e, 0xb0, 0x0, 0xa, 0xf7,

    /* U+00D2 "Ò" */
    0x0, 0x3, 0xf3, 0x0, 0x0, 0x0, 0x0, 0x9b,
    0x0, 0x0, 0x0, 0x0, 0x1, 0x0, 0x0, 0x0,
    0x19, 0xef, 0xd6, 0x0, 0x0, 0xdf, 0xa8, 0xbf,
    0xa0, 0x9, 0xf4, 0x0, 0x8, 0xf4, 0xe, 0xa0,
    0x0, 0x0, 0xea, 0x2f, 0x60, 0x0, 0x0, 0xad,
    0x3f, 0x50, 0x0, 0x0, 0x9e, 0x2f, 0x60, 0x0,
    0x0, 0xad, 0xe, 0xa0, 0x0, 0x0, 0xea, 0x9,
    0xf4, 0x0, 0x8, 0xf4, 0x0, 0xdf, 0xa8, 0xbf,
    0xa0, 0x0, 0x19, 0xef, 0xd6, 0x0,

    /* U+00D3 "Ó" */
    0x0, 0x0, 0x8, 0xe0, 0x0, 0x0, 0x0, 0xe,
    0x40, 0x0, 0x0, 0x0, 0x1, 0x0, 0x0, 0x0,
    0x19, 0xef, 0xd6, 0x0, 0x0, 0xdf, 0xa8, 0xbf,
    0xa0, 0x9, 0xf4, 0x0, 0x8, 0xf4, 0xe, 0xa0,
    0x0, 0x0, 0xea, 0x2f, 0x60, 0x0, 0x0, 0xad,
    0x3f, 0x50, 0x0, 0x0, 0x9e, 0x2f, 0x60, 0x0,
    0x0, 0xad, 0xe, 0xa0, 0x0, 0x0, 0xea, 0x9,
    0xf4, 0x0, 0x8, 0xf4, 0x0, 0xdf, 0xa8, 0xbf,
    0xa0, 0x0, 0x19, 0xef, 0xd6, 0x0,

    /* U+00D4 "Ô" */
    0x0, 0x0, 0xbf, 0x70, 0x0, 0x0, 0x9, 0xc2,
    0xe5, 0x0, 0x0, 0x0, 0x0, 0x0, 0x0, 0x0,
    0x19, 0xef, 0xd6, 0x0, 0x0, 0xdf, 0xa8, 0xbf,
    0xa0, 0x9, 0xf4, 0x0, 0x8, 0xf4, 0xe, 0xa0,
    0x0, 0x0, 0xea, 0x2f, 0x60, 0x0, 0x0, 0xad,
    0x3f, 0x50, 0x0, 0x0, 0x9e, 0x2f, 0x60, 0x0,
    0x0, 0xad, 0xe, 0xa0, 0x0, 0x0, 0xea, 0x9,
    0xf4, 0x0, 0x8, 0xf4, 0x0, 0xdf, 0xa8, 0xbf,
    0xa0, 0x0, 0x19, 0xef, 0xd6, 0x0,

    /* U+00D5 "Õ" */
    0x0, 0x4, 0xd5, 0x86, 0x0, 0x0, 0xa, 0x6a,
    0xe2, 0x0, 0x0, 0x0, 0x0, 0x0, 0x0, 0x0,
    0x19, 0xef, 0xd6, 0x0, 0x0, 0xdf, 0xa8, 0xbf,
    0xa0, 0x9, 0xf4, 0x0, 0x8, 0xf4, 0xe, 0xa0,
    0x0, 0x0, 0xea, 0x2f, 0x60, 0x0, 0x0, 0xad,
    0x3f, 0x50, 0x0, 0x0, 0x9e, 0x2f, 0x60, 0x0,
    0x0, 0xad, 0xe, 0xa0, 0x0, 0x0, 0xea, 0x9,
    0xf4, 0x0, 0x8, 0xf4, 0x0, 0xdf, 0xa8, 0xbf,
    0xa0, 0x0, 0x19, 0xef, 0xd6, 0x0,

    /* U+00D6 "Ö" */
    0x0, 0x9, 0x60, 0xa6, 0x0, 0x0, 0xc, 0x90,
    0xd8, 0x0, 0x0, 0x0, 0x0, 0x0, 0x0, 0x0,
    0x19, 0xef, 0xd6, 0x0, 0x0, 0xdf, 0xa8, 0xbf,
    0xa0, 0x9, 0xf4, 0x0, 0x8, 0xf4, 0xe, 0xa0,
    0x0, 0x0, 0xea, 0x2f, 0x60, 0x0, 0x0, 0xad,
    0x3f, 0x50, 0x0, 0x0, 0x9e, 0x2f, 0x60, 0x0,
    0x0, 0xad, 0xe, 0xa0, 0x0, 0x0, 0xea, 0x9,
    0xf4, 0x0, 0x8, 0xf4, 0x0, 0xdf, 0xa8, 0xbf,
    0xa0, 0x0, 0x19, 0xef, 0xd6, 0x0,

    /* U+00D7 "×" */
    0x5, 0x0, 0x2, 0x30, 0x6f, 0x60, 0x1e, 0xc0,
    0x9, 0xf6, 0xdd, 0x10, 0x0, 0xaf, 0xe1, 0x0,
    0x1, 0xdf, 0xf4, 0x0, 0xc, 0xe2, 0xaf, 0x40,
    0x6e, 0x20, 0xb, 0xc0, 0x1, 0x0, 0x0, 0x10,

    /* U+00D8 "Ø" */
    0x0, 0x0, 0x0, 0x0, 0x0, 0x0, 0x19, 0xef,
    0xd8, 0xe2, 0x0, 0xdf, 0xa8, 0xbf, 0xf0, 0x9,
    0xf4, 0x0, 0x5f, 0xf4, 0xe, 0xa0, 0x1, 0xe6,
    0xea, 0x2f, 0x60, 0xa, 0xb0, 0xad, 0x3f, 0x50,
    0x4f, 0x10, 0x9e, 0x2f, 0x61, 0xe6, 0x0, 0xad,
    0xe, 0xaa, 0xb0, 0x0, 0xea, 0x9, 0xff, 0x10,
    0x8, 0xf4, 0x2, 0xff, 0xa8, 0xbf, 0xa0, 0x6,
    0xc9, 0xef, 0xd6, 0x0, 0x0, 0x0, 0x0, 0x0,
    0x0,

    /* U+00D9 "Ù" */
    0x0, 0x6f, 0x10, 0x0, 0x0, 0x0, 0xc8, 0x0,
    0x0, 0x0, 0x0, 0x10, 0x0, 0xe, 0xb0, 0x0,
    0x5, 0xf3, 0xeb, 0x0, 0x0, 0x5f, 0x3e, 0xb0,
    0x0, 0x5, 0xf3, 0xeb, 0x0, 0x0, 0x5f, 0x3e,
    0xb0, 0x0, 0x5, 0xf3, 0xeb, 0x0, 0x0, 0x5f,
    0x3e, 0xb0, 0x0, 0x5, 0xf3, 0xdc, 0x0, 0x0,
    0x6f, 0x29, 0xf2, 0x0, 0xc, 0xe0, 0x2e, 0xf9,
    0x8d, 0xf6, 0x0, 0x2a, 0xef, 0xc5, 0x0,

    /* U+00DA "Ú" */
    0x0, 0x0, 0xbc, 0x0, 0x0, 0x0, 0x2f, 0x20,
    0x0, 0x0, 0x0, 0x10, 0x0, 0xe, 0xb0, 0x0,
    0x5, 0xf3, 0xeb, 0x0, 0x0, 0x5f, 0x3e, 0xb0,
    0x0, 0x5, 0xf3, 0xeb, 0x0, 0x0, 0x5f, 0x3e,
    0xb0, 0x0, 0x5, 0xf3, 0xeb, 0x0, 0x0, 0x5f,
    0x3e, 0xb0, 0x0, 0x5, 0xf3, 0xdc, 0x0, 0x0,
    0x6f, 0x29, 0xf2, 0x0, 0xc, 0xe0, 0x2e, 0xf9,
    0x8d, 0xf6, 0x0, 0x2a, 0xef, 0xc5, 0x0,

    /* U+00DB "Û" */
    0x0, 0x1d, 0xf4, 0x0, 0x0, 0xc, 0x94, 0xe2,
    0x0, 0x0, 0x0, 0x0, 0x0, 0xe, 0xb0, 0x0,
    0x5, 0xf3, 0xeb, 0x0, 0x0, 0x5f, 0x3e, 0xb0,
    0x0, 0x5, 0xf3, 0xeb, 0x0, 0x0, 0x5f, 0x3e,
    0xb0, 0x0, 0x5, 0xf3, 0xeb, 0x0, 0x0, 0x5f,
    0x3e, 0xb0, 0x0, 0x5, 0xf3, 0xdc, 0x0, 0x0,
    0x6f, 0x29, 0xf2, 0x0, 0xc, 0xe0, 0x2e, 0xf9,
    0x8d, 0xf6, 0x0, 0x2a, 0xef, 0xc5, 0x0,

    /* U+00DC "Ü" */
    0x0, 0xb4, 0x1b, 0x30, 0x0, 0xe, 0x61, 0xe5,
    0x0, 0x0, 0x0, 0x0, 0x0, 0xe, 0xb0, 0x0,
    0x5, 0xf3, 0xeb, 0x0, 0x0, 0x5f, 0x3e, 0xb0,
    0x0, 0x5, 0xf3, 0xeb, 0x0, 0x0, 0x5f, 0x3e,
    0xb0, 0x0, 0x5, 0xf3, 0xeb, 0x0, 0x0, 0x5f,
    0x3e, 0xb0, 0x0, 0x5, 0xf3, 0xdc, 0x0, 0x0,
    0x6f, 0x29, 0xf2, 0x0, 0xc, 0xe0, 0x2e, 0xf9,
    0x8d, 0xf6, 0x0, 0x2a, 0xef, 0xc5, 0x0,

    /* U+00DD "Ý" */
    0x0, 0x0, 0xf, 0x70, 0x0, 0x0, 0x0, 0x7c,
    0x0, 0x0, 0x0, 0x0, 0x10, 0x0, 0x0, 0x6f,
    0x70, 0x0, 0xa, 0xf2, 0xc, 0xe0, 0x0, 0x3f,
    0x80, 0x3, 0xf8, 0x0, 0xce, 0x10, 0x0, 0xaf,
    0x14, 0xf6, 0x0, 0x0, 0x2f, 0x9c, 0xd0, 0x0,
    0x0, 0x8, 0xff, 0x40, 0x0, 0x0, 0x0, 0xfc,
    0x0, 0x0, 0x0, 0x0, 0xea, 0x0, 0x0, 0x0,
    0x0, 0xea, 0x0, 0x0, 0x0, 0x0, 0xea, 0x0,
    0x0, 0x0, 0x0, 0xea, 0x0, 0x0,

    /* U+00DE "Þ" */
    0xfa, 0x0, 0x0, 0xf, 0xa0, 0x0, 0x0, 0xfa,
    0x11, 0x0, 0xf, 0xff, 0xff, 0x90, 0xfb, 0x44,
    0x7f, 0xaf, 0xa0, 0x0, 0x9e, 0xfa, 0x11, 0x4e,
    0xbf, 0xff, 0xff, 0xc2, 0xfb, 0x44, 0x20, 0xf,
    0xa0, 0x0, 0x0, 0xfa, 0x0, 0x0, 0x0,

    /* U+00DF "ß" */
    0x8, 0xef, 0xc4, 0x0, 0x8f, 0x96, 0xdf, 0x20,
    0xdc, 0x0, 0x3f, 0x60, 0xea, 0x0, 0x1f, 0x60,
    0xea, 0x1, 0xad, 0x0, 0xea, 0x1f, 0xf7, 0x0,
    0xea, 0x4, 0x7f, 0xa0, 0xea, 0x0, 0x8, 0xf0,
    0xea, 0x0, 0x8, 0xf0, 0xea, 0x5, 0x7f, 0xb0,
    0xea, 0x2f, 0xfa, 0x10,

    /* U+00E0 "à" */
    0x0, 0x10, 0x0, 0x0, 0xa, 0xc0, 0x0, 0x0,
    0x1e, 0x40, 0x0, 0x0, 0x0, 0x0, 0x2, 0xbe,
    0xea, 0x0, 0xed, 0x56, 0xea, 0x2, 0x10, 0x9,
    0xe0, 0x17, 0xac, 0xff, 0x1e, 0xd7, 0x59, 0xf6,
    0xf1, 0x0, 0xbf, 0x4f, 0x94, 0x8f, 0xf0, 0x7e,
    0xfa, 0x8f,

    /* U+00E1 "á" */
    0x0, 0x0, 0x11, 0x0, 0x0, 0x1f, 0x60, 0x0,
    0x7, 0xb0, 0x0, 0x0, 0x0, 0x0, 0x2, 0xbe,
    0xea, 0x0, 0xed, 0x56, 0xea, 0x2, 0x10, 0x9,
    0xe0, 0x17, 0xac, 0xff, 0x1e, 0xd7, 0x59, 0xf6,
    0xf1, 0x0, 0xbf, 0x4f, 0x94, 0x8f, 0xf0, 0x7e,
    0xfa, 0x8f,

    /* U+00E2 "â" */
    0x0, 0x3e, 0xd1, 0x0, 0x2e, 0x58, 0xc0, 0x0,
    0x0, 0x0, 0x0, 0x2b, 0xee, 0xa0, 0xe, 0xd5,
    0x6e, 0xa0, 0x21, 0x0, 0x9e, 0x1, 0x7a, 0xcf,
    0xf1, 0xed, 0x75, 0x9f, 0x6f, 0x10, 0xb, 0xf4,
    0xf9, 0x48, 0xff, 0x7, 0xef, 0xa8, 0xf0,

    /* U+00E3 "ã" */
    0x1, 0xef, 0xfb, 0x0, 0x0, 0x0, 0x0, 0x0,
    0x0, 0x0, 0x0, 0x2b, 0xee, 0xa0, 0xe, 0xd5,
    0x6e, 0xa0, 0x21, 0x0, 0x9e, 0x1, 0x7a, 0xcf,
    0xf1, 0xed, 0x75, 0x9f, 0x6f, 0x10, 0xb, 0xf4,
    0xf9, 0x48, 0xff, 0x7, 0xef, 0xa8, 0xf0,

    /* U+00E4 "ä" */
    0x4, 0xe2, 0x5e, 0x10, 0x2b, 0x13, 0xb1, 0x0,
    0x0, 0x0, 0x0, 0x2b, 0xee, 0xa0, 0xe, 0xd5,
    0x6e, 0xa0, 0x21, 0x0, 0x9e, 0x1, 0x7a, 0xcf,
    0xf1, 0xed, 0x75, 0x9f, 0x6f, 0x10, 0xb, 0xf4,
    0xf9, 0x48, 0xff, 0x7, 0xef, 0xa8, 0xf0,

    /* U+00E5 "å" */
    0x0, 0x5d, 0xc3, 0x0, 0xd, 0x37, 0xa0, 0x0,
    0x5d, 0xd3, 0x0, 0x0, 0x0, 0x0, 0x2, 0xbe,
    0xea, 0x0, 0xed, 0x56, 0xea, 0x2, 0x10, 0x9,
    0xe0, 0x17, 0xac, 0xff, 0x1e, 0xd7, 0x59, 0xf6,
    0xf1, 0x0, 0xbf, 0x4f, 0x94, 0x8f, 0xf0, 0x7e,
    0xfa, 0x8f,

    /* U+00E6 "æ" */
    0x3, 0xbe, 0xe9, 0x1b, 0xfe, 0x80, 0x0, 0xec,
    0x55, 0xef, 0xb5, 0x6e, 0x90, 0x0, 0x0, 0x9,
    0xe0, 0x0, 0x7f, 0x0, 0x4c, 0xff, 0xff, 0xff,
    0xff, 0xf2, 0x3f, 0xa3, 0x2a, 0xd2, 0x22, 0x22,
    0x6, 0xf1, 0x0, 0xcf, 0x10, 0x3, 0x50, 0x3f,
    0xa5, 0x9e, 0xed, 0x56, 0xeb, 0x0, 0x7e, 0xfb,
    0x32, 0xbf, 0xe9, 0x0,

    /* U+00E7 "ç" */
    0x0, 0x8e, 0xfb, 0x30, 0xa, 0xf7, 0x5c, 0xf1,
    0x1f, 0x80, 0x1, 0x82, 0x4f, 0x40, 0x0, 0x0,
    0x4f, 0x40, 0x0, 0x0, 0x1f, 0x80, 0x1, 0x92,
    0xa, 0xf7, 0x5c, 0xf1, 0x0, 0x8f, 0xfb, 0x30,
    0x0, 0x3, 0xc3, 0x0, 0x0, 0x0, 0x4d, 0x0,
    0x0, 0x7, 0xd8, 0x0,

    /* U+00E8 "è" */
    0x0, 0x11, 0x0, 0x0, 0x0, 0x5f, 0x10, 0x0,
    0x0, 0xb, 0x80, 0x0, 0x0, 0x0, 0x0, 0x0,
    0x0, 0x8e, 0xfb, 0x20, 0xa, 0xe6, 0x5c, 0xe1,
    0x1f, 0x50, 0x1, 0xf6, 0x4f, 0xff, 0xff, 0xf9,
    0x4f, 0x52, 0x22, 0x21, 0x1f, 0x70, 0x0, 0x51,
    0xa, 0xf7, 0x5b, 0xf2, 0x0, 0x8e, 0xfc, 0x40,

    /* U+00E9 "é" */
    0x0, 0x0, 0x1, 0x0, 0x0, 0x0, 0xca, 0x0,
    0x0, 0x3, 0xe1, 0x0, 0x0, 0x0, 0x0, 0x0,
    0x0, 0x8e, 0xfb, 0x20, 0xa, 0xe6, 0x5c, 0xe1,
    0x1f, 0x50, 0x1, 0xf6, 0x4f, 0xff, 0xff, 0xf9,
    0x4f, 0x52, 0x22, 0x21, 0x1f, 0x70, 0x0, 0x51,
    0xa, 0xf7, 0x5b, 0xf2, 0x0, 0x8e, 0xfc, 0x40,

    /* U+00EA "ê" */
    0x0, 0x1d, 0xf4, 0x0, 0x0, 0xc8, 0x4e, 0x20,
    0x0, 0x0, 0x0, 0x0, 0x0, 0x8e, 0xfb, 0x20,
    0xa, 0xe6, 0x5c, 0xe1, 0x1f, 0x50, 0x1, 0xf6,
    0x4f, 0xff, 0xff, 0xf9, 0x4f, 0x52, 0x22, 0x21,
    0x1f, 0x70, 0x0, 0x51, 0xa, 0xf7, 0x5b, 0xf2,
    0x0, 0x8e, 0xfc, 0x40,

    /* U+00EB "ë" */
    0x0, 0xe6, 0x1e, 0x50, 0x0, 0xb4, 0x1b, 0x30,
    0x0, 0x0, 0x0, 0x0, 0x0, 0x8e, 0xfb, 0x20,
    0xa, 0xe6, 0x5c, 0xe1, 0x1f, 0x50, 0x1, 0xf6,
    0x4f, 0xff, 0xff, 0xf9, 0x4f, 0x52, 0x22, 0x21,
    0x1f, 0x70, 0x0, 0x51, 0xa, 0xf7, 0x5b, 0xf2,
    0x0, 0x8e, 0xfc, 0x40,

    /* U+00EC "ì" */
    0xc, 0xa0, 0x3, 0xf1, 0x0, 0x10, 0x0, 0xf8,
    0x0, 0xf8, 0x0, 0xf8, 0x0, 0xf8, 0x0, 0xf8,
    0x0, 0xf8, 0x0, 0xf8, 0x0, 0xf8,

    /* U+00ED "í" */
    0x2f, 0x59, 0xb0, 0x10, 0xf, 0x80, 0xf8, 0xf,
    0x80, 0xf8, 0xf, 0x80, 0xf8, 0xf, 0x80, 0xf8,
    0x0,

    /* U+00EE "î" */
    0x5, 0xfc, 0x0, 0x3f, 0x3a, 0xb0, 0x0, 0x0,
    0x0, 0x0, 0xf8, 0x0, 0x0, 0xf8, 0x0, 0x0,
    0xf8, 0x0, 0x0, 0xf8, 0x0, 0x0, 0xf8, 0x0,
    0x0, 0xf8, 0x0, 0x0, 0xf8, 0x0, 0x0, 0xf8,
    0x0,

    /* U+00EF "ï" */
    0x6e, 0x17, 0xe0, 0x4b, 0x5, 0xb0, 0x0, 0x0,
    0x0, 0x0, 0xf8, 0x0, 0x0, 0xf8, 0x0, 0x0,
    0xf8, 0x0, 0x0, 0xf8, 0x0, 0x0, 0xf8, 0x0,
    0x0, 0xf8, 0x0, 0x0, 0xf8, 0x0, 0x0, 0xf8,
    0x0,

    /* U+00F0 "ð" */
    0x0, 0x63, 0x1, 0x20, 0x0, 0x6f, 0xad, 0x40,
    0x0, 0x7d, 0xe9, 0x0, 0x0, 0x50, 0x2e, 0x50,
    0x0, 0x9e, 0xda, 0xd0, 0xa, 0xe5, 0x3c, 0xf3,
    0x1f, 0x60, 0x3, 0xf7, 0x4f, 0x30, 0x0, 0xf8,
    0x4f, 0x30, 0x0, 0xe8, 0x1f, 0x70, 0x2, 0xf4,
    0xa, 0xf7, 0x6d, 0xd0, 0x0, 0x9e, 0xfa, 0x10,

    /* U+00F1 "ñ" */
    0xa, 0xff, 0xe2, 0x0, 0x0, 0x0, 0x0, 0x0,
    0x0, 0x0, 0xf, 0x7a, 0xfd, 0x50, 0xfe, 0x75,
    0xcf, 0x1f, 0xa0, 0x3, 0xf5, 0xf8, 0x0, 0x1f,
    0x6f, 0x80, 0x1, 0xf6, 0xf8, 0x0, 0x1f, 0x6f,
    0x80, 0x1, 0xf6, 0xf8, 0x0, 0x1f, 0x60,

    /* U+00F2 "ò" */
    0x0, 0x11, 0x0, 0x0, 0x0, 0x4f, 0x20, 0x0,
    0x0, 0xa, 0x90, 0x0, 0x0, 0x0, 0x0, 0x0,
    0x0, 0x8e, 0xfc, 0x30, 0xa, 0xf7, 0x5c, 0xf1,
    0x1f, 0x80, 0x1, 0xf8, 0x4f, 0x40, 0x0, 0xcb,
    0x4f, 0x40, 0x0, 0xcb, 0x1f, 0x80, 0x1, 0xf8,
    0xa, 0xf7, 0x5c, 0xf2, 0x0, 0x8e, 0xfc, 0x30,

    /* U+00F3 "ó" */
    0x0, 0x0, 0x1, 0x0, 0x0, 0x0, 0xbb, 0x0,
    0x0, 0x2, 0xf2, 0x0, 0x0, 0x0, 0x0, 0x0,
    0x0, 0x8e, 0xfc, 0x30, 0xa, 0xf7, 0x5c, 0xf1,
    0x1f, 0x80, 0x1, 0xf8, 0x4f, 0x40, 0x0, 0xcb,
    0x4f, 0x40, 0x0, 0xcb, 0x1f, 0x80, 0x1, 0xf8,
    0xa, 0xf7, 0x5c, 0xf2, 0x0, 0x8e, 0xfc, 0x30,

    /* U+00F4 "ô" */
    0x0, 0xd, 0xf5, 0x0, 0x0, 0xba, 0x3e, 0x30,
    0x0, 0x0, 0x0, 0x0, 0x0, 0x8e, 0xfc, 0x30,
    0xa, 0xf7, 0x5c, 0xf1, 0x1f, 0x80, 0x1, 0xf8,
    0x4f, 0x40, 0x0, 0xcb, 0x4f, 0x40, 0x0, 0xcb,
    0x1f, 0x80, 0x1, 0xf8, 0xa, 0xf7, 0x5c, 0xf2,
    0x0, 0x8e, 0xfc, 0x30,

    /* U+00F5 "õ" */
    0x0, 0xaf, 0xfe, 0x20, 0x0, 0x0, 0x0, 0x0,
    0x0, 0x0, 0x0, 0x0, 0x0, 0x8e, 0xfc, 0x30,
    0xa, 0xf7, 0x5c, 0xf1, 0x1f, 0x80, 0x1, 0xf8,
    0x4f, 0x40, 0x0, 0xcb, 0x4f, 0x40, 0x0, 0xcb,
    0x1f, 0x80, 0x1, 0xf8, 0xa, 0xf7, 0x5c, 0xf2,
    0x0, 0x8e, 0xfc, 0x30,

    /* U+00F6 "ö" */
    0x0, 0xe7, 0xe, 0x60, 0x0, 0xb5, 0xb, 0x40,
    0x0, 0x0, 0x0, 0x0, 0x0, 0x8e, 0xfc, 0x30,
    0xa, 0xf7, 0x5c, 0xf1, 0x1f, 0x80, 0x1, 0xf8,
    0x4f, 0x40, 0x0, 0xcb, 0x4f, 0x40, 0x0, 0xcb,
    0x1f, 0x80, 0x1, 0xf8, 0xa, 0xf7, 0x5c, 0xf2,
    0x0, 0x8e, 0xfc, 0x30,

    /* U+00F7 "÷" */
    0x0, 0x2e, 0x60, 0x0, 0x2, 0xf7, 0x0, 0x1,
    0x11, 0x11, 0x19, 0xff, 0xff, 0xff, 0x24, 0x44,
    0x44, 0x40, 0x0, 0x0, 0x0, 0x0, 0x2f, 0x70,
    0x0, 0x2, 0xe6, 0x0,

    /* U+00F8 "ø" */
    0x0, 0x0, 0x0, 0x0, 0x0, 0x8e, 0xfc, 0xaa,
    0xa, 0xf7, 0x5f, 0xf3, 0x1f, 0x80, 0x2f, 0xf8,
    0x4f, 0x41, 0xd5, 0xcb, 0x4f, 0x4c, 0x70, 0xcb,
    0x1f, 0xfa, 0x1, 0xf8, 0xf, 0xf8, 0x5c, 0xf2,
    0x3e, 0xae, 0xfc, 0x30, 0x1, 0x0, 0x0, 0x0,

    /* U+00F9 "ù" */
    0x1, 0x10, 0x0, 0x0, 0x4f, 0x20, 0x0, 0x0,
    0xa9, 0x0, 0x0, 0x0, 0x0, 0x0, 0xf8, 0x0,
    0x1f, 0x6f, 0x80, 0x1, 0xf6, 0xf8, 0x0, 0x1f,
    0x6f, 0x80, 0x1, 0xf6, 0xf8, 0x0, 0x1f, 0x6e,
    0xa0, 0x4, 0xf6, 0xaf, 0x86, 0xcf, 0x61, 0xbf,
    0xd3, 0xf6,

    /* U+00FA "ú" */
    0x0, 0x0, 0x10, 0x0, 0x0, 0xbb, 0x0, 0x0,
    0x2f, 0x10, 0x0, 0x0, 0x0, 0x0, 0xf8, 0x0,
    0x1f, 0x6f, 0x80, 0x1, 0xf6, 0xf8, 0x0, 0x1f,
    0x6f, 0x80, 0x1, 0xf6, 0xf8, 0x0, 0x1f, 0x6e,
    0xa0, 0x4, 0xf6, 0xaf, 0x86, 0xcf, 0x61, 0xbf,
    0xd3, 0xf6,

    /* U+00FB "û" */
    0x0, 0xdf, 0x40, 0x0, 0xca, 0x3e, 0x30, 0x0,
    0x0, 0x0, 0xf, 0x80, 0x1, 0xf6, 0xf8, 0x0,
    0x1f, 0x6f, 0x80, 0x1, 0xf6, 0xf8, 0x0, 0x1f,
    0x6f, 0x80, 0x1, 0xf6, 0xea, 0x0, 0x4f, 0x6a,
    0xf8, 0x6c, 0xf6, 0x1b, 0xfd, 0x3f, 0x60,

    /* U+00FC "ü" */
    0xe, 0x71, 0xe6, 0x0, 0xb5, 0xb, 0x40, 0x0,
    0x0, 0x0, 0xf, 0x80, 0x1, 0xf6, 0xf8, 0x0,
    0x1f, 0x6f, 0x80, 0x1, 0xf6, 0xf8, 0x0, 0x1f,
    0x6f, 0x80, 0x1, 0xf6, 0xea, 0x0, 0x4f, 0x6a,
    0xf8, 0x6c, 0xf6, 0x1b, 0xfd, 0x3f, 0x60,

    /* U+00FD "ý" */
    0x0, 0x0, 0x11, 0x0, 0x0, 0x0, 0xe8, 0x0,
    0x0, 0x5, 0xd0, 0x0, 0x0, 0x0, 0x0, 0x0,
    0x8f, 0x10, 0x1, 0xf8, 0x2f, 0x70, 0x6, 0xf2,
    0xc, 0xc0, 0xb, 0xd0, 0x6, 0xf1, 0x1f, 0x70,
    0x1, 0xf7, 0x6f, 0x10, 0x0, 0xbb, 0xbb, 0x0,
    0x0, 0x5f, 0xf5, 0x0, 0x0, 0xe, 0xf0, 0x0,
    0x0, 0xe, 0xa0, 0x0, 0x4, 0x9f, 0x30, 0x0,
    0xe, 0xe6, 0x0, 0x0,

    /* U+00FE "þ" */
    0xf8, 0x0, 0x0, 0xf, 0x80, 0x0, 0x0, 0xf8,
    0x0, 0x0, 0xf, 0x89, 0xfe, 0x60, 0xfe, 0xa5,
    0xaf, 0x5f, 0xc0, 0x0, 0xdc, 0xf8, 0x0, 0x9,
    0xff, 0x80, 0x0, 0xaf, 0xfc, 0x0, 0xd, 0xcf,
    0xea, 0x5b, 0xf5, 0xf8, 0x9f, 0xe7, 0xf, 0x80,
    0x0, 0x0, 0xf8, 0x0, 0x0, 0xf, 0x80, 0x0,
    0x0,

    /* U+00FF "ÿ" */
    0x2, 0xe4, 0x3e, 0x30, 0x1, 0xb3, 0x2b, 0x20,
    0x0, 0x0, 0x0, 0x0, 0x8f, 0x10, 0x1, 0xf8,
    0x2f, 0x70, 0x6, 0xf2, 0xc, 0xc0, 0xb, 0xd0,
    0x6, 0xf1, 0x1f, 0x70, 0x1, 0xf7, 0x6f, 0x10,
    0x0, 0xbb, 0xbb, 0x0, 0x0, 0x5f, 0xf5, 0x0,
    0x0, 0xe, 0xf0, 0x0, 0x0, 0xe, 0xa0, 0x0,
    0x4, 0x9f, 0x30, 0x0, 0xe, 0xe6, 0x0, 0x0,

    /* U+0394 "Δ" */
    0x0, 0x2, 0xff, 0x0, 0x0, 0x0, 0x7, 0xff,
    0x50, 0x0, 0x0, 0xd, 0xbe, 0xa0, 0x0, 0x0,
    0x2f, 0x69, 0xf0, 0x0, 0x0, 0x7f, 0x14, 0xf5,
    0x0, 0x0, 0xdc, 0x0, 0xea, 0x0, 0x2, 0xf7,
    0x0, 0x9f, 0x0, 0x7, 0xf2, 0x0, 0x4f, 0x40,
    0xd, 0xd0, 0x0, 0xf, 0xa0, 0x2f, 0xb6, 0x66,
    0x6d, 0xf0, 0x7f, 0xff, 0xff, 0xff, 0xf4,

    /* U+03A9 "Ω" */
    0x0, 0x18, 0xef, 0xd7, 0x0, 0x0, 0x1d, 0xfa,
    0x8b, 0xfb, 0x0, 0xa, 0xf4, 0x0, 0x6, 0xf7,
    0x0, 0xfa, 0x0, 0x0, 0xc, 0xd0, 0x2f, 0x70,
    0x0, 0x0, 0x9f, 0x2, 0xf6, 0x0, 0x0, 0x9,
    0xf0, 0xf, 0x90, 0x0, 0x0, 0xbd, 0x0, 0xae,
    0x10, 0x0, 0x3f, 0x70, 0x0, 0xbe, 0x40, 0x6e,
    0x90, 0x1, 0x55, 0xc9, 0xc, 0xb5, 0x50, 0x3f,
    0xff, 0x90, 0xcf, 0xff, 0x0,

    /* U+03BC "μ" */
    0xf8, 0x0, 0x1f, 0x60, 0xf8, 0x0, 0x1f, 0x60,
    0xf8, 0x0, 0x1f, 0x60, 0xf8, 0x0, 0x1f, 0x60,
    0xf8, 0x0, 0x1f, 0x60, 0xfa, 0x0, 0x3f, 0x60,
    0xff, 0x64, 0xcf, 0xa1, 0xfa, 0xce, 0x77, 0xf5,
    0xf8, 0x0, 0x0, 0x0, 0xf8, 0x0, 0x0, 0x0,
    0xf8, 0x0, 0x0, 0x0,

    /* U+03C0 "π" */
    0xbf, 0xff, 0xff, 0xff, 0x53, 0xaf, 0x44, 0x9f,
    0x41, 0x8, 0xf0, 0x7, 0xf0, 0x0, 0x8f, 0x0,
    0x7f, 0x0, 0x8, 0xf0, 0x7, 0xf0, 0x0, 0x8f,
    0x0, 0x7f, 0x0, 0x8, 0xf0, 0x6, 0xf6, 0x0,
    0x8f, 0x0, 0x1c, 0xf3,

    /* U+2022 "•" */
    0x2, 0x75, 0x1, 0xef, 0xf7, 0x6f, 0xff, 0xe4,
    0xff, 0xfc, 0x8, 0xfd, 0x20,

    /* U+2026 "…" */
    0x0, 0x0, 0x0, 0x0, 0x0, 0xb, 0xe0, 0x7,
    0xf3, 0x3, 0xf7, 0xad, 0x0, 0x6e, 0x20, 0x3e,
    0x60,

    /* U+20AC "€" */
    0x0, 0x2, 0xbf, 0xea, 0x10, 0x2, 0xfe, 0x89,
    0xf6, 0x0, 0xbe, 0x10, 0x2, 0x0, 0x1f, 0x80,
    0x0, 0x0, 0x6f, 0xff, 0xff, 0xe2, 0x1, 0x7f,
    0x42, 0x21, 0x0, 0x6f, 0xff, 0xff, 0x40, 0x1,
    0x3f, 0x82, 0x20, 0x0, 0x0, 0xce, 0x10, 0x1,
    0x0, 0x2, 0xfe, 0x88, 0xe5, 0x0, 0x3, 0xbf,
    0xea, 0x10,

    /* U+2190 "←" */
    0x0, 0x0, 0x0, 0x0, 0x0, 0x0, 0x0, 0x9,
    0x80, 0x0, 0x0, 0x0, 0x9, 0xf4, 0x0, 0x0,
    0x0, 0x9, 0xf4, 0x0, 0x0, 0x0, 0x9, 0xd4,
    0x11, 0x11, 0x11, 0x15, 0xff, 0xff, 0xff, 0xff,
    0xf9, 0xa, 0xd4, 0x33, 0x33, 0x33, 0x10, 0xa,
    0xe3, 0x0, 0x0, 0x0, 0x0, 0xa, 0xe3, 0x0,
    0x0, 0x0, 0x0, 0xa, 0x90, 0x0, 0x0, 0x0,
    0x0, 0x0, 0x0, 0x0, 0x0,

    /* U+2191 "↑" */
    0x0, 0x0, 0x1, 0x0, 0x0, 0x0, 0x0, 0xae,
    0x20, 0x0, 0x0, 0xa, 0xff, 0xe2, 0x0, 0x0,
    0xae, 0x7d, 0x9e, 0x20, 0xa, 0xf3, 0x6d, 0xa,
    0xe2, 0x2e, 0x30, 0x6e, 0x0, 0xb8, 0x0, 0x0,
    0x6e, 0x0, 0x0, 0x0, 0x0, 0x6e, 0x0, 0x0,
    0x0, 0x0, 0x6e, 0x0, 0x0, 0x0, 0x0, 0x6e,
    0x0, 0x0, 0x0, 0x0, 0x6e, 0x0, 0x0,

    /* U+2192 "→" */
    0x0, 0x0, 0x0, 0x0, 0x0, 0x0, 0x0, 0x0,
    0x3c, 0x10, 0x0, 0x0, 0x0, 0x1, 0xcd, 0x10,
    0x0, 0x0, 0x0, 0x1, 0xcd, 0x10, 0x1, 0x11,
    0x11, 0x12, 0xad, 0x14, 0xff, 0xff, 0xff, 0xff,
    0xfb, 0x3, 0x33, 0x33, 0x33, 0xae, 0x20, 0x0,
    0x0, 0x0, 0xbe, 0x20, 0x0, 0x0, 0x0, 0xbe,
    0x20, 0x0, 0x0, 0x0, 0x4d, 0x20, 0x0, 0x0,
    0x0, 0x0, 0x0, 0x0, 0x0,

    /* U+2193 "↓" */
    0x0, 0x0, 0x12, 0x0, 0x0, 0x0, 0x0, 0x6e,
    0x0, 0x0, 0x0, 0x0, 0x6e, 0x0, 0x0, 0x0,
    0x0, 0x6e, 0x0, 0x0, 0x0, 0x0, 0x6e, 0x0,
    0x0, 0x2, 0x0, 0x6e, 0x0, 0x10, 0x2f, 0x50,
    0x6e, 0x1, 0xd9, 0x7, 0xf4, 0x6d, 0xc, 0xd1,
    0x0, 0x7f, 0x8c, 0xbd, 0x10, 0x0, 0x7, 0xff,
    0xd1, 0x0, 0x0, 0x0, 0x7d, 0x10, 0x0, 0x0,
    0x0, 0x0, 0x0, 0x0,

    /* U+2212 "−" */
    0x8e, 0xee, 0xee, 0xe4, 0x77, 0x77, 0x77,

    /* U+221A "√" */
    0x0, 0x0, 0x0, 0x3, 0x10, 0x0, 0x0, 0x4,
    0xf3, 0x0, 0x0, 0x0, 0x9d, 0x0, 0x0, 0x0,
    0xe, 0x80, 0x0, 0x0, 0x4, 0xf2, 0x1, 0x44,
    0x0, 0xac, 0x0, 0x5f, 0xf5, 0xe, 0x70, 0x0,
    0xb, 0xb4, 0xf1, 0x0, 0x0, 0x5f, 0xbc, 0x0,
    0x0, 0x0, 0xef, 0x60, 0x0, 0x0, 0x9, 0xf1,
    0x0, 0x0,

    /* U+221E "∞" */
    0x0, 0x2, 0x0, 0x0, 0x2, 0x10, 0x0, 0x5e,
    0xff, 0x80, 0x4e, 0xff, 0x80, 0x1f, 0xb4, 0x8f,
    0xcf, 0xa4, 0x7f, 0x54, 0xf1, 0x0, 0x6f, 0xc0,
    0x0, 0xd9, 0x2f, 0x60, 0x2d, 0xff, 0x50, 0x2f,
    0x70, 0x9f, 0xef, 0xd2, 0xaf, 0xef, 0xd1, 0x0,
    0x47, 0x50, 0x0, 0x47, 0x60, 0x0,

    /* U+2248 "≈" */
    0x2a, 0xc5, 0x0, 0x91, 0xbd, 0x8f, 0xaa, 0xf1,
    0x84, 0x2, 0xbc, 0x50, 0x19, 0xa4, 0x0, 0x81,
    0xad, 0x9f, 0xa9, 0xf1, 0x84, 0x3, 0xbc, 0x50,

    /* U+2260 "≠" */
    0x0, 0x0, 0x78, 0x1, 0x33, 0x3e, 0x83, 0x7f,
    0xff, 0xff, 0xe0, 0x22, 0xc9, 0x21, 0x12, 0x3f,
    0x42, 0x27, 0xff, 0xff, 0xfe, 0x13, 0xf7, 0x33,
    0x20, 0x3b, 0x0, 0x0,

    /* U+2264 "≤" */
    0x0, 0x0, 0x0, 0x0, 0x0, 0x4, 0x9e, 0x5,
    0xaf, 0xfb, 0x6a, 0xfe, 0x50, 0x0, 0x39, 0xef,
    0xc7, 0x20, 0x0, 0x38, 0xdf, 0x0, 0x0, 0x0,
    0x29, 0xff, 0xff, 0xff, 0x35, 0x55, 0x55, 0x50,

    /* U+2265 "≥" */
    0x0, 0x0, 0x0, 0xa, 0xb6, 0x10, 0x0, 0x39,
    0xef, 0xc6, 0x10, 0x0, 0x3b, 0xff, 0x15, 0xae,
    0xfa, 0x5a, 0xfa, 0x50, 0x0, 0x20, 0x0, 0x0,
    0x9, 0xff, 0xff, 0xff, 0x35, 0x55, 0x55, 0x50,

    /* U+F001 "" */
    0x0, 0x0, 0x0, 0x0, 0x0, 0x0, 0x0, 0x0,
    0x0, 0x0, 0x0, 0x0, 0x2, 0x7b, 0xfb, 0x0,
    0x0, 0x0, 0x4, 0x9d, 0xff, 0xff, 0xd0, 0x0,
    0x3, 0xaf, 0xff, 0xff, 0xff, 0xfd, 0x0, 0x0,
    0xaf, 0xff, 0xff, 0xff, 0xdf, 0xd0, 0x0, 0xa,
    0xff, 0xff, 0xb6, 0x10, 0xed, 0x0, 0x0, 0xaf,
    0x94, 0x0, 0x0, 0xe, 0xd0, 0x0, 0xa, 0xf1,
    0x0, 0x0, 0x0, 0xed, 0x0, 0x0, 0xaf, 0x10,
    0x0, 0x0, 0xe, 0xd0, 0x0, 0xa, 0xf1, 0x0,
    0x0, 0x45, 0xfd, 0x0, 0x0, 0xaf, 0x10, 0x1,
    0xef, 0xff, 0xd0, 0x17, 0x9d, 0xf1, 0x0, 0x5f,
    0xff, 0xfc, 0xe, 0xff, 0xff, 0x10, 0x0, 0xaf,
    0xfd, 0x31, 0xff, 0xff, 0xe0, 0x0, 0x0, 0x1,
    0x0, 0x3, 0xbd, 0xa3, 0x0, 0x0, 0x0, 0x0,
    0x0,

    /* U+F004 "" */
    0x0, 0x2, 0x53, 0x0, 0x0, 0x35, 0x20, 0x0,
    0x0, 0x9f, 0xff, 0xd2, 0x2d, 0xff, 0xf9, 0x0,
    0x7, 0xff, 0xff, 0xfe, 0xef, 0xff, 0xff, 0x70,
    0xd, 0xff, 0xff, 0xff, 0xff, 0xff, 0xff, 0xd0,
    0xf, 0xff, 0xff, 0xff, 0xff, 0xff, 0xff, 0xf0,
    0xd, 0xff, 0xff, 0xff, 0xff, 0xff, 0xff, 0xd0,
    0x6, 0xff, 0xff, 0xff, 0xff, 0xff, 0xff, 0x60,
    0x0, 0x8f, 0xff, 0xff, 0xff, 0xff, 0xf8, 0x0,
    0x0, 0x9, 0xff, 0xff, 0xff, 0xff, 0x90, 0x0,
    0x0, 0x0, 0x9f, 0xff, 0xff, 0xf9, 0x0, 0x0,
    0x0, 0x0, 0xa, 0xff, 0xff, 0xa0, 0x0, 0x0,
    0x0, 0x0, 0x0, 0xaf, 0xfa, 0x0, 0x0, 0x0,
    0x0, 0x0, 0x0, 0xa, 0xa0, 0x0, 0x0, 0x0,

    /* U+F005 "" */
    0x0, 0x0, 0x0, 0x2, 0x10, 0x0, 0x0, 0x0,
    0x0, 0x0, 0x0, 0x1f, 0xc0, 0x0, 0x0, 0x0,
    0x0, 0x0, 0x0, 0x8f, 0xf4, 0x0, 0x0, 0x0,
    0x0, 0x0, 0x1, 0xff, 0xfc, 0x0, 0x0, 0x0,
    0x0, 0x0, 0x8, 0xff, 0xff, 0x50, 0x0, 0x0,
    0x19, 0xbe, 0xff, 0xff, 0xff, 0xff, 0xdb, 0x70,
    0x5f, 0xff, 0xff, 0xff, 0xff, 0xff, 0xff, 0xf1,
    0x9, 0xff, 0xff, 0xff, 0xff, 0xff, 0xff, 0x50,
    0x0, 0x8f, 0xff, 0xff, 0xff, 0xff, 0xf5, 0x0,
    0x0, 0x9, 0xff, 0xff, 0xff, 0xff, 0x50, 0x0,
    0x0, 0x6, 0xff, 0xff, 0xff, 0xff, 0x20, 0x0,
    0x0, 0x9, 0xff, 0xff, 0xff, 0xff, 0x50, 0x0,
    0x0, 0xc, 0xff, 0xfe, 0xff, 0xff, 0x80, 0x0,
    0x0, 0xe, 0xff, 0x70, 0x2a, 0xff, 0xa0, 0x0,
    0x0, 0x8, 0x81, 0x0, 0x0, 0x29, 0x50, 0x0,

    /* U+F008 "" */
    0x50, 0x18, 0x88, 0x88, 0x88, 0x84, 0x5, 0xfa,
    0xbf, 0xdd, 0xdd, 0xdd, 0xfd, 0xaf, 0xe4, 0x7f,
    0x10, 0x0, 0x0, 0xca, 0x4e, 0xe0, 0x4f, 0x10,
    0x0, 0x0, 0xc8, 0xe, 0xfe, 0xef, 0x10, 0x0,
    0x0, 0xcf, 0xef, 0xe0, 0x3f, 0xee, 0xee, 0xee,
    0xf8, 0xe, 0xf6, 0x8f, 0x76, 0x66, 0x66, 0xeb,
    0x6f, 0xf8, 0xaf, 0x10, 0x0, 0x0, 0xcc, 0x8f,
    0xe0, 0x3f, 0x10, 0x0, 0x0, 0xc8, 0xe, 0xfc,
    0xdf, 0x65, 0x55, 0x55, 0xee, 0xcf, 0xc2, 0x5f,
    0xff, 0xff, 0xff, 0xf9, 0x2c,

    /* U+F00B "" */
    0x57, 0x75, 0x5, 0x77, 0x77, 0x77, 0x75, 0xff,
    0xff, 0x1f, 0xff, 0xff, 0xff, 0xff, 0xff, 0xff,
    0x2f, 0xff, 0xff, 0xff, 0xff, 0xef, 0xff, 0xe,
    0xff, 0xff, 0xff, 0xfe, 0x1, 0x10, 0x0, 0x11,
    0x11, 0x11, 0x10, 0xef, 0xfe, 0xe, 0xff, 0xff,
    0xff, 0xfe, 0xff, 0xff, 0x2f, 0xff, 0xff, 0xff,
    0xff, 0xff, 0xff, 0x1f, 0xff, 0xff, 0xff, 0xff,
    0x68, 0x87, 0x7, 0x88, 0x88, 0x88, 0x86, 0x68,
    0x87, 0x7, 0x88, 0x88, 0x88, 0x86, 0xff, 0xff,
    0x1f, 0xff, 0xff, 0xff, 0xff, 0xff, 0xff, 0x2f,
    0xff, 0xff, 0xff, 0xff, 0xdf, 0xfd, 0xd, 0xff,
    0xff, 0xff, 0xfd,

    /* U+F00C "" */
    0x0, 0x0, 0x0, 0x0, 0x0, 0x1, 0x50, 0x0,
    0x0, 0x0, 0x0, 0x0, 0x1d, 0xf8, 0x0, 0x0,
    0x0, 0x0, 0x1, 0xdf, 0xfd, 0x0, 0x0, 0x0,
    0x0, 0x1d, 0xff, 0xe2, 0x2d, 0x60, 0x0, 0x1,
    0xdf, 0xfe, 0x20, 0xdf, 0xf6, 0x0, 0x1d, 0xff,
    0xe2, 0x0, 0x8f, 0xff, 0x61, 0xdf, 0xfe, 0x20,
    0x0, 0x8, 0xff, 0xfe, 0xff, 0xe2, 0x0, 0x0,
    0x0, 0x8f, 0xff, 0xfe, 0x20, 0x0, 0x0, 0x0,
    0x8, 0xff, 0xe2, 0x0, 0x0, 0x0, 0x0, 0x0,
    0x7d, 0x20, 0x0, 0x0, 0x0,

    /* U+F00D "" */
    0x0, 0x0, 0x0, 0x0, 0x0, 0x7f, 0x60, 0x0,
    0xb, 0xe2, 0xef, 0xf6, 0x0, 0xbf, 0xf8, 0x4f,
    0xff, 0x6b, 0xff, 0xd1, 0x4, 0xff, 0xff, 0xfd,
    0x10, 0x0, 0x5f, 0xff, 0xe1, 0x0, 0x0, 0xbf,
    0xff, 0xf6, 0x0, 0xb, 0xff, 0xdf, 0xff, 0x60,
    0xbf, 0xfd, 0x14, 0xff, 0xf5, 0xcf, 0xd1, 0x0,
    0x4f, 0xf6, 0x17, 0x10, 0x0, 0x3, 0x60,

    /* U+F011 "" */
    0x0, 0x0, 0x0, 0x11, 0x0, 0x0, 0x0, 0x0,
    0x0, 0x0, 0xff, 0x0, 0x0, 0x0, 0x0, 0x6f,
    0x21, 0xff, 0x12, 0xf7, 0x0, 0x6, 0xff, 0x61,
    0xff, 0x16, 0xff, 0x60, 0x1f, 0xf9, 0x1, 0xff,
    0x10, 0x9f, 0xf1, 0x6f, 0xe0, 0x1, 0xff, 0x10,
    0xe, 0xf6, 0xaf, 0x80, 0x1, 0xff, 0x10, 0x8,
    0xfa, 0xcf, 0x60, 0x1, 0xff, 0x10, 0x6, 0xfc,
    0xaf, 0x80, 0x0, 0xaa, 0x0, 0x8, 0xfb, 0x7f,
    0xd0, 0x0, 0x0, 0x0, 0xd, 0xf7, 0x1f, 0xf8,
    0x0, 0x0, 0x0, 0x8f, 0xf1, 0x7, 0xff, 0x91,
    0x0, 0x2a, 0xff, 0x70, 0x0, 0x9f, 0xff, 0xee,
    0xff, 0xf9, 0x0, 0x0, 0x5, 0xcf, 0xff, 0xfd,
    0x50, 0x0, 0x0, 0x0, 0x2, 0x44, 0x20, 0x0,
    0x0,

    /* U+F013 "" */
    0x0, 0x0, 0x0, 0x0, 0x0, 0x0, 0x0, 0x0,
    0x0, 0xa, 0xff, 0xa0, 0x0, 0x0, 0x0, 0x0,
    0xc, 0xff, 0xc0, 0x0, 0x0, 0x3, 0xd6, 0xdf,
    0xff, 0xfd, 0x6d, 0x30, 0xe, 0xff, 0xff, 0xff,
    0xff, 0xff, 0xe0, 0x5f, 0xff, 0xff, 0xaa, 0xff,
    0xff, 0xf5, 0x1a, 0xff, 0xf4, 0x0, 0x4f, 0xff,
    0xa1, 0x3, 0xff, 0xd0, 0x0, 0xd, 0xff, 0x30,
    0x4, 0xff, 0xf0, 0x0, 0xf, 0xff, 0x40, 0x4f,
    0xff, 0xfb, 0x22, 0xbf, 0xff, 0xf4, 0x2f, 0xff,
    0xff, 0xff, 0xff, 0xff, 0xf2, 0x9, 0xfe, 0xff,
    0xff, 0xff, 0xef, 0x90, 0x0, 0x50, 0x5e, 0xff,
    0xe5, 0x5, 0x0, 0x0, 0x0, 0xc, 0xff, 0xc0,
    0x0, 0x0, 0x0, 0x0, 0x4, 0x77, 0x40, 0x0,
    0x0,

    /* U+F015 "" */
    0x0, 0x0, 0x0, 0x3, 0x10, 0x3, 0x41, 0x0,
    0x0, 0x0, 0x0, 0x9f, 0xf5, 0xd, 0xf5, 0x0,
    0x0, 0x0, 0x1b, 0xfd, 0xff, 0x8d, 0xf5, 0x0,
    0x0, 0x2, 0xdf, 0xb1, 0x2d, 0xff, 0xf5, 0x0,
    0x0, 0x4f, 0xf8, 0x3e, 0xc2, 0xbf, 0xf5, 0x0,
    0x7, 0xff, 0x55, 0xff, 0xfe, 0x39, 0xfe, 0x40,
    0x9f, 0xe3, 0x8f, 0xff, 0xff, 0xf5, 0x6f, 0xf6,
    0xac, 0x2a, 0xff, 0xff, 0xff, 0xff, 0x73, 0xe6,
    0x0, 0x5f, 0xff, 0xff, 0xff, 0xff, 0xf1, 0x0,
    0x0, 0x6f, 0xff, 0xd7, 0x7f, 0xff, 0xf2, 0x0,
    0x0, 0x6f, 0xff, 0x90, 0xd, 0xff, 0xf2, 0x0,
    0x0, 0x6f, 0xff, 0x90, 0xd, 0xff, 0xf2, 0x0,
    0x0, 0x4f, 0xff, 0x70, 0xb, 0xff, 0xe1, 0x0,

    /* U+F017 "" */
    0x0, 0x0, 0x0, 0x0, 0x0, 0x0, 0x0, 0x0,
    0x1, 0x8d, 0xff, 0xd8, 0x10, 0x0, 0x0, 0x4f,
    0xff, 0xff, 0xff, 0xf4, 0x0, 0x4, 0xff, 0xff,
    0xaa, 0xff, 0xff, 0x40, 0xe, 0xff, 0xff, 0x0,
    0xff, 0xff, 0xe0, 0x6f, 0xff, 0xff, 0x0, 0xff,
    0xff, 0xf6, 0xaf, 0xff, 0xff, 0x0, 0xff, 0xff,
    0xfa, 0xcf, 0xff, 0xff, 0x0, 0xff, 0xff, 0xfc,
    0xbf, 0xff, 0xff, 0x10, 0x1c, 0xff, 0xfb, 0x8f,
    0xff, 0xff, 0xe3, 0x4, 0xff, 0xf8, 0x3f, 0xff,
    0xff, 0xff, 0x9e, 0xff, 0xf3, 0xa, 0xff, 0xff,
    0xff, 0xff, 0xff, 0xa0, 0x0, 0xcf, 0xff, 0xff,
    0xff, 0xfc, 0x0, 0x0, 0x8, 0xff, 0xff, 0xff,
    0x80, 0x0, 0x0, 0x0, 0x15, 0x77, 0x51, 0x0,
    0x0,

    /* U+F019 "" */
    0x0, 0x0, 0x0, 0x33, 0x0, 0x0, 0x0, 0x0,
    0x0, 0xb, 0xff, 0xb0, 0x0, 0x0, 0x0, 0x0,
    0xc, 0xff, 0xc0, 0x0, 0x0, 0x0, 0x0, 0xc,
    0xff, 0xc0, 0x0, 0x0, 0x0, 0x0, 0xc, 0xff,
    0xc0, 0x0, 0x0, 0x0, 0x0, 0xc, 0xff, 0xc0,
    0x0, 0x0, 0x0, 0x8f, 0xff, 0xff, 0xff, 0xf8,
    0x0, 0x0, 0x2e, 0xff, 0xff, 0xff, 0xe2, 0x0,
    0x0, 0x2, 0xef, 0xff, 0xfe, 0x20, 0x0, 0x0,
    0x0, 0x2d, 0xff, 0xe2, 0x0, 0x0, 0x79, 0x99,
    0x82, 0xde, 0x28, 0x99, 0x97, 0xff, 0xff, 0xfb,
    0x22, 0xbf, 0xff, 0xff, 0xff, 0xff, 0xff, 0xff,
    0xff, 0xff, 0xff, 0xff, 0xff, 0xff, 0xff, 0xfa,
    0xb3, 0xcf, 0xac, 0xcc, 0xcc, 0xcc, 0xcc, 0xcc,
    0xca,

    /* U+F01C "" */
    0x0, 0x6, 0xbb, 0xbb, 0xbb, 0xba, 0x30, 0x0,
    0x0, 0x4f, 0xff, 0xff, 0xff, 0xff, 0xe1, 0x0,
    0x0, 0xef, 0x30, 0x0, 0x0, 0x6, 0xfb, 0x0,
    0x9, 0xf8, 0x0, 0x0, 0x0, 0x0, 0xcf, 0x50,
    0x4f, 0xd0, 0x0, 0x0, 0x0, 0x0, 0x2f, 0xe1,
    0xdf, 0x84, 0x42, 0x0, 0x0, 0x34, 0x4b, 0xf9,
    0xff, 0xff, 0xfd, 0x0, 0x1, 0xff, 0xff, 0xfb,
    0xff, 0xff, 0xff, 0x98, 0x8b, 0xff, 0xff, 0xfc,
    0xff, 0xff, 0xff, 0xff, 0xff, 0xff, 0xff, 0xfc,
    0xff, 0xff, 0xff, 0xff, 0xff, 0xff, 0xff, 0xfb,
    0x9f, 0xff, 0xff, 0xff, 0xff, 0xff, 0xff, 0xf6,

    /* U+F021 "" */
    0x0, 0x0, 0x0, 0x0, 0x0, 0x0, 0x33, 0x0,
    0x1, 0x8d, 0xff, 0xc6, 0x0, 0xef, 0x0, 0x4e,
    0xff, 0xff, 0xff, 0xe4, 0xdf, 0x4, 0xff, 0xb3,
    0x0, 0x4c, 0xff, 0xff, 0xe, 0xf9, 0x0, 0x0,
    0x0, 0x8f, 0xff, 0x6f, 0xc0, 0x0, 0x1, 0xff,
    0xff, 0xff, 0x8e, 0x50, 0x0, 0x1, 0xde, 0xee,
    0xed, 0x0, 0x0, 0x0, 0x0, 0x0, 0x0, 0x0,
    0x22, 0x22, 0x22, 0x0, 0x0, 0x0, 0x21, 0xff,
    0xff, 0xff, 0x10, 0x0, 0x8, 0xf8, 0xff, 0xfb,
    0xbc, 0x10, 0x0, 0x1e, 0xf4, 0xff, 0xfc, 0x10,
    0x0, 0x1, 0xdf, 0xc0, 0xfe, 0xef, 0xe8, 0x44,
    0x8e, 0xfe, 0x10, 0xfe, 0x1a, 0xff, 0xff, 0xff,
    0xc1, 0x0, 0xfd, 0x0, 0x28, 0xbb, 0x94, 0x0,
    0x0,

    /* U+F026 "" */
    0x0, 0x0, 0x2, 0x70, 0x0, 0x2, 0xef, 0x0,
    0x2, 0xef, 0xfd, 0xff, 0xff, 0xff, 0xff, 0xff,
    0xff, 0xff, 0xff, 0xff, 0xff, 0xff, 0xff, 0xff,
    0xff, 0xff, 0xff, 0xff, 0x34, 0x47, 0xff, 0xf0,
    0x0, 0x5, 0xff, 0x0, 0x0, 0x5, 0xc0, 0x0,
    0x0, 0x0,

    /* U+F027 "" */
    0x0, 0x0, 0x2, 0x70, 0x0, 0x0, 0x0, 0x2,
    0xef, 0x0, 0x0, 0x0, 0x2, 0xef, 0xf0, 0x0,
    0xd, 0xff, 0xff, 0xff, 0x2, 0x20, 0xff, 0xff,
    0xff, 0xf0, 0x8e, 0x1f, 0xff, 0xff, 0xff, 0x0,
    0xe7, 0xff, 0xff, 0xff, 0xf0, 0x3f, 0x5f, 0xff,
    0xff, 0xff, 0x8, 0x90, 0x34, 0x47, 0xff, 0xf0,
    0x0, 0x0, 0x0, 0x5, 0xff, 0x0, 0x0, 0x0,
    0x0, 0x5, 0xc0, 0x0, 0x0, 0x0, 0x0, 0x0,
    0x0, 0x0,

    /* U+F028 "" */
    0x0, 0x0, 0x0, 0x0, 0x0, 0x7, 0x70, 0x0,
    0x0, 0x0, 0x2, 0x70, 0x0, 0x5, 0xfa, 0x0,
    0x0, 0x0, 0x2e, 0xf0, 0x0, 0x81, 0x4f, 0x60,
    0x0, 0x2, 0xef, 0xf0, 0x1, 0xdd, 0x7, 0xf0,
    0xdf, 0xff, 0xff, 0xf0, 0x32, 0x1e, 0x80, 0xf6,
    0xff, 0xff, 0xff, 0xf0, 0x8e, 0x27, 0xe0, 0xb9,
    0xff, 0xff, 0xff, 0xf0, 0xe, 0x73, 0xf1, 0x9b,
    0xff, 0xff, 0xff, 0xf0, 0x3f, 0x54, 0xf0, 0x9a,
    0xff, 0xff, 0xff, 0xf0, 0x89, 0xa, 0xc0, 0xd8,
    0x34, 0x47, 0xff, 0xf0, 0x0, 0x7f, 0x43, 0xf3,
    0x0, 0x0, 0x5f, 0xf0, 0x2, 0xf6, 0xc, 0xb0,
    0x0, 0x0, 0x5, 0xc0, 0x0, 0x0, 0xbf, 0x10,
    0x0, 0x0, 0x0, 0x0, 0x0, 0x9, 0xe3, 0x0,
    0x0, 0x0, 0x0, 0x0, 0x0, 0x2, 0x10, 0x0,

    /* U+F030 "" */
    0x0, 0x0, 0x49, 0x99, 0x93, 0x0, 0x0, 0x0,
    0x0, 0xff, 0xff, 0xfe, 0x0, 0x0, 0x49, 0x9a,
    0xff, 0xff, 0xff, 0xa9, 0x93, 0xef, 0xff, 0xff,
    0xff, 0xff, 0xff, 0xfe, 0xff, 0xff, 0xf8, 0x33,
    0x8f, 0xff, 0xff, 0xff, 0xff, 0x65, 0xdd, 0x56,
    0xff, 0xff, 0xff, 0xfe, 0x2f, 0xff, 0xf2, 0xef,
    0xff, 0xff, 0xfc, 0x5f, 0xff, 0xf5, 0xcf, 0xff,
    0xff, 0xfe, 0x2f, 0xff, 0xf2, 0xef, 0xff, 0xff,
    0xff, 0x66, 0xff, 0x66, 0xff, 0xff, 0xff, 0xff,
    0xf7, 0x22, 0x7f, 0xff, 0xff, 0xff, 0xff, 0xff,
    0xff, 0xff, 0xff, 0xff, 0x8e, 0xee, 0xee, 0xee,
    0xee, 0xee, 0xe8,

    /* U+F03E "" */
    0x37, 0x88, 0x88, 0x88, 0x88, 0x88, 0x73, 0xef,
    0xff, 0xff, 0xff, 0xff, 0xff, 0xfe, 0xfe, 0x32,
    0xdf, 0xff, 0xff, 0xff, 0xff, 0xf9, 0x0, 0x7f,
    0xff, 0xfd, 0xff, 0xff, 0xfd, 0x10, 0xcf, 0xff,
    0xa0, 0x7f, 0xff, 0xff, 0xff, 0xff, 0xfa, 0x0,
    0x7, 0xff, 0xff, 0xf3, 0x5f, 0xa0, 0x0, 0x0,
    0xcf, 0xff, 0x30, 0x3, 0x0, 0x0, 0x0, 0xcf,
    0xfc, 0x0, 0x0, 0x0, 0x0, 0x0, 0xcf, 0xff,
    0xcc, 0xcc, 0xcc, 0xcc, 0xcc, 0xff, 0xaf, 0xff,
    0xff, 0xff, 0xff, 0xff, 0xf9,

    /* U+F043 "" */
    0x0, 0x0, 0x20, 0x0, 0x0, 0x0, 0x1, 0xfa,
    0x0, 0x0, 0x0, 0x6, 0xff, 0x10, 0x0, 0x0,
    0xd, 0xff, 0x70, 0x0, 0x0, 0x6f, 0xff, 0xf1,
    0x0, 0x1, 0xef, 0xff, 0xfa, 0x0, 0xb, 0xff,
    0xff, 0xff, 0x60, 0x5f, 0xff, 0xff, 0xff, 0xe0,
    0xcf, 0xff, 0xff, 0xff, 0xf6, 0xfe, 0xbf, 0xff,
    0xff, 0xf9, 0xfd, 0x4f, 0xff, 0xff, 0xf9, 0xbf,
    0x49, 0xff, 0xff, 0xf5, 0x3f, 0xe5, 0x2e, 0xff,
    0xd0, 0x6, 0xff, 0xff, 0xfd, 0x20, 0x0, 0x28,
    0xba, 0x60, 0x0,

    /* U+F048 "" */
    0x4, 0x30, 0x0, 0x0, 0x31, 0x1f, 0xe0, 0x0,
    0x6, 0xf9, 0x1f, 0xe0, 0x0, 0x7f, 0xfa, 0x1f,
    0xe0, 0x9, 0xff, 0xfa, 0x1f, 0xe0, 0xaf, 0xff,
    0xfa, 0x1f, 0xeb, 0xff, 0xff, 0xfa, 0x1f, 0xff,
    0xff, 0xff, 0xfa, 0x1f, 0xff, 0xff, 0xff, 0xfa,
    0x1f, 0xe6, 0xff, 0xff, 0xfa, 0x1f, 0xe0, 0x5f,
    0xff, 0xfa, 0x1f, 0xe0, 0x4, 0xff, 0xfa, 0x1f,
    0xe0, 0x0, 0x3e, 0xfa, 0xf, 0xd0, 0x0, 0x2,
    0xd7, 0x0, 0x0, 0x0, 0x0, 0x0,

    /* U+F04B "" */
    0x2, 0x0, 0x0, 0x0, 0x0, 0x0, 0xc, 0xfb,
    0x20, 0x0, 0x0, 0x0, 0x0, 0xff, 0xff, 0x90,
    0x0, 0x0, 0x0, 0xf, 0xff, 0xff, 0xe6, 0x0,
    0x0, 0x0, 0xff, 0xff, 0xff, 0xfc, 0x30, 0x0,
    0xf, 0xff, 0xff, 0xff, 0xff, 0x91, 0x0, 0xff,
    0xff, 0xff, 0xff, 0xff, 0xe6, 0xf, 0xff, 0xff,
    0xff, 0xff, 0xff, 0xf2, 0xff, 0xff, 0xff, 0xff,
    0xff, 0xfd, 0xf, 0xff, 0xff, 0xff, 0xff, 0xf8,
    0x0, 0xff, 0xff, 0xff, 0xff, 0xb2, 0x0, 0xf,
    0xff, 0xff, 0xfd, 0x40, 0x0, 0x0, 0xff, 0xff,
    0xf7, 0x0, 0x0, 0x0, 0xf, 0xff, 0xa1, 0x0,
    0x0, 0x0, 0x0, 0x6a, 0x40, 0x0, 0x0, 0x0,
    0x0, 0x0,

    /* U+F04C "" */
    0x14, 0x44, 0x20, 0x1, 0x44, 0x42, 0xd, 0xff,
    0xff, 0x10, 0xdf, 0xff, 0xf1, 0xff, 0xff, 0xf3,
    0xf, 0xff, 0xff, 0x3f, 0xff, 0xff, 0x40, 0xff,
    0xff, 0xf4, 0xff, 0xff, 0xf4, 0xf, 0xff, 0xff,
    0x4f, 0xff, 0xff, 0x40, 0xff, 0xff, 0xf4, 0xff,
    0xff, 0xf4, 0xf, 0xff, 0xff, 0x4f, 0xff, 0xff,
    0x40, 0xff, 0xff, 0xf4, 0xff, 0xff, 0xf4, 0xf,
    0xff, 0xff, 0x4f, 0xff, 0xff, 0x40, 0xff, 0xff,
    0xf4, 0xff, 0xff, 0xf4, 0xf, 0xff, 0xff, 0x4f,
    0xff, 0xff, 0x30, 0xff, 0xff, 0xf3, 0x9f, 0xff,
    0xc0, 0x9, 0xff, 0xfc, 0x0,

    /* U+F04D "" */
    0x14, 0x44, 0x44, 0x44, 0x44, 0x42, 0xd, 0xff,
    0xff, 0xff, 0xff, 0xff, 0xf1, 0xff, 0xff, 0xff,
    0xff, 0xff, 0xff, 0x3f, 0xff, 0xff, 0xff, 0xff,
    0xff, 0xf4, 0xff, 0xff, 0xff, 0xff, 0xff, 0xff,
    0x4f, 0xff, 0xff, 0xff, 0xff, 0xff, 0xf4, 0xff,
    0xff, 0xff, 0xff, 0xff, 0xff, 0x4f, 0xff, 0xff,
    0xff, 0xff, 0xff, 0xf4, 0xff, 0xff, 0xff, 0xff,
    0xff, 0xff, 0x4f, 0xff, 0xff, 0xff, 0xff, 0xff,
    0xf4, 0xff, 0xff, 0xff, 0xff, 0xff, 0xff, 0x4f,
    0xff, 0xff, 0xff, 0xff, 0xff, 0xf3, 0x9f, 0xff,
    0xff, 0xff, 0xff, 0xfc, 0x0,

    /* U+F051 "" */
    0x2, 0x10, 0x0, 0x0, 0x42, 0xf, 0xe2, 0x0,
    0x3, 0xfb, 0xf, 0xfe, 0x30, 0x4, 0xfb, 0xf,
    0xff, 0xf4, 0x4, 0xfb, 0xf, 0xff, 0xff, 0x54,
    0xfb, 0xf, 0xff, 0xff, 0xfa, 0xfb, 0xf, 0xff,
    0xff, 0xff, 0xfb, 0xf, 0xff, 0xff, 0xff, 0xfb,
    0xf, 0xff, 0xff, 0xd6, 0xfb, 0xf, 0xff, 0xfd,
    0x14, 0xfb, 0xf, 0xff, 0xc1, 0x4, 0xfb, 0xf,
    0xfb, 0x0, 0x4, 0xfb, 0xc, 0xa0, 0x0, 0x3,
    0xfa, 0x0, 0x0, 0x0, 0x0, 0x0,

    /* U+F052 "" */
    0x0, 0x0, 0x0, 0x12, 0x0, 0x0, 0x0, 0x0,
    0x0, 0x3, 0xff, 0x60, 0x0, 0x0, 0x0, 0x0,
    0x2e, 0xff, 0xf5, 0x0, 0x0, 0x0, 0x1, 0xef,
    0xff, 0xff, 0x40, 0x0, 0x0, 0x1d, 0xff, 0xff,
    0xff, 0xf3, 0x0, 0x0, 0xcf, 0xff, 0xff, 0xff,
    0xfe, 0x20, 0xa, 0xff, 0xff, 0xff, 0xff, 0xff,
    0xe0, 0xe, 0xff, 0xff, 0xff, 0xff, 0xff, 0xf2,
    0x3, 0x99, 0x99, 0x99, 0x99, 0x99, 0x50, 0x5,
    0x88, 0x88, 0x88, 0x88, 0x88, 0x70, 0xf, 0xff,
    0xff, 0xff, 0xff, 0xff, 0xf3, 0xf, 0xff, 0xff,
    0xff, 0xff, 0xff, 0xf4, 0xb, 0xff, 0xff, 0xff,
    0xff, 0xff, 0xd1,

    /* U+F053 "" */
    0x0, 0x0, 0x0, 0x0, 0x0, 0x0, 0x0, 0x3f,
    0x90, 0x0, 0x0, 0x3f, 0xfc, 0x0, 0x0, 0x3f,
    0xfd, 0x10, 0x0, 0x3f, 0xfd, 0x10, 0x0, 0x3f,
    0xfd, 0x10, 0x0, 0x1f, 0xfd, 0x10, 0x0, 0x0,
    0xcf, 0xf4, 0x0, 0x0, 0x0, 0xcf, 0xf4, 0x0,
    0x0, 0x0, 0xcf, 0xf4, 0x0, 0x0, 0x0, 0xcf,
    0xf4, 0x0, 0x0, 0x0, 0xcf, 0xe0, 0x0, 0x0,
    0x0, 0xa4, 0x0,

    /* U+F054 "" */
    0x0, 0x0, 0x0, 0x0, 0x0, 0xcd, 0x10, 0x0,
    0x0, 0x1f, 0xfd, 0x10, 0x0, 0x0, 0x3f, 0xfd,
    0x10, 0x0, 0x0, 0x3f, 0xfd, 0x10, 0x0, 0x0,
    0x3f, 0xfd, 0x10, 0x0, 0x0, 0x3f, 0xfd, 0x0,
    0x0, 0x7, 0xff, 0x90, 0x0, 0x7, 0xff, 0x90,
    0x0, 0x7, 0xff, 0x90, 0x0, 0x7, 0xff, 0x90,
    0x0, 0x2, 0xff, 0x90, 0x0, 0x0, 0x7, 0x80,
    0x0, 0x0, 0x0,

    /* U+F067 "" */
    0x0, 0x0, 0x4, 0x50, 0x0, 0x0, 0x0, 0x0,
    0x2, 0xff, 0x60, 0x0, 0x0, 0x0, 0x0, 0x3f,
    0xf7, 0x0, 0x0, 0x0, 0x0, 0x3, 0xff, 0x70,
    0x0, 0x0, 0x0, 0x0, 0x3f, 0xf7, 0x0, 0x0,
    0x6, 0x99, 0x9a, 0xff, 0xc9, 0x99, 0x80, 0xff,
    0xff, 0xff, 0xff, 0xff, 0xff, 0x3d, 0xff, 0xff,
    0xff, 0xff, 0xff, 0xf2, 0x1, 0x11, 0x3f, 0xf7,
    0x11, 0x10, 0x0, 0x0, 0x3, 0xff, 0x70, 0x0,
    0x0, 0x0, 0x0, 0x3f, 0xf7, 0x0, 0x0, 0x0,
    0x0, 0x3, 0xff, 0x70, 0x0, 0x0, 0x0, 0x0,
    0xc, 0xd3, 0x0, 0x0, 0x0,

    /* U+F068 "" */
    0x69, 0x99, 0x99, 0x99, 0x99, 0x98, 0xf, 0xff,
    0xff, 0xff, 0xff, 0xff, 0xf3, 0xdf, 0xff, 0xff,
    0xff, 0xff, 0xff, 0x20, 0x0, 0x0, 0x0, 0x0,
    0x0, 0x0,

    /* U+F06B "" */
    0x0, 0x3, 0x51, 0x0, 0x5, 0x30, 0x0, 0x0,
    0x8f, 0xfe, 0x32, 0xef, 0xf9, 0x0, 0x1, 0xf5,
    0xa, 0xee, 0xb0, 0x4f, 0x20, 0x1, 0xf4, 0x0,
    0xde, 0x10, 0x3f, 0x20, 0xad, 0xff, 0xdd, 0xee,
    0xdd, 0xff, 0xda, 0xff, 0xff, 0xff, 0xff, 0xff,
    0xff, 0xff, 0xff, 0xff, 0xff, 0xff, 0xff, 0xff,
    0xff, 0xab, 0xbb, 0xbb, 0xbb, 0xbb, 0xbb, 0xba,
    0x6, 0x66, 0x66, 0x0, 0x66, 0x66, 0x60, 0x2f,
    0xff, 0xff, 0x22, 0xff, 0xff, 0xf2, 0x2f, 0xff,
    0xff, 0x22, 0xff, 0xff, 0xf2, 0x2f, 0xff, 0xff,
    0x22, 0xff, 0xff, 0xf2, 0xd, 0xff, 0xff, 0x11,
    0xff, 0xff, 0xd0,

    /* U+F06D "" */
    0x0, 0x0, 0x0, 0x0, 0x0, 0x0, 0x0, 0x8,
    0xe0, 0x0, 0x0, 0x0, 0x1, 0xff, 0x20, 0x0,
    0x0, 0x0, 0x6f, 0xfc, 0x0, 0x0, 0x0, 0x7,
    0xff, 0xfb, 0x0, 0x0, 0x11, 0x1f, 0xff, 0xfc,
    0x0, 0x1e, 0x90, 0x5f, 0xff, 0xf9, 0x8, 0xfa,
    0x0, 0x6f, 0xff, 0xf1, 0xdf, 0xa0, 0x0, 0xef,
    0xff, 0x5f, 0xfd, 0x0, 0x1f, 0xff, 0xf7, 0xef,
    0xfc, 0x9e, 0xff, 0xff, 0x6a, 0xff, 0xff, 0xff,
    0xff, 0xf2, 0x2f, 0xff, 0xff, 0xff, 0xf9, 0x0,
    0x4f, 0xff, 0xff, 0xfa, 0x0, 0x0, 0x18, 0xcd,
    0xb5, 0x0, 0x0,

    /* U+F06E "" */
    0x0, 0x0, 0x1, 0x56, 0x64, 0x0, 0x0, 0x0,
    0x0, 0x3, 0xbf, 0xfe, 0xef, 0xf9, 0x10, 0x0,
    0x0, 0x7f, 0xfa, 0x10, 0x3, 0xdf, 0xe4, 0x0,
    0x8, 0xff, 0xa0, 0x9, 0xb4, 0x1e, 0xff, 0x50,
    0x4f, 0xff, 0x20, 0xb, 0xff, 0x26, 0xff, 0xe1,
    0xef, 0xff, 0x9, 0xcf, 0xff, 0x63, 0xff, 0xfa,
    0xbf, 0xff, 0x9, 0xff, 0xff, 0x54, 0xff, 0xf6,
    0x1e, 0xff, 0x51, 0xdf, 0xfb, 0x9, 0xff, 0xb0,
    0x3, 0xef, 0xe2, 0x4, 0x30, 0x5f, 0xfc, 0x10,
    0x0, 0x2c, 0xff, 0x95, 0x6a, 0xff, 0x90, 0x0,
    0x0, 0x0, 0x49, 0xdf, 0xfd, 0x92, 0x0, 0x0,

    /* U+F070 "" */
    0x0, 0x0, 0x0, 0x0, 0x0, 0x0, 0x0, 0x0,
    0x0, 0xcd, 0x20, 0x0, 0x0, 0x0, 0x0, 0x0,
    0x0, 0x0, 0x8f, 0xf5, 0x0, 0x14, 0x66, 0x40,
    0x0, 0x0, 0x0, 0x4, 0xef, 0xac, 0xff, 0xef,
    0xff, 0x91, 0x0, 0x0, 0x0, 0x1c, 0xff, 0xa1,
    0x0, 0x4d, 0xfe, 0x30, 0x0, 0x0, 0x0, 0x9f,
    0xf5, 0xab, 0x31, 0xef, 0xf4, 0x0, 0x7, 0xb1,
    0x5, 0xff, 0xff, 0xe1, 0x7f, 0xfe, 0x10, 0xf,
    0xfe, 0x30, 0x2d, 0xff, 0xf5, 0x4f, 0xff, 0x90,
    0xc, 0xff, 0xe0, 0x0, 0xaf, 0xf6, 0x5f, 0xff,
    0x60, 0x2, 0xff, 0xf4, 0x0, 0x6, 0xff, 0xef,
    0xfb, 0x0, 0x0, 0x4f, 0xfd, 0x10, 0x0, 0x3e,
    0xff, 0xc0, 0x0, 0x0, 0x2, 0xdf, 0xe8, 0x54,
    0x1, 0xbf, 0xe3, 0x0, 0x0, 0x0, 0x5, 0xae,
    0xff, 0x60, 0x7, 0xff, 0x60, 0x0, 0x0, 0x0,
    0x0, 0x0, 0x0, 0x0, 0x4e, 0xf6, 0x0, 0x0,
    0x0, 0x0, 0x0, 0x0, 0x0, 0x1, 0xa1,

    /* U+F071 "" */
    0x0, 0x0, 0x0, 0x0, 0x0, 0x0, 0x0, 0x0,
    0x0, 0x0, 0x0, 0x0, 0x3e, 0xd0, 0x0, 0x0,
    0x0, 0x0, 0x0, 0x0, 0xc, 0xff, 0x80, 0x0,
    0x0, 0x0, 0x0, 0x0, 0x6, 0xff, 0xff, 0x20,
    0x0, 0x0, 0x0, 0x0, 0x0, 0xef, 0xff, 0xfb,
    0x0, 0x0, 0x0, 0x0, 0x0, 0x8f, 0xfc, 0xcf,
    0xf4, 0x0, 0x0, 0x0, 0x0, 0x2f, 0xfb, 0x0,
    0xff, 0xd0, 0x0, 0x0, 0x0, 0xb, 0xff, 0xc0,
    0xf, 0xff, 0x70, 0x0, 0x0, 0x4, 0xff, 0xfd,
    0x1, 0xff, 0xff, 0x10, 0x0, 0x0, 0xdf, 0xff,
    0xe0, 0x2f, 0xff, 0xfa, 0x0, 0x0, 0x7f, 0xff,
    0xff, 0x9b, 0xff, 0xff, 0xf3, 0x0, 0x1f, 0xff,
    0xff, 0xb0, 0xe, 0xff, 0xff, 0xc0, 0xa, 0xff,
    0xff, 0xfe, 0x24, 0xff, 0xff, 0xff, 0x60, 0xff,
    0xff, 0xff, 0xff, 0xff, 0xff, 0xff, 0xfa, 0x6,
    0xcc, 0xcc, 0xcc, 0xcc, 0xcc, 0xcc, 0xcb, 0x30,

    /* U+F072 "" */
    0x0, 0x0, 0x1, 0x43, 0x0, 0x0, 0x0, 0x0,
    0x0, 0x0, 0x0, 0x6f, 0xf7, 0x0, 0x0, 0x0,
    0x0, 0x0, 0x0, 0x1, 0xff, 0xf1, 0x0, 0x0,
    0x0, 0x0, 0x0, 0x0, 0xc, 0xff, 0xa0, 0x0,
    0x0, 0x0, 0xd, 0xe2, 0x0, 0x8f, 0xff, 0x30,
    0x0, 0x0, 0x0, 0xbf, 0xc3, 0x36, 0xff, 0xfd,
    0x33, 0x32, 0x0, 0x7, 0xff, 0xff, 0xff, 0xff,
    0xff, 0xff, 0xfd, 0x20, 0x3f, 0xff, 0xff, 0xff,
    0xff, 0xff, 0xff, 0xfa, 0x6, 0xff, 0xff, 0xff,
    0xff, 0xff, 0xff, 0xfe, 0x30, 0xbf, 0xd4, 0x47,
    0xff, 0xfd, 0x44, 0x43, 0x0, 0xe, 0xf3, 0x0,
    0x7f, 0xff, 0x50, 0x0, 0x0, 0x0, 0x0, 0x0,
    0xb, 0xff, 0xc0, 0x0, 0x0, 0x0, 0x0, 0x0,
    0x0, 0xff, 0xf4, 0x0, 0x0, 0x0, 0x0, 0x0,
    0x0, 0x4f, 0xfb, 0x0, 0x0, 0x0, 0x0, 0x0,
    0x0, 0x4, 0xcb, 0x20, 0x0, 0x0, 0x0, 0x0,

    /* U+F074 "" */
    0x0, 0x0, 0x0, 0x0, 0x0, 0x36, 0x0, 0x0,
    0x0, 0x0, 0x0, 0x0, 0x7f, 0x80, 0xdd, 0xdb,
    0x0, 0x0, 0x8d, 0xef, 0xf8, 0xff, 0xff, 0xb0,
    0x7, 0xff, 0xff, 0xfd, 0x55, 0x6f, 0xf4, 0x6f,
    0xf8, 0xaf, 0xe2, 0x0, 0x5, 0x74, 0xff, 0x90,
    0x7e, 0x20, 0x0, 0x0, 0x3f, 0xfa, 0x0, 0x0,
    0x0, 0x0, 0x2, 0xef, 0xc2, 0x50, 0x4a, 0x0,
    0x1, 0x2e, 0xfd, 0x1d, 0xf4, 0x8f, 0xb0, 0xff,
    0xff, 0xe1, 0xb, 0xff, 0xff, 0xfb, 0xff, 0xfe,
    0x20, 0x0, 0xcf, 0xff, 0xfb, 0x12, 0x21, 0x0,
    0x0, 0x2, 0x9f, 0xc0, 0x0, 0x0, 0x0, 0x0,
    0x0, 0x5b, 0x0,

    /* U+F077 "" */
    0x0, 0x0, 0x7, 0xa0, 0x0, 0x0, 0x0, 0x0,
    0x8, 0xff, 0xb0, 0x0, 0x0, 0x0, 0x8, 0xff,
    0xff, 0xb0, 0x0, 0x0, 0x8, 0xff, 0x95, 0xff,
    0xb0, 0x0, 0x8, 0xff, 0x90, 0x5, 0xff, 0xb0,
    0x7, 0xff, 0x90, 0x0, 0x5, 0xff, 0xb0, 0x9f,
    0x90, 0x0, 0x0, 0x5, 0xfd, 0x0, 0x40, 0x0,
    0x0, 0x0, 0x3, 0x10,

    /* U+F078 "" */
    0x4c, 0x20, 0x0, 0x0, 0x0, 0xb6, 0xb, 0xfe,
    0x20, 0x0, 0x0, 0xcf, 0xf0, 0x2e, 0xfe, 0x20,
    0x0, 0xcf, 0xf4, 0x0, 0x2e, 0xfe, 0x20, 0xcf,
    0xf4, 0x0, 0x0, 0x2e, 0xfe, 0xcf, 0xf4, 0x0,
    0x0, 0x0, 0x2e, 0xff, 0xf4, 0x0, 0x0, 0x0,
    0x0, 0x2e, 0xf4, 0x0, 0x0, 0x0, 0x0, 0x0,
    0x13, 0x0, 0x0, 0x0,

    /* U+F079 "" */
    0x0, 0x8, 0x30, 0x0, 0x0, 0x0, 0x0, 0x0,
    0x0, 0x0, 0xbf, 0xf3, 0x8, 0xbb, 0xbb, 0xbb,
    0x90, 0x0, 0xb, 0xff, 0xff, 0x39, 0xff, 0xff,
    0xff, 0xf1, 0x0, 0x8f, 0xcf, 0xcf, 0xf0, 0x0,
    0x0, 0xa, 0xf1, 0x0, 0x38, 0x2f, 0x94, 0x80,
    0x0, 0x0, 0xa, 0xf1, 0x0, 0x0, 0x2f, 0x90,
    0x0, 0x0, 0x0, 0xa, 0xf1, 0x0, 0x0, 0x2f,
    0x90, 0x0, 0x0, 0x3, 0xa, 0xf1, 0x30, 0x0,
    0x2f, 0x90, 0x0, 0x0, 0x1f, 0xcb, 0xf8, 0xf8,
    0x0, 0x2f, 0xeb, 0xbb, 0xbb, 0x39, 0xff, 0xff,
    0xe2, 0x0, 0x1f, 0xff, 0xff, 0xff, 0xb0, 0x9f,
    0xfd, 0x20, 0x0, 0x0, 0x0, 0x0, 0x0, 0x0,
    0x8, 0xd1, 0x0,

    /* U+F07A "" */
    0x0, 0x0, 0x0, 0x0, 0x0, 0x0, 0x0, 0x0,
    0xef, 0xff, 0x10, 0x0, 0x0, 0x0, 0x0, 0x0,
    0x9b, 0xdf, 0x74, 0x44, 0x44, 0x44, 0x44, 0x41,
    0x0, 0x4f, 0xff, 0xff, 0xff, 0xff, 0xff, 0xfa,
    0x0, 0xf, 0xff, 0xff, 0xff, 0xff, 0xff, 0xf7,
    0x0, 0xd, 0xff, 0xff, 0xff, 0xff, 0xff, 0xf3,
    0x0, 0xa, 0xff, 0xff, 0xff, 0xff, 0xff, 0xf0,
    0x0, 0x6, 0xff, 0xff, 0xff, 0xff, 0xff, 0xc0,
    0x0, 0x3, 0xff, 0xff, 0xff, 0xff, 0xff, 0x80,
    0x0, 0x0, 0xfe, 0x77, 0x77, 0x77, 0x77, 0x10,
    0x0, 0x0, 0xcf, 0xbb, 0xbb, 0xbb, 0xb9, 0x0,
    0x0, 0x0, 0x9f, 0xff, 0xff, 0xff, 0xff, 0x0,
    0x0, 0x1, 0xff, 0x90, 0x0, 0x2, 0xff, 0x80,
    0x0, 0x3, 0xff, 0xb0, 0x0, 0x3, 0xff, 0xa0,
    0x0, 0x0, 0x69, 0x20, 0x0, 0x0, 0x69, 0x10,

    /* U+F07B "" */
    0x37, 0x88, 0x87, 0x0, 0x0, 0x0, 0x0, 0xef,
    0xff, 0xff, 0xa0, 0x0, 0x0, 0x0, 0xff, 0xff,
    0xff, 0xfd, 0xcc, 0xcc, 0xb6, 0xff, 0xff, 0xff,
    0xff, 0xff, 0xff, 0xff, 0xff, 0xff, 0xff, 0xff,
    0xff, 0xff, 0xff, 0xff, 0xff, 0xff, 0xff, 0xff,
    0xff, 0xff, 0xff, 0xff, 0xff, 0xff, 0xff, 0xff,
    0xff, 0xff, 0xff, 0xff, 0xff, 0xff, 0xff, 0xff,
    0xff, 0xff, 0xff, 0xff, 0xff, 0xff, 0xff, 0xff,
    0xff, 0xff, 0xff, 0xff, 0xff, 0xff, 0xaf, 0xff,
    0xff, 0xff, 0xff, 0xff, 0xf9,

    /* U+F091 "" */
    0x0, 0x0, 0x0, 0x0, 0x0, 0x0, 0x0, 0x0,
    0x0, 0x7, 0xff, 0xff, 0xff, 0xff, 0x20, 0x0,
    0x9b, 0xbd, 0xff, 0xff, 0xff, 0xff, 0xcb, 0xb6,
    0xff, 0xff, 0xff, 0xff, 0xff, 0xff, 0xff, 0xfc,
    0xfc, 0x7, 0xff, 0xff, 0xff, 0xff, 0x31, 0xfb,
    0xcf, 0x44, 0xff, 0xff, 0xff, 0xff, 0x18, 0xf8,
    0x4f, 0xfc, 0xff, 0xff, 0xff, 0xff, 0xcf, 0xe1,
    0x4, 0xdf, 0xff, 0xff, 0xff, 0xff, 0xfb, 0x20,
    0x0, 0x4, 0x9f, 0xff, 0xff, 0xf7, 0x30, 0x0,
    0x0, 0x0, 0xa, 0xff, 0xff, 0x60, 0x0, 0x0,
    0x0, 0x0, 0x0, 0xbf, 0xf7, 0x0, 0x0, 0x0,
    0x0, 0x0, 0x0, 0x7f, 0xf2, 0x0, 0x0, 0x0,
    0x0, 0x0, 0x13, 0x9f, 0xf5, 0x30, 0x0, 0x0,
    0x0, 0x3, 0xff, 0xff, 0xff, 0xfd, 0x0, 0x0,
    0x0, 0x7, 0xff, 0xff, 0xff, 0xff, 0x30, 0x0,

    /* U+F093 "" */
    0x0, 0x0, 0x0, 0x0, 0x0, 0x0, 0x0, 0x0,
    0x0, 0x1, 0xdd, 0x10, 0x0, 0x0, 0x0, 0x0,
    0x1d, 0xff, 0xd1, 0x0, 0x0, 0x0, 0x1, 0xdf,
    0xff, 0xfd, 0x10, 0x0, 0x0, 0x1d, 0xff, 0xff,
    0xff, 0xd1, 0x0, 0x0, 0x9f, 0xff, 0xff, 0xff,
    0xf9, 0x0, 0x0, 0x1, 0x1c, 0xff, 0xc1, 0x10,
    0x0, 0x0, 0x0, 0xc, 0xff, 0xc0, 0x0, 0x0,
    0x0, 0x0, 0xc, 0xff, 0xc0, 0x0, 0x0, 0x0,
    0x0, 0xc, 0xff, 0xc0, 0x0, 0x0, 0x79, 0x99,
    0x3b, 0xff, 0xb3, 0x99, 0x97, 0xff, 0xff, 0xb2,
    0x44, 0x2b, 0xff, 0xff, 0xff, 0xff, 0xfe, 0xdd,
    0xef, 0xff, 0xff, 0xff, 0xff, 0xff, 0xff, 0xfa,
    0xb3, 0xcf, 0xac, 0xcc, 0xcc, 0xcc, 0xcc, 0xcc,
    0xca,

    /* U+F095 "" */
    0x0, 0x0, 0x0, 0x0, 0x0, 0x2, 0x0, 0x0,
    0x0, 0x0, 0x0, 0x0, 0x4, 0xff, 0xc7, 0x0,
    0x0, 0x0, 0x0, 0x0, 0xaf, 0xff, 0xf0, 0x0,
    0x0, 0x0, 0x0, 0x1f, 0xff, 0xfd, 0x0, 0x0,
    0x0, 0x0, 0x6, 0xff, 0xff, 0xc0, 0x0, 0x0,
    0x0, 0x0, 0x8, 0xff, 0xf7, 0x0, 0x0, 0x0,
    0x0, 0x0, 0xc, 0xff, 0x30, 0x0, 0x0, 0x0,
    0x0, 0x4, 0xff, 0xc0, 0x0, 0x0, 0x0, 0x0,
    0x1, 0xef, 0xf3, 0x0, 0x0, 0x4a, 0x30, 0x2,
    0xdf, 0xf8, 0x0, 0x5, 0xdf, 0xfe, 0x15, 0xef,
    0xfb, 0x0, 0x0, 0xef, 0xff, 0xff, 0xff, 0xfa,
    0x0, 0x0, 0xb, 0xff, 0xff, 0xff, 0xf7, 0x0,
    0x0, 0x0, 0x7f, 0xff, 0xff, 0xa2, 0x0, 0x0,
    0x0, 0x2, 0xba, 0x85, 0x0, 0x0, 0x0, 0x0,
    0x0,

    /* U+F0A4 "" */
    0x0, 0x0, 0x0, 0x5, 0x40, 0x0, 0x0, 0x0,
    0x0, 0x0, 0x4f, 0xf2, 0x0, 0x0, 0x0, 0x0,
    0x6, 0xff, 0xf1, 0x0, 0x0, 0x57, 0x33, 0xdf,
    0xff, 0xff, 0xff, 0xfa, 0xff, 0xcc, 0xff, 0xff,
    0xff, 0xff, 0xfe, 0xff, 0xcc, 0xff, 0xff, 0xff,
    0x86, 0x62, 0xff, 0xcc, 0xff, 0xff, 0xff, 0x50,
    0x0, 0xff, 0xcc, 0xff, 0xff, 0xff, 0x0, 0x0,
    0xe6, 0xcc, 0xff, 0xff, 0xfe, 0x0, 0x0, 0xec,
    0xba, 0xff, 0xff, 0xf7, 0x0, 0x0, 0x2, 0x0,
    0x3a, 0xef, 0xc2, 0x0, 0x0,

    /* U+F0A6 "" */
    0x0, 0x2, 0x0, 0x0, 0x0, 0x0, 0x5, 0xfb,
    0x0, 0x0, 0x0, 0x0, 0x7f, 0xe0, 0x0, 0x0,
    0x0, 0x7, 0xfe, 0x0, 0x0, 0x0, 0x0, 0x7f,
    0xe8, 0x53, 0x0, 0x2, 0x58, 0xff, 0xff, 0xfc,
    0x90, 0xef, 0xff, 0xff, 0xff, 0xff, 0x5b, 0xff,
    0xff, 0xff, 0xff, 0xf7, 0x9, 0xff, 0xff, 0xff,
    0xff, 0x60, 0xd, 0xff, 0xff, 0xff, 0xf1, 0x0,
    0x4f, 0xff, 0xff, 0xfa, 0x0, 0x0, 0x7a, 0xbb,
    0xba, 0x30, 0x0, 0xb, 0xee, 0xee, 0xd6, 0x0,
    0x0, 0xff, 0xff, 0xe4, 0xa0, 0x0, 0x9, 0xcc,
    0xcc, 0xc5, 0x0,

    /* U+F0C2 "" */
    0x0, 0x0, 0x0, 0x33, 0x0, 0x0, 0x0, 0x0,
    0x0, 0x0, 0x0, 0x7f, 0xff, 0xf7, 0x0, 0x0,
    0x0, 0x0, 0x0, 0x8, 0xff, 0xff, 0xff, 0x86,
    0x73, 0x0, 0x0, 0x0, 0x1f, 0xff, 0xff, 0xff,
    0xff, 0xff, 0x40, 0x0, 0x0, 0x5f, 0xff, 0xff,
    0xff, 0xff, 0xff, 0xc0, 0x0, 0x1, 0xbf, 0xff,
    0xff, 0xff, 0xff, 0xff, 0xc0, 0x0, 0x2e, 0xff,
    0xff, 0xff, 0xff, 0xff, 0xff, 0xfa, 0x10, 0xaf,
    0xff, 0xff, 0xff, 0xff, 0xff, 0xff, 0xff, 0xd0,
    0xef, 0xff, 0xff, 0xff, 0xff, 0xff, 0xff, 0xff,
    0xf5, 0xff, 0xff, 0xff, 0xff, 0xff, 0xff, 0xff,
    0xff, 0xf7, 0xbf, 0xff, 0xff, 0xff, 0xff, 0xff,
    0xff, 0xff, 0xf5, 0x2f, 0xff, 0xff, 0xff, 0xff,
    0xff, 0xff, 0xff, 0xc0, 0x2, 0xae, 0xff, 0xff,
    0xff, 0xff, 0xff, 0xe9, 0x10,

    /* U+F0C4 "" */
    0x4, 0x86, 0x0, 0x0, 0x0, 0x10, 0x6, 0xff,
    0xfa, 0x0, 0x2, 0xdf, 0xd1, 0xef, 0x3c, 0xf1,
    0x1, 0xdf, 0xfa, 0xe, 0xe0, 0xaf, 0x21, 0xdf,
    0xfa, 0x0, 0x9f, 0xef, 0xf6, 0xdf, 0xfa, 0x0,
    0x0, 0x8d, 0xff, 0xff, 0xfb, 0x0, 0x0, 0x0,
    0x6, 0xff, 0xfd, 0x0, 0x0, 0x0, 0x48, 0xef,
    0xff, 0xf6, 0x0, 0x0, 0x6f, 0xff, 0xfb, 0xff,
    0xf6, 0x0, 0xe, 0xf3, 0xcf, 0x23, 0xff, 0xf6,
    0x0, 0xee, 0xa, 0xf2, 0x4, 0xff, 0xf6, 0x9,
    0xfe, 0xfc, 0x0, 0x4, 0xff, 0xf1, 0x8, 0xda,
    0x10, 0x0, 0x2, 0x62, 0x0,

    /* U+F0C5 "" */
    0x0, 0x0, 0x0, 0x0, 0x0, 0x0, 0x0, 0x0,
    0x6f, 0xff, 0xf9, 0x86, 0x0, 0x0, 0x8, 0xff,
    0xff, 0x98, 0xf6, 0x8, 0xa6, 0x8f, 0xff, 0xf9,
    0x59, 0x90, 0xff, 0xa8, 0xff, 0xff, 0xfc, 0xcc,
    0xf, 0xfa, 0x8f, 0xff, 0xff, 0xff, 0xf1, 0xff,
    0xa8, 0xff, 0xff, 0xff, 0xff, 0x1f, 0xfa, 0x8f,
    0xff, 0xff, 0xff, 0xf1, 0xff, 0xa8, 0xff, 0xff,
    0xff, 0xff, 0x1f, 0xfa, 0x8f, 0xff, 0xff, 0xff,
    0xf1, 0xff, 0xa8, 0xff, 0xff, 0xff, 0xff, 0x1f,
    0xfa, 0x7f, 0xff, 0xff, 0xff, 0xf0, 0xff, 0xe3,
    0x12, 0x22, 0x22, 0x21, 0xf, 0xff, 0xff, 0xff,
    0xf9, 0x0, 0x0, 0xac, 0xcc, 0xcc, 0xcb, 0x50,
    0x0, 0x0,

    /* U+F0C7 "" */
    0x49, 0x99, 0x99, 0x99, 0x95, 0x0, 0xe, 0xff,
    0xff, 0xff, 0xff, 0xf6, 0x0, 0xfd, 0x22, 0x22,
    0x22, 0x4f, 0xf6, 0xf, 0xc0, 0x0, 0x0, 0x1,
    0xff, 0xf3, 0xfc, 0x0, 0x0, 0x0, 0x1f, 0xff,
    0x6f, 0xc0, 0x0, 0x0, 0x2, 0xff, 0xf6, 0xff,
    0xff, 0xff, 0xff, 0xff, 0xff, 0x6f, 0xff, 0xff,
    0xdc, 0xff, 0xff, 0xf6, 0xff, 0xff, 0xb0, 0x5,
    0xff, 0xff, 0x6f, 0xff, 0xf6, 0x0, 0xf, 0xff,
    0xf6, 0xff, 0xff, 0xc0, 0x6, 0xff, 0xff, 0x6f,
    0xff, 0xff, 0xed, 0xff, 0xff, 0xf6, 0x9f, 0xff,
    0xff, 0xff, 0xff, 0xfd, 0x10,

    /* U+F0C9 "" */
    0xcd, 0xdd, 0xdd, 0xdd, 0xdd, 0xdd, 0x2f, 0xff,
    0xff, 0xff, 0xff, 0xff, 0xf3, 0x12, 0x22, 0x22,
    0x22, 0x22, 0x22, 0x0, 0x0, 0x0, 0x0, 0x0,
    0x0, 0x0, 0x0, 0x0, 0x0, 0x0, 0x0, 0x0,
    0xf, 0xff, 0xff, 0xff, 0xff, 0xff, 0xf3, 0xde,
    0xee, 0xee, 0xee, 0xee, 0xee, 0x20, 0x0, 0x0,
    0x0, 0x0, 0x0, 0x0, 0x0, 0x0, 0x0, 0x0,
    0x0, 0x0, 0xd, 0xee, 0xee, 0xee, 0xee, 0xee,
    0xe2, 0xff, 0xff, 0xff, 0xff, 0xff, 0xff, 0x30,
    0x0, 0x0, 0x0, 0x0, 0x0, 0x0,

    /* U+F0E0 "" */
    0x37, 0x88, 0x88, 0x88, 0x88, 0x88, 0x73, 0xef,
    0xff, 0xff, 0xff, 0xff, 0xff, 0xfe, 0xef, 0xff,
    0xff, 0xff, 0xff, 0xff, 0xfe, 0x1c, 0xff, 0xff,
    0xff, 0xff, 0xff, 0xc1, 0xd2, 0x8f, 0xff, 0xff,
    0xff, 0xf8, 0x2d, 0xff, 0x64, 0xef, 0xff, 0xfe,
    0x45, 0xff, 0xff, 0xfa, 0x2b, 0xff, 0xb2, 0xaf,
    0xff, 0xff, 0xff, 0xd3, 0x55, 0x3d, 0xff, 0xff,
    0xff, 0xff, 0xff, 0xbb, 0xff, 0xff, 0xff, 0xff,
    0xff, 0xff, 0xff, 0xff, 0xff, 0xff, 0xaf, 0xff,
    0xff, 0xff, 0xff, 0xff, 0xf9,

    /* U+F0E7 "" */
    0x0, 0x0, 0x0, 0x0, 0x0, 0x1, 0xff, 0xff,
    0xf0, 0x0, 0x4, 0xff, 0xff, 0xd0, 0x0, 0x6,
    0xff, 0xff, 0x80, 0x0, 0x8, 0xff, 0xff, 0x30,
    0x0, 0xa, 0xff, 0xff, 0xaa, 0xa6, 0xc, 0xff,
    0xff, 0xff, 0xf8, 0xe, 0xff, 0xff, 0xff, 0xe1,
    0xb, 0xdd, 0xdf, 0xff, 0x60, 0x0, 0x0, 0x4f,
    0xfd, 0x0, 0x0, 0x0, 0x7f, 0xf3, 0x0, 0x0,
    0x0, 0xbf, 0xa0, 0x0, 0x0, 0x0, 0xff, 0x10,
    0x0, 0x0, 0x3, 0xf8, 0x0, 0x0, 0x0, 0x3,
    0xc0, 0x0, 0x0,

    /* U+F0E9 "" */
    0x0, 0x0, 0x0, 0x0, 0x0, 0x0, 0x0, 0x0,
    0x0, 0x0, 0x0, 0x0, 0xe, 0xa0, 0x0, 0x0,
    0x0, 0x0, 0x0, 0x1, 0x7a, 0xff, 0xa5, 0x0,
    0x0, 0x0, 0x0, 0x8, 0xff, 0xff, 0xff, 0xfe,
    0x60, 0x0, 0x0, 0xc, 0xff, 0xff, 0xff, 0xff,
    0xff, 0x90, 0x0, 0xb, 0xff, 0xff, 0xff, 0xff,
    0xff, 0xff, 0x70, 0x4, 0xff, 0xff, 0xff, 0xff,
    0xff, 0xff, 0xff, 0x10, 0xbf, 0xcf, 0xff, 0xfe,
    0xff, 0xff, 0xfd, 0xf7, 0xa, 0x10, 0x3e, 0xf6,
    0x43, 0x9f, 0xc1, 0x3, 0x80, 0x0, 0x0, 0x48,
    0xf, 0xc0, 0xb1, 0x0, 0x0, 0x0, 0x0, 0x0,
    0x0, 0xfc, 0x0, 0x0, 0x0, 0x0, 0x0, 0x0,
    0x0, 0xf, 0xc0, 0x0, 0x0, 0x0, 0x0, 0x0,
    0x4, 0xc2, 0xfb, 0x0, 0x0, 0x0, 0x0, 0x0,
    0x0, 0x5f, 0xff, 0x70, 0x0, 0x0, 0x0, 0x0,
    0x0, 0x0, 0x6b, 0x70, 0x0, 0x0, 0x0, 0x0,

    /* U+F0EA "" */
    0x0, 0x0, 0x20, 0x0, 0x0, 0x0, 0x4, 0x55,
    0xef, 0xb5, 0x52, 0x0, 0x0, 0xff, 0xfd, 0x1f,
    0xff, 0xb0, 0x0, 0xf, 0xff, 0xff, 0xff, 0xfc,
    0x0, 0x0, 0xff, 0xff, 0x53, 0x33, 0x20, 0x0,
    0xf, 0xff, 0x97, 0xff, 0xfb, 0x57, 0x0, 0xff,
    0xf8, 0xaf, 0xff, 0xc6, 0xf8, 0xf, 0xff, 0x8a,
    0xff, 0xfc, 0x4a, 0xa1, 0xff, 0xf8, 0xaf, 0xff,
    0xe3, 0x22, 0xf, 0xff, 0x8a, 0xff, 0xff, 0xff,
    0xf4, 0xff, 0xf8, 0xaf, 0xff, 0xff, 0xff, 0x4f,
    0xff, 0x8a, 0xff, 0xff, 0xff, 0xf4, 0x35, 0x52,
    0xaf, 0xff, 0xff, 0xff, 0x40, 0x0, 0xa, 0xff,
    0xff, 0xff, 0xf4, 0x0, 0x0, 0x7f, 0xff, 0xff,
    0xfe, 0x20,

    /* U+F0F3 "" */
    0x0, 0x0, 0x1, 0x10, 0x0, 0x0, 0x0, 0x0,
    0x0, 0xaf, 0x0, 0x0, 0x0, 0x0, 0x1, 0x8f,
    0xfa, 0x30, 0x0, 0x0, 0x2, 0xef, 0xff, 0xff,
    0x50, 0x0, 0x0, 0xbf, 0xff, 0xff, 0xff, 0x10,
    0x0, 0x1f, 0xff, 0xff, 0xff, 0xf5, 0x0, 0x3,
    0xff, 0xff, 0xff, 0xff, 0x70, 0x0, 0x5f, 0xff,
    0xff, 0xff, 0xf9, 0x0, 0x8, 0xff, 0xff, 0xff,
    0xff, 0xc0, 0x0, 0xdf, 0xff, 0xff, 0xff, 0xff,
    0x20, 0x9f, 0xff, 0xff, 0xff, 0xff, 0xfd, 0xe,
    0xff, 0xff, 0xff, 0xff, 0xff, 0xf2, 0x2, 0x22,
    0x22, 0x22, 0x22, 0x21, 0x0, 0x0, 0x8, 0xff,
    0xc0, 0x0, 0x0, 0x0, 0x0, 0x9, 0xa2, 0x0,
    0x0, 0x0,

    /* U+F0F4 "" */
    0x0, 0x2, 0x99, 0x99, 0x99, 0x99, 0x99, 0x98,
    0x30, 0x0, 0x0, 0x6f, 0xff, 0xff, 0xff, 0xff,
    0xff, 0xff, 0x70, 0x0, 0x6, 0xff, 0xff, 0xff,
    0xff, 0xff, 0x34, 0xef, 0x20, 0x0, 0x6f, 0xff,
    0xff, 0xff, 0xff, 0xf1, 0x5, 0xf7, 0x0, 0x6,
    0xff, 0xff, 0xff, 0xff, 0xff, 0x10, 0x5f, 0x70,
    0x0, 0x6f, 0xff, 0xff, 0xff, 0xff, 0xf3, 0x4d,
    0xf2, 0x0, 0x6, 0xff, 0xff, 0xff, 0xff, 0xff,
    0xff, 0xf8, 0x0, 0x0, 0x6f, 0xff, 0xff, 0xff,
    0xff, 0xfa, 0x94, 0x0, 0x0, 0x2, 0xff, 0xff,
    0xff, 0xff, 0xfd, 0x0, 0x0, 0x0, 0x0, 0x5,
    0xef, 0xff, 0xff, 0xfc, 0x20, 0x0, 0x0, 0x0,
    0x0, 0x0, 0x0, 0x0, 0x0, 0x0, 0x0, 0x0,
    0x0, 0xcc, 0xcc, 0xcc, 0xcc, 0xcc, 0xcc, 0xcc,
    0xcc, 0x60, 0x9, 0xff, 0xff, 0xff, 0xff, 0xff,
    0xff, 0xff, 0xe3, 0x0,

    /* U+F0FC "" */
    0x57, 0x77, 0x77, 0x77, 0x30, 0x0, 0xf, 0xff,
    0xff, 0xff, 0xfb, 0x0, 0x0, 0xff, 0xff, 0xff,
    0xff, 0xeb, 0x91, 0xf, 0xfb, 0xaf, 0x6f, 0xff,
    0xff, 0xc0, 0xff, 0xa8, 0xf3, 0xef, 0xb0, 0xbf,
    0xf, 0xfa, 0x8f, 0x3e, 0xfb, 0xa, 0xf1, 0xff,
    0xa8, 0xf3, 0xef, 0xb0, 0xaf, 0x1f, 0xfa, 0x8f,
    0x3e, 0xfb, 0xa, 0xf1, 0xff, 0xa8, 0xf3, 0xef,
    0xb3, 0xef, 0xf, 0xfa, 0x8f, 0x3e, 0xff, 0xff,
    0x80, 0xff, 0xee, 0xfd, 0xff, 0xfc, 0x40, 0xf,
    0xff, 0xff, 0xff, 0xfb, 0x0, 0x0, 0xdf, 0xff,
    0xff, 0xff, 0x80, 0x0, 0x0,

    /* U+F118 "" */
    0x0, 0x0, 0x0, 0x0, 0x0, 0x0, 0x0, 0x0,
    0x2, 0x9e, 0xff, 0xc7, 0x0, 0x0, 0x0, 0x7f,
    0xff, 0xff, 0xff, 0xd2, 0x0, 0x7, 0xff, 0xff,
    0xff, 0xff, 0xfe, 0x10, 0x2f, 0xff, 0xff, 0xff,
    0xff, 0xff, 0xb0, 0x9f, 0xff, 0xaf, 0xff, 0xcc,
    0xff, 0xf2, 0xdf, 0xfc, 0x9, 0xff, 0x23, 0xff,
    0xf6, 0xff, 0xff, 0x9e, 0xff, 0xbc, 0xff, 0xf8,
    0xff, 0xff, 0xff, 0xff, 0xff, 0xff, 0xf8, 0xcf,
    0xfd, 0xcf, 0xff, 0xfa, 0xff, 0xf5, 0x7f, 0xfd,
    0x18, 0xcb, 0x45, 0xff, 0xf1, 0xe, 0xff, 0xd6,
    0x23, 0x9f, 0xff, 0x80, 0x3, 0xff, 0xff, 0xff,
    0xff, 0xfb, 0x0, 0x0, 0x2d, 0xff, 0xff, 0xff,
    0x90, 0x0, 0x0, 0x0, 0x49, 0xaa, 0x72, 0x0,
    0x0,

    /* U+F119 "" */
    0x0, 0x0, 0x0, 0x0, 0x0, 0x0, 0x0, 0x0,
    0x3, 0xae, 0xff, 0xc7, 0x0, 0x0, 0x0, 0x7f,
    0xff, 0xff, 0xff, 0xd2, 0x0, 0x8, 0xff, 0xff,
    0xff, 0xff, 0xfe, 0x20, 0x3f, 0xff, 0xff, 0xff,
    0xff, 0xff, 0xb0, 0xaf, 0xff, 0xaf, 0xff, 0xcc,
    0xff, 0xf3, 0xef, 0xfd, 0x9, 0xff, 0x33, 0xff,
    0xf7, 0xff, 0xff, 0xdf, 0xff, 0xef, 0xff, 0xf8,
    0xef, 0xff, 0xff, 0xff, 0xff, 0xff, 0xf7, 0xbf,
    0xff, 0xe8, 0x56, 0xbf, 0xff, 0xf4, 0x5f, 0xfd,
    0x28, 0xcb, 0x56, 0xff, 0xd0, 0xb, 0xfd, 0xdf,
    0xff, 0xfa, 0xff, 0x40, 0x0, 0xcf, 0xff, 0xff,
    0xff, 0xf6, 0x0, 0x0, 0x7, 0xef, 0xff, 0xfb,
    0x30, 0x0, 0x0, 0x0, 0x2, 0x44, 0x10, 0x0,
    0x0,

    /* U+F11A "" */
    0x0, 0x0, 0x0, 0x0, 0x0, 0x0, 0x0, 0x0,
    0x2, 0x9e, 0xff, 0xc7, 0x0, 0x0, 0x0, 0x7f,
    0xff, 0xff, 0xff, 0xd2, 0x0, 0x7, 0xff, 0xff,
    0xff, 0xff, 0xfe, 0x10, 0x2f, 0xff, 0xff, 0xff,
    0xff, 0xff, 0xb0, 0x9f, 0xff, 0xaf, 0xff, 0xcc,
    0xff, 0xf2, 0xdf, 0xfd, 0x9, 0xff, 0x33, 0xff,
    0xf6, 0xff, 0xff, 0xcf, 0xff, 0xde, 0xff, 0xf8,
    0xff, 0xff, 0xff, 0xff, 0xff, 0xff, 0xf7, 0xcf,
    0xff, 0xff, 0xff, 0xff, 0xff, 0xf5, 0x7f, 0xfd,
    0x0, 0x0, 0x4, 0xff, 0xf1, 0xe, 0xff, 0xff,
    0xff, 0xff, 0xff, 0x70, 0x3, 0xff, 0xff, 0xff,
    0xff, 0xfb, 0x0, 0x0, 0x2c, 0xff, 0xff, 0xff,
    0x80, 0x0, 0x0, 0x0, 0x48, 0xa9, 0x61, 0x0,
    0x0,

    /* U+F11C "" */
    0x5b, 0xbb, 0xbb, 0xbb, 0xbb, 0xbb, 0xbb, 0xa3,
    0xff, 0xff, 0xff, 0xff, 0xff, 0xff, 0xff, 0xfb,
    0xfc, 0xc, 0x30, 0xe1, 0x1d, 0xd, 0x11, 0xfc,
    0xfc, 0xb, 0x30, 0xe0, 0x1d, 0xd, 0x10, 0xfc,
    0xff, 0xfe, 0xff, 0xef, 0xfe, 0xfe, 0xef, 0xfc,
    0xff, 0xf1, 0x5a, 0x8, 0x70, 0xa0, 0x5f, 0xfc,
    0xff, 0xf3, 0x7b, 0x29, 0x92, 0xc2, 0x7f, 0xfc,
    0xff, 0xbf, 0xcb, 0xbb, 0xbb, 0xbf, 0xcb, 0xfc,
    0xfc, 0xb, 0x20, 0x0, 0x0, 0xd, 0x0, 0xfc,
    0xff, 0xcf, 0xcc, 0xcc, 0xcc, 0xcf, 0xcc, 0xfb,
    0x9f, 0xff, 0xff, 0xff, 0xff, 0xff, 0xff, 0xf6,

    /* U+F124 "" */
    0x0, 0x0, 0x0, 0x0, 0x0, 0x0, 0x2, 0x0,
    0x0, 0x0, 0x0, 0x0, 0x0, 0x5, 0xdf, 0xb0,
    0x0, 0x0, 0x0, 0x0, 0x7, 0xef, 0xff, 0xd0,
    0x0, 0x0, 0x0, 0x18, 0xff, 0xff, 0xff, 0x70,
    0x0, 0x0, 0x29, 0xff, 0xff, 0xff, 0xff, 0x0,
    0x0, 0x3b, 0xff, 0xff, 0xff, 0xff, 0xf8, 0x0,
    0xa, 0xff, 0xff, 0xff, 0xff, 0xff, 0xf1, 0x0,
    0xf, 0xff, 0xff, 0xff, 0xff, 0xff, 0xa0, 0x0,
    0x4, 0x9a, 0xaa, 0xaf, 0xff, 0xff, 0x20, 0x0,
    0x0, 0x0, 0x0, 0xe, 0xff, 0xfb, 0x0, 0x0,
    0x0, 0x0, 0x0, 0xe, 0xff, 0xf4, 0x0, 0x0,
    0x0, 0x0, 0x0, 0xe, 0xff, 0xc0, 0x0, 0x0,
    0x0, 0x0, 0x0, 0xe, 0xff, 0x50, 0x0, 0x0,
    0x0, 0x0, 0x0, 0xd, 0xfd, 0x0, 0x0, 0x0,
    0x0, 0x0, 0x0, 0x4, 0xb3, 0x0, 0x0, 0x0,

    /* U+F135 "" */
    0x0, 0x0, 0x0, 0x0, 0x0, 0x35, 0x76, 0x20,
    0x0, 0x0, 0x0, 0x4, 0xdf, 0xff, 0xfd, 0x0,
    0x0, 0x0, 0x6, 0xff, 0xff, 0xff, 0xe0, 0x0,
    0x0, 0x3, 0xff, 0xf9, 0xa, 0xfe, 0x0, 0x5e,
    0xff, 0xff, 0xff, 0x80, 0x9f, 0xc0, 0xe, 0xff,
    0xff, 0xff, 0xff, 0xef, 0xf8, 0x7, 0xff, 0xff,
    0xff, 0xff, 0xff, 0xff, 0x10, 0xef, 0xff, 0xff,
    0xff, 0xff, 0xff, 0x50, 0x5, 0x66, 0xef, 0xff,
    0xff, 0xfe, 0x40, 0x0, 0x0, 0x5f, 0xff, 0xff,
    0xff, 0x70, 0x0, 0x0, 0x1, 0xdf, 0xff, 0xff,
    0xf7, 0x0, 0x0, 0x0, 0x1, 0xc9, 0xef, 0xff,
    0x70, 0x0, 0x0, 0x0, 0x0, 0xe, 0xff, 0xf3,
    0x0, 0x0, 0x0, 0x0, 0x0, 0xef, 0xb3, 0x0,
    0x0, 0x0, 0x0, 0x0, 0x5, 0x30, 0x0, 0x0,
    0x0,

    /* U+F15B "" */
    0x35, 0x55, 0x55, 0x2, 0x0, 0xf, 0xff, 0xff,
    0xf2, 0xf4, 0x0, 0xff, 0xff, 0xff, 0x2f, 0xf4,
    0xf, 0xff, 0xff, 0xf2, 0xff, 0xf3, 0xff, 0xff,
    0xff, 0x32, 0x22, 0x1f, 0xff, 0xff, 0xff, 0xff,
    0xf7, 0xff, 0xff, 0xff, 0xff, 0xff, 0x8f, 0xff,
    0xff, 0xff, 0xff, 0xf8, 0xff, 0xff, 0xff, 0xff,
    0xff, 0x8f, 0xff, 0xff, 0xff, 0xff, 0xf8, 0xff,
    0xff, 0xff, 0xff, 0xff, 0x8f, 0xff, 0xff, 0xff,
    0xff, 0xf8, 0xff, 0xff, 0xff, 0xff, 0xff, 0x8f,
    0xff, 0xff, 0xff, 0xff, 0xf8, 0x8a, 0xaa, 0xaa,
    0xaa, 0xaa, 0x30,

    /* U+F164 "" */
    0x0, 0x0, 0x0, 0x0, 0x20, 0x0, 0x0, 0x0,
    0x0, 0x0, 0x2, 0xff, 0x20, 0x0, 0x0, 0x0,
    0x0, 0x7, 0xff, 0x60, 0x0, 0x0, 0x0, 0x0,
    0xc, 0xff, 0x60, 0x0, 0x0, 0x0, 0x0, 0x8f,
    0xff, 0x10, 0x0, 0x0, 0x0, 0x4, 0xff, 0xfd,
    0x77, 0x61, 0x12, 0x10, 0x1e, 0xff, 0xff, 0xff,
    0xfc, 0xff, 0xf3, 0x9f, 0xff, 0xff, 0xff, 0xfe,
    0xff, 0xf4, 0xaf, 0xff, 0xff, 0xff, 0xf9, 0xff,
    0xf4, 0xaf, 0xff, 0xff, 0xff, 0xf9, 0xff, 0xf4,
    0xaf, 0xff, 0xff, 0xff, 0xf5, 0xff, 0xf4, 0xaf,
    0xff, 0xff, 0xff, 0xf4, 0xf8, 0xf4, 0xaf, 0xff,
    0xff, 0xff, 0xe0, 0xf6, 0xe4, 0x5d, 0xff, 0xff,
    0xff, 0xc0, 0xdf, 0xe2, 0x0, 0x39, 0xdf, 0xec,
    0x30,

    /* U+F165 "" */
    0x0, 0x0, 0x0, 0x0, 0x13, 0x31, 0x0, 0x45,
    0x50, 0x1, 0x7d, 0xff, 0xff, 0x70, 0xff, 0xf4,
    0x8f, 0xff, 0xff, 0xff, 0xc0, 0xff, 0xf4, 0xaf,
    0xff, 0xff, 0xff, 0xf1, 0xff, 0xf4, 0xaf, 0xff,
    0xff, 0xff, 0xf4, 0xff, 0xf4, 0xaf, 0xff, 0xff,
    0xff, 0xf7, 0xff, 0xf4, 0xaf, 0xff, 0xff, 0xff,
    0xf9, 0xf5, 0xe4, 0xaf, 0xff, 0xff, 0xff, 0xfc,
    0xfb, 0xf4, 0x7f, 0xff, 0xff, 0xff, 0xff, 0x68,
    0x70, 0xb, 0xff, 0xff, 0xff, 0xe6, 0x0, 0x0,
    0x1, 0xef, 0xfd, 0x0, 0x0, 0x0, 0x0, 0x0,
    0x2f, 0xff, 0x40, 0x0, 0x0, 0x0, 0x0, 0x9,
    0xff, 0x70, 0x0, 0x0, 0x0, 0x0, 0x4, 0xff,
    0x50, 0x0, 0x0, 0x0, 0x0, 0x0, 0xa8, 0x0,
    0x0,

    /* U+F185 "" */
    0x0, 0x0, 0x0, 0x11, 0x0, 0x0, 0x0, 0x0,
    0x0, 0x0, 0xbb, 0x0, 0x0, 0x0, 0x0, 0x61,
    0x3, 0xff, 0x30, 0x15, 0x0, 0x0, 0xff, 0xcd,
    0xff, 0xdc, 0xfe, 0x0, 0x0, 0xaf, 0xf8, 0x33,
    0x8f, 0xfa, 0x0, 0x0, 0x4f, 0x46, 0xdd, 0x64,
    0xf4, 0x0, 0x5, 0xdb, 0x4f, 0xff, 0xf4, 0xbd,
    0x50, 0xcf, 0xf8, 0x9f, 0xff, 0xf9, 0x8f, 0xfc,
    0x4d, 0xf9, 0x7f, 0xff, 0xf7, 0x9f, 0xd4, 0x0,
    0x7e, 0x1d, 0xff, 0xd1, 0xe7, 0x0, 0x0, 0x7f,
    0xb1, 0x55, 0x1b, 0xf7, 0x0, 0x0, 0xcf, 0xff,
    0xbb, 0xff, 0xfc, 0x0, 0x0, 0xe9, 0x47, 0xff,
    0x74, 0x9d, 0x0, 0x0, 0x0, 0x0, 0xee, 0x0,
    0x0, 0x0, 0x0, 0x0, 0x0, 0x66, 0x0, 0x0,
    0x0,

    /* U+F186 "" */
    0x0, 0x0, 0x0, 0x1, 0x10, 0x0, 0x0, 0x0,
    0x0, 0x5c, 0xff, 0xf2, 0x0, 0x0, 0x0, 0xa,
    0xff, 0xfe, 0x20, 0x0, 0x0, 0x0, 0xaf, 0xff,
    0xf3, 0x0, 0x0, 0x0, 0x5, 0xff, 0xff, 0xb0,
    0x0, 0x0, 0x0, 0xd, 0xff, 0xff, 0x70, 0x0,
    0x0, 0x0, 0x1f, 0xff, 0xff, 0x60, 0x0, 0x0,
    0x0, 0x3f, 0xff, 0xff, 0x80, 0x0, 0x0, 0x0,
    0x2f, 0xff, 0xff, 0xd0, 0x0, 0x0, 0x0, 0xf,
    0xff, 0xff, 0xf6, 0x0, 0x0, 0x0, 0xa, 0xff,
    0xff, 0xff, 0x50, 0x0, 0x0, 0x3, 0xff, 0xff,
    0xff, 0xfb, 0x52, 0x30, 0x0, 0x6f, 0xff, 0xff,
    0xff, 0xff, 0xd1, 0x0, 0x5, 0xff, 0xff, 0xff,
    0xfc, 0x10, 0x0, 0x0, 0x16, 0xbd, 0xc9, 0x40,
    0x0,

    /* U+F1B9 "" */
    0x0, 0x1, 0x7a, 0xbb, 0xba, 0x40, 0x0, 0x0,
    0x0, 0xdf, 0xff, 0xff, 0xff, 0x50, 0x0, 0x0,
    0x6f, 0x91, 0x0, 0x4, 0xfe, 0x0, 0x4, 0x5d,
    0xf0, 0x0, 0x0, 0xa, 0xf8, 0x51, 0xaf, 0xfe,
    0x77, 0x77, 0x77, 0xaf, 0xff, 0x32, 0xfe, 0xff,
    0xff, 0xff, 0xff, 0xef, 0xb0, 0x6f, 0x3, 0xff,
    0xff, 0xff, 0x90, 0x7e, 0x5, 0xfa, 0x8f, 0xff,
    0xff, 0xfa, 0x8d, 0xe0, 0x1f, 0xff, 0xff, 0xff,
    0xff, 0xff, 0xf9, 0x0, 0xff, 0xc4, 0x44, 0x44,
    0x47, 0xff, 0x70, 0xb, 0xf7, 0x0, 0x0, 0x0,
    0x2e, 0xf4, 0x0,

    /* U+F1BB "" */
    0x0, 0x0, 0x0, 0x0, 0x0, 0x0, 0x0, 0x0,
    0x8, 0xd1, 0x0, 0x0, 0x0, 0x0, 0x7f, 0xfc,
    0x0, 0x0, 0x0, 0x6, 0xff, 0xff, 0xc0, 0x0,
    0x0, 0x2f, 0xff, 0xff, 0xf9, 0x0, 0x0, 0x6,
    0xff, 0xff, 0xb2, 0x0, 0x0, 0xd, 0xff, 0xff,
    0xf4, 0x0, 0x0, 0xbf, 0xff, 0xff, 0xff, 0x30,
    0x1, 0xcf, 0xff, 0xff, 0xfd, 0x60, 0x0, 0x4f,
    0xff, 0xff, 0xfb, 0x0, 0x3, 0xff, 0xff, 0xff,
    0xff, 0x90, 0xe, 0xff, 0xff, 0xff, 0xff, 0xf5,
    0x4, 0x55, 0x5c, 0xf6, 0x55, 0x51, 0x0, 0x0,
    0x1e, 0xf6, 0x0, 0x0, 0x0, 0x0, 0x6f, 0xfc,
    0x0, 0x0,

    /* U+F1E2 "" */
    0x0, 0x0, 0x0, 0x0, 0x0, 0x0, 0x10, 0x0,
    0x0, 0x0, 0x0, 0x0, 0x49, 0x94, 0x0, 0x0,
    0x0, 0x0, 0x0, 0x4, 0x59, 0x0, 0x3, 0x8a,
    0x95, 0x87, 0x49, 0x64, 0x0, 0xaf, 0xff, 0xff,
    0xff, 0xc0, 0x1, 0xb, 0xfe, 0xbf, 0xff, 0xff,
    0xf5, 0x0, 0x5f, 0xd2, 0x6e, 0xff, 0xff, 0xf3,
    0x0, 0xcf, 0x5a, 0xff, 0xff, 0xff, 0xf1, 0x0,
    0xff, 0x7f, 0xff, 0xff, 0xff, 0xf4, 0x0, 0xff,
    0xff, 0xff, 0xff, 0xff, 0xf5, 0x0, 0xdf, 0xff,
    0xff, 0xff, 0xff, 0xf2, 0x0, 0x7f, 0xff, 0xff,
    0xff, 0xff, 0xd0, 0x0, 0xd, 0xff, 0xff, 0xff,
    0xff, 0x40, 0x0, 0x1, 0xdf, 0xff, 0xff, 0xf5,
    0x0, 0x0, 0x0, 0x6, 0xbd, 0xc8, 0x10, 0x0,
    0x0,

    /* U+F1E3 "" */
    0x0, 0x0, 0x0, 0x0, 0x0, 0x0, 0x0, 0x0,
    0x1, 0x8d, 0xff, 0xd8, 0x10, 0x0, 0x0, 0x4f,
    0xee, 0xff, 0xee, 0xf4, 0x0, 0x4, 0xf9, 0xb,
    0xff, 0xb0, 0x9f, 0x40, 0xe, 0xe4, 0x0, 0x44,
    0x0, 0x4e, 0xe0, 0x6f, 0xfb, 0x0, 0x11, 0x0,
    0xbf, 0xf6, 0xaf, 0xfe, 0x4, 0xee, 0x50, 0xef,
    0xfa, 0xcf, 0xe3, 0xf, 0xff, 0xf0, 0x3e, 0xfc,
    0xb9, 0x10, 0xb, 0xff, 0xb0, 0x1, 0x9b, 0x8d,
    0x0, 0x4, 0xaa, 0x40, 0x0, 0xd8, 0x3f, 0x9d,
    0xb2, 0x0, 0x2b, 0xd9, 0xf3, 0xa, 0xff, 0xfa,
    0x0, 0xaf, 0xff, 0xa0, 0x0, 0xcf, 0xfd, 0x0,
    0xcf, 0xfc, 0x0, 0x0, 0x8, 0xff, 0xdd, 0xff,
    0x80, 0x0, 0x0, 0x0, 0x15, 0x77, 0x51, 0x0,
    0x0,

    /* U+F1EB "" */
    0x0, 0x0, 0x0, 0x24, 0x55, 0x31, 0x0, 0x0,
    0x0, 0x0, 0x3, 0xaf, 0xff, 0xff, 0xff, 0xc7,
    0x0, 0x0, 0x2, 0xbf, 0xff, 0xfe, 0xde, 0xff,
    0xff, 0xf6, 0x0, 0x5f, 0xff, 0xb5, 0x10, 0x0,
    0x3, 0x8e, 0xff, 0xb0, 0xdf, 0xd3, 0x0, 0x0,
    0x0, 0x0, 0x0, 0x8f, 0xf5, 0x18, 0x0, 0x5,
    0xae, 0xfe, 0xc8, 0x10, 0x4, 0x60, 0x0, 0x2,
    0xdf, 0xff, 0xff, 0xff, 0xf8, 0x0, 0x0, 0x0,
    0xc, 0xff, 0x95, 0x34, 0x7d, 0xff, 0x40, 0x0,
    0x0, 0x2, 0xa2, 0x0, 0x0, 0x0, 0x77, 0x0,
    0x0, 0x0, 0x0, 0x0, 0x2, 0x96, 0x0, 0x0,
    0x0, 0x0, 0x0, 0x0, 0x0, 0xd, 0xff, 0x50,
    0x0, 0x0, 0x0, 0x0, 0x0, 0x0, 0xe, 0xff,
    0x60, 0x0, 0x0, 0x0, 0x0, 0x0, 0x0, 0x5,
    0xda, 0x0, 0x0, 0x0, 0x0,

    /* U+F1FD "" */
    0x0, 0x0, 0x0, 0x0, 0x0, 0x0, 0x0, 0x9,
    0x30, 0x1b, 0x0, 0x93, 0x0, 0x2, 0xf6, 0xa,
    0xe0, 0x2f, 0x60, 0x0, 0x7, 0x10, 0x36, 0x0,
    0x71, 0x0, 0x4, 0xf8, 0xc, 0xf0, 0x4f, 0x80,
    0x0, 0x4f, 0x80, 0xcf, 0x4, 0xf8, 0x0, 0x4,
    0xf8, 0xc, 0xf0, 0x4f, 0x80, 0x0, 0x5f, 0x81,
    0xcf, 0x15, 0xf8, 0x0, 0xbf, 0xff, 0xff, 0xff,
    0xff, 0xfe, 0x1f, 0xff, 0xff, 0xff, 0xff, 0xff,
    0xf3, 0xf9, 0x9e, 0xfa, 0x9e, 0xfa, 0x9e, 0x42,
    0x9a, 0x22, 0x8a, 0x21, 0x7b, 0x20, 0xff, 0xff,
    0xff, 0xff, 0xff, 0xff, 0x3f, 0xff, 0xff, 0xff,
    0xff, 0xff, 0xf4, 0xaa, 0xaa, 0xaa, 0xaa, 0xaa,
    0xaa, 0x20,

    /* U+F236 "" */
    0x75, 0x0, 0x0, 0x0, 0x0, 0x0, 0x0, 0x0,
    0x0, 0xfc, 0x2, 0x87, 0x10, 0x0, 0x0, 0x0,
    0x0, 0x0, 0xfc, 0x1e, 0xff, 0xc0, 0xac, 0xcc,
    0xcc, 0xb9, 0x10, 0xfc, 0x4f, 0xff, 0xf1, 0xff,
    0xff, 0xff, 0xff, 0xe1, 0xfc, 0x1f, 0xff, 0xd0,
    0xff, 0xff, 0xff, 0xff, 0xf8, 0xfc, 0x3, 0xa9,
    0x20, 0xff, 0xff, 0xff, 0xff, 0xfa, 0xfd, 0x66,
    0x66, 0x66, 0xff, 0xff, 0xff, 0xff, 0xfa, 0xff,
    0xff, 0xff, 0xff, 0xff, 0xff, 0xff, 0xff, 0xfa,
    0xff, 0xff, 0xff, 0xff, 0xff, 0xff, 0xff, 0xff,
    0xfa, 0xfd, 0x44, 0x44, 0x44, 0x44, 0x44, 0x44,
    0x44, 0xfa, 0xfb, 0x0, 0x0, 0x0, 0x0, 0x0,
    0x0, 0x0, 0xf9,

    /* U+F240 "" */
    0x5b, 0xbb, 0xbb, 0xbb, 0xbb, 0xbb, 0xbb, 0xba,
    0x20, 0xff, 0xff, 0xff, 0xff, 0xff, 0xff, 0xff,
    0xff, 0x90, 0xfc, 0x12, 0x22, 0x22, 0x22, 0x22,
    0x22, 0xf, 0xf7, 0xfc, 0x5f, 0xff, 0xff, 0xff,
    0xff, 0xff, 0x2c, 0xfa, 0xfc, 0x5f, 0xff, 0xff,
    0xff, 0xff, 0xff, 0x21, 0xfa, 0xfc, 0x5f, 0xff,
    0xff, 0xff, 0xff, 0xff, 0x27, 0xfa, 0xfc, 0x26,
    0x66, 0x66, 0x66, 0x66, 0x66, 0x1f, 0xfa, 0xfe,
    0xbb, 0xbb, 0xbb, 0xbb, 0xbb, 0xbb, 0xbf, 0xb1,
    0xaf, 0xff, 0xff, 0xff, 0xff, 0xff, 0xff, 0xff,
    0x50, 0x0, 0x0, 0x0, 0x0, 0x0, 0x0, 0x0,
    0x0, 0x0,

    /* U+F241 "" */
    0x5b, 0xbb, 0xbb, 0xbb, 0xbb, 0xbb, 0xbb, 0xba,
    0x20, 0xff, 0xff, 0xff, 0xff, 0xff, 0xff, 0xff,
    0xff, 0x90, 0xfc, 0x12, 0x22, 0x22, 0x22, 0x21,
    0x0, 0xf, 0xf7, 0xfc, 0x5f, 0xff, 0xff, 0xff,
    0xf8, 0x0, 0xc, 0xfa, 0xfc, 0x5f, 0xff, 0xff,
    0xff, 0xf8, 0x0, 0x1, 0xfa, 0xfc, 0x5f, 0xff,
    0xff, 0xff, 0xf8, 0x0, 0x7, 0xfa, 0xfc, 0x26,
    0x66, 0x66, 0x66, 0x63, 0x0, 0xf, 0xfa, 0xfe,
    0xbb, 0xbb, 0xbb, 0xbb, 0xbb, 0xbb, 0xbf, 0xb1,
    0xaf, 0xff, 0xff, 0xff, 0xff, 0xff, 0xff, 0xff,
    0x50, 0x0, 0x0, 0x0, 0x0, 0x0, 0x0, 0x0,
    0x0, 0x0,

    /* U+F242 "" */
    0x5b, 0xbb, 0xbb, 0xbb, 0xbb, 0xbb, 0xbb, 0xba,
    0x20, 0xff, 0xff, 0xff, 0xff, 0xff, 0xff, 0xff,
    0xff, 0x90, 0xfc, 0x12, 0x22, 0x22, 0x10, 0x0,
    0x0, 0xf, 0xf7, 0xfc, 0x5f, 0xff, 0xff, 0xd0,
    0x0, 0x0, 0xc, 0xfa, 0xfc, 0x5f, 0xff, 0xff,
    0xd0, 0x0, 0x0, 0x1, 0xfa, 0xfc, 0x5f, 0xff,
    0xff, 0xd0, 0x0, 0x0, 0x7, 0xfa, 0xfc, 0x26,
    0x66, 0x66, 0x50, 0x0, 0x0, 0xf, 0xfa, 0xfe,
    0xbb, 0xbb, 0xbb, 0xbb, 0xbb, 0xbb, 0xbf, 0xb1,
    0xaf, 0xff, 0xff, 0xff, 0xff, 0xff, 0xff, 0xff,
    0x50, 0x0, 0x0, 0x0, 0x0, 0x0, 0x0, 0x0,
    0x0, 0x0,

    /* U+F243 "" */
    0x5b, 0xbb, 0xbb, 0xbb, 0xbb, 0xbb, 0xbb, 0xba,
    0x20, 0xff, 0xff, 0xff, 0xff, 0xff, 0xff, 0xff,
    0xff, 0x90, 0xfc, 0x12, 0x22, 0x0, 0x0, 0x0,
    0x0, 0xf, 0xf7, 0xfc, 0x5f, 0xff, 0x30, 0x0,
    0x0, 0x0, 0xc, 0xfa, 0xfc, 0x5f, 0xff, 0x30,
    0x0, 0x0, 0x0, 0x1, 0xfa, 0xfc, 0x5f, 0xff,
    0x30, 0x0, 0x0, 0x0, 0x7, 0xfa, 0xfc, 0x26,
    0x66, 0x10, 0x0, 0x0, 0x0, 0xf, 0xfa, 0xfe,
    0xbb, 0xbb, 0xbb, 0xbb, 0xbb, 0xbb, 0xbf, 0xb1,
    0xaf, 0xff, 0xff, 0xff, 0xff, 0xff, 0xff, 0xff,
    0x50, 0x0, 0x0, 0x0, 0x0, 0x0, 0x0, 0x0,
    0x0, 0x0,

    /* U+F244 "" */
    0x5b, 0xbb, 0xbb, 0xbb, 0xbb, 0xbb, 0xbb, 0xba,
    0x20, 0xff, 0xff, 0xff, 0xff, 0xff, 0xff, 0xff,
    0xff, 0x90, 0xfc, 0x0, 0x0, 0x0, 0x0, 0x0,
    0x0, 0xf, 0xf7, 0xfc, 0x0, 0x0, 0x0, 0x0,
    0x0, 0x0, 0xc, 0xfa, 0xfc, 0x0, 0x0, 0x0,
    0x0, 0x0, 0x0, 0x1, 0xfa, 0xfc, 0x0, 0x0,
    0x0, 0x0, 0x0, 0x0, 0x7, 0xfa, 0xfc, 0x0,
    0x0, 0x0, 0x0, 0x0, 0x0, 0xf, 0xfa, 0xfe,
    0xbb, 0xbb, 0xbb, 0xbb, 0xbb, 0xbb, 0xbf, 0xb1,
    0xaf, 0xff, 0xff, 0xff, 0xff, 0xff, 0xff, 0xff,
    0x50, 0x0, 0x0, 0x0, 0x0, 0x0, 0x0, 0x0,
    0x0, 0x0,

    /* U+F25B "" */
    0x0, 0x0, 0x0, 0x0, 0x0, 0x0, 0x0, 0x0,
    0x0, 0xbf, 0x30, 0x0, 0x0, 0x4a, 0x30, 0x1f,
    0xf8, 0x0, 0x0, 0xd, 0xfd, 0x1, 0xff, 0x80,
    0x0, 0x0, 0xaf, 0xf3, 0x1f, 0xf8, 0x0, 0x0,
    0x3, 0xff, 0x91, 0xff, 0x80, 0x0, 0x0, 0xd,
    0xff, 0x1f, 0xfa, 0xea, 0x1, 0x0, 0x7f, 0xf7,
    0xff, 0xcf, 0xec, 0xf2, 0x1, 0xff, 0xff, 0xff,
    0xff, 0xff, 0x40, 0x2e, 0xff, 0xff, 0xff, 0xff,
    0xf4, 0xe, 0xff, 0xff, 0xff, 0xff, 0xff, 0x30,
    0xcf, 0xff, 0xff, 0xff, 0xff, 0xf0, 0x3, 0xff,
    0xff, 0xff, 0xff, 0xfb, 0x0, 0xa, 0xff, 0xff,
    0xff, 0xff, 0x80, 0x0, 0x1d, 0xff, 0xff, 0xff,
    0xd2, 0x0,

    /* U+F287 "" */
    0x0, 0x0, 0x0, 0x0, 0x7, 0xb2, 0x0, 0x0,
    0x0, 0x0, 0x0, 0x0, 0xa, 0xdf, 0xfa, 0x0,
    0x0, 0x0, 0x0, 0x0, 0x0, 0xa9, 0x3d, 0xf5,
    0x0, 0x0, 0x0, 0x4, 0x40, 0x2, 0xe0, 0x0,
    0x10, 0x0, 0x0, 0x0, 0xaf, 0xf8, 0xb, 0x60,
    0x0, 0x0, 0x0, 0x6c, 0x30, 0xff, 0xff, 0xff,
    0xff, 0xff, 0xff, 0xff, 0xff, 0xf4, 0xaf, 0xf9,
    0x0, 0xc, 0x50, 0x0, 0x0, 0x6d, 0x40, 0x5,
    0x50, 0x0, 0x4, 0xc0, 0x0, 0x0, 0x10, 0x0,
    0x0, 0x0, 0x0, 0x0, 0xc4, 0x3e, 0xe8, 0x0,
    0x0, 0x0, 0x0, 0x0, 0x0, 0x2e, 0xef, 0xfa,
    0x0, 0x0, 0x0, 0x0, 0x0, 0x0, 0x0, 0x4f,
    0xfa, 0x0, 0x0, 0x0, 0x0, 0x0, 0x0, 0x0,
    0x0, 0x0, 0x0, 0x0,

    /* U+F293 "" */
    0x0, 0x0, 0x1, 0x10, 0x0, 0x0, 0x0, 0x7,
    0xef, 0xff, 0xb3, 0x0, 0x0, 0xaf, 0xfd, 0x8f,
    0xff, 0x20, 0x4, 0xff, 0xfd, 0x9, 0xff, 0xb0,
    0xa, 0xfe, 0xfd, 0x12, 0xaf, 0xf0, 0xe, 0xf5,
    0x5d, 0x2c, 0xe, 0xf3, 0xf, 0xff, 0x33, 0x12,
    0x9f, 0xf5, 0xf, 0xff, 0xf3, 0x7, 0xff, 0xf6,
    0xf, 0xff, 0xe2, 0x6, 0xff, 0xf6, 0xf, 0xfe,
    0x24, 0x13, 0x7f, 0xf5, 0xd, 0xf5, 0x7d, 0x2c,
    0xd, 0xf3, 0xa, 0xff, 0xfd, 0x11, 0xbf, 0xf0,
    0x3, 0xff, 0xfe, 0xb, 0xff, 0xa0, 0x0, 0x7f,
    0xfe, 0xbf, 0xfe, 0x10, 0x0, 0x3, 0xac, 0xdc,
    0x81, 0x0,

    /* U+F2DC "" */
    0x0, 0x0, 0x0, 0x11, 0x0, 0x0, 0x0, 0x0,
    0x0, 0x2, 0xbf, 0x10, 0x0, 0x0, 0x0, 0x0,
    0x3f, 0xef, 0xe7, 0x0, 0x0, 0x0, 0x1c, 0x8,
    0xff, 0xb0, 0xa4, 0x0, 0xb, 0xdf, 0x40, 0xcf,
    0x0, 0xfd, 0xe1, 0x9, 0xff, 0xb1, 0xcf, 0x8,
    0xff, 0xb1, 0xb, 0xfe, 0xff, 0xef, 0xef, 0xff,
    0xe0, 0x3, 0x20, 0x5e, 0xff, 0xf7, 0x1, 0x40,
    0x7, 0x73, 0x9f, 0xff, 0xfb, 0x36, 0x90, 0x8,
    0xff, 0xfc, 0xdf, 0x9f, 0xff, 0xb0, 0xc, 0xff,
    0x80, 0xcf, 0x4, 0xff, 0xe1, 0x7, 0x9f, 0x30,
    0xdf, 0x20, 0xfa, 0xa0, 0x0, 0x7, 0xb, 0xff,
    0xe2, 0x62, 0x0, 0x0, 0x0, 0x2d, 0xdf, 0xb6,
    0x0, 0x0, 0x0, 0x0, 0x0, 0x9c, 0x0, 0x0,
    0x0,

    /* U+F2E7 "" */
    0x0, 0x0, 0x0, 0x0, 0x0, 0x0, 0x8b, 0x9a,
    0x9a, 0x0, 0x1a, 0xf3, 0xbc, 0xab, 0xad, 0x0,
    0xcf, 0xf5, 0xec, 0xbc, 0xaf, 0x7, 0xff, 0xf5,
    0xfc, 0xcd, 0xaf, 0xd, 0xff, 0xf5, 0xee, 0xff,
    0xef, 0xf, 0xff, 0xf5, 0x8f, 0xff, 0xfa, 0xe,
    0xff, 0xf5, 0x8, 0xff, 0xa0, 0x8, 0xff, 0xf5,
    0x2, 0xff, 0x30, 0x0, 0xcf, 0xf5, 0x3, 0xff,
    0x40, 0x0, 0x2f, 0xf5, 0x4, 0xff, 0x50, 0x0,
    0x3f, 0xf5, 0x5, 0xff, 0x60, 0x0, 0x4f, 0xf5,
    0x5, 0xff, 0x70, 0x0, 0x6f, 0xf5, 0x6, 0xff,
    0x80, 0x0, 0x7f, 0xf5, 0x5, 0xff, 0x60, 0x0,
    0x5f, 0xe3,

    /* U+F2ED "" */
    0x0, 0x0, 0x34, 0x43, 0x0, 0x0, 0x5, 0x66,
    0x7f, 0xff, 0xf9, 0x66, 0x50, 0xff, 0xff, 0xff,
    0xff, 0xff, 0xff, 0x35, 0x66, 0x66, 0x66, 0x66,
    0x66, 0x50, 0x1c, 0xcc, 0xcc, 0xcc, 0xcc, 0xc4,
    0x2, 0xff, 0xff, 0xff, 0xff, 0xff, 0x60, 0x2f,
    0xf3, 0xfb, 0x7f, 0x6d, 0xf6, 0x2, 0xff, 0x2f,
    0xb7, 0xf5, 0xdf, 0x60, 0x2f, 0xf2, 0xfb, 0x7f,
    0x5d, 0xf6, 0x2, 0xff, 0x2f, 0xb7, 0xf5, 0xdf,
    0x60, 0x2f, 0xf2, 0xfb, 0x7f, 0x5d, 0xf6, 0x2,
    0xff, 0x2f, 0xb7, 0xf5, 0xdf, 0x60, 0x2f, 0xf3,
    0xfb, 0x7f, 0x6d, 0xf6, 0x1, 0xff, 0xff, 0xff,
    0xff, 0xff, 0x50, 0x7, 0xbc, 0xcc, 0xcc, 0xcc,
    0x90, 0x0,

    /* U+F2FE "" */
    0x0, 0x0, 0x0, 0x25, 0x0, 0x0, 0x0, 0x0,
    0x0, 0x0, 0x1f, 0xd0, 0x0, 0x0, 0x0, 0x0,
    0x0, 0x1f, 0xf7, 0x0, 0x0, 0x0, 0x0, 0x0,
    0x9f, 0xf9, 0x0, 0x0, 0x0, 0x5, 0xac, 0xff,
    0xfc, 0x50, 0x0, 0x0, 0x3f, 0xff, 0xff, 0xff,
    0xf3, 0x0, 0x0, 0x4f, 0xff, 0xff, 0xff, 0xf4,
    0x0, 0x2, 0x9f, 0xff, 0xff, 0xff, 0xf9, 0x20,
    0xe, 0xff, 0x80, 0xff, 0x7, 0xff, 0xe0, 0xf,
    0xff, 0xfd, 0xff, 0xcf, 0xff, 0xf0, 0xa, 0xff,
    0xff, 0xff, 0xff, 0xff, 0xa0, 0x9f, 0xff, 0x80,
    0x0, 0x8, 0xff, 0xf7, 0xff, 0xff, 0xf7, 0x11,
    0x7f, 0xff, 0xff, 0xcf, 0xff, 0xff, 0xff, 0xff,
    0xff, 0xfd, 0x2a, 0xcc, 0xcc, 0xcc, 0xcc, 0xcc,
    0xa2,

    /* U+F304 "" */
    0x0, 0x0, 0x0, 0x0, 0x0, 0x1, 0x20, 0x0,
    0x0, 0x0, 0x0, 0x0, 0x4, 0xff, 0x50, 0x0,
    0x0, 0x0, 0x0, 0x2, 0xff, 0xff, 0x50, 0x0,
    0x0, 0x0, 0x4, 0x39, 0xff, 0xfe, 0x0, 0x0,
    0x0, 0x4, 0xff, 0x39, 0xff, 0xa0, 0x0, 0x0,
    0x4, 0xff, 0xff, 0x39, 0xb0, 0x0, 0x0, 0x4,
    0xff, 0xff, 0xff, 0x20, 0x0, 0x0, 0x4, 0xff,
    0xff, 0xff, 0xb0, 0x0, 0x0, 0x4, 0xff, 0xff,
    0xff, 0xb0, 0x0, 0x0, 0x4, 0xff, 0xff, 0xff,
    0xb0, 0x0, 0x0, 0x4, 0xff, 0xff, 0xff, 0xb0,
    0x0, 0x0, 0x0, 0xbf, 0xff, 0xff, 0xb0, 0x0,
    0x0, 0x0, 0xd, 0xff, 0xff, 0xb0, 0x0, 0x0,
    0x0, 0x0, 0xff, 0xff, 0xb0, 0x0, 0x0, 0x0,
    0x0, 0x9, 0xa8, 0x60, 0x0, 0x0, 0x0, 0x0,
    0x0,

    /* U+F3A5 "" */
    0x0, 0x24, 0x20, 0x44, 0x43, 0x3, 0x41, 0x0,
    0x0, 0xef, 0x55, 0xff, 0xff, 0x29, 0xfb, 0x0,
    0x8, 0xfe, 0xc, 0xff, 0xff, 0x82, 0xff, 0x40,
    0x1f, 0xf7, 0x3f, 0xff, 0xff, 0xe0, 0xbf, 0xd0,
    0xaf, 0xf1, 0xaf, 0xff, 0xff, 0xf6, 0x4f, 0xf6,
    0x12, 0x10, 0x12, 0x22, 0x22, 0x21, 0x2, 0x21,
    0x9f, 0xf1, 0xbf, 0xff, 0xff, 0xf7, 0x4f, 0xf5,
    0xb, 0xf7, 0x4f, 0xff, 0xff, 0xf1, 0xbf, 0x70,
    0x0, 0xce, 0x1d, 0xff, 0xff, 0xa3, 0xf9, 0x0,
    0x0, 0x1e, 0x77, 0xff, 0xff, 0x3b, 0xb0, 0x0,
    0x0, 0x2, 0xd1, 0xff, 0xfc, 0x3d, 0x0, 0x0,
    0x0, 0x0, 0x46, 0x9f, 0xf5, 0x91, 0x0, 0x0,
    0x0, 0x0, 0x5, 0x2f, 0xe2, 0x30, 0x0, 0x0,
    0x0, 0x0, 0x0, 0xb, 0x70, 0x0, 0x0, 0x0,
    0x0, 0x0, 0x0, 0x4, 0x10, 0x0, 0x0, 0x0,

    /* U+F3C5 "" */
    0x0, 0x0, 0x22, 0x0, 0x0, 0x0, 0x7, 0xef,
    0xff, 0x91, 0x0, 0x9, 0xff, 0xff, 0xff, 0xd1,
    0x5, 0xff, 0xff, 0xef, 0xff, 0xa0, 0xcf, 0xfb,
    0x0, 0x7f, 0xff, 0x1f, 0xff, 0x20, 0x0, 0xdf,
    0xf3, 0xff, 0xf2, 0x0, 0xd, 0xff, 0x4c, 0xff,
    0xb0, 0x7, 0xff, 0xf1, 0x5f, 0xff, 0xfe, 0xff,
    0xfa, 0x0, 0xbf, 0xff, 0xff, 0xfe, 0x10, 0x2,
    0xff, 0xff, 0xff, 0x60, 0x0, 0x6, 0xff, 0xff,
    0xb0, 0x0, 0x0, 0xb, 0xff, 0xe1, 0x0, 0x0,
    0x0, 0x1e, 0xf5, 0x0, 0x0, 0x0, 0x0, 0x47,
    0x0, 0x0, 0x0,

    /* U+F44B "" */
    0x0, 0x0, 0x14, 0x30, 0x0, 0x14, 0x30, 0x0,
    0x0, 0x0, 0x0, 0x9f, 0xf0, 0x0, 0x8f, 0xf0,
    0x0, 0x0, 0x7, 0x82, 0x9f, 0xf0, 0x0, 0x8f,
    0xf1, 0x78, 0x30, 0x1f, 0xf8, 0x9f, 0xf0, 0x0,
    0x8f, 0xf1, 0xff, 0x90, 0x1f, 0xf8, 0x9f, 0xf0,
    0x0, 0x8f, 0xf1, 0xff, 0x90, 0x1f, 0xf8, 0x9f,
    0xf0, 0x0, 0x9f, 0xf1, 0xff, 0xa0, 0xff, 0xf8,
    0x9f, 0xff, 0xff, 0xff, 0xf1, 0xff, 0xf7, 0xaf,
    0xf8, 0x9f, 0xfb, 0xbb, 0xdf, 0xf1, 0xff, 0xe5,
    0x1f, 0xf8, 0x9f, 0xf0, 0x0, 0x8f, 0xf1, 0xff,
    0x90, 0x1f, 0xf8, 0x9f, 0xf0, 0x0, 0x8f, 0xf1,
    0xff, 0x90, 0xf, 0xf8, 0x9f, 0xf0, 0x0, 0x8f,
    0xf1, 0xff, 0x90, 0x2, 0x30, 0x9f, 0xf0, 0x0,
    0x8f, 0xf1, 0x23, 0x0, 0x0, 0x0, 0x7f, 0xd0,
    0x0, 0x6f, 0xd0, 0x0, 0x0,

    /* U+F4C2 "" */
    0x21, 0x0, 0x0, 0x0, 0x0, 0x0, 0x0, 0x0,
    0x21, 0xeb, 0x0, 0x0, 0x0, 0x0, 0x0, 0x0,
    0x0, 0xf9, 0xfc, 0x0, 0x0, 0x0, 0x0, 0x0,
    0x0, 0x1, 0xfa, 0xfc, 0x0, 0x0, 0x0, 0x0,
    0x0, 0x0, 0x1, 0xfa, 0xfc, 0x0, 0x0, 0x0,
    0x0, 0x0, 0x0, 0x1, 0xfa, 0xfc, 0x0, 0xcc,
    0x0, 0x0, 0x3, 0xf7, 0x2, 0xfa, 0xff, 0x70,
    0x9f, 0x90, 0x0, 0xd, 0xf4, 0xc, 0xfa, 0xff,
    0xf5, 0xd, 0xf4, 0x0, 0x9f, 0x80, 0xaf, 0xfa,
    0x9f, 0xff, 0x6e, 0xfc, 0x1, 0xff, 0xb9, 0xff,
    0xf4, 0xc, 0xff, 0xff, 0xfe, 0x4, 0xff, 0xff,
    0xff, 0x80, 0x1, 0xef, 0xff, 0xff, 0x4, 0xff,
    0xff, 0xfb, 0x0, 0x0, 0x4f, 0xff, 0xff, 0x4,
    0xff, 0xff, 0xd1, 0x0, 0x0, 0x9, 0xff, 0xfd,
    0x3, 0xff, 0xff, 0x40, 0x0,

    /* U+F4D8 "" */
    0x0, 0x0, 0x0, 0x0, 0x0, 0x47, 0x99, 0x0,
    0x0, 0x0, 0x0, 0x4d, 0xff, 0xfe, 0xcd, 0xc9,
    0x20, 0x5, 0xff, 0xff, 0xf9, 0xdf, 0xff, 0xf8,
    0xe, 0xff, 0xff, 0xf2, 0x8f, 0xff, 0xff, 0x86,
    0xff, 0xff, 0x60, 0x1e, 0xff, 0xff, 0xf3, 0xef,
    0xe4, 0x0, 0x3, 0xff, 0xff, 0xf9, 0x44, 0x0,
    0x0, 0x0, 0x2b, 0xff, 0xfc, 0x0, 0x0, 0x0,
    0x0, 0x0, 0x13, 0xed, 0x0, 0x0, 0x0, 0x0,
    0x0, 0x0, 0xee, 0x0, 0x0, 0x0, 0x0, 0x0,
    0x0, 0xee, 0x0, 0x0, 0x0, 0x0, 0x0, 0x0,
    0xee, 0x0, 0x0, 0x0, 0x0, 0x0, 0x0, 0x88,
    0x0, 0x0, 0x0,

    /* U+F4DA "" */
    0x0, 0x0, 0x0, 0x0, 0x0, 0x0, 0x0, 0x0,
    0x2, 0x9d, 0xff, 0xd8, 0x10, 0x0, 0x0, 0x6f,
    0xff, 0xff, 0xff, 0xe3, 0x0, 0x6, 0xff, 0xff,
    0xff, 0xff, 0xff, 0x30, 0x2f, 0xff, 0xff, 0xff,
    0xff, 0xff, 0xd0, 0x9f, 0xff, 0xae, 0xff, 0xcc,
    0xff, 0xf5, 0xdf, 0xfc, 0x6, 0xf9, 0x11, 0xaf,
    0xf9, 0xff, 0xff, 0x9d, 0xfc, 0xff, 0xdf, 0xfb,
    0xff, 0xff, 0xff, 0xff, 0xff, 0xff, 0xfb, 0xcf,
    0xfd, 0xcf, 0xff, 0xfa, 0xff, 0xf8, 0x7f, 0xfd,
    0x18, 0xcb, 0x45, 0xff, 0xf3, 0xe, 0xff, 0xd6,
    0x23, 0x9f, 0xff, 0xb0, 0x3, 0xff, 0xff, 0xff,
    0xff, 0xfd, 0x10, 0x0, 0x2c, 0xff, 0xff, 0xff,
    0xa1, 0x0, 0x0, 0x0, 0x48, 0xaa, 0x72, 0x0,
    0x0,

    /* U+F54C "" */
    0x0, 0x0, 0x1, 0x33, 0x10, 0x0, 0x0, 0x0,
    0x6, 0xdf, 0xff, 0xfd, 0x60, 0x0, 0x1, 0xcf,
    0xff, 0xff, 0xff, 0xfc, 0x10, 0xc, 0xff, 0xff,
    0xff, 0xff, 0xff, 0xc0, 0x6f, 0xff, 0xff, 0xff,
    0xff, 0xff, 0xf6, 0xcf, 0xff, 0xff, 0xff, 0xff,
    0xff, 0xfc, 0xff, 0xf5, 0x8, 0xff, 0x80, 0x5f,
    0xff, 0xff, 0xb0, 0x0, 0xff, 0x0, 0xb, 0xff,
    0xcf, 0xc0, 0x1, 0xff, 0x10, 0xc, 0xfc, 0x5f,
    0xf9, 0x5c, 0xff, 0xc5, 0x9f, 0xf5, 0xb, 0xff,
    0xff, 0xff, 0xff, 0xff, 0xa0, 0x0, 0xbf, 0xff,
    0xff, 0xff, 0xfa, 0x0, 0x0, 0x1f, 0xff, 0xff,
    0xff, 0xf1, 0x0, 0x0, 0x2f, 0xf4, 0xee, 0x4f,
    0xf2, 0x0, 0x0, 0x3f, 0xf3, 0xdd, 0x3f, 0xf3,
    0x0,

    /* U+F556 "" */
    0x0, 0x0, 0x0, 0x0, 0x0, 0x0, 0x0, 0x0,
    0x2, 0xae, 0xff, 0xc7, 0x0, 0x0, 0x0, 0x7f,
    0xff, 0xff, 0xff, 0xd2, 0x0, 0x7, 0xff, 0xff,
    0xff, 0xff, 0xfe, 0x10, 0x2f, 0xff, 0xff, 0xff,
    0xff, 0xff, 0xb0, 0x9f, 0xfa, 0xef, 0xff, 0xfd,
    0xcf, 0xf2, 0xdf, 0xf6, 0x5, 0xfd, 0x11, 0xbf,
    0xf6, 0xff, 0xfd, 0x9, 0xff, 0x23, 0xff, 0xf8,
    0xef, 0xff, 0xef, 0xff, 0xff, 0xff, 0xf7, 0xcf,
    0xff, 0xff, 0xff, 0xff, 0xff, 0xf5, 0x6f, 0xff,
    0xe4, 0x11, 0x9f, 0xff, 0xe0, 0xd, 0xff, 0xaa,
    0xff, 0x7f, 0xff, 0x60, 0x2, 0xef, 0xff, 0xff,
    0xff, 0xf9, 0x0, 0x0, 0x1b, 0xff, 0xff, 0xfe,
    0x60, 0x0, 0x0, 0x0, 0x26, 0x87, 0x50, 0x0,
    0x0,

    /* U+F55A "" */
    0x0, 0x0, 0x17, 0x88, 0x88, 0x88, 0x88, 0x87,
    0x40, 0x0, 0x2, 0xef, 0xff, 0xff, 0xff, 0xff,
    0xff, 0xf4, 0x0, 0x3e, 0xff, 0xff, 0xcf, 0xff,
    0xcf, 0xff, 0xf7, 0x3, 0xef, 0xff, 0xf9, 0x8,
    0xf8, 0x9, 0xff, 0xf8, 0x3e, 0xff, 0xff, 0xfe,
    0x20, 0x40, 0x2e, 0xff, 0xf8, 0xdf, 0xff, 0xff,
    0xff, 0xe1, 0x1, 0xef, 0xff, 0xf8, 0x9f, 0xff,
    0xff, 0xff, 0x80, 0x0, 0x8f, 0xff, 0xf8, 0x9,
    0xff, 0xff, 0xf9, 0x2, 0xc2, 0x9, 0xff, 0xf8,
    0x0, 0x9f, 0xff, 0xfe, 0x4e, 0xfe, 0x4e, 0xff,
    0xf8, 0x0, 0x9, 0xff, 0xff, 0xff, 0xff, 0xff,
    0xff, 0xf7, 0x0, 0x0, 0x8f, 0xff, 0xff, 0xff,
    0xff, 0xff, 0xc1,

    /* U+F567 "" */
    0x0, 0x0, 0x0, 0x0, 0x0, 0x0, 0x0, 0x0,
    0x2, 0x9e, 0xff, 0xd8, 0x10, 0x0, 0x0, 0x7f,
    0xff, 0xff, 0xff, 0xe4, 0x0, 0x7, 0xff, 0xff,
    0xff, 0xff, 0xff, 0x30, 0x2f, 0xdb, 0xeb, 0xff,
    0xaf, 0xaf, 0xd0, 0x9f, 0xe2, 0x2b, 0xff, 0x82,
    0x4f, 0xf5, 0xdf, 0xe2, 0x2b, 0xff, 0x82, 0x4f,
    0xfa, 0xff, 0xdc, 0xeb, 0xff, 0xaf, 0xaf, 0xfb,
    0xef, 0xff, 0xff, 0xbc, 0xff, 0xff, 0xfb, 0xcf,
    0xff, 0xf5, 0x0, 0x9f, 0xff, 0xf8, 0x6f, 0xff,
    0xf1, 0x0, 0x5f, 0xff, 0xf2, 0xd, 0xff, 0xf8,
    0x0, 0xbf, 0xff, 0x90, 0x1, 0xdf, 0xff, 0xff,
    0xff, 0xfb, 0x0, 0x0, 0x1a, 0xff, 0xff, 0xff,
    0x80, 0x0, 0x0, 0x0, 0x16, 0x77, 0x50, 0x0,
    0x0,

    /* U+F579 "" */
    0x0, 0x0, 0x0, 0x0, 0x0, 0x0, 0x0, 0x0,
    0x3, 0xae, 0xff, 0xc6, 0x0, 0x0, 0x0, 0x7f,
    0xff, 0xff, 0xff, 0xc1, 0x0, 0x7, 0xff, 0xff,
    0xff, 0xff, 0xfd, 0x0, 0x2f, 0xff, 0xff, 0xff,
    0xff, 0xff, 0x80, 0x9f, 0xc1, 0x8, 0xfe, 0x20,
    0x6f, 0xf0, 0xdf, 0x44, 0x80, 0xf8, 0x1b, 0xd,
    0xf4, 0xff, 0x51, 0x30, 0xf8, 0x5, 0xe, 0xf6,
    0xff, 0xd3, 0x1a, 0xff, 0x41, 0x8f, 0xf5, 0xcf,
    0xff, 0xff, 0xff, 0xff, 0xff, 0xf3, 0x7f, 0xff,
    0xfe, 0xee, 0xff, 0xff, 0xe0, 0x1e, 0xff, 0xb1,
    0x11, 0x3f, 0xff, 0x60, 0x4, 0xff, 0xff, 0xff,
    0xff, 0xfa, 0x0, 0x0, 0x3d, 0xff, 0xff, 0xff,
    0x80, 0x0, 0x0, 0x0, 0x5a, 0xba, 0x72, 0x0,
    0x0,

    /* U+F57A "" */
    0x0, 0x0, 0x0, 0x0, 0x0, 0x0, 0x0, 0x0,
    0x2, 0xae, 0xff, 0xc7, 0x0, 0x0, 0x0, 0x7f,
    0xff, 0xff, 0xff, 0xd2, 0x0, 0x7, 0xff, 0xff,
    0xff, 0xff, 0xfe, 0x10, 0x2f, 0xff, 0xff, 0xff,
    0xff, 0xff, 0xb0, 0x9f, 0xff, 0xaf, 0xff, 0xcc,
    0xff, 0xf2, 0xdf, 0xfd, 0x9, 0xff, 0x33, 0xff,
    0xf6, 0xff, 0xff, 0xcf, 0xff, 0xde, 0xff, 0xf8,
    0xef, 0xff, 0xff, 0xff, 0xff, 0xff, 0xf7, 0xcf,
    0xff, 0xf9, 0x56, 0xcf, 0xff, 0xf5, 0x6f, 0xff,
    0x50, 0x0, 0xc, 0xff, 0xe0, 0xd, 0xff, 0xbc,
    0xee, 0xae, 0xff, 0x60, 0x2, 0xef, 0xff, 0xff,
    0xff, 0xf9, 0x0, 0x0, 0x1a, 0xff, 0xff, 0xfe,
    0x60, 0x0, 0x0, 0x0, 0x26, 0x87, 0x40, 0x0,
    0x0,

    /* U+F57F "" */
    0x0, 0x0, 0x0, 0x0, 0x0, 0x0, 0x0, 0x0,
    0x2, 0x9e, 0xff, 0xc7, 0x0, 0x0, 0x0, 0x7f,
    0xff, 0xff, 0xff, 0xd2, 0x0, 0x7, 0xff, 0xff,
    0xff, 0xff, 0xfe, 0x10, 0x2f, 0xff, 0xff, 0xff,
    0xff, 0xff, 0xb0, 0x9f, 0xff, 0xaf, 0xff, 0xcc,
    0xff, 0xf3, 0xdf, 0xfd, 0x9, 0xff, 0x22, 0xff,
    0xf7, 0xff, 0xff, 0xcf, 0xff, 0xee, 0xff, 0xf9,
    0xff, 0xff, 0xff, 0xff, 0xff, 0xff, 0xf8, 0xcf,
    0xf2, 0x75, 0x27, 0x7, 0x7f, 0xf6, 0x7f, 0xe7,
    0xa9, 0x8a, 0x7a, 0x9f, 0xf1, 0xe, 0xf3, 0x76,
    0x37, 0x17, 0x8f, 0x80, 0x3, 0xff, 0xff, 0xff,
    0xff, 0xfc, 0x0, 0x0, 0x3d, 0xff, 0xff, 0xff,
    0x90, 0x0, 0x0, 0x0, 0x59, 0xbb, 0x82, 0x0,
    0x0,

    /* U+F580 "" */
    0x0, 0x0, 0x0, 0x0, 0x0, 0x0, 0x0, 0x0,
    0x2, 0x9e, 0xff, 0xc7, 0x0, 0x0, 0x0, 0x7f,
    0xff, 0xff, 0xff, 0xd2, 0x0, 0x7, 0xff, 0xff,
    0xff, 0xff, 0xfe, 0x10, 0x2f, 0xff, 0xff, 0xff,
    0xff, 0xff, 0xa0, 0x9f, 0xff, 0xaf, 0xff, 0xcc,
    0xff, 0xf2, 0xdf, 0xfd, 0x9, 0xff, 0x33, 0xff,
    0xf6, 0xff, 0xff, 0xcf, 0xff, 0xde, 0xff, 0xf8,
    0xff, 0xff, 0xff, 0xff, 0xff, 0xff, 0xf8, 0xcf,
    0xf9, 0xcd, 0xee, 0xda, 0xbf, 0xf5, 0x7f, 0xf0,
    0x0, 0x0, 0x0, 0x7f, 0xf1, 0xe, 0xfa, 0x0,
    0x0, 0x3, 0xef, 0x80, 0x3, 0xff, 0xe7, 0x45,
    0x9f, 0xfb, 0x0, 0x0, 0x3d, 0xff, 0xff, 0xff,
    0x90, 0x0, 0x0, 0x0, 0x59, 0xba, 0x82, 0x0,
    0x0,

    /* U+F582 "" */
    0x0, 0x0, 0x0, 0x0, 0x0, 0x0, 0x0, 0x0,
    0x2, 0x9d, 0xff, 0xd8, 0x10, 0x0, 0x0, 0x6f,
    0xff, 0xff, 0xff, 0xe3, 0x0, 0x6, 0xff, 0xff,
    0xff, 0xff, 0xff, 0x30, 0x2f, 0xff, 0xff, 0xff,
    0xff, 0xff, 0xd0, 0x9f, 0xfa, 0x7, 0xfe, 0x21,
    0xdf, 0xf5, 0xdf, 0xf6, 0xf6, 0xf8, 0xcd, 0x7f,
    0xf9, 0xff, 0xff, 0xff, 0xff, 0xff, 0xff, 0xfb,
    0xff, 0xff, 0xff, 0xff, 0xff, 0xff, 0xfb, 0xcf,
    0xf9, 0xcd, 0xee, 0xda, 0xbf, 0xf8, 0x7f, 0xf0,
    0x0, 0x0, 0x0, 0x7f, 0xf3, 0xe, 0xfa, 0x0,
    0x0, 0x3, 0xef, 0xb0, 0x3, 0xff, 0xe7, 0x45,
    0x9f, 0xfd, 0x10, 0x0, 0x2d, 0xff, 0xff, 0xff,
    0xb1, 0x0, 0x0, 0x0, 0x59, 0xbb, 0x83, 0x0,
    0x0,

    /* U+F583 "" */
    0x0, 0x0, 0x0, 0x0, 0x0, 0x0, 0x10, 0x0,
    0x2, 0x9d, 0xff, 0xd8, 0x11, 0xe4, 0x0, 0x6f,
    0xff, 0xff, 0xff, 0x98, 0xfd, 0x6, 0xff, 0xff,
    0xff, 0xff, 0x97, 0xfc, 0x2f, 0xff, 0xff, 0xff,
    0xff, 0xf4, 0x30, 0x9f, 0xfa, 0x7, 0xfe, 0x21,
    0xdf, 0xe5, 0xdf, 0xf6, 0xf6, 0xf8, 0xcd, 0x7f,
    0xf9, 0xff, 0xff, 0xff, 0xff, 0xff, 0xff, 0xfb,
    0xff, 0xff, 0xff, 0xff, 0xff, 0xff, 0xfb, 0xcf,
    0xf9, 0xcd, 0xee, 0xda, 0xbf, 0xf8, 0x7f, 0xf0,
    0x0, 0x0, 0x0, 0x7f, 0xf3, 0xe, 0xfa, 0x0,
    0x0, 0x3, 0xef, 0xb0, 0x3, 0xff, 0xe7, 0x45,
    0x9f, 0xfd, 0x10, 0x0, 0x2d, 0xff, 0xff, 0xff,
    0xb1, 0x0, 0x0, 0x0, 0x59, 0xbb, 0x83, 0x0,
    0x0,

    /* U+F584 "" */
    0x0, 0x0, 0x0, 0x0, 0x0, 0x0, 0x0, 0x0,
    0x2, 0x9e, 0xff, 0xc7, 0x0, 0x0, 0x0, 0x7f,
    0xff, 0xff, 0xff, 0xd2, 0x0, 0x7, 0xff, 0xff,
    0xff, 0xff, 0xfe, 0x10, 0x2f, 0xff, 0x78, 0xfe,
    0x4c, 0xff, 0xa0, 0x9f, 0xb2, 0x2, 0xfb, 0x1,
    0x4f, 0xf2, 0xdf, 0x80, 0x6, 0xff, 0x0, 0xe,
    0xf6, 0xff, 0xfd, 0x9c, 0xff, 0x9b, 0xff, 0xf8,
    0xff, 0xff, 0xff, 0xff, 0xff, 0xff, 0xf8, 0xcf,
    0xf9, 0xcd, 0xee, 0xda, 0xbf, 0xf5, 0x7f, 0xf0,
    0x0, 0x0, 0x0, 0x7f, 0xf1, 0xe, 0xfa, 0x0,
    0x0, 0x3, 0xef, 0x80, 0x3, 0xff, 0xe7, 0x45,
    0x9f, 0xfb, 0x0, 0x0, 0x3d, 0xff, 0xff, 0xff,
    0x90, 0x0, 0x0, 0x0, 0x59, 0xba, 0x82, 0x0,
    0x0,

    /* U+F586 "" */
    0x0, 0x0, 0x0, 0x0, 0x0, 0x0, 0x30, 0x0,
    0x1, 0x8d, 0xff, 0xd8, 0x18, 0xfc, 0x0, 0x4f,
    0xff, 0xff, 0xff, 0x4d, 0xfe, 0x4, 0xff, 0xff,
    0xfa, 0xff, 0x1c, 0x82, 0xe, 0xff, 0xff, 0xc4,
    0xff, 0xa5, 0x80, 0x6f, 0xff, 0xff, 0x80, 0x3b,
    0xff, 0xf6, 0xaf, 0xff, 0xff, 0xba, 0xef, 0xcc,
    0xfa, 0xcf, 0xe9, 0x56, 0xff, 0xff, 0x15, 0xfb,
    0xbf, 0xe9, 0x37, 0xff, 0xf4, 0x5, 0xfb, 0x8f,
    0xff, 0x7b, 0xff, 0x50, 0x9, 0xf8, 0x2f, 0xdf,
    0xef, 0xe4, 0x0, 0x2f, 0xf3, 0x1, 0x33, 0xfd,
    0x10, 0x3, 0xdf, 0xa0, 0x9f, 0xf2, 0xff, 0x98,
    0xbf, 0xfc, 0x0, 0xff, 0xb3, 0xff, 0xff, 0xff,
    0x80, 0x0, 0x5b, 0x30, 0x15, 0x87, 0x51, 0x0,
    0x0,

    /* U+F587 "" */
    0x0, 0x0, 0x0, 0x0, 0x0, 0x0, 0x0, 0x0,
    0x2, 0x9e, 0xff, 0xc7, 0x0, 0x0, 0x0, 0x7f,
    0xff, 0xff, 0xff, 0xd2, 0x0, 0x7, 0xff, 0xff,
    0xff, 0xff, 0xfe, 0x10, 0x2f, 0xfe, 0xaf, 0xff,
    0xf8, 0xff, 0xa0, 0x9f, 0xb2, 0x17, 0xfd, 0x40,
    0x5f, 0xf2, 0xdf, 0xf1, 0xb, 0xff, 0x40, 0x7f,
    0xf6, 0xff, 0xf9, 0xad, 0xff, 0xab, 0xbf, 0xf8,
    0xff, 0xff, 0xff, 0xff, 0xff, 0xff, 0xf8, 0xcf,
    0xf9, 0xcd, 0xee, 0xda, 0xbf, 0xf5, 0x7f, 0xf0,
    0x0, 0x0, 0x0, 0x7f, 0xf1, 0xe, 0xfa, 0x0,
    0x0, 0x3, 0xef, 0x80, 0x3, 0xff, 0xe7, 0x45,
    0x9f, 0xfb, 0x0, 0x0, 0x3d, 0xff, 0xff, 0xff,
    0x90, 0x0, 0x0, 0x0, 0x59, 0xba, 0x82, 0x0,
    0x0,

    /* U+F588 "" */
    0x0, 0x0, 0x0, 0x0, 0x0, 0x0, 0x0, 0x0,
    0x0, 0x0, 0x0, 0x3, 0xae, 0xff, 0xc6, 0x0,
    0x0, 0x0, 0x0, 0x0, 0x8f, 0xff, 0xff, 0xff,
    0xc2, 0x0, 0x0, 0x0, 0x8, 0xff, 0xff, 0xff,
    0xff, 0xfd, 0x10, 0x0, 0x0, 0x3f, 0xff, 0xff,
    0xff, 0xff, 0xff, 0xa0, 0x0, 0x0, 0xaf, 0xf9,
    0x7, 0xfe, 0x12, 0xff, 0xf1, 0x0, 0x0, 0xcf,
    0xf5, 0xf6, 0xf8, 0xdb, 0x9f, 0xe5, 0x0, 0x0,
    0x24, 0xff, 0xff, 0xff, 0xff, 0xfb, 0x10, 0x0,
    0x8f, 0xf2, 0xff, 0xff, 0xff, 0xff, 0xf9, 0x7f,
    0xc1, 0xff, 0xc5, 0xf9, 0xcd, 0xee, 0xda, 0xbc,
    0x4f, 0xf7, 0x7d, 0x4a, 0xe0, 0x0, 0x0, 0x0,
    0x7f, 0x2a, 0xc2, 0x0, 0xd, 0xfa, 0x0, 0x0,
    0x3, 0xff, 0x50, 0x0, 0x0, 0x3, 0xff, 0xd7,
    0x45, 0xaf, 0xfa, 0x0, 0x0, 0x0, 0x0, 0x2d,
    0xff, 0xff, 0xff, 0x80, 0x0, 0x0, 0x0, 0x0,
    0x0, 0x59, 0xba, 0x71, 0x0, 0x0, 0x0,

    /* U+F589 "" */
    0x0, 0x0, 0x0, 0x0, 0x0, 0x0, 0x0, 0x0,
    0x2, 0xae, 0xff, 0xc7, 0x0, 0x0, 0x0, 0x7f,
    0xff, 0xff, 0xff, 0xd2, 0x0, 0x7, 0xff, 0xff,
    0xff, 0xff, 0xfe, 0x10, 0x2f, 0xff, 0xff, 0xff,
    0xff, 0xff, 0xb0, 0x9f, 0xff, 0xaf, 0xff, 0xcc,
    0xff, 0xf2, 0xdf, 0xfd, 0x9, 0xff, 0x33, 0xff,
    0xf6, 0xff, 0xff, 0xcf, 0xff, 0xde, 0xff, 0xf8,
    0xff, 0xff, 0xff, 0xff, 0xff, 0xff, 0xf8, 0xcf,
    0xf9, 0xcd, 0xee, 0xda, 0xbf, 0xf5, 0x6f, 0xf1,
    0x0, 0x0, 0x0, 0x7f, 0xe0, 0xd, 0xfc, 0xe,
    0x8e, 0x74, 0xff, 0x60, 0x1, 0xdf, 0x2f, 0xff,
    0x89, 0xf8, 0x0, 0x0, 0x19, 0x4d, 0xff, 0x69,
    0x50, 0x0, 0x0, 0x0, 0x3, 0xa8, 0x0, 0x0,
    0x0,

    /* U+F58B "" */
    0x0, 0x0, 0x0, 0x0, 0x0, 0x0, 0x0, 0x0,
    0x2, 0xae, 0xff, 0xc7, 0x0, 0x0, 0x0, 0x7f,
    0xff, 0xff, 0xff, 0xd2, 0x0, 0x7, 0xff, 0xff,
    0xff, 0xff, 0xfe, 0x10, 0x2f, 0xff, 0xff, 0xff,
    0xeb, 0xff, 0xb0, 0x9f, 0xfd, 0xbf, 0xfe, 0x11,
    0x3f, 0xf2, 0xdf, 0xb2, 0x46, 0xfb, 0x2e, 0xe,
    0xf6, 0xff, 0xef, 0xfe, 0xff, 0x20, 0x4f, 0xf8,
    0xff, 0xff, 0xff, 0xff, 0xfd, 0xff, 0xf8, 0xcf,
    0xf9, 0xcd, 0xee, 0xda, 0xbf, 0xf5, 0x6f, 0xf1,
    0x0, 0x0, 0x0, 0x7f, 0xe0, 0xd, 0xfc, 0xe,
    0x8e, 0x74, 0xff, 0x60, 0x1, 0xdf, 0x2f, 0xff,
    0x89, 0xf8, 0x0, 0x0, 0x19, 0x4d, 0xff, 0x69,
    0x50, 0x0, 0x0, 0x0, 0x3, 0xa8, 0x0, 0x0,
    0x0,

    /* U+F58C "" */
    0x0, 0x0, 0x0, 0x0, 0x0, 0x0, 0x0, 0x0,
    0x2, 0x9d, 0xff, 0xd8, 0x10, 0x0, 0x0, 0x6f,
    0xff, 0xff, 0xff, 0xe3, 0x0, 0x6, 0xff, 0xff,
    0xff, 0xff, 0xff, 0x30, 0x2f, 0xff, 0xff, 0xff,
    0xff, 0xff, 0xd0, 0x9f, 0xff, 0xae, 0xff, 0xcc,
    0xff, 0xf5, 0xdf, 0xfc, 0x6, 0xf8, 0x33, 0x9f,
    0xf9, 0xff, 0xff, 0xcf, 0xfe, 0xff, 0xef, 0xfb,
    0xff, 0xff, 0xff, 0xff, 0xff, 0xff, 0xfb, 0xcf,
    0xf9, 0xcd, 0xee, 0xda, 0xbf, 0xf8, 0x7f, 0xf0,
    0x0, 0x0, 0x0, 0x7f, 0xf3, 0xe, 0xfa, 0x0,
    0x0, 0x3, 0xef, 0xb0, 0x3, 0xff, 0xe7, 0x45,
    0x9f, 0xfd, 0x10, 0x0, 0x2d, 0xff, 0xff, 0xff,
    0xb1, 0x0, 0x0, 0x0, 0x59, 0xbb, 0x83, 0x0,
    0x0,

    /* U+F596 "" */
    0x0, 0x0, 0x0, 0x0, 0x0, 0x0, 0x0, 0x0,
    0x2, 0x9e, 0xff, 0xc7, 0x0, 0x0, 0x0, 0x7f,
    0xff, 0xff, 0xff, 0xd2, 0x0, 0x7, 0xff, 0xff,
    0xff, 0xff, 0xfe, 0x10, 0x2f, 0xff, 0xff, 0xff,
    0xff, 0xff, 0xb0, 0x9f, 0xff, 0xaf, 0xff, 0xcc,
    0xff, 0xf2, 0xdf, 0xfd, 0x9, 0xff, 0x33, 0xff,
    0xf6, 0xff, 0xff, 0xaf, 0xff, 0xcc, 0xff, 0xf8,
    0xff, 0xff, 0xff, 0xac, 0xff, 0xff, 0xf7, 0xcf,
    0xff, 0xff, 0xf2, 0xcf, 0xff, 0xf5, 0x7f, 0xff,
    0xff, 0x74, 0xff, 0xff, 0xf0, 0xd, 0xff, 0xff,
    0xf2, 0xcf, 0xff, 0x70, 0x2, 0xef, 0xff, 0x97,
    0xff, 0xfa, 0x0, 0x0, 0x2c, 0xff, 0xff, 0xff,
    0x80, 0x0, 0x0, 0x0, 0x38, 0x99, 0x61, 0x0,
    0x0,

    /* U+F59B "" */
    0x0, 0x0, 0x0, 0x0, 0x0, 0x0, 0x0, 0x0,
    0x2, 0x9e, 0xff, 0xc7, 0x0, 0x0, 0x0, 0x7f,
    0xff, 0xff, 0xff, 0xd2, 0x0, 0x7, 0xff, 0xff,
    0xff, 0xff, 0xfe, 0x10, 0x2f, 0xf6, 0x9f, 0xff,
    0xe5, 0xcf, 0xa0, 0x9f, 0xfe, 0x3, 0xfc, 0x5,
    0xff, 0xf2, 0xdf, 0xf7, 0x3d, 0xff, 0x92, 0xdf,
    0xf6, 0xff, 0xfd, 0xff, 0xff, 0xfe, 0xef, 0xf8,
    0xff, 0xea, 0xaa, 0xaa, 0xaa, 0xbf, 0xf8, 0xcf,
    0xc0, 0x0, 0x0, 0x0, 0x3f, 0xf5, 0x7f, 0xf1,
    0x0, 0x0, 0x0, 0x8f, 0xf1, 0xe, 0xfc, 0x0,
    0x0, 0x3, 0xff, 0x80, 0x3, 0xff, 0xd6, 0x34,
    0x8f, 0xfb, 0x0, 0x0, 0x3d, 0xff, 0xff, 0xff,
    0x90, 0x0, 0x0, 0x0, 0x59, 0xba, 0x82, 0x0,
    0x0,

    /* U+F5A4 "" */
    0x0, 0x0, 0x0, 0x0, 0x0, 0x0, 0x0, 0x0,
    0x2, 0xae, 0xff, 0xc7, 0x0, 0x0, 0x0, 0x7f,
    0xff, 0xff, 0xff, 0xd2, 0x0, 0x7, 0xff, 0xff,
    0xff, 0xff, 0xfe, 0x20, 0x2f, 0xff, 0xff, 0xff,
    0xff, 0xff, 0xb0, 0x9f, 0xff, 0xae, 0xff, 0xcc,
    0xff, 0xf2, 0xef, 0xfd, 0xa, 0xff, 0x34, 0xff,
    0xf7, 0xff, 0xff, 0xff, 0xff, 0xff, 0xff, 0xf8,
    0xef, 0xff, 0xff, 0xff, 0xff, 0xff, 0xf7, 0xbf,
    0xff, 0xff, 0xff, 0xff, 0xff, 0xf4, 0x5f, 0xff,
    0xff, 0xff, 0xff, 0xff, 0xe0, 0xc, 0xff, 0xff,
    0xff, 0xff, 0xff, 0x50, 0x1, 0xcf, 0xff, 0xff,
    0xff, 0xf7, 0x0, 0x0, 0x8, 0xff, 0xff, 0xfc,
    0x40, 0x0, 0x0, 0x0, 0x3, 0x54, 0x20, 0x0,
    0x0,

    /* U+F5A5 "" */
    0x0, 0x0, 0x0, 0x0, 0x0, 0x0, 0x0, 0x0,
    0x2, 0x9e, 0xff, 0xc7, 0x0, 0x0, 0x0, 0x7f,
    0xff, 0xff, 0xff, 0xd2, 0x0, 0x7, 0xff, 0xff,
    0xff, 0xff, 0xfe, 0x10, 0x2f, 0xff, 0xff, 0xff,
    0xff, 0xff, 0xa0, 0x9f, 0xfd, 0xfc, 0xff, 0xcf,
    0xcf, 0xf2, 0xdf, 0x82, 0x43, 0xfc, 0x5, 0xf,
    0xf6, 0xff, 0x80, 0x3, 0xfc, 0x0, 0xf, 0xf8,
    0xff, 0xf6, 0x5d, 0xff, 0x94, 0xbf, 0xf8, 0xcf,
    0xff, 0xff, 0xff, 0xff, 0xff, 0xf5, 0x7f, 0xff,
    0xff, 0xff, 0xff, 0xff, 0xf1, 0xe, 0xff, 0xb1,
    0x11, 0x3f, 0xff, 0x80, 0x3, 0xff, 0xff, 0xff,
    0xff, 0xfb, 0x0, 0x0, 0x3d, 0xff, 0xff, 0xff,
    0x90, 0x0, 0x0, 0x0, 0x59, 0xba, 0x82, 0x0,
    0x0,

    /* U+F5B3 "" */
    0x0, 0x0, 0x0, 0x0, 0x0, 0x0, 0x0, 0x0,
    0x3, 0xaf, 0xff, 0xd7, 0x0, 0x0, 0x0, 0x8f,
    0xff, 0xff, 0xff, 0xe2, 0x0, 0x7, 0xff, 0xff,
    0xff, 0xff, 0xfe, 0x10, 0x2f, 0xff, 0xff, 0xff,
    0xff, 0xff, 0xb0, 0x9f, 0xfc, 0xbf, 0xff, 0xda,
    0xef, 0xf2, 0xef, 0xa3, 0x46, 0xfe, 0x25, 0x3f,
    0xf6, 0xff, 0xff, 0xff, 0xff, 0xff, 0xff, 0xf8,
    0xef, 0xf7, 0xef, 0xbe, 0xf8, 0xdf, 0xf7, 0xbf,
    0xf4, 0xda, 0x2, 0xf6, 0xbf, 0xf4, 0x5f, 0xf4,
    0xd8, 0x0, 0xf6, 0xbf, 0xe0, 0xc, 0xf4, 0xdc,
    0x4, 0xf6, 0xbf, 0x50, 0x1, 0xd4, 0xdf, 0xff,
    0xf6, 0xb8, 0x0, 0x0, 0x11, 0xdf, 0xff, 0xf6,
    0x30, 0x0, 0x0, 0x0, 0x16, 0x87, 0x40, 0x0,
    0x0,

    /* U+F5B4 "" */
    0x0, 0x0, 0x0, 0x0, 0x0, 0x0, 0x0, 0x0,
    0x2, 0xae, 0xff, 0xc7, 0x0, 0x0, 0x0, 0x7f,
    0xff, 0xff, 0xff, 0xd2, 0x0, 0x7, 0xff, 0xff,
    0xff, 0xff, 0xfe, 0x10, 0x2f, 0xff, 0xff, 0xff,
    0xff, 0xff, 0xb0, 0x9f, 0xff, 0xae, 0xff, 0xcc,
    0xff, 0xf2, 0xdf, 0xfd, 0xa, 0xff, 0x34, 0xff,
    0xf6, 0xff, 0xff, 0xff, 0xff, 0xff, 0xff, 0xf8,
    0xef, 0xff, 0xdf, 0xff, 0xff, 0xff, 0xf7, 0xcf,
    0xf7, 0x2f, 0x96, 0xcf, 0xff, 0xf5, 0x6f, 0xe0,
    0xa, 0xc8, 0x28, 0xff, 0xe0, 0xd, 0xf2, 0xc,
    0xff, 0xf7, 0xff, 0x60, 0x2, 0xef, 0xff, 0xff,
    0xff, 0xf9, 0x0, 0x0, 0x1a, 0xff, 0xff, 0xfe,
    0x60, 0x0, 0x0, 0x0, 0x26, 0x87, 0x40, 0x0,
    0x0,

    /* U+F5B8 "" */
    0x0, 0x0, 0x0, 0x0, 0x0, 0x0, 0x0, 0x0,
    0x2, 0x9d, 0xff, 0xd8, 0x10, 0x0, 0x0, 0x6f,
    0xff, 0xff, 0xff, 0xe3, 0x0, 0x6, 0xff, 0xff,
    0xff, 0xff, 0xff, 0x30, 0x2f, 0xff, 0xff, 0xff,
    0xff, 0xff, 0xd0, 0x9f, 0xfa, 0x8, 0xff, 0x21,
    0xdf, 0xf5, 0xdf, 0xf5, 0xd5, 0xf9, 0x9b, 0x7f,
    0xf9, 0xff, 0xfe, 0xfe, 0xfe, 0xff, 0xef, 0xfb,
    0xff, 0xff, 0xff, 0xff, 0xff, 0xff, 0xfb, 0xcf,
    0xfd, 0xcf, 0xff, 0xfa, 0xff, 0xf8, 0x7f, 0xfd,
    0x18, 0xcb, 0x45, 0xff, 0xf3, 0xe, 0xff, 0xd6,
    0x23, 0x9f, 0xff, 0xb0, 0x3, 0xff, 0xff, 0xff,
    0xff, 0xfd, 0x10, 0x0, 0x2c, 0xff, 0xff, 0xff,
    0xa1, 0x0, 0x0, 0x0, 0x48, 0xaa, 0x72, 0x0,
    0x0,

    /* U+F5C2 "" */
    0x0, 0x0, 0x0, 0x0, 0x0, 0x0, 0x0, 0x0,
    0x2, 0xae, 0xff, 0xc7, 0x0, 0x0, 0x0, 0x7f,
    0xff, 0xff, 0xff, 0xd2, 0x0, 0x7, 0xff, 0xff,
    0xff, 0xff, 0xfe, 0x10, 0x2f, 0xff, 0xff, 0xff,
    0xff, 0xff, 0xb0, 0x9f, 0xff, 0xaf, 0xff, 0xcc,
    0xff, 0xf2, 0xdf, 0xfd, 0x9, 0xff, 0x33, 0xff,
    0xf6, 0xff, 0xff, 0xcf, 0xff, 0xde, 0xff, 0xf8,
    0xef, 0xff, 0xff, 0xbd, 0xff, 0xff, 0xf7, 0xcf,
    0xff, 0xf5, 0x0, 0xcf, 0xff, 0xf5, 0x6f, 0xff,
    0xf1, 0x0, 0x8f, 0xff, 0xe0, 0xd, 0xff, 0xf8,
    0x1, 0xdf, 0xff, 0x60, 0x2, 0xef, 0xff, 0xef,
    0xff, 0xf9, 0x0, 0x0, 0x1a, 0xff, 0xff, 0xfe,
    0x60, 0x0, 0x0, 0x0, 0x26, 0x87, 0x40, 0x0,
    0x0,

    /* U+F5C8 "" */
    0x0, 0x0, 0x0, 0x0, 0x0, 0x0, 0x0, 0x0,
    0x3, 0xae, 0xff, 0xc6, 0x0, 0x0, 0x0, 0x7f,
    0xff, 0xff, 0xff, 0xc1, 0x0, 0x7, 0xff, 0xff,
    0xff, 0xff, 0xfc, 0x0, 0x2f, 0xfe, 0xff, 0xff,
    0xff, 0xff, 0x80, 0x9f, 0xf6, 0x5e, 0xff, 0xa2,
    0xef, 0xf0, 0xdf, 0xfe, 0x3, 0xfb, 0x7, 0xff,
    0xf4, 0xff, 0xf6, 0x7f, 0xff, 0xc3, 0xdf, 0xf5,
    0xff, 0xff, 0xfe, 0xbc, 0xff, 0xff, 0xf5, 0xcf,
    0xff, 0xa1, 0x0, 0x3e, 0xff, 0xf3, 0x7f, 0xfd,
    0x0, 0x0, 0x4, 0xff, 0xe0, 0x1e, 0xf8, 0x0,
    0x21, 0x0, 0xff, 0x50, 0x4, 0xfd, 0xdf, 0xff,
    0xfc, 0xf9, 0x0, 0x0, 0x3d, 0xff, 0xff, 0xff,
    0x80, 0x0, 0x0, 0x0, 0x5a, 0xba, 0x72, 0x0,
    0x0,

    /* U+F684 "" */
    0x0, 0x0, 0x0, 0x2, 0x1, 0x10, 0x0, 0x0,
    0x0, 0x0, 0x0, 0x0, 0x8f, 0x3b, 0xe1, 0x0,
    0x0, 0x0, 0x0, 0x0, 0x3, 0xfe, 0x6, 0xfb,
    0x0, 0x0, 0x0, 0x0, 0x0, 0xd, 0xf5, 0x0,
    0xcf, 0x60, 0x0, 0x0, 0x0, 0x0, 0x8f, 0xb0,
    0x0, 0x3f, 0xe1, 0x0, 0x0, 0x0, 0x3, 0xff,
    0x20, 0x0, 0xa, 0xfb, 0x0, 0x0, 0x0, 0xb,
    0xfc, 0x4e, 0x29, 0xc4, 0xff, 0x30, 0x0, 0x0,
    0xe, 0xfb, 0x7f, 0x5d, 0xf3, 0xff, 0x60, 0x0,
    0x0, 0xf, 0xfb, 0x7f, 0x5d, 0xf3, 0xff, 0x70,
    0x0, 0x0, 0x3f, 0xfe, 0xcf, 0x5d, 0xfa, 0xff,
    0x91, 0x0, 0x7d, 0xff, 0xff, 0xff, 0x4c, 0xff,
    0xff, 0xff, 0xb2, 0xff, 0xff, 0xff, 0xff, 0x19,
    0xff, 0xff, 0xff, 0xf7, 0xff, 0xff, 0xff, 0xf7,
    0x1, 0xdf, 0xff, 0xff, 0xf8, 0xff, 0xff, 0xd9,
    0x30, 0x0, 0x6, 0xbf, 0xff, 0xf7, 0x99, 0x51,
    0x0, 0x0, 0x0, 0x0, 0x0, 0x37, 0xb3,

    /* U+F6BE "" */
    0x0, 0x0, 0x0, 0x0, 0x0, 0x0, 0x0, 0x0,
    0x0, 0x0, 0x0, 0x1, 0xc0, 0x0, 0xa2, 0x58,
    0x20, 0x0, 0x0, 0x1f, 0xca, 0xcf, 0x2a, 0xff,
    0x20, 0x0, 0x1, 0xfd, 0xfd, 0xf2, 0x6, 0xf9,
    0x0, 0x0, 0xf, 0x9f, 0xaf, 0x20, 0x1f, 0xa0,
    0x5b, 0xe4, 0xcf, 0xff, 0xd0, 0x1, 0xfa, 0x8f,
    0xff, 0xc2, 0xbe, 0xb2, 0x0, 0x1f, 0xef, 0xff,
    0xff, 0xd5, 0x21, 0x0, 0x1, 0xff, 0xff, 0xff,
    0xff, 0xff, 0x60, 0x0, 0x1f, 0xff, 0xff, 0xff,
    0xfc, 0xf6, 0x0, 0x1, 0xff, 0xff, 0xff, 0xf5,
    0x5f, 0x60, 0x0, 0x1f, 0xff, 0xff, 0xc2, 0x5,
    0xf6, 0x0, 0x0, 0xff, 0xff, 0xff, 0xa0, 0x5f,
    0x60, 0x0, 0x5, 0xcd, 0xdd, 0xdb, 0x3, 0xd4,
    0x0,

    /* U+F6D3 "" */
    0x0, 0x0, 0x0, 0x0, 0x10, 0x0, 0x0, 0x0,
    0x0, 0x0, 0x1, 0xf6, 0x51, 0x0, 0x0, 0x0,
    0x0, 0x2, 0xff, 0xfd, 0x76, 0x0, 0x0, 0x0,
    0x2, 0xff, 0x6f, 0xff, 0x75, 0x0, 0x0, 0x2,
    0xff, 0xff, 0xfd, 0xfd, 0x0, 0x0, 0x0, 0x9e,
    0xfc, 0x92, 0x9f, 0xfe, 0xee, 0xed, 0x72, 0x43,
    0x0, 0x9, 0xff, 0xff, 0xff, 0xff, 0xc3, 0x0,
    0x4, 0xff, 0xff, 0xff, 0xff, 0xf6, 0x0, 0x4,
    0xff, 0xff, 0xff, 0xff, 0xf6, 0x0, 0x4, 0xff,
    0xa7, 0x77, 0x9f, 0xf6, 0x0, 0x4, 0xff, 0x60,
    0x0, 0x4f, 0xf6, 0x0, 0x4, 0xff, 0x60, 0x0,
    0x4f, 0xf6, 0x0, 0x3, 0xff, 0x40, 0x0, 0x3f,
    0xf4, 0x0,

    /* U+F6E2 "" */
    0x0, 0x0, 0x23, 0x10, 0x0, 0x0, 0x6, 0xef,
    0xff, 0xb2, 0x0, 0x8, 0xff, 0xff, 0xff, 0xf3,
    0x4, 0xff, 0xff, 0xff, 0xff, 0xd0, 0xbf, 0xff,
    0xff, 0xff, 0xff, 0x4f, 0xfd, 0x3d, 0xf6, 0x6f,
    0xf7, 0xff, 0xd3, 0xdf, 0x66, 0xff, 0x8f, 0xff,
    0xff, 0xff, 0xff, 0xf8, 0xff, 0xff, 0xff, 0xff,
    0xff, 0x8f, 0xff, 0xff, 0xff, 0xff, 0xf8, 0xff,
    0xff, 0xff, 0xff, 0xff, 0x8f, 0xff, 0xff, 0xff,
    0xff, 0xf8, 0xff, 0xff, 0xff, 0xff, 0xff, 0x8c,
    0x4b, 0xfc, 0x6f, 0xf6, 0x86, 0x0, 0x9, 0x10,
    0x56, 0x0, 0x0,

    /* U+F70C "" */
    0x0, 0x0, 0x0, 0x1, 0x0, 0x0, 0x0, 0x0,
    0x0, 0x9f, 0x70, 0x0, 0x0, 0x0, 0x0, 0xcf,
    0xa0, 0x0, 0x0, 0x5, 0x84, 0x26, 0x10, 0x0,
    0x1, 0xcf, 0xff, 0xf9, 0x0, 0x0, 0x9, 0xfa,
    0x6f, 0xff, 0x80, 0x0, 0x1, 0x40, 0x9f, 0xff,
    0xf2, 0x0, 0x0, 0x1, 0xff, 0xf7, 0xff, 0xf3,
    0x0, 0x3, 0xff, 0x90, 0x8b, 0xa1, 0x0, 0x3,
    0xbf, 0xe6, 0x0, 0x0, 0x8b, 0xce, 0x25, 0xdf,
    0x80, 0x0, 0xdf, 0xfd, 0x10, 0x3f, 0xa0, 0x0,
    0x0, 0x0, 0x0, 0x7f, 0x60, 0x0, 0x0, 0x0,
    0x0, 0xcf, 0x10, 0x0, 0x0, 0x0, 0x0, 0x89,
    0x0, 0x0,

    /* U+F79F "" */
    0x0, 0x0, 0x0, 0x20, 0x0, 0x0, 0x11, 0x0,
    0x0, 0x0, 0x0, 0x0, 0xaf, 0xd6, 0x3, 0x9f,
    0xf2, 0x0, 0x0, 0x0, 0x0, 0x3f, 0x69, 0xff,
    0xfc, 0x6c, 0xb0, 0x0, 0x0, 0x0, 0xc, 0xb0,
    0x1, 0xf9, 0x0, 0x3f, 0x40, 0x0, 0x0, 0x6,
    0xff, 0xa4, 0x4f, 0xc1, 0x7d, 0xfd, 0x0, 0x0,
    0x0, 0xef, 0xff, 0xff, 0xff, 0xff, 0xff, 0xf6,
    0x0, 0x0, 0x3f, 0xff, 0xff, 0xf9, 0xff, 0xff,
    0xff, 0xa0, 0x0, 0x2, 0xff, 0xff, 0xff, 0x4c,
    0xff, 0xff, 0xfa, 0x0, 0x0, 0xb, 0xff, 0xff,
    0xd0, 0x5f, 0xff, 0xff, 0x30, 0x0, 0x0, 0x1f,
    0xff, 0xc2, 0x0, 0x7f, 0xff, 0x80, 0x0, 0x0,
    0x4, 0xf9, 0x10, 0x0, 0x0, 0x2, 0xfc, 0x0,
    0x0, 0x0, 0xaf, 0x30, 0x0, 0x0, 0x0, 0xb,
    0xf2, 0x0, 0xc, 0xef, 0xd0, 0x0, 0x0, 0x0,
    0x0, 0x5f, 0xef, 0x40, 0x17, 0xdf, 0x80, 0x0,
    0x0, 0x0, 0x2e, 0xfa, 0x30, 0x0, 0x0, 0x49,
    0x0, 0x0, 0x0, 0x4, 0x71, 0x0, 0x0,

    /* U+F7A9 "" */
    0x0, 0x2, 0x53, 0x0, 0x0, 0x35, 0x20, 0x0,
    0x0, 0x9f, 0xff, 0xb0, 0x9, 0xff, 0xf9, 0x0,
    0x7, 0xff, 0xff, 0xf2, 0x5, 0xff, 0xff, 0x70,
    0xd, 0xff, 0xff, 0xf6, 0x0, 0xff, 0xff, 0xd0,
    0xf, 0xff, 0xff, 0x60, 0x6, 0xff, 0xff, 0xf0,
    0xc, 0xff, 0xf3, 0x1, 0xbf, 0xff, 0xff, 0xc0,
    0x4, 0xff, 0xfd, 0x13, 0xff, 0xff, 0xff, 0x40,
    0x0, 0x6f, 0xff, 0xd1, 0xdf, 0xff, 0xf6, 0x0,
    0x0, 0x7, 0xff, 0xfd, 0x9f, 0xff, 0x70, 0x0,
    0x0, 0x0, 0x7f, 0xff, 0xff, 0xf7, 0x0, 0x0,
    0x0, 0x0, 0x8, 0xff, 0xff, 0x80, 0x0, 0x0,
    0x0, 0x0, 0x0, 0x8f, 0xf8, 0x0, 0x0, 0x0,
    0x0, 0x0, 0x0, 0x8, 0x80, 0x0, 0x0, 0x0,

    /* U+F7C2 "" */
    0x0, 0x0, 0x0, 0x0, 0x0, 0x0, 0x3, 0xef,
    0xff, 0xff, 0xe2, 0x3, 0xfb, 0xfb, 0xce, 0xbf,
    0xa4, 0xff, 0x1d, 0x3, 0xa1, 0xfa, 0xff, 0xf1,
    0xd0, 0x3a, 0x1f, 0xaf, 0xff, 0xff, 0xff, 0xff,
    0xfa, 0xff, 0xff, 0xff, 0xff, 0xff, 0xaf, 0xff,
    0xff, 0xff, 0xff, 0xfa, 0xff, 0xff, 0xff, 0xff,
    0xff, 0xaf, 0xff, 0xff, 0xff, 0xff, 0xfa, 0xff,
    0xff, 0xff, 0xff, 0xff, 0xaf, 0xff, 0xff, 0xff,
    0xff, 0xfa, 0xff, 0xff, 0xff, 0xff, 0xff, 0xad,
    0xff, 0xff, 0xff, 0xff, 0xf8, 0x29, 0xaa, 0xaa,
    0xaa, 0xa8, 0x0,

    /* U+F8A2 "" */
    0x0, 0x0, 0x0, 0x0, 0x0, 0x0, 0x3, 0x0,
    0x0, 0x0, 0x0, 0x0, 0x0, 0x4, 0xf1, 0x0,
    0x8, 0x20, 0x0, 0x0, 0x1, 0xff, 0x10, 0xb,
    0xf7, 0x0, 0x0, 0x0, 0x2f, 0xf1, 0xc, 0xff,
    0x94, 0x44, 0x44, 0x45, 0xff, 0x1b, 0xff, 0xff,
    0xff, 0xff, 0xff, 0xff, 0xf1, 0x8f, 0xff, 0xff,
    0xff, 0xff, 0xff, 0xfd, 0x0, 0x7f, 0xf7, 0x0,
    0x0, 0x0, 0x0, 0x0, 0x0, 0x6f, 0x60, 0x0,
    0x0, 0x0, 0x0, 0x0, 0x0, 0x30, 0x0, 0x0,
    0x0, 0x0, 0x0
};


/*---------------------
 *  GLYPH DESCRIPTION
 *--------------------*/

static const lv_font_fmt_txt_glyph_dsc_t glyph_dsc[] = {
    {.bitmap_index = 0, .adv_w = 0, .box_w = 0, .box_h = 0, .ofs_x = 0, .ofs_y = 0} /* id = 0 reserved */,
    {.bitmap_index = 0, .adv_w = 60, .box_w = 0, .box_h = 0, .ofs_x = 0, .ofs_y = 0},
    {.bitmap_index = 0, .adv_w = 68, .box_w = 3, .box_h = 11, .ofs_x = 1, .ofs_y = 0},
    {.bitmap_index = 17, .adv_w = 111, .box_w = 5, .box_h = 5, .ofs_x = 1, .ofs_y = 6},
    {.bitmap_index = 30, .adv_w = 143, .box_w = 9, .box_h = 11, .ofs_x = 0, .ofs_y = 0},
    {.bitmap_index = 80, .adv_w = 145, .box_w = 9, .box_h = 14, .ofs_x = 0, .ofs_y = -2},
    {.bitmap_index = 143, .adv_w = 222, .box_w = 12, .box_h = 11, .ofs_x = 1, .ofs_y = 0},
    {.bitmap_index = 209, .adv_w = 146, .box_w = 9, .box_h = 11, .ofs_x = 0, .ofs_y = 0},
    {.bitmap_index = 259, .adv_w = 70, .box_w = 2, .box_h = 5, .ofs_x = 1, .ofs_y = 6},
    {.bitmap_index = 264, .adv_w = 83, .box_w = 4, .box_h = 14, .ofs_x = 1, .ofs_y = -2},
    {.bitmap_index = 292, .adv_w = 83, .box_w = 4, .box_h = 14, .ofs_x = 0, .ofs_y = -2},
    {.bitmap_index = 320, .adv_w = 117, .box_w = 7, .box_h = 6, .ofs_x = 0, .ofs_y = 5},
    {.bitmap_index = 341, .adv_w = 150, .box_w = 8, .box_h = 7, .ofs_x = 1, .ofs_y = 1},
    {.bitmap_index = 369, .adv_w = 68, .box_w = 4, .box_h = 5, .ofs_x = 0, .ofs_y = -3},
    {.bitmap_index = 379, .adv_w = 104, .box_w = 6, .box_h = 3, .ofs_x = 0, .ofs_y = 3},
    {.bitmap_index = 388, .adv_w = 68, .box_w = 3, .box_h = 3, .ofs_x = 1, .ofs_y = 0},
    {.bitmap_index = 393, .adv_w = 83, .box_w = 5, .box_h = 13, .ofs_x = 0, .ofs_y = -2},
    {.bitmap_index = 426, .adv_w = 145, .box_w = 9, .box_h = 11, .ofs_x = 0, .ofs_y = 0},
    {.bitmap_index = 476, .adv_w = 93, .box_w = 5, .box_h = 11, .ofs_x = 0, .ofs_y = 0},
    {.bitmap_index = 504, .adv_w = 138, .box_w = 8, .box_h = 11, .ofs_x = 0, .ofs_y = 0},
    {.bitmap_index = 548, .adv_w = 140, .box_w = 8, .box_h = 11, .ofs_x = 0, .ofs_y = 0},
    {.bitmap_index = 592, .adv_w = 147, .box_w = 9, .box_h = 11, .ofs_x = 0, .ofs_y = 0},
    {.bitmap_index = 642, .adv_w = 135, .box_w = 8, .box_h = 11, .ofs_x = 0, .ofs_y = 0},
    {.bitmap_index = 686, .adv_w = 141, .box_w = 9, .box_h = 11, .ofs_x = 0, .ofs_y = 0},
    {.bitmap_index = 736, .adv_w = 128, .box_w = 8, .box_h = 11, .ofs_x = 0, .ofs_y = 0},
    {.bitmap_index = 780, .adv_w = 141, .box_w = 9, .box_h = 11, .ofs_x = 0, .ofs_y = 0},
    {.bitmap_index = 830, .adv_w = 141, .box_w = 9, .box_h = 11, .ofs_x = 0, .ofs_y = 0},
    {.bitmap_index = 880, .adv_w = 68, .box_w = 3, .box_h = 8, .ofs_x = 1, .ofs_y = 0},
    {.bitmap_index = 892, .adv_w = 71, .box_w = 4, .box_h = 11, .ofs_x = 0, .ofs_y = -3},
    {.bitmap_index = 914, .adv_w = 150, .box_w = 7, .box_h = 9, .ofs_x = 1, .ofs_y = 0},
    {.bitmap_index = 946, .adv_w = 150, .box_w = 7, .box_h = 6, .ofs_x = 1, .ofs_y = 1},
    {.bitmap_index = 967, .adv_w = 150, .box_w = 8, .box_h = 9, .ofs_x = 1, .ofs_y = 0},
    {.bitmap_index = 1003, .adv_w = 118, .box_w = 7, .box_h = 11, .ofs_x = 0, .ofs_y = 0},
    {.bitmap_index = 1042, .adv_w = 220, .box_w = 13, .box_h = 14, .ofs_x = 0, .ofs_y = -3},
    {.bitmap_index = 1133, .adv_w = 159, .box_w = 10, .box_h = 11, .ofs_x = 0, .ofs_y = 0},
    {.bitmap_index = 1188, .adv_w = 147, .box_w = 8, .box_h = 11, .ofs_x = 1, .ofs_y = 0},
    {.bitmap_index = 1232, .adv_w = 164, .box_w = 10, .box_h = 11, .ofs_x = 0, .ofs_y = 0},
    {.bitmap_index = 1287, .adv_w = 162, .box_w = 9, .box_h = 11, .ofs_x = 1, .ofs_y = 0},
    {.bitmap_index = 1337, .adv_w = 135, .box_w = 7, .box_h = 11, .ofs_x = 1, .ofs_y = 0},
    {.bitmap_index = 1376, .adv_w = 132, .box_w = 7, .box_h = 11, .ofs_x = 1, .ofs_y = 0},
    {.bitmap_index = 1415, .adv_w = 167, .box_w = 10, .box_h = 11, .ofs_x = 0, .ofs_y = 0},
    {.bitmap_index = 1470, .adv_w = 167, .box_w = 9, .box_h = 11, .ofs_x = 1, .ofs_y = 0},
    {.bitmap_index = 1520, .adv_w = 61, .box_w = 2, .box_h = 11, .ofs_x = 1, .ofs_y = 0},
    {.bitmap_index = 1531, .adv_w = 129, .box_w = 7, .box_h = 11, .ofs_x = 0, .ofs_y = 0},
    {.bitmap_index = 1570, .adv_w = 154, .box_w = 9, .box_h = 11, .ofs_x = 1, .ofs_y = 0},
    {.bitmap_index = 1620, .adv_w = 127, .box_w = 7, .box_h = 11, .ofs_x = 1, .ofs_y = 0},
    {.bitmap_index = 1659, .adv_w = 204, .box_w = 11, .box_h = 11, .ofs_x = 1, .ofs_y = 0},
    {.bitmap_index = 1720, .adv_w = 169, .box_w = 9, .box_h = 11, .ofs_x = 1, .ofs_y = 0},
    {.bitmap_index = 1770, .adv_w = 172, .box_w = 10, .box_h = 11, .ofs_x = 0, .ofs_y = 0},
    {.bitmap_index = 1825, .adv_w = 144, .box_w = 8, .box_h = 11, .ofs_x = 1, .ofs_y = 0},
    {.bitmap_index = 1869, .adv_w = 172, .box_w = 10, .box_h = 12, .ofs_x = 0, .ofs_y = -1},
    {.bitmap_index = 1929, .adv_w = 145, .box_w = 8, .box_h = 11, .ofs_x = 1, .ofs_y = 0},
    {.bitmap_index = 1973, .adv_w = 145, .box_w = 9, .box_h = 11, .ofs_x = 0, .ofs_y = 0},
    {.bitmap_index = 2023, .adv_w = 146, .box_w = 9, .box_h = 11, .ofs_x = 0, .ofs_y = 0},
    {.bitmap_index = 2073, .adv_w = 166, .box_w = 9, .box_h = 11, .ofs_x = 1, .ofs_y = 0},
    {.bitmap_index = 2123, .adv_w = 159, .box_w = 10, .box_h = 11, .ofs_x = 0, .ofs_y = 0},
    {.bitmap_index = 2178, .adv_w = 225, .box_w = 14, .box_h = 11, .ofs_x = 0, .ofs_y = 0},
    {.bitmap_index = 2255, .adv_w = 157, .box_w = 10, .box_h = 11, .ofs_x = 0, .ofs_y = 0},
    {.bitmap_index = 2310, .adv_w = 156, .box_w = 10, .box_h = 11, .ofs_x = 0, .ofs_y = 0},
    {.bitmap_index = 2365, .adv_w = 144, .box_w = 9, .box_h = 11, .ofs_x = 0, .ofs_y = 0},
    {.bitmap_index = 2415, .adv_w = 83, .box_w = 4, .box_h = 15, .ofs_x = 1, .ofs_y = -3},
    {.bitmap_index = 2445, .adv_w = 83, .box_w = 5, .box_h = 13, .ofs_x = 0, .ofs_y = -2},
    {.bitmap_index = 2478, .adv_w = 83, .box_w = 4, .box_h = 15, .ofs_x = 0, .ofs_y = -3},
    {.bitmap_index = 2508, .adv_w = 107, .box_w = 7, .box_h = 5, .ofs_x = 0, .ofs_y = 6},
    {.bitmap_index = 2526, .adv_w = 104, .box_w = 7, .box_h = 3, .ofs_x = 0, .ofs_y = -2},
    {.bitmap_index = 2537, .adv_w = 75, .box_w = 3, .box_h = 3, .ofs_x = 1, .ofs_y = 9},
    {.bitmap_index = 2542, .adv_w = 127, .box_w = 7, .box_h = 8, .ofs_x = 0, .ofs_y = 0},
    {.bitmap_index = 2570, .adv_w = 138, .box_w = 7, .box_h = 11, .ofs_x = 1, .ofs_y = 0},
    {.bitmap_index = 2609, .adv_w = 129, .box_w = 8, .box_h = 8, .ofs_x = 0, .ofs_y = 0},
    {.bitmap_index = 2641, .adv_w = 138, .box_w = 8, .box_h = 11, .ofs_x = 0, .ofs_y = 0},
    {.bitmap_index = 2685, .adv_w = 132, .box_w = 8, .box_h = 8, .ofs_x = 0, .ofs_y = 0},
    {.bitmap_index = 2717, .adv_w = 85, .box_w = 6, .box_h = 11, .ofs_x = 0, .ofs_y = 0},
    {.bitmap_index = 2750, .adv_w = 139, .box_w = 8, .box_h = 11, .ofs_x = 0, .ofs_y = -3},
    {.bitmap_index = 2794, .adv_w = 135, .box_w = 7, .box_h = 11, .ofs_x = 1, .ofs_y = 0},
    {.bitmap_index = 2833, .adv_w = 56, .box_w = 3, .box_h = 11, .ofs_x = 0, .ofs_y = 0},
    {.bitmap_index = 2850, .adv_w = 56, .box_w = 4, .box_h = 14, .ofs_x = -1, .ofs_y = -3},
    {.bitmap_index = 2878, .adv_w = 125, .box_w = 7, .box_h = 11, .ofs_x = 1, .ofs_y = 0},
    {.bitmap_index = 2917, .adv_w = 56, .box_w = 2, .box_h = 11, .ofs_x = 1, .ofs_y = 0},
    {.bitmap_index = 2928, .adv_w = 199, .box_w = 11, .box_h = 8, .ofs_x = 1, .ofs_y = 0},
    {.bitmap_index = 2972, .adv_w = 135, .box_w = 7, .box_h = 8, .ofs_x = 1, .ofs_y = 0},
    {.bitmap_index = 3000, .adv_w = 135, .box_w = 8, .box_h = 8, .ofs_x = 0, .ofs_y = 0},
    {.bitmap_index = 3032, .adv_w = 138, .box_w = 7, .box_h = 11, .ofs_x = 1, .ofs_y = -3},
    {.bitmap_index = 3071, .adv_w = 138, .box_w = 8, .box_h = 11, .ofs_x = 0, .ofs_y = -3},
    {.bitmap_index = 3115, .adv_w = 87, .box_w = 5, .box_h = 8, .ofs_x = 1, .ofs_y = 0},
    {.bitmap_index = 3135, .adv_w = 121, .box_w = 7, .box_h = 8, .ofs_x = 0, .ofs_y = 0},
    {.bitmap_index = 3163, .adv_w = 76, .box_w = 5, .box_h = 10, .ofs_x = 0, .ofs_y = 0},
    {.bitmap_index = 3188, .adv_w = 135, .box_w = 7, .box_h = 8, .ofs_x = 1, .ofs_y = 0},
    {.bitmap_index = 3216, .adv_w = 129, .box_w = 8, .box_h = 8, .ofs_x = 0, .ofs_y = 0},
    {.bitmap_index = 3248, .adv_w = 186, .box_w = 12, .box_h = 8, .ofs_x = 0, .ofs_y = 0},
    {.bitmap_index = 3296, .adv_w = 125, .box_w = 8, .box_h = 8, .ofs_x = 0, .ofs_y = 0},
    {.bitmap_index = 3328, .adv_w = 129, .box_w = 8, .box_h = 11, .ofs_x = 0, .ofs_y = -3},
    {.bitmap_index = 3372, .adv_w = 125, .box_w = 7, .box_h = 8, .ofs_x = 0, .ofs_y = 0},
    {.bitmap_index = 3400, .adv_w = 99, .box_w = 6, .box_h = 14, .ofs_x = 0, .ofs_y = -3},
    {.bitmap_index = 3442, .adv_w = 77, .box_w = 3, .box_h = 18, .ofs_x = 1, .ofs_y = -3},
    {.bitmap_index = 3469, .adv_w = 99, .box_w = 6, .box_h = 14, .ofs_x = 0, .ofs_y = -3},
    {.bitmap_index = 3511, .adv_w = 150, .box_w = 8, .box_h = 5, .ofs_x = 1, .ofs_y = 2},
    {.bitmap_index = 3531, .adv_w = 60, .box_w = 0, .box_h = 0, .ofs_x = 0, .ofs_y = 0},
    {.bitmap_index = 3531, .adv_w = 68, .box_w = 3, .box_h = 11, .ofs_x = 1, .ofs_y = -3},
    {.bitmap_index = 3548, .adv_w = 129, .box_w = 8, .box_h = 11, .ofs_x = 0, .ofs_y = 0},
    {.bitmap_index = 3592, .adv_w = 139, .box_w = 8, .box_h = 11, .ofs_x = 0, .ofs_y = 0},
    {.bitmap_index = 3636, .adv_w = 165, .box_w = 10, .box_h = 10, .ofs_x = 0, .ofs_y = 0},
    {.bitmap_index = 3686, .adv_w = 125, .box_w = 8, .box_h = 11, .ofs_x = 0, .ofs_y = 0},
    {.bitmap_index = 3730, .adv_w = 66, .box_w = 2, .box_h = 13, .ofs_x = 1, .ofs_y = -2},
    {.bitmap_index = 3743, .adv_w = 127, .box_w = 8, .box_h = 14, .ofs_x = 0, .ofs_y = -3},
    {.bitmap_index = 3799, .adv_w = 135, .box_w = 6, .box_h = 2, .ofs_x = 1, .ofs_y = 9},
    {.bitmap_index = 3805, .adv_w = 205, .box_w = 11, .box_h = 12, .ofs_x = 1, .ofs_y = -1},
    {.bitmap_index = 3871, .adv_w = 102, .box_w = 6, .box_h = 6, .ofs_x = 0, .ofs_y = 5},
    {.bitmap_index = 3889, .adv_w = 136, .box_w = 8, .box_h = 7, .ofs_x = 0, .ofs_y = 1},
    {.bitmap_index = 3917, .adv_w = 150, .box_w = 7, .box_h = 5, .ofs_x = 1, .ofs_y = 1},
    {.bitmap_index = 3935, .adv_w = 149, .box_w = 9, .box_h = 9, .ofs_x = 0, .ofs_y = 2},
    {.bitmap_index = 3976, .adv_w = 104, .box_w = 5, .box_h = 2, .ofs_x = 1, .ofs_y = 9},
    {.bitmap_index = 3981, .adv_w = 102, .box_w = 6, .box_h = 6, .ofs_x = 0, .ofs_y = 5},
    {.bitmap_index = 3999, .adv_w = 150, .box_w = 7, .box_h = 8, .ofs_x = 1, .ofs_y = 0},
    {.bitmap_index = 4027, .adv_w = 100, .box_w = 6, .box_h = 6, .ofs_x = 0, .ofs_y = 6},
    {.bitmap_index = 4045, .adv_w = 102, .box_w = 6, .box_h = 6, .ofs_x = 0, .ofs_y = 6},
    {.bitmap_index = 4063, .adv_w = 75, .box_w = 3, .box_h = 3, .ofs_x = 1, .ofs_y = 9},
    {.bitmap_index = 4068, .adv_w = 134, .box_w = 8, .box_h = 11, .ofs_x = 1, .ofs_y = -3},
    {.bitmap_index = 4112, .adv_w = 135, .box_w = 8, .box_h = 11, .ofs_x = 0, .ofs_y = 0},
    {.bitmap_index = 4156, .adv_w = 68, .box_w = 3, .box_h = 3, .ofs_x = 1, .ofs_y = 4},
    {.bitmap_index = 4161, .adv_w = 67, .box_w = 3, .box_h = 4, .ofs_x = 1, .ofs_y = -3},
    {.bitmap_index = 4167, .adv_w = 70, .box_w = 4, .box_h = 6, .ofs_x = 0, .ofs_y = 6},
    {.bitmap_index = 4179, .adv_w = 109, .box_w = 7, .box_h = 6, .ofs_x = 0, .ofs_y = 5},
    {.bitmap_index = 4200, .adv_w = 136, .box_w = 8, .box_h = 7, .ofs_x = 0, .ofs_y = 1},
    {.bitmap_index = 4228, .adv_w = 183, .box_w = 11, .box_h = 11, .ofs_x = 0, .ofs_y = 0},
    {.bitmap_index = 4289, .adv_w = 192, .box_w = 12, .box_h = 12, .ofs_x = 0, .ofs_y = -1},
    {.bitmap_index = 4361, .adv_w = 200, .box_w = 12, .box_h = 11, .ofs_x = 0, .ofs_y = 0},
    {.bitmap_index = 4427, .adv_w = 118, .box_w = 7, .box_h = 11, .ofs_x = 0, .ofs_y = -3},
    {.bitmap_index = 4466, .adv_w = 159, .box_w = 10, .box_h = 14, .ofs_x = 0, .ofs_y = 0},
    {.bitmap_index = 4536, .adv_w = 159, .box_w = 10, .box_h = 14, .ofs_x = 0, .ofs_y = 0},
    {.bitmap_index = 4606, .adv_w = 159, .box_w = 10, .box_h = 14, .ofs_x = 0, .ofs_y = 0},
    {.bitmap_index = 4676, .adv_w = 159, .box_w = 10, .box_h = 14, .ofs_x = 0, .ofs_y = 0},
    {.bitmap_index = 4746, .adv_w = 159, .box_w = 10, .box_h = 14, .ofs_x = 0, .ofs_y = 0},
    {.bitmap_index = 4816, .adv_w = 159, .box_w = 10, .box_h = 14, .ofs_x = 0, .ofs_y = 0},
    {.bitmap_index = 4886, .adv_w = 225, .box_w = 14, .box_h = 11, .ofs_x = 0, .ofs_y = 0},
    {.bitmap_index = 4963, .adv_w = 164, .box_w = 10, .box_h = 14, .ofs_x = 0, .ofs_y = -3},
    {.bitmap_index = 5033, .adv_w = 135, .box_w = 7, .box_h = 14, .ofs_x = 1, .ofs_y = 0},
    {.bitmap_index = 5082, .adv_w = 135, .box_w = 7, .box_h = 14, .ofs_x = 1, .ofs_y = 0},
    {.bitmap_index = 5131, .adv_w = 135, .box_w = 7, .box_h = 14, .ofs_x = 1, .ofs_y = 0},
    {.bitmap_index = 5180, .adv_w = 135, .box_w = 7, .box_h = 14, .ofs_x = 1, .ofs_y = 0},
    {.bitmap_index = 5229, .adv_w = 61, .box_w = 3, .box_h = 14, .ofs_x = 0, .ofs_y = 0},
    {.bitmap_index = 5250, .adv_w = 61, .box_w = 3, .box_h = 14, .ofs_x = 1, .ofs_y = 0},
    {.bitmap_index = 5271, .adv_w = 61, .box_w = 6, .box_h = 14, .ofs_x = -1, .ofs_y = 0},
    {.bitmap_index = 5313, .adv_w = 61, .box_w = 6, .box_h = 14, .ofs_x = -1, .ofs_y = 0},
    {.bitmap_index = 5355, .adv_w = 166, .box_w = 10, .box_h = 11, .ofs_x = 0, .ofs_y = 0},
    {.bitmap_index = 5410, .adv_w = 169, .box_w = 9, .box_h = 14, .ofs_x = 1, .ofs_y = 0},
    {.bitmap_index = 5473, .adv_w = 172, .box_w = 10, .box_h = 14, .ofs_x = 0, .ofs_y = 0},
    {.bitmap_index = 5543, .adv_w = 172, .box_w = 10, .box_h = 14, .ofs_x = 0, .ofs_y = 0},
    {.bitmap_index = 5613, .adv_w = 172, .box_w = 10, .box_h = 14, .ofs_x = 0, .ofs_y = 0},
    {.bitmap_index = 5683, .adv_w = 172, .box_w = 10, .box_h = 14, .ofs_x = 0, .ofs_y = 0},
    {.bitmap_index = 5753, .adv_w = 172, .box_w = 10, .box_h = 14, .ofs_x = 0, .ofs_y = 0},
    {.bitmap_index = 5823, .adv_w = 150, .box_w = 8, .box_h = 8, .ofs_x = 1, .ofs_y = 0},
    {.bitmap_index = 5855, .adv_w = 172, .box_w = 10, .box_h = 13, .ofs_x = 0, .ofs_y = -1},
    {.bitmap_index = 5920, .adv_w = 166, .box_w = 9, .box_h = 14, .ofs_x = 1, .ofs_y = 0},
    {.bitmap_index = 5983, .adv_w = 166, .box_w = 9, .box_h = 14, .ofs_x = 1, .ofs_y = 0},
    {.bitmap_index = 6046, .adv_w = 166, .box_w = 9, .box_h = 14, .ofs_x = 1, .ofs_y = 0},
    {.bitmap_index = 6109, .adv_w = 166, .box_w = 9, .box_h = 14, .ofs_x = 1, .ofs_y = 0},
    {.bitmap_index = 6172, .adv_w = 156, .box_w = 10, .box_h = 14, .ofs_x = 0, .ofs_y = 0},
    {.bitmap_index = 6242, .adv_w = 145, .box_w = 7, .box_h = 11, .ofs_x = 1, .ofs_y = 0},
    {.bitmap_index = 6281, .adv_w = 141, .box_w = 8, .box_h = 11, .ofs_x = 1, .ofs_y = 0},
    {.bitmap_index = 6325, .adv_w = 127, .box_w = 7, .box_h = 12, .ofs_x = 0, .ofs_y = 0},
    {.bitmap_index = 6367, .adv_w = 127, .box_w = 7, .box_h = 12, .ofs_x = 0, .ofs_y = 0},
    {.bitmap_index = 6409, .adv_w = 127, .box_w = 7, .box_h = 11, .ofs_x = 0, .ofs_y = 0},
    {.bitmap_index = 6448, .adv_w = 127, .box_w = 7, .box_h = 11, .ofs_x = 0, .ofs_y = 0},
    {.bitmap_index = 6487, .adv_w = 127, .box_w = 7, .box_h = 11, .ofs_x = 0, .ofs_y = 0},
    {.bitmap_index = 6526, .adv_w = 127, .box_w = 7, .box_h = 12, .ofs_x = 0, .ofs_y = 0},
    {.bitmap_index = 6568, .adv_w = 205, .box_w = 13, .box_h = 8, .ofs_x = 0, .ofs_y = 0},
    {.bitmap_index = 6620, .adv_w = 129, .box_w = 8, .box_h = 11, .ofs_x = 0, .ofs_y = -3},
    {.bitmap_index = 6664, .adv_w = 132, .box_w = 8, .box_h = 12, .ofs_x = 0, .ofs_y = 0},
    {.bitmap_index = 6712, .adv_w = 132, .box_w = 8, .box_h = 12, .ofs_x = 0, .ofs_y = 0},
    {.bitmap_index = 6760, .adv_w = 132, .box_w = 8, .box_h = 11, .ofs_x = 0, .ofs_y = 0},
    {.bitmap_index = 6804, .adv_w = 132, .box_w = 8, .box_h = 11, .ofs_x = 0, .ofs_y = 0},
    {.bitmap_index = 6848, .adv_w = 56, .box_w = 4, .box_h = 11, .ofs_x = -1, .ofs_y = 0},
    {.bitmap_index = 6870, .adv_w = 56, .box_w = 3, .box_h = 11, .ofs_x = 1, .ofs_y = 0},
    {.bitmap_index = 6887, .adv_w = 56, .box_w = 6, .box_h = 11, .ofs_x = -1, .ofs_y = 0},
    {.bitmap_index = 6920, .adv_w = 56, .box_w = 6, .box_h = 11, .ofs_x = -1, .ofs_y = 0},
    {.bitmap_index = 6953, .adv_w = 132, .box_w = 8, .box_h = 12, .ofs_x = 0, .ofs_y = 0},
    {.bitmap_index = 7001, .adv_w = 135, .box_w = 7, .box_h = 11, .ofs_x = 1, .ofs_y = 0},
    {.bitmap_index = 7040, .adv_w = 135, .box_w = 8, .box_h = 12, .ofs_x = 0, .ofs_y = 0},
    {.bitmap_index = 7088, .adv_w = 135, .box_w = 8, .box_h = 12, .ofs_x = 0, .ofs_y = 0},
    {.bitmap_index = 7136, .adv_w = 135, .box_w = 8, .box_h = 11, .ofs_x = 0, .ofs_y = 0},
    {.bitmap_index = 7180, .adv_w = 135, .box_w = 8, .box_h = 11, .ofs_x = 0, .ofs_y = 0},
    {.bitmap_index = 7224, .adv_w = 135, .box_w = 8, .box_h = 11, .ofs_x = 0, .ofs_y = 0},
    {.bitmap_index = 7268, .adv_w = 150, .box_w = 7, .box_h = 8, .ofs_x = 1, .ofs_y = 0},
    {.bitmap_index = 7296, .adv_w = 135, .box_w = 8, .box_h = 10, .ofs_x = 0, .ofs_y = -1},
    {.bitmap_index = 7336, .adv_w = 135, .box_w = 7, .box_h = 12, .ofs_x = 1, .ofs_y = 0},
    {.bitmap_index = 7378, .adv_w = 135, .box_w = 7, .box_h = 12, .ofs_x = 1, .ofs_y = 0},
    {.bitmap_index = 7420, .adv_w = 135, .box_w = 7, .box_h = 11, .ofs_x = 1, .ofs_y = 0},
    {.bitmap_index = 7459, .adv_w = 135, .box_w = 7, .box_h = 11, .ofs_x = 1, .ofs_y = 0},
    {.bitmap_index = 7498, .adv_w = 129, .box_w = 8, .box_h = 15, .ofs_x = 0, .ofs_y = -3},
    {.bitmap_index = 7558, .adv_w = 138, .box_w = 7, .box_h = 14, .ofs_x = 1, .ofs_y = -3},
    {.bitmap_index = 7607, .adv_w = 129, .box_w = 8, .box_h = 14, .ofs_x = 0, .ofs_y = -3},
    {.bitmap_index = 7663, .adv_w = 157, .box_w = 10, .box_h = 11, .ofs_x = 0, .ofs_y = 0},
    {.bitmap_index = 7718, .adv_w = 173, .box_w = 11, .box_h = 11, .ofs_x = 0, .ofs_y = 0},
    {.bitmap_index = 7779, .adv_w = 134, .box_w = 8, .box_h = 11, .ofs_x = 1, .ofs_y = -3},
    {.bitmap_index = 7823, .adv_w = 138, .box_w = 9, .box_h = 8, .ofs_x = 0, .ofs_y = 0},
    {.bitmap_index = 7859, .adv_w = 119, .box_w = 5, .box_h = 5, .ofs_x = 1, .ofs_y = 2},
    {.bitmap_index = 7872, .adv_w = 204, .box_w = 11, .box_h = 3, .ofs_x = 1, .ofs_y = 0},
    {.bitmap_index = 7889, .adv_w = 151, .box_w = 9, .box_h = 11, .ofs_x = 0, .ofs_y = 0},
    {.bitmap_index = 7939, .adv_w = 214, .box_w = 11, .box_h = 11, .ofs_x = 1, .ofs_y = -1},
    {.bitmap_index = 8000, .adv_w = 192, .box_w = 10, .box_h = 11, .ofs_x = 1, .ofs_y = 0},
    {.bitmap_index = 8055, .adv_w = 214, .box_w = 11, .box_h = 11, .ofs_x = 1, .ofs_y = -1},
    {.bitmap_index = 8116, .adv_w = 192, .box_w = 10, .box_h = 12, .ofs_x = 1, .ofs_y = -1},
    {.bitmap_index = 8176, .adv_w = 150, .box_w = 7, .box_h = 2, .ofs_x = 1, .ofs_y = 3},
    {.bitmap_index = 8183, .adv_w = 144, .box_w = 9, .box_h = 11, .ofs_x = 0, .ofs_y = 0},
    {.bitmap_index = 8233, .adv_w = 213, .box_w = 13, .box_h = 7, .ofs_x = 0, .ofs_y = 1},
    {.bitmap_index = 8279, .adv_w = 150, .box_w = 8, .box_h = 6, .ofs_x = 1, .ofs_y = 1},
    {.bitmap_index = 8303, .adv_w = 150, .box_w = 7, .box_h = 8, .ofs_x = 1, .ofs_y = 0},
    {.bitmap_index = 8331, .adv_w = 150, .box_w = 7, .box_h = 9, .ofs_x = 1, .ofs_y = 0},
    {.bitmap_index = 8363, .adv_w = 150, .box_w = 7, .box_h = 9, .ofs_x = 1, .ofs_y = 0},
    {.bitmap_index = 8395, .adv_w = 224, .box_w = 15, .box_h = 15, .ofs_x = -1, .ofs_y = -2},
    {.bitmap_index = 8508, .adv_w = 224, .box_w = 16, .box_h = 13, .ofs_x = -1, .ofs_y = -1},
    {.bitmap_index = 8612, .adv_w = 252, .box_w = 16, .box_h = 15, .ofs_x = 0, .ofs_y = -2},
    {.bitmap_index = 8732, .adv_w = 224, .box_w = 14, .box_h = 11, .ofs_x = 0, .ofs_y = 0},
    {.bitmap_index = 8809, .adv_w = 224, .box_w = 14, .box_h = 13, .ofs_x = 0, .ofs_y = -1},
    {.bitmap_index = 8900, .adv_w = 224, .box_w = 14, .box_h = 11, .ofs_x = 0, .ofs_y = 0},
    {.bitmap_index = 8977, .adv_w = 154, .box_w = 10, .box_h = 11, .ofs_x = 0, .ofs_y = 0},
    {.bitmap_index = 9032, .adv_w = 224, .box_w = 14, .box_h = 15, .ofs_x = 0, .ofs_y = -2},
    {.bitmap_index = 9137, .adv_w = 224, .box_w = 14, .box_h = 15, .ofs_x = 0, .ofs_y = -2},
    {.bitmap_index = 9242, .adv_w = 252, .box_w = 16, .box_h = 13, .ofs_x = 0, .ofs_y = -1},
    {.bitmap_index = 9346, .adv_w = 224, .box_w = 14, .box_h = 15, .ofs_x = 0, .ofs_y = -2},
    {.bitmap_index = 9451, .adv_w = 224, .box_w = 14, .box_h = 15, .ofs_x = 0, .ofs_y = -2},
    {.bitmap_index = 9556, .adv_w = 252, .box_w = 16, .box_h = 11, .ofs_x = 0, .ofs_y = 0},
    {.bitmap_index = 9644, .adv_w = 224, .box_w = 14, .box_h = 15, .ofs_x = 0, .ofs_y = -2},
    {.bitmap_index = 9749, .adv_w = 112, .box_w = 7, .box_h = 12, .ofs_x = 0, .ofs_y = -1},
    {.bitmap_index = 9791, .adv_w = 168, .box_w = 11, .box_h = 12, .ofs_x = 0, .ofs_y = -1},
    {.bitmap_index = 9857, .adv_w = 252, .box_w = 16, .box_h = 14, .ofs_x = 0, .ofs_y = -2},
    {.bitmap_index = 9969, .adv_w = 224, .box_w = 14, .box_h = 13, .ofs_x = 0, .ofs_y = -1},
    {.bitmap_index = 10060, .adv_w = 224, .box_w = 14, .box_h = 11, .ofs_x = 0, .ofs_y = 0},
    {.bitmap_index = 10137, .adv_w = 154, .box_w = 10, .box_h = 15, .ofs_x = 0, .ofs_y = -2},
    {.bitmap_index = 10212, .adv_w = 196, .box_w = 10, .box_h = 14, .ofs_x = 1, .ofs_y = -2},
    {.bitmap_index = 10282, .adv_w = 196, .box_w = 13, .box_h = 15, .ofs_x = 0, .ofs_y = -2},
    {.bitmap_index = 10380, .adv_w = 196, .box_w = 13, .box_h = 13, .ofs_x = 0, .ofs_y = -1},
    {.bitmap_index = 10465, .adv_w = 196, .box_w = 13, .box_h = 13, .ofs_x = 0, .ofs_y = -1},
    {.bitmap_index = 10550, .adv_w = 196, .box_w = 10, .box_h = 14, .ofs_x = 1, .ofs_y = -2},
    {.bitmap_index = 10620, .adv_w = 196, .box_w = 14, .box_h = 13, .ofs_x = -1, .ofs_y = -1},
    {.bitmap_index = 10711, .adv_w = 140, .box_w = 9, .box_h = 13, .ofs_x = 0, .ofs_y = -1},
    {.bitmap_index = 10770, .adv_w = 140, .box_w = 9, .box_h = 13, .ofs_x = 0, .ofs_y = -1},
    {.bitmap_index = 10829, .adv_w = 196, .box_w = 13, .box_h = 13, .ofs_x = 0, .ofs_y = -1},
    {.bitmap_index = 10914, .adv_w = 196, .box_w = 13, .box_h = 4, .ofs_x = 0, .ofs_y = 3},
    {.bitmap_index = 10940, .adv_w = 224, .box_w = 14, .box_h = 13, .ofs_x = 0, .ofs_y = -1},
    {.bitmap_index = 11031, .adv_w = 168, .box_w = 11, .box_h = 15, .ofs_x = 0, .ofs_y = -2},
    {.bitmap_index = 11114, .adv_w = 252, .box_w = 16, .box_h = 11, .ofs_x = 0, .ofs_y = 0},
    {.bitmap_index = 11202, .adv_w = 280, .box_w = 18, .box_h = 15, .ofs_x = 0, .ofs_y = -2},
    {.bitmap_index = 11337, .adv_w = 252, .box_w = 17, .box_h = 15, .ofs_x = -1, .ofs_y = -2},
    {.bitmap_index = 11465, .adv_w = 252, .box_w = 17, .box_h = 15, .ofs_x = -1, .ofs_y = -2},
    {.bitmap_index = 11593, .adv_w = 224, .box_w = 14, .box_h = 13, .ofs_x = 0, .ofs_y = -1},
    {.bitmap_index = 11684, .adv_w = 196, .box_w = 13, .box_h = 8, .ofs_x = 0, .ofs_y = 1},
    {.bitmap_index = 11736, .adv_w = 196, .box_w = 13, .box_h = 8, .ofs_x = 0, .ofs_y = 1},
    {.bitmap_index = 11788, .adv_w = 280, .box_w = 18, .box_h = 11, .ofs_x = 0, .ofs_y = 0},
    {.bitmap_index = 11887, .adv_w = 252, .box_w = 16, .box_h = 15, .ofs_x = 0, .ofs_y = -2},
    {.bitmap_index = 12007, .adv_w = 224, .box_w = 14, .box_h = 11, .ofs_x = 0, .ofs_y = 0},
    {.bitmap_index = 12084, .adv_w = 252, .box_w = 16, .box_h = 15, .ofs_x = 0, .ofs_y = -2},
    {.bitmap_index = 12204, .adv_w = 224, .box_w = 14, .box_h = 15, .ofs_x = 0, .ofs_y = -2},
    {.bitmap_index = 12309, .adv_w = 224, .box_w = 15, .box_h = 15, .ofs_x = -1, .ofs_y = -2},
    {.bitmap_index = 12422, .adv_w = 224, .box_w = 14, .box_h = 11, .ofs_x = 0, .ofs_y = 0},
    {.bitmap_index = 12499, .adv_w = 168, .box_w = 11, .box_h = 15, .ofs_x = 0, .ofs_y = -2},
    {.bitmap_index = 12582, .adv_w = 280, .box_w = 18, .box_h = 13, .ofs_x = 0, .ofs_y = -1},
    {.bitmap_index = 12699, .adv_w = 196, .box_w = 13, .box_h = 13, .ofs_x = 0, .ofs_y = -1},
    {.bitmap_index = 12784, .adv_w = 196, .box_w = 13, .box_h = 15, .ofs_x = 0, .ofs_y = -2},
    {.bitmap_index = 12882, .adv_w = 196, .box_w = 13, .box_h = 13, .ofs_x = 0, .ofs_y = -1},
    {.bitmap_index = 12967, .adv_w = 196, .box_w = 13, .box_h = 12, .ofs_x = 0, .ofs_y = -1},
    {.bitmap_index = 13045, .adv_w = 224, .box_w = 14, .box_h = 11, .ofs_x = 0, .ofs_y = 0},
    {.bitmap_index = 13122, .adv_w = 140, .box_w = 10, .box_h = 15, .ofs_x = -1, .ofs_y = -2},
    {.bitmap_index = 13197, .adv_w = 252, .box_w = 17, .box_h = 15, .ofs_x = -1, .ofs_y = -2},
    {.bitmap_index = 13325, .adv_w = 196, .box_w = 13, .box_h = 15, .ofs_x = 0, .ofs_y = -2},
    {.bitmap_index = 13423, .adv_w = 196, .box_w = 13, .box_h = 15, .ofs_x = 0, .ofs_y = -2},
    {.bitmap_index = 13521, .adv_w = 280, .box_w = 19, .box_h = 13, .ofs_x = -1, .ofs_y = -1},
    {.bitmap_index = 13645, .adv_w = 196, .box_w = 13, .box_h = 13, .ofs_x = 0, .ofs_y = -1},
    {.bitmap_index = 13730, .adv_w = 217, .box_w = 14, .box_h = 15, .ofs_x = 0, .ofs_y = -2},
    {.bitmap_index = 13835, .adv_w = 217, .box_w = 14, .box_h = 15, .ofs_x = 0, .ofs_y = -2},
    {.bitmap_index = 13940, .adv_w = 217, .box_w = 14, .box_h = 15, .ofs_x = 0, .ofs_y = -2},
    {.bitmap_index = 14045, .adv_w = 252, .box_w = 16, .box_h = 11, .ofs_x = 0, .ofs_y = 0},
    {.bitmap_index = 14133, .adv_w = 224, .box_w = 16, .box_h = 15, .ofs_x = -1, .ofs_y = -2},
    {.bitmap_index = 14253, .adv_w = 224, .box_w = 15, .box_h = 15, .ofs_x = -1, .ofs_y = -2},
    {.bitmap_index = 14366, .adv_w = 168, .box_w = 11, .box_h = 15, .ofs_x = 0, .ofs_y = -2},
    {.bitmap_index = 14449, .adv_w = 224, .box_w = 14, .box_h = 15, .ofs_x = 0, .ofs_y = -2},
    {.bitmap_index = 14554, .adv_w = 224, .box_w = 14, .box_h = 15, .ofs_x = 0, .ofs_y = -2},
    {.bitmap_index = 14659, .adv_w = 224, .box_w = 14, .box_h = 15, .ofs_x = 0, .ofs_y = -2},
    {.bitmap_index = 14764, .adv_w = 224, .box_w = 14, .box_h = 15, .ofs_x = 0, .ofs_y = -2},
    {.bitmap_index = 14869, .adv_w = 224, .box_w = 15, .box_h = 11, .ofs_x = 0, .ofs_y = 0},
    {.bitmap_index = 14952, .adv_w = 168, .box_w = 12, .box_h = 15, .ofs_x = -1, .ofs_y = -2},
    {.bitmap_index = 15042, .adv_w = 224, .box_w = 14, .box_h = 15, .ofs_x = 0, .ofs_y = -2},
    {.bitmap_index = 15147, .adv_w = 224, .box_w = 14, .box_h = 15, .ofs_x = 0, .ofs_y = -2},
    {.bitmap_index = 15252, .adv_w = 280, .box_w = 18, .box_h = 13, .ofs_x = 0, .ofs_y = -1},
    {.bitmap_index = 15369, .adv_w = 196, .box_w = 13, .box_h = 15, .ofs_x = 0, .ofs_y = -2},
    {.bitmap_index = 15467, .adv_w = 280, .box_w = 18, .box_h = 11, .ofs_x = 0, .ofs_y = 0},
    {.bitmap_index = 15566, .adv_w = 280, .box_w = 18, .box_h = 10, .ofs_x = 0, .ofs_y = 0},
    {.bitmap_index = 15656, .adv_w = 280, .box_w = 18, .box_h = 10, .ofs_x = 0, .ofs_y = 0},
    {.bitmap_index = 15746, .adv_w = 280, .box_w = 18, .box_h = 10, .ofs_x = 0, .ofs_y = 0},
    {.bitmap_index = 15836, .adv_w = 280, .box_w = 18, .box_h = 10, .ofs_x = 0, .ofs_y = 0},
    {.bitmap_index = 15926, .adv_w = 280, .box_w = 18, .box_h = 10, .ofs_x = 0, .ofs_y = 0},
    {.bitmap_index = 16016, .adv_w = 196, .box_w = 13, .box_h = 15, .ofs_x = 0, .ofs_y = -2},
    {.bitmap_index = 16114, .adv_w = 280, .box_w = 18, .box_h = 12, .ofs_x = 0, .ofs_y = -1},
    {.bitmap_index = 16222, .adv_w = 196, .box_w = 12, .box_h = 15, .ofs_x = 0, .ofs_y = -2},
    {.bitmap_index = 16312, .adv_w = 196, .box_w = 14, .box_h = 15, .ofs_x = -1, .ofs_y = -2},
    {.bitmap_index = 16417, .adv_w = 182, .box_w = 12, .box_h = 15, .ofs_x = 0, .ofs_y = -2},
    {.bitmap_index = 16507, .adv_w = 196, .box_w = 13, .box_h = 15, .ofs_x = 0, .ofs_y = -2},
    {.bitmap_index = 16605, .adv_w = 224, .box_w = 14, .box_h = 15, .ofs_x = 0, .ofs_y = -2},
    {.bitmap_index = 16710, .adv_w = 224, .box_w = 15, .box_h = 15, .ofs_x = -1, .ofs_y = -2},
    {.bitmap_index = 16823, .adv_w = 252, .box_w = 16, .box_h = 15, .ofs_x = 0, .ofs_y = -2},
    {.bitmap_index = 16943, .adv_w = 168, .box_w = 11, .box_h = 15, .ofs_x = 0, .ofs_y = -2},
    {.bitmap_index = 17026, .adv_w = 280, .box_w = 18, .box_h = 13, .ofs_x = 0, .ofs_y = -1},
    {.bitmap_index = 17143, .adv_w = 280, .box_w = 18, .box_h = 13, .ofs_x = 0, .ofs_y = -2},
    {.bitmap_index = 17260, .adv_w = 224, .box_w = 14, .box_h = 13, .ofs_x = 0, .ofs_y = -1},
    {.bitmap_index = 17351, .adv_w = 217, .box_w = 14, .box_h = 15, .ofs_x = 0, .ofs_y = -2},
    {.bitmap_index = 17456, .adv_w = 224, .box_w = 14, .box_h = 15, .ofs_x = 0, .ofs_y = -2},
    {.bitmap_index = 17561, .adv_w = 217, .box_w = 14, .box_h = 15, .ofs_x = 0, .ofs_y = -2},
    {.bitmap_index = 17666, .adv_w = 280, .box_w = 18, .box_h = 11, .ofs_x = 0, .ofs_y = 0},
    {.bitmap_index = 17765, .adv_w = 217, .box_w = 14, .box_h = 15, .ofs_x = 0, .ofs_y = -2},
    {.bitmap_index = 17870, .adv_w = 217, .box_w = 14, .box_h = 15, .ofs_x = 0, .ofs_y = -2},
    {.bitmap_index = 17975, .adv_w = 217, .box_w = 14, .box_h = 15, .ofs_x = 0, .ofs_y = -2},
    {.bitmap_index = 18080, .adv_w = 217, .box_w = 14, .box_h = 15, .ofs_x = 0, .ofs_y = -2},
    {.bitmap_index = 18185, .adv_w = 217, .box_w = 14, .box_h = 15, .ofs_x = 0, .ofs_y = -2},
    {.bitmap_index = 18290, .adv_w = 217, .box_w = 14, .box_h = 15, .ofs_x = 0, .ofs_y = -2},
    {.bitmap_index = 18395, .adv_w = 221, .box_w = 14, .box_h = 15, .ofs_x = 0, .ofs_y = -2},
    {.bitmap_index = 18500, .adv_w = 217, .box_w = 14, .box_h = 15, .ofs_x = 0, .ofs_y = -2},
    {.bitmap_index = 18605, .adv_w = 224, .box_w = 14, .box_h = 15, .ofs_x = 0, .ofs_y = -2},
    {.bitmap_index = 18710, .adv_w = 217, .box_w = 14, .box_h = 15, .ofs_x = 0, .ofs_y = -2},
    {.bitmap_index = 18815, .adv_w = 280, .box_w = 18, .box_h = 15, .ofs_x = 0, .ofs_y = -2},
    {.bitmap_index = 18950, .adv_w = 217, .box_w = 14, .box_h = 15, .ofs_x = 0, .ofs_y = -2},
    {.bitmap_index = 19055, .adv_w = 217, .box_w = 14, .box_h = 15, .ofs_x = 0, .ofs_y = -2},
    {.bitmap_index = 19160, .adv_w = 217, .box_w = 14, .box_h = 15, .ofs_x = 0, .ofs_y = -2},
    {.bitmap_index = 19265, .adv_w = 217, .box_w = 14, .box_h = 15, .ofs_x = 0, .ofs_y = -2},
    {.bitmap_index = 19370, .adv_w = 217, .box_w = 14, .box_h = 15, .ofs_x = 0, .ofs_y = -2},
    {.bitmap_index = 19475, .adv_w = 217, .box_w = 14, .box_h = 15, .ofs_x = 0, .ofs_y = -2},
    {.bitmap_index = 19580, .adv_w = 217, .box_w = 14, .box_h = 15, .ofs_x = 0, .ofs_y = -2},
    {.bitmap_index = 19685, .adv_w = 217, .box_w = 14, .box_h = 15, .ofs_x = 0, .ofs_y = -2},
    {.bitmap_index = 19790, .adv_w = 217, .box_w = 14, .box_h = 15, .ofs_x = 0, .ofs_y = -2},
    {.bitmap_index = 19895, .adv_w = 217, .box_w = 14, .box_h = 15, .ofs_x = 0, .ofs_y = -2},
    {.bitmap_index = 20000, .adv_w = 217, .box_w = 14, .box_h = 15, .ofs_x = 0, .ofs_y = -2},
    {.bitmap_index = 20105, .adv_w = 217, .box_w = 14, .box_h = 15, .ofs_x = 0, .ofs_y = -2},
    {.bitmap_index = 20210, .adv_w = 280, .box_w = 18, .box_h = 15, .ofs_x = 0, .ofs_y = -2},
    {.bitmap_index = 20345, .adv_w = 224, .box_w = 15, .box_h = 14, .ofs_x = 0, .ofs_y = -2},
    {.bitmap_index = 20450, .adv_w = 224, .box_w = 14, .box_h = 14, .ofs_x = 0, .ofs_y = -2},
    {.bitmap_index = 20548, .adv_w = 168, .box_w = 11, .box_h = 15, .ofs_x = 0, .ofs_y = -2},
    {.bitmap_index = 20631, .adv_w = 182, .box_w = 12, .box_h = 15, .ofs_x = 0, .ofs_y = -2},
    {.bitmap_index = 20721, .adv_w = 280, .box_w = 19, .box_h = 15, .ofs_x = -1, .ofs_y = -2},
    {.bitmap_index = 20864, .adv_w = 224, .box_w = 16, .box_h = 13, .ofs_x = -1, .ofs_y = -1},
    {.bitmap_index = 20968, .adv_w = 168, .box_w = 11, .box_h = 15, .ofs_x = 0, .ofs_y = -2},
    {.bitmap_index = 21051, .adv_w = 225, .box_w = 15, .box_h = 10, .ofs_x = 0, .ofs_y = 0}
};

/*---------------------
 *  CHARACTER MAPPING
 *--------------------*/

static const uint16_t unicode_list_3[] = {
    0x0, 0x15, 0x28, 0x2c, 0x1c8e, 0x1c92, 0x1d18, 0x1dfc,
    0x1dfd, 0x1dfe, 0x1dff, 0x1e7e, 0x1e86, 0x1e8a, 0x1eb4, 0x1ecc,
    0x1ed0, 0x1ed1, 0xec6d, 0xec70, 0xec71, 0xec74, 0xec77, 0xec78,
    0xec79, 0xec7d, 0xec7f, 0xec81, 0xec83, 0xec85, 0xec88, 0xec8d,
    0xec92, 0xec93, 0xec94, 0xec9c, 0xecaa, 0xecaf, 0xecb4, 0xecb7,
    0xecb8, 0xecb9, 0xecbd, 0xecbe, 0xecbf, 0xecc0, 0xecd3, 0xecd4,
    0xecd7, 0xecd9, 0xecda, 0xecdc, 0xecdd, 0xecde, 0xece0, 0xece3,
    0xece4, 0xece5, 0xece6, 0xece7, 0xecfd, 0xecff, 0xed01, 0xed10,
    0xed12, 0xed2e, 0xed30, 0xed31, 0xed33, 0xed35, 0xed4c, 0xed53,
    0xed55, 0xed56, 0xed5f, 0xed60, 0xed68, 0xed84, 0xed85, 0xed86,
    0xed88, 0xed90, 0xeda1, 0xedc7, 0xedd0, 0xedd1, 0xedf1, 0xedf2,
    0xee25, 0xee27, 0xee4e, 0xee4f, 0xee57, 0xee69, 0xeea2, 0xeeac,
    0xeead, 0xeeae, 0xeeaf, 0xeeb0, 0xeec7, 0xeef3, 0xeeff, 0xef48,
    0xef53, 0xef59, 0xef6a, 0xef70, 0xf011, 0xf031, 0xf0b7, 0xf12e,
    0xf144, 0xf146, 0xf1b8, 0xf1c2, 0xf1c6, 0xf1d3, 0xf1e5, 0xf1e6,
    0xf1eb, 0xf1ec, 0xf1ee, 0xf1ef, 0xf1f0, 0xf1f2, 0xf1f3, 0xf1f4,
    0xf1f5, 0xf1f7, 0xf1f8, 0xf202, 0xf207, 0xf210, 0xf211, 0xf21f,
    0xf220, 0xf224, 0xf22e, 0xf234, 0xf2f0, 0xf32a, 0xf33f, 0xf34e,
    0xf378, 0xf40b, 0xf415, 0xf42e, 0xf50e
};

/*Collect the unicode lists and glyph_id offsets*/
static const lv_font_fmt_txt_cmap_t cmaps[] =
{
    {
        .range_start = 32, .range_length = 95, .glyph_id_start = 1,
        .unicode_list = NULL, .glyph_id_ofs_list = NULL, .list_length = 0, .type = LV_FONT_FMT_TXT_CMAP_FORMAT0_TINY
    },
    {
        .range_start = 160, .range_length = 13, .glyph_id_start = 96,
        .unicode_list = NULL, .glyph_id_ofs_list = NULL, .list_length = 0, .type = LV_FONT_FMT_TXT_CMAP_FORMAT0_TINY
    },
    {
        .range_start = 174, .range_length = 82, .glyph_id_start = 109,
        .unicode_list = NULL, .glyph_id_ofs_list = NULL, .list_length = 0, .type = LV_FONT_FMT_TXT_CMAP_FORMAT0_TINY
    },
    {
        .range_start = 916, .range_length = 62735, .glyph_id_start = 191,
        .unicode_list = unicode_list_3, .glyph_id_ofs_list = NULL, .list_length = 149, .type = LV_FONT_FMT_TXT_CMAP_SPARSE_TINY
    }
};

/*-----------------
 *    KERNING
 *----------------*/


/*Map glyph_ids to kern left classes*/
static const uint8_t kern_left_class_mapping[] =
{
    0, 0, 0, 1, 0, 2, 0, 3,
    1, 4, 0, 5, 6, 7, 6, 7,
    8, 9, 10, 11, 12, 13, 14, 15,
    16, 12, 9, 17, 17, 0, 18, 19,
    20, 21, 0, 0, 0, 0, 0, 0,
    0, 0, 0, 0, 0, 0, 0, 0,
    0, 0, 0, 0, 0, 0, 0, 0,
    0, 0, 0, 0, 4, 22, 0, 5,
    23, 0, 0, 0, 0, 0, 0, 0,
    0, 0, 0, 0, 0, 0, 0, 0,
    0, 0, 0, 0, 0, 0, 0, 0,
    0, 0, 0, 0, 4, 10, 0, 6,
    0, 24, 25, 0, 0, 0, 0, 0,
    0, 21, 0, 26, 0, 27, 0, 5,
    18, 0, 0, 0, 28, 10, 29, 0,
    0, 0, 30, 0, 0, 0, 31, 0,
    0, 0, 0, 0, 0, 0, 0, 0,
    0, 0, 0, 0, 0, 0, 0, 0,
    0, 0, 0, 0, 0, 0, 32, 0,
    0, 0, 0, 0, 0, 0, 0, 0,
    0, 0, 0, 0, 0, 0, 0, 0,
    0, 0, 0, 0, 0, 0, 0, 0,
    0, 0, 0, 0, 0, 0, 6, 0,
    0, 0, 0, 0, 0, 0, 0, 33,
    0, 0, 0, 32, 7, 0, 6, 0,
    0, 0, 6, 0, 0, 18, 18, 18,
    18, 0, 0, 0, 0, 0, 0, 0,
    0, 0, 0, 0, 0, 0, 0, 0,
    0, 0, 0, 0, 0, 0, 0, 0,
    0, 0, 0, 0, 0, 0, 0, 0,
    0, 0, 0, 0, 0, 0, 0, 0,
    0, 0, 0, 0, 0, 0, 0, 0,
    0, 0, 0, 0, 0, 0, 0, 0,
    0, 0, 0, 0, 0, 0, 0, 0,
    0, 0, 0, 0, 0, 0, 0, 0,
    0, 0, 0, 0, 0, 0, 0, 0,
    0, 0, 0, 0, 0, 0, 0, 0,
    0, 0, 0, 0, 0, 0, 0, 0,
    0, 0, 0, 0, 0, 0, 0, 0,
    0, 0, 0, 0, 0, 0, 0, 0,
    0, 0, 0, 0, 0, 0, 0, 0,
    0, 0, 0, 0, 0, 0, 0, 0,
    0, 0, 0, 0
};

/*Map glyph_ids to kern right classes*/
static const uint8_t kern_right_class_mapping[] =
{
    0, 1, 2, 3, 4, 5, 0, 6,
    3, 0, 7, 8, 9, 10, 9, 10,
    11, 12, 13, 14, 15, 16, 17, 12,
    18, 19, 20, 21, 21, 22, 23, 0,
    24, 25, 0, 0, 0, 0, 0, 0,
    0, 0, 0, 0, 0, 0, 0, 0,
    0, 0, 0, 0, 0, 0, 0, 0,
    0, 0, 0, 0, 0, 26, 7, 8,
    27, 0, 0, 0, 0, 0, 0, 0,
    0, 0, 0, 0, 0, 0, 0, 0,
    0, 0, 0, 0, 0, 0, 0, 0,
    0, 0, 0, 0, 0, 28, 7, 9,
    0, 0, 29, 0, 0, 0, 0, 0,
    0, 25, 0, 30, 31, 32, 0, 8,
    23, 0, 0, 0, 0, 33, 9, 0,
    0, 0, 34, 0, 0, 0, 0, 0,
    0, 0, 0, 0, 0, 0, 0, 0,
    0, 0, 0, 0, 0, 0, 0, 0,
    0, 0, 0, 0, 0, 0, 34, 0,
    0, 0, 0, 0, 0, 0, 0, 0,
    0, 0, 0, 0, 0, 0, 0, 0,
    0, 0, 0, 0, 0, 0, 0, 0,
    0, 0, 0, 0, 0, 0, 9, 0,
    0, 0, 0, 0, 0, 0, 0, 35,
    0, 0, 0, 34, 10, 0, 0, 0,
    9, 0, 9, 0, 0, 23, 23, 23,
    23, 0, 0, 0, 0, 0, 0, 0,
    0, 0, 0, 0, 0, 0, 0, 0,
    0, 0, 0, 0, 0, 0, 0, 0,
    0, 0, 0, 0, 0, 0, 0, 0,
    0, 0, 0, 0, 0, 0, 0, 0,
    0, 0, 0, 0, 0, 0, 0, 0,
    0, 0, 0, 0, 0, 0, 0, 0,
    0, 0, 0, 0, 0, 0, 0, 0,
    0, 0, 0, 0, 0, 0, 0, 0,
    0, 0, 0, 0, 0, 0, 0, 0,
    0, 0, 0, 0, 0, 0, 0, 0,
    0, 0, 0, 0, 0, 0, 0, 0,
    0, 0, 0, 0, 0, 0, 0, 0,
    0, 0, 0, 0, 0, 0, 0, 0,
    0, 0, 0, 0, 0, 0, 0, 0,
    0, 0, 0, 0, 0, 0, 0, 0,
    0, 0, 0, 0
};

/*Kern values between classes*/
static const int8_t kern_class_values[] =
{
    0, 0, 0, 0, 0, -8, 0, 0,
    0, -19, 0, 0, 0, 0, 0, -14,
    0, 0, 0, 0, 0, 0, 0, 0,
    0, 0, 0, 0, -4, 0, 0, 0,
    0, 0, -18, 0, 0, 0, 0, 0,
    0, 0, 0, 0, 0, 0, 0, 0,
    0, 0, 0, 0, 0, 0, 0, 0,
    0, 0, 0, 0, 0, 0, 0, 0,
    0, 0, 0, 0, 0, -1, 0, 0,
    -8, 0, 0, 0, 0, 0, 0, 0,
    0, 0, 0, 0, 0, 0, 0, 0,
    0, 0, 0, 0, 0, 0, 0, -14,
    0, 0, 0, 0, 0, -5, 0, 0,
    0, 0, 0, 0, 0, 0, 0, 0,
    0, 0, 0, 0, 0, 0, 0, 0,
    0, 0, 0, 0, 0, 0, 0, 0,
    0, 0, 0, 0, 1, -2, 0, 0,
    0, 0, 0, 0, 0, 0, 0, 0,
    0, -8, 0, 0, 0, -31, 0, 0,
    0, 0, 0, -10, 0, 0, 0, 0,
    0, 0, 0, 0, -3, 0, -15, 0,
    0, 0, 0, 0, 0, 0, -19, 0,
    0, 0, 0, 0, 0, 0, 0, 0,
    0, 0, 0, 0, -7, -2, 0, 0,
    -5, 0, 0, 0, 0, 0, 0, 0,
    -11, 0, 0, 0, 0, 0, 0, -3,
    0, -8, -2, -1, -20, 0, 0, 0,
    0, 0, 0, 0, 0, -6, -20, 0,
    -6, 0, -3, -4, -5, -2, 0, 0,
    0, -20, -10, 0, 0, 0, 0, 0,
    0, 0, -11, 0, 0, 0, 0, 0,
    0, 0, 0, 0, 0, 0, -9, 0,
    0, 0, 0, 0, 0, 0, 0, 0,
    0, 0, 0, 0, 0, 0, 1, 0,
    0, 0, 0, 0, 0, 0, 0, -5,
    0, 0, 0, 0, 0, 0, 0, 0,
    0, -6, 0, 0, 0, 0, 0, 0,
    0, -4, 0, 0, 0, 0, 0, 0,
    0, -3, -10, 0, 0, 0, 0, 0,
    0, 0, 0, 0, 0, 0, 0, 0,
    0, 1, 0, 0, 0, 0, 0, 0,
    0, 0, 0, 0, 0, 0, 0, 0,
    0, 0, 0, 0, 0, 1, 0, 0,
    0, 0, 0, 0, 0, 0, 0, 0,
    0, 0, 0, 0, 0, 0, 0, 0,
    0, 0, 0, 0, 0, -3, 0, 0,
    0, 0, 0, 0, 0, 0, 0, 0,
    0, 0, 0, 0, 0, 0, 0, 0,
    0, 0, 0, 0, 0, 0, 0, 0,
    -3, 0, -5, 0, 0, 0, 0, 0,
    0, 0, 0, 0, 0, 0, 0, 0,
    0, 0, 0, 0, 0, 0, -8, 0,
    0, 0, 0, 0, 0, 0, 0, 0,
    0, 0, 0, -6, 0, -8, 0, 0,
    -6, 0, 0, 0, 0, 0, 0, 0,
    0, 0, 0, 0, 0, 0, 0, 0,
    0, 0, 0, -1, -9, 0, 0, 0,
    0, 0, 0, 0, 0, 0, 0, 0,
    -6, 0, 0, 0, 0, 0, 0, 0,
    0, 0, 0, 0, 0, 0, 0, 0,
    0, 0, 0, 0, 0, 0, -1, 0,
    0, 0, 0, 0, 0, 0, 0, 0,
    0, 0, 0, -7, 0, 0, 0, 0,
    0, 0, 0, 0, 0, 0, 0, 0,
    0, 0, 0, 0, -10, 0, 0, 0,
    0, 0, 0, 0, 0, 0, 0, 0,
    -13, 0, -10, 0, 0, 0, -28, 0,
    -3, 0, 0, -4, -13, -2, 4, -3,
    -2, -8, -20, 0, 0, 0, 0, -36,
    0, -11, -14, 0, 0, 0, 0, -24,
    0, 0, 0, 0, 0, 0, 0, 0,
    0, 0, 0, 0, 0, 0, 0, 0,
    0, 0, 0, 0, 0, 0, 0, 0,
    0, -14, 0, 0, 0, 0, 0, 0,
    0, 0, 0, 0, 0, 0, 0, 0,
    0, 0, 0, 0, 0, 0, 0, 0,
    0, 0, 0, 0, 0, 0, 0, 0,
    0, 0, 0, 0, -15, 0, 0, 0,
    0, 0, 0, 0, 0, -11, 0, 0,
    0, 0, 0, 0, 0, 0, 0, 0,
    0, 0, 0, 0, 0, 0, 0, -17,
    0, 0, 0, 0, 0, 0, 0, -17,
    0, 0, 0, 0, 0, 0, 0, 0,
    -3, 0, 0, 0, 0, 0, 0, 0,
    0, 0, 0, 0, 0, 0, 0, 0,
    0, 0, 0, 0, 0, 0, 0, 0,
    0, 0, 0, 0, 0, 0, 0, 0,
    0, 0, 0, -14, 0, 0, 0, 0,
    0, 0, 0, 0, 0, -10, -9, 0,
    0, 0, 0, 0, 0, 0, 0, 0,
    0, 0, 0, 0, 0, -8, -9, 0,
    0, 0, 0, -1, 0, 0, -8, 0,
    0, -18, 0, -1, 0, 0, -19, -8,
    0, 4, 0, -9, 0, 0, 0, 0,
    0, 0, 0, 0, -3, -11, -14, -8,
    -11, 0, 0, -2, -8, -8, -16, -11,
    -8, 3, 0, 0, 0, 0, 0, 0,
    0, -15, 0, 0, 0, -10, -24, 0,
    -10, -13, -10, 0, -10, -10, 0, 0,
    0, 0, -9, -18, 0, 8, 0, 0,
    0, 0, -10, 0, 0, 0, 0, 0,
    0, 0, 0, 0, 0, 0, 0, 0,
    0, 0, 0, 0, 0, 0, 0, 0,
    0, 0, 0, 0, 0, 0, -8, 0,
    0, 0, 0, 0, 0, 0, 0, 0,
    0, 0, -4, 0, 0, 0, -3, 0,
    0, 0, 0, 0, -8, 0, 0, 0,
    0, 0, 0, 0, 0, 0, 0, 0,
    0, -12, 0, 0, 0, 0, 0, -3,
    0, 0, -8, 0, 0, 0, 0, 0,
    0, 0, 0, 0, 0, 0, 0, 0,
    0, 0, 0, 0, 0, 0, 0, 0,
    0, 0, 0, 0, 0, 0, 0, 0,
    0, 0, 0, 0, 0, -8, 0, 0,
    0, 0, 0, -8, 0, 0, 0, 0,
    0, 0, 0, 0, 0, -11, 0, 0,
    0, 0, 0, 0, 0, 0, -1, 0,
    0, 0, -6, 0, 0, 0, 0, 0,
    -16, 0, 0, 0, 0, 0, 0, 0,
    0, -9, 0, -8, 0, 0, 0, 0,
    0, 0, 0, 0, 0, 0, -9, 0,
    0, 0, 0, -8, 0, 0, 0, -8,
    0, 0, 0, 0, 0, 0, 0, 0,
    0, 0, 0, 0, 0, 0, 0, 0,
    0, -7, -2, 0, 0, -5, 0, 0,
    0, 0, 0, 0, 0, -9, 0, 0,
    0, 0, 0, 0, -3, 0, -8, 0,
    0, 0, 0, 0, 0, 0, 0, 0,
    0, 0, 0, -9, -11, -10, 0, 0,
    -11, -8, 0, 0, 0, 0, 0, 0,
    -14, 0, 0, 0, 0, 0, 0, 0,
    0, -8, 0, 0, 0, 0, 0, 0,
    0, 0, 0, 0, 0, 0, 0, 0,
    0, 0, 0, 0, 0, 0, 0, 0,
    0, 0, 0, -20, 0, 0, 0, 0,
    0, 0, 0, 0, 0, 0, 0, 0,
    0, 0, 0, 0, 0, 0, 0, 0,
    0, 0, 0, 0, 0, 0, 0, 0,
    0, 0, 0, 0, 0, 0, -9, 0,
    0, 0, 0, 0, 0, 0, 0, -8,
    0, 0, -18, 0, -1, 0, 0, -19,
    -8, 0, 4, 0, -9, 0, 0, 0,
    0, 0, 0, 0, 0, -3, -11, -14,
    -8, -16, 0, 0, -2, -8, -8, -16,
    -11, -8, 3
};


/*Collect the kern class' data in one place*/
static const lv_font_fmt_txt_kern_classes_t kern_classes =
{
    .class_pair_values   = kern_class_values,
    .left_class_mapping  = kern_left_class_mapping,
    .right_class_mapping = kern_right_class_mapping,
    .left_class_cnt      = 33,
    .right_class_cnt     = 35,
};

/*--------------------
 *  ALL CUSTOM DATA
 *--------------------*/

#if LVGL_VERSION_MAJOR == 8
/*Store all the custom data of the font*/
static  lv_font_fmt_txt_glyph_cache_t cache;
#endif

#if LVGL_VERSION_MAJOR >= 8
static const lv_font_fmt_txt_dsc_t font_dsc = {
#else
static lv_font_fmt_txt_dsc_t font_dsc = {
#endif
    .glyph_bitmap = glyph_bitmap,
    .glyph_dsc = glyph_dsc,
    .cmaps = cmaps,
    .kern_dsc = &kern_classes,
    .kern_scale = 16,
    .cmap_num = 4,
    .bpp = 4,
    .kern_classes = 1,
    .bitmap_format = 0,
#if LVGL_VERSION_MAJOR == 8
    .cache = &cache
#endif
};



/*-----------------
 *  PUBLIC FONT
 *----------------*/

/*Initialize a public general font descriptor*/
#if LVGL_VERSION_MAJOR >= 8
const lv_font_t aos_inter_14 = {
#else
lv_font_t aos_inter_14 = {
#endif
    .get_glyph_dsc = lv_font_get_glyph_dsc_fmt_txt,    /*Function pointer to get glyph's data*/
    .get_glyph_bitmap = lv_font_get_bitmap_fmt_txt,    /*Function pointer to get glyph's bitmap*/
    .line_height = 18,          /*The maximum line height required by the font*/
    .base_line = 3,             /*Baseline measured from the bottom of the line*/
#if !(LVGL_VERSION_MAJOR == 6 && LVGL_VERSION_MINOR == 0)
    .subpx = LV_FONT_SUBPX_NONE,
#endif
#if LV_VERSION_CHECK(7, 4, 0) || LVGL_VERSION_MAJOR >= 8
    .underline_position = -2,
    .underline_thickness = 1,
#endif
    .dsc = &font_dsc,          /*The custom font data. Will be accessed by `get_glyph_bitmap/dsc` */
#if LV_VERSION_CHECK(8, 2, 0) || LVGL_VERSION_MAJOR >= 9
    .fallback = NULL,
#endif
    .user_data = NULL,
};



#endif /*#if AOS_INTER_14*/

