/*******************************************************************************
 * Size: 20 px
 * Bpp: 4
 * Opts: --no-compress --no-prefilter --bpp 4 --size 20 --font Inter-Medium.ttf -r 0x20-0x7F,0xA0-0xFF,0x2022,0x2026,0x20AC,0x394,0x3A9,0x3BC,0x3C0,0x2190-0x2193,0x2212,0x221A,0x221E,0x2248,0x2260,0x2264,0x2265,0x2010-0x205E,0x100-0x17F,0x218-0x21B,0x370-0x3FF,0x2070-0x209F,0x20A0-0x20C0,0x2100-0x218F,0x2194-0x21FF,0x2200-0x22FF,0x2300-0x23FF,0x25A0-0x25FF,0x2600-0x27BF --font FontAwesome5-Solid+Brands+Regular.woff -r 61441,61444,61445,61448,61451,61452,61453,61457,61459,61461,61463,61465,61468,61473,61478,61479,61480,61488,61502,61507,61512,61515,61516,61517,61521,61522,61523,61524,61543,61544,61547,61549,61550,61552,61553,61554,61556,61559,61560,61561,61562,61563,61585,61587,61589,61604,61606,61634,61636,61637,61639,61641,61664,61671,61673,61674,61683,61684,61692,61720,61721,61722,61724,61732,61749,61787,61796,61797,61829,61830,61881,61883,61922,61923,61931,61949,62006,62016,62017,62018,62019,62020,62043,62087,62099,62172,62183,62189,62206,62212,62373,62405,62539,62658,62680,62682,62796,62806,62810,62823,62841,62842,62847,62848,62850,62851,62852,62854,62855,62856,62857,62859,62860,62870,62875,62884,62885,62899,62900,62904,62914,62920,63108,63166,63187,63202,63244,63391,63401,63426,63650 --format lvgl -o aos_inter_20.c --force-fast-kern-format
 ******************************************************************************/

#include "lvgl.h"
#ifndef AOS_INTER_20
#define AOS_INTER_20 1
#endif

#if AOS_INTER_20

/*-----------------
 *    BITMAPS
 *----------------*/

/*Store the image of the glyphs*/
static LV_ATTRIBUTE_LARGE_CONST const uint8_t glyph_bitmap[] = {
    /* U+0020 " " */

    /* U+0021 "!" */
    0x2f, 0xf3, 0x2f, 0xf3, 0x1f, 0xf3, 0x1f, 0xf2,
    0x1f, 0xf2, 0x1f, 0xf2, 0xf, 0xf2, 0xf, 0xf1,
    0xf, 0xf1, 0xd, 0xd1, 0x0, 0x0, 0xa, 0xb1,
    0x5f, 0xf7, 0x1d, 0xe2,

    /* U+0022 "\"" */
    0xff, 0x35, 0xfd, 0xef, 0x24, 0xfc, 0xef, 0x13,
    0xfc, 0xdf, 0x13, 0xfb, 0xcf, 0x2, 0xfa, 0x8a,
    0x1, 0xb7,

    /* U+0023 "#" */
    0x0, 0x0, 0xfc, 0x0, 0xd, 0xe0, 0x0, 0x0,
    0x2f, 0x80, 0x0, 0xfa, 0x0, 0x0, 0x6, 0xf5,
    0x0, 0x4f, 0x70, 0x0, 0xaf, 0xff, 0xff, 0xff,
    0xff, 0xf6, 0x9, 0xbf, 0xfb, 0xbb, 0xef, 0xbb,
    0x20, 0x0, 0xed, 0x0, 0xc, 0xf0, 0x0, 0x0,
    0xf, 0xb0, 0x0, 0xec, 0x0, 0x0, 0x2, 0xf8,
    0x0, 0x1f, 0xa0, 0x0, 0x5b, 0xcf, 0xdb, 0xbc,
    0xfd, 0xb6, 0x9, 0xff, 0xff, 0xff, 0xff, 0xff,
    0x60, 0x0, 0xaf, 0x0, 0x9, 0xf2, 0x0, 0x0,
    0xd, 0xe0, 0x0, 0xbf, 0x0, 0x0, 0x0, 0xfb,
    0x0, 0xe, 0xd0, 0x0, 0x0, 0x2f, 0x90, 0x0,
    0xfb, 0x0, 0x0,

    /* U+0024 "$" */
    0x0, 0x0, 0x9, 0x0, 0x0, 0x0, 0x0, 0x1,
    0xf1, 0x0, 0x0, 0x0, 0x0, 0x1f, 0x10, 0x0,
    0x0, 0x4, 0xbf, 0xff, 0xc6, 0x0, 0x9, 0xff,
    0xef, 0xef, 0xfb, 0x3, 0xff, 0x51, 0xf1, 0x4f,
    0xf6, 0x8f, 0xb0, 0x1f, 0x10, 0x7b, 0x77, 0xfd,
    0x1, 0xf1, 0x0, 0x0, 0x2f, 0xfd, 0x7f, 0x10,
    0x0, 0x0, 0x3d, 0xff, 0xfd, 0x82, 0x0, 0x0,
    0x4, 0xaf, 0xff, 0xf8, 0x0, 0x0, 0x1, 0xf3,
    0x8f, 0xf6, 0x0, 0x0, 0x1f, 0x10, 0x7f, 0xdd,
    0xf6, 0x1, 0xf1, 0x6, 0xfd, 0x9f, 0xe3, 0x1f,
    0x13, 0xef, 0x91, 0xdf, 0xfe, 0xfe, 0xff, 0xd1,
    0x1, 0x8d, 0xff, 0xfd, 0x81, 0x0, 0x0, 0x1,
    0xf1, 0x0, 0x0, 0x0, 0x0, 0x1f, 0x10, 0x0,
    0x0,

    /* U+0025 "%" */
    0x9, 0xef, 0xa1, 0x0, 0x0, 0x5, 0xf6, 0x0,
    0x9f, 0x98, 0xfb, 0x0, 0x0, 0x2f, 0xb0, 0x0,
    0xdd, 0x0, 0xbf, 0x0, 0x0, 0xce, 0x10, 0x0,
    0xec, 0x0, 0xaf, 0x0, 0x8, 0xf4, 0x0, 0x0,
    0xbf, 0x43, 0xed, 0x0, 0x3f, 0x80, 0x0, 0x0,
    0x2e, 0xff, 0xf3, 0x0, 0xdc, 0x0, 0x0, 0x0,
    0x0, 0x34, 0x0, 0xa, 0xf2, 0x0, 0x10, 0x0,
    0x0, 0x0, 0x0, 0x5f, 0x60, 0x2c, 0xff, 0x90,
    0x0, 0x0, 0x2, 0xfb, 0x0, 0xcf, 0x69, 0xf6,
    0x0, 0x0, 0xc, 0xe1, 0x1, 0xf9, 0x0, 0xfb,
    0x0, 0x0, 0x8f, 0x40, 0x2, 0xf8, 0x0, 0xec,
    0x0, 0x3, 0xf8, 0x0, 0x1, 0xf9, 0x0, 0xfa,
    0x0, 0xd, 0xc0, 0x0, 0x0, 0xbf, 0x8b, 0xf5,
    0x0, 0xaf, 0x20, 0x0, 0x0, 0x1b, 0xfe, 0x70,

    /* U+0026 "&" */
    0x0, 0x5, 0xcf, 0xeb, 0x20, 0x0, 0x0, 0x5,
    0xff, 0xde, 0xfe, 0x10, 0x0, 0x0, 0xcf, 0x80,
    0xc, 0xf6, 0x0, 0x0, 0xc, 0xf3, 0x0, 0x9f,
    0x50, 0x0, 0x0, 0x7f, 0x80, 0x3e, 0xd0, 0x0,
    0x0, 0x0, 0xcf, 0x8f, 0xc1, 0x0, 0x0, 0x0,
    0xa, 0xff, 0xc0, 0x0, 0x0, 0x0, 0x1c, 0xfc,
    0xef, 0x70, 0xc, 0xc0, 0xa, 0xfb, 0x3, 0xff,
    0x52, 0xfd, 0x0, 0xff, 0x30, 0x4, 0xff, 0xaf,
    0xa0, 0xf, 0xf3, 0x0, 0x7, 0xff, 0xf3, 0x0,
    0xcf, 0xb1, 0x0, 0x5f, 0xfe, 0x0, 0x2, 0xff,
    0xfd, 0xff, 0xfe, 0xfa, 0x0, 0x1, 0x9e, 0xfe,
    0xb4, 0x1e, 0xf7,

    /* U+0027 "'" */
    0xff, 0x3e, 0xf2, 0xef, 0x1d, 0xf1, 0xcf, 0x8,
    0xa0,

    /* U+0028 "(" */
    0x0, 0x0, 0x10, 0x0, 0xc, 0xf4, 0x0, 0x4f,
    0xe0, 0x0, 0xbf, 0x80, 0x0, 0xff, 0x20, 0x4,
    0xfe, 0x0, 0x8, 0xfa, 0x0, 0xc, 0xf6, 0x0,
    0xe, 0xf4, 0x0, 0xf, 0xf3, 0x0, 0xf, 0xf2,
    0x0, 0xf, 0xf3, 0x0, 0xd, 0xf5, 0x0, 0xa,
    0xf8, 0x0, 0x7, 0xfc, 0x0, 0x1, 0xff, 0x10,
    0x0, 0xbf, 0x70, 0x0, 0x4f, 0xd0, 0x0, 0xc,
    0xf5,

    /* U+0029 ")" */
    0x1, 0x0, 0x0, 0xe, 0xf3, 0x0, 0x8, 0xfa,
    0x0, 0x2, 0xff, 0x10, 0x0, 0xcf, 0x60, 0x0,
    0x8f, 0xa0, 0x0, 0x4f, 0xe0, 0x0, 0x1f, 0xf2,
    0x0, 0xe, 0xf4, 0x0, 0xd, 0xf5, 0x0, 0xc,
    0xf6, 0x0, 0xe, 0xf5, 0x0, 0xf, 0xf3, 0x0,
    0x2f, 0xf0, 0x0, 0x6f, 0xc0, 0x0, 0xbf, 0x70,
    0x1, 0xff, 0x10, 0x7, 0xfa, 0x0, 0xe, 0xf2,
    0x0,

    /* U+002A "*" */
    0x0, 0x8, 0xf0, 0x0, 0x1, 0x50, 0x8e, 0x2,
    0x50, 0x8f, 0xb9, 0xe7, 0xfe, 0x0, 0x5d, 0xff,
    0xf8, 0x10, 0x3, 0xbf, 0xfe, 0x60, 0x7, 0xfd,
    0xae, 0x9f, 0xd0, 0x28, 0x7, 0xe0, 0x36, 0x0,
    0x0, 0x8f, 0x0, 0x0, 0x0, 0x1, 0x20, 0x0,
    0x0,

    /* U+002B "+" */
    0x0, 0x0, 0x4f, 0xa0, 0x0, 0x0, 0x0, 0x4,
    0xfa, 0x0, 0x0, 0x0, 0x0, 0x4f, 0xa0, 0x0,
    0x0, 0x0, 0x4, 0xfa, 0x0, 0x0, 0x2f, 0xff,
    0xff, 0xff, 0xff, 0x71, 0xdd, 0xdd, 0xfe, 0xdd,
    0xd6, 0x0, 0x0, 0x4f, 0xa0, 0x0, 0x0, 0x0,
    0x4, 0xfa, 0x0, 0x0, 0x0, 0x0, 0x4f, 0xa0,
    0x0, 0x0, 0x0, 0x2, 0x95, 0x0, 0x0,

    /* U+002C "," */
    0xa, 0xb3, 0x1f, 0xf1, 0x4f, 0xc0, 0x6f, 0x70,
    0x8f, 0x30, 0xbe, 0x0,

    /* U+002D "-" */
    0x8d, 0xdd, 0xdd, 0xb9, 0xff, 0xff, 0xfd,

    /* U+002E "." */
    0xb, 0xb1, 0x5f, 0xf6, 0x1d, 0xd2,

    /* U+002F "/" */
    0x0, 0x0, 0x7, 0x70, 0x0, 0x3, 0xfb, 0x0,
    0x0, 0x7f, 0x70, 0x0, 0xb, 0xf3, 0x0, 0x0,
    0xfe, 0x0, 0x0, 0x4f, 0xa0, 0x0, 0x8, 0xf6,
    0x0, 0x0, 0xcf, 0x10, 0x0, 0x1f, 0xd0, 0x0,
    0x5, 0xf9, 0x0, 0x0, 0x9f, 0x50, 0x0, 0xd,
    0xf1, 0x0, 0x2, 0xfc, 0x0, 0x0, 0x6f, 0x80,
    0x0, 0xa, 0xf3, 0x0, 0x0, 0xef, 0x0, 0x0,
    0x3f, 0xb0, 0x0, 0x7, 0xf7, 0x0, 0x0,

    /* U+0030 "0" */
    0x0, 0x2a, 0xef, 0xe9, 0x10, 0x0, 0x3f, 0xff,
    0xef, 0xfe, 0x20, 0xd, 0xfb, 0x10, 0x1c, 0xfc,
    0x5, 0xfe, 0x0, 0x0, 0x1f, 0xf3, 0x9f, 0x90,
    0x0, 0x0, 0xbf, 0x8c, 0xf6, 0x0, 0x0, 0x8,
    0xfb, 0xdf, 0x50, 0x0, 0x0, 0x6f, 0xcd, 0xf5,
    0x0, 0x0, 0x6, 0xfc, 0xcf, 0x60, 0x0, 0x0,
    0x8f, 0xba, 0xf9, 0x0, 0x0, 0xb, 0xf8, 0x5f,
    0xe0, 0x0, 0x1, 0xff, 0x40, 0xdf, 0xb1, 0x2,
    0xcf, 0xc0, 0x3, 0xff, 0xfe, 0xff, 0xe2, 0x0,
    0x2, 0xae, 0xfe, 0x91, 0x0,

    /* U+0031 "1" */
    0x0, 0x9, 0xff, 0xb0, 0x3d, 0xff, 0xfb, 0x1f,
    0xf9, 0x8f, 0xb1, 0xe4, 0x8, 0xfb, 0x1, 0x0,
    0x8f, 0xb0, 0x0, 0x8, 0xfb, 0x0, 0x0, 0x8f,
    0xb0, 0x0, 0x8, 0xfb, 0x0, 0x0, 0x8f, 0xb0,
    0x0, 0x8, 0xfb, 0x0, 0x0, 0x8f, 0xb0, 0x0,
    0x8, 0xfb, 0x0, 0x0, 0x8f, 0xb0, 0x0, 0x8,
    0xfb,

    /* U+0032 "2" */
    0x0, 0x5b, 0xef, 0xd7, 0x0, 0x0, 0x8f, 0xfe,
    0xef, 0xfc, 0x0, 0x3f, 0xf5, 0x0, 0x3e, 0xf7,
    0x8, 0xfa, 0x0, 0x0, 0x7f, 0xb0, 0x24, 0x20,
    0x0, 0x6, 0xfb, 0x0, 0x0, 0x0, 0x0, 0xcf,
    0x60, 0x0, 0x0, 0x0, 0x9f, 0xd0, 0x0, 0x0,
    0x0, 0x8f, 0xe2, 0x0, 0x0, 0x0, 0x9f, 0xe2,
    0x0, 0x0, 0x0, 0x9f, 0xe2, 0x0, 0x0, 0x0,
    0xaf, 0xe2, 0x0, 0x0, 0x0, 0xaf, 0xe2, 0x0,
    0x0, 0x0, 0x8f, 0xff, 0xff, 0xff, 0xff, 0x9,
    0xff, 0xff, 0xff, 0xff, 0xf0,

    /* U+0033 "3" */
    0x0, 0x5b, 0xef, 0xe9, 0x20, 0x0, 0xaf, 0xfe,
    0xef, 0xff, 0x30, 0x5f, 0xe4, 0x0, 0x1b, 0xfb,
    0x3, 0x64, 0x0, 0x0, 0x5f, 0xd0, 0x0, 0x0,
    0x0, 0x1b, 0xf8, 0x0, 0x0, 0x2c, 0xdf, 0xe8,
    0x0, 0x0, 0x3, 0xff, 0xfe, 0x80, 0x0, 0x0,
    0x0, 0x14, 0xdf, 0xb0, 0x0, 0x0, 0x0, 0x2,
    0xff, 0x31, 0x10, 0x0, 0x0, 0xd, 0xf6, 0xcf,
    0x90, 0x0, 0x1, 0xff, 0x56, 0xff, 0x60, 0x2,
    0xbf, 0xe0, 0xb, 0xff, 0xfe, 0xff, 0xf4, 0x0,
    0x5, 0xbe, 0xfd, 0x91, 0x0,

    /* U+0034 "4" */
    0x0, 0x0, 0x0, 0xef, 0xf2, 0x0, 0x0, 0x0,
    0xa, 0xff, 0xf2, 0x0, 0x0, 0x0, 0x5f, 0xdf,
    0xf2, 0x0, 0x0, 0x1, 0xef, 0x3f, 0xf2, 0x0,
    0x0, 0xa, 0xf8, 0xf, 0xf2, 0x0, 0x0, 0x5f,
    0xd0, 0xf, 0xf2, 0x0, 0x1, 0xef, 0x30, 0xf,
    0xf2, 0x0, 0xb, 0xf8, 0x0, 0xf, 0xf2, 0x0,
    0x6f, 0xd0, 0x0, 0xf, 0xf2, 0x0, 0xef, 0xfe,
    0xee, 0xef, 0xfe, 0xe0, 0xef, 0xff, 0xff, 0xff,
    0xff, 0xf0, 0x0, 0x0, 0x0, 0xf, 0xf2, 0x0,
    0x0, 0x0, 0x0, 0xf, 0xf2, 0x0, 0x0, 0x0,
    0x0, 0xf, 0xf2, 0x0,

    /* U+0035 "5" */
    0xd, 0xff, 0xff, 0xff, 0xf3, 0xf, 0xfe, 0xee,
    0xee, 0xe3, 0x1f, 0xf0, 0x0, 0x0, 0x0, 0x3f,
    0xd0, 0x0, 0x0, 0x0, 0x5f, 0xb6, 0xbc, 0xa3,
    0x0, 0x7f, 0xff, 0xff, 0xff, 0x70, 0x5b, 0xb4,
    0x11, 0x8f, 0xf4, 0x0, 0x0, 0x0, 0xa, 0xfb,
    0x0, 0x0, 0x0, 0x4, 0xfe, 0x0, 0x0, 0x0,
    0x4, 0xfe, 0xcf, 0x70, 0x0, 0x8, 0xfb, 0x7f,
    0xf4, 0x0, 0x6f, 0xf5, 0xc, 0xff, 0xef, 0xff,
    0x90, 0x0, 0x7c, 0xfe, 0xc5, 0x0,

    /* U+0036 "6" */
    0x0, 0x18, 0xdf, 0xeb, 0x30, 0x0, 0x1d, 0xff,
    0xff, 0xff, 0x60, 0xb, 0xfb, 0x20, 0x18, 0xff,
    0x13, 0xfe, 0x0, 0x0, 0x5, 0x51, 0x8f, 0x71,
    0x8b, 0xb7, 0x10, 0xb, 0xf7, 0xef, 0xff, 0xfe,
    0x20, 0xdf, 0xfc, 0x30, 0x3d, 0xfd, 0xd, 0xfe,
    0x10, 0x0, 0x1f, 0xf4, 0xdf, 0x90, 0x0, 0x0,
    0xbf, 0x7b, 0xf9, 0x0, 0x0, 0xb, 0xf7, 0x7f,
    0xd0, 0x0, 0x1, 0xff, 0x41, 0xef, 0xa1, 0x1,
    0xbf, 0xd0, 0x4, 0xff, 0xfe, 0xff, 0xe2, 0x0,
    0x2, 0xae, 0xfe, 0x91, 0x0,

    /* U+0037 "7" */
    0x2f, 0xff, 0xff, 0xff, 0xff, 0x81, 0xff, 0xff,
    0xff, 0xff, 0xf8, 0x0, 0x0, 0x0, 0x1, 0xff,
    0x40, 0x0, 0x0, 0x0, 0x9f, 0xb0, 0x0, 0x0,
    0x0, 0x2f, 0xf3, 0x0, 0x0, 0x0, 0xa, 0xfa,
    0x0, 0x0, 0x0, 0x3, 0xff, 0x20, 0x0, 0x0,
    0x0, 0xbf, 0x90, 0x0, 0x0, 0x0, 0x3f, 0xf1,
    0x0, 0x0, 0x0, 0xc, 0xf9, 0x0, 0x0, 0x0,
    0x4, 0xff, 0x10, 0x0, 0x0, 0x0, 0xcf, 0x80,
    0x0, 0x0, 0x0, 0x5f, 0xe0, 0x0, 0x0, 0x0,
    0xd, 0xf7, 0x0, 0x0, 0x0,

    /* U+0038 "8" */
    0x0, 0x6c, 0xef, 0xe9, 0x20, 0x0, 0xaf, 0xfe,
    0xdf, 0xff, 0x30, 0x3f, 0xf5, 0x0, 0x1b, 0xfc,
    0x5, 0xfd, 0x0, 0x0, 0x4f, 0xe0, 0x1e, 0xf4,
    0x0, 0xa, 0xf9, 0x0, 0x3c, 0xfd, 0xcf, 0xf9,
    0x0, 0x3, 0xcf, 0xff, 0xff, 0x90, 0x2, 0xff,
    0x92, 0x4, 0xdf, 0xb0, 0xaf, 0xa0, 0x0, 0x2,
    0xff, 0x3d, 0xf6, 0x0, 0x0, 0xd, 0xf7, 0xcf,
    0x80, 0x0, 0x0, 0xef, 0x67, 0xff, 0x40, 0x0,
    0xaf, 0xf1, 0xb, 0xff, 0xed, 0xff, 0xf5, 0x0,
    0x6, 0xce, 0xfe, 0x92, 0x0,

    /* U+0039 "9" */
    0x0, 0x5b, 0xef, 0xd7, 0x0, 0x0, 0xaf, 0xff,
    0xef, 0xfc, 0x0, 0x6f, 0xf6, 0x0, 0x2d, 0xf9,
    0xc, 0xf8, 0x0, 0x0, 0x2f, 0xf1, 0xdf, 0x50,
    0x0, 0x0, 0xff, 0x4b, 0xf8, 0x0, 0x0, 0x3f,
    0xf6, 0x5f, 0xf7, 0x10, 0x5e, 0xff, 0x70, 0x9f,
    0xff, 0xff, 0xba, 0xf6, 0x0, 0x4a, 0xcb, 0x50,
    0xcf, 0x50, 0x0, 0x0, 0x0, 0xf, 0xf1, 0xaf,
    0xa0, 0x0, 0x7, 0xfd, 0x4, 0xff, 0x60, 0x6,
    0xff, 0x40, 0x9, 0xff, 0xff, 0xff, 0x80, 0x0,
    0x5, 0xcf, 0xec, 0x50, 0x0,

    /* U+003A ":" */
    0xb, 0xb1, 0x5f, 0xf6, 0x1d, 0xd2, 0x0, 0x0,
    0x0, 0x0, 0x0, 0x0, 0x0, 0x0, 0x0, 0x0,
    0xb, 0xb1, 0x5f, 0xf6, 0x1d, 0xd2,

    /* U+003B ";" */
    0xb, 0xe5, 0x1f, 0xfa, 0x9, 0xc3, 0x0, 0x0,
    0x0, 0x0, 0x0, 0x0, 0x0, 0x0, 0x0, 0x0,
    0xa, 0xb3, 0x1f, 0xf1, 0x4f, 0xc0, 0x6f, 0x70,
    0x8f, 0x30, 0xbe, 0x0,

    /* U+003C "<" */
    0x0, 0x0, 0x0, 0x0, 0x0, 0x0, 0x0, 0x0,
    0x0, 0x4, 0xc2, 0x0, 0x0, 0x0, 0x4c, 0xff,
    0x20, 0x0, 0x5, 0xdf, 0xfd, 0x60, 0x0, 0x6d,
    0xff, 0xc5, 0x0, 0x3, 0xef, 0xfb, 0x30, 0x0,
    0x0, 0x5f, 0xfa, 0x10, 0x0, 0x0, 0x0, 0x8e,
    0xff, 0x92, 0x0, 0x0, 0x0, 0x7, 0xef, 0xfb,
    0x40, 0x0, 0x0, 0x0, 0x6e, 0xff, 0xd1, 0x0,
    0x0, 0x0, 0x6, 0xdf, 0x20, 0x0, 0x0, 0x0,
    0x0, 0x51,

    /* U+003D "=" */
    0xef, 0xff, 0xff, 0xff, 0xf3, 0xce, 0xee, 0xee,
    0xee, 0xe3, 0x0, 0x0, 0x0, 0x0, 0x0, 0x0,
    0x0, 0x0, 0x0, 0x0, 0xce, 0xee, 0xee, 0xee,
    0xe3, 0xef, 0xff, 0xff, 0xff, 0xf3,

    /* U+003E ">" */
    0x0, 0x0, 0x0, 0x0, 0x0, 0xb6, 0x0, 0x0,
    0x0, 0x0, 0xcf, 0xe7, 0x0, 0x0, 0x0, 0x4b,
    0xff, 0xe8, 0x10, 0x0, 0x0, 0x29, 0xff, 0xf8,
    0x10, 0x0, 0x0, 0x18, 0xef, 0xf7, 0x0, 0x0,
    0x0, 0x6f, 0xfa, 0x0, 0x0, 0x7e, 0xff, 0xa2,
    0x2, 0x8f, 0xff, 0xa2, 0x0, 0x9f, 0xff, 0x92,
    0x0, 0x0, 0xcf, 0x81, 0x0, 0x0, 0x0, 0x51,
    0x0, 0x0, 0x0, 0x0,

    /* U+003F "?" */
    0x0, 0x4b, 0xef, 0xd8, 0x0, 0x5, 0xff, 0xed,
    0xff, 0xc0, 0xe, 0xf8, 0x0, 0x3f, 0xf5, 0x1c,
    0xc0, 0x0, 0xb, 0xf8, 0x0, 0x0, 0x0, 0xd,
    0xf6, 0x0, 0x0, 0x1, 0xbf, 0xe1, 0x0, 0x0,
    0x3e, 0xfc, 0x20, 0x0, 0x0, 0xef, 0x90, 0x0,
    0x0, 0x2, 0xfe, 0x0, 0x0, 0x0, 0x2, 0x98,
    0x0, 0x0, 0x0, 0x0, 0x0, 0x0, 0x0, 0x0,
    0x2, 0xc9, 0x0, 0x0, 0x0, 0x9, 0xff, 0x30,
    0x0, 0x0, 0x4, 0xec, 0x0, 0x0,

    /* U+0040 "@" */
    0x0, 0x0, 0x16, 0xbe, 0xff, 0xeb, 0x60, 0x0,
    0x0, 0x0, 0x5, 0xff, 0xfd, 0xbb, 0xdf, 0xfe,
    0x40, 0x0, 0x0, 0x8f, 0xf7, 0x10, 0x0, 0x1,
    0x7f, 0xf6, 0x0, 0x5, 0xfe, 0x20, 0x0, 0x0,
    0x0, 0x2, 0xef, 0x30, 0xe, 0xf4, 0x0, 0x28,
    0xa8, 0x29, 0x90, 0x4f, 0xb0, 0x5f, 0xb0, 0x4,
    0xff, 0xff, 0xff, 0xd0, 0xc, 0xf2, 0xaf, 0x50,
    0xe, 0xf5, 0x2, 0xbf, 0xd0, 0x7, 0xf6, 0xcf,
    0x20, 0x5f, 0x80, 0x0, 0x1f, 0xd0, 0x5, 0xf8,
    0xdf, 0x10, 0x8f, 0x30, 0x0, 0xe, 0xd0, 0x4,
    0xf8, 0xdf, 0x0, 0x8f, 0x30, 0x0, 0xe, 0xd0,
    0x5, 0xf7, 0xcf, 0x20, 0x6f, 0x60, 0x0, 0xf,
    0xd0, 0x6, 0xf5, 0xaf, 0x50, 0x2f, 0xc0, 0x0,
    0x7f, 0xe0, 0xb, 0xf1, 0x6f, 0xa0, 0x9, 0xfd,
    0x9b, 0xfc, 0xfb, 0xaf, 0xa0, 0xe, 0xf3, 0x0,
    0x7d, 0xfd, 0x41, 0xaf, 0xe9, 0x0, 0x7, 0xfd,
    0x20, 0x0, 0x0, 0x0, 0x0, 0x0, 0x0, 0x0,
    0xaf, 0xf7, 0x10, 0x0, 0x0, 0x21, 0x0, 0x0,
    0x0, 0x7, 0xff, 0xfd, 0xbb, 0xce, 0xf7, 0x0,
    0x0, 0x0, 0x0, 0x17, 0xbe, 0xff, 0xec, 0x83,
    0x0, 0x0,

    /* U+0041 "A" */
    0x0, 0x0, 0x8, 0xff, 0x90, 0x0, 0x0, 0x0,
    0x0, 0xe, 0xff, 0xe0, 0x0, 0x0, 0x0, 0x0,
    0x4f, 0xcb, 0xf5, 0x0, 0x0, 0x0, 0x0, 0x9f,
    0x76, 0xfb, 0x0, 0x0, 0x0, 0x0, 0xff, 0x21,
    0xff, 0x10, 0x0, 0x0, 0x5, 0xfc, 0x0, 0xbf,
    0x70, 0x0, 0x0, 0xb, 0xf7, 0x0, 0x5f, 0xd0,
    0x0, 0x0, 0x1f, 0xf1, 0x0, 0xe, 0xf3, 0x0,
    0x0, 0x7f, 0xfd, 0xdd, 0xdf, 0xf9, 0x0, 0x0,
    0xdf, 0xff, 0xff, 0xff, 0xff, 0x0, 0x3, 0xff,
    0x10, 0x0, 0x0, 0xef, 0x50, 0x9, 0xfb, 0x0,
    0x0, 0x0, 0x9f, 0xb0, 0xe, 0xf6, 0x0, 0x0,
    0x0, 0x3f, 0xf2, 0x5f, 0xf1, 0x0, 0x0, 0x0,
    0xe, 0xf7,

    /* U+0042 "B" */
    0x6f, 0xff, 0xff, 0xfd, 0x70, 0x0, 0x6f, 0xfe,
    0xee, 0xff, 0xfc, 0x0, 0x6f, 0xd0, 0x0, 0x5,
    0xff, 0x50, 0x6f, 0xd0, 0x0, 0x0, 0xbf, 0x80,
    0x6f, 0xd0, 0x0, 0x0, 0xcf, 0x60, 0x6f, 0xd0,
    0x0, 0x19, 0xfd, 0x0, 0x6f, 0xff, 0xff, 0xff,
    0xa0, 0x0, 0x6f, 0xfb, 0xbb, 0xcf, 0xfc, 0x10,
    0x6f, 0xd0, 0x0, 0x1, 0xcf, 0xb0, 0x6f, 0xd0,
    0x0, 0x0, 0x3f, 0xf0, 0x6f, 0xd0, 0x0, 0x0,
    0x3f, 0xf1, 0x6f, 0xd0, 0x0, 0x2, 0xcf, 0xd0,
    0x6f, 0xfe, 0xee, 0xff, 0xff, 0x40, 0x6f, 0xff,
    0xff, 0xfe, 0xa3, 0x0,

    /* U+0043 "C" */
    0x0, 0x3, 0xad, 0xfe, 0xb6, 0x0, 0x0, 0x8,
    0xff, 0xff, 0xff, 0xfc, 0x10, 0x8, 0xff, 0x93,
    0x2, 0x6e, 0xfc, 0x2, 0xff, 0x70, 0x0, 0x0,
    0x2f, 0xf4, 0x8f, 0xd0, 0x0, 0x0, 0x0, 0x7a,
    0x5b, 0xf7, 0x0, 0x0, 0x0, 0x0, 0x0, 0xdf,
    0x50, 0x0, 0x0, 0x0, 0x0, 0xd, 0xf5, 0x0,
    0x0, 0x0, 0x0, 0x0, 0xbf, 0x70, 0x0, 0x0,
    0x0, 0x0, 0x8, 0xfc, 0x0, 0x0, 0x0, 0x7,
    0xa5, 0x2f, 0xf6, 0x0, 0x0, 0x2, 0xff, 0x40,
    0x8f, 0xf9, 0x30, 0x26, 0xef, 0xc0, 0x0, 0x8f,
    0xff, 0xff, 0xff, 0xc1, 0x0, 0x0, 0x3a, 0xdf,
    0xeb, 0x60, 0x0,

    /* U+0044 "D" */
    0x6f, 0xff, 0xff, 0xec, 0x60, 0x0, 0x6, 0xff,
    0xff, 0xff, 0xff, 0xd2, 0x0, 0x6f, 0xd0, 0x0,
    0x5, 0xdf, 0xe1, 0x6, 0xfd, 0x0, 0x0, 0x0,
    0xdf, 0x90, 0x6f, 0xd0, 0x0, 0x0, 0x4, 0xfe,
    0x6, 0xfd, 0x0, 0x0, 0x0, 0xf, 0xf3, 0x6f,
    0xd0, 0x0, 0x0, 0x0, 0xef, 0x46, 0xfd, 0x0,
    0x0, 0x0, 0xe, 0xf4, 0x6f, 0xd0, 0x0, 0x0,
    0x0, 0xff, 0x36, 0xfd, 0x0, 0x0, 0x0, 0x4f,
    0xe0, 0x6f, 0xd0, 0x0, 0x0, 0xd, 0xf9, 0x6,
    0xfd, 0x0, 0x1, 0x5d, 0xfe, 0x10, 0x6f, 0xff,
    0xff, 0xff, 0xfd, 0x20, 0x6, 0xff, 0xff, 0xfe,
    0xb6, 0x0, 0x0,

    /* U+0045 "E" */
    0x6f, 0xff, 0xff, 0xff, 0xfc, 0x6f, 0xfe, 0xee,
    0xee, 0xeb, 0x6f, 0xd0, 0x0, 0x0, 0x0, 0x6f,
    0xd0, 0x0, 0x0, 0x0, 0x6f, 0xd0, 0x0, 0x0,
    0x0, 0x6f, 0xd0, 0x0, 0x0, 0x0, 0x6f, 0xff,
    0xff, 0xff, 0xf4, 0x6f, 0xfe, 0xee, 0xee, 0xe4,
    0x6f, 0xd0, 0x0, 0x0, 0x0, 0x6f, 0xd0, 0x0,
    0x0, 0x0, 0x6f, 0xd0, 0x0, 0x0, 0x0, 0x6f,
    0xd0, 0x0, 0x0, 0x0, 0x6f, 0xfe, 0xee, 0xee,
    0xec, 0x6f, 0xff, 0xff, 0xff, 0xfd,

    /* U+0046 "F" */
    0x6f, 0xff, 0xff, 0xff, 0xfa, 0x6f, 0xfe, 0xee,
    0xee, 0xe9, 0x6f, 0xd0, 0x0, 0x0, 0x0, 0x6f,
    0xd0, 0x0, 0x0, 0x0, 0x6f, 0xd0, 0x0, 0x0,
    0x0, 0x6f, 0xd0, 0x0, 0x0, 0x0, 0x6f, 0xfe,
    0xee, 0xee, 0xe0, 0x6f, 0xff, 0xff, 0xff, 0xf0,
    0x6f, 0xd0, 0x0, 0x0, 0x0, 0x6f, 0xd0, 0x0,
    0x0, 0x0, 0x6f, 0xd0, 0x0, 0x0, 0x0, 0x6f,
    0xd0, 0x0, 0x0, 0x0, 0x6f, 0xd0, 0x0, 0x0,
    0x0, 0x6f, 0xd0, 0x0, 0x0, 0x0,

    /* U+0047 "G" */
    0x0, 0x3, 0xad, 0xfe, 0xc6, 0x0, 0x0, 0x8,
    0xff, 0xff, 0xff, 0xfd, 0x20, 0x8, 0xff, 0x93,
    0x1, 0x6e, 0xfd, 0x2, 0xff, 0x70, 0x0, 0x0,
    0x1f, 0xf6, 0x8f, 0xc0, 0x0, 0x0, 0x0, 0x23,
    0x2b, 0xf7, 0x0, 0x0, 0x0, 0x0, 0x0, 0xdf,
    0x50, 0x0, 0xc, 0xdd, 0xdd, 0xad, 0xf5, 0x0,
    0x0, 0xff, 0xff, 0xfc, 0xbf, 0x70, 0x0, 0x0,
    0x0, 0x6f, 0xb8, 0xfc, 0x0, 0x0, 0x0, 0xa,
    0xf9, 0x2f, 0xf7, 0x0, 0x0, 0x3, 0xff, 0x40,
    0x8f, 0xf9, 0x30, 0x16, 0xef, 0xb0, 0x0, 0x9f,
    0xff, 0xff, 0xff, 0xc1, 0x0, 0x0, 0x3a, 0xdf,
    0xec, 0x60, 0x0,

    /* U+0048 "H" */
    0x6f, 0xd0, 0x0, 0x0, 0x0, 0xff, 0x46, 0xfd,
    0x0, 0x0, 0x0, 0xf, 0xf4, 0x6f, 0xd0, 0x0,
    0x0, 0x0, 0xff, 0x46, 0xfd, 0x0, 0x0, 0x0,
    0xf, 0xf4, 0x6f, 0xd0, 0x0, 0x0, 0x0, 0xff,
    0x46, 0xfd, 0x0, 0x0, 0x0, 0xf, 0xf4, 0x6f,
    0xff, 0xff, 0xff, 0xff, 0xff, 0x46, 0xff, 0xee,
    0xee, 0xee, 0xef, 0xf4, 0x6f, 0xd0, 0x0, 0x0,
    0x0, 0xff, 0x46, 0xfd, 0x0, 0x0, 0x0, 0xf,
    0xf4, 0x6f, 0xd0, 0x0, 0x0, 0x0, 0xff, 0x46,
    0xfd, 0x0, 0x0, 0x0, 0xf, 0xf4, 0x6f, 0xd0,
    0x0, 0x0, 0x0, 0xff, 0x46, 0xfd, 0x0, 0x0,
    0x0, 0xf, 0xf4,

    /* U+0049 "I" */
    0x6f, 0xd6, 0xfd, 0x6f, 0xd6, 0xfd, 0x6f, 0xd6,
    0xfd, 0x6f, 0xd6, 0xfd, 0x6f, 0xd6, 0xfd, 0x6f,
    0xd6, 0xfd, 0x6f, 0xd6, 0xfd,

    /* U+004A "J" */
    0x0, 0x0, 0x0, 0x5, 0xfe, 0x0, 0x0, 0x0,
    0x5, 0xfe, 0x0, 0x0, 0x0, 0x5, 0xfe, 0x0,
    0x0, 0x0, 0x5, 0xfe, 0x0, 0x0, 0x0, 0x5,
    0xfe, 0x0, 0x0, 0x0, 0x5, 0xfe, 0x0, 0x0,
    0x0, 0x5, 0xfe, 0x0, 0x0, 0x0, 0x5, 0xfe,
    0x0, 0x0, 0x0, 0x5, 0xfe, 0x1f, 0xf1, 0x0,
    0x5, 0xfe, 0xf, 0xf3, 0x0, 0x7, 0xfd, 0xc,
    0xfc, 0x10, 0x2e, 0xf9, 0x4, 0xff, 0xfe, 0xff,
    0xe1, 0x0, 0x3a, 0xef, 0xe9, 0x10,

    /* U+004B "K" */
    0x6f, 0xd0, 0x0, 0x0, 0x3f, 0xfa, 0x6, 0xfd,
    0x0, 0x0, 0x2e, 0xfb, 0x0, 0x6f, 0xd0, 0x0,
    0x2e, 0xfc, 0x0, 0x6, 0xfd, 0x0, 0x1d, 0xfc,
    0x0, 0x0, 0x6f, 0xd0, 0xd, 0xfd, 0x10, 0x0,
    0x6, 0xfd, 0xb, 0xfd, 0x10, 0x0, 0x0, 0x6f,
    0xd9, 0xff, 0xb0, 0x0, 0x0, 0x6, 0xff, 0xfd,
    0xff, 0x70, 0x0, 0x0, 0x6f, 0xfd, 0x16, 0xff,
    0x30, 0x0, 0x6, 0xfe, 0x10, 0xa, 0xfe, 0x10,
    0x0, 0x6f, 0xd0, 0x0, 0x1e, 0xfa, 0x0, 0x6,
    0xfd, 0x0, 0x0, 0x3f, 0xf6, 0x0, 0x6f, 0xd0,
    0x0, 0x0, 0x8f, 0xf2, 0x6, 0xfd, 0x0, 0x0,
    0x0, 0xcf, 0xd0,

    /* U+004C "L" */
    0x6f, 0xd0, 0x0, 0x0, 0x0, 0x6f, 0xd0, 0x0,
    0x0, 0x0, 0x6f, 0xd0, 0x0, 0x0, 0x0, 0x6f,
    0xd0, 0x0, 0x0, 0x0, 0x6f, 0xd0, 0x0, 0x0,
    0x0, 0x6f, 0xd0, 0x0, 0x0, 0x0, 0x6f, 0xd0,
    0x0, 0x0, 0x0, 0x6f, 0xd0, 0x0, 0x0, 0x0,
    0x6f, 0xd0, 0x0, 0x0, 0x0, 0x6f, 0xd0, 0x0,
    0x0, 0x0, 0x6f, 0xd0, 0x0, 0x0, 0x0, 0x6f,
    0xd0, 0x0, 0x0, 0x0, 0x6f, 0xfe, 0xee, 0xee,
    0xe6, 0x6f, 0xff, 0xff, 0xff, 0xf7,

    /* U+004D "M" */
    0x6f, 0xff, 0x10, 0x0, 0x0, 0x0, 0xdf, 0xfa,
    0x6f, 0xff, 0x70, 0x0, 0x0, 0x3, 0xff, 0xfa,
    0x6f, 0xef, 0xd0, 0x0, 0x0, 0xa, 0xfe, 0xfa,
    0x6f, 0xbd, 0xf4, 0x0, 0x0, 0xf, 0xf9, 0xfa,
    0x6f, 0xc8, 0xfa, 0x0, 0x0, 0x6f, 0xb8, 0xfa,
    0x6f, 0xc3, 0xff, 0x10, 0x0, 0xcf, 0x68, 0xfa,
    0x6f, 0xc0, 0xdf, 0x70, 0x2, 0xff, 0x19, 0xfa,
    0x6f, 0xc0, 0x6f, 0xd0, 0x9, 0xfa, 0x9, 0xfa,
    0x6f, 0xc0, 0x1f, 0xf3, 0xe, 0xf4, 0x9, 0xfa,
    0x6f, 0xc0, 0xa, 0xf8, 0x4f, 0xd0, 0x9, 0xfa,
    0x6f, 0xc0, 0x3, 0xfd, 0x8f, 0x70, 0x9, 0xfa,
    0x6f, 0xc0, 0x0, 0xdf, 0xef, 0x10, 0x9, 0xfa,
    0x6f, 0xc0, 0x0, 0x6f, 0xfa, 0x0, 0x9, 0xfa,
    0x6f, 0xc0, 0x0, 0x1f, 0xf4, 0x0, 0x9, 0xfa,

    /* U+004E "N" */
    0x6f, 0xf8, 0x0, 0x0, 0x0, 0xbf, 0x86, 0xff,
    0xf3, 0x0, 0x0, 0xb, 0xf8, 0x6f, 0xff, 0xc0,
    0x0, 0x0, 0xbf, 0x86, 0xfb, 0xcf, 0x70, 0x0,
    0xb, 0xf8, 0x6f, 0xc3, 0xff, 0x20, 0x0, 0xbf,
    0x86, 0xfd, 0xa, 0xfc, 0x0, 0xb, 0xf8, 0x6f,
    0xd0, 0x1e, 0xf7, 0x0, 0xbf, 0x86, 0xfe, 0x0,
    0x5f, 0xf2, 0xb, 0xf8, 0x6f, 0xe0, 0x0, 0xaf,
    0xb0, 0xbf, 0x86, 0xfe, 0x0, 0x1, 0xef, 0x5b,
    0xf8, 0x6f, 0xe0, 0x0, 0x5, 0xfe, 0xaf, 0x86,
    0xfe, 0x0, 0x0, 0xb, 0xff, 0xf8, 0x6f, 0xe0,
    0x0, 0x0, 0x1f, 0xff, 0x86, 0xfe, 0x0, 0x0,
    0x0, 0x6f, 0xf8,

    /* U+004F "O" */
    0x0, 0x3, 0xad, 0xfe, 0xb5, 0x0, 0x0, 0x0,
    0x8f, 0xff, 0xff, 0xff, 0xc1, 0x0, 0x7, 0xff,
    0x93, 0x1, 0x6f, 0xfc, 0x0, 0x2f, 0xf7, 0x0,
    0x0, 0x2, 0xff, 0x70, 0x8f, 0xc0, 0x0, 0x0,
    0x0, 0x7f, 0xd0, 0xbf, 0x70, 0x0, 0x0, 0x0,
    0x2f, 0xf1, 0xdf, 0x50, 0x0, 0x0, 0x0, 0xf,
    0xf2, 0xdf, 0x50, 0x0, 0x0, 0x0, 0xf, 0xf2,
    0xbf, 0x70, 0x0, 0x0, 0x0, 0x2f, 0xf1, 0x8f,
    0xc0, 0x0, 0x0, 0x0, 0x7f, 0xd0, 0x2f, 0xf6,
    0x0, 0x0, 0x2, 0xff, 0x70, 0x8, 0xff, 0x93,
    0x1, 0x6e, 0xfc, 0x0, 0x0, 0x8f, 0xff, 0xff,
    0xff, 0xc1, 0x0, 0x0, 0x3, 0xad, 0xfe, 0xb6,
    0x0, 0x0,

    /* U+0050 "P" */
    0x6f, 0xff, 0xff, 0xec, 0x60, 0x6, 0xff, 0xee,
    0xef, 0xff, 0xb0, 0x6f, 0xd0, 0x0, 0x6, 0xff,
    0x66, 0xfd, 0x0, 0x0, 0x9, 0xfb, 0x6f, 0xd0,
    0x0, 0x0, 0x6f, 0xd6, 0xfd, 0x0, 0x0, 0xa,
    0xfb, 0x6f, 0xd0, 0x0, 0x17, 0xff, 0x56, 0xff,
    0xff, 0xff, 0xff, 0xa0, 0x6f, 0xfe, 0xed, 0xda,
    0x50, 0x6, 0xfd, 0x0, 0x0, 0x0, 0x0, 0x6f,
    0xd0, 0x0, 0x0, 0x0, 0x6, 0xfd, 0x0, 0x0,
    0x0, 0x0, 0x6f, 0xd0, 0x0, 0x0, 0x0, 0x6,
    0xfd, 0x0, 0x0, 0x0, 0x0,

    /* U+0051 "Q" */
    0x0, 0x3, 0xad, 0xfe, 0xb5, 0x0, 0x0, 0x0,
    0x8f, 0xff, 0xff, 0xff, 0xc1, 0x0, 0x7, 0xff,
    0x93, 0x1, 0x6f, 0xfc, 0x0, 0x2f, 0xf7, 0x0,
    0x0, 0x2, 0xff, 0x70, 0x8f, 0xc0, 0x0, 0x0,
    0x0, 0x7f, 0xd0, 0xbf, 0x70, 0x0, 0x0, 0x0,
    0x2f, 0xf1, 0xdf, 0x50, 0x0, 0x0, 0x0, 0xf,
    0xf2, 0xdf, 0x50, 0x0, 0x0, 0x0, 0xf, 0xf2,
    0xbf, 0x70, 0x0, 0x0, 0x0, 0x2f, 0xf1, 0x8f,
    0xc0, 0x0, 0x7a, 0x30, 0x7f, 0xd0, 0x2f, 0xf6,
    0x0, 0x2e, 0xe4, 0xff, 0x60, 0x8, 0xff, 0x93,
    0x6, 0xff, 0xfc, 0x0, 0x0, 0x8f, 0xff, 0xff,
    0xff, 0xf1, 0x0, 0x0, 0x3, 0xad, 0xfe, 0xbc,
    0xf8, 0x0, 0x0, 0x0, 0x0, 0x0, 0x0, 0xdf,
    0x50,

    /* U+0052 "R" */
    0x6f, 0xff, 0xff, 0xec, 0x70, 0x0, 0x6f, 0xfe,
    0xee, 0xff, 0xfb, 0x0, 0x6f, 0xd0, 0x0, 0x6,
    0xff, 0x60, 0x6f, 0xd0, 0x0, 0x0, 0x9f, 0xb0,
    0x6f, 0xd0, 0x0, 0x0, 0x6f, 0xd0, 0x6f, 0xd0,
    0x0, 0x0, 0x9f, 0xb0, 0x6f, 0xd0, 0x0, 0x17,
    0xff, 0x60, 0x6f, 0xff, 0xff, 0xff, 0xfa, 0x0,
    0x6f, 0xfe, 0xee, 0xff, 0x80, 0x0, 0x6f, 0xd0,
    0x0, 0xbf, 0xc0, 0x0, 0x6f, 0xd0, 0x0, 0x2f,
    0xf5, 0x0, 0x6f, 0xd0, 0x0, 0x8, 0xfe, 0x0,
    0x6f, 0xd0, 0x0, 0x0, 0xef, 0x80, 0x6f, 0xd0,
    0x0, 0x0, 0x6f, 0xf2,

    /* U+0053 "S" */
    0x0, 0x4a, 0xef, 0xeb, 0x50, 0x0, 0x8f, 0xff,
    0xff, 0xff, 0xa0, 0x3f, 0xf8, 0x10, 0x6, 0xff,
    0x58, 0xfc, 0x0, 0x0, 0x8, 0xd8, 0x7f, 0xd0,
    0x0, 0x0, 0x0, 0x1, 0xef, 0xc5, 0x0, 0x0,
    0x0, 0x2, 0xcf, 0xff, 0xc8, 0x20, 0x0, 0x0,
    0x27, 0xcf, 0xff, 0x80, 0x0, 0x0, 0x0, 0x6,
    0xff, 0x71, 0x10, 0x0, 0x0, 0x6, 0xfd, 0xef,
    0x70, 0x0, 0x0, 0x7f, 0xd8, 0xff, 0x61, 0x1,
    0x7f, 0xf8, 0xc, 0xff, 0xff, 0xff, 0xfc, 0x0,
    0x6, 0xce, 0xfe, 0xb6, 0x0,

    /* U+0054 "T" */
    0x2f, 0xff, 0xff, 0xff, 0xff, 0xff, 0x21, 0xee,
    0xee, 0xff, 0xfe, 0xee, 0xe2, 0x0, 0x0, 0x9,
    0xfa, 0x0, 0x0, 0x0, 0x0, 0x0, 0x9f, 0xa0,
    0x0, 0x0, 0x0, 0x0, 0x9, 0xfa, 0x0, 0x0,
    0x0, 0x0, 0x0, 0x9f, 0xa0, 0x0, 0x0, 0x0,
    0x0, 0x9, 0xfa, 0x0, 0x0, 0x0, 0x0, 0x0,
    0x9f, 0xa0, 0x0, 0x0, 0x0, 0x0, 0x9, 0xfa,
    0x0, 0x0, 0x0, 0x0, 0x0, 0x9f, 0xa0, 0x0,
    0x0, 0x0, 0x0, 0x9, 0xfa, 0x0, 0x0, 0x0,
    0x0, 0x0, 0x9f, 0xa0, 0x0, 0x0, 0x0, 0x0,
    0x9, 0xfa, 0x0, 0x0, 0x0, 0x0, 0x0, 0x9f,
    0xa0, 0x0, 0x0,

    /* U+0055 "U" */
    0x6f, 0xd0, 0x0, 0x0, 0x0, 0xff, 0x36, 0xfd,
    0x0, 0x0, 0x0, 0xf, 0xf3, 0x6f, 0xd0, 0x0,
    0x0, 0x0, 0xff, 0x36, 0xfd, 0x0, 0x0, 0x0,
    0xf, 0xf3, 0x6f, 0xd0, 0x0, 0x0, 0x0, 0xff,
    0x36, 0xfd, 0x0, 0x0, 0x0, 0xf, 0xf3, 0x6f,
    0xd0, 0x0, 0x0, 0x0, 0xff, 0x36, 0xfd, 0x0,
    0x0, 0x0, 0xf, 0xf3, 0x6f, 0xd0, 0x0, 0x0,
    0x0, 0xff, 0x35, 0xff, 0x0, 0x0, 0x0, 0x2f,
    0xf2, 0x2f, 0xf5, 0x0, 0x0, 0x9, 0xfe, 0x0,
    0xbf, 0xf7, 0x20, 0x29, 0xff, 0x70, 0x1, 0xcf,
    0xff, 0xff, 0xff, 0xa0, 0x0, 0x0, 0x6c, 0xef,
    0xeb, 0x40, 0x0,

    /* U+0056 "V" */
    0x5f, 0xf1, 0x0, 0x0, 0x0, 0xe, 0xf7, 0xe,
    0xf7, 0x0, 0x0, 0x0, 0x4f, 0xf2, 0x9, 0xfc,
    0x0, 0x0, 0x0, 0x9f, 0xc0, 0x2, 0xff, 0x20,
    0x0, 0x0, 0xff, 0x60, 0x0, 0xcf, 0x80, 0x0,
    0x5, 0xff, 0x0, 0x0, 0x6f, 0xe0, 0x0, 0xa,
    0xfa, 0x0, 0x0, 0x1f, 0xf4, 0x0, 0xf, 0xf4,
    0x0, 0x0, 0xa, 0xfa, 0x0, 0x6f, 0xe0, 0x0,
    0x0, 0x4, 0xff, 0x0, 0xbf, 0x80, 0x0, 0x0,
    0x0, 0xef, 0x40, 0xff, 0x20, 0x0, 0x0, 0x0,
    0x8f, 0x95, 0xfc, 0x0, 0x0, 0x0, 0x0, 0x2f,
    0xea, 0xf6, 0x0, 0x0, 0x0, 0x0, 0xc, 0xff,
    0xf1, 0x0, 0x0, 0x0, 0x0, 0x6, 0xff, 0xa0,
    0x0, 0x0,

    /* U+0057 "W" */
    0x5f, 0xf0, 0x0, 0x0, 0x5f, 0xf6, 0x0, 0x0,
    0xe, 0xf6, 0x1f, 0xf3, 0x0, 0x0, 0x9f, 0xfa,
    0x0, 0x0, 0x3f, 0xf2, 0xc, 0xf7, 0x0, 0x0,
    0xdf, 0xfe, 0x0, 0x0, 0x7f, 0xd0, 0x8, 0xfc,
    0x0, 0x2, 0xfd, 0xcf, 0x20, 0x0, 0xbf, 0x90,
    0x3, 0xff, 0x0, 0x6, 0xf9, 0x9f, 0x70, 0x0,
    0xff, 0x40, 0x0, 0xff, 0x40, 0xa, 0xf5, 0x5f,
    0xb0, 0x3, 0xff, 0x0, 0x0, 0xaf, 0x80, 0xe,
    0xf1, 0x1f, 0xf0, 0x8, 0xfb, 0x0, 0x0, 0x6f,
    0xc0, 0x3f, 0xd0, 0xc, 0xf3, 0xc, 0xf6, 0x0,
    0x0, 0x1f, 0xf0, 0x7f, 0x80, 0x8, 0xf8, 0xf,
    0xf2, 0x0, 0x0, 0xd, 0xf4, 0xbf, 0x40, 0x3,
    0xfb, 0x3f, 0xd0, 0x0, 0x0, 0x8, 0xf7, 0xef,
    0x0, 0x0, 0xef, 0x7f, 0x90, 0x0, 0x0, 0x4,
    0xfc, 0xfb, 0x0, 0x0, 0xaf, 0xdf, 0x40, 0x0,
    0x0, 0x0, 0xff, 0xf6, 0x0, 0x0, 0x6f, 0xff,
    0x0, 0x0, 0x0, 0x0, 0xbf, 0xf2, 0x0, 0x0,
    0x1f, 0xfb, 0x0, 0x0,

    /* U+0058 "X" */
    0xb, 0xfd, 0x0, 0x0, 0x0, 0xbf, 0xc0, 0x1,
    0xef, 0x80, 0x0, 0x7, 0xff, 0x20, 0x0, 0x5f,
    0xf3, 0x0, 0x2f, 0xf5, 0x0, 0x0, 0x9, 0xfd,
    0x0, 0xdf, 0xa0, 0x0, 0x0, 0x0, 0xdf, 0x87,
    0xfe, 0x10, 0x0, 0x0, 0x0, 0x3f, 0xff, 0xf3,
    0x0, 0x0, 0x0, 0x0, 0x8, 0xff, 0x80, 0x0,
    0x0, 0x0, 0x0, 0xb, 0xff, 0xd0, 0x0, 0x0,
    0x0, 0x0, 0x7f, 0xdd, 0xf9, 0x0, 0x0, 0x0,
    0x3, 0xff, 0x44, 0xff, 0x40, 0x0, 0x0, 0xd,
    0xf9, 0x0, 0x9f, 0xe1, 0x0, 0x0, 0xaf, 0xd0,
    0x0, 0xd, 0xfb, 0x0, 0x6, 0xff, 0x30, 0x0,
    0x3, 0xff, 0x60, 0x2f, 0xf7, 0x0, 0x0, 0x0,
    0x7f, 0xf2,

    /* U+0059 "Y" */
    0x3f, 0xf6, 0x0, 0x0, 0x0, 0x7f, 0xf2, 0x8,
    0xfe, 0x10, 0x0, 0x1, 0xff, 0x70, 0x0, 0xdf,
    0x90, 0x0, 0xa, 0xfd, 0x0, 0x0, 0x4f, 0xf3,
    0x0, 0x4f, 0xf3, 0x0, 0x0, 0xa, 0xfd, 0x0,
    0xdf, 0x90, 0x0, 0x0, 0x1, 0xef, 0x67, 0xfe,
    0x0, 0x0, 0x0, 0x0, 0x5f, 0xee, 0xf4, 0x0,
    0x0, 0x0, 0x0, 0xb, 0xff, 0xa0, 0x0, 0x0,
    0x0, 0x0, 0x3, 0xff, 0x20, 0x0, 0x0, 0x0,
    0x0, 0x2, 0xff, 0x10, 0x0, 0x0, 0x0, 0x0,
    0x2, 0xff, 0x10, 0x0, 0x0, 0x0, 0x0, 0x2,
    0xff, 0x10, 0x0, 0x0, 0x0, 0x0, 0x2, 0xff,
    0x10, 0x0, 0x0, 0x0, 0x0, 0x2, 0xff, 0x10,
    0x0, 0x0,

    /* U+005A "Z" */
    0xdf, 0xff, 0xff, 0xff, 0xff, 0x9c, 0xee, 0xee,
    0xee, 0xef, 0xf7, 0x0, 0x0, 0x0, 0x7, 0xfd,
    0x0, 0x0, 0x0, 0x4, 0xff, 0x20, 0x0, 0x0,
    0x1, 0xef, 0x60, 0x0, 0x0, 0x0, 0xbf, 0xb0,
    0x0, 0x0, 0x0, 0x7f, 0xe1, 0x0, 0x0, 0x0,
    0x3f, 0xf4, 0x0, 0x0, 0x0, 0xd, 0xf8, 0x0,
    0x0, 0x0, 0x9, 0xfc, 0x0, 0x0, 0x0, 0x5,
    0xff, 0x20, 0x0, 0x0, 0x1, 0xef, 0x40, 0x0,
    0x0, 0x0, 0xaf, 0xfe, 0xee, 0xee, 0xee, 0x9c,
    0xff, 0xff, 0xff, 0xff, 0xfa,

    /* U+005B "[" */
    0xff, 0xff, 0x3f, 0xfc, 0xb2, 0xff, 0x20, 0xf,
    0xf2, 0x0, 0xff, 0x20, 0xf, 0xf2, 0x0, 0xff,
    0x20, 0xf, 0xf2, 0x0, 0xff, 0x20, 0xf, 0xf2,
    0x0, 0xff, 0x20, 0xf, 0xf2, 0x0, 0xff, 0x20,
    0xf, 0xf2, 0x0, 0xff, 0x20, 0xf, 0xf2, 0x0,
    0xff, 0xcb, 0x2f, 0xff, 0xf3,

    /* U+005C "\\" */
    0x48, 0x30, 0x0, 0x5, 0xf9, 0x0, 0x0, 0x1f,
    0xd0, 0x0, 0x0, 0xcf, 0x10, 0x0, 0x8, 0xf6,
    0x0, 0x0, 0x4f, 0xa0, 0x0, 0x0, 0xfe, 0x0,
    0x0, 0xb, 0xf2, 0x0, 0x0, 0x7f, 0x70, 0x0,
    0x3, 0xfb, 0x0, 0x0, 0xe, 0xf0, 0x0, 0x0,
    0xaf, 0x40, 0x0, 0x6, 0xf8, 0x0, 0x0, 0x2f,
    0xc0, 0x0, 0x0, 0xdf, 0x10, 0x0, 0x9, 0xf5,
    0x0, 0x0, 0x5f, 0x90, 0x0, 0x1, 0xfd,

    /* U+005D "]" */
    0xdf, 0xff, 0x5a, 0xbe, 0xf5, 0x0, 0xcf, 0x50,
    0xc, 0xf5, 0x0, 0xcf, 0x50, 0xc, 0xf5, 0x0,
    0xcf, 0x50, 0xc, 0xf5, 0x0, 0xcf, 0x50, 0xc,
    0xf5, 0x0, 0xcf, 0x50, 0xc, 0xf5, 0x0, 0xcf,
    0x50, 0xc, 0xf5, 0x0, 0xcf, 0x50, 0xc, 0xf5,
    0x9b, 0xef, 0x5d, 0xff, 0xf5,

    /* U+005E "^" */
    0x0, 0x8, 0xff, 0x10, 0x0, 0x1, 0xfe, 0xf8,
    0x0, 0x0, 0x8f, 0x4c, 0xf1, 0x0, 0x1f, 0xd0,
    0x4f, 0x80, 0x8, 0xf5, 0x0, 0xdf, 0x10, 0xee,
    0x0, 0x6, 0xf8,

    /* U+005F "_" */
    0xdd, 0xdd, 0xdd, 0xdd, 0xd3, 0xff, 0xff, 0xff,
    0xff, 0xf4,

    /* U+0060 "`" */
    0x3e, 0xd0, 0x0, 0x9f, 0x60, 0x0, 0xdd, 0x0,

    /* U+0061 "a" */
    0x0, 0x29, 0xef, 0xea, 0x30, 0x2, 0xff, 0xec,
    0xef, 0xf3, 0x9, 0xfa, 0x0, 0x9, 0xfb, 0x0,
    0x0, 0x0, 0x4, 0xfe, 0x0, 0x1, 0x47, 0x9d,
    0xfe, 0x2, 0xcf, 0xff, 0xfc, 0xfe, 0xe, 0xfb,
    0x51, 0x3, 0xfe, 0x2f, 0xf0, 0x0, 0x5, 0xfe,
    0x1f, 0xf3, 0x0, 0x2d, 0xfe, 0xa, 0xff, 0xcc,
    0xfb, 0xfe, 0x0, 0x8e, 0xfd, 0x72, 0xfe,

    /* U+0062 "b" */
    0x8f, 0x90, 0x0, 0x0, 0x0, 0x8, 0xf9, 0x0,
    0x0, 0x0, 0x0, 0x8f, 0x90, 0x0, 0x0, 0x0,
    0x8, 0xf9, 0x2b, 0xfe, 0xa2, 0x0, 0x8f, 0xbe,
    0xfd, 0xff, 0xe2, 0x8, 0xff, 0xa0, 0x1, 0xcf,
    0xc0, 0x8f, 0xe0, 0x0, 0x2, 0xff, 0x28, 0xfa,
    0x0, 0x0, 0xd, 0xf5, 0x8f, 0x90, 0x0, 0x0,
    0xcf, 0x68, 0xfa, 0x0, 0x0, 0xe, 0xf5, 0x8f,
    0xe0, 0x0, 0x2, 0xff, 0x28, 0xff, 0x90, 0x1,
    0xcf, 0xc0, 0x8f, 0xae, 0xfd, 0xff, 0xe2, 0x8,
    0xf8, 0x2b, 0xfe, 0xa2, 0x0,

    /* U+0063 "c" */
    0x0, 0x5, 0xce, 0xec, 0x60, 0x0, 0x9, 0xff,
    0xee, 0xff, 0xa0, 0x5, 0xff, 0x40, 0x4, 0xff,
    0x40, 0xbf, 0x80, 0x0, 0x5, 0x62, 0xf, 0xf3,
    0x0, 0x0, 0x0, 0x0, 0xff, 0x20, 0x0, 0x0,
    0x0, 0xf, 0xf3, 0x0, 0x0, 0x0, 0x0, 0xcf,
    0x80, 0x0, 0x5, 0x72, 0x5, 0xff, 0x40, 0x3,
    0xef, 0x40, 0x9, 0xff, 0xed, 0xff, 0x90, 0x0,
    0x5, 0xcf, 0xfc, 0x50, 0x0,

    /* U+0064 "d" */
    0x0, 0x0, 0x0, 0x0, 0x3f, 0xe0, 0x0, 0x0,
    0x0, 0x3, 0xfe, 0x0, 0x0, 0x0, 0x0, 0x3f,
    0xe0, 0x0, 0x7d, 0xfd, 0x63, 0xfe, 0x0, 0xbf,
    0xfe, 0xef, 0x9f, 0xe0, 0x6f, 0xf4, 0x0, 0x5f,
    0xfe, 0xc, 0xf8, 0x0, 0x0, 0x9f, 0xe0, 0xff,
    0x30, 0x0, 0x4, 0xfe, 0xf, 0xf2, 0x0, 0x0,
    0x3f, 0xe0, 0xff, 0x30, 0x0, 0x5, 0xfe, 0xc,
    0xf8, 0x0, 0x0, 0x9f, 0xe0, 0x6f, 0xf4, 0x0,
    0x5f, 0xfe, 0x0, 0xbf, 0xfe, 0xef, 0x8f, 0xe0,
    0x0, 0x7d, 0xfd, 0x62, 0xfe,

    /* U+0065 "e" */
    0x0, 0x5, 0xcf, 0xfb, 0x40, 0x0, 0x9, 0xff,
    0xdd, 0xff, 0x80, 0x5, 0xfe, 0x30, 0x3, 0xff,
    0x30, 0xbf, 0x50, 0x0, 0x8, 0xf9, 0xf, 0xfa,
    0x99, 0x99, 0xbf, 0xc0, 0xff, 0xff, 0xff, 0xff,
    0xfd, 0xf, 0xf2, 0x0, 0x0, 0x0, 0x0, 0xcf,
    0x70, 0x0, 0x1, 0x10, 0x5, 0xff, 0x40, 0x1,
    0xdf, 0x60, 0x9, 0xff, 0xec, 0xff, 0xc0, 0x0,
    0x5, 0xce, 0xfd, 0x70, 0x0,

    /* U+0066 "f" */
    0x0, 0x1, 0x57, 0x61, 0x0, 0x2e, 0xff, 0xf1,
    0x0, 0xaf, 0xd6, 0x60, 0x0, 0xbf, 0x60, 0x0,
    0xcf, 0xff, 0xff, 0xd0, 0x9b, 0xef, 0xdb, 0xa0,
    0x0, 0xbf, 0x60, 0x0, 0x0, 0xbf, 0x60, 0x0,
    0x0, 0xbf, 0x60, 0x0, 0x0, 0xbf, 0x60, 0x0,
    0x0, 0xbf, 0x60, 0x0, 0x0, 0xbf, 0x60, 0x0,
    0x0, 0xbf, 0x60, 0x0, 0x0, 0xbf, 0x60, 0x0,
    0x0, 0xbf, 0x60, 0x0,

    /* U+0067 "g" */
    0x0, 0x7, 0xdf, 0xd6, 0x2f, 0xf0, 0xb, 0xff,
    0xee, 0xf8, 0xff, 0x6, 0xff, 0x50, 0x4, 0xff,
    0xf0, 0xcf, 0x80, 0x0, 0xa, 0xff, 0xf, 0xf4,
    0x0, 0x0, 0x5f, 0xf0, 0xff, 0x20, 0x0, 0x3,
    0xff, 0xf, 0xf3, 0x0, 0x0, 0x4f, 0xf0, 0xdf,
    0x80, 0x0, 0x8, 0xff, 0x7, 0xff, 0x40, 0x4,
    0xff, 0xf0, 0xc, 0xff, 0xdd, 0xfa, 0xff, 0x0,
    0x8, 0xdf, 0xe7, 0x3f, 0xf0, 0x0, 0x0, 0x0,
    0x4, 0xfe, 0x3, 0xb9, 0x0, 0x1, 0xbf, 0xa0,
    0x2e, 0xff, 0xcc, 0xff, 0xe1, 0x0, 0x18, 0xdf,
    0xfd, 0x81, 0x0,

    /* U+0068 "h" */
    0x8f, 0x90, 0x0, 0x0, 0x0, 0x8f, 0x90, 0x0,
    0x0, 0x0, 0x8f, 0x90, 0x0, 0x0, 0x0, 0x8f,
    0x92, 0xbf, 0xea, 0x10, 0x8f, 0xae, 0xff, 0xff,
    0xd0, 0x8f, 0xf8, 0x0, 0x5f, 0xf5, 0x8f, 0xc0,
    0x0, 0xb, 0xf8, 0x8f, 0x90, 0x0, 0x9, 0xf9,
    0x8f, 0x90, 0x0, 0x9, 0xf9, 0x8f, 0x90, 0x0,
    0x9, 0xf9, 0x8f, 0x90, 0x0, 0x9, 0xf9, 0x8f,
    0x90, 0x0, 0x9, 0xf9, 0x8f, 0x90, 0x0, 0x9,
    0xf9, 0x8f, 0x90, 0x0, 0x9, 0xf9,

    /* U+0069 "i" */
    0x17, 0x2b, 0xfc, 0x7f, 0x80, 0x0, 0x8f, 0x98,
    0xf9, 0x8f, 0x98, 0xf9, 0x8f, 0x98, 0xf9, 0x8f,
    0x98, 0xf9, 0x8f, 0x98, 0xf9, 0x8f, 0x90,

    /* U+006A "j" */
    0x0, 0x17, 0x20, 0xb, 0xfc, 0x0, 0x7f, 0x80,
    0x0, 0x0, 0x0, 0x9f, 0x90, 0x9, 0xf9, 0x0,
    0x9f, 0x90, 0x9, 0xf9, 0x0, 0x9f, 0x90, 0x9,
    0xf9, 0x0, 0x9f, 0x90, 0x9, 0xf9, 0x0, 0x9f,
    0x90, 0x9, 0xf9, 0x0, 0x9f, 0x90, 0x9, 0xf9,
    0x0, 0xcf, 0x74, 0xef, 0xf2, 0x5f, 0xc3, 0x0,

    /* U+006B "k" */
    0x8f, 0x90, 0x0, 0x0, 0x0, 0x8f, 0x90, 0x0,
    0x0, 0x0, 0x8f, 0x90, 0x0, 0x0, 0x0, 0x8f,
    0x90, 0x0, 0x5f, 0xf3, 0x8f, 0x90, 0x4, 0xff,
    0x40, 0x8f, 0x90, 0x3f, 0xf5, 0x0, 0x8f, 0x93,
    0xff, 0x60, 0x0, 0x8f, 0xce, 0xf9, 0x0, 0x0,
    0x8f, 0xff, 0xfc, 0x0, 0x0, 0x8f, 0xf5, 0xef,
    0x90, 0x0, 0x8f, 0x90, 0x4f, 0xf5, 0x0, 0x8f,
    0x90, 0x8, 0xff, 0x20, 0x8f, 0x90, 0x0, 0xcf,
    0xd0, 0x8f, 0x90, 0x0, 0x1e, 0xf9,

    /* U+006C "l" */
    0x8f, 0x98, 0xf9, 0x8f, 0x98, 0xf9, 0x8f, 0x98,
    0xf9, 0x8f, 0x98, 0xf9, 0x8f, 0x98, 0xf9, 0x8f,
    0x98, 0xf9, 0x8f, 0x98, 0xf9,

    /* U+006D "m" */
    0x8f, 0x74, 0xcf, 0xd4, 0x4, 0xcf, 0xe9, 0x0,
    0x8f, 0xbf, 0xcd, 0xff, 0x5f, 0xcc, 0xff, 0xb0,
    0x8f, 0xf3, 0x0, 0x9f, 0xf7, 0x0, 0x3f, 0xf2,
    0x8f, 0xb0, 0x0, 0x3f, 0xf0, 0x0, 0xe, 0xf4,
    0x8f, 0x90, 0x0, 0x2f, 0xf0, 0x0, 0xd, 0xf5,
    0x8f, 0x90, 0x0, 0x2f, 0xf0, 0x0, 0xd, 0xf5,
    0x8f, 0x90, 0x0, 0x2f, 0xf0, 0x0, 0xd, 0xf5,
    0x8f, 0x90, 0x0, 0x2f, 0xf0, 0x0, 0xd, 0xf5,
    0x8f, 0x90, 0x0, 0x2f, 0xf0, 0x0, 0xd, 0xf5,
    0x8f, 0x90, 0x0, 0x2f, 0xf0, 0x0, 0xd, 0xf5,
    0x8f, 0x90, 0x0, 0x2f, 0xf0, 0x0, 0xd, 0xf5,

    /* U+006E "n" */
    0x8f, 0x83, 0xbf, 0xea, 0x10, 0x8f, 0xaf, 0xdc,
    0xff, 0xd0, 0x8f, 0xf6, 0x0, 0x3f, 0xf5, 0x8f,
    0xc0, 0x0, 0xa, 0xf8, 0x8f, 0x90, 0x0, 0x9,
    0xf9, 0x8f, 0x90, 0x0, 0x9, 0xf9, 0x8f, 0x90,
    0x0, 0x9, 0xf9, 0x8f, 0x90, 0x0, 0x9, 0xf9,
    0x8f, 0x90, 0x0, 0x9, 0xf9, 0x8f, 0x90, 0x0,
    0x9, 0xf9, 0x8f, 0x90, 0x0, 0x9, 0xf9,

    /* U+006F "o" */
    0x0, 0x5, 0xce, 0xfc, 0x60, 0x0, 0x0, 0x9f,
    0xfe, 0xef, 0xfa, 0x0, 0x5, 0xff, 0x50, 0x4,
    0xff, 0x60, 0xb, 0xf8, 0x0, 0x0, 0x7f, 0xd0,
    0xf, 0xf3, 0x0, 0x0, 0x2f, 0xf0, 0xf, 0xf2,
    0x0, 0x0, 0xf, 0xf1, 0xf, 0xf3, 0x0, 0x0,
    0x2f, 0xf0, 0xc, 0xf8, 0x0, 0x0, 0x7f, 0xd0,
    0x5, 0xff, 0x40, 0x3, 0xff, 0x60, 0x0, 0x9f,
    0xfd, 0xdf, 0xfa, 0x0, 0x0, 0x5, 0xcf, 0xfc,
    0x60, 0x0,

    /* U+0070 "p" */
    0x8f, 0x83, 0xcf, 0xea, 0x20, 0x8, 0xfb, 0xfd,
    0xbe, 0xfe, 0x20, 0x8f, 0xf8, 0x0, 0xb, 0xfc,
    0x8, 0xfe, 0x0, 0x0, 0x2f, 0xf2, 0x8f, 0xa0,
    0x0, 0x0, 0xdf, 0x58, 0xf9, 0x0, 0x0, 0xc,
    0xf6, 0x8f, 0xb0, 0x0, 0x0, 0xef, 0x58, 0xff,
    0x0, 0x0, 0x3f, 0xf2, 0x8f, 0xfa, 0x0, 0x1c,
    0xfc, 0x8, 0xfa, 0xef, 0xdf, 0xfe, 0x20, 0x8f,
    0x92, 0xbf, 0xea, 0x20, 0x8, 0xf9, 0x0, 0x0,
    0x0, 0x0, 0x8f, 0x90, 0x0, 0x0, 0x0, 0x8,
    0xf9, 0x0, 0x0, 0x0, 0x0, 0x8f, 0x90, 0x0,
    0x0, 0x0, 0x0,

    /* U+0071 "q" */
    0x0, 0x7, 0xdf, 0xd6, 0x2f, 0xe0, 0xb, 0xff,
    0xee, 0xf9, 0xfe, 0x6, 0xff, 0x40, 0x5, 0xff,
    0xe0, 0xcf, 0x80, 0x0, 0x9, 0xfe, 0xf, 0xf3,
    0x0, 0x0, 0x4f, 0xe0, 0xff, 0x20, 0x0, 0x3,
    0xfe, 0xf, 0xf3, 0x0, 0x0, 0x5f, 0xe0, 0xcf,
    0x80, 0x0, 0x9, 0xfe, 0x6, 0xff, 0x40, 0x5,
    0xff, 0xe0, 0xb, 0xff, 0xee, 0xf9, 0xfe, 0x0,
    0x7, 0xdf, 0xd6, 0x3f, 0xe0, 0x0, 0x0, 0x0,
    0x3, 0xfe, 0x0, 0x0, 0x0, 0x0, 0x3f, 0xe0,
    0x0, 0x0, 0x0, 0x3, 0xfe, 0x0, 0x0, 0x0,
    0x0, 0x3f, 0xe0,

    /* U+0072 "r" */
    0x8f, 0x85, 0xdf, 0x48, 0xfc, 0xff, 0xd4, 0x8f,
    0xf7, 0x0, 0x8, 0xfc, 0x0, 0x0, 0x8f, 0x90,
    0x0, 0x8, 0xf9, 0x0, 0x0, 0x8f, 0x90, 0x0,
    0x8, 0xf9, 0x0, 0x0, 0x8f, 0x90, 0x0, 0x8,
    0xf9, 0x0, 0x0, 0x8f, 0x90, 0x0, 0x0,

    /* U+0073 "s" */
    0x0, 0x2a, 0xef, 0xe9, 0x10, 0x2, 0xff, 0xeb,
    0xef, 0xe1, 0x9, 0xfb, 0x0, 0xa, 0xe5, 0xa,
    0xf9, 0x0, 0x0, 0x0, 0x5, 0xff, 0xb7, 0x40,
    0x0, 0x0, 0x5d, 0xff, 0xff, 0x80, 0x0, 0x0,
    0x25, 0xaf, 0xf8, 0x0, 0x30, 0x0, 0x7, 0xfc,
    0xd, 0xf7, 0x0, 0xa, 0xfb, 0x5, 0xff, 0xdb,
    0xef, 0xf3, 0x0, 0x4b, 0xef, 0xea, 0x20,

    /* U+0074 "t" */
    0x1, 0x87, 0x0, 0x0, 0x3f, 0xf0, 0x0, 0x3,
    0xff, 0x0, 0xc, 0xff, 0xff, 0xf1, 0x9c, 0xff,
    0xbb, 0x10, 0x3f, 0xf0, 0x0, 0x3, 0xff, 0x0,
    0x0, 0x3f, 0xf0, 0x0, 0x3, 0xff, 0x0, 0x0,
    0x3f, 0xf0, 0x0, 0x3, 0xff, 0x0, 0x0, 0x2f,
    0xf1, 0x0, 0x0, 0xdf, 0xed, 0x20, 0x2, 0xbf,
    0xf4,

    /* U+0075 "u" */
    0x8f, 0x90, 0x0, 0x9, 0xf9, 0x8f, 0x90, 0x0,
    0x9, 0xf9, 0x8f, 0x90, 0x0, 0x9, 0xf9, 0x8f,
    0x90, 0x0, 0x9, 0xf9, 0x8f, 0x90, 0x0, 0x9,
    0xf9, 0x8f, 0x90, 0x0, 0x9, 0xf9, 0x8f, 0x90,
    0x0, 0x9, 0xf9, 0x8f, 0xb0, 0x0, 0xc, 0xf9,
    0x5f, 0xf5, 0x0, 0x7f, 0xf9, 0xd, 0xff, 0xff,
    0xf9, 0xf9, 0x1, 0xae, 0xfb, 0x37, 0xf9,

    /* U+0076 "v" */
    0x5f, 0xe0, 0x0, 0x0, 0x7f, 0xd0, 0xf, 0xf4,
    0x0, 0x0, 0xcf, 0x70, 0x9, 0xfa, 0x0, 0x2,
    0xff, 0x10, 0x3, 0xff, 0x0, 0x7, 0xfb, 0x0,
    0x0, 0xdf, 0x50, 0xd, 0xf5, 0x0, 0x0, 0x7f,
    0xa0, 0x2f, 0xf0, 0x0, 0x0, 0x1f, 0xf0, 0x7f,
    0x90, 0x0, 0x0, 0xb, 0xf4, 0xcf, 0x30, 0x0,
    0x0, 0x5, 0xfa, 0xfd, 0x0, 0x0, 0x0, 0x0,
    0xff, 0xf7, 0x0, 0x0, 0x0, 0x0, 0x9f, 0xf1,
    0x0, 0x0,

    /* U+0077 "w" */
    0x4f, 0xf0, 0x0, 0xe, 0xf8, 0x0, 0x6, 0xfe,
    0x0, 0xff, 0x30, 0x2, 0xff, 0xc0, 0x0, 0xaf,
    0x90, 0xb, 0xf7, 0x0, 0x6f, 0xef, 0x0, 0xe,
    0xf4, 0x0, 0x6f, 0xc0, 0xb, 0xf8, 0xf4, 0x2,
    0xff, 0x0, 0x1, 0xff, 0x0, 0xfc, 0x3f, 0x80,
    0x6f, 0xa0, 0x0, 0xc, 0xf4, 0x3f, 0x80, 0xfc,
    0xb, 0xf6, 0x0, 0x0, 0x8f, 0x77, 0xf4, 0xb,
    0xf0, 0xef, 0x10, 0x0, 0x3, 0xfb, 0xaf, 0x0,
    0x6f, 0x6f, 0xc0, 0x0, 0x0, 0xe, 0xee, 0xb0,
    0x2, 0xfd, 0xf7, 0x0, 0x0, 0x0, 0x9f, 0xf6,
    0x0, 0xd, 0xff, 0x20, 0x0, 0x0, 0x4, 0xff,
    0x20, 0x0, 0x9f, 0xe0, 0x0, 0x0,

    /* U+0078 "x" */
    0xd, 0xf8, 0x0, 0x4, 0xff, 0x20, 0x3f, 0xf2,
    0x0, 0xdf, 0x70, 0x0, 0x9f, 0xb0, 0x8f, 0xc0,
    0x0, 0x0, 0xef, 0x5f, 0xf2, 0x0, 0x0, 0x4,
    0xff, 0xf7, 0x0, 0x0, 0x0, 0xe, 0xff, 0x0,
    0x0, 0x0, 0x7, 0xfe, 0xf9, 0x0, 0x0, 0x2,
    0xff, 0x2e, 0xf3, 0x0, 0x0, 0xcf, 0x80, 0x6f,
    0xd0, 0x0, 0x7f, 0xd0, 0x0, 0xcf, 0x90, 0x2f,
    0xf4, 0x0, 0x2, 0xff, 0x40,

    /* U+0079 "y" */
    0x5f, 0xe0, 0x0, 0x0, 0x6f, 0xd0, 0xf, 0xf4,
    0x0, 0x0, 0xcf, 0x70, 0x9, 0xfa, 0x0, 0x2,
    0xff, 0x10, 0x3, 0xff, 0x0, 0x8, 0xfb, 0x0,
    0x0, 0xdf, 0x50, 0xd, 0xf5, 0x0, 0x0, 0x7f,
    0xb0, 0x3f, 0xe0, 0x0, 0x0, 0x1f, 0xf0, 0x8f,
    0x90, 0x0, 0x0, 0xb, 0xf5, 0xef, 0x20, 0x0,
    0x0, 0x5, 0xfb, 0xfc, 0x0, 0x0, 0x0, 0x0,
    0xef, 0xf6, 0x0, 0x0, 0x0, 0x0, 0x9f, 0xf1,
    0x0, 0x0, 0x0, 0x0, 0x9f, 0xa0, 0x0, 0x0,
    0x0, 0x1, 0xef, 0x30, 0x0, 0x0, 0x4, 0xdf,
    0xfa, 0x0, 0x0, 0x0, 0x8, 0xfe, 0x90, 0x0,
    0x0, 0x0,

    /* U+007A "z" */
    0x9f, 0xff, 0xff, 0xff, 0xc8, 0xee, 0xee, 0xef,
    0xfb, 0x0, 0x0, 0x5, 0xff, 0x20, 0x0, 0x2,
    0xff, 0x50, 0x0, 0x0, 0xdf, 0x90, 0x0, 0x0,
    0xaf, 0xc0, 0x0, 0x0, 0x6f, 0xf2, 0x0, 0x0,
    0x3f, 0xf5, 0x0, 0x0, 0x1e, 0xf9, 0x0, 0x0,
    0xa, 0xff, 0xee, 0xee, 0xee, 0xcf, 0xff, 0xff,
    0xff, 0xf0,

    /* U+007B "{" */
    0x0, 0x0, 0x26, 0x50, 0x0, 0x8f, 0xfa, 0x0,
    0x2f, 0xf7, 0x20, 0x6, 0xfb, 0x0, 0x0, 0x7f,
    0x80, 0x0, 0x7, 0xf8, 0x0, 0x0, 0x7f, 0x80,
    0x0, 0x9, 0xf7, 0x0, 0x14, 0xef, 0x40, 0x9,
    0xfd, 0x60, 0x0, 0x9f, 0xe8, 0x0, 0x0, 0x2d,
    0xf5, 0x0, 0x0, 0x8f, 0x80, 0x0, 0x7, 0xf8,
    0x0, 0x0, 0x7f, 0x80, 0x0, 0x6, 0xf9, 0x0,
    0x0, 0x4f, 0xe3, 0x0, 0x0, 0xcf, 0xfa, 0x0,
    0x0, 0x59, 0x70,

    /* U+007C "|" */
    0x8f, 0x68, 0xf6, 0x8f, 0x68, 0xf6, 0x8f, 0x68,
    0xf6, 0x8f, 0x68, 0xf6, 0x8f, 0x68, 0xf6, 0x8f,
    0x68, 0xf6, 0x8f, 0x68, 0xf6, 0x8f, 0x68, 0xf6,
    0x8f, 0x68, 0xf6, 0x8f, 0x68, 0xf6, 0x8f, 0x68,
    0xf6, 0x8f, 0x68, 0xf6,

    /* U+007D "}" */
    0x65, 0x10, 0x0, 0xd, 0xff, 0x50, 0x0, 0x39,
    0xfe, 0x0, 0x0, 0xd, 0xf2, 0x0, 0x0, 0xbf,
    0x40, 0x0, 0xb, 0xf4, 0x0, 0x0, 0xbf, 0x40,
    0x0, 0xa, 0xf5, 0x0, 0x0, 0x7f, 0xc2, 0x0,
    0x0, 0x8e, 0xf6, 0x0, 0x9, 0xff, 0x60, 0x8,
    0xfc, 0x20, 0x0, 0xbf, 0x50, 0x0, 0xb, 0xf4,
    0x0, 0x0, 0xbf, 0x40, 0x0, 0xc, 0xf3, 0x0,
    0x5, 0xff, 0x10, 0xd, 0xff, 0x90, 0x0, 0x99,
    0x40, 0x0, 0x0,

    /* U+007E "~" */
    0x3, 0xcf, 0xc4, 0x0, 0x1a, 0x70, 0xef, 0xef,
    0xf7, 0x6, 0xfa, 0x4f, 0xb0, 0x3e, 0xff, 0xff,
    0x43, 0xa4, 0x0, 0x1a, 0xfe, 0x60,

    /* U+00A0 " " */

    /* U+00A1 "¡" */
    0x1d, 0xe2, 0x5f, 0xf7, 0x1b, 0xb1, 0x0, 0x0,
    0x0, 0x0, 0xf, 0xf1, 0xf, 0xf1, 0xf, 0xf2,
    0xf, 0xf2, 0xf, 0xf2, 0x1f, 0xf2, 0x1f, 0xf2,
    0x1f, 0xf3, 0x1f, 0xf3, 0x1d, 0xd3,

    /* U+00A2 "¢" */
    0x0, 0x0, 0xa, 0x80, 0x0, 0x0, 0x0, 0x3,
    0xcb, 0x30, 0x0, 0x0, 0x2c, 0xff, 0xff, 0xc2,
    0x0, 0x1e, 0xfc, 0xcb, 0xbf, 0xe1, 0x8, 0xfc,
    0xa, 0x80, 0xce, 0x50, 0xef, 0x50, 0xa8, 0x0,
    0x0, 0xf, 0xf2, 0xa, 0x80, 0x0, 0x0, 0xff,
    0x20, 0xa8, 0x0, 0x0, 0xe, 0xf5, 0xa, 0x80,
    0x10, 0x0, 0x9f, 0xc0, 0xa8, 0xb, 0xf6, 0x1,
    0xef, 0xcc, 0xbb, 0xfe, 0x10, 0x2, 0xcf, 0xff,
    0xfc, 0x20, 0x0, 0x0, 0x3c, 0xb3, 0x0, 0x0,
    0x0, 0x0, 0xa8, 0x0, 0x0,

    /* U+00A3 "£" */
    0x0, 0x6, 0xcf, 0xeb, 0x30, 0x0, 0xa, 0xff,
    0xff, 0xff, 0x50, 0x4, 0xff, 0x40, 0x7, 0xff,
    0x0, 0x8f, 0x90, 0x0, 0x9, 0x92, 0x9, 0xf8,
    0x0, 0x0, 0x0, 0x0, 0x8f, 0x80, 0x0, 0x0,
    0x0, 0xff, 0xff, 0xff, 0xff, 0x0, 0x9, 0xcf,
    0xd9, 0x99, 0x90, 0x0, 0x7, 0xfa, 0x0, 0x0,
    0x0, 0x0, 0x6f, 0xa0, 0x0, 0x0, 0x0, 0x6,
    0xfa, 0x0, 0x0, 0x13, 0x10, 0xbe, 0x30, 0x0,
    0xa, 0xf5, 0xff, 0xfe, 0xee, 0xee, 0xff, 0x2f,
    0xff, 0xff, 0xff, 0xfe, 0x60,

    /* U+00A4 "¤" */
    0x0, 0x0, 0x0, 0x0, 0x0, 0x0, 0x4, 0xe3,
    0x3a, 0xef, 0xd9, 0x16, 0xe2, 0x5f, 0xff, 0xfc,
    0xad, 0xff, 0xfe, 0x20, 0x8f, 0xc2, 0x0, 0x4,
    0xef, 0x40, 0xe, 0xd0, 0x0, 0x0, 0x4, 0xfa,
    0x5, 0xf6, 0x0, 0x0, 0x0, 0xb, 0xf0, 0x7f,
    0x30, 0x0, 0x0, 0x0, 0x8f, 0x27, 0xf3, 0x0,
    0x0, 0x0, 0x8, 0xf2, 0x5f, 0x60, 0x0, 0x0,
    0x0, 0xcf, 0x0, 0xee, 0x0, 0x0, 0x0, 0x4f,
    0x90, 0xb, 0xfc, 0x20, 0x0, 0x4e, 0xf6, 0x7,
    0xfe, 0xff, 0xcb, 0xdf, 0xef, 0xf4, 0x2b, 0x13,
    0xbe, 0xfd, 0x81, 0x3b, 0x0,

    /* U+00A5 "¥" */
    0x7f, 0xe0, 0x0, 0x0, 0xcf, 0x90, 0xef, 0x50,
    0x0, 0x3f, 0xf1, 0x7, 0xfd, 0x0, 0xb, 0xf9,
    0x0, 0xe, 0xf4, 0x2, 0xff, 0x10, 0x0, 0x6f,
    0xc0, 0xaf, 0x90, 0x0, 0x0, 0xef, 0x5f, 0xf1,
    0x0, 0x1, 0x28, 0xff, 0xfa, 0x21, 0x0, 0xbf,
    0xff, 0xff, 0xff, 0xb0, 0x3, 0x55, 0xbf, 0xc5,
    0x53, 0x0, 0x12, 0x29, 0xfb, 0x22, 0x10, 0xb,
    0xff, 0xff, 0xff, 0xfb, 0x0, 0x35, 0x5b, 0xfc,
    0x55, 0x30, 0x0, 0x0, 0x8f, 0xa0, 0x0, 0x0,
    0x0, 0x8, 0xfa, 0x0, 0x0,

    /* U+00A6 "¦" */
    0x1f, 0xe1, 0xfe, 0x1f, 0xe1, 0xfe, 0x1f, 0xe1,
    0xfe, 0xa, 0x90, 0x0, 0x0, 0x0, 0x0, 0xa,
    0x91, 0xfe, 0x1f, 0xe1, 0xfe, 0x1f, 0xe1, 0xfe,
    0x1f, 0xe0,

    /* U+00A7 "§" */
    0x0, 0x6d, 0xfe, 0x91, 0x0, 0x9, 0xff, 0xce,
    0xfc, 0x0, 0xf, 0xf2, 0x0, 0xbf, 0x50, 0xf,
    0xf0, 0x0, 0x26, 0x10, 0xb, 0xf9, 0x0, 0x0,
    0x0, 0x1, 0xdd, 0xe5, 0x0, 0x0, 0x3e, 0x20,
    0x5d, 0xd3, 0x0, 0xbf, 0x0, 0x0, 0x7f, 0x50,
    0xdf, 0x70, 0x0, 0xa, 0xf1, 0x8f, 0xfc, 0x40,
    0xa, 0xf3, 0xc, 0xff, 0xfb, 0xaf, 0xf1, 0x0,
    0x6e, 0xff, 0xfc, 0x40, 0x0, 0x0, 0x7f, 0xf9,
    0x0, 0x0, 0x0, 0x2, 0xef, 0x30, 0x39, 0x60,
    0x0, 0x9f, 0x70, 0x2f, 0xe4, 0x3, 0xef, 0x50,
    0x8, 0xff, 0xff, 0xfb, 0x0, 0x0, 0x4a, 0xba,
    0x50, 0x0,

    /* U+00A8 "¨" */
    0x5, 0x40, 0x4, 0x50, 0x4f, 0xf1, 0x1f, 0xf4,
    0x1d, 0xc0, 0xc, 0xe1,

    /* U+00A9 "©" */
    0x0, 0x0, 0x6, 0xbd, 0xdb, 0x71, 0x0, 0x0,
    0x0, 0x4, 0xef, 0xff, 0xff, 0xff, 0x70, 0x0,
    0x0, 0x5f, 0xfa, 0x41, 0x3, 0x8f, 0xf9, 0x0,
    0x2, 0xff, 0x60, 0x5a, 0xb8, 0x12, 0xef, 0x60,
    0xa, 0xf8, 0xa, 0xff, 0xff, 0xe2, 0x3f, 0xe0,
    0xf, 0xe0, 0x6f, 0xc2, 0x7, 0xfc, 0xb, 0xf5,
    0x4f, 0xa0, 0xcf, 0x10, 0x0, 0x79, 0x6, 0xf8,
    0x5f, 0x90, 0xed, 0x0, 0x0, 0x0, 0x4, 0xf9,
    0x4f, 0xa0, 0xcf, 0x10, 0x0, 0x88, 0x5, 0xf8,
    0x1f, 0xe0, 0x6f, 0xc2, 0x8, 0xfa, 0xa, 0xf5,
    0xb, 0xf6, 0xa, 0xff, 0xff, 0xe1, 0x2f, 0xf1,
    0x3, 0xff, 0x40, 0x5a, 0xb8, 0x11, 0xdf, 0x70,
    0x0, 0x7f, 0xf9, 0x20, 0x1, 0x6e, 0xfb, 0x0,
    0x0, 0x5, 0xff, 0xff, 0xef, 0xff, 0x90, 0x0,
    0x0, 0x0, 0x17, 0xcf, 0xfd, 0x92, 0x0, 0x0,

    /* U+00AA "ª" */
    0x0, 0x8d, 0xfe, 0x80, 0x0, 0xcf, 0xa7, 0xbf,
    0xa0, 0x3, 0x40, 0x0, 0xef, 0x0, 0x5, 0x8a,
    0xdf, 0xf0, 0x1d, 0xfb, 0x74, 0xdf, 0x5, 0xf8,
    0x0, 0xf, 0xf0, 0x3f, 0xe8, 0x7d, 0xff, 0x0,
    0x5d, 0xfd, 0x5c, 0xf0,

    /* U+00AB "«" */
    0x0, 0x0, 0x9f, 0xc0, 0x6f, 0xe1, 0x0, 0x6,
    0xfe, 0x14, 0xff, 0x30, 0x0, 0x4f, 0xf2, 0x2f,
    0xf5, 0x0, 0x3, 0xff, 0x41, 0xef, 0x70, 0x0,
    0xd, 0xf9, 0xa, 0xfc, 0x0, 0x0, 0x4, 0xff,
    0x32, 0xff, 0x50, 0x0, 0x0, 0x6f, 0xe1, 0x4f,
    0xf3, 0x0, 0x0, 0x9, 0xfc, 0x6, 0xfe, 0x10,
    0x0, 0x0, 0xbf, 0xa0, 0x8f, 0xc0, 0x0, 0x0,
    0x2, 0x20, 0x2, 0x20,

    /* U+00AC "¬" */
    0xac, 0xcc, 0xcc, 0xcc, 0x6d, 0xff, 0xff, 0xff,
    0xf8, 0x0, 0x0, 0x0, 0x6f, 0x80, 0x0, 0x0,
    0x6, 0xf8, 0x0, 0x0, 0x0, 0x38, 0x40,

    /* U+00AE "®" */
    0x0, 0x0, 0x0, 0x10, 0x0, 0x0, 0x0, 0x0,
    0x2a, 0xff, 0xfc, 0x40, 0x0, 0x0, 0x4f, 0xd7,
    0x56, 0xcf, 0x80, 0x0, 0x2f, 0xb0, 0x0, 0x0,
    0x7f, 0x60, 0x9, 0xe0, 0x5f, 0xee, 0x40, 0xae,
    0x0, 0xe8, 0x6, 0xd0, 0x8d, 0x3, 0xf3, 0xf,
    0x60, 0x6d, 0x8, 0xd0, 0x1f, 0x40, 0xe8, 0x6,
    0xfd, 0xf5, 0x3, 0xf3, 0xa, 0xd0, 0x6d, 0xc,
    0x90, 0x9f, 0x0, 0x3f, 0x82, 0x60, 0x27, 0x4f,
    0x80, 0x0, 0x7f, 0xb4, 0x23, 0x9f, 0xb0, 0x0,
    0x0, 0x4d, 0xff, 0xfe, 0x70, 0x0, 0x0, 0x0,
    0x2, 0x43, 0x0, 0x0, 0x0,

    /* U+00AF "¯" */
    0x8, 0x88, 0x88, 0x31, 0xff, 0xff, 0xf6,

    /* U+00B0 "°" */
    0x0, 0x69, 0x71, 0x0, 0xdf, 0xff, 0xe2, 0x8f,
    0x70, 0x5f, 0xab, 0xe0, 0x0, 0xce, 0xaf, 0x20,
    0x1e, 0xc3, 0xfe, 0xae, 0xf5, 0x4, 0xcf, 0xd5,
    0x0,

    /* U+00B1 "±" */
    0x0, 0x0, 0x4f, 0xa0, 0x0, 0x0, 0x0, 0x4,
    0xfa, 0x0, 0x0, 0x0, 0x0, 0x4f, 0xa0, 0x0,
    0x1, 0xff, 0xff, 0xff, 0xff, 0xf6, 0xd, 0xdd,
    0xef, 0xfd, 0xdd, 0x50, 0x0, 0x4, 0xfa, 0x0,
    0x0, 0x0, 0x0, 0x4f, 0xa0, 0x0, 0x0, 0x0,
    0x1, 0x53, 0x0, 0x0, 0xe, 0xee, 0xee, 0xee,
    0xee, 0x51, 0xff, 0xff, 0xff, 0xff, 0xf6,

    /* U+00B2 "²" */
    0x9, 0xef, 0xd7, 0xa, 0xfa, 0x7d, 0xf6, 0x67,
    0x0, 0x3f, 0xa0, 0x0, 0xb, 0xf5, 0x0, 0x2d,
    0xf7, 0x0, 0x5f, 0xe4, 0x0, 0x9f, 0xf9, 0x88,
    0x7d, 0xff, 0xff, 0xff,

    /* U+00B3 "³" */
    0x0, 0x8d, 0xfe, 0x90, 0x0, 0x9f, 0xb8, 0xbf,
    0xa0, 0x2, 0x20, 0x15, 0xfa, 0x0, 0x0, 0x7f,
    0xfa, 0x0, 0x0, 0x1, 0x37, 0xfc, 0x0, 0x77,
    0x0, 0xe, 0xf2, 0xb, 0xfc, 0x8c, 0xfd, 0x0,
    0x8, 0xef, 0xe9, 0x10,

    /* U+00B4 "´" */
    0x2, 0xec, 0x0, 0xaf, 0x40, 0x2f, 0x90, 0x0,

    /* U+00B5 "µ" */
    0x8f, 0x90, 0x0, 0x8, 0xf9, 0x8, 0xf9, 0x0,
    0x0, 0x8f, 0x90, 0x8f, 0x90, 0x0, 0x8, 0xf9,
    0x8, 0xf9, 0x0, 0x0, 0x8f, 0x90, 0x8f, 0x90,
    0x0, 0x8, 0xf9, 0x8, 0xf9, 0x0, 0x0, 0x8f,
    0x90, 0x8f, 0x90, 0x0, 0x8, 0xf9, 0x8, 0xfb,
    0x0, 0x0, 0xaf, 0x90, 0x8f, 0xf3, 0x0, 0x2f,
    0xf9, 0x8, 0xfe, 0xfb, 0xbf, 0xcf, 0xf9, 0x8f,
    0x98, 0xee, 0x90, 0x8e, 0xe8, 0xf9, 0x0, 0x0,
    0x0, 0x0, 0x8f, 0x90, 0x0, 0x0, 0x0, 0x8,
    0xf9, 0x0, 0x0, 0x0, 0x0, 0x8f, 0x90, 0x0,
    0x0, 0x0, 0x0,

    /* U+00B6 "¶" */
    0x0, 0x8, 0xdf, 0xff, 0xff, 0x60, 0x1d, 0xff,
    0xff, 0xde, 0xf6, 0x9, 0xff, 0xff, 0xa0, 0x9f,
    0x60, 0xef, 0xff, 0xfa, 0x9, 0xf6, 0xf, 0xff,
    0xff, 0xa0, 0x9f, 0x60, 0xdf, 0xff, 0xfa, 0x9,
    0xf6, 0x8, 0xff, 0xff, 0xa0, 0x9f, 0x60, 0xc,
    0xff, 0xfa, 0x9, 0xf6, 0x0, 0x6, 0xbc, 0x80,
    0x9f, 0x60, 0x0, 0x0, 0x0, 0x9, 0xf6, 0x0,
    0x0, 0x0, 0x0, 0x9f, 0x60, 0x0, 0x0, 0x0,
    0x9, 0xf6, 0x0, 0x0, 0x0, 0x0, 0x9f, 0x60,
    0x0, 0x0, 0x0, 0x9, 0xf6,

    /* U+00B7 "·" */
    0xb, 0xb1, 0x5f, 0xf6, 0x1d, 0xd2,

    /* U+00B8 "¸" */
    0x1, 0x10, 0x0, 0xa6, 0x0, 0xc, 0xea, 0x0,
    0x4, 0xf3, 0x3f, 0xfd, 0x10, 0x21, 0x0,

    /* U+00B9 "¹" */
    0x1a, 0xff, 0x1f, 0xee, 0xf1, 0x80, 0xcf, 0x10,
    0xc, 0xf1, 0x0, 0xcf, 0x10, 0xc, 0xf1, 0x0,
    0xcf, 0x10, 0xc, 0xf1,

    /* U+00BA "º" */
    0x0, 0x5c, 0xfe, 0xb2, 0x0, 0x7f, 0xe9, 0xaf,
    0xf2, 0xf, 0xf2, 0x0, 0x5f, 0xa3, 0xfb, 0x0,
    0x0, 0xfe, 0x3f, 0xb0, 0x0, 0xf, 0xe0, 0xff,
    0x10, 0x5, 0xfb, 0x7, 0xfe, 0x9a, 0xff, 0x20,
    0x5, 0xcf, 0xeb, 0x20,

    /* U+00BB "»" */
    0xc, 0xf9, 0xa, 0xfb, 0x0, 0x0, 0x1, 0xef,
    0x60, 0xcf, 0x90, 0x0, 0x0, 0x2f, 0xf4, 0x1e,
    0xf7, 0x0, 0x0, 0x4, 0xff, 0x22, 0xff, 0x50,
    0x0, 0x0, 0x9f, 0xd0, 0x6f, 0xf1, 0x0, 0x3,
    0xff, 0x41, 0xef, 0x70, 0x0, 0x1e, 0xf6, 0xc,
    0xf9, 0x0, 0x0, 0xcf, 0x90, 0xaf, 0xb0, 0x0,
    0xa, 0xfb, 0x8, 0xfd, 0x0, 0x0, 0x2, 0x20,
    0x2, 0x21, 0x0, 0x0,

    /* U+00BC "¼" */
    0x5, 0xff, 0x60, 0x0, 0x0, 0x6, 0xf5, 0x0,
    0x3f, 0xbf, 0x60, 0x0, 0x0, 0x2f, 0xa0, 0x0,
    0x24, 0x4f, 0x60, 0x0, 0x0, 0xce, 0x10, 0x0,
    0x0, 0x4f, 0x60, 0x0, 0x8, 0xf4, 0x0, 0x0,
    0x0, 0x4f, 0x60, 0x0, 0x3f, 0x80, 0x0, 0x0,
    0x0, 0x4f, 0x60, 0x0, 0xdd, 0x0, 0x0, 0x0,
    0x0, 0x4f, 0x60, 0xa, 0xf2, 0x0, 0x57, 0x40,
    0x0, 0x4f, 0x60, 0x5f, 0x70, 0x2, 0xff, 0x90,
    0x0, 0x0, 0x1, 0xeb, 0x0, 0xb, 0xef, 0x90,
    0x0, 0x0, 0xb, 0xe1, 0x0, 0x4f, 0x5f, 0x90,
    0x0, 0x0, 0x6f, 0x50, 0x0, 0xdc, 0xf, 0x90,
    0x0, 0x2, 0xfa, 0x0, 0x7, 0xf5, 0x1f, 0xa0,
    0x0, 0xc, 0xe1, 0x0, 0xb, 0xff, 0xff, 0xf9,
    0x0, 0x8f, 0x40, 0x0, 0x3, 0x44, 0x5f, 0xb2,
    0x0, 0x43, 0x0, 0x0, 0x0, 0x0, 0x4, 0x20,

    /* U+00BD "½" */
    0x1, 0x89, 0x30, 0x0, 0x0, 0x2, 0x94, 0x0,
    0x1, 0xef, 0xf6, 0x0, 0x0, 0x0, 0xce, 0x10,
    0x0, 0x4a, 0x5f, 0x60, 0x0, 0x0, 0x7f, 0x40,
    0x0, 0x0, 0x4, 0xf6, 0x0, 0x0, 0x2f, 0x90,
    0x0, 0x0, 0x0, 0x4f, 0x60, 0x0, 0xc, 0xe0,
    0x0, 0x0, 0x0, 0x4, 0xf6, 0x0, 0x8, 0xf4,
    0x0, 0x0, 0x0, 0x0, 0x4f, 0x60, 0x3, 0xf9,
    0x0, 0x1, 0x0, 0x0, 0x4, 0xf6, 0x0, 0xde,
    0x0, 0x7f, 0xfe, 0x50, 0x0, 0x15, 0x20, 0x8f,
    0x40, 0x2f, 0xb6, 0xdf, 0x0, 0x0, 0x0, 0x3f,
    0x90, 0x1, 0x31, 0x8, 0xf2, 0x0, 0x0, 0xd,
    0xe0, 0x0, 0x0, 0x1, 0xec, 0x0, 0x0, 0x8,
    0xf4, 0x0, 0x0, 0x0, 0xcf, 0x20, 0x0, 0x3,
    0xf9, 0x0, 0x0, 0x0, 0xbf, 0x50, 0x0, 0x0,
    0xdd, 0x0, 0x0, 0x0, 0xaf, 0x92, 0x20, 0x0,
    0x8f, 0x40, 0x0, 0x0, 0x3f, 0xff, 0xff, 0x40,
    0x4, 0x40, 0x0, 0x0, 0x1, 0x55, 0x55, 0x51,

    /* U+00BE "¾" */
    0x0, 0x0, 0x0, 0x0, 0x0, 0x0, 0x0, 0x10,
    0x0, 0x2, 0xcf, 0xfb, 0x0, 0x0, 0x0, 0xd,
    0xd0, 0x0, 0xb, 0xc5, 0x8f, 0x70, 0x0, 0x0,
    0xaf, 0x20, 0x0, 0x0, 0x0, 0x5f, 0x70, 0x0,
    0x5, 0xf7, 0x0, 0x0, 0x0, 0x1f, 0xfb, 0x0,
    0x0, 0x1e, 0xb0, 0x0, 0x0, 0x0, 0x3, 0x7f,
    0x90, 0x0, 0xbf, 0x10, 0x0, 0x0, 0x0, 0x0,
    0xe, 0xe0, 0x6, 0xf5, 0x0, 0x0, 0x0, 0xc,
    0xb3, 0x5f, 0xb0, 0x2f, 0xa0, 0x0, 0x11, 0x0,
    0x6, 0xff, 0xfd, 0x20, 0xce, 0x10, 0x5, 0xff,
    0x20, 0x0, 0x13, 0x30, 0x7, 0xf4, 0x0, 0x1e,
    0xff, 0x20, 0x0, 0x0, 0x0, 0x3f, 0x90, 0x0,
    0x9e, 0x8f, 0x20, 0x0, 0x0, 0x0, 0xdd, 0x0,
    0x3, 0xf6, 0x7f, 0x20, 0x0, 0x0, 0x9, 0xf3,
    0x0, 0xd, 0xd1, 0x7f, 0x30, 0x0, 0x0, 0x4f,
    0x70, 0x0, 0x2f, 0xff, 0xff, 0xf2, 0x0, 0x1,
    0xec, 0x0, 0x0, 0x4, 0x44, 0xaf, 0x60, 0x0,
    0x1, 0x41, 0x0, 0x0, 0x0, 0x0, 0x24, 0x0,

    /* U+00BF "¿" */
    0x0, 0x0, 0x5e, 0xb0, 0x0, 0x0, 0x0, 0xaf,
    0xf2, 0x0, 0x0, 0x0, 0x3c, 0x90, 0x0, 0x0,
    0x0, 0x0, 0x0, 0x0, 0x0, 0x0, 0x17, 0x50,
    0x0, 0x0, 0x0, 0x5f, 0xb0, 0x0, 0x0, 0x0,
    0xbf, 0x90, 0x0, 0x0, 0x1b, 0xff, 0x20, 0x0,
    0x2, 0xef, 0xd3, 0x0, 0x0, 0xa, 0xfd, 0x10,
    0x0, 0x0, 0xf, 0xf4, 0x0, 0x0, 0x0, 0xf,
    0xf4, 0x0, 0x8, 0xfa, 0xb, 0xfb, 0x0, 0x2e,
    0xf6, 0x3, 0xff, 0xfd, 0xff, 0xc0, 0x0, 0x2a,
    0xef, 0xd8, 0x0,

    /* U+00C0 "À" */
    0x0, 0x0, 0x4e, 0xb0, 0x0, 0x0, 0x0, 0x0,
    0x0, 0xb, 0xf3, 0x0, 0x0, 0x0, 0x0, 0x0,
    0x1, 0xfb, 0x0, 0x0, 0x0, 0x0, 0x0, 0x0,
    0x0, 0x0, 0x0, 0x0, 0x0, 0x0, 0x0, 0x0,
    0x0, 0x0, 0x0, 0x0, 0x0, 0x8, 0xff, 0x90,
    0x0, 0x0, 0x0, 0x0, 0xe, 0xff, 0xe0, 0x0,
    0x0, 0x0, 0x0, 0x4f, 0xcb, 0xf5, 0x0, 0x0,
    0x0, 0x0, 0x9f, 0x76, 0xfb, 0x0, 0x0, 0x0,
    0x0, 0xff, 0x21, 0xff, 0x10, 0x0, 0x0, 0x5,
    0xfc, 0x0, 0xbf, 0x70, 0x0, 0x0, 0xb, 0xf7,
    0x0, 0x5f, 0xd0, 0x0, 0x0, 0x1f, 0xf1, 0x0,
    0xe, 0xf3, 0x0, 0x0, 0x7f, 0xfd, 0xdd, 0xdf,
    0xf9, 0x0, 0x0, 0xdf, 0xff, 0xff, 0xff, 0xff,
    0x0, 0x3, 0xff, 0x10, 0x0, 0x0, 0xef, 0x50,
    0x9, 0xfb, 0x0, 0x0, 0x0, 0x9f, 0xb0, 0xe,
    0xf6, 0x0, 0x0, 0x0, 0x3f, 0xf2, 0x5f, 0xf1,
    0x0, 0x0, 0x0, 0xe, 0xf7,

    /* U+00C1 "Á" */
    0x0, 0x0, 0x0, 0x9, 0xe6, 0x0, 0x0, 0x0,
    0x0, 0x0, 0x1f, 0xd0, 0x0, 0x0, 0x0, 0x0,
    0x0, 0x9f, 0x30, 0x0, 0x0, 0x0, 0x0, 0x0,
    0x0, 0x0, 0x0, 0x0, 0x0, 0x0, 0x0, 0x0,
    0x0, 0x0, 0x0, 0x0, 0x0, 0x8, 0xff, 0x90,
    0x0, 0x0, 0x0, 0x0, 0xe, 0xff, 0xe0, 0x0,
    0x0, 0x0, 0x0, 0x4f, 0xcb, 0xf5, 0x0, 0x0,
    0x0, 0x0, 0x9f, 0x76, 0xfb, 0x0, 0x0, 0x0,
    0x0, 0xff, 0x21, 0xff, 0x10, 0x0, 0x0, 0x5,
    0xfc, 0x0, 0xbf, 0x70, 0x0, 0x0, 0xb, 0xf7,
    0x0, 0x5f, 0xd0, 0x0, 0x0, 0x1f, 0xf1, 0x0,
    0xe, 0xf3, 0x0, 0x0, 0x7f, 0xfd, 0xdd, 0xdf,
    0xf9, 0x0, 0x0, 0xdf, 0xff, 0xff, 0xff, 0xff,
    0x0, 0x3, 0xff, 0x10, 0x0, 0x0, 0xef, 0x50,
    0x9, 0xfb, 0x0, 0x0, 0x0, 0x9f, 0xb0, 0xe,
    0xf6, 0x0, 0x0, 0x0, 0x3f, 0xf2, 0x5f, 0xf1,
    0x0, 0x0, 0x0, 0xe, 0xf7,

    /* U+00C2 "Â" */
    0x0, 0x0, 0x4, 0xff, 0x60, 0x0, 0x0, 0x0,
    0x0, 0x2f, 0xca, 0xf4, 0x0, 0x0, 0x0, 0x1,
    0xee, 0x20, 0xde, 0x20, 0x0, 0x0, 0x0, 0x0,
    0x0, 0x0, 0x0, 0x0, 0x0, 0x0, 0x0, 0x0,
    0x0, 0x0, 0x0, 0x0, 0x0, 0x8, 0xff, 0x90,
    0x0, 0x0, 0x0, 0x0, 0xe, 0xff, 0xe0, 0x0,
    0x0, 0x0, 0x0, 0x4f, 0xcb, 0xf5, 0x0, 0x0,
    0x0, 0x0, 0x9f, 0x76, 0xfb, 0x0, 0x0, 0x0,
    0x0, 0xff, 0x21, 0xff, 0x10, 0x0, 0x0, 0x5,
    0xfc, 0x0, 0xbf, 0x70, 0x0, 0x0, 0xb, 0xf7,
    0x0, 0x5f, 0xd0, 0x0, 0x0, 0x1f, 0xf1, 0x0,
    0xe, 0xf3, 0x0, 0x0, 0x7f, 0xfd, 0xdd, 0xdf,
    0xf9, 0x0, 0x0, 0xdf, 0xff, 0xff, 0xff, 0xff,
    0x0, 0x3, 0xff, 0x10, 0x0, 0x0, 0xef, 0x50,
    0x9, 0xfb, 0x0, 0x0, 0x0, 0x9f, 0xb0, 0xe,
    0xf6, 0x0, 0x0, 0x0, 0x3f, 0xf2, 0x5f, 0xf1,
    0x0, 0x0, 0x0, 0xe, 0xf7,

    /* U+00C3 "Ã" */
    0x0, 0x0, 0x0, 0x11, 0x11, 0x0, 0x0, 0x0,
    0x0, 0x9f, 0xff, 0xfd, 0x0, 0x0, 0x0, 0x0,
    0x34, 0x44, 0x30, 0x0, 0x0, 0x0, 0x0, 0x0,
    0x0, 0x0, 0x0, 0x0, 0x0, 0x0, 0x0, 0x0,
    0x0, 0x0, 0x0, 0x0, 0x0, 0x8, 0xff, 0x90,
    0x0, 0x0, 0x0, 0x0, 0xe, 0xff, 0xe0, 0x0,
    0x0, 0x0, 0x0, 0x4f, 0xcb, 0xf5, 0x0, 0x0,
    0x0, 0x0, 0x9f, 0x76, 0xfb, 0x0, 0x0, 0x0,
    0x0, 0xff, 0x21, 0xff, 0x10, 0x0, 0x0, 0x5,
    0xfc, 0x0, 0xbf, 0x70, 0x0, 0x0, 0xb, 0xf7,
    0x0, 0x5f, 0xd0, 0x0, 0x0, 0x1f, 0xf1, 0x0,
    0xe, 0xf3, 0x0, 0x0, 0x7f, 0xfd, 0xdd, 0xdf,
    0xf9, 0x0, 0x0, 0xdf, 0xff, 0xff, 0xff, 0xff,
    0x0, 0x3, 0xff, 0x10, 0x0, 0x0, 0xef, 0x50,
    0x9, 0xfb, 0x0, 0x0, 0x0, 0x9f, 0xb0, 0xe,
    0xf6, 0x0, 0x0, 0x0, 0x3f, 0xf2, 0x5f, 0xf1,
    0x0, 0x0, 0x0, 0xe, 0xf7,

    /* U+00C4 "Ä" */
    0x0, 0x0, 0x54, 0x0, 0x35, 0x0, 0x0, 0x0,
    0x2, 0xff, 0x20, 0xff, 0x50, 0x0, 0x0, 0x1,
    0xdd, 0x0, 0xbe, 0x20, 0x0, 0x0, 0x0, 0x0,
    0x0, 0x0, 0x0, 0x0, 0x0, 0x0, 0x0, 0x0,
    0x0, 0x0, 0x0, 0x0, 0x0, 0x8, 0xff, 0x90,
    0x0, 0x0, 0x0, 0x0, 0xe, 0xff, 0xe0, 0x0,
    0x0, 0x0, 0x0, 0x4f, 0xcb, 0xf5, 0x0, 0x0,
    0x0, 0x0, 0x9f, 0x76, 0xfb, 0x0, 0x0, 0x0,
    0x0, 0xff, 0x21, 0xff, 0x10, 0x0, 0x0, 0x5,
    0xfc, 0x0, 0xbf, 0x70, 0x0, 0x0, 0xb, 0xf7,
    0x0, 0x5f, 0xd0, 0x0, 0x0, 0x1f, 0xf1, 0x0,
    0xe, 0xf3, 0x0, 0x0, 0x7f, 0xfd, 0xdd, 0xdf,
    0xf9, 0x0, 0x0, 0xdf, 0xff, 0xff, 0xff, 0xff,
    0x0, 0x3, 0xff, 0x10, 0x0, 0x0, 0xef, 0x50,
    0x9, 0xfb, 0x0, 0x0, 0x0, 0x9f, 0xb0, 0xe,
    0xf6, 0x0, 0x0, 0x0, 0x3f, 0xf2, 0x5f, 0xf1,
    0x0, 0x0, 0x0, 0xe, 0xf7,

    /* U+00C5 "Å" */
    0x0, 0x0, 0x0, 0x0, 0x0, 0x0, 0x0, 0x0,
    0x0, 0x6, 0xef, 0x80, 0x0, 0x0, 0x0, 0x0,
    0x4f, 0x75, 0xf6, 0x0, 0x0, 0x0, 0x0, 0x8e,
    0x0, 0xca, 0x0, 0x0, 0x0, 0x0, 0x5f, 0x42,
    0xf8, 0x0, 0x0, 0x0, 0x0, 0x9, 0xff, 0xb0,
    0x0, 0x0, 0x0, 0x0, 0x0, 0x22, 0x0, 0x0,
    0x0, 0x0, 0x0, 0x8, 0xff, 0x90, 0x0, 0x0,
    0x0, 0x0, 0xe, 0xff, 0xe0, 0x0, 0x0, 0x0,
    0x0, 0x4f, 0xcb, 0xf5, 0x0, 0x0, 0x0, 0x0,
    0x9f, 0x76, 0xfb, 0x0, 0x0, 0x0, 0x0, 0xff,
    0x21, 0xff, 0x10, 0x0, 0x0, 0x5, 0xfc, 0x0,
    0xbf, 0x70, 0x0, 0x0, 0xb, 0xf7, 0x0, 0x5f,
    0xd0, 0x0, 0x0, 0x1f, 0xf1, 0x0, 0xe, 0xf3,
    0x0, 0x0, 0x7f, 0xfd, 0xdd, 0xdf, 0xf9, 0x0,
    0x0, 0xdf, 0xff, 0xff, 0xff, 0xff, 0x0, 0x3,
    0xff, 0x10, 0x0, 0x0, 0xef, 0x50, 0x9, 0xfb,
    0x0, 0x0, 0x0, 0x9f, 0xb0, 0xe, 0xf6, 0x0,
    0x0, 0x0, 0x3f, 0xf2, 0x5f, 0xf1, 0x0, 0x0,
    0x0, 0xe, 0xf7,

    /* U+00C6 "Æ" */
    0x0, 0x0, 0x0, 0xe, 0xff, 0xff, 0xff, 0xff,
    0xff, 0xc0, 0x0, 0x0, 0x7, 0xfd, 0x9f, 0xfe,
    0xee, 0xee, 0xeb, 0x0, 0x0, 0x0, 0xef, 0x54,
    0xfd, 0x0, 0x0, 0x0, 0x0, 0x0, 0x0, 0x7f,
    0xd0, 0x4f, 0xd0, 0x0, 0x0, 0x0, 0x0, 0x0,
    0xe, 0xf5, 0x4, 0xfd, 0x0, 0x0, 0x0, 0x0,
    0x0, 0x6, 0xfd, 0x0, 0x4f, 0xd0, 0x0, 0x0,
    0x0, 0x0, 0x0, 0xdf, 0x50, 0x4, 0xff, 0xff,
    0xff, 0xff, 0x40, 0x0, 0x5f, 0xd0, 0x0, 0x4f,
    0xfe, 0xee, 0xee, 0xe4, 0x0, 0xd, 0xfe, 0xcc,
    0xcd, 0xfd, 0x0, 0x0, 0x0, 0x0, 0x5, 0xff,
    0xff, 0xff, 0xff, 0xd0, 0x0, 0x0, 0x0, 0x0,
    0xcf, 0x70, 0x0, 0x4, 0xfd, 0x0, 0x0, 0x0,
    0x0, 0x4f, 0xf1, 0x0, 0x0, 0x4f, 0xd0, 0x0,
    0x0, 0x0, 0xc, 0xf9, 0x0, 0x0, 0x4, 0xff,
    0xee, 0xee, 0xee, 0xc4, 0xff, 0x20, 0x0, 0x0,
    0x4f, 0xff, 0xff, 0xff, 0xfd,

    /* U+00C7 "Ç" */
    0x0, 0x3, 0xad, 0xfe, 0xb6, 0x0, 0x0, 0x8,
    0xff, 0xff, 0xff, 0xfc, 0x10, 0x8, 0xff, 0x93,
    0x2, 0x6e, 0xfc, 0x2, 0xff, 0x70, 0x0, 0x0,
    0x2f, 0xf4, 0x8f, 0xd0, 0x0, 0x0, 0x0, 0x7a,
    0x5b, 0xf7, 0x0, 0x0, 0x0, 0x0, 0x0, 0xdf,
    0x50, 0x0, 0x0, 0x0, 0x0, 0xd, 0xf5, 0x0,
    0x0, 0x0, 0x0, 0x0, 0xbf, 0x70, 0x0, 0x0,
    0x0, 0x0, 0x8, 0xfc, 0x0, 0x0, 0x0, 0x7,
    0xa5, 0x2f, 0xf6, 0x0, 0x0, 0x2, 0xff, 0x40,
    0x8f, 0xf9, 0x30, 0x26, 0xef, 0xc0, 0x0, 0x8f,
    0xff, 0xff, 0xff, 0xc1, 0x0, 0x0, 0x3a, 0xdf,
    0xfb, 0x60, 0x0, 0x0, 0x0, 0x0, 0xf4, 0x0,
    0x0, 0x0, 0x0, 0x0, 0x1a, 0xeb, 0x0, 0x0,
    0x0, 0x0, 0x0, 0x19, 0xf0, 0x0, 0x0, 0x0,
    0x0, 0x8f, 0xe7, 0x0, 0x0,

    /* U+00C8 "È" */
    0x0, 0x3e, 0xd0, 0x0, 0x0, 0x0, 0x9, 0xf6,
    0x0, 0x0, 0x0, 0x0, 0xdd, 0x0, 0x0, 0x0,
    0x0, 0x0, 0x0, 0x0, 0x0, 0x0, 0x0, 0x0,
    0x0, 0x6f, 0xff, 0xff, 0xff, 0xfc, 0x6f, 0xfe,
    0xee, 0xee, 0xeb, 0x6f, 0xd0, 0x0, 0x0, 0x0,
    0x6f, 0xd0, 0x0, 0x0, 0x0, 0x6f, 0xd0, 0x0,
    0x0, 0x0, 0x6f, 0xd0, 0x0, 0x0, 0x0, 0x6f,
    0xff, 0xff, 0xff, 0xf4, 0x6f, 0xfe, 0xee, 0xee,
    0xe4, 0x6f, 0xd0, 0x0, 0x0, 0x0, 0x6f, 0xd0,
    0x0, 0x0, 0x0, 0x6f, 0xd0, 0x0, 0x0, 0x0,
    0x6f, 0xd0, 0x0, 0x0, 0x0, 0x6f, 0xfe, 0xee,
    0xee, 0xec, 0x6f, 0xff, 0xff, 0xff, 0xfd,

    /* U+00C9 "É" */
    0x0, 0x0, 0x6, 0xe9, 0x0, 0x0, 0x0, 0xe,
    0xe1, 0x0, 0x0, 0x0, 0x6f, 0x50, 0x0, 0x0,
    0x0, 0x0, 0x0, 0x0, 0x0, 0x0, 0x0, 0x0,
    0x0, 0x6f, 0xff, 0xff, 0xff, 0xfc, 0x6f, 0xfe,
    0xee, 0xee, 0xeb, 0x6f, 0xd0, 0x0, 0x0, 0x0,
    0x6f, 0xd0, 0x0, 0x0, 0x0, 0x6f, 0xd0, 0x0,
    0x0, 0x0, 0x6f, 0xd0, 0x0, 0x0, 0x0, 0x6f,
    0xff, 0xff, 0xff, 0xf4, 0x6f, 0xfe, 0xee, 0xee,
    0xe4, 0x6f, 0xd0, 0x0, 0x0, 0x0, 0x6f, 0xd0,
    0x0, 0x0, 0x0, 0x6f, 0xd0, 0x0, 0x0, 0x0,
    0x6f, 0xd0, 0x0, 0x0, 0x0, 0x6f, 0xfe, 0xee,
    0xee, 0xec, 0x6f, 0xff, 0xff, 0xff, 0xfd,

    /* U+00CA "Ê" */
    0x0, 0x2, 0xff, 0x90, 0x0, 0x0, 0x1e, 0xe9,
    0xf6, 0x0, 0x0, 0xcf, 0x30, 0xbf, 0x30, 0x0,
    0x0, 0x0, 0x0, 0x0, 0x0, 0x0, 0x0, 0x0,
    0x0, 0x6f, 0xff, 0xff, 0xff, 0xfc, 0x6f, 0xfe,
    0xee, 0xee, 0xeb, 0x6f, 0xd0, 0x0, 0x0, 0x0,
    0x6f, 0xd0, 0x0, 0x0, 0x0, 0x6f, 0xd0, 0x0,
    0x0, 0x0, 0x6f, 0xd0, 0x0, 0x0, 0x0, 0x6f,
    0xff, 0xff, 0xff, 0xf4, 0x6f, 0xfe, 0xee, 0xee,
    0xe4, 0x6f, 0xd0, 0x0, 0x0, 0x0, 0x6f, 0xd0,
    0x0, 0x0, 0x0, 0x6f, 0xd0, 0x0, 0x0, 0x0,
    0x6f, 0xd0, 0x0, 0x0, 0x0, 0x6f, 0xfe, 0xee,
    0xee, 0xec, 0x6f, 0xff, 0xff, 0xff, 0xfd,

    /* U+00CB "Ë" */
    0x0, 0x35, 0x0, 0x26, 0x0, 0x1, 0xff, 0x40,
    0xdf, 0x70, 0x0, 0xce, 0x20, 0x9f, 0x40, 0x0,
    0x0, 0x0, 0x0, 0x0, 0x0, 0x0, 0x0, 0x0,
    0x0, 0x6f, 0xff, 0xff, 0xff, 0xfc, 0x6f, 0xfe,
    0xee, 0xee, 0xeb, 0x6f, 0xd0, 0x0, 0x0, 0x0,
    0x6f, 0xd0, 0x0, 0x0, 0x0, 0x6f, 0xd0, 0x0,
    0x0, 0x0, 0x6f, 0xd0, 0x0, 0x0, 0x0, 0x6f,
    0xff, 0xff, 0xff, 0xf4, 0x6f, 0xfe, 0xee, 0xee,
    0xe4, 0x6f, 0xd0, 0x0, 0x0, 0x0, 0x6f, 0xd0,
    0x0, 0x0, 0x0, 0x6f, 0xd0, 0x0, 0x0, 0x0,
    0x6f, 0xd0, 0x0, 0x0, 0x0, 0x6f, 0xfe, 0xee,
    0xee, 0xec, 0x6f, 0xff, 0xff, 0xff, 0xfd,

    /* U+00CC "Ì" */
    0x9e, 0x60, 0x1f, 0xd0, 0x6, 0xf5, 0x0, 0x0,
    0x0, 0x0, 0x6, 0xfd, 0x6, 0xfd, 0x6, 0xfd,
    0x6, 0xfd, 0x6, 0xfd, 0x6, 0xfd, 0x6, 0xfd,
    0x6, 0xfd, 0x6, 0xfd, 0x6, 0xfd, 0x6, 0xfd,
    0x6, 0xfd, 0x6, 0xfd, 0x6, 0xfd,

    /* U+00CD "Í" */
    0x0, 0xde, 0x20, 0x7f, 0x70, 0xe, 0xd0, 0x0,
    0x0, 0x0, 0x0, 0x0, 0x6, 0xfd, 0x0, 0x6f,
    0xd0, 0x6, 0xfd, 0x0, 0x6f, 0xd0, 0x6, 0xfd,
    0x0, 0x6f, 0xd0, 0x6, 0xfd, 0x0, 0x6f, 0xd0,
    0x6, 0xfd, 0x0, 0x6f, 0xd0, 0x6, 0xfd, 0x0,
    0x6f, 0xd0, 0x6, 0xfd, 0x0, 0x6f, 0xd0, 0x0,

    /* U+00CE "Î" */
    0x0, 0xaf, 0xe2, 0x0, 0x7, 0xf8, 0xed, 0x0,
    0x5f, 0xb0, 0x4f, 0xb0, 0x0, 0x0, 0x0, 0x0,
    0x0, 0x0, 0x0, 0x0, 0x0, 0x6f, 0xd0, 0x0,
    0x0, 0x6f, 0xd0, 0x0, 0x0, 0x6f, 0xd0, 0x0,
    0x0, 0x6f, 0xd0, 0x0, 0x0, 0x6f, 0xd0, 0x0,
    0x0, 0x6f, 0xd0, 0x0, 0x0, 0x6f, 0xd0, 0x0,
    0x0, 0x6f, 0xd0, 0x0, 0x0, 0x6f, 0xd0, 0x0,
    0x0, 0x6f, 0xd0, 0x0, 0x0, 0x6f, 0xd0, 0x0,
    0x0, 0x6f, 0xd0, 0x0, 0x0, 0x6f, 0xd0, 0x0,
    0x0, 0x6f, 0xd0, 0x0,

    /* U+00CF "Ï" */
    0x6, 0x20, 0x5, 0x30, 0x8f, 0xc0, 0x5f, 0xf0,
    0x4f, 0x80, 0x2e, 0xb0, 0x0, 0x0, 0x0, 0x0,
    0x0, 0x0, 0x0, 0x0, 0x0, 0x6f, 0xd0, 0x0,
    0x0, 0x6f, 0xd0, 0x0, 0x0, 0x6f, 0xd0, 0x0,
    0x0, 0x6f, 0xd0, 0x0, 0x0, 0x6f, 0xd0, 0x0,
    0x0, 0x6f, 0xd0, 0x0, 0x0, 0x6f, 0xd0, 0x0,
    0x0, 0x6f, 0xd0, 0x0, 0x0, 0x6f, 0xd0, 0x0,
    0x0, 0x6f, 0xd0, 0x0, 0x0, 0x6f, 0xd0, 0x0,
    0x0, 0x6f, 0xd0, 0x0, 0x0, 0x6f, 0xd0, 0x0,
    0x0, 0x6f, 0xd0, 0x0,

    /* U+00D0 "Ð" */
    0x0, 0xff, 0xff, 0xfe, 0xd9, 0x20, 0x0, 0x0,
    0xff, 0xff, 0xff, 0xff, 0xf7, 0x0, 0x0, 0xff,
    0x40, 0x0, 0x29, 0xff, 0x60, 0x0, 0xff, 0x40,
    0x0, 0x0, 0x7f, 0xf0, 0x0, 0xff, 0x40, 0x0,
    0x0, 0xd, 0xf6, 0x0, 0xff, 0x40, 0x0, 0x0,
    0x9, 0xf9, 0xcf, 0xff, 0xff, 0xfe, 0x0, 0x7,
    0xfb, 0x8a, 0xff, 0xea, 0xa9, 0x0, 0x7, 0xfb,
    0x0, 0xff, 0x40, 0x0, 0x0, 0x9, 0xf9, 0x0,
    0xff, 0x40, 0x0, 0x0, 0xd, 0xf6, 0x0, 0xff,
    0x40, 0x0, 0x0, 0x7f, 0xf0, 0x0, 0xff, 0x40,
    0x0, 0x39, 0xff, 0x60, 0x0, 0xff, 0xff, 0xff,
    0xff, 0xf7, 0x0, 0x0, 0xff, 0xff, 0xfe, 0xd8,
    0x20, 0x0,

    /* U+00D1 "Ñ" */
    0x0, 0x0, 0x1, 0x11, 0x10, 0x0, 0x0, 0x0,
    0x2e, 0xff, 0xff, 0x50, 0x0, 0x0, 0x1, 0x44,
    0x44, 0x20, 0x0, 0x0, 0x0, 0x0, 0x0, 0x0,
    0x0, 0x0, 0x0, 0x0, 0x0, 0x0, 0x0, 0x0,
    0x6, 0xff, 0x80, 0x0, 0x0, 0xb, 0xf8, 0x6f,
    0xff, 0x30, 0x0, 0x0, 0xbf, 0x86, 0xff, 0xfc,
    0x0, 0x0, 0xb, 0xf8, 0x6f, 0xbc, 0xf7, 0x0,
    0x0, 0xbf, 0x86, 0xfc, 0x3f, 0xf2, 0x0, 0xb,
    0xf8, 0x6f, 0xd0, 0xaf, 0xc0, 0x0, 0xbf, 0x86,
    0xfd, 0x1, 0xef, 0x70, 0xb, 0xf8, 0x6f, 0xe0,
    0x5, 0xff, 0x20, 0xbf, 0x86, 0xfe, 0x0, 0xa,
    0xfb, 0xb, 0xf8, 0x6f, 0xe0, 0x0, 0x1e, 0xf5,
    0xbf, 0x86, 0xfe, 0x0, 0x0, 0x5f, 0xea, 0xf8,
    0x6f, 0xe0, 0x0, 0x0, 0xbf, 0xff, 0x86, 0xfe,
    0x0, 0x0, 0x1, 0xff, 0xf8, 0x6f, 0xe0, 0x0,
    0x0, 0x6, 0xff, 0x80,

    /* U+00D2 "Ò" */
    0x0, 0x0, 0xbf, 0x60, 0x0, 0x0, 0x0, 0x0,
    0x0, 0x1f, 0xd0, 0x0, 0x0, 0x0, 0x0, 0x0,
    0x6, 0xe4, 0x0, 0x0, 0x0, 0x0, 0x0, 0x0,
    0x0, 0x0, 0x0, 0x0, 0x0, 0x0, 0x0, 0x0,
    0x0, 0x0, 0x0, 0x0, 0x3, 0xad, 0xfe, 0xb5,
    0x0, 0x0, 0x0, 0x8f, 0xff, 0xff, 0xff, 0xc1,
    0x0, 0x7, 0xff, 0x93, 0x1, 0x6f, 0xfc, 0x0,
    0x2f, 0xf7, 0x0, 0x0, 0x2, 0xff, 0x70, 0x8f,
    0xc0, 0x0, 0x0, 0x0, 0x7f, 0xd0, 0xbf, 0x70,
    0x0, 0x0, 0x0, 0x2f, 0xf1, 0xdf, 0x50, 0x0,
    0x0, 0x0, 0xf, 0xf2, 0xdf, 0x50, 0x0, 0x0,
    0x0, 0xf, 0xf2, 0xbf, 0x70, 0x0, 0x0, 0x0,
    0x2f, 0xf1, 0x8f, 0xc0, 0x0, 0x0, 0x0, 0x7f,
    0xd0, 0x2f, 0xf6, 0x0, 0x0, 0x2, 0xff, 0x70,
    0x8, 0xff, 0x93, 0x1, 0x6e, 0xfc, 0x0, 0x0,
    0x8f, 0xff, 0xff, 0xff, 0xc1, 0x0, 0x0, 0x3,
    0xad, 0xfe, 0xb6, 0x0, 0x0,

    /* U+00D3 "Ó" */
    0x0, 0x0, 0x0, 0x1f, 0xf1, 0x0, 0x0, 0x0,
    0x0, 0x0, 0x8f, 0x60, 0x0, 0x0, 0x0, 0x0,
    0x0, 0xda, 0x0, 0x0, 0x0, 0x0, 0x0, 0x0,
    0x0, 0x0, 0x0, 0x0, 0x0, 0x0, 0x0, 0x0,
    0x0, 0x0, 0x0, 0x0, 0x3, 0xad, 0xfe, 0xb5,
    0x0, 0x0, 0x0, 0x8f, 0xff, 0xff, 0xff, 0xc1,
    0x0, 0x7, 0xff, 0x93, 0x1, 0x6f, 0xfc, 0x0,
    0x2f, 0xf7, 0x0, 0x0, 0x2, 0xff, 0x70, 0x8f,
    0xc0, 0x0, 0x0, 0x0, 0x7f, 0xd0, 0xbf, 0x70,
    0x0, 0x0, 0x0, 0x2f, 0xf1, 0xdf, 0x50, 0x0,
    0x0, 0x0, 0xf, 0xf2, 0xdf, 0x50, 0x0, 0x0,
    0x0, 0xf, 0xf2, 0xbf, 0x70, 0x0, 0x0, 0x0,
    0x2f, 0xf1, 0x8f, 0xc0, 0x0, 0x0, 0x0, 0x7f,
    0xd0, 0x2f, 0xf6, 0x0, 0x0, 0x2, 0xff, 0x70,
    0x8, 0xff, 0x93, 0x1, 0x6e, 0xfc, 0x0, 0x0,
    0x8f, 0xff, 0xff, 0xff, 0xc1, 0x0, 0x0, 0x3,
    0xad, 0xfe, 0xb6, 0x0, 0x0,

    /* U+00D4 "Ô" */
    0x0, 0x0, 0xa, 0xfe, 0x10, 0x0, 0x0, 0x0,
    0x0, 0x8f, 0x8f, 0xc0, 0x0, 0x0, 0x0, 0x6,
    0xfa, 0x5, 0xfa, 0x0, 0x0, 0x0, 0x0, 0x0,
    0x0, 0x0, 0x0, 0x0, 0x0, 0x0, 0x0, 0x0,
    0x0, 0x0, 0x0, 0x0, 0x3, 0xad, 0xfe, 0xb5,
    0x0, 0x0, 0x0, 0x8f, 0xff, 0xff, 0xff, 0xc1,
    0x0, 0x7, 0xff, 0x93, 0x1, 0x6f, 0xfc, 0x0,
    0x2f, 0xf7, 0x0, 0x0, 0x2, 0xff, 0x70, 0x8f,
    0xc0, 0x0, 0x0, 0x0, 0x7f, 0xd0, 0xbf, 0x70,
    0x0, 0x0, 0x0, 0x2f, 0xf1, 0xdf, 0x50, 0x0,
    0x0, 0x0, 0xf, 0xf2, 0xdf, 0x50, 0x0, 0x0,
    0x0, 0xf, 0xf2, 0xbf, 0x70, 0x0, 0x0, 0x0,
    0x2f, 0xf1, 0x8f, 0xc0, 0x0, 0x0, 0x0, 0x7f,
    0xd0, 0x2f, 0xf6, 0x0, 0x0, 0x2, 0xff, 0x70,
    0x8, 0xff, 0x93, 0x1, 0x6e, 0xfc, 0x0, 0x0,
    0x8f, 0xff, 0xff, 0xff, 0xc1, 0x0, 0x0, 0x3,
    0xad, 0xfe, 0xb6, 0x0, 0x0,

    /* U+00D5 "Õ" */
    0x0, 0x0, 0x0, 0x0, 0x1, 0x0, 0x0, 0x0,
    0x0, 0xbf, 0xb3, 0xc9, 0x0, 0x0, 0x0, 0x3,
    0xf7, 0xbf, 0xf3, 0x0, 0x0, 0x0, 0x1, 0x40,
    0x2, 0x20, 0x0, 0x0, 0x0, 0x0, 0x0, 0x0,
    0x0, 0x0, 0x0, 0x0, 0x0, 0x0, 0x0, 0x0,
    0x0, 0x0, 0x0, 0x3, 0xad, 0xfe, 0xb5, 0x0,
    0x0, 0x0, 0x8f, 0xff, 0xff, 0xff, 0xc1, 0x0,
    0x7, 0xff, 0x93, 0x1, 0x6f, 0xfc, 0x0, 0x2f,
    0xf7, 0x0, 0x0, 0x2, 0xff, 0x70, 0x8f, 0xc0,
    0x0, 0x0, 0x0, 0x7f, 0xd0, 0xbf, 0x70, 0x0,
    0x0, 0x0, 0x2f, 0xf1, 0xdf, 0x50, 0x0, 0x0,
    0x0, 0xf, 0xf2, 0xdf, 0x50, 0x0, 0x0, 0x0,
    0xf, 0xf2, 0xbf, 0x70, 0x0, 0x0, 0x0, 0x2f,
    0xf1, 0x8f, 0xc0, 0x0, 0x0, 0x0, 0x7f, 0xd0,
    0x2f, 0xf6, 0x0, 0x0, 0x2, 0xff, 0x70, 0x8,
    0xff, 0x93, 0x1, 0x6e, 0xfc, 0x0, 0x0, 0x8f,
    0xff, 0xff, 0xff, 0xc1, 0x0, 0x0, 0x3, 0xad,
    0xfe, 0xb6, 0x0, 0x0,

    /* U+00D6 "Ö" */
    0x0, 0x5, 0xf8, 0x3, 0xea, 0x0, 0x0, 0x0,
    0x9, 0xfc, 0x6, 0xff, 0x0, 0x0, 0x0, 0x1,
    0x62, 0x0, 0x63, 0x0, 0x0, 0x0, 0x0, 0x0,
    0x0, 0x0, 0x0, 0x0, 0x0, 0x0, 0x0, 0x0,
    0x0, 0x0, 0x0, 0x0, 0x3, 0xad, 0xfe, 0xb5,
    0x0, 0x0, 0x0, 0x8f, 0xff, 0xff, 0xff, 0xc1,
    0x0, 0x7, 0xff, 0x93, 0x1, 0x6f, 0xfc, 0x0,
    0x2f, 0xf7, 0x0, 0x0, 0x2, 0xff, 0x70, 0x8f,
    0xc0, 0x0, 0x0, 0x0, 0x7f, 0xd0, 0xbf, 0x70,
    0x0, 0x0, 0x0, 0x2f, 0xf1, 0xdf, 0x50, 0x0,
    0x0, 0x0, 0xf, 0xf2, 0xdf, 0x50, 0x0, 0x0,
    0x0, 0xf, 0xf2, 0xbf, 0x70, 0x0, 0x0, 0x0,
    0x2f, 0xf1, 0x8f, 0xc0, 0x0, 0x0, 0x0, 0x7f,
    0xd0, 0x2f, 0xf6, 0x0, 0x0, 0x2, 0xff, 0x70,
    0x8, 0xff, 0x93, 0x1, 0x6e, 0xfc, 0x0, 0x0,
    0x8f, 0xff, 0xff, 0xff, 0xc1, 0x0, 0x0, 0x3,
    0xad, 0xfe, 0xb6, 0x0, 0x0,

    /* U+00D7 "×" */
    0x0, 0x30, 0x0, 0x0, 0x2, 0x0, 0xaf, 0x40,
    0x0, 0xc, 0xe2, 0x7, 0xff, 0x40, 0xc, 0xfc,
    0x10, 0x7, 0xff, 0x5c, 0xfc, 0x10, 0x0, 0x7,
    0xff, 0xfc, 0x10, 0x0, 0x0, 0x1e, 0xff, 0x50,
    0x0, 0x0, 0x1c, 0xfe, 0xff, 0x40, 0x0, 0x1c,
    0xfc, 0x17, 0xff, 0x40, 0xc, 0xfc, 0x0, 0x7,
    0xff, 0x30, 0x4c, 0x0, 0x0, 0x7, 0xa0, 0x0,
    0x0, 0x0, 0x0, 0x0, 0x0,

    /* U+00D8 "Ø" */
    0x0, 0x0, 0x0, 0x0, 0x0, 0x1, 0x0, 0x0,
    0x3, 0xad, 0xfe, 0xb5, 0x8e, 0x30, 0x0, 0x8f,
    0xff, 0xff, 0xff, 0xfd, 0x0, 0x7, 0xff, 0x93,
    0x1, 0x8f, 0xfe, 0x0, 0x2f, 0xf7, 0x0, 0x0,
    0xbf, 0xff, 0x70, 0x8f, 0xc0, 0x0, 0x7, 0xf8,
    0x7f, 0xd0, 0xbf, 0x70, 0x0, 0x3f, 0xc0, 0x2f,
    0xf1, 0xdf, 0x50, 0x1, 0xee, 0x10, 0xf, 0xf2,
    0xdf, 0x50, 0xb, 0xf4, 0x0, 0xf, 0xf2, 0xbf,
    0x70, 0x7f, 0x80, 0x0, 0x2f, 0xf1, 0x8f, 0xc3,
    0xfc, 0x0, 0x0, 0x7f, 0xd0, 0x2f, 0xff, 0xe2,
    0x0, 0x2, 0xff, 0x70, 0x8, 0xff, 0xe3, 0x1,
    0x6e, 0xfc, 0x0, 0x7, 0xff, 0xff, 0xff, 0xff,
    0xc1, 0x0, 0xc, 0xc4, 0xad, 0xfe, 0xb6, 0x0,
    0x0, 0x0, 0x10, 0x0, 0x0, 0x0, 0x0, 0x0,

    /* U+00D9 "Ù" */
    0x0, 0x1, 0xef, 0x20, 0x0, 0x0, 0x0, 0x0,
    0x5, 0xf9, 0x0, 0x0, 0x0, 0x0, 0x0, 0xa,
    0xe1, 0x0, 0x0, 0x0, 0x0, 0x0, 0x0, 0x0,
    0x0, 0x0, 0x0, 0x0, 0x0, 0x0, 0x0, 0x0,
    0x6, 0xfd, 0x0, 0x0, 0x0, 0xf, 0xf3, 0x6f,
    0xd0, 0x0, 0x0, 0x0, 0xff, 0x36, 0xfd, 0x0,
    0x0, 0x0, 0xf, 0xf3, 0x6f, 0xd0, 0x0, 0x0,
    0x0, 0xff, 0x36, 0xfd, 0x0, 0x0, 0x0, 0xf,
    0xf3, 0x6f, 0xd0, 0x0, 0x0, 0x0, 0xff, 0x36,
    0xfd, 0x0, 0x0, 0x0, 0xf, 0xf3, 0x6f, 0xd0,
    0x0, 0x0, 0x0, 0xff, 0x36, 0xfd, 0x0, 0x0,
    0x0, 0xf, 0xf3, 0x5f, 0xf0, 0x0, 0x0, 0x2,
    0xff, 0x22, 0xff, 0x50, 0x0, 0x0, 0x9f, 0xe0,
    0xb, 0xff, 0x72, 0x2, 0x9f, 0xf7, 0x0, 0x1c,
    0xff, 0xff, 0xff, 0xfa, 0x0, 0x0, 0x6, 0xce,
    0xfe, 0xb4, 0x0, 0x0,

    /* U+00DA "Ú" */
    0x0, 0x0, 0x0, 0x5f, 0xc0, 0x0, 0x0, 0x0,
    0x0, 0xc, 0xf2, 0x0, 0x0, 0x0, 0x0, 0x3,
    0xe6, 0x0, 0x0, 0x0, 0x0, 0x0, 0x0, 0x0,
    0x0, 0x0, 0x0, 0x0, 0x0, 0x0, 0x0, 0x0,
    0x6, 0xfd, 0x0, 0x0, 0x0, 0xf, 0xf3, 0x6f,
    0xd0, 0x0, 0x0, 0x0, 0xff, 0x36, 0xfd, 0x0,
    0x0, 0x0, 0xf, 0xf3, 0x6f, 0xd0, 0x0, 0x0,
    0x0, 0xff, 0x36, 0xfd, 0x0, 0x0, 0x0, 0xf,
    0xf3, 0x6f, 0xd0, 0x0, 0x0, 0x0, 0xff, 0x36,
    0xfd, 0x0, 0x0, 0x0, 0xf, 0xf3, 0x6f, 0xd0,
    0x0, 0x0, 0x0, 0xff, 0x36, 0xfd, 0x0, 0x0,
    0x0, 0xf, 0xf3, 0x5f, 0xf0, 0x0, 0x0, 0x2,
    0xff, 0x22, 0xff, 0x50, 0x0, 0x0, 0x9f, 0xe0,
    0xb, 0xff, 0x72, 0x2, 0x9f, 0xf7, 0x0, 0x1c,
    0xff, 0xff, 0xff, 0xfa, 0x0, 0x0, 0x6, 0xce,
    0xfe, 0xb4, 0x0, 0x0,

    /* U+00DB "Û" */
    0x0, 0x0, 0x1d, 0xfb, 0x0, 0x0, 0x0, 0x0,
    0xc, 0xf8, 0xf9, 0x0, 0x0, 0x0, 0xa, 0xf6,
    0x9, 0xf6, 0x0, 0x0, 0x0, 0x0, 0x0, 0x0,
    0x0, 0x0, 0x0, 0x0, 0x0, 0x0, 0x0, 0x0,
    0x6, 0xfd, 0x0, 0x0, 0x0, 0xf, 0xf3, 0x6f,
    0xd0, 0x0, 0x0, 0x0, 0xff, 0x36, 0xfd, 0x0,
    0x0, 0x0, 0xf, 0xf3, 0x6f, 0xd0, 0x0, 0x0,
    0x0, 0xff, 0x36, 0xfd, 0x0, 0x0, 0x0, 0xf,
    0xf3, 0x6f, 0xd0, 0x0, 0x0, 0x0, 0xff, 0x36,
    0xfd, 0x0, 0x0, 0x0, 0xf, 0xf3, 0x6f, 0xd0,
    0x0, 0x0, 0x0, 0xff, 0x36, 0xfd, 0x0, 0x0,
    0x0, 0xf, 0xf3, 0x5f, 0xf0, 0x0, 0x0, 0x2,
    0xff, 0x22, 0xff, 0x50, 0x0, 0x0, 0x9f, 0xe0,
    0xb, 0xff, 0x72, 0x2, 0x9f, 0xf7, 0x0, 0x1c,
    0xff, 0xff, 0xff, 0xfa, 0x0, 0x0, 0x6, 0xce,
    0xfe, 0xb4, 0x0, 0x0,

    /* U+00DC "Ü" */
    0x0, 0x9, 0xf4, 0x6, 0xf6, 0x0, 0x0, 0x0,
    0xdf, 0x70, 0xaf, 0xa0, 0x0, 0x0, 0x2, 0x60,
    0x1, 0x61, 0x0, 0x0, 0x0, 0x0, 0x0, 0x0,
    0x0, 0x0, 0x0, 0x0, 0x0, 0x0, 0x0, 0x0,
    0x6, 0xfd, 0x0, 0x0, 0x0, 0xf, 0xf3, 0x6f,
    0xd0, 0x0, 0x0, 0x0, 0xff, 0x36, 0xfd, 0x0,
    0x0, 0x0, 0xf, 0xf3, 0x6f, 0xd0, 0x0, 0x0,
    0x0, 0xff, 0x36, 0xfd, 0x0, 0x0, 0x0, 0xf,
    0xf3, 0x6f, 0xd0, 0x0, 0x0, 0x0, 0xff, 0x36,
    0xfd, 0x0, 0x0, 0x0, 0xf, 0xf3, 0x6f, 0xd0,
    0x0, 0x0, 0x0, 0xff, 0x36, 0xfd, 0x0, 0x0,
    0x0, 0xf, 0xf3, 0x5f, 0xf0, 0x0, 0x0, 0x2,
    0xff, 0x22, 0xff, 0x50, 0x0, 0x0, 0x9f, 0xe0,
    0xb, 0xff, 0x72, 0x2, 0x9f, 0xf7, 0x0, 0x1c,
    0xff, 0xff, 0xff, 0xfa, 0x0, 0x0, 0x6, 0xce,
    0xfe, 0xb4, 0x0, 0x0,

    /* U+00DD "Ý" */
    0x0, 0x0, 0x0, 0xa, 0xe5, 0x0, 0x0, 0x0,
    0x0, 0x0, 0x3f, 0xb0, 0x0, 0x0, 0x0, 0x0,
    0x0, 0xaf, 0x10, 0x0, 0x0, 0x0, 0x0, 0x0,
    0x0, 0x0, 0x0, 0x0, 0x0, 0x0, 0x0, 0x0,
    0x0, 0x0, 0x0, 0x3f, 0xf6, 0x0, 0x0, 0x0,
    0x7f, 0xf2, 0x8, 0xfe, 0x10, 0x0, 0x1, 0xff,
    0x70, 0x0, 0xdf, 0x90, 0x0, 0xa, 0xfd, 0x0,
    0x0, 0x4f, 0xf3, 0x0, 0x4f, 0xf3, 0x0, 0x0,
    0xa, 0xfd, 0x0, 0xdf, 0x90, 0x0, 0x0, 0x1,
    0xef, 0x67, 0xfe, 0x0, 0x0, 0x0, 0x0, 0x5f,
    0xee, 0xf4, 0x0, 0x0, 0x0, 0x0, 0xb, 0xff,
    0xa0, 0x0, 0x0, 0x0, 0x0, 0x3, 0xff, 0x20,
    0x0, 0x0, 0x0, 0x0, 0x2, 0xff, 0x10, 0x0,
    0x0, 0x0, 0x0, 0x2, 0xff, 0x10, 0x0, 0x0,
    0x0, 0x0, 0x2, 0xff, 0x10, 0x0, 0x0, 0x0,
    0x0, 0x2, 0xff, 0x10, 0x0, 0x0, 0x0, 0x0,
    0x2, 0xff, 0x10, 0x0, 0x0,

    /* U+00DE "Þ" */
    0x7f, 0xc0, 0x0, 0x0, 0x0, 0x7, 0xfc, 0x0,
    0x0, 0x0, 0x0, 0x7f, 0xfd, 0xdd, 0xb7, 0x10,
    0x7, 0xff, 0xff, 0xff, 0xfe, 0x20, 0x7f, 0xc0,
    0x0, 0x3b, 0xfd, 0x7, 0xfc, 0x0, 0x0, 0x1f,
    0xf3, 0x7f, 0xc0, 0x0, 0x0, 0xcf, 0x47, 0xfc,
    0x0, 0x0, 0xf, 0xf3, 0x7f, 0xc0, 0x0, 0x3b,
    0xfd, 0x7, 0xff, 0xff, 0xff, 0xfe, 0x20, 0x7f,
    0xfd, 0xdd, 0xb7, 0x10, 0x7, 0xfc, 0x0, 0x0,
    0x0, 0x0, 0x7f, 0xc0, 0x0, 0x0, 0x0, 0x7,
    0xfc, 0x0, 0x0, 0x0, 0x0,

    /* U+00DF "ß" */
    0x0, 0x6c, 0xff, 0xd8, 0x0, 0x0, 0x9f, 0xff,
    0xff, 0xfd, 0x0, 0x2f, 0xf8, 0x0, 0x4f, 0xf7,
    0x5, 0xfd, 0x0, 0x0, 0x9f, 0xa0, 0x6f, 0xc0,
    0x0, 0xa, 0xf8, 0x6, 0xfc, 0x0, 0x5, 0xfe,
    0x10, 0x6f, 0xc0, 0x7f, 0xfd, 0x20, 0x6, 0xfc,
    0x6, 0xdf, 0xff, 0x50, 0x6f, 0xc0, 0x0, 0x6,
    0xff, 0x26, 0xfc, 0x0, 0x0, 0xb, 0xf7, 0x6f,
    0xc0, 0x0, 0x0, 0xaf, 0x86, 0xfc, 0x0, 0x0,
    0x5f, 0xf5, 0x6f, 0xc0, 0x7e, 0xff, 0xfb, 0x6,
    0xfc, 0x8, 0xff, 0xd7, 0x0,

    /* U+00E0 "à" */
    0x0, 0xd, 0xf4, 0x0, 0x0, 0x0, 0x3, 0xfb,
    0x0, 0x0, 0x0, 0x0, 0x7e, 0x20, 0x0, 0x0,
    0x0, 0x0, 0x0, 0x0, 0x0, 0x29, 0xef, 0xea,
    0x30, 0x2, 0xff, 0xec, 0xef, 0xf3, 0x9, 0xfa,
    0x0, 0x9, 0xfb, 0x0, 0x0, 0x0, 0x4, 0xfe,
    0x0, 0x1, 0x47, 0x9d, 0xfe, 0x2, 0xcf, 0xff,
    0xfc, 0xfe, 0xe, 0xfb, 0x51, 0x3, 0xfe, 0x2f,
    0xf0, 0x0, 0x5, 0xfe, 0x1f, 0xf3, 0x0, 0x2d,
    0xfe, 0xa, 0xff, 0xcc, 0xfb, 0xfe, 0x0, 0x8e,
    0xfd, 0x72, 0xfe,

    /* U+00E1 "á" */
    0x0, 0x0, 0x3, 0xfe, 0x0, 0x0, 0x0, 0xa,
    0xf4, 0x0, 0x0, 0x0, 0x1e, 0x80, 0x0, 0x0,
    0x0, 0x0, 0x0, 0x0, 0x0, 0x29, 0xef, 0xea,
    0x30, 0x2, 0xff, 0xec, 0xef, 0xf3, 0x9, 0xfa,
    0x0, 0x9, 0xfb, 0x0, 0x0, 0x0, 0x4, 0xfe,
    0x0, 0x1, 0x47, 0x9d, 0xfe, 0x2, 0xcf, 0xff,
    0xfc, 0xfe, 0xe, 0xfb, 0x51, 0x3, 0xfe, 0x2f,
    0xf0, 0x0, 0x5, 0xfe, 0x1f, 0xf3, 0x0, 0x2d,
    0xfe, 0xa, 0xff, 0xcc, 0xfb, 0xfe, 0x0, 0x8e,
    0xfd, 0x72, 0xfe,

    /* U+00E2 "â" */
    0x0, 0x0, 0x48, 0x50, 0x0, 0x0, 0x4, 0xfe,
    0xf4, 0x0, 0x0, 0x2e, 0xd1, 0xcf, 0x20, 0x0,
    0x58, 0x20, 0x28, 0x50, 0x0, 0x0, 0x0, 0x0,
    0x0, 0x0, 0x29, 0xef, 0xea, 0x30, 0x2, 0xff,
    0xec, 0xef, 0xf3, 0x9, 0xfa, 0x0, 0x9, 0xfb,
    0x0, 0x0, 0x0, 0x4, 0xfe, 0x0, 0x1, 0x47,
    0x9d, 0xfe, 0x2, 0xcf, 0xff, 0xfc, 0xfe, 0xe,
    0xfb, 0x51, 0x3, 0xfe, 0x2f, 0xf0, 0x0, 0x5,
    0xfe, 0x1f, 0xf3, 0x0, 0x2d, 0xfe, 0xa, 0xff,
    0xcc, 0xfb, 0xfe, 0x0, 0x8e, 0xfd, 0x72, 0xfe,

    /* U+00E3 "ã" */
    0x0, 0x4, 0x74, 0x7, 0x40, 0x0, 0x4f, 0xff,
    0xff, 0x40, 0x0, 0x25, 0x2, 0x43, 0x0, 0x0,
    0x0, 0x0, 0x0, 0x0, 0x0, 0x29, 0xef, 0xea,
    0x30, 0x2, 0xff, 0xec, 0xef, 0xf3, 0x9, 0xfa,
    0x0, 0x9, 0xfb, 0x0, 0x0, 0x0, 0x4, 0xfe,
    0x0, 0x1, 0x47, 0x9d, 0xfe, 0x2, 0xcf, 0xff,
    0xfc, 0xfe, 0xe, 0xfb, 0x51, 0x3, 0xfe, 0x2f,
    0xf0, 0x0, 0x5, 0xfe, 0x1f, 0xf3, 0x0, 0x2d,
    0xfe, 0xa, 0xff, 0xcc, 0xfb, 0xfe, 0x0, 0x8e,
    0xfd, 0x72, 0xfe,

    /* U+00E4 "ä" */
    0x0, 0x27, 0x10, 0x17, 0x20, 0x0, 0xbf, 0xa0,
    0x8f, 0xd0, 0x0, 0x7e, 0x50, 0x4e, 0x80, 0x0,
    0x0, 0x0, 0x0, 0x0, 0x0, 0x29, 0xef, 0xea,
    0x30, 0x2, 0xff, 0xec, 0xef, 0xf3, 0x9, 0xfa,
    0x0, 0x9, 0xfb, 0x0, 0x0, 0x0, 0x4, 0xfe,
    0x0, 0x1, 0x47, 0x9d, 0xfe, 0x2, 0xcf, 0xff,
    0xfc, 0xfe, 0xe, 0xfb, 0x51, 0x3, 0xfe, 0x2f,
    0xf0, 0x0, 0x5, 0xfe, 0x1f, 0xf3, 0x0, 0x2d,
    0xfe, 0xa, 0xff, 0xcc, 0xfb, 0xfe, 0x0, 0x8e,
    0xfd, 0x72, 0xfe,

    /* U+00E5 "å" */
    0x0, 0x0, 0x0, 0x0, 0x0, 0x0, 0x1, 0xcf,
    0xd3, 0x0, 0x0, 0xc, 0xc4, 0xbe, 0x0, 0x0,
    0xf, 0x60, 0x4f, 0x20, 0x0, 0xd, 0xb1, 0x9f,
    0x0, 0x0, 0x3, 0xef, 0xf5, 0x0, 0x0, 0x0,
    0x3, 0x0, 0x0, 0x0, 0x29, 0xef, 0xea, 0x30,
    0x2, 0xff, 0xec, 0xef, 0xf3, 0x9, 0xfa, 0x0,
    0x9, 0xfb, 0x0, 0x0, 0x0, 0x4, 0xfe, 0x0,
    0x1, 0x47, 0x9d, 0xfe, 0x2, 0xcf, 0xff, 0xfc,
    0xfe, 0xe, 0xfb, 0x51, 0x3, 0xfe, 0x2f, 0xf0,
    0x0, 0x5, 0xfe, 0x1f, 0xf3, 0x0, 0x2d, 0xfe,
    0xa, 0xff, 0xcc, 0xfb, 0xfe, 0x0, 0x8e, 0xfd,
    0x72, 0xfe,

    /* U+00E6 "æ" */
    0x0, 0x29, 0xef, 0xea, 0x10, 0x8d, 0xfe, 0x91,
    0x0, 0x3, 0xff, 0xec, 0xef, 0xdc, 0xfe, 0xce,
    0xfe, 0x20, 0x8, 0xfa, 0x0, 0x9, 0xff, 0x90,
    0x0, 0x9f, 0xc0, 0x0, 0x0, 0x0, 0x4, 0xfe,
    0x0, 0x0, 0xe, 0xf2, 0x0, 0x4, 0x79, 0x9b,
    0xfe, 0x99, 0x99, 0x9e, 0xf5, 0x3, 0xef, 0xff,
    0xff, 0xff, 0xff, 0xff, 0xff, 0xf6, 0xe, 0xfa,
    0x20, 0x4, 0xfb, 0x0, 0x0, 0x0, 0x0, 0x2f,
    0xf0, 0x0, 0x6, 0xff, 0x10, 0x0, 0x3, 0x10,
    0x1f, 0xf4, 0x0, 0x3e, 0xff, 0xb1, 0x0, 0x6f,
    0xf1, 0xa, 0xff, 0xdd, 0xff, 0x5d, 0xff, 0xde,
    0xff, 0x60, 0x0, 0x8d, 0xfd, 0xa2, 0x1, 0x8d,
    0xfe, 0xb4, 0x0,

    /* U+00E7 "ç" */
    0x0, 0x5, 0xce, 0xec, 0x60, 0x0, 0x9, 0xff,
    0xee, 0xff, 0xa0, 0x5, 0xff, 0x40, 0x4, 0xff,
    0x40, 0xbf, 0x80, 0x0, 0x5, 0x62, 0xf, 0xf3,
    0x0, 0x0, 0x0, 0x0, 0xff, 0x20, 0x0, 0x0,
    0x0, 0xf, 0xf3, 0x0, 0x0, 0x0, 0x0, 0xcf,
    0x80, 0x0, 0x5, 0x72, 0x5, 0xff, 0x40, 0x3,
    0xef, 0x40, 0x9, 0xff, 0xed, 0xff, 0x90, 0x0,
    0x5, 0xcf, 0xfc, 0x50, 0x0, 0x0, 0x0, 0x9a,
    0x20, 0x0, 0x0, 0x0, 0x7, 0xbf, 0x30, 0x0,
    0x0, 0x0, 0x13, 0xf5, 0x0, 0x0, 0x0, 0x1f,
    0xfb, 0x10, 0x0,

    /* U+00E8 "è" */
    0x0, 0x7, 0xfa, 0x0, 0x0, 0x0, 0x0, 0xc,
    0xf2, 0x0, 0x0, 0x0, 0x0, 0x2e, 0x80, 0x0,
    0x0, 0x0, 0x0, 0x0, 0x0, 0x0, 0x0, 0x5,
    0xcf, 0xfb, 0x40, 0x0, 0x9, 0xff, 0xdd, 0xff,
    0x80, 0x5, 0xfe, 0x30, 0x3, 0xff, 0x30, 0xbf,
    0x50, 0x0, 0x8, 0xf9, 0xf, 0xfa, 0x99, 0x99,
    0xbf, 0xc0, 0xff, 0xff, 0xff, 0xff, 0xfd, 0xf,
    0xf2, 0x0, 0x0, 0x0, 0x0, 0xcf, 0x70, 0x0,
    0x1, 0x10, 0x5, 0xff, 0x40, 0x1, 0xdf, 0x60,
    0x9, 0xff, 0xec, 0xff, 0xc0, 0x0, 0x5, 0xce,
    0xfd, 0x70, 0x0,

    /* U+00E9 "é" */
    0x0, 0x0, 0x0, 0xdf, 0x40, 0x0, 0x0, 0x0,
    0x4f, 0xa0, 0x0, 0x0, 0x0, 0xa, 0xd1, 0x0,
    0x0, 0x0, 0x0, 0x0, 0x0, 0x0, 0x0, 0x5,
    0xcf, 0xfb, 0x40, 0x0, 0x9, 0xff, 0xdd, 0xff,
    0x80, 0x5, 0xfe, 0x30, 0x3, 0xff, 0x30, 0xbf,
    0x50, 0x0, 0x8, 0xf9, 0xf, 0xfa, 0x99, 0x99,
    0xbf, 0xc0, 0xff, 0xff, 0xff, 0xff, 0xfd, 0xf,
    0xf2, 0x0, 0x0, 0x0, 0x0, 0xcf, 0x70, 0x0,
    0x1, 0x10, 0x5, 0xff, 0x40, 0x1, 0xdf, 0x60,
    0x9, 0xff, 0xec, 0xff, 0xc0, 0x0, 0x5, 0xce,
    0xfd, 0x70, 0x0,

    /* U+00EA "ê" */
    0x0, 0x0, 0x18, 0x70, 0x0, 0x0, 0x0, 0xd,
    0xef, 0xa0, 0x0, 0x0, 0xb, 0xf4, 0x7f, 0x70,
    0x0, 0x2, 0x85, 0x0, 0x67, 0x10, 0x0, 0x0,
    0x0, 0x0, 0x0, 0x0, 0x0, 0x5c, 0xff, 0xb4,
    0x0, 0x0, 0x9f, 0xfd, 0xdf, 0xf8, 0x0, 0x5f,
    0xe3, 0x0, 0x3f, 0xf3, 0xb, 0xf5, 0x0, 0x0,
    0x8f, 0x90, 0xff, 0xa9, 0x99, 0x9b, 0xfc, 0xf,
    0xff, 0xff, 0xff, 0xff, 0xd0, 0xff, 0x20, 0x0,
    0x0, 0x0, 0xc, 0xf7, 0x0, 0x0, 0x11, 0x0,
    0x5f, 0xf4, 0x0, 0x1d, 0xf6, 0x0, 0x9f, 0xfe,
    0xcf, 0xfc, 0x0, 0x0, 0x5c, 0xef, 0xd7, 0x0,

    /* U+00EB "ë" */
    0x0, 0x6, 0x40, 0x5, 0x50, 0x0, 0x5, 0xff,
    0x2, 0xff, 0x30, 0x0, 0x2e, 0xb0, 0xc, 0xd1,
    0x0, 0x0, 0x0, 0x0, 0x0, 0x0, 0x0, 0x5,
    0xcf, 0xfb, 0x40, 0x0, 0x9, 0xff, 0xdd, 0xff,
    0x80, 0x5, 0xfe, 0x30, 0x3, 0xff, 0x30, 0xbf,
    0x50, 0x0, 0x8, 0xf9, 0xf, 0xfa, 0x99, 0x99,
    0xbf, 0xc0, 0xff, 0xff, 0xff, 0xff, 0xfd, 0xf,
    0xf2, 0x0, 0x0, 0x0, 0x0, 0xcf, 0x70, 0x0,
    0x1, 0x10, 0x5, 0xff, 0x40, 0x1, 0xdf, 0x60,
    0x9, 0xff, 0xec, 0xff, 0xc0, 0x0, 0x5, 0xce,
    0xfd, 0x70, 0x0,

    /* U+00EC "ì" */
    0xd, 0xf3, 0x0, 0x3f, 0xb0, 0x0, 0x8e, 0x20,
    0x0, 0x0, 0x0, 0x8f, 0x90, 0x8, 0xf9, 0x0,
    0x8f, 0x90, 0x8, 0xf9, 0x0, 0x8f, 0x90, 0x8,
    0xf9, 0x0, 0x8f, 0x90, 0x8, 0xf9, 0x0, 0x8f,
    0x90, 0x8, 0xf9, 0x0, 0x8f, 0x90,

    /* U+00ED "í" */
    0x3, 0xfd, 0x0, 0xbf, 0x30, 0x2e, 0x80, 0x0,
    0x0, 0x0, 0x8f, 0x90, 0x8, 0xf9, 0x0, 0x8f,
    0x90, 0x8, 0xf9, 0x0, 0x8f, 0x90, 0x8, 0xf9,
    0x0, 0x8f, 0x90, 0x8, 0xf9, 0x0, 0x8f, 0x90,
    0x8, 0xf9, 0x0, 0x8f, 0x90, 0x0,

    /* U+00EE "î" */
    0x1, 0xdf, 0xd1, 0x1, 0xde, 0x3e, 0xd1, 0x58,
    0x20, 0x28, 0x50, 0x0, 0x0, 0x0, 0x0, 0x8f,
    0x90, 0x0, 0x8, 0xf9, 0x0, 0x0, 0x8f, 0x90,
    0x0, 0x8, 0xf9, 0x0, 0x0, 0x8f, 0x90, 0x0,
    0x8, 0xf9, 0x0, 0x0, 0x8f, 0x90, 0x0, 0x8,
    0xf9, 0x0, 0x0, 0x8f, 0x90, 0x0, 0x8, 0xf9,
    0x0, 0x0, 0x8f, 0x90, 0x0,

    /* U+00EF "ï" */
    0x27, 0x10, 0x17, 0x2c, 0xf9, 0x9, 0xfc, 0x7e,
    0x50, 0x4e, 0x80, 0x0, 0x0, 0x0, 0x0, 0x8f,
    0x90, 0x0, 0x8, 0xf9, 0x0, 0x0, 0x8f, 0x90,
    0x0, 0x8, 0xf9, 0x0, 0x0, 0x8f, 0x90, 0x0,
    0x8, 0xf9, 0x0, 0x0, 0x8f, 0x90, 0x0, 0x8,
    0xf9, 0x0, 0x0, 0x8f, 0x90, 0x0, 0x8, 0xf9,
    0x0, 0x0, 0x8f, 0x90, 0x0,

    /* U+00F0 "ð" */
    0x0, 0x6, 0x50, 0x0, 0x10, 0x0, 0x0, 0xcf,
    0xb3, 0x8f, 0x40, 0x0, 0x0, 0x8f, 0xfd, 0x40,
    0x0, 0x0, 0x9f, 0xce, 0xf3, 0x0, 0x0, 0x9,
    0x40, 0x2f, 0xe0, 0x0, 0x0, 0x17, 0x85, 0x6f,
    0x90, 0x0, 0x5f, 0xff, 0xfc, 0xdf, 0x10, 0x3f,
    0xf6, 0x1, 0x9f, 0xf6, 0xa, 0xf8, 0x0, 0x0,
    0xcf, 0xa0, 0xef, 0x30, 0x0, 0x6, 0xfb, 0xf,
    0xf1, 0x0, 0x0, 0x4f, 0xc0, 0xff, 0x20, 0x0,
    0x5, 0xfb, 0xc, 0xf6, 0x0, 0x0, 0x9f, 0x70,
    0x6f, 0xe3, 0x0, 0x5f, 0xf2, 0x0, 0xaf, 0xfd,
    0xef, 0xf6, 0x0, 0x0, 0x6c, 0xfe, 0xb4, 0x0,

    /* U+00F1 "ñ" */
    0x0, 0x17, 0x62, 0x37, 0x0, 0x0, 0xcf, 0xff,
    0xfb, 0x0, 0x0, 0x52, 0x3, 0x40, 0x0, 0x0,
    0x0, 0x0, 0x0, 0x0, 0x8f, 0x83, 0xbf, 0xea,
    0x10, 0x8f, 0xaf, 0xdc, 0xff, 0xd0, 0x8f, 0xf6,
    0x0, 0x3f, 0xf5, 0x8f, 0xc0, 0x0, 0xa, 0xf8,
    0x8f, 0x90, 0x0, 0x9, 0xf9, 0x8f, 0x90, 0x0,
    0x9, 0xf9, 0x8f, 0x90, 0x0, 0x9, 0xf9, 0x8f,
    0x90, 0x0, 0x9, 0xf9, 0x8f, 0x90, 0x0, 0x9,
    0xf9, 0x8f, 0x90, 0x0, 0x9, 0xf9, 0x8f, 0x90,
    0x0, 0x9, 0xf9,

    /* U+00F2 "ò" */
    0x0, 0x5, 0xfc, 0x0, 0x0, 0x0, 0x0, 0x0,
    0xbf, 0x30, 0x0, 0x0, 0x0, 0x0, 0x1d, 0x90,
    0x0, 0x0, 0x0, 0x0, 0x0, 0x0, 0x0, 0x0,
    0x0, 0x5, 0xce, 0xfc, 0x60, 0x0, 0x0, 0x9f,
    0xfe, 0xef, 0xfa, 0x0, 0x5, 0xff, 0x50, 0x4,
    0xff, 0x60, 0xb, 0xf8, 0x0, 0x0, 0x7f, 0xd0,
    0xf, 0xf3, 0x0, 0x0, 0x2f, 0xf0, 0xf, 0xf2,
    0x0, 0x0, 0xf, 0xf1, 0xf, 0xf3, 0x0, 0x0,
    0x2f, 0xf0, 0xc, 0xf8, 0x0, 0x0, 0x7f, 0xd0,
    0x5, 0xff, 0x40, 0x3, 0xff, 0x60, 0x0, 0x9f,
    0xfd, 0xdf, 0xfa, 0x0, 0x0, 0x5, 0xcf, 0xfc,
    0x60, 0x0,

    /* U+00F3 "ó" */
    0x0, 0x0, 0x0, 0xbf, 0x60, 0x0, 0x0, 0x0,
    0x2, 0xfb, 0x0, 0x0, 0x0, 0x0, 0x8, 0xe2,
    0x0, 0x0, 0x0, 0x0, 0x0, 0x0, 0x0, 0x0,
    0x0, 0x5, 0xce, 0xfc, 0x60, 0x0, 0x0, 0x9f,
    0xfe, 0xef, 0xfa, 0x0, 0x5, 0xff, 0x50, 0x4,
    0xff, 0x60, 0xb, 0xf8, 0x0, 0x0, 0x7f, 0xd0,
    0xf, 0xf3, 0x0, 0x0, 0x2f, 0xf0, 0xf, 0xf2,
    0x0, 0x0, 0xf, 0xf1, 0xf, 0xf3, 0x0, 0x0,
    0x2f, 0xf0, 0xc, 0xf8, 0x0, 0x0, 0x7f, 0xd0,
    0x5, 0xff, 0x40, 0x3, 0xff, 0x60, 0x0, 0x9f,
    0xfd, 0xdf, 0xfa, 0x0, 0x0, 0x5, 0xcf, 0xfc,
    0x60, 0x0,

    /* U+00F4 "ô" */
    0x0, 0x0, 0x17, 0x71, 0x0, 0x0, 0x0, 0x0,
    0xbf, 0xfc, 0x0, 0x0, 0x0, 0x9, 0xf6, 0x5f,
    0x90, 0x0, 0x0, 0x18, 0x60, 0x6, 0x81, 0x0,
    0x0, 0x0, 0x0, 0x0, 0x0, 0x0, 0x0, 0x5,
    0xce, 0xfc, 0x60, 0x0, 0x0, 0x9f, 0xfe, 0xef,
    0xfa, 0x0, 0x5, 0xff, 0x50, 0x4, 0xff, 0x60,
    0xb, 0xf8, 0x0, 0x0, 0x7f, 0xd0, 0xf, 0xf3,
    0x0, 0x0, 0x2f, 0xf0, 0xf, 0xf2, 0x0, 0x0,
    0xf, 0xf1, 0xf, 0xf3, 0x0, 0x0, 0x2f, 0xf0,
    0xc, 0xf8, 0x0, 0x0, 0x7f, 0xd0, 0x5, 0xff,
    0x40, 0x3, 0xff, 0x60, 0x0, 0x9f, 0xfd, 0xdf,
    0xfa, 0x0, 0x0, 0x5, 0xcf, 0xfc, 0x60, 0x0,

    /* U+00F5 "õ" */
    0x0, 0x1, 0x76, 0x23, 0x70, 0x0, 0x0, 0xc,
    0xff, 0xff, 0xc0, 0x0, 0x0, 0x5, 0x20, 0x35,
    0x0, 0x0, 0x0, 0x0, 0x0, 0x0, 0x0, 0x0,
    0x0, 0x5, 0xce, 0xfc, 0x60, 0x0, 0x0, 0x9f,
    0xfe, 0xef, 0xfa, 0x0, 0x5, 0xff, 0x50, 0x4,
    0xff, 0x60, 0xb, 0xf8, 0x0, 0x0, 0x7f, 0xd0,
    0xf, 0xf3, 0x0, 0x0, 0x2f, 0xf0, 0xf, 0xf2,
    0x0, 0x0, 0xf, 0xf1, 0xf, 0xf3, 0x0, 0x0,
    0x2f, 0xf0, 0xc, 0xf8, 0x0, 0x0, 0x7f, 0xd0,
    0x5, 0xff, 0x40, 0x3, 0xff, 0x60, 0x0, 0x9f,
    0xfd, 0xdf, 0xfa, 0x0, 0x0, 0x5, 0xcf, 0xfc,
    0x60, 0x0,

    /* U+00F6 "ö" */
    0x0, 0x5, 0x40, 0x4, 0x60, 0x0, 0x0, 0x3f,
    0xf2, 0x1f, 0xf5, 0x0, 0x0, 0x1d, 0xc0, 0xb,
    0xd2, 0x0, 0x0, 0x0, 0x0, 0x0, 0x0, 0x0,
    0x0, 0x5, 0xce, 0xfc, 0x60, 0x0, 0x0, 0x9f,
    0xfe, 0xef, 0xfa, 0x0, 0x5, 0xff, 0x50, 0x4,
    0xff, 0x60, 0xb, 0xf8, 0x0, 0x0, 0x7f, 0xd0,
    0xf, 0xf3, 0x0, 0x0, 0x2f, 0xf0, 0xf, 0xf2,
    0x0, 0x0, 0xf, 0xf1, 0xf, 0xf3, 0x0, 0x0,
    0x2f, 0xf0, 0xc, 0xf8, 0x0, 0x0, 0x7f, 0xd0,
    0x5, 0xff, 0x40, 0x3, 0xff, 0x60, 0x0, 0x9f,
    0xfd, 0xdf, 0xfa, 0x0, 0x0, 0x5, 0xcf, 0xfc,
    0x60, 0x0,

    /* U+00F7 "÷" */
    0x0, 0x0, 0x5f, 0xa0, 0x0, 0x0, 0x0, 0xb,
    0xff, 0x0, 0x0, 0x0, 0x0, 0x3c, 0x70, 0x0,
    0x0, 0x0, 0x0, 0x0, 0x0, 0x0, 0xe, 0xee,
    0xee, 0xee, 0xee, 0x50, 0xff, 0xff, 0xff, 0xff,
    0xf6, 0x0, 0x0, 0x0, 0x0, 0x0, 0x0, 0x0,
    0x3, 0xc7, 0x0, 0x0, 0x0, 0x0, 0xbf, 0xf0,
    0x0, 0x0, 0x0, 0x5, 0xfa, 0x0, 0x0,

    /* U+00F8 "ø" */
    0x0, 0x0, 0x0, 0x0, 0x0, 0x10, 0x0, 0x5,
    0xce, 0xfc, 0x67, 0xe1, 0x0, 0x9f, 0xfe, 0xef,
    0xff, 0x70, 0x5, 0xff, 0x50, 0x7, 0xff, 0x60,
    0xb, 0xf8, 0x0, 0x2e, 0xff, 0xd0, 0xf, 0xf3,
    0x1, 0xdc, 0x3f, 0xf0, 0xf, 0xf2, 0xc, 0xe1,
    0xf, 0xf1, 0xf, 0xf3, 0xaf, 0x20, 0x2f, 0xf0,
    0xc, 0xff, 0xf4, 0x0, 0x7f, 0xd0, 0x5, 0xff,
    0xa0, 0x3, 0xff, 0x60, 0x4, 0xff, 0xfd, 0xdf,
    0xfa, 0x0, 0xe, 0xa5, 0xcf, 0xfc, 0x60, 0x0,
    0x2, 0x0, 0x0, 0x0, 0x0, 0x0,

    /* U+00F9 "ù" */
    0x0, 0x6f, 0xb0, 0x0, 0x0, 0x0, 0xb, 0xf3,
    0x0, 0x0, 0x0, 0x1, 0xd9, 0x0, 0x0, 0x0,
    0x0, 0x0, 0x0, 0x0, 0x8f, 0x90, 0x0, 0x9,
    0xf9, 0x8f, 0x90, 0x0, 0x9, 0xf9, 0x8f, 0x90,
    0x0, 0x9, 0xf9, 0x8f, 0x90, 0x0, 0x9, 0xf9,
    0x8f, 0x90, 0x0, 0x9, 0xf9, 0x8f, 0x90, 0x0,
    0x9, 0xf9, 0x8f, 0x90, 0x0, 0x9, 0xf9, 0x8f,
    0xb0, 0x0, 0xc, 0xf9, 0x5f, 0xf5, 0x0, 0x7f,
    0xf9, 0xd, 0xff, 0xff, 0xf9, 0xf9, 0x1, 0xae,
    0xfb, 0x37, 0xf9,

    /* U+00FA "ú" */
    0x0, 0x0, 0xb, 0xf6, 0x0, 0x0, 0x0, 0x3f,
    0xb0, 0x0, 0x0, 0x0, 0x9d, 0x10, 0x0, 0x0,
    0x0, 0x0, 0x0, 0x0, 0x8f, 0x90, 0x0, 0x9,
    0xf9, 0x8f, 0x90, 0x0, 0x9, 0xf9, 0x8f, 0x90,
    0x0, 0x9, 0xf9, 0x8f, 0x90, 0x0, 0x9, 0xf9,
    0x8f, 0x90, 0x0, 0x9, 0xf9, 0x8f, 0x90, 0x0,
    0x9, 0xf9, 0x8f, 0x90, 0x0, 0x9, 0xf9, 0x8f,
    0xb0, 0x0, 0xc, 0xf9, 0x5f, 0xf5, 0x0, 0x7f,
    0xf9, 0xd, 0xff, 0xff, 0xf9, 0xf9, 0x1, 0xae,
    0xfb, 0x37, 0xf9,

    /* U+00FB "û" */
    0x0, 0x1, 0x77, 0x10, 0x0, 0x0, 0xb, 0xff,
    0xb0, 0x0, 0x0, 0x9f, 0x65, 0xf9, 0x0, 0x1,
    0x86, 0x0, 0x68, 0x10, 0x0, 0x0, 0x0, 0x0,
    0x0, 0x8f, 0x90, 0x0, 0x9, 0xf9, 0x8f, 0x90,
    0x0, 0x9, 0xf9, 0x8f, 0x90, 0x0, 0x9, 0xf9,
    0x8f, 0x90, 0x0, 0x9, 0xf9, 0x8f, 0x90, 0x0,
    0x9, 0xf9, 0x8f, 0x90, 0x0, 0x9, 0xf9, 0x8f,
    0x90, 0x0, 0x9, 0xf9, 0x8f, 0xb0, 0x0, 0xc,
    0xf9, 0x5f, 0xf5, 0x0, 0x7f, 0xf9, 0xd, 0xff,
    0xff, 0xf9, 0xf9, 0x1, 0xae, 0xfb, 0x37, 0xf9,

    /* U+00FC "ü" */
    0x0, 0x54, 0x0, 0x46, 0x0, 0x4, 0xff, 0x11,
    0xff, 0x40, 0x1, 0xdc, 0x0, 0xcd, 0x10, 0x0,
    0x0, 0x0, 0x0, 0x0, 0x8f, 0x90, 0x0, 0x9,
    0xf9, 0x8f, 0x90, 0x0, 0x9, 0xf9, 0x8f, 0x90,
    0x0, 0x9, 0xf9, 0x8f, 0x90, 0x0, 0x9, 0xf9,
    0x8f, 0x90, 0x0, 0x9, 0xf9, 0x8f, 0x90, 0x0,
    0x9, 0xf9, 0x8f, 0x90, 0x0, 0x9, 0xf9, 0x8f,
    0xb0, 0x0, 0xc, 0xf9, 0x5f, 0xf5, 0x0, 0x7f,
    0xf9, 0xd, 0xff, 0xff, 0xf9, 0xf9, 0x1, 0xae,
    0xfb, 0x37, 0xf9,

    /* U+00FD "ý" */
    0x0, 0x0, 0x0, 0xef, 0x20, 0x0, 0x0, 0x0,
    0x7, 0xf7, 0x0, 0x0, 0x0, 0x0, 0xc, 0xb0,
    0x0, 0x0, 0x0, 0x0, 0x0, 0x0, 0x0, 0x0,
    0x5f, 0xe0, 0x0, 0x0, 0x6f, 0xd0, 0xf, 0xf4,
    0x0, 0x0, 0xcf, 0x70, 0x9, 0xfa, 0x0, 0x2,
    0xff, 0x10, 0x3, 0xff, 0x0, 0x8, 0xfb, 0x0,
    0x0, 0xdf, 0x50, 0xd, 0xf5, 0x0, 0x0, 0x7f,
    0xb0, 0x3f, 0xe0, 0x0, 0x0, 0x1f, 0xf0, 0x8f,
    0x90, 0x0, 0x0, 0xb, 0xf5, 0xef, 0x20, 0x0,
    0x0, 0x5, 0xfb, 0xfc, 0x0, 0x0, 0x0, 0x0,
    0xef, 0xf6, 0x0, 0x0, 0x0, 0x0, 0x9f, 0xf1,
    0x0, 0x0, 0x0, 0x0, 0x9f, 0xa0, 0x0, 0x0,
    0x0, 0x1, 0xef, 0x30, 0x0, 0x0, 0x4, 0xdf,
    0xfa, 0x0, 0x0, 0x0, 0x8, 0xfe, 0x90, 0x0,
    0x0, 0x0,

    /* U+00FE "þ" */
    0x8f, 0x90, 0x0, 0x0, 0x0, 0x8, 0xf9, 0x0,
    0x0, 0x0, 0x0, 0x8f, 0x90, 0x0, 0x0, 0x0,
    0x8, 0xf9, 0x2b, 0xfe, 0xa2, 0x0, 0x8f, 0xbe,
    0xfd, 0xff, 0xe2, 0x8, 0xff, 0xa0, 0x1, 0xcf,
    0xc0, 0x8f, 0xe0, 0x0, 0x2, 0xff, 0x28, 0xfa,
    0x0, 0x0, 0xd, 0xf5, 0x8f, 0x90, 0x0, 0x0,
    0xcf, 0x68, 0xfa, 0x0, 0x0, 0xe, 0xf5, 0x8f,
    0xe0, 0x0, 0x2, 0xff, 0x28, 0xff, 0x90, 0x1,
    0xcf, 0xc0, 0x8f, 0xae, 0xfd, 0xff, 0xe2, 0x8,
    0xf9, 0x2b, 0xfe, 0xa2, 0x0, 0x8f, 0x90, 0x0,
    0x0, 0x0, 0x8, 0xf9, 0x0, 0x0, 0x0, 0x0,
    0x8f, 0x90, 0x0, 0x0, 0x0, 0x8, 0xf9, 0x0,
    0x0, 0x0, 0x0,

    /* U+00FF "ÿ" */
    0x0, 0x7, 0x20, 0x6, 0x40, 0x0, 0x0, 0x8f,
    0xd0, 0x5f, 0xf0, 0x0, 0x0, 0x4e, 0x80, 0x2e,
    0xb0, 0x0, 0x0, 0x0, 0x0, 0x0, 0x0, 0x0,
    0x5f, 0xe0, 0x0, 0x0, 0x6f, 0xd0, 0xf, 0xf4,
    0x0, 0x0, 0xcf, 0x70, 0x9, 0xfa, 0x0, 0x2,
    0xff, 0x10, 0x3, 0xff, 0x0, 0x8, 0xfb, 0x0,
    0x0, 0xdf, 0x50, 0xd, 0xf5, 0x0, 0x0, 0x7f,
    0xb0, 0x3f, 0xe0, 0x0, 0x0, 0x1f, 0xf0, 0x8f,
    0x90, 0x0, 0x0, 0xb, 0xf5, 0xef, 0x20, 0x0,
    0x0, 0x5, 0xfb, 0xfc, 0x0, 0x0, 0x0, 0x0,
    0xef, 0xf6, 0x0, 0x0, 0x0, 0x0, 0x9f, 0xf1,
    0x0, 0x0, 0x0, 0x0, 0x9f, 0xa0, 0x0, 0x0,
    0x0, 0x1, 0xef, 0x30, 0x0, 0x0, 0x4, 0xdf,
    0xfa, 0x0, 0x0, 0x0, 0x8, 0xfe, 0x90, 0x0,
    0x0, 0x0,

    /* U+0100 "Ā" */
    0x0, 0x0, 0xaf, 0xff, 0xfd, 0x0, 0x0, 0x0,
    0x0, 0x58, 0x88, 0x87, 0x0, 0x0, 0x0, 0x0,
    0x0, 0x0, 0x0, 0x0, 0x0, 0x0, 0x0, 0x0,
    0x0, 0x0, 0x0, 0x0, 0x0, 0x0, 0x8, 0xff,
    0x90, 0x0, 0x0, 0x0, 0x0, 0xe, 0xff, 0xe0,
    0x0, 0x0, 0x0, 0x0, 0x4f, 0xcb, 0xf5, 0x0,
    0x0, 0x0, 0x0, 0x9f, 0x76, 0xfb, 0x0, 0x0,
    0x0, 0x0, 0xff, 0x21, 0xff, 0x10, 0x0, 0x0,
    0x5, 0xfc, 0x0, 0xbf, 0x70, 0x0, 0x0, 0xb,
    0xf7, 0x0, 0x5f, 0xd0, 0x0, 0x0, 0x1f, 0xf1,
    0x0, 0xe, 0xf3, 0x0, 0x0, 0x7f, 0xfd, 0xdd,
    0xdf, 0xf9, 0x0, 0x0, 0xdf, 0xff, 0xff, 0xff,
    0xff, 0x0, 0x3, 0xff, 0x10, 0x0, 0x0, 0xef,
    0x50, 0x9, 0xfb, 0x0, 0x0, 0x0, 0x9f, 0xb0,
    0xe, 0xf6, 0x0, 0x0, 0x0, 0x3f, 0xf2, 0x5f,
    0xf1, 0x0, 0x0, 0x0, 0xe, 0xf7,

    /* U+0101 "ā" */
    0x0, 0x3f, 0xff, 0xff, 0x40, 0x0, 0x18, 0x88,
    0x88, 0x20, 0x0, 0x0, 0x0, 0x0, 0x0, 0x0,
    0x29, 0xef, 0xea, 0x30, 0x2, 0xff, 0xec, 0xef,
    0xf3, 0x9, 0xfa, 0x0, 0x9, 0xfb, 0x0, 0x0,
    0x0, 0x4, 0xfe, 0x0, 0x1, 0x47, 0x9d, 0xfe,
    0x2, 0xcf, 0xff, 0xfc, 0xfe, 0xe, 0xfb, 0x51,
    0x3, 0xfe, 0x2f, 0xf0, 0x0, 0x5, 0xfe, 0x1f,
    0xf3, 0x0, 0x2d, 0xfe, 0xa, 0xff, 0xcc, 0xfb,
    0xfe, 0x0, 0x8e, 0xfd, 0x72, 0xfe,

    /* U+0102 "Ă" */
    0x0, 0x0, 0xe9, 0x0, 0x6f, 0x0, 0x0, 0x0,
    0x0, 0x9e, 0x43, 0xdb, 0x0, 0x0, 0x0, 0x0,
    0x1c, 0xff, 0xd2, 0x0, 0x0, 0x0, 0x0, 0x0,
    0x23, 0x0, 0x0, 0x0, 0x0, 0x0, 0x0, 0x0,
    0x0, 0x0, 0x0, 0x0, 0x0, 0x8, 0xff, 0x90,
    0x0, 0x0, 0x0, 0x0, 0xe, 0xff, 0xe0, 0x0,
    0x0, 0x0, 0x0, 0x4f, 0xcb, 0xf5, 0x0, 0x0,
    0x0, 0x0, 0x9f, 0x76, 0xfb, 0x0, 0x0, 0x0,
    0x0, 0xff, 0x21, 0xff, 0x10, 0x0, 0x0, 0x5,
    0xfc, 0x0, 0xbf, 0x70, 0x0, 0x0, 0xb, 0xf7,
    0x0, 0x5f, 0xd0, 0x0, 0x0, 0x1f, 0xf1, 0x0,
    0xe, 0xf3, 0x0, 0x0, 0x7f, 0xfd, 0xdd, 0xdf,
    0xf9, 0x0, 0x0, 0xdf, 0xff, 0xff, 0xff, 0xff,
    0x0, 0x3, 0xff, 0x10, 0x0, 0x0, 0xef, 0x50,
    0x9, 0xfb, 0x0, 0x0, 0x0, 0x9f, 0xb0, 0xe,
    0xf6, 0x0, 0x0, 0x0, 0x3f, 0xf2, 0x5f, 0xf1,
    0x0, 0x0, 0x0, 0xe, 0xf7,

    /* U+0103 "ă" */
    0x0, 0x26, 0x0, 0x5, 0x30, 0x0, 0x4f, 0x71,
    0x6f, 0x50, 0x0, 0x8, 0xff, 0xf9, 0x0, 0x0,
    0x0, 0x13, 0x10, 0x0, 0x0, 0x0, 0x0, 0x0,
    0x0, 0x0, 0x29, 0xef, 0xea, 0x30, 0x2, 0xff,
    0xec, 0xef, 0xf3, 0x9, 0xfa, 0x0, 0x9, 0xfb,
    0x0, 0x0, 0x0, 0x4, 0xfe, 0x0, 0x1, 0x47,
    0x9d, 0xfe, 0x2, 0xcf, 0xff, 0xfc, 0xfe, 0xe,
    0xfb, 0x51, 0x3, 0xfe, 0x2f, 0xf0, 0x0, 0x5,
    0xfe, 0x1f, 0xf3, 0x0, 0x2d, 0xfe, 0xa, 0xff,
    0xcc, 0xfb, 0xfe, 0x0, 0x8e, 0xfd, 0x72, 0xfe,

    /* U+0104 "Ą" */
    0x0, 0x0, 0x8, 0xff, 0x90, 0x0, 0x0, 0x0,
    0x0, 0x0, 0xef, 0xfe, 0x0, 0x0, 0x0, 0x0,
    0x0, 0x4f, 0xcb, 0xf5, 0x0, 0x0, 0x0, 0x0,
    0x9, 0xf7, 0x6f, 0xb0, 0x0, 0x0, 0x0, 0x0,
    0xff, 0x21, 0xff, 0x10, 0x0, 0x0, 0x0, 0x5f,
    0xc0, 0xb, 0xf7, 0x0, 0x0, 0x0, 0xb, 0xf7,
    0x0, 0x5f, 0xd0, 0x0, 0x0, 0x1, 0xff, 0x10,
    0x0, 0xef, 0x30, 0x0, 0x0, 0x7f, 0xfd, 0xdd,
    0xdf, 0xf9, 0x0, 0x0, 0xd, 0xff, 0xff, 0xff,
    0xff, 0xf0, 0x0, 0x3, 0xff, 0x10, 0x0, 0x0,
    0xef, 0x50, 0x0, 0x9f, 0xb0, 0x0, 0x0, 0x9,
    0xfb, 0x0, 0xe, 0xf6, 0x0, 0x0, 0x0, 0x3f,
    0xf2, 0x5, 0xff, 0x10, 0x0, 0x0, 0x0, 0xff,
    0x80, 0x0, 0x0, 0x0, 0x0, 0x0, 0x4f, 0xd2,
    0x0, 0x0, 0x0, 0x0, 0x0, 0xe, 0xf2, 0x0,
    0x0, 0x0, 0x0, 0x0, 0x0, 0xff, 0xb9, 0x0,
    0x0, 0x0, 0x0, 0x0, 0x5, 0xdf, 0xc1,

    /* U+0105 "ą" */
    0x0, 0x29, 0xef, 0xea, 0x30, 0x0, 0x2f, 0xfe,
    0xce, 0xff, 0x30, 0x9, 0xfa, 0x0, 0x9, 0xfb,
    0x0, 0x0, 0x0, 0x0, 0x4f, 0xe0, 0x0, 0x1,
    0x47, 0x9d, 0xfe, 0x0, 0x2c, 0xff, 0xff, 0xcf,
    0xe0, 0xe, 0xfb, 0x51, 0x3, 0xfe, 0x2, 0xff,
    0x0, 0x0, 0x5f, 0xe0, 0x1f, 0xf3, 0x0, 0x2d,
    0xfe, 0x0, 0xaf, 0xfc, 0xcf, 0xbf, 0xe0, 0x0,
    0x8e, 0xfd, 0x75, 0xff, 0x0, 0x0, 0x0, 0x2,
    0xfd, 0x10, 0x0, 0x0, 0x0, 0xaf, 0x50, 0x0,
    0x0, 0x0, 0xa, 0xfd, 0xa1, 0x0, 0x0, 0x0,
    0x2c, 0xfd, 0x40,

    /* U+0106 "Ć" */
    0x0, 0x0, 0x0, 0x1f, 0xe1, 0x0, 0x0, 0x0,
    0x0, 0x8, 0xf5, 0x0, 0x0, 0x0, 0x0, 0x0,
    0xda, 0x0, 0x0, 0x0, 0x0, 0x0, 0x0, 0x0,
    0x0, 0x0, 0x0, 0x0, 0x0, 0x0, 0x0, 0x0,
    0x0, 0x0, 0x3a, 0xdf, 0xeb, 0x60, 0x0, 0x0,
    0x8f, 0xff, 0xff, 0xff, 0xc1, 0x0, 0x8f, 0xf9,
    0x30, 0x26, 0xef, 0xc0, 0x2f, 0xf7, 0x0, 0x0,
    0x2, 0xff, 0x48, 0xfd, 0x0, 0x0, 0x0, 0x7,
    0xa5, 0xbf, 0x70, 0x0, 0x0, 0x0, 0x0, 0xd,
    0xf5, 0x0, 0x0, 0x0, 0x0, 0x0, 0xdf, 0x50,
    0x0, 0x0, 0x0, 0x0, 0xb, 0xf7, 0x0, 0x0,
    0x0, 0x0, 0x0, 0x8f, 0xc0, 0x0, 0x0, 0x0,
    0x7a, 0x52, 0xff, 0x60, 0x0, 0x0, 0x2f, 0xf4,
    0x8, 0xff, 0x93, 0x2, 0x6e, 0xfc, 0x0, 0x8,
    0xff, 0xff, 0xff, 0xfc, 0x10, 0x0, 0x3, 0xad,
    0xfe, 0xb6, 0x0, 0x0,

    /* U+0107 "ć" */
    0x0, 0x0, 0x0, 0xbf, 0x60, 0x0, 0x0, 0x0,
    0x2f, 0xb0, 0x0, 0x0, 0x0, 0x8, 0xe2, 0x0,
    0x0, 0x0, 0x0, 0x0, 0x0, 0x0, 0x0, 0x5,
    0xce, 0xec, 0x60, 0x0, 0x9, 0xff, 0xee, 0xff,
    0xa0, 0x5, 0xff, 0x40, 0x4, 0xff, 0x40, 0xbf,
    0x80, 0x0, 0x5, 0x62, 0xf, 0xf3, 0x0, 0x0,
    0x0, 0x0, 0xff, 0x20, 0x0, 0x0, 0x0, 0xf,
    0xf3, 0x0, 0x0, 0x0, 0x0, 0xcf, 0x80, 0x0,
    0x5, 0x72, 0x5, 0xff, 0x40, 0x3, 0xef, 0x40,
    0x9, 0xff, 0xed, 0xff, 0x90, 0x0, 0x5, 0xcf,
    0xfc, 0x50, 0x0,

    /* U+0108 "Ĉ" */
    0x0, 0x0, 0xb, 0xfe, 0x10, 0x0, 0x0, 0x0,
    0x8, 0xf8, 0xfc, 0x0, 0x0, 0x0, 0x6, 0xfa,
    0x5, 0xfa, 0x0, 0x0, 0x0, 0x0, 0x0, 0x0,
    0x0, 0x0, 0x0, 0x0, 0x0, 0x0, 0x0, 0x0,
    0x0, 0x0, 0x3a, 0xdf, 0xeb, 0x60, 0x0, 0x0,
    0x8f, 0xff, 0xff, 0xff, 0xc1, 0x0, 0x8f, 0xf9,
    0x30, 0x26, 0xef, 0xc0, 0x2f, 0xf7, 0x0, 0x0,
    0x2, 0xff, 0x48, 0xfd, 0x0, 0x0, 0x0, 0x7,
    0xa5, 0xbf, 0x70, 0x0, 0x0, 0x0, 0x0, 0xd,
    0xf5, 0x0, 0x0, 0x0, 0x0, 0x0, 0xdf, 0x50,
    0x0, 0x0, 0x0, 0x0, 0xb, 0xf7, 0x0, 0x0,
    0x0, 0x0, 0x0, 0x8f, 0xc0, 0x0, 0x0, 0x0,
    0x7a, 0x52, 0xff, 0x60, 0x0, 0x0, 0x2f, 0xf4,
    0x8, 0xff, 0x93, 0x2, 0x6e, 0xfc, 0x0, 0x8,
    0xff, 0xff, 0xff, 0xfc, 0x10, 0x0, 0x3, 0xad,
    0xfe, 0xb6, 0x0, 0x0,

    /* U+0109 "ĉ" */
    0x0, 0x0, 0x17, 0x71, 0x0, 0x0, 0x0, 0xb,
    0xff, 0xc0, 0x0, 0x0, 0x9, 0xf6, 0x5f, 0x90,
    0x0, 0x1, 0x86, 0x0, 0x68, 0x10, 0x0, 0x0,
    0x0, 0x0, 0x0, 0x0, 0x0, 0x5c, 0xee, 0xc6,
    0x0, 0x0, 0x9f, 0xfe, 0xef, 0xfa, 0x0, 0x5f,
    0xf4, 0x0, 0x4f, 0xf4, 0xb, 0xf8, 0x0, 0x0,
    0x56, 0x20, 0xff, 0x30, 0x0, 0x0, 0x0, 0xf,
    0xf2, 0x0, 0x0, 0x0, 0x0, 0xff, 0x30, 0x0,
    0x0, 0x0, 0xc, 0xf8, 0x0, 0x0, 0x57, 0x20,
    0x5f, 0xf4, 0x0, 0x3e, 0xf4, 0x0, 0x9f, 0xfe,
    0xdf, 0xf9, 0x0, 0x0, 0x5c, 0xff, 0xc5, 0x0,

    /* U+010A "Ċ" */
    0x0, 0x0, 0x5, 0xfa, 0x0, 0x0, 0x0, 0x0,
    0x0, 0x9f, 0xe0, 0x0, 0x0, 0x0, 0x0, 0x1,
    0x73, 0x0, 0x0, 0x0, 0x0, 0x0, 0x0, 0x0,
    0x0, 0x0, 0x0, 0x0, 0x0, 0x0, 0x0, 0x0,
    0x0, 0x0, 0x3a, 0xdf, 0xeb, 0x60, 0x0, 0x0,
    0x8f, 0xff, 0xff, 0xff, 0xc1, 0x0, 0x8f, 0xf9,
    0x30, 0x26, 0xef, 0xc0, 0x2f, 0xf7, 0x0, 0x0,
    0x2, 0xff, 0x48, 0xfd, 0x0, 0x0, 0x0, 0x7,
    0xa5, 0xbf, 0x70, 0x0, 0x0, 0x0, 0x0, 0xd,
    0xf5, 0x0, 0x0, 0x0, 0x0, 0x0, 0xdf, 0x50,
    0x0, 0x0, 0x0, 0x0, 0xb, 0xf7, 0x0, 0x0,
    0x0, 0x0, 0x0, 0x8f, 0xc0, 0x0, 0x0, 0x0,
    0x7a, 0x52, 0xff, 0x60, 0x0, 0x0, 0x2f, 0xf4,
    0x8, 0xff, 0x93, 0x2, 0x6e, 0xfc, 0x0, 0x8,
    0xff, 0xff, 0xff, 0xfc, 0x10, 0x0, 0x3, 0xad,
    0xfe, 0xb6, 0x0, 0x0,

    /* U+010B "ċ" */
    0x0, 0x0, 0x5, 0x50, 0x0, 0x0, 0x0, 0x3,
    0xff, 0x40, 0x0, 0x0, 0x0, 0x1e, 0xe2, 0x0,
    0x0, 0x0, 0x0, 0x0, 0x0, 0x0, 0x0, 0x5,
    0xce, 0xec, 0x60, 0x0, 0x9, 0xff, 0xee, 0xff,
    0xa0, 0x5, 0xff, 0x40, 0x4, 0xff, 0x40, 0xbf,
    0x80, 0x0, 0x5, 0x62, 0xf, 0xf3, 0x0, 0x0,
    0x0, 0x0, 0xff, 0x20, 0x0, 0x0, 0x0, 0xf,
    0xf3, 0x0, 0x0, 0x0, 0x0, 0xcf, 0x80, 0x0,
    0x5, 0x72, 0x5, 0xff, 0x40, 0x3, 0xef, 0x40,
    0x9, 0xff, 0xed, 0xff, 0x90, 0x0, 0x5, 0xcf,
    0xfc, 0x50, 0x0,

    /* U+010C "Č" */
    0x0, 0x5, 0xfa, 0x5, 0xfb, 0x0, 0x0, 0x0,
    0x8, 0xf8, 0xfc, 0x0, 0x0, 0x0, 0x0, 0xa,
    0xfe, 0x10, 0x0, 0x0, 0x0, 0x0, 0x0, 0x0,
    0x0, 0x0, 0x0, 0x0, 0x0, 0x0, 0x0, 0x0,
    0x0, 0x0, 0x3a, 0xdf, 0xeb, 0x60, 0x0, 0x0,
    0x8f, 0xff, 0xff, 0xff, 0xc1, 0x0, 0x8f, 0xf9,
    0x30, 0x26, 0xef, 0xc0, 0x2f, 0xf7, 0x0, 0x0,
    0x2, 0xff, 0x48, 0xfd, 0x0, 0x0, 0x0, 0x7,
    0xa5, 0xbf, 0x70, 0x0, 0x0, 0x0, 0x0, 0xd,
    0xf5, 0x0, 0x0, 0x0, 0x0, 0x0, 0xdf, 0x50,
    0x0, 0x0, 0x0, 0x0, 0xb, 0xf7, 0x0, 0x0,
    0x0, 0x0, 0x0, 0x8f, 0xc0, 0x0, 0x0, 0x0,
    0x7a, 0x52, 0xff, 0x60, 0x0, 0x0, 0x2f, 0xf4,
    0x8, 0xff, 0x93, 0x2, 0x6e, 0xfc, 0x0, 0x8,
    0xff, 0xff, 0xff, 0xfc, 0x10, 0x0, 0x3, 0xad,
    0xfe, 0xb6, 0x0, 0x0,

    /* U+010D "č" */
    0x0, 0x17, 0x60, 0x6, 0x82, 0x0, 0x0, 0x8f,
    0x65, 0xfa, 0x0, 0x0, 0x0, 0xbf, 0xfc, 0x0,
    0x0, 0x0, 0x0, 0x77, 0x10, 0x0, 0x0, 0x0,
    0x0, 0x0, 0x0, 0x0, 0x0, 0x5c, 0xee, 0xc6,
    0x0, 0x0, 0x9f, 0xfe, 0xef, 0xfa, 0x0, 0x5f,
    0xf4, 0x0, 0x4f, 0xf4, 0xb, 0xf8, 0x0, 0x0,
    0x56, 0x20, 0xff, 0x30, 0x0, 0x0, 0x0, 0xf,
    0xf2, 0x0, 0x0, 0x0, 0x0, 0xff, 0x30, 0x0,
    0x0, 0x0, 0xc, 0xf8, 0x0, 0x0, 0x57, 0x20,
    0x5f, 0xf4, 0x0, 0x3e, 0xf4, 0x0, 0x9f, 0xfe,
    0xdf, 0xf9, 0x0, 0x0, 0x5c, 0xff, 0xc5, 0x0,

    /* U+010E "Ď" */
    0x1, 0xee, 0x11, 0xee, 0x20, 0x0, 0x0, 0x3,
    0xfb, 0xbf, 0x30, 0x0, 0x0, 0x0, 0x5, 0xff,
    0x50, 0x0, 0x0, 0x0, 0x0, 0x0, 0x0, 0x0,
    0x0, 0x0, 0x0, 0x0, 0x0, 0x0, 0x0, 0x0,
    0x6, 0xff, 0xff, 0xfe, 0xc6, 0x0, 0x0, 0x6f,
    0xff, 0xff, 0xff, 0xfd, 0x20, 0x6, 0xfd, 0x0,
    0x0, 0x5d, 0xfe, 0x10, 0x6f, 0xd0, 0x0, 0x0,
    0xd, 0xf9, 0x6, 0xfd, 0x0, 0x0, 0x0, 0x4f,
    0xe0, 0x6f, 0xd0, 0x0, 0x0, 0x0, 0xff, 0x36,
    0xfd, 0x0, 0x0, 0x0, 0xe, 0xf4, 0x6f, 0xd0,
    0x0, 0x0, 0x0, 0xef, 0x46, 0xfd, 0x0, 0x0,
    0x0, 0xf, 0xf3, 0x6f, 0xd0, 0x0, 0x0, 0x4,
    0xfe, 0x6, 0xfd, 0x0, 0x0, 0x0, 0xdf, 0x90,
    0x6f, 0xd0, 0x0, 0x15, 0xdf, 0xe1, 0x6, 0xff,
    0xff, 0xff, 0xff, 0xd2, 0x0, 0x6f, 0xff, 0xff,
    0xeb, 0x60, 0x0, 0x0,

    /* U+010F "ď" */
    0x0, 0x0, 0x0, 0x0, 0x0, 0x0, 0x8b, 0x10,
    0x0, 0x0, 0x0, 0x0, 0x0, 0xc, 0xf0, 0x0,
    0x0, 0x0, 0x0, 0x3f, 0xe0, 0xcd, 0x0, 0x0,
    0x0, 0x0, 0x3, 0xfe, 0xc, 0xb0, 0x0, 0x0,
    0x0, 0x0, 0x3f, 0xe0, 0x0, 0x0, 0x0, 0x7d,
    0xfd, 0x63, 0xfe, 0x0, 0x0, 0x0, 0xbf, 0xfe,
    0xef, 0x9f, 0xe0, 0x0, 0x0, 0x6f, 0xf4, 0x0,
    0x5f, 0xfe, 0x0, 0x0, 0xc, 0xf8, 0x0, 0x0,
    0x9f, 0xe0, 0x0, 0x0, 0xff, 0x30, 0x0, 0x4,
    0xfe, 0x0, 0x0, 0xf, 0xf2, 0x0, 0x0, 0x3f,
    0xe0, 0x0, 0x0, 0xff, 0x30, 0x0, 0x5, 0xfe,
    0x0, 0x0, 0xc, 0xf8, 0x0, 0x0, 0x9f, 0xe0,
    0x0, 0x0, 0x6f, 0xf4, 0x0, 0x5f, 0xfe, 0x0,
    0x0, 0x0, 0xbf, 0xfe, 0xef, 0x8f, 0xe0, 0x0,
    0x0, 0x0, 0x7d, 0xfd, 0x62, 0xfe, 0x0, 0x0,

    /* U+0110 "Đ" */
    0x0, 0xff, 0xff, 0xfe, 0xd9, 0x20, 0x0, 0x0,
    0xff, 0xff, 0xff, 0xff, 0xf7, 0x0, 0x0, 0xff,
    0x40, 0x0, 0x29, 0xff, 0x60, 0x0, 0xff, 0x40,
    0x0, 0x0, 0x7f, 0xf0, 0x0, 0xff, 0x40, 0x0,
    0x0, 0xd, 0xf6, 0x0, 0xff, 0x40, 0x0, 0x0,
    0x9, 0xf9, 0xcf, 0xff, 0xff, 0xfe, 0x0, 0x7,
    0xfb, 0x8a, 0xff, 0xea, 0xa9, 0x0, 0x7, 0xfb,
    0x0, 0xff, 0x40, 0x0, 0x0, 0x9, 0xf9, 0x0,
    0xff, 0x40, 0x0, 0x0, 0xd, 0xf6, 0x0, 0xff,
    0x40, 0x0, 0x0, 0x7f, 0xf0, 0x0, 0xff, 0x40,
    0x0, 0x39, 0xff, 0x60, 0x0, 0xff, 0xff, 0xff,
    0xff, 0xf7, 0x0, 0x0, 0xff, 0xff, 0xfe, 0xd8,
    0x20, 0x0,

    /* U+0111 "đ" */
    0x0, 0x0, 0x0, 0x22, 0x6f, 0xf2, 0x0, 0x0,
    0x0, 0x4f, 0xff, 0xff, 0xf4, 0x0, 0x0, 0x1,
    0x55, 0x9f, 0xf5, 0x10, 0x0, 0x7d, 0xfd, 0x63,
    0xfe, 0x0, 0x0, 0xbf, 0xfe, 0xef, 0x9f, 0xe0,
    0x0, 0x6f, 0xf4, 0x0, 0x5f, 0xfe, 0x0, 0xc,
    0xf8, 0x0, 0x0, 0x9f, 0xe0, 0x0, 0xff, 0x30,
    0x0, 0x4, 0xfe, 0x0, 0xf, 0xf2, 0x0, 0x0,
    0x3f, 0xe0, 0x0, 0xff, 0x30, 0x0, 0x5, 0xfe,
    0x0, 0xc, 0xf8, 0x0, 0x0, 0x9f, 0xe0, 0x0,
    0x6f, 0xf4, 0x0, 0x5f, 0xfe, 0x0, 0x0, 0xbf,
    0xfe, 0xef, 0x8f, 0xe0, 0x0, 0x0, 0x7d, 0xfd,
    0x62, 0xfe, 0x0,

    /* U+0112 "Ē" */
    0x0, 0x8f, 0xff, 0xff, 0x0, 0x0, 0x48, 0x88,
    0x88, 0x0, 0x0, 0x0, 0x0, 0x0, 0x0, 0x0,
    0x0, 0x0, 0x0, 0x0, 0x6f, 0xff, 0xff, 0xff,
    0xfc, 0x6f, 0xfe, 0xee, 0xee, 0xeb, 0x6f, 0xd0,
    0x0, 0x0, 0x0, 0x6f, 0xd0, 0x0, 0x0, 0x0,
    0x6f, 0xd0, 0x0, 0x0, 0x0, 0x6f, 0xd0, 0x0,
    0x0, 0x0, 0x6f, 0xff, 0xff, 0xff, 0xf4, 0x6f,
    0xfe, 0xee, 0xee, 0xe4, 0x6f, 0xd0, 0x0, 0x0,
    0x0, 0x6f, 0xd0, 0x0, 0x0, 0x0, 0x6f, 0xd0,
    0x0, 0x0, 0x0, 0x6f, 0xd0, 0x0, 0x0, 0x0,
    0x6f, 0xfe, 0xee, 0xee, 0xec, 0x6f, 0xff, 0xff,
    0xff, 0xfd,

    /* U+0113 "ē" */
    0x0, 0xd, 0xff, 0xff, 0xa0, 0x0, 0x0, 0x68,
    0x88, 0x85, 0x0, 0x0, 0x0, 0x0, 0x0, 0x0,
    0x0, 0x0, 0x5c, 0xff, 0xb4, 0x0, 0x0, 0x9f,
    0xfd, 0xdf, 0xf8, 0x0, 0x5f, 0xe3, 0x0, 0x3f,
    0xf3, 0xb, 0xf5, 0x0, 0x0, 0x8f, 0x90, 0xff,
    0xa9, 0x99, 0x9b, 0xfc, 0xf, 0xff, 0xff, 0xff,
    0xff, 0xd0, 0xff, 0x20, 0x0, 0x0, 0x0, 0xc,
    0xf7, 0x0, 0x0, 0x11, 0x0, 0x5f, 0xf4, 0x0,
    0x1d, 0xf6, 0x0, 0x9f, 0xfe, 0xcf, 0xfc, 0x0,
    0x0, 0x5c, 0xef, 0xd7, 0x0,

    /* U+0114 "Ĕ" */
    0x0, 0xbb, 0x0, 0x4f, 0x30, 0x0, 0x6f, 0x52,
    0xce, 0x0, 0x0, 0xa, 0xff, 0xe3, 0x0, 0x0,
    0x0, 0x23, 0x0, 0x0, 0x0, 0x0, 0x0, 0x0,
    0x0, 0x6f, 0xff, 0xff, 0xff, 0xfc, 0x6f, 0xfe,
    0xee, 0xee, 0xeb, 0x6f, 0xd0, 0x0, 0x0, 0x0,
    0x6f, 0xd0, 0x0, 0x0, 0x0, 0x6f, 0xd0, 0x0,
    0x0, 0x0, 0x6f, 0xd0, 0x0, 0x0, 0x0, 0x6f,
    0xff, 0xff, 0xff, 0xf4, 0x6f, 0xfe, 0xee, 0xee,
    0xe4, 0x6f, 0xd0, 0x0, 0x0, 0x0, 0x6f, 0xd0,
    0x0, 0x0, 0x0, 0x6f, 0xd0, 0x0, 0x0, 0x0,
    0x6f, 0xd0, 0x0, 0x0, 0x0, 0x6f, 0xfe, 0xee,
    0xee, 0xec, 0x6f, 0xff, 0xff, 0xff, 0xfd,

    /* U+0115 "ĕ" */
    0x0, 0x8, 0x30, 0x4, 0x70, 0x0, 0x0, 0xdc,
    0x23, 0xdb, 0x0, 0x0, 0x3, 0xef, 0xfd, 0x10,
    0x0, 0x0, 0x0, 0x33, 0x0, 0x0, 0x0, 0x0,
    0x0, 0x0, 0x0, 0x0, 0x0, 0x5c, 0xff, 0xb4,
    0x0, 0x0, 0x9f, 0xfd, 0xdf, 0xf8, 0x0, 0x5f,
    0xe3, 0x0, 0x3f, 0xf3, 0xb, 0xf5, 0x0, 0x0,
    0x8f, 0x90, 0xff, 0xa9, 0x99, 0x9b, 0xfc, 0xf,
    0xff, 0xff, 0xff, 0xff, 0xd0, 0xff, 0x20, 0x0,
    0x0, 0x0, 0xc, 0xf7, 0x0, 0x0, 0x11, 0x0,
    0x5f, 0xf4, 0x0, 0x1d, 0xf6, 0x0, 0x9f, 0xfe,
    0xcf, 0xfc, 0x0, 0x0, 0x5c, 0xef, 0xd7, 0x0,

    /* U+0116 "Ė" */
    0x0, 0x0, 0x47, 0x0, 0x0, 0x0, 0x0, 0xff,
    0x80, 0x0, 0x0, 0x0, 0xbe, 0x40, 0x0, 0x0,
    0x0, 0x0, 0x0, 0x0, 0x0, 0x0, 0x0, 0x0,
    0x0, 0x6f, 0xff, 0xff, 0xff, 0xfc, 0x6f, 0xfe,
    0xee, 0xee, 0xeb, 0x6f, 0xd0, 0x0, 0x0, 0x0,
    0x6f, 0xd0, 0x0, 0x0, 0x0, 0x6f, 0xd0, 0x0,
    0x0, 0x0, 0x6f, 0xd0, 0x0, 0x0, 0x0, 0x6f,
    0xff, 0xff, 0xff, 0xf4, 0x6f, 0xfe, 0xee, 0xee,
    0xe4, 0x6f, 0xd0, 0x0, 0x0, 0x0, 0x6f, 0xd0,
    0x0, 0x0, 0x0, 0x6f, 0xd0, 0x0, 0x0, 0x0,
    0x6f, 0xd0, 0x0, 0x0, 0x0, 0x6f, 0xfe, 0xee,
    0xee, 0xec, 0x6f, 0xff, 0xff, 0xff, 0xfd,

    /* U+0117 "ė" */
    0x0, 0x0, 0x6, 0x50, 0x0, 0x0, 0x0, 0x5,
    0xff, 0x30, 0x0, 0x0, 0x0, 0x2e, 0xd1, 0x0,
    0x0, 0x0, 0x0, 0x0, 0x0, 0x0, 0x0, 0x5,
    0xcf, 0xfb, 0x40, 0x0, 0x9, 0xff, 0xdd, 0xff,
    0x80, 0x5, 0xfe, 0x30, 0x3, 0xff, 0x30, 0xbf,
    0x50, 0x0, 0x8, 0xf9, 0xf, 0xfa, 0x99, 0x99,
    0xbf, 0xc0, 0xff, 0xff, 0xff, 0xff, 0xfd, 0xf,
    0xf2, 0x0, 0x0, 0x0, 0x0, 0xcf, 0x70, 0x0,
    0x1, 0x10, 0x5, 0xff, 0x40, 0x1, 0xdf, 0x60,
    0x9, 0xff, 0xec, 0xff, 0xc0, 0x0, 0x5, 0xce,
    0xfd, 0x70, 0x0,

    /* U+0118 "Ę" */
    0x6f, 0xff, 0xff, 0xff, 0xfc, 0x6, 0xff, 0xee,
    0xee, 0xee, 0xb0, 0x6f, 0xd0, 0x0, 0x0, 0x0,
    0x6, 0xfd, 0x0, 0x0, 0x0, 0x0, 0x6f, 0xd0,
    0x0, 0x0, 0x0, 0x6, 0xff, 0xee, 0xee, 0xee,
    0x40, 0x6f, 0xff, 0xff, 0xff, 0xf4, 0x6, 0xfd,
    0x0, 0x0, 0x0, 0x0, 0x6f, 0xd0, 0x0, 0x0,
    0x0, 0x6, 0xfd, 0x0, 0x0, 0x0, 0x0, 0x6f,
    0xd0, 0x0, 0x0, 0x0, 0x6, 0xfd, 0x0, 0x0,
    0x0, 0x0, 0x6f, 0xfe, 0xee, 0xee, 0xec, 0x6,
    0xff, 0xff, 0xff, 0xff, 0xd0, 0x0, 0x0, 0x0,
    0x2e, 0xe3, 0x0, 0x0, 0x0, 0xa, 0xf4, 0x0,
    0x0, 0x0, 0x0, 0xbf, 0xca, 0x0, 0x0, 0x0,
    0x3, 0xcf, 0xd3,

    /* U+0119 "ę" */
    0x0, 0x5, 0xcf, 0xfb, 0x40, 0x0, 0x9, 0xff,
    0xdd, 0xff, 0x80, 0x5, 0xfe, 0x30, 0x3, 0xff,
    0x30, 0xbf, 0x50, 0x0, 0x8, 0xf9, 0xf, 0xfa,
    0x99, 0x99, 0xbf, 0xc0, 0xff, 0xff, 0xff, 0xff,
    0xfd, 0xf, 0xf2, 0x0, 0x0, 0x0, 0x0, 0xcf,
    0x70, 0x0, 0x1, 0x10, 0x5, 0xff, 0x40, 0x1,
    0xdf, 0xa0, 0x9, 0xff, 0xec, 0xff, 0xf2, 0x0,
    0x5, 0xce, 0xff, 0xf8, 0x0, 0x0, 0x0, 0x2,
    0xfd, 0x0, 0x0, 0x0, 0x0, 0x9f, 0x70, 0x0,
    0x0, 0x0, 0x8, 0xfd, 0xa2, 0x0, 0x0, 0x0,
    0x1b, 0xfe, 0x50,

    /* U+011A "Ě" */
    0x0, 0xbf, 0x30, 0xbf, 0x40, 0x0, 0x1d, 0xe9,
    0xf6, 0x0, 0x0, 0x2, 0xff, 0x90, 0x0, 0x0,
    0x0, 0x0, 0x0, 0x0, 0x0, 0x0, 0x0, 0x0,
    0x0, 0x6f, 0xff, 0xff, 0xff, 0xfc, 0x6f, 0xfe,
    0xee, 0xee, 0xeb, 0x6f, 0xd0, 0x0, 0x0, 0x0,
    0x6f, 0xd0, 0x0, 0x0, 0x0, 0x6f, 0xd0, 0x0,
    0x0, 0x0, 0x6f, 0xd0, 0x0, 0x0, 0x0, 0x6f,
    0xff, 0xff, 0xff, 0xf4, 0x6f, 0xfe, 0xee, 0xee,
    0xe4, 0x6f, 0xd0, 0x0, 0x0, 0x0, 0x6f, 0xd0,
    0x0, 0x0, 0x0, 0x6f, 0xd0, 0x0, 0x0, 0x0,
    0x6f, 0xd0, 0x0, 0x0, 0x0, 0x6f, 0xfe, 0xee,
    0xee, 0xec, 0x6f, 0xff, 0xff, 0xff, 0xfd,

    /* U+011B "ě" */
    0x0, 0x28, 0x50, 0x6, 0x71, 0x0, 0x0, 0xaf,
    0x47, 0xf8, 0x0, 0x0, 0x0, 0xce, 0xfa, 0x0,
    0x0, 0x0, 0x1, 0x87, 0x0, 0x0, 0x0, 0x0,
    0x0, 0x0, 0x0, 0x0, 0x0, 0x5c, 0xff, 0xb4,
    0x0, 0x0, 0x9f, 0xfd, 0xdf, 0xf8, 0x0, 0x5f,
    0xe3, 0x0, 0x3f, 0xf3, 0xb, 0xf5, 0x0, 0x0,
    0x8f, 0x90, 0xff, 0xa9, 0x99, 0x9b, 0xfc, 0xf,
    0xff, 0xff, 0xff, 0xff, 0xd0, 0xff, 0x20, 0x0,
    0x0, 0x0, 0xc, 0xf7, 0x0, 0x0, 0x11, 0x0,
    0x5f, 0xf4, 0x0, 0x1d, 0xf6, 0x0, 0x9f, 0xfe,
    0xcf, 0xfc, 0x0, 0x0, 0x5c, 0xef, 0xd7, 0x0,

    /* U+011C "Ĝ" */
    0x0, 0x0, 0xb, 0xfd, 0x10, 0x0, 0x0, 0x0,
    0x9, 0xf8, 0xfb, 0x0, 0x0, 0x0, 0x7, 0xf9,
    0x6, 0xf9, 0x0, 0x0, 0x0, 0x0, 0x0, 0x0,
    0x0, 0x0, 0x0, 0x0, 0x0, 0x0, 0x0, 0x0,
    0x0, 0x0, 0x3a, 0xdf, 0xec, 0x60, 0x0, 0x0,
    0x8f, 0xff, 0xff, 0xff, 0xd2, 0x0, 0x8f, 0xf9,
    0x30, 0x16, 0xef, 0xd0, 0x2f, 0xf7, 0x0, 0x0,
    0x1, 0xff, 0x68, 0xfc, 0x0, 0x0, 0x0, 0x2,
    0x32, 0xbf, 0x70, 0x0, 0x0, 0x0, 0x0, 0xd,
    0xf5, 0x0, 0x0, 0xcd, 0xdd, 0xda, 0xdf, 0x50,
    0x0, 0xf, 0xff, 0xff, 0xcb, 0xf7, 0x0, 0x0,
    0x0, 0x6, 0xfb, 0x8f, 0xc0, 0x0, 0x0, 0x0,
    0xaf, 0x92, 0xff, 0x70, 0x0, 0x0, 0x3f, 0xf4,
    0x8, 0xff, 0x93, 0x1, 0x6e, 0xfb, 0x0, 0x9,
    0xff, 0xff, 0xff, 0xfc, 0x10, 0x0, 0x3, 0xad,
    0xfe, 0xc6, 0x0, 0x0,

    /* U+011D "ĝ" */
    0x0, 0x0, 0x17, 0x71, 0x0, 0x0, 0x0, 0xc,
    0xff, 0xb0, 0x0, 0x0, 0xa, 0xf5, 0x6f, 0x90,
    0x0, 0x2, 0x86, 0x0, 0x67, 0x10, 0x0, 0x0,
    0x0, 0x0, 0x0, 0x0, 0x0, 0x7d, 0xfd, 0x62,
    0xff, 0x0, 0xbf, 0xfe, 0xef, 0x8f, 0xf0, 0x6f,
    0xf5, 0x0, 0x4f, 0xff, 0xc, 0xf8, 0x0, 0x0,
    0xaf, 0xf0, 0xff, 0x40, 0x0, 0x5, 0xff, 0xf,
    0xf2, 0x0, 0x0, 0x3f, 0xf0, 0xff, 0x30, 0x0,
    0x4, 0xff, 0xd, 0xf8, 0x0, 0x0, 0x8f, 0xf0,
    0x7f, 0xf4, 0x0, 0x4f, 0xff, 0x0, 0xcf, 0xfd,
    0xdf, 0xaf, 0xf0, 0x0, 0x8d, 0xfe, 0x73, 0xff,
    0x0, 0x0, 0x0, 0x0, 0x4f, 0xe0, 0x3b, 0x90,
    0x0, 0x1b, 0xfa, 0x2, 0xef, 0xfc, 0xcf, 0xfe,
    0x10, 0x1, 0x8d, 0xff, 0xd8, 0x10,

    /* U+011E "Ğ" */
    0x0, 0x5, 0xf1, 0x0, 0xe8, 0x0, 0x0, 0x0,
    0x1f, 0xa2, 0x7f, 0x40, 0x0, 0x0, 0x0, 0x5f,
    0xff, 0x80, 0x0, 0x0, 0x0, 0x0, 0x13, 0x10,
    0x0, 0x0, 0x0, 0x0, 0x0, 0x0, 0x0, 0x0,
    0x0, 0x0, 0x3a, 0xdf, 0xec, 0x60, 0x0, 0x0,
    0x8f, 0xff, 0xff, 0xff, 0xd2, 0x0, 0x8f, 0xf9,
    0x30, 0x16, 0xef, 0xd0, 0x2f, 0xf7, 0x0, 0x0,
    0x1, 0xff, 0x68, 0xfc, 0x0, 0x0, 0x0, 0x2,
    0x32, 0xbf, 0x70, 0x0, 0x0, 0x0, 0x0, 0xd,
    0xf5, 0x0, 0x0, 0xcd, 0xdd, 0xda, 0xdf, 0x50,
    0x0, 0xf, 0xff, 0xff, 0xcb, 0xf7, 0x0, 0x0,
    0x0, 0x6, 0xfb, 0x8f, 0xc0, 0x0, 0x0, 0x0,
    0xaf, 0x92, 0xff, 0x70, 0x0, 0x0, 0x3f, 0xf4,
    0x8, 0xff, 0x93, 0x1, 0x6e, 0xfb, 0x0, 0x9,
    0xff, 0xff, 0xff, 0xfc, 0x10, 0x0, 0x3, 0xad,
    0xfe, 0xc6, 0x0, 0x0,

    /* U+011F "ğ" */
    0x0, 0x7, 0x30, 0x3, 0x70, 0x0, 0x0, 0xcc,
    0x23, 0xdc, 0x0, 0x0, 0x2, 0xdf, 0xfd, 0x20,
    0x0, 0x0, 0x0, 0x33, 0x0, 0x0, 0x0, 0x0,
    0x0, 0x0, 0x0, 0x0, 0x0, 0x7d, 0xfd, 0x62,
    0xff, 0x0, 0xbf, 0xfe, 0xef, 0x8f, 0xf0, 0x6f,
    0xf5, 0x0, 0x4f, 0xff, 0xc, 0xf8, 0x0, 0x0,
    0xaf, 0xf0, 0xff, 0x40, 0x0, 0x5, 0xff, 0xf,
    0xf2, 0x0, 0x0, 0x3f, 0xf0, 0xff, 0x30, 0x0,
    0x4, 0xff, 0xd, 0xf8, 0x0, 0x0, 0x8f, 0xf0,
    0x7f, 0xf4, 0x0, 0x4f, 0xff, 0x0, 0xcf, 0xfd,
    0xdf, 0xaf, 0xf0, 0x0, 0x8d, 0xfe, 0x73, 0xff,
    0x0, 0x0, 0x0, 0x0, 0x4f, 0xe0, 0x3b, 0x90,
    0x0, 0x1b, 0xfa, 0x2, 0xef, 0xfc, 0xcf, 0xfe,
    0x10, 0x1, 0x8d, 0xff, 0xd8, 0x10,

    /* U+0120 "Ġ" */
    0x0, 0x0, 0x6, 0xf9, 0x0, 0x0, 0x0, 0x0,
    0x0, 0xaf, 0xe0, 0x0, 0x0, 0x0, 0x0, 0x1,
    0x73, 0x0, 0x0, 0x0, 0x0, 0x0, 0x0, 0x0,
    0x0, 0x0, 0x0, 0x0, 0x0, 0x0, 0x0, 0x0,
    0x0, 0x0, 0x3a, 0xdf, 0xec, 0x60, 0x0, 0x0,
    0x8f, 0xff, 0xff, 0xff, 0xd2, 0x0, 0x8f, 0xf9,
    0x30, 0x16, 0xef, 0xd0, 0x2f, 0xf7, 0x0, 0x0,
    0x1, 0xff, 0x68, 0xfc, 0x0, 0x0, 0x0, 0x2,
    0x32, 0xbf, 0x70, 0x0, 0x0, 0x0, 0x0, 0xd,
    0xf5, 0x0, 0x0, 0xcd, 0xdd, 0xda, 0xdf, 0x50,
    0x0, 0xf, 0xff, 0xff, 0xcb, 0xf7, 0x0, 0x0,
    0x0, 0x6, 0xfb, 0x8f, 0xc0, 0x0, 0x0, 0x0,
    0xaf, 0x92, 0xff, 0x70, 0x0, 0x0, 0x3f, 0xf4,
    0x8, 0xff, 0x93, 0x1, 0x6e, 0xfb, 0x0, 0x9,
    0xff, 0xff, 0xff, 0xfc, 0x10, 0x0, 0x3, 0xad,
    0xfe, 0xc6, 0x0, 0x0,

    /* U+0121 "ġ" */
    0x0, 0x0, 0x5, 0x50, 0x0, 0x0, 0x0, 0x4,
    0xff, 0x40, 0x0, 0x0, 0x0, 0x1e, 0xe1, 0x0,
    0x0, 0x0, 0x0, 0x0, 0x0, 0x0, 0x0, 0x7,
    0xdf, 0xd6, 0x2f, 0xf0, 0xb, 0xff, 0xee, 0xf8,
    0xff, 0x6, 0xff, 0x50, 0x4, 0xff, 0xf0, 0xcf,
    0x80, 0x0, 0xa, 0xff, 0xf, 0xf4, 0x0, 0x0,
    0x5f, 0xf0, 0xff, 0x20, 0x0, 0x3, 0xff, 0xf,
    0xf3, 0x0, 0x0, 0x4f, 0xf0, 0xdf, 0x80, 0x0,
    0x8, 0xff, 0x7, 0xff, 0x40, 0x4, 0xff, 0xf0,
    0xc, 0xff, 0xdd, 0xfa, 0xff, 0x0, 0x8, 0xdf,
    0xe7, 0x3f, 0xf0, 0x0, 0x0, 0x0, 0x4, 0xfe,
    0x3, 0xb9, 0x0, 0x1, 0xbf, 0xa0, 0x2e, 0xff,
    0xcc, 0xff, 0xe1, 0x0, 0x18, 0xdf, 0xfd, 0x81,
    0x0,

    /* U+0122 "Ģ" */
    0x0, 0x3, 0xad, 0xfe, 0xc6, 0x0, 0x0, 0x8,
    0xff, 0xff, 0xff, 0xfd, 0x20, 0x8, 0xff, 0x93,
    0x1, 0x6e, 0xfd, 0x2, 0xff, 0x70, 0x0, 0x0,
    0x1f, 0xf6, 0x8f, 0xc0, 0x0, 0x0, 0x0, 0x23,
    0x2b, 0xf7, 0x0, 0x0, 0x0, 0x0, 0x0, 0xdf,
    0x50, 0x0, 0xc, 0xdd, 0xdd, 0xad, 0xf5, 0x0,
    0x0, 0xff, 0xff, 0xfc, 0xbf, 0x70, 0x0, 0x0,
    0x0, 0x6f, 0xb8, 0xfc, 0x0, 0x0, 0x0, 0xa,
    0xf9, 0x2f, 0xf7, 0x0, 0x0, 0x3, 0xff, 0x40,
    0x8f, 0xf9, 0x30, 0x16, 0xef, 0xb0, 0x0, 0x9f,
    0xff, 0xff, 0xff, 0xc1, 0x0, 0x0, 0x3a, 0xdf,
    0xec, 0x60, 0x0, 0x0, 0x0, 0x0, 0x0, 0x0,
    0x0, 0x0, 0x0, 0x0, 0x9f, 0x60, 0x0, 0x0,
    0x0, 0x0, 0xd, 0xf1, 0x0, 0x0, 0x0, 0x0,
    0x1, 0xfa, 0x0, 0x0, 0x0, 0x0, 0x0, 0x29,
    0x30, 0x0, 0x0, 0x0,

    /* U+0123 "ģ" */
    0x0, 0x0, 0x0, 0x82, 0x0, 0x0, 0x0, 0x0,
    0x6f, 0x50, 0x0, 0x0, 0x0, 0xc, 0xf0, 0x0,
    0x0, 0x0, 0x0, 0xdd, 0x0, 0x0, 0x0, 0x0,
    0x7, 0x60, 0x0, 0x0, 0x0, 0x0, 0x0, 0x0,
    0x0, 0x0, 0x7, 0xdf, 0xd6, 0x2f, 0xf0, 0xb,
    0xff, 0xee, 0xf8, 0xff, 0x6, 0xff, 0x50, 0x4,
    0xff, 0xf0, 0xcf, 0x80, 0x0, 0xa, 0xff, 0xf,
    0xf4, 0x0, 0x0, 0x5f, 0xf0, 0xff, 0x20, 0x0,
    0x3, 0xff, 0xf, 0xf3, 0x0, 0x0, 0x4f, 0xf0,
    0xdf, 0x80, 0x0, 0x8, 0xff, 0x7, 0xff, 0x40,
    0x4, 0xff, 0xf0, 0xc, 0xff, 0xdd, 0xfa, 0xff,
    0x0, 0x8, 0xdf, 0xe7, 0x3f, 0xf0, 0x0, 0x0,
    0x0, 0x4, 0xfe, 0x3, 0xb9, 0x0, 0x1, 0xbf,
    0xa0, 0x2e, 0xff, 0xcc, 0xff, 0xe1, 0x0, 0x18,
    0xdf, 0xfd, 0x81, 0x0,

    /* U+0124 "Ĥ" */
    0x0, 0x0, 0x1d, 0xfb, 0x0, 0x0, 0x0, 0x0,
    0xb, 0xf8, 0xf9, 0x0, 0x0, 0x0, 0x9, 0xf6,
    0x9, 0xf6, 0x0, 0x0, 0x0, 0x0, 0x0, 0x0,
    0x0, 0x0, 0x0, 0x0, 0x0, 0x0, 0x0, 0x0,
    0x6, 0xfd, 0x0, 0x0, 0x0, 0xf, 0xf4, 0x6f,
    0xd0, 0x0, 0x0, 0x0, 0xff, 0x46, 0xfd, 0x0,
    0x0, 0x0, 0xf, 0xf4, 0x6f, 0xd0, 0x0, 0x0,
    0x0, 0xff, 0x46, 0xfd, 0x0, 0x0, 0x0, 0xf,
    0xf4, 0x6f, 0xd0, 0x0, 0x0, 0x0, 0xff, 0x46,
    0xff, 0xff, 0xff, 0xff, 0xff, 0xf4, 0x6f, 0xfe,
    0xee, 0xee, 0xee, 0xff, 0x46, 0xfd, 0x0, 0x0,
    0x0, 0xf, 0xf4, 0x6f, 0xd0, 0x0, 0x0, 0x0,
    0xff, 0x46, 0xfd, 0x0, 0x0, 0x0, 0xf, 0xf4,
    0x6f, 0xd0, 0x0, 0x0, 0x0, 0xff, 0x46, 0xfd,
    0x0, 0x0, 0x0, 0xf, 0xf4, 0x6f, 0xd0, 0x0,
    0x0, 0x0, 0xff, 0x40,

    /* U+0125 "ĥ" */
    0x0, 0xdf, 0xc0, 0x0, 0x0, 0x0, 0xb, 0xf8,
    0xfa, 0x0, 0x0, 0x0, 0x8f, 0x70, 0x7f, 0x70,
    0x0, 0x0, 0x0, 0x0, 0x0, 0x0, 0x0, 0x0,
    0x0, 0x0, 0x0, 0x0, 0x0, 0x0, 0x0, 0x8f,
    0x90, 0x0, 0x0, 0x0, 0x0, 0x8f, 0x90, 0x0,
    0x0, 0x0, 0x0, 0x8f, 0x90, 0x0, 0x0, 0x0,
    0x0, 0x8f, 0x92, 0xbf, 0xea, 0x10, 0x0, 0x8f,
    0xae, 0xff, 0xff, 0xd0, 0x0, 0x8f, 0xf8, 0x0,
    0x5f, 0xf5, 0x0, 0x8f, 0xc0, 0x0, 0xb, 0xf8,
    0x0, 0x8f, 0x90, 0x0, 0x9, 0xf9, 0x0, 0x8f,
    0x90, 0x0, 0x9, 0xf9, 0x0, 0x8f, 0x90, 0x0,
    0x9, 0xf9, 0x0, 0x8f, 0x90, 0x0, 0x9, 0xf9,
    0x0, 0x8f, 0x90, 0x0, 0x9, 0xf9, 0x0, 0x8f,
    0x90, 0x0, 0x9, 0xf9, 0x0, 0x8f, 0x90, 0x0,
    0x9, 0xf9,

    /* U+0126 "Ħ" */
    0x0, 0xff, 0x40, 0x0, 0x0, 0x8, 0xfb, 0x0,
    0xf, 0xf4, 0x0, 0x0, 0x0, 0x8f, 0xb0, 0x18,
    0xff, 0xa8, 0x88, 0x88, 0x8c, 0xfe, 0x72, 0xff,
    0xff, 0xff, 0xff, 0xff, 0xff, 0xfd, 0x0, 0xff,
    0x40, 0x0, 0x0, 0x8, 0xfb, 0x0, 0xf, 0xf4,
    0x0, 0x0, 0x0, 0x8f, 0xb0, 0x0, 0xff, 0xff,
    0xff, 0xff, 0xff, 0xfb, 0x0, 0xf, 0xfe, 0xee,
    0xee, 0xee, 0xff, 0xb0, 0x0, 0xff, 0x40, 0x0,
    0x0, 0x8, 0xfb, 0x0, 0xf, 0xf4, 0x0, 0x0,
    0x0, 0x8f, 0xb0, 0x0, 0xff, 0x40, 0x0, 0x0,
    0x8, 0xfb, 0x0, 0xf, 0xf4, 0x0, 0x0, 0x0,
    0x8f, 0xb0, 0x0, 0xff, 0x40, 0x0, 0x0, 0x8,
    0xfb, 0x0, 0xf, 0xf4, 0x0, 0x0, 0x0, 0x8f,
    0xb0,

    /* U+0127 "ħ" */
    0x2b, 0xfb, 0x22, 0x10, 0x0, 0xf, 0xff, 0xff,
    0xf9, 0x0, 0x0, 0x5e, 0xfe, 0x55, 0x30, 0x0,
    0x0, 0x8f, 0x92, 0xbf, 0xea, 0x10, 0x8, 0xfa,
    0xef, 0xff, 0xfd, 0x0, 0x8f, 0xf8, 0x0, 0x5f,
    0xf5, 0x8, 0xfc, 0x0, 0x0, 0xbf, 0x80, 0x8f,
    0x90, 0x0, 0x9, 0xf9, 0x8, 0xf9, 0x0, 0x0,
    0x9f, 0x90, 0x8f, 0x90, 0x0, 0x9, 0xf9, 0x8,
    0xf9, 0x0, 0x0, 0x9f, 0x90, 0x8f, 0x90, 0x0,
    0x9, 0xf9, 0x8, 0xf9, 0x0, 0x0, 0x9f, 0x90,
    0x8f, 0x90, 0x0, 0x9, 0xf9,

    /* U+0128 "Ĩ" */
    0x0, 0x11, 0x11, 0x11, 0xdf, 0xff, 0xf8, 0x14,
    0x44, 0x43, 0x0, 0x0, 0x0, 0x0, 0x0, 0x0,
    0x0, 0x0, 0x6, 0xfd, 0x0, 0x0, 0x6f, 0xd0,
    0x0, 0x6, 0xfd, 0x0, 0x0, 0x6f, 0xd0, 0x0,
    0x6, 0xfd, 0x0, 0x0, 0x6f, 0xd0, 0x0, 0x6,
    0xfd, 0x0, 0x0, 0x6f, 0xd0, 0x0, 0x6, 0xfd,
    0x0, 0x0, 0x6f, 0xd0, 0x0, 0x6, 0xfd, 0x0,
    0x0, 0x6f, 0xd0, 0x0, 0x6, 0xfd, 0x0, 0x0,
    0x6f, 0xd0, 0x0,

    /* U+0129 "ĩ" */
    0x4, 0x74, 0x7, 0x44, 0xff, 0xff, 0xf4, 0x25,
    0x2, 0x52, 0x0, 0x0, 0x0, 0x0, 0x0, 0x8f,
    0x90, 0x0, 0x8, 0xf9, 0x0, 0x0, 0x8f, 0x90,
    0x0, 0x8, 0xf9, 0x0, 0x0, 0x8f, 0x90, 0x0,
    0x8, 0xf9, 0x0, 0x0, 0x8f, 0x90, 0x0, 0x8,
    0xf9, 0x0, 0x0, 0x8f, 0x90, 0x0, 0x8, 0xf9,
    0x0, 0x0, 0x8f, 0x90, 0x0,

    /* U+012A "Ī" */
    0xf, 0xff, 0xff, 0x70, 0x88, 0x88, 0x84, 0x0,
    0x0, 0x0, 0x0, 0x0, 0x0, 0x0, 0x0, 0x6f,
    0xd0, 0x0, 0x6, 0xfd, 0x0, 0x0, 0x6f, 0xd0,
    0x0, 0x6, 0xfd, 0x0, 0x0, 0x6f, 0xd0, 0x0,
    0x6, 0xfd, 0x0, 0x0, 0x6f, 0xd0, 0x0, 0x6,
    0xfd, 0x0, 0x0, 0x6f, 0xd0, 0x0, 0x6, 0xfd,
    0x0, 0x0, 0x6f, 0xd0, 0x0, 0x6, 0xfd, 0x0,
    0x0, 0x6f, 0xd0, 0x0, 0x6, 0xfd, 0x0,

    /* U+012B "ī" */
    0x3f, 0xff, 0xff, 0x41, 0x88, 0x88, 0x82, 0x0,
    0x0, 0x0, 0x0, 0x8, 0xf9, 0x0, 0x0, 0x8f,
    0x90, 0x0, 0x8, 0xf9, 0x0, 0x0, 0x8f, 0x90,
    0x0, 0x8, 0xf9, 0x0, 0x0, 0x8f, 0x90, 0x0,
    0x8, 0xf9, 0x0, 0x0, 0x8f, 0x90, 0x0, 0x8,
    0xf9, 0x0, 0x0, 0x8f, 0x90, 0x0, 0x8, 0xf9,
    0x0,

    /* U+012C "Ĭ" */
    0x3f, 0x30, 0xc, 0xb0, 0xeb, 0x25, 0xf6, 0x3,
    0xef, 0xf9, 0x0, 0x0, 0x32, 0x0, 0x0, 0x0,
    0x0, 0x0, 0x6, 0xfd, 0x0, 0x0, 0x6f, 0xd0,
    0x0, 0x6, 0xfd, 0x0, 0x0, 0x6f, 0xd0, 0x0,
    0x6, 0xfd, 0x0, 0x0, 0x6f, 0xd0, 0x0, 0x6,
    0xfd, 0x0, 0x0, 0x6f, 0xd0, 0x0, 0x6, 0xfd,
    0x0, 0x0, 0x6f, 0xd0, 0x0, 0x6, 0xfd, 0x0,
    0x0, 0x6f, 0xd0, 0x0, 0x6, 0xfd, 0x0, 0x0,
    0x6f, 0xd0, 0x0,

    /* U+012D "ĭ" */
    0x6f, 0x52, 0x5f, 0x60, 0xaf, 0xff, 0xa0, 0x0,
    0x13, 0x20, 0x0, 0x0, 0x0, 0x0, 0x0, 0x8f,
    0x90, 0x0, 0x8, 0xf9, 0x0, 0x0, 0x8f, 0x90,
    0x0, 0x8, 0xf9, 0x0, 0x0, 0x8f, 0x90, 0x0,
    0x8, 0xf9, 0x0, 0x0, 0x8f, 0x90, 0x0, 0x8,
    0xf9, 0x0, 0x0, 0x8f, 0x90, 0x0, 0x8, 0xf9,
    0x0, 0x0, 0x8f, 0x90, 0x0,

    /* U+012E "Į" */
    0x6, 0xfd, 0x0, 0x6f, 0xd0, 0x6, 0xfd, 0x0,
    0x6f, 0xd0, 0x6, 0xfd, 0x0, 0x6f, 0xd0, 0x6,
    0xfd, 0x0, 0x6f, 0xd0, 0x6, 0xfd, 0x0, 0x6f,
    0xd0, 0x6, 0xfd, 0x0, 0x6f, 0xd0, 0x6, 0xfd,
    0x0, 0x7f, 0xd0, 0x2e, 0xe3, 0xa, 0xf4, 0x0,
    0xbf, 0xca, 0x2, 0xcf, 0xd3,

    /* U+012F "į" */
    0x0, 0x17, 0x20, 0x0, 0xbf, 0xc0, 0x0, 0x7f,
    0x80, 0x0, 0x0, 0x0, 0x0, 0x8f, 0x90, 0x0,
    0x8f, 0x90, 0x0, 0x8f, 0x90, 0x0, 0x8f, 0x90,
    0x0, 0x8f, 0x90, 0x0, 0x8f, 0x90, 0x0, 0x8f,
    0x90, 0x0, 0x8f, 0x90, 0x0, 0x8f, 0x90, 0x0,
    0x8f, 0x90, 0x0, 0xaf, 0x90, 0x4, 0xfc, 0x10,
    0xe, 0xf1, 0x0, 0xf, 0xfb, 0x80, 0x5, 0xdf,
    0xc0,

    /* U+0130 "İ" */
    0x7, 0x40, 0x8f, 0xf0, 0x4e, 0xb0, 0x0, 0x0,
    0x0, 0x0, 0x6f, 0xd0, 0x6f, 0xd0, 0x6f, 0xd0,
    0x6f, 0xd0, 0x6f, 0xd0, 0x6f, 0xd0, 0x6f, 0xd0,
    0x6f, 0xd0, 0x6f, 0xd0, 0x6f, 0xd0, 0x6f, 0xd0,
    0x6f, 0xd0, 0x6f, 0xd0, 0x6f, 0xd0,

    /* U+0131 "ı" */
    0x8f, 0x98, 0xf9, 0x8f, 0x98, 0xf9, 0x8f, 0x98,
    0xf9, 0x8f, 0x98, 0xf9, 0x8f, 0x98, 0xf9, 0x8f,
    0x90,

    /* U+0132 "Ĳ" */
    0x6f, 0xd0, 0x0, 0x0, 0x0, 0x0, 0xef, 0x56,
    0xfd, 0x0, 0x0, 0x0, 0x0, 0xe, 0xf5, 0x6f,
    0xd0, 0x0, 0x0, 0x0, 0x0, 0xef, 0x56, 0xfd,
    0x0, 0x0, 0x0, 0x0, 0xe, 0xf5, 0x6f, 0xd0,
    0x0, 0x0, 0x0, 0x0, 0xef, 0x56, 0xfd, 0x0,
    0x0, 0x0, 0x0, 0xe, 0xf5, 0x6f, 0xd0, 0x0,
    0x0, 0x0, 0x0, 0xef, 0x56, 0xfd, 0x0, 0x0,
    0x0, 0x0, 0xe, 0xf5, 0x6f, 0xd0, 0x0, 0x0,
    0x0, 0x0, 0xef, 0x56, 0xfd, 0x0, 0x9e, 0x80,
    0x0, 0xe, 0xf5, 0x6f, 0xd0, 0xa, 0xfa, 0x0,
    0x0, 0xff, 0x46, 0xfd, 0x0, 0x6f, 0xf2, 0x0,
    0x6f, 0xf1, 0x6f, 0xd0, 0x0, 0xcf, 0xfb, 0xcf,
    0xf7, 0x6, 0xfd, 0x0, 0x0, 0x8d, 0xff, 0xc5,
    0x0,

    /* U+0133 "ĳ" */
    0x17, 0x20, 0x1, 0x72, 0xbf, 0xc0, 0xb, 0xfd,
    0x7f, 0x80, 0x7, 0xf9, 0x0, 0x0, 0x0, 0x0,
    0x8f, 0x90, 0x8, 0xfa, 0x8f, 0x90, 0x8, 0xfa,
    0x8f, 0x90, 0x8, 0xfa, 0x8f, 0x90, 0x8, 0xfa,
    0x8f, 0x90, 0x8, 0xfa, 0x8f, 0x90, 0x8, 0xfa,
    0x8f, 0x90, 0x8, 0xfa, 0x8f, 0x90, 0x8, 0xfa,
    0x8f, 0x90, 0x8, 0xfa, 0x8f, 0x90, 0x8, 0xfa,
    0x8f, 0x90, 0x8, 0xfa, 0x0, 0x0, 0x8, 0xfa,
    0x0, 0x0, 0xc, 0xf8, 0x0, 0x4, 0xef, 0xf2,
    0x0, 0x4, 0xfc, 0x40,

    /* U+0134 "Ĵ" */
    0x0, 0x0, 0x0, 0x9, 0xff, 0x20, 0x0, 0x0,
    0x0, 0x6, 0xf9, 0xed, 0x10, 0x0, 0x0, 0x4,
    0xfb, 0x3, 0xfb, 0x0, 0x0, 0x0, 0x0, 0x0,
    0x0, 0x0, 0x0, 0x0, 0x0, 0x0, 0x0, 0x0,
    0x0, 0x0, 0x0, 0x0, 0x5f, 0xe0, 0x0, 0x0,
    0x0, 0x0, 0x5, 0xfe, 0x0, 0x0, 0x0, 0x0,
    0x0, 0x5f, 0xe0, 0x0, 0x0, 0x0, 0x0, 0x5,
    0xfe, 0x0, 0x0, 0x0, 0x0, 0x0, 0x5f, 0xe0,
    0x0, 0x0, 0x0, 0x0, 0x5, 0xfe, 0x0, 0x0,
    0x0, 0x0, 0x0, 0x5f, 0xe0, 0x0, 0x0, 0x0,
    0x0, 0x5, 0xfe, 0x0, 0x0, 0x0, 0x0, 0x0,
    0x5f, 0xe0, 0x0, 0x1f, 0xf1, 0x0, 0x5, 0xfe,
    0x0, 0x0, 0xff, 0x30, 0x0, 0x7f, 0xd0, 0x0,
    0xc, 0xfc, 0x10, 0x2e, 0xf9, 0x0, 0x0, 0x4f,
    0xff, 0xef, 0xfe, 0x10, 0x0, 0x0, 0x3a, 0xef,
    0xe9, 0x10, 0x0, 0x0,

    /* U+0135 "ĵ" */
    0x1, 0xdf, 0xd1, 0x1, 0xde, 0x3e, 0xd1, 0x58,
    0x20, 0x28, 0x50, 0x0, 0x0, 0x0, 0x0, 0x9f,
    0x90, 0x0, 0x9, 0xf9, 0x0, 0x0, 0x9f, 0x90,
    0x0, 0x9, 0xf9, 0x0, 0x0, 0x9f, 0x90, 0x0,
    0x9, 0xf9, 0x0, 0x0, 0x9f, 0x90, 0x0, 0x9,
    0xf9, 0x0, 0x0, 0x9f, 0x90, 0x0, 0x9, 0xf9,
    0x0, 0x0, 0x9f, 0x90, 0x0, 0x9, 0xf9, 0x0,
    0x0, 0xcf, 0x70, 0x4, 0xef, 0xf2, 0x0, 0x5f,
    0xc3, 0x0, 0x0,

    /* U+0136 "Ķ" */
    0x6f, 0xd0, 0x0, 0x0, 0x3f, 0xfa, 0x6, 0xfd,
    0x0, 0x0, 0x2e, 0xfb, 0x0, 0x6f, 0xd0, 0x0,
    0x2e, 0xfc, 0x0, 0x6, 0xfd, 0x0, 0x1d, 0xfc,
    0x0, 0x0, 0x6f, 0xd0, 0xd, 0xfd, 0x10, 0x0,
    0x6, 0xfd, 0xb, 0xfd, 0x10, 0x0, 0x0, 0x6f,
    0xd9, 0xff, 0xb0, 0x0, 0x0, 0x6, 0xff, 0xfd,
    0xff, 0x70, 0x0, 0x0, 0x6f, 0xfd, 0x16, 0xff,
    0x30, 0x0, 0x6, 0xfe, 0x10, 0xa, 0xfe, 0x10,
    0x0, 0x6f, 0xd0, 0x0, 0x1e, 0xfa, 0x0, 0x6,
    0xfd, 0x0, 0x0, 0x3f, 0xf6, 0x0, 0x6f, 0xd0,
    0x0, 0x0, 0x8f, 0xf2, 0x6, 0xfd, 0x0, 0x0,
    0x0, 0xcf, 0xd0, 0x0, 0x0, 0x0, 0x0, 0x0,
    0x0, 0x0, 0x0, 0x3, 0xfc, 0x0, 0x0, 0x0,
    0x0, 0x0, 0x7f, 0x70, 0x0, 0x0, 0x0, 0x0,
    0xa, 0xf1, 0x0, 0x0, 0x0, 0x0, 0x0, 0x87,
    0x0, 0x0, 0x0, 0x0,

    /* U+0137 "ķ" */
    0x8f, 0x90, 0x0, 0x0, 0x0, 0x8f, 0x90, 0x0,
    0x0, 0x0, 0x8f, 0x90, 0x0, 0x0, 0x0, 0x8f,
    0x90, 0x0, 0x5f, 0xf3, 0x8f, 0x90, 0x4, 0xff,
    0x40, 0x8f, 0x90, 0x3f, 0xf5, 0x0, 0x8f, 0x93,
    0xff, 0x60, 0x0, 0x8f, 0xce, 0xf9, 0x0, 0x0,
    0x8f, 0xff, 0xfc, 0x0, 0x0, 0x8f, 0xf5, 0xef,
    0x90, 0x0, 0x8f, 0x90, 0x4f, 0xf5, 0x0, 0x8f,
    0x90, 0x8, 0xff, 0x20, 0x8f, 0x90, 0x0, 0xcf,
    0xd0, 0x8f, 0x90, 0x0, 0x1e, 0xf9, 0x0, 0x0,
    0x0, 0x0, 0x0, 0x0, 0x6, 0xf9, 0x0, 0x0,
    0x0, 0xa, 0xf3, 0x0, 0x0, 0x0, 0xe, 0xd0,
    0x0, 0x0, 0x0, 0x9, 0x50, 0x0, 0x0,

    /* U+0138 "ĸ" */
    0x8f, 0x90, 0x0, 0x4f, 0xf5, 0x8f, 0x90, 0x1,
    0xef, 0x80, 0x8f, 0x90, 0xb, 0xfb, 0x0, 0x8f,
    0x90, 0x6f, 0xe1, 0x0, 0x8f, 0x92, 0xff, 0x30,
    0x0, 0x8f, 0xff, 0xf7, 0x0, 0x0, 0x8f, 0xcb,
    0xfc, 0x0, 0x0, 0x8f, 0x90, 0xcf, 0xa0, 0x0,
    0x8f, 0x90, 0x1e, 0xf8, 0x0, 0x8f, 0x90, 0x3,
    0xff, 0x50, 0x8f, 0x90, 0x0, 0x6f, 0xf3,

    /* U+0139 "Ĺ" */
    0x0, 0xde, 0x20, 0x0, 0x0, 0x7, 0xf7, 0x0,
    0x0, 0x0, 0xe, 0xc0, 0x0, 0x0, 0x0, 0x0,
    0x0, 0x0, 0x0, 0x0, 0x0, 0x0, 0x0, 0x0,
    0x0, 0x6f, 0xd0, 0x0, 0x0, 0x0, 0x6f, 0xd0,
    0x0, 0x0, 0x0, 0x6f, 0xd0, 0x0, 0x0, 0x0,
    0x6f, 0xd0, 0x0, 0x0, 0x0, 0x6f, 0xd0, 0x0,
    0x0, 0x0, 0x6f, 0xd0, 0x0, 0x0, 0x0, 0x6f,
    0xd0, 0x0, 0x0, 0x0, 0x6f, 0xd0, 0x0, 0x0,
    0x0, 0x6f, 0xd0, 0x0, 0x0, 0x0, 0x6f, 0xd0,
    0x0, 0x0, 0x0, 0x6f, 0xd0, 0x0, 0x0, 0x0,
    0x6f, 0xd0, 0x0, 0x0, 0x0, 0x6f, 0xfe, 0xee,
    0xee, 0xe6, 0x6f, 0xff, 0xff, 0xff, 0xf7,

    /* U+013A "ĺ" */
    0x2, 0xec, 0x0, 0xaf, 0x40, 0x2f, 0xa0, 0x0,
    0x0, 0x0, 0x0, 0x0, 0x8, 0xf9, 0x0, 0x8f,
    0x90, 0x8, 0xf9, 0x0, 0x8f, 0x90, 0x8, 0xf9,
    0x0, 0x8f, 0x90, 0x8, 0xf9, 0x0, 0x8f, 0x90,
    0x8, 0xf9, 0x0, 0x8f, 0x90, 0x8, 0xf9, 0x0,
    0x8f, 0x90, 0x8, 0xf9, 0x0, 0x8f, 0x90, 0x0,

    /* U+013B "Ļ" */
    0x6f, 0xd0, 0x0, 0x0, 0x0, 0x6f, 0xd0, 0x0,
    0x0, 0x0, 0x6f, 0xd0, 0x0, 0x0, 0x0, 0x6f,
    0xd0, 0x0, 0x0, 0x0, 0x6f, 0xd0, 0x0, 0x0,
    0x0, 0x6f, 0xd0, 0x0, 0x0, 0x0, 0x6f, 0xd0,
    0x0, 0x0, 0x0, 0x6f, 0xd0, 0x0, 0x0, 0x0,
    0x6f, 0xd0, 0x0, 0x0, 0x0, 0x6f, 0xd0, 0x0,
    0x0, 0x0, 0x6f, 0xd0, 0x0, 0x0, 0x0, 0x6f,
    0xd0, 0x0, 0x0, 0x0, 0x6f, 0xfe, 0xee, 0xee,
    0xe6, 0x6f, 0xff, 0xff, 0xff, 0xf7, 0x0, 0x0,
    0x0, 0x0, 0x0, 0x0, 0x2, 0xfd, 0x0, 0x0,
    0x0, 0x6, 0xf7, 0x0, 0x0, 0x0, 0xa, 0xf2,
    0x0, 0x0, 0x0, 0x7, 0x70, 0x0, 0x0,

    /* U+013C "ļ" */
    0x8, 0xf9, 0x8, 0xf9, 0x8, 0xf9, 0x8, 0xf9,
    0x8, 0xf9, 0x8, 0xf9, 0x8, 0xf9, 0x8, 0xf9,
    0x8, 0xf9, 0x8, 0xf9, 0x8, 0xf9, 0x8, 0xf9,
    0x8, 0xf9, 0x8, 0xf9, 0x0, 0x0, 0xa, 0xf5,
    0xe, 0xf0, 0x1f, 0xa0, 0x29, 0x30,

    /* U+013D "Ľ" */
    0x0, 0x0, 0xc, 0xf1, 0x0, 0x6f, 0xd0, 0xc,
    0xe0, 0x0, 0x6f, 0xd0, 0xc, 0xc0, 0x0, 0x6f,
    0xd0, 0x8, 0x70, 0x0, 0x6f, 0xd0, 0x0, 0x0,
    0x0, 0x6f, 0xd0, 0x0, 0x0, 0x0, 0x6f, 0xd0,
    0x0, 0x0, 0x0, 0x6f, 0xd0, 0x0, 0x0, 0x0,
    0x6f, 0xd0, 0x0, 0x0, 0x0, 0x6f, 0xd0, 0x0,
    0x0, 0x0, 0x6f, 0xd0, 0x0, 0x0, 0x0, 0x6f,
    0xd0, 0x0, 0x0, 0x0, 0x6f, 0xd0, 0x0, 0x0,
    0x0, 0x6f, 0xfe, 0xee, 0xee, 0xe6, 0x6f, 0xff,
    0xff, 0xff, 0xf7,

    /* U+013E "ľ" */
    0x0, 0x1, 0xfc, 0x8f, 0x91, 0xfa, 0x8f, 0x91,
    0xf8, 0x8f, 0x90, 0xb4, 0x8f, 0x90, 0x0, 0x8f,
    0x90, 0x0, 0x8f, 0x90, 0x0, 0x8f, 0x90, 0x0,
    0x8f, 0x90, 0x0, 0x8f, 0x90, 0x0, 0x8f, 0x90,
    0x0, 0x8f, 0x90, 0x0, 0x8f, 0x90, 0x0, 0x8f,
    0x90, 0x0, 0x8f, 0x90, 0x0,

    /* U+013F "Ŀ" */
    0x6f, 0xd0, 0x0, 0x0, 0x0, 0x6f, 0xd0, 0x0,
    0x0, 0x0, 0x6f, 0xd0, 0x0, 0x0, 0x0, 0x6f,
    0xd0, 0x0, 0x0, 0x0, 0x6f, 0xd0, 0x5, 0x60,
    0x0, 0x6f, 0xd0, 0x3f, 0xf5, 0x0, 0x6f, 0xd0,
    0x1d, 0xe2, 0x0, 0x6f, 0xd0, 0x0, 0x0, 0x0,
    0x6f, 0xd0, 0x0, 0x0, 0x0, 0x6f, 0xd0, 0x0,
    0x0, 0x0, 0x6f, 0xd0, 0x0, 0x0, 0x0, 0x6f,
    0xd0, 0x0, 0x0, 0x0, 0x6f, 0xfe, 0xee, 0xee,
    0xe6, 0x6f, 0xff, 0xff, 0xff, 0xf7,

    /* U+0140 "ŀ" */
    0x8f, 0x90, 0x0, 0x8, 0xf9, 0x0, 0x0, 0x8f,
    0x90, 0x0, 0x8, 0xf9, 0x0, 0x0, 0x8f, 0x90,
    0x0, 0x8, 0xf9, 0x8, 0xc3, 0x8f, 0x91, 0xff,
    0xa8, 0xf9, 0xb, 0xf5, 0x8f, 0x90, 0x0, 0x8,
    0xf9, 0x0, 0x0, 0x8f, 0x90, 0x0, 0x8, 0xf9,
    0x0, 0x0, 0x8f, 0x90, 0x0, 0x8, 0xf9, 0x0,
    0x0,

    /* U+0141 "Ł" */
    0x0, 0xbf, 0x80, 0x0, 0x0, 0x0, 0x0, 0xbf,
    0x80, 0x0, 0x0, 0x0, 0x0, 0xbf, 0x80, 0x0,
    0x0, 0x0, 0x0, 0xbf, 0x80, 0x7, 0x0, 0x0,
    0x0, 0xbf, 0x85, 0xef, 0x0, 0x0, 0x0, 0xbf,
    0xff, 0xf8, 0x0, 0x0, 0x2, 0xff, 0xfa, 0x10,
    0x0, 0x0, 0x6f, 0xff, 0xa0, 0x0, 0x0, 0x0,
    0x9d, 0xff, 0x80, 0x0, 0x0, 0x0, 0x20, 0xbf,
    0x80, 0x0, 0x0, 0x0, 0x0, 0xbf, 0x80, 0x0,
    0x0, 0x0, 0x0, 0xbf, 0x80, 0x0, 0x0, 0x0,
    0x0, 0xbf, 0xfe, 0xee, 0xee, 0xe1, 0x0, 0xbf,
    0xff, 0xff, 0xff, 0xf1,

    /* U+0142 "ł" */
    0x0, 0x8f, 0x90, 0x0, 0x8, 0xf9, 0x0, 0x0,
    0x8f, 0x90, 0x0, 0x8, 0xf9, 0x31, 0x0, 0x8f,
    0xff, 0x20, 0x1f, 0xff, 0x80, 0x1e, 0xff, 0xb0,
    0x2, 0xbb, 0xf9, 0x0, 0x0, 0x8f, 0x90, 0x0,
    0x8, 0xf9, 0x0, 0x0, 0x8f, 0x90, 0x0, 0x8,
    0xf9, 0x0, 0x0, 0x8f, 0x90, 0x0, 0x8, 0xf9,
    0x0,

    /* U+0143 "Ń" */
    0x0, 0x0, 0x0, 0x2e, 0xd0, 0x0, 0x0, 0x0,
    0x0, 0x9, 0xf5, 0x0, 0x0, 0x0, 0x0, 0x1,
    0xfa, 0x0, 0x0, 0x0, 0x0, 0x0, 0x0, 0x0,
    0x0, 0x0, 0x0, 0x0, 0x0, 0x0, 0x0, 0x0,
    0x6, 0xff, 0x80, 0x0, 0x0, 0xb, 0xf8, 0x6f,
    0xff, 0x30, 0x0, 0x0, 0xbf, 0x86, 0xff, 0xfc,
    0x0, 0x0, 0xb, 0xf8, 0x6f, 0xbc, 0xf7, 0x0,
    0x0, 0xbf, 0x86, 0xfc, 0x3f, 0xf2, 0x0, 0xb,
    0xf8, 0x6f, 0xd0, 0xaf, 0xc0, 0x0, 0xbf, 0x86,
    0xfd, 0x1, 0xef, 0x70, 0xb, 0xf8, 0x6f, 0xe0,
    0x5, 0xff, 0x20, 0xbf, 0x86, 0xfe, 0x0, 0xa,
    0xfb, 0xb, 0xf8, 0x6f, 0xe0, 0x0, 0x1e, 0xf5,
    0xbf, 0x86, 0xfe, 0x0, 0x0, 0x5f, 0xea, 0xf8,
    0x6f, 0xe0, 0x0, 0x0, 0xbf, 0xff, 0x86, 0xfe,
    0x0, 0x0, 0x1, 0xff, 0xf8, 0x6f, 0xe0, 0x0,
    0x0, 0x6, 0xff, 0x80,

    /* U+0144 "ń" */
    0x0, 0x0, 0xb, 0xf6, 0x0, 0x0, 0x0, 0x3f,
    0xb0, 0x0, 0x0, 0x0, 0x9d, 0x10, 0x0, 0x0,
    0x0, 0x0, 0x0, 0x0, 0x8f, 0x83, 0xbf, 0xea,
    0x10, 0x8f, 0xaf, 0xdc, 0xff, 0xd0, 0x8f, 0xf6,
    0x0, 0x3f, 0xf5, 0x8f, 0xc0, 0x0, 0xa, 0xf8,
    0x8f, 0x90, 0x0, 0x9, 0xf9, 0x8f, 0x90, 0x0,
    0x9, 0xf9, 0x8f, 0x90, 0x0, 0x9, 0xf9, 0x8f,
    0x90, 0x0, 0x9, 0xf9, 0x8f, 0x90, 0x0, 0x9,
    0xf9, 0x8f, 0x90, 0x0, 0x9, 0xf9, 0x8f, 0x90,
    0x0, 0x9, 0xf9,

    /* U+0145 "Ņ" */
    0x6f, 0xf8, 0x0, 0x0, 0x0, 0xbf, 0x86, 0xff,
    0xf3, 0x0, 0x0, 0xb, 0xf8, 0x6f, 0xff, 0xc0,
    0x0, 0x0, 0xbf, 0x86, 0xfb, 0xcf, 0x70, 0x0,
    0xb, 0xf8, 0x6f, 0xc3, 0xff, 0x20, 0x0, 0xbf,
    0x86, 0xfd, 0xa, 0xfc, 0x0, 0xb, 0xf8, 0x6f,
    0xd0, 0x1e, 0xf7, 0x0, 0xbf, 0x86, 0xfe, 0x0,
    0x5f, 0xf2, 0xb, 0xf8, 0x6f, 0xe0, 0x0, 0xaf,
    0xb0, 0xbf, 0x86, 0xfe, 0x0, 0x1, 0xef, 0x5b,
    0xf8, 0x6f, 0xe0, 0x0, 0x5, 0xfe, 0xaf, 0x86,
    0xfe, 0x0, 0x0, 0xb, 0xff, 0xf8, 0x6f, 0xe0,
    0x0, 0x0, 0x1f, 0xff, 0x86, 0xfe, 0x0, 0x0,
    0x0, 0x6f, 0xf8, 0x0, 0x0, 0x0, 0x0, 0x0,
    0x0, 0x0, 0x0, 0x0, 0x9f, 0x60, 0x0, 0x0,
    0x0, 0x0, 0xd, 0xf1, 0x0, 0x0, 0x0, 0x0,
    0x1, 0xfa, 0x0, 0x0, 0x0, 0x0, 0x0, 0x29,
    0x30, 0x0, 0x0, 0x0,

    /* U+0146 "ņ" */
    0x8f, 0x83, 0xbf, 0xea, 0x10, 0x8f, 0xaf, 0xdc,
    0xff, 0xd0, 0x8f, 0xf6, 0x0, 0x3f, 0xf5, 0x8f,
    0xc0, 0x0, 0xa, 0xf8, 0x8f, 0x90, 0x0, 0x9,
    0xf9, 0x8f, 0x90, 0x0, 0x9, 0xf9, 0x8f, 0x90,
    0x0, 0x9, 0xf9, 0x8f, 0x90, 0x0, 0x9, 0xf9,
    0x8f, 0x90, 0x0, 0x9, 0xf9, 0x8f, 0x90, 0x0,
    0x9, 0xf9, 0x8f, 0x90, 0x0, 0x9, 0xf9, 0x0,
    0x0, 0x0, 0x0, 0x0, 0x0, 0x2, 0xfd, 0x0,
    0x0, 0x0, 0x6, 0xf8, 0x0, 0x0, 0x0, 0x9,
    0xf2, 0x0, 0x0, 0x0, 0x7, 0x70, 0x0, 0x0,

    /* U+0147 "Ň" */
    0x0, 0x6, 0xf8, 0x6, 0xf9, 0x0, 0x0, 0x0,
    0x9, 0xf8, 0xfc, 0x0, 0x0, 0x0, 0x0, 0xc,
    0xfd, 0x10, 0x0, 0x0, 0x0, 0x0, 0x0, 0x0,
    0x0, 0x0, 0x0, 0x0, 0x0, 0x0, 0x0, 0x0,
    0x6, 0xff, 0x80, 0x0, 0x0, 0xb, 0xf8, 0x6f,
    0xff, 0x30, 0x0, 0x0, 0xbf, 0x86, 0xff, 0xfc,
    0x0, 0x0, 0xb, 0xf8, 0x6f, 0xbc, 0xf7, 0x0,
    0x0, 0xbf, 0x86, 0xfc, 0x3f, 0xf2, 0x0, 0xb,
    0xf8, 0x6f, 0xd0, 0xaf, 0xc0, 0x0, 0xbf, 0x86,
    0xfd, 0x1, 0xef, 0x70, 0xb, 0xf8, 0x6f, 0xe0,
    0x5, 0xff, 0x20, 0xbf, 0x86, 0xfe, 0x0, 0xa,
    0xfb, 0xb, 0xf8, 0x6f, 0xe0, 0x0, 0x1e, 0xf5,
    0xbf, 0x86, 0xfe, 0x0, 0x0, 0x5f, 0xea, 0xf8,
    0x6f, 0xe0, 0x0, 0x0, 0xbf, 0xff, 0x86, 0xfe,
    0x0, 0x0, 0x1, 0xff, 0xf8, 0x6f, 0xe0, 0x0,
    0x0, 0x6, 0xff, 0x80,

    /* U+0148 "ň" */
    0x1, 0xde, 0x22, 0xed, 0x10, 0x0, 0x1d, 0xed,
    0xd1, 0x0, 0x0, 0x1, 0x77, 0x10, 0x0, 0x0,
    0x0, 0x0, 0x0, 0x0, 0x8f, 0x83, 0xbf, 0xea,
    0x10, 0x8f, 0xaf, 0xdc, 0xff, 0xd0, 0x8f, 0xf6,
    0x0, 0x3f, 0xf5, 0x8f, 0xc0, 0x0, 0xa, 0xf8,
    0x8f, 0x90, 0x0, 0x9, 0xf9, 0x8f, 0x90, 0x0,
    0x9, 0xf9, 0x8f, 0x90, 0x0, 0x9, 0xf9, 0x8f,
    0x90, 0x0, 0x9, 0xf9, 0x8f, 0x90, 0x0, 0x9,
    0xf9, 0x8f, 0x90, 0x0, 0x9, 0xf9, 0x8f, 0x90,
    0x0, 0x9, 0xf9,

    /* U+014A "Ŋ" */
    0x6f, 0xf8, 0x0, 0x0, 0x0, 0xbf, 0x86, 0xff,
    0xf3, 0x0, 0x0, 0xb, 0xf8, 0x6f, 0xff, 0xc0,
    0x0, 0x0, 0xbf, 0x86, 0xfb, 0xcf, 0x70, 0x0,
    0xb, 0xf8, 0x6f, 0xc3, 0xff, 0x20, 0x0, 0xbf,
    0x86, 0xfd, 0xa, 0xfc, 0x0, 0xb, 0xf8, 0x6f,
    0xd0, 0x1e, 0xf7, 0x0, 0xbf, 0x86, 0xfe, 0x0,
    0x5f, 0xf2, 0xb, 0xf8, 0x6f, 0xe0, 0x0, 0xaf,
    0xb0, 0xbf, 0x86, 0xfe, 0x0, 0x1, 0xef, 0x5b,
    0xf8, 0x6f, 0xe0, 0x0, 0x5, 0xfe, 0xaf, 0x86,
    0xfe, 0x0, 0x0, 0xb, 0xff, 0xf8, 0x6f, 0xe0,
    0x0, 0x0, 0x1f, 0xff, 0x86, 0xfe, 0x0, 0x0,
    0x0, 0x6f, 0xf9, 0x0, 0x0, 0x0, 0x0, 0x0,
    0xaf, 0x90, 0x0, 0x0, 0x0, 0x0, 0xb, 0xf9,
    0x0, 0x0, 0x0, 0x0, 0x9e, 0xff, 0x50, 0x0,
    0x0, 0x0, 0x9, 0xfe, 0x80,

    /* U+014B "ŋ" */
    0x8f, 0x83, 0xbf, 0xea, 0x10, 0x8f, 0xaf, 0xdc,
    0xff, 0xd0, 0x8f, 0xf6, 0x0, 0x3f, 0xf5, 0x8f,
    0xc0, 0x0, 0xa, 0xf8, 0x8f, 0x90, 0x0, 0x9,
    0xf9, 0x8f, 0x90, 0x0, 0x9, 0xf9, 0x8f, 0x90,
    0x0, 0x9, 0xf9, 0x8f, 0x90, 0x0, 0x9, 0xf9,
    0x8f, 0x90, 0x0, 0x9, 0xf9, 0x8f, 0x90, 0x0,
    0x9, 0xf9, 0x8f, 0x90, 0x0, 0x9, 0xf9, 0x0,
    0x0, 0x0, 0x9, 0xf9, 0x0, 0x0, 0x0, 0xa,
    0xf8, 0x0, 0x0, 0x9, 0xef, 0xf5, 0x0, 0x0,
    0x9, 0xfe, 0x70,

    /* U+014C "Ō" */
    0x0, 0x0, 0x88, 0x88, 0x83, 0x0, 0x0, 0x0,
    0x1, 0xff, 0xff, 0xf6, 0x0, 0x0, 0x0, 0x0,
    0x0, 0x0, 0x0, 0x0, 0x0, 0x0, 0x0, 0x0,
    0x0, 0x0, 0x0, 0x0, 0x0, 0x0, 0x0, 0x0,
    0x0, 0x0, 0x0, 0x0, 0x3, 0xad, 0xfe, 0xb5,
    0x0, 0x0, 0x0, 0x8f, 0xff, 0xff, 0xff, 0xc1,
    0x0, 0x7, 0xff, 0x93, 0x1, 0x6f, 0xfc, 0x0,
    0x2f, 0xf7, 0x0, 0x0, 0x2, 0xff, 0x70, 0x8f,
    0xc0, 0x0, 0x0, 0x0, 0x7f, 0xd0, 0xbf, 0x70,
    0x0, 0x0, 0x0, 0x2f, 0xf1, 0xdf, 0x50, 0x0,
    0x0, 0x0, 0xf, 0xf2, 0xdf, 0x50, 0x0, 0x0,
    0x0, 0xf, 0xf2, 0xbf, 0x70, 0x0, 0x0, 0x0,
    0x2f, 0xf1, 0x8f, 0xc0, 0x0, 0x0, 0x0, 0x7f,
    0xd0, 0x2f, 0xf6, 0x0, 0x0, 0x2, 0xff, 0x70,
    0x8, 0xff, 0x93, 0x1, 0x6e, 0xfc, 0x0, 0x0,
    0x8f, 0xff, 0xff, 0xff, 0xc1, 0x0, 0x0, 0x3,
    0xad, 0xfe, 0xb6, 0x0, 0x0,

    /* U+014D "ō" */
    0x0, 0xb, 0xff, 0xff, 0xc0, 0x0, 0x0, 0x5,
    0x88, 0x88, 0x60, 0x0, 0x0, 0x0, 0x0, 0x0,
    0x0, 0x0, 0x0, 0x5, 0xce, 0xfc, 0x60, 0x0,
    0x0, 0x9f, 0xfe, 0xef, 0xfa, 0x0, 0x5, 0xff,
    0x50, 0x4, 0xff, 0x60, 0xb, 0xf8, 0x0, 0x0,
    0x7f, 0xd0, 0xf, 0xf3, 0x0, 0x0, 0x2f, 0xf0,
    0xf, 0xf2, 0x0, 0x0, 0xf, 0xf1, 0xf, 0xf3,
    0x0, 0x0, 0x2f, 0xf0, 0xc, 0xf8, 0x0, 0x0,
    0x7f, 0xd0, 0x5, 0xff, 0x40, 0x3, 0xff, 0x60,
    0x0, 0x9f, 0xfd, 0xdf, 0xfa, 0x0, 0x0, 0x5,
    0xcf, 0xfc, 0x60, 0x0,

    /* U+014E "Ŏ" */
    0x0, 0x4, 0xf2, 0x0, 0xda, 0x0, 0x0, 0x0,
    0x0, 0xfb, 0x26, 0xf5, 0x0, 0x0, 0x0, 0x0,
    0x4f, 0xff, 0x90, 0x0, 0x0, 0x0, 0x0, 0x0,
    0x31, 0x0, 0x0, 0x0, 0x0, 0x0, 0x0, 0x0,
    0x0, 0x0, 0x0, 0x0, 0x3, 0xad, 0xfe, 0xb5,
    0x0, 0x0, 0x0, 0x8f, 0xff, 0xff, 0xff, 0xc1,
    0x0, 0x7, 0xff, 0x93, 0x1, 0x6f, 0xfc, 0x0,
    0x2f, 0xf7, 0x0, 0x0, 0x2, 0xff, 0x70, 0x8f,
    0xc0, 0x0, 0x0, 0x0, 0x7f, 0xd0, 0xbf, 0x70,
    0x0, 0x0, 0x0, 0x2f, 0xf1, 0xdf, 0x50, 0x0,
    0x0, 0x0, 0xf, 0xf2, 0xdf, 0x50, 0x0, 0x0,
    0x0, 0xf, 0xf2, 0xbf, 0x70, 0x0, 0x0, 0x0,
    0x2f, 0xf1, 0x8f, 0xc0, 0x0, 0x0, 0x0, 0x7f,
    0xd0, 0x2f, 0xf6, 0x0, 0x0, 0x2, 0xff, 0x70,
    0x8, 0xff, 0x93, 0x1, 0x6e, 0xfc, 0x0, 0x0,
    0x8f, 0xff, 0xff, 0xff, 0xc1, 0x0, 0x0, 0x3,
    0xad, 0xfe, 0xb6, 0x0, 0x0,

    /* U+014F "ŏ" */
    0x0, 0x7, 0x30, 0x3, 0x70, 0x0, 0x0, 0xc,
    0xd3, 0x2c, 0xd0, 0x0, 0x0, 0x2, 0xdf, 0xfe,
    0x20, 0x0, 0x0, 0x0, 0x3, 0x30, 0x0, 0x0,
    0x0, 0x0, 0x0, 0x0, 0x0, 0x0, 0x0, 0x5,
    0xce, 0xfc, 0x60, 0x0, 0x0, 0x9f, 0xfe, 0xef,
    0xfa, 0x0, 0x5, 0xff, 0x50, 0x4, 0xff, 0x60,
    0xb, 0xf8, 0x0, 0x0, 0x7f, 0xd0, 0xf, 0xf3,
    0x0, 0x0, 0x2f, 0xf0, 0xf, 0xf2, 0x0, 0x0,
    0xf, 0xf1, 0xf, 0xf3, 0x0, 0x0, 0x2f, 0xf0,
    0xc, 0xf8, 0x0, 0x0, 0x7f, 0xd0, 0x5, 0xff,
    0x40, 0x3, 0xff, 0x60, 0x0, 0x9f, 0xfd, 0xdf,
    0xfa, 0x0, 0x0, 0x5, 0xcf, 0xfc, 0x60, 0x0,

    /* U+0150 "Ő" */
    0x0, 0x0, 0xaf, 0x60, 0xef, 0x30, 0x0, 0x0,
    0x0, 0xfd, 0x8, 0xf6, 0x0, 0x0, 0x0, 0x5,
    0xe4, 0x1d, 0xa0, 0x0, 0x0, 0x0, 0x0, 0x0,
    0x0, 0x0, 0x0, 0x0, 0x0, 0x0, 0x0, 0x0,
    0x0, 0x0, 0x0, 0x0, 0x3, 0xad, 0xfe, 0xb5,
    0x0, 0x0, 0x0, 0x8f, 0xff, 0xff, 0xff, 0xc1,
    0x0, 0x7, 0xff, 0x93, 0x1, 0x6f, 0xfc, 0x0,
    0x2f, 0xf7, 0x0, 0x0, 0x2, 0xff, 0x70, 0x8f,
    0xc0, 0x0, 0x0, 0x0, 0x7f, 0xd0, 0xbf, 0x70,
    0x0, 0x0, 0x0, 0x2f, 0xf1, 0xdf, 0x50, 0x0,
    0x0, 0x0, 0xf, 0xf2, 0xdf, 0x50, 0x0, 0x0,
    0x0, 0xf, 0xf2, 0xbf, 0x70, 0x0, 0x0, 0x0,
    0x2f, 0xf1, 0x8f, 0xc0, 0x0, 0x0, 0x0, 0x7f,
    0xd0, 0x2f, 0xf6, 0x0, 0x0, 0x2, 0xff, 0x70,
    0x8, 0xff, 0x93, 0x1, 0x6e, 0xfc, 0x0, 0x0,
    0x8f, 0xff, 0xff, 0xff, 0xc1, 0x0, 0x0, 0x3,
    0xad, 0xfe, 0xb6, 0x0, 0x0,

    /* U+0151 "ő" */
    0x0, 0x4, 0xfc, 0x9, 0xf8, 0x0, 0x0, 0xa,
    0xf3, 0x2f, 0xc0, 0x0, 0x0, 0xe, 0xa0, 0x9d,
    0x10, 0x0, 0x0, 0x0, 0x0, 0x0, 0x0, 0x0,
    0x0, 0x5, 0xce, 0xfc, 0x60, 0x0, 0x0, 0x9f,
    0xfe, 0xef, 0xfa, 0x0, 0x5, 0xff, 0x50, 0x4,
    0xff, 0x60, 0xb, 0xf8, 0x0, 0x0, 0x7f, 0xd0,
    0xf, 0xf3, 0x0, 0x0, 0x2f, 0xf0, 0xf, 0xf2,
    0x0, 0x0, 0xf, 0xf1, 0xf, 0xf3, 0x0, 0x0,
    0x2f, 0xf0, 0xc, 0xf8, 0x0, 0x0, 0x7f, 0xd0,
    0x5, 0xff, 0x40, 0x3, 0xff, 0x60, 0x0, 0x9f,
    0xfd, 0xdf, 0xfa, 0x0, 0x0, 0x5, 0xcf, 0xfc,
    0x60, 0x0,

    /* U+0152 "Œ" */
    0x0, 0x3, 0x9d, 0xff, 0xff, 0xff, 0xff, 0xff,
    0xfe, 0x0, 0x8f, 0xff, 0xee, 0xef, 0xfe, 0xee,
    0xee, 0xec, 0x7, 0xff, 0x81, 0x0, 0x4f, 0xf0,
    0x0, 0x0, 0x0, 0x2f, 0xf5, 0x0, 0x0, 0x4f,
    0xf0, 0x0, 0x0, 0x0, 0x7f, 0xc0, 0x0, 0x0,
    0x4f, 0xf0, 0x0, 0x0, 0x0, 0xbf, 0x70, 0x0,
    0x0, 0x4f, 0xf0, 0x0, 0x0, 0x0, 0xdf, 0x50,
    0x0, 0x0, 0x4f, 0xff, 0xff, 0xff, 0xf6, 0xdf,
    0x50, 0x0, 0x0, 0x4f, 0xfe, 0xee, 0xee, 0xe5,
    0xbf, 0x70, 0x0, 0x0, 0x4f, 0xf0, 0x0, 0x0,
    0x0, 0x7f, 0xc0, 0x0, 0x0, 0x4f, 0xf0, 0x0,
    0x0, 0x0, 0x2f, 0xf6, 0x0, 0x0, 0x4f, 0xf0,
    0x0, 0x0, 0x0, 0x7, 0xff, 0x81, 0x0, 0x4f,
    0xf0, 0x0, 0x0, 0x0, 0x0, 0x8f, 0xff, 0xfe,
    0xef, 0xfe, 0xee, 0xee, 0xed, 0x0, 0x3, 0x9d,
    0xff, 0xff, 0xff, 0xff, 0xff, 0xff,

    /* U+0153 "œ" */
    0x0, 0x5, 0xce, 0xfc, 0x60, 0x4, 0xbe, 0xfc,
    0x60, 0x0, 0x9, 0xff, 0xee, 0xff, 0xa6, 0xff,
    0xee, 0xff, 0xa0, 0x5, 0xff, 0x50, 0x4, 0xff,
    0xff, 0x50, 0x2, 0xef, 0x60, 0xbf, 0x80, 0x0,
    0x7, 0xff, 0x80, 0x0, 0x5, 0xfc, 0xf, 0xf3,
    0x0, 0x0, 0x2f, 0xfc, 0x99, 0x99, 0xaf, 0xe0,
    0xff, 0x20, 0x0, 0x0, 0xff, 0xff, 0xff, 0xff,
    0xff, 0xf, 0xf3, 0x0, 0x0, 0x2f, 0xf6, 0x0,
    0x0, 0x0, 0x0, 0xcf, 0x80, 0x0, 0x7, 0xff,
    0x90, 0x0, 0x1, 0x20, 0x5, 0xff, 0x40, 0x3,
    0xff, 0xff, 0x60, 0x1, 0xbf, 0x90, 0x9, 0xff,
    0xdd, 0xff, 0xa7, 0xff, 0xed, 0xff, 0xe2, 0x0,
    0x5, 0xcf, 0xfc, 0x60, 0x4, 0xbe, 0xfd, 0x81,
    0x0,

    /* U+0154 "Ŕ" */
    0x0, 0x0, 0x4, 0xeb, 0x0, 0x0, 0x0, 0x0,
    0xc, 0xf3, 0x0, 0x0, 0x0, 0x0, 0x3f, 0x80,
    0x0, 0x0, 0x0, 0x0, 0x0, 0x0, 0x0, 0x0,
    0x0, 0x0, 0x0, 0x0, 0x0, 0x0, 0x6f, 0xff,
    0xff, 0xec, 0x70, 0x0, 0x6f, 0xfe, 0xee, 0xff,
    0xfb, 0x0, 0x6f, 0xd0, 0x0, 0x6, 0xff, 0x60,
    0x6f, 0xd0, 0x0, 0x0, 0x9f, 0xb0, 0x6f, 0xd0,
    0x0, 0x0, 0x6f, 0xd0, 0x6f, 0xd0, 0x0, 0x0,
    0x9f, 0xb0, 0x6f, 0xd0, 0x0, 0x17, 0xff, 0x60,
    0x6f, 0xff, 0xff, 0xff, 0xfa, 0x0, 0x6f, 0xfe,
    0xee, 0xff, 0x80, 0x0, 0x6f, 0xd0, 0x0, 0xbf,
    0xc0, 0x0, 0x6f, 0xd0, 0x0, 0x2f, 0xf5, 0x0,
    0x6f, 0xd0, 0x0, 0x8, 0xfe, 0x0, 0x6f, 0xd0,
    0x0, 0x0, 0xef, 0x80, 0x6f, 0xd0, 0x0, 0x0,
    0x6f, 0xf2,

    /* U+0155 "ŕ" */
    0x0, 0x7, 0xfa, 0x0, 0x0, 0xee, 0x10, 0x0,
    0x5e, 0x50, 0x0, 0x0, 0x0, 0x0, 0x8f, 0x85,
    0xdf, 0x48, 0xfc, 0xff, 0xd4, 0x8f, 0xf7, 0x0,
    0x8, 0xfc, 0x0, 0x0, 0x8f, 0x90, 0x0, 0x8,
    0xf9, 0x0, 0x0, 0x8f, 0x90, 0x0, 0x8, 0xf9,
    0x0, 0x0, 0x8f, 0x90, 0x0, 0x8, 0xf9, 0x0,
    0x0, 0x8f, 0x90, 0x0, 0x0,

    /* U+0156 "Ŗ" */
    0x6f, 0xff, 0xff, 0xec, 0x70, 0x0, 0x6f, 0xfe,
    0xee, 0xff, 0xfb, 0x0, 0x6f, 0xd0, 0x0, 0x6,
    0xff, 0x60, 0x6f, 0xd0, 0x0, 0x0, 0x9f, 0xb0,
    0x6f, 0xd0, 0x0, 0x0, 0x6f, 0xd0, 0x6f, 0xd0,
    0x0, 0x0, 0x9f, 0xb0, 0x6f, 0xd0, 0x0, 0x17,
    0xff, 0x60, 0x6f, 0xff, 0xff, 0xff, 0xfa, 0x0,
    0x6f, 0xfe, 0xee, 0xff, 0x80, 0x0, 0x6f, 0xd0,
    0x0, 0xbf, 0xc0, 0x0, 0x6f, 0xd0, 0x0, 0x2f,
    0xf5, 0x0, 0x6f, 0xd0, 0x0, 0x8, 0xfe, 0x0,
    0x6f, 0xd0, 0x0, 0x0, 0xef, 0x80, 0x6f, 0xd0,
    0x0, 0x0, 0x6f, 0xf2, 0x0, 0x0, 0x0, 0x0,
    0x0, 0x0, 0x0, 0x0, 0x8f, 0x80, 0x0, 0x0,
    0x0, 0x0, 0xbf, 0x20, 0x0, 0x0, 0x0, 0x0,
    0xfc, 0x0, 0x0, 0x0, 0x0, 0x1, 0x94, 0x0,
    0x0, 0x0,

    /* U+0157 "ŗ" */
    0x8, 0xf8, 0x5d, 0xf4, 0x8, 0xfc, 0xff, 0xd4,
    0x8, 0xff, 0x70, 0x0, 0x8, 0xfc, 0x0, 0x0,
    0x8, 0xf9, 0x0, 0x0, 0x8, 0xf9, 0x0, 0x0,
    0x8, 0xf9, 0x0, 0x0, 0x8, 0xf9, 0x0, 0x0,
    0x8, 0xf9, 0x0, 0x0, 0x8, 0xf9, 0x0, 0x0,
    0x8, 0xf9, 0x0, 0x0, 0x0, 0x0, 0x0, 0x0,
    0xa, 0xf6, 0x0, 0x0, 0xe, 0xf0, 0x0, 0x0,
    0x1f, 0xa0, 0x0, 0x0, 0x29, 0x30, 0x0, 0x0,

    /* U+0158 "Ř" */
    0x0, 0x9f, 0x50, 0x9f, 0x70, 0x0, 0x0, 0xc,
    0xf8, 0xf9, 0x0, 0x0, 0x0, 0x1, 0xef, 0xb0,
    0x0, 0x0, 0x0, 0x0, 0x0, 0x0, 0x0, 0x0,
    0x0, 0x0, 0x0, 0x0, 0x0, 0x0, 0x6f, 0xff,
    0xff, 0xec, 0x70, 0x0, 0x6f, 0xfe, 0xee, 0xff,
    0xfb, 0x0, 0x6f, 0xd0, 0x0, 0x6, 0xff, 0x60,
    0x6f, 0xd0, 0x0, 0x0, 0x9f, 0xb0, 0x6f, 0xd0,
    0x0, 0x0, 0x6f, 0xd0, 0x6f, 0xd0, 0x0, 0x0,
    0x9f, 0xb0, 0x6f, 0xd0, 0x0, 0x17, 0xff, 0x60,
    0x6f, 0xff, 0xff, 0xff, 0xfa, 0x0, 0x6f, 0xfe,
    0xee, 0xff, 0x80, 0x0, 0x6f, 0xd0, 0x0, 0xbf,
    0xc0, 0x0, 0x6f, 0xd0, 0x0, 0x2f, 0xf5, 0x0,
    0x6f, 0xd0, 0x0, 0x8, 0xfe, 0x0, 0x6f, 0xd0,
    0x0, 0x0, 0xef, 0x80, 0x6f, 0xd0, 0x0, 0x0,
    0x6f, 0xf2,

    /* U+0159 "ř" */
    0xa, 0xf5, 0xc, 0xf4, 0x0, 0xaf, 0xcf, 0x40,
    0x0, 0x7, 0x83, 0x0, 0x0, 0x0, 0x0, 0x0,
    0x8, 0xf8, 0x5d, 0xf4, 0x8, 0xfc, 0xff, 0xd4,
    0x8, 0xff, 0x70, 0x0, 0x8, 0xfc, 0x0, 0x0,
    0x8, 0xf9, 0x0, 0x0, 0x8, 0xf9, 0x0, 0x0,
    0x8, 0xf9, 0x0, 0x0, 0x8, 0xf9, 0x0, 0x0,
    0x8, 0xf9, 0x0, 0x0, 0x8, 0xf9, 0x0, 0x0,
    0x8, 0xf9, 0x0, 0x0,

    /* U+015A "Ś" */
    0x0, 0x0, 0x4, 0xfd, 0x0, 0x0, 0x0, 0x0,
    0xcf, 0x30, 0x0, 0x0, 0x0, 0x2e, 0x70, 0x0,
    0x0, 0x0, 0x0, 0x0, 0x0, 0x0, 0x0, 0x0,
    0x0, 0x0, 0x0, 0x0, 0x4, 0xae, 0xfe, 0xb5,
    0x0, 0x8, 0xff, 0xff, 0xff, 0xfa, 0x3, 0xff,
    0x81, 0x0, 0x6f, 0xf5, 0x8f, 0xc0, 0x0, 0x0,
    0x8d, 0x87, 0xfd, 0x0, 0x0, 0x0, 0x0, 0x1e,
    0xfc, 0x50, 0x0, 0x0, 0x0, 0x2c, 0xff, 0xfc,
    0x82, 0x0, 0x0, 0x2, 0x7c, 0xff, 0xf8, 0x0,
    0x0, 0x0, 0x0, 0x6f, 0xf7, 0x11, 0x0, 0x0,
    0x0, 0x6f, 0xde, 0xf7, 0x0, 0x0, 0x7, 0xfd,
    0x8f, 0xf6, 0x10, 0x17, 0xff, 0x80, 0xcf, 0xff,
    0xff, 0xff, 0xc0, 0x0, 0x6c, 0xef, 0xeb, 0x60,
    0x0,

    /* U+015B "ś" */
    0x0, 0x0, 0x4, 0xfd, 0x0, 0x0, 0x0, 0xb,
    0xf3, 0x0, 0x0, 0x0, 0x2e, 0x70, 0x0, 0x0,
    0x0, 0x0, 0x0, 0x0, 0x0, 0x2a, 0xef, 0xe9,
    0x10, 0x2, 0xff, 0xeb, 0xef, 0xe1, 0x9, 0xfb,
    0x0, 0xa, 0xe5, 0xa, 0xf9, 0x0, 0x0, 0x0,
    0x5, 0xff, 0xb7, 0x40, 0x0, 0x0, 0x5d, 0xff,
    0xff, 0x80, 0x0, 0x0, 0x25, 0xaf, 0xf8, 0x0,
    0x30, 0x0, 0x7, 0xfc, 0xd, 0xf7, 0x0, 0xa,
    0xfb, 0x5, 0xff, 0xdb, 0xef, 0xf3, 0x0, 0x4b,
    0xef, 0xea, 0x20,

    /* U+015C "Ŝ" */
    0x0, 0x1, 0xdf, 0xc1, 0x0, 0x0, 0x2, 0xed,
    0x3e, 0xc1, 0x0, 0x0, 0x68, 0x20, 0x38, 0x40,
    0x0, 0x0, 0x0, 0x0, 0x0, 0x0, 0x0, 0x0,
    0x0, 0x0, 0x0, 0x0, 0x4, 0xae, 0xfe, 0xb5,
    0x0, 0x8, 0xff, 0xff, 0xff, 0xfa, 0x3, 0xff,
    0x81, 0x0, 0x6f, 0xf5, 0x8f, 0xc0, 0x0, 0x0,
    0x8d, 0x87, 0xfd, 0x0, 0x0, 0x0, 0x0, 0x1e,
    0xfc, 0x50, 0x0, 0x0, 0x0, 0x2c, 0xff, 0xfc,
    0x82, 0x0, 0x0, 0x2, 0x7c, 0xff, 0xf8, 0x0,
    0x0, 0x0, 0x0, 0x6f, 0xf7, 0x11, 0x0, 0x0,
    0x0, 0x6f, 0xde, 0xf7, 0x0, 0x0, 0x7, 0xfd,
    0x8f, 0xf6, 0x10, 0x17, 0xff, 0x80, 0xcf, 0xff,
    0xff, 0xff, 0xc0, 0x0, 0x6c, 0xef, 0xeb, 0x60,
    0x0,

    /* U+015D "ŝ" */
    0x0, 0x0, 0x58, 0x40, 0x0, 0x0, 0x4, 0xfe,
    0xf4, 0x0, 0x0, 0x3f, 0xd1, 0xde, 0x20, 0x0,
    0x68, 0x20, 0x28, 0x50, 0x0, 0x0, 0x0, 0x0,
    0x0, 0x0, 0x2a, 0xef, 0xe9, 0x10, 0x2, 0xff,
    0xeb, 0xef, 0xe1, 0x9, 0xfb, 0x0, 0xa, 0xe5,
    0xa, 0xf9, 0x0, 0x0, 0x0, 0x5, 0xff, 0xb7,
    0x40, 0x0, 0x0, 0x5d, 0xff, 0xff, 0x80, 0x0,
    0x0, 0x25, 0xaf, 0xf8, 0x0, 0x30, 0x0, 0x7,
    0xfc, 0xd, 0xf7, 0x0, 0xa, 0xfb, 0x5, 0xff,
    0xdb, 0xef, 0xf3, 0x0, 0x4b, 0xef, 0xea, 0x20,

    /* U+015E "Ş" */
    0x0, 0x4a, 0xef, 0xeb, 0x50, 0x0, 0x8f, 0xff,
    0xff, 0xff, 0xa0, 0x3f, 0xf8, 0x10, 0x6, 0xff,
    0x58, 0xfc, 0x0, 0x0, 0x8, 0xd8, 0x7f, 0xd0,
    0x0, 0x0, 0x0, 0x1, 0xef, 0xc5, 0x0, 0x0,
    0x0, 0x2, 0xcf, 0xff, 0xc8, 0x20, 0x0, 0x0,
    0x27, 0xcf, 0xff, 0x80, 0x0, 0x0, 0x0, 0x6,
    0xff, 0x71, 0x10, 0x0, 0x0, 0x6, 0xfd, 0xef,
    0x70, 0x0, 0x0, 0x7f, 0xd8, 0xff, 0x61, 0x1,
    0x7f, 0xf8, 0xc, 0xff, 0xff, 0xff, 0xfc, 0x0,
    0x6, 0xcf, 0xfe, 0xb6, 0x0, 0x0, 0x0, 0x2f,
    0x40, 0x0, 0x0, 0x0, 0x2, 0x9e, 0xa0, 0x0,
    0x0, 0x0, 0x1, 0xbc, 0x0, 0x0, 0x0, 0xa,
    0xfe, 0x50, 0x0,

    /* U+015F "ş" */
    0x0, 0x2a, 0xef, 0xe9, 0x10, 0x2, 0xff, 0xeb,
    0xef, 0xe1, 0x9, 0xfb, 0x0, 0xa, 0xe5, 0xa,
    0xf9, 0x0, 0x0, 0x0, 0x5, 0xff, 0xb7, 0x40,
    0x0, 0x0, 0x5d, 0xff, 0xff, 0x80, 0x0, 0x0,
    0x25, 0xaf, 0xf8, 0x0, 0x30, 0x0, 0x7, 0xfc,
    0xd, 0xf7, 0x0, 0xa, 0xfb, 0x5, 0xff, 0xdb,
    0xef, 0xf3, 0x0, 0x4b, 0xef, 0xea, 0x20, 0x0,
    0x0, 0x2f, 0x30, 0x0, 0x0, 0x0, 0x2a, 0xea,
    0x0, 0x0, 0x0, 0x1, 0xbc, 0x0, 0x0, 0x0,
    0xaf, 0xe5, 0x0,

    /* U+0160 "Š" */
    0x0, 0x9f, 0x60, 0x7f, 0x80, 0x0, 0x0, 0xdf,
    0x5f, 0xc0, 0x0, 0x0, 0x2, 0xff, 0xe1, 0x0,
    0x0, 0x0, 0x3, 0x53, 0x0, 0x0, 0x0, 0x0,
    0x0, 0x0, 0x0, 0x0, 0x4, 0xae, 0xfe, 0xc7,
    0x0, 0x8, 0xff, 0xff, 0xff, 0xfd, 0x13, 0xff,
    0x81, 0x0, 0x3d, 0xf8, 0x8f, 0xc0, 0x0, 0x0,
    0x12, 0x17, 0xfd, 0x0, 0x0, 0x0, 0x0, 0x1e,
    0xfc, 0x50, 0x0, 0x0, 0x0, 0x2c, 0xff, 0xfc,
    0x82, 0x0, 0x0, 0x2, 0x7c, 0xff, 0xf8, 0x0,
    0x0, 0x0, 0x0, 0x6f, 0xf7, 0x34, 0x10, 0x0,
    0x0, 0x6f, 0xdd, 0xf8, 0x0, 0x0, 0x7, 0xfd,
    0x7f, 0xf7, 0x10, 0x17, 0xff, 0x80, 0xbf, 0xff,
    0xff, 0xff, 0xc0, 0x0, 0x6c, 0xef, 0xeb, 0x60,
    0x0,

    /* U+0161 "š" */
    0x0, 0x58, 0x20, 0x28, 0x50, 0x0, 0x2f, 0xc1,
    0xdf, 0x20, 0x0, 0x4, 0xfe, 0xf4, 0x0, 0x0,
    0x0, 0x58, 0x40, 0x0, 0x0, 0x0, 0x0, 0x0,
    0x0, 0x0, 0x2a, 0xef, 0xe9, 0x10, 0x2, 0xff,
    0xeb, 0xef, 0xe1, 0x9, 0xfb, 0x0, 0xa, 0xe5,
    0xa, 0xf9, 0x0, 0x0, 0x0, 0x5, 0xff, 0xb7,
    0x40, 0x0, 0x0, 0x5d, 0xff, 0xff, 0x80, 0x0,
    0x0, 0x25, 0xaf, 0xf8, 0x0, 0x30, 0x0, 0x7,
    0xfc, 0xd, 0xf7, 0x0, 0xa, 0xfb, 0x5, 0xff,
    0xdb, 0xef, 0xf3, 0x0, 0x4b, 0xef, 0xea, 0x20,

    /* U+0162 "Ţ" */
    0x2f, 0xff, 0xff, 0xff, 0xff, 0xff, 0x21, 0xee,
    0xee, 0xff, 0xfe, 0xee, 0xe2, 0x0, 0x0, 0x9,
    0xfa, 0x0, 0x0, 0x0, 0x0, 0x0, 0x9f, 0xa0,
    0x0, 0x0, 0x0, 0x0, 0x9, 0xfa, 0x0, 0x0,
    0x0, 0x0, 0x0, 0x9f, 0xa0, 0x0, 0x0, 0x0,
    0x0, 0x9, 0xfa, 0x0, 0x0, 0x0, 0x0, 0x0,
    0x9f, 0xa0, 0x0, 0x0, 0x0, 0x0, 0x9, 0xfa,
    0x0, 0x0, 0x0, 0x0, 0x0, 0x9f, 0xa0, 0x0,
    0x0, 0x0, 0x0, 0x9, 0xfa, 0x0, 0x0, 0x0,
    0x0, 0x0, 0x9f, 0xa0, 0x0, 0x0, 0x0, 0x0,
    0x9, 0xfa, 0x0, 0x0, 0x0, 0x0, 0x0, 0x9f,
    0xb0, 0x0, 0x0, 0x0, 0x0, 0x0, 0xf2, 0x0,
    0x0, 0x0, 0x0, 0x0, 0x2b, 0xe9, 0x0, 0x0,
    0x0, 0x0, 0x0, 0x1a, 0xd0, 0x0, 0x0, 0x0,
    0x0, 0x9f, 0xe6, 0x0, 0x0,

    /* U+0163 "ţ" */
    0x1, 0x87, 0x0, 0x0, 0x3f, 0xf0, 0x0, 0x3,
    0xff, 0x0, 0xc, 0xff, 0xff, 0xf1, 0x9c, 0xff,
    0xbb, 0x10, 0x3f, 0xf0, 0x0, 0x3, 0xff, 0x0,
    0x0, 0x3f, 0xf0, 0x0, 0x3, 0xff, 0x0, 0x0,
    0x3f, 0xf0, 0x0, 0x3, 0xff, 0x0, 0x0, 0x2f,
    0xf1, 0x0, 0x0, 0xdf, 0xed, 0x20, 0x2, 0xdf,
    0xf4, 0x0, 0x4, 0xe2, 0x0, 0x0, 0x4a, 0xf7,
    0x0, 0x1, 0x1d, 0xa0, 0x0, 0xdf, 0xd3,

    /* U+0164 "Ť" */
    0x0, 0x7, 0xf8, 0x7, 0xf9, 0x0, 0x0, 0x0,
    0xa, 0xf7, 0xfb, 0x0, 0x0, 0x0, 0x0, 0xc,
    0xfd, 0x0, 0x0, 0x0, 0x0, 0x0, 0x0, 0x0,
    0x0, 0x0, 0x0, 0x0, 0x0, 0x0, 0x0, 0x0,
    0x2, 0xff, 0xff, 0xff, 0xff, 0xff, 0xf2, 0x1e,
    0xee, 0xef, 0xff, 0xee, 0xee, 0x20, 0x0, 0x0,
    0x9f, 0xa0, 0x0, 0x0, 0x0, 0x0, 0x9, 0xfa,
    0x0, 0x0, 0x0, 0x0, 0x0, 0x9f, 0xa0, 0x0,
    0x0, 0x0, 0x0, 0x9, 0xfa, 0x0, 0x0, 0x0,
    0x0, 0x0, 0x9f, 0xa0, 0x0, 0x0, 0x0, 0x0,
    0x9, 0xfa, 0x0, 0x0, 0x0, 0x0, 0x0, 0x9f,
    0xa0, 0x0, 0x0, 0x0, 0x0, 0x9, 0xfa, 0x0,
    0x0, 0x0, 0x0, 0x0, 0x9f, 0xa0, 0x0, 0x0,
    0x0, 0x0, 0x9, 0xfa, 0x0, 0x0, 0x0, 0x0,
    0x0, 0x9f, 0xa0, 0x0, 0x0, 0x0, 0x0, 0x9,
    0xfa, 0x0, 0x0, 0x0,

    /* U+0165 "ť" */
    0x0, 0x0, 0xe, 0xf0, 0x0, 0x0, 0xe, 0xc0,
    0x2, 0x98, 0xe, 0xa0, 0x3, 0xff, 0x9, 0x60,
    0x3, 0xff, 0x0, 0x0, 0xcf, 0xff, 0xff, 0x10,
    0x9c, 0xff, 0xbb, 0x10, 0x3, 0xff, 0x0, 0x0,
    0x3, 0xff, 0x0, 0x0, 0x3, 0xff, 0x0, 0x0,
    0x3, 0xff, 0x0, 0x0, 0x3, 0xff, 0x0, 0x0,
    0x3, 0xff, 0x0, 0x0, 0x2, 0xff, 0x10, 0x0,
    0x0, 0xdf, 0xed, 0x20, 0x0, 0x2b, 0xff, 0x40,

    /* U+0166 "Ŧ" */
    0x2f, 0xff, 0xff, 0xff, 0xff, 0xff, 0x21, 0xee,
    0xee, 0xff, 0xfe, 0xee, 0xe2, 0x0, 0x0, 0x9,
    0xfa, 0x0, 0x0, 0x0, 0x0, 0x0, 0x9f, 0xa0,
    0x0, 0x0, 0x0, 0x0, 0x9, 0xfa, 0x0, 0x0,
    0x0, 0x0, 0x0, 0x9f, 0xa0, 0x0, 0x0, 0x0,
    0x8f, 0xff, 0xff, 0xff, 0x90, 0x0, 0x5, 0xaa,
    0xff, 0xfa, 0xa6, 0x0, 0x0, 0x0, 0x9, 0xfa,
    0x0, 0x0, 0x0, 0x0, 0x0, 0x9f, 0xa0, 0x0,
    0x0, 0x0, 0x0, 0x9, 0xfa, 0x0, 0x0, 0x0,
    0x0, 0x0, 0x9f, 0xa0, 0x0, 0x0, 0x0, 0x0,
    0x9, 0xfa, 0x0, 0x0, 0x0, 0x0, 0x0, 0x9f,
    0xa0, 0x0, 0x0,

    /* U+0167 "ŧ" */
    0x1, 0x87, 0x0, 0x0, 0x3f, 0xf0, 0x0, 0x3,
    0xff, 0x0, 0xc, 0xff, 0xff, 0xf1, 0x9c, 0xff,
    0xbb, 0x10, 0x3f, 0xf0, 0x0, 0x7b, 0xff, 0x99,
    0x1c, 0xff, 0xff, 0xf1, 0x3, 0xff, 0x0, 0x0,
    0x3f, 0xf0, 0x0, 0x3, 0xff, 0x0, 0x0, 0x2f,
    0xf1, 0x0, 0x0, 0xdf, 0xed, 0x20, 0x2, 0xbf,
    0xf4,

    /* U+0168 "Ũ" */
    0x0, 0x0, 0x0, 0x0, 0x10, 0x0, 0x0, 0x0,
    0x1e, 0xf8, 0x3f, 0x50, 0x0, 0x0, 0x8, 0xe6,
    0xdf, 0xe0, 0x0, 0x0, 0x0, 0x23, 0x0, 0x31,
    0x0, 0x0, 0x0, 0x0, 0x0, 0x0, 0x0, 0x0,
    0x0, 0x0, 0x0, 0x0, 0x0, 0x0, 0x0, 0x6f,
    0xd0, 0x0, 0x0, 0x0, 0xff, 0x36, 0xfd, 0x0,
    0x0, 0x0, 0xf, 0xf3, 0x6f, 0xd0, 0x0, 0x0,
    0x0, 0xff, 0x36, 0xfd, 0x0, 0x0, 0x0, 0xf,
    0xf3, 0x6f, 0xd0, 0x0, 0x0, 0x0, 0xff, 0x36,
    0xfd, 0x0, 0x0, 0x0, 0xf, 0xf3, 0x6f, 0xd0,
    0x0, 0x0, 0x0, 0xff, 0x36, 0xfd, 0x0, 0x0,
    0x0, 0xf, 0xf3, 0x6f, 0xd0, 0x0, 0x0, 0x0,
    0xff, 0x35, 0xff, 0x0, 0x0, 0x0, 0x2f, 0xf2,
    0x2f, 0xf5, 0x0, 0x0, 0x9, 0xfe, 0x0, 0xbf,
    0xf7, 0x20, 0x29, 0xff, 0x70, 0x1, 0xcf, 0xff,
    0xff, 0xff, 0xa0, 0x0, 0x0, 0x6c, 0xef, 0xeb,
    0x40, 0x0,

    /* U+0169 "ũ" */
    0x0, 0x17, 0x62, 0x37, 0x0, 0x0, 0xcf, 0xff,
    0xfb, 0x0, 0x0, 0x52, 0x3, 0x40, 0x0, 0x0,
    0x0, 0x0, 0x0, 0x0, 0x8f, 0x90, 0x0, 0x9,
    0xf9, 0x8f, 0x90, 0x0, 0x9, 0xf9, 0x8f, 0x90,
    0x0, 0x9, 0xf9, 0x8f, 0x90, 0x0, 0x9, 0xf9,
    0x8f, 0x90, 0x0, 0x9, 0xf9, 0x8f, 0x90, 0x0,
    0x9, 0xf9, 0x8f, 0x90, 0x0, 0x9, 0xf9, 0x8f,
    0xb0, 0x0, 0xc, 0xf9, 0x5f, 0xf5, 0x0, 0x7f,
    0xf9, 0xd, 0xff, 0xff, 0xf9, 0xf9, 0x1, 0xae,
    0xfb, 0x37, 0xf9,

    /* U+016A "Ū" */
    0x0, 0x2, 0x88, 0x88, 0x81, 0x0, 0x0, 0x0,
    0x5f, 0xff, 0xff, 0x20, 0x0, 0x0, 0x0, 0x0,
    0x0, 0x0, 0x0, 0x0, 0x0, 0x0, 0x0, 0x0,
    0x0, 0x0, 0x0, 0x0, 0x0, 0x0, 0x0, 0x0,
    0x6, 0xfd, 0x0, 0x0, 0x0, 0xf, 0xf3, 0x6f,
    0xd0, 0x0, 0x0, 0x0, 0xff, 0x36, 0xfd, 0x0,
    0x0, 0x0, 0xf, 0xf3, 0x6f, 0xd0, 0x0, 0x0,
    0x0, 0xff, 0x36, 0xfd, 0x0, 0x0, 0x0, 0xf,
    0xf3, 0x6f, 0xd0, 0x0, 0x0, 0x0, 0xff, 0x36,
    0xfd, 0x0, 0x0, 0x0, 0xf, 0xf3, 0x6f, 0xd0,
    0x0, 0x0, 0x0, 0xff, 0x36, 0xfd, 0x0, 0x0,
    0x0, 0xf, 0xf3, 0x5f, 0xf0, 0x0, 0x0, 0x2,
    0xff, 0x22, 0xff, 0x50, 0x0, 0x0, 0x9f, 0xe0,
    0xb, 0xff, 0x72, 0x2, 0x9f, 0xf7, 0x0, 0x1c,
    0xff, 0xff, 0xff, 0xfa, 0x0, 0x0, 0x6, 0xce,
    0xfe, 0xb4, 0x0, 0x0,

    /* U+016B "ū" */
    0x0, 0xbf, 0xff, 0xfc, 0x0, 0x0, 0x68, 0x88,
    0x86, 0x0, 0x0, 0x0, 0x0, 0x0, 0x0, 0x8f,
    0x90, 0x0, 0x9, 0xf9, 0x8f, 0x90, 0x0, 0x9,
    0xf9, 0x8f, 0x90, 0x0, 0x9, 0xf9, 0x8f, 0x90,
    0x0, 0x9, 0xf9, 0x8f, 0x90, 0x0, 0x9, 0xf9,
    0x8f, 0x90, 0x0, 0x9, 0xf9, 0x8f, 0x90, 0x0,
    0x9, 0xf9, 0x8f, 0xb0, 0x0, 0xc, 0xf9, 0x5f,
    0xf5, 0x0, 0x7f, 0xf9, 0xd, 0xff, 0xff, 0xf9,
    0xf9, 0x1, 0xae, 0xfb, 0x37, 0xf9,

    /* U+016C "Ŭ" */
    0x0, 0x8, 0xe0, 0x1, 0xf5, 0x0, 0x0, 0x0,
    0x4f, 0x72, 0xaf, 0x10, 0x0, 0x0, 0x0, 0x8f,
    0xff, 0x50, 0x0, 0x0, 0x0, 0x0, 0x13, 0x10,
    0x0, 0x0, 0x0, 0x0, 0x0, 0x0, 0x0, 0x0,
    0x6, 0xfd, 0x0, 0x0, 0x0, 0xf, 0xf3, 0x6f,
    0xd0, 0x0, 0x0, 0x0, 0xff, 0x36, 0xfd, 0x0,
    0x0, 0x0, 0xf, 0xf3, 0x6f, 0xd0, 0x0, 0x0,
    0x0, 0xff, 0x36, 0xfd, 0x0, 0x0, 0x0, 0xf,
    0xf3, 0x6f, 0xd0, 0x0, 0x0, 0x0, 0xff, 0x36,
    0xfd, 0x0, 0x0, 0x0, 0xf, 0xf3, 0x6f, 0xd0,
    0x0, 0x0, 0x0, 0xff, 0x36, 0xfd, 0x0, 0x0,
    0x0, 0xf, 0xf3, 0x5f, 0xf0, 0x0, 0x0, 0x2,
    0xff, 0x22, 0xff, 0x50, 0x0, 0x0, 0x9f, 0xe0,
    0xb, 0xff, 0x72, 0x2, 0x9f, 0xf7, 0x0, 0x1c,
    0xff, 0xff, 0xff, 0xfa, 0x0, 0x0, 0x6, 0xce,
    0xfe, 0xb4, 0x0, 0x0,

    /* U+016D "ŭ" */
    0x0, 0x73, 0x0, 0x37, 0x0, 0x0, 0xcd, 0x32,
    0xdc, 0x0, 0x0, 0x2d, 0xff, 0xd2, 0x0, 0x0,
    0x0, 0x33, 0x0, 0x0, 0x0, 0x0, 0x0, 0x0,
    0x0, 0x8f, 0x90, 0x0, 0x9, 0xf9, 0x8f, 0x90,
    0x0, 0x9, 0xf9, 0x8f, 0x90, 0x0, 0x9, 0xf9,
    0x8f, 0x90, 0x0, 0x9, 0xf9, 0x8f, 0x90, 0x0,
    0x9, 0xf9, 0x8f, 0x90, 0x0, 0x9, 0xf9, 0x8f,
    0x90, 0x0, 0x9, 0xf9, 0x8f, 0xb0, 0x0, 0xc,
    0xf9, 0x5f, 0xf5, 0x0, 0x7f, 0xf9, 0xd, 0xff,
    0xff, 0xf9, 0xf9, 0x1, 0xae, 0xfb, 0x37, 0xf9,

    /* U+016E "Ů" */
    0x0, 0x0, 0x0, 0x0, 0x0, 0x0, 0x0, 0x0,
    0x2, 0xdf, 0xb1, 0x0, 0x0, 0x0, 0x0, 0xeb,
    0x4d, 0xb0, 0x0, 0x0, 0x0, 0x2f, 0x40, 0x6f,
    0x0, 0x0, 0x0, 0x0, 0xf9, 0x1b, 0xd0, 0x0,
    0x0, 0x0, 0x4, 0xff, 0xe2, 0x0, 0x0, 0x0,
    0x0, 0x1, 0x20, 0x0, 0x0, 0x6, 0xfd, 0x0,
    0x0, 0x0, 0xf, 0xf3, 0x6f, 0xd0, 0x0, 0x0,
    0x0, 0xff, 0x36, 0xfd, 0x0, 0x0, 0x0, 0xf,
    0xf3, 0x6f, 0xd0, 0x0, 0x0, 0x0, 0xff, 0x36,
    0xfd, 0x0, 0x0, 0x0, 0xf, 0xf3, 0x6f, 0xd0,
    0x0, 0x0, 0x0, 0xff, 0x36, 0xfd, 0x0, 0x0,
    0x0, 0xf, 0xf3, 0x6f, 0xd0, 0x0, 0x0, 0x0,
    0xff, 0x36, 0xfd, 0x0, 0x0, 0x0, 0xf, 0xf3,
    0x5f, 0xf0, 0x0, 0x0, 0x2, 0xff, 0x22, 0xff,
    0x50, 0x0, 0x0, 0x9f, 0xe0, 0xb, 0xff, 0x72,
    0x2, 0x9f, 0xf7, 0x0, 0x1c, 0xff, 0xff, 0xff,
    0xfa, 0x0, 0x0, 0x6, 0xce, 0xfe, 0xb4, 0x0,
    0x0,

    /* U+016F "ů" */
    0x0, 0x0, 0x0, 0x0, 0x0, 0x0, 0x7, 0xff,
    0x70, 0x0, 0x0, 0x5f, 0x66, 0xf5, 0x0, 0x0,
    0x9d, 0x0, 0xc9, 0x0, 0x0, 0x6f, 0x33, 0xf6,
    0x0, 0x0, 0xa, 0xff, 0xa0, 0x0, 0x0, 0x0,
    0x22, 0x0, 0x0, 0x8f, 0x90, 0x0, 0x9, 0xf9,
    0x8f, 0x90, 0x0, 0x9, 0xf9, 0x8f, 0x90, 0x0,
    0x9, 0xf9, 0x8f, 0x90, 0x0, 0x9, 0xf9, 0x8f,
    0x90, 0x0, 0x9, 0xf9, 0x8f, 0x90, 0x0, 0x9,
    0xf9, 0x8f, 0x90, 0x0, 0x9, 0xf9, 0x8f, 0xb0,
    0x0, 0xc, 0xf9, 0x5f, 0xf5, 0x0, 0x7f, 0xf9,
    0xd, 0xff, 0xff, 0xf9, 0xf9, 0x1, 0xae, 0xfb,
    0x37, 0xf9,

    /* U+0170 "Ű" */
    0x0, 0x0, 0xef, 0x33, 0xfd, 0x10, 0x0, 0x0,
    0x4f, 0x90, 0xcf, 0x30, 0x0, 0x0, 0x9, 0xe1,
    0x4e, 0x60, 0x0, 0x0, 0x0, 0x0, 0x0, 0x0,
    0x0, 0x0, 0x0, 0x0, 0x0, 0x0, 0x0, 0x0,
    0x6, 0xfd, 0x0, 0x0, 0x0, 0xf, 0xf3, 0x6f,
    0xd0, 0x0, 0x0, 0x0, 0xff, 0x36, 0xfd, 0x0,
    0x0, 0x0, 0xf, 0xf3, 0x6f, 0xd0, 0x0, 0x0,
    0x0, 0xff, 0x36, 0xfd, 0x0, 0x0, 0x0, 0xf,
    0xf3, 0x6f, 0xd0, 0x0, 0x0, 0x0, 0xff, 0x36,
    0xfd, 0x0, 0x0, 0x0, 0xf, 0xf3, 0x6f, 0xd0,
    0x0, 0x0, 0x0, 0xff, 0x36, 0xfd, 0x0, 0x0,
    0x0, 0xf, 0xf3, 0x5f, 0xf0, 0x0, 0x0, 0x2,
    0xff, 0x22, 0xff, 0x50, 0x0, 0x0, 0x9f, 0xe0,
    0xb, 0xff, 0x72, 0x2, 0x9f, 0xf7, 0x0, 0x1c,
    0xff, 0xff, 0xff, 0xfa, 0x0, 0x0, 0x6, 0xce,
    0xfe, 0xb4, 0x0, 0x0,

    /* U+0171 "ű" */
    0x0, 0x4f, 0xc0, 0x9f, 0x80, 0x0, 0xaf, 0x32,
    0xfc, 0x0, 0x0, 0xe9, 0xa, 0xd1, 0x0, 0x0,
    0x0, 0x0, 0x0, 0x0, 0x8f, 0x90, 0x0, 0x9,
    0xf9, 0x8f, 0x90, 0x0, 0x9, 0xf9, 0x8f, 0x90,
    0x0, 0x9, 0xf9, 0x8f, 0x90, 0x0, 0x9, 0xf9,
    0x8f, 0x90, 0x0, 0x9, 0xf9, 0x8f, 0x90, 0x0,
    0x9, 0xf9, 0x8f, 0x90, 0x0, 0x9, 0xf9, 0x8f,
    0xb0, 0x0, 0xc, 0xf9, 0x5f, 0xf5, 0x0, 0x7f,
    0xf9, 0xd, 0xff, 0xff, 0xf9, 0xf9, 0x1, 0xae,
    0xfb, 0x37, 0xf9,

    /* U+0172 "Ų" */
    0x6f, 0xd0, 0x0, 0x0, 0x0, 0xff, 0x36, 0xfd,
    0x0, 0x0, 0x0, 0xf, 0xf3, 0x6f, 0xd0, 0x0,
    0x0, 0x0, 0xff, 0x36, 0xfd, 0x0, 0x0, 0x0,
    0xf, 0xf3, 0x6f, 0xd0, 0x0, 0x0, 0x0, 0xff,
    0x36, 0xfd, 0x0, 0x0, 0x0, 0xf, 0xf3, 0x6f,
    0xd0, 0x0, 0x0, 0x0, 0xff, 0x36, 0xfd, 0x0,
    0x0, 0x0, 0xf, 0xf3, 0x6f, 0xd0, 0x0, 0x0,
    0x0, 0xff, 0x35, 0xff, 0x0, 0x0, 0x0, 0x2f,
    0xf4, 0x2f, 0xf5, 0x0, 0x0, 0x9, 0xff, 0x0,
    0xbf, 0xf7, 0x20, 0x29, 0xff, 0xf0, 0x1, 0xcf,
    0xff, 0xff, 0xff, 0xf0, 0x0, 0x0, 0x6c, 0xef,
    0xff, 0xb0, 0x0, 0x0, 0x0, 0x7, 0xf9, 0x0,
    0x0, 0x0, 0x0, 0x3, 0xfc, 0x0, 0x0, 0x0,
    0x0, 0x0, 0x4f, 0xfa, 0x60, 0x0, 0x0, 0x0,
    0x0, 0x8e, 0xe9, 0x0, 0x0,

    /* U+0173 "ų" */
    0x8f, 0x90, 0x0, 0x9, 0xf9, 0x8, 0xf9, 0x0,
    0x0, 0x9f, 0x90, 0x8f, 0x90, 0x0, 0x9, 0xf9,
    0x8, 0xf9, 0x0, 0x0, 0x9f, 0x90, 0x8f, 0x90,
    0x0, 0x9, 0xf9, 0x8, 0xf9, 0x0, 0x0, 0x9f,
    0x90, 0x8f, 0x90, 0x0, 0x9, 0xf9, 0x8, 0xfb,
    0x0, 0x0, 0xcf, 0x90, 0x5f, 0xf5, 0x0, 0x7f,
    0xf9, 0x0, 0xdf, 0xff, 0xff, 0x9f, 0x90, 0x1,
    0xae, 0xfb, 0x3a, 0xfa, 0x0, 0x0, 0x0, 0x6,
    0xfa, 0x0, 0x0, 0x0, 0x0, 0xef, 0x0, 0x0,
    0x0, 0x0, 0xf, 0xfb, 0x90, 0x0, 0x0, 0x0,
    0x5d, 0xfc, 0x0,

    /* U+0174 "Ŵ" */
    0x0, 0x0, 0x0, 0x0, 0x5f, 0xf5, 0x0, 0x0,
    0x0, 0x0, 0x0, 0x0, 0x0, 0x3, 0xfc, 0xbf,
    0x30, 0x0, 0x0, 0x0, 0x0, 0x0, 0x0, 0x1e,
    0xe1, 0x1e, 0xe1, 0x0, 0x0, 0x0, 0x0, 0x0,
    0x0, 0x0, 0x0, 0x0, 0x0, 0x0, 0x0, 0x0,
    0x0, 0x0, 0x0, 0x0, 0x0, 0x0, 0x0, 0x0,
    0x0, 0x0, 0x5f, 0xf0, 0x0, 0x0, 0x5f, 0xf6,
    0x0, 0x0, 0xe, 0xf6, 0x1f, 0xf3, 0x0, 0x0,
    0x9f, 0xfa, 0x0, 0x0, 0x3f, 0xf2, 0xc, 0xf7,
    0x0, 0x0, 0xdf, 0xfe, 0x0, 0x0, 0x7f, 0xd0,
    0x8, 0xfc, 0x0, 0x2, 0xfd, 0xcf, 0x20, 0x0,
    0xbf, 0x90, 0x3, 0xff, 0x0, 0x6, 0xf9, 0x9f,
    0x70, 0x0, 0xff, 0x40, 0x0, 0xff, 0x40, 0xa,
    0xf5, 0x5f, 0xb0, 0x3, 0xff, 0x0, 0x0, 0xaf,
    0x80, 0xe, 0xf1, 0x1f, 0xf0, 0x8, 0xfb, 0x0,
    0x0, 0x6f, 0xc0, 0x3f, 0xd0, 0xc, 0xf3, 0xc,
    0xf6, 0x0, 0x0, 0x1f, 0xf0, 0x7f, 0x80, 0x8,
    0xf8, 0xf, 0xf2, 0x0, 0x0, 0xd, 0xf4, 0xbf,
    0x40, 0x3, 0xfb, 0x3f, 0xd0, 0x0, 0x0, 0x8,
    0xf7, 0xef, 0x0, 0x0, 0xef, 0x7f, 0x90, 0x0,
    0x0, 0x4, 0xfc, 0xfb, 0x0, 0x0, 0xaf, 0xdf,
    0x40, 0x0, 0x0, 0x0, 0xff, 0xf6, 0x0, 0x0,
    0x6f, 0xff, 0x0, 0x0, 0x0, 0x0, 0xbf, 0xf2,
    0x0, 0x0, 0x1f, 0xfb, 0x0, 0x0,

    /* U+0175 "ŵ" */
    0x0, 0x0, 0x0, 0x3f, 0xfa, 0x0, 0x0, 0x0,
    0x0, 0x0, 0x0, 0x3f, 0xc4, 0xfa, 0x0, 0x0,
    0x0, 0x0, 0x0, 0x7, 0x70, 0x4, 0x83, 0x0,
    0x0, 0x0, 0x0, 0x0, 0x0, 0x0, 0x0, 0x0,
    0x0, 0x0, 0x4f, 0xf0, 0x0, 0xe, 0xf8, 0x0,
    0x6, 0xfe, 0x0, 0xff, 0x30, 0x2, 0xff, 0xc0,
    0x0, 0xaf, 0x90, 0xb, 0xf7, 0x0, 0x6f, 0xef,
    0x0, 0xe, 0xf4, 0x0, 0x6f, 0xc0, 0xb, 0xf8,
    0xf4, 0x2, 0xff, 0x0, 0x1, 0xff, 0x0, 0xfc,
    0x3f, 0x80, 0x6f, 0xa0, 0x0, 0xc, 0xf4, 0x3f,
    0x80, 0xfc, 0xb, 0xf6, 0x0, 0x0, 0x8f, 0x77,
    0xf4, 0xb, 0xf0, 0xef, 0x10, 0x0, 0x3, 0xfb,
    0xaf, 0x0, 0x6f, 0x6f, 0xc0, 0x0, 0x0, 0xe,
    0xee, 0xb0, 0x2, 0xfd, 0xf7, 0x0, 0x0, 0x0,
    0x9f, 0xf6, 0x0, 0xd, 0xff, 0x20, 0x0, 0x0,
    0x4, 0xff, 0x20, 0x0, 0x9f, 0xe0, 0x0, 0x0,

    /* U+0176 "Ŷ" */
    0x0, 0x0, 0x3, 0xcc, 0x20, 0x0, 0x0, 0x0,
    0x0, 0x1e, 0xde, 0xd1, 0x0, 0x0, 0x0, 0x0,
    0xdf, 0x23, 0xfb, 0x0, 0x0, 0x0, 0x1, 0x42,
    0x0, 0x34, 0x10, 0x0, 0x0, 0x0, 0x0, 0x0,
    0x0, 0x0, 0x0, 0x3f, 0xf6, 0x0, 0x0, 0x0,
    0x7f, 0xf2, 0x8, 0xfe, 0x10, 0x0, 0x1, 0xff,
    0x70, 0x0, 0xdf, 0x90, 0x0, 0xa, 0xfd, 0x0,
    0x0, 0x4f, 0xf3, 0x0, 0x4f, 0xf3, 0x0, 0x0,
    0xa, 0xfd, 0x0, 0xdf, 0x90, 0x0, 0x0, 0x1,
    0xef, 0x67, 0xfe, 0x0, 0x0, 0x0, 0x0, 0x5f,
    0xee, 0xf4, 0x0, 0x0, 0x0, 0x0, 0xb, 0xff,
    0xa0, 0x0, 0x0, 0x0, 0x0, 0x3, 0xff, 0x20,
    0x0, 0x0, 0x0, 0x0, 0x2, 0xff, 0x10, 0x0,
    0x0, 0x0, 0x0, 0x2, 0xff, 0x10, 0x0, 0x0,
    0x0, 0x0, 0x2, 0xff, 0x10, 0x0, 0x0, 0x0,
    0x0, 0x2, 0xff, 0x10, 0x0, 0x0, 0x0, 0x0,
    0x2, 0xff, 0x10, 0x0, 0x0,

    /* U+0177 "ŷ" */
    0x0, 0x0, 0x38, 0x70, 0x0, 0x0, 0x0, 0x1,
    0xee, 0xf8, 0x0, 0x0, 0x0, 0xd, 0xf2, 0x9f,
    0x50, 0x0, 0x0, 0x38, 0x40, 0x7, 0x70, 0x0,
    0x0, 0x0, 0x0, 0x0, 0x0, 0x0, 0x5f, 0xe0,
    0x0, 0x0, 0x6f, 0xd0, 0xf, 0xf4, 0x0, 0x0,
    0xcf, 0x70, 0x9, 0xfa, 0x0, 0x2, 0xff, 0x10,
    0x3, 0xff, 0x0, 0x8, 0xfb, 0x0, 0x0, 0xdf,
    0x50, 0xd, 0xf5, 0x0, 0x0, 0x7f, 0xb0, 0x3f,
    0xe0, 0x0, 0x0, 0x1f, 0xf0, 0x8f, 0x90, 0x0,
    0x0, 0xb, 0xf5, 0xef, 0x20, 0x0, 0x0, 0x5,
    0xfb, 0xfc, 0x0, 0x0, 0x0, 0x0, 0xef, 0xf6,
    0x0, 0x0, 0x0, 0x0, 0x9f, 0xf1, 0x0, 0x0,
    0x0, 0x0, 0x9f, 0xa0, 0x0, 0x0, 0x0, 0x1,
    0xef, 0x30, 0x0, 0x0, 0x4, 0xdf, 0xfa, 0x0,
    0x0, 0x0, 0x8, 0xfe, 0x90, 0x0, 0x0, 0x0,

    /* U+0178 "Ÿ" */
    0x0, 0x0, 0x53, 0x0, 0x45, 0x0, 0x0, 0x0,
    0x4, 0xff, 0x2, 0xff, 0x30, 0x0, 0x0, 0x2,
    0xec, 0x0, 0xcd, 0x10, 0x0, 0x0, 0x0, 0x0,
    0x0, 0x0, 0x0, 0x0, 0x0, 0x0, 0x0, 0x0,
    0x0, 0x0, 0x0, 0x3f, 0xf6, 0x0, 0x0, 0x0,
    0x7f, 0xf2, 0x8, 0xfe, 0x10, 0x0, 0x1, 0xff,
    0x70, 0x0, 0xdf, 0x90, 0x0, 0xa, 0xfd, 0x0,
    0x0, 0x4f, 0xf3, 0x0, 0x4f, 0xf3, 0x0, 0x0,
    0xa, 0xfd, 0x0, 0xdf, 0x90, 0x0, 0x0, 0x1,
    0xef, 0x67, 0xfe, 0x0, 0x0, 0x0, 0x0, 0x5f,
    0xee, 0xf4, 0x0, 0x0, 0x0, 0x0, 0xb, 0xff,
    0xa0, 0x0, 0x0, 0x0, 0x0, 0x3, 0xff, 0x20,
    0x0, 0x0, 0x0, 0x0, 0x2, 0xff, 0x10, 0x0,
    0x0, 0x0, 0x0, 0x2, 0xff, 0x10, 0x0, 0x0,
    0x0, 0x0, 0x2, 0xff, 0x10, 0x0, 0x0, 0x0,
    0x0, 0x2, 0xff, 0x10, 0x0, 0x0, 0x0, 0x0,
    0x2, 0xff, 0x10, 0x0, 0x0,

    /* U+0179 "Ź" */
    0x0, 0x0, 0x4, 0xeb, 0x0, 0x0, 0x0, 0x0,
    0xbf, 0x30, 0x0, 0x0, 0x0, 0x3f, 0x80, 0x0,
    0x0, 0x0, 0x0, 0x0, 0x0, 0x0, 0x0, 0x0,
    0x0, 0x0, 0x0, 0xd, 0xff, 0xff, 0xff, 0xff,
    0xf9, 0xce, 0xee, 0xee, 0xee, 0xff, 0x70, 0x0,
    0x0, 0x0, 0x7f, 0xd0, 0x0, 0x0, 0x0, 0x4f,
    0xf2, 0x0, 0x0, 0x0, 0x1e, 0xf6, 0x0, 0x0,
    0x0, 0xb, 0xfb, 0x0, 0x0, 0x0, 0x7, 0xfe,
    0x10, 0x0, 0x0, 0x3, 0xff, 0x40, 0x0, 0x0,
    0x0, 0xdf, 0x80, 0x0, 0x0, 0x0, 0x9f, 0xc0,
    0x0, 0x0, 0x0, 0x5f, 0xf2, 0x0, 0x0, 0x0,
    0x1e, 0xf4, 0x0, 0x0, 0x0, 0xa, 0xff, 0xee,
    0xee, 0xee, 0xe9, 0xcf, 0xff, 0xff, 0xff, 0xff,
    0xa0,

    /* U+017A "ź" */
    0x0, 0x0, 0x3f, 0xd0, 0x0, 0x0, 0xb, 0xf3,
    0x0, 0x0, 0x2, 0xe8, 0x0, 0x0, 0x0, 0x0,
    0x0, 0x0, 0x9f, 0xff, 0xff, 0xff, 0xc8, 0xee,
    0xee, 0xef, 0xfb, 0x0, 0x0, 0x5, 0xff, 0x20,
    0x0, 0x2, 0xff, 0x50, 0x0, 0x0, 0xdf, 0x90,
    0x0, 0x0, 0xaf, 0xc0, 0x0, 0x0, 0x6f, 0xf2,
    0x0, 0x0, 0x3f, 0xf5, 0x0, 0x0, 0x1e, 0xf9,
    0x0, 0x0, 0xa, 0xff, 0xee, 0xee, 0xee, 0xcf,
    0xff, 0xff, 0xff, 0xf0,

    /* U+017B "Ż" */
    0x0, 0x0, 0x27, 0x10, 0x0, 0x0, 0x0, 0xd,
    0xfb, 0x0, 0x0, 0x0, 0x0, 0x8f, 0x60, 0x0,
    0x0, 0x0, 0x0, 0x0, 0x0, 0x0, 0x0, 0x0,
    0x0, 0x0, 0x0, 0xd, 0xff, 0xff, 0xff, 0xff,
    0xf9, 0xce, 0xee, 0xee, 0xee, 0xff, 0x70, 0x0,
    0x0, 0x0, 0x7f, 0xd0, 0x0, 0x0, 0x0, 0x4f,
    0xf2, 0x0, 0x0, 0x0, 0x1e, 0xf6, 0x0, 0x0,
    0x0, 0xb, 0xfb, 0x0, 0x0, 0x0, 0x7, 0xfe,
    0x10, 0x0, 0x0, 0x3, 0xff, 0x40, 0x0, 0x0,
    0x0, 0xdf, 0x80, 0x0, 0x0, 0x0, 0x9f, 0xc0,
    0x0, 0x0, 0x0, 0x5f, 0xf2, 0x0, 0x0, 0x0,
    0x1e, 0xf4, 0x0, 0x0, 0x0, 0xa, 0xff, 0xee,
    0xee, 0xee, 0xe9, 0xcf, 0xff, 0xff, 0xff, 0xff,
    0xa0,

    /* U+017C "ż" */
    0x0, 0x1, 0x72, 0x0, 0x0, 0x0, 0xbf, 0xc0,
    0x0, 0x0, 0x7, 0xf8, 0x0, 0x0, 0x0, 0x0,
    0x0, 0x0, 0x9f, 0xff, 0xff, 0xff, 0xc8, 0xee,
    0xee, 0xef, 0xfb, 0x0, 0x0, 0x5, 0xff, 0x20,
    0x0, 0x2, 0xff, 0x50, 0x0, 0x0, 0xdf, 0x90,
    0x0, 0x0, 0xaf, 0xc0, 0x0, 0x0, 0x6f, 0xf2,
    0x0, 0x0, 0x3f, 0xf5, 0x0, 0x0, 0x1e, 0xf9,
    0x0, 0x0, 0xa, 0xff, 0xee, 0xee, 0xee, 0xcf,
    0xff, 0xff, 0xff, 0xf0,

    /* U+017D "Ž" */
    0x0, 0x9f, 0x60, 0x9f, 0x70, 0x0, 0x0, 0xbf,
    0x8f, 0x90, 0x0, 0x0, 0x1, 0xdf, 0xb0, 0x0,
    0x0, 0x0, 0x0, 0x0, 0x0, 0x0, 0x0, 0x0,
    0x0, 0x0, 0x0, 0xd, 0xff, 0xff, 0xff, 0xff,
    0xf9, 0xce, 0xee, 0xee, 0xee, 0xff, 0x70, 0x0,
    0x0, 0x0, 0x7f, 0xd0, 0x0, 0x0, 0x0, 0x4f,
    0xf2, 0x0, 0x0, 0x0, 0x1e, 0xf6, 0x0, 0x0,
    0x0, 0xb, 0xfb, 0x0, 0x0, 0x0, 0x7, 0xfe,
    0x10, 0x0, 0x0, 0x3, 0xff, 0x40, 0x0, 0x0,
    0x0, 0xdf, 0x80, 0x0, 0x0, 0x0, 0x9f, 0xc0,
    0x0, 0x0, 0x0, 0x5f, 0xf2, 0x0, 0x0, 0x0,
    0x1e, 0xf4, 0x0, 0x0, 0x0, 0xa, 0xff, 0xee,
    0xee, 0xee, 0xe9, 0xcf, 0xff, 0xff, 0xff, 0xff,
    0xa0,

    /* U+017E "ž" */
    0x6, 0xf9, 0x9, 0xf7, 0x0, 0x6, 0xfc, 0xf7,
    0x0, 0x0, 0x5, 0x85, 0x0, 0x0, 0x0, 0x0,
    0x0, 0x0, 0x9f, 0xff, 0xff, 0xff, 0xc8, 0xee,
    0xee, 0xef, 0xfb, 0x0, 0x0, 0x5, 0xff, 0x20,
    0x0, 0x2, 0xff, 0x50, 0x0, 0x0, 0xdf, 0x90,
    0x0, 0x0, 0xaf, 0xc0, 0x0, 0x0, 0x6f, 0xf2,
    0x0, 0x0, 0x3f, 0xf5, 0x0, 0x0, 0x1e, 0xf9,
    0x0, 0x0, 0xa, 0xff, 0xee, 0xee, 0xee, 0xcf,
    0xff, 0xff, 0xff, 0xf0,

    /* U+017F "ſ" */
    0x0, 0x47, 0x62, 0xc, 0xff, 0xf4, 0x6f, 0xf7,
    0x60, 0x8f, 0xa0, 0x0, 0x8f, 0x90, 0x0, 0x8f,
    0x90, 0x0, 0x8f, 0x90, 0x0, 0x8f, 0x90, 0x0,
    0x8f, 0x90, 0x0, 0x8f, 0x90, 0x0, 0x8f, 0x90,
    0x0, 0x8f, 0x90, 0x0, 0x8f, 0x90, 0x0, 0x8f,
    0x90, 0x0, 0x8f, 0x90, 0x0,

    /* U+0218 "Ș" */
    0x0, 0x4a, 0xef, 0xeb, 0x50, 0x0, 0x8f, 0xff,
    0xff, 0xff, 0xa0, 0x3f, 0xf8, 0x10, 0x6, 0xff,
    0x58, 0xfc, 0x0, 0x0, 0x8, 0xd8, 0x7f, 0xd0,
    0x0, 0x0, 0x0, 0x1, 0xef, 0xc5, 0x0, 0x0,
    0x0, 0x2, 0xcf, 0xff, 0xc8, 0x20, 0x0, 0x0,
    0x27, 0xcf, 0xff, 0x80, 0x0, 0x0, 0x0, 0x6,
    0xff, 0x71, 0x10, 0x0, 0x0, 0x6, 0xfd, 0xef,
    0x70, 0x0, 0x0, 0x7f, 0xd8, 0xff, 0x61, 0x1,
    0x7f, 0xf8, 0xc, 0xff, 0xff, 0xff, 0xfc, 0x0,
    0x6, 0xce, 0xfe, 0xb6, 0x0, 0x0, 0x0, 0x0,
    0x0, 0x0, 0x0, 0x0, 0xb, 0xf5, 0x0, 0x0,
    0x0, 0x0, 0xee, 0x0, 0x0, 0x0, 0x0, 0x2f,
    0x90, 0x0, 0x0, 0x0, 0x3, 0x92, 0x0, 0x0,
    0x0,

    /* U+0219 "ș" */
    0x0, 0x2a, 0xef, 0xe9, 0x10, 0x2, 0xff, 0xeb,
    0xef, 0xe1, 0x9, 0xfb, 0x0, 0xa, 0xe5, 0xa,
    0xf9, 0x0, 0x0, 0x0, 0x5, 0xff, 0xb7, 0x40,
    0x0, 0x0, 0x5d, 0xff, 0xff, 0x80, 0x0, 0x0,
    0x25, 0xaf, 0xf8, 0x0, 0x30, 0x0, 0x7, 0xfc,
    0xd, 0xf7, 0x0, 0xa, 0xfb, 0x5, 0xff, 0xdb,
    0xef, 0xf3, 0x0, 0x4b, 0xef, 0xea, 0x20, 0x0,
    0x0, 0x0, 0x0, 0x0, 0x0, 0x0, 0xbf, 0x50,
    0x0, 0x0, 0x0, 0xef, 0x0, 0x0, 0x0, 0x2,
    0xf9, 0x0, 0x0, 0x0, 0x3, 0x92, 0x0, 0x0,

    /* U+021A "Ț" */
    0x2f, 0xff, 0xff, 0xff, 0xff, 0xff, 0x21, 0xee,
    0xee, 0xff, 0xfe, 0xee, 0xe2, 0x0, 0x0, 0x9,
    0xfa, 0x0, 0x0, 0x0, 0x0, 0x0, 0x9f, 0xa0,
    0x0, 0x0, 0x0, 0x0, 0x9, 0xfa, 0x0, 0x0,
    0x0, 0x0, 0x0, 0x9f, 0xa0, 0x0, 0x0, 0x0,
    0x0, 0x9, 0xfa, 0x0, 0x0, 0x0, 0x0, 0x0,
    0x9f, 0xa0, 0x0, 0x0, 0x0, 0x0, 0x9, 0xfa,
    0x0, 0x0, 0x0, 0x0, 0x0, 0x9f, 0xa0, 0x0,
    0x0, 0x0, 0x0, 0x9, 0xfa, 0x0, 0x0, 0x0,
    0x0, 0x0, 0x9f, 0xa0, 0x0, 0x0, 0x0, 0x0,
    0x9, 0xfa, 0x0, 0x0, 0x0, 0x0, 0x0, 0x9f,
    0xa0, 0x0, 0x0, 0x0, 0x0, 0x0, 0x0, 0x0,
    0x0, 0x0, 0x0, 0x0, 0xaf, 0x60, 0x0, 0x0,
    0x0, 0x0, 0xd, 0xf0, 0x0, 0x0, 0x0, 0x0,
    0x1, 0xfa, 0x0, 0x0, 0x0, 0x0, 0x0, 0x29,
    0x30, 0x0, 0x0, 0x0,

    /* U+021B "ț" */
    0x1, 0x87, 0x0, 0x0, 0x3f, 0xf0, 0x0, 0x3,
    0xff, 0x0, 0xc, 0xff, 0xff, 0xf1, 0x9c, 0xff,
    0xbb, 0x10, 0x3f, 0xf0, 0x0, 0x3, 0xff, 0x0,
    0x0, 0x3f, 0xf0, 0x0, 0x3, 0xff, 0x0, 0x0,
    0x3f, 0xf0, 0x0, 0x3, 0xff, 0x0, 0x0, 0x2f,
    0xf1, 0x0, 0x0, 0xdf, 0xed, 0x20, 0x2, 0xbf,
    0xf4, 0x0, 0x0, 0x0, 0x0, 0x5, 0xfa, 0x0,
    0x0, 0x9f, 0x40, 0x0, 0xd, 0xe0, 0x0, 0x0,
    0x95, 0x0, 0x0,

    /* U+0374 "ʹ" */
    0xf, 0xf2, 0xe, 0xf1, 0xd, 0xf0, 0xb, 0xe0,
    0x9, 0xc0, 0x5, 0x70,

    /* U+0375 "͵" */
    0x0, 0x62, 0x6, 0xf2, 0xe, 0xc0, 0x8f, 0x70,

    /* U+0376 "Ͷ" */
    0x6f, 0xe0, 0x0, 0x0, 0x6, 0xff, 0x86, 0xfe,
    0x0, 0x0, 0x1, 0xef, 0xf8, 0x6f, 0xe0, 0x0,
    0x0, 0xbf, 0xff, 0x86, 0xfe, 0x0, 0x0, 0x5f,
    0xea, 0xf8, 0x6f, 0xe0, 0x0, 0x1e, 0xf5, 0xaf,
    0x86, 0xfe, 0x0, 0xa, 0xfc, 0xb, 0xf8, 0x6f,
    0xe0, 0x5, 0xff, 0x20, 0xbf, 0x86, 0xfd, 0x1,
    0xef, 0x70, 0xb, 0xf8, 0x6f, 0xd0, 0xaf, 0xc0,
    0x0, 0xbf, 0x86, 0xfd, 0x3f, 0xf2, 0x0, 0xb,
    0xf8, 0x6f, 0xcc, 0xf7, 0x0, 0x0, 0xbf, 0x86,
    0xff, 0xfd, 0x0, 0x0, 0xb, 0xf8, 0x6f, 0xff,
    0x30, 0x0, 0x0, 0xbf, 0x86, 0xff, 0x80, 0x0,
    0x0, 0xb, 0xf8,

    /* U+037A "ͺ" */
    0x5a, 0x20, 0x8f, 0x40, 0x7f, 0x70, 0x2d, 0xf3,

    /* U+037B "ͻ" */
    0x0, 0x29, 0xdf, 0xe9, 0x20, 0x0, 0x2e, 0xff,
    0xdf, 0xfe, 0x30, 0xc, 0xfa, 0x0, 0xa, 0xfd,
    0x0, 0x48, 0x10, 0x0, 0xf, 0xf4, 0x0, 0x0,
    0x0, 0x0, 0xbf, 0x70, 0x0, 0x0, 0x0, 0x9,
    0xf9, 0x0, 0x0, 0x0, 0x0, 0xbf, 0x70, 0x59,
    0x10, 0x0, 0xf, 0xf4, 0xc, 0xfa, 0x0, 0xa,
    0xfd, 0x0, 0x2e, 0xff, 0xdf, 0xfe, 0x30, 0x0,
    0x29, 0xdf, 0xe9, 0x20, 0x0,

    /* U+037C "ͼ" */
    0x0, 0x5, 0xce, 0xfc, 0x60, 0x0, 0x9, 0xff,
    0xed, 0xff, 0xa0, 0x5, 0xff, 0x40, 0x3, 0xef,
    0x50, 0xbf, 0x80, 0x0, 0x3, 0x41, 0xf, 0xf3,
    0xd, 0xd1, 0x0, 0x0, 0xff, 0x23, 0xff, 0x30,
    0x0, 0xf, 0xf3, 0x6, 0x60, 0x0, 0x0, 0xcf,
    0x80, 0x0, 0x7, 0x93, 0x5, 0xff, 0x40, 0x4,
    0xff, 0x40, 0x9, 0xff, 0xed, 0xff, 0x90, 0x0,
    0x5, 0xcf, 0xec, 0x50, 0x0,

    /* U+037D "ͽ" */
    0x0, 0x29, 0xdf, 0xe9, 0x20, 0x0, 0x3f, 0xff,
    0xdf, 0xfe, 0x30, 0xc, 0xf9, 0x0, 0xa, 0xfd,
    0x0, 0x25, 0x0, 0x0, 0xf, 0xf4, 0x0, 0x0,
    0x8f, 0x40, 0xbf, 0x70, 0x0, 0xd, 0xf9, 0x9,
    0xf9, 0x0, 0x0, 0x37, 0x10, 0xbf, 0x70, 0x7b,
    0x10, 0x0, 0xf, 0xf4, 0xb, 0xfb, 0x0, 0xa,
    0xfd, 0x0, 0x2e, 0xff, 0xdf, 0xfe, 0x30, 0x0,
    0x19, 0xdf, 0xe9, 0x20, 0x0,

    /* U+037E ";" */
    0xb, 0xe5, 0x1f, 0xfa, 0x9, 0xc3, 0x0, 0x0,
    0x0, 0x0, 0x0, 0x0, 0x0, 0x0, 0x0, 0x0,
    0xa, 0xb3, 0x1f, 0xf1, 0x4f, 0xc0, 0x6f, 0x70,
    0x8f, 0x30, 0xbe, 0x0,

    /* U+037F "Ϳ" */
    0x0, 0x0, 0x0, 0x5, 0xfe, 0x0, 0x0, 0x0,
    0x5, 0xfe, 0x0, 0x0, 0x0, 0x5, 0xfe, 0x0,
    0x0, 0x0, 0x5, 0xfe, 0x0, 0x0, 0x0, 0x5,
    0xfe, 0x0, 0x0, 0x0, 0x5, 0xfe, 0x0, 0x0,
    0x0, 0x5, 0xfe, 0x0, 0x0, 0x0, 0x5, 0xfe,
    0x0, 0x0, 0x0, 0x5, 0xfe, 0x1f, 0xf1, 0x0,
    0x5, 0xfe, 0xf, 0xf3, 0x0, 0x7, 0xfd, 0xc,
    0xfc, 0x10, 0x2e, 0xf9, 0x4, 0xff, 0xfe, 0xff,
    0xe1, 0x0, 0x3a, 0xef, 0xe9, 0x10,

    /* U+0384 "΄" */
    0xe, 0xe0, 0x1f, 0xb0, 0x3f, 0x50,

    /* U+0385 "΅" */
    0x0, 0x0, 0x8e, 0x60, 0x0, 0x0, 0x0, 0xbf,
    0x10, 0x0, 0x5, 0x30, 0xcb, 0x5, 0x30, 0x3f,
    0xf1, 0x0, 0x4f, 0xf0, 0x1e, 0xc0, 0x0, 0x2e,
    0xc0,

    /* U+0386 "Ά" */
    0xb, 0xf4, 0x8, 0xff, 0x90, 0x0, 0x0, 0xd,
    0xe0, 0xe, 0xff, 0xe0, 0x0, 0x0, 0xd, 0x70,
    0x4f, 0xcb, 0xf5, 0x0, 0x0, 0x0, 0x0, 0x9f,
    0x76, 0xfb, 0x0, 0x0, 0x0, 0x0, 0xff, 0x21,
    0xff, 0x10, 0x0, 0x0, 0x5, 0xfd, 0x0, 0xbf,
    0x70, 0x0, 0x0, 0xb, 0xf7, 0x0, 0x5f, 0xd0,
    0x0, 0x0, 0x1f, 0xf1, 0x0, 0xf, 0xf3, 0x0,
    0x0, 0x7f, 0xfd, 0xdd, 0xdf, 0xf9, 0x0, 0x0,
    0xdf, 0xff, 0xff, 0xff, 0xff, 0x0, 0x3, 0xff,
    0x10, 0x0, 0x0, 0xef, 0x50, 0x9, 0xfb, 0x0,
    0x0, 0x0, 0x9f, 0xb0, 0xe, 0xf6, 0x0, 0x0,
    0x0, 0x3f, 0xf2, 0x5f, 0xf1, 0x0, 0x0, 0x0,
    0xe, 0xf7,

    /* U+0387 "·" */
    0x1d, 0xd2, 0x5f, 0xf6, 0x1b, 0xb1,

    /* U+0388 "Έ" */
    0xd, 0xf2, 0x5f, 0xff, 0xff, 0xff, 0xfd, 0xf,
    0xc0, 0x5f, 0xfe, 0xee, 0xee, 0xec, 0xe, 0x60,
    0x5f, 0xe0, 0x0, 0x0, 0x0, 0x0, 0x0, 0x5f,
    0xe0, 0x0, 0x0, 0x0, 0x0, 0x0, 0x5f, 0xe0,
    0x0, 0x0, 0x0, 0x0, 0x0, 0x5f, 0xe0, 0x0,
    0x0, 0x0, 0x0, 0x0, 0x5f, 0xff, 0xff, 0xff,
    0xf5, 0x0, 0x0, 0x5f, 0xfe, 0xee, 0xee, 0xe5,
    0x0, 0x0, 0x5f, 0xe0, 0x0, 0x0, 0x0, 0x0,
    0x0, 0x5f, 0xe0, 0x0, 0x0, 0x0, 0x0, 0x0,
    0x5f, 0xe0, 0x0, 0x0, 0x0, 0x0, 0x0, 0x5f,
    0xe0, 0x0, 0x0, 0x0, 0x0, 0x0, 0x5f, 0xfe,
    0xee, 0xee, 0xed, 0x0, 0x0, 0x5f, 0xff, 0xff,
    0xff, 0xfe,

    /* U+0389 "Ή" */
    0xd, 0xf2, 0x5f, 0xe0, 0x0, 0x0, 0x0, 0xef,
    0x50, 0xfc, 0x5, 0xfe, 0x0, 0x0, 0x0, 0xe,
    0xf5, 0xe, 0x60, 0x5f, 0xe0, 0x0, 0x0, 0x0,
    0xef, 0x50, 0x0, 0x5, 0xfe, 0x0, 0x0, 0x0,
    0xe, 0xf5, 0x0, 0x0, 0x5f, 0xe0, 0x0, 0x0,
    0x0, 0xef, 0x50, 0x0, 0x5, 0xfe, 0x0, 0x0,
    0x0, 0xe, 0xf5, 0x0, 0x0, 0x5f, 0xff, 0xff,
    0xff, 0xff, 0xff, 0x50, 0x0, 0x5, 0xff, 0xee,
    0xee, 0xee, 0xef, 0xf5, 0x0, 0x0, 0x5f, 0xe0,
    0x0, 0x0, 0x0, 0xef, 0x50, 0x0, 0x5, 0xfe,
    0x0, 0x0, 0x0, 0xe, 0xf5, 0x0, 0x0, 0x5f,
    0xe0, 0x0, 0x0, 0x0, 0xef, 0x50, 0x0, 0x5,
    0xfe, 0x0, 0x0, 0x0, 0xe, 0xf5, 0x0, 0x0,
    0x5f, 0xe0, 0x0, 0x0, 0x0, 0xef, 0x50, 0x0,
    0x5, 0xfe, 0x0, 0x0, 0x0, 0xe, 0xf5,

    /* U+038A "Ί" */
    0xd, 0xf2, 0x5f, 0xe0, 0xfc, 0x5, 0xfe, 0xe,
    0x60, 0x5f, 0xe0, 0x0, 0x5, 0xfe, 0x0, 0x0,
    0x5f, 0xe0, 0x0, 0x5, 0xfe, 0x0, 0x0, 0x5f,
    0xe0, 0x0, 0x5, 0xfe, 0x0, 0x0, 0x5f, 0xe0,
    0x0, 0x5, 0xfe, 0x0, 0x0, 0x5f, 0xe0, 0x0,
    0x5, 0xfe, 0x0, 0x0, 0x5f, 0xe0, 0x0, 0x5,
    0xfe,

    /* U+038C "Ό" */
    0xd, 0xf2, 0x0, 0x28, 0xdf, 0xec, 0x71, 0x0,
    0x0, 0xfd, 0x0, 0x5f, 0xff, 0xff, 0xff, 0xe3,
    0x0, 0xf, 0x70, 0x4f, 0xfb, 0x41, 0x15, 0xdf,
    0xe1, 0x0, 0x10, 0xe, 0xfa, 0x0, 0x0, 0x0,
    0xdf, 0xa0, 0x0, 0x4, 0xff, 0x10, 0x0, 0x0,
    0x4, 0xff, 0x10, 0x0, 0x8f, 0xb0, 0x0, 0x0,
    0x0, 0xe, 0xf4, 0x0, 0x9, 0xf9, 0x0, 0x0,
    0x0, 0x0, 0xcf, 0x60, 0x0, 0x9f, 0x90, 0x0,
    0x0, 0x0, 0xc, 0xf6, 0x0, 0x8, 0xfb, 0x0,
    0x0, 0x0, 0x0, 0xef, 0x40, 0x0, 0x4f, 0xf1,
    0x0, 0x0, 0x0, 0x4f, 0xf1, 0x0, 0x0, 0xef,
    0xa0, 0x0, 0x0, 0xd, 0xfa, 0x0, 0x0, 0x4,
    0xff, 0xb4, 0x11, 0x5d, 0xfe, 0x10, 0x0, 0x0,
    0x5, 0xff, 0xff, 0xff, 0xfe, 0x30, 0x0, 0x0,
    0x0, 0x2, 0x8d, 0xfe, 0xc7, 0x10, 0x0,

    /* U+038E "Ύ" */
    0xd, 0xf2, 0x1e, 0xf9, 0x0, 0x0, 0x0, 0x4f,
    0xf4, 0xf, 0xc0, 0x5, 0xff, 0x30, 0x0, 0x0,
    0xdf, 0xa0, 0xe, 0x60, 0x0, 0xbf, 0xc0, 0x0,
    0x7, 0xff, 0x10, 0x0, 0x0, 0x0, 0x2f, 0xf6,
    0x0, 0x1f, 0xf6, 0x0, 0x0, 0x0, 0x0, 0x7,
    0xfe, 0x10, 0xaf, 0xc0, 0x0, 0x0, 0x0, 0x0,
    0x0, 0xdf, 0x93, 0xff, 0x20, 0x0, 0x0, 0x0,
    0x0, 0x0, 0x3f, 0xfc, 0xf8, 0x0, 0x0, 0x0,
    0x0, 0x0, 0x0, 0x9, 0xff, 0xd0, 0x0, 0x0,
    0x0, 0x0, 0x0, 0x0, 0x0, 0xff, 0x50, 0x0,
    0x0, 0x0, 0x0, 0x0, 0x0, 0x0, 0xff, 0x40,
    0x0, 0x0, 0x0, 0x0, 0x0, 0x0, 0x0, 0xff,
    0x40, 0x0, 0x0, 0x0, 0x0, 0x0, 0x0, 0x0,
    0xff, 0x40, 0x0, 0x0, 0x0, 0x0, 0x0, 0x0,
    0x0, 0xff, 0x40, 0x0, 0x0, 0x0, 0x0, 0x0,
    0x0, 0x0, 0xff, 0x40, 0x0, 0x0,

    /* U+038F "Ώ" */
    0xd, 0xf2, 0x0, 0x28, 0xdf, 0xfd, 0x82, 0x0,
    0x0, 0xfd, 0x0, 0x7f, 0xff, 0xff, 0xff, 0xf6,
    0x0, 0xf, 0x70, 0x6f, 0xfb, 0x31, 0x14, 0xbf,
    0xf4, 0x0, 0x10, 0xf, 0xf9, 0x0, 0x0, 0x0,
    0xaf, 0xe0, 0x0, 0x6, 0xfe, 0x0, 0x0, 0x0,
    0x1, 0xff, 0x50, 0x0, 0x9f, 0xb0, 0x0, 0x0,
    0x0, 0xc, 0xf8, 0x0, 0xa, 0xf9, 0x0, 0x0,
    0x0, 0x0, 0xaf, 0x90, 0x0, 0x8f, 0xb0, 0x0,
    0x0, 0x0, 0xc, 0xf7, 0x0, 0x4, 0xff, 0x0,
    0x0, 0x0, 0x1, 0xff, 0x30, 0x0, 0xc, 0xf9,
    0x0, 0x0, 0x0, 0xaf, 0xb0, 0x0, 0x0, 0x1d,
    0xfb, 0x30, 0x4, 0xbf, 0xc0, 0x0, 0x0, 0x0,
    0x4, 0xfc, 0x0, 0xdf, 0x40, 0x0, 0x0, 0x8,
    0xee, 0xef, 0xc0, 0xd, 0xfe, 0xee, 0x70, 0x0,
    0xaf, 0xff, 0xfc, 0x0, 0xdf, 0xff, 0xf9,

    /* U+0390 "ΐ" */
    0x0, 0xb, 0xc0, 0x0, 0x0, 0xfa, 0x0, 0x0,
    0x1f, 0x50, 0x0, 0x0, 0x0, 0x0, 0x0, 0x0,
    0x0, 0x4, 0xf8, 0x7, 0xf5, 0x8f, 0xc0, 0xbf,
    0x90, 0x61, 0x1, 0x60, 0x0, 0x8f, 0x90, 0x0,
    0x8, 0xf9, 0x0, 0x0, 0x8f, 0x90, 0x0, 0x8,
    0xf9, 0x0, 0x0, 0x8f, 0x90, 0x0, 0x8, 0xf9,
    0x0, 0x0, 0x8f, 0x90, 0x0, 0x8, 0xf9, 0x0,
    0x0, 0x8f, 0xa0, 0x0, 0x5, 0xff, 0xd3, 0x0,
    0x8, 0xef, 0x50,

    /* U+0391 "Α" */
    0x0, 0x0, 0x8, 0xff, 0x90, 0x0, 0x0, 0x0,
    0x0, 0xe, 0xff, 0xe0, 0x0, 0x0, 0x0, 0x0,
    0x4f, 0xcb, 0xf5, 0x0, 0x0, 0x0, 0x0, 0x9f,
    0x76, 0xfb, 0x0, 0x0, 0x0, 0x0, 0xff, 0x21,
    0xff, 0x10, 0x0, 0x0, 0x5, 0xfc, 0x0, 0xbf,
    0x70, 0x0, 0x0, 0xb, 0xf7, 0x0, 0x5f, 0xd0,
    0x0, 0x0, 0x1f, 0xf1, 0x0, 0xe, 0xf3, 0x0,
    0x0, 0x7f, 0xfd, 0xdd, 0xdf, 0xf9, 0x0, 0x0,
    0xdf, 0xff, 0xff, 0xff, 0xff, 0x0, 0x3, 0xff,
    0x10, 0x0, 0x0, 0xef, 0x50, 0x9, 0xfb, 0x0,
    0x0, 0x0, 0x9f, 0xb0, 0xe, 0xf6, 0x0, 0x0,
    0x0, 0x3f, 0xf2, 0x5f, 0xf1, 0x0, 0x0, 0x0,
    0xe, 0xf7,

    /* U+0392 "Β" */
    0x6f, 0xff, 0xff, 0xfd, 0x70, 0x0, 0x6f, 0xfe,
    0xee, 0xff, 0xfc, 0x0, 0x6f, 0xd0, 0x0, 0x5,
    0xff, 0x50, 0x6f, 0xd0, 0x0, 0x0, 0xbf, 0x80,
    0x6f, 0xd0, 0x0, 0x0, 0xcf, 0x60, 0x6f, 0xd0,
    0x0, 0x19, 0xfd, 0x0, 0x6f, 0xff, 0xff, 0xff,
    0xa0, 0x0, 0x6f, 0xfb, 0xbb, 0xcf, 0xfc, 0x10,
    0x6f, 0xd0, 0x0, 0x1, 0xcf, 0xb0, 0x6f, 0xd0,
    0x0, 0x0, 0x3f, 0xf0, 0x6f, 0xd0, 0x0, 0x0,
    0x3f, 0xf1, 0x6f, 0xd0, 0x0, 0x2, 0xcf, 0xd0,
    0x6f, 0xfe, 0xee, 0xff, 0xff, 0x40, 0x6f, 0xff,
    0xff, 0xfe, 0xa3, 0x0,

    /* U+0393 "Γ" */
    0x6f, 0xff, 0xff, 0xff, 0xfb, 0x6f, 0xfe, 0xee,
    0xee, 0xea, 0x6f, 0xd0, 0x0, 0x0, 0x0, 0x6f,
    0xd0, 0x0, 0x0, 0x0, 0x6f, 0xd0, 0x0, 0x0,
    0x0, 0x6f, 0xd0, 0x0, 0x0, 0x0, 0x6f, 0xd0,
    0x0, 0x0, 0x0, 0x6f, 0xd0, 0x0, 0x0, 0x0,
    0x6f, 0xd0, 0x0, 0x0, 0x0, 0x6f, 0xd0, 0x0,
    0x0, 0x0, 0x6f, 0xd0, 0x0, 0x0, 0x0, 0x6f,
    0xd0, 0x0, 0x0, 0x0, 0x6f, 0xd0, 0x0, 0x0,
    0x0, 0x6f, 0xd0, 0x0, 0x0, 0x0,

    /* U+0394 "Δ" */
    0x0, 0x0, 0x7, 0xff, 0x80, 0x0, 0x0, 0x0,
    0x0, 0xd, 0xff, 0xe0, 0x0, 0x0, 0x0, 0x0,
    0x3f, 0xfe, 0xf4, 0x0, 0x0, 0x0, 0x0, 0x9f,
    0xa9, 0xfa, 0x0, 0x0, 0x0, 0x0, 0xef, 0x43,
    0xff, 0x0, 0x0, 0x0, 0x5, 0xfe, 0x0, 0xdf,
    0x50, 0x0, 0x0, 0xb, 0xf8, 0x0, 0x7f, 0xb0,
    0x0, 0x0, 0x1f, 0xf2, 0x0, 0x2f, 0xf1, 0x0,
    0x0, 0x7f, 0xd0, 0x0, 0xc, 0xf7, 0x0, 0x0,
    0xdf, 0x70, 0x0, 0x6, 0xfd, 0x0, 0x3, 0xff,
    0x10, 0x0, 0x1, 0xff, 0x30, 0x9, 0xfb, 0x0,
    0x0, 0x0, 0xaf, 0x90, 0xe, 0xff, 0xee, 0xee,
    0xee, 0xff, 0xf0, 0x5f, 0xff, 0xff, 0xff, 0xff,
    0xff, 0xf5,

    /* U+0395 "Ε" */
    0x6f, 0xff, 0xff, 0xff, 0xfc, 0x6f, 0xfe, 0xee,
    0xee, 0xeb, 0x6f, 0xd0, 0x0, 0x0, 0x0, 0x6f,
    0xd0, 0x0, 0x0, 0x0, 0x6f, 0xd0, 0x0, 0x0,
    0x0, 0x6f, 0xd0, 0x0, 0x0, 0x0, 0x6f, 0xff,
    0xff, 0xff, 0xf4, 0x6f, 0xfe, 0xee, 0xee, 0xe4,
    0x6f, 0xd0, 0x0, 0x0, 0x0, 0x6f, 0xd0, 0x0,
    0x0, 0x0, 0x6f, 0xd0, 0x0, 0x0, 0x0, 0x6f,
    0xd0, 0x0, 0x0, 0x0, 0x6f, 0xfe, 0xee, 0xee,
    0xec, 0x6f, 0xff, 0xff, 0xff, 0xfd,

    /* U+0396 "Ζ" */
    0xdf, 0xff, 0xff, 0xff, 0xff, 0x9c, 0xee, 0xee,
    0xee, 0xef, 0xf7, 0x0, 0x0, 0x0, 0x7, 0xfd,
    0x0, 0x0, 0x0, 0x4, 0xff, 0x20, 0x0, 0x0,
    0x1, 0xef, 0x60, 0x0, 0x0, 0x0, 0xbf, 0xb0,
    0x0, 0x0, 0x0, 0x7f, 0xe1, 0x0, 0x0, 0x0,
    0x3f, 0xf4, 0x0, 0x0, 0x0, 0xd, 0xf8, 0x0,
    0x0, 0x0, 0x9, 0xfc, 0x0, 0x0, 0x0, 0x5,
    0xff, 0x20, 0x0, 0x0, 0x1, 0xef, 0x40, 0x0,
    0x0, 0x0, 0xaf, 0xfe, 0xee, 0xee, 0xee, 0x9c,
    0xff, 0xff, 0xff, 0xff, 0xfa,

    /* U+0397 "Η" */
    0x6f, 0xd0, 0x0, 0x0, 0x0, 0xff, 0x46, 0xfd,
    0x0, 0x0, 0x0, 0xf, 0xf4, 0x6f, 0xd0, 0x0,
    0x0, 0x0, 0xff, 0x46, 0xfd, 0x0, 0x0, 0x0,
    0xf, 0xf4, 0x6f, 0xd0, 0x0, 0x0, 0x0, 0xff,
    0x46, 0xfd, 0x0, 0x0, 0x0, 0xf, 0xf4, 0x6f,
    0xff, 0xff, 0xff, 0xff, 0xff, 0x46, 0xff, 0xee,
    0xee, 0xee, 0xef, 0xf4, 0x6f, 0xd0, 0x0, 0x0,
    0x0, 0xff, 0x46, 0xfd, 0x0, 0x0, 0x0, 0xf,
    0xf4, 0x6f, 0xd0, 0x0, 0x0, 0x0, 0xff, 0x46,
    0xfd, 0x0, 0x0, 0x0, 0xf, 0xf4, 0x6f, 0xd0,
    0x0, 0x0, 0x0, 0xff, 0x46, 0xfd, 0x0, 0x0,
    0x0, 0xf, 0xf4,

    /* U+0398 "Θ" */
    0x0, 0x3, 0xad, 0xfe, 0xb5, 0x0, 0x0, 0x0,
    0x8f, 0xff, 0xff, 0xff, 0xc1, 0x0, 0x7, 0xff,
    0x93, 0x1, 0x6f, 0xfc, 0x0, 0x2f, 0xf7, 0x0,
    0x0, 0x2, 0xff, 0x70, 0x8f, 0xc0, 0x0, 0x0,
    0x0, 0x7f, 0xd0, 0xbf, 0x70, 0x0, 0x0, 0x0,
    0x2f, 0xf1, 0xdf, 0x53, 0xff, 0xff, 0xf9, 0xf,
    0xf2, 0xdf, 0x52, 0xbb, 0xbb, 0xb6, 0xf, 0xf2,
    0xbf, 0x70, 0x0, 0x0, 0x0, 0x2f, 0xf1, 0x8f,
    0xc0, 0x0, 0x0, 0x0, 0x7f, 0xd0, 0x2f, 0xf6,
    0x0, 0x0, 0x2, 0xff, 0x70, 0x8, 0xff, 0x93,
    0x1, 0x6e, 0xfc, 0x0, 0x0, 0x8f, 0xff, 0xff,
    0xff, 0xc1, 0x0, 0x0, 0x3, 0xad, 0xfe, 0xb6,
    0x0, 0x0,

    /* U+0399 "Ι" */
    0x6f, 0xd6, 0xfd, 0x6f, 0xd6, 0xfd, 0x6f, 0xd6,
    0xfd, 0x6f, 0xd6, 0xfd, 0x6f, 0xd6, 0xfd, 0x6f,
    0xd6, 0xfd, 0x6f, 0xd6, 0xfd,

    /* U+039A "Κ" */
    0x6f, 0xd0, 0x0, 0x0, 0x3f, 0xfa, 0x6, 0xfd,
    0x0, 0x0, 0x2e, 0xfb, 0x0, 0x6f, 0xd0, 0x0,
    0x2e, 0xfc, 0x0, 0x6, 0xfd, 0x0, 0x1d, 0xfc,
    0x0, 0x0, 0x6f, 0xd0, 0xd, 0xfd, 0x10, 0x0,
    0x6, 0xfd, 0xb, 0xfd, 0x10, 0x0, 0x0, 0x6f,
    0xd9, 0xff, 0xb0, 0x0, 0x0, 0x6, 0xff, 0xfd,
    0xff, 0x70, 0x0, 0x0, 0x6f, 0xfd, 0x16, 0xff,
    0x30, 0x0, 0x6, 0xfe, 0x10, 0xa, 0xfe, 0x10,
    0x0, 0x6f, 0xd0, 0x0, 0x1e, 0xfa, 0x0, 0x6,
    0xfd, 0x0, 0x0, 0x3f, 0xf6, 0x0, 0x6f, 0xd0,
    0x0, 0x0, 0x8f, 0xf2, 0x6, 0xfd, 0x0, 0x0,
    0x0, 0xcf, 0xd0,

    /* U+039B "Λ" */
    0x0, 0x0, 0x8, 0xff, 0x90, 0x0, 0x0, 0x0,
    0x0, 0xe, 0xff, 0xe0, 0x0, 0x0, 0x0, 0x0,
    0x4f, 0xcb, 0xf5, 0x0, 0x0, 0x0, 0x0, 0x9f,
    0x86, 0xfb, 0x0, 0x0, 0x0, 0x0, 0xff, 0x32,
    0xff, 0x10, 0x0, 0x0, 0x5, 0xfe, 0x0, 0xcf,
    0x70, 0x0, 0x0, 0xb, 0xf8, 0x0, 0x7f, 0xd0,
    0x0, 0x0, 0x1f, 0xf3, 0x0, 0x1f, 0xf3, 0x0,
    0x0, 0x7f, 0xd0, 0x0, 0xb, 0xf9, 0x0, 0x0,
    0xdf, 0x70, 0x0, 0x5, 0xff, 0x0, 0x3, 0xff,
    0x20, 0x0, 0x0, 0xff, 0x50, 0x9, 0xfc, 0x0,
    0x0, 0x0, 0xaf, 0xb0, 0xe, 0xf6, 0x0, 0x0,
    0x0, 0x4f, 0xf2, 0x5f, 0xf1, 0x0, 0x0, 0x0,
    0xe, 0xf7,

    /* U+039C "Μ" */
    0x6f, 0xff, 0x10, 0x0, 0x0, 0x0, 0xdf, 0xfa,
    0x6f, 0xff, 0x70, 0x0, 0x0, 0x3, 0xff, 0xfa,
    0x6f, 0xef, 0xd0, 0x0, 0x0, 0xa, 0xfe, 0xfa,
    0x6f, 0xbd, 0xf4, 0x0, 0x0, 0xf, 0xf9, 0xfa,
    0x6f, 0xc8, 0xfa, 0x0, 0x0, 0x6f, 0xb8, 0xfa,
    0x6f, 0xc3, 0xff, 0x10, 0x0, 0xcf, 0x68, 0xfa,
    0x6f, 0xc0, 0xdf, 0x70, 0x2, 0xff, 0x19, 0xfa,
    0x6f, 0xc0, 0x6f, 0xd0, 0x9, 0xfa, 0x9, 0xfa,
    0x6f, 0xc0, 0x1f, 0xf3, 0xe, 0xf4, 0x9, 0xfa,
    0x6f, 0xc0, 0xa, 0xf8, 0x4f, 0xd0, 0x9, 0xfa,
    0x6f, 0xc0, 0x3, 0xfd, 0x8f, 0x70, 0x9, 0xfa,
    0x6f, 0xc0, 0x0, 0xdf, 0xef, 0x10, 0x9, 0xfa,
    0x6f, 0xc0, 0x0, 0x6f, 0xfa, 0x0, 0x9, 0xfa,
    0x6f, 0xc0, 0x0, 0x1f, 0xf4, 0x0, 0x9, 0xfa,

    /* U+039D "Ν" */
    0x6f, 0xf8, 0x0, 0x0, 0x0, 0xbf, 0x86, 0xff,
    0xf3, 0x0, 0x0, 0xb, 0xf8, 0x6f, 0xff, 0xc0,
    0x0, 0x0, 0xbf, 0x86, 0xfb, 0xcf, 0x70, 0x0,
    0xb, 0xf8, 0x6f, 0xc3, 0xff, 0x20, 0x0, 0xbf,
    0x86, 0xfd, 0xa, 0xfc, 0x0, 0xb, 0xf8, 0x6f,
    0xd0, 0x1e, 0xf7, 0x0, 0xbf, 0x86, 0xfe, 0x0,
    0x5f, 0xf2, 0xb, 0xf8, 0x6f, 0xe0, 0x0, 0xaf,
    0xb0, 0xbf, 0x86, 0xfe, 0x0, 0x1, 0xef, 0x5b,
    0xf8, 0x6f, 0xe0, 0x0, 0x5, 0xfe, 0xaf, 0x86,
    0xfe, 0x0, 0x0, 0xb, 0xff, 0xf8, 0x6f, 0xe0,
    0x0, 0x0, 0x1f, 0xff, 0x86, 0xfe, 0x0, 0x0,
    0x0, 0x6f, 0xf8,

    /* U+039E "Ξ" */
    0xaf, 0xff, 0xff, 0xff, 0xff, 0xf0, 0x9e, 0xee,
    0xee, 0xee, 0xee, 0xe0, 0x0, 0x0, 0x0, 0x0,
    0x0, 0x0, 0x0, 0x0, 0x0, 0x0, 0x0, 0x0,
    0x0, 0x0, 0x0, 0x0, 0x0, 0x0, 0x0, 0x0,
    0x0, 0x0, 0x0, 0x0, 0xe, 0xff, 0xff, 0xff,
    0xff, 0x30, 0xc, 0xee, 0xee, 0xee, 0xee, 0x30,
    0x0, 0x0, 0x0, 0x0, 0x0, 0x0, 0x0, 0x0,
    0x0, 0x0, 0x0, 0x0, 0x0, 0x0, 0x0, 0x0,
    0x0, 0x0, 0x0, 0x0, 0x0, 0x0, 0x0, 0x0,
    0xae, 0xee, 0xee, 0xee, 0xee, 0xe0, 0xbf, 0xff,
    0xff, 0xff, 0xff, 0xf0,

    /* U+039F "Ο" */
    0x0, 0x3, 0xad, 0xfe, 0xb5, 0x0, 0x0, 0x0,
    0x8f, 0xff, 0xff, 0xff, 0xc1, 0x0, 0x7, 0xff,
    0x93, 0x1, 0x6f, 0xfc, 0x0, 0x2f, 0xf7, 0x0,
    0x0, 0x2, 0xff, 0x70, 0x8f, 0xc0, 0x0, 0x0,
    0x0, 0x7f, 0xd0, 0xbf, 0x70, 0x0, 0x0, 0x0,
    0x2f, 0xf1, 0xdf, 0x50, 0x0, 0x0, 0x0, 0xf,
    0xf2, 0xdf, 0x50, 0x0, 0x0, 0x0, 0xf, 0xf2,
    0xbf, 0x70, 0x0, 0x0, 0x0, 0x2f, 0xf1, 0x8f,
    0xc0, 0x0, 0x0, 0x0, 0x7f, 0xd0, 0x2f, 0xf6,
    0x0, 0x0, 0x2, 0xff, 0x70, 0x8, 0xff, 0x93,
    0x1, 0x6e, 0xfc, 0x0, 0x0, 0x8f, 0xff, 0xff,
    0xff, 0xc1, 0x0, 0x0, 0x3, 0xad, 0xfe, 0xb6,
    0x0, 0x0,

    /* U+03A0 "Π" */
    0x6f, 0xff, 0xff, 0xff, 0xff, 0xff, 0x46, 0xff,
    0xee, 0xee, 0xee, 0xef, 0xf4, 0x6f, 0xd0, 0x0,
    0x0, 0x0, 0xff, 0x46, 0xfd, 0x0, 0x0, 0x0,
    0xf, 0xf4, 0x6f, 0xd0, 0x0, 0x0, 0x0, 0xff,
    0x46, 0xfd, 0x0, 0x0, 0x0, 0xf, 0xf4, 0x6f,
    0xd0, 0x0, 0x0, 0x0, 0xff, 0x46, 0xfd, 0x0,
    0x0, 0x0, 0xf, 0xf4, 0x6f, 0xd0, 0x0, 0x0,
    0x0, 0xff, 0x46, 0xfd, 0x0, 0x0, 0x0, 0xf,
    0xf4, 0x6f, 0xd0, 0x0, 0x0, 0x0, 0xff, 0x46,
    0xfd, 0x0, 0x0, 0x0, 0xf, 0xf4, 0x6f, 0xd0,
    0x0, 0x0, 0x0, 0xff, 0x46, 0xfd, 0x0, 0x0,
    0x0, 0xf, 0xf4,

    /* U+03A1 "Ρ" */
    0x6f, 0xff, 0xff, 0xec, 0x60, 0x6, 0xff, 0xee,
    0xef, 0xff, 0xb0, 0x6f, 0xd0, 0x0, 0x6, 0xff,
    0x66, 0xfd, 0x0, 0x0, 0x9, 0xfb, 0x6f, 0xd0,
    0x0, 0x0, 0x6f, 0xd6, 0xfd, 0x0, 0x0, 0xa,
    0xfb, 0x6f, 0xd0, 0x0, 0x17, 0xff, 0x56, 0xff,
    0xff, 0xff, 0xff, 0xa0, 0x6f, 0xfe, 0xed, 0xda,
    0x50, 0x6, 0xfd, 0x0, 0x0, 0x0, 0x0, 0x6f,
    0xd0, 0x0, 0x0, 0x0, 0x6, 0xfd, 0x0, 0x0,
    0x0, 0x0, 0x6f, 0xd0, 0x0, 0x0, 0x0, 0x6,
    0xfd, 0x0, 0x0, 0x0, 0x0,

    /* U+03A3 "Σ" */
    0x7f, 0xff, 0xff, 0xff, 0xff, 0xf7, 0x6f, 0xfe,
    0xee, 0xee, 0xee, 0xe6, 0x9, 0xfd, 0x20, 0x0,
    0x0, 0x0, 0x0, 0x9f, 0xe3, 0x0, 0x0, 0x0,
    0x0, 0x9, 0xff, 0x30, 0x0, 0x0, 0x0, 0x0,
    0x8f, 0xf4, 0x0, 0x0, 0x0, 0x0, 0x6, 0xff,
    0x10, 0x0, 0x0, 0x0, 0x1c, 0xfc, 0x0, 0x0,
    0x0, 0x1, 0xdf, 0xc0, 0x0, 0x0, 0x0, 0x1d,
    0xfc, 0x0, 0x0, 0x0, 0x1, 0xdf, 0xb0, 0x0,
    0x0, 0x0, 0x1d, 0xf9, 0x0, 0x0, 0x0, 0x0,
    0xbf, 0xfe, 0xee, 0xee, 0xee, 0xe8, 0xcf, 0xff,
    0xff, 0xff, 0xff, 0xf9,

    /* U+03A4 "Τ" */
    0x2f, 0xff, 0xff, 0xff, 0xff, 0xff, 0x21, 0xee,
    0xee, 0xff, 0xfe, 0xee, 0xe2, 0x0, 0x0, 0x9,
    0xfa, 0x0, 0x0, 0x0, 0x0, 0x0, 0x9f, 0xa0,
    0x0, 0x0, 0x0, 0x0, 0x9, 0xfa, 0x0, 0x0,
    0x0, 0x0, 0x0, 0x9f, 0xa0, 0x0, 0x0, 0x0,
    0x0, 0x9, 0xfa, 0x0, 0x0, 0x0, 0x0, 0x0,
    0x9f, 0xa0, 0x0, 0x0, 0x0, 0x0, 0x9, 0xfa,
    0x0, 0x0, 0x0, 0x0, 0x0, 0x9f, 0xa0, 0x0,
    0x0, 0x0, 0x0, 0x9, 0xfa, 0x0, 0x0, 0x0,
    0x0, 0x0, 0x9f, 0xa0, 0x0, 0x0, 0x0, 0x0,
    0x9, 0xfa, 0x0, 0x0, 0x0, 0x0, 0x0, 0x9f,
    0xa0, 0x0, 0x0,

    /* U+03A5 "Υ" */
    0x3f, 0xf6, 0x0, 0x0, 0x0, 0x7f, 0xf2, 0x8,
    0xfe, 0x10, 0x0, 0x1, 0xff, 0x70, 0x0, 0xdf,
    0x90, 0x0, 0xa, 0xfd, 0x0, 0x0, 0x4f, 0xf3,
    0x0, 0x4f, 0xf3, 0x0, 0x0, 0xa, 0xfd, 0x0,
    0xdf, 0x90, 0x0, 0x0, 0x1, 0xef, 0x67, 0xfe,
    0x0, 0x0, 0x0, 0x0, 0x5f, 0xee, 0xf4, 0x0,
    0x0, 0x0, 0x0, 0xb, 0xff, 0xa0, 0x0, 0x0,
    0x0, 0x0, 0x3, 0xff, 0x20, 0x0, 0x0, 0x0,
    0x0, 0x2, 0xff, 0x10, 0x0, 0x0, 0x0, 0x0,
    0x2, 0xff, 0x10, 0x0, 0x0, 0x0, 0x0, 0x2,
    0xff, 0x10, 0x0, 0x0, 0x0, 0x0, 0x2, 0xff,
    0x10, 0x0, 0x0, 0x0, 0x0, 0x2, 0xff, 0x10,
    0x0, 0x0,

    /* U+03A6 "Φ" */
    0x0, 0x0, 0x0, 0x2c, 0xb0, 0x0, 0x0, 0x0,
    0x0, 0x1, 0x7b, 0xef, 0xfd, 0xb5, 0x0, 0x0,
    0x0, 0x5f, 0xff, 0xff, 0xff, 0xff, 0xd2, 0x0,
    0x5, 0xff, 0x92, 0x3f, 0xe0, 0x4c, 0xfe, 0x10,
    0x1f, 0xf7, 0x0, 0x3f, 0xe0, 0x0, 0xbf, 0xb0,
    0x7f, 0xd0, 0x0, 0x3f, 0xe0, 0x0, 0x2f, 0xf2,
    0xbf, 0x80, 0x0, 0x3f, 0xe0, 0x0, 0xd, 0xf6,
    0xdf, 0x60, 0x0, 0x3f, 0xe0, 0x0, 0xa, 0xf8,
    0xdf, 0x60, 0x0, 0x3f, 0xe0, 0x0, 0xa, 0xf8,
    0xbf, 0x80, 0x0, 0x3f, 0xe0, 0x0, 0xd, 0xf6,
    0x7f, 0xd0, 0x0, 0x3f, 0xe0, 0x0, 0x2f, 0xf2,
    0x1f, 0xf7, 0x0, 0x3f, 0xe0, 0x0, 0xbf, 0xb0,
    0x5, 0xff, 0x92, 0x3f, 0xe0, 0x4c, 0xfe, 0x10,
    0x0, 0x5f, 0xff, 0xff, 0xff, 0xff, 0xd2, 0x0,
    0x0, 0x1, 0x7c, 0xef, 0xfd, 0xb5, 0x0, 0x0,
    0x0, 0x0, 0x0, 0x3f, 0xe0, 0x0, 0x0, 0x0,

    /* U+03A7 "Χ" */
    0xb, 0xfd, 0x0, 0x0, 0x0, 0xbf, 0xc0, 0x1,
    0xef, 0x80, 0x0, 0x7, 0xff, 0x20, 0x0, 0x5f,
    0xf3, 0x0, 0x2f, 0xf5, 0x0, 0x0, 0x9, 0xfd,
    0x0, 0xdf, 0xa0, 0x0, 0x0, 0x0, 0xdf, 0x87,
    0xfe, 0x10, 0x0, 0x0, 0x0, 0x3f, 0xff, 0xf3,
    0x0, 0x0, 0x0, 0x0, 0x8, 0xff, 0x80, 0x0,
    0x0, 0x0, 0x0, 0xb, 0xff, 0xd0, 0x0, 0x0,
    0x0, 0x0, 0x7f, 0xdd, 0xf9, 0x0, 0x0, 0x0,
    0x3, 0xff, 0x44, 0xff, 0x40, 0x0, 0x0, 0xd,
    0xf9, 0x0, 0x9f, 0xe1, 0x0, 0x0, 0xaf, 0xd0,
    0x0, 0xd, 0xfb, 0x0, 0x6, 0xff, 0x30, 0x0,
    0x3, 0xff, 0x60, 0x2f, 0xf7, 0x0, 0x0, 0x0,
    0x7f, 0xf2,

    /* U+03A8 "Ψ" */
    0x6f, 0xc0, 0x0, 0x3f, 0xe0, 0x0, 0x1f, 0xf1,
    0x6f, 0xc0, 0x0, 0x3f, 0xe0, 0x0, 0x1f, 0xf1,
    0x6f, 0xc0, 0x0, 0x3f, 0xe0, 0x0, 0x1f, 0xf1,
    0x6f, 0xc0, 0x0, 0x3f, 0xe0, 0x0, 0x1f, 0xf1,
    0x5f, 0xd0, 0x0, 0x3f, 0xe0, 0x0, 0x2f, 0xf0,
    0x3f, 0xf0, 0x0, 0x3f, 0xe0, 0x0, 0x4f, 0xe0,
    0xe, 0xf5, 0x0, 0x3f, 0xe0, 0x0, 0xaf, 0xa0,
    0x8, 0xfe, 0x40, 0x3f, 0xe0, 0x7, 0xff, 0x30,
    0x0, 0xaf, 0xff, 0xef, 0xfe, 0xff, 0xf6, 0x0,
    0x0, 0x5, 0xbe, 0xff, 0xff, 0xd9, 0x20, 0x0,
    0x0, 0x0, 0x0, 0x3f, 0xe0, 0x0, 0x0, 0x0,
    0x0, 0x0, 0x0, 0x3f, 0xe0, 0x0, 0x0, 0x0,
    0x0, 0x0, 0x0, 0x3f, 0xe0, 0x0, 0x0, 0x0,
    0x0, 0x0, 0x0, 0x3f, 0xe0, 0x0, 0x0, 0x0,

    /* U+03A9 "Ω" */
    0x0, 0x3, 0xad, 0xfe, 0xc7, 0x0, 0x0, 0x0,
    0x9f, 0xff, 0xff, 0xff, 0xe3, 0x0, 0x9, 0xff,
    0x83, 0x1, 0x5d, 0xfe, 0x20, 0x3f, 0xf5, 0x0,
    0x0, 0x0, 0xdf, 0xb0, 0x9f, 0xc0, 0x0, 0x0,
    0x0, 0x4f, 0xf1, 0xcf, 0x70, 0x0, 0x0, 0x0,
    0xf, 0xf4, 0xdf, 0x60, 0x0, 0x0, 0x0, 0xe,
    0xf5, 0xbf, 0x80, 0x0, 0x0, 0x0, 0xf, 0xf3,
    0x7f, 0xc0, 0x0, 0x0, 0x0, 0x4f, 0xe0, 0x1e,
    0xf6, 0x0, 0x0, 0x1, 0xdf, 0x70, 0x3, 0xef,
    0x92, 0x0, 0x5d, 0xf9, 0x0, 0x0, 0x7, 0xf8,
    0x1, 0xfd, 0x20, 0x0, 0xce, 0xee, 0xf8, 0x1,
    0xff, 0xee, 0xe4, 0xdf, 0xff, 0xf8, 0x1, 0xff,
    0xff, 0xf5,

    /* U+03AA "Ϊ" */
    0x6, 0x20, 0x5, 0x30, 0x8f, 0xc0, 0x5f, 0xf0,
    0x4f, 0x80, 0x2e, 0xb0, 0x0, 0x0, 0x0, 0x0,
    0x0, 0x0, 0x0, 0x0, 0x0, 0x6f, 0xd0, 0x0,
    0x0, 0x6f, 0xd0, 0x0, 0x0, 0x6f, 0xd0, 0x0,
    0x0, 0x6f, 0xd0, 0x0, 0x0, 0x6f, 0xd0, 0x0,
    0x0, 0x6f, 0xd0, 0x0, 0x0, 0x6f, 0xd0, 0x0,
    0x0, 0x6f, 0xd0, 0x0, 0x0, 0x6f, 0xd0, 0x0,
    0x0, 0x6f, 0xd0, 0x0, 0x0, 0x6f, 0xd0, 0x0,
    0x0, 0x6f, 0xd0, 0x0, 0x0, 0x6f, 0xd0, 0x0,
    0x0, 0x6f, 0xd0, 0x0,

    /* U+03AB "Ϋ" */
    0x0, 0x0, 0x53, 0x0, 0x45, 0x0, 0x0, 0x0,
    0x4, 0xff, 0x2, 0xff, 0x30, 0x0, 0x0, 0x2,
    0xec, 0x0, 0xcd, 0x10, 0x0, 0x0, 0x0, 0x0,
    0x0, 0x0, 0x0, 0x0, 0x0, 0x0, 0x0, 0x0,
    0x0, 0x0, 0x0, 0x3f, 0xf6, 0x0, 0x0, 0x0,
    0x7f, 0xf2, 0x8, 0xfe, 0x10, 0x0, 0x1, 0xff,
    0x70, 0x0, 0xdf, 0x90, 0x0, 0xa, 0xfd, 0x0,
    0x0, 0x4f, 0xf3, 0x0, 0x4f, 0xf3, 0x0, 0x0,
    0xa, 0xfd, 0x0, 0xdf, 0x90, 0x0, 0x0, 0x1,
    0xef, 0x67, 0xfe, 0x0, 0x0, 0x0, 0x0, 0x5f,
    0xee, 0xf4, 0x0, 0x0, 0x0, 0x0, 0xb, 0xff,
    0xa0, 0x0, 0x0, 0x0, 0x0, 0x3, 0xff, 0x20,
    0x0, 0x0, 0x0, 0x0, 0x2, 0xff, 0x10, 0x0,
    0x0, 0x0, 0x0, 0x2, 0xff, 0x10, 0x0, 0x0,
    0x0, 0x0, 0x2, 0xff, 0x10, 0x0, 0x0, 0x0,
    0x0, 0x2, 0xff, 0x10, 0x0, 0x0, 0x0, 0x0,
    0x2, 0xff, 0x10, 0x0, 0x0,

    /* U+03AC "ά" */
    0x0, 0x0, 0x5, 0xfa, 0x0, 0x0, 0x0, 0x0,
    0x0, 0x7f, 0x40, 0x0, 0x0, 0x0, 0x0, 0x8,
    0xd0, 0x0, 0x0, 0x0, 0x0, 0x0, 0x0, 0x0,
    0x0, 0x0, 0x0, 0x5, 0xcf, 0xeb, 0x20, 0x8f,
    0x70, 0x9, 0xff, 0xfe, 0xfe, 0x2b, 0xf3, 0x5,
    0xff, 0x50, 0x4, 0xf9, 0xee, 0x0, 0xbf, 0x90,
    0x0, 0x5, 0xff, 0xa0, 0xf, 0xf4, 0x0, 0x0,
    0xd, 0xf6, 0x0, 0xff, 0x20, 0x0, 0x0, 0x9f,
    0x30, 0xf, 0xf4, 0x0, 0x0, 0xd, 0xf7, 0x0,
    0xbf, 0x80, 0x0, 0x5, 0xff, 0xb0, 0x5, 0xff,
    0x50, 0x5, 0xf9, 0xdf, 0x0, 0x9, 0xff, 0xfe,
    0xfe, 0x19, 0xf5, 0x0, 0x6, 0xcf, 0xea, 0x20,
    0x6f, 0x90,

    /* U+03AD "έ" */
    0x0, 0x0, 0xd, 0xf2, 0x0, 0x0, 0x0, 0xf,
    0xc0, 0x0, 0x0, 0x0, 0x1e, 0x60, 0x0, 0x0,
    0x0, 0x0, 0x0, 0x0, 0x0, 0x3b, 0xef, 0xea,
    0x30, 0x4, 0xff, 0xec, 0xef, 0xf3, 0xc, 0xf9,
    0x0, 0x9, 0xf8, 0xc, 0xf6, 0x0, 0x0, 0x0,
    0x4, 0xff, 0xb9, 0x70, 0x0, 0x0, 0x7f, 0xff,
    0xd0, 0x0, 0x9, 0xfb, 0x20, 0x0, 0x0, 0xf,
    0xf3, 0x0, 0x1, 0x52, 0xe, 0xf8, 0x0, 0x8,
    0xfb, 0x6, 0xff, 0xec, 0xdf, 0xf3, 0x0, 0x4b,
    0xef, 0xea, 0x30,

    /* U+03AE "ή" */
    0x0, 0x0, 0x4f, 0xb0, 0x0, 0x0, 0x0, 0x6f,
    0x50, 0x0, 0x0, 0x0, 0x7d, 0x0, 0x0, 0x0,
    0x0, 0x0, 0x0, 0x0, 0x8f, 0x83, 0xbf, 0xea,
    0x10, 0x8f, 0xaf, 0xdc, 0xff, 0xd0, 0x8f, 0xf6,
    0x0, 0x3f, 0xf5, 0x8f, 0xc0, 0x0, 0xa, 0xf8,
    0x8f, 0x90, 0x0, 0x9, 0xf9, 0x8f, 0x90, 0x0,
    0x9, 0xf9, 0x8f, 0x90, 0x0, 0x9, 0xf9, 0x8f,
    0x90, 0x0, 0x9, 0xf9, 0x8f, 0x90, 0x0, 0x9,
    0xf9, 0x8f, 0x90, 0x0, 0x9, 0xf9, 0x8f, 0x90,
    0x0, 0x9, 0xf9, 0x0, 0x0, 0x0, 0x9, 0xf9,
    0x0, 0x0, 0x0, 0x9, 0xf9, 0x0, 0x0, 0x0,
    0x9, 0xf9, 0x0, 0x0, 0x0, 0x9, 0xf9,

    /* U+03AF "ί" */
    0xe, 0xf1, 0x0, 0xfb, 0x0, 0x1e, 0x50, 0x0,
    0x0, 0x0, 0x8f, 0x90, 0x8, 0xf9, 0x0, 0x8f,
    0x90, 0x8, 0xf9, 0x0, 0x8f, 0x90, 0x8, 0xf9,
    0x0, 0x8f, 0x90, 0x8, 0xf9, 0x0, 0x8f, 0xa0,
    0x5, 0xff, 0xd3, 0x8, 0xef, 0x50,

    /* U+03B0 "ΰ" */
    0x0, 0x0, 0x6e, 0x80, 0x0, 0x0, 0x0, 0x9f,
    0x30, 0x0, 0x0, 0x0, 0xbd, 0x0, 0x0, 0x0,
    0x0, 0x0, 0x0, 0x0, 0xd, 0xd1, 0x0, 0xd,
    0xd0, 0x2f, 0xf2, 0x0, 0x2f, 0xf2, 0x4, 0x40,
    0x0, 0x4, 0x40, 0x8f, 0x90, 0x0, 0x9, 0xf9,
    0x8f, 0x90, 0x0, 0x9, 0xf9, 0x8f, 0x90, 0x0,
    0x9, 0xf9, 0x8f, 0x90, 0x0, 0x9, 0xf9, 0x8f,
    0x90, 0x0, 0x9, 0xf9, 0x8f, 0x90, 0x0, 0x9,
    0xf9, 0x8f, 0x90, 0x0, 0x9, 0xf9, 0x7f, 0xb0,
    0x0, 0xb, 0xf8, 0x3f, 0xf5, 0x0, 0x5f, 0xf4,
    0xa, 0xff, 0xff, 0xff, 0xb0, 0x0, 0x7d, 0xff,
    0xd7, 0x0,

    /* U+03B1 "α" */
    0x0, 0x5, 0xcf, 0xeb, 0x20, 0x8f, 0x70, 0x9,
    0xff, 0xfe, 0xfe, 0x2b, 0xf3, 0x5, 0xff, 0x50,
    0x4, 0xf9, 0xee, 0x0, 0xbf, 0x90, 0x0, 0x5,
    0xff, 0xa0, 0xf, 0xf4, 0x0, 0x0, 0xd, 0xf6,
    0x0, 0xff, 0x20, 0x0, 0x0, 0x9f, 0x30, 0xf,
    0xf4, 0x0, 0x0, 0xd, 0xf7, 0x0, 0xbf, 0x80,
    0x0, 0x5, 0xff, 0xb0, 0x5, 0xff, 0x50, 0x5,
    0xf9, 0xdf, 0x0, 0x9, 0xff, 0xfe, 0xfe, 0x19,
    0xf5, 0x0, 0x6, 0xcf, 0xea, 0x20, 0x6f, 0x90,

    /* U+03B2 "β" */
    0x0, 0x6c, 0xff, 0xc6, 0x0, 0xa, 0xff, 0xff,
    0xff, 0xa0, 0x3f, 0xf5, 0x0, 0x5f, 0xf3, 0x7f,
    0xa0, 0x0, 0xc, 0xf5, 0x8f, 0x90, 0x0, 0x2f,
    0xf2, 0x8f, 0x90, 0x8c, 0xfc, 0x40, 0x8f, 0x90,
    0xcf, 0xfc, 0x40, 0x8f, 0x90, 0x0, 0x3e, 0xf4,
    0x8f, 0x90, 0x0, 0x5, 0xfc, 0x8f, 0x90, 0x0,
    0x2, 0xff, 0x8f, 0xb0, 0x0, 0x5, 0xfe, 0x8f,
    0xf6, 0x0, 0x3e, 0xf9, 0x8f, 0xcf, 0xff, 0xff,
    0xd1, 0x8f, 0x95, 0xdf, 0xe9, 0x10, 0x8f, 0x90,
    0x0, 0x0, 0x0, 0x8f, 0x90, 0x0, 0x0, 0x0,
    0x8f, 0x90, 0x0, 0x0, 0x0, 0x8f, 0x90, 0x0,
    0x0, 0x0,

    /* U+03B3 "γ" */
    0x5f, 0xe0, 0x0, 0x0, 0x7f, 0xd0, 0xf, 0xf4,
    0x0, 0x0, 0xcf, 0x70, 0x9, 0xfa, 0x0, 0x2,
    0xff, 0x10, 0x3, 0xff, 0x0, 0x7, 0xfb, 0x0,
    0x0, 0xdf, 0x50, 0xd, 0xf5, 0x0, 0x0, 0x7f,
    0xb0, 0x2f, 0xe0, 0x0, 0x0, 0x1f, 0xf0, 0x8f,
    0x90, 0x0, 0x0, 0xb, 0xf5, 0xdf, 0x30, 0x0,
    0x0, 0x5, 0xfb, 0xfd, 0x0, 0x0, 0x0, 0x0,
    0xef, 0xf7, 0x0, 0x0, 0x0, 0x0, 0x9f, 0xf1,
    0x0, 0x0, 0x0, 0x0, 0x5f, 0xd0, 0x0, 0x0,
    0x0, 0x0, 0x5f, 0xd0, 0x0, 0x0, 0x0, 0x0,
    0x5f, 0xd0, 0x0, 0x0, 0x0, 0x0, 0x5f, 0xd0,
    0x0, 0x0,

    /* U+03B4 "δ" */
    0x0, 0x5, 0xad, 0xff, 0xf5, 0x0, 0x7, 0xff,
    0xfd, 0xdd, 0x40, 0x0, 0x8f, 0xb0, 0x0, 0x0,
    0x0, 0x0, 0x79, 0x10, 0x0, 0x0, 0x0, 0x2a,
    0xef, 0xc7, 0x10, 0x0, 0x1e, 0xfa, 0x45, 0xcf,
    0x40, 0xa, 0xfb, 0x0, 0x0, 0xdf, 0x20, 0xef,
    0x40, 0x0, 0x7, 0xf9, 0xf, 0xf2, 0x0, 0x0,
    0x5f, 0xd0, 0xff, 0x30, 0x0, 0x6, 0xfd, 0xd,
    0xf6, 0x0, 0x0, 0x9f, 0xb0, 0x7f, 0xe3, 0x0,
    0x5f, 0xf5, 0x0, 0xbf, 0xfe, 0xef, 0xfa, 0x0,
    0x0, 0x7c, 0xff, 0xc6, 0x0,

    /* U+03B5 "ε" */
    0x0, 0x3b, 0xef, 0xea, 0x30, 0x4, 0xff, 0xec,
    0xef, 0xf3, 0xc, 0xf9, 0x0, 0x9, 0xf8, 0xc,
    0xf6, 0x0, 0x0, 0x0, 0x4, 0xff, 0xb9, 0x70,
    0x0, 0x0, 0x7f, 0xff, 0xd0, 0x0, 0x9, 0xfb,
    0x20, 0x0, 0x0, 0xf, 0xf3, 0x0, 0x1, 0x52,
    0xe, 0xf8, 0x0, 0x8, 0xfb, 0x6, 0xff, 0xec,
    0xdf, 0xf3, 0x0, 0x4b, 0xef, 0xea, 0x30,

    /* U+03B6 "ζ" */
    0x9, 0xff, 0xff, 0xff, 0xf4, 0x7, 0xcc, 0xcc,
    0xcf, 0xf3, 0x0, 0x0, 0x0, 0xbf, 0x70, 0x0,
    0x0, 0xb, 0xfa, 0x0, 0x0, 0x0, 0x9f, 0xc0,
    0x0, 0x0, 0x6, 0xfe, 0x10, 0x0, 0x0, 0x4f,
    0xf2, 0x0, 0x0, 0x1, 0xef, 0x40, 0x0, 0x0,
    0xa, 0xf9, 0x0, 0x0, 0x0, 0xf, 0xf2, 0x0,
    0x0, 0x0, 0xf, 0xf2, 0x0, 0x0, 0x0, 0xd,
    0xfa, 0x0, 0x0, 0x0, 0x5, 0xff, 0xfd, 0xca,
    0x30, 0x0, 0x2a, 0xdf, 0xff, 0xf2, 0x0, 0x0,
    0x0, 0xa, 0xf6, 0x0, 0x0, 0x0, 0x7, 0xf7,
    0x0, 0x0, 0x0, 0x7, 0xf7,

    /* U+03B7 "η" */
    0x8f, 0x83, 0xbf, 0xea, 0x10, 0x8f, 0xaf, 0xdc,
    0xff, 0xd0, 0x8f, 0xf6, 0x0, 0x3f, 0xf5, 0x8f,
    0xc0, 0x0, 0xa, 0xf8, 0x8f, 0x90, 0x0, 0x9,
    0xf9, 0x8f, 0x90, 0x0, 0x9, 0xf9, 0x8f, 0x90,
    0x0, 0x9, 0xf9, 0x8f, 0x90, 0x0, 0x9, 0xf9,
    0x8f, 0x90, 0x0, 0x9, 0xf9, 0x8f, 0x90, 0x0,
    0x9, 0xf9, 0x8f, 0x90, 0x0, 0x9, 0xf9, 0x0,
    0x0, 0x0, 0x9, 0xf9, 0x0, 0x0, 0x0, 0x9,
    0xf9, 0x0, 0x0, 0x0, 0x9, 0xf9, 0x0, 0x0,
    0x0, 0x9, 0xf9,

    /* U+03B8 "θ" */
    0x0, 0x2a, 0xef, 0xc6, 0x0, 0x0, 0x3f, 0xfe,
    0xdf, 0xfa, 0x0, 0xe, 0xf7, 0x0, 0x2d, 0xf6,
    0x6, 0xfc, 0x0, 0x0, 0x4f, 0xd0, 0xaf, 0x60,
    0x0, 0x0, 0xff, 0x2c, 0xf4, 0x0, 0x0, 0xd,
    0xf4, 0xdf, 0xff, 0xff, 0xff, 0xff, 0x5d, 0xfb,
    0xaa, 0xaa, 0xae, 0xf5, 0xcf, 0x40, 0x0, 0x0,
    0xdf, 0x4a, 0xf6, 0x0, 0x0, 0xf, 0xf2, 0x6f,
    0xc0, 0x0, 0x4, 0xfd, 0x0, 0xef, 0x70, 0x2,
    0xef, 0x60, 0x3, 0xff, 0xed, 0xff, 0xa0, 0x0,
    0x2, 0xae, 0xfc, 0x60, 0x0,

    /* U+03B9 "ι" */
    0x8f, 0x90, 0x8, 0xf9, 0x0, 0x8f, 0x90, 0x8,
    0xf9, 0x0, 0x8f, 0x90, 0x8, 0xf9, 0x0, 0x8f,
    0x90, 0x8, 0xf9, 0x0, 0x8f, 0xa0, 0x5, 0xff,
    0xd3, 0x8, 0xef, 0x50,

    /* U+03BA "κ" */
    0x8f, 0x90, 0x0, 0x4f, 0xf5, 0x8f, 0x90, 0x1,
    0xef, 0x80, 0x8f, 0x90, 0xb, 0xfb, 0x0, 0x8f,
    0x90, 0x6f, 0xe1, 0x0, 0x8f, 0x92, 0xff, 0x30,
    0x0, 0x8f, 0xff, 0xf7, 0x0, 0x0, 0x8f, 0xcb,
    0xfc, 0x0, 0x0, 0x8f, 0x90, 0xcf, 0xa0, 0x0,
    0x8f, 0x90, 0x1e, 0xf8, 0x0, 0x8f, 0x90, 0x3,
    0xff, 0x50, 0x8f, 0x90, 0x0, 0x6f, 0xf3,

    /* U+03BB "λ" */
    0x6, 0xfe, 0xa1, 0x0, 0x0, 0x0, 0x0, 0x2c,
    0xdf, 0xd0, 0x0, 0x0, 0x0, 0x0, 0x0, 0xdf,
    0x60, 0x0, 0x0, 0x0, 0x0, 0x7, 0xfd, 0x0,
    0x0, 0x0, 0x0, 0x0, 0xcf, 0xf4, 0x0, 0x0,
    0x0, 0x0, 0x2f, 0xef, 0xa0, 0x0, 0x0, 0x0,
    0x8, 0xf6, 0xef, 0x10, 0x0, 0x0, 0x0, 0xef,
    0x19, 0xf7, 0x0, 0x0, 0x0, 0x5f, 0xc0, 0x3f,
    0xe0, 0x0, 0x0, 0xc, 0xf6, 0x0, 0xdf, 0x40,
    0x0, 0x2, 0xff, 0x10, 0x6, 0xfb, 0x0, 0x0,
    0x8f, 0xa0, 0x0, 0xf, 0xf3, 0x0, 0xe, 0xf5,
    0x0, 0x0, 0x7f, 0xfc, 0x65, 0xfe, 0x0, 0x0,
    0x0, 0x7d, 0xfb,

    /* U+03BC "μ" */
    0x8f, 0x90, 0x0, 0x8, 0xf9, 0x8, 0xf9, 0x0,
    0x0, 0x8f, 0x90, 0x8f, 0x90, 0x0, 0x8, 0xf9,
    0x8, 0xf9, 0x0, 0x0, 0x8f, 0x90, 0x8f, 0x90,
    0x0, 0x8, 0xf9, 0x8, 0xf9, 0x0, 0x0, 0x8f,
    0x90, 0x8f, 0x90, 0x0, 0x8, 0xf9, 0x8, 0xfb,
    0x0, 0x0, 0xaf, 0x90, 0x8f, 0xf3, 0x0, 0x2f,
    0xf9, 0x8, 0xfe, 0xfb, 0xbf, 0xcf, 0xf9, 0x8f,
    0x98, 0xee, 0x90, 0x8e, 0xe8, 0xf9, 0x0, 0x0,
    0x0, 0x0, 0x8f, 0x90, 0x0, 0x0, 0x0, 0x8,
    0xf9, 0x0, 0x0, 0x0, 0x0, 0x8f, 0x90, 0x0,
    0x0, 0x0, 0x0,

    /* U+03BD "ν" */
    0x8e, 0xa0, 0x0, 0x0, 0xf, 0xf4, 0x6f, 0xf9,
    0x0, 0x0, 0x5f, 0xe0, 0x3, 0xff, 0x0, 0x0,
    0xbf, 0x80, 0x0, 0xdf, 0x60, 0x1, 0xff, 0x20,
    0x0, 0x7f, 0xb0, 0x6, 0xfc, 0x0, 0x0, 0x1f,
    0xf1, 0xb, 0xf6, 0x0, 0x0, 0xb, 0xf6, 0x1f,
    0xf1, 0x0, 0x0, 0x5, 0xfb, 0x5f, 0xa0, 0x0,
    0x0, 0x0, 0xef, 0xaf, 0x40, 0x0, 0x0, 0x0,
    0x9f, 0xfe, 0x0, 0x0, 0x0, 0x0, 0x3f, 0xf8,
    0x0, 0x0,

    /* U+03BE "ξ" */
    0x6f, 0xff, 0xff, 0xff, 0xa4, 0xab, 0xef, 0xcb,
    0xa6, 0x6, 0xe8, 0x0, 0x0, 0x2, 0xfe, 0x0,
    0x0, 0x0, 0x4f, 0xe0, 0x0, 0x0, 0x0, 0xef,
    0xa2, 0x0, 0x0, 0x1, 0x8c, 0xff, 0xff, 0x0,
    0x5c, 0xfe, 0xcc, 0xb0, 0x6f, 0xc2, 0x0, 0x0,
    0xd, 0xf3, 0x0, 0x0, 0x0, 0xff, 0x30, 0x0,
    0x0, 0xc, 0xfc, 0x10, 0x0, 0x0, 0x3f, 0xff,
    0xdc, 0xb7, 0x0, 0x29, 0xdf, 0xff, 0xf9, 0x0,
    0x0, 0x0, 0x2f, 0xe0, 0x0, 0x0, 0x0, 0xff,
    0x0, 0x0, 0x0, 0xf, 0xf0,

    /* U+03BF "ο" */
    0x0, 0x5, 0xce, 0xfc, 0x60, 0x0, 0x0, 0x9f,
    0xfe, 0xef, 0xfa, 0x0, 0x5, 0xff, 0x50, 0x4,
    0xff, 0x60, 0xb, 0xf8, 0x0, 0x0, 0x7f, 0xd0,
    0xf, 0xf3, 0x0, 0x0, 0x2f, 0xf0, 0xf, 0xf2,
    0x0, 0x0, 0xf, 0xf1, 0xf, 0xf3, 0x0, 0x0,
    0x2f, 0xf0, 0xc, 0xf8, 0x0, 0x0, 0x7f, 0xd0,
    0x5, 0xff, 0x40, 0x3, 0xff, 0x60, 0x0, 0x9f,
    0xfd, 0xdf, 0xfa, 0x0, 0x0, 0x5, 0xcf, 0xfc,
    0x60, 0x0,

    /* U+03C0 "π" */
    0xaf, 0xff, 0xff, 0xff, 0xff, 0xfe, 0x7b, 0xff,
    0xcb, 0xbc, 0xff, 0xba, 0x0, 0xef, 0x30, 0x1,
    0xff, 0x0, 0x0, 0xef, 0x30, 0x1, 0xff, 0x0,
    0x0, 0xef, 0x30, 0x1, 0xff, 0x0, 0x0, 0xef,
    0x30, 0x1, 0xff, 0x0, 0x0, 0xef, 0x30, 0x1,
    0xff, 0x0, 0x0, 0xef, 0x30, 0x1, 0xff, 0x0,
    0x0, 0xef, 0x30, 0x1, 0xff, 0x10, 0x0, 0xef,
    0x30, 0x0, 0xef, 0xe8, 0x0, 0xef, 0x30, 0x0,
    0x3d, 0xfc,

    /* U+03C1 "ρ" */
    0x0, 0x29, 0xef, 0xd8, 0x10, 0x0, 0x2e, 0xff,
    0xdf, 0xfe, 0x20, 0xc, 0xfa, 0x0, 0x1c, 0xfb,
    0x3, 0xfe, 0x0, 0x0, 0x2f, 0xf1, 0x7f, 0xa0,
    0x0, 0x0, 0xdf, 0x58, 0xf9, 0x0, 0x0, 0xc,
    0xf6, 0x8f, 0xa0, 0x0, 0x0, 0xef, 0x58, 0xff,
    0x0, 0x0, 0x2f, 0xf2, 0x8f, 0xfa, 0x0, 0x1c,
    0xfc, 0x8, 0xfa, 0xef, 0xdf, 0xfe, 0x20, 0x8f,
    0x92, 0xbf, 0xea, 0x20, 0x8, 0xf9, 0x0, 0x0,
    0x0, 0x0, 0x8f, 0x90, 0x0, 0x0, 0x0, 0x8,
    0xf9, 0x0, 0x0, 0x0, 0x0, 0x8f, 0x90, 0x0,
    0x0, 0x0, 0x0,

    /* U+03C2 "ς" */
    0x0, 0x5, 0xce, 0xec, 0x60, 0x0, 0x8, 0xff,
    0xee, 0xff, 0x90, 0x4, 0xff, 0x50, 0x4, 0xff,
    0x40, 0xbf, 0x80, 0x0, 0x6, 0x72, 0xf, 0xf3,
    0x0, 0x0, 0x0, 0x0, 0xff, 0x20, 0x0, 0x0,
    0x0, 0xf, 0xf3, 0x0, 0x0, 0x0, 0x0, 0xcf,
    0x80, 0x0, 0x0, 0x0, 0x6, 0xff, 0x30, 0x0,
    0x0, 0x0, 0xa, 0xff, 0xdc, 0xb6, 0x0, 0x0,
    0x6, 0xcf, 0xff, 0xfa, 0x0, 0x0, 0x0, 0x0,
    0x2e, 0xf1, 0x0, 0x0, 0x0, 0x0, 0xbf, 0x30,
    0x0, 0x0, 0x0, 0xb, 0xf4,

    /* U+03C3 "σ" */
    0x0, 0x5, 0xcf, 0xff, 0xff, 0xff, 0x40, 0x9,
    0xff, 0xdc, 0xff, 0xbb, 0xb3, 0x5, 0xff, 0x30,
    0x2, 0xeb, 0x0, 0x0, 0xcf, 0x70, 0x0, 0x6,
    0xf8, 0x0, 0xf, 0xf3, 0x0, 0x0, 0x2f, 0xf0,
    0x0, 0xff, 0x20, 0x0, 0x0, 0xff, 0x10, 0xf,
    0xf3, 0x0, 0x0, 0x2f, 0xf0, 0x0, 0xbf, 0x80,
    0x0, 0x7, 0xfd, 0x0, 0x5, 0xff, 0x40, 0x4,
    0xff, 0x70, 0x0, 0x9, 0xff, 0xed, 0xff, 0xb0,
    0x0, 0x0, 0x5, 0xcf, 0xfc, 0x60, 0x0, 0x0,

    /* U+03C4 "τ" */
    0xcf, 0xff, 0xff, 0xff, 0xf6, 0xad, 0xdd, 0xff,
    0xdd, 0xd5, 0x0, 0x4, 0xfe, 0x0, 0x0, 0x0,
    0x4, 0xfe, 0x0, 0x0, 0x0, 0x4, 0xfe, 0x0,
    0x0, 0x0, 0x4, 0xfe, 0x0, 0x0, 0x0, 0x4,
    0xfe, 0x0, 0x0, 0x0, 0x4, 0xfe, 0x0, 0x0,
    0x0, 0x3, 0xff, 0x0, 0x0, 0x0, 0x0, 0xef,
    0xed, 0x10, 0x0, 0x0, 0x3b, 0xfe, 0x30,

    /* U+03C5 "υ" */
    0x8f, 0x90, 0x0, 0x9, 0xf9, 0x8f, 0x90, 0x0,
    0x9, 0xf9, 0x8f, 0x90, 0x0, 0x9, 0xf9, 0x8f,
    0x90, 0x0, 0x9, 0xf9, 0x8f, 0x90, 0x0, 0x9,
    0xf9, 0x8f, 0x90, 0x0, 0x9, 0xf9, 0x8f, 0x90,
    0x0, 0x9, 0xf9, 0x7f, 0xb0, 0x0, 0xb, 0xf8,
    0x3f, 0xf5, 0x0, 0x5f, 0xf4, 0xa, 0xff, 0xff,
    0xff, 0xb0, 0x0, 0x7d, 0xff, 0xd7, 0x0,

    /* U+03C6 "φ" */
    0x0, 0x7, 0x70, 0x4, 0xdf, 0xd7, 0x0, 0x0,
    0xaf, 0xe0, 0x2f, 0xfe, 0xff, 0xb0, 0x5, 0xfe,
    0x20, 0x8f, 0xb0, 0x1e, 0xf5, 0xb, 0xf6, 0x0,
    0xaf, 0x70, 0x6, 0xfb, 0xf, 0xf2, 0x0, 0xaf,
    0x70, 0x3, 0xfe, 0xf, 0xf1, 0x0, 0xaf, 0x70,
    0x2, 0xff, 0xf, 0xf3, 0x0, 0xaf, 0x70, 0x4,
    0xfd, 0xb, 0xf8, 0x0, 0xaf, 0x70, 0xa, 0xf9,
    0x4, 0xff, 0x60, 0xaf, 0x70, 0x8f, 0xf2, 0x0,
    0x8f, 0xff, 0xef, 0xef, 0xff, 0x50, 0x0, 0x4,
    0xbe, 0xff, 0xfe, 0x92, 0x0, 0x0, 0x0, 0x0,
    0xaf, 0x70, 0x0, 0x0, 0x0, 0x0, 0x0, 0xaf,
    0x70, 0x0, 0x0, 0x0, 0x0, 0x0, 0xaf, 0x70,
    0x0, 0x0, 0x0, 0x0, 0x0, 0xaf, 0x70, 0x0,
    0x0,

    /* U+03C7 "χ" */
    0xcf, 0xa0, 0x0, 0x0, 0x8f, 0xa0, 0xaf, 0xfa,
    0x0, 0x1, 0xff, 0x20, 0x1, 0xef, 0x30, 0x9,
    0xf9, 0x0, 0x0, 0x7f, 0xc0, 0x2f, 0xf1, 0x0,
    0x0, 0xe, 0xf4, 0xaf, 0x80, 0x0, 0x0, 0x6,
    0xfd, 0xfe, 0x10, 0x0, 0x0, 0x0, 0xdf, 0xf7,
    0x0, 0x0, 0x0, 0x0, 0x7f, 0xf0, 0x0, 0x0,
    0x0, 0x0, 0xdf, 0xf6, 0x0, 0x0, 0x0, 0x7,
    0xfe, 0xfe, 0x0, 0x0, 0x0, 0xe, 0xf3, 0xbf,
    0x70, 0x0, 0x0, 0x8f, 0xb0, 0x3f, 0xe0, 0x0,
    0x1, 0xff, 0x30, 0xb, 0xf8, 0x0, 0x9, 0xfa,
    0x0, 0x2, 0xff, 0xd4, 0x2f, 0xf2, 0x0, 0x0,
    0x5d, 0xf5,

    /* U+03C8 "ψ" */
    0x0, 0x0, 0x0, 0x88, 0x0, 0x0, 0x0, 0x0,
    0x0, 0x1, 0xff, 0x0, 0x0, 0x0, 0x0, 0x0,
    0x1, 0xff, 0x0, 0x0, 0x0, 0x8f, 0x90, 0x1,
    0xff, 0x0, 0xa, 0xf7, 0x8f, 0x90, 0x1, 0xff,
    0x0, 0xa, 0xf7, 0x8f, 0x90, 0x1, 0xff, 0x0,
    0xa, 0xf7, 0x8f, 0x90, 0x1, 0xff, 0x0, 0xa,
    0xf7, 0x8f, 0x90, 0x1, 0xff, 0x0, 0xa, 0xf7,
    0x8f, 0x90, 0x1, 0xff, 0x0, 0xb, 0xf7, 0x7f,
    0xb0, 0x1, 0xff, 0x0, 0xc, 0xf5, 0x3f, 0xe0,
    0x1, 0xff, 0x0, 0x1f, 0xf2, 0xd, 0xfb, 0x11,
    0xff, 0x2, 0xcf, 0xb0, 0x3, 0xef, 0xfe, 0xff,
    0xef, 0xfe, 0x20, 0x0, 0x19, 0xdf, 0xff, 0xfd,
    0x81, 0x0, 0x0, 0x0, 0x1, 0xff, 0x0, 0x0,
    0x0, 0x0, 0x0, 0x1, 0xff, 0x0, 0x0, 0x0,
    0x0, 0x0, 0x1, 0xff, 0x0, 0x0, 0x0, 0x0,
    0x0, 0x1, 0xff, 0x0, 0x0, 0x0,

    /* U+03C9 "ω" */
    0x0, 0x2f, 0xf3, 0x0, 0x0, 0x1e, 0xf6, 0x0,
    0x0, 0xdf, 0x70, 0x0, 0x0, 0x3, 0xff, 0x20,
    0x5, 0xfe, 0x0, 0x0, 0x0, 0x0, 0xaf, 0xa0,
    0xb, 0xf7, 0x0, 0x2, 0x20, 0x0, 0x3f, 0xf0,
    0xe, 0xf3, 0x0, 0xd, 0xf2, 0x0, 0xf, 0xf3,
    0xf, 0xf2, 0x0, 0xd, 0xf2, 0x0, 0xd, 0xf4,
    0xf, 0xf2, 0x0, 0xe, 0xf3, 0x0, 0xd, 0xf4,
    0xe, 0xf4, 0x0, 0xf, 0xf5, 0x0, 0xf, 0xf2,
    0x9, 0xfc, 0x0, 0x7f, 0xfb, 0x0, 0x8f, 0xd0,
    0x1, 0xef, 0xfd, 0xfb, 0x7f, 0xee, 0xff, 0x40,
    0x0, 0x2a, 0xef, 0xa1, 0x8, 0xef, 0xc4, 0x0,

    /* U+03CA "ϊ" */
    0x7f, 0x50, 0x5f, 0x8b, 0xf9, 0x9, 0xfc, 0x26,
    0x10, 0x16, 0x20, 0x8, 0xf9, 0x0, 0x0, 0x8f,
    0x90, 0x0, 0x8, 0xf9, 0x0, 0x0, 0x8f, 0x90,
    0x0, 0x8, 0xf9, 0x0, 0x0, 0x8f, 0x90, 0x0,
    0x8, 0xf9, 0x0, 0x0, 0x8f, 0x90, 0x0, 0x8,
    0xfa, 0x0, 0x0, 0x5f, 0xfd, 0x30, 0x0, 0x8e,
    0xf5,

    /* U+03CB "ϋ" */
    0x1, 0xdc, 0x0, 0xce, 0x10, 0x3, 0xff, 0x11,
    0xff, 0x40, 0x0, 0x54, 0x0, 0x45, 0x0, 0x8f,
    0x90, 0x0, 0x9, 0xf9, 0x8f, 0x90, 0x0, 0x9,
    0xf9, 0x8f, 0x90, 0x0, 0x9, 0xf9, 0x8f, 0x90,
    0x0, 0x9, 0xf9, 0x8f, 0x90, 0x0, 0x9, 0xf9,
    0x8f, 0x90, 0x0, 0x9, 0xf9, 0x8f, 0x90, 0x0,
    0x9, 0xf9, 0x7f, 0xb0, 0x0, 0xb, 0xf8, 0x3f,
    0xf5, 0x0, 0x5f, 0xf4, 0xa, 0xff, 0xff, 0xff,
    0xb0, 0x0, 0x7d, 0xff, 0xd7, 0x0,

    /* U+03CC "ό" */
    0x0, 0x0, 0x6, 0xf9, 0x0, 0x0, 0x0, 0x0,
    0x8, 0xf3, 0x0, 0x0, 0x0, 0x0, 0x8, 0xc0,
    0x0, 0x0, 0x0, 0x0, 0x0, 0x0, 0x0, 0x0,
    0x0, 0x5, 0xce, 0xfc, 0x60, 0x0, 0x0, 0x9f,
    0xfe, 0xef, 0xfa, 0x0, 0x5, 0xff, 0x50, 0x4,
    0xff, 0x60, 0xb, 0xf8, 0x0, 0x0, 0x7f, 0xd0,
    0xf, 0xf3, 0x0, 0x0, 0x2f, 0xf0, 0xf, 0xf2,
    0x0, 0x0, 0xf, 0xf1, 0xf, 0xf3, 0x0, 0x0,
    0x2f, 0xf0, 0xc, 0xf8, 0x0, 0x0, 0x7f, 0xd0,
    0x5, 0xff, 0x40, 0x3, 0xff, 0x60, 0x0, 0x9f,
    0xfd, 0xdf, 0xfa, 0x0, 0x0, 0x5, 0xcf, 0xfc,
    0x60, 0x0,

    /* U+03CD "ύ" */
    0x0, 0x0, 0x6f, 0x90, 0x0, 0x0, 0x0, 0x8f,
    0x30, 0x0, 0x0, 0x0, 0x9c, 0x0, 0x0, 0x0,
    0x0, 0x0, 0x0, 0x0, 0x8f, 0x90, 0x0, 0x9,
    0xf9, 0x8f, 0x90, 0x0, 0x9, 0xf9, 0x8f, 0x90,
    0x0, 0x9, 0xf9, 0x8f, 0x90, 0x0, 0x9, 0xf9,
    0x8f, 0x90, 0x0, 0x9, 0xf9, 0x8f, 0x90, 0x0,
    0x9, 0xf9, 0x8f, 0x90, 0x0, 0x9, 0xf9, 0x7f,
    0xb0, 0x0, 0xb, 0xf8, 0x3f, 0xf5, 0x0, 0x5f,
    0xf4, 0xa, 0xff, 0xff, 0xff, 0xb0, 0x0, 0x7d,
    0xff, 0xd7, 0x0,

    /* U+03CE "ώ" */
    0x0, 0x0, 0x0, 0x4, 0xfb, 0x0, 0x0, 0x0,
    0x0, 0x0, 0x0, 0x6, 0xf5, 0x0, 0x0, 0x0,
    0x0, 0x0, 0x0, 0x7, 0xd0, 0x0, 0x0, 0x0,
    0x0, 0x0, 0x0, 0x0, 0x0, 0x0, 0x0, 0x0,
    0x0, 0x2f, 0xf3, 0x0, 0x0, 0x1e, 0xf6, 0x0,
    0x0, 0xdf, 0x70, 0x0, 0x0, 0x3, 0xff, 0x20,
    0x5, 0xfe, 0x0, 0x0, 0x0, 0x0, 0xaf, 0xa0,
    0xb, 0xf7, 0x0, 0x2, 0x20, 0x0, 0x3f, 0xf0,
    0xe, 0xf3, 0x0, 0xd, 0xf2, 0x0, 0xf, 0xf3,
    0xf, 0xf2, 0x0, 0xd, 0xf2, 0x0, 0xd, 0xf4,
    0xf, 0xf2, 0x0, 0xe, 0xf3, 0x0, 0xd, 0xf4,
    0xe, 0xf4, 0x0, 0xf, 0xf5, 0x0, 0xf, 0xf2,
    0x9, 0xfc, 0x0, 0x7f, 0xfb, 0x0, 0x8f, 0xd0,
    0x1, 0xef, 0xfd, 0xfb, 0x7f, 0xee, 0xff, 0x40,
    0x0, 0x2a, 0xef, 0xa1, 0x8, 0xef, 0xc4, 0x0,

    /* U+03CF "Ϗ" */
    0x6f, 0xd0, 0x0, 0x0, 0x3f, 0xfa, 0x6, 0xfd,
    0x0, 0x0, 0x2e, 0xfb, 0x0, 0x6f, 0xd0, 0x0,
    0x2e, 0xfc, 0x0, 0x6, 0xfd, 0x0, 0x1d, 0xfc,
    0x0, 0x0, 0x6f, 0xd0, 0xd, 0xfd, 0x10, 0x0,
    0x6, 0xfd, 0xb, 0xfd, 0x10, 0x0, 0x0, 0x6f,
    0xd9, 0xff, 0xb0, 0x0, 0x0, 0x6, 0xff, 0xfd,
    0xff, 0x70, 0x0, 0x0, 0x6f, 0xfd, 0x16, 0xff,
    0x30, 0x0, 0x6, 0xfe, 0x10, 0xa, 0xfe, 0x10,
    0x0, 0x6f, 0xd0, 0x0, 0xd, 0xfa, 0x0, 0x6,
    0xfd, 0x0, 0x0, 0x3f, 0xf6, 0x0, 0x6f, 0xd0,
    0x0, 0x0, 0x7f, 0xf2, 0x6, 0xfd, 0x0, 0x0,
    0x0, 0xbf, 0xd0, 0x0, 0x0, 0x0, 0x0, 0xb,
    0xfd, 0x0, 0x0, 0x0, 0x0, 0x6, 0xff, 0x20,
    0x0, 0x0, 0x0, 0x2, 0xff, 0x60, 0x0, 0x0,
    0x0, 0x0, 0x1b, 0xb0, 0x0, 0x0, 0x0, 0x0,
    0x0, 0x0, 0x0, 0x0,

    /* U+03D0 "ϐ" */
    0x0, 0x5, 0xce, 0xfb, 0x30, 0x0, 0x9, 0xff,
    0xde, 0xff, 0x10, 0x5, 0xfd, 0x20, 0x3f, 0xf3,
    0x0, 0xcf, 0xff, 0xff, 0xfd, 0x0, 0x1f, 0xc5,
    0x9a, 0xa6, 0x0, 0x4, 0xf9, 0x4b, 0xff, 0xc5,
    0x0, 0x6f, 0xef, 0xfe, 0xff, 0xf6, 0x6, 0xff,
    0xb1, 0x0, 0xaf, 0xf0, 0x6f, 0xf2, 0x0, 0x1,
    0xff, 0x44, 0xff, 0x0, 0x0, 0xf, 0xf5, 0x1f,
    0xf2, 0x0, 0x3, 0xff, 0x30, 0xbf, 0xb0, 0x1,
    0xcf, 0xd0, 0x2, 0xef, 0xfe, 0xff, 0xf3, 0x0,
    0x1, 0x9e, 0xfe, 0xa2, 0x0,

    /* U+03D1 "ϑ" */
    0x0, 0x2, 0xbe, 0xea, 0x10, 0x0, 0x1, 0xef,
    0xff, 0xfc, 0x0, 0x0, 0x7f, 0xd1, 0x4f, 0xf3,
    0x0, 0x9, 0xfa, 0x0, 0xff, 0x50, 0x0, 0x8f,
    0xc0, 0xf, 0xf6, 0x0, 0x3, 0xff, 0x40, 0xff,
    0x60, 0x0, 0x9, 0xff, 0x9f, 0xf9, 0x3b, 0xf8,
    0x8, 0xff, 0xff, 0xf9, 0xbf, 0x80, 0x1, 0x6f,
    0xfb, 0x3b, 0xf8, 0x0, 0x0, 0xff, 0x60, 0xaf,
    0xa0, 0x0, 0x1f, 0xf4, 0x5, 0xff, 0x50, 0xa,
    0xff, 0x10, 0xb, 0xff, 0xff, 0xff, 0x60, 0x0,
    0x7, 0xdf, 0xfb, 0x40, 0x0,

    /* U+03D2 "ϒ" */
    0xe, 0xf9, 0x0, 0x0, 0x2, 0xcf, 0xa0, 0xef,
    0xf8, 0x0, 0x0, 0xcf, 0xf8, 0x0, 0x7f, 0xf0,
    0x0, 0x4f, 0xf3, 0x0, 0x0, 0xdf, 0x60, 0xb,
    0xf8, 0x0, 0x0, 0x6, 0xfd, 0x2, 0xff, 0x10,
    0x0, 0x0, 0xe, 0xf5, 0x9f, 0x90, 0x0, 0x0,
    0x0, 0x7f, 0xcf, 0xf2, 0x0, 0x0, 0x0, 0x0,
    0xef, 0xfa, 0x0, 0x0, 0x0, 0x0, 0x8, 0xff,
    0x20, 0x0, 0x0, 0x0, 0x0, 0x4f, 0xf0, 0x0,
    0x0, 0x0, 0x0, 0x4, 0xff, 0x0, 0x0, 0x0,
    0x0, 0x0, 0x4f, 0xf0, 0x0, 0x0, 0x0, 0x0,
    0x4, 0xff, 0x0, 0x0, 0x0, 0x0, 0x0, 0x4f,
    0xf0, 0x0, 0x0,

    /* U+03D3 "ϓ" */
    0xd, 0xf2, 0x3e, 0xe7, 0x0, 0x0, 0x4, 0xdf,
    0x70, 0xfd, 0x1, 0xff, 0xf4, 0x0, 0x0, 0xef,
    0xf5, 0xf, 0x70, 0x1, 0xaf, 0xc0, 0x0, 0x7f,
    0xd1, 0x0, 0x10, 0x0, 0x1, 0xff, 0x30, 0xe,
    0xf5, 0x0, 0x0, 0x0, 0x0, 0x9, 0xfa, 0x5,
    0xfd, 0x0, 0x0, 0x0, 0x0, 0x0, 0x2f, 0xf1,
    0xcf, 0x60, 0x0, 0x0, 0x0, 0x0, 0x0, 0xaf,
    0xcf, 0xe0, 0x0, 0x0, 0x0, 0x0, 0x0, 0x3,
    0xff, 0xf7, 0x0, 0x0, 0x0, 0x0, 0x0, 0x0,
    0xb, 0xfe, 0x0, 0x0, 0x0, 0x0, 0x0, 0x0,
    0x0, 0x7f, 0xb0, 0x0, 0x0, 0x0, 0x0, 0x0,
    0x0, 0x7, 0xfb, 0x0, 0x0, 0x0, 0x0, 0x0,
    0x0, 0x0, 0x7f, 0xb0, 0x0, 0x0, 0x0, 0x0,
    0x0, 0x0, 0x7, 0xfb, 0x0, 0x0, 0x0, 0x0,
    0x0, 0x0, 0x0, 0x7f, 0xb0, 0x0, 0x0,

    /* U+03D4 "ϔ" */
    0x0, 0x0, 0x63, 0x0, 0x54, 0x0, 0x0, 0x0,
    0x6f, 0xe0, 0x3f, 0xf1, 0x0, 0x0, 0x3, 0xea,
    0x1, 0xdc, 0x0, 0x0, 0x0, 0x0, 0x0, 0x0,
    0x0, 0x0, 0x0, 0x0, 0x0, 0x0, 0x0, 0x0,
    0x0, 0xef, 0x90, 0x0, 0x0, 0x2c, 0xfa, 0xe,
    0xff, 0x80, 0x0, 0xc, 0xff, 0x80, 0x7, 0xff,
    0x0, 0x4, 0xff, 0x30, 0x0, 0xd, 0xf6, 0x0,
    0xbf, 0x80, 0x0, 0x0, 0x6f, 0xd0, 0x2f, 0xf1,
    0x0, 0x0, 0x0, 0xef, 0x59, 0xf9, 0x0, 0x0,
    0x0, 0x7, 0xfc, 0xff, 0x20, 0x0, 0x0, 0x0,
    0xe, 0xff, 0xa0, 0x0, 0x0, 0x0, 0x0, 0x8f,
    0xf2, 0x0, 0x0, 0x0, 0x0, 0x4, 0xff, 0x0,
    0x0, 0x0, 0x0, 0x0, 0x4f, 0xf0, 0x0, 0x0,
    0x0, 0x0, 0x4, 0xff, 0x0, 0x0, 0x0, 0x0,
    0x0, 0x4f, 0xf0, 0x0, 0x0, 0x0, 0x0, 0x4,
    0xff, 0x0, 0x0, 0x0,

    /* U+03D5 "ϕ" */
    0x0, 0x0, 0x0, 0xff, 0x10, 0x0, 0x0, 0x0,
    0x0, 0x0, 0xff, 0x10, 0x0, 0x0, 0x0, 0x0,
    0x0, 0xff, 0x10, 0x0, 0x0, 0x0, 0x5, 0xce,
    0xff, 0xfc, 0x60, 0x0, 0x0, 0x9f, 0xfe, 0xff,
    0xef, 0xfb, 0x0, 0x5, 0xff, 0x50, 0xff, 0x13,
    0xef, 0x70, 0xb, 0xf8, 0x0, 0xff, 0x10, 0x6f,
    0xd0, 0xf, 0xf3, 0x0, 0xff, 0x10, 0x1f, 0xf1,
    0xf, 0xf2, 0x0, 0xff, 0x10, 0xf, 0xf2, 0xf,
    0xf3, 0x0, 0xff, 0x10, 0x1f, 0xf1, 0xc, 0xf8,
    0x0, 0xff, 0x10, 0x6f, 0xd0, 0x5, 0xff, 0x40,
    0xff, 0x13, 0xef, 0x70, 0x0, 0x9f, 0xfd, 0xff,
    0xdf, 0xfb, 0x0, 0x0, 0x5, 0xcf, 0xff, 0xfc,
    0x60, 0x0, 0x0, 0x0, 0x0, 0xff, 0x10, 0x0,
    0x0, 0x0, 0x0, 0x0, 0xff, 0x10, 0x0, 0x0,
    0x0, 0x0, 0x0, 0xff, 0x10, 0x0, 0x0, 0x0,
    0x0, 0x0, 0xff, 0x10, 0x0, 0x0,

    /* U+03D6 "ϖ" */
    0x1f, 0xff, 0xff, 0xff, 0xff, 0xff, 0xff, 0xff,
    0x31, 0xcf, 0xfc, 0xbb, 0xbb, 0xbb, 0xbb, 0xff,
    0xc2, 0x4, 0xfe, 0x0, 0x0, 0x0, 0x0, 0xd,
    0xf6, 0x0, 0x8f, 0xa0, 0x0, 0x24, 0x30, 0x0,
    0x8f, 0xa0, 0xa, 0xf8, 0x0, 0xa, 0xfc, 0x0,
    0x6, 0xfc, 0x0, 0xaf, 0x70, 0x0, 0xaf, 0xc0,
    0x0, 0x5f, 0xd0, 0xa, 0xf8, 0x0, 0xa, 0xfc,
    0x0, 0x6, 0xfc, 0x0, 0x8f, 0xc0, 0x0, 0xdf,
    0xe0, 0x0, 0xaf, 0x90, 0x3, 0xff, 0x40, 0x5f,
    0xff, 0x60, 0x3f, 0xf4, 0x0, 0xa, 0xff, 0xef,
    0xf4, 0xff, 0xef, 0xfc, 0x0, 0x0, 0x8, 0xef,
    0xc4, 0x3, 0xcf, 0xe9, 0x0, 0x0,

    /* U+03D7 "ϗ" */
    0x8f, 0x90, 0x0, 0x4f, 0xf5, 0x8f, 0x90, 0x1,
    0xef, 0x90, 0x8f, 0x90, 0xa, 0xfc, 0x0, 0x8f,
    0x90, 0x6f, 0xe2, 0x0, 0x8f, 0x92, 0xff, 0x40,
    0x0, 0x8f, 0xff, 0xf8, 0x0, 0x0, 0x8f, 0xee,
    0xfb, 0x0, 0x0, 0x8f, 0x91, 0xdf, 0x90, 0x0,
    0x8f, 0x90, 0x2e, 0xf7, 0x0, 0x8f, 0x90, 0x3,
    0xff, 0x50, 0x8f, 0x90, 0x0, 0x4f, 0xf3, 0x0,
    0x0, 0x0, 0x3f, 0xf3, 0x0, 0x0, 0x0, 0xdf,
    0x50, 0x0, 0x0, 0xa, 0xf8, 0x0, 0x0, 0x0,
    0xb, 0xa0, 0x0, 0x0, 0x0, 0x0, 0x0, 0x0,

    /* U+03DC "Ϝ" */
    0x6f, 0xff, 0xff, 0xff, 0xfa, 0x6f, 0xfe, 0xee,
    0xee, 0xe9, 0x6f, 0xd0, 0x0, 0x0, 0x0, 0x6f,
    0xd0, 0x0, 0x0, 0x0, 0x6f, 0xd0, 0x0, 0x0,
    0x0, 0x6f, 0xd0, 0x0, 0x0, 0x0, 0x6f, 0xfe,
    0xee, 0xee, 0xe9, 0x6f, 0xff, 0xff, 0xff, 0xfa,
    0x6f, 0xd0, 0x0, 0x0, 0x0, 0x6f, 0xd0, 0x0,
    0x0, 0x0, 0x6f, 0xd0, 0x0, 0x0, 0x0, 0x6f,
    0xd0, 0x0, 0x0, 0x0, 0x6f, 0xd0, 0x0, 0x0,
    0x0, 0x6f, 0xd0, 0x0, 0x0, 0x0,

    /* U+03DD "ϝ" */
    0x8f, 0xff, 0xff, 0xff, 0x88, 0xfe, 0xdd, 0xdd,
    0xd7, 0x8f, 0x90, 0x0, 0x0, 0x8, 0xf9, 0x0,
    0x0, 0x0, 0x8f, 0x90, 0x0, 0x0, 0x8, 0xf9,
    0x0, 0x0, 0x0, 0x8f, 0xff, 0xff, 0xff, 0x88,
    0xfe, 0xcc, 0xcc, 0xc6, 0x8f, 0x90, 0x0, 0x0,
    0x8, 0xf9, 0x0, 0x0, 0x0, 0x8f, 0x90, 0x0,
    0x0, 0x8, 0xf9, 0x0, 0x0, 0x0, 0x8f, 0x90,
    0x0, 0x0, 0x8, 0xf9, 0x0, 0x0, 0x0, 0x8f,
    0x90, 0x0, 0x0, 0x0,

    /* U+03F0 "ϰ" */
    0xcf, 0xc4, 0x0, 0x0, 0xd, 0xf4, 0xb, 0xff,
    0xf2, 0x0, 0xa, 0xf9, 0x0, 0x0, 0xdf, 0x70,
    0x6, 0xff, 0x40, 0x0, 0x9, 0xf9, 0x2, 0xff,
    0xf4, 0x0, 0x0, 0x9f, 0x90, 0xdf, 0xff, 0x40,
    0x0, 0x9, 0xf9, 0x9f, 0x9d, 0xf4, 0x0, 0x0,
    0x9f, 0xef, 0xd0, 0xdf, 0x40, 0x0, 0x9, 0xff,
    0xf2, 0xd, 0xf4, 0x0, 0x0, 0x9f, 0xf6, 0x0,
    0xbf, 0x80, 0x0, 0xa, 0xfa, 0x0, 0x5, 0xff,
    0xe8, 0x4, 0xfe, 0x10, 0x0, 0x7, 0xdf, 0x80,

    /* U+03F1 "ϱ" */
    0x0, 0x19, 0xef, 0xd8, 0x10, 0x0, 0x2e, 0xff,
    0xef, 0xfd, 0x10, 0xb, 0xfd, 0x10, 0x2d, 0xfa,
    0x2, 0xff, 0x40, 0x0, 0x5f, 0xf0, 0x5f, 0xf0,
    0x0, 0x1, 0xff, 0x36, 0xfe, 0x0, 0x0, 0xf,
    0xf5, 0x6f, 0xf0, 0x0, 0x0, 0xff, 0x45, 0xff,
    0x30, 0x0, 0x5f, 0xf1, 0x3f, 0xfd, 0x30, 0x3e,
    0xfb, 0x0, 0xfd, 0xff, 0xff, 0xfe, 0x20, 0xb,
    0xe3, 0x9c, 0xc8, 0x10, 0x0, 0x3f, 0xb1, 0x0,
    0x0, 0x0, 0x0, 0x6f, 0xfb, 0x73, 0x0, 0x0,
    0x0, 0x2a, 0xff, 0xfb, 0x0, 0x0, 0x0, 0x0,
    0x3c, 0xf6, 0x0, 0x0, 0x0, 0x0, 0x25, 0x20,

    /* U+03F2 "ϲ" */
    0x0, 0x5, 0xce, 0xec, 0x60, 0x0, 0x9, 0xff,
    0xee, 0xff, 0xa0, 0x5, 0xff, 0x40, 0x4, 0xff,
    0x40, 0xbf, 0x80, 0x0, 0x5, 0x62, 0xf, 0xf3,
    0x0, 0x0, 0x0, 0x0, 0xff, 0x20, 0x0, 0x0,
    0x0, 0xf, 0xf3, 0x0, 0x0, 0x0, 0x0, 0xcf,
    0x80, 0x0, 0x5, 0x72, 0x5, 0xff, 0x40, 0x3,
    0xef, 0x40, 0x9, 0xff, 0xed, 0xff, 0x90, 0x0,
    0x5, 0xcf, 0xfc, 0x50, 0x0,

    /* U+03F3 "ϳ" */
    0x0, 0x7f, 0x70, 0xc, 0xfc, 0x0, 0x27, 0x20,
    0x9, 0xf9, 0x0, 0x9f, 0x90, 0x9, 0xf9, 0x0,
    0x9f, 0x90, 0x9, 0xf9, 0x0, 0x9f, 0x90, 0x9,
    0xf9, 0x0, 0x9f, 0x90, 0x9, 0xf9, 0x0, 0x9f,
    0x90, 0x9, 0xf9, 0x0, 0x9f, 0x90, 0xc, 0xf7,
    0x4e, 0xff, 0x25, 0xfc, 0x30,

    /* U+03F4 "ϴ" */
    0x0, 0x3, 0xad, 0xfe, 0xb5, 0x0, 0x0, 0x0,
    0x8f, 0xff, 0xff, 0xff, 0xc1, 0x0, 0x7, 0xff,
    0x82, 0x1, 0x6e, 0xfc, 0x0, 0x2f, 0xf6, 0x0,
    0x0, 0x2, 0xff, 0x70, 0x8f, 0xc0, 0x0, 0x0,
    0x0, 0x6f, 0xd0, 0xbf, 0x70, 0x0, 0x0, 0x0,
    0x2f, 0xf1, 0xdf, 0xff, 0xff, 0xff, 0xff, 0xff,
    0xf2, 0xdf, 0xca, 0xaa, 0xaa, 0xaa, 0xbf, 0xf2,
    0xbf, 0x80, 0x0, 0x0, 0x0, 0x3f, 0xf1, 0x8f,
    0xd0, 0x0, 0x0, 0x0, 0x8f, 0xd0, 0x2f, 0xf7,
    0x0, 0x0, 0x3, 0xff, 0x70, 0x8, 0xff, 0x92,
    0x1, 0x6e, 0xfc, 0x0, 0x0, 0x8f, 0xff, 0xff,
    0xff, 0xc1, 0x0, 0x0, 0x3, 0xad, 0xfe, 0xb6,
    0x0, 0x0,

    /* U+03F5 "ϵ" */
    0x0, 0x19, 0xef, 0xff, 0x80, 0x2e, 0xff, 0xdd,
    0xd7, 0xb, 0xfd, 0x20, 0x0, 0x1, 0xff, 0x60,
    0x0, 0x0, 0x4f, 0xf1, 0x0, 0x0, 0x5, 0xff,
    0xff, 0xfc, 0x0, 0x4f, 0xfc, 0xcc, 0x90, 0x1,
    0xff, 0x30, 0x0, 0x0, 0xb, 0xfb, 0x10, 0x0,
    0x0, 0x2e, 0xff, 0xdd, 0xd7, 0x0, 0x19, 0xef,
    0xff, 0x80,

    /* U+03F6 "϶" */
    0x5f, 0xff, 0xea, 0x20, 0x4, 0xdd, 0xdf, 0xff,
    0x40, 0x0, 0x0, 0xc, 0xfe, 0x0, 0x0, 0x0,
    0x3f, 0xf4, 0x0, 0x0, 0x0, 0xef, 0x70, 0x9,
    0xff, 0xff, 0xf8, 0x0, 0x7c, 0xcc, 0xff, 0x70,
    0x0, 0x0, 0xf, 0xf4, 0x0, 0x0, 0x9, 0xfe,
    0x4, 0xdd, 0xdf, 0xff, 0x40, 0x5f, 0xff, 0xea,
    0x30, 0x0,

    /* U+03F9 "Ϲ" */
    0x0, 0x3, 0xad, 0xfe, 0xb6, 0x0, 0x0, 0x8,
    0xff, 0xff, 0xff, 0xfc, 0x10, 0x8, 0xff, 0x93,
    0x2, 0x6e, 0xfc, 0x2, 0xff, 0x70, 0x0, 0x0,
    0x2f, 0xf4, 0x8f, 0xd0, 0x0, 0x0, 0x0, 0x7a,
    0x5b, 0xf7, 0x0, 0x0, 0x0, 0x0, 0x0, 0xdf,
    0x50, 0x0, 0x0, 0x0, 0x0, 0xd, 0xf5, 0x0,
    0x0, 0x0, 0x0, 0x0, 0xbf, 0x70, 0x0, 0x0,
    0x0, 0x0, 0x8, 0xfc, 0x0, 0x0, 0x0, 0x7,
    0xa5, 0x2f, 0xf6, 0x0, 0x0, 0x2, 0xff, 0x40,
    0x8f, 0xf9, 0x30, 0x26, 0xef, 0xc0, 0x0, 0x8f,
    0xff, 0xff, 0xff, 0xc1, 0x0, 0x0, 0x3a, 0xdf,
    0xeb, 0x60, 0x0,

    /* U+03FA "Ϻ" */
    0x6f, 0xff, 0x10, 0x0, 0x0, 0x0, 0xdf, 0xfa,
    0x6f, 0xff, 0x70, 0x0, 0x0, 0x3, 0xff, 0xfa,
    0x6f, 0xef, 0xd0, 0x0, 0x0, 0xa, 0xfe, 0xfa,
    0x6f, 0xbd, 0xf4, 0x0, 0x0, 0xf, 0xf9, 0xfa,
    0x6f, 0xc8, 0xfa, 0x0, 0x0, 0x6f, 0xb8, 0xfa,
    0x6f, 0xc3, 0xff, 0x10, 0x0, 0xcf, 0x68, 0xfa,
    0x6f, 0xc0, 0xdf, 0x70, 0x2, 0xff, 0x19, 0xfa,
    0x6f, 0xc0, 0x6f, 0xd0, 0x9, 0xfa, 0x9, 0xfa,
    0x6f, 0xc0, 0x1f, 0xf3, 0xe, 0xf4, 0x9, 0xfa,
    0x6f, 0xc0, 0xa, 0xf8, 0x4f, 0xd0, 0x9, 0xfa,
    0x6f, 0xc0, 0x3, 0xfd, 0x8f, 0x70, 0x9, 0xfa,
    0x6f, 0xc0, 0x0, 0xdf, 0xef, 0x10, 0x9, 0xfa,
    0x6f, 0xc0, 0x0, 0x6f, 0xfa, 0x0, 0x9, 0xfa,
    0x6f, 0xc0, 0x0, 0x1f, 0xf4, 0x0, 0x9, 0xfa,

    /* U+03FC "ϼ" */
    0x0, 0x0, 0x29, 0xef, 0xd8, 0x10, 0x0, 0x0,
    0x2e, 0xff, 0xdf, 0xfe, 0x20, 0x0, 0xc, 0xfa,
    0x0, 0x1c, 0xfb, 0x0, 0x3, 0xfe, 0x0, 0x0,
    0x2f, 0xf1, 0x0, 0x7f, 0xa0, 0x0, 0x0, 0xdf,
    0x50, 0x8, 0xf9, 0x0, 0x0, 0xc, 0xf6, 0x0,
    0x8f, 0xa0, 0x0, 0x0, 0xef, 0x50, 0x8, 0xff,
    0x0, 0x0, 0x2f, 0xf2, 0x0, 0x8f, 0xfa, 0x0,
    0x1c, 0xfc, 0x0, 0x8, 0xfa, 0xef, 0xdf, 0xfe,
    0x20, 0x0, 0x8f, 0x92, 0xbf, 0xea, 0x20, 0x0,
    0x2b, 0xfb, 0x22, 0x0, 0x0, 0x0, 0x5f, 0xff,
    0xff, 0xf3, 0x0, 0x0, 0x1, 0x5e, 0xfe, 0x55,
    0x10, 0x0, 0x0, 0x0, 0x8f, 0x90, 0x0, 0x0,
    0x0, 0x0,

    /* U+03FD "Ͻ" */
    0x0, 0x18, 0xdf, 0xfd, 0x81, 0x0, 0x0, 0x4f,
    0xff, 0xff, 0xff, 0xe4, 0x0, 0x2f, 0xfc, 0x41,
    0x14, 0xcf, 0xf3, 0xa, 0xfc, 0x0, 0x0, 0x0,
    0xcf, 0xc0, 0x9a, 0x40, 0x0, 0x0, 0x2, 0xff,
    0x20, 0x0, 0x0, 0x0, 0x0, 0xd, 0xf6, 0x0,
    0x0, 0x0, 0x0, 0x0, 0xbf, 0x80, 0x0, 0x0,
    0x0, 0x0, 0xb, 0xf8, 0x0, 0x0, 0x0, 0x0,
    0x0, 0xdf, 0x69, 0xa4, 0x0, 0x0, 0x0, 0x2f,
    0xf3, 0xaf, 0xc0, 0x0, 0x0, 0xb, 0xfc, 0x2,
    0xff, 0xc4, 0x11, 0x4c, 0xff, 0x30, 0x4, 0xef,
    0xff, 0xff, 0xfe, 0x40, 0x0, 0x1, 0x8d, 0xff,
    0xd8, 0x10, 0x0,

    /* U+03FE "Ͼ" */
    0x0, 0x3, 0xad, 0xfe, 0xc6, 0x0, 0x0, 0x8,
    0xff, 0xff, 0xff, 0xfd, 0x20, 0x8, 0xff, 0x93,
    0x1, 0x5d, 0xfd, 0x2, 0xff, 0x70, 0x0, 0x0,
    0x1e, 0xf6, 0x8f, 0xd0, 0x0, 0x0, 0x0, 0x24,
    0x2b, 0xf7, 0x0, 0x4c, 0x70, 0x0, 0x0, 0xdf,
    0x50, 0xc, 0xff, 0x0, 0x0, 0xd, 0xf5, 0x0,
    0x6f, 0x90, 0x0, 0x0, 0xbf, 0x70, 0x0, 0x0,
    0x0, 0x0, 0x8, 0xfc, 0x0, 0x0, 0x0, 0xa,
    0xe7, 0x2f, 0xf6, 0x0, 0x0, 0x3, 0xff, 0x30,
    0x8f, 0xf9, 0x30, 0x27, 0xff, 0xb0, 0x0, 0x8f,
    0xff, 0xff, 0xff, 0xb0, 0x0, 0x0, 0x3a, 0xdf,
    0xeb, 0x50, 0x0,

    /* U+03FF "Ͽ" */
    0x0, 0x29, 0xdf, 0xfd, 0x81, 0x0, 0x0, 0x6f,
    0xff, 0xff, 0xff, 0xe4, 0x0, 0x4f, 0xfb, 0x41,
    0x14, 0xcf, 0xf3, 0xb, 0xfa, 0x0, 0x0, 0x0,
    0xcf, 0xc0, 0x44, 0x10, 0x0, 0x0, 0x2, 0xff,
    0x20, 0x0, 0x1, 0xbb, 0x0, 0xd, 0xf6, 0x0,
    0x0, 0x6f, 0xf5, 0x0, 0xbf, 0x80, 0x0, 0x2,
    0xdd, 0x10, 0xb, 0xf8, 0x0, 0x0, 0x0, 0x0,
    0x0, 0xdf, 0x6c, 0xe5, 0x0, 0x0, 0x0, 0x2f,
    0xf3, 0x9f, 0xd0, 0x0, 0x0, 0xb, 0xfc, 0x1,
    0xef, 0xd5, 0x11, 0x4c, 0xff, 0x30, 0x3, 0xef,
    0xff, 0xff, 0xfe, 0x40, 0x0, 0x1, 0x8d, 0xff,
    0xd8, 0x10, 0x0,

    /* U+2010 "‐" */
    0x3d, 0xdd, 0xdd, 0xd2, 0x4f, 0xff, 0xff, 0xf3,

    /* U+2011 "‑" */
    0x3d, 0xdd, 0xdd, 0xd2, 0x4f, 0xff, 0xff, 0xf3,

    /* U+2012 "‒" */
    0x2d, 0xdd, 0xdd, 0xdd, 0xdd, 0xdd, 0x12, 0xff,
    0xff, 0xff, 0xff, 0xff, 0xf1,

    /* U+2013 "–" */
    0xdd, 0xdd, 0xdd, 0xdd, 0xdd, 0xff, 0xff, 0xff,
    0xff, 0xff,

    /* U+2014 "—" */
    0xdd, 0xdd, 0xdd, 0xdd, 0xdd, 0xdd, 0xdd, 0xdd,
    0xdd, 0xdd, 0xff, 0xff, 0xff, 0xff, 0xff, 0xff,
    0xff, 0xff, 0xff, 0xff,

    /* U+2015 "―" */
    0xdd, 0xdd, 0xdd, 0xdd, 0xdd, 0xdd, 0xdd, 0xdd,
    0xdd, 0xdd, 0xff, 0xff, 0xff, 0xff, 0xff, 0xff,
    0xff, 0xff, 0xff, 0xff,

    /* U+2016 "‖" */
    0x8f, 0x64, 0xfa, 0x8f, 0x64, 0xfa, 0x8f, 0x64,
    0xfa, 0x8f, 0x64, 0xfa, 0x8f, 0x64, 0xfa, 0x8f,
    0x64, 0xfa, 0x8f, 0x64, 0xfa, 0x8f, 0x64, 0xfa,
    0x8f, 0x64, 0xfa, 0x8f, 0x64, 0xfa, 0x8f, 0x64,
    0xfa, 0x8f, 0x64, 0xfa, 0x8f, 0x64, 0xfa, 0x8f,
    0x64, 0xfa, 0x8f, 0x64, 0xfa, 0x8f, 0x64, 0xfa,
    0x8f, 0x64, 0xfa, 0x8f, 0x64, 0xfa, 0x8f, 0x64,
    0xfa, 0x8f, 0x64, 0xfa, 0x8f, 0x64, 0xfa, 0x8f,
    0x64, 0xfa, 0x8f, 0x64, 0xfa, 0x8f, 0x64, 0xfa,

    /* U+2017 "‗" */
    0xff, 0xff, 0xff, 0xff, 0xf2, 0x88, 0x88, 0x88,
    0x88, 0x81, 0x78, 0x88, 0x88, 0x88, 0x81, 0xff,
    0xff, 0xff, 0xff, 0xf2,

    /* U+2018 "‘" */
    0x0, 0xfa, 0x3, 0xf8, 0x8, 0xf5, 0xc, 0xf3,
    0x1f, 0xf1, 0x3b, 0xa0,

    /* U+2019 "’" */
    0x6, 0xb7, 0xb, 0xf6, 0xe, 0xf2, 0xf, 0xd0,
    0x3f, 0x90, 0x5f, 0x40,

    /* U+201A "‚" */
    0xa, 0xb2, 0x2f, 0xf0, 0x4f, 0xb0, 0x7f, 0x70,
    0x9f, 0x20, 0xce, 0x0,

    /* U+201B "‛" */
    0x1f, 0xf2, 0xc, 0xf5, 0x7, 0xf7, 0x3, 0xfa,
    0x0, 0xec, 0x0, 0x7a,

    /* U+201C "“" */
    0x0, 0xfa, 0x0, 0xf9, 0x3, 0xf8, 0x4, 0xf7,
    0x8, 0xf5, 0x9, 0xf4, 0xc, 0xf3, 0xd, 0xf2,
    0x1f, 0xf1, 0x2f, 0xf0, 0x3b, 0xa0, 0x4b, 0x90,

    /* U+201D "”" */
    0x6, 0xb7, 0x8, 0xb5, 0xb, 0xf6, 0xd, 0xf4,
    0xe, 0xf2, 0xf, 0xf0, 0xf, 0xd0, 0x2f, 0xb0,
    0x3f, 0x90, 0x5f, 0x70, 0x5f, 0x40, 0x7f, 0x20,

    /* U+201E "„" */
    0xa, 0xb2, 0x1b, 0xb1, 0x2f, 0xf0, 0x4f, 0xe0,
    0x4f, 0xb0, 0x6f, 0x90, 0x7f, 0x70, 0x9f, 0x50,
    0x9f, 0x20, 0xbf, 0x0, 0xce, 0x0, 0xec, 0x0,

    /* U+201F "‟" */
    0x1f, 0xf2, 0x3f, 0xf0, 0xc, 0xf5, 0xe, 0xf3,
    0x7, 0xf7, 0xa, 0xf5, 0x3, 0xfa, 0x5, 0xf7,
    0x0, 0xec, 0x1, 0xfa, 0x0, 0x7a, 0x0, 0x98,

    /* U+2020 "†" */
    0x0, 0xd, 0xf3, 0x0, 0x0, 0x0, 0xdf, 0x30,
    0x0, 0x0, 0xd, 0xf3, 0x0, 0xb, 0xff, 0xff,
    0xff, 0xf2, 0x7a, 0xae, 0xfb, 0xaa, 0x10, 0x0,
    0xdf, 0x30, 0x0, 0x0, 0xc, 0xf3, 0x0, 0x0,
    0x0, 0xbf, 0x20, 0x0, 0x0, 0xa, 0xf1, 0x0,
    0x0, 0x0, 0x8f, 0x0, 0x0, 0x0, 0x5, 0x90,
    0x0, 0x0,

    /* U+2021 "‡" */
    0x0, 0xd, 0xf3, 0x0, 0x0, 0x0, 0xdf, 0x30,
    0x0, 0x7a, 0xae, 0xfb, 0xaa, 0x1b, 0xff, 0xff,
    0xff, 0xf2, 0x0, 0xd, 0xf3, 0x0, 0x0, 0x0,
    0xdf, 0x30, 0x0, 0x0, 0xd, 0xf3, 0x0, 0xb,
    0xff, 0xff, 0xff, 0xf2, 0x7a, 0xae, 0xfb, 0xaa,
    0x10, 0x0, 0xdf, 0x30, 0x0, 0x0, 0xc, 0xf3,
    0x0, 0x0, 0x0, 0xaf, 0x10, 0x0, 0x0, 0x9,
    0xf0, 0x0, 0x0, 0x0, 0x7e, 0x0, 0x0,

    /* U+2022 "•" */
    0x0, 0x12, 0x0, 0x0, 0x9f, 0xfe, 0x50, 0x6f,
    0xff, 0xff, 0x1b, 0xff, 0xff, 0xf6, 0xbf, 0xff,
    0xff, 0x54, 0xff, 0xff, 0xe0, 0x5, 0xdf, 0xb2,
    0x0,

    /* U+2023 "‣" */
    0x91, 0x0, 0x0, 0xef, 0x70, 0x0, 0xef, 0xfd,
    0x40, 0xef, 0xff, 0xb1, 0xef, 0xe5, 0x0, 0xe8,
    0x0, 0x0, 0x20, 0x0, 0x0,

    /* U+2024 "․" */
    0xb, 0xb1, 0x5f, 0xf6, 0x1d, 0xd2,

    /* U+2025 "‥" */
    0xb, 0xb1, 0x0, 0xa, 0xc1, 0x5f, 0xf6, 0x0,
    0x4f, 0xf7, 0x1d, 0xd2, 0x0, 0x1d, 0xe2,

    /* U+2026 "…" */
    0xb, 0xb1, 0x0, 0xa, 0xc1, 0x0, 0xa, 0xc2,
    0x5f, 0xf6, 0x0, 0x4f, 0xf7, 0x0, 0x3f, 0xf8,
    0x1d, 0xd2, 0x0, 0x1d, 0xe2, 0x0, 0xc, 0xe3,

    /* U+2027 "‧" */
    0xb, 0xb1, 0x5f, 0xf6, 0x1d, 0xd2,

    /* U+202F " " */

    /* U+2030 "‰" */
    0x9, 0xef, 0xa1, 0x0, 0x0, 0x5, 0xf6, 0x0,
    0x0, 0x0, 0x0, 0x9, 0xf9, 0x8f, 0xb0, 0x0,
    0x2, 0xfb, 0x0, 0x0, 0x0, 0x0, 0x0, 0xdd,
    0x0, 0xbf, 0x0, 0x0, 0xce, 0x10, 0x0, 0x0,
    0x0, 0x0, 0xe, 0xc0, 0xa, 0xf0, 0x0, 0x8f,
    0x40, 0x0, 0x0, 0x0, 0x0, 0x0, 0xbf, 0x43,
    0xed, 0x0, 0x3f, 0x80, 0x0, 0x0, 0x0, 0x0,
    0x0, 0x2, 0xef, 0xff, 0x30, 0xd, 0xc0, 0x0,
    0x0, 0x0, 0x0, 0x0, 0x0, 0x0, 0x34, 0x0,
    0xa, 0xf2, 0x0, 0x10, 0x0, 0x0, 0x0, 0x10,
    0x0, 0x0, 0x0, 0x5, 0xf6, 0x2, 0xcf, 0xf9,
    0x0, 0xb, 0xff, 0xb1, 0x0, 0x0, 0x2, 0xfb,
    0x0, 0xcf, 0x69, 0xf6, 0x9, 0xf7, 0x7f, 0x90,
    0x0, 0x0, 0xce, 0x10, 0x1f, 0x90, 0xf, 0xb0,
    0xec, 0x0, 0xce, 0x0, 0x0, 0x8f, 0x40, 0x2,
    0xf8, 0x0, 0xec, 0xf, 0xb0, 0xb, 0xf0, 0x0,
    0x3f, 0x80, 0x0, 0x1f, 0x90, 0xf, 0xa0, 0xdd,
    0x0, 0xde, 0x0, 0xd, 0xc0, 0x0, 0x0, 0xbf,
    0x8b, 0xf5, 0x8, 0xf9, 0x9f, 0x80, 0xa, 0xf2,
    0x0, 0x0, 0x1, 0xbf, 0xe7, 0x0, 0x9, 0xff,
    0x90,

    /* U+2031 "‱" */
    0x9, 0xef, 0xa1, 0x0, 0x0, 0x5, 0xf6, 0x0,
    0x0, 0x0, 0x0, 0x0, 0x0, 0x0, 0x0, 0x9,
    0xf9, 0x8f, 0xb0, 0x0, 0x2, 0xfb, 0x0, 0x0,
    0x0, 0x0, 0x0, 0x0, 0x0, 0x0, 0x0, 0xdd,
    0x0, 0xbf, 0x0, 0x0, 0xce, 0x10, 0x0, 0x0,
    0x0, 0x0, 0x0, 0x0, 0x0, 0x0, 0xe, 0xc0,
    0xa, 0xf0, 0x0, 0x8f, 0x40, 0x0, 0x0, 0x0,
    0x0, 0x0, 0x0, 0x0, 0x0, 0x0, 0xbf, 0x43,
    0xed, 0x0, 0x3f, 0x80, 0x0, 0x0, 0x0, 0x0,
    0x0, 0x0, 0x0, 0x0, 0x0, 0x2, 0xef, 0xff,
    0x30, 0xd, 0xc0, 0x0, 0x0, 0x0, 0x0, 0x0,
    0x0, 0x0, 0x0, 0x0, 0x0, 0x0, 0x34, 0x0,
    0xa, 0xf2, 0x0, 0x10, 0x0, 0x0, 0x0, 0x10,
    0x0, 0x0, 0x1, 0x0, 0x0, 0x0, 0x0, 0x5,
    0xf6, 0x2, 0xcf, 0xf9, 0x0, 0xb, 0xff, 0xb1,
    0x0, 0x8f, 0xfd, 0x20, 0x0, 0x0, 0x2, 0xfb,
    0x0, 0xcf, 0x69, 0xf6, 0x9, 0xf7, 0x7f, 0x90,
    0x5f, 0xa6, 0xec, 0x0, 0x0, 0x0, 0xce, 0x10,
    0x1f, 0x90, 0xf, 0xb0, 0xec, 0x0, 0xce, 0xa,
    0xf0, 0x9, 0xf1, 0x0, 0x0, 0x8f, 0x40, 0x2,
    0xf8, 0x0, 0xec, 0xf, 0xb0, 0xb, 0xf0, 0xbf,
    0x0, 0x8f, 0x20, 0x0, 0x3f, 0x80, 0x0, 0x1f,
    0x90, 0xf, 0xa0, 0xdd, 0x0, 0xde, 0xa, 0xf0,
    0x9, 0xf1, 0x0, 0xd, 0xc0, 0x0, 0x0, 0xbf,
    0x8b, 0xf5, 0x8, 0xf9, 0x9f, 0x80, 0x5f, 0xb8,
    0xfc, 0x0, 0xa, 0xf2, 0x0, 0x0, 0x1, 0xbf,
    0xe7, 0x0, 0x9, 0xff, 0x90, 0x0, 0x7e, 0xfb,
    0x10,

    /* U+2032 "′" */
    0x8f, 0xa9, 0xf6, 0xbf, 0x3c, 0xf0, 0xec, 0x5,
    0x30,

    /* U+2033 "″" */
    0x8f, 0xa0, 0xc, 0xf6, 0x9f, 0x60, 0xd, 0xf2,
    0xbf, 0x30, 0xf, 0xf0, 0xcf, 0x0, 0xf, 0xb0,
    0xec, 0x0, 0x2f, 0x80, 0x53, 0x0, 0x15, 0x10,

    /* U+2034 "‴" */
    0x8f, 0xa0, 0xc, 0xf6, 0x0, 0xff, 0x29, 0xf6,
    0x0, 0xdf, 0x20, 0x1f, 0xe0, 0xbf, 0x30, 0xf,
    0xf0, 0x2, 0xfb, 0xc, 0xf0, 0x0, 0xfb, 0x0,
    0x4f, 0x70, 0xec, 0x0, 0x2f, 0x80, 0x5, 0xf4,
    0x5, 0x30, 0x1, 0x51, 0x0, 0x25, 0x0,

    /* U+2035 "‵" */
    0xdf, 0x49, 0xf6, 0x6f, 0x72, 0xf9, 0xf, 0xa0,
    0x44,

    /* U+2036 "‶" */
    0xdf, 0x40, 0x1f, 0xf0, 0x9f, 0x60, 0xd, 0xf2,
    0x6f, 0x70, 0xa, 0xf3, 0x2f, 0x90, 0x6, 0xf5,
    0xf, 0xa0, 0x3, 0xf6, 0x4, 0x40, 0x0, 0x52,

    /* U+2037 "‷" */
    0xdf, 0x40, 0x1f, 0xf0, 0x5, 0xfc, 0x9, 0xf6,
    0x0, 0xdf, 0x20, 0x1f, 0xe0, 0x6f, 0x70, 0xa,
    0xf3, 0x0, 0xef, 0x2, 0xf9, 0x0, 0x6f, 0x50,
    0xa, 0xf1, 0xf, 0xa0, 0x3, 0xf6, 0x0, 0x7f,
    0x20, 0x44, 0x0, 0x5, 0x20, 0x1, 0x51,

    /* U+2038 "‸" */
    0x0, 0x7, 0x60, 0x0, 0x0, 0x9f, 0xf5, 0x0,
    0x4, 0xf8, 0xce, 0x10, 0x1e, 0xd0, 0x2f, 0xb0,
    0xaf, 0x30, 0x8, 0xf6,

    /* U+2039 "‹" */
    0x0, 0x0, 0x9f, 0xc0, 0x0, 0x6, 0xfe, 0x10,
    0x0, 0x4f, 0xf2, 0x0, 0x3, 0xff, 0x40, 0x0,
    0xd, 0xf9, 0x0, 0x0, 0x4, 0xff, 0x30, 0x0,
    0x0, 0x6f, 0xe1, 0x0, 0x0, 0x9, 0xfc, 0x0,
    0x0, 0x0, 0xbf, 0xa0, 0x0, 0x0, 0x2, 0x20,

    /* U+203A "›" */
    0xc, 0xf9, 0x0, 0x0, 0x1, 0xef, 0x60, 0x0,
    0x0, 0x2f, 0xf4, 0x0, 0x0, 0x4, 0xff, 0x20,
    0x0, 0x0, 0x9f, 0xd0, 0x0, 0x3, 0xff, 0x40,
    0x0, 0x1e, 0xf6, 0x0, 0x0, 0xcf, 0x90, 0x0,
    0xa, 0xfb, 0x0, 0x0, 0x2, 0x20, 0x0, 0x0,

    /* U+203B "※" */
    0x0, 0x0, 0x2e, 0xd1, 0x0, 0x0, 0x0, 0x97,
    0x4f, 0xf3, 0x6a, 0x0, 0x4, 0xff, 0x84, 0x37,
    0xff, 0x40, 0x0, 0x6f, 0xf9, 0x9f, 0xf6, 0x0,
    0x7f, 0x84, 0xff, 0xff, 0x59, 0xf6, 0xaf, 0xc0,
    0xbf, 0xfb, 0xd, 0xf9, 0x15, 0x19, 0xff, 0xff,
    0x92, 0x50, 0x0, 0x8f, 0xf4, 0x4f, 0xf9, 0x0,
    0x4, 0xff, 0x54, 0x34, 0xff, 0x50, 0x0, 0x95,
    0x3f, 0xf3, 0x59, 0x0, 0x0, 0x0, 0x2e, 0xd1,
    0x0, 0x0,

    /* U+203C "‼" */
    0x2f, 0xf3, 0x0, 0xf, 0xf4, 0x2f, 0xf3, 0x0,
    0xf, 0xf4, 0x1f, 0xf3, 0x0, 0xf, 0xf4, 0x1f,
    0xf2, 0x0, 0xf, 0xf4, 0x1f, 0xf2, 0x0, 0xf,
    0xf3, 0x1f, 0xf2, 0x0, 0xf, 0xf3, 0xf, 0xf2,
    0x0, 0xf, 0xf3, 0xf, 0xf1, 0x0, 0xf, 0xf3,
    0xf, 0xf1, 0x0, 0xe, 0xf2, 0xd, 0xd1, 0x0,
    0xc, 0xd2, 0x0, 0x0, 0x0, 0x0, 0x0, 0xa,
    0xb1, 0x0, 0xa, 0xb2, 0x5f, 0xf7, 0x0, 0x4f,
    0xf8, 0x1d, 0xe2, 0x0, 0x1d, 0xe3,

    /* U+203D "‽" */
    0x0, 0x7c, 0xff, 0xd7, 0x0, 0xb, 0xff, 0xdc,
    0xff, 0xc0, 0x1d, 0xd2, 0x0, 0x2e, 0xf5, 0x0,
    0x3, 0xf8, 0xa, 0xf7, 0x0, 0x2, 0xf8, 0x1e,
    0xf4, 0x0, 0x2, 0xfc, 0xef, 0xb0, 0x0, 0x1,
    0xff, 0xf9, 0x0, 0x0, 0x0, 0xff, 0x40, 0x0,
    0x0, 0x0, 0xfb, 0x0, 0x0, 0x0, 0x0, 0x32,
    0x0, 0x0, 0x0, 0x0, 0x0, 0x0, 0x0, 0x0,
    0x2, 0xca, 0x0, 0x0, 0x0, 0x8, 0xff, 0x30,
    0x0, 0x0, 0x3, 0xec, 0x0, 0x0,

    /* U+203E "‾" */
    0x4d, 0xdd, 0xdd, 0xdd, 0xdc, 0x5f, 0xff, 0xff,
    0xff, 0xfe,

    /* U+203F "‿" */
    0x5, 0x30, 0x0, 0x0, 0x0, 0x0, 0x0, 0x52,
    0x1e, 0xfc, 0x74, 0x11, 0x1, 0x25, 0x9e, 0xf9,
    0x1, 0xbf, 0xff, 0xff, 0xff, 0xff, 0xfe, 0x70,
    0x0, 0x3, 0x8c, 0xef, 0xff, 0xda, 0x60, 0x0,

    /* U+2040 "⁀" */
    0x0, 0x0, 0x2, 0x57, 0x76, 0x41, 0x0, 0x0,
    0x0, 0x29, 0xef, 0xff, 0xff, 0xff, 0xd7, 0x0,
    0x7, 0xff, 0xd9, 0x65, 0x56, 0x7b, 0xff, 0xe3,
    0x1d, 0xb3, 0x0, 0x0, 0x0, 0x0, 0x5, 0xd9,
    0x0, 0x0, 0x0, 0x0, 0x0, 0x0, 0x0, 0x0,

    /* U+2041 "⁁" */
    0x0, 0x0, 0x0, 0x48, 0x0, 0x0, 0x0, 0xd,
    0xf1, 0x0, 0x0, 0x8, 0xf7, 0x0, 0x0, 0x2,
    0xfc, 0x0, 0x0, 0x0, 0xbf, 0x30, 0x0, 0x0,
    0x5f, 0x90, 0x0, 0x0, 0x1e, 0xf7, 0x0, 0x0,
    0x9, 0xfe, 0xf1, 0x0, 0x3, 0xfb, 0x3f, 0xb0,
    0x0, 0xdf, 0x20, 0x9f, 0x50, 0x6, 0x60, 0x0,
    0xa3, 0x0,

    /* U+2042 "⁂" */
    0x0, 0x0, 0x44, 0xe3, 0x20, 0x0, 0x0, 0x0,
    0x7, 0xff, 0xe4, 0x0, 0x0, 0x0, 0x6, 0xff,
    0xff, 0xf3, 0x0, 0x0, 0x0, 0x6, 0xff, 0xe3,
    0x0, 0x0, 0x0, 0x0, 0xa8, 0xe9, 0x60, 0x0,
    0x0, 0x0, 0x0, 0x17, 0x0, 0x0, 0x0, 0x5,
    0x6c, 0x41, 0x3, 0x3f, 0x34, 0x0, 0xae, 0xfe,
    0x30, 0x6e, 0xfe, 0x70, 0x8f, 0xff, 0xff, 0x4f,
    0xff, 0xff, 0x51, 0x8f, 0xfd, 0x20, 0x4f, 0xff,
    0x50, 0xc, 0x9c, 0xb4, 0x8, 0x8f, 0x89, 0x0,
    0x2, 0x60, 0x0, 0x0, 0x80, 0x0,

    /* U+2043 "⁃" */
    0x4d, 0xdd, 0xdd, 0x5, 0xff, 0xff, 0xf0,

    /* U+2044 "⁄" */
    0x0, 0x0, 0x0, 0x0, 0x4, 0xf8, 0x0, 0x0,
    0x0, 0x0, 0x1e, 0xc0, 0x0, 0x0, 0x0, 0x0,
    0xbf, 0x20, 0x0, 0x0, 0x0, 0x6, 0xf5, 0x0,
    0x0, 0x0, 0x0, 0x2f, 0xa0, 0x0, 0x0, 0x0,
    0x0, 0xce, 0x10, 0x0, 0x0, 0x0, 0x8, 0xf3,
    0x0, 0x0, 0x0, 0x0, 0x4f, 0x80, 0x0, 0x0,
    0x0, 0x1, 0xec, 0x0, 0x0, 0x0, 0x0, 0xb,
    0xf2, 0x0, 0x0, 0x0, 0x0, 0x6f, 0x50, 0x0,
    0x0, 0x0, 0x2, 0xfa, 0x0, 0x0, 0x0, 0x0,
    0xc, 0xe1, 0x0, 0x0, 0x0, 0x0, 0x8f, 0x30,
    0x0, 0x0, 0x0, 0x0,

    /* U+2045 "⁅" */
    0xff, 0xff, 0x3f, 0xfc, 0xb2, 0xff, 0x20, 0xf,
    0xf2, 0x0, 0xff, 0x20, 0xf, 0xf2, 0x0, 0xff,
    0x20, 0xf, 0xf2, 0x0, 0xff, 0xff, 0x3f, 0xfb,
    0xb2, 0xff, 0x20, 0xf, 0xf2, 0x0, 0xff, 0x20,
    0xf, 0xf2, 0x0, 0xff, 0x20, 0xf, 0xf2, 0x0,
    0xff, 0xcb, 0x2f, 0xff, 0xf3,

    /* U+2046 "⁆" */
    0xdf, 0xff, 0x5a, 0xbe, 0xf5, 0x0, 0xcf, 0x50,
    0xc, 0xf5, 0x0, 0xcf, 0x50, 0xc, 0xf5, 0x0,
    0xcf, 0x50, 0xc, 0xf5, 0xdf, 0xff, 0x59, 0xbe,
    0xf5, 0x0, 0xcf, 0x50, 0xc, 0xf5, 0x0, 0xcf,
    0x50, 0xc, 0xf5, 0x0, 0xcf, 0x50, 0xc, 0xf5,
    0x9b, 0xef, 0x5d, 0xff, 0xf5,

    /* U+2047 "⁇" */
    0x0, 0x4b, 0xef, 0xd8, 0x0, 0x0, 0x7, 0xdf,
    0xeb, 0x40, 0x0, 0x5f, 0xfe, 0xdf, 0xfc, 0x0,
    0xc, 0xff, 0xde, 0xff, 0x50, 0xe, 0xf8, 0x0,
    0x3f, 0xf5, 0x6, 0xfe, 0x20, 0x9, 0xfe, 0x1,
    0xcc, 0x0, 0x0, 0xbf, 0x80, 0x7c, 0x70, 0x0,
    0x2f, 0xf1, 0x0, 0x0, 0x0, 0xd, 0xf6, 0x0,
    0x0, 0x0, 0x5, 0xff, 0x0, 0x0, 0x0, 0x1b,
    0xfe, 0x10, 0x0, 0x0, 0x4, 0xff, 0x80, 0x0,
    0x0, 0x3e, 0xfc, 0x20, 0x0, 0x0, 0x9, 0xff,
    0x80, 0x0, 0x0, 0xe, 0xf9, 0x0, 0x0, 0x0,
    0x5, 0xff, 0x30, 0x0, 0x0, 0x2, 0xfe, 0x0,
    0x0, 0x0, 0x0, 0x9f, 0x70, 0x0, 0x0, 0x0,
    0x29, 0x80, 0x0, 0x0, 0x0, 0x6, 0x93, 0x0,
    0x0, 0x0, 0x0, 0x0, 0x0, 0x0, 0x0, 0x0,
    0x0, 0x0, 0x0, 0x0, 0x0, 0x2c, 0x90, 0x0,
    0x0, 0x0, 0x7, 0xc4, 0x0, 0x0, 0x0, 0x9,
    0xff, 0x30, 0x0, 0x0, 0x0, 0xff, 0xc0, 0x0,
    0x0, 0x0, 0x4e, 0xc0, 0x0, 0x0, 0x0, 0xa,
    0xf6, 0x0, 0x0,

    /* U+2048 "⁈" */
    0x0, 0x3b, 0xef, 0xd7, 0x0, 0x0, 0x9f, 0xc0,
    0x5, 0xff, 0xed, 0xff, 0xb0, 0x0, 0x9f, 0xc0,
    0xe, 0xf9, 0x0, 0x4f, 0xf5, 0x0, 0x9f, 0xb0,
    0x2f, 0xe1, 0x0, 0xb, 0xf8, 0x0, 0x8f, 0xb0,
    0x0, 0x0, 0x0, 0xc, 0xf7, 0x0, 0x8f, 0xb0,
    0x0, 0x0, 0x0, 0x7f, 0xf2, 0x0, 0x8f, 0xb0,
    0x0, 0x0, 0xa, 0xff, 0x70, 0x0, 0x8f, 0xa0,
    0x0, 0x0, 0xbf, 0xe4, 0x0, 0x0, 0x7f, 0xa0,
    0x0, 0x1, 0xff, 0x30, 0x0, 0x0, 0x7f, 0xa0,
    0x0, 0x3, 0xfd, 0x0, 0x0, 0x0, 0x7f, 0xa0,
    0x0, 0x0, 0x22, 0x0, 0x0, 0x0, 0x0, 0x0,
    0x0, 0x2, 0xc9, 0x0, 0x0, 0x0, 0x5c, 0x70,
    0x0, 0x9, 0xff, 0x30, 0x0, 0x0, 0xcf, 0xf0,
    0x0, 0x4, 0xec, 0x0, 0x0, 0x0, 0x7f, 0x90,

    /* U+2049 "⁉" */
    0x2f, 0xf3, 0x0, 0x3, 0xbe, 0xfd, 0x80, 0x2,
    0xff, 0x30, 0x4, 0xff, 0xca, 0xef, 0xc0, 0x1f,
    0xf3, 0x0, 0xdf, 0x80, 0x1, 0xef, 0x61, 0xff,
    0x20, 0xc, 0xc1, 0x0, 0x9, 0xf9, 0x1f, 0xf2,
    0x0, 0x0, 0x0, 0x0, 0xcf, 0x81, 0xff, 0x20,
    0x0, 0x0, 0x0, 0x9f, 0xf3, 0xf, 0xf2, 0x0,
    0x0, 0x1, 0xbf, 0xf6, 0x0, 0xff, 0x10, 0x0,
    0x0, 0xbf, 0xd3, 0x0, 0xf, 0xf1, 0x0, 0x0,
    0xf, 0xf2, 0x0, 0x0, 0xdd, 0x10, 0x0, 0x2,
    0xfe, 0x0, 0x0, 0x0, 0x0, 0x0, 0x0, 0x0,
    0x0, 0x0, 0x0, 0xab, 0x10, 0x0, 0x2, 0xba,
    0x0, 0x0, 0x5f, 0xf7, 0x0, 0x0, 0x8f, 0xf4,
    0x0, 0x1, 0xde, 0x20, 0x0, 0x3, 0xed, 0x10,
    0x0,

    /* U+204A "⁊" */
    0x2f, 0xff, 0xff, 0xff, 0x11, 0xee, 0xee, 0xef,
    0xf0, 0x0, 0x0, 0x0, 0xfe, 0x0, 0x0, 0x0,
    0x1f, 0xc0, 0x0, 0x0, 0x2, 0xfb, 0x0, 0x0,
    0x0, 0x4f, 0x90, 0x0, 0x0, 0x5, 0xf8, 0x0,
    0x0, 0x0, 0x7f, 0x60, 0x0, 0x0, 0x8, 0xf4,
    0x0, 0x0, 0x0, 0xaf, 0x30, 0x0, 0x0, 0xb,
    0xf1, 0x0, 0x0, 0x0, 0xdf, 0x0, 0x0, 0x0,
    0xf, 0xe0, 0x0, 0x0, 0x0, 0xfc, 0x0, 0x0,
    0x0, 0x2f, 0xb0, 0x0,

    /* U+204B "⁋" */
    0x6f, 0xff, 0xff, 0xd8, 0x10, 0x6, 0xfe, 0xde,
    0xff, 0xfe, 0x10, 0x6f, 0x90, 0xaf, 0xff, 0xfa,
    0x6, 0xf9, 0xa, 0xff, 0xff, 0xf0, 0x6f, 0x90,
    0xaf, 0xff, 0xff, 0x6, 0xf9, 0xa, 0xff, 0xff,
    0xe0, 0x6f, 0x90, 0xaf, 0xff, 0xf8, 0x6, 0xf9,
    0xa, 0xff, 0xfc, 0x0, 0x6f, 0x90, 0x8d, 0xb6,
    0x0, 0x6, 0xf9, 0x0, 0x0, 0x0, 0x0, 0x6f,
    0x90, 0x0, 0x0, 0x0, 0x6, 0xf9, 0x0, 0x0,
    0x0, 0x0, 0x6f, 0x90, 0x0, 0x0, 0x0, 0x6,
    0xf9, 0x0, 0x0, 0x0, 0x0,

    /* U+204C "⁌" */
    0x0, 0x8d, 0xff, 0xff, 0xf6, 0xb, 0xff, 0xfd,
    0x9d, 0xf6, 0x5f, 0xff, 0xfa, 0x9, 0xf6, 0x8f,
    0xff, 0xfa, 0x9, 0xf6, 0x8f, 0xff, 0xfa, 0x9,
    0xf6, 0x5f, 0xff, 0xfa, 0x9, 0xf6, 0xb, 0xff,
    0xfd, 0x9d, 0xf6, 0x0, 0x8d, 0xff, 0xff, 0xf6,

    /* U+204D "⁍" */
    0x7f, 0xff, 0xff, 0xd7, 0x0, 0x7f, 0xc9, 0xdf,
    0xff, 0xb0, 0x7f, 0x90, 0xbf, 0xff, 0xf4, 0x7f,
    0x90, 0xbf, 0xff, 0xf7, 0x7f, 0x90, 0xbf, 0xff,
    0xf7, 0x7f, 0x90, 0xbf, 0xff, 0xf4, 0x7f, 0xc9,
    0xdf, 0xff, 0xb0, 0x7f, 0xff, 0xff, 0xd7, 0x0,

    /* U+204E "⁎" */
    0x0, 0x1, 0x20, 0x0, 0x0, 0x0, 0x8f, 0x0,
    0x0, 0x28, 0x7, 0xe0, 0x36, 0x7, 0xfd, 0xae,
    0x9f, 0xd0, 0x3, 0xbf, 0xfe, 0x60, 0x0, 0x5d,
    0xff, 0xf8, 0x10, 0x8f, 0xb9, 0xe7, 0xfe, 0x1,
    0x50, 0x8e, 0x2, 0x50, 0x0, 0x8, 0xf0, 0x0,
    0x0,

    /* U+204F "⁏" */
    0x1d, 0xd2, 0x5, 0xff, 0x60, 0xb, 0xb1, 0x0,
    0x0, 0x0, 0x0, 0x0, 0x0, 0x0, 0x0, 0x0,
    0x0, 0x0, 0x0, 0x0, 0xa, 0xb3, 0x0, 0xbf,
    0x60, 0x7, 0xf9, 0x0, 0x2f, 0xb0, 0x0, 0xed,
    0x0, 0x9, 0xf0,

    /* U+2050 "⁐" */
    0x0, 0x0, 0x14, 0x67, 0x77, 0x52, 0x0, 0x0,
    0x0, 0x3b, 0xff, 0xff, 0xff, 0xff, 0xd6, 0x0,
    0x9, 0xff, 0xeb, 0x98, 0x89, 0xad, 0xff, 0xc1,
    0x2d, 0x93, 0x0, 0x0, 0x0, 0x0, 0x17, 0xe5,
    0x0, 0x0, 0x0, 0x0, 0x0, 0x0, 0x0, 0x0,
    0x0, 0x0, 0x0, 0x0, 0x0, 0x0, 0x0, 0x0,
    0x0, 0x0, 0x0, 0x0, 0x0, 0x0, 0x0, 0x0,
    0x0, 0x0, 0x0, 0x0, 0x0, 0x0, 0x0, 0x0,
    0x0, 0x0, 0x0, 0x0, 0x0, 0x0, 0x0, 0x0,
    0x0, 0x0, 0x0, 0x0, 0x0, 0x0, 0x0, 0x0,
    0x0, 0x0, 0x0, 0x0, 0x0, 0x0, 0x0, 0x0,
    0x0, 0x0, 0x0, 0x0, 0x0, 0x0, 0x0, 0x0,
    0x0, 0x0, 0x0, 0x0, 0x0, 0x0, 0x0, 0x0,
    0x0, 0x0, 0x0, 0x0, 0x0, 0x0, 0x0, 0x0,
    0x0, 0x0, 0x0, 0x0, 0x0, 0x0, 0x0, 0x0,
    0x0, 0x0, 0x0, 0x0, 0x0, 0x0, 0x0, 0x0,
    0x5, 0x20, 0x0, 0x0, 0x0, 0x0, 0x0, 0x51,
    0x2f, 0xfb, 0x63, 0x10, 0x1, 0x25, 0x9e, 0xf7,
    0x2, 0xcf, 0xff, 0xff, 0xff, 0xff, 0xfe, 0x60,
    0x0, 0x4, 0x9c, 0xff, 0xff, 0xdb, 0x60, 0x0,
    0x0, 0x0, 0x0, 0x0, 0x0, 0x0, 0x0, 0x0,

    /* U+2051 "⁑" */
    0x0, 0x8, 0xf0, 0x0, 0x1, 0x50, 0x7e, 0x2,
    0x50, 0x8f, 0xb9, 0xe7, 0xfe, 0x0, 0x5d, 0xff,
    0xf9, 0x10, 0x3, 0xbf, 0xfe, 0x60, 0x7, 0xfd,
    0xae, 0x9f, 0xd0, 0x28, 0x7, 0xe0, 0x36, 0x0,
    0x0, 0x8f, 0x0, 0x0, 0x0, 0x1, 0x20, 0x0,
    0x0, 0x0, 0x11, 0x0, 0x0, 0x0, 0x8, 0xf0,
    0x0, 0x2, 0x70, 0x7e, 0x3, 0x60, 0x7f, 0xda,
    0xe9, 0xfd, 0x0, 0x3b, 0xff, 0xe7, 0x0, 0x5,
    0xdf, 0xff, 0x81, 0x7, 0xfb, 0x9e, 0x7f, 0xe0,
    0x15, 0x7, 0xe0, 0x25, 0x0, 0x0, 0x8f, 0x0,
    0x0,

    /* U+2052 "⁒" */
    0x0, 0x0, 0x0, 0x0, 0x0, 0x9f, 0x30, 0x4e,
    0xc1, 0x0, 0x0, 0x4, 0xf7, 0x0, 0xcf, 0xf7,
    0x0, 0x0, 0x1e, 0xc0, 0x0, 0x9f, 0xf4, 0x0,
    0x0, 0xbe, 0x10, 0x0, 0x4, 0x30, 0x0, 0x6,
    0xf5, 0x0, 0x0, 0x0, 0x0, 0x0, 0x2f, 0x90,
    0x0, 0x0, 0x0, 0x0, 0x0, 0xdd, 0x0, 0x0,
    0x0, 0x0, 0x0, 0x9, 0xf3, 0x0, 0x0, 0x0,
    0x0, 0x0, 0x4f, 0x70, 0x0, 0x15, 0x10, 0x0,
    0x1, 0xec, 0x0, 0x0, 0xef, 0xe0, 0x0, 0xb,
    0xe1, 0x0, 0x2, 0xff, 0xf2, 0x0, 0x6f, 0x50,
    0x0, 0x0, 0x9f, 0x90, 0x2, 0xf9, 0x0, 0x0,
    0x0, 0x0, 0x0, 0xd, 0xd0, 0x0, 0x0, 0x0,
    0x0, 0x0,

    /* U+2053 "⁓" */
    0x5, 0xbd, 0xb5, 0x0, 0x0, 0x0, 0x8, 0xff,
    0xff, 0xfd, 0x50, 0x3, 0x80, 0x2b, 0x20, 0x29,
    0xff, 0xff, 0xff, 0x40, 0x0, 0x0, 0x2, 0x9e,
    0xfc, 0x50,

    /* U+2054 "⁔" */
    0x0, 0x0, 0x0, 0x0, 0x0, 0x0, 0x0, 0x0,
    0x0, 0x3, 0x8c, 0xef, 0xfe, 0xda, 0x61, 0x0,
    0x1, 0xbf, 0xff, 0xff, 0xff, 0xff, 0xff, 0x70,
    0x1e, 0xfc, 0x63, 0x10, 0x1, 0x25, 0x9e, 0xfa,
    0x4, 0x20, 0x0, 0x0, 0x0, 0x0, 0x0, 0x52,

    /* U+2055 "⁕" */
    0x0, 0x0, 0xbd, 0x0, 0x0, 0x2, 0xd2, 0xce,
    0x1d, 0x40, 0x5, 0xfe, 0xef, 0xdf, 0x70, 0x0,
    0x7f, 0xff, 0xf9, 0x0, 0x7f, 0xff, 0xff, 0xff,
    0xf8, 0x5b, 0xbf, 0xff, 0xfc, 0xb6, 0x1, 0xcf,
    0xff, 0xfd, 0x10, 0x6, 0xf7, 0xde, 0x6f, 0x80,
    0x0, 0x20, 0xde, 0x2, 0x0,

    /* U+2057 "⁗" */
    0x8f, 0xa0, 0xc, 0xf6, 0x0, 0xff, 0x20, 0x4f,
    0xe0, 0x9f, 0x60, 0xd, 0xf2, 0x1, 0xfe, 0x0,
    0x5f, 0xa0, 0xbf, 0x30, 0xf, 0xf0, 0x2, 0xfb,
    0x0, 0x7f, 0x70, 0xcf, 0x0, 0xf, 0xb0, 0x4,
    0xf7, 0x0, 0x8f, 0x30, 0xec, 0x0, 0x2f, 0x80,
    0x5, 0xf4, 0x0, 0xaf, 0x0, 0x53, 0x0, 0x15,
    0x10, 0x2, 0x50, 0x0, 0x34, 0x0,

    /* U+2070 "⁰" */
    0x0, 0x6d, 0xfe, 0xa1, 0x0, 0x5f, 0xe9, 0xcf,
    0xc0, 0xd, 0xf3, 0x0, 0xcf, 0x40, 0xff, 0x0,
    0x8, 0xf7, 0xf, 0xf0, 0x0, 0x8f, 0x70, 0xdf,
    0x30, 0xc, 0xf4, 0x5, 0xfe, 0x9c, 0xfc, 0x0,
    0x6, 0xdf, 0xea, 0x10,

    /* U+2071 "ⁱ" */
    0x45, 0xd, 0xf0, 0x11, 0xd, 0xf0, 0xdf, 0xd,
    0xf0, 0xdf, 0xd, 0xf0, 0xdf, 0x0,

    /* U+2074 "⁴" */
    0x0, 0x0, 0x7f, 0xf5, 0x0, 0x0, 0x4f, 0xff,
    0x50, 0x0, 0x2e, 0xe8, 0xf5, 0x0, 0xd, 0xf2,
    0x6f, 0x50, 0xa, 0xf6, 0x17, 0xf6, 0x0, 0xff,
    0xff, 0xff, 0xf7, 0x4, 0x44, 0x4a, 0xf8, 0x20,
    0x0, 0x0, 0x7f, 0x50,

    /* U+2075 "⁵" */
    0x1f, 0xff, 0xff, 0xa0, 0x3f, 0xb8, 0x88, 0x50,
    0x5f, 0x50, 0x0, 0x0, 0x6f, 0xae, 0xfc, 0x20,
    0x39, 0x84, 0x7f, 0xe0, 0x34, 0x0, 0xc, 0xf0,
    0x8f, 0xc7, 0xaf, 0xb0, 0x8, 0xdf, 0xe9, 0x10,

    /* U+2076 "⁶" */
    0x0, 0x5d, 0xfe, 0x80, 0x0, 0x5f, 0xfb, 0xdf,
    0xa0, 0xd, 0xf4, 0x0, 0x77, 0x0, 0xfe, 0x6e,
    0xfd, 0x30, 0xf, 0xf9, 0x46, 0xfe, 0x0, 0xef,
    0x0, 0xb, 0xf1, 0x7, 0xfc, 0x79, 0xfc, 0x0,
    0x6, 0xdf, 0xe9, 0x10,

    /* U+2077 "⁷" */
    0x3f, 0xff, 0xff, 0xf7, 0x18, 0x88, 0x8d, 0xf5,
    0x0, 0x0, 0x2f, 0xd0, 0x0, 0x0, 0xcf, 0x30,
    0x0, 0x6, 0xf9, 0x0, 0x0, 0x1e, 0xe1, 0x0,
    0x0, 0x9f, 0x50, 0x0, 0x3, 0xfb, 0x0, 0x0,

    /* U+2078 "⁸" */
    0x0, 0x8d, 0xfe, 0xa1, 0x0, 0x9f, 0xb7, 0x9f,
    0xc0, 0x8, 0xf6, 0x14, 0xfb, 0x0, 0xa, 0xff,
    0xfc, 0x10, 0xa, 0xf9, 0x47, 0xfc, 0x0, 0xff,
    0x0, 0xc, 0xf3, 0xc, 0xfa, 0x58, 0xfe, 0x10,
    0x19, 0xef, 0xea, 0x20,

    /* U+2079 "⁹" */
    0x0, 0x8e, 0xfd, 0x70, 0x0, 0xbf, 0xb8, 0xcf,
    0x80, 0xf, 0xd0, 0x0, 0xff, 0x0, 0xef, 0x41,
    0x5f, 0xf2, 0x4, 0xef, 0xfa, 0xdf, 0x10, 0x56,
    0x31, 0x3f, 0xe0, 0x9, 0xfd, 0xbf, 0xf6, 0x0,
    0x8, 0xef, 0xd6, 0x0,

    /* U+207A "⁺" */
    0x0, 0x5f, 0x30, 0x1, 0x26, 0xf4, 0x20, 0xaf,
    0xff, 0xff, 0x73, 0x58, 0xf7, 0x52, 0x0, 0x5f,
    0x30, 0x0, 0x3, 0xa2, 0x0,

    /* U+207B "⁻" */
    0x58, 0x88, 0x88, 0x49, 0xff, 0xff, 0xf7,

    /* U+207C "⁼" */
    0x8f, 0xff, 0xff, 0x64, 0x88, 0x88, 0x83, 0x48,
    0x88, 0x88, 0x38, 0xff, 0xff, 0xf6,

    /* U+207D "⁽" */
    0x0, 0x0, 0x3, 0xf8, 0xb, 0xf1, 0x1f, 0xb0,
    0x6f, 0x80, 0x8f, 0x60, 0x9f, 0x50, 0x7f, 0x70,
    0x3f, 0xb0, 0xc, 0xf1, 0x3, 0xf8,

    /* U+207E "⁾" */
    0x0, 0x0, 0x0, 0xfb, 0x0, 0x8, 0xf4, 0x0,
    0x3f, 0xa0, 0x0, 0xfe, 0x0, 0xd, 0xf0, 0x0,
    0xdf, 0x10, 0xe, 0xf0, 0x3, 0xfb, 0x0, 0x9f,
    0x50, 0x1f, 0xc0, 0x0,

    /* U+207F "ⁿ" */
    0xdd, 0x5e, 0xfa, 0x1d, 0xfb, 0x7c, 0xf9, 0xdf,
    0x0, 0x2f, 0xbd, 0xf0, 0x2, 0xfc, 0xdf, 0x0,
    0x2f, 0xcd, 0xf0, 0x2, 0xfc,

    /* U+2080 "₀" */
    0x0, 0x6d, 0xfe, 0xa1, 0x0, 0x5f, 0xe8, 0xbf,
    0xc0, 0xd, 0xf3, 0x0, 0xcf, 0x40, 0xff, 0x0,
    0x8, 0xf7, 0xf, 0xf0, 0x0, 0x8f, 0x70, 0xdf,
    0x20, 0xc, 0xf4, 0x5, 0xfe, 0x8b, 0xfc, 0x0,
    0x6, 0xdf, 0xea, 0x10,

    /* U+2081 "₁" */
    0x1a, 0xff, 0x1f, 0xee, 0xf1, 0x80, 0xcf, 0x10,
    0xc, 0xf1, 0x0, 0xcf, 0x10, 0xc, 0xf1, 0x0,
    0xcf, 0x10, 0xc, 0xf1,

    /* U+2082 "₂" */
    0x19, 0xef, 0xd7, 0xa, 0xf9, 0x6c, 0xf6, 0x66,
    0x0, 0x3f, 0xa0, 0x0, 0xb, 0xf5, 0x0, 0x2d,
    0xf8, 0x0, 0x5f, 0xe4, 0x0, 0x8f, 0xf8, 0x77,
    0x6d, 0xff, 0xff, 0xff,

    /* U+2083 "₃" */
    0x0, 0x8e, 0xfe, 0x90, 0x0, 0xaf, 0xa7, 0xaf,
    0xa0, 0x1, 0x20, 0x4, 0xfa, 0x0, 0x0, 0x7f,
    0xfb, 0x0, 0x0, 0x1, 0x37, 0xfc, 0x0, 0x66,
    0x0, 0xe, 0xf2, 0xb, 0xfb, 0x7b, 0xfd, 0x0,
    0x8, 0xef, 0xe9, 0x10,

    /* U+2084 "₄" */
    0x0, 0x0, 0x5f, 0xf5, 0x0, 0x0, 0x1e, 0xff,
    0x50, 0x0, 0xb, 0xfc, 0xf5, 0x0, 0x6, 0xfa,
    0x6f, 0x50, 0x1, 0xfe, 0x6, 0xf5, 0x0, 0xbf,
    0x51, 0x7f, 0x60, 0xf, 0xff, 0xff, 0xff, 0x70,
    0x44, 0x44, 0x9f, 0x82,

    /* U+2085 "₅" */
    0x1f, 0xff, 0xff, 0xa0, 0x3f, 0xa6, 0x66, 0x40,
    0x5f, 0x50, 0x0, 0x0, 0x7f, 0xae, 0xfb, 0x20,
    0x38, 0x83, 0x7f, 0xd0, 0x34, 0x0, 0xc, 0xf0,
    0x8f, 0xb6, 0x9f, 0xb0, 0x8, 0xdf, 0xe9, 0x10,

    /* U+2086 "₆" */
    0x0, 0x5d, 0xfe, 0x80, 0x0, 0x5f, 0xea, 0xcf,
    0xa0, 0xd, 0xf3, 0x0, 0x77, 0x0, 0xfe, 0x6d,
    0xfc, 0x30, 0xf, 0xf9, 0x36, 0xfe, 0x0, 0xef,
    0x0, 0xb, 0xf1, 0x7, 0xfb, 0x68, 0xfc, 0x0,
    0x6, 0xdf, 0xe9, 0x10,

    /* U+2087 "₇" */
    0x3f, 0xff, 0xff, 0xf7, 0x17, 0x77, 0x7d, 0xf5,
    0x0, 0x0, 0x3f, 0xc0, 0x0, 0x0, 0xcf, 0x30,
    0x0, 0x6, 0xf8, 0x0, 0x0, 0x1e, 0xe0, 0x0,
    0x0, 0xaf, 0x50, 0x0, 0x3, 0xfb, 0x0, 0x0,

    /* U+2088 "₈" */
    0x0, 0x8d, 0xfd, 0xa1, 0x0, 0x9f, 0xa5, 0x8f,
    0xc0, 0x8, 0xf6, 0x14, 0xfb, 0x0, 0xa, 0xff,
    0xfc, 0x10, 0x9, 0xf8, 0x36, 0xfc, 0x0, 0xff,
    0x0, 0xb, 0xf3, 0xc, 0xf9, 0x47, 0xfe, 0x10,
    0x19, 0xef, 0xea, 0x20,

    /* U+2089 "₉" */
    0x0, 0x8e, 0xfd, 0x70, 0x0, 0xbf, 0xa6, 0xbf,
    0x80, 0xf, 0xd0, 0x0, 0xff, 0x0, 0xef, 0x40,
    0x5f, 0xf2, 0x4, 0xef, 0xfa, 0xdf, 0x10, 0x56,
    0x21, 0x2f, 0xe0, 0x9, 0xfc, 0x9e, 0xf6, 0x0,
    0x8, 0xef, 0xd6, 0x0,

    /* U+208A "₊" */
    0x0, 0x5f, 0x30, 0x0, 0x16, 0xf4, 0x10, 0xaf,
    0xff, 0xff, 0x72, 0x48, 0xf6, 0x42, 0x0, 0x5f,
    0x30, 0x0, 0x1, 0x40, 0x0,

    /* U+208B "₋" */
    0x12, 0x22, 0x22, 0x9, 0xff, 0xff, 0xf7, 0x35,
    0x55, 0x55, 0x20,

    /* U+208C "₌" */
    0x8f, 0xff, 0xff, 0x63, 0x66, 0x66, 0x62, 0x1,
    0x11, 0x11, 0x8, 0xff, 0xff, 0xf6, 0x24, 0x44,
    0x44, 0x10,

    /* U+208D "₍" */
    0x0, 0x54, 0x7, 0xf5, 0xe, 0xe0, 0x4f, 0x90,
    0x7f, 0x60, 0x9f, 0x50, 0x7f, 0x60, 0x4f, 0xa0,
    0xd, 0xf1, 0x4, 0xf8,

    /* U+208E "₎" */
    0x6, 0x30, 0x0, 0xce, 0x10, 0x6, 0xf7, 0x0,
    0x1f, 0xc0, 0x0, 0xef, 0x0, 0xd, 0xf1, 0x0,
    0xef, 0x0, 0x2f, 0xc0, 0x8, 0xf5, 0x1, 0xfc,
    0x0,

    /* U+2090 "ₐ" */
    0x3, 0xbf, 0xeb, 0x30, 0x9, 0xb4, 0x5f, 0xe0,
    0x1, 0x79, 0xaf, 0xf0, 0x1f, 0xe8, 0x5e, 0xf0,
    0x3f, 0xa2, 0x5f, 0xf0, 0x9, 0xff, 0xac, 0xf0,

    /* U+2091 "ₑ" */
    0x1, 0x9e, 0xfd, 0x60, 0xb, 0xe5, 0x49, 0xf5,
    0x1f, 0xff, 0xff, 0xf9, 0x1f, 0xc0, 0x0, 0x0,
    0xb, 0xf8, 0x4a, 0xd3, 0x1, 0x9e, 0xfd, 0x70,

    /* U+2092 "ₒ" */
    0x0, 0x9e, 0xfd, 0x60, 0xb, 0xf8, 0x5c, 0xf6,
    0x1f, 0xd0, 0x2, 0xfb, 0x1f, 0xd0, 0x2, 0xfb,
    0xb, 0xf9, 0x5c, 0xf6, 0x1, 0x9e, 0xfd, 0x60,

    /* U+2093 "ₓ" */
    0x1e, 0xe1, 0xb, 0xf4, 0x4, 0xfb, 0x7f, 0x80,
    0x0, 0x8f, 0xfc, 0x0, 0x0, 0xaf, 0xed, 0x0,
    0x6, 0xf9, 0x6f, 0x90, 0x2f, 0xd0, 0xa, 0xf5,

    /* U+2094 "ₔ" */
    0x0, 0x1, 0x0, 0x0, 0x1b, 0xff, 0xfa, 0x10,
    0x5f, 0x85, 0xaf, 0xc0, 0x12, 0x11, 0x1d, 0xf3,
    0xef, 0xff, 0xff, 0xf4, 0xcf, 0x54, 0x4d, 0xf2,
    0x5f, 0xc8, 0xbf, 0xa0, 0x6, 0xdf, 0xe8, 0x0,

    /* U+2095 "ₕ" */
    0xdf, 0x0, 0x0, 0xd, 0xf0, 0x0, 0x0, 0xdf,
    0x5e, 0xfa, 0x1d, 0xfa, 0x7c, 0xf9, 0xdf, 0x0,
    0x2f, 0xbd, 0xf0, 0x2, 0xfc, 0xdf, 0x0, 0x2f,
    0xcd, 0xf0, 0x2, 0xfc,

    /* U+2096 "ₖ" */
    0xdf, 0x0, 0x0, 0xd, 0xf0, 0x0, 0x0, 0xdf,
    0x2, 0xdf, 0x3d, 0xf3, 0xef, 0x30, 0xdf, 0xff,
    0x40, 0xd, 0xfe, 0xfb, 0x0, 0xdf, 0xb, 0xf8,
    0xd, 0xf0, 0xc, 0xf5,

    /* U+2097 "ₗ" */
    0xdf, 0xdf, 0xdf, 0xdf, 0xdf, 0xdf, 0xdf, 0xdf,

    /* U+2098 "ₘ" */
    0xdd, 0x7e, 0xe5, 0x6e, 0xfa, 0xd, 0xf9, 0x7e,
    0xeb, 0x6c, 0xf6, 0xdf, 0x0, 0x9f, 0x30, 0x5f,
    0x8d, 0xf0, 0x9, 0xf3, 0x5, 0xf8, 0xdf, 0x0,
    0x9f, 0x30, 0x5f, 0x8d, 0xf0, 0x9, 0xf3, 0x5,
    0xf8,

    /* U+2099 "ₙ" */
    0xdd, 0x6e, 0xfa, 0x1d, 0xfa, 0x6b, 0xf9, 0xdf,
    0x0, 0x2f, 0xbd, 0xf0, 0x2, 0xfc, 0xdf, 0x0,
    0x2f, 0xcd, 0xf0, 0x2, 0xfc,

    /* U+209A "ₚ" */
    0xdf, 0x6e, 0xfb, 0x10, 0xdf, 0xa5, 0xaf, 0xb0,
    0xdf, 0x0, 0xf, 0xf0, 0xdf, 0x10, 0xf, 0xf0,
    0xdf, 0xb6, 0xaf, 0xb0, 0xdf, 0x6e, 0xfa, 0x10,
    0xdf, 0x0, 0x0, 0x0, 0xdf, 0x0, 0x0, 0x0,

    /* U+209B "ₛ" */
    0x3, 0xcf, 0xfc, 0x40, 0xe, 0xf4, 0x49, 0x50,
    0xc, 0xfc, 0x96, 0x10, 0x0, 0x58, 0xcf, 0xe1,
    0xa, 0xb4, 0x4d, 0xf1, 0x4, 0xcf, 0xfc, 0x40,

    /* U+209C "ₜ" */
    0xb, 0xf2, 0x0, 0xbf, 0x20, 0xaf, 0xff, 0x72,
    0xcf, 0x51, 0xb, 0xf2, 0x0, 0xbf, 0x20, 0xa,
    0xf8, 0x20, 0x3d, 0xf7,

    /* U+20A0 "₠" */
    0x0, 0x4, 0x76, 0x40, 0x0, 0x0, 0x0, 0x2d,
    0xff, 0xff, 0xd1, 0x0, 0x0, 0xe, 0xfb, 0x44,
    0xcf, 0xc0, 0x0, 0x6, 0xfd, 0x0, 0x2, 0xff,
    0x10, 0x0, 0x9f, 0x90, 0x0, 0x0, 0x0, 0x0,
    0x9, 0xf9, 0x2, 0xff, 0xff, 0xff, 0xf6, 0x9f,
    0x90, 0x2f, 0xfb, 0xbb, 0xbb, 0x47, 0xfd, 0x2,
    0xff, 0x0, 0x0, 0x0, 0x1f, 0xf8, 0x3f, 0xf0,
    0x0, 0x0, 0x0, 0x4f, 0xff, 0xff, 0xff, 0xff,
    0xa0, 0x0, 0x17, 0xaf, 0xfb, 0xbb, 0xb7, 0x0,
    0x0, 0x2, 0xff, 0x0, 0x0, 0x0, 0x0, 0x0,
    0x2f, 0xf0, 0x0, 0x0, 0x0, 0x0, 0x2, 0xff,
    0xbb, 0xbb, 0xb4, 0x0, 0x0, 0x2f, 0xff, 0xff,
    0xff, 0x60,

    /* U+20A1 "₡" */
    0x0, 0x0, 0x0, 0x3, 0x30, 0x60, 0x0, 0x0,
    0x0, 0x0, 0x95, 0x1e, 0x0, 0x0, 0x0, 0x0,
    0xc, 0x24, 0xa0, 0x0, 0x0, 0x3a, 0xdf, 0xfb,
    0xb6, 0x0, 0x0, 0x8f, 0xff, 0xff, 0xff, 0xc2,
    0x0, 0x8f, 0xfa, 0x3b, 0x36, 0xff, 0xe1, 0x2f,
    0xf8, 0x0, 0xd0, 0x86, 0xdf, 0x78, 0xfd, 0x0,
    0x48, 0xd, 0x10, 0x0, 0xbf, 0x80, 0x9, 0x32,
    0xb0, 0x0, 0xd, 0xf6, 0x0, 0xc0, 0x76, 0x0,
    0x0, 0xdf, 0x50, 0x38, 0xd, 0x10, 0x0, 0xb,
    0xf6, 0x8, 0x32, 0xc0, 0x0, 0x0, 0x7f, 0x90,
    0xb0, 0x76, 0x0, 0xae, 0x72, 0xfe, 0x38, 0xd,
    0x10, 0x4f, 0xf3, 0x7, 0xfe, 0xa4, 0xc2, 0x7f,
    0xfb, 0x0, 0x8, 0xff, 0xff, 0xff, 0xfb, 0x0,
    0x0, 0x5b, 0x9f, 0xfe, 0xb5, 0x0, 0x0, 0xa,
    0x41, 0xd0, 0x0, 0x0, 0x0, 0x0, 0x70, 0x24,
    0x0, 0x0, 0x0, 0x0,

    /* U+20A2 "₢" */
    0x0, 0x3, 0xad, 0xfe, 0xb6, 0x0, 0x0, 0x9,
    0xff, 0xff, 0xff, 0xfc, 0x10, 0x8, 0xff, 0x92,
    0x1, 0x6e, 0xfc, 0x2, 0xff, 0x60, 0x0, 0x0,
    0x1f, 0xf4, 0x8f, 0xc0, 0x0, 0x0, 0x0, 0x24,
    0x2b, 0xf7, 0x0, 0x47, 0x20, 0x56, 0x20, 0xdf,
    0x50, 0xa, 0xf7, 0xdf, 0xf5, 0xd, 0xf5, 0x0,
    0xaf, 0xfd, 0x77, 0x0, 0xbf, 0x70, 0xa, 0xfe,
    0x10, 0x0, 0x8, 0xfd, 0x0, 0xaf, 0x80, 0x9,
    0xc5, 0x2f, 0xf6, 0xa, 0xf6, 0x4, 0xff, 0x20,
    0x8f, 0xf9, 0xbf, 0x87, 0xff, 0x90, 0x0, 0x9f,
    0xff, 0xff, 0xff, 0xa0, 0x0, 0x0, 0x3a, 0xdf,
    0xeb, 0x50, 0x0,

    /* U+20A3 "₣" */
    0x0, 0xf, 0xff, 0xff, 0xff, 0xff, 0x0, 0x0,
    0xff, 0xee, 0xee, 0xee, 0xe0, 0x0, 0xf, 0xf3,
    0x0, 0x0, 0x0, 0x0, 0x0, 0xff, 0x30, 0x0,
    0x0, 0x0, 0x0, 0xf, 0xf3, 0x0, 0x0, 0x0,
    0x0, 0x0, 0xff, 0x30, 0x0, 0x0, 0x0, 0x0,
    0xf, 0xfe, 0xee, 0xee, 0xe5, 0x0, 0x0, 0xff,
    0xff, 0xff, 0xff, 0x60, 0x0, 0xf, 0xf3, 0x0,
    0x0, 0x0, 0x0, 0x1, 0xff, 0x30, 0x0, 0x0,
    0x0, 0x3f, 0xff, 0xff, 0xf5, 0x0, 0x0, 0x0,
    0x34, 0xff, 0x63, 0x10, 0x0, 0x0, 0x0, 0xf,
    0xf3, 0x0, 0x0, 0x0, 0x0, 0x0, 0xff, 0x30,
    0x0, 0x0, 0x0,

    /* U+20A4 "₤" */
    0x0, 0x7, 0xcf, 0xeb, 0x40, 0x0, 0xb, 0xff,
    0xff, 0xff, 0x60, 0x5, 0xff, 0x40, 0x6, 0xff,
    0x0, 0x8f, 0x90, 0x0, 0x7, 0x71, 0x9, 0xf8,
    0x11, 0x11, 0x0, 0xf, 0xff, 0xff, 0xff, 0xf1,
    0x0, 0x3a, 0xfb, 0x44, 0x44, 0x0, 0x0, 0x8f,
    0xa1, 0x11, 0x10, 0x0, 0xff, 0xff, 0xff, 0xff,
    0x10, 0x3, 0x8f, 0xc4, 0x44, 0x40, 0x0, 0x6,
    0xfa, 0x0, 0x0, 0x12, 0x10, 0xbe, 0x30, 0x0,
    0xa, 0xf5, 0xff, 0xfe, 0xee, 0xee, 0xff, 0x2f,
    0xff, 0xff, 0xff, 0xfe, 0x60,

    /* U+20A5 "₥" */
    0x0, 0x0, 0x0, 0x0, 0x38, 0x30, 0x0, 0x0,
    0x0, 0x0, 0x0, 0xb, 0xf2, 0x0, 0x0, 0x9f,
    0x93, 0xcf, 0xc5, 0xff, 0xcf, 0xd6, 0x9, 0xfb,
    0xff, 0xff, 0xff, 0xff, 0xff, 0xf5, 0x9f, 0xf6,
    0x1, 0xcf, 0xf7, 0x1, 0xbf, 0xc9, 0xfc, 0x0,
    0x7, 0xfe, 0x0, 0x3, 0xfe, 0x9f, 0x90, 0x0,
    0xbf, 0xc0, 0x0, 0x3f, 0xf9, 0xf9, 0x0, 0x2f,
    0xfc, 0x0, 0x3, 0xff, 0x9f, 0x90, 0x8, 0xff,
    0xc0, 0x0, 0x3f, 0xf9, 0xf9, 0x0, 0xef, 0xfc,
    0x0, 0x3, 0xff, 0x9f, 0x90, 0x6f, 0xdf, 0xc0,
    0x0, 0x3f, 0xf9, 0xf9, 0xd, 0xf7, 0xfc, 0x0,
    0x3, 0xff, 0x9f, 0x93, 0xfa, 0x5f, 0xc0, 0x0,
    0x3f, 0xf0, 0x0, 0xaf, 0x30, 0x0, 0x0, 0x0,
    0x0,

    /* U+20A6 "₦" */
    0x3, 0xff, 0xb0, 0x0, 0x0, 0x8, 0xfb, 0x0,
    0x3f, 0xff, 0x60, 0x0, 0x0, 0x8f, 0xb0, 0x3,
    0xff, 0xff, 0x20, 0x0, 0x8, 0xfb, 0x0, 0x3f,
    0xf8, 0xfc, 0x0, 0x0, 0x8f, 0xb0, 0x14, 0xff,
    0x2e, 0xf7, 0x11, 0x19, 0xfb, 0x19, 0xff, 0xff,
    0xff, 0xff, 0xff, 0xff, 0xfe, 0x27, 0xff, 0x54,
    0xbf, 0xe4, 0x4a, 0xfc, 0x41, 0x4f, 0xf2, 0x13,
    0xff, 0x71, 0x9f, 0xb1, 0x9f, 0xff, 0xff, 0xff,
    0xff, 0xff, 0xff, 0xe2, 0x7f, 0xf5, 0x44, 0x4c,
    0xfc, 0xaf, 0xc4, 0x3, 0xff, 0x10, 0x0, 0x2f,
    0xfa, 0xfb, 0x0, 0x3f, 0xf1, 0x0, 0x0, 0x7f,
    0xff, 0xb0, 0x3, 0xff, 0x10, 0x0, 0x0, 0xdf,
    0xfb, 0x0, 0x3f, 0xf1, 0x0, 0x0, 0x3, 0xff,
    0xb0,

    /* U+20A7 "₧" */
    0x6f, 0xff, 0xff, 0xec, 0x60, 0x0, 0x0, 0x0,
    0x0, 0x6, 0xff, 0xee, 0xef, 0xff, 0xb0, 0x0,
    0x5f, 0xb0, 0x0, 0x6f, 0xd0, 0x0, 0x6, 0xff,
    0x60, 0x6, 0xfc, 0x0, 0x6, 0xfd, 0x0, 0x0,
    0x9, 0xfb, 0xf, 0xff, 0xff, 0xf0, 0x6f, 0xd0,
    0x0, 0x0, 0x6f, 0xd0, 0xbd, 0xff, 0xbb, 0x6,
    0xfd, 0x0, 0x0, 0xa, 0xfb, 0x0, 0x6f, 0xc0,
    0x0, 0x6f, 0xd0, 0x0, 0x17, 0xff, 0x50, 0x6,
    0xfc, 0x0, 0x6, 0xff, 0xff, 0xff, 0xff, 0xa0,
    0x0, 0x6f, 0xc0, 0x0, 0x6f, 0xfe, 0xed, 0xda,
    0x50, 0x0, 0x6, 0xfc, 0x0, 0x6, 0xfd, 0x0,
    0x0, 0x0, 0x0, 0x0, 0x6f, 0xc0, 0x0, 0x6f,
    0xd0, 0x0, 0x0, 0x0, 0x0, 0x6, 0xfc, 0x0,
    0x6, 0xfd, 0x0, 0x0, 0x0, 0x0, 0x0, 0x4f,
    0xd0, 0x0, 0x6f, 0xd0, 0x0, 0x0, 0x0, 0x0,
    0x1, 0xff, 0xcb, 0x6, 0xfd, 0x0, 0x0, 0x0,
    0x0, 0x0, 0x4, 0xcf, 0xf2,

    /* U+20A8 "₨" */
    0x6f, 0xff, 0xff, 0xec, 0x70, 0x0, 0x0, 0x0,
    0x0, 0x0, 0x6, 0xff, 0xee, 0xef, 0xff, 0xb0,
    0x0, 0x0, 0x0, 0x0, 0x0, 0x6f, 0xd0, 0x0,
    0x6, 0xff, 0x60, 0x0, 0x0, 0x0, 0x0, 0x6,
    0xfd, 0x0, 0x0, 0x9, 0xfb, 0x0, 0x2a, 0xef,
    0xd9, 0x10, 0x6f, 0xd0, 0x0, 0x0, 0x6f, 0xd0,
    0x2f, 0xfe, 0xbe, 0xfd, 0x6, 0xfd, 0x0, 0x0,
    0x9, 0xfb, 0x9, 0xfb, 0x0, 0xc, 0xf6, 0x6f,
    0xd0, 0x0, 0x17, 0xff, 0x60, 0xaf, 0x90, 0x0,
    0x23, 0x6, 0xff, 0xff, 0xff, 0xff, 0xa0, 0x6,
    0xff, 0xb7, 0x30, 0x0, 0x6f, 0xfe, 0xee, 0xff,
    0x80, 0x0, 0x7, 0xff, 0xff, 0xf8, 0x6, 0xfd,
    0x0, 0xb, 0xfc, 0x0, 0x0, 0x0, 0x48, 0xcf,
    0xf8, 0x6f, 0xd0, 0x0, 0x2f, 0xf5, 0x0, 0x0,
    0x0, 0x0, 0x9f, 0xc6, 0xfd, 0x0, 0x0, 0x8f,
    0xe0, 0xa, 0xe3, 0x0, 0x8, 0xfb, 0x6f, 0xd0,
    0x0, 0x0, 0xef, 0x80, 0x7f, 0xfa, 0x8b, 0xff,
    0x36, 0xfd, 0x0, 0x0, 0x6, 0xff, 0x20, 0x5b,
    0xef, 0xea, 0x20,

    /* U+20A9 "₩" */
    0x5f, 0xd0, 0x0, 0x0, 0x7f, 0xf1, 0x0, 0x0,
    0x3f, 0xf0, 0xf, 0xf2, 0x0, 0x0, 0xcf, 0xf6,
    0x0, 0x0, 0x7f, 0xa0, 0xb, 0xf6, 0x0, 0x1,
    0xff, 0xfb, 0x0, 0x0, 0xcf, 0x50, 0x6, 0xfb,
    0x0, 0x6, 0xfb, 0xff, 0x0, 0x1, 0xff, 0x0,
    0x5f, 0xff, 0xff, 0xff, 0xff, 0xff, 0xff, 0xff,
    0xff, 0xf0, 0x38, 0xef, 0xb8, 0x8f, 0xf8, 0xbf,
    0xd8, 0x8d, 0xfb, 0x80, 0x0, 0x9f, 0x70, 0x2f,
    0xd0, 0x3f, 0xc0, 0xd, 0xf3, 0x0, 0x38, 0xbf,
    0xd8, 0xbf, 0xd8, 0x9f, 0xf8, 0x8f, 0xf9, 0x80,
    0x5f, 0xff, 0xff, 0xff, 0xff, 0xff, 0xff, 0xff,
    0xff, 0xf0, 0x0, 0xc, 0xf3, 0xef, 0x10, 0x6,
    0xf8, 0x9f, 0x60, 0x0, 0x0, 0x8, 0xfb, 0xfc,
    0x0, 0x1, 0xfd, 0xdf, 0x20, 0x0, 0x0, 0x3,
    0xff, 0xf7, 0x0, 0x0, 0xdf, 0xfe, 0x0, 0x0,
    0x0, 0x0, 0xff, 0xf3, 0x0, 0x0, 0x8f, 0xf9,
    0x0, 0x0, 0x0, 0x0, 0xbf, 0xe0, 0x0, 0x0,
    0x4f, 0xf5, 0x0, 0x0,

    /* U+20AA "₪" */
    0x5f, 0xff, 0xff, 0xfe, 0xb2, 0x0, 0xdf, 0x65,
    0xff, 0xdd, 0xdd, 0xff, 0xe1, 0xd, 0xf6, 0x5f,
    0xd0, 0x0, 0x0, 0xdf, 0x60, 0xdf, 0x65, 0xfd,
    0x3, 0x64, 0xa, 0xf8, 0xd, 0xf6, 0x5f, 0xd0,
    0x8f, 0xb0, 0xaf, 0x80, 0xdf, 0x65, 0xfd, 0x8,
    0xfb, 0xa, 0xf8, 0xd, 0xf6, 0x5f, 0xd0, 0x8f,
    0xb0, 0xaf, 0x80, 0xdf, 0x65, 0xfd, 0x8, 0xfb,
    0x4, 0x63, 0xd, 0xf5, 0x5f, 0xd0, 0x8f, 0xb0,
    0x0, 0x1, 0xff, 0x35, 0xfd, 0x8, 0xff, 0xdd,
    0xdd, 0xff, 0xd0, 0x5f, 0xd0, 0x8f, 0xff, 0xff,
    0xfe, 0xa2, 0x0,

    /* U+20AB "₫" */
    0x0, 0x0, 0x0, 0x22, 0x6f, 0xf2, 0x0, 0x0,
    0x0, 0x4f, 0xff, 0xff, 0xf4, 0x0, 0x0, 0x1,
    0x55, 0x9f, 0xf5, 0x10, 0x0, 0x7d, 0xfd, 0x63,
    0xfe, 0x0, 0x0, 0xbf, 0xfe, 0xef, 0x9f, 0xe0,
    0x0, 0x6f, 0xf4, 0x0, 0x5f, 0xfe, 0x0, 0xc,
    0xf8, 0x0, 0x0, 0x9f, 0xe0, 0x0, 0xff, 0x30,
    0x0, 0x4, 0xfe, 0x0, 0xf, 0xf2, 0x0, 0x0,
    0x3f, 0xe0, 0x0, 0xff, 0x30, 0x0, 0x5, 0xfe,
    0x0, 0xc, 0xf8, 0x0, 0x0, 0x9f, 0xe0, 0x0,
    0x6f, 0xf4, 0x0, 0x5f, 0xfe, 0x0, 0x0, 0xbf,
    0xfe, 0xef, 0x8f, 0xe0, 0x0, 0x0, 0x7d, 0xfd,
    0x62, 0xfe, 0x0, 0x0, 0x0, 0x0, 0x0, 0x0,
    0x0, 0x0, 0x0, 0x0, 0x0, 0x0, 0x0, 0x0,
    0x6, 0xdd, 0xdd, 0xdd, 0xdd, 0xa0, 0x0, 0x7f,
    0xff, 0xff, 0xff, 0xfc, 0x0,

    /* U+20AC "€" */
    0x0, 0x0, 0x4, 0xbe, 0xfe, 0x92, 0x0, 0x0,
    0x9, 0xff, 0xff, 0xff, 0xf1, 0x0, 0x7, 0xff,
    0x82, 0x2, 0x9b, 0x0, 0x1, 0xff, 0x70, 0x0,
    0x0, 0x0, 0x1, 0x6f, 0xf2, 0x22, 0x22, 0x10,
    0x2, 0xff, 0xff, 0xff, 0xff, 0xf4, 0x0, 0x27,
    0xdf, 0xb7, 0x77, 0x75, 0x0, 0x2, 0xff, 0xff,
    0xff, 0xfe, 0x0, 0x0, 0x25, 0x9f, 0xe5, 0x55,
    0x30, 0x0, 0x0, 0x2, 0xff, 0x20, 0x0, 0x0,
    0x0, 0x0, 0xc, 0xfb, 0x0, 0x0, 0x1, 0x0,
    0x0, 0x3f, 0xfb, 0x30, 0x3b, 0xb0, 0x0, 0x0,
    0x5f, 0xff, 0xff, 0xff, 0x10, 0x0, 0x0, 0x2a,
    0xef, 0xea, 0x20,

    /* U+20AD "₭" */
    0x0, 0x4f, 0xf0, 0x0, 0x0, 0x2e, 0xfc, 0x0,
    0x4, 0xff, 0x0, 0x0, 0x3e, 0xfb, 0x0, 0x0,
    0x4f, 0xf0, 0x0, 0x3f, 0xfa, 0x0, 0x0, 0x4,
    0xff, 0x0, 0x4f, 0xf9, 0x0, 0x0, 0x0, 0x4f,
    0xf0, 0x4f, 0xf8, 0x0, 0x0, 0x6, 0xef, 0xff,
    0xef, 0xff, 0xee, 0xee, 0xe0, 0x7f, 0xff, 0xff,
    0xff, 0xff, 0xff, 0xff, 0x0, 0x4, 0xff, 0xfc,
    0xff, 0x60, 0x0, 0x0, 0x0, 0x4f, 0xfc, 0x7,
    0xff, 0x20, 0x0, 0x0, 0x4, 0xff, 0x10, 0xb,
    0xfd, 0x0, 0x0, 0x0, 0x4f, 0xf0, 0x0, 0x1e,
    0xfa, 0x0, 0x0, 0x4, 0xff, 0x0, 0x0, 0x4f,
    0xf6, 0x0, 0x0, 0x4f, 0xf0, 0x0, 0x0, 0x8f,
    0xf2, 0x0, 0x4, 0xff, 0x0, 0x0, 0x0, 0xcf,
    0xd0,

    /* U+20AE "₮" */
    0x2f, 0xff, 0xff, 0xff, 0xff, 0xff, 0x21, 0xee,
    0xee, 0xff, 0xfe, 0xee, 0xe2, 0x0, 0x0, 0x9,
    0xfa, 0x0, 0x0, 0x0, 0x0, 0x0, 0x9f, 0xa0,
    0x0, 0x0, 0x0, 0x0, 0x9, 0xfb, 0x7d, 0x0,
    0x0, 0x0, 0x0, 0xaf, 0xfe, 0x90, 0x0, 0x0,
    0x8, 0xef, 0xfb, 0x0, 0x0, 0x0, 0x0, 0xc7,
    0xaf, 0xca, 0xe0, 0x0, 0x0, 0x0, 0x1b, 0xff,
    0xc6, 0x0, 0x0, 0x0, 0xbf, 0xff, 0xa0, 0x0,
    0x0, 0x0, 0xa, 0x59, 0xfa, 0x0, 0x0, 0x0,
    0x0, 0x0, 0x9f, 0xa0, 0x0, 0x0, 0x0, 0x0,
    0x9, 0xfa, 0x0, 0x0, 0x0, 0x0, 0x0, 0x9f,
    0xa0, 0x0, 0x0,

    /* U+20AF "₯" */
    0x0, 0x0, 0x5, 0x82, 0x0, 0x0, 0x0, 0x0,
    0x0, 0x0, 0x0, 0x0, 0x0, 0x0, 0x0, 0x0,
    0xb, 0xf5, 0x0, 0x0, 0x0, 0x0, 0x0, 0x0,
    0x0, 0x0, 0x0, 0x0, 0x0, 0x0, 0xb, 0xf5,
    0x0, 0x0, 0x0, 0x0, 0x0, 0x0, 0x0, 0x0,
    0x0, 0x0, 0x0, 0x4, 0x8e, 0xff, 0xfe, 0xc8,
    0x20, 0x0, 0x0, 0x0, 0x0, 0x0, 0x0, 0x0,
    0x0, 0x7f, 0xff, 0xfe, 0xde, 0xff, 0xf8, 0x0,
    0x0, 0x0, 0x0, 0x0, 0x0, 0x0, 0x0, 0x14,
    0x1b, 0xf5, 0x0, 0x16, 0xff, 0x80, 0x0, 0x0,
    0x0, 0x0, 0x0, 0x0, 0x0, 0x0, 0xb, 0xf5,
    0x0, 0x0, 0x4f, 0xf2, 0x0, 0x2, 0xae, 0xfd,
    0x80, 0x0, 0x0, 0x0, 0xb, 0xf5, 0x0, 0x0,
    0xb, 0xf7, 0x0, 0x3f, 0xff, 0xdf, 0xfd, 0x10,
    0x0, 0x0, 0xb, 0xf5, 0x0, 0x0, 0x8, 0xfa,
    0x0, 0xef, 0x90, 0x2, 0xdf, 0xa0, 0x0, 0x0,
    0xb, 0xf5, 0x0, 0x0, 0x6, 0xfc, 0x5, 0xfd,
    0x0, 0x0, 0x3f, 0xf0, 0x0, 0x0, 0xb, 0xf5,
    0x0, 0x0, 0x6, 0xfc, 0x8, 0xf9, 0x0, 0x0,
    0xf, 0xf3, 0x0, 0x49, 0x8d, 0xf5, 0x0, 0x0,
    0x7, 0xfb, 0x9, 0xf7, 0x0, 0x0, 0xe, 0xf4,
    0x7, 0xff, 0xff, 0xf5, 0x0, 0x0, 0xb, 0xf8,
    0xa, 0xf9, 0x0, 0x0, 0xf, 0xf3, 0xf, 0xf2,
    0x1d, 0xf8, 0x0, 0x0, 0x1f, 0xf4, 0xa, 0xfe,
    0x0, 0x0, 0x4f, 0xf1, 0xf, 0xe0, 0xe, 0xff,
    0x80, 0x2, 0xcf, 0xc0, 0xa, 0xff, 0x90, 0x2,
    0xdf, 0xa0, 0xb, 0xfe, 0xef, 0xad, 0xff, 0xef,
    0xfe, 0x20, 0xa, 0xfa, 0xff, 0xef, 0xfe, 0x10,
    0x1, 0xaf, 0xe8, 0x0, 0x9e, 0xfd, 0x91, 0x0,
    0xa, 0xf8, 0x3c, 0xfe, 0x91, 0x0, 0x0, 0x0,
    0x0, 0x0, 0x0, 0x0, 0x0, 0x0, 0xa, 0xf8,
    0x0, 0x0, 0x0, 0x0, 0x0, 0x0, 0x0, 0x0,
    0x0, 0x0, 0x0, 0x0, 0xa, 0xf8, 0x0, 0x0,
    0x0, 0x0, 0x0, 0x0, 0x0, 0x0, 0x0, 0x0,
    0x0, 0x0, 0xa, 0xf8, 0x0, 0x0, 0x0, 0x0,
    0x0, 0x0, 0x0, 0x0, 0x0, 0x0, 0x0, 0x0,
    0xa, 0xf8, 0x0, 0x0, 0x0, 0x0,

    /* U+20B1 "₱" */
    0x0, 0xdf, 0xff, 0xfe, 0xc7, 0x0, 0x0, 0x0,
    0xdf, 0xee, 0xef, 0xff, 0xb0, 0x0, 0x0, 0xdf,
    0x60, 0x0, 0x4f, 0xf5, 0x0, 0x4f, 0xff, 0xff,
    0xff, 0xff, 0xff, 0xf2, 0x16, 0xef, 0xa6, 0x66,
    0x6a, 0xfd, 0x60, 0x1, 0xdf, 0x71, 0x11, 0x18,
    0xfc, 0x10, 0x4f, 0xff, 0xff, 0xff, 0xff, 0xff,
    0xf2, 0x14, 0xef, 0x94, 0x44, 0x6f, 0xf9, 0x40,
    0x0, 0xdf, 0xed, 0xde, 0xff, 0xd0, 0x0, 0x0,
    0xdf, 0xff, 0xfe, 0xd8, 0x0, 0x0, 0x0, 0xdf,
    0x60, 0x0, 0x0, 0x0, 0x0, 0x0, 0xdf, 0x60,
    0x0, 0x0, 0x0, 0x0, 0x0, 0xdf, 0x60, 0x0,
    0x0, 0x0, 0x0, 0x0, 0xdf, 0x60, 0x0, 0x0,
    0x0, 0x0,

    /* U+20B2 "₲" */
    0x0, 0x0, 0x0, 0x92, 0x0, 0x0, 0x0, 0x0,
    0x0, 0xf, 0x30, 0x0, 0x0, 0x0, 0x0, 0x6a,
    0xfc, 0x82, 0x0, 0x0, 0x4, 0xef, 0xff, 0xff,
    0xf9, 0x0, 0x4, 0xff, 0xc5, 0xf6, 0x9f, 0xf9,
    0x0, 0xef, 0xa0, 0xf, 0x30, 0x5f, 0xf3, 0x5f,
    0xe0, 0x0, 0xf3, 0x0, 0xac, 0x7a, 0xf9, 0x0,
    0xf, 0x30, 0x0, 0x0, 0xcf, 0x60, 0x0, 0xf3,
    0x0, 0x0, 0xd, 0xf5, 0x0, 0xf, 0xdd, 0xdd,
    0xda, 0xdf, 0x50, 0x0, 0xff, 0xff, 0xff, 0xcb,
    0xf8, 0x0, 0xf, 0x30, 0x7, 0xfb, 0x7f, 0xd0,
    0x0, 0xf3, 0x0, 0xaf, 0x91, 0xff, 0x80, 0xf,
    0x30, 0x3f, 0xf4, 0x7, 0xff, 0xa3, 0xf5, 0x7f,
    0xfc, 0x0, 0x9, 0xff, 0xff, 0xff, 0xfd, 0x10,
    0x0, 0x4, 0xbe, 0xff, 0xd7, 0x0, 0x0, 0x0,
    0x0, 0xf, 0x30, 0x0, 0x0, 0x0, 0x0, 0x0,
    0xf3, 0x0, 0x0, 0x0,

    /* U+20B3 "₳" */
    0x0, 0x0, 0x8, 0xff, 0x90, 0x0, 0x0, 0x0,
    0x0, 0xe, 0xff, 0xf0, 0x0, 0x0, 0x0, 0x0,
    0x4f, 0xcb, 0xf5, 0x0, 0x0, 0x0, 0x0, 0xaf,
    0x76, 0xfb, 0x0, 0x0, 0x0, 0x0, 0xff, 0x21,
    0xff, 0x20, 0x0, 0x1, 0x16, 0xfe, 0x11, 0xdf,
    0x81, 0x10, 0x3f, 0xff, 0xff, 0xff, 0xff, 0xff,
    0xf5, 0x14, 0x6f, 0xf6, 0x44, 0x5f, 0xf8, 0x41,
    0x1, 0x8f, 0xd1, 0x11, 0x1b, 0xfa, 0x10, 0x3f,
    0xff, 0xff, 0xff, 0xff, 0xff, 0xf5, 0x17, 0xff,
    0x54, 0x44, 0x44, 0xef, 0x91, 0x9, 0xfc, 0x0,
    0x0, 0x0, 0x9f, 0xc0, 0xe, 0xf6, 0x0, 0x0,
    0x0, 0x4f, 0xf2, 0x5f, 0xf1, 0x0, 0x0, 0x0,
    0xe, 0xf8,

    /* U+20B4 "₴" */
    0x0, 0x3a, 0xef, 0xec, 0x70, 0x0, 0x3, 0xff,
    0xfe, 0xff, 0xfb, 0x0, 0xa, 0xfc, 0x10, 0x6,
    0xff, 0x0, 0x1, 0x21, 0x0, 0x7, 0xfd, 0x0,
    0xbf, 0xff, 0xff, 0xff, 0xff, 0xf1, 0x8b, 0xbb,
    0xbb, 0xbb, 0xbb, 0xb0, 0x0, 0x0, 0x0, 0x0,
    0x0, 0x0, 0xbf, 0xff, 0xff, 0xff, 0xff, 0xf1,
    0x7c, 0xff, 0xbb, 0xbb, 0xbb, 0xb0, 0xb, 0xfa,
    0x0, 0x0, 0x0, 0x0, 0xe, 0xf6, 0x0, 0x0,
    0xcc, 0x50, 0xc, 0xfc, 0x10, 0x8, 0xff, 0x30,
    0x4, 0xff, 0xfe, 0xff, 0xfa, 0x0, 0x0, 0x3a,
    0xdf, 0xec, 0x60, 0x0,

    /* U+20B5 "₵" */
    0x0, 0x0, 0x0, 0xf3, 0x0, 0x0, 0x0, 0x0,
    0x0, 0xf, 0x30, 0x0, 0x0, 0x0, 0x3, 0xbe,
    0xff, 0xd7, 0x0, 0x0, 0x8, 0xff, 0xff, 0xff,
    0xfd, 0x10, 0x7, 0xff, 0x92, 0xf3, 0x6e, 0xfc,
    0x1, 0xff, 0x70, 0xf, 0x30, 0x3f, 0xf4, 0x7f,
    0xd0, 0x0, 0xf3, 0x0, 0x9c, 0x6b, 0xf8, 0x0,
    0xf, 0x30, 0x0, 0x0, 0xdf, 0x50, 0x0, 0xf3,
    0x0, 0x0, 0xd, 0xf5, 0x0, 0xf, 0x30, 0x0,
    0x0, 0xcf, 0x60, 0x0, 0xf3, 0x0, 0x0, 0xa,
    0xf9, 0x0, 0xf, 0x30, 0x1, 0x21, 0x5f, 0xe1,
    0x0, 0xf3, 0x0, 0xdf, 0x70, 0xdf, 0xb0, 0xf,
    0x30, 0x7f, 0xf2, 0x3, 0xff, 0xd7, 0xf8, 0xbf,
    0xf7, 0x0, 0x3, 0xef, 0xff, 0xff, 0xf7, 0x0,
    0x0, 0x0, 0x59, 0xfb, 0x71, 0x0, 0x0, 0x0,
    0x0, 0xf, 0x30, 0x0, 0x0, 0x0, 0x0, 0x0,
    0x91, 0x0, 0x0, 0x0,

    /* U+20B8 "₸" */
    0x1f, 0xff, 0xff, 0xff, 0xff, 0xff, 0x21, 0xee,
    0xee, 0xee, 0xee, 0xee, 0xe2, 0x0, 0x0, 0x0,
    0x0, 0x0, 0x0, 0x1, 0xff, 0xff, 0xff, 0xff,
    0xff, 0xf2, 0x1e, 0xee, 0xef, 0xff, 0xee, 0xee,
    0x20, 0x0, 0x0, 0x9f, 0xa0, 0x0, 0x0, 0x0,
    0x0, 0x9, 0xfa, 0x0, 0x0, 0x0, 0x0, 0x0,
    0x9f, 0xa0, 0x0, 0x0, 0x0, 0x0, 0x9, 0xfa,
    0x0, 0x0, 0x0, 0x0, 0x0, 0x9f, 0xa0, 0x0,
    0x0, 0x0, 0x0, 0x9, 0xfa, 0x0, 0x0, 0x0,
    0x0, 0x0, 0x9f, 0xa0, 0x0, 0x0, 0x0, 0x0,
    0x9, 0xfa, 0x0, 0x0, 0x0, 0x0, 0x0, 0x9f,
    0xa0, 0x0, 0x0,

    /* U+20B9 "₹" */
    0x8, 0x88, 0x88, 0x88, 0x88, 0x32, 0xff, 0xff,
    0xff, 0xff, 0xf2, 0x26, 0x66, 0x8f, 0xfe, 0x33,
    0x0, 0x1, 0x11, 0x4f, 0xf5, 0x10, 0x1f, 0xff,
    0xff, 0xff, 0xff, 0x43, 0xbb, 0xbb, 0xbf, 0xfd,
    0xb0, 0x0, 0x0, 0x5, 0xff, 0x20, 0x1, 0x99,
    0x9b, 0xff, 0xa0, 0x0, 0x2f, 0xff, 0xfe, 0x80,
    0x0, 0x0, 0xaf, 0xf4, 0x0, 0x0, 0x0, 0x0,
    0xcf, 0xd1, 0x0, 0x0, 0x0, 0x1, 0xef, 0xb0,
    0x0, 0x0, 0x0, 0x3, 0xff, 0x80, 0x0, 0x0,
    0x0, 0x5, 0xff, 0x60, 0x0, 0x0, 0x0, 0x8,
    0xff, 0x30, 0x0,

    /* U+20BA "₺" */
    0x1, 0xff, 0x20, 0x0, 0x0, 0x0, 0x1f, 0xf3,
    0x6a, 0x0, 0x0, 0x1, 0xff, 0xff, 0xd0, 0x0,
    0x8, 0xdf, 0xfc, 0x60, 0x0, 0x0, 0xfe, 0xff,
    0x24, 0x90, 0x0, 0x4, 0x1f, 0xfe, 0xfe, 0x0,
    0x0, 0x6c, 0xff, 0xd7, 0x10, 0x0, 0xf, 0xff,
    0xf2, 0x0, 0x16, 0x60, 0x51, 0xff, 0x20, 0x4,
    0xff, 0x0, 0x1f, 0xf2, 0x0, 0x7f, 0xd0, 0x1,
    0xff, 0x20, 0xd, 0xf8, 0x0, 0x1f, 0xf2, 0x2b,
    0xff, 0x10, 0x1, 0xff, 0xff, 0xff, 0x40, 0x0,
    0xf, 0xff, 0xd8, 0x20, 0x0,

    /* U+20BC "₼" */
    0x0, 0x0, 0xb, 0xf7, 0x0, 0x0, 0x0, 0x0,
    0x0, 0xbf, 0x70, 0x0, 0x0, 0x0, 0x0, 0x6e,
    0xfc, 0x50, 0x0, 0x0, 0x4, 0xef, 0xff, 0xff,
    0xc2, 0x0, 0x2, 0xff, 0xcd, 0xfc, 0xef, 0xd1,
    0x0, 0xcf, 0xb0, 0xbf, 0x71, 0xdf, 0x80, 0x2f,
    0xf2, 0xb, 0xf7, 0x5, 0xfe, 0x6, 0xfc, 0x0,
    0xbf, 0x70, 0xf, 0xf3, 0x8f, 0xa0, 0xb, 0xf7,
    0x0, 0xef, 0x49, 0xf9, 0x0, 0xbf, 0x70, 0xd,
    0xf5, 0x9f, 0x90, 0xb, 0xf7, 0x0, 0xcf, 0x50,

    /* U+20BD "₽" */
    0x0, 0xf, 0xff, 0xff, 0xfe, 0xa3, 0x0, 0x0,
    0xf, 0xfe, 0xee, 0xef, 0xff, 0x50, 0x0, 0xf,
    0xf4, 0x0, 0x1, 0xaf, 0xf0, 0x0, 0xf, 0xf4,
    0x0, 0x0, 0xf, 0xf4, 0x0, 0xf, 0xf4, 0x0,
    0x0, 0xf, 0xf4, 0x0, 0xf, 0xf4, 0x0, 0x1,
    0x9f, 0xf0, 0x2e, 0xef, 0xfe, 0xee, 0xef, 0xff,
    0x50, 0x3f, 0xff, 0xff, 0xff, 0xfe, 0xa3, 0x0,
    0x0, 0xf, 0xf4, 0x0, 0x0, 0x0, 0x0, 0x2e,
    0xef, 0xfe, 0xee, 0x60, 0x0, 0x0, 0x3f, 0xff,
    0xff, 0xff, 0x70, 0x0, 0x0, 0x0, 0xf, 0xf4,
    0x0, 0x0, 0x0, 0x0, 0x0, 0xf, 0xf4, 0x0,
    0x0, 0x0, 0x0, 0x0, 0xf, 0xf4, 0x0, 0x0,
    0x0, 0x0,

    /* U+20BE "₾" */
    0x0, 0x0, 0xeb, 0xf, 0xa0, 0x0, 0x0, 0x0,
    0x3e, 0xfe, 0xfc, 0x10, 0x0, 0x0, 0x8f, 0xff,
    0xff, 0xfe, 0x40, 0x0, 0x7f, 0xff, 0xb0, 0xff,
    0xfe, 0x20, 0xe, 0xf6, 0xeb, 0xf, 0xab, 0xf9,
    0x5, 0xfe, 0xe, 0xb0, 0xfa, 0x3f, 0xf0, 0x7f,
    0xa0, 0xeb, 0xf, 0xa0, 0xff, 0x28, 0xfa, 0xc,
    0xa0, 0xe9, 0xc, 0xe4, 0x6f, 0xb0, 0x0, 0x0,
    0x0, 0x0, 0x2, 0xff, 0x0, 0x0, 0x0, 0x0,
    0x0, 0xb, 0xf7, 0x0, 0x0, 0x0, 0x0, 0x0,
    0x1e, 0xf7, 0x0, 0x0, 0x0, 0x0, 0x7d, 0xef,
    0xff, 0xed, 0xdd, 0xdd, 0x28, 0xff, 0xff, 0xff,
    0xff, 0xff, 0xf3,

    /* U+20BF "₿" */
    0x0, 0x8, 0x11, 0x70, 0x0, 0x0, 0x0, 0xf,
    0x23, 0xf0, 0x0, 0x0, 0x0, 0xf, 0x23, 0xf0,
    0x0, 0x0, 0x6f, 0xff, 0xff, 0xfc, 0x70, 0x0,
    0x6f, 0xfe, 0xee, 0xff, 0xfc, 0x0, 0x6f, 0xd0,
    0x0, 0x5, 0xff, 0x50, 0x6f, 0xd0, 0x0, 0x0,
    0xbf, 0x70, 0x6f, 0xd0, 0x0, 0x0, 0xcf, 0x60,
    0x6f, 0xd0, 0x0, 0x19, 0xfd, 0x0, 0x6f, 0xff,
    0xff, 0xff, 0xa0, 0x0, 0x6f, 0xfb, 0xbb, 0xcf,
    0xfc, 0x10, 0x6f, 0xd0, 0x0, 0x1, 0xcf, 0xb0,
    0x6f, 0xd0, 0x0, 0x0, 0x3f, 0xf0, 0x6f, 0xd0,
    0x0, 0x0, 0x3f, 0xf1, 0x6f, 0xd0, 0x0, 0x2,
    0xcf, 0xd0, 0x6f, 0xfe, 0xee, 0xff, 0xff, 0x50,
    0x6f, 0xff, 0xff, 0xfe, 0xa3, 0x0, 0x0, 0xf,
    0x23, 0xf0, 0x0, 0x0, 0x0, 0xf, 0x23, 0xf0,
    0x0, 0x0,

    /* U+20C0 "⃀" */
    0x0, 0x4, 0x9a, 0x82, 0x0, 0x0, 0x9f, 0xff,
    0xff, 0x30, 0x7, 0xfd, 0x20, 0x47, 0x0, 0xd,
    0xf1, 0x0, 0x0, 0x0, 0xf, 0xd0, 0x0, 0x0,
    0x0, 0xd, 0xf1, 0x0, 0x0, 0x0, 0x7, 0xfc,
    0x20, 0x47, 0x0, 0x0, 0x9f, 0xff, 0xff, 0x30,
    0x0, 0x4, 0x9a, 0x82, 0x0, 0x0, 0x0, 0x0,
    0x0, 0x0, 0xa, 0xaa, 0xaa, 0xaa, 0xa0, 0xf,
    0xff, 0xff, 0xff, 0xf0,

    /* U+2100 "℀" */
    0x1, 0x9c, 0xc9, 0x10, 0x0, 0x0, 0x0, 0x77,
    0x0, 0x0, 0xae, 0x88, 0xfd, 0x0, 0x0, 0x0,
    0x6f, 0x50, 0x0, 0x0, 0x25, 0x7e, 0xf1, 0x0,
    0x0, 0x2f, 0xa0, 0x0, 0x0, 0xbf, 0xc9, 0xef,
    0x10, 0x0, 0xc, 0xe1, 0x0, 0x0, 0x2f, 0xa0,
    0x1e, 0xf1, 0x0, 0x7, 0xf4, 0x0, 0x0, 0x0,
    0xdf, 0xee, 0xdf, 0x10, 0x3, 0xf9, 0x0, 0x0,
    0x0, 0x0, 0x44, 0x12, 0x30, 0x0, 0xdd, 0x0,
    0x0, 0x0, 0x0, 0x0, 0x0, 0x0, 0x0, 0x9f,
    0x30, 0x0, 0x0, 0x0, 0x0, 0x0, 0x0, 0x0,
    0x4f, 0x80, 0x0, 0x0, 0x0, 0x0, 0x0, 0x0,
    0x0, 0x1e, 0xc0, 0x0, 0x5d, 0xff, 0xa1, 0x0,
    0x0, 0x0, 0xa, 0xf2, 0x0, 0x4f, 0xd6, 0x8f,
    0xb0, 0x0, 0x0, 0x5, 0xf6, 0x0, 0xa, 0xf4,
    0x0, 0x41, 0x0, 0x0, 0x1, 0xeb, 0x0, 0x0,
    0xaf, 0x40, 0x1, 0x0, 0x0, 0x0, 0xbe, 0x10,
    0x0, 0x5, 0xfc, 0x35, 0xfc, 0x0, 0x0, 0x5f,
    0x50, 0x0, 0x0, 0x8, 0xff, 0xfd, 0x20, 0x0,
    0x0, 0x0, 0x0, 0x0, 0x0, 0x0, 0x22, 0x0,

    /* U+2101 "℁" */
    0x1, 0x9c, 0xc9, 0x10, 0x0, 0x0, 0x0, 0x77,
    0x0, 0x0, 0xae, 0x88, 0xfd, 0x0, 0x0, 0x0,
    0x7f, 0x50, 0x0, 0x0, 0x25, 0x7e, 0xf1, 0x0,
    0x0, 0x2f, 0xa0, 0x0, 0x0, 0xbf, 0xc9, 0xef,
    0x10, 0x0, 0xc, 0xe1, 0x0, 0x0, 0x2f, 0xa0,
    0x1e, 0xf1, 0x0, 0x8, 0xf4, 0x0, 0x0, 0x0,
    0xdf, 0xee, 0xdf, 0x10, 0x3, 0xf9, 0x0, 0x0,
    0x0, 0x0, 0x44, 0x12, 0x30, 0x0, 0xdd, 0x0,
    0x0, 0x0, 0x0, 0x0, 0x0, 0x0, 0x0, 0x9f,
    0x30, 0x0, 0x0, 0x0, 0x0, 0x0, 0x0, 0x0,
    0x4f, 0x80, 0x0, 0x0, 0x0, 0x0, 0x0, 0x0,
    0x0, 0x1e, 0xc0, 0x0, 0xaf, 0xfe, 0x90, 0x0,
    0x0, 0x0, 0xa, 0xf2, 0x0, 0x7f, 0x84, 0x79,
    0x10, 0x0, 0x0, 0x5, 0xf6, 0x0, 0x6, 0xfd,
    0x97, 0x20, 0x0, 0x0, 0x1, 0xeb, 0x0, 0x0,
    0x4, 0x9c, 0xff, 0x60, 0x0, 0x0, 0xbe, 0x10,
    0x0, 0x5, 0xb3, 0x17, 0xf8, 0x0, 0x0, 0x5f,
    0x50, 0x0, 0x0, 0x3d, 0xff, 0xfc, 0x10, 0x0,
    0x0, 0x0, 0x0, 0x0, 0x0, 0x2, 0x31, 0x0,

    /* U+2103 "℃" */
    0x1, 0x9c, 0xa2, 0x0, 0x0, 0x0, 0x28, 0xcd,
    0xc9, 0x20, 0x0, 0x1e, 0xfe, 0xff, 0x30, 0x0,
    0x6, 0xff, 0xff, 0xff, 0xf7, 0x0, 0x9f, 0x50,
    0x3f, 0xb0, 0x0, 0x6f, 0xfb, 0x42, 0x4a, 0xff,
    0x60, 0xbe, 0x0, 0xc, 0xe0, 0x1, 0xff, 0x80,
    0x0, 0x0, 0x8f, 0xf1, 0xaf, 0x20, 0x1e, 0xc0,
    0x7, 0xfd, 0x0, 0x0, 0x0, 0xe, 0xf5, 0x3f,
    0xea, 0xef, 0x50, 0xc, 0xf7, 0x0, 0x0, 0x0,
    0x1, 0x21, 0x4, 0xdf, 0xe5, 0x0, 0xe, 0xf4,
    0x0, 0x0, 0x0, 0x0, 0x0, 0x0, 0x0, 0x0,
    0x0, 0xf, 0xf3, 0x0, 0x0, 0x0, 0x0, 0x0,
    0x0, 0x0, 0x0, 0x0, 0xe, 0xf4, 0x0, 0x0,
    0x0, 0x0, 0x0, 0x0, 0x0, 0x0, 0x0, 0xd,
    0xf6, 0x0, 0x0, 0x0, 0x0, 0x0, 0x0, 0x0,
    0x0, 0x0, 0x9, 0xfb, 0x0, 0x0, 0x0, 0x9,
    0xb5, 0x0, 0x0, 0x0, 0x0, 0x3, 0xff, 0x40,
    0x0, 0x0, 0x3f, 0xf3, 0x0, 0x0, 0x0, 0x0,
    0x0, 0x9f, 0xf6, 0x0, 0x5, 0xef, 0xa0, 0x0,
    0x0, 0x0, 0x0, 0x0, 0xb, 0xff, 0xfe, 0xff,
    0xfc, 0x0, 0x0, 0x0, 0x0, 0x0, 0x0, 0x0,
    0x6d, 0xff, 0xfd, 0x70, 0x0, 0x0, 0x0, 0x0,
    0x0, 0x0, 0x0, 0x0, 0x2, 0x10, 0x0, 0x0,

    /* U+2105 "℅" */
    0x0, 0x6b, 0xdb, 0x40, 0x0, 0x0, 0x4, 0x82,
    0x0, 0x0, 0x9f, 0xc8, 0xef, 0x30, 0x0, 0x1,
    0xec, 0x0, 0x0, 0xf, 0xe0, 0x3, 0x61, 0x0,
    0x0, 0xbf, 0x20, 0x0, 0x1, 0xfc, 0x0, 0x0,
    0x0, 0x0, 0x6f, 0x60, 0x0, 0x0, 0xe, 0xf4,
    0x8, 0xe4, 0x0, 0x1f, 0xb0, 0x0, 0x0, 0x0,
    0x3e, 0xff, 0xfb, 0x0, 0xb, 0xe1, 0x0, 0x0,
    0x0, 0x0, 0x4, 0x53, 0x0, 0x7, 0xf5, 0x0,
    0x0, 0x0, 0x0, 0x0, 0x0, 0x0, 0x2, 0xfa,
    0x0, 0x0, 0x0, 0x0, 0x0, 0x0, 0x0, 0x0,
    0xce, 0x10, 0x0, 0x1, 0x0, 0x0, 0x0, 0x0,
    0x0, 0x8f, 0x40, 0x1, 0xaf, 0xff, 0x90, 0x0,
    0x0, 0x0, 0x3f, 0x90, 0x0, 0xbf, 0x84, 0xaf,
    0x80, 0x0, 0x0, 0xd, 0xd0, 0x0, 0xf, 0xe0,
    0x1, 0xfd, 0x0, 0x0, 0x9, 0xf3, 0x0, 0x0,
    0xfe, 0x0, 0x1f, 0xd0, 0x0, 0x4, 0xf8, 0x0,
    0x0, 0xa, 0xf9, 0x5b, 0xf7, 0x0, 0x0, 0xed,
    0x0, 0x0, 0x0, 0x19, 0xff, 0xf8, 0x0, 0x0,
    0x0, 0x0, 0x0, 0x0, 0x0, 0x0, 0x10, 0x0,

    /* U+2106 "℆" */
    0x0, 0x6b, 0xdb, 0x40, 0x0, 0x0, 0x3, 0x82,
    0x0, 0x0, 0x9, 0xfc, 0x8e, 0xf3, 0x0, 0x0,
    0xd, 0xc0, 0x0, 0x0, 0xf, 0xe0, 0x3, 0x61,
    0x0, 0x0, 0x9f, 0x20, 0x0, 0x0, 0x1f, 0xc0,
    0x0, 0x0, 0x0, 0x4, 0xf6, 0x0, 0x0, 0x0,
    0xe, 0xf4, 0x8, 0xe5, 0x0, 0x1e, 0xb0, 0x0,
    0x0, 0x0, 0x3, 0xef, 0xff, 0xc0, 0x0, 0xaf,
    0x10, 0x0, 0x0, 0x0, 0x0, 0x4, 0x53, 0x0,
    0x5, 0xf5, 0x0, 0x0, 0x0, 0x0, 0x0, 0x0,
    0x0, 0x0, 0x1f, 0xa0, 0x0, 0x0, 0x0, 0x0,
    0x0, 0x0, 0x0, 0x0, 0xbe, 0x10, 0x1, 0x10,
    0x1, 0x10, 0x0, 0x0, 0x0, 0x7, 0xf4, 0x0,
    0x1f, 0xc0, 0xa, 0xf3, 0x0, 0x0, 0x0, 0x2f,
    0x90, 0x0, 0x1f, 0xc0, 0xa, 0xf3, 0x0, 0x0,
    0x0, 0xce, 0x0, 0x0, 0x1f, 0xc0, 0xa, 0xf3,
    0x0, 0x0, 0x8, 0xf4, 0x0, 0x0, 0x1f, 0xc0,
    0xb, 0xf3, 0x0, 0x0, 0x3f, 0x80, 0x0, 0x0,
    0xe, 0xf9, 0x9e, 0xf3, 0x0, 0x0, 0xdd, 0x0,
    0x0, 0x0, 0x4, 0xef, 0xa9, 0xf3, 0x0, 0x0,
    0x0, 0x0, 0x0, 0x0, 0x0, 0x0, 0x0, 0x0,

    /* U+2109 "℉" */
    0x2, 0xad, 0xb3, 0x0, 0x3, 0xcc, 0xcc, 0xcc,
    0xcc, 0x92, 0xef, 0xdf, 0xf3, 0x0, 0x4f, 0xff,
    0xff, 0xff, 0xfd, 0x9f, 0x40, 0x2f, 0xb0, 0x4,
    0xff, 0x22, 0x22, 0x22, 0x1c, 0xe0, 0x0, 0xce,
    0x0, 0x4f, 0xf0, 0x0, 0x0, 0x0, 0xaf, 0x30,
    0x1f, 0xc0, 0x4, 0xff, 0x0, 0x0, 0x0, 0x3,
    0xff, 0xbe, 0xf5, 0x0, 0x4f, 0xf0, 0x0, 0x0,
    0x0, 0x4, 0xdf, 0xe5, 0x0, 0x4, 0xff, 0x0,
    0x0, 0x0, 0x0, 0x0, 0x0, 0x0, 0x0, 0x4f,
    0xff, 0xff, 0xff, 0xf2, 0x0, 0x0, 0x0, 0x0,
    0x4, 0xff, 0xff, 0xff, 0xff, 0x20, 0x0, 0x0,
    0x0, 0x0, 0x4f, 0xf0, 0x0, 0x0, 0x0, 0x0,
    0x0, 0x0, 0x0, 0x4, 0xff, 0x0, 0x0, 0x0,
    0x0, 0x0, 0x0, 0x0, 0x0, 0x4f, 0xf0, 0x0,
    0x0, 0x0, 0x0, 0x0, 0x0, 0x0, 0x4, 0xff,
    0x0, 0x0, 0x0, 0x0, 0x0, 0x0, 0x0, 0x0,
    0x4f, 0xf0, 0x0, 0x0, 0x0, 0x0, 0x0, 0x0,
    0x0, 0x3, 0xcc, 0x0, 0x0, 0x0, 0x0,

    /* U+2113 "ℓ" */
    0x0, 0x4, 0xab, 0x80, 0x0, 0x3, 0xff, 0xff,
    0xb0, 0x0, 0xaf, 0xa3, 0xff, 0x20, 0xc, 0xf4,
    0xc, 0xf4, 0x0, 0xdf, 0x40, 0xdf, 0x30, 0xe,
    0xf4, 0x1f, 0xf1, 0x0, 0xef, 0x47, 0xfb, 0x0,
    0xe, 0xf8, 0xff, 0x20, 0x0, 0xef, 0xff, 0x40,
    0xc, 0xff, 0xfb, 0x20, 0x0, 0x78, 0xef, 0x40,
    0x0, 0x0, 0xd, 0xf4, 0x0, 0x0, 0x0, 0xbf,
    0x80, 0x0, 0x0, 0x5, 0xff, 0xdc, 0x20, 0x0,
    0x5, 0xcf, 0xf2, 0x0,

    /* U+2116 "№" */
    0x18, 0x80, 0x0, 0x0, 0x7, 0x81, 0x0, 0x5a,
    0xb7, 0x0, 0x3f, 0xf6, 0x0, 0x0, 0xd, 0xf2,
    0x7, 0xff, 0xef, 0xd0, 0x3f, 0xfe, 0x10, 0x0,
    0xd, 0xf2, 0xf, 0xe1, 0x9, 0xf6, 0x3f, 0xff,
    0x90, 0x0, 0xd, 0xf2, 0x3f, 0x90, 0x4, 0xf9,
    0x3f, 0xed, 0xf2, 0x0, 0xd, 0xf2, 0x3f, 0x90,
    0x3, 0xf9, 0x3f, 0xd5, 0xfb, 0x0, 0xd, 0xf2,
    0x1f, 0xd0, 0x7, 0xf6, 0x3f, 0xd0, 0xbf, 0x40,
    0xd, 0xf2, 0x9, 0xfc, 0xbf, 0xe1, 0x3f, 0xd0,
    0x2f, 0xd0, 0xd, 0xf2, 0x0, 0x7c, 0xda, 0x20,
    0x3f, 0xd0, 0x9, 0xf7, 0xd, 0xf2, 0x0, 0x0,
    0x0, 0x0, 0x3f, 0xd0, 0x1, 0xef, 0x1d, 0xf2,
    0xc, 0xee, 0xee, 0xe4, 0x3f, 0xd0, 0x0, 0x6f,
    0x9d, 0xf2, 0x9, 0xaa, 0xaa, 0xa3, 0x3f, 0xd0,
    0x0, 0xd, 0xff, 0xf2, 0x0, 0x0, 0x0, 0x0,
    0x3f, 0xd0, 0x0, 0x4, 0xff, 0xf2, 0x0, 0x0,
    0x0, 0x0, 0x3f, 0xd0, 0x0, 0x0, 0xaf, 0xf2,
    0x0, 0x0, 0x0, 0x0, 0x3f, 0xd0, 0x0, 0x0,
    0x2f, 0xf2, 0x0, 0x0, 0x0, 0x0,

    /* U+2117 "℗" */
    0x0, 0x0, 0x3, 0x8b, 0xca, 0x61, 0x0, 0x0,
    0x0, 0x1, 0xbf, 0xff, 0xff, 0xfe, 0x60, 0x0,
    0x0, 0x2e, 0xfd, 0x73, 0x24, 0x9f, 0xf9, 0x0,
    0x0, 0xdf, 0x90, 0x0, 0x0, 0x3, 0xef, 0x60,
    0x7, 0xfb, 0x1, 0xff, 0xfe, 0x90, 0x3f, 0xf1,
    0xd, 0xf2, 0x1, 0xfc, 0x6a, 0xf8, 0x9, 0xf6,
    0x1f, 0xd0, 0x1, 0xf9, 0x0, 0xfc, 0x4, 0xfa,
    0x3f, 0xb0, 0x1, 0xfa, 0x26, 0xfa, 0x2, 0xfb,
    0x2f, 0xc0, 0x1, 0xff, 0xff, 0xd1, 0x3, 0xfa,
    0xf, 0xf0, 0x1, 0xfa, 0x31, 0x0, 0x7, 0xf8,
    0xa, 0xf7, 0x1, 0xf9, 0x0, 0x0, 0xe, 0xf3,
    0x2, 0xff, 0x40, 0x64, 0x0, 0x0, 0xbf, 0xa0,
    0x0, 0x6f, 0xf8, 0x10, 0x0, 0x3c, 0xfd, 0x10,
    0x0, 0x6, 0xff, 0xfd, 0xce, 0xff, 0xc1, 0x0,
    0x0, 0x0, 0x29, 0xef, 0xff, 0xc6, 0x0, 0x0,
    0x0, 0x0, 0x0, 0x1, 0x10, 0x0, 0x0, 0x0,

    /* U+211E "℞" */
    0x3c, 0xcc, 0xcc, 0xb8, 0x30, 0x0, 0x5, 0xff,
    0xff, 0xff, 0xff, 0x80, 0x0, 0x5f, 0xe2, 0x22,
    0x38, 0xff, 0x40, 0x5, 0xfe, 0x0, 0x0, 0xa,
    0xfa, 0x0, 0x5f, 0xe0, 0x0, 0x0, 0x6f, 0xd0,
    0x5, 0xfe, 0x0, 0x0, 0x7, 0xfc, 0x0, 0x5f,
    0xe0, 0x0, 0x0, 0xdf, 0x90, 0x5, 0xff, 0x88,
    0x8a, 0xef, 0xe2, 0x0, 0x5f, 0xff, 0xff, 0xff,
    0xd3, 0x57, 0x15, 0xff, 0x77, 0x7b, 0xf8, 0x4f,
    0xb0, 0x5f, 0xe0, 0x0, 0x1e, 0xff, 0xe1, 0x5,
    0xfe, 0x0, 0x0, 0x3f, 0xf5, 0x0, 0x5f, 0xe0,
    0x0, 0x7, 0xff, 0xb0, 0x5, 0xfe, 0x0, 0x3,
    0xfd, 0xcf, 0x70, 0x5f, 0xe0, 0x1, 0xef, 0x22,
    0xff, 0x30,

    /* U+211F "℟" */
    0x0, 0x0, 0x8a, 0x51, 0x0, 0x0, 0x0, 0x0,
    0x27, 0xcf, 0x70, 0x0, 0x0, 0x0, 0x0, 0xd,
    0x50, 0x0, 0x3c, 0xcc, 0xcc, 0xbf, 0x40, 0x0,
    0x5f, 0xff, 0xff, 0xff, 0xf8, 0x0, 0x5f, 0xe2,
    0x22, 0xbd, 0xff, 0x50, 0x5f, 0xe0, 0x0, 0xd4,
    0x9f, 0xb0, 0x5f, 0xe0, 0x1, 0xf0, 0x5f, 0xd0,
    0x5f, 0xe0, 0x5, 0xc0, 0x6f, 0xe0, 0x5f, 0xe0,
    0x9, 0x71, 0xdf, 0xb0, 0x5f, 0xe3, 0x3d, 0xce,
    0xff, 0x50, 0x5f, 0xff, 0xff, 0xff, 0xf8, 0x0,
    0x5f, 0xfb, 0xde, 0xff, 0x80, 0x0, 0x5f, 0xe0,
    0xa8, 0x8f, 0xe0, 0x0, 0x5f, 0xe0, 0xe4, 0xe,
    0xf8, 0x0, 0x5f, 0xe3, 0xf0, 0x5, 0xff, 0x20,
    0x5f, 0xe7, 0xb0, 0x0, 0xcf, 0xb0, 0x3c, 0xbc,
    0x60, 0x0, 0x3c, 0xc3, 0x0, 0xf, 0x20, 0x0,
    0x0, 0x0, 0x0, 0x4e, 0x0, 0x0, 0x0, 0x0,
    0x0, 0x99, 0x0, 0x0, 0x0, 0x0, 0x0, 0x11,
    0x0, 0x0, 0x0, 0x0,

    /* U+2120 "℠" */
    0x5, 0xba, 0x23, 0xb1, 0x3, 0xb1, 0xf, 0x36,
    0xa4, 0xf6, 0x9, 0xf2, 0xd, 0xb6, 0x4, 0xec,
    0xd, 0xf2, 0x1, 0x6b, 0xb4, 0xbc, 0x89, 0xe2,
    0x1d, 0x35, 0xd4, 0xb5, 0xf2, 0xe2, 0x6, 0xba,
    0x33, 0x80, 0x90, 0xa1,

    /* U+2121 "℡" */
    0x5c, 0xcc, 0x91, 0xcc, 0xc3, 0xc0, 0x0, 0x2,
    0xd5, 0x12, 0xe2, 0x21, 0xf0, 0x0, 0x0, 0xd3,
    0x2, 0xf3, 0x20, 0xf0, 0x0, 0x0, 0xd3, 0x2,
    0xfa, 0x70, 0xf0, 0x0, 0x0, 0xd3, 0x2, 0xe0,
    0x0, 0xf0, 0x0, 0x0, 0xc3, 0x1, 0xee, 0xe3,
    0xee, 0xe3,

    /* U+2122 "™" */
    0x25, 0x55, 0x40, 0x50, 0x0, 0x50, 0x39, 0xea,
    0x72, 0xf6, 0x6, 0xf2, 0x0, 0xd3, 0x2, 0xfc,
    0xc, 0xf2, 0x0, 0xd3, 0x2, 0xeb, 0x5b, 0xe2,
    0x0, 0xd3, 0x2, 0xe5, 0xf5, 0xe2, 0x0, 0xc3,
    0x1, 0xd0, 0xc0, 0xd2,

    /* U+2126 "Ω" */
    0x0, 0x3, 0xad, 0xfe, 0xc7, 0x0, 0x0, 0x0,
    0x9f, 0xff, 0xff, 0xff, 0xe3, 0x0, 0x9, 0xff,
    0x83, 0x1, 0x5d, 0xfe, 0x20, 0x3f, 0xf5, 0x0,
    0x0, 0x0, 0xdf, 0xb0, 0x9f, 0xc0, 0x0, 0x0,
    0x0, 0x4f, 0xf1, 0xcf, 0x70, 0x0, 0x0, 0x0,
    0xf, 0xf4, 0xdf, 0x60, 0x0, 0x0, 0x0, 0xe,
    0xf5, 0xbf, 0x80, 0x0, 0x0, 0x0, 0xf, 0xf3,
    0x7f, 0xc0, 0x0, 0x0, 0x0, 0x4f, 0xe0, 0x1e,
    0xf6, 0x0, 0x0, 0x1, 0xdf, 0x70, 0x3, 0xef,
    0x92, 0x0, 0x5d, 0xf9, 0x0, 0x0, 0x7, 0xf8,
    0x1, 0xfd, 0x20, 0x0, 0xce, 0xee, 0xf8, 0x1,
    0xff, 0xee, 0xe4, 0xdf, 0xff, 0xf8, 0x1, 0xff,
    0xff, 0xf5,

    /* U+212A "K" */
    0x28, 0x80, 0x0, 0x0, 0x7, 0x88, 0x4, 0xff,
    0x0, 0x0, 0x8, 0xff, 0x50, 0x4f, 0xf0, 0x0,
    0x6, 0xff, 0x60, 0x4, 0xff, 0x0, 0x5, 0xff,
    0x70, 0x0, 0x4f, 0xf0, 0x4, 0xff, 0x90, 0x0,
    0x4, 0xff, 0x2, 0xff, 0xa0, 0x0, 0x0, 0x4f,
    0xe1, 0xdf, 0xc0, 0x0, 0x0, 0x4, 0xfe, 0xbf,
    0xff, 0x20, 0x0, 0x0, 0x4f, 0xff, 0xbd, 0xfc,
    0x0, 0x0, 0x4, 0xff, 0xc0, 0x2f, 0xf7, 0x0,
    0x0, 0x4f, 0xf1, 0x0, 0x7f, 0xf3, 0x0, 0x4,
    0xff, 0x0, 0x0, 0xbf, 0xd0, 0x0, 0x4f, 0xf0,
    0x0, 0x1, 0xff, 0x90, 0x4, 0xff, 0x0, 0x0,
    0x5, 0xff, 0x40, 0x4f, 0xf0, 0x0, 0x0, 0xa,
    0xfe, 0x10,

    /* U+212B "Å" */
    0x0, 0x0, 0x5, 0xdd, 0x60, 0x0, 0x0, 0x0,
    0x0, 0x4f, 0x87, 0xf5, 0x0, 0x0, 0x0, 0x0,
    0x7e, 0x0, 0xd9, 0x0, 0x0, 0x0, 0x0, 0x4f,
    0x87, 0xf6, 0x0, 0x0, 0x0, 0x0, 0x5, 0xdd,
    0x70, 0x0, 0x0, 0x0, 0x0, 0x4, 0xaa, 0x50,
    0x0, 0x0, 0x0, 0x0, 0xb, 0xff, 0xc0, 0x0,
    0x0, 0x0, 0x0, 0x1f, 0xee, 0xf2, 0x0, 0x0,
    0x0, 0x0, 0x7f, 0x99, 0xf8, 0x0, 0x0, 0x0,
    0x0, 0xcf, 0x55, 0xfd, 0x0, 0x0, 0x0, 0x2,
    0xff, 0x0, 0xff, 0x30, 0x0, 0x0, 0x8, 0xfb,
    0x0, 0xbf, 0x90, 0x0, 0x0, 0xd, 0xf6, 0x0,
    0x5f, 0xe0, 0x0, 0x0, 0x3f, 0xf1, 0x0, 0xf,
    0xf5, 0x0, 0x0, 0x9f, 0xfc, 0xcc, 0xcf, 0xfa,
    0x0, 0x0, 0xef, 0xff, 0xff, 0xff, 0xff, 0x10,
    0x4, 0xff, 0x10, 0x0, 0x1, 0xef, 0x60, 0xa,
    0xfb, 0x0, 0x0, 0x0, 0x9f, 0xc0, 0xf, 0xf5,
    0x0, 0x0, 0x0, 0x4f, 0xf2, 0x4e, 0xe0, 0x0,
    0x0, 0x0, 0xd, 0xe6,

    /* U+212E "℮" */
    0x0, 0x3, 0x9b, 0x94, 0x0, 0x0, 0x8, 0xd5,
    0x24, 0xd9, 0x0, 0x7, 0xf0, 0x0, 0x0, 0xf7,
    0x1, 0xfe, 0x0, 0x0, 0xe, 0xe0, 0x6f, 0xe0,
    0x0, 0x0, 0xef, 0x38, 0xff, 0xee, 0xee, 0xef,
    0xf4, 0x7f, 0xe0, 0x0, 0x0, 0x0, 0x3, 0xfe,
    0x0, 0x0, 0x0, 0x0, 0xc, 0xe0, 0x0, 0x0,
    0x0, 0x0, 0x2e, 0x70, 0x0, 0x2a, 0x10, 0x0,
    0x1a, 0xed, 0xec, 0x40, 0x0, 0x0, 0x0, 0x10,
    0x0, 0x0,

    /* U+2132 "Ⅎ" */
    0x0, 0x0, 0x0, 0x8, 0x81, 0x0, 0x0, 0x0,
    0x1f, 0xf2, 0x0, 0x0, 0x0, 0x1f, 0xf2, 0x0,
    0x0, 0x0, 0x1f, 0xf2, 0x0, 0x0, 0x0, 0x1f,
    0xf2, 0x0, 0x0, 0x0, 0x1f, 0xf2, 0x2b, 0xbb,
    0xbb, 0xbf, 0xf2, 0x3f, 0xff, 0xff, 0xff, 0xf2,
    0x3, 0x33, 0x33, 0x3f, 0xf2, 0x0, 0x0, 0x0,
    0x1f, 0xf2, 0x0, 0x0, 0x0, 0x1f, 0xf2, 0x0,
    0x0, 0x0, 0x1f, 0xf2, 0x0, 0x0, 0x0, 0x1f,
    0xf2, 0xde, 0xee, 0xee, 0xef, 0xf2, 0xef, 0xff,
    0xff, 0xff, 0xf2,

    /* U+213B "℻" */
    0x5, 0x55, 0x0, 0x41, 0x2, 0x30, 0x5, 0x1,
    0xf9, 0x90, 0x3f, 0x70, 0x1e, 0x38, 0x90, 0x1f,
    0x0, 0x9, 0x8d, 0x0, 0x4e, 0xd0, 0x1, 0xfe,
    0xa0, 0xe2, 0xc4, 0x1, 0xea, 0x0, 0x1f, 0x0,
    0x6d, 0xcc, 0xb0, 0xa9, 0xd4, 0x1, 0xe0, 0xb,
    0x30, 0xd, 0x5c, 0x3, 0xc0,

    /* U+214D "⅍" */
    0x0, 0x4a, 0xa0, 0x0, 0x0, 0x0, 0x7, 0xa0,
    0x0, 0x0, 0xbf, 0xf5, 0x0, 0x0, 0x0, 0x3f,
    0x70, 0x0, 0x2, 0xf9, 0xfb, 0x0, 0x0, 0x0,
    0xdc, 0x0, 0x0, 0x8, 0xf4, 0xaf, 0x20, 0x0,
    0x9, 0xf2, 0x0, 0x0, 0xe, 0xff, 0xff, 0x80,
    0x0, 0x4f, 0x60, 0x0, 0x0, 0x4f, 0xa3, 0x3e,
    0xe0, 0x1, 0xec, 0x0, 0x0, 0x0, 0x47, 0x20,
    0x4, 0x71, 0xa, 0xf2, 0x0, 0x0, 0x0, 0x0,
    0x0, 0x0, 0x0, 0x5f, 0x60, 0x0, 0x0, 0x0,
    0x0, 0x0, 0x0, 0x1, 0xeb, 0x0, 0x0, 0x0,
    0x0, 0x0, 0x0, 0x0, 0xb, 0xf1, 0x2, 0xcf,
    0xfe, 0x50, 0x0, 0x0, 0x0, 0x6f, 0x50, 0xb,
    0xf5, 0x39, 0x60, 0x0, 0x0, 0x1, 0xfb, 0x0,
    0x9, 0xfd, 0x96, 0x10, 0x0, 0x0, 0xb, 0xe1,
    0x0, 0x0, 0x59, 0xcf, 0xe1, 0x0, 0x0, 0x6f,
    0x50, 0x0, 0x7, 0xb3, 0x2d, 0xf2, 0x0, 0x1,
    0xd9, 0x0, 0x0, 0x4, 0xef, 0xff, 0x70, 0x0,
    0x0, 0x0, 0x0, 0x0, 0x0, 0x2, 0x20, 0x0,

    /* U+2150 "⅐" */
    0x5, 0xff, 0x60, 0x0, 0x0, 0x7, 0xf5, 0x0,
    0x0, 0x3f, 0xbf, 0x60, 0x0, 0x0, 0x2f, 0xa0,
    0x0, 0x0, 0x24, 0x4f, 0x60, 0x0, 0x0, 0xdd,
    0x0, 0x0, 0x0, 0x0, 0x4f, 0x60, 0x0, 0x9,
    0xf3, 0x0, 0x0, 0x0, 0x0, 0x4f, 0x60, 0x0,
    0x4f, 0x70, 0x0, 0x0, 0x0, 0x0, 0x4f, 0x60,
    0x1, 0xec, 0x0, 0x0, 0x0, 0x0, 0x0, 0x4f,
    0x60, 0xb, 0xf1, 0x3, 0x77, 0x77, 0x71, 0x0,
    0x4f, 0x60, 0x7f, 0x50, 0x7, 0xff, 0xff, 0xf2,
    0x0, 0x0, 0x2, 0xfa, 0x0, 0x0, 0x0, 0xe,
    0xd0, 0x0, 0x0, 0xd, 0xd0, 0x0, 0x0, 0x0,
    0x7f, 0x50, 0x0, 0x0, 0x9f, 0x30, 0x0, 0x0,
    0x1, 0xfc, 0x0, 0x0, 0x4, 0xf7, 0x0, 0x0,
    0x0, 0x9, 0xf3, 0x0, 0x0, 0x1e, 0xc0, 0x0,
    0x0, 0x0, 0x2f, 0xa0, 0x0, 0x0, 0xbf, 0x10,
    0x0, 0x0, 0x0, 0xaf, 0x20, 0x0,

    /* U+2151 "⅑" */
    0x5, 0xff, 0x60, 0x0, 0x0, 0x7, 0xf5, 0x0,
    0x3, 0xfb, 0xf6, 0x0, 0x0, 0x2, 0xfa, 0x0,
    0x0, 0x34, 0x4f, 0x60, 0x0, 0x0, 0xdd, 0x0,
    0x0, 0x0, 0x4, 0xf6, 0x0, 0x0, 0x9f, 0x30,
    0x0, 0x0, 0x0, 0x4f, 0x60, 0x0, 0x4f, 0x70,
    0x0, 0x0, 0x0, 0x4, 0xf6, 0x0, 0x1e, 0xc0,
    0x0, 0x0, 0x0, 0x0, 0x4f, 0x60, 0xb, 0xf1,
    0x0, 0x68, 0x60, 0x0, 0x4, 0xf6, 0x7, 0xf5,
    0x0, 0xdf, 0xff, 0xe1, 0x0, 0x0, 0x2, 0xfa,
    0x0, 0x6f, 0x70, 0x4f, 0x80, 0x0, 0x0, 0xdd,
    0x0, 0x5, 0xf7, 0x16, 0xfb, 0x0, 0x0, 0x9f,
    0x30, 0x0, 0xb, 0xff, 0x8f, 0xb0, 0x0, 0x4f,
    0x70, 0x0, 0x1, 0x44, 0x22, 0xf8, 0x0, 0x1e,
    0xc0, 0x0, 0x0, 0x1f, 0xd7, 0xdf, 0x20, 0xb,
    0xf1, 0x0, 0x0, 0x0, 0x4c, 0xfd, 0x40,

    /* U+2152 "⅒" */
    0x5, 0xff, 0x60, 0x0, 0x0, 0x7, 0xf5, 0x0,
    0x0, 0x0, 0x0, 0x3, 0xfb, 0xf6, 0x0, 0x0,
    0x2, 0xfa, 0x0, 0x0, 0x0, 0x0, 0x0, 0x24,
    0x4f, 0x60, 0x0, 0x0, 0xdd, 0x0, 0x0, 0x0,
    0x0, 0x0, 0x0, 0x4, 0xf6, 0x0, 0x0, 0x9f,
    0x30, 0x0, 0x0, 0x0, 0x0, 0x0, 0x0, 0x4f,
    0x60, 0x0, 0x4f, 0x70, 0x0, 0x0, 0x0, 0x0,
    0x0, 0x0, 0x4, 0xf6, 0x0, 0x1e, 0xc0, 0x0,
    0x0, 0x0, 0x0, 0x0, 0x0, 0x0, 0x4f, 0x60,
    0xb, 0xf1, 0x1, 0x77, 0x10, 0x1, 0x66, 0x20,
    0x0, 0x4, 0xf6, 0x7, 0xf5, 0x3, 0xef, 0xf3,
    0x4, 0xff, 0xff, 0x40, 0x0, 0x0, 0x2, 0xfa,
    0x0, 0x79, 0x8f, 0x30, 0xdf, 0x22, 0xfd, 0x0,
    0x0, 0x0, 0xdd, 0x0, 0x0, 0x8, 0xf3, 0xf,
    0xb0, 0xa, 0xf1, 0x0, 0x0, 0x9f, 0x30, 0x0,
    0x0, 0x8f, 0x31, 0xfa, 0x0, 0x9f, 0x20, 0x0,
    0x4f, 0x70, 0x0, 0x0, 0x8, 0xf3, 0xf, 0xc0,
    0xc, 0xf0, 0x0, 0x1e, 0xc0, 0x0, 0x0, 0x0,
    0x8f, 0x30, 0xaf, 0x88, 0xfa, 0x0, 0xb, 0xf1,
    0x0, 0x0, 0x0, 0x8, 0xf3, 0x0, 0x9e, 0xea,
    0x10,

    /* U+2153 "⅓" */
    0x5, 0xff, 0x60, 0x0, 0x0, 0x7, 0xf5, 0x0,
    0x3, 0xfb, 0xf6, 0x0, 0x0, 0x2, 0xfa, 0x0,
    0x0, 0x34, 0x4f, 0x60, 0x0, 0x0, 0xdd, 0x0,
    0x0, 0x0, 0x4, 0xf6, 0x0, 0x0, 0x9f, 0x30,
    0x0, 0x0, 0x0, 0x4f, 0x60, 0x0, 0x4f, 0x70,
    0x0, 0x0, 0x0, 0x4, 0xf6, 0x0, 0x1e, 0xc0,
    0x0, 0x0, 0x0, 0x0, 0x4f, 0x60, 0xb, 0xf1,
    0x0, 0x47, 0x72, 0x0, 0x4, 0xf6, 0x7, 0xf5,
    0x0, 0xbf, 0xff, 0xf3, 0x0, 0x0, 0x2, 0xfa,
    0x0, 0x4, 0x31, 0x7f, 0x50, 0x0, 0x0, 0xdd,
    0x0, 0x0, 0x3, 0xff, 0x90, 0x0, 0x0, 0x9f,
    0x30, 0x0, 0x0, 0x3, 0x9f, 0x70, 0x0, 0x4f,
    0x70, 0x0, 0x0, 0x0, 0x0, 0xfb, 0x0, 0x1e,
    0xc0, 0x0, 0x0, 0x1f, 0xc6, 0xaf, 0x80, 0xb,
    0xf1, 0x0, 0x0, 0x0, 0x5c, 0xfe, 0x80,

    /* U+2154 "⅔" */
    0x3, 0xcf, 0xd6, 0x0, 0x0, 0x0, 0x8, 0xf4,
    0x0, 0x0, 0xed, 0x6b, 0xf3, 0x0, 0x0, 0x3,
    0xf9, 0x0, 0x0, 0x3, 0x10, 0x5f, 0x40, 0x0,
    0x0, 0xdd, 0x0, 0x0, 0x0, 0x0, 0x2e, 0xb0,
    0x0, 0x0, 0xaf, 0x20, 0x0, 0x0, 0x0, 0x3e,
    0xb0, 0x0, 0x0, 0x5f, 0x60, 0x0, 0x0, 0x0,
    0x4f, 0xc2, 0x21, 0x0, 0x2f, 0xb0, 0x0, 0x10,
    0x0, 0xf, 0xff, 0xff, 0x80, 0xc, 0xe1, 0x5,
    0xef, 0xf9, 0x0, 0x55, 0x55, 0x52, 0x8, 0xf4,
    0x0, 0xdb, 0x5a, 0xf4, 0x0, 0x0, 0x0, 0x3,
    0xf9, 0x0, 0x0, 0x1, 0x8f, 0x30, 0x0, 0x0,
    0x0, 0xdd, 0x0, 0x0, 0x4, 0xff, 0x80, 0x0,
    0x0, 0x0, 0xaf, 0x20, 0x0, 0x0, 0x14, 0x9f,
    0x60, 0x0, 0x0, 0x5f, 0x60, 0x0, 0x0, 0x0,
    0x1, 0xfa, 0x0, 0x0, 0x2f, 0xb0, 0x0, 0x0,
    0x2f, 0xc6, 0xaf, 0x70, 0x0, 0xc, 0xe1, 0x0,
    0x0, 0x0, 0x5d, 0xfe, 0x70,

    /* U+2155 "⅕" */
    0x5, 0xff, 0x60, 0x0, 0x0, 0x7, 0xf5, 0x0,
    0x3, 0xfb, 0xf6, 0x0, 0x0, 0x2, 0xfa, 0x0,
    0x0, 0x24, 0x4f, 0x60, 0x0, 0x0, 0xdd, 0x0,
    0x0, 0x0, 0x4, 0xf6, 0x0, 0x0, 0x9f, 0x30,
    0x0, 0x0, 0x0, 0x4f, 0x60, 0x0, 0x4f, 0x70,
    0x0, 0x0, 0x0, 0x4, 0xf6, 0x0, 0x1e, 0xc0,
    0x0, 0x0, 0x0, 0x0, 0x4f, 0x60, 0xb, 0xf1,
    0x2, 0x77, 0x77, 0x20, 0x4, 0xf6, 0x7, 0xf5,
    0x0, 0x6f, 0xff, 0xf5, 0x0, 0x0, 0x2, 0xfa,
    0x0, 0x8, 0xf0, 0x0, 0x0, 0x0, 0x0, 0xdd,
    0x0, 0x0, 0xbf, 0xdf, 0xb1, 0x0, 0x0, 0x9f,
    0x30, 0x0, 0x0, 0x44, 0x8f, 0x90, 0x0, 0x4f,
    0x70, 0x0, 0x0, 0x0, 0x0, 0xeb, 0x0, 0x1e,
    0xc0, 0x0, 0x0, 0xc, 0xe5, 0x7f, 0x70, 0xb,
    0xf1, 0x0, 0x0, 0x0, 0x2b, 0xfe, 0x80,

    /* U+2156 "⅖" */
    0x3, 0xcf, 0xd6, 0x0, 0x0, 0x0, 0x8, 0xf4,
    0x0, 0x0, 0xed, 0x6b, 0xf3, 0x0, 0x0, 0x3,
    0xf9, 0x0, 0x0, 0x3, 0x10, 0x5f, 0x40, 0x0,
    0x0, 0xdd, 0x0, 0x0, 0x0, 0x0, 0x2e, 0xb0,
    0x0, 0x0, 0xaf, 0x20, 0x0, 0x0, 0x0, 0x3e,
    0xb0, 0x0, 0x0, 0x5f, 0x60, 0x0, 0x0, 0x0,
    0x4f, 0xc2, 0x21, 0x0, 0x2f, 0xb0, 0x2, 0x22,
    0x20, 0xf, 0xff, 0xff, 0x80, 0xc, 0xe1, 0x6,
    0xff, 0xff, 0x50, 0x55, 0x55, 0x52, 0x8, 0xf4,
    0x0, 0x8f, 0x55, 0x51, 0x0, 0x0, 0x0, 0x3,
    0xf9, 0x0, 0xa, 0xe0, 0x0, 0x0, 0x0, 0x0,
    0x0, 0xdd, 0x0, 0x0, 0xce, 0xdf, 0xa0, 0x0,
    0x0, 0x0, 0xaf, 0x20, 0x0, 0x1, 0x44, 0x8f,
    0x80, 0x0, 0x0, 0x5f, 0x60, 0x0, 0x0, 0x0,
    0x0, 0xfa, 0x0, 0x0, 0x2f, 0xb0, 0x0, 0x0,
    0xd, 0xe5, 0x8f, 0x60, 0x0, 0xc, 0xe1, 0x0,
    0x0, 0x0, 0x2b, 0xfe, 0x70,

    /* U+2157 "⅗" */
    0x1, 0xae, 0xe9, 0x0, 0x0, 0x0, 0xd, 0xd0,
    0x0, 0x0, 0xce, 0x79, 0xf7, 0x0, 0x0, 0x9,
    0xf3, 0x0, 0x0, 0x0, 0x0, 0x4f, 0x70, 0x0,
    0x4, 0xf7, 0x0, 0x0, 0x0, 0x1, 0xff, 0xc0,
    0x0, 0x1, 0xeb, 0x0, 0x0, 0x0, 0x0, 0x4,
    0x6f, 0xb0, 0x0, 0xbe, 0x10, 0x0, 0x0, 0x0,
    0x87, 0x24, 0xfd, 0x0, 0x7f, 0x50, 0x11, 0x11,
    0x10, 0x8, 0xff, 0xfe, 0x40, 0x2f, 0x90, 0xc,
    0xff, 0xff, 0x0, 0x1, 0x43, 0x0, 0xd, 0xd0,
    0x0, 0xeb, 0x44, 0x40, 0x0, 0x0, 0x0, 0x9,
    0xf3, 0x0, 0xf, 0x80, 0x0, 0x0, 0x0, 0x0,
    0x4, 0xf7, 0x0, 0x2, 0xfd, 0xfe, 0x60, 0x0,
    0x0, 0x1, 0xeb, 0x0, 0x0, 0x2, 0x44, 0xcf,
    0x20, 0x0, 0x0, 0xbe, 0x10, 0x0, 0x0, 0x0,
    0x5, 0xf4, 0x0, 0x0, 0x7f, 0x50, 0x0, 0x0,
    0x3f, 0xa5, 0xcf, 0x10, 0x0, 0x2f, 0x90, 0x0,
    0x0, 0x0, 0x6d, 0xfc, 0x30,

    /* U+2158 "⅘" */
    0x0, 0x5, 0xff, 0x20, 0x0, 0x0, 0x6, 0xf6,
    0x0, 0x0, 0x0, 0xef, 0xf2, 0x0, 0x0, 0x2,
    0xfa, 0x0, 0x0, 0x0, 0x9e, 0x8f, 0x20, 0x0,
    0x0, 0xce, 0x10, 0x0, 0x0, 0x3f, 0x67, 0xf2,
    0x0, 0x0, 0x8f, 0x40, 0x0, 0x0, 0xd, 0xd1,
    0x8f, 0x30, 0x0, 0x4f, 0x80, 0x0, 0x0, 0x2,
    0xff, 0xff, 0xff, 0x10, 0x1e, 0xc0, 0x1, 0x11,
    0x10, 0x4, 0x44, 0xaf, 0x60, 0xa, 0xf2, 0x4,
    0xff, 0xff, 0x60, 0x0, 0x2, 0x40, 0x6, 0xf6,
    0x0, 0x6f, 0x64, 0x42, 0x0, 0x0, 0x0, 0x2,
    0xfa, 0x0, 0x8, 0xf0, 0x0, 0x0, 0x0, 0x0,
    0x0, 0xce, 0x10, 0x0, 0xaf, 0xdf, 0xb1, 0x0,
    0x0, 0x0, 0x8f, 0x40, 0x0, 0x0, 0x44, 0x7f,
    0x90, 0x0, 0x0, 0x4f, 0x80, 0x0, 0x0, 0x0,
    0x0, 0xec, 0x0, 0x0, 0x1e, 0xc0, 0x0, 0x0,
    0xb, 0xf6, 0x7f, 0x80, 0x0, 0xa, 0xf2, 0x0,
    0x0, 0x0, 0x1b, 0xfe, 0x90,

    /* U+2159 "⅙" */
    0x5, 0xff, 0x60, 0x0, 0x0, 0x7, 0xf5, 0x0,
    0x3, 0xfb, 0xf6, 0x0, 0x0, 0x2, 0xfa, 0x0,
    0x0, 0x34, 0x4f, 0x60, 0x0, 0x0, 0xdd, 0x0,
    0x0, 0x0, 0x4, 0xf6, 0x0, 0x0, 0x9f, 0x30,
    0x0, 0x0, 0x0, 0x4f, 0x60, 0x0, 0x4f, 0x70,
    0x0, 0x0, 0x0, 0x4, 0xf6, 0x0, 0x1e, 0xc0,
    0x0, 0x0, 0x0, 0x0, 0x4f, 0x60, 0xb, 0xf1,
    0x0, 0x48, 0x71, 0x0, 0x4, 0xf6, 0x7, 0xf5,
    0x0, 0x8f, 0xff, 0xf2, 0x0, 0x0, 0x2, 0xfa,
    0x0, 0x2f, 0xb0, 0x39, 0x50, 0x0, 0x0, 0xdd,
    0x0, 0x6, 0xf8, 0xdf, 0xa0, 0x0, 0x0, 0x9f,
    0x30, 0x0, 0x7f, 0xd4, 0x8f, 0x80, 0x0, 0x4f,
    0x70, 0x0, 0x5, 0xf6, 0x0, 0xfb, 0x0, 0x1e,
    0xc0, 0x0, 0x0, 0x1f, 0xd5, 0x8f, 0x60, 0xb,
    0xf1, 0x0, 0x0, 0x0, 0x3c, 0xfe, 0x70,

    /* U+215A "⅚" */
    0x4f, 0xff, 0xf6, 0x0, 0x0, 0x0, 0xbf, 0x10,
    0x0, 0x7f, 0x76, 0x62, 0x0, 0x0, 0x6, 0xf5,
    0x0, 0x0, 0xaf, 0xdf, 0xb1, 0x0, 0x0, 0x2f,
    0xa0, 0x0, 0x0, 0x4, 0x48, 0xf9, 0x0, 0x0,
    0xdd, 0x0, 0x0, 0x0, 0x0, 0x0, 0xec, 0x0,
    0x9, 0xf3, 0x0, 0x0, 0x0, 0xac, 0x35, 0xf9,
    0x0, 0x4f, 0x70, 0x0, 0x0, 0x0, 0x4e, 0xff,
    0xc1, 0x1, 0xec, 0x0, 0x5e, 0xfe, 0x50, 0x0,
    0x32, 0x0, 0xb, 0xf1, 0x2, 0xfc, 0x5c, 0xf2,
    0x0, 0x0, 0x0, 0x6f, 0x50, 0x8, 0xf2, 0x1,
    0x41, 0x0, 0x0, 0x2, 0xfa, 0x0, 0xb, 0xf6,
    0xff, 0x70, 0x0, 0x0, 0xd, 0xd0, 0x0, 0xb,
    0xfa, 0x4b, 0xf4, 0x0, 0x0, 0x9f, 0x30, 0x0,
    0x9, 0xf2, 0x3, 0xf6, 0x0, 0x4, 0xf7, 0x0,
    0x0, 0x3, 0xfa, 0x4b, 0xf2, 0x0, 0x1e, 0xc0,
    0x0, 0x0, 0x0, 0x6d, 0xfd, 0x40,

    /* U+215B "⅛" */
    0x5, 0xff, 0x60, 0x0, 0x0, 0x7, 0xf5, 0x0,
    0x3, 0xfb, 0xf6, 0x0, 0x0, 0x2, 0xfa, 0x0,
    0x0, 0x34, 0x4f, 0x60, 0x0, 0x0, 0xdd, 0x0,
    0x0, 0x0, 0x4, 0xf6, 0x0, 0x0, 0x9f, 0x30,
    0x0, 0x0, 0x0, 0x4f, 0x60, 0x0, 0x4f, 0x70,
    0x0, 0x0, 0x0, 0x4, 0xf6, 0x0, 0x1e, 0xc0,
    0x0, 0x0, 0x0, 0x0, 0x4f, 0x60, 0xb, 0xf1,
    0x0, 0x68, 0x61, 0x0, 0x4, 0xf6, 0x7, 0xf5,
    0x0, 0xdf, 0xff, 0xf2, 0x0, 0x0, 0x2, 0xfa,
    0x0, 0x1f, 0xa1, 0x8f, 0x40, 0x0, 0x0, 0xdd,
    0x0, 0x0, 0x6f, 0xff, 0x90, 0x0, 0x0, 0x9f,
    0x30, 0x0, 0x2f, 0xc4, 0x9f, 0x50, 0x0, 0x4f,
    0x70, 0x0, 0x6, 0xf5, 0x1, 0xfa, 0x0, 0x1e,
    0xc0, 0x0, 0x0, 0x3f, 0xb3, 0x8f, 0x70, 0xb,
    0xf1, 0x0, 0x0, 0x0, 0x5d, 0xfe, 0x70,

    /* U+215C "⅜" */
    0x1, 0xae, 0xe9, 0x0, 0x0, 0x0, 0xd, 0xd0,
    0x0, 0x0, 0xce, 0x79, 0xf7, 0x0, 0x0, 0x9,
    0xf3, 0x0, 0x0, 0x0, 0x0, 0x4f, 0x70, 0x0,
    0x4, 0xf7, 0x0, 0x0, 0x0, 0x1, 0xff, 0xc0,
    0x0, 0x1, 0xeb, 0x0, 0x0, 0x0, 0x0, 0x4,
    0x6f, 0xb0, 0x0, 0xbe, 0x10, 0x0, 0x0, 0x0,
    0x87, 0x24, 0xfd, 0x0, 0x7f, 0x50, 0x0, 0x0,
    0x0, 0x8, 0xff, 0xfe, 0x40, 0x2f, 0x90, 0x1b,
    0xff, 0xd3, 0x0, 0x1, 0x43, 0x0, 0xd, 0xd0,
    0x8, 0xf5, 0x2d, 0xd0, 0x0, 0x0, 0x0, 0x9,
    0xf3, 0x0, 0x7f, 0x41, 0xdc, 0x0, 0x0, 0x0,
    0x4, 0xf7, 0x0, 0x0, 0xcf, 0xff, 0x30, 0x0,
    0x0, 0x1, 0xeb, 0x0, 0x0, 0x9f, 0x74, 0xed,
    0x0, 0x0, 0x0, 0xbe, 0x10, 0x0, 0xe, 0xe0,
    0x8, 0xf3, 0x0, 0x0, 0x7f, 0x50, 0x0, 0x0,
    0xaf, 0x64, 0xde, 0x10, 0x0, 0x2f, 0x90, 0x0,
    0x0, 0x1, 0x9e, 0xfc, 0x30,

    /* U+215D "⅝" */
    0x4f, 0xff, 0xf6, 0x0, 0x0, 0x0, 0xbf, 0x10,
    0x0, 0x7f, 0x76, 0x62, 0x0, 0x0, 0x6, 0xf5,
    0x0, 0x0, 0xaf, 0xdf, 0xb1, 0x0, 0x0, 0x2f,
    0xa0, 0x0, 0x0, 0x4, 0x48, 0xf9, 0x0, 0x0,
    0xdd, 0x0, 0x0, 0x0, 0x0, 0x0, 0xec, 0x0,
    0x9, 0xf3, 0x0, 0x0, 0x0, 0xac, 0x35, 0xf9,
    0x0, 0x4f, 0x70, 0x0, 0x0, 0x0, 0x4e, 0xff,
    0xc1, 0x1, 0xec, 0x0, 0x9f, 0xfe, 0x50, 0x0,
    0x32, 0x0, 0xb, 0xf1, 0x5, 0xf6, 0xb, 0xf0,
    0x0, 0x0, 0x0, 0x6f, 0x50, 0x4, 0xf7, 0x1c,
    0xe0, 0x0, 0x0, 0x2, 0xfa, 0x0, 0x0, 0xaf,
    0xff, 0x50, 0x0, 0x0, 0xd, 0xd0, 0x0, 0x6,
    0xf9, 0x4c, 0xf1, 0x0, 0x0, 0x9f, 0x30, 0x0,
    0xb, 0xf0, 0x6, 0xf5, 0x0, 0x4, 0xf7, 0x0,
    0x0, 0x7, 0xf8, 0x3c, 0xf2, 0x0, 0x1e, 0xc0,
    0x0, 0x0, 0x0, 0x8e, 0xfc, 0x40,

    /* U+215E "⅞" */
    0x5f, 0xff, 0xff, 0x40, 0x0, 0x3f, 0x90, 0x0,
    0x27, 0x77, 0xcf, 0x30, 0x0, 0xdd, 0x0, 0x0,
    0x0, 0x2, 0xfb, 0x0, 0x9, 0xf3, 0x0, 0x0,
    0x0, 0xa, 0xf2, 0x0, 0x5f, 0x70, 0x0, 0x0,
    0x0, 0x3f, 0x80, 0x1, 0xeb, 0x0, 0x0, 0x0,
    0x0, 0xce, 0x10, 0xb, 0xe1, 0x0, 0x10, 0x0,
    0x5, 0xf6, 0x0, 0x7f, 0x40, 0x3d, 0xff, 0xb1,
    0x3, 0x50, 0x3, 0xf9, 0x0, 0xdf, 0x68, 0xf9,
    0x0, 0x0, 0xd, 0xd0, 0x0, 0xbe, 0x24, 0xf7,
    0x0, 0x0, 0x9f, 0x30, 0x0, 0x2e, 0xff, 0xc0,
    0x0, 0x5, 0xf7, 0x0, 0x0, 0xde, 0x57, 0xf9,
    0x0, 0x1e, 0xb0, 0x0, 0x2, 0xf9, 0x0, 0xde,
    0x0, 0xbe, 0x10, 0x0, 0x0, 0xed, 0x46, 0xfb,
    0x7, 0xf4, 0x0, 0x0, 0x0, 0x3b, 0xfe, 0xa1,

    /* U+215F "⅟" */
    0x5, 0xff, 0x60, 0x0, 0x0, 0x7, 0xf5, 0x3f,
    0xbf, 0x60, 0x0, 0x0, 0x2f, 0xa0, 0x34, 0x4f,
    0x60, 0x0, 0x0, 0xdd, 0x0, 0x0, 0x4f, 0x60,
    0x0, 0x9, 0xf3, 0x0, 0x0, 0x4f, 0x60, 0x0,
    0x4f, 0x70, 0x0, 0x0, 0x4f, 0x60, 0x1, 0xec,
    0x0, 0x0, 0x0, 0x4f, 0x60, 0xb, 0xf1, 0x0,
    0x0, 0x0, 0x4f, 0x60, 0x7f, 0x50, 0x0, 0x0,
    0x0, 0x0, 0x2, 0xfa, 0x0, 0x0, 0x0, 0x0,
    0x0, 0xd, 0xd0, 0x0, 0x0, 0x0, 0x0, 0x0,
    0x9f, 0x30, 0x0, 0x0, 0x0, 0x0, 0x4, 0xf7,
    0x0, 0x0, 0x0, 0x0, 0x0, 0x1e, 0xc0, 0x0,
    0x0, 0x0, 0x0, 0x0, 0xbf, 0x10, 0x0, 0x0,
    0x0, 0x0,

    /* U+2160 "Ⅰ" */
    0x6f, 0xd6, 0xfd, 0x6f, 0xd6, 0xfd, 0x6f, 0xd6,
    0xfd, 0x6f, 0xd6, 0xfd, 0x6f, 0xd6, 0xfd, 0x6f,
    0xd6, 0xfd, 0x6f, 0xd6, 0xfd,

    /* U+2161 "Ⅱ" */
    0x6f, 0xd0, 0x0, 0xff, 0x46, 0xfd, 0x0, 0xf,
    0xf4, 0x6f, 0xd0, 0x0, 0xff, 0x46, 0xfd, 0x0,
    0xf, 0xf4, 0x6f, 0xd0, 0x0, 0xff, 0x46, 0xfd,
    0x0, 0xf, 0xf4, 0x6f, 0xd0, 0x0, 0xff, 0x46,
    0xfd, 0x0, 0xf, 0xf4, 0x6f, 0xd0, 0x0, 0xff,
    0x46, 0xfd, 0x0, 0xf, 0xf4, 0x6f, 0xd0, 0x0,
    0xff, 0x46, 0xfd, 0x0, 0xf, 0xf4, 0x6f, 0xd0,
    0x0, 0xff, 0x46, 0xfd, 0x0, 0xf, 0xf4,

    /* U+2162 "Ⅲ" */
    0x6f, 0xd0, 0x0, 0xff, 0x40, 0x7, 0xfc, 0x6f,
    0xd0, 0x0, 0xff, 0x40, 0x7, 0xfc, 0x6f, 0xd0,
    0x0, 0xff, 0x40, 0x7, 0xfc, 0x6f, 0xd0, 0x0,
    0xff, 0x40, 0x7, 0xfc, 0x6f, 0xd0, 0x0, 0xff,
    0x40, 0x7, 0xfc, 0x6f, 0xd0, 0x0, 0xff, 0x40,
    0x7, 0xfc, 0x6f, 0xd0, 0x0, 0xff, 0x40, 0x7,
    0xfc, 0x6f, 0xd0, 0x0, 0xff, 0x40, 0x7, 0xfc,
    0x6f, 0xd0, 0x0, 0xff, 0x40, 0x7, 0xfc, 0x6f,
    0xd0, 0x0, 0xff, 0x40, 0x7, 0xfc, 0x6f, 0xd0,
    0x0, 0xff, 0x40, 0x7, 0xfc, 0x6f, 0xd0, 0x0,
    0xff, 0x40, 0x7, 0xfc, 0x6f, 0xd0, 0x0, 0xff,
    0x40, 0x7, 0xfc, 0x6f, 0xd0, 0x0, 0xff, 0x40,
    0x7, 0xfc,

    /* U+2163 "Ⅳ" */
    0x6f, 0xd0, 0xd, 0xf8, 0x0, 0x0, 0x0, 0x7,
    0xfe, 0x6, 0xfd, 0x0, 0x7f, 0xe0, 0x0, 0x0,
    0x0, 0xdf, 0x90, 0x6f, 0xd0, 0x1, 0xff, 0x40,
    0x0, 0x0, 0x2f, 0xf3, 0x6, 0xfd, 0x0, 0xb,
    0xf9, 0x0, 0x0, 0x8, 0xfd, 0x0, 0x6f, 0xd0,
    0x0, 0x5f, 0xf0, 0x0, 0x0, 0xdf, 0x70, 0x6,
    0xfd, 0x0, 0x0, 0xff, 0x50, 0x0, 0x3f, 0xf1,
    0x0, 0x6f, 0xd0, 0x0, 0x9, 0xfb, 0x0, 0x9,
    0xfb, 0x0, 0x6, 0xfd, 0x0, 0x0, 0x3f, 0xf1,
    0x0, 0xef, 0x50, 0x0, 0x6f, 0xd0, 0x0, 0x0,
    0xdf, 0x60, 0x4f, 0xf0, 0x0, 0x6, 0xfd, 0x0,
    0x0, 0x7, 0xfb, 0x9, 0xf9, 0x0, 0x0, 0x6f,
    0xd0, 0x0, 0x0, 0x1f, 0xf1, 0xef, 0x30, 0x0,
    0x6, 0xfd, 0x0, 0x0, 0x0, 0xbf, 0x8f, 0xd0,
    0x0, 0x0, 0x6f, 0xd0, 0x0, 0x0, 0x5, 0xff,
    0xf7, 0x0, 0x0, 0x6, 0xfd, 0x0, 0x0, 0x0,
    0xe, 0xff, 0x20, 0x0, 0x0,

    /* U+2164 "Ⅴ" */
    0x5f, 0xf1, 0x0, 0x0, 0x0, 0xe, 0xf7, 0xe,
    0xf7, 0x0, 0x0, 0x0, 0x4f, 0xf2, 0x9, 0xfc,
    0x0, 0x0, 0x0, 0x9f, 0xc0, 0x2, 0xff, 0x20,
    0x0, 0x0, 0xff, 0x60, 0x0, 0xcf, 0x80, 0x0,
    0x5, 0xff, 0x0, 0x0, 0x6f, 0xe0, 0x0, 0xa,
    0xfa, 0x0, 0x0, 0x1f, 0xf4, 0x0, 0xf, 0xf4,
    0x0, 0x0, 0xa, 0xfa, 0x0, 0x6f, 0xe0, 0x0,
    0x0, 0x4, 0xff, 0x0, 0xbf, 0x80, 0x0, 0x0,
    0x0, 0xef, 0x40, 0xff, 0x20, 0x0, 0x0, 0x0,
    0x8f, 0x95, 0xfc, 0x0, 0x0, 0x0, 0x0, 0x2f,
    0xea, 0xf6, 0x0, 0x0, 0x0, 0x0, 0xc, 0xff,
    0xf1, 0x0, 0x0, 0x0, 0x0, 0x6, 0xff, 0xa0,
    0x0, 0x0,

    /* U+2165 "Ⅵ" */
    0x5f, 0xf1, 0x0, 0x0, 0x0, 0xe, 0xf7, 0x3,
    0xff, 0x0, 0xef, 0x70, 0x0, 0x0, 0x4, 0xff,
    0x20, 0x3f, 0xf0, 0x9, 0xfc, 0x0, 0x0, 0x0,
    0x9f, 0xc0, 0x3, 0xff, 0x0, 0x2f, 0xf2, 0x0,
    0x0, 0xf, 0xf6, 0x0, 0x3f, 0xf0, 0x0, 0xcf,
    0x80, 0x0, 0x5, 0xff, 0x0, 0x3, 0xff, 0x0,
    0x6, 0xfe, 0x0, 0x0, 0xaf, 0xa0, 0x0, 0x3f,
    0xf0, 0x0, 0x1f, 0xf4, 0x0, 0xf, 0xf4, 0x0,
    0x3, 0xff, 0x0, 0x0, 0xaf, 0xa0, 0x6, 0xfe,
    0x0, 0x0, 0x3f, 0xf0, 0x0, 0x4, 0xff, 0x0,
    0xbf, 0x80, 0x0, 0x3, 0xff, 0x0, 0x0, 0xe,
    0xf4, 0xf, 0xf2, 0x0, 0x0, 0x3f, 0xf0, 0x0,
    0x0, 0x8f, 0x95, 0xfc, 0x0, 0x0, 0x3, 0xff,
    0x0, 0x0, 0x2, 0xfe, 0xaf, 0x60, 0x0, 0x0,
    0x3f, 0xf0, 0x0, 0x0, 0xc, 0xff, 0xf1, 0x0,
    0x0, 0x3, 0xff, 0x0, 0x0, 0x0, 0x6f, 0xfa,
    0x0, 0x0, 0x0, 0x3f, 0xf0,

    /* U+2166 "Ⅶ" */
    0x5f, 0xf1, 0x0, 0x0, 0x0, 0xe, 0xf7, 0x3,
    0xff, 0x0, 0xc, 0xf7, 0xe, 0xf7, 0x0, 0x0,
    0x0, 0x4f, 0xf2, 0x3, 0xff, 0x0, 0xc, 0xf7,
    0x9, 0xfc, 0x0, 0x0, 0x0, 0x9f, 0xc0, 0x3,
    0xff, 0x0, 0xc, 0xf7, 0x2, 0xff, 0x20, 0x0,
    0x0, 0xff, 0x60, 0x3, 0xff, 0x0, 0xc, 0xf7,
    0x0, 0xcf, 0x80, 0x0, 0x5, 0xff, 0x0, 0x3,
    0xff, 0x0, 0xc, 0xf7, 0x0, 0x6f, 0xe0, 0x0,
    0xa, 0xfa, 0x0, 0x3, 0xff, 0x0, 0xc, 0xf7,
    0x0, 0x1f, 0xf4, 0x0, 0xf, 0xf4, 0x0, 0x3,
    0xff, 0x0, 0xc, 0xf7, 0x0, 0xa, 0xfa, 0x0,
    0x6f, 0xe0, 0x0, 0x3, 0xff, 0x0, 0xc, 0xf7,
    0x0, 0x4, 0xff, 0x0, 0xbf, 0x80, 0x0, 0x3,
    0xff, 0x0, 0xc, 0xf7, 0x0, 0x0, 0xef, 0x40,
    0xff, 0x20, 0x0, 0x3, 0xff, 0x0, 0xc, 0xf7,
    0x0, 0x0, 0x8f, 0x95, 0xfc, 0x0, 0x0, 0x3,
    0xff, 0x0, 0xc, 0xf7, 0x0, 0x0, 0x2f, 0xea,
    0xf6, 0x0, 0x0, 0x3, 0xff, 0x0, 0xc, 0xf7,
    0x0, 0x0, 0xc, 0xff, 0xf1, 0x0, 0x0, 0x3,
    0xff, 0x0, 0xc, 0xf7, 0x0, 0x0, 0x6, 0xff,
    0xa0, 0x0, 0x0, 0x3, 0xff, 0x0, 0xc, 0xf7,

    /* U+2167 "Ⅷ" */
    0x5f, 0xf1, 0x0, 0x0, 0x0, 0xe, 0xf7, 0x3,
    0xff, 0x0, 0xc, 0xf7, 0x0, 0x5f, 0xe0, 0xef,
    0x70, 0x0, 0x0, 0x4, 0xff, 0x20, 0x3f, 0xf0,
    0x0, 0xcf, 0x70, 0x5, 0xfe, 0x9, 0xfc, 0x0,
    0x0, 0x0, 0x9f, 0xc0, 0x3, 0xff, 0x0, 0xc,
    0xf7, 0x0, 0x5f, 0xe0, 0x2f, 0xf2, 0x0, 0x0,
    0xf, 0xf6, 0x0, 0x3f, 0xf0, 0x0, 0xcf, 0x70,
    0x5, 0xfe, 0x0, 0xcf, 0x80, 0x0, 0x5, 0xff,
    0x0, 0x3, 0xff, 0x0, 0xc, 0xf7, 0x0, 0x5f,
    0xe0, 0x6, 0xfe, 0x0, 0x0, 0xaf, 0xa0, 0x0,
    0x3f, 0xf0, 0x0, 0xcf, 0x70, 0x5, 0xfe, 0x0,
    0x1f, 0xf4, 0x0, 0xf, 0xf4, 0x0, 0x3, 0xff,
    0x0, 0xc, 0xf7, 0x0, 0x5f, 0xe0, 0x0, 0xaf,
    0xa0, 0x6, 0xfe, 0x0, 0x0, 0x3f, 0xf0, 0x0,
    0xcf, 0x70, 0x5, 0xfe, 0x0, 0x4, 0xff, 0x0,
    0xbf, 0x80, 0x0, 0x3, 0xff, 0x0, 0xc, 0xf7,
    0x0, 0x5f, 0xe0, 0x0, 0xe, 0xf4, 0xf, 0xf2,
    0x0, 0x0, 0x3f, 0xf0, 0x0, 0xcf, 0x70, 0x5,
    0xfe, 0x0, 0x0, 0x8f, 0x95, 0xfc, 0x0, 0x0,
    0x3, 0xff, 0x0, 0xc, 0xf7, 0x0, 0x5f, 0xe0,
    0x0, 0x2, 0xfe, 0xaf, 0x60, 0x0, 0x0, 0x3f,
    0xf0, 0x0, 0xcf, 0x70, 0x5, 0xfe, 0x0, 0x0,
    0xc, 0xff, 0xf1, 0x0, 0x0, 0x3, 0xff, 0x0,
    0xc, 0xf7, 0x0, 0x5f, 0xe0, 0x0, 0x0, 0x6f,
    0xfa, 0x0, 0x0, 0x0, 0x3f, 0xf0, 0x0, 0xcf,
    0x70, 0x5, 0xfe,

    /* U+2168 "Ⅸ" */
    0x6f, 0xd0, 0x4, 0xff, 0x40, 0x0, 0x0, 0x4f,
    0xf4, 0x6f, 0xd0, 0x0, 0x9f, 0xe1, 0x0, 0x1,
    0xef, 0x80, 0x6f, 0xd0, 0x0, 0xd, 0xfb, 0x0,
    0xb, 0xfc, 0x0, 0x6f, 0xd0, 0x0, 0x2, 0xff,
    0x50, 0x6f, 0xf2, 0x0, 0x6f, 0xd0, 0x0, 0x0,
    0x7f, 0xe2, 0xff, 0x60, 0x0, 0x6f, 0xd0, 0x0,
    0x0, 0xb, 0xfe, 0xfa, 0x0, 0x0, 0x6f, 0xd0,
    0x0, 0x0, 0x1, 0xff, 0xe1, 0x0, 0x0, 0x6f,
    0xd0, 0x0, 0x0, 0x4, 0xff, 0xf4, 0x0, 0x0,
    0x6f, 0xd0, 0x0, 0x0, 0x1e, 0xfb, 0xfe, 0x10,
    0x0, 0x6f, 0xd0, 0x0, 0x0, 0xbf, 0xb0, 0xcf,
    0xb0, 0x0, 0x6f, 0xd0, 0x0, 0x7, 0xff, 0x10,
    0x2f, 0xf6, 0x0, 0x6f, 0xd0, 0x0, 0x3f, 0xf5,
    0x0, 0x7, 0xff, 0x20, 0x6f, 0xd0, 0x0, 0xdf,
    0xa0, 0x0, 0x0, 0xbf, 0xd0, 0x6f, 0xd0, 0xa,
    0xfd, 0x0, 0x0, 0x0, 0x1e, 0xf9,

    /* U+2169 "Ⅹ" */
    0xb, 0xfd, 0x0, 0x0, 0x0, 0xbf, 0xc0, 0x1,
    0xef, 0x80, 0x0, 0x7, 0xff, 0x20, 0x0, 0x5f,
    0xf3, 0x0, 0x2f, 0xf5, 0x0, 0x0, 0x9, 0xfd,
    0x0, 0xdf, 0xa0, 0x0, 0x0, 0x0, 0xdf, 0x87,
    0xfe, 0x10, 0x0, 0x0, 0x0, 0x3f, 0xff, 0xf3,
    0x0, 0x0, 0x0, 0x0, 0x8, 0xff, 0x80, 0x0,
    0x0, 0x0, 0x0, 0xb, 0xff, 0xd0, 0x0, 0x0,
    0x0, 0x0, 0x7f, 0xdd, 0xf9, 0x0, 0x0, 0x0,
    0x3, 0xff, 0x44, 0xff, 0x40, 0x0, 0x0, 0xd,
    0xf9, 0x0, 0x9f, 0xe1, 0x0, 0x0, 0xaf, 0xd0,
    0x0, 0xd, 0xfb, 0x0, 0x6, 0xff, 0x30, 0x0,
    0x3, 0xff, 0x60, 0x2f, 0xf7, 0x0, 0x0, 0x0,
    0x7f, 0xf2,

    /* U+216A "Ⅺ" */
    0xb, 0xfd, 0x0, 0x0, 0x0, 0xbf, 0xc0, 0x6,
    0xfd, 0x1, 0xef, 0x80, 0x0, 0x7, 0xff, 0x20,
    0x6, 0xfd, 0x0, 0x5f, 0xf3, 0x0, 0x2f, 0xf5,
    0x0, 0x6, 0xfd, 0x0, 0x9, 0xfd, 0x0, 0xdf,
    0xa0, 0x0, 0x6, 0xfd, 0x0, 0x0, 0xdf, 0x87,
    0xfe, 0x10, 0x0, 0x6, 0xfd, 0x0, 0x0, 0x3f,
    0xff, 0xf3, 0x0, 0x0, 0x6, 0xfd, 0x0, 0x0,
    0x8, 0xff, 0x80, 0x0, 0x0, 0x6, 0xfd, 0x0,
    0x0, 0xb, 0xff, 0xd0, 0x0, 0x0, 0x6, 0xfd,
    0x0, 0x0, 0x7f, 0xdd, 0xf9, 0x0, 0x0, 0x6,
    0xfd, 0x0, 0x3, 0xff, 0x44, 0xff, 0x40, 0x0,
    0x6, 0xfd, 0x0, 0xd, 0xf9, 0x0, 0x9f, 0xe1,
    0x0, 0x6, 0xfd, 0x0, 0xaf, 0xd0, 0x0, 0xd,
    0xfb, 0x0, 0x6, 0xfd, 0x6, 0xff, 0x30, 0x0,
    0x3, 0xff, 0x60, 0x6, 0xfd, 0x2f, 0xf7, 0x0,
    0x0, 0x0, 0x7f, 0xf2, 0x6, 0xfd,

    /* U+216B "Ⅻ" */
    0xb, 0xfd, 0x0, 0x0, 0x0, 0xbf, 0xc0, 0x6,
    0xfd, 0x0, 0xe, 0xf5, 0x1, 0xef, 0x80, 0x0,
    0x7, 0xff, 0x20, 0x6, 0xfd, 0x0, 0xe, 0xf5,
    0x0, 0x5f, 0xf3, 0x0, 0x2f, 0xf5, 0x0, 0x6,
    0xfd, 0x0, 0xe, 0xf5, 0x0, 0x9, 0xfd, 0x0,
    0xdf, 0xa0, 0x0, 0x6, 0xfd, 0x0, 0xe, 0xf5,
    0x0, 0x0, 0xdf, 0x87, 0xfe, 0x10, 0x0, 0x6,
    0xfd, 0x0, 0xe, 0xf5, 0x0, 0x0, 0x3f, 0xff,
    0xf3, 0x0, 0x0, 0x6, 0xfd, 0x0, 0xe, 0xf5,
    0x0, 0x0, 0x8, 0xff, 0x80, 0x0, 0x0, 0x6,
    0xfd, 0x0, 0xe, 0xf5, 0x0, 0x0, 0xb, 0xff,
    0xd0, 0x0, 0x0, 0x6, 0xfd, 0x0, 0xe, 0xf5,
    0x0, 0x0, 0x7f, 0xdd, 0xf9, 0x0, 0x0, 0x6,
    0xfd, 0x0, 0xe, 0xf5, 0x0, 0x3, 0xff, 0x44,
    0xff, 0x40, 0x0, 0x6, 0xfd, 0x0, 0xe, 0xf5,
    0x0, 0xd, 0xf9, 0x0, 0x9f, 0xe1, 0x0, 0x6,
    0xfd, 0x0, 0xe, 0xf5, 0x0, 0xaf, 0xd0, 0x0,
    0xd, 0xfb, 0x0, 0x6, 0xfd, 0x0, 0xe, 0xf5,
    0x6, 0xff, 0x30, 0x0, 0x3, 0xff, 0x60, 0x6,
    0xfd, 0x0, 0xe, 0xf5, 0x2f, 0xf7, 0x0, 0x0,
    0x0, 0x7f, 0xf2, 0x6, 0xfd, 0x0, 0xe, 0xf5,

    /* U+216C "Ⅼ" */
    0x6f, 0xd0, 0x0, 0x0, 0x0, 0x6f, 0xd0, 0x0,
    0x0, 0x0, 0x6f, 0xd0, 0x0, 0x0, 0x0, 0x6f,
    0xd0, 0x0, 0x0, 0x0, 0x6f, 0xd0, 0x0, 0x0,
    0x0, 0x6f, 0xd0, 0x0, 0x0, 0x0, 0x6f, 0xd0,
    0x0, 0x0, 0x0, 0x6f, 0xd0, 0x0, 0x0, 0x0,
    0x6f, 0xd0, 0x0, 0x0, 0x0, 0x6f, 0xd0, 0x0,
    0x0, 0x0, 0x6f, 0xd0, 0x0, 0x0, 0x0, 0x6f,
    0xd0, 0x0, 0x0, 0x0, 0x6f, 0xfe, 0xee, 0xee,
    0xe6, 0x6f, 0xff, 0xff, 0xff, 0xf7,

    /* U+216D "Ⅽ" */
    0x0, 0x3, 0xad, 0xfe, 0xb6, 0x0, 0x0, 0x8,
    0xff, 0xff, 0xff, 0xfc, 0x10, 0x8, 0xff, 0x93,
    0x2, 0x6e, 0xfc, 0x2, 0xff, 0x70, 0x0, 0x0,
    0x2f, 0xf4, 0x8f, 0xd0, 0x0, 0x0, 0x0, 0x7a,
    0x5b, 0xf7, 0x0, 0x0, 0x0, 0x0, 0x0, 0xdf,
    0x50, 0x0, 0x0, 0x0, 0x0, 0xd, 0xf5, 0x0,
    0x0, 0x0, 0x0, 0x0, 0xbf, 0x70, 0x0, 0x0,
    0x0, 0x0, 0x8, 0xfc, 0x0, 0x0, 0x0, 0x7,
    0xa5, 0x2f, 0xf6, 0x0, 0x0, 0x2, 0xff, 0x40,
    0x8f, 0xf9, 0x30, 0x26, 0xef, 0xc0, 0x0, 0x8f,
    0xff, 0xff, 0xff, 0xc1, 0x0, 0x0, 0x3a, 0xdf,
    0xeb, 0x60, 0x0,

    /* U+216E "Ⅾ" */
    0x6f, 0xff, 0xff, 0xec, 0x60, 0x0, 0x6, 0xff,
    0xff, 0xff, 0xff, 0xd2, 0x0, 0x6f, 0xd0, 0x0,
    0x5, 0xdf, 0xe1, 0x6, 0xfd, 0x0, 0x0, 0x0,
    0xdf, 0x90, 0x6f, 0xd0, 0x0, 0x0, 0x4, 0xfe,
    0x6, 0xfd, 0x0, 0x0, 0x0, 0xf, 0xf3, 0x6f,
    0xd0, 0x0, 0x0, 0x0, 0xef, 0x46, 0xfd, 0x0,
    0x0, 0x0, 0xe, 0xf4, 0x6f, 0xd0, 0x0, 0x0,
    0x0, 0xff, 0x36, 0xfd, 0x0, 0x0, 0x0, 0x4f,
    0xe0, 0x6f, 0xd0, 0x0, 0x0, 0xd, 0xf9, 0x6,
    0xfd, 0x0, 0x1, 0x5d, 0xfe, 0x10, 0x6f, 0xff,
    0xff, 0xff, 0xfd, 0x20, 0x6, 0xff, 0xff, 0xfe,
    0xb6, 0x0, 0x0,

    /* U+216F "Ⅿ" */
    0x6f, 0xff, 0x10, 0x0, 0x0, 0x0, 0xdf, 0xfa,
    0x6f, 0xff, 0x70, 0x0, 0x0, 0x3, 0xff, 0xfa,
    0x6f, 0xef, 0xd0, 0x0, 0x0, 0xa, 0xfe, 0xfa,
    0x6f, 0xbd, 0xf4, 0x0, 0x0, 0xf, 0xf9, 0xfa,
    0x6f, 0xc8, 0xfa, 0x0, 0x0, 0x6f, 0xb8, 0xfa,
    0x6f, 0xc3, 0xff, 0x10, 0x0, 0xcf, 0x68, 0xfa,
    0x6f, 0xc0, 0xdf, 0x70, 0x2, 0xff, 0x19, 0xfa,
    0x6f, 0xc0, 0x6f, 0xd0, 0x9, 0xfa, 0x9, 0xfa,
    0x6f, 0xc0, 0x1f, 0xf3, 0xe, 0xf4, 0x9, 0xfa,
    0x6f, 0xc0, 0xa, 0xf8, 0x4f, 0xd0, 0x9, 0xfa,
    0x6f, 0xc0, 0x3, 0xfd, 0x8f, 0x70, 0x9, 0xfa,
    0x6f, 0xc0, 0x0, 0xdf, 0xef, 0x10, 0x9, 0xfa,
    0x6f, 0xc0, 0x0, 0x6f, 0xfa, 0x0, 0x9, 0xfa,
    0x6f, 0xc0, 0x0, 0x1f, 0xf4, 0x0, 0x9, 0xfa,

    /* U+2170 "ⅰ" */
    0x27, 0x1d, 0xfb, 0x9f, 0x70, 0x0, 0xaf, 0x8a,
    0xf8, 0xaf, 0x8a, 0xf8, 0xaf, 0x8a, 0xf8, 0xaf,
    0x8a, 0xf8, 0xaf, 0x8a, 0xf8, 0xaf, 0x80,

    /* U+2171 "ⅱ" */
    0x17, 0x20, 0x1, 0x72, 0xbf, 0xc0, 0xb, 0xfd,
    0x7f, 0x80, 0x7, 0xf9, 0x0, 0x0, 0x0, 0x0,
    0x8f, 0x90, 0x8, 0xfa, 0x8f, 0x90, 0x8, 0xfa,
    0x8f, 0x90, 0x8, 0xfa, 0x8f, 0x90, 0x8, 0xfa,
    0x8f, 0x90, 0x8, 0xfa, 0x8f, 0x90, 0x8, 0xfa,
    0x8f, 0x90, 0x8, 0xfa, 0x8f, 0x90, 0x8, 0xfa,
    0x8f, 0x90, 0x8, 0xfa, 0x8f, 0x90, 0x8, 0xfa,
    0x8f, 0x90, 0x8, 0xfa,

    /* U+2172 "ⅲ" */
    0x17, 0x20, 0x1, 0x72, 0x0, 0x17, 0x2b, 0xfc,
    0x0, 0xbf, 0xd0, 0xa, 0xfd, 0x7f, 0x80, 0x7,
    0xf9, 0x0, 0x6f, 0x90, 0x0, 0x0, 0x0, 0x0,
    0x0, 0x0, 0x8f, 0x90, 0x8, 0xfa, 0x0, 0x7f,
    0xa8, 0xf9, 0x0, 0x8f, 0xa0, 0x7, 0xfa, 0x8f,
    0x90, 0x8, 0xfa, 0x0, 0x7f, 0xa8, 0xf9, 0x0,
    0x8f, 0xa0, 0x7, 0xfa, 0x8f, 0x90, 0x8, 0xfa,
    0x0, 0x7f, 0xa8, 0xf9, 0x0, 0x8f, 0xa0, 0x7,
    0xfa, 0x8f, 0x90, 0x8, 0xfa, 0x0, 0x7f, 0xa8,
    0xf9, 0x0, 0x8f, 0xa0, 0x7, 0xfa, 0x8f, 0x90,
    0x8, 0xfa, 0x0, 0x7f, 0xa8, 0xf9, 0x0, 0x8f,
    0xa0, 0x7, 0xfa, 0x8f, 0x90, 0x8, 0xfa, 0x0,
    0x7f, 0xa0,

    /* U+2173 "ⅳ" */
    0x17, 0x20, 0x0, 0x0, 0x0, 0x0, 0x0, 0x0,
    0xbf, 0xc0, 0x0, 0x0, 0x0, 0x0, 0x0, 0x0,
    0x7f, 0x80, 0x0, 0x0, 0x0, 0x0, 0x0, 0x0,
    0x0, 0x0, 0x0, 0x0, 0x0, 0x0, 0x0, 0x0,
    0x8f, 0x90, 0x5f, 0xf0, 0x0, 0x0, 0x6f, 0xe0,
    0x8f, 0x90, 0xe, 0xf5, 0x0, 0x0, 0xcf, 0x80,
    0x8f, 0x90, 0x9, 0xfa, 0x0, 0x1, 0xff, 0x20,
    0x8f, 0x90, 0x3, 0xff, 0x0, 0x7, 0xfc, 0x0,
    0x8f, 0x90, 0x0, 0xdf, 0x50, 0xc, 0xf6, 0x0,
    0x8f, 0x90, 0x0, 0x7f, 0xb0, 0x2f, 0xf0, 0x0,
    0x8f, 0x90, 0x0, 0x1f, 0xf0, 0x7f, 0xa0, 0x0,
    0x8f, 0x90, 0x0, 0xb, 0xf5, 0xcf, 0x40, 0x0,
    0x8f, 0x90, 0x0, 0x5, 0xfa, 0xfe, 0x0, 0x0,
    0x8f, 0x90, 0x0, 0x0, 0xef, 0xf8, 0x0, 0x0,
    0x8f, 0x90, 0x0, 0x0, 0x9f, 0xf2, 0x0, 0x0,

    /* U+2174 "ⅴ" */
    0x7f, 0xd0, 0x0, 0x0, 0x8f, 0xc1, 0xff, 0x30,
    0x0, 0xd, 0xf6, 0xb, 0xf8, 0x0, 0x3, 0xff,
    0x0, 0x5f, 0xe0, 0x0, 0x9f, 0xa0, 0x0, 0xef,
    0x30, 0xe, 0xf4, 0x0, 0x9, 0xf9, 0x4, 0xfe,
    0x0, 0x0, 0x3f, 0xe0, 0x9f, 0x80, 0x0, 0x0,
    0xdf, 0x3e, 0xf2, 0x0, 0x0, 0x7, 0xfa, 0xfc,
    0x0, 0x0, 0x0, 0x1f, 0xff, 0x60, 0x0, 0x0,
    0x0, 0xbf, 0xf0, 0x0, 0x0,

    /* U+2175 "ⅵ" */
    0x0, 0x0, 0x0, 0x0, 0x0, 0x0, 0x73, 0x0,
    0x0, 0x0, 0x0, 0x0, 0x0, 0x9f, 0xf0, 0x0,
    0x0, 0x0, 0x0, 0x0, 0x5, 0xfb, 0x0, 0x0,
    0x0, 0x0, 0x0, 0x0, 0x0, 0x0, 0x7f, 0xd0,
    0x0, 0x0, 0x8f, 0xb6, 0xfc, 0x1, 0xff, 0x30,
    0x0, 0xe, 0xf5, 0x6f, 0xc0, 0xb, 0xf8, 0x0,
    0x3, 0xff, 0x6, 0xfc, 0x0, 0x5f, 0xd0, 0x0,
    0x9f, 0x90, 0x6f, 0xc0, 0x0, 0xef, 0x30, 0xe,
    0xf3, 0x6, 0xfc, 0x0, 0x9, 0xf9, 0x4, 0xfd,
    0x0, 0x6f, 0xc0, 0x0, 0x3f, 0xe0, 0x9f, 0x70,
    0x6, 0xfc, 0x0, 0x0, 0xdf, 0x3e, 0xf2, 0x0,
    0x6f, 0xc0, 0x0, 0x7, 0xfa, 0xfb, 0x0, 0x6,
    0xfc, 0x0, 0x0, 0x1f, 0xff, 0x50, 0x0, 0x6f,
    0xc0, 0x0, 0x0, 0xbf, 0xf0, 0x0, 0x6, 0xfc,
    0x0,

    /* U+2176 "ⅶ" */
    0x0, 0x0, 0x0, 0x0, 0x0, 0x0, 0x5, 0x50,
    0x0, 0x55, 0x0, 0x0, 0x0, 0x0, 0x0, 0x0,
    0x3, 0xff, 0x40, 0x3f, 0xf5, 0x0, 0x0, 0x0,
    0x0, 0x0, 0x0, 0x1e, 0xe2, 0x1, 0xde, 0x20,
    0x0, 0x0, 0x0, 0x0, 0x0, 0x0, 0x0, 0x0,
    0x0, 0x0, 0x5f, 0xe0, 0x0, 0x0, 0x7f, 0xd0,
    0x1f, 0xf1, 0x0, 0xff, 0x20, 0xff, 0x40, 0x0,
    0xc, 0xf7, 0x1, 0xff, 0x10, 0xf, 0xf2, 0x9,
    0xfa, 0x0, 0x2, 0xff, 0x10, 0x1f, 0xf1, 0x0,
    0xff, 0x20, 0x3f, 0xf0, 0x0, 0x7f, 0xb0, 0x1,
    0xff, 0x10, 0xf, 0xf2, 0x0, 0xdf, 0x50, 0xd,
    0xf5, 0x0, 0x1f, 0xf1, 0x0, 0xff, 0x20, 0x7,
    0xfa, 0x2, 0xff, 0x0, 0x1, 0xff, 0x10, 0xf,
    0xf2, 0x0, 0x1f, 0xf0, 0x7f, 0x90, 0x0, 0x1f,
    0xf1, 0x0, 0xff, 0x20, 0x0, 0xbf, 0x4c, 0xf3,
    0x0, 0x1, 0xff, 0x10, 0xf, 0xf2, 0x0, 0x5,
    0xfa, 0xfd, 0x0, 0x0, 0x1f, 0xf1, 0x0, 0xff,
    0x20, 0x0, 0xf, 0xff, 0x70, 0x0, 0x1, 0xff,
    0x10, 0xf, 0xf2, 0x0, 0x0, 0x9f, 0xf1, 0x0,
    0x0, 0x1f, 0xf1, 0x0, 0xff, 0x20,

    /* U+2177 "ⅷ" */
    0x0, 0x0, 0x0, 0x0, 0x0, 0x0, 0x5, 0x50,
    0x0, 0x55, 0x0, 0x4, 0x60, 0x0, 0x0, 0x0,
    0x0, 0x0, 0x0, 0x3f, 0xf4, 0x3, 0xff, 0x50,
    0x2f, 0xf5, 0x0, 0x0, 0x0, 0x0, 0x0, 0x0,
    0x1e, 0xe2, 0x1, 0xde, 0x20, 0x1d, 0xe2, 0x0,
    0x0, 0x0, 0x0, 0x0, 0x0, 0x0, 0x0, 0x0,
    0x0, 0x0, 0x0, 0x0, 0x5f, 0xe0, 0x0, 0x0,
    0x7f, 0xd0, 0x1f, 0xf1, 0x0, 0xff, 0x20, 0xf,
    0xf2, 0xf, 0xf4, 0x0, 0x0, 0xcf, 0x70, 0x1f,
    0xf1, 0x0, 0xff, 0x20, 0xf, 0xf2, 0x9, 0xfa,
    0x0, 0x2, 0xff, 0x10, 0x1f, 0xf1, 0x0, 0xff,
    0x20, 0xf, 0xf2, 0x3, 0xff, 0x0, 0x7, 0xfb,
    0x0, 0x1f, 0xf1, 0x0, 0xff, 0x20, 0xf, 0xf2,
    0x0, 0xdf, 0x50, 0xd, 0xf5, 0x0, 0x1f, 0xf1,
    0x0, 0xff, 0x20, 0xf, 0xf2, 0x0, 0x7f, 0xa0,
    0x2f, 0xf0, 0x0, 0x1f, 0xf1, 0x0, 0xff, 0x20,
    0xf, 0xf2, 0x0, 0x1f, 0xf0, 0x7f, 0x90, 0x0,
    0x1f, 0xf1, 0x0, 0xff, 0x20, 0xf, 0xf2, 0x0,
    0xb, 0xf4, 0xcf, 0x30, 0x0, 0x1f, 0xf1, 0x0,
    0xff, 0x20, 0xf, 0xf2, 0x0, 0x5, 0xfa, 0xfd,
    0x0, 0x0, 0x1f, 0xf1, 0x0, 0xff, 0x20, 0xf,
    0xf2, 0x0, 0x0, 0xff, 0xf7, 0x0, 0x0, 0x1f,
    0xf1, 0x0, 0xff, 0x20, 0xf, 0xf2, 0x0, 0x0,
    0x9f, 0xf1, 0x0, 0x0, 0x1f, 0xf1, 0x0, 0xff,
    0x20, 0xf, 0xf2,

    /* U+2178 "ⅸ" */
    0x17, 0x20, 0x0, 0x0, 0x0, 0x0, 0x0, 0xb,
    0xfc, 0x0, 0x0, 0x0, 0x0, 0x0, 0x0, 0x7f,
    0x80, 0x0, 0x0, 0x0, 0x0, 0x0, 0x0, 0x0,
    0x0, 0x0, 0x0, 0x0, 0x0, 0x0, 0x8f, 0x90,
    0xd, 0xf8, 0x0, 0x3, 0xff, 0x28, 0xf9, 0x0,
    0x3f, 0xf2, 0x0, 0xdf, 0x70, 0x8f, 0x90, 0x0,
    0x8f, 0xc0, 0x7f, 0xc0, 0x8, 0xf9, 0x0, 0x0,
    0xdf, 0x5f, 0xf3, 0x0, 0x8f, 0x90, 0x0, 0x3,
    0xff, 0xf8, 0x0, 0x8, 0xf9, 0x0, 0x0, 0xd,
    0xff, 0x10, 0x0, 0x8f, 0x90, 0x0, 0x6, 0xfe,
    0xf9, 0x0, 0x8, 0xf9, 0x0, 0x2, 0xff, 0x2e,
    0xf4, 0x0, 0x8f, 0x90, 0x0, 0xbf, 0x80, 0x5f,
    0xe0, 0x8, 0xf9, 0x0, 0x6f, 0xe0, 0x0, 0xbf,
    0x90, 0x8f, 0x90, 0x1f, 0xf4, 0x0, 0x2, 0xff,
    0x40,

    /* U+2179 "ⅹ" */
    0x1e, 0xf6, 0x0, 0x6, 0xfe, 0x10, 0x5f, 0xf1,
    0x1, 0xef, 0x50, 0x0, 0xaf, 0x90, 0x9f, 0xb0,
    0x0, 0x1, 0xef, 0x5f, 0xe1, 0x0, 0x0, 0x6,
    0xff, 0xf6, 0x0, 0x0, 0x0, 0xf, 0xfe, 0x0,
    0x0, 0x0, 0x9, 0xfe, 0xf7, 0x0, 0x0, 0x3,
    0xfe, 0x2f, 0xf2, 0x0, 0x0, 0xdf, 0x60, 0x7f,
    0xc0, 0x0, 0x8f, 0xc0, 0x0, 0xdf, 0x70, 0x3f,
    0xf3, 0x0, 0x3, 0xff, 0x20,

    /* U+217A "ⅺ" */
    0x0, 0x0, 0x0, 0x0, 0x0, 0x0, 0x17, 0x30,
    0x0, 0x0, 0x0, 0x0, 0x0, 0x0, 0x9f, 0xf0,
    0x0, 0x0, 0x0, 0x0, 0x0, 0x0, 0x5f, 0xa0,
    0x0, 0x0, 0x0, 0x0, 0x0, 0x0, 0x0, 0x0,
    0xd, 0xf8, 0x0, 0x4, 0xff, 0x20, 0x6f, 0xb0,
    0x3, 0xff, 0x20, 0xd, 0xf7, 0x0, 0x6f, 0xb0,
    0x0, 0x9f, 0xb0, 0x8f, 0xc0, 0x0, 0x6f, 0xb0,
    0x0, 0xe, 0xf5, 0xff, 0x20, 0x0, 0x6f, 0xb0,
    0x0, 0x4, 0xff, 0xf7, 0x0, 0x0, 0x6f, 0xb0,
    0x0, 0x0, 0xef, 0xf0, 0x0, 0x0, 0x6f, 0xb0,
    0x0, 0x7, 0xfe, 0xf9, 0x0, 0x0, 0x6f, 0xb0,
    0x0, 0x2f, 0xf2, 0xef, 0x30, 0x0, 0x6f, 0xb0,
    0x0, 0xcf, 0x80, 0x6f, 0xd0, 0x0, 0x6f, 0xb0,
    0x7, 0xfd, 0x0, 0xc, 0xf9, 0x0, 0x6f, 0xb0,
    0x2f, 0xf4, 0x0, 0x2, 0xff, 0x40, 0x6f, 0xb0,

    /* U+217B "ⅻ" */
    0x0, 0x0, 0x0, 0x0, 0x0, 0x0, 0x17, 0x30,
    0x0, 0x63, 0x0, 0x0, 0x0, 0x0, 0x0, 0x0,
    0x9, 0xff, 0x0, 0x8f, 0xf0, 0x0, 0x0, 0x0,
    0x0, 0x0, 0x0, 0x5f, 0xa0, 0x5, 0xfb, 0x0,
    0x0, 0x0, 0x0, 0x0, 0x0, 0x0, 0x0, 0x0,
    0x0, 0x0, 0xd, 0xf8, 0x0, 0x4, 0xff, 0x20,
    0x6f, 0xb0, 0x6, 0xfc, 0x0, 0x3f, 0xf2, 0x0,
    0xdf, 0x70, 0x6, 0xfb, 0x0, 0x6f, 0xc0, 0x0,
    0x9f, 0xb0, 0x8f, 0xc0, 0x0, 0x6f, 0xb0, 0x6,
    0xfc, 0x0, 0x0, 0xef, 0x5f, 0xf2, 0x0, 0x6,
    0xfb, 0x0, 0x6f, 0xc0, 0x0, 0x4, 0xff, 0xf7,
    0x0, 0x0, 0x6f, 0xb0, 0x6, 0xfc, 0x0, 0x0,
    0xe, 0xff, 0x0, 0x0, 0x6, 0xfb, 0x0, 0x6f,
    0xc0, 0x0, 0x7, 0xfe, 0xf9, 0x0, 0x0, 0x6f,
    0xb0, 0x6, 0xfc, 0x0, 0x2, 0xff, 0x2e, 0xf3,
    0x0, 0x6, 0xfb, 0x0, 0x6f, 0xc0, 0x0, 0xcf,
    0x80, 0x6f, 0xd0, 0x0, 0x6f, 0xb0, 0x6, 0xfc,
    0x0, 0x7f, 0xd0, 0x0, 0xcf, 0x90, 0x6, 0xfb,
    0x0, 0x6f, 0xc0, 0x2f, 0xf4, 0x0, 0x2, 0xff,
    0x40, 0x6f, 0xb0, 0x6, 0xfc, 0x0,

    /* U+217C "ⅼ" */
    0x8f, 0x98, 0xf9, 0x8f, 0x98, 0xf9, 0x8f, 0x98,
    0xf9, 0x8f, 0x98, 0xf9, 0x8f, 0x98, 0xf9, 0x8f,
    0x98, 0xf9, 0x8f, 0x98, 0xf9,

    /* U+217D "ⅽ" */
    0x0, 0x5, 0xce, 0xec, 0x60, 0x0, 0x9, 0xff,
    0xee, 0xff, 0xa0, 0x5, 0xff, 0x40, 0x4, 0xff,
    0x40, 0xbf, 0x80, 0x0, 0x5, 0x62, 0xf, 0xf3,
    0x0, 0x0, 0x0, 0x0, 0xff, 0x20, 0x0, 0x0,
    0x0, 0xf, 0xf3, 0x0, 0x0, 0x0, 0x0, 0xcf,
    0x80, 0x0, 0x5, 0x72, 0x5, 0xff, 0x40, 0x3,
    0xef, 0x40, 0x9, 0xff, 0xed, 0xff, 0x90, 0x0,
    0x5, 0xcf, 0xfc, 0x50, 0x0,

    /* U+217E "ⅾ" */
    0x0, 0x0, 0x0, 0x0, 0x5f, 0xd0, 0x0, 0x0,
    0x0, 0x5, 0xfd, 0x0, 0x0, 0x0, 0x0, 0x5f,
    0xd0, 0x0, 0x8d, 0xfd, 0x55, 0xfd, 0x0, 0xcf,
    0xfe, 0xff, 0x9f, 0xd0, 0x7f, 0xe3, 0x0, 0x6f,
    0xfd, 0xd, 0xf7, 0x0, 0x0, 0xaf, 0xd0, 0xff,
    0x20, 0x0, 0x6, 0xfd, 0x1f, 0xf1, 0x0, 0x0,
    0x4f, 0xd0, 0xff, 0x20, 0x0, 0x6, 0xfd, 0xd,
    0xf7, 0x0, 0x0, 0xbf, 0xd0, 0x7f, 0xf4, 0x0,
    0x5f, 0xfd, 0x0, 0xcf, 0xfe, 0xef, 0x8f, 0xd0,
    0x0, 0x8d, 0xfd, 0x54, 0xfd,

    /* U+217F "ⅿ" */
    0x8f, 0x74, 0xcf, 0xd4, 0x4, 0xcf, 0xe9, 0x0,
    0x8f, 0xbf, 0xcd, 0xff, 0x5f, 0xcc, 0xff, 0xb0,
    0x8f, 0xf3, 0x0, 0x9f, 0xf7, 0x0, 0x3f, 0xf2,
    0x8f, 0xb0, 0x0, 0x3f, 0xf0, 0x0, 0xe, 0xf4,
    0x8f, 0x90, 0x0, 0x2f, 0xf0, 0x0, 0xd, 0xf5,
    0x8f, 0x90, 0x0, 0x2f, 0xf0, 0x0, 0xd, 0xf5,
    0x8f, 0x90, 0x0, 0x2f, 0xf0, 0x0, 0xd, 0xf5,
    0x8f, 0x90, 0x0, 0x2f, 0xf0, 0x0, 0xd, 0xf5,
    0x8f, 0x90, 0x0, 0x2f, 0xf0, 0x0, 0xd, 0xf5,
    0x8f, 0x90, 0x0, 0x2f, 0xf0, 0x0, 0xd, 0xf5,
    0x8f, 0x90, 0x0, 0x2f, 0xf0, 0x0, 0xd, 0xf5,

    /* U+2183 "Ↄ" */
    0x0, 0x4b, 0xef, 0xea, 0x30, 0x0, 0x8, 0xff,
    0xfd, 0xff, 0xf7, 0x0, 0x4f, 0xf7, 0x0, 0x7,
    0xff, 0x50, 0xbf, 0xb0, 0x0, 0x0, 0xaf, 0xd0,
    0x89, 0x40, 0x0, 0x0, 0x3f, 0xf2, 0x0, 0x0,
    0x0, 0x0, 0xf, 0xf4, 0x0, 0x0, 0x0, 0x0,
    0xf, 0xf5, 0x0, 0x0, 0x0, 0x0, 0xf, 0xf5,
    0x0, 0x0, 0x0, 0x0, 0xf, 0xf4, 0x78, 0x30,
    0x0, 0x0, 0x2f, 0xf2, 0xbf, 0xb0, 0x0, 0x0,
    0x9f, 0xd0, 0x4f, 0xf7, 0x0, 0x6, 0xff, 0x50,
    0x8, 0xff, 0xfd, 0xff, 0xf8, 0x0, 0x0, 0x4b,
    0xef, 0xea, 0x40, 0x0,

    /* U+2184 "ↄ" */
    0x0, 0x2a, 0xef, 0xd7, 0x0, 0x0, 0x2f, 0xff,
    0xef, 0xfc, 0x0, 0xb, 0xfc, 0x10, 0x3f, 0xf7,
    0x0, 0xff, 0x40, 0x0, 0x8f, 0xd0, 0x2, 0x20,
    0x0, 0x5, 0xff, 0x0, 0x0, 0x0, 0x0, 0x3f,
    0xf1, 0x0, 0x0, 0x0, 0x4, 0xff, 0x0, 0x99,
    0x10, 0x0, 0x7f, 0xd0, 0xc, 0xfa, 0x0, 0x2e,
    0xf7, 0x0, 0x3f, 0xff, 0xef, 0xfc, 0x0, 0x0,
    0x2a, 0xef, 0xd7, 0x0, 0x0,

    /* U+2185 "ↅ" */
    0x0, 0x3, 0xad, 0xfe, 0xb5, 0x0, 0x0, 0x6,
    0xff, 0xfd, 0xff, 0xfa, 0x0, 0x3, 0xff, 0x80,
    0x0, 0x5f, 0xf6, 0x0, 0xcf, 0xb0, 0x0, 0x0,
    0x9f, 0xd0, 0x1f, 0xf4, 0x0, 0x0, 0x2, 0x76,
    0x3, 0xff, 0x20, 0x0, 0x0, 0x0, 0x0, 0x4f,
    0xf0, 0x0, 0x0, 0x0, 0x0, 0x4, 0xff, 0x0,
    0x0, 0x0, 0x0, 0x0, 0x3f, 0xf1, 0x0, 0x0,
    0x0, 0x0, 0x1, 0xff, 0x40, 0x0, 0x0, 0x7f,
    0xe0, 0xc, 0xfa, 0x0, 0x0, 0x7, 0xfe, 0x0,
    0x4f, 0xf7, 0x0, 0x5, 0xef, 0xe0, 0x0, 0x7f,
    0xff, 0xdf, 0xff, 0xfe, 0x0, 0x0, 0x3a, 0xef,
    0xea, 0xaf, 0xe0, 0x0, 0x0, 0x0, 0x0, 0x7,
    0xfe, 0x0, 0x0, 0x0, 0x0, 0x0, 0x7f, 0xe0,
    0x0, 0x0, 0x0, 0x0, 0x7, 0xfe, 0x0, 0x0,
    0x0, 0x0, 0x0, 0x1, 0x10,

    /* U+2186 "ↆ" */
    0x0, 0x0, 0x0, 0x9f, 0xb0, 0x0, 0x0, 0x0,
    0x0, 0x0, 0x9, 0xfb, 0x0, 0x0, 0x0, 0x0,
    0x0, 0x0, 0x9f, 0xb0, 0x0, 0x0, 0x0, 0x0,
    0x0, 0x9, 0xfb, 0x0, 0x0, 0x0, 0x0, 0x0,
    0x0, 0x9f, 0xb0, 0x0, 0x0, 0x0, 0x0, 0x0,
    0x9, 0xfb, 0x0, 0x0, 0x0, 0xb, 0x80, 0x0,
    0x9f, 0xb0, 0x0, 0x5c, 0x7, 0xff, 0x70, 0x9,
    0xfb, 0x0, 0x5f, 0xf9, 0xb, 0xff, 0x60, 0x9f,
    0xb0, 0x4f, 0xfd, 0x10, 0xc, 0xff, 0x59, 0xfb,
    0x3f, 0xfd, 0x10, 0x0, 0xc, 0xff, 0xdf, 0xdf,
    0xfe, 0x10, 0x0, 0x0, 0x1d, 0xff, 0xff, 0xfe,
    0x20, 0x0, 0x0, 0x0, 0x1d, 0xff, 0xfe, 0x20,
    0x0, 0x0, 0x0, 0x0, 0x1d, 0xfe, 0x20, 0x0,
    0x0,

    /* U+2189 "↉" */
    0x1, 0xae, 0xe8, 0x0, 0x0, 0x0, 0x7, 0xf5,
    0x0, 0x0, 0xbf, 0x8a, 0xf8, 0x0, 0x0, 0x3,
    0xf9, 0x0, 0x0, 0x1f, 0xa0, 0xe, 0xe0, 0x0,
    0x0, 0xdd, 0x0, 0x0, 0x3, 0xf8, 0x0, 0xbf,
    0x0, 0x0, 0x9f, 0x30, 0x0, 0x0, 0x2f, 0x90,
    0xc, 0xf0, 0x0, 0x5f, 0x70, 0x0, 0x0, 0x0,
    0xee, 0x35, 0xfb, 0x0, 0x1e, 0xb0, 0x0, 0x0,
    0x0, 0x4, 0xef, 0xfd, 0x20, 0xb, 0xe1, 0x4,
    0xdf, 0xf9, 0x0, 0x0, 0x33, 0x0, 0x7, 0xf5,
    0x0, 0xca, 0x5a, 0xf4, 0x0, 0x0, 0x0, 0x3,
    0xf9, 0x0, 0x0, 0x1, 0x8f, 0x40, 0x0, 0x0,
    0x0, 0xdd, 0x0, 0x0, 0x4, 0xff, 0x90, 0x0,
    0x0, 0x0, 0x9f, 0x30, 0x0, 0x0, 0x3, 0x9f,
    0x70, 0x0, 0x0, 0x5f, 0x70, 0x0, 0x0, 0x0,
    0x1, 0xfb, 0x0, 0x0, 0x1e, 0xb0, 0x0, 0x0,
    0x2f, 0xc6, 0xaf, 0x70, 0x0, 0xb, 0xe1, 0x0,
    0x0, 0x0, 0x5d, 0xfe, 0x80,

    /* U+2190 "←" */
    0x0, 0x0, 0x0, 0x7, 0x0, 0x0, 0x0, 0x0,
    0x0, 0x0, 0x0, 0xaf, 0x90, 0x0, 0x0, 0x0,
    0x0, 0x0, 0xa, 0xfd, 0x10, 0x0, 0x0, 0x0,
    0x0, 0x0, 0xaf, 0xc1, 0x0, 0x0, 0x0, 0x0,
    0x0, 0xa, 0xfb, 0x0, 0x0, 0x0, 0x0, 0x0,
    0x0, 0xaf, 0x90, 0x11, 0x11, 0x11, 0x11, 0x10,
    0xa, 0xff, 0xef, 0xff, 0xff, 0xff, 0xff, 0xf9,
    0x6, 0xff, 0xbb, 0xcc, 0xcc, 0xcc, 0xcc, 0xc7,
    0x0, 0x6f, 0xd2, 0x0, 0x0, 0x0, 0x0, 0x0,
    0x0, 0x6, 0xfe, 0x30, 0x0, 0x0, 0x0, 0x0,
    0x0, 0x0, 0x6f, 0xf3, 0x0, 0x0, 0x0, 0x0,
    0x0, 0x0, 0x6, 0xff, 0x40, 0x0, 0x0, 0x0,
    0x0, 0x0, 0x0, 0x6f, 0x80, 0x0, 0x0, 0x0,
    0x0, 0x0, 0x0, 0x3, 0x0, 0x0, 0x0, 0x0,

    /* U+2191 "↑" */
    0x0, 0x0, 0x0, 0x72, 0x0, 0x0, 0x0, 0x0,
    0x0, 0x7, 0xfe, 0x20, 0x0, 0x0, 0x0, 0x0,
    0x7f, 0xff, 0xe2, 0x0, 0x0, 0x0, 0x7, 0xfb,
    0xfb, 0xfe, 0x20, 0x0, 0x0, 0x7f, 0xd2, 0xfa,
    0x5f, 0xe2, 0x0, 0x7, 0xfe, 0x12, 0xfb, 0x6,
    0xfe, 0x20, 0x7f, 0xe2, 0x2, 0xfb, 0x0, 0x7f,
    0xe2, 0x3d, 0x20, 0x2, 0xfb, 0x0, 0x7, 0xa0,
    0x0, 0x0, 0x2, 0xfb, 0x0, 0x0, 0x0, 0x0,
    0x0, 0x2, 0xfb, 0x0, 0x0, 0x0, 0x0, 0x0,
    0x2, 0xfb, 0x0, 0x0, 0x0, 0x0, 0x0, 0x2,
    0xfb, 0x0, 0x0, 0x0, 0x0, 0x0, 0x2, 0xfb,
    0x0, 0x0, 0x0, 0x0, 0x0, 0x2, 0xfb, 0x0,
    0x0, 0x0, 0x0, 0x0, 0x2, 0xfb, 0x0, 0x0,
    0x0,

    /* U+2192 "→" */
    0x0, 0x0, 0x0, 0x0, 0x80, 0x0, 0x0, 0x0,
    0x0, 0x0, 0x0, 0x8, 0xfb, 0x0, 0x0, 0x0,
    0x0, 0x0, 0x0, 0x0, 0xcf, 0xb0, 0x0, 0x0,
    0x0, 0x0, 0x0, 0x0, 0xc, 0xfb, 0x0, 0x0,
    0x0, 0x0, 0x0, 0x0, 0x0, 0xbf, 0xb0, 0x0,
    0x1, 0x11, 0x11, 0x11, 0x11, 0x8, 0xfb, 0x0,
    0x8f, 0xff, 0xff, 0xff, 0xff, 0xfe, 0xff, 0xb0,
    0x6c, 0xcc, 0xcc, 0xcc, 0xcc, 0xca, 0xff, 0x70,
    0x0, 0x0, 0x0, 0x0, 0x0, 0x1c, 0xf7, 0x0,
    0x0, 0x0, 0x0, 0x0, 0x2, 0xef, 0x70, 0x0,
    0x0, 0x0, 0x0, 0x0, 0x3e, 0xf7, 0x0, 0x0,
    0x0, 0x0, 0x0, 0x3, 0xef, 0x70, 0x0, 0x0,
    0x0, 0x0, 0x0, 0x6, 0xf7, 0x0, 0x0, 0x0,
    0x0, 0x0, 0x0, 0x0, 0x30, 0x0, 0x0, 0x0,

    /* U+2193 "↓" */
    0x0, 0x0, 0x1, 0x86, 0x0, 0x0, 0x0, 0x0,
    0x0, 0x2, 0xfb, 0x0, 0x0, 0x0, 0x0, 0x0,
    0x2, 0xfb, 0x0, 0x0, 0x0, 0x0, 0x0, 0x2,
    0xfb, 0x0, 0x0, 0x0, 0x0, 0x0, 0x2, 0xfb,
    0x0, 0x0, 0x0, 0x0, 0x0, 0x2, 0xfb, 0x0,
    0x0, 0x0, 0x0, 0x0, 0x2, 0xfb, 0x0, 0x0,
    0x0, 0x6, 0x0, 0x2, 0xfb, 0x0, 0x2, 0x40,
    0x8f, 0x90, 0x2, 0xfb, 0x0, 0x2e, 0xf2, 0x1d,
    0xf9, 0x2, 0xfb, 0x2, 0xef, 0x80, 0x1, 0xdf,
    0x71, 0xfb, 0x1d, 0xf8, 0x0, 0x0, 0x1d, 0xf6,
    0xfa, 0xbf, 0x80, 0x0, 0x0, 0x1, 0xdf, 0xfe,
    0xf8, 0x0, 0x0, 0x0, 0x0, 0x1d, 0xff, 0x80,
    0x0, 0x0, 0x0, 0x0, 0x1, 0xd8, 0x0, 0x0,
    0x0, 0x0, 0x0, 0x0, 0x0, 0x0, 0x0, 0x0,

    /* U+2194 "↔" */
    0x0, 0x0, 0x0, 0x5, 0x0, 0x0, 0x0, 0x0,
    0x5, 0x0, 0x0, 0x0, 0x0, 0x0, 0x0, 0xaf,
    0x60, 0x0, 0x0, 0x0, 0x9f, 0x70, 0x0, 0x0,
    0x0, 0x0, 0xa, 0xfd, 0x10, 0x0, 0x0, 0x0,
    0x2e, 0xf7, 0x0, 0x0, 0x0, 0x0, 0xaf, 0xc1,
    0x0, 0x0, 0x0, 0x0, 0x2, 0xef, 0x70, 0x0,
    0x0, 0xa, 0xfb, 0x0, 0x0, 0x0, 0x0, 0x0,
    0x0, 0x2d, 0xf7, 0x0, 0x0, 0xaf, 0x90, 0x11,
    0x11, 0x11, 0x11, 0x11, 0x11, 0x11, 0xbf, 0x70,
    0xa, 0xff, 0xef, 0xff, 0xff, 0xff, 0xff, 0xff,
    0xff, 0xff, 0xef, 0xf7, 0x6, 0xff, 0xbb, 0xcc,
    0xcc, 0xcc, 0xcc, 0xcc, 0xcc, 0xcb, 0xbf, 0xf3,
    0x0, 0x6f, 0xd2, 0x0, 0x0, 0x0, 0x0, 0x0,
    0x0, 0x3, 0xef, 0x30, 0x0, 0x6, 0xfe, 0x30,
    0x0, 0x0, 0x0, 0x0, 0x0, 0x5f, 0xf3, 0x0,
    0x0, 0x0, 0x6f, 0xf3, 0x0, 0x0, 0x0, 0x0,
    0x6, 0xff, 0x30, 0x0, 0x0, 0x0, 0x6, 0xff,
    0x30, 0x0, 0x0, 0x0, 0x6f, 0xf3, 0x0, 0x0,
    0x0, 0x0, 0x0, 0x6f, 0x30, 0x0, 0x0, 0x0,
    0x6f, 0x30, 0x0, 0x0, 0x0, 0x0, 0x0, 0x1,
    0x0, 0x0, 0x0, 0x0, 0x1, 0x0, 0x0, 0x0,

    /* U+2195 "↕" */
    0x0, 0x0, 0x0, 0x27, 0x0, 0x0, 0x0, 0x0,
    0x0, 0x2, 0xef, 0x70, 0x0, 0x0, 0x0, 0x0,
    0x2e, 0xff, 0xf7, 0x0, 0x0, 0x0, 0x2, 0xef,
    0xbf, 0xbf, 0x70, 0x0, 0x0, 0x2e, 0xf4, 0xaf,
    0x2d, 0xf7, 0x0, 0x2, 0xef, 0x60, 0xbf, 0x11,
    0xef, 0x70, 0x1e, 0xf7, 0x0, 0xbf, 0x20, 0x2e,
    0xf5, 0x6, 0x70, 0x0, 0xbf, 0x20, 0x2, 0xa0,
    0x0, 0x0, 0x0, 0xbf, 0x20, 0x0, 0x0, 0x0,
    0x0, 0x0, 0xbf, 0x20, 0x0, 0x0, 0x0, 0x0,
    0x0, 0xbf, 0x20, 0x0, 0x0, 0x0, 0x0, 0x0,
    0xbf, 0x20, 0x0, 0x0, 0x0, 0x0, 0x0, 0xbf,
    0x20, 0x0, 0x0, 0x0, 0x0, 0x0, 0xbf, 0x20,
    0x0, 0x0, 0x0, 0x0, 0x0, 0xbf, 0x20, 0x0,
    0x0, 0x3, 0x40, 0x0, 0xbf, 0x20, 0x0, 0x60,
    0xe, 0xf3, 0x0, 0xbf, 0x20, 0xc, 0xf6, 0x6,
    0xff, 0x30, 0xbf, 0x20, 0xbf, 0xb0, 0x0, 0x6f,
    0xe2, 0xbf, 0x1a, 0xfb, 0x0, 0x0, 0x6, 0xfd,
    0xaf, 0x8f, 0xb0, 0x0, 0x0, 0x0, 0x6f, 0xff,
    0xfb, 0x0, 0x0, 0x0, 0x0, 0x5, 0xff, 0xb0,
    0x0, 0x0, 0x0, 0x0, 0x0, 0x5b, 0x0, 0x0,
    0x0, 0x0, 0x0, 0x0, 0x0, 0x0, 0x0, 0x0,

    /* U+2196 "↖" */
    0xbe, 0xee, 0xee, 0xee, 0xe8, 0x0, 0xcf, 0xfc,
    0xde, 0xff, 0xf8, 0x0, 0xcf, 0xfc, 0x10, 0x0,
    0x0, 0x0, 0xce, 0x9f, 0xd1, 0x0, 0x0, 0x0,
    0xcf, 0xa, 0xfd, 0x10, 0x0, 0x0, 0xcf, 0x0,
    0xaf, 0xd1, 0x0, 0x0, 0xcf, 0x10, 0xa, 0xfd,
    0x10, 0x0, 0xcf, 0x10, 0x0, 0xaf, 0xd1, 0x0,
    0xcf, 0x10, 0x0, 0xa, 0xfd, 0x10, 0x57, 0x0,
    0x0, 0x0, 0xaf, 0xd0, 0x0, 0x0, 0x0, 0x0,
    0xa, 0x60, 0x0, 0x0, 0x0, 0x0, 0x0, 0x0,

    /* U+2197 "↗" */
    0x3, 0xee, 0xee, 0xee, 0xee, 0xe1, 0x4, 0xff,
    0xfe, 0xec, 0xef, 0xf1, 0x0, 0x0, 0x0, 0x8,
    0xff, 0xf1, 0x0, 0x0, 0x0, 0xaf, 0xd9, 0xf1,
    0x0, 0x0, 0xa, 0xfd, 0x1a, 0xf1, 0x0, 0x0,
    0xaf, 0xd1, 0xb, 0xf1, 0x0, 0xa, 0xfd, 0x10,
    0xc, 0xf1, 0x0, 0xaf, 0xd1, 0x0, 0xc, 0xf1,
    0xa, 0xfd, 0x10, 0x0, 0xc, 0xf1, 0x9f, 0xd1,
    0x0, 0x0, 0x5, 0x70, 0x2c, 0x10, 0x0, 0x0,
    0x0, 0x0, 0x0, 0x0, 0x0, 0x0, 0x0, 0x0,

    /* U+2198 "↘" */
    0x1b, 0x10, 0x0, 0x0, 0x0, 0x0, 0x9f, 0xd1,
    0x0, 0x0, 0x4, 0x50, 0xb, 0xfd, 0x10, 0x0,
    0xc, 0xf1, 0x0, 0xbf, 0xd1, 0x0, 0xc, 0xf1,
    0x0, 0xb, 0xfd, 0x10, 0xc, 0xf1, 0x0, 0x0,
    0xbf, 0xd1, 0xb, 0xf1, 0x0, 0x0, 0xb, 0xfd,
    0x1a, 0xf1, 0x0, 0x0, 0x0, 0xbf, 0xc9, 0xf1,
    0x0, 0x0, 0x0, 0xa, 0xfe, 0xf1, 0x3, 0xdd,
    0xdd, 0xca, 0xef, 0xf1, 0x4, 0xff, 0xff, 0xff,
    0xff, 0xf1,

    /* U+2199 "↙" */
    0x0, 0x0, 0x0, 0x0, 0x9, 0x50, 0x45, 0x0,
    0x0, 0x0, 0x9f, 0xe0, 0xcf, 0x10, 0x0, 0x9,
    0xfe, 0x20, 0xcf, 0x10, 0x0, 0x9f, 0xe2, 0x0,
    0xcf, 0x10, 0x9, 0xfe, 0x20, 0x0, 0xcf, 0x0,
    0x9f, 0xe2, 0x0, 0x0, 0xcf, 0x9, 0xfe, 0x20,
    0x0, 0x0, 0xce, 0x7f, 0xe2, 0x0, 0x0, 0x0,
    0xcf, 0xfd, 0x20, 0x0, 0x0, 0x0, 0xcf, 0xfb,
    0xbc, 0xdd, 0xd7, 0x0, 0xcf, 0xff, 0xff, 0xff,
    0xf9, 0x0,

    /* U+21A9 "↩" */
    0x0, 0x0, 0x0, 0x0, 0x0, 0x0, 0x0, 0x8f,
    0xd7, 0x0, 0x0, 0x0, 0x0, 0x0, 0x0, 0x0,
    0x0, 0x7, 0xef, 0xfb, 0x0, 0x0, 0x0, 0x0,
    0xb, 0x20, 0x0, 0x0, 0x0, 0x2d, 0xf8, 0x0,
    0x0, 0x0, 0xc, 0xf9, 0x0, 0x0, 0x0, 0x0,
    0x2f, 0xe0, 0x0, 0x0, 0xc, 0xfb, 0x0, 0x0,
    0x0, 0x0, 0x0, 0xdf, 0x10, 0x0, 0xb, 0xfc,
    0x0, 0x0, 0x0, 0x0, 0x0, 0xe, 0xf1, 0x0,
    0xb, 0xfb, 0x0, 0x0, 0x0, 0x0, 0x0, 0x4,
    0xfd, 0x0, 0xb, 0xf9, 0x1, 0x11, 0x11, 0x11,
    0x11, 0x15, 0xef, 0x60, 0xa, 0xff, 0xef, 0xff,
    0xff, 0xff, 0xff, 0xff, 0xff, 0x80, 0x0, 0x6f,
    0xfb, 0xbc, 0xcc, 0xcc, 0xcc, 0xcc, 0xc9, 0x30,
    0x0, 0x0, 0x6f, 0xd2, 0x0, 0x0, 0x0, 0x0,
    0x0, 0x0, 0x0, 0x0, 0x0, 0x6f, 0xe3, 0x0,
    0x0, 0x0, 0x0, 0x0, 0x0, 0x0, 0x0, 0x0,
    0x6f, 0xf3, 0x0, 0x0, 0x0, 0x0, 0x0, 0x0,
    0x0, 0x0, 0x0, 0x6f, 0xf4, 0x0, 0x0, 0x0,
    0x0, 0x0, 0x0, 0x0, 0x0, 0x0, 0x6f, 0x80,
    0x0, 0x0, 0x0, 0x0, 0x0, 0x0, 0x0, 0x0,
    0x0, 0x30, 0x0, 0x0, 0x0, 0x0, 0x0, 0x0,

    /* U+21AA "↪" */
    0x0, 0x7, 0xdf, 0x80, 0x0, 0x0, 0x0, 0x0,
    0x0, 0x0, 0x0, 0xcf, 0xfe, 0x60, 0x0, 0x0,
    0x0, 0x0, 0x0, 0x0, 0x8, 0xfd, 0x20, 0x0,
    0x0, 0x0, 0x2a, 0x0, 0x0, 0x0, 0xf, 0xf2,
    0x0, 0x0, 0x0, 0x0, 0xaf, 0xc0, 0x0, 0x0,
    0x1f, 0xd0, 0x0, 0x0, 0x0, 0x0, 0xc, 0xfb,
    0x0, 0x0, 0x1f, 0xd0, 0x0, 0x0, 0x0, 0x0,
    0x0, 0xcf, 0xb0, 0x0, 0xe, 0xf3, 0x0, 0x0,
    0x0, 0x0, 0x0, 0xb, 0xfb, 0x0, 0x6, 0xfe,
    0x51, 0x11, 0x11, 0x11, 0x11, 0x10, 0x9f, 0xa0,
    0x0, 0x9f, 0xff, 0xff, 0xff, 0xff, 0xff, 0xff,
    0xef, 0xfa, 0x0, 0x3, 0x9c, 0xcc, 0xcc, 0xcc,
    0xcc, 0xcb, 0xbf, 0xf5, 0x0, 0x0, 0x0, 0x0,
    0x0, 0x0, 0x0, 0x2, 0xdf, 0x50, 0x0, 0x0,
    0x0, 0x0, 0x0, 0x0, 0x0, 0x3e, 0xf5, 0x0,
    0x0, 0x0, 0x0, 0x0, 0x0, 0x0, 0x4, 0xff,
    0x50, 0x0, 0x0, 0x0, 0x0, 0x0, 0x0, 0x0,
    0x4f, 0xf5, 0x0, 0x0, 0x0, 0x0, 0x0, 0x0,
    0x0, 0x0, 0x8f, 0x50, 0x0, 0x0, 0x0, 0x0,
    0x0, 0x0, 0x0, 0x0, 0x3, 0x0, 0x0, 0x0,

    /* U+21B0 "↰" */
    0x0, 0x0, 0x0, 0x0, 0x0, 0x0, 0x0, 0x0,
    0x0, 0x0, 0x5, 0x60, 0x0, 0x0, 0x0, 0x0,
    0x0, 0x0, 0x5, 0xf7, 0x0, 0x0, 0x0, 0x0,
    0x0, 0x0, 0x5, 0xff, 0x70, 0x0, 0x0, 0x0,
    0x0, 0x0, 0x5, 0xff, 0xfd, 0xbb, 0xbb, 0xbb,
    0xbb, 0xbb, 0xa0, 0xbf, 0xff, 0xff, 0xff, 0xff,
    0xff, 0xff, 0xfe, 0x0, 0xbf, 0xf8, 0x22, 0x22,
    0x22, 0x22, 0x2e, 0xe0, 0x0, 0xbf, 0x70, 0x0,
    0x0, 0x0, 0x0, 0xee, 0x0, 0x0, 0xb7, 0x0,
    0x0, 0x0, 0x0, 0xe, 0xe0, 0x0, 0x0, 0x20,
    0x0, 0x0, 0x0, 0x0, 0xee, 0x0, 0x0, 0x0,
    0x0, 0x0, 0x0, 0x0, 0xe, 0xe0, 0x0, 0x0,
    0x0, 0x0, 0x0, 0x0, 0x0, 0xee, 0x0, 0x0,
    0x0, 0x0, 0x0, 0x0, 0x0, 0xe, 0xe0, 0x0,
    0x0, 0x0, 0x0, 0x0, 0x0, 0x0, 0xee, 0x0,
    0x0, 0x0, 0x0, 0x0, 0x0, 0x0, 0xe, 0xe0,
    0x0, 0x0, 0x0, 0x0, 0x0, 0x0, 0x0, 0xbb,

    /* U+21B1 "↱" */
    0x0, 0x0, 0x0, 0x0, 0x0, 0x0, 0x0, 0x0,
    0x0, 0x0, 0x0, 0x0, 0x0, 0x7, 0x30, 0x0,
    0x0, 0x0, 0x0, 0x0, 0x0, 0x8, 0xf4, 0x0,
    0x0, 0x0, 0x0, 0x0, 0x0, 0x8, 0xff, 0x40,
    0xbb, 0xbb, 0xbb, 0xbb, 0xbb, 0xbd, 0xff, 0xf4,
    0xff, 0xff, 0xff, 0xff, 0xff, 0xff, 0xff, 0xf9,
    0xfd, 0x22, 0x22, 0x22, 0x22, 0x29, 0xff, 0xa0,
    0xfd, 0x0, 0x0, 0x0, 0x0, 0x8, 0xf9, 0x0,
    0xfd, 0x0, 0x0, 0x0, 0x0, 0x8, 0x90, 0x0,
    0xfd, 0x0, 0x0, 0x0, 0x0, 0x3, 0x0, 0x0,
    0xfd, 0x0, 0x0, 0x0, 0x0, 0x0, 0x0, 0x0,
    0xfd, 0x0, 0x0, 0x0, 0x0, 0x0, 0x0, 0x0,
    0xfd, 0x0, 0x0, 0x0, 0x0, 0x0, 0x0, 0x0,
    0xfd, 0x0, 0x0, 0x0, 0x0, 0x0, 0x0, 0x0,
    0xfd, 0x0, 0x0, 0x0, 0x0, 0x0, 0x0, 0x0,
    0xca, 0x0, 0x0, 0x0, 0x0, 0x0, 0x0, 0x0,

    /* U+21B3 "↳" */
    0x54, 0x0, 0x0, 0x0, 0x0, 0x0, 0x0, 0x0,
    0xfd, 0x0, 0x0, 0x0, 0x0, 0x0, 0x0, 0x0,
    0xfd, 0x0, 0x0, 0x0, 0x0, 0x0, 0x0, 0x0,
    0xfd, 0x0, 0x0, 0x0, 0x0, 0x0, 0x0, 0x0,
    0xfd, 0x0, 0x0, 0x0, 0x0, 0x2, 0x0, 0x0,
    0xfd, 0x0, 0x0, 0x0, 0x0, 0x8, 0x90, 0x0,
    0xfd, 0x0, 0x0, 0x0, 0x0, 0x8, 0xf9, 0x0,
    0xfd, 0x11, 0x11, 0x11, 0x11, 0x18, 0xff, 0x90,
    0xff, 0xff, 0xff, 0xff, 0xff, 0xff, 0xff, 0xf9,
    0xcc, 0xcc, 0xcc, 0xcc, 0xcc, 0xce, 0xff, 0xf4,
    0x0, 0x0, 0x0, 0x0, 0x0, 0x8, 0xff, 0x40,
    0x0, 0x0, 0x0, 0x0, 0x0, 0x8, 0xf4, 0x0,
    0x0, 0x0, 0x0, 0x0, 0x0, 0x7, 0x40, 0x0,
    0x0, 0x0, 0x0, 0x0, 0x0, 0x0, 0x0, 0x0,

    /* U+21B4 "↴" */
    0xac, 0xcc, 0xcc, 0xcc, 0xc9, 0x0, 0x0, 0xdf,
    0xff, 0xff, 0xff, 0xfc, 0x0, 0x0, 0x0, 0x0,
    0x0, 0x2, 0xfc, 0x0, 0x0, 0x0, 0x0, 0x0,
    0x1, 0xfc, 0x0, 0x0, 0x0, 0x0, 0x0, 0x1,
    0xfc, 0x0, 0x0, 0x0, 0x0, 0x0, 0x1, 0xfc,
    0x0, 0x0, 0x0, 0x0, 0x0, 0x1, 0xfc, 0x0,
    0x0, 0x0, 0x0, 0x0, 0x1, 0xfc, 0x0, 0x0,
    0x0, 0x0, 0x0, 0x1, 0xfc, 0x0, 0x0, 0x0,
    0x0, 0x0, 0x1, 0xfc, 0x0, 0x0, 0x0, 0x0,
    0x27, 0x77, 0xfe, 0x77, 0x70, 0x0, 0x0, 0xa,
    0xff, 0xff, 0xff, 0x50, 0x0, 0x0, 0x0, 0xaf,
    0xff, 0xf5, 0x0, 0x0, 0x0, 0x0, 0xa, 0xff,
    0x50, 0x0, 0x0, 0x0, 0x0, 0x0, 0xa5, 0x0,
    0x0, 0x0, 0x0, 0x0, 0x0, 0x0, 0x0, 0x0,

    /* U+21B5 "↵" */
    0x0, 0x0, 0x0, 0x0, 0x0, 0x0, 0x0, 0x4,
    0x40, 0x0, 0x0, 0x0, 0x0, 0x0, 0x0, 0x0,
    0xee, 0x0, 0x0, 0x0, 0x0, 0x0, 0x0, 0x0,
    0xe, 0xe0, 0x0, 0x0, 0x0, 0x0, 0x0, 0x0,
    0x0, 0xee, 0x0, 0x0, 0x2, 0x0, 0x0, 0x0,
    0x0, 0xe, 0xe0, 0x0, 0xa, 0x70, 0x0, 0x0,
    0x0, 0x0, 0xee, 0x0, 0xa, 0xf7, 0x0, 0x0,
    0x0, 0x0, 0xe, 0xe0, 0xa, 0xff, 0x71, 0x11,
    0x11, 0x11, 0x11, 0xee, 0xa, 0xff, 0xff, 0xff,
    0xff, 0xff, 0xff, 0xff, 0xe0, 0x6f, 0xff, 0xdc,
    0xcc, 0xcc, 0xcc, 0xcc, 0xcb, 0x0, 0x5f, 0xf7,
    0x0, 0x0, 0x0, 0x0, 0x0, 0x0, 0x0, 0x5f,
    0x70, 0x0, 0x0, 0x0, 0x0, 0x0, 0x0, 0x0,
    0x56, 0x0, 0x0, 0x0, 0x0, 0x0, 0x0, 0x0,
    0x0, 0x0, 0x0, 0x0, 0x0, 0x0, 0x0,

    /* U+21BA "↺" */
    0x0, 0x0, 0x0, 0x6, 0x0, 0x0, 0x0, 0x0,
    0x0, 0x0, 0x7, 0xf0, 0x0, 0x0, 0x0, 0x0,
    0x0, 0x7, 0xff, 0x0, 0x0, 0x0, 0x0, 0x0,
    0x7, 0xff, 0xf7, 0x40, 0x0, 0x0, 0x0, 0x4,
    0xff, 0xff, 0xff, 0xe5, 0x0, 0x0, 0x0, 0x8,
    0xff, 0xf7, 0xbf, 0xf8, 0x0, 0x0, 0x0, 0x8,
    0xff, 0x0, 0x3e, 0xf6, 0x0, 0x0, 0x0, 0x8,
    0xf0, 0x0, 0x2f, 0xf1, 0x0, 0x0, 0x0, 0x7,
    0x0, 0x0, 0x8f, 0x60, 0x0, 0x0, 0x0, 0x0,
    0x0, 0x3, 0xfa, 0x34, 0x0, 0x0, 0x0, 0x0,
    0x0, 0x1f, 0xca, 0xf3, 0x0, 0x0, 0x0, 0x0,
    0x1, 0xfb, 0x7f, 0x70, 0x0, 0x0, 0x0, 0x0,
    0x5f, 0x92, 0xfe, 0x0, 0x0, 0x0, 0x0, 0xc,
    0xf3, 0xa, 0xfa, 0x0, 0x0, 0x0, 0x9, 0xfb,
    0x0, 0xd, 0xfc, 0x40, 0x0, 0x3c, 0xfe, 0x10,
    0x0, 0x1b, 0xff, 0xfe, 0xff, 0xfc, 0x10, 0x0,
    0x0, 0x4, 0xae, 0xfe, 0xb5, 0x0, 0x0,

    /* U+21BB "↻" */
    0x0, 0x0, 0x0, 0x6, 0x0, 0x0, 0x0, 0x0,
    0x0, 0x0, 0x0, 0xe8, 0x0, 0x0, 0x0, 0x0,
    0x0, 0x0, 0xe, 0xf8, 0x0, 0x0, 0x0, 0x0,
    0x0, 0x37, 0xff, 0xf8, 0x0, 0x0, 0x0, 0x4,
    0xdf, 0xff, 0xff, 0xf5, 0x0, 0x0, 0x7, 0xff,
    0xc7, 0xef, 0xf9, 0x0, 0x0, 0x5, 0xff, 0x40,
    0xe, 0xf9, 0x0, 0x0, 0x0, 0xef, 0x40, 0x0,
    0xe9, 0x0, 0x0, 0x0, 0x5f, 0xa0, 0x0, 0x7,
    0x0, 0x0, 0x0, 0x9, 0xf4, 0x0, 0x0, 0x0,
    0x0, 0x0, 0x0, 0xbf, 0x20, 0x0, 0x0, 0x0,
    0x0, 0x4, 0x3a, 0xf3, 0x0, 0x0, 0x0, 0x0,
    0x1, 0xfb, 0x7f, 0x70, 0x0, 0x0, 0x0, 0x0,
    0x5f, 0x92, 0xfd, 0x0, 0x0, 0x0, 0x0, 0xd,
    0xf3, 0xa, 0xfa, 0x0, 0x0, 0x0, 0x9, 0xfb,
    0x0, 0xd, 0xfc, 0x40, 0x0, 0x4c, 0xfe, 0x10,
    0x0, 0x1b, 0xff, 0xfe, 0xff, 0xfc, 0x10, 0x0,
    0x0, 0x4, 0xae, 0xfe, 0xb5, 0x0, 0x0,

    /* U+21D0 "⇐" */
    0x0, 0x0, 0x0, 0x0, 0x0, 0x0, 0x0, 0x0,
    0x0, 0x0, 0x0, 0x1c, 0x30, 0x0, 0x0, 0x0,
    0x0, 0x0, 0x1, 0xdf, 0x90, 0x0, 0x0, 0x0,
    0x0, 0x0, 0x1d, 0xfa, 0x0, 0x0, 0x0, 0x0,
    0x0, 0x1, 0xdf, 0xb1, 0x0, 0x0, 0x0, 0x0,
    0x0, 0x1d, 0xff, 0xff, 0xff, 0xff, 0xff, 0xf9,
    0x2, 0xdf, 0xdc, 0xcc, 0xcc, 0xcc, 0xcc, 0xc7,
    0xc, 0xfd, 0x0, 0x0, 0x0, 0x0, 0x0, 0x0,
    0x2, 0xef, 0xcb, 0xbb, 0xbb, 0xbb, 0xbb, 0xb6,
    0x0, 0x2e, 0xff, 0xff, 0xff, 0xff, 0xff, 0xf9,
    0x0, 0x2, 0xdf, 0xb1, 0x11, 0x11, 0x11, 0x11,
    0x0, 0x0, 0x1d, 0xf9, 0x0, 0x0, 0x0, 0x0,
    0x0, 0x0, 0x1, 0xdf, 0x90, 0x0, 0x0, 0x0,
    0x0, 0x0, 0x0, 0x1c, 0x30, 0x0, 0x0, 0x0,
    0x0, 0x0, 0x0, 0x0, 0x0, 0x0, 0x0, 0x0,

    /* U+21D2 "⇒" */
    0x0, 0x0, 0x0, 0x0, 0x0, 0x0, 0x0, 0x0,
    0x0, 0x0, 0x0, 0x2, 0xc2, 0x0, 0x0, 0x0,
    0x0, 0x0, 0x0, 0x8, 0xfe, 0x20, 0x0, 0x0,
    0x0, 0x0, 0x0, 0x0, 0x9f, 0xe2, 0x0, 0x0,
    0x0, 0x0, 0x0, 0x0, 0xa, 0xfe, 0x20, 0x0,
    0x8f, 0xff, 0xff, 0xff, 0xff, 0xff, 0xe2, 0x0,
    0x6c, 0xcc, 0xcc, 0xcc, 0xcc, 0xcd, 0xfe, 0x20,
    0x0, 0x0, 0x0, 0x0, 0x0, 0x0, 0xbf, 0xd0,
    0x5b, 0xbb, 0xbb, 0xbb, 0xbb, 0xbc, 0xfe, 0x30,
    0x8f, 0xff, 0xff, 0xff, 0xff, 0xff, 0xe2, 0x0,
    0x1, 0x11, 0x11, 0x11, 0x1a, 0xfe, 0x20, 0x0,
    0x0, 0x0, 0x0, 0x0, 0x8f, 0xe2, 0x0, 0x0,
    0x0, 0x0, 0x0, 0x7, 0xfe, 0x20, 0x0, 0x0,
    0x0, 0x0, 0x0, 0x2, 0xd2, 0x0, 0x0, 0x0,
    0x0, 0x0, 0x0, 0x0, 0x0, 0x0, 0x0, 0x0,

    /* U+21D4 "⇔" */
    0x0, 0x0, 0x0, 0x0, 0x0, 0x0, 0x0, 0x0,
    0x0, 0x0, 0x0, 0x0, 0x0, 0x0, 0x0, 0x1c,
    0x30, 0x0, 0x0, 0x0, 0x5a, 0x0, 0x0, 0x0,
    0x0, 0x0, 0x1, 0xdf, 0x90, 0x0, 0x0, 0x0,
    0xcf, 0xb0, 0x0, 0x0, 0x0, 0x0, 0x1d, 0xfa,
    0x0, 0x0, 0x0, 0x0, 0x1c, 0xfb, 0x0, 0x0,
    0x0, 0x1, 0xdf, 0xb1, 0x0, 0x0, 0x0, 0x0,
    0x1, 0xdf, 0xb0, 0x0, 0x0, 0x1d, 0xff, 0xff,
    0xff, 0xff, 0xff, 0xff, 0xff, 0xff, 0xfb, 0x0,
    0x2, 0xdf, 0xdc, 0xcc, 0xcc, 0xcc, 0xcc, 0xcc,
    0xcc, 0xcc, 0xef, 0xc0, 0xc, 0xfd, 0x0, 0x0,
    0x0, 0x0, 0x0, 0x0, 0x0, 0x0, 0x1e, 0xf9,
    0x2, 0xef, 0xcb, 0xbb, 0xbb, 0xbb, 0xbb, 0xbb,
    0xbb, 0xbb, 0xdf, 0xc0, 0x0, 0x2e, 0xff, 0xff,
    0xff, 0xff, 0xff, 0xff, 0xff, 0xff, 0xfc, 0x0,
    0x0, 0x2, 0xdf, 0xb1, 0x11, 0x11, 0x11, 0x11,
    0x12, 0xdf, 0xc0, 0x0, 0x0, 0x0, 0x1d, 0xf9,
    0x0, 0x0, 0x0, 0x0, 0xc, 0xfb, 0x0, 0x0,
    0x0, 0x0, 0x1, 0xdf, 0x90, 0x0, 0x0, 0x0,
    0xcf, 0xb0, 0x0, 0x0, 0x0, 0x0, 0x0, 0x1c,
    0x30, 0x0, 0x0, 0x0, 0x6b, 0x0, 0x0, 0x0,
    0x0, 0x0, 0x0, 0x0, 0x0, 0x0, 0x0, 0x0,
    0x0, 0x0, 0x0, 0x0,

    /* U+21DE "⇞" */
    0x0, 0x0, 0x49, 0x0, 0x0, 0x0, 0x4, 0xff,
    0x90, 0x0, 0x0, 0x4f, 0xff, 0xf9, 0x0, 0x4,
    0xff, 0xff, 0xff, 0x90, 0x8, 0x88, 0xef, 0x98,
    0x83, 0x0, 0x0, 0xbf, 0x10, 0x0, 0x0, 0x11,
    0xcf, 0x21, 0x0, 0x1, 0xff, 0xff, 0xff, 0x70,
    0x0, 0xaa, 0xef, 0xaa, 0x40, 0x0, 0x0, 0xbf,
    0x10, 0x0, 0x1, 0xff, 0xff, 0xff, 0x70, 0x0,
    0xbb, 0xef, 0xbb, 0x50, 0x0, 0x0, 0xbf, 0x10,
    0x0, 0x0, 0x0, 0xbf, 0x10, 0x0, 0x0, 0x0,
    0xbf, 0x10, 0x0,

    /* U+21DF "⇟" */
    0x0, 0x0, 0xae, 0x10, 0x0, 0x0, 0x0, 0xbf,
    0x10, 0x0, 0x0, 0x0, 0xbf, 0x10, 0x0, 0x0,
    0x99, 0xef, 0xa9, 0x40, 0x1, 0xff, 0xff, 0xff,
    0x70, 0x0, 0x11, 0xcf, 0x31, 0x0, 0x0, 0x0,
    0xbf, 0x20, 0x0, 0x1, 0xff, 0xff, 0xff, 0x70,
    0x0, 0xaa, 0xef, 0xba, 0x40, 0x0, 0x0, 0xbf,
    0x10, 0x0, 0x0, 0x0, 0xbf, 0x10, 0x0, 0xb,
    0xff, 0xff, 0xff, 0xe3, 0x0, 0xcf, 0xff, 0xff,
    0x30, 0x0, 0xc, 0xff, 0xf3, 0x0, 0x0, 0x0,
    0xcf, 0x30, 0x0, 0x0, 0x0, 0x3, 0x0, 0x0,

    /* U+21E4 "⇤" */
    0xc, 0x90, 0x0, 0x0, 0x40, 0x0, 0x0, 0x0,
    0x0, 0x1f, 0xc0, 0x0, 0xa, 0xa0, 0x0, 0x0,
    0x0, 0x0, 0x1f, 0xc0, 0x0, 0xaf, 0xa0, 0x0,
    0x0, 0x0, 0x0, 0x1f, 0xc0, 0xa, 0xff, 0xc4,
    0x44, 0x44, 0x44, 0x43, 0x1f, 0xc0, 0x8f, 0xff,
    0xff, 0xff, 0xff, 0xff, 0xfd, 0x1f, 0xc0, 0x1d,
    0xff, 0xd8, 0x88, 0x88, 0x88, 0x87, 0x1f, 0xc0,
    0x1, 0xdf, 0xa0, 0x0, 0x0, 0x0, 0x0, 0x1f,
    0xc0, 0x0, 0x1d, 0xa0, 0x0, 0x0, 0x0, 0x0,
    0x1f, 0xc0, 0x0, 0x1, 0x70, 0x0, 0x0, 0x0,
    0x0, 0x0, 0x0, 0x0, 0x0, 0x0, 0x0, 0x0,
    0x0, 0x0,

    /* U+21E5 "⇥" */
    0x0, 0x0, 0x0, 0x0, 0x0, 0x50, 0x0, 0x0,
    0xc9, 0x0, 0x0, 0x0, 0x0, 0x0, 0xf5, 0x0,
    0x1, 0xfc, 0x0, 0x0, 0x0, 0x0, 0x0, 0xff,
    0x50, 0x1, 0xfc, 0x4, 0x44, 0x44, 0x44, 0x44,
    0xff, 0xf5, 0x1, 0xfc, 0x2f, 0xff, 0xff, 0xff,
    0xff, 0xff, 0xff, 0x31, 0xfc, 0x18, 0x88, 0x88,
    0x88, 0x88, 0xff, 0xfa, 0x1, 0xfc, 0x0, 0x0,
    0x0, 0x0, 0x0, 0xff, 0x90, 0x1, 0xfc, 0x0,
    0x0, 0x0, 0x0, 0x0, 0xf9, 0x0, 0x1, 0xfc,
    0x0, 0x0, 0x0, 0x0, 0x0, 0x90, 0x0, 0x1,
    0xfc, 0x0, 0x0, 0x0, 0x0, 0x0, 0x0, 0x0,
    0x0, 0x0,

    /* U+21E7 "⇧" */
    0x0, 0x0, 0x0, 0x0, 0x6, 0x0, 0x0, 0x0,
    0x0, 0x0, 0x0, 0x0, 0x0, 0xa, 0xfa, 0x0,
    0x0, 0x0, 0x0, 0x0, 0x0, 0x0, 0xa, 0xfd,
    0xfa, 0x0, 0x0, 0x0, 0x0, 0x0, 0x0, 0xa,
    0xf9, 0x9, 0xfa, 0x0, 0x0, 0x0, 0x0, 0x0,
    0xa, 0xf9, 0x0, 0x9, 0xfa, 0x0, 0x0, 0x0,
    0x0, 0xa, 0xf9, 0x0, 0x0, 0x9, 0xfa, 0x0,
    0x0, 0x0, 0xa, 0xf9, 0x0, 0x0, 0x0, 0x9,
    0xfa, 0x0, 0x0, 0xa, 0xfd, 0x55, 0x0, 0x0,
    0x5, 0x5d, 0xfa, 0x0, 0xa, 0xff, 0xff, 0xf0,
    0x0, 0x0, 0xef, 0xff, 0xfa, 0x0, 0x22, 0x22,
    0xdf, 0x0, 0x0, 0xe, 0xd2, 0x22, 0x20, 0x0,
    0x0, 0xc, 0xf0, 0x0, 0x0, 0xed, 0x0, 0x0,
    0x0, 0x0, 0x0, 0xcf, 0x0, 0x0, 0xe, 0xd0,
    0x0, 0x0, 0x0, 0x0, 0xc, 0xf0, 0x0, 0x0,
    0xed, 0x0, 0x0, 0x0, 0x0, 0x0, 0xcf, 0x0,
    0x0, 0xe, 0xd0, 0x0, 0x0, 0x0, 0x0, 0xc,
    0xf7, 0x77, 0x77, 0xfd, 0x0, 0x0, 0x0, 0x0,
    0x0, 0xcf, 0xff, 0xff, 0xff, 0xd0, 0x0, 0x0,

    /* U+21EA "⇪" */
    0x0, 0x0, 0x0, 0x0, 0x6, 0x0, 0x0, 0x0,
    0x0, 0x0, 0x0, 0x0, 0x0, 0xa, 0xfa, 0x0,
    0x0, 0x0, 0x0, 0x0, 0x0, 0x0, 0xa, 0xfd,
    0xfa, 0x0, 0x0, 0x0, 0x0, 0x0, 0x0, 0xa,
    0xf9, 0x9, 0xfa, 0x0, 0x0, 0x0, 0x0, 0x0,
    0xa, 0xf9, 0x0, 0x9, 0xfa, 0x0, 0x0, 0x0,
    0x0, 0xa, 0xf9, 0x0, 0x0, 0x9, 0xfa, 0x0,
    0x0, 0x0, 0xa, 0xf9, 0x0, 0x0, 0x0, 0x9,
    0xfa, 0x0, 0x0, 0xa, 0xfd, 0x55, 0x0, 0x0,
    0x5, 0x5d, 0xfa, 0x0, 0xa, 0xff, 0xff, 0xf0,
    0x0, 0x0, 0xef, 0xff, 0xfa, 0x0, 0x22, 0x22,
    0xdf, 0x0, 0x0, 0xe, 0xd2, 0x22, 0x20, 0x0,
    0x0, 0xc, 0xf0, 0x0, 0x0, 0xed, 0x0, 0x0,
    0x0, 0x0, 0x0, 0xcf, 0x44, 0x44, 0x4f, 0xd0,
    0x0, 0x0, 0x0, 0x0, 0xc, 0xff, 0xff, 0xff,
    0xfd, 0x0, 0x0, 0x0, 0x0, 0x0, 0x23, 0x33,
    0x33, 0x33, 0x20, 0x0, 0x0, 0x0, 0x0, 0x2,
    0x33, 0x33, 0x33, 0x32, 0x0, 0x0, 0x0, 0x0,
    0x0, 0xcf, 0xff, 0xff, 0xff, 0xd0, 0x0, 0x0,
    0x0, 0x0, 0xc, 0xf3, 0x33, 0x33, 0xfd, 0x0,
    0x0, 0x0, 0x0, 0x0, 0xcf, 0x11, 0x11, 0x1e,
    0xd0, 0x0, 0x0, 0x0, 0x0, 0xc, 0xff, 0xff,
    0xff, 0xfd, 0x0, 0x0, 0x0, 0x0, 0x0, 0x45,
    0x55, 0x55, 0x55, 0x40, 0x0, 0x0,

    /* U+2202 "∂" */
    0x0, 0x6a, 0xca, 0x71, 0x0, 0x0, 0x3f, 0xff,
    0xff, 0xe3, 0x0, 0x0, 0x84, 0x25, 0xdf, 0xe1,
    0x0, 0x0, 0x0, 0x1, 0xef, 0x70, 0x0, 0x0,
    0x0, 0x5, 0xfd, 0x0, 0x3, 0xbf, 0xfd, 0x6f,
    0xf1, 0x4, 0xff, 0xfd, 0xff, 0xff, 0x30, 0xef,
    0xb0, 0x0, 0xaf, 0xf4, 0x4f, 0xf2, 0x0, 0x0,
    0xff, 0x56, 0xfe, 0x0, 0x0, 0xf, 0xf4, 0x5f,
    0xe0, 0x0, 0x1, 0xff, 0x23, 0xff, 0x20, 0x0,
    0x5f, 0xe0, 0xd, 0xfa, 0x0, 0x1d, 0xf7, 0x0,
    0x3f, 0xfe, 0xce, 0xfc, 0x0, 0x0, 0x3c, 0xff,
    0xf9, 0x10, 0x0, 0x0, 0x0, 0x10, 0x0, 0x0,

    /* U+2205 "∅" */
    0x0, 0x0, 0x0, 0x0, 0x0, 0x1, 0x0, 0x0,
    0x18, 0xef, 0xfb, 0x32, 0xe5, 0x0, 0x2d, 0xff,
    0xff, 0xff, 0xf7, 0x0, 0xd, 0xfd, 0x40, 0x2a,
    0xff, 0x60, 0x5, 0xfe, 0x10, 0x1, 0xec, 0xfe,
    0x0, 0xaf, 0x70, 0x1, 0xd8, 0xe, 0xf3, 0xb,
    0xf5, 0x1, 0xd8, 0x0, 0xcf, 0x40, 0xaf, 0x71,
    0xd9, 0x0, 0xe, 0xf3, 0x6, 0xfe, 0xd9, 0x0,
    0x6, 0xfe, 0x0, 0xd, 0xff, 0x30, 0x6, 0xff,
    0x70, 0x1, 0xdf, 0xff, 0xff, 0xff, 0xa0, 0x0,
    0xca, 0x19, 0xff, 0xfd, 0x60, 0x0, 0x3, 0x0,
    0x0, 0x21, 0x0, 0x0, 0x0,

    /* U+2206 "∆" */
    0x0, 0x0, 0x7, 0xff, 0x80, 0x0, 0x0, 0x0,
    0x0, 0xd, 0xff, 0xe0, 0x0, 0x0, 0x0, 0x0,
    0x3f, 0xfe, 0xf4, 0x0, 0x0, 0x0, 0x0, 0x9f,
    0xa9, 0xfa, 0x0, 0x0, 0x0, 0x0, 0xef, 0x43,
    0xff, 0x0, 0x0, 0x0, 0x5, 0xfe, 0x0, 0xdf,
    0x50, 0x0, 0x0, 0xb, 0xf8, 0x0, 0x7f, 0xb0,
    0x0, 0x0, 0x1f, 0xf2, 0x0, 0x2f, 0xf1, 0x0,
    0x0, 0x7f, 0xd0, 0x0, 0xc, 0xf7, 0x0, 0x0,
    0xdf, 0x70, 0x0, 0x6, 0xfd, 0x0, 0x3, 0xff,
    0x10, 0x0, 0x1, 0xff, 0x30, 0x9, 0xfb, 0x0,
    0x0, 0x0, 0xaf, 0x90, 0xe, 0xff, 0xee, 0xee,
    0xee, 0xff, 0xf0, 0x5f, 0xff, 0xff, 0xff, 0xff,
    0xff, 0xf5,

    /* U+220F "∏" */
    0xc, 0xcc, 0xcc, 0xcc, 0xcc, 0xcb, 0x1f, 0xff,
    0xff, 0xff, 0xff, 0xfe, 0x1f, 0xf2, 0x11, 0x11,
    0x15, 0xfe, 0x1f, 0xf1, 0x0, 0x0, 0x4, 0xfe,
    0x1f, 0xf1, 0x0, 0x0, 0x4, 0xfe, 0x1f, 0xf1,
    0x0, 0x0, 0x4, 0xfe, 0x1f, 0xf1, 0x0, 0x0,
    0x4, 0xfe, 0x1f, 0xf1, 0x0, 0x0, 0x4, 0xfe,
    0x1f, 0xf1, 0x0, 0x0, 0x4, 0xfe, 0x1f, 0xf1,
    0x0, 0x0, 0x4, 0xfe, 0x1f, 0xf1, 0x0, 0x0,
    0x4, 0xfe, 0x1f, 0xf1, 0x0, 0x0, 0x4, 0xfe,
    0x1f, 0xf1, 0x0, 0x0, 0x4, 0xfe, 0x1f, 0xf1,
    0x0, 0x0, 0x4, 0xfe, 0x1f, 0xf1, 0x0, 0x0,
    0x4, 0xfe, 0x1f, 0xf1, 0x0, 0x0, 0x4, 0xfe,
    0x1f, 0xf1, 0x0, 0x0, 0x4, 0xfe, 0x0, 0x0,
    0x0, 0x0, 0x0, 0x0,

    /* U+2211 "∑" */
    0xbc, 0xcc, 0xcc, 0xcc, 0xcc, 0x90, 0xff, 0xff,
    0xff, 0xff, 0xff, 0xc0, 0x5f, 0xf7, 0x11, 0x11,
    0x11, 0x10, 0x8, 0xff, 0x30, 0x0, 0x0, 0x0,
    0x0, 0xbf, 0xe1, 0x0, 0x0, 0x0, 0x0, 0xd,
    0xfb, 0x0, 0x0, 0x0, 0x0, 0x2, 0xef, 0x90,
    0x0, 0x0, 0x0, 0x0, 0x4f, 0xf5, 0x0, 0x0,
    0x0, 0x0, 0x6, 0xff, 0x20, 0x0, 0x0, 0x0,
    0x6, 0xff, 0x20, 0x0, 0x0, 0x0, 0x3f, 0xf6,
    0x0, 0x0, 0x0, 0x1, 0xef, 0x90, 0x0, 0x0,
    0x0, 0xc, 0xfc, 0x0, 0x0, 0x0, 0x0, 0xaf,
    0xe1, 0x0, 0x0, 0x0, 0x7, 0xff, 0x30, 0x0,
    0x0, 0x0, 0x4f, 0xf7, 0x0, 0x0, 0x0, 0x0,
    0xef, 0xff, 0xff, 0xff, 0xff, 0xf5, 0xcd, 0xdd,
    0xdd, 0xdd, 0xdd, 0xd4,

    /* U+2212 "−" */
    0xe, 0xee, 0xee, 0xee, 0xee, 0x50, 0xff, 0xff,
    0xff, 0xff, 0xf6, 0x0, 0x0, 0x0, 0x0, 0x0,
    0x0,

    /* U+221A "√" */
    0x0, 0x0, 0x0, 0x0, 0x2, 0xcb, 0x0, 0x0,
    0x0, 0x0, 0x0, 0x7f, 0x90, 0x0, 0x0, 0x0,
    0x0, 0xd, 0xf4, 0x0, 0x0, 0x0, 0x0, 0x2,
    0xfe, 0x0, 0x0, 0x0, 0x0, 0x0, 0x8f, 0x90,
    0x0, 0x0, 0x0, 0x0, 0xd, 0xf3, 0x0, 0x0,
    0x0, 0x0, 0x2, 0xfe, 0x0, 0x0, 0xcc, 0xc6,
    0x0, 0x8f, 0x80, 0x0, 0x1f, 0xff, 0xd0, 0xd,
    0xf3, 0x0, 0x0, 0x11, 0xdf, 0x33, 0xfd, 0x0,
    0x0, 0x0, 0x8, 0xf8, 0x8f, 0x70, 0x0, 0x0,
    0x0, 0x1f, 0xed, 0xf2, 0x0, 0x0, 0x0, 0x0,
    0xbf, 0xfc, 0x0, 0x0, 0x0, 0x0, 0x5, 0xff,
    0x70, 0x0, 0x0, 0x0, 0x0, 0xc, 0xc1, 0x0,
    0x0, 0x0,

    /* U+221E "∞" */
    0x0, 0x0, 0x11, 0x0, 0x0, 0x0, 0x1, 0x10,
    0x0, 0x0, 0x3, 0xcf, 0xfe, 0x70, 0x0, 0x7e,
    0xff, 0xc3, 0x0, 0x3, 0xff, 0xfe, 0xff, 0xb1,
    0xbf, 0xfe, 0xff, 0xf3, 0x0, 0xcf, 0x90, 0x4,
    0xef, 0xef, 0xe4, 0x0, 0x9f, 0xc0, 0xf, 0xf0,
    0x0, 0x1, 0xef, 0xf2, 0x0, 0x0, 0xff, 0x0,
    0xff, 0x10, 0x0, 0x4f, 0xff, 0x50, 0x0, 0x1f,
    0xf0, 0xa, 0xfc, 0x32, 0x8f, 0xfc, 0xff, 0x82,
    0x3c, 0xfa, 0x0, 0x1e, 0xff, 0xff, 0xf8, 0x7,
    0xff, 0xff, 0xfe, 0x10, 0x0, 0x19, 0xdd, 0xa3,
    0x0, 0x3, 0xad, 0xd9, 0x10, 0x0,

    /* U+222B "∫" */
    0x0, 0x0, 0x29, 0xba, 0x0, 0x0, 0x3f, 0xff,
    0xf0, 0x0, 0xa, 0xfb, 0x22, 0x0, 0x0, 0xdf,
    0x40, 0x0, 0x0, 0xe, 0xf3, 0x0, 0x0, 0x0,
    0xef, 0x30, 0x0, 0x0, 0xe, 0xf3, 0x0, 0x0,
    0x0, 0xef, 0x30, 0x0, 0x0, 0xe, 0xf3, 0x0,
    0x0, 0x0, 0xef, 0x30, 0x0, 0x0, 0xe, 0xf3,
    0x0, 0x0, 0x0, 0xef, 0x30, 0x0, 0x0, 0xe,
    0xf3, 0x0, 0x0, 0x0, 0xef, 0x30, 0x0, 0x0,
    0xe, 0xf3, 0x0, 0x0, 0x0, 0xef, 0x30, 0x0,
    0x0, 0xe, 0xf3, 0x0, 0x0, 0x0, 0xff, 0x20,
    0x0, 0x2, 0x7f, 0xf0, 0x0, 0x5, 0xff, 0xf8,
    0x0, 0x0, 0x3b, 0xa5, 0x0, 0x0, 0x0,

    /* U+2236 "∶" */
    0x7, 0xa1, 0x2f, 0xf9, 0xd, 0xf5, 0x0, 0x10,
    0x0, 0x0, 0x0, 0x0, 0x0, 0x0, 0x0, 0x0,
    0x9, 0xc2, 0x2f, 0xf9, 0xc, 0xe4,

    /* U+2248 "≈" */
    0x1, 0x9d, 0xb3, 0x0, 0x8, 0x70, 0xbf, 0xff,
    0xf8, 0x2, 0xfc, 0x1f, 0xd1, 0x3d, 0xfe, 0xff,
    0x72, 0xa6, 0x0, 0x9, 0xfe, 0x80, 0x0, 0x37,
    0x50, 0x0, 0x2, 0x20, 0x8f, 0xff, 0xd3, 0x1,
    0xfd, 0x1f, 0xe4, 0x6f, 0xfb, 0xdf, 0x92, 0xd8,
    0x0, 0x2c, 0xff, 0xc1, 0x0, 0x0, 0x0, 0x1,
    0x10, 0x0,

    /* U+2260 "≠" */
    0x0, 0x0, 0x0, 0x10, 0x0, 0x0, 0x0, 0x6,
    0xf6, 0x0, 0x0, 0x0, 0xc, 0xf1, 0x0, 0xce,
    0xee, 0xef, 0xfe, 0xe2, 0xef, 0xff, 0xff, 0xff,
    0xf3, 0x0, 0x1, 0xfd, 0x0, 0x0, 0x0, 0x7,
    0xf6, 0x0, 0x0, 0xab, 0xbe, 0xfb, 0xbb, 0xb2,
    0xef, 0xff, 0xff, 0xff, 0xf3, 0x23, 0xcf, 0x43,
    0x33, 0x30, 0x1, 0xfc, 0x0, 0x0, 0x0, 0x2,
    0x63, 0x0, 0x0, 0x0,

    /* U+2264 "≤" */
    0x0, 0x0, 0x0, 0x0, 0x3, 0x20, 0x0, 0x0,
    0x3, 0x9e, 0xf6, 0x0, 0x4, 0x9e, 0xff, 0xfb,
    0x30, 0x9e, 0xff, 0xe9, 0x40, 0x0, 0x1f, 0xff,
    0x92, 0x0, 0x0, 0x0, 0x6b, 0xff, 0xfd, 0x83,
    0x0, 0x0, 0x0, 0x5b, 0xff, 0xfe, 0x40, 0x0,
    0x0, 0x0, 0x5a, 0xf6, 0x0, 0x0, 0x0, 0x0,
    0x0, 0x10, 0xbb, 0xbb, 0xbb, 0xbb, 0xb4, 0x1f,
    0xff, 0xff, 0xff, 0xff, 0x60, 0x22, 0x22, 0x22,
    0x22, 0x20,

    /* U+2265 "≥" */
    0x5, 0x0, 0x0, 0x0, 0x0, 0x1, 0xff, 0xa5,
    0x0, 0x0, 0x0, 0x9, 0xef, 0xff, 0xb5, 0x10,
    0x0, 0x0, 0x37, 0xcf, 0xff, 0xb3, 0x0, 0x0,
    0x0, 0x6e, 0xff, 0x60, 0x2, 0x6b, 0xff, 0xfd,
    0x81, 0xd, 0xff, 0xfc, 0x72, 0x0, 0x1, 0xfc,
    0x72, 0x0, 0x0, 0x0, 0x1, 0x0, 0x0, 0x0,
    0x0, 0x0, 0xbb, 0xbb, 0xbb, 0xbb, 0xb4, 0x1f,
    0xff, 0xff, 0xff, 0xff, 0x60, 0x22, 0x22, 0x22,
    0x22, 0x20,

    /* U+2295 "⊕" */
    0x0, 0x0, 0x0, 0x0, 0x3, 0x7b, 0xde, 0xed,
    0xa6, 0x20, 0x0, 0x0, 0x0, 0x0, 0x0, 0x0,
    0x0, 0x5, 0xcf, 0xff, 0xfe, 0xef, 0xff, 0xfb,
    0x30, 0x0, 0x0, 0x0, 0x0, 0x0, 0x2, 0xbf,
    0xfb, 0x51, 0x0, 0x0, 0x26, 0xcf, 0xf9, 0x0,
    0x0, 0x0, 0x0, 0x0, 0x3e, 0xfb, 0x20, 0x0,
    0x0, 0x0, 0x0, 0x4, 0xdf, 0xd1, 0x0, 0x0,
    0x0, 0x3, 0xff, 0x70, 0x0, 0x0, 0x0, 0x0,
    0x0, 0x0, 0x9, 0xfd, 0x10, 0x0, 0x0, 0x1e,
    0xf5, 0x0, 0x0, 0x0, 0x0, 0x0, 0x0, 0x0,
    0x0, 0x8f, 0xc0, 0x0, 0x0, 0xbf, 0x70, 0x0,
    0x0, 0x0, 0x0, 0x0, 0x0, 0x0, 0x0, 0xa,
    0xf7, 0x0, 0x4, 0xfc, 0x0, 0x0, 0x0, 0x0,
    0x4f, 0x90, 0x0, 0x0, 0x0, 0x1, 0xef, 0x10,
    0xb, 0xf3, 0x0, 0x0, 0x0, 0x0, 0x4f, 0x90,
    0x0, 0x0, 0x0, 0x0, 0x6f, 0x80, 0x1f, 0xc0,
    0x0, 0x0, 0x0, 0x0, 0x4f, 0x90, 0x0, 0x0,
    0x0, 0x0, 0xf, 0xe0, 0x5f, 0x70, 0x0, 0x0,
    0x0, 0x0, 0x4f, 0x90, 0x0, 0x0, 0x0, 0x0,
    0xa, 0xf2, 0x9f, 0x30, 0x0, 0x0, 0x0, 0x0,
    0x4f, 0x90, 0x0, 0x0, 0x0, 0x0, 0x6, 0xf6,
    0xaf, 0x10, 0x0, 0x3, 0x44, 0x44, 0x7f, 0xb4,
    0x44, 0x44, 0x10, 0x0, 0x4, 0xf7, 0xbf, 0x0,
    0x0, 0xe, 0xff, 0xff, 0xff, 0xff, 0xff, 0xff,
    0x40, 0x0, 0x3, 0xf8, 0xbf, 0x10, 0x0, 0x7,
    0x88, 0x88, 0xaf, 0xc8, 0x88, 0x88, 0x20, 0x0,
    0x4, 0xf7, 0x9f, 0x20, 0x0, 0x0, 0x0, 0x0,
    0x4f, 0x90, 0x0, 0x0, 0x0, 0x0, 0x6, 0xf6,
    0x6f, 0x60, 0x0, 0x0, 0x0, 0x0, 0x4f, 0x90,
    0x0, 0x0, 0x0, 0x0, 0x9, 0xf3, 0x2f, 0xa0,
    0x0, 0x0, 0x0, 0x0, 0x4f, 0x90, 0x0, 0x0,
    0x0, 0x0, 0xe, 0xf0, 0xd, 0xf1, 0x0, 0x0,
    0x0, 0x0, 0x4f, 0x90, 0x0, 0x0, 0x0, 0x0,
    0x5f, 0x90, 0x6, 0xfa, 0x0, 0x0, 0x0, 0x0,
    0x4f, 0x90, 0x0, 0x0, 0x0, 0x0, 0xdf, 0x30,
    0x0, 0xdf, 0x40, 0x0, 0x0, 0x0, 0x3, 0x20,
    0x0, 0x0, 0x0, 0x7, 0xfa, 0x0, 0x0, 0x3f,
    0xf2, 0x0, 0x0, 0x0, 0x0, 0x0, 0x0, 0x0,
    0x0, 0x5f, 0xe1, 0x0, 0x0, 0x6, 0xfe, 0x30,
    0x0, 0x0, 0x0, 0x0, 0x0, 0x0, 0x5, 0xff,
    0x30, 0x0, 0x0, 0x0, 0x6f, 0xf7, 0x0, 0x0,
    0x0, 0x0, 0x0, 0x1, 0x9f, 0xf4, 0x0, 0x0,
    0x0, 0x0, 0x4, 0xef, 0xe7, 0x10, 0x0, 0x0,
    0x2, 0x8e, 0xfd, 0x20, 0x0, 0x0, 0x0, 0x0,
    0x0, 0x19, 0xff, 0xfe, 0xba, 0xab, 0xef, 0xfe,
    0x70, 0x0, 0x0, 0x0, 0x0, 0x0, 0x0, 0x0,
    0x17, 0xbf, 0xff, 0xff, 0xea, 0x60, 0x0, 0x0,
    0x0, 0x0, 0x0, 0x0, 0x0, 0x0, 0x0, 0x0,
    0x12, 0x20, 0x0, 0x0, 0x0, 0x0, 0x0, 0x0,

    /* U+2296 "⊖" */
    0x0, 0x0, 0x0, 0x0, 0x3, 0x7b, 0xde, 0xed,
    0xa6, 0x20, 0x0, 0x0, 0x0, 0x0, 0x0, 0x0,
    0x0, 0x5, 0xcf, 0xff, 0xfe, 0xef, 0xff, 0xfb,
    0x30, 0x0, 0x0, 0x0, 0x0, 0x0, 0x2, 0xbf,
    0xfb, 0x51, 0x0, 0x0, 0x26, 0xcf, 0xf9, 0x0,
    0x0, 0x0, 0x0, 0x0, 0x3e, 0xfb, 0x20, 0x0,
    0x0, 0x0, 0x0, 0x4, 0xdf, 0xd1, 0x0, 0x0,
    0x0, 0x3, 0xff, 0x70, 0x0, 0x0, 0x0, 0x0,
    0x0, 0x0, 0x9, 0xfd, 0x10, 0x0, 0x0, 0x1e,
    0xf5, 0x0, 0x0, 0x0, 0x0, 0x0, 0x0, 0x0,
    0x0, 0x8f, 0xc0, 0x0, 0x0, 0xbf, 0x70, 0x0,
    0x0, 0x0, 0x0, 0x0, 0x0, 0x0, 0x0, 0xa,
    0xf7, 0x0, 0x4, 0xfc, 0x0, 0x0, 0x0, 0x0,
    0x0, 0x0, 0x0, 0x0, 0x0, 0x1, 0xef, 0x10,
    0xb, 0xf3, 0x0, 0x0, 0x0, 0x0, 0x0, 0x0,
    0x0, 0x0, 0x0, 0x0, 0x6f, 0x80, 0x1f, 0xc0,
    0x0, 0x0, 0x0, 0x0, 0x0, 0x0, 0x0, 0x0,
    0x0, 0x0, 0xf, 0xe0, 0x5f, 0x70, 0x0, 0x0,
    0x0, 0x0, 0x0, 0x0, 0x0, 0x0, 0x0, 0x0,
    0xa, 0xf2, 0x9f, 0x30, 0x0, 0x0, 0x0, 0x0,
    0x0, 0x0, 0x0, 0x0, 0x0, 0x0, 0x6, 0xf6,
    0xaf, 0x10, 0x0, 0x0, 0x0, 0x0, 0x0, 0x0,
    0x0, 0x0, 0x0, 0x0, 0x4, 0xf7, 0xbf, 0x0,
    0x0, 0x0, 0xe, 0xff, 0xff, 0xff, 0xff, 0x70,
    0x0, 0x0, 0x3, 0xf8, 0xbf, 0x10, 0x0, 0x0,
    0xd, 0xee, 0xee, 0xee, 0xee, 0x60, 0x0, 0x0,
    0x4, 0xf7, 0x9f, 0x20, 0x0, 0x0, 0x0, 0x0,
    0x0, 0x0, 0x0, 0x0, 0x0, 0x0, 0x6, 0xf6,
    0x6f, 0x60, 0x0, 0x0, 0x0, 0x0, 0x0, 0x0,
    0x0, 0x0, 0x0, 0x0, 0x9, 0xf3, 0x2f, 0xa0,
    0x0, 0x0, 0x0, 0x0, 0x0, 0x0, 0x0, 0x0,
    0x0, 0x0, 0xe, 0xf0, 0xd, 0xf1, 0x0, 0x0,
    0x0, 0x0, 0x0, 0x0, 0x0, 0x0, 0x0, 0x0,
    0x5f, 0x90, 0x6, 0xfa, 0x0, 0x0, 0x0, 0x0,
    0x0, 0x0, 0x0, 0x0, 0x0, 0x0, 0xdf, 0x30,
    0x0, 0xdf, 0x40, 0x0, 0x0, 0x0, 0x0, 0x0,
    0x0, 0x0, 0x0, 0x7, 0xfa, 0x0, 0x0, 0x3f,
    0xf2, 0x0, 0x0, 0x0, 0x0, 0x0, 0x0, 0x0,
    0x0, 0x5f, 0xe1, 0x0, 0x0, 0x6, 0xfe, 0x30,
    0x0, 0x0, 0x0, 0x0, 0x0, 0x0, 0x5, 0xff,
    0x30, 0x0, 0x0, 0x0, 0x6f, 0xf7, 0x0, 0x0,
    0x0, 0x0, 0x0, 0x1, 0x9f, 0xf4, 0x0, 0x0,
    0x0, 0x0, 0x4, 0xef, 0xe7, 0x10, 0x0, 0x0,
    0x2, 0x8e, 0xfd, 0x20, 0x0, 0x0, 0x0, 0x0,
    0x0, 0x19, 0xff, 0xfe, 0xba, 0xab, 0xef, 0xfe,
    0x70, 0x0, 0x0, 0x0, 0x0, 0x0, 0x0, 0x0,
    0x17, 0xbf, 0xff, 0xff, 0xea, 0x60, 0x0, 0x0,
    0x0, 0x0, 0x0, 0x0, 0x0, 0x0, 0x0, 0x0,
    0x12, 0x20, 0x0, 0x0, 0x0, 0x0, 0x0, 0x0,

    /* U+2297 "⊗" */
    0x0, 0x0, 0x0, 0x0, 0x3, 0x7b, 0xde, 0xed,
    0xa6, 0x20, 0x0, 0x0, 0x0, 0x0, 0x0, 0x0,
    0x0, 0x5, 0xcf, 0xff, 0xfe, 0xef, 0xff, 0xfb,
    0x30, 0x0, 0x0, 0x0, 0x0, 0x0, 0x2, 0xbf,
    0xfb, 0x51, 0x0, 0x0, 0x26, 0xcf, 0xf9, 0x0,
    0x0, 0x0, 0x0, 0x0, 0x3e, 0xfb, 0x20, 0x0,
    0x0, 0x0, 0x0, 0x4, 0xdf, 0xd1, 0x0, 0x0,
    0x0, 0x3, 0xff, 0x70, 0x0, 0x0, 0x0, 0x0,
    0x0, 0x0, 0x9, 0xfd, 0x10, 0x0, 0x0, 0x1e,
    0xf5, 0x0, 0x0, 0x0, 0x0, 0x0, 0x0, 0x0,
    0x0, 0x8f, 0xc0, 0x0, 0x0, 0xbf, 0x70, 0x0,
    0x0, 0x0, 0x0, 0x0, 0x0, 0x0, 0x0, 0xa,
    0xf7, 0x0, 0x4, 0xfc, 0x0, 0x0, 0x0, 0x0,
    0x0, 0x0, 0x0, 0x0, 0x0, 0x1, 0xef, 0x10,
    0xb, 0xf3, 0x0, 0x0, 0x0, 0x0, 0x0, 0x0,
    0x0, 0x0, 0x0, 0x0, 0x6f, 0x80, 0x1f, 0xc0,
    0x0, 0x0, 0x3, 0xd3, 0x0, 0x0, 0x5d, 0x10,
    0x0, 0x0, 0xf, 0xe0, 0x5f, 0x70, 0x0, 0x0,
    0x8, 0xfe, 0x30, 0x5, 0xff, 0x50, 0x0, 0x0,
    0xa, 0xf2, 0x9f, 0x30, 0x0, 0x0, 0x0, 0x9f,
    0xe3, 0x5f, 0xf6, 0x0, 0x0, 0x0, 0x6, 0xf6,
    0xaf, 0x10, 0x0, 0x0, 0x0, 0x9, 0xff, 0xff,
    0x60, 0x0, 0x0, 0x0, 0x4, 0xf7, 0xbf, 0x0,
    0x0, 0x0, 0x0, 0x0, 0xbf, 0xf8, 0x0, 0x0,
    0x0, 0x0, 0x3, 0xf8, 0xbf, 0x10, 0x0, 0x0,
    0x0, 0x5, 0xff, 0xfe, 0x30, 0x0, 0x0, 0x0,
    0x4, 0xf7, 0x9f, 0x20, 0x0, 0x0, 0x0, 0x5f,
    0xf6, 0x8f, 0xf3, 0x0, 0x0, 0x0, 0x6, 0xf6,
    0x6f, 0x60, 0x0, 0x0, 0x5, 0xff, 0x50, 0x8,
    0xff, 0x30, 0x0, 0x0, 0x9, 0xf3, 0x2f, 0xa0,
    0x0, 0x0, 0x5, 0xf5, 0x0, 0x0, 0x8f, 0x30,
    0x0, 0x0, 0xe, 0xf0, 0xd, 0xf1, 0x0, 0x0,
    0x0, 0x10, 0x0, 0x0, 0x2, 0x0, 0x0, 0x0,
    0x5f, 0x90, 0x6, 0xfa, 0x0, 0x0, 0x0, 0x0,
    0x0, 0x0, 0x0, 0x0, 0x0, 0x0, 0xdf, 0x30,
    0x0, 0xdf, 0x40, 0x0, 0x0, 0x0, 0x0, 0x0,
    0x0, 0x0, 0x0, 0x7, 0xfa, 0x0, 0x0, 0x3f,
    0xf2, 0x0, 0x0, 0x0, 0x0, 0x0, 0x0, 0x0,
    0x0, 0x5f, 0xe1, 0x0, 0x0, 0x6, 0xfe, 0x30,
    0x0, 0x0, 0x0, 0x0, 0x0, 0x0, 0x5, 0xff,
    0x30, 0x0, 0x0, 0x0, 0x6f, 0xf7, 0x0, 0x0,
    0x0, 0x0, 0x0, 0x1, 0x9f, 0xf4, 0x0, 0x0,
    0x0, 0x0, 0x4, 0xef, 0xe7, 0x10, 0x0, 0x0,
    0x2, 0x8e, 0xfd, 0x20, 0x0, 0x0, 0x0, 0x0,
    0x0, 0x19, 0xff, 0xfe, 0xba, 0xab, 0xef, 0xfe,
    0x70, 0x0, 0x0, 0x0, 0x0, 0x0, 0x0, 0x0,
    0x17, 0xbf, 0xff, 0xff, 0xea, 0x60, 0x0, 0x0,
    0x0, 0x0, 0x0, 0x0, 0x0, 0x0, 0x0, 0x0,
    0x12, 0x20, 0x0, 0x0, 0x0, 0x0, 0x0, 0x0,

    /* U+2298 "⊘" */
    0x0, 0x0, 0x0, 0x0, 0x3, 0x7b, 0xde, 0xed,
    0xa6, 0x20, 0x0, 0x0, 0x0, 0x0, 0x0, 0x0,
    0x0, 0x5, 0xcf, 0xff, 0xfe, 0xef, 0xff, 0xfb,
    0x30, 0x0, 0x0, 0x0, 0x0, 0x0, 0x2, 0xbf,
    0xfb, 0x51, 0x0, 0x0, 0x26, 0xcf, 0xf9, 0x0,
    0x0, 0x0, 0x0, 0x0, 0x3e, 0xfb, 0x20, 0x0,
    0x0, 0x0, 0x0, 0x4, 0xdf, 0xd1, 0x0, 0x0,
    0x0, 0x3, 0xff, 0x70, 0x0, 0x0, 0x0, 0x0,
    0x0, 0x0, 0x9, 0xfd, 0x10, 0x0, 0x0, 0x1e,
    0xf5, 0x0, 0x0, 0x0, 0x0, 0x0, 0x0, 0x0,
    0x0, 0x8f, 0xc0, 0x0, 0x0, 0xbf, 0x70, 0x0,
    0x0, 0x0, 0x0, 0x0, 0x0, 0x0, 0x0, 0xa,
    0xf7, 0x0, 0x4, 0xfc, 0x0, 0x0, 0x0, 0x0,
    0x0, 0x0, 0x1, 0x0, 0x0, 0x1, 0xef, 0x10,
    0xb, 0xf3, 0x0, 0x0, 0x0, 0x0, 0x0, 0x0,
    0x1e, 0xa0, 0x0, 0x0, 0x6f, 0x80, 0x1f, 0xc0,
    0x0, 0x0, 0x0, 0x0, 0x0, 0x0, 0xdf, 0xb0,
    0x0, 0x0, 0xf, 0xe0, 0x5f, 0x70, 0x0, 0x0,
    0x0, 0x0, 0x0, 0xb, 0xfc, 0x0, 0x0, 0x0,
    0xa, 0xf2, 0x9f, 0x30, 0x0, 0x0, 0x0, 0x0,
    0x0, 0x9f, 0xe1, 0x0, 0x0, 0x0, 0x6, 0xf6,
    0xaf, 0x10, 0x0, 0x0, 0x0, 0x0, 0x6, 0xff,
    0x30, 0x0, 0x0, 0x0, 0x4, 0xf7, 0xbf, 0x0,
    0x0, 0x0, 0x0, 0x0, 0x4f, 0xf5, 0x0, 0x0,
    0x0, 0x0, 0x3, 0xf8, 0xbf, 0x10, 0x0, 0x0,
    0x0, 0x2, 0xff, 0x70, 0x0, 0x0, 0x0, 0x0,
    0x4, 0xf7, 0x9f, 0x20, 0x0, 0x0, 0x0, 0x1e,
    0xf9, 0x0, 0x0, 0x0, 0x0, 0x0, 0x6, 0xf6,
    0x6f, 0x60, 0x0, 0x0, 0x0, 0xcf, 0xb0, 0x0,
    0x0, 0x0, 0x0, 0x0, 0x9, 0xf3, 0x2f, 0xa0,
    0x0, 0x0, 0xa, 0xfd, 0x10, 0x0, 0x0, 0x0,
    0x0, 0x0, 0xe, 0xf0, 0xd, 0xf1, 0x0, 0x0,
    0x2e, 0xe2, 0x0, 0x0, 0x0, 0x0, 0x0, 0x0,
    0x5f, 0x90, 0x6, 0xfa, 0x0, 0x0, 0x1, 0x30,
    0x0, 0x0, 0x0, 0x0, 0x0, 0x0, 0xdf, 0x30,
    0x0, 0xdf, 0x40, 0x0, 0x0, 0x0, 0x0, 0x0,
    0x0, 0x0, 0x0, 0x7, 0xfa, 0x0, 0x0, 0x3f,
    0xf2, 0x0, 0x0, 0x0, 0x0, 0x0, 0x0, 0x0,
    0x0, 0x5f, 0xe1, 0x0, 0x0, 0x6, 0xfe, 0x30,
    0x0, 0x0, 0x0, 0x0, 0x0, 0x0, 0x5, 0xff,
    0x30, 0x0, 0x0, 0x0, 0x6f, 0xf7, 0x0, 0x0,
    0x0, 0x0, 0x0, 0x1, 0x9f, 0xf4, 0x0, 0x0,
    0x0, 0x0, 0x4, 0xef, 0xe7, 0x10, 0x0, 0x0,
    0x2, 0x8e, 0xfd, 0x20, 0x0, 0x0, 0x0, 0x0,
    0x0, 0x19, 0xff, 0xfe, 0xba, 0xab, 0xef, 0xfe,
    0x70, 0x0, 0x0, 0x0, 0x0, 0x0, 0x0, 0x0,
    0x17, 0xbf, 0xff, 0xff, 0xea, 0x60, 0x0, 0x0,
    0x0, 0x0, 0x0, 0x0, 0x0, 0x0, 0x0, 0x0,
    0x12, 0x20, 0x0, 0x0, 0x0, 0x0, 0x0, 0x0,

    /* U+2303 "⌃" */
    0x0, 0x0, 0x0, 0x42, 0x0, 0x0, 0x0, 0x0,
    0x0, 0x5f, 0xe2, 0x0, 0x0, 0x0, 0x0, 0x5f,
    0xff, 0xe2, 0x0, 0x0, 0x0, 0x5f, 0xf4, 0x7f,
    0xe2, 0x0, 0x0, 0x5f, 0xf4, 0x0, 0x7f, 0xe2,
    0x0, 0x5f, 0xf4, 0x0, 0x0, 0x7f, 0xe2, 0xb,
    0xf4, 0x0, 0x0, 0x0, 0x7f, 0x70, 0x3, 0x0,
    0x0, 0x0, 0x0, 0x40,

    /* U+2304 "⌄" */
    0x4, 0xa0, 0x0, 0x0, 0x0, 0x1b, 0x10, 0xbf,
    0xa0, 0x0, 0x0, 0x1d, 0xf8, 0x0, 0xcf, 0xa0,
    0x0, 0x1d, 0xf9, 0x0, 0x0, 0xcf, 0xb0, 0x1d,
    0xf9, 0x0, 0x0, 0x0, 0xcf, 0xbd, 0xf9, 0x0,
    0x0, 0x0, 0x0, 0xcf, 0xf9, 0x0, 0x0, 0x0,
    0x0, 0x0, 0xc9, 0x0, 0x0, 0x0, 0x0, 0x0,
    0x0, 0x0, 0x0, 0x0,

    /* U+2305 "⌅" */
    0xc, 0xcc, 0xcc, 0xcc, 0xcc, 0xcc, 0x90, 0xff,
    0xff, 0xff, 0xff, 0xff, 0xfc, 0x0, 0x0, 0x0,
    0x0, 0x0, 0x0, 0x0, 0x0, 0x0, 0x1, 0x0,
    0x0, 0x0, 0x0, 0x0, 0x1, 0xda, 0x0, 0x0,
    0x0, 0x0, 0x1, 0xdf, 0xfa, 0x0, 0x0, 0x0,
    0x1, 0xdf, 0xad, 0xfa, 0x0, 0x0, 0x1, 0xdf,
    0xa0, 0x1d, 0xfa, 0x0, 0x1, 0xdf, 0xa0, 0x0,
    0x1d, 0xfa, 0x0, 0xcf, 0xa0, 0x0, 0x0, 0x1c,
    0xf8, 0x3, 0x90, 0x0, 0x0, 0x0, 0x1a, 0x10,

    /* U+2318 "⌘" */
    0x2, 0xad, 0xa2, 0x0, 0x0, 0x4b, 0xd9, 0x10,
    0x2e, 0xfd, 0xfe, 0x10, 0x4, 0xff, 0xdf, 0xd0,
    0x8f, 0x30, 0x4f, 0x80, 0xc, 0xe1, 0x7, 0xf5,
    0xaf, 0x0, 0xf, 0xa0, 0xe, 0xb0, 0x2, 0xf7,
    0x7f, 0x71, 0xf, 0xa0, 0xe, 0xb0, 0x1a, 0xf4,
    0xc, 0xff, 0xff, 0xff, 0xff, 0xff, 0xff, 0x90,
    0x0, 0x69, 0x9f, 0xd9, 0x9f, 0xd9, 0x84, 0x0,
    0x0, 0x0, 0xf, 0xa0, 0xe, 0xb0, 0x0, 0x0,
    0x0, 0x0, 0xf, 0xa0, 0xe, 0xb0, 0x0, 0x0,
    0x4, 0xdf, 0xff, 0xff, 0xff, 0xff, 0xfc, 0x20,
    0x3f, 0xea, 0x9f, 0xd9, 0x9f, 0xe9, 0xaf, 0xe1,
    0x9f, 0x20, 0xf, 0xa0, 0xe, 0xb0, 0x5, 0xf6,
    0xaf, 0x0, 0xf, 0xa0, 0xe, 0xc0, 0x3, 0xf7,
    0x6f, 0x93, 0x9f, 0x50, 0xa, 0xf6, 0x3b, 0xf3,
    0xb, 0xff, 0xfa, 0x0, 0x1, 0xdf, 0xff, 0x80,
    0x0, 0x47, 0x40, 0x0, 0x0, 0x5, 0x73, 0x0,

    /* U+2325 "⌥" */
    0x1c, 0xcc, 0xcc, 0xa0, 0x0, 0xc, 0xcc, 0xcc,
    0xc8, 0x1f, 0xff, 0xff, 0xf4, 0x0, 0x1f, 0xff,
    0xff, 0xfb, 0x1, 0x11, 0x14, 0xfc, 0x0, 0x1,
    0x11, 0x11, 0x11, 0x0, 0x0, 0x0, 0xbf, 0x40,
    0x0, 0x0, 0x0, 0x0, 0x0, 0x0, 0x0, 0x3f,
    0xc0, 0x0, 0x0, 0x0, 0x0, 0x0, 0x0, 0x0,
    0xb, 0xf4, 0x0, 0x0, 0x0, 0x0, 0x0, 0x0,
    0x0, 0x3, 0xfc, 0x0, 0x0, 0x0, 0x0, 0x0,
    0x0, 0x0, 0x0, 0xcf, 0x40, 0x0, 0x0, 0x0,
    0x0, 0x0, 0x0, 0x0, 0x4f, 0xc0, 0x0, 0x0,
    0x0, 0x0, 0x0, 0x0, 0x0, 0xc, 0xf4, 0x0,
    0x0, 0x0, 0x0, 0x0, 0x0, 0x0, 0x4, 0xfc,
    0x0, 0x0, 0x0, 0x0, 0x0, 0x0, 0x0, 0x0,
    0xcf, 0x40, 0x0, 0x0, 0x0, 0x0, 0x0, 0x0,
    0x0, 0x4f, 0xc0, 0x0, 0x0, 0x0, 0x0, 0x0,
    0x0, 0x0, 0xc, 0xfd, 0xdd, 0xd9, 0x0, 0x0,
    0x0, 0x0, 0x0, 0x4, 0xff, 0xff, 0xfb,

    /* U+2326 "⌦" */
    0xc, 0xcc, 0xcc, 0xcc, 0xcc, 0xcc, 0xcc, 0xa0,
    0x0, 0x0, 0x0, 0x1f, 0xff, 0xff, 0xff, 0xff,
    0xff, 0xff, 0xfb, 0x0, 0x0, 0x0, 0x1f, 0xc1,
    0x11, 0x11, 0x11, 0x11, 0x11, 0xcf, 0xb0, 0x0,
    0x0, 0x1f, 0xc0, 0x0, 0x60, 0x0, 0x0, 0x60,
    0x1c, 0xfa, 0x0, 0x0, 0x1f, 0xc0, 0x7, 0xfa,
    0x0, 0xa, 0xf7, 0x1, 0xdf, 0xa0, 0x0, 0x1f,
    0xc0, 0x0, 0xcf, 0xa0, 0xaf, 0xc0, 0x0, 0x1d,
    0xfa, 0x0, 0x1f, 0xc0, 0x0, 0xc, 0xfe, 0xfc,
    0x10, 0x0, 0x1, 0xdf, 0xa0, 0x1f, 0xc0, 0x0,
    0x1, 0xef, 0xf1, 0x0, 0x0, 0x0, 0x2f, 0xf7,
    0x1f, 0xc0, 0x0, 0x9, 0xff, 0xfa, 0x0, 0x0,
    0x0, 0xaf, 0xd1, 0x1f, 0xc0, 0x0, 0x9f, 0xd2,
    0xdf, 0x90, 0x0, 0xa, 0xfd, 0x10, 0x1f, 0xc0,
    0x7, 0xfd, 0x10, 0x1d, 0xf7, 0x0, 0xaf, 0xd1,
    0x0, 0x1f, 0xc0, 0x0, 0xa1, 0x0, 0x1, 0xa1,
    0xa, 0xfd, 0x10, 0x0, 0x1f, 0xc0, 0x0, 0x0,
    0x0, 0x0, 0x0, 0x9f, 0xd1, 0x0, 0x0, 0x1f,
    0xfd, 0xdd, 0xdd, 0xdd, 0xdd, 0xdd, 0xfd, 0x10,
    0x0, 0x0, 0x1f, 0xff, 0xff, 0xff, 0xff, 0xff,
    0xff, 0xd1, 0x0, 0x0, 0x0,

    /* U+2327 "⌧" */
    0x2c, 0xcc, 0xcc, 0xcc, 0xcc, 0xcc, 0xcc, 0xcc,
    0xcc, 0x2f, 0xff, 0xff, 0xff, 0xff, 0xff, 0xff,
    0xff, 0xff, 0x2f, 0xb1, 0x11, 0x11, 0x11, 0x11,
    0x11, 0x11, 0xdf, 0x2f, 0xa0, 0x0, 0x60, 0x0,
    0x0, 0x60, 0x0, 0xdf, 0x2f, 0xa0, 0x8, 0xf9,
    0x0, 0xb, 0xf5, 0x0, 0xdf, 0x2f, 0xa0, 0x1,
    0xdf, 0x90, 0xbf, 0xb0, 0x0, 0xdf, 0x2f, 0xa0,
    0x0, 0x1d, 0xfe, 0xfb, 0x0, 0x0, 0xdf, 0x2f,
    0xa0, 0x0, 0x2, 0xff, 0xe0, 0x0, 0x0, 0xdf,
    0x2f, 0xa0, 0x0, 0xb, 0xff, 0xf8, 0x0, 0x0,
    0xdf, 0x2f, 0xa0, 0x0, 0xbf, 0xc2, 0xdf, 0x80,
    0x0, 0xdf, 0x2f, 0xa0, 0x8, 0xfc, 0x0, 0x1d,
    0xf5, 0x0, 0xdf, 0x2f, 0xa0, 0x1, 0xa0, 0x0,
    0x1, 0x90, 0x0, 0xdf, 0x2f, 0xa0, 0x0, 0x0,
    0x0, 0x0, 0x0, 0x0, 0xdf, 0x2f, 0xfd, 0xdd,
    0xdd, 0xdd, 0xdd, 0xdd, 0xdd, 0xff, 0x2f, 0xff,
    0xff, 0xff, 0xff, 0xff, 0xff, 0xff, 0xff,

    /* U+232B "⌫" */
    0x0, 0x0, 0x0, 0x3, 0xcc, 0xcc, 0xcc, 0xcc,
    0xcc, 0xcc, 0xc8, 0x0, 0x0, 0x0, 0x2e, 0xff,
    0xff, 0xff, 0xff, 0xff, 0xff, 0xfb, 0x0, 0x0,
    0x2, 0xef, 0x71, 0x11, 0x11, 0x11, 0x11, 0x13,
    0xfb, 0x0, 0x0, 0x2e, 0xf8, 0x1, 0x50, 0x0,
    0x2, 0x40, 0x2, 0xfb, 0x0, 0x2, 0xef, 0x80,
    0xd, 0xf5, 0x0, 0x2e, 0xf2, 0x2, 0xfb, 0x0,
    0x1e, 0xf9, 0x0, 0x4, 0xff, 0x52, 0xef, 0x70,
    0x2, 0xfb, 0x1, 0xdf, 0x90, 0x0, 0x0, 0x4f,
    0xfe, 0xf8, 0x0, 0x2, 0xfb, 0xd, 0xfc, 0x0,
    0x0, 0x0, 0x6, 0xff, 0xa0, 0x0, 0x2, 0xfb,
    0x4, 0xff, 0x50, 0x0, 0x0, 0x1e, 0xff, 0xf4,
    0x0, 0x2, 0xfb, 0x0, 0x4f, 0xf5, 0x0, 0x1,
    0xdf, 0x84, 0xff, 0x40, 0x2, 0xfb, 0x0, 0x4,
    0xff, 0x50, 0xd, 0xf8, 0x0, 0x4f, 0xf2, 0x2,
    0xfb, 0x0, 0x0, 0x4f, 0xf4, 0x4, 0x80, 0x0,
    0x5, 0x70, 0x2, 0xfb, 0x0, 0x0, 0x5, 0xff,
    0x40, 0x0, 0x0, 0x0, 0x0, 0x2, 0xfb, 0x0,
    0x0, 0x0, 0x5f, 0xfd, 0xdd, 0xdd, 0xdd, 0xdd,
    0xdd, 0xfb, 0x0, 0x0, 0x0, 0x5, 0xff, 0xff,
    0xff, 0xff, 0xff, 0xff, 0xfb,

    /* U+2380 "⎀" */
    0x0, 0x0, 0x0, 0x0, 0x0, 0x0, 0x0, 0x0,
    0x0, 0x3c, 0xff, 0xc4, 0x0, 0x0, 0x0, 0x0,
    0x8b, 0x44, 0xef, 0x0, 0x0, 0x0, 0x0, 0x5,
    0x8a, 0xff, 0x10, 0x0, 0x0, 0x0, 0xdf, 0x97,
    0xdf, 0x10, 0x0, 0x0, 0x2, 0xfb, 0x13, 0xff,
    0x10, 0x0, 0x34, 0x0, 0xbf, 0xfc, 0xcf, 0x10,
    0x43, 0xaf, 0x40, 0x1, 0x10, 0x1, 0x4, 0xfa,
    0xb, 0xf4, 0x0, 0x0, 0x0, 0x4f, 0xa0, 0x0,
    0xbf, 0x40, 0x0, 0x4, 0xfa, 0x0, 0x0, 0xb,
    0xf4, 0x0, 0x4f, 0xb0, 0x0, 0x0, 0x0, 0xbf,
    0x44, 0xfb, 0x0, 0x0, 0x0, 0x0, 0xb, 0xff,
    0xb0, 0x0, 0x0, 0x0, 0x0, 0x0, 0xbb, 0x0,
    0x0, 0x0, 0x0, 0x0, 0x0, 0x0, 0x0, 0x0,
    0x0,

    /* U+2387 "⎇" */
    0x0, 0x0, 0x0, 0x0, 0x0, 0x2, 0xcc, 0xcc,
    0xc8, 0x0, 0x0, 0x0, 0x0, 0x0, 0xa, 0xff,
    0xff, 0xfb, 0x0, 0x0, 0x0, 0x0, 0x0, 0x2f,
    0xd1, 0x11, 0x11, 0x0, 0x0, 0x0, 0x0, 0x0,
    0xaf, 0x60, 0x0, 0x0, 0x0, 0x0, 0x0, 0x0,
    0x2, 0xfd, 0x0, 0x0, 0x0, 0x0, 0x0, 0x0,
    0x0, 0xa, 0xf6, 0x0, 0x0, 0x0, 0x0, 0x0,
    0x0, 0x0, 0x2f, 0xd0, 0x0, 0x0, 0x0, 0x0,
    0x0, 0x0, 0x0, 0xaf, 0x60, 0x0, 0x0, 0x0,
    0x0, 0x0, 0x0, 0x2, 0xfd, 0x0, 0x0, 0x0,
    0x0, 0x0, 0x0, 0x0, 0xa, 0xf6, 0x0, 0x0,
    0x0, 0x0, 0x0, 0x0, 0x0, 0x2f, 0xd0, 0x0,
    0x0, 0x0, 0x0, 0x0, 0x0, 0x0, 0x9f, 0x60,
    0x0, 0x0, 0x0, 0x0, 0x0, 0x0, 0x2, 0xfe,
    0x0, 0x0, 0x0, 0x0, 0x0, 0x1d, 0xdd, 0xde,
    0xf6, 0x0, 0x1d, 0xdd, 0xdd, 0xd9, 0x1f, 0xff,
    0xff, 0xe0, 0x0, 0x1f, 0xff, 0xff, 0xfb,

    /* U+238B "⎋" */
    0x8b, 0xbb, 0xa1, 0x5, 0x96, 0x10, 0x0, 0xb,
    0xff, 0xf4, 0x0, 0x7f, 0xff, 0x80, 0x0, 0xbf,
    0xfc, 0x0, 0x1, 0x48, 0xff, 0xb0, 0xb, 0xfd,
    0xfb, 0x0, 0x0, 0x1, 0xdf, 0x80, 0xb4, 0xc,
    0xfb, 0x0, 0x0, 0x1, 0xef, 0x12, 0x0, 0x1c,
    0xfb, 0x0, 0x0, 0x7, 0xf7, 0x0, 0x0, 0x1c,
    0xfb, 0x0, 0x0, 0x2f, 0xb4, 0x50, 0x0, 0x1c,
    0xa0, 0x0, 0x0, 0xfc, 0xaf, 0x30, 0x0, 0x10,
    0x0, 0x0, 0x1f, 0xb7, 0xf7, 0x0, 0x0, 0x0,
    0x0, 0x5, 0xf8, 0x2f, 0xe0, 0x0, 0x0, 0x0,
    0x0, 0xdf, 0x30, 0x9f, 0xb0, 0x0, 0x0, 0x0,
    0xaf, 0xb0, 0x0, 0xdf, 0xc4, 0x0, 0x3, 0xcf,
    0xe1, 0x0, 0x1, 0xbf, 0xff, 0xef, 0xff, 0xc1,
    0x0, 0x0, 0x0, 0x4a, 0xef, 0xeb, 0x50, 0x0,
    0x0,

    /* U+23CE "⏎" */
    0x0, 0x0, 0x0, 0x0, 0x0, 0xb, 0xcc, 0xcc,
    0xb0, 0x0, 0x0, 0x0, 0x0, 0x0, 0xff, 0xff,
    0xfe, 0x0, 0x0, 0x0, 0x0, 0x0, 0x1, 0x11,
    0x1e, 0xe0, 0x0, 0x0, 0x0, 0x0, 0x0, 0x0,
    0x0, 0xee, 0x0, 0x0, 0x14, 0x0, 0x0, 0x0,
    0x0, 0xe, 0xe0, 0x0, 0xc, 0x70, 0x0, 0x0,
    0x0, 0x0, 0xee, 0x0, 0xc, 0xf7, 0x0, 0x0,
    0x0, 0x0, 0xe, 0xe0, 0xb, 0xff, 0x71, 0x11,
    0x11, 0x11, 0x11, 0xee, 0xa, 0xff, 0xff, 0xff,
    0xff, 0xff, 0xff, 0xff, 0xe0, 0x6f, 0xff, 0xdc,
    0xcc, 0xcc, 0xcc, 0xcc, 0xcb, 0x0, 0x5f, 0xf7,
    0x0, 0x0, 0x0, 0x0, 0x0, 0x0, 0x0, 0x5f,
    0x70, 0x0, 0x0, 0x0, 0x0, 0x0, 0x0, 0x0,
    0x56, 0x0, 0x0, 0x0, 0x0, 0x0, 0x0, 0x0,
    0x0, 0x0, 0x0, 0x0, 0x0, 0x0, 0x0,

    /* U+23CF "⏏" */
    0x0, 0x0, 0x0, 0x7, 0x10, 0x0, 0x0, 0x0,
    0x0, 0x0, 0x9, 0xfc, 0x0, 0x0, 0x0, 0x0,
    0x0, 0x8, 0xff, 0xfc, 0x0, 0x0, 0x0, 0x0,
    0x8, 0xff, 0xff, 0xfc, 0x0, 0x0, 0x0, 0x8,
    0xff, 0xff, 0xff, 0xfb, 0x0, 0x0, 0x7, 0xff,
    0xff, 0xff, 0xff, 0xfb, 0x0, 0x7, 0xff, 0xff,
    0xff, 0xff, 0xff, 0xfb, 0x3, 0xbc, 0xcc, 0xcc,
    0xcc, 0xcc, 0xcc, 0xc7, 0x0, 0x0, 0x0, 0x0,
    0x0, 0x0, 0x0, 0x0, 0x0, 0x0, 0x0, 0x0,
    0x0, 0x0, 0x0, 0xaf, 0xff, 0xff, 0xff, 0xff,
    0xff, 0xff, 0xea, 0xff, 0xff, 0xff, 0xff, 0xff,
    0xff, 0xfe, 0x9d, 0xdd, 0xdd, 0xdd, 0xdd, 0xdd,
    0xdd, 0xc0,

    /* U+25A0 "■" */
    0x8, 0x88, 0x88, 0x88, 0x88, 0x88, 0x88, 0x84,
    0x1f, 0xff, 0xff, 0xff, 0xff, 0xff, 0xff, 0xf7,
    0x1f, 0xff, 0xff, 0xff, 0xff, 0xff, 0xff, 0xf7,
    0x1f, 0xff, 0xff, 0xff, 0xff, 0xff, 0xff, 0xf7,
    0x1f, 0xff, 0xff, 0xff, 0xff, 0xff, 0xff, 0xf7,
    0x1f, 0xff, 0xff, 0xff, 0xff, 0xff, 0xff, 0xf7,
    0x1f, 0xff, 0xff, 0xff, 0xff, 0xff, 0xff, 0xf7,
    0x1f, 0xff, 0xff, 0xff, 0xff, 0xff, 0xff, 0xf7,
    0x1f, 0xff, 0xff, 0xff, 0xff, 0xff, 0xff, 0xf7,
    0x1f, 0xff, 0xff, 0xff, 0xff, 0xff, 0xff, 0xf7,
    0x1f, 0xff, 0xff, 0xff, 0xff, 0xff, 0xff, 0xf7,
    0x1f, 0xff, 0xff, 0xff, 0xff, 0xff, 0xff, 0xf7,
    0x1f, 0xff, 0xff, 0xff, 0xff, 0xff, 0xff, 0xf7,
    0x1f, 0xff, 0xff, 0xff, 0xff, 0xff, 0xff, 0xf7,
    0x1f, 0xff, 0xff, 0xff, 0xff, 0xff, 0xff, 0xf7,

    /* U+25A1 "□" */
    0xc, 0xcc, 0xcc, 0xcc, 0xcc, 0xcc, 0xcc, 0xc8,
    0x1f, 0xff, 0xff, 0xff, 0xff, 0xff, 0xff, 0xfb,
    0x1f, 0xc1, 0x11, 0x11, 0x11, 0x11, 0x13, 0xfb,
    0x1f, 0xc0, 0x0, 0x0, 0x0, 0x0, 0x2, 0xfb,
    0x1f, 0xc0, 0x0, 0x0, 0x0, 0x0, 0x2, 0xfb,
    0x1f, 0xc0, 0x0, 0x0, 0x0, 0x0, 0x2, 0xfb,
    0x1f, 0xc0, 0x0, 0x0, 0x0, 0x0, 0x2, 0xfb,
    0x1f, 0xc0, 0x0, 0x0, 0x0, 0x0, 0x2, 0xfb,
    0x1f, 0xc0, 0x0, 0x0, 0x0, 0x0, 0x2, 0xfb,
    0x1f, 0xc0, 0x0, 0x0, 0x0, 0x0, 0x2, 0xfb,
    0x1f, 0xc0, 0x0, 0x0, 0x0, 0x0, 0x2, 0xfb,
    0x1f, 0xc0, 0x0, 0x0, 0x0, 0x0, 0x2, 0xfb,
    0x1f, 0xc0, 0x0, 0x0, 0x0, 0x0, 0x2, 0xfb,
    0x1f, 0xfd, 0xdd, 0xdd, 0xdd, 0xdd, 0xdd, 0xfb,
    0x1f, 0xff, 0xff, 0xff, 0xff, 0xff, 0xff, 0xfb,

    /* U+25A2 "▢" */
    0x2, 0xac, 0xcc, 0xcc, 0xcc, 0xcc, 0xcb, 0x80,
    0xd, 0xff, 0xff, 0xff, 0xff, 0xff, 0xff, 0xf7,
    0xf, 0xd1, 0x11, 0x11, 0x11, 0x11, 0x14, 0xfa,
    0x1f, 0xc0, 0x0, 0x0, 0x0, 0x0, 0x2, 0xfb,
    0x1f, 0xc0, 0x0, 0x0, 0x0, 0x0, 0x2, 0xfb,
    0x1f, 0xc0, 0x0, 0x0, 0x0, 0x0, 0x2, 0xfb,
    0x1f, 0xc0, 0x0, 0x0, 0x0, 0x0, 0x2, 0xfb,
    0x1f, 0xc0, 0x0, 0x0, 0x0, 0x0, 0x2, 0xfb,
    0x1f, 0xc0, 0x0, 0x0, 0x0, 0x0, 0x2, 0xfb,
    0x1f, 0xc0, 0x0, 0x0, 0x0, 0x0, 0x2, 0xfb,
    0x1f, 0xc0, 0x0, 0x0, 0x0, 0x0, 0x2, 0xfb,
    0x1f, 0xc0, 0x0, 0x0, 0x0, 0x0, 0x2, 0xfb,
    0x1f, 0xc0, 0x0, 0x0, 0x0, 0x0, 0x2, 0xfa,
    0xf, 0xfd, 0xdd, 0xdd, 0xdd, 0xdd, 0xde, 0xf8,
    0x5, 0xef, 0xff, 0xff, 0xff, 0xff, 0xff, 0xc1,

    /* U+25AA "▪" */
    0x6a, 0xaa, 0xaa, 0x9, 0xff, 0xff, 0xf1, 0x9f,
    0xff, 0xff, 0x19, 0xff, 0xff, 0xf1, 0x9f, 0xff,
    0xff, 0x19, 0xff, 0xff, 0xf1, 0x0, 0x0, 0x0,
    0x0,

    /* U+25B2 "▲" */
    0x0, 0x0, 0x0, 0x0, 0x1, 0x0, 0x0, 0x0,
    0x0, 0x0, 0x0, 0x0, 0x0, 0x5, 0xc0, 0x0,
    0x0, 0x0, 0x0, 0x0, 0x0, 0x0, 0x0, 0xef,
    0x60, 0x0, 0x0, 0x0, 0x0, 0x0, 0x0, 0x0,
    0x8f, 0xfe, 0x10, 0x0, 0x0, 0x0, 0x0, 0x0,
    0x0, 0x2f, 0xff, 0xf9, 0x0, 0x0, 0x0, 0x0,
    0x0, 0x0, 0xb, 0xff, 0xff, 0xf2, 0x0, 0x0,
    0x0, 0x0, 0x0, 0x5, 0xff, 0xff, 0xff, 0xc0,
    0x0, 0x0, 0x0, 0x0, 0x0, 0xef, 0xff, 0xff,
    0xff, 0x50, 0x0, 0x0, 0x0, 0x0, 0x8f, 0xff,
    0xff, 0xff, 0xfe, 0x0, 0x0, 0x0, 0x0, 0x2f,
    0xff, 0xff, 0xff, 0xff, 0xf8, 0x0, 0x0, 0x0,
    0xb, 0xff, 0xff, 0xff, 0xff, 0xff, 0xf2, 0x0,
    0x0, 0x4, 0xff, 0xff, 0xff, 0xff, 0xff, 0xff,
    0xb0, 0x0, 0x0, 0xdf, 0xff, 0xff, 0xff, 0xff,
    0xff, 0xff, 0x50, 0x0, 0x7f, 0xff, 0xff, 0xff,
    0xff, 0xff, 0xff, 0xfe, 0x0, 0x1f, 0xff, 0xff,
    0xff, 0xff, 0xff, 0xff, 0xff, 0xf8, 0xa, 0xff,
    0xff, 0xff, 0xff, 0xff, 0xff, 0xff, 0xff, 0xf2,

    /* U+25B3 "△" */
    0x0, 0x0, 0x0, 0x0, 0x1, 0x0, 0x0, 0x0,
    0x0, 0x0, 0x0, 0x0, 0x0, 0x5, 0xc0, 0x0,
    0x0, 0x0, 0x0, 0x0, 0x0, 0x0, 0x0, 0xef,
    0x60, 0x0, 0x0, 0x0, 0x0, 0x0, 0x0, 0x0,
    0x8f, 0xfe, 0x10, 0x0, 0x0, 0x0, 0x0, 0x0,
    0x0, 0x2f, 0xea, 0xf9, 0x0, 0x0, 0x0, 0x0,
    0x0, 0x0, 0xb, 0xf6, 0xe, 0xf2, 0x0, 0x0,
    0x0, 0x0, 0x0, 0x5, 0xfc, 0x0, 0x6f, 0xc0,
    0x0, 0x0, 0x0, 0x0, 0x0, 0xef, 0x30, 0x0,
    0xcf, 0x50, 0x0, 0x0, 0x0, 0x0, 0x8f, 0xa0,
    0x0, 0x3, 0xfe, 0x0, 0x0, 0x0, 0x0, 0x2f,
    0xf1, 0x0, 0x0, 0x9, 0xf8, 0x0, 0x0, 0x0,
    0xb, 0xf7, 0x0, 0x0, 0x0, 0x1e, 0xf2, 0x0,
    0x0, 0x4, 0xfd, 0x0, 0x0, 0x0, 0x0, 0x6f,
    0xb0, 0x0, 0x0, 0xdf, 0x40, 0x0, 0x0, 0x0,
    0x0, 0xcf, 0x50, 0x0, 0x7f, 0xa0, 0x0, 0x0,
    0x0, 0x0, 0x3, 0xfe, 0x0, 0x1f, 0xfe, 0xdd,
    0xdd, 0xdd, 0xdd, 0xdd, 0xdf, 0xf8, 0xa, 0xff,
    0xff, 0xff, 0xff, 0xff, 0xff, 0xff, 0xff, 0xf2,

    /* U+25B6 "▶" */
    0x1, 0x0, 0x0, 0x0, 0x0, 0x0, 0x0, 0x0,
    0x1, 0xf7, 0x0, 0x0, 0x0, 0x0, 0x0, 0x0,
    0x0, 0x1f, 0xfd, 0x40, 0x0, 0x0, 0x0, 0x0,
    0x0, 0x1, 0xff, 0xff, 0xb2, 0x0, 0x0, 0x0,
    0x0, 0x0, 0x1f, 0xff, 0xff, 0xf8, 0x0, 0x0,
    0x0, 0x0, 0x1, 0xff, 0xff, 0xff, 0xfe, 0x60,
    0x0, 0x0, 0x0, 0x1f, 0xff, 0xff, 0xff, 0xff,
    0xc3, 0x0, 0x0, 0x1, 0xff, 0xff, 0xff, 0xff,
    0xff, 0xfa, 0x10, 0x0, 0x1f, 0xff, 0xff, 0xff,
    0xff, 0xff, 0xff, 0x70, 0x1, 0xff, 0xff, 0xff,
    0xff, 0xff, 0xff, 0xff, 0xd2, 0x1f, 0xff, 0xff,
    0xff, 0xff, 0xff, 0xff, 0xe5, 0x1, 0xff, 0xff,
    0xff, 0xff, 0xff, 0xff, 0x80, 0x0, 0x1f, 0xff,
    0xff, 0xff, 0xff, 0xfa, 0x10, 0x0, 0x1, 0xff,
    0xff, 0xff, 0xff, 0xd4, 0x0, 0x0, 0x0, 0x1f,
    0xff, 0xff, 0xfe, 0x60, 0x0, 0x0, 0x0, 0x1,
    0xff, 0xff, 0xf9, 0x10, 0x0, 0x0, 0x0, 0x0,
    0x1f, 0xff, 0xb2, 0x0, 0x0, 0x0, 0x0, 0x0,
    0x1, 0xfd, 0x50, 0x0, 0x0, 0x0, 0x0, 0x0,
    0x0, 0x7, 0x0, 0x0, 0x0, 0x0, 0x0, 0x0,
    0x0, 0x0,

    /* U+25B7 "▷" */
    0x1, 0x0, 0x0, 0x0, 0x0, 0x0, 0x0, 0x0,
    0x1, 0xf7, 0x0, 0x0, 0x0, 0x0, 0x0, 0x0,
    0x0, 0x1f, 0xfd, 0x40, 0x0, 0x0, 0x0, 0x0,
    0x0, 0x1, 0xff, 0xff, 0xb2, 0x0, 0x0, 0x0,
    0x0, 0x0, 0x1f, 0xc4, 0xdf, 0xf8, 0x0, 0x0,
    0x0, 0x0, 0x1, 0xfc, 0x0, 0x6e, 0xfe, 0x60,
    0x0, 0x0, 0x0, 0x1f, 0xc0, 0x0, 0x19, 0xff,
    0xc3, 0x0, 0x0, 0x1, 0xfc, 0x0, 0x0, 0x3,
    0xcf, 0xfa, 0x10, 0x0, 0x1f, 0xc0, 0x0, 0x0,
    0x0, 0x5e, 0xff, 0x70, 0x1, 0xfc, 0x0, 0x0,
    0x0, 0x0, 0x9, 0xff, 0xd2, 0x1f, 0xc0, 0x0,
    0x0, 0x0, 0x7, 0xff, 0xe5, 0x1, 0xfc, 0x0,
    0x0, 0x0, 0x4d, 0xff, 0x80, 0x0, 0x1f, 0xc0,
    0x0, 0x2, 0xbf, 0xfa, 0x10, 0x0, 0x1, 0xfc,
    0x0, 0x8, 0xff, 0xd4, 0x0, 0x0, 0x0, 0x1f,
    0xc0, 0x6e, 0xfe, 0x60, 0x0, 0x0, 0x0, 0x1,
    0xfe, 0xcf, 0xf9, 0x10, 0x0, 0x0, 0x0, 0x0,
    0x1f, 0xff, 0xb2, 0x0, 0x0, 0x0, 0x0, 0x0,
    0x1, 0xfd, 0x50, 0x0, 0x0, 0x0, 0x0, 0x0,
    0x0, 0x7, 0x0, 0x0, 0x0, 0x0, 0x0, 0x0,
    0x0, 0x0,

    /* U+25BA "►" */
    0x1, 0x0, 0x0, 0x0, 0x0, 0x0, 0x0, 0x0,
    0x1, 0xf7, 0x0, 0x0, 0x0, 0x0, 0x0, 0x0,
    0x0, 0x1f, 0xfd, 0x40, 0x0, 0x0, 0x0, 0x0,
    0x0, 0x1, 0xff, 0xff, 0xb2, 0x0, 0x0, 0x0,
    0x0, 0x0, 0x1f, 0xff, 0xff, 0xf8, 0x0, 0x0,
    0x0, 0x0, 0x1, 0xff, 0xff, 0xff, 0xfe, 0x60,
    0x0, 0x0, 0x0, 0x1f, 0xff, 0xff, 0xff, 0xff,
    0xc3, 0x0, 0x0, 0x1, 0xff, 0xff, 0xff, 0xff,
    0xff, 0xfa, 0x10, 0x0, 0x1f, 0xff, 0xff, 0xff,
    0xff, 0xff, 0xff, 0x70, 0x1, 0xff, 0xff, 0xff,
    0xff, 0xff, 0xff, 0xff, 0xd2, 0x1f, 0xff, 0xff,
    0xff, 0xff, 0xff, 0xff, 0xe5, 0x1, 0xff, 0xff,
    0xff, 0xff, 0xff, 0xff, 0x80, 0x0, 0x1f, 0xff,
    0xff, 0xff, 0xff, 0xfa, 0x10, 0x0, 0x1, 0xff,
    0xff, 0xff, 0xff, 0xd4, 0x0, 0x0, 0x0, 0x1f,
    0xff, 0xff, 0xfe, 0x60, 0x0, 0x0, 0x0, 0x1,
    0xff, 0xff, 0xf9, 0x10, 0x0, 0x0, 0x0, 0x0,
    0x1f, 0xff, 0xb2, 0x0, 0x0, 0x0, 0x0, 0x0,
    0x1, 0xfd, 0x50, 0x0, 0x0, 0x0, 0x0, 0x0,
    0x0, 0x7, 0x0, 0x0, 0x0, 0x0, 0x0, 0x0,
    0x0, 0x0,

    /* U+25BB "▻" */
    0x1, 0x0, 0x0, 0x0, 0x0, 0x0, 0x0, 0x0,
    0x1, 0xf7, 0x0, 0x0, 0x0, 0x0, 0x0, 0x0,
    0x0, 0x1f, 0xfd, 0x40, 0x0, 0x0, 0x0, 0x0,
    0x0, 0x1, 0xff, 0xff, 0xb2, 0x0, 0x0, 0x0,
    0x0, 0x0, 0x1f, 0xc4, 0xdf, 0xf8, 0x0, 0x0,
    0x0, 0x0, 0x1, 0xfc, 0x0, 0x6e, 0xfe, 0x60,
    0x0, 0x0, 0x0, 0x1f, 0xc0, 0x0, 0x19, 0xff,
    0xc3, 0x0, 0x0, 0x1, 0xfc, 0x0, 0x0, 0x3,
    0xcf, 0xfa, 0x10, 0x0, 0x1f, 0xc0, 0x0, 0x0,
    0x0, 0x5e, 0xff, 0x70, 0x1, 0xfc, 0x0, 0x0,
    0x0, 0x0, 0x9, 0xff, 0xd2, 0x1f, 0xc0, 0x0,
    0x0, 0x0, 0x7, 0xff, 0xe5, 0x1, 0xfc, 0x0,
    0x0, 0x0, 0x4d, 0xff, 0x80, 0x0, 0x1f, 0xc0,
    0x0, 0x2, 0xbf, 0xfa, 0x10, 0x0, 0x1, 0xfc,
    0x0, 0x8, 0xff, 0xd4, 0x0, 0x0, 0x0, 0x1f,
    0xc0, 0x6e, 0xfe, 0x60, 0x0, 0x0, 0x0, 0x1,
    0xfe, 0xcf, 0xf9, 0x10, 0x0, 0x0, 0x0, 0x0,
    0x1f, 0xff, 0xb2, 0x0, 0x0, 0x0, 0x0, 0x0,
    0x1, 0xfd, 0x50, 0x0, 0x0, 0x0, 0x0, 0x0,
    0x0, 0x7, 0x0, 0x0, 0x0, 0x0, 0x0, 0x0,
    0x0, 0x0,

    /* U+25BC "▼" */
    0x78, 0x88, 0x88, 0x88, 0x88, 0x88, 0x88, 0x88,
    0x88, 0x25, 0xff, 0xff, 0xff, 0xff, 0xff, 0xff,
    0xff, 0xff, 0xc0, 0xc, 0xff, 0xff, 0xff, 0xff,
    0xff, 0xff, 0xff, 0xf3, 0x0, 0x2f, 0xff, 0xff,
    0xff, 0xff, 0xff, 0xff, 0xf9, 0x0, 0x0, 0x9f,
    0xff, 0xff, 0xff, 0xff, 0xff, 0xfe, 0x10, 0x0,
    0x0, 0xef, 0xff, 0xff, 0xff, 0xff, 0xff, 0x60,
    0x0, 0x0, 0x6, 0xff, 0xff, 0xff, 0xff, 0xff,
    0xc0, 0x0, 0x0, 0x0, 0xc, 0xff, 0xff, 0xff,
    0xff, 0xf3, 0x0, 0x0, 0x0, 0x0, 0x3f, 0xff,
    0xff, 0xff, 0xfa, 0x0, 0x0, 0x0, 0x0, 0x0,
    0x9f, 0xff, 0xff, 0xff, 0x10, 0x0, 0x0, 0x0,
    0x0, 0x1, 0xef, 0xff, 0xff, 0x70, 0x0, 0x0,
    0x0, 0x0, 0x0, 0x6, 0xff, 0xff, 0xd0, 0x0,
    0x0, 0x0, 0x0, 0x0, 0x0, 0xc, 0xff, 0xf4,
    0x0, 0x0, 0x0, 0x0, 0x0, 0x0, 0x0, 0x3f,
    0xfa, 0x0, 0x0, 0x0, 0x0, 0x0, 0x0, 0x0,
    0x0, 0xaf, 0x10, 0x0, 0x0, 0x0, 0x0, 0x0,
    0x0, 0x0, 0x1, 0x60, 0x0, 0x0, 0x0, 0x0,

    /* U+25BD "▽" */
    0x9c, 0xcc, 0xcc, 0xcc, 0xcc, 0xcc, 0xcc, 0xcc,
    0xcc, 0x23, 0xff, 0xff, 0xff, 0xff, 0xff, 0xff,
    0xff, 0xff, 0xa0, 0xa, 0xf9, 0x11, 0x11, 0x11,
    0x11, 0x11, 0x3f, 0xf1, 0x0, 0x1f, 0xf2, 0x0,
    0x0, 0x0, 0x0, 0xa, 0xf7, 0x0, 0x0, 0x7f,
    0xb0, 0x0, 0x0, 0x0, 0x4, 0xfd, 0x0, 0x0,
    0x0, 0xdf, 0x40, 0x0, 0x0, 0x0, 0xdf, 0x40,
    0x0, 0x0, 0x4, 0xfd, 0x0, 0x0, 0x0, 0x7f,
    0xb0, 0x0, 0x0, 0x0, 0xa, 0xf7, 0x0, 0x0,
    0x1f, 0xf2, 0x0, 0x0, 0x0, 0x0, 0x1f, 0xf1,
    0x0, 0xa, 0xf8, 0x0, 0x0, 0x0, 0x0, 0x0,
    0x7f, 0xa0, 0x3, 0xfd, 0x0, 0x0, 0x0, 0x0,
    0x0, 0x0, 0xdf, 0x40, 0xdf, 0x50, 0x0, 0x0,
    0x0, 0x0, 0x0, 0x4, 0xfd, 0x7f, 0xb0, 0x0,
    0x0, 0x0, 0x0, 0x0, 0x0, 0xb, 0xff, 0xf2,
    0x0, 0x0, 0x0, 0x0, 0x0, 0x0, 0x0, 0x2f,
    0xf8, 0x0, 0x0, 0x0, 0x0, 0x0, 0x0, 0x0,
    0x0, 0x7e, 0x0, 0x0, 0x0, 0x0, 0x0, 0x0,
    0x0, 0x0, 0x0, 0x40, 0x0, 0x0, 0x0, 0x0,

    /* U+25C0 "◀" */
    0x0, 0x0, 0x0, 0x0, 0x0, 0x0, 0x0, 0x1,
    0x0, 0x0, 0x0, 0x0, 0x0, 0x0, 0x2, 0xba,
    0x0, 0x0, 0x0, 0x0, 0x0, 0x0, 0x8f, 0xfa,
    0x0, 0x0, 0x0, 0x0, 0x0, 0x6e, 0xff, 0xfa,
    0x0, 0x0, 0x0, 0x0, 0x3c, 0xff, 0xff, 0xfa,
    0x0, 0x0, 0x0, 0x1a, 0xff, 0xff, 0xff, 0xfa,
    0x0, 0x0, 0x7, 0xff, 0xff, 0xff, 0xff, 0xfa,
    0x0, 0x4, 0xdf, 0xff, 0xff, 0xff, 0xff, 0xfa,
    0x2, 0xbf, 0xff, 0xff, 0xff, 0xff, 0xff, 0xfa,
    0x7f, 0xff, 0xff, 0xff, 0xff, 0xff, 0xff, 0xfa,
    0x19, 0xff, 0xff, 0xff, 0xff, 0xff, 0xff, 0xfa,
    0x0, 0x3c, 0xff, 0xff, 0xff, 0xff, 0xff, 0xfa,
    0x0, 0x0, 0x5e, 0xff, 0xff, 0xff, 0xff, 0xfa,
    0x0, 0x0, 0x0, 0x8f, 0xff, 0xff, 0xff, 0xfa,
    0x0, 0x0, 0x0, 0x2, 0xaf, 0xff, 0xff, 0xfa,
    0x0, 0x0, 0x0, 0x0, 0x4, 0xdf, 0xff, 0xfa,
    0x0, 0x0, 0x0, 0x0, 0x0, 0x6, 0xef, 0xfa,
    0x0, 0x0, 0x0, 0x0, 0x0, 0x0, 0x19, 0xfa,
    0x0, 0x0, 0x0, 0x0, 0x0, 0x0, 0x0, 0x26,

    /* U+25C1 "◁" */
    0x0, 0x0, 0x0, 0x0, 0x0, 0x0, 0x0, 0x1,
    0x0, 0x0, 0x0, 0x0, 0x0, 0x0, 0x1, 0xab,
    0x0, 0x0, 0x0, 0x0, 0x0, 0x0, 0x7f, 0xfc,
    0x0, 0x0, 0x0, 0x0, 0x0, 0x5d, 0xff, 0xfc,
    0x0, 0x0, 0x0, 0x0, 0x2b, 0xff, 0xa3, 0xfc,
    0x0, 0x0, 0x0, 0x19, 0xff, 0xd3, 0x1, 0xfc,
    0x0, 0x0, 0x6, 0xef, 0xe6, 0x0, 0x1, 0xfc,
    0x0, 0x3, 0xcf, 0xf9, 0x10, 0x0, 0x1, 0xfc,
    0x1, 0xaf, 0xfb, 0x20, 0x0, 0x0, 0x1, 0xfc,
    0x6f, 0xff, 0x50, 0x0, 0x0, 0x0, 0x1, 0xfc,
    0x8, 0xff, 0xd4, 0x0, 0x0, 0x0, 0x1, 0xfc,
    0x0, 0x2b, 0xff, 0xb2, 0x0, 0x0, 0x1, 0xfc,
    0x0, 0x0, 0x4d, 0xff, 0x80, 0x0, 0x1, 0xfc,
    0x0, 0x0, 0x0, 0x7e, 0xfe, 0x50, 0x1, 0xfc,
    0x0, 0x0, 0x0, 0x1, 0x9f, 0xfc, 0x31, 0xfc,
    0x0, 0x0, 0x0, 0x0, 0x3, 0xcf, 0xfa, 0xfc,
    0x0, 0x0, 0x0, 0x0, 0x0, 0x5, 0xef, 0xfc,
    0x0, 0x0, 0x0, 0x0, 0x0, 0x0, 0x8, 0xfc,
    0x0, 0x0, 0x0, 0x0, 0x0, 0x0, 0x0, 0x17,

    /* U+25C4 "◄" */
    0x0, 0x0, 0x0, 0x0, 0x0, 0x0, 0x0, 0x1,
    0x0, 0x0, 0x0, 0x0, 0x0, 0x0, 0x2, 0xba,
    0x0, 0x0, 0x0, 0x0, 0x0, 0x0, 0x8f, 0xfa,
    0x0, 0x0, 0x0, 0x0, 0x0, 0x6e, 0xff, 0xfa,
    0x0, 0x0, 0x0, 0x0, 0x3c, 0xff, 0xff, 0xfa,
    0x0, 0x0, 0x0, 0x1a, 0xff, 0xff, 0xff, 0xfa,
    0x0, 0x0, 0x7, 0xff, 0xff, 0xff, 0xff, 0xfa,
    0x0, 0x4, 0xdf, 0xff, 0xff, 0xff, 0xff, 0xfa,
    0x2, 0xbf, 0xff, 0xff, 0xff, 0xff, 0xff, 0xfa,
    0x7f, 0xff, 0xff, 0xff, 0xff, 0xff, 0xff, 0xfa,
    0x19, 0xff, 0xff, 0xff, 0xff, 0xff, 0xff, 0xfa,
    0x0, 0x3c, 0xff, 0xff, 0xff, 0xff, 0xff, 0xfa,
    0x0, 0x0, 0x5e, 0xff, 0xff, 0xff, 0xff, 0xfa,
    0x0, 0x0, 0x0, 0x8f, 0xff, 0xff, 0xff, 0xfa,
    0x0, 0x0, 0x0, 0x2, 0xaf, 0xff, 0xff, 0xfa,
    0x0, 0x0, 0x0, 0x0, 0x4, 0xdf, 0xff, 0xfa,
    0x0, 0x0, 0x0, 0x0, 0x0, 0x6, 0xef, 0xfa,
    0x0, 0x0, 0x0, 0x0, 0x0, 0x0, 0x19, 0xfa,
    0x0, 0x0, 0x0, 0x0, 0x0, 0x0, 0x0, 0x26,

    /* U+25C5 "◅" */
    0x0, 0x0, 0x0, 0x0, 0x0, 0x0, 0x0, 0x1,
    0x0, 0x0, 0x0, 0x0, 0x0, 0x0, 0x1, 0xab,
    0x0, 0x0, 0x0, 0x0, 0x0, 0x0, 0x7f, 0xfc,
    0x0, 0x0, 0x0, 0x0, 0x0, 0x5d, 0xff, 0xfc,
    0x0, 0x0, 0x0, 0x0, 0x2b, 0xff, 0xa3, 0xfc,
    0x0, 0x0, 0x0, 0x19, 0xff, 0xd3, 0x1, 0xfc,
    0x0, 0x0, 0x6, 0xef, 0xe6, 0x0, 0x1, 0xfc,
    0x0, 0x3, 0xcf, 0xf9, 0x10, 0x0, 0x1, 0xfc,
    0x1, 0xaf, 0xfb, 0x20, 0x0, 0x0, 0x1, 0xfc,
    0x6f, 0xff, 0x50, 0x0, 0x0, 0x0, 0x1, 0xfc,
    0x8, 0xff, 0xd4, 0x0, 0x0, 0x0, 0x1, 0xfc,
    0x0, 0x2b, 0xff, 0xb2, 0x0, 0x0, 0x1, 0xfc,
    0x0, 0x0, 0x4d, 0xff, 0x80, 0x0, 0x1, 0xfc,
    0x0, 0x0, 0x0, 0x7e, 0xfe, 0x50, 0x1, 0xfc,
    0x0, 0x0, 0x0, 0x1, 0x9f, 0xfc, 0x31, 0xfc,
    0x0, 0x0, 0x0, 0x0, 0x3, 0xcf, 0xfa, 0xfc,
    0x0, 0x0, 0x0, 0x0, 0x0, 0x5, 0xef, 0xfc,
    0x0, 0x0, 0x0, 0x0, 0x0, 0x0, 0x8, 0xfc,
    0x0, 0x0, 0x0, 0x0, 0x0, 0x0, 0x0, 0x17,

    /* U+25C6 "◆" */
    0x0, 0x0, 0x0, 0x0, 0x0, 0x81, 0x0, 0x0,
    0x0, 0x0, 0x0, 0x0, 0x0, 0x0, 0x0, 0xbf,
    0xd1, 0x0, 0x0, 0x0, 0x0, 0x0, 0x0, 0x0,
    0x0, 0xbf, 0xff, 0xd1, 0x0, 0x0, 0x0, 0x0,
    0x0, 0x0, 0x0, 0xbf, 0xff, 0xff, 0xd1, 0x0,
    0x0, 0x0, 0x0, 0x0, 0x0, 0xbf, 0xff, 0xff,
    0xff, 0xc1, 0x0, 0x0, 0x0, 0x0, 0x0, 0xbf,
    0xff, 0xff, 0xff, 0xff, 0xc1, 0x0, 0x0, 0x0,
    0x0, 0xbf, 0xff, 0xff, 0xff, 0xff, 0xff, 0xc1,
    0x0, 0x0, 0x0, 0xbf, 0xff, 0xff, 0xff, 0xff,
    0xff, 0xff, 0xc1, 0x0, 0x0, 0xbf, 0xff, 0xff,
    0xff, 0xff, 0xff, 0xff, 0xff, 0xc1, 0x0, 0xbf,
    0xff, 0xff, 0xff, 0xff, 0xff, 0xff, 0xff, 0xff,
    0xc0, 0x4, 0xff, 0xff, 0xff, 0xff, 0xff, 0xff,
    0xff, 0xff, 0xf5, 0x0, 0x4, 0xff, 0xff, 0xff,
    0xff, 0xff, 0xff, 0xff, 0xf5, 0x0, 0x0, 0x4,
    0xff, 0xff, 0xff, 0xff, 0xff, 0xff, 0xf5, 0x0,
    0x0, 0x0, 0x4, 0xff, 0xff, 0xff, 0xff, 0xff,
    0xf5, 0x0, 0x0, 0x0, 0x0, 0x4, 0xff, 0xff,
    0xff, 0xff, 0xf5, 0x0, 0x0, 0x0, 0x0, 0x0,
    0x3, 0xff, 0xff, 0xff, 0xf5, 0x0, 0x0, 0x0,
    0x0, 0x0, 0x0, 0x3, 0xff, 0xff, 0xf5, 0x0,
    0x0, 0x0, 0x0, 0x0, 0x0, 0x0, 0x3, 0xff,
    0xf5, 0x0, 0x0, 0x0, 0x0, 0x0, 0x0, 0x0,
    0x0, 0x3, 0xf5, 0x0, 0x0, 0x0, 0x0, 0x0,
    0x0, 0x0, 0x0, 0x0, 0x1, 0x0, 0x0, 0x0,
    0x0, 0x0,

    /* U+25C7 "◇" */
    0x0, 0x0, 0x0, 0x0, 0x0, 0x81, 0x0, 0x0,
    0x0, 0x0, 0x0, 0x0, 0x0, 0x0, 0x0, 0xbf,
    0xd1, 0x0, 0x0, 0x0, 0x0, 0x0, 0x0, 0x0,
    0x0, 0xbf, 0xff, 0xd1, 0x0, 0x0, 0x0, 0x0,
    0x0, 0x0, 0x0, 0xbf, 0xc1, 0xaf, 0xd1, 0x0,
    0x0, 0x0, 0x0, 0x0, 0x0, 0xbf, 0xc1, 0x0,
    0xaf, 0xc1, 0x0, 0x0, 0x0, 0x0, 0x0, 0xbf,
    0xc1, 0x0, 0x0, 0xaf, 0xc1, 0x0, 0x0, 0x0,
    0x0, 0xbf, 0xc1, 0x0, 0x0, 0x0, 0xbf, 0xc1,
    0x0, 0x0, 0x0, 0xbf, 0xc1, 0x0, 0x0, 0x0,
    0x0, 0xbf, 0xc1, 0x0, 0x0, 0xbf, 0xc0, 0x0,
    0x0, 0x0, 0x0, 0x0, 0xbf, 0xc1, 0x0, 0xbf,
    0xd0, 0x0, 0x0, 0x0, 0x0, 0x0, 0x0, 0xcf,
    0xc0, 0x4, 0xff, 0x60, 0x0, 0x0, 0x0, 0x0,
    0x0, 0x4f, 0xf5, 0x0, 0x4, 0xff, 0x60, 0x0,
    0x0, 0x0, 0x0, 0x4f, 0xf5, 0x0, 0x0, 0x4,
    0xff, 0x60, 0x0, 0x0, 0x0, 0x4f, 0xf5, 0x0,
    0x0, 0x0, 0x4, 0xff, 0x60, 0x0, 0x0, 0x4f,
    0xf5, 0x0, 0x0, 0x0, 0x0, 0x4, 0xff, 0x60,
    0x0, 0x4f, 0xf5, 0x0, 0x0, 0x0, 0x0, 0x0,
    0x3, 0xff, 0x60, 0x4f, 0xf5, 0x0, 0x0, 0x0,
    0x0, 0x0, 0x0, 0x3, 0xff, 0x9f, 0xf5, 0x0,
    0x0, 0x0, 0x0, 0x0, 0x0, 0x0, 0x3, 0xff,
    0xf5, 0x0, 0x0, 0x0, 0x0, 0x0, 0x0, 0x0,
    0x0, 0x3, 0xf5, 0x0, 0x0, 0x0, 0x0, 0x0,
    0x0, 0x0, 0x0, 0x0, 0x1, 0x0, 0x0, 0x0,
    0x0, 0x0,

    /* U+25CA "◊" */
    0x0, 0x0, 0x38, 0x60, 0x0, 0x0, 0x0, 0xd,
    0xff, 0x20, 0x0, 0x0, 0x6, 0xff, 0xfb, 0x0,
    0x0, 0x0, 0xef, 0x7f, 0xf4, 0x0, 0x0, 0x7f,
    0xd0, 0x8f, 0xc0, 0x0, 0x1f, 0xf5, 0x1, 0xff,
    0x50, 0x8, 0xfd, 0x0, 0x8, 0xfd, 0x1, 0xff,
    0x60, 0x0, 0x1f, 0xf6, 0xc, 0xfa, 0x0, 0x4,
    0xff, 0x20, 0x4f, 0xf2, 0x0, 0xcf, 0x90, 0x0,
    0xbf, 0xa0, 0x4f, 0xf1, 0x0, 0x2, 0xff, 0x2c,
    0xf8, 0x0, 0x0, 0xa, 0xfd, 0xfe, 0x0, 0x0,
    0x0, 0x1f, 0xff, 0x60, 0x0, 0x0, 0x0, 0x8f,
    0xd0, 0x0, 0x0,

    /* U+25CB "○" */
    0x0, 0x0, 0x3, 0x8b, 0xca, 0x61, 0x0, 0x0,
    0x0, 0x1, 0xbf, 0xff, 0xff, 0xfe, 0x60, 0x0,
    0x0, 0x2e, 0xfd, 0x73, 0x24, 0x9f, 0xf9, 0x0,
    0x0, 0xdf, 0x90, 0x0, 0x0, 0x3, 0xef, 0x60,
    0x7, 0xfb, 0x0, 0x0, 0x0, 0x0, 0x3f, 0xf1,
    0xd, 0xf2, 0x0, 0x0, 0x0, 0x0, 0x9, 0xf6,
    0x1f, 0xd0, 0x0, 0x0, 0x0, 0x0, 0x4, 0xfa,
    0x3f, 0xb0, 0x0, 0x0, 0x0, 0x0, 0x2, 0xfb,
    0x2f, 0xc0, 0x0, 0x0, 0x0, 0x0, 0x3, 0xfa,
    0xf, 0xf0, 0x0, 0x0, 0x0, 0x0, 0x7, 0xf8,
    0xa, 0xf7, 0x0, 0x0, 0x0, 0x0, 0xe, 0xf3,
    0x2, 0xff, 0x40, 0x0, 0x0, 0x0, 0xbf, 0xa0,
    0x0, 0x6f, 0xf8, 0x10, 0x0, 0x3c, 0xfd, 0x10,
    0x0, 0x6, 0xff, 0xfd, 0xce, 0xff, 0xc1, 0x0,
    0x0, 0x0, 0x29, 0xef, 0xff, 0xc6, 0x0, 0x0,
    0x0, 0x0, 0x0, 0x1, 0x10, 0x0, 0x0, 0x0,

    /* U+25CF "●" */
    0x0, 0x0, 0x4, 0x9c, 0xdb, 0x71, 0x0, 0x0,
    0x0, 0x2, 0xcf, 0xff, 0xff, 0xff, 0x80, 0x0,
    0x0, 0x3f, 0xff, 0xff, 0xff, 0xff, 0xfa, 0x0,
    0x0, 0xef, 0xff, 0xff, 0xff, 0xff, 0xff, 0x70,
    0x8, 0xff, 0xff, 0xff, 0xff, 0xff, 0xff, 0xf1,
    0xe, 0xff, 0xff, 0xff, 0xff, 0xff, 0xff, 0xf6,
    0x1f, 0xff, 0xff, 0xff, 0xff, 0xff, 0xff, 0xfa,
    0x3f, 0xff, 0xff, 0xff, 0xff, 0xff, 0xff, 0xfb,
    0x2f, 0xff, 0xff, 0xff, 0xff, 0xff, 0xff, 0xfa,
    0xf, 0xff, 0xff, 0xff, 0xff, 0xff, 0xff, 0xf8,
    0xa, 0xff, 0xff, 0xff, 0xff, 0xff, 0xff, 0xf2,
    0x2, 0xff, 0xff, 0xff, 0xff, 0xff, 0xff, 0xa0,
    0x0, 0x6f, 0xff, 0xff, 0xff, 0xff, 0xfd, 0x10,
    0x0, 0x6, 0xff, 0xff, 0xff, 0xff, 0xc1, 0x0,
    0x0, 0x0, 0x29, 0xef, 0xff, 0xc6, 0x0, 0x0,
    0x0, 0x0, 0x0, 0x1, 0x10, 0x0, 0x0, 0x0,

    /* U+25E6 "◦" */
    0x4, 0xce, 0xa1, 0x4, 0xfb, 0x8d, 0xd0, 0xac,
    0x0, 0x2f, 0x5c, 0xa0, 0x0, 0xf6, 0x7f, 0x51,
    0x9f, 0x20, 0xbf, 0xff, 0x60, 0x0, 0x24, 0x10,
    0x0,

    /* U+25EF "◯" */
    0x0, 0x0, 0x0, 0x0, 0x3, 0x7b, 0xde, 0xed,
    0xa6, 0x20, 0x0, 0x0, 0x0, 0x0, 0x0, 0x0,
    0x0, 0x5, 0xcf, 0xff, 0xfe, 0xef, 0xff, 0xfb,
    0x30, 0x0, 0x0, 0x0, 0x0, 0x0, 0x2, 0xbf,
    0xfb, 0x51, 0x0, 0x0, 0x26, 0xcf, 0xf9, 0x0,
    0x0, 0x0, 0x0, 0x0, 0x3e, 0xfb, 0x20, 0x0,
    0x0, 0x0, 0x0, 0x4, 0xdf, 0xd1, 0x0, 0x0,
    0x0, 0x3, 0xff, 0x70, 0x0, 0x0, 0x0, 0x0,
    0x0, 0x0, 0x9, 0xfd, 0x10, 0x0, 0x0, 0x1e,
    0xf5, 0x0, 0x0, 0x0, 0x0, 0x0, 0x0, 0x0,
    0x0, 0x8f, 0xc0, 0x0, 0x0, 0xbf, 0x70, 0x0,
    0x0, 0x0, 0x0, 0x0, 0x0, 0x0, 0x0, 0xa,
    0xf7, 0x0, 0x4, 0xfc, 0x0, 0x0, 0x0, 0x0,
    0x0, 0x0, 0x0, 0x0, 0x0, 0x1, 0xef, 0x10,
    0xb, 0xf3, 0x0, 0x0, 0x0, 0x0, 0x0, 0x0,
    0x0, 0x0, 0x0, 0x0, 0x6f, 0x80, 0x1f, 0xc0,
    0x0, 0x0, 0x0, 0x0, 0x0, 0x0, 0x0, 0x0,
    0x0, 0x0, 0xf, 0xe0, 0x5f, 0x70, 0x0, 0x0,
    0x0, 0x0, 0x0, 0x0, 0x0, 0x0, 0x0, 0x0,
    0xa, 0xf2, 0x9f, 0x30, 0x0, 0x0, 0x0, 0x0,
    0x0, 0x0, 0x0, 0x0, 0x0, 0x0, 0x6, 0xf6,
    0xaf, 0x10, 0x0, 0x0, 0x0, 0x0, 0x0, 0x0,
    0x0, 0x0, 0x0, 0x0, 0x4, 0xf7, 0xbf, 0x0,
    0x0, 0x0, 0x0, 0x0, 0x0, 0x0, 0x0, 0x0,
    0x0, 0x0, 0x3, 0xf8, 0xbf, 0x10, 0x0, 0x0,
    0x0, 0x0, 0x0, 0x0, 0x0, 0x0, 0x0, 0x0,
    0x4, 0xf7, 0x9f, 0x20, 0x0, 0x0, 0x0, 0x0,
    0x0, 0x0, 0x0, 0x0, 0x0, 0x0, 0x6, 0xf6,
    0x6f, 0x60, 0x0, 0x0, 0x0, 0x0, 0x0, 0x0,
    0x0, 0x0, 0x0, 0x0, 0x9, 0xf3, 0x2f, 0xa0,
    0x0, 0x0, 0x0, 0x0, 0x0, 0x0, 0x0, 0x0,
    0x0, 0x0, 0xe, 0xf0, 0xd, 0xf1, 0x0, 0x0,
    0x0, 0x0, 0x0, 0x0, 0x0, 0x0, 0x0, 0x0,
    0x5f, 0x90, 0x6, 0xfa, 0x0, 0x0, 0x0, 0x0,
    0x0, 0x0, 0x0, 0x0, 0x0, 0x0, 0xdf, 0x30,
    0x0, 0xdf, 0x40, 0x0, 0x0, 0x0, 0x0, 0x0,
    0x0, 0x0, 0x0, 0x7, 0xfa, 0x0, 0x0, 0x3f,
    0xf2, 0x0, 0x0, 0x0, 0x0, 0x0, 0x0, 0x0,
    0x0, 0x5f, 0xe1, 0x0, 0x0, 0x6, 0xfe, 0x30,
    0x0, 0x0, 0x0, 0x0, 0x0, 0x0, 0x5, 0xff,
    0x30, 0x0, 0x0, 0x0, 0x6f, 0xf7, 0x0, 0x0,
    0x0, 0x0, 0x0, 0x1, 0x9f, 0xf4, 0x0, 0x0,
    0x0, 0x0, 0x4, 0xef, 0xe7, 0x10, 0x0, 0x0,
    0x2, 0x8e, 0xfd, 0x20, 0x0, 0x0, 0x0, 0x0,
    0x0, 0x19, 0xff, 0xfe, 0xba, 0xab, 0xef, 0xfe,
    0x70, 0x0, 0x0, 0x0, 0x0, 0x0, 0x0, 0x0,
    0x17, 0xbf, 0xff, 0xff, 0xea, 0x60, 0x0, 0x0,
    0x0, 0x0, 0x0, 0x0, 0x0, 0x0, 0x0, 0x0,
    0x12, 0x20, 0x0, 0x0, 0x0, 0x0, 0x0, 0x0,

    /* U+2600 "☀" */
    0x0, 0x0, 0x0, 0x0, 0x3, 0x10, 0x0, 0x0,
    0x0, 0x0, 0x0, 0x0, 0x0, 0x0, 0xf6, 0x0,
    0x0, 0x0, 0x0, 0x0, 0x0, 0x0, 0x0, 0xf,
    0x60, 0x0, 0x0, 0x0, 0x0, 0x0, 0xb7, 0x0,
    0x0, 0xf6, 0x0, 0x4, 0xc1, 0x0, 0x0, 0x9,
    0xf7, 0x0, 0xf, 0x60, 0x4, 0xfb, 0x0, 0x0,
    0x0, 0x9, 0xf7, 0x0, 0x10, 0x3, 0xfc, 0x0,
    0x0, 0x0, 0x0, 0x9, 0x60, 0x37, 0x50, 0x2b,
    0x10, 0x0, 0x0, 0x0, 0x0, 0x0, 0x9f, 0xff,
    0xd1, 0x0, 0x0, 0x0, 0x0, 0x0, 0x0, 0x3f,
    0xff, 0xff, 0x90, 0x0, 0x0, 0x4, 0xff, 0xff,
    0x7, 0xff, 0xff, 0xfd, 0xe, 0xff, 0xf6, 0x17,
    0x77, 0x70, 0x6f, 0xff, 0xff, 0xc0, 0x67, 0x77,
    0x20, 0x0, 0x0, 0x1, 0xef, 0xff, 0xf4, 0x0,
    0x0, 0x0, 0x0, 0x0, 0x2, 0x12, 0xae, 0xc5,
    0x3, 0x0, 0x0, 0x0, 0x0, 0x2, 0xeb, 0x0,
    0x0, 0x5, 0xf4, 0x0, 0x0, 0x0, 0x1, 0xde,
    0x20, 0x6, 0x20, 0xb, 0xf3, 0x0, 0x0, 0x0,
    0xde, 0x20, 0x0, 0xf6, 0x0, 0xc, 0xe1, 0x0,
    0x0, 0x6, 0x30, 0x0, 0xf, 0x60, 0x0, 0x18,
    0x0, 0x0, 0x0, 0x0, 0x0, 0x0, 0xf6, 0x0,
    0x0, 0x0, 0x0, 0x0, 0x0, 0x0, 0x0, 0xe,
    0x50, 0x0, 0x0, 0x0, 0x0,

    /* U+2605 "★" */
    0x0, 0x0, 0x0, 0x0, 0x0, 0x0, 0x0, 0x0,
    0x0, 0x0, 0x0, 0x0, 0x0, 0x0, 0x90, 0x0,
    0x0, 0x0, 0x0, 0x0, 0x0, 0x0, 0x0, 0x2f,
    0x10, 0x0, 0x0, 0x0, 0x0, 0x0, 0x0, 0x0,
    0x7, 0xf6, 0x0, 0x0, 0x0, 0x0, 0x0, 0x0,
    0x0, 0x0, 0xcf, 0xb0, 0x0, 0x0, 0x0, 0x0,
    0x0, 0x0, 0x0, 0x1f, 0xff, 0x0, 0x0, 0x0,
    0x0, 0x1, 0x11, 0x11, 0x17, 0xff, 0xf6, 0x11,
    0x11, 0x10, 0x0, 0x6f, 0xff, 0xff, 0xff, 0xff,
    0xff, 0xff, 0xff, 0x50, 0x0, 0x2d, 0xff, 0xff,
    0xff, 0xff, 0xff, 0xfc, 0x20, 0x0, 0x0, 0x9,
    0xff, 0xff, 0xff, 0xff, 0xf8, 0x0, 0x0, 0x0,
    0x0, 0x5, 0xff, 0xff, 0xff, 0xe4, 0x0, 0x0,
    0x0, 0x0, 0x0, 0xf, 0xff, 0xff, 0xfe, 0x0,
    0x0, 0x0, 0x0, 0x0, 0x5, 0xff, 0xff, 0xff,
    0xf4, 0x0, 0x0, 0x0, 0x0, 0x0, 0xbf, 0xfe,
    0x7e, 0xff, 0x90, 0x0, 0x0, 0x0, 0x0, 0xf,
    0xfa, 0x10, 0x1b, 0xfe, 0x0, 0x0, 0x0, 0x0,
    0x5, 0xf6, 0x0, 0x0, 0x7, 0xf4, 0x0, 0x0,
    0x0, 0x0, 0x82, 0x0, 0x0, 0x0, 0x3, 0x70,
    0x0, 0x0, 0x0, 0x0, 0x0, 0x0, 0x0, 0x0,
    0x0, 0x0, 0x0,

    /* U+2606 "☆" */
    0x0, 0x0, 0x0, 0x0, 0x0, 0x0, 0x0, 0x0,
    0x0, 0x0, 0x0, 0x0, 0x0, 0x0, 0x80, 0x0,
    0x0, 0x0, 0x0, 0x0, 0x0, 0x0, 0x0, 0x2f,
    0x10, 0x0, 0x0, 0x0, 0x0, 0x0, 0x0, 0x0,
    0x7, 0xf6, 0x0, 0x0, 0x0, 0x0, 0x0, 0x0,
    0x0, 0x0, 0xcf, 0xb0, 0x0, 0x0, 0x0, 0x0,
    0x0, 0x0, 0x0, 0x1f, 0xef, 0x0, 0x0, 0x0,
    0x0, 0x0, 0x0, 0x0, 0x7, 0xf6, 0xf5, 0x0,
    0x0, 0x0, 0x0, 0x7f, 0xff, 0xff, 0xfd, 0xe,
    0xff, 0xff, 0xff, 0x60, 0x0, 0x3d, 0xfe, 0x87,
    0x40, 0x57, 0x8e, 0xfc, 0x20, 0x0, 0x0, 0x9,
    0xfc, 0x20, 0x0, 0x2d, 0xf8, 0x0, 0x0, 0x0,
    0x0, 0x5, 0xfd, 0x0, 0xe, 0xe4, 0x0, 0x0,
    0x0, 0x0, 0x0, 0xf, 0x90, 0x60, 0xae, 0x0,
    0x0, 0x0, 0x0, 0x0, 0x5, 0xf7, 0xdf, 0xc7,
    0xf4, 0x0, 0x0, 0x0, 0x0, 0x0, 0xbf, 0xfe,
    0x7e, 0xff, 0x90, 0x0, 0x0, 0x0, 0x0, 0xf,
    0xfb, 0x10, 0x1b, 0xfe, 0x0, 0x0, 0x0, 0x0,
    0x5, 0xf6, 0x0, 0x0, 0x7, 0xf4, 0x0, 0x0,
    0x0, 0x0, 0x82, 0x0, 0x0, 0x0, 0x3, 0x70,
    0x0, 0x0, 0x0, 0x0, 0x0, 0x0, 0x0, 0x0,
    0x0, 0x0, 0x0,

    /* U+263C "☼" */
    0x0, 0x0, 0x0, 0x0, 0x3, 0x10, 0x0, 0x0,
    0x0, 0x0, 0x0, 0x0, 0x0, 0x0, 0xf6, 0x0,
    0x0, 0x0, 0x0, 0x0, 0x0, 0x0, 0x0, 0xf,
    0x60, 0x0, 0x0, 0x0, 0x0, 0x0, 0xb7, 0x0,
    0x0, 0xf6, 0x0, 0x4, 0xc1, 0x0, 0x0, 0x9,
    0xf7, 0x0, 0xf, 0x60, 0x4, 0xfb, 0x0, 0x0,
    0x0, 0x9, 0xf7, 0x0, 0x10, 0x3, 0xfc, 0x0,
    0x0, 0x0, 0x0, 0x9, 0x60, 0x37, 0x50, 0x2b,
    0x10, 0x0, 0x0, 0x0, 0x0, 0x0, 0x9f, 0xff,
    0xd1, 0x0, 0x0, 0x0, 0x0, 0x0, 0x0, 0x3f,
    0x91, 0x5f, 0x90, 0x0, 0x0, 0x4, 0xff, 0xff,
    0x7, 0xf0, 0x0, 0xad, 0xe, 0xff, 0xf6, 0x17,
    0x77, 0x70, 0x6f, 0x30, 0xd, 0xc0, 0x67, 0x77,
    0x20, 0x0, 0x0, 0x1, 0xef, 0xad, 0xf4, 0x0,
    0x0, 0x0, 0x0, 0x0, 0x2, 0x12, 0xae, 0xc5,
    0x3, 0x0, 0x0, 0x0, 0x0, 0x2, 0xeb, 0x0,
    0x0, 0x5, 0xf4, 0x0, 0x0, 0x0, 0x1, 0xde,
    0x20, 0x6, 0x20, 0xb, 0xf3, 0x0, 0x0, 0x0,
    0xde, 0x20, 0x0, 0xf6, 0x0, 0xc, 0xe1, 0x0,
    0x0, 0x6, 0x30, 0x0, 0xf, 0x60, 0x0, 0x18,
    0x0, 0x0, 0x0, 0x0, 0x0, 0x0, 0xf6, 0x0,
    0x0, 0x0, 0x0, 0x0, 0x0, 0x0, 0x0, 0xe,
    0x50, 0x0, 0x0, 0x0, 0x0,

    /* U+2661 "♡" */
    0x0, 0x6, 0xaa, 0x71, 0x0, 0x4, 0x9a, 0x82,
    0x0, 0x1, 0xdf, 0xff, 0xfe, 0x30, 0xaf, 0xff,
    0xff, 0x60, 0xb, 0xfb, 0x33, 0x9f, 0xfc, 0xfd,
    0x42, 0x6f, 0xf3, 0x2f, 0xc0, 0x0, 0x6, 0xff,
    0xc1, 0x0, 0x5, 0xf9, 0x5f, 0x80, 0x0, 0x0,
    0x6c, 0x0, 0x0, 0x0, 0xfc, 0x4f, 0x90, 0x0,
    0x0, 0x0, 0x0, 0x0, 0x2, 0xfb, 0xf, 0xf3,
    0x0, 0x0, 0x0, 0x0, 0x0, 0xa, 0xf6, 0x6,
    0xfe, 0x20, 0x0, 0x0, 0x0, 0x0, 0xaf, 0xc0,
    0x0, 0x7f, 0xe2, 0x0, 0x0, 0x0, 0xa, 0xfd,
    0x10, 0x0, 0x7, 0xfe, 0x20, 0x0, 0x0, 0x9f,
    0xd1, 0x0, 0x0, 0x0, 0x7f, 0xe2, 0x0, 0x9,
    0xfd, 0x10, 0x0, 0x0, 0x0, 0x7, 0xfe, 0x20,
    0x9f, 0xd1, 0x0, 0x0, 0x0, 0x0, 0x0, 0x7f,
    0xea, 0xfd, 0x10, 0x0, 0x0, 0x0, 0x0, 0x0,
    0x7, 0xff, 0xd1, 0x0, 0x0, 0x0, 0x0, 0x0,
    0x0, 0x0, 0x8d, 0x10, 0x0, 0x0, 0x0, 0x0,
    0x0, 0x0, 0x0, 0x0, 0x0, 0x0, 0x0, 0x0,

    /* U+2665 "♥" */
    0x0, 0x6, 0xaa, 0x71, 0x0, 0x4, 0x9a, 0x82,
    0x0, 0x1, 0xdf, 0xff, 0xfe, 0x30, 0xaf, 0xff,
    0xff, 0x60, 0xb, 0xff, 0xff, 0xff, 0xfc, 0xff,
    0xff, 0xff, 0xf3, 0x2f, 0xff, 0xff, 0xff, 0xff,
    0xff, 0xff, 0xff, 0xf9, 0x5f, 0xff, 0xff, 0xff,
    0xff, 0xff, 0xff, 0xff, 0xfc, 0x4f, 0xff, 0xff,
    0xff, 0xff, 0xff, 0xff, 0xff, 0xfb, 0xf, 0xff,
    0xff, 0xff, 0xff, 0xff, 0xff, 0xff, 0xf6, 0x6,
    0xff, 0xff, 0xff, 0xff, 0xff, 0xff, 0xff, 0xc0,
    0x0, 0x7f, 0xff, 0xff, 0xff, 0xff, 0xff, 0xfd,
    0x10, 0x0, 0x7, 0xff, 0xff, 0xff, 0xff, 0xff,
    0xd1, 0x0, 0x0, 0x0, 0x7f, 0xff, 0xff, 0xff,
    0xfd, 0x10, 0x0, 0x0, 0x0, 0x7, 0xff, 0xff,
    0xff, 0xd1, 0x0, 0x0, 0x0, 0x0, 0x0, 0x7f,
    0xff, 0xfd, 0x10, 0x0, 0x0, 0x0, 0x0, 0x0,
    0x7, 0xff, 0xd1, 0x0, 0x0, 0x0, 0x0, 0x0,
    0x0, 0x0, 0x8d, 0x10, 0x0, 0x0, 0x0, 0x0,
    0x0, 0x0, 0x0, 0x0, 0x0, 0x0, 0x0, 0x0,

    /* U+266A "♪" */
    0x0, 0x0, 0x0, 0xaa, 0x97, 0x20, 0x0, 0x0,
    0x0, 0x1, 0xff, 0xff, 0xf8, 0x0, 0x0, 0x0,
    0x1, 0xfb, 0x14, 0xcf, 0x80, 0x0, 0x0, 0x1,
    0xfb, 0x0, 0xd, 0xf1, 0x0, 0x0, 0x1, 0xfb,
    0x0, 0x6, 0xf6, 0x0, 0x0, 0x1, 0xfb, 0x0,
    0x3, 0xf8, 0x0, 0x0, 0x1, 0xfb, 0x0, 0x6,
    0xf6, 0x0, 0x0, 0x1, 0xfb, 0x0, 0xe, 0xf1,
    0x0, 0x0, 0x1, 0xfb, 0x0, 0x5, 0x60, 0x0,
    0x0, 0x1, 0xfb, 0x0, 0x0, 0x0, 0x0, 0x0,
    0x1, 0xfb, 0x0, 0x0, 0x0, 0x5, 0xcb, 0x31,
    0xfb, 0x0, 0x0, 0x0, 0x4f, 0xff, 0xf3, 0xfb,
    0x0, 0x0, 0x0, 0xaf, 0xff, 0xff, 0xf8, 0x0,
    0x0, 0x0, 0x7f, 0xff, 0xff, 0xd1, 0x0, 0x0,
    0x0, 0xa, 0xff, 0xf9, 0x10, 0x0, 0x0, 0x0,
    0x0, 0x1, 0x0, 0x0, 0x0, 0x0, 0x0,

    /* U+266B "♫" */
    0x0, 0x0, 0x0, 0x0, 0x0, 0x0, 0x1, 0x47,
    0xa7, 0x0, 0x0, 0x0, 0x0, 0x14, 0x7a, 0xdf,
    0xff, 0xf9, 0x0, 0x0, 0x0, 0xbe, 0xff, 0xff,
    0xff, 0xff, 0xf9, 0x0, 0x0, 0x1, 0xff, 0xff,
    0xff, 0xff, 0xec, 0xf9, 0x0, 0x0, 0x1, 0xff,
    0xfe, 0xb8, 0x41, 0x2, 0xf9, 0x0, 0x0, 0x1,
    0xfc, 0x10, 0x0, 0x0, 0x2, 0xf9, 0x0, 0x0,
    0x1, 0xfb, 0x0, 0x0, 0x0, 0x2, 0xf9, 0x0,
    0x0, 0x1, 0xfb, 0x0, 0x0, 0x0, 0x2, 0xf9,
    0x0, 0x0, 0x1, 0xfb, 0x0, 0x0, 0x0, 0x2,
    0xf9, 0x0, 0x0, 0x1, 0xfb, 0x0, 0x0, 0x0,
    0x2, 0xf9, 0x0, 0x0, 0x1, 0xfb, 0x0, 0x4,
    0xa8, 0x12, 0xf9, 0x0, 0x0, 0x1, 0xfb, 0x0,
    0x4f, 0xff, 0xd3, 0xf9, 0x5, 0xcb, 0x31, 0xfb,
    0x0, 0xbf, 0xff, 0xfe, 0xf7, 0x4f, 0xff, 0xf3,
    0xfb, 0x0, 0xaf, 0xff, 0xff, 0xe1, 0xaf, 0xff,
    0xff, 0xf8, 0x0, 0x2d, 0xff, 0xfb, 0x20, 0x7f,
    0xff, 0xff, 0xd1, 0x0, 0x0, 0x23, 0x10, 0x0,
    0xa, 0xff, 0xf9, 0x10, 0x0, 0x0, 0x0, 0x0,
    0x0, 0x0, 0x1, 0x0, 0x0, 0x0, 0x0, 0x0,
    0x0, 0x0,

    /* U+26A0 "⚠" */
    0x0, 0x0, 0x0, 0x0, 0x0, 0x0, 0x0, 0x0,
    0x0, 0x0, 0x0, 0x0, 0x0, 0x0, 0x3, 0xb0,
    0x0, 0x0, 0x0, 0x0, 0x0, 0x0, 0x0, 0x0,
    0xc, 0xf5, 0x0, 0x0, 0x0, 0x0, 0x0, 0x0,
    0x0, 0x0, 0x6f, 0xfd, 0x0, 0x0, 0x0, 0x0,
    0x0, 0x0, 0x0, 0x1, 0xef, 0xff, 0x80, 0x0,
    0x0, 0x0, 0x0, 0x0, 0x0, 0x9, 0xff, 0xff,
    0xf2, 0x0, 0x0, 0x0, 0x0, 0x0, 0x0, 0x3f,
    0xf5, 0x2b, 0xfa, 0x0, 0x0, 0x0, 0x0, 0x0,
    0x0, 0xcf, 0xf3, 0xb, 0xff, 0x40, 0x0, 0x0,
    0x0, 0x0, 0x5, 0xff, 0xf4, 0xb, 0xff, 0xd0,
    0x0, 0x0, 0x0, 0x0, 0xe, 0xff, 0xf4, 0xc,
    0xff, 0xf7, 0x0, 0x0, 0x0, 0x0, 0x8f, 0xff,
    0xf5, 0xc, 0xff, 0xff, 0x10, 0x0, 0x0, 0x2,
    0xff, 0xff, 0xff, 0xff, 0xff, 0xff, 0xa0, 0x0,
    0x0, 0xb, 0xff, 0xff, 0xfc, 0x9f, 0xff, 0xff,
    0xf3, 0x0, 0x0, 0x4f, 0xff, 0xff, 0xf0, 0x7,
    0xff, 0xff, 0xfc, 0x0, 0x0, 0xdf, 0xff, 0xff,
    0xf2, 0xa, 0xff, 0xff, 0xff, 0x60, 0x7, 0xff,
    0xff, 0xff, 0xff, 0xef, 0xff, 0xff, 0xff, 0xe1,
    0x1f, 0xff, 0xff, 0xff, 0xff, 0xff, 0xff, 0xff,
    0xff, 0xf9,

    /* U+2713 "✓" */
    0x0, 0x0, 0x0, 0x0, 0x0, 0x0, 0x92, 0x0,
    0x0, 0x0, 0x0, 0x0, 0x0, 0xaf, 0xd0, 0x0,
    0x0, 0x0, 0x0, 0x0, 0xaf, 0xf3, 0x0, 0x0,
    0x0, 0x0, 0x0, 0xaf, 0xf3, 0x0, 0x9, 0x0,
    0x0, 0x0, 0xaf, 0xf3, 0x0, 0xa, 0xfc, 0x10,
    0x0, 0xaf, 0xf3, 0x0, 0x0, 0x1d, 0xfc, 0x10,
    0xbf, 0xf3, 0x0, 0x0, 0x0, 0x1d, 0xfd, 0xbf,
    0xf3, 0x0, 0x0, 0x0, 0x0, 0x1d, 0xff, 0xf3,
    0x0, 0x0, 0x0, 0x0, 0x0, 0x1d, 0xf3, 0x0,
    0x0, 0x0, 0x0, 0x0, 0x0, 0x13, 0x0, 0x0,
    0x0, 0x0, 0x0,

    /* U+2717 "✗" */
    0x2, 0x50, 0x0, 0x0, 0x7, 0x0, 0x1e, 0xf5,
    0x0, 0x0, 0xaf, 0xb0, 0x8, 0xff, 0x50, 0xa,
    0xff, 0x40, 0x0, 0x8f, 0xf6, 0xaf, 0xf4, 0x0,
    0x0, 0x8, 0xff, 0xff, 0x40, 0x0, 0x0, 0x0,
    0xdf, 0xf8, 0x0, 0x0, 0x0, 0xa, 0xff, 0xff,
    0x60, 0x0, 0x0, 0xaf, 0xf4, 0x7f, 0xf6, 0x0,
    0xa, 0xff, 0x30, 0x7, 0xff, 0x60, 0x1d, 0xf3,
    0x0, 0x0, 0x7f, 0x90, 0x1, 0x30, 0x0, 0x0,
    0x4, 0x0,

    /* U+2756 "❖" */
    0x0, 0x0, 0x0, 0x0, 0x0, 0x81, 0x0, 0x0,
    0x0, 0x0, 0x0, 0x0, 0x0, 0x0, 0x0, 0xbf,
    0xd1, 0x0, 0x0, 0x0, 0x0, 0x0, 0x0, 0x0,
    0x0, 0xbf, 0xff, 0xc1, 0x0, 0x0, 0x0, 0x0,
    0x0, 0x0, 0x0, 0xbf, 0xff, 0xff, 0xc1, 0x0,
    0x0, 0x0, 0x0, 0x0, 0x0, 0x5f, 0xff, 0xff,
    0xff, 0x70, 0x0, 0x0, 0x0, 0x0, 0x0, 0x20,
    0x7f, 0xff, 0xff, 0x90, 0x11, 0x0, 0x0, 0x0,
    0x0, 0xbe, 0x30, 0x7f, 0xff, 0x90, 0x1d, 0xc1,
    0x0, 0x0, 0x0, 0xbf, 0xfe, 0x30, 0x7f, 0x90,
    0x1d, 0xff, 0xc1, 0x0, 0x0, 0xbf, 0xff, 0xff,
    0x30, 0x40, 0x1d, 0xff, 0xff, 0xc1, 0x0, 0xbf,
    0xff, 0xff, 0xff, 0x20, 0xd, 0xff, 0xff, 0xff,
    0xc0, 0x4, 0xff, 0xff, 0xff, 0xa0, 0x0, 0x7f,
    0xff, 0xff, 0xf5, 0x0, 0x4, 0xff, 0xff, 0xa0,
    0x1c, 0x30, 0x7f, 0xff, 0xf5, 0x0, 0x0, 0x4,
    0xff, 0xa0, 0x1d, 0xff, 0x30, 0x7f, 0xf6, 0x0,
    0x0, 0x0, 0x4, 0x90, 0x1d, 0xff, 0xfe, 0x30,
    0x76, 0x0, 0x0, 0x0, 0x0, 0x0, 0x1d, 0xff,
    0xff, 0xfe, 0x30, 0x0, 0x0, 0x0, 0x0, 0x0,
    0x4, 0xff, 0xff, 0xff, 0xf5, 0x0, 0x0, 0x0,
    0x0, 0x0, 0x0, 0x4, 0xff, 0xff, 0xf5, 0x0,
    0x0, 0x0, 0x0, 0x0, 0x0, 0x0, 0x3, 0xff,
    0xf5, 0x0, 0x0, 0x0, 0x0, 0x0, 0x0, 0x0,
    0x0, 0x3, 0xf5, 0x0, 0x0, 0x0, 0x0, 0x0,
    0x0, 0x0, 0x0, 0x0, 0x1, 0x0, 0x0, 0x0,
    0x0, 0x0,

    /* U+2764 "❤" */
    0x0, 0x6, 0xaa, 0x71, 0x0, 0x4, 0x9a, 0x82,
    0x0, 0x1, 0xdf, 0xff, 0xfe, 0x30, 0xaf, 0xff,
    0xff, 0x60, 0xb, 0xff, 0xff, 0xff, 0xfc, 0xff,
    0xff, 0xff, 0xf3, 0x2f, 0xff, 0xff, 0xff, 0xff,
    0xff, 0xff, 0xff, 0xf9, 0x5f, 0xff, 0xff, 0xff,
    0xff, 0xff, 0xff, 0xff, 0xfc, 0x4f, 0xff, 0xff,
    0xff, 0xff, 0xff, 0xff, 0xff, 0xfb, 0xf, 0xff,
    0xff, 0xff, 0xff, 0xff, 0xff, 0xff, 0xf6, 0x6,
    0xff, 0xff, 0xff, 0xff, 0xff, 0xff, 0xff, 0xc0,
    0x0, 0x7f, 0xff, 0xff, 0xff, 0xff, 0xff, 0xfd,
    0x10, 0x0, 0x7, 0xff, 0xff, 0xff, 0xff, 0xff,
    0xd1, 0x0, 0x0, 0x0, 0x7f, 0xff, 0xff, 0xff,
    0xfd, 0x10, 0x0, 0x0, 0x0, 0x7, 0xff, 0xff,
    0xff, 0xd1, 0x0, 0x0, 0x0, 0x0, 0x0, 0x7f,
    0xff, 0xfd, 0x10, 0x0, 0x0, 0x0, 0x0, 0x0,
    0x7, 0xff, 0xd1, 0x0, 0x0, 0x0, 0x0, 0x0,
    0x0, 0x0, 0x8d, 0x10, 0x0, 0x0, 0x0, 0x0,
    0x0, 0x0, 0x0, 0x0, 0x0, 0x0, 0x0, 0x0,

    /* U+2780 "➀" */
    0x0, 0x0, 0x0, 0x0, 0x3, 0x7b, 0xde, 0xed,
    0xa6, 0x20, 0x0, 0x0, 0x0, 0x0, 0x0, 0x0,
    0x0, 0x5, 0xcf, 0xff, 0xfe, 0xef, 0xff, 0xfb,
    0x30, 0x0, 0x0, 0x0, 0x0, 0x0, 0x2, 0xbf,
    0xfb, 0x51, 0x0, 0x0, 0x26, 0xcf, 0xf9, 0x0,
    0x0, 0x0, 0x0, 0x0, 0x3e, 0xfb, 0x20, 0x0,
    0x0, 0x0, 0x0, 0x4, 0xdf, 0xd1, 0x0, 0x0,
    0x0, 0x3, 0xff, 0x70, 0x0, 0x0, 0x0, 0x0,
    0x0, 0x0, 0x9, 0xfd, 0x10, 0x0, 0x0, 0x1e,
    0xf5, 0x0, 0x0, 0x0, 0x0, 0x0, 0x0, 0x0,
    0x0, 0x8f, 0xc0, 0x0, 0x0, 0xbf, 0x70, 0x0,
    0x0, 0x0, 0x8, 0x88, 0x0, 0x0, 0x0, 0xa,
    0xf7, 0x0, 0x4, 0xfc, 0x0, 0x0, 0x0, 0x3,
    0xef, 0xfe, 0x0, 0x0, 0x0, 0x1, 0xef, 0x10,
    0xb, 0xf3, 0x0, 0x0, 0x0, 0x7f, 0xfc, 0xfe,
    0x0, 0x0, 0x0, 0x0, 0x6f, 0x80, 0x1f, 0xc0,
    0x0, 0x0, 0x0, 0xde, 0x44, 0xfe, 0x0, 0x0,
    0x0, 0x0, 0xf, 0xe0, 0x5f, 0x70, 0x0, 0x0,
    0x0, 0x91, 0x4, 0xfe, 0x0, 0x0, 0x0, 0x0,
    0xa, 0xf2, 0x9f, 0x30, 0x0, 0x0, 0x0, 0x0,
    0x4, 0xfe, 0x0, 0x0, 0x0, 0x0, 0x6, 0xf6,
    0xaf, 0x10, 0x0, 0x0, 0x0, 0x0, 0x4, 0xfe,
    0x0, 0x0, 0x0, 0x0, 0x4, 0xf7, 0xbf, 0x0,
    0x0, 0x0, 0x0, 0x0, 0x4, 0xfe, 0x0, 0x0,
    0x0, 0x0, 0x3, 0xf8, 0xbf, 0x10, 0x0, 0x0,
    0x0, 0x0, 0x4, 0xfe, 0x0, 0x0, 0x0, 0x0,
    0x4, 0xf7, 0x9f, 0x20, 0x0, 0x0, 0x0, 0x0,
    0x4, 0xfe, 0x0, 0x0, 0x0, 0x0, 0x6, 0xf6,
    0x6f, 0x60, 0x0, 0x0, 0x0, 0x0, 0x4, 0xfe,
    0x0, 0x0, 0x0, 0x0, 0x9, 0xf3, 0x2f, 0xa0,
    0x0, 0x0, 0x0, 0x0, 0x4, 0xfe, 0x0, 0x0,
    0x0, 0x0, 0xe, 0xf0, 0xd, 0xf1, 0x0, 0x0,
    0x0, 0x0, 0x4, 0xfe, 0x0, 0x0, 0x0, 0x0,
    0x5f, 0x90, 0x6, 0xfa, 0x0, 0x0, 0x0, 0x0,
    0x4, 0xfe, 0x0, 0x0, 0x0, 0x0, 0xdf, 0x30,
    0x0, 0xdf, 0x40, 0x0, 0x0, 0x0, 0x4, 0xfe,
    0x0, 0x0, 0x0, 0x7, 0xfa, 0x0, 0x0, 0x3f,
    0xf2, 0x0, 0x0, 0x0, 0x0, 0x0, 0x0, 0x0,
    0x0, 0x5f, 0xe1, 0x0, 0x0, 0x6, 0xfe, 0x30,
    0x0, 0x0, 0x0, 0x0, 0x0, 0x0, 0x5, 0xff,
    0x30, 0x0, 0x0, 0x0, 0x6f, 0xf7, 0x0, 0x0,
    0x0, 0x0, 0x0, 0x1, 0x9f, 0xf4, 0x0, 0x0,
    0x0, 0x0, 0x4, 0xef, 0xe7, 0x10, 0x0, 0x0,
    0x2, 0x8e, 0xfd, 0x20, 0x0, 0x0, 0x0, 0x0,
    0x0, 0x19, 0xff, 0xfe, 0xba, 0xab, 0xef, 0xfe,
    0x70, 0x0, 0x0, 0x0, 0x0, 0x0, 0x0, 0x0,
    0x17, 0xbf, 0xff, 0xff, 0xea, 0x60, 0x0, 0x0,
    0x0, 0x0, 0x0, 0x0, 0x0, 0x0, 0x0, 0x0,
    0x12, 0x20, 0x0, 0x0, 0x0, 0x0, 0x0, 0x0,

    /* U+2781 "➁" */
    0x0, 0x0, 0x0, 0x0, 0x3, 0x7b, 0xde, 0xed,
    0xa6, 0x20, 0x0, 0x0, 0x0, 0x0, 0x0, 0x0,
    0x0, 0x5, 0xcf, 0xff, 0xfe, 0xef, 0xff, 0xfb,
    0x30, 0x0, 0x0, 0x0, 0x0, 0x0, 0x2, 0xbf,
    0xfb, 0x51, 0x0, 0x0, 0x26, 0xcf, 0xf9, 0x0,
    0x0, 0x0, 0x0, 0x0, 0x3e, 0xfb, 0x20, 0x0,
    0x0, 0x0, 0x0, 0x4, 0xdf, 0xd1, 0x0, 0x0,
    0x0, 0x3, 0xff, 0x70, 0x0, 0x0, 0x0, 0x0,
    0x0, 0x0, 0x9, 0xfd, 0x10, 0x0, 0x0, 0x1e,
    0xf5, 0x0, 0x0, 0x0, 0x0, 0x0, 0x0, 0x0,
    0x0, 0x8f, 0xc0, 0x0, 0x0, 0xbf, 0x70, 0x0,
    0x0, 0x3, 0x9b, 0xa7, 0x10, 0x0, 0x0, 0xa,
    0xf7, 0x0, 0x4, 0xfc, 0x0, 0x0, 0x0, 0x8f,
    0xff, 0xff, 0xe2, 0x0, 0x0, 0x1, 0xef, 0x10,
    0xb, 0xf3, 0x0, 0x0, 0x4, 0xff, 0x72, 0x4c,
    0xfd, 0x0, 0x0, 0x0, 0x6f, 0x80, 0x1f, 0xc0,
    0x0, 0x0, 0xa, 0xf9, 0x0, 0x1, 0xff, 0x30,
    0x0, 0x0, 0xf, 0xe0, 0x5f, 0x70, 0x0, 0x0,
    0x8, 0xb3, 0x0, 0x0, 0xcf, 0x50, 0x0, 0x0,
    0xa, 0xf2, 0x9f, 0x30, 0x0, 0x0, 0x0, 0x0,
    0x0, 0x0, 0xff, 0x30, 0x0, 0x0, 0x6, 0xf6,
    0xaf, 0x10, 0x0, 0x0, 0x0, 0x0, 0x0, 0x8,
    0xfc, 0x0, 0x0, 0x0, 0x4, 0xf7, 0xbf, 0x0,
    0x0, 0x0, 0x0, 0x0, 0x0, 0x5f, 0xf3, 0x0,
    0x0, 0x0, 0x3, 0xf8, 0xbf, 0x10, 0x0, 0x0,
    0x0, 0x0, 0x4, 0xff, 0x60, 0x0, 0x0, 0x0,
    0x4, 0xf7, 0x9f, 0x20, 0x0, 0x0, 0x0, 0x0,
    0x3f, 0xf7, 0x0, 0x0, 0x0, 0x0, 0x6, 0xf6,
    0x6f, 0x60, 0x0, 0x0, 0x0, 0x2, 0xef, 0x80,
    0x0, 0x0, 0x0, 0x0, 0x9, 0xf3, 0x2f, 0xa0,
    0x0, 0x0, 0x0, 0x2e, 0xf9, 0x0, 0x0, 0x0,
    0x0, 0x0, 0xe, 0xf0, 0xd, 0xf1, 0x0, 0x0,
    0x1, 0xef, 0xa0, 0x0, 0x0, 0x0, 0x0, 0x0,
    0x5f, 0x90, 0x6, 0xfa, 0x0, 0x0, 0xc, 0xff,
    0xee, 0xee, 0xee, 0x80, 0x0, 0x0, 0xdf, 0x30,
    0x0, 0xdf, 0x40, 0x0, 0xd, 0xff, 0xff, 0xff,
    0xff, 0x90, 0x0, 0x7, 0xfa, 0x0, 0x0, 0x3f,
    0xf2, 0x0, 0x0, 0x0, 0x0, 0x0, 0x0, 0x0,
    0x0, 0x5f, 0xe1, 0x0, 0x0, 0x6, 0xfe, 0x30,
    0x0, 0x0, 0x0, 0x0, 0x0, 0x0, 0x5, 0xff,
    0x30, 0x0, 0x0, 0x0, 0x6f, 0xf7, 0x0, 0x0,
    0x0, 0x0, 0x0, 0x1, 0x9f, 0xf4, 0x0, 0x0,
    0x0, 0x0, 0x4, 0xef, 0xe7, 0x10, 0x0, 0x0,
    0x2, 0x8e, 0xfd, 0x20, 0x0, 0x0, 0x0, 0x0,
    0x0, 0x19, 0xff, 0xfe, 0xba, 0xab, 0xef, 0xfe,
    0x70, 0x0, 0x0, 0x0, 0x0, 0x0, 0x0, 0x0,
    0x17, 0xbf, 0xff, 0xff, 0xea, 0x60, 0x0, 0x0,
    0x0, 0x0, 0x0, 0x0, 0x0, 0x0, 0x0, 0x0,
    0x12, 0x20, 0x0, 0x0, 0x0, 0x0, 0x0, 0x0,

    /* U+2782 "➂" */
    0x0, 0x0, 0x0, 0x0, 0x3, 0x7b, 0xde, 0xed,
    0xa6, 0x20, 0x0, 0x0, 0x0, 0x0, 0x0, 0x0,
    0x0, 0x5, 0xcf, 0xff, 0xfe, 0xef, 0xff, 0xfb,
    0x30, 0x0, 0x0, 0x0, 0x0, 0x0, 0x2, 0xbf,
    0xfb, 0x51, 0x0, 0x0, 0x26, 0xcf, 0xf9, 0x0,
    0x0, 0x0, 0x0, 0x0, 0x3e, 0xfb, 0x20, 0x0,
    0x0, 0x0, 0x0, 0x4, 0xdf, 0xd1, 0x0, 0x0,
    0x0, 0x3, 0xff, 0x70, 0x0, 0x0, 0x0, 0x0,
    0x0, 0x0, 0x9, 0xfd, 0x10, 0x0, 0x0, 0x1e,
    0xf5, 0x0, 0x0, 0x0, 0x0, 0x0, 0x0, 0x0,
    0x0, 0x8f, 0xc0, 0x0, 0x0, 0xbf, 0x70, 0x0,
    0x0, 0x4, 0x9b, 0xa7, 0x10, 0x0, 0x0, 0xa,
    0xf7, 0x0, 0x4, 0xfc, 0x0, 0x0, 0x0, 0xaf,
    0xff, 0xff, 0xe3, 0x0, 0x0, 0x1, 0xef, 0x10,
    0xb, 0xf3, 0x0, 0x0, 0x8, 0xfe, 0x62, 0x4c,
    0xfd, 0x0, 0x0, 0x0, 0x6f, 0x80, 0x1f, 0xc0,
    0x0, 0x0, 0xf, 0xf4, 0x0, 0x1, 0xff, 0x30,
    0x0, 0x0, 0xf, 0xe0, 0x5f, 0x70, 0x0, 0x0,
    0x5, 0x50, 0x0, 0x0, 0xdf, 0x50, 0x0, 0x0,
    0xa, 0xf2, 0x9f, 0x30, 0x0, 0x0, 0x0, 0x0,
    0x0, 0x1, 0xff, 0x20, 0x0, 0x0, 0x6, 0xf6,
    0xaf, 0x10, 0x0, 0x0, 0x0, 0x0, 0x12, 0x5d,
    0xf9, 0x0, 0x0, 0x0, 0x4, 0xf7, 0xbf, 0x0,
    0x0, 0x0, 0x0, 0x0, 0xcf, 0xff, 0x60, 0x0,
    0x0, 0x0, 0x3, 0xf8, 0xbf, 0x10, 0x0, 0x0,
    0x0, 0x0, 0x8b, 0xcf, 0xf9, 0x0, 0x0, 0x0,
    0x4, 0xf7, 0x9f, 0x20, 0x0, 0x0, 0x0, 0x0,
    0x0, 0x3, 0xef, 0x70, 0x0, 0x0, 0x6, 0xf6,
    0x6f, 0x60, 0x0, 0x0, 0x0, 0x0, 0x0, 0x0,
    0x7f, 0xc0, 0x0, 0x0, 0x9, 0xf3, 0x2f, 0xa0,
    0x0, 0x0, 0x4c, 0xb0, 0x0, 0x0, 0x7f, 0xd0,
    0x0, 0x0, 0xe, 0xf0, 0xd, 0xf1, 0x0, 0x0,
    0x1f, 0xf8, 0x0, 0x4, 0xef, 0x90, 0x0, 0x0,
    0x5f, 0x90, 0x6, 0xfa, 0x0, 0x0, 0x7, 0xff,
    0xfd, 0xef, 0xfd, 0x10, 0x0, 0x0, 0xdf, 0x30,
    0x0, 0xdf, 0x40, 0x0, 0x0, 0x4c, 0xff, 0xfe,
    0x80, 0x0, 0x0, 0x7, 0xfa, 0x0, 0x0, 0x3f,
    0xf2, 0x0, 0x0, 0x0, 0x1, 0x10, 0x0, 0x0,
    0x0, 0x5f, 0xe1, 0x0, 0x0, 0x6, 0xfe, 0x30,
    0x0, 0x0, 0x0, 0x0, 0x0, 0x0, 0x5, 0xff,
    0x30, 0x0, 0x0, 0x0, 0x6f, 0xf7, 0x0, 0x0,
    0x0, 0x0, 0x0, 0x1, 0x9f, 0xf4, 0x0, 0x0,
    0x0, 0x0, 0x4, 0xef, 0xe7, 0x10, 0x0, 0x0,
    0x2, 0x8e, 0xfd, 0x20, 0x0, 0x0, 0x0, 0x0,
    0x0, 0x19, 0xff, 0xfe, 0xba, 0xab, 0xef, 0xfe,
    0x70, 0x0, 0x0, 0x0, 0x0, 0x0, 0x0, 0x0,
    0x17, 0xbf, 0xff, 0xff, 0xea, 0x60, 0x0, 0x0,
    0x0, 0x0, 0x0, 0x0, 0x0, 0x0, 0x0, 0x0,
    0x12, 0x20, 0x0, 0x0, 0x0, 0x0, 0x0, 0x0,

    /* U+2783 "➃" */
    0x0, 0x0, 0x0, 0x0, 0x3, 0x7b, 0xde, 0xed,
    0xa6, 0x20, 0x0, 0x0, 0x0, 0x0, 0x0, 0x0,
    0x0, 0x5, 0xcf, 0xff, 0xfe, 0xef, 0xff, 0xfb,
    0x30, 0x0, 0x0, 0x0, 0x0, 0x0, 0x2, 0xbf,
    0xfb, 0x51, 0x0, 0x0, 0x26, 0xcf, 0xf9, 0x0,
    0x0, 0x0, 0x0, 0x0, 0x3e, 0xfb, 0x20, 0x0,
    0x0, 0x0, 0x0, 0x4, 0xdf, 0xd1, 0x0, 0x0,
    0x0, 0x3, 0xff, 0x70, 0x0, 0x0, 0x0, 0x0,
    0x0, 0x0, 0x9, 0xfd, 0x10, 0x0, 0x0, 0x1e,
    0xf5, 0x0, 0x0, 0x0, 0x0, 0x0, 0x0, 0x0,
    0x0, 0x8f, 0xc0, 0x0, 0x0, 0xbf, 0x70, 0x0,
    0x0, 0x0, 0x0, 0x9a, 0xa0, 0x0, 0x0, 0xa,
    0xf7, 0x0, 0x4, 0xfc, 0x0, 0x0, 0x0, 0x0,
    0x6, 0xff, 0xf1, 0x0, 0x0, 0x1, 0xef, 0x10,
    0xb, 0xf3, 0x0, 0x0, 0x0, 0x0, 0x1f, 0xff,
    0xf1, 0x0, 0x0, 0x0, 0x6f, 0x80, 0x1f, 0xc0,
    0x0, 0x0, 0x0, 0x0, 0xbf, 0x8f, 0xf1, 0x0,
    0x0, 0x0, 0xf, 0xe0, 0x5f, 0x70, 0x0, 0x0,
    0x0, 0x5, 0xfd, 0x1f, 0xf1, 0x0, 0x0, 0x0,
    0xa, 0xf2, 0x9f, 0x30, 0x0, 0x0, 0x0, 0x1e,
    0xf3, 0xf, 0xf1, 0x0, 0x0, 0x0, 0x6, 0xf6,
    0xaf, 0x10, 0x0, 0x0, 0x0, 0x9f, 0x90, 0xf,
    0xf1, 0x0, 0x0, 0x0, 0x4, 0xf7, 0xbf, 0x0,
    0x0, 0x0, 0x3, 0xfe, 0x0, 0xf, 0xf1, 0x0,
    0x0, 0x0, 0x3, 0xf8, 0xbf, 0x10, 0x0, 0x0,
    0xd, 0xf5, 0x0, 0xf, 0xf1, 0x0, 0x0, 0x0,
    0x4, 0xf7, 0x9f, 0x20, 0x0, 0x0, 0x8f, 0xb0,
    0x0, 0xf, 0xf1, 0x0, 0x0, 0x0, 0x6, 0xf6,
    0x6f, 0x60, 0x0, 0x0, 0xff, 0xed, 0xdd, 0xdf,
    0xfd, 0xd0, 0x0, 0x0, 0x9, 0xf3, 0x2f, 0xa0,
    0x0, 0x0, 0xff, 0xff, 0xff, 0xff, 0xff, 0xf0,
    0x0, 0x0, 0xe, 0xf0, 0xd, 0xf1, 0x0, 0x0,
    0x0, 0x0, 0x0, 0x1f, 0xf1, 0x0, 0x0, 0x0,
    0x5f, 0x90, 0x6, 0xfa, 0x0, 0x0, 0x0, 0x0,
    0x0, 0x1f, 0xf1, 0x0, 0x0, 0x0, 0xdf, 0x30,
    0x0, 0xdf, 0x40, 0x0, 0x0, 0x0, 0x0, 0x1d,
    0xd0, 0x0, 0x0, 0x7, 0xfa, 0x0, 0x0, 0x3f,
    0xf2, 0x0, 0x0, 0x0, 0x0, 0x0, 0x0, 0x0,
    0x0, 0x5f, 0xe1, 0x0, 0x0, 0x6, 0xfe, 0x30,
    0x0, 0x0, 0x0, 0x0, 0x0, 0x0, 0x5, 0xff,
    0x30, 0x0, 0x0, 0x0, 0x6f, 0xf7, 0x0, 0x0,
    0x0, 0x0, 0x0, 0x1, 0x9f, 0xf4, 0x0, 0x0,
    0x0, 0x0, 0x4, 0xef, 0xe7, 0x10, 0x0, 0x0,
    0x2, 0x8e, 0xfd, 0x20, 0x0, 0x0, 0x0, 0x0,
    0x0, 0x19, 0xff, 0xfe, 0xba, 0xab, 0xef, 0xfe,
    0x70, 0x0, 0x0, 0x0, 0x0, 0x0, 0x0, 0x0,
    0x17, 0xbf, 0xff, 0xff, 0xea, 0x60, 0x0, 0x0,
    0x0, 0x0, 0x0, 0x0, 0x0, 0x0, 0x0, 0x0,
    0x12, 0x20, 0x0, 0x0, 0x0, 0x0, 0x0, 0x0,

    /* U+2784 "➄" */
    0x0, 0x0, 0x0, 0x0, 0x3, 0x7b, 0xde, 0xed,
    0xa6, 0x20, 0x0, 0x0, 0x0, 0x0, 0x0, 0x0,
    0x0, 0x5, 0xcf, 0xff, 0xfe, 0xef, 0xff, 0xfb,
    0x30, 0x0, 0x0, 0x0, 0x0, 0x0, 0x2, 0xbf,
    0xfb, 0x51, 0x0, 0x0, 0x26, 0xcf, 0xf9, 0x0,
    0x0, 0x0, 0x0, 0x0, 0x3e, 0xfb, 0x20, 0x0,
    0x0, 0x0, 0x0, 0x4, 0xdf, 0xd1, 0x0, 0x0,
    0x0, 0x3, 0xff, 0x70, 0x0, 0x0, 0x0, 0x0,
    0x0, 0x0, 0x9, 0xfd, 0x10, 0x0, 0x0, 0x1e,
    0xf5, 0x0, 0x0, 0x0, 0x0, 0x0, 0x0, 0x0,
    0x0, 0x8f, 0xc0, 0x0, 0x0, 0xbf, 0x70, 0x0,
    0x4, 0xcc, 0xcc, 0xcc, 0xc8, 0x0, 0x0, 0xa,
    0xf7, 0x0, 0x4, 0xfc, 0x0, 0x0, 0x7, 0xff,
    0xff, 0xff, 0xfb, 0x0, 0x0, 0x1, 0xef, 0x10,
    0xb, 0xf3, 0x0, 0x0, 0x9, 0xf8, 0x22, 0x22,
    0x21, 0x0, 0x0, 0x0, 0x6f, 0x80, 0x1f, 0xc0,
    0x0, 0x0, 0xb, 0xf5, 0x0, 0x0, 0x0, 0x0,
    0x0, 0x0, 0xf, 0xe0, 0x5f, 0x70, 0x0, 0x0,
    0xd, 0xf4, 0x0, 0x0, 0x0, 0x0, 0x0, 0x0,
    0xa, 0xf2, 0x9f, 0x30, 0x0, 0x0, 0xe, 0xf3,
    0x7a, 0x95, 0x0, 0x0, 0x0, 0x0, 0x6, 0xf6,
    0xaf, 0x10, 0x0, 0x0, 0xf, 0xfe, 0xff, 0xff,
    0xc1, 0x0, 0x0, 0x0, 0x4, 0xf7, 0xbf, 0x0,
    0x0, 0x0, 0x1c, 0xe9, 0x42, 0x6f, 0xfa, 0x0,
    0x0, 0x0, 0x3, 0xf8, 0xbf, 0x10, 0x0, 0x0,
    0x0, 0x0, 0x0, 0x4, 0xff, 0x20, 0x0, 0x0,
    0x4, 0xf7, 0x9f, 0x20, 0x0, 0x0, 0x0, 0x0,
    0x0, 0x0, 0xdf, 0x50, 0x0, 0x0, 0x6, 0xf6,
    0x6f, 0x60, 0x0, 0x0, 0x0, 0x0, 0x0, 0x0,
    0xdf, 0x60, 0x0, 0x0, 0x9, 0xf3, 0x2f, 0xa0,
    0x0, 0x0, 0x4e, 0xc0, 0x0, 0x1, 0xff, 0x30,
    0x0, 0x0, 0xe, 0xf0, 0xd, 0xf1, 0x0, 0x0,
    0x1f, 0xf7, 0x0, 0x1b, 0xfd, 0x0, 0x0, 0x0,
    0x5f, 0x90, 0x6, 0xfa, 0x0, 0x0, 0x6, 0xff,
    0xec, 0xff, 0xf3, 0x0, 0x0, 0x0, 0xdf, 0x30,
    0x0, 0xdf, 0x40, 0x0, 0x0, 0x4c, 0xff, 0xfb,
    0x20, 0x0, 0x0, 0x7, 0xfa, 0x0, 0x0, 0x3f,
    0xf2, 0x0, 0x0, 0x0, 0x1, 0x0, 0x0, 0x0,
    0x0, 0x5f, 0xe1, 0x0, 0x0, 0x6, 0xfe, 0x30,
    0x0, 0x0, 0x0, 0x0, 0x0, 0x0, 0x5, 0xff,
    0x30, 0x0, 0x0, 0x0, 0x6f, 0xf7, 0x0, 0x0,
    0x0, 0x0, 0x0, 0x1, 0x9f, 0xf4, 0x0, 0x0,
    0x0, 0x0, 0x4, 0xef, 0xe7, 0x10, 0x0, 0x0,
    0x2, 0x8e, 0xfd, 0x20, 0x0, 0x0, 0x0, 0x0,
    0x0, 0x19, 0xff, 0xfe, 0xba, 0xab, 0xef, 0xfe,
    0x70, 0x0, 0x0, 0x0, 0x0, 0x0, 0x0, 0x0,
    0x17, 0xbf, 0xff, 0xff, 0xea, 0x60, 0x0, 0x0,
    0x0, 0x0, 0x0, 0x0, 0x0, 0x0, 0x0, 0x0,
    0x12, 0x20, 0x0, 0x0, 0x0, 0x0, 0x0, 0x0,

    /* U+2785 "➅" */
    0x0, 0x0, 0x0, 0x0, 0x3, 0x7b, 0xde, 0xed,
    0xa6, 0x20, 0x0, 0x0, 0x0, 0x0, 0x0, 0x0,
    0x0, 0x5, 0xcf, 0xff, 0xfe, 0xef, 0xff, 0xfb,
    0x30, 0x0, 0x0, 0x0, 0x0, 0x0, 0x2, 0xbf,
    0xfb, 0x51, 0x0, 0x0, 0x26, 0xcf, 0xf9, 0x0,
    0x0, 0x0, 0x0, 0x0, 0x3e, 0xfb, 0x20, 0x0,
    0x0, 0x0, 0x0, 0x4, 0xdf, 0xd1, 0x0, 0x0,
    0x0, 0x3, 0xff, 0x70, 0x0, 0x0, 0x0, 0x0,
    0x0, 0x0, 0x9, 0xfd, 0x10, 0x0, 0x0, 0x1e,
    0xf5, 0x0, 0x0, 0x0, 0x0, 0x0, 0x0, 0x0,
    0x0, 0x8f, 0xc0, 0x0, 0x0, 0xbf, 0x70, 0x0,
    0x0, 0x0, 0x7b, 0xca, 0x40, 0x0, 0x0, 0xa,
    0xf7, 0x0, 0x4, 0xfc, 0x0, 0x0, 0x0, 0x2e,
    0xff, 0xff, 0xf9, 0x0, 0x0, 0x1, 0xef, 0x10,
    0xb, 0xf3, 0x0, 0x0, 0x0, 0xef, 0xb4, 0x37,
    0xff, 0x60, 0x0, 0x0, 0x6f, 0x80, 0x1f, 0xc0,
    0x0, 0x0, 0x7, 0xfc, 0x0, 0x0, 0x8f, 0xc0,
    0x0, 0x0, 0xf, 0xe0, 0x5f, 0x70, 0x0, 0x0,
    0xc, 0xf4, 0x0, 0x0, 0x2, 0x10, 0x0, 0x0,
    0xa, 0xf2, 0x9f, 0x30, 0x0, 0x0, 0xf, 0xf0,
    0x28, 0xa8, 0x30, 0x0, 0x0, 0x0, 0x6, 0xf6,
    0xaf, 0x10, 0x0, 0x0, 0x2f, 0xe5, 0xff, 0xff,
    0xf8, 0x0, 0x0, 0x0, 0x4, 0xf7, 0xbf, 0x0,
    0x0, 0x0, 0x4f, 0xff, 0xa3, 0x39, 0xff, 0x50,
    0x0, 0x0, 0x3, 0xf8, 0xbf, 0x10, 0x0, 0x0,
    0x4f, 0xfa, 0x0, 0x0, 0x8f, 0xd0, 0x0, 0x0,
    0x4, 0xf7, 0x9f, 0x20, 0x0, 0x0, 0x3f, 0xf3,
    0x0, 0x0, 0x2f, 0xf0, 0x0, 0x0, 0x6, 0xf6,
    0x6f, 0x60, 0x0, 0x0, 0x1f, 0xf2, 0x0, 0x0,
    0x1f, 0xf1, 0x0, 0x0, 0x9, 0xf3, 0x2f, 0xa0,
    0x0, 0x0, 0xd, 0xf6, 0x0, 0x0, 0x5f, 0xe0,
    0x0, 0x0, 0xe, 0xf0, 0xd, 0xf1, 0x0, 0x0,
    0x6, 0xff, 0x30, 0x3, 0xef, 0x80, 0x0, 0x0,
    0x5f, 0x90, 0x6, 0xfa, 0x0, 0x0, 0x0, 0xaf,
    0xfd, 0xdf, 0xfc, 0x0, 0x0, 0x0, 0xdf, 0x30,
    0x0, 0xdf, 0x40, 0x0, 0x0, 0x7, 0xef, 0xfe,
    0x80, 0x0, 0x0, 0x7, 0xfa, 0x0, 0x0, 0x3f,
    0xf2, 0x0, 0x0, 0x0, 0x1, 0x10, 0x0, 0x0,
    0x0, 0x5f, 0xe1, 0x0, 0x0, 0x6, 0xfe, 0x30,
    0x0, 0x0, 0x0, 0x0, 0x0, 0x0, 0x5, 0xff,
    0x30, 0x0, 0x0, 0x0, 0x6f, 0xf7, 0x0, 0x0,
    0x0, 0x0, 0x0, 0x1, 0x9f, 0xf4, 0x0, 0x0,
    0x0, 0x0, 0x4, 0xef, 0xe7, 0x10, 0x0, 0x0,
    0x2, 0x8e, 0xfd, 0x20, 0x0, 0x0, 0x0, 0x0,
    0x0, 0x19, 0xff, 0xfe, 0xba, 0xab, 0xef, 0xfe,
    0x70, 0x0, 0x0, 0x0, 0x0, 0x0, 0x0, 0x0,
    0x17, 0xbf, 0xff, 0xff, 0xea, 0x60, 0x0, 0x0,
    0x0, 0x0, 0x0, 0x0, 0x0, 0x0, 0x0, 0x0,
    0x12, 0x20, 0x0, 0x0, 0x0, 0x0, 0x0, 0x0,

    /* U+2786 "➆" */
    0x0, 0x0, 0x0, 0x0, 0x3, 0x7b, 0xde, 0xed,
    0xa6, 0x20, 0x0, 0x0, 0x0, 0x0, 0x0, 0x0,
    0x0, 0x5, 0xcf, 0xff, 0xfe, 0xef, 0xff, 0xfb,
    0x30, 0x0, 0x0, 0x0, 0x0, 0x0, 0x2, 0xbf,
    0xfb, 0x51, 0x0, 0x0, 0x26, 0xcf, 0xf9, 0x0,
    0x0, 0x0, 0x0, 0x0, 0x3e, 0xfb, 0x20, 0x0,
    0x0, 0x0, 0x0, 0x4, 0xdf, 0xd1, 0x0, 0x0,
    0x0, 0x3, 0xff, 0x70, 0x0, 0x0, 0x0, 0x0,
    0x0, 0x0, 0x9, 0xfd, 0x10, 0x0, 0x0, 0x1e,
    0xf5, 0x0, 0x0, 0x0, 0x0, 0x0, 0x0, 0x0,
    0x0, 0x8f, 0xc0, 0x0, 0x0, 0xbf, 0x70, 0x0,
    0xb, 0xcc, 0xcc, 0xcc, 0xcc, 0x80, 0x0, 0xa,
    0xf7, 0x0, 0x4, 0xfc, 0x0, 0x0, 0xe, 0xff,
    0xff, 0xff, 0xff, 0xb0, 0x0, 0x1, 0xef, 0x10,
    0xb, 0xf3, 0x0, 0x0, 0x2, 0x22, 0x22, 0x22,
    0xcf, 0x90, 0x0, 0x0, 0x6f, 0x80, 0x1f, 0xc0,
    0x0, 0x0, 0x0, 0x0, 0x0, 0x3, 0xff, 0x10,
    0x0, 0x0, 0xf, 0xe0, 0x5f, 0x70, 0x0, 0x0,
    0x0, 0x0, 0x0, 0xb, 0xf9, 0x0, 0x0, 0x0,
    0xa, 0xf2, 0x9f, 0x30, 0x0, 0x0, 0x0, 0x0,
    0x0, 0x3f, 0xf1, 0x0, 0x0, 0x0, 0x6, 0xf6,
    0xaf, 0x10, 0x0, 0x0, 0x0, 0x0, 0x0, 0xbf,
    0x90, 0x0, 0x0, 0x0, 0x4, 0xf7, 0xbf, 0x0,
    0x0, 0x0, 0x0, 0x0, 0x3, 0xff, 0x10, 0x0,
    0x0, 0x0, 0x3, 0xf8, 0xbf, 0x10, 0x0, 0x0,
    0x0, 0x0, 0xc, 0xf9, 0x0, 0x0, 0x0, 0x0,
    0x4, 0xf7, 0x9f, 0x20, 0x0, 0x0, 0x0, 0x0,
    0x4f, 0xf1, 0x0, 0x0, 0x0, 0x0, 0x6, 0xf6,
    0x6f, 0x60, 0x0, 0x0, 0x0, 0x0, 0xcf, 0x80,
    0x0, 0x0, 0x0, 0x0, 0x9, 0xf3, 0x2f, 0xa0,
    0x0, 0x0, 0x0, 0x4, 0xff, 0x10, 0x0, 0x0,
    0x0, 0x0, 0xe, 0xf0, 0xd, 0xf1, 0x0, 0x0,
    0x0, 0xc, 0xf8, 0x0, 0x0, 0x0, 0x0, 0x0,
    0x5f, 0x90, 0x6, 0xfa, 0x0, 0x0, 0x0, 0x4f,
    0xf1, 0x0, 0x0, 0x0, 0x0, 0x0, 0xdf, 0x30,
    0x0, 0xdf, 0x40, 0x0, 0x0, 0x9c, 0x70, 0x0,
    0x0, 0x0, 0x0, 0x7, 0xfa, 0x0, 0x0, 0x3f,
    0xf2, 0x0, 0x0, 0x0, 0x0, 0x0, 0x0, 0x0,
    0x0, 0x5f, 0xe1, 0x0, 0x0, 0x6, 0xfe, 0x30,
    0x0, 0x0, 0x0, 0x0, 0x0, 0x0, 0x5, 0xff,
    0x30, 0x0, 0x0, 0x0, 0x6f, 0xf7, 0x0, 0x0,
    0x0, 0x0, 0x0, 0x1, 0x9f, 0xf4, 0x0, 0x0,
    0x0, 0x0, 0x4, 0xef, 0xe7, 0x10, 0x0, 0x0,
    0x2, 0x8e, 0xfd, 0x20, 0x0, 0x0, 0x0, 0x0,
    0x0, 0x19, 0xff, 0xfe, 0xba, 0xab, 0xef, 0xfe,
    0x70, 0x0, 0x0, 0x0, 0x0, 0x0, 0x0, 0x0,
    0x17, 0xbf, 0xff, 0xff, 0xea, 0x60, 0x0, 0x0,
    0x0, 0x0, 0x0, 0x0, 0x0, 0x0, 0x0, 0x0,
    0x12, 0x20, 0x0, 0x0, 0x0, 0x0, 0x0, 0x0,

    /* U+2787 "➇" */
    0x0, 0x0, 0x0, 0x0, 0x3, 0x7b, 0xde, 0xed,
    0xa6, 0x20, 0x0, 0x0, 0x0, 0x0, 0x0, 0x0,
    0x0, 0x5, 0xcf, 0xff, 0xfe, 0xef, 0xff, 0xfb,
    0x30, 0x0, 0x0, 0x0, 0x0, 0x0, 0x2, 0xbf,
    0xfb, 0x51, 0x0, 0x0, 0x26, 0xcf, 0xf9, 0x0,
    0x0, 0x0, 0x0, 0x0, 0x3e, 0xfb, 0x20, 0x0,
    0x0, 0x0, 0x0, 0x4, 0xdf, 0xd1, 0x0, 0x0,
    0x0, 0x3, 0xff, 0x70, 0x0, 0x0, 0x0, 0x0,
    0x0, 0x0, 0x9, 0xfd, 0x10, 0x0, 0x0, 0x1e,
    0xf5, 0x0, 0x0, 0x0, 0x0, 0x0, 0x0, 0x0,
    0x0, 0x8f, 0xc0, 0x0, 0x0, 0xbf, 0x70, 0x0,
    0x0, 0x3, 0x9b, 0xa7, 0x10, 0x0, 0x0, 0xa,
    0xf7, 0x0, 0x4, 0xfc, 0x0, 0x0, 0x0, 0x8f,
    0xff, 0xff, 0xe3, 0x0, 0x0, 0x1, 0xef, 0x10,
    0xb, 0xf3, 0x0, 0x0, 0x4, 0xff, 0x72, 0x3b,
    0xfe, 0x0, 0x0, 0x0, 0x6f, 0x80, 0x1f, 0xc0,
    0x0, 0x0, 0xa, 0xf9, 0x0, 0x0, 0xff, 0x40,
    0x0, 0x0, 0xf, 0xe0, 0x5f, 0x70, 0x0, 0x0,
    0xb, 0xf6, 0x0, 0x0, 0xcf, 0x50, 0x0, 0x0,
    0xa, 0xf2, 0x9f, 0x30, 0x0, 0x0, 0x8, 0xfa,
    0x0, 0x1, 0xff, 0x20, 0x0, 0x0, 0x6, 0xf6,
    0xaf, 0x10, 0x0, 0x0, 0x1, 0xdf, 0x83, 0x4c,
    0xf9, 0x0, 0x0, 0x0, 0x4, 0xf7, 0xbf, 0x0,
    0x0, 0x0, 0x0, 0x1c, 0xff, 0xff, 0x80, 0x0,
    0x0, 0x0, 0x3, 0xf8, 0xbf, 0x10, 0x0, 0x0,
    0x2, 0xef, 0xea, 0xbf, 0xfa, 0x0, 0x0, 0x0,
    0x4, 0xf7, 0x9f, 0x20, 0x0, 0x0, 0xd, 0xfa,
    0x0, 0x2, 0xef, 0x70, 0x0, 0x0, 0x6, 0xf6,
    0x6f, 0x60, 0x0, 0x0, 0x3f, 0xf1, 0x0, 0x0,
    0x7f, 0xd0, 0x0, 0x0, 0x9, 0xf3, 0x2f, 0xa0,
    0x0, 0x0, 0x3f, 0xf0, 0x0, 0x0, 0x6f, 0xe0,
    0x0, 0x0, 0xe, 0xf0, 0xd, 0xf1, 0x0, 0x0,
    0xf, 0xf9, 0x0, 0x1, 0xdf, 0xa0, 0x0, 0x0,
    0x5f, 0x90, 0x6, 0xfa, 0x0, 0x0, 0x5, 0xff,
    0xeb, 0xcf, 0xfe, 0x10, 0x0, 0x0, 0xdf, 0x30,
    0x0, 0xdf, 0x40, 0x0, 0x0, 0x3b, 0xff, 0xfe,
    0x91, 0x0, 0x0, 0x7, 0xfa, 0x0, 0x0, 0x3f,
    0xf2, 0x0, 0x0, 0x0, 0x1, 0x10, 0x0, 0x0,
    0x0, 0x5f, 0xe1, 0x0, 0x0, 0x6, 0xfe, 0x30,
    0x0, 0x0, 0x0, 0x0, 0x0, 0x0, 0x5, 0xff,
    0x30, 0x0, 0x0, 0x0, 0x6f, 0xf7, 0x0, 0x0,
    0x0, 0x0, 0x0, 0x1, 0x9f, 0xf4, 0x0, 0x0,
    0x0, 0x0, 0x4, 0xef, 0xe7, 0x10, 0x0, 0x0,
    0x2, 0x8e, 0xfd, 0x20, 0x0, 0x0, 0x0, 0x0,
    0x0, 0x19, 0xff, 0xfe, 0xba, 0xab, 0xef, 0xfe,
    0x70, 0x0, 0x0, 0x0, 0x0, 0x0, 0x0, 0x0,
    0x17, 0xbf, 0xff, 0xff, 0xea, 0x60, 0x0, 0x0,
    0x0, 0x0, 0x0, 0x0, 0x0, 0x0, 0x0, 0x0,
    0x12, 0x20, 0x0, 0x0, 0x0, 0x0, 0x0, 0x0,

    /* U+2788 "➈" */
    0x0, 0x0, 0x0, 0x0, 0x3, 0x7b, 0xde, 0xed,
    0xa6, 0x20, 0x0, 0x0, 0x0, 0x0, 0x0, 0x0,
    0x0, 0x5, 0xcf, 0xff, 0xfe, 0xef, 0xff, 0xfb,
    0x30, 0x0, 0x0, 0x0, 0x0, 0x0, 0x2, 0xbf,
    0xfb, 0x51, 0x0, 0x0, 0x26, 0xcf, 0xf9, 0x0,
    0x0, 0x0, 0x0, 0x0, 0x3e, 0xfb, 0x20, 0x0,
    0x0, 0x0, 0x0, 0x4, 0xdf, 0xd1, 0x0, 0x0,
    0x0, 0x3, 0xff, 0x70, 0x0, 0x0, 0x0, 0x0,
    0x0, 0x0, 0x9, 0xfd, 0x10, 0x0, 0x0, 0x1e,
    0xf5, 0x0, 0x0, 0x0, 0x0, 0x0, 0x0, 0x0,
    0x0, 0x8f, 0xc0, 0x0, 0x0, 0xbf, 0x70, 0x0,
    0x0, 0x4, 0x9b, 0xa6, 0x0, 0x0, 0x0, 0xa,
    0xf7, 0x0, 0x4, 0xfc, 0x0, 0x0, 0x0, 0xaf,
    0xff, 0xff, 0xe3, 0x0, 0x0, 0x1, 0xef, 0x10,
    0xb, 0xf3, 0x0, 0x0, 0x8, 0xff, 0x72, 0x4b,
    0xfe, 0x10, 0x0, 0x0, 0x6f, 0x80, 0x1f, 0xc0,
    0x0, 0x0, 0xf, 0xf5, 0x0, 0x0, 0xdf, 0x70,
    0x0, 0x0, 0xf, 0xe0, 0x5f, 0x70, 0x0, 0x0,
    0x3f, 0xf0, 0x0, 0x0, 0x6f, 0xc0, 0x0, 0x0,
    0xa, 0xf2, 0x9f, 0x30, 0x0, 0x0, 0x4f, 0xe0,
    0x0, 0x0, 0x5f, 0xf0, 0x0, 0x0, 0x6, 0xf6,
    0xaf, 0x10, 0x0, 0x0, 0x1f, 0xf2, 0x0, 0x0,
    0xaf, 0xf1, 0x0, 0x0, 0x4, 0xf7, 0xbf, 0x0,
    0x0, 0x0, 0xb, 0xfd, 0x20, 0x7, 0xff, 0xf1,
    0x0, 0x0, 0x3, 0xf8, 0xbf, 0x10, 0x0, 0x0,
    0x2, 0xef, 0xfe, 0xff, 0x7f, 0xf0, 0x0, 0x0,
    0x4, 0xf7, 0x9f, 0x20, 0x0, 0x0, 0x0, 0x19,
    0xde, 0xc4, 0x2f, 0xe0, 0x0, 0x0, 0x6, 0xf6,
    0x6f, 0x60, 0x0, 0x0, 0x0, 0x0, 0x0, 0x0,
    0x5f, 0xa0, 0x0, 0x0, 0x9, 0xf3, 0x2f, 0xa0,
    0x0, 0x0, 0xd, 0xd2, 0x0, 0x0, 0xcf, 0x60,
    0x0, 0x0, 0xe, 0xf0, 0xd, 0xf1, 0x0, 0x0,
    0xc, 0xfc, 0x10, 0x8, 0xfd, 0x0, 0x0, 0x0,
    0x5f, 0x90, 0x6, 0xfa, 0x0, 0x0, 0x2, 0xff,
    0xfd, 0xff, 0xf3, 0x0, 0x0, 0x0, 0xdf, 0x30,
    0x0, 0xdf, 0x40, 0x0, 0x0, 0x2b, 0xff, 0xfb,
    0x30, 0x0, 0x0, 0x7, 0xfa, 0x0, 0x0, 0x3f,
    0xf2, 0x0, 0x0, 0x0, 0x1, 0x0, 0x0, 0x0,
    0x0, 0x5f, 0xe1, 0x0, 0x0, 0x6, 0xfe, 0x30,
    0x0, 0x0, 0x0, 0x0, 0x0, 0x0, 0x5, 0xff,
    0x30, 0x0, 0x0, 0x0, 0x6f, 0xf7, 0x0, 0x0,
    0x0, 0x0, 0x0, 0x1, 0x9f, 0xf4, 0x0, 0x0,
    0x0, 0x0, 0x4, 0xef, 0xe7, 0x10, 0x0, 0x0,
    0x2, 0x8e, 0xfd, 0x20, 0x0, 0x0, 0x0, 0x0,
    0x0, 0x19, 0xff, 0xfe, 0xba, 0xab, 0xef, 0xfe,
    0x70, 0x0, 0x0, 0x0, 0x0, 0x0, 0x0, 0x0,
    0x17, 0xbf, 0xff, 0xff, 0xea, 0x60, 0x0, 0x0,
    0x0, 0x0, 0x0, 0x0, 0x0, 0x0, 0x0, 0x0,
    0x12, 0x20, 0x0, 0x0, 0x0, 0x0, 0x0, 0x0,

    /* U+F001 "" */
    0x0, 0x0, 0x0, 0x0, 0x0, 0x0, 0x0, 0x0,
    0x0, 0x31, 0x0, 0x0, 0x0, 0x0, 0x0, 0x0,
    0x0, 0x15, 0xae, 0xfd, 0x0, 0x0, 0x0, 0x0,
    0x0, 0x2, 0x7c, 0xff, 0xff, 0xff, 0x0, 0x0,
    0x0, 0x0, 0x49, 0xef, 0xff, 0xff, 0xff, 0xff,
    0x0, 0x0, 0x4, 0xbf, 0xff, 0xff, 0xff, 0xff,
    0xff, 0xff, 0x0, 0x0, 0xf, 0xff, 0xff, 0xff,
    0xff, 0xff, 0xff, 0xff, 0x0, 0x0, 0xf, 0xff,
    0xff, 0xff, 0xff, 0xfb, 0x69, 0xff, 0x0, 0x0,
    0xf, 0xff, 0xff, 0xfe, 0x95, 0x0, 0x8, 0xff,
    0x0, 0x0, 0xf, 0xff, 0xc7, 0x30, 0x0, 0x0,
    0x8, 0xff, 0x0, 0x0, 0xf, 0xf8, 0x0, 0x0,
    0x0, 0x0, 0x8, 0xff, 0x0, 0x0, 0xf, 0xf8,
    0x0, 0x0, 0x0, 0x0, 0x8, 0xff, 0x0, 0x0,
    0xf, 0xf8, 0x0, 0x0, 0x0, 0x0, 0x8, 0xff,
    0x0, 0x0, 0xf, 0xf8, 0x0, 0x0, 0x0, 0x0,
    0x8, 0xff, 0x0, 0x0, 0xf, 0xf8, 0x0, 0x0,
    0x1, 0x7b, 0xbd, 0xff, 0x0, 0x0, 0xf, 0xf8,
    0x0, 0x0, 0x1e, 0xff, 0xff, 0xff, 0x0, 0x13,
    0x2f, 0xf8, 0x0, 0x0, 0x7f, 0xff, 0xff, 0xff,
    0x2b, 0xff, 0xff, 0xf8, 0x0, 0x0, 0x4f, 0xff,
    0xff, 0xfc, 0xdf, 0xff, 0xff, 0xf8, 0x0, 0x0,
    0x6, 0xef, 0xff, 0xa1, 0xff, 0xff, 0xff, 0xf7,
    0x0, 0x0, 0x0, 0x2, 0x20, 0x0, 0x7f, 0xff,
    0xff, 0xd1, 0x0, 0x0, 0x0, 0x0, 0x0, 0x0,
    0x2, 0x8a, 0xa6, 0x0, 0x0, 0x0, 0x0, 0x0,
    0x0, 0x0,

    /* U+F004 "" */
    0x0, 0x0, 0x2, 0x31, 0x0, 0x0, 0x0, 0x13,
    0x20, 0x0, 0x0, 0x0, 0x6, 0xef, 0xff, 0xb2,
    0x0, 0x2b, 0xff, 0xfe, 0x60, 0x0, 0x0, 0x9f,
    0xff, 0xff, 0xff, 0x44, 0xff, 0xff, 0xff, 0xf9,
    0x0, 0x4, 0xff, 0xff, 0xff, 0xff, 0xff, 0xff,
    0xff, 0xff, 0xff, 0x40, 0xb, 0xff, 0xff, 0xff,
    0xff, 0xff, 0xff, 0xff, 0xff, 0xff, 0xb0, 0xf,
    0xff, 0xff, 0xff, 0xff, 0xff, 0xff, 0xff, 0xff,
    0xff, 0xe0, 0xf, 0xff, 0xff, 0xff, 0xff, 0xff,
    0xff, 0xff, 0xff, 0xff, 0xf0, 0xd, 0xff, 0xff,
    0xff, 0xff, 0xff, 0xff, 0xff, 0xff, 0xff, 0xd0,
    0x8, 0xff, 0xff, 0xff, 0xff, 0xff, 0xff, 0xff,
    0xff, 0xff, 0x80, 0x0, 0xdf, 0xff, 0xff, 0xff,
    0xff, 0xff, 0xff, 0xff, 0xfd, 0x0, 0x0, 0x1e,
    0xff, 0xff, 0xff, 0xff, 0xff, 0xff, 0xff, 0xe1,
    0x0, 0x0, 0x2, 0xef, 0xff, 0xff, 0xff, 0xff,
    0xff, 0xfe, 0x20, 0x0, 0x0, 0x0, 0x2e, 0xff,
    0xff, 0xff, 0xff, 0xff, 0xe2, 0x0, 0x0, 0x0,
    0x0, 0x2, 0xef, 0xff, 0xff, 0xff, 0xfe, 0x20,
    0x0, 0x0, 0x0, 0x0, 0x0, 0x3f, 0xff, 0xff,
    0xff, 0xf3, 0x0, 0x0, 0x0, 0x0, 0x0, 0x0,
    0x3, 0xff, 0xff, 0xff, 0x30, 0x0, 0x0, 0x0,
    0x0, 0x0, 0x0, 0x0, 0x3f, 0xff, 0xf4, 0x0,
    0x0, 0x0, 0x0, 0x0, 0x0, 0x0, 0x0, 0x4,
    0xff, 0x40, 0x0, 0x0, 0x0, 0x0, 0x0, 0x0,
    0x0, 0x0, 0x0, 0x11, 0x0, 0x0, 0x0, 0x0,
    0x0,

    /* U+F005 "" */
    0x0, 0x0, 0x0, 0x0, 0x0, 0x36, 0x0, 0x0,
    0x0, 0x0, 0x0, 0x0, 0x0, 0x0, 0x0, 0x1,
    0xff, 0x80, 0x0, 0x0, 0x0, 0x0, 0x0, 0x0,
    0x0, 0x0, 0x8, 0xff, 0xf1, 0x0, 0x0, 0x0,
    0x0, 0x0, 0x0, 0x0, 0x0, 0x1f, 0xff, 0xf8,
    0x0, 0x0, 0x0, 0x0, 0x0, 0x0, 0x0, 0x0,
    0x8f, 0xff, 0xff, 0x10, 0x0, 0x0, 0x0, 0x0,
    0x0, 0x0, 0x0, 0xff, 0xff, 0xff, 0x70, 0x0,
    0x0, 0x0, 0x0, 0x0, 0x25, 0x7b, 0xff, 0xff,
    0xff, 0xf8, 0x64, 0x10, 0x0, 0x9, 0xdf, 0xff,
    0xff, 0xff, 0xff, 0xff, 0xff, 0xff, 0xff, 0xc3,
    0x2f, 0xff, 0xff, 0xff, 0xff, 0xff, 0xff, 0xff,
    0xff, 0xff, 0xfa, 0xa, 0xff, 0xff, 0xff, 0xff,
    0xff, 0xff, 0xff, 0xff, 0xff, 0xe3, 0x0, 0x9f,
    0xff, 0xff, 0xff, 0xff, 0xff, 0xff, 0xff, 0xfe,
    0x30, 0x0, 0x9, 0xff, 0xff, 0xff, 0xff, 0xff,
    0xff, 0xff, 0xe2, 0x0, 0x0, 0x0, 0x8f, 0xff,
    0xff, 0xff, 0xff, 0xff, 0xfe, 0x20, 0x0, 0x0,
    0x0, 0xc, 0xff, 0xff, 0xff, 0xff, 0xff, 0xf4,
    0x0, 0x0, 0x0, 0x0, 0xe, 0xff, 0xff, 0xff,
    0xff, 0xff, 0xf6, 0x0, 0x0, 0x0, 0x0, 0xf,
    0xff, 0xff, 0xff, 0xff, 0xff, 0xf8, 0x0, 0x0,
    0x0, 0x0, 0x3f, 0xff, 0xff, 0xff, 0xff, 0xff,
    0xfb, 0x0, 0x0, 0x0, 0x0, 0x6f, 0xff, 0xff,
    0xfd, 0xff, 0xff, 0xfe, 0x0, 0x0, 0x0, 0x0,
    0x9f, 0xff, 0xf9, 0x10, 0x5d, 0xff, 0xff, 0x10,
    0x0, 0x0, 0x0, 0x9f, 0xfa, 0x20, 0x0, 0x0,
    0x5d, 0xff, 0x10, 0x0, 0x0, 0x0, 0x17, 0x20,
    0x0, 0x0, 0x0, 0x0, 0x54, 0x0, 0x0,

    /* U+F008 "" */
    0xc4, 0x3, 0xff, 0xff, 0xff, 0xff, 0xff, 0xff,
    0x40, 0x4c, 0xfd, 0xcd, 0xff, 0xee, 0xee, 0xee,
    0xee, 0xff, 0xdc, 0xdf, 0xfa, 0x8a, 0xfa, 0x0,
    0x0, 0x0, 0x0, 0xaf, 0xb8, 0xaf, 0xf4, 0x3,
    0xfa, 0x0, 0x0, 0x0, 0x0, 0x9f, 0x40, 0x4f,
    0xf4, 0x4, 0xfa, 0x0, 0x0, 0x0, 0x0, 0x9f,
    0x50, 0x4f, 0xff, 0xff, 0xfa, 0x0, 0x0, 0x0,
    0x0, 0x9f, 0xff, 0xff, 0xf7, 0x47, 0xfd, 0x77,
    0x77, 0x77, 0x77, 0xdf, 0x84, 0x7f, 0xf4, 0x3,
    0xff, 0xff, 0xff, 0xff, 0xff, 0xff, 0x40, 0x4f,
    0xf7, 0x47, 0xfd, 0x77, 0x77, 0x77, 0x77, 0xdf,
    0x84, 0x7f, 0xff, 0xff, 0xfa, 0x0, 0x0, 0x0,
    0x0, 0x9f, 0xff, 0xff, 0xf4, 0x4, 0xfa, 0x0,
    0x0, 0x0, 0x0, 0x9f, 0x50, 0x4f, 0xf4, 0x3,
    0xfa, 0x0, 0x0, 0x0, 0x0, 0x9f, 0x40, 0x4f,
    0xfa, 0x8a, 0xfa, 0x0, 0x0, 0x0, 0x0, 0xaf,
    0xb8, 0xaf, 0xfd, 0xcd, 0xff, 0xee, 0xee, 0xee,
    0xee, 0xff, 0xdc, 0xdf, 0xc4, 0x3, 0xff, 0xff,
    0xff, 0xff, 0xff, 0xff, 0x40, 0x4c,

    /* U+F00B "" */
    0x0, 0x0, 0x0, 0x0, 0x0, 0x0, 0x0, 0x0,
    0x0, 0x0, 0xdf, 0xff, 0xfa, 0xc, 0xff, 0xff,
    0xff, 0xff, 0xff, 0xfd, 0xff, 0xff, 0xfd, 0xe,
    0xff, 0xff, 0xff, 0xff, 0xff, 0xff, 0xff, 0xff,
    0xfd, 0xe, 0xff, 0xff, 0xff, 0xff, 0xff, 0xff,
    0xff, 0xff, 0xfd, 0xe, 0xff, 0xff, 0xff, 0xff,
    0xff, 0xff, 0xcf, 0xff, 0xf9, 0xa, 0xff, 0xff,
    0xff, 0xff, 0xff, 0xfc, 0x0, 0x0, 0x0, 0x0,
    0x0, 0x0, 0x0, 0x0, 0x0, 0x0, 0xcf, 0xff,
    0xf9, 0xb, 0xff, 0xff, 0xff, 0xff, 0xff, 0xfc,
    0xff, 0xff, 0xfd, 0xe, 0xff, 0xff, 0xff, 0xff,
    0xff, 0xff, 0xff, 0xff, 0xfd, 0xe, 0xff, 0xff,
    0xff, 0xff, 0xff, 0xff, 0xff, 0xff, 0xfd, 0xe,
    0xff, 0xff, 0xff, 0xff, 0xff, 0xff, 0xcf, 0xff,
    0xfa, 0xb, 0xff, 0xff, 0xff, 0xff, 0xff, 0xfc,
    0x0, 0x0, 0x0, 0x0, 0x0, 0x0, 0x0, 0x0,
    0x0, 0x0, 0xcf, 0xff, 0xf9, 0xa, 0xff, 0xff,
    0xff, 0xff, 0xff, 0xfb, 0xff, 0xff, 0xfd, 0xe,
    0xff, 0xff, 0xff, 0xff, 0xff, 0xff, 0xff, 0xff,
    0xfd, 0xe, 0xff, 0xff, 0xff, 0xff, 0xff, 0xff,
    0xff, 0xff, 0xfd, 0xe, 0xff, 0xff, 0xff, 0xff,
    0xff, 0xff, 0xdf, 0xff, 0xfa, 0xc, 0xff, 0xff,
    0xff, 0xff, 0xff, 0xfd, 0x0, 0x0, 0x0, 0x0,
    0x0, 0x0, 0x0, 0x0, 0x0, 0x0,

    /* U+F00C "" */
    0x0, 0x0, 0x0, 0x0, 0x0, 0x0, 0x0, 0x0,
    0x4e, 0x60, 0x0, 0x0, 0x0, 0x0, 0x0, 0x0,
    0x0, 0x4, 0xff, 0xf7, 0x0, 0x0, 0x0, 0x0,
    0x0, 0x0, 0x0, 0x4f, 0xff, 0xff, 0x0, 0x0,
    0x0, 0x0, 0x0, 0x0, 0x4, 0xff, 0xff, 0xf6,
    0x0, 0x0, 0x0, 0x0, 0x0, 0x0, 0x4f, 0xff,
    0xff, 0x60, 0x6, 0xe4, 0x0, 0x0, 0x0, 0x4,
    0xff, 0xff, 0xf6, 0x0, 0x7f, 0xff, 0x40, 0x0,
    0x0, 0x4f, 0xff, 0xff, 0x60, 0x0, 0xff, 0xff,
    0xf4, 0x0, 0x4, 0xff, 0xff, 0xf6, 0x0, 0x0,
    0x6f, 0xff, 0xff, 0x40, 0x4f, 0xff, 0xff, 0x60,
    0x0, 0x0, 0x6, 0xff, 0xff, 0xf8, 0xff, 0xff,
    0xf5, 0x0, 0x0, 0x0, 0x0, 0x5f, 0xff, 0xff,
    0xff, 0xff, 0x50, 0x0, 0x0, 0x0, 0x0, 0x5,
    0xff, 0xff, 0xff, 0xf5, 0x0, 0x0, 0x0, 0x0,
    0x0, 0x0, 0x5f, 0xff, 0xff, 0x50, 0x0, 0x0,
    0x0, 0x0, 0x0, 0x0, 0x5, 0xff, 0xf5, 0x0,
    0x0, 0x0, 0x0, 0x0, 0x0, 0x0, 0x0, 0x5e,
    0x50, 0x0, 0x0, 0x0, 0x0, 0x0,

    /* U+F00D "" */
    0x6, 0x70, 0x0, 0x0, 0x0, 0x18, 0x40, 0x8f,
    0xfb, 0x0, 0x0, 0x1, 0xdf, 0xf4, 0xff, 0xff,
    0xb0, 0x0, 0x1d, 0xff, 0xfb, 0x7f, 0xff, 0xfb,
    0x1, 0xdf, 0xff, 0xf4, 0x8, 0xff, 0xff, 0xbd,
    0xff, 0xff, 0x40, 0x0, 0x8f, 0xff, 0xff, 0xff,
    0xf4, 0x0, 0x0, 0x8, 0xff, 0xff, 0xff, 0x40,
    0x0, 0x0, 0x1, 0xef, 0xff, 0xfc, 0x0, 0x0,
    0x0, 0x1d, 0xff, 0xff, 0xff, 0xb0, 0x0, 0x1,
    0xdf, 0xff, 0xff, 0xff, 0xfb, 0x0, 0x1d, 0xff,
    0xff, 0x48, 0xff, 0xff, 0xb0, 0xcf, 0xff, 0xf4,
    0x0, 0x8f, 0xff, 0xf9, 0xdf, 0xff, 0x40, 0x0,
    0x8, 0xff, 0xf9, 0x2e, 0xf4, 0x0, 0x0, 0x0,
    0x8f, 0xc0, 0x0, 0x10, 0x0, 0x0, 0x0, 0x1,
    0x0,

    /* U+F011 "" */
    0x0, 0x0, 0x0, 0x0, 0x26, 0x50, 0x0, 0x0,
    0x0, 0x0, 0x0, 0x0, 0x0, 0x0, 0xdf, 0xf3,
    0x0, 0x0, 0x0, 0x0, 0x0, 0x0, 0x64, 0x0,
    0xdf, 0xf4, 0x0, 0x72, 0x0, 0x0, 0x0, 0xb,
    0xfe, 0x10, 0xdf, 0xf4, 0x9, 0xfe, 0x30, 0x0,
    0x0, 0xaf, 0xff, 0x50, 0xdf, 0xf4, 0xe, 0xff,
    0xe1, 0x0, 0x5, 0xff, 0xfb, 0x0, 0xdf, 0xf4,
    0x5, 0xff, 0xfb, 0x0, 0xd, 0xff, 0xb0, 0x0,
    0xdf, 0xf4, 0x0, 0x5f, 0xff, 0x40, 0x4f, 0xff,
    0x20, 0x0, 0xdf, 0xf4, 0x0, 0xb, 0xff, 0xa0,
    0x8f, 0xfb, 0x0, 0x0, 0xdf, 0xf4, 0x0, 0x4,
    0xff, 0xf0, 0xbf, 0xf7, 0x0, 0x0, 0xdf, 0xf4,
    0x0, 0x1, 0xff, 0xf1, 0xbf, 0xf6, 0x0, 0x0,
    0xdf, 0xf4, 0x0, 0x0, 0xff, 0xf2, 0xbf, 0xf7,
    0x0, 0x0, 0x8d, 0xc1, 0x0, 0x0, 0xff, 0xf1,
    0x8f, 0xfa, 0x0, 0x0, 0x0, 0x0, 0x0, 0x4,
    0xff, 0xf0, 0x4f, 0xff, 0x10, 0x0, 0x0, 0x0,
    0x0, 0xa, 0xff, 0xb0, 0xe, 0xff, 0xb0, 0x0,
    0x0, 0x0, 0x0, 0x4f, 0xff, 0x50, 0x6, 0xff,
    0xf9, 0x0, 0x0, 0x0, 0x4, 0xff, 0xfc, 0x0,
    0x0, 0xaf, 0xff, 0xd5, 0x10, 0x3, 0x9f, 0xff,
    0xf2, 0x0, 0x0, 0xb, 0xff, 0xff, 0xff, 0xff,
    0xff, 0xff, 0x40, 0x0, 0x0, 0x0, 0x8f, 0xff,
    0xff, 0xff, 0xff, 0xd2, 0x0, 0x0, 0x0, 0x0,
    0x2, 0x9e, 0xff, 0xff, 0xb6, 0x0, 0x0, 0x0,
    0x0, 0x0, 0x0, 0x0, 0x12, 0x10, 0x0, 0x0,
    0x0, 0x0,

    /* U+F013 "" */
    0x0, 0x0, 0x0, 0x0, 0x2, 0x20, 0x0, 0x0,
    0x0, 0x0, 0x0, 0x0, 0x0, 0x6, 0xff, 0xff,
    0x60, 0x0, 0x0, 0x0, 0x0, 0x0, 0x0, 0x8,
    0xff, 0xff, 0x80, 0x0, 0x0, 0x0, 0x0, 0x1,
    0x0, 0x2b, 0xff, 0xff, 0xb2, 0x0, 0x10, 0x0,
    0x0, 0x8f, 0x87, 0xff, 0xff, 0xff, 0xff, 0x79,
    0xf8, 0x0, 0x4, 0xff, 0xff, 0xff, 0xff, 0xff,
    0xff, 0xff, 0xff, 0x40, 0xc, 0xff, 0xff, 0xff,
    0xff, 0xff, 0xff, 0xff, 0xff, 0xc0, 0x2f, 0xff,
    0xff, 0xff, 0xc7, 0x7c, 0xff, 0xff, 0xff, 0xf2,
    0x7, 0xff, 0xff, 0xfa, 0x0, 0x0, 0xaf, 0xff,
    0xff, 0x70, 0x0, 0x6f, 0xff, 0xf1, 0x0, 0x0,
    0x1f, 0xff, 0xf6, 0x0, 0x0, 0x7f, 0xff, 0xe0,
    0x0, 0x0, 0xe, 0xff, 0xf7, 0x0, 0x0, 0x6f,
    0xff, 0xf1, 0x0, 0x0, 0x1f, 0xff, 0xf6, 0x0,
    0x7, 0xff, 0xff, 0xfa, 0x0, 0x0, 0xaf, 0xff,
    0xff, 0x70, 0x2f, 0xff, 0xff, 0xff, 0xc7, 0x7c,
    0xff, 0xff, 0xff, 0xf2, 0xc, 0xff, 0xff, 0xff,
    0xff, 0xff, 0xff, 0xff, 0xff, 0xc0, 0x4, 0xff,
    0xff, 0xff, 0xff, 0xff, 0xff, 0xff, 0xff, 0x40,
    0x0, 0x8f, 0x97, 0xff, 0xff, 0xff, 0xff, 0x78,
    0xf8, 0x0, 0x0, 0x1, 0x0, 0x1b, 0xff, 0xff,
    0xb1, 0x0, 0x10, 0x0, 0x0, 0x0, 0x0, 0x8,
    0xff, 0xff, 0x80, 0x0, 0x0, 0x0, 0x0, 0x0,
    0x0, 0x6, 0xff, 0xff, 0x60, 0x0, 0x0, 0x0,
    0x0, 0x0, 0x0, 0x0, 0x2, 0x20, 0x0, 0x0,
    0x0, 0x0,

    /* U+F015 "" */
    0x0, 0x0, 0x0, 0x0, 0x0, 0x46, 0x10, 0x0,
    0x67, 0x60, 0x0, 0x0, 0x0, 0x0, 0x0, 0x0,
    0x9f, 0xfe, 0x20, 0xf, 0xff, 0x0, 0x0, 0x0,
    0x0, 0x0, 0x1, 0xbf, 0xff, 0xff, 0x51, 0xff,
    0xf1, 0x0, 0x0, 0x0, 0x0, 0x2, 0xdf, 0xfc,
    0x8f, 0xff, 0x8f, 0xff, 0x10, 0x0, 0x0, 0x0,
    0x4, 0xff, 0xfa, 0x0, 0x4e, 0xff, 0xff, 0xf1,
    0x0, 0x0, 0x0, 0x7, 0xff, 0xf7, 0x8, 0xd3,
    0x2d, 0xff, 0xff, 0x10, 0x0, 0x0, 0xa, 0xff,
    0xf5, 0x1b, 0xff, 0xf5, 0xb, 0xff, 0xf4, 0x0,
    0x0, 0x1c, 0xff, 0xe2, 0x2d, 0xff, 0xff, 0xf7,
    0x8, 0xff, 0xf6, 0x0, 0x3e, 0xff, 0xc1, 0x4e,
    0xff, 0xff, 0xff, 0xfa, 0x5, 0xff, 0xf9, 0xe,
    0xff, 0x90, 0x6f, 0xff, 0xff, 0xff, 0xff, 0xfc,
    0x13, 0xef, 0xf6, 0x4f, 0x70, 0x9f, 0xff, 0xff,
    0xff, 0xff, 0xff, 0xfe, 0x31, 0xcc, 0x0, 0x0,
    0x3f, 0xff, 0xff, 0xff, 0xff, 0xff, 0xff, 0xfb,
    0x0, 0x0, 0x0, 0x4, 0xff, 0xff, 0xff, 0xff,
    0xff, 0xff, 0xff, 0xc0, 0x0, 0x0, 0x0, 0x4f,
    0xff, 0xff, 0x80, 0x1, 0xef, 0xff, 0xfc, 0x0,
    0x0, 0x0, 0x4, 0xff, 0xff, 0xf6, 0x0, 0xe,
    0xff, 0xff, 0xc0, 0x0, 0x0, 0x0, 0x4f, 0xff,
    0xff, 0x60, 0x0, 0xef, 0xff, 0xfc, 0x0, 0x0,
    0x0, 0x4, 0xff, 0xff, 0xf6, 0x0, 0xe, 0xff,
    0xff, 0xc0, 0x0, 0x0, 0x0, 0x2f, 0xff, 0xff,
    0x40, 0x0, 0xcf, 0xff, 0xfa, 0x0, 0x0, 0x0,
    0x0, 0x0, 0x0, 0x0, 0x0, 0x0, 0x0, 0x0,
    0x0, 0x0, 0x0,

    /* U+F017 "" */
    0x0, 0x0, 0x0, 0x0, 0x0, 0x0, 0x0, 0x0,
    0x0, 0x0, 0x0, 0x0, 0x1, 0x7c, 0xef, 0xfd,
    0x94, 0x0, 0x0, 0x0, 0x0, 0x0, 0x7f, 0xff,
    0xff, 0xff, 0xff, 0xc2, 0x0, 0x0, 0x0, 0xb,
    0xff, 0xff, 0xff, 0xff, 0xff, 0xfe, 0x40, 0x0,
    0x0, 0xaf, 0xff, 0xff, 0xdb, 0xbf, 0xff, 0xff,
    0xf2, 0x0, 0x6, 0xff, 0xff, 0xff, 0x60, 0xe,
    0xff, 0xff, 0xfd, 0x0, 0xe, 0xff, 0xff, 0xff,
    0x60, 0xe, 0xff, 0xff, 0xff, 0x60, 0x6f, 0xff,
    0xff, 0xff, 0x60, 0xe, 0xff, 0xff, 0xff, 0xd0,
    0xaf, 0xff, 0xff, 0xff, 0x60, 0xe, 0xff, 0xff,
    0xff, 0xf1, 0xcf, 0xff, 0xff, 0xff, 0x60, 0xe,
    0xff, 0xff, 0xff, 0xf4, 0xef, 0xff, 0xff, 0xff,
    0x60, 0xc, 0xff, 0xff, 0xff, 0xf5, 0xdf, 0xff,
    0xff, 0xff, 0x60, 0x0, 0x9f, 0xff, 0xff, 0xf4,
    0xbf, 0xff, 0xff, 0xff, 0xd3, 0x0, 0x6, 0xff,
    0xff, 0xf2, 0x7f, 0xff, 0xff, 0xff, 0xff, 0x60,
    0xa, 0xff, 0xff, 0xe0, 0x2f, 0xff, 0xff, 0xff,
    0xff, 0xfa, 0x8f, 0xff, 0xff, 0x90, 0x9, 0xff,
    0xff, 0xff, 0xff, 0xff, 0xff, 0xff, 0xff, 0x10,
    0x1, 0xdf, 0xff, 0xff, 0xff, 0xff, 0xff, 0xff,
    0xf5, 0x0, 0x0, 0x2e, 0xff, 0xff, 0xff, 0xff,
    0xff, 0xff, 0x80, 0x0, 0x0, 0x1, 0xcf, 0xff,
    0xff, 0xff, 0xff, 0xf5, 0x0, 0x0, 0x0, 0x0,
    0x5, 0xcf, 0xff, 0xff, 0xe9, 0x10, 0x0, 0x0,
    0x0, 0x0, 0x0, 0x1, 0x34, 0x42, 0x0, 0x0,
    0x0, 0x0,

    /* U+F019 "" */
    0x0, 0x0, 0x0, 0x0, 0x56, 0x65, 0x0, 0x0,
    0x0, 0x0, 0x0, 0x0, 0x0, 0x7, 0xff, 0xff,
    0x70, 0x0, 0x0, 0x0, 0x0, 0x0, 0x0, 0x8,
    0xff, 0xff, 0x80, 0x0, 0x0, 0x0, 0x0, 0x0,
    0x0, 0x8, 0xff, 0xff, 0x80, 0x0, 0x0, 0x0,
    0x0, 0x0, 0x0, 0x8, 0xff, 0xff, 0x80, 0x0,
    0x0, 0x0, 0x0, 0x0, 0x0, 0x8, 0xff, 0xff,
    0x80, 0x0, 0x0, 0x0, 0x0, 0x0, 0x0, 0x8,
    0xff, 0xff, 0x80, 0x0, 0x0, 0x0, 0x0, 0x0,
    0x0, 0x8, 0xff, 0xff, 0x80, 0x0, 0x0, 0x0,
    0x0, 0x7, 0xee, 0xef, 0xff, 0xff, 0xfe, 0xee,
    0x70, 0x0, 0x0, 0x5, 0xff, 0xff, 0xff, 0xff,
    0xff, 0xff, 0x50, 0x0, 0x0, 0x0, 0x6f, 0xff,
    0xff, 0xff, 0xff, 0xf6, 0x0, 0x0, 0x0, 0x0,
    0x5, 0xff, 0xff, 0xff, 0xff, 0x50, 0x0, 0x0,
    0x0, 0x0, 0x0, 0x5f, 0xff, 0xff, 0xf5, 0x0,
    0x0, 0x0, 0x0, 0x0, 0x0, 0x5, 0xff, 0xff,
    0x50, 0x0, 0x0, 0x0, 0x7a, 0xaa, 0xaa, 0x91,
    0x4f, 0xf4, 0x19, 0xaa, 0xaa, 0xa7, 0xff, 0xff,
    0xff, 0xfd, 0x23, 0x32, 0xdf, 0xff, 0xff, 0xff,
    0xff, 0xff, 0xff, 0xff, 0xf9, 0x9f, 0xff, 0xff,
    0xff, 0xff, 0xff, 0xff, 0xff, 0xff, 0xff, 0xff,
    0xff, 0xff, 0xff, 0xff, 0xff, 0xff, 0xff, 0xff,
    0xff, 0xff, 0xfb, 0xf, 0x48, 0xff, 0xff, 0xff,
    0xff, 0xff, 0xff, 0xff, 0xff, 0xef, 0xef, 0xff,
    0x14, 0x44, 0x44, 0x44, 0x44, 0x44, 0x44, 0x44,
    0x44, 0x41,

    /* U+F01C "" */
    0x0, 0x0, 0x3d, 0xff, 0xff, 0xff, 0xff, 0xff,
    0xf9, 0x0, 0x0, 0x0, 0x0, 0x1e, 0xff, 0xff,
    0xff, 0xff, 0xff, 0xff, 0xf8, 0x0, 0x0, 0x0,
    0xa, 0xff, 0x98, 0x88, 0x88, 0x88, 0x88, 0xdf,
    0xf3, 0x0, 0x0, 0x5, 0xff, 0xa0, 0x0, 0x0,
    0x0, 0x0, 0x2, 0xff, 0xd0, 0x0, 0x1, 0xef,
    0xe1, 0x0, 0x0, 0x0, 0x0, 0x0, 0x8, 0xff,
    0x80, 0x0, 0xaf, 0xf5, 0x0, 0x0, 0x0, 0x0,
    0x0, 0x0, 0xd, 0xff, 0x30, 0x5f, 0xfa, 0x0,
    0x0, 0x0, 0x0, 0x0, 0x0, 0x0, 0x3f, 0xfd,
    0xd, 0xff, 0x98, 0x88, 0x70, 0x0, 0x0, 0x3,
    0x88, 0x88, 0xdf, 0xf5, 0xff, 0xff, 0xff, 0xff,
    0x40, 0x0, 0x0, 0xcf, 0xff, 0xff, 0xff, 0x7f,
    0xff, 0xff, 0xff, 0xfc, 0x0, 0x0, 0x5f, 0xff,
    0xff, 0xff, 0xf8, 0xff, 0xff, 0xff, 0xff, 0xff,
    0xff, 0xff, 0xff, 0xff, 0xff, 0xff, 0x8f, 0xff,
    0xff, 0xff, 0xff, 0xff, 0xff, 0xff, 0xff, 0xff,
    0xff, 0xf8, 0xff, 0xff, 0xff, 0xff, 0xff, 0xff,
    0xff, 0xff, 0xff, 0xff, 0xff, 0x8e, 0xff, 0xff,
    0xff, 0xff, 0xff, 0xff, 0xff, 0xff, 0xff, 0xff,
    0xf6, 0x5e, 0xff, 0xff, 0xff, 0xff, 0xff, 0xff,
    0xff, 0xff, 0xff, 0xfb, 0x0,

    /* U+F021 "" */
    0x0, 0x0, 0x0, 0x0, 0x1, 0x10, 0x0, 0x0,
    0x7, 0xba, 0x0, 0x0, 0x1, 0x7c, 0xff, 0xff,
    0xb5, 0x0, 0xb, 0xff, 0x0, 0x0, 0x7f, 0xff,
    0xff, 0xff, 0xff, 0xe5, 0xb, 0xff, 0x0, 0xa,
    0xff, 0xff, 0xdb, 0xbe, 0xff, 0xff, 0x9a, 0xff,
    0x0, 0x9f, 0xff, 0xa2, 0x0, 0x0, 0x3b, 0xff,
    0xff, 0xff, 0x5, 0xff, 0xf6, 0x0, 0x0, 0x0,
    0x0, 0x5f, 0xff, 0xff, 0xd, 0xff, 0x60, 0x0,
    0x0, 0x7, 0xba, 0x9c, 0xff, 0xff, 0x3f, 0xfc,
    0x0, 0x0, 0x0, 0xc, 0xff, 0xff, 0xff, 0xff,
    0x7f, 0xf6, 0x0, 0x0, 0x0, 0xb, 0xff, 0xff,
    0xff, 0xff, 0x0, 0x0, 0x0, 0x0, 0x0, 0x0,
    0x0, 0x0, 0x0, 0x0, 0x0, 0x0, 0x0, 0x0,
    0x0, 0x0, 0x0, 0x0, 0x0, 0x0, 0x0, 0x0,
    0x0, 0x0, 0x0, 0x0, 0x0, 0x0, 0x0, 0x0,
    0xff, 0xff, 0xff, 0xff, 0xb0, 0x0, 0x0, 0x0,
    0x6f, 0xf6, 0xff, 0xff, 0xff, 0xff, 0xc0, 0x0,
    0x0, 0x0, 0xcf, 0xf3, 0xff, 0xff, 0xc9, 0xaa,
    0x70, 0x0, 0x0, 0x7, 0xff, 0xd0, 0xff, 0xff,
    0xf5, 0x0, 0x0, 0x0, 0x0, 0x6f, 0xff, 0x50,
    0xff, 0xff, 0xff, 0xb3, 0x0, 0x0, 0x3b, 0xff,
    0xf9, 0x0, 0xff, 0xa9, 0xff, 0xff, 0xeb, 0xbd,
    0xff, 0xff, 0xa0, 0x0, 0xff, 0xb0, 0x5d, 0xff,
    0xff, 0xff, 0xff, 0xf7, 0x0, 0x0, 0xff, 0xb0,
    0x0, 0x5b, 0xff, 0xff, 0xc8, 0x10, 0x0, 0x0,
    0xab, 0x70, 0x0, 0x0, 0x1, 0x10, 0x0, 0x0,
    0x0, 0x0,

    /* U+F026 "" */
    0x0, 0x0, 0x0, 0x0, 0x1, 0x0, 0x0, 0x0,
    0x2, 0xee, 0x0, 0x0, 0x0, 0x2e, 0xff, 0x0,
    0x0, 0x2, 0xef, 0xff, 0x47, 0x77, 0x7e, 0xff,
    0xff, 0xff, 0xff, 0xff, 0xff, 0xff, 0xff, 0xff,
    0xff, 0xff, 0xff, 0xff, 0xff, 0xff, 0xff, 0xff,
    0xff, 0xff, 0xff, 0xff, 0xff, 0xff, 0xff, 0xff,
    0xff, 0xff, 0xff, 0xff, 0xff, 0xff, 0xff, 0xdf,
    0xff, 0xff, 0xff, 0xff, 0x0, 0x0, 0x9, 0xff,
    0xff, 0x0, 0x0, 0x0, 0x9f, 0xff, 0x0, 0x0,
    0x0, 0x9, 0xff, 0x0, 0x0, 0x0, 0x0, 0x89,

    /* U+F027 "" */
    0x0, 0x0, 0x0, 0x0, 0x89, 0x0, 0x0, 0x0,
    0x0, 0x0, 0x0, 0x9f, 0xf0, 0x0, 0x0, 0x0,
    0x0, 0x0, 0x9f, 0xff, 0x0, 0x0, 0x0, 0x0,
    0x0, 0x9f, 0xff, 0xf0, 0x0, 0x0, 0xdf, 0xff,
    0xff, 0xff, 0xff, 0x0, 0x73, 0xf, 0xff, 0xff,
    0xff, 0xff, 0xf0, 0x1f, 0xf4, 0xff, 0xff, 0xff,
    0xff, 0xff, 0x0, 0x5f, 0xcf, 0xff, 0xff, 0xff,
    0xff, 0xf0, 0x0, 0xff, 0xff, 0xff, 0xff, 0xff,
    0xff, 0x0, 0x4f, 0xdf, 0xff, 0xff, 0xff, 0xff,
    0xf0, 0x1f, 0xf5, 0xff, 0xff, 0xff, 0xff, 0xff,
    0x0, 0x85, 0x4, 0x77, 0x77, 0xef, 0xff, 0xf0,
    0x0, 0x0, 0x0, 0x0, 0x2, 0xef, 0xff, 0x0,
    0x0, 0x0, 0x0, 0x0, 0x2, 0xef, 0xf0, 0x0,
    0x0, 0x0, 0x0, 0x0, 0x2, 0xee, 0x0, 0x0,
    0x0, 0x0, 0x0, 0x0, 0x1, 0x10, 0x0, 0x0,

    /* U+F028 "" */
    0x0, 0x0, 0x0, 0x0, 0x0, 0x0, 0x0, 0x0,
    0x7b, 0x20, 0x0, 0x0, 0x0, 0x0, 0x0, 0x0,
    0x10, 0x0, 0x0, 0x9, 0xfe, 0x30, 0x0, 0x0,
    0x0, 0x0, 0x2, 0xee, 0x0, 0x0, 0x0, 0x9,
    0xff, 0x20, 0x0, 0x0, 0x0, 0x2, 0xef, 0xf0,
    0x0, 0x8, 0x70, 0x8, 0xfd, 0x0, 0x0, 0x0,
    0x2, 0xef, 0xff, 0x0, 0x0, 0xef, 0xb0, 0xc,
    0xf6, 0x4, 0x77, 0x77, 0xef, 0xff, 0xf0, 0x0,
    0x2, 0xdf, 0x80, 0x3f, 0xd0, 0xff, 0xff, 0xff,
    0xff, 0xff, 0x0, 0x74, 0x1, 0xff, 0x10, 0xcf,
    0x3f, 0xff, 0xff, 0xff, 0xff, 0xf0, 0x1f, 0xf4,
    0x8, 0xf7, 0x7, 0xf6, 0xff, 0xff, 0xff, 0xff,
    0xff, 0x0, 0x5f, 0xc0, 0x3f, 0xa0, 0x4f, 0x9f,
    0xff, 0xff, 0xff, 0xff, 0xf0, 0x0, 0xff, 0x2,
    0xfb, 0x4, 0xf9, 0xff, 0xff, 0xff, 0xff, 0xff,
    0x0, 0x5f, 0xc0, 0x3f, 0xa0, 0x5f, 0x9f, 0xff,
    0xff, 0xff, 0xff, 0xf0, 0x1f, 0xf4, 0x8, 0xf7,
    0x7, 0xf6, 0xdf, 0xff, 0xff, 0xff, 0xff, 0x0,
    0x74, 0x2, 0xff, 0x10, 0xcf, 0x30, 0x0, 0x0,
    0x9f, 0xff, 0xf0, 0x0, 0x2, 0xef, 0x80, 0x3f,
    0xd0, 0x0, 0x0, 0x0, 0x9f, 0xff, 0x0, 0x0,
    0xef, 0xb0, 0xc, 0xf6, 0x0, 0x0, 0x0, 0x0,
    0x9f, 0xf0, 0x0, 0x8, 0x70, 0x8, 0xfd, 0x0,
    0x0, 0x0, 0x0, 0x0, 0x89, 0x0, 0x0, 0x0,
    0x8, 0xff, 0x20, 0x0, 0x0, 0x0, 0x0, 0x0,
    0x0, 0x0, 0x0, 0x9, 0xff, 0x30, 0x0, 0x0,
    0x0, 0x0, 0x0, 0x0, 0x0, 0x0, 0x0, 0x7b,
    0x20, 0x0, 0x0,

    /* U+F030 "" */
    0x0, 0x0, 0x0, 0x3, 0x44, 0x44, 0x30, 0x0,
    0x0, 0x0, 0x0, 0x0, 0x1, 0xdf, 0xff, 0xff,
    0xfd, 0x0, 0x0, 0x0, 0x0, 0x0, 0x7, 0xff,
    0xff, 0xff, 0xff, 0x70, 0x0, 0x0, 0x4d, 0xff,
    0xff, 0xff, 0xff, 0xff, 0xff, 0xff, 0xff, 0xd4,
    0xef, 0xff, 0xff, 0xff, 0xff, 0xff, 0xff, 0xff,
    0xff, 0xfe, 0xff, 0xff, 0xff, 0xff, 0xff, 0xff,
    0xff, 0xff, 0xff, 0xff, 0xff, 0xff, 0xff, 0xfc,
    0x51, 0x15, 0xcf, 0xff, 0xff, 0xff, 0xff, 0xff,
    0xff, 0x90, 0x4a, 0xb7, 0x9, 0xff, 0xff, 0xff,
    0xff, 0xff, 0xfd, 0x6, 0xff, 0xff, 0xc0, 0xdf,
    0xff, 0xff, 0xff, 0xff, 0xf7, 0xf, 0xff, 0xff,
    0xf6, 0x7f, 0xff, 0xff, 0xff, 0xff, 0xf5, 0x3f,
    0xff, 0xff, 0xf9, 0x5f, 0xff, 0xff, 0xff, 0xff,
    0xf6, 0x1f, 0xff, 0xff, 0xf8, 0x6f, 0xff, 0xff,
    0xff, 0xff, 0xfb, 0xb, 0xff, 0xff, 0xf2, 0xbf,
    0xff, 0xff, 0xff, 0xff, 0xff, 0x50, 0xaf, 0xfd,
    0x35, 0xff, 0xff, 0xff, 0xff, 0xff, 0xff, 0xf7,
    0x0, 0x10, 0x7f, 0xff, 0xff, 0xff, 0xff, 0xff,
    0xff, 0xff, 0xfc, 0xcf, 0xff, 0xff, 0xff, 0xff,
    0xef, 0xff, 0xff, 0xff, 0xff, 0xff, 0xff, 0xff,
    0xff, 0xfe, 0x6f, 0xff, 0xff, 0xff, 0xff, 0xff,
    0xff, 0xff, 0xff, 0xf6, 0x0, 0x0, 0x0, 0x0,
    0x0, 0x0, 0x0, 0x0, 0x0, 0x0,

    /* U+F03E "" */
    0x5e, 0xff, 0xff, 0xff, 0xff, 0xff, 0xff, 0xff,
    0xff, 0xe5, 0xef, 0xff, 0xff, 0xff, 0xff, 0xff,
    0xff, 0xff, 0xff, 0xfe, 0xff, 0xf6, 0x38, 0xff,
    0xff, 0xff, 0xff, 0xff, 0xff, 0xff, 0xff, 0x60,
    0x0, 0xaf, 0xff, 0xff, 0xff, 0xff, 0xff, 0xff,
    0xff, 0x30, 0x0, 0x7f, 0xff, 0xff, 0xfb, 0xef,
    0xff, 0xff, 0xff, 0x80, 0x0, 0xcf, 0xff, 0xff,
    0x90, 0x3e, 0xff, 0xff, 0xff, 0xfa, 0x7c, 0xff,
    0xff, 0xf9, 0x0, 0x3, 0xef, 0xff, 0xff, 0xff,
    0xfc, 0xff, 0xff, 0x90, 0x0, 0x0, 0x3e, 0xff,
    0xff, 0xff, 0x90, 0x6f, 0xf9, 0x0, 0x0, 0x0,
    0x8, 0xff, 0xff, 0xf9, 0x0, 0x6, 0x90, 0x0,
    0x0, 0x0, 0x8, 0xff, 0xff, 0xb0, 0x0, 0x0,
    0x0, 0x0, 0x0, 0x0, 0x8, 0xff, 0xff, 0x80,
    0x0, 0x0, 0x0, 0x0, 0x0, 0x0, 0x8, 0xff,
    0xff, 0xc8, 0x88, 0x88, 0x88, 0x88, 0x88, 0x88,
    0x8c, 0xff, 0xef, 0xff, 0xff, 0xff, 0xff, 0xff,
    0xff, 0xff, 0xff, 0xfe, 0x5e, 0xff, 0xff, 0xff,
    0xff, 0xff, 0xff, 0xff, 0xff, 0xe5,

    /* U+F043 "" */
    0x0, 0x0, 0x0, 0x42, 0x0, 0x0, 0x0, 0x0,
    0x0, 0x3, 0xff, 0x10, 0x0, 0x0, 0x0, 0x0,
    0xa, 0xff, 0x60, 0x0, 0x0, 0x0, 0x0, 0x1f,
    0xff, 0xc0, 0x0, 0x0, 0x0, 0x0, 0x8f, 0xff,
    0xf4, 0x0, 0x0, 0x0, 0x1, 0xff, 0xff, 0xfc,
    0x0, 0x0, 0x0, 0xa, 0xff, 0xff, 0xff, 0x60,
    0x0, 0x0, 0x4f, 0xff, 0xff, 0xff, 0xf2, 0x0,
    0x1, 0xef, 0xff, 0xff, 0xff, 0xfc, 0x0, 0xb,
    0xff, 0xff, 0xff, 0xff, 0xff, 0x70, 0x3f, 0xff,
    0xff, 0xff, 0xff, 0xff, 0xf1, 0xaf, 0xff, 0xff,
    0xff, 0xff, 0xff, 0xf6, 0xef, 0xff, 0xff, 0xff,
    0xff, 0xff, 0xfa, 0xff, 0xa6, 0xff, 0xff, 0xff,
    0xff, 0xfb, 0xef, 0x91, 0xff, 0xff, 0xff, 0xff,
    0xfa, 0xbf, 0xe0, 0x9f, 0xff, 0xff, 0xff, 0xf7,
    0x5f, 0xf9, 0x7, 0xcf, 0xff, 0xff, 0xf2, 0xc,
    0xff, 0xb3, 0x9, 0xff, 0xff, 0x80, 0x1, 0xdf,
    0xff, 0xff, 0xff, 0xfa, 0x0, 0x0, 0x9, 0xff,
    0xff, 0xff, 0x70, 0x0, 0x0, 0x0, 0x15, 0x77,
    0x40, 0x0, 0x0,

    /* U+F048 "" */
    0x47, 0x60, 0x0, 0x0, 0x0, 0x16, 0x1b, 0xff,
    0x10, 0x0, 0x0, 0x2d, 0xfb, 0xbf, 0xf1, 0x0,
    0x0, 0x2e, 0xff, 0xcb, 0xff, 0x10, 0x0, 0x3e,
    0xff, 0xfc, 0xbf, 0xf1, 0x0, 0x4f, 0xff, 0xff,
    0xcb, 0xff, 0x10, 0x5f, 0xff, 0xff, 0xfc, 0xbf,
    0xf1, 0x6f, 0xff, 0xff, 0xff, 0xcb, 0xff, 0x9f,
    0xff, 0xff, 0xff, 0xfc, 0xbf, 0xff, 0xff, 0xff,
    0xff, 0xff, 0xcb, 0xff, 0xff, 0xff, 0xff, 0xff,
    0xfc, 0xbf, 0xff, 0xff, 0xff, 0xff, 0xff, 0xcb,
    0xff, 0x4e, 0xff, 0xff, 0xff, 0xfc, 0xbf, 0xf1,
    0x2d, 0xff, 0xff, 0xff, 0xcb, 0xff, 0x10, 0x1c,
    0xff, 0xff, 0xfc, 0xbf, 0xf1, 0x0, 0xc, 0xff,
    0xff, 0xcb, 0xff, 0x10, 0x0, 0xb, 0xff, 0xfc,
    0xbf, 0xf1, 0x0, 0x0, 0xa, 0xff, 0xca, 0xff,
    0x10, 0x0, 0x0, 0x8, 0xf7, 0x0, 0x0, 0x0,
    0x0, 0x0, 0x0, 0x0,

    /* U+F04B "" */
    0x6, 0x50, 0x0, 0x0, 0x0, 0x0, 0x0, 0x0,
    0x0, 0xbf, 0xfd, 0x30, 0x0, 0x0, 0x0, 0x0,
    0x0, 0x0, 0xff, 0xff, 0xfa, 0x10, 0x0, 0x0,
    0x0, 0x0, 0x0, 0xff, 0xff, 0xff, 0xf7, 0x0,
    0x0, 0x0, 0x0, 0x0, 0xff, 0xff, 0xff, 0xff,
    0xd4, 0x0, 0x0, 0x0, 0x0, 0xff, 0xff, 0xff,
    0xff, 0xff, 0xb2, 0x0, 0x0, 0x0, 0xff, 0xff,
    0xff, 0xff, 0xff, 0xff, 0x80, 0x0, 0x0, 0xff,
    0xff, 0xff, 0xff, 0xff, 0xff, 0xfe, 0x50, 0x0,
    0xff, 0xff, 0xff, 0xff, 0xff, 0xff, 0xff, 0xfb,
    0x20, 0xff, 0xff, 0xff, 0xff, 0xff, 0xff, 0xff,
    0xff, 0xf2, 0xff, 0xff, 0xff, 0xff, 0xff, 0xff,
    0xff, 0xff, 0xf6, 0xff, 0xff, 0xff, 0xff, 0xff,
    0xff, 0xff, 0xff, 0xf2, 0xff, 0xff, 0xff, 0xff,
    0xff, 0xff, 0xff, 0xfb, 0x20, 0xff, 0xff, 0xff,
    0xff, 0xff, 0xff, 0xfd, 0x50, 0x0, 0xff, 0xff,
    0xff, 0xff, 0xff, 0xff, 0x80, 0x0, 0x0, 0xff,
    0xff, 0xff, 0xff, 0xff, 0xa2, 0x0, 0x0, 0x0,
    0xff, 0xff, 0xff, 0xff, 0xd4, 0x0, 0x0, 0x0,
    0x0, 0xff, 0xff, 0xff, 0xf7, 0x0, 0x0, 0x0,
    0x0, 0x0, 0xff, 0xff, 0xfa, 0x10, 0x0, 0x0,
    0x0, 0x0, 0x0, 0xbf, 0xfd, 0x30, 0x0, 0x0,
    0x0, 0x0, 0x0, 0x0, 0x6, 0x50, 0x0, 0x0,
    0x0, 0x0, 0x0, 0x0, 0x0,

    /* U+F04C "" */
    0x6, 0x77, 0x77, 0x30, 0x0, 0x6, 0x77, 0x77,
    0x30, 0xbf, 0xff, 0xff, 0xf3, 0x0, 0xbf, 0xff,
    0xff, 0xf3, 0xff, 0xff, 0xff, 0xf7, 0x0, 0xff,
    0xff, 0xff, 0xf7, 0xff, 0xff, 0xff, 0xf8, 0x0,
    0xff, 0xff, 0xff, 0xf8, 0xff, 0xff, 0xff, 0xf8,
    0x0, 0xff, 0xff, 0xff, 0xf8, 0xff, 0xff, 0xff,
    0xf8, 0x0, 0xff, 0xff, 0xff, 0xf8, 0xff, 0xff,
    0xff, 0xf8, 0x0, 0xff, 0xff, 0xff, 0xf8, 0xff,
    0xff, 0xff, 0xf8, 0x0, 0xff, 0xff, 0xff, 0xf8,
    0xff, 0xff, 0xff, 0xf8, 0x0, 0xff, 0xff, 0xff,
    0xf8, 0xff, 0xff, 0xff, 0xf8, 0x0, 0xff, 0xff,
    0xff, 0xf8, 0xff, 0xff, 0xff, 0xf8, 0x0, 0xff,
    0xff, 0xff, 0xf8, 0xff, 0xff, 0xff, 0xf8, 0x0,
    0xff, 0xff, 0xff, 0xf8, 0xff, 0xff, 0xff, 0xf8,
    0x0, 0xff, 0xff, 0xff, 0xf8, 0xff, 0xff, 0xff,
    0xf8, 0x0, 0xff, 0xff, 0xff, 0xf8, 0xff, 0xff,
    0xff, 0xf8, 0x0, 0xff, 0xff, 0xff, 0xf8, 0xff,
    0xff, 0xff, 0xf8, 0x0, 0xff, 0xff, 0xff, 0xf8,
    0xef, 0xff, 0xff, 0xf6, 0x0, 0xef, 0xff, 0xff,
    0xf6, 0x6f, 0xff, 0xff, 0xc1, 0x0, 0x6f, 0xff,
    0xff, 0xc1, 0x0, 0x0, 0x0, 0x0, 0x0, 0x0,
    0x0, 0x0, 0x0,

    /* U+F04D "" */
    0x5, 0x77, 0x77, 0x77, 0x77, 0x77, 0x77, 0x77,
    0x30, 0xbf, 0xff, 0xff, 0xff, 0xff, 0xff, 0xff,
    0xff, 0xf3, 0xff, 0xff, 0xff, 0xff, 0xff, 0xff,
    0xff, 0xff, 0xf7, 0xff, 0xff, 0xff, 0xff, 0xff,
    0xff, 0xff, 0xff, 0xf8, 0xff, 0xff, 0xff, 0xff,
    0xff, 0xff, 0xff, 0xff, 0xf8, 0xff, 0xff, 0xff,
    0xff, 0xff, 0xff, 0xff, 0xff, 0xf8, 0xff, 0xff,
    0xff, 0xff, 0xff, 0xff, 0xff, 0xff, 0xf8, 0xff,
    0xff, 0xff, 0xff, 0xff, 0xff, 0xff, 0xff, 0xf8,
    0xff, 0xff, 0xff, 0xff, 0xff, 0xff, 0xff, 0xff,
    0xf8, 0xff, 0xff, 0xff, 0xff, 0xff, 0xff, 0xff,
    0xff, 0xf8, 0xff, 0xff, 0xff, 0xff, 0xff, 0xff,
    0xff, 0xff, 0xf8, 0xff, 0xff, 0xff, 0xff, 0xff,
    0xff, 0xff, 0xff, 0xf8, 0xff, 0xff, 0xff, 0xff,
    0xff, 0xff, 0xff, 0xff, 0xf8, 0xff, 0xff, 0xff,
    0xff, 0xff, 0xff, 0xff, 0xff, 0xf8, 0xff, 0xff,
    0xff, 0xff, 0xff, 0xff, 0xff, 0xff, 0xf8, 0xff,
    0xff, 0xff, 0xff, 0xff, 0xff, 0xff, 0xff, 0xf8,
    0xef, 0xff, 0xff, 0xff, 0xff, 0xff, 0xff, 0xff,
    0xf6, 0x6f, 0xff, 0xff, 0xff, 0xff, 0xff, 0xff,
    0xff, 0xc1, 0x0, 0x0, 0x0, 0x0, 0x0, 0x0,
    0x0, 0x0, 0x0,

    /* U+F051 "" */
    0x5, 0x20, 0x0, 0x0, 0x0, 0x57, 0x66, 0xff,
    0x40, 0x0, 0x0, 0xc, 0xff, 0x8f, 0xff, 0x60,
    0x0, 0x0, 0xdf, 0xf8, 0xff, 0xff, 0x70, 0x0,
    0xd, 0xff, 0x8f, 0xff, 0xff, 0x80, 0x0, 0xdf,
    0xf8, 0xff, 0xff, 0xff, 0x90, 0xd, 0xff, 0x8f,
    0xff, 0xff, 0xff, 0xb0, 0xdf, 0xf8, 0xff, 0xff,
    0xff, 0xff, 0xcd, 0xff, 0x8f, 0xff, 0xff, 0xff,
    0xff, 0xff, 0xf8, 0xff, 0xff, 0xff, 0xff, 0xff,
    0xff, 0x8f, 0xff, 0xff, 0xff, 0xff, 0xff, 0xf8,
    0xff, 0xff, 0xff, 0xff, 0x5d, 0xff, 0x8f, 0xff,
    0xff, 0xff, 0x40, 0xdf, 0xf8, 0xff, 0xff, 0xfe,
    0x30, 0xd, 0xff, 0x8f, 0xff, 0xfe, 0x20, 0x0,
    0xdf, 0xf8, 0xff, 0xfd, 0x20, 0x0, 0xd, 0xff,
    0x7f, 0xfd, 0x10, 0x0, 0x0, 0xdf, 0xf3, 0xfb,
    0x10, 0x0, 0x0, 0xc, 0xff, 0x0, 0x0, 0x0,
    0x0, 0x0, 0x0, 0x0,

    /* U+F052 "" */
    0x0, 0x0, 0x0, 0x0, 0x2, 0x10, 0x0, 0x0,
    0x0, 0x0, 0x0, 0x0, 0x0, 0xa, 0xff, 0x40,
    0x0, 0x0, 0x0, 0x0, 0x0, 0x0, 0xa, 0xff,
    0xff, 0x30, 0x0, 0x0, 0x0, 0x0, 0x0, 0x8,
    0xff, 0xff, 0xfe, 0x20, 0x0, 0x0, 0x0, 0x0,
    0x7, 0xff, 0xff, 0xff, 0xfe, 0x10, 0x0, 0x0,
    0x0, 0x6, 0xff, 0xff, 0xff, 0xff, 0xfd, 0x10,
    0x0, 0x0, 0x5, 0xff, 0xff, 0xff, 0xff, 0xff,
    0xfc, 0x0, 0x0, 0x4, 0xff, 0xff, 0xff, 0xff,
    0xff, 0xff, 0xfb, 0x0, 0x3, 0xff, 0xff, 0xff,
    0xff, 0xff, 0xff, 0xff, 0xfa, 0x0, 0xdf, 0xff,
    0xff, 0xff, 0xff, 0xff, 0xff, 0xff, 0xf5, 0xe,
    0xff, 0xff, 0xff, 0xff, 0xff, 0xff, 0xff, 0xff,
    0x60, 0x5f, 0xff, 0xff, 0xff, 0xff, 0xff, 0xff,
    0xff, 0xc0, 0x0, 0x0, 0x0, 0x0, 0x0, 0x0,
    0x0, 0x0, 0x0, 0x0, 0x9f, 0xff, 0xff, 0xff,
    0xff, 0xff, 0xff, 0xff, 0xe2, 0xf, 0xff, 0xff,
    0xff, 0xff, 0xff, 0xff, 0xff, 0xff, 0x70, 0xff,
    0xff, 0xff, 0xff, 0xff, 0xff, 0xff, 0xff, 0xf8,
    0xf, 0xff, 0xff, 0xff, 0xff, 0xff, 0xff, 0xff,
    0xff, 0x70, 0xbf, 0xff, 0xff, 0xff, 0xff, 0xff,
    0xff, 0xff, 0xf3, 0x0, 0x0, 0x0, 0x0, 0x0,
    0x0, 0x0, 0x0, 0x0, 0x0,

    /* U+F053 "" */
    0x0, 0x0, 0x0, 0x0, 0x0, 0x0, 0x0, 0x0,
    0x0, 0x5f, 0x80, 0x0, 0x0, 0x0, 0x5f, 0xff,
    0x40, 0x0, 0x0, 0x5f, 0xff, 0xe2, 0x0, 0x0,
    0x5f, 0xff, 0xe2, 0x0, 0x0, 0x5f, 0xff, 0xe3,
    0x0, 0x0, 0x5f, 0xff, 0xe3, 0x0, 0x0, 0x5f,
    0xff, 0xe3, 0x0, 0x0, 0x5f, 0xff, 0xe3, 0x0,
    0x0, 0xd, 0xff, 0xf5, 0x0, 0x0, 0x0, 0x4f,
    0xff, 0xe3, 0x0, 0x0, 0x0, 0x4f, 0xff, 0xe3,
    0x0, 0x0, 0x0, 0x4f, 0xff, 0xe3, 0x0, 0x0,
    0x0, 0x4f, 0xff, 0xe3, 0x0, 0x0, 0x0, 0x5f,
    0xff, 0xe3, 0x0, 0x0, 0x0, 0x5f, 0xff, 0xe2,
    0x0, 0x0, 0x0, 0x5f, 0xff, 0x40, 0x0, 0x0,
    0x0, 0x5f, 0x80, 0x0, 0x0, 0x0, 0x0, 0x0,
    0x0,

    /* U+F054 "" */
    0x0, 0x0, 0x0, 0x0, 0x0, 0x2, 0xdb, 0x0,
    0x0, 0x0, 0x0, 0xcf, 0xfc, 0x0, 0x0, 0x0,
    0x9, 0xff, 0xfc, 0x0, 0x0, 0x0, 0x9, 0xff,
    0xfc, 0x0, 0x0, 0x0, 0x9, 0xff, 0xfc, 0x0,
    0x0, 0x0, 0x9, 0xff, 0xfc, 0x0, 0x0, 0x0,
    0x9, 0xff, 0xfc, 0x0, 0x0, 0x0, 0x9, 0xff,
    0xfc, 0x0, 0x0, 0x0, 0xd, 0xff, 0xf6, 0x0,
    0x0, 0x9, 0xff, 0xfc, 0x0, 0x0, 0x9, 0xff,
    0xfc, 0x0, 0x0, 0x9, 0xff, 0xfc, 0x0, 0x0,
    0x9, 0xff, 0xfc, 0x0, 0x0, 0x9, 0xff, 0xfc,
    0x0, 0x0, 0x9, 0xff, 0xfc, 0x0, 0x0, 0x0,
    0xcf, 0xfc, 0x0, 0x0, 0x0, 0x2, 0xdb, 0x0,
    0x0, 0x0, 0x0, 0x0, 0x0, 0x0, 0x0, 0x0,
    0x0,

    /* U+F067 "" */
    0x0, 0x0, 0x0, 0x2, 0x55, 0x0, 0x0, 0x0,
    0x0, 0x0, 0x0, 0x0, 0xf, 0xff, 0x80, 0x0,
    0x0, 0x0, 0x0, 0x0, 0x0, 0x2f, 0xff, 0xa0,
    0x0, 0x0, 0x0, 0x0, 0x0, 0x0, 0x2f, 0xff,
    0xa0, 0x0, 0x0, 0x0, 0x0, 0x0, 0x0, 0x2f,
    0xff, 0xa0, 0x0, 0x0, 0x0, 0x0, 0x0, 0x0,
    0x2f, 0xff, 0xa0, 0x0, 0x0, 0x0, 0x0, 0x0,
    0x0, 0x2f, 0xff, 0xa0, 0x0, 0x0, 0x0, 0x37,
    0x77, 0x77, 0x8f, 0xff, 0xc7, 0x77, 0x77, 0x60,
    0xef, 0xff, 0xff, 0xff, 0xff, 0xff, 0xff, 0xff,
    0xf6, 0xff, 0xff, 0xff, 0xff, 0xff, 0xff, 0xff,
    0xff, 0xf8, 0xdf, 0xff, 0xff, 0xff, 0xff, 0xff,
    0xff, 0xff, 0xf5, 0x14, 0x44, 0x44, 0x5f, 0xff,
    0xb4, 0x44, 0x44, 0x30, 0x0, 0x0, 0x0, 0x2f,
    0xff, 0xa0, 0x0, 0x0, 0x0, 0x0, 0x0, 0x0,
    0x2f, 0xff, 0xa0, 0x0, 0x0, 0x0, 0x0, 0x0,
    0x0, 0x2f, 0xff, 0xa0, 0x0, 0x0, 0x0, 0x0,
    0x0, 0x0, 0x2f, 0xff, 0xa0, 0x0, 0x0, 0x0,
    0x0, 0x0, 0x0, 0x1f, 0xff, 0x90, 0x0, 0x0,
    0x0, 0x0, 0x0, 0x0, 0xd, 0xff, 0x60, 0x0,
    0x0, 0x0, 0x0, 0x0, 0x0, 0x0, 0x21, 0x0,
    0x0, 0x0, 0x0,

    /* U+F068 "" */
    0x49, 0x99, 0x99, 0x99, 0x99, 0x99, 0x99, 0x99,
    0x80, 0xff, 0xff, 0xff, 0xff, 0xff, 0xff, 0xff,
    0xff, 0xf7, 0xff, 0xff, 0xff, 0xff, 0xff, 0xff,
    0xff, 0xff, 0xf7, 0xcf, 0xff, 0xff, 0xff, 0xff,
    0xff, 0xff, 0xff, 0xf4, 0x2, 0x22, 0x22, 0x22,
    0x22, 0x22, 0x22, 0x22, 0x10,

    /* U+F06B "" */
    0x0, 0x0, 0x1, 0x10, 0x0, 0x0, 0x0, 0x10,
    0x0, 0x0, 0x0, 0x1, 0xcf, 0xfc, 0x20, 0x2,
    0xcf, 0xfc, 0x20, 0x0, 0x0, 0xd, 0xfe, 0xdf,
    0xf3, 0x2e, 0xfd, 0xdf, 0xe0, 0x0, 0x0, 0x4f,
    0xc0, 0x7, 0xfe, 0xdf, 0x80, 0xa, 0xf5, 0x0,
    0x0, 0x6f, 0x80, 0x0, 0x9f, 0xfb, 0x0, 0x6,
    0xf7, 0x0, 0x0, 0x3f, 0xd3, 0x0, 0x1e, 0xe2,
    0x0, 0x2d, 0xf5, 0x0, 0xaf, 0xff, 0xff, 0xff,
    0xff, 0xff, 0xff, 0xff, 0xff, 0xfa, 0xff, 0xff,
    0xff, 0xff, 0xff, 0xff, 0xff, 0xff, 0xff, 0xff,
    0xff, 0xff, 0xff, 0xff, 0xff, 0xff, 0xff, 0xff,
    0xff, 0xff, 0xff, 0xff, 0xff, 0xff, 0xff, 0xff,
    0xff, 0xff, 0xff, 0xff, 0xdf, 0xff, 0xff, 0xff,
    0xff, 0xff, 0xff, 0xff, 0xff, 0xfd, 0x0, 0x0,
    0x0, 0x0, 0x0, 0x0, 0x0, 0x0, 0x0, 0x0,
    0xc, 0xff, 0xff, 0xff, 0xc0, 0xc, 0xff, 0xff,
    0xff, 0xc0, 0xc, 0xff, 0xff, 0xff, 0xc0, 0xc,
    0xff, 0xff, 0xff, 0xc0, 0xc, 0xff, 0xff, 0xff,
    0xc0, 0xc, 0xff, 0xff, 0xff, 0xc0, 0xc, 0xff,
    0xff, 0xff, 0xc0, 0xc, 0xff, 0xff, 0xff, 0xc0,
    0xc, 0xff, 0xff, 0xff, 0xc0, 0xc, 0xff, 0xff,
    0xff, 0xc0, 0x9, 0xff, 0xff, 0xff, 0xc0, 0xc,
    0xff, 0xff, 0xff, 0x90, 0x0, 0x34, 0x44, 0x44,
    0x30, 0x3, 0x44, 0x44, 0x43, 0x0,

    /* U+F06D "" */
    0x0, 0x0, 0x0, 0x18, 0x10, 0x0, 0x0, 0x0,
    0x0, 0x0, 0xb, 0xf7, 0x0, 0x0, 0x0, 0x0,
    0x0, 0x4, 0xff, 0xb0, 0x0, 0x0, 0x0, 0x0,
    0x0, 0xbf, 0xff, 0x30, 0x0, 0x0, 0x0, 0x0,
    0xf, 0xff, 0xfe, 0x20, 0x0, 0x0, 0x0, 0x0,
    0xff, 0xff, 0xfe, 0x20, 0x0, 0x0, 0x0, 0xa,
    0xff, 0xff, 0xfe, 0x20, 0x0, 0x8, 0x40, 0x2f,
    0xff, 0xff, 0xfe, 0x10, 0x8, 0xfb, 0x0, 0x4f,
    0xff, 0xff, 0xfb, 0x2, 0xff, 0xc0, 0x0, 0x4f,
    0xff, 0xff, 0xf4, 0x9f, 0xfc, 0x0, 0x0, 0x9f,
    0xff, 0xff, 0x9d, 0xff, 0xc0, 0x0, 0x4, 0xff,
    0xff, 0xfd, 0xff, 0xfe, 0x0, 0x0, 0x7f, 0xff,
    0xff, 0xff, 0xff, 0xfa, 0x0, 0x4f, 0xff, 0xff,
    0xff, 0xdf, 0xff, 0xff, 0xef, 0xff, 0xff, 0xff,
    0xc8, 0xff, 0xff, 0xff, 0xff, 0xff, 0xff, 0xf8,
    0x1f, 0xff, 0xff, 0xff, 0xff, 0xff, 0xff, 0x10,
    0x5f, 0xff, 0xff, 0xff, 0xff, 0xff, 0x50, 0x0,
    0x6f, 0xff, 0xff, 0xff, 0xff, 0x60, 0x0, 0x0,
    0x3c, 0xff, 0xff, 0xfc, 0x30, 0x0, 0x0, 0x0,
    0x1, 0x45, 0x41, 0x0, 0x0, 0x0,

    /* U+F06E "" */
    0x0, 0x0, 0x0, 0x6, 0xad, 0xff, 0xec, 0x83,
    0x0, 0x0, 0x0, 0x0, 0x0, 0x0, 0x8f, 0xff,
    0xff, 0xef, 0xff, 0xfc, 0x40, 0x0, 0x0, 0x0,
    0x3, 0xdf, 0xff, 0x92, 0x0, 0x5, 0xdf, 0xff,
    0x90, 0x0, 0x0, 0x4, 0xff, 0xff, 0x50, 0x2,
    0x52, 0x1, 0xcf, 0xff, 0xb0, 0x0, 0x3, 0xff,
    0xff, 0x80, 0x0, 0x7f, 0xf9, 0x1, 0xef, 0xff,
    0xb0, 0x1, 0xef, 0xff, 0xf0, 0x0, 0x8, 0xff,
    0xf7, 0x8, 0xff, 0xff, 0x80, 0xaf, 0xff, 0xfb,
    0x2, 0x25, 0xff, 0xff, 0xe0, 0x3f, 0xff, 0xff,
    0x2f, 0xff, 0xff, 0xa0, 0x7f, 0xff, 0xff, 0xff,
    0x2, 0xff, 0xff, 0xf7, 0x9f, 0xff, 0xfb, 0x5,
    0xff, 0xff, 0xff, 0xc0, 0x3f, 0xff, 0xff, 0x21,
    0xef, 0xff, 0xf0, 0xc, 0xff, 0xff, 0xf5, 0x7,
    0xff, 0xff, 0x80, 0x3, 0xff, 0xff, 0x80, 0x1a,
    0xff, 0xe5, 0x1, 0xef, 0xff, 0xb0, 0x0, 0x4,
    0xff, 0xff, 0x50, 0x0, 0x10, 0x1, 0xcf, 0xff,
    0xb0, 0x0, 0x0, 0x3, 0xdf, 0xff, 0x92, 0x0,
    0x5, 0xdf, 0xff, 0x90, 0x0, 0x0, 0x0, 0x0,
    0x7f, 0xff, 0xff, 0xef, 0xff, 0xfc, 0x40, 0x0,
    0x0, 0x0, 0x0, 0x0, 0x5, 0xad, 0xef, 0xec,
    0x83, 0x0, 0x0, 0x0, 0x0,

    /* U+F070 "" */
    0x0, 0x60, 0x0, 0x0, 0x0, 0x0, 0x0, 0x0,
    0x0, 0x0, 0x0, 0x0, 0x0, 0xb, 0xfc, 0x10,
    0x0, 0x0, 0x0, 0x0, 0x0, 0x0, 0x0, 0x0,
    0x0, 0x0, 0xc, 0xff, 0xe4, 0x0, 0x0, 0x0,
    0x0, 0x0, 0x0, 0x0, 0x0, 0x0, 0x0, 0x0,
    0x9f, 0xff, 0x70, 0x4, 0x8c, 0xef, 0xed, 0x94,
    0x0, 0x0, 0x0, 0x0, 0x0, 0x5, 0xff, 0xfb,
    0xef, 0xff, 0xfe, 0xff, 0xff, 0xe6, 0x0, 0x0,
    0x0, 0x0, 0x0, 0x2d, 0xff, 0xff, 0xc4, 0x0,
    0x4, 0xcf, 0xff, 0xb1, 0x0, 0x0, 0x0, 0x0,
    0x0, 0xbf, 0xff, 0x60, 0x3, 0x10, 0x9, 0xff,
    0xfe, 0x20, 0x0, 0x0, 0x0, 0x0, 0x7, 0xff,
    0xf9, 0x4f, 0xfa, 0x0, 0xcf, 0xff, 0xe1, 0x0,
    0x0, 0xb, 0xb0, 0x0, 0x3e, 0xff, 0xef, 0xff,
    0xa0, 0x4f, 0xff, 0xfb, 0x0, 0x0, 0x6f, 0xfd,
    0x30, 0x1, 0xcf, 0xff, 0xff, 0xf1, 0xf, 0xff,
    0xff, 0x50, 0x0, 0xbf, 0xff, 0xf6, 0x0, 0x8,
    0xff, 0xff, 0xf3, 0xe, 0xff, 0xff, 0xa0, 0x0,
    0x6f, 0xff, 0xff, 0x0, 0x0, 0x5f, 0xff, 0xf2,
    0xf, 0xff, 0xff, 0x50, 0x0, 0xc, 0xff, 0xff,
    0x40, 0x0, 0x2, 0xdf, 0xfe, 0x8f, 0xff, 0xfa,
    0x0, 0x0, 0x1, 0xef, 0xff, 0xc0, 0x0, 0x0,
    0xa, 0xff, 0xff, 0xff, 0xd1, 0x0, 0x0, 0x0,
    0x2e, 0xff, 0xf9, 0x0, 0x0, 0x0, 0x6f, 0xff,
    0xfd, 0x10, 0x0, 0x0, 0x0, 0x1, 0xcf, 0xff,
    0xc4, 0x0, 0x0, 0x3, 0xef, 0xfd, 0x20, 0x0,
    0x0, 0x0, 0x0, 0x6, 0xef, 0xff, 0xfe, 0xe3,
    0x0, 0x1b, 0xff, 0xf5, 0x0, 0x0, 0x0, 0x0,
    0x0, 0x5, 0x9d, 0xef, 0xec, 0x20, 0x0, 0x8f,
    0xff, 0x90, 0x0, 0x0, 0x0, 0x0, 0x0, 0x0,
    0x0, 0x0, 0x0, 0x0, 0x4, 0xef, 0xfb, 0x0,
    0x0, 0x0, 0x0, 0x0, 0x0, 0x0, 0x0, 0x0,
    0x0, 0x0, 0x1c, 0xfa, 0x0, 0x0, 0x0, 0x0,
    0x0, 0x0, 0x0, 0x0, 0x0, 0x0, 0x0, 0x0,
    0x60,

    /* U+F071 "" */
    0x0, 0x0, 0x0, 0x0, 0x0, 0x7, 0xa3, 0x0,
    0x0, 0x0, 0x0, 0x0, 0x0, 0x0, 0x0, 0x0,
    0x0, 0x8f, 0xfe, 0x10, 0x0, 0x0, 0x0, 0x0,
    0x0, 0x0, 0x0, 0x0, 0x2, 0xff, 0xff, 0x90,
    0x0, 0x0, 0x0, 0x0, 0x0, 0x0, 0x0, 0x0,
    0xa, 0xff, 0xff, 0xf3, 0x0, 0x0, 0x0, 0x0,
    0x0, 0x0, 0x0, 0x0, 0x4f, 0xff, 0xff, 0xfb,
    0x0, 0x0, 0x0, 0x0, 0x0, 0x0, 0x0, 0x0,
    0xcf, 0xff, 0xff, 0xff, 0x50, 0x0, 0x0, 0x0,
    0x0, 0x0, 0x0, 0x6, 0xff, 0xff, 0xff, 0xff,
    0xd0, 0x0, 0x0, 0x0, 0x0, 0x0, 0x0, 0xe,
    0xff, 0xa2, 0x24, 0xff, 0xf7, 0x0, 0x0, 0x0,
    0x0, 0x0, 0x0, 0x8f, 0xff, 0x90, 0x1, 0xff,
    0xff, 0x10, 0x0, 0x0, 0x0, 0x0, 0x2, 0xff,
    0xff, 0xa0, 0x2, 0xff, 0xff, 0x90, 0x0, 0x0,
    0x0, 0x0, 0xa, 0xff, 0xff, 0xb0, 0x3, 0xff,
    0xff, 0xf2, 0x0, 0x0, 0x0, 0x0, 0x3f, 0xff,
    0xff, 0xc0, 0x4, 0xff, 0xff, 0xfb, 0x0, 0x0,
    0x0, 0x0, 0xcf, 0xff, 0xff, 0xd0, 0x5, 0xff,
    0xff, 0xff, 0x40, 0x0, 0x0, 0x6, 0xff, 0xff,
    0xff, 0xf9, 0x9c, 0xff, 0xff, 0xff, 0xd0, 0x0,
    0x0, 0xe, 0xff, 0xff, 0xff, 0xf5, 0x2b, 0xff,
    0xff, 0xff, 0xf7, 0x0, 0x0, 0x8f, 0xff, 0xff,
    0xff, 0x90, 0x1, 0xff, 0xff, 0xff, 0xfe, 0x10,
    0x1, 0xff, 0xff, 0xff, 0xff, 0x80, 0x0, 0xff,
    0xff, 0xff, 0xff, 0x90, 0xa, 0xff, 0xff, 0xff,
    0xff, 0xf4, 0x1a, 0xff, 0xff, 0xff, 0xff, 0xf2,
    0xf, 0xff, 0xff, 0xff, 0xff, 0xff, 0xff, 0xff,
    0xff, 0xff, 0xff, 0xf7, 0xb, 0xff, 0xff, 0xff,
    0xff, 0xff, 0xff, 0xff, 0xff, 0xff, 0xff, 0xf4,
    0x1, 0x68, 0x88, 0x88, 0x88, 0x88, 0x88, 0x88,
    0x88, 0x88, 0x88, 0x40,

    /* U+F072 "" */
    0x0, 0x0, 0x0, 0x2, 0x78, 0x71, 0x0, 0x0,
    0x0, 0x0, 0x0, 0x0, 0x0, 0x0, 0x0, 0x7,
    0xff, 0xf9, 0x0, 0x0, 0x0, 0x0, 0x0, 0x0,
    0x0, 0x0, 0x0, 0x3, 0xff, 0xff, 0x20, 0x0,
    0x0, 0x0, 0x0, 0x0, 0x0, 0x0, 0x0, 0x0,
    0xef, 0xff, 0xa0, 0x0, 0x0, 0x0, 0x0, 0x0,
    0x0, 0x0, 0x0, 0x0, 0xaf, 0xff, 0xf3, 0x0,
    0x0, 0x0, 0x0, 0x0, 0x3, 0x42, 0x0, 0x0,
    0x5f, 0xff, 0xfc, 0x0, 0x0, 0x0, 0x0, 0x0,
    0xe, 0xff, 0x20, 0x0, 0x1f, 0xff, 0xff, 0x50,
    0x0, 0x0, 0x0, 0x0, 0xb, 0xff, 0xd0, 0x0,
    0xc, 0xff, 0xff, 0xd0, 0x0, 0x0, 0x0, 0x0,
    0x6, 0xff, 0xfd, 0xcc, 0xce, 0xff, 0xff, 0xfd,
    0xcc, 0xcc, 0xa5, 0x0, 0x1, 0xff, 0xff, 0xff,
    0xff, 0xff, 0xff, 0xff, 0xff, 0xff, 0xff, 0xc1,
    0x0, 0xdf, 0xff, 0xff, 0xff, 0xff, 0xff, 0xff,
    0xff, 0xff, 0xff, 0xf6, 0x0, 0xff, 0xff, 0xff,
    0xff, 0xff, 0xff, 0xff, 0xff, 0xff, 0xff, 0xf3,
    0x4, 0xff, 0xff, 0xff, 0xff, 0xff, 0xff, 0xff,
    0xff, 0xff, 0xfc, 0x30, 0x9, 0xff, 0xf5, 0x33,
    0x3c, 0xff, 0xff, 0xf4, 0x33, 0x33, 0x10, 0x0,
    0xd, 0xff, 0x60, 0x0, 0xf, 0xff, 0xff, 0x80,
    0x0, 0x0, 0x0, 0x0, 0x9, 0xb8, 0x0, 0x0,
    0x4f, 0xff, 0xfe, 0x0, 0x0, 0x0, 0x0, 0x0,
    0x0, 0x0, 0x0, 0x0, 0x9f, 0xff, 0xf5, 0x0,
    0x0, 0x0, 0x0, 0x0, 0x0, 0x0, 0x0, 0x0,
    0xdf, 0xff, 0xc0, 0x0, 0x0, 0x0, 0x0, 0x0,
    0x0, 0x0, 0x0, 0x2, 0xff, 0xff, 0x30, 0x0,
    0x0, 0x0, 0x0, 0x0, 0x0, 0x0, 0x0, 0x6,
    0xff, 0xf9, 0x0, 0x0, 0x0, 0x0, 0x0, 0x0,
    0x0, 0x0, 0x0, 0x2, 0x78, 0x71, 0x0, 0x0,
    0x0, 0x0, 0x0, 0x0,

    /* U+F074 "" */
    0x0, 0x0, 0x0, 0x0, 0x0, 0x0, 0x0, 0x4,
    0x30, 0x0, 0x0, 0x0, 0x0, 0x0, 0x0, 0x0,
    0x0, 0xf, 0xf5, 0x0, 0x0, 0x0, 0x0, 0x0,
    0x0, 0x0, 0x0, 0xf, 0xff, 0x50, 0xef, 0xff,
    0xf6, 0x0, 0x0, 0x1, 0xcf, 0xff, 0xff, 0xf5,
    0xff, 0xff, 0xff, 0x50, 0x0, 0xc, 0xff, 0xff,
    0xff, 0xff, 0xff, 0xff, 0xff, 0xf5, 0x0, 0xbf,
    0xff, 0xff, 0xff, 0xf7, 0x22, 0x23, 0xdf, 0xf8,
    0x9, 0xff, 0xf7, 0x2f, 0xff, 0x70, 0x0, 0x0,
    0x2e, 0xb0, 0x7f, 0xff, 0x90, 0xf, 0xf7, 0x0,
    0x0, 0x0, 0x3, 0x6, 0xff, 0xfa, 0x0, 0x7,
    0x60, 0x0, 0x0, 0x0, 0x0, 0x4f, 0xff, 0xb0,
    0x0, 0x0, 0x0, 0x0, 0x0, 0x0, 0x3, 0xff,
    0xfd, 0x3, 0x0, 0x7, 0x60, 0x0, 0x0, 0x0,
    0x2e, 0xff, 0xe1, 0x3f, 0x90, 0xf, 0xf8, 0x0,
    0x22, 0x23, 0xdf, 0xfe, 0x22, 0xef, 0xf7, 0x2f,
    0xff, 0x80, 0xff, 0xff, 0xff, 0xf3, 0x0, 0xcf,
    0xff, 0xff, 0xff, 0xf7, 0xff, 0xff, 0xff, 0x50,
    0x0, 0xc, 0xff, 0xff, 0xff, 0xfe, 0xef, 0xff,
    0xf6, 0x0, 0x0, 0x1, 0xcf, 0xff, 0xff, 0xf4,
    0x0, 0x0, 0x0, 0x0, 0x0, 0x0, 0x0, 0xf,
    0xff, 0x40, 0x0, 0x0, 0x0, 0x0, 0x0, 0x0,
    0x0, 0xf, 0xf5, 0x0, 0x0, 0x0, 0x0, 0x0,
    0x0, 0x0, 0x0, 0x4, 0x30, 0x0,

    /* U+F077 "" */
    0x0, 0x0, 0x0, 0x0, 0x94, 0x0, 0x0, 0x0,
    0x0, 0x0, 0x0, 0x0, 0xc, 0xff, 0x50, 0x0,
    0x0, 0x0, 0x0, 0x0, 0x0, 0xcf, 0xff, 0xf5,
    0x0, 0x0, 0x0, 0x0, 0x0, 0xc, 0xff, 0xff,
    0xff, 0x50, 0x0, 0x0, 0x0, 0x0, 0xcf, 0xff,
    0xae, 0xff, 0xf5, 0x0, 0x0, 0x0, 0xc, 0xff,
    0xf9, 0x3, 0xef, 0xff, 0x50, 0x0, 0x0, 0xcf,
    0xff, 0x90, 0x0, 0x3e, 0xff, 0xf5, 0x0, 0xc,
    0xff, 0xf9, 0x0, 0x0, 0x3, 0xef, 0xff, 0x50,
    0xaf, 0xff, 0x90, 0x0, 0x0, 0x0, 0x3e, 0xff,
    0xf2, 0x7f, 0xf9, 0x0, 0x0, 0x0, 0x0, 0x3,
    0xef, 0xe1, 0x6, 0x70, 0x0, 0x0, 0x0, 0x0,
    0x0, 0x29, 0x20,

    /* U+F078 "" */
    0x6, 0x70, 0x0, 0x0, 0x0, 0x0, 0x0, 0x29,
    0x20, 0x7f, 0xf9, 0x0, 0x0, 0x0, 0x0, 0x2,
    0xef, 0xe1, 0x9f, 0xff, 0x90, 0x0, 0x0, 0x0,
    0x3e, 0xff, 0xf2, 0xb, 0xff, 0xf9, 0x0, 0x0,
    0x3, 0xef, 0xff, 0x50, 0x0, 0xbf, 0xff, 0x90,
    0x0, 0x3e, 0xff, 0xf5, 0x0, 0x0, 0xb, 0xff,
    0xf9, 0x3, 0xef, 0xff, 0x50, 0x0, 0x0, 0x0,
    0xbf, 0xff, 0xae, 0xff, 0xf5, 0x0, 0x0, 0x0,
    0x0, 0xb, 0xff, 0xff, 0xff, 0x50, 0x0, 0x0,
    0x0, 0x0, 0x0, 0xbf, 0xff, 0xf5, 0x0, 0x0,
    0x0, 0x0, 0x0, 0x0, 0xb, 0xff, 0x50, 0x0,
    0x0, 0x0, 0x0, 0x0, 0x0, 0x0, 0x94, 0x0,
    0x0, 0x0, 0x0,

    /* U+F079 "" */
    0x0, 0x0, 0x9c, 0x10, 0x0, 0x0, 0x0, 0x0,
    0x0, 0x0, 0x0, 0x0, 0x0, 0x0, 0xa, 0xff,
    0xd1, 0x0, 0x58, 0x88, 0x88, 0x88, 0x88, 0x81,
    0x0, 0x0, 0x0, 0xaf, 0xff, 0xfd, 0x20, 0xef,
    0xff, 0xff, 0xff, 0xff, 0xf6, 0x0, 0x0, 0xa,
    0xff, 0xff, 0xff, 0xe2, 0x4e, 0xff, 0xff, 0xff,
    0xff, 0xf6, 0x0, 0x0, 0x8f, 0xfc, 0xff, 0xcf,
    0xfd, 0x0, 0x0, 0x0, 0x0, 0x1f, 0xf6, 0x0,
    0x0, 0x7f, 0xc2, 0xff, 0x67, 0xfc, 0x0, 0x0,
    0x0, 0x0, 0x1f, 0xf6, 0x0, 0x0, 0x3, 0x1,
    0xff, 0x60, 0x30, 0x0, 0x0, 0x0, 0x0, 0x1f,
    0xf6, 0x0, 0x0, 0x0, 0x1, 0xff, 0x60, 0x0,
    0x0, 0x0, 0x0, 0x0, 0x1f, 0xf6, 0x0, 0x0,
    0x0, 0x1, 0xff, 0x60, 0x0, 0x0, 0x0, 0x0,
    0x0, 0x1f, 0xf6, 0x0, 0x0, 0x0, 0x1, 0xff,
    0x60, 0x0, 0x0, 0x0, 0x3, 0xd7, 0x1f, 0xf6,
    0x3d, 0x70, 0x0, 0x1, 0xff, 0x60, 0x0, 0x0,
    0x0, 0xa, 0xff, 0x7f, 0xf9, 0xef, 0xf0, 0x0,
    0x1, 0xff, 0xb8, 0x88, 0x88, 0x88, 0x32, 0xef,
    0xff, 0xff, 0xff, 0x60, 0x0, 0x1, 0xff, 0xff,
    0xff, 0xff, 0xff, 0xf2, 0x2e, 0xff, 0xff, 0xf6,
    0x0, 0x0, 0x0, 0xdf, 0xff, 0xff, 0xff, 0xff,
    0xe2, 0x2, 0xef, 0xff, 0x60, 0x0, 0x0, 0x0,
    0x0, 0x0, 0x0, 0x0, 0x0, 0x0, 0x0, 0x2e,
    0xf6, 0x0, 0x0, 0x0, 0x0, 0x0, 0x0, 0x0,
    0x0, 0x0, 0x0, 0x0, 0x1, 0x30, 0x0, 0x0,

    /* U+F07A "" */
    0x5, 0x88, 0x87, 0x30, 0x0, 0x0, 0x0, 0x0,
    0x0, 0x0, 0x0, 0x0, 0xf, 0xff, 0xff, 0xd0,
    0x0, 0x0, 0x0, 0x0, 0x0, 0x0, 0x0, 0x0,
    0xd, 0xff, 0xff, 0xf0, 0x0, 0x0, 0x0, 0x0,
    0x0, 0x0, 0x0, 0x0, 0x0, 0x0, 0x4f, 0xff,
    0xff, 0xff, 0xff, 0xff, 0xff, 0xff, 0xff, 0xf3,
    0x0, 0x0, 0x1f, 0xff, 0xff, 0xff, 0xff, 0xff,
    0xff, 0xff, 0xff, 0xf4, 0x0, 0x0, 0xe, 0xff,
    0xff, 0xff, 0xff, 0xff, 0xff, 0xff, 0xff, 0xf1,
    0x0, 0x0, 0xb, 0xff, 0xff, 0xff, 0xff, 0xff,
    0xff, 0xff, 0xff, 0xd0, 0x0, 0x0, 0x8, 0xff,
    0xff, 0xff, 0xff, 0xff, 0xff, 0xff, 0xff, 0x90,
    0x0, 0x0, 0x4, 0xff, 0xff, 0xff, 0xff, 0xff,
    0xff, 0xff, 0xff, 0x60, 0x0, 0x0, 0x1, 0xff,
    0xff, 0xff, 0xff, 0xff, 0xff, 0xff, 0xff, 0x20,
    0x0, 0x0, 0x0, 0xef, 0xff, 0xff, 0xff, 0xff,
    0xff, 0xff, 0xfe, 0x0, 0x0, 0x0, 0x0, 0xbf,
    0xff, 0xff, 0xff, 0xff, 0xff, 0xff, 0xfb, 0x0,
    0x0, 0x0, 0x0, 0x7f, 0xff, 0xff, 0xff, 0xff,
    0xff, 0xff, 0xf6, 0x0, 0x0, 0x0, 0x0, 0x4f,
    0xf4, 0x0, 0x0, 0x0, 0x0, 0x0, 0x0, 0x0,
    0x0, 0x0, 0x0, 0x1f, 0xfb, 0x88, 0x88, 0x88,
    0x88, 0x88, 0x40, 0x0, 0x0, 0x0, 0x0, 0xe,
    0xff, 0xff, 0xff, 0xff, 0xff, 0xff, 0xc0, 0x0,
    0x0, 0x0, 0x0, 0xc, 0xff, 0xff, 0xff, 0xff,
    0xff, 0xff, 0xc0, 0x0, 0x0, 0x0, 0x0, 0x7f,
    0xff, 0x40, 0x0, 0x0, 0x3, 0xff, 0xf9, 0x0,
    0x0, 0x0, 0x0, 0xbf, 0xff, 0x80, 0x0, 0x0,
    0x7, 0xff, 0xfd, 0x0, 0x0, 0x0, 0x0, 0x7f,
    0xff, 0x50, 0x0, 0x0, 0x3, 0xff, 0xf9, 0x0,
    0x0, 0x0, 0x0, 0x7, 0xa5, 0x0, 0x0, 0x0,
    0x0, 0x4a, 0x70, 0x0,

    /* U+F07B "" */
    0x5e, 0xff, 0xff, 0xff, 0x90, 0x0, 0x0, 0x0,
    0x0, 0x0, 0xef, 0xff, 0xff, 0xff, 0xf9, 0x0,
    0x0, 0x0, 0x0, 0x0, 0xff, 0xff, 0xff, 0xff,
    0xff, 0xa8, 0x88, 0x88, 0x88, 0x60, 0xff, 0xff,
    0xff, 0xff, 0xff, 0xff, 0xff, 0xff, 0xff, 0xfb,
    0xff, 0xff, 0xff, 0xff, 0xff, 0xff, 0xff, 0xff,
    0xff, 0xff, 0xff, 0xff, 0xff, 0xff, 0xff, 0xff,
    0xff, 0xff, 0xff, 0xff, 0xff, 0xff, 0xff, 0xff,
    0xff, 0xff, 0xff, 0xff, 0xff, 0xff, 0xff, 0xff,
    0xff, 0xff, 0xff, 0xff, 0xff, 0xff, 0xff, 0xff,
    0xff, 0xff, 0xff, 0xff, 0xff, 0xff, 0xff, 0xff,
    0xff, 0xff, 0xff, 0xff, 0xff, 0xff, 0xff, 0xff,
    0xff, 0xff, 0xff, 0xff, 0xff, 0xff, 0xff, 0xff,
    0xff, 0xff, 0xff, 0xff, 0xff, 0xff, 0xff, 0xff,
    0xff, 0xff, 0xff, 0xff, 0xff, 0xff, 0xff, 0xff,
    0xff, 0xff, 0xff, 0xff, 0xff, 0xff, 0xff, 0xff,
    0xff, 0xff, 0xef, 0xff, 0xff, 0xff, 0xff, 0xff,
    0xff, 0xff, 0xff, 0xfe, 0x5e, 0xff, 0xff, 0xff,
    0xff, 0xff, 0xff, 0xff, 0xff, 0xe5,

    /* U+F091 "" */
    0x0, 0x0, 0x5, 0x88, 0x88, 0x88, 0x88, 0x88,
    0x71, 0x0, 0x0, 0x0, 0x0, 0x0, 0xff, 0xff,
    0xff, 0xff, 0xff, 0xff, 0x70, 0x0, 0x0, 0x0,
    0x0, 0xf, 0xff, 0xff, 0xff, 0xff, 0xff, 0xf8,
    0x0, 0x0, 0xc, 0xff, 0xff, 0xff, 0xff, 0xff,
    0xff, 0xff, 0xff, 0xff, 0xff, 0xf5, 0xff, 0xff,
    0xff, 0xff, 0xff, 0xff, 0xff, 0xff, 0xff, 0xff,
    0xff, 0x8f, 0xfc, 0x88, 0xff, 0xff, 0xff, 0xff,
    0xff, 0xff, 0xb8, 0x8f, 0xf8, 0xff, 0x90, 0xe,
    0xff, 0xff, 0xff, 0xff, 0xff, 0xf6, 0x1, 0xff,
    0x6a, 0xff, 0x50, 0xcf, 0xff, 0xff, 0xff, 0xff,
    0xff, 0x40, 0xcf, 0xf2, 0x2f, 0xff, 0xbb, 0xff,
    0xff, 0xff, 0xff, 0xff, 0xf8, 0xef, 0xf9, 0x0,
    0x3e, 0xff, 0xff, 0xff, 0xff, 0xff, 0xff, 0xff,
    0xff, 0xf9, 0x0, 0x0, 0x19, 0xff, 0xff, 0xff,
    0xff, 0xff, 0xff, 0xff, 0xd4, 0x0, 0x0, 0x0,
    0x0, 0x58, 0xff, 0xff, 0xff, 0xff, 0xd6, 0x20,
    0x0, 0x0, 0x0, 0x0, 0x0, 0x9, 0xff, 0xff,
    0xff, 0xf2, 0x0, 0x0, 0x0, 0x0, 0x0, 0x0,
    0x0, 0xb, 0xff, 0xff, 0xf4, 0x0, 0x0, 0x0,
    0x0, 0x0, 0x0, 0x0, 0x0, 0xb, 0xff, 0xf3,
    0x0, 0x0, 0x0, 0x0, 0x0, 0x0, 0x0, 0x0,
    0x0, 0xaf, 0xff, 0x20, 0x0, 0x0, 0x0, 0x0,
    0x0, 0x0, 0x0, 0x0, 0xa, 0xff, 0xf2, 0x0,
    0x0, 0x0, 0x0, 0x0, 0x0, 0x0, 0x1a, 0xdd,
    0xff, 0xff, 0xdd, 0xc6, 0x0, 0x0, 0x0, 0x0,
    0x0, 0xc, 0xff, 0xff, 0xff, 0xff, 0xff, 0xf4,
    0x0, 0x0, 0x0, 0x0, 0x0, 0xff, 0xff, 0xff,
    0xff, 0xff, 0xff, 0x70, 0x0, 0x0, 0x0, 0x0,
    0x3, 0x44, 0x44, 0x44, 0x44, 0x44, 0x41, 0x0,
    0x0, 0x0,

    /* U+F093 "" */
    0x0, 0x0, 0x0, 0x0, 0x3, 0x10, 0x0, 0x0,
    0x0, 0x0, 0x0, 0x0, 0x0, 0x0, 0x6f, 0xd1,
    0x0, 0x0, 0x0, 0x0, 0x0, 0x0, 0x0, 0x6,
    0xff, 0xfd, 0x10, 0x0, 0x0, 0x0, 0x0, 0x0,
    0x0, 0x6f, 0xff, 0xff, 0xd1, 0x0, 0x0, 0x0,
    0x0, 0x0, 0x6, 0xff, 0xff, 0xff, 0xfd, 0x10,
    0x0, 0x0, 0x0, 0x0, 0x6f, 0xff, 0xff, 0xff,
    0xff, 0xd1, 0x0, 0x0, 0x0, 0x6, 0xff, 0xff,
    0xff, 0xff, 0xff, 0xfd, 0x10, 0x0, 0x0, 0xd,
    0xff, 0xff, 0xff, 0xff, 0xff, 0xff, 0x60, 0x0,
    0x0, 0x0, 0x11, 0x1b, 0xff, 0xff, 0x51, 0x11,
    0x0, 0x0, 0x0, 0x0, 0x0, 0xb, 0xff, 0xff,
    0x40, 0x0, 0x0, 0x0, 0x0, 0x0, 0x0, 0xb,
    0xff, 0xff, 0x40, 0x0, 0x0, 0x0, 0x0, 0x0,
    0x0, 0xb, 0xff, 0xff, 0x40, 0x0, 0x0, 0x0,
    0x0, 0x0, 0x0, 0xb, 0xff, 0xff, 0x40, 0x0,
    0x0, 0x0, 0x0, 0x0, 0x0, 0xb, 0xff, 0xff,
    0x40, 0x0, 0x0, 0x0, 0x7a, 0xaa, 0xaa, 0x2b,
    0xff, 0xff, 0x42, 0xaa, 0xaa, 0xa7, 0xff, 0xff,
    0xff, 0x82, 0x67, 0x76, 0x8, 0xff, 0xff, 0xff,
    0xff, 0xff, 0xff, 0xfb, 0x77, 0x77, 0xbf, 0xff,
    0xff, 0xff, 0xff, 0xff, 0xff, 0xff, 0xff, 0xff,
    0xff, 0xff, 0xff, 0xff, 0xff, 0xff, 0xff, 0xff,
    0xff, 0xff, 0xfb, 0xf, 0x48, 0xff, 0xff, 0xff,
    0xff, 0xff, 0xff, 0xff, 0xff, 0xef, 0xef, 0xff,
    0x14, 0x44, 0x44, 0x44, 0x44, 0x44, 0x44, 0x44,
    0x44, 0x41,

    /* U+F095 "" */
    0x0, 0x0, 0x0, 0x0, 0x0, 0x0, 0x0, 0x4,
    0x62, 0x0, 0x0, 0x0, 0x0, 0x0, 0x0, 0x0,
    0x0, 0x1, 0xff, 0xfe, 0xb5, 0x0, 0x0, 0x0,
    0x0, 0x0, 0x0, 0x0, 0x7f, 0xff, 0xff, 0xf0,
    0x0, 0x0, 0x0, 0x0, 0x0, 0x0, 0xe, 0xff,
    0xff, 0xff, 0x0, 0x0, 0x0, 0x0, 0x0, 0x0,
    0x5, 0xff, 0xff, 0xff, 0xd0, 0x0, 0x0, 0x0,
    0x0, 0x0, 0x0, 0xbf, 0xff, 0xff, 0xfb, 0x0,
    0x0, 0x0, 0x0, 0x0, 0x0, 0x6, 0xff, 0xff,
    0xff, 0x80, 0x0, 0x0, 0x0, 0x0, 0x0, 0x0,
    0x5, 0xff, 0xff, 0xf4, 0x0, 0x0, 0x0, 0x0,
    0x0, 0x0, 0x0, 0x5, 0xff, 0xfe, 0x0, 0x0,
    0x0, 0x0, 0x0, 0x0, 0x0, 0x0, 0xbf, 0xff,
    0x90, 0x0, 0x0, 0x0, 0x0, 0x0, 0x0, 0x0,
    0x4f, 0xff, 0xf2, 0x0, 0x0, 0x0, 0x0, 0x0,
    0x0, 0x0, 0x2e, 0xff, 0xf8, 0x0, 0x0, 0x0,
    0x1, 0x30, 0x0, 0x0, 0x1d, 0xff, 0xfd, 0x0,
    0x0, 0x0, 0x29, 0xff, 0x70, 0x0, 0x3e, 0xff,
    0xff, 0x30, 0x0, 0x4, 0xbf, 0xff, 0xff, 0x40,
    0x7f, 0xff, 0xff, 0x50, 0x0, 0x0, 0xef, 0xff,
    0xff, 0xfe, 0xef, 0xff, 0xff, 0x50, 0x0, 0x0,
    0xc, 0xff, 0xff, 0xff, 0xff, 0xff, 0xfe, 0x40,
    0x0, 0x0, 0x0, 0x8f, 0xff, 0xff, 0xff, 0xff,
    0xfb, 0x10, 0x0, 0x0, 0x0, 0x4, 0xff, 0xff,
    0xff, 0xff, 0xd5, 0x0, 0x0, 0x0, 0x0, 0x0,
    0x1f, 0xff, 0xff, 0xea, 0x40, 0x0, 0x0, 0x0,
    0x0, 0x0, 0x0, 0x57, 0x64, 0x20, 0x0, 0x0,
    0x0, 0x0, 0x0, 0x0, 0x0,

    /* U+F0A4 "" */
    0x0, 0x0, 0x0, 0x0, 0x0, 0xbf, 0x80, 0x0,
    0x0, 0x0, 0x0, 0x0, 0x0, 0x0, 0x7, 0xff,
    0xf1, 0x0, 0x0, 0x0, 0x0, 0x0, 0x0, 0x0,
    0x8f, 0xff, 0xf0, 0x0, 0x0, 0x0, 0x0, 0x0,
    0x0, 0x4d, 0xff, 0xff, 0xc6, 0x66, 0x66, 0x50,
    0x6a, 0x95, 0xc, 0xff, 0xff, 0xff, 0xff, 0xff,
    0xff, 0xfb, 0xff, 0xfe, 0x6f, 0xff, 0xff, 0xff,
    0xff, 0xff, 0xff, 0xff, 0xff, 0xfe, 0x7f, 0xff,
    0xff, 0xff, 0xff, 0xff, 0xff, 0xe6, 0xff, 0xfe,
    0x7f, 0xff, 0xff, 0xff, 0xff, 0xa0, 0x0, 0x0,
    0xff, 0xfe, 0x7f, 0xff, 0xff, 0xff, 0xff, 0xd0,
    0x0, 0x0, 0xff, 0xfe, 0x7f, 0xff, 0xff, 0xff,
    0xff, 0x60, 0x0, 0x0, 0xff, 0xfe, 0x7f, 0xff,
    0xff, 0xff, 0xff, 0x50, 0x0, 0x0, 0xf6, 0x6e,
    0x7f, 0xff, 0xff, 0xff, 0xff, 0x20, 0x0, 0x0,
    0xf9, 0xae, 0x6f, 0xff, 0xff, 0xff, 0xf9, 0x0,
    0x0, 0x0, 0x8c, 0xb7, 0x8, 0xdf, 0xff, 0xff,
    0xf7, 0x0, 0x0, 0x0, 0x0, 0x0, 0x0, 0x5,
    0xbe, 0xfe, 0x90, 0x0, 0x0, 0x0,

    /* U+F0A6 "" */
    0x0, 0x0, 0x37, 0x10, 0x0, 0x0, 0x0, 0x0,
    0x0, 0x2f, 0xfc, 0x0, 0x0, 0x0, 0x0, 0x0,
    0x6, 0xff, 0xf0, 0x0, 0x0, 0x0, 0x0, 0x0,
    0x6f, 0xff, 0x0, 0x0, 0x0, 0x0, 0x0, 0x6,
    0xff, 0xf0, 0x0, 0x0, 0x0, 0x0, 0x0, 0x6f,
    0xff, 0x13, 0x0, 0x0, 0x0, 0x0, 0x6, 0xff,
    0xff, 0xfc, 0xb8, 0x0, 0x1, 0x76, 0x7f, 0xff,
    0xff, 0xff, 0xff, 0xd3, 0xbf, 0xff, 0xff, 0xff,
    0xff, 0xff, 0xff, 0xbf, 0xff, 0xff, 0xff, 0xff,
    0xff, 0xff, 0xff, 0x6f, 0xff, 0xff, 0xff, 0xff,
    0xff, 0xff, 0xf0, 0x2e, 0xff, 0xff, 0xff, 0xff,
    0xff, 0xfe, 0x0, 0x4f, 0xff, 0xff, 0xff, 0xff,
    0xff, 0x90, 0x0, 0xaf, 0xff, 0xff, 0xff, 0xff,
    0xf3, 0x0, 0x2, 0xff, 0xff, 0xff, 0xff, 0xfc,
    0x0, 0x0, 0x9, 0xff, 0xff, 0xff, 0xff, 0x70,
    0x0, 0x0, 0x4, 0x66, 0x66, 0x66, 0x50, 0x0,
    0x0, 0x8, 0xff, 0xff, 0xff, 0xff, 0xa0, 0x0,
    0x0, 0xaf, 0xff, 0xff, 0xf4, 0x8c, 0x0, 0x0,
    0x9, 0xff, 0xff, 0xff, 0xef, 0xb0, 0x0, 0x0,
    0x4, 0x44, 0x44, 0x44, 0x40, 0x0,

    /* U+F0C2 "" */
    0x0, 0x0, 0x0, 0x0, 0x46, 0x63, 0x0, 0x0,
    0x0, 0x0, 0x0, 0x0, 0x0, 0x0, 0x0, 0x5,
    0xef, 0xff, 0xfd, 0x50, 0x0, 0x0, 0x0, 0x0,
    0x0, 0x0, 0x0, 0x7, 0xff, 0xff, 0xff, 0xff,
    0x70, 0x0, 0x0, 0x0, 0x0, 0x0, 0x0, 0x4,
    0xff, 0xff, 0xff, 0xff, 0xff, 0x8c, 0xec, 0x50,
    0x0, 0x0, 0x0, 0x0, 0xcf, 0xff, 0xff, 0xff,
    0xff, 0xff, 0xff, 0xff, 0x60, 0x0, 0x0, 0x0,
    0x1f, 0xff, 0xff, 0xff, 0xff, 0xff, 0xff, 0xff,
    0xff, 0x0, 0x0, 0x0, 0x3, 0xff, 0xff, 0xff,
    0xff, 0xff, 0xff, 0xff, 0xff, 0xf3, 0x0, 0x0,
    0x3, 0xcf, 0xff, 0xff, 0xff, 0xff, 0xff, 0xff,
    0xff, 0xff, 0x20, 0x0, 0x5, 0xff, 0xff, 0xff,
    0xff, 0xff, 0xff, 0xff, 0xff, 0xff, 0xfb, 0x40,
    0x3, 0xff, 0xff, 0xff, 0xff, 0xff, 0xff, 0xff,
    0xff, 0xff, 0xff, 0xff, 0x70, 0xaf, 0xff, 0xff,
    0xff, 0xff, 0xff, 0xff, 0xff, 0xff, 0xff, 0xff,
    0xff, 0x4e, 0xff, 0xff, 0xff, 0xff, 0xff, 0xff,
    0xff, 0xff, 0xff, 0xff, 0xff, 0xfb, 0xff, 0xff,
    0xff, 0xff, 0xff, 0xff, 0xff, 0xff, 0xff, 0xff,
    0xff, 0xff, 0xee, 0xff, 0xff, 0xff, 0xff, 0xff,
    0xff, 0xff, 0xff, 0xff, 0xff, 0xff, 0xff, 0x9f,
    0xff, 0xff, 0xff, 0xff, 0xff, 0xff, 0xff, 0xff,
    0xff, 0xff, 0xff, 0xc2, 0xff, 0xff, 0xff, 0xff,
    0xff, 0xff, 0xff, 0xff, 0xff, 0xff, 0xff, 0xf5,
    0x4, 0xff, 0xff, 0xff, 0xff, 0xff, 0xff, 0xff,
    0xff, 0xff, 0xff, 0xf9, 0x0, 0x2, 0xae, 0xff,
    0xff, 0xff, 0xff, 0xff, 0xff, 0xff, 0xff, 0xc5,
    0x0, 0x0, 0x0, 0x0, 0x0, 0x0, 0x0, 0x0,
    0x0, 0x0, 0x0, 0x0, 0x0, 0x0,

    /* U+F0C4 "" */
    0x0, 0x25, 0x40, 0x0, 0x0, 0x0, 0x0, 0x0,
    0x0, 0x9, 0xff, 0xfe, 0x30, 0x0, 0x0, 0x4,
    0xaa, 0x50, 0x7f, 0xff, 0xff, 0xe0, 0x0, 0x0,
    0x8f, 0xff, 0xf5, 0xef, 0xd3, 0x7f, 0xf6, 0x0,
    0x8, 0xff, 0xff, 0xb0, 0xff, 0x80, 0xf, 0xf7,
    0x0, 0x8f, 0xff, 0xfb, 0x0, 0xdf, 0xe7, 0xaf,
    0xf5, 0x8, 0xff, 0xff, 0xb0, 0x0, 0x5f, 0xff,
    0xff, 0xfd, 0x9f, 0xff, 0xfb, 0x0, 0x0, 0x5,
    0xef, 0xff, 0xff, 0xff, 0xff, 0xb0, 0x0, 0x0,
    0x0, 0x1, 0x5f, 0xff, 0xff, 0xfb, 0x0, 0x0,
    0x0, 0x0, 0x0, 0xb, 0xff, 0xff, 0xf2, 0x0,
    0x0, 0x0, 0x0, 0x25, 0x9f, 0xff, 0xff, 0xfd,
    0x10, 0x0, 0x0, 0x9, 0xff, 0xff, 0xff, 0xff,
    0xff, 0xd1, 0x0, 0x0, 0x7f, 0xff, 0xff, 0xfb,
    0x6f, 0xff, 0xfd, 0x10, 0x0, 0xef, 0xd3, 0x7f,
    0xf5, 0x5, 0xff, 0xff, 0xd1, 0x0, 0xff, 0x80,
    0xf, 0xf7, 0x0, 0x5f, 0xff, 0xfd, 0x10, 0xdf,
    0xe7, 0xaf, 0xf5, 0x0, 0x5, 0xff, 0xff, 0xd1,
    0x5f, 0xff, 0xff, 0xc0, 0x0, 0x0, 0x4f, 0xff,
    0xf4, 0x5, 0xef, 0xfb, 0x10, 0x0, 0x0, 0x1,
    0x66, 0x20, 0x0, 0x1, 0x0, 0x0, 0x0, 0x0,
    0x0, 0x0, 0x0,

    /* U+F0C5 "" */
    0x0, 0x0, 0x8, 0xbb, 0xbb, 0xbb, 0x50, 0x90,
    0x0, 0x0, 0x0, 0xf, 0xff, 0xff, 0xff, 0x81,
    0xfb, 0x0, 0x0, 0x0, 0xf, 0xff, 0xff, 0xff,
    0x81, 0xff, 0xb0, 0x0, 0x0, 0xf, 0xff, 0xff,
    0xff, 0x81, 0xff, 0xf8, 0x8c, 0xc9, 0xf, 0xff,
    0xff, 0xff, 0x80, 0x0, 0x0, 0xff, 0xfc, 0xf,
    0xff, 0xff, 0xff, 0xd5, 0x44, 0x43, 0xff, 0xfc,
    0xf, 0xff, 0xff, 0xff, 0xff, 0xff, 0xfa, 0xff,
    0xfc, 0xf, 0xff, 0xff, 0xff, 0xff, 0xff, 0xfa,
    0xff, 0xfc, 0xf, 0xff, 0xff, 0xff, 0xff, 0xff,
    0xfa, 0xff, 0xfc, 0xf, 0xff, 0xff, 0xff, 0xff,
    0xff, 0xfa, 0xff, 0xfc, 0xf, 0xff, 0xff, 0xff,
    0xff, 0xff, 0xfa, 0xff, 0xfc, 0xf, 0xff, 0xff,
    0xff, 0xff, 0xff, 0xfa, 0xff, 0xfc, 0xf, 0xff,
    0xff, 0xff, 0xff, 0xff, 0xfa, 0xff, 0xfc, 0xf,
    0xff, 0xff, 0xff, 0xff, 0xff, 0xfa, 0xff, 0xfc,
    0xf, 0xff, 0xff, 0xff, 0xff, 0xff, 0xfa, 0xff,
    0xfc, 0xf, 0xff, 0xff, 0xff, 0xff, 0xff, 0xfa,
    0xff, 0xfe, 0xb, 0xff, 0xff, 0xff, 0xff, 0xff,
    0xf7, 0xff, 0xff, 0x91, 0x0, 0x0, 0x0, 0x0,
    0x0, 0x0, 0xff, 0xff, 0xff, 0xff, 0xff, 0xff,
    0x80, 0x0, 0x0, 0xff, 0xff, 0xff, 0xff, 0xff,
    0xff, 0x70, 0x0, 0x0, 0x58, 0x88, 0x88, 0x88,
    0x88, 0x87, 0x10, 0x0, 0x0,

    /* U+F0C7 "" */
    0x6, 0x77, 0x77, 0x77, 0x77, 0x77, 0x60, 0x0,
    0x0, 0xbf, 0xff, 0xff, 0xff, 0xff, 0xff, 0xfd,
    0x10, 0x0, 0xff, 0xff, 0xff, 0xff, 0xff, 0xff,
    0xff, 0xc1, 0x0, 0xff, 0x90, 0x0, 0x0, 0x0,
    0x1, 0xdf, 0xfc, 0x10, 0xff, 0x80, 0x0, 0x0,
    0x0, 0x0, 0xbf, 0xff, 0xc0, 0xff, 0x80, 0x0,
    0x0, 0x0, 0x0, 0xbf, 0xff, 0xf3, 0xff, 0x80,
    0x0, 0x0, 0x0, 0x0, 0xbf, 0xff, 0xf4, 0xff,
    0x80, 0x0, 0x0, 0x0, 0x0, 0xbf, 0xff, 0xf4,
    0xff, 0xd8, 0x88, 0x88, 0x88, 0x88, 0xef, 0xff,
    0xf4, 0xff, 0xff, 0xff, 0xff, 0xff, 0xff, 0xff,
    0xff, 0xf4, 0xff, 0xff, 0xff, 0xff, 0xff, 0xff,
    0xff, 0xff, 0xf4, 0xff, 0xff, 0xff, 0xe4, 0x2,
    0xcf, 0xff, 0xff, 0xf4, 0xff, 0xff, 0xff, 0x60,
    0x0, 0x2f, 0xff, 0xff, 0xf4, 0xff, 0xff, 0xff,
    0x40, 0x0, 0xf, 0xff, 0xff, 0xf4, 0xff, 0xff,
    0xff, 0xa0, 0x0, 0x6f, 0xff, 0xff, 0xf4, 0xff,
    0xff, 0xff, 0xfc, 0x8a, 0xff, 0xff, 0xff, 0xf4,
    0xef, 0xff, 0xff, 0xff, 0xff, 0xff, 0xff, 0xff,
    0xf3, 0x6f, 0xff, 0xff, 0xff, 0xff, 0xff, 0xff,
    0xff, 0xa0, 0x0, 0x0, 0x0, 0x0, 0x0, 0x0,
    0x0, 0x0, 0x0,

    /* U+F0C9 "" */
    0x0, 0x0, 0x0, 0x0, 0x0, 0x0, 0x0, 0x0,
    0x0, 0xef, 0xff, 0xff, 0xff, 0xff, 0xff, 0xff,
    0xff, 0xf6, 0xff, 0xff, 0xff, 0xff, 0xff, 0xff,
    0xff, 0xff, 0xf8, 0xac, 0xcc, 0xcc, 0xcc, 0xcc,
    0xcc, 0xcc, 0xcc, 0xc4, 0x0, 0x0, 0x0, 0x0,
    0x0, 0x0, 0x0, 0x0, 0x0, 0x0, 0x0, 0x0,
    0x0, 0x0, 0x0, 0x0, 0x0, 0x0, 0x0, 0x0,
    0x0, 0x0, 0x0, 0x0, 0x0, 0x0, 0x0, 0xcd,
    0xdd, 0xdd, 0xdd, 0xdd, 0xdd, 0xdd, 0xdd, 0xd5,
    0xff, 0xff, 0xff, 0xff, 0xff, 0xff, 0xff, 0xff,
    0xf8, 0xdf, 0xff, 0xff, 0xff, 0xff, 0xff, 0xff,
    0xff, 0xf5, 0x0, 0x0, 0x0, 0x0, 0x0, 0x0,
    0x0, 0x0, 0x0, 0x0, 0x0, 0x0, 0x0, 0x0,
    0x0, 0x0, 0x0, 0x0, 0x0, 0x0, 0x0, 0x0,
    0x0, 0x0, 0x0, 0x0, 0x0, 0xac, 0xcc, 0xcc,
    0xcc, 0xcc, 0xcc, 0xcc, 0xcc, 0xc4, 0xff, 0xff,
    0xff, 0xff, 0xff, 0xff, 0xff, 0xff, 0xf8, 0xef,
    0xff, 0xff, 0xff, 0xff, 0xff, 0xff, 0xff, 0xf6,
    0x0, 0x0, 0x0, 0x0, 0x0, 0x0, 0x0, 0x0,
    0x0,

    /* U+F0E0 "" */
    0x5e, 0xff, 0xff, 0xff, 0xff, 0xff, 0xff, 0xff,
    0xff, 0xe5, 0xef, 0xff, 0xff, 0xff, 0xff, 0xff,
    0xff, 0xff, 0xff, 0xfe, 0xff, 0xff, 0xff, 0xff,
    0xff, 0xff, 0xff, 0xff, 0xff, 0xff, 0x7f, 0xff,
    0xff, 0xff, 0xff, 0xff, 0xff, 0xff, 0xff, 0xf7,
    0x3, 0xef, 0xff, 0xff, 0xff, 0xff, 0xff, 0xff,
    0xfe, 0x30, 0xe3, 0x1b, 0xff, 0xff, 0xff, 0xff,
    0xff, 0xff, 0xb1, 0x3e, 0xff, 0x70, 0x7f, 0xff,
    0xff, 0xff, 0xff, 0xf7, 0x7, 0xff, 0xff, 0xfb,
    0x13, 0xdf, 0xff, 0xff, 0xfd, 0x31, 0xbf, 0xff,
    0xff, 0xff, 0xe4, 0xa, 0xff, 0xff, 0xa0, 0x4e,
    0xff, 0xff, 0xff, 0xff, 0xff, 0x80, 0x5d, 0xd5,
    0x8, 0xff, 0xff, 0xff, 0xff, 0xff, 0xff, 0xfc,
    0x20, 0x2, 0xcf, 0xff, 0xff, 0xff, 0xff, 0xff,
    0xff, 0xff, 0xfd, 0xdf, 0xff, 0xff, 0xff, 0xff,
    0xff, 0xff, 0xff, 0xff, 0xff, 0xff, 0xff, 0xff,
    0xff, 0xff, 0xef, 0xff, 0xff, 0xff, 0xff, 0xff,
    0xff, 0xff, 0xff, 0xfe, 0x5e, 0xff, 0xff, 0xff,
    0xff, 0xff, 0xff, 0xff, 0xff, 0xe5,

    /* U+F0E7 "" */
    0x0, 0x14, 0x44, 0x44, 0x41, 0x0, 0x0, 0x0,
    0xbf, 0xff, 0xff, 0xfa, 0x0, 0x0, 0x0, 0xef,
    0xff, 0xff, 0xf8, 0x0, 0x0, 0x0, 0xff, 0xff,
    0xff, 0xf3, 0x0, 0x0, 0x2, 0xff, 0xff, 0xff,
    0xd0, 0x0, 0x0, 0x4, 0xff, 0xff, 0xff, 0x80,
    0x0, 0x0, 0x6, 0xff, 0xff, 0xff, 0x40, 0x0,
    0x0, 0x8, 0xff, 0xff, 0xff, 0xff, 0xff, 0xf5,
    0xa, 0xff, 0xff, 0xff, 0xff, 0xff, 0xf4, 0xd,
    0xff, 0xff, 0xff, 0xff, 0xff, 0xb0, 0xf, 0xff,
    0xff, 0xff, 0xff, 0xff, 0x20, 0xb, 0xff, 0xff,
    0xff, 0xff, 0xf9, 0x0, 0x0, 0x0, 0x0, 0x8f,
    0xff, 0xe1, 0x0, 0x0, 0x0, 0x0, 0xcf, 0xff,
    0x60, 0x0, 0x0, 0x0, 0x0, 0xff, 0xfd, 0x0,
    0x0, 0x0, 0x0, 0x3, 0xff, 0xf4, 0x0, 0x0,
    0x0, 0x0, 0x7, 0xff, 0xa0, 0x0, 0x0, 0x0,
    0x0, 0xb, 0xff, 0x20, 0x0, 0x0, 0x0, 0x0,
    0xf, 0xf8, 0x0, 0x0, 0x0, 0x0, 0x0, 0x2f,
    0xe0, 0x0, 0x0, 0x0, 0x0, 0x0, 0x9, 0x40,
    0x0, 0x0, 0x0,

    /* U+F0E9 "" */
    0x0, 0x0, 0x0, 0x0, 0x0, 0x1, 0x30, 0x0,
    0x0, 0x0, 0x0, 0x0, 0x0, 0x0, 0x0, 0x0,
    0x0, 0xd, 0xf5, 0x0, 0x0, 0x0, 0x0, 0x0,
    0x0, 0x0, 0x0, 0x0, 0x0, 0x3f, 0xfa, 0x20,
    0x0, 0x0, 0x0, 0x0, 0x0, 0x0, 0x0, 0x6,
    0xcf, 0xff, 0xff, 0xfe, 0x92, 0x0, 0x0, 0x0,
    0x0, 0x0, 0x3, 0xdf, 0xff, 0xff, 0xff, 0xff,
    0xff, 0x90, 0x0, 0x0, 0x0, 0x0, 0x7f, 0xff,
    0xff, 0xff, 0xff, 0xff, 0xff, 0xfd, 0x10, 0x0,
    0x0, 0x7, 0xff, 0xff, 0xff, 0xff, 0xff, 0xff,
    0xff, 0xff, 0xd1, 0x0, 0x0, 0x4f, 0xff, 0xff,
    0xff, 0xff, 0xff, 0xff, 0xff, 0xff, 0xfc, 0x0,
    0x0, 0xdf, 0xff, 0xff, 0xff, 0xff, 0xff, 0xff,
    0xff, 0xff, 0xff, 0x60, 0x5, 0xff, 0xff, 0xff,
    0xff, 0xff, 0xff, 0xff, 0xff, 0xff, 0xff, 0xd0,
    0xb, 0xfc, 0x9d, 0xff, 0xff, 0xfd, 0xcf, 0xff,
    0xff, 0xfa, 0xae, 0xf3, 0xe, 0x50, 0x0, 0x8f,
    0xff, 0x41, 0x21, 0xaf, 0xfe, 0x20, 0x0, 0xb6,
    0x0, 0x0, 0x0, 0xa, 0xf5, 0xe, 0xf6, 0xb,
    0xf2, 0x0, 0x0, 0x0, 0x0, 0x0, 0x0, 0x0,
    0x60, 0xf, 0xf8, 0x2, 0x50, 0x0, 0x0, 0x0,
    0x0, 0x0, 0x0, 0x0, 0x0, 0xf, 0xf8, 0x0,
    0x0, 0x0, 0x0, 0x0, 0x0, 0x0, 0x0, 0x0,
    0x0, 0xf, 0xf8, 0x0, 0x0, 0x0, 0x0, 0x0,
    0x0, 0x0, 0x0, 0x0, 0x30, 0xf, 0xf8, 0x0,
    0x0, 0x0, 0x0, 0x0, 0x0, 0x0, 0x0, 0x7,
    0xfb, 0x2f, 0xf7, 0x0, 0x0, 0x0, 0x0, 0x0,
    0x0, 0x0, 0x0, 0x7, 0xff, 0xff, 0xf3, 0x0,
    0x0, 0x0, 0x0, 0x0, 0x0, 0x0, 0x0, 0x0,
    0xcf, 0xff, 0x90, 0x0, 0x0, 0x0, 0x0, 0x0,
    0x0, 0x0, 0x0, 0x0, 0x5, 0x73, 0x0, 0x0,
    0x0, 0x0, 0x0, 0x0,

    /* U+F0EA "" */
    0x0, 0x0, 0x6, 0x71, 0x0, 0x0, 0x0, 0x0,
    0x0, 0x14, 0x44, 0xbf, 0xfe, 0x44, 0x43, 0x0,
    0x0, 0x0, 0xef, 0xff, 0xf9, 0x4f, 0xff, 0xff,
    0x40, 0x0, 0x0, 0xff, 0xff, 0xf8, 0x3f, 0xff,
    0xff, 0x50, 0x0, 0x0, 0xff, 0xff, 0xff, 0xff,
    0xff, 0xff, 0x50, 0x0, 0x0, 0xff, 0xff, 0xff,
    0xa8, 0x88, 0x88, 0x20, 0x0, 0x0, 0xff, 0xff,
    0xf6, 0x0, 0x0, 0x0, 0x0, 0x0, 0x0, 0xff,
    0xff, 0xf0, 0xcf, 0xff, 0xff, 0x51, 0xe2, 0x0,
    0xff, 0xff, 0xf0, 0xef, 0xff, 0xff, 0x51, 0xfe,
    0x20, 0xff, 0xff, 0xf0, 0xef, 0xff, 0xff, 0x51,
    0xff, 0xe2, 0xff, 0xff, 0xf0, 0xef, 0xff, 0xff,
    0x50, 0xbb, 0xb7, 0xff, 0xff, 0xf0, 0xef, 0xff,
    0xff, 0x80, 0x0, 0x0, 0xff, 0xff, 0xf0, 0xef,
    0xff, 0xff, 0xff, 0xff, 0xfa, 0xff, 0xff, 0xf0,
    0xef, 0xff, 0xff, 0xff, 0xff, 0xfa, 0xff, 0xff,
    0xf0, 0xef, 0xff, 0xff, 0xff, 0xff, 0xfa, 0xff,
    0xff, 0xf0, 0xef, 0xff, 0xff, 0xff, 0xff, 0xfa,
    0xcf, 0xff, 0xf0, 0xef, 0xff, 0xff, 0xff, 0xff,
    0xfa, 0x0, 0x0, 0x0, 0xef, 0xff, 0xff, 0xff,
    0xff, 0xfa, 0x0, 0x0, 0x0, 0xef, 0xff, 0xff,
    0xff, 0xff, 0xfa, 0x0, 0x0, 0x0, 0xef, 0xff,
    0xff, 0xff, 0xff, 0xfa, 0x0, 0x0, 0x0, 0x7b,
    0xbb, 0xbb, 0xbb, 0xbb, 0xb4,

    /* U+F0F3 "" */
    0x0, 0x0, 0x0, 0x0, 0x31, 0x0, 0x0, 0x0,
    0x0, 0x0, 0x0, 0x0, 0x5, 0xfd, 0x0, 0x0,
    0x0, 0x0, 0x0, 0x0, 0x0, 0x9, 0xff, 0x10,
    0x0, 0x0, 0x0, 0x0, 0x0, 0x7, 0xef, 0xff,
    0xfb, 0x20, 0x0, 0x0, 0x0, 0x0, 0xaf, 0xff,
    0xff, 0xff, 0xf3, 0x0, 0x0, 0x0, 0x8, 0xff,
    0xff, 0xff, 0xff, 0xfe, 0x10, 0x0, 0x0, 0x1f,
    0xff, 0xff, 0xff, 0xff, 0xff, 0x80, 0x0, 0x0,
    0x5f, 0xff, 0xff, 0xff, 0xff, 0xff, 0xd0, 0x0,
    0x0, 0x7f, 0xff, 0xff, 0xff, 0xff, 0xff, 0xf0,
    0x0, 0x0, 0x8f, 0xff, 0xff, 0xff, 0xff, 0xff,
    0xf0, 0x0, 0x0, 0x9f, 0xff, 0xff, 0xff, 0xff,
    0xff, 0xf1, 0x0, 0x0, 0xdf, 0xff, 0xff, 0xff,
    0xff, 0xff, 0xf5, 0x0, 0x1, 0xff, 0xff, 0xff,
    0xff, 0xff, 0xff, 0xf9, 0x0, 0x9, 0xff, 0xff,
    0xff, 0xff, 0xff, 0xff, 0xff, 0x10, 0x5f, 0xff,
    0xff, 0xff, 0xff, 0xff, 0xff, 0xff, 0xd0, 0xef,
    0xff, 0xff, 0xff, 0xff, 0xff, 0xff, 0xff, 0xf6,
    0x9f, 0xff, 0xff, 0xff, 0xff, 0xff, 0xff, 0xff,
    0xe3, 0x0, 0x0, 0x0, 0x0, 0x0, 0x0, 0x0,
    0x0, 0x0, 0x0, 0x0, 0x0, 0xaf, 0xff, 0xf2,
    0x0, 0x0, 0x0, 0x0, 0x0, 0x0, 0x3f, 0xff,
    0xa0, 0x0, 0x0, 0x0, 0x0, 0x0, 0x0, 0x2,
    0x75, 0x0, 0x0, 0x0, 0x0,

    /* U+F0F4 "" */
    0x0, 0x0, 0x4, 0x77, 0x77, 0x77, 0x77, 0x77,
    0x77, 0x77, 0x76, 0x40, 0x0, 0x0, 0x0, 0x0,
    0xff, 0xff, 0xff, 0xff, 0xff, 0xff, 0xff, 0xff,
    0xff, 0xd2, 0x0, 0x0, 0x0, 0x1f, 0xff, 0xff,
    0xff, 0xff, 0xff, 0xff, 0xff, 0xff, 0xff, 0xe2,
    0x0, 0x0, 0x1, 0xff, 0xff, 0xff, 0xff, 0xff,
    0xff, 0xff, 0xe0, 0x18, 0xff, 0xa0, 0x0, 0x0,
    0x1f, 0xff, 0xff, 0xff, 0xff, 0xff, 0xff, 0xfe,
    0x0, 0xa, 0xff, 0x0, 0x0, 0x1, 0xff, 0xff,
    0xff, 0xff, 0xff, 0xff, 0xff, 0xe0, 0x0, 0x6f,
    0xf2, 0x0, 0x0, 0x1f, 0xff, 0xff, 0xff, 0xff,
    0xff, 0xff, 0xfe, 0x0, 0x7, 0xff, 0x10, 0x0,
    0x1, 0xff, 0xff, 0xff, 0xff, 0xff, 0xff, 0xff,
    0xe0, 0x2, 0xef, 0xd0, 0x0, 0x0, 0x1f, 0xff,
    0xff, 0xff, 0xff, 0xff, 0xff, 0xff, 0xab, 0xff,
    0xf5, 0x0, 0x0, 0x1, 0xff, 0xff, 0xff, 0xff,
    0xff, 0xff, 0xff, 0xff, 0xff, 0xf8, 0x0, 0x0,
    0x0, 0x1f, 0xff, 0xff, 0xff, 0xff, 0xff, 0xff,
    0xff, 0xdd, 0xa4, 0x0, 0x0, 0x0, 0x0, 0xef,
    0xff, 0xff, 0xff, 0xff, 0xff, 0xff, 0xd0, 0x0,
    0x0, 0x0, 0x0, 0x0, 0x8, 0xff, 0xff, 0xff,
    0xff, 0xff, 0xff, 0xf7, 0x0, 0x0, 0x0, 0x0,
    0x0, 0x0, 0x9, 0xff, 0xff, 0xff, 0xff, 0xff,
    0xf7, 0x0, 0x0, 0x0, 0x0, 0x0, 0x0, 0x0,
    0x1, 0x44, 0x44, 0x44, 0x44, 0x31, 0x0, 0x0,
    0x0, 0x0, 0x0, 0x47, 0x77, 0x77, 0x77, 0x77,
    0x77, 0x77, 0x77, 0x77, 0x77, 0x77, 0x75, 0x0,
    0xb, 0xff, 0xff, 0xff, 0xff, 0xff, 0xff, 0xff,
    0xff, 0xff, 0xff, 0xff, 0xd0, 0x0, 0x4e, 0xff,
    0xff, 0xff, 0xff, 0xff, 0xff, 0xff, 0xff, 0xff,
    0xff, 0xe4, 0x0, 0x0, 0x0, 0x0, 0x0, 0x0,
    0x0, 0x0, 0x0, 0x0, 0x0, 0x0, 0x0, 0x0,
    0x0,

    /* U+F0FC "" */
    0x0, 0x0, 0x0, 0x0, 0x0, 0x0, 0x0, 0x0,
    0x0, 0xdf, 0xff, 0xff, 0xff, 0xff, 0xff, 0x80,
    0x0, 0x0, 0xff, 0xff, 0xff, 0xff, 0xff, 0xff,
    0xa0, 0x0, 0x0, 0xff, 0xff, 0xff, 0xff, 0xff,
    0xff, 0xd8, 0x85, 0x0, 0xff, 0xff, 0xdf, 0xff,
    0xdf, 0xff, 0xff, 0xff, 0xa0, 0xff, 0xfc, 0xf,
    0xf8, 0x1f, 0xff, 0xff, 0xff, 0xf4, 0xff, 0xfc,
    0xf, 0xf8, 0x1f, 0xff, 0xa0, 0x1f, 0xf7, 0xff,
    0xfc, 0xf, 0xf8, 0x1f, 0xff, 0xa0, 0xf, 0xf8,
    0xff, 0xfc, 0xf, 0xf8, 0x1f, 0xff, 0xa0, 0xf,
    0xf8, 0xff, 0xfc, 0xf, 0xf8, 0x1f, 0xff, 0xa0,
    0xf, 0xf8, 0xff, 0xfc, 0xf, 0xf8, 0x1f, 0xff,
    0xa0, 0xf, 0xf8, 0xff, 0xfc, 0xf, 0xf8, 0x1f,
    0xff, 0xa0, 0x1f, 0xf7, 0xff, 0xfc, 0xf, 0xf8,
    0x1f, 0xff, 0xc9, 0xff, 0xf3, 0xff, 0xfc, 0xf,
    0xf8, 0x1f, 0xff, 0xff, 0xff, 0x80, 0xff, 0xff,
    0xdf, 0xff, 0xdf, 0xff, 0xff, 0xa3, 0x0, 0xff,
    0xff, 0xff, 0xff, 0xff, 0xff, 0xc1, 0x0, 0x0,
    0xff, 0xff, 0xff, 0xff, 0xff, 0xff, 0xa0, 0x0,
    0x0, 0xdf, 0xff, 0xff, 0xff, 0xff, 0xff, 0x80,
    0x0, 0x0, 0x0, 0x0, 0x0, 0x0, 0x0, 0x0,
    0x0, 0x0, 0x0,

    /* U+F118 "" */
    0x0, 0x0, 0x0, 0x0, 0x1, 0x10, 0x0, 0x0,
    0x0, 0x0, 0x0, 0x0, 0x3, 0x9e, 0xff, 0xff,
    0xb5, 0x0, 0x0, 0x0, 0x0, 0x0, 0xaf, 0xff,
    0xff, 0xff, 0xff, 0xd3, 0x0, 0x0, 0x0, 0x1d,
    0xff, 0xff, 0xff, 0xff, 0xff, 0xff, 0x50, 0x0,
    0x0, 0xcf, 0xff, 0xff, 0xff, 0xff, 0xff, 0xff,
    0xf3, 0x0, 0x9, 0xff, 0xff, 0xff, 0xff, 0xff,
    0xff, 0xff, 0xfe, 0x0, 0x2f, 0xff, 0xff, 0xff,
    0xff, 0xff, 0xff, 0xff, 0xff, 0x70, 0x8f, 0xff,
    0xfe, 0x7d, 0xff, 0xff, 0x8b, 0xff, 0xff, 0xd0,
    0xcf, 0xff, 0xf5, 0x4, 0xff, 0xf9, 0x0, 0xff,
    0xff, 0xf2, 0xef, 0xff, 0xfb, 0x29, 0xff, 0xfe,
    0x36, 0xff, 0xff, 0xf4, 0xff, 0xff, 0xff, 0xff,
    0xff, 0xff, 0xff, 0xff, 0xff, 0xf5, 0xef, 0xff,
    0xff, 0xff, 0xff, 0xff, 0xff, 0xff, 0xff, 0xf4,
    0xcf, 0xff, 0xff, 0xff, 0xff, 0xff, 0xff, 0xff,
    0xff, 0xf2, 0x8f, 0xff, 0xf3, 0x9f, 0xff, 0xff,
    0xd2, 0xcf, 0xff, 0xe0, 0x2f, 0xff, 0xfa, 0x5,
    0xce, 0xd8, 0x14, 0xff, 0xff, 0x80, 0x9, 0xff,
    0xff, 0xc4, 0x0, 0x2, 0x9f, 0xff, 0xfe, 0x0,
    0x0, 0xdf, 0xff, 0xff, 0xfe, 0xff, 0xff, 0xff,
    0xf4, 0x0, 0x0, 0x2d, 0xff, 0xff, 0xff, 0xff,
    0xff, 0xff, 0x50, 0x0, 0x0, 0x1, 0xaf, 0xff,
    0xff, 0xff, 0xff, 0xd3, 0x0, 0x0, 0x0, 0x0,
    0x3, 0xae, 0xff, 0xff, 0xc6, 0x0, 0x0, 0x0,
    0x0, 0x0, 0x0, 0x0, 0x12, 0x10, 0x0, 0x0,
    0x0, 0x0,

    /* U+F119 "" */
    0x0, 0x0, 0x0, 0x0, 0x1, 0x10, 0x0, 0x0,
    0x0, 0x0, 0x0, 0x0, 0x3, 0x9e, 0xff, 0xff,
    0xb5, 0x0, 0x0, 0x0, 0x0, 0x0, 0xaf, 0xff,
    0xff, 0xff, 0xff, 0xd3, 0x0, 0x0, 0x0, 0x1d,
    0xff, 0xff, 0xff, 0xff, 0xff, 0xff, 0x50, 0x0,
    0x0, 0xdf, 0xff, 0xff, 0xff, 0xff, 0xff, 0xff,
    0xf4, 0x0, 0x9, 0xff, 0xff, 0xff, 0xff, 0xff,
    0xff, 0xff, 0xfe, 0x0, 0x2f, 0xff, 0xff, 0xff,
    0xff, 0xff, 0xff, 0xff, 0xff, 0x80, 0x8f, 0xff,
    0xfe, 0x7d, 0xff, 0xff, 0x8b, 0xff, 0xff, 0xe0,
    0xcf, 0xff, 0xf5, 0x4, 0xff, 0xf9, 0x0, 0xff,
    0xff, 0xf2, 0xef, 0xff, 0xfb, 0x29, 0xff, 0xfe,
    0x36, 0xff, 0xff, 0xf4, 0xff, 0xff, 0xff, 0xff,
    0xff, 0xff, 0xff, 0xff, 0xff, 0xf5, 0xef, 0xff,
    0xff, 0xff, 0xff, 0xff, 0xff, 0xff, 0xff, 0xf4,
    0xcf, 0xff, 0xff, 0xff, 0xff, 0xff, 0xff, 0xff,
    0xff, 0xf2, 0x8f, 0xff, 0xff, 0xe6, 0x20, 0x14,
    0xbf, 0xff, 0xff, 0xe0, 0x2f, 0xff, 0xfb, 0x3,
    0x9c, 0xb6, 0x6, 0xff, 0xff, 0x80, 0x9, 0xff,
    0xf2, 0x7f, 0xff, 0xff, 0xc1, 0xcf, 0xfe, 0x0,
    0x0, 0xdf, 0xff, 0xff, 0xff, 0xff, 0xff, 0xff,
    0xf4, 0x0, 0x0, 0x1d, 0xff, 0xff, 0xff, 0xff,
    0xff, 0xff, 0x50, 0x0, 0x0, 0x0, 0xaf, 0xff,
    0xff, 0xff, 0xff, 0xd3, 0x0, 0x0, 0x0, 0x0,
    0x3, 0x9e, 0xff, 0xff, 0xb5, 0x0, 0x0, 0x0,
    0x0, 0x0, 0x0, 0x0, 0x1, 0x10, 0x0, 0x0,
    0x0, 0x0,

    /* U+F11A "" */
    0x0, 0x0, 0x0, 0x0, 0x1, 0x10, 0x0, 0x0,
    0x0, 0x0, 0x0, 0x0, 0x3, 0x9e, 0xff, 0xff,
    0xb5, 0x0, 0x0, 0x0, 0x0, 0x0, 0xaf, 0xff,
    0xff, 0xff, 0xff, 0xd3, 0x0, 0x0, 0x0, 0x1d,
    0xff, 0xff, 0xff, 0xff, 0xff, 0xff, 0x50, 0x0,
    0x0, 0xcf, 0xff, 0xff, 0xff, 0xff, 0xff, 0xff,
    0xf3, 0x0, 0x9, 0xff, 0xff, 0xff, 0xff, 0xff,
    0xff, 0xff, 0xfe, 0x0, 0x2f, 0xff, 0xff, 0xff,
    0xff, 0xff, 0xff, 0xff, 0xff, 0x70, 0x8f, 0xff,
    0xfe, 0x7d, 0xff, 0xff, 0x8b, 0xff, 0xff, 0xd0,
    0xcf, 0xff, 0xf6, 0x4, 0xff, 0xfa, 0x0, 0xff,
    0xff, 0xf2, 0xef, 0xff, 0xfa, 0x19, 0xff, 0xfd,
    0x25, 0xff, 0xff, 0xf4, 0xff, 0xff, 0xff, 0xff,
    0xff, 0xff, 0xff, 0xff, 0xff, 0xf5, 0xef, 0xff,
    0xff, 0xff, 0xff, 0xff, 0xff, 0xff, 0xff, 0xf4,
    0xcf, 0xff, 0xff, 0xff, 0xff, 0xff, 0xff, 0xff,
    0xff, 0xf2, 0x8f, 0xff, 0xfd, 0xbb, 0xbb, 0xbb,
    0xbc, 0xff, 0xff, 0xe0, 0x2f, 0xff, 0xf8, 0x22,
    0x22, 0x22, 0x22, 0xff, 0xff, 0x80, 0x9, 0xff,
    0xff, 0xff, 0xff, 0xff, 0xff, 0xff, 0xfe, 0x0,
    0x0, 0xdf, 0xff, 0xff, 0xff, 0xff, 0xff, 0xff,
    0xf4, 0x0, 0x0, 0x2d, 0xff, 0xff, 0xff, 0xff,
    0xff, 0xff, 0x50, 0x0, 0x0, 0x1, 0xaf, 0xff,
    0xff, 0xff, 0xff, 0xd3, 0x0, 0x0, 0x0, 0x0,
    0x3, 0xae, 0xff, 0xff, 0xc6, 0x0, 0x0, 0x0,
    0x0, 0x0, 0x0, 0x0, 0x12, 0x10, 0x0, 0x0,
    0x0, 0x0,

    /* U+F11C "" */
    0x5e, 0xff, 0xff, 0xff, 0xff, 0xff, 0xff, 0xff,
    0xff, 0xff, 0xfb, 0xe, 0xff, 0xff, 0xff, 0xff,
    0xff, 0xff, 0xff, 0xff, 0xff, 0xff, 0xf6, 0xff,
    0xc8, 0x8f, 0xa8, 0xaf, 0x88, 0xbf, 0x88, 0xfb,
    0x88, 0xff, 0x8f, 0xf8, 0x0, 0xf4, 0x4, 0xf0,
    0x5, 0xe0, 0xe, 0x50, 0xf, 0xf8, 0xff, 0x80,
    0xf, 0x40, 0x4f, 0x0, 0x6f, 0x0, 0xf6, 0x0,
    0xff, 0x8f, 0xff, 0xff, 0xff, 0xff, 0xff, 0xff,
    0xff, 0xff, 0xff, 0xff, 0xf8, 0xff, 0xff, 0x94,
    0x6f, 0x64, 0x8f, 0x44, 0xbb, 0x44, 0xff, 0xff,
    0x8f, 0xff, 0xf6, 0x2, 0xf2, 0x5, 0xf0, 0x8,
    0x80, 0xe, 0xff, 0xf8, 0xff, 0xff, 0x94, 0x6f,
    0x64, 0x8f, 0x44, 0xbb, 0x44, 0xff, 0xff, 0x8f,
    0xff, 0xff, 0xff, 0xff, 0xff, 0xff, 0xff, 0xff,
    0xff, 0xff, 0xf8, 0xff, 0x80, 0xf, 0x40, 0x0,
    0x0, 0x0, 0x0, 0xf6, 0x0, 0xff, 0x8f, 0xf8,
    0x0, 0xf4, 0x0, 0x0, 0x0, 0x0, 0xe, 0x50,
    0xf, 0xf8, 0xff, 0xc8, 0x8f, 0xa8, 0x88, 0x88,
    0x88, 0x88, 0xfb, 0x88, 0xff, 0x8e, 0xff, 0xff,
    0xff, 0xff, 0xff, 0xff, 0xff, 0xff, 0xff, 0xff,
    0xf6, 0x5e, 0xff, 0xff, 0xff, 0xff, 0xff, 0xff,
    0xff, 0xff, 0xff, 0xfb, 0x0,

    /* U+F124 "" */
    0x0, 0x0, 0x0, 0x0, 0x0, 0x0, 0x0, 0x0,
    0x0, 0x56, 0x0, 0x0, 0x0, 0x0, 0x0, 0x0,
    0x0, 0x0, 0x1, 0x7e, 0xff, 0xa0, 0x0, 0x0,
    0x0, 0x0, 0x0, 0x0, 0x1, 0x8f, 0xff, 0xff,
    0xf0, 0x0, 0x0, 0x0, 0x0, 0x0, 0x2, 0xaf,
    0xff, 0xff, 0xff, 0xa0, 0x0, 0x0, 0x0, 0x0,
    0x4, 0xbf, 0xff, 0xff, 0xff, 0xff, 0x30, 0x0,
    0x0, 0x0, 0x5, 0xcf, 0xff, 0xff, 0xff, 0xff,
    0xfb, 0x0, 0x0, 0x0, 0x6, 0xdf, 0xff, 0xff,
    0xff, 0xff, 0xff, 0xf4, 0x0, 0x0, 0x18, 0xef,
    0xff, 0xff, 0xff, 0xff, 0xff, 0xff, 0xd0, 0x0,
    0x5, 0xff, 0xff, 0xff, 0xff, 0xff, 0xff, 0xff,
    0xff, 0x50, 0x0, 0xe, 0xff, 0xff, 0xff, 0xff,
    0xff, 0xff, 0xff, 0xfe, 0x0, 0x0, 0xd, 0xff,
    0xff, 0xff, 0xff, 0xff, 0xff, 0xff, 0xf7, 0x0,
    0x0, 0x2, 0xac, 0xcc, 0xcc, 0xcd, 0xff, 0xff,
    0xff, 0xf0, 0x0, 0x0, 0x0, 0x0, 0x0, 0x0,
    0x4, 0xff, 0xff, 0xff, 0x80, 0x0, 0x0, 0x0,
    0x0, 0x0, 0x0, 0x4, 0xff, 0xff, 0xff, 0x10,
    0x0, 0x0, 0x0, 0x0, 0x0, 0x0, 0x4, 0xff,
    0xff, 0xf9, 0x0, 0x0, 0x0, 0x0, 0x0, 0x0,
    0x0, 0x4, 0xff, 0xff, 0xf2, 0x0, 0x0, 0x0,
    0x0, 0x0, 0x0, 0x0, 0x4, 0xff, 0xff, 0xb0,
    0x0, 0x0, 0x0, 0x0, 0x0, 0x0, 0x0, 0x4,
    0xff, 0xff, 0x30, 0x0, 0x0, 0x0, 0x0, 0x0,
    0x0, 0x0, 0x3, 0xff, 0xfc, 0x0, 0x0, 0x0,
    0x0, 0x0, 0x0, 0x0, 0x0, 0x0, 0xef, 0xf4,
    0x0, 0x0, 0x0, 0x0, 0x0, 0x0, 0x0, 0x0,
    0x0, 0x27, 0x30, 0x0, 0x0, 0x0, 0x0,

    /* U+F135 "" */
    0x0, 0x0, 0x0, 0x0, 0x0, 0x0, 0x2, 0x57,
    0x77, 0x51, 0x0, 0x0, 0x0, 0x0, 0x0, 0x4,
    0xdf, 0xff, 0xff, 0xfc, 0x0, 0x0, 0x0, 0x0,
    0x0, 0x8f, 0xff, 0xff, 0xff, 0xfe, 0x0, 0x0,
    0x0, 0x0, 0x9, 0xff, 0xff, 0xff, 0xff, 0xff,
    0x0, 0x0, 0x0, 0x0, 0x6f, 0xff, 0xfd, 0x11,
    0xdf, 0xff, 0x0, 0x3, 0x44, 0x45, 0xff, 0xff,
    0xf7, 0x0, 0x7f, 0xff, 0x0, 0xcf, 0xff, 0xff,
    0xff, 0xff, 0xfb, 0x0, 0xbf, 0xfc, 0x5, 0xff,
    0xff, 0xff, 0xff, 0xff, 0xff, 0xdd, 0xff, 0xf8,
    0xd, 0xff, 0xff, 0xff, 0xff, 0xff, 0xff, 0xff,
    0xff, 0xf2, 0x5f, 0xff, 0xff, 0xff, 0xff, 0xff,
    0xff, 0xff, 0xff, 0x90, 0xdf, 0xff, 0xff, 0xff,
    0xff, 0xff, 0xff, 0xff, 0xfc, 0x0, 0xcf, 0xff,
    0xff, 0xff, 0xff, 0xff, 0xff, 0xff, 0xc0, 0x0,
    0x0, 0x0, 0x8f, 0xff, 0xff, 0xff, 0xff, 0xf8,
    0x0, 0x0, 0x0, 0x2, 0xff, 0xff, 0xff, 0xff,
    0xff, 0xf0, 0x0, 0x0, 0x0, 0x0, 0xdf, 0xff,
    0xff, 0xff, 0xff, 0xf0, 0x0, 0x0, 0x0, 0x0,
    0x2e, 0xff, 0xff, 0xff, 0xff, 0xf0, 0x0, 0x0,
    0x0, 0x0, 0x2, 0xcc, 0x5f, 0xff, 0xff, 0xf0,
    0x0, 0x0, 0x0, 0x0, 0x0, 0x0, 0x4f, 0xff,
    0xff, 0xe0, 0x0, 0x0, 0x0, 0x0, 0x0, 0x0,
    0x4f, 0xff, 0xfe, 0x40, 0x0, 0x0, 0x0, 0x0,
    0x0, 0x0, 0x3f, 0xfe, 0x60, 0x0, 0x0, 0x0,
    0x0, 0x0, 0x0, 0x0, 0x9, 0x60, 0x0, 0x0,
    0x0, 0x0,

    /* U+F15B "" */
    0x24, 0x44, 0x44, 0x44, 0x30, 0x30, 0x0, 0xf,
    0xff, 0xff, 0xff, 0xfc, 0xf, 0x60, 0x0, 0xff,
    0xff, 0xff, 0xff, 0xc0, 0xff, 0x60, 0xf, 0xff,
    0xff, 0xff, 0xfc, 0xf, 0xff, 0x60, 0xff, 0xff,
    0xff, 0xff, 0xc0, 0xff, 0xff, 0x6f, 0xff, 0xff,
    0xff, 0xfc, 0xb, 0xbb, 0xbb, 0xff, 0xff, 0xff,
    0xff, 0xe1, 0x0, 0x0, 0xf, 0xff, 0xff, 0xff,
    0xff, 0xff, 0xff, 0xff, 0xff, 0xff, 0xff, 0xff,
    0xff, 0xff, 0xff, 0xff, 0xff, 0xff, 0xff, 0xff,
    0xff, 0xff, 0xff, 0xff, 0xff, 0xff, 0xff, 0xff,
    0xff, 0xff, 0xff, 0xff, 0xff, 0xff, 0xff, 0xff,
    0xff, 0xff, 0xff, 0xff, 0xff, 0xff, 0xff, 0xff,
    0xff, 0xff, 0xff, 0xff, 0xff, 0xff, 0xff, 0xff,
    0xff, 0xff, 0xff, 0xff, 0xff, 0xff, 0xff, 0xff,
    0xff, 0xff, 0xff, 0xff, 0xff, 0xff, 0xff, 0xff,
    0xff, 0xff, 0xff, 0xff, 0xff, 0xff, 0xff, 0xff,
    0xff, 0xff, 0xff, 0xff, 0xff, 0xff, 0xff, 0xff,
    0xff, 0xff, 0xff, 0xff, 0xff, 0xff, 0xff, 0xff,
    0xff, 0xff, 0xff, 0xff, 0xff, 0xff, 0x8b, 0xbb,
    0xbb, 0xbb, 0xbb, 0xbb, 0xbb, 0x80,

    /* U+F164 "" */
    0x0, 0x0, 0x0, 0x0, 0x0, 0x2, 0x73, 0x0,
    0x0, 0x0, 0x0, 0x0, 0x0, 0x0, 0x0, 0xb,
    0xff, 0x60, 0x0, 0x0, 0x0, 0x0, 0x0, 0x0,
    0x0, 0x1f, 0xff, 0xd0, 0x0, 0x0, 0x0, 0x0,
    0x0, 0x0, 0x0, 0x5f, 0xff, 0xf0, 0x0, 0x0,
    0x0, 0x0, 0x0, 0x0, 0x0, 0xcf, 0xff, 0xd0,
    0x0, 0x0, 0x0, 0x0, 0x0, 0x0, 0x7, 0xff,
    0xff, 0x80, 0x0, 0x0, 0x0, 0x0, 0x0, 0x0,
    0x4f, 0xff, 0xff, 0x10, 0x0, 0x0, 0x0, 0x0,
    0x0, 0x1, 0xef, 0xff, 0xfe, 0xaa, 0xaa, 0x60,
    0x0, 0x0, 0x0, 0xc, 0xff, 0xff, 0xff, 0xff,
    0xff, 0xf9, 0x9c, 0xcc, 0x80, 0x8f, 0xff, 0xff,
    0xff, 0xff, 0xff, 0xff, 0xff, 0xff, 0xf0, 0xcf,
    0xff, 0xff, 0xff, 0xff, 0xff, 0xfd, 0xff, 0xff,
    0xf0, 0xcf, 0xff, 0xff, 0xff, 0xff, 0xff, 0xf5,
    0xff, 0xff, 0xf0, 0xcf, 0xff, 0xff, 0xff, 0xff,
    0xff, 0xf6, 0xff, 0xff, 0xf0, 0xcf, 0xff, 0xff,
    0xff, 0xff, 0xff, 0xf5, 0xff, 0xff, 0xf0, 0xcf,
    0xff, 0xff, 0xff, 0xff, 0xff, 0xf0, 0xff, 0xff,
    0xf0, 0xcf, 0xff, 0xff, 0xff, 0xff, 0xff, 0xf0,
    0xff, 0xff, 0xf0, 0xcf, 0xff, 0xff, 0xff, 0xff,
    0xff, 0xc0, 0xfc, 0x1c, 0xf0, 0xcf, 0xff, 0xff,
    0xff, 0xff, 0xff, 0x50, 0xfc, 0x1c, 0xf0, 0x6c,
    0xff, 0xff, 0xff, 0xff, 0xff, 0x40, 0xff, 0xff,
    0xf0, 0x0, 0x29, 0xef, 0xff, 0xff, 0xfc, 0x0,
    0x58, 0x88, 0x50, 0x0, 0x0, 0x3, 0x67, 0x76,
    0x30, 0x0,

    /* U+F165 "" */
    0x0, 0x0, 0x0, 0x0, 0x0, 0x0, 0x34, 0x43,
    0x0, 0x0, 0x0, 0x0, 0x0, 0x0, 0x5, 0xbf,
    0xff, 0xff, 0xf8, 0x0, 0xdf, 0xff, 0xd0, 0x39,
    0xef, 0xff, 0xff, 0xff, 0xff, 0x30, 0xff, 0xff,
    0xf0, 0xbf, 0xff, 0xff, 0xff, 0xff, 0xff, 0x40,
    0xff, 0xff, 0xf0, 0xcf, 0xff, 0xff, 0xff, 0xff,
    0xff, 0xb0, 0xff, 0xff, 0xf0, 0xcf, 0xff, 0xff,
    0xff, 0xff, 0xff, 0xf0, 0xff, 0xff, 0xf0, 0xcf,
    0xff, 0xff, 0xff, 0xff, 0xff, 0xf0, 0xff, 0xff,
    0xf0, 0xcf, 0xff, 0xff, 0xff, 0xff, 0xff, 0xf4,
    0xff, 0xff, 0xf0, 0xcf, 0xff, 0xff, 0xff, 0xff,
    0xff, 0xf7, 0xff, 0xdf, 0xf0, 0xcf, 0xff, 0xff,
    0xff, 0xff, 0xff, 0xf5, 0xfa, 0xa, 0xf0, 0xcf,
    0xff, 0xff, 0xff, 0xff, 0xff, 0xfc, 0xfe, 0x6e,
    0xf0, 0xaf, 0xff, 0xff, 0xff, 0xff, 0xff, 0xff,
    0xef, 0xff, 0xe0, 0x1e, 0xff, 0xff, 0xff, 0xff,
    0xff, 0xfb, 0x13, 0x33, 0x10, 0x3, 0xff, 0xff,
    0xff, 0xdd, 0xdd, 0xa1, 0x0, 0x0, 0x0, 0x0,
    0x7f, 0xff, 0xfe, 0x0, 0x0, 0x0, 0x0, 0x0,
    0x0, 0x0, 0xb, 0xff, 0xff, 0x60, 0x0, 0x0,
    0x0, 0x0, 0x0, 0x0, 0x0, 0xdf, 0xff, 0xc0,
    0x0, 0x0, 0x0, 0x0, 0x0, 0x0, 0x0, 0x6f,
    0xff, 0xf0, 0x0, 0x0, 0x0, 0x0, 0x0, 0x0,
    0x0, 0x2f, 0xff, 0xe0, 0x0, 0x0, 0x0, 0x0,
    0x0, 0x0, 0x0, 0xd, 0xff, 0x80, 0x0, 0x0,
    0x0, 0x0, 0x0, 0x0, 0x0, 0x3, 0xa6, 0x0,
    0x0, 0x0,

    /* U+F185 "" */
    0x0, 0x0, 0x0, 0x0, 0x1, 0x10, 0x0, 0x0,
    0x0, 0x0, 0x0, 0x0, 0x0, 0x0, 0xd, 0xc0,
    0x0, 0x0, 0x0, 0x0, 0x0, 0x0, 0x0, 0x0,
    0x5f, 0xf4, 0x0, 0x0, 0x0, 0x0, 0x0, 0x17,
    0x30, 0x0, 0xdf, 0xfc, 0x0, 0x3, 0x71, 0x0,
    0x0, 0x2f, 0xfe, 0x87, 0xff, 0xff, 0x79, 0xef,
    0xf2, 0x0, 0x0, 0xc, 0xff, 0xff, 0xfc, 0xcf,
    0xff, 0xff, 0xd0, 0x0, 0x0, 0x7, 0xff, 0xf6,
    0x14, 0x41, 0x6f, 0xff, 0x70, 0x0, 0x0, 0x1,
    0xff, 0x36, 0xff, 0xff, 0x53, 0xff, 0x10, 0x0,
    0x0, 0x4c, 0xf8, 0x3f, 0xff, 0xff, 0xf3, 0x8f,
    0xc4, 0x0, 0x4c, 0xff, 0xf2, 0xaf, 0xff, 0xff,
    0xf9, 0x2f, 0xff, 0xc4, 0xef, 0xff, 0xf0, 0xbf,
    0xff, 0xff, 0xfb, 0xf, 0xff, 0xfe, 0x19, 0xff,
    0xf1, 0x9f, 0xff, 0xff, 0xf8, 0x1f, 0xff, 0x91,
    0x0, 0x19, 0xf5, 0x2f, 0xff, 0xff, 0xf1, 0x5f,
    0x91, 0x0, 0x0, 0x2, 0xfd, 0x3, 0xdf, 0xfc,
    0x30, 0xdf, 0x20, 0x0, 0x0, 0x7, 0xff, 0xb0,
    0x1, 0x10, 0xb, 0xff, 0x70, 0x0, 0x0, 0xb,
    0xff, 0xfe, 0x85, 0x58, 0xef, 0xff, 0xc0, 0x0,
    0x0, 0x1f, 0xff, 0xfd, 0xff, 0xff, 0xdf, 0xff,
    0xf1, 0x0, 0x0, 0x2e, 0xa5, 0x1, 0xff, 0xff,
    0x10, 0x5a, 0xe2, 0x0, 0x0, 0x0, 0x0, 0x0,
    0x8f, 0xf8, 0x0, 0x0, 0x0, 0x0, 0x0, 0x0,
    0x0, 0x0, 0x1f, 0xe1, 0x0, 0x0, 0x0, 0x0,
    0x0, 0x0, 0x0, 0x0, 0x6, 0x50, 0x0, 0x0,
    0x0, 0x0,

    /* U+F186 "" */
    0x0, 0x0, 0x0, 0x0, 0x23, 0x32, 0x0, 0x0,
    0x0, 0x0, 0x0, 0x0, 0x29, 0xef, 0xff, 0xf2,
    0x0, 0x0, 0x0, 0x0, 0x0, 0x9f, 0xff, 0xff,
    0xd3, 0x0, 0x0, 0x0, 0x0, 0x0, 0xcf, 0xff,
    0xff, 0xe1, 0x0, 0x0, 0x0, 0x0, 0x0, 0xbf,
    0xff, 0xff, 0xf4, 0x0, 0x0, 0x0, 0x0, 0x0,
    0x7f, 0xff, 0xff, 0xfb, 0x0, 0x0, 0x0, 0x0,
    0x0, 0x1e, 0xff, 0xff, 0xff, 0x50, 0x0, 0x0,
    0x0, 0x0, 0x6, 0xff, 0xff, 0xff, 0xf2, 0x0,
    0x0, 0x0, 0x0, 0x0, 0xaf, 0xff, 0xff, 0xff,
    0x10, 0x0, 0x0, 0x0, 0x0, 0xd, 0xff, 0xff,
    0xff, 0xf2, 0x0, 0x0, 0x0, 0x0, 0x0, 0xef,
    0xff, 0xff, 0xff, 0x40, 0x0, 0x0, 0x0, 0x0,
    0xe, 0xff, 0xff, 0xff, 0xfa, 0x0, 0x0, 0x0,
    0x0, 0x0, 0xcf, 0xff, 0xff, 0xff, 0xf2, 0x0,
    0x0, 0x0, 0x0, 0x8, 0xff, 0xff, 0xff, 0xff,
    0xc0, 0x0, 0x0, 0x0, 0x0, 0x3f, 0xff, 0xff,
    0xff, 0xff, 0xc1, 0x0, 0x0, 0x0, 0x0, 0xbf,
    0xff, 0xff, 0xff, 0xff, 0xe6, 0x0, 0x0, 0x0,
    0x1, 0xef, 0xff, 0xff, 0xff, 0xff, 0xff, 0xb9,
    0xa9, 0x0, 0x3, 0xff, 0xff, 0xff, 0xff, 0xff,
    0xff, 0xff, 0x50, 0x0, 0x3, 0xef, 0xff, 0xff,
    0xff, 0xff, 0xff, 0x50, 0x0, 0x0, 0x1, 0x9f,
    0xff, 0xff, 0xff, 0xfa, 0x20, 0x0, 0x0, 0x0,
    0x0, 0x16, 0x9b, 0xb9, 0x61, 0x0, 0x0, 0x0,

    /* U+F1B9 "" */
    0x0, 0x0, 0x5, 0xcf, 0xff, 0xff, 0xfe, 0xa2,
    0x0, 0x0, 0x0, 0x0, 0x8, 0xff, 0xff, 0xff,
    0xff, 0xff, 0xf3, 0x0, 0x0, 0x0, 0x3, 0xff,
    0xe8, 0x88, 0x88, 0x8b, 0xff, 0xd0, 0x0, 0x0,
    0x0, 0xaf, 0xf1, 0x0, 0x0, 0x0, 0x9, 0xff,
    0x40, 0x0, 0x9d, 0xdf, 0xf9, 0x0, 0x0, 0x0,
    0x0, 0x2f, 0xfe, 0xdd, 0x49, 0xff, 0xff, 0xb9,
    0x99, 0x99, 0x99, 0x99, 0xef, 0xff, 0xf3, 0xa,
    0xff, 0xff, 0xff, 0xff, 0xff, 0xff, 0xff, 0xff,
    0xf5, 0x0, 0xff, 0x89, 0xff, 0xff, 0xff, 0xff,
    0xff, 0xd6, 0xbf, 0xb0, 0x2f, 0xc0, 0x8, 0xff,
    0xff, 0xff, 0xff, 0xe1, 0x2, 0xfc, 0x2, 0xfe,
    0x20, 0x4f, 0xff, 0xff, 0xff, 0xfb, 0x0, 0x7f,
    0xc0, 0x1f, 0xff, 0xff, 0xff, 0xff, 0xff, 0xff,
    0xff, 0xff, 0xfb, 0x0, 0xaf, 0xff, 0xff, 0xff,
    0xff, 0xff, 0xff, 0xff, 0xff, 0x40, 0x8, 0xff,
    0xf9, 0x88, 0x88, 0x88, 0x88, 0x8d, 0xff, 0xf2,
    0x0, 0x8f, 0xff, 0x30, 0x0, 0x0, 0x0, 0x0,
    0xbf, 0xff, 0x20, 0x3, 0xef, 0xc0, 0x0, 0x0,
    0x0, 0x0, 0x6, 0xff, 0xc0, 0x0,

    /* U+F1BB "" */
    0x0, 0x0, 0x0, 0x0, 0x20, 0x0, 0x0, 0x0,
    0x0, 0x0, 0x0, 0xa, 0xf5, 0x0, 0x0, 0x0,
    0x0, 0x0, 0x0, 0xaf, 0xff, 0x40, 0x0, 0x0,
    0x0, 0x0, 0x9, 0xff, 0xff, 0xf4, 0x0, 0x0,
    0x0, 0x0, 0x8f, 0xff, 0xff, 0xff, 0x30, 0x0,
    0x0, 0x6, 0xff, 0xff, 0xff, 0xff, 0xe1, 0x0,
    0x0, 0x7, 0xff, 0xff, 0xff, 0xff, 0xe2, 0x0,
    0x0, 0x0, 0x2e, 0xff, 0xff, 0xfb, 0x0, 0x0,
    0x0, 0x1, 0xef, 0xff, 0xff, 0xff, 0xa0, 0x0,
    0x0, 0xc, 0xff, 0xff, 0xff, 0xff, 0xf8, 0x0,
    0x0, 0xaf, 0xff, 0xff, 0xff, 0xff, 0xff, 0x50,
    0x0, 0xbf, 0xff, 0xff, 0xff, 0xff, 0xff, 0x60,
    0x0, 0x4, 0xff, 0xff, 0xff, 0xff, 0xd1, 0x0,
    0x0, 0x3f, 0xff, 0xff, 0xff, 0xff, 0xfc, 0x0,
    0x2, 0xef, 0xff, 0xff, 0xff, 0xff, 0xff, 0xb0,
    0xd, 0xff, 0xff, 0xff, 0xff, 0xff, 0xff, 0xf8,
    0xd, 0xff, 0xff, 0xff, 0xff, 0xff, 0xff, 0xf9,
    0x0, 0x0, 0x0, 0xe, 0xf9, 0x0, 0x0, 0x0,
    0x0, 0x0, 0x0, 0x4f, 0xfe, 0x0, 0x0, 0x0,
    0x0, 0x0, 0x0, 0xdf, 0xff, 0x80, 0x0, 0x0,
    0x0, 0x0, 0x0, 0xab, 0xbb, 0x80, 0x0, 0x0,

    /* U+F1E2 "" */
    0x0, 0x0, 0x0, 0x0, 0x0, 0x0, 0x0, 0x0,
    0x26, 0x0, 0x0, 0x0, 0x0, 0x0, 0x0, 0x0,
    0x0, 0xa, 0x6a, 0x92, 0x0, 0x0, 0x0, 0x0,
    0x0, 0x0, 0x0, 0x4, 0x73, 0xd4, 0x0, 0x0,
    0x0, 0x0, 0x0, 0x0, 0x0, 0x0, 0x90, 0x99,
    0x0, 0x0, 0x6, 0xac, 0xdb, 0x75, 0xfb, 0x1c,
    0x72, 0xd1, 0x0, 0x5, 0xef, 0xff, 0xff, 0xff,
    0xff, 0xf8, 0x0, 0x31, 0x0, 0x8f, 0xff, 0xff,
    0xff, 0xff, 0xff, 0xfb, 0x0, 0x0, 0x5, 0xff,
    0xf9, 0x4c, 0xff, 0xff, 0xff, 0xff, 0x60, 0x0,
    0x1e, 0xff, 0x30, 0x1b, 0xff, 0xff, 0xff, 0xff,
    0x30, 0x0, 0x7f, 0xf8, 0xa, 0xff, 0xff, 0xff,
    0xff, 0xfa, 0x0, 0x0, 0xcf, 0xf3, 0x7f, 0xff,
    0xff, 0xff, 0xff, 0xfe, 0x0, 0x0, 0xef, 0xf4,
    0xbf, 0xff, 0xff, 0xff, 0xff, 0xff, 0x10, 0x0,
    0xff, 0xff, 0xff, 0xff, 0xff, 0xff, 0xff, 0xff,
    0x30, 0x0, 0xef, 0xff, 0xff, 0xff, 0xff, 0xff,
    0xff, 0xff, 0x20, 0x0, 0xbf, 0xff, 0xff, 0xff,
    0xff, 0xff, 0xff, 0xff, 0x0, 0x0, 0x6f, 0xff,
    0xff, 0xff, 0xff, 0xff, 0xff, 0xfb, 0x0, 0x0,
    0xe, 0xff, 0xff, 0xff, 0xff, 0xff, 0xff, 0xf3,
    0x0, 0x0, 0x4, 0xff, 0xff, 0xff, 0xff, 0xff,
    0xff, 0x80, 0x0, 0x0, 0x0, 0x6f, 0xff, 0xff,
    0xff, 0xff, 0xf9, 0x0, 0x0, 0x0, 0x0, 0x3,
    0xdf, 0xff, 0xff, 0xfe, 0x60, 0x0, 0x0, 0x0,
    0x0, 0x0, 0x4, 0x8a, 0xa9, 0x50, 0x0, 0x0,
    0x0, 0x0,

    /* U+F1E3 "" */
    0x0, 0x0, 0x0, 0x0, 0x2, 0x20, 0x0, 0x0,
    0x0, 0x0, 0x0, 0x0, 0x1, 0x8d, 0xff, 0xff,
    0xd8, 0x10, 0x0, 0x0, 0x0, 0x0, 0x7f, 0xff,
    0xff, 0xff, 0xff, 0xf7, 0x0, 0x0, 0x0, 0xa,
    0xff, 0x8b, 0xff, 0xff, 0xb8, 0xff, 0xa0, 0x0,
    0x0, 0x9f, 0xd2, 0x7, 0xff, 0xff, 0x70, 0x2d,
    0xf9, 0x0, 0x4, 0xff, 0x40, 0x0, 0x1a, 0xa1,
    0x0, 0x4, 0xff, 0x40, 0xd, 0xff, 0xf2, 0x0,
    0x0, 0x0, 0x0, 0x2f, 0xff, 0xd0, 0x3f, 0xff,
    0xf5, 0x0, 0x3, 0x30, 0x0, 0x5f, 0xff, 0xf3,
    0x7f, 0xff, 0xf8, 0x0, 0x7f, 0xf7, 0x0, 0x8f,
    0xff, 0xf7, 0x9f, 0xff, 0xf4, 0xb, 0xff, 0xff,
    0xb0, 0x4f, 0xff, 0xf9, 0xaf, 0xde, 0x30, 0xc,
    0xff, 0xff, 0xc0, 0x3, 0xed, 0xfa, 0x9f, 0x42,
    0x0, 0x7, 0xff, 0xff, 0x70, 0x0, 0x24, 0xf9,
    0x7f, 0x70, 0x0, 0x1, 0xff, 0xff, 0x10, 0x0,
    0x7, 0xf7, 0x3f, 0xc0, 0x20, 0x0, 0x33, 0x33,
    0x0, 0x2, 0xc, 0xf3, 0xd, 0xf7, 0xff, 0xe6,
    0x0, 0x0, 0x6e, 0xff, 0x7f, 0xd0, 0x4, 0xff,
    0xff, 0xfe, 0x0, 0x0, 0xef, 0xff, 0xff, 0x40,
    0x0, 0x9f, 0xff, 0xff, 0x60, 0x6, 0xff, 0xff,
    0xf9, 0x0, 0x0, 0xa, 0xff, 0xfe, 0x50, 0x5,
    0xef, 0xff, 0xa0, 0x0, 0x0, 0x0, 0x7f, 0xff,
    0xdb, 0xbd, 0xff, 0xf7, 0x0, 0x0, 0x0, 0x0,
    0x1, 0x8d, 0xff, 0xff, 0xd8, 0x10, 0x0, 0x0,
    0x0, 0x0, 0x0, 0x0, 0x2, 0x20, 0x0, 0x0,
    0x0, 0x0,

    /* U+F1EB "" */
    0x0, 0x0, 0x0, 0x0, 0x0, 0x23, 0x43, 0x20,
    0x0, 0x0, 0x0, 0x0, 0x0, 0x0, 0x0, 0x3,
    0x8c, 0xff, 0xff, 0xff, 0xfc, 0x83, 0x0, 0x0,
    0x0, 0x0, 0x0, 0x6d, 0xff, 0xff, 0xff, 0xff,
    0xff, 0xff, 0xfd, 0x60, 0x0, 0x0, 0x3, 0xdf,
    0xff, 0xff, 0xff, 0xfe, 0xff, 0xff, 0xff, 0xff,
    0xd3, 0x0, 0x8, 0xff, 0xff, 0xfb, 0x72, 0x0,
    0x0, 0x2, 0x7b, 0xff, 0xff, 0xf8, 0xa, 0xff,
    0xff, 0xa2, 0x0, 0x0, 0x0, 0x0, 0x0, 0x2,
    0xaf, 0xff, 0xfa, 0xbf, 0xfd, 0x30, 0x0, 0x0,
    0x0, 0x0, 0x0, 0x0, 0x0, 0x3d, 0xff, 0xb0,
    0xba, 0x10, 0x0, 0x5, 0x9d, 0xef, 0xed, 0x95,
    0x0, 0x0, 0x1a, 0xb0, 0x0, 0x0, 0x0, 0x6d,
    0xff, 0xff, 0xff, 0xff, 0xfd, 0x60, 0x0, 0x0,
    0x0, 0x0, 0x1, 0xbf, 0xff, 0xff, 0xff, 0xff,
    0xff, 0xff, 0xb1, 0x0, 0x0, 0x0, 0x0, 0x8f,
    0xff, 0xfa, 0x53, 0x23, 0x5a, 0xff, 0xff, 0x80,
    0x0, 0x0, 0x0, 0x0, 0xcf, 0xb1, 0x0, 0x0,
    0x0, 0x1, 0xbf, 0xc0, 0x0, 0x0, 0x0, 0x0,
    0x0, 0x40, 0x0, 0x0, 0x0, 0x0, 0x0, 0x40,
    0x0, 0x0, 0x0, 0x0, 0x0, 0x0, 0x0, 0x1,
    0x9d, 0x91, 0x0, 0x0, 0x0, 0x0, 0x0, 0x0,
    0x0, 0x0, 0x0, 0x0, 0xaf, 0xff, 0xa0, 0x0,
    0x0, 0x0, 0x0, 0x0, 0x0, 0x0, 0x0, 0x0,
    0xf, 0xff, 0xff, 0x0, 0x0, 0x0, 0x0, 0x0,
    0x0, 0x0, 0x0, 0x0, 0x0, 0xcf, 0xff, 0xc0,
    0x0, 0x0, 0x0, 0x0, 0x0, 0x0, 0x0, 0x0,
    0x0, 0x3, 0xef, 0xe3, 0x0, 0x0, 0x0, 0x0,
    0x0, 0x0, 0x0, 0x0, 0x0, 0x0, 0x0, 0x10,
    0x0, 0x0, 0x0, 0x0, 0x0, 0x0,

    /* U+F1FD "" */
    0x0, 0x2, 0x20, 0x0, 0x22, 0x0, 0x2, 0x20,
    0x0, 0x0, 0xa, 0xb0, 0x0, 0xab, 0x0, 0xa,
    0xb0, 0x0, 0x0, 0x5f, 0xf0, 0x5, 0xff, 0x0,
    0x5f, 0xf0, 0x0, 0x0, 0x4f, 0xb0, 0x4, 0xfb,
    0x0, 0x4f, 0xb0, 0x0, 0x0, 0x14, 0x30, 0x1,
    0x43, 0x0, 0x14, 0x30, 0x0, 0x0, 0x8f, 0xf0,
    0x8, 0xff, 0x0, 0x8f, 0xf0, 0x0, 0x0, 0x8f,
    0xf0, 0x8, 0xff, 0x0, 0x8f, 0xf0, 0x0, 0x0,
    0x8f, 0xf0, 0x8, 0xff, 0x0, 0x8f, 0xf0, 0x0,
    0x0, 0x8f, 0xf0, 0x8, 0xff, 0x0, 0x8f, 0xf0,
    0x0, 0x0, 0x8f, 0xf0, 0x8, 0xff, 0x0, 0x8f,
    0xf0, 0x0, 0x3, 0xaf, 0xf4, 0x4a, 0xff, 0x44,
    0xaf, 0xf4, 0x10, 0x9f, 0xff, 0xff, 0xff, 0xff,
    0xff, 0xff, 0xff, 0xe2, 0xff, 0xff, 0xff, 0xff,
    0xff, 0xff, 0xff, 0xff, 0xf7, 0xff, 0xff, 0xff,
    0xff, 0xff, 0xff, 0xff, 0xff, 0xf8, 0xfe, 0x89,
    0xff, 0xfd, 0x8a, 0xff, 0xfc, 0x8b, 0xf8, 0x80,
    0x21, 0x19, 0x70, 0x31, 0x2a, 0x50, 0x30, 0x45,
    0x28, 0xff, 0x71, 0x2a, 0xfe, 0x61, 0x3c, 0xfd,
    0x40, 0xff, 0xff, 0xff, 0xff, 0xff, 0xff, 0xff,
    0xff, 0xf8, 0xff, 0xff, 0xff, 0xff, 0xff, 0xff,
    0xff, 0xff, 0xf8, 0xff, 0xff, 0xff, 0xff, 0xff,
    0xff, 0xff, 0xff, 0xf8, 0xbb, 0xbb, 0xbb, 0xbb,
    0xbb, 0xbb, 0xbb, 0xbb, 0xb5,

    /* U+F236 "" */
    0xef, 0x60, 0x0, 0x0, 0x0, 0x0, 0x0, 0x0,
    0x0, 0x0, 0x0, 0x0, 0xf, 0xf8, 0x0, 0x5a,
    0xa3, 0x0, 0x0, 0x0, 0x0, 0x0, 0x0, 0x0,
    0x0, 0xff, 0x80, 0x8f, 0xff, 0xf4, 0x4, 0x88,
    0x88, 0x88, 0x88, 0x76, 0x10, 0xf, 0xf8, 0x1f,
    0xff, 0xff, 0xd0, 0xbf, 0xff, 0xff, 0xff, 0xff,
    0xff, 0x50, 0xff, 0x83, 0xff, 0xff, 0xff, 0xc,
    0xff, 0xff, 0xff, 0xff, 0xff, 0xff, 0x4f, 0xf8,
    0xf, 0xff, 0xff, 0xb0, 0xcf, 0xff, 0xff, 0xff,
    0xff, 0xff, 0xfc, 0xff, 0x80, 0x5f, 0xff, 0xe2,
    0xc, 0xff, 0xff, 0xff, 0xff, 0xff, 0xff, 0xff,
    0xf8, 0x0, 0x26, 0x61, 0x0, 0xcf, 0xff, 0xff,
    0xff, 0xff, 0xff, 0xff, 0xff, 0xa4, 0x44, 0x44,
    0x44, 0x4d, 0xff, 0xff, 0xff, 0xff, 0xff, 0xff,
    0xff, 0xff, 0xff, 0xff, 0xff, 0xff, 0xff, 0xff,
    0xff, 0xff, 0xff, 0xff, 0xff, 0xff, 0xff, 0xff,
    0xff, 0xff, 0xff, 0xff, 0xff, 0xff, 0xff, 0xff,
    0xff, 0xff, 0xff, 0xff, 0xff, 0xff, 0xff, 0xff,
    0xff, 0xff, 0xff, 0xff, 0xff, 0xff, 0xff, 0xc8,
    0x88, 0x88, 0x88, 0x88, 0x88, 0x88, 0x88, 0x88,
    0x88, 0xcf, 0xff, 0xf8, 0x0, 0x0, 0x0, 0x0,
    0x0, 0x0, 0x0, 0x0, 0x0, 0x8, 0xff, 0xef,
    0x60, 0x0, 0x0, 0x0, 0x0, 0x0, 0x0, 0x0,
    0x0, 0x0, 0x6f, 0xe0,

    /* U+F240 "" */
    0x17, 0x88, 0x88, 0x88, 0x88, 0x88, 0x88, 0x88,
    0x88, 0x88, 0x88, 0x60, 0xc, 0xff, 0xff, 0xff,
    0xff, 0xff, 0xff, 0xff, 0xff, 0xff, 0xff, 0xff,
    0x80, 0xff, 0xff, 0xff, 0xff, 0xff, 0xff, 0xff,
    0xff, 0xff, 0xff, 0xff, 0xfc, 0xf, 0xf8, 0x0,
    0x0, 0x0, 0x0, 0x0, 0x0, 0x0, 0x0, 0x0,
    0xcf, 0xfd, 0xff, 0x84, 0xff, 0xff, 0xff, 0xff,
    0xff, 0xff, 0xff, 0xff, 0xc, 0xff, 0xff, 0xf8,
    0x4f, 0xff, 0xff, 0xff, 0xff, 0xff, 0xff, 0xff,
    0xf0, 0x5b, 0xff, 0xff, 0x84, 0xff, 0xff, 0xff,
    0xff, 0xff, 0xff, 0xff, 0xff, 0x0, 0x8f, 0xff,
    0xf8, 0x4f, 0xff, 0xff, 0xff, 0xff, 0xff, 0xff,
    0xff, 0xf0, 0x8, 0xff, 0xff, 0x84, 0xff, 0xff,
    0xff, 0xff, 0xff, 0xff, 0xff, 0xff, 0xc, 0xff,
    0xff, 0xf8, 0x0, 0x0, 0x0, 0x0, 0x0, 0x0,
    0x0, 0x0, 0x0, 0xcf, 0xff, 0xff, 0xc8, 0x88,
    0x88, 0x88, 0x88, 0x88, 0x88, 0x88, 0x88, 0x8e,
    0xfd, 0x4e, 0xff, 0xff, 0xff, 0xff, 0xff, 0xff,
    0xff, 0xff, 0xff, 0xff, 0xff, 0xa0, 0x4e, 0xff,
    0xff, 0xff, 0xff, 0xff, 0xff, 0xff, 0xff, 0xff,
    0xff, 0xc2, 0x0,

    /* U+F241 "" */
    0x17, 0x88, 0x88, 0x88, 0x88, 0x88, 0x88, 0x88,
    0x88, 0x88, 0x88, 0x60, 0xc, 0xff, 0xff, 0xff,
    0xff, 0xff, 0xff, 0xff, 0xff, 0xff, 0xff, 0xff,
    0x80, 0xff, 0xff, 0xff, 0xff, 0xff, 0xff, 0xff,
    0xff, 0xff, 0xff, 0xff, 0xfc, 0xf, 0xf8, 0x0,
    0x0, 0x0, 0x0, 0x0, 0x0, 0x0, 0x0, 0x0,
    0xcf, 0xfd, 0xff, 0x81, 0xff, 0xff, 0xff, 0xff,
    0xff, 0xff, 0x60, 0x0, 0xc, 0xff, 0xff, 0xf8,
    0x1f, 0xff, 0xff, 0xff, 0xff, 0xff, 0xf6, 0x0,
    0x0, 0x5b, 0xff, 0xff, 0x81, 0xff, 0xff, 0xff,
    0xff, 0xff, 0xff, 0x60, 0x0, 0x0, 0x8f, 0xff,
    0xf8, 0x1f, 0xff, 0xff, 0xff, 0xff, 0xff, 0xf6,
    0x0, 0x0, 0x8, 0xff, 0xff, 0x81, 0xff, 0xff,
    0xff, 0xff, 0xff, 0xff, 0x60, 0x0, 0xc, 0xff,
    0xff, 0xf8, 0x0, 0x0, 0x0, 0x0, 0x0, 0x0,
    0x0, 0x0, 0x0, 0xcf, 0xff, 0xff, 0xc8, 0x88,
    0x88, 0x88, 0x88, 0x88, 0x88, 0x88, 0x88, 0x8e,
    0xfd, 0x4e, 0xff, 0xff, 0xff, 0xff, 0xff, 0xff,
    0xff, 0xff, 0xff, 0xff, 0xff, 0xa0, 0x4e, 0xff,
    0xff, 0xff, 0xff, 0xff, 0xff, 0xff, 0xff, 0xff,
    0xff, 0xc2, 0x0,

    /* U+F242 "" */
    0x17, 0x88, 0x88, 0x88, 0x88, 0x88, 0x88, 0x88,
    0x88, 0x88, 0x88, 0x60, 0xc, 0xff, 0xff, 0xff,
    0xff, 0xff, 0xff, 0xff, 0xff, 0xff, 0xff, 0xff,
    0x80, 0xff, 0xff, 0xff, 0xff, 0xff, 0xff, 0xff,
    0xff, 0xff, 0xff, 0xff, 0xfc, 0xf, 0xf8, 0x0,
    0x0, 0x0, 0x0, 0x0, 0x0, 0x0, 0x0, 0x0,
    0xcf, 0xfd, 0xff, 0x81, 0xff, 0xff, 0xff, 0xff,
    0xa0, 0x0, 0x0, 0x0, 0xc, 0xff, 0xff, 0xf8,
    0x1f, 0xff, 0xff, 0xff, 0xfa, 0x0, 0x0, 0x0,
    0x0, 0x5b, 0xff, 0xff, 0x81, 0xff, 0xff, 0xff,
    0xff, 0xa0, 0x0, 0x0, 0x0, 0x0, 0x8f, 0xff,
    0xf8, 0x1f, 0xff, 0xff, 0xff, 0xfa, 0x0, 0x0,
    0x0, 0x0, 0x8, 0xff, 0xff, 0x81, 0xff, 0xff,
    0xff, 0xff, 0xa0, 0x0, 0x0, 0x0, 0xc, 0xff,
    0xff, 0xf8, 0x0, 0x0, 0x0, 0x0, 0x0, 0x0,
    0x0, 0x0, 0x0, 0xcf, 0xff, 0xff, 0xc8, 0x88,
    0x88, 0x88, 0x88, 0x88, 0x88, 0x88, 0x88, 0x8e,
    0xfd, 0x4e, 0xff, 0xff, 0xff, 0xff, 0xff, 0xff,
    0xff, 0xff, 0xff, 0xff, 0xff, 0xa0, 0x4e, 0xff,
    0xff, 0xff, 0xff, 0xff, 0xff, 0xff, 0xff, 0xff,
    0xff, 0xc2, 0x0,

    /* U+F243 "" */
    0x17, 0x88, 0x88, 0x88, 0x88, 0x88, 0x88, 0x88,
    0x88, 0x88, 0x88, 0x60, 0xc, 0xff, 0xff, 0xff,
    0xff, 0xff, 0xff, 0xff, 0xff, 0xff, 0xff, 0xff,
    0x80, 0xff, 0xff, 0xff, 0xff, 0xff, 0xff, 0xff,
    0xff, 0xff, 0xff, 0xff, 0xfc, 0xf, 0xf8, 0x0,
    0x0, 0x0, 0x0, 0x0, 0x0, 0x0, 0x0, 0x0,
    0xcf, 0xfd, 0xff, 0x81, 0xff, 0xff, 0xe0, 0x0,
    0x0, 0x0, 0x0, 0x0, 0xc, 0xff, 0xff, 0xf8,
    0x1f, 0xff, 0xfe, 0x0, 0x0, 0x0, 0x0, 0x0,
    0x0, 0x5b, 0xff, 0xff, 0x81, 0xff, 0xff, 0xe0,
    0x0, 0x0, 0x0, 0x0, 0x0, 0x0, 0x8f, 0xff,
    0xf8, 0x1f, 0xff, 0xfe, 0x0, 0x0, 0x0, 0x0,
    0x0, 0x0, 0x8, 0xff, 0xff, 0x81, 0xff, 0xff,
    0xe0, 0x0, 0x0, 0x0, 0x0, 0x0, 0xc, 0xff,
    0xff, 0xf8, 0x0, 0x0, 0x0, 0x0, 0x0, 0x0,
    0x0, 0x0, 0x0, 0xcf, 0xff, 0xff, 0xc8, 0x88,
    0x88, 0x88, 0x88, 0x88, 0x88, 0x88, 0x88, 0x8e,
    0xfd, 0x4e, 0xff, 0xff, 0xff, 0xff, 0xff, 0xff,
    0xff, 0xff, 0xff, 0xff, 0xff, 0xa0, 0x4e, 0xff,
    0xff, 0xff, 0xff, 0xff, 0xff, 0xff, 0xff, 0xff,
    0xff, 0xc2, 0x0,

    /* U+F244 "" */
    0x17, 0x88, 0x88, 0x88, 0x88, 0x88, 0x88, 0x88,
    0x88, 0x88, 0x88, 0x60, 0xc, 0xff, 0xff, 0xff,
    0xff, 0xff, 0xff, 0xff, 0xff, 0xff, 0xff, 0xff,
    0x80, 0xff, 0xff, 0xff, 0xff, 0xff, 0xff, 0xff,
    0xff, 0xff, 0xff, 0xff, 0xfc, 0xf, 0xf8, 0x0,
    0x0, 0x0, 0x0, 0x0, 0x0, 0x0, 0x0, 0x0,
    0xcf, 0xfd, 0xff, 0x80, 0x0, 0x0, 0x0, 0x0,
    0x0, 0x0, 0x0, 0x0, 0xc, 0xff, 0xff, 0xf8,
    0x0, 0x0, 0x0, 0x0, 0x0, 0x0, 0x0, 0x0,
    0x0, 0x5b, 0xff, 0xff, 0x80, 0x0, 0x0, 0x0,
    0x0, 0x0, 0x0, 0x0, 0x0, 0x0, 0x8f, 0xff,
    0xf8, 0x0, 0x0, 0x0, 0x0, 0x0, 0x0, 0x0,
    0x0, 0x0, 0x8, 0xff, 0xff, 0x80, 0x0, 0x0,
    0x0, 0x0, 0x0, 0x0, 0x0, 0x0, 0xc, 0xff,
    0xff, 0xf8, 0x0, 0x0, 0x0, 0x0, 0x0, 0x0,
    0x0, 0x0, 0x0, 0xcf, 0xff, 0xff, 0xc8, 0x88,
    0x88, 0x88, 0x88, 0x88, 0x88, 0x88, 0x88, 0x8e,
    0xfd, 0x4e, 0xff, 0xff, 0xff, 0xff, 0xff, 0xff,
    0xff, 0xff, 0xff, 0xff, 0xff, 0xa0, 0x4e, 0xff,
    0xff, 0xff, 0xff, 0xff, 0xff, 0xff, 0xff, 0xff,
    0xff, 0xc2, 0x0,

    /* U+F25B "" */
    0x0, 0x0, 0x0, 0x0, 0x3, 0x10, 0x0, 0x0,
    0x0, 0x0, 0x0, 0x0, 0x0, 0xa, 0xff, 0x40,
    0x0, 0x0, 0x0, 0x0, 0x44, 0x0, 0x0, 0xff,
    0xfa, 0x0, 0x0, 0x0, 0x0, 0x9f, 0xf7, 0x0,
    0x1f, 0xff, 0xa0, 0x0, 0x0, 0x0, 0xe, 0xff,
    0xe0, 0x1, 0xff, 0xfa, 0x0, 0x0, 0x0, 0x0,
    0xbf, 0xff, 0x50, 0x1f, 0xff, 0xa0, 0x0, 0x0,
    0x0, 0x4, 0xff, 0xfb, 0x1, 0xff, 0xfa, 0x0,
    0x0, 0x0, 0x0, 0xe, 0xff, 0xf2, 0x1f, 0xff,
    0xa0, 0x0, 0x0, 0x0, 0x0, 0x8f, 0xff, 0x81,
    0xff, 0xfa, 0xaf, 0x80, 0x0, 0x0, 0x2, 0xff,
    0xfe, 0x1f, 0xff, 0xbf, 0xfe, 0x3c, 0x90, 0x0,
    0xb, 0xff, 0xf8, 0xff, 0xfc, 0xff, 0xec, 0xff,
    0x40, 0x0, 0x5f, 0xff, 0xff, 0xff, 0xff, 0xff,
    0xff, 0xf5, 0x0, 0x1, 0xff, 0xff, 0xff, 0xff,
    0xff, 0xff, 0xff, 0x50, 0x2, 0xdf, 0xff, 0xff,
    0xff, 0xff, 0xff, 0xff, 0xf5, 0x0, 0xaf, 0xff,
    0xff, 0xff, 0xff, 0xff, 0xff, 0xff, 0x30, 0x8,
    0xff, 0xff, 0xff, 0xff, 0xff, 0xff, 0xff, 0xf0,
    0x0, 0xe, 0xff, 0xff, 0xff, 0xff, 0xff, 0xff,
    0xfc, 0x0, 0x0, 0x6f, 0xff, 0xff, 0xff, 0xff,
    0xff, 0xff, 0x80, 0x0, 0x0, 0xdf, 0xff, 0xff,
    0xff, 0xff, 0xff, 0xf4, 0x0, 0x0, 0x4, 0xff,
    0xff, 0xff, 0xff, 0xff, 0xff, 0x10, 0x0, 0x0,
    0x6, 0xbb, 0xbb, 0xbb, 0xbb, 0xbb, 0x50, 0x0,

    /* U+F287 "" */
    0x0, 0x0, 0x0, 0x0, 0x0, 0x0, 0x0, 0x10,
    0x0, 0x0, 0x0, 0x0, 0x0, 0x0, 0x0, 0x0,
    0x0, 0x0, 0x0, 0xc, 0xfe, 0x20, 0x0, 0x0,
    0x0, 0x0, 0x0, 0x0, 0x0, 0x0, 0x0, 0x7c,
    0xdf, 0xff, 0x90, 0x0, 0x0, 0x0, 0x0, 0x0,
    0x0, 0x0, 0x0, 0x9, 0xfb, 0xbf, 0xff, 0x90,
    0x0, 0x0, 0x0, 0x0, 0x0, 0x0, 0x0, 0x0,
    0x2f, 0x70, 0xa, 0xfc, 0x10, 0x0, 0x0, 0x0,
    0x0, 0x0, 0x32, 0x0, 0x0, 0x9e, 0x0, 0x0,
    0x0, 0x0, 0x0, 0x0, 0x0, 0x0, 0x2d, 0xff,
    0x90, 0x1, 0xf6, 0x0, 0x0, 0x0, 0x0, 0x0,
    0x1c, 0x30, 0x0, 0xcf, 0xff, 0xf6, 0x3c, 0xf3,
    0x33, 0x33, 0x33, 0x33, 0x33, 0x5f, 0xf9, 0x10,
    0xff, 0xff, 0xff, 0xff, 0xff, 0xff, 0xff, 0xff,
    0xff, 0xff, 0xff, 0xff, 0xd0, 0xcf, 0xff, 0xf6,
    0x33, 0x34, 0xed, 0x33, 0x33, 0x33, 0x33, 0x5f,
    0xfa, 0x10, 0x2d, 0xff, 0x90, 0x0, 0x0, 0x5f,
    0x30, 0x0, 0x0, 0x0, 0x1c, 0x30, 0x0, 0x0,
    0x32, 0x0, 0x0, 0x0, 0xd, 0xa0, 0x0, 0x0,
    0x0, 0x0, 0x0, 0x0, 0x0, 0x0, 0x0, 0x0,
    0x0, 0x6, 0xf3, 0xa, 0xff, 0xf7, 0x0, 0x0,
    0x0, 0x0, 0x0, 0x0, 0x0, 0x0, 0x0, 0xce,
    0xae, 0xff, 0xf8, 0x0, 0x0, 0x0, 0x0, 0x0,
    0x0, 0x0, 0x0, 0x0, 0x8, 0xbe, 0xff, 0xf8,
    0x0, 0x0, 0x0, 0x0, 0x0, 0x0, 0x0, 0x0,
    0x0, 0x0, 0xa, 0xff, 0xf7, 0x0, 0x0, 0x0,
    0x0, 0x0, 0x0, 0x0, 0x0, 0x0, 0x0, 0x1,
    0x22, 0x20, 0x0, 0x0, 0x0,

    /* U+F293 "" */
    0x0, 0x0, 0x0, 0x34, 0x31, 0x0, 0x0, 0x0,
    0x0, 0x3, 0xbf, 0xff, 0xff, 0xe7, 0x0, 0x0,
    0x0, 0x6f, 0xff, 0xfa, 0xff, 0xff, 0xb0, 0x0,
    0x4, 0xff, 0xff, 0xf1, 0x9f, 0xff, 0xf8, 0x0,
    0xd, 0xff, 0xff, 0xf1, 0xa, 0xff, 0xff, 0x10,
    0x3f, 0xff, 0xff, 0xf1, 0x0, 0xbf, 0xff, 0x60,
    0x7f, 0xfd, 0x8f, 0xf1, 0x66, 0xc, 0xff, 0xa0,
    0xaf, 0xf8, 0x7, 0xf1, 0x6f, 0x13, 0xff, 0xd0,
    0xcf, 0xff, 0x70, 0x61, 0x53, 0x1e, 0xff, 0xf0,
    0xdf, 0xff, 0xf7, 0x0, 0x1, 0xdf, 0xff, 0xf0,
    0xef, 0xff, 0xff, 0x60, 0xc, 0xff, 0xff, 0xf0,
    0xef, 0xff, 0xff, 0x30, 0x7, 0xff, 0xff, 0xf0,
    0xdf, 0xff, 0xf3, 0x0, 0x10, 0x8f, 0xff, 0xf0,
    0xcf, 0xff, 0x30, 0xb1, 0x67, 0x9, 0xff, 0xf0,
    0x9f, 0xf6, 0xb, 0xf2, 0x6e, 0x2, 0xff, 0xd0,
    0x6f, 0xff, 0xcf, 0xf2, 0x52, 0x2e, 0xff, 0xa0,
    0x1f, 0xff, 0xff, 0xf2, 0x2, 0xef, 0xff, 0x50,
    0x9, 0xff, 0xff, 0xf2, 0x2e, 0xff, 0xfe, 0x0,
    0x0, 0xdf, 0xff, 0xf4, 0xef, 0xff, 0xf5, 0x0,
    0x0, 0x1a, 0xff, 0xff, 0xff, 0xff, 0x60, 0x0,
    0x0, 0x0, 0x27, 0xab, 0xb9, 0x50, 0x0, 0x0,

    /* U+F2DC "" */
    0x0, 0x0, 0x0, 0x0, 0x4, 0x30, 0x0, 0x0,
    0x0, 0x0, 0x0, 0x0, 0x0, 0x7, 0xff, 0x0,
    0x0, 0x0, 0x0, 0x0, 0x0, 0x0, 0x7e, 0xaf,
    0xf8, 0xd1, 0x0, 0x0, 0x0, 0x0, 0x0, 0x8,
    0xff, 0xff, 0xfe, 0x10, 0x0, 0x0, 0x0, 0x4,
    0xf4, 0x9, 0xff, 0xfe, 0x20, 0xcb, 0x0, 0x0,
    0x5d, 0x8f, 0x90, 0xa, 0xff, 0x20, 0x1f, 0xd9,
    0xc0, 0xe, 0xff, 0xfd, 0x0, 0x8f, 0xf0, 0x5,
    0xff, 0xff, 0x60, 0x5e, 0xff, 0xf8, 0x8, 0xff,
    0x3, 0xdf, 0xff, 0xa1, 0x8, 0xff, 0xff, 0xfe,
    0xcf, 0xfa, 0xff, 0xff, 0xfd, 0x20, 0x9e, 0xa5,
    0xaf, 0xff, 0xff, 0xff, 0xe6, 0x7c, 0xf2, 0x0,
    0x0, 0x0, 0x3f, 0xff, 0xff, 0xa0, 0x0, 0x0,
    0x0, 0x47, 0x30, 0x3c, 0xff, 0xff, 0xff, 0x80,
    0x15, 0x80, 0xc, 0xff, 0xef, 0xff, 0xff, 0xff,
    0xff, 0xff, 0xff, 0x40, 0x2d, 0xff, 0xfe, 0x68,
    0xff, 0x2a, 0xff, 0xff, 0x70, 0xd, 0xff, 0xff,
    0x10, 0x8f, 0xf0, 0x8, 0xff, 0xff, 0x50, 0xaf,
    0xdf, 0xb0, 0x8, 0xff, 0x0, 0x3f, 0xee, 0xf2,
    0x0, 0x46, 0xf6, 0x3, 0xef, 0xf9, 0x0, 0xee,
    0x13, 0x0, 0x0, 0x6, 0x3, 0xef, 0xff, 0xfa,
    0x4, 0x30, 0x0, 0x0, 0x0, 0x0, 0xaf, 0xef,
    0xfe, 0xf2, 0x0, 0x0, 0x0, 0x0, 0x0, 0x1,
    0x58, 0xff, 0x14, 0x0, 0x0, 0x0, 0x0, 0x0,
    0x0, 0x0, 0x4b, 0x90, 0x0, 0x0, 0x0, 0x0,

    /* U+F2E7 "" */
    0x3, 0x0, 0x30, 0x22, 0x0, 0x0, 0x0, 0x22,
    0x6, 0xf7, 0x9f, 0x2d, 0xf0, 0x0, 0x2, 0xbf,
    0xf1, 0x9f, 0x8a, 0xf4, 0xef, 0x20, 0x2, 0xef,
    0xff, 0x1b, 0xf8, 0xbf, 0x5e, 0xf5, 0x0, 0xdf,
    0xff, 0xf1, 0xdf, 0x8c, 0xf6, 0xef, 0x70, 0x6f,
    0xff, 0xff, 0x1f, 0xf8, 0xcf, 0x7e, 0xf8, 0xc,
    0xff, 0xff, 0xf1, 0xff, 0x8e, 0xf8, 0xef, 0x91,
    0xff, 0xff, 0xff, 0x1d, 0xff, 0xff, 0xff, 0xf7,
    0x2f, 0xff, 0xff, 0xf1, 0x7f, 0xff, 0xff, 0xff,
    0x10, 0xff, 0xff, 0xff, 0x10, 0xaf, 0xff, 0xff,
    0x50, 0xb, 0xff, 0xff, 0xf1, 0x0, 0x7f, 0xff,
    0x20, 0x0, 0x3f, 0xff, 0xff, 0x10, 0x5, 0xff,
    0xf0, 0x0, 0x0, 0x6f, 0xff, 0xf1, 0x0, 0x6f,
    0xff, 0x0, 0x0, 0x0, 0x7f, 0xff, 0x10, 0x7,
    0xff, 0xf1, 0x0, 0x0, 0x7, 0xff, 0xf1, 0x0,
    0x8f, 0xff, 0x20, 0x0, 0x0, 0x8f, 0xff, 0x10,
    0x9, 0xff, 0xf3, 0x0, 0x0, 0x9, 0xff, 0xf1,
    0x0, 0xaf, 0xff, 0x30, 0x0, 0x0, 0xbf, 0xff,
    0x10, 0xb, 0xff, 0xf4, 0x0, 0x0, 0xc, 0xff,
    0xf1, 0x0, 0xbf, 0xff, 0x50, 0x0, 0x0, 0xdf,
    0xff, 0x10, 0xc, 0xff, 0xf6, 0x0, 0x0, 0xe,
    0xff, 0xf1, 0x0, 0x6b, 0xbb, 0x20, 0x0, 0x0,
    0x7b, 0xb9, 0x0,

    /* U+F2ED "" */
    0x0, 0x0, 0x2, 0xab, 0xbb, 0xb7, 0x0, 0x0,
    0x0, 0x57, 0x77, 0x7c, 0xff, 0xff, 0xff, 0x77,
    0x77, 0x72, 0xff, 0xff, 0xff, 0xff, 0xff, 0xff,
    0xff, 0xff, 0xf7, 0xef, 0xff, 0xff, 0xff, 0xff,
    0xff, 0xff, 0xff, 0xf6, 0x0, 0x0, 0x0, 0x0,
    0x0, 0x0, 0x0, 0x0, 0x0, 0x6, 0x88, 0x88,
    0x88, 0x88, 0x88, 0x88, 0x88, 0x20, 0xc, 0xff,
    0xff, 0xff, 0xff, 0xff, 0xff, 0xff, 0x40, 0xc,
    0xff, 0xff, 0xff, 0xff, 0xff, 0xff, 0xff, 0x40,
    0xc, 0xff, 0x77, 0xff, 0x3b, 0xfe, 0x1e, 0xff,
    0x40, 0xc, 0xff, 0x66, 0xff, 0x2a, 0xfe, 0xe,
    0xff, 0x40, 0xc, 0xff, 0x66, 0xff, 0x2a, 0xfe,
    0xe, 0xff, 0x40, 0xc, 0xff, 0x66, 0xff, 0x2a,
    0xfe, 0xe, 0xff, 0x40, 0xc, 0xff, 0x66, 0xff,
    0x2a, 0xfe, 0xe, 0xff, 0x40, 0xc, 0xff, 0x66,
    0xff, 0x2a, 0xfe, 0xe, 0xff, 0x40, 0xc, 0xff,
    0x66, 0xff, 0x2a, 0xfe, 0xe, 0xff, 0x40, 0xc,
    0xff, 0x66, 0xff, 0x2a, 0xfe, 0xe, 0xff, 0x40,
    0xc, 0xff, 0x66, 0xff, 0x2a, 0xfe, 0xe, 0xff,
    0x40, 0xc, 0xff, 0x77, 0xff, 0x3b, 0xfe, 0x1e,
    0xff, 0x40, 0xb, 0xff, 0xff, 0xff, 0xff, 0xff,
    0xff, 0xff, 0x30, 0x7, 0xff, 0xff, 0xff, 0xff,
    0xff, 0xff, 0xfe, 0x0, 0x0, 0x57, 0x88, 0x88,
    0x88, 0x88, 0x88, 0x72, 0x0,

    /* U+F2FE "" */
    0x0, 0x0, 0x0, 0x0, 0x3, 0x72, 0x0, 0x0,
    0x0, 0x0, 0x0, 0x0, 0x0, 0x0, 0x2, 0xff,
    0x70, 0x0, 0x0, 0x0, 0x0, 0x0, 0x0, 0x0,
    0x0, 0xff, 0xf4, 0x0, 0x0, 0x0, 0x0, 0x0,
    0x0, 0x0, 0x3, 0xff, 0xfa, 0x0, 0x0, 0x0,
    0x0, 0x0, 0x0, 0x0, 0xb, 0xff, 0xfb, 0x0,
    0x0, 0x0, 0x0, 0x0, 0x2, 0x46, 0xcf, 0xff,
    0xfb, 0x20, 0x0, 0x0, 0x0, 0x0, 0x8f, 0xff,
    0xff, 0xff, 0xff, 0xf7, 0x0, 0x0, 0x0, 0x1,
    0xff, 0xff, 0xff, 0xff, 0xff, 0xff, 0x10, 0x0,
    0x0, 0x2, 0xff, 0xff, 0xff, 0xff, 0xff, 0xff,
    0x20, 0x0, 0x0, 0x0, 0xcf, 0xff, 0xff, 0xff,
    0xff, 0xfc, 0x0, 0x0, 0x0, 0x9f, 0xff, 0xfc,
    0xff, 0xff, 0xcf, 0xff, 0xf9, 0x0, 0x7, 0xff,
    0xff, 0x60, 0x6f, 0xf6, 0x6, 0xff, 0xff, 0x60,
    0xb, 0xff, 0xff, 0x90, 0x9f, 0xf9, 0x9, 0xff,
    0xff, 0xb0, 0x9, 0xff, 0xff, 0xff, 0xff, 0xff,
    0xff, 0xff, 0xff, 0x90, 0x1, 0xef, 0xff, 0xff,
    0xff, 0xff, 0xff, 0xff, 0xfe, 0x10, 0x1b, 0xff,
    0xff, 0xa8, 0x88, 0x88, 0x8a, 0xff, 0xff, 0xb1,
    0xbf, 0xff, 0xff, 0xa0, 0x0, 0x0, 0xa, 0xff,
    0xff, 0xfb, 0xff, 0xff, 0xff, 0xfc, 0x51, 0x15,
    0xcf, 0xff, 0xff, 0xff, 0xdf, 0xff, 0xff, 0xff,
    0xff, 0xff, 0xff, 0xff, 0xff, 0xfd, 0x4f, 0xff,
    0xff, 0xff, 0xff, 0xff, 0xff, 0xff, 0xff, 0xf4,
    0x2, 0x78, 0x88, 0x88, 0x88, 0x88, 0x88, 0x88,
    0x87, 0x20,

    /* U+F304 "" */
    0x0, 0x0, 0x0, 0x0, 0x0, 0x0, 0x0, 0x1,
    0x64, 0x0, 0x0, 0x0, 0x0, 0x0, 0x0, 0x0,
    0x0, 0x1, 0xdf, 0xf8, 0x0, 0x0, 0x0, 0x0,
    0x0, 0x0, 0x0, 0x1, 0xef, 0xff, 0xf8, 0x0,
    0x0, 0x0, 0x0, 0x0, 0x0, 0x0, 0x7f, 0xff,
    0xff, 0xf8, 0x0, 0x0, 0x0, 0x0, 0x0, 0x1,
    0x90, 0x8f, 0xff, 0xff, 0xf0, 0x0, 0x0, 0x0,
    0x0, 0x1, 0xef, 0xb0, 0x8f, 0xff, 0xfc, 0x0,
    0x0, 0x0, 0x0, 0x1, 0xef, 0xff, 0xb0, 0x8f,
    0xfe, 0x20, 0x0, 0x0, 0x0, 0x1, 0xef, 0xff,
    0xff, 0xb0, 0x8e, 0x10, 0x0, 0x0, 0x0, 0x1,
    0xef, 0xff, 0xff, 0xff, 0xb0, 0x10, 0x0, 0x0,
    0x0, 0x1, 0xef, 0xff, 0xff, 0xff, 0xfe, 0x10,
    0x0, 0x0, 0x0, 0x1, 0xef, 0xff, 0xff, 0xff,
    0xfe, 0x20, 0x0, 0x0, 0x0, 0x1, 0xef, 0xff,
    0xff, 0xff, 0xfe, 0x20, 0x0, 0x0, 0x0, 0x1,
    0xef, 0xff, 0xff, 0xff, 0xfe, 0x20, 0x0, 0x0,
    0x0, 0x1, 0xef, 0xff, 0xff, 0xff, 0xfe, 0x20,
    0x0, 0x0, 0x0, 0x1, 0xef, 0xff, 0xff, 0xff,
    0xfe, 0x20, 0x0, 0x0, 0x0, 0x0, 0x8f, 0xff,
    0xff, 0xff, 0xfe, 0x20, 0x0, 0x0, 0x0, 0x0,
    0xa, 0xff, 0xff, 0xff, 0xfe, 0x20, 0x0, 0x0,
    0x0, 0x0, 0x0, 0xcf, 0xff, 0xff, 0xfe, 0x20,
    0x0, 0x0, 0x0, 0x0, 0x0, 0xe, 0xff, 0xff,
    0xfe, 0x20, 0x0, 0x0, 0x0, 0x0, 0x0, 0x0,
    0xff, 0xff, 0xfe, 0x20, 0x0, 0x0, 0x0, 0x0,
    0x0, 0x0, 0x5, 0x75, 0x31, 0x0, 0x0, 0x0,
    0x0, 0x0, 0x0, 0x0, 0x0,

    /* U+F3A5 "" */
    0x0, 0x2, 0x44, 0x20, 0x24, 0x44, 0x44, 0x0,
    0x44, 0x40, 0x0, 0x0, 0x0, 0xef, 0xf4, 0xd,
    0xff, 0xff, 0xf5, 0xc, 0xff, 0x60, 0x0, 0x0,
    0x7f, 0xfd, 0x4, 0xff, 0xff, 0xff, 0xc0, 0x5f,
    0xfe, 0x10, 0x0, 0x1f, 0xff, 0x70, 0xbf, 0xff,
    0xff, 0xff, 0x30, 0xef, 0xf8, 0x0, 0x9, 0xff,
    0xf0, 0x2f, 0xff, 0xff, 0xff, 0xfa, 0x8, 0xff,
    0xf2, 0x3, 0xff, 0xf9, 0x8, 0xff, 0xff, 0xff,
    0xff, 0xf1, 0x1f, 0xff, 0xa0, 0xbf, 0xff, 0x20,
    0xef, 0xff, 0xff, 0xff, 0xff, 0x70, 0x9f, 0xff,
    0x30, 0x0, 0x0, 0x0, 0x0, 0x0, 0x0, 0x0,
    0x0, 0x0, 0x0, 0x0, 0x8c, 0xcc, 0x10, 0xcc,
    0xcc, 0xcc, 0xcc, 0xcc, 0x60, 0x8c, 0xcc, 0x20,
    0xdf, 0xf9, 0xa, 0xff, 0xff, 0xff, 0xff, 0xf2,
    0x1f, 0xff, 0x60, 0x1, 0xef, 0xf1, 0x3f, 0xff,
    0xff, 0xff, 0xfb, 0x9, 0xff, 0x80, 0x0, 0x3,
    0xff, 0x80, 0xcf, 0xff, 0xff, 0xff, 0x41, 0xff,
    0xa0, 0x0, 0x0, 0x5, 0xff, 0x15, 0xff, 0xff,
    0xff, 0xd0, 0x8f, 0xc0, 0x0, 0x0, 0x0, 0x7,
    0xf8, 0xe, 0xff, 0xff, 0xf7, 0x1f, 0xd1, 0x0,
    0x0, 0x0, 0x0, 0x9, 0xf1, 0x8f, 0xff, 0xff,
    0x8, 0xe2, 0x0, 0x0, 0x0, 0x0, 0x0, 0xb,
    0x81, 0xff, 0xff, 0x91, 0xe4, 0x0, 0x0, 0x0,
    0x0, 0x0, 0x0, 0xc, 0xa, 0xff, 0xf2, 0x76,
    0x0, 0x0, 0x0, 0x0, 0x0, 0x0, 0x0, 0x16,
    0x3f, 0xfb, 0x7, 0x0, 0x0, 0x0, 0x0, 0x0,
    0x0, 0x0, 0x0, 0x0, 0xcf, 0x40, 0x0, 0x0,
    0x0, 0x0, 0x0, 0x0, 0x0, 0x0, 0x0, 0x5,
    0xd0, 0x0, 0x0, 0x0, 0x0, 0x0, 0x0, 0x0,
    0x0, 0x0, 0x0, 0x4, 0x0, 0x0, 0x0, 0x0,
    0x0, 0x0,

    /* U+F3C5 "" */
    0x0, 0x0, 0x3, 0x67, 0x63, 0x0, 0x0, 0x0,
    0x0, 0x5d, 0xff, 0xff, 0xfd, 0x50, 0x0, 0x0,
    0x9f, 0xff, 0xff, 0xff, 0xff, 0x90, 0x0, 0x7f,
    0xff, 0xff, 0xff, 0xff, 0xff, 0x70, 0x2f, 0xff,
    0xff, 0xfe, 0xff, 0xff, 0xff, 0x29, 0xff, 0xff,
    0xa1, 0x1, 0xaf, 0xff, 0xf9, 0xdf, 0xff, 0xc0,
    0x0, 0x0, 0xcf, 0xff, 0xdf, 0xff, 0xf7, 0x0,
    0x0, 0x7, 0xff, 0xff, 0xff, 0xff, 0x70, 0x0,
    0x0, 0x7f, 0xff, 0xfd, 0xff, 0xfc, 0x0, 0x0,
    0xc, 0xff, 0xfd, 0x8f, 0xff, 0xfa, 0x10, 0x1a,
    0xff, 0xff, 0x81, 0xff, 0xff, 0xff, 0xef, 0xff,
    0xff, 0xf1, 0x8, 0xff, 0xff, 0xff, 0xff, 0xff,
    0xf8, 0x0, 0xd, 0xff, 0xff, 0xff, 0xff, 0xfd,
    0x0, 0x0, 0x3f, 0xff, 0xff, 0xff, 0xff, 0x30,
    0x0, 0x0, 0x7f, 0xff, 0xff, 0xff, 0x70, 0x0,
    0x0, 0x0, 0xcf, 0xff, 0xff, 0xc0, 0x0, 0x0,
    0x0, 0x2, 0xff, 0xff, 0xf2, 0x0, 0x0, 0x0,
    0x0, 0x6, 0xff, 0xf6, 0x0, 0x0, 0x0, 0x0,
    0x0, 0xb, 0xfb, 0x0, 0x0, 0x0, 0x0, 0x0,
    0x0, 0x17, 0x10, 0x0, 0x0, 0x0,

    /* U+F44B "" */
    0x0, 0x0, 0x0, 0x27, 0x74, 0x0, 0x0, 0x4,
    0x77, 0x20, 0x0, 0x0, 0x0, 0x0, 0x0, 0xb,
    0xff, 0xf0, 0x0, 0x0, 0xff, 0xfb, 0x0, 0x0,
    0x0, 0x0, 0x0, 0x0, 0xcf, 0xff, 0x0, 0x0,
    0xf, 0xff, 0xc0, 0x0, 0x0, 0x0, 0x8f, 0xfb,
    0xc, 0xff, 0xf0, 0x0, 0x0, 0xff, 0xfc, 0xc,
    0xff, 0x80, 0xc, 0xff, 0xf0, 0xcf, 0xff, 0x0,
    0x0, 0xf, 0xff, 0xc0, 0xff, 0xfc, 0x0, 0xcf,
    0xff, 0xc, 0xff, 0xf0, 0x0, 0x0, 0xff, 0xfc,
    0xf, 0xff, 0xc0, 0xc, 0xff, 0xf0, 0xcf, 0xff,
    0x0, 0x0, 0xf, 0xff, 0xc0, 0xff, 0xfc, 0x0,
    0xcf, 0xff, 0xc, 0xff, 0xf0, 0x0, 0x0, 0xff,
    0xfc, 0xf, 0xff, 0xc0, 0xef, 0xff, 0xf0, 0xcf,
    0xff, 0xff, 0xff, 0xff, 0xff, 0xc0, 0xff, 0xff,
    0xef, 0xff, 0xff, 0xc, 0xff, 0xff, 0xff, 0xff,
    0xff, 0xfc, 0xf, 0xff, 0xff, 0x8e, 0xff, 0xf0,
    0xcf, 0xff, 0x88, 0x88, 0x8f, 0xff, 0xc0, 0xff,
    0xfe, 0x80, 0xcf, 0xff, 0xc, 0xff, 0xf0, 0x0,
    0x0, 0xff, 0xfc, 0xf, 0xff, 0xc0, 0xc, 0xff,
    0xf0, 0xcf, 0xff, 0x0, 0x0, 0xf, 0xff, 0xc0,
    0xff, 0xfc, 0x0, 0xcf, 0xff, 0xc, 0xff, 0xf0,
    0x0, 0x0, 0xff, 0xfc, 0xf, 0xff, 0xc0, 0xb,
    0xff, 0xf0, 0xcf, 0xff, 0x0, 0x0, 0xf, 0xff,
    0xc0, 0xff, 0xfb, 0x0, 0x38, 0x85, 0xc, 0xff,
    0xf0, 0x0, 0x0, 0xff, 0xfc, 0x5, 0x88, 0x30,
    0x0, 0x0, 0x0, 0xcf, 0xff, 0x0, 0x0, 0xf,
    0xff, 0xc0, 0x0, 0x0, 0x0, 0x0, 0x0, 0x9,
    0xff, 0xd0, 0x0, 0x0, 0xdf, 0xf9, 0x0, 0x0,
    0x0, 0x0, 0x0, 0x0, 0x0, 0x0, 0x0, 0x0,
    0x0, 0x0, 0x0, 0x0, 0x0, 0x0,

    /* U+F4C2 "" */
    0x2, 0x0, 0x0, 0x0, 0x0, 0x0, 0x0, 0x0,
    0x0, 0x0, 0x0, 0x2, 0xc, 0xf4, 0x0, 0x0,
    0x0, 0x0, 0x0, 0x0, 0x0, 0x0, 0x0, 0x4,
    0xfc, 0xff, 0x70, 0x0, 0x0, 0x0, 0x0, 0x0,
    0x0, 0x0, 0x0, 0x0, 0x7f, 0xff, 0xf8, 0x0,
    0x0, 0x0, 0x0, 0x0, 0x0, 0x0, 0x0, 0x0,
    0x8, 0xff, 0xff, 0x80, 0x0, 0x0, 0x0, 0x0,
    0x0, 0x0, 0x0, 0x0, 0x0, 0x8f, 0xff, 0xf8,
    0x0, 0x0, 0x0, 0x0, 0x0, 0x0, 0x0, 0x0,
    0x0, 0x8, 0xff, 0xff, 0x80, 0x0, 0x11, 0x0,
    0x0, 0x0, 0x0, 0x1, 0x10, 0x0, 0x8f, 0xff,
    0xf8, 0x0, 0x1f, 0xf3, 0x0, 0x0, 0x0, 0x3,
    0xff, 0x10, 0x8, 0xff, 0xff, 0xe2, 0x1, 0xff,
    0xd0, 0x0, 0x0, 0x0, 0xdf, 0xf1, 0x2, 0xef,
    0xff, 0xff, 0xd0, 0x7, 0xff, 0xa0, 0x0, 0x0,
    0xaf, 0xf7, 0x1, 0xdf, 0xff, 0xff, 0xff, 0xb0,
    0xb, 0xff, 0x60, 0x0, 0x6f, 0xfb, 0x0, 0xbf,
    0xff, 0xfb, 0xff, 0xff, 0x90, 0x9f, 0xfe, 0x0,
    0xe, 0xff, 0x90, 0x9f, 0xff, 0xfb, 0x1e, 0xff,
    0xff, 0xdf, 0xff, 0xf2, 0x2, 0xff, 0xff, 0xdf,
    0xff, 0xfe, 0x10, 0x3f, 0xff, 0xff, 0xff, 0xff,
    0x30, 0x3f, 0xff, 0xff, 0xff, 0xff, 0x30, 0x0,
    0x7f, 0xff, 0xff, 0xff, 0xf4, 0x4, 0xff, 0xff,
    0xff, 0xff, 0x70, 0x0, 0x0, 0xaf, 0xff, 0xff,
    0xff, 0x40, 0x4f, 0xff, 0xff, 0xff, 0xa0, 0x0,
    0x0, 0x0, 0xdf, 0xff, 0xff, 0xf4, 0x4, 0xff,
    0xff, 0xff, 0xd0, 0x0, 0x0, 0x0, 0x4, 0xff,
    0xff, 0xff, 0x30, 0x3f, 0xff, 0xff, 0xf4, 0x0,
    0x0, 0x0, 0x0, 0x3, 0x44, 0x44, 0x40, 0x0,
    0x44, 0x44, 0x43, 0x0, 0x0, 0x0,

    /* U+F4D8 "" */
    0x0, 0x0, 0x0, 0x0, 0x0, 0x0, 0x0, 0x0,
    0x23, 0x43, 0x0, 0x0, 0x0, 0x0, 0x0, 0x0,
    0x4, 0xbf, 0xff, 0xfe, 0x0, 0x0, 0x0, 0x0,
    0x0, 0x0, 0x9f, 0xff, 0xff, 0xfc, 0xbc, 0xba,
    0x83, 0x0, 0x0, 0xc, 0xff, 0xff, 0xff, 0xf8,
    0xef, 0xff, 0xff, 0xc3, 0x0, 0x9f, 0xff, 0xff,
    0xff, 0xf2, 0xbf, 0xff, 0xff, 0xff, 0x50, 0xdf,
    0xff, 0xff, 0xff, 0x90, 0x5f, 0xff, 0xff, 0xff,
    0xf4, 0x3f, 0xff, 0xff, 0xfc, 0x0, 0xd, 0xff,
    0xff, 0xff, 0xfe, 0x19, 0xff, 0xff, 0xb0, 0x0,
    0x3, 0xff, 0xff, 0xff, 0xff, 0x82, 0xff, 0xd6,
    0x0, 0x0, 0x0, 0x5f, 0xff, 0xff, 0xff, 0xd0,
    0x53, 0x0, 0x0, 0x0, 0x0, 0x3, 0xdf, 0xff,
    0xff, 0xf1, 0x0, 0x0, 0x0, 0x0, 0x0, 0x0,
    0x5, 0xbe, 0xff, 0xf3, 0x0, 0x0, 0x0, 0x0,
    0x0, 0x0, 0x0, 0x0, 0x4f, 0xf4, 0x0, 0x0,
    0x0, 0x0, 0x0, 0x0, 0x0, 0x0, 0x4f, 0xf4,
    0x0, 0x0, 0x0, 0x0, 0x0, 0x0, 0x0, 0x0,
    0x4f, 0xf4, 0x0, 0x0, 0x0, 0x0, 0x0, 0x0,
    0x0, 0x0, 0x4f, 0xf4, 0x0, 0x0, 0x0, 0x0,
    0x0, 0x0, 0x0, 0x0, 0x4f, 0xf4, 0x0, 0x0,
    0x0, 0x0, 0x0, 0x0, 0x0, 0x0, 0x3f, 0xf3,
    0x0, 0x0, 0x0, 0x0, 0x0, 0x0, 0x0, 0x0,
    0x3, 0x30, 0x0, 0x0, 0x0, 0x0,

    /* U+F4DA "" */
    0x0, 0x0, 0x0, 0x0, 0x1, 0x10, 0x0, 0x0,
    0x0, 0x0, 0x0, 0x0, 0x3, 0x9e, 0xff, 0xff,
    0xb5, 0x0, 0x0, 0x0, 0x0, 0x0, 0xaf, 0xff,
    0xff, 0xff, 0xff, 0xd3, 0x0, 0x0, 0x0, 0x1d,
    0xff, 0xff, 0xff, 0xff, 0xff, 0xff, 0x50, 0x0,
    0x0, 0xcf, 0xff, 0xff, 0xff, 0xff, 0xff, 0xff,
    0xf3, 0x0, 0x9, 0xff, 0xff, 0xff, 0xff, 0xff,
    0xff, 0xff, 0xfe, 0x0, 0x2f, 0xff, 0xff, 0xff,
    0xff, 0xff, 0xff, 0xff, 0xff, 0x70, 0x8f, 0xff,
    0xfe, 0x7d, 0xff, 0xfe, 0xab, 0xff, 0xff, 0xd0,
    0xcf, 0xff, 0xf5, 0x4, 0xff, 0xc0, 0x0, 0x3f,
    0xff, 0xf2, 0xef, 0xff, 0xfb, 0x29, 0xff, 0xa9,
    0xfe, 0x6e, 0xff, 0xf4, 0xff, 0xff, 0xff, 0xff,
    0xff, 0xff, 0xff, 0xff, 0xff, 0xf5, 0xef, 0xff,
    0xff, 0xff, 0xff, 0xff, 0xff, 0xff, 0xff, 0xf4,
    0xcf, 0xff, 0xff, 0xff, 0xff, 0xff, 0xff, 0xff,
    0xff, 0xf2, 0x8f, 0xff, 0xf3, 0x9f, 0xff, 0xff,
    0xd2, 0xcf, 0xff, 0xe0, 0x2f, 0xff, 0xfa, 0x5,
    0xce, 0xd8, 0x14, 0xff, 0xff, 0x80, 0x9, 0xff,
    0xff, 0xc4, 0x0, 0x2, 0x9f, 0xff, 0xfe, 0x0,
    0x0, 0xdf, 0xff, 0xff, 0xfe, 0xff, 0xff, 0xff,
    0xf4, 0x0, 0x0, 0x2d, 0xff, 0xff, 0xff, 0xff,
    0xff, 0xff, 0x50, 0x0, 0x0, 0x1, 0xaf, 0xff,
    0xff, 0xff, 0xff, 0xd3, 0x0, 0x0, 0x0, 0x0,
    0x3, 0xae, 0xff, 0xff, 0xc6, 0x0, 0x0, 0x0,
    0x0, 0x0, 0x0, 0x0, 0x12, 0x10, 0x0, 0x0,
    0x0, 0x0,

    /* U+F54C "" */
    0x0, 0x0, 0x0, 0x3, 0x67, 0x76, 0x30, 0x0,
    0x0, 0x0, 0x0, 0x0, 0x18, 0xef, 0xff, 0xff,
    0xfe, 0x81, 0x0, 0x0, 0x0, 0x5, 0xff, 0xff,
    0xff, 0xff, 0xff, 0xff, 0x50, 0x0, 0x0, 0x7f,
    0xff, 0xff, 0xff, 0xff, 0xff, 0xff, 0xf7, 0x0,
    0x6, 0xff, 0xff, 0xff, 0xff, 0xff, 0xff, 0xff,
    0xff, 0x60, 0x1f, 0xff, 0xff, 0xff, 0xff, 0xff,
    0xff, 0xff, 0xff, 0xe1, 0x7f, 0xff, 0xff, 0xff,
    0xff, 0xff, 0xff, 0xff, 0xff, 0xf7, 0xcf, 0xff,
    0xff, 0xff, 0xff, 0xff, 0xff, 0xff, 0xff, 0xfc,
    0xef, 0xff, 0xc2, 0x6, 0xff, 0xff, 0x61, 0x2c,
    0xff, 0xfe, 0xff, 0xff, 0x10, 0x0, 0x8f, 0xf8,
    0x0, 0x1, 0xff, 0xff, 0xdf, 0xfc, 0x0, 0x0,
    0x4f, 0xf5, 0x0, 0x0, 0xcf, 0xfd, 0xaf, 0xff,
    0x10, 0x0, 0x8f, 0xf8, 0x0, 0x1, 0xff, 0xfa,
    0x4f, 0xff, 0xb2, 0x6, 0xff, 0xff, 0x60, 0x2c,
    0xff, 0xf4, 0xb, 0xff, 0xff, 0xff, 0xff, 0xff,
    0xff, 0xff, 0xff, 0xb0, 0x1, 0xef, 0xff, 0xff,
    0xff, 0xff, 0xff, 0xff, 0xfe, 0x10, 0x0, 0x1d,
    0xff, 0xff, 0xff, 0xff, 0xff, 0xff, 0xd2, 0x0,
    0x0, 0x1, 0xef, 0xff, 0xff, 0xff, 0xff, 0xfe,
    0x10, 0x0, 0x0, 0x0, 0xcf, 0xff, 0xff, 0xff,
    0xff, 0xfd, 0x0, 0x0, 0x0, 0x0, 0xef, 0xf8,
    0x4f, 0xf4, 0x8f, 0xff, 0x0, 0x0, 0x0, 0x1,
    0xff, 0xf8, 0x3f, 0xf4, 0x7f, 0xff, 0x10, 0x0,
    0x0, 0x0, 0x78, 0x84, 0x18, 0x82, 0x38, 0x87,
    0x0, 0x0,

    /* U+F556 "" */
    0x0, 0x0, 0x1, 0x6b, 0xdf, 0xec, 0x83, 0x0,
    0x0, 0x0, 0x0, 0x0, 0x7f, 0xff, 0xff, 0xff,
    0xff, 0xb1, 0x0, 0x0, 0x0, 0xb, 0xff, 0xff,
    0xff, 0xff, 0xff, 0xfe, 0x30, 0x0, 0x0, 0xbf,
    0xff, 0xff, 0xff, 0xff, 0xff, 0xff, 0xf2, 0x0,
    0x8, 0xff, 0xff, 0xff, 0xff, 0xff, 0xff, 0xff,
    0xfd, 0x0, 0x1f, 0xff, 0xff, 0xff, 0xff, 0xff,
    0xff, 0xff, 0xff, 0x60, 0x7f, 0xff, 0xbc, 0xff,
    0xff, 0xff, 0xfe, 0xaf, 0xff, 0xd0, 0xcf, 0xff,
    0x40, 0x16, 0xef, 0xf9, 0x30, 0x1d, 0xff, 0xf2,
    0xef, 0xff, 0xf7, 0x0, 0xcf, 0xf3, 0x1, 0xff,
    0xff, 0xf4, 0xff, 0xff, 0xf8, 0x6, 0xff, 0xfb,
    0x2, 0xff, 0xff, 0xf5, 0xef, 0xff, 0xff, 0xef,
    0xff, 0xff, 0xef, 0xff, 0xff, 0xf4, 0xcf, 0xff,
    0xff, 0xff, 0xff, 0xff, 0xff, 0xff, 0xff, 0xf2,
    0x8f, 0xff, 0xff, 0xff, 0xfd, 0xef, 0xff, 0xff,
    0xff, 0xe0, 0x2f, 0xff, 0xff, 0xf6, 0x0, 0x3,
    0xcf, 0xff, 0xff, 0x80, 0xa, 0xff, 0xff, 0x72,
    0xcf, 0xe6, 0x2f, 0xff, 0xfe, 0x10, 0x1, 0xdf,
    0xff, 0xff, 0xff, 0xff, 0xff, 0xff, 0xf4, 0x0,
    0x0, 0x2d, 0xff, 0xff, 0xff, 0xff, 0xff, 0xff,
    0x60, 0x0, 0x0, 0x1, 0xbf, 0xff, 0xff, 0xff,
    0xff, 0xe4, 0x0, 0x0, 0x0, 0x0, 0x3, 0xae,
    0xff, 0xff, 0xc6, 0x0, 0x0, 0x0, 0x0, 0x0,
    0x0, 0x0, 0x12, 0x10, 0x0, 0x0, 0x0, 0x0,

    /* U+F55A "" */
    0x0, 0x0, 0x0, 0x6e, 0xff, 0xff, 0xff, 0xff,
    0xff, 0xff, 0xff, 0xfb, 0x20, 0x0, 0x0, 0x8f,
    0xff, 0xff, 0xff, 0xff, 0xff, 0xff, 0xff, 0xff,
    0xfb, 0x0, 0x0, 0x8f, 0xff, 0xff, 0xff, 0xff,
    0xff, 0xff, 0xff, 0xff, 0xff, 0xf0, 0x0, 0x8f,
    0xff, 0xff, 0xff, 0x85, 0xff, 0xff, 0x58, 0xff,
    0xff, 0xff, 0x0, 0x8f, 0xff, 0xff, 0xff, 0xb0,
    0x4, 0xff, 0x40, 0xb, 0xff, 0xff, 0xf0, 0x8f,
    0xff, 0xff, 0xff, 0xff, 0x40, 0x4, 0x40, 0x4,
    0xff, 0xff, 0xff, 0x8f, 0xff, 0xff, 0xff, 0xff,
    0xff, 0x40, 0x0, 0x4, 0xff, 0xff, 0xff, 0xff,
    0xff, 0xff, 0xff, 0xff, 0xff, 0xfe, 0x10, 0x0,
    0xef, 0xff, 0xff, 0xff, 0x8f, 0xff, 0xff, 0xff,
    0xff, 0xff, 0x40, 0x0, 0x4, 0xff, 0xff, 0xff,
    0xf0, 0x8f, 0xff, 0xff, 0xff, 0xff, 0x40, 0x4,
    0x40, 0x4, 0xff, 0xff, 0xff, 0x0, 0x8f, 0xff,
    0xff, 0xff, 0xb0, 0x4, 0xff, 0x40, 0xb, 0xff,
    0xff, 0xf0, 0x0, 0x8f, 0xff, 0xff, 0xff, 0x85,
    0xff, 0xff, 0x58, 0xff, 0xff, 0xff, 0x0, 0x0,
    0x8f, 0xff, 0xff, 0xff, 0xff, 0xff, 0xff, 0xff,
    0xff, 0xff, 0xf0, 0x0, 0x0, 0x8f, 0xff, 0xff,
    0xff, 0xff, 0xff, 0xff, 0xff, 0xff, 0xfb, 0x0,
    0x0, 0x0, 0x6e, 0xff, 0xff, 0xff, 0xff, 0xff,
    0xff, 0xff, 0xfc, 0x20,

    /* U+F567 "" */
    0x0, 0x0, 0x0, 0x0, 0x1, 0x10, 0x0, 0x0,
    0x0, 0x0, 0x0, 0x0, 0x3, 0x9e, 0xff, 0xff,
    0xb5, 0x0, 0x0, 0x0, 0x0, 0x0, 0xaf, 0xff,
    0xff, 0xff, 0xff, 0xd3, 0x0, 0x0, 0x0, 0x1d,
    0xff, 0xff, 0xff, 0xff, 0xff, 0xff, 0x50, 0x0,
    0x0, 0xcf, 0xff, 0xff, 0xff, 0xff, 0xff, 0xff,
    0xf3, 0x0, 0x9, 0xff, 0xff, 0xff, 0xff, 0xff,
    0xff, 0xff, 0xfe, 0x0, 0x2f, 0xfd, 0xb, 0x90,
    0xff, 0xf5, 0x4e, 0x37, 0xff, 0x70, 0x8f, 0xff,
    0x80, 0xa, 0xff, 0xfe, 0x20, 0x3f, 0xff, 0xd0,
    0xcf, 0xff, 0x90, 0xb, 0xff, 0xfe, 0x20, 0x4f,
    0xff, 0xf2, 0xef, 0xfd, 0xa, 0x80, 0xff, 0xf5,
    0x3c, 0x27, 0xff, 0xf4, 0xff, 0xff, 0xef, 0xfe,
    0xff, 0xfe, 0xff, 0xef, 0xff, 0xf5, 0xef, 0xff,
    0xff, 0xff, 0xfd, 0xff, 0xff, 0xff, 0xff, 0xf4,
    0xcf, 0xff, 0xff, 0xfe, 0x20, 0xa, 0xff, 0xff,
    0xff, 0xf2, 0x8f, 0xff, 0xff, 0xf5, 0x0, 0x0,
    0xff, 0xff, 0xff, 0xe0, 0x2f, 0xff, 0xff, 0xf3,
    0x0, 0x0, 0xdf, 0xff, 0xff, 0x80, 0x9, 0xff,
    0xff, 0xf9, 0x0, 0x3, 0xff, 0xff, 0xfe, 0x0,
    0x0, 0xdf, 0xff, 0xff, 0x94, 0x7e, 0xff, 0xff,
    0xf4, 0x0, 0x0, 0x2d, 0xff, 0xff, 0xff, 0xff,
    0xff, 0xff, 0x50, 0x0, 0x0, 0x1, 0xaf, 0xff,
    0xff, 0xff, 0xff, 0xd3, 0x0, 0x0, 0x0, 0x0,
    0x3, 0xae, 0xff, 0xff, 0xc6, 0x0, 0x0, 0x0,
    0x0, 0x0, 0x0, 0x0, 0x12, 0x10, 0x0, 0x0,
    0x0, 0x0,

    /* U+F579 "" */
    0x0, 0x0, 0x0, 0x0, 0x1, 0x10, 0x0, 0x0,
    0x0, 0x0, 0x0, 0x0, 0x3, 0x9e, 0xff, 0xff,
    0xb5, 0x0, 0x0, 0x0, 0x0, 0x0, 0xaf, 0xff,
    0xff, 0xff, 0xff, 0xd3, 0x0, 0x0, 0x0, 0x1d,
    0xff, 0xff, 0xff, 0xff, 0xff, 0xff, 0x50, 0x0,
    0x0, 0xdf, 0xff, 0xff, 0xff, 0xff, 0xff, 0xff,
    0xf3, 0x0, 0x9, 0xff, 0xff, 0xff, 0xff, 0xff,
    0xff, 0xff, 0xfe, 0x0, 0x2f, 0xff, 0xe9, 0x9e,
    0xff, 0xff, 0xb8, 0xbf, 0xff, 0x70, 0x8f, 0xfc,
    0x0, 0x1, 0xdf, 0xf5, 0x0, 0x7, 0xff, 0xd0,
    0xcf, 0xf4, 0x8, 0x70, 0x6f, 0xc0, 0x4a, 0x0,
    0xef, 0xf2, 0xef, 0xf2, 0xe, 0xc0, 0x4f, 0xb0,
    0x8f, 0x20, 0xdf, 0xf4, 0xff, 0xf7, 0x0, 0x0,
    0x9f, 0xe1, 0x1, 0x2, 0xff, 0xf5, 0xef, 0xff,
    0x60, 0x7, 0xff, 0xfc, 0x20, 0x3d, 0xff, 0xf4,
    0xcf, 0xff, 0xff, 0xff, 0xff, 0xff, 0xff, 0xff,
    0xff, 0xf2, 0x7f, 0xff, 0xff, 0xff, 0xff, 0xff,
    0xff, 0xff, 0xff, 0xd0, 0x2f, 0xff, 0xff, 0xfd,
    0xdd, 0xdd, 0xff, 0xff, 0xff, 0x70, 0x9, 0xff,
    0xff, 0xa0, 0x0, 0x0, 0x6f, 0xff, 0xfe, 0x0,
    0x0, 0xcf, 0xff, 0xff, 0xff, 0xff, 0xff, 0xff,
    0xf3, 0x0, 0x0, 0x1c, 0xff, 0xff, 0xff, 0xff,
    0xff, 0xff, 0x40, 0x0, 0x0, 0x0, 0x9f, 0xff,
    0xff, 0xff, 0xff, 0xc3, 0x0, 0x0, 0x0, 0x0,
    0x2, 0x9d, 0xff, 0xfe, 0xa5, 0x0, 0x0, 0x0,
    0x0, 0x0, 0x0, 0x0, 0x1, 0x0, 0x0, 0x0,
    0x0, 0x0,

    /* U+F57A "" */
    0x0, 0x0, 0x0, 0x0, 0x1, 0x10, 0x0, 0x0,
    0x0, 0x0, 0x0, 0x0, 0x3, 0x9e, 0xff, 0xff,
    0xb5, 0x0, 0x0, 0x0, 0x0, 0x0, 0xaf, 0xff,
    0xff, 0xff, 0xff, 0xd3, 0x0, 0x0, 0x0, 0x1d,
    0xff, 0xff, 0xff, 0xff, 0xff, 0xff, 0x50, 0x0,
    0x0, 0xdf, 0xff, 0xff, 0xff, 0xff, 0xff, 0xff,
    0xf4, 0x0, 0x9, 0xff, 0xff, 0xff, 0xff, 0xff,
    0xff, 0xff, 0xfe, 0x0, 0x2f, 0xff, 0xff, 0xff,
    0xff, 0xff, 0xff, 0xff, 0xff, 0x80, 0x8f, 0xff,
    0xfe, 0x7d, 0xff, 0xff, 0x8b, 0xff, 0xff, 0xe0,
    0xcf, 0xff, 0xf5, 0x3, 0xff, 0xf9, 0x0, 0xff,
    0xff, 0xf2, 0xef, 0xff, 0xfb, 0x3a, 0xff, 0xfe,
    0x47, 0xff, 0xff, 0xf4, 0xff, 0xff, 0xff, 0xff,
    0xff, 0xff, 0xff, 0xff, 0xff, 0xf5, 0xef, 0xff,
    0xff, 0xff, 0xff, 0xff, 0xff, 0xff, 0xff, 0xf4,
    0xcf, 0xff, 0xff, 0xff, 0xec, 0xdf, 0xff, 0xff,
    0xff, 0xf2, 0x8f, 0xff, 0xff, 0xe4, 0x0, 0x2,
    0xaf, 0xff, 0xff, 0xe0, 0x2f, 0xff, 0xff, 0x20,
    0x0, 0x0, 0xc, 0xff, 0xff, 0x80, 0x9, 0xff,
    0xff, 0x57, 0xbd, 0xc9, 0x5c, 0xff, 0xfe, 0x0,
    0x0, 0xdf, 0xff, 0xff, 0xff, 0xff, 0xff, 0xff,
    0xf4, 0x0, 0x0, 0x1d, 0xff, 0xff, 0xff, 0xff,
    0xff, 0xff, 0x50, 0x0, 0x0, 0x0, 0xaf, 0xff,
    0xff, 0xff, 0xff, 0xd3, 0x0, 0x0, 0x0, 0x0,
    0x3, 0x9e, 0xff, 0xff, 0xb5, 0x0, 0x0, 0x0,
    0x0, 0x0, 0x0, 0x0, 0x1, 0x10, 0x0, 0x0,
    0x0, 0x0,

    /* U+F57F "" */
    0x0, 0x0, 0x0, 0x0, 0x1, 0x0, 0x0, 0x0,
    0x0, 0x0, 0x0, 0x0, 0x3, 0x9e, 0xff, 0xff,
    0xb5, 0x0, 0x0, 0x0, 0x0, 0x0, 0xaf, 0xff,
    0xff, 0xff, 0xff, 0xd2, 0x0, 0x0, 0x0, 0x1d,
    0xff, 0xff, 0xff, 0xff, 0xff, 0xff, 0x40, 0x0,
    0x0, 0xdf, 0xff, 0xff, 0xff, 0xff, 0xff, 0xff,
    0xf3, 0x0, 0x9, 0xff, 0xff, 0xff, 0xff, 0xff,
    0xff, 0xff, 0xfd, 0x0, 0x2f, 0xff, 0xff, 0xff,
    0xff, 0xff, 0xff, 0xff, 0xff, 0x60, 0x8f, 0xff,
    0xfe, 0x7d, 0xff, 0xff, 0x8b, 0xff, 0xff, 0xc0,
    0xcf, 0xff, 0xf6, 0x4, 0xff, 0xfa, 0x1, 0xff,
    0xff, 0xf1, 0xef, 0xff, 0xfa, 0x19, 0xff, 0xfd,
    0x26, 0xff, 0xff, 0xf3, 0xff, 0xff, 0xff, 0xff,
    0xff, 0xff, 0xff, 0xff, 0xff, 0xf4, 0xef, 0xff,
    0xff, 0xff, 0xff, 0xff, 0xff, 0xff, 0xff, 0xf3,
    0xcf, 0xff, 0xbc, 0x77, 0xc7, 0xa9, 0x7c, 0x9f,
    0xff, 0xf1, 0x7f, 0xff, 0x19, 0x0, 0xa0, 0x64,
    0xa, 0xd, 0xff, 0xc0, 0x2f, 0xff, 0xad, 0xaa,
    0xda, 0xcb, 0xad, 0xae, 0xff, 0x60, 0x9, 0xff,
    0x49, 0x0, 0xa0, 0x64, 0xa, 0x1e, 0xfd, 0x0,
    0x0, 0xcf, 0xff, 0xff, 0xff, 0xff, 0xff, 0xff,
    0xf2, 0x0, 0x0, 0x1c, 0xff, 0xff, 0xff, 0xff,
    0xff, 0xff, 0x40, 0x0, 0x0, 0x0, 0x9f, 0xff,
    0xff, 0xff, 0xff, 0xc2, 0x0, 0x0, 0x0, 0x0,
    0x2, 0x9d, 0xff, 0xfe, 0xa5, 0x0, 0x0, 0x0,
    0x0, 0x0, 0x0, 0x0, 0x1, 0x0, 0x0, 0x0,
    0x0, 0x0,

    /* U+F580 "" */
    0x0, 0x0, 0x0, 0x0, 0x1, 0x10, 0x0, 0x0,
    0x0, 0x0, 0x0, 0x0, 0x3, 0x9e, 0xff, 0xff,
    0xb5, 0x0, 0x0, 0x0, 0x0, 0x0, 0xaf, 0xff,
    0xff, 0xff, 0xff, 0xd3, 0x0, 0x0, 0x0, 0x1d,
    0xff, 0xff, 0xff, 0xff, 0xff, 0xff, 0x50, 0x0,
    0x0, 0xdf, 0xff, 0xff, 0xff, 0xff, 0xff, 0xff,
    0xf4, 0x0, 0x9, 0xff, 0xff, 0xff, 0xff, 0xff,
    0xff, 0xff, 0xfe, 0x0, 0x2f, 0xff, 0xff, 0xff,
    0xff, 0xff, 0xff, 0xff, 0xff, 0x80, 0x8f, 0xff,
    0xfe, 0x7d, 0xff, 0xff, 0x8b, 0xff, 0xff, 0xe0,
    0xcf, 0xff, 0xf5, 0x4, 0xff, 0xf9, 0x0, 0xff,
    0xff, 0xf2, 0xef, 0xff, 0xfb, 0x29, 0xff, 0xfe,
    0x36, 0xff, 0xff, 0xf4, 0xff, 0xff, 0xff, 0xff,
    0xff, 0xff, 0xff, 0xff, 0xff, 0xf5, 0xef, 0xff,
    0xff, 0xff, 0xff, 0xff, 0xff, 0xff, 0xff, 0xf4,
    0xcf, 0xff, 0xff, 0xff, 0xff, 0xff, 0xff, 0xff,
    0xff, 0xf2, 0x8f, 0xff, 0x23, 0x68, 0x99, 0x98,
    0x74, 0x1c, 0xff, 0xe0, 0x2f, 0xff, 0x50, 0x0,
    0x0, 0x0, 0x0, 0xe, 0xff, 0x80, 0x9, 0xff,
    0xe2, 0x0, 0x0, 0x0, 0x0, 0xaf, 0xfe, 0x0,
    0x0, 0xdf, 0xff, 0x71, 0x0, 0x0, 0x4d, 0xff,
    0xf4, 0x0, 0x0, 0x1d, 0xff, 0xff, 0xcb, 0xbe,
    0xff, 0xff, 0x50, 0x0, 0x0, 0x0, 0xaf, 0xff,
    0xff, 0xff, 0xff, 0xd3, 0x0, 0x0, 0x0, 0x0,
    0x3, 0x9e, 0xff, 0xff, 0xb5, 0x0, 0x0, 0x0,
    0x0, 0x0, 0x0, 0x0, 0x1, 0x10, 0x0, 0x0,
    0x0, 0x0,

    /* U+F582 "" */
    0x0, 0x0, 0x0, 0x0, 0x1, 0x10, 0x0, 0x0,
    0x0, 0x0, 0x0, 0x0, 0x3, 0x9e, 0xff, 0xff,
    0xb5, 0x0, 0x0, 0x0, 0x0, 0x0, 0xaf, 0xff,
    0xff, 0xff, 0xff, 0xd3, 0x0, 0x0, 0x0, 0x1d,
    0xff, 0xff, 0xff, 0xff, 0xff, 0xff, 0x50, 0x0,
    0x0, 0xdf, 0xff, 0xff, 0xff, 0xff, 0xff, 0xff,
    0xf4, 0x0, 0x9, 0xff, 0xff, 0xff, 0xff, 0xff,
    0xff, 0xff, 0xfe, 0x0, 0x2f, 0xff, 0xfe, 0x8d,
    0xff, 0xff, 0x9b, 0xff, 0xff, 0x80, 0x8f, 0xff,
    0xe1, 0x0, 0xdf, 0xf4, 0x0, 0xaf, 0xff, 0xe0,
    0xcf, 0xff, 0x86, 0xf9, 0x6f, 0xc3, 0xfc, 0x3f,
    0xff, 0xf2, 0xef, 0xff, 0xbf, 0xff, 0xbf, 0xdd,
    0xff, 0xbf, 0xff, 0xf4, 0xff, 0xff, 0xff, 0xff,
    0xff, 0xff, 0xff, 0xff, 0xff, 0xf5, 0xef, 0xff,
    0xff, 0xff, 0xff, 0xff, 0xff, 0xff, 0xff, 0xf4,
    0xcf, 0xff, 0xff, 0xff, 0xff, 0xff, 0xff, 0xff,
    0xff, 0xf2, 0x8f, 0xff, 0x23, 0x68, 0x99, 0x98,
    0x74, 0x1c, 0xff, 0xe0, 0x2f, 0xff, 0x50, 0x0,
    0x0, 0x0, 0x0, 0xe, 0xff, 0x80, 0x9, 0xff,
    0xe2, 0x0, 0x0, 0x0, 0x0, 0xaf, 0xfe, 0x0,
    0x0, 0xdf, 0xff, 0x71, 0x0, 0x0, 0x4d, 0xff,
    0xf4, 0x0, 0x0, 0x1d, 0xff, 0xff, 0xcb, 0xbe,
    0xff, 0xff, 0x50, 0x0, 0x0, 0x0, 0xaf, 0xff,
    0xff, 0xff, 0xff, 0xd3, 0x0, 0x0, 0x0, 0x0,
    0x3, 0x9e, 0xff, 0xff, 0xb5, 0x0, 0x0, 0x0,
    0x0, 0x0, 0x0, 0x0, 0x1, 0x10, 0x0, 0x0,
    0x0, 0x0,

    /* U+F583 "" */
    0x0, 0x0, 0x0, 0x0, 0x1, 0x10, 0x0, 0x0,
    0x3, 0x0, 0x0, 0x0, 0x3, 0x9e, 0xff, 0xff,
    0xb5, 0x0, 0x1e, 0xa0, 0x0, 0x0, 0xaf, 0xff,
    0xff, 0xff, 0xff, 0xc0, 0xaf, 0xf4, 0x0, 0x1d,
    0xff, 0xff, 0xff, 0xff, 0xff, 0xb0, 0xff, 0xf9,
    0x0, 0xdf, 0xff, 0xff, 0xff, 0xff, 0xff, 0xd0,
    0xdf, 0xf7, 0x9, 0xff, 0xff, 0xff, 0xff, 0xff,
    0xff, 0xf5, 0x17, 0x50, 0x2f, 0xff, 0xfe, 0x8d,
    0xff, 0xff, 0x9b, 0xff, 0x84, 0x20, 0x8f, 0xff,
    0xe1, 0x0, 0xdf, 0xf4, 0x0, 0xaf, 0xff, 0xd0,
    0xcf, 0xff, 0x86, 0xf9, 0x6f, 0xc3, 0xfc, 0x3f,
    0xff, 0xf2, 0xef, 0xff, 0xbf, 0xff, 0xaf, 0xdd,
    0xff, 0xaf, 0xff, 0xf4, 0xff, 0xff, 0xff, 0xff,
    0xff, 0xff, 0xff, 0xff, 0xff, 0xf5, 0xef, 0xff,
    0xff, 0xff, 0xff, 0xff, 0xff, 0xff, 0xff, 0xf4,
    0xcf, 0xff, 0xff, 0xff, 0xff, 0xff, 0xff, 0xff,
    0xff, 0xf2, 0x8f, 0xff, 0x23, 0x68, 0x99, 0x98,
    0x74, 0x1c, 0xff, 0xe0, 0x2f, 0xff, 0x50, 0x0,
    0x0, 0x0, 0x0, 0xe, 0xff, 0x80, 0x9, 0xff,
    0xe2, 0x0, 0x0, 0x0, 0x0, 0xaf, 0xfe, 0x0,
    0x0, 0xdf, 0xff, 0x71, 0x0, 0x0, 0x4d, 0xff,
    0xf4, 0x0, 0x0, 0x1d, 0xff, 0xff, 0xcb, 0xbe,
    0xff, 0xff, 0x50, 0x0, 0x0, 0x0, 0xaf, 0xff,
    0xff, 0xff, 0xff, 0xd3, 0x0, 0x0, 0x0, 0x0,
    0x3, 0x9e, 0xff, 0xff, 0xb5, 0x0, 0x0, 0x0,
    0x0, 0x0, 0x0, 0x0, 0x1, 0x10, 0x0, 0x0,
    0x0, 0x0,

    /* U+F584 "" */
    0x0, 0x0, 0x0, 0x0, 0x1, 0x10, 0x0, 0x0,
    0x0, 0x0, 0x0, 0x0, 0x3, 0x9e, 0xff, 0xff,
    0xb5, 0x0, 0x0, 0x0, 0x0, 0x0, 0xaf, 0xff,
    0xff, 0xff, 0xff, 0xd3, 0x0, 0x0, 0x0, 0x1d,
    0xff, 0xff, 0xff, 0xff, 0xff, 0xff, 0x50, 0x0,
    0x0, 0xdf, 0xff, 0xff, 0xff, 0xff, 0xff, 0xff,
    0xf4, 0x0, 0x9, 0xff, 0xff, 0xba, 0xff, 0xfd,
    0x9f, 0xff, 0xfe, 0x0, 0x2f, 0xff, 0xea, 0x0,
    0xaf, 0xf1, 0x5, 0xef, 0xff, 0x80, 0x8f, 0xfb,
    0x0, 0x0, 0xaf, 0xf0, 0x0, 0x5, 0xff, 0xe0,
    0xcf, 0xf8, 0x0, 0x0, 0xef, 0xf5, 0x0, 0x2,
    0xff, 0xf2, 0xef, 0xff, 0x72, 0x3, 0xff, 0xf9,
    0x1, 0x5c, 0xff, 0xf4, 0xff, 0xff, 0xff, 0xed,
    0xff, 0xff, 0xdf, 0xff, 0xff, 0xf5, 0xef, 0xff,
    0xff, 0xff, 0xff, 0xff, 0xff, 0xff, 0xff, 0xf4,
    0xcf, 0xff, 0xff, 0xff, 0xff, 0xff, 0xff, 0xff,
    0xff, 0xf2, 0x8f, 0xff, 0x33, 0x79, 0xaa, 0xa9,
    0x75, 0x1c, 0xff, 0xe0, 0x2f, 0xff, 0x50, 0x0,
    0x0, 0x0, 0x0, 0xe, 0xff, 0x80, 0x9, 0xff,
    0xe2, 0x0, 0x0, 0x0, 0x0, 0xaf, 0xfe, 0x0,
    0x0, 0xdf, 0xff, 0x71, 0x0, 0x0, 0x4d, 0xff,
    0xf4, 0x0, 0x0, 0x1d, 0xff, 0xff, 0xcb, 0xbe,
    0xff, 0xff, 0x50, 0x0, 0x0, 0x0, 0xaf, 0xff,
    0xff, 0xff, 0xff, 0xd3, 0x0, 0x0, 0x0, 0x0,
    0x3, 0x9e, 0xff, 0xff, 0xb5, 0x0, 0x0, 0x0,
    0x0, 0x0, 0x0, 0x0, 0x1, 0x10, 0x0, 0x0,
    0x0, 0x0,

    /* U+F586 "" */
    0x0, 0x0, 0x0, 0x0, 0x2, 0x20, 0x0, 0x0,
    0x6, 0x60, 0x0, 0x0, 0x1, 0x8d, 0xff, 0xff,
    0xd8, 0x10, 0x9f, 0xfa, 0x0, 0x0, 0x7f, 0xff,
    0xff, 0xff, 0xff, 0xb0, 0xff, 0xff, 0x0, 0xa,
    0xff, 0xff, 0xff, 0xff, 0xff, 0x83, 0xff, 0xfa,
    0x0, 0x9f, 0xff, 0xff, 0xff, 0x7f, 0xff, 0x64,
    0xc9, 0x50, 0x4, 0xff, 0xff, 0xff, 0xfc, 0xf,
    0xff, 0xc0, 0x2, 0x20, 0xd, 0xff, 0xff, 0xff,
    0xf8, 0xb, 0xef, 0xff, 0xef, 0xc0, 0x3f, 0xff,
    0xff, 0xff, 0xf4, 0x0, 0x9, 0xff, 0xff, 0xf3,
    0x7f, 0xff, 0xff, 0xff, 0xf6, 0x7b, 0xff, 0xfb,
    0xef, 0xf7, 0x9f, 0xff, 0xff, 0xea, 0xff, 0xff,
    0xff, 0xd0, 0x7f, 0xf9, 0xaf, 0xfe, 0x62, 0x0,
    0xdf, 0xff, 0xff, 0x20, 0x3f, 0xfa, 0x9f, 0xff,
    0x97, 0x11, 0xff, 0xff, 0xf5, 0x0, 0x3f, 0xf9,
    0x7f, 0xff, 0xff, 0x55, 0xff, 0xff, 0x60, 0x0,
    0x7f, 0xf7, 0x3f, 0xff, 0xff, 0x79, 0xff, 0xf6,
    0x0, 0x0, 0xef, 0xf3, 0xc, 0xfe, 0xff, 0xff,
    0xfe, 0x40, 0x0, 0x8, 0xff, 0xd0, 0x2, 0x20,
    0xc, 0xff, 0xa1, 0x0, 0x0, 0x5f, 0xff, 0x40,
    0x5, 0x9c, 0x46, 0xff, 0x30, 0x0, 0x2a, 0xff,
    0xf9, 0x0, 0xaf, 0xff, 0x38, 0xff, 0xfc, 0xbd,
    0xff, 0xff, 0xa0, 0x0, 0xff, 0xff, 0xb, 0xff,
    0xff, 0xff, 0xff, 0xf7, 0x0, 0x0, 0xaf, 0xf9,
    0x1, 0x8d, 0xff, 0xff, 0xd8, 0x10, 0x0, 0x0,
    0x6, 0x60, 0x0, 0x0, 0x2, 0x20, 0x0, 0x0,
    0x0, 0x0,

    /* U+F587 "" */
    0x0, 0x0, 0x0, 0x0, 0x1, 0x10, 0x0, 0x0,
    0x0, 0x0, 0x0, 0x0, 0x3, 0x9e, 0xff, 0xff,
    0xb5, 0x0, 0x0, 0x0, 0x0, 0x0, 0xaf, 0xff,
    0xff, 0xff, 0xff, 0xd3, 0x0, 0x0, 0x0, 0x1d,
    0xff, 0xff, 0xff, 0xff, 0xff, 0xff, 0x50, 0x0,
    0x0, 0xdf, 0xff, 0xff, 0xff, 0xff, 0xff, 0xff,
    0xf4, 0x0, 0x9, 0xff, 0xfd, 0xef, 0xff, 0xff,
    0xfc, 0xff, 0xfe, 0x0, 0x2f, 0xff, 0xf4, 0x6f,
    0xff, 0xff, 0xc0, 0xef, 0xff, 0x80, 0x8f, 0xfa,
    0x0, 0x0, 0xcf, 0xf2, 0x0, 0x4, 0xff, 0xe0,
    0xcf, 0xff, 0x50, 0x7, 0xff, 0xfc, 0x0, 0xe,
    0xff, 0xf2, 0xef, 0xff, 0x62, 0x18, 0xff, 0xfe,
    0x3, 0xf, 0xff, 0xf4, 0xff, 0xff, 0xdf, 0xfd,
    0xff, 0xff, 0xdf, 0xcf, 0xff, 0xf5, 0xef, 0xff,
    0xff, 0xff, 0xff, 0xff, 0xff, 0xff, 0xff, 0xf4,
    0xcf, 0xff, 0xff, 0xff, 0xff, 0xff, 0xff, 0xff,
    0xff, 0xf2, 0x8f, 0xff, 0x33, 0x79, 0xaa, 0xa9,
    0x75, 0x1c, 0xff, 0xe0, 0x2f, 0xff, 0x50, 0x0,
    0x0, 0x0, 0x0, 0xe, 0xff, 0x80, 0x9, 0xff,
    0xe2, 0x0, 0x0, 0x0, 0x0, 0xaf, 0xfe, 0x0,
    0x0, 0xdf, 0xff, 0x71, 0x0, 0x0, 0x4d, 0xff,
    0xf4, 0x0, 0x0, 0x1d, 0xff, 0xff, 0xcb, 0xbe,
    0xff, 0xff, 0x50, 0x0, 0x0, 0x0, 0xaf, 0xff,
    0xff, 0xff, 0xff, 0xd3, 0x0, 0x0, 0x0, 0x0,
    0x3, 0x9e, 0xff, 0xff, 0xb5, 0x0, 0x0, 0x0,
    0x0, 0x0, 0x0, 0x0, 0x1, 0x10, 0x0, 0x0,
    0x0, 0x0,

    /* U+F588 "" */
    0x0, 0x0, 0x0, 0x0, 0x0, 0x0, 0x11, 0x0,
    0x0, 0x0, 0x0, 0x0, 0x0, 0x0, 0x0, 0x0,
    0x4, 0xae, 0xff, 0xfe, 0xa4, 0x0, 0x0, 0x0,
    0x0, 0x0, 0x0, 0x0, 0x1b, 0xff, 0xff, 0xff,
    0xff, 0xfb, 0x10, 0x0, 0x0, 0x0, 0x0, 0x0,
    0x3e, 0xff, 0xff, 0xff, 0xff, 0xff, 0xfe, 0x30,
    0x0, 0x0, 0x0, 0x0, 0x2e, 0xff, 0xff, 0xff,
    0xff, 0xff, 0xff, 0xfe, 0x10, 0x0, 0x0, 0x0,
    0xc, 0xff, 0xff, 0xff, 0xff, 0xff, 0xff, 0xff,
    0xfc, 0x0, 0x0, 0x0, 0x4, 0xff, 0xff, 0xc8,
    0xef, 0xff, 0xe8, 0xcf, 0xff, 0xf5, 0x0, 0x0,
    0x0, 0xbf, 0xff, 0xc0, 0x2, 0xff, 0xf2, 0x0,
    0xcf, 0xff, 0xb0, 0x0, 0x0, 0xe, 0xff, 0xf5,
    0x9f, 0x69, 0xf9, 0x5f, 0xa5, 0xff, 0xff, 0x0,
    0x0, 0x0, 0x45, 0xef, 0xbf, 0xff, 0xbf, 0xcf,
    0xff, 0xaf, 0xe6, 0x40, 0x0, 0x0, 0x36, 0x27,
    0xff, 0xff, 0xff, 0xff, 0xff, 0xff, 0xf7, 0x26,
    0x30, 0x5, 0xef, 0xf4, 0x7f, 0xff, 0xff, 0xff,
    0xff, 0xff, 0xff, 0x74, 0xff, 0xe5, 0xef, 0xff,
    0x1a, 0xff, 0xff, 0xff, 0xff, 0xff, 0xff, 0xfa,
    0x1f, 0xff, 0xed, 0xff, 0xc0, 0xef, 0x13, 0x68,
    0x99, 0x98, 0x63, 0x1f, 0xe0, 0xcf, 0xfd, 0x3c,
    0xb2, 0x5f, 0xf2, 0x0, 0x0, 0x0, 0x0, 0x2,
    0xff, 0x52, 0xbc, 0x30, 0x0, 0xa, 0xff, 0xc1,
    0x0, 0x0, 0x0, 0x1, 0xcf, 0xfa, 0x0, 0x0,
    0x0, 0x0, 0x1e, 0xff, 0xe6, 0x0, 0x0, 0x6,
    0xef, 0xfe, 0x10, 0x0, 0x0, 0x0, 0x0, 0x3e,
    0xff, 0xff, 0xcb, 0xcf, 0xff, 0xfe, 0x30, 0x0,
    0x0, 0x0, 0x0, 0x0, 0x1b, 0xff, 0xff, 0xff,
    0xff, 0xfb, 0x10, 0x0, 0x0, 0x0, 0x0, 0x0,
    0x0, 0x4, 0xae, 0xff, 0xfe, 0xa4, 0x0, 0x0,
    0x0, 0x0, 0x0, 0x0, 0x0, 0x0, 0x0, 0x1,
    0x21, 0x0, 0x0, 0x0, 0x0, 0x0, 0x0,

    /* U+F589 "" */
    0x0, 0x0, 0x0, 0x0, 0x1, 0x10, 0x0, 0x0,
    0x0, 0x0, 0x0, 0x0, 0x3, 0x9e, 0xff, 0xff,
    0xb6, 0x0, 0x0, 0x0, 0x0, 0x0, 0xaf, 0xff,
    0xff, 0xff, 0xff, 0xd3, 0x0, 0x0, 0x0, 0x1d,
    0xff, 0xff, 0xff, 0xff, 0xff, 0xff, 0x50, 0x0,
    0x0, 0xdf, 0xff, 0xff, 0xff, 0xff, 0xff, 0xff,
    0xf4, 0x0, 0x9, 0xff, 0xff, 0xff, 0xff, 0xff,
    0xff, 0xff, 0xfe, 0x10, 0x2f, 0xff, 0xff, 0xff,
    0xff, 0xff, 0xff, 0xff, 0xff, 0x80, 0x8f, 0xff,
    0xfe, 0x7d, 0xff, 0xff, 0x7b, 0xff, 0xff, 0xe0,
    0xcf, 0xff, 0xf5, 0x5, 0xff, 0xf8, 0x0, 0xff,
    0xff, 0xf2, 0xef, 0xff, 0xfb, 0x2b, 0xff, 0xfd,
    0x36, 0xff, 0xff, 0xf4, 0xff, 0xff, 0xff, 0xff,
    0xff, 0xff, 0xff, 0xff, 0xff, 0xf5, 0xef, 0xff,
    0xff, 0xff, 0xff, 0xff, 0xff, 0xff, 0xff, 0xf4,
    0xcf, 0xff, 0xff, 0xff, 0xff, 0xff, 0xff, 0xff,
    0xff, 0xf1, 0x7f, 0xff, 0x23, 0x68, 0x99, 0x98,
    0x74, 0x1c, 0xff, 0xd0, 0x1f, 0xff, 0x50, 0x0,
    0x0, 0x0, 0x0, 0x1f, 0xff, 0x60, 0x8, 0xff,
    0xf4, 0xc, 0xf2, 0xde, 0x2, 0xcf, 0xfd, 0x0,
    0x0, 0xbf, 0xfe, 0xe, 0xff, 0xff, 0x19, 0xff,
    0xf2, 0x0, 0x0, 0xb, 0xfe, 0xe, 0xff, 0xff,
    0x19, 0xfe, 0x30, 0x0, 0x0, 0x0, 0x7e, 0xc,
    0xff, 0xfe, 0xb, 0xa1, 0x0, 0x0, 0x0, 0x0,
    0x0, 0x3, 0xef, 0xf5, 0x1, 0x0, 0x0, 0x0,
    0x0, 0x0, 0x0, 0x0, 0x3, 0x10, 0x0, 0x0,
    0x0, 0x0,

    /* U+F58B "" */
    0x0, 0x0, 0x0, 0x0, 0x12, 0x10, 0x0, 0x0,
    0x0, 0x0, 0x0, 0x0, 0x3, 0xae, 0xff, 0xff,
    0xc6, 0x0, 0x0, 0x0, 0x0, 0x1, 0xbf, 0xff,
    0xff, 0xff, 0xff, 0xe4, 0x0, 0x0, 0x0, 0x2d,
    0xff, 0xff, 0xff, 0xff, 0xff, 0xff, 0x60, 0x0,
    0x1, 0xdf, 0xff, 0xff, 0xff, 0xff, 0xff, 0xff,
    0xf4, 0x0, 0xa, 0xff, 0xff, 0xff, 0xff, 0xff,
    0xff, 0xff, 0xfe, 0x10, 0x2f, 0xff, 0xff, 0xff,
    0xff, 0xfe, 0x52, 0x6f, 0xff, 0x80, 0x8f, 0xff,
    0xf9, 0xaf, 0xff, 0xf4, 0x1, 0x6, 0xff, 0xe0,
    0xcf, 0xfe, 0x20, 0x2, 0xff, 0xf0, 0x8f, 0x21,
    0xff, 0xf2, 0xef, 0xfb, 0x5d, 0xd4, 0xdf, 0xf2,
    0x4a, 0x4, 0xff, 0xf4, 0xff, 0xff, 0xff, 0xff,
    0xff, 0xfc, 0x10, 0x2d, 0xff, 0xf5, 0xef, 0xff,
    0xff, 0xff, 0xff, 0xff, 0xfe, 0xff, 0xff, 0xf4,
    0xbf, 0xff, 0xff, 0xff, 0xff, 0xff, 0xff, 0xff,
    0xff, 0xf1, 0x7f, 0xff, 0x23, 0x68, 0x99, 0x98,
    0x64, 0x1e, 0xff, 0xd0, 0x1f, 0xff, 0x60, 0x0,
    0x0, 0x0, 0x0, 0x2f, 0xff, 0x60, 0x7, 0xff,
    0xf5, 0xb, 0xf2, 0xde, 0x2, 0xdf, 0xfc, 0x0,
    0x0, 0xbf, 0xff, 0xd, 0xff, 0xff, 0x1b, 0xff,
    0xe2, 0x0, 0x0, 0xb, 0xff, 0xc, 0xff, 0xff,
    0x1b, 0xfe, 0x20, 0x0, 0x0, 0x0, 0x6e, 0xa,
    0xff, 0xfe, 0xc, 0x91, 0x0, 0x0, 0x0, 0x0,
    0x0, 0x2, 0xef, 0xf5, 0x1, 0x0, 0x0, 0x0,
    0x0, 0x0, 0x0, 0x0, 0x3, 0x10, 0x0, 0x0,
    0x0, 0x0,

    /* U+F58C "" */
    0x0, 0x0, 0x0, 0x0, 0x1, 0x10, 0x0, 0x0,
    0x0, 0x0, 0x0, 0x0, 0x3, 0x9e, 0xff, 0xff,
    0xb5, 0x0, 0x0, 0x0, 0x0, 0x0, 0xaf, 0xff,
    0xff, 0xff, 0xff, 0xd3, 0x0, 0x0, 0x0, 0x1d,
    0xff, 0xff, 0xff, 0xff, 0xff, 0xff, 0x50, 0x0,
    0x0, 0xdf, 0xff, 0xff, 0xff, 0xff, 0xff, 0xff,
    0xf4, 0x0, 0x9, 0xff, 0xff, 0xff, 0xff, 0xff,
    0xff, 0xff, 0xfe, 0x0, 0x2f, 0xff, 0xff, 0xff,
    0xff, 0xff, 0xff, 0xff, 0xff, 0x80, 0x8f, 0xff,
    0xfe, 0x7d, 0xff, 0xfe, 0xab, 0xff, 0xff, 0xe0,
    0xcf, 0xff, 0xf5, 0x4, 0xff, 0xc0, 0x0, 0x3f,
    0xff, 0xf2, 0xef, 0xff, 0xfb, 0x29, 0xff, 0xa9,
    0xfe, 0x6e, 0xff, 0xf4, 0xff, 0xff, 0xff, 0xff,
    0xff, 0xff, 0xff, 0xff, 0xff, 0xf5, 0xef, 0xff,
    0xff, 0xff, 0xff, 0xff, 0xff, 0xff, 0xff, 0xf4,
    0xcf, 0xff, 0xff, 0xff, 0xff, 0xff, 0xff, 0xff,
    0xff, 0xf2, 0x8f, 0xff, 0x23, 0x68, 0x99, 0x98,
    0x74, 0x1c, 0xff, 0xe0, 0x2f, 0xff, 0x50, 0x0,
    0x0, 0x0, 0x0, 0xe, 0xff, 0x80, 0x9, 0xff,
    0xe2, 0x0, 0x0, 0x0, 0x0, 0xaf, 0xfe, 0x0,
    0x0, 0xdf, 0xff, 0x71, 0x0, 0x0, 0x4d, 0xff,
    0xf4, 0x0, 0x0, 0x1d, 0xff, 0xff, 0xcb, 0xbe,
    0xff, 0xff, 0x50, 0x0, 0x0, 0x0, 0xaf, 0xff,
    0xff, 0xff, 0xff, 0xd3, 0x0, 0x0, 0x0, 0x0,
    0x3, 0x9e, 0xff, 0xff, 0xb5, 0x0, 0x0, 0x0,
    0x0, 0x0, 0x0, 0x0, 0x1, 0x10, 0x0, 0x0,
    0x0, 0x0,

    /* U+F596 "" */
    0x0, 0x0, 0x0, 0x0, 0x1, 0x10, 0x0, 0x0,
    0x0, 0x0, 0x0, 0x0, 0x3, 0x9e, 0xff, 0xff,
    0xb5, 0x0, 0x0, 0x0, 0x0, 0x0, 0xaf, 0xff,
    0xff, 0xff, 0xff, 0xd3, 0x0, 0x0, 0x0, 0x1d,
    0xff, 0xff, 0xff, 0xff, 0xff, 0xff, 0x50, 0x0,
    0x0, 0xdf, 0xff, 0xff, 0xff, 0xff, 0xff, 0xff,
    0xf4, 0x0, 0x9, 0xff, 0xff, 0xff, 0xff, 0xff,
    0xff, 0xff, 0xfe, 0x0, 0x2f, 0xff, 0xff, 0xff,
    0xff, 0xff, 0xff, 0xff, 0xff, 0x80, 0x8f, 0xff,
    0xfe, 0x7d, 0xff, 0xff, 0x8b, 0xff, 0xff, 0xe0,
    0xcf, 0xff, 0xf5, 0x3, 0xff, 0xf9, 0x0, 0xff,
    0xff, 0xf2, 0xef, 0xff, 0xfb, 0x3a, 0xff, 0xfe,
    0x47, 0xff, 0xff, 0xf4, 0xff, 0xff, 0xff, 0xff,
    0xff, 0xff, 0xff, 0xff, 0xff, 0xf5, 0xef, 0xff,
    0xff, 0xff, 0xe9, 0xcf, 0xff, 0xff, 0xff, 0xf4,
    0xcf, 0xff, 0xff, 0xff, 0xfb, 0x17, 0xff, 0xff,
    0xff, 0xf2, 0x8f, 0xff, 0xff, 0xff, 0xff, 0x33,
    0xff, 0xff, 0xff, 0xe0, 0x2f, 0xff, 0xff, 0xff,
    0xe1, 0x1e, 0xff, 0xff, 0xff, 0x80, 0x9, 0xff,
    0xff, 0xff, 0xfe, 0x34, 0xff, 0xff, 0xfe, 0x0,
    0x0, 0xdf, 0xff, 0xff, 0xfc, 0x26, 0xff, 0xff,
    0xf4, 0x0, 0x0, 0x1d, 0xff, 0xff, 0xe6, 0xbf,
    0xff, 0xff, 0x50, 0x0, 0x0, 0x0, 0xaf, 0xff,
    0xff, 0xff, 0xff, 0xd3, 0x0, 0x0, 0x0, 0x0,
    0x3, 0x9e, 0xff, 0xff, 0xb5, 0x0, 0x0, 0x0,
    0x0, 0x0, 0x0, 0x0, 0x1, 0x10, 0x0, 0x0,
    0x0, 0x0,

    /* U+F59B "" */
    0x0, 0x0, 0x0, 0x0, 0x0, 0x0, 0x0, 0x0,
    0x0, 0x0, 0x0, 0x0, 0x2, 0x8c, 0xff, 0xfd,
    0x94, 0x0, 0x0, 0x0, 0x0, 0x0, 0x8f, 0xff,
    0xff, 0xff, 0xff, 0xc2, 0x0, 0x0, 0x0, 0x1c,
    0xff, 0xff, 0xff, 0xff, 0xff, 0xff, 0x40, 0x0,
    0x0, 0xcf, 0xff, 0xff, 0xff, 0xff, 0xff, 0xff,
    0xf3, 0x0, 0x8, 0xff, 0xb9, 0xff, 0xff, 0xff,
    0xfc, 0x8f, 0xfe, 0x0, 0x2f, 0xff, 0xe1, 0x2c,
    0xff, 0xfe, 0x60, 0x9f, 0xff, 0x70, 0x7f, 0xff,
    0xfb, 0x0, 0x9f, 0xe1, 0x5, 0xff, 0xff, 0xd0,
    0xcf, 0xff, 0xf4, 0x6, 0xef, 0xfa, 0x10, 0xdf,
    0xff, 0xf2, 0xef, 0xff, 0xa3, 0xcf, 0xff, 0xff,
    0xf7, 0x4f, 0xff, 0xf4, 0xff, 0xff, 0xff, 0xff,
    0xff, 0xff, 0xff, 0xff, 0xff, 0xf5, 0xef, 0xff,
    0xee, 0xee, 0xee, 0xee, 0xee, 0xef, 0xff, 0xf4,
    0xcf, 0xfd, 0x0, 0x0, 0x0, 0x0, 0x0, 0x7,
    0xff, 0xf2, 0x8f, 0xff, 0x0, 0x0, 0x0, 0x0,
    0x0, 0xa, 0xff, 0xe0, 0x2f, 0xff, 0x70, 0x0,
    0x0, 0x0, 0x0, 0x1f, 0xff, 0x80, 0x9, 0xff,
    0xf3, 0x0, 0x0, 0x0, 0x0, 0xcf, 0xfe, 0x0,
    0x0, 0xdf, 0xff, 0x70, 0x0, 0x0, 0x3d, 0xff,
    0xf4, 0x0, 0x0, 0x1d, 0xff, 0xff, 0xca, 0xbe,
    0xff, 0xff, 0x50, 0x0, 0x0, 0x0, 0xaf, 0xff,
    0xff, 0xff, 0xff, 0xd3, 0x0, 0x0, 0x0, 0x0,
    0x3, 0x9e, 0xff, 0xff, 0xb6, 0x0, 0x0, 0x0,
    0x0, 0x0, 0x0, 0x0, 0x1, 0x10, 0x0, 0x0,
    0x0, 0x0,

    /* U+F5A4 "" */
    0x0, 0x0, 0x0, 0x0, 0x1, 0x10, 0x0, 0x0,
    0x0, 0x0, 0x0, 0x0, 0x3, 0x9e, 0xff, 0xff,
    0xb5, 0x0, 0x0, 0x0, 0x0, 0x0, 0xaf, 0xff,
    0xff, 0xff, 0xff, 0xd3, 0x0, 0x0, 0x0, 0x1d,
    0xff, 0xff, 0xff, 0xff, 0xff, 0xff, 0x50, 0x0,
    0x0, 0xcf, 0xff, 0xff, 0xff, 0xff, 0xff, 0xff,
    0xf3, 0x0, 0x9, 0xff, 0xff, 0xff, 0xff, 0xff,
    0xff, 0xff, 0xfe, 0x0, 0x2f, 0xff, 0xff, 0xff,
    0xff, 0xff, 0xff, 0xff, 0xff, 0x70, 0x8f, 0xff,
    0xfe, 0x7d, 0xff, 0xff, 0x8b, 0xff, 0xff, 0xd0,
    0xcf, 0xff, 0xf5, 0x4, 0xff, 0xf9, 0x0, 0xff,
    0xff, 0xf2, 0xef, 0xff, 0xfb, 0x29, 0xff, 0xfe,
    0x36, 0xff, 0xff, 0xf4, 0xff, 0xff, 0xff, 0xff,
    0xff, 0xff, 0xff, 0xff, 0xff, 0xf5, 0xef, 0xff,
    0xff, 0xff, 0xff, 0xff, 0xff, 0xff, 0xff, 0xf4,
    0xcf, 0xff, 0xff, 0xff, 0xff, 0xff, 0xff, 0xff,
    0xff, 0xf2, 0x8f, 0xff, 0xff, 0xff, 0xff, 0xff,
    0xff, 0xff, 0xff, 0xe0, 0x2f, 0xff, 0xff, 0xff,
    0xff, 0xff, 0xff, 0xff, 0xff, 0x80, 0x9, 0xff,
    0xff, 0xff, 0xff, 0xff, 0xff, 0xff, 0xfe, 0x0,
    0x0, 0xdf, 0xff, 0xff, 0xff, 0xff, 0xff, 0xff,
    0xf4, 0x0, 0x0, 0x2d, 0xff, 0xff, 0xff, 0xff,
    0xff, 0xff, 0x50, 0x0, 0x0, 0x1, 0xaf, 0xff,
    0xff, 0xff, 0xff, 0xd3, 0x0, 0x0, 0x0, 0x0,
    0x3, 0xae, 0xff, 0xff, 0xc6, 0x0, 0x0, 0x0,
    0x0, 0x0, 0x0, 0x0, 0x12, 0x10, 0x0, 0x0,
    0x0, 0x0,

    /* U+F5A5 "" */
    0x0, 0x0, 0x0, 0x0, 0x1, 0x10, 0x0, 0x0,
    0x0, 0x0, 0x0, 0x0, 0x3, 0x9e, 0xff, 0xff,
    0xb5, 0x0, 0x0, 0x0, 0x0, 0x0, 0xaf, 0xff,
    0xff, 0xff, 0xff, 0xd3, 0x0, 0x0, 0x0, 0x1d,
    0xff, 0xff, 0xff, 0xff, 0xff, 0xff, 0x50, 0x0,
    0x0, 0xdf, 0xff, 0xff, 0xff, 0xff, 0xff, 0xff,
    0xf4, 0x0, 0x9, 0xff, 0xff, 0xff, 0xff, 0xff,
    0xff, 0xff, 0xfe, 0x0, 0x2f, 0xff, 0xff, 0xff,
    0xff, 0xff, 0xff, 0xff, 0xff, 0x80, 0x8f, 0xff,
    0x8f, 0xf8, 0xff, 0xfb, 0xcf, 0xbc, 0xff, 0xe0,
    0xcf, 0xf9, 0x8, 0x70, 0xbf, 0xf1, 0x39, 0x23,
    0xff, 0xf2, 0xef, 0xf7, 0x0, 0x0, 0x9f, 0xf0,
    0x0, 0x1, 0xff, 0xf4, 0xff, 0xfc, 0x0, 0x0,
    0xef, 0xf4, 0x0, 0x6, 0xff, 0xf5, 0xef, 0xff,
    0xb4, 0x4c, 0xff, 0xfe, 0x63, 0x7f, 0xff, 0xf4,
    0xcf, 0xff, 0xff, 0xff, 0xff, 0xff, 0xff, 0xff,
    0xff, 0xf2, 0x7f, 0xff, 0xff, 0xff, 0xff, 0xff,
    0xff, 0xff, 0xff, 0xd0, 0x2f, 0xff, 0xff, 0xff,
    0xff, 0xff, 0xff, 0xff, 0xff, 0x70, 0x9, 0xff,
    0xff, 0xa0, 0x0, 0x0, 0x4f, 0xff, 0xfe, 0x0,
    0x0, 0xcf, 0xff, 0xff, 0xff, 0xff, 0xff, 0xff,
    0xf3, 0x0, 0x0, 0x1c, 0xff, 0xff, 0xff, 0xff,
    0xff, 0xff, 0x50, 0x0, 0x0, 0x0, 0x9f, 0xff,
    0xff, 0xff, 0xff, 0xd3, 0x0, 0x0, 0x0, 0x0,
    0x2, 0x9d, 0xff, 0xfe, 0xa5, 0x0, 0x0, 0x0,
    0x0, 0x0, 0x0, 0x0, 0x1, 0x0, 0x0, 0x0,
    0x0, 0x0,

    /* U+F5B3 "" */
    0x0, 0x0, 0x0, 0x0, 0x1, 0x10, 0x0, 0x0,
    0x0, 0x0, 0x0, 0x0, 0x2, 0x9d, 0xff, 0xff,
    0xb6, 0x0, 0x0, 0x0, 0x0, 0x0, 0x9f, 0xff,
    0xff, 0xff, 0xff, 0xe5, 0x0, 0x0, 0x0, 0x1c,
    0xff, 0xff, 0xff, 0xff, 0xff, 0xff, 0x70, 0x0,
    0x0, 0xcf, 0xff, 0xff, 0xff, 0xff, 0xff, 0xff,
    0xf6, 0x0, 0x9, 0xff, 0xff, 0xff, 0xff, 0xff,
    0xff, 0xff, 0xff, 0x20, 0x2f, 0xff, 0xff, 0xff,
    0xff, 0xff, 0xff, 0xff, 0xff, 0xb0, 0x7f, 0xff,
    0xfa, 0xaf, 0xff, 0xff, 0xc9, 0xdf, 0xff, 0xf1,
    0xcf, 0xfe, 0x10, 0x2, 0xff, 0xf7, 0x1, 0x9,
    0xff, 0xf5, 0xef, 0xfc, 0x8f, 0xf7, 0xdf, 0xf7,
    0xdf, 0xc8, 0xff, 0xf7, 0xff, 0xff, 0xff, 0xff,
    0xff, 0xff, 0xff, 0xff, 0xff, 0xf9, 0xef, 0xff,
    0xd4, 0xff, 0xfe, 0xff, 0xfc, 0x5f, 0xff, 0xf8,
    0xcf, 0xff, 0xb1, 0xff, 0x70, 0x1d, 0xfa, 0x1f,
    0xff, 0xf5, 0x8f, 0xff, 0xb1, 0xfe, 0x0, 0x5,
    0xfa, 0x1f, 0xff, 0xf1, 0x2f, 0xff, 0xb1, 0xfd,
    0x0, 0x4, 0xfa, 0x1f, 0xff, 0xb0, 0x9, 0xff,
    0xb1, 0xff, 0x20, 0x8, 0xfa, 0x1f, 0xff, 0x30,
    0x0, 0xcf, 0xb1, 0xff, 0xd5, 0x7f, 0xfa, 0x1f,
    0xf6, 0x0, 0x0, 0x1c, 0xb1, 0xff, 0xff, 0xff,
    0xfa, 0x1f, 0x80, 0x0, 0x0, 0x0, 0x51, 0xff,
    0xff, 0xff, 0xfa, 0x15, 0x0, 0x0, 0x0, 0x0,
    0x0, 0x9e, 0xff, 0xff, 0xc5, 0x0, 0x0, 0x0,
    0x0, 0x0, 0x0, 0x0, 0x12, 0x10, 0x0, 0x0,
    0x0, 0x0,

    /* U+F5B4 "" */
    0x0, 0x0, 0x0, 0x0, 0x1, 0x10, 0x0, 0x0,
    0x0, 0x0, 0x0, 0x0, 0x3, 0x9e, 0xff, 0xff,
    0xb5, 0x0, 0x0, 0x0, 0x0, 0x0, 0xaf, 0xff,
    0xff, 0xff, 0xff, 0xd3, 0x0, 0x0, 0x0, 0x1d,
    0xff, 0xff, 0xff, 0xff, 0xff, 0xff, 0x50, 0x0,
    0x0, 0xcf, 0xff, 0xff, 0xff, 0xff, 0xff, 0xff,
    0xf3, 0x0, 0x9, 0xff, 0xff, 0xff, 0xff, 0xff,
    0xff, 0xff, 0xfe, 0x0, 0x2f, 0xff, 0xff, 0xff,
    0xff, 0xff, 0xff, 0xff, 0xff, 0x70, 0x8f, 0xff,
    0xfe, 0x7d, 0xff, 0xff, 0x8b, 0xff, 0xff, 0xd0,
    0xcf, 0xff, 0xf5, 0x4, 0xff, 0xf9, 0x0, 0xff,
    0xff, 0xf2, 0xef, 0xff, 0xfb, 0x29, 0xff, 0xfe,
    0x36, 0xff, 0xff, 0xf4, 0xff, 0xff, 0xff, 0xff,
    0xff, 0xff, 0xff, 0xff, 0xff, 0xf5, 0xef, 0xff,
    0xff, 0xff, 0xff, 0xff, 0xff, 0xff, 0xff, 0xf4,
    0xcf, 0xff, 0xf4, 0x6f, 0xff, 0xff, 0xff, 0xff,
    0xff, 0xf2, 0x8f, 0xff, 0x90, 0xb, 0xf3, 0x14,
    0xbf, 0xff, 0xff, 0xe0, 0x2f, 0xff, 0x20, 0x4,
    0xfd, 0xa5, 0x7, 0xff, 0xff, 0x80, 0x9, 0xff,
    0x30, 0x5, 0xff, 0xff, 0xb0, 0xcf, 0xfe, 0x0,
    0x0, 0xdf, 0xd5, 0x6e, 0xff, 0xff, 0xff, 0xff,
    0xf4, 0x0, 0x0, 0x2d, 0xff, 0xff, 0xff, 0xff,
    0xff, 0xff, 0x50, 0x0, 0x0, 0x1, 0xaf, 0xff,
    0xff, 0xff, 0xff, 0xd3, 0x0, 0x0, 0x0, 0x0,
    0x3, 0xae, 0xff, 0xff, 0xc6, 0x0, 0x0, 0x0,
    0x0, 0x0, 0x0, 0x0, 0x12, 0x10, 0x0, 0x0,
    0x0, 0x0,

    /* U+F5B8 "" */
    0x0, 0x0, 0x0, 0x0, 0x1, 0x10, 0x0, 0x0,
    0x0, 0x0, 0x0, 0x0, 0x3, 0x9e, 0xff, 0xff,
    0xb5, 0x0, 0x0, 0x0, 0x0, 0x0, 0xaf, 0xff,
    0xff, 0xff, 0xff, 0xd3, 0x0, 0x0, 0x0, 0x1d,
    0xff, 0xff, 0xff, 0xff, 0xff, 0xff, 0x50, 0x0,
    0x0, 0xcf, 0xff, 0xff, 0xff, 0xff, 0xff, 0xff,
    0xf3, 0x0, 0x9, 0xff, 0xff, 0xff, 0xff, 0xff,
    0xff, 0xff, 0xfe, 0x0, 0x2f, 0xff, 0xfe, 0x8d,
    0xff, 0xff, 0x9b, 0xff, 0xff, 0x70, 0x8f, 0xff,
    0xe1, 0x0, 0xdf, 0xf4, 0x0, 0x9f, 0xff, 0xd0,
    0xcf, 0xff, 0x86, 0xf9, 0x6f, 0xc3, 0xfc, 0x2f,
    0xff, 0xf2, 0xef, 0xff, 0xbf, 0xff, 0xbf, 0xdd,
    0xff, 0xaf, 0xff, 0xf4, 0xff, 0xff, 0xff, 0xff,
    0xff, 0xff, 0xff, 0xff, 0xff, 0xf5, 0xef, 0xff,
    0xff, 0xff, 0xff, 0xff, 0xff, 0xff, 0xff, 0xf4,
    0xcf, 0xff, 0xff, 0xff, 0xff, 0xff, 0xff, 0xff,
    0xff, 0xf2, 0x8f, 0xff, 0xf3, 0x9f, 0xff, 0xff,
    0xd2, 0xcf, 0xff, 0xe0, 0x2f, 0xff, 0xfa, 0x5,
    0xce, 0xd8, 0x14, 0xff, 0xff, 0x80, 0x9, 0xff,
    0xff, 0xc4, 0x0, 0x2, 0x9f, 0xff, 0xfe, 0x0,
    0x0, 0xdf, 0xff, 0xff, 0xfe, 0xff, 0xff, 0xff,
    0xf4, 0x0, 0x0, 0x2d, 0xff, 0xff, 0xff, 0xff,
    0xff, 0xff, 0x50, 0x0, 0x0, 0x1, 0xaf, 0xff,
    0xff, 0xff, 0xff, 0xd3, 0x0, 0x0, 0x0, 0x0,
    0x3, 0xae, 0xff, 0xff, 0xc6, 0x0, 0x0, 0x0,
    0x0, 0x0, 0x0, 0x0, 0x12, 0x10, 0x0, 0x0,
    0x0, 0x0,

    /* U+F5C2 "" */
    0x0, 0x0, 0x0, 0x0, 0x1, 0x10, 0x0, 0x0,
    0x0, 0x0, 0x0, 0x0, 0x3, 0x9e, 0xff, 0xff,
    0xb5, 0x0, 0x0, 0x0, 0x0, 0x0, 0xaf, 0xff,
    0xff, 0xff, 0xff, 0xd3, 0x0, 0x0, 0x0, 0x1d,
    0xff, 0xff, 0xff, 0xff, 0xff, 0xff, 0x50, 0x0,
    0x0, 0xcf, 0xff, 0xff, 0xff, 0xff, 0xff, 0xff,
    0xf3, 0x0, 0x9, 0xff, 0xff, 0xff, 0xff, 0xff,
    0xff, 0xff, 0xfe, 0x0, 0x2f, 0xff, 0xff, 0xff,
    0xff, 0xff, 0xff, 0xff, 0xff, 0x70, 0x8f, 0xff,
    0xfe, 0x7d, 0xff, 0xff, 0x8b, 0xff, 0xff, 0xd0,
    0xcf, 0xff, 0xf5, 0x4, 0xff, 0xf9, 0x0, 0xff,
    0xff, 0xf2, 0xef, 0xff, 0xfb, 0x29, 0xff, 0xfe,
    0x36, 0xff, 0xff, 0xf4, 0xff, 0xff, 0xff, 0xff,
    0xff, 0xff, 0xff, 0xff, 0xff, 0xf5, 0xef, 0xff,
    0xff, 0xff, 0xfd, 0xff, 0xff, 0xff, 0xff, 0xf4,
    0xcf, 0xff, 0xff, 0xfe, 0x20, 0xa, 0xff, 0xff,
    0xff, 0xf2, 0x8f, 0xff, 0xff, 0xf5, 0x0, 0x0,
    0xff, 0xff, 0xff, 0xe0, 0x2f, 0xff, 0xff, 0xf3,
    0x0, 0x0, 0xdf, 0xff, 0xff, 0x80, 0x9, 0xff,
    0xff, 0xf9, 0x0, 0x3, 0xff, 0xff, 0xfe, 0x0,
    0x0, 0xdf, 0xff, 0xff, 0x94, 0x7e, 0xff, 0xff,
    0xf4, 0x0, 0x0, 0x2d, 0xff, 0xff, 0xff, 0xff,
    0xff, 0xff, 0x50, 0x0, 0x0, 0x1, 0xaf, 0xff,
    0xff, 0xff, 0xff, 0xd3, 0x0, 0x0, 0x0, 0x0,
    0x3, 0xae, 0xff, 0xff, 0xc6, 0x0, 0x0, 0x0,
    0x0, 0x0, 0x0, 0x0, 0x12, 0x10, 0x0, 0x0,
    0x0, 0x0,

    /* U+F5C8 "" */
    0x0, 0x0, 0x0, 0x0, 0x1, 0x10, 0x0, 0x0,
    0x0, 0x0, 0x0, 0x0, 0x3, 0x9e, 0xff, 0xff,
    0xb5, 0x0, 0x0, 0x0, 0x0, 0x0, 0xaf, 0xff,
    0xff, 0xff, 0xff, 0xd3, 0x0, 0x0, 0x0, 0x1d,
    0xff, 0xff, 0xff, 0xff, 0xff, 0xff, 0x50, 0x0,
    0x0, 0xcf, 0xff, 0xff, 0xff, 0xff, 0xff, 0xff,
    0xf3, 0x0, 0x9, 0xff, 0xff, 0xff, 0xff, 0xff,
    0xff, 0xff, 0xfe, 0x0, 0x2f, 0xff, 0xb9, 0xff,
    0xff, 0xff, 0xfc, 0x8f, 0xff, 0x70, 0x8f, 0xff,
    0xe1, 0x2c, 0xff, 0xfe, 0x60, 0x9f, 0xff, 0xd0,
    0xcf, 0xff, 0xfb, 0x0, 0x9f, 0xe1, 0x5, 0xff,
    0xff, 0xf2, 0xef, 0xff, 0xf4, 0x6, 0xef, 0xfa,
    0x10, 0xdf, 0xff, 0xf4, 0xff, 0xff, 0xa3, 0xcf,
    0xff, 0xff, 0xf7, 0x4f, 0xff, 0xf5, 0xef, 0xff,
    0xff, 0xff, 0xfd, 0xef, 0xff, 0xff, 0xff, 0xf4,
    0xcf, 0xff, 0xff, 0xf6, 0x0, 0x3, 0xcf, 0xff,
    0xff, 0xf2, 0x8f, 0xff, 0xfe, 0x20, 0x0, 0x0,
    0xa, 0xff, 0xff, 0xe0, 0x2f, 0xff, 0xf5, 0x0,
    0x0, 0x0, 0x0, 0xef, 0xff, 0x80, 0x9, 0xff,
    0xf0, 0x0, 0x0, 0x0, 0x0, 0x9f, 0xfe, 0x0,
    0x0, 0xdf, 0xf5, 0x9c, 0xef, 0xed, 0xa6, 0xbf,
    0xf4, 0x0, 0x0, 0x1d, 0xff, 0xff, 0xff, 0xff,
    0xff, 0xff, 0x50, 0x0, 0x0, 0x0, 0xaf, 0xff,
    0xff, 0xff, 0xff, 0xd3, 0x0, 0x0, 0x0, 0x0,
    0x3, 0xae, 0xff, 0xff, 0xb6, 0x0, 0x0, 0x0,
    0x0, 0x0, 0x0, 0x0, 0x12, 0x10, 0x0, 0x0,
    0x0, 0x0,

    /* U+F684 "" */
    0x0, 0x0, 0x0, 0x0, 0x1, 0x72, 0x2, 0x61,
    0x0, 0x0, 0x0, 0x0, 0x0, 0x0, 0x0, 0x0,
    0x0, 0xcf, 0xb0, 0xcf, 0xc0, 0x0, 0x0, 0x0,
    0x0, 0x0, 0x0, 0x0, 0x0, 0x7f, 0xf8, 0x8,
    0xff, 0x70, 0x0, 0x0, 0x0, 0x0, 0x0, 0x0,
    0x0, 0x2f, 0xfe, 0x0, 0xe, 0xff, 0x20, 0x0,
    0x0, 0x0, 0x0, 0x0, 0x0, 0xc, 0xff, 0x60,
    0x0, 0x5f, 0xfc, 0x0, 0x0, 0x0, 0x0, 0x0,
    0x0, 0x6, 0xff, 0xc0, 0x0, 0x0, 0xcf, 0xf7,
    0x0, 0x0, 0x0, 0x0, 0x0, 0x2, 0xff, 0xf3,
    0x0, 0x0, 0x3, 0xff, 0xf2, 0x0, 0x0, 0x0,
    0x0, 0x0, 0xcf, 0xf9, 0x0, 0x0, 0x0, 0x9,
    0xff, 0xc0, 0x0, 0x0, 0x0, 0x0, 0x5f, 0xff,
    0x34, 0xe9, 0x9, 0xe4, 0x3f, 0xff, 0x50, 0x0,
    0x0, 0x0, 0x9, 0xff, 0xf1, 0x9f, 0xe0, 0xef,
    0x91, 0xff, 0xf9, 0x0, 0x0, 0x0, 0x0, 0xaf,
    0xff, 0x19, 0xfe, 0xe, 0xf9, 0x1f, 0xff, 0xa0,
    0x0, 0x0, 0x0, 0xa, 0xff, 0xf1, 0x9f, 0xe0,
    0xef, 0x91, 0xff, 0xfa, 0x0, 0x0, 0x0, 0x0,
    0xaf, 0xff, 0x3a, 0xfe, 0xe, 0xfa, 0x3f, 0xff,
    0xa0, 0x0, 0x0, 0x3, 0x8e, 0xff, 0xff, 0xff,
    0xe0, 0xef, 0xff, 0xff, 0xfe, 0x83, 0x0, 0x5e,
    0xff, 0xff, 0xff, 0xff, 0xfe, 0xe, 0xff, 0xff,
    0xff, 0xff, 0xfd, 0x5e, 0xff, 0xff, 0xff, 0xff,
    0xff, 0xb0, 0xbf, 0xff, 0xff, 0xff, 0xff, 0xfe,
    0xff, 0xff, 0xff, 0xff, 0xff, 0xf4, 0x4, 0xff,
    0xff, 0xff, 0xff, 0xff, 0xff, 0xff, 0xff, 0xff,
    0xff, 0xf7, 0x0, 0x7, 0xff, 0xff, 0xff, 0xff,
    0xff, 0xff, 0xff, 0xff, 0xfe, 0xa3, 0x0, 0x0,
    0x3, 0xae, 0xff, 0xff, 0xff, 0xfe, 0xff, 0xfb,
    0x72, 0x0, 0x0, 0x0, 0x0, 0x0, 0x2, 0x7b,
    0xff, 0xfe, 0x37, 0x30, 0x0, 0x0, 0x0, 0x0,
    0x0, 0x0, 0x0, 0x0, 0x0, 0x37, 0x30,

    /* U+F6BE "" */
    0x0, 0x0, 0x0, 0x0, 0x0, 0x0, 0x0, 0x0,
    0x0, 0x0, 0x0, 0x0, 0x0, 0x0, 0x0, 0x0,
    0x63, 0x0, 0x0, 0x9, 0x0, 0x0, 0x0, 0x0,
    0x0, 0x0, 0x8e, 0x30, 0x0, 0x9f, 0x49, 0x60,
    0x0, 0x0, 0x0, 0x0, 0x8f, 0xea, 0xab, 0xff,
    0xff, 0xfd, 0x10, 0x0, 0x0, 0x0, 0x8f, 0xff,
    0xff, 0xff, 0x8e, 0xff, 0x90, 0x0, 0x0, 0x0,
    0x8f, 0x6d, 0xf8, 0xcf, 0x0, 0xbf, 0xe0, 0x0,
    0x0, 0x0, 0x7f, 0xae, 0xfb, 0xef, 0x0, 0x8f,
    0xf0, 0x0, 0x5a, 0xc6, 0x3f, 0xff, 0xff, 0xfb,
    0x0, 0x8f, 0xf0, 0x3e, 0xff, 0xfd, 0x9, 0xff,
    0xff, 0xf2, 0x0, 0x8f, 0xf4, 0xff, 0xff, 0xff,
    0xb0, 0x6c, 0xda, 0x20, 0x0, 0x8f, 0xfe, 0xff,
    0xff, 0xff, 0xfd, 0x51, 0x1, 0x0, 0x0, 0x8f,
    0xff, 0xff, 0xff, 0xff, 0xff, 0xff, 0xf8, 0x0,
    0x0, 0x8f, 0xff, 0xff, 0xff, 0xff, 0xff, 0xff,
    0xf8, 0x0, 0x0, 0x8f, 0xff, 0xff, 0xff, 0xff,
    0xff, 0xaf, 0xf8, 0x0, 0x0, 0x8f, 0xff, 0xff,
    0xff, 0xff, 0xf6, 0xf, 0xf8, 0x0, 0x0, 0x8f,
    0xff, 0xff, 0xff, 0xfd, 0x20, 0xf, 0xf8, 0x0,
    0x0, 0x8f, 0xff, 0xff, 0xff, 0xa0, 0x0, 0xf,
    0xf8, 0x0, 0x0, 0x6f, 0xff, 0xff, 0xff, 0xfe,
    0x30, 0xf, 0xf8, 0x0, 0x0, 0xd, 0xff, 0xff,
    0xff, 0xff, 0x70, 0xf, 0xf7, 0x0, 0x0, 0x0,
    0x68, 0x88, 0x88, 0x87, 0x20, 0x6, 0x72, 0x0,

    /* U+F6D3 "" */
    0x0, 0x0, 0x0, 0x0, 0x0, 0x2, 0x0, 0x0,
    0x0, 0x0, 0x0, 0x0, 0x0, 0x0, 0x0, 0xe,
    0xb0, 0x0, 0x0, 0x0, 0x0, 0x0, 0x0, 0x0,
    0x0, 0xe, 0xff, 0xff, 0x50, 0x0, 0x0, 0x0,
    0x0, 0x0, 0x0, 0xe, 0xff, 0xff, 0xfc, 0xca,
    0x0, 0x0, 0x0, 0x0, 0x0, 0xe, 0xff, 0x58,
    0xff, 0xff, 0x13, 0x0, 0x0, 0x0, 0x0, 0xe,
    0xff, 0xff, 0xff, 0xfe, 0xdf, 0x50, 0x0, 0x0,
    0x0, 0xe, 0xff, 0xff, 0xff, 0xf8, 0xef, 0xb0,
    0x0, 0x0, 0x0, 0x4, 0xaf, 0xff, 0xa8, 0x40,
    0x9f, 0xfe, 0xdd, 0xdd, 0xdd, 0xb6, 0x0, 0x5b,
    0x30, 0x0, 0x1d, 0xff, 0xff, 0xff, 0xff, 0xff,
    0xfa, 0x50, 0x0, 0x0, 0x0, 0xaf, 0xff, 0xff,
    0xff, 0xff, 0xff, 0xff, 0x30, 0x0, 0x0, 0x8f,
    0xff, 0xff, 0xff, 0xff, 0xff, 0xff, 0x40, 0x0,
    0x0, 0x8f, 0xff, 0xff, 0xff, 0xff, 0xff, 0xff,
    0x40, 0x0, 0x0, 0x8f, 0xff, 0xff, 0xff, 0xff,
    0xff, 0xff, 0x40, 0x0, 0x0, 0x8f, 0xff, 0x86,
    0x66, 0x66, 0xcf, 0xff, 0x40, 0x0, 0x0, 0x8f,
    0xff, 0x20, 0x0, 0x0, 0xaf, 0xff, 0x40, 0x0,
    0x0, 0x8f, 0xff, 0x20, 0x0, 0x0, 0xaf, 0xff,
    0x40, 0x0, 0x0, 0x8f, 0xff, 0x20, 0x0, 0x0,
    0xaf, 0xff, 0x40, 0x0, 0x0, 0x7f, 0xff, 0x20,
    0x0, 0x0, 0xaf, 0xff, 0x30, 0x0, 0x0, 0x16,
    0x66, 0x0, 0x0, 0x0, 0x26, 0x66, 0x0, 0x0,

    /* U+F6E2 "" */
    0x0, 0x0, 0x1, 0x45, 0x41, 0x0, 0x0, 0x0,
    0x0, 0x3b, 0xff, 0xff, 0xfc, 0x30, 0x0, 0x0,
    0x5f, 0xff, 0xff, 0xff, 0xff, 0x70, 0x0, 0x4f,
    0xff, 0xff, 0xff, 0xff, 0xff, 0x60, 0xe, 0xff,
    0xff, 0xff, 0xff, 0xff, 0xff, 0x17, 0xff, 0xff,
    0xff, 0xff, 0xff, 0xff, 0xf8, 0xcf, 0xff, 0xff,
    0xff, 0xff, 0xff, 0xff, 0xce, 0xff, 0xe1, 0x1e,
    0xfe, 0x11, 0xef, 0xff, 0xff, 0xfd, 0x0, 0xdf,
    0xd0, 0xd, 0xff, 0xff, 0xff, 0xfc, 0xcf, 0xff,
    0xcc, 0xff, 0xff, 0xff, 0xff, 0xff, 0xff, 0xff,
    0xff, 0xff, 0xff, 0xff, 0xff, 0xff, 0xff, 0xff,
    0xff, 0xff, 0xff, 0xff, 0xff, 0xff, 0xff, 0xff,
    0xff, 0xff, 0xff, 0xff, 0xff, 0xff, 0xff, 0xff,
    0xff, 0xff, 0xff, 0xff, 0xff, 0xff, 0xff, 0xff,
    0xff, 0xff, 0xff, 0xff, 0xff, 0xff, 0xff, 0xff,
    0xff, 0xff, 0xff, 0xff, 0xff, 0xff, 0xff, 0xff,
    0xff, 0xff, 0xff, 0xff, 0xff, 0xff, 0xff, 0xfd,
    0x6f, 0xff, 0xf8, 0xff, 0xff, 0x6d, 0xf4, 0x0,
    0x4f, 0xf4, 0x4, 0xff, 0x40, 0x4, 0x0, 0x0,
    0x45, 0x0, 0x4, 0x50, 0x0, 0x0,

    /* U+F70C "" */
    0x0, 0x0, 0x0, 0x0, 0x3, 0x85, 0x0, 0x0,
    0x0, 0x0, 0x0, 0x0, 0x1, 0xff, 0xf4, 0x0,
    0x0, 0x0, 0x0, 0x0, 0x0, 0x2f, 0xff, 0x70,
    0x0, 0x0, 0x0, 0x0, 0x0, 0x0, 0xaf, 0xd1,
    0x0, 0x0, 0x0, 0x0, 0x39, 0xa7, 0x20, 0x10,
    0x0, 0x0, 0x0, 0x0, 0x9f, 0xff, 0xff, 0xd7,
    0x0, 0x0, 0x0, 0x0, 0xcf, 0xff, 0xdf, 0xff,
    0xfc, 0x0, 0x0, 0x0, 0xf, 0xfc, 0x13, 0xff,
    0xff, 0xf6, 0x0, 0x0, 0x0, 0x57, 0x0, 0x9f,
    0xff, 0xff, 0xd0, 0x0, 0x0, 0x0, 0x0, 0x1f,
    0xff, 0xfc, 0xff, 0xa8, 0x60, 0x0, 0x0, 0x6,
    0xff, 0xfe, 0x1e, 0xff, 0xff, 0x30, 0x0, 0x0,
    0x9f, 0xff, 0x80, 0x4e, 0xff, 0xc0, 0x0, 0x0,
    0x6, 0xff, 0xf9, 0x0, 0x0, 0x0, 0x0, 0x0,
    0x7, 0x9, 0xff, 0xfd, 0x40, 0x0, 0x0, 0x38,
    0x88, 0xf9, 0x3, 0xcf, 0xff, 0x40, 0x0, 0xe,
    0xff, 0xff, 0xf2, 0x0, 0x7f, 0xf7, 0x0, 0x0,
    0x9f, 0xff, 0xe7, 0x0, 0x5, 0xff, 0x30, 0x0,
    0x0, 0x0, 0x0, 0x0, 0x0, 0xbf, 0xe0, 0x0,
    0x0, 0x0, 0x0, 0x0, 0x0, 0xf, 0xfa, 0x0,
    0x0, 0x0, 0x0, 0x0, 0x0, 0x2, 0xff, 0x50,
    0x0, 0x0, 0x0, 0x0, 0x0, 0x0, 0x8, 0x80,
    0x0, 0x0, 0x0,

    /* U+F79F "" */
    0x0, 0x0, 0x0, 0x0, 0x73, 0x0, 0x0, 0x0,
    0x3, 0x70, 0x0, 0x0, 0x0, 0x0, 0x0, 0x0,
    0x0, 0xbf, 0xfc, 0x60, 0x0, 0x6c, 0xff, 0xb0,
    0x0, 0x0, 0x0, 0x0, 0x0, 0x0, 0x5f, 0xdc,
    0xff, 0xea, 0xef, 0xfc, 0xdf, 0x50, 0x0, 0x0,
    0x0, 0x0, 0x0, 0xd, 0xf4, 0x3, 0xaf, 0xff,
    0xa3, 0x4, 0xfd, 0x0, 0x0, 0x0, 0x0, 0x0,
    0x7, 0xfb, 0x0, 0x0, 0x9f, 0x90, 0x0, 0xb,
    0xf7, 0x0, 0x0, 0x0, 0x0, 0x1, 0xff, 0xe8,
    0x10, 0xd, 0xfd, 0x0, 0x18, 0xef, 0xf1, 0x0,
    0x0, 0x0, 0x0, 0xaf, 0xff, 0xff, 0xb6, 0xff,
    0xf6, 0xbf, 0xff, 0xff, 0xa0, 0x0, 0x0, 0x0,
    0x2f, 0xff, 0xff, 0xff, 0xff, 0xff, 0xff, 0xff,
    0xff, 0xff, 0x20, 0x0, 0x0, 0x6, 0xff, 0xff,
    0xff, 0xff, 0xf8, 0xff, 0xff, 0xff, 0xff, 0xf6,
    0x0, 0x0, 0x0, 0x7f, 0xff, 0xff, 0xff, 0xff,
    0x1f, 0xff, 0xff, 0xff, 0xff, 0x70, 0x0, 0x0,
    0x4, 0xff, 0xff, 0xff, 0xff, 0xb0, 0xbf, 0xff,
    0xff, 0xff, 0xf4, 0x0, 0x0, 0x0, 0xd, 0xff,
    0xff, 0xff, 0xf4, 0x4, 0xff, 0xff, 0xff, 0xfd,
    0x0, 0x0, 0x0, 0x0, 0x2e, 0xff, 0xff, 0xf8,
    0x0, 0x8, 0xff, 0xff, 0xfe, 0x20, 0x0, 0x0,
    0x0, 0x0, 0xcf, 0xfd, 0xb4, 0x0, 0x0, 0x4,
    0xbd, 0xff, 0xc0, 0x0, 0x0, 0x0, 0x0, 0x2f,
    0xf8, 0x0, 0x0, 0x0, 0x0, 0x0, 0x8, 0xff,
    0x20, 0x0, 0x0, 0x0, 0x8, 0xff, 0x20, 0x0,
    0x0, 0x0, 0x0, 0x0, 0x2f, 0xf8, 0x0, 0x0,
    0x2, 0x73, 0xef, 0xc0, 0x0, 0x0, 0x0, 0x0,
    0x0, 0x0, 0xcf, 0xe3, 0x72, 0x0, 0xdf, 0xff,
    0xf6, 0x0, 0x0, 0x0, 0x0, 0x0, 0x0, 0x6,
    0xff, 0xff, 0xd0, 0x0, 0x6c, 0xff, 0xe6, 0x0,
    0x0, 0x0, 0x0, 0x0, 0x6, 0xef, 0xfc, 0x60,
    0x0, 0x0, 0x3, 0xaf, 0xf0, 0x0, 0x0, 0x0,
    0x0, 0x0, 0xff, 0xa3, 0x0, 0x0, 0x0, 0x0,
    0x0, 0x16, 0x0, 0x0, 0x0, 0x0, 0x0, 0x6,
    0x10, 0x0, 0x0, 0x0,

    /* U+F7A9 "" */
    0x0, 0x0, 0x2, 0x31, 0x0, 0x0, 0x0, 0x13,
    0x20, 0x0, 0x0, 0x0, 0x6, 0xef, 0xff, 0xb1,
    0x0, 0xb, 0xff, 0xfe, 0x70, 0x0, 0x0, 0x9f,
    0xff, 0xff, 0xf8, 0x0, 0xe, 0xff, 0xff, 0xf9,
    0x0, 0x5, 0xff, 0xff, 0xff, 0xfd, 0x0, 0x9,
    0xff, 0xff, 0xff, 0x50, 0xc, 0xff, 0xff, 0xff,
    0xff, 0x20, 0x4, 0xff, 0xff, 0xff, 0xb0, 0xf,
    0xff, 0xff, 0xff, 0xfb, 0x10, 0x0, 0xff, 0xff,
    0xff, 0xf0, 0xf, 0xff, 0xff, 0xfe, 0x60, 0x0,
    0x2c, 0xff, 0xff, 0xff, 0xf0, 0xc, 0xff, 0xff,
    0xe1, 0x0, 0x7, 0xff, 0xff, 0xff, 0xff, 0xc0,
    0x6, 0xff, 0xff, 0xf8, 0x0, 0x7f, 0xff, 0xff,
    0xff, 0xff, 0x60, 0x0, 0xbf, 0xff, 0xff, 0x80,
    0x2f, 0xff, 0xff, 0xff, 0xfb, 0x0, 0x0, 0xc,
    0xff, 0xff, 0xf8, 0xc, 0xff, 0xff, 0xff, 0xc0,
    0x0, 0x0, 0x0, 0xcf, 0xff, 0xff, 0x86, 0xff,
    0xff, 0xfc, 0x0, 0x0, 0x0, 0x0, 0x1d, 0xff,
    0xff, 0xf9, 0xff, 0xff, 0xd1, 0x0, 0x0, 0x0,
    0x0, 0x1, 0xdf, 0xff, 0xff, 0xff, 0xfd, 0x10,
    0x0, 0x0, 0x0, 0x0, 0x0, 0x1d, 0xff, 0xff,
    0xff, 0xd1, 0x0, 0x0, 0x0, 0x0, 0x0, 0x0,
    0x1, 0xdf, 0xff, 0xfe, 0x10, 0x0, 0x0, 0x0,
    0x0, 0x0, 0x0, 0x0, 0x2e, 0xff, 0xe2, 0x0,
    0x0, 0x0, 0x0, 0x0, 0x0, 0x0, 0x0, 0x2,
    0xee, 0x20, 0x0, 0x0, 0x0, 0x0, 0x0, 0x0,
    0x0, 0x0, 0x0, 0x11, 0x0, 0x0, 0x0, 0x0,
    0x0,

    /* U+F7C2 "" */
    0x0, 0x0, 0x28, 0x88, 0x88, 0x88, 0x73, 0x0,
    0x0, 0x2e, 0xff, 0xff, 0xff, 0xff, 0xf6, 0x0,
    0x1d, 0xff, 0xff, 0xff, 0xff, 0xff, 0xe0, 0x1d,
    0xf6, 0xe, 0x50, 0xd6, 0x8, 0xff, 0x1d, 0xff,
    0x60, 0xe5, 0xd, 0x60, 0x8f, 0xfc, 0xff, 0xf6,
    0xe, 0x50, 0xd6, 0x8, 0xff, 0xff, 0xff, 0x60,
    0xe5, 0xd, 0x60, 0x8f, 0xff, 0xff, 0xff, 0xff,
    0xff, 0xff, 0xff, 0xff, 0xff, 0xff, 0xff, 0xff,
    0xff, 0xff, 0xff, 0xff, 0xff, 0xff, 0xff, 0xff,
    0xff, 0xff, 0xff, 0xff, 0xff, 0xff, 0xff, 0xff,
    0xff, 0xff, 0xff, 0xff, 0xff, 0xff, 0xff, 0xff,
    0xff, 0xff, 0xff, 0xff, 0xff, 0xff, 0xff, 0xff,
    0xff, 0xff, 0xff, 0xff, 0xff, 0xff, 0xff, 0xff,
    0xff, 0xff, 0xff, 0xff, 0xff, 0xff, 0xff, 0xff,
    0xff, 0xff, 0xff, 0xff, 0xff, 0xff, 0xff, 0xff,
    0xff, 0xff, 0xff, 0xff, 0xff, 0xff, 0xff, 0xff,
    0xff, 0xff, 0xff, 0xff, 0xff, 0xff, 0xff, 0xff,
    0xff, 0xff, 0xff, 0xff, 0xff, 0xff, 0xe9, 0xff,
    0xff, 0xff, 0xff, 0xff, 0xff, 0xf8, 0x7, 0xab,
    0xbb, 0xbb, 0xbb, 0xbb, 0xa6, 0x0,

    /* U+F8A2 "" */
    0x0, 0x0, 0x0, 0x0, 0x0, 0x0, 0x0, 0x0,
    0x0, 0x7, 0x0, 0x0, 0x0, 0x0, 0x0, 0x0,
    0x0, 0x0, 0x0, 0xa, 0xf1, 0x0, 0x0, 0x1,
    0x0, 0x0, 0x0, 0x0, 0x0, 0xa, 0xff, 0x10,
    0x0, 0xa, 0xf3, 0x0, 0x0, 0x0, 0x0, 0x0,
    0xff, 0xf1, 0x0, 0xb, 0xff, 0x50, 0x0, 0x0,
    0x0, 0x0, 0xf, 0xff, 0x10, 0xc, 0xff, 0xf5,
    0x0, 0x0, 0x0, 0x0, 0x0, 0xff, 0xf1, 0x1c,
    0xff, 0xff, 0xcb, 0xbb, 0xbb, 0xbb, 0xbb, 0xbf,
    0xff, 0x1c, 0xff, 0xff, 0xff, 0xff, 0xff, 0xff,
    0xff, 0xff, 0xff, 0xf1, 0x9f, 0xff, 0xff, 0xff,
    0xff, 0xff, 0xff, 0xff, 0xff, 0xff, 0x0, 0x9f,
    0xff, 0xf9, 0x66, 0x66, 0x66, 0x66, 0x66, 0x66,
    0x40, 0x0, 0x8f, 0xff, 0x50, 0x0, 0x0, 0x0,
    0x0, 0x0, 0x0, 0x0, 0x0, 0x7f, 0xf5, 0x0,
    0x0, 0x0, 0x0, 0x0, 0x0, 0x0, 0x0, 0x0,
    0x5c, 0x10, 0x0, 0x0, 0x0, 0x0, 0x0, 0x0,
    0x0
};


/*---------------------
 *  GLYPH DESCRIPTION
 *--------------------*/

static const lv_font_fmt_txt_glyph_dsc_t glyph_dsc[] = {
    {.bitmap_index = 0, .adv_w = 0, .box_w = 0, .box_h = 0, .ofs_x = 0, .ofs_y = 0} /* id = 0 reserved */,
    {.bitmap_index = 0, .adv_w = 85, .box_w = 0, .box_h = 0, .ofs_x = 0, .ofs_y = 0},
    {.bitmap_index = 0, .adv_w = 97, .box_w = 4, .box_h = 14, .ofs_x = 1, .ofs_y = 0},
    {.bitmap_index = 28, .adv_w = 158, .box_w = 6, .box_h = 6, .ofs_x = 2, .ofs_y = 8},
    {.bitmap_index = 46, .adv_w = 204, .box_w = 13, .box_h = 14, .ofs_x = 0, .ofs_y = 0},
    {.bitmap_index = 137, .adv_w = 207, .box_w = 11, .box_h = 19, .ofs_x = 1, .ofs_y = -2},
    {.bitmap_index = 242, .adv_w = 318, .box_w = 16, .box_h = 14, .ofs_x = 2, .ofs_y = 0},
    {.bitmap_index = 354, .adv_w = 209, .box_w = 13, .box_h = 14, .ofs_x = 0, .ofs_y = 0},
    {.bitmap_index = 445, .adv_w = 100, .box_w = 3, .box_h = 6, .ofs_x = 2, .ofs_y = 8},
    {.bitmap_index = 454, .adv_w = 118, .box_w = 6, .box_h = 19, .ofs_x = 1, .ofs_y = -3},
    {.bitmap_index = 511, .adv_w = 118, .box_w = 6, .box_h = 19, .ofs_x = 0, .ofs_y = -3},
    {.bitmap_index = 568, .adv_w = 167, .box_w = 9, .box_h = 9, .ofs_x = 1, .ofs_y = 5},
    {.bitmap_index = 609, .adv_w = 214, .box_w = 11, .box_h = 10, .ofs_x = 1, .ofs_y = 1},
    {.bitmap_index = 664, .adv_w = 97, .box_w = 4, .box_h = 6, .ofs_x = 1, .ofs_y = -4},
    {.bitmap_index = 676, .adv_w = 148, .box_w = 7, .box_h = 2, .ofs_x = 1, .ofs_y = 5},
    {.bitmap_index = 683, .adv_w = 97, .box_w = 4, .box_h = 3, .ofs_x = 1, .ofs_y = 0},
    {.bitmap_index = 689, .adv_w = 118, .box_w = 7, .box_h = 18, .ofs_x = 0, .ofs_y = -2},
    {.bitmap_index = 752, .adv_w = 207, .box_w = 11, .box_h = 14, .ofs_x = 1, .ofs_y = 0},
    {.bitmap_index = 829, .adv_w = 133, .box_w = 7, .box_h = 14, .ofs_x = 0, .ofs_y = 0},
    {.bitmap_index = 878, .adv_w = 197, .box_w = 11, .box_h = 14, .ofs_x = 1, .ofs_y = 0},
    {.bitmap_index = 955, .adv_w = 201, .box_w = 11, .box_h = 14, .ofs_x = 1, .ofs_y = 0},
    {.bitmap_index = 1032, .adv_w = 210, .box_w = 12, .box_h = 14, .ofs_x = 1, .ofs_y = 0},
    {.bitmap_index = 1116, .adv_w = 193, .box_w = 10, .box_h = 14, .ofs_x = 1, .ofs_y = 0},
    {.bitmap_index = 1186, .adv_w = 202, .box_w = 11, .box_h = 14, .ofs_x = 1, .ofs_y = 0},
    {.bitmap_index = 1263, .adv_w = 183, .box_w = 11, .box_h = 14, .ofs_x = 0, .ofs_y = 0},
    {.bitmap_index = 1340, .adv_w = 201, .box_w = 11, .box_h = 14, .ofs_x = 1, .ofs_y = 0},
    {.bitmap_index = 1417, .adv_w = 202, .box_w = 11, .box_h = 14, .ofs_x = 1, .ofs_y = 0},
    {.bitmap_index = 1494, .adv_w = 97, .box_w = 4, .box_h = 11, .ofs_x = 1, .ofs_y = 0},
    {.bitmap_index = 1516, .adv_w = 101, .box_w = 4, .box_h = 14, .ofs_x = 1, .ofs_y = -4},
    {.bitmap_index = 1544, .adv_w = 214, .box_w = 11, .box_h = 12, .ofs_x = 1, .ofs_y = 0},
    {.bitmap_index = 1610, .adv_w = 214, .box_w = 10, .box_h = 6, .ofs_x = 2, .ofs_y = 3},
    {.bitmap_index = 1640, .adv_w = 214, .box_w = 10, .box_h = 12, .ofs_x = 2, .ofs_y = 0},
    {.bitmap_index = 1700, .adv_w = 169, .box_w = 10, .box_h = 14, .ofs_x = 0, .ofs_y = 0},
    {.bitmap_index = 1770, .adv_w = 314, .box_w = 18, .box_h = 18, .ofs_x = 1, .ofs_y = -4},
    {.bitmap_index = 1932, .adv_w = 227, .box_w = 14, .box_h = 14, .ofs_x = 0, .ofs_y = 0},
    {.bitmap_index = 2030, .adv_w = 210, .box_w = 12, .box_h = 14, .ofs_x = 1, .ofs_y = 0},
    {.bitmap_index = 2114, .adv_w = 235, .box_w = 13, .box_h = 14, .ofs_x = 1, .ofs_y = 0},
    {.bitmap_index = 2205, .adv_w = 231, .box_w = 13, .box_h = 14, .ofs_x = 1, .ofs_y = 0},
    {.bitmap_index = 2296, .adv_w = 193, .box_w = 10, .box_h = 14, .ofs_x = 1, .ofs_y = 0},
    {.bitmap_index = 2366, .adv_w = 189, .box_w = 10, .box_h = 14, .ofs_x = 1, .ofs_y = 0},
    {.bitmap_index = 2436, .adv_w = 239, .box_w = 13, .box_h = 14, .ofs_x = 1, .ofs_y = 0},
    {.bitmap_index = 2527, .adv_w = 238, .box_w = 13, .box_h = 14, .ofs_x = 1, .ofs_y = 0},
    {.bitmap_index = 2618, .adv_w = 87, .box_w = 3, .box_h = 14, .ofs_x = 1, .ofs_y = 0},
    {.bitmap_index = 2639, .adv_w = 184, .box_w = 10, .box_h = 14, .ofs_x = 0, .ofs_y = 0},
    {.bitmap_index = 2709, .adv_w = 220, .box_w = 13, .box_h = 14, .ofs_x = 1, .ofs_y = 0},
    {.bitmap_index = 2800, .adv_w = 181, .box_w = 10, .box_h = 14, .ofs_x = 1, .ofs_y = 0},
    {.bitmap_index = 2870, .adv_w = 292, .box_w = 16, .box_h = 14, .ofs_x = 1, .ofs_y = 0},
    {.bitmap_index = 2982, .adv_w = 242, .box_w = 13, .box_h = 14, .ofs_x = 1, .ofs_y = 0},
    {.bitmap_index = 3073, .adv_w = 245, .box_w = 14, .box_h = 14, .ofs_x = 1, .ofs_y = 0},
    {.bitmap_index = 3171, .adv_w = 205, .box_w = 11, .box_h = 14, .ofs_x = 1, .ofs_y = 0},
    {.bitmap_index = 3248, .adv_w = 246, .box_w = 14, .box_h = 15, .ofs_x = 1, .ofs_y = -1},
    {.bitmap_index = 3353, .adv_w = 207, .box_w = 12, .box_h = 14, .ofs_x = 1, .ofs_y = 0},
    {.bitmap_index = 3437, .adv_w = 207, .box_w = 11, .box_h = 14, .ofs_x = 1, .ofs_y = 0},
    {.bitmap_index = 3514, .adv_w = 209, .box_w = 13, .box_h = 14, .ofs_x = 0, .ofs_y = 0},
    {.bitmap_index = 3605, .adv_w = 237, .box_w = 13, .box_h = 14, .ofs_x = 1, .ofs_y = 0},
    {.bitmap_index = 3696, .adv_w = 227, .box_w = 14, .box_h = 14, .ofs_x = 0, .ofs_y = 0},
    {.bitmap_index = 3794, .adv_w = 321, .box_w = 20, .box_h = 14, .ofs_x = 0, .ofs_y = 0},
    {.bitmap_index = 3934, .adv_w = 224, .box_w = 14, .box_h = 14, .ofs_x = 0, .ofs_y = 0},
    {.bitmap_index = 4032, .adv_w = 223, .box_w = 14, .box_h = 14, .ofs_x = 0, .ofs_y = 0},
    {.bitmap_index = 4130, .adv_w = 205, .box_w = 11, .box_h = 14, .ofs_x = 1, .ofs_y = 0},
    {.bitmap_index = 4207, .adv_w = 118, .box_w = 5, .box_h = 18, .ofs_x = 2, .ofs_y = -3},
    {.bitmap_index = 4252, .adv_w = 118, .box_w = 7, .box_h = 18, .ofs_x = 0, .ofs_y = -2},
    {.bitmap_index = 4315, .adv_w = 118, .box_w = 5, .box_h = 18, .ofs_x = 1, .ofs_y = -3},
    {.bitmap_index = 4360, .adv_w = 153, .box_w = 9, .box_h = 6, .ofs_x = 0, .ofs_y = 8},
    {.bitmap_index = 4387, .adv_w = 148, .box_w = 10, .box_h = 2, .ofs_x = 0, .ofs_y = -2},
    {.bitmap_index = 4397, .adv_w = 108, .box_w = 5, .box_h = 3, .ofs_x = 1, .ofs_y = 12},
    {.bitmap_index = 4405, .adv_w = 182, .box_w = 10, .box_h = 11, .ofs_x = 0, .ofs_y = 0},
    {.bitmap_index = 4460, .adv_w = 198, .box_w = 11, .box_h = 14, .ofs_x = 1, .ofs_y = 0},
    {.bitmap_index = 4537, .adv_w = 185, .box_w = 11, .box_h = 11, .ofs_x = 0, .ofs_y = 0},
    {.bitmap_index = 4598, .adv_w = 198, .box_w = 11, .box_h = 14, .ofs_x = 0, .ofs_y = 0},
    {.bitmap_index = 4675, .adv_w = 188, .box_w = 11, .box_h = 11, .ofs_x = 0, .ofs_y = 0},
    {.bitmap_index = 4736, .adv_w = 121, .box_w = 8, .box_h = 15, .ofs_x = 0, .ofs_y = 0},
    {.bitmap_index = 4796, .adv_w = 198, .box_w = 11, .box_h = 15, .ofs_x = 0, .ofs_y = -4},
    {.bitmap_index = 4879, .adv_w = 193, .box_w = 10, .box_h = 14, .ofs_x = 1, .ofs_y = 0},
    {.bitmap_index = 4949, .adv_w = 81, .box_w = 3, .box_h = 15, .ofs_x = 1, .ofs_y = 0},
    {.bitmap_index = 4972, .adv_w = 81, .box_w = 5, .box_h = 19, .ofs_x = -1, .ofs_y = -4},
    {.bitmap_index = 5020, .adv_w = 179, .box_w = 10, .box_h = 14, .ofs_x = 1, .ofs_y = 0},
    {.bitmap_index = 5090, .adv_w = 81, .box_w = 3, .box_h = 14, .ofs_x = 1, .ofs_y = 0},
    {.bitmap_index = 5111, .adv_w = 284, .box_w = 16, .box_h = 11, .ofs_x = 1, .ofs_y = 0},
    {.bitmap_index = 5199, .adv_w = 193, .box_w = 10, .box_h = 11, .ofs_x = 1, .ofs_y = 0},
    {.bitmap_index = 5254, .adv_w = 193, .box_w = 12, .box_h = 11, .ofs_x = 0, .ofs_y = 0},
    {.bitmap_index = 5320, .adv_w = 198, .box_w = 11, .box_h = 15, .ofs_x = 1, .ofs_y = -4},
    {.bitmap_index = 5403, .adv_w = 198, .box_w = 11, .box_h = 15, .ofs_x = 0, .ofs_y = -4},
    {.bitmap_index = 5486, .adv_w = 124, .box_w = 7, .box_h = 11, .ofs_x = 1, .ofs_y = 0},
    {.bitmap_index = 5525, .adv_w = 172, .box_w = 10, .box_h = 11, .ofs_x = 0, .ofs_y = 0},
    {.bitmap_index = 5580, .adv_w = 109, .box_w = 7, .box_h = 14, .ofs_x = 0, .ofs_y = 0},
    {.bitmap_index = 5629, .adv_w = 193, .box_w = 10, .box_h = 11, .ofs_x = 1, .ofs_y = 0},
    {.bitmap_index = 5684, .adv_w = 184, .box_w = 12, .box_h = 11, .ofs_x = 0, .ofs_y = 0},
    {.bitmap_index = 5750, .adv_w = 265, .box_w = 17, .box_h = 11, .ofs_x = 0, .ofs_y = 0},
    {.bitmap_index = 5844, .adv_w = 178, .box_w = 11, .box_h = 11, .ofs_x = 0, .ofs_y = 0},
    {.bitmap_index = 5905, .adv_w = 184, .box_w = 12, .box_h = 15, .ofs_x = 0, .ofs_y = -4},
    {.bitmap_index = 5995, .adv_w = 179, .box_w = 9, .box_h = 11, .ofs_x = 1, .ofs_y = 0},
    {.bitmap_index = 6045, .adv_w = 141, .box_w = 7, .box_h = 19, .ofs_x = 1, .ofs_y = -4},
    {.bitmap_index = 6112, .adv_w = 111, .box_w = 3, .box_h = 24, .ofs_x = 2, .ofs_y = -5},
    {.bitmap_index = 6148, .adv_w = 141, .box_w = 7, .box_h = 19, .ofs_x = 1, .ofs_y = -4},
    {.bitmap_index = 6215, .adv_w = 214, .box_w = 11, .box_h = 4, .ofs_x = 1, .ofs_y = 4},
    {.bitmap_index = 6237, .adv_w = 85, .box_w = 0, .box_h = 0, .ofs_x = 0, .ofs_y = 0},
    {.bitmap_index = 6237, .adv_w = 97, .box_w = 4, .box_h = 15, .ofs_x = 1, .ofs_y = -4},
    {.bitmap_index = 6267, .adv_w = 185, .box_w = 11, .box_h = 14, .ofs_x = 0, .ofs_y = 0},
    {.bitmap_index = 6344, .adv_w = 198, .box_w = 11, .box_h = 14, .ofs_x = 1, .ofs_y = 0},
    {.bitmap_index = 6421, .adv_w = 236, .box_w = 13, .box_h = 13, .ofs_x = 1, .ofs_y = 0},
    {.bitmap_index = 6506, .adv_w = 178, .box_w = 11, .box_h = 14, .ofs_x = 0, .ofs_y = 0},
    {.bitmap_index = 6583, .adv_w = 94, .box_w = 3, .box_h = 17, .ofs_x = 1, .ofs_y = -3},
    {.bitmap_index = 6609, .adv_w = 182, .box_w = 10, .box_h = 18, .ofs_x = 1, .ofs_y = -4},
    {.bitmap_index = 6699, .adv_w = 193, .box_w = 8, .box_h = 3, .ofs_x = 2, .ofs_y = 13},
    {.bitmap_index = 6711, .adv_w = 293, .box_w = 16, .box_h = 15, .ofs_x = 1, .ofs_y = 0},
    {.bitmap_index = 6831, .adv_w = 146, .box_w = 9, .box_h = 8, .ofs_x = 0, .ofs_y = 7},
    {.bitmap_index = 6867, .adv_w = 195, .box_w = 12, .box_h = 10, .ofs_x = 0, .ofs_y = 1},
    {.bitmap_index = 6927, .adv_w = 214, .box_w = 9, .box_h = 5, .ofs_x = 2, .ofs_y = 3},
    {.bitmap_index = 6950, .adv_w = 213, .box_w = 13, .box_h = 13, .ofs_x = 0, .ofs_y = 3},
    {.bitmap_index = 7035, .adv_w = 149, .box_w = 7, .box_h = 2, .ofs_x = 1, .ofs_y = 13},
    {.bitmap_index = 7042, .adv_w = 146, .box_w = 7, .box_h = 7, .ofs_x = 1, .ofs_y = 8},
    {.bitmap_index = 7067, .adv_w = 214, .box_w = 11, .box_h = 10, .ofs_x = 1, .ofs_y = 1},
    {.bitmap_index = 7122, .adv_w = 143, .box_w = 7, .box_h = 8, .ofs_x = 1, .ofs_y = 9},
    {.bitmap_index = 7150, .adv_w = 145, .box_w = 9, .box_h = 8, .ofs_x = 0, .ofs_y = 9},
    {.bitmap_index = 7186, .adv_w = 108, .box_w = 5, .box_h = 3, .ofs_x = 1, .ofs_y = 12},
    {.bitmap_index = 7194, .adv_w = 192, .box_w = 11, .box_h = 15, .ofs_x = 1, .ofs_y = -4},
    {.bitmap_index = 7277, .adv_w = 192, .box_w = 11, .box_h = 14, .ofs_x = 0, .ofs_y = 0},
    {.bitmap_index = 7354, .adv_w = 97, .box_w = 4, .box_h = 3, .ofs_x = 1, .ofs_y = 5},
    {.bitmap_index = 7360, .adv_w = 96, .box_w = 5, .box_h = 6, .ofs_x = 1, .ofs_y = -5},
    {.bitmap_index = 7375, .adv_w = 100, .box_w = 5, .box_h = 8, .ofs_x = 1, .ofs_y = 9},
    {.bitmap_index = 7395, .adv_w = 155, .box_w = 9, .box_h = 8, .ofs_x = 0, .ofs_y = 7},
    {.bitmap_index = 7431, .adv_w = 195, .box_w = 12, .box_h = 10, .ofs_x = 0, .ofs_y = 1},
    {.bitmap_index = 7491, .adv_w = 261, .box_w = 16, .box_h = 15, .ofs_x = 0, .ofs_y = -1},
    {.bitmap_index = 7611, .adv_w = 275, .box_w = 17, .box_h = 16, .ofs_x = 0, .ofs_y = -1},
    {.bitmap_index = 7747, .adv_w = 286, .box_w = 18, .box_h = 16, .ofs_x = 0, .ofs_y = -1},
    {.bitmap_index = 7891, .adv_w = 169, .box_w = 10, .box_h = 15, .ofs_x = 0, .ofs_y = -4},
    {.bitmap_index = 7966, .adv_w = 227, .box_w = 14, .box_h = 19, .ofs_x = 0, .ofs_y = 0},
    {.bitmap_index = 8099, .adv_w = 227, .box_w = 14, .box_h = 19, .ofs_x = 0, .ofs_y = 0},
    {.bitmap_index = 8232, .adv_w = 227, .box_w = 14, .box_h = 19, .ofs_x = 0, .ofs_y = 0},
    {.bitmap_index = 8365, .adv_w = 227, .box_w = 14, .box_h = 19, .ofs_x = 0, .ofs_y = 0},
    {.bitmap_index = 8498, .adv_w = 227, .box_w = 14, .box_h = 19, .ofs_x = 0, .ofs_y = 0},
    {.bitmap_index = 8631, .adv_w = 227, .box_w = 14, .box_h = 21, .ofs_x = 0, .ofs_y = 0},
    {.bitmap_index = 8778, .adv_w = 321, .box_w = 19, .box_h = 14, .ofs_x = 0, .ofs_y = 0},
    {.bitmap_index = 8911, .adv_w = 235, .box_w = 13, .box_h = 18, .ofs_x = 1, .ofs_y = -4},
    {.bitmap_index = 9028, .adv_w = 193, .box_w = 10, .box_h = 19, .ofs_x = 1, .ofs_y = 0},
    {.bitmap_index = 9123, .adv_w = 193, .box_w = 10, .box_h = 19, .ofs_x = 1, .ofs_y = 0},
    {.bitmap_index = 9218, .adv_w = 193, .box_w = 10, .box_h = 19, .ofs_x = 1, .ofs_y = 0},
    {.bitmap_index = 9313, .adv_w = 193, .box_w = 10, .box_h = 19, .ofs_x = 1, .ofs_y = 0},
    {.bitmap_index = 9408, .adv_w = 87, .box_w = 4, .box_h = 19, .ofs_x = 0, .ofs_y = 0},
    {.bitmap_index = 9446, .adv_w = 87, .box_w = 5, .box_h = 19, .ofs_x = 1, .ofs_y = 0},
    {.bitmap_index = 9494, .adv_w = 87, .box_w = 8, .box_h = 19, .ofs_x = -1, .ofs_y = 0},
    {.bitmap_index = 9570, .adv_w = 87, .box_w = 8, .box_h = 19, .ofs_x = -1, .ofs_y = 0},
    {.bitmap_index = 9646, .adv_w = 238, .box_w = 14, .box_h = 14, .ofs_x = 0, .ofs_y = 0},
    {.bitmap_index = 9744, .adv_w = 242, .box_w = 13, .box_h = 19, .ofs_x = 1, .ofs_y = 0},
    {.bitmap_index = 9868, .adv_w = 245, .box_w = 14, .box_h = 19, .ofs_x = 1, .ofs_y = 0},
    {.bitmap_index = 10001, .adv_w = 245, .box_w = 14, .box_h = 19, .ofs_x = 1, .ofs_y = 0},
    {.bitmap_index = 10134, .adv_w = 245, .box_w = 14, .box_h = 19, .ofs_x = 1, .ofs_y = 0},
    {.bitmap_index = 10267, .adv_w = 245, .box_w = 14, .box_h = 20, .ofs_x = 1, .ofs_y = 0},
    {.bitmap_index = 10407, .adv_w = 245, .box_w = 14, .box_h = 19, .ofs_x = 1, .ofs_y = 0},
    {.bitmap_index = 10540, .adv_w = 214, .box_w = 11, .box_h = 11, .ofs_x = 1, .ofs_y = 0},
    {.bitmap_index = 10601, .adv_w = 245, .box_w = 14, .box_h = 16, .ofs_x = 1, .ofs_y = -1},
    {.bitmap_index = 10713, .adv_w = 237, .box_w = 13, .box_h = 19, .ofs_x = 1, .ofs_y = 0},
    {.bitmap_index = 10837, .adv_w = 237, .box_w = 13, .box_h = 19, .ofs_x = 1, .ofs_y = 0},
    {.bitmap_index = 10961, .adv_w = 237, .box_w = 13, .box_h = 19, .ofs_x = 1, .ofs_y = 0},
    {.bitmap_index = 11085, .adv_w = 237, .box_w = 13, .box_h = 19, .ofs_x = 1, .ofs_y = 0},
    {.bitmap_index = 11209, .adv_w = 223, .box_w = 14, .box_h = 19, .ofs_x = 0, .ofs_y = 0},
    {.bitmap_index = 11342, .adv_w = 207, .box_w = 11, .box_h = 14, .ofs_x = 1, .ofs_y = 0},
    {.bitmap_index = 11419, .adv_w = 202, .box_w = 11, .box_h = 14, .ofs_x = 1, .ofs_y = 0},
    {.bitmap_index = 11496, .adv_w = 182, .box_w = 10, .box_h = 15, .ofs_x = 0, .ofs_y = 0},
    {.bitmap_index = 11571, .adv_w = 182, .box_w = 10, .box_h = 15, .ofs_x = 0, .ofs_y = 0},
    {.bitmap_index = 11646, .adv_w = 182, .box_w = 10, .box_h = 16, .ofs_x = 0, .ofs_y = 0},
    {.bitmap_index = 11726, .adv_w = 182, .box_w = 10, .box_h = 15, .ofs_x = 0, .ofs_y = 0},
    {.bitmap_index = 11801, .adv_w = 182, .box_w = 10, .box_h = 15, .ofs_x = 0, .ofs_y = 0},
    {.bitmap_index = 11876, .adv_w = 182, .box_w = 10, .box_h = 18, .ofs_x = 0, .ofs_y = 0},
    {.bitmap_index = 11966, .adv_w = 293, .box_w = 18, .box_h = 11, .ofs_x = 0, .ofs_y = 0},
    {.bitmap_index = 12065, .adv_w = 185, .box_w = 11, .box_h = 15, .ofs_x = 0, .ofs_y = -4},
    {.bitmap_index = 12148, .adv_w = 188, .box_w = 11, .box_h = 15, .ofs_x = 0, .ofs_y = 0},
    {.bitmap_index = 12231, .adv_w = 188, .box_w = 11, .box_h = 15, .ofs_x = 0, .ofs_y = 0},
    {.bitmap_index = 12314, .adv_w = 188, .box_w = 11, .box_h = 16, .ofs_x = 0, .ofs_y = 0},
    {.bitmap_index = 12402, .adv_w = 188, .box_w = 11, .box_h = 15, .ofs_x = 0, .ofs_y = 0},
    {.bitmap_index = 12485, .adv_w = 81, .box_w = 5, .box_h = 15, .ofs_x = -1, .ofs_y = 0},
    {.bitmap_index = 12523, .adv_w = 81, .box_w = 5, .box_h = 15, .ofs_x = 1, .ofs_y = 0},
    {.bitmap_index = 12561, .adv_w = 81, .box_w = 7, .box_h = 15, .ofs_x = -1, .ofs_y = 0},
    {.bitmap_index = 12614, .adv_w = 81, .box_w = 7, .box_h = 15, .ofs_x = -1, .ofs_y = 0},
    {.bitmap_index = 12667, .adv_w = 188, .box_w = 11, .box_h = 16, .ofs_x = 0, .ofs_y = 0},
    {.bitmap_index = 12755, .adv_w = 193, .box_w = 10, .box_h = 15, .ofs_x = 1, .ofs_y = 0},
    {.bitmap_index = 12830, .adv_w = 193, .box_w = 12, .box_h = 15, .ofs_x = 0, .ofs_y = 0},
    {.bitmap_index = 12920, .adv_w = 193, .box_w = 12, .box_h = 15, .ofs_x = 0, .ofs_y = 0},
    {.bitmap_index = 13010, .adv_w = 193, .box_w = 12, .box_h = 16, .ofs_x = 0, .ofs_y = 0},
    {.bitmap_index = 13106, .adv_w = 193, .box_w = 12, .box_h = 15, .ofs_x = 0, .ofs_y = 0},
    {.bitmap_index = 13196, .adv_w = 193, .box_w = 12, .box_h = 15, .ofs_x = 0, .ofs_y = 0},
    {.bitmap_index = 13286, .adv_w = 214, .box_w = 11, .box_h = 10, .ofs_x = 1, .ofs_y = 1},
    {.bitmap_index = 13341, .adv_w = 193, .box_w = 12, .box_h = 13, .ofs_x = 0, .ofs_y = -1},
    {.bitmap_index = 13419, .adv_w = 193, .box_w = 10, .box_h = 15, .ofs_x = 1, .ofs_y = 0},
    {.bitmap_index = 13494, .adv_w = 193, .box_w = 10, .box_h = 15, .ofs_x = 1, .ofs_y = 0},
    {.bitmap_index = 13569, .adv_w = 193, .box_w = 10, .box_h = 16, .ofs_x = 1, .ofs_y = 0},
    {.bitmap_index = 13649, .adv_w = 193, .box_w = 10, .box_h = 15, .ofs_x = 1, .ofs_y = 0},
    {.bitmap_index = 13724, .adv_w = 184, .box_w = 12, .box_h = 19, .ofs_x = 0, .ofs_y = -4},
    {.bitmap_index = 13838, .adv_w = 198, .box_w = 11, .box_h = 18, .ofs_x = 1, .ofs_y = -4},
    {.bitmap_index = 13937, .adv_w = 184, .box_w = 12, .box_h = 19, .ofs_x = 0, .ofs_y = -4},
    {.bitmap_index = 14051, .adv_w = 227, .box_w = 14, .box_h = 18, .ofs_x = 0, .ofs_y = 0},
    {.bitmap_index = 14177, .adv_w = 182, .box_w = 10, .box_h = 14, .ofs_x = 0, .ofs_y = 0},
    {.bitmap_index = 14247, .adv_w = 227, .box_w = 14, .box_h = 19, .ofs_x = 0, .ofs_y = 0},
    {.bitmap_index = 14380, .adv_w = 182, .box_w = 10, .box_h = 16, .ofs_x = 0, .ofs_y = 0},
    {.bitmap_index = 14460, .adv_w = 227, .box_w = 15, .box_h = 18, .ofs_x = 0, .ofs_y = -4},
    {.bitmap_index = 14595, .adv_w = 182, .box_w = 11, .box_h = 15, .ofs_x = 0, .ofs_y = -4},
    {.bitmap_index = 14678, .adv_w = 235, .box_w = 13, .box_h = 19, .ofs_x = 1, .ofs_y = 0},
    {.bitmap_index = 14802, .adv_w = 185, .box_w = 11, .box_h = 15, .ofs_x = 0, .ofs_y = 0},
    {.bitmap_index = 14885, .adv_w = 235, .box_w = 13, .box_h = 19, .ofs_x = 1, .ofs_y = 0},
    {.bitmap_index = 15009, .adv_w = 185, .box_w = 11, .box_h = 16, .ofs_x = 0, .ofs_y = 0},
    {.bitmap_index = 15097, .adv_w = 235, .box_w = 13, .box_h = 19, .ofs_x = 1, .ofs_y = 0},
    {.bitmap_index = 15221, .adv_w = 185, .box_w = 11, .box_h = 15, .ofs_x = 0, .ofs_y = 0},
    {.bitmap_index = 15304, .adv_w = 235, .box_w = 13, .box_h = 19, .ofs_x = 1, .ofs_y = 0},
    {.bitmap_index = 15428, .adv_w = 185, .box_w = 11, .box_h = 16, .ofs_x = 0, .ofs_y = 0},
    {.bitmap_index = 15516, .adv_w = 231, .box_w = 13, .box_h = 19, .ofs_x = 1, .ofs_y = 0},
    {.bitmap_index = 15640, .adv_w = 232, .box_w = 15, .box_h = 16, .ofs_x = 0, .ofs_y = 0},
    {.bitmap_index = 15760, .adv_w = 238, .box_w = 14, .box_h = 14, .ofs_x = 0, .ofs_y = 0},
    {.bitmap_index = 15858, .adv_w = 198, .box_w = 13, .box_h = 14, .ofs_x = 0, .ofs_y = 0},
    {.bitmap_index = 15949, .adv_w = 193, .box_w = 10, .box_h = 18, .ofs_x = 1, .ofs_y = 0},
    {.bitmap_index = 16039, .adv_w = 188, .box_w = 11, .box_h = 14, .ofs_x = 0, .ofs_y = 0},
    {.bitmap_index = 16116, .adv_w = 193, .box_w = 10, .box_h = 19, .ofs_x = 1, .ofs_y = 0},
    {.bitmap_index = 16211, .adv_w = 188, .box_w = 11, .box_h = 16, .ofs_x = 0, .ofs_y = 0},
    {.bitmap_index = 16299, .adv_w = 193, .box_w = 10, .box_h = 19, .ofs_x = 1, .ofs_y = 0},
    {.bitmap_index = 16394, .adv_w = 188, .box_w = 11, .box_h = 15, .ofs_x = 0, .ofs_y = 0},
    {.bitmap_index = 16477, .adv_w = 193, .box_w = 11, .box_h = 18, .ofs_x = 1, .ofs_y = -4},
    {.bitmap_index = 16576, .adv_w = 188, .box_w = 11, .box_h = 15, .ofs_x = 0, .ofs_y = -4},
    {.bitmap_index = 16659, .adv_w = 193, .box_w = 10, .box_h = 19, .ofs_x = 1, .ofs_y = 0},
    {.bitmap_index = 16754, .adv_w = 188, .box_w = 11, .box_h = 16, .ofs_x = 0, .ofs_y = 0},
    {.bitmap_index = 16842, .adv_w = 239, .box_w = 13, .box_h = 19, .ofs_x = 1, .ofs_y = 0},
    {.bitmap_index = 16966, .adv_w = 198, .box_w = 11, .box_h = 20, .ofs_x = 0, .ofs_y = -4},
    {.bitmap_index = 17076, .adv_w = 239, .box_w = 13, .box_h = 19, .ofs_x = 1, .ofs_y = 0},
    {.bitmap_index = 17200, .adv_w = 198, .box_w = 11, .box_h = 20, .ofs_x = 0, .ofs_y = -4},
    {.bitmap_index = 17310, .adv_w = 239, .box_w = 13, .box_h = 19, .ofs_x = 1, .ofs_y = 0},
    {.bitmap_index = 17434, .adv_w = 198, .box_w = 11, .box_h = 19, .ofs_x = 0, .ofs_y = -4},
    {.bitmap_index = 17539, .adv_w = 239, .box_w = 13, .box_h = 19, .ofs_x = 1, .ofs_y = -5},
    {.bitmap_index = 17663, .adv_w = 198, .box_w = 11, .box_h = 21, .ofs_x = 0, .ofs_y = -4},
    {.bitmap_index = 17779, .adv_w = 238, .box_w = 13, .box_h = 19, .ofs_x = 1, .ofs_y = 0},
    {.bitmap_index = 17903, .adv_w = 193, .box_w = 12, .box_h = 19, .ofs_x = -1, .ofs_y = 0},
    {.bitmap_index = 18017, .adv_w = 252, .box_w = 15, .box_h = 14, .ofs_x = 0, .ofs_y = 0},
    {.bitmap_index = 18122, .adv_w = 193, .box_w = 11, .box_h = 14, .ofs_x = 0, .ofs_y = 0},
    {.bitmap_index = 18199, .adv_w = 87, .box_w = 7, .box_h = 19, .ofs_x = -1, .ofs_y = 0},
    {.bitmap_index = 18266, .adv_w = 81, .box_w = 7, .box_h = 15, .ofs_x = -1, .ofs_y = 0},
    {.bitmap_index = 18319, .adv_w = 87, .box_w = 7, .box_h = 18, .ofs_x = -1, .ofs_y = 0},
    {.bitmap_index = 18382, .adv_w = 81, .box_w = 7, .box_h = 14, .ofs_x = -1, .ofs_y = 0},
    {.bitmap_index = 18431, .adv_w = 87, .box_w = 7, .box_h = 19, .ofs_x = -1, .ofs_y = 0},
    {.bitmap_index = 18498, .adv_w = 81, .box_w = 7, .box_h = 15, .ofs_x = -1, .ofs_y = 0},
    {.bitmap_index = 18551, .adv_w = 87, .box_w = 5, .box_h = 18, .ofs_x = 0, .ofs_y = -4},
    {.bitmap_index = 18596, .adv_w = 81, .box_w = 6, .box_h = 19, .ofs_x = -1, .ofs_y = -4},
    {.bitmap_index = 18653, .adv_w = 87, .box_w = 4, .box_h = 19, .ofs_x = 1, .ofs_y = 0},
    {.bitmap_index = 18691, .adv_w = 81, .box_w = 3, .box_h = 11, .ofs_x = 1, .ofs_y = 0},
    {.bitmap_index = 18708, .adv_w = 271, .box_w = 15, .box_h = 14, .ofs_x = 1, .ofs_y = 0},
    {.bitmap_index = 18813, .adv_w = 161, .box_w = 8, .box_h = 19, .ofs_x = 1, .ofs_y = -4},
    {.bitmap_index = 18889, .adv_w = 184, .box_w = 13, .box_h = 19, .ofs_x = 0, .ofs_y = 0},
    {.bitmap_index = 19013, .adv_w = 81, .box_w = 7, .box_h = 19, .ofs_x = -1, .ofs_y = -4},
    {.bitmap_index = 19080, .adv_w = 220, .box_w = 13, .box_h = 19, .ofs_x = 1, .ofs_y = -5},
    {.bitmap_index = 19204, .adv_w = 179, .box_w = 10, .box_h = 19, .ofs_x = 1, .ofs_y = -5},
    {.bitmap_index = 19299, .adv_w = 175, .box_w = 10, .box_h = 11, .ofs_x = 1, .ofs_y = 0},
    {.bitmap_index = 19354, .adv_w = 181, .box_w = 10, .box_h = 19, .ofs_x = 1, .ofs_y = 0},
    {.bitmap_index = 19449, .adv_w = 81, .box_w = 5, .box_h = 19, .ofs_x = 1, .ofs_y = 0},
    {.bitmap_index = 19497, .adv_w = 181, .box_w = 10, .box_h = 19, .ofs_x = 1, .ofs_y = -5},
    {.bitmap_index = 19592, .adv_w = 81, .box_w = 4, .box_h = 19, .ofs_x = 0, .ofs_y = -5},
    {.bitmap_index = 19630, .adv_w = 181, .box_w = 10, .box_h = 15, .ofs_x = 1, .ofs_y = 0},
    {.bitmap_index = 19705, .adv_w = 115, .box_w = 6, .box_h = 15, .ofs_x = 1, .ofs_y = 0},
    {.bitmap_index = 19750, .adv_w = 182, .box_w = 10, .box_h = 14, .ofs_x = 1, .ofs_y = 0},
    {.bitmap_index = 19820, .adv_w = 125, .box_w = 7, .box_h = 14, .ofs_x = 1, .ofs_y = 0},
    {.bitmap_index = 19869, .adv_w = 191, .box_w = 12, .box_h = 14, .ofs_x = 0, .ofs_y = 0},
    {.bitmap_index = 19953, .adv_w = 81, .box_w = 7, .box_h = 14, .ofs_x = -1, .ofs_y = 0},
    {.bitmap_index = 20002, .adv_w = 242, .box_w = 13, .box_h = 19, .ofs_x = 1, .ofs_y = 0},
    {.bitmap_index = 20126, .adv_w = 193, .box_w = 10, .box_h = 15, .ofs_x = 1, .ofs_y = 0},
    {.bitmap_index = 20201, .adv_w = 242, .box_w = 13, .box_h = 19, .ofs_x = 1, .ofs_y = -5},
    {.bitmap_index = 20325, .adv_w = 193, .box_w = 10, .box_h = 16, .ofs_x = 1, .ofs_y = -5},
    {.bitmap_index = 20405, .adv_w = 242, .box_w = 13, .box_h = 19, .ofs_x = 1, .ofs_y = 0},
    {.bitmap_index = 20529, .adv_w = 193, .box_w = 10, .box_h = 15, .ofs_x = 1, .ofs_y = 0},
    {.bitmap_index = 20604, .adv_w = 242, .box_w = 13, .box_h = 18, .ofs_x = 1, .ofs_y = -4},
    {.bitmap_index = 20721, .adv_w = 193, .box_w = 10, .box_h = 15, .ofs_x = 1, .ofs_y = -4},
    {.bitmap_index = 20796, .adv_w = 245, .box_w = 14, .box_h = 19, .ofs_x = 1, .ofs_y = 0},
    {.bitmap_index = 20929, .adv_w = 193, .box_w = 12, .box_h = 14, .ofs_x = 0, .ofs_y = 0},
    {.bitmap_index = 21013, .adv_w = 245, .box_w = 14, .box_h = 19, .ofs_x = 1, .ofs_y = 0},
    {.bitmap_index = 21146, .adv_w = 193, .box_w = 12, .box_h = 16, .ofs_x = 0, .ofs_y = 0},
    {.bitmap_index = 21242, .adv_w = 245, .box_w = 14, .box_h = 19, .ofs_x = 1, .ofs_y = 0},
    {.bitmap_index = 21375, .adv_w = 193, .box_w = 12, .box_h = 15, .ofs_x = 0, .ofs_y = 0},
    {.bitmap_index = 21465, .adv_w = 323, .box_w = 18, .box_h = 14, .ofs_x = 1, .ofs_y = 0},
    {.bitmap_index = 21591, .adv_w = 319, .box_w = 19, .box_h = 11, .ofs_x = 0, .ofs_y = 0},
    {.bitmap_index = 21696, .adv_w = 207, .box_w = 12, .box_h = 19, .ofs_x = 1, .ofs_y = 0},
    {.bitmap_index = 21810, .adv_w = 124, .box_w = 7, .box_h = 15, .ofs_x = 1, .ofs_y = 0},
    {.bitmap_index = 21863, .adv_w = 207, .box_w = 12, .box_h = 19, .ofs_x = 1, .ofs_y = -5},
    {.bitmap_index = 21977, .adv_w = 124, .box_w = 8, .box_h = 16, .ofs_x = 0, .ofs_y = -5},
    {.bitmap_index = 22041, .adv_w = 207, .box_w = 12, .box_h = 19, .ofs_x = 1, .ofs_y = 0},
    {.bitmap_index = 22155, .adv_w = 124, .box_w = 8, .box_h = 15, .ofs_x = 0, .ofs_y = 0},
    {.bitmap_index = 22215, .adv_w = 207, .box_w = 11, .box_h = 19, .ofs_x = 1, .ofs_y = 0},
    {.bitmap_index = 22320, .adv_w = 172, .box_w = 10, .box_h = 15, .ofs_x = 0, .ofs_y = 0},
    {.bitmap_index = 22395, .adv_w = 207, .box_w = 11, .box_h = 19, .ofs_x = 1, .ofs_y = 0},
    {.bitmap_index = 22500, .adv_w = 172, .box_w = 10, .box_h = 16, .ofs_x = 0, .ofs_y = 0},
    {.bitmap_index = 22580, .adv_w = 207, .box_w = 11, .box_h = 18, .ofs_x = 1, .ofs_y = -4},
    {.bitmap_index = 22679, .adv_w = 172, .box_w = 10, .box_h = 15, .ofs_x = 0, .ofs_y = -4},
    {.bitmap_index = 22754, .adv_w = 207, .box_w = 11, .box_h = 19, .ofs_x = 1, .ofs_y = 0},
    {.bitmap_index = 22859, .adv_w = 172, .box_w = 10, .box_h = 16, .ofs_x = 0, .ofs_y = 0},
    {.bitmap_index = 22939, .adv_w = 209, .box_w = 13, .box_h = 18, .ofs_x = 0, .ofs_y = -4},
    {.bitmap_index = 23056, .adv_w = 109, .box_w = 7, .box_h = 18, .ofs_x = 0, .ofs_y = -4},
    {.bitmap_index = 23119, .adv_w = 209, .box_w = 13, .box_h = 19, .ofs_x = 0, .ofs_y = 0},
    {.bitmap_index = 23243, .adv_w = 127, .box_w = 8, .box_h = 16, .ofs_x = 0, .ofs_y = 0},
    {.bitmap_index = 23307, .adv_w = 209, .box_w = 13, .box_h = 14, .ofs_x = 0, .ofs_y = 0},
    {.bitmap_index = 23398, .adv_w = 109, .box_w = 7, .box_h = 14, .ofs_x = 0, .ofs_y = 0},
    {.bitmap_index = 23447, .adv_w = 237, .box_w = 13, .box_h = 20, .ofs_x = 1, .ofs_y = 0},
    {.bitmap_index = 23577, .adv_w = 193, .box_w = 10, .box_h = 15, .ofs_x = 1, .ofs_y = 0},
    {.bitmap_index = 23652, .adv_w = 237, .box_w = 13, .box_h = 19, .ofs_x = 1, .ofs_y = 0},
    {.bitmap_index = 23776, .adv_w = 193, .box_w = 10, .box_h = 14, .ofs_x = 1, .ofs_y = 0},
    {.bitmap_index = 23846, .adv_w = 237, .box_w = 13, .box_h = 19, .ofs_x = 1, .ofs_y = 0},
    {.bitmap_index = 23970, .adv_w = 193, .box_w = 10, .box_h = 16, .ofs_x = 1, .ofs_y = 0},
    {.bitmap_index = 24050, .adv_w = 237, .box_w = 13, .box_h = 21, .ofs_x = 1, .ofs_y = 0},
    {.bitmap_index = 24187, .adv_w = 193, .box_w = 10, .box_h = 18, .ofs_x = 1, .ofs_y = 0},
    {.bitmap_index = 24277, .adv_w = 237, .box_w = 13, .box_h = 19, .ofs_x = 1, .ofs_y = 0},
    {.bitmap_index = 24401, .adv_w = 193, .box_w = 10, .box_h = 15, .ofs_x = 1, .ofs_y = 0},
    {.bitmap_index = 24476, .adv_w = 237, .box_w = 13, .box_h = 18, .ofs_x = 1, .ofs_y = -4},
    {.bitmap_index = 24593, .adv_w = 193, .box_w = 11, .box_h = 15, .ofs_x = 1, .ofs_y = -4},
    {.bitmap_index = 24676, .adv_w = 321, .box_w = 20, .box_h = 19, .ofs_x = 0, .ofs_y = 0},
    {.bitmap_index = 24866, .adv_w = 265, .box_w = 17, .box_h = 15, .ofs_x = 0, .ofs_y = 0},
    {.bitmap_index = 24994, .adv_w = 223, .box_w = 14, .box_h = 19, .ofs_x = 0, .ofs_y = 0},
    {.bitmap_index = 25127, .adv_w = 184, .box_w = 12, .box_h = 20, .ofs_x = 0, .ofs_y = -4},
    {.bitmap_index = 25247, .adv_w = 223, .box_w = 14, .box_h = 19, .ofs_x = 0, .ofs_y = 0},
    {.bitmap_index = 25380, .adv_w = 205, .box_w = 11, .box_h = 19, .ofs_x = 1, .ofs_y = 0},
    {.bitmap_index = 25485, .adv_w = 179, .box_w = 9, .box_h = 15, .ofs_x = 1, .ofs_y = 0},
    {.bitmap_index = 25553, .adv_w = 205, .box_w = 11, .box_h = 19, .ofs_x = 1, .ofs_y = 0},
    {.bitmap_index = 25658, .adv_w = 179, .box_w = 9, .box_h = 15, .ofs_x = 1, .ofs_y = 0},
    {.bitmap_index = 25726, .adv_w = 205, .box_w = 11, .box_h = 19, .ofs_x = 1, .ofs_y = 0},
    {.bitmap_index = 25831, .adv_w = 179, .box_w = 9, .box_h = 15, .ofs_x = 1, .ofs_y = 0},
    {.bitmap_index = 25899, .adv_w = 104, .box_w = 6, .box_h = 15, .ofs_x = 1, .ofs_y = 0},
    {.bitmap_index = 25944, .adv_w = 207, .box_w = 11, .box_h = 19, .ofs_x = 1, .ofs_y = -5},
    {.bitmap_index = 26049, .adv_w = 172, .box_w = 10, .box_h = 16, .ofs_x = 0, .ofs_y = -5},
    {.bitmap_index = 26129, .adv_w = 209, .box_w = 13, .box_h = 19, .ofs_x = 0, .ofs_y = -5},
    {.bitmap_index = 26253, .adv_w = 109, .box_w = 7, .box_h = 19, .ofs_x = 0, .ofs_y = -5},
    {.bitmap_index = 26320, .adv_w = 88, .box_w = 4, .box_h = 6, .ofs_x = 1, .ofs_y = 8},
    {.bitmap_index = 26332, .adv_w = 89, .box_w = 4, .box_h = 4, .ofs_x = 1, .ofs_y = -4},
    {.bitmap_index = 26340, .adv_w = 242, .box_w = 13, .box_h = 14, .ofs_x = 1, .ofs_y = 0},
    {.bitmap_index = 26431, .adv_w = 89, .box_w = 4, .box_h = 4, .ofs_x = 1, .ofs_y = -5},
    {.bitmap_index = 26439, .adv_w = 185, .box_w = 11, .box_h = 11, .ofs_x = 0, .ofs_y = 0},
    {.bitmap_index = 26500, .adv_w = 185, .box_w = 11, .box_h = 11, .ofs_x = 0, .ofs_y = 0},
    {.bitmap_index = 26561, .adv_w = 185, .box_w = 11, .box_h = 11, .ofs_x = 0, .ofs_y = 0},
    {.bitmap_index = 26622, .adv_w = 101, .box_w = 4, .box_h = 14, .ofs_x = 1, .ofs_y = -4},
    {.bitmap_index = 26650, .adv_w = 184, .box_w = 10, .box_h = 14, .ofs_x = 0, .ofs_y = 0},
    {.bitmap_index = 26720, .adv_w = 94, .box_w = 4, .box_h = 3, .ofs_x = 1, .ofs_y = 12},
    {.bitmap_index = 26726, .adv_w = 220, .box_w = 10, .box_h = 5, .ofs_x = 2, .ofs_y = 13},
    {.bitmap_index = 26751, .adv_w = 227, .box_w = 14, .box_h = 14, .ofs_x = 0, .ofs_y = 0},
    {.bitmap_index = 26849, .adv_w = 97, .box_w = 4, .box_h = 3, .ofs_x = 1, .ofs_y = 8},
    {.bitmap_index = 26855, .adv_w = 242, .box_w = 14, .box_h = 14, .ofs_x = 0, .ofs_y = 0},
    {.bitmap_index = 26953, .adv_w = 288, .box_w = 17, .box_h = 14, .ofs_x = 0, .ofs_y = 0},
    {.bitmap_index = 27072, .adv_w = 137, .box_w = 7, .box_h = 14, .ofs_x = 0, .ofs_y = 0},
    {.bitmap_index = 27121, .adv_w = 282, .box_w = 17, .box_h = 14, .ofs_x = 0, .ofs_y = 0},
    {.bitmap_index = 27240, .adv_w = 290, .box_w = 18, .box_h = 14, .ofs_x = 0, .ofs_y = 0},
    {.bitmap_index = 27366, .adv_w = 284, .box_w = 17, .box_h = 14, .ofs_x = 0, .ofs_y = 0},
    {.bitmap_index = 27485, .adv_w = 92, .box_w = 7, .box_h = 19, .ofs_x = -1, .ofs_y = 0},
    {.bitmap_index = 27552, .adv_w = 227, .box_w = 14, .box_h = 14, .ofs_x = 0, .ofs_y = 0},
    {.bitmap_index = 27650, .adv_w = 210, .box_w = 12, .box_h = 14, .ofs_x = 1, .ofs_y = 0},
    {.bitmap_index = 27734, .adv_w = 186, .box_w = 10, .box_h = 14, .ofs_x = 1, .ofs_y = 0},
    {.bitmap_index = 27804, .adv_w = 225, .box_w = 14, .box_h = 14, .ofs_x = 0, .ofs_y = 0},
    {.bitmap_index = 27902, .adv_w = 193, .box_w = 10, .box_h = 14, .ofs_x = 1, .ofs_y = 0},
    {.bitmap_index = 27972, .adv_w = 205, .box_w = 11, .box_h = 14, .ofs_x = 1, .ofs_y = 0},
    {.bitmap_index = 28049, .adv_w = 238, .box_w = 13, .box_h = 14, .ofs_x = 1, .ofs_y = 0},
    {.bitmap_index = 28140, .adv_w = 245, .box_w = 14, .box_h = 14, .ofs_x = 1, .ofs_y = 0},
    {.bitmap_index = 28238, .adv_w = 87, .box_w = 3, .box_h = 14, .ofs_x = 1, .ofs_y = 0},
    {.bitmap_index = 28259, .adv_w = 220, .box_w = 13, .box_h = 14, .ofs_x = 1, .ofs_y = 0},
    {.bitmap_index = 28350, .adv_w = 227, .box_w = 14, .box_h = 14, .ofs_x = 0, .ofs_y = 0},
    {.bitmap_index = 28448, .adv_w = 292, .box_w = 16, .box_h = 14, .ofs_x = 1, .ofs_y = 0},
    {.bitmap_index = 28560, .adv_w = 242, .box_w = 13, .box_h = 14, .ofs_x = 1, .ofs_y = 0},
    {.bitmap_index = 28651, .adv_w = 213, .box_w = 12, .box_h = 14, .ofs_x = 1, .ofs_y = 0},
    {.bitmap_index = 28735, .adv_w = 245, .box_w = 14, .box_h = 14, .ofs_x = 1, .ofs_y = 0},
    {.bitmap_index = 28833, .adv_w = 238, .box_w = 13, .box_h = 14, .ofs_x = 1, .ofs_y = 0},
    {.bitmap_index = 28924, .adv_w = 205, .box_w = 11, .box_h = 14, .ofs_x = 1, .ofs_y = 0},
    {.bitmap_index = 29001, .adv_w = 221, .box_w = 12, .box_h = 14, .ofs_x = 1, .ofs_y = 0},
    {.bitmap_index = 29085, .adv_w = 209, .box_w = 13, .box_h = 14, .ofs_x = 0, .ofs_y = 0},
    {.bitmap_index = 29176, .adv_w = 223, .box_w = 14, .box_h = 14, .ofs_x = 0, .ofs_y = 0},
    {.bitmap_index = 29274, .adv_w = 283, .box_w = 16, .box_h = 16, .ofs_x = 1, .ofs_y = -1},
    {.bitmap_index = 29402, .adv_w = 224, .box_w = 14, .box_h = 14, .ofs_x = 0, .ofs_y = 0},
    {.bitmap_index = 29500, .adv_w = 283, .box_w = 16, .box_h = 14, .ofs_x = 1, .ofs_y = 0},
    {.bitmap_index = 29612, .adv_w = 248, .box_w = 14, .box_h = 14, .ofs_x = 1, .ofs_y = 0},
    {.bitmap_index = 29710, .adv_w = 87, .box_w = 8, .box_h = 19, .ofs_x = -1, .ofs_y = 0},
    {.bitmap_index = 29786, .adv_w = 223, .box_w = 14, .box_h = 19, .ofs_x = 0, .ofs_y = 0},
    {.bitmap_index = 29919, .adv_w = 216, .box_w = 13, .box_h = 15, .ofs_x = 0, .ofs_y = 0},
    {.bitmap_index = 30017, .adv_w = 174, .box_w = 10, .box_h = 15, .ofs_x = 0, .ofs_y = 0},
    {.bitmap_index = 30092, .adv_w = 193, .box_w = 10, .box_h = 19, .ofs_x = 1, .ofs_y = -4},
    {.bitmap_index = 30187, .adv_w = 92, .box_w = 5, .box_h = 15, .ofs_x = 1, .ofs_y = 0},
    {.bitmap_index = 30225, .adv_w = 193, .box_w = 10, .box_h = 18, .ofs_x = 1, .ofs_y = 0},
    {.bitmap_index = 30315, .adv_w = 216, .box_w = 13, .box_h = 11, .ofs_x = 0, .ofs_y = 0},
    {.bitmap_index = 30387, .adv_w = 192, .box_w = 10, .box_h = 18, .ofs_x = 1, .ofs_y = -4},
    {.bitmap_index = 30477, .adv_w = 184, .box_w = 12, .box_h = 15, .ofs_x = 0, .ofs_y = -4},
    {.bitmap_index = 30567, .adv_w = 189, .box_w = 11, .box_h = 14, .ofs_x = 0, .ofs_y = 0},
    {.bitmap_index = 30644, .adv_w = 174, .box_w = 10, .box_h = 11, .ofs_x = 0, .ofs_y = 0},
    {.bitmap_index = 30699, .adv_w = 166, .box_w = 10, .box_h = 17, .ofs_x = 0, .ofs_y = -3},
    {.bitmap_index = 30784, .adv_w = 193, .box_w = 10, .box_h = 15, .ofs_x = 1, .ofs_y = -4},
    {.bitmap_index = 30859, .adv_w = 199, .box_w = 11, .box_h = 14, .ofs_x = 1, .ofs_y = 0},
    {.bitmap_index = 30936, .adv_w = 92, .box_w = 5, .box_h = 11, .ofs_x = 1, .ofs_y = 0},
    {.bitmap_index = 30964, .adv_w = 175, .box_w = 10, .box_h = 11, .ofs_x = 1, .ofs_y = 0},
    {.bitmap_index = 31019, .adv_w = 210, .box_w = 13, .box_h = 14, .ofs_x = 0, .ofs_y = 0},
    {.bitmap_index = 31110, .adv_w = 192, .box_w = 11, .box_h = 15, .ofs_x = 1, .ofs_y = -4},
    {.bitmap_index = 31193, .adv_w = 191, .box_w = 12, .box_h = 11, .ofs_x = 0, .ofs_y = 0},
    {.bitmap_index = 31259, .adv_w = 179, .box_w = 9, .box_h = 17, .ofs_x = 1, .ofs_y = -3},
    {.bitmap_index = 31336, .adv_w = 193, .box_w = 12, .box_h = 11, .ofs_x = 0, .ofs_y = 0},
    {.bitmap_index = 31402, .adv_w = 197, .box_w = 12, .box_h = 11, .ofs_x = 0, .ofs_y = 0},
    {.bitmap_index = 31468, .adv_w = 198, .box_w = 11, .box_h = 15, .ofs_x = 1, .ofs_y = -4},
    {.bitmap_index = 31551, .adv_w = 184, .box_w = 11, .box_h = 14, .ofs_x = 0, .ofs_y = -3},
    {.bitmap_index = 31628, .adv_w = 203, .box_w = 13, .box_h = 11, .ofs_x = 0, .ofs_y = 0},
    {.bitmap_index = 31700, .adv_w = 154, .box_w = 10, .box_h = 11, .ofs_x = 0, .ofs_y = 0},
    {.bitmap_index = 31755, .adv_w = 193, .box_w = 10, .box_h = 11, .ofs_x = 1, .ofs_y = 0},
    {.bitmap_index = 31810, .adv_w = 239, .box_w = 14, .box_h = 15, .ofs_x = 0, .ofs_y = -4},
    {.bitmap_index = 31915, .adv_w = 186, .box_w = 12, .box_h = 15, .ofs_x = 0, .ofs_y = -4},
    {.bitmap_index = 32005, .adv_w = 255, .box_w = 14, .box_h = 18, .ofs_x = 1, .ofs_y = -4},
    {.bitmap_index = 32131, .adv_w = 261, .box_w = 16, .box_h = 11, .ofs_x = 0, .ofs_y = 0},
    {.bitmap_index = 32219, .adv_w = 92, .box_w = 7, .box_h = 14, .ofs_x = -1, .ofs_y = 0},
    {.bitmap_index = 32268, .adv_w = 193, .box_w = 10, .box_h = 14, .ofs_x = 1, .ofs_y = 0},
    {.bitmap_index = 32338, .adv_w = 193, .box_w = 12, .box_h = 15, .ofs_x = 0, .ofs_y = 0},
    {.bitmap_index = 32428, .adv_w = 193, .box_w = 10, .box_h = 15, .ofs_x = 1, .ofs_y = 0},
    {.bitmap_index = 32503, .adv_w = 261, .box_w = 16, .box_h = 15, .ofs_x = 0, .ofs_y = 0},
    {.bitmap_index = 32623, .adv_w = 220, .box_w = 13, .box_h = 19, .ofs_x = 1, .ofs_y = -5},
    {.bitmap_index = 32747, .adv_w = 207, .box_w = 11, .box_h = 14, .ofs_x = 1, .ofs_y = 0},
    {.bitmap_index = 32824, .adv_w = 207, .box_w = 11, .box_h = 14, .ofs_x = 1, .ofs_y = 0},
    {.bitmap_index = 32901, .adv_w = 219, .box_w = 13, .box_h = 14, .ofs_x = 0, .ofs_y = 0},
    {.bitmap_index = 32992, .adv_w = 279, .box_w = 17, .box_h = 14, .ofs_x = 0, .ofs_y = 0},
    {.bitmap_index = 33111, .adv_w = 219, .box_w = 13, .box_h = 19, .ofs_x = 0, .ofs_y = 0},
    {.bitmap_index = 33235, .adv_w = 226, .box_w = 14, .box_h = 18, .ofs_x = 0, .ofs_y = -4},
    {.bitmap_index = 33361, .adv_w = 274, .box_w = 17, .box_h = 11, .ofs_x = 0, .ofs_y = 0},
    {.bitmap_index = 33455, .adv_w = 175, .box_w = 10, .box_h = 16, .ofs_x = 1, .ofs_y = -5},
    {.bitmap_index = 33535, .adv_w = 190, .box_w = 10, .box_h = 14, .ofs_x = 1, .ofs_y = 0},
    {.bitmap_index = 33605, .adv_w = 171, .box_w = 9, .box_h = 15, .ofs_x = 1, .ofs_y = -4},
    {.bitmap_index = 33673, .adv_w = 236, .box_w = 13, .box_h = 11, .ofs_x = 1, .ofs_y = 0},
    {.bitmap_index = 33745, .adv_w = 207, .box_w = 11, .box_h = 16, .ofs_x = 1, .ofs_y = -5},
    {.bitmap_index = 33833, .adv_w = 185, .box_w = 11, .box_h = 11, .ofs_x = 0, .ofs_y = 0},
    {.bitmap_index = 33894, .adv_w = 81, .box_w = 5, .box_h = 18, .ofs_x = -1, .ofs_y = -4},
    {.bitmap_index = 33939, .adv_w = 245, .box_w = 14, .box_h = 14, .ofs_x = 1, .ofs_y = 0},
    {.bitmap_index = 34037, .adv_w = 147, .box_w = 9, .box_h = 11, .ofs_x = 0, .ofs_y = 0},
    {.bitmap_index = 34087, .adv_w = 147, .box_w = 9, .box_h = 11, .ofs_x = 0, .ofs_y = 0},
    {.bitmap_index = 34137, .adv_w = 235, .box_w = 13, .box_h = 14, .ofs_x = 1, .ofs_y = 0},
    {.bitmap_index = 34228, .adv_w = 292, .box_w = 16, .box_h = 14, .ofs_x = 1, .ofs_y = 0},
    {.bitmap_index = 34340, .adv_w = 198, .box_w = 13, .box_h = 15, .ofs_x = -1, .ofs_y = -4},
    {.bitmap_index = 34438, .adv_w = 235, .box_w = 13, .box_h = 14, .ofs_x = 1, .ofs_y = 0},
    {.bitmap_index = 34529, .adv_w = 235, .box_w = 13, .box_h = 14, .ofs_x = 1, .ofs_y = 0},
    {.bitmap_index = 34620, .adv_w = 235, .box_w = 13, .box_h = 14, .ofs_x = 1, .ofs_y = 0},
    {.bitmap_index = 34711, .adv_w = 125, .box_w = 8, .box_h = 2, .ofs_x = 0, .ofs_y = 5},
    {.bitmap_index = 34719, .adv_w = 125, .box_w = 8, .box_h = 2, .ofs_x = 0, .ofs_y = 5},
    {.bitmap_index = 34727, .adv_w = 207, .box_w = 13, .box_h = 2, .ofs_x = 0, .ofs_y = 6},
    {.bitmap_index = 34740, .adv_w = 160, .box_w = 10, .box_h = 2, .ofs_x = 0, .ofs_y = 5},
    {.bitmap_index = 34750, .adv_w = 320, .box_w = 20, .box_h = 2, .ofs_x = 0, .ofs_y = 5},
    {.bitmap_index = 34770, .adv_w = 320, .box_w = 20, .box_h = 2, .ofs_x = 0, .ofs_y = 5},
    {.bitmap_index = 34790, .adv_w = 163, .box_w = 6, .box_h = 24, .ofs_x = 2, .ofs_y = -5},
    {.bitmap_index = 34862, .adv_w = 147, .box_w = 10, .box_h = 4, .ofs_x = 0, .ofs_y = -4},
    {.bitmap_index = 34882, .adv_w = 89, .box_w = 4, .box_h = 6, .ofs_x = 1, .ofs_y = 8},
    {.bitmap_index = 34894, .adv_w = 89, .box_w = 4, .box_h = 6, .ofs_x = 1, .ofs_y = 9},
    {.bitmap_index = 34906, .adv_w = 82, .box_w = 4, .box_h = 6, .ofs_x = 1, .ofs_y = -4},
    {.bitmap_index = 34918, .adv_w = 89, .box_w = 4, .box_h = 6, .ofs_x = 0, .ofs_y = 8},
    {.bitmap_index = 34930, .adv_w = 152, .box_w = 8, .box_h = 6, .ofs_x = 1, .ofs_y = 8},
    {.bitmap_index = 34954, .adv_w = 151, .box_w = 8, .box_h = 6, .ofs_x = 1, .ofs_y = 9},
    {.bitmap_index = 34978, .adv_w = 144, .box_w = 8, .box_h = 6, .ofs_x = 1, .ofs_y = -4},
    {.bitmap_index = 35002, .adv_w = 151, .box_w = 8, .box_h = 6, .ofs_x = 0, .ofs_y = 8},
    {.bitmap_index = 35026, .adv_w = 167, .box_w = 9, .box_h = 11, .ofs_x = 1, .ofs_y = 3},
    {.bitmap_index = 35076, .adv_w = 167, .box_w = 9, .box_h = 14, .ofs_x = 1, .ofs_y = 0},
    {.bitmap_index = 35139, .adv_w = 171, .box_w = 7, .box_h = 7, .ofs_x = 2, .ofs_y = 3},
    {.bitmap_index = 35164, .adv_w = 171, .box_w = 6, .box_h = 7, .ofs_x = 3, .ofs_y = 2},
    {.bitmap_index = 35185, .adv_w = 97, .box_w = 4, .box_h = 3, .ofs_x = 1, .ofs_y = 0},
    {.bitmap_index = 35191, .adv_w = 194, .box_w = 10, .box_h = 3, .ofs_x = 1, .ofs_y = 0},
    {.bitmap_index = 35206, .adv_w = 291, .box_w = 16, .box_h = 3, .ofs_x = 1, .ofs_y = 0},
    {.bitmap_index = 35230, .adv_w = 97, .box_w = 4, .box_h = 3, .ofs_x = 1, .ofs_y = 5},
    {.bitmap_index = 35236, .adv_w = 55, .box_w = 0, .box_h = 0, .ofs_x = 0, .ofs_y = 0},
    {.bitmap_index = 35236, .adv_w = 433, .box_w = 23, .box_h = 14, .ofs_x = 2, .ofs_y = 0},
    {.bitmap_index = 35397, .adv_w = 548, .box_w = 31, .box_h = 14, .ofs_x = 2, .ofs_y = 0},
    {.bitmap_index = 35614, .adv_w = 77, .box_w = 3, .box_h = 6, .ofs_x = 1, .ofs_y = 8},
    {.bitmap_index = 35623, .adv_w = 153, .box_w = 8, .box_h = 6, .ofs_x = 1, .ofs_y = 8},
    {.bitmap_index = 35647, .adv_w = 229, .box_w = 13, .box_h = 6, .ofs_x = 1, .ofs_y = 8},
    {.bitmap_index = 35686, .adv_w = 77, .box_w = 3, .box_h = 6, .ofs_x = 1, .ofs_y = 8},
    {.bitmap_index = 35695, .adv_w = 153, .box_w = 8, .box_h = 6, .ofs_x = 1, .ofs_y = 8},
    {.bitmap_index = 35719, .adv_w = 229, .box_w = 13, .box_h = 6, .ofs_x = 1, .ofs_y = 8},
    {.bitmap_index = 35758, .adv_w = 156, .box_w = 8, .box_h = 5, .ofs_x = 1, .ofs_y = -5},
    {.bitmap_index = 35778, .adv_w = 128, .box_w = 8, .box_h = 10, .ofs_x = 0, .ofs_y = 1},
    {.bitmap_index = 35818, .adv_w = 128, .box_w = 8, .box_h = 10, .ofs_x = 0, .ofs_y = 1},
    {.bitmap_index = 35858, .adv_w = 223, .box_w = 12, .box_h = 11, .ofs_x = 1, .ofs_y = 1},
    {.bitmap_index = 35924, .adv_w = 195, .box_w = 10, .box_h = 14, .ofs_x = 1, .ofs_y = 0},
    {.bitmap_index = 35994, .adv_w = 168, .box_w = 10, .box_h = 14, .ofs_x = 0, .ofs_y = 0},
    {.bitmap_index = 36064, .adv_w = 168, .box_w = 10, .box_h = 2, .ofs_x = 0, .ofs_y = 15},
    {.bitmap_index = 36074, .adv_w = 265, .box_w = 16, .box_h = 4, .ofs_x = 0, .ofs_y = -5},
    {.bitmap_index = 36106, .adv_w = 265, .box_w = 16, .box_h = 5, .ofs_x = 0, .ofs_y = 10},
    {.bitmap_index = 36146, .adv_w = 147, .box_w = 9, .box_h = 11, .ofs_x = 0, .ofs_y = -5},
    {.bitmap_index = 36196, .adv_w = 236, .box_w = 13, .box_h = 12, .ofs_x = 1, .ofs_y = 1},
    {.bitmap_index = 36274, .adv_w = 171, .box_w = 7, .box_h = 2, .ofs_x = 2, .ofs_y = 5},
    {.bitmap_index = 36281, .adv_w = 63, .box_w = 12, .box_h = 14, .ofs_x = -4, .ofs_y = 0},
    {.bitmap_index = 36365, .adv_w = 118, .box_w = 5, .box_h = 18, .ofs_x = 2, .ofs_y = -3},
    {.bitmap_index = 36410, .adv_w = 118, .box_w = 5, .box_h = 18, .ofs_x = 1, .ofs_y = -3},
    {.bitmap_index = 36455, .adv_w = 338, .box_w = 21, .box_h = 14, .ofs_x = 0, .ofs_y = 0},
    {.bitmap_index = 36602, .adv_w = 266, .box_w = 16, .box_h = 14, .ofs_x = 0, .ofs_y = 0},
    {.bitmap_index = 36714, .adv_w = 266, .box_w = 15, .box_h = 14, .ofs_x = 1, .ofs_y = 0},
    {.bitmap_index = 36819, .adv_w = 145, .box_w = 9, .box_h = 15, .ofs_x = 0, .ofs_y = -4},
    {.bitmap_index = 36887, .adv_w = 192, .box_w = 11, .box_h = 14, .ofs_x = 1, .ofs_y = 0},
    {.bitmap_index = 36964, .adv_w = 191, .box_w = 10, .box_h = 8, .ofs_x = 1, .ofs_y = 2},
    {.bitmap_index = 37004, .adv_w = 191, .box_w = 10, .box_h = 8, .ofs_x = 1, .ofs_y = 2},
    {.bitmap_index = 37044, .adv_w = 167, .box_w = 9, .box_h = 9, .ofs_x = 1, .ofs_y = -1},
    {.bitmap_index = 37085, .adv_w = 101, .box_w = 5, .box_h = 14, .ofs_x = 1, .ofs_y = -4},
    {.bitmap_index = 37120, .adv_w = 264, .box_w = 16, .box_h = 21, .ofs_x = 0, .ofs_y = -6},
    {.bitmap_index = 37288, .adv_w = 177, .box_w = 9, .box_h = 18, .ofs_x = 2, .ofs_y = -4},
    {.bitmap_index = 37369, .adv_w = 245, .box_w = 14, .box_h = 14, .ofs_x = 1, .ofs_y = 0},
    {.bitmap_index = 37467, .adv_w = 236, .box_w = 13, .box_h = 4, .ofs_x = 1, .ofs_y = 5},
    {.bitmap_index = 37493, .adv_w = 265, .box_w = 16, .box_h = 5, .ofs_x = 0, .ofs_y = -5},
    {.bitmap_index = 37533, .adv_w = 194, .box_w = 10, .box_h = 9, .ofs_x = 1, .ofs_y = 1},
    {.bitmap_index = 37578, .adv_w = 305, .box_w = 18, .box_h = 6, .ofs_x = 1, .ofs_y = 8},
    {.bitmap_index = 37632, .adv_w = 151, .box_w = 9, .box_h = 8, .ofs_x = 0, .ofs_y = 9},
    {.bitmap_index = 37668, .adv_w = 66, .box_w = 3, .box_h = 9, .ofs_x = 1, .ofs_y = 9},
    {.bitmap_index = 37682, .adv_w = 150, .box_w = 9, .box_h = 8, .ofs_x = 0, .ofs_y = 9},
    {.bitmap_index = 37718, .adv_w = 144, .box_w = 8, .box_h = 8, .ofs_x = 1, .ofs_y = 9},
    {.bitmap_index = 37750, .adv_w = 145, .box_w = 9, .box_h = 8, .ofs_x = 0, .ofs_y = 9},
    {.bitmap_index = 37786, .adv_w = 132, .box_w = 8, .box_h = 8, .ofs_x = 0, .ofs_y = 9},
    {.bitmap_index = 37818, .adv_w = 147, .box_w = 9, .box_h = 8, .ofs_x = 0, .ofs_y = 9},
    {.bitmap_index = 37854, .adv_w = 145, .box_w = 9, .box_h = 8, .ofs_x = 0, .ofs_y = 9},
    {.bitmap_index = 37890, .adv_w = 142, .box_w = 7, .box_h = 6, .ofs_x = 1, .ofs_y = 9},
    {.bitmap_index = 37911, .adv_w = 142, .box_w = 7, .box_h = 2, .ofs_x = 1, .ofs_y = 12},
    {.bitmap_index = 37918, .adv_w = 142, .box_w = 7, .box_h = 4, .ofs_x = 1, .ofs_y = 11},
    {.bitmap_index = 37932, .adv_w = 88, .box_w = 4, .box_h = 11, .ofs_x = 1, .ofs_y = 7},
    {.bitmap_index = 37954, .adv_w = 88, .box_w = 5, .box_h = 11, .ofs_x = 0, .ofs_y = 7},
    {.bitmap_index = 37982, .adv_w = 142, .box_w = 7, .box_h = 6, .ofs_x = 1, .ofs_y = 9},
    {.bitmap_index = 38003, .adv_w = 151, .box_w = 9, .box_h = 8, .ofs_x = 0, .ofs_y = -3},
    {.bitmap_index = 38039, .adv_w = 100, .box_w = 5, .box_h = 8, .ofs_x = 1, .ofs_y = -3},
    {.bitmap_index = 38059, .adv_w = 143, .box_w = 7, .box_h = 8, .ofs_x = 1, .ofs_y = -3},
    {.bitmap_index = 38087, .adv_w = 145, .box_w = 9, .box_h = 8, .ofs_x = 0, .ofs_y = -3},
    {.bitmap_index = 38123, .adv_w = 150, .box_w = 9, .box_h = 8, .ofs_x = 0, .ofs_y = -3},
    {.bitmap_index = 38159, .adv_w = 144, .box_w = 8, .box_h = 8, .ofs_x = 1, .ofs_y = -3},
    {.bitmap_index = 38191, .adv_w = 145, .box_w = 9, .box_h = 8, .ofs_x = 0, .ofs_y = -3},
    {.bitmap_index = 38227, .adv_w = 132, .box_w = 8, .box_h = 8, .ofs_x = 0, .ofs_y = -3},
    {.bitmap_index = 38259, .adv_w = 147, .box_w = 9, .box_h = 8, .ofs_x = 0, .ofs_y = -3},
    {.bitmap_index = 38295, .adv_w = 145, .box_w = 9, .box_h = 8, .ofs_x = 0, .ofs_y = -3},
    {.bitmap_index = 38331, .adv_w = 142, .box_w = 7, .box_h = 6, .ofs_x = 1, .ofs_y = -3},
    {.bitmap_index = 38352, .adv_w = 142, .box_w = 7, .box_h = 3, .ofs_x = 1, .ofs_y = -1},
    {.bitmap_index = 38363, .adv_w = 142, .box_w = 7, .box_h = 5, .ofs_x = 1, .ofs_y = -2},
    {.bitmap_index = 38381, .adv_w = 88, .box_w = 4, .box_h = 10, .ofs_x = 1, .ofs_y = -4},
    {.bitmap_index = 38401, .adv_w = 88, .box_w = 5, .box_h = 10, .ofs_x = 0, .ofs_y = -4},
    {.bitmap_index = 38426, .adv_w = 131, .box_w = 8, .box_h = 6, .ofs_x = 0, .ofs_y = -3},
    {.bitmap_index = 38450, .adv_w = 135, .box_w = 8, .box_h = 6, .ofs_x = 0, .ofs_y = -3},
    {.bitmap_index = 38474, .adv_w = 139, .box_w = 8, .box_h = 6, .ofs_x = 0, .ofs_y = -3},
    {.bitmap_index = 38498, .adv_w = 132, .box_w = 8, .box_h = 6, .ofs_x = 0, .ofs_y = -3},
    {.bitmap_index = 38522, .adv_w = 148, .box_w = 8, .box_h = 8, .ofs_x = 1, .ofs_y = -4},
    {.bitmap_index = 38554, .adv_w = 142, .box_w = 7, .box_h = 8, .ofs_x = 1, .ofs_y = -3},
    {.bitmap_index = 38582, .adv_w = 130, .box_w = 7, .box_h = 8, .ofs_x = 1, .ofs_y = -3},
    {.bitmap_index = 38610, .adv_w = 66, .box_w = 2, .box_h = 8, .ofs_x = 1, .ofs_y = -3},
    {.bitmap_index = 38618, .adv_w = 203, .box_w = 11, .box_h = 6, .ofs_x = 1, .ofs_y = -3},
    {.bitmap_index = 38651, .adv_w = 142, .box_w = 7, .box_h = 6, .ofs_x = 1, .ofs_y = -3},
    {.bitmap_index = 38672, .adv_w = 142, .box_w = 8, .box_h = 8, .ofs_x = 1, .ofs_y = -5},
    {.bitmap_index = 38704, .adv_w = 128, .box_w = 8, .box_h = 6, .ofs_x = 0, .ofs_y = -3},
    {.bitmap_index = 38728, .adv_w = 82, .box_w = 5, .box_h = 8, .ofs_x = 0, .ofs_y = -3},
    {.bitmap_index = 38748, .adv_w = 237, .box_w = 13, .box_h = 15, .ofs_x = 1, .ofs_y = 0},
    {.bitmap_index = 38846, .adv_w = 235, .box_w = 13, .box_h = 19, .ofs_x = 1, .ofs_y = -2},
    {.bitmap_index = 38970, .adv_w = 233, .box_w = 13, .box_h = 14, .ofs_x = 1, .ofs_y = 0},
    {.bitmap_index = 39061, .adv_w = 194, .box_w = 13, .box_h = 14, .ofs_x = -1, .ofs_y = 0},
    {.bitmap_index = 39152, .adv_w = 198, .box_w = 11, .box_h = 14, .ofs_x = 1, .ofs_y = 0},
    {.bitmap_index = 39229, .adv_w = 275, .box_w = 15, .box_h = 14, .ofs_x = 1, .ofs_y = -1},
    {.bitmap_index = 39334, .adv_w = 245, .box_w = 15, .box_h = 14, .ofs_x = 0, .ofs_y = 0},
    {.bitmap_index = 39439, .adv_w = 314, .box_w = 19, .box_h = 14, .ofs_x = 1, .ofs_y = 0},
    {.bitmap_index = 39572, .adv_w = 364, .box_w = 21, .box_h = 14, .ofs_x = 1, .ofs_y = 0},
    {.bitmap_index = 39719, .adv_w = 314, .box_w = 20, .box_h = 14, .ofs_x = 0, .ofs_y = 0},
    {.bitmap_index = 39859, .adv_w = 273, .box_w = 15, .box_h = 11, .ofs_x = 1, .ofs_y = 0},
    {.bitmap_index = 39942, .adv_w = 198, .box_w = 13, .box_h = 18, .ofs_x = 0, .ofs_y = -4},
    {.bitmap_index = 40059, .adv_w = 215, .box_w = 13, .box_h = 14, .ofs_x = 0, .ofs_y = 0},
    {.bitmap_index = 40150, .adv_w = 237, .box_w = 15, .box_h = 14, .ofs_x = 0, .ofs_y = 0},
    {.bitmap_index = 40255, .adv_w = 209, .box_w = 13, .box_h = 14, .ofs_x = 0, .ofs_y = 0},
    {.bitmap_index = 40346, .adv_w = 453, .box_w = 28, .box_h = 21, .ofs_x = 0, .ofs_y = -4},
    {.bitmap_index = 40640, .adv_w = 218, .box_w = 14, .box_h = 14, .ofs_x = 0, .ofs_y = 0},
    {.bitmap_index = 40738, .adv_w = 239, .box_w = 13, .box_h = 19, .ofs_x = 1, .ofs_y = -2},
    {.bitmap_index = 40862, .adv_w = 227, .box_w = 14, .box_h = 14, .ofs_x = 0, .ofs_y = 0},
    {.bitmap_index = 40960, .adv_w = 214, .box_w = 12, .box_h = 14, .ofs_x = 1, .ofs_y = 0},
    {.bitmap_index = 41044, .adv_w = 235, .box_w = 13, .box_h = 19, .ofs_x = 1, .ofs_y = -3},
    {.bitmap_index = 41168, .adv_w = 209, .box_w = 13, .box_h = 14, .ofs_x = 0, .ofs_y = 0},
    {.bitmap_index = 41259, .adv_w = 176, .box_w = 11, .box_h = 15, .ofs_x = 0, .ofs_y = 0},
    {.bitmap_index = 41342, .adv_w = 195, .box_w = 11, .box_h = 14, .ofs_x = 1, .ofs_y = 0},
    {.bitmap_index = 41419, .adv_w = 236, .box_w = 13, .box_h = 11, .ofs_x = 1, .ofs_y = 0},
    {.bitmap_index = 41491, .adv_w = 229, .box_w = 14, .box_h = 14, .ofs_x = 0, .ofs_y = 0},
    {.bitmap_index = 41589, .adv_w = 236, .box_w = 13, .box_h = 14, .ofs_x = 1, .ofs_y = 0},
    {.bitmap_index = 41680, .adv_w = 210, .box_w = 12, .box_h = 19, .ofs_x = 1, .ofs_y = -2},
    {.bitmap_index = 41794, .adv_w = 159, .box_w = 10, .box_h = 12, .ofs_x = 0, .ofs_y = 0},
    {.bitmap_index = 41854, .adv_w = 315, .box_w = 19, .box_h = 16, .ofs_x = 0, .ofs_y = -1},
    {.bitmap_index = 42006, .adv_w = 310, .box_w = 19, .box_h = 16, .ofs_x = 0, .ofs_y = -1},
    {.bitmap_index = 42158, .adv_w = 377, .box_w = 22, .box_h = 16, .ofs_x = 1, .ofs_y = -1},
    {.bitmap_index = 42334, .adv_w = 316, .box_w = 19, .box_h = 16, .ofs_x = 0, .ofs_y = -1},
    {.bitmap_index = 42486, .adv_w = 329, .box_w = 20, .box_h = 16, .ofs_x = 0, .ofs_y = -1},
    {.bitmap_index = 42646, .adv_w = 335, .box_w = 19, .box_h = 15, .ofs_x = 1, .ofs_y = 0},
    {.bitmap_index = 42789, .adv_w = 149, .box_w = 9, .box_h = 15, .ofs_x = 0, .ofs_y = 0},
    {.bitmap_index = 42857, .adv_w = 351, .box_w = 20, .box_h = 15, .ofs_x = 1, .ofs_y = 0},
    {.bitmap_index = 43007, .adv_w = 293, .box_w = 16, .box_h = 16, .ofs_x = 1, .ofs_y = -1},
    {.bitmap_index = 43135, .adv_w = 229, .box_w = 13, .box_h = 15, .ofs_x = 1, .ofs_y = 0},
    {.bitmap_index = 43233, .adv_w = 207, .box_w = 12, .box_h = 22, .ofs_x = 1, .ofs_y = -4},
    {.bitmap_index = 43365, .adv_w = 196, .box_w = 12, .box_h = 6, .ofs_x = 0, .ofs_y = 9},
    {.bitmap_index = 43401, .adv_w = 228, .box_w = 14, .box_h = 6, .ofs_x = 0, .ofs_y = 9},
    {.bitmap_index = 43443, .adv_w = 199, .box_w = 12, .box_h = 6, .ofs_x = 0, .ofs_y = 9},
    {.bitmap_index = 43479, .adv_w = 248, .box_w = 14, .box_h = 14, .ofs_x = 1, .ofs_y = 0},
    {.bitmap_index = 43577, .adv_w = 220, .box_w = 13, .box_h = 15, .ofs_x = 1, .ofs_y = 0},
    {.bitmap_index = 43675, .adv_w = 227, .box_w = 14, .box_h = 20, .ofs_x = 0, .ofs_y = 0},
    {.bitmap_index = 43815, .adv_w = 206, .box_w = 11, .box_h = 12, .ofs_x = 1, .ofs_y = -1},
    {.bitmap_index = 43881, .adv_w = 189, .box_w = 10, .box_h = 15, .ofs_x = 1, .ofs_y = 0},
    {.bitmap_index = 43956, .adv_w = 241, .box_w = 15, .box_h = 6, .ofs_x = 0, .ofs_y = 9},
    {.bitmap_index = 44001, .adv_w = 291, .box_w = 18, .box_h = 16, .ofs_x = 0, .ofs_y = -1},
    {.bitmap_index = 44145, .adv_w = 285, .box_w = 18, .box_h = 14, .ofs_x = 0, .ofs_y = 0},
    {.bitmap_index = 44271, .adv_w = 280, .box_w = 17, .box_h = 14, .ofs_x = 0, .ofs_y = 0},
    {.bitmap_index = 44390, .adv_w = 367, .box_w = 23, .box_h = 14, .ofs_x = 0, .ofs_y = 0},
    {.bitmap_index = 44551, .adv_w = 280, .box_w = 17, .box_h = 14, .ofs_x = 0, .ofs_y = 0},
    {.bitmap_index = 44670, .adv_w = 311, .box_w = 19, .box_h = 14, .ofs_x = 0, .ofs_y = 0},
    {.bitmap_index = 44803, .adv_w = 280, .box_w = 17, .box_h = 14, .ofs_x = 0, .ofs_y = 0},
    {.bitmap_index = 44922, .adv_w = 311, .box_w = 19, .box_h = 14, .ofs_x = 0, .ofs_y = 0},
    {.bitmap_index = 45055, .adv_w = 305, .box_w = 19, .box_h = 14, .ofs_x = 0, .ofs_y = 0},
    {.bitmap_index = 45188, .adv_w = 313, .box_w = 19, .box_h = 14, .ofs_x = 0, .ofs_y = 0},
    {.bitmap_index = 45321, .adv_w = 280, .box_w = 17, .box_h = 14, .ofs_x = 0, .ofs_y = 0},
    {.bitmap_index = 45440, .adv_w = 307, .box_w = 18, .box_h = 14, .ofs_x = 1, .ofs_y = 0},
    {.bitmap_index = 45566, .adv_w = 279, .box_w = 17, .box_h = 14, .ofs_x = 0, .ofs_y = 0},
    {.bitmap_index = 45685, .adv_w = 304, .box_w = 19, .box_h = 14, .ofs_x = 0, .ofs_y = 0},
    {.bitmap_index = 45818, .adv_w = 307, .box_w = 18, .box_h = 14, .ofs_x = 1, .ofs_y = 0},
    {.bitmap_index = 45944, .adv_w = 267, .box_w = 16, .box_h = 14, .ofs_x = 0, .ofs_y = 0},
    {.bitmap_index = 46056, .adv_w = 157, .box_w = 14, .box_h = 14, .ofs_x = 0, .ofs_y = 0},
    {.bitmap_index = 46154, .adv_w = 87, .box_w = 3, .box_h = 14, .ofs_x = 1, .ofs_y = 0},
    {.bitmap_index = 46175, .adv_w = 175, .box_w = 9, .box_h = 14, .ofs_x = 1, .ofs_y = 0},
    {.bitmap_index = 46238, .adv_w = 262, .box_w = 14, .box_h = 14, .ofs_x = 1, .ofs_y = 0},
    {.bitmap_index = 46336, .adv_w = 314, .box_w = 19, .box_h = 14, .ofs_x = 1, .ofs_y = 0},
    {.bitmap_index = 46469, .adv_w = 227, .box_w = 14, .box_h = 14, .ofs_x = 0, .ofs_y = 0},
    {.bitmap_index = 46567, .adv_w = 314, .box_w = 19, .box_h = 14, .ofs_x = 0, .ofs_y = 0},
    {.bitmap_index = 46700, .adv_w = 401, .box_w = 24, .box_h = 14, .ofs_x = 0, .ofs_y = 0},
    {.bitmap_index = 46868, .adv_w = 489, .box_w = 29, .box_h = 14, .ofs_x = 0, .ofs_y = 0},
    {.bitmap_index = 47071, .adv_w = 312, .box_w = 18, .box_h = 14, .ofs_x = 1, .ofs_y = 0},
    {.bitmap_index = 47197, .adv_w = 224, .box_w = 14, .box_h = 14, .ofs_x = 0, .ofs_y = 0},
    {.bitmap_index = 47295, .adv_w = 312, .box_w = 18, .box_h = 14, .ofs_x = 0, .ofs_y = 0},
    {.bitmap_index = 47421, .adv_w = 399, .box_w = 24, .box_h = 14, .ofs_x = 0, .ofs_y = 0},
    {.bitmap_index = 47589, .adv_w = 181, .box_w = 10, .box_h = 14, .ofs_x = 1, .ofs_y = 0},
    {.bitmap_index = 47659, .adv_w = 235, .box_w = 13, .box_h = 14, .ofs_x = 1, .ofs_y = 0},
    {.bitmap_index = 47750, .adv_w = 231, .box_w = 13, .box_h = 14, .ofs_x = 1, .ofs_y = 0},
    {.bitmap_index = 47841, .adv_w = 292, .box_w = 16, .box_h = 14, .ofs_x = 1, .ofs_y = 0},
    {.bitmap_index = 47953, .adv_w = 87, .box_w = 3, .box_h = 15, .ofs_x = 1, .ofs_y = 0},
    {.bitmap_index = 47976, .adv_w = 161, .box_w = 8, .box_h = 15, .ofs_x = 1, .ofs_y = 0},
    {.bitmap_index = 48036, .adv_w = 242, .box_w = 13, .box_h = 15, .ofs_x = 1, .ofs_y = 0},
    {.bitmap_index = 48134, .adv_w = 265, .box_w = 16, .box_h = 15, .ofs_x = 1, .ofs_y = 0},
    {.bitmap_index = 48254, .adv_w = 176, .box_w = 11, .box_h = 11, .ofs_x = 0, .ofs_y = 0},
    {.bitmap_index = 48315, .adv_w = 243, .box_w = 15, .box_h = 15, .ofs_x = 0, .ofs_y = 0},
    {.bitmap_index = 48428, .adv_w = 345, .box_w = 21, .box_h = 15, .ofs_x = 0, .ofs_y = 0},
    {.bitmap_index = 48586, .adv_w = 426, .box_w = 26, .box_h = 15, .ofs_x = 0, .ofs_y = 0},
    {.bitmap_index = 48781, .adv_w = 259, .box_w = 15, .box_h = 15, .ofs_x = 1, .ofs_y = 0},
    {.bitmap_index = 48894, .adv_w = 177, .box_w = 11, .box_h = 11, .ofs_x = 0, .ofs_y = 0},
    {.bitmap_index = 48955, .adv_w = 259, .box_w = 16, .box_h = 15, .ofs_x = 0, .ofs_y = 0},
    {.bitmap_index = 49075, .adv_w = 340, .box_w = 21, .box_h = 15, .ofs_x = 0, .ofs_y = 0},
    {.bitmap_index = 49233, .adv_w = 81, .box_w = 3, .box_h = 14, .ofs_x = 1, .ofs_y = 0},
    {.bitmap_index = 49254, .adv_w = 185, .box_w = 11, .box_h = 11, .ofs_x = 0, .ofs_y = 0},
    {.bitmap_index = 49315, .adv_w = 198, .box_w = 11, .box_h = 14, .ofs_x = 0, .ofs_y = 0},
    {.bitmap_index = 49392, .adv_w = 284, .box_w = 16, .box_h = 11, .ofs_x = 1, .ofs_y = 0},
    {.bitmap_index = 49480, .adv_w = 214, .box_w = 12, .box_h = 14, .ofs_x = 1, .ofs_y = 0},
    {.bitmap_index = 49564, .adv_w = 177, .box_w = 11, .box_h = 11, .ofs_x = 0, .ofs_y = 0},
    {.bitmap_index = 49625, .adv_w = 236, .box_w = 13, .box_h = 18, .ofs_x = 1, .ofs_y = -4},
    {.bitmap_index = 49742, .adv_w = 274, .box_w = 15, .box_h = 14, .ofs_x = 1, .ofs_y = 0},
    {.bitmap_index = 49847, .adv_w = 312, .box_w = 19, .box_h = 14, .ofs_x = 0, .ofs_y = 0},
    {.bitmap_index = 49980, .adv_w = 305, .box_w = 16, .box_h = 14, .ofs_x = 1, .ofs_y = -1},
    {.bitmap_index = 50092, .adv_w = 275, .box_w = 14, .box_h = 15, .ofs_x = 2, .ofs_y = 0},
    {.bitmap_index = 50197, .adv_w = 305, .box_w = 16, .box_h = 14, .ofs_x = 2, .ofs_y = -1},
    {.bitmap_index = 50309, .adv_w = 275, .box_w = 14, .box_h = 16, .ofs_x = 2, .ofs_y = -1},
    {.bitmap_index = 50421, .adv_w = 429, .box_w = 24, .box_h = 14, .ofs_x = 1, .ofs_y = -1},
    {.bitmap_index = 50589, .adv_w = 269, .box_w = 14, .box_h = 24, .ofs_x = 1, .ofs_y = -6},
    {.bitmap_index = 50757, .adv_w = 249, .box_w = 12, .box_h = 12, .ofs_x = 2, .ofs_y = -1},
    {.bitmap_index = 50829, .adv_w = 249, .box_w = 12, .box_h = 12, .ofs_x = 2, .ofs_y = -1},
    {.bitmap_index = 50901, .adv_w = 249, .box_w = 12, .box_h = 11, .ofs_x = 2, .ofs_y = 0},
    {.bitmap_index = 50967, .adv_w = 249, .box_w = 12, .box_h = 11, .ofs_x = 2, .ofs_y = 0},
    {.bitmap_index = 51033, .adv_w = 368, .box_w = 21, .box_h = 16, .ofs_x = 1, .ofs_y = -1},
    {.bitmap_index = 51201, .adv_w = 368, .box_w = 20, .box_h = 16, .ofs_x = 1, .ofs_y = -1},
    {.bitmap_index = 51361, .adv_w = 319, .box_w = 17, .box_h = 16, .ofs_x = 1, .ofs_y = 0},
    {.bitmap_index = 51497, .adv_w = 319, .box_w = 16, .box_h = 16, .ofs_x = 2, .ofs_y = 0},
    {.bitmap_index = 51625, .adv_w = 319, .box_w = 16, .box_h = 14, .ofs_x = 2, .ofs_y = 1},
    {.bitmap_index = 51737, .adv_w = 274, .box_w = 14, .box_h = 16, .ofs_x = 2, .ofs_y = -1},
    {.bitmap_index = 51849, .adv_w = 319, .box_w = 17, .box_h = 14, .ofs_x = 1, .ofs_y = 1},
    {.bitmap_index = 51968, .adv_w = 305, .box_w = 15, .box_h = 18, .ofs_x = 2, .ofs_y = 0},
    {.bitmap_index = 52103, .adv_w = 305, .box_w = 15, .box_h = 18, .ofs_x = 2, .ofs_y = 0},
    {.bitmap_index = 52238, .adv_w = 305, .box_w = 16, .box_h = 15, .ofs_x = 1, .ofs_y = -1},
    {.bitmap_index = 52358, .adv_w = 305, .box_w = 16, .box_h = 15, .ofs_x = 2, .ofs_y = -1},
    {.bitmap_index = 52478, .adv_w = 429, .box_w = 24, .box_h = 15, .ofs_x = 1, .ofs_y = -1},
    {.bitmap_index = 52658, .adv_w = 198, .box_w = 10, .box_h = 15, .ofs_x = 1, .ofs_y = 0},
    {.bitmap_index = 52733, .adv_w = 198, .box_w = 10, .box_h = 16, .ofs_x = 1, .ofs_y = -1},
    {.bitmap_index = 52813, .adv_w = 328, .box_w = 18, .box_h = 10, .ofs_x = 1, .ofs_y = 2},
    {.bitmap_index = 52903, .adv_w = 328, .box_w = 18, .box_h = 10, .ofs_x = 1, .ofs_y = 2},
    {.bitmap_index = 52993, .adv_w = 337, .box_w = 19, .box_h = 16, .ofs_x = 1, .ofs_y = 0},
    {.bitmap_index = 53145, .adv_w = 337, .box_w = 19, .box_h = 20, .ofs_x = 1, .ofs_y = -4},
    {.bitmap_index = 53335, .adv_w = 207, .box_w = 11, .box_h = 16, .ofs_x = 1, .ofs_y = -1},
    {.bitmap_index = 53423, .adv_w = 220, .box_w = 13, .box_h = 13, .ofs_x = 0, .ofs_y = -1},
    {.bitmap_index = 53508, .adv_w = 225, .box_w = 14, .box_h = 14, .ofs_x = 0, .ofs_y = 0},
    {.bitmap_index = 53606, .adv_w = 236, .box_w = 12, .box_h = 18, .ofs_x = 1, .ofs_y = -3},
    {.bitmap_index = 53714, .adv_w = 214, .box_w = 12, .box_h = 18, .ofs_x = 1, .ofs_y = -3},
    {.bitmap_index = 53822, .adv_w = 214, .box_w = 11, .box_h = 3, .ofs_x = 1, .ofs_y = 4},
    {.bitmap_index = 53839, .adv_w = 206, .box_w = 13, .box_h = 15, .ofs_x = 0, .ofs_y = 0},
    {.bitmap_index = 53937, .adv_w = 304, .box_w = 19, .box_h = 9, .ofs_x = 0, .ofs_y = 2},
    {.bitmap_index = 54023, .adv_w = 120, .box_w = 9, .box_h = 21, .ofs_x = -1, .ofs_y = -5},
    {.bitmap_index = 54118, .adv_w = 97, .box_w = 4, .box_h = 11, .ofs_x = 1, .ofs_y = 2},
    {.bitmap_index = 54140, .adv_w = 214, .box_w = 11, .box_h = 9, .ofs_x = 1, .ofs_y = 1},
    {.bitmap_index = 54190, .adv_w = 214, .box_w = 10, .box_h = 12, .ofs_x = 2, .ofs_y = 0},
    {.bitmap_index = 54250, .adv_w = 214, .box_w = 11, .box_h = 12, .ofs_x = 1, .ofs_y = 0},
    {.bitmap_index = 54316, .adv_w = 214, .box_w = 11, .box_h = 12, .ofs_x = 1, .ofs_y = 0},
    {.bitmap_index = 54382, .adv_w = 445, .box_w = 28, .box_h = 28, .ofs_x = 0, .ofs_y = -7},
    {.bitmap_index = 54774, .adv_w = 445, .box_w = 28, .box_h = 28, .ofs_x = 0, .ofs_y = -7},
    {.bitmap_index = 55166, .adv_w = 445, .box_w = 28, .box_h = 28, .ofs_x = 0, .ofs_y = -7},
    {.bitmap_index = 55558, .adv_w = 445, .box_w = 28, .box_h = 28, .ofs_x = 0, .ofs_y = -7},
    {.bitmap_index = 55950, .adv_w = 253, .box_w = 13, .box_h = 8, .ofs_x = 1, .ofs_y = 7},
    {.bitmap_index = 56002, .adv_w = 253, .box_w = 13, .box_h = 8, .ofs_x = 1, .ofs_y = -1},
    {.bitmap_index = 56054, .adv_w = 253, .box_w = 13, .box_h = 11, .ofs_x = 1, .ofs_y = 4},
    {.bitmap_index = 56126, .adv_w = 317, .box_w = 16, .box_h = 16, .ofs_x = 2, .ofs_y = -1},
    {.bitmap_index = 56254, .adv_w = 327, .box_w = 18, .box_h = 15, .ofs_x = 1, .ofs_y = 0},
    {.bitmap_index = 56389, .adv_w = 389, .box_w = 22, .box_h = 15, .ofs_x = 1, .ofs_y = 0},
    {.bitmap_index = 56554, .adv_w = 326, .box_w = 18, .box_h = 15, .ofs_x = 1, .ofs_y = 0},
    {.bitmap_index = 56689, .adv_w = 389, .box_w = 22, .box_h = 15, .ofs_x = 1, .ofs_y = 0},
    {.bitmap_index = 56854, .adv_w = 255, .box_w = 14, .box_h = 15, .ofs_x = 1, .ofs_y = -1},
    {.bitmap_index = 56959, .adv_w = 327, .box_w = 18, .box_h = 15, .ofs_x = 1, .ofs_y = 0},
    {.bitmap_index = 57094, .adv_w = 305, .box_w = 15, .box_h = 15, .ofs_x = 2, .ofs_y = 0},
    {.bitmap_index = 57207, .adv_w = 319, .box_w = 17, .box_h = 14, .ofs_x = 1, .ofs_y = 1},
    {.bitmap_index = 57326, .adv_w = 276, .box_w = 15, .box_h = 13, .ofs_x = 1, .ofs_y = 2},
    {.bitmap_index = 57424, .adv_w = 293, .box_w = 16, .box_h = 15, .ofs_x = 1, .ofs_y = 0},
    {.bitmap_index = 57544, .adv_w = 293, .box_w = 16, .box_h = 15, .ofs_x = 1, .ofs_y = 0},
    {.bitmap_index = 57664, .adv_w = 293, .box_w = 16, .box_h = 15, .ofs_x = 1, .ofs_y = 0},
    {.bitmap_index = 57784, .adv_w = 171, .box_w = 7, .box_h = 7, .ofs_x = 2, .ofs_y = 2},
    {.bitmap_index = 57809, .adv_w = 327, .box_w = 19, .box_h = 16, .ofs_x = 1, .ofs_y = 0},
    {.bitmap_index = 57961, .adv_w = 327, .box_w = 19, .box_h = 16, .ofs_x = 1, .ofs_y = 0},
    {.bitmap_index = 58113, .adv_w = 297, .box_w = 17, .box_h = 19, .ofs_x = 1, .ofs_y = -2},
    {.bitmap_index = 58275, .adv_w = 297, .box_w = 17, .box_h = 19, .ofs_x = 1, .ofs_y = -2},
    {.bitmap_index = 58437, .adv_w = 297, .box_w = 17, .box_h = 19, .ofs_x = 1, .ofs_y = -2},
    {.bitmap_index = 58599, .adv_w = 297, .box_w = 17, .box_h = 19, .ofs_x = 1, .ofs_y = -2},
    {.bitmap_index = 58761, .adv_w = 327, .box_w = 19, .box_h = 16, .ofs_x = 1, .ofs_y = -1},
    {.bitmap_index = 58913, .adv_w = 327, .box_w = 19, .box_h = 16, .ofs_x = 1, .ofs_y = -1},
    {.bitmap_index = 59065, .adv_w = 297, .box_w = 16, .box_h = 19, .ofs_x = 1, .ofs_y = -2},
    {.bitmap_index = 59217, .adv_w = 297, .box_w = 16, .box_h = 19, .ofs_x = 1, .ofs_y = -2},
    {.bitmap_index = 59369, .adv_w = 297, .box_w = 16, .box_h = 19, .ofs_x = 1, .ofs_y = -2},
    {.bitmap_index = 59521, .adv_w = 297, .box_w = 16, .box_h = 19, .ofs_x = 1, .ofs_y = -2},
    {.bitmap_index = 59673, .adv_w = 337, .box_w = 21, .box_h = 20, .ofs_x = 0, .ofs_y = -3},
    {.bitmap_index = 59883, .adv_w = 337, .box_w = 21, .box_h = 20, .ofs_x = 0, .ofs_y = -3},
    {.bitmap_index = 60093, .adv_w = 181, .box_w = 11, .box_h = 15, .ofs_x = 0, .ofs_y = 0},
    {.bitmap_index = 60176, .adv_w = 293, .box_w = 16, .box_h = 16, .ofs_x = 1, .ofs_y = -1},
    {.bitmap_index = 60304, .adv_w = 293, .box_w = 16, .box_h = 16, .ofs_x = 1, .ofs_y = -1},
    {.bitmap_index = 60432, .adv_w = 171, .box_w = 7, .box_h = 7, .ofs_x = 2, .ofs_y = 2},
    {.bitmap_index = 60457, .adv_w = 445, .box_w = 28, .box_h = 28, .ofs_x = 0, .ofs_y = -7},
    {.bitmap_index = 60849, .adv_w = 342, .box_w = 19, .box_h = 19, .ofs_x = 1, .ofs_y = -2},
    {.bitmap_index = 61030, .adv_w = 334, .box_w = 19, .box_h = 18, .ofs_x = 1, .ofs_y = -1},
    {.bitmap_index = 61201, .adv_w = 334, .box_w = 19, .box_h = 18, .ofs_x = 1, .ofs_y = -1},
    {.bitmap_index = 61372, .adv_w = 342, .box_w = 19, .box_h = 19, .ofs_x = 1, .ofs_y = -2},
    {.bitmap_index = 61553, .adv_w = 327, .box_w = 18, .box_h = 16, .ofs_x = 1, .ofs_y = -1},
    {.bitmap_index = 61697, .adv_w = 327, .box_w = 18, .box_h = 16, .ofs_x = 1, .ofs_y = -1},
    {.bitmap_index = 61841, .adv_w = 247, .box_w = 14, .box_h = 17, .ofs_x = 1, .ofs_y = -2},
    {.bitmap_index = 61960, .adv_w = 317, .box_w = 18, .box_h = 18, .ofs_x = 1, .ofs_y = -2},
    {.bitmap_index = 62122, .adv_w = 328, .box_w = 20, .box_h = 17, .ofs_x = 0, .ofs_y = 0},
    {.bitmap_index = 62292, .adv_w = 283, .box_w = 15, .box_h = 11, .ofs_x = 2, .ofs_y = 1},
    {.bitmap_index = 62375, .adv_w = 283, .box_w = 12, .box_h = 11, .ofs_x = 3, .ofs_y = 1},
    {.bitmap_index = 62441, .adv_w = 337, .box_w = 21, .box_h = 20, .ofs_x = 0, .ofs_y = -3},
    {.bitmap_index = 62651, .adv_w = 327, .box_w = 18, .box_h = 16, .ofs_x = 1, .ofs_y = -1},
    {.bitmap_index = 62795, .adv_w = 445, .box_w = 28, .box_h = 28, .ofs_x = 0, .ofs_y = -7},
    {.bitmap_index = 63187, .adv_w = 445, .box_w = 28, .box_h = 28, .ofs_x = 0, .ofs_y = -7},
    {.bitmap_index = 63579, .adv_w = 445, .box_w = 28, .box_h = 28, .ofs_x = 0, .ofs_y = -7},
    {.bitmap_index = 63971, .adv_w = 445, .box_w = 28, .box_h = 28, .ofs_x = 0, .ofs_y = -7},
    {.bitmap_index = 64363, .adv_w = 445, .box_w = 28, .box_h = 28, .ofs_x = 0, .ofs_y = -7},
    {.bitmap_index = 64755, .adv_w = 445, .box_w = 28, .box_h = 28, .ofs_x = 0, .ofs_y = -7},
    {.bitmap_index = 65147, .adv_w = 445, .box_w = 28, .box_h = 28, .ofs_x = 0, .ofs_y = -7},
    {.bitmap_index = 65539, .adv_w = 445, .box_w = 28, .box_h = 28, .ofs_x = 0, .ofs_y = -7},
    {.bitmap_index = 65931, .adv_w = 445, .box_w = 28, .box_h = 28, .ofs_x = 0, .ofs_y = -7},
    {.bitmap_index = 66323, .adv_w = 320, .box_w = 20, .box_h = 21, .ofs_x = 0, .ofs_y = -3},
    {.bitmap_index = 66533, .adv_w = 320, .box_w = 22, .box_h = 19, .ofs_x = -1, .ofs_y = -2},
    {.bitmap_index = 66742, .adv_w = 360, .box_w = 22, .box_h = 21, .ofs_x = 0, .ofs_y = -3},
    {.bitmap_index = 66973, .adv_w = 320, .box_w = 20, .box_h = 15, .ofs_x = 0, .ofs_y = 0},
    {.bitmap_index = 67123, .adv_w = 320, .box_w = 20, .box_h = 19, .ofs_x = 0, .ofs_y = -2},
    {.bitmap_index = 67313, .adv_w = 320, .box_w = 20, .box_h = 15, .ofs_x = 0, .ofs_y = 0},
    {.bitmap_index = 67463, .adv_w = 220, .box_w = 14, .box_h = 15, .ofs_x = 0, .ofs_y = 0},
    {.bitmap_index = 67568, .adv_w = 320, .box_w = 20, .box_h = 21, .ofs_x = 0, .ofs_y = -3},
    {.bitmap_index = 67778, .adv_w = 320, .box_w = 20, .box_h = 21, .ofs_x = 0, .ofs_y = -3},
    {.bitmap_index = 67988, .adv_w = 360, .box_w = 23, .box_h = 19, .ofs_x = 0, .ofs_y = -2},
    {.bitmap_index = 68207, .adv_w = 320, .box_w = 20, .box_h = 21, .ofs_x = 0, .ofs_y = -3},
    {.bitmap_index = 68417, .adv_w = 320, .box_w = 20, .box_h = 21, .ofs_x = 0, .ofs_y = -3},
    {.bitmap_index = 68627, .adv_w = 360, .box_w = 23, .box_h = 15, .ofs_x = 0, .ofs_y = 0},
    {.bitmap_index = 68800, .adv_w = 320, .box_w = 20, .box_h = 21, .ofs_x = 0, .ofs_y = -3},
    {.bitmap_index = 69010, .adv_w = 160, .box_w = 10, .box_h = 16, .ofs_x = 0, .ofs_y = 0},
    {.bitmap_index = 69090, .adv_w = 240, .box_w = 15, .box_h = 16, .ofs_x = 0, .ofs_y = -1},
    {.bitmap_index = 69210, .adv_w = 360, .box_w = 23, .box_h = 19, .ofs_x = 0, .ofs_y = -2},
    {.bitmap_index = 69429, .adv_w = 320, .box_w = 20, .box_h = 19, .ofs_x = 0, .ofs_y = -2},
    {.bitmap_index = 69619, .adv_w = 320, .box_w = 20, .box_h = 15, .ofs_x = 0, .ofs_y = 0},
    {.bitmap_index = 69769, .adv_w = 220, .box_w = 14, .box_h = 21, .ofs_x = 0, .ofs_y = -3},
    {.bitmap_index = 69916, .adv_w = 280, .box_w = 13, .box_h = 19, .ofs_x = 2, .ofs_y = -2},
    {.bitmap_index = 70040, .adv_w = 280, .box_w = 18, .box_h = 21, .ofs_x = 0, .ofs_y = -3},
    {.bitmap_index = 70229, .adv_w = 280, .box_w = 18, .box_h = 19, .ofs_x = 0, .ofs_y = -2},
    {.bitmap_index = 70400, .adv_w = 280, .box_w = 18, .box_h = 19, .ofs_x = 0, .ofs_y = -2},
    {.bitmap_index = 70571, .adv_w = 280, .box_w = 13, .box_h = 19, .ofs_x = 2, .ofs_y = -2},
    {.bitmap_index = 70695, .adv_w = 280, .box_w = 19, .box_h = 19, .ofs_x = -1, .ofs_y = -2},
    {.bitmap_index = 70876, .adv_w = 200, .box_w = 11, .box_h = 19, .ofs_x = 1, .ofs_y = -2},
    {.bitmap_index = 70981, .adv_w = 200, .box_w = 11, .box_h = 19, .ofs_x = 1, .ofs_y = -2},
    {.bitmap_index = 71086, .adv_w = 280, .box_w = 18, .box_h = 19, .ofs_x = 0, .ofs_y = -2},
    {.bitmap_index = 71257, .adv_w = 280, .box_w = 18, .box_h = 5, .ofs_x = 0, .ofs_y = 5},
    {.bitmap_index = 71302, .adv_w = 320, .box_w = 20, .box_h = 19, .ofs_x = 0, .ofs_y = -2},
    {.bitmap_index = 71492, .adv_w = 240, .box_w = 15, .box_h = 21, .ofs_x = 0, .ofs_y = -3},
    {.bitmap_index = 71650, .adv_w = 360, .box_w = 23, .box_h = 15, .ofs_x = 0, .ofs_y = 0},
    {.bitmap_index = 71823, .adv_w = 400, .box_w = 26, .box_h = 21, .ofs_x = -1, .ofs_y = -3},
    {.bitmap_index = 72096, .adv_w = 360, .box_w = 24, .box_h = 21, .ofs_x = -1, .ofs_y = -3},
    {.bitmap_index = 72348, .adv_w = 360, .box_w = 24, .box_h = 21, .ofs_x = -1, .ofs_y = -3},
    {.bitmap_index = 72600, .adv_w = 320, .box_w = 20, .box_h = 19, .ofs_x = 0, .ofs_y = -2},
    {.bitmap_index = 72790, .adv_w = 280, .box_w = 18, .box_h = 11, .ofs_x = 0, .ofs_y = 2},
    {.bitmap_index = 72889, .adv_w = 280, .box_w = 18, .box_h = 11, .ofs_x = 0, .ofs_y = 2},
    {.bitmap_index = 72988, .adv_w = 400, .box_w = 26, .box_h = 16, .ofs_x = 0, .ofs_y = -1},
    {.bitmap_index = 73196, .adv_w = 360, .box_w = 24, .box_h = 21, .ofs_x = -1, .ofs_y = -3},
    {.bitmap_index = 73448, .adv_w = 320, .box_w = 20, .box_h = 15, .ofs_x = 0, .ofs_y = 0},
    {.bitmap_index = 73598, .adv_w = 360, .box_w = 23, .box_h = 21, .ofs_x = 0, .ofs_y = -3},
    {.bitmap_index = 73840, .adv_w = 320, .box_w = 20, .box_h = 21, .ofs_x = 0, .ofs_y = -3},
    {.bitmap_index = 74050, .adv_w = 320, .box_w = 21, .box_h = 21, .ofs_x = -1, .ofs_y = -3},
    {.bitmap_index = 74271, .adv_w = 320, .box_w = 20, .box_h = 15, .ofs_x = 0, .ofs_y = 0},
    {.bitmap_index = 74421, .adv_w = 240, .box_w = 15, .box_h = 21, .ofs_x = 0, .ofs_y = -3},
    {.bitmap_index = 74579, .adv_w = 400, .box_w = 25, .box_h = 19, .ofs_x = 0, .ofs_y = -2},
    {.bitmap_index = 74817, .adv_w = 280, .box_w = 18, .box_h = 19, .ofs_x = 0, .ofs_y = -2},
    {.bitmap_index = 74988, .adv_w = 280, .box_w = 18, .box_h = 21, .ofs_x = 0, .ofs_y = -3},
    {.bitmap_index = 75177, .adv_w = 280, .box_w = 18, .box_h = 19, .ofs_x = 0, .ofs_y = -2},
    {.bitmap_index = 75348, .adv_w = 280, .box_w = 18, .box_h = 17, .ofs_x = 0, .ofs_y = -1},
    {.bitmap_index = 75501, .adv_w = 320, .box_w = 20, .box_h = 15, .ofs_x = 0, .ofs_y = 0},
    {.bitmap_index = 75651, .adv_w = 200, .box_w = 14, .box_h = 21, .ofs_x = -1, .ofs_y = -3},
    {.bitmap_index = 75798, .adv_w = 360, .box_w = 24, .box_h = 21, .ofs_x = -1, .ofs_y = -3},
    {.bitmap_index = 76050, .adv_w = 280, .box_w = 18, .box_h = 21, .ofs_x = 0, .ofs_y = -3},
    {.bitmap_index = 76239, .adv_w = 280, .box_w = 18, .box_h = 21, .ofs_x = 0, .ofs_y = -3},
    {.bitmap_index = 76428, .adv_w = 400, .box_w = 27, .box_h = 19, .ofs_x = -1, .ofs_y = -2},
    {.bitmap_index = 76685, .adv_w = 280, .box_w = 18, .box_h = 19, .ofs_x = 0, .ofs_y = -2},
    {.bitmap_index = 76856, .adv_w = 310, .box_w = 20, .box_h = 21, .ofs_x = 0, .ofs_y = -3},
    {.bitmap_index = 77066, .adv_w = 310, .box_w = 20, .box_h = 21, .ofs_x = 0, .ofs_y = -3},
    {.bitmap_index = 77276, .adv_w = 310, .box_w = 20, .box_h = 21, .ofs_x = 0, .ofs_y = -3},
    {.bitmap_index = 77486, .adv_w = 360, .box_w = 23, .box_h = 15, .ofs_x = 0, .ofs_y = 0},
    {.bitmap_index = 77659, .adv_w = 320, .box_w = 22, .box_h = 21, .ofs_x = -1, .ofs_y = -3},
    {.bitmap_index = 77890, .adv_w = 320, .box_w = 20, .box_h = 21, .ofs_x = 0, .ofs_y = -3},
    {.bitmap_index = 78100, .adv_w = 240, .box_w = 15, .box_h = 21, .ofs_x = 0, .ofs_y = -3},
    {.bitmap_index = 78258, .adv_w = 320, .box_w = 20, .box_h = 21, .ofs_x = 0, .ofs_y = -3},
    {.bitmap_index = 78468, .adv_w = 320, .box_w = 20, .box_h = 21, .ofs_x = 0, .ofs_y = -3},
    {.bitmap_index = 78678, .adv_w = 320, .box_w = 20, .box_h = 21, .ofs_x = 0, .ofs_y = -3},
    {.bitmap_index = 78888, .adv_w = 320, .box_w = 19, .box_h = 21, .ofs_x = 1, .ofs_y = -3},
    {.bitmap_index = 79088, .adv_w = 320, .box_w = 21, .box_h = 15, .ofs_x = 0, .ofs_y = 0},
    {.bitmap_index = 79246, .adv_w = 240, .box_w = 16, .box_h = 21, .ofs_x = -1, .ofs_y = -3},
    {.bitmap_index = 79414, .adv_w = 320, .box_w = 20, .box_h = 21, .ofs_x = 0, .ofs_y = -3},
    {.bitmap_index = 79624, .adv_w = 320, .box_w = 20, .box_h = 21, .ofs_x = 0, .ofs_y = -3},
    {.bitmap_index = 79834, .adv_w = 400, .box_w = 25, .box_h = 19, .ofs_x = 0, .ofs_y = -2},
    {.bitmap_index = 80072, .adv_w = 280, .box_w = 18, .box_h = 21, .ofs_x = 0, .ofs_y = -3},
    {.bitmap_index = 80261, .adv_w = 400, .box_w = 25, .box_h = 15, .ofs_x = 0, .ofs_y = 0},
    {.bitmap_index = 80449, .adv_w = 400, .box_w = 25, .box_h = 13, .ofs_x = 0, .ofs_y = 1},
    {.bitmap_index = 80612, .adv_w = 400, .box_w = 25, .box_h = 13, .ofs_x = 0, .ofs_y = 1},
    {.bitmap_index = 80775, .adv_w = 400, .box_w = 25, .box_h = 13, .ofs_x = 0, .ofs_y = 1},
    {.bitmap_index = 80938, .adv_w = 400, .box_w = 25, .box_h = 13, .ofs_x = 0, .ofs_y = 1},
    {.bitmap_index = 81101, .adv_w = 400, .box_w = 25, .box_h = 13, .ofs_x = 0, .ofs_y = 1},
    {.bitmap_index = 81264, .adv_w = 280, .box_w = 19, .box_h = 21, .ofs_x = -1, .ofs_y = -3},
    {.bitmap_index = 81464, .adv_w = 400, .box_w = 26, .box_h = 17, .ofs_x = 0, .ofs_y = -1},
    {.bitmap_index = 81685, .adv_w = 280, .box_w = 16, .box_h = 21, .ofs_x = 1, .ofs_y = -3},
    {.bitmap_index = 81853, .adv_w = 280, .box_w = 19, .box_h = 21, .ofs_x = -1, .ofs_y = -3},
    {.bitmap_index = 82053, .adv_w = 260, .box_w = 17, .box_h = 21, .ofs_x = 0, .ofs_y = -3},
    {.bitmap_index = 82232, .adv_w = 280, .box_w = 18, .box_h = 21, .ofs_x = 0, .ofs_y = -3},
    {.bitmap_index = 82421, .adv_w = 320, .box_w = 20, .box_h = 21, .ofs_x = 0, .ofs_y = -3},
    {.bitmap_index = 82631, .adv_w = 320, .box_w = 21, .box_h = 21, .ofs_x = -1, .ofs_y = -3},
    {.bitmap_index = 82852, .adv_w = 360, .box_w = 23, .box_h = 21, .ofs_x = 0, .ofs_y = -3},
    {.bitmap_index = 83094, .adv_w = 240, .box_w = 15, .box_h = 21, .ofs_x = 0, .ofs_y = -3},
    {.bitmap_index = 83252, .adv_w = 400, .box_w = 25, .box_h = 19, .ofs_x = 0, .ofs_y = -2},
    {.bitmap_index = 83490, .adv_w = 400, .box_w = 25, .box_h = 19, .ofs_x = 0, .ofs_y = -3},
    {.bitmap_index = 83728, .adv_w = 320, .box_w = 20, .box_h = 19, .ofs_x = 0, .ofs_y = -2},
    {.bitmap_index = 83918, .adv_w = 310, .box_w = 20, .box_h = 21, .ofs_x = 0, .ofs_y = -3},
    {.bitmap_index = 84128, .adv_w = 320, .box_w = 20, .box_h = 21, .ofs_x = 0, .ofs_y = -3},
    {.bitmap_index = 84338, .adv_w = 310, .box_w = 20, .box_h = 20, .ofs_x = 0, .ofs_y = -3},
    {.bitmap_index = 84538, .adv_w = 400, .box_w = 25, .box_h = 15, .ofs_x = 0, .ofs_y = 0},
    {.bitmap_index = 84726, .adv_w = 310, .box_w = 20, .box_h = 21, .ofs_x = 0, .ofs_y = -3},
    {.bitmap_index = 84936, .adv_w = 310, .box_w = 20, .box_h = 21, .ofs_x = 0, .ofs_y = -3},
    {.bitmap_index = 85146, .adv_w = 310, .box_w = 20, .box_h = 21, .ofs_x = 0, .ofs_y = -3},
    {.bitmap_index = 85356, .adv_w = 310, .box_w = 20, .box_h = 21, .ofs_x = 0, .ofs_y = -3},
    {.bitmap_index = 85566, .adv_w = 310, .box_w = 20, .box_h = 21, .ofs_x = 0, .ofs_y = -3},
    {.bitmap_index = 85776, .adv_w = 310, .box_w = 20, .box_h = 21, .ofs_x = 0, .ofs_y = -3},
    {.bitmap_index = 85986, .adv_w = 315, .box_w = 20, .box_h = 21, .ofs_x = 0, .ofs_y = -3},
    {.bitmap_index = 86196, .adv_w = 310, .box_w = 20, .box_h = 21, .ofs_x = 0, .ofs_y = -3},
    {.bitmap_index = 86406, .adv_w = 320, .box_w = 20, .box_h = 21, .ofs_x = 0, .ofs_y = -3},
    {.bitmap_index = 86616, .adv_w = 310, .box_w = 20, .box_h = 21, .ofs_x = 0, .ofs_y = -3},
    {.bitmap_index = 86826, .adv_w = 400, .box_w = 25, .box_h = 21, .ofs_x = 0, .ofs_y = -3},
    {.bitmap_index = 87089, .adv_w = 310, .box_w = 20, .box_h = 21, .ofs_x = 0, .ofs_y = -3},
    {.bitmap_index = 87299, .adv_w = 310, .box_w = 20, .box_h = 21, .ofs_x = 0, .ofs_y = -3},
    {.bitmap_index = 87509, .adv_w = 310, .box_w = 20, .box_h = 21, .ofs_x = 0, .ofs_y = -3},
    {.bitmap_index = 87719, .adv_w = 310, .box_w = 20, .box_h = 21, .ofs_x = 0, .ofs_y = -3},
    {.bitmap_index = 87929, .adv_w = 310, .box_w = 20, .box_h = 21, .ofs_x = 0, .ofs_y = -3},
    {.bitmap_index = 88139, .adv_w = 310, .box_w = 20, .box_h = 21, .ofs_x = 0, .ofs_y = -3},
    {.bitmap_index = 88349, .adv_w = 310, .box_w = 20, .box_h = 21, .ofs_x = 0, .ofs_y = -3},
    {.bitmap_index = 88559, .adv_w = 310, .box_w = 20, .box_h = 21, .ofs_x = 0, .ofs_y = -3},
    {.bitmap_index = 88769, .adv_w = 310, .box_w = 20, .box_h = 21, .ofs_x = 0, .ofs_y = -3},
    {.bitmap_index = 88979, .adv_w = 310, .box_w = 20, .box_h = 21, .ofs_x = 0, .ofs_y = -3},
    {.bitmap_index = 89189, .adv_w = 310, .box_w = 20, .box_h = 21, .ofs_x = 0, .ofs_y = -3},
    {.bitmap_index = 89399, .adv_w = 310, .box_w = 20, .box_h = 21, .ofs_x = 0, .ofs_y = -3},
    {.bitmap_index = 89609, .adv_w = 400, .box_w = 25, .box_h = 21, .ofs_x = 0, .ofs_y = -3},
    {.bitmap_index = 89872, .adv_w = 320, .box_w = 20, .box_h = 20, .ofs_x = 0, .ofs_y = -3},
    {.bitmap_index = 90072, .adv_w = 320, .box_w = 20, .box_h = 20, .ofs_x = 0, .ofs_y = -3},
    {.bitmap_index = 90272, .adv_w = 240, .box_w = 15, .box_h = 21, .ofs_x = 0, .ofs_y = -3},
    {.bitmap_index = 90430, .adv_w = 260, .box_w = 17, .box_h = 21, .ofs_x = 0, .ofs_y = -3},
    {.bitmap_index = 90609, .adv_w = 400, .box_w = 27, .box_h = 21, .ofs_x = -1, .ofs_y = -3},
    {.bitmap_index = 90893, .adv_w = 320, .box_w = 22, .box_h = 19, .ofs_x = -1, .ofs_y = -2},
    {.bitmap_index = 91102, .adv_w = 240, .box_w = 15, .box_h = 21, .ofs_x = 0, .ofs_y = -3},
    {.bitmap_index = 91260, .adv_w = 322, .box_w = 21, .box_h = 13, .ofs_x = 0, .ofs_y = 1}
};

/*---------------------
 *  CHARACTER MAPPING
 *--------------------*/

static const uint8_t glyph_id_ofs_list_5[] = {
    0, 1, 2, 0, 0, 0, 3, 4,
    5, 6, 7, 8, 0, 0, 0, 0,
    9, 10, 11, 12, 13, 14, 15, 0,
    16
};

static const uint16_t unicode_list_8[] = {
    0x0, 0x1, 0x14, 0x15, 0x16, 0x17, 0x18, 0x19,
    0x1a, 0x1d, 0x1e, 0x20, 0x21, 0x22, 0x23
};

static const uint16_t unicode_list_11[] = {
    0x0, 0x19, 0x1a
};

static const uint16_t unicode_list_15[] = {
    0x0, 0x1, 0x2, 0x3, 0x4, 0x7, 0x8, 0x9,
    0xb, 0xc, 0xd, 0xe, 0xf, 0x4f, 0x50, 0x52,
    0x54, 0x55, 0x58, 0x62, 0x65, 0x66, 0x6d, 0x6e,
    0x6f, 0x70, 0x71, 0x75, 0x79, 0x7a, 0x7d, 0x81,
    0x8a, 0x9c
};

static const uint16_t unicode_list_17[] = {
    0x0, 0x1, 0x2, 0x3, 0x6, 0xd, 0xe, 0xf,
    0x10, 0x11, 0x12, 0x13, 0x14, 0x15, 0x16, 0x26,
    0x27, 0x2d, 0x2e, 0x30, 0x31, 0x32, 0x37, 0x38,
    0x4d, 0x4f, 0x51, 0x5b, 0x5c, 0x61, 0x62, 0x64,
    0x67, 0x7f, 0x82, 0x83, 0x8c, 0x8e, 0x8f, 0x97,
    0x9b, 0xa8, 0xb3, 0xc5, 0xdd, 0xe1, 0xe2, 0x112,
    0x113, 0x114, 0x115, 0x180, 0x181, 0x182, 0x195, 0x1a2,
    0x1a3, 0x1a4, 0x1a8, 0x1fd, 0x204, 0x208, 0x24b, 0x24c,
    0x41d, 0x41e, 0x41f, 0x427, 0x42f, 0x430, 0x433, 0x434,
    0x437, 0x438, 0x439, 0x43a, 0x43d, 0x43e, 0x441, 0x442,
    0x443, 0x444, 0x447, 0x448, 0x44c, 0x463, 0x46c, 0x47d,
    0x482, 0x483, 0x4b9, 0x4de, 0x4e2, 0x4e7, 0x4e8, 0x51d,
    0x590, 0x594, 0x5d3, 0x5e1, 0x5fd, 0x5fe, 0x5ff, 0x600,
    0x601, 0x602, 0x603, 0x604, 0x605, 0xce7e, 0xce81, 0xce82,
    0xce85, 0xce88, 0xce89, 0xce8a, 0xce8e, 0xce90, 0xce92, 0xce94,
    0xce96, 0xce99, 0xce9e, 0xcea3, 0xcea4, 0xcea5, 0xcead, 0xcebb,
    0xcec0, 0xcec5, 0xcec8, 0xcec9, 0xceca, 0xcece, 0xcecf, 0xced0,
    0xced1, 0xcee4, 0xcee5, 0xcee8, 0xceea, 0xceeb, 0xceed, 0xceee,
    0xceef, 0xcef1, 0xcef4, 0xcef5, 0xcef6, 0xcef7, 0xcef8, 0xcf0e,
    0xcf10, 0xcf12, 0xcf21, 0xcf23, 0xcf3f, 0xcf41, 0xcf42, 0xcf44,
    0xcf46, 0xcf5d, 0xcf64, 0xcf66, 0xcf67, 0xcf70, 0xcf71, 0xcf79,
    0xcf95, 0xcf96, 0xcf97, 0xcf99, 0xcfa1, 0xcfb2, 0xcfd8, 0xcfe1,
    0xcfe2, 0xd002, 0xd003, 0xd036, 0xd038, 0xd05f, 0xd060, 0xd068,
    0xd07a, 0xd0b3, 0xd0bd, 0xd0be, 0xd0bf, 0xd0c0, 0xd0c1, 0xd0d8,
    0xd104, 0xd110, 0xd159, 0xd164, 0xd16a, 0xd17b, 0xd181, 0xd222,
    0xd242, 0xd2c8, 0xd33f, 0xd355, 0xd357, 0xd3c9, 0xd3d3, 0xd3d7,
    0xd3e4, 0xd3f6, 0xd3f7, 0xd3fc, 0xd3fd, 0xd3ff, 0xd400, 0xd401,
    0xd403, 0xd404, 0xd405, 0xd406, 0xd408, 0xd409, 0xd413, 0xd418,
    0xd421, 0xd422, 0xd430, 0xd431, 0xd435, 0xd43f, 0xd445, 0xd501,
    0xd53b, 0xd550, 0xd55f, 0xd589, 0xd61c, 0xd626, 0xd63f, 0xd71f
};

/*Collect the unicode lists and glyph_id offsets*/
static const lv_font_fmt_txt_cmap_t cmaps[] =
{
    {
        .range_start = 32, .range_length = 95, .glyph_id_start = 1,
        .unicode_list = NULL, .glyph_id_ofs_list = NULL, .list_length = 0, .type = LV_FONT_FMT_TXT_CMAP_FORMAT0_TINY
    },
    {
        .range_start = 160, .range_length = 13, .glyph_id_start = 96,
        .unicode_list = NULL, .glyph_id_ofs_list = NULL, .list_length = 0, .type = LV_FONT_FMT_TXT_CMAP_FORMAT0_TINY
    },
    {
        .range_start = 174, .range_length = 155, .glyph_id_start = 109,
        .unicode_list = NULL, .glyph_id_ofs_list = NULL, .list_length = 0, .type = LV_FONT_FMT_TXT_CMAP_FORMAT0_TINY
    },
    {
        .range_start = 330, .range_length = 54, .glyph_id_start = 264,
        .unicode_list = NULL, .glyph_id_ofs_list = NULL, .list_length = 0, .type = LV_FONT_FMT_TXT_CMAP_FORMAT0_TINY
    },
    {
        .range_start = 536, .range_length = 4, .glyph_id_start = 318,
        .unicode_list = NULL, .glyph_id_ofs_list = NULL, .list_length = 0, .type = LV_FONT_FMT_TXT_CMAP_FORMAT0_TINY
    },
    {
        .range_start = 884, .range_length = 25, .glyph_id_start = 322,
        .unicode_list = NULL, .glyph_id_ofs_list = glyph_id_ofs_list_5, .list_length = 25, .type = LV_FONT_FMT_TXT_CMAP_FORMAT0_FULL
    },
    {
        .range_start = 910, .range_length = 20, .glyph_id_start = 339,
        .unicode_list = NULL, .glyph_id_ofs_list = NULL, .list_length = 0, .type = LV_FONT_FMT_TXT_CMAP_FORMAT0_TINY
    },
    {
        .range_start = 931, .range_length = 53, .glyph_id_start = 359,
        .unicode_list = NULL, .glyph_id_ofs_list = NULL, .list_length = 0, .type = LV_FONT_FMT_TXT_CMAP_FORMAT0_TINY
    },
    {
        .range_start = 988, .range_length = 36, .glyph_id_start = 412,
        .unicode_list = unicode_list_8, .glyph_id_ofs_list = NULL, .list_length = 15, .type = LV_FONT_FMT_TXT_CMAP_SPARSE_TINY
    },
    {
        .range_start = 8208, .range_length = 24, .glyph_id_start = 427,
        .unicode_list = NULL, .glyph_id_ofs_list = NULL, .list_length = 0, .type = LV_FONT_FMT_TXT_CMAP_FORMAT0_TINY
    },
    {
        .range_start = 8239, .range_length = 39, .glyph_id_start = 451,
        .unicode_list = NULL, .glyph_id_ofs_list = NULL, .list_length = 0, .type = LV_FONT_FMT_TXT_CMAP_FORMAT0_TINY
    },
    {
        .range_start = 8279, .range_length = 27, .glyph_id_start = 490,
        .unicode_list = unicode_list_11, .glyph_id_ofs_list = NULL, .list_length = 3, .type = LV_FONT_FMT_TXT_CMAP_SPARSE_TINY
    },
    {
        .range_start = 8308, .range_length = 27, .glyph_id_start = 493,
        .unicode_list = NULL, .glyph_id_ofs_list = NULL, .list_length = 0, .type = LV_FONT_FMT_TXT_CMAP_FORMAT0_TINY
    },
    {
        .range_start = 8336, .range_length = 13, .glyph_id_start = 520,
        .unicode_list = NULL, .glyph_id_ofs_list = NULL, .list_length = 0, .type = LV_FONT_FMT_TXT_CMAP_FORMAT0_TINY
    },
    {
        .range_start = 8352, .range_length = 16, .glyph_id_start = 533,
        .unicode_list = NULL, .glyph_id_ofs_list = NULL, .list_length = 0, .type = LV_FONT_FMT_TXT_CMAP_FORMAT0_TINY
    },
    {
        .range_start = 8369, .range_length = 157, .glyph_id_start = 549,
        .unicode_list = unicode_list_15, .glyph_id_ofs_list = NULL, .list_length = 34, .type = LV_FONT_FMT_TXT_CMAP_SPARSE_TINY
    },
    {
        .range_start = 8528, .range_length = 48, .glyph_id_start = 583,
        .unicode_list = NULL, .glyph_id_ofs_list = NULL, .list_length = 0, .type = LV_FONT_FMT_TXT_CMAP_FORMAT0_TINY
    },
    {
        .range_start = 8579, .range_length = 55072, .glyph_id_start = 631,
        .unicode_list = unicode_list_17, .glyph_id_ofs_list = NULL, .list_length = 240, .type = LV_FONT_FMT_TXT_CMAP_SPARSE_TINY
    }
};

/*-----------------
 *    KERNING
 *----------------*/


/*Map glyph_ids to kern left classes*/
static const uint8_t kern_left_class_mapping[] =
{
    0, 0, 0, 1, 0, 2, 3, 4,
    1, 5, 6, 7, 8, 9, 8, 9,
    10, 11, 12, 13, 14, 15, 16, 17,
    18, 14, 11, 19, 19, 0, 20, 21,
    22, 23, 0, 0, 0, 0, 0, 0,
    0, 0, 0, 0, 0, 0, 0, 0,
    0, 0, 0, 0, 0, 0, 0, 0,
    0, 0, 0, 0, 5, 24, 6, 7,
    25, 0, 0, 0, 0, 0, 0, 0,
    0, 0, 0, 0, 0, 0, 0, 0,
    0, 0, 0, 0, 0, 0, 0, 0,
    0, 0, 0, 0, 5, 12, 6, 8,
    0, 26, 27, 0, 0, 0, 0, 0,
    0, 23, 0, 28, 29, 30, 0, 7,
    20, 31, 32, 0, 33, 12, 34, 0,
    35, 0, 36, 0, 0, 0, 37, 0,
    0, 0, 0, 0, 0, 0, 0, 0,
    0, 0, 0, 0, 0, 0, 0, 0,
    0, 0, 0, 0, 0, 0, 38, 0,
    0, 0, 0, 0, 0, 0, 0, 0,
    0, 0, 0, 0, 0, 0, 0, 0,
    0, 0, 0, 0, 0, 0, 0, 0,
    0, 0, 0, 0, 0, 0, 8, 0,
    0, 0, 0, 0, 0, 0, 0, 0,
    0, 0, 0, 0, 0, 0, 0, 0,
    0, 0, 0, 0, 0, 0, 0, 0,
    0, 0, 0, 0, 0, 0, 0, 0,
    0, 0, 0, 0, 0, 0, 0, 0,
    0, 0, 0, 0, 0, 0, 0, 0,
    0, 0, 0, 0, 0, 0, 0, 0,
    0, 0, 0, 0, 0, 0, 0, 0,
    0, 0, 0, 0, 0, 0, 0, 0,
    0, 0, 0, 0, 0, 0, 0, 0,
    0, 0, 0, 0, 0, 0, 0, 0,
    0, 0, 0, 0, 0, 0, 0, 0,
    0, 0, 0, 0, 0, 0, 0, 0,
    0, 0, 0, 0, 0, 0, 0, 0,
    0, 0, 0, 0, 0, 0, 0, 0,
    0, 0, 0, 0, 0, 0, 0, 0,
    0, 0, 0, 0, 0, 0, 0, 0,
    0, 0, 0, 0, 0, 0, 0, 0,
    0, 0, 0, 0, 0, 0, 1, 0,
    0, 0, 0, 0, 0, 0, 0, 0,
    0, 39, 0, 0, 0, 0, 0, 0,
    0, 0, 0, 0, 0, 0, 0, 0,
    0, 0, 0, 0, 0, 0, 0, 0,
    0, 0, 0, 0, 0, 0, 0, 0,
    0, 0, 0, 0, 0, 0, 0, 0,
    0, 0, 0, 0, 0, 0, 0, 0,
    0, 0, 0, 0, 0, 0, 0, 0,
    0, 0, 0, 0, 0, 0, 0, 0,
    0, 0, 0, 0, 0, 0, 0, 0,
    0, 0, 0, 0, 0, 0, 0, 0,
    0, 0, 0, 0, 0, 0, 0, 0,
    0, 0, 0, 40, 41, 42, 0, 40,
    41, 42, 0, 43, 43, 44, 44, 0,
    0, 45, 0, 0, 0, 0, 0, 0,
    41, 0, 0, 0, 0, 28, 36, 0,
    0, 22, 0, 0, 0, 0, 0, 44,
    0, 0, 0, 0, 0, 0, 0, 46,
    47, 44, 0, 19, 0, 0, 0, 0,
    0, 0, 0, 32, 0, 48, 32, 32,
    49, 32, 32, 50, 50, 0, 0, 0,
    0, 51, 51, 51, 51, 51, 52, 51,
    53, 51, 51, 51, 51, 51, 51, 51,
    0, 0, 0, 0, 0, 0, 0, 0,
    0, 0, 0, 0, 0, 0, 54, 0,
    0, 0, 0, 0, 55, 56, 0, 0,
    0, 0, 0, 0, 27, 0, 57, 0,
    0, 54, 0, 0, 0, 0, 58, 0,
    59, 0, 0, 0, 0, 0, 0, 0,
    0, 0, 30, 60, 60, 0, 0, 43,
    0, 0, 0, 0, 0, 0, 0, 0,
    0, 0, 0, 0, 0, 0, 0, 0,
    0, 0, 0, 0, 0, 0, 0, 0,
    0, 0, 0, 0, 0, 0, 0, 0,
    0, 0, 0, 0, 0, 0, 0, 0,
    0, 0, 0, 0, 0, 0, 0, 0,
    0, 0, 0, 0, 0, 0, 0, 0,
    0, 0, 0, 0, 8, 0, 0, 0,
    0, 0, 0, 0, 0, 0, 0, 0,
    0, 0, 0, 0, 0, 0, 0, 20,
    0, 0, 0, 0, 0, 0, 0, 0,
    0, 0, 39, 0, 0, 8, 0, 0,
    0, 0, 20, 20, 20, 20, 0, 0,
    0, 0, 0, 0, 0, 0, 0, 0,
    12, 0, 0, 0, 0, 0, 0, 12,
    12, 12, 0, 39, 39, 0, 0, 0,
    0, 0, 0, 0, 0, 0, 0, 0,
    0, 0, 23, 23, 44, 0, 0, 0,
    0, 0, 0, 0, 23, 12, 39, 0,
    0, 0, 0, 0, 0, 0, 0, 0,
    0, 0, 0, 0, 0, 0, 0, 0,
    0, 0, 0, 0, 0, 0, 0, 0,
    0, 0, 0, 0, 0, 0, 0, 0,
    0, 0, 0, 0, 0, 0, 0, 0,
    0, 0, 0, 0, 0, 0, 0, 0,
    0, 0, 0, 0, 0, 0, 0, 0,
    0, 0, 0, 0, 0, 0, 0, 0,
    0, 0, 0, 0, 0, 0, 0, 0,
    0, 0, 0, 0, 0, 0, 0, 0,
    0, 0, 0, 0, 0, 0, 0, 0,
    0, 0, 0, 0, 0, 0, 0, 0,
    0, 0, 0, 0, 0, 0, 0, 0,
    0, 0, 0, 0, 0, 0, 0, 0,
    0, 0, 0, 0, 0, 0, 0, 0,
    0, 0, 0, 0, 0, 0, 0, 0,
    0, 0, 0, 0, 0, 0, 0, 0,
    0, 0, 0, 0, 0, 0, 0
};

/*Map glyph_ids to kern right classes*/
static const uint8_t kern_right_class_mapping[] =
{
    0, 1, 2, 3, 4, 5, 0, 6,
    3, 0, 7, 8, 9, 10, 9, 11,
    12, 13, 14, 15, 16, 17, 18, 13,
    19, 20, 21, 22, 22, 23, 24, 0,
    25, 26, 0, 0, 0, 0, 0, 0,
    0, 0, 0, 0, 0, 0, 0, 0,
    0, 0, 0, 0, 0, 0, 0, 0,
    0, 0, 0, 0, 0, 27, 7, 8,
    28, 0, 0, 0, 0, 0, 0, 0,
    0, 0, 0, 0, 0, 0, 0, 0,
    0, 0, 0, 0, 0, 0, 0, 0,
    0, 0, 0, 0, 0, 29, 7, 30,
    0, 0, 31, 0, 0, 0, 0, 0,
    0, 26, 0, 32, 33, 34, 0, 8,
    24, 35, 0, 0, 36, 37, 9, 0,
    38, 0, 39, 0, 0, 0, 40, 0,
    0, 0, 0, 0, 0, 0, 0, 0,
    0, 0, 0, 0, 0, 0, 0, 0,
    0, 0, 0, 0, 0, 0, 41, 0,
    0, 0, 0, 0, 0, 0, 0, 0,
    0, 0, 0, 0, 0, 0, 0, 0,
    0, 0, 0, 0, 0, 0, 0, 0,
    0, 0, 0, 0, 0, 0, 9, 0,
    0, 0, 0, 0, 0, 0, 0, 0,
    0, 0, 0, 0, 0, 0, 0, 0,
    0, 0, 0, 0, 0, 0, 0, 0,
    0, 0, 0, 0, 0, 0, 0, 0,
    0, 0, 0, 0, 0, 0, 0, 0,
    0, 0, 0, 0, 0, 0, 0, 0,
    0, 0, 0, 0, 0, 0, 0, 0,
    0, 0, 0, 0, 0, 0, 0, 0,
    0, 0, 0, 0, 0, 0, 0, 0,
    0, 0, 0, 0, 0, 0, 0, 0,
    0, 0, 0, 0, 0, 0, 0, 0,
    0, 0, 0, 0, 0, 0, 0, 0,
    0, 0, 0, 0, 0, 0, 0, 0,
    0, 0, 0, 0, 0, 0, 0, 0,
    0, 0, 0, 0, 0, 0, 0, 0,
    0, 0, 0, 0, 0, 0, 0, 0,
    0, 0, 0, 0, 0, 0, 0, 0,
    0, 0, 0, 0, 0, 0, 0, 0,
    0, 0, 0, 0, 0, 0, 3, 0,
    0, 0, 0, 0, 0, 0, 0, 0,
    0, 42, 0, 0, 0, 0, 0, 0,
    0, 0, 0, 0, 0, 0, 0, 0,
    0, 0, 0, 0, 0, 0, 0, 0,
    0, 0, 0, 0, 0, 0, 0, 0,
    0, 0, 0, 0, 0, 0, 0, 0,
    0, 0, 0, 0, 0, 0, 0, 0,
    0, 0, 0, 0, 0, 0, 0, 0,
    0, 0, 0, 0, 0, 0, 0, 0,
    0, 0, 0, 0, 0, 0, 0, 0,
    0, 0, 0, 0, 0, 0, 0, 0,
    0, 0, 0, 0, 0, 0, 0, 0,
    0, 0, 0, 43, 44, 45, 46, 43,
    44, 45, 47, 48, 48, 41, 41, 0,
    0, 49, 0, 0, 0, 0, 0, 0,
    44, 0, 0, 0, 0, 32, 39, 0,
    0, 25, 0, 0, 0, 0, 0, 41,
    50, 0, 0, 0, 0, 0, 51, 29,
    41, 52, 0, 22, 0, 0, 0, 0,
    0, 0, 0, 0, 0, 53, 0, 0,
    54, 0, 55, 0, 0, 0, 0, 56,
    0, 57, 57, 57, 57, 58, 0, 57,
    59, 57, 57, 57, 57, 57, 57, 57,
    0, 0, 0, 0, 0, 0, 0, 0,
    0, 0, 0, 0, 0, 0, 26, 0,
    0, 0, 0, 0, 29, 29, 0, 0,
    31, 0, 0, 0, 0, 0, 26, 0,
    0, 26, 60, 0, 0, 0, 0, 0,
    29, 0, 0, 0, 0, 0, 0, 0,
    0, 29, 34, 29, 29, 0, 0, 48,
    0, 0, 0, 0, 0, 0, 0, 0,
    0, 0, 0, 0, 0, 0, 0, 0,
    0, 0, 0, 0, 0, 0, 0, 0,
    0, 0, 0, 0, 0, 0, 0, 0,
    0, 0, 0, 0, 0, 0, 0, 0,
    0, 0, 0, 0, 0, 0, 0, 0,
    0, 0, 0, 0, 0, 0, 0, 0,
    0, 0, 0, 0, 0, 0, 9, 0,
    0, 0, 0, 0, 0, 0, 0, 0,
    0, 0, 0, 0, 0, 0, 0, 0,
    24, 0, 0, 0, 0, 0, 0, 0,
    0, 0, 42, 0, 0, 9, 0, 0,
    61, 22, 24, 24, 24, 24, 0, 0,
    0, 0, 0, 0, 0, 0, 62, 0,
    29, 0, 0, 0, 0, 0, 0, 29,
    29, 29, 0, 42, 42, 0, 0, 0,
    0, 0, 0, 0, 0, 0, 0, 0,
    0, 0, 26, 26, 41, 0, 0, 0,
    0, 0, 0, 0, 42, 42, 42, 0,
    0, 0, 0, 0, 0, 0, 0, 0,
    0, 0, 0, 0, 0, 0, 0, 0,
    0, 0, 0, 0, 0, 0, 0, 0,
    0, 0, 0, 0, 0, 0, 0, 0,
    0, 0, 0, 0, 0, 0, 0, 0,
    0, 0, 0, 0, 0, 0, 0, 0,
    0, 0, 0, 0, 0, 0, 0, 0,
    0, 0, 0, 0, 0, 0, 0, 0,
    0, 0, 0, 0, 0, 0, 0, 0,
    0, 0, 0, 0, 0, 0, 0, 0,
    0, 0, 0, 0, 0, 0, 0, 0,
    0, 0, 0, 0, 0, 0, 0, 0,
    0, 0, 0, 0, 0, 0, 0, 0,
    0, 0, 0, 0, 0, 0, 0, 0,
    0, 0, 0, 0, 0, 0, 0, 0,
    0, 0, 0, 0, 0, 0, 0, 0,
    0, 0, 0, 0, 0, 0, 0, 0,
    0, 0, 0, 0, 0, 0, 0
};

/*Kern values between classes*/
static const int8_t kern_class_values[] =
{
    0, 0, 0, 0, 0, -11, 0, 0,
    0, -27, -27, 0, 0, 0, 0, 0,
    -20, 0, 0, 0, 0, 0, 0, 0,
    0, 0, 0, 0, 0, 0, -5, 0,
    0, 0, 0, 0, 0, 0, 0, 0,
    0, -25, 0, 0, 0, 0, 0, 0,
    -27, 0, 0, 0, 0, 0, 0, 0,
    0, 0, 0, 0, 0, 0, 0, 0,
    0, 0, 0, 0, 0, 0, 0, 0,
    0, 0, 0, 0, 0, 0, 0, 0,
    0, 0, 0, 0, 0, 0, 0, 0,
    0, 0, 0, 0, 0, 0, 0, 0,
    0, 0, 0, 0, 0, 0, 0, -2,
    0, 0, 0, 0, 0, 0, 0, 0,
    0, 0, 0, 0, 0, 0, 0, -21,
    0, 0, 0, -2, 0, 0, 0, 0,
    0, 0, 0, 0, 0, 0, 0, 0,
    0, 0, 0, 0, 0, 0, 0, 0,
    0, 0, 0, 0, 0, 0, 0, 0,
    0, 0, 0, 0, 0, 0, 0, 0,
    0, 0, 0, 0, 0, 0, -20, -22,
    0, 0, 0, 0, 0, 0, 0, 0,
    0, 0, 0, 0, 0, 0, 0, 0,
    0, 0, 0, 0, -11, 0, 0, 0,
    0, 0, 0, 0, 0, 0, 0, 0,
    0, 0, 0, 0, 0, 0, 0, 0,
    0, 0, 0, 0, -20, 0, 0, 0,
    0, 0, 0, -7, 0, 0, 0, 0,
    0, 0, 0, 0, -29, 0, 0, 0,
    0, -13, 0, 0, 0, 0, 0, 0,
    0, 0, 0, 0, 0, 0, 0, -18,
    0, 0, 0, 0, 0, 0, 0, 0,
    0, 0, 0, 0, 0, 0, 0, 0,
    0, 0, 0, 0, 0, 0, 0, 0,
    0, 0, 0, 0, 2, 0, -3, 0,
    0, 0, 0, 0, 0, 0, 0, 0,
    0, 0, 0, 0, 0, 0, 0, 0,
    0, 0, 0, 2, 0, 0, 0, 0,
    0, 0, 0, 0, 8, 0, 0, 0,
    0, 0, 0, 0, 0, 0, 0, 0,
    0, 0, 0, 0, 0, 0, 0, 0,
    0, 0, 0, 0, 0, 0, 0, 0,
    0, 0, 0, 0, 0, 0, 0, 0,
    0, 0, 0, 0, 0, 0, 0, 0,
    -11, 0, 0, 0, 0, 0, 0, 0,
    0, 0, 0, 0, 0, 0, 0, 0,
    0, 0, 0, 0, 0, 0, 0, 0,
    0, -11, 0, 0, 0, -44, -44, 0,
    0, 0, 0, 0, -15, 0, 0, 0,
    0, 0, 0, 0, 0, -4, 0, -22,
    0, 0, 0, 0, 0, 0, 0, 0,
    0, 0, 0, 0, 0, -27, 0, 0,
    0, 0, 0, 0, -44, 0, 0, 0,
    0, 0, 0, 0, 0, 0, 0, 0,
    0, 0, 0, 0, 0, 0, 0, 0,
    0, 0, 0, 0, 0, 0, 0, 0,
    -10, -3, 0, 0, -8, 0, 0, 0,
    0, 0, 0, 0, -16, 0, 0, 0,
    0, 0, 0, 0, 0, 0, -4, 0,
    0, 0, 0, -11, -16, 0, 0, 0,
    0, 0, 0, 0, 0, 0, 0, 0,
    0, 0, 0, 0, 0, 0, 0, -24,
    -3, -1, -28, 0, 0, 0, 0, 0,
    0, 0, 0, 0, -9, -28, 0, -8,
    0, -4, -6, -8, -3, 0, 0, 0,
    -28, -14, 0, 0, 0, 0, 0, 0,
    0, 0, 0, 0, -16, 0, 0, 0,
    0, 0, 0, -22, 0, -44, -44, 0,
    0, 0, 0, 0, 0, 0, 0, 0,
    0, 0, 0, 0, 0, -11, 0, 0,
    0, 0, 0, 0, 0, 0, 0, -13,
    -13, 0, 0, 0, 0, 0, 0, 0,
    0, 0, 0, 0, 0, 0, 0, 0,
    1, 0, 0, 0, 0, 0, 0, 0,
    0, 0, 0, 0, 0, 0, 0, -8,
    0, 0, 0, 0, 0, 0, -13, 0,
    0, 0, 0, 0, 0, 0, 0, 0,
    0, 0, 0, 0, 0, 0, 0, 0,
    0, 0, 0, 0, 0, -9, -9, 0,
    0, 0, 0, 0, 0, 0, -6, 0,
    0, 0, 0, 0, 0, 0, -5, -15,
    0, 0, 0, 0, 0, 0, 0, 0,
    0, 0, 0, 0, 0, 0, -15, 0,
    -16, 0, 0, 0, -9, 0, 5, 0,
    0, 0, 0, 0, 0, 0, 0, 0,
    0, 0, 0, 0, 0, 0, 0, 0,
    2, 0, 0, 0, 0, 0, 0, 0,
    0, 0, 0, 0, 0, 0, 0, 0,
    0, 0, 0, 0, 0, 2, 0, 0,
    0, 0, 0, 0, 0, 0, 0, 0,
    0, 0, 0, 0, 0, 0, 0, 0,
    0, 0, 0, 0, 5, 0, 0, 0,
    0, 0, 0, 0, 0, 0, 0, 0,
    0, 0, 0, 0, 0, 0, 0, 0,
    0, 0, 0, 0, 0, 0, 0, 0,
    -5, 0, 0, 0, 0, 0, 0, 0,
    0, 0, 0, 0, 0, 0, 0, 0,
    0, 0, 0, 0, 0, 0, 0, 0,
    0, 0, 0, 0, 0, 0, 0, 0,
    0, 0, 0, 0, 0, 0, 0, 0,
    0, 0, 0, 0, 0, 0, 0, 0,
    0, 0, 0, 0, 0, -4, 0, -7,
    -7, 0, 0, 0, 0, 0, 0, 0,
    0, 0, 0, 0, 0, 0, 0, 0,
    0, 0, 0, 0, 0, -11, 0, 0,
    0, 0, 0, 0, 0, 0, 0, 0,
    0, 0, -16, 0, 0, 0, -7, 0,
    0, 0, 0, 0, 0, 0, 0, 0,
    0, 0, 0, 0, 0, 0, 0, 0,
    0, 0, 0, -8, 0, -11, -11, 0,
    0, -8, 0, 0, 0, 0, 0, 0,
    0, 0, 0, 0, 0, 0, 0, 0,
    0, 0, 0, 0, 0, -2, 0, 0,
    -13, 0, 0, 0, 0, 0, 0, 0,
    0, 0, 0, 0, -11, 0, 0, 0,
    0, 0, 0, 0, 0, 0, 0, 0,
    0, 0, 0, 0, 0, 0, 0, 0,
    0, -1, 0, -8, -8, 0, 0, 0,
    0, 0, 0, 0, 0, 0, 0, 0,
    0, 0, 0, 0, 0, 0, 0, 0,
    0, 0, 0, -2, 0, 0, 0, 0,
    0, 0, 0, 0, 0, 0, 0, 0,
    0, 0, -8, 0, 0, 0, 0, 0,
    0, 0, 0, 0, 0, 0, 0, 0,
    0, 0, 0, 0, 0, 0, 0, 0,
    0, -10, -10, 0, 0, 0, 0, 0,
    0, 0, 0, 0, 0, 0, 0, 0,
    0, 0, 0, -15, 0, 0, 0, 0,
    0, 0, 0, 0, 0, 0, 0, 0,
    0, 0, 0, 0, -15, 0, 0, 0,
    -10, 0, 0, 0, 0, 0, 0, 0,
    0, 0, 0, 0, 0, 0, 0, 0,
    0, -18, 0, -15, 0, 0, 0, -40,
    -40, 0, -5, 0, 0, -5, -19, -3,
    6, -5, -3, -11, -29, 0, 0, 0,
    0, -51, 0, 0, -16, -20, 0, 0,
    0, 0, 0, 0, 0, 0, 0, -35,
    0, 0, -45, 0, 0, 0, -40, 0,
    0, -16, 0, 0, 0, 0, 0, -24,
    0, 0, 0, 0, 0, 0, 0, 0,
    0, 0, 0, 0, 0, 0, 0, 0,
    0, 0, 0, 0, 0, 0, 0, 0,
    0, 0, 0, 0, 0, 0, -20, 0,
    0, 0, 0, 0, 0, 0, 0, 0,
    0, 0, 0, 0, 0, 0, -15, 0,
    0, 0, 0, 0, 0, 0, 0, 0,
    0, 0, 0, 0, 0, 0, 0, 0,
    0, -11, 0, 0, 0, 0, 0, 0,
    0, 0, 0, 0, 0, 0, 0, 0,
    0, 0, 0, 0, 0, 0, 0, 0,
    0, 0, 0, 0, -22, 0, 0, 0,
    0, 0, 0, 0, 0, 0, 0, 0,
    0, 0, 0, -16, -18, 0, 0, 0,
    0, 0, 0, 0, 0, 0, 0, 0,
    0, 0, 0, 0, 0, -13, 0, -15,
    0, 0, 0, 0, 0, 0, 0, 0,
    0, 0, 0, 0, 0, 0, 0, 0,
    0, 0, -24, 0, 0, 0, 0, 0,
    0, 0, -24, 0, 0, 0, 0, 0,
    0, 0, 0, 0, 0, 0, 0, 0,
    0, -4, -31, 0, 0, 0, 0, 0,
    0, 0, 0, 0, 0, 0, 0, 0,
    0, 0, 0, -24, 0, -25, 0, 0,
    0, 0, 0, 0, 0, 0, 0, 0,
    0, 0, 0, 0, 0, 0, 0, 0,
    0, 0, 0, 0, 0, 0, 0, 0,
    0, 0, 0, 0, 0, 0, 0, 0,
    0, 0, 0, 0, 0, 0, 0, -20,
    0, 0, 0, 0, 0, 0, 0, 0,
    0, 0, 0, 0, 0, 0, 0, 0,
    0, 0, 0, 0, 0, 0, 0, 0,
    0, 0, 0, 0, 0, -14, -14, -13,
    0, 0, 0, 0, 0, 0, 0, 0,
    0, 0, 0, 0, 0, 0, -11, -13,
    0, 0, 0, 0, 0, -2, 0, 0,
    0, 0, 0, 0, 0, -12, -11, 0,
    -13, 0, 0, 0, -14, 0, 0, 0,
    0, 0, 0, 0, -12, -32, 0, 0,
    0, -10, 0, 0, -25, 0, -2, 0,
    0, -27, -11, 0, 0, 5, 0, -12,
    0, 0, 0, 0, 0, 0, 0, 0,
    -4, -16, -20, -12, -16, 0, 0, -11,
    -2, -11, -11, -23, 0, 0, -16, 0,
    -11, 0, -11, 5, -14, -18, 0, 0,
    0, -24, 0, -2, -7, 0, 0, 0,
    0, 0, 0, 0, 0, -16, 0, -13,
    0, 0, 0, 0, 0, 0, 0, -22,
    0, 0, 0, 0, -15, -35, 0, -15,
    -18, -15, 0, -15, -15, 0, 0, 0,
    0, -13, -25, 0, 11, 0, 0, 0,
    0, 0, 0, 0, -15, 0, 0, 0,
    0, 0, -13, 0, 0, 0, 0, 0,
    0, 0, 0, 11, 0, 0, 0, 0,
    0, 0, 0, -16, 31, -18, 0, 0,
    0, 0, 0, 0, 0, 0, 0, 0,
    0, 0, 0, 0, 0, 0, 0, 0,
    0, 0, 0, 0, 0, 0, 0, 0,
    -11, 0, 0, 0, 0, 0, 0, 0,
    0, 0, 0, 0, 0, 0, 0, 0,
    -11, 0, 0, 0, 0, 0, 0, 0,
    0, 0, 0, 0, 0, 0, 0, 0,
    0, 0, 0, -22, 0, 0, -5, 0,
    0, 0, -4, 0, 0, 0, 0, 0,
    0, -11, 0, 0, 0, 0, 0, 0,
    0, 0, 0, 0, 0, 0, -17, 0,
    0, 0, 0, 0, 0, -4, 0, 0,
    0, 0, 0, 0, 0, -11, -20, -7,
    0, 0, 0, -11, 0, 0, 0, 0,
    0, 0, 0, 0, 0, 0, 0, 0,
    0, -25, 0, 0, 0, 0, 0, 0,
    0, 0, 0, 0, 0, 0, 0, 0,
    0, 0, 0, 0, 0, 0, 0, 0,
    0, 0, 0, 0, 0, 0, 0, 0,
    0, 0, 0, 0, 0, 0, 0, 0,
    0, 0, 0, -11, 0, 0, 0, 0,
    0, 0, 0, 0, 0, 0, 0, 0,
    0, 0, 0, 0, 0, 0, 0, -16,
    0, 0, 0, 0, 0, 0, 0, 0,
    0, 0, 0, 0, 0, 0, 0, 0,
    0, 0, 0, 0, 0, 0, 0, 0,
    0, 0, 0, 0, 0, 0, 0, 0,
    0, 0, 0, 0, 0, 0, 0, 0,
    0, 0, 0, 0, 0, 0, 0, 0,
    0, 0, 0, 0, 0, 0, 0, 0,
    0, 0, 0, 0, 0, -16, 0, 0,
    0, 0, 0, -11, 0, 0, 0, 0,
    0, 0, 0, 0, 0, 0, -16, 0,
    0, 0, 0, 0, 0, 0, 0, -2,
    0, 0, 0, 0, -9, 0, 0, 0,
    0, 0, 0, 0, 0, 0, 0, -23,
    0, 0, 0, 0, 0, 0, 0, 0,
    0, 0, 0, 0, 0, 0, 0, 0,
    0, 0, 0, 0, 0, 0, 0, 0,
    0, 0, 0, 0, 0, 0, 0, 0,
    0, 0, 0, 0, 0, 0, 0, 0,
    0, 0, 0, 0, 0, 0, 0, 0,
    0, 0, 0, 0, 0, 0, 0, 0,
    0, 0, 0, 0, 0, 0, 0, 0,
    0, 0, 0, 0, 0, 0, 0, 0,
    -3, 0, 0, 0, 0, 0, 0, 0,
    0, 0, 0, 0, 0, 0, 0, 0,
    0, 0, 0, 0, 0, 0, 0, 0,
    0, 0, 0, 0, 0, 0, 0, 0,
    0, 0, 0, 0, 0, 0, 0, 0,
    0, 0, 0, 0, 0, 0, 0, 0,
    0, 0, 0, 0, 0, 0, 0, 0,
    0, 0, 0, 0, 0, 0, 0, 0,
    0, 0, 0, 0, 0, 0, 0, 0,
    0, 0, 0, 0, 0, 0, 0, 0,
    -12, 0, 0, -11, 0, 0, 0, 0,
    0, 0, 0, 0, 0, 0, -13, 0,
    0, 0, 0, -11, 0, -12, 0, 0,
    -11, 0, 0, 0, 0, 0, 0, 0,
    0, 0, -16, 5, 0, 0, 0, 0,
    0, 0, 0, 0, 0, 0, 0, 0,
    0, -16, 0, 0, 0, -16, 0, 0,
    0, 0, 0, 0, 0, 0, 0, 0,
    0, 0, 0, 0, -10, -3, 0, 0,
    -8, 0, 0, 0, 0, 0, 0, 0,
    -13, 0, 0, 0, 0, 0, 0, 0,
    0, 0, -4, 0, 0, 0, 0, -11,
    -16, 0, 0, 0, 0, 0, 0, 0,
    0, 0, 0, 0, 0, 0, 0, 0,
    0, 0, 0, -25, 0, 0, 0, 0,
    0, 0, 0, 0, 0, 0, 0, 0,
    0, 0, 0, 0, 0, 0, 0, 0,
    0, 0, 0, 0, 0, 0, 0, 0,
    0, 0, 0, 0, 0, 0, 0, 0,
    0, 0, 0, 0, 0, 0, 0, 0,
    0, 0, 0, 0, 0, 0, 0, 0,
    0, 0, 0, 1, 0, 0, 0, 0,
    0, 0, 0, 0, 0, 0, 0, 0,
    0, 0, 0, 0, 0, 0, 0, -13,
    -16, -15, 0, 0, -16, -11, 0, 0,
    0, 0, 0, 0, -20, 0, 0, 0,
    0, 0, 0, 0, 0, 0, 0, 0,
    0, 0, 0, -11, -27, 0, 0, 0,
    0, 0, 0, 0, 0, 0, 0, 0,
    0, 0, 0, 0, 0, 0, 0, -42,
    0, 0, 0, 0, 0, 0, 0, 0,
    0, 0, 0, 0, 0, 0, 0, 0,
    0, 0, 0, 0, 0, 0, 0, 0,
    0, 0, -29, 0, 0, 0, 0, 0,
    0, 0, 0, 0, 0, 0, 0, 0,
    0, 0, -20, -11, 0, 0, 0, 0,
    0, 0, 0, 0, 0, 0, 0, 0,
    0, 0, 0, 0, 0, -22, 0, 0,
    0, 0, 0, 0, 0, 0, 0, 0,
    0, 0, 0, 0, 0, 0, 0, 0,
    0, 0, 0, 0, 0, 0, 0, 0,
    -13, 0, 0, 0, 0, 0, 0, 0,
    0, 0, 0, 0, 0, 0, 0, -11,
    0, 0, 0, 0, 0, 0, 0, 0,
    0, 0, 0, 0, 0, 0, 0, 0,
    0, -11, 0, -18, 0, 0, -25, 0,
    -2, 0, 0, -27, -11, 0, 0, 5,
    0, -12, 0, 0, 0, 0, 0, 0,
    0, 0, -4, -16, -20, -12, -23, 0,
    0, -11, -2, -11, -11, -23, 0, 0,
    -16, 0, -11, 0, -11, 5, -42, -33,
    0, 0, 0, -24, 0, -2, -7, 0,
    0, 0, 0, 0, 0, 0, 0, -16,
    0, -28, 0, 0, 0, 0, 0, -20,
    0, 0, 0, -30, -30, -31, 0, 0,
    0, 0, -20, 0, 0, 0, 0, 0,
    0, 0, 0, 0, 0, 0, 0, 0,
    -12, 0, 0, 0, 0, 0, 0, 0,
    0, -20, 0, -31, 0, 0, -24, 0,
    0, 0, -30, 0, 0, 0, 0, 0,
    0, 0, 0, 0, 0, 0, 0, 0,
    0, 0, 0, -40, 0, -22, 0, 0,
    -19, -35, -35, -45, -15, 0, 0, 0,
    -31, 0, -20, -13, 0, -18, -31, -18,
    0, -18, 0, -13, 0, -15, -20, -27,
    -19, 0, 0, -15, -4, 0, 0, -22,
    0, -44, 0, 0, 0, 0, 0, 0,
    -35, 0, 4, -7, 0, 0, 0, 0,
    0, 0, 0, 0, 0, 0, 0, 0,
    0, 0, 0, 0, 0, 0, 0, 0,
    0, 0, 0, -22, 0, 0, 0, 0,
    0, 0, 0, 0, 0, 0, 0, -12,
    -29, 0, 0, 0, 0, 0, 0, 0,
    0, 0, 0, 0, 0, 0, 0, 0,
    -40, -31, 0, 0, 0, 0, 0, 0,
    0, 0, 0, 0, 0, 0, 0, 0,
    0, 0, 0, -31, 0, 0, 0, 0,
    0, -13, 0, 0, 0, 0, 0, 0,
    0, 0, 0, 0, 0, 0, 0, 0,
    0, 0, 0, 0, 0, 0, 0, 0,
    0, 0, -11, 0, 0, 0, 0, 0,
    0, 0, 0, 0, 0, -24, 0, 0,
    0, 0, 0, 0, 0, 0, 0, 0,
    0, 0, 0, 0, 0, 0, 0, 0,
    0, 0, 0, 0, 0, 0, 0, 0,
    0, 0, 0, 0, 0, 0, 0, 0,
    0, 0, 0, 0, 0, 0, 0, 0,
    0, 0, 0, 0, -13, 0, 0, 0,
    0, 0, 0, 0, 0, 0, 0, 0,
    0, 0, 0, -11, 0, 0, 0, 0,
    0, 0, 0, 0, 0, 0, 0, 0,
    0, 0, 0, 0, 0, -11, 0, -11,
    -3, -1, -28, 0, 0, 0, 0, 0,
    0, 0, 0, 0, -9, -28, 0, -8,
    0, -4, -6, -8, -3, 0, 0, 0,
    -28, -14, 0, 0, 0, 0, 0, 0,
    0, 0, 0, 0, -16, 0, 0, 0,
    0, 0, 0, -22, 0, -44, -58, 0,
    0, 0, 0, 0, 0, 0, 0, 0,
    0, 0, 0, 0, 0, -11, 0, 0,
    0, 0, 0, -11, 0, 0, -12, -13,
    -11, 0, 0, 0, 0, 0, 0, 0,
    0, 0, 0, 0, 0, 0, 0, 0,
    0, 0, 0, -12, -2, 0, -12, 0,
    0, 0, 0, 0, 0, 0, 0, -25,
    0, 0, -45, 0, 0, 0, -31, 0,
    0, 0, 0, 0, 0, 0, 0, -21,
    0, 0, 0, 0, 0, 0, -2, 0,
    0, 0, 0, 0, 0, 0, 0, 0,
    0, -13, 0, 0, 0, 0, 0, 0,
    0, 0, 0, 0, 0, 0, -16, 0,
    0, 0, 0, 0, 0, -3, 0, 0,
    0, 0, 0, 0, 0, 0, -15, -7,
    0, 0, 0, 0, 0, 0, 0, 0,
    0, 0, 0, 0, 0, 0, 0, 0,
    0, -22, 0, 0, 0, 0, 0, 0,
    0, 0, 0, 0, 0, 0, 0, 0,
    0, 0, 0, 0, 0, 0, 0, 0,
    0, 0, 0, 0, 0, 0, 0, 0,
    0, 0, 0, 0, 0, 0, 0, -2,
    0, 0, 0, 0, 0, 0, 0, 0,
    0, 0, 0, 0, 0, 0, 0, -5,
    0, 0, 0, 0, 0, 0, 0, 0,
    0, 0, 0, 0, 0, 0, 0, 0,
    0, 0, 0, 0, 0, 0, 0, 0,
    0, 0, 0, 0, 0, 0, 0, 0,
    0, 0, 0, 0, 0, 0, 0, 0,
    0, 0, 0, 0, 0, 0, 0, 0,
    0, 0, 0, 0, 0, 0, 0, 0,
    0, 0, 0, 0, -17, 4, -2, 0,
    0, 0, 0, 0, 0, 0, 0, 0,
    0, 0, 0, 0, 0, 0, 0, 0,
    0, 0, 0, 0, 0, 0, 0, 0,
    0, 0, 0, 0, 0, 0, 0, 0,
    0, 0, 0, 0, 0, 0, 0, 0,
    -6, 0, 0, 0, 0, 0, 0, 0,
    0, 0, 0, 0, 0, 0, 0, 0,
    0, 0, 0, -5, 0, 0, 0, 0,
    0, 0, 0, 0, 0, 0, 0, 0,
    0, 0, 0, 0, 0, 0, 0, 0,
    0, -24, 0, 0, 0, 0, 0, 0,
    0, 0, 0, 0, 0, -12, -40, 0,
    0, 0, 0, 0, 0, 0, 0, 0,
    0, 0, 0, 0, 0, 0, 0, 0,
    0, 0, 0, 0, 0, 0, 0, 0,
    0, 0, 0, 0, 0, -8, -5, 0,
    0, -33, 0, 0, 0, 0, 0, 0,
    0, 0, 0, 0, 0, 0, 0, 0,
    0, 0, 0, 0, 0, 0, 0, 0,
    0, 0, 0, 0, 0, 0, 0, 0,
    0, 0, 0, 0, 0, 0, 0, 0,
    0, 0, 0, 0, 0, 0, 0, 0,
    0, 0, 0, 0, 0, 0, 0, 0,
    0, 0, -5, 0, 0, 0, 0, 0,
    0, 0, 0, 0, 0, 0, 0, 0,
    0, 0, 0, 0, 0, 0, 0, 0,
    0, 0, 0, 0, 0, 0, 0, 0,
    0, 0, 0, 0, 0, 0, 0, 0,
    0, 0, 0, 0, 0, 0, 0, 0,
    0, 0, 0, 0, 0, 0, 0, 0,
    0, 0, 0, 0, 0, 0, 0, 0,
    0, -15, 0, 0, 0, 0, 0, 0,
    0, 0, 0, 0, 0, 0, 0, 0,
    0, 0, 0, 0, 0, 0, 0, 0,
    0, 0, 0, 0, 0, 0, 0, 0,
    0, -13, 0, 0, 0, 0, 0, 0,
    0, 0, 0, 0, 0, 0, 0, -7,
    0, 0, 0, 0, 0, 0, 0, 0,
    0, 0, 0, 0, 0, 0, 0, 0,
    0, 0, 0, 0, 0, 0, 0, 0,
    0, 0, 0, 0, -6, 0, 0, 0,
    0, 0, 0, 0, -4, 0, 0, 0,
    0, 0, -9, 0, 0, 0, -2, 0,
    0, -6, -3, 0, -6, 0, 0, 0,
    0, 0, 0, 0, -3, 0, -13, 1,
    0, 0, 0, 0, 0, 0, -1, 0,
    0, 0, 0, 0, 0, 9, 0, 0,
    3, -11, 0, 0, -1, 0, 0, 0,
    0, 0, 0, 0, 0, 0, 0, 0,
    0, 0, 0, 0, 0, 0, 0, 0,
    0, 0, 0, 0, -15, 0, 0, 0,
    0, 0, 0, -3, 0, 0, 0, 0,
    0, 0, 0, 0, -16, 0, -4, 0,
    0, 0, 0, 0, 0, 0, 0, 0,
    0, 0, 0, 0, 0, 0, 0, -24,
    0, 0, 0, 0, 0, 0, 0, 0,
    0, 0, 0, 0, 0, 0, 0, 0,
    0, 0, 0, 0, 0, 0, 0, 0,
    0, 0, -7, 0, 0, 0, 0, 0,
    0, 0, 0, 0, 0, 0, 0, 0,
    0, -8, 0, 0, 0, 0, 0, 0,
    0, 0, 0, 0, 0, 0, 0, 0,
    0, 0, 0, 0, 0, -10, 0, 0,
    0, 0, 0, 0, 0, 0, 0, -22,
    -22, -13, 0, 0, 0, 0, 0, 0,
    0, 0, 0, 0, 0, 0, 0, 0,
    0, -16, 0, 0, 0, 0, 0, 0,
    0, 0, 0, 0, 0, 0, 0, 0,
    0, 0, 0, 0, 0, 0, -22, 0,
    0, 0, 0, 0, 0, 0, 0, 0,
    0, 0, 0, 0, 0, 0, 0, 0,
    0, 0, 0, 0, 0, 0, 0, 0,
    0, 0, 0, 0, 0, 0, 0, 0,
    0, 0, 0, 0, 0, 0, 0, 0,
    0, 0, 0, 0, 0, 0, 0, 0,
    0, 0, 0, 0, 0, 0, -20, 0,
    0, 0, 0, 0, 0, 0, 0, 0,
    0, 0, 0, 0, 0, 0, 0, 0,
    0, -18, 0, 0, 0, 0, 0, 0,
    0, 0, 0, 0, 0, 0, 0, 0,
    0, 0, 0, 0, 0, 0, 0, 0,
    0, 0, 0, 0, -6, 0, 0, 0,
    -4, 0, 0, 0, 0, 0, 0, 0,
    0, 0, 0, 0, 0, 0, 0, 0,
    0, 0, 0, 0, 0, 0, 0, 0,
    0, 0, 0, 0, 0, 0, 0, 0
};


/*Collect the kern class' data in one place*/
static const lv_font_fmt_txt_kern_classes_t kern_classes =
{
    .class_pair_values   = kern_class_values,
    .left_class_mapping  = kern_left_class_mapping,
    .right_class_mapping = kern_right_class_mapping,
    .left_class_cnt      = 60,
    .right_class_cnt     = 62,
};

/*--------------------
 *  ALL CUSTOM DATA
 *--------------------*/

#if LVGL_VERSION_MAJOR == 8
/*Store all the custom data of the font*/
static  lv_font_fmt_txt_glyph_cache_t cache;
#endif

#if LVGL_VERSION_MAJOR >= 8
static const lv_font_fmt_txt_dsc_t font_dsc = {
#else
static lv_font_fmt_txt_dsc_t font_dsc = {
#endif
    .glyph_bitmap = glyph_bitmap,
    .glyph_dsc = glyph_dsc,
    .cmaps = cmaps,
    .kern_dsc = &kern_classes,
    .kern_scale = 16,
    .cmap_num = 18,
    .bpp = 4,
    .kern_classes = 1,
    .bitmap_format = 0,
#if LVGL_VERSION_MAJOR == 8
    .cache = &cache
#endif
};



/*-----------------
 *  PUBLIC FONT
 *----------------*/

/*Initialize a public general font descriptor*/
#if LVGL_VERSION_MAJOR >= 8
const lv_font_t aos_inter_20 = {
#else
lv_font_t aos_inter_20 = {
#endif
    .get_glyph_dsc = lv_font_get_glyph_dsc_fmt_txt,    /*Function pointer to get glyph's data*/
    .get_glyph_bitmap = lv_font_get_bitmap_fmt_txt,    /*Function pointer to get glyph's bitmap*/
    .line_height = 28,          /*The maximum line height required by the font*/
    .base_line = 7,             /*Baseline measured from the bottom of the line*/
#if !(LVGL_VERSION_MAJOR == 6 && LVGL_VERSION_MINOR == 0)
    .subpx = LV_FONT_SUBPX_NONE,
#endif
#if LV_VERSION_CHECK(7, 4, 0) || LVGL_VERSION_MAJOR >= 8
    .underline_position = -3,
    .underline_thickness = 2,
#endif
    .dsc = &font_dsc,          /*The custom font data. Will be accessed by `get_glyph_bitmap/dsc` */
#if LV_VERSION_CHECK(8, 2, 0) || LVGL_VERSION_MAJOR >= 9
    .fallback = NULL,
#endif
    .user_data = NULL,
};



#endif /*#if AOS_INTER_20*/

