/*******************************************************************************
 * Size: 20 px
 * Bpp: 4
 * Opts: --no-compress --no-prefilter --bpp 4 --size 20 --font Inter-SemiBold.ttf -r 0x20-0x7F,0xA0-0xFF,0x2022,0x2026,0x20AC,0x394,0x3A9,0x3BC,0x3C0,0x2190-0x2193,0x2212,0x221A,0x221E,0x2248,0x2260,0x2264,0x2265,0x2010-0x205E,0x100-0x17F,0x218-0x21B,0x370-0x3FF,0x2070-0x209F,0x20A0-0x20C0,0x2100-0x218F,0x2194-0x21FF,0x2200-0x22FF,0x2300-0x23FF,0x25A0-0x25FF,0x2600-0x27BF --font FontAwesome5-Solid+Brands+Regular.woff -r 61441,61444,61445,61448,61451,61452,61453,61457,61459,61461,61463,61465,61468,61473,61478,61479,61480,61488,61502,61507,61512,61515,61516,61517,61521,61522,61523,61524,61543,61544,61547,61549,61550,61552,61553,61554,61556,61559,61560,61561,61562,61563,61585,61587,61589,61604,61606,61634,61636,61637,61639,61641,61664,61671,61673,61674,61683,61684,61692,61720,61721,61722,61724,61732,61749,61787,61796,61797,61829,61830,61881,61883,61922,61923,61931,61949,62006,62016,62017,62018,62019,62020,62043,62087,62099,62172,62183,62189,62206,62212,62373,62405,62539,62658,62680,62682,62796,62806,62810,62823,62841,62842,62847,62848,62850,62851,62852,62854,62855,62856,62857,62859,62860,62870,62875,62884,62885,62899,62900,62904,62914,62920,63108,63166,63187,63202,63244,63391,63401,63426,63650 --format lvgl -o aos_inter_sb_20.c --force-fast-kern-format
 ******************************************************************************/

#include "lvgl.h"
#ifndef AOS_INTER_SB_20
#define AOS_INTER_SB_20 1
#endif

#if AOS_INTER_SB_20

/*-----------------
 *    BITMAPS
 *----------------*/

/*Store the image of the glyphs*/
static LV_ATTRIBUTE_LARGE_CONST const uint8_t glyph_bitmap[] = {
    /* U+0020 " " */

    /* U+0021 "!" */
    0x2f, 0xf9, 0x2f, 0xf9, 0x2f, 0xf8, 0x1f, 0xf8,
    0x1f, 0xf8, 0x1f, 0xf7, 0xf, 0xf7, 0xf, 0xf7,
    0xf, 0xf6, 0xd, 0xd5, 0x0, 0x0, 0x1d, 0xf6,
    0x5f, 0xfc, 0x1c, 0xf5,

    /* U+0022 "\"" */
    0xff, 0x70, 0xff, 0x6e, 0xf7, 0xf, 0xf6, 0xef,
    0x60, 0xef, 0x5d, 0xf5, 0xe, 0xf4, 0xcf, 0x40,
    0xdf, 0x3a, 0xd3, 0xb, 0xd2,

    /* U+0023 "#" */
    0x0, 0x0, 0xff, 0x0, 0xe, 0xf1, 0x0, 0x0,
    0x3f, 0xb0, 0x1, 0xfd, 0x0, 0x0, 0x6, 0xf8,
    0x0, 0x5f, 0xa0, 0x0, 0xaf, 0xff, 0xff, 0xff,
    0xff, 0xf8, 0xc, 0xff, 0xff, 0xff, 0xff, 0xff,
    0x50, 0x0, 0xff, 0x0, 0xd, 0xf2, 0x0, 0x0,
    0x1f, 0xd0, 0x0, 0xff, 0x0, 0x0, 0x4, 0xfb,
    0x0, 0x2f, 0xd0, 0x0, 0x7f, 0xff, 0xff, 0xff,
    0xff, 0xfa, 0xa, 0xff, 0xff, 0xff, 0xff, 0xff,
    0x80, 0x0, 0xcf, 0x30, 0xa, 0xf5, 0x0, 0x0,
    0xe, 0xf0, 0x0, 0xcf, 0x20, 0x0, 0x1, 0xfe,
    0x0, 0xf, 0xf0, 0x0, 0x0, 0x3f, 0xb0, 0x1,
    0xfd, 0x0, 0x0,

    /* U+0024 "$" */
    0x0, 0x0, 0x0, 0x71, 0x0, 0x0, 0x0, 0x0,
    0x0, 0xf, 0x20, 0x0, 0x0, 0x0, 0x0, 0x0,
    0xf2, 0x0, 0x0, 0x0, 0x0, 0x5b, 0xff, 0xfd,
    0x70, 0x0, 0x0, 0x9f, 0xff, 0xff, 0xff, 0xc0,
    0x0, 0x5f, 0xfb, 0x3f, 0x49, 0xff, 0x80, 0x9,
    0xff, 0x10, 0xf2, 0xb, 0xeb, 0x0, 0x9f, 0xf3,
    0xf, 0x20, 0x0, 0x0, 0x4, 0xff, 0xf9, 0xf2,
    0x0, 0x0, 0x0, 0x6, 0xff, 0xff, 0xfb, 0x50,
    0x0, 0x0, 0x1, 0x7c, 0xff, 0xff, 0xc1, 0x0,
    0x0, 0x0, 0xf, 0x6a, 0xff, 0xb0, 0x2, 0x21,
    0x0, 0xf2, 0xb, 0xff, 0x0, 0xff, 0xb0, 0xf,
    0x20, 0xaf, 0xf0, 0xa, 0xff, 0x92, 0xf4, 0x8f,
    0xfc, 0x0, 0x2e, 0xff, 0xff, 0xff, 0xff, 0x30,
    0x0, 0x18, 0xdf, 0xff, 0xe9, 0x20, 0x0, 0x0,
    0x0, 0xf, 0x20, 0x0, 0x0, 0x0, 0x0, 0x0,
    0xf2, 0x0, 0x0, 0x0,

    /* U+0025 "%" */
    0x1, 0xaf, 0xfa, 0x10, 0x0, 0x0, 0x4f, 0x90,
    0x0, 0xb, 0xfc, 0xbf, 0xc0, 0x0, 0x1, 0xed,
    0x0, 0x0, 0xf, 0xd0, 0xd, 0xf1, 0x0, 0xb,
    0xf3, 0x0, 0x0, 0xf, 0xd0, 0xd, 0xf1, 0x0,
    0x7f, 0x70, 0x0, 0x0, 0xb, 0xfb, 0xbf, 0xc0,
    0x3, 0xfb, 0x0, 0x0, 0x0, 0x1, 0xaf, 0xfb,
    0x10, 0xd, 0xe1, 0x0, 0x0, 0x0, 0x0, 0x0,
    0x0, 0x0, 0x9f, 0x40, 0x0, 0x0, 0x0, 0x0,
    0x0, 0x0, 0x4, 0xf9, 0x0, 0x9e, 0xfa, 0x10,
    0x0, 0x0, 0x0, 0x1e, 0xd0, 0x9, 0xfc, 0xbf,
    0xb0, 0x0, 0x0, 0x0, 0xbf, 0x30, 0xe, 0xf0,
    0xe, 0xf0, 0x0, 0x0, 0x7, 0xf7, 0x0, 0xf,
    0xd0, 0xb, 0xf1, 0x0, 0x0, 0x3f, 0xb0, 0x0,
    0xe, 0xf0, 0xd, 0xf0, 0x0, 0x0, 0xde, 0x10,
    0x0, 0x9, 0xfc, 0xbf, 0xb0, 0x0, 0x9, 0xf4,
    0x0, 0x0, 0x0, 0x9e, 0xfa, 0x10,

    /* U+0026 "&" */
    0x0, 0x4, 0xcf, 0xfb, 0x30, 0x0, 0x0, 0x0,
    0x5f, 0xff, 0xff, 0xf2, 0x0, 0x0, 0x0, 0xcf,
    0xc2, 0x3e, 0xf8, 0x0, 0x0, 0x0, 0xdf, 0x60,
    0x9, 0xf8, 0x0, 0x0, 0x0, 0x9f, 0xa0, 0x2e,
    0xf2, 0x0, 0x0, 0x0, 0x1e, 0xf8, 0xee, 0x40,
    0x0, 0x0, 0x0, 0xb, 0xff, 0xe1, 0x0, 0x0,
    0x0, 0x1, 0xdf, 0xef, 0xf9, 0x0, 0xff, 0x30,
    0xb, 0xfe, 0x25, 0xff, 0x83, 0xff, 0x10, 0x1f,
    0xf7, 0x0, 0x7f, 0xfd, 0xfd, 0x0, 0x1f, 0xf8,
    0x0, 0x9, 0xff, 0xf7, 0x0, 0xc, 0xff, 0x51,
    0x39, 0xff, 0xf2, 0x0, 0x3, 0xff, 0xff, 0xff,
    0xfe, 0xfd, 0x0, 0x0, 0x29, 0xef, 0xeb, 0x41,
    0xef, 0xb0,

    /* U+0027 "'" */
    0xff, 0x7e, 0xf7, 0xef, 0x6d, 0xf5, 0xcf, 0x4a,
    0xd3,

    /* U+0028 "(" */
    0x0, 0x0, 0x10, 0x0, 0xe, 0xf7, 0x0, 0x7f,
    0xf1, 0x0, 0xdf, 0xb0, 0x2, 0xff, 0x50, 0x7,
    0xff, 0x10, 0xb, 0xfe, 0x0, 0xe, 0xfa, 0x0,
    0x1f, 0xf8, 0x0, 0x2f, 0xf6, 0x0, 0x2f, 0xf6,
    0x0, 0x1f, 0xf7, 0x0, 0xf, 0xf9, 0x0, 0xd,
    0xfb, 0x0, 0x9, 0xff, 0x0, 0x4, 0xff, 0x50,
    0x0, 0xef, 0xa0, 0x0, 0x7f, 0xf1, 0x0, 0xe,
    0xf7,

    /* U+0029 ")" */
    0x1, 0x10, 0x0, 0x1f, 0xf6, 0x0, 0xa, 0xfe,
    0x0, 0x4, 0xff, 0x50, 0x0, 0xef, 0xa0, 0x0,
    0x9f, 0xe0, 0x0, 0x6f, 0xf2, 0x0, 0x3f, 0xf5,
    0x0, 0x1f, 0xf8, 0x0, 0xf, 0xf9, 0x0, 0xf,
    0xf9, 0x0, 0xf, 0xf8, 0x0, 0x2f, 0xf7, 0x0,
    0x4f, 0xf4, 0x0, 0x8f, 0xf1, 0x0, 0xdf, 0xb0,
    0x3, 0xff, 0x50, 0x9, 0xfe, 0x0, 0x1f, 0xf6,
    0x0,

    /* U+002A "*" */
    0x0, 0x7, 0xf3, 0x0, 0x0, 0x70, 0x6f, 0x21,
    0x60, 0x5f, 0xe9, 0xf8, 0xff, 0x20, 0x5d, 0xff,
    0xfb, 0x30, 0x2, 0xaf, 0xff, 0x91, 0x5, 0xff,
    0xaf, 0xaf, 0xf2, 0x9, 0x15, 0xf2, 0x39, 0x0,
    0x0, 0x6f, 0x30, 0x0, 0x0, 0x1, 0x20, 0x0,
    0x0,

    /* U+002B "+" */
    0x0, 0x0, 0x6f, 0xd0, 0x0, 0x0, 0x0, 0x6,
    0xfd, 0x0, 0x0, 0x0, 0x0, 0x6f, 0xd0, 0x0,
    0x0, 0x11, 0x16, 0xfd, 0x11, 0x10, 0x2f, 0xff,
    0xff, 0xff, 0xff, 0xa2, 0xff, 0xff, 0xff, 0xff,
    0xfa, 0x0, 0x0, 0x6f, 0xd0, 0x0, 0x0, 0x0,
    0x6, 0xfd, 0x0, 0x0, 0x0, 0x0, 0x6f, 0xd0,
    0x0, 0x0, 0x0, 0x4, 0xca, 0x0, 0x0,

    /* U+002C "," */
    0xd, 0xd7, 0x2f, 0xf4, 0x4f, 0xf0, 0x6f, 0xb0,
    0x9f, 0x60, 0xbf, 0x20,

    /* U+002D "-" */
    0x1, 0x11, 0x11, 0x1a, 0xff, 0xff, 0xfe, 0xaf,
    0xff, 0xff, 0xe0,

    /* U+002E "." */
    0x0, 0x0, 0x1e, 0xf5, 0x5f, 0xfb, 0x1c, 0xe4,

    /* U+002F "/" */
    0x0, 0x0, 0x7, 0x81, 0x0, 0x0, 0x4f, 0xf0,
    0x0, 0x0, 0x8f, 0xb0, 0x0, 0x0, 0xcf, 0x70,
    0x0, 0x1, 0xff, 0x20, 0x0, 0x5, 0xfe, 0x0,
    0x0, 0x9, 0xfa, 0x0, 0x0, 0xd, 0xf5, 0x0,
    0x0, 0x2f, 0xf1, 0x0, 0x0, 0x6f, 0xd0, 0x0,
    0x0, 0xaf, 0x90, 0x0, 0x0, 0xef, 0x40, 0x0,
    0x3, 0xff, 0x0, 0x0, 0x7, 0xfc, 0x0, 0x0,
    0xb, 0xf7, 0x0, 0x0, 0xf, 0xf3, 0x0, 0x0,
    0x4f, 0xf0, 0x0, 0x0, 0x8f, 0xb0, 0x0, 0x0,

    /* U+0030 "0" */
    0x0, 0x19, 0xef, 0xea, 0x30, 0x0, 0x3, 0xff,
    0xff, 0xff, 0xf5, 0x0, 0xe, 0xff, 0x63, 0x5e,
    0xff, 0x20, 0x6f, 0xf6, 0x0, 0x3, 0xff, 0x90,
    0xbf, 0xf0, 0x0, 0x0, 0xcf, 0xe0, 0xef, 0xc0,
    0x0, 0x0, 0x8f, 0xf1, 0xff, 0xa0, 0x0, 0x0,
    0x7f, 0xf2, 0xff, 0xa0, 0x0, 0x0, 0x7f, 0xf2,
    0xef, 0xb0, 0x0, 0x0, 0x8f, 0xf1, 0xbf, 0xf0,
    0x0, 0x0, 0xcf, 0xe0, 0x6f, 0xf6, 0x0, 0x3,
    0xff, 0x90, 0xe, 0xff, 0x73, 0x5e, 0xff, 0x20,
    0x3, 0xff, 0xff, 0xff, 0xf6, 0x0, 0x0, 0x29,
    0xef, 0xea, 0x30, 0x0,

    /* U+0031 "1" */
    0x0, 0x9, 0xff, 0xf0, 0x3d, 0xff, 0xff, 0x1f,
    0xfc, 0xbf, 0xf1, 0xf7, 0x9, 0xff, 0x3, 0x0,
    0x9f, 0xf0, 0x0, 0x9, 0xff, 0x0, 0x0, 0x9f,
    0xf0, 0x0, 0x9, 0xff, 0x0, 0x0, 0x9f, 0xf0,
    0x0, 0x9, 0xff, 0x0, 0x0, 0x9f, 0xf0, 0x0,
    0x9, 0xff, 0x0, 0x0, 0x9f, 0xf0, 0x0, 0x9,
    0xff,

    /* U+0032 "2" */
    0x0, 0x5c, 0xef, 0xd8, 0x10, 0x0, 0xaf, 0xff,
    0xff, 0xfe, 0x10, 0x5f, 0xfa, 0x32, 0x7f, 0xfb,
    0xa, 0xfe, 0x0, 0x0, 0xaf, 0xf0, 0x45, 0x40,
    0x0, 0x8, 0xff, 0x0, 0x0, 0x0, 0x0, 0xdf,
    0xb0, 0x0, 0x0, 0x0, 0xaf, 0xf2, 0x0, 0x0,
    0x0, 0xaf, 0xf5, 0x0, 0x0, 0x0, 0xbf, 0xf5,
    0x0, 0x0, 0x1, 0xcf, 0xf5, 0x0, 0x0, 0x1,
    0xdf, 0xf4, 0x0, 0x0, 0x2, 0xdf, 0xf7, 0x33,
    0x33, 0x30, 0xaf, 0xff, 0xff, 0xff, 0xff, 0x4b,
    0xff, 0xff, 0xff, 0xff, 0xf4,

    /* U+0033 "3" */
    0x0, 0x5b, 0xef, 0xea, 0x30, 0x0, 0xbf, 0xff,
    0xff, 0xff, 0x60, 0x6f, 0xf9, 0x32, 0x4d, 0xff,
    0x4, 0x77, 0x0, 0x0, 0x6f, 0xf2, 0x0, 0x0,
    0x0, 0x3d, 0xfc, 0x0, 0x0, 0x3f, 0xff, 0xe8,
    0x10, 0x0, 0x3, 0xff, 0xff, 0xb2, 0x0, 0x0,
    0x0, 0x4, 0xdf, 0xf1, 0x0, 0x0, 0x0, 0x3,
    0xff, 0x84, 0x43, 0x0, 0x0, 0xf, 0xfa, 0xdf,
    0xe0, 0x0, 0x4, 0xff, 0x97, 0xff, 0xc4, 0x36,
    0xef, 0xf3, 0xb, 0xff, 0xff, 0xff, 0xf6, 0x0,
    0x5, 0xbe, 0xfe, 0xa3, 0x0,

    /* U+0034 "4" */
    0x0, 0x0, 0x2, 0xff, 0xf7, 0x0, 0x0, 0x0,
    0xc, 0xff, 0xf7, 0x0, 0x0, 0x0, 0x7f, 0xff,
    0xf7, 0x0, 0x0, 0x2, 0xff, 0x6f, 0xf7, 0x0,
    0x0, 0xd, 0xfb, 0xf, 0xf7, 0x0, 0x0, 0x8f,
    0xf1, 0xf, 0xf7, 0x0, 0x3, 0xff, 0x60, 0xf,
    0xf7, 0x0, 0xd, 0xfb, 0x0, 0xf, 0xf7, 0x0,
    0x9f, 0xf1, 0x0, 0xf, 0xf7, 0x0, 0xff, 0xff,
    0xff, 0xff, 0xff, 0xf5, 0xff, 0xff, 0xff, 0xff,
    0xff, 0xf5, 0x22, 0x22, 0x22, 0x2f, 0xf8, 0x20,
    0x0, 0x0, 0x0, 0xf, 0xf7, 0x0, 0x0, 0x0,
    0x0, 0xf, 0xf7, 0x0,

    /* U+0035 "5" */
    0xf, 0xff, 0xff, 0xff, 0xf7, 0x1, 0xff, 0xff,
    0xff, 0xff, 0x70, 0x3f, 0xf4, 0x22, 0x22, 0x21,
    0x5, 0xff, 0x0, 0x0, 0x0, 0x0, 0x7f, 0xe6,
    0xdf, 0xe9, 0x10, 0x9, 0xff, 0xff, 0xff, 0xfe,
    0x10, 0x6b, 0xd6, 0x1, 0x8f, 0xfa, 0x0, 0x0,
    0x0, 0x0, 0xaf, 0xf0, 0x0, 0x0, 0x0, 0x5,
    0xff, 0x23, 0x31, 0x0, 0x0, 0x5f, 0xf2, 0xdf,
    0xc0, 0x0, 0xb, 0xff, 0x8, 0xff, 0x92, 0x29,
    0xff, 0x80, 0xb, 0xff, 0xff, 0xff, 0xc0, 0x0,
    0x6, 0xcf, 0xfc, 0x60, 0x0,

    /* U+0036 "6" */
    0x0, 0x18, 0xdf, 0xeb, 0x50, 0x0, 0x1d, 0xff,
    0xff, 0xff, 0xa0, 0xc, 0xfe, 0x74, 0x5b, 0xff,
    0x54, 0xff, 0x30, 0x0, 0x5, 0x53, 0x9f, 0xc1,
    0x9e, 0xfc, 0x50, 0xd, 0xfa, 0xdf, 0xff, 0xff,
    0x80, 0xef, 0xfe, 0x40, 0x3d, 0xff, 0x3f, 0xff,
    0x30, 0x0, 0x1f, 0xf9, 0xef, 0xe0, 0x0, 0x0,
    0xcf, 0xbc, 0xfe, 0x0, 0x0, 0xc, 0xfb, 0x8f,
    0xf4, 0x0, 0x2, 0xff, 0x81, 0xff, 0xf5, 0x24,
    0xef, 0xf2, 0x5, 0xff, 0xff, 0xff, 0xf5, 0x0,
    0x2, 0xae, 0xfe, 0xa2, 0x0,

    /* U+0037 "7" */
    0x3f, 0xff, 0xff, 0xff, 0xff, 0xb3, 0xff, 0xff,
    0xff, 0xff, 0xfb, 0x3, 0x33, 0x33, 0x36, 0xff,
    0x90, 0x0, 0x0, 0x0, 0xaf, 0xf1, 0x0, 0x0,
    0x0, 0x3f, 0xf8, 0x0, 0x0, 0x0, 0xb, 0xfe,
    0x10, 0x0, 0x0, 0x3, 0xff, 0x70, 0x0, 0x0,
    0x0, 0xcf, 0xe0, 0x0, 0x0, 0x0, 0x4f, 0xf6,
    0x0, 0x0, 0x0, 0xd, 0xfd, 0x0, 0x0, 0x0,
    0x5, 0xff, 0x50, 0x0, 0x0, 0x0, 0xdf, 0xd0,
    0x0, 0x0, 0x0, 0x6f, 0xf4, 0x0, 0x0, 0x0,
    0xe, 0xfc, 0x0, 0x0, 0x0,

    /* U+0038 "8" */
    0x0, 0x6b, 0xef, 0xea, 0x40, 0x0, 0xbf, 0xff,
    0xff, 0xff, 0x80, 0x5f, 0xfa, 0x20, 0x3c, 0xff,
    0x16, 0xff, 0x20, 0x0, 0x5f, 0xf3, 0x1f, 0xfa,
    0x10, 0x2c, 0xfd, 0x0, 0x2b, 0xff, 0xff, 0xf9,
    0x10, 0x5, 0xdf, 0xff, 0xff, 0xc2, 0x4, 0xff,
    0xb2, 0x4, 0xdf, 0xe1, 0xcf, 0xe0, 0x0, 0x2,
    0xff, 0x9f, 0xfb, 0x0, 0x0, 0xf, 0xfc, 0xef,
    0xe0, 0x0, 0x1, 0xff, 0xa8, 0xff, 0xa2, 0x3,
    0xcf, 0xf5, 0xb, 0xff, 0xff, 0xff, 0xf8, 0x0,
    0x5, 0xbe, 0xfe, 0xa4, 0x0,

    /* U+0039 "9" */
    0x0, 0x5b, 0xef, 0xd8, 0x10, 0x0, 0xaf, 0xff,
    0xff, 0xfe, 0x20, 0x7f, 0xfc, 0x32, 0x6f, 0xfd,
    0xd, 0xfd, 0x0, 0x0, 0x5f, 0xf4, 0xff, 0x90,
    0x0, 0x1, 0xff, 0x9e, 0xfc, 0x0, 0x0, 0x4f,
    0xfb, 0x9f, 0xf9, 0x10, 0x4e, 0xff, 0xc0, 0xdf,
    0xff, 0xff, 0xbc, 0xfb, 0x0, 0x8d, 0xfd, 0x80,
    0xef, 0x90, 0x0, 0x0, 0x0, 0x2f, 0xf6, 0xbf,
    0xe0, 0x0, 0x9, 0xff, 0x15, 0xff, 0xc5, 0x4a,
    0xff, 0x80, 0xa, 0xff, 0xff, 0xff, 0xb0, 0x0,
    0x5, 0xcf, 0xfc, 0x60, 0x0,

    /* U+003A ":" */
    0x0, 0x0, 0x1d, 0xf5, 0x5f, 0xfb, 0x1c, 0xe4,
    0x0, 0x0, 0x0, 0x0, 0x0, 0x0, 0x0, 0x0,
    0x1e, 0xf5, 0x5f, 0xfb, 0x1c, 0xe4,

    /* U+003B ";" */
    0x0, 0x0, 0xb, 0xf8, 0x1f, 0xfe, 0xa, 0xf7,
    0x0, 0x0, 0x0, 0x0, 0x0, 0x0, 0x0, 0x0,
    0x0, 0x0, 0xd, 0xd7, 0x2f, 0xf4, 0x4f, 0xf0,
    0x6f, 0xb0, 0x9f, 0x60, 0xbf, 0x20,

    /* U+003C "<" */
    0x0, 0x0, 0x0, 0x0, 0x0, 0x0, 0x0, 0x0,
    0x0, 0x5, 0xd5, 0x0, 0x0, 0x0, 0x6e, 0xff,
    0x50, 0x0, 0x18, 0xef, 0xff, 0xa2, 0x2, 0x9f,
    0xff, 0xe8, 0x10, 0x4, 0xff, 0xfc, 0x50, 0x0,
    0x0, 0x5f, 0xfd, 0x40, 0x0, 0x0, 0x1, 0xaf,
    0xff, 0xd6, 0x0, 0x0, 0x0, 0x29, 0xff, 0xfe,
    0x82, 0x0, 0x0, 0x1, 0x8e, 0xff, 0xf4, 0x0,
    0x0, 0x0, 0x6, 0xdf, 0x50, 0x0, 0x0, 0x0,
    0x0, 0x53,

    /* U+003D "=" */
    0xff, 0xff, 0xff, 0xff, 0xf7, 0xff, 0xff, 0xff,
    0xff, 0xf7, 0x22, 0x22, 0x22, 0x22, 0x21, 0x0,
    0x0, 0x0, 0x0, 0x0, 0x22, 0x22, 0x22, 0x22,
    0x21, 0xff, 0xff, 0xff, 0xff, 0xf7, 0xff, 0xff,
    0xff, 0xff, 0xf7,

    /* U+003E ">" */
    0x0, 0x0, 0x0, 0x0, 0x0, 0xd9, 0x20, 0x0,
    0x0, 0x0, 0xef, 0xfa, 0x30, 0x0, 0x0, 0x6e,
    0xff, 0xfb, 0x40, 0x0, 0x0, 0x5b, 0xff, 0xfc,
    0x50, 0x0, 0x0, 0x29, 0xff, 0xfb, 0x0, 0x0,
    0x1, 0x8f, 0xfd, 0x0, 0x3, 0x9f, 0xff, 0xd5,
    0x5, 0xcf, 0xff, 0xc5, 0x0, 0xdf, 0xff, 0xb4,
    0x0, 0x0, 0xef, 0xa2, 0x0, 0x0, 0x0, 0x71,
    0x0, 0x0, 0x0, 0x0,

    /* U+003F "?" */
    0x0, 0x3b, 0xef, 0xe9, 0x20, 0x5, 0xff, 0xff,
    0xff, 0xf2, 0xe, 0xfe, 0x41, 0x7f, 0xfb, 0x2d,
    0xd5, 0x0, 0xc, 0xfd, 0x0, 0x0, 0x0, 0xe,
    0xfc, 0x0, 0x0, 0x1, 0xcf, 0xf4, 0x0, 0x0,
    0x4e, 0xfe, 0x50, 0x0, 0x0, 0xef, 0xc1, 0x0,
    0x0, 0x2, 0xff, 0x30, 0x0, 0x0, 0x1, 0x88,
    0x10, 0x0, 0x0, 0x0, 0x0, 0x0, 0x0, 0x0,
    0x4, 0xfe, 0x30, 0x0, 0x0, 0x9, 0xff, 0x80,
    0x0, 0x0, 0x3, 0xed, 0x20, 0x0,

    /* U+0040 "@" */
    0x0, 0x0, 0x6, 0xbe, 0xff, 0xec, 0x71, 0x0,
    0x0, 0x0, 0x5, 0xff, 0xff, 0xff, 0xff, 0xff,
    0x80, 0x0, 0x0, 0x8f, 0xfc, 0x51, 0x0, 0x13,
    0x9f, 0xfb, 0x0, 0x5, 0xff, 0x60, 0x0, 0x0,
    0x0, 0x3, 0xef, 0x80, 0x1f, 0xf7, 0x0, 0x4c,
    0xed, 0x7a, 0xf2, 0x3f, 0xf2, 0x6f, 0xe0, 0x6,
    0xff, 0xff, 0xff, 0xf3, 0xb, 0xf8, 0xbf, 0x80,
    0xf, 0xf7, 0x11, 0xaf, 0xf3, 0x5, 0xfc, 0xef,
    0x50, 0x5f, 0xb0, 0x0, 0xf, 0xf3, 0x3, 0xfe,
    0xff, 0x30, 0x7f, 0x70, 0x0, 0xc, 0xf3, 0x2,
    0xfe, 0xff, 0x30, 0x7f, 0x70, 0x0, 0xc, 0xf3,
    0x2, 0xfd, 0xef, 0x50, 0x5f, 0xa0, 0x0, 0xf,
    0xf3, 0x4, 0xfb, 0xcf, 0x80, 0x1f, 0xf3, 0x0,
    0x7f, 0xf5, 0xa, 0xf7, 0x7f, 0xe0, 0x7, 0xff,
    0xcd, 0xfc, 0xfe, 0xdf, 0xe1, 0x1f, 0xf7, 0x0,
    0x6d, 0xfd, 0x70, 0x8e, 0xfb, 0x20, 0x7, 0xff,
    0x60, 0x0, 0x0, 0x0, 0x0, 0x0, 0x0, 0x0,
    0xaf, 0xfc, 0x62, 0x0, 0x2, 0x63, 0x0, 0x0,
    0x0, 0x6, 0xff, 0xff, 0xff, 0xff, 0xfb, 0x0,
    0x0, 0x0, 0x0, 0x17, 0xbe, 0xff, 0xec, 0x94,
    0x0, 0x0,

    /* U+0041 "A" */
    0x0, 0x0, 0x9, 0xff, 0xf1, 0x0, 0x0, 0x0,
    0x0, 0x0, 0xff, 0xff, 0x60, 0x0, 0x0, 0x0,
    0x0, 0x5f, 0xfa, 0xfc, 0x0, 0x0, 0x0, 0x0,
    0xb, 0xfb, 0x4f, 0xf2, 0x0, 0x0, 0x0, 0x1,
    0xff, 0x60, 0xff, 0x80, 0x0, 0x0, 0x0, 0x6f,
    0xf1, 0xa, 0xfe, 0x0, 0x0, 0x0, 0xc, 0xfc,
    0x0, 0x4f, 0xf4, 0x0, 0x0, 0x2, 0xff, 0x60,
    0x0, 0xef, 0xa0, 0x0, 0x0, 0x8f, 0xff, 0xff,
    0xff, 0xff, 0x10, 0x0, 0xe, 0xff, 0xff, 0xff,
    0xff, 0xf6, 0x0, 0x3, 0xff, 0x71, 0x11, 0x11,
    0xef, 0xc0, 0x0, 0x9f, 0xf1, 0x0, 0x0, 0x9,
    0xff, 0x20, 0xf, 0xfc, 0x0, 0x0, 0x0, 0x4f,
    0xf8, 0x5, 0xff, 0x70, 0x0, 0x0, 0x0, 0xef,
    0xe0,

    /* U+0042 "B" */
    0x8f, 0xff, 0xff, 0xfd, 0x81, 0x0, 0x8f, 0xff,
    0xff, 0xff, 0xfd, 0x10, 0x8f, 0xf3, 0x22, 0x4b,
    0xff, 0x80, 0x8f, 0xf1, 0x0, 0x0, 0xff, 0xb0,
    0x8f, 0xf1, 0x0, 0x0, 0xff, 0x90, 0x8f, 0xf1,
    0x0, 0x2a, 0xfe, 0x20, 0x8f, 0xff, 0xff, 0xff,
    0xb1, 0x0, 0x8f, 0xfe, 0xee, 0xff, 0xfc, 0x20,
    0x8f, 0xf1, 0x0, 0x3, 0xef, 0xd0, 0x8f, 0xf1,
    0x0, 0x0, 0x7f, 0xf3, 0x8f, 0xf1, 0x0, 0x0,
    0x7f, 0xf4, 0x8f, 0xf3, 0x22, 0x37, 0xff, 0xf1,
    0x8f, 0xff, 0xff, 0xff, 0xff, 0x60, 0x8f, 0xff,
    0xff, 0xfe, 0xb4, 0x0,

    /* U+0043 "C" */
    0x0, 0x3, 0xad, 0xfe, 0xc6, 0x0, 0x0, 0x9,
    0xff, 0xff, 0xff, 0xfd, 0x10, 0x9, 0xff, 0xe7,
    0x56, 0xbf, 0xfd, 0x3, 0xff, 0xc1, 0x0, 0x0,
    0x8f, 0xf6, 0x9f, 0xf2, 0x0, 0x0, 0x0, 0xbc,
    0x8d, 0xfc, 0x0, 0x0, 0x0, 0x0, 0x0, 0xff,
    0xa0, 0x0, 0x0, 0x0, 0x0, 0xf, 0xfa, 0x0,
    0x0, 0x0, 0x0, 0x0, 0xdf, 0xc0, 0x0, 0x0,
    0x0, 0x0, 0x9, 0xff, 0x20, 0x0, 0x0, 0xb,
    0xc8, 0x3f, 0xfc, 0x0, 0x0, 0x8, 0xff, 0x60,
    0x9f, 0xfe, 0x75, 0x6b, 0xff, 0xd0, 0x0, 0x9f,
    0xff, 0xff, 0xff, 0xd1, 0x0, 0x0, 0x4a, 0xdf,
    0xec, 0x60, 0x0,

    /* U+0044 "D" */
    0x8f, 0xff, 0xff, 0xec, 0x60, 0x0, 0x8, 0xff,
    0xff, 0xff, 0xff, 0xd3, 0x0, 0x8f, 0xf4, 0x44,
    0x5a, 0xff, 0xe1, 0x8, 0xff, 0x10, 0x0, 0x4,
    0xff, 0xa0, 0x8f, 0xf1, 0x0, 0x0, 0x9, 0xff,
    0x18, 0xff, 0x10, 0x0, 0x0, 0x4f, 0xf4, 0x8f,
    0xf1, 0x0, 0x0, 0x2, 0xff, 0x58, 0xff, 0x10,
    0x0, 0x0, 0x2f, 0xf5, 0x8f, 0xf1, 0x0, 0x0,
    0x4, 0xff, 0x48, 0xff, 0x10, 0x0, 0x0, 0x9f,
    0xf1, 0x8f, 0xf1, 0x0, 0x0, 0x4f, 0xfa, 0x8,
    0xff, 0x44, 0x45, 0xaf, 0xfe, 0x10, 0x8f, 0xff,
    0xff, 0xff, 0xfe, 0x30, 0x8, 0xff, 0xff, 0xfe,
    0xb6, 0x0, 0x0,

    /* U+0045 "E" */
    0x8f, 0xff, 0xff, 0xff, 0xfe, 0x8f, 0xff, 0xff,
    0xff, 0xfe, 0x8f, 0xf4, 0x33, 0x33, 0x32, 0x8f,
    0xf1, 0x0, 0x0, 0x0, 0x8f, 0xf1, 0x0, 0x0,
    0x0, 0x8f, 0xf3, 0x22, 0x22, 0x21, 0x8f, 0xff,
    0xff, 0xff, 0xf6, 0x8f, 0xff, 0xff, 0xff, 0xf6,
    0x8f, 0xf1, 0x0, 0x0, 0x0, 0x8f, 0xf1, 0x0,
    0x0, 0x0, 0x8f, 0xf1, 0x0, 0x0, 0x0, 0x8f,
    0xf4, 0x33, 0x33, 0x32, 0x8f, 0xff, 0xff, 0xff,
    0xff, 0x8f, 0xff, 0xff, 0xff, 0xff,

    /* U+0046 "F" */
    0x8f, 0xff, 0xff, 0xff, 0xfc, 0x8f, 0xff, 0xff,
    0xff, 0xfc, 0x8f, 0xf4, 0x33, 0x33, 0x32, 0x8f,
    0xf1, 0x0, 0x0, 0x0, 0x8f, 0xf1, 0x0, 0x0,
    0x0, 0x8f, 0xf1, 0x0, 0x0, 0x0, 0x8f, 0xff,
    0xff, 0xff, 0xf2, 0x8f, 0xff, 0xff, 0xff, 0xf2,
    0x8f, 0xf3, 0x22, 0x22, 0x20, 0x8f, 0xf1, 0x0,
    0x0, 0x0, 0x8f, 0xf1, 0x0, 0x0, 0x0, 0x8f,
    0xf1, 0x0, 0x0, 0x0, 0x8f, 0xf1, 0x0, 0x0,
    0x0, 0x8f, 0xf1, 0x0, 0x0, 0x0,

    /* U+0047 "G" */
    0x0, 0x3, 0xad, 0xfe, 0xc7, 0x0, 0x0, 0x9,
    0xff, 0xff, 0xff, 0xfe, 0x30, 0x9, 0xff, 0xe8,
    0x56, 0xaf, 0xfe, 0x13, 0xff, 0xc1, 0x0, 0x0,
    0x6f, 0xf8, 0x9f, 0xf2, 0x0, 0x0, 0x0, 0x33,
    0x2d, 0xfc, 0x0, 0x0, 0x0, 0x0, 0x0, 0xff,
    0xa0, 0x0, 0xf, 0xff, 0xff, 0xef, 0xfa, 0x0,
    0x0, 0xff, 0xff, 0xfe, 0xdf, 0xc0, 0x0, 0x0,
    0x0, 0xbf, 0xd9, 0xff, 0x20, 0x0, 0x0, 0xe,
    0xfb, 0x3f, 0xfc, 0x0, 0x0, 0x8, 0xff, 0x50,
    0x9f, 0xfe, 0x75, 0x6b, 0xff, 0xc0, 0x0, 0x9f,
    0xff, 0xff, 0xff, 0xc1, 0x0, 0x0, 0x4a, 0xdf,
    0xec, 0x60, 0x0,

    /* U+0048 "H" */
    0x8f, 0xf1, 0x0, 0x0, 0x2, 0xff, 0x78, 0xff,
    0x10, 0x0, 0x0, 0x2f, 0xf7, 0x8f, 0xf1, 0x0,
    0x0, 0x2, 0xff, 0x78, 0xff, 0x10, 0x0, 0x0,
    0x2f, 0xf7, 0x8f, 0xf1, 0x0, 0x0, 0x2, 0xff,
    0x78, 0xff, 0x43, 0x33, 0x33, 0x5f, 0xf7, 0x8f,
    0xff, 0xff, 0xff, 0xff, 0xff, 0x78, 0xff, 0xff,
    0xff, 0xff, 0xff, 0xf7, 0x8f, 0xf1, 0x0, 0x0,
    0x2, 0xff, 0x78, 0xff, 0x10, 0x0, 0x0, 0x2f,
    0xf7, 0x8f, 0xf1, 0x0, 0x0, 0x2, 0xff, 0x78,
    0xff, 0x10, 0x0, 0x0, 0x2f, 0xf7, 0x8f, 0xf1,
    0x0, 0x0, 0x2, 0xff, 0x78, 0xff, 0x10, 0x0,
    0x0, 0x2f, 0xf7,

    /* U+0049 "I" */
    0x8f, 0xf1, 0x8f, 0xf1, 0x8f, 0xf1, 0x8f, 0xf1,
    0x8f, 0xf1, 0x8f, 0xf1, 0x8f, 0xf1, 0x8f, 0xf1,
    0x8f, 0xf1, 0x8f, 0xf1, 0x8f, 0xf1, 0x8f, 0xf1,
    0x8f, 0xf1, 0x8f, 0xf1,

    /* U+004A "J" */
    0x0, 0x0, 0x0, 0x7, 0xff, 0x20, 0x0, 0x0,
    0x0, 0x7f, 0xf2, 0x0, 0x0, 0x0, 0x7, 0xff,
    0x20, 0x0, 0x0, 0x0, 0x7f, 0xf2, 0x0, 0x0,
    0x0, 0x7, 0xff, 0x20, 0x0, 0x0, 0x0, 0x7f,
    0xf2, 0x0, 0x0, 0x0, 0x7, 0xff, 0x20, 0x0,
    0x0, 0x0, 0x7f, 0xf2, 0x1, 0x10, 0x0, 0x7,
    0xff, 0x23, 0xff, 0x60, 0x0, 0x7f, 0xf2, 0x2f,
    0xf8, 0x0, 0x9, 0xff, 0x10, 0xef, 0xf5, 0x26,
    0xff, 0xd0, 0x5, 0xff, 0xff, 0xff, 0xf3, 0x0,
    0x3, 0xbe, 0xfe, 0xa2, 0x0,

    /* U+004B "K" */
    0x8f, 0xf1, 0x0, 0x0, 0x4f, 0xfe, 0x18, 0xff,
    0x10, 0x0, 0x3f, 0xfe, 0x20, 0x8f, 0xf1, 0x0,
    0x2e, 0xff, 0x30, 0x8, 0xff, 0x10, 0x1e, 0xff,
    0x40, 0x0, 0x8f, 0xf1, 0xd, 0xff, 0x50, 0x0,
    0x8, 0xff, 0x1b, 0xff, 0x60, 0x0, 0x0, 0x8f,
    0xf8, 0xff, 0xf3, 0x0, 0x0, 0x8, 0xff, 0xff,
    0xff, 0xd0, 0x0, 0x0, 0x8f, 0xff, 0x56, 0xff,
    0x90, 0x0, 0x8, 0xff, 0x60, 0xb, 0xff, 0x50,
    0x0, 0x8f, 0xf1, 0x0, 0x1e, 0xfe, 0x10, 0x8,
    0xff, 0x10, 0x0, 0x4f, 0xfb, 0x0, 0x8f, 0xf1,
    0x0, 0x0, 0x9f, 0xf7, 0x8, 0xff, 0x10, 0x0,
    0x0, 0xdf, 0xf3,

    /* U+004C "L" */
    0x8f, 0xf1, 0x0, 0x0, 0x0, 0x8f, 0xf1, 0x0,
    0x0, 0x0, 0x8f, 0xf1, 0x0, 0x0, 0x0, 0x8f,
    0xf1, 0x0, 0x0, 0x0, 0x8f, 0xf1, 0x0, 0x0,
    0x0, 0x8f, 0xf1, 0x0, 0x0, 0x0, 0x8f, 0xf1,
    0x0, 0x0, 0x0, 0x8f, 0xf1, 0x0, 0x0, 0x0,
    0x8f, 0xf1, 0x0, 0x0, 0x0, 0x8f, 0xf1, 0x0,
    0x0, 0x0, 0x8f, 0xf1, 0x0, 0x0, 0x0, 0x8f,
    0xf4, 0x33, 0x33, 0x31, 0x8f, 0xff, 0xff, 0xff,
    0xf8, 0x8f, 0xff, 0xff, 0xff, 0xf8,

    /* U+004D "M" */
    0x8f, 0xff, 0x90, 0x0, 0x0, 0x2, 0xff, 0xff,
    0x8f, 0xff, 0xe0, 0x0, 0x0, 0x8, 0xff, 0xff,
    0x8f, 0xff, 0xf5, 0x0, 0x0, 0xe, 0xfe, 0xff,
    0x8f, 0xfb, 0xfb, 0x0, 0x0, 0x4f, 0xfa, 0xff,
    0x8f, 0xf6, 0xff, 0x10, 0x0, 0xaf, 0xd9, 0xff,
    0x8f, 0xf1, 0xff, 0x70, 0x1, 0xff, 0x89, 0xff,
    0x8f, 0xf0, 0xcf, 0xd0, 0x6, 0xff, 0x29, 0xff,
    0x8f, 0xf0, 0x6f, 0xf3, 0xc, 0xfc, 0x9, 0xff,
    0x8f, 0xf0, 0xf, 0xf8, 0x1f, 0xf6, 0x9, 0xff,
    0x8f, 0xf0, 0xa, 0xfc, 0x5f, 0xf1, 0x9, 0xff,
    0x8f, 0xf0, 0x3, 0xff, 0xaf, 0xa0, 0x9, 0xff,
    0x8f, 0xf0, 0x0, 0xdf, 0xff, 0x40, 0x9, 0xff,
    0x8f, 0xf0, 0x0, 0x7f, 0xfe, 0x0, 0x9, 0xff,
    0x8f, 0xf0, 0x0, 0x1f, 0xf8, 0x0, 0x9, 0xff,

    /* U+004E "N" */
    0x8f, 0xfb, 0x0, 0x0, 0x0, 0xef, 0xb8, 0xff,
    0xf6, 0x0, 0x0, 0xe, 0xfb, 0x8f, 0xff, 0xf1,
    0x0, 0x0, 0xef, 0xb8, 0xff, 0xdf, 0xb0, 0x0,
    0xe, 0xfb, 0x8f, 0xf4, 0xff, 0x50, 0x0, 0xef,
    0xb8, 0xff, 0x1b, 0xfe, 0x10, 0xe, 0xfb, 0x8f,
    0xf1, 0x2f, 0xfa, 0x0, 0xef, 0xb8, 0xff, 0x10,
    0x7f, 0xf4, 0xe, 0xfb, 0x8f, 0xf2, 0x0, 0xdf,
    0xe0, 0xef, 0xb8, 0xff, 0x20, 0x3, 0xff, 0x7d,
    0xfb, 0x8f, 0xf2, 0x0, 0x8, 0xff, 0xdf, 0xb8,
    0xff, 0x20, 0x0, 0xd, 0xff, 0xfb, 0x8f, 0xf2,
    0x0, 0x0, 0x3f, 0xff, 0xb8, 0xff, 0x20, 0x0,
    0x0, 0x9f, 0xfb,

    /* U+004F "O" */
    0x0, 0x3, 0xad, 0xfe, 0xc6, 0x0, 0x0, 0x0,
    0x9f, 0xff, 0xff, 0xff, 0xd2, 0x0, 0x9, 0xff,
    0xe7, 0x56, 0xbf, 0xfd, 0x10, 0x3f, 0xfc, 0x0,
    0x0, 0x7, 0xff, 0x90, 0x9f, 0xf2, 0x0, 0x0,
    0x0, 0xcf, 0xe0, 0xdf, 0xc0, 0x0, 0x0, 0x0,
    0x7f, 0xf3, 0xff, 0xa0, 0x0, 0x0, 0x0, 0x4f,
    0xf4, 0xff, 0xa0, 0x0, 0x0, 0x0, 0x4f, 0xf4,
    0xdf, 0xc0, 0x0, 0x0, 0x0, 0x6f, 0xf3, 0x9f,
    0xf2, 0x0, 0x0, 0x0, 0xcf, 0xe0, 0x3f, 0xfc,
    0x0, 0x0, 0x7, 0xff, 0x90, 0x9, 0xff, 0xe7,
    0x56, 0xbf, 0xfe, 0x10, 0x0, 0x9f, 0xff, 0xff,
    0xff, 0xd2, 0x0, 0x0, 0x4, 0xad, 0xfe, 0xc6,
    0x0, 0x0,

    /* U+0050 "P" */
    0x8f, 0xff, 0xff, 0xfc, 0x70, 0x0, 0x8f, 0xff,
    0xff, 0xff, 0xfc, 0x0, 0x8f, 0xf3, 0x23, 0x4c,
    0xff, 0x80, 0x8f, 0xf1, 0x0, 0x0, 0xef, 0xe0,
    0x8f, 0xf1, 0x0, 0x0, 0xaf, 0xf0, 0x8f, 0xf1,
    0x0, 0x0, 0xdf, 0xe0, 0x8f, 0xf1, 0x0, 0x29,
    0xff, 0x90, 0x8f, 0xff, 0xff, 0xff, 0xfe, 0x10,
    0x8f, 0xff, 0xff, 0xff, 0x91, 0x0, 0x8f, 0xf3,
    0x22, 0x10, 0x0, 0x0, 0x8f, 0xf1, 0x0, 0x0,
    0x0, 0x0, 0x8f, 0xf1, 0x0, 0x0, 0x0, 0x0,
    0x8f, 0xf1, 0x0, 0x0, 0x0, 0x0, 0x8f, 0xf1,
    0x0, 0x0, 0x0, 0x0,

    /* U+0051 "Q" */
    0x0, 0x3, 0xad, 0xfe, 0xc6, 0x0, 0x0, 0x0,
    0x9f, 0xff, 0xff, 0xff, 0xd2, 0x0, 0x9, 0xff,
    0xe7, 0x56, 0xbf, 0xfe, 0x10, 0x3f, 0xfc, 0x0,
    0x0, 0x7, 0xff, 0x90, 0x9f, 0xf2, 0x0, 0x0,
    0x0, 0xcf, 0xf0, 0xdf, 0xc0, 0x0, 0x0, 0x0,
    0x7f, 0xf3, 0xff, 0xa0, 0x0, 0x0, 0x0, 0x4f,
    0xf4, 0xff, 0xa0, 0x0, 0x0, 0x0, 0x4f, 0xf4,
    0xdf, 0xc0, 0x0, 0x0, 0x0, 0x7f, 0xf3, 0x9f,
    0xf2, 0x0, 0xac, 0x70, 0xcf, 0xe0, 0x3f, 0xfc,
    0x0, 0x2e, 0xfa, 0xff, 0x80, 0x9, 0xff, 0xe7,
    0x5a, 0xff, 0xfd, 0x0, 0x0, 0x9f, 0xff, 0xff,
    0xff, 0xf3, 0x0, 0x0, 0x4, 0xad, 0xfe, 0xbc,
    0xfc, 0x0, 0x0, 0x0, 0x0, 0x0, 0x0, 0xdf,
    0x90,

    /* U+0052 "R" */
    0x8f, 0xff, 0xff, 0xfd, 0x80, 0x0, 0x8f, 0xff,
    0xff, 0xff, 0xfd, 0x10, 0x8f, 0xf3, 0x23, 0x4b,
    0xff, 0x90, 0x8f, 0xf1, 0x0, 0x0, 0xdf, 0xe0,
    0x8f, 0xf1, 0x0, 0x0, 0xaf, 0xf0, 0x8f, 0xf1,
    0x0, 0x0, 0xdf, 0xe0, 0x8f, 0xf3, 0x22, 0x4a,
    0xff, 0x90, 0x8f, 0xff, 0xff, 0xff, 0xfd, 0x10,
    0x8f, 0xff, 0xff, 0xff, 0xb0, 0x0, 0x8f, 0xf1,
    0x0, 0xef, 0xe0, 0x0, 0x8f, 0xf1, 0x0, 0x5f,
    0xf8, 0x0, 0x8f, 0xf1, 0x0, 0xc, 0xff, 0x20,
    0x8f, 0xf1, 0x0, 0x3, 0xff, 0xb0, 0x8f, 0xf1,
    0x0, 0x0, 0xaf, 0xf4,

    /* U+0053 "S" */
    0x0, 0x4, 0xae, 0xfe, 0xb6, 0x0, 0x0, 0x9,
    0xff, 0xff, 0xff, 0xfb, 0x0, 0x5, 0xff, 0xd5,
    0x35, 0xbf, 0xf7, 0x0, 0x9f, 0xf1, 0x0, 0x0,
    0xdf, 0xc0, 0x9, 0xff, 0x20, 0x0, 0x0, 0x0,
    0x0, 0x4f, 0xfe, 0x72, 0x0, 0x0, 0x0, 0x0,
    0x5e, 0xff, 0xfe, 0x94, 0x0, 0x0, 0x0, 0x5,
    0xae, 0xff, 0xfb, 0x10, 0x0, 0x0, 0x0, 0x2,
    0x9f, 0xfa, 0x0, 0x44, 0x20, 0x0, 0x0, 0xaf,
    0xf0, 0xf, 0xfc, 0x0, 0x0, 0xb, 0xff, 0x0,
    0x9f, 0xfb, 0x53, 0x5b, 0xff, 0xb0, 0x1, 0xcf,
    0xff, 0xff, 0xff, 0xe2, 0x0, 0x0, 0x6c, 0xef,
    0xec, 0x70, 0x0,

    /* U+0054 "T" */
    0x3f, 0xff, 0xff, 0xff, 0xff, 0xff, 0x63, 0xff,
    0xff, 0xff, 0xff, 0xff, 0xf6, 0x3, 0x33, 0x3c,
    0xfe, 0x33, 0x33, 0x10, 0x0, 0x0, 0xbf, 0xe0,
    0x0, 0x0, 0x0, 0x0, 0xb, 0xfe, 0x0, 0x0,
    0x0, 0x0, 0x0, 0xbf, 0xe0, 0x0, 0x0, 0x0,
    0x0, 0xb, 0xfe, 0x0, 0x0, 0x0, 0x0, 0x0,
    0xbf, 0xe0, 0x0, 0x0, 0x0, 0x0, 0xb, 0xfe,
    0x0, 0x0, 0x0, 0x0, 0x0, 0xbf, 0xe0, 0x0,
    0x0, 0x0, 0x0, 0xb, 0xfe, 0x0, 0x0, 0x0,
    0x0, 0x0, 0xbf, 0xe0, 0x0, 0x0, 0x0, 0x0,
    0xb, 0xfe, 0x0, 0x0, 0x0, 0x0, 0x0, 0xbf,
    0xe0, 0x0, 0x0,

    /* U+0055 "U" */
    0x8f, 0xf1, 0x0, 0x0, 0x5, 0xff, 0x48, 0xff,
    0x10, 0x0, 0x0, 0x5f, 0xf4, 0x8f, 0xf1, 0x0,
    0x0, 0x5, 0xff, 0x48, 0xff, 0x10, 0x0, 0x0,
    0x5f, 0xf4, 0x8f, 0xf1, 0x0, 0x0, 0x5, 0xff,
    0x48, 0xff, 0x10, 0x0, 0x0, 0x5f, 0xf4, 0x8f,
    0xf1, 0x0, 0x0, 0x5, 0xff, 0x48, 0xff, 0x10,
    0x0, 0x0, 0x5f, 0xf4, 0x8f, 0xf1, 0x0, 0x0,
    0x5, 0xff, 0x47, 0xff, 0x30, 0x0, 0x0, 0x7f,
    0xf3, 0x4f, 0xfb, 0x0, 0x0, 0x1e, 0xff, 0x0,
    0xcf, 0xfd, 0x75, 0x8e, 0xff, 0x80, 0x1, 0xdf,
    0xff, 0xff, 0xff, 0xa0, 0x0, 0x0, 0x7c, 0xef,
    0xea, 0x50, 0x0,

    /* U+0056 "V" */
    0x5f, 0xf8, 0x0, 0x0, 0x0, 0xe, 0xfe, 0x0,
    0xef, 0xd0, 0x0, 0x0, 0x4, 0xff, 0x80, 0x9,
    0xff, 0x30, 0x0, 0x0, 0xaf, 0xf2, 0x0, 0x3f,
    0xf9, 0x0, 0x0, 0xf, 0xfc, 0x0, 0x0, 0xdf,
    0xe0, 0x0, 0x5, 0xff, 0x60, 0x0, 0x7, 0xff,
    0x40, 0x0, 0xaf, 0xf1, 0x0, 0x0, 0x1f, 0xfa,
    0x0, 0xf, 0xfb, 0x0, 0x0, 0x0, 0xbf, 0xf0,
    0x5, 0xff, 0x50, 0x0, 0x0, 0x5, 0xff, 0x40,
    0xaf, 0xf0, 0x0, 0x0, 0x0, 0xf, 0xf9, 0xf,
    0xf9, 0x0, 0x0, 0x0, 0x0, 0xaf, 0xe4, 0xff,
    0x30, 0x0, 0x0, 0x0, 0x4, 0xff, 0xbf, 0xd0,
    0x0, 0x0, 0x0, 0x0, 0xe, 0xff, 0xf8, 0x0,
    0x0, 0x0, 0x0, 0x0, 0x8f, 0xff, 0x20, 0x0,
    0x0,

    /* U+0057 "W" */
    0x6f, 0xf6, 0x0, 0x0, 0x5f, 0xfb, 0x0, 0x0,
    0xf, 0xfc, 0x1f, 0xfa, 0x0, 0x0, 0x9f, 0xff,
    0x0, 0x0, 0x4f, 0xf7, 0xd, 0xfe, 0x0, 0x0,
    0xdf, 0xff, 0x30, 0x0, 0x8f, 0xf3, 0x8, 0xff,
    0x20, 0x1, 0xff, 0xdf, 0x80, 0x0, 0xcf, 0xe0,
    0x4, 0xff, 0x60, 0x6, 0xfe, 0x8f, 0xc0, 0x0,
    0xff, 0xa0, 0x0, 0xff, 0xb0, 0xa, 0xfb, 0x5f,
    0xf0, 0x4, 0xff, 0x50, 0x0, 0xbf, 0xe0, 0xe,
    0xf7, 0x1f, 0xf4, 0x8, 0xff, 0x10, 0x0, 0x6f,
    0xf2, 0x2f, 0xf2, 0xc, 0xf8, 0xc, 0xfc, 0x0,
    0x0, 0x2f, 0xf6, 0x6f, 0xe0, 0x8, 0xfc, 0xf,
    0xf8, 0x0, 0x0, 0xd, 0xf9, 0x9f, 0xa0, 0x3,
    0xff, 0x4f, 0xf3, 0x0, 0x0, 0x9, 0xfc, 0xdf,
    0x50, 0x0, 0xff, 0x9f, 0xf0, 0x0, 0x0, 0x4,
    0xff, 0xff, 0x10, 0x0, 0xbf, 0xff, 0xa0, 0x0,
    0x0, 0x0, 0xff, 0xfd, 0x0, 0x0, 0x6f, 0xff,
    0x60, 0x0, 0x0, 0x0, 0xbf, 0xf8, 0x0, 0x0,
    0x2f, 0xff, 0x10, 0x0,

    /* U+0058 "X" */
    0xb, 0xff, 0x40, 0x0, 0x0, 0xcf, 0xf2, 0x1,
    0xef, 0xe1, 0x0, 0x8, 0xff, 0x60, 0x0, 0x4f,
    0xfa, 0x0, 0x3f, 0xfb, 0x0, 0x0, 0x9, 0xff,
    0x40, 0xdf, 0xe1, 0x0, 0x0, 0x0, 0xdf, 0xd7,
    0xff, 0x50, 0x0, 0x0, 0x0, 0x3f, 0xff, 0xf9,
    0x0, 0x0, 0x0, 0x0, 0x8, 0xff, 0xe0, 0x0,
    0x0, 0x0, 0x0, 0xb, 0xff, 0xf4, 0x0, 0x0,
    0x0, 0x0, 0x7f, 0xfe, 0xfe, 0x10, 0x0, 0x0,
    0x3, 0xff, 0xa4, 0xff, 0xa0, 0x0, 0x0, 0xd,
    0xfe, 0x10, 0xaf, 0xf6, 0x0, 0x0, 0xaf, 0xf4,
    0x0, 0xe, 0xff, 0x20, 0x6, 0xff, 0x90, 0x0,
    0x4, 0xff, 0xc0, 0x2f, 0xfd, 0x0, 0x0, 0x0,
    0x8f, 0xf8,

    /* U+0059 "Y" */
    0x3f, 0xfd, 0x0, 0x0, 0x0, 0x8f, 0xf7, 0x9,
    0xff, 0x60, 0x0, 0x2, 0xff, 0xd0, 0x0, 0xef,
    0xe1, 0x0, 0xb, 0xff, 0x30, 0x0, 0x5f, 0xf9,
    0x0, 0x4f, 0xf9, 0x0, 0x0, 0xb, 0xff, 0x30,
    0xdf, 0xe1, 0x0, 0x0, 0x1, 0xff, 0xb5, 0xff,
    0x50, 0x0, 0x0, 0x0, 0x7f, 0xfe, 0xfc, 0x0,
    0x0, 0x0, 0x0, 0xc, 0xff, 0xf2, 0x0, 0x0,
    0x0, 0x0, 0x3, 0xff, 0x90, 0x0, 0x0, 0x0,
    0x0, 0x2, 0xff, 0x70, 0x0, 0x0, 0x0, 0x0,
    0x2, 0xff, 0x70, 0x0, 0x0, 0x0, 0x0, 0x2,
    0xff, 0x70, 0x0, 0x0, 0x0, 0x0, 0x2, 0xff,
    0x70, 0x0, 0x0, 0x0, 0x0, 0x2, 0xff, 0x70,
    0x0, 0x0,

    /* U+005A "Z" */
    0xdf, 0xff, 0xff, 0xff, 0xff, 0xed, 0xff, 0xff,
    0xff, 0xff, 0xfd, 0x22, 0x22, 0x22, 0x29, 0xff,
    0x40, 0x0, 0x0, 0x4, 0xff, 0x80, 0x0, 0x0,
    0x1, 0xef, 0xc0, 0x0, 0x0, 0x0, 0xcf, 0xe1,
    0x0, 0x0, 0x0, 0x8f, 0xf5, 0x0, 0x0, 0x0,
    0x4f, 0xf9, 0x0, 0x0, 0x0, 0x1e, 0xfd, 0x0,
    0x0, 0x0, 0xb, 0xff, 0x20, 0x0, 0x0, 0x7,
    0xff, 0x50, 0x0, 0x0, 0x3, 0xff, 0xa2, 0x22,
    0x22, 0x22, 0xcf, 0xff, 0xff, 0xff, 0xff, 0xed,
    0xff, 0xff, 0xff, 0xff, 0xfe,

    /* U+005B "[" */
    0x1f, 0xff, 0xf6, 0x1f, 0xff, 0xf6, 0x1f, 0xf5,
    0x0, 0x1f, 0xf5, 0x0, 0x1f, 0xf5, 0x0, 0x1f,
    0xf5, 0x0, 0x1f, 0xf5, 0x0, 0x1f, 0xf5, 0x0,
    0x1f, 0xf5, 0x0, 0x1f, 0xf5, 0x0, 0x1f, 0xf5,
    0x0, 0x1f, 0xf5, 0x0, 0x1f, 0xf5, 0x0, 0x1f,
    0xf5, 0x0, 0x1f, 0xf5, 0x0, 0x1f, 0xf5, 0x0,
    0x1f, 0xff, 0xf6, 0x1f, 0xff, 0xf6,

    /* U+005C "\\" */
    0x48, 0x50, 0x0, 0x0, 0x6f, 0xd0, 0x0, 0x0,
    0x2f, 0xf1, 0x0, 0x0, 0xd, 0xf5, 0x0, 0x0,
    0x9, 0xfa, 0x0, 0x0, 0x5, 0xfe, 0x0, 0x0,
    0x1, 0xff, 0x20, 0x0, 0x0, 0xcf, 0x60, 0x0,
    0x0, 0x8f, 0xb0, 0x0, 0x0, 0x4f, 0xf0, 0x0,
    0x0, 0xf, 0xf3, 0x0, 0x0, 0xb, 0xf8, 0x0,
    0x0, 0x7, 0xfc, 0x0, 0x0, 0x3, 0xff, 0x0,
    0x0, 0x0, 0xef, 0x40, 0x0, 0x0, 0xaf, 0x90,
    0x0, 0x0, 0x6f, 0xd0, 0x0, 0x0, 0x1f, 0xf1,

    /* U+005D "]" */
    0xff, 0xff, 0x8e, 0xff, 0xf8, 0x0, 0xef, 0x80,
    0xe, 0xf8, 0x0, 0xef, 0x80, 0xe, 0xf8, 0x0,
    0xef, 0x80, 0xe, 0xf8, 0x0, 0xef, 0x80, 0xe,
    0xf8, 0x0, 0xef, 0x80, 0xe, 0xf8, 0x0, 0xef,
    0x80, 0xe, 0xf8, 0x0, 0xef, 0x80, 0xe, 0xf8,
    0xef, 0xff, 0x8f, 0xff, 0xf8,

    /* U+005E "^" */
    0x0, 0x9, 0xff, 0x30, 0x0, 0x1, 0xff, 0xfa,
    0x0, 0x0, 0x8f, 0x6c, 0xf2, 0x0, 0x1f, 0xe0,
    0x5f, 0xa0, 0x8, 0xf7, 0x0, 0xdf, 0x21, 0xff,
    0x10, 0x6, 0xfa,

    /* U+005F "_" */
    0x0, 0x0, 0x0, 0x0, 0x0, 0xff, 0xff, 0xff,
    0xff, 0xf6, 0xff, 0xff, 0xff, 0xff, 0xf6,

    /* U+0060 "`" */
    0x2f, 0xf3, 0x0, 0x7f, 0xa0, 0x0, 0xcf, 0x20,

    /* U+0061 "a" */
    0x0, 0x29, 0xdf, 0xeb, 0x40, 0x0, 0x3e, 0xff,
    0xff, 0xff, 0x60, 0xa, 0xfe, 0x30, 0x1c, 0xfe,
    0x0, 0x1, 0x10, 0x0, 0x7f, 0xf1, 0x0, 0x1,
    0x57, 0x9e, 0xff, 0x20, 0x3d, 0xff, 0xff, 0xef,
    0xf2, 0xe, 0xfd, 0x62, 0x6, 0xff, 0x23, 0xff,
    0x40, 0x0, 0x8f, 0xf2, 0x2f, 0xf8, 0x0, 0x4f,
    0xff, 0x20, 0xcf, 0xff, 0xff, 0xbf, 0xf2, 0x1,
    0x9e, 0xfd, 0x64, 0xff, 0x20,

    /* U+0062 "b" */
    0xaf, 0xe0, 0x0, 0x0, 0x0, 0xa, 0xfe, 0x0,
    0x0, 0x0, 0x0, 0xaf, 0xe0, 0x0, 0x0, 0x0,
    0xa, 0xfe, 0x9, 0xef, 0xb3, 0x0, 0xaf, 0xeb,
    0xff, 0xff, 0xf5, 0xa, 0xff, 0xe4, 0x26, 0xff,
    0xe0, 0xaf, 0xf4, 0x0, 0x7, 0xff, 0x5a, 0xff,
    0x0, 0x0, 0x1f, 0xf8, 0xaf, 0xd0, 0x0, 0x0,
    0xff, 0x9a, 0xff, 0x0, 0x0, 0x1f, 0xf8, 0xaf,
    0xf4, 0x0, 0x7, 0xff, 0x5a, 0xff, 0xe4, 0x26,
    0xff, 0xe0, 0xaf, 0xdb, 0xff, 0xff, 0xf5, 0xa,
    0xfd, 0x9, 0xff, 0xc4, 0x0,

    /* U+0063 "c" */
    0x0, 0x5, 0xce, 0xfc, 0x60, 0x0, 0x9, 0xff,
    0xff, 0xff, 0xb0, 0x5, 0xff, 0xb3, 0x18, 0xff,
    0x60, 0xcf, 0xe0, 0x0, 0x9, 0xa5, 0xf, 0xf9,
    0x0, 0x0, 0x0, 0x1, 0xff, 0x70, 0x0, 0x0,
    0x0, 0xf, 0xf8, 0x0, 0x0, 0x0, 0x0, 0xcf,
    0xd0, 0x0, 0xa, 0xb6, 0x6, 0xff, 0xa2, 0x18,
    0xff, 0x70, 0xa, 0xff, 0xff, 0xff, 0xb0, 0x0,
    0x5, 0xce, 0xfc, 0x60, 0x0,

    /* U+0064 "d" */
    0x0, 0x0, 0x0, 0x0, 0x6f, 0xf2, 0x0, 0x0,
    0x0, 0x0, 0x6f, 0xf2, 0x0, 0x0, 0x0, 0x0,
    0x6f, 0xf2, 0x0, 0x8, 0xef, 0xd4, 0x6f, 0xf2,
    0x0, 0xcf, 0xff, 0xff, 0x9f, 0xf2, 0x7, 0xff,
    0xb3, 0x29, 0xff, 0xf2, 0xd, 0xfe, 0x0, 0x0,
    0xcf, 0xf2, 0xf, 0xf9, 0x0, 0x0, 0x7f, 0xf2,
    0x1f, 0xf7, 0x0, 0x0, 0x6f, 0xf2, 0xf, 0xf9,
    0x0, 0x0, 0x7f, 0xf2, 0xd, 0xfe, 0x0, 0x0,
    0xcf, 0xf2, 0x8, 0xff, 0xb3, 0x29, 0xff, 0xf2,
    0x0, 0xcf, 0xff, 0xff, 0x9f, 0xf2, 0x0, 0x8,
    0xef, 0xd4, 0x5f, 0xf2,

    /* U+0065 "e" */
    0x0, 0x5, 0xcf, 0xfc, 0x60, 0x0, 0xa, 0xff,
    0xff, 0xff, 0xa0, 0x5, 0xff, 0x71, 0x7, 0xff,
    0x60, 0xcf, 0xa0, 0x0, 0xb, 0xfc, 0xf, 0xfd,
    0xbb, 0xbb, 0xdf, 0xe1, 0xff, 0xff, 0xff, 0xff,
    0xff, 0xf, 0xf7, 0x0, 0x0, 0x0, 0x0, 0xdf,
    0xc0, 0x0, 0x3, 0x30, 0x6, 0xff, 0x91, 0x4,
    0xff, 0x90, 0xa, 0xff, 0xff, 0xff, 0xd1, 0x0,
    0x5, 0xce, 0xfd, 0x81, 0x0,

    /* U+0066 "f" */
    0x0, 0x1, 0x57, 0x62, 0x0, 0x3e, 0xff, 0xf5,
    0x0, 0xaf, 0xfb, 0xa1, 0x0, 0xcf, 0xc0, 0x0,
    0xcf, 0xff, 0xff, 0xf1, 0xcf, 0xff, 0xff, 0xf1,
    0x0, 0xcf, 0xb0, 0x0, 0x0, 0xcf, 0xb0, 0x0,
    0x0, 0xcf, 0xb0, 0x0, 0x0, 0xcf, 0xb0, 0x0,
    0x0, 0xcf, 0xb0, 0x0, 0x0, 0xcf, 0xb0, 0x0,
    0x0, 0xcf, 0xb0, 0x0, 0x0, 0xcf, 0xb0, 0x0,
    0x0, 0xcf, 0xb0, 0x0,

    /* U+0067 "g" */
    0x0, 0x8, 0xdf, 0xd4, 0x5f, 0xf2, 0x0, 0xcf,
    0xff, 0xff, 0x9f, 0xf2, 0x7, 0xff, 0xa2, 0x2a,
    0xff, 0xf2, 0xd, 0xfe, 0x0, 0x0, 0xdf, 0xf2,
    0xf, 0xf9, 0x0, 0x0, 0x7f, 0xf2, 0x1f, 0xf7,
    0x0, 0x0, 0x6f, 0xf2, 0xf, 0xf9, 0x0, 0x0,
    0x7f, 0xf2, 0xe, 0xfd, 0x0, 0x0, 0xbf, 0xf2,
    0x8, 0xff, 0x91, 0x17, 0xff, 0xf2, 0x0, 0xdf,
    0xff, 0xff, 0xaf, 0xf2, 0x0, 0x19, 0xef, 0xd5,
    0x5f, 0xf2, 0x0, 0x0, 0x0, 0x0, 0x6f, 0xf1,
    0x4, 0xcd, 0x30, 0x3, 0xef, 0xc0, 0x2, 0xef,
    0xff, 0xff, 0xff, 0x30, 0x0, 0x18, 0xdf, 0xfd,
    0x91, 0x0,

    /* U+0068 "h" */
    0xaf, 0xd0, 0x0, 0x0, 0x0, 0xaf, 0xd0, 0x0,
    0x0, 0x0, 0xaf, 0xd0, 0x0, 0x0, 0x0, 0xaf,
    0xd0, 0x9e, 0xfc, 0x30, 0xaf, 0xdb, 0xff, 0xff,
    0xf3, 0xaf, 0xfd, 0x43, 0x9f, 0xfa, 0xaf, 0xf2,
    0x0, 0xd, 0xfd, 0xaf, 0xe0, 0x0, 0xa, 0xfe,
    0xaf, 0xe0, 0x0, 0xa, 0xfe, 0xaf, 0xe0, 0x0,
    0xa, 0xfe, 0xaf, 0xe0, 0x0, 0xa, 0xfe, 0xaf,
    0xe0, 0x0, 0xa, 0xfe, 0xaf, 0xe0, 0x0, 0xa,
    0xfe, 0xaf, 0xe0, 0x0, 0xa, 0xfe,

    /* U+0069 "i" */
    0x17, 0x30, 0xbf, 0xf0, 0xaf, 0xd0, 0x3, 0x0,
    0xaf, 0xe0, 0xaf, 0xe0, 0xaf, 0xe0, 0xaf, 0xe0,
    0xaf, 0xe0, 0xaf, 0xe0, 0xaf, 0xe0, 0xaf, 0xe0,
    0xaf, 0xe0, 0xaf, 0xe0, 0xaf, 0xe0,

    /* U+006A "j" */
    0x0, 0x17, 0x30, 0x0, 0xcf, 0xf0, 0x0, 0xaf,
    0xd0, 0x0, 0x3, 0x0, 0x0, 0xaf, 0xe0, 0x0,
    0xaf, 0xe0, 0x0, 0xaf, 0xe0, 0x0, 0xaf, 0xe0,
    0x0, 0xaf, 0xe0, 0x0, 0xaf, 0xe0, 0x0, 0xaf,
    0xe0, 0x0, 0xaf, 0xe0, 0x0, 0xaf, 0xe0, 0x0,
    0xaf, 0xe0, 0x0, 0xaf, 0xe0, 0x0, 0xaf, 0xd0,
    0x3, 0xef, 0xb0, 0x6f, 0xff, 0x50, 0x6f, 0xc5,
    0x0,

    /* U+006B "k" */
    0xaf, 0xe0, 0x0, 0x0, 0x0, 0xa, 0xfe, 0x0,
    0x0, 0x0, 0x0, 0xaf, 0xe0, 0x0, 0x0, 0x0,
    0xa, 0xfe, 0x0, 0x6, 0xff, 0x80, 0xaf, 0xe0,
    0x5, 0xff, 0xa0, 0xa, 0xfe, 0x3, 0xff, 0xb0,
    0x0, 0xaf, 0xe2, 0xef, 0xd0, 0x0, 0xa, 0xff,
    0xef, 0xe1, 0x0, 0x0, 0xaf, 0xff, 0xff, 0x40,
    0x0, 0xa, 0xff, 0xae, 0xfe, 0x10, 0x0, 0xaf,
    0xe0, 0x4f, 0xfb, 0x0, 0xa, 0xfe, 0x0, 0x9f,
    0xf7, 0x0, 0xaf, 0xe0, 0x0, 0xdf, 0xf2, 0xa,
    0xfe, 0x0, 0x3, 0xff, 0xd0,

    /* U+006C "l" */
    0xaf, 0xea, 0xfe, 0xaf, 0xea, 0xfe, 0xaf, 0xea,
    0xfe, 0xaf, 0xea, 0xfe, 0xaf, 0xea, 0xfe, 0xaf,
    0xea, 0xfe, 0xaf, 0xea, 0xfe,

    /* U+006D "m" */
    0xaf, 0xc1, 0xaf, 0xe7, 0x1, 0x9e, 0xfb, 0x20,
    0xaf, 0xcd, 0xff, 0xff, 0x6d, 0xff, 0xff, 0xe1,
    0xaf, 0xfa, 0x11, 0xcf, 0xfd, 0x20, 0x8f, 0xf7,
    0xaf, 0xf0, 0x0, 0x4f, 0xf5, 0x0, 0xf, 0xf9,
    0xaf, 0xe0, 0x0, 0x3f, 0xf4, 0x0, 0xe, 0xfa,
    0xaf, 0xe0, 0x0, 0x3f, 0xf4, 0x0, 0xe, 0xfa,
    0xaf, 0xe0, 0x0, 0x3f, 0xf4, 0x0, 0xe, 0xfa,
    0xaf, 0xe0, 0x0, 0x3f, 0xf4, 0x0, 0xe, 0xfa,
    0xaf, 0xe0, 0x0, 0x3f, 0xf4, 0x0, 0xe, 0xfa,
    0xaf, 0xe0, 0x0, 0x3f, 0xf4, 0x0, 0xe, 0xfa,
    0xaf, 0xe0, 0x0, 0x3f, 0xf4, 0x0, 0xe, 0xfa,

    /* U+006E "n" */
    0xaf, 0xc1, 0x9e, 0xfc, 0x30, 0xaf, 0xcc, 0xff,
    0xff, 0xf3, 0xaf, 0xfc, 0x21, 0x7f, 0xfa, 0xaf,
    0xf1, 0x0, 0xd, 0xfd, 0xaf, 0xe0, 0x0, 0xa,
    0xfe, 0xaf, 0xe0, 0x0, 0xa, 0xfe, 0xaf, 0xe0,
    0x0, 0xa, 0xfe, 0xaf, 0xe0, 0x0, 0xa, 0xfe,
    0xaf, 0xe0, 0x0, 0xa, 0xfe, 0xaf, 0xe0, 0x0,
    0xa, 0xfe, 0xaf, 0xe0, 0x0, 0xa, 0xfe,

    /* U+006F "o" */
    0x0, 0x5, 0xce, 0xfc, 0x70, 0x0, 0x0, 0x9f,
    0xff, 0xff, 0xfc, 0x0, 0x5, 0xff, 0xa2, 0x28,
    0xff, 0x80, 0xc, 0xfd, 0x0, 0x0, 0xbf, 0xf0,
    0xf, 0xf8, 0x0, 0x0, 0x6f, 0xf3, 0x1f, 0xf7,
    0x0, 0x0, 0x4f, 0xf4, 0xf, 0xf8, 0x0, 0x0,
    0x6f, 0xf3, 0xc, 0xfd, 0x0, 0x0, 0xbf, 0xf0,
    0x6, 0xff, 0xa2, 0x18, 0xff, 0x80, 0x0, 0xaf,
    0xff, 0xff, 0xfc, 0x0, 0x0, 0x5, 0xce, 0xfc,
    0x70, 0x0,

    /* U+0070 "p" */
    0xaf, 0xd1, 0xae, 0xfb, 0x30, 0xa, 0xfd, 0xcf,
    0xff, 0xff, 0x50, 0xaf, 0xfd, 0x20, 0x3e, 0xfe,
    0xa, 0xff, 0x30, 0x0, 0x6f, 0xf5, 0xaf, 0xf0,
    0x0, 0x1, 0xff, 0x8a, 0xfd, 0x0, 0x0, 0xf,
    0xf9, 0xaf, 0xf0, 0x0, 0x1, 0xff, 0x8a, 0xff,
    0x40, 0x0, 0x7f, 0xf5, 0xaf, 0xfe, 0x52, 0x6f,
    0xfe, 0xa, 0xfe, 0xbf, 0xff, 0xff, 0x50, 0xaf,
    0xe0, 0x9f, 0xfc, 0x40, 0xa, 0xfe, 0x0, 0x0,
    0x0, 0x0, 0xaf, 0xe0, 0x0, 0x0, 0x0, 0xa,
    0xfe, 0x0, 0x0, 0x0, 0x0, 0xaf, 0xe0, 0x0,
    0x0, 0x0, 0x0,

    /* U+0071 "q" */
    0x0, 0x8, 0xef, 0xd4, 0x5f, 0xf2, 0x0, 0xcf,
    0xff, 0xff, 0x9f, 0xf2, 0x7, 0xff, 0xb3, 0x29,
    0xff, 0xf2, 0xd, 0xfe, 0x0, 0x0, 0xcf, 0xf2,
    0xf, 0xf9, 0x0, 0x0, 0x7f, 0xf2, 0x1f, 0xf7,
    0x0, 0x0, 0x6f, 0xf2, 0xf, 0xf9, 0x0, 0x0,
    0x7f, 0xf2, 0xd, 0xfe, 0x0, 0x0, 0xcf, 0xf2,
    0x8, 0xff, 0xb3, 0x29, 0xff, 0xf2, 0x0, 0xcf,
    0xff, 0xff, 0xaf, 0xf2, 0x0, 0x8, 0xef, 0xd4,
    0x6f, 0xf2, 0x0, 0x0, 0x0, 0x0, 0x6f, 0xf2,
    0x0, 0x0, 0x0, 0x0, 0x6f, 0xf2, 0x0, 0x0,
    0x0, 0x0, 0x6f, 0xf2, 0x0, 0x0, 0x0, 0x0,
    0x6f, 0xf2,

    /* U+0072 "r" */
    0x0, 0x0, 0x0, 0xa, 0xfd, 0x2c, 0xf8, 0xaf,
    0xde, 0xff, 0x8a, 0xff, 0xd4, 0x21, 0xaf, 0xf2,
    0x0, 0xa, 0xfe, 0x0, 0x0, 0xaf, 0xe0, 0x0,
    0xa, 0xfe, 0x0, 0x0, 0xaf, 0xe0, 0x0, 0xa,
    0xfe, 0x0, 0x0, 0xaf, 0xe0, 0x0, 0xa, 0xfe,
    0x0, 0x0,

    /* U+0073 "s" */
    0x0, 0x2a, 0xef, 0xea, 0x30, 0x0, 0x3f, 0xff,
    0xef, 0xff, 0x30, 0xb, 0xfe, 0x20, 0x1c, 0xfa,
    0x0, 0xcf, 0xd0, 0x0, 0x10, 0x0, 0x7, 0xff,
    0xe9, 0x62, 0x0, 0x0, 0x8, 0xff, 0xff, 0xfc,
    0x20, 0x0, 0x0, 0x37, 0xbf, 0xfd, 0x0, 0x25,
    0x20, 0x0, 0x8f, 0xf1, 0xe, 0xfc, 0x10, 0x1c,
    0xff, 0x0, 0x5f, 0xff, 0xff, 0xff, 0x60, 0x0,
    0x4b, 0xef, 0xeb, 0x40, 0x0,

    /* U+0074 "t" */
    0x2, 0x88, 0x20, 0x0, 0x4f, 0xf4, 0x0, 0x4,
    0xff, 0x40, 0xc, 0xff, 0xff, 0xf6, 0xcf, 0xff,
    0xff, 0x60, 0x4f, 0xf4, 0x0, 0x4, 0xff, 0x40,
    0x0, 0x4f, 0xf4, 0x0, 0x4, 0xff, 0x40, 0x0,
    0x4f, 0xf4, 0x0, 0x4, 0xff, 0x40, 0x0, 0x2f,
    0xf8, 0x10, 0x0, 0xdf, 0xff, 0x60, 0x2, 0xbe,
    0xf8,

    /* U+0075 "u" */
    0xaf, 0xe0, 0x0, 0xa, 0xfe, 0xaf, 0xe0, 0x0,
    0xa, 0xfe, 0xaf, 0xe0, 0x0, 0xa, 0xfe, 0xaf,
    0xe0, 0x0, 0xa, 0xfe, 0xaf, 0xe0, 0x0, 0xa,
    0xfe, 0xaf, 0xe0, 0x0, 0xa, 0xfe, 0xaf, 0xe0,
    0x0, 0xb, 0xfe, 0x9f, 0xf1, 0x0, 0xe, 0xfe,
    0x6f, 0xfc, 0x43, 0xbf, 0xfe, 0xe, 0xff, 0xff,
    0xe9, 0xfe, 0x2, 0xaf, 0xfb, 0x28, 0xfe,

    /* U+0076 "v" */
    0x7f, 0xf4, 0x0, 0x0, 0x7f, 0xf2, 0x1f, 0xf9,
    0x0, 0x0, 0xdf, 0xd0, 0xb, 0xfe, 0x0, 0x2,
    0xff, 0x70, 0x5, 0xff, 0x40, 0x7, 0xff, 0x10,
    0x0, 0xef, 0x90, 0xd, 0xfb, 0x0, 0x0, 0x9f,
    0xe0, 0x2f, 0xf5, 0x0, 0x0, 0x3f, 0xf3, 0x7f,
    0xe0, 0x0, 0x0, 0xd, 0xf8, 0xbf, 0x90, 0x0,
    0x0, 0x7, 0xfd, 0xff, 0x30, 0x0, 0x0, 0x1,
    0xff, 0xfd, 0x0, 0x0, 0x0, 0x0, 0xbf, 0xf7,
    0x0, 0x0,

    /* U+0077 "w" */
    0x6f, 0xf3, 0x0, 0xe, 0xfb, 0x0, 0x7, 0xff,
    0x31, 0xff, 0x70, 0x2, 0xff, 0xf0, 0x0, 0xbf,
    0xe0, 0xd, 0xfb, 0x0, 0x7f, 0xff, 0x30, 0xf,
    0xf9, 0x0, 0x8f, 0xf0, 0xb, 0xfb, 0xf7, 0x3,
    0xff, 0x50, 0x3, 0xff, 0x30, 0xff, 0x4f, 0xb0,
    0x7f, 0xf0, 0x0, 0xe, 0xf7, 0x3f, 0xc0, 0xff,
    0xb, 0xfb, 0x0, 0x0, 0xaf, 0xa6, 0xf8, 0xc,
    0xf3, 0xef, 0x60, 0x0, 0x5, 0xfe, 0xaf, 0x30,
    0x7f, 0x8f, 0xf2, 0x0, 0x0, 0x1f, 0xfe, 0xf0,
    0x2, 0xfe, 0xfd, 0x0, 0x0, 0x0, 0xcf, 0xfa,
    0x0, 0xe, 0xff, 0x80, 0x0, 0x0, 0x7, 0xff,
    0x60, 0x0, 0x9f, 0xf3, 0x0, 0x0,

    /* U+0078 "x" */
    0x1e, 0xfc, 0x0, 0x5, 0xff, 0x60, 0x5f, 0xf6,
    0x0, 0xef, 0xc0, 0x0, 0xbf, 0xe0, 0x8f, 0xf2,
    0x0, 0x1, 0xff, 0x8f, 0xf7, 0x0, 0x0, 0x7,
    0xff, 0xfd, 0x0, 0x0, 0x0, 0x1f, 0xff, 0x60,
    0x0, 0x0, 0xa, 0xff, 0xfe, 0x10, 0x0, 0x4,
    0xff, 0x4e, 0xf9, 0x0, 0x0, 0xdf, 0xb0, 0x6f,
    0xf4, 0x0, 0x8f, 0xf2, 0x0, 0xcf, 0xd0, 0x3f,
    0xf8, 0x0, 0x3, 0xff, 0x90,

    /* U+0079 "y" */
    0x7f, 0xf4, 0x0, 0x0, 0x7f, 0xf3, 0x1f, 0xf9,
    0x0, 0x0, 0xdf, 0xd0, 0xa, 0xfe, 0x0, 0x2,
    0xff, 0x60, 0x4, 0xff, 0x40, 0x8, 0xff, 0x10,
    0x0, 0xef, 0x90, 0xd, 0xfa, 0x0, 0x0, 0x8f,
    0xe0, 0x3f, 0xf4, 0x0, 0x0, 0x2f, 0xf4, 0x8f,
    0xe0, 0x0, 0x0, 0xc, 0xf8, 0xdf, 0x80, 0x0,
    0x0, 0x6, 0xfd, 0xff, 0x20, 0x0, 0x0, 0x1,
    0xff, 0xfc, 0x0, 0x0, 0x0, 0x0, 0xaf, 0xf5,
    0x0, 0x0, 0x0, 0x0, 0xaf, 0xf0, 0x0, 0x0,
    0x0, 0x13, 0xff, 0x90, 0x0, 0x0, 0x6, 0xff,
    0xfe, 0x10, 0x0, 0x0, 0x8, 0xfe, 0xb2, 0x0,
    0x0, 0x0,

    /* U+007A "z" */
    0xaf, 0xff, 0xff, 0xff, 0xf0, 0xaf, 0xff, 0xff,
    0xff, 0xe0, 0x12, 0x22, 0x29, 0xff, 0x50, 0x0,
    0x0, 0x3f, 0xf9, 0x0, 0x0, 0x1, 0xef, 0xd0,
    0x0, 0x0, 0xc, 0xff, 0x20, 0x0, 0x0, 0x8f,
    0xf5, 0x0, 0x0, 0x5, 0xff, 0x90, 0x0, 0x0,
    0x2f, 0xfe, 0x22, 0x22, 0x20, 0xcf, 0xff, 0xff,
    0xff, 0xf2, 0xdf, 0xff, 0xff, 0xff, 0xf2,

    /* U+007B "{" */
    0x0, 0x0, 0x15, 0x70, 0x0, 0x6, 0xff, 0xf0,
    0x0, 0x1f, 0xfd, 0x80, 0x0, 0x5f, 0xf1, 0x0,
    0x0, 0x7f, 0xe0, 0x0, 0x0, 0x7f, 0xe0, 0x0,
    0x0, 0x7f, 0xe0, 0x0, 0x0, 0xaf, 0xd0, 0x0,
    0x49, 0xff, 0x80, 0x0, 0xaf, 0xe6, 0x0, 0x0,
    0xaf, 0xfc, 0x20, 0x0, 0x2, 0xef, 0xb0, 0x0,
    0x0, 0x8f, 0xd0, 0x0, 0x0, 0x7f, 0xe0, 0x0,
    0x0, 0x7f, 0xe0, 0x0, 0x0, 0x6f, 0xf0, 0x0,
    0x0, 0x4f, 0xf7, 0x10, 0x0, 0xd, 0xff, 0xf0,
    0x0, 0x1, 0x8c, 0xe0,

    /* U+007C "|" */
    0x9f, 0xc9, 0xfc, 0x9f, 0xc9, 0xfc, 0x9f, 0xc9,
    0xfc, 0x9f, 0xc9, 0xfc, 0x9f, 0xc9, 0xfc, 0x9f,
    0xc9, 0xfc, 0x9f, 0xc9, 0xfc, 0x9f, 0xc9, 0xfc,
    0x9f, 0xc9, 0xfc, 0x9f, 0xc9, 0xfc, 0x9f, 0xc9,
    0xfc, 0x9f, 0xc9, 0xfc,

    /* U+007D "}" */
    0x75, 0x20, 0x0, 0xf, 0xff, 0x80, 0x0, 0x7d,
    0xff, 0x20, 0x0, 0xf, 0xf7, 0x0, 0x0, 0xdf,
    0x80, 0x0, 0xc, 0xf8, 0x0, 0x0, 0xcf, 0x80,
    0x0, 0xb, 0xfb, 0x0, 0x0, 0x6f, 0xf9, 0x40,
    0x0, 0x5d, 0xfb, 0x0, 0x1b, 0xff, 0xb0, 0x9,
    0xff, 0x40, 0x0, 0xcf, 0xa0, 0x0, 0xc, 0xf8,
    0x0, 0x0, 0xcf, 0x80, 0x0, 0xe, 0xf7, 0x0,
    0x6, 0xff, 0x50, 0xf, 0xff, 0xe0, 0x0, 0xdd,
    0x91, 0x0, 0x0,

    /* U+007E "~" */
    0x0, 0x1, 0x0, 0x0, 0x0, 0x0, 0x4e, 0xff,
    0x70, 0x2, 0xda, 0x1e, 0xff, 0xff, 0xb3, 0x9f,
    0xb4, 0xfe, 0x14, 0xef, 0xff, 0xf5, 0x4a, 0x60,
    0x1, 0xaf, 0xe7, 0x0,

    /* U+00A0 " " */

    /* U+00A1 "¡" */
    0x1c, 0xe5, 0x5f, 0xfc, 0x1d, 0xf6, 0x0, 0x0,
    0x0, 0x0, 0xf, 0xf6, 0xf, 0xf7, 0xf, 0xf7,
    0xf, 0xf7, 0x1f, 0xf7, 0x1f, 0xf8, 0x1f, 0xf8,
    0x1f, 0xf8, 0x2f, 0xf9, 0x2e, 0xe8,

    /* U+00A2 "¢" */
    0x0, 0x0, 0x8, 0x90, 0x0, 0x0, 0x0, 0x2,
    0xbc, 0x30, 0x0, 0x0, 0x2c, 0xff, 0xff, 0xd4,
    0x0, 0x1e, 0xff, 0xed, 0xef, 0xf2, 0x9, 0xff,
    0x38, 0x91, 0xef, 0x90, 0xef, 0xb0, 0x89, 0x3,
    0x20, 0x1f, 0xf8, 0x8, 0x90, 0x0, 0x1, 0xff,
    0x80, 0x89, 0x0, 0x0, 0xf, 0xfb, 0x8, 0x90,
    0x33, 0x0, 0x9f, 0xf3, 0x89, 0x1e, 0xfa, 0x1,
    0xef, 0xfe, 0xde, 0xff, 0x20, 0x2, 0xcf, 0xff,
    0xfd, 0x40, 0x0, 0x0, 0x2b, 0xc3, 0x0, 0x0,
    0x0, 0x0, 0x89, 0x0, 0x0,

    /* U+00A3 "£" */
    0x0, 0x0, 0x6c, 0xfe, 0xc5, 0x0, 0x0, 0xa,
    0xff, 0xff, 0xff, 0x80, 0x0, 0x5f, 0xfb, 0x44,
    0xbf, 0xf3, 0x0, 0x9f, 0xe0, 0x0, 0xc, 0xb5,
    0x0, 0xaf, 0xc0, 0x0, 0x0, 0x0, 0x0, 0x9f,
    0xd0, 0x0, 0x0, 0x0, 0xf, 0xff, 0xff, 0xff,
    0xf0, 0x0, 0xb, 0xdf, 0xfb, 0xbb, 0xb0, 0x0,
    0x0, 0x7f, 0xe0, 0x0, 0x0, 0x0, 0x0, 0x7f,
    0xf0, 0x0, 0x0, 0x0, 0x0, 0x7f, 0xe0, 0x0,
    0x4, 0x63, 0x4, 0xdf, 0x63, 0x33, 0x3d, 0xf9,
    0xf, 0xff, 0xff, 0xff, 0xff, 0xf5, 0xf, 0xff,
    0xff, 0xff, 0xfe, 0x80,

    /* U+00A4 "¤" */
    0x1, 0x0, 0x0, 0x0, 0x0, 0x1, 0x3, 0xf5,
    0x29, 0xef, 0xe9, 0x15, 0xf3, 0x5f, 0xff, 0xfd,
    0xce, 0xff, 0xff, 0x50, 0x8f, 0xe4, 0x0, 0x4,
    0xef, 0x70, 0xd, 0xf2, 0x0, 0x0, 0x3, 0xfc,
    0x3, 0xf9, 0x0, 0x0, 0x0, 0xa, 0xf3, 0x6f,
    0x50, 0x0, 0x0, 0x0, 0x6f, 0x56, 0xf5, 0x0,
    0x0, 0x0, 0x6, 0xf5, 0x3f, 0x90, 0x0, 0x0,
    0x0, 0xaf, 0x30, 0xdf, 0x20, 0x0, 0x0, 0x3f,
    0xc0, 0xa, 0xfe, 0x40, 0x0, 0x4e, 0xfa, 0x7,
    0xfe, 0xff, 0xec, 0xef, 0xfe, 0xf7, 0x1c, 0x22,
    0xae, 0xfe, 0x92, 0x2c, 0x10, 0x0, 0x0, 0x0,
    0x0, 0x0, 0x0,

    /* U+00A5 "¥" */
    0x7f, 0xf4, 0x0, 0x0, 0xef, 0xb0, 0xef, 0xb0,
    0x0, 0x7f, 0xf3, 0x6, 0xff, 0x30, 0xe, 0xfa,
    0x0, 0xd, 0xfa, 0x6, 0xff, 0x20, 0x0, 0x5f,
    0xf2, 0xdf, 0xa0, 0x0, 0x0, 0xdf, 0xef, 0xf2,
    0x0, 0x7, 0x9c, 0xff, 0xfe, 0x98, 0x0, 0xdf,
    0xff, 0xff, 0xff, 0xe0, 0x0, 0x0, 0xaf, 0xe0,
    0x0, 0x0, 0x79, 0x9d, 0xff, 0x99, 0x80, 0xd,
    0xff, 0xff, 0xff, 0xfe, 0x0, 0x0, 0xa, 0xfe,
    0x0, 0x0, 0x0, 0x0, 0xaf, 0xe0, 0x0, 0x0,
    0x0, 0xa, 0xfe, 0x0, 0x0,

    /* U+00A6 "¦" */
    0xff, 0x5f, 0xf5, 0xff, 0x5f, 0xf5, 0xff, 0x5f,
    0xf5, 0xaa, 0x30, 0x0, 0x0, 0x0, 0x0, 0xbb,
    0x3f, 0xf5, 0xff, 0x5f, 0xf5, 0xff, 0x5f, 0xf5,
    0xff, 0x50,

    /* U+00A7 "§" */
    0x0, 0x7d, 0xfe, 0x91, 0x0, 0xb, 0xff, 0xff,
    0xfd, 0x0, 0x2f, 0xf7, 0x3, 0xef, 0x60, 0x3f,
    0xf1, 0x0, 0x57, 0x30, 0x1f, 0xf9, 0x0, 0x0,
    0x0, 0x6, 0xff, 0xe6, 0x0, 0x0, 0x19, 0xef,
    0xff, 0xe6, 0x0, 0xbf, 0x50, 0x5d, 0xff, 0x90,
    0xff, 0x10, 0x0, 0x6f, 0xf2, 0xcf, 0xa1, 0x0,
    0xc, 0xf5, 0x4f, 0xff, 0x81, 0x1e, 0xf1, 0x3,
    0xcf, 0xff, 0xfb, 0x30, 0x0, 0x4, 0xbf, 0xfc,
    0x0, 0x0, 0x0, 0x5, 0xff, 0x60, 0x27, 0x60,
    0x0, 0xbf, 0xa0, 0x5f, 0xf5, 0x3, 0xef, 0x80,
    0xc, 0xff, 0xff, 0xfe, 0x10, 0x1, 0x8d, 0xfd,
    0x91, 0x0,

    /* U+00A8 "¨" */
    0x7, 0x70, 0x5, 0x91, 0x4f, 0xf4, 0xf, 0xf8,
    0x1d, 0xd1, 0xb, 0xe4,

    /* U+00A9 "©" */
    0x0, 0x0, 0x17, 0xce, 0xfd, 0x92, 0x0, 0x0,
    0x0, 0x5, 0xff, 0xff, 0xff, 0xff, 0x90, 0x0,
    0x0, 0x6f, 0xfc, 0x52, 0x24, 0xaf, 0xfa, 0x0,
    0x3, 0xff, 0x80, 0x6c, 0xd9, 0x24, 0xff, 0x70,
    0xb, 0xfa, 0xb, 0xff, 0xff, 0xe2, 0x6f, 0xf0,
    0x1f, 0xf2, 0x6f, 0xd2, 0x8, 0xfb, 0xd, 0xf5,
    0x4f, 0xd0, 0xbf, 0x30, 0x0, 0x89, 0x9, 0xf8,
    0x5f, 0xc0, 0xdf, 0x0, 0x0, 0x0, 0x7, 0xf9,
    0x4f, 0xd0, 0xbf, 0x30, 0x0, 0x88, 0x9, 0xf8,
    0x1f, 0xf2, 0x6f, 0xd2, 0x9, 0xfa, 0xd, 0xf5,
    0xb, 0xfa, 0xb, 0xff, 0xff, 0xe2, 0x6f, 0xf0,
    0x3, 0xff, 0x80, 0x6c, 0xd9, 0x14, 0xff, 0x70,
    0x0, 0x6f, 0xfc, 0x52, 0x24, 0xaf, 0xfa, 0x0,
    0x0, 0x5, 0xff, 0xff, 0xff, 0xff, 0x90, 0x0,
    0x0, 0x0, 0x17, 0xcf, 0xfd, 0x92, 0x0, 0x0,

    /* U+00AA "ª" */
    0x0, 0x8d, 0xfe, 0x91, 0x0, 0xcf, 0xc9, 0xcf,
    0xc0, 0x4, 0x60, 0x0, 0xff, 0x10, 0x5, 0x8b,
    0xdf, 0xf2, 0x1e, 0xfb, 0x85, 0xff, 0x26, 0xfa,
    0x0, 0x1f, 0xf2, 0x3f, 0xf9, 0x8d, 0xff, 0x20,
    0x6d, 0xfd, 0x5d, 0xf2,

    /* U+00AB "«" */
    0x0, 0x0, 0x9f, 0xf3, 0x3f, 0xf8, 0x0, 0x7,
    0xff, 0x42, 0xef, 0xa0, 0x0, 0x5f, 0xf7, 0x1d,
    0xfc, 0x0, 0x3, 0xff, 0x90, 0xcf, 0xe1, 0x0,
    0xd, 0xfe, 0x8, 0xff, 0x40, 0x0, 0x5, 0xff,
    0x71, 0xdf, 0xd0, 0x0, 0x0, 0x7f, 0xf5, 0x2e,
    0xfb, 0x0, 0x0, 0x9, 0xff, 0x33, 0xff, 0x80,
    0x0, 0x0, 0xbf, 0xe1, 0x6f, 0xf5, 0x0, 0x0,
    0x2, 0x21, 0x2, 0x22,

    /* U+00AC "¬" */
    0x11, 0x11, 0x11, 0x11, 0xe, 0xff, 0xff, 0xff,
    0xfc, 0xef, 0xff, 0xff, 0xff, 0xc0, 0x0, 0x0,
    0x7, 0xfc, 0x0, 0x0, 0x0, 0x7f, 0xc0, 0x0,
    0x0, 0x3, 0x86,

    /* U+00AE "®" */
    0x0, 0x0, 0x0, 0x10, 0x0, 0x0, 0x0, 0x0,
    0x2a, 0xff, 0xfc, 0x40, 0x0, 0x0, 0x4f, 0xe7,
    0x56, 0xcf, 0x80, 0x0, 0x2f, 0xb0, 0x0, 0x0,
    0x7f, 0x50, 0xa, 0xe0, 0x6f, 0xfe, 0x50, 0xbe,
    0x0, 0xe9, 0x6, 0xe0, 0x9d, 0x4, 0xf2, 0xf,
    0x60, 0x6e, 0x9, 0xd0, 0x2f, 0x40, 0xf8, 0x6,
    0xfe, 0xf5, 0x4, 0xf3, 0xb, 0xd0, 0x6e, 0xd,
    0x90, 0x9f, 0x0, 0x3f, 0x93, 0x60, 0x36, 0x5f,
    0x70, 0x0, 0x7f, 0xb5, 0x24, 0x9f, 0xb0, 0x0,
    0x0, 0x5d, 0xff, 0xff, 0x70, 0x0, 0x0, 0x0,
    0x2, 0x43, 0x0, 0x0, 0x0,

    /* U+00AF "¯" */
    0x2b, 0xbb, 0xbb, 0x34, 0xff, 0xff, 0xf5,

    /* U+00B0 "°" */
    0x1, 0x9c, 0xa3, 0x2, 0xef, 0xff, 0xf3, 0x9f,
    0x80, 0x5f, 0xcc, 0xf0, 0x0, 0xdf, 0xaf, 0x50,
    0x2f, 0xd3, 0xff, 0xdf, 0xf5, 0x4, 0xcf, 0xd5,
    0x0,

    /* U+00B1 "±" */
    0x0, 0x0, 0x5f, 0xd0, 0x0, 0x0, 0x0, 0x5,
    0xfd, 0x0, 0x0, 0x1, 0x11, 0x6f, 0xd1, 0x11,
    0x2, 0xff, 0xff, 0xff, 0xff, 0xf9, 0x2f, 0xff,
    0xff, 0xff, 0xff, 0x90, 0x0, 0x5, 0xfd, 0x0,
    0x0, 0x0, 0x0, 0x5f, 0xd0, 0x0, 0x0, 0x0,
    0x1, 0x43, 0x0, 0x0, 0x2f, 0xff, 0xff, 0xff,
    0xff, 0x92, 0xff, 0xff, 0xff, 0xff, 0xf9, 0x1,
    0x11, 0x11, 0x11, 0x11, 0x10,

    /* U+00B2 "²" */
    0x19, 0xef, 0xd8, 0x0, 0xaf, 0xc9, 0xef, 0x90,
    0x88, 0x0, 0x4f, 0xc0, 0x0, 0x0, 0xbf, 0x80,
    0x0, 0x3d, 0xf9, 0x0, 0x7, 0xfe, 0x40, 0x0,
    0xbf, 0xfc, 0xbb, 0xb0, 0xef, 0xff, 0xff, 0xf1,

    /* U+00B3 "³" */
    0x0, 0x8d, 0xfe, 0xa1, 0x0, 0x9f, 0xda, 0xdf,
    0xc0, 0x2, 0x31, 0x15, 0xfd, 0x0, 0x0, 0x7f,
    0xfc, 0x20, 0x0, 0x1, 0x37, 0xfe, 0x10, 0x89,
    0x10, 0xf, 0xf4, 0xa, 0xfe, 0xbd, 0xfe, 0x10,
    0x8, 0xdf, 0xea, 0x20,

    /* U+00B4 "´" */
    0x3, 0xff, 0x20, 0xaf, 0x70, 0x2f, 0xc0, 0x0,

    /* U+00B5 "µ" */
    0xaf, 0xe0, 0x0, 0xa, 0xfe, 0x0, 0xaf, 0xe0,
    0x0, 0xa, 0xfe, 0x0, 0xaf, 0xe0, 0x0, 0xa,
    0xfe, 0x0, 0xaf, 0xe0, 0x0, 0xa, 0xfe, 0x0,
    0xaf, 0xe0, 0x0, 0xa, 0xfe, 0x0, 0xaf, 0xe0,
    0x0, 0xa, 0xfe, 0x0, 0xaf, 0xe0, 0x0, 0xa,
    0xfe, 0x0, 0xaf, 0xf0, 0x0, 0xc, 0xfe, 0x0,
    0xaf, 0xfa, 0x0, 0x6f, 0xff, 0x0, 0xaf, 0xff,
    0xff, 0xfc, 0xff, 0xf2, 0xaf, 0xe5, 0xef, 0x90,
    0x8e, 0xf3, 0xaf, 0xe0, 0x0, 0x0, 0x0, 0x0,
    0xaf, 0xe0, 0x0, 0x0, 0x0, 0x0, 0xaf, 0xe0,
    0x0, 0x0, 0x0, 0x0, 0xaf, 0xe0, 0x0, 0x0,
    0x0, 0x0,

    /* U+00B6 "¶" */
    0x0, 0x19, 0xdf, 0xff, 0xff, 0x80, 0x2e, 0xff,
    0xff, 0xff, 0xf8, 0xb, 0xff, 0xff, 0x90, 0xaf,
    0x80, 0xff, 0xff, 0xf9, 0xa, 0xf8, 0x1f, 0xff,
    0xff, 0x90, 0xaf, 0x80, 0xff, 0xff, 0xf9, 0xa,
    0xf8, 0x9, 0xff, 0xff, 0x90, 0xaf, 0x80, 0x1c,
    0xff, 0xf9, 0xa, 0xf8, 0x0, 0x6, 0xbd, 0x80,
    0xaf, 0x80, 0x0, 0x0, 0x0, 0xa, 0xf8, 0x0,
    0x0, 0x0, 0x0, 0xaf, 0x80, 0x0, 0x0, 0x0,
    0xa, 0xf8, 0x0, 0x0, 0x0, 0x0, 0xaf, 0x80,
    0x0, 0x0, 0x0, 0xa, 0xf8,

    /* U+00B7 "·" */
    0x0, 0x0, 0x1d, 0xf5, 0x5f, 0xfb, 0x1c, 0xe4,

    /* U+00B8 "¸" */
    0x2, 0x0, 0x6c, 0x0, 0x8f, 0xc3, 0x0, 0xf9,
    0xef, 0xf4, 0x21, 0x0,

    /* U+00B9 "¹" */
    0x1a, 0xff, 0x5e, 0xff, 0xf5, 0xa2, 0xcf, 0x50,
    0xc, 0xf5, 0x0, 0xcf, 0x50, 0xc, 0xf5, 0x0,
    0xcf, 0x50, 0xc, 0xf5,

    /* U+00BA "º" */
    0x0, 0x5c, 0xfe, 0xb3, 0x0, 0x7, 0xff, 0xbc,
    0xff, 0x30, 0x1f, 0xf4, 0x0, 0x8f, 0xc0, 0x4f,
    0xe0, 0x0, 0x2f, 0xf0, 0x4f, 0xe0, 0x0, 0x2f,
    0xf0, 0x1f, 0xf4, 0x0, 0x8f, 0xc0, 0x8, 0xff,
    0xbc, 0xff, 0x40, 0x0, 0x6c, 0xff, 0xb3, 0x0,

    /* U+00BB "»" */
    0xc, 0xfd, 0x17, 0xff, 0x40, 0x0, 0x1, 0xef,
    0xb0, 0x9f, 0xf3, 0x0, 0x0, 0x3f, 0xf9, 0xc,
    0xfe, 0x10, 0x0, 0x5, 0xff, 0x71, 0xdf, 0xc0,
    0x0, 0x0, 0x9f, 0xf3, 0x3f, 0xf8, 0x0, 0x3,
    0xff, 0x90, 0xcf, 0xe1, 0x0, 0x1e, 0xfb, 0xa,
    0xff, 0x30, 0x0, 0xcf, 0xd1, 0x7f, 0xf4, 0x0,
    0xa, 0xfe, 0x25, 0xff, 0x60, 0x0, 0x2, 0x21,
    0x2, 0x22, 0x0, 0x0,

    /* U+00BC "¼" */
    0x5, 0xff, 0x80, 0x0, 0x0, 0x5, 0xf8, 0x0,
    0x3f, 0xdf, 0x80, 0x0, 0x0, 0x2f, 0xc0, 0x0,
    0x35, 0x5f, 0x80, 0x0, 0x0, 0xcf, 0x20, 0x0,
    0x0, 0x5f, 0x80, 0x0, 0x8, 0xf6, 0x0, 0x0,
    0x0, 0x5f, 0x80, 0x0, 0x3f, 0xb0, 0x0, 0x0,
    0x0, 0x5f, 0x80, 0x0, 0xde, 0x10, 0x0, 0x0,
    0x0, 0x5f, 0x80, 0xa, 0xf4, 0x0, 0x48, 0x70,
    0x0, 0x5f, 0x80, 0x5f, 0x80, 0x1, 0xef, 0xf0,
    0x0, 0x0, 0x2, 0xfc, 0x0, 0x9, 0xfe, 0xf0,
    0x0, 0x0, 0xc, 0xf2, 0x0, 0x3f, 0x9b, 0xf0,
    0x0, 0x0, 0x8f, 0x60, 0x0, 0xde, 0xb, 0xf0,
    0x0, 0x3, 0xfb, 0x0, 0x6, 0xfc, 0x8d, 0xf7,
    0x0, 0xd, 0xe1, 0x0, 0x8, 0xff, 0xff, 0xfe,
    0x0, 0xaf, 0x40, 0x0, 0x0, 0x0, 0xc, 0xf0,

    /* U+00BD "½" */
    0x0, 0x56, 0x30, 0x0, 0x0, 0x0, 0x64, 0x0,
    0x0, 0xbf, 0xf8, 0x0, 0x0, 0x0, 0x9f, 0x40,
    0x0, 0x3e, 0x8f, 0x80, 0x0, 0x0, 0x5f, 0x90,
    0x0, 0x1, 0x15, 0xf8, 0x0, 0x0, 0x1e, 0xd0,
    0x0, 0x0, 0x0, 0x5f, 0x80, 0x0, 0xb, 0xf3,
    0x0, 0x0, 0x0, 0x5, 0xf8, 0x0, 0x6, 0xf8,
    0x0, 0x0, 0x0, 0x0, 0x5f, 0x80, 0x2, 0xfc,
    0x0, 0x0, 0x0, 0x0, 0x5, 0xf8, 0x0, 0xcf,
    0x20, 0x4c, 0xfd, 0x60, 0x0, 0x39, 0x50, 0x7f,
    0x60, 0xf, 0xfa, 0xef, 0x40, 0x0, 0x0, 0x3f,
    0xb0, 0x1, 0x63, 0x6, 0xf6, 0x0, 0x0, 0xd,
    0xe1, 0x0, 0x0, 0x0, 0xbf, 0x10, 0x0, 0x9,
    0xf5, 0x0, 0x0, 0x0, 0xbf, 0x50, 0x0, 0x4,
    0xfa, 0x0, 0x0, 0x0, 0xcf, 0x50, 0x0, 0x1,
    0xee, 0x10, 0x0, 0x0, 0xcf, 0xd8, 0x85, 0x0,
    0xaf, 0x40, 0x0, 0x0, 0x1f, 0xff, 0xff, 0x90,

    /* U+00BE "¾" */
    0x0, 0x1, 0x10, 0x0, 0x0, 0x0, 0x1, 0x20,
    0x0, 0x4, 0xdf, 0xfb, 0x10, 0x0, 0x0, 0xe,
    0xe1, 0x0, 0xd, 0xe6, 0x9f, 0x90, 0x0, 0x0,
    0xaf, 0x40, 0x0, 0x0, 0x1, 0x6f, 0x80, 0x0,
    0x5, 0xf8, 0x0, 0x0, 0x0, 0x1f, 0xfb, 0x10,
    0x0, 0x1f, 0xd0, 0x0, 0x0, 0x0, 0x4, 0x7f,
    0xc0, 0x0, 0xcf, 0x20, 0x0, 0x0, 0x7, 0x61,
    0x3f, 0xf0, 0x7, 0xf6, 0x0, 0x0, 0x0, 0xb,
    0xff, 0xff, 0x80, 0x3f, 0xb0, 0x2, 0xff, 0x70,
    0x0, 0x47, 0x73, 0x0, 0xde, 0x10, 0xb, 0xff,
    0x70, 0x0, 0x0, 0x0, 0x9, 0xf5, 0x0, 0x4f,
    0xbf, 0x70, 0x0, 0x0, 0x0, 0x4f, 0x90, 0x0,
    0xde, 0x4f, 0x70, 0x0, 0x0, 0x1, 0xed, 0x0,
    0x6, 0xf6, 0x3f, 0x70, 0x0, 0x0, 0xb, 0xf3,
    0x0, 0xe, 0xf8, 0x9f, 0xb3, 0x0, 0x0, 0x6f,
    0x70, 0x0, 0xf, 0xff, 0xff, 0xf7, 0x0, 0x2,
    0xfc, 0x0, 0x0, 0x0, 0x0, 0x4f, 0x70,

    /* U+00BF "¿" */
    0x0, 0x0, 0x4e, 0xd2, 0x0, 0x0, 0x0, 0xa,
    0xff, 0x70, 0x0, 0x0, 0x0, 0x4f, 0xe2, 0x0,
    0x0, 0x0, 0x0, 0x0, 0x0, 0x0, 0x0, 0x0,
    0x16, 0x60, 0x0, 0x0, 0x0, 0x5, 0xff, 0x0,
    0x0, 0x0, 0x0, 0xbf, 0xe0, 0x0, 0x0, 0x1,
    0xcf, 0xf7, 0x0, 0x0, 0x2, 0xef, 0xf7, 0x0,
    0x0, 0x0, 0xbf, 0xf5, 0x0, 0x0, 0x0, 0xf,
    0xfa, 0x0, 0x0, 0x11, 0x0, 0xff, 0xa0, 0x0,
    0x8f, 0xf0, 0xc, 0xff, 0x61, 0x5f, 0xfc, 0x0,
    0x3f, 0xff, 0xff, 0xff, 0x30, 0x0, 0x2a, 0xef,
    0xea, 0x20, 0x0,

    /* U+00C0 "À" */
    0x0, 0x0, 0x4f, 0xf1, 0x0, 0x0, 0x0, 0x0,
    0x0, 0x0, 0xaf, 0x80, 0x0, 0x0, 0x0, 0x0,
    0x0, 0x1, 0xee, 0x0, 0x0, 0x0, 0x0, 0x0,
    0x0, 0x0, 0x0, 0x0, 0x0, 0x0, 0x0, 0x0,
    0x0, 0x0, 0x0, 0x0, 0x0, 0x0, 0x0, 0x0,
    0x9f, 0xff, 0x10, 0x0, 0x0, 0x0, 0x0, 0xf,
    0xff, 0xf6, 0x0, 0x0, 0x0, 0x0, 0x5, 0xff,
    0xaf, 0xc0, 0x0, 0x0, 0x0, 0x0, 0xbf, 0xb4,
    0xff, 0x20, 0x0, 0x0, 0x0, 0x1f, 0xf6, 0xf,
    0xf8, 0x0, 0x0, 0x0, 0x6, 0xff, 0x10, 0xaf,
    0xe0, 0x0, 0x0, 0x0, 0xcf, 0xc0, 0x4, 0xff,
    0x40, 0x0, 0x0, 0x2f, 0xf6, 0x0, 0xe, 0xfa,
    0x0, 0x0, 0x8, 0xff, 0xff, 0xff, 0xff, 0xf1,
    0x0, 0x0, 0xef, 0xff, 0xff, 0xff, 0xff, 0x60,
    0x0, 0x3f, 0xf7, 0x11, 0x11, 0x1e, 0xfc, 0x0,
    0x9, 0xff, 0x10, 0x0, 0x0, 0x9f, 0xf2, 0x0,
    0xff, 0xc0, 0x0, 0x0, 0x4, 0xff, 0x80, 0x5f,
    0xf7, 0x0, 0x0, 0x0, 0xe, 0xfe, 0x0,

    /* U+00C1 "Á" */
    0x0, 0x0, 0x0, 0x8, 0xfc, 0x0, 0x0, 0x0,
    0x0, 0x0, 0x1, 0xff, 0x20, 0x0, 0x0, 0x0,
    0x0, 0x0, 0x7f, 0x70, 0x0, 0x0, 0x0, 0x0,
    0x0, 0x0, 0x0, 0x0, 0x0, 0x0, 0x0, 0x0,
    0x0, 0x0, 0x0, 0x0, 0x0, 0x0, 0x0, 0x0,
    0x9f, 0xff, 0x10, 0x0, 0x0, 0x0, 0x0, 0xf,
    0xff, 0xf6, 0x0, 0x0, 0x0, 0x0, 0x5, 0xff,
    0xaf, 0xc0, 0x0, 0x0, 0x0, 0x0, 0xbf, 0xb4,
    0xff, 0x20, 0x0, 0x0, 0x0, 0x1f, 0xf6, 0xf,
    0xf8, 0x0, 0x0, 0x0, 0x6, 0xff, 0x10, 0xaf,
    0xe0, 0x0, 0x0, 0x0, 0xcf, 0xc0, 0x4, 0xff,
    0x40, 0x0, 0x0, 0x2f, 0xf6, 0x0, 0xe, 0xfa,
    0x0, 0x0, 0x8, 0xff, 0xff, 0xff, 0xff, 0xf1,
    0x0, 0x0, 0xef, 0xff, 0xff, 0xff, 0xff, 0x60,
    0x0, 0x3f, 0xf7, 0x11, 0x11, 0x1e, 0xfc, 0x0,
    0x9, 0xff, 0x10, 0x0, 0x0, 0x9f, 0xf2, 0x0,
    0xff, 0xc0, 0x0, 0x0, 0x4, 0xff, 0x80, 0x5f,
    0xf7, 0x0, 0x0, 0x0, 0xe, 0xfe, 0x0,

    /* U+00C2 "Â" */
    0x0, 0x0, 0x3, 0xff, 0xb0, 0x0, 0x0, 0x0,
    0x0, 0x3, 0xfe, 0xaf, 0x90, 0x0, 0x0, 0x0,
    0x2, 0xef, 0x40, 0xbf, 0x70, 0x0, 0x0, 0x0,
    0x0, 0x0, 0x0, 0x0, 0x0, 0x0, 0x0, 0x0,
    0x0, 0x0, 0x0, 0x0, 0x0, 0x0, 0x0, 0x0,
    0x9f, 0xff, 0x10, 0x0, 0x0, 0x0, 0x0, 0xf,
    0xff, 0xf6, 0x0, 0x0, 0x0, 0x0, 0x5, 0xff,
    0xaf, 0xc0, 0x0, 0x0, 0x0, 0x0, 0xbf, 0xb4,
    0xff, 0x20, 0x0, 0x0, 0x0, 0x1f, 0xf6, 0xf,
    0xf8, 0x0, 0x0, 0x0, 0x6, 0xff, 0x10, 0xaf,
    0xe0, 0x0, 0x0, 0x0, 0xcf, 0xc0, 0x4, 0xff,
    0x40, 0x0, 0x0, 0x2f, 0xf6, 0x0, 0xe, 0xfa,
    0x0, 0x0, 0x8, 0xff, 0xff, 0xff, 0xff, 0xf1,
    0x0, 0x0, 0xef, 0xff, 0xff, 0xff, 0xff, 0x60,
    0x0, 0x3f, 0xf7, 0x11, 0x11, 0x1e, 0xfc, 0x0,
    0x9, 0xff, 0x10, 0x0, 0x0, 0x9f, 0xf2, 0x0,
    0xff, 0xc0, 0x0, 0x0, 0x4, 0xff, 0x80, 0x5f,
    0xf7, 0x0, 0x0, 0x0, 0xe, 0xfe, 0x0,

    /* U+00C3 "Ã" */
    0x0, 0x0, 0x6, 0x50, 0x7, 0x30, 0x0, 0x0,
    0x0, 0x9, 0xff, 0xda, 0xf4, 0x0, 0x0, 0x0,
    0x0, 0xea, 0x2a, 0xfa, 0x0, 0x0, 0x0, 0x0,
    0x0, 0x0, 0x0, 0x0, 0x0, 0x0, 0x0, 0x0,
    0x0, 0x0, 0x0, 0x0, 0x0, 0x0, 0x0, 0x0,
    0x9f, 0xff, 0x10, 0x0, 0x0, 0x0, 0x0, 0xf,
    0xff, 0xf6, 0x0, 0x0, 0x0, 0x0, 0x5, 0xff,
    0xaf, 0xc0, 0x0, 0x0, 0x0, 0x0, 0xbf, 0xb4,
    0xff, 0x20, 0x0, 0x0, 0x0, 0x1f, 0xf6, 0xf,
    0xf8, 0x0, 0x0, 0x0, 0x6, 0xff, 0x10, 0xaf,
    0xe0, 0x0, 0x0, 0x0, 0xcf, 0xc0, 0x4, 0xff,
    0x40, 0x0, 0x0, 0x2f, 0xf6, 0x0, 0xe, 0xfa,
    0x0, 0x0, 0x8, 0xff, 0xff, 0xff, 0xff, 0xf1,
    0x0, 0x0, 0xef, 0xff, 0xff, 0xff, 0xff, 0x60,
    0x0, 0x3f, 0xf7, 0x11, 0x11, 0x1e, 0xfc, 0x0,
    0x9, 0xff, 0x10, 0x0, 0x0, 0x9f, 0xf2, 0x0,
    0xff, 0xc0, 0x0, 0x0, 0x4, 0xff, 0x80, 0x5f,
    0xf7, 0x0, 0x0, 0x0, 0xe, 0xfe, 0x0,

    /* U+00C4 "Ä" */
    0x0, 0x0, 0x68, 0x0, 0x49, 0x20, 0x0, 0x0,
    0x0, 0x2f, 0xf6, 0xe, 0xfa, 0x0, 0x0, 0x0,
    0x0, 0xce, 0x20, 0x9f, 0x50, 0x0, 0x0, 0x0,
    0x0, 0x0, 0x0, 0x0, 0x0, 0x0, 0x0, 0x0,
    0x0, 0x0, 0x0, 0x0, 0x0, 0x0, 0x0, 0x0,
    0x9f, 0xff, 0x10, 0x0, 0x0, 0x0, 0x0, 0xf,
    0xff, 0xf6, 0x0, 0x0, 0x0, 0x0, 0x5, 0xff,
    0xaf, 0xc0, 0x0, 0x0, 0x0, 0x0, 0xbf, 0xb4,
    0xff, 0x20, 0x0, 0x0, 0x0, 0x1f, 0xf6, 0xf,
    0xf8, 0x0, 0x0, 0x0, 0x6, 0xff, 0x10, 0xaf,
    0xe0, 0x0, 0x0, 0x0, 0xcf, 0xc0, 0x4, 0xff,
    0x40, 0x0, 0x0, 0x2f, 0xf6, 0x0, 0xe, 0xfa,
    0x0, 0x0, 0x8, 0xff, 0xff, 0xff, 0xff, 0xf1,
    0x0, 0x0, 0xef, 0xff, 0xff, 0xff, 0xff, 0x60,
    0x0, 0x3f, 0xf7, 0x11, 0x11, 0x1e, 0xfc, 0x0,
    0x9, 0xff, 0x10, 0x0, 0x0, 0x9f, 0xf2, 0x0,
    0xff, 0xc0, 0x0, 0x0, 0x4, 0xff, 0x80, 0x5f,
    0xf7, 0x0, 0x0, 0x0, 0xe, 0xfe, 0x0,

    /* U+00C5 "Å" */
    0x0, 0x0, 0x0, 0x0, 0x0, 0x0, 0x0, 0x0,
    0x0, 0x0, 0x5e, 0xfa, 0x10, 0x0, 0x0, 0x0,
    0x0, 0x1f, 0x94, 0xe9, 0x0, 0x0, 0x0, 0x0,
    0x5, 0xf1, 0x9, 0xd0, 0x0, 0x0, 0x0, 0x0,
    0x2f, 0x71, 0xdb, 0x0, 0x0, 0x0, 0x0, 0x0,
    0x8f, 0xfd, 0x20, 0x0, 0x0, 0x0, 0x0, 0x0,
    0x12, 0x0, 0x0, 0x0, 0x0, 0x0, 0x0, 0x9f,
    0xff, 0x10, 0x0, 0x0, 0x0, 0x0, 0xf, 0xff,
    0xf6, 0x0, 0x0, 0x0, 0x0, 0x5, 0xff, 0xaf,
    0xc0, 0x0, 0x0, 0x0, 0x0, 0xbf, 0xb4, 0xff,
    0x20, 0x0, 0x0, 0x0, 0x1f, 0xf6, 0xf, 0xf8,
    0x0, 0x0, 0x0, 0x6, 0xff, 0x10, 0xaf, 0xe0,
    0x0, 0x0, 0x0, 0xcf, 0xc0, 0x4, 0xff, 0x40,
    0x0, 0x0, 0x2f, 0xf6, 0x0, 0xe, 0xfa, 0x0,
    0x0, 0x8, 0xff, 0xff, 0xff, 0xff, 0xf1, 0x0,
    0x0, 0xef, 0xff, 0xff, 0xff, 0xff, 0x60, 0x0,
    0x3f, 0xf7, 0x11, 0x11, 0x1e, 0xfc, 0x0, 0x9,
    0xff, 0x10, 0x0, 0x0, 0x9f, 0xf2, 0x0, 0xff,
    0xc0, 0x0, 0x0, 0x4, 0xff, 0x80, 0x5f, 0xf7,
    0x0, 0x0, 0x0, 0xe, 0xfe, 0x0,

    /* U+00C6 "Æ" */
    0x0, 0x0, 0x0, 0x3f, 0xff, 0xff, 0xff, 0xff,
    0xff, 0xf0, 0x0, 0x0, 0x0, 0xaf, 0xfb, 0xff,
    0xff, 0xff, 0xff, 0xf0, 0x0, 0x0, 0x2, 0xff,
    0x84, 0xff, 0x63, 0x33, 0x33, 0x30, 0x0, 0x0,
    0x9, 0xff, 0x14, 0xff, 0x30, 0x0, 0x0, 0x0,
    0x0, 0x0, 0x1f, 0xf8, 0x4, 0xff, 0x30, 0x0,
    0x0, 0x0, 0x0, 0x0, 0x8f, 0xf1, 0x4, 0xff,
    0x52, 0x22, 0x22, 0x10, 0x0, 0x1, 0xff, 0x80,
    0x4, 0xff, 0xff, 0xff, 0xff, 0x90, 0x0, 0x7,
    0xff, 0x10, 0x4, 0xff, 0xff, 0xff, 0xff, 0x90,
    0x0, 0xe, 0xff, 0xee, 0xef, 0xff, 0x30, 0x0,
    0x0, 0x0, 0x0, 0x6f, 0xff, 0xff, 0xff, 0xff,
    0x30, 0x0, 0x0, 0x0, 0x0, 0xdf, 0xb0, 0x0,
    0x4, 0xff, 0x30, 0x0, 0x0, 0x0, 0x5, 0xff,
    0x50, 0x0, 0x4, 0xff, 0x63, 0x33, 0x33, 0x30,
    0xd, 0xfe, 0x0, 0x0, 0x4, 0xff, 0xff, 0xff,
    0xff, 0xf1, 0x4f, 0xf8, 0x0, 0x0, 0x4, 0xff,
    0xff, 0xff, 0xff, 0xf1,

    /* U+00C7 "Ç" */
    0x0, 0x3, 0xad, 0xfe, 0xc6, 0x0, 0x0, 0x9,
    0xff, 0xff, 0xff, 0xfd, 0x10, 0x9, 0xff, 0xe7,
    0x56, 0xbf, 0xfd, 0x3, 0xff, 0xc1, 0x0, 0x0,
    0x8f, 0xf6, 0x9f, 0xf2, 0x0, 0x0, 0x0, 0xbc,
    0x8d, 0xfc, 0x0, 0x0, 0x0, 0x0, 0x0, 0xff,
    0xa0, 0x0, 0x0, 0x0, 0x0, 0xf, 0xfa, 0x0,
    0x0, 0x0, 0x0, 0x0, 0xdf, 0xc0, 0x0, 0x0,
    0x0, 0x0, 0x9, 0xff, 0x20, 0x0, 0x0, 0xb,
    0xc8, 0x3f, 0xfc, 0x0, 0x0, 0x8, 0xff, 0x60,
    0x9f, 0xfe, 0x75, 0x6b, 0xff, 0xd0, 0x0, 0x9f,
    0xff, 0xff, 0xff, 0xd1, 0x0, 0x0, 0x4a, 0xdf,
    0xfc, 0x60, 0x0, 0x0, 0x0, 0x0, 0xf5, 0x0,
    0x0, 0x0, 0x0, 0x0, 0x1a, 0xec, 0x0, 0x0,
    0x0, 0x0, 0x0, 0x1a, 0xf0, 0x0, 0x0, 0x0,
    0x0, 0x9f, 0xe8, 0x0, 0x0,

    /* U+00C8 "È" */
    0x0, 0x5f, 0xe1, 0x0, 0x0, 0x0, 0xa, 0xf7,
    0x0, 0x0, 0x0, 0x1, 0xee, 0x0, 0x0, 0x0,
    0x0, 0x0, 0x0, 0x0, 0x0, 0x0, 0x0, 0x0,
    0x0, 0x8f, 0xff, 0xff, 0xff, 0xfe, 0x8f, 0xff,
    0xff, 0xff, 0xfe, 0x8f, 0xf4, 0x33, 0x33, 0x32,
    0x8f, 0xf1, 0x0, 0x0, 0x0, 0x8f, 0xf1, 0x0,
    0x0, 0x0, 0x8f, 0xf3, 0x22, 0x22, 0x21, 0x8f,
    0xff, 0xff, 0xff, 0xf6, 0x8f, 0xff, 0xff, 0xff,
    0xf6, 0x8f, 0xf1, 0x0, 0x0, 0x0, 0x8f, 0xf1,
    0x0, 0x0, 0x0, 0x8f, 0xf1, 0x0, 0x0, 0x0,
    0x8f, 0xf4, 0x33, 0x33, 0x32, 0x8f, 0xff, 0xff,
    0xff, 0xff, 0x8f, 0xff, 0xff, 0xff, 0xff,

    /* U+00C9 "É" */
    0x0, 0x0, 0x9, 0xfb, 0x0, 0x0, 0x0, 0x1f,
    0xf2, 0x0, 0x0, 0x0, 0x8f, 0x60, 0x0, 0x0,
    0x0, 0x0, 0x0, 0x0, 0x0, 0x0, 0x0, 0x0,
    0x0, 0x8f, 0xff, 0xff, 0xff, 0xfe, 0x8f, 0xff,
    0xff, 0xff, 0xfe, 0x8f, 0xf4, 0x33, 0x33, 0x32,
    0x8f, 0xf1, 0x0, 0x0, 0x0, 0x8f, 0xf1, 0x0,
    0x0, 0x0, 0x8f, 0xf3, 0x22, 0x22, 0x21, 0x8f,
    0xff, 0xff, 0xff, 0xf6, 0x8f, 0xff, 0xff, 0xff,
    0xf6, 0x8f, 0xf1, 0x0, 0x0, 0x0, 0x8f, 0xf1,
    0x0, 0x0, 0x0, 0x8f, 0xf1, 0x0, 0x0, 0x0,
    0x8f, 0xf4, 0x33, 0x33, 0x32, 0x8f, 0xff, 0xff,
    0xff, 0xff, 0x8f, 0xff, 0xff, 0xff, 0xff,

    /* U+00CA "Ê" */
    0x0, 0x4, 0xff, 0xa0, 0x0, 0x0, 0x3f, 0xea,
    0xf9, 0x0, 0x2, 0xef, 0x30, 0xcf, 0x70, 0x0,
    0x0, 0x0, 0x0, 0x0, 0x0, 0x0, 0x0, 0x0,
    0x0, 0x8f, 0xff, 0xff, 0xff, 0xfe, 0x8f, 0xff,
    0xff, 0xff, 0xfe, 0x8f, 0xf4, 0x33, 0x33, 0x32,
    0x8f, 0xf1, 0x0, 0x0, 0x0, 0x8f, 0xf1, 0x0,
    0x0, 0x0, 0x8f, 0xf3, 0x22, 0x22, 0x21, 0x8f,
    0xff, 0xff, 0xff, 0xf6, 0x8f, 0xff, 0xff, 0xff,
    0xf6, 0x8f, 0xf1, 0x0, 0x0, 0x0, 0x8f, 0xf1,
    0x0, 0x0, 0x0, 0x8f, 0xf1, 0x0, 0x0, 0x0,
    0x8f, 0xf4, 0x33, 0x33, 0x32, 0x8f, 0xff, 0xff,
    0xff, 0xff, 0x8f, 0xff, 0xff, 0xff, 0xff,

    /* U+00CB "Ë" */
    0x0, 0x78, 0x0, 0x49, 0x20, 0x3, 0xff, 0x60,
    0xff, 0xa0, 0x0, 0xce, 0x20, 0x9f, 0x50, 0x0,
    0x0, 0x0, 0x0, 0x0, 0x0, 0x0, 0x0, 0x0,
    0x0, 0x8f, 0xff, 0xff, 0xff, 0xfe, 0x8f, 0xff,
    0xff, 0xff, 0xfe, 0x8f, 0xf4, 0x33, 0x33, 0x32,
    0x8f, 0xf1, 0x0, 0x0, 0x0, 0x8f, 0xf1, 0x0,
    0x0, 0x0, 0x8f, 0xf3, 0x22, 0x22, 0x21, 0x8f,
    0xff, 0xff, 0xff, 0xf6, 0x8f, 0xff, 0xff, 0xff,
    0xf6, 0x8f, 0xf1, 0x0, 0x0, 0x0, 0x8f, 0xf1,
    0x0, 0x0, 0x0, 0x8f, 0xf1, 0x0, 0x0, 0x0,
    0x8f, 0xf4, 0x33, 0x33, 0x32, 0x8f, 0xff, 0xff,
    0xff, 0xff, 0x8f, 0xff, 0xff, 0xff, 0xff,

    /* U+00CC "Ì" */
    0xb, 0xf9, 0x0, 0x2, 0xff, 0x10, 0x0, 0x7f,
    0x80, 0x0, 0x0, 0x0, 0x0, 0x0, 0x0, 0x0,
    0x8f, 0xf1, 0x0, 0x8f, 0xf1, 0x0, 0x8f, 0xf1,
    0x0, 0x8f, 0xf1, 0x0, 0x8f, 0xf1, 0x0, 0x8f,
    0xf1, 0x0, 0x8f, 0xf1, 0x0, 0x8f, 0xf1, 0x0,
    0x8f, 0xf1, 0x0, 0x8f, 0xf1, 0x0, 0x8f, 0xf1,
    0x0, 0x8f, 0xf1, 0x0, 0x8f, 0xf1, 0x0, 0x8f,
    0xf1,

    /* U+00CD "Í" */
    0x1, 0xef, 0x40, 0x8f, 0xa0, 0xe, 0xe1, 0x0,
    0x0, 0x0, 0x0, 0x0, 0x8, 0xff, 0x10, 0x8f,
    0xf1, 0x8, 0xff, 0x10, 0x8f, 0xf1, 0x8, 0xff,
    0x10, 0x8f, 0xf1, 0x8, 0xff, 0x10, 0x8f, 0xf1,
    0x8, 0xff, 0x10, 0x8f, 0xf1, 0x8, 0xff, 0x10,
    0x8f, 0xf1, 0x8, 0xff, 0x10, 0x8f, 0xf1, 0x0,

    /* U+00CE "Î" */
    0x0, 0xbf, 0xf4, 0x0, 0x9, 0xfa, 0xef, 0x20,
    0x8f, 0xc0, 0x4f, 0xe1, 0x0, 0x0, 0x0, 0x0,
    0x0, 0x0, 0x0, 0x0, 0x0, 0x8f, 0xf1, 0x0,
    0x0, 0x8f, 0xf1, 0x0, 0x0, 0x8f, 0xf1, 0x0,
    0x0, 0x8f, 0xf1, 0x0, 0x0, 0x8f, 0xf1, 0x0,
    0x0, 0x8f, 0xf1, 0x0, 0x0, 0x8f, 0xf1, 0x0,
    0x0, 0x8f, 0xf1, 0x0, 0x0, 0x8f, 0xf1, 0x0,
    0x0, 0x8f, 0xf1, 0x0, 0x0, 0x8f, 0xf1, 0x0,
    0x0, 0x8f, 0xf1, 0x0, 0x0, 0x8f, 0xf1, 0x0,
    0x0, 0x8f, 0xf1, 0x0,

    /* U+00CF "Ï" */
    0x29, 0x40, 0x8, 0x70, 0xaf, 0xe0, 0x6f, 0xf3,
    0x5f, 0x90, 0x2e, 0xc0, 0x0, 0x0, 0x0, 0x0,
    0x0, 0x0, 0x0, 0x0, 0x0, 0x8f, 0xf1, 0x0,
    0x0, 0x8f, 0xf1, 0x0, 0x0, 0x8f, 0xf1, 0x0,
    0x0, 0x8f, 0xf1, 0x0, 0x0, 0x8f, 0xf1, 0x0,
    0x0, 0x8f, 0xf1, 0x0, 0x0, 0x8f, 0xf1, 0x0,
    0x0, 0x8f, 0xf1, 0x0, 0x0, 0x8f, 0xf1, 0x0,
    0x0, 0x8f, 0xf1, 0x0, 0x0, 0x8f, 0xf1, 0x0,
    0x0, 0x8f, 0xf1, 0x0, 0x0, 0x8f, 0xf1, 0x0,
    0x0, 0x8f, 0xf1, 0x0,

    /* U+00D0 "Ð" */
    0x0, 0xff, 0xff, 0xff, 0xda, 0x40, 0x0, 0x0,
    0xf, 0xff, 0xff, 0xff, 0xff, 0xa0, 0x0, 0x0,
    0xff, 0xb4, 0x44, 0x7d, 0xff, 0xa0, 0x0, 0xf,
    0xfa, 0x0, 0x0, 0xa, 0xff, 0x40, 0x0, 0xff,
    0xa0, 0x0, 0x0, 0x1f, 0xfa, 0x0, 0xf, 0xfa,
    0x0, 0x0, 0x0, 0xbf, 0xd0, 0xcf, 0xff, 0xff,
    0xff, 0x0, 0x9, 0xff, 0xa, 0xdf, 0xff, 0xdd,
    0xd0, 0x0, 0x9f, 0xf0, 0x0, 0xff, 0xa0, 0x0,
    0x0, 0xb, 0xfd, 0x0, 0xf, 0xfa, 0x0, 0x0,
    0x1, 0xff, 0xa0, 0x0, 0xff, 0xa0, 0x0, 0x0,
    0xaf, 0xf4, 0x0, 0xf, 0xfb, 0x44, 0x47, 0xdf,
    0xf9, 0x0, 0x0, 0xff, 0xff, 0xff, 0xff, 0xfa,
    0x0, 0x0, 0xf, 0xff, 0xff, 0xfd, 0xa4, 0x0,
    0x0,

    /* U+00D1 "Ñ" */
    0x0, 0x0, 0x46, 0x20, 0x56, 0x0, 0x0, 0x0,
    0x3f, 0xff, 0x9f, 0xa0, 0x0, 0x0, 0x8, 0xf1,
    0x7e, 0xd2, 0x0, 0x0, 0x0, 0x0, 0x0, 0x0,
    0x0, 0x0, 0x0, 0x0, 0x0, 0x0, 0x0, 0x0,
    0x8, 0xff, 0xb0, 0x0, 0x0, 0xe, 0xfb, 0x8f,
    0xff, 0x60, 0x0, 0x0, 0xef, 0xb8, 0xff, 0xff,
    0x10, 0x0, 0xe, 0xfb, 0x8f, 0xfd, 0xfb, 0x0,
    0x0, 0xef, 0xb8, 0xff, 0x4f, 0xf5, 0x0, 0xe,
    0xfb, 0x8f, 0xf1, 0xbf, 0xe1, 0x0, 0xef, 0xb8,
    0xff, 0x12, 0xff, 0xa0, 0xe, 0xfb, 0x8f, 0xf1,
    0x7, 0xff, 0x40, 0xef, 0xb8, 0xff, 0x20, 0xd,
    0xfe, 0xe, 0xfb, 0x8f, 0xf2, 0x0, 0x3f, 0xf7,
    0xdf, 0xb8, 0xff, 0x20, 0x0, 0x8f, 0xfd, 0xfb,
    0x8f, 0xf2, 0x0, 0x0, 0xdf, 0xff, 0xb8, 0xff,
    0x20, 0x0, 0x3, 0xff, 0xfb, 0x8f, 0xf2, 0x0,
    0x0, 0x9, 0xff, 0xb0,

    /* U+00D2 "Ò" */
    0x0, 0x0, 0xdf, 0x80, 0x0, 0x0, 0x0, 0x0,
    0x0, 0x3f, 0xe0, 0x0, 0x0, 0x0, 0x0, 0x0,
    0x8, 0xf6, 0x0, 0x0, 0x0, 0x0, 0x0, 0x0,
    0x0, 0x0, 0x0, 0x0, 0x0, 0x0, 0x0, 0x0,
    0x0, 0x0, 0x0, 0x0, 0x3, 0xad, 0xfe, 0xc6,
    0x0, 0x0, 0x0, 0x9f, 0xff, 0xff, 0xff, 0xd2,
    0x0, 0x9, 0xff, 0xe7, 0x56, 0xbf, 0xfd, 0x10,
    0x3f, 0xfc, 0x0, 0x0, 0x7, 0xff, 0x90, 0x9f,
    0xf2, 0x0, 0x0, 0x0, 0xcf, 0xe0, 0xdf, 0xc0,
    0x0, 0x0, 0x0, 0x7f, 0xf3, 0xff, 0xa0, 0x0,
    0x0, 0x0, 0x4f, 0xf4, 0xff, 0xa0, 0x0, 0x0,
    0x0, 0x4f, 0xf4, 0xdf, 0xc0, 0x0, 0x0, 0x0,
    0x6f, 0xf3, 0x9f, 0xf2, 0x0, 0x0, 0x0, 0xcf,
    0xe0, 0x3f, 0xfc, 0x0, 0x0, 0x7, 0xff, 0x90,
    0x9, 0xff, 0xe7, 0x56, 0xbf, 0xfe, 0x10, 0x0,
    0x9f, 0xff, 0xff, 0xff, 0xd2, 0x0, 0x0, 0x4,
    0xad, 0xfe, 0xc6, 0x0, 0x0,

    /* U+00D3 "Ó" */
    0x0, 0x0, 0x0, 0x2f, 0xf3, 0x0, 0x0, 0x0,
    0x0, 0x0, 0x9f, 0x80, 0x0, 0x0, 0x0, 0x0,
    0x1, 0xed, 0x0, 0x0, 0x0, 0x0, 0x0, 0x0,
    0x0, 0x0, 0x0, 0x0, 0x0, 0x0, 0x0, 0x0,
    0x0, 0x0, 0x0, 0x0, 0x3, 0xad, 0xfe, 0xc6,
    0x0, 0x0, 0x0, 0x9f, 0xff, 0xff, 0xff, 0xd2,
    0x0, 0x9, 0xff, 0xe7, 0x56, 0xbf, 0xfd, 0x10,
    0x3f, 0xfc, 0x0, 0x0, 0x7, 0xff, 0x90, 0x9f,
    0xf2, 0x0, 0x0, 0x0, 0xcf, 0xe0, 0xdf, 0xc0,
    0x0, 0x0, 0x0, 0x7f, 0xf3, 0xff, 0xa0, 0x0,
    0x0, 0x0, 0x4f, 0xf4, 0xff, 0xa0, 0x0, 0x0,
    0x0, 0x4f, 0xf4, 0xdf, 0xc0, 0x0, 0x0, 0x0,
    0x6f, 0xf3, 0x9f, 0xf2, 0x0, 0x0, 0x0, 0xcf,
    0xe0, 0x3f, 0xfc, 0x0, 0x0, 0x7, 0xff, 0x90,
    0x9, 0xff, 0xe7, 0x56, 0xbf, 0xfe, 0x10, 0x0,
    0x9f, 0xff, 0xff, 0xff, 0xd2, 0x0, 0x0, 0x4,
    0xad, 0xfe, 0xc6, 0x0, 0x0,

    /* U+00D4 "Ô" */
    0x0, 0x0, 0xc, 0xff, 0x30, 0x0, 0x0, 0x0,
    0x0, 0xaf, 0x9f, 0xe2, 0x0, 0x0, 0x0, 0x9,
    0xfb, 0x5, 0xfd, 0x10, 0x0, 0x0, 0x0, 0x0,
    0x0, 0x0, 0x0, 0x0, 0x0, 0x0, 0x0, 0x0,
    0x0, 0x0, 0x0, 0x0, 0x3, 0xad, 0xfe, 0xc6,
    0x0, 0x0, 0x0, 0x9f, 0xff, 0xff, 0xff, 0xd2,
    0x0, 0x9, 0xff, 0xe7, 0x56, 0xbf, 0xfd, 0x10,
    0x3f, 0xfc, 0x0, 0x0, 0x7, 0xff, 0x90, 0x9f,
    0xf2, 0x0, 0x0, 0x0, 0xcf, 0xe0, 0xdf, 0xc0,
    0x0, 0x0, 0x0, 0x7f, 0xf3, 0xff, 0xa0, 0x0,
    0x0, 0x0, 0x4f, 0xf4, 0xff, 0xa0, 0x0, 0x0,
    0x0, 0x4f, 0xf4, 0xdf, 0xc0, 0x0, 0x0, 0x0,
    0x6f, 0xf3, 0x9f, 0xf2, 0x0, 0x0, 0x0, 0xcf,
    0xe0, 0x3f, 0xfc, 0x0, 0x0, 0x7, 0xff, 0x90,
    0x9, 0xff, 0xe7, 0x56, 0xbf, 0xfe, 0x10, 0x0,
    0x9f, 0xff, 0xff, 0xff, 0xd2, 0x0, 0x0, 0x4,
    0xad, 0xfe, 0xc6, 0x0, 0x0,

    /* U+00D5 "Õ" */
    0x0, 0x0, 0xbe, 0xa2, 0xbd, 0x0, 0x0, 0x0,
    0x5, 0xfa, 0xef, 0xf8, 0x0, 0x0, 0x0, 0x3,
    0x70, 0x5, 0x60, 0x0, 0x0, 0x0, 0x0, 0x0,
    0x0, 0x0, 0x0, 0x0, 0x0, 0x0, 0x0, 0x0,
    0x0, 0x0, 0x0, 0x0, 0x3, 0xad, 0xfe, 0xc6,
    0x0, 0x0, 0x0, 0x9f, 0xff, 0xff, 0xff, 0xd2,
    0x0, 0x9, 0xff, 0xe7, 0x56, 0xbf, 0xfd, 0x10,
    0x3f, 0xfc, 0x0, 0x0, 0x7, 0xff, 0x90, 0x9f,
    0xf2, 0x0, 0x0, 0x0, 0xcf, 0xe0, 0xdf, 0xc0,
    0x0, 0x0, 0x0, 0x7f, 0xf3, 0xff, 0xa0, 0x0,
    0x0, 0x0, 0x4f, 0xf4, 0xff, 0xa0, 0x0, 0x0,
    0x0, 0x4f, 0xf4, 0xdf, 0xc0, 0x0, 0x0, 0x0,
    0x6f, 0xf3, 0x9f, 0xf2, 0x0, 0x0, 0x0, 0xcf,
    0xe0, 0x3f, 0xfc, 0x0, 0x0, 0x7, 0xff, 0x90,
    0x9, 0xff, 0xe7, 0x56, 0xbf, 0xfe, 0x10, 0x0,
    0x9f, 0xff, 0xff, 0xff, 0xd2, 0x0, 0x0, 0x4,
    0xad, 0xfe, 0xc6, 0x0, 0x0,

    /* U+00D6 "Ö" */
    0x0, 0x6, 0xf8, 0x3, 0xec, 0x0, 0x0, 0x0,
    0xb, 0xfd, 0x7, 0xff, 0x20, 0x0, 0x0, 0x2,
    0x94, 0x1, 0x96, 0x0, 0x0, 0x0, 0x0, 0x0,
    0x0, 0x0, 0x0, 0x0, 0x0, 0x0, 0x0, 0x0,
    0x0, 0x0, 0x0, 0x0, 0x3, 0xad, 0xfe, 0xc6,
    0x0, 0x0, 0x0, 0x9f, 0xff, 0xff, 0xff, 0xd2,
    0x0, 0x9, 0xff, 0xe7, 0x56, 0xbf, 0xfd, 0x10,
    0x3f, 0xfc, 0x0, 0x0, 0x7, 0xff, 0x90, 0x9f,
    0xf2, 0x0, 0x0, 0x0, 0xcf, 0xe0, 0xdf, 0xc0,
    0x0, 0x0, 0x0, 0x7f, 0xf3, 0xff, 0xa0, 0x0,
    0x0, 0x0, 0x4f, 0xf4, 0xff, 0xa0, 0x0, 0x0,
    0x0, 0x4f, 0xf4, 0xdf, 0xc0, 0x0, 0x0, 0x0,
    0x6f, 0xf3, 0x9f, 0xf2, 0x0, 0x0, 0x0, 0xcf,
    0xe0, 0x3f, 0xfc, 0x0, 0x0, 0x7, 0xff, 0x90,
    0x9, 0xff, 0xe7, 0x56, 0xbf, 0xfe, 0x10, 0x0,
    0x9f, 0xff, 0xff, 0xff, 0xd2, 0x0, 0x0, 0x4,
    0xad, 0xfe, 0xc6, 0x0, 0x0,

    /* U+00D7 "×" */
    0x0, 0x60, 0x0, 0x0, 0x24, 0x0, 0xbf, 0x80,
    0x0, 0x2e, 0xf4, 0xa, 0xff, 0x80, 0x2e, 0xfe,
    0x30, 0x9, 0xff, 0x9e, 0xfe, 0x30, 0x0, 0x9,
    0xff, 0xfe, 0x30, 0x0, 0x0, 0x2f, 0xff, 0xa0,
    0x0, 0x0, 0x2e, 0xff, 0xff, 0x90, 0x0, 0x2e,
    0xfe, 0x39, 0xff, 0x90, 0xe, 0xfe, 0x20, 0x9,
    0xff, 0x60, 0x5e, 0x20, 0x0, 0x9, 0xc0, 0x0,
    0x0, 0x0, 0x0, 0x0, 0x0,

    /* U+00D8 "Ø" */
    0x0, 0x0, 0x0, 0x0, 0x0, 0x2, 0x0, 0x0,
    0x3, 0xad, 0xfe, 0xc6, 0x8f, 0x40, 0x0, 0x9f,
    0xff, 0xff, 0xff, 0xff, 0x0, 0x9, 0xff, 0xe7,
    0x56, 0xdf, 0xff, 0x10, 0x3f, 0xfc, 0x0, 0x0,
    0xbf, 0xff, 0x90, 0x9f, 0xf2, 0x0, 0x7, 0xf9,
    0xcf, 0xe0, 0xdf, 0xc0, 0x0, 0x3f, 0xd0, 0x7f,
    0xf3, 0xff, 0xa0, 0x1, 0xef, 0x20, 0x4f, 0xf4,
    0xff, 0xa0, 0xb, 0xf6, 0x0, 0x4f, 0xf4, 0xdf,
    0xc0, 0x7f, 0xa0, 0x0, 0x6f, 0xf3, 0x9f, 0xf6,
    0xfd, 0x0, 0x0, 0xcf, 0xe0, 0x3f, 0xff, 0xf2,
    0x0, 0x7, 0xff, 0x90, 0x9, 0xff, 0xf7, 0x56,
    0xbf, 0xfe, 0x10, 0x7, 0xff, 0xff, 0xff, 0xff,
    0xd2, 0x0, 0xd, 0xd4, 0xad, 0xfe, 0xc6, 0x0,
    0x0, 0x0, 0x10, 0x0, 0x0, 0x0, 0x0, 0x0,

    /* U+00D9 "Ù" */
    0x0, 0x3, 0xff, 0x30, 0x0, 0x0, 0x0, 0x0,
    0x8, 0xfa, 0x0, 0x0, 0x0, 0x0, 0x0, 0xc,
    0xf1, 0x0, 0x0, 0x0, 0x0, 0x0, 0x0, 0x0,
    0x0, 0x0, 0x0, 0x0, 0x0, 0x0, 0x0, 0x0,
    0x8, 0xff, 0x10, 0x0, 0x0, 0x5f, 0xf4, 0x8f,
    0xf1, 0x0, 0x0, 0x5, 0xff, 0x48, 0xff, 0x10,
    0x0, 0x0, 0x5f, 0xf4, 0x8f, 0xf1, 0x0, 0x0,
    0x5, 0xff, 0x48, 0xff, 0x10, 0x0, 0x0, 0x5f,
    0xf4, 0x8f, 0xf1, 0x0, 0x0, 0x5, 0xff, 0x48,
    0xff, 0x10, 0x0, 0x0, 0x5f, 0xf4, 0x8f, 0xf1,
    0x0, 0x0, 0x5, 0xff, 0x48, 0xff, 0x10, 0x0,
    0x0, 0x5f, 0xf4, 0x7f, 0xf3, 0x0, 0x0, 0x7,
    0xff, 0x34, 0xff, 0xb0, 0x0, 0x1, 0xef, 0xf0,
    0xc, 0xff, 0xd7, 0x58, 0xef, 0xf8, 0x0, 0x1d,
    0xff, 0xff, 0xff, 0xfa, 0x0, 0x0, 0x7, 0xce,
    0xfe, 0xa5, 0x0, 0x0,

    /* U+00DA "Ú" */
    0x0, 0x0, 0x0, 0x7f, 0xd0, 0x0, 0x0, 0x0,
    0x0, 0xe, 0xf3, 0x0, 0x0, 0x0, 0x0, 0x6,
    0xf8, 0x0, 0x0, 0x0, 0x0, 0x0, 0x0, 0x0,
    0x0, 0x0, 0x0, 0x0, 0x0, 0x0, 0x0, 0x0,
    0x8, 0xff, 0x10, 0x0, 0x0, 0x5f, 0xf4, 0x8f,
    0xf1, 0x0, 0x0, 0x5, 0xff, 0x48, 0xff, 0x10,
    0x0, 0x0, 0x5f, 0xf4, 0x8f, 0xf1, 0x0, 0x0,
    0x5, 0xff, 0x48, 0xff, 0x10, 0x0, 0x0, 0x5f,
    0xf4, 0x8f, 0xf1, 0x0, 0x0, 0x5, 0xff, 0x48,
    0xff, 0x10, 0x0, 0x0, 0x5f, 0xf4, 0x8f, 0xf1,
    0x0, 0x0, 0x5, 0xff, 0x48, 0xff, 0x10, 0x0,
    0x0, 0x5f, 0xf4, 0x7f, 0xf3, 0x0, 0x0, 0x7,
    0xff, 0x34, 0xff, 0xb0, 0x0, 0x1, 0xef, 0xf0,
    0xc, 0xff, 0xd7, 0x58, 0xef, 0xf8, 0x0, 0x1d,
    0xff, 0xff, 0xff, 0xfa, 0x0, 0x0, 0x7, 0xce,
    0xfe, 0xa5, 0x0, 0x0,

    /* U+00DB "Û" */
    0x0, 0x0, 0x2e, 0xfc, 0x0, 0x0, 0x0, 0x0,
    0x1e, 0xf9, 0xfb, 0x0, 0x0, 0x0, 0x1d, 0xf5,
    0xa, 0xf9, 0x0, 0x0, 0x0, 0x0, 0x0, 0x0,
    0x0, 0x0, 0x0, 0x0, 0x0, 0x0, 0x0, 0x0,
    0x8, 0xff, 0x10, 0x0, 0x0, 0x5f, 0xf4, 0x8f,
    0xf1, 0x0, 0x0, 0x5, 0xff, 0x48, 0xff, 0x10,
    0x0, 0x0, 0x5f, 0xf4, 0x8f, 0xf1, 0x0, 0x0,
    0x5, 0xff, 0x48, 0xff, 0x10, 0x0, 0x0, 0x5f,
    0xf4, 0x8f, 0xf1, 0x0, 0x0, 0x5, 0xff, 0x48,
    0xff, 0x10, 0x0, 0x0, 0x5f, 0xf4, 0x8f, 0xf1,
    0x0, 0x0, 0x5, 0xff, 0x48, 0xff, 0x10, 0x0,
    0x0, 0x5f, 0xf4, 0x7f, 0xf3, 0x0, 0x0, 0x7,
    0xff, 0x34, 0xff, 0xb0, 0x0, 0x1, 0xef, 0xf0,
    0xc, 0xff, 0xd7, 0x58, 0xef, 0xf8, 0x0, 0x1d,
    0xff, 0xff, 0xff, 0xfa, 0x0, 0x0, 0x7, 0xce,
    0xfe, 0xa5, 0x0, 0x0,

    /* U+00DC "Ü" */
    0x0, 0xb, 0xe3, 0x7, 0xf7, 0x0, 0x0, 0x1,
    0xff, 0x80, 0xdf, 0xc0, 0x0, 0x0, 0x6, 0x91,
    0x3, 0x93, 0x0, 0x0, 0x0, 0x0, 0x0, 0x0,
    0x0, 0x0, 0x0, 0x0, 0x0, 0x0, 0x0, 0x0,
    0x8, 0xff, 0x10, 0x0, 0x0, 0x5f, 0xf4, 0x8f,
    0xf1, 0x0, 0x0, 0x5, 0xff, 0x48, 0xff, 0x10,
    0x0, 0x0, 0x5f, 0xf4, 0x8f, 0xf1, 0x0, 0x0,
    0x5, 0xff, 0x48, 0xff, 0x10, 0x0, 0x0, 0x5f,
    0xf4, 0x8f, 0xf1, 0x0, 0x0, 0x5, 0xff, 0x48,
    0xff, 0x10, 0x0, 0x0, 0x5f, 0xf4, 0x8f, 0xf1,
    0x0, 0x0, 0x5, 0xff, 0x48, 0xff, 0x10, 0x0,
    0x0, 0x5f, 0xf4, 0x7f, 0xf3, 0x0, 0x0, 0x7,
    0xff, 0x34, 0xff, 0xb0, 0x0, 0x1, 0xef, 0xf0,
    0xc, 0xff, 0xd7, 0x58, 0xef, 0xf8, 0x0, 0x1d,
    0xff, 0xff, 0xff, 0xfa, 0x0, 0x0, 0x7, 0xce,
    0xfe, 0xa5, 0x0, 0x0,

    /* U+00DD "Ý" */
    0x0, 0x0, 0x0, 0xa, 0xfa, 0x0, 0x0, 0x0,
    0x0, 0x0, 0x2f, 0xe1, 0x0, 0x0, 0x0, 0x0,
    0x0, 0x9f, 0x50, 0x0, 0x0, 0x0, 0x0, 0x0,
    0x0, 0x0, 0x0, 0x0, 0x0, 0x0, 0x0, 0x0,
    0x0, 0x0, 0x0, 0x3f, 0xfd, 0x0, 0x0, 0x0,
    0x8f, 0xf7, 0x9, 0xff, 0x60, 0x0, 0x2, 0xff,
    0xd0, 0x0, 0xef, 0xe1, 0x0, 0xb, 0xff, 0x30,
    0x0, 0x5f, 0xf9, 0x0, 0x4f, 0xf9, 0x0, 0x0,
    0xb, 0xff, 0x30, 0xdf, 0xe1, 0x0, 0x0, 0x1,
    0xff, 0xb5, 0xff, 0x50, 0x0, 0x0, 0x0, 0x7f,
    0xfe, 0xfc, 0x0, 0x0, 0x0, 0x0, 0xc, 0xff,
    0xf2, 0x0, 0x0, 0x0, 0x0, 0x3, 0xff, 0x90,
    0x0, 0x0, 0x0, 0x0, 0x2, 0xff, 0x70, 0x0,
    0x0, 0x0, 0x0, 0x2, 0xff, 0x70, 0x0, 0x0,
    0x0, 0x0, 0x2, 0xff, 0x70, 0x0, 0x0, 0x0,
    0x0, 0x2, 0xff, 0x70, 0x0, 0x0, 0x0, 0x0,
    0x2, 0xff, 0x70, 0x0, 0x0,

    /* U+00DE "Þ" */
    0x9f, 0xf0, 0x0, 0x0, 0x0, 0x9, 0xff, 0x0,
    0x0, 0x0, 0x0, 0x9f, 0xff, 0xff, 0xea, 0x30,
    0x9, 0xff, 0xff, 0xff, 0xff, 0x60, 0x9f, 0xf1,
    0x11, 0x4d, 0xff, 0x19, 0xff, 0x0, 0x0, 0x2f,
    0xf7, 0x9f, 0xf0, 0x0, 0x0, 0xef, 0x89, 0xff,
    0x0, 0x0, 0x1f, 0xf7, 0x9f, 0xf1, 0x11, 0x4c,
    0xff, 0x19, 0xff, 0xff, 0xff, 0xff, 0x60, 0x9f,
    0xff, 0xff, 0xea, 0x30, 0x9, 0xff, 0x0, 0x0,
    0x0, 0x0, 0x9f, 0xf0, 0x0, 0x0, 0x0, 0x9,
    0xff, 0x0, 0x0, 0x0, 0x0,

    /* U+00DF "ß" */
    0x0, 0x6c, 0xff, 0xd9, 0x20, 0x0, 0xaf, 0xff,
    0xff, 0xff, 0x30, 0x4f, 0xfd, 0x53, 0x8f, 0xfc,
    0x7, 0xff, 0x20, 0x0, 0xaf, 0xf0, 0x8f, 0xf0,
    0x0, 0xa, 0xfe, 0x8, 0xff, 0x0, 0x15, 0xff,
    0x60, 0x8f, 0xf0, 0x4f, 0xff, 0x60, 0x8, 0xff,
    0x4, 0xff, 0xff, 0xa0, 0x8f, 0xf0, 0x0, 0x17,
    0xff, 0x88, 0xff, 0x0, 0x0, 0xb, 0xfd, 0x8f,
    0xf0, 0x0, 0x0, 0xbf, 0xe8, 0xff, 0x0, 0x23,
    0x8f, 0xfb, 0x8f, 0xf0, 0x5f, 0xff, 0xff, 0x38,
    0xff, 0x5, 0xff, 0xea, 0x20,

    /* U+00E0 "à" */
    0x0, 0xd, 0xf7, 0x0, 0x0, 0x0, 0x0, 0x3f,
    0xe0, 0x0, 0x0, 0x0, 0x0, 0x8f, 0x50, 0x0,
    0x0, 0x0, 0x0, 0x0, 0x0, 0x0, 0x0, 0x29,
    0xdf, 0xeb, 0x40, 0x0, 0x3e, 0xff, 0xff, 0xff,
    0x60, 0xa, 0xfe, 0x30, 0x1c, 0xfe, 0x0, 0x1,
    0x10, 0x0, 0x7f, 0xf1, 0x0, 0x1, 0x57, 0x9e,
    0xff, 0x20, 0x3d, 0xff, 0xff, 0xef, 0xf2, 0xe,
    0xfd, 0x62, 0x6, 0xff, 0x23, 0xff, 0x40, 0x0,
    0x8f, 0xf2, 0x2f, 0xf8, 0x0, 0x4f, 0xff, 0x20,
    0xcf, 0xff, 0xff, 0xbf, 0xf2, 0x1, 0x9e, 0xfd,
    0x64, 0xff, 0x20,

    /* U+00E1 "á" */
    0x0, 0x0, 0x2, 0xff, 0x30, 0x0, 0x0, 0x0,
    0xaf, 0x80, 0x0, 0x0, 0x0, 0x1f, 0xc0, 0x0,
    0x0, 0x0, 0x0, 0x0, 0x0, 0x0, 0x0, 0x29,
    0xdf, 0xeb, 0x40, 0x0, 0x3e, 0xff, 0xff, 0xff,
    0x60, 0xa, 0xfe, 0x30, 0x1c, 0xfe, 0x0, 0x1,
    0x10, 0x0, 0x7f, 0xf1, 0x0, 0x1, 0x57, 0x9e,
    0xff, 0x20, 0x3d, 0xff, 0xff, 0xef, 0xf2, 0xe,
    0xfd, 0x62, 0x6, 0xff, 0x23, 0xff, 0x40, 0x0,
    0x8f, 0xf2, 0x2f, 0xf8, 0x0, 0x4f, 0xff, 0x20,
    0xcf, 0xff, 0xff, 0xbf, 0xf2, 0x1, 0x9e, 0xfd,
    0x64, 0xff, 0x20,

    /* U+00E2 "â" */
    0x0, 0x0, 0x48, 0x70, 0x0, 0x0, 0x0, 0x4f,
    0xff, 0x90, 0x0, 0x0, 0x3f, 0xe2, 0xbf, 0x70,
    0x0, 0x6, 0x83, 0x1, 0x77, 0x0, 0x0, 0x0,
    0x0, 0x0, 0x0, 0x0, 0x2, 0x9d, 0xfe, 0xb4,
    0x0, 0x3, 0xef, 0xff, 0xff, 0xf6, 0x0, 0xaf,
    0xe3, 0x1, 0xcf, 0xe0, 0x0, 0x11, 0x0, 0x7,
    0xff, 0x10, 0x0, 0x15, 0x79, 0xef, 0xf2, 0x3,
    0xdf, 0xff, 0xfe, 0xff, 0x20, 0xef, 0xd6, 0x20,
    0x6f, 0xf2, 0x3f, 0xf4, 0x0, 0x8, 0xff, 0x22,
    0xff, 0x80, 0x4, 0xff, 0xf2, 0xc, 0xff, 0xff,
    0xfb, 0xff, 0x20, 0x19, 0xef, 0xd6, 0x4f, 0xf2,

    /* U+00E3 "ã" */
    0x0, 0x4, 0x74, 0x16, 0x60, 0x0, 0x4, 0xff,
    0xff, 0xf9, 0x0, 0x0, 0x47, 0x13, 0x76, 0x0,
    0x0, 0x0, 0x0, 0x0, 0x0, 0x0, 0x0, 0x29,
    0xdf, 0xeb, 0x40, 0x0, 0x3e, 0xff, 0xff, 0xff,
    0x60, 0xa, 0xfe, 0x30, 0x1c, 0xfe, 0x0, 0x1,
    0x10, 0x0, 0x7f, 0xf1, 0x0, 0x1, 0x57, 0x9e,
    0xff, 0x20, 0x3d, 0xff, 0xff, 0xef, 0xf2, 0xe,
    0xfd, 0x62, 0x6, 0xff, 0x23, 0xff, 0x40, 0x0,
    0x8f, 0xf2, 0x2f, 0xf8, 0x0, 0x4f, 0xff, 0x20,
    0xcf, 0xff, 0xff, 0xbf, 0xf2, 0x1, 0x9e, 0xfd,
    0x64, 0xff, 0x20,

    /* U+00E4 "ä" */
    0x0, 0x17, 0x20, 0x6, 0x30, 0x0, 0xb, 0xfc,
    0x7, 0xff, 0x10, 0x0, 0x9f, 0x90, 0x5f, 0xd0,
    0x0, 0x0, 0x10, 0x0, 0x10, 0x0, 0x0, 0x29,
    0xdf, 0xeb, 0x40, 0x0, 0x3e, 0xff, 0xff, 0xff,
    0x60, 0xa, 0xfe, 0x30, 0x1c, 0xfe, 0x0, 0x1,
    0x10, 0x0, 0x7f, 0xf1, 0x0, 0x1, 0x57, 0x9e,
    0xff, 0x20, 0x3d, 0xff, 0xff, 0xef, 0xf2, 0xe,
    0xfd, 0x62, 0x6, 0xff, 0x23, 0xff, 0x40, 0x0,
    0x8f, 0xf2, 0x2f, 0xf8, 0x0, 0x4f, 0xff, 0x20,
    0xcf, 0xff, 0xff, 0xbf, 0xf2, 0x1, 0x9e, 0xfd,
    0x64, 0xff, 0x20,

    /* U+00E5 "å" */
    0x0, 0x0, 0x0, 0x0, 0x0, 0x0, 0x0, 0x1b,
    0xfd, 0x30, 0x0, 0x0, 0xb, 0xd4, 0xaf, 0x10,
    0x0, 0x0, 0xf8, 0x3, 0xf4, 0x0, 0x0, 0xc,
    0xc1, 0x8f, 0x10, 0x0, 0x0, 0x2e, 0xff, 0x50,
    0x0, 0x0, 0x0, 0x3, 0x10, 0x0, 0x0, 0x2,
    0x9d, 0xfe, 0xb4, 0x0, 0x3, 0xef, 0xff, 0xff,
    0xf6, 0x0, 0xaf, 0xe3, 0x1, 0xcf, 0xe0, 0x0,
    0x11, 0x0, 0x7, 0xff, 0x10, 0x0, 0x15, 0x79,
    0xef, 0xf2, 0x3, 0xdf, 0xff, 0xfe, 0xff, 0x20,
    0xef, 0xd6, 0x20, 0x6f, 0xf2, 0x3f, 0xf4, 0x0,
    0x8, 0xff, 0x22, 0xff, 0x80, 0x4, 0xff, 0xf2,
    0xc, 0xff, 0xff, 0xfb, 0xff, 0x20, 0x19, 0xef,
    0xd6, 0x4f, 0xf2,

    /* U+00E6 "æ" */
    0x0, 0x29, 0xdf, 0xea, 0x21, 0x9e, 0xfd, 0x91,
    0x0, 0x3, 0xef, 0xff, 0xff, 0xee, 0xff, 0xff,
    0xfe, 0x20, 0xa, 0xfd, 0x30, 0x1c, 0xff, 0xc2,
    0x3, 0xdf, 0xc0, 0x0, 0x1, 0x0, 0x6, 0xff,
    0x10, 0x0, 0x4f, 0xf3, 0x0, 0x17, 0xab, 0xbd,
    0xff, 0xbb, 0xbb, 0xbf, 0xf5, 0x5, 0xff, 0xff,
    0xff, 0xff, 0xff, 0xff, 0xff, 0xf6, 0xf, 0xfc,
    0x30, 0x6, 0xfe, 0x0, 0x0, 0x0, 0x0, 0x3f,
    0xf4, 0x0, 0x9, 0xff, 0x20, 0x0, 0x15, 0x30,
    0x2f, 0xf9, 0x0, 0x6f, 0xff, 0xd3, 0x2, 0xbf,
    0xf1, 0xb, 0xff, 0xff, 0xff, 0x7f, 0xff, 0xff,
    0xff, 0x50, 0x0, 0x8d, 0xfe, 0xa2, 0x2, 0x9e,
    0xfe, 0xa3, 0x0,

    /* U+00E7 "ç" */
    0x0, 0x5, 0xce, 0xfc, 0x60, 0x0, 0x9, 0xff,
    0xff, 0xff, 0xb0, 0x5, 0xff, 0xb3, 0x18, 0xff,
    0x60, 0xcf, 0xe0, 0x0, 0x9, 0xa5, 0xf, 0xf9,
    0x0, 0x0, 0x0, 0x1, 0xff, 0x70, 0x0, 0x0,
    0x0, 0xf, 0xf8, 0x0, 0x0, 0x0, 0x0, 0xcf,
    0xd0, 0x0, 0xa, 0xb6, 0x6, 0xff, 0xa2, 0x18,
    0xff, 0x70, 0xa, 0xff, 0xff, 0xff, 0xb0, 0x0,
    0x5, 0xcf, 0xfc, 0x60, 0x0, 0x0, 0x0, 0x9b,
    0x20, 0x0, 0x0, 0x0, 0x7, 0xbf, 0x40, 0x0,
    0x0, 0x0, 0x13, 0xf6, 0x0, 0x0, 0x0, 0x1f,
    0xfc, 0x10, 0x0,

    /* U+00E8 "è" */
    0x0, 0x9, 0xfc, 0x0, 0x0, 0x0, 0x0, 0xe,
    0xf3, 0x0, 0x0, 0x0, 0x0, 0x4f, 0xa0, 0x0,
    0x0, 0x0, 0x0, 0x0, 0x0, 0x0, 0x0, 0x5,
    0xcf, 0xfc, 0x60, 0x0, 0xa, 0xff, 0xff, 0xff,
    0xa0, 0x5, 0xff, 0x71, 0x7, 0xff, 0x60, 0xcf,
    0xa0, 0x0, 0xb, 0xfc, 0xf, 0xfd, 0xbb, 0xbb,
    0xdf, 0xe1, 0xff, 0xff, 0xff, 0xff, 0xff, 0xf,
    0xf7, 0x0, 0x0, 0x0, 0x0, 0xdf, 0xc0, 0x0,
    0x3, 0x30, 0x6, 0xff, 0x91, 0x4, 0xff, 0x90,
    0xa, 0xff, 0xff, 0xff, 0xd1, 0x0, 0x5, 0xce,
    0xfd, 0x81, 0x0,

    /* U+00E9 "é" */
    0x0, 0x0, 0x0, 0xdf, 0x70, 0x0, 0x0, 0x0,
    0x5f, 0xc0, 0x0, 0x0, 0x0, 0xc, 0xf2, 0x0,
    0x0, 0x0, 0x0, 0x0, 0x0, 0x0, 0x0, 0x5,
    0xcf, 0xfc, 0x60, 0x0, 0xa, 0xff, 0xff, 0xff,
    0xa0, 0x5, 0xff, 0x71, 0x7, 0xff, 0x60, 0xcf,
    0xa0, 0x0, 0xb, 0xfc, 0xf, 0xfd, 0xbb, 0xbb,
    0xdf, 0xe1, 0xff, 0xff, 0xff, 0xff, 0xff, 0xf,
    0xf7, 0x0, 0x0, 0x0, 0x0, 0xdf, 0xc0, 0x0,
    0x3, 0x30, 0x6, 0xff, 0x91, 0x4, 0xff, 0x90,
    0xa, 0xff, 0xff, 0xff, 0xd1, 0x0, 0x5, 0xce,
    0xfd, 0x81, 0x0,

    /* U+00EA "ê" */
    0x0, 0x0, 0x28, 0x71, 0x0, 0x0, 0x0, 0x1d,
    0xff, 0xc0, 0x0, 0x0, 0xd, 0xf5, 0x7f, 0xb0,
    0x0, 0x4, 0x86, 0x0, 0x68, 0x30, 0x0, 0x0,
    0x0, 0x0, 0x0, 0x0, 0x0, 0x5c, 0xff, 0xc6,
    0x0, 0x0, 0xaf, 0xff, 0xff, 0xfa, 0x0, 0x5f,
    0xf7, 0x10, 0x7f, 0xf6, 0xc, 0xfa, 0x0, 0x0,
    0xbf, 0xc0, 0xff, 0xdb, 0xbb, 0xbd, 0xfe, 0x1f,
    0xff, 0xff, 0xff, 0xff, 0xf0, 0xff, 0x70, 0x0,
    0x0, 0x0, 0xd, 0xfc, 0x0, 0x0, 0x33, 0x0,
    0x6f, 0xf9, 0x10, 0x4f, 0xf9, 0x0, 0xaf, 0xff,
    0xff, 0xfd, 0x10, 0x0, 0x5c, 0xef, 0xd8, 0x10,

    /* U+00EB "ë" */
    0x0, 0x6, 0x40, 0x5, 0x60, 0x0, 0x7, 0xff,
    0x13, 0xff, 0x50, 0x0, 0x4f, 0xd0, 0x1e, 0xf3,
    0x0, 0x0, 0x10, 0x0, 0x0, 0x0, 0x0, 0x5,
    0xcf, 0xfc, 0x60, 0x0, 0xa, 0xff, 0xff, 0xff,
    0xa0, 0x5, 0xff, 0x71, 0x7, 0xff, 0x60, 0xcf,
    0xa0, 0x0, 0xb, 0xfc, 0xf, 0xfd, 0xbb, 0xbb,
    0xdf, 0xe1, 0xff, 0xff, 0xff, 0xff, 0xff, 0xf,
    0xf7, 0x0, 0x0, 0x0, 0x0, 0xdf, 0xc0, 0x0,
    0x3, 0x30, 0x6, 0xff, 0x91, 0x4, 0xff, 0x90,
    0xa, 0xff, 0xff, 0xff, 0xd1, 0x0, 0x5, 0xce,
    0xfd, 0x81, 0x0,

    /* U+00EC "ì" */
    0xd, 0xf7, 0x0, 0x4f, 0xe0, 0x0, 0x9f, 0x50,
    0x0, 0x0, 0x0, 0xaf, 0xe0, 0xa, 0xfe, 0x0,
    0xaf, 0xe0, 0xa, 0xfe, 0x0, 0xaf, 0xe0, 0xa,
    0xfe, 0x0, 0xaf, 0xe0, 0xa, 0xfe, 0x0, 0xaf,
    0xe0, 0xa, 0xfe, 0x0, 0xaf, 0xe0,

    /* U+00ED "í" */
    0x3, 0xff, 0x20, 0xaf, 0x70, 0x2f, 0xc0, 0x0,
    0x0, 0x0, 0xaf, 0xe0, 0xa, 0xfe, 0x0, 0xaf,
    0xe0, 0xa, 0xfe, 0x0, 0xaf, 0xe0, 0xa, 0xfe,
    0x0, 0xaf, 0xe0, 0xa, 0xfe, 0x0, 0xaf, 0xe0,
    0xa, 0xfe, 0x0, 0xaf, 0xe0, 0x0,

    /* U+00EE "î" */
    0x0, 0x1d, 0xff, 0x30, 0x0, 0x2e, 0xf5, 0xdf,
    0x40, 0x6, 0x83, 0x1, 0x87, 0x0, 0x0, 0x0,
    0x0, 0x0, 0x0, 0xa, 0xfe, 0x0, 0x0, 0x0,
    0xaf, 0xe0, 0x0, 0x0, 0xa, 0xfe, 0x0, 0x0,
    0x0, 0xaf, 0xe0, 0x0, 0x0, 0xa, 0xfe, 0x0,
    0x0, 0x0, 0xaf, 0xe0, 0x0, 0x0, 0xa, 0xfe,
    0x0, 0x0, 0x0, 0xaf, 0xe0, 0x0, 0x0, 0xa,
    0xfe, 0x0, 0x0, 0x0, 0xaf, 0xe0, 0x0, 0x0,
    0xa, 0xfe, 0x0, 0x0,

    /* U+00EF "ï" */
    0x27, 0x10, 0x6, 0x30, 0xcf, 0xb0, 0x8f, 0xf0,
    0x9f, 0x90, 0x5f, 0xd0, 0x1, 0x0, 0x1, 0x0,
    0x0, 0xaf, 0xe0, 0x0, 0x0, 0xaf, 0xe0, 0x0,
    0x0, 0xaf, 0xe0, 0x0, 0x0, 0xaf, 0xe0, 0x0,
    0x0, 0xaf, 0xe0, 0x0, 0x0, 0xaf, 0xe0, 0x0,
    0x0, 0xaf, 0xe0, 0x0, 0x0, 0xaf, 0xe0, 0x0,
    0x0, 0xaf, 0xe0, 0x0, 0x0, 0xaf, 0xe0, 0x0,
    0x0, 0xaf, 0xe0, 0x0,

    /* U+00F0 "ð" */
    0x0, 0x0, 0x0, 0x0, 0x0, 0x0, 0x0, 0xfa,
    0x20, 0x18, 0x10, 0x0, 0x1a, 0xff, 0xbf, 0xd2,
    0x0, 0x0, 0x1b, 0xff, 0xe0, 0x0, 0x0, 0x2f,
    0xd5, 0xcf, 0xb0, 0x0, 0x0, 0x50, 0x0, 0xdf,
    0x70, 0x0, 0x19, 0xef, 0xc6, 0xff, 0x10, 0x1d,
    0xff, 0xcc, 0xfe, 0xf7, 0x9, 0xff, 0x30, 0x4,
    0xff, 0xc0, 0xef, 0x90, 0x0, 0xa, 0xfe, 0x1f,
    0xf6, 0x0, 0x0, 0x6f, 0xf1, 0xff, 0x60, 0x0,
    0x7, 0xfe, 0xe, 0xfa, 0x0, 0x0, 0xcf, 0xa0,
    0x7f, 0xf7, 0x11, 0x8f, 0xf4, 0x0, 0xbf, 0xff,
    0xff, 0xf8, 0x0, 0x0, 0x7c, 0xfe, 0xc5, 0x0,

    /* U+00F1 "ñ" */
    0x0, 0x17, 0x62, 0x28, 0x20, 0x0, 0xdf, 0xff,
    0xff, 0x10, 0x0, 0x84, 0x15, 0x72, 0x0, 0x0,
    0x0, 0x0, 0x0, 0x0, 0xaf, 0xc1, 0x9e, 0xfc,
    0x30, 0xaf, 0xcc, 0xff, 0xff, 0xf3, 0xaf, 0xfc,
    0x21, 0x7f, 0xfa, 0xaf, 0xf1, 0x0, 0xd, 0xfd,
    0xaf, 0xe0, 0x0, 0xa, 0xfe, 0xaf, 0xe0, 0x0,
    0xa, 0xfe, 0xaf, 0xe0, 0x0, 0xa, 0xfe, 0xaf,
    0xe0, 0x0, 0xa, 0xfe, 0xaf, 0xe0, 0x0, 0xa,
    0xfe, 0xaf, 0xe0, 0x0, 0xa, 0xfe, 0xaf, 0xe0,
    0x0, 0xa, 0xfe,

    /* U+00F2 "ò" */
    0x0, 0x7, 0xfe, 0x0, 0x0, 0x0, 0x0, 0x0,
    0xcf, 0x50, 0x0, 0x0, 0x0, 0x0, 0x2f, 0xc0,
    0x0, 0x0, 0x0, 0x0, 0x0, 0x0, 0x0, 0x0,
    0x0, 0x5, 0xce, 0xfc, 0x70, 0x0, 0x0, 0x9f,
    0xff, 0xff, 0xfc, 0x0, 0x5, 0xff, 0xa2, 0x28,
    0xff, 0x80, 0xc, 0xfd, 0x0, 0x0, 0xbf, 0xf0,
    0xf, 0xf8, 0x0, 0x0, 0x6f, 0xf3, 0x1f, 0xf7,
    0x0, 0x0, 0x4f, 0xf4, 0xf, 0xf8, 0x0, 0x0,
    0x6f, 0xf3, 0xc, 0xfd, 0x0, 0x0, 0xbf, 0xf0,
    0x6, 0xff, 0xa2, 0x18, 0xff, 0x80, 0x0, 0xaf,
    0xff, 0xff, 0xfc, 0x0, 0x0, 0x5, 0xce, 0xfc,
    0x70, 0x0,

    /* U+00F3 "ó" */
    0x0, 0x0, 0x0, 0xcf, 0x90, 0x0, 0x0, 0x0,
    0x3, 0xfe, 0x0, 0x0, 0x0, 0x0, 0xa, 0xf4,
    0x0, 0x0, 0x0, 0x0, 0x0, 0x0, 0x0, 0x0,
    0x0, 0x5, 0xce, 0xfc, 0x70, 0x0, 0x0, 0x9f,
    0xff, 0xff, 0xfc, 0x0, 0x5, 0xff, 0xa2, 0x28,
    0xff, 0x80, 0xc, 0xfd, 0x0, 0x0, 0xbf, 0xf0,
    0xf, 0xf8, 0x0, 0x0, 0x6f, 0xf3, 0x1f, 0xf7,
    0x0, 0x0, 0x4f, 0xf4, 0xf, 0xf8, 0x0, 0x0,
    0x6f, 0xf3, 0xc, 0xfd, 0x0, 0x0, 0xbf, 0xf0,
    0x6, 0xff, 0xa2, 0x18, 0xff, 0x80, 0x0, 0xaf,
    0xff, 0xff, 0xfc, 0x0, 0x0, 0x5, 0xce, 0xfc,
    0x70, 0x0,

    /* U+00F4 "ô" */
    0x0, 0x0, 0x17, 0x82, 0x0, 0x0, 0x0, 0x0,
    0xcf, 0xfe, 0x10, 0x0, 0x0, 0xb, 0xf7, 0x5f,
    0xd0, 0x0, 0x0, 0x38, 0x70, 0x5, 0x84, 0x0,
    0x0, 0x0, 0x0, 0x0, 0x0, 0x0, 0x0, 0x5,
    0xce, 0xfc, 0x70, 0x0, 0x0, 0x9f, 0xff, 0xff,
    0xfc, 0x0, 0x5, 0xff, 0xa2, 0x28, 0xff, 0x80,
    0xc, 0xfd, 0x0, 0x0, 0xbf, 0xf0, 0xf, 0xf8,
    0x0, 0x0, 0x6f, 0xf3, 0x1f, 0xf7, 0x0, 0x0,
    0x4f, 0xf4, 0xf, 0xf8, 0x0, 0x0, 0x6f, 0xf3,
    0xc, 0xfd, 0x0, 0x0, 0xbf, 0xf0, 0x6, 0xff,
    0xa2, 0x18, 0xff, 0x80, 0x0, 0xaf, 0xff, 0xff,
    0xfc, 0x0, 0x0, 0x5, 0xce, 0xfc, 0x70, 0x0,

    /* U+00F5 "õ" */
    0x0, 0x1, 0x76, 0x22, 0x82, 0x0, 0x0, 0xd,
    0xff, 0xff, 0xf1, 0x0, 0x0, 0x8, 0x41, 0x57,
    0x20, 0x0, 0x0, 0x0, 0x0, 0x0, 0x0, 0x0,
    0x0, 0x5, 0xce, 0xfc, 0x70, 0x0, 0x0, 0x9f,
    0xff, 0xff, 0xfc, 0x0, 0x5, 0xff, 0xa2, 0x28,
    0xff, 0x80, 0xc, 0xfd, 0x0, 0x0, 0xbf, 0xf0,
    0xf, 0xf8, 0x0, 0x0, 0x6f, 0xf3, 0x1f, 0xf7,
    0x0, 0x0, 0x4f, 0xf4, 0xf, 0xf8, 0x0, 0x0,
    0x6f, 0xf3, 0xc, 0xfd, 0x0, 0x0, 0xbf, 0xf0,
    0x6, 0xff, 0xa2, 0x18, 0xff, 0x80, 0x0, 0xaf,
    0xff, 0xff, 0xfc, 0x0, 0x0, 0x5, 0xce, 0xfc,
    0x70, 0x0,

    /* U+00F6 "ö" */
    0x0, 0x5, 0x50, 0x4, 0x60, 0x0, 0x0, 0x5f,
    0xf3, 0x1f, 0xf7, 0x0, 0x0, 0x2f, 0xe1, 0xd,
    0xf5, 0x0, 0x0, 0x0, 0x0, 0x0, 0x10, 0x0,
    0x0, 0x5, 0xce, 0xfc, 0x70, 0x0, 0x0, 0x9f,
    0xff, 0xff, 0xfc, 0x0, 0x5, 0xff, 0xa2, 0x28,
    0xff, 0x80, 0xc, 0xfd, 0x0, 0x0, 0xbf, 0xf0,
    0xf, 0xf8, 0x0, 0x0, 0x6f, 0xf3, 0x1f, 0xf7,
    0x0, 0x0, 0x4f, 0xf4, 0xf, 0xf8, 0x0, 0x0,
    0x6f, 0xf3, 0xc, 0xfd, 0x0, 0x0, 0xbf, 0xf0,
    0x6, 0xff, 0xa2, 0x18, 0xff, 0x80, 0x0, 0xaf,
    0xff, 0xff, 0xfc, 0x0, 0x0, 0x5, 0xce, 0xfc,
    0x70, 0x0,

    /* U+00F7 "÷" */
    0x0, 0x0, 0x5f, 0xb0, 0x0, 0x0, 0x0, 0xc,
    0xff, 0x30, 0x0, 0x0, 0x0, 0x6f, 0xc0, 0x0,
    0x0, 0x0, 0x0, 0x0, 0x0, 0x0, 0x1, 0x11,
    0x11, 0x11, 0x11, 0x1, 0xff, 0xff, 0xff, 0xff,
    0xf8, 0x1f, 0xff, 0xff, 0xff, 0xff, 0x80, 0x0,
    0x0, 0x0, 0x0, 0x0, 0x0, 0x0, 0x6f, 0xc0,
    0x0, 0x0, 0x0, 0xc, 0xff, 0x30, 0x0, 0x0,
    0x0, 0x5f, 0xb0, 0x0, 0x0,

    /* U+00F8 "ø" */
    0x0, 0x0, 0x0, 0x0, 0x0, 0x10, 0x0, 0x5,
    0xce, 0xfc, 0x76, 0xf2, 0x0, 0x9f, 0xff, 0xff,
    0xff, 0x90, 0x5, 0xff, 0xa2, 0x2b, 0xff, 0x80,
    0xc, 0xfd, 0x0, 0x1e, 0xff, 0xf0, 0xf, 0xf8,
    0x0, 0xdd, 0x7f, 0xf3, 0x1f, 0xf7, 0xb, 0xe2,
    0x4f, 0xf4, 0xf, 0xf8, 0xaf, 0x30, 0x6f, 0xf3,
    0xc, 0xff, 0xf5, 0x0, 0xbf, 0xf0, 0x6, 0xff,
    0xf2, 0x18, 0xff, 0x80, 0x4, 0xff, 0xff, 0xff,
    0xfc, 0x0, 0xe, 0xa5, 0xce, 0xfc, 0x70, 0x0,
    0x2, 0x0, 0x0, 0x0, 0x0, 0x0,

    /* U+00F9 "ù" */
    0x0, 0x6f, 0xe0, 0x0, 0x0, 0x0, 0xc, 0xf6,
    0x0, 0x0, 0x0, 0x2, 0xed, 0x0, 0x0, 0x0,
    0x0, 0x0, 0x0, 0x0, 0xaf, 0xe0, 0x0, 0xa,
    0xfe, 0xaf, 0xe0, 0x0, 0xa, 0xfe, 0xaf, 0xe0,
    0x0, 0xa, 0xfe, 0xaf, 0xe0, 0x0, 0xa, 0xfe,
    0xaf, 0xe0, 0x0, 0xa, 0xfe, 0xaf, 0xe0, 0x0,
    0xa, 0xfe, 0xaf, 0xe0, 0x0, 0xb, 0xfe, 0x9f,
    0xf1, 0x0, 0xe, 0xfe, 0x6f, 0xfc, 0x43, 0xbf,
    0xfe, 0xe, 0xff, 0xff, 0xe9, 0xfe, 0x2, 0xaf,
    0xfb, 0x28, 0xfe,

    /* U+00FA "ú" */
    0x0, 0x0, 0xb, 0xfa, 0x0, 0x0, 0x0, 0x2f,
    0xe1, 0x0, 0x0, 0x0, 0x9f, 0x40, 0x0, 0x0,
    0x0, 0x0, 0x0, 0x0, 0xaf, 0xe0, 0x0, 0xa,
    0xfe, 0xaf, 0xe0, 0x0, 0xa, 0xfe, 0xaf, 0xe0,
    0x0, 0xa, 0xfe, 0xaf, 0xe0, 0x0, 0xa, 0xfe,
    0xaf, 0xe0, 0x0, 0xa, 0xfe, 0xaf, 0xe0, 0x0,
    0xa, 0xfe, 0xaf, 0xe0, 0x0, 0xb, 0xfe, 0x9f,
    0xf1, 0x0, 0xe, 0xfe, 0x6f, 0xfc, 0x43, 0xbf,
    0xfe, 0xe, 0xff, 0xff, 0xe9, 0xfe, 0x2, 0xaf,
    0xfb, 0x28, 0xfe,

    /* U+00FB "û" */
    0x0, 0x1, 0x78, 0x30, 0x0, 0x0, 0xc, 0xff,
    0xe2, 0x0, 0x0, 0xbf, 0x84, 0xfd, 0x10, 0x3,
    0x87, 0x0, 0x58, 0x40, 0x0, 0x0, 0x0, 0x0,
    0x0, 0xaf, 0xe0, 0x0, 0xa, 0xfe, 0xaf, 0xe0,
    0x0, 0xa, 0xfe, 0xaf, 0xe0, 0x0, 0xa, 0xfe,
    0xaf, 0xe0, 0x0, 0xa, 0xfe, 0xaf, 0xe0, 0x0,
    0xa, 0xfe, 0xaf, 0xe0, 0x0, 0xa, 0xfe, 0xaf,
    0xe0, 0x0, 0xb, 0xfe, 0x9f, 0xf1, 0x0, 0xe,
    0xfe, 0x6f, 0xfc, 0x43, 0xbf, 0xfe, 0xe, 0xff,
    0xff, 0xe9, 0xfe, 0x2, 0xaf, 0xfb, 0x28, 0xfe,

    /* U+00FC "ü" */
    0x0, 0x55, 0x0, 0x36, 0x0, 0x4, 0xff, 0x40,
    0xff, 0x80, 0x2, 0xff, 0x20, 0xdf, 0x50, 0x0,
    0x0, 0x0, 0x1, 0x0, 0xaf, 0xe0, 0x0, 0xa,
    0xfe, 0xaf, 0xe0, 0x0, 0xa, 0xfe, 0xaf, 0xe0,
    0x0, 0xa, 0xfe, 0xaf, 0xe0, 0x0, 0xa, 0xfe,
    0xaf, 0xe0, 0x0, 0xa, 0xfe, 0xaf, 0xe0, 0x0,
    0xa, 0xfe, 0xaf, 0xe0, 0x0, 0xb, 0xfe, 0x9f,
    0xf1, 0x0, 0xe, 0xfe, 0x6f, 0xfc, 0x43, 0xbf,
    0xfe, 0xe, 0xff, 0xff, 0xe9, 0xfe, 0x2, 0xaf,
    0xfb, 0x28, 0xfe,

    /* U+00FD "ý" */
    0x0, 0x0, 0x0, 0xef, 0x60, 0x0, 0x0, 0x0,
    0x6, 0xfc, 0x0, 0x0, 0x0, 0x0, 0xc, 0xe2,
    0x0, 0x0, 0x0, 0x0, 0x0, 0x0, 0x0, 0x0,
    0x7f, 0xf4, 0x0, 0x0, 0x7f, 0xf3, 0x1f, 0xf9,
    0x0, 0x0, 0xdf, 0xd0, 0xa, 0xfe, 0x0, 0x2,
    0xff, 0x60, 0x4, 0xff, 0x40, 0x8, 0xff, 0x10,
    0x0, 0xef, 0x90, 0xd, 0xfa, 0x0, 0x0, 0x8f,
    0xe0, 0x3f, 0xf4, 0x0, 0x0, 0x2f, 0xf4, 0x8f,
    0xe0, 0x0, 0x0, 0xc, 0xf8, 0xdf, 0x80, 0x0,
    0x0, 0x6, 0xfd, 0xff, 0x20, 0x0, 0x0, 0x1,
    0xff, 0xfc, 0x0, 0x0, 0x0, 0x0, 0xaf, 0xf5,
    0x0, 0x0, 0x0, 0x0, 0xaf, 0xf0, 0x0, 0x0,
    0x0, 0x13, 0xff, 0x90, 0x0, 0x0, 0x6, 0xff,
    0xfe, 0x10, 0x0, 0x0, 0x8, 0xfe, 0xb2, 0x0,
    0x0, 0x0,

    /* U+00FE "þ" */
    0xaf, 0xe0, 0x0, 0x0, 0x0, 0xa, 0xfe, 0x0,
    0x0, 0x0, 0x0, 0xaf, 0xe0, 0x0, 0x0, 0x0,
    0xa, 0xfe, 0x9, 0xef, 0xb3, 0x0, 0xaf, 0xeb,
    0xff, 0xff, 0xf5, 0xa, 0xff, 0xe4, 0x26, 0xff,
    0xe0, 0xaf, 0xf4, 0x0, 0x7, 0xff, 0x5a, 0xff,
    0x0, 0x0, 0x1f, 0xf8, 0xaf, 0xd0, 0x0, 0x0,
    0xff, 0x9a, 0xff, 0x0, 0x0, 0x1f, 0xf8, 0xaf,
    0xf4, 0x0, 0x7, 0xff, 0x5a, 0xff, 0xe4, 0x26,
    0xff, 0xe0, 0xaf, 0xeb, 0xff, 0xff, 0xf5, 0xa,
    0xfe, 0x9, 0xff, 0xc4, 0x0, 0xaf, 0xe0, 0x0,
    0x0, 0x0, 0xa, 0xfe, 0x0, 0x0, 0x0, 0x0,
    0xaf, 0xe0, 0x0, 0x0, 0x0, 0xa, 0xfe, 0x0,
    0x0, 0x0, 0x0,

    /* U+00FF "ÿ" */
    0x0, 0x6, 0x30, 0x5, 0x50, 0x0, 0x0, 0x7f,
    0xf1, 0x3f, 0xf4, 0x0, 0x0, 0x5f, 0xd0, 0x2f,
    0xf2, 0x0, 0x0, 0x1, 0x0, 0x0, 0x0, 0x0,
    0x7f, 0xf4, 0x0, 0x0, 0x7f, 0xf3, 0x1f, 0xf9,
    0x0, 0x0, 0xdf, 0xd0, 0xa, 0xfe, 0x0, 0x2,
    0xff, 0x60, 0x4, 0xff, 0x40, 0x8, 0xff, 0x10,
    0x0, 0xef, 0x90, 0xd, 0xfa, 0x0, 0x0, 0x8f,
    0xe0, 0x3f, 0xf4, 0x0, 0x0, 0x2f, 0xf4, 0x8f,
    0xe0, 0x0, 0x0, 0xc, 0xf8, 0xdf, 0x80, 0x0,
    0x0, 0x6, 0xfd, 0xff, 0x20, 0x0, 0x0, 0x1,
    0xff, 0xfc, 0x0, 0x0, 0x0, 0x0, 0xaf, 0xf5,
    0x0, 0x0, 0x0, 0x0, 0xaf, 0xf0, 0x0, 0x0,
    0x0, 0x13, 0xff, 0x90, 0x0, 0x0, 0x6, 0xff,
    0xfe, 0x10, 0x0, 0x0, 0x8, 0xfe, 0xb2, 0x0,
    0x0, 0x0,

    /* U+0100 "Ā" */
    0x0, 0x0, 0x8f, 0xff, 0xff, 0x0, 0x0, 0x0,
    0x0, 0x5, 0xbb, 0xbb, 0xb0, 0x0, 0x0, 0x0,
    0x0, 0x0, 0x0, 0x0, 0x0, 0x0, 0x0, 0x0,
    0x0, 0x0, 0x0, 0x0, 0x0, 0x0, 0x0, 0x0,
    0x9, 0xff, 0xf1, 0x0, 0x0, 0x0, 0x0, 0x0,
    0xff, 0xff, 0x60, 0x0, 0x0, 0x0, 0x0, 0x5f,
    0xfa, 0xfc, 0x0, 0x0, 0x0, 0x0, 0xb, 0xfb,
    0x4f, 0xf2, 0x0, 0x0, 0x0, 0x1, 0xff, 0x60,
    0xff, 0x80, 0x0, 0x0, 0x0, 0x6f, 0xf1, 0xa,
    0xfe, 0x0, 0x0, 0x0, 0xc, 0xfc, 0x0, 0x4f,
    0xf4, 0x0, 0x0, 0x2, 0xff, 0x60, 0x0, 0xef,
    0xa0, 0x0, 0x0, 0x8f, 0xff, 0xff, 0xff, 0xff,
    0x10, 0x0, 0xe, 0xff, 0xff, 0xff, 0xff, 0xf6,
    0x0, 0x3, 0xff, 0x71, 0x11, 0x11, 0xef, 0xc0,
    0x0, 0x9f, 0xf1, 0x0, 0x0, 0x9, 0xff, 0x20,
    0xf, 0xfc, 0x0, 0x0, 0x0, 0x4f, 0xf8, 0x5,
    0xff, 0x70, 0x0, 0x0, 0x0, 0xef, 0xe0,

    /* U+0101 "ā" */
    0x0, 0x2f, 0xff, 0xff, 0x70, 0x0, 0x1, 0xbb,
    0xbb, 0xb4, 0x0, 0x0, 0x0, 0x0, 0x0, 0x0,
    0x0, 0x2, 0x9d, 0xfe, 0xb4, 0x0, 0x3, 0xef,
    0xff, 0xff, 0xf6, 0x0, 0xaf, 0xe3, 0x1, 0xcf,
    0xe0, 0x0, 0x11, 0x0, 0x7, 0xff, 0x10, 0x0,
    0x15, 0x79, 0xef, 0xf2, 0x3, 0xdf, 0xff, 0xfe,
    0xff, 0x20, 0xef, 0xd6, 0x20, 0x6f, 0xf2, 0x3f,
    0xf4, 0x0, 0x8, 0xff, 0x22, 0xff, 0x80, 0x4,
    0xff, 0xf2, 0xc, 0xff, 0xff, 0xfb, 0xff, 0x20,
    0x19, 0xef, 0xd6, 0x4f, 0xf2,

    /* U+0102 "Ă" */
    0x0, 0x0, 0xdc, 0x0, 0x4f, 0x60, 0x0, 0x0,
    0x0, 0x7, 0xfb, 0x8e, 0xe1, 0x0, 0x0, 0x0,
    0x0, 0x7, 0xef, 0xb2, 0x0, 0x0, 0x0, 0x0,
    0x0, 0x0, 0x0, 0x0, 0x0, 0x0, 0x0, 0x0,
    0x0, 0x0, 0x0, 0x0, 0x0, 0x0, 0x0, 0x0,
    0x9f, 0xff, 0x10, 0x0, 0x0, 0x0, 0x0, 0xf,
    0xff, 0xf6, 0x0, 0x0, 0x0, 0x0, 0x5, 0xff,
    0xaf, 0xc0, 0x0, 0x0, 0x0, 0x0, 0xbf, 0xb4,
    0xff, 0x20, 0x0, 0x0, 0x0, 0x1f, 0xf6, 0xf,
    0xf8, 0x0, 0x0, 0x0, 0x6, 0xff, 0x10, 0xaf,
    0xe0, 0x0, 0x0, 0x0, 0xcf, 0xc0, 0x4, 0xff,
    0x40, 0x0, 0x0, 0x2f, 0xf6, 0x0, 0xe, 0xfa,
    0x0, 0x0, 0x8, 0xff, 0xff, 0xff, 0xff, 0xf1,
    0x0, 0x0, 0xef, 0xff, 0xff, 0xff, 0xff, 0x60,
    0x0, 0x3f, 0xf7, 0x11, 0x11, 0x1e, 0xfc, 0x0,
    0x9, 0xff, 0x10, 0x0, 0x0, 0x9f, 0xf2, 0x0,
    0xff, 0xc0, 0x0, 0x0, 0x4, 0xff, 0x80, 0x5f,
    0xf7, 0x0, 0x0, 0x0, 0xe, 0xfe, 0x0,

    /* U+0103 "ă" */
    0x0, 0x36, 0x0, 0x5, 0x50, 0x0, 0x5, 0xf9,
    0x25, 0xfa, 0x0, 0x0, 0x9, 0xff, 0xfc, 0x10,
    0x0, 0x0, 0x2, 0x43, 0x0, 0x0, 0x0, 0x0,
    0x0, 0x0, 0x0, 0x0, 0x2, 0x9d, 0xfe, 0xb4,
    0x0, 0x3, 0xef, 0xff, 0xff, 0xf6, 0x0, 0xaf,
    0xe3, 0x1, 0xcf, 0xe0, 0x0, 0x11, 0x0, 0x7,
    0xff, 0x10, 0x0, 0x15, 0x79, 0xef, 0xf2, 0x3,
    0xdf, 0xff, 0xfe, 0xff, 0x20, 0xef, 0xd6, 0x20,
    0x6f, 0xf2, 0x3f, 0xf4, 0x0, 0x8, 0xff, 0x22,
    0xff, 0x80, 0x4, 0xff, 0xf2, 0xc, 0xff, 0xff,
    0xfb, 0xff, 0x20, 0x19, 0xef, 0xd6, 0x4f, 0xf2,

    /* U+0104 "Ą" */
    0x0, 0x0, 0x9, 0xff, 0xf1, 0x0, 0x0, 0x0,
    0x0, 0x0, 0xff, 0xff, 0x60, 0x0, 0x0, 0x0,
    0x0, 0x5f, 0xfa, 0xfc, 0x0, 0x0, 0x0, 0x0,
    0xb, 0xfb, 0x4f, 0xf2, 0x0, 0x0, 0x0, 0x1,
    0xff, 0x60, 0xff, 0x80, 0x0, 0x0, 0x0, 0x6f,
    0xf1, 0xa, 0xfe, 0x0, 0x0, 0x0, 0xc, 0xfc,
    0x0, 0x4f, 0xf4, 0x0, 0x0, 0x2, 0xff, 0x60,
    0x0, 0xef, 0xa0, 0x0, 0x0, 0x8f, 0xff, 0xff,
    0xff, 0xff, 0x10, 0x0, 0xe, 0xff, 0xff, 0xff,
    0xff, 0xf6, 0x0, 0x3, 0xff, 0x71, 0x11, 0x11,
    0xef, 0xc0, 0x0, 0x9f, 0xf1, 0x0, 0x0, 0x9,
    0xff, 0x20, 0xf, 0xfc, 0x0, 0x0, 0x0, 0x4f,
    0xf8, 0x5, 0xff, 0x70, 0x0, 0x0, 0x0, 0xff,
    0xf0, 0x0, 0x0, 0x0, 0x0, 0x0, 0x3e, 0xe4,
    0x0, 0x0, 0x0, 0x0, 0x0, 0xd, 0xf8, 0x0,
    0x0, 0x0, 0x0, 0x0, 0x0, 0xdf, 0xeb, 0x20,
    0x0, 0x0, 0x0, 0x0, 0x3, 0xcf, 0xe5,

    /* U+0105 "ą" */
    0x0, 0x29, 0xdf, 0xeb, 0x40, 0x0, 0x3e, 0xff,
    0xff, 0xff, 0x60, 0xa, 0xfe, 0x30, 0x1c, 0xfe,
    0x0, 0x1, 0x10, 0x0, 0x7f, 0xf1, 0x0, 0x1,
    0x57, 0x9e, 0xff, 0x20, 0x3d, 0xff, 0xff, 0xef,
    0xf2, 0xe, 0xfd, 0x62, 0x6, 0xff, 0x23, 0xff,
    0x40, 0x0, 0x8f, 0xf2, 0x2f, 0xf8, 0x0, 0x4f,
    0xff, 0x20, 0xcf, 0xff, 0xff, 0xbf, 0xf2, 0x1,
    0x9e, 0xfd, 0x67, 0xff, 0x20, 0x0, 0x0, 0x2,
    0xfe, 0x20, 0x0, 0x0, 0x0, 0xaf, 0x90, 0x0,
    0x0, 0x0, 0xa, 0xff, 0xb4, 0x0, 0x0, 0x0,
    0x2b, 0xfe, 0x60,

    /* U+0106 "Ć" */
    0x0, 0x0, 0x0, 0x2f, 0xf3, 0x0, 0x0, 0x0,
    0x0, 0xa, 0xf8, 0x0, 0x0, 0x0, 0x0, 0x1,
    0xfd, 0x0, 0x0, 0x0, 0x0, 0x0, 0x0, 0x0,
    0x0, 0x0, 0x0, 0x0, 0x0, 0x0, 0x0, 0x0,
    0x0, 0x0, 0x3a, 0xdf, 0xec, 0x60, 0x0, 0x0,
    0x9f, 0xff, 0xff, 0xff, 0xd1, 0x0, 0x9f, 0xfe,
    0x75, 0x6b, 0xff, 0xd0, 0x3f, 0xfc, 0x10, 0x0,
    0x8, 0xff, 0x69, 0xff, 0x20, 0x0, 0x0, 0xb,
    0xc8, 0xdf, 0xc0, 0x0, 0x0, 0x0, 0x0, 0xf,
    0xfa, 0x0, 0x0, 0x0, 0x0, 0x0, 0xff, 0xa0,
    0x0, 0x0, 0x0, 0x0, 0xd, 0xfc, 0x0, 0x0,
    0x0, 0x0, 0x0, 0x9f, 0xf2, 0x0, 0x0, 0x0,
    0xbc, 0x83, 0xff, 0xc0, 0x0, 0x0, 0x8f, 0xf6,
    0x9, 0xff, 0xe7, 0x56, 0xbf, 0xfd, 0x0, 0x9,
    0xff, 0xff, 0xff, 0xfd, 0x10, 0x0, 0x4, 0xad,
    0xfe, 0xc6, 0x0, 0x0,

    /* U+0107 "ć" */
    0x0, 0x0, 0x0, 0xcf, 0x90, 0x0, 0x0, 0x0,
    0x3f, 0xe0, 0x0, 0x0, 0x0, 0xa, 0xf4, 0x0,
    0x0, 0x0, 0x0, 0x0, 0x0, 0x0, 0x0, 0x5,
    0xce, 0xfc, 0x60, 0x0, 0x9, 0xff, 0xff, 0xff,
    0xb0, 0x5, 0xff, 0xb3, 0x18, 0xff, 0x60, 0xcf,
    0xe0, 0x0, 0x9, 0xa5, 0xf, 0xf9, 0x0, 0x0,
    0x0, 0x1, 0xff, 0x70, 0x0, 0x0, 0x0, 0xf,
    0xf8, 0x0, 0x0, 0x0, 0x0, 0xcf, 0xd0, 0x0,
    0xa, 0xb6, 0x6, 0xff, 0xa2, 0x18, 0xff, 0x70,
    0xa, 0xff, 0xff, 0xff, 0xb0, 0x0, 0x5, 0xce,
    0xfc, 0x60, 0x0,

    /* U+0108 "Ĉ" */
    0x0, 0x0, 0xc, 0xff, 0x20, 0x0, 0x0, 0x0,
    0xb, 0xf9, 0xfe, 0x10, 0x0, 0x0, 0x9, 0xfa,
    0x5, 0xfd, 0x10, 0x0, 0x0, 0x0, 0x0, 0x0,
    0x0, 0x0, 0x0, 0x0, 0x0, 0x0, 0x0, 0x0,
    0x0, 0x0, 0x3a, 0xdf, 0xec, 0x60, 0x0, 0x0,
    0x9f, 0xff, 0xff, 0xff, 0xd1, 0x0, 0x9f, 0xfe,
    0x75, 0x6b, 0xff, 0xd0, 0x3f, 0xfc, 0x10, 0x0,
    0x8, 0xff, 0x69, 0xff, 0x20, 0x0, 0x0, 0xb,
    0xc8, 0xdf, 0xc0, 0x0, 0x0, 0x0, 0x0, 0xf,
    0xfa, 0x0, 0x0, 0x0, 0x0, 0x0, 0xff, 0xa0,
    0x0, 0x0, 0x0, 0x0, 0xd, 0xfc, 0x0, 0x0,
    0x0, 0x0, 0x0, 0x9f, 0xf2, 0x0, 0x0, 0x0,
    0xbc, 0x83, 0xff, 0xc0, 0x0, 0x0, 0x8f, 0xf6,
    0x9, 0xff, 0xe7, 0x56, 0xbf, 0xfd, 0x0, 0x9,
    0xff, 0xff, 0xff, 0xfd, 0x10, 0x0, 0x4, 0xad,
    0xfe, 0xc6, 0x0, 0x0,

    /* U+0109 "ĉ" */
    0x0, 0x0, 0x17, 0x82, 0x0, 0x0, 0x0, 0xc,
    0xff, 0xe1, 0x0, 0x0, 0xb, 0xf7, 0x5f, 0xd0,
    0x0, 0x3, 0x87, 0x0, 0x58, 0x40, 0x0, 0x0,
    0x0, 0x0, 0x0, 0x0, 0x0, 0x5c, 0xef, 0xc6,
    0x0, 0x0, 0x9f, 0xff, 0xff, 0xfb, 0x0, 0x5f,
    0xfb, 0x31, 0x8f, 0xf6, 0xc, 0xfe, 0x0, 0x0,
    0x9a, 0x50, 0xff, 0x90, 0x0, 0x0, 0x0, 0x1f,
    0xf7, 0x0, 0x0, 0x0, 0x0, 0xff, 0x80, 0x0,
    0x0, 0x0, 0xc, 0xfd, 0x0, 0x0, 0xab, 0x60,
    0x6f, 0xfa, 0x21, 0x8f, 0xf7, 0x0, 0xaf, 0xff,
    0xff, 0xfb, 0x0, 0x0, 0x5c, 0xef, 0xc6, 0x0,

    /* U+010A "Ċ" */
    0x0, 0x0, 0x6, 0xfa, 0x0, 0x0, 0x0, 0x0,
    0x0, 0xcf, 0xf1, 0x0, 0x0, 0x0, 0x0, 0x3,
    0xb7, 0x0, 0x0, 0x0, 0x0, 0x0, 0x0, 0x0,
    0x0, 0x0, 0x0, 0x0, 0x0, 0x0, 0x0, 0x0,
    0x0, 0x0, 0x3a, 0xdf, 0xec, 0x60, 0x0, 0x0,
    0x9f, 0xff, 0xff, 0xff, 0xd1, 0x0, 0x9f, 0xfe,
    0x75, 0x6b, 0xff, 0xd0, 0x3f, 0xfc, 0x10, 0x0,
    0x8, 0xff, 0x69, 0xff, 0x20, 0x0, 0x0, 0xb,
    0xc8, 0xdf, 0xc0, 0x0, 0x0, 0x0, 0x0, 0xf,
    0xfa, 0x0, 0x0, 0x0, 0x0, 0x0, 0xff, 0xa0,
    0x0, 0x0, 0x0, 0x0, 0xd, 0xfc, 0x0, 0x0,
    0x0, 0x0, 0x0, 0x9f, 0xf2, 0x0, 0x0, 0x0,
    0xbc, 0x83, 0xff, 0xc0, 0x0, 0x0, 0x8f, 0xf6,
    0x9, 0xff, 0xe7, 0x56, 0xbf, 0xfd, 0x0, 0x9,
    0xff, 0xff, 0xff, 0xfd, 0x10, 0x0, 0x4, 0xad,
    0xfe, 0xc6, 0x0, 0x0,

    /* U+010B "ċ" */
    0x0, 0x0, 0x5, 0x60, 0x0, 0x0, 0x0, 0x4,
    0xff, 0x70, 0x0, 0x0, 0x0, 0x3f, 0xf5, 0x0,
    0x0, 0x0, 0x0, 0x12, 0x0, 0x0, 0x0, 0x5,
    0xce, 0xfc, 0x60, 0x0, 0x9, 0xff, 0xff, 0xff,
    0xb0, 0x5, 0xff, 0xb3, 0x18, 0xff, 0x60, 0xcf,
    0xe0, 0x0, 0x9, 0xa5, 0xf, 0xf9, 0x0, 0x0,
    0x0, 0x1, 0xff, 0x70, 0x0, 0x0, 0x0, 0xf,
    0xf8, 0x0, 0x0, 0x0, 0x0, 0xcf, 0xd0, 0x0,
    0xa, 0xb6, 0x6, 0xff, 0xa2, 0x18, 0xff, 0x70,
    0xa, 0xff, 0xff, 0xff, 0xb0, 0x0, 0x5, 0xce,
    0xfc, 0x60, 0x0,

    /* U+010C "Č" */
    0x0, 0x9, 0xf9, 0x4, 0xfe, 0x10, 0x0, 0x0,
    0xc, 0xf6, 0xef, 0x30, 0x0, 0x0, 0x0, 0x2e,
    0xff, 0x60, 0x0, 0x0, 0x0, 0x0, 0x36, 0x50,
    0x0, 0x0, 0x0, 0x0, 0x0, 0x0, 0x0, 0x0,
    0x0, 0x0, 0x3a, 0xdf, 0xec, 0x71, 0x0, 0x0,
    0x9f, 0xff, 0xff, 0xff, 0xf4, 0x0, 0x9f, 0xfe,
    0x75, 0x6a, 0xff, 0xf2, 0x3f, 0xfc, 0x10, 0x0,
    0x4, 0xff, 0x99, 0xff, 0x20, 0x0, 0x0, 0x2,
    0x22, 0xdf, 0xc0, 0x0, 0x0, 0x0, 0x0, 0xf,
    0xfa, 0x0, 0x0, 0x0, 0x0, 0x0, 0xff, 0xa0,
    0x0, 0x0, 0x0, 0x0, 0xd, 0xfc, 0x0, 0x0,
    0x0, 0x0, 0x0, 0x9f, 0xf2, 0x0, 0x0, 0x0,
    0xff, 0xa3, 0xff, 0xc0, 0x0, 0x0, 0x9f, 0xf5,
    0x9, 0xff, 0xe7, 0x56, 0xcf, 0xfc, 0x0, 0x9,
    0xff, 0xff, 0xff, 0xfc, 0x10, 0x0, 0x4, 0xad,
    0xfe, 0xb6, 0x0, 0x0,

    /* U+010D "č" */
    0x0, 0x28, 0x70, 0x5, 0x84, 0x0, 0x0, 0xbf,
    0x75, 0xfd, 0x10, 0x0, 0x0, 0xcf, 0xfe, 0x10,
    0x0, 0x0, 0x1, 0x78, 0x20, 0x0, 0x0, 0x0,
    0x0, 0x0, 0x0, 0x0, 0x0, 0x5c, 0xef, 0xc6,
    0x0, 0x0, 0x9f, 0xff, 0xff, 0xfb, 0x0, 0x5f,
    0xfb, 0x31, 0x8f, 0xf6, 0xc, 0xfe, 0x0, 0x0,
    0x9a, 0x50, 0xff, 0x90, 0x0, 0x0, 0x0, 0x1f,
    0xf7, 0x0, 0x0, 0x0, 0x0, 0xff, 0x80, 0x0,
    0x0, 0x0, 0xc, 0xfd, 0x0, 0x0, 0xab, 0x60,
    0x6f, 0xfa, 0x21, 0x8f, 0xf7, 0x0, 0xaf, 0xff,
    0xff, 0xfb, 0x0, 0x0, 0x5c, 0xef, 0xc6, 0x0,

    /* U+010E "Ď" */
    0x4, 0xfe, 0x12, 0xef, 0x40, 0x0, 0x0, 0x6,
    0xfb, 0xcf, 0x50, 0x0, 0x0, 0x0, 0x8, 0xff,
    0x60, 0x0, 0x0, 0x0, 0x0, 0x0, 0x0, 0x0,
    0x0, 0x0, 0x0, 0x0, 0x0, 0x0, 0x0, 0x0,
    0x8, 0xff, 0xff, 0xfe, 0xc6, 0x0, 0x0, 0x8f,
    0xff, 0xff, 0xff, 0xfd, 0x30, 0x8, 0xff, 0x44,
    0x45, 0xaf, 0xfe, 0x10, 0x8f, 0xf1, 0x0, 0x0,
    0x4f, 0xfa, 0x8, 0xff, 0x10, 0x0, 0x0, 0x9f,
    0xf1, 0x8f, 0xf1, 0x0, 0x0, 0x4, 0xff, 0x48,
    0xff, 0x10, 0x0, 0x0, 0x2f, 0xf5, 0x8f, 0xf1,
    0x0, 0x0, 0x2, 0xff, 0x58, 0xff, 0x10, 0x0,
    0x0, 0x4f, 0xf4, 0x8f, 0xf1, 0x0, 0x0, 0x9,
    0xff, 0x18, 0xff, 0x10, 0x0, 0x4, 0xff, 0xa0,
    0x8f, 0xf4, 0x44, 0x5a, 0xff, 0xe1, 0x8, 0xff,
    0xff, 0xff, 0xff, 0xe3, 0x0, 0x8f, 0xff, 0xff,
    0xeb, 0x60, 0x0, 0x0,

    /* U+010F "ď" */
    0x0, 0x0, 0x0, 0x0, 0x0, 0x0, 0x6b, 0x40,
    0x0, 0x0, 0x0, 0x0, 0x0, 0x9, 0xf5, 0x0,
    0x0, 0x0, 0x0, 0x6f, 0xf2, 0x9f, 0x20, 0x0,
    0x0, 0x0, 0x6, 0xff, 0x29, 0xf0, 0x0, 0x0,
    0x0, 0x0, 0x6f, 0xf2, 0x0, 0x0, 0x0, 0x8e,
    0xfd, 0x46, 0xff, 0x20, 0x0, 0x0, 0xcf, 0xff,
    0xff, 0x9f, 0xf2, 0x0, 0x0, 0x7f, 0xfb, 0x32,
    0x9f, 0xff, 0x20, 0x0, 0xd, 0xfe, 0x0, 0x0,
    0xcf, 0xf2, 0x0, 0x0, 0xff, 0x90, 0x0, 0x7,
    0xff, 0x20, 0x0, 0x1f, 0xf7, 0x0, 0x0, 0x6f,
    0xf2, 0x0, 0x0, 0xff, 0x90, 0x0, 0x7, 0xff,
    0x20, 0x0, 0xd, 0xfe, 0x0, 0x0, 0xcf, 0xf2,
    0x0, 0x0, 0x8f, 0xfb, 0x32, 0x9f, 0xff, 0x20,
    0x0, 0x0, 0xcf, 0xff, 0xff, 0x9f, 0xf2, 0x0,
    0x0, 0x0, 0x8e, 0xfd, 0x45, 0xff, 0x20, 0x0,

    /* U+0110 "Đ" */
    0x0, 0xff, 0xff, 0xff, 0xda, 0x40, 0x0, 0x0,
    0xf, 0xff, 0xff, 0xff, 0xff, 0xa0, 0x0, 0x0,
    0xff, 0xb4, 0x44, 0x7d, 0xff, 0xa0, 0x0, 0xf,
    0xfa, 0x0, 0x0, 0xa, 0xff, 0x40, 0x0, 0xff,
    0xa0, 0x0, 0x0, 0x1f, 0xfa, 0x0, 0xf, 0xfa,
    0x0, 0x0, 0x0, 0xbf, 0xd0, 0xcf, 0xff, 0xff,
    0xff, 0x0, 0x9, 0xff, 0xa, 0xdf, 0xff, 0xdd,
    0xd0, 0x0, 0x9f, 0xf0, 0x0, 0xff, 0xa0, 0x0,
    0x0, 0xb, 0xfd, 0x0, 0xf, 0xfa, 0x0, 0x0,
    0x1, 0xff, 0xa0, 0x0, 0xff, 0xa0, 0x0, 0x0,
    0xaf, 0xf4, 0x0, 0xf, 0xfb, 0x44, 0x47, 0xdf,
    0xf9, 0x0, 0x0, 0xff, 0xff, 0xff, 0xff, 0xfa,
    0x0, 0x0, 0xf, 0xff, 0xff, 0xfd, 0xa4, 0x0,
    0x0,

    /* U+0111 "đ" */
    0x0, 0x0, 0x3, 0x99, 0xff, 0xfc, 0x40, 0x0,
    0x0, 0x5f, 0xff, 0xff, 0xf7, 0x0, 0x0, 0x0,
    0x0, 0x6f, 0xf2, 0x0, 0x0, 0x8e, 0xfd, 0x46,
    0xff, 0x20, 0x0, 0xcf, 0xff, 0xff, 0x9f, 0xf2,
    0x0, 0x7f, 0xfb, 0x32, 0x9f, 0xff, 0x20, 0xd,
    0xfe, 0x0, 0x0, 0xcf, 0xf2, 0x0, 0xff, 0x90,
    0x0, 0x7, 0xff, 0x20, 0x1f, 0xf7, 0x0, 0x0,
    0x6f, 0xf2, 0x0, 0xff, 0x90, 0x0, 0x7, 0xff,
    0x20, 0xd, 0xfe, 0x0, 0x0, 0xcf, 0xf2, 0x0,
    0x8f, 0xfb, 0x32, 0x9f, 0xff, 0x20, 0x0, 0xcf,
    0xff, 0xff, 0x9f, 0xf2, 0x0, 0x0, 0x8e, 0xfd,
    0x45, 0xff, 0x20,

    /* U+0112 "Ē" */
    0x0, 0x9f, 0xff, 0xff, 0x0, 0x0, 0x6b, 0xbb,
    0xbb, 0x0, 0x0, 0x0, 0x0, 0x0, 0x0, 0x0,
    0x0, 0x0, 0x0, 0x0, 0x8f, 0xff, 0xff, 0xff,
    0xfe, 0x8f, 0xff, 0xff, 0xff, 0xfe, 0x8f, 0xf4,
    0x33, 0x33, 0x32, 0x8f, 0xf1, 0x0, 0x0, 0x0,
    0x8f, 0xf1, 0x0, 0x0, 0x0, 0x8f, 0xf3, 0x22,
    0x22, 0x21, 0x8f, 0xff, 0xff, 0xff, 0xf6, 0x8f,
    0xff, 0xff, 0xff, 0xf6, 0x8f, 0xf1, 0x0, 0x0,
    0x0, 0x8f, 0xf1, 0x0, 0x0, 0x0, 0x8f, 0xf1,
    0x0, 0x0, 0x0, 0x8f, 0xf4, 0x33, 0x33, 0x32,
    0x8f, 0xff, 0xff, 0xff, 0xff, 0x8f, 0xff, 0xff,
    0xff, 0xff,

    /* U+0113 "ē" */
    0x0, 0xd, 0xff, 0xff, 0xb0, 0x0, 0x0, 0x9b,
    0xbb, 0xb8, 0x0, 0x0, 0x0, 0x0, 0x0, 0x0,
    0x0, 0x0, 0x5c, 0xff, 0xc6, 0x0, 0x0, 0xaf,
    0xff, 0xff, 0xfa, 0x0, 0x5f, 0xf7, 0x10, 0x7f,
    0xf6, 0xc, 0xfa, 0x0, 0x0, 0xbf, 0xc0, 0xff,
    0xdb, 0xbb, 0xbd, 0xfe, 0x1f, 0xff, 0xff, 0xff,
    0xff, 0xf0, 0xff, 0x70, 0x0, 0x0, 0x0, 0xd,
    0xfc, 0x0, 0x0, 0x33, 0x0, 0x6f, 0xf9, 0x10,
    0x4f, 0xf9, 0x0, 0xaf, 0xff, 0xff, 0xfd, 0x10,
    0x0, 0x5c, 0xef, 0xd8, 0x10,

    /* U+0114 "Ĕ" */
    0x0, 0xeb, 0x0, 0x4f, 0x50, 0x0, 0x8f, 0xb8,
    0xee, 0x0, 0x0, 0x7, 0xef, 0xb2, 0x0, 0x0,
    0x0, 0x0, 0x0, 0x0, 0x0, 0x0, 0x0, 0x0,
    0x0, 0x8f, 0xff, 0xff, 0xff, 0xfe, 0x8f, 0xff,
    0xff, 0xff, 0xfe, 0x8f, 0xf4, 0x33, 0x33, 0x32,
    0x8f, 0xf1, 0x0, 0x0, 0x0, 0x8f, 0xf1, 0x0,
    0x0, 0x0, 0x8f, 0xf3, 0x22, 0x22, 0x21, 0x8f,
    0xff, 0xff, 0xff, 0xf6, 0x8f, 0xff, 0xff, 0xff,
    0xf6, 0x8f, 0xf1, 0x0, 0x0, 0x0, 0x8f, 0xf1,
    0x0, 0x0, 0x0, 0x8f, 0xf1, 0x0, 0x0, 0x0,
    0x8f, 0xf4, 0x33, 0x33, 0x32, 0x8f, 0xff, 0xff,
    0xff, 0xff, 0x8f, 0xff, 0xff, 0xff, 0xff,

    /* U+0115 "ĕ" */
    0x0, 0x18, 0x30, 0x3, 0x80, 0x0, 0x0, 0xfc,
    0x34, 0xde, 0x0, 0x0, 0x4, 0xff, 0xfe, 0x30,
    0x0, 0x0, 0x0, 0x44, 0x0, 0x0, 0x0, 0x0,
    0x0, 0x0, 0x0, 0x0, 0x0, 0x5c, 0xff, 0xc6,
    0x0, 0x0, 0xaf, 0xff, 0xff, 0xfa, 0x0, 0x5f,
    0xf7, 0x10, 0x7f, 0xf6, 0xc, 0xfa, 0x0, 0x0,
    0xbf, 0xc0, 0xff, 0xdb, 0xbb, 0xbd, 0xfe, 0x1f,
    0xff, 0xff, 0xff, 0xff, 0xf0, 0xff, 0x70, 0x0,
    0x0, 0x0, 0xd, 0xfc, 0x0, 0x0, 0x33, 0x0,
    0x6f, 0xf9, 0x10, 0x4f, 0xf9, 0x0, 0xaf, 0xff,
    0xff, 0xfd, 0x10, 0x0, 0x5c, 0xef, 0xd8, 0x10,

    /* U+0116 "Ė" */
    0x0, 0x0, 0x8b, 0x20, 0x0, 0x0, 0x3, 0xff,
    0xa0, 0x0, 0x0, 0x0, 0xce, 0x40, 0x0, 0x0,
    0x0, 0x0, 0x0, 0x0, 0x0, 0x0, 0x0, 0x0,
    0x0, 0x8f, 0xff, 0xff, 0xff, 0xfe, 0x8f, 0xff,
    0xff, 0xff, 0xfe, 0x8f, 0xf4, 0x33, 0x33, 0x32,
    0x8f, 0xf1, 0x0, 0x0, 0x0, 0x8f, 0xf1, 0x0,
    0x0, 0x0, 0x8f, 0xf3, 0x22, 0x22, 0x21, 0x8f,
    0xff, 0xff, 0xff, 0xf6, 0x8f, 0xff, 0xff, 0xff,
    0xf6, 0x8f, 0xf1, 0x0, 0x0, 0x0, 0x8f, 0xf1,
    0x0, 0x0, 0x0, 0x8f, 0xf1, 0x0, 0x0, 0x0,
    0x8f, 0xf4, 0x33, 0x33, 0x32, 0x8f, 0xff, 0xff,
    0xff, 0xff, 0x8f, 0xff, 0xff, 0xff, 0xff,

    /* U+0117 "ė" */
    0x0, 0x0, 0x6, 0x50, 0x0, 0x0, 0x0, 0x6,
    0xff, 0x50, 0x0, 0x0, 0x0, 0x4f, 0xf3, 0x0,
    0x0, 0x0, 0x0, 0x22, 0x0, 0x0, 0x0, 0x5,
    0xcf, 0xfc, 0x60, 0x0, 0xa, 0xff, 0xff, 0xff,
    0xa0, 0x5, 0xff, 0x71, 0x7, 0xff, 0x60, 0xcf,
    0xa0, 0x0, 0xb, 0xfc, 0xf, 0xfd, 0xbb, 0xbb,
    0xdf, 0xe1, 0xff, 0xff, 0xff, 0xff, 0xff, 0xf,
    0xf7, 0x0, 0x0, 0x0, 0x0, 0xdf, 0xc0, 0x0,
    0x3, 0x30, 0x6, 0xff, 0x91, 0x4, 0xff, 0x90,
    0xa, 0xff, 0xff, 0xff, 0xd1, 0x0, 0x5, 0xce,
    0xfd, 0x81, 0x0,

    /* U+0118 "Ę" */
    0x8f, 0xff, 0xff, 0xff, 0xfe, 0x8, 0xff, 0xff,
    0xff, 0xff, 0xe0, 0x8f, 0xf4, 0x33, 0x33, 0x32,
    0x8, 0xff, 0x10, 0x0, 0x0, 0x0, 0x8f, 0xf1,
    0x0, 0x0, 0x0, 0x8, 0xff, 0x32, 0x22, 0x22,
    0x10, 0x8f, 0xff, 0xff, 0xff, 0xf6, 0x8, 0xff,
    0xff, 0xff, 0xff, 0x60, 0x8f, 0xf1, 0x0, 0x0,
    0x0, 0x8, 0xff, 0x10, 0x0, 0x0, 0x0, 0x8f,
    0xf1, 0x0, 0x0, 0x0, 0x8, 0xff, 0x43, 0x33,
    0x33, 0x20, 0x8f, 0xff, 0xff, 0xff, 0xff, 0x8,
    0xff, 0xff, 0xff, 0xff, 0xf0, 0x0, 0x0, 0x0,
    0x4f, 0xe4, 0x0, 0x0, 0x0, 0xc, 0xf6, 0x0,
    0x0, 0x0, 0x0, 0xdf, 0xec, 0x10, 0x0, 0x0,
    0x3, 0xdf, 0xd4,

    /* U+0119 "ę" */
    0x0, 0x5, 0xcf, 0xfc, 0x60, 0x0, 0xa, 0xff,
    0xff, 0xff, 0xa0, 0x5, 0xff, 0x71, 0x7, 0xff,
    0x60, 0xcf, 0xa0, 0x0, 0xb, 0xfc, 0xf, 0xfd,
    0xbb, 0xbb, 0xdf, 0xe1, 0xff, 0xff, 0xff, 0xff,
    0xff, 0xf, 0xf7, 0x0, 0x0, 0x0, 0x0, 0xdf,
    0xc0, 0x0, 0x3, 0x30, 0x6, 0xff, 0x91, 0x4,
    0xff, 0xf0, 0xa, 0xff, 0xff, 0xff, 0xf5, 0x0,
    0x5, 0xce, 0xff, 0xfb, 0x0, 0x0, 0x0, 0x2,
    0xff, 0x10, 0x0, 0x0, 0x0, 0x9f, 0xb0, 0x0,
    0x0, 0x0, 0x8, 0xff, 0xb5, 0x0, 0x0, 0x0,
    0x1b, 0xfe, 0x70,

    /* U+011A "Ě" */
    0x1, 0xef, 0x30, 0xcf, 0x80, 0x0, 0x2f, 0xea,
    0xf9, 0x0, 0x0, 0x4, 0xff, 0xb0, 0x0, 0x0,
    0x0, 0x0, 0x0, 0x0, 0x0, 0x0, 0x0, 0x0,
    0x0, 0x8f, 0xff, 0xff, 0xff, 0xfe, 0x8f, 0xff,
    0xff, 0xff, 0xfe, 0x8f, 0xf4, 0x33, 0x33, 0x32,
    0x8f, 0xf1, 0x0, 0x0, 0x0, 0x8f, 0xf1, 0x0,
    0x0, 0x0, 0x8f, 0xf3, 0x22, 0x22, 0x21, 0x8f,
    0xff, 0xff, 0xff, 0xf6, 0x8f, 0xff, 0xff, 0xff,
    0xf6, 0x8f, 0xf1, 0x0, 0x0, 0x0, 0x8f, 0xf1,
    0x0, 0x0, 0x0, 0x8f, 0xf1, 0x0, 0x0, 0x0,
    0x8f, 0xf4, 0x33, 0x33, 0x32, 0x8f, 0xff, 0xff,
    0xff, 0xff, 0x8f, 0xff, 0xff, 0xff, 0xff,

    /* U+011B "ě" */
    0x0, 0x38, 0x60, 0x6, 0x83, 0x0, 0x0, 0xcf,
    0x57, 0xfc, 0x0, 0x0, 0x1, 0xdf, 0xfd, 0x10,
    0x0, 0x0, 0x2, 0x87, 0x10, 0x0, 0x0, 0x0,
    0x0, 0x0, 0x0, 0x0, 0x0, 0x5c, 0xff, 0xc6,
    0x0, 0x0, 0xaf, 0xff, 0xff, 0xfa, 0x0, 0x5f,
    0xf7, 0x10, 0x7f, 0xf6, 0xc, 0xfa, 0x0, 0x0,
    0xbf, 0xc0, 0xff, 0xdb, 0xbb, 0xbd, 0xfe, 0x1f,
    0xff, 0xff, 0xff, 0xff, 0xf0, 0xff, 0x70, 0x0,
    0x0, 0x0, 0xd, 0xfc, 0x0, 0x0, 0x33, 0x0,
    0x6f, 0xf9, 0x10, 0x4f, 0xf9, 0x0, 0xaf, 0xff,
    0xff, 0xfd, 0x10, 0x0, 0x5c, 0xef, 0xd8, 0x10,

    /* U+011C "Ĝ" */
    0x0, 0x0, 0xc, 0xfe, 0x20, 0x0, 0x0, 0x0,
    0xb, 0xf9, 0xfd, 0x10, 0x0, 0x0, 0xa, 0xf9,
    0x6, 0xfc, 0x0, 0x0, 0x0, 0x0, 0x0, 0x0,
    0x0, 0x0, 0x0, 0x0, 0x0, 0x0, 0x0, 0x0,
    0x0, 0x0, 0x3a, 0xdf, 0xec, 0x70, 0x0, 0x0,
    0x9f, 0xff, 0xff, 0xff, 0xe3, 0x0, 0x9f, 0xfe,
    0x85, 0x6a, 0xff, 0xe1, 0x3f, 0xfc, 0x10, 0x0,
    0x6, 0xff, 0x89, 0xff, 0x20, 0x0, 0x0, 0x3,
    0x32, 0xdf, 0xc0, 0x0, 0x0, 0x0, 0x0, 0xf,
    0xfa, 0x0, 0x0, 0xff, 0xff, 0xfe, 0xff, 0xa0,
    0x0, 0xf, 0xff, 0xff, 0xed, 0xfc, 0x0, 0x0,
    0x0, 0xb, 0xfd, 0x9f, 0xf2, 0x0, 0x0, 0x0,
    0xef, 0xb3, 0xff, 0xc0, 0x0, 0x0, 0x8f, 0xf5,
    0x9, 0xff, 0xe7, 0x56, 0xbf, 0xfc, 0x0, 0x9,
    0xff, 0xff, 0xff, 0xfc, 0x10, 0x0, 0x4, 0xad,
    0xfe, 0xc6, 0x0, 0x0,

    /* U+011D "ĝ" */
    0x0, 0x0, 0x17, 0x82, 0x0, 0x0, 0x0, 0x0,
    0xcf, 0xfe, 0x10, 0x0, 0x0, 0xb, 0xf7, 0x5f,
    0xc0, 0x0, 0x0, 0x38, 0x60, 0x5, 0x84, 0x0,
    0x0, 0x0, 0x0, 0x0, 0x0, 0x0, 0x0, 0x8,
    0xdf, 0xd4, 0x5f, 0xf2, 0x0, 0xcf, 0xff, 0xff,
    0x9f, 0xf2, 0x7, 0xff, 0xa2, 0x2a, 0xff, 0xf2,
    0xd, 0xfe, 0x0, 0x0, 0xdf, 0xf2, 0xf, 0xf9,
    0x0, 0x0, 0x7f, 0xf2, 0x1f, 0xf7, 0x0, 0x0,
    0x6f, 0xf2, 0xf, 0xf9, 0x0, 0x0, 0x7f, 0xf2,
    0xe, 0xfd, 0x0, 0x0, 0xbf, 0xf2, 0x8, 0xff,
    0x91, 0x17, 0xff, 0xf2, 0x0, 0xdf, 0xff, 0xff,
    0xaf, 0xf2, 0x0, 0x19, 0xef, 0xd5, 0x5f, 0xf2,
    0x0, 0x0, 0x0, 0x0, 0x6f, 0xf1, 0x4, 0xcd,
    0x30, 0x3, 0xef, 0xc0, 0x2, 0xef, 0xff, 0xff,
    0xff, 0x30, 0x0, 0x18, 0xdf, 0xfd, 0x91, 0x0,

    /* U+011E "Ğ" */
    0x0, 0x8, 0xf2, 0x0, 0xeb, 0x0, 0x0, 0x0,
    0x2f, 0xd8, 0xcf, 0x50, 0x0, 0x0, 0x0, 0x3c,
    0xfd, 0x60, 0x0, 0x0, 0x0, 0x0, 0x0, 0x0,
    0x0, 0x0, 0x0, 0x0, 0x0, 0x0, 0x0, 0x0,
    0x0, 0x0, 0x3a, 0xdf, 0xec, 0x70, 0x0, 0x0,
    0x9f, 0xff, 0xff, 0xff, 0xe3, 0x0, 0x9f, 0xfe,
    0x85, 0x6a, 0xff, 0xe1, 0x3f, 0xfc, 0x10, 0x0,
    0x6, 0xff, 0x89, 0xff, 0x20, 0x0, 0x0, 0x3,
    0x32, 0xdf, 0xc0, 0x0, 0x0, 0x0, 0x0, 0xf,
    0xfa, 0x0, 0x0, 0xff, 0xff, 0xfe, 0xff, 0xa0,
    0x0, 0xf, 0xff, 0xff, 0xed, 0xfc, 0x0, 0x0,
    0x0, 0xb, 0xfd, 0x9f, 0xf2, 0x0, 0x0, 0x0,
    0xef, 0xb3, 0xff, 0xc0, 0x0, 0x0, 0x8f, 0xf5,
    0x9, 0xff, 0xe7, 0x56, 0xbf, 0xfc, 0x0, 0x9,
    0xff, 0xff, 0xff, 0xfc, 0x10, 0x0, 0x4, 0xad,
    0xfe, 0xc6, 0x0, 0x0,

    /* U+011F "ğ" */
    0x0, 0x4, 0x10, 0x1, 0x40, 0x0, 0x0, 0xe,
    0xd3, 0x3b, 0xf1, 0x0, 0x0, 0x4, 0xef, 0xff,
    0x60, 0x0, 0x0, 0x0, 0x4, 0x41, 0x0, 0x0,
    0x0, 0x0, 0x0, 0x0, 0x0, 0x0, 0x0, 0x8,
    0xdf, 0xd4, 0x5f, 0xf2, 0x0, 0xcf, 0xff, 0xff,
    0x9f, 0xf2, 0x7, 0xff, 0xa2, 0x2a, 0xff, 0xf2,
    0xd, 0xfe, 0x0, 0x0, 0xdf, 0xf2, 0xf, 0xf9,
    0x0, 0x0, 0x7f, 0xf2, 0x1f, 0xf7, 0x0, 0x0,
    0x6f, 0xf2, 0xf, 0xf9, 0x0, 0x0, 0x7f, 0xf2,
    0xe, 0xfd, 0x0, 0x0, 0xbf, 0xf2, 0x8, 0xff,
    0x91, 0x17, 0xff, 0xf2, 0x0, 0xdf, 0xff, 0xff,
    0x7f, 0xf2, 0x0, 0x19, 0xef, 0xd3, 0x5f, 0xf2,
    0x0, 0x0, 0x0, 0x0, 0x7f, 0xf1, 0x4, 0xcd,
    0x30, 0x3, 0xef, 0xc0, 0x2, 0xef, 0xff, 0xff,
    0xff, 0x30, 0x0, 0x18, 0xdf, 0xfd, 0x91, 0x0,

    /* U+0120 "Ġ" */
    0x0, 0x0, 0x6, 0xfa, 0x0, 0x0, 0x0, 0x0,
    0x0, 0xcf, 0xf0, 0x0, 0x0, 0x0, 0x0, 0x4,
    0xb6, 0x0, 0x0, 0x0, 0x0, 0x0, 0x0, 0x0,
    0x0, 0x0, 0x0, 0x0, 0x0, 0x0, 0x0, 0x0,
    0x0, 0x0, 0x3a, 0xdf, 0xec, 0x70, 0x0, 0x0,
    0x9f, 0xff, 0xff, 0xff, 0xe3, 0x0, 0x9f, 0xfe,
    0x85, 0x6a, 0xff, 0xe1, 0x3f, 0xfc, 0x10, 0x0,
    0x6, 0xff, 0x89, 0xff, 0x20, 0x0, 0x0, 0x3,
    0x32, 0xdf, 0xc0, 0x0, 0x0, 0x0, 0x0, 0xf,
    0xfa, 0x0, 0x0, 0xff, 0xff, 0xfe, 0xff, 0xa0,
    0x0, 0xf, 0xff, 0xff, 0xed, 0xfc, 0x0, 0x0,
    0x0, 0xb, 0xfd, 0x9f, 0xf2, 0x0, 0x0, 0x0,
    0xef, 0xb3, 0xff, 0xc0, 0x0, 0x0, 0x8f, 0xf5,
    0x9, 0xff, 0xe7, 0x56, 0xbf, 0xfc, 0x0, 0x9,
    0xff, 0xff, 0xff, 0xfc, 0x10, 0x0, 0x4, 0xad,
    0xfe, 0xc6, 0x0, 0x0,

    /* U+0121 "ġ" */
    0x0, 0x0, 0x5, 0x60, 0x0, 0x0, 0x0, 0x0,
    0x4f, 0xf6, 0x0, 0x0, 0x0, 0x0, 0x3f, 0xf5,
    0x0, 0x0, 0x0, 0x0, 0x2, 0x20, 0x0, 0x0,
    0x0, 0x8, 0xdf, 0xd4, 0x5f, 0xf2, 0x0, 0xcf,
    0xff, 0xff, 0x9f, 0xf2, 0x7, 0xff, 0xa2, 0x2a,
    0xff, 0xf2, 0xd, 0xfe, 0x0, 0x0, 0xdf, 0xf2,
    0xf, 0xf9, 0x0, 0x0, 0x7f, 0xf2, 0x1f, 0xf7,
    0x0, 0x0, 0x6f, 0xf2, 0xf, 0xf9, 0x0, 0x0,
    0x7f, 0xf2, 0xe, 0xfd, 0x0, 0x0, 0xbf, 0xf2,
    0x8, 0xff, 0x91, 0x17, 0xff, 0xf2, 0x0, 0xdf,
    0xff, 0xff, 0xaf, 0xf2, 0x0, 0x19, 0xef, 0xd5,
    0x5f, 0xf2, 0x0, 0x0, 0x0, 0x0, 0x6f, 0xf1,
    0x4, 0xcd, 0x30, 0x3, 0xef, 0xc0, 0x2, 0xef,
    0xff, 0xff, 0xff, 0x30, 0x0, 0x18, 0xdf, 0xfd,
    0x91, 0x0,

    /* U+0122 "Ģ" */
    0x0, 0x3, 0xad, 0xfe, 0xc7, 0x0, 0x0, 0x9,
    0xff, 0xff, 0xff, 0xfe, 0x30, 0x9, 0xff, 0xe8,
    0x56, 0xaf, 0xfe, 0x13, 0xff, 0xc1, 0x0, 0x0,
    0x6f, 0xf8, 0x9f, 0xf2, 0x0, 0x0, 0x0, 0x33,
    0x2d, 0xfc, 0x0, 0x0, 0x0, 0x0, 0x0, 0xff,
    0xa0, 0x0, 0xf, 0xff, 0xff, 0xef, 0xfa, 0x0,
    0x0, 0xff, 0xff, 0xfe, 0xdf, 0xc0, 0x0, 0x0,
    0x0, 0xbf, 0xd9, 0xff, 0x20, 0x0, 0x0, 0xe,
    0xfb, 0x3f, 0xfc, 0x0, 0x0, 0x8, 0xff, 0x50,
    0x9f, 0xfe, 0x75, 0x6b, 0xff, 0xc0, 0x0, 0x9f,
    0xff, 0xff, 0xff, 0xc1, 0x0, 0x0, 0x4a, 0xdf,
    0xec, 0x60, 0x0, 0x0, 0x0, 0x0, 0x0, 0x0,
    0x0, 0x0, 0x0, 0x0, 0xbf, 0x90, 0x0, 0x0,
    0x0, 0x0, 0xf, 0xf3, 0x0, 0x0, 0x0, 0x0,
    0x3, 0xfc, 0x0, 0x0, 0x0, 0x0, 0x0, 0x38,
    0x40, 0x0, 0x0, 0x0,

    /* U+0123 "ģ" */
    0x0, 0x0, 0x0, 0xa4, 0x0, 0x0, 0x0, 0x0,
    0x7, 0xf7, 0x0, 0x0, 0x0, 0x0, 0xc, 0xf2,
    0x0, 0x0, 0x0, 0x0, 0xd, 0xf0, 0x0, 0x0,
    0x0, 0x0, 0x7, 0x80, 0x0, 0x0, 0x0, 0x0,
    0x0, 0x0, 0x0, 0x0, 0x0, 0x8, 0xdf, 0xd4,
    0x5f, 0xf2, 0x0, 0xcf, 0xff, 0xff, 0x9f, 0xf2,
    0x7, 0xff, 0xa2, 0x2a, 0xff, 0xf2, 0xd, 0xfe,
    0x0, 0x0, 0xdf, 0xf2, 0xf, 0xf9, 0x0, 0x0,
    0x7f, 0xf2, 0x1f, 0xf7, 0x0, 0x0, 0x6f, 0xf2,
    0xf, 0xf9, 0x0, 0x0, 0x7f, 0xf2, 0xe, 0xfd,
    0x0, 0x0, 0xbf, 0xf2, 0x8, 0xff, 0x91, 0x17,
    0xff, 0xf2, 0x0, 0xdf, 0xff, 0xff, 0xaf, 0xf2,
    0x0, 0x19, 0xef, 0xd5, 0x5f, 0xf2, 0x0, 0x0,
    0x0, 0x0, 0x6f, 0xf1, 0x4, 0xcd, 0x30, 0x3,
    0xef, 0xc0, 0x2, 0xef, 0xff, 0xff, 0xff, 0x30,
    0x0, 0x18, 0xdf, 0xfd, 0x91, 0x0,

    /* U+0124 "Ĥ" */
    0x0, 0x0, 0x2e, 0xfd, 0x10, 0x0, 0x0, 0x0,
    0x1d, 0xf9, 0xfc, 0x0, 0x0, 0x0, 0xc, 0xf7,
    0x8, 0xfa, 0x0, 0x0, 0x0, 0x0, 0x0, 0x0,
    0x0, 0x0, 0x0, 0x0, 0x0, 0x0, 0x0, 0x0,
    0x8, 0xff, 0x10, 0x0, 0x0, 0x2f, 0xf7, 0x8f,
    0xf1, 0x0, 0x0, 0x2, 0xff, 0x78, 0xff, 0x10,
    0x0, 0x0, 0x2f, 0xf7, 0x8f, 0xf1, 0x0, 0x0,
    0x2, 0xff, 0x78, 0xff, 0x10, 0x0, 0x0, 0x2f,
    0xf7, 0x8f, 0xf4, 0x33, 0x33, 0x35, 0xff, 0x78,
    0xff, 0xff, 0xff, 0xff, 0xff, 0xf7, 0x8f, 0xff,
    0xff, 0xff, 0xff, 0xff, 0x78, 0xff, 0x10, 0x0,
    0x0, 0x2f, 0xf7, 0x8f, 0xf1, 0x0, 0x0, 0x2,
    0xff, 0x78, 0xff, 0x10, 0x0, 0x0, 0x2f, 0xf7,
    0x8f, 0xf1, 0x0, 0x0, 0x2, 0xff, 0x78, 0xff,
    0x10, 0x0, 0x0, 0x2f, 0xf7, 0x8f, 0xf1, 0x0,
    0x0, 0x2, 0xff, 0x70,

    /* U+0125 "ĥ" */
    0x0, 0x1d, 0xfe, 0x20, 0x0, 0x0, 0x0, 0xc,
    0xf9, 0xfd, 0x10, 0x0, 0x0, 0xa, 0xf9, 0x6,
    0xfc, 0x0, 0x0, 0x0, 0x0, 0x0, 0x0, 0x0,
    0x0, 0x0, 0x0, 0x0, 0x0, 0x0, 0x0, 0x0,
    0x0, 0x0, 0xaf, 0xd0, 0x0, 0x0, 0x0, 0x0,
    0xa, 0xfd, 0x0, 0x0, 0x0, 0x0, 0x0, 0xaf,
    0xd0, 0x0, 0x0, 0x0, 0x0, 0xa, 0xfd, 0x9,
    0xef, 0xc3, 0x0, 0x0, 0xaf, 0xdb, 0xff, 0xff,
    0xf3, 0x0, 0xa, 0xff, 0xd4, 0x39, 0xff, 0xa0,
    0x0, 0xaf, 0xf2, 0x0, 0xd, 0xfd, 0x0, 0xa,
    0xfe, 0x0, 0x0, 0xaf, 0xe0, 0x0, 0xaf, 0xe0,
    0x0, 0xa, 0xfe, 0x0, 0xa, 0xfe, 0x0, 0x0,
    0xaf, 0xe0, 0x0, 0xaf, 0xe0, 0x0, 0xa, 0xfe,
    0x0, 0xa, 0xfe, 0x0, 0x0, 0xaf, 0xe0, 0x0,
    0xaf, 0xe0, 0x0, 0xa, 0xfe, 0x0, 0xa, 0xfe,
    0x0, 0x0, 0xaf, 0xe0,

    /* U+0126 "Ħ" */
    0x0, 0xff, 0x90, 0x0, 0x0, 0xa, 0xff, 0x0,
    0x0, 0xff, 0x90, 0x0, 0x0, 0xa, 0xff, 0x0,
    0x19, 0xff, 0xd9, 0x99, 0x99, 0x9d, 0xff, 0x91,
    0x3f, 0xff, 0xff, 0xff, 0xff, 0xff, 0xff, 0xf2,
    0x0, 0xff, 0x90, 0x0, 0x0, 0xa, 0xff, 0x0,
    0x0, 0xff, 0xa3, 0x33, 0x33, 0x3b, 0xff, 0x0,
    0x0, 0xff, 0xff, 0xff, 0xff, 0xff, 0xff, 0x0,
    0x0, 0xff, 0xff, 0xff, 0xff, 0xff, 0xff, 0x0,
    0x0, 0xff, 0x90, 0x0, 0x0, 0xa, 0xff, 0x0,
    0x0, 0xff, 0x90, 0x0, 0x0, 0xa, 0xff, 0x0,
    0x0, 0xff, 0x90, 0x0, 0x0, 0xa, 0xff, 0x0,
    0x0, 0xff, 0x90, 0x0, 0x0, 0xa, 0xff, 0x0,
    0x0, 0xff, 0x90, 0x0, 0x0, 0xa, 0xff, 0x0,
    0x0, 0xff, 0x90, 0x0, 0x0, 0xa, 0xff, 0x0,

    /* U+0127 "ħ" */
    0x9, 0xff, 0xf9, 0x97, 0x0, 0x0, 0xf, 0xff,
    0xff, 0xfc, 0x0, 0x0, 0x0, 0xaf, 0xd0, 0x0,
    0x0, 0x0, 0x0, 0xaf, 0xd0, 0x9e, 0xfc, 0x30,
    0x0, 0xaf, 0xdb, 0xff, 0xff, 0xf3, 0x0, 0xaf,
    0xfd, 0x43, 0x9f, 0xfa, 0x0, 0xaf, 0xf2, 0x0,
    0xd, 0xfd, 0x0, 0xaf, 0xe0, 0x0, 0xa, 0xfe,
    0x0, 0xaf, 0xe0, 0x0, 0xa, 0xfe, 0x0, 0xaf,
    0xe0, 0x0, 0xa, 0xfe, 0x0, 0xaf, 0xe0, 0x0,
    0xa, 0xfe, 0x0, 0xaf, 0xe0, 0x0, 0xa, 0xfe,
    0x0, 0xaf, 0xe0, 0x0, 0xa, 0xfe, 0x0, 0xaf,
    0xe0, 0x0, 0xa, 0xfe,

    /* U+0128 "Ĩ" */
    0x2, 0x73, 0x4, 0x71, 0xff, 0xfa, 0xdc, 0x5f,
    0x36, 0xde, 0x40, 0x0, 0x0, 0x0, 0x0, 0x0,
    0x0, 0x0, 0x8, 0xff, 0x10, 0x0, 0x8f, 0xf1,
    0x0, 0x8, 0xff, 0x10, 0x0, 0x8f, 0xf1, 0x0,
    0x8, 0xff, 0x10, 0x0, 0x8f, 0xf1, 0x0, 0x8,
    0xff, 0x10, 0x0, 0x8f, 0xf1, 0x0, 0x8, 0xff,
    0x10, 0x0, 0x8f, 0xf1, 0x0, 0x8, 0xff, 0x10,
    0x0, 0x8f, 0xf1, 0x0, 0x8, 0xff, 0x10, 0x0,
    0x8f, 0xf1, 0x0,

    /* U+0129 "ĩ" */
    0x4, 0x74, 0x6, 0x65, 0xff, 0xff, 0xf8, 0x47,
    0x13, 0x76, 0x0, 0x0, 0x0, 0x0, 0x0, 0xaf,
    0xe0, 0x0, 0xa, 0xfe, 0x0, 0x0, 0xaf, 0xe0,
    0x0, 0xa, 0xfe, 0x0, 0x0, 0xaf, 0xe0, 0x0,
    0xa, 0xfe, 0x0, 0x0, 0xaf, 0xe0, 0x0, 0xa,
    0xfe, 0x0, 0x0, 0xaf, 0xe0, 0x0, 0xa, 0xfe,
    0x0, 0x0, 0xaf, 0xe0, 0x0,

    /* U+012A "Ī" */
    0xf, 0xff, 0xff, 0x90, 0xbb, 0xbb, 0xb6, 0x0,
    0x0, 0x0, 0x0, 0x0, 0x0, 0x0, 0x0, 0x8f,
    0xf1, 0x0, 0x8, 0xff, 0x10, 0x0, 0x8f, 0xf1,
    0x0, 0x8, 0xff, 0x10, 0x0, 0x8f, 0xf1, 0x0,
    0x8, 0xff, 0x10, 0x0, 0x8f, 0xf1, 0x0, 0x8,
    0xff, 0x10, 0x0, 0x8f, 0xf1, 0x0, 0x8, 0xff,
    0x10, 0x0, 0x8f, 0xf1, 0x0, 0x8, 0xff, 0x10,
    0x0, 0x8f, 0xf1, 0x0, 0x8, 0xff, 0x10,

    /* U+012B "ī" */
    0x2f, 0xff, 0xff, 0x61, 0xbb, 0xbb, 0xb4, 0x0,
    0x0, 0x0, 0x0, 0xa, 0xfe, 0x0, 0x0, 0xaf,
    0xe0, 0x0, 0xa, 0xfe, 0x0, 0x0, 0xaf, 0xe0,
    0x0, 0xa, 0xfe, 0x0, 0x0, 0xaf, 0xe0, 0x0,
    0xa, 0xfe, 0x0, 0x0, 0xaf, 0xe0, 0x0, 0xa,
    0xfe, 0x0, 0x0, 0xaf, 0xe0, 0x0, 0xa, 0xfe,
    0x0,

    /* U+012C "Ĭ" */
    0x5f, 0x40, 0xc, 0xe0, 0xee, 0x8b, 0xf7, 0x2,
    0xbf, 0xe7, 0x0, 0x0, 0x0, 0x0, 0x0, 0x0,
    0x0, 0x0, 0x8, 0xff, 0x10, 0x0, 0x8f, 0xf1,
    0x0, 0x8, 0xff, 0x10, 0x0, 0x8f, 0xf1, 0x0,
    0x8, 0xff, 0x10, 0x0, 0x8f, 0xf1, 0x0, 0x8,
    0xff, 0x10, 0x0, 0x8f, 0xf1, 0x0, 0x8, 0xff,
    0x10, 0x0, 0x8f, 0xf1, 0x0, 0x8, 0xff, 0x10,
    0x0, 0x8f, 0xf1, 0x0, 0x8, 0xff, 0x10, 0x0,
    0x8f, 0xf1, 0x0,

    /* U+012D "ĭ" */
    0x7f, 0x73, 0x5e, 0xa0, 0xbf, 0xff, 0xd2, 0x0,
    0x24, 0x30, 0x0, 0x0, 0x0, 0x0, 0x0, 0xaf,
    0xe0, 0x0, 0xa, 0xfe, 0x0, 0x0, 0xaf, 0xe0,
    0x0, 0xa, 0xfe, 0x0, 0x0, 0xaf, 0xe0, 0x0,
    0xa, 0xfe, 0x0, 0x0, 0xaf, 0xe0, 0x0, 0xa,
    0xfe, 0x0, 0x0, 0xaf, 0xe0, 0x0, 0xa, 0xfe,
    0x0, 0x0, 0xaf, 0xe0, 0x0,

    /* U+012E "Į" */
    0x8, 0xff, 0x10, 0x8f, 0xf1, 0x8, 0xff, 0x10,
    0x8f, 0xf1, 0x8, 0xff, 0x10, 0x8f, 0xf1, 0x8,
    0xff, 0x10, 0x8f, 0xf1, 0x8, 0xff, 0x10, 0x8f,
    0xf1, 0x8, 0xff, 0x10, 0x8f, 0xf1, 0x8, 0xff,
    0x10, 0x9f, 0xf1, 0x2e, 0xf5, 0xb, 0xf8, 0x0,
    0xbf, 0xeb, 0x22, 0xcf, 0xe5,

    /* U+012F "į" */
    0x0, 0x17, 0x30, 0x0, 0xbf, 0xf0, 0x0, 0xaf,
    0xd0, 0x0, 0x3, 0x0, 0x0, 0xaf, 0xe0, 0x0,
    0xaf, 0xe0, 0x0, 0xaf, 0xe0, 0x0, 0xaf, 0xe0,
    0x0, 0xaf, 0xe0, 0x0, 0xaf, 0xe0, 0x0, 0xaf,
    0xe0, 0x0, 0xaf, 0xe0, 0x0, 0xaf, 0xe0, 0x0,
    0xaf, 0xe0, 0x0, 0xcf, 0xe0, 0x5, 0xfd, 0x30,
    0xe, 0xf5, 0x0, 0xe, 0xfd, 0xb0, 0x4, 0xdf,
    0xd3,

    /* U+0130 "İ" */
    0x2b, 0x80, 0xaf, 0xf3, 0x4e, 0xc0, 0x0, 0x0,
    0x0, 0x0, 0x8f, 0xf1, 0x8f, 0xf1, 0x8f, 0xf1,
    0x8f, 0xf1, 0x8f, 0xf1, 0x8f, 0xf1, 0x8f, 0xf1,
    0x8f, 0xf1, 0x8f, 0xf1, 0x8f, 0xf1, 0x8f, 0xf1,
    0x8f, 0xf1, 0x8f, 0xf1, 0x8f, 0xf1,

    /* U+0131 "ı" */
    0xaf, 0xea, 0xfe, 0xaf, 0xea, 0xfe, 0xaf, 0xea,
    0xfe, 0xaf, 0xea, 0xfe, 0xaf, 0xea, 0xfe, 0xaf,
    0xe0,

    /* U+0132 "Ĳ" */
    0x8f, 0xf1, 0x0, 0x0, 0x0, 0x0, 0xef, 0xa8,
    0xff, 0x10, 0x0, 0x0, 0x0, 0xe, 0xfa, 0x8f,
    0xf1, 0x0, 0x0, 0x0, 0x0, 0xef, 0xa8, 0xff,
    0x10, 0x0, 0x0, 0x0, 0xe, 0xfa, 0x8f, 0xf1,
    0x0, 0x0, 0x0, 0x0, 0xef, 0xa8, 0xff, 0x10,
    0x0, 0x0, 0x0, 0xe, 0xfa, 0x8f, 0xf1, 0x0,
    0x0, 0x0, 0x0, 0xef, 0xa8, 0xff, 0x10, 0x0,
    0x0, 0x0, 0xe, 0xfa, 0x8f, 0xf1, 0x0, 0x0,
    0x0, 0x0, 0xef, 0xa8, 0xff, 0x10, 0xaf, 0xe0,
    0x0, 0xe, 0xfa, 0x8f, 0xf1, 0xa, 0xff, 0x0,
    0x0, 0xff, 0x98, 0xff, 0x10, 0x6f, 0xf9, 0x0,
    0x9f, 0xf5, 0x8f, 0xf1, 0x0, 0xcf, 0xff, 0xff,
    0xfb, 0x8, 0xff, 0x10, 0x0, 0x7d, 0xff, 0xd7,
    0x0,

    /* U+0133 "ĳ" */
    0x17, 0x30, 0x0, 0x64, 0xb, 0xff, 0x0, 0x8f,
    0xf3, 0xaf, 0xd0, 0x6, 0xff, 0x20, 0x30, 0x0,
    0x2, 0x10, 0xaf, 0xe0, 0x6, 0xff, 0x2a, 0xfe,
    0x0, 0x6f, 0xf2, 0xaf, 0xe0, 0x6, 0xff, 0x2a,
    0xfe, 0x0, 0x6f, 0xf2, 0xaf, 0xe0, 0x6, 0xff,
    0x2a, 0xfe, 0x0, 0x6f, 0xf2, 0xaf, 0xe0, 0x6,
    0xff, 0x2a, 0xfe, 0x0, 0x6f, 0xf2, 0xaf, 0xe0,
    0x6, 0xff, 0x2a, 0xfe, 0x0, 0x6f, 0xf2, 0xaf,
    0xe0, 0x6, 0xff, 0x20, 0x0, 0x0, 0x6f, 0xf1,
    0x0, 0x0, 0x2b, 0xff, 0x0, 0x0, 0x2f, 0xff,
    0x90, 0x0, 0x2, 0xfd, 0x70, 0x0,

    /* U+0134 "Ĵ" */
    0x0, 0x0, 0x0, 0xa, 0xff, 0x40, 0x0, 0x0,
    0x0, 0x8, 0xfa, 0xef, 0x30, 0x0, 0x0, 0x7,
    0xfc, 0x3, 0xfe, 0x20, 0x0, 0x0, 0x0, 0x0,
    0x0, 0x0, 0x0, 0x0, 0x0, 0x0, 0x0, 0x0,
    0x0, 0x0, 0x0, 0x0, 0x7f, 0xf2, 0x0, 0x0,
    0x0, 0x0, 0x7, 0xff, 0x20, 0x0, 0x0, 0x0,
    0x0, 0x7f, 0xf2, 0x0, 0x0, 0x0, 0x0, 0x7,
    0xff, 0x20, 0x0, 0x0, 0x0, 0x0, 0x7f, 0xf2,
    0x0, 0x0, 0x0, 0x0, 0x7, 0xff, 0x20, 0x0,
    0x0, 0x0, 0x0, 0x7f, 0xf2, 0x0, 0x0, 0x0,
    0x0, 0x7, 0xff, 0x20, 0x0, 0x11, 0x0, 0x0,
    0x7f, 0xf2, 0x0, 0x3f, 0xf6, 0x0, 0x7, 0xff,
    0x20, 0x2, 0xff, 0x80, 0x0, 0x9f, 0xf1, 0x0,
    0xe, 0xff, 0x52, 0x6f, 0xfd, 0x0, 0x0, 0x5f,
    0xff, 0xff, 0xff, 0x30, 0x0, 0x0, 0x3b, 0xef,
    0xea, 0x20, 0x0, 0x0,

    /* U+0135 "ĵ" */
    0x0, 0x5, 0x86, 0x0, 0x0, 0x5, 0xff, 0xf8,
    0x0, 0x4, 0xfe, 0x2c, 0xf6, 0x0, 0x78, 0x30,
    0x18, 0x70, 0x0, 0x0, 0x0, 0x0, 0x0, 0x0,
    0xaf, 0xe0, 0x0, 0x0, 0xa, 0xfe, 0x0, 0x0,
    0x0, 0xaf, 0xe0, 0x0, 0x0, 0xa, 0xfe, 0x0,
    0x0, 0x0, 0xaf, 0xe0, 0x0, 0x0, 0xa, 0xfe,
    0x0, 0x0, 0x0, 0xaf, 0xe0, 0x0, 0x0, 0xa,
    0xfe, 0x0, 0x0, 0x0, 0xaf, 0xe0, 0x0, 0x0,
    0xa, 0xfe, 0x0, 0x0, 0x0, 0xaf, 0xe0, 0x0,
    0x0, 0xa, 0xfd, 0x0, 0x0, 0x3, 0xef, 0xb0,
    0x0, 0x6, 0xff, 0xf5, 0x0, 0x0, 0x6f, 0xc5,
    0x0, 0x0,

    /* U+0136 "Ķ" */
    0x8f, 0xf1, 0x0, 0x0, 0x4f, 0xfe, 0x18, 0xff,
    0x10, 0x0, 0x3f, 0xfe, 0x20, 0x8f, 0xf1, 0x0,
    0x2e, 0xff, 0x30, 0x8, 0xff, 0x10, 0x1e, 0xff,
    0x40, 0x0, 0x8f, 0xf1, 0xd, 0xff, 0x50, 0x0,
    0x8, 0xff, 0x1b, 0xff, 0x60, 0x0, 0x0, 0x8f,
    0xf8, 0xff, 0xf3, 0x0, 0x0, 0x8, 0xff, 0xff,
    0xff, 0xd0, 0x0, 0x0, 0x8f, 0xff, 0x56, 0xff,
    0x90, 0x0, 0x8, 0xff, 0x60, 0xb, 0xff, 0x50,
    0x0, 0x8f, 0xf1, 0x0, 0x1e, 0xfe, 0x10, 0x8,
    0xff, 0x10, 0x0, 0x4f, 0xfb, 0x0, 0x8f, 0xf1,
    0x0, 0x0, 0x9f, 0xf7, 0x8, 0xff, 0x10, 0x0,
    0x0, 0xdf, 0xf3, 0x0, 0x0, 0x0, 0x0, 0x0,
    0x0, 0x0, 0x0, 0x4, 0xff, 0x10, 0x0, 0x0,
    0x0, 0x0, 0x8f, 0xa0, 0x0, 0x0, 0x0, 0x0,
    0xc, 0xf3, 0x0, 0x0, 0x0, 0x0, 0x0, 0x88,
    0x0, 0x0, 0x0, 0x0,

    /* U+0137 "ķ" */
    0xaf, 0xe0, 0x0, 0x0, 0x0, 0xa, 0xfe, 0x0,
    0x0, 0x0, 0x0, 0xaf, 0xe0, 0x0, 0x0, 0x0,
    0xa, 0xfe, 0x0, 0x6, 0xff, 0x80, 0xaf, 0xe0,
    0x5, 0xff, 0xa0, 0xa, 0xfe, 0x3, 0xff, 0xb0,
    0x0, 0xaf, 0xe2, 0xef, 0xd0, 0x0, 0xa, 0xff,
    0xef, 0xe1, 0x0, 0x0, 0xaf, 0xff, 0xff, 0x40,
    0x0, 0xa, 0xff, 0xae, 0xfe, 0x10, 0x0, 0xaf,
    0xe0, 0x4f, 0xfb, 0x0, 0xa, 0xfe, 0x0, 0x9f,
    0xf7, 0x0, 0xaf, 0xe0, 0x0, 0xdf, 0xf2, 0xa,
    0xfe, 0x0, 0x3, 0xff, 0xd0, 0x0, 0x0, 0x0,
    0x0, 0x0, 0x0, 0x0, 0x7f, 0xd0, 0x0, 0x0,
    0x0, 0xb, 0xf7, 0x0, 0x0, 0x0, 0x0, 0xff,
    0x10, 0x0, 0x0, 0x0, 0x18, 0x60, 0x0, 0x0,
    0x0,

    /* U+0138 "ĸ" */
    0xaf, 0xe0, 0x0, 0x3f, 0xfc, 0xa, 0xfe, 0x0,
    0xd, 0xff, 0x20, 0xaf, 0xe0, 0x9, 0xff, 0x50,
    0xa, 0xfe, 0x3, 0xff, 0xa0, 0x0, 0xaf, 0xe0,
    0xdf, 0xd0, 0x0, 0xa, 0xff, 0xff, 0xf3, 0x0,
    0x0, 0xaf, 0xfd, 0xff, 0x60, 0x0, 0xa, 0xfe,
    0xb, 0xff, 0x30, 0x0, 0xaf, 0xe0, 0x1e, 0xfe,
    0x10, 0xa, 0xfe, 0x0, 0x3f, 0xfc, 0x0, 0xaf,
    0xe0, 0x0, 0x6f, 0xfa, 0x0,

    /* U+0139 "Ĺ" */
    0x1, 0xff, 0x40, 0x0, 0x0, 0x8, 0xfa, 0x0,
    0x0, 0x0, 0xf, 0xe1, 0x0, 0x0, 0x0, 0x0,
    0x0, 0x0, 0x0, 0x0, 0x0, 0x0, 0x0, 0x0,
    0x0, 0x8f, 0xf1, 0x0, 0x0, 0x0, 0x8f, 0xf1,
    0x0, 0x0, 0x0, 0x8f, 0xf1, 0x0, 0x0, 0x0,
    0x8f, 0xf1, 0x0, 0x0, 0x0, 0x8f, 0xf1, 0x0,
    0x0, 0x0, 0x8f, 0xf1, 0x0, 0x0, 0x0, 0x8f,
    0xf1, 0x0, 0x0, 0x0, 0x8f, 0xf1, 0x0, 0x0,
    0x0, 0x8f, 0xf1, 0x0, 0x0, 0x0, 0x8f, 0xf1,
    0x0, 0x0, 0x0, 0x8f, 0xf1, 0x0, 0x0, 0x0,
    0x8f, 0xf4, 0x33, 0x33, 0x31, 0x8f, 0xff, 0xff,
    0xff, 0xf8, 0x8f, 0xff, 0xff, 0xff, 0xf8,

    /* U+013A "ĺ" */
    0x3, 0xff, 0x20, 0xaf, 0x70, 0x2f, 0xc0, 0x0,
    0x0, 0x0, 0x0, 0x0, 0xa, 0xfe, 0x0, 0xaf,
    0xe0, 0xa, 0xfe, 0x0, 0xaf, 0xe0, 0xa, 0xfe,
    0x0, 0xaf, 0xe0, 0xa, 0xfe, 0x0, 0xaf, 0xe0,
    0xa, 0xfe, 0x0, 0xaf, 0xe0, 0xa, 0xfe, 0x0,
    0xaf, 0xe0, 0xa, 0xfe, 0x0, 0xaf, 0xe0, 0x0,

    /* U+013B "Ļ" */
    0x8f, 0xf1, 0x0, 0x0, 0x0, 0x8f, 0xf1, 0x0,
    0x0, 0x0, 0x8f, 0xf1, 0x0, 0x0, 0x0, 0x8f,
    0xf1, 0x0, 0x0, 0x0, 0x8f, 0xf1, 0x0, 0x0,
    0x0, 0x8f, 0xf1, 0x0, 0x0, 0x0, 0x8f, 0xf1,
    0x0, 0x0, 0x0, 0x8f, 0xf1, 0x0, 0x0, 0x0,
    0x8f, 0xf1, 0x0, 0x0, 0x0, 0x8f, 0xf1, 0x0,
    0x0, 0x0, 0x8f, 0xf1, 0x0, 0x0, 0x0, 0x8f,
    0xf4, 0x33, 0x33, 0x31, 0x8f, 0xff, 0xff, 0xff,
    0xf8, 0x8f, 0xff, 0xff, 0xff, 0xf8, 0x0, 0x0,
    0x0, 0x0, 0x0, 0x0, 0x5, 0xff, 0x0, 0x0,
    0x0, 0x9, 0xf9, 0x0, 0x0, 0x0, 0xd, 0xf2,
    0x0, 0x0, 0x0, 0x8, 0x70, 0x0, 0x0,

    /* U+013C "ļ" */
    0xa, 0xfe, 0xa, 0xfe, 0xa, 0xfe, 0xa, 0xfe,
    0xa, 0xfe, 0xa, 0xfe, 0xa, 0xfe, 0xa, 0xfe,
    0xa, 0xfe, 0xa, 0xfe, 0xa, 0xfe, 0xa, 0xfe,
    0xa, 0xfe, 0xa, 0xfe, 0x0, 0x0, 0xb, 0xf9,
    0xf, 0xf3, 0x3f, 0xc0, 0x38, 0x40,

    /* U+013D "Ľ" */
    0x0, 0x0, 0xa, 0xf5, 0x0, 0x8f, 0xf1, 0xa,
    0xf3, 0x0, 0x8f, 0xf1, 0xa, 0xf1, 0x0, 0x8f,
    0xf1, 0x7, 0xa0, 0x0, 0x8f, 0xf1, 0x0, 0x0,
    0x0, 0x8f, 0xf1, 0x0, 0x0, 0x0, 0x8f, 0xf1,
    0x0, 0x0, 0x0, 0x8f, 0xf1, 0x0, 0x0, 0x0,
    0x8f, 0xf1, 0x0, 0x0, 0x0, 0x8f, 0xf1, 0x0,
    0x0, 0x0, 0x8f, 0xf1, 0x0, 0x0, 0x0, 0x8f,
    0xf1, 0x0, 0x0, 0x0, 0x8f, 0xf4, 0x33, 0x33,
    0x31, 0x8f, 0xff, 0xff, 0xff, 0xf8, 0x8f, 0xff,
    0xff, 0xff, 0xf8,

    /* U+013E "ľ" */
    0x0, 0x0, 0xdf, 0x3a, 0xfe, 0xd, 0xf0, 0xaf,
    0xe0, 0xde, 0xa, 0xfe, 0x9, 0x80, 0xaf, 0xe0,
    0x0, 0xa, 0xfe, 0x0, 0x0, 0xaf, 0xe0, 0x0,
    0xa, 0xfe, 0x0, 0x0, 0xaf, 0xe0, 0x0, 0xa,
    0xfe, 0x0, 0x0, 0xaf, 0xe0, 0x0, 0xa, 0xfe,
    0x0, 0x0, 0xaf, 0xe0, 0x0, 0xa, 0xfe, 0x0,
    0x0, 0xaf, 0xe0, 0x0, 0x0,

    /* U+013F "Ŀ" */
    0x8f, 0xf1, 0x0, 0x0, 0x0, 0x8f, 0xf1, 0x0,
    0x0, 0x0, 0x8f, 0xf1, 0x0, 0x0, 0x0, 0x8f,
    0xf1, 0x0, 0x0, 0x0, 0x8f, 0xf1, 0xc, 0xe4,
    0x0, 0x8f, 0xf1, 0x3f, 0xf9, 0x0, 0x8f, 0xf1,
    0x8, 0xb2, 0x0, 0x8f, 0xf1, 0x0, 0x0, 0x0,
    0x8f, 0xf1, 0x0, 0x0, 0x0, 0x8f, 0xf1, 0x0,
    0x0, 0x0, 0x8f, 0xf1, 0x0, 0x0, 0x0, 0x8f,
    0xf4, 0x33, 0x33, 0x31, 0x8f, 0xff, 0xff, 0xff,
    0xf8, 0x8f, 0xff, 0xff, 0xff, 0xf8,

    /* U+0140 "ŀ" */
    0xaf, 0xe0, 0x0, 0x0, 0xaf, 0xe0, 0x0, 0x0,
    0xaf, 0xe0, 0x0, 0x0, 0xaf, 0xe0, 0x0, 0x0,
    0xaf, 0xe0, 0x0, 0x0, 0xaf, 0xe0, 0x6f, 0xb0,
    0xaf, 0xe0, 0xdf, 0xf3, 0xaf, 0xe0, 0x7f, 0xd0,
    0xaf, 0xe0, 0x0, 0x0, 0xaf, 0xe0, 0x0, 0x0,
    0xaf, 0xe0, 0x0, 0x0, 0xaf, 0xe0, 0x0, 0x0,
    0xaf, 0xe0, 0x0, 0x0, 0xaf, 0xe0, 0x0, 0x0,

    /* U+0141 "Ł" */
    0x0, 0xdf, 0xc0, 0x0, 0x0, 0x0, 0x0, 0xdf,
    0xc0, 0x0, 0x0, 0x0, 0x0, 0xdf, 0xc0, 0x0,
    0x0, 0x0, 0x0, 0xdf, 0xc0, 0x7, 0x30, 0x0,
    0x0, 0xdf, 0xc5, 0xdf, 0x40, 0x0, 0x0, 0xdf,
    0xff, 0xfc, 0x10, 0x0, 0x2, 0xff, 0xfd, 0x50,
    0x0, 0x0, 0x7f, 0xff, 0xf0, 0x0, 0x0, 0x0,
    0xbf, 0xff, 0xc0, 0x0, 0x0, 0x0, 0x51, 0xdf,
    0xc0, 0x0, 0x0, 0x0, 0x0, 0xdf, 0xc0, 0x0,
    0x0, 0x0, 0x0, 0xdf, 0xd3, 0x33, 0x33, 0x30,
    0x0, 0xdf, 0xff, 0xff, 0xff, 0xf3, 0x0, 0xdf,
    0xff, 0xff, 0xff, 0xf3,

    /* U+0142 "ł" */
    0x0, 0xaf, 0xe0, 0x0, 0xa, 0xfe, 0x0, 0x0,
    0xaf, 0xe0, 0x0, 0xa, 0xfe, 0x22, 0x0, 0xaf,
    0xff, 0x60, 0xf, 0xff, 0xd2, 0x1d, 0xff, 0xf0,
    0x2, 0xff, 0xfe, 0x0, 0x1, 0xaf, 0xe0, 0x0,
    0xa, 0xfe, 0x0, 0x0, 0xaf, 0xe0, 0x0, 0xa,
    0xfe, 0x0, 0x0, 0xaf, 0xe0, 0x0, 0xa, 0xfe,
    0x0,

    /* U+0143 "Ń" */
    0x0, 0x0, 0x0, 0x3f, 0xf2, 0x0, 0x0, 0x0,
    0x0, 0xb, 0xf7, 0x0, 0x0, 0x0, 0x0, 0x2,
    0xfc, 0x0, 0x0, 0x0, 0x0, 0x0, 0x0, 0x0,
    0x0, 0x0, 0x0, 0x0, 0x0, 0x0, 0x0, 0x0,
    0x8, 0xff, 0xb0, 0x0, 0x0, 0xe, 0xfb, 0x8f,
    0xff, 0x60, 0x0, 0x0, 0xef, 0xb8, 0xff, 0xff,
    0x10, 0x0, 0xe, 0xfb, 0x8f, 0xfd, 0xfb, 0x0,
    0x0, 0xef, 0xb8, 0xff, 0x4f, 0xf5, 0x0, 0xe,
    0xfb, 0x8f, 0xf1, 0xbf, 0xe1, 0x0, 0xef, 0xb8,
    0xff, 0x12, 0xff, 0xa0, 0xe, 0xfb, 0x8f, 0xf1,
    0x7, 0xff, 0x40, 0xef, 0xb8, 0xff, 0x20, 0xd,
    0xfe, 0xe, 0xfb, 0x8f, 0xf2, 0x0, 0x3f, 0xf7,
    0xdf, 0xb8, 0xff, 0x20, 0x0, 0x8f, 0xfd, 0xfb,
    0x8f, 0xf2, 0x0, 0x0, 0xdf, 0xff, 0xb8, 0xff,
    0x20, 0x0, 0x3, 0xff, 0xfb, 0x8f, 0xf2, 0x0,
    0x0, 0x9, 0xff, 0xb0,

    /* U+0144 "ń" */
    0x0, 0x0, 0xb, 0xfa, 0x0, 0x0, 0x0, 0x2f,
    0xe1, 0x0, 0x0, 0x0, 0x9f, 0x40, 0x0, 0x0,
    0x0, 0x0, 0x0, 0x0, 0xaf, 0xc1, 0x9e, 0xfc,
    0x30, 0xaf, 0xcc, 0xff, 0xff, 0xf3, 0xaf, 0xfc,
    0x21, 0x7f, 0xfa, 0xaf, 0xf1, 0x0, 0xd, 0xfd,
    0xaf, 0xe0, 0x0, 0xa, 0xfe, 0xaf, 0xe0, 0x0,
    0xa, 0xfe, 0xaf, 0xe0, 0x0, 0xa, 0xfe, 0xaf,
    0xe0, 0x0, 0xa, 0xfe, 0xaf, 0xe0, 0x0, 0xa,
    0xfe, 0xaf, 0xe0, 0x0, 0xa, 0xfe, 0xaf, 0xe0,
    0x0, 0xa, 0xfe,

    /* U+0145 "Ņ" */
    0x8f, 0xfb, 0x0, 0x0, 0x0, 0xef, 0xb8, 0xff,
    0xf6, 0x0, 0x0, 0xe, 0xfb, 0x8f, 0xff, 0xf1,
    0x0, 0x0, 0xef, 0xb8, 0xff, 0xdf, 0xb0, 0x0,
    0xe, 0xfb, 0x8f, 0xf4, 0xff, 0x50, 0x0, 0xef,
    0xb8, 0xff, 0x1b, 0xfe, 0x10, 0xe, 0xfb, 0x8f,
    0xf1, 0x2f, 0xfa, 0x0, 0xef, 0xb8, 0xff, 0x10,
    0x7f, 0xf4, 0xe, 0xfb, 0x8f, 0xf2, 0x0, 0xdf,
    0xe0, 0xef, 0xb8, 0xff, 0x20, 0x3, 0xff, 0x7d,
    0xfb, 0x8f, 0xf2, 0x0, 0x8, 0xff, 0xdf, 0xb8,
    0xff, 0x20, 0x0, 0xd, 0xff, 0xfb, 0x8f, 0xf2,
    0x0, 0x0, 0x3f, 0xff, 0xb8, 0xff, 0x20, 0x0,
    0x0, 0x9f, 0xfb, 0x0, 0x0, 0x0, 0x0, 0x0,
    0x0, 0x0, 0x0, 0x0, 0xbf, 0x90, 0x0, 0x0,
    0x0, 0x0, 0xf, 0xf3, 0x0, 0x0, 0x0, 0x0,
    0x3, 0xfc, 0x0, 0x0, 0x0, 0x0, 0x0, 0x38,
    0x40, 0x0, 0x0, 0x0,

    /* U+0146 "ņ" */
    0xaf, 0xc1, 0x9e, 0xfc, 0x30, 0xaf, 0xcc, 0xff,
    0xff, 0xf3, 0xaf, 0xfc, 0x21, 0x7f, 0xfa, 0xaf,
    0xf1, 0x0, 0xd, 0xfd, 0xaf, 0xe0, 0x0, 0xa,
    0xfe, 0xaf, 0xe0, 0x0, 0xa, 0xfe, 0xaf, 0xe0,
    0x0, 0xa, 0xfe, 0xaf, 0xe0, 0x0, 0xa, 0xfe,
    0xaf, 0xe0, 0x0, 0xa, 0xfe, 0xaf, 0xe0, 0x0,
    0xa, 0xfe, 0xaf, 0xe0, 0x0, 0xa, 0xfe, 0x0,
    0x0, 0x0, 0x0, 0x0, 0x0, 0x3, 0xff, 0x20,
    0x0, 0x0, 0x7, 0xfb, 0x0, 0x0, 0x0, 0xb,
    0xf5, 0x0, 0x0, 0x0, 0x7, 0x80, 0x0, 0x0,

    /* U+0147 "Ň" */
    0x0, 0xa, 0xf9, 0x6, 0xfd, 0x0, 0x0, 0x0,
    0xb, 0xf9, 0xfe, 0x10, 0x0, 0x0, 0x0, 0xc,
    0xfe, 0x20, 0x0, 0x0, 0x0, 0x0, 0x0, 0x0,
    0x0, 0x0, 0x0, 0x0, 0x0, 0x0, 0x0, 0x0,
    0x8, 0xff, 0xb0, 0x0, 0x0, 0xe, 0xfb, 0x8f,
    0xff, 0x60, 0x0, 0x0, 0xef, 0xb8, 0xff, 0xff,
    0x10, 0x0, 0xe, 0xfb, 0x8f, 0xfd, 0xfb, 0x0,
    0x0, 0xef, 0xb8, 0xff, 0x4f, 0xf5, 0x0, 0xe,
    0xfb, 0x8f, 0xf1, 0xbf, 0xe1, 0x0, 0xef, 0xb8,
    0xff, 0x12, 0xff, 0xa0, 0xe, 0xfb, 0x8f, 0xf1,
    0x7, 0xff, 0x40, 0xef, 0xb8, 0xff, 0x20, 0xd,
    0xfe, 0xe, 0xfb, 0x8f, 0xf2, 0x0, 0x3f, 0xf7,
    0xdf, 0xb8, 0xff, 0x20, 0x0, 0x8f, 0xfd, 0xfb,
    0x8f, 0xf2, 0x0, 0x0, 0xdf, 0xff, 0xb8, 0xff,
    0x20, 0x0, 0x3, 0xff, 0xfb, 0x8f, 0xf2, 0x0,
    0x0, 0x9, 0xff, 0xb0,

    /* U+0148 "ň" */
    0x2, 0xef, 0x31, 0xdf, 0x50, 0x0, 0x1d, 0xfd,
    0xf4, 0x0, 0x0, 0x1, 0x78, 0x30, 0x0, 0x0,
    0x0, 0x0, 0x0, 0x0, 0xaf, 0xc1, 0x9e, 0xfc,
    0x30, 0xaf, 0xcc, 0xff, 0xff, 0xf3, 0xaf, 0xfc,
    0x21, 0x7f, 0xfa, 0xaf, 0xf1, 0x0, 0xd, 0xfd,
    0xaf, 0xe0, 0x0, 0xa, 0xfe, 0xaf, 0xe0, 0x0,
    0xa, 0xfe, 0xaf, 0xe0, 0x0, 0xa, 0xfe, 0xaf,
    0xe0, 0x0, 0xa, 0xfe, 0xaf, 0xe0, 0x0, 0xa,
    0xfe, 0xaf, 0xe0, 0x0, 0xa, 0xfe, 0xaf, 0xe0,
    0x0, 0xa, 0xfe,

    /* U+014A "Ŋ" */
    0x8f, 0xfb, 0x0, 0x0, 0x0, 0xef, 0xb8, 0xff,
    0xf6, 0x0, 0x0, 0xe, 0xfb, 0x8f, 0xff, 0xf1,
    0x0, 0x0, 0xef, 0xb8, 0xff, 0xdf, 0xb0, 0x0,
    0xe, 0xfb, 0x8f, 0xf4, 0xff, 0x50, 0x0, 0xef,
    0xb8, 0xff, 0x1b, 0xfe, 0x10, 0xe, 0xfb, 0x8f,
    0xf1, 0x2f, 0xfa, 0x0, 0xef, 0xb8, 0xff, 0x10,
    0x7f, 0xf4, 0xe, 0xfb, 0x8f, 0xf2, 0x0, 0xdf,
    0xe0, 0xef, 0xb8, 0xff, 0x20, 0x3, 0xff, 0x7d,
    0xfb, 0x8f, 0xf2, 0x0, 0x8, 0xff, 0xdf, 0xb8,
    0xff, 0x20, 0x0, 0xd, 0xff, 0xfb, 0x8f, 0xf2,
    0x0, 0x0, 0x3f, 0xff, 0xb8, 0xff, 0x20, 0x0,
    0x0, 0x9f, 0xfc, 0x0, 0x0, 0x0, 0x0, 0x0,
    0xdf, 0xc0, 0x0, 0x0, 0x0, 0x1, 0x2e, 0xfb,
    0x0, 0x0, 0x0, 0x0, 0xef, 0xff, 0x70, 0x0,
    0x0, 0x0, 0xd, 0xfe, 0x80,

    /* U+014B "ŋ" */
    0xaf, 0xc1, 0x9e, 0xfc, 0x30, 0xaf, 0xcc, 0xff,
    0xff, 0xf3, 0xaf, 0xfc, 0x21, 0x7f, 0xfa, 0xaf,
    0xf1, 0x0, 0xc, 0xfd, 0xaf, 0xe0, 0x0, 0xa,
    0xfe, 0xaf, 0xe0, 0x0, 0xa, 0xfe, 0xaf, 0xe0,
    0x0, 0xa, 0xfe, 0xaf, 0xe0, 0x0, 0xa, 0xfe,
    0xaf, 0xe0, 0x0, 0xa, 0xfe, 0xaf, 0xe0, 0x0,
    0xa, 0xfe, 0xaf, 0xe0, 0x0, 0xa, 0xfe, 0x0,
    0x0, 0x0, 0xa, 0xfe, 0x0, 0x0, 0x1, 0x2d,
    0xfd, 0x0, 0x0, 0xc, 0xff, 0xf9, 0x0, 0x0,
    0xb, 0xfe, 0x90,

    /* U+014C "Ō" */
    0x0, 0x1, 0xbb, 0xbb, 0xb5, 0x0, 0x0, 0x0,
    0x1, 0xff, 0xff, 0xf7, 0x0, 0x0, 0x0, 0x0,
    0x0, 0x0, 0x0, 0x0, 0x0, 0x0, 0x0, 0x0,
    0x0, 0x0, 0x0, 0x0, 0x0, 0x0, 0x0, 0x0,
    0x0, 0x0, 0x0, 0x0, 0x3, 0xad, 0xfe, 0xc6,
    0x0, 0x0, 0x0, 0x9f, 0xff, 0xff, 0xff, 0xd2,
    0x0, 0x9, 0xff, 0xe7, 0x56, 0xbf, 0xfd, 0x10,
    0x3f, 0xfc, 0x0, 0x0, 0x7, 0xff, 0x90, 0x9f,
    0xf2, 0x0, 0x0, 0x0, 0xcf, 0xe0, 0xdf, 0xc0,
    0x0, 0x0, 0x0, 0x7f, 0xf3, 0xff, 0xa0, 0x0,
    0x0, 0x0, 0x4f, 0xf4, 0xff, 0xa0, 0x0, 0x0,
    0x0, 0x4f, 0xf4, 0xdf, 0xc0, 0x0, 0x0, 0x0,
    0x6f, 0xf3, 0x9f, 0xf2, 0x0, 0x0, 0x0, 0xcf,
    0xe0, 0x3f, 0xfc, 0x0, 0x0, 0x7, 0xff, 0x90,
    0x9, 0xff, 0xe7, 0x56, 0xbf, 0xfe, 0x10, 0x0,
    0x9f, 0xff, 0xff, 0xff, 0xd2, 0x0, 0x0, 0x4,
    0xad, 0xfe, 0xc6, 0x0, 0x0,

    /* U+014D "ō" */
    0x0, 0xb, 0xff, 0xff, 0xe0, 0x0, 0x0, 0x7,
    0xbb, 0xbb, 0x90, 0x0, 0x0, 0x0, 0x0, 0x0,
    0x0, 0x0, 0x0, 0x5, 0xce, 0xfc, 0x70, 0x0,
    0x0, 0x9f, 0xff, 0xff, 0xfc, 0x0, 0x5, 0xff,
    0xa2, 0x28, 0xff, 0x80, 0xc, 0xfd, 0x0, 0x0,
    0xbf, 0xf0, 0xf, 0xf8, 0x0, 0x0, 0x6f, 0xf3,
    0x1f, 0xf7, 0x0, 0x0, 0x4f, 0xf4, 0xf, 0xf8,
    0x0, 0x0, 0x6f, 0xf3, 0xc, 0xfd, 0x0, 0x0,
    0xbf, 0xf0, 0x6, 0xff, 0xa2, 0x18, 0xff, 0x80,
    0x0, 0xaf, 0xff, 0xff, 0xfc, 0x0, 0x0, 0x5,
    0xce, 0xfc, 0x70, 0x0,

    /* U+014E "Ŏ" */
    0x0, 0x6, 0xf3, 0x0, 0xdc, 0x0, 0x0, 0x0,
    0x1, 0xee, 0x8b, 0xf6, 0x0, 0x0, 0x0, 0x0,
    0x3c, 0xfe, 0x70, 0x0, 0x0, 0x0, 0x0, 0x0,
    0x0, 0x0, 0x0, 0x0, 0x0, 0x0, 0x0, 0x0,
    0x0, 0x0, 0x0, 0x0, 0x3, 0xad, 0xfe, 0xc6,
    0x0, 0x0, 0x0, 0x9f, 0xff, 0xff, 0xff, 0xd2,
    0x0, 0x9, 0xff, 0xe7, 0x56, 0xbf, 0xfd, 0x10,
    0x3f, 0xfc, 0x0, 0x0, 0x7, 0xff, 0x90, 0x9f,
    0xf2, 0x0, 0x0, 0x0, 0xcf, 0xe0, 0xdf, 0xc0,
    0x0, 0x0, 0x0, 0x7f, 0xf3, 0xff, 0xa0, 0x0,
    0x0, 0x0, 0x4f, 0xf4, 0xff, 0xa0, 0x0, 0x0,
    0x0, 0x4f, 0xf4, 0xdf, 0xc0, 0x0, 0x0, 0x0,
    0x6f, 0xf3, 0x9f, 0xf2, 0x0, 0x0, 0x0, 0xcf,
    0xe0, 0x3f, 0xfc, 0x0, 0x0, 0x7, 0xff, 0x90,
    0x9, 0xff, 0xe7, 0x56, 0xbf, 0xfe, 0x10, 0x0,
    0x9f, 0xff, 0xff, 0xff, 0xd2, 0x0, 0x0, 0x4,
    0xad, 0xfe, 0xc6, 0x0, 0x0,

    /* U+014F "ŏ" */
    0x0, 0x8, 0x40, 0x2, 0x81, 0x0, 0x0, 0xd,
    0xe4, 0x3c, 0xf1, 0x0, 0x0, 0x3, 0xef, 0xff,
    0x50, 0x0, 0x0, 0x0, 0x4, 0x40, 0x0, 0x0,
    0x0, 0x0, 0x0, 0x0, 0x0, 0x0, 0x0, 0x5,
    0xce, 0xfc, 0x70, 0x0, 0x0, 0x9f, 0xff, 0xff,
    0xfc, 0x0, 0x5, 0xff, 0xa2, 0x28, 0xff, 0x80,
    0xc, 0xfd, 0x0, 0x0, 0xbf, 0xf0, 0xf, 0xf8,
    0x0, 0x0, 0x6f, 0xf3, 0x1f, 0xf7, 0x0, 0x0,
    0x4f, 0xf4, 0xf, 0xf8, 0x0, 0x0, 0x6f, 0xf3,
    0xc, 0xfd, 0x0, 0x0, 0xbf, 0xf0, 0x6, 0xff,
    0xa2, 0x18, 0xff, 0x80, 0x0, 0xaf, 0xff, 0xff,
    0xfc, 0x0, 0x0, 0x5, 0xce, 0xfc, 0x70, 0x0,

    /* U+0150 "Ő" */
    0x0, 0x0, 0xcf, 0x80, 0xef, 0x70, 0x0, 0x0,
    0x2, 0xfe, 0x18, 0xfa, 0x0, 0x0, 0x0, 0x7,
    0xf6, 0x1e, 0xd0, 0x0, 0x0, 0x0, 0x0, 0x0,
    0x0, 0x0, 0x0, 0x0, 0x0, 0x0, 0x0, 0x0,
    0x0, 0x0, 0x0, 0x0, 0x3, 0xad, 0xfe, 0xc6,
    0x0, 0x0, 0x0, 0x9f, 0xff, 0xff, 0xff, 0xd2,
    0x0, 0x9, 0xff, 0xe7, 0x56, 0xbf, 0xfd, 0x10,
    0x3f, 0xfc, 0x0, 0x0, 0x7, 0xff, 0x90, 0x9f,
    0xf2, 0x0, 0x0, 0x0, 0xcf, 0xe0, 0xdf, 0xc0,
    0x0, 0x0, 0x0, 0x7f, 0xf3, 0xff, 0xa0, 0x0,
    0x0, 0x0, 0x4f, 0xf4, 0xff, 0xa0, 0x0, 0x0,
    0x0, 0x4f, 0xf4, 0xdf, 0xc0, 0x0, 0x0, 0x0,
    0x6f, 0xf3, 0x9f, 0xf2, 0x0, 0x0, 0x0, 0xcf,
    0xe0, 0x3f, 0xfc, 0x0, 0x0, 0x7, 0xff, 0x90,
    0x9, 0xff, 0xe7, 0x56, 0xbf, 0xfe, 0x10, 0x0,
    0x9f, 0xff, 0xff, 0xff, 0xd2, 0x0, 0x0, 0x4,
    0xad, 0xfe, 0xc6, 0x0, 0x0,

    /* U+0151 "ő" */
    0x0, 0x6, 0xfe, 0x9, 0xfc, 0x0, 0x0, 0xb,
    0xf6, 0x2f, 0xe2, 0x0, 0x0, 0x1f, 0xc0, 0xaf,
    0x40, 0x0, 0x0, 0x0, 0x0, 0x0, 0x0, 0x0,
    0x0, 0x5, 0xce, 0xfc, 0x70, 0x0, 0x0, 0x9f,
    0xff, 0xff, 0xfc, 0x0, 0x5, 0xff, 0xa2, 0x28,
    0xff, 0x80, 0xc, 0xfd, 0x0, 0x0, 0xbf, 0xf0,
    0xf, 0xf8, 0x0, 0x0, 0x6f, 0xf3, 0x1f, 0xf7,
    0x0, 0x0, 0x4f, 0xf4, 0xf, 0xf8, 0x0, 0x0,
    0x6f, 0xf3, 0xc, 0xfd, 0x0, 0x0, 0xbf, 0xf0,
    0x6, 0xff, 0xa2, 0x18, 0xff, 0x80, 0x0, 0xaf,
    0xff, 0xff, 0xfc, 0x0, 0x0, 0x5, 0xce, 0xfc,
    0x70, 0x0,

    /* U+0152 "Œ" */
    0x0, 0x3, 0x9d, 0xff, 0xff, 0xff, 0xff, 0xff,
    0xff, 0x10, 0x9, 0xff, 0xff, 0xff, 0xff, 0xff,
    0xff, 0xff, 0xf1, 0x8, 0xff, 0xd6, 0x33, 0x7f,
    0xf6, 0x33, 0x33, 0x33, 0x3, 0xff, 0xb0, 0x0,
    0x6, 0xff, 0x30, 0x0, 0x0, 0x0, 0x9f, 0xf1,
    0x0, 0x0, 0x6f, 0xf3, 0x0, 0x0, 0x0, 0xd,
    0xfc, 0x0, 0x0, 0x6, 0xff, 0x52, 0x22, 0x22,
    0x10, 0xff, 0xa0, 0x0, 0x0, 0x6f, 0xff, 0xff,
    0xff, 0xf9, 0xf, 0xf9, 0x0, 0x0, 0x6, 0xff,
    0xff, 0xff, 0xff, 0x90, 0xdf, 0xb0, 0x0, 0x0,
    0x6f, 0xf3, 0x0, 0x0, 0x0, 0x9, 0xff, 0x10,
    0x0, 0x6, 0xff, 0x30, 0x0, 0x0, 0x0, 0x3f,
    0xfb, 0x0, 0x0, 0x6f, 0xf3, 0x0, 0x0, 0x0,
    0x0, 0x8f, 0xfc, 0x63, 0x37, 0xff, 0x63, 0x33,
    0x33, 0x30, 0x0, 0x9f, 0xff, 0xff, 0xff, 0xff,
    0xff, 0xff, 0xff, 0x20, 0x0, 0x3a, 0xdf, 0xff,
    0xff, 0xff, 0xff, 0xff, 0xf2,

    /* U+0153 "œ" */
    0x0, 0x5, 0xce, 0xfc, 0x70, 0x5, 0xce, 0xfc,
    0x60, 0x0, 0x9, 0xff, 0xff, 0xff, 0xca, 0xff,
    0xff, 0xff, 0xa0, 0x5, 0xff, 0xa2, 0x28, 0xff,
    0xff, 0x82, 0x28, 0xff, 0x60, 0xcf, 0xd0, 0x0,
    0xb, 0xff, 0xb0, 0x0, 0xb, 0xfc, 0xf, 0xf8,
    0x0, 0x0, 0x6f, 0xff, 0xbb, 0xbb, 0xdf, 0xe1,
    0xff, 0x70, 0x0, 0x6, 0xff, 0xff, 0xff, 0xff,
    0xff, 0xf, 0xf8, 0x0, 0x0, 0x6f, 0xfb, 0x0,
    0x0, 0x0, 0x0, 0xcf, 0xd0, 0x0, 0xb, 0xff,
    0xd0, 0x0, 0x3, 0x30, 0x6, 0xff, 0xa2, 0x18,
    0xff, 0xff, 0xa2, 0x15, 0xff, 0x90, 0xa, 0xff,
    0xff, 0xff, 0xca, 0xff, 0xff, 0xff, 0xd1, 0x0,
    0x5, 0xce, 0xfc, 0x70, 0x5, 0xce, 0xfd, 0x81,
    0x0,

    /* U+0154 "Ŕ" */
    0x0, 0x0, 0x5, 0xfe, 0x10, 0x0, 0x0, 0x0,
    0xd, 0xf5, 0x0, 0x0, 0x0, 0x0, 0x4f, 0xa0,
    0x0, 0x0, 0x0, 0x0, 0x0, 0x0, 0x0, 0x0,
    0x0, 0x0, 0x0, 0x0, 0x0, 0x0, 0x8f, 0xff,
    0xff, 0xfd, 0x80, 0x0, 0x8f, 0xff, 0xff, 0xff,
    0xfd, 0x10, 0x8f, 0xf3, 0x23, 0x4b, 0xff, 0x90,
    0x8f, 0xf1, 0x0, 0x0, 0xdf, 0xe0, 0x8f, 0xf1,
    0x0, 0x0, 0xaf, 0xf0, 0x8f, 0xf1, 0x0, 0x0,
    0xdf, 0xe0, 0x8f, 0xf3, 0x22, 0x4a, 0xff, 0x90,
    0x8f, 0xff, 0xff, 0xff, 0xfd, 0x10, 0x8f, 0xff,
    0xff, 0xff, 0xb0, 0x0, 0x8f, 0xf1, 0x0, 0xef,
    0xe0, 0x0, 0x8f, 0xf1, 0x0, 0x5f, 0xf8, 0x0,
    0x8f, 0xf1, 0x0, 0xc, 0xff, 0x20, 0x8f, 0xf1,
    0x0, 0x3, 0xff, 0xb0, 0x8f, 0xf1, 0x0, 0x0,
    0xaf, 0xf4,

    /* U+0155 "ŕ" */
    0x0, 0x7, 0xfd, 0x0, 0x0, 0xef, 0x30, 0x0,
    0x5f, 0x80, 0x0, 0x0, 0x0, 0x0, 0xaf, 0xd2,
    0xcf, 0x8a, 0xfd, 0xef, 0xf8, 0xaf, 0xfd, 0x42,
    0x1a, 0xff, 0x20, 0x0, 0xaf, 0xe0, 0x0, 0xa,
    0xfe, 0x0, 0x0, 0xaf, 0xe0, 0x0, 0xa, 0xfe,
    0x0, 0x0, 0xaf, 0xe0, 0x0, 0xa, 0xfe, 0x0,
    0x0, 0xaf, 0xe0, 0x0, 0x0,

    /* U+0156 "Ŗ" */
    0x8f, 0xff, 0xff, 0xfd, 0x80, 0x0, 0x8f, 0xff,
    0xff, 0xff, 0xfd, 0x10, 0x8f, 0xf3, 0x23, 0x4b,
    0xff, 0x90, 0x8f, 0xf1, 0x0, 0x0, 0xdf, 0xe0,
    0x8f, 0xf1, 0x0, 0x0, 0xaf, 0xf0, 0x8f, 0xf1,
    0x0, 0x0, 0xdf, 0xe0, 0x8f, 0xf3, 0x22, 0x4a,
    0xff, 0x90, 0x8f, 0xff, 0xff, 0xff, 0xfd, 0x10,
    0x8f, 0xff, 0xff, 0xff, 0xb0, 0x0, 0x8f, 0xf1,
    0x0, 0xef, 0xe0, 0x0, 0x8f, 0xf1, 0x0, 0x5f,
    0xf8, 0x0, 0x8f, 0xf1, 0x0, 0xc, 0xff, 0x20,
    0x8f, 0xf1, 0x0, 0x3, 0xff, 0xb0, 0x8f, 0xf1,
    0x0, 0x0, 0xaf, 0xf4, 0x0, 0x0, 0x0, 0x0,
    0x0, 0x0, 0x0, 0x0, 0xaf, 0xa0, 0x0, 0x0,
    0x0, 0x0, 0xef, 0x40, 0x0, 0x0, 0x0, 0x2,
    0xfd, 0x0, 0x0, 0x0, 0x0, 0x2, 0x84, 0x0,
    0x0, 0x0,

    /* U+0157 "ŗ" */
    0x0, 0x0, 0x0, 0x0, 0xa, 0xfd, 0x2c, 0xf8,
    0xa, 0xfd, 0xef, 0xf8, 0xa, 0xff, 0xd4, 0x21,
    0xa, 0xff, 0x20, 0x0, 0xa, 0xfe, 0x0, 0x0,
    0xa, 0xfe, 0x0, 0x0, 0xa, 0xfe, 0x0, 0x0,
    0xa, 0xfe, 0x0, 0x0, 0xa, 0xfe, 0x0, 0x0,
    0xa, 0xfe, 0x0, 0x0, 0xa, 0xfe, 0x0, 0x0,
    0x0, 0x0, 0x0, 0x0, 0xb, 0xf9, 0x0, 0x0,
    0xe, 0xf3, 0x0, 0x0, 0x3f, 0xd0, 0x0, 0x0,
    0x38, 0x40, 0x0, 0x0,

    /* U+0158 "Ř" */
    0x0, 0xcf, 0x70, 0x9f, 0xb0, 0x0, 0x0, 0x1d,
    0xf9, 0xfc, 0x0, 0x0, 0x0, 0x2, 0xef, 0xd1,
    0x0, 0x0, 0x0, 0x0, 0x0, 0x0, 0x0, 0x0,
    0x0, 0x0, 0x0, 0x0, 0x0, 0x0, 0x8f, 0xff,
    0xff, 0xfd, 0x80, 0x0, 0x8f, 0xff, 0xff, 0xff,
    0xfd, 0x10, 0x8f, 0xf3, 0x23, 0x4b, 0xff, 0x90,
    0x8f, 0xf1, 0x0, 0x0, 0xdf, 0xe0, 0x8f, 0xf1,
    0x0, 0x0, 0xaf, 0xf0, 0x8f, 0xf1, 0x0, 0x0,
    0xdf, 0xe0, 0x8f, 0xf3, 0x22, 0x4a, 0xff, 0x90,
    0x8f, 0xff, 0xff, 0xff, 0xfd, 0x10, 0x8f, 0xff,
    0xff, 0xff, 0xb0, 0x0, 0x8f, 0xf1, 0x0, 0xef,
    0xe0, 0x0, 0x8f, 0xf1, 0x0, 0x5f, 0xf8, 0x0,
    0x8f, 0xf1, 0x0, 0xc, 0xff, 0x20, 0x8f, 0xf1,
    0x0, 0x3, 0xff, 0xb0, 0x8f, 0xf1, 0x0, 0x0,
    0xaf, 0xf4,

    /* U+0159 "ř" */
    0xb, 0xf7, 0xb, 0xf8, 0x0, 0xb, 0xfc, 0xf7,
    0x0, 0x0, 0x7, 0x85, 0x0, 0x0, 0x0, 0x0,
    0x0, 0x0, 0xa, 0xfd, 0x2c, 0xf8, 0x0, 0xaf,
    0xde, 0xff, 0x80, 0xa, 0xff, 0xd4, 0x21, 0x0,
    0xaf, 0xf2, 0x0, 0x0, 0xa, 0xfe, 0x0, 0x0,
    0x0, 0xaf, 0xe0, 0x0, 0x0, 0xa, 0xfe, 0x0,
    0x0, 0x0, 0xaf, 0xe0, 0x0, 0x0, 0xa, 0xfe,
    0x0, 0x0, 0x0, 0xaf, 0xe0, 0x0, 0x0, 0xa,
    0xfe, 0x0, 0x0, 0x0,

    /* U+015A "Ś" */
    0x0, 0x0, 0x0, 0x5f, 0xe1, 0x0, 0x0, 0x0,
    0x0, 0xc, 0xf5, 0x0, 0x0, 0x0, 0x0, 0x3,
    0xfb, 0x0, 0x0, 0x0, 0x0, 0x0, 0x0, 0x0,
    0x0, 0x0, 0x0, 0x0, 0x0, 0x0, 0x0, 0x0,
    0x0, 0x0, 0x4a, 0xef, 0xeb, 0x60, 0x0, 0x0,
    0x9f, 0xff, 0xff, 0xff, 0xb0, 0x0, 0x5f, 0xfd,
    0x53, 0x5b, 0xff, 0x70, 0x9, 0xff, 0x10, 0x0,
    0xd, 0xfc, 0x0, 0x9f, 0xf2, 0x0, 0x0, 0x0,
    0x0, 0x4, 0xff, 0xe7, 0x20, 0x0, 0x0, 0x0,
    0x5, 0xef, 0xff, 0xe9, 0x40, 0x0, 0x0, 0x0,
    0x5a, 0xef, 0xff, 0xb1, 0x0, 0x0, 0x0, 0x0,
    0x29, 0xff, 0xa0, 0x4, 0x42, 0x0, 0x0, 0xa,
    0xff, 0x0, 0xff, 0xc0, 0x0, 0x0, 0xbf, 0xf0,
    0x9, 0xff, 0xb5, 0x35, 0xbf, 0xfb, 0x0, 0x1c,
    0xff, 0xff, 0xff, 0xfe, 0x20, 0x0, 0x6, 0xce,
    0xfe, 0xc7, 0x0, 0x0,

    /* U+015B "ś" */
    0x0, 0x0, 0x4, 0xff, 0x10, 0x0, 0x0, 0x0,
    0xbf, 0x60, 0x0, 0x0, 0x0, 0x2f, 0xb0, 0x0,
    0x0, 0x0, 0x0, 0x0, 0x0, 0x0, 0x0, 0x2a,
    0xef, 0xea, 0x30, 0x0, 0x3f, 0xff, 0xef, 0xff,
    0x30, 0xb, 0xfe, 0x20, 0x1c, 0xfa, 0x0, 0xcf,
    0xd0, 0x0, 0x10, 0x0, 0x7, 0xff, 0xe9, 0x62,
    0x0, 0x0, 0x8, 0xff, 0xff, 0xfc, 0x20, 0x0,
    0x0, 0x37, 0xbf, 0xfd, 0x0, 0x25, 0x20, 0x0,
    0x8f, 0xf1, 0xe, 0xfc, 0x10, 0x1c, 0xff, 0x0,
    0x5f, 0xff, 0xff, 0xff, 0x60, 0x0, 0x4b, 0xef,
    0xeb, 0x40, 0x0,

    /* U+015C "Ŝ" */
    0x0, 0x0, 0x1d, 0xfd, 0x10, 0x0, 0x0, 0x0,
    0xd, 0xf9, 0xfc, 0x0, 0x0, 0x0, 0xc, 0xf8,
    0x8, 0xfb, 0x0, 0x0, 0x0, 0x0, 0x0, 0x0,
    0x0, 0x0, 0x0, 0x0, 0x0, 0x0, 0x0, 0x0,
    0x0, 0x0, 0x4a, 0xef, 0xeb, 0x60, 0x0, 0x0,
    0x9f, 0xff, 0xff, 0xff, 0xb0, 0x0, 0x5f, 0xfd,
    0x53, 0x5b, 0xff, 0x70, 0x9, 0xff, 0x10, 0x0,
    0xd, 0xfc, 0x0, 0x9f, 0xf2, 0x0, 0x0, 0x0,
    0x0, 0x4, 0xff, 0xe7, 0x20, 0x0, 0x0, 0x0,
    0x5, 0xef, 0xff, 0xe9, 0x40, 0x0, 0x0, 0x0,
    0x5a, 0xef, 0xff, 0xb1, 0x0, 0x0, 0x0, 0x0,
    0x29, 0xff, 0xa0, 0x4, 0x42, 0x0, 0x0, 0xa,
    0xff, 0x0, 0xff, 0xc0, 0x0, 0x0, 0xbf, 0xf0,
    0x9, 0xff, 0xb5, 0x35, 0xbf, 0xfb, 0x0, 0x1c,
    0xff, 0xff, 0xff, 0xfe, 0x20, 0x0, 0x6, 0xce,
    0xfe, 0xc7, 0x0, 0x0,

    /* U+015D "ŝ" */
    0x0, 0x0, 0x58, 0x60, 0x0, 0x0, 0x0, 0x6f,
    0xff, 0x70, 0x0, 0x0, 0x4f, 0xe1, 0xcf, 0x50,
    0x0, 0x7, 0x82, 0x2, 0x87, 0x0, 0x0, 0x0,
    0x0, 0x0, 0x0, 0x0, 0x2, 0xae, 0xfe, 0xa3,
    0x0, 0x3, 0xff, 0xfe, 0xff, 0xf3, 0x0, 0xbf,
    0xe2, 0x1, 0xcf, 0xa0, 0xc, 0xfd, 0x0, 0x1,
    0x0, 0x0, 0x7f, 0xfe, 0x96, 0x20, 0x0, 0x0,
    0x8f, 0xff, 0xff, 0xc2, 0x0, 0x0, 0x3, 0x7b,
    0xff, 0xd0, 0x2, 0x52, 0x0, 0x8, 0xff, 0x10,
    0xef, 0xc1, 0x1, 0xcf, 0xf0, 0x5, 0xff, 0xff,
    0xff, 0xf6, 0x0, 0x4, 0xbe, 0xfe, 0xb4, 0x0,

    /* U+015E "Ş" */
    0x0, 0x4, 0xae, 0xfe, 0xb6, 0x0, 0x0, 0x9,
    0xff, 0xff, 0xff, 0xfb, 0x0, 0x5, 0xff, 0xd5,
    0x35, 0xbf, 0xf7, 0x0, 0x9f, 0xf1, 0x0, 0x0,
    0xdf, 0xc0, 0x9, 0xff, 0x20, 0x0, 0x0, 0x0,
    0x0, 0x4f, 0xfe, 0x72, 0x0, 0x0, 0x0, 0x0,
    0x5e, 0xff, 0xfe, 0x94, 0x0, 0x0, 0x0, 0x5,
    0xae, 0xff, 0xfb, 0x10, 0x0, 0x0, 0x0, 0x2,
    0x9f, 0xfa, 0x0, 0x44, 0x20, 0x0, 0x0, 0xaf,
    0xf0, 0xf, 0xfc, 0x0, 0x0, 0xb, 0xff, 0x0,
    0x9f, 0xfb, 0x53, 0x5b, 0xff, 0xb0, 0x1, 0xcf,
    0xff, 0xff, 0xff, 0xe2, 0x0, 0x0, 0x6c, 0xff,
    0xfc, 0x70, 0x0, 0x0, 0x0, 0x2, 0xf5, 0x0,
    0x0, 0x0, 0x0, 0x0, 0x29, 0xeb, 0x0, 0x0,
    0x0, 0x0, 0x1, 0x1b, 0xe0, 0x0, 0x0, 0x0,
    0x0, 0xaf, 0xe6, 0x0, 0x0,

    /* U+015F "ş" */
    0x0, 0x2a, 0xef, 0xea, 0x30, 0x0, 0x3f, 0xff,
    0xef, 0xff, 0x30, 0xb, 0xfe, 0x20, 0x1c, 0xfa,
    0x0, 0xcf, 0xd0, 0x0, 0x10, 0x0, 0x7, 0xff,
    0xe9, 0x62, 0x0, 0x0, 0x8, 0xff, 0xff, 0xfc,
    0x20, 0x0, 0x0, 0x37, 0xbf, 0xfd, 0x0, 0x25,
    0x20, 0x0, 0x8f, 0xf1, 0xe, 0xfc, 0x10, 0x1c,
    0xff, 0x0, 0x5f, 0xff, 0xff, 0xff, 0x60, 0x0,
    0x4b, 0xef, 0xfb, 0x40, 0x0, 0x0, 0x1, 0xf5,
    0x0, 0x0, 0x0, 0x0, 0x29, 0xec, 0x0, 0x0,
    0x0, 0x1, 0x1a, 0xe0, 0x0, 0x0, 0x0, 0xaf,
    0xe6, 0x0, 0x0,

    /* U+0160 "Š" */
    0x0, 0xc, 0xf7, 0x7, 0xfc, 0x0, 0x0, 0x0,
    0x1e, 0xf5, 0xfe, 0x20, 0x0, 0x0, 0x0, 0x3f,
    0xff, 0x40, 0x0, 0x0, 0x0, 0x0, 0x46, 0x40,
    0x0, 0x0, 0x0, 0x0, 0x0, 0x0, 0x0, 0x0,
    0x0, 0x0, 0x4a, 0xef, 0xec, 0x71, 0x0, 0x0,
    0x9f, 0xff, 0xff, 0xff, 0xe2, 0x0, 0x5f, 0xfd,
    0x53, 0x48, 0xff, 0xa0, 0x9, 0xff, 0x10, 0x0,
    0x3, 0x54, 0x0, 0x9f, 0xf2, 0x0, 0x0, 0x0,
    0x0, 0x4, 0xff, 0xe7, 0x20, 0x0, 0x0, 0x0,
    0x5, 0xef, 0xff, 0xe9, 0x40, 0x0, 0x0, 0x0,
    0x5a, 0xef, 0xff, 0xb1, 0x0, 0x0, 0x0, 0x0,
    0x29, 0xff, 0xa0, 0x7, 0x74, 0x0, 0x0, 0xa,
    0xff, 0x0, 0xef, 0xd0, 0x0, 0x0, 0xbf, 0xf0,
    0x9, 0xff, 0xc5, 0x35, 0xbf, 0xfb, 0x0, 0xc,
    0xff, 0xff, 0xff, 0xfe, 0x20, 0x0, 0x6, 0xbe,
    0xfe, 0xc7, 0x0, 0x0,

    /* U+0161 "š" */
    0x0, 0x78, 0x20, 0x28, 0x70, 0x0, 0x4, 0xfe,
    0x1c, 0xf6, 0x0, 0x0, 0x5, 0xff, 0xf7, 0x0,
    0x0, 0x0, 0x5, 0x86, 0x0, 0x0, 0x0, 0x0,
    0x0, 0x0, 0x0, 0x0, 0x2, 0xae, 0xfe, 0xa3,
    0x0, 0x3, 0xff, 0xfe, 0xff, 0xf3, 0x0, 0xbf,
    0xe2, 0x1, 0xcf, 0xa0, 0xc, 0xfd, 0x0, 0x1,
    0x0, 0x0, 0x7f, 0xfe, 0x96, 0x20, 0x0, 0x0,
    0x8f, 0xff, 0xff, 0xc2, 0x0, 0x0, 0x3, 0x7b,
    0xff, 0xd0, 0x2, 0x52, 0x0, 0x8, 0xff, 0x10,
    0xef, 0xc1, 0x1, 0xcf, 0xf0, 0x5, 0xff, 0xff,
    0xff, 0xf6, 0x0, 0x4, 0xbe, 0xfe, 0xb4, 0x0,

    /* U+0162 "Ţ" */
    0x3f, 0xff, 0xff, 0xff, 0xff, 0xff, 0x63, 0xff,
    0xff, 0xff, 0xff, 0xff, 0xf6, 0x3, 0x33, 0x3c,
    0xfe, 0x33, 0x33, 0x10, 0x0, 0x0, 0xbf, 0xe0,
    0x0, 0x0, 0x0, 0x0, 0xb, 0xfe, 0x0, 0x0,
    0x0, 0x0, 0x0, 0xbf, 0xe0, 0x0, 0x0, 0x0,
    0x0, 0xb, 0xfe, 0x0, 0x0, 0x0, 0x0, 0x0,
    0xbf, 0xe0, 0x0, 0x0, 0x0, 0x0, 0xb, 0xfe,
    0x0, 0x0, 0x0, 0x0, 0x0, 0xbf, 0xe0, 0x0,
    0x0, 0x0, 0x0, 0xb, 0xfe, 0x0, 0x0, 0x0,
    0x0, 0x0, 0xbf, 0xe0, 0x0, 0x0, 0x0, 0x0,
    0xb, 0xfe, 0x0, 0x0, 0x0, 0x0, 0x0, 0xbf,
    0xf0, 0x0, 0x0, 0x0, 0x0, 0x0, 0xf4, 0x0,
    0x0, 0x0, 0x0, 0x0, 0x2b, 0xeb, 0x0, 0x0,
    0x0, 0x0, 0x1, 0x1a, 0xf0, 0x0, 0x0, 0x0,
    0x0, 0x9f, 0xe7, 0x0, 0x0,

    /* U+0163 "ţ" */
    0x2, 0x88, 0x20, 0x0, 0x4f, 0xf4, 0x0, 0x4,
    0xff, 0x40, 0xc, 0xff, 0xff, 0xf6, 0xcf, 0xff,
    0xff, 0x60, 0x4f, 0xf4, 0x0, 0x4, 0xff, 0x40,
    0x0, 0x4f, 0xf4, 0x0, 0x4, 0xff, 0x40, 0x0,
    0x4f, 0xf4, 0x0, 0x4, 0xff, 0x40, 0x0, 0x2f,
    0xf8, 0x10, 0x0, 0xdf, 0xff, 0x60, 0x2, 0xcf,
    0xf8, 0x0, 0x3, 0xf3, 0x0, 0x0, 0x3a, 0xf9,
    0x0, 0x1, 0x1c, 0xc0, 0x0, 0xcf, 0xe5,

    /* U+0164 "Ť" */
    0x0, 0x9, 0xf9, 0x6, 0xfd, 0x10, 0x0, 0x0,
    0xb, 0xf9, 0xfe, 0x10, 0x0, 0x0, 0x0, 0xc,
    0xfe, 0x20, 0x0, 0x0, 0x0, 0x0, 0x0, 0x0,
    0x0, 0x0, 0x0, 0x0, 0x0, 0x0, 0x0, 0x0,
    0x3, 0xff, 0xff, 0xff, 0xff, 0xff, 0xf6, 0x3f,
    0xff, 0xff, 0xff, 0xff, 0xff, 0x60, 0x33, 0x33,
    0xcf, 0xe3, 0x33, 0x31, 0x0, 0x0, 0xb, 0xfe,
    0x0, 0x0, 0x0, 0x0, 0x0, 0xbf, 0xe0, 0x0,
    0x0, 0x0, 0x0, 0xb, 0xfe, 0x0, 0x0, 0x0,
    0x0, 0x0, 0xbf, 0xe0, 0x0, 0x0, 0x0, 0x0,
    0xb, 0xfe, 0x0, 0x0, 0x0, 0x0, 0x0, 0xbf,
    0xe0, 0x0, 0x0, 0x0, 0x0, 0xb, 0xfe, 0x0,
    0x0, 0x0, 0x0, 0x0, 0xbf, 0xe0, 0x0, 0x0,
    0x0, 0x0, 0xb, 0xfe, 0x0, 0x0, 0x0, 0x0,
    0x0, 0xbf, 0xe0, 0x0, 0x0, 0x0, 0x0, 0xb,
    0xfe, 0x0, 0x0, 0x0,

    /* U+0165 "ť" */
    0x0, 0x0, 0x8, 0xf7, 0x0, 0x0, 0x8, 0xf5,
    0x2, 0x88, 0x28, 0xf3, 0x4, 0xff, 0x46, 0xb0,
    0x4, 0xff, 0x40, 0x0, 0xcf, 0xff, 0xff, 0x60,
    0xcf, 0xff, 0xff, 0x60, 0x4, 0xff, 0x40, 0x0,
    0x4, 0xff, 0x40, 0x0, 0x4, 0xff, 0x40, 0x0,
    0x4, 0xff, 0x40, 0x0, 0x4, 0xff, 0x40, 0x0,
    0x4, 0xff, 0x40, 0x0, 0x2, 0xff, 0x81, 0x0,
    0x0, 0xdf, 0xff, 0x60, 0x0, 0x2b, 0xef, 0x80,

    /* U+0166 "Ŧ" */
    0x3f, 0xff, 0xff, 0xff, 0xff, 0xff, 0x63, 0xff,
    0xff, 0xff, 0xff, 0xff, 0xf6, 0x3, 0x33, 0x3c,
    0xfe, 0x33, 0x33, 0x10, 0x0, 0x0, 0xbf, 0xe0,
    0x0, 0x0, 0x0, 0x0, 0xb, 0xfe, 0x0, 0x0,
    0x0, 0x0, 0x0, 0xbf, 0xe0, 0x0, 0x0, 0x0,
    0x8f, 0xff, 0xff, 0xff, 0xc0, 0x0, 0x7, 0xdd,
    0xff, 0xfd, 0xda, 0x0, 0x0, 0x0, 0xb, 0xfe,
    0x0, 0x0, 0x0, 0x0, 0x0, 0xbf, 0xe0, 0x0,
    0x0, 0x0, 0x0, 0xb, 0xfe, 0x0, 0x0, 0x0,
    0x0, 0x0, 0xbf, 0xe0, 0x0, 0x0, 0x0, 0x0,
    0xb, 0xfe, 0x0, 0x0, 0x0, 0x0, 0x0, 0xbf,
    0xe0, 0x0, 0x0,

    /* U+0167 "ŧ" */
    0x2, 0x88, 0x20, 0x0, 0x4f, 0xf4, 0x0, 0x4,
    0xff, 0x40, 0xc, 0xff, 0xff, 0xf6, 0xcf, 0xff,
    0xff, 0x60, 0x4f, 0xf4, 0x0, 0x4, 0xff, 0x40,
    0xc, 0xff, 0xff, 0xf6, 0x9c, 0xff, 0xcb, 0x40,
    0x4f, 0xf4, 0x0, 0x4, 0xff, 0x40, 0x0, 0x3f,
    0xf8, 0x10, 0x0, 0xef, 0xff, 0x60, 0x2, 0xbe,
    0xf8,

    /* U+0168 "Ũ" */
    0x0, 0x2, 0xde, 0x72, 0xf8, 0x0, 0x0, 0x0,
    0xae, 0x9f, 0xff, 0x30, 0x0, 0x0, 0x6, 0x50,
    0x26, 0x30, 0x0, 0x0, 0x0, 0x0, 0x0, 0x0,
    0x0, 0x0, 0x0, 0x0, 0x0, 0x0, 0x0, 0x0,
    0x8, 0xff, 0x10, 0x0, 0x0, 0x5f, 0xf4, 0x8f,
    0xf1, 0x0, 0x0, 0x5, 0xff, 0x48, 0xff, 0x10,
    0x0, 0x0, 0x5f, 0xf4, 0x8f, 0xf1, 0x0, 0x0,
    0x5, 0xff, 0x48, 0xff, 0x10, 0x0, 0x0, 0x5f,
    0xf4, 0x8f, 0xf1, 0x0, 0x0, 0x5, 0xff, 0x48,
    0xff, 0x10, 0x0, 0x0, 0x5f, 0xf4, 0x8f, 0xf1,
    0x0, 0x0, 0x5, 0xff, 0x48, 0xff, 0x10, 0x0,
    0x0, 0x5f, 0xf4, 0x7f, 0xf3, 0x0, 0x0, 0x7,
    0xff, 0x34, 0xff, 0xb0, 0x0, 0x1, 0xef, 0xf0,
    0xc, 0xff, 0xd7, 0x58, 0xef, 0xf8, 0x0, 0x1d,
    0xff, 0xff, 0xff, 0xfa, 0x0, 0x0, 0x7, 0xce,
    0xfe, 0xa5, 0x0, 0x0,

    /* U+0169 "ũ" */
    0x0, 0x17, 0x62, 0x28, 0x20, 0x0, 0xdf, 0xff,
    0xff, 0x10, 0x0, 0x84, 0x15, 0x72, 0x0, 0x0,
    0x0, 0x0, 0x0, 0x0, 0xaf, 0xe0, 0x0, 0xa,
    0xfe, 0xaf, 0xe0, 0x0, 0xa, 0xfe, 0xaf, 0xe0,
    0x0, 0xa, 0xfe, 0xaf, 0xe0, 0x0, 0xa, 0xfe,
    0xaf, 0xe0, 0x0, 0xa, 0xfe, 0xaf, 0xe0, 0x0,
    0xa, 0xfe, 0xaf, 0xe0, 0x0, 0xb, 0xfe, 0x9f,
    0xf1, 0x0, 0xe, 0xfe, 0x6f, 0xfc, 0x43, 0xbf,
    0xfe, 0xe, 0xff, 0xff, 0xe9, 0xfe, 0x2, 0xaf,
    0xfb, 0x28, 0xfe,

    /* U+016A "Ū" */
    0x0, 0x4, 0xbb, 0xbb, 0xb1, 0x0, 0x0, 0x0,
    0x6f, 0xff, 0xff, 0x20, 0x0, 0x0, 0x0, 0x0,
    0x0, 0x0, 0x0, 0x0, 0x0, 0x0, 0x0, 0x0,
    0x0, 0x0, 0x0, 0x0, 0x0, 0x0, 0x0, 0x0,
    0x8, 0xff, 0x10, 0x0, 0x0, 0x5f, 0xf4, 0x8f,
    0xf1, 0x0, 0x0, 0x5, 0xff, 0x48, 0xff, 0x10,
    0x0, 0x0, 0x5f, 0xf4, 0x8f, 0xf1, 0x0, 0x0,
    0x5, 0xff, 0x48, 0xff, 0x10, 0x0, 0x0, 0x5f,
    0xf4, 0x8f, 0xf1, 0x0, 0x0, 0x5, 0xff, 0x48,
    0xff, 0x10, 0x0, 0x0, 0x5f, 0xf4, 0x8f, 0xf1,
    0x0, 0x0, 0x5, 0xff, 0x48, 0xff, 0x10, 0x0,
    0x0, 0x5f, 0xf4, 0x7f, 0xf3, 0x0, 0x0, 0x7,
    0xff, 0x34, 0xff, 0xb0, 0x0, 0x1, 0xef, 0xf0,
    0xc, 0xff, 0xd7, 0x58, 0xef, 0xf8, 0x0, 0x1d,
    0xff, 0xff, 0xff, 0xfa, 0x0, 0x0, 0x7, 0xce,
    0xfe, 0xa5, 0x0, 0x0,

    /* U+016B "ū" */
    0x0, 0xaf, 0xff, 0xfe, 0x0, 0x0, 0x7b, 0xbb,
    0xba, 0x0, 0x0, 0x0, 0x0, 0x0, 0x0, 0xaf,
    0xe0, 0x0, 0xa, 0xfe, 0xaf, 0xe0, 0x0, 0xa,
    0xfe, 0xaf, 0xe0, 0x0, 0xa, 0xfe, 0xaf, 0xe0,
    0x0, 0xa, 0xfe, 0xaf, 0xe0, 0x0, 0xa, 0xfe,
    0xaf, 0xe0, 0x0, 0xa, 0xfe, 0xaf, 0xe0, 0x0,
    0xb, 0xfe, 0x9f, 0xf1, 0x0, 0xe, 0xfe, 0x6f,
    0xfc, 0x43, 0xbf, 0xfe, 0xe, 0xff, 0xff, 0xe9,
    0xfe, 0x2, 0xaf, 0xfb, 0x28, 0xfe,

    /* U+016C "Ŭ" */
    0x0, 0xc, 0xd0, 0x2, 0xf7, 0x0, 0x0, 0x0,
    0x5f, 0xc8, 0xef, 0x20, 0x0, 0x0, 0x0, 0x6d,
    0xfc, 0x30, 0x0, 0x0, 0x0, 0x0, 0x0, 0x0,
    0x0, 0x0, 0x0, 0x0, 0x0, 0x0, 0x0, 0x0,
    0x8, 0xff, 0x10, 0x0, 0x0, 0x5f, 0xf4, 0x8f,
    0xf1, 0x0, 0x0, 0x5, 0xff, 0x48, 0xff, 0x10,
    0x0, 0x0, 0x5f, 0xf4, 0x8f, 0xf1, 0x0, 0x0,
    0x5, 0xff, 0x48, 0xff, 0x10, 0x0, 0x0, 0x5f,
    0xf4, 0x8f, 0xf1, 0x0, 0x0, 0x5, 0xff, 0x48,
    0xff, 0x10, 0x0, 0x0, 0x5f, 0xf4, 0x8f, 0xf1,
    0x0, 0x0, 0x5, 0xff, 0x48, 0xff, 0x10, 0x0,
    0x0, 0x5f, 0xf4, 0x7f, 0xf3, 0x0, 0x0, 0x7,
    0xff, 0x34, 0xff, 0xb0, 0x0, 0x1, 0xef, 0xf0,
    0xc, 0xff, 0xd7, 0x58, 0xef, 0xf8, 0x0, 0x1d,
    0xff, 0xff, 0xff, 0xfa, 0x0, 0x0, 0x7, 0xce,
    0xfe, 0xa5, 0x0, 0x0,

    /* U+016D "ŭ" */
    0x0, 0x74, 0x0, 0x28, 0x20, 0x0, 0xde, 0x43,
    0xcf, 0x10, 0x0, 0x3e, 0xff, 0xf5, 0x0, 0x0,
    0x0, 0x44, 0x10, 0x0, 0x0, 0x0, 0x0, 0x0,
    0x0, 0xaf, 0xe0, 0x0, 0xa, 0xfe, 0xaf, 0xe0,
    0x0, 0xa, 0xfe, 0xaf, 0xe0, 0x0, 0xa, 0xfe,
    0xaf, 0xe0, 0x0, 0xa, 0xfe, 0xaf, 0xe0, 0x0,
    0xa, 0xfe, 0xaf, 0xe0, 0x0, 0xa, 0xfe, 0xaf,
    0xe0, 0x0, 0xb, 0xfe, 0x9f, 0xf1, 0x0, 0xe,
    0xfe, 0x6f, 0xfc, 0x43, 0xbf, 0xfe, 0xe, 0xff,
    0xff, 0xe9, 0xfe, 0x2, 0xaf, 0xfb, 0x28, 0xfe,

    /* U+016E "Ů" */
    0x0, 0x0, 0x0, 0x0, 0x0, 0x0, 0x0, 0x0,
    0x4, 0xdf, 0xb1, 0x0, 0x0, 0x0, 0x0, 0xea,
    0x4d, 0xb0, 0x0, 0x0, 0x0, 0x3f, 0x30, 0x8f,
    0x0, 0x0, 0x0, 0x1, 0xf8, 0x1c, 0xc0, 0x0,
    0x0, 0x0, 0x6, 0xff, 0xe3, 0x0, 0x0, 0x0,
    0x0, 0x1, 0x20, 0x0, 0x0, 0x8, 0xff, 0x10,
    0x0, 0x0, 0x5f, 0xf4, 0x8f, 0xf1, 0x0, 0x0,
    0x5, 0xff, 0x48, 0xff, 0x10, 0x0, 0x0, 0x5f,
    0xf4, 0x8f, 0xf1, 0x0, 0x0, 0x5, 0xff, 0x48,
    0xff, 0x10, 0x0, 0x0, 0x5f, 0xf4, 0x8f, 0xf1,
    0x0, 0x0, 0x5, 0xff, 0x48, 0xff, 0x10, 0x0,
    0x0, 0x5f, 0xf4, 0x8f, 0xf1, 0x0, 0x0, 0x5,
    0xff, 0x48, 0xff, 0x10, 0x0, 0x0, 0x5f, 0xf4,
    0x7f, 0xf3, 0x0, 0x0, 0x7, 0xff, 0x34, 0xff,
    0xb0, 0x0, 0x1, 0xef, 0xf0, 0xc, 0xff, 0xd7,
    0x58, 0xef, 0xf8, 0x0, 0x1d, 0xff, 0xff, 0xff,
    0xfa, 0x0, 0x0, 0x7, 0xce, 0xfe, 0xa5, 0x0,
    0x0,

    /* U+016F "ů" */
    0x0, 0x0, 0x0, 0x0, 0x0, 0x0, 0x6, 0xef,
    0x90, 0x0, 0x0, 0x4f, 0x85, 0xf7, 0x0, 0x0,
    0x7f, 0x0, 0xbb, 0x0, 0x0, 0x5f, 0x52, 0xe9,
    0x0, 0x0, 0x9, 0xff, 0xc0, 0x0, 0x0, 0x0,
    0x22, 0x0, 0x0, 0xaf, 0xe0, 0x0, 0xa, 0xfe,
    0xaf, 0xe0, 0x0, 0xa, 0xfe, 0xaf, 0xe0, 0x0,
    0xa, 0xfe, 0xaf, 0xe0, 0x0, 0xa, 0xfe, 0xaf,
    0xe0, 0x0, 0xa, 0xfe, 0xaf, 0xe0, 0x0, 0xa,
    0xfe, 0xaf, 0xe0, 0x0, 0xb, 0xfe, 0x9f, 0xf1,
    0x0, 0xe, 0xfe, 0x6f, 0xfc, 0x43, 0xbf, 0xfe,
    0xe, 0xff, 0xff, 0xe9, 0xfe, 0x2, 0xaf, 0xfb,
    0x28, 0xfe,

    /* U+0170 "Ű" */
    0x0, 0x1, 0xff, 0x34, 0xff, 0x20, 0x0, 0x0,
    0x7f, 0xa0, 0xdf, 0x50, 0x0, 0x0, 0xc, 0xf2,
    0x6f, 0x80, 0x0, 0x0, 0x0, 0x0, 0x0, 0x0,
    0x0, 0x0, 0x0, 0x0, 0x0, 0x0, 0x0, 0x0,
    0x8, 0xff, 0x10, 0x0, 0x0, 0x5f, 0xf4, 0x8f,
    0xf1, 0x0, 0x0, 0x5, 0xff, 0x48, 0xff, 0x10,
    0x0, 0x0, 0x5f, 0xf4, 0x8f, 0xf1, 0x0, 0x0,
    0x5, 0xff, 0x48, 0xff, 0x10, 0x0, 0x0, 0x5f,
    0xf4, 0x8f, 0xf1, 0x0, 0x0, 0x5, 0xff, 0x48,
    0xff, 0x10, 0x0, 0x0, 0x5f, 0xf4, 0x8f, 0xf1,
    0x0, 0x0, 0x5, 0xff, 0x48, 0xff, 0x10, 0x0,
    0x0, 0x5f, 0xf4, 0x7f, 0xf3, 0x0, 0x0, 0x7,
    0xff, 0x34, 0xff, 0xb0, 0x0, 0x1, 0xef, 0xf0,
    0xc, 0xff, 0xd7, 0x58, 0xef, 0xf8, 0x0, 0x1d,
    0xff, 0xff, 0xff, 0xfa, 0x0, 0x0, 0x7, 0xce,
    0xfe, 0xa5, 0x0, 0x0,

    /* U+0171 "ű" */
    0x0, 0x5f, 0xe0, 0x8f, 0xd0, 0x0, 0xbf, 0x62,
    0xff, 0x20, 0x1, 0xfd, 0xa, 0xf5, 0x0, 0x0,
    0x0, 0x0, 0x0, 0x0, 0xaf, 0xe0, 0x0, 0xa,
    0xfe, 0xaf, 0xe0, 0x0, 0xa, 0xfe, 0xaf, 0xe0,
    0x0, 0xa, 0xfe, 0xaf, 0xe0, 0x0, 0xa, 0xfe,
    0xaf, 0xe0, 0x0, 0xa, 0xfe, 0xaf, 0xe0, 0x0,
    0xa, 0xfe, 0xaf, 0xe0, 0x0, 0xb, 0xfe, 0x9f,
    0xf1, 0x0, 0xe, 0xfe, 0x6f, 0xfc, 0x43, 0xbf,
    0xfe, 0xe, 0xff, 0xff, 0xe9, 0xfe, 0x2, 0xaf,
    0xfb, 0x28, 0xfe,

    /* U+0172 "Ų" */
    0x8f, 0xf1, 0x0, 0x0, 0x5, 0xff, 0x48, 0xff,
    0x10, 0x0, 0x0, 0x5f, 0xf4, 0x8f, 0xf1, 0x0,
    0x0, 0x5, 0xff, 0x48, 0xff, 0x10, 0x0, 0x0,
    0x5f, 0xf4, 0x8f, 0xf1, 0x0, 0x0, 0x5, 0xff,
    0x48, 0xff, 0x10, 0x0, 0x0, 0x5f, 0xf4, 0x8f,
    0xf1, 0x0, 0x0, 0x5, 0xff, 0x48, 0xff, 0x10,
    0x0, 0x0, 0x5f, 0xf4, 0x8f, 0xf1, 0x0, 0x0,
    0x5, 0xff, 0x47, 0xff, 0x30, 0x0, 0x0, 0x7f,
    0xf6, 0x4f, 0xfb, 0x0, 0x0, 0x1e, 0xff, 0x10,
    0xcf, 0xfd, 0x75, 0x8e, 0xff, 0xf0, 0x1, 0xdf,
    0xff, 0xff, 0xff, 0xf0, 0x0, 0x0, 0x7c, 0xef,
    0xff, 0xb0, 0x0, 0x0, 0x0, 0xa, 0xfa, 0x10,
    0x0, 0x0, 0x0, 0x5, 0xfe, 0x0, 0x0, 0x0,
    0x0, 0x0, 0x5f, 0xfb, 0x70, 0x0, 0x0, 0x0,
    0x0, 0x9e, 0xfa, 0x0, 0x0,

    /* U+0173 "ų" */
    0xaf, 0xe0, 0x0, 0xa, 0xfe, 0xa, 0xfe, 0x0,
    0x0, 0xaf, 0xe0, 0xaf, 0xe0, 0x0, 0xa, 0xfe,
    0xa, 0xfe, 0x0, 0x0, 0xaf, 0xe0, 0xaf, 0xe0,
    0x0, 0xa, 0xfe, 0xa, 0xfe, 0x0, 0x0, 0xaf,
    0xe0, 0xaf, 0xe0, 0x0, 0xb, 0xfe, 0x9, 0xff,
    0x10, 0x0, 0xef, 0xe0, 0x6f, 0xfc, 0x43, 0xbf,
    0xfe, 0x0, 0xef, 0xff, 0xfe, 0x9f, 0xe0, 0x2,
    0xaf, 0xfb, 0x2b, 0xff, 0x0, 0x0, 0x0, 0x6,
    0xfd, 0x20, 0x0, 0x0, 0x0, 0xef, 0x50, 0x0,
    0x0, 0x0, 0xe, 0xfd, 0xb0, 0x0, 0x0, 0x0,
    0x4d, 0xfd, 0x30,

    /* U+0174 "Ŵ" */
    0x0, 0x0, 0x0, 0x0, 0x4f, 0xfa, 0x0, 0x0,
    0x0, 0x0, 0x0, 0x0, 0x0, 0x3, 0xfe, 0xaf,
    0x80, 0x0, 0x0, 0x0, 0x0, 0x0, 0x0, 0x2e,
    0xf3, 0xc, 0xf6, 0x0, 0x0, 0x0, 0x0, 0x0,
    0x0, 0x0, 0x0, 0x0, 0x0, 0x0, 0x0, 0x0,
    0x0, 0x0, 0x0, 0x0, 0x0, 0x0, 0x0, 0x0,
    0x0, 0x0, 0x6f, 0xf6, 0x0, 0x0, 0x5f, 0xfb,
    0x0, 0x0, 0xf, 0xfc, 0x1f, 0xfa, 0x0, 0x0,
    0x9f, 0xff, 0x0, 0x0, 0x4f, 0xf7, 0xd, 0xfe,
    0x0, 0x0, 0xdf, 0xff, 0x30, 0x0, 0x8f, 0xf3,
    0x8, 0xff, 0x20, 0x1, 0xff, 0xdf, 0x80, 0x0,
    0xcf, 0xe0, 0x4, 0xff, 0x60, 0x6, 0xfe, 0x8f,
    0xc0, 0x0, 0xff, 0xa0, 0x0, 0xff, 0xb0, 0xa,
    0xfb, 0x5f, 0xf0, 0x4, 0xff, 0x50, 0x0, 0xbf,
    0xe0, 0xe, 0xf7, 0x1f, 0xf4, 0x8, 0xff, 0x10,
    0x0, 0x6f, 0xf2, 0x2f, 0xf2, 0xc, 0xf8, 0xc,
    0xfc, 0x0, 0x0, 0x2f, 0xf6, 0x6f, 0xe0, 0x8,
    0xfc, 0xf, 0xf8, 0x0, 0x0, 0xd, 0xf9, 0x9f,
    0xa0, 0x3, 0xff, 0x4f, 0xf3, 0x0, 0x0, 0x9,
    0xfc, 0xdf, 0x50, 0x0, 0xff, 0x9f, 0xf0, 0x0,
    0x0, 0x4, 0xff, 0xff, 0x10, 0x0, 0xbf, 0xff,
    0xa0, 0x0, 0x0, 0x0, 0xff, 0xfd, 0x0, 0x0,
    0x6f, 0xff, 0x60, 0x0, 0x0, 0x0, 0xbf, 0xf8,
    0x0, 0x0, 0x2f, 0xff, 0x10, 0x0,

    /* U+0175 "ŵ" */
    0x0, 0x0, 0x0, 0x3f, 0xfd, 0x10, 0x0, 0x0,
    0x0, 0x0, 0x0, 0x4f, 0xd5, 0xfd, 0x20, 0x0,
    0x0, 0x0, 0x0, 0x7, 0x81, 0x3, 0x86, 0x0,
    0x0, 0x0, 0x0, 0x0, 0x0, 0x0, 0x0, 0x0,
    0x0, 0x0, 0x6f, 0xf3, 0x0, 0xe, 0xfb, 0x0,
    0x7, 0xff, 0x31, 0xff, 0x70, 0x2, 0xff, 0xf0,
    0x0, 0xbf, 0xe0, 0xd, 0xfb, 0x0, 0x7f, 0xff,
    0x30, 0xf, 0xf9, 0x0, 0x8f, 0xf0, 0xb, 0xfb,
    0xf7, 0x3, 0xff, 0x50, 0x3, 0xff, 0x30, 0xff,
    0x4f, 0xb0, 0x7f, 0xf0, 0x0, 0xe, 0xf7, 0x3f,
    0xc0, 0xff, 0xb, 0xfb, 0x0, 0x0, 0xaf, 0xa6,
    0xf8, 0xc, 0xf3, 0xef, 0x60, 0x0, 0x5, 0xfe,
    0xaf, 0x30, 0x7f, 0x8f, 0xf2, 0x0, 0x0, 0x1f,
    0xfe, 0xf0, 0x2, 0xfe, 0xfd, 0x0, 0x0, 0x0,
    0xcf, 0xfa, 0x0, 0xe, 0xff, 0x80, 0x0, 0x0,
    0x7, 0xff, 0x60, 0x0, 0x9f, 0xf3, 0x0, 0x0,

    /* U+0176 "Ŷ" */
    0x0, 0x0, 0x3, 0xdd, 0x60, 0x0, 0x0, 0x0,
    0x0, 0x1e, 0xfd, 0xf4, 0x0, 0x0, 0x0, 0x0,
    0xdf, 0x62, 0xff, 0x20, 0x0, 0x0, 0x2, 0x54,
    0x0, 0x35, 0x30, 0x0, 0x0, 0x0, 0x0, 0x0,
    0x0, 0x0, 0x0, 0x3f, 0xfd, 0x0, 0x0, 0x0,
    0x8f, 0xf7, 0x9, 0xff, 0x60, 0x0, 0x2, 0xff,
    0xd0, 0x0, 0xef, 0xe1, 0x0, 0xb, 0xff, 0x30,
    0x0, 0x5f, 0xf9, 0x0, 0x4f, 0xf9, 0x0, 0x0,
    0xb, 0xff, 0x30, 0xdf, 0xe1, 0x0, 0x0, 0x1,
    0xff, 0xb5, 0xff, 0x50, 0x0, 0x0, 0x0, 0x7f,
    0xfe, 0xfc, 0x0, 0x0, 0x0, 0x0, 0xc, 0xff,
    0xf2, 0x0, 0x0, 0x0, 0x0, 0x3, 0xff, 0x90,
    0x0, 0x0, 0x0, 0x0, 0x2, 0xff, 0x70, 0x0,
    0x0, 0x0, 0x0, 0x2, 0xff, 0x70, 0x0, 0x0,
    0x0, 0x0, 0x2, 0xff, 0x70, 0x0, 0x0, 0x0,
    0x0, 0x2, 0xff, 0x70, 0x0, 0x0, 0x0, 0x0,
    0x2, 0xff, 0x70, 0x0, 0x0,

    /* U+0177 "ŷ" */
    0x0, 0x0, 0x28, 0x71, 0x0, 0x0, 0x0, 0x2,
    0xef, 0xfc, 0x0, 0x0, 0x0, 0x1d, 0xf4, 0x8f,
    0xa0, 0x0, 0x0, 0x48, 0x50, 0x7, 0x82, 0x0,
    0x0, 0x0, 0x0, 0x0, 0x0, 0x0, 0x7f, 0xf4,
    0x0, 0x0, 0x7f, 0xf3, 0x1f, 0xf9, 0x0, 0x0,
    0xdf, 0xd0, 0xa, 0xfe, 0x0, 0x2, 0xff, 0x60,
    0x4, 0xff, 0x40, 0x8, 0xff, 0x10, 0x0, 0xef,
    0x90, 0xd, 0xfa, 0x0, 0x0, 0x8f, 0xe0, 0x3f,
    0xf4, 0x0, 0x0, 0x2f, 0xf4, 0x8f, 0xe0, 0x0,
    0x0, 0xc, 0xf8, 0xdf, 0x80, 0x0, 0x0, 0x6,
    0xfd, 0xff, 0x20, 0x0, 0x0, 0x1, 0xff, 0xfc,
    0x0, 0x0, 0x0, 0x0, 0xaf, 0xf5, 0x0, 0x0,
    0x0, 0x0, 0xaf, 0xf0, 0x0, 0x0, 0x0, 0x13,
    0xff, 0x90, 0x0, 0x0, 0x6, 0xff, 0xfe, 0x10,
    0x0, 0x0, 0x8, 0xfe, 0xb2, 0x0, 0x0, 0x0,

    /* U+0178 "Ÿ" */
    0x0, 0x0, 0x88, 0x0, 0x59, 0x10, 0x0, 0x0,
    0x4, 0xff, 0x40, 0xff, 0x80, 0x0, 0x0, 0x1,
    0xdd, 0x10, 0xbe, 0x40, 0x0, 0x0, 0x0, 0x0,
    0x0, 0x0, 0x0, 0x0, 0x0, 0x0, 0x0, 0x0,
    0x0, 0x0, 0x0, 0x3f, 0xfd, 0x0, 0x0, 0x0,
    0x8f, 0xf7, 0x9, 0xff, 0x60, 0x0, 0x2, 0xff,
    0xd0, 0x0, 0xef, 0xe1, 0x0, 0xb, 0xff, 0x30,
    0x0, 0x5f, 0xf9, 0x0, 0x4f, 0xf9, 0x0, 0x0,
    0xb, 0xff, 0x30, 0xdf, 0xe1, 0x0, 0x0, 0x1,
    0xff, 0xb5, 0xff, 0x50, 0x0, 0x0, 0x0, 0x7f,
    0xfe, 0xfc, 0x0, 0x0, 0x0, 0x0, 0xc, 0xff,
    0xf2, 0x0, 0x0, 0x0, 0x0, 0x3, 0xff, 0x90,
    0x0, 0x0, 0x0, 0x0, 0x2, 0xff, 0x70, 0x0,
    0x0, 0x0, 0x0, 0x2, 0xff, 0x70, 0x0, 0x0,
    0x0, 0x0, 0x2, 0xff, 0x70, 0x0, 0x0, 0x0,
    0x0, 0x2, 0xff, 0x70, 0x0, 0x0, 0x0, 0x0,
    0x2, 0xff, 0x70, 0x0, 0x0,

    /* U+0179 "Ź" */
    0x0, 0x0, 0x4, 0xfe, 0x10, 0x0, 0x0, 0x0,
    0xbf, 0x60, 0x0, 0x0, 0x0, 0x3f, 0xb0, 0x0,
    0x0, 0x0, 0x0, 0x0, 0x0, 0x0, 0x0, 0x0,
    0x0, 0x0, 0x0, 0xd, 0xff, 0xff, 0xff, 0xff,
    0xfe, 0xdf, 0xff, 0xff, 0xff, 0xff, 0xd2, 0x22,
    0x22, 0x22, 0x9f, 0xf4, 0x0, 0x0, 0x0, 0x4f,
    0xf8, 0x0, 0x0, 0x0, 0x1e, 0xfc, 0x0, 0x0,
    0x0, 0xc, 0xfe, 0x10, 0x0, 0x0, 0x8, 0xff,
    0x50, 0x0, 0x0, 0x4, 0xff, 0x90, 0x0, 0x0,
    0x1, 0xef, 0xd0, 0x0, 0x0, 0x0, 0xbf, 0xf2,
    0x0, 0x0, 0x0, 0x7f, 0xf5, 0x0, 0x0, 0x0,
    0x3f, 0xfa, 0x22, 0x22, 0x22, 0x2c, 0xff, 0xff,
    0xff, 0xff, 0xfe, 0xdf, 0xff, 0xff, 0xff, 0xff,
    0xe0,

    /* U+017A "ź" */
    0x0, 0x0, 0x3f, 0xf2, 0x0, 0x0, 0x0, 0xbf,
    0x70, 0x0, 0x0, 0x2, 0xfc, 0x0, 0x0, 0x0,
    0x0, 0x0, 0x0, 0x0, 0xaf, 0xff, 0xff, 0xff,
    0xf0, 0xaf, 0xff, 0xff, 0xff, 0xe0, 0x12, 0x22,
    0x29, 0xff, 0x50, 0x0, 0x0, 0x3f, 0xf9, 0x0,
    0x0, 0x1, 0xef, 0xd0, 0x0, 0x0, 0xc, 0xff,
    0x20, 0x0, 0x0, 0x8f, 0xf5, 0x0, 0x0, 0x5,
    0xff, 0x90, 0x0, 0x0, 0x2f, 0xfe, 0x22, 0x22,
    0x20, 0xcf, 0xff, 0xff, 0xff, 0xf2, 0xdf, 0xff,
    0xff, 0xff, 0xf2,

    /* U+017B "Ż" */
    0x0, 0x0, 0x4b, 0x50, 0x0, 0x0, 0x0, 0xe,
    0xff, 0x0, 0x0, 0x0, 0x0, 0x7f, 0x90, 0x0,
    0x0, 0x0, 0x0, 0x0, 0x0, 0x0, 0x0, 0x0,
    0x0, 0x0, 0x0, 0xd, 0xff, 0xff, 0xff, 0xff,
    0xfe, 0xdf, 0xff, 0xff, 0xff, 0xff, 0xd2, 0x22,
    0x22, 0x22, 0x9f, 0xf4, 0x0, 0x0, 0x0, 0x4f,
    0xf8, 0x0, 0x0, 0x0, 0x1e, 0xfc, 0x0, 0x0,
    0x0, 0xc, 0xfe, 0x10, 0x0, 0x0, 0x8, 0xff,
    0x50, 0x0, 0x0, 0x4, 0xff, 0x90, 0x0, 0x0,
    0x1, 0xef, 0xd0, 0x0, 0x0, 0x0, 0xbf, 0xf2,
    0x0, 0x0, 0x0, 0x7f, 0xf5, 0x0, 0x0, 0x0,
    0x3f, 0xfa, 0x22, 0x22, 0x22, 0x2c, 0xff, 0xff,
    0xff, 0xff, 0xfe, 0xdf, 0xff, 0xff, 0xff, 0xff,
    0xe0,

    /* U+017C "ż" */
    0x0, 0x1, 0x73, 0x0, 0x0, 0x0, 0xc, 0xff,
    0x0, 0x0, 0x0, 0xa, 0xfd, 0x0, 0x0, 0x0,
    0x0, 0x30, 0x0, 0x0, 0xaf, 0xff, 0xff, 0xff,
    0xf0, 0xaf, 0xff, 0xff, 0xff, 0xe0, 0x12, 0x22,
    0x29, 0xff, 0x50, 0x0, 0x0, 0x3f, 0xf9, 0x0,
    0x0, 0x1, 0xef, 0xd0, 0x0, 0x0, 0xc, 0xff,
    0x20, 0x0, 0x0, 0x8f, 0xf5, 0x0, 0x0, 0x5,
    0xff, 0x90, 0x0, 0x0, 0x2f, 0xfe, 0x22, 0x22,
    0x20, 0xcf, 0xff, 0xff, 0xff, 0xf2, 0xdf, 0xff,
    0xff, 0xff, 0xf2,

    /* U+017D "Ž" */
    0x0, 0xaf, 0x80, 0x7f, 0xc0, 0x0, 0x0, 0xcf,
    0x9f, 0xd1, 0x0, 0x0, 0x1, 0xdf, 0xe1, 0x0,
    0x0, 0x0, 0x0, 0x0, 0x0, 0x0, 0x0, 0x0,
    0x0, 0x0, 0x0, 0xd, 0xff, 0xff, 0xff, 0xff,
    0xfe, 0xdf, 0xff, 0xff, 0xff, 0xff, 0xd2, 0x22,
    0x22, 0x22, 0x9f, 0xf4, 0x0, 0x0, 0x0, 0x4f,
    0xf8, 0x0, 0x0, 0x0, 0x1e, 0xfc, 0x0, 0x0,
    0x0, 0xc, 0xfe, 0x10, 0x0, 0x0, 0x8, 0xff,
    0x50, 0x0, 0x0, 0x4, 0xff, 0x90, 0x0, 0x0,
    0x1, 0xef, 0xd0, 0x0, 0x0, 0x0, 0xbf, 0xf2,
    0x0, 0x0, 0x0, 0x7f, 0xf5, 0x0, 0x0, 0x0,
    0x3f, 0xfa, 0x22, 0x22, 0x22, 0x2c, 0xff, 0xff,
    0xff, 0xff, 0xfe, 0xdf, 0xff, 0xff, 0xff, 0xff,
    0xe0,

    /* U+017E "ž" */
    0x8, 0xfa, 0x7, 0xfb, 0x0, 0x0, 0x7f, 0xcf,
    0xa0, 0x0, 0x0, 0x5, 0x86, 0x0, 0x0, 0x0,
    0x0, 0x0, 0x0, 0x0, 0xaf, 0xff, 0xff, 0xff,
    0xf0, 0xaf, 0xff, 0xff, 0xff, 0xe0, 0x12, 0x22,
    0x29, 0xff, 0x50, 0x0, 0x0, 0x3f, 0xf9, 0x0,
    0x0, 0x1, 0xef, 0xd0, 0x0, 0x0, 0xc, 0xff,
    0x20, 0x0, 0x0, 0x8f, 0xf5, 0x0, 0x0, 0x5,
    0xff, 0x90, 0x0, 0x0, 0x2f, 0xfe, 0x22, 0x22,
    0x20, 0xcf, 0xff, 0xff, 0xff, 0xf2, 0xdf, 0xff,
    0xff, 0xff, 0xf2,

    /* U+017F "ſ" */
    0x0, 0x47, 0x63, 0xc, 0xff, 0xf8, 0x7f, 0xfc,
    0xa3, 0xaf, 0xf0, 0x0, 0xaf, 0xe0, 0x0, 0xaf,
    0xe0, 0x0, 0xaf, 0xe0, 0x0, 0xaf, 0xe0, 0x0,
    0xaf, 0xe0, 0x0, 0xaf, 0xe0, 0x0, 0xaf, 0xe0,
    0x0, 0xaf, 0xe0, 0x0, 0xaf, 0xe0, 0x0, 0xaf,
    0xe0, 0x0, 0xaf, 0xe0, 0x0,

    /* U+0218 "Ș" */
    0x0, 0x4, 0xae, 0xfe, 0xb6, 0x0, 0x0, 0x9,
    0xff, 0xff, 0xff, 0xfb, 0x0, 0x5, 0xff, 0xd5,
    0x35, 0xbf, 0xf7, 0x0, 0x9f, 0xf1, 0x0, 0x0,
    0xdf, 0xc0, 0x9, 0xff, 0x20, 0x0, 0x0, 0x0,
    0x0, 0x4f, 0xfe, 0x72, 0x0, 0x0, 0x0, 0x0,
    0x5e, 0xff, 0xfe, 0x94, 0x0, 0x0, 0x0, 0x5,
    0xae, 0xff, 0xfb, 0x10, 0x0, 0x0, 0x0, 0x2,
    0x9f, 0xfa, 0x0, 0x44, 0x20, 0x0, 0x0, 0xaf,
    0xf0, 0xf, 0xfc, 0x0, 0x0, 0xb, 0xff, 0x0,
    0x9f, 0xfb, 0x53, 0x5b, 0xff, 0xb0, 0x1, 0xcf,
    0xff, 0xff, 0xff, 0xe2, 0x0, 0x0, 0x6c, 0xef,
    0xec, 0x70, 0x0, 0x0, 0x0, 0x0, 0x0, 0x0,
    0x0, 0x0, 0x0, 0x0, 0xcf, 0x80, 0x0, 0x0,
    0x0, 0x0, 0xf, 0xf2, 0x0, 0x0, 0x0, 0x0,
    0x4, 0xfb, 0x0, 0x0, 0x0, 0x0, 0x0, 0x38,
    0x30, 0x0, 0x0, 0x0,

    /* U+0219 "ș" */
    0x0, 0x2a, 0xef, 0xea, 0x30, 0x0, 0x3f, 0xff,
    0xef, 0xff, 0x30, 0xb, 0xfe, 0x20, 0x1c, 0xfa,
    0x0, 0xcf, 0xd0, 0x0, 0x10, 0x0, 0x7, 0xff,
    0xe9, 0x62, 0x0, 0x0, 0x8, 0xff, 0xff, 0xfc,
    0x20, 0x0, 0x0, 0x37, 0xbf, 0xfd, 0x0, 0x25,
    0x20, 0x0, 0x8f, 0xf1, 0xe, 0xfc, 0x10, 0x1c,
    0xff, 0x0, 0x5f, 0xff, 0xff, 0xff, 0x60, 0x0,
    0x4b, 0xef, 0xeb, 0x40, 0x0, 0x0, 0x0, 0x0,
    0x0, 0x0, 0x0, 0x0, 0xcf, 0x90, 0x0, 0x0,
    0x0, 0xf, 0xf2, 0x0, 0x0, 0x0, 0x3, 0xfc,
    0x0, 0x0, 0x0, 0x0, 0x38, 0x30, 0x0, 0x0,

    /* U+021A "Ț" */
    0x3f, 0xff, 0xff, 0xff, 0xff, 0xff, 0x63, 0xff,
    0xff, 0xff, 0xff, 0xff, 0xf6, 0x3, 0x33, 0x3c,
    0xfe, 0x33, 0x33, 0x10, 0x0, 0x0, 0xbf, 0xe0,
    0x0, 0x0, 0x0, 0x0, 0xb, 0xfe, 0x0, 0x0,
    0x0, 0x0, 0x0, 0xbf, 0xe0, 0x0, 0x0, 0x0,
    0x0, 0xb, 0xfe, 0x0, 0x0, 0x0, 0x0, 0x0,
    0xbf, 0xe0, 0x0, 0x0, 0x0, 0x0, 0xb, 0xfe,
    0x0, 0x0, 0x0, 0x0, 0x0, 0xbf, 0xe0, 0x0,
    0x0, 0x0, 0x0, 0xb, 0xfe, 0x0, 0x0, 0x0,
    0x0, 0x0, 0xbf, 0xe0, 0x0, 0x0, 0x0, 0x0,
    0xb, 0xfe, 0x0, 0x0, 0x0, 0x0, 0x0, 0xbf,
    0xe0, 0x0, 0x0, 0x0, 0x0, 0x0, 0x0, 0x0,
    0x0, 0x0, 0x0, 0x0, 0xbf, 0x90, 0x0, 0x0,
    0x0, 0x0, 0xf, 0xf3, 0x0, 0x0, 0x0, 0x0,
    0x3, 0xfd, 0x0, 0x0, 0x0, 0x0, 0x0, 0x38,
    0x40, 0x0, 0x0, 0x0,

    /* U+021B "ț" */
    0x2, 0x88, 0x20, 0x0, 0x4f, 0xf4, 0x0, 0x4,
    0xff, 0x40, 0xc, 0xff, 0xff, 0xf6, 0xcf, 0xff,
    0xff, 0x60, 0x4f, 0xf4, 0x0, 0x4, 0xff, 0x40,
    0x0, 0x4f, 0xf4, 0x0, 0x4, 0xff, 0x40, 0x0,
    0x4f, 0xf4, 0x0, 0x4, 0xff, 0x40, 0x0, 0x2f,
    0xf8, 0x10, 0x0, 0xdf, 0xff, 0x60, 0x2, 0xbe,
    0xf8, 0x0, 0x0, 0x0, 0x0, 0x6, 0xfe, 0x0,
    0x0, 0x9f, 0x80, 0x0, 0xd, 0xf2, 0x0, 0x0,
    0x87, 0x0, 0x0,

    /* U+0374 "ʹ" */
    0x5f, 0xf2, 0x3f, 0xf1, 0x1f, 0xf0, 0xf, 0xd0,
    0xe, 0xc0, 0xa, 0x80,

    /* U+0375 "͵" */
    0x0, 0x53, 0x5, 0xf5, 0xe, 0xf0, 0x8f, 0xb0,

    /* U+0376 "Ͷ" */
    0x8f, 0xf1, 0x0, 0x0, 0x9, 0xff, 0xb8, 0xff,
    0x10, 0x0, 0x3, 0xff, 0xfb, 0x8f, 0xf1, 0x0,
    0x0, 0xdf, 0xff, 0xb8, 0xff, 0x10, 0x0, 0x8f,
    0xfd, 0xfb, 0x8f, 0xf1, 0x0, 0x2f, 0xf7, 0xdf,
    0xb8, 0xff, 0x10, 0xc, 0xfd, 0xe, 0xfb, 0x8f,
    0xf1, 0x7, 0xff, 0x40, 0xef, 0xb8, 0xff, 0x12,
    0xff, 0xa0, 0xf, 0xfb, 0x8f, 0xf1, 0xbf, 0xe1,
    0x0, 0xff, 0xb8, 0xff, 0x5f, 0xf5, 0x0, 0xf,
    0xfb, 0x8f, 0xfd, 0xfb, 0x0, 0x0, 0xff, 0xb8,
    0xff, 0xff, 0x10, 0x0, 0xf, 0xfb, 0x8f, 0xff,
    0x60, 0x0, 0x0, 0xff, 0xb8, 0xff, 0xb0, 0x0,
    0x0, 0xf, 0xfb,

    /* U+037A "ͺ" */
    0x4a, 0x50, 0x7f, 0x80, 0x6f, 0xb1, 0x1d, 0xf6,

    /* U+037B "ͻ" */
    0x0, 0x19, 0xdf, 0xea, 0x20, 0x0, 0x2e, 0xff,
    0xff, 0xff, 0x40, 0xc, 0xfe, 0x51, 0x4e, 0xfe,
    0x10, 0x8b, 0x50, 0x0, 0x4f, 0xf7, 0x0, 0x0,
    0x0, 0x0, 0xef, 0xb0, 0x0, 0x0, 0x0, 0xd,
    0xfc, 0x0, 0x0, 0x0, 0x0, 0xef, 0xb0, 0x9c,
    0x50, 0x0, 0x3f, 0xf7, 0xc, 0xfe, 0x41, 0x4d,
    0xff, 0x10, 0x2e, 0xff, 0xff, 0xff, 0x50, 0x0,
    0x29, 0xdf, 0xea, 0x20, 0x0,

    /* U+037C "ͼ" */
    0x0, 0x5, 0xce, 0xfc, 0x60, 0x0, 0x9, 0xff,
    0xff, 0xff, 0xc0, 0x5, 0xff, 0xb3, 0x17, 0xff,
    0x70, 0xcf, 0xe0, 0x0, 0x7, 0x73, 0xf, 0xf9,
    0xc, 0xd1, 0x0, 0x1, 0xff, 0x72, 0xff, 0x40,
    0x0, 0xf, 0xf8, 0x5, 0x60, 0x0, 0x0, 0xcf,
    0xd0, 0x0, 0xc, 0xd7, 0x6, 0xff, 0xa2, 0x18,
    0xff, 0x60, 0xa, 0xff, 0xff, 0xff, 0xb0, 0x0,
    0x5, 0xce, 0xfc, 0x60, 0x0,

    /* U+037D "ͽ" */
    0x0, 0x29, 0xdf, 0xea, 0x20, 0x0, 0x3f, 0xff,
    0xff, 0xff, 0x40, 0xd, 0xfe, 0x41, 0x4e, 0xfe,
    0x10, 0x58, 0x30, 0x0, 0x4f, 0xf7, 0x0, 0x0,
    0x8f, 0x50, 0xef, 0xb0, 0x0, 0xc, 0xfa, 0xd,
    0xfc, 0x0, 0x0, 0x27, 0x10, 0xef, 0xb0, 0xbe,
    0x70, 0x0, 0x3f, 0xf7, 0xb, 0xff, 0x51, 0x4d,
    0xff, 0x10, 0x2e, 0xff, 0xff, 0xff, 0x50, 0x0,
    0x19, 0xdf, 0xea, 0x20, 0x0,

    /* U+037E ";" */
    0x0, 0x0, 0xb, 0xf8, 0x1f, 0xfe, 0xa, 0xf7,
    0x0, 0x0, 0x0, 0x0, 0x0, 0x0, 0x0, 0x0,
    0x0, 0x0, 0xd, 0xd7, 0x2f, 0xf4, 0x4f, 0xf0,
    0x6f, 0xb0, 0x9f, 0x60, 0xbf, 0x20,

    /* U+037F "Ϳ" */
    0x0, 0x0, 0x0, 0x7, 0xff, 0x20, 0x0, 0x0,
    0x0, 0x7f, 0xf2, 0x0, 0x0, 0x0, 0x7, 0xff,
    0x20, 0x0, 0x0, 0x0, 0x7f, 0xf2, 0x0, 0x0,
    0x0, 0x7, 0xff, 0x20, 0x0, 0x0, 0x0, 0x7f,
    0xf2, 0x0, 0x0, 0x0, 0x7, 0xff, 0x20, 0x0,
    0x0, 0x0, 0x7f, 0xf2, 0x1, 0x10, 0x0, 0x7,
    0xff, 0x23, 0xff, 0x60, 0x0, 0x7f, 0xf2, 0x2f,
    0xf8, 0x0, 0x9, 0xff, 0x10, 0xef, 0xf5, 0x26,
    0xff, 0xd0, 0x5, 0xff, 0xff, 0xff, 0xf3, 0x0,
    0x3, 0xbe, 0xfe, 0xa2, 0x0,

    /* U+0384 "΄" */
    0xc, 0xf6, 0xe, 0xf1, 0xf, 0xa0,

    /* U+0385 "΅" */
    0x0, 0x0, 0x8f, 0xb0, 0x0, 0x0, 0x0, 0xaf,
    0x50, 0x0, 0x7, 0x70, 0xbe, 0x6, 0x80, 0x4f,
    0xf4, 0x0, 0x2f, 0xf6, 0x1d, 0xd1, 0x0, 0xc,
    0xe2,

    /* U+0386 "Ά" */
    0xf, 0xf3, 0x9, 0xff, 0xf1, 0x0, 0x0, 0x2,
    0xfd, 0x0, 0xff, 0xff, 0x60, 0x0, 0x0, 0x4f,
    0x60, 0x5f, 0xfb, 0xfc, 0x0, 0x0, 0x0, 0x0,
    0xb, 0xfc, 0x5f, 0xf2, 0x0, 0x0, 0x0, 0x1,
    0xff, 0x70, 0xff, 0x80, 0x0, 0x0, 0x0, 0x6f,
    0xf2, 0xa, 0xfe, 0x0, 0x0, 0x0, 0xc, 0xfc,
    0x0, 0x5f, 0xf4, 0x0, 0x0, 0x2, 0xff, 0x60,
    0x0, 0xef, 0xa0, 0x0, 0x0, 0x8f, 0xff, 0xff,
    0xff, 0xff, 0x10, 0x0, 0xe, 0xff, 0xff, 0xff,
    0xff, 0xf6, 0x0, 0x3, 0xff, 0x71, 0x11, 0x11,
    0xef, 0xc0, 0x0, 0x9f, 0xf1, 0x0, 0x0, 0x9,
    0xff, 0x20, 0xf, 0xfc, 0x0, 0x0, 0x0, 0x4f,
    0xf8, 0x5, 0xff, 0x70, 0x0, 0x0, 0x0, 0xef,
    0xe0,

    /* U+0387 "·" */
    0x1c, 0xe4, 0x5f, 0xfb, 0x1e, 0xf5, 0x0, 0x0,

    /* U+0388 "Έ" */
    0xe, 0xf5, 0x1f, 0xff, 0xff, 0xff, 0xff, 0x50,
    0xfe, 0x1, 0xff, 0xff, 0xff, 0xff, 0xf5, 0x2f,
    0x80, 0x1f, 0xf9, 0x33, 0x33, 0x33, 0x10, 0x0,
    0x1, 0xff, 0x70, 0x0, 0x0, 0x0, 0x0, 0x0,
    0x1f, 0xf7, 0x0, 0x0, 0x0, 0x0, 0x0, 0x1,
    0xff, 0x92, 0x22, 0x22, 0x20, 0x0, 0x0, 0x1f,
    0xff, 0xff, 0xff, 0xfd, 0x0, 0x0, 0x1, 0xff,
    0xff, 0xff, 0xff, 0xd0, 0x0, 0x0, 0x1f, 0xf7,
    0x0, 0x0, 0x0, 0x0, 0x0, 0x1, 0xff, 0x70,
    0x0, 0x0, 0x0, 0x0, 0x0, 0x1f, 0xf7, 0x0,
    0x0, 0x0, 0x0, 0x0, 0x1, 0xff, 0x93, 0x33,
    0x33, 0x31, 0x0, 0x0, 0x1f, 0xff, 0xff, 0xff,
    0xff, 0x60, 0x0, 0x1, 0xff, 0xff, 0xff, 0xff,
    0xf6,

    /* U+0389 "Ή" */
    0xe, 0xf5, 0x1f, 0xf7, 0x0, 0x0, 0x0, 0xbf,
    0xd0, 0xfe, 0x1, 0xff, 0x70, 0x0, 0x0, 0xb,
    0xfd, 0x2f, 0x80, 0x1f, 0xf7, 0x0, 0x0, 0x0,
    0xbf, 0xd0, 0x0, 0x1, 0xff, 0x70, 0x0, 0x0,
    0xb, 0xfd, 0x0, 0x0, 0x1f, 0xf7, 0x0, 0x0,
    0x0, 0xbf, 0xd0, 0x0, 0x1, 0xff, 0x93, 0x33,
    0x33, 0x3c, 0xfd, 0x0, 0x0, 0x1f, 0xff, 0xff,
    0xff, 0xff, 0xff, 0xd0, 0x0, 0x1, 0xff, 0xff,
    0xff, 0xff, 0xff, 0xfd, 0x0, 0x0, 0x1f, 0xf7,
    0x0, 0x0, 0x0, 0xbf, 0xd0, 0x0, 0x1, 0xff,
    0x70, 0x0, 0x0, 0xb, 0xfd, 0x0, 0x0, 0x1f,
    0xf7, 0x0, 0x0, 0x0, 0xbf, 0xd0, 0x0, 0x1,
    0xff, 0x70, 0x0, 0x0, 0xb, 0xfd, 0x0, 0x0,
    0x1f, 0xf7, 0x0, 0x0, 0x0, 0xbf, 0xd0, 0x0,
    0x1, 0xff, 0x70, 0x0, 0x0, 0xb, 0xfd,

    /* U+038A "Ί" */
    0xe, 0xf5, 0x1f, 0xf7, 0xf, 0xe0, 0x1f, 0xf7,
    0x2f, 0x80, 0x1f, 0xf7, 0x0, 0x0, 0x1f, 0xf7,
    0x0, 0x0, 0x1f, 0xf7, 0x0, 0x0, 0x1f, 0xf7,
    0x0, 0x0, 0x1f, 0xf7, 0x0, 0x0, 0x1f, 0xf7,
    0x0, 0x0, 0x1f, 0xf7, 0x0, 0x0, 0x1f, 0xf7,
    0x0, 0x0, 0x1f, 0xf7, 0x0, 0x0, 0x1f, 0xf7,
    0x0, 0x0, 0x1f, 0xf7, 0x0, 0x0, 0x1f, 0xf7,

    /* U+038C "Ό" */
    0xe, 0xf5, 0x0, 0x6, 0xce, 0xfd, 0x92, 0x0,
    0x0, 0xff, 0x0, 0x3e, 0xff, 0xff, 0xff, 0xf7,
    0x0, 0x1f, 0x90, 0x1e, 0xff, 0xa6, 0x58, 0xef,
    0xf7, 0x0, 0x21, 0xb, 0xff, 0x50, 0x0, 0x1,
    0xdf, 0xf1, 0x0, 0x1, 0xff, 0xa0, 0x0, 0x0,
    0x4, 0xff, 0x70, 0x0, 0x5f, 0xf5, 0x0, 0x0,
    0x0, 0xe, 0xfb, 0x0, 0x6, 0xff, 0x20, 0x0,
    0x0, 0x0, 0xcf, 0xd0, 0x0, 0x6f, 0xf2, 0x0,
    0x0, 0x0, 0xc, 0xfd, 0x0, 0x5, 0xff, 0x40,
    0x0, 0x0, 0x0, 0xef, 0xb0, 0x0, 0x1f, 0xfa,
    0x0, 0x0, 0x0, 0x4f, 0xf7, 0x0, 0x0, 0xbf,
    0xf5, 0x0, 0x0, 0x1d, 0xff, 0x10, 0x0, 0x1,
    0xef, 0xfa, 0x65, 0x8e, 0xff, 0x70, 0x0, 0x0,
    0x3, 0xef, 0xff, 0xff, 0xff, 0x80, 0x0, 0x0,
    0x0, 0x1, 0x7c, 0xef, 0xd9, 0x30, 0x0,

    /* U+038E "Ύ" */
    0xe, 0xf5, 0xc, 0xff, 0x30, 0x0, 0x0, 0x2f,
    0xfd, 0x0, 0xfe, 0x0, 0x3f, 0xfc, 0x0, 0x0,
    0xb, 0xff, 0x40, 0x2f, 0x80, 0x0, 0x8f, 0xf6,
    0x0, 0x4, 0xff, 0xa0, 0x0, 0x0, 0x0, 0x0,
    0xef, 0xe0, 0x0, 0xdf, 0xe1, 0x0, 0x0, 0x0,
    0x0, 0x5, 0xff, 0x80, 0x6f, 0xf6, 0x0, 0x0,
    0x0, 0x0, 0x0, 0xb, 0xff, 0x2e, 0xfc, 0x0,
    0x0, 0x0, 0x0, 0x0, 0x0, 0x1f, 0xfd, 0xff,
    0x20, 0x0, 0x0, 0x0, 0x0, 0x0, 0x0, 0x7f,
    0xff, 0x80, 0x0, 0x0, 0x0, 0x0, 0x0, 0x0,
    0x0, 0xdf, 0xe0, 0x0, 0x0, 0x0, 0x0, 0x0,
    0x0, 0x0, 0xc, 0xfd, 0x0, 0x0, 0x0, 0x0,
    0x0, 0x0, 0x0, 0x0, 0xcf, 0xd0, 0x0, 0x0,
    0x0, 0x0, 0x0, 0x0, 0x0, 0xc, 0xfd, 0x0,
    0x0, 0x0, 0x0, 0x0, 0x0, 0x0, 0x0, 0xcf,
    0xd0, 0x0, 0x0, 0x0, 0x0, 0x0, 0x0, 0x0,
    0xc, 0xfd, 0x0, 0x0, 0x0,

    /* U+038F "Ώ" */
    0xe, 0xf5, 0x0, 0x17, 0xce, 0xfd, 0xa4, 0x0,
    0x0, 0xff, 0x0, 0x5e, 0xff, 0xff, 0xff, 0xfa,
    0x0, 0x1f, 0x90, 0x4f, 0xff, 0xa6, 0x68, 0xef,
    0xfa, 0x0, 0x21, 0xe, 0xff, 0x40, 0x0, 0x0,
    0xcf, 0xf4, 0x0, 0x4, 0xff, 0x80, 0x0, 0x0,
    0x2, 0xff, 0xb0, 0x0, 0x7f, 0xf3, 0x0, 0x0,
    0x0, 0xc, 0xfe, 0x0, 0x8, 0xff, 0x20, 0x0,
    0x0, 0x0, 0xbf, 0xf0, 0x0, 0x6f, 0xf3, 0x0,
    0x0, 0x0, 0xd, 0xfd, 0x0, 0x2, 0xff, 0x80,
    0x0, 0x0, 0x2, 0xff, 0x80, 0x0, 0x9, 0xff,
    0x40, 0x0, 0x0, 0xbf, 0xe1, 0x0, 0x0, 0x9,
    0xff, 0xa0, 0x5, 0xef, 0xd3, 0x0, 0x0, 0x12,
    0x23, 0xef, 0x0, 0xaf, 0x72, 0x22, 0x0, 0x8,
    0xff, 0xff, 0xf0, 0xa, 0xff, 0xff, 0xf0, 0x0,
    0x8f, 0xff, 0xff, 0x0, 0xaf, 0xff, 0xff,

    /* U+0390 "ΐ" */
    0x0, 0xa, 0xc2, 0x0, 0x0, 0xfd, 0x0, 0x0,
    0x1f, 0x70, 0x0, 0x0, 0x0, 0x0, 0x0, 0x0,
    0x0, 0x5, 0xf9, 0x6, 0xf8, 0x9f, 0xf0, 0xbf,
    0xd1, 0x94, 0x2, 0x93, 0x0, 0xaf, 0xe0, 0x0,
    0xa, 0xfe, 0x0, 0x0, 0xaf, 0xe0, 0x0, 0xa,
    0xfe, 0x0, 0x0, 0xaf, 0xe0, 0x0, 0xa, 0xfe,
    0x0, 0x0, 0xaf, 0xe0, 0x0, 0xa, 0xfe, 0x0,
    0x0, 0x9f, 0xf1, 0x0, 0x6, 0xff, 0xf7, 0x0,
    0x8, 0xef, 0x90,

    /* U+0391 "Α" */
    0x0, 0x0, 0x9, 0xff, 0xf1, 0x0, 0x0, 0x0,
    0x0, 0x0, 0xff, 0xff, 0x60, 0x0, 0x0, 0x0,
    0x0, 0x5f, 0xfa, 0xfc, 0x0, 0x0, 0x0, 0x0,
    0xb, 0xfb, 0x4f, 0xf2, 0x0, 0x0, 0x0, 0x1,
    0xff, 0x60, 0xff, 0x80, 0x0, 0x0, 0x0, 0x6f,
    0xf1, 0xa, 0xfe, 0x0, 0x0, 0x0, 0xc, 0xfc,
    0x0, 0x4f, 0xf4, 0x0, 0x0, 0x2, 0xff, 0x60,
    0x0, 0xef, 0xa0, 0x0, 0x0, 0x8f, 0xff, 0xff,
    0xff, 0xff, 0x10, 0x0, 0xe, 0xff, 0xff, 0xff,
    0xff, 0xf6, 0x0, 0x3, 0xff, 0x71, 0x11, 0x11,
    0xef, 0xc0, 0x0, 0x9f, 0xf1, 0x0, 0x0, 0x9,
    0xff, 0x20, 0xf, 0xfc, 0x0, 0x0, 0x0, 0x4f,
    0xf8, 0x5, 0xff, 0x70, 0x0, 0x0, 0x0, 0xef,
    0xe0,

    /* U+0392 "Β" */
    0x8f, 0xff, 0xff, 0xfd, 0x81, 0x0, 0x8f, 0xff,
    0xff, 0xff, 0xfd, 0x10, 0x8f, 0xf3, 0x22, 0x4b,
    0xff, 0x80, 0x8f, 0xf1, 0x0, 0x0, 0xff, 0xb0,
    0x8f, 0xf1, 0x0, 0x0, 0xff, 0x90, 0x8f, 0xf1,
    0x0, 0x2a, 0xfe, 0x20, 0x8f, 0xff, 0xff, 0xff,
    0xb1, 0x0, 0x8f, 0xfe, 0xee, 0xff, 0xfc, 0x20,
    0x8f, 0xf1, 0x0, 0x3, 0xef, 0xd0, 0x8f, 0xf1,
    0x0, 0x0, 0x7f, 0xf3, 0x8f, 0xf1, 0x0, 0x0,
    0x7f, 0xf4, 0x8f, 0xf3, 0x22, 0x37, 0xff, 0xf1,
    0x8f, 0xff, 0xff, 0xff, 0xff, 0x60, 0x8f, 0xff,
    0xff, 0xfe, 0xb4, 0x0,

    /* U+0393 "Γ" */
    0x8f, 0xff, 0xff, 0xff, 0xfd, 0x8f, 0xff, 0xff,
    0xff, 0xfd, 0x8f, 0xf3, 0x22, 0x22, 0x22, 0x8f,
    0xf1, 0x0, 0x0, 0x0, 0x8f, 0xf1, 0x0, 0x0,
    0x0, 0x8f, 0xf1, 0x0, 0x0, 0x0, 0x8f, 0xf1,
    0x0, 0x0, 0x0, 0x8f, 0xf1, 0x0, 0x0, 0x0,
    0x8f, 0xf1, 0x0, 0x0, 0x0, 0x8f, 0xf1, 0x0,
    0x0, 0x0, 0x8f, 0xf1, 0x0, 0x0, 0x0, 0x8f,
    0xf1, 0x0, 0x0, 0x0, 0x8f, 0xf1, 0x0, 0x0,
    0x0, 0x8f, 0xf1, 0x0, 0x0, 0x0,

    /* U+0394 "Δ" */
    0x0, 0x0, 0x9, 0xff, 0xf0, 0x0, 0x0, 0x0,
    0x0, 0xe, 0xff, 0xf6, 0x0, 0x0, 0x0, 0x0,
    0x4f, 0xff, 0xfb, 0x0, 0x0, 0x0, 0x0, 0xaf,
    0xe8, 0xff, 0x10, 0x0, 0x0, 0x0, 0xff, 0x92,
    0xff, 0x70, 0x0, 0x0, 0x6, 0xff, 0x30, 0xcf,
    0xd0, 0x0, 0x0, 0xc, 0xfe, 0x0, 0x6f, 0xf3,
    0x0, 0x0, 0x2f, 0xf8, 0x0, 0x1f, 0xf9, 0x0,
    0x0, 0x8f, 0xf2, 0x0, 0xb, 0xfe, 0x0, 0x0,
    0xdf, 0xd0, 0x0, 0x5, 0xff, 0x40, 0x3, 0xff,
    0x70, 0x0, 0x0, 0xff, 0xa0, 0x9, 0xff, 0x42,
    0x22, 0x22, 0xbf, 0xf1, 0xe, 0xff, 0xff, 0xff,
    0xff, 0xff, 0xf6, 0x5f, 0xff, 0xff, 0xff, 0xff,
    0xff, 0xfc,

    /* U+0395 "Ε" */
    0x8f, 0xff, 0xff, 0xff, 0xfe, 0x8f, 0xff, 0xff,
    0xff, 0xfe, 0x8f, 0xf4, 0x33, 0x33, 0x32, 0x8f,
    0xf1, 0x0, 0x0, 0x0, 0x8f, 0xf1, 0x0, 0x0,
    0x0, 0x8f, 0xf3, 0x22, 0x22, 0x21, 0x8f, 0xff,
    0xff, 0xff, 0xf6, 0x8f, 0xff, 0xff, 0xff, 0xf6,
    0x8f, 0xf1, 0x0, 0x0, 0x0, 0x8f, 0xf1, 0x0,
    0x0, 0x0, 0x8f, 0xf1, 0x0, 0x0, 0x0, 0x8f,
    0xf4, 0x33, 0x33, 0x32, 0x8f, 0xff, 0xff, 0xff,
    0xff, 0x8f, 0xff, 0xff, 0xff, 0xff,

    /* U+0396 "Ζ" */
    0xdf, 0xff, 0xff, 0xff, 0xff, 0xed, 0xff, 0xff,
    0xff, 0xff, 0xfd, 0x22, 0x22, 0x22, 0x29, 0xff,
    0x40, 0x0, 0x0, 0x4, 0xff, 0x80, 0x0, 0x0,
    0x1, 0xef, 0xc0, 0x0, 0x0, 0x0, 0xcf, 0xe1,
    0x0, 0x0, 0x0, 0x8f, 0xf5, 0x0, 0x0, 0x0,
    0x4f, 0xf9, 0x0, 0x0, 0x0, 0x1e, 0xfd, 0x0,
    0x0, 0x0, 0xb, 0xff, 0x20, 0x0, 0x0, 0x7,
    0xff, 0x50, 0x0, 0x0, 0x3, 0xff, 0xa2, 0x22,
    0x22, 0x22, 0xcf, 0xff, 0xff, 0xff, 0xff, 0xed,
    0xff, 0xff, 0xff, 0xff, 0xfe,

    /* U+0397 "Η" */
    0x8f, 0xf1, 0x0, 0x0, 0x2, 0xff, 0x78, 0xff,
    0x10, 0x0, 0x0, 0x2f, 0xf7, 0x8f, 0xf1, 0x0,
    0x0, 0x2, 0xff, 0x78, 0xff, 0x10, 0x0, 0x0,
    0x2f, 0xf7, 0x8f, 0xf1, 0x0, 0x0, 0x2, 0xff,
    0x78, 0xff, 0x43, 0x33, 0x33, 0x5f, 0xf7, 0x8f,
    0xff, 0xff, 0xff, 0xff, 0xff, 0x78, 0xff, 0xff,
    0xff, 0xff, 0xff, 0xf7, 0x8f, 0xf1, 0x0, 0x0,
    0x2, 0xff, 0x78, 0xff, 0x10, 0x0, 0x0, 0x2f,
    0xf7, 0x8f, 0xf1, 0x0, 0x0, 0x2, 0xff, 0x78,
    0xff, 0x10, 0x0, 0x0, 0x2f, 0xf7, 0x8f, 0xf1,
    0x0, 0x0, 0x2, 0xff, 0x78, 0xff, 0x10, 0x0,
    0x0, 0x2f, 0xf7,

    /* U+0398 "Θ" */
    0x0, 0x3, 0xad, 0xfe, 0xc6, 0x0, 0x0, 0x0,
    0x9f, 0xff, 0xff, 0xff, 0xd2, 0x0, 0x9, 0xff,
    0xe7, 0x56, 0xbf, 0xfd, 0x10, 0x3f, 0xfc, 0x0,
    0x0, 0x7, 0xff, 0x90, 0x9f, 0xf2, 0x0, 0x0,
    0x0, 0xcf, 0xe0, 0xdf, 0xc0, 0x0, 0x0, 0x0,
    0x7f, 0xf3, 0xff, 0xa0, 0xff, 0xff, 0xf6, 0x4f,
    0xf4, 0xff, 0xa0, 0xdd, 0xdd, 0xd5, 0x4f, 0xf4,
    0xdf, 0xc0, 0x0, 0x0, 0x0, 0x6f, 0xf3, 0x9f,
    0xf2, 0x0, 0x0, 0x0, 0xcf, 0xe0, 0x3f, 0xfc,
    0x0, 0x0, 0x7, 0xff, 0x90, 0x9, 0xff, 0xe7,
    0x56, 0xbf, 0xfe, 0x10, 0x0, 0x9f, 0xff, 0xff,
    0xff, 0xd2, 0x0, 0x0, 0x4, 0xad, 0xfe, 0xc6,
    0x0, 0x0,

    /* U+0399 "Ι" */
    0x8f, 0xf1, 0x8f, 0xf1, 0x8f, 0xf1, 0x8f, 0xf1,
    0x8f, 0xf1, 0x8f, 0xf1, 0x8f, 0xf1, 0x8f, 0xf1,
    0x8f, 0xf1, 0x8f, 0xf1, 0x8f, 0xf1, 0x8f, 0xf1,
    0x8f, 0xf1, 0x8f, 0xf1,

    /* U+039A "Κ" */
    0x8f, 0xf1, 0x0, 0x0, 0x4f, 0xfe, 0x18, 0xff,
    0x10, 0x0, 0x3f, 0xfe, 0x20, 0x8f, 0xf1, 0x0,
    0x2e, 0xff, 0x30, 0x8, 0xff, 0x10, 0x1e, 0xff,
    0x40, 0x0, 0x8f, 0xf1, 0xd, 0xff, 0x50, 0x0,
    0x8, 0xff, 0x1b, 0xff, 0x60, 0x0, 0x0, 0x8f,
    0xf8, 0xff, 0xf3, 0x0, 0x0, 0x8, 0xff, 0xff,
    0xff, 0xd0, 0x0, 0x0, 0x8f, 0xff, 0x56, 0xff,
    0x90, 0x0, 0x8, 0xff, 0x60, 0xb, 0xff, 0x50,
    0x0, 0x8f, 0xf1, 0x0, 0x1e, 0xfe, 0x10, 0x8,
    0xff, 0x10, 0x0, 0x4f, 0xfb, 0x0, 0x8f, 0xf1,
    0x0, 0x0, 0x9f, 0xf7, 0x8, 0xff, 0x10, 0x0,
    0x0, 0xdf, 0xf3,

    /* U+039B "Λ" */
    0x0, 0x0, 0x9, 0xff, 0xf1, 0x0, 0x0, 0x0,
    0x0, 0x0, 0xff, 0xff, 0x60, 0x0, 0x0, 0x0,
    0x0, 0x5f, 0xfb, 0xfc, 0x0, 0x0, 0x0, 0x0,
    0xb, 0xfc, 0x5f, 0xf2, 0x0, 0x0, 0x0, 0x1,
    0xff, 0x71, 0xff, 0x80, 0x0, 0x0, 0x0, 0x6f,
    0xf3, 0xc, 0xfe, 0x0, 0x0, 0x0, 0xc, 0xfe,
    0x0, 0x7f, 0xf4, 0x0, 0x0, 0x2, 0xff, 0x90,
    0x1, 0xff, 0xa0, 0x0, 0x0, 0x8f, 0xf3, 0x0,
    0xb, 0xff, 0x10, 0x0, 0xe, 0xfe, 0x0, 0x0,
    0x6f, 0xf6, 0x0, 0x3, 0xff, 0x80, 0x0, 0x0,
    0xff, 0xc0, 0x0, 0x9f, 0xf3, 0x0, 0x0, 0xa,
    0xff, 0x20, 0xf, 0xfd, 0x0, 0x0, 0x0, 0x5f,
    0xf8, 0x5, 0xff, 0x80, 0x0, 0x0, 0x0, 0xef,
    0xe0,

    /* U+039C "Μ" */
    0x8f, 0xff, 0x90, 0x0, 0x0, 0x2, 0xff, 0xff,
    0x8f, 0xff, 0xe0, 0x0, 0x0, 0x8, 0xff, 0xff,
    0x8f, 0xff, 0xf5, 0x0, 0x0, 0xe, 0xfe, 0xff,
    0x8f, 0xfb, 0xfb, 0x0, 0x0, 0x4f, 0xfa, 0xff,
    0x8f, 0xf6, 0xff, 0x10, 0x0, 0xaf, 0xd9, 0xff,
    0x8f, 0xf1, 0xff, 0x70, 0x1, 0xff, 0x89, 0xff,
    0x8f, 0xf0, 0xcf, 0xd0, 0x6, 0xff, 0x29, 0xff,
    0x8f, 0xf0, 0x6f, 0xf3, 0xc, 0xfc, 0x9, 0xff,
    0x8f, 0xf0, 0xf, 0xf8, 0x1f, 0xf6, 0x9, 0xff,
    0x8f, 0xf0, 0xa, 0xfc, 0x5f, 0xf1, 0x9, 0xff,
    0x8f, 0xf0, 0x3, 0xff, 0xaf, 0xa0, 0x9, 0xff,
    0x8f, 0xf0, 0x0, 0xdf, 0xff, 0x40, 0x9, 0xff,
    0x8f, 0xf0, 0x0, 0x7f, 0xfe, 0x0, 0x9, 0xff,
    0x8f, 0xf0, 0x0, 0x1f, 0xf8, 0x0, 0x9, 0xff,

    /* U+039D "Ν" */
    0x8f, 0xfb, 0x0, 0x0, 0x0, 0xef, 0xb8, 0xff,
    0xf6, 0x0, 0x0, 0xe, 0xfb, 0x8f, 0xff, 0xf1,
    0x0, 0x0, 0xef, 0xb8, 0xff, 0xdf, 0xb0, 0x0,
    0xe, 0xfb, 0x8f, 0xf4, 0xff, 0x50, 0x0, 0xef,
    0xb8, 0xff, 0x1b, 0xfe, 0x10, 0xe, 0xfb, 0x8f,
    0xf1, 0x2f, 0xfa, 0x0, 0xef, 0xb8, 0xff, 0x10,
    0x7f, 0xf4, 0xe, 0xfb, 0x8f, 0xf2, 0x0, 0xdf,
    0xe0, 0xef, 0xb8, 0xff, 0x20, 0x3, 0xff, 0x7d,
    0xfb, 0x8f, 0xf2, 0x0, 0x8, 0xff, 0xdf, 0xb8,
    0xff, 0x20, 0x0, 0xd, 0xff, 0xfb, 0x8f, 0xf2,
    0x0, 0x0, 0x3f, 0xff, 0xb8, 0xff, 0x20, 0x0,
    0x0, 0x9f, 0xfb,

    /* U+039E "Ξ" */
    0xbf, 0xff, 0xff, 0xff, 0xff, 0xf4, 0xbf, 0xff,
    0xff, 0xff, 0xff, 0xf4, 0x12, 0x22, 0x22, 0x22,
    0x22, 0x20, 0x0, 0x0, 0x0, 0x0, 0x0, 0x0,
    0x0, 0x0, 0x0, 0x0, 0x0, 0x0, 0x2, 0x22,
    0x22, 0x22, 0x22, 0x10, 0xf, 0xff, 0xff, 0xff,
    0xff, 0x80, 0xf, 0xff, 0xff, 0xff, 0xff, 0x80,
    0x0, 0x0, 0x0, 0x0, 0x0, 0x0, 0x0, 0x0,
    0x0, 0x0, 0x0, 0x0, 0x0, 0x0, 0x0, 0x0,
    0x0, 0x0, 0x22, 0x22, 0x22, 0x22, 0x22, 0x20,
    0xdf, 0xff, 0xff, 0xff, 0xff, 0xf5, 0xdf, 0xff,
    0xff, 0xff, 0xff, 0xf5,

    /* U+039F "Ο" */
    0x0, 0x3, 0xad, 0xfe, 0xc6, 0x0, 0x0, 0x0,
    0x9f, 0xff, 0xff, 0xff, 0xd2, 0x0, 0x9, 0xff,
    0xe7, 0x56, 0xbf, 0xfd, 0x10, 0x3f, 0xfc, 0x0,
    0x0, 0x7, 0xff, 0x90, 0x9f, 0xf2, 0x0, 0x0,
    0x0, 0xcf, 0xe0, 0xdf, 0xc0, 0x0, 0x0, 0x0,
    0x7f, 0xf3, 0xff, 0xa0, 0x0, 0x0, 0x0, 0x4f,
    0xf4, 0xff, 0xa0, 0x0, 0x0, 0x0, 0x4f, 0xf4,
    0xdf, 0xc0, 0x0, 0x0, 0x0, 0x6f, 0xf3, 0x9f,
    0xf2, 0x0, 0x0, 0x0, 0xcf, 0xe0, 0x3f, 0xfc,
    0x0, 0x0, 0x7, 0xff, 0x90, 0x9, 0xff, 0xe7,
    0x56, 0xbf, 0xfe, 0x10, 0x0, 0x9f, 0xff, 0xff,
    0xff, 0xd2, 0x0, 0x0, 0x4, 0xad, 0xfe, 0xc6,
    0x0, 0x0,

    /* U+03A0 "Π" */
    0x8f, 0xff, 0xff, 0xff, 0xff, 0xff, 0x78, 0xff,
    0xff, 0xff, 0xff, 0xff, 0xf7, 0x8f, 0xf4, 0x33,
    0x33, 0x35, 0xff, 0x78, 0xff, 0x10, 0x0, 0x0,
    0x2f, 0xf7, 0x8f, 0xf1, 0x0, 0x0, 0x2, 0xff,
    0x78, 0xff, 0x10, 0x0, 0x0, 0x2f, 0xf7, 0x8f,
    0xf1, 0x0, 0x0, 0x2, 0xff, 0x78, 0xff, 0x10,
    0x0, 0x0, 0x2f, 0xf7, 0x8f, 0xf1, 0x0, 0x0,
    0x2, 0xff, 0x78, 0xff, 0x10, 0x0, 0x0, 0x2f,
    0xf7, 0x8f, 0xf1, 0x0, 0x0, 0x2, 0xff, 0x78,
    0xff, 0x10, 0x0, 0x0, 0x2f, 0xf7, 0x8f, 0xf1,
    0x0, 0x0, 0x2, 0xff, 0x78, 0xff, 0x10, 0x0,
    0x0, 0x2f, 0xf7,

    /* U+03A1 "Ρ" */
    0x8f, 0xff, 0xff, 0xfc, 0x70, 0x0, 0x8f, 0xff,
    0xff, 0xff, 0xfc, 0x0, 0x8f, 0xf3, 0x23, 0x4c,
    0xff, 0x80, 0x8f, 0xf1, 0x0, 0x0, 0xef, 0xe0,
    0x8f, 0xf1, 0x0, 0x0, 0xaf, 0xf0, 0x8f, 0xf1,
    0x0, 0x0, 0xdf, 0xe0, 0x8f, 0xf1, 0x0, 0x29,
    0xff, 0x90, 0x8f, 0xff, 0xff, 0xff, 0xfe, 0x10,
    0x8f, 0xff, 0xff, 0xff, 0x91, 0x0, 0x8f, 0xf3,
    0x22, 0x10, 0x0, 0x0, 0x8f, 0xf1, 0x0, 0x0,
    0x0, 0x0, 0x8f, 0xf1, 0x0, 0x0, 0x0, 0x0,
    0x8f, 0xf1, 0x0, 0x0, 0x0, 0x0, 0x8f, 0xf1,
    0x0, 0x0, 0x0, 0x0,

    /* U+03A3 "Σ" */
    0x8f, 0xff, 0xff, 0xff, 0xff, 0xf9, 0x8f, 0xff,
    0xff, 0xff, 0xff, 0xf9, 0x2d, 0xfe, 0x42, 0x22,
    0x22, 0x21, 0x1, 0xdf, 0xf4, 0x0, 0x0, 0x0,
    0x0, 0x1d, 0xff, 0x40, 0x0, 0x0, 0x0, 0x1,
    0xcf, 0xf5, 0x0, 0x0, 0x0, 0x0, 0xa, 0xff,
    0x20, 0x0, 0x0, 0x0, 0x3e, 0xfd, 0x10, 0x0,
    0x0, 0x4, 0xff, 0xd1, 0x0, 0x0, 0x0, 0x4f,
    0xfd, 0x10, 0x0, 0x0, 0x4, 0xff, 0xc1, 0x0,
    0x0, 0x0, 0x4f, 0xfc, 0x22, 0x22, 0x22, 0x21,
    0xdf, 0xff, 0xff, 0xff, 0xff, 0xfb, 0xdf, 0xff,
    0xff, 0xff, 0xff, 0xfb,

    /* U+03A4 "Τ" */
    0x3f, 0xff, 0xff, 0xff, 0xff, 0xff, 0x63, 0xff,
    0xff, 0xff, 0xff, 0xff, 0xf6, 0x3, 0x33, 0x3c,
    0xfe, 0x33, 0x33, 0x10, 0x0, 0x0, 0xbf, 0xe0,
    0x0, 0x0, 0x0, 0x0, 0xb, 0xfe, 0x0, 0x0,
    0x0, 0x0, 0x0, 0xbf, 0xe0, 0x0, 0x0, 0x0,
    0x0, 0xb, 0xfe, 0x0, 0x0, 0x0, 0x0, 0x0,
    0xbf, 0xe0, 0x0, 0x0, 0x0, 0x0, 0xb, 0xfe,
    0x0, 0x0, 0x0, 0x0, 0x0, 0xbf, 0xe0, 0x0,
    0x0, 0x0, 0x0, 0xb, 0xfe, 0x0, 0x0, 0x0,
    0x0, 0x0, 0xbf, 0xe0, 0x0, 0x0, 0x0, 0x0,
    0xb, 0xfe, 0x0, 0x0, 0x0, 0x0, 0x0, 0xbf,
    0xe0, 0x0, 0x0,

    /* U+03A5 "Υ" */
    0x3f, 0xfd, 0x0, 0x0, 0x0, 0x8f, 0xf7, 0x9,
    0xff, 0x60, 0x0, 0x2, 0xff, 0xd0, 0x0, 0xef,
    0xe1, 0x0, 0xb, 0xff, 0x30, 0x0, 0x5f, 0xf9,
    0x0, 0x4f, 0xf9, 0x0, 0x0, 0xb, 0xff, 0x30,
    0xdf, 0xe1, 0x0, 0x0, 0x1, 0xff, 0xb5, 0xff,
    0x50, 0x0, 0x0, 0x0, 0x7f, 0xfe, 0xfc, 0x0,
    0x0, 0x0, 0x0, 0xc, 0xff, 0xf2, 0x0, 0x0,
    0x0, 0x0, 0x3, 0xff, 0x90, 0x0, 0x0, 0x0,
    0x0, 0x2, 0xff, 0x70, 0x0, 0x0, 0x0, 0x0,
    0x2, 0xff, 0x70, 0x0, 0x0, 0x0, 0x0, 0x2,
    0xff, 0x70, 0x0, 0x0, 0x0, 0x0, 0x2, 0xff,
    0x70, 0x0, 0x0, 0x0, 0x0, 0x2, 0xff, 0x70,
    0x0, 0x0,

    /* U+03A6 "Φ" */
    0x0, 0x0, 0x0, 0x4d, 0xd1, 0x0, 0x0, 0x0,
    0x0, 0x0, 0x0, 0x7f, 0xf3, 0x0, 0x0, 0x0,
    0x0, 0x6, 0xdf, 0xff, 0xff, 0xfb, 0x40, 0x0,
    0x1, 0xcf, 0xff, 0xff, 0xff, 0xff, 0xf9, 0x0,
    0xb, 0xff, 0x92, 0x6f, 0xf2, 0x3b, 0xff, 0x80,
    0x5f, 0xf8, 0x0, 0x5f, 0xf2, 0x0, 0xbf, 0xf1,
    0xbf, 0xe0, 0x0, 0x5f, 0xf2, 0x0, 0x2f, 0xf7,
    0xef, 0xb0, 0x0, 0x5f, 0xf2, 0x0, 0xe, 0xfa,
    0xff, 0xa0, 0x0, 0x5f, 0xf2, 0x0, 0xd, 0xfb,
    0xef, 0xb0, 0x0, 0x5f, 0xf2, 0x0, 0xf, 0xfa,
    0xaf, 0xf1, 0x0, 0x5f, 0xf2, 0x0, 0x3f, 0xf6,
    0x4f, 0xfa, 0x0, 0x5f, 0xf2, 0x0, 0xcf, 0xf1,
    0x9, 0xff, 0xb5, 0x7f, 0xf5, 0x6d, 0xff, 0x50,
    0x0, 0x9f, 0xff, 0xff, 0xff, 0xff, 0xf6, 0x0,
    0x0, 0x3, 0xad, 0xff, 0xff, 0xd9, 0x20, 0x0,
    0x0, 0x0, 0x0, 0x5f, 0xf2, 0x0, 0x0, 0x0,

    /* U+03A7 "Χ" */
    0xb, 0xff, 0x40, 0x0, 0x0, 0xcf, 0xf2, 0x1,
    0xef, 0xe1, 0x0, 0x8, 0xff, 0x60, 0x0, 0x4f,
    0xfa, 0x0, 0x3f, 0xfb, 0x0, 0x0, 0x9, 0xff,
    0x40, 0xdf, 0xe1, 0x0, 0x0, 0x0, 0xdf, 0xd7,
    0xff, 0x50, 0x0, 0x0, 0x0, 0x3f, 0xff, 0xf9,
    0x0, 0x0, 0x0, 0x0, 0x8, 0xff, 0xe0, 0x0,
    0x0, 0x0, 0x0, 0xb, 0xff, 0xf4, 0x0, 0x0,
    0x0, 0x0, 0x7f, 0xfe, 0xfe, 0x10, 0x0, 0x0,
    0x3, 0xff, 0xa4, 0xff, 0xa0, 0x0, 0x0, 0xd,
    0xfe, 0x10, 0xaf, 0xf6, 0x0, 0x0, 0xaf, 0xf4,
    0x0, 0xe, 0xff, 0x20, 0x6, 0xff, 0x90, 0x0,
    0x4, 0xff, 0xc0, 0x2f, 0xfd, 0x0, 0x0, 0x0,
    0x8f, 0xf8,

    /* U+03A8 "Ψ" */
    0x8f, 0xf0, 0x0, 0x5f, 0xf2, 0x0, 0x3f, 0xf5,
    0x8f, 0xf0, 0x0, 0x5f, 0xf2, 0x0, 0x3f, 0xf5,
    0x8f, 0xf0, 0x0, 0x5f, 0xf2, 0x0, 0x3f, 0xf5,
    0x8f, 0xf0, 0x0, 0x5f, 0xf2, 0x0, 0x3f, 0xf5,
    0x7f, 0xf1, 0x0, 0x5f, 0xf2, 0x0, 0x4f, 0xf4,
    0x6f, 0xf3, 0x0, 0x5f, 0xf2, 0x0, 0x6f, 0xf2,
    0x2f, 0xf8, 0x0, 0x5f, 0xf2, 0x0, 0xbf, 0xe0,
    0xb, 0xff, 0x71, 0x6f, 0xf2, 0x29, 0xff, 0x70,
    0x1, 0xdf, 0xff, 0xff, 0xff, 0xff, 0xfb, 0x0,
    0x0, 0x7, 0xdf, 0xff, 0xff, 0xfc, 0x60, 0x0,
    0x0, 0x0, 0x0, 0x6f, 0xf3, 0x0, 0x0, 0x0,
    0x0, 0x0, 0x0, 0x5f, 0xf2, 0x0, 0x0, 0x0,
    0x0, 0x0, 0x0, 0x5f, 0xf2, 0x0, 0x0, 0x0,
    0x0, 0x0, 0x0, 0x5f, 0xf2, 0x0, 0x0, 0x0,

    /* U+03A9 "Ω" */
    0x0, 0x4, 0xad, 0xfe, 0xc7, 0x10, 0x0, 0x0,
    0xaf, 0xff, 0xff, 0xff, 0xe5, 0x0, 0xa, 0xff,
    0xe8, 0x66, 0xaf, 0xff, 0x30, 0x5f, 0xfc, 0x0,
    0x0, 0x4, 0xff, 0xd0, 0xbf, 0xf1, 0x0, 0x0,
    0x0, 0x8f, 0xf4, 0xef, 0xc0, 0x0, 0x0, 0x0,
    0x3f, 0xf7, 0xff, 0xb0, 0x0, 0x0, 0x0, 0x2f,
    0xf8, 0xdf, 0xc0, 0x0, 0x0, 0x0, 0x3f, 0xf6,
    0x8f, 0xf2, 0x0, 0x0, 0x0, 0x8f, 0xf1, 0x1f,
    0xfb, 0x0, 0x0, 0x4, 0xff, 0x90, 0x3, 0xdf,
    0xe5, 0x0, 0xaf, 0xf9, 0x0, 0x22, 0x27, 0xfa,
    0x1, 0xfe, 0x32, 0x21, 0xff, 0xff, 0xfa, 0x1,
    0xff, 0xff, 0xf8, 0xff, 0xff, 0xfa, 0x1, 0xff,
    0xff, 0xf8,

    /* U+03AA "Ϊ" */
    0x29, 0x40, 0x8, 0x70, 0xaf, 0xe0, 0x6f, 0xf3,
    0x5f, 0x90, 0x2e, 0xc0, 0x0, 0x0, 0x0, 0x0,
    0x0, 0x0, 0x0, 0x0, 0x0, 0x8f, 0xf1, 0x0,
    0x0, 0x8f, 0xf1, 0x0, 0x0, 0x8f, 0xf1, 0x0,
    0x0, 0x8f, 0xf1, 0x0, 0x0, 0x8f, 0xf1, 0x0,
    0x0, 0x8f, 0xf1, 0x0, 0x0, 0x8f, 0xf1, 0x0,
    0x0, 0x8f, 0xf1, 0x0, 0x0, 0x8f, 0xf1, 0x0,
    0x0, 0x8f, 0xf1, 0x0, 0x0, 0x8f, 0xf1, 0x0,
    0x0, 0x8f, 0xf1, 0x0, 0x0, 0x8f, 0xf1, 0x0,
    0x0, 0x8f, 0xf1, 0x0,

    /* U+03AB "Ϋ" */
    0x0, 0x0, 0x88, 0x0, 0x59, 0x10, 0x0, 0x0,
    0x4, 0xff, 0x40, 0xff, 0x80, 0x0, 0x0, 0x1,
    0xdd, 0x10, 0xbe, 0x40, 0x0, 0x0, 0x0, 0x0,
    0x0, 0x0, 0x0, 0x0, 0x0, 0x0, 0x0, 0x0,
    0x0, 0x0, 0x0, 0x3f, 0xfd, 0x0, 0x0, 0x0,
    0x8f, 0xf7, 0x9, 0xff, 0x60, 0x0, 0x2, 0xff,
    0xd0, 0x0, 0xef, 0xe1, 0x0, 0xb, 0xff, 0x30,
    0x0, 0x5f, 0xf9, 0x0, 0x4f, 0xf9, 0x0, 0x0,
    0xb, 0xff, 0x30, 0xdf, 0xe1, 0x0, 0x0, 0x1,
    0xff, 0xb5, 0xff, 0x50, 0x0, 0x0, 0x0, 0x7f,
    0xfe, 0xfc, 0x0, 0x0, 0x0, 0x0, 0xc, 0xff,
    0xf2, 0x0, 0x0, 0x0, 0x0, 0x3, 0xff, 0x90,
    0x0, 0x0, 0x0, 0x0, 0x2, 0xff, 0x70, 0x0,
    0x0, 0x0, 0x0, 0x2, 0xff, 0x70, 0x0, 0x0,
    0x0, 0x0, 0x2, 0xff, 0x70, 0x0, 0x0, 0x0,
    0x0, 0x2, 0xff, 0x70, 0x0, 0x0, 0x0, 0x0,
    0x2, 0xff, 0x70, 0x0, 0x0,

    /* U+03AC "ά" */
    0x0, 0x0, 0x6, 0xfd, 0x0, 0x0, 0x0, 0x0,
    0x0, 0x7, 0xf7, 0x0, 0x0, 0x0, 0x0, 0x0,
    0x9, 0xf1, 0x0, 0x0, 0x0, 0x0, 0x0, 0x0,
    0x0, 0x0, 0x0, 0x0, 0x0, 0x6, 0xcf, 0xfb,
    0x30, 0x9f, 0xb0, 0x0, 0xaf, 0xff, 0xff, 0xf2,
    0xcf, 0x70, 0x6, 0xff, 0xb3, 0x26, 0xfa, 0xff,
    0x30, 0xc, 0xfe, 0x0, 0x0, 0x6f, 0xff, 0x0,
    0xf, 0xf9, 0x0, 0x0, 0xe, 0xfb, 0x0, 0x1f,
    0xf7, 0x0, 0x0, 0xa, 0xf8, 0x0, 0xf, 0xf9,
    0x0, 0x0, 0xe, 0xfb, 0x0, 0xc, 0xfe, 0x0,
    0x0, 0x7f, 0xff, 0x0, 0x6, 0xff, 0xc4, 0x28,
    0xf8, 0xef, 0x40, 0x0, 0xaf, 0xff, 0xff, 0xe1,
    0xbf, 0x90, 0x0, 0x6, 0xcf, 0xeb, 0x20, 0x7f,
    0xd0,

    /* U+03AD "έ" */
    0x0, 0x0, 0xe, 0xf5, 0x0, 0x0, 0x0, 0x0,
    0xff, 0x0, 0x0, 0x0, 0x0, 0x1f, 0x90, 0x0,
    0x0, 0x0, 0x0, 0x0, 0x0, 0x0, 0x0, 0x4b,
    0xef, 0xeb, 0x40, 0x0, 0x6f, 0xff, 0xff, 0xff,
    0x50, 0xd, 0xfd, 0x20, 0x1b, 0xfb, 0x0, 0xdf,
    0xa0, 0x0, 0x0, 0x0, 0x4, 0xff, 0xdb, 0xb0,
    0x0, 0x0, 0x8, 0xff, 0xff, 0x0, 0x0, 0xb,
    0xfd, 0x30, 0x0, 0x0, 0x1, 0xff, 0x60, 0x0,
    0x27, 0x40, 0xf, 0xfc, 0x20, 0x1a, 0xfe, 0x0,
    0x7f, 0xff, 0xff, 0xff, 0x60, 0x0, 0x4b, 0xef,
    0xeb, 0x40, 0x0,

    /* U+03AE "ή" */
    0x0, 0x0, 0x4f, 0xe0, 0x0, 0x0, 0x0, 0x6f,
    0x80, 0x0, 0x0, 0x0, 0x8f, 0x20, 0x0, 0x0,
    0x0, 0x0, 0x0, 0x0, 0xaf, 0xc1, 0x9e, 0xfc,
    0x30, 0xaf, 0xcc, 0xff, 0xff, 0xf3, 0xaf, 0xfc,
    0x21, 0x7f, 0xfa, 0xaf, 0xf1, 0x0, 0xc, 0xfd,
    0xaf, 0xe0, 0x0, 0xa, 0xfe, 0xaf, 0xe0, 0x0,
    0xa, 0xfe, 0xaf, 0xe0, 0x0, 0xa, 0xfe, 0xaf,
    0xe0, 0x0, 0xa, 0xfe, 0xaf, 0xe0, 0x0, 0xa,
    0xfe, 0xaf, 0xe0, 0x0, 0xa, 0xfe, 0xaf, 0xe0,
    0x0, 0xa, 0xfe, 0x0, 0x0, 0x0, 0xa, 0xfe,
    0x0, 0x0, 0x0, 0xa, 0xfe, 0x0, 0x0, 0x0,
    0xa, 0xfe, 0x0, 0x0, 0x0, 0xa, 0xfe,

    /* U+03AF "ί" */
    0xe, 0xf5, 0x0, 0xfe, 0x0, 0x1f, 0x80, 0x0,
    0x0, 0x0, 0xaf, 0xe0, 0xa, 0xfe, 0x0, 0xaf,
    0xe0, 0xa, 0xfe, 0x0, 0xaf, 0xe0, 0xa, 0xfe,
    0x0, 0xaf, 0xe0, 0xa, 0xfe, 0x0, 0x9f, 0xf1,
    0x6, 0xff, 0xf7, 0x8, 0xef, 0x90,

    /* U+03B0 "ΰ" */
    0x0, 0x0, 0x7f, 0xc0, 0x0, 0x0, 0x0, 0x9f,
    0x60, 0x0, 0x0, 0x0, 0xaf, 0x10, 0x0, 0x0,
    0x0, 0x0, 0x0, 0x0, 0x1d, 0xd1, 0x0, 0xb,
    0xe3, 0x3f, 0xf5, 0x0, 0x1f, 0xf7, 0x7, 0x80,
    0x0, 0x6, 0x81, 0xaf, 0xe0, 0x0, 0xa, 0xfe,
    0xaf, 0xe0, 0x0, 0xa, 0xfe, 0xaf, 0xe0, 0x0,
    0xa, 0xfe, 0xaf, 0xe0, 0x0, 0xa, 0xfe, 0xaf,
    0xe0, 0x0, 0xa, 0xfe, 0xaf, 0xe0, 0x0, 0xa,
    0xfe, 0xaf, 0xe0, 0x0, 0xa, 0xfe, 0x9f, 0xf1,
    0x0, 0xd, 0xfc, 0x4f, 0xfc, 0x43, 0x9f, 0xf8,
    0xa, 0xff, 0xff, 0xff, 0xd1, 0x0, 0x6c, 0xff,
    0xd8, 0x0,

    /* U+03B1 "α" */
    0x0, 0x6, 0xcf, 0xfb, 0x30, 0x9f, 0xb0, 0x0,
    0xaf, 0xff, 0xff, 0xf2, 0xcf, 0x70, 0x6, 0xff,
    0xb3, 0x26, 0xfa, 0xff, 0x30, 0xc, 0xfe, 0x0,
    0x0, 0x6f, 0xff, 0x0, 0xf, 0xf9, 0x0, 0x0,
    0xe, 0xfb, 0x0, 0x1f, 0xf7, 0x0, 0x0, 0xa,
    0xf8, 0x0, 0xf, 0xf9, 0x0, 0x0, 0xe, 0xfb,
    0x0, 0xc, 0xfe, 0x0, 0x0, 0x7f, 0xff, 0x0,
    0x6, 0xff, 0xc4, 0x28, 0xf8, 0xef, 0x40, 0x0,
    0xaf, 0xff, 0xff, 0xe1, 0xbf, 0x90, 0x0, 0x6,
    0xcf, 0xeb, 0x20, 0x7f, 0xd0,

    /* U+03B2 "β" */
    0x0, 0x6c, 0xff, 0xd8, 0x0, 0x0, 0xaf, 0xff,
    0xff, 0xfd, 0x0, 0x4f, 0xfb, 0x44, 0xaf, 0xf7,
    0x9, 0xfe, 0x0, 0x0, 0xef, 0x90, 0xaf, 0xd0,
    0x0, 0x4f, 0xf5, 0xa, 0xfd, 0x9, 0xef, 0xd6,
    0x0, 0xaf, 0xd0, 0xbf, 0xfe, 0x70, 0xa, 0xfd,
    0x0, 0x4, 0xef, 0x80, 0xaf, 0xd0, 0x0, 0x6,
    0xff, 0xa, 0xfd, 0x0, 0x0, 0x4f, 0xf2, 0xaf,
    0xf0, 0x0, 0x8, 0xff, 0x1a, 0xff, 0xc4, 0x38,
    0xff, 0xc0, 0xaf, 0xde, 0xff, 0xff, 0xf2, 0xa,
    0xfd, 0x3c, 0xfe, 0xa2, 0x0, 0xaf, 0xd0, 0x0,
    0x0, 0x0, 0xa, 0xfd, 0x0, 0x0, 0x0, 0x0,
    0xaf, 0xd0, 0x0, 0x0, 0x0, 0xa, 0xfd, 0x0,
    0x0, 0x0, 0x0,

    /* U+03B3 "γ" */
    0x7f, 0xf4, 0x0, 0x0, 0x7f, 0xf2, 0x1f, 0xf9,
    0x0, 0x0, 0xdf, 0xd0, 0xb, 0xfe, 0x0, 0x2,
    0xff, 0x70, 0x5, 0xff, 0x40, 0x8, 0xff, 0x10,
    0x0, 0xef, 0x90, 0xd, 0xfb, 0x0, 0x0, 0x9f,
    0xe0, 0x2f, 0xf5, 0x0, 0x0, 0x3f, 0xf4, 0x7f,
    0xe0, 0x0, 0x0, 0xd, 0xf8, 0xcf, 0x90, 0x0,
    0x0, 0x7, 0xfd, 0xff, 0x30, 0x0, 0x0, 0x1,
    0xff, 0xfd, 0x0, 0x0, 0x0, 0x0, 0xbf, 0xf7,
    0x0, 0x0, 0x0, 0x0, 0x6f, 0xf2, 0x0, 0x0,
    0x0, 0x0, 0x6f, 0xf2, 0x0, 0x0, 0x0, 0x0,
    0x6f, 0xf2, 0x0, 0x0, 0x0, 0x0, 0x6f, 0xf2,
    0x0, 0x0,

    /* U+03B4 "δ" */
    0x0, 0x6, 0xbd, 0xff, 0xf5, 0x0, 0x0, 0x9f,
    0xff, 0xff, 0xf5, 0x0, 0x0, 0xaf, 0xe4, 0x11,
    0x10, 0x0, 0x0, 0x6, 0x91, 0x0, 0x0, 0x0,
    0x0, 0x3c, 0xff, 0xc8, 0x20, 0x0, 0x3, 0xff,
    0xd6, 0x7d, 0xf7, 0x0, 0xb, 0xfe, 0x10, 0x1,
    0xff, 0x50, 0xf, 0xf9, 0x0, 0x0, 0xaf, 0xc0,
    0x1f, 0xf7, 0x0, 0x0, 0x8f, 0xf0, 0xf, 0xf8,
    0x0, 0x0, 0x9f, 0xf0, 0xd, 0xfc, 0x0, 0x0,
    0xdf, 0xe0, 0x7, 0xff, 0x92, 0x29, 0xff, 0x90,
    0x0, 0xbf, 0xff, 0xff, 0xfc, 0x0, 0x0, 0x6,
    0xcf, 0xfc, 0x70, 0x0,

    /* U+03B5 "ε" */
    0x0, 0x4b, 0xef, 0xeb, 0x40, 0x0, 0x6f, 0xff,
    0xff, 0xff, 0x50, 0xd, 0xfd, 0x20, 0x1b, 0xfb,
    0x0, 0xdf, 0xa0, 0x0, 0x0, 0x0, 0x4, 0xff,
    0xdb, 0xb0, 0x0, 0x0, 0x8, 0xff, 0xff, 0x0,
    0x0, 0xb, 0xfd, 0x30, 0x0, 0x0, 0x1, 0xff,
    0x60, 0x0, 0x27, 0x40, 0xf, 0xfc, 0x20, 0x1a,
    0xfe, 0x0, 0x7f, 0xff, 0xff, 0xff, 0x60, 0x0,
    0x4b, 0xef, 0xeb, 0x40, 0x0,

    /* U+03B6 "ζ" */
    0xa, 0xff, 0xff, 0xff, 0xf7, 0xa, 0xff, 0xff,
    0xff, 0xf6, 0x0, 0x0, 0x0, 0xaf, 0xc0, 0x0,
    0x0, 0xb, 0xfd, 0x10, 0x0, 0x0, 0xaf, 0xe2,
    0x0, 0x0, 0x8, 0xff, 0x30, 0x0, 0x0, 0x5f,
    0xf5, 0x0, 0x0, 0x2, 0xff, 0x80, 0x0, 0x0,
    0xb, 0xfc, 0x0, 0x0, 0x0, 0xf, 0xf6, 0x0,
    0x0, 0x0, 0x1f, 0xf7, 0x0, 0x0, 0x0, 0xe,
    0xfe, 0x51, 0x0, 0x0, 0x6, 0xff, 0xff, 0xfe,
    0x90, 0x0, 0x3b, 0xef, 0xff, 0xf6, 0x0, 0x0,
    0x0, 0xa, 0xfa, 0x0, 0x0, 0x0, 0x7, 0xfb,
    0x0, 0x0, 0x0, 0x7, 0xfb,

    /* U+03B7 "η" */
    0xaf, 0xc1, 0x9e, 0xfc, 0x30, 0xaf, 0xcc, 0xff,
    0xff, 0xf3, 0xaf, 0xfc, 0x21, 0x7f, 0xfa, 0xaf,
    0xf1, 0x0, 0xc, 0xfd, 0xaf, 0xe0, 0x0, 0xa,
    0xfe, 0xaf, 0xe0, 0x0, 0xa, 0xfe, 0xaf, 0xe0,
    0x0, 0xa, 0xfe, 0xaf, 0xe0, 0x0, 0xa, 0xfe,
    0xaf, 0xe0, 0x0, 0xa, 0xfe, 0xaf, 0xe0, 0x0,
    0xa, 0xfe, 0xaf, 0xe0, 0x0, 0xa, 0xfe, 0x0,
    0x0, 0x0, 0xa, 0xfe, 0x0, 0x0, 0x0, 0xa,
    0xfe, 0x0, 0x0, 0x0, 0xa, 0xfe, 0x0, 0x0,
    0x0, 0xa, 0xfe,

    /* U+03B8 "θ" */
    0x0, 0x3a, 0xef, 0xd7, 0x0, 0x0, 0x5f, 0xff,
    0xff, 0xfb, 0x0, 0x1e, 0xfc, 0x42, 0x7f, 0xf8,
    0x7, 0xff, 0x10, 0x0, 0x8f, 0xf0, 0xcf, 0xa0,
    0x0, 0x2, 0xff, 0x4e, 0xf8, 0x0, 0x0, 0xf,
    0xf6, 0xff, 0xff, 0xff, 0xff, 0xff, 0x7f, 0xfe,
    0xdd, 0xdd, 0xdf, 0xf7, 0xef, 0x90, 0x0, 0x1,
    0xff, 0x6c, 0xfb, 0x0, 0x0, 0x3f, 0xf4, 0x7f,
    0xf1, 0x0, 0x9, 0xff, 0x1, 0xff, 0xc3, 0x26,
    0xff, 0x80, 0x5, 0xff, 0xff, 0xff, 0xb0, 0x0,
    0x3, 0xae, 0xfd, 0x70, 0x0,

    /* U+03B9 "ι" */
    0xaf, 0xe0, 0xa, 0xfe, 0x0, 0xaf, 0xe0, 0xa,
    0xfe, 0x0, 0xaf, 0xe0, 0xa, 0xfe, 0x0, 0xaf,
    0xe0, 0xa, 0xfe, 0x0, 0x9f, 0xf1, 0x6, 0xff,
    0xf7, 0x8, 0xef, 0x90,

    /* U+03BA "κ" */
    0xaf, 0xe0, 0x0, 0x3f, 0xfc, 0xa, 0xfe, 0x0,
    0xd, 0xff, 0x20, 0xaf, 0xe0, 0x9, 0xff, 0x50,
    0xa, 0xfe, 0x3, 0xff, 0xa0, 0x0, 0xaf, 0xe0,
    0xdf, 0xd0, 0x0, 0xa, 0xff, 0xff, 0xf3, 0x0,
    0x0, 0xaf, 0xfd, 0xff, 0x60, 0x0, 0xa, 0xfe,
    0xb, 0xff, 0x30, 0x0, 0xaf, 0xe0, 0x1e, 0xfe,
    0x10, 0xa, 0xfe, 0x0, 0x3f, 0xfc, 0x0, 0xaf,
    0xe0, 0x0, 0x6f, 0xfa, 0x0,

    /* U+03BB "λ" */
    0x7, 0xff, 0xc3, 0x0, 0x0, 0x0, 0x0, 0x4,
    0xff, 0xff, 0x30, 0x0, 0x0, 0x0, 0x0, 0x1,
    0xef, 0xc0, 0x0, 0x0, 0x0, 0x0, 0x0, 0x9f,
    0xf3, 0x0, 0x0, 0x0, 0x0, 0x0, 0xdf, 0xf9,
    0x0, 0x0, 0x0, 0x0, 0x4, 0xff, 0xff, 0x0,
    0x0, 0x0, 0x0, 0xa, 0xf9, 0xef, 0x60, 0x0,
    0x0, 0x0, 0x1f, 0xf5, 0x9f, 0xd0, 0x0, 0x0,
    0x0, 0x7f, 0xf0, 0x3f, 0xf3, 0x0, 0x0, 0x0,
    0xdf, 0xa0, 0xd, 0xfa, 0x0, 0x0, 0x3, 0xff,
    0x50, 0x7, 0xff, 0x10, 0x0, 0xa, 0xff, 0x0,
    0x1, 0xff, 0x90, 0x0, 0x1f, 0xf9, 0x0, 0x0,
    0x8f, 0xff, 0xc0, 0x6f, 0xf4, 0x0, 0x0, 0x7,
    0xdf, 0xe1,

    /* U+03BC "μ" */
    0xaf, 0xe0, 0x0, 0xa, 0xfe, 0x0, 0xaf, 0xe0,
    0x0, 0xa, 0xfe, 0x0, 0xaf, 0xe0, 0x0, 0xa,
    0xfe, 0x0, 0xaf, 0xe0, 0x0, 0xa, 0xfe, 0x0,
    0xaf, 0xe0, 0x0, 0xa, 0xfe, 0x0, 0xaf, 0xe0,
    0x0, 0xa, 0xfe, 0x0, 0xaf, 0xe0, 0x0, 0xa,
    0xfe, 0x0, 0xaf, 0xf0, 0x0, 0xc, 0xfe, 0x0,
    0xaf, 0xfa, 0x0, 0x6f, 0xff, 0x0, 0xaf, 0xff,
    0xff, 0xfc, 0xff, 0xf2, 0xaf, 0xe5, 0xef, 0x90,
    0x8e, 0xf3, 0xaf, 0xe0, 0x0, 0x0, 0x0, 0x0,
    0xaf, 0xe0, 0x0, 0x0, 0x0, 0x0, 0xaf, 0xe0,
    0x0, 0x0, 0x0, 0x0, 0xaf, 0xe0, 0x0, 0x0,
    0x0, 0x0,

    /* U+03BD "ν" */
    0x9e, 0xb1, 0x0, 0x0, 0x1f, 0xf8, 0xaf, 0xfc,
    0x0, 0x0, 0x7f, 0xf2, 0x7, 0xff, 0x30, 0x0,
    0xcf, 0xc0, 0x0, 0xef, 0x90, 0x2, 0xff, 0x60,
    0x0, 0x9f, 0xe0, 0x7, 0xff, 0x10, 0x0, 0x3f,
    0xf4, 0xc, 0xfb, 0x0, 0x0, 0xd, 0xf9, 0x1f,
    0xf5, 0x0, 0x0, 0x7, 0xfe, 0x6f, 0xe0, 0x0,
    0x0, 0x1, 0xff, 0xcf, 0x90, 0x0, 0x0, 0x0,
    0xbf, 0xff, 0x30, 0x0, 0x0, 0x0, 0x5f, 0xfd,
    0x0, 0x0,

    /* U+03BE "ξ" */
    0x9, 0xff, 0xff, 0xff, 0xfb, 0x0, 0x8e, 0xef,
    0xff, 0xfe, 0x90, 0x0, 0x5c, 0xc4, 0x0, 0x0,
    0x0, 0x3f, 0xf1, 0x0, 0x0, 0x0, 0x6, 0xff,
    0x10, 0x0, 0x0, 0x0, 0x3f, 0xfb, 0x30, 0x0,
    0x0, 0x0, 0x3a, 0xdf, 0xff, 0xf0, 0x0, 0x5,
    0xbf, 0xff, 0xff, 0x0, 0x7, 0xff, 0x61, 0x0,
    0x0, 0x0, 0xff, 0x70, 0x0, 0x0, 0x0, 0x1f,
    0xf7, 0x0, 0x0, 0x0, 0x0, 0xef, 0xe5, 0x10,
    0x0, 0x0, 0x5, 0xff, 0xff, 0xff, 0xb2, 0x0,
    0x3, 0xad, 0xff, 0xff, 0xc0, 0x0, 0x0, 0x0,
    0x4, 0xff, 0x0, 0x0, 0x0, 0x0, 0x2f, 0xf0,
    0x0, 0x0, 0x0, 0x2, 0xff, 0x0,

    /* U+03BF "ο" */
    0x0, 0x5, 0xce, 0xfc, 0x70, 0x0, 0x0, 0x9f,
    0xff, 0xff, 0xfc, 0x0, 0x5, 0xff, 0xa2, 0x28,
    0xff, 0x80, 0xc, 0xfd, 0x0, 0x0, 0xbf, 0xf0,
    0xf, 0xf8, 0x0, 0x0, 0x6f, 0xf3, 0x1f, 0xf7,
    0x0, 0x0, 0x4f, 0xf4, 0xf, 0xf8, 0x0, 0x0,
    0x6f, 0xf3, 0xc, 0xfd, 0x0, 0x0, 0xbf, 0xf0,
    0x6, 0xff, 0xa2, 0x18, 0xff, 0x80, 0x0, 0xaf,
    0xff, 0xff, 0xfc, 0x0, 0x0, 0x5, 0xce, 0xfc,
    0x70, 0x0,

    /* U+03C0 "π" */
    0xaf, 0xff, 0xff, 0xff, 0xff, 0xff, 0x29, 0xff,
    0xff, 0xff, 0xff, 0xff, 0xf2, 0x0, 0xef, 0x80,
    0x2, 0xff, 0x40, 0x0, 0xe, 0xf8, 0x0, 0x2f,
    0xf4, 0x0, 0x0, 0xef, 0x80, 0x2, 0xff, 0x40,
    0x0, 0xe, 0xf8, 0x0, 0x2f, 0xf4, 0x0, 0x0,
    0xef, 0x80, 0x2, 0xff, 0x40, 0x0, 0xe, 0xf8,
    0x0, 0x2f, 0xf4, 0x0, 0x0, 0xef, 0x80, 0x2,
    0xff, 0x70, 0x0, 0xe, 0xf8, 0x0, 0xe, 0xff,
    0xe0, 0x0, 0xef, 0x80, 0x0, 0x3c, 0xfe, 0x10,

    /* U+03C1 "ρ" */
    0x0, 0x29, 0xef, 0xe9, 0x20, 0x0, 0x3e, 0xff,
    0xff, 0xfe, 0x30, 0xd, 0xfe, 0x52, 0x5f, 0xfd,
    0x4, 0xff, 0x40, 0x0, 0x6f, 0xf4, 0x8f, 0xf0,
    0x0, 0x1, 0xff, 0x8a, 0xfd, 0x0, 0x0, 0xf,
    0xf9, 0xaf, 0xf0, 0x0, 0x1, 0xff, 0x8a, 0xff,
    0x40, 0x0, 0x7f, 0xf5, 0xaf, 0xfe, 0x52, 0x6f,
    0xfe, 0xa, 0xfe, 0xbf, 0xff, 0xff, 0x50, 0xaf,
    0xe0, 0x9f, 0xfb, 0x40, 0xa, 0xfe, 0x0, 0x0,
    0x0, 0x0, 0xaf, 0xe0, 0x0, 0x0, 0x0, 0xa,
    0xfe, 0x0, 0x0, 0x0, 0x0, 0xaf, 0xe0, 0x0,
    0x0, 0x0, 0x0,

    /* U+03C2 "ς" */
    0x0, 0x5, 0xce, 0xfc, 0x60, 0x0, 0x9, 0xff,
    0xff, 0xff, 0xb0, 0x5, 0xff, 0xa2, 0x28, 0xff,
    0x60, 0xcf, 0xe0, 0x0, 0xa, 0xb5, 0xf, 0xf9,
    0x0, 0x0, 0x0, 0x1, 0xff, 0x70, 0x0, 0x0,
    0x0, 0xf, 0xf8, 0x0, 0x0, 0x0, 0x0, 0xdf,
    0xd0, 0x0, 0x0, 0x0, 0x7, 0xff, 0x92, 0x0,
    0x0, 0x0, 0xb, 0xff, 0xff, 0xea, 0x20, 0x0,
    0x6, 0xcf, 0xff, 0xfd, 0x0, 0x0, 0x0, 0x0,
    0x2f, 0xf4, 0x0, 0x0, 0x0, 0x0, 0xcf, 0x60,
    0x0, 0x0, 0x0, 0xc, 0xf6,

    /* U+03C3 "σ" */
    0x0, 0x5, 0xce, 0xff, 0xff, 0xff, 0x70, 0xa,
    0xff, 0xff, 0xff, 0xff, 0xf7, 0x6, 0xff, 0x91,
    0x17, 0xfa, 0x0, 0x0, 0xcf, 0xd0, 0x0, 0xa,
    0xfa, 0x0, 0xf, 0xf9, 0x0, 0x0, 0x6f, 0xf1,
    0x1, 0xff, 0x70, 0x0, 0x4, 0xff, 0x40, 0xf,
    0xf9, 0x0, 0x0, 0x6f, 0xf3, 0x0, 0xcf, 0xd0,
    0x0, 0xb, 0xff, 0x10, 0x5, 0xff, 0xa2, 0x18,
    0xff, 0xa0, 0x0, 0x9, 0xff, 0xff, 0xff, 0xc0,
    0x0, 0x0, 0x5, 0xce, 0xfd, 0x70, 0x0, 0x0,

    /* U+03C4 "τ" */
    0xcf, 0xff, 0xff, 0xff, 0xfb, 0xcf, 0xff, 0xff,
    0xff, 0xfb, 0x0, 0x5, 0xff, 0x40, 0x0, 0x0,
    0x5, 0xff, 0x30, 0x0, 0x0, 0x5, 0xff, 0x30,
    0x0, 0x0, 0x5, 0xff, 0x30, 0x0, 0x0, 0x5,
    0xff, 0x30, 0x0, 0x0, 0x5, 0xff, 0x30, 0x0,
    0x0, 0x3, 0xff, 0x71, 0x0, 0x0, 0x0, 0xef,
    0xff, 0x60, 0x0, 0x0, 0x3b, 0xff, 0x70,

    /* U+03C5 "υ" */
    0xaf, 0xe0, 0x0, 0xa, 0xfe, 0xaf, 0xe0, 0x0,
    0xa, 0xfe, 0xaf, 0xe0, 0x0, 0xa, 0xfe, 0xaf,
    0xe0, 0x0, 0xa, 0xfe, 0xaf, 0xe0, 0x0, 0xa,
    0xfe, 0xaf, 0xe0, 0x0, 0xa, 0xfe, 0xaf, 0xe0,
    0x0, 0xa, 0xfe, 0x9f, 0xf1, 0x0, 0xd, 0xfc,
    0x4f, 0xfc, 0x43, 0x9f, 0xf8, 0xa, 0xff, 0xff,
    0xff, 0xd1, 0x0, 0x6c, 0xff, 0xd8, 0x0,

    /* U+03C6 "φ" */
    0x0, 0x7, 0x80, 0x3, 0xbe, 0xea, 0x30, 0x0,
    0xb, 0xff, 0x1, 0xff, 0xff, 0xff, 0x40, 0x6,
    0xff, 0x80, 0x7f, 0xf5, 0x3d, 0xfe, 0x0, 0xcf,
    0xc0, 0x9, 0xfe, 0x0, 0x4f, 0xf4, 0xf, 0xf7,
    0x0, 0x9f, 0xe0, 0x0, 0xff, 0x71, 0xff, 0x60,
    0x9, 0xfe, 0x0, 0xf, 0xf8, 0xf, 0xf8, 0x0,
    0x9f, 0xe0, 0x1, 0xff, 0x70, 0xcf, 0xe0, 0x9,
    0xfe, 0x0, 0x8f, 0xf3, 0x5, 0xff, 0xc3, 0xaf,
    0xe2, 0x8f, 0xfc, 0x0, 0x8, 0xff, 0xff, 0xff,
    0xff, 0xfd, 0x20, 0x0, 0x4, 0xbe, 0xff, 0xff,
    0xd8, 0x10, 0x0, 0x0, 0x0, 0x9, 0xfe, 0x0,
    0x0, 0x0, 0x0, 0x0, 0x0, 0x9f, 0xe0, 0x0,
    0x0, 0x0, 0x0, 0x0, 0x9, 0xfe, 0x0, 0x0,
    0x0, 0x0, 0x0, 0x0, 0x9f, 0xe0, 0x0, 0x0,
    0x0,

    /* U+03C7 "χ" */
    0xcf, 0xb2, 0x0, 0x0, 0x9f, 0xe1, 0xcf, 0xfd,
    0x0, 0x2, 0xff, 0x70, 0x3, 0xff, 0x70, 0xa,
    0xfe, 0x0, 0x0, 0x8f, 0xf1, 0x3f, 0xf5, 0x0,
    0x0, 0x1e, 0xf8, 0xbf, 0xd0, 0x0, 0x0, 0x7,
    0xff, 0xff, 0x40, 0x0, 0x0, 0x0, 0xef, 0xfb,
    0x0, 0x0, 0x0, 0x0, 0x8f, 0xf5, 0x0, 0x0,
    0x0, 0x0, 0xef, 0xfb, 0x0, 0x0, 0x0, 0x7,
    0xff, 0xff, 0x30, 0x0, 0x0, 0x1f, 0xf8, 0xcf,
    0xb0, 0x0, 0x0, 0x9f, 0xe1, 0x4f, 0xf4, 0x0,
    0x2, 0xff, 0x70, 0xc, 0xfd, 0x10, 0xa, 0xfe,
    0x0, 0x3, 0xff, 0xf9, 0x3f, 0xf6, 0x0, 0x0,
    0x5d, 0xf9,

    /* U+03C8 "ψ" */
    0x0, 0x0, 0x1, 0x88, 0x30, 0x0, 0x0, 0x0,
    0x0, 0x2, 0xff, 0x60, 0x0, 0x0, 0x0, 0x0,
    0x2, 0xff, 0x60, 0x0, 0x0, 0xaf, 0xd0, 0x2,
    0xff, 0x60, 0x9, 0xfe, 0xaf, 0xd0, 0x2, 0xff,
    0x60, 0x9, 0xfe, 0xaf, 0xd0, 0x2, 0xff, 0x60,
    0x9, 0xfe, 0xaf, 0xd0, 0x2, 0xff, 0x60, 0x9,
    0xfe, 0xaf, 0xd0, 0x2, 0xff, 0x60, 0x9, 0xfe,
    0xaf, 0xd0, 0x2, 0xff, 0x60, 0x9, 0xfe, 0x9f,
    0xf0, 0x2, 0xff, 0x60, 0xb, 0xfd, 0x5f, 0xf4,
    0x2, 0xff, 0x60, 0x1f, 0xf9, 0xe, 0xfe, 0x54,
    0xff, 0x74, 0xcf, 0xf3, 0x4, 0xff, 0xff, 0xff,
    0xff, 0xff, 0x70, 0x0, 0x29, 0xdf, 0xff, 0xfe,
    0xb4, 0x0, 0x0, 0x0, 0x2, 0xff, 0x60, 0x0,
    0x0, 0x0, 0x0, 0x2, 0xff, 0x60, 0x0, 0x0,
    0x0, 0x0, 0x2, 0xff, 0x60, 0x0, 0x0, 0x0,
    0x0, 0x2, 0xff, 0x60, 0x0, 0x0,

    /* U+03C9 "ω" */
    0x0, 0x3f, 0xf8, 0x0, 0x0, 0x1e, 0xfa, 0x0,
    0x0, 0xdf, 0xc0, 0x0, 0x0, 0x4, 0xff, 0x60,
    0x6, 0xff, 0x30, 0x0, 0x0, 0x0, 0xcf, 0xe0,
    0xc, 0xfc, 0x0, 0x2, 0x21, 0x0, 0x5f, 0xf3,
    0xf, 0xf8, 0x0, 0xe, 0xf6, 0x0, 0xf, 0xf7,
    0x1f, 0xf6, 0x0, 0xe, 0xf6, 0x0, 0xf, 0xf9,
    0x1f, 0xf7, 0x0, 0xf, 0xf7, 0x0, 0xf, 0xf8,
    0xf, 0xfa, 0x0, 0x1f, 0xf9, 0x0, 0x2f, 0xf6,
    0xa, 0xff, 0x51, 0xaf, 0xde, 0x32, 0xbf, 0xf2,
    0x1, 0xef, 0xff, 0xfb, 0x4f, 0xff, 0xff, 0x80,
    0x0, 0x2a, 0xef, 0xa1, 0x6, 0xdf, 0xd6, 0x0,

    /* U+03CA "ϊ" */
    0x7f, 0x70, 0x4e, 0xb0, 0xdf, 0xc0, 0x8f, 0xf0,
    0x39, 0x30, 0x19, 0x50, 0x0, 0xaf, 0xe0, 0x0,
    0x0, 0xaf, 0xe0, 0x0, 0x0, 0xaf, 0xe0, 0x0,
    0x0, 0xaf, 0xe0, 0x0, 0x0, 0xaf, 0xe0, 0x0,
    0x0, 0xaf, 0xe0, 0x0, 0x0, 0xaf, 0xe0, 0x0,
    0x0, 0xaf, 0xe0, 0x0, 0x0, 0x9f, 0xf1, 0x0,
    0x0, 0x6f, 0xff, 0x70, 0x0, 0x8, 0xef, 0x90,

    /* U+03CB "ϋ" */
    0x1, 0xdd, 0x10, 0xbe, 0x40, 0x4, 0xff, 0x40,
    0xff, 0x80, 0x0, 0x87, 0x0, 0x59, 0x10, 0xaf,
    0xe0, 0x0, 0xa, 0xfe, 0xaf, 0xe0, 0x0, 0xa,
    0xfe, 0xaf, 0xe0, 0x0, 0xa, 0xfe, 0xaf, 0xe0,
    0x0, 0xa, 0xfe, 0xaf, 0xe0, 0x0, 0xa, 0xfe,
    0xaf, 0xe0, 0x0, 0xa, 0xfe, 0xaf, 0xe0, 0x0,
    0xa, 0xfe, 0x9f, 0xf1, 0x0, 0xd, 0xfc, 0x4f,
    0xfc, 0x43, 0x9f, 0xf8, 0xa, 0xff, 0xff, 0xff,
    0xd1, 0x0, 0x6c, 0xff, 0xd8, 0x0,

    /* U+03CC "ό" */
    0x0, 0x0, 0x7, 0xfc, 0x0, 0x0, 0x0, 0x0,
    0x8, 0xf6, 0x0, 0x0, 0x0, 0x0, 0xa, 0xf0,
    0x0, 0x0, 0x0, 0x0, 0x0, 0x0, 0x0, 0x0,
    0x0, 0x5, 0xce, 0xfc, 0x70, 0x0, 0x0, 0x9f,
    0xff, 0xff, 0xfc, 0x0, 0x5, 0xff, 0xa2, 0x28,
    0xff, 0x80, 0xc, 0xfd, 0x0, 0x0, 0xbf, 0xf0,
    0xf, 0xf8, 0x0, 0x0, 0x6f, 0xf3, 0x1f, 0xf7,
    0x0, 0x0, 0x4f, 0xf4, 0xf, 0xf8, 0x0, 0x0,
    0x6f, 0xf3, 0xc, 0xfd, 0x0, 0x0, 0xbf, 0xf0,
    0x6, 0xff, 0xa2, 0x18, 0xff, 0x80, 0x0, 0xaf,
    0xff, 0xff, 0xfc, 0x0, 0x0, 0x5, 0xce, 0xfc,
    0x70, 0x0,

    /* U+03CD "ύ" */
    0x0, 0x0, 0x6f, 0xd0, 0x0, 0x0, 0x0, 0x8f,
    0x70, 0x0, 0x0, 0x0, 0x9f, 0x10, 0x0, 0x0,
    0x0, 0x0, 0x0, 0x0, 0xaf, 0xe0, 0x0, 0xa,
    0xfe, 0xaf, 0xe0, 0x0, 0xa, 0xfe, 0xaf, 0xe0,
    0x0, 0xa, 0xfe, 0xaf, 0xe0, 0x0, 0xa, 0xfe,
    0xaf, 0xe0, 0x0, 0xa, 0xfe, 0xaf, 0xe0, 0x0,
    0xa, 0xfe, 0xaf, 0xe0, 0x0, 0xa, 0xfe, 0x9f,
    0xf1, 0x0, 0xd, 0xfc, 0x4f, 0xfc, 0x43, 0x9f,
    0xf8, 0xa, 0xff, 0xff, 0xff, 0xd1, 0x0, 0x6c,
    0xff, 0xd8, 0x0,

    /* U+03CE "ώ" */
    0x0, 0x0, 0x0, 0x4, 0xff, 0x0, 0x0, 0x0,
    0x0, 0x0, 0x0, 0x6, 0xf9, 0x0, 0x0, 0x0,
    0x0, 0x0, 0x0, 0x7, 0xf3, 0x0, 0x0, 0x0,
    0x0, 0x0, 0x0, 0x0, 0x0, 0x0, 0x0, 0x0,
    0x0, 0x3f, 0xf8, 0x0, 0x0, 0x1e, 0xfa, 0x0,
    0x0, 0xdf, 0xc0, 0x0, 0x0, 0x4, 0xff, 0x60,
    0x6, 0xff, 0x30, 0x0, 0x0, 0x0, 0xcf, 0xe0,
    0xc, 0xfc, 0x0, 0x2, 0x21, 0x0, 0x5f, 0xf3,
    0xf, 0xf8, 0x0, 0xe, 0xf6, 0x0, 0xf, 0xf7,
    0x1f, 0xf6, 0x0, 0xe, 0xf6, 0x0, 0xf, 0xf9,
    0x1f, 0xf7, 0x0, 0xf, 0xf7, 0x0, 0xf, 0xf8,
    0xf, 0xfa, 0x0, 0x1f, 0xf9, 0x0, 0x2f, 0xf6,
    0xa, 0xff, 0x51, 0xaf, 0xde, 0x32, 0xbf, 0xf2,
    0x1, 0xef, 0xff, 0xfb, 0x4f, 0xff, 0xff, 0x80,
    0x0, 0x2a, 0xef, 0xa1, 0x6, 0xdf, 0xd6, 0x0,

    /* U+03CF "Ϗ" */
    0x8f, 0xf1, 0x0, 0x0, 0x4f, 0xfe, 0x18, 0xff,
    0x10, 0x0, 0x3f, 0xfe, 0x20, 0x8f, 0xf1, 0x0,
    0x2e, 0xff, 0x30, 0x8, 0xff, 0x10, 0x1e, 0xff,
    0x40, 0x0, 0x8f, 0xf1, 0xd, 0xff, 0x50, 0x0,
    0x8, 0xff, 0x1b, 0xff, 0x60, 0x0, 0x0, 0x8f,
    0xf8, 0xff, 0xf3, 0x0, 0x0, 0x8, 0xff, 0xff,
    0xff, 0xd0, 0x0, 0x0, 0x8f, 0xff, 0x56, 0xff,
    0x90, 0x0, 0x8, 0xff, 0x60, 0xa, 0xff, 0x50,
    0x0, 0x8f, 0xf1, 0x0, 0x1e, 0xfe, 0x10, 0x8,
    0xff, 0x10, 0x0, 0x3f, 0xfb, 0x0, 0x8f, 0xf1,
    0x0, 0x0, 0x8f, 0xf7, 0x8, 0xff, 0x10, 0x0,
    0x0, 0xcf, 0xf3, 0x0, 0x0, 0x0, 0x0, 0xc,
    0xff, 0x30, 0x0, 0x0, 0x0, 0x7, 0xff, 0x70,
    0x0, 0x0, 0x0, 0x2, 0xff, 0xc0, 0x0, 0x0,
    0x0, 0x0, 0x8, 0xe1, 0x0, 0x0, 0x0, 0x0,
    0x0, 0x0, 0x0, 0x0,

    /* U+03D0 "ϐ" */
    0x0, 0x4, 0xbe, 0xfd, 0x60, 0x0, 0x7, 0xff,
    0xff, 0xff, 0x50, 0x3, 0xff, 0x60, 0x2f, 0xf9,
    0x0, 0xcf, 0xff, 0xff, 0xff, 0x30, 0x1f, 0xf6,
    0xac, 0xd9, 0x30, 0x4, 0xfc, 0x4c, 0xff, 0xe8,
    0x0, 0x5f, 0xff, 0xff, 0xff, 0xfb, 0x6, 0xff,
    0xe4, 0x2, 0xbf, 0xf4, 0x6f, 0xf6, 0x0, 0x2,
    0xff, 0x84, 0xff, 0x40, 0x0, 0x1f, 0xf8, 0x1f,
    0xf7, 0x0, 0x4, 0xff, 0x60, 0xbf, 0xe5, 0x14,
    0xdf, 0xf1, 0x2, 0xef, 0xff, 0xff, 0xf6, 0x0,
    0x1, 0x9e, 0xfe, 0xb4, 0x0,

    /* U+03D1 "ϑ" */
    0x0, 0x1, 0xae, 0xeb, 0x30, 0x0, 0x1, 0xef,
    0xff, 0xff, 0x10, 0x0, 0x7f, 0xf7, 0x8f, 0xf8,
    0x0, 0x9, 0xff, 0x0, 0xff, 0xa0, 0x0, 0x8f,
    0xf0, 0xf, 0xfb, 0x0, 0x4, 0xff, 0x80, 0xff,
    0xb0, 0x0, 0xb, 0xff, 0xbf, 0xfd, 0x69, 0xc9,
    0xa, 0xff, 0xff, 0xfd, 0xcf, 0xc0, 0x3, 0x8f,
    0xfe, 0x7b, 0xfc, 0x0, 0x0, 0xff, 0xb0, 0xaf,
    0xe0, 0x0, 0x2f, 0xf9, 0x5, 0xff, 0xa3, 0x4c,
    0xff, 0x50, 0xa, 0xff, 0xff, 0xff, 0xa0, 0x0,
    0x6, 0xcf, 0xfc, 0x60, 0x0,

    /* U+03D2 "ϒ" */
    0x1e, 0xfa, 0x0, 0x0, 0x1, 0xbf, 0xe0, 0xf,
    0xff, 0xa0, 0x0, 0xb, 0xff, 0xe0, 0x4, 0xaf,
    0xf2, 0x0, 0x3f, 0xfa, 0x30, 0x0, 0x1f, 0xf9,
    0x0, 0xaf, 0xe0, 0x0, 0x0, 0x8, 0xff, 0x1,
    0xff, 0x70, 0x0, 0x0, 0x1, 0xff, 0x67, 0xfe,
    0x0, 0x0, 0x0, 0x0, 0x9f, 0xde, 0xf8, 0x0,
    0x0, 0x0, 0x0, 0x2f, 0xff, 0xf1, 0x0, 0x0,
    0x0, 0x0, 0xa, 0xff, 0x90, 0x0, 0x0, 0x0,
    0x0, 0x5, 0xff, 0x30, 0x0, 0x0, 0x0, 0x0,
    0x5, 0xff, 0x30, 0x0, 0x0, 0x0, 0x0, 0x5,
    0xff, 0x30, 0x0, 0x0, 0x0, 0x0, 0x5, 0xff,
    0x30, 0x0, 0x0, 0x0, 0x0, 0x5, 0xff, 0x30,
    0x0, 0x0,

    /* U+03D3 "ϓ" */
    0xe, 0xf5, 0xe, 0xfb, 0x10, 0x0, 0x0, 0xaf,
    0xe1, 0xf, 0xf0, 0xe, 0xff, 0xb0, 0x0, 0x9,
    0xff, 0xf0, 0x1f, 0x90, 0x3, 0xaf, 0xf3, 0x0,
    0x2f, 0xfa, 0x40, 0x2, 0x10, 0x0, 0xe, 0xfa,
    0x0, 0x8f, 0xf1, 0x0, 0x0, 0x0, 0x0, 0x7,
    0xff, 0x10, 0xef, 0x80, 0x0, 0x0, 0x0, 0x0,
    0x1, 0xff, 0x76, 0xff, 0x10, 0x0, 0x0, 0x0,
    0x0, 0x0, 0x8f, 0xed, 0xf9, 0x0, 0x0, 0x0,
    0x0, 0x0, 0x0, 0x1f, 0xff, 0xf2, 0x0, 0x0,
    0x0, 0x0, 0x0, 0x0, 0xa, 0xff, 0xa0, 0x0,
    0x0, 0x0, 0x0, 0x0, 0x0, 0x4, 0xff, 0x40,
    0x0, 0x0, 0x0, 0x0, 0x0, 0x0, 0x4, 0xff,
    0x40, 0x0, 0x0, 0x0, 0x0, 0x0, 0x0, 0x4,
    0xff, 0x40, 0x0, 0x0, 0x0, 0x0, 0x0, 0x0,
    0x4, 0xff, 0x40, 0x0, 0x0, 0x0, 0x0, 0x0,
    0x0, 0x4, 0xff, 0x40, 0x0, 0x0,

    /* U+03D4 "ϔ" */
    0x0, 0x1, 0x96, 0x0, 0x78, 0x0, 0x0, 0x0,
    0x7, 0xff, 0x23, 0xff, 0x60, 0x0, 0x0, 0x3,
    0xec, 0x0, 0xce, 0x20, 0x0, 0x0, 0x0, 0x0,
    0x0, 0x0, 0x0, 0x0, 0x0, 0x0, 0x0, 0x0,
    0x0, 0x0, 0x0, 0x1e, 0xfa, 0x0, 0x0, 0x1,
    0xbf, 0xe0, 0xf, 0xff, 0xa0, 0x0, 0xb, 0xff,
    0xe0, 0x4, 0xaf, 0xf2, 0x0, 0x3f, 0xfa, 0x30,
    0x0, 0x1f, 0xf9, 0x0, 0xaf, 0xe0, 0x0, 0x0,
    0x8, 0xff, 0x1, 0xff, 0x70, 0x0, 0x0, 0x1,
    0xff, 0x67, 0xfe, 0x0, 0x0, 0x0, 0x0, 0x9f,
    0xde, 0xf8, 0x0, 0x0, 0x0, 0x0, 0x2f, 0xff,
    0xf1, 0x0, 0x0, 0x0, 0x0, 0xa, 0xff, 0x90,
    0x0, 0x0, 0x0, 0x0, 0x5, 0xff, 0x30, 0x0,
    0x0, 0x0, 0x0, 0x5, 0xff, 0x30, 0x0, 0x0,
    0x0, 0x0, 0x5, 0xff, 0x30, 0x0, 0x0, 0x0,
    0x0, 0x5, 0xff, 0x30, 0x0, 0x0, 0x0, 0x0,
    0x5, 0xff, 0x30, 0x0, 0x0,

    /* U+03D5 "ϕ" */
    0x0, 0x0, 0x0, 0xef, 0x70, 0x0, 0x0, 0x0,
    0x0, 0x0, 0xef, 0x70, 0x0, 0x0, 0x0, 0x0,
    0x0, 0xef, 0x70, 0x0, 0x0, 0x0, 0x5, 0xce,
    0xff, 0xfe, 0x92, 0x0, 0x0, 0x9f, 0xff, 0xff,
    0xff, 0xff, 0x30, 0x5, 0xff, 0xa2, 0xef, 0x85,
    0xef, 0xe0, 0xc, 0xfd, 0x0, 0xef, 0x70, 0x5f,
    0xf5, 0xf, 0xf8, 0x0, 0xef, 0x70, 0xf, 0xf9,
    0x1f, 0xf7, 0x0, 0xef, 0x70, 0xe, 0xfa, 0xf,
    0xf8, 0x0, 0xef, 0x70, 0xf, 0xf9, 0xc, 0xfd,
    0x0, 0xef, 0x70, 0x5f, 0xf5, 0x6, 0xff, 0xa2,
    0xef, 0x84, 0xef, 0xe0, 0x0, 0xaf, 0xff, 0xff,
    0xff, 0xff, 0x30, 0x0, 0x5, 0xce, 0xff, 0xfe,
    0x92, 0x0, 0x0, 0x0, 0x0, 0xef, 0x70, 0x0,
    0x0, 0x0, 0x0, 0x0, 0xef, 0x70, 0x0, 0x0,
    0x0, 0x0, 0x0, 0xef, 0x70, 0x0, 0x0, 0x0,
    0x0, 0x0, 0xef, 0x70, 0x0, 0x0,

    /* U+03D6 "ϖ" */
    0x1f, 0xff, 0xff, 0xff, 0xff, 0xff, 0xff, 0xff,
    0xe1, 0xef, 0xff, 0xee, 0xee, 0xee, 0xee, 0xff,
    0xfd, 0x0, 0xff, 0x70, 0x0, 0x0, 0x0, 0xa,
    0xfe, 0x0, 0x5f, 0xf3, 0x0, 0x12, 0x20, 0x0,
    0x5f, 0xf2, 0x7, 0xff, 0x0, 0x7, 0xff, 0x40,
    0x3, 0xff, 0x40, 0x8f, 0xf0, 0x0, 0x7f, 0xf4,
    0x0, 0x2f, 0xf5, 0x7, 0xff, 0x0, 0x7, 0xff,
    0x50, 0x3, 0xff, 0x50, 0x5f, 0xf4, 0x0, 0xaf,
    0xf7, 0x0, 0x7f, 0xf2, 0x1, 0xff, 0xc2, 0x5f,
    0xff, 0xe3, 0x3e, 0xfd, 0x0, 0x7, 0xff, 0xff,
    0xf8, 0xbf, 0xff, 0xff, 0x40, 0x0, 0x6, 0xdf,
    0xe8, 0x0, 0x9e, 0xfc, 0x40, 0x0,

    /* U+03D7 "ϗ" */
    0xaf, 0xe0, 0x0, 0x3f, 0xfc, 0xa, 0xfe, 0x0,
    0xd, 0xff, 0x20, 0xaf, 0xe0, 0x8, 0xff, 0x60,
    0xa, 0xfe, 0x3, 0xff, 0xa0, 0x0, 0xaf, 0xe0,
    0xdf, 0xe1, 0x0, 0xa, 0xff, 0xff, 0xf4, 0x0,
    0x0, 0xaf, 0xff, 0xff, 0x50, 0x0, 0xa, 0xfe,
    0xc, 0xff, 0x30, 0x0, 0xaf, 0xe0, 0x1d, 0xfe,
    0x10, 0xa, 0xfe, 0x0, 0x2e, 0xfc, 0x0, 0xaf,
    0xe0, 0x0, 0x3f, 0xfa, 0x0, 0x0, 0x0, 0x2,
    0xff, 0xa0, 0x0, 0x0, 0x0, 0xcf, 0xd0, 0x0,
    0x0, 0x0, 0x7f, 0xe1, 0x0, 0x0, 0x0, 0x6,
    0xf3, 0x0, 0x0, 0x0, 0x0, 0x0, 0x0, 0x0,

    /* U+03DC "Ϝ" */
    0x8f, 0xff, 0xff, 0xff, 0xfc, 0x8f, 0xff, 0xff,
    0xff, 0xfc, 0x8f, 0xf3, 0x22, 0x22, 0x22, 0x8f,
    0xf1, 0x0, 0x0, 0x0, 0x8f, 0xf1, 0x0, 0x0,
    0x0, 0x8f, 0xf1, 0x0, 0x0, 0x0, 0x8f, 0xff,
    0xff, 0xff, 0xfc, 0x8f, 0xff, 0xff, 0xff, 0xfc,
    0x8f, 0xf3, 0x22, 0x22, 0x21, 0x8f, 0xf1, 0x0,
    0x0, 0x0, 0x8f, 0xf1, 0x0, 0x0, 0x0, 0x8f,
    0xf1, 0x0, 0x0, 0x0, 0x8f, 0xf1, 0x0, 0x0,
    0x0, 0x8f, 0xf1, 0x0, 0x0, 0x0,

    /* U+03DD "ϝ" */
    0xaf, 0xff, 0xff, 0xff, 0xaa, 0xff, 0xff, 0xff,
    0xfa, 0xaf, 0xe0, 0x0, 0x0, 0xa, 0xfe, 0x0,
    0x0, 0x0, 0xaf, 0xe0, 0x0, 0x0, 0xa, 0xfe,
    0x0, 0x0, 0x0, 0xaf, 0xff, 0xff, 0xff, 0xaa,
    0xff, 0xff, 0xff, 0xfa, 0xaf, 0xe0, 0x0, 0x0,
    0xa, 0xfe, 0x0, 0x0, 0x0, 0xaf, 0xe0, 0x0,
    0x0, 0xa, 0xfe, 0x0, 0x0, 0x0, 0xaf, 0xe0,
    0x0, 0x0, 0xa, 0xfe, 0x0, 0x0, 0x0, 0xaf,
    0xe0, 0x0, 0x0, 0x0,

    /* U+03F0 "ϰ" */
    0xcf, 0xd6, 0x0, 0x0, 0xc, 0xf7, 0xd, 0xff,
    0xf4, 0x0, 0x8, 0xfc, 0x0, 0x2, 0xdf, 0x90,
    0x4, 0xff, 0x90, 0x0, 0x9, 0xfb, 0x1, 0xef,
    0xf9, 0x0, 0x0, 0x9f, 0xb0, 0xcf, 0xff, 0x90,
    0x0, 0x9, 0xfb, 0x8f, 0xbb, 0xf9, 0x0, 0x0,
    0x9f, 0xef, 0xe1, 0xbf, 0x90, 0x0, 0x9, 0xff,
    0xf4, 0xb, 0xf9, 0x0, 0x0, 0x9f, 0xf8, 0x0,
    0xaf, 0xd2, 0x0, 0xa, 0xfc, 0x0, 0x4, 0xff,
    0xfd, 0x3, 0xfe, 0x10, 0x0, 0x7, 0xef, 0xb0,

    /* U+03F1 "ϱ" */
    0x0, 0x18, 0xdf, 0xea, 0x30, 0x0, 0x1d, 0xff,
    0xff, 0xff, 0x40, 0xa, 0xff, 0x51, 0x4e, 0xfe,
    0x1, 0xff, 0x80, 0x0, 0x5f, 0xf5, 0x4f, 0xf4,
    0x0, 0x2, 0xff, 0x86, 0xff, 0x30, 0x0, 0x1f,
    0xf8, 0x6f, 0xf6, 0x0, 0x4, 0xff, 0x75, 0xff,
    0xe3, 0x2, 0xcf, 0xf2, 0x4f, 0xff, 0xff, 0xff,
    0xf8, 0x1, 0xff, 0x5c, 0xff, 0xd6, 0x0, 0xc,
    0xf7, 0x0, 0x0, 0x0, 0x0, 0x5f, 0xf8, 0x10,
    0x0, 0x0, 0x0, 0x9f, 0xff, 0xd8, 0x10, 0x0,
    0x0, 0x7e, 0xff, 0xfe, 0x10, 0x0, 0x0, 0x4,
    0x8f, 0xf8, 0x0, 0x0, 0x0, 0x0, 0x49, 0x60,

    /* U+03F2 "ϲ" */
    0x0, 0x5, 0xce, 0xfc, 0x60, 0x0, 0x9, 0xff,
    0xff, 0xff, 0xb0, 0x5, 0xff, 0xb3, 0x18, 0xff,
    0x60, 0xcf, 0xe0, 0x0, 0x9, 0xa5, 0xf, 0xf9,
    0x0, 0x0, 0x0, 0x1, 0xff, 0x70, 0x0, 0x0,
    0x0, 0xf, 0xf8, 0x0, 0x0, 0x0, 0x0, 0xcf,
    0xd0, 0x0, 0xa, 0xb6, 0x6, 0xff, 0xa2, 0x18,
    0xff, 0x70, 0xa, 0xff, 0xff, 0xff, 0xb0, 0x0,
    0x5, 0xce, 0xfc, 0x60, 0x0,

    /* U+03F3 "ϳ" */
    0x0, 0x7f, 0xa0, 0x0, 0xcf, 0xf0, 0x0, 0x4b,
    0x60, 0x0, 0xaf, 0xe0, 0x0, 0xaf, 0xe0, 0x0,
    0xaf, 0xe0, 0x0, 0xaf, 0xe0, 0x0, 0xaf, 0xe0,
    0x0, 0xaf, 0xe0, 0x0, 0xaf, 0xe0, 0x0, 0xaf,
    0xe0, 0x0, 0xaf, 0xe0, 0x0, 0xaf, 0xe0, 0x0,
    0xaf, 0xe0, 0x0, 0xaf, 0xd0, 0x3, 0xef, 0xb0,
    0x6f, 0xff, 0x50, 0x6f, 0xc5, 0x0,

    /* U+03F4 "ϴ" */
    0x0, 0x3, 0xad, 0xfe, 0xc6, 0x0, 0x0, 0x0,
    0x9f, 0xff, 0xff, 0xff, 0xd2, 0x0, 0x9, 0xff,
    0xe8, 0x57, 0xbf, 0xfd, 0x10, 0x3f, 0xfc, 0x0,
    0x0, 0x7, 0xff, 0x90, 0x9f, 0xf2, 0x0, 0x0,
    0x0, 0xcf, 0xe0, 0xdf, 0xc0, 0x0, 0x0, 0x0,
    0x6f, 0xf3, 0xff, 0xff, 0xff, 0xff, 0xff, 0xff,
    0xf4, 0xff, 0xfd, 0xdd, 0xdd, 0xdd, 0xdf, 0xf4,
    0xdf, 0xd0, 0x0, 0x0, 0x0, 0x7f, 0xf3, 0x9f,
    0xf2, 0x0, 0x0, 0x0, 0xcf, 0xe0, 0x3f, 0xfc,
    0x10, 0x0, 0x8, 0xff, 0x90, 0x9, 0xff, 0xe8,
    0x57, 0xcf, 0xfe, 0x10, 0x0, 0x9f, 0xff, 0xff,
    0xff, 0xd2, 0x0, 0x0, 0x4, 0xad, 0xfe, 0xc6,
    0x0, 0x0,

    /* U+03F5 "ϵ" */
    0x0, 0x18, 0xdf, 0xff, 0xa0, 0x1d, 0xff, 0xff,
    0xfa, 0xa, 0xff, 0x72, 0x11, 0x0, 0xff, 0xb0,
    0x0, 0x0, 0x3f, 0xf7, 0x0, 0x0, 0x4, 0xff,
    0xff, 0xff, 0x10, 0x3f, 0xfe, 0xee, 0xe1, 0x0,
    0xff, 0x90, 0x0, 0x0, 0xa, 0xff, 0x61, 0x11,
    0x0, 0x1d, 0xff, 0xff, 0xfa, 0x0, 0x18, 0xdf,
    0xff, 0xa0,

    /* U+03F6 "϶" */
    0x4f, 0xff, 0xeb, 0x30, 0x4, 0xff, 0xff, 0xff,
    0x50, 0x1, 0x11, 0x4e, 0xfe, 0x10, 0x0, 0x0,
    0x6f, 0xf6, 0x0, 0x0, 0x1, 0xff, 0x90, 0xb,
    0xff, 0xff, 0xfa, 0x0, 0x9e, 0xee, 0xff, 0x90,
    0x0, 0x0, 0x2f, 0xf6, 0x1, 0x11, 0x3c, 0xff,
    0x14, 0xff, 0xff, 0xff, 0x50, 0x4f, 0xff, 0xeb,
    0x30, 0x0,

    /* U+03F9 "Ϲ" */
    0x0, 0x3, 0xad, 0xfe, 0xc6, 0x0, 0x0, 0x9,
    0xff, 0xff, 0xff, 0xfd, 0x10, 0x9, 0xff, 0xe7,
    0x56, 0xbf, 0xfd, 0x3, 0xff, 0xc1, 0x0, 0x0,
    0x8f, 0xf6, 0x9f, 0xf2, 0x0, 0x0, 0x0, 0xbc,
    0x8d, 0xfc, 0x0, 0x0, 0x0, 0x0, 0x0, 0xff,
    0xa0, 0x0, 0x0, 0x0, 0x0, 0xf, 0xfa, 0x0,
    0x0, 0x0, 0x0, 0x0, 0xdf, 0xc0, 0x0, 0x0,
    0x0, 0x0, 0x9, 0xff, 0x20, 0x0, 0x0, 0xb,
    0xc8, 0x3f, 0xfc, 0x0, 0x0, 0x8, 0xff, 0x60,
    0x9f, 0xfe, 0x75, 0x6b, 0xff, 0xd0, 0x0, 0x9f,
    0xff, 0xff, 0xff, 0xd1, 0x0, 0x0, 0x4a, 0xdf,
    0xec, 0x60, 0x0,

    /* U+03FA "Ϻ" */
    0x8f, 0xff, 0x90, 0x0, 0x0, 0x2, 0xff, 0xff,
    0x8f, 0xff, 0xe0, 0x0, 0x0, 0x8, 0xff, 0xff,
    0x8f, 0xff, 0xf5, 0x0, 0x0, 0xe, 0xfe, 0xff,
    0x8f, 0xfb, 0xfb, 0x0, 0x0, 0x4f, 0xfa, 0xff,
    0x8f, 0xf6, 0xff, 0x10, 0x0, 0xaf, 0xd9, 0xff,
    0x8f, 0xf1, 0xff, 0x70, 0x1, 0xff, 0x89, 0xff,
    0x8f, 0xf0, 0xcf, 0xd0, 0x6, 0xff, 0x29, 0xff,
    0x8f, 0xf0, 0x6f, 0xf3, 0xc, 0xfc, 0x9, 0xff,
    0x8f, 0xf0, 0xf, 0xf8, 0x1f, 0xf6, 0x9, 0xff,
    0x8f, 0xf0, 0xa, 0xfc, 0x5f, 0xf1, 0x9, 0xff,
    0x8f, 0xf0, 0x3, 0xff, 0xaf, 0xa0, 0x9, 0xff,
    0x8f, 0xf0, 0x0, 0xdf, 0xff, 0x40, 0x9, 0xff,
    0x8f, 0xf0, 0x0, 0x7f, 0xfe, 0x0, 0x9, 0xff,
    0x8f, 0xf0, 0x0, 0x1f, 0xf8, 0x0, 0x9, 0xff,

    /* U+03FC "ϼ" */
    0x0, 0x0, 0x29, 0xef, 0xe9, 0x20, 0x0, 0x0,
    0x3e, 0xff, 0xff, 0xfe, 0x30, 0x0, 0xd, 0xfe,
    0x52, 0x5f, 0xfd, 0x0, 0x4, 0xff, 0x40, 0x0,
    0x6f, 0xf4, 0x0, 0x8f, 0xf0, 0x0, 0x1, 0xff,
    0x80, 0xa, 0xfd, 0x0, 0x0, 0xf, 0xf9, 0x0,
    0xaf, 0xf0, 0x0, 0x1, 0xff, 0x80, 0xa, 0xff,
    0x40, 0x0, 0x7f, 0xf5, 0x0, 0xaf, 0xfe, 0x52,
    0x6f, 0xfe, 0x0, 0xa, 0xfe, 0xbf, 0xff, 0xff,
    0x50, 0x0, 0xaf, 0xe0, 0x9f, 0xfb, 0x40, 0x0,
    0xa, 0xfe, 0x0, 0x0, 0x0, 0x0, 0x6f, 0xff,
    0xff, 0xf6, 0x0, 0x0, 0x3, 0x9f, 0xff, 0x99,
    0x30, 0x0, 0x0, 0x0, 0xaf, 0xe0, 0x0, 0x0,
    0x0, 0x0,

    /* U+03FD "Ͻ" */
    0x0, 0x1, 0x8d, 0xff, 0xd8, 0x20, 0x0, 0x0,
    0x4f, 0xff, 0xff, 0xff, 0xf6, 0x0, 0x2, 0xff,
    0xfa, 0x65, 0x9f, 0xff, 0x40, 0xb, 0xff, 0x40,
    0x0, 0x3, 0xff, 0xe0, 0xb, 0xc8, 0x0, 0x0,
    0x0, 0x6f, 0xf5, 0x0, 0x0, 0x0, 0x0, 0x0,
    0x1f, 0xf8, 0x0, 0x0, 0x0, 0x0, 0x0, 0xe,
    0xfa, 0x0, 0x0, 0x0, 0x0, 0x0, 0xe, 0xfa,
    0x0, 0x0, 0x0, 0x0, 0x0, 0x1f, 0xf8, 0xb,
    0xc9, 0x0, 0x0, 0x0, 0x6f, 0xf5, 0xa, 0xff,
    0x40, 0x0, 0x2, 0xef, 0xe0, 0x2, 0xff, 0xf9,
    0x65, 0x9f, 0xff, 0x50, 0x0, 0x4e, 0xff, 0xff,
    0xff, 0xf6, 0x0, 0x0, 0x1, 0x8d, 0xff, 0xd8,
    0x20, 0x0,

    /* U+03FE "Ͼ" */
    0x0, 0x3, 0xad, 0xfe, 0xc7, 0x0, 0x0, 0x9,
    0xff, 0xff, 0xff, 0xfe, 0x30, 0x9, 0xff, 0xe7,
    0x56, 0xaf, 0xfe, 0x13, 0xff, 0xc1, 0x0, 0x0,
    0x5f, 0xf8, 0x9f, 0xf2, 0x0, 0x0, 0x0, 0x55,
    0x4d, 0xfc, 0x0, 0x6f, 0xa0, 0x0, 0x0, 0xff,
    0xa0, 0xe, 0xff, 0x20, 0x0, 0xf, 0xfa, 0x0,
    0x8f, 0xc0, 0x0, 0x0, 0xdf, 0xc0, 0x0, 0x0,
    0x0, 0x0, 0x9, 0xff, 0x20, 0x0, 0x0, 0xf,
    0xfa, 0x3f, 0xfc, 0x0, 0x0, 0x9, 0xff, 0x50,
    0x9f, 0xfe, 0x75, 0x6c, 0xff, 0xc0, 0x0, 0x9f,
    0xff, 0xff, 0xff, 0xc1, 0x0, 0x0, 0x4a, 0xdf,
    0xeb, 0x60, 0x0,

    /* U+03FF "Ͽ" */
    0x0, 0x2, 0x9d, 0xff, 0xd8, 0x20, 0x0, 0x0,
    0x7f, 0xff, 0xff, 0xff, 0xf6, 0x0, 0x5, 0xff,
    0xe9, 0x55, 0x9f, 0xff, 0x40, 0xd, 0xfe, 0x20,
    0x0, 0x3, 0xff, 0xe0, 0x5, 0x53, 0x0, 0x0,
    0x0, 0x6f, 0xf5, 0x0, 0x0, 0x3, 0xed, 0x20,
    0x1f, 0xf8, 0x0, 0x0, 0x9, 0xff, 0x70, 0xe,
    0xfa, 0x0, 0x0, 0x4, 0xfe, 0x30, 0xe, 0xfa,
    0x0, 0x0, 0x0, 0x0, 0x0, 0x1f, 0xf8, 0xe,
    0xfc, 0x0, 0x0, 0x0, 0x6f, 0xf5, 0x9, 0xff,
    0x50, 0x0, 0x2, 0xef, 0xe0, 0x1, 0xef, 0xfa,
    0x65, 0x9f, 0xff, 0x50, 0x0, 0x3e, 0xff, 0xff,
    0xff, 0xf6, 0x0, 0x0, 0x1, 0x7c, 0xff, 0xd8,
    0x20, 0x0,

    /* U+2010 "‐" */
    0x11, 0x11, 0x11, 0xf, 0xff, 0xff, 0xf9, 0xff,
    0xff, 0xff, 0x90,

    /* U+2011 "‑" */
    0x11, 0x11, 0x11, 0xf, 0xff, 0xff, 0xf9, 0xff,
    0xff, 0xff, 0x90,

    /* U+2012 "‒" */
    0x1, 0x11, 0x11, 0x11, 0x11, 0x11, 0x3, 0xff,
    0xff, 0xff, 0xff, 0xff, 0xf2, 0x3f, 0xff, 0xff,
    0xff, 0xff, 0xff, 0x20,

    /* U+2013 "–" */
    0x11, 0x11, 0x11, 0x11, 0x11, 0xff, 0xff, 0xff,
    0xff, 0xff, 0xff, 0xff, 0xff, 0xff, 0xff,

    /* U+2014 "—" */
    0x11, 0x11, 0x11, 0x11, 0x11, 0x11, 0x11, 0x11,
    0x11, 0x11, 0xff, 0xff, 0xff, 0xff, 0xff, 0xff,
    0xff, 0xff, 0xff, 0xff, 0xff, 0xff, 0xff, 0xff,
    0xff, 0xff, 0xff, 0xff, 0xff, 0xff,

    /* U+2015 "―" */
    0x11, 0x11, 0x11, 0x11, 0x11, 0x11, 0x11, 0x11,
    0x11, 0x11, 0xff, 0xff, 0xff, 0xff, 0xff, 0xff,
    0xff, 0xff, 0xff, 0xff, 0xff, 0xff, 0xff, 0xff,
    0xff, 0xff, 0xff, 0xff, 0xff, 0xff,

    /* U+2016 "‖" */
    0x9f, 0xc0, 0xff, 0x59, 0xfc, 0xf, 0xf5, 0x9f,
    0xc0, 0xff, 0x59, 0xfc, 0xf, 0xf5, 0x9f, 0xc0,
    0xff, 0x59, 0xfc, 0xf, 0xf5, 0x9f, 0xc0, 0xff,
    0x59, 0xfc, 0xf, 0xf5, 0x9f, 0xc0, 0xff, 0x59,
    0xfc, 0xf, 0xf5, 0x9f, 0xc0, 0xff, 0x59, 0xfc,
    0xf, 0xf5, 0x9f, 0xc0, 0xff, 0x59, 0xfc, 0xf,
    0xf5, 0x9f, 0xc0, 0xff, 0x59, 0xfc, 0xf, 0xf5,
    0x9f, 0xc0, 0xff, 0x59, 0xfc, 0xf, 0xf5, 0x9f,
    0xc0, 0xff, 0x59, 0xfc, 0xf, 0xf5, 0x9f, 0xc0,
    0xff, 0x59, 0xfc, 0xf, 0xf5, 0x9f, 0xc0, 0xff,
    0x59, 0xfc, 0xf, 0xf5,

    /* U+2017 "‗" */
    0xef, 0xff, 0xff, 0xff, 0xf4, 0x78, 0x88, 0x88,
    0x88, 0x82, 0x78, 0x88, 0x88, 0x88, 0x82, 0xef,
    0xff, 0xff, 0xff, 0xf4,

    /* U+2018 "‘" */
    0x0, 0xdf, 0x0, 0x2f, 0xd0, 0x6, 0xfb, 0x0,
    0xbf, 0x90, 0xf, 0xf6, 0x3, 0xdd, 0x30,

    /* U+2019 "’" */
    0x8, 0xdc, 0x0, 0xbf, 0xa0, 0xe, 0xf6, 0x0,
    0xff, 0x10, 0x2f, 0xc0, 0x5, 0xf8, 0x0,

    /* U+201A "‚" */
    0xd, 0xd7, 0x2f, 0xf4, 0x5f, 0xf0, 0x7f, 0xa0,
    0x9f, 0x60, 0xcf, 0x10,

    /* U+201B "‛" */
    0x1f, 0xf7, 0x0, 0xcf, 0xa0, 0x7, 0xfc, 0x0,
    0x2f, 0xe0, 0x0, 0xef, 0x10, 0x8, 0xd2,

    /* U+201C "“" */
    0x0, 0xdf, 0x0, 0x9f, 0x40, 0x2f, 0xd0, 0xd,
    0xf1, 0x6, 0xfb, 0x2, 0xff, 0x0, 0xbf, 0x90,
    0x7f, 0xd0, 0xf, 0xf6, 0xb, 0xfa, 0x3, 0xdd,
    0x30, 0xdd, 0x70,

    /* U+201D "”" */
    0x8, 0xdc, 0x6, 0xdd, 0x10, 0xbf, 0xa0, 0x9f,
    0xd0, 0xe, 0xf6, 0xb, 0xf8, 0x0, 0xff, 0x10,
    0xef, 0x40, 0x2f, 0xc0, 0xf, 0xf0, 0x5, 0xf8,
    0x2, 0xfa, 0x0,

    /* U+201E "„" */
    0xd, 0xd7, 0xc, 0xd9, 0x2f, 0xf4, 0xf, 0xf6,
    0x5f, 0xf0, 0x2f, 0xf1, 0x7f, 0xa0, 0x4f, 0xd0,
    0x9f, 0x60, 0x7f, 0x80, 0xcf, 0x10, 0x9f, 0x30,

    /* U+201F "‟" */
    0x1f, 0xf7, 0xe, 0xfa, 0x0, 0xcf, 0xa0, 0x9f,
    0xc0, 0x7, 0xfc, 0x5, 0xfe, 0x0, 0x2f, 0xe0,
    0xf, 0xf1, 0x0, 0xef, 0x10, 0xbf, 0x30, 0x8,
    0xd2, 0x6, 0xd4,

    /* U+2020 "†" */
    0x0, 0xa, 0xfb, 0x0, 0x0, 0x0, 0xaf, 0xb0,
    0x0, 0x0, 0xa, 0xfb, 0x0, 0x9, 0xff, 0xff,
    0xff, 0xfa, 0x7d, 0xdf, 0xff, 0xdd, 0x80, 0x0,
    0xaf, 0xb0, 0x0, 0x0, 0xa, 0xfb, 0x0, 0x0,
    0x0, 0x9f, 0xa0, 0x0, 0x0, 0x7, 0xf8, 0x0,
    0x0, 0x0, 0x5f, 0x60, 0x0, 0x0, 0x2, 0xb3,
    0x0, 0x0,

    /* U+2021 "‡" */
    0x0, 0xa, 0xfb, 0x0, 0x0, 0x0, 0xaf, 0xb0,
    0x0, 0x7d, 0xdf, 0xff, 0xdd, 0x89, 0xff, 0xff,
    0xff, 0xfa, 0x0, 0xa, 0xfb, 0x0, 0x0, 0x0,
    0xaf, 0xb0, 0x0, 0x0, 0xa, 0xfb, 0x0, 0x9,
    0xff, 0xff, 0xff, 0xfa, 0x7d, 0xdf, 0xff, 0xdd,
    0x80, 0x0, 0xaf, 0xb0, 0x0, 0x0, 0x9, 0xfa,
    0x0, 0x0, 0x0, 0x8f, 0x80, 0x0, 0x0, 0x6,
    0xf6, 0x0, 0x0, 0x0, 0x4f, 0x50, 0x0,

    /* U+2022 "•" */
    0x0, 0x2, 0x20, 0x0, 0x1, 0xcf, 0xfd, 0x20,
    0xb, 0xff, 0xff, 0xc0, 0xf, 0xff, 0xff, 0xf1,
    0xf, 0xff, 0xff, 0xf1, 0x9, 0xff, 0xff, 0xa0,
    0x0, 0x8e, 0xf9, 0x0,

    /* U+2023 "‣" */
    0x38, 0x0, 0x0, 0x3, 0xfd, 0x40, 0x0, 0x3f,
    0xff, 0xb1, 0x3, 0xff, 0xff, 0x80, 0x3f, 0xfc,
    0x20, 0x3, 0xe5, 0x0, 0x0, 0x10, 0x0, 0x0,
    0x0,

    /* U+2024 "․" */
    0x0, 0x0, 0x1e, 0xf5, 0x5f, 0xfb, 0x1c, 0xe4,

    /* U+2025 "‥" */
    0x0, 0x0, 0x0, 0x0, 0x0, 0x1, 0xef, 0x50,
    0x0, 0x9f, 0xb0, 0x5f, 0xfb, 0x0, 0xf, 0xff,
    0x11, 0xce, 0x40, 0x0, 0x8f, 0x90,

    /* U+2026 "…" */
    0x0, 0x0, 0x0, 0x0, 0x0, 0x0, 0x0, 0x0,
    0x1, 0xef, 0x50, 0x0, 0x9f, 0xb0, 0x0, 0x4f,
    0xe2, 0x5f, 0xfb, 0x0, 0xf, 0xff, 0x10, 0x9,
    0xff, 0x71, 0xce, 0x40, 0x0, 0x8f, 0x90, 0x0,
    0x3e, 0xd2,

    /* U+2027 "‧" */
    0x0, 0x0, 0x1d, 0xf5, 0x5f, 0xfb, 0x1c, 0xe4,

    /* U+202F " " */

    /* U+2030 "‰" */
    0x1, 0xaf, 0xfa, 0x10, 0x0, 0x0, 0x4f, 0x90,
    0x0, 0x0, 0x0, 0x0, 0x0, 0xbf, 0xcb, 0xfc,
    0x0, 0x0, 0x1e, 0xd0, 0x0, 0x0, 0x0, 0x0,
    0x0, 0xf, 0xd0, 0xd, 0xf1, 0x0, 0xb, 0xf3,
    0x0, 0x0, 0x0, 0x0, 0x0, 0x0, 0xfd, 0x0,
    0xdf, 0x10, 0x7, 0xf7, 0x0, 0x0, 0x0, 0x0,
    0x0, 0x0, 0xb, 0xfb, 0xbf, 0xc0, 0x3, 0xfb,
    0x0, 0x0, 0x0, 0x0, 0x0, 0x0, 0x0, 0x1a,
    0xff, 0xb1, 0x0, 0xde, 0x10, 0x0, 0x0, 0x0,
    0x0, 0x0, 0x0, 0x0, 0x0, 0x0, 0x0, 0x9f,
    0x40, 0x0, 0x0, 0x0, 0x0, 0x0, 0x0, 0x0,
    0x0, 0x0, 0x0, 0x4f, 0x90, 0x9, 0xef, 0xa1,
    0x0, 0x5d, 0xfc, 0x40, 0x0, 0x0, 0x0, 0x1e,
    0xd0, 0x9, 0xfc, 0xbf, 0xb0, 0x3f, 0xea, 0xff,
    0x10, 0x0, 0x0, 0xb, 0xf3, 0x0, 0xef, 0x0,
    0xef, 0x9, 0xf4, 0x8, 0xf6, 0x0, 0x0, 0x7,
    0xf7, 0x0, 0xf, 0xd0, 0xb, 0xf1, 0xaf, 0x30,
    0x6f, 0x70, 0x0, 0x3, 0xfb, 0x0, 0x0, 0xef,
    0x0, 0xdf, 0x9, 0xf4, 0x8, 0xf6, 0x0, 0x0,
    0xde, 0x10, 0x0, 0x9, 0xfc, 0xbf, 0xb0, 0x3f,
    0xea, 0xff, 0x10, 0x0, 0x9f, 0x40, 0x0, 0x0,
    0x9, 0xef, 0xa1, 0x0, 0x5d, 0xfc, 0x30,

    /* U+2031 "‱" */
    0x1, 0xaf, 0xfa, 0x10, 0x0, 0x0, 0x4f, 0x90,
    0x0, 0x0, 0x0, 0x0, 0x0, 0x0, 0x0, 0x0,
    0xb, 0xfc, 0xbf, 0xc0, 0x0, 0x1, 0xed, 0x0,
    0x0, 0x0, 0x0, 0x0, 0x0, 0x0, 0x0, 0x0,
    0xf, 0xd0, 0xd, 0xf1, 0x0, 0xb, 0xf3, 0x0,
    0x0, 0x0, 0x0, 0x0, 0x0, 0x0, 0x0, 0x0,
    0xf, 0xd0, 0xd, 0xf1, 0x0, 0x7f, 0x70, 0x0,
    0x0, 0x0, 0x0, 0x0, 0x0, 0x0, 0x0, 0x0,
    0xb, 0xfb, 0xbf, 0xc0, 0x3, 0xfb, 0x0, 0x0,
    0x0, 0x0, 0x0, 0x0, 0x0, 0x0, 0x0, 0x0,
    0x1, 0xaf, 0xfb, 0x10, 0xd, 0xe1, 0x0, 0x0,
    0x0, 0x0, 0x0, 0x0, 0x0, 0x0, 0x0, 0x0,
    0x0, 0x0, 0x0, 0x0, 0x9f, 0x40, 0x0, 0x0,
    0x0, 0x0, 0x0, 0x0, 0x0, 0x0, 0x0, 0x0,
    0x0, 0x0, 0x0, 0x4, 0xf9, 0x0, 0x9e, 0xfa,
    0x10, 0x5, 0xdf, 0xc4, 0x0, 0x2b, 0xfe, 0x70,
    0x0, 0x0, 0x0, 0x1e, 0xd0, 0x9, 0xfc, 0xbf,
    0xb0, 0x3f, 0xea, 0xff, 0x10, 0xdf, 0xad, 0xf6,
    0x0, 0x0, 0x0, 0xbf, 0x30, 0xe, 0xf0, 0xe,
    0xf0, 0x9f, 0x40, 0x8f, 0x63, 0xfa, 0x3, 0xfb,
    0x0, 0x0, 0x7, 0xf7, 0x0, 0xf, 0xd0, 0xb,
    0xf1, 0xaf, 0x30, 0x6f, 0x74, 0xf8, 0x0, 0xfc,
    0x0, 0x0, 0x3f, 0xb0, 0x0, 0xe, 0xf0, 0xd,
    0xf0, 0x9f, 0x40, 0x8f, 0x63, 0xfa, 0x2, 0xfb,
    0x0, 0x0, 0xde, 0x10, 0x0, 0x9, 0xfc, 0xbf,
    0xb0, 0x3f, 0xea, 0xff, 0x10, 0xdf, 0xad, 0xf6,
    0x0, 0x9, 0xf4, 0x0, 0x0, 0x0, 0x9e, 0xfa,
    0x10, 0x5, 0xdf, 0xc3, 0x0, 0x2c, 0xfe, 0x70,

    /* U+2032 "′" */
    0x7f, 0xe0, 0x8f, 0xb0, 0xaf, 0x80, 0xbf, 0x40,
    0xdf, 0x10, 0x66, 0x0,

    /* U+2033 "″" */
    0x7f, 0xe0, 0x5, 0xff, 0x8, 0xfb, 0x0, 0x6f,
    0xd0, 0xaf, 0x80, 0x8, 0xf9, 0xb, 0xf4, 0x0,
    0x9f, 0x60, 0xdf, 0x10, 0xb, 0xf2, 0x6, 0x60,
    0x0, 0x57, 0x0,

    /* U+2034 "‴" */
    0x7f, 0xe0, 0x5, 0xff, 0x0, 0x3f, 0xf2, 0x8f,
    0xb0, 0x6, 0xfd, 0x0, 0x5f, 0xe0, 0xaf, 0x80,
    0x8, 0xf9, 0x0, 0x6f, 0xb0, 0xbf, 0x40, 0x9,
    0xf6, 0x0, 0x8f, 0x70, 0xdf, 0x10, 0xb, 0xf2,
    0x0, 0x9f, 0x40, 0x66, 0x0, 0x5, 0x70, 0x0,
    0x57, 0x0,

    /* U+2035 "‵" */
    0xcf, 0x90, 0x9f, 0xa0, 0x5f, 0xc0, 0x2f, 0xd0,
    0xe, 0xf0, 0x5, 0x70,

    /* U+2036 "‶" */
    0xcf, 0x90, 0xb, 0xfa, 0x9, 0xfa, 0x0, 0x7f,
    0xc0, 0x5f, 0xc0, 0x4, 0xfe, 0x2, 0xfd, 0x0,
    0xf, 0xf0, 0xe, 0xf0, 0x0, 0xcf, 0x10, 0x57,
    0x0, 0x4, 0x70,

    /* U+2037 "‷" */
    0xcf, 0x90, 0xb, 0xfa, 0x0, 0x9f, 0xc0, 0x9f,
    0xa0, 0x7, 0xfc, 0x0, 0x6f, 0xe0, 0x5f, 0xc0,
    0x4, 0xfe, 0x0, 0x2f, 0xf0, 0x2f, 0xd0, 0x0,
    0xff, 0x0, 0xe, 0xf1, 0xe, 0xf0, 0x0, 0xcf,
    0x10, 0xb, 0xf2, 0x5, 0x70, 0x0, 0x47, 0x0,
    0x4, 0x71,

    /* U+2038 "‸" */
    0x0, 0x7, 0x81, 0x0, 0x0, 0x6, 0xff, 0xc0,
    0x0, 0x2, 0xfc, 0x8f, 0x70, 0x0, 0xdf, 0x20,
    0xcf, 0x30, 0x9f, 0x70, 0x2, 0xfd, 0x0,

    /* U+2039 "‹" */
    0x0, 0x0, 0x9f, 0xf3, 0x0, 0x7, 0xff, 0x40,
    0x0, 0x5f, 0xf7, 0x0, 0x3, 0xff, 0x90, 0x0,
    0xd, 0xfe, 0x0, 0x0, 0x5, 0xff, 0x70, 0x0,
    0x0, 0x7f, 0xf5, 0x0, 0x0, 0x9, 0xff, 0x30,
    0x0, 0x0, 0xbf, 0xe1, 0x0, 0x0, 0x2, 0x21,

    /* U+203A "›" */
    0xc, 0xfd, 0x10, 0x0, 0x1, 0xef, 0xb0, 0x0,
    0x0, 0x3f, 0xf9, 0x0, 0x0, 0x5, 0xff, 0x70,
    0x0, 0x0, 0x9f, 0xf3, 0x0, 0x3, 0xff, 0x90,
    0x0, 0x1e, 0xfb, 0x0, 0x0, 0xcf, 0xd1, 0x0,
    0xa, 0xfe, 0x20, 0x0, 0x2, 0x21, 0x0, 0x0,

    /* U+203B "※" */
    0x0, 0x0, 0x3, 0x83, 0x0, 0x0, 0x0, 0x0,
    0x20, 0xdf, 0xe0, 0x20, 0x0, 0x0, 0x6f, 0x59,
    0xf9, 0x3f, 0x80, 0x0, 0xc, 0xff, 0x50, 0x3f,
    0xfd, 0x0, 0x0, 0xc, 0xff, 0x8f, 0xfd, 0x10,
    0x3, 0xed, 0x2c, 0xff, 0xfd, 0x3d, 0xe4, 0x7f,
    0xf5, 0x4f, 0xff, 0x64, 0xff, 0x80, 0x77, 0x4f,
    0xff, 0xff, 0x66, 0x81, 0x0, 0x5f, 0xfc, 0x1b,
    0xff, 0x60, 0x0, 0xc, 0xfc, 0x48, 0x4a, 0xfd,
    0x0, 0x0, 0x19, 0xd, 0xfe, 0x8, 0x10, 0x0,
    0x0, 0x0, 0x9f, 0x90, 0x0, 0x0,

    /* U+203C "‼" */
    0x2f, 0xf9, 0x0, 0xb, 0xff, 0x2, 0xff, 0x90,
    0x0, 0xbf, 0xf0, 0x2f, 0xf8, 0x0, 0xb, 0xff,
    0x1, 0xff, 0x80, 0x0, 0xbf, 0xf0, 0x1f, 0xf8,
    0x0, 0xa, 0xfe, 0x1, 0xff, 0x70, 0x0, 0xaf,
    0xe0, 0xf, 0xf7, 0x0, 0xa, 0xfe, 0x0, 0xff,
    0x70, 0x0, 0x9f, 0xd0, 0xf, 0xf6, 0x0, 0x9,
    0xfd, 0x0, 0xdd, 0x50, 0x0, 0x8d, 0xb0, 0x0,
    0x0, 0x0, 0x0, 0x0, 0x1, 0xdf, 0x60, 0x0,
    0x8f, 0xc0, 0x5f, 0xfc, 0x0, 0xe, 0xff, 0x21,
    0xcf, 0x50, 0x0, 0x7f, 0xb0,

    /* U+203D "‽" */
    0x0, 0x3b, 0xef, 0xd9, 0x10, 0x5, 0xff, 0xff,
    0xff, 0xe2, 0xe, 0xfd, 0x31, 0x6f, 0xfa, 0x2d,
    0xd4, 0x0, 0xb, 0xfd, 0x0, 0x3, 0xc8, 0xc,
    0xfb, 0x0, 0x3, 0xf9, 0x6f, 0xf4, 0x0, 0x2,
    0xff, 0xff, 0x60, 0x0, 0x1, 0xff, 0xd2, 0x0,
    0x0, 0x0, 0xff, 0x20, 0x0, 0x0, 0x0, 0xab,
    0x0, 0x0, 0x0, 0x0, 0x0, 0x0, 0x0, 0x0,
    0x3, 0xff, 0x30, 0x0, 0x0, 0x8, 0xff, 0x80,
    0x0, 0x0, 0x2, 0xdd, 0x20, 0x0,

    /* U+203E "‾" */
    0x0, 0x0, 0x0, 0x0, 0x0, 0x8f, 0xff, 0xff,
    0xff, 0xfe, 0x8f, 0xff, 0xff, 0xff, 0xfe,

    /* U+203F "‿" */
    0x5, 0x30, 0x0, 0x0, 0x0, 0x0, 0x0, 0x45,
    0x2, 0xef, 0xd8, 0x53, 0x21, 0x23, 0x69, 0xef,
    0xd0, 0x1, 0xbf, 0xff, 0xff, 0xff, 0xff, 0xff,
    0xa1, 0x0, 0x0, 0x38, 0xce, 0xff, 0xed, 0xb6,
    0x10, 0x0,

    /* U+2040 "⁀" */
    0x0, 0x0, 0x2, 0x57, 0x77, 0x52, 0x0, 0x0,
    0x0, 0x2, 0x9e, 0xff, 0xff, 0xff, 0xfe, 0x92,
    0x0, 0x8, 0xff, 0xeb, 0x97, 0x78, 0x9c, 0xff,
    0xf7, 0x1, 0xdb, 0x40, 0x0, 0x0, 0x0, 0x1,
    0x5c, 0xc0, 0x0, 0x0, 0x0, 0x0, 0x0, 0x0,
    0x0, 0x0, 0x0,

    /* U+2041 "⁁" */
    0x0, 0x0, 0x0, 0x69, 0x10, 0x0, 0x0, 0x1f,
    0xf4, 0x0, 0x0, 0xa, 0xfa, 0x0, 0x0, 0x4,
    0xfe, 0x10, 0x0, 0x0, 0xdf, 0x60, 0x0, 0x0,
    0x8f, 0xc0, 0x0, 0x0, 0x2f, 0xfc, 0x0, 0x0,
    0xc, 0xff, 0xf6, 0x0, 0x6, 0xfe, 0x4f, 0xe1,
    0x0, 0xef, 0x50, 0x9f, 0xa0, 0x3, 0x80, 0x1,
    0x92, 0x0,

    /* U+2042 "⁂" */
    0x0, 0x0, 0x35, 0xf5, 0x40, 0x0, 0x0, 0x0,
    0x8, 0xff, 0xf8, 0x0, 0x0, 0x0, 0x4, 0xff,
    0xff, 0xf5, 0x0, 0x0, 0x0, 0x7, 0xff, 0xf7,
    0x10, 0x0, 0x0, 0x0, 0x9a, 0xfa, 0x90, 0x0,
    0x0, 0x0, 0x0, 0x8, 0x10, 0x0, 0x0, 0x5,
    0x6f, 0x42, 0x2, 0x5f, 0x65, 0x0, 0xaf, 0xff,
    0x60, 0x5f, 0xff, 0xb0, 0x8f, 0xff, 0xff, 0x4f,
    0xff, 0xff, 0x81, 0xaf, 0xff, 0x50, 0x5f, 0xff,
    0xa1, 0xb, 0xaf, 0xb6, 0x6, 0xbf, 0xac, 0x0,
    0x2, 0x70, 0x0, 0x0, 0x72, 0x0,

    /* U+2043 "⁃" */
    0x11, 0x11, 0x11, 0xbf, 0xff, 0xfc, 0xbf, 0xff,
    0xfc,

    /* U+2044 "⁄" */
    0x0, 0x0, 0x0, 0x0, 0x4, 0xfa, 0x0, 0x0,
    0x0, 0x0, 0x1e, 0xd0, 0x0, 0x0, 0x0, 0x0,
    0xbf, 0x30, 0x0, 0x0, 0x0, 0x6, 0xf7, 0x0,
    0x0, 0x0, 0x0, 0x2f, 0xc0, 0x0, 0x0, 0x0,
    0x0, 0xcf, 0x20, 0x0, 0x0, 0x0, 0x8, 0xf5,
    0x0, 0x0, 0x0, 0x0, 0x4f, 0xa0, 0x0, 0x0,
    0x0, 0x1, 0xed, 0x0, 0x0, 0x0, 0x0, 0xb,
    0xf3, 0x0, 0x0, 0x0, 0x0, 0x6f, 0x70, 0x0,
    0x0, 0x0, 0x2, 0xfc, 0x0, 0x0, 0x0, 0x0,
    0xc, 0xf2, 0x0, 0x0, 0x0, 0x0, 0x8f, 0x50,
    0x0, 0x0, 0x0, 0x0,

    /* U+2045 "⁅" */
    0x1f, 0xff, 0xf6, 0x1f, 0xff, 0xf6, 0x1f, 0xf5,
    0x0, 0x1f, 0xf5, 0x0, 0x1f, 0xf5, 0x0, 0x1f,
    0xf5, 0x0, 0x1f, 0xf5, 0x0, 0x1f, 0xf5, 0x0,
    0x1f, 0xff, 0xf6, 0x1f, 0xff, 0xe5, 0x1f, 0xf5,
    0x0, 0x1f, 0xf5, 0x0, 0x1f, 0xf5, 0x0, 0x1f,
    0xf5, 0x0, 0x1f, 0xf5, 0x0, 0x1f, 0xf5, 0x0,
    0x1f, 0xff, 0xf6, 0x1f, 0xff, 0xf6,

    /* U+2046 "⁆" */
    0xff, 0xff, 0x8e, 0xff, 0xf8, 0x0, 0xef, 0x80,
    0xe, 0xf8, 0x0, 0xef, 0x80, 0xe, 0xf8, 0x0,
    0xef, 0x80, 0xe, 0xf8, 0xef, 0xff, 0x8d, 0xef,
    0xf8, 0x0, 0xef, 0x80, 0xe, 0xf8, 0x0, 0xef,
    0x80, 0xe, 0xf8, 0x0, 0xef, 0x80, 0xe, 0xf8,
    0xef, 0xff, 0x8f, 0xff, 0xf8,

    /* U+2047 "⁇" */
    0x0, 0x3b, 0xef, 0xe9, 0x20, 0x0, 0x4, 0xbe,
    0xfd, 0x91, 0x0, 0x5f, 0xff, 0xff, 0xff, 0x20,
    0x7, 0xff, 0xff, 0xff, 0xe1, 0xe, 0xfe, 0x41,
    0x7f, 0xfb, 0x1, 0xff, 0xc3, 0x28, 0xff, 0x82,
    0xdd, 0x50, 0x0, 0xcf, 0xd0, 0x3d, 0xd3, 0x0,
    0xe, 0xfb, 0x0, 0x0, 0x0, 0xe, 0xfc, 0x0,
    0x0, 0x0, 0x1, 0xff, 0x90, 0x0, 0x0, 0x1c,
    0xff, 0x40, 0x0, 0x0, 0x2, 0xdf, 0xf3, 0x0,
    0x0, 0x4e, 0xfe, 0x50, 0x0, 0x0, 0x5, 0xff,
    0xe4, 0x0, 0x0, 0xe, 0xfc, 0x10, 0x0, 0x0,
    0x1, 0xff, 0xb0, 0x0, 0x0, 0x2, 0xff, 0x30,
    0x0, 0x0, 0x0, 0x4f, 0xf1, 0x0, 0x0, 0x0,
    0x18, 0x81, 0x0, 0x0, 0x0, 0x2, 0x88, 0x0,
    0x0, 0x0, 0x0, 0x0, 0x0, 0x0, 0x0, 0x0,
    0x0, 0x0, 0x0, 0x0, 0x0, 0x4f, 0xe3, 0x0,
    0x0, 0x0, 0x5, 0xfe, 0x20, 0x0, 0x0, 0x9,
    0xff, 0x80, 0x0, 0x0, 0x0, 0xbf, 0xf6, 0x0,
    0x0, 0x0, 0x3e, 0xd2, 0x0, 0x0, 0x0, 0x5,
    0xed, 0x10, 0x0,

    /* U+2048 "⁈" */
    0x0, 0x3a, 0xef, 0xd9, 0x10, 0x0, 0x4f, 0xf7,
    0x4, 0xff, 0xff, 0xff, 0xe2, 0x0, 0x4f, 0xf6,
    0xe, 0xfe, 0x42, 0x7f, 0xfa, 0x0, 0x4f, 0xf6,
    0x2f, 0xf6, 0x0, 0xc, 0xfd, 0x0, 0x3f, 0xf6,
    0x0, 0x0, 0x0, 0xd, 0xfd, 0x0, 0x3f, 0xf6,
    0x0, 0x0, 0x0, 0x8f, 0xf8, 0x0, 0x3f, 0xf5,
    0x0, 0x0, 0x1b, 0xff, 0xc0, 0x0, 0x3f, 0xf5,
    0x0, 0x0, 0xbf, 0xf8, 0x0, 0x0, 0x2f, 0xf5,
    0x0, 0x1, 0xff, 0x80, 0x0, 0x0, 0x2f, 0xf4,
    0x0, 0x2, 0xff, 0x20, 0x0, 0x0, 0x2f, 0xf4,
    0x0, 0x0, 0x22, 0x0, 0x0, 0x0, 0x0, 0x10,
    0x0, 0x4, 0xfe, 0x30, 0x0, 0x0, 0x2e, 0xf4,
    0x0, 0x9, 0xff, 0x80, 0x0, 0x0, 0x7f, 0xf9,
    0x0, 0x3, 0xed, 0x20, 0x0, 0x0, 0x2d, 0xe3,

    /* U+2049 "⁉" */
    0x2f, 0xf9, 0x0, 0x1, 0x8d, 0xfe, 0xb4, 0x0,
    0x2f, 0xf9, 0x0, 0x1d, 0xff, 0xff, 0xff, 0x70,
    0x2f, 0xf8, 0x0, 0x8f, 0xf5, 0x1, 0xcf, 0xf1,
    0x1f, 0xf8, 0x0, 0x9d, 0xa0, 0x0, 0x5f, 0xf4,
    0x1f, 0xf8, 0x0, 0x0, 0x0, 0x0, 0x7f, 0xf3,
    0x1f, 0xf7, 0x0, 0x0, 0x0, 0x5, 0xff, 0xe0,
    0xf, 0xf7, 0x0, 0x0, 0x0, 0x9f, 0xfe, 0x30,
    0xf, 0xf7, 0x0, 0x0, 0x6, 0xff, 0xb1, 0x0,
    0xf, 0xf6, 0x0, 0x0, 0xa, 0xfd, 0x0, 0x0,
    0xd, 0xd5, 0x0, 0x0, 0xb, 0xf8, 0x0, 0x0,
    0x0, 0x0, 0x0, 0x0, 0x0, 0x0, 0x0, 0x0,
    0x1d, 0xf6, 0x0, 0x0, 0xc, 0xf9, 0x0, 0x0,
    0x5f, 0xfc, 0x0, 0x0, 0x2f, 0xfe, 0x0, 0x0,
    0x1c, 0xf5, 0x0, 0x0, 0xa, 0xf7, 0x0, 0x0,

    /* U+204A "⁊" */
    0x3f, 0xff, 0xff, 0xff, 0x53, 0xff, 0xff, 0xff,
    0xf3, 0x2, 0x22, 0x23, 0xff, 0x10, 0x0, 0x0,
    0x2f, 0xf0, 0x0, 0x0, 0x3, 0xfe, 0x0, 0x0,
    0x0, 0x5f, 0xd0, 0x0, 0x0, 0x6, 0xfb, 0x0,
    0x0, 0x0, 0x8f, 0x90, 0x0, 0x0, 0xa, 0xf8,
    0x0, 0x0, 0x0, 0xbf, 0x60, 0x0, 0x0, 0xd,
    0xf5, 0x0, 0x0, 0x0, 0xef, 0x30, 0x0, 0x0,
    0xf, 0xf1, 0x0, 0x0, 0x2, 0xff, 0x0, 0x0,
    0x0, 0x3f, 0xe0, 0x0,

    /* U+204B "⁋" */
    0x8f, 0xff, 0xff, 0xd9, 0x10, 0x8, 0xff, 0xff,
    0xff, 0xfe, 0x20, 0x8f, 0xa0, 0x9f, 0xff, 0xfb,
    0x8, 0xfa, 0x9, 0xff, 0xff, 0xf0, 0x8f, 0xa0,
    0x9f, 0xff, 0xff, 0x18, 0xfa, 0x9, 0xff, 0xff,
    0xf0, 0x8f, 0xa0, 0x9f, 0xff, 0xfa, 0x8, 0xfa,
    0x9, 0xff, 0xfd, 0x10, 0x8f, 0xa0, 0x8d, 0xb6,
    0x0, 0x8, 0xfa, 0x0, 0x0, 0x0, 0x0, 0x8f,
    0xa0, 0x0, 0x0, 0x0, 0x8, 0xfa, 0x0, 0x0,
    0x0, 0x0, 0x8f, 0xa0, 0x0, 0x0, 0x0, 0x8,
    0xfa, 0x0, 0x0, 0x0, 0x0,

    /* U+204C "⁌" */
    0x0, 0x8d, 0xff, 0xff, 0xf7, 0xc, 0xff, 0xfc,
    0x9d, 0xf7, 0x5f, 0xff, 0xf8, 0xb, 0xf7, 0x8f,
    0xff, 0xf8, 0xb, 0xf7, 0x8f, 0xff, 0xf8, 0xb,
    0xf7, 0x5f, 0xff, 0xf8, 0xb, 0xf7, 0xc, 0xff,
    0xfc, 0x9d, 0xf7, 0x0, 0x8d, 0xff, 0xff, 0xf7,

    /* U+204D "⁍" */
    0x6f, 0xff, 0xff, 0xd8, 0x0, 0x6f, 0xe9, 0xcf,
    0xff, 0xc0, 0x6f, 0xc0, 0x7f, 0xff, 0xf6, 0x6f,
    0xc0, 0x7f, 0xff, 0xf9, 0x6f, 0xc0, 0x7f, 0xff,
    0xf9, 0x6f, 0xc0, 0x7f, 0xff, 0xf6, 0x6f, 0xe9,
    0xcf, 0xff, 0xc0, 0x6f, 0xff, 0xff, 0xd8, 0x0,

    /* U+204E "⁎" */
    0x0, 0x1, 0x20, 0x0, 0x0, 0x0, 0x6f, 0x30,
    0x0, 0x9, 0x15, 0xf2, 0x39, 0x5, 0xff, 0xaf,
    0xaf, 0xf2, 0x3, 0xbf, 0xff, 0x91, 0x0, 0x5c,
    0xff, 0xfb, 0x30, 0x5f, 0xe9, 0xf8, 0xff, 0x20,
    0x70, 0x6f, 0x21, 0x60, 0x0, 0x7, 0xf3, 0x0,
    0x0,

    /* U+204F "⁏" */
    0x0, 0x0, 0x1, 0xdf, 0x50, 0x5f, 0xfb, 0x1,
    0xce, 0x40, 0x0, 0x0, 0x0, 0x0, 0x0, 0x0,
    0x0, 0x0, 0x0, 0x0, 0x0, 0x0, 0x0, 0xdd,
    0x80, 0xb, 0xfb, 0x0, 0x6f, 0xe0, 0x1, 0xff,
    0x0, 0xd, 0xf2, 0x0, 0x8f, 0x50,

    /* U+2050 "⁐" */
    0x0, 0x0, 0x14, 0x67, 0x76, 0x52, 0x0, 0x0,
    0x0, 0x3, 0xbf, 0xff, 0xff, 0xff, 0xfe, 0x81,
    0x0, 0x9, 0xff, 0xfd, 0xaa, 0x9a, 0xbe, 0xff,
    0xf5, 0x2, 0xda, 0x40, 0x0, 0x0, 0x0, 0x1,
    0x6c, 0xa0, 0x0, 0x0, 0x0, 0x0, 0x0, 0x0,
    0x0, 0x0, 0x0, 0x0, 0x0, 0x0, 0x0, 0x0,
    0x0, 0x0, 0x0, 0x0, 0x0, 0x0, 0x0, 0x0,
    0x0, 0x0, 0x0, 0x0, 0x0, 0x0, 0x0, 0x0,
    0x0, 0x0, 0x0, 0x0, 0x0, 0x0, 0x0, 0x0,
    0x0, 0x0, 0x0, 0x0, 0x0, 0x0, 0x0, 0x0,
    0x0, 0x0, 0x0, 0x0, 0x0, 0x0, 0x0, 0x0,
    0x0, 0x0, 0x0, 0x0, 0x0, 0x0, 0x0, 0x0,
    0x0, 0x0, 0x0, 0x0, 0x0, 0x0, 0x0, 0x0,
    0x0, 0x0, 0x0, 0x0, 0x0, 0x0, 0x0, 0x0,
    0x0, 0x0, 0x0, 0x0, 0x0, 0x0, 0x0, 0x0,
    0x0, 0x0, 0x0, 0x0, 0x0, 0x0, 0x0, 0x0,
    0x0, 0x0, 0x0, 0x0, 0x0, 0x0, 0x0, 0x0,
    0x4, 0x10, 0x0, 0x0, 0x0, 0x0, 0x0, 0x22,
    0x2, 0xff, 0xb6, 0x31, 0x0, 0x2, 0x47, 0xcf,
    0xd0, 0x3, 0xdf, 0xff, 0xff, 0xff, 0xff, 0xff,
    0xb1, 0x0, 0x0, 0x5a, 0xef, 0xff, 0xff, 0xc8,
    0x30, 0x0, 0x0, 0x0, 0x0, 0x1, 0x10, 0x0,
    0x0, 0x0, 0x0,

    /* U+2051 "⁑" */
    0x0, 0x7, 0xf3, 0x0, 0x0, 0x70, 0x6f, 0x21,
    0x60, 0x5f, 0xd9, 0xf8, 0xff, 0x20, 0x5d, 0xff,
    0xfb, 0x30, 0x2, 0xaf, 0xff, 0x91, 0x5, 0xff,
    0xaf, 0xaf, 0xf2, 0x9, 0x16, 0xf2, 0x38, 0x0,
    0x0, 0x7f, 0x30, 0x0, 0x0, 0x1, 0x20, 0x0,
    0x0, 0x0, 0x12, 0x0, 0x0, 0x0, 0x6, 0xf3,
    0x0, 0x0, 0x91, 0x5f, 0x23, 0x90, 0x5f, 0xfa,
    0xfa, 0xff, 0x20, 0x3b, 0xff, 0xf9, 0x10, 0x5,
    0xcf, 0xff, 0xb3, 0x5, 0xfe, 0x9f, 0x8f, 0xf2,
    0x7, 0x6, 0xf2, 0x16, 0x0, 0x0, 0x7f, 0x30,
    0x0,

    /* U+2052 "⁒" */
    0x0, 0x0, 0x0, 0x0, 0x0, 0x6f, 0x80, 0x4e,
    0xd3, 0x0, 0x0, 0x2, 0xfc, 0x0, 0xdf, 0xfb,
    0x0, 0x0, 0xc, 0xf2, 0x0, 0xbf, 0xf9, 0x0,
    0x0, 0x8f, 0x60, 0x0, 0x18, 0x80, 0x0, 0x3,
    0xfa, 0x0, 0x0, 0x0, 0x0, 0x0, 0x1e, 0xe1,
    0x0, 0x0, 0x0, 0x0, 0x0, 0xaf, 0x40, 0x0,
    0x0, 0x0, 0x0, 0x6, 0xf8, 0x0, 0x0, 0x0,
    0x0, 0x0, 0x2f, 0xc0, 0x0, 0x19, 0x80, 0x0,
    0x0, 0xcf, 0x20, 0x0, 0xbf, 0xf9, 0x0, 0x8,
    0xf6, 0x0, 0x0, 0xdf, 0xfb, 0x0, 0x3f, 0xa0,
    0x0, 0x0, 0x4e, 0xd3, 0x1, 0xee, 0x10, 0x0,
    0x0, 0x0, 0x0, 0xa, 0xf4, 0x0, 0x0, 0x0,
    0x0, 0x0,

    /* U+2053 "⁓" */
    0x0, 0x1, 0x0, 0x0, 0x0, 0x0, 0x0, 0x8e,
    0xff, 0xa3, 0x0, 0x0, 0x0, 0x8f, 0xff, 0xff,
    0xfa, 0x43, 0x6d, 0x21, 0xb3, 0x2, 0x8f, 0xff,
    0xff, 0xf8, 0x0, 0x0, 0x0, 0x18, 0xdf, 0xd7,
    0x0,

    /* U+2054 "⁔" */
    0x0, 0x0, 0x0, 0x1, 0x10, 0x0, 0x0, 0x0,
    0x0, 0x0, 0x49, 0xdf, 0xff, 0xff, 0xc8, 0x30,
    0x0, 0x3, 0xdf, 0xff, 0xff, 0xff, 0xff, 0xff,
    0xb2, 0x2, 0xff, 0xb6, 0x31, 0x0, 0x1, 0x47,
    0xcf, 0xe0, 0x4, 0x20, 0x0, 0x0, 0x0, 0x0,
    0x0, 0x23, 0x0,

    /* U+2055 "⁕" */
    0x0, 0x0, 0x39, 0x50, 0x0, 0x0, 0x8, 0x56,
    0xf9, 0x3a, 0x0, 0x3, 0xff, 0xcf, 0xcf, 0xf7,
    0x0, 0x5, 0xff, 0xff, 0xf9, 0x0, 0x4f, 0xff,
    0xff, 0xff, 0xff, 0x74, 0xff, 0xff, 0xff, 0xff,
    0xf7, 0x0, 0x4f, 0xff, 0xff, 0x70, 0x0, 0x3f,
    0xfe, 0xfe, 0xff, 0x60, 0x1, 0xda, 0x6f, 0x97,
    0xe2, 0x0, 0x1, 0x6, 0xf9, 0x1, 0x0,

    /* U+2057 "⁗" */
    0x7f, 0xe0, 0x5, 0xff, 0x0, 0x3f, 0xf2, 0x2,
    0xff, 0x38, 0xfb, 0x0, 0x6f, 0xd0, 0x5, 0xfe,
    0x0, 0x3f, 0xf0, 0xaf, 0x80, 0x8, 0xf9, 0x0,
    0x6f, 0xb0, 0x5, 0xfd, 0xb, 0xf4, 0x0, 0x9f,
    0x60, 0x8, 0xf7, 0x0, 0x6f, 0x90, 0xdf, 0x10,
    0xb, 0xf2, 0x0, 0x9f, 0x40, 0x8, 0xf6, 0x6,
    0x60, 0x0, 0x57, 0x0, 0x5, 0x70, 0x0, 0x47,
    0x10,

    /* U+2070 "⁰" */
    0x0, 0x5d, 0xff, 0xb2, 0x0, 0x6f, 0xfc, 0xdf,
    0xe1, 0xd, 0xf7, 0x0, 0xcf, 0x80, 0xff, 0x20,
    0x8, 0xfb, 0xf, 0xf2, 0x0, 0x8f, 0xb0, 0xdf,
    0x70, 0xc, 0xf8, 0x6, 0xff, 0xcd, 0xff, 0x10,
    0x5, 0xdf, 0xfb, 0x20,

    /* U+2071 "ⁱ" */
    0x46, 0xd, 0xf2, 0x24, 0xe, 0xf3, 0xef, 0x3e,
    0xf3, 0xef, 0x3e, 0xf3, 0xef, 0x30,

    /* U+2074 "⁴" */
    0x0, 0x0, 0x7f, 0xf8, 0x0, 0x0, 0x4f, 0xff,
    0x80, 0x0, 0x1e, 0xfa, 0xf8, 0x0, 0xc, 0xf6,
    0x6f, 0x80, 0x9, 0xf8, 0x6, 0xf8, 0x0, 0xff,
    0xff, 0xff, 0xfb, 0x8, 0x88, 0x8b, 0xfc, 0x50,
    0x0, 0x0, 0x7f, 0x80,

    /* U+2075 "⁵" */
    0xf, 0xff, 0xff, 0xd0, 0x2f, 0xda, 0xaa, 0x80,
    0x4f, 0x80, 0x10, 0x0, 0x6f, 0xbe, 0xfe, 0x60,
    0x39, 0xa5, 0x7f, 0xf2, 0x45, 0x10, 0xc, 0xf4,
    0x8f, 0xea, 0xbf, 0xe0, 0x7, 0xdf, 0xea, 0x20,

    /* U+2076 "⁶" */
    0x0, 0x4c, 0xfe, 0x91, 0x0, 0x5f, 0xfe, 0xff,
    0xd0, 0xd, 0xf9, 0x1, 0x78, 0x10, 0xff, 0x6e,
    0xff, 0x60, 0xf, 0xfb, 0x56, 0xff, 0x30, 0xef,
    0x40, 0xb, 0xf4, 0x6, 0xfe, 0x9b, 0xfe, 0x10,
    0x5, 0xcf, 0xea, 0x20,

    /* U+2077 "⁷" */
    0x3f, 0xff, 0xff, 0xf9, 0x2a, 0xaa, 0xae, 0xf8,
    0x0, 0x0, 0x2f, 0xf1, 0x0, 0x0, 0xbf, 0x60,
    0x0, 0x5, 0xfc, 0x0, 0x0, 0x1e, 0xf2, 0x0,
    0x0, 0x9f, 0x80, 0x0, 0x3, 0xfe, 0x0, 0x0,

    /* U+2078 "⁸" */
    0x0, 0x8d, 0xfe, 0xb3, 0x0, 0x9f, 0xd8, 0xbf,
    0xf0, 0x7, 0xf9, 0x24, 0xfe, 0x0, 0xa, 0xff,
    0xfd, 0x20, 0xa, 0xfb, 0x57, 0xfe, 0x10, 0xff,
    0x30, 0xc, 0xf7, 0xc, 0xfd, 0x79, 0xff, 0x30,
    0x8, 0xdf, 0xeb, 0x30,

    /* U+2079 "⁹" */
    0x0, 0x8d, 0xfe, 0x80, 0x0, 0x9f, 0xda, 0xdf,
    0xb0, 0xf, 0xf0, 0x0, 0xff, 0x20, 0xef, 0x62,
    0x6f, 0xf5, 0x5, 0xff, 0xfb, 0xdf, 0x50, 0x67,
    0x52, 0x3f, 0xf1, 0x9, 0xff, 0xef, 0xf9, 0x0,
    0x8, 0xef, 0xd7, 0x0,

    /* U+207A "⁺" */
    0x0, 0x4f, 0x60, 0x0, 0x4, 0xf6, 0x0, 0x9f,
    0xff, 0xff, 0xb5, 0x9b, 0xfc, 0x96, 0x0, 0x4f,
    0x60, 0x0, 0x3, 0xc4, 0x0,

    /* U+207B "⁻" */
    0x6b, 0xbb, 0xbb, 0x79, 0xff, 0xff, 0xfb,

    /* U+207C "⁼" */
    0x8f, 0xff, 0xff, 0xa5, 0xaa, 0xaa, 0xa6, 0x0,
    0x0, 0x0, 0x8, 0xff, 0xff, 0xfa, 0x5b, 0xbb,
    0xbb, 0x70,

    /* U+207D "⁽" */
    0x0, 0x0, 0x3, 0xfa, 0xc, 0xf3, 0x2f, 0xe0,
    0x6f, 0xa0, 0x8f, 0x80, 0x9f, 0x80, 0x7f, 0xa0,
    0x3f, 0xe0, 0xc, 0xf4, 0x3, 0xfb,

    /* U+207E "⁾" */
    0x1, 0x0, 0x1, 0xfe, 0x0, 0x9, 0xf7, 0x0,
    0x3f, 0xc0, 0x0, 0xff, 0x10, 0xe, 0xf3, 0x0,
    0xdf, 0x40, 0xf, 0xf2, 0x4, 0xfe, 0x0, 0x9f,
    0x70, 0x1f, 0xd0, 0x0,

    /* U+207F "ⁿ" */
    0xef, 0x4d, 0xfb, 0x2e, 0xfd, 0xad, 0xfc, 0xef,
    0x30, 0x2f, 0xee, 0xf3, 0x2, 0xff, 0xef, 0x30,
    0x2f, 0xfe, 0xf3, 0x2, 0xff,

    /* U+2080 "₀" */
    0x0, 0x5d, 0xff, 0xb2, 0x0, 0x6f, 0xfa, 0xcf,
    0xe1, 0xd, 0xf6, 0x0, 0xcf, 0x80, 0xff, 0x20,
    0x8, 0xfb, 0xf, 0xf2, 0x0, 0x8f, 0xb0, 0xdf,
    0x60, 0xc, 0xf8, 0x6, 0xff, 0xab, 0xff, 0x20,
    0x5, 0xdf, 0xfb, 0x20,

    /* U+2081 "₁" */
    0x1a, 0xff, 0x5e, 0xff, 0xf5, 0xa2, 0xcf, 0x50,
    0xc, 0xf5, 0x0, 0xcf, 0x50, 0xc, 0xf5, 0x0,
    0xcf, 0x50, 0xc, 0xf5,

    /* U+2082 "₂" */
    0x19, 0xef, 0xd8, 0x0, 0xbf, 0xb8, 0xdf, 0x90,
    0x55, 0x0, 0x4f, 0xc0, 0x0, 0x1, 0xcf, 0x90,
    0x0, 0x3d, 0xfb, 0x0, 0x6, 0xff, 0x60, 0x0,
    0x9f, 0xfb, 0x88, 0x80, 0xef, 0xff, 0xff, 0xf1,

    /* U+2083 "₃" */
    0x0, 0x7d, 0xfe, 0x80, 0x0, 0x7f, 0xd8, 0xcf,
    0x90, 0x7, 0xa2, 0x1, 0xfe, 0x0, 0x0, 0x0,
    0x6f, 0xb0, 0x0, 0x6, 0xff, 0xc2, 0x0, 0x11,
    0x12, 0x5f, 0xf2, 0xd, 0xfc, 0x9b, 0xff, 0x30,
    0x19, 0xdf, 0xeb, 0x40,

    /* U+2084 "₄" */
    0x0, 0x0, 0x6f, 0xf8, 0x0, 0x0, 0x2f, 0xff,
    0x80, 0x0, 0xb, 0xfe, 0xf8, 0x0, 0x6, 0xfc,
    0x6f, 0x80, 0x2, 0xff, 0x26, 0xf8, 0x0, 0xbf,
    0x71, 0x7f, 0x91, 0xf, 0xff, 0xff, 0xff, 0xb0,
    0x44, 0x44, 0x9f, 0xa3,

    /* U+2085 "₅" */
    0xf, 0xff, 0xff, 0xd0, 0x2f, 0xd8, 0x88, 0x70,
    0x4f, 0x80, 0x0, 0x0, 0x6f, 0xbe, 0xfe, 0x50,
    0x29, 0xa4, 0x6f, 0xf2, 0x34, 0x10, 0xb, 0xf4,
    0x8f, 0xd8, 0x9f, 0xe1, 0x7, 0xdf, 0xea, 0x20,

    /* U+2086 "₆" */
    0x0, 0x4c, 0xfe, 0xa1, 0x0, 0x5f, 0xfc, 0xdf,
    0xd0, 0xd, 0xf7, 0x0, 0x45, 0x10, 0xff, 0x6d,
    0xfe, 0x60, 0xf, 0xfb, 0x46, 0xff, 0x20, 0xef,
    0x40, 0xb, 0xf4, 0x6, 0xfd, 0x79, 0xfe, 0x10,
    0x6, 0xcf, 0xea, 0x20,

    /* U+2087 "₇" */
    0x3f, 0xff, 0xff, 0xf9, 0x18, 0x88, 0x8e, 0xf7,
    0x0, 0x0, 0x3f, 0xe0, 0x0, 0x0, 0xcf, 0x50,
    0x0, 0x6, 0xfb, 0x0, 0x0, 0x1e, 0xf2, 0x0,
    0x0, 0xaf, 0x80, 0x0, 0x3, 0xfe, 0x0, 0x0,

    /* U+2088 "₈" */
    0x0, 0x6d, 0xfe, 0x91, 0x0, 0x6f, 0xe7, 0xaf,
    0xd0, 0xa, 0xf6, 0x0, 0xff, 0x10, 0x5f, 0xb1,
    0x5f, 0xc0, 0x0, 0x9f, 0xff, 0xd2, 0x0, 0xcf,
    0x94, 0x6e, 0xf3, 0xe, 0xfa, 0x56, 0xef, 0x50,
    0x2a, 0xdf, 0xec, 0x60,

    /* U+2089 "₉" */
    0x0, 0x8d, 0xfe, 0x80, 0x0, 0xaf, 0xc8, 0xcf,
    0xb0, 0xf, 0xf0, 0x0, 0xff, 0x20, 0xef, 0x61,
    0x5f, 0xf5, 0x4, 0xef, 0xfb, 0xdf, 0x50, 0x56,
    0x41, 0x2f, 0xf1, 0x9, 0xfe, 0xbf, 0xf9, 0x0,
    0x8, 0xef, 0xd7, 0x0,

    /* U+208A "₊" */
    0x0, 0x4f, 0x60, 0x1, 0x26, 0xf7, 0x21, 0x9f,
    0xff, 0xff, 0xb3, 0x58, 0xf9, 0x53, 0x0, 0x4f,
    0x60, 0x0, 0x1, 0x52, 0x0,

    /* U+208B "₋" */
    0x59, 0x99, 0x99, 0x69, 0xff, 0xff, 0xfb,

    /* U+208C "₌" */
    0x8f, 0xff, 0xff, 0xa4, 0x88, 0x88, 0x85, 0x48,
    0x88, 0x88, 0x58, 0xff, 0xff, 0xfa,

    /* U+208D "₍" */
    0x0, 0x44, 0x6, 0xf8, 0xe, 0xf1, 0x4f, 0xc0,
    0x7f, 0x90, 0x9f, 0x80, 0x8f, 0x90, 0x4f, 0xd0,
    0xd, 0xf3, 0x4, 0xfb,

    /* U+208E "₎" */
    0x4, 0x30, 0x0, 0xdf, 0x10, 0x7, 0xf9, 0x0,
    0x2f, 0xe0, 0x0, 0xef, 0x20, 0xd, 0xf4, 0x0,
    0xef, 0x20, 0x3f, 0xe0, 0x8, 0xf8, 0x1, 0xfe,
    0x0,

    /* U+2090 "ₐ" */
    0x3, 0xbf, 0xeb, 0x40, 0xa, 0xc6, 0x6f, 0xf1,
    0x2, 0x78, 0x9f, 0xf3, 0x1f, 0xf9, 0x7e, 0xf3,
    0x3f, 0xd4, 0x6f, 0xf3, 0x9, 0xfe, 0xac, 0xf3,

    /* U+2091 "ₑ" */
    0x1, 0x9e, 0xfd, 0x60, 0xb, 0xf8, 0x5a, 0xf6,
    0x1f, 0xfe, 0xef, 0xfb, 0x1f, 0xf1, 0x11, 0x11,
    0xb, 0xfa, 0x6b, 0xd4, 0x1, 0x9e, 0xfe, 0x80,

    /* U+2092 "ₒ" */
    0x0, 0x8d, 0xfd, 0x70, 0xb, 0xfb, 0x7d, 0xf7,
    0x1f, 0xf0, 0x3, 0xfd, 0x1f, 0xf0, 0x4, 0xfd,
    0xb, 0xfb, 0x7d, 0xf7, 0x1, 0x9e, 0xfd, 0x70,

    /* U+2093 "ₓ" */
    0x1e, 0xf3, 0xb, 0xf7, 0x4, 0xfd, 0x6f, 0xc0,
    0x0, 0x9f, 0xff, 0x10, 0x0, 0xbf, 0xef, 0x20,
    0x6, 0xfb, 0x5f, 0xd0, 0x2f, 0xe1, 0x9, 0xf9,

    /* U+2094 "ₔ" */
    0x1, 0x68, 0x61, 0x0, 0x5f, 0xff, 0xff, 0x50,
    0x2d, 0x30, 0x7f, 0xf1, 0x11, 0x11, 0x1c, 0xf5,
    0xdf, 0xff, 0xff, 0xf6, 0xbf, 0x74, 0x4d, 0xf3,
    0x5f, 0xe9, 0xcf, 0xb0, 0x5, 0xdf, 0xe8, 0x0,

    /* U+2095 "ₕ" */
    0xef, 0x10, 0x0, 0xe, 0xf1, 0x0, 0x0, 0xef,
    0x5d, 0xfc, 0x2e, 0xfd, 0x9d, 0xfc, 0xef, 0x30,
    0x2f, 0xee, 0xf3, 0x2, 0xff, 0xef, 0x30, 0x2f,
    0xfe, 0xf3, 0x2, 0xff,

    /* U+2096 "ₖ" */
    0xef, 0x30, 0x0, 0xe, 0xf3, 0x0, 0x0, 0xef,
    0x32, 0xdf, 0x6e, 0xf5, 0xef, 0x60, 0xef, 0xff,
    0x80, 0xe, 0xff, 0xfe, 0x10, 0xef, 0x3a, 0xfc,
    0xe, 0xf3, 0xc, 0xf9,

    /* U+2097 "ₗ" */
    0xef, 0x3e, 0xf3, 0xef, 0x3e, 0xf3, 0xef, 0x3e,
    0xf3, 0xef, 0x3e, 0xf3,

    /* U+2098 "ₘ" */
    0xef, 0x5e, 0xf7, 0x4d, 0xfc, 0x1e, 0xfc, 0x9e,
    0xfd, 0x8d, 0xfa, 0xef, 0x30, 0x9f, 0x60, 0x5f,
    0xbe, 0xf3, 0x9, 0xf6, 0x5, 0xfb, 0xef, 0x30,
    0x9f, 0x60, 0x5f, 0xbe, 0xf3, 0x9, 0xf6, 0x5,
    0xfb,

    /* U+2099 "ₙ" */
    0xef, 0x4d, 0xfc, 0x2e, 0xfc, 0x8c, 0xfc, 0xef,
    0x30, 0x2f, 0xee, 0xf3, 0x2, 0xff, 0xef, 0x30,
    0x2f, 0xfe, 0xf3, 0x2, 0xff,

    /* U+209A "ₚ" */
    0xef, 0x6d, 0xfc, 0x20, 0xef, 0xd7, 0xbf, 0xd0,
    0xef, 0x30, 0xf, 0xf2, 0xef, 0x40, 0xf, 0xf2,
    0xef, 0xd7, 0xcf, 0xd0, 0xef, 0x7d, 0xfc, 0x20,
    0xef, 0x30, 0x0, 0x0, 0xef, 0x30, 0x0, 0x0,

    /* U+209B "ₛ" */
    0x3, 0xcf, 0xfd, 0x60, 0xe, 0xf6, 0x58, 0x50,
    0xc, 0xfd, 0xa8, 0x30, 0x0, 0x69, 0xcf, 0xf3,
    0x9, 0xb5, 0x5d, 0xf3, 0x5, 0xcf, 0xfc, 0x50,

    /* U+209C "ₜ" */
    0xb, 0xf5, 0x0, 0xbf, 0x50, 0x9f, 0xff, 0x93,
    0xdf, 0x93, 0xb, 0xf5, 0x0, 0xbf, 0x50, 0xa,
    0xfb, 0x40, 0x3d, 0xfa,

    /* U+20A0 "₠" */
    0x0, 0x7c, 0xfe, 0xc6, 0x0, 0x0, 0x0, 0xbf,
    0xff, 0xff, 0xfb, 0x0, 0x0, 0x6f, 0xf8, 0x0,
    0x9f, 0xf3, 0x0, 0xb, 0xfd, 0x0, 0x0, 0x44,
    0x10, 0x0, 0xcf, 0xb0, 0x1f, 0xff, 0xff, 0xff,
    0xdc, 0xfb, 0x1, 0xff, 0xff, 0xff, 0xfd, 0xbf,
    0xd0, 0x1f, 0xf6, 0x0, 0x0, 0x6, 0xff, 0x82,
    0xff, 0x60, 0x0, 0x0, 0xb, 0xff, 0xff, 0xff,
    0xff, 0xff, 0x0, 0x6, 0xce, 0xff, 0xff, 0xff,
    0xf0, 0x0, 0x0, 0x1f, 0xf6, 0x0, 0x0, 0x0,
    0x0, 0x1, 0xff, 0x60, 0x0, 0x0, 0x0, 0x0,
    0x1f, 0xff, 0xff, 0xff, 0xd0, 0x0, 0x1, 0xff,
    0xff, 0xff, 0xfd,

    /* U+20A1 "₡" */
    0x0, 0x0, 0x0, 0x3, 0x50, 0x80, 0x0, 0x0,
    0x0, 0x0, 0x86, 0xe, 0x0, 0x0, 0x0, 0x0,
    0xb, 0x33, 0xb0, 0x0, 0x0, 0x4a, 0xdf, 0xfc,
    0xb7, 0x0, 0x0, 0x9f, 0xff, 0xff, 0xff, 0xd3,
    0x0, 0x9f, 0xfe, 0x8c, 0x69, 0xff, 0xf2, 0x3f,
    0xfd, 0x10, 0xd0, 0x79, 0xff, 0xa9, 0xff, 0x30,
    0x39, 0xc, 0x10, 0x0, 0xdf, 0xd0, 0x8, 0x41,
    0xc0, 0x0, 0xf, 0xfa, 0x0, 0xc0, 0x77, 0x0,
    0x0, 0xff, 0xa0, 0x29, 0xc, 0x20, 0x0, 0xd,
    0xfb, 0x7, 0x41, 0xc0, 0x0, 0x10, 0x9f, 0xe0,
    0xb0, 0x77, 0x1, 0xff, 0xa3, 0xff, 0x79, 0xc,
    0x20, 0x9f, 0xf5, 0x9, 0xff, 0xe8, 0xe6, 0xcf,
    0xfb, 0x0, 0x9, 0xff, 0xff, 0xff, 0xfc, 0x10,
    0x0, 0x4c, 0xaf, 0xfe, 0xb6, 0x0, 0x0, 0x9,
    0x51, 0xd0, 0x0, 0x0, 0x0, 0x0, 0x60, 0x25,
    0x0, 0x0, 0x0, 0x0,

    /* U+20A2 "₢" */
    0x0, 0x4, 0xae, 0xfe, 0xb6, 0x0, 0x0, 0xa,
    0xff, 0xff, 0xff, 0xfc, 0x10, 0x9, 0xff, 0xd7,
    0x57, 0xcf, 0xfc, 0x3, 0xff, 0xb0, 0x0, 0x0,
    0x7f, 0xf5, 0x9f, 0xf1, 0x0, 0x0, 0x0, 0x54,
    0x2d, 0xfc, 0x0, 0x68, 0x41, 0x78, 0x30, 0xff,
    0xa0, 0xc, 0xfa, 0xef, 0xf5, 0xf, 0xfa, 0x0,
    0xcf, 0xfe, 0x99, 0x0, 0xdf, 0xc0, 0xc, 0xff,
    0x20, 0x0, 0x9, 0xff, 0x20, 0xcf, 0x90, 0x2e,
    0xc5, 0x3f, 0xfc, 0xc, 0xf8, 0xb, 0xff, 0x30,
    0x9f, 0xfe, 0xef, 0xcd, 0xff, 0xa0, 0x0, 0xaf,
    0xff, 0xff, 0xff, 0xb0, 0x0, 0x0, 0x4a, 0xef,
    0xeb, 0x50, 0x0,

    /* U+20A3 "₣" */
    0x0, 0x1f, 0xff, 0xff, 0xff, 0xff, 0x30, 0x1,
    0xff, 0xff, 0xff, 0xff, 0xf3, 0x0, 0x1f, 0xf9,
    0x33, 0x33, 0x33, 0x0, 0x1, 0xff, 0x80, 0x0,
    0x0, 0x0, 0x0, 0x1f, 0xf8, 0x0, 0x0, 0x0,
    0x0, 0x1, 0xff, 0x80, 0x0, 0x0, 0x0, 0x0,
    0x1f, 0xff, 0xff, 0xff, 0xf9, 0x0, 0x1, 0xff,
    0xff, 0xff, 0xff, 0x90, 0x0, 0x1f, 0xf9, 0x22,
    0x22, 0x21, 0x0, 0x1, 0xff, 0x80, 0x0, 0x0,
    0x0, 0x2f, 0xff, 0xff, 0xf9, 0x0, 0x0, 0x0,
    0x34, 0xff, 0xb3, 0x10, 0x0, 0x0, 0x0, 0x1f,
    0xf8, 0x0, 0x0, 0x0, 0x0, 0x1, 0xff, 0x80,
    0x0, 0x0, 0x0,

    /* U+20A4 "₤" */
    0x0, 0x0, 0x7c, 0xfe, 0xc5, 0x0, 0x0, 0xb,
    0xff, 0xff, 0xff, 0x90, 0x0, 0x6f, 0xfa, 0x43,
    0xaf, 0xf3, 0x0, 0x9f, 0xe0, 0x0, 0xa, 0x94,
    0x1, 0xaf, 0xd1, 0x11, 0x10, 0x0, 0xf, 0xff,
    0xff, 0xff, 0xf2, 0x0, 0x4, 0xaf, 0xe4, 0x44,
    0x40, 0x0, 0x1, 0x9f, 0xe1, 0x11, 0x10, 0x0,
    0xf, 0xff, 0xff, 0xff, 0xf2, 0x0, 0x4, 0x9f,
    0xf4, 0x44, 0x40, 0x0, 0x0, 0x7f, 0xe0, 0x0,
    0x4, 0x63, 0x4, 0xdf, 0x63, 0x33, 0x3d, 0xf9,
    0xf, 0xff, 0xff, 0xff, 0xff, 0xf5, 0xf, 0xff,
    0xff, 0xff, 0xfe, 0x80,

    /* U+20A5 "₥" */
    0x0, 0x0, 0x0, 0x0, 0x28, 0x50, 0x0, 0x0,
    0x0, 0x0, 0x0, 0x0, 0x9f, 0x60, 0x0, 0x0,
    0xaf, 0xd2, 0xbf, 0xe8, 0xff, 0xcf, 0xe9, 0x0,
    0xaf, 0xee, 0xff, 0xff, 0xff, 0xff, 0xff, 0xa0,
    0xaf, 0xfb, 0x34, 0xef, 0xfc, 0x34, 0xdf, 0xf1,
    0xaf, 0xf0, 0x0, 0x8f, 0xf3, 0x0, 0x5f, 0xf3,
    0xaf, 0xe0, 0x0, 0xaf, 0xf1, 0x0, 0x4f, 0xf4,
    0xaf, 0xe0, 0x1, 0xff, 0xf1, 0x0, 0x4f, 0xf4,
    0xaf, 0xe0, 0x8, 0xff, 0xf1, 0x0, 0x4f, 0xf4,
    0xaf, 0xe0, 0xe, 0xff, 0xf1, 0x0, 0x4f, 0xf4,
    0xaf, 0xe0, 0x5f, 0xff, 0xf1, 0x0, 0x4f, 0xf4,
    0xaf, 0xe0, 0xcf, 0xbf, 0xf1, 0x0, 0x4f, 0xf4,
    0xaf, 0xe2, 0xfd, 0x7f, 0xf1, 0x0, 0x4f, 0xf4,
    0x0, 0x9, 0xf6, 0x0, 0x0, 0x0, 0x0, 0x0,

    /* U+20A6 "₦" */
    0x5, 0xff, 0xe0, 0x0, 0x0, 0xb, 0xfe, 0x0,
    0x5f, 0xff, 0xa0, 0x0, 0x0, 0xbf, 0xe0, 0x5,
    0xff, 0xff, 0x50, 0x0, 0xb, 0xfe, 0x0, 0x5f,
    0xfb, 0xfe, 0x10, 0x0, 0xbf, 0xe0, 0x16, 0xff,
    0x5f, 0xfa, 0x11, 0x1b, 0xfe, 0x1a, 0xff, 0xff,
    0xff, 0xff, 0xff, 0xff, 0xfd, 0x28, 0xff, 0x84,
    0xcf, 0xf5, 0x4c, 0xff, 0x41, 0x6f, 0xf6, 0x14,
    0xff, 0xa1, 0xbf, 0xe1, 0xaf, 0xff, 0xff, 0xff,
    0xff, 0xff, 0xff, 0xd2, 0x8f, 0xf8, 0x44, 0x4d,
    0xfe, 0xbf, 0xf4, 0x5, 0xff, 0x50, 0x0, 0x4f,
    0xfd, 0xfe, 0x0, 0x5f, 0xf5, 0x0, 0x0, 0x9f,
    0xff, 0xe0, 0x5, 0xff, 0x50, 0x0, 0x1, 0xef,
    0xfe, 0x0, 0x5f, 0xf5, 0x0, 0x0, 0x5, 0xff,
    0xe0,

    /* U+20A7 "₧" */
    0x8f, 0xff, 0xff, 0xfc, 0x70, 0x0, 0x0, 0x0,
    0x0, 0x8, 0xff, 0xff, 0xff, 0xff, 0xc0, 0x0,
    0x5f, 0xf2, 0x0, 0x8f, 0xf3, 0x23, 0x4c, 0xff,
    0x80, 0x5, 0xff, 0x30, 0x8, 0xff, 0x10, 0x0,
    0xe, 0xfe, 0xe, 0xff, 0xff, 0xf4, 0x8f, 0xf1,
    0x0, 0x0, 0xaf, 0xf0, 0xef, 0xff, 0xff, 0x48,
    0xff, 0x10, 0x0, 0xd, 0xfe, 0x0, 0x5f, 0xf3,
    0x0, 0x8f, 0xf1, 0x0, 0x29, 0xff, 0x90, 0x5,
    0xff, 0x30, 0x8, 0xff, 0xff, 0xff, 0xff, 0xe1,
    0x0, 0x5f, 0xf3, 0x0, 0x8f, 0xff, 0xff, 0xff,
    0x91, 0x0, 0x5, 0xff, 0x30, 0x8, 0xff, 0x32,
    0x21, 0x0, 0x0, 0x0, 0x5f, 0xf3, 0x0, 0x8f,
    0xf1, 0x0, 0x0, 0x0, 0x0, 0x5, 0xff, 0x30,
    0x8, 0xff, 0x10, 0x0, 0x0, 0x0, 0x0, 0x4f,
    0xf5, 0x0, 0x8f, 0xf1, 0x0, 0x0, 0x0, 0x0,
    0x0, 0xef, 0xfe, 0x48, 0xff, 0x10, 0x0, 0x0,
    0x0, 0x0, 0x3, 0xcf, 0xf7,

    /* U+20A8 "₨" */
    0x8f, 0xff, 0xff, 0xfd, 0x80, 0x0, 0x0, 0x0,
    0x0, 0x0, 0x0, 0x8f, 0xff, 0xff, 0xff, 0xfd,
    0x10, 0x0, 0x0, 0x0, 0x0, 0x0, 0x8f, 0xf3,
    0x23, 0x4b, 0xff, 0x90, 0x0, 0x0, 0x0, 0x0,
    0x0, 0x8f, 0xf1, 0x0, 0x0, 0xdf, 0xe0, 0x1,
    0x9d, 0xfe, 0xb3, 0x0, 0x8f, 0xf1, 0x0, 0x0,
    0xaf, 0xf0, 0x2e, 0xff, 0xef, 0xff, 0x40, 0x8f,
    0xf1, 0x0, 0x0, 0xdf, 0xe0, 0x8f, 0xf3, 0x1,
    0xcf, 0xd0, 0x8f, 0xf3, 0x22, 0x4a, 0xff, 0x90,
    0xaf, 0xe0, 0x0, 0x25, 0x10, 0x8f, 0xff, 0xff,
    0xff, 0xfd, 0x10, 0x6f, 0xfe, 0x96, 0x20, 0x0,
    0x8f, 0xff, 0xff, 0xff, 0xb0, 0x0, 0x8, 0xff,
    0xff, 0xfd, 0x30, 0x8f, 0xf1, 0x0, 0xef, 0xe0,
    0x0, 0x0, 0x15, 0x9d, 0xff, 0xe1, 0x8f, 0xf1,
    0x0, 0x5f, 0xf8, 0x0, 0x0, 0x0, 0x0, 0x8f,
    0xf3, 0x8f, 0xf1, 0x0, 0xc, 0xff, 0x20, 0xbf,
    0xb0, 0x0, 0x8f, 0xf2, 0x8f, 0xf1, 0x0, 0x3,
    0xff, 0xb0, 0x5f, 0xfe, 0xbd, 0xff, 0x80, 0x8f,
    0xf1, 0x0, 0x0, 0xaf, 0xf4, 0x4, 0xae, 0xfe,
    0xb5, 0x0,

    /* U+20A9 "₩" */
    0x3f, 0xf3, 0x0, 0x0, 0x4f, 0xf8, 0x0, 0x0,
    0xf, 0xf7, 0xf, 0xf7, 0x0, 0x0, 0x8f, 0xfc,
    0x0, 0x0, 0x4f, 0xf2, 0xb, 0xfb, 0x0, 0x0,
    0xcf, 0xff, 0x0, 0x0, 0x8f, 0xe0, 0x6, 0xff,
    0x0, 0x1, 0xff, 0xff, 0x40, 0x0, 0xcf, 0xa0,
    0x3c, 0xff, 0xba, 0xac, 0xff, 0xff, 0xda, 0xaa,
    0xff, 0xd5, 0x4e, 0xff, 0xfe, 0xef, 0xff, 0xef,
    0xfe, 0xee, 0xff, 0xe7, 0x0, 0x9f, 0xd0, 0xe,
    0xf6, 0x2f, 0xf2, 0x9, 0xfc, 0x0, 0x4f, 0xff,
    0xff, 0xff, 0xff, 0xff, 0xff, 0xff, 0xff, 0xf8,
    0x28, 0x8f, 0xfc, 0xcf, 0xd8, 0x8c, 0xfe, 0xaf,
    0xf9, 0x84, 0x0, 0xb, 0xfa, 0xcf, 0x70, 0x4,
    0xff, 0x7f, 0xe0, 0x0, 0x0, 0x7, 0xff, 0xff,
    0x30, 0x0, 0xff, 0xef, 0xa0, 0x0, 0x0, 0x2,
    0xff, 0xfe, 0x0, 0x0, 0xbf, 0xff, 0x60, 0x0,
    0x0, 0x0, 0xef, 0xfa, 0x0, 0x0, 0x6f, 0xff,
    0x10, 0x0, 0x0, 0x0, 0x9f, 0xf5, 0x0, 0x0,
    0x2f, 0xfd, 0x0, 0x0,

    /* U+20AA "₪" */
    0x7f, 0xff, 0xff, 0xff, 0xd7, 0x0, 0x5f, 0xf3,
    0x7f, 0xff, 0xff, 0xff, 0xff, 0x90, 0x5f, 0xf3,
    0x7f, 0xf2, 0x11, 0x12, 0xbf, 0xf0, 0x5f, 0xf3,
    0x7f, 0xf1, 0x26, 0x60, 0x6f, 0xf2, 0x5f, 0xf3,
    0x7f, 0xf1, 0x6f, 0xf1, 0x6f, 0xf2, 0x5f, 0xf3,
    0x7f, 0xf1, 0x6f, 0xf1, 0x6f, 0xf2, 0x5f, 0xf3,
    0x7f, 0xf1, 0x6f, 0xf1, 0x6f, 0xf2, 0x5f, 0xf3,
    0x7f, 0xf1, 0x6f, 0xf1, 0x26, 0x60, 0x5f, 0xf2,
    0x7f, 0xf1, 0x6f, 0xf2, 0x11, 0x11, 0xbf, 0xf0,
    0x7f, 0xf1, 0x6f, 0xff, 0xff, 0xff, 0xff, 0x90,
    0x7f, 0xf1, 0x6f, 0xff, 0xff, 0xff, 0xd8, 0x0,

    /* U+20AB "₫" */
    0x0, 0x0, 0x3, 0x99, 0xff, 0xfc, 0x40, 0x0,
    0x0, 0x5f, 0xff, 0xff, 0xf7, 0x0, 0x0, 0x0,
    0x0, 0x6f, 0xf2, 0x0, 0x0, 0x8e, 0xfd, 0x46,
    0xff, 0x20, 0x0, 0xcf, 0xff, 0xff, 0x9f, 0xf2,
    0x0, 0x7f, 0xfb, 0x32, 0x9f, 0xff, 0x20, 0xd,
    0xfe, 0x0, 0x0, 0xcf, 0xf2, 0x0, 0xff, 0x90,
    0x0, 0x7, 0xff, 0x20, 0x1f, 0xf7, 0x0, 0x0,
    0x6f, 0xf2, 0x0, 0xff, 0x90, 0x0, 0x7, 0xff,
    0x20, 0xd, 0xfe, 0x0, 0x0, 0xcf, 0xf2, 0x0,
    0x8f, 0xfb, 0x32, 0x9f, 0xff, 0x20, 0x0, 0xcf,
    0xff, 0xff, 0x9f, 0xf2, 0x0, 0x0, 0x8e, 0xfd,
    0x45, 0xff, 0x20, 0x0, 0x0, 0x0, 0x0, 0x0,
    0x0, 0x0, 0x0, 0x0, 0x0, 0x0, 0x0, 0x0,
    0x8, 0xff, 0xff, 0xff, 0xff, 0xe0, 0x0, 0x8f,
    0xff, 0xff, 0xff, 0xfe, 0x0,

    /* U+20AC "€" */
    0x0, 0x0, 0x3, 0xae, 0xfe, 0xa3, 0x0, 0x0,
    0x8, 0xff, 0xff, 0xff, 0xf3, 0x0, 0x6, 0xff,
    0xe8, 0x57, 0xcd, 0x0, 0x0, 0xef, 0xd1, 0x0,
    0x0, 0x10, 0x2, 0x6f, 0xf7, 0x22, 0x22, 0x10,
    0x2, 0xff, 0xff, 0xff, 0xff, 0xf5, 0x0, 0x25,
    0xcf, 0xf5, 0x55, 0x55, 0x0, 0x0, 0x8d, 0xff,
    0x88, 0x88, 0x10, 0x0, 0x4f, 0xff, 0xff, 0xff,
    0xd0, 0x0, 0x0, 0x4, 0xff, 0x60, 0x0, 0x0,
    0x0, 0x0, 0xe, 0xfe, 0x10, 0x0, 0x1, 0x0,
    0x0, 0x5f, 0xfe, 0x85, 0x7d, 0xd0, 0x0, 0x0,
    0x7f, 0xff, 0xff, 0xff, 0x30, 0x0, 0x0, 0x3a,
    0xef, 0xeb, 0x40,

    /* U+20AD "₭" */
    0x0, 0x4f, 0xf5, 0x0, 0x0, 0x1d, 0xff, 0x80,
    0x0, 0x4f, 0xf5, 0x0, 0x1, 0xdf, 0xf7, 0x0,
    0x0, 0x4f, 0xf5, 0x0, 0x1d, 0xff, 0x60, 0x0,
    0x0, 0x4f, 0xf5, 0x2, 0xef, 0xf5, 0x0, 0x0,
    0x0, 0x4f, 0xf5, 0x2e, 0xff, 0x40, 0x0, 0x0,
    0x7f, 0xff, 0xff, 0xff, 0xff, 0xff, 0xff, 0x30,
    0x7f, 0xff, 0xff, 0xff, 0xff, 0xff, 0xff, 0x30,
    0x13, 0x6f, 0xff, 0xff, 0xfe, 0x43, 0x33, 0x0,
    0x0, 0x4f, 0xff, 0x86, 0xff, 0xa0, 0x0, 0x0,
    0x0, 0x4f, 0xfa, 0x0, 0xaf, 0xf6, 0x0, 0x0,
    0x0, 0x4f, 0xf5, 0x0, 0xd, 0xff, 0x30, 0x0,
    0x0, 0x4f, 0xf5, 0x0, 0x3, 0xff, 0xd0, 0x0,
    0x0, 0x4f, 0xf5, 0x0, 0x0, 0x6f, 0xfa, 0x0,
    0x0, 0x4f, 0xf5, 0x0, 0x0, 0xa, 0xff, 0x60,

    /* U+20AE "₮" */
    0x3f, 0xff, 0xff, 0xff, 0xff, 0xff, 0x63, 0xff,
    0xff, 0xff, 0xff, 0xff, 0xf6, 0x3, 0x33, 0x3c,
    0xfe, 0x33, 0x33, 0x10, 0x0, 0x0, 0xbf, 0xe0,
    0x0, 0x0, 0x0, 0x0, 0xb, 0xfe, 0x5b, 0x0,
    0x0, 0x0, 0x0, 0xbf, 0xff, 0xb0, 0x0, 0x0,
    0x6, 0xcf, 0xfe, 0x10, 0x0, 0x0, 0x0, 0xd9,
    0xcf, 0xe7, 0xd0, 0x0, 0x0, 0x0, 0xc, 0xff,
    0xe8, 0x0, 0x0, 0x0, 0x8e, 0xff, 0xe0, 0x0,
    0x0, 0x0, 0xb, 0x7c, 0xfe, 0x0, 0x0, 0x0,
    0x0, 0x0, 0xbf, 0xe0, 0x0, 0x0, 0x0, 0x0,
    0xb, 0xfe, 0x0, 0x0, 0x0, 0x0, 0x0, 0xbf,
    0xe0, 0x0, 0x0,

    /* U+20AF "₯" */
    0x0, 0x0, 0x6, 0x85, 0x0, 0x0, 0x0, 0x0,
    0x0, 0x0, 0x0, 0x0, 0x0, 0x0, 0x0, 0x0,
    0xc, 0xfb, 0x0, 0x0, 0x0, 0x0, 0x0, 0x0,
    0x0, 0x0, 0x0, 0x0, 0x0, 0x0, 0xc, 0xfb,
    0x0, 0x0, 0x0, 0x0, 0x0, 0x0, 0x0, 0x0,
    0x0, 0x0, 0x0, 0x4, 0x7e, 0xff, 0xfe, 0xd9,
    0x40, 0x0, 0x0, 0x0, 0x0, 0x0, 0x0, 0x0,
    0x0, 0x8f, 0xff, 0xff, 0xff, 0xff, 0xfb, 0x10,
    0x0, 0x0, 0x0, 0x0, 0x0, 0x0, 0x0, 0x27,
    0x5c, 0xfb, 0x1, 0x39, 0xff, 0xc0, 0x0, 0x0,
    0x0, 0x0, 0x0, 0x0, 0x0, 0x0, 0xc, 0xfb,
    0x0, 0x0, 0x6f, 0xf7, 0x0, 0x0, 0x7d, 0xfe,
    0xb3, 0x0, 0x0, 0x0, 0xc, 0xfb, 0x0, 0x0,
    0xd, 0xfd, 0x0, 0x1d, 0xff, 0xff, 0xff, 0x60,
    0x0, 0x0, 0xc, 0xfb, 0x0, 0x0, 0x8, 0xff,
    0x0, 0xaf, 0xf7, 0x24, 0xdf, 0xf2, 0x0, 0x0,
    0xc, 0xfb, 0x0, 0x0, 0x7, 0xff, 0x21, 0xff,
    0x80, 0x0, 0x2f, 0xf8, 0x0, 0x0, 0xc, 0xfb,
    0x0, 0x0, 0x7, 0xff, 0x24, 0xff, 0x30, 0x0,
    0xd, 0xfc, 0x0, 0x6a, 0xae, 0xfb, 0x0, 0x0,
    0x8, 0xff, 0x15, 0xff, 0x10, 0x0, 0xb, 0xfd,
    0x9, 0xff, 0xff, 0xfb, 0x0, 0x0, 0xc, 0xfe,
    0x6, 0xff, 0x30, 0x0, 0xd, 0xfc, 0xf, 0xf2,
    0x1d, 0xfd, 0x0, 0x0, 0x2f, 0xf9, 0x6, 0xff,
    0x80, 0x0, 0x2f, 0xf9, 0xf, 0xf0, 0xe, 0xff,
    0xd4, 0x14, 0xdf, 0xf2, 0x6, 0xff, 0xf7, 0x24,
    0xdf, 0xf3, 0xc, 0xfe, 0xef, 0xcc, 0xff, 0xff,
    0xff, 0x50, 0x6, 0xff, 0xaf, 0xff, 0xff, 0x90,
    0x1, 0xae, 0xe9, 0x10, 0x8d, 0xfe, 0xa3, 0x0,
    0x6, 0xff, 0x27, 0xef, 0xd6, 0x0, 0x0, 0x0,
    0x0, 0x0, 0x0, 0x0, 0x0, 0x0, 0x6, 0xff,
    0x20, 0x0, 0x0, 0x0, 0x0, 0x0, 0x0, 0x0,
    0x0, 0x0, 0x0, 0x0, 0x6, 0xff, 0x20, 0x0,
    0x0, 0x0, 0x0, 0x0, 0x0, 0x0, 0x0, 0x0,
    0x0, 0x0, 0x6, 0xff, 0x20, 0x0, 0x0, 0x0,
    0x0, 0x0, 0x0, 0x0, 0x0, 0x0, 0x0, 0x0,
    0x6, 0xff, 0x20, 0x0, 0x0, 0x0,

    /* U+20B1 "₱" */
    0x0, 0xdf, 0xff, 0xff, 0xd9, 0x20, 0x0, 0x0,
    0xdf, 0xff, 0xff, 0xff, 0xe2, 0x0, 0x0, 0xdf,
    0xd2, 0x23, 0x7f, 0xfb, 0x0, 0x3f, 0xff, 0xff,
    0xff, 0xff, 0xff, 0xf7, 0x16, 0xef, 0xe6, 0x66,
    0x6b, 0xff, 0x73, 0x1, 0xdf, 0xd1, 0x11, 0x18,
    0xff, 0x30, 0x3f, 0xff, 0xff, 0xff, 0xff, 0xff,
    0xf7, 0x4, 0xef, 0xd4, 0x45, 0x8f, 0xfd, 0x42,
    0x0, 0xdf, 0xff, 0xff, 0xff, 0xf4, 0x0, 0x0,
    0xdf, 0xff, 0xff, 0xfb, 0x30, 0x0, 0x0, 0xdf,
    0xd1, 0x10, 0x0, 0x0, 0x0, 0x0, 0xdf, 0xc0,
    0x0, 0x0, 0x0, 0x0, 0x0, 0xdf, 0xc0, 0x0,
    0x0, 0x0, 0x0, 0x0, 0xdf, 0xc0, 0x0, 0x0,
    0x0, 0x0,

    /* U+20B2 "₲" */
    0x0, 0x0, 0x0, 0x62, 0x0, 0x0, 0x0, 0x0,
    0x0, 0xd, 0x50, 0x0, 0x0, 0x0, 0x0, 0x69,
    0xfc, 0x72, 0x0, 0x0, 0x4, 0xef, 0xff, 0xff,
    0xf9, 0x0, 0x4, 0xff, 0xfa, 0xeb, 0xdf, 0xfb,
    0x1, 0xef, 0xe2, 0xd, 0x50, 0xaf, 0xf5, 0x6f,
    0xf5, 0x0, 0xd5, 0x1, 0xcd, 0x8b, 0xfe, 0x0,
    0xd, 0x50, 0x0, 0x0, 0xef, 0xb0, 0x0, 0xd5,
    0x0, 0x0, 0xf, 0xfa, 0x0, 0xd, 0xff, 0xff,
    0xfe, 0xef, 0xb0, 0x0, 0xdf, 0xff, 0xff, 0xed,
    0xfe, 0x0, 0xd, 0x50, 0xb, 0xfd, 0x8f, 0xf5,
    0x0, 0xd5, 0x0, 0xef, 0xb2, 0xff, 0xe2, 0xd,
    0x50, 0x9f, 0xf6, 0x8, 0xff, 0xf9, 0xea, 0xcf,
    0xfd, 0x0, 0x9, 0xff, 0xff, 0xff, 0xfd, 0x20,
    0x0, 0x4, 0xbe, 0xff, 0xd7, 0x10, 0x0, 0x0,
    0x0, 0xd, 0x50, 0x0, 0x0, 0x0, 0x0, 0x0,
    0xd5, 0x0, 0x0, 0x0,

    /* U+20B3 "₳" */
    0x0, 0x0, 0xa, 0xff, 0xf1, 0x0, 0x0, 0x0,
    0x0, 0x0, 0xff, 0xff, 0x70, 0x0, 0x0, 0x0,
    0x0, 0x6f, 0xfa, 0xfd, 0x0, 0x0, 0x0, 0x0,
    0xc, 0xfb, 0x5f, 0xf3, 0x0, 0x0, 0x0, 0x2,
    0xff, 0x70, 0xff, 0x90, 0x0, 0x0, 0x11, 0x8f,
    0xf3, 0x1b, 0xff, 0x21, 0x10, 0x4f, 0xff, 0xff,
    0xff, 0xff, 0xff, 0xfc, 0x1, 0x48, 0xff, 0x94,
    0x44, 0xff, 0xd4, 0x30, 0x1, 0xaf, 0xf4, 0x11,
    0x1b, 0xff, 0x31, 0x4, 0xff, 0xff, 0xff, 0xff,
    0xff, 0xff, 0xc0, 0x18, 0xff, 0x94, 0x44, 0x44,
    0xff, 0xe3, 0x0, 0xaf, 0xf2, 0x0, 0x0, 0xa,
    0xff, 0x30, 0xf, 0xfd, 0x0, 0x0, 0x0, 0x4f,
    0xf8, 0x5, 0xff, 0x80, 0x0, 0x0, 0x0, 0xef,
    0xe0,

    /* U+20B4 "₴" */
    0x0, 0x18, 0xdf, 0xfd, 0x93, 0x0, 0x0, 0xdf,
    0xff, 0xff, 0xff, 0x30, 0x6, 0xff, 0xa3, 0x27,
    0xff, 0x90, 0x1, 0x33, 0x0, 0x3, 0xff, 0x50,
    0x7f, 0xff, 0xff, 0xff, 0xff, 0xf9, 0x6d, 0xdd,
    0xdd, 0xdd, 0xdd, 0xd7, 0x0, 0x0, 0x0, 0x0,
    0x0, 0x0, 0x7f, 0xff, 0xff, 0xff, 0xff, 0xf9,
    0x6d, 0xff, 0xed, 0xdd, 0xdd, 0xd7, 0x7, 0xff,
    0x30, 0x0, 0x0, 0x0, 0xa, 0xff, 0x0, 0x0,
    0xbd, 0xc0, 0x8, 0xff, 0x93, 0x38, 0xff, 0xb0,
    0x1, 0xef, 0xff, 0xff, 0xff, 0x30, 0x0, 0x19,
    0xdf, 0xfe, 0xa2, 0x0,

    /* U+20B5 "₵" */
    0x0, 0x0, 0x0, 0x61, 0x0, 0x0, 0x0, 0x0,
    0x0, 0xe, 0x40, 0x0, 0x0, 0x0, 0x0, 0x48,
    0xfa, 0x61, 0x0, 0x0, 0x3, 0xdf, 0xff, 0xff,
    0xf7, 0x0, 0x3, 0xff, 0xfd, 0xfd, 0xff, 0xf8,
    0x0, 0xdf, 0xf5, 0xe, 0x42, 0xdf, 0xf3, 0x6f,
    0xf7, 0x0, 0xe4, 0x2, 0xff, 0x9b, 0xff, 0x0,
    0xe, 0x40, 0x4, 0x54, 0xef, 0xc0, 0x0, 0xe4,
    0x0, 0x0, 0xf, 0xfa, 0x0, 0xe, 0x40, 0x0,
    0x0, 0xef, 0xb0, 0x0, 0xe4, 0x0, 0x0, 0xd,
    0xfd, 0x0, 0xe, 0x40, 0x0, 0x0, 0x9f, 0xf3,
    0x0, 0xe4, 0x0, 0xcd, 0x93, 0xff, 0xb0, 0xe,
    0x40, 0x7f, 0xf6, 0xa, 0xff, 0xc5, 0xe7, 0x9f,
    0xfd, 0x0, 0xb, 0xff, 0xff, 0xff, 0xfe, 0x20,
    0x0, 0x6, 0xdf, 0xff, 0xe9, 0x10, 0x0, 0x0,
    0x0, 0xe, 0x50, 0x0, 0x0, 0x0, 0x0, 0x0,
    0xe4, 0x0, 0x0, 0x0,

    /* U+20B8 "₸" */
    0x2f, 0xff, 0xff, 0xff, 0xff, 0xff, 0x62, 0xff,
    0xff, 0xff, 0xff, 0xff, 0xf6, 0x2, 0x22, 0x22,
    0x22, 0x22, 0x22, 0x12, 0xff, 0xff, 0xff, 0xff,
    0xff, 0xf6, 0x2f, 0xff, 0xff, 0xff, 0xff, 0xff,
    0x60, 0x22, 0x22, 0xbf, 0xe2, 0x22, 0x21, 0x0,
    0x0, 0xb, 0xfe, 0x0, 0x0, 0x0, 0x0, 0x0,
    0xbf, 0xe0, 0x0, 0x0, 0x0, 0x0, 0xb, 0xfe,
    0x0, 0x0, 0x0, 0x0, 0x0, 0xbf, 0xe0, 0x0,
    0x0, 0x0, 0x0, 0xb, 0xfe, 0x0, 0x0, 0x0,
    0x0, 0x0, 0xbf, 0xe0, 0x0, 0x0, 0x0, 0x0,
    0xb, 0xfe, 0x0, 0x0, 0x0, 0x0, 0x0, 0xbf,
    0xe0, 0x0, 0x0,

    /* U+20B9 "₹" */
    0x7, 0x88, 0x88, 0x88, 0x88, 0x40, 0xff, 0xff,
    0xff, 0xff, 0xf4, 0x2a, 0xaa, 0xdf, 0xff, 0x65,
    0x0, 0x0, 0x0, 0x8f, 0xf6, 0x0, 0xf, 0xff,
    0xff, 0xff, 0xff, 0x73, 0xee, 0xee, 0xef, 0xff,
    0xe2, 0x0, 0x0, 0x7, 0xff, 0x50, 0x1, 0x99,
    0x9c, 0xff, 0xd0, 0x0, 0x2f, 0xff, 0xff, 0xa1,
    0x0, 0x0, 0xbf, 0xfa, 0x10, 0x0, 0x0, 0x0,
    0xdf, 0xf3, 0x0, 0x0, 0x0, 0x2, 0xef, 0xe1,
    0x0, 0x0, 0x0, 0x3, 0xff, 0xd0, 0x0, 0x0,
    0x0, 0x6, 0xff, 0xa0, 0x0, 0x0, 0x0, 0x8,
    0xff, 0x70, 0x0,

    /* U+20BA "₺" */
    0x3, 0xff, 0x60, 0x0, 0x0, 0x0, 0x3f, 0xf8,
    0x7b, 0x0, 0x0, 0x4, 0xff, 0xff, 0xe0, 0x0,
    0xb, 0xff, 0xfd, 0x61, 0x0, 0x0, 0xfd, 0xff,
    0x75, 0x90, 0x0, 0x1, 0x3f, 0xff, 0xfe, 0x0,
    0x0, 0xaf, 0xff, 0xd7, 0x20, 0x0, 0xf, 0xef,
    0xf6, 0x0, 0x18, 0x83, 0x23, 0xff, 0x60, 0x4,
    0xff, 0x50, 0x3f, 0xf6, 0x0, 0x7f, 0xf3, 0x3,
    0xff, 0x60, 0x1e, 0xfd, 0x0, 0x3f, 0xf8, 0x5d,
    0xff, 0x50, 0x3, 0xff, 0xff, 0xff, 0x80, 0x0,
    0x2e, 0xff, 0xea, 0x30, 0x0,

    /* U+20BC "₼" */
    0x0, 0x0, 0xc, 0xfc, 0x0, 0x0, 0x0, 0x0,
    0x0, 0xcf, 0xc0, 0x0, 0x0, 0x0, 0x0, 0x5e,
    0xfe, 0x50, 0x0, 0x0, 0x3, 0xdf, 0xff, 0xff,
    0xd3, 0x0, 0x2, 0xff, 0xff, 0xff, 0xff, 0xf3,
    0x0, 0xcf, 0xf2, 0xcf, 0xc2, 0xff, 0xc0, 0x3f,
    0xf6, 0xc, 0xfc, 0x6, 0xff, 0x37, 0xff, 0x10,
    0xcf, 0xc0, 0x1f, 0xf7, 0x9f, 0xe0, 0xc, 0xfc,
    0x0, 0xef, 0x9a, 0xfd, 0x0, 0xcf, 0xc0, 0xd,
    0xfa, 0xaf, 0xd0, 0xc, 0xfc, 0x0, 0xdf, 0xa0,

    /* U+20BD "₽" */
    0x0, 0xf, 0xff, 0xff, 0xfe, 0xb5, 0x0, 0x0,
    0xf, 0xff, 0xff, 0xff, 0xff, 0x90, 0x0, 0xf,
    0xfa, 0x22, 0x24, 0xcf, 0xf4, 0x0, 0xf, 0xf9,
    0x0, 0x0, 0x1f, 0xf9, 0x0, 0xf, 0xf9, 0x0,
    0x0, 0xf, 0xfa, 0x0, 0xf, 0xf9, 0x0, 0x2,
    0xaf, 0xf6, 0x2f, 0xff, 0xff, 0xff, 0xff, 0xff,
    0xc0, 0x2f, 0xff, 0xff, 0xff, 0xff, 0xd7, 0x0,
    0x2, 0x2f, 0xfa, 0x22, 0x20, 0x0, 0x0, 0x2,
    0x2f, 0xfa, 0x22, 0x10, 0x0, 0x0, 0x2f, 0xff,
    0xff, 0xff, 0xc0, 0x0, 0x0, 0x2f, 0xff, 0xff,
    0xff, 0xc0, 0x0, 0x0, 0x0, 0xf, 0xf9, 0x0,
    0x0, 0x0, 0x0, 0x0, 0xf, 0xf9, 0x0, 0x0,
    0x0, 0x0,

    /* U+20BE "₾" */
    0x0, 0x0, 0xbe, 0xe, 0xb0, 0x0, 0x0, 0x0,
    0x4e, 0xff, 0xfe, 0x40, 0x0, 0x0, 0x9f, 0xff,
    0xff, 0xff, 0x80, 0x0, 0x8f, 0xff, 0xe2, 0xef,
    0xff, 0x50, 0x1f, 0xfb, 0xbe, 0xe, 0xbb, 0xfe,
    0x6, 0xff, 0x3b, 0xe0, 0xeb, 0x4f, 0xf4, 0x8f,
    0xf0, 0xbe, 0xe, 0xb0, 0xff, 0x78, 0xff, 0x9,
    0xc0, 0xca, 0xc, 0xd7, 0x7f, 0xf1, 0x0, 0x0,
    0x0, 0x0, 0x2, 0xff, 0x50, 0x0, 0x0, 0x0,
    0x0, 0xb, 0xfd, 0x0, 0x0, 0x0, 0x0, 0x0,
    0x3f, 0xfc, 0x42, 0x11, 0x11, 0x10, 0x8f, 0xff,
    0xff, 0xff, 0xff, 0xff, 0x78, 0xff, 0xff, 0xff,
    0xff, 0xff, 0xf7,

    /* U+20BF "₿" */
    0x0, 0x7, 0x11, 0x70, 0x0, 0x0, 0x0, 0xf,
    0x33, 0xf0, 0x0, 0x0, 0x0, 0xf, 0x33, 0xf0,
    0x0, 0x0, 0x8f, 0xff, 0xff, 0xfd, 0x80, 0x0,
    0x8f, 0xff, 0xff, 0xff, 0xfd, 0x0, 0x8f, 0xf3,
    0x22, 0x4b, 0xff, 0x70, 0x8f, 0xf1, 0x0, 0x0,
    0xff, 0xa0, 0x8f, 0xf1, 0x0, 0x0, 0xff, 0x90,
    0x8f, 0xf1, 0x0, 0x2a, 0xfe, 0x20, 0x8f, 0xff,
    0xff, 0xff, 0xb1, 0x0, 0x8f, 0xfe, 0xee, 0xff,
    0xfc, 0x20, 0x8f, 0xf1, 0x0, 0x3, 0xef, 0xd0,
    0x8f, 0xf1, 0x0, 0x0, 0x7f, 0xf3, 0x8f, 0xf1,
    0x0, 0x0, 0x7f, 0xf4, 0x8f, 0xf3, 0x22, 0x37,
    0xff, 0xf1, 0x8f, 0xff, 0xff, 0xff, 0xff, 0x70,
    0x8f, 0xff, 0xff, 0xfe, 0xb4, 0x0, 0x0, 0xf,
    0x33, 0xf0, 0x0, 0x0, 0x0, 0xf, 0x33, 0xf0,
    0x0, 0x0,

    /* U+20C0 "⃀" */
    0x0, 0x6, 0xbc, 0xa4, 0x0, 0xc, 0xff, 0xff,
    0xf3, 0x9, 0xfd, 0x20, 0x56, 0x0, 0xff, 0x10,
    0x0, 0x0, 0x1f, 0xe0, 0x0, 0x0, 0x0, 0xff,
    0x10, 0x0, 0x0, 0x9, 0xfd, 0x20, 0x56, 0x0,
    0xc, 0xff, 0xff, 0xf3, 0x0, 0x6, 0xbc, 0xa4,
    0x0, 0x0, 0x0, 0x0, 0x0, 0xc, 0xcc, 0xcc,
    0xcc, 0xc1, 0xff, 0xff, 0xff, 0xff,

    /* U+2100 "℀" */
    0x1, 0x8c, 0xd9, 0x10, 0x0, 0x0, 0x0, 0x48,
    0x20, 0x0, 0xb, 0xfa, 0xaf, 0xe0, 0x0, 0x0,
    0x2, 0xfc, 0x0, 0x0, 0x0, 0x34, 0x6f, 0xf2,
    0x0, 0x0, 0xc, 0xf2, 0x0, 0x0, 0xb, 0xfe,
    0xbf, 0xf2, 0x0, 0x0, 0x8f, 0x50, 0x0, 0x0,
    0x2f, 0xd0, 0x1f, 0xf2, 0x0, 0x4, 0xfa, 0x0,
    0x0, 0x0, 0xe, 0xfe, 0xee, 0xf2, 0x0, 0x1e,
    0xe0, 0x0, 0x0, 0x0, 0x1, 0x55, 0x14, 0x50,
    0x0, 0xaf, 0x30, 0x0, 0x0, 0x0, 0x0, 0x0,
    0x0, 0x0, 0x6, 0xf8, 0x0, 0x0, 0x0, 0x0,
    0x0, 0x0, 0x0, 0x0, 0x2f, 0xc0, 0x0, 0x0,
    0x10, 0x0, 0x0, 0x0, 0x0, 0x0, 0xcf, 0x20,
    0x2, 0xbf, 0xfe, 0x60, 0x0, 0x0, 0x0, 0x8,
    0xf6, 0x0, 0xd, 0xfa, 0x7e, 0xf4, 0x0, 0x0,
    0x0, 0x3f, 0xa0, 0x0, 0x3f, 0xd0, 0x2, 0x30,
    0x0, 0x0, 0x0, 0xde, 0x10, 0x0, 0x4f, 0xd0,
    0x2, 0x40, 0x0, 0x0, 0xa, 0xf4, 0x0, 0x0,
    0xe, 0xfa, 0x7e, 0xf4, 0x0, 0x0, 0x4e, 0x80,
    0x0, 0x0, 0x2, 0xcf, 0xff, 0x70, 0x0, 0x0,
    0x0, 0x0, 0x0, 0x0, 0x0, 0x0, 0x10, 0x0,

    /* U+2101 "℁" */
    0x1, 0x8c, 0xd9, 0x10, 0x0, 0x0, 0x0, 0x58,
    0x10, 0x0, 0xb, 0xfa, 0xaf, 0xe0, 0x0, 0x0,
    0x3, 0xf9, 0x0, 0x0, 0x0, 0x34, 0x6f, 0xf2,
    0x0, 0x0, 0xd, 0xd0, 0x0, 0x0, 0xb, 0xfe,
    0xbf, 0xf2, 0x0, 0x0, 0x9f, 0x30, 0x0, 0x0,
    0x2f, 0xd0, 0x1f, 0xf2, 0x0, 0x4, 0xf8, 0x0,
    0x0, 0x0, 0xe, 0xfe, 0xee, 0xf2, 0x0, 0x1e,
    0xc0, 0x0, 0x0, 0x0, 0x1, 0x55, 0x14, 0x50,
    0x0, 0xbf, 0x20, 0x0, 0x0, 0x0, 0x0, 0x0,
    0x0, 0x0, 0x6, 0xf6, 0x0, 0x0, 0x0, 0x0,
    0x0, 0x0, 0x0, 0x0, 0x2f, 0xb0, 0x0, 0x1,
    0x10, 0x0, 0x0, 0x0, 0x0, 0x0, 0xce, 0x10,
    0x7, 0xef, 0xfd, 0x40, 0x0, 0x0, 0x0, 0x8,
    0xf5, 0x0, 0x2f, 0xe4, 0x59, 0x20, 0x0, 0x0,
    0x0, 0x3f, 0x90, 0x0, 0x1f, 0xfc, 0x96, 0x0,
    0x0, 0x0, 0x0, 0xed, 0x0, 0x0, 0x2, 0x8b,
    0xef, 0xd0, 0x0, 0x0, 0xa, 0xf3, 0x0, 0x0,
    0x19, 0x83, 0x5f, 0xe0, 0x0, 0x0, 0x4e, 0x80,
    0x0, 0x0, 0xa, 0xff, 0xfd, 0x40, 0x0, 0x0,
    0x0, 0x0, 0x0, 0x0, 0x0, 0x12, 0x10, 0x0,

    /* U+2103 "℃" */
    0x2, 0xad, 0xb3, 0x0, 0x0, 0x0, 0x39, 0xde,
    0xda, 0x40, 0x0, 0x2e, 0xff, 0xff, 0x40, 0x0,
    0x8, 0xff, 0xff, 0xff, 0xf9, 0x0, 0x9f, 0x70,
    0x5f, 0xc0, 0x0, 0x8f, 0xfe, 0x86, 0x8e, 0xff,
    0x80, 0xcf, 0x0, 0xd, 0xf0, 0x3, 0xff, 0xd1,
    0x0, 0x0, 0xcf, 0xf2, 0xbf, 0x40, 0x1f, 0xd0,
    0x9, 0xff, 0x20, 0x0, 0x0, 0x3f, 0xf7, 0x4f,
    0xfb, 0xef, 0x60, 0xe, 0xfc, 0x0, 0x0, 0x0,
    0x3, 0x42, 0x5, 0xef, 0xf7, 0x0, 0xf, 0xf9,
    0x0, 0x0, 0x0, 0x0, 0x0, 0x0, 0x1, 0x0,
    0x0, 0x1f, 0xf7, 0x0, 0x0, 0x0, 0x0, 0x0,
    0x0, 0x0, 0x0, 0x0, 0xf, 0xf8, 0x0, 0x0,
    0x0, 0x0, 0x0, 0x0, 0x0, 0x0, 0x0, 0xf,
    0xfb, 0x0, 0x0, 0x0, 0x0, 0x0, 0x0, 0x0,
    0x0, 0x0, 0xb, 0xff, 0x0, 0x0, 0x0, 0x1d,
    0xd7, 0x0, 0x0, 0x0, 0x0, 0x5, 0xff, 0xa0,
    0x0, 0x0, 0x9f, 0xf4, 0x0, 0x0, 0x0, 0x0,
    0x0, 0xbf, 0xfb, 0x42, 0x4b, 0xff, 0xb0, 0x0,
    0x0, 0x0, 0x0, 0x0, 0x1c, 0xff, 0xff, 0xff,
    0xfd, 0x10, 0x0, 0x0, 0x0, 0x0, 0x0, 0x0,
    0x7d, 0xff, 0xfe, 0x80, 0x0, 0x0, 0x0, 0x0,
    0x0, 0x0, 0x0, 0x0, 0x12, 0x10, 0x0, 0x0,

    /* U+2105 "℅" */
    0x0, 0x6b, 0xdb, 0x40, 0x0, 0x0, 0x2, 0x74,
    0x0, 0x0, 0x9, 0xfe, 0xbf, 0xf4, 0x0, 0x0,
    0xd, 0xf1, 0x0, 0x0, 0xf, 0xf2, 0x4, 0x83,
    0x0, 0x0, 0x8f, 0x50, 0x0, 0x0, 0x1f, 0xf0,
    0x0, 0x0, 0x0, 0x3, 0xfa, 0x0, 0x0, 0x0,
    0xe, 0xf7, 0x19, 0xf6, 0x0, 0xd, 0xe1, 0x0,
    0x0, 0x0, 0x4, 0xef, 0xff, 0xd1, 0x0, 0x9f,
    0x40, 0x0, 0x0, 0x0, 0x0, 0x15, 0x65, 0x0,
    0x4, 0xf9, 0x0, 0x0, 0x0, 0x0, 0x0, 0x0,
    0x0, 0x0, 0x1e, 0xd0, 0x0, 0x0, 0x0, 0x0,
    0x0, 0x0, 0x0, 0x0, 0xaf, 0x30, 0x0, 0x1,
    0x0, 0x0, 0x0, 0x0, 0x0, 0x5, 0xf8, 0x0,
    0x8, 0xff, 0xfb, 0x10, 0x0, 0x0, 0x0, 0x1f,
    0xd0, 0x0, 0x8f, 0xd6, 0xaf, 0xc0, 0x0, 0x0,
    0x0, 0xbf, 0x20, 0x0, 0xdf, 0x40, 0xf, 0xf1,
    0x0, 0x0, 0x7, 0xf7, 0x0, 0x0, 0xdf, 0x40,
    0xf, 0xf1, 0x0, 0x0, 0x2f, 0xc0, 0x0, 0x0,
    0x7f, 0xd7, 0xbf, 0xc0, 0x0, 0x0, 0xcf, 0x20,
    0x0, 0x0, 0x8, 0xef, 0xfa, 0x10, 0x0, 0x0,
    0x0, 0x0, 0x0, 0x0, 0x0, 0x1, 0x0, 0x0,

    /* U+2106 "℆" */
    0x0, 0x6b, 0xdb, 0x40, 0x0, 0x0, 0x3, 0x84,
    0x0, 0x0, 0x9, 0xfe, 0xbf, 0xf4, 0x0, 0x0,
    0xd, 0xe1, 0x0, 0x0, 0xf, 0xf2, 0x4, 0x83,
    0x0, 0x0, 0x9f, 0x50, 0x0, 0x0, 0x1f, 0xf0,
    0x0, 0x0, 0x0, 0x4, 0xfa, 0x0, 0x0, 0x0,
    0xe, 0xf7, 0x19, 0xf6, 0x0, 0x1e, 0xe1, 0x0,
    0x0, 0x0, 0x4, 0xef, 0xff, 0xd1, 0x0, 0xaf,
    0x40, 0x0, 0x0, 0x0, 0x0, 0x15, 0x65, 0x0,
    0x5, 0xf9, 0x0, 0x0, 0x0, 0x0, 0x0, 0x0,
    0x0, 0x0, 0x1e, 0xd0, 0x0, 0x0, 0x0, 0x0,
    0x0, 0x0, 0x0, 0x0, 0xbf, 0x30, 0x2, 0x20,
    0x0, 0x22, 0x0, 0x0, 0x0, 0x6, 0xf8, 0x0,
    0xf, 0xf2, 0x2, 0xfe, 0x0, 0x0, 0x0, 0x2f,
    0xc0, 0x0, 0xf, 0xf2, 0x2, 0xfe, 0x0, 0x0,
    0x0, 0xcf, 0x20, 0x0, 0xf, 0xf2, 0x2, 0xfe,
    0x0, 0x0, 0x7, 0xf7, 0x0, 0x0, 0xe, 0xf3,
    0x3, 0xfe, 0x0, 0x0, 0x2f, 0xc0, 0x0, 0x0,
    0xc, 0xfd, 0xac, 0xfe, 0x0, 0x0, 0xcf, 0x20,
    0x0, 0x0, 0x2, 0xcf, 0xe4, 0xfe, 0x0, 0x0,
    0x0, 0x0, 0x0, 0x0, 0x0, 0x0, 0x0, 0x0,

    /* U+2109 "℉" */
    0x0, 0x36, 0x40, 0x0, 0x2, 0x55, 0x55, 0x55,
    0x55, 0x40, 0xbf, 0xff, 0xc1, 0x0, 0x8f, 0xff,
    0xff, 0xff, 0xfc, 0x7f, 0xc6, 0xbf, 0xa0, 0x8,
    0xff, 0xdd, 0xdd, 0xdd, 0xac, 0xf1, 0x0, 0xee,
    0x0, 0x8f, 0xf1, 0x0, 0x0, 0x0, 0xbf, 0x20,
    0xe, 0xe0, 0x8, 0xff, 0x10, 0x0, 0x0, 0x5,
    0xfe, 0x9d, 0xf8, 0x0, 0x8f, 0xf1, 0x0, 0x0,
    0x0, 0x7, 0xff, 0xf9, 0x0, 0x8, 0xff, 0x10,
    0x0, 0x0, 0x0, 0x0, 0x20, 0x0, 0x0, 0x8f,
    0xff, 0xff, 0xff, 0xf1, 0x0, 0x0, 0x0, 0x0,
    0x8, 0xff, 0xff, 0xff, 0xff, 0x20, 0x0, 0x0,
    0x0, 0x0, 0x8f, 0xf3, 0x22, 0x22, 0x20, 0x0,
    0x0, 0x0, 0x0, 0x8, 0xff, 0x10, 0x0, 0x0,
    0x0, 0x0, 0x0, 0x0, 0x0, 0x8f, 0xf1, 0x0,
    0x0, 0x0, 0x0, 0x0, 0x0, 0x0, 0x8, 0xff,
    0x10, 0x0, 0x0, 0x0, 0x0, 0x0, 0x0, 0x0,
    0x8f, 0xf1, 0x0, 0x0, 0x0, 0x0, 0x0, 0x0,
    0x0, 0x8, 0xff, 0x10, 0x0, 0x0, 0x0, 0x0,
    0x0, 0x0, 0x0, 0x13, 0x30, 0x0, 0x0, 0x0,

    /* U+2113 "ℓ" */
    0x0, 0x3, 0xbd, 0xb3, 0x0, 0x2, 0xff, 0xff,
    0xf3, 0x0, 0x9f, 0xe6, 0xdf, 0xa0, 0xc, 0xfa,
    0x8, 0xfd, 0x0, 0xef, 0x90, 0x9f, 0xd0, 0xe,
    0xf9, 0xc, 0xfa, 0x0, 0xef, 0x93, 0xff, 0x50,
    0xe, 0xfb, 0xef, 0xb0, 0x1, 0xef, 0xff, 0xc0,
    0xc, 0xff, 0xfe, 0x60, 0x0, 0x78, 0xff, 0x90,
    0x0, 0x0, 0xe, 0xfa, 0x0, 0x0, 0x0, 0xbf,
    0xe3, 0x0, 0x0, 0x4, 0xff, 0xff, 0x80, 0x0,
    0x4, 0xbe, 0xf8, 0x0,

    /* U+2116 "№" */
    0x38, 0x80, 0x0, 0x0, 0x8, 0x82, 0x0, 0x49,
    0xb8, 0x10, 0x6f, 0xf6, 0x0, 0x0, 0xf, 0xf4,
    0x6, 0xff, 0xff, 0xe0, 0x6f, 0xfe, 0x10, 0x0,
    0xf, 0xf4, 0xf, 0xf3, 0x9, 0xf7, 0x6f, 0xff,
    0x90, 0x0, 0xf, 0xf4, 0x2f, 0xc0, 0x4, 0xfa,
    0x6f, 0xff, 0xf3, 0x0, 0xf, 0xf4, 0x2f, 0xc0,
    0x3, 0xfb, 0x6f, 0xd7, 0xfc, 0x0, 0xf, 0xf4,
    0xf, 0xf1, 0x7, 0xf8, 0x6f, 0xd0, 0xef, 0x50,
    0xf, 0xf4, 0x8, 0xfe, 0xcf, 0xf1, 0x6f, 0xd0,
    0x5f, 0xe0, 0xf, 0xf4, 0x0, 0x6c, 0xda, 0x20,
    0x6f, 0xd0, 0xb, 0xf8, 0xf, 0xf4, 0x0, 0x0,
    0x0, 0x0, 0x6f, 0xd0, 0x2, 0xff, 0x2f, 0xf4,
    0xb, 0xee, 0xee, 0xe6, 0x6f, 0xd0, 0x0, 0x9f,
    0xbf, 0xf4, 0x9, 0xbb, 0xbb, 0xb4, 0x6f, 0xd0,
    0x0, 0xe, 0xff, 0xf4, 0x0, 0x0, 0x0, 0x0,
    0x6f, 0xd0, 0x0, 0x6, 0xff, 0xf4, 0x0, 0x0,
    0x0, 0x0, 0x6f, 0xd0, 0x0, 0x0, 0xcf, 0xf4,
    0x0, 0x0, 0x0, 0x0, 0x6f, 0xd0, 0x0, 0x0,
    0x3f, 0xf4, 0x0, 0x0, 0x0, 0x0,

    /* U+2117 "℗" */
    0x0, 0x0, 0x5, 0xac, 0xdb, 0x71, 0x0, 0x0,
    0x0, 0x3, 0xdf, 0xff, 0xff, 0xff, 0x70, 0x0,
    0x0, 0x4f, 0xfe, 0x85, 0x46, 0xcf, 0xfa, 0x0,
    0x1, 0xef, 0xb1, 0x0, 0x0, 0x6, 0xff, 0x70,
    0x9, 0xfc, 0xa, 0xff, 0xfd, 0x70, 0x6f, 0xf1,
    0xf, 0xf4, 0xa, 0xf8, 0x8d, 0xf5, 0xd, 0xf6,
    0x3f, 0xe0, 0xa, 0xf2, 0x4, 0xf9, 0x8, 0xfa,
    0x5f, 0xc0, 0xa, 0xf4, 0x2a, 0xf7, 0x5, 0xfb,
    0x4f, 0xd0, 0xa, 0xff, 0xff, 0xb0, 0x6, 0xfa,
    0x1f, 0xf1, 0xa, 0xf5, 0x31, 0x0, 0xb, 0xf8,
    0xc, 0xf9, 0xa, 0xf2, 0x0, 0x0, 0x2f, 0xf3,
    0x4, 0xff, 0x62, 0x40, 0x0, 0x1, 0xdf, 0xa0,
    0x0, 0x8f, 0xf9, 0x20, 0x1, 0x6e, 0xfe, 0x10,
    0x0, 0x8, 0xff, 0xff, 0xef, 0xff, 0xd2, 0x0,
    0x0, 0x0, 0x3b, 0xff, 0xff, 0xd7, 0x0, 0x0,
    0x0, 0x0, 0x0, 0x2, 0x31, 0x0, 0x0, 0x0,

    /* U+211E "℞" */
    0x25, 0x55, 0x55, 0x42, 0x0, 0x0, 0x8, 0xff,
    0xff, 0xff, 0xfd, 0x30, 0x0, 0x8f, 0xfd, 0xdd,
    0xff, 0xff, 0x30, 0x8, 0xff, 0x10, 0x0, 0x5f,
    0xfb, 0x0, 0x8f, 0xf1, 0x0, 0x0, 0xbf, 0xe0,
    0x8, 0xff, 0x10, 0x0, 0xa, 0xfe, 0x0, 0x8f,
    0xf1, 0x0, 0x2, 0xff, 0xb0, 0x8, 0xff, 0xaa,
    0xab, 0xff, 0xf4, 0x0, 0x8f, 0xff, 0xff, 0xff,
    0xe5, 0x48, 0x38, 0xff, 0x88, 0x8a, 0xfd, 0x3f,
    0xe0, 0x8f, 0xf1, 0x0, 0xc, 0xff, 0xf3, 0x8,
    0xff, 0x10, 0x0, 0x2f, 0xf9, 0x0, 0x8f, 0xf1,
    0x0, 0x4, 0xff, 0xf2, 0x8, 0xff, 0x10, 0x1,
    0xef, 0xbf, 0xc0, 0x8f, 0xf1, 0x0, 0xcf, 0x50,
    0xdf, 0x80,

    /* U+211F "℟" */
    0x0, 0x0, 0x42, 0x0, 0x0, 0x0, 0x0, 0x0,
    0xaf, 0xd9, 0x20, 0x0, 0x0, 0x0, 0x0, 0x4f,
    0x30, 0x0, 0x25, 0x55, 0x55, 0x5f, 0x0, 0x0,
    0x8f, 0xff, 0xff, 0xff, 0xc3, 0x0, 0x8f, 0xfd,
    0xdd, 0xff, 0xff, 0x20, 0x8f, 0xf1, 0x0, 0xda,
    0xff, 0xa0, 0x8f, 0xf1, 0x1, 0xf0, 0xcf, 0xe0,
    0x8f, 0xf1, 0x5, 0xc0, 0xaf, 0xf0, 0x8f, 0xf1,
    0x9, 0x80, 0xef, 0xd0, 0x8f, 0xf5, 0x4d, 0xac,
    0xff, 0x80, 0x8f, 0xff, 0xff, 0xff, 0xfb, 0x0,
    0x8f, 0xfe, 0xef, 0xff, 0xa0, 0x0, 0x8f, 0xf1,
    0x99, 0xdf, 0xe0, 0x0, 0x8f, 0xf1, 0xd5, 0x5f,
    0xf8, 0x0, 0x8f, 0xf2, 0xf1, 0xc, 0xff, 0x10,
    0x8f, 0xf6, 0xd0, 0x4, 0xff, 0x90, 0x8f, 0xfa,
    0x90, 0x0, 0xbf, 0xf2, 0x13, 0x3d, 0x50, 0x0,
    0x13, 0x31, 0x0, 0x1f, 0x10, 0x0, 0x0, 0x0,
    0x0, 0x4e, 0x0, 0x0, 0x0, 0x0, 0x0, 0x47,
    0x0, 0x0, 0x0, 0x0,

    /* U+2120 "℠" */
    0x5, 0xbb, 0x41, 0xc4, 0x2, 0xc3, 0xf, 0x56,
    0xb2, 0xfa, 0x8, 0xf4, 0xd, 0xc7, 0x12, 0xfe,
    0xd, 0xf4, 0x1, 0x7b, 0xd2, 0xf9, 0x9b, 0xe4,
    0x1e, 0x46, 0xf2, 0xf3, 0xf5, 0xe4, 0x6, 0xcc,
    0x51, 0xc0, 0xa0, 0xb3,

    /* U+2121 "℡" */
    0x5c, 0xcc, 0xb1, 0xcc, 0xc3, 0xb3, 0x0, 0x13,
    0xd7, 0x32, 0xf3, 0x31, 0xe4, 0x0, 0x0, 0xd5,
    0x2, 0xf4, 0x30, 0xe4, 0x0, 0x0, 0xd5, 0x2,
    0xfb, 0x90, 0xe4, 0x0, 0x0, 0xd5, 0x2, 0xf1,
    0x10, 0xe5, 0x10, 0x0, 0xc4, 0x2, 0xee, 0xe4,
    0xde, 0xe6,

    /* U+2122 "™" */
    0x25, 0x55, 0x40, 0x51, 0x1, 0x51, 0x4a, 0xfc,
    0x92, 0xf8, 0x7, 0xf4, 0x0, 0xd5, 0x2, 0xfe,
    0xc, 0xf4, 0x0, 0xd5, 0x2, 0xfb, 0x7c, 0xe4,
    0x0, 0xd5, 0x2, 0xf4, 0xf6, 0xe4, 0x0, 0xc4,
    0x2, 0xe0, 0xc0, 0xd3,

    /* U+2126 "Ω" */
    0x0, 0x4, 0xad, 0xfe, 0xc7, 0x10, 0x0, 0x0,
    0xaf, 0xff, 0xff, 0xff, 0xe5, 0x0, 0xa, 0xff,
    0xe8, 0x66, 0xaf, 0xff, 0x30, 0x5f, 0xfc, 0x0,
    0x0, 0x4, 0xff, 0xd0, 0xbf, 0xf1, 0x0, 0x0,
    0x0, 0x8f, 0xf4, 0xef, 0xc0, 0x0, 0x0, 0x0,
    0x3f, 0xf7, 0xff, 0xb0, 0x0, 0x0, 0x0, 0x2f,
    0xf8, 0xdf, 0xc0, 0x0, 0x0, 0x0, 0x3f, 0xf6,
    0x8f, 0xf2, 0x0, 0x0, 0x0, 0x8f, 0xf1, 0x1f,
    0xfb, 0x0, 0x0, 0x4, 0xff, 0x90, 0x3, 0xdf,
    0xe5, 0x0, 0xaf, 0xf9, 0x0, 0x22, 0x27, 0xfa,
    0x1, 0xfe, 0x32, 0x21, 0xff, 0xff, 0xfa, 0x1,
    0xff, 0xff, 0xf8, 0xff, 0xff, 0xfa, 0x1, 0xff,
    0xff, 0xf8,

    /* U+212A "K" */
    0x48, 0x80, 0x0, 0x0, 0x8, 0x88, 0x18, 0xff,
    0x10, 0x0, 0xb, 0xff, 0x80, 0x8f, 0xf1, 0x0,
    0x9, 0xff, 0xa0, 0x8, 0xff, 0x10, 0x7, 0xff,
    0xb0, 0x0, 0x8f, 0xf1, 0x5, 0xff, 0xc0, 0x0,
    0x8, 0xff, 0x13, 0xff, 0xd1, 0x0, 0x0, 0x8f,
    0xf2, 0xef, 0xf2, 0x0, 0x0, 0x8, 0xff, 0xbf,
    0xff, 0x60, 0x0, 0x0, 0x8f, 0xff, 0xee, 0xff,
    0x10, 0x0, 0x8, 0xff, 0xf3, 0x4f, 0xfb, 0x0,
    0x0, 0x8f, 0xf4, 0x0, 0x9f, 0xf7, 0x0, 0x8,
    0xff, 0x10, 0x0, 0xdf, 0xf2, 0x0, 0x8f, 0xf1,
    0x0, 0x3, 0xff, 0xc0, 0x8, 0xff, 0x10, 0x0,
    0x8, 0xff, 0x80, 0x8f, 0xf1, 0x0, 0x0, 0xd,
    0xff, 0x30,

    /* U+212B "Å" */
    0x0, 0x0, 0x4, 0xcd, 0x90, 0x0, 0x0, 0x0,
    0x0, 0x1, 0xfa, 0x6e, 0x90, 0x0, 0x0, 0x0,
    0x0, 0x5f, 0x20, 0x9d, 0x0, 0x0, 0x0, 0x0,
    0x2, 0xfa, 0x6e, 0xa0, 0x0, 0x0, 0x0, 0x0,
    0x4, 0xcd, 0x91, 0x0, 0x0, 0x0, 0x0, 0x0,
    0x7c, 0xcb, 0x0, 0x0, 0x0, 0x0, 0x0, 0xe,
    0xff, 0xf5, 0x0, 0x0, 0x0, 0x0, 0x3, 0xff,
    0xdf, 0xa0, 0x0, 0x0, 0x0, 0x0, 0x9f, 0xd7,
    0xff, 0x10, 0x0, 0x0, 0x0, 0xe, 0xf9, 0x3f,
    0xf6, 0x0, 0x0, 0x0, 0x4, 0xff, 0x50, 0xef,
    0xc0, 0x0, 0x0, 0x0, 0xaf, 0xf1, 0x9, 0xff,
    0x10, 0x0, 0x0, 0xf, 0xfb, 0x0, 0x4f, 0xf7,
    0x0, 0x0, 0x5, 0xff, 0x60, 0x0, 0xef, 0xd0,
    0x0, 0x0, 0xaf, 0xff, 0xee, 0xef, 0xff, 0x30,
    0x0, 0xf, 0xff, 0xff, 0xff, 0xff, 0xf8, 0x0,
    0x5, 0xff, 0x72, 0x22, 0x22, 0xef, 0xe0, 0x0,
    0xbf, 0xf1, 0x0, 0x0, 0x9, 0xff, 0x40, 0x1f,
    0xfc, 0x0, 0x0, 0x0, 0x3f, 0xf9, 0x4, 0xcc,
    0x50, 0x0, 0x0, 0x0, 0xbc, 0xb0,

    /* U+212E "℮" */
    0x0, 0x2, 0x8b, 0xa7, 0x0, 0x0, 0x6, 0xe6,
    0x23, 0x8d, 0x20, 0x6, 0xf1, 0x0, 0x0, 0x7e,
    0x10, 0xef, 0x0, 0x0, 0x6, 0xf7, 0x5f, 0xf0,
    0x0, 0x0, 0x6f, 0xb7, 0xff, 0xee, 0xee, 0xef,
    0xfd, 0x6f, 0xf0, 0x0, 0x0, 0x0, 0x2, 0xff,
    0x0, 0x0, 0x0, 0x0, 0xb, 0xf0, 0x0, 0x0,
    0x0, 0x0, 0x1d, 0x91, 0x0, 0x6, 0x70, 0x0,
    0x8, 0xed, 0xde, 0x81, 0x0, 0x0, 0x0, 0x11,
    0x0, 0x0,

    /* U+2132 "Ⅎ" */
    0x0, 0x0, 0x0, 0x8, 0x84, 0x0, 0x0, 0x0,
    0x1f, 0xf8, 0x0, 0x0, 0x0, 0x1f, 0xf8, 0x0,
    0x0, 0x0, 0x1f, 0xf8, 0x0, 0x0, 0x0, 0x1f,
    0xf8, 0x0, 0x0, 0x0, 0x1f, 0xf8, 0x2f, 0xff,
    0xff, 0xff, 0xf8, 0x2f, 0xff, 0xff, 0xff, 0xf8,
    0x3, 0x33, 0x33, 0x4f, 0xf8, 0x0, 0x0, 0x0,
    0x1f, 0xf8, 0x0, 0x0, 0x0, 0x1f, 0xf8, 0x0,
    0x0, 0x0, 0x1f, 0xf8, 0x23, 0x33, 0x33, 0x4f,
    0xf8, 0xcf, 0xff, 0xff, 0xff, 0xf8, 0xcf, 0xff,
    0xff, 0xff, 0xf8,

    /* U+213B "℻" */
    0x5, 0x55, 0x0, 0x42, 0x1, 0x50, 0x4, 0x11,
    0xfa, 0xa1, 0x1f, 0xb0, 0xd, 0x76, 0xd0, 0x1f,
    0x10, 0x7, 0xaf, 0x20, 0x2f, 0xf3, 0x1, 0xff,
    0xd0, 0xe5, 0xa8, 0x0, 0xdd, 0x0, 0x1f, 0x10,
    0x5e, 0xcc, 0xe0, 0x8c, 0xb9, 0x1, 0xe1, 0xa,
    0x60, 0xb, 0x8d, 0x11, 0xd3,

    /* U+214D "⅍" */
    0x0, 0x1c, 0xc6, 0x0, 0x0, 0x0, 0x2, 0xc9,
    0x0, 0x0, 0x7, 0xff, 0xd0, 0x0, 0x0, 0x0,
    0xcf, 0x20, 0x0, 0x0, 0xde, 0x9f, 0x30, 0x0,
    0x0, 0x7f, 0x70, 0x0, 0x0, 0x3f, 0xa5, 0xfa,
    0x0, 0x0, 0x2f, 0xc0, 0x0, 0x0, 0x9, 0xff,
    0xff, 0xf1, 0x0, 0xc, 0xf2, 0x0, 0x0, 0x0,
    0xfe, 0x33, 0x9f, 0x60, 0x8, 0xf6, 0x0, 0x0,
    0x0, 0x27, 0x50, 0x2, 0x75, 0x3, 0xfb, 0x0,
    0x0, 0x0, 0x0, 0x0, 0x0, 0x0, 0x0, 0xde,
    0x10, 0x0, 0x0, 0x0, 0x0, 0x0, 0x0, 0x0,
    0x9f, 0x50, 0x0, 0x11, 0x0, 0x0, 0x0, 0x0,
    0x0, 0x4f, 0xa0, 0x7, 0xff, 0xfe, 0x40, 0x0,
    0x0, 0x0, 0xe, 0xe1, 0x2, 0xfe, 0x44, 0x92,
    0x0, 0x0, 0x0, 0xa, 0xf4, 0x0, 0x1f, 0xfc,
    0xa7, 0x10, 0x0, 0x0, 0x5, 0xf9, 0x0, 0x0,
    0x17, 0xae, 0xfe, 0x0, 0x0, 0x1, 0xed, 0x0,
    0x0, 0x1a, 0x83, 0x5f, 0xf0, 0x0, 0x0, 0x7c,
    0x30, 0x0, 0x0, 0xaf, 0xff, 0xe5, 0x0, 0x0,
    0x0, 0x0, 0x0, 0x0, 0x0, 0x2, 0x10, 0x0,

    /* U+2150 "⅐" */
    0x5, 0xff, 0x80, 0x0, 0x0, 0x5, 0xf8, 0x0,
    0x0, 0x3f, 0xdf, 0x80, 0x0, 0x0, 0x2f, 0xc0,
    0x0, 0x0, 0x35, 0x5f, 0x80, 0x0, 0x0, 0xcf,
    0x20, 0x0, 0x0, 0x0, 0x5f, 0x80, 0x0, 0x8,
    0xf6, 0x0, 0x0, 0x0, 0x0, 0x5f, 0x80, 0x0,
    0x3f, 0xb0, 0x0, 0x0, 0x0, 0x0, 0x5f, 0x80,
    0x0, 0xde, 0x10, 0x0, 0x0, 0x0, 0x0, 0x5f,
    0x80, 0xa, 0xf4, 0x2, 0x88, 0x88, 0x83, 0x0,
    0x5f, 0x80, 0x5f, 0x80, 0x5, 0xff, 0xff, 0xf6,
    0x0, 0x0, 0x2, 0xfc, 0x0, 0x0, 0x0, 0xd,
    0xf2, 0x0, 0x0, 0xc, 0xf2, 0x0, 0x0, 0x0,
    0x5f, 0x90, 0x0, 0x0, 0x8f, 0x60, 0x0, 0x0,
    0x0, 0xef, 0x10, 0x0, 0x3, 0xfb, 0x0, 0x0,
    0x0, 0x7, 0xf7, 0x0, 0x0, 0xd, 0xe1, 0x0,
    0x0, 0x0, 0xe, 0xe0, 0x0, 0x0, 0xaf, 0x40,
    0x0, 0x0, 0x0, 0x8f, 0x60, 0x0,

    /* U+2151 "⅑" */
    0x5, 0xff, 0x80, 0x0, 0x0, 0x5, 0xf8, 0x0,
    0x0, 0x3f, 0xdf, 0x80, 0x0, 0x0, 0x2f, 0xc0,
    0x0, 0x0, 0x35, 0x5f, 0x80, 0x0, 0x0, 0xcf,
    0x20, 0x0, 0x0, 0x0, 0x5f, 0x80, 0x0, 0x8,
    0xf6, 0x0, 0x0, 0x0, 0x0, 0x5f, 0x80, 0x0,
    0x3f, 0xb0, 0x0, 0x0, 0x0, 0x0, 0x5f, 0x80,
    0x0, 0xde, 0x10, 0x0, 0x0, 0x0, 0x0, 0x5f,
    0x80, 0xa, 0xf4, 0x0, 0x69, 0x82, 0x0, 0x0,
    0x5f, 0x80, 0x5f, 0x80, 0xc, 0xff, 0xff, 0x40,
    0x0, 0x0, 0x2, 0xfc, 0x0, 0x3f, 0xb0, 0x3f,
    0xd0, 0x0, 0x0, 0xc, 0xf2, 0x0, 0x3f, 0xb1,
    0x5f, 0xf0, 0x0, 0x0, 0x8f, 0x60, 0x0, 0xa,
    0xff, 0xbd, 0xf0, 0x0, 0x3, 0xfb, 0x0, 0x0,
    0x4, 0x52, 0x1f, 0xd0, 0x0, 0xd, 0xe1, 0x0,
    0x0, 0xe, 0xf9, 0xdf, 0x60, 0x0, 0xaf, 0x40,
    0x0, 0x0, 0x2, 0xbf, 0xe7, 0x0,

    /* U+2152 "⅒" */
    0x5, 0xff, 0x80, 0x0, 0x0, 0x5, 0xf8, 0x0,
    0x0, 0x0, 0x0, 0x3, 0xfd, 0xf8, 0x0, 0x0,
    0x2, 0xfc, 0x0, 0x0, 0x0, 0x0, 0x0, 0x35,
    0x5f, 0x80, 0x0, 0x0, 0xcf, 0x20, 0x0, 0x0,
    0x0, 0x0, 0x0, 0x5, 0xf8, 0x0, 0x0, 0x8f,
    0x60, 0x0, 0x0, 0x0, 0x0, 0x0, 0x0, 0x5f,
    0x80, 0x0, 0x3f, 0xb0, 0x0, 0x0, 0x0, 0x0,
    0x0, 0x0, 0x5, 0xf8, 0x0, 0xd, 0xe1, 0x0,
    0x0, 0x0, 0x0, 0x0, 0x0, 0x0, 0x5f, 0x80,
    0xa, 0xf4, 0x0, 0x78, 0x40, 0x1, 0x57, 0x40,
    0x0, 0x5, 0xf8, 0x5, 0xf8, 0x1, 0xdf, 0xf8,
    0x1, 0xef, 0xff, 0xa0, 0x0, 0x0, 0x2, 0xfc,
    0x0, 0x3b, 0x7f, 0x80, 0x9f, 0x70, 0xcf, 0x40,
    0x0, 0x0, 0xcf, 0x20, 0x0, 0x5, 0xf8, 0xd,
    0xf1, 0x6, 0xf8, 0x0, 0x0, 0x8f, 0x60, 0x0,
    0x0, 0x5f, 0x80, 0xef, 0x0, 0x5f, 0x90, 0x0,
    0x3f, 0xb0, 0x0, 0x0, 0x5, 0xf8, 0xc, 0xf2,
    0x7, 0xf7, 0x0, 0xd, 0xe1, 0x0, 0x0, 0x0,
    0x5f, 0x80, 0x5f, 0xc8, 0xff, 0x10, 0xa, 0xf4,
    0x0, 0x0, 0x0, 0x5, 0xf8, 0x0, 0x7d, 0xfc,
    0x30,

    /* U+2153 "⅓" */
    0x5, 0xff, 0x80, 0x0, 0x0, 0x5, 0xf8, 0x0,
    0x0, 0x3f, 0xdf, 0x80, 0x0, 0x0, 0x2f, 0xc0,
    0x0, 0x0, 0x35, 0x5f, 0x80, 0x0, 0x0, 0xcf,
    0x20, 0x0, 0x0, 0x0, 0x5f, 0x80, 0x0, 0x8,
    0xf6, 0x0, 0x0, 0x0, 0x0, 0x5f, 0x80, 0x0,
    0x3f, 0xb0, 0x0, 0x0, 0x0, 0x0, 0x5f, 0x80,
    0x0, 0xde, 0x10, 0x0, 0x0, 0x0, 0x0, 0x5f,
    0x80, 0xa, 0xf4, 0x0, 0x48, 0x85, 0x0, 0x0,
    0x5f, 0x80, 0x5f, 0x80, 0x9, 0xff, 0xff, 0x70,
    0x0, 0x0, 0x2, 0xfc, 0x0, 0x4, 0x42, 0x5f,
    0xa0, 0x0, 0x0, 0xc, 0xf2, 0x0, 0x0, 0xf,
    0xfd, 0x10, 0x0, 0x0, 0x8f, 0x60, 0x0, 0x0,
    0x4, 0x7f, 0xc0, 0x0, 0x3, 0xfb, 0x0, 0x0,
    0x0, 0x0, 0xe, 0xf1, 0x0, 0xd, 0xe1, 0x0,
    0x0, 0xe, 0xf8, 0x9f, 0xd0, 0x0, 0xaf, 0x40,
    0x0, 0x0, 0x2, 0xbe, 0xea, 0x10,

    /* U+2154 "⅔" */
    0x3, 0xcf, 0xe7, 0x0, 0x0, 0x0, 0x6, 0xf8,
    0x0, 0x0, 0xf, 0xe8, 0xdf, 0x50, 0x0, 0x0,
    0x2f, 0xc0, 0x0, 0x0, 0x16, 0x30, 0x6f, 0x60,
    0x0, 0x0, 0xcf, 0x20, 0x0, 0x0, 0x0, 0x2,
    0xed, 0x0, 0x0, 0x8, 0xf5, 0x0, 0x0, 0x0,
    0x0, 0x3e, 0xe2, 0x0, 0x0, 0x4f, 0xa0, 0x0,
    0x0, 0x0, 0x4, 0xfd, 0x10, 0x0, 0x1, 0xee,
    0x10, 0x0, 0x0, 0x0, 0x1f, 0xff, 0xff, 0x90,
    0xa, 0xf3, 0x2, 0xbe, 0xea, 0x0, 0x8, 0x88,
    0x88, 0x50, 0x6f, 0x80, 0xd, 0xf9, 0xbf, 0x90,
    0x0, 0x0, 0x0, 0x2, 0xfc, 0x0, 0x0, 0x1,
    0x5f, 0x90, 0x0, 0x0, 0x0, 0xc, 0xf2, 0x0,
    0x0, 0xf, 0xfc, 0x10, 0x0, 0x0, 0x0, 0x8f,
    0x50, 0x0, 0x0, 0x4, 0x7f, 0xc0, 0x0, 0x0,
    0x4, 0xfa, 0x0, 0x0, 0x0, 0x0, 0xe, 0xf0,
    0x0, 0x0, 0x1e, 0xe1, 0x0, 0x0, 0xe, 0xf8,
    0xaf, 0xc0, 0x0, 0x0, 0xaf, 0x30, 0x0, 0x0,
    0x3, 0xbe, 0xea, 0x10,

    /* U+2155 "⅕" */
    0x5, 0xff, 0x80, 0x0, 0x0, 0x5, 0xf8, 0x0,
    0x0, 0x3f, 0xdf, 0x80, 0x0, 0x0, 0x2f, 0xc0,
    0x0, 0x0, 0x35, 0x5f, 0x80, 0x0, 0x0, 0xcf,
    0x20, 0x0, 0x0, 0x0, 0x5f, 0x80, 0x0, 0x8,
    0xf6, 0x0, 0x0, 0x0, 0x0, 0x5f, 0x80, 0x0,
    0x3f, 0xb0, 0x0, 0x0, 0x0, 0x0, 0x5f, 0x80,
    0x0, 0xde, 0x10, 0x0, 0x0, 0x0, 0x0, 0x5f,
    0x80, 0xa, 0xf4, 0x0, 0x88, 0x88, 0x50, 0x0,
    0x5f, 0x80, 0x5f, 0x80, 0x3, 0xff, 0xff, 0xa0,
    0x0, 0x0, 0x2, 0xfc, 0x0, 0x5, 0xf4, 0x0,
    0x0, 0x0, 0x0, 0xc, 0xf2, 0x0, 0x8, 0xfc,
    0xfe, 0x40, 0x0, 0x0, 0x8f, 0x60, 0x0, 0x1,
    0x55, 0x6f, 0xe0, 0x0, 0x3, 0xfb, 0x0, 0x0,
    0x1, 0x10, 0xb, 0xf1, 0x0, 0xd, 0xe1, 0x0,
    0x0, 0x9, 0xf8, 0x7f, 0xc0, 0x0, 0xaf, 0x40,
    0x0, 0x0, 0x0, 0x9e, 0xeb, 0x10,

    /* U+2156 "⅖" */
    0x3, 0xcf, 0xe7, 0x0, 0x0, 0x0, 0x6, 0xf8,
    0x0, 0x0, 0xf, 0xe8, 0xdf, 0x50, 0x0, 0x0,
    0x2f, 0xc0, 0x0, 0x0, 0x16, 0x30, 0x6f, 0x60,
    0x0, 0x0, 0xcf, 0x20, 0x0, 0x0, 0x0, 0x2,
    0xed, 0x0, 0x0, 0x8, 0xf5, 0x0, 0x0, 0x0,
    0x0, 0x3e, 0xe2, 0x0, 0x0, 0x4f, 0xa0, 0x0,
    0x0, 0x0, 0x4, 0xfd, 0x10, 0x0, 0x1, 0xee,
    0x10, 0x0, 0x0, 0x0, 0x1f, 0xff, 0xff, 0x90,
    0xa, 0xf3, 0x3, 0xff, 0xff, 0xa0, 0x8, 0x88,
    0x88, 0x50, 0x6f, 0x80, 0x5, 0xfa, 0x88, 0x50,
    0x0, 0x0, 0x0, 0x2, 0xfc, 0x0, 0x7, 0xf3,
    0x0, 0x0, 0x0, 0x0, 0x0, 0xc, 0xf2, 0x0,
    0x9, 0xfc, 0xfe, 0x40, 0x0, 0x0, 0x0, 0x8f,
    0x50, 0x0, 0x1, 0x55, 0x6f, 0xe0, 0x0, 0x0,
    0x4, 0xfa, 0x0, 0x0, 0x1, 0x10, 0xc, 0xf0,
    0x0, 0x0, 0x1e, 0xe1, 0x0, 0x0, 0xa, 0xf8,
    0x7f, 0xc0, 0x0, 0x0, 0xaf, 0x30, 0x0, 0x0,
    0x1, 0xae, 0xea, 0x10,

    /* U+2157 "⅗" */
    0x2, 0xbf, 0xe9, 0x0, 0x0, 0x0, 0xd, 0xf1,
    0x0, 0x0, 0xdf, 0x9b, 0xf8, 0x0, 0x0, 0x8,
    0xf5, 0x0, 0x0, 0x1, 0x0, 0x5f, 0x90, 0x0,
    0x4, 0xfa, 0x0, 0x0, 0x0, 0x1, 0xff, 0xc1,
    0x0, 0x1, 0xed, 0x0, 0x0, 0x0, 0x0, 0x5,
    0x8f, 0xb0, 0x0, 0xbf, 0x30, 0x0, 0x0, 0x0,
    0x65, 0x2, 0xff, 0x0, 0x6f, 0x70, 0x0, 0x0,
    0x0, 0xb, 0xff, 0xff, 0x80, 0x2f, 0xc0, 0xa,
    0xff, 0xff, 0x30, 0x4, 0x77, 0x30, 0xd, 0xf1,
    0x0, 0xce, 0x88, 0x81, 0x0, 0x0, 0x0, 0x8,
    0xf5, 0x0, 0xe, 0xb0, 0x0, 0x0, 0x0, 0x0,
    0x4, 0xfa, 0x0, 0x0, 0xfd, 0xef, 0xa0, 0x0,
    0x0, 0x1, 0xed, 0x0, 0x0, 0x3, 0x64, 0xaf,
    0x70, 0x0, 0x0, 0xbf, 0x30, 0x0, 0x0, 0x10,
    0x3, 0xf9, 0x0, 0x0, 0x6f, 0x70, 0x0, 0x0,
    0x1f, 0xd6, 0xbf, 0x50, 0x0, 0x2f, 0xc0, 0x0,
    0x0, 0x0, 0x4d, 0xfd, 0x60,

    /* U+2158 "⅘" */
    0x0, 0x5, 0xff, 0x40, 0x0, 0x0, 0x5, 0xf9,
    0x0, 0x0, 0x0, 0x1e, 0xff, 0x40, 0x0, 0x0,
    0x1e, 0xd0, 0x0, 0x0, 0x0, 0xaf, 0x9f, 0x40,
    0x0, 0x0, 0xbf, 0x20, 0x0, 0x0, 0x4, 0xf7,
    0x7f, 0x40, 0x0, 0x7, 0xf6, 0x0, 0x0, 0x0,
    0xe, 0xe2, 0x8f, 0x50, 0x0, 0x3f, 0xb0, 0x0,
    0x0, 0x0, 0x3f, 0xff, 0xff, 0xf3, 0x0, 0xde,
    0x10, 0x0, 0x0, 0x0, 0x15, 0x55, 0xaf, 0x81,
    0x9, 0xf4, 0x2, 0xff, 0xff, 0xb0, 0x0, 0x0,
    0x48, 0x20, 0x5f, 0x90, 0x4, 0xfa, 0x88, 0x50,
    0x0, 0x0, 0x0, 0x1, 0xed, 0x0, 0x6, 0xf4,
    0x0, 0x0, 0x0, 0x0, 0x0, 0xb, 0xf2, 0x0,
    0x8, 0xfc, 0xfe, 0x40, 0x0, 0x0, 0x0, 0x7f,
    0x60, 0x0, 0x0, 0x55, 0x5f, 0xe0, 0x0, 0x0,
    0x3, 0xfb, 0x0, 0x0, 0x1, 0x10, 0xb, 0xf1,
    0x0, 0x0, 0xd, 0xe1, 0x0, 0x0, 0x9, 0xf9,
    0x7f, 0xd0, 0x0, 0x0, 0x9f, 0x40, 0x0, 0x0,
    0x0, 0x9e, 0xfb, 0x20,

    /* U+2159 "⅙" */
    0x5, 0xff, 0x80, 0x0, 0x0, 0x5, 0xf8, 0x0,
    0x0, 0x3f, 0xdf, 0x80, 0x0, 0x0, 0x2f, 0xc0,
    0x0, 0x0, 0x35, 0x5f, 0x80, 0x0, 0x0, 0xcf,
    0x20, 0x0, 0x0, 0x0, 0x5f, 0x80, 0x0, 0x8,
    0xf6, 0x0, 0x0, 0x0, 0x0, 0x5f, 0x80, 0x0,
    0x3f, 0xb0, 0x0, 0x0, 0x0, 0x0, 0x5f, 0x80,
    0x0, 0xde, 0x10, 0x0, 0x0, 0x0, 0x0, 0x5f,
    0x80, 0xa, 0xf4, 0x0, 0x38, 0x83, 0x0, 0x0,
    0x5f, 0x80, 0x5f, 0x80, 0x6, 0xff, 0xff, 0x60,
    0x0, 0x0, 0x2, 0xfc, 0x0, 0xf, 0xe2, 0x2b,
    0x90, 0x0, 0x0, 0xc, 0xf2, 0x0, 0x3f, 0xab,
    0xfd, 0x30, 0x0, 0x0, 0x8f, 0x60, 0x0, 0x4f,
    0xf6, 0x6f, 0xd0, 0x0, 0x3, 0xfb, 0x0, 0x0,
    0x3f, 0xb0, 0xc, 0xf0, 0x0, 0xd, 0xe1, 0x0,
    0x0, 0xd, 0xf7, 0x8f, 0xb0, 0x0, 0xaf, 0x40,
    0x0, 0x0, 0x1, 0xaf, 0xea, 0x10,

    /* U+215A "⅚" */
    0x5f, 0xff, 0xf8, 0x0, 0x0, 0x0, 0x9f, 0x50,
    0x0, 0x7f, 0x98, 0x84, 0x0, 0x0, 0x4, 0xf9,
    0x0, 0x0, 0xaf, 0xcf, 0xd2, 0x0, 0x0, 0x1e,
    0xd0, 0x0, 0x0, 0x16, 0x57, 0xfb, 0x0, 0x0,
    0xbf, 0x30, 0x0, 0x0, 0x0, 0x0, 0xde, 0x0,
    0x7, 0xf7, 0x0, 0x0, 0x0, 0xbd, 0x45, 0xfb,
    0x0, 0x3f, 0xb0, 0x1, 0x54, 0x0, 0x4f, 0xff,
    0xd2, 0x0, 0xde, 0x10, 0x5f, 0xff, 0xd1, 0x0,
    0x43, 0x0, 0x9, 0xf5, 0x1, 0xff, 0x69, 0xf8,
    0x0, 0x0, 0x0, 0x4f, 0x90, 0x6, 0xf8, 0x0,
    0x0, 0x0, 0x0, 0x1, 0xed, 0x0, 0x8, 0xf8,
    0xdf, 0xc1, 0x0, 0x0, 0xb, 0xf3, 0x0, 0x8,
    0xfd, 0x48, 0xf9, 0x0, 0x0, 0x7f, 0x70, 0x0,
    0x6, 0xf7, 0x0, 0xfb, 0x0, 0x3, 0xfb, 0x0,
    0x0, 0x1, 0xee, 0x6a, 0xf7, 0x0, 0xd, 0xe1,
    0x0, 0x0, 0x0, 0x3b, 0xfe, 0x80,

    /* U+215B "⅛" */
    0x5, 0xff, 0x80, 0x0, 0x0, 0x5, 0xf8, 0x0,
    0x0, 0x3f, 0xdf, 0x80, 0x0, 0x0, 0x2f, 0xc0,
    0x0, 0x0, 0x35, 0x5f, 0x80, 0x0, 0x0, 0xcf,
    0x20, 0x0, 0x0, 0x0, 0x5f, 0x80, 0x0, 0x8,
    0xf6, 0x0, 0x0, 0x0, 0x0, 0x5f, 0x80, 0x0,
    0x3f, 0xb0, 0x0, 0x0, 0x0, 0x0, 0x5f, 0x80,
    0x0, 0xde, 0x10, 0x0, 0x0, 0x0, 0x0, 0x5f,
    0x80, 0xa, 0xf4, 0x0, 0x69, 0x84, 0x0, 0x0,
    0x5f, 0x80, 0x5f, 0x80, 0xb, 0xff, 0xff, 0x70,
    0x0, 0x0, 0x2, 0xfc, 0x0, 0xe, 0xe2, 0x5f,
    0x90, 0x0, 0x0, 0xc, 0xf2, 0x0, 0x4, 0xff,
    0xfd, 0x10, 0x0, 0x0, 0x8f, 0x60, 0x0, 0xe,
    0xe5, 0x8f, 0xa0, 0x0, 0x3, 0xfb, 0x0, 0x0,
    0x4f, 0xa0, 0xf, 0xf0, 0x0, 0xd, 0xe1, 0x0,
    0x0, 0x1f, 0xe5, 0x7f, 0xc0, 0x0, 0xaf, 0x40,
    0x0, 0x0, 0x3, 0xcf, 0xea, 0x10,

    /* U+215C "⅜" */
    0x2, 0xbf, 0xe9, 0x0, 0x0, 0x0, 0xd, 0xf1,
    0x0, 0x0, 0xdf, 0x9b, 0xf8, 0x0, 0x0, 0x8,
    0xf5, 0x0, 0x0, 0x1, 0x0, 0x5f, 0x90, 0x0,
    0x4, 0xfa, 0x0, 0x0, 0x0, 0x1, 0xff, 0xc1,
    0x0, 0x1, 0xed, 0x0, 0x0, 0x0, 0x0, 0x5,
    0x8f, 0xb0, 0x0, 0xbf, 0x30, 0x0, 0x0, 0x0,
    0x65, 0x2, 0xff, 0x0, 0x6f, 0x70, 0x0, 0x0,
    0x0, 0xb, 0xff, 0xff, 0x80, 0x2f, 0xc0, 0x7,
    0xef, 0xd5, 0x0, 0x4, 0x77, 0x30, 0xd, 0xf1,
    0x5, 0xfa, 0x5d, 0xf2, 0x0, 0x0, 0x0, 0x8,
    0xf5, 0x0, 0x5f, 0x82, 0xbf, 0x10, 0x0, 0x0,
    0x4, 0xfa, 0x0, 0x0, 0xaf, 0xff, 0x60, 0x0,
    0x0, 0x1, 0xed, 0x0, 0x0, 0x6f, 0xa4, 0xdf,
    0x30, 0x0, 0x0, 0xbf, 0x30, 0x0, 0xb, 0xf2,
    0x6, 0xf8, 0x0, 0x0, 0x6f, 0x70, 0x0, 0x0,
    0x8f, 0xa4, 0xcf, 0x40, 0x0, 0x2f, 0xc0, 0x0,
    0x0, 0x0, 0x8e, 0xfd, 0x60,

    /* U+215D "⅝" */
    0x5f, 0xff, 0xf8, 0x0, 0x0, 0x0, 0x9f, 0x50,
    0x0, 0x7f, 0x98, 0x84, 0x0, 0x0, 0x4, 0xf9,
    0x0, 0x0, 0xaf, 0xcf, 0xd2, 0x0, 0x0, 0x1e,
    0xd0, 0x0, 0x0, 0x16, 0x57, 0xfb, 0x0, 0x0,
    0xbf, 0x30, 0x0, 0x0, 0x0, 0x0, 0xde, 0x0,
    0x7, 0xf7, 0x0, 0x0, 0x0, 0xbd, 0x45, 0xfb,
    0x0, 0x3f, 0xb0, 0x0, 0x0, 0x0, 0x4f, 0xff,
    0xd2, 0x0, 0xde, 0x10, 0x6e, 0xff, 0x90, 0x0,
    0x43, 0x0, 0x9, 0xf5, 0x2, 0xfd, 0x5b, 0xf6,
    0x0, 0x0, 0x0, 0x4f, 0x90, 0x1, 0xfb, 0x28,
    0xf4, 0x0, 0x0, 0x1, 0xed, 0x0, 0x0, 0x6f,
    0xff, 0xa0, 0x0, 0x0, 0xb, 0xf3, 0x0, 0x3,
    0xfc, 0x4a, 0xf6, 0x0, 0x0, 0x7f, 0x70, 0x0,
    0x8, 0xf6, 0x2, 0xfc, 0x0, 0x3, 0xfb, 0x0,
    0x0, 0x4, 0xfc, 0x4a, 0xf8, 0x0, 0xd, 0xe1,
    0x0, 0x0, 0x0, 0x5d, 0xfe, 0x80,

    /* U+215E "⅞" */
    0x6f, 0xff, 0xff, 0x50, 0x0, 0x2f, 0xc0, 0x0,
    0x3, 0x88, 0x8e, 0xf4, 0x0, 0xc, 0xf2, 0x0,
    0x0, 0x0, 0x2, 0xfc, 0x0, 0x8, 0xf5, 0x0,
    0x0, 0x0, 0x0, 0xaf, 0x40, 0x4, 0xfa, 0x0,
    0x0, 0x0, 0x0, 0x3f, 0xb0, 0x1, 0xed, 0x0,
    0x0, 0x0, 0x0, 0xb, 0xf3, 0x0, 0xbf, 0x30,
    0x0, 0x0, 0x0, 0x4, 0xfa, 0x0, 0x6f, 0x70,
    0x1a, 0xef, 0xb2, 0x0, 0x69, 0x10, 0x2f, 0xc0,
    0x9, 0xfc, 0xbf, 0xd0, 0x0, 0x0, 0xc, 0xf2,
    0x0, 0x9f, 0x42, 0xec, 0x0, 0x0, 0x8, 0xf5,
    0x0, 0x1, 0xdf, 0xff, 0x30, 0x0, 0x4, 0xfa,
    0x0, 0x0, 0xbf, 0x75, 0xfd, 0x0, 0x1, 0xed,
    0x0, 0x0, 0xf, 0xe0, 0xb, 0xf4, 0x0, 0xbf,
    0x30, 0x0, 0x0, 0xcf, 0x75, 0xff, 0x10, 0x6f,
    0x70, 0x0, 0x0, 0x1, 0xae, 0xfc, 0x30,

    /* U+215F "⅟" */
    0x5, 0xff, 0x80, 0x0, 0x0, 0x5, 0xf8, 0x3f,
    0xdf, 0x80, 0x0, 0x0, 0x2f, 0xc0, 0x35, 0x5f,
    0x80, 0x0, 0x0, 0xcf, 0x20, 0x0, 0x5f, 0x80,
    0x0, 0x8, 0xf6, 0x0, 0x0, 0x5f, 0x80, 0x0,
    0x3f, 0xb0, 0x0, 0x0, 0x5f, 0x80, 0x0, 0xde,
    0x10, 0x0, 0x0, 0x5f, 0x80, 0xa, 0xf4, 0x0,
    0x0, 0x0, 0x5f, 0x80, 0x5f, 0x80, 0x0, 0x0,
    0x0, 0x0, 0x2, 0xfc, 0x0, 0x0, 0x0, 0x0,
    0x0, 0xc, 0xf2, 0x0, 0x0, 0x0, 0x0, 0x0,
    0x8f, 0x60, 0x0, 0x0, 0x0, 0x0, 0x3, 0xfb,
    0x0, 0x0, 0x0, 0x0, 0x0, 0xd, 0xe1, 0x0,
    0x0, 0x0, 0x0, 0x0, 0xaf, 0x40, 0x0, 0x0,
    0x0, 0x0,

    /* U+2160 "Ⅰ" */
    0x8f, 0xf1, 0x8f, 0xf1, 0x8f, 0xf1, 0x8f, 0xf1,
    0x8f, 0xf1, 0x8f, 0xf1, 0x8f, 0xf1, 0x8f, 0xf1,
    0x8f, 0xf1, 0x8f, 0xf1, 0x8f, 0xf1, 0x8f, 0xf1,
    0x8f, 0xf1, 0x8f, 0xf1,

    /* U+2161 "Ⅱ" */
    0x8f, 0xf1, 0x0, 0xff, 0x98, 0xff, 0x10, 0xf,
    0xf9, 0x8f, 0xf1, 0x0, 0xff, 0x98, 0xff, 0x10,
    0xf, 0xf9, 0x8f, 0xf1, 0x0, 0xff, 0x98, 0xff,
    0x10, 0xf, 0xf9, 0x8f, 0xf1, 0x0, 0xff, 0x98,
    0xff, 0x10, 0xf, 0xf9, 0x8f, 0xf1, 0x0, 0xff,
    0x98, 0xff, 0x10, 0xf, 0xf9, 0x8f, 0xf1, 0x0,
    0xff, 0x98, 0xff, 0x10, 0xf, 0xf9, 0x8f, 0xf1,
    0x0, 0xff, 0x98, 0xff, 0x10, 0xf, 0xf9,

    /* U+2162 "Ⅲ" */
    0x8f, 0xf1, 0x0, 0xff, 0x90, 0x7, 0xff, 0x28,
    0xff, 0x10, 0xf, 0xf9, 0x0, 0x7f, 0xf2, 0x8f,
    0xf1, 0x0, 0xff, 0x90, 0x7, 0xff, 0x28, 0xff,
    0x10, 0xf, 0xf9, 0x0, 0x7f, 0xf2, 0x8f, 0xf1,
    0x0, 0xff, 0x90, 0x7, 0xff, 0x28, 0xff, 0x10,
    0xf, 0xf9, 0x0, 0x7f, 0xf2, 0x8f, 0xf1, 0x0,
    0xff, 0x90, 0x7, 0xff, 0x28, 0xff, 0x10, 0xf,
    0xf9, 0x0, 0x7f, 0xf2, 0x8f, 0xf1, 0x0, 0xff,
    0x90, 0x7, 0xff, 0x28, 0xff, 0x10, 0xf, 0xf9,
    0x0, 0x7f, 0xf2, 0x8f, 0xf1, 0x0, 0xff, 0x90,
    0x7, 0xff, 0x28, 0xff, 0x10, 0xf, 0xf9, 0x0,
    0x7f, 0xf2, 0x8f, 0xf1, 0x0, 0xff, 0x90, 0x7,
    0xff, 0x28, 0xff, 0x10, 0xf, 0xf9, 0x0, 0x7f,
    0xf2,

    /* U+2163 "Ⅳ" */
    0x8f, 0xf1, 0xc, 0xff, 0x10, 0x0, 0x0, 0x6,
    0xff, 0x68, 0xff, 0x10, 0x6f, 0xf6, 0x0, 0x0,
    0x0, 0xcf, 0xf1, 0x8f, 0xf1, 0x1, 0xff, 0xc0,
    0x0, 0x0, 0x1f, 0xfb, 0x8, 0xff, 0x10, 0xa,
    0xff, 0x20, 0x0, 0x7, 0xff, 0x50, 0x8f, 0xf1,
    0x0, 0x4f, 0xf7, 0x0, 0x0, 0xcf, 0xf0, 0x8,
    0xff, 0x10, 0x0, 0xef, 0xd0, 0x0, 0x2f, 0xf9,
    0x0, 0x8f, 0xf1, 0x0, 0x9, 0xff, 0x30, 0x7,
    0xff, 0x30, 0x8, 0xff, 0x10, 0x0, 0x3f, 0xf8,
    0x0, 0xcf, 0xd0, 0x0, 0x8f, 0xf1, 0x0, 0x0,
    0xdf, 0xd0, 0x2f, 0xf8, 0x0, 0x8, 0xff, 0x10,
    0x0, 0x7, 0xff, 0x26, 0xff, 0x20, 0x0, 0x8f,
    0xf1, 0x0, 0x0, 0x1f, 0xf7, 0xbf, 0xc0, 0x0,
    0x8, 0xff, 0x10, 0x0, 0x0, 0xbf, 0xcf, 0xf6,
    0x0, 0x0, 0x8f, 0xf1, 0x0, 0x0, 0x5, 0xff,
    0xff, 0x10, 0x0, 0x8, 0xff, 0x10, 0x0, 0x0,
    0xe, 0xff, 0xb0, 0x0, 0x0,

    /* U+2164 "Ⅴ" */
    0x5f, 0xf8, 0x0, 0x0, 0x0, 0xe, 0xfe, 0x0,
    0xef, 0xd0, 0x0, 0x0, 0x4, 0xff, 0x80, 0x9,
    0xff, 0x30, 0x0, 0x0, 0xaf, 0xf2, 0x0, 0x3f,
    0xf9, 0x0, 0x0, 0xf, 0xfc, 0x0, 0x0, 0xdf,
    0xe0, 0x0, 0x5, 0xff, 0x60, 0x0, 0x7, 0xff,
    0x40, 0x0, 0xaf, 0xf1, 0x0, 0x0, 0x1f, 0xfa,
    0x0, 0xf, 0xfb, 0x0, 0x0, 0x0, 0xbf, 0xf0,
    0x5, 0xff, 0x50, 0x0, 0x0, 0x5, 0xff, 0x40,
    0xaf, 0xf0, 0x0, 0x0, 0x0, 0xf, 0xf9, 0xf,
    0xf9, 0x0, 0x0, 0x0, 0x0, 0xaf, 0xe4, 0xff,
    0x30, 0x0, 0x0, 0x0, 0x4, 0xff, 0xbf, 0xd0,
    0x0, 0x0, 0x0, 0x0, 0xe, 0xff, 0xf8, 0x0,
    0x0, 0x0, 0x0, 0x0, 0x8f, 0xff, 0x20, 0x0,
    0x0,

    /* U+2165 "Ⅵ" */
    0x5f, 0xf8, 0x0, 0x0, 0x0, 0xe, 0xfe, 0x0,
    0xff, 0xa0, 0xef, 0xd0, 0x0, 0x0, 0x4, 0xff,
    0x80, 0xf, 0xfa, 0x9, 0xff, 0x30, 0x0, 0x0,
    0xaf, 0xf2, 0x0, 0xff, 0xa0, 0x3f, 0xf9, 0x0,
    0x0, 0xf, 0xfc, 0x0, 0xf, 0xfa, 0x0, 0xdf,
    0xe0, 0x0, 0x5, 0xff, 0x60, 0x0, 0xff, 0xa0,
    0x7, 0xff, 0x40, 0x0, 0xaf, 0xf1, 0x0, 0xf,
    0xfa, 0x0, 0x1f, 0xfa, 0x0, 0xf, 0xfb, 0x0,
    0x0, 0xff, 0xa0, 0x0, 0xbf, 0xf0, 0x5, 0xff,
    0x50, 0x0, 0xf, 0xfa, 0x0, 0x5, 0xff, 0x40,
    0xaf, 0xf0, 0x0, 0x0, 0xff, 0xa0, 0x0, 0xf,
    0xf9, 0xf, 0xf9, 0x0, 0x0, 0xf, 0xfa, 0x0,
    0x0, 0xaf, 0xe4, 0xff, 0x30, 0x0, 0x0, 0xff,
    0xa0, 0x0, 0x4, 0xff, 0xbf, 0xd0, 0x0, 0x0,
    0xf, 0xfa, 0x0, 0x0, 0xe, 0xff, 0xf8, 0x0,
    0x0, 0x0, 0xff, 0xa0, 0x0, 0x0, 0x8f, 0xff,
    0x20, 0x0, 0x0, 0xf, 0xfa,

    /* U+2166 "Ⅶ" */
    0x5f, 0xf8, 0x0, 0x0, 0x0, 0xe, 0xfe, 0x0,
    0xff, 0xa0, 0x7, 0xff, 0x20, 0xef, 0xd0, 0x0,
    0x0, 0x4, 0xff, 0x80, 0xf, 0xfa, 0x0, 0x7f,
    0xf2, 0x9, 0xff, 0x30, 0x0, 0x0, 0xaf, 0xf2,
    0x0, 0xff, 0xa0, 0x7, 0xff, 0x20, 0x3f, 0xf9,
    0x0, 0x0, 0xf, 0xfc, 0x0, 0xf, 0xfa, 0x0,
    0x7f, 0xf2, 0x0, 0xdf, 0xe0, 0x0, 0x5, 0xff,
    0x60, 0x0, 0xff, 0xa0, 0x7, 0xff, 0x20, 0x7,
    0xff, 0x40, 0x0, 0xaf, 0xf1, 0x0, 0xf, 0xfa,
    0x0, 0x7f, 0xf2, 0x0, 0x1f, 0xfa, 0x0, 0xf,
    0xfb, 0x0, 0x0, 0xff, 0xa0, 0x7, 0xff, 0x20,
    0x0, 0xbf, 0xf0, 0x5, 0xff, 0x50, 0x0, 0xf,
    0xfa, 0x0, 0x7f, 0xf2, 0x0, 0x5, 0xff, 0x40,
    0xaf, 0xf0, 0x0, 0x0, 0xff, 0xa0, 0x7, 0xff,
    0x20, 0x0, 0xf, 0xf9, 0xf, 0xf9, 0x0, 0x0,
    0xf, 0xfa, 0x0, 0x7f, 0xf2, 0x0, 0x0, 0xaf,
    0xe4, 0xff, 0x30, 0x0, 0x0, 0xff, 0xa0, 0x7,
    0xff, 0x20, 0x0, 0x4, 0xff, 0xbf, 0xd0, 0x0,
    0x0, 0xf, 0xfa, 0x0, 0x7f, 0xf2, 0x0, 0x0,
    0xe, 0xff, 0xf8, 0x0, 0x0, 0x0, 0xff, 0xa0,
    0x7, 0xff, 0x20, 0x0, 0x0, 0x8f, 0xff, 0x20,
    0x0, 0x0, 0xf, 0xfa, 0x0, 0x7f, 0xf2,

    /* U+2167 "Ⅷ" */
    0x5f, 0xf8, 0x0, 0x0, 0x0, 0xe, 0xfe, 0x0,
    0xff, 0xa0, 0x7, 0xff, 0x20, 0xe, 0xfb, 0xe,
    0xfd, 0x0, 0x0, 0x0, 0x4f, 0xf8, 0x0, 0xff,
    0xa0, 0x7, 0xff, 0x20, 0xe, 0xfb, 0x9, 0xff,
    0x30, 0x0, 0x0, 0xaf, 0xf2, 0x0, 0xff, 0xa0,
    0x7, 0xff, 0x20, 0xe, 0xfb, 0x3, 0xff, 0x90,
    0x0, 0x0, 0xff, 0xc0, 0x0, 0xff, 0xa0, 0x7,
    0xff, 0x20, 0xe, 0xfb, 0x0, 0xdf, 0xe0, 0x0,
    0x5, 0xff, 0x60, 0x0, 0xff, 0xa0, 0x7, 0xff,
    0x20, 0xe, 0xfb, 0x0, 0x7f, 0xf4, 0x0, 0xa,
    0xff, 0x10, 0x0, 0xff, 0xa0, 0x7, 0xff, 0x20,
    0xe, 0xfb, 0x0, 0x1f, 0xfa, 0x0, 0xf, 0xfb,
    0x0, 0x0, 0xff, 0xa0, 0x7, 0xff, 0x20, 0xe,
    0xfb, 0x0, 0xb, 0xff, 0x0, 0x5f, 0xf5, 0x0,
    0x0, 0xff, 0xa0, 0x7, 0xff, 0x20, 0xe, 0xfb,
    0x0, 0x5, 0xff, 0x40, 0xaf, 0xf0, 0x0, 0x0,
    0xff, 0xa0, 0x7, 0xff, 0x20, 0xe, 0xfb, 0x0,
    0x0, 0xff, 0x90, 0xff, 0x90, 0x0, 0x0, 0xff,
    0xa0, 0x7, 0xff, 0x20, 0xe, 0xfb, 0x0, 0x0,
    0xaf, 0xe4, 0xff, 0x30, 0x0, 0x0, 0xff, 0xa0,
    0x7, 0xff, 0x20, 0xe, 0xfb, 0x0, 0x0, 0x4f,
    0xfb, 0xfd, 0x0, 0x0, 0x0, 0xff, 0xa0, 0x7,
    0xff, 0x20, 0xe, 0xfb, 0x0, 0x0, 0xe, 0xff,
    0xf8, 0x0, 0x0, 0x0, 0xff, 0xa0, 0x7, 0xff,
    0x20, 0xe, 0xfb, 0x0, 0x0, 0x8, 0xff, 0xf2,
    0x0, 0x0, 0x0, 0xff, 0xa0, 0x7, 0xff, 0x20,
    0xe, 0xfb,

    /* U+2168 "Ⅸ" */
    0x8f, 0xf1, 0x3, 0xff, 0xd0, 0x0, 0x0, 0x4f,
    0xfa, 0x8, 0xff, 0x10, 0x7, 0xff, 0x80, 0x0,
    0x1e, 0xfe, 0x10, 0x8f, 0xf1, 0x0, 0xc, 0xff,
    0x30, 0xa, 0xff, 0x40, 0x8, 0xff, 0x10, 0x0,
    0x2f, 0xfd, 0x4, 0xff, 0x80, 0x0, 0x8f, 0xf1,
    0x0, 0x0, 0x5f, 0xf7, 0xdf, 0xd0, 0x0, 0x8,
    0xff, 0x10, 0x0, 0x0, 0xaf, 0xff, 0xf2, 0x0,
    0x0, 0x8f, 0xf1, 0x0, 0x0, 0x1, 0xef, 0xf7,
    0x0, 0x0, 0x8, 0xff, 0x10, 0x0, 0x0, 0x3f,
    0xff, 0xc0, 0x0, 0x0, 0x8f, 0xf1, 0x0, 0x0,
    0xd, 0xfe, 0xff, 0x80, 0x0, 0x8, 0xff, 0x10,
    0x0, 0xa, 0xff, 0x3b, 0xff, 0x30, 0x0, 0x8f,
    0xf1, 0x0, 0x6, 0xff, 0x80, 0x2f, 0xfd, 0x0,
    0x8, 0xff, 0x10, 0x2, 0xff, 0xc0, 0x0, 0x6f,
    0xfa, 0x0, 0x8f, 0xf1, 0x0, 0xdf, 0xf2, 0x0,
    0x0, 0xbf, 0xf5, 0x8, 0xff, 0x10, 0x9f, 0xf6,
    0x0, 0x0, 0x1, 0xef, 0xf1,

    /* U+2169 "Ⅹ" */
    0xb, 0xff, 0x40, 0x0, 0x0, 0xcf, 0xf2, 0x1,
    0xef, 0xe1, 0x0, 0x8, 0xff, 0x60, 0x0, 0x4f,
    0xfa, 0x0, 0x3f, 0xfb, 0x0, 0x0, 0x9, 0xff,
    0x40, 0xdf, 0xe1, 0x0, 0x0, 0x0, 0xdf, 0xd7,
    0xff, 0x50, 0x0, 0x0, 0x0, 0x3f, 0xff, 0xf9,
    0x0, 0x0, 0x0, 0x0, 0x8, 0xff, 0xe0, 0x0,
    0x0, 0x0, 0x0, 0xb, 0xff, 0xf4, 0x0, 0x0,
    0x0, 0x0, 0x7f, 0xfe, 0xfe, 0x10, 0x0, 0x0,
    0x3, 0xff, 0xa4, 0xff, 0xa0, 0x0, 0x0, 0xd,
    0xfe, 0x10, 0xaf, 0xf6, 0x0, 0x0, 0xaf, 0xf4,
    0x0, 0xe, 0xff, 0x20, 0x6, 0xff, 0x90, 0x0,
    0x4, 0xff, 0xc0, 0x2f, 0xfd, 0x0, 0x0, 0x0,
    0x8f, 0xf8,

    /* U+216A "Ⅺ" */
    0xb, 0xff, 0x40, 0x0, 0x0, 0xcf, 0xf2, 0x2,
    0xff, 0x70, 0x1e, 0xfe, 0x10, 0x0, 0x8f, 0xf6,
    0x0, 0x2f, 0xf7, 0x0, 0x4f, 0xfa, 0x0, 0x3f,
    0xfb, 0x0, 0x2, 0xff, 0x70, 0x0, 0x9f, 0xf4,
    0xd, 0xfe, 0x10, 0x0, 0x2f, 0xf7, 0x0, 0x0,
    0xdf, 0xd7, 0xff, 0x50, 0x0, 0x2, 0xff, 0x70,
    0x0, 0x3, 0xff, 0xff, 0x90, 0x0, 0x0, 0x2f,
    0xf7, 0x0, 0x0, 0x8, 0xff, 0xe0, 0x0, 0x0,
    0x2, 0xff, 0x70, 0x0, 0x0, 0xbf, 0xff, 0x40,
    0x0, 0x0, 0x2f, 0xf7, 0x0, 0x0, 0x7f, 0xfe,
    0xfe, 0x10, 0x0, 0x2, 0xff, 0x70, 0x0, 0x3f,
    0xfa, 0x4f, 0xfa, 0x0, 0x0, 0x2f, 0xf7, 0x0,
    0xd, 0xfe, 0x10, 0xaf, 0xf6, 0x0, 0x2, 0xff,
    0x70, 0xa, 0xff, 0x40, 0x0, 0xef, 0xf2, 0x0,
    0x2f, 0xf7, 0x6, 0xff, 0x90, 0x0, 0x4, 0xff,
    0xc0, 0x2, 0xff, 0x72, 0xff, 0xd0, 0x0, 0x0,
    0x8, 0xff, 0x80, 0x2f, 0xf7,

    /* U+216B "Ⅻ" */
    0xb, 0xff, 0x40, 0x0, 0x0, 0xcf, 0xf2, 0x2,
    0xff, 0x70, 0x9, 0xff, 0x1, 0xef, 0xe1, 0x0,
    0x8, 0xff, 0x60, 0x2, 0xff, 0x70, 0x9, 0xff,
    0x0, 0x4f, 0xfa, 0x0, 0x3f, 0xfb, 0x0, 0x2,
    0xff, 0x70, 0x9, 0xff, 0x0, 0x9, 0xff, 0x40,
    0xdf, 0xe1, 0x0, 0x2, 0xff, 0x70, 0x9, 0xff,
    0x0, 0x0, 0xdf, 0xd7, 0xff, 0x50, 0x0, 0x2,
    0xff, 0x70, 0x9, 0xff, 0x0, 0x0, 0x3f, 0xff,
    0xf9, 0x0, 0x0, 0x2, 0xff, 0x70, 0x9, 0xff,
    0x0, 0x0, 0x8, 0xff, 0xe0, 0x0, 0x0, 0x2,
    0xff, 0x70, 0x9, 0xff, 0x0, 0x0, 0xb, 0xff,
    0xf4, 0x0, 0x0, 0x2, 0xff, 0x70, 0x9, 0xff,
    0x0, 0x0, 0x7f, 0xfe, 0xfe, 0x10, 0x0, 0x2,
    0xff, 0x70, 0x9, 0xff, 0x0, 0x3, 0xff, 0xa4,
    0xff, 0xa0, 0x0, 0x2, 0xff, 0x70, 0x9, 0xff,
    0x0, 0xd, 0xfe, 0x10, 0xaf, 0xf6, 0x0, 0x2,
    0xff, 0x70, 0x9, 0xff, 0x0, 0xaf, 0xf4, 0x0,
    0xe, 0xff, 0x20, 0x2, 0xff, 0x70, 0x9, 0xff,
    0x6, 0xff, 0x90, 0x0, 0x4, 0xff, 0xc0, 0x2,
    0xff, 0x70, 0x9, 0xff, 0x2f, 0xfd, 0x0, 0x0,
    0x0, 0x8f, 0xf8, 0x2, 0xff, 0x70, 0x9, 0xff,

    /* U+216C "Ⅼ" */
    0x8f, 0xf1, 0x0, 0x0, 0x0, 0x8f, 0xf1, 0x0,
    0x0, 0x0, 0x8f, 0xf1, 0x0, 0x0, 0x0, 0x8f,
    0xf1, 0x0, 0x0, 0x0, 0x8f, 0xf1, 0x0, 0x0,
    0x0, 0x8f, 0xf1, 0x0, 0x0, 0x0, 0x8f, 0xf1,
    0x0, 0x0, 0x0, 0x8f, 0xf1, 0x0, 0x0, 0x0,
    0x8f, 0xf1, 0x0, 0x0, 0x0, 0x8f, 0xf1, 0x0,
    0x0, 0x0, 0x8f, 0xf1, 0x0, 0x0, 0x0, 0x8f,
    0xf4, 0x33, 0x33, 0x31, 0x8f, 0xff, 0xff, 0xff,
    0xf8, 0x8f, 0xff, 0xff, 0xff, 0xf8,

    /* U+216D "Ⅽ" */
    0x0, 0x3, 0xad, 0xfe, 0xc6, 0x0, 0x0, 0x9,
    0xff, 0xff, 0xff, 0xfd, 0x10, 0x9, 0xff, 0xe7,
    0x56, 0xbf, 0xfd, 0x3, 0xff, 0xc1, 0x0, 0x0,
    0x8f, 0xf6, 0x9f, 0xf2, 0x0, 0x0, 0x0, 0xbc,
    0x8d, 0xfc, 0x0, 0x0, 0x0, 0x0, 0x0, 0xff,
    0xa0, 0x0, 0x0, 0x0, 0x0, 0xf, 0xfa, 0x0,
    0x0, 0x0, 0x0, 0x0, 0xdf, 0xc0, 0x0, 0x0,
    0x0, 0x0, 0x9, 0xff, 0x20, 0x0, 0x0, 0xb,
    0xc8, 0x3f, 0xfc, 0x0, 0x0, 0x8, 0xff, 0x60,
    0x9f, 0xfe, 0x75, 0x6b, 0xff, 0xd0, 0x0, 0x9f,
    0xff, 0xff, 0xff, 0xd1, 0x0, 0x0, 0x4a, 0xdf,
    0xec, 0x60, 0x0,

    /* U+216E "Ⅾ" */
    0x8f, 0xff, 0xff, 0xec, 0x60, 0x0, 0x8, 0xff,
    0xff, 0xff, 0xff, 0xd3, 0x0, 0x8f, 0xf4, 0x44,
    0x5a, 0xff, 0xe1, 0x8, 0xff, 0x10, 0x0, 0x4,
    0xff, 0xa0, 0x8f, 0xf1, 0x0, 0x0, 0x9, 0xff,
    0x18, 0xff, 0x10, 0x0, 0x0, 0x4f, 0xf4, 0x8f,
    0xf1, 0x0, 0x0, 0x2, 0xff, 0x58, 0xff, 0x10,
    0x0, 0x0, 0x2f, 0xf5, 0x8f, 0xf1, 0x0, 0x0,
    0x4, 0xff, 0x48, 0xff, 0x10, 0x0, 0x0, 0x9f,
    0xf1, 0x8f, 0xf1, 0x0, 0x0, 0x4f, 0xfa, 0x8,
    0xff, 0x44, 0x45, 0xaf, 0xfe, 0x10, 0x8f, 0xff,
    0xff, 0xff, 0xfe, 0x30, 0x8, 0xff, 0xff, 0xfe,
    0xb6, 0x0, 0x0,

    /* U+216F "Ⅿ" */
    0x8f, 0xff, 0x90, 0x0, 0x0, 0x2, 0xff, 0xff,
    0x8f, 0xff, 0xe0, 0x0, 0x0, 0x8, 0xff, 0xff,
    0x8f, 0xff, 0xf5, 0x0, 0x0, 0xe, 0xfe, 0xff,
    0x8f, 0xfb, 0xfb, 0x0, 0x0, 0x4f, 0xfa, 0xff,
    0x8f, 0xf6, 0xff, 0x10, 0x0, 0xaf, 0xd9, 0xff,
    0x8f, 0xf1, 0xff, 0x70, 0x1, 0xff, 0x89, 0xff,
    0x8f, 0xf0, 0xcf, 0xd0, 0x6, 0xff, 0x29, 0xff,
    0x8f, 0xf0, 0x6f, 0xf3, 0xc, 0xfc, 0x9, 0xff,
    0x8f, 0xf0, 0xf, 0xf8, 0x1f, 0xf6, 0x9, 0xff,
    0x8f, 0xf0, 0xa, 0xfc, 0x5f, 0xf1, 0x9, 0xff,
    0x8f, 0xf0, 0x3, 0xff, 0xaf, 0xa0, 0x9, 0xff,
    0x8f, 0xf0, 0x0, 0xdf, 0xff, 0x40, 0x9, 0xff,
    0x8f, 0xf0, 0x0, 0x7f, 0xfe, 0x0, 0x9, 0xff,
    0x8f, 0xf0, 0x0, 0x1f, 0xf8, 0x0, 0x9, 0xff,

    /* U+2170 "ⅰ" */
    0x27, 0x20, 0xdf, 0xe0, 0xbf, 0xc0, 0x3, 0x0,
    0xbf, 0xd0, 0xbf, 0xd0, 0xbf, 0xd0, 0xbf, 0xd0,
    0xbf, 0xd0, 0xbf, 0xd0, 0xbf, 0xd0, 0xbf, 0xd0,
    0xbf, 0xd0, 0xbf, 0xd0, 0xbf, 0xd0,

    /* U+2171 "ⅱ" */
    0x17, 0x30, 0x0, 0x64, 0xb, 0xff, 0x0, 0x8f,
    0xf3, 0xaf, 0xd0, 0x6, 0xff, 0x20, 0x30, 0x0,
    0x2, 0x10, 0xaf, 0xe0, 0x6, 0xff, 0x2a, 0xfe,
    0x0, 0x6f, 0xf2, 0xaf, 0xe0, 0x6, 0xff, 0x2a,
    0xfe, 0x0, 0x6f, 0xf2, 0xaf, 0xe0, 0x6, 0xff,
    0x2a, 0xfe, 0x0, 0x6f, 0xf2, 0xaf, 0xe0, 0x6,
    0xff, 0x2a, 0xfe, 0x0, 0x6f, 0xf2, 0xaf, 0xe0,
    0x6, 0xff, 0x2a, 0xfe, 0x0, 0x6f, 0xf2, 0xaf,
    0xe0, 0x6, 0xff, 0x20,

    /* U+2172 "ⅲ" */
    0x17, 0x30, 0x0, 0x64, 0x0, 0x5, 0x60, 0xbf,
    0xf0, 0x8, 0xff, 0x30, 0x4f, 0xf7, 0xaf, 0xd0,
    0x6, 0xff, 0x20, 0x3f, 0xf5, 0x3, 0x0, 0x0,
    0x21, 0x0, 0x1, 0x20, 0xaf, 0xe0, 0x6, 0xff,
    0x20, 0x3f, 0xf5, 0xaf, 0xe0, 0x6, 0xff, 0x20,
    0x3f, 0xf5, 0xaf, 0xe0, 0x6, 0xff, 0x20, 0x3f,
    0xf5, 0xaf, 0xe0, 0x6, 0xff, 0x20, 0x3f, 0xf5,
    0xaf, 0xe0, 0x6, 0xff, 0x20, 0x3f, 0xf5, 0xaf,
    0xe0, 0x6, 0xff, 0x20, 0x3f, 0xf5, 0xaf, 0xe0,
    0x6, 0xff, 0x20, 0x3f, 0xf5, 0xaf, 0xe0, 0x6,
    0xff, 0x20, 0x3f, 0xf5, 0xaf, 0xe0, 0x6, 0xff,
    0x20, 0x3f, 0xf5, 0xaf, 0xe0, 0x6, 0xff, 0x20,
    0x3f, 0xf5, 0xaf, 0xe0, 0x6, 0xff, 0x20, 0x3f,
    0xf5,

    /* U+2173 "ⅳ" */
    0x17, 0x30, 0x0, 0x0, 0x0, 0x0, 0x0, 0x0,
    0xbf, 0xf0, 0x0, 0x0, 0x0, 0x0, 0x0, 0x0,
    0xaf, 0xd0, 0x0, 0x0, 0x0, 0x0, 0x0, 0x0,
    0x3, 0x0, 0x0, 0x0, 0x0, 0x0, 0x0, 0x0,
    0xaf, 0xe0, 0x3f, 0xf7, 0x0, 0x0, 0x4f, 0xf6,
    0xaf, 0xe0, 0xd, 0xfd, 0x0, 0x0, 0x9f, 0xf1,
    0xaf, 0xe0, 0x7, 0xff, 0x20, 0x0, 0xef, 0xa0,
    0xaf, 0xe0, 0x1, 0xff, 0x70, 0x4, 0xff, 0x40,
    0xaf, 0xe0, 0x0, 0xbf, 0xd0, 0x9, 0xfe, 0x0,
    0xaf, 0xe0, 0x0, 0x5f, 0xf2, 0xe, 0xf8, 0x0,
    0xaf, 0xe0, 0x0, 0xf, 0xf7, 0x3f, 0xf3, 0x0,
    0xaf, 0xe0, 0x0, 0x9, 0xfc, 0x8f, 0xd0, 0x0,
    0xaf, 0xe0, 0x0, 0x4, 0xff, 0xcf, 0x70, 0x0,
    0xaf, 0xe0, 0x0, 0x0, 0xef, 0xff, 0x10, 0x0,
    0xaf, 0xe0, 0x0, 0x0, 0x8f, 0xfb, 0x0, 0x0,

    /* U+2174 "ⅴ" */
    0x7f, 0xf3, 0x0, 0x0, 0x8f, 0xf2, 0x1f, 0xf8,
    0x0, 0x0, 0xef, 0xc0, 0xc, 0xfd, 0x0, 0x3,
    0xff, 0x60, 0x6, 0xff, 0x30, 0x8, 0xff, 0x0,
    0x0, 0xff, 0x80, 0xe, 0xfa, 0x0, 0x0, 0xaf,
    0xd0, 0x3f, 0xf4, 0x0, 0x0, 0x4f, 0xf2, 0x8f,
    0xe0, 0x0, 0x0, 0xe, 0xf7, 0xcf, 0x80, 0x0,
    0x0, 0x8, 0xfc, 0xff, 0x20, 0x0, 0x0, 0x2,
    0xff, 0xfc, 0x0, 0x0, 0x0, 0x0, 0xcf, 0xf6,
    0x0, 0x0,

    /* U+2175 "ⅵ" */
    0x0, 0x0, 0x0, 0x0, 0x0, 0x0, 0x37, 0x10,
    0x0, 0x0, 0x0, 0x0, 0x0, 0x1f, 0xfa, 0x0,
    0x0, 0x0, 0x0, 0x0, 0x0, 0xef, 0x90, 0x0,
    0x0, 0x0, 0x0, 0x0, 0x1, 0x30, 0x8f, 0xf2,
    0x0, 0x0, 0x9f, 0xf1, 0xff, 0x92, 0xff, 0x80,
    0x0, 0xe, 0xfb, 0xf, 0xf9, 0xc, 0xfd, 0x0,
    0x3, 0xff, 0x50, 0xff, 0x90, 0x6f, 0xf2, 0x0,
    0x9f, 0xf0, 0xf, 0xf9, 0x1, 0xff, 0x80, 0xe,
    0xf9, 0x0, 0xff, 0x90, 0xa, 0xfd, 0x3, 0xff,
    0x30, 0xf, 0xf9, 0x0, 0x4f, 0xf2, 0x8f, 0xd0,
    0x0, 0xff, 0x90, 0x0, 0xef, 0x7d, 0xf8, 0x0,
    0xf, 0xf9, 0x0, 0x9, 0xfc, 0xff, 0x20, 0x0,
    0xff, 0x90, 0x0, 0x3f, 0xff, 0xc0, 0x0, 0xf,
    0xf9, 0x0, 0x0, 0xdf, 0xf6, 0x0, 0x0, 0xff,
    0x90,

    /* U+2176 "ⅶ" */
    0x0, 0x0, 0x0, 0x0, 0x0, 0x0, 0x3, 0x71,
    0x0, 0x17, 0x20, 0x0, 0x0, 0x0, 0x0, 0x0,
    0x0, 0xf, 0xfb, 0x0, 0xcf, 0xf0, 0x0, 0x0,
    0x0, 0x0, 0x0, 0x0, 0xd, 0xf9, 0x0, 0xaf,
    0xd0, 0x0, 0x0, 0x0, 0x0, 0x0, 0x0, 0x0,
    0x30, 0x0, 0x3, 0x0, 0x7f, 0xf4, 0x0, 0x0,
    0x7f, 0xf2, 0xe, 0xfa, 0x0, 0xaf, 0xd0, 0x1f,
    0xf9, 0x0, 0x0, 0xdf, 0xd0, 0xe, 0xfa, 0x0,
    0xaf, 0xd0, 0xb, 0xfe, 0x0, 0x2, 0xff, 0x70,
    0xe, 0xfa, 0x0, 0xaf, 0xd0, 0x5, 0xff, 0x40,
    0x7, 0xff, 0x10, 0xe, 0xfa, 0x0, 0xaf, 0xd0,
    0x0, 0xef, 0x90, 0xd, 0xfb, 0x0, 0xe, 0xfa,
    0x0, 0xaf, 0xd0, 0x0, 0x9f, 0xe0, 0x2f, 0xf5,
    0x0, 0xe, 0xfa, 0x0, 0xaf, 0xd0, 0x0, 0x3f,
    0xf3, 0x7f, 0xe0, 0x0, 0xe, 0xfa, 0x0, 0xaf,
    0xd0, 0x0, 0xd, 0xf8, 0xbf, 0x90, 0x0, 0xe,
    0xfa, 0x0, 0xaf, 0xd0, 0x0, 0x7, 0xfd, 0xff,
    0x30, 0x0, 0xe, 0xfa, 0x0, 0xaf, 0xd0, 0x0,
    0x1, 0xff, 0xfd, 0x0, 0x0, 0xe, 0xfa, 0x0,
    0xaf, 0xd0, 0x0, 0x0, 0xbf, 0xf7, 0x0, 0x0,
    0xe, 0xfa, 0x0, 0xaf, 0xd0,

    /* U+2177 "ⅷ" */
    0x0, 0x0, 0x0, 0x0, 0x0, 0x0, 0x3, 0x71,
    0x0, 0x17, 0x20, 0x0, 0x64, 0x0, 0x0, 0x0,
    0x0, 0x0, 0x0, 0x0, 0xff, 0xb0, 0xc, 0xff,
    0x0, 0x8f, 0xf2, 0x0, 0x0, 0x0, 0x0, 0x0,
    0x0, 0xd, 0xf9, 0x0, 0xaf, 0xd0, 0x6, 0xff,
    0x10, 0x0, 0x0, 0x0, 0x0, 0x0, 0x0, 0x3,
    0x0, 0x0, 0x30, 0x0, 0x3, 0x10, 0x7f, 0xf4,
    0x0, 0x0, 0x7f, 0xf2, 0xe, 0xfa, 0x0, 0xaf,
    0xd0, 0x7, 0xff, 0x11, 0xff, 0x90, 0x0, 0xd,
    0xfd, 0x0, 0xef, 0xa0, 0xa, 0xfd, 0x0, 0x7f,
    0xf1, 0xb, 0xfe, 0x0, 0x2, 0xff, 0x70, 0xe,
    0xfa, 0x0, 0xaf, 0xd0, 0x7, 0xff, 0x10, 0x5f,
    0xf4, 0x0, 0x7f, 0xf1, 0x0, 0xef, 0xa0, 0xa,
    0xfd, 0x0, 0x7f, 0xf1, 0x0, 0xef, 0x90, 0xd,
    0xfb, 0x0, 0xe, 0xfa, 0x0, 0xaf, 0xd0, 0x7,
    0xff, 0x10, 0x9, 0xfe, 0x2, 0xff, 0x50, 0x0,
    0xef, 0xa0, 0xa, 0xfd, 0x0, 0x7f, 0xf1, 0x0,
    0x3f, 0xf3, 0x7f, 0xe0, 0x0, 0xe, 0xfa, 0x0,
    0xaf, 0xd0, 0x7, 0xff, 0x10, 0x0, 0xdf, 0x8b,
    0xf9, 0x0, 0x0, 0xef, 0xa0, 0xa, 0xfd, 0x0,
    0x7f, 0xf1, 0x0, 0x7, 0xfd, 0xff, 0x30, 0x0,
    0xe, 0xfa, 0x0, 0xaf, 0xd0, 0x7, 0xff, 0x10,
    0x0, 0x1f, 0xff, 0xd0, 0x0, 0x0, 0xef, 0xa0,
    0xa, 0xfd, 0x0, 0x7f, 0xf1, 0x0, 0x0, 0xbf,
    0xf7, 0x0, 0x0, 0xe, 0xfa, 0x0, 0xaf, 0xd0,
    0x7, 0xff, 0x10,

    /* U+2178 "ⅸ" */
    0x17, 0x30, 0x0, 0x0, 0x0, 0x0, 0x0, 0x0,
    0xbf, 0xf0, 0x0, 0x0, 0x0, 0x0, 0x0, 0x0,
    0xaf, 0xd0, 0x0, 0x0, 0x0, 0x0, 0x0, 0x0,
    0x3, 0x0, 0x0, 0x0, 0x0, 0x0, 0x0, 0x0,
    0xaf, 0xe0, 0xb, 0xff, 0x10, 0x2, 0xff, 0xa0,
    0xaf, 0xe0, 0x2, 0xff, 0xa0, 0xb, 0xfe, 0x10,
    0xaf, 0xe0, 0x0, 0x7f, 0xf3, 0x4f, 0xf5, 0x0,
    0xaf, 0xe0, 0x0, 0xd, 0xfb, 0xcf, 0xb0, 0x0,
    0xaf, 0xe0, 0x0, 0x3, 0xff, 0xff, 0x10, 0x0,
    0xaf, 0xe0, 0x0, 0x0, 0xdf, 0xfa, 0x0, 0x0,
    0xaf, 0xe0, 0x0, 0x6, 0xff, 0xff, 0x30, 0x0,
    0xaf, 0xe0, 0x0, 0x1e, 0xf8, 0xbf, 0xd0, 0x0,
    0xaf, 0xe0, 0x0, 0xaf, 0xe0, 0x2f, 0xf8, 0x0,
    0xaf, 0xe0, 0x5, 0xff, 0x60, 0x9, 0xff, 0x20,
    0xaf, 0xe0, 0xe, 0xfc, 0x0, 0x0, 0xef, 0xc0,

    /* U+2179 "ⅹ" */
    0x1f, 0xfb, 0x0, 0x6, 0xff, 0x50, 0x6f, 0xf5,
    0x1, 0xef, 0xa0, 0x0, 0xcf, 0xd0, 0x9f, 0xf1,
    0x0, 0x2, 0xff, 0x8f, 0xf6, 0x0, 0x0, 0x8,
    0xff, 0xfc, 0x0, 0x0, 0x0, 0x2f, 0xff, 0x50,
    0x0, 0x0, 0xb, 0xff, 0xfd, 0x0, 0x0, 0x5,
    0xff, 0x4f, 0xf8, 0x0, 0x1, 0xef, 0xa0, 0x7f,
    0xf3, 0x0, 0xaf, 0xf1, 0x0, 0xdf, 0xd0, 0x4f,
    0xf7, 0x0, 0x4, 0xff, 0x70,

    /* U+217A "ⅺ" */
    0x0, 0x0, 0x0, 0x0, 0x0, 0x0, 0x5, 0x50,
    0x0, 0x0, 0x0, 0x0, 0x0, 0x0, 0x5f, 0xf5,
    0x0, 0x0, 0x0, 0x0, 0x0, 0x0, 0x4f, 0xf4,
    0x0, 0x0, 0x0, 0x0, 0x0, 0x0, 0x2, 0x20,
    0x1e, 0xfc, 0x0, 0x5, 0xff, 0x60, 0x4f, 0xf4,
    0x5, 0xff, 0x60, 0xe, 0xfc, 0x0, 0x4f, 0xf4,
    0x0, 0xbf, 0xe0, 0x8f, 0xf2, 0x0, 0x4f, 0xf4,
    0x0, 0x1f, 0xf8, 0xff, 0x70, 0x0, 0x4f, 0xf4,
    0x0, 0x7, 0xff, 0xfd, 0x0, 0x0, 0x4f, 0xf4,
    0x0, 0x1, 0xff, 0xf6, 0x0, 0x0, 0x4f, 0xf4,
    0x0, 0xa, 0xff, 0xfe, 0x10, 0x0, 0x4f, 0xf4,
    0x0, 0x4f, 0xf4, 0xef, 0x90, 0x0, 0x4f, 0xf4,
    0x0, 0xdf, 0xb0, 0x6f, 0xf4, 0x0, 0x4f, 0xf4,
    0x8, 0xff, 0x20, 0xc, 0xfd, 0x0, 0x4f, 0xf4,
    0x3f, 0xf8, 0x0, 0x3, 0xff, 0x90, 0x4f, 0xf4,

    /* U+217B "ⅻ" */
    0x0, 0x0, 0x0, 0x0, 0x0, 0x0, 0x5, 0x50,
    0x0, 0x46, 0x0, 0x0, 0x0, 0x0, 0x0, 0x0,
    0x5, 0xff, 0x50, 0x2f, 0xf9, 0x0, 0x0, 0x0,
    0x0, 0x0, 0x0, 0x4f, 0xf4, 0x1, 0xff, 0x70,
    0x0, 0x0, 0x0, 0x0, 0x0, 0x0, 0x22, 0x0,
    0x1, 0x30, 0x1e, 0xfc, 0x0, 0x5, 0xff, 0x60,
    0x4f, 0xf4, 0x0, 0xff, 0x70, 0x5f, 0xf6, 0x0,
    0xef, 0xc0, 0x4, 0xff, 0x40, 0xf, 0xf7, 0x0,
    0xbf, 0xe0, 0x8f, 0xf2, 0x0, 0x4f, 0xf4, 0x0,
    0xff, 0x70, 0x1, 0xff, 0x8f, 0xf7, 0x0, 0x4,
    0xff, 0x40, 0xf, 0xf7, 0x0, 0x7, 0xff, 0xfd,
    0x0, 0x0, 0x4f, 0xf4, 0x0, 0xff, 0x70, 0x0,
    0x1f, 0xff, 0x60, 0x0, 0x4, 0xff, 0x40, 0xf,
    0xf7, 0x0, 0xa, 0xff, 0xfe, 0x10, 0x0, 0x4f,
    0xf4, 0x0, 0xff, 0x70, 0x4, 0xff, 0x4e, 0xf9,
    0x0, 0x4, 0xff, 0x40, 0xf, 0xf7, 0x0, 0xdf,
    0xb0, 0x6f, 0xf4, 0x0, 0x4f, 0xf4, 0x0, 0xff,
    0x70, 0x8f, 0xf2, 0x0, 0xcf, 0xd0, 0x4, 0xff,
    0x40, 0xf, 0xf7, 0x3f, 0xf8, 0x0, 0x3, 0xff,
    0x90, 0x4f, 0xf4, 0x0, 0xff, 0x70,

    /* U+217C "ⅼ" */
    0xaf, 0xea, 0xfe, 0xaf, 0xea, 0xfe, 0xaf, 0xea,
    0xfe, 0xaf, 0xea, 0xfe, 0xaf, 0xea, 0xfe, 0xaf,
    0xea, 0xfe, 0xaf, 0xea, 0xfe,

    /* U+217D "ⅽ" */
    0x0, 0x5, 0xce, 0xfc, 0x60, 0x0, 0x9, 0xff,
    0xff, 0xff, 0xb0, 0x5, 0xff, 0xb3, 0x18, 0xff,
    0x60, 0xcf, 0xe0, 0x0, 0x9, 0xa5, 0xf, 0xf9,
    0x0, 0x0, 0x0, 0x1, 0xff, 0x70, 0x0, 0x0,
    0x0, 0xf, 0xf8, 0x0, 0x0, 0x0, 0x0, 0xcf,
    0xd0, 0x0, 0xa, 0xb6, 0x6, 0xff, 0xa2, 0x18,
    0xff, 0x70, 0xa, 0xff, 0xff, 0xff, 0xb0, 0x0,
    0x5, 0xce, 0xfc, 0x60, 0x0,

    /* U+217E "ⅾ" */
    0x0, 0x0, 0x0, 0x0, 0x7f, 0xf1, 0x0, 0x0,
    0x0, 0x0, 0x7f, 0xf1, 0x0, 0x0, 0x0, 0x0,
    0x7f, 0xf1, 0x0, 0x19, 0xef, 0xc4, 0x7f, 0xf1,
    0x0, 0xdf, 0xff, 0xff, 0x9f, 0xf1, 0x8, 0xff,
    0xa3, 0x2a, 0xff, 0xf1, 0xe, 0xfd, 0x0, 0x0,
    0xdf, 0xf1, 0x1f, 0xf8, 0x0, 0x0, 0x8f, 0xf1,
    0x2f, 0xf7, 0x0, 0x0, 0x6f, 0xf1, 0x1f, 0xf8,
    0x0, 0x0, 0x8f, 0xf1, 0xe, 0xfd, 0x0, 0x0,
    0xdf, 0xf1, 0x8, 0xff, 0xa2, 0x2a, 0xff, 0xf1,
    0x0, 0xdf, 0xff, 0xff, 0x9f, 0xf1, 0x0, 0x19,
    0xef, 0xc3, 0x6f, 0xf1,

    /* U+217F "ⅿ" */
    0xaf, 0xc1, 0xaf, 0xe7, 0x1, 0x9e, 0xfb, 0x20,
    0xaf, 0xcd, 0xff, 0xff, 0x6d, 0xff, 0xff, 0xe1,
    0xaf, 0xfa, 0x11, 0xcf, 0xfd, 0x20, 0x8f, 0xf7,
    0xaf, 0xf0, 0x0, 0x4f, 0xf5, 0x0, 0xf, 0xf9,
    0xaf, 0xe0, 0x0, 0x3f, 0xf4, 0x0, 0xe, 0xfa,
    0xaf, 0xe0, 0x0, 0x3f, 0xf4, 0x0, 0xe, 0xfa,
    0xaf, 0xe0, 0x0, 0x3f, 0xf4, 0x0, 0xe, 0xfa,
    0xaf, 0xe0, 0x0, 0x3f, 0xf4, 0x0, 0xe, 0xfa,
    0xaf, 0xe0, 0x0, 0x3f, 0xf4, 0x0, 0xe, 0xfa,
    0xaf, 0xe0, 0x0, 0x3f, 0xf4, 0x0, 0xe, 0xfa,
    0xaf, 0xe0, 0x0, 0x3f, 0xf4, 0x0, 0xe, 0xfa,

    /* U+2183 "Ↄ" */
    0x0, 0x29, 0xdf, 0xec, 0x60, 0x0, 0x4, 0xff,
    0xff, 0xff, 0xfc, 0x10, 0x1f, 0xfe, 0x52, 0x27,
    0xff, 0xc0, 0x7f, 0xf4, 0x0, 0x0, 0x7f, 0xf4,
    0x7b, 0xa0, 0x0, 0x0, 0x1f, 0xf9, 0x0, 0x0,
    0x0, 0x0, 0xe, 0xfb, 0x0, 0x0, 0x0, 0x0,
    0xc, 0xfd, 0x0, 0x0, 0x0, 0x0, 0xc, 0xfd,
    0x0, 0x0, 0x0, 0x0, 0xd, 0xfb, 0x69, 0x90,
    0x0, 0x0, 0xf, 0xf9, 0x8f, 0xf3, 0x0, 0x0,
    0x6f, 0xf4, 0x1f, 0xfe, 0x52, 0x27, 0xff, 0xc0,
    0x4, 0xff, 0xff, 0xff, 0xfd, 0x20, 0x0, 0x29,
    0xdf, 0xec, 0x70, 0x0,

    /* U+2184 "ↄ" */
    0x0, 0x2a, 0xef, 0xd8, 0x10, 0x0, 0x2f, 0xff,
    0xff, 0xfd, 0x10, 0xb, 0xff, 0x51, 0x6f, 0xfa,
    0x0, 0xff, 0x90, 0x0, 0xaf, 0xf0, 0x4, 0x41,
    0x0, 0x6, 0xff, 0x30, 0x0, 0x0, 0x0, 0x5f,
    0xf4, 0x0, 0x0, 0x0, 0x6, 0xff, 0x30, 0xbb,
    0x50, 0x0, 0x9f, 0xf1, 0xc, 0xfe, 0x41, 0x5f,
    0xfa, 0x0, 0x3f, 0xff, 0xff, 0xfd, 0x10, 0x0,
    0x2a, 0xef, 0xd9, 0x10, 0x0,

    /* U+2185 "ↅ" */
    0x0, 0x2, 0x9d, 0xfe, 0xc6, 0x0, 0x0, 0x6,
    0xff, 0xff, 0xff, 0xfc, 0x0, 0x3, 0xff, 0xc4,
    0x12, 0x8f, 0xf9, 0x0, 0xbf, 0xf1, 0x0, 0x0,
    0xaf, 0xf1, 0x1f, 0xf9, 0x0, 0x0, 0x3, 0x99,
    0x23, 0xff, 0x70, 0x0, 0x0, 0x0, 0x0, 0x4f,
    0xf5, 0x0, 0x0, 0x0, 0x0, 0x4, 0xff, 0x50,
    0x0, 0x0, 0x0, 0x0, 0x3f, 0xf6, 0x0, 0x0,
    0x0, 0x0, 0x1, 0xff, 0x80, 0x0, 0x0, 0x8f,
    0xf2, 0xc, 0xfe, 0x0, 0x0, 0x8, 0xff, 0x20,
    0x4f, 0xfc, 0x41, 0x28, 0xff, 0xf2, 0x0, 0x7f,
    0xff, 0xff, 0xff, 0xff, 0x20, 0x0, 0x3a, 0xef,
    0xeb, 0xbf, 0xf2, 0x0, 0x0, 0x0, 0x0, 0x8,
    0xff, 0x20, 0x0, 0x0, 0x0, 0x0, 0x8f, 0xf2,
    0x0, 0x0, 0x0, 0x0, 0x8, 0xff, 0x20, 0x0,
    0x0, 0x0, 0x0, 0x24, 0x40,

    /* U+2186 "ↆ" */
    0x0, 0x0, 0x0, 0x6f, 0xf3, 0x0, 0x0, 0x0,
    0x0, 0x0, 0x0, 0x6f, 0xf3, 0x0, 0x0, 0x0,
    0x0, 0x0, 0x0, 0x6f, 0xf3, 0x0, 0x0, 0x0,
    0x0, 0x0, 0x0, 0x6f, 0xf3, 0x0, 0x0, 0x0,
    0x0, 0x0, 0x0, 0x6f, 0xf3, 0x0, 0x0, 0x0,
    0x0, 0x10, 0x0, 0x6f, 0xf3, 0x0, 0x1, 0x0,
    0xa, 0xe1, 0x0, 0x6f, 0xf3, 0x0, 0x3e, 0x70,
    0x7f, 0xfd, 0x10, 0x6f, 0xf3, 0x2, 0xef, 0xf4,
    0xb, 0xff, 0xd1, 0x6f, 0xf3, 0x2e, 0xff, 0x90,
    0x0, 0xcf, 0xfc, 0x7f, 0xf5, 0xef, 0xf9, 0x0,
    0x0, 0xc, 0xff, 0xff, 0xff, 0xff, 0x90, 0x0,
    0x0, 0x0, 0xcf, 0xff, 0xff, 0xf9, 0x0, 0x0,
    0x0, 0x0, 0xc, 0xff, 0xff, 0x90, 0x0, 0x0,
    0x0, 0x0, 0x0, 0xcf, 0xfa, 0x0, 0x0, 0x0,

    /* U+2189 "↉" */
    0x1, 0xae, 0xe9, 0x0, 0x0, 0x0, 0x5, 0xf9,
    0x0, 0x0, 0xb, 0xfa, 0xbf, 0xa0, 0x0, 0x0,
    0x1e, 0xd0, 0x0, 0x0, 0x2f, 0xd0, 0xe, 0xf0,
    0x0, 0x0, 0xcf, 0x20, 0x0, 0x0, 0x4f, 0xa0,
    0xb, 0xf3, 0x0, 0x7, 0xf6, 0x0, 0x0, 0x0,
    0x3f, 0xb0, 0xc, 0xf2, 0x0, 0x3f, 0xb0, 0x0,
    0x0, 0x0, 0xf, 0xf2, 0x3f, 0xe0, 0x0, 0xde,
    0x10, 0x0, 0x0, 0x0, 0x6, 0xff, 0xff, 0x50,
    0xa, 0xf4, 0x1, 0xae, 0xfa, 0x10, 0x0, 0x37,
    0x72, 0x0, 0x5f, 0x90, 0xb, 0xe9, 0xaf, 0xa0,
    0x0, 0x0, 0x0, 0x1, 0xed, 0x0, 0x0, 0x1,
    0x4f, 0xa0, 0x0, 0x0, 0x0, 0xc, 0xf2, 0x0,
    0x0, 0xf, 0xfd, 0x10, 0x0, 0x0, 0x0, 0x7f,
    0x60, 0x0, 0x0, 0x4, 0x7f, 0xd0, 0x0, 0x0,
    0x3, 0xfb, 0x0, 0x0, 0x0, 0x0, 0xe, 0xf1,
    0x0, 0x0, 0xd, 0xe1, 0x0, 0x0, 0xe, 0xf8,
    0x9f, 0xd0, 0x0, 0x0, 0xaf, 0x40, 0x0, 0x0,
    0x2, 0xbe, 0xea, 0x20,

    /* U+2190 "←" */
    0x0, 0x0, 0x0, 0xa, 0x50, 0x0, 0x0, 0x0,
    0x0, 0x0, 0x0, 0xaf, 0xf1, 0x0, 0x0, 0x0,
    0x0, 0x0, 0xa, 0xff, 0x40, 0x0, 0x0, 0x0,
    0x0, 0x0, 0xaf, 0xf4, 0x0, 0x0, 0x0, 0x0,
    0x0, 0xa, 0xfe, 0x30, 0x0, 0x0, 0x0, 0x0,
    0x0, 0xaf, 0xc3, 0x23, 0x33, 0x33, 0x33, 0x31,
    0xa, 0xff, 0xff, 0xff, 0xff, 0xff, 0xff, 0xf9,
    0x6, 0xff, 0xdd, 0xee, 0xee, 0xee, 0xee, 0xe8,
    0x0, 0x6f, 0xf4, 0x0, 0x0, 0x0, 0x0, 0x0,
    0x0, 0x6, 0xff, 0x70, 0x0, 0x0, 0x0, 0x0,
    0x0, 0x0, 0x6f, 0xf8, 0x0, 0x0, 0x0, 0x0,
    0x0, 0x0, 0x6, 0xff, 0x80, 0x0, 0x0, 0x0,
    0x0, 0x0, 0x0, 0x6f, 0xe1, 0x0, 0x0, 0x0,
    0x0, 0x0, 0x0, 0x5, 0x20, 0x0, 0x0, 0x0,

    /* U+2191 "↑" */
    0x0, 0x0, 0x0, 0x63, 0x0, 0x0, 0x0, 0x0,
    0x0, 0x7, 0xff, 0x30, 0x0, 0x0, 0x0, 0x0,
    0x7f, 0xff, 0xf3, 0x0, 0x0, 0x0, 0x7, 0xfe,
    0xfe, 0xff, 0x30, 0x0, 0x0, 0x7f, 0xf5, 0xfd,
    0x7f, 0xf3, 0x0, 0x7, 0xff, 0x62, 0xfe, 0x9,
    0xff, 0x30, 0x7f, 0xf7, 0x2, 0xfe, 0x0, 0xaf,
    0xf3, 0x7f, 0x70, 0x2, 0xfe, 0x0, 0xa, 0xf4,
    0x3, 0x0, 0x2, 0xfe, 0x0, 0x0, 0x30, 0x0,
    0x0, 0x2, 0xfe, 0x0, 0x0, 0x0, 0x0, 0x0,
    0x2, 0xfe, 0x0, 0x0, 0x0, 0x0, 0x0, 0x2,
    0xfe, 0x0, 0x0, 0x0, 0x0, 0x0, 0x2, 0xfe,
    0x0, 0x0, 0x0, 0x0, 0x0, 0x2, 0xfe, 0x0,
    0x0, 0x0, 0x0, 0x0, 0x2, 0xfe, 0x0, 0x0,
    0x0,

    /* U+2192 "→" */
    0x0, 0x0, 0x0, 0x4, 0xb0, 0x0, 0x0, 0x0,
    0x0, 0x0, 0x0, 0xe, 0xfb, 0x0, 0x0, 0x0,
    0x0, 0x0, 0x0, 0x3, 0xef, 0xb0, 0x0, 0x0,
    0x0, 0x0, 0x0, 0x0, 0x3e, 0xfb, 0x0, 0x0,
    0x0, 0x0, 0x0, 0x0, 0x2, 0xef, 0xb0, 0x0,
    0x13, 0x33, 0x33, 0x33, 0x32, 0x3b, 0xfb, 0x0,
    0x8f, 0xff, 0xff, 0xff, 0xff, 0xff, 0xff, 0xb0,
    0x7e, 0xee, 0xee, 0xee, 0xee, 0xdd, 0xff, 0x70,
    0x0, 0x0, 0x0, 0x0, 0x0, 0x4e, 0xf7, 0x0,
    0x0, 0x0, 0x0, 0x0, 0x6, 0xff, 0x70, 0x0,
    0x0, 0x0, 0x0, 0x0, 0x7f, 0xf7, 0x0, 0x0,
    0x0, 0x0, 0x0, 0x7, 0xff, 0x70, 0x0, 0x0,
    0x0, 0x0, 0x0, 0xd, 0xf7, 0x0, 0x0, 0x0,
    0x0, 0x0, 0x0, 0x1, 0x60, 0x0, 0x0, 0x0,

    /* U+2193 "↓" */
    0x0, 0x0, 0x1, 0x88, 0x0, 0x0, 0x0, 0x0,
    0x0, 0x2, 0xfe, 0x0, 0x0, 0x0, 0x0, 0x0,
    0x2, 0xfe, 0x0, 0x0, 0x0, 0x0, 0x0, 0x2,
    0xfe, 0x0, 0x0, 0x0, 0x0, 0x0, 0x2, 0xfe,
    0x0, 0x0, 0x0, 0x0, 0x0, 0x2, 0xfe, 0x0,
    0x0, 0x0, 0x0, 0x0, 0x2, 0xfe, 0x0, 0x0,
    0x0, 0x2c, 0x20, 0x2, 0xfe, 0x0, 0x4, 0xb0,
    0xbf, 0xe2, 0x2, 0xfe, 0x0, 0x4f, 0xf7, 0x1d,
    0xfd, 0x12, 0xfe, 0x4, 0xff, 0xa0, 0x1, 0xdf,
    0xc2, 0xfd, 0x2f, 0xfa, 0x0, 0x0, 0x1d, 0xfa,
    0xfc, 0xdf, 0xa0, 0x0, 0x0, 0x1, 0xdf, 0xff,
    0xfa, 0x0, 0x0, 0x0, 0x0, 0x1d, 0xff, 0xa0,
    0x0, 0x0, 0x0, 0x0, 0x1, 0xda, 0x0, 0x0,
    0x0, 0x0, 0x0, 0x0, 0x0, 0x0, 0x0, 0x0,

    /* U+2194 "↔" */
    0x0, 0x0, 0x0, 0x6, 0x0, 0x0, 0x0, 0x0,
    0x16, 0x0, 0x0, 0x0, 0x0, 0x0, 0x0, 0xaf,
    0xa0, 0x0, 0x0, 0x0, 0xcf, 0x70, 0x0, 0x0,
    0x0, 0x0, 0xa, 0xff, 0x40, 0x0, 0x0, 0x0,
    0x6f, 0xf7, 0x0, 0x0, 0x0, 0x0, 0xaf, 0xf4,
    0x0, 0x0, 0x0, 0x0, 0x6, 0xff, 0x70, 0x0,
    0x0, 0xa, 0xfe, 0x30, 0x0, 0x0, 0x0, 0x0,
    0x0, 0x5f, 0xf7, 0x0, 0x0, 0xaf, 0xc3, 0x23,
    0x33, 0x33, 0x33, 0x33, 0x33, 0x24, 0xef, 0x70,
    0xa, 0xff, 0xff, 0xff, 0xff, 0xff, 0xff, 0xff,
    0xff, 0xff, 0xff, 0xf7, 0x6, 0xff, 0xdd, 0xee,
    0xee, 0xee, 0xee, 0xee, 0xee, 0xed, 0xef, 0xf3,
    0x0, 0x6f, 0xf4, 0x0, 0x0, 0x0, 0x0, 0x0,
    0x0, 0x7, 0xff, 0x30, 0x0, 0x6, 0xff, 0x70,
    0x0, 0x0, 0x0, 0x0, 0x0, 0xaf, 0xf3, 0x0,
    0x0, 0x0, 0x6f, 0xf8, 0x0, 0x0, 0x0, 0x0,
    0xa, 0xff, 0x30, 0x0, 0x0, 0x0, 0x6, 0xff,
    0x80, 0x0, 0x0, 0x0, 0xbf, 0xf3, 0x0, 0x0,
    0x0, 0x0, 0x0, 0x6f, 0x60, 0x0, 0x0, 0x0,
    0x9f, 0x30, 0x0, 0x0, 0x0, 0x0, 0x0, 0x2,
    0x0, 0x0, 0x0, 0x0, 0x2, 0x0, 0x0, 0x0,

    /* U+2195 "↕" */
    0x0, 0x0, 0x0, 0x27, 0x0, 0x0, 0x0, 0x0,
    0x0, 0x2, 0xef, 0x90, 0x0, 0x0, 0x0, 0x0,
    0x2e, 0xff, 0xf9, 0x0, 0x0, 0x0, 0x2, 0xef,
    0xef, 0xef, 0x90, 0x0, 0x0, 0x2e, 0xf9, 0xaf,
    0x5e, 0xf9, 0x0, 0x2, 0xef, 0xb0, 0xcf, 0x44,
    0xff, 0x80, 0xe, 0xfc, 0x10, 0xcf, 0x50, 0x5f,
    0xf7, 0x7, 0xc1, 0x0, 0xcf, 0x50, 0x5, 0xd2,
    0x0, 0x0, 0x0, 0xcf, 0x50, 0x0, 0x0, 0x0,
    0x0, 0x0, 0xcf, 0x50, 0x0, 0x0, 0x0, 0x0,
    0x0, 0xcf, 0x50, 0x0, 0x0, 0x0, 0x0, 0x0,
    0xcf, 0x50, 0x0, 0x0, 0x0, 0x0, 0x0, 0xcf,
    0x50, 0x0, 0x0, 0x0, 0x0, 0x0, 0xcf, 0x50,
    0x0, 0x0, 0x0, 0x0, 0x0, 0xcf, 0x50, 0x0,
    0x0, 0x4, 0x90, 0x0, 0xcf, 0x50, 0x2, 0xa0,
    0x1e, 0xf9, 0x0, 0xcf, 0x50, 0x2e, 0xf8, 0x4,
    0xff, 0x80, 0xcf, 0x51, 0xef, 0xc0, 0x0, 0x4f,
    0xf6, 0xbf, 0x4d, 0xfc, 0x0, 0x0, 0x4, 0xff,
    0xcf, 0xcf, 0xc0, 0x0, 0x0, 0x0, 0x4f, 0xff,
    0xfc, 0x0, 0x0, 0x0, 0x0, 0x4, 0xff, 0xc0,
    0x0, 0x0, 0x0, 0x0, 0x0, 0x4c, 0x0, 0x0,
    0x0, 0x0, 0x0, 0x0, 0x0, 0x0, 0x0, 0x0,

    /* U+2196 "↖" */
    0xbf, 0xff, 0xff, 0xff, 0xfd, 0x0, 0xcf, 0xfe,
    0xff, 0xff, 0xfe, 0x0, 0xcf, 0xfd, 0x21, 0x22,
    0x22, 0x0, 0xcf, 0xaf, 0xe3, 0x0, 0x0, 0x0,
    0xcf, 0x3b, 0xff, 0x30, 0x0, 0x0, 0xcf, 0x40,
    0xcf, 0xf3, 0x0, 0x0, 0xcf, 0x40, 0xc, 0xff,
    0x30, 0x0, 0xcf, 0x50, 0x0, 0xcf, 0xf3, 0x0,
    0xcf, 0x50, 0x0, 0xc, 0xff, 0x30, 0x9c, 0x30,
    0x0, 0x0, 0xcf, 0xe0, 0x0, 0x0, 0x0, 0x0,
    0xb, 0x40, 0x0, 0x0, 0x0, 0x0, 0x0, 0x0,

    /* U+2197 "↗" */
    0x7, 0xff, 0xff, 0xff, 0xff, 0xf2, 0x8, 0xff,
    0xff, 0xfe, 0xff, 0xf2, 0x1, 0x22, 0x21, 0x9,
    0xff, 0xf2, 0x0, 0x0, 0x0, 0xbf, 0xec, 0xf2,
    0x0, 0x0, 0xb, 0xff, 0x3c, 0xf2, 0x0, 0x0,
    0xbf, 0xf3, 0xd, 0xf2, 0x0, 0xb, 0xff, 0x30,
    0xe, 0xf2, 0x0, 0xbf, 0xf3, 0x0, 0xe, 0xf2,
    0xb, 0xff, 0x30, 0x0, 0xe, 0xf2, 0x9f, 0xf4,
    0x0, 0x0, 0xb, 0xc2, 0x1c, 0x40, 0x0, 0x0,
    0x0, 0x0, 0x0, 0x0, 0x0, 0x0, 0x0, 0x0,

    /* U+2198 "↘" */
    0xb, 0x30, 0x0, 0x0, 0x0, 0x0, 0x9f, 0xf3,
    0x0, 0x0, 0xa, 0xb1, 0xc, 0xff, 0x30, 0x0,
    0xe, 0xf2, 0x0, 0xcf, 0xf3, 0x0, 0xe, 0xf2,
    0x0, 0xc, 0xff, 0x30, 0xe, 0xf2, 0x0, 0x0,
    0xcf, 0xe3, 0xd, 0xf2, 0x0, 0x0, 0xc, 0xfe,
    0x2c, 0xf2, 0x0, 0x0, 0x0, 0xcf, 0xec, 0xf2,
    0x0, 0x11, 0x10, 0xa, 0xff, 0xf2, 0x8, 0xff,
    0xff, 0xfe, 0xff, 0xf2, 0x8, 0xff, 0xff, 0xff,
    0xff, 0xf2,

    /* U+2199 "↙" */
    0x0, 0x0, 0x0, 0x0, 0xb, 0x40, 0x8b, 0x30,
    0x0, 0x0, 0xbf, 0xe0, 0xcf, 0x50, 0x0, 0xb,
    0xff, 0x30, 0xcf, 0x50, 0x0, 0xbf, 0xf3, 0x0,
    0xcf, 0x40, 0xb, 0xff, 0x30, 0x0, 0xcf, 0x40,
    0xbf, 0xf3, 0x0, 0x0, 0xcf, 0x3b, 0xff, 0x30,
    0x0, 0x0, 0xcf, 0xaf, 0xf3, 0x0, 0x0, 0x0,
    0xcf, 0xfe, 0x30, 0x11, 0x11, 0x0, 0xcf, 0xfe,
    0xff, 0xff, 0xfe, 0x0, 0xcf, 0xff, 0xff, 0xff,
    0xfe, 0x0,

    /* U+21A9 "↩" */
    0x0, 0x0, 0x0, 0x0, 0x0, 0x0, 0x0, 0x8f,
    0xd7, 0x0, 0x0, 0x0, 0x0, 0x0, 0x0, 0x0,
    0x0, 0x8, 0xff, 0xfc, 0x0, 0x0, 0x0, 0x0,
    0x1c, 0x70, 0x0, 0x0, 0x2, 0x6f, 0xf9, 0x0,
    0x0, 0x0, 0xc, 0xfe, 0x10, 0x0, 0x0, 0x0,
    0x5f, 0xf0, 0x0, 0x0, 0xc, 0xfe, 0x20, 0x0,
    0x0, 0x0, 0x0, 0xff, 0x30, 0x0, 0xb, 0xfe,
    0x30, 0x0, 0x0, 0x0, 0x0, 0xf, 0xf3, 0x0,
    0xb, 0xfe, 0x20, 0x0, 0x0, 0x0, 0x0, 0x6,
    0xff, 0x0, 0xb, 0xfc, 0x32, 0x33, 0x33, 0x33,
    0x33, 0x38, 0xff, 0x80, 0xa, 0xff, 0xff, 0xff,
    0xff, 0xff, 0xff, 0xff, 0xff, 0xb0, 0x0, 0x6f,
    0xfd, 0xde, 0xee, 0xee, 0xee, 0xee, 0xeb, 0x60,
    0x0, 0x0, 0x6f, 0xf4, 0x0, 0x0, 0x0, 0x0,
    0x0, 0x0, 0x0, 0x0, 0x0, 0x6f, 0xf7, 0x0,
    0x0, 0x0, 0x0, 0x0, 0x0, 0x0, 0x0, 0x0,
    0x6f, 0xf8, 0x0, 0x0, 0x0, 0x0, 0x0, 0x0,
    0x0, 0x0, 0x0, 0x6f, 0xf8, 0x0, 0x0, 0x0,
    0x0, 0x0, 0x0, 0x0, 0x0, 0x0, 0x6f, 0xe1,
    0x0, 0x0, 0x0, 0x0, 0x0, 0x0, 0x0, 0x0,
    0x0, 0x52, 0x0, 0x0, 0x0, 0x0, 0x0, 0x0,

    /* U+21AA "↪" */
    0x0, 0x7, 0xdf, 0xa0, 0x0, 0x0, 0x0, 0x0,
    0x0, 0x0, 0x0, 0xc, 0xff, 0xfa, 0x0, 0x0,
    0x0, 0x0, 0x0, 0x0, 0x0, 0x8, 0xff, 0x72,
    0x0, 0x0, 0x0, 0x6d, 0x10, 0x0, 0x0, 0x0,
    0xff, 0x60, 0x0, 0x0, 0x0, 0xd, 0xfd, 0x10,
    0x0, 0x0, 0x2f, 0xf1, 0x0, 0x0, 0x0, 0x0,
    0x2e, 0xfd, 0x10, 0x0, 0x1, 0xff, 0x10, 0x0,
    0x0, 0x0, 0x0, 0x2e, 0xfc, 0x0, 0x0, 0xe,
    0xf7, 0x0, 0x0, 0x0, 0x0, 0x0, 0x1d, 0xfc,
    0x0, 0x0, 0x7f, 0xf8, 0x33, 0x33, 0x33, 0x33,
    0x32, 0x2b, 0xfc, 0x0, 0x0, 0xbf, 0xff, 0xff,
    0xff, 0xff, 0xff, 0xff, 0xff, 0xfb, 0x0, 0x0,
    0x5b, 0xde, 0xee, 0xee, 0xee, 0xee, 0xdd, 0xff,
    0x70, 0x0, 0x0, 0x0, 0x0, 0x0, 0x0, 0x0,
    0x4, 0xef, 0x70, 0x0, 0x0, 0x0, 0x0, 0x0,
    0x0, 0x0, 0x6, 0xff, 0x70, 0x0, 0x0, 0x0,
    0x0, 0x0, 0x0, 0x0, 0x7, 0xff, 0x70, 0x0,
    0x0, 0x0, 0x0, 0x0, 0x0, 0x0, 0x7, 0xff,
    0x70, 0x0, 0x0, 0x0, 0x0, 0x0, 0x0, 0x0,
    0x0, 0xdf, 0x70, 0x0, 0x0, 0x0, 0x0, 0x0,
    0x0, 0x0, 0x0, 0x1, 0x60, 0x0, 0x0, 0x0,

    /* U+21B0 "↰" */
    0x0, 0x0, 0x4, 0x0, 0x0, 0x0, 0x0, 0x0,
    0x0, 0x0, 0x0, 0xaa, 0x0, 0x0, 0x0, 0x0,
    0x0, 0x0, 0x0, 0xa, 0xfa, 0x0, 0x0, 0x0,
    0x0, 0x0, 0x0, 0x0, 0xaf, 0xfb, 0x33, 0x33,
    0x33, 0x33, 0x33, 0x30, 0xa, 0xff, 0xff, 0xff,
    0xff, 0xff, 0xff, 0xff, 0xf1, 0x5, 0xff, 0xff,
    0xdd, 0xdd, 0xdd, 0xdd, 0xdf, 0xf1, 0x0, 0x5f,
    0xfa, 0x0, 0x0, 0x0, 0x0, 0xf, 0xf1, 0x0,
    0x5, 0xfa, 0x0, 0x0, 0x0, 0x0, 0xf, 0xf1,
    0x0, 0x0, 0x59, 0x0, 0x0, 0x0, 0x0, 0xf,
    0xf1, 0x0, 0x0, 0x1, 0x0, 0x0, 0x0, 0x0,
    0xf, 0xf1, 0x0, 0x0, 0x0, 0x0, 0x0, 0x0,
    0x0, 0xf, 0xf1, 0x0, 0x0, 0x0, 0x0, 0x0,
    0x0, 0x0, 0xf, 0xf1, 0x0, 0x0, 0x0, 0x0,
    0x0, 0x0, 0x0, 0xf, 0xf1, 0x0, 0x0, 0x0,
    0x0, 0x0, 0x0, 0x0, 0xf, 0xf1, 0x0, 0x0,
    0x0, 0x0, 0x0, 0x0, 0x0, 0xf, 0xf1, 0x0,
    0x0, 0x0, 0x0, 0x0, 0x0, 0x0, 0x3, 0x30,

    /* U+21B1 "↱" */
    0x0, 0x0, 0x0, 0x0, 0x0, 0x4, 0x0, 0x0,
    0x0, 0x0, 0x0, 0x0, 0x0, 0x0, 0x9b, 0x0,
    0x0, 0x0, 0x0, 0x0, 0x0, 0x0, 0x9, 0xfb,
    0x0, 0x3, 0x33, 0x33, 0x33, 0x33, 0x33, 0xaf,
    0xfb, 0x0, 0xff, 0xff, 0xff, 0xff, 0xff, 0xff,
    0xff, 0xfb, 0xf, 0xfd, 0xdd, 0xdd, 0xdd, 0xdd,
    0xff, 0xff, 0x60, 0xff, 0x0, 0x0, 0x0, 0x0,
    0x9, 0xff, 0x60, 0xf, 0xf0, 0x0, 0x0, 0x0,
    0x0, 0x9f, 0x60, 0x0, 0xff, 0x0, 0x0, 0x0,
    0x0, 0x8, 0x60, 0x0, 0xf, 0xf0, 0x0, 0x0,
    0x0, 0x0, 0x10, 0x0, 0x0, 0xff, 0x0, 0x0,
    0x0, 0x0, 0x0, 0x0, 0x0, 0xf, 0xf0, 0x0,
    0x0, 0x0, 0x0, 0x0, 0x0, 0x0, 0xff, 0x0,
    0x0, 0x0, 0x0, 0x0, 0x0, 0x0, 0xf, 0xf0,
    0x0, 0x0, 0x0, 0x0, 0x0, 0x0, 0x0, 0xff,
    0x0, 0x0, 0x0, 0x0, 0x0, 0x0, 0x0, 0x3,
    0x30, 0x0, 0x0, 0x0, 0x0, 0x0, 0x0, 0x0,

    /* U+21B3 "↳" */
    0x55, 0x0, 0x0, 0x0, 0x0, 0x0, 0x0, 0x0,
    0xf, 0xf0, 0x0, 0x0, 0x0, 0x0, 0x0, 0x0,
    0x0, 0xff, 0x0, 0x0, 0x0, 0x0, 0x0, 0x0,
    0x0, 0xf, 0xf0, 0x0, 0x0, 0x0, 0x0, 0x0,
    0x0, 0x0, 0xff, 0x0, 0x0, 0x0, 0x0, 0x4,
    0x0, 0x0, 0xf, 0xf0, 0x0, 0x0, 0x0, 0x0,
    0x9a, 0x0, 0x0, 0xff, 0x0, 0x0, 0x0, 0x0,
    0x9, 0xfb, 0x0, 0xf, 0xf3, 0x33, 0x33, 0x33,
    0x33, 0xaf, 0xfb, 0x0, 0xff, 0xff, 0xff, 0xff,
    0xff, 0xff, 0xff, 0xfb, 0xe, 0xee, 0xee, 0xee,
    0xee, 0xee, 0xff, 0xff, 0x60, 0x0, 0x0, 0x0,
    0x0, 0x0, 0x9, 0xff, 0x60, 0x0, 0x0, 0x0,
    0x0, 0x0, 0x0, 0x9f, 0x60, 0x0, 0x0, 0x0,
    0x0, 0x0, 0x0, 0x8, 0x60, 0x0, 0x0, 0x0,
    0x0, 0x0, 0x0, 0x0, 0x10, 0x0, 0x0,

    /* U+21B4 "↴" */
    0xcc, 0xcc, 0xcc, 0xcc, 0xcc, 0x0, 0x0, 0xff,
    0xff, 0xff, 0xff, 0xff, 0x0, 0x0, 0x44, 0x44,
    0x44, 0x46, 0xff, 0x0, 0x0, 0x0, 0x0, 0x0,
    0x2, 0xff, 0x0, 0x0, 0x0, 0x0, 0x0, 0x1,
    0xff, 0x0, 0x0, 0x0, 0x0, 0x0, 0x1, 0xff,
    0x0, 0x0, 0x0, 0x0, 0x0, 0x1, 0xff, 0x0,
    0x0, 0x0, 0x0, 0x0, 0x1, 0xff, 0x0, 0x0,
    0x0, 0x0, 0x0, 0x1, 0xff, 0x0, 0x0, 0x0,
    0x0, 0x0, 0x1, 0xff, 0x0, 0x0, 0x0, 0x0,
    0x3a, 0xab, 0xff, 0xaa, 0xa2, 0x0, 0x0, 0x8,
    0xff, 0xff, 0xff, 0x60, 0x0, 0x0, 0x0, 0x8f,
    0xff, 0xf6, 0x0, 0x0, 0x0, 0x0, 0x9, 0xff,
    0x60, 0x0, 0x0, 0x0, 0x0, 0x0, 0x96, 0x0,
    0x0, 0x0, 0x0, 0x0, 0x0, 0x0, 0x0, 0x0,

    /* U+21B5 "↵" */
    0x0, 0x0, 0x0, 0x0, 0x0, 0x0, 0x0, 0x5,
    0x50, 0x0, 0x0, 0x0, 0x0, 0x0, 0x0, 0x0,
    0xf, 0xf1, 0x0, 0x0, 0x0, 0x0, 0x0, 0x0,
    0x0, 0xf, 0xf1, 0x0, 0x0, 0x0, 0x0, 0x0,
    0x0, 0x0, 0xf, 0xf1, 0x0, 0x0, 0x4, 0x0,
    0x0, 0x0, 0x0, 0xf, 0xf1, 0x0, 0x0, 0xaa,
    0x0, 0x0, 0x0, 0x0, 0xf, 0xf1, 0x0, 0xa,
    0xfa, 0x0, 0x0, 0x0, 0x0, 0xf, 0xf1, 0x0,
    0xaf, 0xfb, 0x33, 0x33, 0x33, 0x33, 0x3f, 0xf1,
    0xa, 0xff, 0xff, 0xff, 0xff, 0xff, 0xff, 0xff,
    0xf1, 0x6, 0xff, 0xff, 0xee, 0xee, 0xee, 0xee,
    0xee, 0xe1, 0x0, 0x5f, 0xfa, 0x0, 0x0, 0x0,
    0x0, 0x0, 0x0, 0x0, 0x5, 0xfa, 0x0, 0x0,
    0x0, 0x0, 0x0, 0x0, 0x0, 0x0, 0x59, 0x0,
    0x0, 0x0, 0x0, 0x0, 0x0, 0x0, 0x0, 0x1,
    0x0, 0x0, 0x0, 0x0, 0x0, 0x0,

    /* U+21BA "↺" */
    0x0, 0x0, 0x0, 0x4, 0x0, 0x0, 0x0, 0x0,
    0x0, 0x0, 0x6, 0xd0, 0x0, 0x0, 0x0, 0x0,
    0x0, 0x6, 0xfe, 0x0, 0x0, 0x0, 0x0, 0x0,
    0x6, 0xff, 0xe3, 0x0, 0x0, 0x0, 0x0, 0x6,
    0xff, 0xff, 0xff, 0xa2, 0x0, 0x0, 0x0, 0x3e,
    0xff, 0xfe, 0xff, 0xf5, 0x0, 0x0, 0x0, 0x2e,
    0xfe, 0x3, 0xbf, 0xf4, 0x0, 0x0, 0x0, 0x2e,
    0xe0, 0x0, 0xaf, 0xe0, 0x0, 0x0, 0x0, 0x2c,
    0x0, 0x0, 0xef, 0x50, 0x0, 0x0, 0x0, 0x10,
    0x0, 0x8, 0xfa, 0x12, 0x0, 0x0, 0x0, 0x0,
    0x0, 0x5f, 0xbb, 0xf6, 0x0, 0x0, 0x0, 0x0,
    0x6, 0xfb, 0x8f, 0xa0, 0x0, 0x0, 0x0, 0x0,
    0xaf, 0x93, 0xff, 0x20, 0x0, 0x0, 0x0, 0x2f,
    0xf3, 0xb, 0xfd, 0x20, 0x0, 0x0, 0x2d, 0xfb,
    0x0, 0x1e, 0xff, 0x83, 0x13, 0x8f, 0xfe, 0x10,
    0x0, 0x1c, 0xff, 0xff, 0xff, 0xfc, 0x10, 0x0,
    0x0, 0x5, 0xbe, 0xfe, 0xb5, 0x0, 0x0,

    /* U+21BB "↻" */
    0x0, 0x0, 0x0, 0x7, 0x0, 0x0, 0x0, 0x0,
    0x0, 0x0, 0x0, 0xda, 0x0, 0x0, 0x0, 0x0,
    0x0, 0x0, 0xd, 0xfa, 0x0, 0x0, 0x0, 0x0,
    0x0, 0x37, 0xef, 0xfa, 0x0, 0x0, 0x0, 0x4,
    0xdf, 0xff, 0xff, 0xf8, 0x0, 0x0, 0x8, 0xff,
    0xfb, 0xff, 0xfd, 0x10, 0x0, 0x6, 0xff, 0x90,
    0xd, 0xfd, 0x10, 0x0, 0x0, 0xef, 0x80, 0x0,
    0xdd, 0x10, 0x0, 0x0, 0x6f, 0xd0, 0x0, 0xa,
    0x10, 0x0, 0x0, 0xa, 0xf8, 0x0, 0x0, 0x0,
    0x0, 0x0, 0x0, 0xbf, 0x60, 0x0, 0x0, 0x0,
    0x0, 0x14, 0x3b, 0xf7, 0x0, 0x0, 0x0, 0x0,
    0x6, 0xfb, 0x8f, 0xa0, 0x0, 0x0, 0x0, 0x0,
    0xaf, 0x83, 0xff, 0x30, 0x0, 0x0, 0x0, 0x2f,
    0xf3, 0xa, 0xfe, 0x20, 0x0, 0x0, 0x2d, 0xfb,
    0x0, 0x1d, 0xff, 0x83, 0x13, 0x8f, 0xfe, 0x10,
    0x0, 0x1c, 0xff, 0xff, 0xff, 0xfc, 0x10, 0x0,
    0x0, 0x5, 0xbe, 0xfe, 0xb5, 0x0, 0x0,

    /* U+21D0 "⇐" */
    0x0, 0x0, 0x0, 0x0, 0x0, 0x0, 0x0, 0x0,
    0x0, 0x0, 0x0, 0xb, 0x70, 0x0, 0x0, 0x0,
    0x0, 0x0, 0x0, 0xcf, 0xe1, 0x0, 0x0, 0x0,
    0x0, 0x0, 0xc, 0xfe, 0x30, 0x0, 0x0, 0x0,
    0x0, 0x1, 0xcf, 0xf4, 0x11, 0x11, 0x11, 0x10,
    0x0, 0x1c, 0xff, 0xff, 0xff, 0xff, 0xff, 0xf9,
    0x1, 0xdf, 0xff, 0xff, 0xff, 0xff, 0xff, 0xf8,
    0xc, 0xff, 0x30, 0x0, 0x0, 0x0, 0x0, 0x0,
    0x2, 0xef, 0xec, 0xcc, 0xcc, 0xcc, 0xcc, 0xc7,
    0x0, 0x2e, 0xff, 0xff, 0xff, 0xff, 0xff, 0xf9,
    0x0, 0x2, 0xef, 0xf6, 0x44, 0x44, 0x44, 0x42,
    0x0, 0x0, 0x2e, 0xfd, 0x10, 0x0, 0x0, 0x0,
    0x0, 0x0, 0x1, 0xdf, 0xd1, 0x0, 0x0, 0x0,
    0x0, 0x0, 0x0, 0x1d, 0xa0, 0x0, 0x0, 0x0,
    0x0, 0x0, 0x0, 0x1, 0x0, 0x0, 0x0, 0x0,

    /* U+21D2 "⇒" */
    0x0, 0x0, 0x0, 0x0, 0x0, 0x0, 0x0, 0x0,
    0x0, 0x0, 0x0, 0x6, 0xc1, 0x0, 0x0, 0x0,
    0x0, 0x0, 0x0, 0xe, 0xfd, 0x10, 0x0, 0x0,
    0x0, 0x0, 0x0, 0x2, 0xef, 0xd1, 0x0, 0x0,
    0x1, 0x11, 0x11, 0x11, 0x3e, 0xfd, 0x10, 0x0,
    0x8f, 0xff, 0xff, 0xff, 0xff, 0xff, 0xd1, 0x0,
    0x7f, 0xff, 0xff, 0xff, 0xff, 0xff, 0xfd, 0x10,
    0x0, 0x0, 0x0, 0x0, 0x0, 0x2, 0xff, 0xd0,
    0x6c, 0xcc, 0xcc, 0xcc, 0xcc, 0xcd, 0xff, 0x30,
    0x8f, 0xff, 0xff, 0xff, 0xff, 0xff, 0xf3, 0x0,
    0x24, 0x44, 0x44, 0x44, 0x5e, 0xfe, 0x30, 0x0,
    0x0, 0x0, 0x0, 0x0, 0xcf, 0xe3, 0x0, 0x0,
    0x0, 0x0, 0x0, 0xc, 0xfe, 0x20, 0x0, 0x0,
    0x0, 0x0, 0x0, 0x8, 0xe2, 0x0, 0x0, 0x0,
    0x0, 0x0, 0x0, 0x0, 0x10, 0x0, 0x0, 0x0,

    /* U+21D4 "⇔" */
    0x0, 0x0, 0x0, 0x0, 0x0, 0x0, 0x0, 0x0,
    0x0, 0x0, 0x0, 0x0, 0x0, 0x0, 0x0, 0xb,
    0x70, 0x0, 0x0, 0x0, 0xa9, 0x0, 0x0, 0x0,
    0x0, 0x0, 0x0, 0xcf, 0xe1, 0x0, 0x0, 0x3,
    0xff, 0x90, 0x0, 0x0, 0x0, 0x0, 0xc, 0xfe,
    0x30, 0x0, 0x0, 0x0, 0x5f, 0xfa, 0x0, 0x0,
    0x0, 0x1, 0xcf, 0xf4, 0x11, 0x11, 0x11, 0x11,
    0x16, 0xff, 0xa0, 0x0, 0x0, 0x1c, 0xff, 0xff,
    0xff, 0xff, 0xff, 0xff, 0xff, 0xff, 0xfa, 0x0,
    0x1, 0xdf, 0xff, 0xff, 0xff, 0xff, 0xff, 0xff,
    0xff, 0xff, 0xff, 0xb0, 0xc, 0xff, 0x30, 0x0,
    0x0, 0x0, 0x0, 0x0, 0x0, 0x0, 0x5f, 0xf9,
    0x2, 0xef, 0xec, 0xcc, 0xcc, 0xcc, 0xcc, 0xcc,
    0xcc, 0xcc, 0xef, 0xd1, 0x0, 0x2e, 0xff, 0xff,
    0xff, 0xff, 0xff, 0xff, 0xff, 0xff, 0xfc, 0x10,
    0x0, 0x2, 0xef, 0xf6, 0x44, 0x44, 0x44, 0x44,
    0x47, 0xff, 0xc1, 0x0, 0x0, 0x0, 0x2e, 0xfd,
    0x10, 0x0, 0x0, 0x0, 0x3e, 0xfc, 0x0, 0x0,
    0x0, 0x0, 0x1, 0xdf, 0xd1, 0x0, 0x0, 0x2,
    0xef, 0xc0, 0x0, 0x0, 0x0, 0x0, 0x0, 0x1d,
    0xa0, 0x0, 0x0, 0x0, 0xcb, 0x0, 0x0, 0x0,
    0x0, 0x0, 0x0, 0x1, 0x0, 0x0, 0x0, 0x0,
    0x0, 0x0, 0x0, 0x0,

    /* U+21DE "⇞" */
    0x0, 0x0, 0x39, 0x0, 0x0, 0x0, 0x3, 0xef,
    0xa0, 0x0, 0x0, 0x3e, 0xff, 0xfa, 0x0, 0x2,
    0xef, 0xff, 0xff, 0xa0, 0xa, 0xcc, 0xff, 0xdc,
    0xc6, 0x0, 0x0, 0xcf, 0x40, 0x0, 0x0, 0x22,
    0xdf, 0x62, 0x10, 0x0, 0xff, 0xff, 0xff, 0x90,
    0x0, 0xcc, 0xff, 0xdc, 0x70, 0x0, 0x0, 0xcf,
    0x40, 0x0, 0x0, 0xff, 0xff, 0xff, 0x90, 0x0,
    0xff, 0xff, 0xff, 0x80, 0x0, 0x0, 0xcf, 0x40,
    0x0, 0x0, 0x0, 0xcf, 0x40, 0x0, 0x0, 0x0,
    0xcf, 0x40, 0x0,

    /* U+21DF "⇟" */
    0x0, 0x0, 0xbe, 0x40, 0x0, 0x0, 0x0, 0xcf,
    0x40, 0x0, 0x0, 0x0, 0xcf, 0x40, 0x0, 0x0,
    0xdd, 0xff, 0xed, 0x70, 0x0, 0xff, 0xff, 0xff,
    0x90, 0x0, 0x11, 0xcf, 0x51, 0x0, 0x0, 0x0,
    0xcf, 0x50, 0x0, 0x0, 0xff, 0xff, 0xff, 0x90,
    0x0, 0xee, 0xff, 0xee, 0x80, 0x0, 0x0, 0xcf,
    0x40, 0x0, 0x0, 0x0, 0xcf, 0x50, 0x0, 0xc,
    0xff, 0xff, 0xff, 0xf5, 0x0, 0xcf, 0xff, 0xff,
    0x50, 0x0, 0xc, 0xff, 0xf6, 0x0, 0x0, 0x1,
    0xcf, 0x60, 0x0, 0x0, 0x0, 0x15, 0x0, 0x0,

    /* U+21E4 "⇤" */
    0x2f, 0xe0, 0x0, 0x0, 0x70, 0x0, 0x0, 0x0,
    0x0, 0x2f, 0xe0, 0x0, 0x7, 0xf0, 0x0, 0x0,
    0x0, 0x0, 0x2f, 0xe0, 0x0, 0x7f, 0xf0, 0x0,
    0x0, 0x0, 0x0, 0x2f, 0xe0, 0x7, 0xff, 0xf6,
    0x66, 0x66, 0x66, 0x66, 0x2f, 0xe0, 0x6f, 0xff,
    0xff, 0xff, 0xff, 0xff, 0xff, 0x2f, 0xe0, 0xc,
    0xff, 0xfb, 0xbb, 0xbb, 0xbb, 0xba, 0x2f, 0xe0,
    0x0, 0xcf, 0xf0, 0x0, 0x0, 0x0, 0x0, 0x2f,
    0xe0, 0x0, 0xb, 0xf0, 0x0, 0x0, 0x0, 0x0,
    0x2f, 0xe0, 0x0, 0x0, 0xb0, 0x0, 0x0, 0x0,
    0x0, 0x4, 0x30, 0x0, 0x0, 0x0, 0x0, 0x0,
    0x0, 0x0,

    /* U+21E5 "⇥" */
    0x0, 0x0, 0x0, 0x0, 0x2, 0x40, 0x0, 0x1,
    0xfe, 0x0, 0x0, 0x0, 0x0, 0x3, 0xf4, 0x0,
    0x2, 0xff, 0x0, 0x0, 0x0, 0x0, 0x3, 0xff,
    0x40, 0x2, 0xff, 0x16, 0x66, 0x66, 0x66, 0x68,
    0xff, 0xf4, 0x2, 0xff, 0x3f, 0xff, 0xff, 0xff,
    0xff, 0xff, 0xff, 0x32, 0xff, 0x2b, 0xbb, 0xbb,
    0xbb, 0xbc, 0xff, 0xf9, 0x2, 0xff, 0x0, 0x0,
    0x0, 0x0, 0x3, 0xff, 0x90, 0x2, 0xff, 0x0,
    0x0, 0x0, 0x0, 0x3, 0xf9, 0x0, 0x2, 0xff,
    0x0, 0x0, 0x0, 0x0, 0x3, 0x80, 0x0, 0x2,
    0xff, 0x0, 0x0, 0x0, 0x0, 0x0, 0x0, 0x0,
    0x0, 0x43,

    /* U+21E7 "⇧" */
    0x0, 0x0, 0x0, 0x0, 0x4, 0x0, 0x0, 0x0,
    0x0, 0x0, 0x0, 0x0, 0x0, 0x7, 0xfa, 0x0,
    0x0, 0x0, 0x0, 0x0, 0x0, 0x0, 0x7, 0xff,
    0xfa, 0x0, 0x0, 0x0, 0x0, 0x0, 0x0, 0x7,
    0xfe, 0x4d, 0xfa, 0x0, 0x0, 0x0, 0x0, 0x0,
    0x7, 0xfe, 0x30, 0x1d, 0xfa, 0x0, 0x0, 0x0,
    0x0, 0x7, 0xfe, 0x30, 0x0, 0x1d, 0xfa, 0x0,
    0x0, 0x0, 0x7, 0xfe, 0x30, 0x0, 0x0, 0x1d,
    0xfa, 0x0, 0x0, 0x7, 0xff, 0x30, 0x0, 0x0,
    0x0, 0x2d, 0xf9, 0x0, 0x7, 0xff, 0xff, 0xf1,
    0x0, 0x0, 0xef, 0xff, 0xf9, 0x2, 0x89, 0x99,
    0xff, 0x10, 0x0, 0xe, 0xf9, 0x99, 0x93, 0x0,
    0x0, 0xe, 0xf1, 0x0, 0x0, 0xef, 0x10, 0x0,
    0x0, 0x0, 0x0, 0xef, 0x10, 0x0, 0xe, 0xf1,
    0x0, 0x0, 0x0, 0x0, 0xe, 0xf1, 0x0, 0x0,
    0xef, 0x10, 0x0, 0x0, 0x0, 0x0, 0xef, 0x10,
    0x0, 0xe, 0xf1, 0x0, 0x0, 0x0, 0x0, 0xe,
    0xfa, 0x99, 0x99, 0xff, 0x10, 0x0, 0x0, 0x0,
    0x0, 0xef, 0xff, 0xff, 0xff, 0xf1, 0x0, 0x0,

    /* U+21EA "⇪" */
    0x0, 0x0, 0x0, 0x0, 0x4, 0x0, 0x0, 0x0,
    0x0, 0x0, 0x0, 0x0, 0x0, 0x7, 0xfa, 0x0,
    0x0, 0x0, 0x0, 0x0, 0x0, 0x0, 0x7, 0xff,
    0xfa, 0x0, 0x0, 0x0, 0x0, 0x0, 0x0, 0x7,
    0xfe, 0x4d, 0xfa, 0x0, 0x0, 0x0, 0x0, 0x0,
    0x7, 0xfe, 0x30, 0x1d, 0xfa, 0x0, 0x0, 0x0,
    0x0, 0x7, 0xfe, 0x30, 0x0, 0x1d, 0xfa, 0x0,
    0x0, 0x0, 0x7, 0xfe, 0x30, 0x0, 0x0, 0x1d,
    0xfa, 0x0, 0x0, 0x7, 0xff, 0x30, 0x0, 0x0,
    0x0, 0x2d, 0xf9, 0x0, 0x7, 0xff, 0xff, 0xf1,
    0x0, 0x0, 0xef, 0xff, 0xf9, 0x2, 0x89, 0x99,
    0xff, 0x10, 0x0, 0xe, 0xf9, 0x99, 0x93, 0x0,
    0x0, 0xe, 0xf1, 0x0, 0x0, 0xef, 0x10, 0x0,
    0x0, 0x0, 0x0, 0xef, 0x20, 0x0, 0xe, 0xf1,
    0x0, 0x0, 0x0, 0x0, 0xe, 0xff, 0xff, 0xff,
    0xff, 0x10, 0x0, 0x0, 0x0, 0x0, 0x89, 0x99,
    0x99, 0x99, 0x90, 0x0, 0x0, 0x0, 0x0, 0x0,
    0x0, 0x0, 0x0, 0x0, 0x0, 0x0, 0x0, 0x0,
    0x0, 0xef, 0xff, 0xff, 0xff, 0xf1, 0x0, 0x0,
    0x0, 0x0, 0xe, 0xf8, 0x88, 0x88, 0xff, 0x10,
    0x0, 0x0, 0x0, 0x0, 0xef, 0x10, 0x0, 0xe,
    0xf1, 0x0, 0x0, 0x0, 0x0, 0xe, 0xff, 0xff,
    0xff, 0xff, 0x10, 0x0, 0x0, 0x0, 0x0, 0x88,
    0x88, 0x88, 0x88, 0x80, 0x0, 0x0,

    /* U+2202 "∂" */
    0x0, 0x6b, 0xdc, 0x92, 0x0, 0x0, 0x1f, 0xff,
    0xff, 0xf6, 0x0, 0x0, 0x96, 0x47, 0xef, 0xf3,
    0x0, 0x0, 0x0, 0x1, 0xef, 0xc0, 0x0, 0x0,
    0x1, 0x5, 0xff, 0x10, 0x4, 0xcf, 0xfe, 0x7f,
    0xf5, 0x5, 0xff, 0xff, 0xff, 0xff, 0x70, 0xef,
    0xe4, 0x2, 0xcf, 0xf8, 0x4f, 0xf7, 0x0, 0x1,
    0xff, 0x96, 0xff, 0x30, 0x0, 0xf, 0xf8, 0x5f,
    0xf3, 0x0, 0x2, 0xff, 0x63, 0xff, 0x70, 0x0,
    0x6f, 0xf2, 0xd, 0xfe, 0x30, 0x2d, 0xfb, 0x0,
    0x4f, 0xff, 0xef, 0xfe, 0x20, 0x0, 0x3c, 0xff,
    0xfb, 0x20, 0x0, 0x0, 0x1, 0x21, 0x0, 0x0,

    /* U+2205 "∅" */
    0x0, 0x0, 0x0, 0x0, 0x0, 0x1, 0x10, 0x0,
    0x8, 0xef, 0xfc, 0x41, 0xc8, 0x0, 0x2d, 0xff,
    0xff, 0xff, 0xea, 0x0, 0xc, 0xff, 0xa5, 0x6d,
    0xff, 0x70, 0x5, 0xff, 0x60, 0x1, 0xde, 0xff,
    0x10, 0xaf, 0xc0, 0x1, 0xda, 0x2f, 0xf5, 0xb,
    0xfa, 0x1, 0xda, 0x0, 0xff, 0x70, 0xaf, 0xc1,
    0xda, 0x0, 0x1f, 0xf5, 0x6, 0xff, 0xda, 0x0,
    0x9, 0xff, 0x10, 0xe, 0xff, 0x84, 0x4b, 0xff,
    0x90, 0x1, 0xdf, 0xff, 0xff, 0xff, 0xc0, 0x0,
    0xca, 0x19, 0xff, 0xfe, 0x70, 0x0, 0x3, 0x0,
    0x0, 0x21, 0x0, 0x0, 0x0,

    /* U+2206 "∆" */
    0x0, 0x0, 0x9, 0xff, 0xf0, 0x0, 0x0, 0x0,
    0x0, 0xe, 0xff, 0xf6, 0x0, 0x0, 0x0, 0x0,
    0x4f, 0xff, 0xfb, 0x0, 0x0, 0x0, 0x0, 0xaf,
    0xe8, 0xff, 0x10, 0x0, 0x0, 0x0, 0xff, 0x92,
    0xff, 0x70, 0x0, 0x0, 0x6, 0xff, 0x30, 0xcf,
    0xd0, 0x0, 0x0, 0xc, 0xfe, 0x0, 0x6f, 0xf3,
    0x0, 0x0, 0x2f, 0xf8, 0x0, 0x1f, 0xf9, 0x0,
    0x0, 0x8f, 0xf2, 0x0, 0xb, 0xfe, 0x0, 0x0,
    0xdf, 0xd0, 0x0, 0x5, 0xff, 0x40, 0x3, 0xff,
    0x70, 0x0, 0x0, 0xff, 0xa0, 0x9, 0xff, 0x42,
    0x22, 0x22, 0xbf, 0xf1, 0xe, 0xff, 0xff, 0xff,
    0xff, 0xff, 0xf6, 0x5f, 0xff, 0xff, 0xff, 0xff,
    0xff, 0xfc,

    /* U+220F "∏" */
    0xbc, 0xcc, 0xcc, 0xcc, 0xcc, 0xc0, 0xff, 0xff,
    0xff, 0xff, 0xff, 0xf0, 0xff, 0xb5, 0x55, 0x55,
    0xaf, 0xf0, 0xff, 0x90, 0x0, 0x0, 0x8f, 0xf0,
    0xff, 0x90, 0x0, 0x0, 0x8f, 0xf0, 0xff, 0x90,
    0x0, 0x0, 0x8f, 0xf0, 0xff, 0x90, 0x0, 0x0,
    0x8f, 0xf0, 0xff, 0x90, 0x0, 0x0, 0x8f, 0xf0,
    0xff, 0x90, 0x0, 0x0, 0x8f, 0xf0, 0xff, 0x90,
    0x0, 0x0, 0x8f, 0xf0, 0xff, 0x90, 0x0, 0x0,
    0x8f, 0xf0, 0xff, 0x90, 0x0, 0x0, 0x8f, 0xf0,
    0xff, 0x90, 0x0, 0x0, 0x8f, 0xf0, 0xff, 0x90,
    0x0, 0x0, 0x8f, 0xf0, 0xff, 0x90, 0x0, 0x0,
    0x8f, 0xf0, 0xff, 0x90, 0x0, 0x0, 0x8f, 0xf0,
    0xff, 0x90, 0x0, 0x0, 0x8f, 0xf0, 0x22, 0x10,
    0x0, 0x0, 0x12, 0x20,

    /* U+2211 "∑" */
    0x35, 0x55, 0x55, 0x55, 0x55, 0x52, 0xaf, 0xff,
    0xff, 0xff, 0xff, 0xf7, 0x6f, 0xff, 0xcc, 0xcc,
    0xcc, 0xc5, 0x8, 0xff, 0x70, 0x0, 0x0, 0x0,
    0x0, 0xbf, 0xf4, 0x0, 0x0, 0x0, 0x0, 0xd,
    0xff, 0x20, 0x0, 0x0, 0x0, 0x1, 0xef, 0xd1,
    0x0, 0x0, 0x0, 0x0, 0x3f, 0xfb, 0x0, 0x0,
    0x0, 0x0, 0x5, 0xff, 0x80, 0x0, 0x0, 0x0,
    0x1, 0xef, 0xc0, 0x0, 0x0, 0x0, 0xc, 0xff,
    0x20, 0x0, 0x0, 0x0, 0x9f, 0xf4, 0x0, 0x0,
    0x0, 0x7, 0xff, 0x70, 0x0, 0x0, 0x0, 0x4f,
    0xfa, 0x0, 0x0, 0x0, 0x2, 0xff, 0xd0, 0x0,
    0x0, 0x0, 0x1d, 0xff, 0x63, 0x33, 0x33, 0x33,
    0x9f, 0xff, 0xff, 0xff, 0xff, 0xfe, 0x9d, 0xdd,
    0xdd, 0xdd, 0xdd, 0xdc,

    /* U+2212 "−" */
    0x1f, 0xff, 0xff, 0xff, 0xff, 0x81, 0xff, 0xff,
    0xff, 0xff, 0xf8, 0x4, 0x44, 0x44, 0x44, 0x44,
    0x20,

    /* U+221A "√" */
    0x0, 0x0, 0x0, 0x0, 0x5, 0x50, 0x0, 0x0,
    0x0, 0x0, 0x5f, 0xd0, 0x0, 0x0, 0x0, 0x0,
    0xaf, 0x80, 0x0, 0x0, 0x0, 0x0, 0xff, 0x30,
    0x0, 0x0, 0x0, 0x4, 0xfe, 0x0, 0x0, 0x0,
    0x0, 0x9, 0xf9, 0x0, 0x0, 0x0, 0x0, 0xe,
    0xf4, 0x0, 0x34, 0x43, 0x0, 0x3f, 0xe0, 0x0,
    0xef, 0xff, 0x10, 0x8f, 0x90, 0x0, 0xcd, 0xff,
    0x60, 0xdf, 0x40, 0x0, 0x0, 0x7f, 0xb2, 0xff,
    0x0, 0x0, 0x0, 0x1f, 0xf8, 0xfa, 0x0, 0x0,
    0x0, 0xb, 0xff, 0xf5, 0x0, 0x0, 0x0, 0x5,
    0xff, 0xf0, 0x0, 0x0, 0x0, 0x0, 0xff, 0xa0,
    0x0, 0x0, 0x0, 0x0, 0x23, 0x10, 0x0, 0x0,

    /* U+221E "∞" */
    0x0, 0x1, 0x56, 0x30, 0x0, 0x0, 0x25, 0x52,
    0x0, 0x0, 0x7, 0xff, 0xff, 0xd3, 0x1, 0xaf,
    0xff, 0xfa, 0x0, 0x6, 0xff, 0xfe, 0xff, 0xf6,
    0xdf, 0xff, 0xef, 0xfa, 0x0, 0xef, 0xb0, 0x4,
    0xef, 0xff, 0xf7, 0x0, 0x7f, 0xf2, 0x1f, 0xf4,
    0x0, 0x1, 0xef, 0xf5, 0x0, 0x0, 0xff, 0x50,
    0xff, 0x50, 0x0, 0x6f, 0xff, 0xb0, 0x0, 0x1f,
    0xf5, 0xb, 0xfe, 0x64, 0xaf, 0xfe, 0xff, 0xc5,
    0x4c, 0xff, 0x10, 0x2f, 0xff, 0xff, 0xfc, 0x18,
    0xff, 0xff, 0xff, 0x60, 0x0, 0x2b, 0xff, 0xd7,
    0x0, 0x4, 0xcf, 0xfc, 0x40, 0x0, 0x0, 0x0,
    0x0, 0x0, 0x0, 0x0, 0x0, 0x0, 0x0,

    /* U+222B "∫" */
    0x0, 0x0, 0x2, 0x54, 0x10, 0x0, 0xb, 0xff,
    0xf5, 0x0, 0x7, 0xff, 0xdc, 0x30, 0x0, 0xcf,
    0xc0, 0x0, 0x0, 0xe, 0xf9, 0x0, 0x0, 0x0,
    0xff, 0x90, 0x0, 0x0, 0xf, 0xf9, 0x0, 0x0,
    0x0, 0xff, 0x90, 0x0, 0x0, 0xf, 0xf9, 0x0,
    0x0, 0x0, 0xff, 0x90, 0x0, 0x0, 0xf, 0xf9,
    0x0, 0x0, 0x0, 0xff, 0x90, 0x0, 0x0, 0xf,
    0xf9, 0x0, 0x0, 0x0, 0xff, 0x90, 0x0, 0x0,
    0xf, 0xf9, 0x0, 0x0, 0x0, 0xff, 0x90, 0x0,
    0x0, 0xf, 0xf9, 0x0, 0x0, 0x0, 0xff, 0x80,
    0x0, 0x14, 0x8f, 0xf5, 0x0, 0x5, 0xff, 0xfd,
    0x0, 0x0, 0x4c, 0xc8, 0x10, 0x0, 0x0,

    /* U+2236 "∶" */
    0x2, 0x40, 0x2f, 0xf8, 0x4f, 0xfb, 0x8, 0xb2,
    0x0, 0x0, 0x0, 0x0, 0x0, 0x0, 0x0, 0x0,
    0x1d, 0xf5, 0x5f, 0xfb, 0x1c, 0xf5, 0x0, 0x0,

    /* U+2248 "≈" */
    0x0, 0x0, 0x0, 0x0, 0x0, 0x0, 0x2, 0xbf,
    0xe6, 0x0, 0xb, 0xb0, 0xd, 0xff, 0xff, 0xb2,
    0x7f, 0xe0, 0x2f, 0xf3, 0x4d, 0xff, 0xff, 0x80,
    0x2a, 0x80, 0x0, 0x8e, 0xe8, 0x0, 0x0, 0x59,
    0x82, 0x0, 0x7, 0x70, 0x9, 0xff, 0xff, 0x60,
    0x3f, 0xe0, 0x1f, 0xf9, 0x8f, 0xfe, 0xff, 0xa0,
    0x3f, 0xd0, 0x3, 0xdf, 0xfd, 0x10, 0x2, 0x10,
    0x0, 0x3, 0x20, 0x0,

    /* U+2260 "≠" */
    0x0, 0x0, 0x0, 0x33, 0x0, 0x0, 0x0, 0x7,
    0xf9, 0x0, 0x12, 0x22, 0x2d, 0xf5, 0x20, 0xff,
    0xff, 0xff, 0xff, 0xf7, 0xff, 0xff, 0xff, 0xff,
    0xf7, 0x0, 0x1, 0xff, 0x10, 0x0, 0x0, 0x5,
    0xfa, 0x0, 0x0, 0x56, 0x6c, 0xf9, 0x66, 0x62,
    0xff, 0xff, 0xff, 0xff, 0xf7, 0xcd, 0xef, 0xed,
    0xdd, 0xd5, 0x0, 0xef, 0x20, 0x0, 0x0, 0x4,
    0xfb, 0x0, 0x0, 0x0,

    /* U+2264 "≤" */
    0x0, 0x0, 0x0, 0x0, 0x4, 0x50, 0x0, 0x0,
    0x16, 0xbf, 0xfa, 0x0, 0x37, 0xcf, 0xff, 0xfc,
    0x50, 0xef, 0xff, 0xe9, 0x51, 0x0, 0x1f, 0xff,
    0xb4, 0x0, 0x0, 0x0, 0x7c, 0xff, 0xff, 0xc7,
    0x30, 0x0, 0x1, 0x6a, 0xff, 0xff, 0x90, 0x0,
    0x0, 0x0, 0x49, 0xda, 0x0, 0x0, 0x0, 0x0,
    0x0, 0x11, 0xff, 0xff, 0xff, 0xff, 0xf9, 0x1f,
    0xff, 0xff, 0xff, 0xff, 0xa0, 0x33, 0x33, 0x33,
    0x33, 0x31,

    /* U+2265 "≥" */
    0x7, 0x20, 0x0, 0x0, 0x0, 0x1, 0xff, 0xd8,
    0x40, 0x0, 0x0, 0xa, 0xef, 0xff, 0xfa, 0x51,
    0x0, 0x0, 0x37, 0xbf, 0xff, 0xf8, 0x0, 0x0,
    0x2, 0x7e, 0xff, 0xa0, 0x15, 0x9e, 0xff, 0xfe,
    0xa4, 0x1f, 0xff, 0xfd, 0x83, 0x0, 0x1, 0xfb,
    0x72, 0x0, 0x0, 0x0, 0x0, 0x0, 0x0, 0x0,
    0x0, 0x1, 0xff, 0xff, 0xff, 0xff, 0xf9, 0x1f,
    0xff, 0xff, 0xff, 0xff, 0xa0, 0x33, 0x33, 0x33,
    0x33, 0x31,

    /* U+2295 "⊕" */
    0x0, 0x0, 0x0, 0x0, 0x2, 0x7b, 0xde, 0xed,
    0xa7, 0x20, 0x0, 0x0, 0x0, 0x0, 0x0, 0x0,
    0x0, 0x5, 0xcf, 0xff, 0xff, 0xff, 0xff, 0xfb,
    0x40, 0x0, 0x0, 0x0, 0x0, 0x0, 0x1, 0xbf,
    0xfd, 0x73, 0x10, 0x1, 0x48, 0xef, 0xfa, 0x10,
    0x0, 0x0, 0x0, 0x0, 0x3e, 0xfd, 0x40, 0x0,
    0x0, 0x0, 0x0, 0x5, 0xef, 0xd2, 0x0, 0x0,
    0x0, 0x3, 0xff, 0x90, 0x0, 0x0, 0x0, 0x0,
    0x0, 0x0, 0xa, 0xfe, 0x20, 0x0, 0x0, 0x1e,
    0xf7, 0x0, 0x0, 0x0, 0x0, 0x0, 0x0, 0x0,
    0x0, 0x9f, 0xd0, 0x0, 0x0, 0xbf, 0x90, 0x0,
    0x0, 0x0, 0x0, 0x0, 0x0, 0x0, 0x0, 0xb,
    0xf9, 0x0, 0x4, 0xfe, 0x0, 0x0, 0x0, 0x0,
    0x6f, 0xb0, 0x0, 0x0, 0x0, 0x1, 0xef, 0x20,
    0xb, 0xf5, 0x0, 0x0, 0x0, 0x0, 0x6f, 0xc0,
    0x0, 0x0, 0x0, 0x0, 0x7f, 0x90, 0x1f, 0xe0,
    0x0, 0x0, 0x0, 0x0, 0x6f, 0xc0, 0x0, 0x0,
    0x0, 0x0, 0xf, 0xf0, 0x5f, 0x90, 0x0, 0x0,
    0x0, 0x0, 0x6f, 0xc0, 0x0, 0x0, 0x0, 0x0,
    0xb, 0xf4, 0x9f, 0x50, 0x0, 0x0, 0x0, 0x0,
    0x6f, 0xc0, 0x0, 0x0, 0x0, 0x0, 0x7, 0xf7,
    0xaf, 0x30, 0x0, 0x5, 0x66, 0x66, 0xaf, 0xd6,
    0x66, 0x66, 0x10, 0x0, 0x5, 0xf9, 0xbf, 0x20,
    0x0, 0xe, 0xff, 0xff, 0xff, 0xff, 0xff, 0xff,
    0x40, 0x0, 0x4, 0xfa, 0xbf, 0x30, 0x0, 0x9,
    0xaa, 0xaa, 0xcf, 0xea, 0xaa, 0xaa, 0x20, 0x0,
    0x4, 0xf9, 0x9f, 0x40, 0x0, 0x0, 0x0, 0x0,
    0x6f, 0xc0, 0x0, 0x0, 0x0, 0x0, 0x6, 0xf8,
    0x6f, 0x80, 0x0, 0x0, 0x0, 0x0, 0x6f, 0xc0,
    0x0, 0x0, 0x0, 0x0, 0xa, 0xf4, 0x2f, 0xd0,
    0x0, 0x0, 0x0, 0x0, 0x6f, 0xc0, 0x0, 0x0,
    0x0, 0x0, 0xe, 0xf1, 0xd, 0xf3, 0x0, 0x0,
    0x0, 0x0, 0x6f, 0xc0, 0x0, 0x0, 0x0, 0x0,
    0x5f, 0xb0, 0x6, 0xfc, 0x0, 0x0, 0x0, 0x0,
    0x6f, 0xc0, 0x0, 0x0, 0x0, 0x0, 0xdf, 0x40,
    0x0, 0xcf, 0x60, 0x0, 0x0, 0x0, 0x14, 0x30,
    0x0, 0x0, 0x0, 0x8, 0xfb, 0x0, 0x0, 0x3f,
    0xf4, 0x0, 0x0, 0x0, 0x0, 0x0, 0x0, 0x0,
    0x0, 0x6f, 0xf2, 0x0, 0x0, 0x5, 0xff, 0x50,
    0x0, 0x0, 0x0, 0x0, 0x0, 0x0, 0x7, 0xff,
    0x40, 0x0, 0x0, 0x0, 0x6f, 0xfa, 0x10, 0x0,
    0x0, 0x0, 0x0, 0x2, 0xbf, 0xf4, 0x0, 0x0,
    0x0, 0x0, 0x4, 0xef, 0xf9, 0x30, 0x0, 0x0,
    0x4, 0xaf, 0xfd, 0x30, 0x0, 0x0, 0x0, 0x0,
    0x0, 0x8, 0xff, 0xff, 0xdc, 0xcd, 0xff, 0xfe,
    0x70, 0x0, 0x0, 0x0, 0x0, 0x0, 0x0, 0x0,
    0x6, 0xbe, 0xff, 0xff, 0xea, 0x60, 0x0, 0x0,
    0x0, 0x0, 0x0, 0x0, 0x0, 0x0, 0x0, 0x0,
    0x1, 0x10, 0x0, 0x0, 0x0, 0x0, 0x0, 0x0,

    /* U+2296 "⊖" */
    0x0, 0x0, 0x0, 0x0, 0x2, 0x7b, 0xde, 0xed,
    0xa7, 0x20, 0x0, 0x0, 0x0, 0x0, 0x0, 0x0,
    0x0, 0x5, 0xcf, 0xff, 0xff, 0xff, 0xff, 0xfb,
    0x40, 0x0, 0x0, 0x0, 0x0, 0x0, 0x1, 0xbf,
    0xfd, 0x73, 0x10, 0x1, 0x48, 0xef, 0xfa, 0x10,
    0x0, 0x0, 0x0, 0x0, 0x3e, 0xfd, 0x40, 0x0,
    0x0, 0x0, 0x0, 0x5, 0xef, 0xd2, 0x0, 0x0,
    0x0, 0x3, 0xff, 0x90, 0x0, 0x0, 0x0, 0x0,
    0x0, 0x0, 0xa, 0xfe, 0x20, 0x0, 0x0, 0x1e,
    0xf7, 0x0, 0x0, 0x0, 0x0, 0x0, 0x0, 0x0,
    0x0, 0x9f, 0xd0, 0x0, 0x0, 0xbf, 0x90, 0x0,
    0x0, 0x0, 0x0, 0x0, 0x0, 0x0, 0x0, 0xb,
    0xf9, 0x0, 0x4, 0xfe, 0x0, 0x0, 0x0, 0x0,
    0x0, 0x0, 0x0, 0x0, 0x0, 0x1, 0xef, 0x20,
    0xb, 0xf5, 0x0, 0x0, 0x0, 0x0, 0x0, 0x0,
    0x0, 0x0, 0x0, 0x0, 0x7f, 0x90, 0x1f, 0xe0,
    0x0, 0x0, 0x0, 0x0, 0x0, 0x0, 0x0, 0x0,
    0x0, 0x0, 0xf, 0xf0, 0x5f, 0x90, 0x0, 0x0,
    0x0, 0x0, 0x0, 0x0, 0x0, 0x0, 0x0, 0x0,
    0xb, 0xf4, 0x9f, 0x50, 0x0, 0x0, 0x0, 0x0,
    0x0, 0x0, 0x0, 0x0, 0x0, 0x0, 0x7, 0xf7,
    0xaf, 0x30, 0x0, 0x0, 0x4, 0x44, 0x44, 0x44,
    0x44, 0x30, 0x0, 0x0, 0x5, 0xf9, 0xbf, 0x20,
    0x0, 0x0, 0xe, 0xff, 0xff, 0xff, 0xff, 0xb0,
    0x0, 0x0, 0x4, 0xfa, 0xbf, 0x30, 0x0, 0x0,
    0xe, 0xff, 0xff, 0xff, 0xff, 0xa0, 0x0, 0x0,
    0x4, 0xf9, 0x9f, 0x40, 0x0, 0x0, 0x0, 0x0,
    0x0, 0x0, 0x0, 0x0, 0x0, 0x0, 0x6, 0xf8,
    0x6f, 0x80, 0x0, 0x0, 0x0, 0x0, 0x0, 0x0,
    0x0, 0x0, 0x0, 0x0, 0xa, 0xf4, 0x2f, 0xd0,
    0x0, 0x0, 0x0, 0x0, 0x0, 0x0, 0x0, 0x0,
    0x0, 0x0, 0xe, 0xf1, 0xd, 0xf3, 0x0, 0x0,
    0x0, 0x0, 0x0, 0x0, 0x0, 0x0, 0x0, 0x0,
    0x5f, 0xb0, 0x6, 0xfc, 0x0, 0x0, 0x0, 0x0,
    0x0, 0x0, 0x0, 0x0, 0x0, 0x0, 0xdf, 0x40,
    0x0, 0xcf, 0x60, 0x0, 0x0, 0x0, 0x0, 0x0,
    0x0, 0x0, 0x0, 0x8, 0xfb, 0x0, 0x0, 0x3f,
    0xf4, 0x0, 0x0, 0x0, 0x0, 0x0, 0x0, 0x0,
    0x0, 0x6f, 0xf2, 0x0, 0x0, 0x5, 0xff, 0x50,
    0x0, 0x0, 0x0, 0x0, 0x0, 0x0, 0x7, 0xff,
    0x40, 0x0, 0x0, 0x0, 0x6f, 0xfa, 0x10, 0x0,
    0x0, 0x0, 0x0, 0x2, 0xbf, 0xf4, 0x0, 0x0,
    0x0, 0x0, 0x4, 0xef, 0xf9, 0x30, 0x0, 0x0,
    0x4, 0xaf, 0xfd, 0x30, 0x0, 0x0, 0x0, 0x0,
    0x0, 0x8, 0xff, 0xff, 0xdc, 0xcd, 0xff, 0xfe,
    0x70, 0x0, 0x0, 0x0, 0x0, 0x0, 0x0, 0x0,
    0x6, 0xbe, 0xff, 0xff, 0xea, 0x60, 0x0, 0x0,
    0x0, 0x0, 0x0, 0x0, 0x0, 0x0, 0x0, 0x0,
    0x1, 0x10, 0x0, 0x0, 0x0, 0x0, 0x0, 0x0,

    /* U+2297 "⊗" */
    0x0, 0x0, 0x0, 0x0, 0x2, 0x7b, 0xde, 0xed,
    0xa7, 0x20, 0x0, 0x0, 0x0, 0x0, 0x0, 0x0,
    0x0, 0x5, 0xcf, 0xff, 0xff, 0xff, 0xff, 0xfb,
    0x40, 0x0, 0x0, 0x0, 0x0, 0x0, 0x1, 0xbf,
    0xfd, 0x73, 0x10, 0x1, 0x48, 0xef, 0xfa, 0x10,
    0x0, 0x0, 0x0, 0x0, 0x3e, 0xfd, 0x40, 0x0,
    0x0, 0x0, 0x0, 0x5, 0xef, 0xd2, 0x0, 0x0,
    0x0, 0x3, 0xff, 0x90, 0x0, 0x0, 0x0, 0x0,
    0x0, 0x0, 0xa, 0xfe, 0x20, 0x0, 0x0, 0x1e,
    0xf7, 0x0, 0x0, 0x0, 0x0, 0x0, 0x0, 0x0,
    0x0, 0x9f, 0xd0, 0x0, 0x0, 0xbf, 0x90, 0x0,
    0x0, 0x0, 0x0, 0x0, 0x0, 0x0, 0x0, 0xb,
    0xf9, 0x0, 0x4, 0xfe, 0x0, 0x0, 0x0, 0x0,
    0x0, 0x0, 0x0, 0x0, 0x0, 0x1, 0xef, 0x20,
    0xb, 0xf5, 0x0, 0x0, 0x0, 0x10, 0x0, 0x0,
    0x1, 0x0, 0x0, 0x0, 0x7f, 0x90, 0x1f, 0xe0,
    0x0, 0x0, 0x4, 0xf6, 0x0, 0x0, 0x7e, 0x30,
    0x0, 0x0, 0xf, 0xf0, 0x5f, 0x90, 0x0, 0x0,
    0xb, 0xff, 0x60, 0x8, 0xff, 0x90, 0x0, 0x0,
    0xb, 0xf4, 0x9f, 0x50, 0x0, 0x0, 0x0, 0xcf,
    0xf6, 0x8f, 0xfa, 0x0, 0x0, 0x0, 0x7, 0xf7,
    0xaf, 0x30, 0x0, 0x0, 0x0, 0xb, 0xff, 0xff,
    0xa0, 0x0, 0x0, 0x0, 0x5, 0xf9, 0xbf, 0x20,
    0x0, 0x0, 0x0, 0x0, 0xef, 0xfc, 0x0, 0x0,
    0x0, 0x0, 0x4, 0xfa, 0xbf, 0x30, 0x0, 0x0,
    0x0, 0x8, 0xff, 0xff, 0x60, 0x0, 0x0, 0x0,
    0x4, 0xf9, 0x9f, 0x40, 0x0, 0x0, 0x0, 0x9f,
    0xf9, 0xbf, 0xf7, 0x0, 0x0, 0x0, 0x6, 0xf8,
    0x6f, 0x80, 0x0, 0x0, 0x9, 0xff, 0x90, 0xb,
    0xff, 0x70, 0x0, 0x0, 0xa, 0xf4, 0x2f, 0xd0,
    0x0, 0x0, 0x7, 0xf9, 0x0, 0x0, 0xaf, 0x50,
    0x0, 0x0, 0xe, 0xf1, 0xd, 0xf3, 0x0, 0x0,
    0x0, 0x40, 0x0, 0x0, 0x3, 0x0, 0x0, 0x0,
    0x5f, 0xb0, 0x6, 0xfc, 0x0, 0x0, 0x0, 0x0,
    0x0, 0x0, 0x0, 0x0, 0x0, 0x0, 0xdf, 0x40,
    0x0, 0xcf, 0x60, 0x0, 0x0, 0x0, 0x0, 0x0,
    0x0, 0x0, 0x0, 0x8, 0xfb, 0x0, 0x0, 0x3f,
    0xf4, 0x0, 0x0, 0x0, 0x0, 0x0, 0x0, 0x0,
    0x0, 0x6f, 0xf2, 0x0, 0x0, 0x5, 0xff, 0x50,
    0x0, 0x0, 0x0, 0x0, 0x0, 0x0, 0x7, 0xff,
    0x40, 0x0, 0x0, 0x0, 0x6f, 0xfa, 0x10, 0x0,
    0x0, 0x0, 0x0, 0x2, 0xbf, 0xf4, 0x0, 0x0,
    0x0, 0x0, 0x4, 0xef, 0xf9, 0x30, 0x0, 0x0,
    0x4, 0xaf, 0xfd, 0x30, 0x0, 0x0, 0x0, 0x0,
    0x0, 0x8, 0xff, 0xff, 0xdc, 0xcd, 0xff, 0xfe,
    0x70, 0x0, 0x0, 0x0, 0x0, 0x0, 0x0, 0x0,
    0x6, 0xbe, 0xff, 0xff, 0xea, 0x60, 0x0, 0x0,
    0x0, 0x0, 0x0, 0x0, 0x0, 0x0, 0x0, 0x0,
    0x1, 0x10, 0x0, 0x0, 0x0, 0x0, 0x0, 0x0,

    /* U+2298 "⊘" */
    0x0, 0x0, 0x0, 0x0, 0x2, 0x7b, 0xde, 0xed,
    0xa7, 0x20, 0x0, 0x0, 0x0, 0x0, 0x0, 0x0,
    0x0, 0x5, 0xcf, 0xff, 0xff, 0xff, 0xff, 0xfb,
    0x40, 0x0, 0x0, 0x0, 0x0, 0x0, 0x1, 0xbf,
    0xfd, 0x73, 0x10, 0x1, 0x48, 0xef, 0xfa, 0x10,
    0x0, 0x0, 0x0, 0x0, 0x3e, 0xfd, 0x40, 0x0,
    0x0, 0x0, 0x0, 0x5, 0xef, 0xd2, 0x0, 0x0,
    0x0, 0x3, 0xff, 0x90, 0x0, 0x0, 0x0, 0x0,
    0x0, 0x0, 0xa, 0xfe, 0x20, 0x0, 0x0, 0x1e,
    0xf7, 0x0, 0x0, 0x0, 0x0, 0x0, 0x0, 0x0,
    0x0, 0x9f, 0xd0, 0x0, 0x0, 0xbf, 0x90, 0x0,
    0x0, 0x0, 0x0, 0x0, 0x0, 0x0, 0x0, 0xb,
    0xf9, 0x0, 0x4, 0xfe, 0x0, 0x0, 0x0, 0x0,
    0x0, 0x0, 0x3, 0x0, 0x0, 0x1, 0xef, 0x20,
    0xb, 0xf5, 0x0, 0x0, 0x0, 0x0, 0x0, 0x0,
    0x3f, 0xb0, 0x0, 0x0, 0x7f, 0x90, 0x1f, 0xe0,
    0x0, 0x0, 0x0, 0x0, 0x0, 0x2, 0xef, 0xd1,
    0x0, 0x0, 0xf, 0xf0, 0x5f, 0x90, 0x0, 0x0,
    0x0, 0x0, 0x0, 0xd, 0xfe, 0x20, 0x0, 0x0,
    0xb, 0xf4, 0x9f, 0x50, 0x0, 0x0, 0x0, 0x0,
    0x0, 0xbf, 0xf3, 0x0, 0x0, 0x0, 0x7, 0xf7,
    0xaf, 0x30, 0x0, 0x0, 0x0, 0x0, 0x9, 0xff,
    0x50, 0x0, 0x0, 0x0, 0x5, 0xf9, 0xbf, 0x20,
    0x0, 0x0, 0x0, 0x0, 0x7f, 0xf8, 0x0, 0x0,
    0x0, 0x0, 0x4, 0xfa, 0xbf, 0x30, 0x0, 0x0,
    0x0, 0x4, 0xff, 0xa0, 0x0, 0x0, 0x0, 0x0,
    0x4, 0xf9, 0x9f, 0x40, 0x0, 0x0, 0x0, 0x3f,
    0xfc, 0x0, 0x0, 0x0, 0x0, 0x0, 0x6, 0xf8,
    0x6f, 0x80, 0x0, 0x0, 0x1, 0xef, 0xd1, 0x0,
    0x0, 0x0, 0x0, 0x0, 0xa, 0xf4, 0x2f, 0xd0,
    0x0, 0x0, 0xc, 0xfe, 0x20, 0x0, 0x0, 0x0,
    0x0, 0x0, 0xe, 0xf1, 0xd, 0xf3, 0x0, 0x0,
    0x2e, 0xf4, 0x0, 0x0, 0x0, 0x0, 0x0, 0x0,
    0x5f, 0xb0, 0x6, 0xfc, 0x0, 0x0, 0x1, 0x50,
    0x0, 0x0, 0x0, 0x0, 0x0, 0x0, 0xdf, 0x40,
    0x0, 0xcf, 0x60, 0x0, 0x0, 0x0, 0x0, 0x0,
    0x0, 0x0, 0x0, 0x8, 0xfb, 0x0, 0x0, 0x3f,
    0xf4, 0x0, 0x0, 0x0, 0x0, 0x0, 0x0, 0x0,
    0x0, 0x6f, 0xf2, 0x0, 0x0, 0x5, 0xff, 0x50,
    0x0, 0x0, 0x0, 0x0, 0x0, 0x0, 0x7, 0xff,
    0x40, 0x0, 0x0, 0x0, 0x6f, 0xfa, 0x10, 0x0,
    0x0, 0x0, 0x0, 0x2, 0xbf, 0xf4, 0x0, 0x0,
    0x0, 0x0, 0x4, 0xef, 0xf9, 0x30, 0x0, 0x0,
    0x4, 0xaf, 0xfd, 0x30, 0x0, 0x0, 0x0, 0x0,
    0x0, 0x8, 0xff, 0xff, 0xdc, 0xcd, 0xff, 0xfe,
    0x70, 0x0, 0x0, 0x0, 0x0, 0x0, 0x0, 0x0,
    0x6, 0xbe, 0xff, 0xff, 0xea, 0x60, 0x0, 0x0,
    0x0, 0x0, 0x0, 0x0, 0x0, 0x0, 0x0, 0x0,
    0x1, 0x10, 0x0, 0x0, 0x0, 0x0, 0x0, 0x0,

    /* U+2303 "⌃" */
    0x0, 0x0, 0x0, 0x43, 0x0, 0x0, 0x0, 0x0,
    0x0, 0x4f, 0xf3, 0x0, 0x0, 0x0, 0x0, 0x4f,
    0xff, 0xf3, 0x0, 0x0, 0x0, 0x4f, 0xfa, 0xbf,
    0xf3, 0x0, 0x0, 0x4f, 0xfa, 0x0, 0xbf, 0xf3,
    0x0, 0x4f, 0xfa, 0x0, 0x0, 0xbf, 0xf3, 0xb,
    0xfa, 0x0, 0x0, 0x0, 0xbf, 0xa0, 0x7, 0x0,
    0x0, 0x0, 0x0, 0x80,

    /* U+2304 "⌄" */
    0x0, 0x0, 0x0, 0x0, 0x0, 0x0, 0x0, 0x5e,
    0x30, 0x0, 0x0, 0x3, 0xe4, 0xb, 0xfe, 0x30,
    0x0, 0x3, 0xff, 0xa0, 0xb, 0xfe, 0x30, 0x3,
    0xff, 0xa0, 0x0, 0xb, 0xfe, 0x33, 0xff, 0xa0,
    0x0, 0x0, 0xb, 0xfe, 0xff, 0xb0, 0x0, 0x0,
    0x0, 0xb, 0xff, 0xb0, 0x0, 0x0, 0x0, 0x0,
    0xb, 0xb0, 0x0, 0x0, 0x0, 0x0, 0x0, 0x0,
    0x0, 0x0, 0x0,

    /* U+2305 "⌅" */
    0xc, 0xcc, 0xcc, 0xcc, 0xcc, 0xcc, 0xb0, 0xff,
    0xff, 0xff, 0xff, 0xff, 0xfe, 0x4, 0x44, 0x44,
    0x44, 0x44, 0x44, 0x40, 0x0, 0x0, 0x0, 0x0,
    0x0, 0x0, 0x0, 0x0, 0x0, 0xcb, 0x0, 0x0,
    0x0, 0x0, 0x0, 0xcf, 0xfb, 0x0, 0x0, 0x0,
    0x0, 0xcf, 0xee, 0xfb, 0x0, 0x0, 0x0, 0xcf,
    0xe2, 0x3e, 0xfb, 0x0, 0x0, 0xcf, 0xe2, 0x0,
    0x3e, 0xfb, 0x0, 0xbf, 0xe2, 0x0, 0x0, 0x3e,
    0xfa, 0x4, 0xd2, 0x0, 0x0, 0x0, 0x3e, 0x30,
    0x0, 0x0, 0x0, 0x0, 0x0, 0x0,

    /* U+2318 "⌘" */
    0x3, 0xad, 0xa2, 0x0, 0x0, 0x5b, 0xd9, 0x10,
    0x2f, 0xff, 0xfe, 0x10, 0x6, 0xff, 0xff, 0xd0,
    0xaf, 0x50, 0x7f, 0x80, 0xe, 0xf2, 0xa, 0xf6,
    0xcf, 0x0, 0x1f, 0xb0, 0x1f, 0xb0, 0x4, 0xf8,
    0x9f, 0x71, 0x1f, 0xb0, 0x1f, 0xb0, 0x1b, 0xf5,
    0x1e, 0xff, 0xff, 0xff, 0xff, 0xff, 0xff, 0xb0,
    0x1, 0x8b, 0xbf, 0xeb, 0xbf, 0xeb, 0xa6, 0x0,
    0x0, 0x0, 0x1f, 0xb0, 0x1f, 0xb0, 0x0, 0x0,
    0x0, 0x0, 0x1f, 0xb0, 0x1f, 0xb0, 0x0, 0x0,
    0x6, 0xef, 0xff, 0xff, 0xff, 0xff, 0xfc, 0x30,
    0x5f, 0xfc, 0xcf, 0xeb, 0xcf, 0xeb, 0xcf, 0xe1,
    0xbf, 0x20, 0x1f, 0xb0, 0x1f, 0xb0, 0x7, 0xf7,
    0xbf, 0x10, 0x3f, 0xa0, 0xf, 0xd0, 0x6, 0xf7,
    0x6f, 0xea, 0xef, 0x40, 0xa, 0xfd, 0xbf, 0xf2,
    0x7, 0xff, 0xe6, 0x0, 0x0, 0xaf, 0xfd, 0x40,
    0x0, 0x1, 0x0, 0x0, 0x0, 0x0, 0x10, 0x0,

    /* U+2325 "⌥" */
    0x5, 0x55, 0x55, 0x40, 0x0, 0x5, 0x55, 0x55,
    0x53, 0x1f, 0xff, 0xff, 0xf3, 0x0, 0x1f, 0xff,
    0xff, 0xfb, 0x1c, 0xcc, 0xcd, 0xfb, 0x0, 0xc,
    0xcc, 0xcc, 0xc8, 0x0, 0x0, 0x1, 0xff, 0x30,
    0x0, 0x0, 0x0, 0x0, 0x0, 0x0, 0x0, 0x9f,
    0xc0, 0x0, 0x0, 0x0, 0x0, 0x0, 0x0, 0x0,
    0x1f, 0xf4, 0x0, 0x0, 0x0, 0x0, 0x0, 0x0,
    0x0, 0x8, 0xfc, 0x0, 0x0, 0x0, 0x0, 0x0,
    0x0, 0x0, 0x1, 0xff, 0x40, 0x0, 0x0, 0x0,
    0x0, 0x0, 0x0, 0x0, 0x8f, 0xc0, 0x0, 0x0,
    0x0, 0x0, 0x0, 0x0, 0x0, 0xe, 0xf5, 0x0,
    0x0, 0x0, 0x0, 0x0, 0x0, 0x0, 0x7, 0xfd,
    0x0, 0x0, 0x0, 0x0, 0x0, 0x0, 0x0, 0x0,
    0xef, 0x50, 0x0, 0x0, 0x0, 0x0, 0x0, 0x0,
    0x0, 0x7f, 0xd1, 0x11, 0x11, 0x0, 0x0, 0x0,
    0x0, 0x0, 0xe, 0xff, 0xff, 0xfb, 0x0, 0x0,
    0x0, 0x0, 0x0, 0x6, 0xff, 0xff, 0xfb,

    /* U+2326 "⌦" */
    0x2c, 0xcc, 0xcc, 0xcc, 0xcc, 0xcc, 0xcc, 0x90,
    0x0, 0x0, 0x0, 0x2f, 0xff, 0xff, 0xff, 0xff,
    0xff, 0xff, 0xfa, 0x0, 0x0, 0x0, 0x2f, 0xf4,
    0x44, 0x44, 0x44, 0x44, 0x46, 0xff, 0x90, 0x0,
    0x0, 0x2f, 0xe0, 0x0, 0x50, 0x0, 0x1, 0x40,
    0x5f, 0xf9, 0x0, 0x0, 0x2f, 0xe0, 0x6, 0xfb,
    0x0, 0x1d, 0xf4, 0x5, 0xff, 0x90, 0x0, 0x2f,
    0xe0, 0x3, 0xef, 0xb1, 0xdf, 0xd1, 0x0, 0x5f,
    0xf9, 0x0, 0x2f, 0xe0, 0x0, 0x3e, 0xff, 0xfd,
    0x10, 0x0, 0x6, 0xff, 0x80, 0x2f, 0xe0, 0x0,
    0x4, 0xff, 0xf1, 0x0, 0x0, 0x0, 0x8f, 0xf6,
    0x2f, 0xe0, 0x0, 0x1d, 0xff, 0xfa, 0x0, 0x0,
    0x3, 0xef, 0xc0, 0x2f, 0xe0, 0x1, 0xdf, 0xd5,
    0xff, 0xa0, 0x0, 0x2e, 0xfc, 0x0, 0x2f, 0xe0,
    0x8, 0xfd, 0x10, 0x3f, 0xf5, 0x2, 0xef, 0xc0,
    0x0, 0x2f, 0xe0, 0x0, 0x91, 0x0, 0x3, 0x70,
    0x2e, 0xfc, 0x0, 0x0, 0x2f, 0xe1, 0x11, 0x11,
    0x11, 0x11, 0x12, 0xef, 0xc1, 0x0, 0x0, 0x2f,
    0xff, 0xff, 0xff, 0xff, 0xff, 0xff, 0xfc, 0x10,
    0x0, 0x0, 0x2f, 0xff, 0xff, 0xff, 0xff, 0xff,
    0xff, 0xd1, 0x0, 0x0, 0x0,

    /* U+2327 "⌧" */
    0x9c, 0xcc, 0xcc, 0xcc, 0xcc, 0xcc, 0xcc, 0xcc,
    0xc1, 0xcf, 0xff, 0xff, 0xff, 0xff, 0xff, 0xff,
    0xff, 0xf2, 0xcf, 0x84, 0x44, 0x44, 0x44, 0x44,
    0x44, 0x4f, 0xf2, 0xcf, 0x40, 0x3, 0x20, 0x0,
    0x5, 0x0, 0xe, 0xf2, 0xcf, 0x40, 0x2e, 0xe2,
    0x0, 0xaf, 0x70, 0xe, 0xf2, 0xcf, 0x40, 0xc,
    0xfe, 0x2a, 0xff, 0x30, 0xe, 0xf2, 0xcf, 0x40,
    0x0, 0xcf, 0xff, 0xf3, 0x0, 0xe, 0xf2, 0xcf,
    0x40, 0x0, 0xe, 0xff, 0x50, 0x0, 0xe, 0xf2,
    0xcf, 0x40, 0x0, 0x9f, 0xff, 0xd1, 0x0, 0xe,
    0xf2, 0xcf, 0x40, 0x8, 0xff, 0x5c, 0xfd, 0x10,
    0xe, 0xf2, 0xcf, 0x40, 0x3f, 0xf4, 0x1, 0xcf,
    0x90, 0xe, 0xf2, 0xcf, 0x40, 0x6, 0x50, 0x0,
    0x19, 0x0, 0xe, 0xf2, 0xcf, 0x51, 0x11, 0x11,
    0x11, 0x11, 0x11, 0x1e, 0xf2, 0xcf, 0xff, 0xff,
    0xff, 0xff, 0xff, 0xff, 0xff, 0xf2, 0xcf, 0xff,
    0xff, 0xff, 0xff, 0xff, 0xff, 0xff, 0xf2,

    /* U+232B "⌫" */
    0x0, 0x0, 0x0, 0x8, 0xcc, 0xcc, 0xcc, 0xcc,
    0xcc, 0xcc, 0xc3, 0x0, 0x0, 0x0, 0x8f, 0xff,
    0xff, 0xff, 0xff, 0xff, 0xff, 0xf4, 0x0, 0x0,
    0x8, 0xff, 0x74, 0x44, 0x44, 0x44, 0x44, 0x4d,
    0xf4, 0x0, 0x0, 0x7f, 0xf6, 0x3, 0x20, 0x0,
    0x5, 0x0, 0xd, 0xf4, 0x0, 0x7, 0xff, 0x60,
    0x2f, 0xe2, 0x0, 0x9f, 0x80, 0xd, 0xf4, 0x0,
    0x7f, 0xf7, 0x0, 0xc, 0xfe, 0x29, 0xff, 0x40,
    0xd, 0xf4, 0x6, 0xff, 0x70, 0x0, 0x0, 0xcf,
    0xff, 0xf4, 0x0, 0xd, 0xf4, 0x4f, 0xfa, 0x0,
    0x0, 0x0, 0x1e, 0xff, 0x60, 0x0, 0xd, 0xf4,
    0xa, 0xff, 0x40, 0x0, 0x0, 0x9f, 0xff, 0xe2,
    0x0, 0xd, 0xf4, 0x0, 0xaf, 0xf4, 0x0, 0x9,
    0xff, 0x5c, 0xfe, 0x20, 0xd, 0xf4, 0x0, 0xa,
    0xff, 0x30, 0x3f, 0xf4, 0x1, 0xcf, 0xa0, 0xd,
    0xf4, 0x0, 0x0, 0xbf, 0xf3, 0x6, 0x50, 0x0,
    0x19, 0x0, 0xd, 0xf4, 0x0, 0x0, 0xb, 0xff,
    0x31, 0x11, 0x11, 0x11, 0x11, 0x1d, 0xf4, 0x0,
    0x0, 0x0, 0xbf, 0xff, 0xff, 0xff, 0xff, 0xff,
    0xff, 0xf4, 0x0, 0x0, 0x0, 0xb, 0xff, 0xff,
    0xff, 0xff, 0xff, 0xff, 0xf4,

    /* U+2380 "⎀" */
    0x0, 0x0, 0x0, 0x11, 0x0, 0x0, 0x0, 0x0,
    0x0, 0x3d, 0xff, 0xe5, 0x0, 0x0, 0x0, 0x0,
    0x9c, 0x66, 0xff, 0x10, 0x0, 0x0, 0x0, 0x16,
    0x8b, 0xff, 0x20, 0x0, 0x0, 0x0, 0xef, 0xa7,
    0xef, 0x20, 0x0, 0x0, 0x2, 0xfd, 0x25, 0xff,
    0x20, 0x0, 0x36, 0x0, 0xbf, 0xfc, 0xdf, 0x20,
    0x63, 0x9f, 0x60, 0x1, 0x10, 0x11, 0x6, 0xf9,
    0xa, 0xf6, 0x0, 0x0, 0x0, 0x6f, 0xa0, 0x0,
    0xaf, 0x60, 0x0, 0x6, 0xfa, 0x0, 0x0, 0xa,
    0xf6, 0x0, 0x6f, 0xb0, 0x0, 0x0, 0x0, 0xaf,
    0x55, 0xfb, 0x0, 0x0, 0x0, 0x0, 0xa, 0xff,
    0xb0, 0x0, 0x0, 0x0, 0x0, 0x0, 0xbb, 0x0,
    0x0, 0x0, 0x0, 0x0, 0x0, 0x0, 0x0, 0x0,
    0x0,

    /* U+2387 "⎇" */
    0x0, 0x0, 0x0, 0x0, 0x0, 0x1, 0x55, 0x55,
    0x53, 0x0, 0x0, 0x0, 0x0, 0x0, 0x9, 0xff,
    0xff, 0xfb, 0x0, 0x0, 0x0, 0x0, 0x0, 0x1f,
    0xfc, 0xcc, 0xc8, 0x0, 0x0, 0x0, 0x0, 0x0,
    0x9f, 0xb0, 0x0, 0x0, 0x0, 0x0, 0x0, 0x0,
    0x2, 0xff, 0x30, 0x0, 0x0, 0x0, 0x0, 0x0,
    0x0, 0xa, 0xfa, 0x0, 0x0, 0x0, 0x0, 0x0,
    0x0, 0x0, 0x2f, 0xf2, 0x0, 0x0, 0x0, 0x0,
    0x0, 0x0, 0x0, 0xaf, 0xa0, 0x0, 0x0, 0x0,
    0x0, 0x0, 0x0, 0x3, 0xff, 0x20, 0x0, 0x0,
    0x0, 0x0, 0x0, 0x0, 0xb, 0xf9, 0x0, 0x0,
    0x0, 0x0, 0x0, 0x0, 0x0, 0x3f, 0xf1, 0x0,
    0x0, 0x0, 0x0, 0x0, 0x0, 0x0, 0xbf, 0x90,
    0x0, 0x0, 0x0, 0x0, 0x1, 0x11, 0x14, 0xff,
    0x10, 0x1, 0x11, 0x11, 0x11, 0x1f, 0xff, 0xff,
    0xf8, 0x0, 0x1f, 0xff, 0xff, 0xfb, 0x1f, 0xff,
    0xff, 0xf1, 0x0, 0x1f, 0xff, 0xff, 0xfb,

    /* U+238B "⎋" */
    0x45, 0x55, 0x52, 0x2, 0x30, 0x0, 0x0, 0xc,
    0xff, 0xfb, 0x0, 0x7f, 0xfa, 0x20, 0x0, 0xcf,
    0xfe, 0x0, 0x6, 0xef, 0xff, 0x50, 0xc, 0xff,
    0xf8, 0x0, 0x0, 0x3b, 0xff, 0x40, 0xcb, 0x6f,
    0xf9, 0x0, 0x0, 0xa, 0xfe, 0x7, 0x0, 0x5f,
    0xf9, 0x0, 0x0, 0xe, 0xf5, 0x0, 0x0, 0x5f,
    0xf9, 0x0, 0x0, 0x8f, 0xa1, 0x20, 0x0, 0x5f,
    0xc0, 0x0, 0x5, 0xfb, 0xbf, 0x60, 0x0, 0x40,
    0x0, 0x0, 0x6f, 0xb8, 0xfa, 0x0, 0x0, 0x0,
    0x0, 0xa, 0xf9, 0x3f, 0xf2, 0x0, 0x0, 0x0,
    0x2, 0xff, 0x30, 0xbf, 0xd2, 0x0, 0x0, 0x2,
    0xdf, 0xb0, 0x1, 0xef, 0xf8, 0x31, 0x38, 0xff,
    0xe1, 0x0, 0x1, 0xcf, 0xff, 0xff, 0xff, 0xc1,
    0x0, 0x0, 0x0, 0x5b, 0xef, 0xeb, 0x50, 0x0,
    0x0,

    /* U+23CE "⏎" */
    0x0, 0x0, 0x0, 0x0, 0x0, 0x5, 0x55, 0x55,
    0x50, 0x0, 0x0, 0x0, 0x0, 0x0, 0xf, 0xff,
    0xff, 0xf1, 0x0, 0x0, 0x0, 0x0, 0x0, 0xb,
    0xcc, 0xcf, 0xf1, 0x0, 0x0, 0x0, 0x0, 0x0,
    0x0, 0x0, 0xf, 0xf1, 0x0, 0x0, 0x4, 0x0,
    0x0, 0x0, 0x0, 0xf, 0xf1, 0x0, 0x0, 0xaa,
    0x0, 0x0, 0x0, 0x0, 0xf, 0xf1, 0x0, 0xa,
    0xfa, 0x0, 0x0, 0x0, 0x0, 0xf, 0xf1, 0x0,
    0xaf, 0xfb, 0x33, 0x33, 0x33, 0x33, 0x3f, 0xf1,
    0xa, 0xff, 0xff, 0xff, 0xff, 0xff, 0xff, 0xff,
    0xf1, 0x6, 0xff, 0xff, 0xee, 0xee, 0xee, 0xee,
    0xee, 0xe1, 0x0, 0x5f, 0xfa, 0x0, 0x0, 0x0,
    0x0, 0x0, 0x0, 0x0, 0x5, 0xfa, 0x0, 0x0,
    0x0, 0x0, 0x0, 0x0, 0x0, 0x0, 0x59, 0x0,
    0x0, 0x0, 0x0, 0x0, 0x0, 0x0, 0x0, 0x1,
    0x0, 0x0, 0x0, 0x0, 0x0, 0x0,

    /* U+23CF "⏏" */
    0x0, 0x0, 0x0, 0x7, 0x0, 0x0, 0x0, 0x0,
    0x0, 0x0, 0x8, 0xfc, 0x0, 0x0, 0x0, 0x0,
    0x0, 0x8, 0xff, 0xfc, 0x0, 0x0, 0x0, 0x0,
    0x8, 0xff, 0xff, 0xfb, 0x0, 0x0, 0x0, 0x7,
    0xff, 0xff, 0xff, 0xfb, 0x0, 0x0, 0x7, 0xff,
    0xff, 0xff, 0xff, 0xfb, 0x0, 0x7, 0xff, 0xff,
    0xff, 0xff, 0xff, 0xfa, 0x3, 0xcc, 0xcc, 0xcc,
    0xcc, 0xcc, 0xcc, 0xc7, 0x0, 0x0, 0x0, 0x0,
    0x0, 0x0, 0x0, 0x0, 0x0, 0x0, 0x0, 0x0,
    0x0, 0x0, 0x0, 0xaf, 0xff, 0xff, 0xff, 0xff,
    0xff, 0xff, 0xea, 0xff, 0xff, 0xff, 0xff, 0xff,
    0xff, 0xfe, 0xaf, 0xff, 0xff, 0xff, 0xff, 0xff,
    0xff, 0xd0,

    /* U+25A0 "■" */
    0x8, 0x88, 0x88, 0x88, 0x88, 0x88, 0x88, 0x84,
    0x1f, 0xff, 0xff, 0xff, 0xff, 0xff, 0xff, 0xf7,
    0x1f, 0xff, 0xff, 0xff, 0xff, 0xff, 0xff, 0xf7,
    0x1f, 0xff, 0xff, 0xff, 0xff, 0xff, 0xff, 0xf7,
    0x1f, 0xff, 0xff, 0xff, 0xff, 0xff, 0xff, 0xf7,
    0x1f, 0xff, 0xff, 0xff, 0xff, 0xff, 0xff, 0xf7,
    0x1f, 0xff, 0xff, 0xff, 0xff, 0xff, 0xff, 0xf7,
    0x1f, 0xff, 0xff, 0xff, 0xff, 0xff, 0xff, 0xf7,
    0x1f, 0xff, 0xff, 0xff, 0xff, 0xff, 0xff, 0xf7,
    0x1f, 0xff, 0xff, 0xff, 0xff, 0xff, 0xff, 0xf7,
    0x1f, 0xff, 0xff, 0xff, 0xff, 0xff, 0xff, 0xf7,
    0x1f, 0xff, 0xff, 0xff, 0xff, 0xff, 0xff, 0xf7,
    0x1f, 0xff, 0xff, 0xff, 0xff, 0xff, 0xff, 0xf7,
    0x1f, 0xff, 0xff, 0xff, 0xff, 0xff, 0xff, 0xf7,
    0x1f, 0xff, 0xff, 0xff, 0xff, 0xff, 0xff, 0xf7,

    /* U+25A1 "□" */
    0x1c, 0xcc, 0xcc, 0xcc, 0xcc, 0xcc, 0xcc, 0xc2,
    0x2f, 0xff, 0xff, 0xff, 0xff, 0xff, 0xff, 0xf3,
    0x2f, 0xf4, 0x44, 0x44, 0x44, 0x44, 0x4e, 0xf3,
    0x2f, 0xf0, 0x0, 0x0, 0x0, 0x0, 0xd, 0xf3,
    0x2f, 0xf0, 0x0, 0x0, 0x0, 0x0, 0xd, 0xf3,
    0x2f, 0xf0, 0x0, 0x0, 0x0, 0x0, 0xd, 0xf3,
    0x2f, 0xf0, 0x0, 0x0, 0x0, 0x0, 0xd, 0xf3,
    0x2f, 0xf0, 0x0, 0x0, 0x0, 0x0, 0xd, 0xf3,
    0x2f, 0xf0, 0x0, 0x0, 0x0, 0x0, 0xd, 0xf3,
    0x2f, 0xf0, 0x0, 0x0, 0x0, 0x0, 0xd, 0xf3,
    0x2f, 0xf0, 0x0, 0x0, 0x0, 0x0, 0xd, 0xf3,
    0x2f, 0xf0, 0x0, 0x0, 0x0, 0x0, 0xd, 0xf3,
    0x2f, 0xf1, 0x11, 0x11, 0x11, 0x11, 0x1d, 0xf3,
    0x2f, 0xff, 0xff, 0xff, 0xff, 0xff, 0xff, 0xf3,
    0x2f, 0xff, 0xff, 0xff, 0xff, 0xff, 0xff, 0xf3,

    /* U+25A2 "▢" */
    0x3, 0xac, 0xcc, 0xcc, 0xcc, 0xcc, 0xca, 0x40,
    0xe, 0xff, 0xff, 0xff, 0xff, 0xff, 0xff, 0xf0,
    0x1f, 0xf5, 0x44, 0x44, 0x44, 0x44, 0x4e, 0xf2,
    0x2f, 0xf0, 0x0, 0x0, 0x0, 0x0, 0xd, 0xf3,
    0x2f, 0xf0, 0x0, 0x0, 0x0, 0x0, 0xd, 0xf3,
    0x2f, 0xf0, 0x0, 0x0, 0x0, 0x0, 0xd, 0xf3,
    0x2f, 0xf0, 0x0, 0x0, 0x0, 0x0, 0xd, 0xf3,
    0x2f, 0xf0, 0x0, 0x0, 0x0, 0x0, 0xd, 0xf3,
    0x2f, 0xf0, 0x0, 0x0, 0x0, 0x0, 0xd, 0xf3,
    0x2f, 0xf0, 0x0, 0x0, 0x0, 0x0, 0xd, 0xf3,
    0x2f, 0xf0, 0x0, 0x0, 0x0, 0x0, 0xd, 0xf3,
    0x2f, 0xf0, 0x0, 0x0, 0x0, 0x0, 0xd, 0xf3,
    0x1f, 0xf1, 0x11, 0x11, 0x11, 0x11, 0x1e, 0xf3,
    0xf, 0xff, 0xff, 0xff, 0xff, 0xff, 0xff, 0xf1,
    0x6, 0xef, 0xff, 0xff, 0xff, 0xff, 0xfe, 0x70,

    /* U+25AA "▪" */
    0x9a, 0xaa, 0xa7, 0xef, 0xff, 0xfc, 0xef, 0xff,
    0xfc, 0xef, 0xff, 0xfc, 0xef, 0xff, 0xfc, 0xef,
    0xff, 0xfc, 0x0, 0x0, 0x0,

    /* U+25B2 "▲" */
    0x0, 0x0, 0x0, 0x0, 0x1, 0x0, 0x0, 0x0,
    0x0, 0x0, 0x0, 0x0, 0x0, 0x3, 0xd0, 0x0,
    0x0, 0x0, 0x0, 0x0, 0x0, 0x0, 0x0, 0xdf,
    0x80, 0x0, 0x0, 0x0, 0x0, 0x0, 0x0, 0x0,
    0x7f, 0xff, 0x20, 0x0, 0x0, 0x0, 0x0, 0x0,
    0x0, 0x1f, 0xff, 0xfb, 0x0, 0x0, 0x0, 0x0,
    0x0, 0x0, 0xa, 0xff, 0xff, 0xf4, 0x0, 0x0,
    0x0, 0x0, 0x0, 0x3, 0xff, 0xff, 0xff, 0xd0,
    0x0, 0x0, 0x0, 0x0, 0x0, 0xdf, 0xff, 0xff,
    0xff, 0x80, 0x0, 0x0, 0x0, 0x0, 0x6f, 0xff,
    0xff, 0xff, 0xff, 0x20, 0x0, 0x0, 0x0, 0x1f,
    0xff, 0xff, 0xff, 0xff, 0xfb, 0x0, 0x0, 0x0,
    0xa, 0xff, 0xff, 0xff, 0xff, 0xff, 0xf4, 0x0,
    0x0, 0x3, 0xff, 0xff, 0xff, 0xff, 0xff, 0xff,
    0xd0, 0x0, 0x0, 0xdf, 0xff, 0xff, 0xff, 0xff,
    0xff, 0xff, 0x80, 0x0, 0x6f, 0xff, 0xff, 0xff,
    0xff, 0xff, 0xff, 0xff, 0x20, 0x1e, 0xff, 0xff,
    0xff, 0xff, 0xff, 0xff, 0xff, 0xfb, 0x9, 0xff,
    0xff, 0xff, 0xff, 0xff, 0xff, 0xff, 0xff, 0xf4,

    /* U+25B3 "△" */
    0x0, 0x0, 0x0, 0x0, 0x1, 0x0, 0x0, 0x0,
    0x0, 0x0, 0x0, 0x0, 0x0, 0x3, 0xd0, 0x0,
    0x0, 0x0, 0x0, 0x0, 0x0, 0x0, 0x0, 0xdf,
    0x80, 0x0, 0x0, 0x0, 0x0, 0x0, 0x0, 0x0,
    0x7f, 0xff, 0x20, 0x0, 0x0, 0x0, 0x0, 0x0,
    0x0, 0x1f, 0xfd, 0xfb, 0x0, 0x0, 0x0, 0x0,
    0x0, 0x0, 0xa, 0xfc, 0x2f, 0xf4, 0x0, 0x0,
    0x0, 0x0, 0x0, 0x3, 0xff, 0x20, 0x7f, 0xd0,
    0x0, 0x0, 0x0, 0x0, 0x0, 0xdf, 0x80, 0x0,
    0xdf, 0x80, 0x0, 0x0, 0x0, 0x0, 0x6f, 0xe0,
    0x0, 0x4, 0xff, 0x20, 0x0, 0x0, 0x0, 0x1f,
    0xf5, 0x0, 0x0, 0xb, 0xfb, 0x0, 0x0, 0x0,
    0xa, 0xfc, 0x0, 0x0, 0x0, 0x2f, 0xf4, 0x0,
    0x0, 0x3, 0xff, 0x30, 0x0, 0x0, 0x0, 0x8f,
    0xd0, 0x0, 0x0, 0xdf, 0x90, 0x0, 0x0, 0x0,
    0x0, 0xdf, 0x80, 0x0, 0x6f, 0xf2, 0x11, 0x11,
    0x11, 0x11, 0x15, 0xff, 0x20, 0x1e, 0xff, 0xff,
    0xff, 0xff, 0xff, 0xff, 0xff, 0xfb, 0x9, 0xff,
    0xff, 0xff, 0xff, 0xff, 0xff, 0xff, 0xff, 0xf4,

    /* U+25B6 "▶" */
    0x10, 0x0, 0x0, 0x0, 0x0, 0x0, 0x0, 0x0,
    0xf8, 0x0, 0x0, 0x0, 0x0, 0x0, 0x0, 0x0,
    0xff, 0xe5, 0x0, 0x0, 0x0, 0x0, 0x0, 0x0,
    0xff, 0xff, 0xc3, 0x0, 0x0, 0x0, 0x0, 0x0,
    0xff, 0xff, 0xff, 0x91, 0x0, 0x0, 0x0, 0x0,
    0xff, 0xff, 0xff, 0xff, 0x70, 0x0, 0x0, 0x0,
    0xff, 0xff, 0xff, 0xff, 0xfd, 0x40, 0x0, 0x0,
    0xff, 0xff, 0xff, 0xff, 0xff, 0xfb, 0x20, 0x0,
    0xff, 0xff, 0xff, 0xff, 0xff, 0xff, 0xf9, 0x10,
    0xff, 0xff, 0xff, 0xff, 0xff, 0xff, 0xff, 0xe4,
    0xff, 0xff, 0xff, 0xff, 0xff, 0xff, 0xff, 0x70,
    0xff, 0xff, 0xff, 0xff, 0xff, 0xff, 0x91, 0x0,
    0xff, 0xff, 0xff, 0xff, 0xff, 0xc3, 0x0, 0x0,
    0xff, 0xff, 0xff, 0xff, 0xe5, 0x0, 0x0, 0x0,
    0xff, 0xff, 0xff, 0xf7, 0x0, 0x0, 0x0, 0x0,
    0xff, 0xff, 0xfa, 0x10, 0x0, 0x0, 0x0, 0x0,
    0xff, 0xfc, 0x30, 0x0, 0x0, 0x0, 0x0, 0x0,
    0xfe, 0x60, 0x0, 0x0, 0x0, 0x0, 0x0, 0x0,
    0x80, 0x0, 0x0, 0x0, 0x0, 0x0, 0x0, 0x0,

    /* U+25B7 "▷" */
    0x10, 0x0, 0x0, 0x0, 0x0, 0x0, 0x0, 0x0,
    0xf8, 0x0, 0x0, 0x0, 0x0, 0x0, 0x0, 0x0,
    0xff, 0xe5, 0x0, 0x0, 0x0, 0x0, 0x0, 0x0,
    0xff, 0xff, 0xc3, 0x0, 0x0, 0x0, 0x0, 0x0,
    0xff, 0x8f, 0xff, 0x91, 0x0, 0x0, 0x0, 0x0,
    0xff, 0x11, 0x9f, 0xff, 0x70, 0x0, 0x0, 0x0,
    0xff, 0x10, 0x3, 0xcf, 0xfd, 0x40, 0x0, 0x0,
    0xff, 0x10, 0x0, 0x5, 0xef, 0xfb, 0x20, 0x0,
    0xff, 0x10, 0x0, 0x0, 0x8, 0xff, 0xf9, 0x10,
    0xff, 0x10, 0x0, 0x0, 0x0, 0x2c, 0xff, 0xe4,
    0xff, 0x10, 0x0, 0x0, 0x1, 0x9f, 0xff, 0x70,
    0xff, 0x10, 0x0, 0x0, 0x7f, 0xff, 0x91, 0x0,
    0xff, 0x10, 0x0, 0x4d, 0xff, 0xc3, 0x0, 0x0,
    0xff, 0x10, 0x2b, 0xff, 0xe5, 0x0, 0x0, 0x0,
    0xff, 0x29, 0xff, 0xf7, 0x0, 0x0, 0x0, 0x0,
    0xff, 0xff, 0xfa, 0x10, 0x0, 0x0, 0x0, 0x0,
    0xff, 0xfc, 0x30, 0x0, 0x0, 0x0, 0x0, 0x0,
    0xfe, 0x60, 0x0, 0x0, 0x0, 0x0, 0x0, 0x0,
    0x80, 0x0, 0x0, 0x0, 0x0, 0x0, 0x0, 0x0,

    /* U+25BA "►" */
    0x10, 0x0, 0x0, 0x0, 0x0, 0x0, 0x0, 0x0,
    0xf8, 0x0, 0x0, 0x0, 0x0, 0x0, 0x0, 0x0,
    0xff, 0xe5, 0x0, 0x0, 0x0, 0x0, 0x0, 0x0,
    0xff, 0xff, 0xc3, 0x0, 0x0, 0x0, 0x0, 0x0,
    0xff, 0xff, 0xff, 0x91, 0x0, 0x0, 0x0, 0x0,
    0xff, 0xff, 0xff, 0xff, 0x70, 0x0, 0x0, 0x0,
    0xff, 0xff, 0xff, 0xff, 0xfd, 0x40, 0x0, 0x0,
    0xff, 0xff, 0xff, 0xff, 0xff, 0xfb, 0x20, 0x0,
    0xff, 0xff, 0xff, 0xff, 0xff, 0xff, 0xf9, 0x10,
    0xff, 0xff, 0xff, 0xff, 0xff, 0xff, 0xff, 0xe4,
    0xff, 0xff, 0xff, 0xff, 0xff, 0xff, 0xff, 0x70,
    0xff, 0xff, 0xff, 0xff, 0xff, 0xff, 0x91, 0x0,
    0xff, 0xff, 0xff, 0xff, 0xff, 0xc3, 0x0, 0x0,
    0xff, 0xff, 0xff, 0xff, 0xe5, 0x0, 0x0, 0x0,
    0xff, 0xff, 0xff, 0xf7, 0x0, 0x0, 0x0, 0x0,
    0xff, 0xff, 0xfa, 0x10, 0x0, 0x0, 0x0, 0x0,
    0xff, 0xfc, 0x30, 0x0, 0x0, 0x0, 0x0, 0x0,
    0xfe, 0x60, 0x0, 0x0, 0x0, 0x0, 0x0, 0x0,
    0x80, 0x0, 0x0, 0x0, 0x0, 0x0, 0x0, 0x0,

    /* U+25BB "▻" */
    0x10, 0x0, 0x0, 0x0, 0x0, 0x0, 0x0, 0x0,
    0xf8, 0x0, 0x0, 0x0, 0x0, 0x0, 0x0, 0x0,
    0xff, 0xe5, 0x0, 0x0, 0x0, 0x0, 0x0, 0x0,
    0xff, 0xff, 0xc3, 0x0, 0x0, 0x0, 0x0, 0x0,
    0xff, 0x8f, 0xff, 0x91, 0x0, 0x0, 0x0, 0x0,
    0xff, 0x11, 0x9f, 0xff, 0x70, 0x0, 0x0, 0x0,
    0xff, 0x10, 0x3, 0xcf, 0xfd, 0x40, 0x0, 0x0,
    0xff, 0x10, 0x0, 0x5, 0xef, 0xfb, 0x20, 0x0,
    0xff, 0x10, 0x0, 0x0, 0x8, 0xff, 0xf9, 0x10,
    0xff, 0x10, 0x0, 0x0, 0x0, 0x2c, 0xff, 0xe4,
    0xff, 0x10, 0x0, 0x0, 0x1, 0x9f, 0xff, 0x70,
    0xff, 0x10, 0x0, 0x0, 0x7f, 0xff, 0x91, 0x0,
    0xff, 0x10, 0x0, 0x4d, 0xff, 0xc3, 0x0, 0x0,
    0xff, 0x10, 0x2b, 0xff, 0xe5, 0x0, 0x0, 0x0,
    0xff, 0x29, 0xff, 0xf7, 0x0, 0x0, 0x0, 0x0,
    0xff, 0xff, 0xfa, 0x10, 0x0, 0x0, 0x0, 0x0,
    0xff, 0xfc, 0x30, 0x0, 0x0, 0x0, 0x0, 0x0,
    0xfe, 0x60, 0x0, 0x0, 0x0, 0x0, 0x0, 0x0,
    0x80, 0x0, 0x0, 0x0, 0x0, 0x0, 0x0, 0x0,

    /* U+25BC "▼" */
    0x68, 0x88, 0x88, 0x88, 0x88, 0x88, 0x88, 0x88,
    0x88, 0x34, 0xff, 0xff, 0xff, 0xff, 0xff, 0xff,
    0xff, 0xff, 0xe1, 0xb, 0xff, 0xff, 0xff, 0xff,
    0xff, 0xff, 0xff, 0xf6, 0x0, 0x2f, 0xff, 0xff,
    0xff, 0xff, 0xff, 0xff, 0xfc, 0x0, 0x0, 0x8f,
    0xff, 0xff, 0xff, 0xff, 0xff, 0xff, 0x30, 0x0,
    0x0, 0xdf, 0xff, 0xff, 0xff, 0xff, 0xff, 0x90,
    0x0, 0x0, 0x4, 0xff, 0xff, 0xff, 0xff, 0xff,
    0xe1, 0x0, 0x0, 0x0, 0xb, 0xff, 0xff, 0xff,
    0xff, 0xf6, 0x0, 0x0, 0x0, 0x0, 0x2f, 0xff,
    0xff, 0xff, 0xfc, 0x0, 0x0, 0x0, 0x0, 0x0,
    0x8f, 0xff, 0xff, 0xff, 0x30, 0x0, 0x0, 0x0,
    0x0, 0x0, 0xef, 0xff, 0xff, 0x90, 0x0, 0x0,
    0x0, 0x0, 0x0, 0x5, 0xff, 0xff, 0xe1, 0x0,
    0x0, 0x0, 0x0, 0x0, 0x0, 0xb, 0xff, 0xf6,
    0x0, 0x0, 0x0, 0x0, 0x0, 0x0, 0x0, 0x2f,
    0xfc, 0x0, 0x0, 0x0, 0x0, 0x0, 0x0, 0x0,
    0x0, 0x8f, 0x30, 0x0, 0x0, 0x0, 0x0, 0x0,
    0x0, 0x0, 0x0, 0x70, 0x0, 0x0, 0x0, 0x0,

    /* U+25BD "▽" */
    0x8c, 0xcc, 0xcc, 0xcc, 0xcc, 0xcc, 0xcc, 0xcc,
    0xcc, 0x42, 0xff, 0xff, 0xff, 0xff, 0xff, 0xff,
    0xff, 0xff, 0xd0, 0x9, 0xff, 0x54, 0x44, 0x44,
    0x44, 0x44, 0x7f, 0xf4, 0x0, 0xe, 0xf7, 0x0,
    0x0, 0x0, 0x0, 0xc, 0xfa, 0x0, 0x0, 0x5f,
    0xf1, 0x0, 0x0, 0x0, 0x5, 0xff, 0x10, 0x0,
    0x0, 0xcf, 0xa0, 0x0, 0x0, 0x0, 0xef, 0x70,
    0x0, 0x0, 0x3, 0xff, 0x30, 0x0, 0x0, 0x9f,
    0xd0, 0x0, 0x0, 0x0, 0x9, 0xfd, 0x0, 0x0,
    0x2f, 0xf4, 0x0, 0x0, 0x0, 0x0, 0x1e, 0xf6,
    0x0, 0xc, 0xfa, 0x0, 0x0, 0x0, 0x0, 0x0,
    0x6f, 0xe1, 0x5, 0xff, 0x10, 0x0, 0x0, 0x0,
    0x0, 0x0, 0xcf, 0x90, 0xef, 0x70, 0x0, 0x0,
    0x0, 0x0, 0x0, 0x3, 0xff, 0xbf, 0xd0, 0x0,
    0x0, 0x0, 0x0, 0x0, 0x0, 0x9, 0xff, 0xf4,
    0x0, 0x0, 0x0, 0x0, 0x0, 0x0, 0x0, 0x1e,
    0xfa, 0x0, 0x0, 0x0, 0x0, 0x0, 0x0, 0x0,
    0x0, 0x6f, 0x10, 0x0, 0x0, 0x0, 0x0, 0x0,
    0x0, 0x0, 0x0, 0x40, 0x0, 0x0, 0x0, 0x0,

    /* U+25C0 "◀" */
    0x0, 0x0, 0x0, 0x0, 0x0, 0x0, 0x0, 0x1,
    0x0, 0x0, 0x0, 0x0, 0x0, 0x0, 0x1, 0x9c,
    0x0, 0x0, 0x0, 0x0, 0x0, 0x0, 0x7f, 0xfd,
    0x0, 0x0, 0x0, 0x0, 0x0, 0x4d, 0xff, 0xfd,
    0x0, 0x0, 0x0, 0x0, 0x2b, 0xff, 0xff, 0xfd,
    0x0, 0x0, 0x0, 0x19, 0xff, 0xff, 0xff, 0xfd,
    0x0, 0x0, 0x6, 0xef, 0xff, 0xff, 0xff, 0xfd,
    0x0, 0x4, 0xdf, 0xff, 0xff, 0xff, 0xff, 0xfd,
    0x2, 0xaf, 0xff, 0xff, 0xff, 0xff, 0xff, 0xfd,
    0x7f, 0xff, 0xff, 0xff, 0xff, 0xff, 0xff, 0xfd,
    0x19, 0xff, 0xff, 0xff, 0xff, 0xff, 0xff, 0xfd,
    0x0, 0x2b, 0xff, 0xff, 0xff, 0xff, 0xff, 0xfd,
    0x0, 0x0, 0x4d, 0xff, 0xff, 0xff, 0xff, 0xfd,
    0x0, 0x0, 0x0, 0x7f, 0xff, 0xff, 0xff, 0xfd,
    0x0, 0x0, 0x0, 0x1, 0x9f, 0xff, 0xff, 0xfd,
    0x0, 0x0, 0x0, 0x0, 0x3, 0xcf, 0xff, 0xfd,
    0x0, 0x0, 0x0, 0x0, 0x0, 0x5, 0xdf, 0xfd,
    0x0, 0x0, 0x0, 0x0, 0x0, 0x0, 0x7, 0xfd,
    0x0, 0x0, 0x0, 0x0, 0x0, 0x0, 0x0, 0x17,

    /* U+25C1 "◁" */
    0x0, 0x0, 0x0, 0x0, 0x0, 0x0, 0x0, 0x1,
    0x0, 0x0, 0x0, 0x0, 0x0, 0x0, 0x0, 0x8e,
    0x0, 0x0, 0x0, 0x0, 0x0, 0x0, 0x6e, 0xfe,
    0x0, 0x0, 0x0, 0x0, 0x0, 0x3c, 0xff, 0xfe,
    0x0, 0x0, 0x0, 0x0, 0x1a, 0xff, 0xe8, 0xfe,
    0x0, 0x0, 0x0, 0x8, 0xff, 0xf9, 0x12, 0xfe,
    0x0, 0x0, 0x5, 0xef, 0xfb, 0x20, 0x2, 0xfe,
    0x0, 0x3, 0xcf, 0xfd, 0x40, 0x0, 0x2, 0xfe,
    0x1, 0x9f, 0xff, 0x70, 0x0, 0x0, 0x2, 0xfe,
    0x5f, 0xff, 0xb1, 0x0, 0x0, 0x0, 0x2, 0xfe,
    0x8, 0xff, 0xf9, 0x10, 0x0, 0x0, 0x2, 0xfe,
    0x0, 0x1a, 0xff, 0xe6, 0x0, 0x0, 0x2, 0xfe,
    0x0, 0x0, 0x3c, 0xff, 0xd4, 0x0, 0x2, 0xfe,
    0x0, 0x0, 0x0, 0x6e, 0xff, 0xa2, 0x2, 0xfe,
    0x0, 0x0, 0x0, 0x0, 0x8f, 0xff, 0x82, 0xfe,
    0x0, 0x0, 0x0, 0x0, 0x2, 0xbf, 0xff, 0xfe,
    0x0, 0x0, 0x0, 0x0, 0x0, 0x4, 0xdf, 0xfe,
    0x0, 0x0, 0x0, 0x0, 0x0, 0x0, 0x6, 0xee,
    0x0, 0x0, 0x0, 0x0, 0x0, 0x0, 0x0, 0x18,

    /* U+25C4 "◄" */
    0x0, 0x0, 0x0, 0x0, 0x0, 0x0, 0x0, 0x1,
    0x0, 0x0, 0x0, 0x0, 0x0, 0x0, 0x1, 0x9c,
    0x0, 0x0, 0x0, 0x0, 0x0, 0x0, 0x7f, 0xfd,
    0x0, 0x0, 0x0, 0x0, 0x0, 0x4d, 0xff, 0xfd,
    0x0, 0x0, 0x0, 0x0, 0x2b, 0xff, 0xff, 0xfd,
    0x0, 0x0, 0x0, 0x19, 0xff, 0xff, 0xff, 0xfd,
    0x0, 0x0, 0x6, 0xef, 0xff, 0xff, 0xff, 0xfd,
    0x0, 0x4, 0xdf, 0xff, 0xff, 0xff, 0xff, 0xfd,
    0x2, 0xaf, 0xff, 0xff, 0xff, 0xff, 0xff, 0xfd,
    0x7f, 0xff, 0xff, 0xff, 0xff, 0xff, 0xff, 0xfd,
    0x19, 0xff, 0xff, 0xff, 0xff, 0xff, 0xff, 0xfd,
    0x0, 0x2b, 0xff, 0xff, 0xff, 0xff, 0xff, 0xfd,
    0x0, 0x0, 0x4d, 0xff, 0xff, 0xff, 0xff, 0xfd,
    0x0, 0x0, 0x0, 0x7f, 0xff, 0xff, 0xff, 0xfd,
    0x0, 0x0, 0x0, 0x1, 0x9f, 0xff, 0xff, 0xfd,
    0x0, 0x0, 0x0, 0x0, 0x3, 0xcf, 0xff, 0xfd,
    0x0, 0x0, 0x0, 0x0, 0x0, 0x5, 0xdf, 0xfd,
    0x0, 0x0, 0x0, 0x0, 0x0, 0x0, 0x7, 0xfd,
    0x0, 0x0, 0x0, 0x0, 0x0, 0x0, 0x0, 0x17,

    /* U+25C5 "◅" */
    0x0, 0x0, 0x0, 0x0, 0x0, 0x0, 0x0, 0x1,
    0x0, 0x0, 0x0, 0x0, 0x0, 0x0, 0x0, 0x8e,
    0x0, 0x0, 0x0, 0x0, 0x0, 0x0, 0x6e, 0xfe,
    0x0, 0x0, 0x0, 0x0, 0x0, 0x3c, 0xff, 0xfe,
    0x0, 0x0, 0x0, 0x0, 0x1a, 0xff, 0xe8, 0xfe,
    0x0, 0x0, 0x0, 0x8, 0xff, 0xf9, 0x12, 0xfe,
    0x0, 0x0, 0x5, 0xef, 0xfb, 0x20, 0x2, 0xfe,
    0x0, 0x3, 0xcf, 0xfd, 0x40, 0x0, 0x2, 0xfe,
    0x1, 0x9f, 0xff, 0x70, 0x0, 0x0, 0x2, 0xfe,
    0x5f, 0xff, 0xb1, 0x0, 0x0, 0x0, 0x2, 0xfe,
    0x8, 0xff, 0xf9, 0x10, 0x0, 0x0, 0x2, 0xfe,
    0x0, 0x1a, 0xff, 0xe6, 0x0, 0x0, 0x2, 0xfe,
    0x0, 0x0, 0x3c, 0xff, 0xd4, 0x0, 0x2, 0xfe,
    0x0, 0x0, 0x0, 0x6e, 0xff, 0xa2, 0x2, 0xfe,
    0x0, 0x0, 0x0, 0x0, 0x8f, 0xff, 0x82, 0xfe,
    0x0, 0x0, 0x0, 0x0, 0x2, 0xbf, 0xff, 0xfe,
    0x0, 0x0, 0x0, 0x0, 0x0, 0x4, 0xdf, 0xfe,
    0x0, 0x0, 0x0, 0x0, 0x0, 0x0, 0x6, 0xee,
    0x0, 0x0, 0x0, 0x0, 0x0, 0x0, 0x0, 0x18,

    /* U+25C6 "◆" */
    0x0, 0x0, 0x0, 0x0, 0x8, 0x10, 0x0, 0x0,
    0x0, 0x0, 0x0, 0x0, 0x0, 0x0, 0xaf, 0xd1,
    0x0, 0x0, 0x0, 0x0, 0x0, 0x0, 0x0, 0xa,
    0xff, 0xfd, 0x10, 0x0, 0x0, 0x0, 0x0, 0x0,
    0x0, 0xaf, 0xff, 0xff, 0xd1, 0x0, 0x0, 0x0,
    0x0, 0x0, 0xb, 0xff, 0xff, 0xff, 0xfd, 0x10,
    0x0, 0x0, 0x0, 0x0, 0xbf, 0xff, 0xff, 0xff,
    0xff, 0xd1, 0x0, 0x0, 0x0, 0xb, 0xff, 0xff,
    0xff, 0xff, 0xff, 0xfd, 0x10, 0x0, 0x0, 0xbf,
    0xff, 0xff, 0xff, 0xff, 0xff, 0xff, 0xd1, 0x0,
    0xb, 0xff, 0xff, 0xff, 0xff, 0xff, 0xff, 0xff,
    0xfd, 0x10, 0xaf, 0xff, 0xff, 0xff, 0xff, 0xff,
    0xff, 0xff, 0xff, 0xc0, 0x4f, 0xff, 0xff, 0xff,
    0xff, 0xff, 0xff, 0xff, 0xff, 0x50, 0x3, 0xff,
    0xff, 0xff, 0xff, 0xff, 0xff, 0xff, 0xf5, 0x0,
    0x0, 0x3f, 0xff, 0xff, 0xff, 0xff, 0xff, 0xff,
    0x60, 0x0, 0x0, 0x3, 0xff, 0xff, 0xff, 0xff,
    0xff, 0xf6, 0x0, 0x0, 0x0, 0x0, 0x3f, 0xff,
    0xff, 0xff, 0xff, 0x60, 0x0, 0x0, 0x0, 0x0,
    0x3, 0xff, 0xff, 0xff, 0xf6, 0x0, 0x0, 0x0,
    0x0, 0x0, 0x0, 0x3f, 0xff, 0xff, 0x60, 0x0,
    0x0, 0x0, 0x0, 0x0, 0x0, 0x3, 0xff, 0xf6,
    0x0, 0x0, 0x0, 0x0, 0x0, 0x0, 0x0, 0x0,
    0x3e, 0x60, 0x0, 0x0, 0x0, 0x0, 0x0, 0x0,
    0x0, 0x0, 0x1, 0x0, 0x0, 0x0, 0x0, 0x0,

    /* U+25C7 "◇" */
    0x0, 0x0, 0x0, 0x0, 0x8, 0x10, 0x0, 0x0,
    0x0, 0x0, 0x0, 0x0, 0x0, 0x0, 0xaf, 0xd1,
    0x0, 0x0, 0x0, 0x0, 0x0, 0x0, 0x0, 0xa,
    0xff, 0xfd, 0x10, 0x0, 0x0, 0x0, 0x0, 0x0,
    0x0, 0xaf, 0xf5, 0xdf, 0xd1, 0x0, 0x0, 0x0,
    0x0, 0x0, 0xb, 0xff, 0x40, 0x1d, 0xfd, 0x10,
    0x0, 0x0, 0x0, 0x0, 0xbf, 0xf3, 0x0, 0x1,
    0xdf, 0xd1, 0x0, 0x0, 0x0, 0xb, 0xff, 0x30,
    0x0, 0x0, 0x1d, 0xfd, 0x10, 0x0, 0x0, 0xbf,
    0xf3, 0x0, 0x0, 0x0, 0x2, 0xef, 0xd1, 0x0,
    0xb, 0xff, 0x30, 0x0, 0x0, 0x0, 0x0, 0x2e,
    0xfd, 0x10, 0xaf, 0xf4, 0x0, 0x0, 0x0, 0x0,
    0x0, 0x2, 0xff, 0xc0, 0x4f, 0xfb, 0x0, 0x0,
    0x0, 0x0, 0x0, 0x8, 0xff, 0x50, 0x3, 0xff,
    0xb0, 0x0, 0x0, 0x0, 0x0, 0x8f, 0xf5, 0x0,
    0x0, 0x3f, 0xfb, 0x0, 0x0, 0x0, 0x8, 0xff,
    0x60, 0x0, 0x0, 0x3, 0xff, 0xb0, 0x0, 0x0,
    0x8f, 0xf6, 0x0, 0x0, 0x0, 0x0, 0x3f, 0xfb,
    0x0, 0x8, 0xff, 0x60, 0x0, 0x0, 0x0, 0x0,
    0x3, 0xff, 0xb0, 0x8f, 0xf6, 0x0, 0x0, 0x0,
    0x0, 0x0, 0x0, 0x3f, 0xfd, 0xff, 0x60, 0x0,
    0x0, 0x0, 0x0, 0x0, 0x0, 0x3, 0xff, 0xf6,
    0x0, 0x0, 0x0, 0x0, 0x0, 0x0, 0x0, 0x0,
    0x3e, 0x60, 0x0, 0x0, 0x0, 0x0, 0x0, 0x0,
    0x0, 0x0, 0x1, 0x0, 0x0, 0x0, 0x0, 0x0,

    /* U+25CA "◊" */
    0x0, 0x0, 0x38, 0x80, 0x0, 0x0, 0x0, 0xd,
    0xff, 0x70, 0x0, 0x0, 0x6, 0xff, 0xff, 0x10,
    0x0, 0x0, 0xef, 0xbf, 0xf9, 0x0, 0x0, 0x7f,
    0xf2, 0x8f, 0xf2, 0x0, 0x1f, 0xfb, 0x1, 0xff,
    0xb0, 0x9, 0xff, 0x30, 0x8, 0xff, 0x31, 0xff,
    0xc0, 0x0, 0x1f, 0xfc, 0xc, 0xfe, 0x0, 0x4,
    0xff, 0x80, 0x4f, 0xf7, 0x0, 0xcf, 0xe0, 0x0,
    0xbf, 0xe0, 0x4f, 0xf6, 0x0, 0x2, 0xff, 0x7c,
    0xfd, 0x0, 0x0, 0x9, 0xff, 0xff, 0x40, 0x0,
    0x0, 0x1f, 0xff, 0xc0, 0x0, 0x0, 0x0, 0x8f,
    0xf3, 0x0, 0x0,

    /* U+25CB "○" */
    0x0, 0x0, 0x5, 0xac, 0xdb, 0x71, 0x0, 0x0,
    0x0, 0x3, 0xdf, 0xff, 0xff, 0xff, 0x70, 0x0,
    0x0, 0x4f, 0xfe, 0x85, 0x46, 0xcf, 0xfa, 0x0,
    0x1, 0xef, 0xb1, 0x0, 0x0, 0x6, 0xff, 0x70,
    0x9, 0xfc, 0x0, 0x0, 0x0, 0x0, 0x6f, 0xf1,
    0xf, 0xf4, 0x0, 0x0, 0x0, 0x0, 0xd, 0xf6,
    0x3f, 0xe0, 0x0, 0x0, 0x0, 0x0, 0x8, 0xfa,
    0x5f, 0xc0, 0x0, 0x0, 0x0, 0x0, 0x5, 0xfb,
    0x4f, 0xd0, 0x0, 0x0, 0x0, 0x0, 0x6, 0xfa,
    0x1f, 0xf1, 0x0, 0x0, 0x0, 0x0, 0xb, 0xf8,
    0xc, 0xf9, 0x0, 0x0, 0x0, 0x0, 0x2f, 0xf3,
    0x4, 0xff, 0x60, 0x0, 0x0, 0x1, 0xdf, 0xa0,
    0x0, 0x8f, 0xf9, 0x20, 0x1, 0x6e, 0xfe, 0x10,
    0x0, 0x8, 0xff, 0xff, 0xef, 0xff, 0xd2, 0x0,
    0x0, 0x0, 0x3b, 0xff, 0xff, 0xd7, 0x0, 0x0,
    0x0, 0x0, 0x0, 0x2, 0x31, 0x0, 0x0, 0x0,

    /* U+25CF "●" */
    0x0, 0x0, 0x4, 0x9c, 0xdb, 0x71, 0x0, 0x0,
    0x0, 0x2, 0xcf, 0xff, 0xff, 0xff, 0x80, 0x0,
    0x0, 0x3f, 0xff, 0xff, 0xff, 0xff, 0xfa, 0x0,
    0x0, 0xef, 0xff, 0xff, 0xff, 0xff, 0xff, 0x70,
    0x8, 0xff, 0xff, 0xff, 0xff, 0xff, 0xff, 0xf1,
    0xe, 0xff, 0xff, 0xff, 0xff, 0xff, 0xff, 0xf6,
    0x1f, 0xff, 0xff, 0xff, 0xff, 0xff, 0xff, 0xfa,
    0x3f, 0xff, 0xff, 0xff, 0xff, 0xff, 0xff, 0xfb,
    0x2f, 0xff, 0xff, 0xff, 0xff, 0xff, 0xff, 0xfa,
    0xf, 0xff, 0xff, 0xff, 0xff, 0xff, 0xff, 0xf8,
    0xa, 0xff, 0xff, 0xff, 0xff, 0xff, 0xff, 0xf2,
    0x2, 0xff, 0xff, 0xff, 0xff, 0xff, 0xff, 0xa0,
    0x0, 0x6f, 0xff, 0xff, 0xff, 0xff, 0xfd, 0x10,
    0x0, 0x6, 0xff, 0xff, 0xff, 0xff, 0xc1, 0x0,
    0x0, 0x0, 0x29, 0xef, 0xff, 0xc6, 0x0, 0x0,
    0x0, 0x0, 0x0, 0x1, 0x10, 0x0, 0x0, 0x0,

    /* U+25E6 "◦" */
    0x0, 0x7d, 0xd8, 0x0, 0x8, 0xfb, 0xaf, 0x90,
    0xf, 0x90, 0x8, 0xf1, 0xf, 0x70, 0x6, 0xf2,
    0xc, 0xe4, 0x4e, 0xd0, 0x2, 0xdf, 0xfe, 0x30,
    0x0, 0x4, 0x40, 0x0,

    /* U+25EF "◯" */
    0x0, 0x0, 0x0, 0x0, 0x2, 0x7b, 0xde, 0xed,
    0xa7, 0x20, 0x0, 0x0, 0x0, 0x0, 0x0, 0x0,
    0x0, 0x5, 0xcf, 0xff, 0xff, 0xff, 0xff, 0xfb,
    0x40, 0x0, 0x0, 0x0, 0x0, 0x0, 0x1, 0xbf,
    0xfd, 0x73, 0x10, 0x1, 0x48, 0xef, 0xfa, 0x10,
    0x0, 0x0, 0x0, 0x0, 0x3e, 0xfd, 0x40, 0x0,
    0x0, 0x0, 0x0, 0x5, 0xef, 0xd2, 0x0, 0x0,
    0x0, 0x3, 0xff, 0x90, 0x0, 0x0, 0x0, 0x0,
    0x0, 0x0, 0xa, 0xfe, 0x20, 0x0, 0x0, 0x1e,
    0xf7, 0x0, 0x0, 0x0, 0x0, 0x0, 0x0, 0x0,
    0x0, 0x9f, 0xd0, 0x0, 0x0, 0xbf, 0x90, 0x0,
    0x0, 0x0, 0x0, 0x0, 0x0, 0x0, 0x0, 0xb,
    0xf9, 0x0, 0x4, 0xfe, 0x0, 0x0, 0x0, 0x0,
    0x0, 0x0, 0x0, 0x0, 0x0, 0x1, 0xef, 0x20,
    0xb, 0xf5, 0x0, 0x0, 0x0, 0x0, 0x0, 0x0,
    0x0, 0x0, 0x0, 0x0, 0x7f, 0x90, 0x1f, 0xe0,
    0x0, 0x0, 0x0, 0x0, 0x0, 0x0, 0x0, 0x0,
    0x0, 0x0, 0xf, 0xf0, 0x5f, 0x90, 0x0, 0x0,
    0x0, 0x0, 0x0, 0x0, 0x0, 0x0, 0x0, 0x0,
    0xb, 0xf4, 0x9f, 0x50, 0x0, 0x0, 0x0, 0x0,
    0x0, 0x0, 0x0, 0x0, 0x0, 0x0, 0x7, 0xf7,
    0xaf, 0x30, 0x0, 0x0, 0x0, 0x0, 0x0, 0x0,
    0x0, 0x0, 0x0, 0x0, 0x5, 0xf9, 0xbf, 0x20,
    0x0, 0x0, 0x0, 0x0, 0x0, 0x0, 0x0, 0x0,
    0x0, 0x0, 0x4, 0xfa, 0xbf, 0x30, 0x0, 0x0,
    0x0, 0x0, 0x0, 0x0, 0x0, 0x0, 0x0, 0x0,
    0x4, 0xf9, 0x9f, 0x40, 0x0, 0x0, 0x0, 0x0,
    0x0, 0x0, 0x0, 0x0, 0x0, 0x0, 0x6, 0xf8,
    0x6f, 0x80, 0x0, 0x0, 0x0, 0x0, 0x0, 0x0,
    0x0, 0x0, 0x0, 0x0, 0xa, 0xf4, 0x2f, 0xd0,
    0x0, 0x0, 0x0, 0x0, 0x0, 0x0, 0x0, 0x0,
    0x0, 0x0, 0xe, 0xf1, 0xd, 0xf3, 0x0, 0x0,
    0x0, 0x0, 0x0, 0x0, 0x0, 0x0, 0x0, 0x0,
    0x5f, 0xb0, 0x6, 0xfc, 0x0, 0x0, 0x0, 0x0,
    0x0, 0x0, 0x0, 0x0, 0x0, 0x0, 0xdf, 0x40,
    0x0, 0xcf, 0x60, 0x0, 0x0, 0x0, 0x0, 0x0,
    0x0, 0x0, 0x0, 0x8, 0xfb, 0x0, 0x0, 0x3f,
    0xf4, 0x0, 0x0, 0x0, 0x0, 0x0, 0x0, 0x0,
    0x0, 0x6f, 0xf2, 0x0, 0x0, 0x5, 0xff, 0x50,
    0x0, 0x0, 0x0, 0x0, 0x0, 0x0, 0x7, 0xff,
    0x40, 0x0, 0x0, 0x0, 0x6f, 0xfa, 0x10, 0x0,
    0x0, 0x0, 0x0, 0x2, 0xbf, 0xf4, 0x0, 0x0,
    0x0, 0x0, 0x4, 0xef, 0xf9, 0x30, 0x0, 0x0,
    0x4, 0xaf, 0xfd, 0x30, 0x0, 0x0, 0x0, 0x0,
    0x0, 0x8, 0xff, 0xff, 0xdc, 0xcd, 0xff, 0xfe,
    0x70, 0x0, 0x0, 0x0, 0x0, 0x0, 0x0, 0x0,
    0x6, 0xbe, 0xff, 0xff, 0xea, 0x60, 0x0, 0x0,
    0x0, 0x0, 0x0, 0x0, 0x0, 0x0, 0x0, 0x0,
    0x1, 0x10, 0x0, 0x0, 0x0, 0x0, 0x0, 0x0,

    /* U+2600 "☀" */
    0x0, 0x0, 0x0, 0x0, 0x3, 0x10, 0x0, 0x0,
    0x0, 0x0, 0x0, 0x0, 0x0, 0x1, 0xf7, 0x0,
    0x0, 0x0, 0x0, 0x0, 0x0, 0x0, 0x0, 0x1f,
    0x70, 0x0, 0x0, 0x0, 0x0, 0x0, 0xb8, 0x0,
    0x1, 0xf7, 0x0, 0x5, 0xc1, 0x0, 0x0, 0x9,
    0xf8, 0x0, 0x1f, 0x70, 0x4, 0xfc, 0x0, 0x0,
    0x0, 0x9, 0xf8, 0x0, 0x10, 0x3, 0xfc, 0x0,
    0x0, 0x0, 0x0, 0x9, 0x60, 0x37, 0x50, 0x2b,
    0x10, 0x0, 0x0, 0x0, 0x0, 0x0, 0x9f, 0xff,
    0xd1, 0x0, 0x0, 0x0, 0x0, 0x0, 0x0, 0x3f,
    0xff, 0xff, 0x90, 0x0, 0x0, 0x4, 0xff, 0xff,
    0x17, 0xff, 0xff, 0xfd, 0xe, 0xff, 0xf6, 0x28,
    0x88, 0x80, 0x6f, 0xff, 0xff, 0xc0, 0x78, 0x88,
    0x30, 0x0, 0x0, 0x1, 0xef, 0xff, 0xf4, 0x0,
    0x0, 0x0, 0x0, 0x0, 0x3, 0x12, 0xae, 0xc5,
    0x4, 0x0, 0x0, 0x0, 0x0, 0x2, 0xeb, 0x0,
    0x0, 0x5, 0xf5, 0x0, 0x0, 0x0, 0x2, 0xee,
    0x30, 0x6, 0x30, 0xc, 0xf4, 0x0, 0x0, 0x0,
    0xdf, 0x30, 0x1, 0xf7, 0x0, 0x1d, 0xf1, 0x0,
    0x0, 0x6, 0x30, 0x0, 0x1f, 0x70, 0x0, 0x18,
    0x0, 0x0, 0x0, 0x0, 0x0, 0x1, 0xf7, 0x0,
    0x0, 0x0, 0x0, 0x0, 0x0, 0x0, 0x0, 0x1e,
    0x60, 0x0, 0x0, 0x0, 0x0,

    /* U+2605 "★" */
    0x0, 0x0, 0x0, 0x0, 0x0, 0x0, 0x0, 0x0,
    0x0, 0x0, 0x0, 0x0, 0x0, 0x0, 0x90, 0x0,
    0x0, 0x0, 0x0, 0x0, 0x0, 0x0, 0x0, 0x2f,
    0x10, 0x0, 0x0, 0x0, 0x0, 0x0, 0x0, 0x0,
    0x7, 0xf6, 0x0, 0x0, 0x0, 0x0, 0x0, 0x0,
    0x0, 0x0, 0xcf, 0xb0, 0x0, 0x0, 0x0, 0x0,
    0x0, 0x0, 0x0, 0x1f, 0xff, 0x0, 0x0, 0x0,
    0x0, 0x1, 0x11, 0x11, 0x17, 0xff, 0xf6, 0x11,
    0x11, 0x10, 0x0, 0x6f, 0xff, 0xff, 0xff, 0xff,
    0xff, 0xff, 0xff, 0x50, 0x0, 0x2d, 0xff, 0xff,
    0xff, 0xff, 0xff, 0xfc, 0x20, 0x0, 0x0, 0x9,
    0xff, 0xff, 0xff, 0xff, 0xf8, 0x0, 0x0, 0x0,
    0x0, 0x5, 0xff, 0xff, 0xff, 0xe4, 0x0, 0x0,
    0x0, 0x0, 0x0, 0xf, 0xff, 0xff, 0xfe, 0x0,
    0x0, 0x0, 0x0, 0x0, 0x5, 0xff, 0xff, 0xff,
    0xf4, 0x0, 0x0, 0x0, 0x0, 0x0, 0xbf, 0xfe,
    0x7e, 0xff, 0x90, 0x0, 0x0, 0x0, 0x0, 0xf,
    0xfa, 0x10, 0x1b, 0xfe, 0x0, 0x0, 0x0, 0x0,
    0x5, 0xf6, 0x0, 0x0, 0x7, 0xf4, 0x0, 0x0,
    0x0, 0x0, 0x82, 0x0, 0x0, 0x0, 0x3, 0x70,
    0x0, 0x0, 0x0, 0x0, 0x0, 0x0, 0x0, 0x0,
    0x0, 0x0, 0x0,

    /* U+2606 "☆" */
    0x0, 0x0, 0x0, 0x0, 0x0, 0x0, 0x0, 0x0,
    0x0, 0x0, 0x0, 0x0, 0x0, 0x0, 0x80, 0x0,
    0x0, 0x0, 0x0, 0x0, 0x0, 0x0, 0x0, 0x2f,
    0x10, 0x0, 0x0, 0x0, 0x0, 0x0, 0x0, 0x0,
    0x7, 0xf6, 0x0, 0x0, 0x0, 0x0, 0x0, 0x0,
    0x0, 0x0, 0xcf, 0xb0, 0x0, 0x0, 0x0, 0x0,
    0x0, 0x0, 0x0, 0x1f, 0xff, 0x0, 0x0, 0x0,
    0x0, 0x0, 0x0, 0x0, 0x7, 0xf8, 0xf5, 0x0,
    0x0, 0x0, 0x0, 0x7f, 0xff, 0xff, 0xfe, 0xf,
    0xff, 0xff, 0xff, 0x60, 0x0, 0x3d, 0xff, 0x98,
    0x50, 0x68, 0x9f, 0xfc, 0x20, 0x0, 0x0, 0x9,
    0xfd, 0x30, 0x0, 0x3e, 0xf8, 0x0, 0x0, 0x0,
    0x0, 0x5, 0xfe, 0x0, 0xf, 0xe4, 0x0, 0x0,
    0x0, 0x0, 0x0, 0xf, 0xa1, 0x70, 0xbe, 0x0,
    0x0, 0x0, 0x0, 0x0, 0x5, 0xf9, 0xef, 0xda,
    0xf4, 0x0, 0x0, 0x0, 0x0, 0x0, 0xbf, 0xfe,
    0x7e, 0xff, 0x90, 0x0, 0x0, 0x0, 0x0, 0xf,
    0xfb, 0x10, 0x1b, 0xfe, 0x0, 0x0, 0x0, 0x0,
    0x5, 0xf6, 0x0, 0x0, 0x7, 0xf4, 0x0, 0x0,
    0x0, 0x0, 0x82, 0x0, 0x0, 0x0, 0x3, 0x70,
    0x0, 0x0, 0x0, 0x0, 0x0, 0x0, 0x0, 0x0,
    0x0, 0x0, 0x0,

    /* U+263C "☼" */
    0x0, 0x0, 0x0, 0x0, 0x3, 0x10, 0x0, 0x0,
    0x0, 0x0, 0x0, 0x0, 0x0, 0x1, 0xf7, 0x0,
    0x0, 0x0, 0x0, 0x0, 0x0, 0x0, 0x0, 0x1f,
    0x70, 0x0, 0x0, 0x0, 0x0, 0x0, 0xb8, 0x0,
    0x1, 0xf7, 0x0, 0x5, 0xc1, 0x0, 0x0, 0x9,
    0xf8, 0x0, 0x1f, 0x70, 0x4, 0xfc, 0x0, 0x0,
    0x0, 0x9, 0xf8, 0x0, 0x10, 0x3, 0xfc, 0x0,
    0x0, 0x0, 0x0, 0x9, 0x60, 0x37, 0x50, 0x2b,
    0x10, 0x0, 0x0, 0x0, 0x0, 0x0, 0x9f, 0xff,
    0xd1, 0x0, 0x0, 0x0, 0x0, 0x0, 0x0, 0x3f,
    0xb2, 0x6f, 0x90, 0x0, 0x0, 0x4, 0xff, 0xff,
    0x17, 0xf2, 0x0, 0xcd, 0xe, 0xff, 0xf6, 0x28,
    0x88, 0x80, 0x6f, 0x50, 0x1e, 0xc0, 0x78, 0x88,
    0x30, 0x0, 0x0, 0x1, 0xef, 0xbe, 0xf4, 0x0,
    0x0, 0x0, 0x0, 0x0, 0x3, 0x12, 0xae, 0xc5,
    0x4, 0x0, 0x0, 0x0, 0x0, 0x2, 0xeb, 0x0,
    0x0, 0x5, 0xf5, 0x0, 0x0, 0x0, 0x2, 0xee,
    0x30, 0x6, 0x20, 0xc, 0xf4, 0x0, 0x0, 0x0,
    0xdf, 0x30, 0x1, 0xf7, 0x0, 0x1d, 0xf1, 0x0,
    0x0, 0x6, 0x30, 0x0, 0x1f, 0x70, 0x0, 0x18,
    0x0, 0x0, 0x0, 0x0, 0x0, 0x1, 0xf7, 0x0,
    0x0, 0x0, 0x0, 0x0, 0x0, 0x0, 0x0, 0x1e,
    0x60, 0x0, 0x0, 0x0, 0x0,

    /* U+2661 "♡" */
    0x0, 0x6, 0xaa, 0x71, 0x0, 0x4, 0x9a, 0x82,
    0x0, 0x1, 0xdf, 0xff, 0xfe, 0x30, 0xaf, 0xff,
    0xff, 0x60, 0xb, 0xfe, 0x76, 0xdf, 0xfc, 0xff,
    0x86, 0xbf, 0xf3, 0x2f, 0xf1, 0x0, 0xb, 0xff,
    0xf3, 0x0, 0x9, 0xf9, 0x5f, 0xb0, 0x0, 0x0,
    0xaf, 0x30, 0x0, 0x4, 0xfc, 0x4f, 0xd0, 0x0,
    0x0, 0x2, 0x0, 0x0, 0x5, 0xfb, 0xf, 0xf7,
    0x0, 0x0, 0x0, 0x0, 0x0, 0x1e, 0xf6, 0x6,
    0xff, 0x60, 0x0, 0x0, 0x0, 0x1, 0xdf, 0xc0,
    0x0, 0x7f, 0xf6, 0x0, 0x0, 0x0, 0x1d, 0xfd,
    0x10, 0x0, 0x7, 0xff, 0x60, 0x0, 0x1, 0xdf,
    0xd1, 0x0, 0x0, 0x0, 0x7f, 0xf6, 0x0, 0x1d,
    0xfd, 0x10, 0x0, 0x0, 0x0, 0x7, 0xff, 0x61,
    0xdf, 0xd1, 0x0, 0x0, 0x0, 0x0, 0x0, 0x7f,
    0xfe, 0xfd, 0x10, 0x0, 0x0, 0x0, 0x0, 0x0,
    0x7, 0xff, 0xd1, 0x0, 0x0, 0x0, 0x0, 0x0,
    0x0, 0x0, 0x8d, 0x10, 0x0, 0x0, 0x0, 0x0,
    0x0, 0x0, 0x0, 0x0, 0x0, 0x0, 0x0, 0x0,

    /* U+2665 "♥" */
    0x0, 0x6, 0xaa, 0x71, 0x0, 0x4, 0x9a, 0x82,
    0x0, 0x1, 0xdf, 0xff, 0xfe, 0x30, 0xaf, 0xff,
    0xff, 0x60, 0xb, 0xff, 0xff, 0xff, 0xfc, 0xff,
    0xff, 0xff, 0xf3, 0x2f, 0xff, 0xff, 0xff, 0xff,
    0xff, 0xff, 0xff, 0xf9, 0x5f, 0xff, 0xff, 0xff,
    0xff, 0xff, 0xff, 0xff, 0xfc, 0x4f, 0xff, 0xff,
    0xff, 0xff, 0xff, 0xff, 0xff, 0xfb, 0xf, 0xff,
    0xff, 0xff, 0xff, 0xff, 0xff, 0xff, 0xf6, 0x6,
    0xff, 0xff, 0xff, 0xff, 0xff, 0xff, 0xff, 0xc0,
    0x0, 0x7f, 0xff, 0xff, 0xff, 0xff, 0xff, 0xfd,
    0x10, 0x0, 0x7, 0xff, 0xff, 0xff, 0xff, 0xff,
    0xd1, 0x0, 0x0, 0x0, 0x7f, 0xff, 0xff, 0xff,
    0xfd, 0x10, 0x0, 0x0, 0x0, 0x7, 0xff, 0xff,
    0xff, 0xd1, 0x0, 0x0, 0x0, 0x0, 0x0, 0x7f,
    0xff, 0xfd, 0x10, 0x0, 0x0, 0x0, 0x0, 0x0,
    0x7, 0xff, 0xd1, 0x0, 0x0, 0x0, 0x0, 0x0,
    0x0, 0x0, 0x8d, 0x10, 0x0, 0x0, 0x0, 0x0,
    0x0, 0x0, 0x0, 0x0, 0x0, 0x0, 0x0, 0x0,

    /* U+266A "♪" */
    0x0, 0x0, 0x0, 0x8c, 0xca, 0x71, 0x0, 0x0,
    0x0, 0x0, 0xb, 0xff, 0xff, 0xe4, 0x0, 0x0,
    0x0, 0x0, 0xbf, 0x53, 0x9f, 0xf2, 0x0, 0x0,
    0x0, 0xb, 0xf4, 0x0, 0x8f, 0xa0, 0x0, 0x0,
    0x0, 0xbf, 0x40, 0x0, 0xfe, 0x0, 0x0, 0x0,
    0xb, 0xf4, 0x0, 0xe, 0xf0, 0x0, 0x0, 0x0,
    0xbf, 0x40, 0x1, 0xfe, 0x0, 0x0, 0x0, 0xb,
    0xf4, 0x0, 0x8f, 0x80, 0x0, 0x0, 0x0, 0xbf,
    0x40, 0x1, 0xa1, 0x0, 0x0, 0x0, 0xb, 0xf4,
    0x0, 0x0, 0x0, 0x0, 0x0, 0x0, 0xbf, 0x40,
    0x0, 0x0, 0x0, 0x1a, 0xd8, 0xb, 0xf4, 0x0,
    0x0, 0x0, 0xd, 0xff, 0xf9, 0xbf, 0x40, 0x0,
    0x0, 0x2, 0xff, 0xff, 0xff, 0xf1, 0x0, 0x0,
    0x0, 0xf, 0xff, 0xff, 0xf7, 0x0, 0x0, 0x0,
    0x0, 0x4e, 0xff, 0xd6, 0x0, 0x0, 0x0, 0x0,
    0x0, 0x1, 0x10, 0x0, 0x0, 0x0, 0x0, 0x0,

    /* U+266B "♫" */
    0x0, 0x0, 0x0, 0x0, 0x0, 0x0, 0x0, 0x0,
    0x0, 0x0, 0x0, 0x0, 0x0, 0x0, 0x0, 0x0,
    0x14, 0x8b, 0xe0, 0x0, 0x0, 0x0, 0x0, 0x14,
    0x8b, 0xef, 0xff, 0xff, 0x0, 0x0, 0x0, 0x8,
    0xef, 0xff, 0xff, 0xff, 0xff, 0xf0, 0x0, 0x0,
    0x0, 0xbf, 0xff, 0xff, 0xff, 0xfe, 0xff, 0x0,
    0x0, 0x0, 0xb, 0xff, 0xfe, 0xb8, 0x52, 0xf,
    0xf0, 0x0, 0x0, 0x0, 0xbf, 0x72, 0x0, 0x0,
    0x0, 0xff, 0x0, 0x0, 0x0, 0xb, 0xf4, 0x0,
    0x0, 0x0, 0xf, 0xf0, 0x0, 0x0, 0x0, 0xbf,
    0x40, 0x0, 0x0, 0x0, 0xff, 0x0, 0x0, 0x0,
    0xb, 0xf4, 0x0, 0x0, 0x0, 0xf, 0xf0, 0x0,
    0x0, 0x0, 0xbf, 0x40, 0x0, 0x0, 0x0, 0xff,
    0x0, 0x0, 0x0, 0xb, 0xf4, 0x0, 0x2a, 0xb5,
    0xf, 0xf0, 0x0, 0x0, 0x0, 0xbf, 0x40, 0x1e,
    0xff, 0xf5, 0xff, 0x0, 0x1a, 0xd8, 0xb, 0xf4,
    0x5, 0xff, 0xff, 0xff, 0xe0, 0xd, 0xff, 0xf9,
    0xbf, 0x40, 0x4f, 0xff, 0xff, 0xf5, 0x2, 0xff,
    0xff, 0xff, 0xf1, 0x0, 0x8f, 0xff, 0xd4, 0x0,
    0xf, 0xff, 0xff, 0xf7, 0x0, 0x0, 0x2, 0x10,
    0x0, 0x0, 0x4e, 0xff, 0xd6, 0x0, 0x0, 0x0,
    0x0, 0x0, 0x0, 0x0, 0x1, 0x10, 0x0, 0x0,
    0x0, 0x0, 0x0, 0x0, 0x0,

    /* U+26A0 "⚠" */
    0x0, 0x0, 0x0, 0x0, 0x0, 0x0, 0x0, 0x0,
    0x0, 0x0, 0x0, 0x0, 0x0, 0x0, 0x3, 0xb0,
    0x0, 0x0, 0x0, 0x0, 0x0, 0x0, 0x0, 0x0,
    0xc, 0xf4, 0x0, 0x0, 0x0, 0x0, 0x0, 0x0,
    0x0, 0x0, 0x6f, 0xfd, 0x0, 0x0, 0x0, 0x0,
    0x0, 0x0, 0x0, 0x1, 0xef, 0xff, 0x70, 0x0,
    0x0, 0x0, 0x0, 0x0, 0x0, 0x9, 0xff, 0xff,
    0xf1, 0x0, 0x0, 0x0, 0x0, 0x0, 0x0, 0x2f,
    0xf4, 0x2b, 0xfa, 0x0, 0x0, 0x0, 0x0, 0x0,
    0x0, 0xcf, 0xf2, 0xa, 0xff, 0x40, 0x0, 0x0,
    0x0, 0x0, 0x5, 0xff, 0xf3, 0xb, 0xff, 0xd0,
    0x0, 0x0, 0x0, 0x0, 0xe, 0xff, 0xf3, 0xb,
    0xff, 0xf7, 0x0, 0x0, 0x0, 0x0, 0x8f, 0xff,
    0xf4, 0xc, 0xff, 0xff, 0x10, 0x0, 0x0, 0x2,
    0xff, 0xff, 0xff, 0xff, 0xff, 0xff, 0xa0, 0x0,
    0x0, 0xb, 0xff, 0xff, 0xfc, 0x8f, 0xff, 0xff,
    0xf3, 0x0, 0x0, 0x4f, 0xff, 0xff, 0xf0, 0x7,
    0xff, 0xff, 0xfc, 0x0, 0x0, 0xdf, 0xff, 0xff,
    0xf3, 0xa, 0xff, 0xff, 0xff, 0x60, 0x7, 0xff,
    0xff, 0xff, 0xff, 0xff, 0xff, 0xff, 0xff, 0xe1,
    0x1f, 0xff, 0xff, 0xff, 0xff, 0xff, 0xff, 0xff,
    0xff, 0xf9,

    /* U+2713 "✓" */
    0x0, 0x0, 0x0, 0x0, 0x0, 0x1, 0xb2, 0x0,
    0x0, 0x0, 0x0, 0x0, 0x1, 0xcf, 0xe1, 0x0,
    0x0, 0x0, 0x0, 0x1, 0xdf, 0xf7, 0x0, 0x0,
    0x0, 0x0, 0x1, 0xdf, 0xf7, 0x0, 0xa, 0x30,
    0x0, 0x1, 0xdf, 0xf7, 0x0, 0xa, 0xff, 0x30,
    0x1, 0xdf, 0xf7, 0x0, 0x0, 0x4f, 0xff, 0x41,
    0xdf, 0xf7, 0x0, 0x0, 0x0, 0x3f, 0xff, 0xdf,
    0xf7, 0x0, 0x0, 0x0, 0x0, 0x3f, 0xff, 0xf7,
    0x0, 0x0, 0x0, 0x0, 0x0, 0x3f, 0xf7, 0x0,
    0x0, 0x0, 0x0, 0x0, 0x0, 0x37, 0x0, 0x0,
    0x0, 0x0, 0x0,

    /* U+2717 "✗" */
    0x3, 0x80, 0x0, 0x0, 0x19, 0x10, 0x3f, 0xf8,
    0x0, 0x1, 0xcf, 0xc0, 0xc, 0xff, 0x80, 0x1c,
    0xff, 0x80, 0x0, 0xcf, 0xf9, 0xcf, 0xf8, 0x0,
    0x0, 0xc, 0xff, 0xff, 0x80, 0x0, 0x0, 0x2,
    0xff, 0xfc, 0x0, 0x0, 0x0, 0x1d, 0xff, 0xff,
    0x80, 0x0, 0x1, 0xdf, 0xf8, 0xcf, 0xf9, 0x0,
    0x1d, 0xff, 0x80, 0xc, 0xff, 0x90, 0x3e, 0xf7,
    0x0, 0x0, 0xcf, 0xc0, 0x3, 0x70, 0x0, 0x0,
    0x9, 0x0,

    /* U+2756 "❖" */
    0x0, 0x0, 0x0, 0x0, 0x8, 0x10, 0x0, 0x0,
    0x0, 0x0, 0x0, 0x0, 0x0, 0x0, 0xaf, 0xd1,
    0x0, 0x0, 0x0, 0x0, 0x0, 0x0, 0x0, 0xa,
    0xff, 0xfd, 0x10, 0x0, 0x0, 0x0, 0x0, 0x0,
    0x0, 0xaf, 0xff, 0xff, 0xd1, 0x0, 0x0, 0x0,
    0x0, 0x0, 0x4, 0xff, 0xff, 0xff, 0xf8, 0x0,
    0x0, 0x0, 0x0, 0x0, 0x20, 0x7f, 0xff, 0xff,
    0xa0, 0x11, 0x0, 0x0, 0x0, 0xa, 0xf3, 0x7,
    0xff, 0xfa, 0x1, 0xdd, 0x10, 0x0, 0x0, 0xbf,
    0xff, 0x30, 0x6f, 0xa0, 0x1d, 0xff, 0xd1, 0x0,
    0xb, 0xff, 0xff, 0xf3, 0x4, 0x1, 0xdf, 0xff,
    0xfd, 0x10, 0xaf, 0xff, 0xff, 0xff, 0x20, 0xd,
    0xff, 0xff, 0xff, 0xc0, 0x4f, 0xff, 0xff, 0xfa,
    0x0, 0x6, 0xff, 0xff, 0xff, 0x60, 0x4, 0xff,
    0xff, 0xa0, 0x1c, 0x30, 0x7f, 0xff, 0xf6, 0x0,
    0x0, 0x4f, 0xfa, 0x1, 0xdf, 0xf3, 0x7, 0xff,
    0x60, 0x0, 0x0, 0x3, 0x90, 0x1d, 0xff, 0xff,
    0x30, 0x76, 0x0, 0x0, 0x0, 0x0, 0x1, 0xdf,
    0xff, 0xff, 0xf3, 0x0, 0x0, 0x0, 0x0, 0x0,
    0x3, 0xff, 0xff, 0xff, 0xf6, 0x0, 0x0, 0x0,
    0x0, 0x0, 0x0, 0x3f, 0xff, 0xff, 0x60, 0x0,
    0x0, 0x0, 0x0, 0x0, 0x0, 0x3, 0xff, 0xf6,
    0x0, 0x0, 0x0, 0x0, 0x0, 0x0, 0x0, 0x0,
    0x3e, 0x60, 0x0, 0x0, 0x0, 0x0, 0x0, 0x0,
    0x0, 0x0, 0x1, 0x0, 0x0, 0x0, 0x0, 0x0,

    /* U+2764 "❤" */
    0x0, 0x6, 0xaa, 0x71, 0x0, 0x4, 0x9a, 0x82,
    0x0, 0x1, 0xdf, 0xff, 0xfe, 0x30, 0xaf, 0xff,
    0xff, 0x60, 0xb, 0xff, 0xff, 0xff, 0xfc, 0xff,
    0xff, 0xff, 0xf3, 0x2f, 0xff, 0xff, 0xff, 0xff,
    0xff, 0xff, 0xff, 0xf9, 0x5f, 0xff, 0xff, 0xff,
    0xff, 0xff, 0xff, 0xff, 0xfc, 0x4f, 0xff, 0xff,
    0xff, 0xff, 0xff, 0xff, 0xff, 0xfb, 0xf, 0xff,
    0xff, 0xff, 0xff, 0xff, 0xff, 0xff, 0xf6, 0x6,
    0xff, 0xff, 0xff, 0xff, 0xff, 0xff, 0xff, 0xc0,
    0x0, 0x7f, 0xff, 0xff, 0xff, 0xff, 0xff, 0xfd,
    0x10, 0x0, 0x7, 0xff, 0xff, 0xff, 0xff, 0xff,
    0xd1, 0x0, 0x0, 0x0, 0x7f, 0xff, 0xff, 0xff,
    0xfd, 0x10, 0x0, 0x0, 0x0, 0x7, 0xff, 0xff,
    0xff, 0xd1, 0x0, 0x0, 0x0, 0x0, 0x0, 0x7f,
    0xff, 0xfd, 0x10, 0x0, 0x0, 0x0, 0x0, 0x0,
    0x7, 0xff, 0xd1, 0x0, 0x0, 0x0, 0x0, 0x0,
    0x0, 0x0, 0x8d, 0x10, 0x0, 0x0, 0x0, 0x0,
    0x0, 0x0, 0x0, 0x0, 0x0, 0x0, 0x0, 0x0,

    /* U+2780 "➀" */
    0x0, 0x0, 0x0, 0x0, 0x2, 0x7b, 0xde, 0xed,
    0xa7, 0x20, 0x0, 0x0, 0x0, 0x0, 0x0, 0x0,
    0x0, 0x5, 0xcf, 0xff, 0xff, 0xff, 0xff, 0xfb,
    0x40, 0x0, 0x0, 0x0, 0x0, 0x0, 0x1, 0xbf,
    0xfd, 0x73, 0x10, 0x1, 0x48, 0xef, 0xfa, 0x10,
    0x0, 0x0, 0x0, 0x0, 0x3e, 0xfd, 0x40, 0x0,
    0x0, 0x0, 0x0, 0x5, 0xef, 0xd2, 0x0, 0x0,
    0x0, 0x3, 0xff, 0x90, 0x0, 0x0, 0x0, 0x0,
    0x0, 0x0, 0xa, 0xfe, 0x20, 0x0, 0x0, 0x1e,
    0xf7, 0x0, 0x0, 0x0, 0x0, 0x0, 0x0, 0x0,
    0x0, 0x9f, 0xd0, 0x0, 0x0, 0xbf, 0x90, 0x0,
    0x0, 0x0, 0x18, 0x88, 0x0, 0x0, 0x0, 0xb,
    0xf9, 0x0, 0x4, 0xfe, 0x0, 0x0, 0x0, 0x5,
    0xef, 0xff, 0x10, 0x0, 0x0, 0x1, 0xef, 0x20,
    0xb, 0xf5, 0x0, 0x0, 0x0, 0x9f, 0xff, 0xff,
    0x10, 0x0, 0x0, 0x0, 0x7f, 0x90, 0x1f, 0xe0,
    0x0, 0x0, 0x0, 0xff, 0x68, 0xff, 0x10, 0x0,
    0x0, 0x0, 0xf, 0xf0, 0x5f, 0x90, 0x0, 0x0,
    0x0, 0xd2, 0x8, 0xff, 0x10, 0x0, 0x0, 0x0,
    0xb, 0xf4, 0x9f, 0x50, 0x0, 0x0, 0x0, 0x0,
    0x8, 0xff, 0x10, 0x0, 0x0, 0x0, 0x7, 0xf7,
    0xaf, 0x30, 0x0, 0x0, 0x0, 0x0, 0x8, 0xff,
    0x10, 0x0, 0x0, 0x0, 0x5, 0xf9, 0xbf, 0x20,
    0x0, 0x0, 0x0, 0x0, 0x8, 0xff, 0x10, 0x0,
    0x0, 0x0, 0x4, 0xfa, 0xbf, 0x30, 0x0, 0x0,
    0x0, 0x0, 0x8, 0xff, 0x10, 0x0, 0x0, 0x0,
    0x4, 0xf9, 0x9f, 0x40, 0x0, 0x0, 0x0, 0x0,
    0x8, 0xff, 0x10, 0x0, 0x0, 0x0, 0x6, 0xf8,
    0x6f, 0x80, 0x0, 0x0, 0x0, 0x0, 0x8, 0xff,
    0x10, 0x0, 0x0, 0x0, 0xa, 0xf4, 0x2f, 0xd0,
    0x0, 0x0, 0x0, 0x0, 0x8, 0xff, 0x10, 0x0,
    0x0, 0x0, 0xe, 0xf1, 0xd, 0xf3, 0x0, 0x0,
    0x0, 0x0, 0x8, 0xff, 0x10, 0x0, 0x0, 0x0,
    0x5f, 0xb0, 0x6, 0xfc, 0x0, 0x0, 0x0, 0x0,
    0x8, 0xff, 0x10, 0x0, 0x0, 0x0, 0xdf, 0x40,
    0x0, 0xcf, 0x60, 0x0, 0x0, 0x0, 0x8, 0xff,
    0x10, 0x0, 0x0, 0x8, 0xfb, 0x0, 0x0, 0x3f,
    0xf4, 0x0, 0x0, 0x0, 0x0, 0x0, 0x0, 0x0,
    0x0, 0x6f, 0xf2, 0x0, 0x0, 0x5, 0xff, 0x50,
    0x0, 0x0, 0x0, 0x0, 0x0, 0x0, 0x7, 0xff,
    0x40, 0x0, 0x0, 0x0, 0x6f, 0xfa, 0x10, 0x0,
    0x0, 0x0, 0x0, 0x2, 0xbf, 0xf4, 0x0, 0x0,
    0x0, 0x0, 0x4, 0xef, 0xf9, 0x30, 0x0, 0x0,
    0x4, 0xaf, 0xfd, 0x30, 0x0, 0x0, 0x0, 0x0,
    0x0, 0x8, 0xff, 0xff, 0xdc, 0xcd, 0xff, 0xfe,
    0x70, 0x0, 0x0, 0x0, 0x0, 0x0, 0x0, 0x0,
    0x6, 0xbe, 0xff, 0xff, 0xea, 0x60, 0x0, 0x0,
    0x0, 0x0, 0x0, 0x0, 0x0, 0x0, 0x0, 0x0,
    0x1, 0x10, 0x0, 0x0, 0x0, 0x0, 0x0, 0x0,

    /* U+2781 "➁" */
    0x0, 0x0, 0x0, 0x0, 0x2, 0x7b, 0xde, 0xed,
    0xa7, 0x20, 0x0, 0x0, 0x0, 0x0, 0x0, 0x0,
    0x0, 0x5, 0xcf, 0xff, 0xff, 0xff, 0xff, 0xfb,
    0x40, 0x0, 0x0, 0x0, 0x0, 0x0, 0x1, 0xbf,
    0xfd, 0x73, 0x10, 0x1, 0x48, 0xef, 0xfa, 0x10,
    0x0, 0x0, 0x0, 0x0, 0x3e, 0xfd, 0x40, 0x0,
    0x0, 0x0, 0x0, 0x5, 0xef, 0xd2, 0x0, 0x0,
    0x0, 0x3, 0xff, 0x90, 0x0, 0x0, 0x0, 0x0,
    0x0, 0x0, 0xa, 0xfe, 0x20, 0x0, 0x0, 0x1e,
    0xf7, 0x0, 0x0, 0x0, 0x0, 0x0, 0x0, 0x0,
    0x0, 0x9f, 0xd0, 0x0, 0x0, 0xbf, 0x90, 0x0,
    0x0, 0x5, 0xad, 0xc9, 0x30, 0x0, 0x0, 0xb,
    0xf9, 0x0, 0x4, 0xfe, 0x0, 0x0, 0x0, 0xbf,
    0xff, 0xff, 0xf8, 0x0, 0x0, 0x1, 0xef, 0x20,
    0xb, 0xf5, 0x0, 0x0, 0x8, 0xff, 0xa5, 0x6d,
    0xff, 0x40, 0x0, 0x0, 0x7f, 0x90, 0x1f, 0xe0,
    0x0, 0x0, 0xe, 0xfb, 0x0, 0x1, 0xff, 0xa0,
    0x0, 0x0, 0xf, 0xf0, 0x5f, 0x90, 0x0, 0x0,
    0xb, 0xb5, 0x0, 0x0, 0xcf, 0xc0, 0x0, 0x0,
    0xb, 0xf4, 0x9f, 0x50, 0x0, 0x0, 0x0, 0x0,
    0x0, 0x0, 0xef, 0x90, 0x0, 0x0, 0x7, 0xf7,
    0xaf, 0x30, 0x0, 0x0, 0x0, 0x0, 0x0, 0x8,
    0xff, 0x30, 0x0, 0x0, 0x5, 0xf9, 0xbf, 0x20,
    0x0, 0x0, 0x0, 0x0, 0x0, 0x6f, 0xf8, 0x0,
    0x0, 0x0, 0x4, 0xfa, 0xbf, 0x30, 0x0, 0x0,
    0x0, 0x0, 0x5, 0xff, 0xb0, 0x0, 0x0, 0x0,
    0x4, 0xf9, 0x9f, 0x40, 0x0, 0x0, 0x0, 0x0,
    0x5f, 0xfb, 0x0, 0x0, 0x0, 0x0, 0x6, 0xf8,
    0x6f, 0x80, 0x0, 0x0, 0x0, 0x5, 0xff, 0xb0,
    0x0, 0x0, 0x0, 0x0, 0xa, 0xf4, 0x2f, 0xd0,
    0x0, 0x0, 0x0, 0x5f, 0xfc, 0x0, 0x0, 0x0,
    0x0, 0x0, 0xe, 0xf1, 0xd, 0xf3, 0x0, 0x0,
    0x6, 0xff, 0xe3, 0x22, 0x22, 0x20, 0x0, 0x0,
    0x5f, 0xb0, 0x6, 0xfc, 0x0, 0x0, 0xf, 0xff,
    0xff, 0xff, 0xff, 0xf0, 0x0, 0x0, 0xdf, 0x40,
    0x0, 0xcf, 0x60, 0x0, 0xf, 0xff, 0xff, 0xff,
    0xff, 0xf0, 0x0, 0x8, 0xfb, 0x0, 0x0, 0x3f,
    0xf4, 0x0, 0x0, 0x0, 0x0, 0x0, 0x0, 0x0,
    0x0, 0x6f, 0xf2, 0x0, 0x0, 0x5, 0xff, 0x50,
    0x0, 0x0, 0x0, 0x0, 0x0, 0x0, 0x7, 0xff,
    0x40, 0x0, 0x0, 0x0, 0x6f, 0xfa, 0x10, 0x0,
    0x0, 0x0, 0x0, 0x2, 0xbf, 0xf4, 0x0, 0x0,
    0x0, 0x0, 0x4, 0xef, 0xf9, 0x30, 0x0, 0x0,
    0x4, 0xaf, 0xfd, 0x30, 0x0, 0x0, 0x0, 0x0,
    0x0, 0x8, 0xff, 0xff, 0xdc, 0xcd, 0xff, 0xfe,
    0x70, 0x0, 0x0, 0x0, 0x0, 0x0, 0x0, 0x0,
    0x6, 0xbe, 0xff, 0xff, 0xea, 0x60, 0x0, 0x0,
    0x0, 0x0, 0x0, 0x0, 0x0, 0x0, 0x0, 0x0,
    0x1, 0x10, 0x0, 0x0, 0x0, 0x0, 0x0, 0x0,

    /* U+2782 "➂" */
    0x0, 0x0, 0x0, 0x0, 0x2, 0x7b, 0xde, 0xed,
    0xa7, 0x20, 0x0, 0x0, 0x0, 0x0, 0x0, 0x0,
    0x0, 0x5, 0xcf, 0xff, 0xff, 0xff, 0xff, 0xfb,
    0x40, 0x0, 0x0, 0x0, 0x0, 0x0, 0x1, 0xbf,
    0xfd, 0x73, 0x10, 0x1, 0x48, 0xef, 0xfa, 0x10,
    0x0, 0x0, 0x0, 0x0, 0x3e, 0xfd, 0x40, 0x0,
    0x0, 0x0, 0x0, 0x5, 0xef, 0xd2, 0x0, 0x0,
    0x0, 0x3, 0xff, 0x90, 0x0, 0x0, 0x0, 0x0,
    0x0, 0x0, 0xa, 0xfe, 0x20, 0x0, 0x0, 0x1e,
    0xf7, 0x0, 0x0, 0x0, 0x0, 0x0, 0x0, 0x0,
    0x0, 0x9f, 0xd0, 0x0, 0x0, 0xbf, 0x90, 0x0,
    0x0, 0x6, 0xbd, 0xc9, 0x20, 0x0, 0x0, 0xb,
    0xf9, 0x0, 0x4, 0xfe, 0x0, 0x0, 0x1, 0xcf,
    0xff, 0xff, 0xf5, 0x0, 0x0, 0x1, 0xef, 0x20,
    0xb, 0xf5, 0x0, 0x0, 0xb, 0xff, 0x95, 0x6e,
    0xff, 0x10, 0x0, 0x0, 0x7f, 0x90, 0x1f, 0xe0,
    0x0, 0x0, 0x1f, 0xf8, 0x0, 0x3, 0xff, 0x70,
    0x0, 0x0, 0xf, 0xf0, 0x5f, 0x90, 0x0, 0x0,
    0x16, 0x61, 0x0, 0x0, 0xff, 0x80, 0x0, 0x0,
    0xb, 0xf4, 0x9f, 0x50, 0x0, 0x0, 0x0, 0x0,
    0x0, 0x3, 0xff, 0x50, 0x0, 0x0, 0x7, 0xf7,
    0xaf, 0x30, 0x0, 0x0, 0x0, 0x0, 0x23, 0x6e,
    0xfc, 0x0, 0x0, 0x0, 0x5, 0xf9, 0xbf, 0x20,
    0x0, 0x0, 0x0, 0x0, 0xbf, 0xff, 0x80, 0x0,
    0x0, 0x0, 0x4, 0xfa, 0xbf, 0x30, 0x0, 0x0,
    0x0, 0x0, 0x9c, 0xef, 0xfb, 0x10, 0x0, 0x0,
    0x4, 0xf9, 0x9f, 0x40, 0x0, 0x0, 0x0, 0x0,
    0x0, 0x5, 0xff, 0xa0, 0x0, 0x0, 0x6, 0xf8,
    0x6f, 0x80, 0x0, 0x0, 0x0, 0x0, 0x0, 0x0,
    0xbf, 0xf0, 0x0, 0x0, 0xa, 0xf4, 0x2f, 0xd0,
    0x0, 0x0, 0x6d, 0xd2, 0x0, 0x0, 0xbf, 0xf0,
    0x0, 0x0, 0xe, 0xf1, 0xd, 0xf3, 0x0, 0x0,
    0x3f, 0xfc, 0x30, 0x18, 0xff, 0xc0, 0x0, 0x0,
    0x5f, 0xb0, 0x6, 0xfc, 0x0, 0x0, 0x9, 0xff,
    0xff, 0xff, 0xfe, 0x20, 0x0, 0x0, 0xdf, 0x40,
    0x0, 0xcf, 0x60, 0x0, 0x0, 0x6d, 0xff, 0xff,
    0xa1, 0x0, 0x0, 0x8, 0xfb, 0x0, 0x0, 0x3f,
    0xf4, 0x0, 0x0, 0x0, 0x12, 0x20, 0x0, 0x0,
    0x0, 0x6f, 0xf2, 0x0, 0x0, 0x5, 0xff, 0x50,
    0x0, 0x0, 0x0, 0x0, 0x0, 0x0, 0x7, 0xff,
    0x40, 0x0, 0x0, 0x0, 0x6f, 0xfa, 0x10, 0x0,
    0x0, 0x0, 0x0, 0x2, 0xbf, 0xf4, 0x0, 0x0,
    0x0, 0x0, 0x4, 0xef, 0xf9, 0x30, 0x0, 0x0,
    0x4, 0xaf, 0xfd, 0x30, 0x0, 0x0, 0x0, 0x0,
    0x0, 0x8, 0xff, 0xff, 0xdc, 0xcd, 0xff, 0xfe,
    0x70, 0x0, 0x0, 0x0, 0x0, 0x0, 0x0, 0x0,
    0x6, 0xbe, 0xff, 0xff, 0xea, 0x60, 0x0, 0x0,
    0x0, 0x0, 0x0, 0x0, 0x0, 0x0, 0x0, 0x0,
    0x1, 0x10, 0x0, 0x0, 0x0, 0x0, 0x0, 0x0,

    /* U+2783 "➃" */
    0x0, 0x0, 0x0, 0x0, 0x2, 0x7b, 0xde, 0xed,
    0xa7, 0x20, 0x0, 0x0, 0x0, 0x0, 0x0, 0x0,
    0x0, 0x5, 0xcf, 0xff, 0xff, 0xff, 0xff, 0xfb,
    0x40, 0x0, 0x0, 0x0, 0x0, 0x0, 0x1, 0xbf,
    0xfd, 0x73, 0x10, 0x1, 0x48, 0xef, 0xfa, 0x10,
    0x0, 0x0, 0x0, 0x0, 0x3e, 0xfd, 0x40, 0x0,
    0x0, 0x0, 0x0, 0x5, 0xef, 0xd2, 0x0, 0x0,
    0x0, 0x3, 0xff, 0x90, 0x0, 0x0, 0x0, 0x0,
    0x0, 0x0, 0xa, 0xfe, 0x20, 0x0, 0x0, 0x1e,
    0xf7, 0x0, 0x0, 0x0, 0x0, 0x0, 0x0, 0x0,
    0x0, 0x9f, 0xd0, 0x0, 0x0, 0xbf, 0x90, 0x0,
    0x0, 0x0, 0x1, 0xaa, 0xa2, 0x0, 0x0, 0xb,
    0xf9, 0x0, 0x4, 0xfe, 0x0, 0x0, 0x0, 0x0,
    0xa, 0xff, 0xf4, 0x0, 0x0, 0x1, 0xef, 0x20,
    0xb, 0xf5, 0x0, 0x0, 0x0, 0x0, 0x5f, 0xff,
    0xf4, 0x0, 0x0, 0x0, 0x7f, 0x90, 0x1f, 0xe0,
    0x0, 0x0, 0x0, 0x0, 0xef, 0xcf, 0xf4, 0x0,
    0x0, 0x0, 0xf, 0xf0, 0x5f, 0x90, 0x0, 0x0,
    0x0, 0x9, 0xfe, 0x3f, 0xf4, 0x0, 0x0, 0x0,
    0xb, 0xf4, 0x9f, 0x50, 0x0, 0x0, 0x0, 0x3f,
    0xf5, 0x2f, 0xf4, 0x0, 0x0, 0x0, 0x7, 0xf7,
    0xaf, 0x30, 0x0, 0x0, 0x0, 0xdf, 0xb0, 0x2f,
    0xf4, 0x0, 0x0, 0x0, 0x5, 0xf9, 0xbf, 0x20,
    0x0, 0x0, 0x7, 0xff, 0x10, 0x2f, 0xf4, 0x0,
    0x0, 0x0, 0x4, 0xfa, 0xbf, 0x30, 0x0, 0x0,
    0x2f, 0xf7, 0x0, 0x2f, 0xf4, 0x0, 0x0, 0x0,
    0x4, 0xf9, 0x9f, 0x40, 0x0, 0x0, 0xbf, 0xc0,
    0x0, 0x2f, 0xf4, 0x0, 0x0, 0x0, 0x6, 0xf8,
    0x6f, 0x80, 0x0, 0x2, 0xff, 0xff, 0xff, 0xff,
    0xff, 0xf2, 0x0, 0x0, 0xa, 0xf4, 0x2f, 0xd0,
    0x0, 0x2, 0xff, 0xff, 0xff, 0xff, 0xff, 0xf2,
    0x0, 0x0, 0xe, 0xf1, 0xd, 0xf3, 0x0, 0x0,
    0x33, 0x33, 0x33, 0x6f, 0xf6, 0x30, 0x0, 0x0,
    0x5f, 0xb0, 0x6, 0xfc, 0x0, 0x0, 0x0, 0x0,
    0x0, 0x3f, 0xf4, 0x0, 0x0, 0x0, 0xdf, 0x40,
    0x0, 0xcf, 0x60, 0x0, 0x0, 0x0, 0x0, 0x3d,
    0xd3, 0x0, 0x0, 0x8, 0xfb, 0x0, 0x0, 0x3f,
    0xf4, 0x0, 0x0, 0x0, 0x0, 0x0, 0x0, 0x0,
    0x0, 0x6f, 0xf2, 0x0, 0x0, 0x5, 0xff, 0x50,
    0x0, 0x0, 0x0, 0x0, 0x0, 0x0, 0x7, 0xff,
    0x40, 0x0, 0x0, 0x0, 0x6f, 0xfa, 0x10, 0x0,
    0x0, 0x0, 0x0, 0x2, 0xbf, 0xf4, 0x0, 0x0,
    0x0, 0x0, 0x4, 0xef, 0xf9, 0x30, 0x0, 0x0,
    0x4, 0xaf, 0xfd, 0x30, 0x0, 0x0, 0x0, 0x0,
    0x0, 0x8, 0xff, 0xff, 0xdc, 0xcd, 0xff, 0xfe,
    0x70, 0x0, 0x0, 0x0, 0x0, 0x0, 0x0, 0x0,
    0x6, 0xbe, 0xff, 0xff, 0xea, 0x60, 0x0, 0x0,
    0x0, 0x0, 0x0, 0x0, 0x0, 0x0, 0x0, 0x0,
    0x1, 0x10, 0x0, 0x0, 0x0, 0x0, 0x0, 0x0,

    /* U+2784 "➄" */
    0x0, 0x0, 0x0, 0x0, 0x2, 0x7b, 0xde, 0xed,
    0xa7, 0x20, 0x0, 0x0, 0x0, 0x0, 0x0, 0x0,
    0x0, 0x5, 0xcf, 0xff, 0xff, 0xff, 0xff, 0xfb,
    0x40, 0x0, 0x0, 0x0, 0x0, 0x0, 0x1, 0xbf,
    0xfd, 0x73, 0x10, 0x1, 0x48, 0xef, 0xfa, 0x10,
    0x0, 0x0, 0x0, 0x0, 0x3e, 0xfd, 0x40, 0x0,
    0x0, 0x0, 0x0, 0x5, 0xef, 0xd2, 0x0, 0x0,
    0x0, 0x3, 0xff, 0x90, 0x0, 0x0, 0x0, 0x0,
    0x0, 0x0, 0xa, 0xfe, 0x20, 0x0, 0x0, 0x1e,
    0xf7, 0x0, 0x0, 0x0, 0x0, 0x0, 0x0, 0x0,
    0x0, 0x9f, 0xd0, 0x0, 0x0, 0xbf, 0x90, 0x0,
    0x2, 0x55, 0x55, 0x55, 0x54, 0x0, 0x0, 0xb,
    0xf9, 0x0, 0x4, 0xfe, 0x0, 0x0, 0x9, 0xff,
    0xff, 0xff, 0xfe, 0x0, 0x0, 0x1, 0xef, 0x20,
    0xb, 0xf5, 0x0, 0x0, 0xb, 0xff, 0xdd, 0xdd,
    0xdc, 0x0, 0x0, 0x0, 0x7f, 0x90, 0x1f, 0xe0,
    0x0, 0x0, 0xc, 0xf9, 0x0, 0x0, 0x0, 0x0,
    0x0, 0x0, 0xf, 0xf0, 0x5f, 0x90, 0x0, 0x0,
    0xe, 0xf7, 0x0, 0x0, 0x0, 0x0, 0x0, 0x0,
    0xb, 0xf4, 0x9f, 0x50, 0x0, 0x0, 0xf, 0xf6,
    0x7c, 0xc8, 0x20, 0x0, 0x0, 0x0, 0x7, 0xf7,
    0xaf, 0x30, 0x0, 0x0, 0x2f, 0xfe, 0xff, 0xff,
    0xf4, 0x0, 0x0, 0x0, 0x5, 0xf9, 0xbf, 0x20,
    0x0, 0x0, 0x2e, 0xfd, 0x54, 0x8f, 0xfe, 0x10,
    0x0, 0x0, 0x4, 0xfa, 0xbf, 0x30, 0x0, 0x0,
    0x0, 0x0, 0x0, 0x5, 0xff, 0x60, 0x0, 0x0,
    0x4, 0xf9, 0x9f, 0x40, 0x0, 0x0, 0x0, 0x0,
    0x0, 0x0, 0xff, 0x90, 0x0, 0x0, 0x6, 0xf8,
    0x6f, 0x80, 0x0, 0x0, 0x0, 0x0, 0x0, 0x0,
    0xef, 0x90, 0x0, 0x0, 0xa, 0xf4, 0x2f, 0xd0,
    0x0, 0x0, 0x7f, 0xf2, 0x0, 0x2, 0xff, 0x70,
    0x0, 0x0, 0xe, 0xf1, 0xd, 0xf3, 0x0, 0x0,
    0x2f, 0xfc, 0x20, 0x2d, 0xff, 0x10, 0x0, 0x0,
    0x5f, 0xb0, 0x6, 0xfc, 0x0, 0x0, 0x8, 0xff,
    0xff, 0xff, 0xf6, 0x0, 0x0, 0x0, 0xdf, 0x40,
    0x0, 0xcf, 0x60, 0x0, 0x0, 0x6d, 0xff, 0xfc,
    0x40, 0x0, 0x0, 0x8, 0xfb, 0x0, 0x0, 0x3f,
    0xf4, 0x0, 0x0, 0x0, 0x12, 0x10, 0x0, 0x0,
    0x0, 0x6f, 0xf2, 0x0, 0x0, 0x5, 0xff, 0x50,
    0x0, 0x0, 0x0, 0x0, 0x0, 0x0, 0x7, 0xff,
    0x40, 0x0, 0x0, 0x0, 0x6f, 0xfa, 0x10, 0x0,
    0x0, 0x0, 0x0, 0x2, 0xbf, 0xf4, 0x0, 0x0,
    0x0, 0x0, 0x4, 0xef, 0xf9, 0x30, 0x0, 0x0,
    0x4, 0xaf, 0xfd, 0x30, 0x0, 0x0, 0x0, 0x0,
    0x0, 0x8, 0xff, 0xff, 0xdc, 0xcd, 0xff, 0xfe,
    0x70, 0x0, 0x0, 0x0, 0x0, 0x0, 0x0, 0x0,
    0x6, 0xbe, 0xff, 0xff, 0xea, 0x60, 0x0, 0x0,
    0x0, 0x0, 0x0, 0x0, 0x0, 0x0, 0x0, 0x0,
    0x1, 0x10, 0x0, 0x0, 0x0, 0x0, 0x0, 0x0,

    /* U+2785 "➅" */
    0x0, 0x0, 0x0, 0x0, 0x2, 0x7b, 0xde, 0xed,
    0xa7, 0x20, 0x0, 0x0, 0x0, 0x0, 0x0, 0x0,
    0x0, 0x5, 0xcf, 0xff, 0xff, 0xff, 0xff, 0xfb,
    0x40, 0x0, 0x0, 0x0, 0x0, 0x0, 0x1, 0xbf,
    0xfd, 0x73, 0x10, 0x1, 0x48, 0xef, 0xfa, 0x10,
    0x0, 0x0, 0x0, 0x0, 0x3e, 0xfd, 0x40, 0x0,
    0x0, 0x0, 0x0, 0x5, 0xef, 0xd2, 0x0, 0x0,
    0x0, 0x3, 0xff, 0x90, 0x0, 0x0, 0x0, 0x0,
    0x0, 0x0, 0xa, 0xfe, 0x20, 0x0, 0x0, 0x1e,
    0xf7, 0x0, 0x0, 0x0, 0x0, 0x0, 0x0, 0x0,
    0x0, 0x9f, 0xd0, 0x0, 0x0, 0xbf, 0x90, 0x0,
    0x0, 0x1, 0x8c, 0xda, 0x50, 0x0, 0x0, 0xb,
    0xf9, 0x0, 0x4, 0xfe, 0x0, 0x0, 0x0, 0x4f,
    0xff, 0xff, 0xfb, 0x0, 0x0, 0x1, 0xef, 0x20,
    0xb, 0xf5, 0x0, 0x0, 0x1, 0xff, 0xe8, 0x7c,
    0xff, 0x80, 0x0, 0x0, 0x7f, 0x90, 0x1f, 0xe0,
    0x0, 0x0, 0x9, 0xfe, 0x10, 0x0, 0xbf, 0xf0,
    0x0, 0x0, 0xf, 0xf0, 0x5f, 0x90, 0x0, 0x0,
    0xf, 0xf8, 0x0, 0x0, 0x13, 0x30, 0x0, 0x0,
    0xb, 0xf4, 0x9f, 0x50, 0x0, 0x0, 0x3f, 0xf3,
    0x28, 0xba, 0x60, 0x0, 0x0, 0x0, 0x7, 0xf7,
    0xaf, 0x30, 0x0, 0x0, 0x6f, 0xf6, 0xff, 0xff,
    0xfc, 0x0, 0x0, 0x0, 0x5, 0xf9, 0xbf, 0x20,
    0x0, 0x0, 0x7f, 0xff, 0xc5, 0x4b, 0xff, 0x90,
    0x0, 0x0, 0x4, 0xfa, 0xbf, 0x30, 0x0, 0x0,
    0x7f, 0xfd, 0x0, 0x0, 0xbf, 0xf0, 0x0, 0x0,
    0x4, 0xf9, 0x9f, 0x40, 0x0, 0x0, 0x6f, 0xf7,
    0x0, 0x0, 0x5f, 0xf3, 0x0, 0x0, 0x6, 0xf8,
    0x6f, 0x80, 0x0, 0x0, 0x4f, 0xf6, 0x0, 0x0,
    0x4f, 0xf3, 0x0, 0x0, 0xa, 0xf4, 0x2f, 0xd0,
    0x0, 0x0, 0xf, 0xfa, 0x0, 0x0, 0x9f, 0xf1,
    0x0, 0x0, 0xe, 0xf1, 0xd, 0xf3, 0x0, 0x0,
    0x9, 0xff, 0x80, 0x6, 0xff, 0xb0, 0x0, 0x0,
    0x5f, 0xb0, 0x6, 0xfc, 0x0, 0x0, 0x0, 0xdf,
    0xff, 0xff, 0xfe, 0x10, 0x0, 0x0, 0xdf, 0x40,
    0x0, 0xcf, 0x60, 0x0, 0x0, 0x9, 0xff, 0xff,
    0xa1, 0x0, 0x0, 0x8, 0xfb, 0x0, 0x0, 0x3f,
    0xf4, 0x0, 0x0, 0x0, 0x2, 0x20, 0x0, 0x0,
    0x0, 0x6f, 0xf2, 0x0, 0x0, 0x5, 0xff, 0x50,
    0x0, 0x0, 0x0, 0x0, 0x0, 0x0, 0x7, 0xff,
    0x40, 0x0, 0x0, 0x0, 0x6f, 0xfa, 0x10, 0x0,
    0x0, 0x0, 0x0, 0x2, 0xbf, 0xf4, 0x0, 0x0,
    0x0, 0x0, 0x4, 0xef, 0xf9, 0x30, 0x0, 0x0,
    0x4, 0xaf, 0xfd, 0x30, 0x0, 0x0, 0x0, 0x0,
    0x0, 0x8, 0xff, 0xff, 0xdc, 0xcd, 0xff, 0xfe,
    0x70, 0x0, 0x0, 0x0, 0x0, 0x0, 0x0, 0x0,
    0x6, 0xbe, 0xff, 0xff, 0xea, 0x60, 0x0, 0x0,
    0x0, 0x0, 0x0, 0x0, 0x0, 0x0, 0x0, 0x0,
    0x1, 0x10, 0x0, 0x0, 0x0, 0x0, 0x0, 0x0,

    /* U+2786 "➆" */
    0x0, 0x0, 0x0, 0x0, 0x2, 0x7b, 0xde, 0xed,
    0xa7, 0x20, 0x0, 0x0, 0x0, 0x0, 0x0, 0x0,
    0x0, 0x5, 0xcf, 0xff, 0xff, 0xff, 0xff, 0xfb,
    0x40, 0x0, 0x0, 0x0, 0x0, 0x0, 0x1, 0xbf,
    0xfd, 0x73, 0x10, 0x1, 0x48, 0xef, 0xfa, 0x10,
    0x0, 0x0, 0x0, 0x0, 0x3e, 0xfd, 0x40, 0x0,
    0x0, 0x0, 0x0, 0x5, 0xef, 0xd2, 0x0, 0x0,
    0x0, 0x3, 0xff, 0x90, 0x0, 0x0, 0x0, 0x0,
    0x0, 0x0, 0xa, 0xfe, 0x20, 0x0, 0x0, 0x1e,
    0xf7, 0x0, 0x0, 0x0, 0x0, 0x0, 0x0, 0x0,
    0x0, 0x9f, 0xd0, 0x0, 0x0, 0xbf, 0x90, 0x0,
    0x5, 0x55, 0x55, 0x55, 0x55, 0x40, 0x0, 0xb,
    0xf9, 0x0, 0x4, 0xfe, 0x0, 0x0, 0xf, 0xff,
    0xff, 0xff, 0xff, 0xe0, 0x0, 0x1, 0xef, 0x20,
    0xb, 0xf5, 0x0, 0x0, 0xd, 0xdd, 0xdd, 0xdd,
    0xff, 0xd0, 0x0, 0x0, 0x7f, 0x90, 0x1f, 0xe0,
    0x0, 0x0, 0x0, 0x0, 0x0, 0x2, 0xff, 0x90,
    0x0, 0x0, 0xf, 0xf0, 0x5f, 0x90, 0x0, 0x0,
    0x0, 0x0, 0x0, 0xa, 0xff, 0x10, 0x0, 0x0,
    0xb, 0xf4, 0x9f, 0x50, 0x0, 0x0, 0x0, 0x0,
    0x0, 0x2f, 0xf9, 0x0, 0x0, 0x0, 0x7, 0xf7,
    0xaf, 0x30, 0x0, 0x0, 0x0, 0x0, 0x0, 0xaf,
    0xf1, 0x0, 0x0, 0x0, 0x5, 0xf9, 0xbf, 0x20,
    0x0, 0x0, 0x0, 0x0, 0x2, 0xff, 0x90, 0x0,
    0x0, 0x0, 0x4, 0xfa, 0xbf, 0x30, 0x0, 0x0,
    0x0, 0x0, 0xa, 0xff, 0x10, 0x0, 0x0, 0x0,
    0x4, 0xf9, 0x9f, 0x40, 0x0, 0x0, 0x0, 0x0,
    0x2f, 0xf9, 0x0, 0x0, 0x0, 0x0, 0x6, 0xf8,
    0x6f, 0x80, 0x0, 0x0, 0x0, 0x0, 0xaf, 0xf1,
    0x0, 0x0, 0x0, 0x0, 0xa, 0xf4, 0x2f, 0xd0,
    0x0, 0x0, 0x0, 0x2, 0xff, 0x80, 0x0, 0x0,
    0x0, 0x0, 0xe, 0xf1, 0xd, 0xf3, 0x0, 0x0,
    0x0, 0xa, 0xff, 0x10, 0x0, 0x0, 0x0, 0x0,
    0x5f, 0xb0, 0x6, 0xfc, 0x0, 0x0, 0x0, 0x2f,
    0xf8, 0x0, 0x0, 0x0, 0x0, 0x0, 0xdf, 0x40,
    0x0, 0xcf, 0x60, 0x0, 0x0, 0xaf, 0xf1, 0x0,
    0x0, 0x0, 0x0, 0x8, 0xfb, 0x0, 0x0, 0x3f,
    0xf4, 0x0, 0x0, 0x33, 0x20, 0x0, 0x0, 0x0,
    0x0, 0x6f, 0xf2, 0x0, 0x0, 0x5, 0xff, 0x50,
    0x0, 0x0, 0x0, 0x0, 0x0, 0x0, 0x7, 0xff,
    0x40, 0x0, 0x0, 0x0, 0x6f, 0xfa, 0x10, 0x0,
    0x0, 0x0, 0x0, 0x2, 0xbf, 0xf4, 0x0, 0x0,
    0x0, 0x0, 0x4, 0xef, 0xf9, 0x30, 0x0, 0x0,
    0x4, 0xaf, 0xfd, 0x30, 0x0, 0x0, 0x0, 0x0,
    0x0, 0x8, 0xff, 0xff, 0xdc, 0xcd, 0xff, 0xfe,
    0x70, 0x0, 0x0, 0x0, 0x0, 0x0, 0x0, 0x0,
    0x6, 0xbe, 0xff, 0xff, 0xea, 0x60, 0x0, 0x0,
    0x0, 0x0, 0x0, 0x0, 0x0, 0x0, 0x0, 0x0,
    0x1, 0x10, 0x0, 0x0, 0x0, 0x0, 0x0, 0x0,

    /* U+2787 "➇" */
    0x0, 0x0, 0x0, 0x0, 0x2, 0x7b, 0xde, 0xed,
    0xa7, 0x20, 0x0, 0x0, 0x0, 0x0, 0x0, 0x0,
    0x0, 0x5, 0xcf, 0xff, 0xff, 0xff, 0xff, 0xfb,
    0x40, 0x0, 0x0, 0x0, 0x0, 0x0, 0x1, 0xbf,
    0xfd, 0x73, 0x10, 0x1, 0x48, 0xef, 0xfa, 0x10,
    0x0, 0x0, 0x0, 0x0, 0x3e, 0xfd, 0x40, 0x0,
    0x0, 0x0, 0x0, 0x5, 0xef, 0xd2, 0x0, 0x0,
    0x0, 0x3, 0xff, 0x90, 0x0, 0x0, 0x0, 0x0,
    0x0, 0x0, 0xa, 0xfe, 0x20, 0x0, 0x0, 0x1e,
    0xf7, 0x0, 0x0, 0x0, 0x0, 0x0, 0x0, 0x0,
    0x0, 0x9f, 0xd0, 0x0, 0x0, 0xbf, 0x90, 0x0,
    0x0, 0x5, 0xad, 0xc9, 0x30, 0x0, 0x0, 0xb,
    0xf9, 0x0, 0x4, 0xfe, 0x0, 0x0, 0x0, 0xbf,
    0xff, 0xff, 0xf8, 0x0, 0x0, 0x1, 0xef, 0x20,
    0xb, 0xf5, 0x0, 0x0, 0x8, 0xff, 0xa4, 0x4c,
    0xff, 0x40, 0x0, 0x0, 0x7f, 0x90, 0x1f, 0xe0,
    0x0, 0x0, 0xd, 0xfd, 0x0, 0x1, 0xff, 0xa0,
    0x0, 0x0, 0xf, 0xf0, 0x5f, 0x90, 0x0, 0x0,
    0xe, 0xfa, 0x0, 0x0, 0xdf, 0xb0, 0x0, 0x0,
    0xb, 0xf4, 0x9f, 0x50, 0x0, 0x0, 0xb, 0xfd,
    0x0, 0x1, 0xff, 0x80, 0x0, 0x0, 0x7, 0xf7,
    0xaf, 0x30, 0x0, 0x0, 0x2, 0xff, 0xb4, 0x5d,
    0xfd, 0x10, 0x0, 0x0, 0x5, 0xf9, 0xbf, 0x20,
    0x0, 0x0, 0x0, 0x2d, 0xff, 0xff, 0xb1, 0x0,
    0x0, 0x0, 0x4, 0xfa, 0xbf, 0x30, 0x0, 0x0,
    0x3, 0xef, 0xfc, 0xdf, 0xfd, 0x20, 0x0, 0x0,
    0x4, 0xf9, 0x9f, 0x40, 0x0, 0x0, 0x1e, 0xfd,
    0x10, 0x3, 0xef, 0xd0, 0x0, 0x0, 0x6, 0xf8,
    0x6f, 0x80, 0x0, 0x0, 0x6f, 0xf4, 0x0, 0x0,
    0x8f, 0xf3, 0x0, 0x0, 0xa, 0xf4, 0x2f, 0xd0,
    0x0, 0x0, 0x7f, 0xf4, 0x0, 0x0, 0x8f, 0xf4,
    0x0, 0x0, 0xe, 0xf1, 0xd, 0xf3, 0x0, 0x0,
    0x3f, 0xfd, 0x20, 0x4, 0xff, 0xe0, 0x0, 0x0,
    0x5f, 0xb0, 0x6, 0xfc, 0x0, 0x0, 0x8, 0xff,
    0xfe, 0xff, 0xff, 0x50, 0x0, 0x0, 0xdf, 0x40,
    0x0, 0xcf, 0x60, 0x0, 0x0, 0x4c, 0xff, 0xff,
    0xb3, 0x0, 0x0, 0x8, 0xfb, 0x0, 0x0, 0x3f,
    0xf4, 0x0, 0x0, 0x0, 0x1, 0x10, 0x0, 0x0,
    0x0, 0x6f, 0xf2, 0x0, 0x0, 0x5, 0xff, 0x50,
    0x0, 0x0, 0x0, 0x0, 0x0, 0x0, 0x7, 0xff,
    0x40, 0x0, 0x0, 0x0, 0x6f, 0xfa, 0x10, 0x0,
    0x0, 0x0, 0x0, 0x2, 0xbf, 0xf4, 0x0, 0x0,
    0x0, 0x0, 0x4, 0xef, 0xf9, 0x30, 0x0, 0x0,
    0x4, 0xaf, 0xfd, 0x30, 0x0, 0x0, 0x0, 0x0,
    0x0, 0x8, 0xff, 0xff, 0xdc, 0xcd, 0xff, 0xfe,
    0x70, 0x0, 0x0, 0x0, 0x0, 0x0, 0x0, 0x0,
    0x6, 0xbe, 0xff, 0xff, 0xea, 0x60, 0x0, 0x0,
    0x0, 0x0, 0x0, 0x0, 0x0, 0x0, 0x0, 0x0,
    0x1, 0x10, 0x0, 0x0, 0x0, 0x0, 0x0, 0x0,

    /* U+2788 "➈" */
    0x0, 0x0, 0x0, 0x0, 0x2, 0x7b, 0xde, 0xed,
    0xa7, 0x20, 0x0, 0x0, 0x0, 0x0, 0x0, 0x0,
    0x0, 0x5, 0xcf, 0xff, 0xff, 0xff, 0xff, 0xfb,
    0x40, 0x0, 0x0, 0x0, 0x0, 0x0, 0x1, 0xbf,
    0xfd, 0x73, 0x10, 0x1, 0x48, 0xef, 0xfa, 0x10,
    0x0, 0x0, 0x0, 0x0, 0x3e, 0xfd, 0x40, 0x0,
    0x0, 0x0, 0x0, 0x5, 0xef, 0xd2, 0x0, 0x0,
    0x0, 0x3, 0xff, 0x90, 0x0, 0x0, 0x0, 0x0,
    0x0, 0x0, 0xa, 0xfe, 0x20, 0x0, 0x0, 0x1e,
    0xf7, 0x0, 0x0, 0x0, 0x0, 0x0, 0x0, 0x0,
    0x0, 0x9f, 0xd0, 0x0, 0x0, 0xbf, 0x90, 0x0,
    0x0, 0x6, 0xbd, 0xc9, 0x20, 0x0, 0x0, 0xb,
    0xf9, 0x0, 0x4, 0xfe, 0x0, 0x0, 0x1, 0xcf,
    0xff, 0xff, 0xf5, 0x0, 0x0, 0x1, 0xef, 0x20,
    0xb, 0xf5, 0x0, 0x0, 0xb, 0xff, 0xa4, 0x6d,
    0xff, 0x20, 0x0, 0x0, 0x7f, 0x90, 0x1f, 0xe0,
    0x0, 0x0, 0x3f, 0xf8, 0x0, 0x1, 0xff, 0xa0,
    0x0, 0x0, 0xf, 0xf0, 0x5f, 0x90, 0x0, 0x0,
    0x6f, 0xf2, 0x0, 0x0, 0xaf, 0xf0, 0x0, 0x0,
    0xb, 0xf4, 0x9f, 0x50, 0x0, 0x0, 0x7f, 0xf1,
    0x0, 0x0, 0x9f, 0xf2, 0x0, 0x0, 0x7, 0xf7,
    0xaf, 0x30, 0x0, 0x0, 0x5f, 0xf6, 0x0, 0x0,
    0xdf, 0xf3, 0x0, 0x0, 0x5, 0xf9, 0xbf, 0x20,
    0x0, 0x0, 0xe, 0xff, 0x50, 0x2b, 0xff, 0xf4,
    0x0, 0x0, 0x4, 0xfa, 0xbf, 0x30, 0x0, 0x0,
    0x4, 0xff, 0xff, 0xff, 0x8f, 0xf2, 0x0, 0x0,
    0x4, 0xf9, 0x9f, 0x40, 0x0, 0x0, 0x0, 0x3b,
    0xee, 0xb3, 0x6f, 0xf1, 0x0, 0x0, 0x6, 0xf8,
    0x6f, 0x80, 0x0, 0x0, 0x0, 0x0, 0x0, 0x0,
    0x9f, 0xd0, 0x0, 0x0, 0xa, 0xf4, 0x2f, 0xd0,
    0x0, 0x0, 0x3f, 0xf6, 0x0, 0x1, 0xff, 0x80,
    0x0, 0x0, 0xe, 0xf1, 0xd, 0xf3, 0x0, 0x0,
    0xe, 0xfe, 0x51, 0x3c, 0xff, 0x10, 0x0, 0x0,
    0x5f, 0xb0, 0x6, 0xfc, 0x0, 0x0, 0x4, 0xff,
    0xff, 0xff, 0xf5, 0x0, 0x0, 0x0, 0xdf, 0x40,
    0x0, 0xcf, 0x60, 0x0, 0x0, 0x3c, 0xff, 0xfd,
    0x40, 0x0, 0x0, 0x8, 0xfb, 0x0, 0x0, 0x3f,
    0xf4, 0x0, 0x0, 0x0, 0x12, 0x10, 0x0, 0x0,
    0x0, 0x6f, 0xf2, 0x0, 0x0, 0x5, 0xff, 0x50,
    0x0, 0x0, 0x0, 0x0, 0x0, 0x0, 0x7, 0xff,
    0x40, 0x0, 0x0, 0x0, 0x6f, 0xfa, 0x10, 0x0,
    0x0, 0x0, 0x0, 0x2, 0xbf, 0xf4, 0x0, 0x0,
    0x0, 0x0, 0x4, 0xef, 0xf9, 0x30, 0x0, 0x0,
    0x4, 0xaf, 0xfd, 0x30, 0x0, 0x0, 0x0, 0x0,
    0x0, 0x8, 0xff, 0xff, 0xdc, 0xcd, 0xff, 0xfe,
    0x70, 0x0, 0x0, 0x0, 0x0, 0x0, 0x0, 0x0,
    0x6, 0xbe, 0xff, 0xff, 0xea, 0x60, 0x0, 0x0,
    0x0, 0x0, 0x0, 0x0, 0x0, 0x0, 0x0, 0x0,
    0x1, 0x10, 0x0, 0x0, 0x0, 0x0, 0x0, 0x0,

    /* U+F001 "" */
    0x0, 0x0, 0x0, 0x0, 0x0, 0x0, 0x0, 0x0,
    0x0, 0x31, 0x0, 0x0, 0x0, 0x0, 0x0, 0x0,
    0x0, 0x15, 0xae, 0xfd, 0x0, 0x0, 0x0, 0x0,
    0x0, 0x2, 0x7c, 0xff, 0xff, 0xff, 0x0, 0x0,
    0x0, 0x0, 0x49, 0xef, 0xff, 0xff, 0xff, 0xff,
    0x0, 0x0, 0x4, 0xbf, 0xff, 0xff, 0xff, 0xff,
    0xff, 0xff, 0x0, 0x0, 0xf, 0xff, 0xff, 0xff,
    0xff, 0xff, 0xff, 0xff, 0x0, 0x0, 0xf, 0xff,
    0xff, 0xff, 0xff, 0xfb, 0x69, 0xff, 0x0, 0x0,
    0xf, 0xff, 0xff, 0xfe, 0x95, 0x0, 0x8, 0xff,
    0x0, 0x0, 0xf, 0xff, 0xc7, 0x30, 0x0, 0x0,
    0x8, 0xff, 0x0, 0x0, 0xf, 0xf8, 0x0, 0x0,
    0x0, 0x0, 0x8, 0xff, 0x0, 0x0, 0xf, 0xf8,
    0x0, 0x0, 0x0, 0x0, 0x8, 0xff, 0x0, 0x0,
    0xf, 0xf8, 0x0, 0x0, 0x0, 0x0, 0x8, 0xff,
    0x0, 0x0, 0xf, 0xf8, 0x0, 0x0, 0x0, 0x0,
    0x8, 0xff, 0x0, 0x0, 0xf, 0xf8, 0x0, 0x0,
    0x1, 0x7b, 0xbd, 0xff, 0x0, 0x0, 0xf, 0xf8,
    0x0, 0x0, 0x1e, 0xff, 0xff, 0xff, 0x0, 0x13,
    0x2f, 0xf8, 0x0, 0x0, 0x7f, 0xff, 0xff, 0xff,
    0x2b, 0xff, 0xff, 0xf8, 0x0, 0x0, 0x4f, 0xff,
    0xff, 0xfc, 0xdf, 0xff, 0xff, 0xf8, 0x0, 0x0,
    0x6, 0xef, 0xff, 0xa1, 0xff, 0xff, 0xff, 0xf7,
    0x0, 0x0, 0x0, 0x2, 0x20, 0x0, 0x7f, 0xff,
    0xff, 0xd1, 0x0, 0x0, 0x0, 0x0, 0x0, 0x0,
    0x2, 0x8a, 0xa6, 0x0, 0x0, 0x0, 0x0, 0x0,
    0x0, 0x0,

    /* U+F004 "" */
    0x0, 0x0, 0x2, 0x31, 0x0, 0x0, 0x0, 0x13,
    0x20, 0x0, 0x0, 0x0, 0x6, 0xef, 0xff, 0xb2,
    0x0, 0x2b, 0xff, 0xfe, 0x60, 0x0, 0x0, 0x9f,
    0xff, 0xff, 0xff, 0x44, 0xff, 0xff, 0xff, 0xf9,
    0x0, 0x4, 0xff, 0xff, 0xff, 0xff, 0xff, 0xff,
    0xff, 0xff, 0xff, 0x40, 0xb, 0xff, 0xff, 0xff,
    0xff, 0xff, 0xff, 0xff, 0xff, 0xff, 0xb0, 0xf,
    0xff, 0xff, 0xff, 0xff, 0xff, 0xff, 0xff, 0xff,
    0xff, 0xe0, 0xf, 0xff, 0xff, 0xff, 0xff, 0xff,
    0xff, 0xff, 0xff, 0xff, 0xf0, 0xd, 0xff, 0xff,
    0xff, 0xff, 0xff, 0xff, 0xff, 0xff, 0xff, 0xd0,
    0x8, 0xff, 0xff, 0xff, 0xff, 0xff, 0xff, 0xff,
    0xff, 0xff, 0x80, 0x0, 0xdf, 0xff, 0xff, 0xff,
    0xff, 0xff, 0xff, 0xff, 0xfd, 0x0, 0x0, 0x1e,
    0xff, 0xff, 0xff, 0xff, 0xff, 0xff, 0xff, 0xe1,
    0x0, 0x0, 0x2, 0xef, 0xff, 0xff, 0xff, 0xff,
    0xff, 0xfe, 0x20, 0x0, 0x0, 0x0, 0x2e, 0xff,
    0xff, 0xff, 0xff, 0xff, 0xe2, 0x0, 0x0, 0x0,
    0x0, 0x2, 0xef, 0xff, 0xff, 0xff, 0xfe, 0x20,
    0x0, 0x0, 0x0, 0x0, 0x0, 0x3f, 0xff, 0xff,
    0xff, 0xf3, 0x0, 0x0, 0x0, 0x0, 0x0, 0x0,
    0x3, 0xff, 0xff, 0xff, 0x30, 0x0, 0x0, 0x0,
    0x0, 0x0, 0x0, 0x0, 0x3f, 0xff, 0xf4, 0x0,
    0x0, 0x0, 0x0, 0x0, 0x0, 0x0, 0x0, 0x4,
    0xff, 0x40, 0x0, 0x0, 0x0, 0x0, 0x0, 0x0,
    0x0, 0x0, 0x0, 0x11, 0x0, 0x0, 0x0, 0x0,
    0x0,

    /* U+F005 "" */
    0x0, 0x0, 0x0, 0x0, 0x0, 0x36, 0x0, 0x0,
    0x0, 0x0, 0x0, 0x0, 0x0, 0x0, 0x0, 0x1,
    0xff, 0x80, 0x0, 0x0, 0x0, 0x0, 0x0, 0x0,
    0x0, 0x0, 0x8, 0xff, 0xf1, 0x0, 0x0, 0x0,
    0x0, 0x0, 0x0, 0x0, 0x0, 0x1f, 0xff, 0xf8,
    0x0, 0x0, 0x0, 0x0, 0x0, 0x0, 0x0, 0x0,
    0x8f, 0xff, 0xff, 0x10, 0x0, 0x0, 0x0, 0x0,
    0x0, 0x0, 0x0, 0xff, 0xff, 0xff, 0x70, 0x0,
    0x0, 0x0, 0x0, 0x0, 0x25, 0x7b, 0xff, 0xff,
    0xff, 0xf8, 0x64, 0x10, 0x0, 0x9, 0xdf, 0xff,
    0xff, 0xff, 0xff, 0xff, 0xff, 0xff, 0xff, 0xc3,
    0x2f, 0xff, 0xff, 0xff, 0xff, 0xff, 0xff, 0xff,
    0xff, 0xff, 0xfa, 0xa, 0xff, 0xff, 0xff, 0xff,
    0xff, 0xff, 0xff, 0xff, 0xff, 0xe3, 0x0, 0x9f,
    0xff, 0xff, 0xff, 0xff, 0xff, 0xff, 0xff, 0xfe,
    0x30, 0x0, 0x9, 0xff, 0xff, 0xff, 0xff, 0xff,
    0xff, 0xff, 0xe2, 0x0, 0x0, 0x0, 0x8f, 0xff,
    0xff, 0xff, 0xff, 0xff, 0xfe, 0x20, 0x0, 0x0,
    0x0, 0xc, 0xff, 0xff, 0xff, 0xff, 0xff, 0xf4,
    0x0, 0x0, 0x0, 0x0, 0xe, 0xff, 0xff, 0xff,
    0xff, 0xff, 0xf6, 0x0, 0x0, 0x0, 0x0, 0xf,
    0xff, 0xff, 0xff, 0xff, 0xff, 0xf8, 0x0, 0x0,
    0x0, 0x0, 0x3f, 0xff, 0xff, 0xff, 0xff, 0xff,
    0xfb, 0x0, 0x0, 0x0, 0x0, 0x6f, 0xff, 0xff,
    0xfd, 0xff, 0xff, 0xfe, 0x0, 0x0, 0x0, 0x0,
    0x9f, 0xff, 0xf9, 0x10, 0x5d, 0xff, 0xff, 0x10,
    0x0, 0x0, 0x0, 0x9f, 0xfa, 0x20, 0x0, 0x0,
    0x5d, 0xff, 0x10, 0x0, 0x0, 0x0, 0x17, 0x20,
    0x0, 0x0, 0x0, 0x0, 0x54, 0x0, 0x0,

    /* U+F008 "" */
    0xc4, 0x3, 0xff, 0xff, 0xff, 0xff, 0xff, 0xff,
    0x40, 0x4c, 0xfd, 0xcd, 0xff, 0xee, 0xee, 0xee,
    0xee, 0xff, 0xdc, 0xdf, 0xfa, 0x8a, 0xfa, 0x0,
    0x0, 0x0, 0x0, 0xaf, 0xb8, 0xaf, 0xf4, 0x3,
    0xfa, 0x0, 0x0, 0x0, 0x0, 0x9f, 0x40, 0x4f,
    0xf4, 0x4, 0xfa, 0x0, 0x0, 0x0, 0x0, 0x9f,
    0x50, 0x4f, 0xff, 0xff, 0xfa, 0x0, 0x0, 0x0,
    0x0, 0x9f, 0xff, 0xff, 0xf7, 0x47, 0xfd, 0x77,
    0x77, 0x77, 0x77, 0xdf, 0x84, 0x7f, 0xf4, 0x3,
    0xff, 0xff, 0xff, 0xff, 0xff, 0xff, 0x40, 0x4f,
    0xf7, 0x47, 0xfd, 0x77, 0x77, 0x77, 0x77, 0xdf,
    0x84, 0x7f, 0xff, 0xff, 0xfa, 0x0, 0x0, 0x0,
    0x0, 0x9f, 0xff, 0xff, 0xf4, 0x4, 0xfa, 0x0,
    0x0, 0x0, 0x0, 0x9f, 0x50, 0x4f, 0xf4, 0x3,
    0xfa, 0x0, 0x0, 0x0, 0x0, 0x9f, 0x40, 0x4f,
    0xfa, 0x8a, 0xfa, 0x0, 0x0, 0x0, 0x0, 0xaf,
    0xb8, 0xaf, 0xfd, 0xcd, 0xff, 0xee, 0xee, 0xee,
    0xee, 0xff, 0xdc, 0xdf, 0xc4, 0x3, 0xff, 0xff,
    0xff, 0xff, 0xff, 0xff, 0x40, 0x4c,

    /* U+F00B "" */
    0x0, 0x0, 0x0, 0x0, 0x0, 0x0, 0x0, 0x0,
    0x0, 0x0, 0xdf, 0xff, 0xfa, 0xc, 0xff, 0xff,
    0xff, 0xff, 0xff, 0xfd, 0xff, 0xff, 0xfd, 0xe,
    0xff, 0xff, 0xff, 0xff, 0xff, 0xff, 0xff, 0xff,
    0xfd, 0xe, 0xff, 0xff, 0xff, 0xff, 0xff, 0xff,
    0xff, 0xff, 0xfd, 0xe, 0xff, 0xff, 0xff, 0xff,
    0xff, 0xff, 0xcf, 0xff, 0xf9, 0xa, 0xff, 0xff,
    0xff, 0xff, 0xff, 0xfc, 0x0, 0x0, 0x0, 0x0,
    0x0, 0x0, 0x0, 0x0, 0x0, 0x0, 0xcf, 0xff,
    0xf9, 0xb, 0xff, 0xff, 0xff, 0xff, 0xff, 0xfc,
    0xff, 0xff, 0xfd, 0xe, 0xff, 0xff, 0xff, 0xff,
    0xff, 0xff, 0xff, 0xff, 0xfd, 0xe, 0xff, 0xff,
    0xff, 0xff, 0xff, 0xff, 0xff, 0xff, 0xfd, 0xe,
    0xff, 0xff, 0xff, 0xff, 0xff, 0xff, 0xcf, 0xff,
    0xfa, 0xb, 0xff, 0xff, 0xff, 0xff, 0xff, 0xfc,
    0x0, 0x0, 0x0, 0x0, 0x0, 0x0, 0x0, 0x0,
    0x0, 0x0, 0xcf, 0xff, 0xf9, 0xa, 0xff, 0xff,
    0xff, 0xff, 0xff, 0xfb, 0xff, 0xff, 0xfd, 0xe,
    0xff, 0xff, 0xff, 0xff, 0xff, 0xff, 0xff, 0xff,
    0xfd, 0xe, 0xff, 0xff, 0xff, 0xff, 0xff, 0xff,
    0xff, 0xff, 0xfd, 0xe, 0xff, 0xff, 0xff, 0xff,
    0xff, 0xff, 0xdf, 0xff, 0xfa, 0xc, 0xff, 0xff,
    0xff, 0xff, 0xff, 0xfd, 0x0, 0x0, 0x0, 0x0,
    0x0, 0x0, 0x0, 0x0, 0x0, 0x0,

    /* U+F00C "" */
    0x0, 0x0, 0x0, 0x0, 0x0, 0x0, 0x0, 0x0,
    0x4e, 0x60, 0x0, 0x0, 0x0, 0x0, 0x0, 0x0,
    0x0, 0x4, 0xff, 0xf7, 0x0, 0x0, 0x0, 0x0,
    0x0, 0x0, 0x0, 0x4f, 0xff, 0xff, 0x0, 0x0,
    0x0, 0x0, 0x0, 0x0, 0x4, 0xff, 0xff, 0xf6,
    0x0, 0x0, 0x0, 0x0, 0x0, 0x0, 0x4f, 0xff,
    0xff, 0x60, 0x6, 0xe4, 0x0, 0x0, 0x0, 0x4,
    0xff, 0xff, 0xf6, 0x0, 0x7f, 0xff, 0x40, 0x0,
    0x0, 0x4f, 0xff, 0xff, 0x60, 0x0, 0xff, 0xff,
    0xf4, 0x0, 0x4, 0xff, 0xff, 0xf6, 0x0, 0x0,
    0x6f, 0xff, 0xff, 0x40, 0x4f, 0xff, 0xff, 0x60,
    0x0, 0x0, 0x6, 0xff, 0xff, 0xf8, 0xff, 0xff,
    0xf5, 0x0, 0x0, 0x0, 0x0, 0x5f, 0xff, 0xff,
    0xff, 0xff, 0x50, 0x0, 0x0, 0x0, 0x0, 0x5,
    0xff, 0xff, 0xff, 0xf5, 0x0, 0x0, 0x0, 0x0,
    0x0, 0x0, 0x5f, 0xff, 0xff, 0x50, 0x0, 0x0,
    0x0, 0x0, 0x0, 0x0, 0x5, 0xff, 0xf5, 0x0,
    0x0, 0x0, 0x0, 0x0, 0x0, 0x0, 0x0, 0x5e,
    0x50, 0x0, 0x0, 0x0, 0x0, 0x0,

    /* U+F00D "" */
    0x6, 0x70, 0x0, 0x0, 0x0, 0x18, 0x40, 0x8f,
    0xfb, 0x0, 0x0, 0x1, 0xdf, 0xf4, 0xff, 0xff,
    0xb0, 0x0, 0x1d, 0xff, 0xfb, 0x7f, 0xff, 0xfb,
    0x1, 0xdf, 0xff, 0xf4, 0x8, 0xff, 0xff, 0xbd,
    0xff, 0xff, 0x40, 0x0, 0x8f, 0xff, 0xff, 0xff,
    0xf4, 0x0, 0x0, 0x8, 0xff, 0xff, 0xff, 0x40,
    0x0, 0x0, 0x1, 0xef, 0xff, 0xfc, 0x0, 0x0,
    0x0, 0x1d, 0xff, 0xff, 0xff, 0xb0, 0x0, 0x1,
    0xdf, 0xff, 0xff, 0xff, 0xfb, 0x0, 0x1d, 0xff,
    0xff, 0x48, 0xff, 0xff, 0xb0, 0xcf, 0xff, 0xf4,
    0x0, 0x8f, 0xff, 0xf9, 0xdf, 0xff, 0x40, 0x0,
    0x8, 0xff, 0xf9, 0x2e, 0xf4, 0x0, 0x0, 0x0,
    0x8f, 0xc0, 0x0, 0x10, 0x0, 0x0, 0x0, 0x1,
    0x0,

    /* U+F011 "" */
    0x0, 0x0, 0x0, 0x0, 0x26, 0x50, 0x0, 0x0,
    0x0, 0x0, 0x0, 0x0, 0x0, 0x0, 0xdf, 0xf3,
    0x0, 0x0, 0x0, 0x0, 0x0, 0x0, 0x64, 0x0,
    0xdf, 0xf4, 0x0, 0x72, 0x0, 0x0, 0x0, 0xb,
    0xfe, 0x10, 0xdf, 0xf4, 0x9, 0xfe, 0x30, 0x0,
    0x0, 0xaf, 0xff, 0x50, 0xdf, 0xf4, 0xe, 0xff,
    0xe1, 0x0, 0x5, 0xff, 0xfb, 0x0, 0xdf, 0xf4,
    0x5, 0xff, 0xfb, 0x0, 0xd, 0xff, 0xb0, 0x0,
    0xdf, 0xf4, 0x0, 0x5f, 0xff, 0x40, 0x4f, 0xff,
    0x20, 0x0, 0xdf, 0xf4, 0x0, 0xb, 0xff, 0xa0,
    0x8f, 0xfb, 0x0, 0x0, 0xdf, 0xf4, 0x0, 0x4,
    0xff, 0xf0, 0xbf, 0xf7, 0x0, 0x0, 0xdf, 0xf4,
    0x0, 0x1, 0xff, 0xf1, 0xbf, 0xf6, 0x0, 0x0,
    0xdf, 0xf4, 0x0, 0x0, 0xff, 0xf2, 0xbf, 0xf7,
    0x0, 0x0, 0x8d, 0xc1, 0x0, 0x0, 0xff, 0xf1,
    0x8f, 0xfa, 0x0, 0x0, 0x0, 0x0, 0x0, 0x4,
    0xff, 0xf0, 0x4f, 0xff, 0x10, 0x0, 0x0, 0x0,
    0x0, 0xa, 0xff, 0xb0, 0xe, 0xff, 0xb0, 0x0,
    0x0, 0x0, 0x0, 0x4f, 0xff, 0x50, 0x6, 0xff,
    0xf9, 0x0, 0x0, 0x0, 0x4, 0xff, 0xfc, 0x0,
    0x0, 0xaf, 0xff, 0xd5, 0x10, 0x3, 0x9f, 0xff,
    0xf2, 0x0, 0x0, 0xb, 0xff, 0xff, 0xff, 0xff,
    0xff, 0xff, 0x40, 0x0, 0x0, 0x0, 0x8f, 0xff,
    0xff, 0xff, 0xff, 0xd2, 0x0, 0x0, 0x0, 0x0,
    0x2, 0x9e, 0xff, 0xff, 0xb6, 0x0, 0x0, 0x0,
    0x0, 0x0, 0x0, 0x0, 0x12, 0x10, 0x0, 0x0,
    0x0, 0x0,

    /* U+F013 "" */
    0x0, 0x0, 0x0, 0x0, 0x2, 0x20, 0x0, 0x0,
    0x0, 0x0, 0x0, 0x0, 0x0, 0x6, 0xff, 0xff,
    0x60, 0x0, 0x0, 0x0, 0x0, 0x0, 0x0, 0x8,
    0xff, 0xff, 0x80, 0x0, 0x0, 0x0, 0x0, 0x1,
    0x0, 0x2b, 0xff, 0xff, 0xb2, 0x0, 0x10, 0x0,
    0x0, 0x8f, 0x87, 0xff, 0xff, 0xff, 0xff, 0x79,
    0xf8, 0x0, 0x4, 0xff, 0xff, 0xff, 0xff, 0xff,
    0xff, 0xff, 0xff, 0x40, 0xc, 0xff, 0xff, 0xff,
    0xff, 0xff, 0xff, 0xff, 0xff, 0xc0, 0x2f, 0xff,
    0xff, 0xff, 0xc7, 0x7c, 0xff, 0xff, 0xff, 0xf2,
    0x7, 0xff, 0xff, 0xfa, 0x0, 0x0, 0xaf, 0xff,
    0xff, 0x70, 0x0, 0x6f, 0xff, 0xf1, 0x0, 0x0,
    0x1f, 0xff, 0xf6, 0x0, 0x0, 0x7f, 0xff, 0xe0,
    0x0, 0x0, 0xe, 0xff, 0xf7, 0x0, 0x0, 0x6f,
    0xff, 0xf1, 0x0, 0x0, 0x1f, 0xff, 0xf6, 0x0,
    0x7, 0xff, 0xff, 0xfa, 0x0, 0x0, 0xaf, 0xff,
    0xff, 0x70, 0x2f, 0xff, 0xff, 0xff, 0xc7, 0x7c,
    0xff, 0xff, 0xff, 0xf2, 0xc, 0xff, 0xff, 0xff,
    0xff, 0xff, 0xff, 0xff, 0xff, 0xc0, 0x4, 0xff,
    0xff, 0xff, 0xff, 0xff, 0xff, 0xff, 0xff, 0x40,
    0x0, 0x8f, 0x97, 0xff, 0xff, 0xff, 0xff, 0x78,
    0xf8, 0x0, 0x0, 0x1, 0x0, 0x1b, 0xff, 0xff,
    0xb1, 0x0, 0x10, 0x0, 0x0, 0x0, 0x0, 0x8,
    0xff, 0xff, 0x80, 0x0, 0x0, 0x0, 0x0, 0x0,
    0x0, 0x6, 0xff, 0xff, 0x60, 0x0, 0x0, 0x0,
    0x0, 0x0, 0x0, 0x0, 0x2, 0x20, 0x0, 0x0,
    0x0, 0x0,

    /* U+F015 "" */
    0x0, 0x0, 0x0, 0x0, 0x0, 0x46, 0x10, 0x0,
    0x67, 0x60, 0x0, 0x0, 0x0, 0x0, 0x0, 0x0,
    0x9f, 0xfe, 0x20, 0xf, 0xff, 0x0, 0x0, 0x0,
    0x0, 0x0, 0x1, 0xbf, 0xff, 0xff, 0x51, 0xff,
    0xf1, 0x0, 0x0, 0x0, 0x0, 0x2, 0xdf, 0xfc,
    0x8f, 0xff, 0x8f, 0xff, 0x10, 0x0, 0x0, 0x0,
    0x4, 0xff, 0xfa, 0x0, 0x4e, 0xff, 0xff, 0xf1,
    0x0, 0x0, 0x0, 0x7, 0xff, 0xf7, 0x8, 0xd3,
    0x2d, 0xff, 0xff, 0x10, 0x0, 0x0, 0xa, 0xff,
    0xf5, 0x1b, 0xff, 0xf5, 0xb, 0xff, 0xf4, 0x0,
    0x0, 0x1c, 0xff, 0xe2, 0x2d, 0xff, 0xff, 0xf7,
    0x8, 0xff, 0xf6, 0x0, 0x3e, 0xff, 0xc1, 0x4e,
    0xff, 0xff, 0xff, 0xfa, 0x5, 0xff, 0xf9, 0xe,
    0xff, 0x90, 0x6f, 0xff, 0xff, 0xff, 0xff, 0xfc,
    0x13, 0xef, 0xf6, 0x4f, 0x70, 0x9f, 0xff, 0xff,
    0xff, 0xff, 0xff, 0xfe, 0x31, 0xcc, 0x0, 0x0,
    0x3f, 0xff, 0xff, 0xff, 0xff, 0xff, 0xff, 0xfb,
    0x0, 0x0, 0x0, 0x4, 0xff, 0xff, 0xff, 0xff,
    0xff, 0xff, 0xff, 0xc0, 0x0, 0x0, 0x0, 0x4f,
    0xff, 0xff, 0x80, 0x1, 0xef, 0xff, 0xfc, 0x0,
    0x0, 0x0, 0x4, 0xff, 0xff, 0xf6, 0x0, 0xe,
    0xff, 0xff, 0xc0, 0x0, 0x0, 0x0, 0x4f, 0xff,
    0xff, 0x60, 0x0, 0xef, 0xff, 0xfc, 0x0, 0x0,
    0x0, 0x4, 0xff, 0xff, 0xf6, 0x0, 0xe, 0xff,
    0xff, 0xc0, 0x0, 0x0, 0x0, 0x2f, 0xff, 0xff,
    0x40, 0x0, 0xcf, 0xff, 0xfa, 0x0, 0x0, 0x0,
    0x0, 0x0, 0x0, 0x0, 0x0, 0x0, 0x0, 0x0,
    0x0, 0x0, 0x0,

    /* U+F017 "" */
    0x0, 0x0, 0x0, 0x0, 0x0, 0x0, 0x0, 0x0,
    0x0, 0x0, 0x0, 0x0, 0x1, 0x7c, 0xef, 0xfd,
    0x94, 0x0, 0x0, 0x0, 0x0, 0x0, 0x7f, 0xff,
    0xff, 0xff, 0xff, 0xc2, 0x0, 0x0, 0x0, 0xb,
    0xff, 0xff, 0xff, 0xff, 0xff, 0xfe, 0x40, 0x0,
    0x0, 0xaf, 0xff, 0xff, 0xdb, 0xbf, 0xff, 0xff,
    0xf2, 0x0, 0x6, 0xff, 0xff, 0xff, 0x60, 0xe,
    0xff, 0xff, 0xfd, 0x0, 0xe, 0xff, 0xff, 0xff,
    0x60, 0xe, 0xff, 0xff, 0xff, 0x60, 0x6f, 0xff,
    0xff, 0xff, 0x60, 0xe, 0xff, 0xff, 0xff, 0xd0,
    0xaf, 0xff, 0xff, 0xff, 0x60, 0xe, 0xff, 0xff,
    0xff, 0xf1, 0xcf, 0xff, 0xff, 0xff, 0x60, 0xe,
    0xff, 0xff, 0xff, 0xf4, 0xef, 0xff, 0xff, 0xff,
    0x60, 0xc, 0xff, 0xff, 0xff, 0xf5, 0xdf, 0xff,
    0xff, 0xff, 0x60, 0x0, 0x9f, 0xff, 0xff, 0xf4,
    0xbf, 0xff, 0xff, 0xff, 0xd3, 0x0, 0x6, 0xff,
    0xff, 0xf2, 0x7f, 0xff, 0xff, 0xff, 0xff, 0x60,
    0xa, 0xff, 0xff, 0xe0, 0x2f, 0xff, 0xff, 0xff,
    0xff, 0xfa, 0x8f, 0xff, 0xff, 0x90, 0x9, 0xff,
    0xff, 0xff, 0xff, 0xff, 0xff, 0xff, 0xff, 0x10,
    0x1, 0xdf, 0xff, 0xff, 0xff, 0xff, 0xff, 0xff,
    0xf5, 0x0, 0x0, 0x2e, 0xff, 0xff, 0xff, 0xff,
    0xff, 0xff, 0x80, 0x0, 0x0, 0x1, 0xcf, 0xff,
    0xff, 0xff, 0xff, 0xf5, 0x0, 0x0, 0x0, 0x0,
    0x5, 0xcf, 0xff, 0xff, 0xe9, 0x10, 0x0, 0x0,
    0x0, 0x0, 0x0, 0x1, 0x34, 0x42, 0x0, 0x0,
    0x0, 0x0,

    /* U+F019 "" */
    0x0, 0x0, 0x0, 0x0, 0x56, 0x65, 0x0, 0x0,
    0x0, 0x0, 0x0, 0x0, 0x0, 0x7, 0xff, 0xff,
    0x70, 0x0, 0x0, 0x0, 0x0, 0x0, 0x0, 0x8,
    0xff, 0xff, 0x80, 0x0, 0x0, 0x0, 0x0, 0x0,
    0x0, 0x8, 0xff, 0xff, 0x80, 0x0, 0x0, 0x0,
    0x0, 0x0, 0x0, 0x8, 0xff, 0xff, 0x80, 0x0,
    0x0, 0x0, 0x0, 0x0, 0x0, 0x8, 0xff, 0xff,
    0x80, 0x0, 0x0, 0x0, 0x0, 0x0, 0x0, 0x8,
    0xff, 0xff, 0x80, 0x0, 0x0, 0x0, 0x0, 0x0,
    0x0, 0x8, 0xff, 0xff, 0x80, 0x0, 0x0, 0x0,
    0x0, 0x7, 0xee, 0xef, 0xff, 0xff, 0xfe, 0xee,
    0x70, 0x0, 0x0, 0x5, 0xff, 0xff, 0xff, 0xff,
    0xff, 0xff, 0x50, 0x0, 0x0, 0x0, 0x6f, 0xff,
    0xff, 0xff, 0xff, 0xf6, 0x0, 0x0, 0x0, 0x0,
    0x5, 0xff, 0xff, 0xff, 0xff, 0x50, 0x0, 0x0,
    0x0, 0x0, 0x0, 0x5f, 0xff, 0xff, 0xf5, 0x0,
    0x0, 0x0, 0x0, 0x0, 0x0, 0x5, 0xff, 0xff,
    0x50, 0x0, 0x0, 0x0, 0x7a, 0xaa, 0xaa, 0x91,
    0x4f, 0xf4, 0x19, 0xaa, 0xaa, 0xa7, 0xff, 0xff,
    0xff, 0xfd, 0x23, 0x32, 0xdf, 0xff, 0xff, 0xff,
    0xff, 0xff, 0xff, 0xff, 0xf9, 0x9f, 0xff, 0xff,
    0xff, 0xff, 0xff, 0xff, 0xff, 0xff, 0xff, 0xff,
    0xff, 0xff, 0xff, 0xff, 0xff, 0xff, 0xff, 0xff,
    0xff, 0xff, 0xfb, 0xf, 0x48, 0xff, 0xff, 0xff,
    0xff, 0xff, 0xff, 0xff, 0xff, 0xef, 0xef, 0xff,
    0x14, 0x44, 0x44, 0x44, 0x44, 0x44, 0x44, 0x44,
    0x44, 0x41,

    /* U+F01C "" */
    0x0, 0x0, 0x3d, 0xff, 0xff, 0xff, 0xff, 0xff,
    0xf9, 0x0, 0x0, 0x0, 0x0, 0x1e, 0xff, 0xff,
    0xff, 0xff, 0xff, 0xff, 0xf8, 0x0, 0x0, 0x0,
    0xa, 0xff, 0x98, 0x88, 0x88, 0x88, 0x88, 0xdf,
    0xf3, 0x0, 0x0, 0x5, 0xff, 0xa0, 0x0, 0x0,
    0x0, 0x0, 0x2, 0xff, 0xd0, 0x0, 0x1, 0xef,
    0xe1, 0x0, 0x0, 0x0, 0x0, 0x0, 0x8, 0xff,
    0x80, 0x0, 0xaf, 0xf5, 0x0, 0x0, 0x0, 0x0,
    0x0, 0x0, 0xd, 0xff, 0x30, 0x5f, 0xfa, 0x0,
    0x0, 0x0, 0x0, 0x0, 0x0, 0x0, 0x3f, 0xfd,
    0xd, 0xff, 0x98, 0x88, 0x70, 0x0, 0x0, 0x3,
    0x88, 0x88, 0xdf, 0xf5, 0xff, 0xff, 0xff, 0xff,
    0x40, 0x0, 0x0, 0xcf, 0xff, 0xff, 0xff, 0x7f,
    0xff, 0xff, 0xff, 0xfc, 0x0, 0x0, 0x5f, 0xff,
    0xff, 0xff, 0xf8, 0xff, 0xff, 0xff, 0xff, 0xff,
    0xff, 0xff, 0xff, 0xff, 0xff, 0xff, 0x8f, 0xff,
    0xff, 0xff, 0xff, 0xff, 0xff, 0xff, 0xff, 0xff,
    0xff, 0xf8, 0xff, 0xff, 0xff, 0xff, 0xff, 0xff,
    0xff, 0xff, 0xff, 0xff, 0xff, 0x8e, 0xff, 0xff,
    0xff, 0xff, 0xff, 0xff, 0xff, 0xff, 0xff, 0xff,
    0xf6, 0x5e, 0xff, 0xff, 0xff, 0xff, 0xff, 0xff,
    0xff, 0xff, 0xff, 0xfb, 0x0,

    /* U+F021 "" */
    0x0, 0x0, 0x0, 0x0, 0x1, 0x10, 0x0, 0x0,
    0x7, 0xba, 0x0, 0x0, 0x1, 0x7c, 0xff, 0xff,
    0xb5, 0x0, 0xb, 0xff, 0x0, 0x0, 0x7f, 0xff,
    0xff, 0xff, 0xff, 0xe5, 0xb, 0xff, 0x0, 0xa,
    0xff, 0xff, 0xdb, 0xbe, 0xff, 0xff, 0x9a, 0xff,
    0x0, 0x9f, 0xff, 0xa2, 0x0, 0x0, 0x3b, 0xff,
    0xff, 0xff, 0x5, 0xff, 0xf6, 0x0, 0x0, 0x0,
    0x0, 0x5f, 0xff, 0xff, 0xd, 0xff, 0x60, 0x0,
    0x0, 0x7, 0xba, 0x9c, 0xff, 0xff, 0x3f, 0xfc,
    0x0, 0x0, 0x0, 0xc, 0xff, 0xff, 0xff, 0xff,
    0x7f, 0xf6, 0x0, 0x0, 0x0, 0xb, 0xff, 0xff,
    0xff, 0xff, 0x0, 0x0, 0x0, 0x0, 0x0, 0x0,
    0x0, 0x0, 0x0, 0x0, 0x0, 0x0, 0x0, 0x0,
    0x0, 0x0, 0x0, 0x0, 0x0, 0x0, 0x0, 0x0,
    0x0, 0x0, 0x0, 0x0, 0x0, 0x0, 0x0, 0x0,
    0xff, 0xff, 0xff, 0xff, 0xb0, 0x0, 0x0, 0x0,
    0x6f, 0xf6, 0xff, 0xff, 0xff, 0xff, 0xc0, 0x0,
    0x0, 0x0, 0xcf, 0xf3, 0xff, 0xff, 0xc9, 0xaa,
    0x70, 0x0, 0x0, 0x7, 0xff, 0xd0, 0xff, 0xff,
    0xf5, 0x0, 0x0, 0x0, 0x0, 0x6f, 0xff, 0x50,
    0xff, 0xff, 0xff, 0xb3, 0x0, 0x0, 0x3b, 0xff,
    0xf9, 0x0, 0xff, 0xa9, 0xff, 0xff, 0xeb, 0xbd,
    0xff, 0xff, 0xa0, 0x0, 0xff, 0xb0, 0x5d, 0xff,
    0xff, 0xff, 0xff, 0xf7, 0x0, 0x0, 0xff, 0xb0,
    0x0, 0x5b, 0xff, 0xff, 0xc8, 0x10, 0x0, 0x0,
    0xab, 0x70, 0x0, 0x0, 0x1, 0x10, 0x0, 0x0,
    0x0, 0x0,

    /* U+F026 "" */
    0x0, 0x0, 0x0, 0x0, 0x1, 0x0, 0x0, 0x0,
    0x2, 0xee, 0x0, 0x0, 0x0, 0x2e, 0xff, 0x0,
    0x0, 0x2, 0xef, 0xff, 0x47, 0x77, 0x7e, 0xff,
    0xff, 0xff, 0xff, 0xff, 0xff, 0xff, 0xff, 0xff,
    0xff, 0xff, 0xff, 0xff, 0xff, 0xff, 0xff, 0xff,
    0xff, 0xff, 0xff, 0xff, 0xff, 0xff, 0xff, 0xff,
    0xff, 0xff, 0xff, 0xff, 0xff, 0xff, 0xff, 0xdf,
    0xff, 0xff, 0xff, 0xff, 0x0, 0x0, 0x9, 0xff,
    0xff, 0x0, 0x0, 0x0, 0x9f, 0xff, 0x0, 0x0,
    0x0, 0x9, 0xff, 0x0, 0x0, 0x0, 0x0, 0x89,

    /* U+F027 "" */
    0x0, 0x0, 0x0, 0x0, 0x89, 0x0, 0x0, 0x0,
    0x0, 0x0, 0x0, 0x9f, 0xf0, 0x0, 0x0, 0x0,
    0x0, 0x0, 0x9f, 0xff, 0x0, 0x0, 0x0, 0x0,
    0x0, 0x9f, 0xff, 0xf0, 0x0, 0x0, 0xdf, 0xff,
    0xff, 0xff, 0xff, 0x0, 0x73, 0xf, 0xff, 0xff,
    0xff, 0xff, 0xf0, 0x1f, 0xf4, 0xff, 0xff, 0xff,
    0xff, 0xff, 0x0, 0x5f, 0xcf, 0xff, 0xff, 0xff,
    0xff, 0xf0, 0x0, 0xff, 0xff, 0xff, 0xff, 0xff,
    0xff, 0x0, 0x4f, 0xdf, 0xff, 0xff, 0xff, 0xff,
    0xf0, 0x1f, 0xf5, 0xff, 0xff, 0xff, 0xff, 0xff,
    0x0, 0x85, 0x4, 0x77, 0x77, 0xef, 0xff, 0xf0,
    0x0, 0x0, 0x0, 0x0, 0x2, 0xef, 0xff, 0x0,
    0x0, 0x0, 0x0, 0x0, 0x2, 0xef, 0xf0, 0x0,
    0x0, 0x0, 0x0, 0x0, 0x2, 0xee, 0x0, 0x0,
    0x0, 0x0, 0x0, 0x0, 0x1, 0x10, 0x0, 0x0,

    /* U+F028 "" */
    0x0, 0x0, 0x0, 0x0, 0x0, 0x0, 0x0, 0x0,
    0x7b, 0x20, 0x0, 0x0, 0x0, 0x0, 0x0, 0x0,
    0x10, 0x0, 0x0, 0x9, 0xfe, 0x30, 0x0, 0x0,
    0x0, 0x0, 0x2, 0xee, 0x0, 0x0, 0x0, 0x9,
    0xff, 0x20, 0x0, 0x0, 0x0, 0x2, 0xef, 0xf0,
    0x0, 0x8, 0x70, 0x8, 0xfd, 0x0, 0x0, 0x0,
    0x2, 0xef, 0xff, 0x0, 0x0, 0xef, 0xb0, 0xc,
    0xf6, 0x4, 0x77, 0x77, 0xef, 0xff, 0xf0, 0x0,
    0x2, 0xdf, 0x80, 0x3f, 0xd0, 0xff, 0xff, 0xff,
    0xff, 0xff, 0x0, 0x74, 0x1, 0xff, 0x10, 0xcf,
    0x3f, 0xff, 0xff, 0xff, 0xff, 0xf0, 0x1f, 0xf4,
    0x8, 0xf7, 0x7, 0xf6, 0xff, 0xff, 0xff, 0xff,
    0xff, 0x0, 0x5f, 0xc0, 0x3f, 0xa0, 0x4f, 0x9f,
    0xff, 0xff, 0xff, 0xff, 0xf0, 0x0, 0xff, 0x2,
    0xfb, 0x4, 0xf9, 0xff, 0xff, 0xff, 0xff, 0xff,
    0x0, 0x5f, 0xc0, 0x3f, 0xa0, 0x5f, 0x9f, 0xff,
    0xff, 0xff, 0xff, 0xf0, 0x1f, 0xf4, 0x8, 0xf7,
    0x7, 0xf6, 0xdf, 0xff, 0xff, 0xff, 0xff, 0x0,
    0x74, 0x2, 0xff, 0x10, 0xcf, 0x30, 0x0, 0x0,
    0x9f, 0xff, 0xf0, 0x0, 0x2, 0xef, 0x80, 0x3f,
    0xd0, 0x0, 0x0, 0x0, 0x9f, 0xff, 0x0, 0x0,
    0xef, 0xb0, 0xc, 0xf6, 0x0, 0x0, 0x0, 0x0,
    0x9f, 0xf0, 0x0, 0x8, 0x70, 0x8, 0xfd, 0x0,
    0x0, 0x0, 0x0, 0x0, 0x89, 0x0, 0x0, 0x0,
    0x8, 0xff, 0x20, 0x0, 0x0, 0x0, 0x0, 0x0,
    0x0, 0x0, 0x0, 0x9, 0xff, 0x30, 0x0, 0x0,
    0x0, 0x0, 0x0, 0x0, 0x0, 0x0, 0x0, 0x7b,
    0x20, 0x0, 0x0,

    /* U+F030 "" */
    0x0, 0x0, 0x0, 0x3, 0x44, 0x44, 0x30, 0x0,
    0x0, 0x0, 0x0, 0x0, 0x1, 0xdf, 0xff, 0xff,
    0xfd, 0x0, 0x0, 0x0, 0x0, 0x0, 0x7, 0xff,
    0xff, 0xff, 0xff, 0x70, 0x0, 0x0, 0x4d, 0xff,
    0xff, 0xff, 0xff, 0xff, 0xff, 0xff, 0xff, 0xd4,
    0xef, 0xff, 0xff, 0xff, 0xff, 0xff, 0xff, 0xff,
    0xff, 0xfe, 0xff, 0xff, 0xff, 0xff, 0xff, 0xff,
    0xff, 0xff, 0xff, 0xff, 0xff, 0xff, 0xff, 0xfc,
    0x51, 0x15, 0xcf, 0xff, 0xff, 0xff, 0xff, 0xff,
    0xff, 0x90, 0x4a, 0xb7, 0x9, 0xff, 0xff, 0xff,
    0xff, 0xff, 0xfd, 0x6, 0xff, 0xff, 0xc0, 0xdf,
    0xff, 0xff, 0xff, 0xff, 0xf7, 0xf, 0xff, 0xff,
    0xf6, 0x7f, 0xff, 0xff, 0xff, 0xff, 0xf5, 0x3f,
    0xff, 0xff, 0xf9, 0x5f, 0xff, 0xff, 0xff, 0xff,
    0xf6, 0x1f, 0xff, 0xff, 0xf8, 0x6f, 0xff, 0xff,
    0xff, 0xff, 0xfb, 0xb, 0xff, 0xff, 0xf2, 0xbf,
    0xff, 0xff, 0xff, 0xff, 0xff, 0x50, 0xaf, 0xfd,
    0x35, 0xff, 0xff, 0xff, 0xff, 0xff, 0xff, 0xf7,
    0x0, 0x10, 0x7f, 0xff, 0xff, 0xff, 0xff, 0xff,
    0xff, 0xff, 0xfc, 0xcf, 0xff, 0xff, 0xff, 0xff,
    0xef, 0xff, 0xff, 0xff, 0xff, 0xff, 0xff, 0xff,
    0xff, 0xfe, 0x6f, 0xff, 0xff, 0xff, 0xff, 0xff,
    0xff, 0xff, 0xff, 0xf6, 0x0, 0x0, 0x0, 0x0,
    0x0, 0x0, 0x0, 0x0, 0x0, 0x0,

    /* U+F03E "" */
    0x5e, 0xff, 0xff, 0xff, 0xff, 0xff, 0xff, 0xff,
    0xff, 0xe5, 0xef, 0xff, 0xff, 0xff, 0xff, 0xff,
    0xff, 0xff, 0xff, 0xfe, 0xff, 0xf6, 0x38, 0xff,
    0xff, 0xff, 0xff, 0xff, 0xff, 0xff, 0xff, 0x60,
    0x0, 0xaf, 0xff, 0xff, 0xff, 0xff, 0xff, 0xff,
    0xff, 0x30, 0x0, 0x7f, 0xff, 0xff, 0xfb, 0xef,
    0xff, 0xff, 0xff, 0x80, 0x0, 0xcf, 0xff, 0xff,
    0x90, 0x3e, 0xff, 0xff, 0xff, 0xfa, 0x7c, 0xff,
    0xff, 0xf9, 0x0, 0x3, 0xef, 0xff, 0xff, 0xff,
    0xfc, 0xff, 0xff, 0x90, 0x0, 0x0, 0x3e, 0xff,
    0xff, 0xff, 0x90, 0x6f, 0xf9, 0x0, 0x0, 0x0,
    0x8, 0xff, 0xff, 0xf9, 0x0, 0x6, 0x90, 0x0,
    0x0, 0x0, 0x8, 0xff, 0xff, 0xb0, 0x0, 0x0,
    0x0, 0x0, 0x0, 0x0, 0x8, 0xff, 0xff, 0x80,
    0x0, 0x0, 0x0, 0x0, 0x0, 0x0, 0x8, 0xff,
    0xff, 0xc8, 0x88, 0x88, 0x88, 0x88, 0x88, 0x88,
    0x8c, 0xff, 0xef, 0xff, 0xff, 0xff, 0xff, 0xff,
    0xff, 0xff, 0xff, 0xfe, 0x5e, 0xff, 0xff, 0xff,
    0xff, 0xff, 0xff, 0xff, 0xff, 0xe5,

    /* U+F043 "" */
    0x0, 0x0, 0x0, 0x42, 0x0, 0x0, 0x0, 0x0,
    0x0, 0x3, 0xff, 0x10, 0x0, 0x0, 0x0, 0x0,
    0xa, 0xff, 0x60, 0x0, 0x0, 0x0, 0x0, 0x1f,
    0xff, 0xc0, 0x0, 0x0, 0x0, 0x0, 0x8f, 0xff,
    0xf4, 0x0, 0x0, 0x0, 0x1, 0xff, 0xff, 0xfc,
    0x0, 0x0, 0x0, 0xa, 0xff, 0xff, 0xff, 0x60,
    0x0, 0x0, 0x4f, 0xff, 0xff, 0xff, 0xf2, 0x0,
    0x1, 0xef, 0xff, 0xff, 0xff, 0xfc, 0x0, 0xb,
    0xff, 0xff, 0xff, 0xff, 0xff, 0x70, 0x3f, 0xff,
    0xff, 0xff, 0xff, 0xff, 0xf1, 0xaf, 0xff, 0xff,
    0xff, 0xff, 0xff, 0xf6, 0xef, 0xff, 0xff, 0xff,
    0xff, 0xff, 0xfa, 0xff, 0xa6, 0xff, 0xff, 0xff,
    0xff, 0xfb, 0xef, 0x91, 0xff, 0xff, 0xff, 0xff,
    0xfa, 0xbf, 0xe0, 0x9f, 0xff, 0xff, 0xff, 0xf7,
    0x5f, 0xf9, 0x7, 0xcf, 0xff, 0xff, 0xf2, 0xc,
    0xff, 0xb3, 0x9, 0xff, 0xff, 0x80, 0x1, 0xdf,
    0xff, 0xff, 0xff, 0xfa, 0x0, 0x0, 0x9, 0xff,
    0xff, 0xff, 0x70, 0x0, 0x0, 0x0, 0x15, 0x77,
    0x40, 0x0, 0x0,

    /* U+F048 "" */
    0x47, 0x60, 0x0, 0x0, 0x0, 0x16, 0x1b, 0xff,
    0x10, 0x0, 0x0, 0x2d, 0xfb, 0xbf, 0xf1, 0x0,
    0x0, 0x2e, 0xff, 0xcb, 0xff, 0x10, 0x0, 0x3e,
    0xff, 0xfc, 0xbf, 0xf1, 0x0, 0x4f, 0xff, 0xff,
    0xcb, 0xff, 0x10, 0x5f, 0xff, 0xff, 0xfc, 0xbf,
    0xf1, 0x6f, 0xff, 0xff, 0xff, 0xcb, 0xff, 0x9f,
    0xff, 0xff, 0xff, 0xfc, 0xbf, 0xff, 0xff, 0xff,
    0xff, 0xff, 0xcb, 0xff, 0xff, 0xff, 0xff, 0xff,
    0xfc, 0xbf, 0xff, 0xff, 0xff, 0xff, 0xff, 0xcb,
    0xff, 0x4e, 0xff, 0xff, 0xff, 0xfc, 0xbf, 0xf1,
    0x2d, 0xff, 0xff, 0xff, 0xcb, 0xff, 0x10, 0x1c,
    0xff, 0xff, 0xfc, 0xbf, 0xf1, 0x0, 0xc, 0xff,
    0xff, 0xcb, 0xff, 0x10, 0x0, 0xb, 0xff, 0xfc,
    0xbf, 0xf1, 0x0, 0x0, 0xa, 0xff, 0xca, 0xff,
    0x10, 0x0, 0x0, 0x8, 0xf7, 0x0, 0x0, 0x0,
    0x0, 0x0, 0x0, 0x0,

    /* U+F04B "" */
    0x6, 0x50, 0x0, 0x0, 0x0, 0x0, 0x0, 0x0,
    0x0, 0xbf, 0xfd, 0x30, 0x0, 0x0, 0x0, 0x0,
    0x0, 0x0, 0xff, 0xff, 0xfa, 0x10, 0x0, 0x0,
    0x0, 0x0, 0x0, 0xff, 0xff, 0xff, 0xf7, 0x0,
    0x0, 0x0, 0x0, 0x0, 0xff, 0xff, 0xff, 0xff,
    0xd4, 0x0, 0x0, 0x0, 0x0, 0xff, 0xff, 0xff,
    0xff, 0xff, 0xb2, 0x0, 0x0, 0x0, 0xff, 0xff,
    0xff, 0xff, 0xff, 0xff, 0x80, 0x0, 0x0, 0xff,
    0xff, 0xff, 0xff, 0xff, 0xff, 0xfe, 0x50, 0x0,
    0xff, 0xff, 0xff, 0xff, 0xff, 0xff, 0xff, 0xfb,
    0x20, 0xff, 0xff, 0xff, 0xff, 0xff, 0xff, 0xff,
    0xff, 0xf2, 0xff, 0xff, 0xff, 0xff, 0xff, 0xff,
    0xff, 0xff, 0xf6, 0xff, 0xff, 0xff, 0xff, 0xff,
    0xff, 0xff, 0xff, 0xf2, 0xff, 0xff, 0xff, 0xff,
    0xff, 0xff, 0xff, 0xfb, 0x20, 0xff, 0xff, 0xff,
    0xff, 0xff, 0xff, 0xfd, 0x50, 0x0, 0xff, 0xff,
    0xff, 0xff, 0xff, 0xff, 0x80, 0x0, 0x0, 0xff,
    0xff, 0xff, 0xff, 0xff, 0xa2, 0x0, 0x0, 0x0,
    0xff, 0xff, 0xff, 0xff, 0xd4, 0x0, 0x0, 0x0,
    0x0, 0xff, 0xff, 0xff, 0xf7, 0x0, 0x0, 0x0,
    0x0, 0x0, 0xff, 0xff, 0xfa, 0x10, 0x0, 0x0,
    0x0, 0x0, 0x0, 0xbf, 0xfd, 0x30, 0x0, 0x0,
    0x0, 0x0, 0x0, 0x0, 0x6, 0x50, 0x0, 0x0,
    0x0, 0x0, 0x0, 0x0, 0x0,

    /* U+F04C "" */
    0x6, 0x77, 0x77, 0x30, 0x0, 0x6, 0x77, 0x77,
    0x30, 0xbf, 0xff, 0xff, 0xf3, 0x0, 0xbf, 0xff,
    0xff, 0xf3, 0xff, 0xff, 0xff, 0xf7, 0x0, 0xff,
    0xff, 0xff, 0xf7, 0xff, 0xff, 0xff, 0xf8, 0x0,
    0xff, 0xff, 0xff, 0xf8, 0xff, 0xff, 0xff, 0xf8,
    0x0, 0xff, 0xff, 0xff, 0xf8, 0xff, 0xff, 0xff,
    0xf8, 0x0, 0xff, 0xff, 0xff, 0xf8, 0xff, 0xff,
    0xff, 0xf8, 0x0, 0xff, 0xff, 0xff, 0xf8, 0xff,
    0xff, 0xff, 0xf8, 0x0, 0xff, 0xff, 0xff, 0xf8,
    0xff, 0xff, 0xff, 0xf8, 0x0, 0xff, 0xff, 0xff,
    0xf8, 0xff, 0xff, 0xff, 0xf8, 0x0, 0xff, 0xff,
    0xff, 0xf8, 0xff, 0xff, 0xff, 0xf8, 0x0, 0xff,
    0xff, 0xff, 0xf8, 0xff, 0xff, 0xff, 0xf8, 0x0,
    0xff, 0xff, 0xff, 0xf8, 0xff, 0xff, 0xff, 0xf8,
    0x0, 0xff, 0xff, 0xff, 0xf8, 0xff, 0xff, 0xff,
    0xf8, 0x0, 0xff, 0xff, 0xff, 0xf8, 0xff, 0xff,
    0xff, 0xf8, 0x0, 0xff, 0xff, 0xff, 0xf8, 0xff,
    0xff, 0xff, 0xf8, 0x0, 0xff, 0xff, 0xff, 0xf8,
    0xef, 0xff, 0xff, 0xf6, 0x0, 0xef, 0xff, 0xff,
    0xf6, 0x6f, 0xff, 0xff, 0xc1, 0x0, 0x6f, 0xff,
    0xff, 0xc1, 0x0, 0x0, 0x0, 0x0, 0x0, 0x0,
    0x0, 0x0, 0x0,

    /* U+F04D "" */
    0x5, 0x77, 0x77, 0x77, 0x77, 0x77, 0x77, 0x77,
    0x30, 0xbf, 0xff, 0xff, 0xff, 0xff, 0xff, 0xff,
    0xff, 0xf3, 0xff, 0xff, 0xff, 0xff, 0xff, 0xff,
    0xff, 0xff, 0xf7, 0xff, 0xff, 0xff, 0xff, 0xff,
    0xff, 0xff, 0xff, 0xf8, 0xff, 0xff, 0xff, 0xff,
    0xff, 0xff, 0xff, 0xff, 0xf8, 0xff, 0xff, 0xff,
    0xff, 0xff, 0xff, 0xff, 0xff, 0xf8, 0xff, 0xff,
    0xff, 0xff, 0xff, 0xff, 0xff, 0xff, 0xf8, 0xff,
    0xff, 0xff, 0xff, 0xff, 0xff, 0xff, 0xff, 0xf8,
    0xff, 0xff, 0xff, 0xff, 0xff, 0xff, 0xff, 0xff,
    0xf8, 0xff, 0xff, 0xff, 0xff, 0xff, 0xff, 0xff,
    0xff, 0xf8, 0xff, 0xff, 0xff, 0xff, 0xff, 0xff,
    0xff, 0xff, 0xf8, 0xff, 0xff, 0xff, 0xff, 0xff,
    0xff, 0xff, 0xff, 0xf8, 0xff, 0xff, 0xff, 0xff,
    0xff, 0xff, 0xff, 0xff, 0xf8, 0xff, 0xff, 0xff,
    0xff, 0xff, 0xff, 0xff, 0xff, 0xf8, 0xff, 0xff,
    0xff, 0xff, 0xff, 0xff, 0xff, 0xff, 0xf8, 0xff,
    0xff, 0xff, 0xff, 0xff, 0xff, 0xff, 0xff, 0xf8,
    0xef, 0xff, 0xff, 0xff, 0xff, 0xff, 0xff, 0xff,
    0xf6, 0x6f, 0xff, 0xff, 0xff, 0xff, 0xff, 0xff,
    0xff, 0xc1, 0x0, 0x0, 0x0, 0x0, 0x0, 0x0,
    0x0, 0x0, 0x0,

    /* U+F051 "" */
    0x5, 0x20, 0x0, 0x0, 0x0, 0x57, 0x66, 0xff,
    0x40, 0x0, 0x0, 0xc, 0xff, 0x8f, 0xff, 0x60,
    0x0, 0x0, 0xdf, 0xf8, 0xff, 0xff, 0x70, 0x0,
    0xd, 0xff, 0x8f, 0xff, 0xff, 0x80, 0x0, 0xdf,
    0xf8, 0xff, 0xff, 0xff, 0x90, 0xd, 0xff, 0x8f,
    0xff, 0xff, 0xff, 0xb0, 0xdf, 0xf8, 0xff, 0xff,
    0xff, 0xff, 0xcd, 0xff, 0x8f, 0xff, 0xff, 0xff,
    0xff, 0xff, 0xf8, 0xff, 0xff, 0xff, 0xff, 0xff,
    0xff, 0x8f, 0xff, 0xff, 0xff, 0xff, 0xff, 0xf8,
    0xff, 0xff, 0xff, 0xff, 0x5d, 0xff, 0x8f, 0xff,
    0xff, 0xff, 0x40, 0xdf, 0xf8, 0xff, 0xff, 0xfe,
    0x30, 0xd, 0xff, 0x8f, 0xff, 0xfe, 0x20, 0x0,
    0xdf, 0xf8, 0xff, 0xfd, 0x20, 0x0, 0xd, 0xff,
    0x7f, 0xfd, 0x10, 0x0, 0x0, 0xdf, 0xf3, 0xfb,
    0x10, 0x0, 0x0, 0xc, 0xff, 0x0, 0x0, 0x0,
    0x0, 0x0, 0x0, 0x0,

    /* U+F052 "" */
    0x0, 0x0, 0x0, 0x0, 0x2, 0x10, 0x0, 0x0,
    0x0, 0x0, 0x0, 0x0, 0x0, 0xa, 0xff, 0x40,
    0x0, 0x0, 0x0, 0x0, 0x0, 0x0, 0xa, 0xff,
    0xff, 0x30, 0x0, 0x0, 0x0, 0x0, 0x0, 0x8,
    0xff, 0xff, 0xfe, 0x20, 0x0, 0x0, 0x0, 0x0,
    0x7, 0xff, 0xff, 0xff, 0xfe, 0x10, 0x0, 0x0,
    0x0, 0x6, 0xff, 0xff, 0xff, 0xff, 0xfd, 0x10,
    0x0, 0x0, 0x5, 0xff, 0xff, 0xff, 0xff, 0xff,
    0xfc, 0x0, 0x0, 0x4, 0xff, 0xff, 0xff, 0xff,
    0xff, 0xff, 0xfb, 0x0, 0x3, 0xff, 0xff, 0xff,
    0xff, 0xff, 0xff, 0xff, 0xfa, 0x0, 0xdf, 0xff,
    0xff, 0xff, 0xff, 0xff, 0xff, 0xff, 0xf5, 0xe,
    0xff, 0xff, 0xff, 0xff, 0xff, 0xff, 0xff, 0xff,
    0x60, 0x5f, 0xff, 0xff, 0xff, 0xff, 0xff, 0xff,
    0xff, 0xc0, 0x0, 0x0, 0x0, 0x0, 0x0, 0x0,
    0x0, 0x0, 0x0, 0x0, 0x9f, 0xff, 0xff, 0xff,
    0xff, 0xff, 0xff, 0xff, 0xe2, 0xf, 0xff, 0xff,
    0xff, 0xff, 0xff, 0xff, 0xff, 0xff, 0x70, 0xff,
    0xff, 0xff, 0xff, 0xff, 0xff, 0xff, 0xff, 0xf8,
    0xf, 0xff, 0xff, 0xff, 0xff, 0xff, 0xff, 0xff,
    0xff, 0x70, 0xbf, 0xff, 0xff, 0xff, 0xff, 0xff,
    0xff, 0xff, 0xf3, 0x0, 0x0, 0x0, 0x0, 0x0,
    0x0, 0x0, 0x0, 0x0, 0x0,

    /* U+F053 "" */
    0x0, 0x0, 0x0, 0x0, 0x0, 0x0, 0x0, 0x0,
    0x0, 0x5f, 0x80, 0x0, 0x0, 0x0, 0x5f, 0xff,
    0x40, 0x0, 0x0, 0x5f, 0xff, 0xe2, 0x0, 0x0,
    0x5f, 0xff, 0xe2, 0x0, 0x0, 0x5f, 0xff, 0xe3,
    0x0, 0x0, 0x5f, 0xff, 0xe3, 0x0, 0x0, 0x5f,
    0xff, 0xe3, 0x0, 0x0, 0x5f, 0xff, 0xe3, 0x0,
    0x0, 0xd, 0xff, 0xf5, 0x0, 0x0, 0x0, 0x4f,
    0xff, 0xe3, 0x0, 0x0, 0x0, 0x4f, 0xff, 0xe3,
    0x0, 0x0, 0x0, 0x4f, 0xff, 0xe3, 0x0, 0x0,
    0x0, 0x4f, 0xff, 0xe3, 0x0, 0x0, 0x0, 0x5f,
    0xff, 0xe3, 0x0, 0x0, 0x0, 0x5f, 0xff, 0xe2,
    0x0, 0x0, 0x0, 0x5f, 0xff, 0x40, 0x0, 0x0,
    0x0, 0x5f, 0x80, 0x0, 0x0, 0x0, 0x0, 0x0,
    0x0,

    /* U+F054 "" */
    0x0, 0x0, 0x0, 0x0, 0x0, 0x2, 0xdb, 0x0,
    0x0, 0x0, 0x0, 0xcf, 0xfc, 0x0, 0x0, 0x0,
    0x9, 0xff, 0xfc, 0x0, 0x0, 0x0, 0x9, 0xff,
    0xfc, 0x0, 0x0, 0x0, 0x9, 0xff, 0xfc, 0x0,
    0x0, 0x0, 0x9, 0xff, 0xfc, 0x0, 0x0, 0x0,
    0x9, 0xff, 0xfc, 0x0, 0x0, 0x0, 0x9, 0xff,
    0xfc, 0x0, 0x0, 0x0, 0xd, 0xff, 0xf6, 0x0,
    0x0, 0x9, 0xff, 0xfc, 0x0, 0x0, 0x9, 0xff,
    0xfc, 0x0, 0x0, 0x9, 0xff, 0xfc, 0x0, 0x0,
    0x9, 0xff, 0xfc, 0x0, 0x0, 0x9, 0xff, 0xfc,
    0x0, 0x0, 0x9, 0xff, 0xfc, 0x0, 0x0, 0x0,
    0xcf, 0xfc, 0x0, 0x0, 0x0, 0x2, 0xdb, 0x0,
    0x0, 0x0, 0x0, 0x0, 0x0, 0x0, 0x0, 0x0,
    0x0,

    /* U+F067 "" */
    0x0, 0x0, 0x0, 0x2, 0x55, 0x0, 0x0, 0x0,
    0x0, 0x0, 0x0, 0x0, 0xf, 0xff, 0x80, 0x0,
    0x0, 0x0, 0x0, 0x0, 0x0, 0x2f, 0xff, 0xa0,
    0x0, 0x0, 0x0, 0x0, 0x0, 0x0, 0x2f, 0xff,
    0xa0, 0x0, 0x0, 0x0, 0x0, 0x0, 0x0, 0x2f,
    0xff, 0xa0, 0x0, 0x0, 0x0, 0x0, 0x0, 0x0,
    0x2f, 0xff, 0xa0, 0x0, 0x0, 0x0, 0x0, 0x0,
    0x0, 0x2f, 0xff, 0xa0, 0x0, 0x0, 0x0, 0x37,
    0x77, 0x77, 0x8f, 0xff, 0xc7, 0x77, 0x77, 0x60,
    0xef, 0xff, 0xff, 0xff, 0xff, 0xff, 0xff, 0xff,
    0xf6, 0xff, 0xff, 0xff, 0xff, 0xff, 0xff, 0xff,
    0xff, 0xf8, 0xdf, 0xff, 0xff, 0xff, 0xff, 0xff,
    0xff, 0xff, 0xf5, 0x14, 0x44, 0x44, 0x5f, 0xff,
    0xb4, 0x44, 0x44, 0x30, 0x0, 0x0, 0x0, 0x2f,
    0xff, 0xa0, 0x0, 0x0, 0x0, 0x0, 0x0, 0x0,
    0x2f, 0xff, 0xa0, 0x0, 0x0, 0x0, 0x0, 0x0,
    0x0, 0x2f, 0xff, 0xa0, 0x0, 0x0, 0x0, 0x0,
    0x0, 0x0, 0x2f, 0xff, 0xa0, 0x0, 0x0, 0x0,
    0x0, 0x0, 0x0, 0x1f, 0xff, 0x90, 0x0, 0x0,
    0x0, 0x0, 0x0, 0x0, 0xd, 0xff, 0x60, 0x0,
    0x0, 0x0, 0x0, 0x0, 0x0, 0x0, 0x21, 0x0,
    0x0, 0x0, 0x0,

    /* U+F068 "" */
    0x49, 0x99, 0x99, 0x99, 0x99, 0x99, 0x99, 0x99,
    0x80, 0xff, 0xff, 0xff, 0xff, 0xff, 0xff, 0xff,
    0xff, 0xf7, 0xff, 0xff, 0xff, 0xff, 0xff, 0xff,
    0xff, 0xff, 0xf7, 0xcf, 0xff, 0xff, 0xff, 0xff,
    0xff, 0xff, 0xff, 0xf4, 0x2, 0x22, 0x22, 0x22,
    0x22, 0x22, 0x22, 0x22, 0x10,

    /* U+F06B "" */
    0x0, 0x0, 0x1, 0x10, 0x0, 0x0, 0x0, 0x10,
    0x0, 0x0, 0x0, 0x1, 0xcf, 0xfc, 0x20, 0x2,
    0xcf, 0xfc, 0x20, 0x0, 0x0, 0xd, 0xfe, 0xdf,
    0xf3, 0x2e, 0xfd, 0xdf, 0xe0, 0x0, 0x0, 0x4f,
    0xc0, 0x7, 0xfe, 0xdf, 0x80, 0xa, 0xf5, 0x0,
    0x0, 0x6f, 0x80, 0x0, 0x9f, 0xfb, 0x0, 0x6,
    0xf7, 0x0, 0x0, 0x3f, 0xd3, 0x0, 0x1e, 0xe2,
    0x0, 0x2d, 0xf5, 0x0, 0xaf, 0xff, 0xff, 0xff,
    0xff, 0xff, 0xff, 0xff, 0xff, 0xfa, 0xff, 0xff,
    0xff, 0xff, 0xff, 0xff, 0xff, 0xff, 0xff, 0xff,
    0xff, 0xff, 0xff, 0xff, 0xff, 0xff, 0xff, 0xff,
    0xff, 0xff, 0xff, 0xff, 0xff, 0xff, 0xff, 0xff,
    0xff, 0xff, 0xff, 0xff, 0xdf, 0xff, 0xff, 0xff,
    0xff, 0xff, 0xff, 0xff, 0xff, 0xfd, 0x0, 0x0,
    0x0, 0x0, 0x0, 0x0, 0x0, 0x0, 0x0, 0x0,
    0xc, 0xff, 0xff, 0xff, 0xc0, 0xc, 0xff, 0xff,
    0xff, 0xc0, 0xc, 0xff, 0xff, 0xff, 0xc0, 0xc,
    0xff, 0xff, 0xff, 0xc0, 0xc, 0xff, 0xff, 0xff,
    0xc0, 0xc, 0xff, 0xff, 0xff, 0xc0, 0xc, 0xff,
    0xff, 0xff, 0xc0, 0xc, 0xff, 0xff, 0xff, 0xc0,
    0xc, 0xff, 0xff, 0xff, 0xc0, 0xc, 0xff, 0xff,
    0xff, 0xc0, 0x9, 0xff, 0xff, 0xff, 0xc0, 0xc,
    0xff, 0xff, 0xff, 0x90, 0x0, 0x34, 0x44, 0x44,
    0x30, 0x3, 0x44, 0x44, 0x43, 0x0,

    /* U+F06D "" */
    0x0, 0x0, 0x0, 0x18, 0x10, 0x0, 0x0, 0x0,
    0x0, 0x0, 0xb, 0xf7, 0x0, 0x0, 0x0, 0x0,
    0x0, 0x4, 0xff, 0xb0, 0x0, 0x0, 0x0, 0x0,
    0x0, 0xbf, 0xff, 0x30, 0x0, 0x0, 0x0, 0x0,
    0xf, 0xff, 0xfe, 0x20, 0x0, 0x0, 0x0, 0x0,
    0xff, 0xff, 0xfe, 0x20, 0x0, 0x0, 0x0, 0xa,
    0xff, 0xff, 0xfe, 0x20, 0x0, 0x8, 0x40, 0x2f,
    0xff, 0xff, 0xfe, 0x10, 0x8, 0xfb, 0x0, 0x4f,
    0xff, 0xff, 0xfb, 0x2, 0xff, 0xc0, 0x0, 0x4f,
    0xff, 0xff, 0xf4, 0x9f, 0xfc, 0x0, 0x0, 0x9f,
    0xff, 0xff, 0x9d, 0xff, 0xc0, 0x0, 0x4, 0xff,
    0xff, 0xfd, 0xff, 0xfe, 0x0, 0x0, 0x7f, 0xff,
    0xff, 0xff, 0xff, 0xfa, 0x0, 0x4f, 0xff, 0xff,
    0xff, 0xdf, 0xff, 0xff, 0xef, 0xff, 0xff, 0xff,
    0xc8, 0xff, 0xff, 0xff, 0xff, 0xff, 0xff, 0xf8,
    0x1f, 0xff, 0xff, 0xff, 0xff, 0xff, 0xff, 0x10,
    0x5f, 0xff, 0xff, 0xff, 0xff, 0xff, 0x50, 0x0,
    0x6f, 0xff, 0xff, 0xff, 0xff, 0x60, 0x0, 0x0,
    0x3c, 0xff, 0xff, 0xfc, 0x30, 0x0, 0x0, 0x0,
    0x1, 0x45, 0x41, 0x0, 0x0, 0x0,

    /* U+F06E "" */
    0x0, 0x0, 0x0, 0x6, 0xad, 0xff, 0xec, 0x83,
    0x0, 0x0, 0x0, 0x0, 0x0, 0x0, 0x8f, 0xff,
    0xff, 0xef, 0xff, 0xfc, 0x40, 0x0, 0x0, 0x0,
    0x3, 0xdf, 0xff, 0x92, 0x0, 0x5, 0xdf, 0xff,
    0x90, 0x0, 0x0, 0x4, 0xff, 0xff, 0x50, 0x2,
    0x52, 0x1, 0xcf, 0xff, 0xb0, 0x0, 0x3, 0xff,
    0xff, 0x80, 0x0, 0x7f, 0xf9, 0x1, 0xef, 0xff,
    0xb0, 0x1, 0xef, 0xff, 0xf0, 0x0, 0x8, 0xff,
    0xf7, 0x8, 0xff, 0xff, 0x80, 0xaf, 0xff, 0xfb,
    0x2, 0x25, 0xff, 0xff, 0xe0, 0x3f, 0xff, 0xff,
    0x2f, 0xff, 0xff, 0xa0, 0x7f, 0xff, 0xff, 0xff,
    0x2, 0xff, 0xff, 0xf7, 0x9f, 0xff, 0xfb, 0x5,
    0xff, 0xff, 0xff, 0xc0, 0x3f, 0xff, 0xff, 0x21,
    0xef, 0xff, 0xf0, 0xc, 0xff, 0xff, 0xf5, 0x7,
    0xff, 0xff, 0x80, 0x3, 0xff, 0xff, 0x80, 0x1a,
    0xff, 0xe5, 0x1, 0xef, 0xff, 0xb0, 0x0, 0x4,
    0xff, 0xff, 0x50, 0x0, 0x10, 0x1, 0xcf, 0xff,
    0xb0, 0x0, 0x0, 0x3, 0xdf, 0xff, 0x92, 0x0,
    0x5, 0xdf, 0xff, 0x90, 0x0, 0x0, 0x0, 0x0,
    0x7f, 0xff, 0xff, 0xef, 0xff, 0xfc, 0x40, 0x0,
    0x0, 0x0, 0x0, 0x0, 0x5, 0xad, 0xef, 0xec,
    0x83, 0x0, 0x0, 0x0, 0x0,

    /* U+F070 "" */
    0x0, 0x60, 0x0, 0x0, 0x0, 0x0, 0x0, 0x0,
    0x0, 0x0, 0x0, 0x0, 0x0, 0xb, 0xfc, 0x10,
    0x0, 0x0, 0x0, 0x0, 0x0, 0x0, 0x0, 0x0,
    0x0, 0x0, 0xc, 0xff, 0xe4, 0x0, 0x0, 0x0,
    0x0, 0x0, 0x0, 0x0, 0x0, 0x0, 0x0, 0x0,
    0x9f, 0xff, 0x70, 0x4, 0x8c, 0xef, 0xed, 0x94,
    0x0, 0x0, 0x0, 0x0, 0x0, 0x5, 0xff, 0xfb,
    0xef, 0xff, 0xfe, 0xff, 0xff, 0xe6, 0x0, 0x0,
    0x0, 0x0, 0x0, 0x2d, 0xff, 0xff, 0xc4, 0x0,
    0x4, 0xcf, 0xff, 0xb1, 0x0, 0x0, 0x0, 0x0,
    0x0, 0xbf, 0xff, 0x60, 0x3, 0x10, 0x9, 0xff,
    0xfe, 0x20, 0x0, 0x0, 0x0, 0x0, 0x7, 0xff,
    0xf9, 0x4f, 0xfa, 0x0, 0xcf, 0xff, 0xe1, 0x0,
    0x0, 0xb, 0xb0, 0x0, 0x3e, 0xff, 0xef, 0xff,
    0xa0, 0x4f, 0xff, 0xfb, 0x0, 0x0, 0x6f, 0xfd,
    0x30, 0x1, 0xcf, 0xff, 0xff, 0xf1, 0xf, 0xff,
    0xff, 0x50, 0x0, 0xbf, 0xff, 0xf6, 0x0, 0x8,
    0xff, 0xff, 0xf3, 0xe, 0xff, 0xff, 0xa0, 0x0,
    0x6f, 0xff, 0xff, 0x0, 0x0, 0x5f, 0xff, 0xf2,
    0xf, 0xff, 0xff, 0x50, 0x0, 0xc, 0xff, 0xff,
    0x40, 0x0, 0x2, 0xdf, 0xfe, 0x8f, 0xff, 0xfa,
    0x0, 0x0, 0x1, 0xef, 0xff, 0xc0, 0x0, 0x0,
    0xa, 0xff, 0xff, 0xff, 0xd1, 0x0, 0x0, 0x0,
    0x2e, 0xff, 0xf9, 0x0, 0x0, 0x0, 0x6f, 0xff,
    0xfd, 0x10, 0x0, 0x0, 0x0, 0x1, 0xcf, 0xff,
    0xc4, 0x0, 0x0, 0x3, 0xef, 0xfd, 0x20, 0x0,
    0x0, 0x0, 0x0, 0x6, 0xef, 0xff, 0xfe, 0xe3,
    0x0, 0x1b, 0xff, 0xf5, 0x0, 0x0, 0x0, 0x0,
    0x0, 0x5, 0x9d, 0xef, 0xec, 0x20, 0x0, 0x8f,
    0xff, 0x90, 0x0, 0x0, 0x0, 0x0, 0x0, 0x0,
    0x0, 0x0, 0x0, 0x0, 0x4, 0xef, 0xfb, 0x0,
    0x0, 0x0, 0x0, 0x0, 0x0, 0x0, 0x0, 0x0,
    0x0, 0x0, 0x1c, 0xfa, 0x0, 0x0, 0x0, 0x0,
    0x0, 0x0, 0x0, 0x0, 0x0, 0x0, 0x0, 0x0,
    0x60,

    /* U+F071 "" */
    0x0, 0x0, 0x0, 0x0, 0x0, 0x7, 0xa3, 0x0,
    0x0, 0x0, 0x0, 0x0, 0x0, 0x0, 0x0, 0x0,
    0x0, 0x8f, 0xfe, 0x10, 0x0, 0x0, 0x0, 0x0,
    0x0, 0x0, 0x0, 0x0, 0x2, 0xff, 0xff, 0x90,
    0x0, 0x0, 0x0, 0x0, 0x0, 0x0, 0x0, 0x0,
    0xa, 0xff, 0xff, 0xf3, 0x0, 0x0, 0x0, 0x0,
    0x0, 0x0, 0x0, 0x0, 0x4f, 0xff, 0xff, 0xfb,
    0x0, 0x0, 0x0, 0x0, 0x0, 0x0, 0x0, 0x0,
    0xcf, 0xff, 0xff, 0xff, 0x50, 0x0, 0x0, 0x0,
    0x0, 0x0, 0x0, 0x6, 0xff, 0xff, 0xff, 0xff,
    0xd0, 0x0, 0x0, 0x0, 0x0, 0x0, 0x0, 0xe,
    0xff, 0xa2, 0x24, 0xff, 0xf7, 0x0, 0x0, 0x0,
    0x0, 0x0, 0x0, 0x8f, 0xff, 0x90, 0x1, 0xff,
    0xff, 0x10, 0x0, 0x0, 0x0, 0x0, 0x2, 0xff,
    0xff, 0xa0, 0x2, 0xff, 0xff, 0x90, 0x0, 0x0,
    0x0, 0x0, 0xa, 0xff, 0xff, 0xb0, 0x3, 0xff,
    0xff, 0xf2, 0x0, 0x0, 0x0, 0x0, 0x3f, 0xff,
    0xff, 0xc0, 0x4, 0xff, 0xff, 0xfb, 0x0, 0x0,
    0x0, 0x0, 0xcf, 0xff, 0xff, 0xd0, 0x5, 0xff,
    0xff, 0xff, 0x40, 0x0, 0x0, 0x6, 0xff, 0xff,
    0xff, 0xf9, 0x9c, 0xff, 0xff, 0xff, 0xd0, 0x0,
    0x0, 0xe, 0xff, 0xff, 0xff, 0xf5, 0x2b, 0xff,
    0xff, 0xff, 0xf7, 0x0, 0x0, 0x8f, 0xff, 0xff,
    0xff, 0x90, 0x1, 0xff, 0xff, 0xff, 0xfe, 0x10,
    0x1, 0xff, 0xff, 0xff, 0xff, 0x80, 0x0, 0xff,
    0xff, 0xff, 0xff, 0x90, 0xa, 0xff, 0xff, 0xff,
    0xff, 0xf4, 0x1a, 0xff, 0xff, 0xff, 0xff, 0xf2,
    0xf, 0xff, 0xff, 0xff, 0xff, 0xff, 0xff, 0xff,
    0xff, 0xff, 0xff, 0xf7, 0xb, 0xff, 0xff, 0xff,
    0xff, 0xff, 0xff, 0xff, 0xff, 0xff, 0xff, 0xf4,
    0x1, 0x68, 0x88, 0x88, 0x88, 0x88, 0x88, 0x88,
    0x88, 0x88, 0x88, 0x40,

    /* U+F072 "" */
    0x0, 0x0, 0x0, 0x2, 0x78, 0x71, 0x0, 0x0,
    0x0, 0x0, 0x0, 0x0, 0x0, 0x0, 0x0, 0x7,
    0xff, 0xf9, 0x0, 0x0, 0x0, 0x0, 0x0, 0x0,
    0x0, 0x0, 0x0, 0x3, 0xff, 0xff, 0x20, 0x0,
    0x0, 0x0, 0x0, 0x0, 0x0, 0x0, 0x0, 0x0,
    0xef, 0xff, 0xa0, 0x0, 0x0, 0x0, 0x0, 0x0,
    0x0, 0x0, 0x0, 0x0, 0xaf, 0xff, 0xf3, 0x0,
    0x0, 0x0, 0x0, 0x0, 0x3, 0x42, 0x0, 0x0,
    0x5f, 0xff, 0xfc, 0x0, 0x0, 0x0, 0x0, 0x0,
    0xe, 0xff, 0x20, 0x0, 0x1f, 0xff, 0xff, 0x50,
    0x0, 0x0, 0x0, 0x0, 0xb, 0xff, 0xd0, 0x0,
    0xc, 0xff, 0xff, 0xd0, 0x0, 0x0, 0x0, 0x0,
    0x6, 0xff, 0xfd, 0xcc, 0xce, 0xff, 0xff, 0xfd,
    0xcc, 0xcc, 0xa5, 0x0, 0x1, 0xff, 0xff, 0xff,
    0xff, 0xff, 0xff, 0xff, 0xff, 0xff, 0xff, 0xc1,
    0x0, 0xdf, 0xff, 0xff, 0xff, 0xff, 0xff, 0xff,
    0xff, 0xff, 0xff, 0xf6, 0x0, 0xff, 0xff, 0xff,
    0xff, 0xff, 0xff, 0xff, 0xff, 0xff, 0xff, 0xf3,
    0x4, 0xff, 0xff, 0xff, 0xff, 0xff, 0xff, 0xff,
    0xff, 0xff, 0xfc, 0x30, 0x9, 0xff, 0xf5, 0x33,
    0x3c, 0xff, 0xff, 0xf4, 0x33, 0x33, 0x10, 0x0,
    0xd, 0xff, 0x60, 0x0, 0xf, 0xff, 0xff, 0x80,
    0x0, 0x0, 0x0, 0x0, 0x9, 0xb8, 0x0, 0x0,
    0x4f, 0xff, 0xfe, 0x0, 0x0, 0x0, 0x0, 0x0,
    0x0, 0x0, 0x0, 0x0, 0x9f, 0xff, 0xf5, 0x0,
    0x0, 0x0, 0x0, 0x0, 0x0, 0x0, 0x0, 0x0,
    0xdf, 0xff, 0xc0, 0x0, 0x0, 0x0, 0x0, 0x0,
    0x0, 0x0, 0x0, 0x2, 0xff, 0xff, 0x30, 0x0,
    0x0, 0x0, 0x0, 0x0, 0x0, 0x0, 0x0, 0x6,
    0xff, 0xf9, 0x0, 0x0, 0x0, 0x0, 0x0, 0x0,
    0x0, 0x0, 0x0, 0x2, 0x78, 0x71, 0x0, 0x0,
    0x0, 0x0, 0x0, 0x0,

    /* U+F074 "" */
    0x0, 0x0, 0x0, 0x0, 0x0, 0x0, 0x0, 0x4,
    0x30, 0x0, 0x0, 0x0, 0x0, 0x0, 0x0, 0x0,
    0x0, 0xf, 0xf5, 0x0, 0x0, 0x0, 0x0, 0x0,
    0x0, 0x0, 0x0, 0xf, 0xff, 0x50, 0xef, 0xff,
    0xf6, 0x0, 0x0, 0x1, 0xcf, 0xff, 0xff, 0xf5,
    0xff, 0xff, 0xff, 0x50, 0x0, 0xc, 0xff, 0xff,
    0xff, 0xff, 0xff, 0xff, 0xff, 0xf5, 0x0, 0xbf,
    0xff, 0xff, 0xff, 0xf7, 0x22, 0x23, 0xdf, 0xf8,
    0x9, 0xff, 0xf7, 0x2f, 0xff, 0x70, 0x0, 0x0,
    0x2e, 0xb0, 0x7f, 0xff, 0x90, 0xf, 0xf7, 0x0,
    0x0, 0x0, 0x3, 0x6, 0xff, 0xfa, 0x0, 0x7,
    0x60, 0x0, 0x0, 0x0, 0x0, 0x4f, 0xff, 0xb0,
    0x0, 0x0, 0x0, 0x0, 0x0, 0x0, 0x3, 0xff,
    0xfd, 0x3, 0x0, 0x7, 0x60, 0x0, 0x0, 0x0,
    0x2e, 0xff, 0xe1, 0x3f, 0x90, 0xf, 0xf8, 0x0,
    0x22, 0x23, 0xdf, 0xfe, 0x22, 0xef, 0xf7, 0x2f,
    0xff, 0x80, 0xff, 0xff, 0xff, 0xf3, 0x0, 0xcf,
    0xff, 0xff, 0xff, 0xf7, 0xff, 0xff, 0xff, 0x50,
    0x0, 0xc, 0xff, 0xff, 0xff, 0xfe, 0xef, 0xff,
    0xf6, 0x0, 0x0, 0x1, 0xcf, 0xff, 0xff, 0xf4,
    0x0, 0x0, 0x0, 0x0, 0x0, 0x0, 0x0, 0xf,
    0xff, 0x40, 0x0, 0x0, 0x0, 0x0, 0x0, 0x0,
    0x0, 0xf, 0xf5, 0x0, 0x0, 0x0, 0x0, 0x0,
    0x0, 0x0, 0x0, 0x4, 0x30, 0x0,

    /* U+F077 "" */
    0x0, 0x0, 0x0, 0x0, 0x94, 0x0, 0x0, 0x0,
    0x0, 0x0, 0x0, 0x0, 0xc, 0xff, 0x50, 0x0,
    0x0, 0x0, 0x0, 0x0, 0x0, 0xcf, 0xff, 0xf5,
    0x0, 0x0, 0x0, 0x0, 0x0, 0xc, 0xff, 0xff,
    0xff, 0x50, 0x0, 0x0, 0x0, 0x0, 0xcf, 0xff,
    0xae, 0xff, 0xf5, 0x0, 0x0, 0x0, 0xc, 0xff,
    0xf9, 0x3, 0xef, 0xff, 0x50, 0x0, 0x0, 0xcf,
    0xff, 0x90, 0x0, 0x3e, 0xff, 0xf5, 0x0, 0xc,
    0xff, 0xf9, 0x0, 0x0, 0x3, 0xef, 0xff, 0x50,
    0xaf, 0xff, 0x90, 0x0, 0x0, 0x0, 0x3e, 0xff,
    0xf2, 0x7f, 0xf9, 0x0, 0x0, 0x0, 0x0, 0x3,
    0xef, 0xe1, 0x6, 0x70, 0x0, 0x0, 0x0, 0x0,
    0x0, 0x29, 0x20,

    /* U+F078 "" */
    0x6, 0x70, 0x0, 0x0, 0x0, 0x0, 0x0, 0x29,
    0x20, 0x7f, 0xf9, 0x0, 0x0, 0x0, 0x0, 0x2,
    0xef, 0xe1, 0x9f, 0xff, 0x90, 0x0, 0x0, 0x0,
    0x3e, 0xff, 0xf2, 0xb, 0xff, 0xf9, 0x0, 0x0,
    0x3, 0xef, 0xff, 0x50, 0x0, 0xbf, 0xff, 0x90,
    0x0, 0x3e, 0xff, 0xf5, 0x0, 0x0, 0xb, 0xff,
    0xf9, 0x3, 0xef, 0xff, 0x50, 0x0, 0x0, 0x0,
    0xbf, 0xff, 0xae, 0xff, 0xf5, 0x0, 0x0, 0x0,
    0x0, 0xb, 0xff, 0xff, 0xff, 0x50, 0x0, 0x0,
    0x0, 0x0, 0x0, 0xbf, 0xff, 0xf5, 0x0, 0x0,
    0x0, 0x0, 0x0, 0x0, 0xb, 0xff, 0x50, 0x0,
    0x0, 0x0, 0x0, 0x0, 0x0, 0x0, 0x94, 0x0,
    0x0, 0x0, 0x0,

    /* U+F079 "" */
    0x0, 0x0, 0x9c, 0x10, 0x0, 0x0, 0x0, 0x0,
    0x0, 0x0, 0x0, 0x0, 0x0, 0x0, 0xa, 0xff,
    0xd1, 0x0, 0x58, 0x88, 0x88, 0x88, 0x88, 0x81,
    0x0, 0x0, 0x0, 0xaf, 0xff, 0xfd, 0x20, 0xef,
    0xff, 0xff, 0xff, 0xff, 0xf6, 0x0, 0x0, 0xa,
    0xff, 0xff, 0xff, 0xe2, 0x4e, 0xff, 0xff, 0xff,
    0xff, 0xf6, 0x0, 0x0, 0x8f, 0xfc, 0xff, 0xcf,
    0xfd, 0x0, 0x0, 0x0, 0x0, 0x1f, 0xf6, 0x0,
    0x0, 0x7f, 0xc2, 0xff, 0x67, 0xfc, 0x0, 0x0,
    0x0, 0x0, 0x1f, 0xf6, 0x0, 0x0, 0x3, 0x1,
    0xff, 0x60, 0x30, 0x0, 0x0, 0x0, 0x0, 0x1f,
    0xf6, 0x0, 0x0, 0x0, 0x1, 0xff, 0x60, 0x0,
    0x0, 0x0, 0x0, 0x0, 0x1f, 0xf6, 0x0, 0x0,
    0x0, 0x1, 0xff, 0x60, 0x0, 0x0, 0x0, 0x0,
    0x0, 0x1f, 0xf6, 0x0, 0x0, 0x0, 0x1, 0xff,
    0x60, 0x0, 0x0, 0x0, 0x3, 0xd7, 0x1f, 0xf6,
    0x3d, 0x70, 0x0, 0x1, 0xff, 0x60, 0x0, 0x0,
    0x0, 0xa, 0xff, 0x7f, 0xf9, 0xef, 0xf0, 0x0,
    0x1, 0xff, 0xb8, 0x88, 0x88, 0x88, 0x32, 0xef,
    0xff, 0xff, 0xff, 0x60, 0x0, 0x1, 0xff, 0xff,
    0xff, 0xff, 0xff, 0xf2, 0x2e, 0xff, 0xff, 0xf6,
    0x0, 0x0, 0x0, 0xdf, 0xff, 0xff, 0xff, 0xff,
    0xe2, 0x2, 0xef, 0xff, 0x60, 0x0, 0x0, 0x0,
    0x0, 0x0, 0x0, 0x0, 0x0, 0x0, 0x0, 0x2e,
    0xf6, 0x0, 0x0, 0x0, 0x0, 0x0, 0x0, 0x0,
    0x0, 0x0, 0x0, 0x0, 0x1, 0x30, 0x0, 0x0,

    /* U+F07A "" */
    0x5, 0x88, 0x87, 0x30, 0x0, 0x0, 0x0, 0x0,
    0x0, 0x0, 0x0, 0x0, 0xf, 0xff, 0xff, 0xd0,
    0x0, 0x0, 0x0, 0x0, 0x0, 0x0, 0x0, 0x0,
    0xd, 0xff, 0xff, 0xf0, 0x0, 0x0, 0x0, 0x0,
    0x0, 0x0, 0x0, 0x0, 0x0, 0x0, 0x4f, 0xff,
    0xff, 0xff, 0xff, 0xff, 0xff, 0xff, 0xff, 0xf3,
    0x0, 0x0, 0x1f, 0xff, 0xff, 0xff, 0xff, 0xff,
    0xff, 0xff, 0xff, 0xf4, 0x0, 0x0, 0xe, 0xff,
    0xff, 0xff, 0xff, 0xff, 0xff, 0xff, 0xff, 0xf1,
    0x0, 0x0, 0xb, 0xff, 0xff, 0xff, 0xff, 0xff,
    0xff, 0xff, 0xff, 0xd0, 0x0, 0x0, 0x8, 0xff,
    0xff, 0xff, 0xff, 0xff, 0xff, 0xff, 0xff, 0x90,
    0x0, 0x0, 0x4, 0xff, 0xff, 0xff, 0xff, 0xff,
    0xff, 0xff, 0xff, 0x60, 0x0, 0x0, 0x1, 0xff,
    0xff, 0xff, 0xff, 0xff, 0xff, 0xff, 0xff, 0x20,
    0x0, 0x0, 0x0, 0xef, 0xff, 0xff, 0xff, 0xff,
    0xff, 0xff, 0xfe, 0x0, 0x0, 0x0, 0x0, 0xbf,
    0xff, 0xff, 0xff, 0xff, 0xff, 0xff, 0xfb, 0x0,
    0x0, 0x0, 0x0, 0x7f, 0xff, 0xff, 0xff, 0xff,
    0xff, 0xff, 0xf6, 0x0, 0x0, 0x0, 0x0, 0x4f,
    0xf4, 0x0, 0x0, 0x0, 0x0, 0x0, 0x0, 0x0,
    0x0, 0x0, 0x0, 0x1f, 0xfb, 0x88, 0x88, 0x88,
    0x88, 0x88, 0x40, 0x0, 0x0, 0x0, 0x0, 0xe,
    0xff, 0xff, 0xff, 0xff, 0xff, 0xff, 0xc0, 0x0,
    0x0, 0x0, 0x0, 0xc, 0xff, 0xff, 0xff, 0xff,
    0xff, 0xff, 0xc0, 0x0, 0x0, 0x0, 0x0, 0x7f,
    0xff, 0x40, 0x0, 0x0, 0x3, 0xff, 0xf9, 0x0,
    0x0, 0x0, 0x0, 0xbf, 0xff, 0x80, 0x0, 0x0,
    0x7, 0xff, 0xfd, 0x0, 0x0, 0x0, 0x0, 0x7f,
    0xff, 0x50, 0x0, 0x0, 0x3, 0xff, 0xf9, 0x0,
    0x0, 0x0, 0x0, 0x7, 0xa5, 0x0, 0x0, 0x0,
    0x0, 0x4a, 0x70, 0x0,

    /* U+F07B "" */
    0x5e, 0xff, 0xff, 0xff, 0x90, 0x0, 0x0, 0x0,
    0x0, 0x0, 0xef, 0xff, 0xff, 0xff, 0xf9, 0x0,
    0x0, 0x0, 0x0, 0x0, 0xff, 0xff, 0xff, 0xff,
    0xff, 0xa8, 0x88, 0x88, 0x88, 0x60, 0xff, 0xff,
    0xff, 0xff, 0xff, 0xff, 0xff, 0xff, 0xff, 0xfb,
    0xff, 0xff, 0xff, 0xff, 0xff, 0xff, 0xff, 0xff,
    0xff, 0xff, 0xff, 0xff, 0xff, 0xff, 0xff, 0xff,
    0xff, 0xff, 0xff, 0xff, 0xff, 0xff, 0xff, 0xff,
    0xff, 0xff, 0xff, 0xff, 0xff, 0xff, 0xff, 0xff,
    0xff, 0xff, 0xff, 0xff, 0xff, 0xff, 0xff, 0xff,
    0xff, 0xff, 0xff, 0xff, 0xff, 0xff, 0xff, 0xff,
    0xff, 0xff, 0xff, 0xff, 0xff, 0xff, 0xff, 0xff,
    0xff, 0xff, 0xff, 0xff, 0xff, 0xff, 0xff, 0xff,
    0xff, 0xff, 0xff, 0xff, 0xff, 0xff, 0xff, 0xff,
    0xff, 0xff, 0xff, 0xff, 0xff, 0xff, 0xff, 0xff,
    0xff, 0xff, 0xff, 0xff, 0xff, 0xff, 0xff, 0xff,
    0xff, 0xff, 0xef, 0xff, 0xff, 0xff, 0xff, 0xff,
    0xff, 0xff, 0xff, 0xfe, 0x5e, 0xff, 0xff, 0xff,
    0xff, 0xff, 0xff, 0xff, 0xff, 0xe5,

    /* U+F091 "" */
    0x0, 0x0, 0x5, 0x88, 0x88, 0x88, 0x88, 0x88,
    0x71, 0x0, 0x0, 0x0, 0x0, 0x0, 0xff, 0xff,
    0xff, 0xff, 0xff, 0xff, 0x70, 0x0, 0x0, 0x0,
    0x0, 0xf, 0xff, 0xff, 0xff, 0xff, 0xff, 0xf8,
    0x0, 0x0, 0xc, 0xff, 0xff, 0xff, 0xff, 0xff,
    0xff, 0xff, 0xff, 0xff, 0xff, 0xf5, 0xff, 0xff,
    0xff, 0xff, 0xff, 0xff, 0xff, 0xff, 0xff, 0xff,
    0xff, 0x8f, 0xfc, 0x88, 0xff, 0xff, 0xff, 0xff,
    0xff, 0xff, 0xb8, 0x8f, 0xf8, 0xff, 0x90, 0xe,
    0xff, 0xff, 0xff, 0xff, 0xff, 0xf6, 0x1, 0xff,
    0x6a, 0xff, 0x50, 0xcf, 0xff, 0xff, 0xff, 0xff,
    0xff, 0x40, 0xcf, 0xf2, 0x2f, 0xff, 0xbb, 0xff,
    0xff, 0xff, 0xff, 0xff, 0xf8, 0xef, 0xf9, 0x0,
    0x3e, 0xff, 0xff, 0xff, 0xff, 0xff, 0xff, 0xff,
    0xff, 0xf9, 0x0, 0x0, 0x19, 0xff, 0xff, 0xff,
    0xff, 0xff, 0xff, 0xff, 0xd4, 0x0, 0x0, 0x0,
    0x0, 0x58, 0xff, 0xff, 0xff, 0xff, 0xd6, 0x20,
    0x0, 0x0, 0x0, 0x0, 0x0, 0x9, 0xff, 0xff,
    0xff, 0xf2, 0x0, 0x0, 0x0, 0x0, 0x0, 0x0,
    0x0, 0xb, 0xff, 0xff, 0xf4, 0x0, 0x0, 0x0,
    0x0, 0x0, 0x0, 0x0, 0x0, 0xb, 0xff, 0xf3,
    0x0, 0x0, 0x0, 0x0, 0x0, 0x0, 0x0, 0x0,
    0x0, 0xaf, 0xff, 0x20, 0x0, 0x0, 0x0, 0x0,
    0x0, 0x0, 0x0, 0x0, 0xa, 0xff, 0xf2, 0x0,
    0x0, 0x0, 0x0, 0x0, 0x0, 0x0, 0x1a, 0xdd,
    0xff, 0xff, 0xdd, 0xc6, 0x0, 0x0, 0x0, 0x0,
    0x0, 0xc, 0xff, 0xff, 0xff, 0xff, 0xff, 0xf4,
    0x0, 0x0, 0x0, 0x0, 0x0, 0xff, 0xff, 0xff,
    0xff, 0xff, 0xff, 0x70, 0x0, 0x0, 0x0, 0x0,
    0x3, 0x44, 0x44, 0x44, 0x44, 0x44, 0x41, 0x0,
    0x0, 0x0,

    /* U+F093 "" */
    0x0, 0x0, 0x0, 0x0, 0x3, 0x10, 0x0, 0x0,
    0x0, 0x0, 0x0, 0x0, 0x0, 0x0, 0x6f, 0xd1,
    0x0, 0x0, 0x0, 0x0, 0x0, 0x0, 0x0, 0x6,
    0xff, 0xfd, 0x10, 0x0, 0x0, 0x0, 0x0, 0x0,
    0x0, 0x6f, 0xff, 0xff, 0xd1, 0x0, 0x0, 0x0,
    0x0, 0x0, 0x6, 0xff, 0xff, 0xff, 0xfd, 0x10,
    0x0, 0x0, 0x0, 0x0, 0x6f, 0xff, 0xff, 0xff,
    0xff, 0xd1, 0x0, 0x0, 0x0, 0x6, 0xff, 0xff,
    0xff, 0xff, 0xff, 0xfd, 0x10, 0x0, 0x0, 0xd,
    0xff, 0xff, 0xff, 0xff, 0xff, 0xff, 0x60, 0x0,
    0x0, 0x0, 0x11, 0x1b, 0xff, 0xff, 0x51, 0x11,
    0x0, 0x0, 0x0, 0x0, 0x0, 0xb, 0xff, 0xff,
    0x40, 0x0, 0x0, 0x0, 0x0, 0x0, 0x0, 0xb,
    0xff, 0xff, 0x40, 0x0, 0x0, 0x0, 0x0, 0x0,
    0x0, 0xb, 0xff, 0xff, 0x40, 0x0, 0x0, 0x0,
    0x0, 0x0, 0x0, 0xb, 0xff, 0xff, 0x40, 0x0,
    0x0, 0x0, 0x0, 0x0, 0x0, 0xb, 0xff, 0xff,
    0x40, 0x0, 0x0, 0x0, 0x7a, 0xaa, 0xaa, 0x2b,
    0xff, 0xff, 0x42, 0xaa, 0xaa, 0xa7, 0xff, 0xff,
    0xff, 0x82, 0x67, 0x76, 0x8, 0xff, 0xff, 0xff,
    0xff, 0xff, 0xff, 0xfb, 0x77, 0x77, 0xbf, 0xff,
    0xff, 0xff, 0xff, 0xff, 0xff, 0xff, 0xff, 0xff,
    0xff, 0xff, 0xff, 0xff, 0xff, 0xff, 0xff, 0xff,
    0xff, 0xff, 0xfb, 0xf, 0x48, 0xff, 0xff, 0xff,
    0xff, 0xff, 0xff, 0xff, 0xff, 0xef, 0xef, 0xff,
    0x14, 0x44, 0x44, 0x44, 0x44, 0x44, 0x44, 0x44,
    0x44, 0x41,

    /* U+F095 "" */
    0x0, 0x0, 0x0, 0x0, 0x0, 0x0, 0x0, 0x4,
    0x62, 0x0, 0x0, 0x0, 0x0, 0x0, 0x0, 0x0,
    0x0, 0x1, 0xff, 0xfe, 0xb5, 0x0, 0x0, 0x0,
    0x0, 0x0, 0x0, 0x0, 0x7f, 0xff, 0xff, 0xf0,
    0x0, 0x0, 0x0, 0x0, 0x0, 0x0, 0xe, 0xff,
    0xff, 0xff, 0x0, 0x0, 0x0, 0x0, 0x0, 0x0,
    0x5, 0xff, 0xff, 0xff, 0xd0, 0x0, 0x0, 0x0,
    0x0, 0x0, 0x0, 0xbf, 0xff, 0xff, 0xfb, 0x0,
    0x0, 0x0, 0x0, 0x0, 0x0, 0x6, 0xff, 0xff,
    0xff, 0x80, 0x0, 0x0, 0x0, 0x0, 0x0, 0x0,
    0x5, 0xff, 0xff, 0xf4, 0x0, 0x0, 0x0, 0x0,
    0x0, 0x0, 0x0, 0x5, 0xff, 0xfe, 0x0, 0x0,
    0x0, 0x0, 0x0, 0x0, 0x0, 0x0, 0xbf, 0xff,
    0x90, 0x0, 0x0, 0x0, 0x0, 0x0, 0x0, 0x0,
    0x4f, 0xff, 0xf2, 0x0, 0x0, 0x0, 0x0, 0x0,
    0x0, 0x0, 0x2e, 0xff, 0xf8, 0x0, 0x0, 0x0,
    0x1, 0x30, 0x0, 0x0, 0x1d, 0xff, 0xfd, 0x0,
    0x0, 0x0, 0x29, 0xff, 0x70, 0x0, 0x3e, 0xff,
    0xff, 0x30, 0x0, 0x4, 0xbf, 0xff, 0xff, 0x40,
    0x7f, 0xff, 0xff, 0x50, 0x0, 0x0, 0xef, 0xff,
    0xff, 0xfe, 0xef, 0xff, 0xff, 0x50, 0x0, 0x0,
    0xc, 0xff, 0xff, 0xff, 0xff, 0xff, 0xfe, 0x40,
    0x0, 0x0, 0x0, 0x8f, 0xff, 0xff, 0xff, 0xff,
    0xfb, 0x10, 0x0, 0x0, 0x0, 0x4, 0xff, 0xff,
    0xff, 0xff, 0xd5, 0x0, 0x0, 0x0, 0x0, 0x0,
    0x1f, 0xff, 0xff, 0xea, 0x40, 0x0, 0x0, 0x0,
    0x0, 0x0, 0x0, 0x57, 0x64, 0x20, 0x0, 0x0,
    0x0, 0x0, 0x0, 0x0, 0x0,

    /* U+F0A4 "" */
    0x0, 0x0, 0x0, 0x0, 0x0, 0xbf, 0x80, 0x0,
    0x0, 0x0, 0x0, 0x0, 0x0, 0x0, 0x7, 0xff,
    0xf1, 0x0, 0x0, 0x0, 0x0, 0x0, 0x0, 0x0,
    0x8f, 0xff, 0xf0, 0x0, 0x0, 0x0, 0x0, 0x0,
    0x0, 0x4d, 0xff, 0xff, 0xc6, 0x66, 0x66, 0x50,
    0x6a, 0x95, 0xc, 0xff, 0xff, 0xff, 0xff, 0xff,
    0xff, 0xfb, 0xff, 0xfe, 0x6f, 0xff, 0xff, 0xff,
    0xff, 0xff, 0xff, 0xff, 0xff, 0xfe, 0x7f, 0xff,
    0xff, 0xff, 0xff, 0xff, 0xff, 0xe6, 0xff, 0xfe,
    0x7f, 0xff, 0xff, 0xff, 0xff, 0xa0, 0x0, 0x0,
    0xff, 0xfe, 0x7f, 0xff, 0xff, 0xff, 0xff, 0xd0,
    0x0, 0x0, 0xff, 0xfe, 0x7f, 0xff, 0xff, 0xff,
    0xff, 0x60, 0x0, 0x0, 0xff, 0xfe, 0x7f, 0xff,
    0xff, 0xff, 0xff, 0x50, 0x0, 0x0, 0xf6, 0x6e,
    0x7f, 0xff, 0xff, 0xff, 0xff, 0x20, 0x0, 0x0,
    0xf9, 0xae, 0x6f, 0xff, 0xff, 0xff, 0xf9, 0x0,
    0x0, 0x0, 0x8c, 0xb7, 0x8, 0xdf, 0xff, 0xff,
    0xf7, 0x0, 0x0, 0x0, 0x0, 0x0, 0x0, 0x5,
    0xbe, 0xfe, 0x90, 0x0, 0x0, 0x0,

    /* U+F0A6 "" */
    0x0, 0x0, 0x37, 0x10, 0x0, 0x0, 0x0, 0x0,
    0x0, 0x2f, 0xfc, 0x0, 0x0, 0x0, 0x0, 0x0,
    0x6, 0xff, 0xf0, 0x0, 0x0, 0x0, 0x0, 0x0,
    0x6f, 0xff, 0x0, 0x0, 0x0, 0x0, 0x0, 0x6,
    0xff, 0xf0, 0x0, 0x0, 0x0, 0x0, 0x0, 0x6f,
    0xff, 0x13, 0x0, 0x0, 0x0, 0x0, 0x6, 0xff,
    0xff, 0xfc, 0xb8, 0x0, 0x1, 0x76, 0x7f, 0xff,
    0xff, 0xff, 0xff, 0xd3, 0xbf, 0xff, 0xff, 0xff,
    0xff, 0xff, 0xff, 0xbf, 0xff, 0xff, 0xff, 0xff,
    0xff, 0xff, 0xff, 0x6f, 0xff, 0xff, 0xff, 0xff,
    0xff, 0xff, 0xf0, 0x2e, 0xff, 0xff, 0xff, 0xff,
    0xff, 0xfe, 0x0, 0x4f, 0xff, 0xff, 0xff, 0xff,
    0xff, 0x90, 0x0, 0xaf, 0xff, 0xff, 0xff, 0xff,
    0xf3, 0x0, 0x2, 0xff, 0xff, 0xff, 0xff, 0xfc,
    0x0, 0x0, 0x9, 0xff, 0xff, 0xff, 0xff, 0x70,
    0x0, 0x0, 0x4, 0x66, 0x66, 0x66, 0x50, 0x0,
    0x0, 0x8, 0xff, 0xff, 0xff, 0xff, 0xa0, 0x0,
    0x0, 0xaf, 0xff, 0xff, 0xf4, 0x8c, 0x0, 0x0,
    0x9, 0xff, 0xff, 0xff, 0xef, 0xb0, 0x0, 0x0,
    0x4, 0x44, 0x44, 0x44, 0x40, 0x0,

    /* U+F0C2 "" */
    0x0, 0x0, 0x0, 0x0, 0x46, 0x63, 0x0, 0x0,
    0x0, 0x0, 0x0, 0x0, 0x0, 0x0, 0x0, 0x5,
    0xef, 0xff, 0xfd, 0x50, 0x0, 0x0, 0x0, 0x0,
    0x0, 0x0, 0x0, 0x7, 0xff, 0xff, 0xff, 0xff,
    0x70, 0x0, 0x0, 0x0, 0x0, 0x0, 0x0, 0x4,
    0xff, 0xff, 0xff, 0xff, 0xff, 0x8c, 0xec, 0x50,
    0x0, 0x0, 0x0, 0x0, 0xcf, 0xff, 0xff, 0xff,
    0xff, 0xff, 0xff, 0xff, 0x60, 0x0, 0x0, 0x0,
    0x1f, 0xff, 0xff, 0xff, 0xff, 0xff, 0xff, 0xff,
    0xff, 0x0, 0x0, 0x0, 0x3, 0xff, 0xff, 0xff,
    0xff, 0xff, 0xff, 0xff, 0xff, 0xf3, 0x0, 0x0,
    0x3, 0xcf, 0xff, 0xff, 0xff, 0xff, 0xff, 0xff,
    0xff, 0xff, 0x20, 0x0, 0x5, 0xff, 0xff, 0xff,
    0xff, 0xff, 0xff, 0xff, 0xff, 0xff, 0xfb, 0x40,
    0x3, 0xff, 0xff, 0xff, 0xff, 0xff, 0xff, 0xff,
    0xff, 0xff, 0xff, 0xff, 0x70, 0xaf, 0xff, 0xff,
    0xff, 0xff, 0xff, 0xff, 0xff, 0xff, 0xff, 0xff,
    0xff, 0x4e, 0xff, 0xff, 0xff, 0xff, 0xff, 0xff,
    0xff, 0xff, 0xff, 0xff, 0xff, 0xfb, 0xff, 0xff,
    0xff, 0xff, 0xff, 0xff, 0xff, 0xff, 0xff, 0xff,
    0xff, 0xff, 0xee, 0xff, 0xff, 0xff, 0xff, 0xff,
    0xff, 0xff, 0xff, 0xff, 0xff, 0xff, 0xff, 0x9f,
    0xff, 0xff, 0xff, 0xff, 0xff, 0xff, 0xff, 0xff,
    0xff, 0xff, 0xff, 0xc2, 0xff, 0xff, 0xff, 0xff,
    0xff, 0xff, 0xff, 0xff, 0xff, 0xff, 0xff, 0xf5,
    0x4, 0xff, 0xff, 0xff, 0xff, 0xff, 0xff, 0xff,
    0xff, 0xff, 0xff, 0xf9, 0x0, 0x2, 0xae, 0xff,
    0xff, 0xff, 0xff, 0xff, 0xff, 0xff, 0xff, 0xc5,
    0x0, 0x0, 0x0, 0x0, 0x0, 0x0, 0x0, 0x0,
    0x0, 0x0, 0x0, 0x0, 0x0, 0x0,

    /* U+F0C4 "" */
    0x0, 0x25, 0x40, 0x0, 0x0, 0x0, 0x0, 0x0,
    0x0, 0x9, 0xff, 0xfe, 0x30, 0x0, 0x0, 0x4,
    0xaa, 0x50, 0x7f, 0xff, 0xff, 0xe0, 0x0, 0x0,
    0x8f, 0xff, 0xf5, 0xef, 0xd3, 0x7f, 0xf6, 0x0,
    0x8, 0xff, 0xff, 0xb0, 0xff, 0x80, 0xf, 0xf7,
    0x0, 0x8f, 0xff, 0xfb, 0x0, 0xdf, 0xe7, 0xaf,
    0xf5, 0x8, 0xff, 0xff, 0xb0, 0x0, 0x5f, 0xff,
    0xff, 0xfd, 0x9f, 0xff, 0xfb, 0x0, 0x0, 0x5,
    0xef, 0xff, 0xff, 0xff, 0xff, 0xb0, 0x0, 0x0,
    0x0, 0x1, 0x5f, 0xff, 0xff, 0xfb, 0x0, 0x0,
    0x0, 0x0, 0x0, 0xb, 0xff, 0xff, 0xf2, 0x0,
    0x0, 0x0, 0x0, 0x25, 0x9f, 0xff, 0xff, 0xfd,
    0x10, 0x0, 0x0, 0x9, 0xff, 0xff, 0xff, 0xff,
    0xff, 0xd1, 0x0, 0x0, 0x7f, 0xff, 0xff, 0xfb,
    0x6f, 0xff, 0xfd, 0x10, 0x0, 0xef, 0xd3, 0x7f,
    0xf5, 0x5, 0xff, 0xff, 0xd1, 0x0, 0xff, 0x80,
    0xf, 0xf7, 0x0, 0x5f, 0xff, 0xfd, 0x10, 0xdf,
    0xe7, 0xaf, 0xf5, 0x0, 0x5, 0xff, 0xff, 0xd1,
    0x5f, 0xff, 0xff, 0xc0, 0x0, 0x0, 0x4f, 0xff,
    0xf4, 0x5, 0xef, 0xfb, 0x10, 0x0, 0x0, 0x1,
    0x66, 0x20, 0x0, 0x1, 0x0, 0x0, 0x0, 0x0,
    0x0, 0x0, 0x0,

    /* U+F0C5 "" */
    0x0, 0x0, 0x8, 0xbb, 0xbb, 0xbb, 0x50, 0x90,
    0x0, 0x0, 0x0, 0xf, 0xff, 0xff, 0xff, 0x81,
    0xfb, 0x0, 0x0, 0x0, 0xf, 0xff, 0xff, 0xff,
    0x81, 0xff, 0xb0, 0x0, 0x0, 0xf, 0xff, 0xff,
    0xff, 0x81, 0xff, 0xf8, 0x8c, 0xc9, 0xf, 0xff,
    0xff, 0xff, 0x80, 0x0, 0x0, 0xff, 0xfc, 0xf,
    0xff, 0xff, 0xff, 0xd5, 0x44, 0x43, 0xff, 0xfc,
    0xf, 0xff, 0xff, 0xff, 0xff, 0xff, 0xfa, 0xff,
    0xfc, 0xf, 0xff, 0xff, 0xff, 0xff, 0xff, 0xfa,
    0xff, 0xfc, 0xf, 0xff, 0xff, 0xff, 0xff, 0xff,
    0xfa, 0xff, 0xfc, 0xf, 0xff, 0xff, 0xff, 0xff,
    0xff, 0xfa, 0xff, 0xfc, 0xf, 0xff, 0xff, 0xff,
    0xff, 0xff, 0xfa, 0xff, 0xfc, 0xf, 0xff, 0xff,
    0xff, 0xff, 0xff, 0xfa, 0xff, 0xfc, 0xf, 0xff,
    0xff, 0xff, 0xff, 0xff, 0xfa, 0xff, 0xfc, 0xf,
    0xff, 0xff, 0xff, 0xff, 0xff, 0xfa, 0xff, 0xfc,
    0xf, 0xff, 0xff, 0xff, 0xff, 0xff, 0xfa, 0xff,
    0xfc, 0xf, 0xff, 0xff, 0xff, 0xff, 0xff, 0xfa,
    0xff, 0xfe, 0xb, 0xff, 0xff, 0xff, 0xff, 0xff,
    0xf7, 0xff, 0xff, 0x91, 0x0, 0x0, 0x0, 0x0,
    0x0, 0x0, 0xff, 0xff, 0xff, 0xff, 0xff, 0xff,
    0x80, 0x0, 0x0, 0xff, 0xff, 0xff, 0xff, 0xff,
    0xff, 0x70, 0x0, 0x0, 0x58, 0x88, 0x88, 0x88,
    0x88, 0x87, 0x10, 0x0, 0x0,

    /* U+F0C7 "" */
    0x6, 0x77, 0x77, 0x77, 0x77, 0x77, 0x60, 0x0,
    0x0, 0xbf, 0xff, 0xff, 0xff, 0xff, 0xff, 0xfd,
    0x10, 0x0, 0xff, 0xff, 0xff, 0xff, 0xff, 0xff,
    0xff, 0xc1, 0x0, 0xff, 0x90, 0x0, 0x0, 0x0,
    0x1, 0xdf, 0xfc, 0x10, 0xff, 0x80, 0x0, 0x0,
    0x0, 0x0, 0xbf, 0xff, 0xc0, 0xff, 0x80, 0x0,
    0x0, 0x0, 0x0, 0xbf, 0xff, 0xf3, 0xff, 0x80,
    0x0, 0x0, 0x0, 0x0, 0xbf, 0xff, 0xf4, 0xff,
    0x80, 0x0, 0x0, 0x0, 0x0, 0xbf, 0xff, 0xf4,
    0xff, 0xd8, 0x88, 0x88, 0x88, 0x88, 0xef, 0xff,
    0xf4, 0xff, 0xff, 0xff, 0xff, 0xff, 0xff, 0xff,
    0xff, 0xf4, 0xff, 0xff, 0xff, 0xff, 0xff, 0xff,
    0xff, 0xff, 0xf4, 0xff, 0xff, 0xff, 0xe4, 0x2,
    0xcf, 0xff, 0xff, 0xf4, 0xff, 0xff, 0xff, 0x60,
    0x0, 0x2f, 0xff, 0xff, 0xf4, 0xff, 0xff, 0xff,
    0x40, 0x0, 0xf, 0xff, 0xff, 0xf4, 0xff, 0xff,
    0xff, 0xa0, 0x0, 0x6f, 0xff, 0xff, 0xf4, 0xff,
    0xff, 0xff, 0xfc, 0x8a, 0xff, 0xff, 0xff, 0xf4,
    0xef, 0xff, 0xff, 0xff, 0xff, 0xff, 0xff, 0xff,
    0xf3, 0x6f, 0xff, 0xff, 0xff, 0xff, 0xff, 0xff,
    0xff, 0xa0, 0x0, 0x0, 0x0, 0x0, 0x0, 0x0,
    0x0, 0x0, 0x0,

    /* U+F0C9 "" */
    0x0, 0x0, 0x0, 0x0, 0x0, 0x0, 0x0, 0x0,
    0x0, 0xef, 0xff, 0xff, 0xff, 0xff, 0xff, 0xff,
    0xff, 0xf6, 0xff, 0xff, 0xff, 0xff, 0xff, 0xff,
    0xff, 0xff, 0xf8, 0xac, 0xcc, 0xcc, 0xcc, 0xcc,
    0xcc, 0xcc, 0xcc, 0xc4, 0x0, 0x0, 0x0, 0x0,
    0x0, 0x0, 0x0, 0x0, 0x0, 0x0, 0x0, 0x0,
    0x0, 0x0, 0x0, 0x0, 0x0, 0x0, 0x0, 0x0,
    0x0, 0x0, 0x0, 0x0, 0x0, 0x0, 0x0, 0xcd,
    0xdd, 0xdd, 0xdd, 0xdd, 0xdd, 0xdd, 0xdd, 0xd5,
    0xff, 0xff, 0xff, 0xff, 0xff, 0xff, 0xff, 0xff,
    0xf8, 0xdf, 0xff, 0xff, 0xff, 0xff, 0xff, 0xff,
    0xff, 0xf5, 0x0, 0x0, 0x0, 0x0, 0x0, 0x0,
    0x0, 0x0, 0x0, 0x0, 0x0, 0x0, 0x0, 0x0,
    0x0, 0x0, 0x0, 0x0, 0x0, 0x0, 0x0, 0x0,
    0x0, 0x0, 0x0, 0x0, 0x0, 0xac, 0xcc, 0xcc,
    0xcc, 0xcc, 0xcc, 0xcc, 0xcc, 0xc4, 0xff, 0xff,
    0xff, 0xff, 0xff, 0xff, 0xff, 0xff, 0xf8, 0xef,
    0xff, 0xff, 0xff, 0xff, 0xff, 0xff, 0xff, 0xf6,
    0x0, 0x0, 0x0, 0x0, 0x0, 0x0, 0x0, 0x0,
    0x0,

    /* U+F0E0 "" */
    0x5e, 0xff, 0xff, 0xff, 0xff, 0xff, 0xff, 0xff,
    0xff, 0xe5, 0xef, 0xff, 0xff, 0xff, 0xff, 0xff,
    0xff, 0xff, 0xff, 0xfe, 0xff, 0xff, 0xff, 0xff,
    0xff, 0xff, 0xff, 0xff, 0xff, 0xff, 0x7f, 0xff,
    0xff, 0xff, 0xff, 0xff, 0xff, 0xff, 0xff, 0xf7,
    0x3, 0xef, 0xff, 0xff, 0xff, 0xff, 0xff, 0xff,
    0xfe, 0x30, 0xe3, 0x1b, 0xff, 0xff, 0xff, 0xff,
    0xff, 0xff, 0xb1, 0x3e, 0xff, 0x70, 0x7f, 0xff,
    0xff, 0xff, 0xff, 0xf7, 0x7, 0xff, 0xff, 0xfb,
    0x13, 0xdf, 0xff, 0xff, 0xfd, 0x31, 0xbf, 0xff,
    0xff, 0xff, 0xe4, 0xa, 0xff, 0xff, 0xa0, 0x4e,
    0xff, 0xff, 0xff, 0xff, 0xff, 0x80, 0x5d, 0xd5,
    0x8, 0xff, 0xff, 0xff, 0xff, 0xff, 0xff, 0xfc,
    0x20, 0x2, 0xcf, 0xff, 0xff, 0xff, 0xff, 0xff,
    0xff, 0xff, 0xfd, 0xdf, 0xff, 0xff, 0xff, 0xff,
    0xff, 0xff, 0xff, 0xff, 0xff, 0xff, 0xff, 0xff,
    0xff, 0xff, 0xef, 0xff, 0xff, 0xff, 0xff, 0xff,
    0xff, 0xff, 0xff, 0xfe, 0x5e, 0xff, 0xff, 0xff,
    0xff, 0xff, 0xff, 0xff, 0xff, 0xe5,

    /* U+F0E7 "" */
    0x0, 0x14, 0x44, 0x44, 0x41, 0x0, 0x0, 0x0,
    0xbf, 0xff, 0xff, 0xfa, 0x0, 0x0, 0x0, 0xef,
    0xff, 0xff, 0xf8, 0x0, 0x0, 0x0, 0xff, 0xff,
    0xff, 0xf3, 0x0, 0x0, 0x2, 0xff, 0xff, 0xff,
    0xd0, 0x0, 0x0, 0x4, 0xff, 0xff, 0xff, 0x80,
    0x0, 0x0, 0x6, 0xff, 0xff, 0xff, 0x40, 0x0,
    0x0, 0x8, 0xff, 0xff, 0xff, 0xff, 0xff, 0xf5,
    0xa, 0xff, 0xff, 0xff, 0xff, 0xff, 0xf4, 0xd,
    0xff, 0xff, 0xff, 0xff, 0xff, 0xb0, 0xf, 0xff,
    0xff, 0xff, 0xff, 0xff, 0x20, 0xb, 0xff, 0xff,
    0xff, 0xff, 0xf9, 0x0, 0x0, 0x0, 0x0, 0x8f,
    0xff, 0xe1, 0x0, 0x0, 0x0, 0x0, 0xcf, 0xff,
    0x60, 0x0, 0x0, 0x0, 0x0, 0xff, 0xfd, 0x0,
    0x0, 0x0, 0x0, 0x3, 0xff, 0xf4, 0x0, 0x0,
    0x0, 0x0, 0x7, 0xff, 0xa0, 0x0, 0x0, 0x0,
    0x0, 0xb, 0xff, 0x20, 0x0, 0x0, 0x0, 0x0,
    0xf, 0xf8, 0x0, 0x0, 0x0, 0x0, 0x0, 0x2f,
    0xe0, 0x0, 0x0, 0x0, 0x0, 0x0, 0x9, 0x40,
    0x0, 0x0, 0x0,

    /* U+F0E9 "" */
    0x0, 0x0, 0x0, 0x0, 0x0, 0x1, 0x30, 0x0,
    0x0, 0x0, 0x0, 0x0, 0x0, 0x0, 0x0, 0x0,
    0x0, 0xd, 0xf5, 0x0, 0x0, 0x0, 0x0, 0x0,
    0x0, 0x0, 0x0, 0x0, 0x0, 0x3f, 0xfa, 0x20,
    0x0, 0x0, 0x0, 0x0, 0x0, 0x0, 0x0, 0x6,
    0xcf, 0xff, 0xff, 0xfe, 0x92, 0x0, 0x0, 0x0,
    0x0, 0x0, 0x3, 0xdf, 0xff, 0xff, 0xff, 0xff,
    0xff, 0x90, 0x0, 0x0, 0x0, 0x0, 0x7f, 0xff,
    0xff, 0xff, 0xff, 0xff, 0xff, 0xfd, 0x10, 0x0,
    0x0, 0x7, 0xff, 0xff, 0xff, 0xff, 0xff, 0xff,
    0xff, 0xff, 0xd1, 0x0, 0x0, 0x4f, 0xff, 0xff,
    0xff, 0xff, 0xff, 0xff, 0xff, 0xff, 0xfc, 0x0,
    0x0, 0xdf, 0xff, 0xff, 0xff, 0xff, 0xff, 0xff,
    0xff, 0xff, 0xff, 0x60, 0x5, 0xff, 0xff, 0xff,
    0xff, 0xff, 0xff, 0xff, 0xff, 0xff, 0xff, 0xd0,
    0xb, 0xfc, 0x9d, 0xff, 0xff, 0xfd, 0xcf, 0xff,
    0xff, 0xfa, 0xae, 0xf3, 0xe, 0x50, 0x0, 0x8f,
    0xff, 0x41, 0x21, 0xaf, 0xfe, 0x20, 0x0, 0xb6,
    0x0, 0x0, 0x0, 0xa, 0xf5, 0xe, 0xf6, 0xb,
    0xf2, 0x0, 0x0, 0x0, 0x0, 0x0, 0x0, 0x0,
    0x60, 0xf, 0xf8, 0x2, 0x50, 0x0, 0x0, 0x0,
    0x0, 0x0, 0x0, 0x0, 0x0, 0xf, 0xf8, 0x0,
    0x0, 0x0, 0x0, 0x0, 0x0, 0x0, 0x0, 0x0,
    0x0, 0xf, 0xf8, 0x0, 0x0, 0x0, 0x0, 0x0,
    0x0, 0x0, 0x0, 0x0, 0x30, 0xf, 0xf8, 0x0,
    0x0, 0x0, 0x0, 0x0, 0x0, 0x0, 0x0, 0x7,
    0xfb, 0x2f, 0xf7, 0x0, 0x0, 0x0, 0x0, 0x0,
    0x0, 0x0, 0x0, 0x7, 0xff, 0xff, 0xf3, 0x0,
    0x0, 0x0, 0x0, 0x0, 0x0, 0x0, 0x0, 0x0,
    0xcf, 0xff, 0x90, 0x0, 0x0, 0x0, 0x0, 0x0,
    0x0, 0x0, 0x0, 0x0, 0x5, 0x73, 0x0, 0x0,
    0x0, 0x0, 0x0, 0x0,

    /* U+F0EA "" */
    0x0, 0x0, 0x6, 0x71, 0x0, 0x0, 0x0, 0x0,
    0x0, 0x14, 0x44, 0xbf, 0xfe, 0x44, 0x43, 0x0,
    0x0, 0x0, 0xef, 0xff, 0xf9, 0x4f, 0xff, 0xff,
    0x40, 0x0, 0x0, 0xff, 0xff, 0xf8, 0x3f, 0xff,
    0xff, 0x50, 0x0, 0x0, 0xff, 0xff, 0xff, 0xff,
    0xff, 0xff, 0x50, 0x0, 0x0, 0xff, 0xff, 0xff,
    0xa8, 0x88, 0x88, 0x20, 0x0, 0x0, 0xff, 0xff,
    0xf6, 0x0, 0x0, 0x0, 0x0, 0x0, 0x0, 0xff,
    0xff, 0xf0, 0xcf, 0xff, 0xff, 0x51, 0xe2, 0x0,
    0xff, 0xff, 0xf0, 0xef, 0xff, 0xff, 0x51, 0xfe,
    0x20, 0xff, 0xff, 0xf0, 0xef, 0xff, 0xff, 0x51,
    0xff, 0xe2, 0xff, 0xff, 0xf0, 0xef, 0xff, 0xff,
    0x50, 0xbb, 0xb7, 0xff, 0xff, 0xf0, 0xef, 0xff,
    0xff, 0x80, 0x0, 0x0, 0xff, 0xff, 0xf0, 0xef,
    0xff, 0xff, 0xff, 0xff, 0xfa, 0xff, 0xff, 0xf0,
    0xef, 0xff, 0xff, 0xff, 0xff, 0xfa, 0xff, 0xff,
    0xf0, 0xef, 0xff, 0xff, 0xff, 0xff, 0xfa, 0xff,
    0xff, 0xf0, 0xef, 0xff, 0xff, 0xff, 0xff, 0xfa,
    0xcf, 0xff, 0xf0, 0xef, 0xff, 0xff, 0xff, 0xff,
    0xfa, 0x0, 0x0, 0x0, 0xef, 0xff, 0xff, 0xff,
    0xff, 0xfa, 0x0, 0x0, 0x0, 0xef, 0xff, 0xff,
    0xff, 0xff, 0xfa, 0x0, 0x0, 0x0, 0xef, 0xff,
    0xff, 0xff, 0xff, 0xfa, 0x0, 0x0, 0x0, 0x7b,
    0xbb, 0xbb, 0xbb, 0xbb, 0xb4,

    /* U+F0F3 "" */
    0x0, 0x0, 0x0, 0x0, 0x31, 0x0, 0x0, 0x0,
    0x0, 0x0, 0x0, 0x0, 0x5, 0xfd, 0x0, 0x0,
    0x0, 0x0, 0x0, 0x0, 0x0, 0x9, 0xff, 0x10,
    0x0, 0x0, 0x0, 0x0, 0x0, 0x7, 0xef, 0xff,
    0xfb, 0x20, 0x0, 0x0, 0x0, 0x0, 0xaf, 0xff,
    0xff, 0xff, 0xf3, 0x0, 0x0, 0x0, 0x8, 0xff,
    0xff, 0xff, 0xff, 0xfe, 0x10, 0x0, 0x0, 0x1f,
    0xff, 0xff, 0xff, 0xff, 0xff, 0x80, 0x0, 0x0,
    0x5f, 0xff, 0xff, 0xff, 0xff, 0xff, 0xd0, 0x0,
    0x0, 0x7f, 0xff, 0xff, 0xff, 0xff, 0xff, 0xf0,
    0x0, 0x0, 0x8f, 0xff, 0xff, 0xff, 0xff, 0xff,
    0xf0, 0x0, 0x0, 0x9f, 0xff, 0xff, 0xff, 0xff,
    0xff, 0xf1, 0x0, 0x0, 0xdf, 0xff, 0xff, 0xff,
    0xff, 0xff, 0xf5, 0x0, 0x1, 0xff, 0xff, 0xff,
    0xff, 0xff, 0xff, 0xf9, 0x0, 0x9, 0xff, 0xff,
    0xff, 0xff, 0xff, 0xff, 0xff, 0x10, 0x5f, 0xff,
    0xff, 0xff, 0xff, 0xff, 0xff, 0xff, 0xd0, 0xef,
    0xff, 0xff, 0xff, 0xff, 0xff, 0xff, 0xff, 0xf6,
    0x9f, 0xff, 0xff, 0xff, 0xff, 0xff, 0xff, 0xff,
    0xe3, 0x0, 0x0, 0x0, 0x0, 0x0, 0x0, 0x0,
    0x0, 0x0, 0x0, 0x0, 0x0, 0xaf, 0xff, 0xf2,
    0x0, 0x0, 0x0, 0x0, 0x0, 0x0, 0x3f, 0xff,
    0xa0, 0x0, 0x0, 0x0, 0x0, 0x0, 0x0, 0x2,
    0x75, 0x0, 0x0, 0x0, 0x0,

    /* U+F0F4 "" */
    0x0, 0x0, 0x4, 0x77, 0x77, 0x77, 0x77, 0x77,
    0x77, 0x77, 0x76, 0x40, 0x0, 0x0, 0x0, 0x0,
    0xff, 0xff, 0xff, 0xff, 0xff, 0xff, 0xff, 0xff,
    0xff, 0xd2, 0x0, 0x0, 0x0, 0x1f, 0xff, 0xff,
    0xff, 0xff, 0xff, 0xff, 0xff, 0xff, 0xff, 0xe2,
    0x0, 0x0, 0x1, 0xff, 0xff, 0xff, 0xff, 0xff,
    0xff, 0xff, 0xe0, 0x18, 0xff, 0xa0, 0x0, 0x0,
    0x1f, 0xff, 0xff, 0xff, 0xff, 0xff, 0xff, 0xfe,
    0x0, 0xa, 0xff, 0x0, 0x0, 0x1, 0xff, 0xff,
    0xff, 0xff, 0xff, 0xff, 0xff, 0xe0, 0x0, 0x6f,
    0xf2, 0x0, 0x0, 0x1f, 0xff, 0xff, 0xff, 0xff,
    0xff, 0xff, 0xfe, 0x0, 0x7, 0xff, 0x10, 0x0,
    0x1, 0xff, 0xff, 0xff, 0xff, 0xff, 0xff, 0xff,
    0xe0, 0x2, 0xef, 0xd0, 0x0, 0x0, 0x1f, 0xff,
    0xff, 0xff, 0xff, 0xff, 0xff, 0xff, 0xab, 0xff,
    0xf5, 0x0, 0x0, 0x1, 0xff, 0xff, 0xff, 0xff,
    0xff, 0xff, 0xff, 0xff, 0xff, 0xf8, 0x0, 0x0,
    0x0, 0x1f, 0xff, 0xff, 0xff, 0xff, 0xff, 0xff,
    0xff, 0xdd, 0xa4, 0x0, 0x0, 0x0, 0x0, 0xef,
    0xff, 0xff, 0xff, 0xff, 0xff, 0xff, 0xd0, 0x0,
    0x0, 0x0, 0x0, 0x0, 0x8, 0xff, 0xff, 0xff,
    0xff, 0xff, 0xff, 0xf7, 0x0, 0x0, 0x0, 0x0,
    0x0, 0x0, 0x9, 0xff, 0xff, 0xff, 0xff, 0xff,
    0xf7, 0x0, 0x0, 0x0, 0x0, 0x0, 0x0, 0x0,
    0x1, 0x44, 0x44, 0x44, 0x44, 0x31, 0x0, 0x0,
    0x0, 0x0, 0x0, 0x47, 0x77, 0x77, 0x77, 0x77,
    0x77, 0x77, 0x77, 0x77, 0x77, 0x77, 0x75, 0x0,
    0xb, 0xff, 0xff, 0xff, 0xff, 0xff, 0xff, 0xff,
    0xff, 0xff, 0xff, 0xff, 0xd0, 0x0, 0x4e, 0xff,
    0xff, 0xff, 0xff, 0xff, 0xff, 0xff, 0xff, 0xff,
    0xff, 0xe4, 0x0, 0x0, 0x0, 0x0, 0x0, 0x0,
    0x0, 0x0, 0x0, 0x0, 0x0, 0x0, 0x0, 0x0,
    0x0,

    /* U+F0FC "" */
    0x0, 0x0, 0x0, 0x0, 0x0, 0x0, 0x0, 0x0,
    0x0, 0xdf, 0xff, 0xff, 0xff, 0xff, 0xff, 0x80,
    0x0, 0x0, 0xff, 0xff, 0xff, 0xff, 0xff, 0xff,
    0xa0, 0x0, 0x0, 0xff, 0xff, 0xff, 0xff, 0xff,
    0xff, 0xd8, 0x85, 0x0, 0xff, 0xff, 0xdf, 0xff,
    0xdf, 0xff, 0xff, 0xff, 0xa0, 0xff, 0xfc, 0xf,
    0xf8, 0x1f, 0xff, 0xff, 0xff, 0xf4, 0xff, 0xfc,
    0xf, 0xf8, 0x1f, 0xff, 0xa0, 0x1f, 0xf7, 0xff,
    0xfc, 0xf, 0xf8, 0x1f, 0xff, 0xa0, 0xf, 0xf8,
    0xff, 0xfc, 0xf, 0xf8, 0x1f, 0xff, 0xa0, 0xf,
    0xf8, 0xff, 0xfc, 0xf, 0xf8, 0x1f, 0xff, 0xa0,
    0xf, 0xf8, 0xff, 0xfc, 0xf, 0xf8, 0x1f, 0xff,
    0xa0, 0xf, 0xf8, 0xff, 0xfc, 0xf, 0xf8, 0x1f,
    0xff, 0xa0, 0x1f, 0xf7, 0xff, 0xfc, 0xf, 0xf8,
    0x1f, 0xff, 0xc9, 0xff, 0xf3, 0xff, 0xfc, 0xf,
    0xf8, 0x1f, 0xff, 0xff, 0xff, 0x80, 0xff, 0xff,
    0xdf, 0xff, 0xdf, 0xff, 0xff, 0xa3, 0x0, 0xff,
    0xff, 0xff, 0xff, 0xff, 0xff, 0xc1, 0x0, 0x0,
    0xff, 0xff, 0xff, 0xff, 0xff, 0xff, 0xa0, 0x0,
    0x0, 0xdf, 0xff, 0xff, 0xff, 0xff, 0xff, 0x80,
    0x0, 0x0, 0x0, 0x0, 0x0, 0x0, 0x0, 0x0,
    0x0, 0x0, 0x0,

    /* U+F118 "" */
    0x0, 0x0, 0x0, 0x0, 0x1, 0x10, 0x0, 0x0,
    0x0, 0x0, 0x0, 0x0, 0x3, 0x9e, 0xff, 0xff,
    0xb5, 0x0, 0x0, 0x0, 0x0, 0x0, 0xaf, 0xff,
    0xff, 0xff, 0xff, 0xd3, 0x0, 0x0, 0x0, 0x1d,
    0xff, 0xff, 0xff, 0xff, 0xff, 0xff, 0x50, 0x0,
    0x0, 0xcf, 0xff, 0xff, 0xff, 0xff, 0xff, 0xff,
    0xf3, 0x0, 0x9, 0xff, 0xff, 0xff, 0xff, 0xff,
    0xff, 0xff, 0xfe, 0x0, 0x2f, 0xff, 0xff, 0xff,
    0xff, 0xff, 0xff, 0xff, 0xff, 0x70, 0x8f, 0xff,
    0xfe, 0x7d, 0xff, 0xff, 0x8b, 0xff, 0xff, 0xd0,
    0xcf, 0xff, 0xf5, 0x4, 0xff, 0xf9, 0x0, 0xff,
    0xff, 0xf2, 0xef, 0xff, 0xfb, 0x29, 0xff, 0xfe,
    0x36, 0xff, 0xff, 0xf4, 0xff, 0xff, 0xff, 0xff,
    0xff, 0xff, 0xff, 0xff, 0xff, 0xf5, 0xef, 0xff,
    0xff, 0xff, 0xff, 0xff, 0xff, 0xff, 0xff, 0xf4,
    0xcf, 0xff, 0xff, 0xff, 0xff, 0xff, 0xff, 0xff,
    0xff, 0xf2, 0x8f, 0xff, 0xf3, 0x9f, 0xff, 0xff,
    0xd2, 0xcf, 0xff, 0xe0, 0x2f, 0xff, 0xfa, 0x5,
    0xce, 0xd8, 0x14, 0xff, 0xff, 0x80, 0x9, 0xff,
    0xff, 0xc4, 0x0, 0x2, 0x9f, 0xff, 0xfe, 0x0,
    0x0, 0xdf, 0xff, 0xff, 0xfe, 0xff, 0xff, 0xff,
    0xf4, 0x0, 0x0, 0x2d, 0xff, 0xff, 0xff, 0xff,
    0xff, 0xff, 0x50, 0x0, 0x0, 0x1, 0xaf, 0xff,
    0xff, 0xff, 0xff, 0xd3, 0x0, 0x0, 0x0, 0x0,
    0x3, 0xae, 0xff, 0xff, 0xc6, 0x0, 0x0, 0x0,
    0x0, 0x0, 0x0, 0x0, 0x12, 0x10, 0x0, 0x0,
    0x0, 0x0,

    /* U+F119 "" */
    0x0, 0x0, 0x0, 0x0, 0x1, 0x10, 0x0, 0x0,
    0x0, 0x0, 0x0, 0x0, 0x3, 0x9e, 0xff, 0xff,
    0xb5, 0x0, 0x0, 0x0, 0x0, 0x0, 0xaf, 0xff,
    0xff, 0xff, 0xff, 0xd3, 0x0, 0x0, 0x0, 0x1d,
    0xff, 0xff, 0xff, 0xff, 0xff, 0xff, 0x50, 0x0,
    0x0, 0xdf, 0xff, 0xff, 0xff, 0xff, 0xff, 0xff,
    0xf4, 0x0, 0x9, 0xff, 0xff, 0xff, 0xff, 0xff,
    0xff, 0xff, 0xfe, 0x0, 0x2f, 0xff, 0xff, 0xff,
    0xff, 0xff, 0xff, 0xff, 0xff, 0x80, 0x8f, 0xff,
    0xfe, 0x7d, 0xff, 0xff, 0x8b, 0xff, 0xff, 0xe0,
    0xcf, 0xff, 0xf5, 0x4, 0xff, 0xf9, 0x0, 0xff,
    0xff, 0xf2, 0xef, 0xff, 0xfb, 0x29, 0xff, 0xfe,
    0x36, 0xff, 0xff, 0xf4, 0xff, 0xff, 0xff, 0xff,
    0xff, 0xff, 0xff, 0xff, 0xff, 0xf5, 0xef, 0xff,
    0xff, 0xff, 0xff, 0xff, 0xff, 0xff, 0xff, 0xf4,
    0xcf, 0xff, 0xff, 0xff, 0xff, 0xff, 0xff, 0xff,
    0xff, 0xf2, 0x8f, 0xff, 0xff, 0xe6, 0x20, 0x14,
    0xbf, 0xff, 0xff, 0xe0, 0x2f, 0xff, 0xfb, 0x3,
    0x9c, 0xb6, 0x6, 0xff, 0xff, 0x80, 0x9, 0xff,
    0xf2, 0x7f, 0xff, 0xff, 0xc1, 0xcf, 0xfe, 0x0,
    0x0, 0xdf, 0xff, 0xff, 0xff, 0xff, 0xff, 0xff,
    0xf4, 0x0, 0x0, 0x1d, 0xff, 0xff, 0xff, 0xff,
    0xff, 0xff, 0x50, 0x0, 0x0, 0x0, 0xaf, 0xff,
    0xff, 0xff, 0xff, 0xd3, 0x0, 0x0, 0x0, 0x0,
    0x3, 0x9e, 0xff, 0xff, 0xb5, 0x0, 0x0, 0x0,
    0x0, 0x0, 0x0, 0x0, 0x1, 0x10, 0x0, 0x0,
    0x0, 0x0,

    /* U+F11A "" */
    0x0, 0x0, 0x0, 0x0, 0x1, 0x10, 0x0, 0x0,
    0x0, 0x0, 0x0, 0x0, 0x3, 0x9e, 0xff, 0xff,
    0xb5, 0x0, 0x0, 0x0, 0x0, 0x0, 0xaf, 0xff,
    0xff, 0xff, 0xff, 0xd3, 0x0, 0x0, 0x0, 0x1d,
    0xff, 0xff, 0xff, 0xff, 0xff, 0xff, 0x50, 0x0,
    0x0, 0xcf, 0xff, 0xff, 0xff, 0xff, 0xff, 0xff,
    0xf3, 0x0, 0x9, 0xff, 0xff, 0xff, 0xff, 0xff,
    0xff, 0xff, 0xfe, 0x0, 0x2f, 0xff, 0xff, 0xff,
    0xff, 0xff, 0xff, 0xff, 0xff, 0x70, 0x8f, 0xff,
    0xfe, 0x7d, 0xff, 0xff, 0x8b, 0xff, 0xff, 0xd0,
    0xcf, 0xff, 0xf6, 0x4, 0xff, 0xfa, 0x0, 0xff,
    0xff, 0xf2, 0xef, 0xff, 0xfa, 0x19, 0xff, 0xfd,
    0x25, 0xff, 0xff, 0xf4, 0xff, 0xff, 0xff, 0xff,
    0xff, 0xff, 0xff, 0xff, 0xff, 0xf5, 0xef, 0xff,
    0xff, 0xff, 0xff, 0xff, 0xff, 0xff, 0xff, 0xf4,
    0xcf, 0xff, 0xff, 0xff, 0xff, 0xff, 0xff, 0xff,
    0xff, 0xf2, 0x8f, 0xff, 0xfd, 0xbb, 0xbb, 0xbb,
    0xbc, 0xff, 0xff, 0xe0, 0x2f, 0xff, 0xf8, 0x22,
    0x22, 0x22, 0x22, 0xff, 0xff, 0x80, 0x9, 0xff,
    0xff, 0xff, 0xff, 0xff, 0xff, 0xff, 0xfe, 0x0,
    0x0, 0xdf, 0xff, 0xff, 0xff, 0xff, 0xff, 0xff,
    0xf4, 0x0, 0x0, 0x2d, 0xff, 0xff, 0xff, 0xff,
    0xff, 0xff, 0x50, 0x0, 0x0, 0x1, 0xaf, 0xff,
    0xff, 0xff, 0xff, 0xd3, 0x0, 0x0, 0x0, 0x0,
    0x3, 0xae, 0xff, 0xff, 0xc6, 0x0, 0x0, 0x0,
    0x0, 0x0, 0x0, 0x0, 0x12, 0x10, 0x0, 0x0,
    0x0, 0x0,

    /* U+F11C "" */
    0x5e, 0xff, 0xff, 0xff, 0xff, 0xff, 0xff, 0xff,
    0xff, 0xff, 0xfb, 0xe, 0xff, 0xff, 0xff, 0xff,
    0xff, 0xff, 0xff, 0xff, 0xff, 0xff, 0xf6, 0xff,
    0xc8, 0x8f, 0xa8, 0xaf, 0x88, 0xbf, 0x88, 0xfb,
    0x88, 0xff, 0x8f, 0xf8, 0x0, 0xf4, 0x4, 0xf0,
    0x5, 0xe0, 0xe, 0x50, 0xf, 0xf8, 0xff, 0x80,
    0xf, 0x40, 0x4f, 0x0, 0x6f, 0x0, 0xf6, 0x0,
    0xff, 0x8f, 0xff, 0xff, 0xff, 0xff, 0xff, 0xff,
    0xff, 0xff, 0xff, 0xff, 0xf8, 0xff, 0xff, 0x94,
    0x6f, 0x64, 0x8f, 0x44, 0xbb, 0x44, 0xff, 0xff,
    0x8f, 0xff, 0xf6, 0x2, 0xf2, 0x5, 0xf0, 0x8,
    0x80, 0xe, 0xff, 0xf8, 0xff, 0xff, 0x94, 0x6f,
    0x64, 0x8f, 0x44, 0xbb, 0x44, 0xff, 0xff, 0x8f,
    0xff, 0xff, 0xff, 0xff, 0xff, 0xff, 0xff, 0xff,
    0xff, 0xff, 0xf8, 0xff, 0x80, 0xf, 0x40, 0x0,
    0x0, 0x0, 0x0, 0xf6, 0x0, 0xff, 0x8f, 0xf8,
    0x0, 0xf4, 0x0, 0x0, 0x0, 0x0, 0xe, 0x50,
    0xf, 0xf8, 0xff, 0xc8, 0x8f, 0xa8, 0x88, 0x88,
    0x88, 0x88, 0xfb, 0x88, 0xff, 0x8e, 0xff, 0xff,
    0xff, 0xff, 0xff, 0xff, 0xff, 0xff, 0xff, 0xff,
    0xf6, 0x5e, 0xff, 0xff, 0xff, 0xff, 0xff, 0xff,
    0xff, 0xff, 0xff, 0xfb, 0x0,

    /* U+F124 "" */
    0x0, 0x0, 0x0, 0x0, 0x0, 0x0, 0x0, 0x0,
    0x0, 0x56, 0x0, 0x0, 0x0, 0x0, 0x0, 0x0,
    0x0, 0x0, 0x1, 0x7e, 0xff, 0xa0, 0x0, 0x0,
    0x0, 0x0, 0x0, 0x0, 0x1, 0x8f, 0xff, 0xff,
    0xf0, 0x0, 0x0, 0x0, 0x0, 0x0, 0x2, 0xaf,
    0xff, 0xff, 0xff, 0xa0, 0x0, 0x0, 0x0, 0x0,
    0x4, 0xbf, 0xff, 0xff, 0xff, 0xff, 0x30, 0x0,
    0x0, 0x0, 0x5, 0xcf, 0xff, 0xff, 0xff, 0xff,
    0xfb, 0x0, 0x0, 0x0, 0x6, 0xdf, 0xff, 0xff,
    0xff, 0xff, 0xff, 0xf4, 0x0, 0x0, 0x18, 0xef,
    0xff, 0xff, 0xff, 0xff, 0xff, 0xff, 0xd0, 0x0,
    0x5, 0xff, 0xff, 0xff, 0xff, 0xff, 0xff, 0xff,
    0xff, 0x50, 0x0, 0xe, 0xff, 0xff, 0xff, 0xff,
    0xff, 0xff, 0xff, 0xfe, 0x0, 0x0, 0xd, 0xff,
    0xff, 0xff, 0xff, 0xff, 0xff, 0xff, 0xf7, 0x0,
    0x0, 0x2, 0xac, 0xcc, 0xcc, 0xcd, 0xff, 0xff,
    0xff, 0xf0, 0x0, 0x0, 0x0, 0x0, 0x0, 0x0,
    0x4, 0xff, 0xff, 0xff, 0x80, 0x0, 0x0, 0x0,
    0x0, 0x0, 0x0, 0x4, 0xff, 0xff, 0xff, 0x10,
    0x0, 0x0, 0x0, 0x0, 0x0, 0x0, 0x4, 0xff,
    0xff, 0xf9, 0x0, 0x0, 0x0, 0x0, 0x0, 0x0,
    0x0, 0x4, 0xff, 0xff, 0xf2, 0x0, 0x0, 0x0,
    0x0, 0x0, 0x0, 0x0, 0x4, 0xff, 0xff, 0xb0,
    0x0, 0x0, 0x0, 0x0, 0x0, 0x0, 0x0, 0x4,
    0xff, 0xff, 0x30, 0x0, 0x0, 0x0, 0x0, 0x0,
    0x0, 0x0, 0x3, 0xff, 0xfc, 0x0, 0x0, 0x0,
    0x0, 0x0, 0x0, 0x0, 0x0, 0x0, 0xef, 0xf4,
    0x0, 0x0, 0x0, 0x0, 0x0, 0x0, 0x0, 0x0,
    0x0, 0x27, 0x30, 0x0, 0x0, 0x0, 0x0,

    /* U+F135 "" */
    0x0, 0x0, 0x0, 0x0, 0x0, 0x0, 0x2, 0x57,
    0x77, 0x51, 0x0, 0x0, 0x0, 0x0, 0x0, 0x4,
    0xdf, 0xff, 0xff, 0xfc, 0x0, 0x0, 0x0, 0x0,
    0x0, 0x8f, 0xff, 0xff, 0xff, 0xfe, 0x0, 0x0,
    0x0, 0x0, 0x9, 0xff, 0xff, 0xff, 0xff, 0xff,
    0x0, 0x0, 0x0, 0x0, 0x6f, 0xff, 0xfd, 0x11,
    0xdf, 0xff, 0x0, 0x3, 0x44, 0x45, 0xff, 0xff,
    0xf7, 0x0, 0x7f, 0xff, 0x0, 0xcf, 0xff, 0xff,
    0xff, 0xff, 0xfb, 0x0, 0xbf, 0xfc, 0x5, 0xff,
    0xff, 0xff, 0xff, 0xff, 0xff, 0xdd, 0xff, 0xf8,
    0xd, 0xff, 0xff, 0xff, 0xff, 0xff, 0xff, 0xff,
    0xff, 0xf2, 0x5f, 0xff, 0xff, 0xff, 0xff, 0xff,
    0xff, 0xff, 0xff, 0x90, 0xdf, 0xff, 0xff, 0xff,
    0xff, 0xff, 0xff, 0xff, 0xfc, 0x0, 0xcf, 0xff,
    0xff, 0xff, 0xff, 0xff, 0xff, 0xff, 0xc0, 0x0,
    0x0, 0x0, 0x8f, 0xff, 0xff, 0xff, 0xff, 0xf8,
    0x0, 0x0, 0x0, 0x2, 0xff, 0xff, 0xff, 0xff,
    0xff, 0xf0, 0x0, 0x0, 0x0, 0x0, 0xdf, 0xff,
    0xff, 0xff, 0xff, 0xf0, 0x0, 0x0, 0x0, 0x0,
    0x2e, 0xff, 0xff, 0xff, 0xff, 0xf0, 0x0, 0x0,
    0x0, 0x0, 0x2, 0xcc, 0x5f, 0xff, 0xff, 0xf0,
    0x0, 0x0, 0x0, 0x0, 0x0, 0x0, 0x4f, 0xff,
    0xff, 0xe0, 0x0, 0x0, 0x0, 0x0, 0x0, 0x0,
    0x4f, 0xff, 0xfe, 0x40, 0x0, 0x0, 0x0, 0x0,
    0x0, 0x0, 0x3f, 0xfe, 0x60, 0x0, 0x0, 0x0,
    0x0, 0x0, 0x0, 0x0, 0x9, 0x60, 0x0, 0x0,
    0x0, 0x0,

    /* U+F15B "" */
    0x24, 0x44, 0x44, 0x44, 0x30, 0x30, 0x0, 0xf,
    0xff, 0xff, 0xff, 0xfc, 0xf, 0x60, 0x0, 0xff,
    0xff, 0xff, 0xff, 0xc0, 0xff, 0x60, 0xf, 0xff,
    0xff, 0xff, 0xfc, 0xf, 0xff, 0x60, 0xff, 0xff,
    0xff, 0xff, 0xc0, 0xff, 0xff, 0x6f, 0xff, 0xff,
    0xff, 0xfc, 0xb, 0xbb, 0xbb, 0xff, 0xff, 0xff,
    0xff, 0xe1, 0x0, 0x0, 0xf, 0xff, 0xff, 0xff,
    0xff, 0xff, 0xff, 0xff, 0xff, 0xff, 0xff, 0xff,
    0xff, 0xff, 0xff, 0xff, 0xff, 0xff, 0xff, 0xff,
    0xff, 0xff, 0xff, 0xff, 0xff, 0xff, 0xff, 0xff,
    0xff, 0xff, 0xff, 0xff, 0xff, 0xff, 0xff, 0xff,
    0xff, 0xff, 0xff, 0xff, 0xff, 0xff, 0xff, 0xff,
    0xff, 0xff, 0xff, 0xff, 0xff, 0xff, 0xff, 0xff,
    0xff, 0xff, 0xff, 0xff, 0xff, 0xff, 0xff, 0xff,
    0xff, 0xff, 0xff, 0xff, 0xff, 0xff, 0xff, 0xff,
    0xff, 0xff, 0xff, 0xff, 0xff, 0xff, 0xff, 0xff,
    0xff, 0xff, 0xff, 0xff, 0xff, 0xff, 0xff, 0xff,
    0xff, 0xff, 0xff, 0xff, 0xff, 0xff, 0xff, 0xff,
    0xff, 0xff, 0xff, 0xff, 0xff, 0xff, 0x8b, 0xbb,
    0xbb, 0xbb, 0xbb, 0xbb, 0xbb, 0x80,

    /* U+F164 "" */
    0x0, 0x0, 0x0, 0x0, 0x0, 0x2, 0x73, 0x0,
    0x0, 0x0, 0x0, 0x0, 0x0, 0x0, 0x0, 0xb,
    0xff, 0x60, 0x0, 0x0, 0x0, 0x0, 0x0, 0x0,
    0x0, 0x1f, 0xff, 0xd0, 0x0, 0x0, 0x0, 0x0,
    0x0, 0x0, 0x0, 0x5f, 0xff, 0xf0, 0x0, 0x0,
    0x0, 0x0, 0x0, 0x0, 0x0, 0xcf, 0xff, 0xd0,
    0x0, 0x0, 0x0, 0x0, 0x0, 0x0, 0x7, 0xff,
    0xff, 0x80, 0x0, 0x0, 0x0, 0x0, 0x0, 0x0,
    0x4f, 0xff, 0xff, 0x10, 0x0, 0x0, 0x0, 0x0,
    0x0, 0x1, 0xef, 0xff, 0xfe, 0xaa, 0xaa, 0x60,
    0x0, 0x0, 0x0, 0xc, 0xff, 0xff, 0xff, 0xff,
    0xff, 0xf9, 0x9c, 0xcc, 0x80, 0x8f, 0xff, 0xff,
    0xff, 0xff, 0xff, 0xff, 0xff, 0xff, 0xf0, 0xcf,
    0xff, 0xff, 0xff, 0xff, 0xff, 0xfd, 0xff, 0xff,
    0xf0, 0xcf, 0xff, 0xff, 0xff, 0xff, 0xff, 0xf5,
    0xff, 0xff, 0xf0, 0xcf, 0xff, 0xff, 0xff, 0xff,
    0xff, 0xf6, 0xff, 0xff, 0xf0, 0xcf, 0xff, 0xff,
    0xff, 0xff, 0xff, 0xf5, 0xff, 0xff, 0xf0, 0xcf,
    0xff, 0xff, 0xff, 0xff, 0xff, 0xf0, 0xff, 0xff,
    0xf0, 0xcf, 0xff, 0xff, 0xff, 0xff, 0xff, 0xf0,
    0xff, 0xff, 0xf0, 0xcf, 0xff, 0xff, 0xff, 0xff,
    0xff, 0xc0, 0xfc, 0x1c, 0xf0, 0xcf, 0xff, 0xff,
    0xff, 0xff, 0xff, 0x50, 0xfc, 0x1c, 0xf0, 0x6c,
    0xff, 0xff, 0xff, 0xff, 0xff, 0x40, 0xff, 0xff,
    0xf0, 0x0, 0x29, 0xef, 0xff, 0xff, 0xfc, 0x0,
    0x58, 0x88, 0x50, 0x0, 0x0, 0x3, 0x67, 0x76,
    0x30, 0x0,

    /* U+F165 "" */
    0x0, 0x0, 0x0, 0x0, 0x0, 0x0, 0x34, 0x43,
    0x0, 0x0, 0x0, 0x0, 0x0, 0x0, 0x5, 0xbf,
    0xff, 0xff, 0xf8, 0x0, 0xdf, 0xff, 0xd0, 0x39,
    0xef, 0xff, 0xff, 0xff, 0xff, 0x30, 0xff, 0xff,
    0xf0, 0xbf, 0xff, 0xff, 0xff, 0xff, 0xff, 0x40,
    0xff, 0xff, 0xf0, 0xcf, 0xff, 0xff, 0xff, 0xff,
    0xff, 0xb0, 0xff, 0xff, 0xf0, 0xcf, 0xff, 0xff,
    0xff, 0xff, 0xff, 0xf0, 0xff, 0xff, 0xf0, 0xcf,
    0xff, 0xff, 0xff, 0xff, 0xff, 0xf0, 0xff, 0xff,
    0xf0, 0xcf, 0xff, 0xff, 0xff, 0xff, 0xff, 0xf4,
    0xff, 0xff, 0xf0, 0xcf, 0xff, 0xff, 0xff, 0xff,
    0xff, 0xf7, 0xff, 0xdf, 0xf0, 0xcf, 0xff, 0xff,
    0xff, 0xff, 0xff, 0xf5, 0xfa, 0xa, 0xf0, 0xcf,
    0xff, 0xff, 0xff, 0xff, 0xff, 0xfc, 0xfe, 0x6e,
    0xf0, 0xaf, 0xff, 0xff, 0xff, 0xff, 0xff, 0xff,
    0xef, 0xff, 0xe0, 0x1e, 0xff, 0xff, 0xff, 0xff,
    0xff, 0xfb, 0x13, 0x33, 0x10, 0x3, 0xff, 0xff,
    0xff, 0xdd, 0xdd, 0xa1, 0x0, 0x0, 0x0, 0x0,
    0x7f, 0xff, 0xfe, 0x0, 0x0, 0x0, 0x0, 0x0,
    0x0, 0x0, 0xb, 0xff, 0xff, 0x60, 0x0, 0x0,
    0x0, 0x0, 0x0, 0x0, 0x0, 0xdf, 0xff, 0xc0,
    0x0, 0x0, 0x0, 0x0, 0x0, 0x0, 0x0, 0x6f,
    0xff, 0xf0, 0x0, 0x0, 0x0, 0x0, 0x0, 0x0,
    0x0, 0x2f, 0xff, 0xe0, 0x0, 0x0, 0x0, 0x0,
    0x0, 0x0, 0x0, 0xd, 0xff, 0x80, 0x0, 0x0,
    0x0, 0x0, 0x0, 0x0, 0x0, 0x3, 0xa6, 0x0,
    0x0, 0x0,

    /* U+F185 "" */
    0x0, 0x0, 0x0, 0x0, 0x1, 0x10, 0x0, 0x0,
    0x0, 0x0, 0x0, 0x0, 0x0, 0x0, 0xd, 0xc0,
    0x0, 0x0, 0x0, 0x0, 0x0, 0x0, 0x0, 0x0,
    0x5f, 0xf4, 0x0, 0x0, 0x0, 0x0, 0x0, 0x17,
    0x30, 0x0, 0xdf, 0xfc, 0x0, 0x3, 0x71, 0x0,
    0x0, 0x2f, 0xfe, 0x87, 0xff, 0xff, 0x79, 0xef,
    0xf2, 0x0, 0x0, 0xc, 0xff, 0xff, 0xfc, 0xcf,
    0xff, 0xff, 0xd0, 0x0, 0x0, 0x7, 0xff, 0xf6,
    0x14, 0x41, 0x6f, 0xff, 0x70, 0x0, 0x0, 0x1,
    0xff, 0x36, 0xff, 0xff, 0x53, 0xff, 0x10, 0x0,
    0x0, 0x4c, 0xf8, 0x3f, 0xff, 0xff, 0xf3, 0x8f,
    0xc4, 0x0, 0x4c, 0xff, 0xf2, 0xaf, 0xff, 0xff,
    0xf9, 0x2f, 0xff, 0xc4, 0xef, 0xff, 0xf0, 0xbf,
    0xff, 0xff, 0xfb, 0xf, 0xff, 0xfe, 0x19, 0xff,
    0xf1, 0x9f, 0xff, 0xff, 0xf8, 0x1f, 0xff, 0x91,
    0x0, 0x19, 0xf5, 0x2f, 0xff, 0xff, 0xf1, 0x5f,
    0x91, 0x0, 0x0, 0x2, 0xfd, 0x3, 0xdf, 0xfc,
    0x30, 0xdf, 0x20, 0x0, 0x0, 0x7, 0xff, 0xb0,
    0x1, 0x10, 0xb, 0xff, 0x70, 0x0, 0x0, 0xb,
    0xff, 0xfe, 0x85, 0x58, 0xef, 0xff, 0xc0, 0x0,
    0x0, 0x1f, 0xff, 0xfd, 0xff, 0xff, 0xdf, 0xff,
    0xf1, 0x0, 0x0, 0x2e, 0xa5, 0x1, 0xff, 0xff,
    0x10, 0x5a, 0xe2, 0x0, 0x0, 0x0, 0x0, 0x0,
    0x8f, 0xf8, 0x0, 0x0, 0x0, 0x0, 0x0, 0x0,
    0x0, 0x0, 0x1f, 0xe1, 0x0, 0x0, 0x0, 0x0,
    0x0, 0x0, 0x0, 0x0, 0x6, 0x50, 0x0, 0x0,
    0x0, 0x0,

    /* U+F186 "" */
    0x0, 0x0, 0x0, 0x0, 0x23, 0x32, 0x0, 0x0,
    0x0, 0x0, 0x0, 0x0, 0x29, 0xef, 0xff, 0xf2,
    0x0, 0x0, 0x0, 0x0, 0x0, 0x9f, 0xff, 0xff,
    0xd3, 0x0, 0x0, 0x0, 0x0, 0x0, 0xcf, 0xff,
    0xff, 0xe1, 0x0, 0x0, 0x0, 0x0, 0x0, 0xbf,
    0xff, 0xff, 0xf4, 0x0, 0x0, 0x0, 0x0, 0x0,
    0x7f, 0xff, 0xff, 0xfb, 0x0, 0x0, 0x0, 0x0,
    0x0, 0x1e, 0xff, 0xff, 0xff, 0x50, 0x0, 0x0,
    0x0, 0x0, 0x6, 0xff, 0xff, 0xff, 0xf2, 0x0,
    0x0, 0x0, 0x0, 0x0, 0xaf, 0xff, 0xff, 0xff,
    0x10, 0x0, 0x0, 0x0, 0x0, 0xd, 0xff, 0xff,
    0xff, 0xf2, 0x0, 0x0, 0x0, 0x0, 0x0, 0xef,
    0xff, 0xff, 0xff, 0x40, 0x0, 0x0, 0x0, 0x0,
    0xe, 0xff, 0xff, 0xff, 0xfa, 0x0, 0x0, 0x0,
    0x0, 0x0, 0xcf, 0xff, 0xff, 0xff, 0xf2, 0x0,
    0x0, 0x0, 0x0, 0x8, 0xff, 0xff, 0xff, 0xff,
    0xc0, 0x0, 0x0, 0x0, 0x0, 0x3f, 0xff, 0xff,
    0xff, 0xff, 0xc1, 0x0, 0x0, 0x0, 0x0, 0xbf,
    0xff, 0xff, 0xff, 0xff, 0xe6, 0x0, 0x0, 0x0,
    0x1, 0xef, 0xff, 0xff, 0xff, 0xff, 0xff, 0xb9,
    0xa9, 0x0, 0x3, 0xff, 0xff, 0xff, 0xff, 0xff,
    0xff, 0xff, 0x50, 0x0, 0x3, 0xef, 0xff, 0xff,
    0xff, 0xff, 0xff, 0x50, 0x0, 0x0, 0x1, 0x9f,
    0xff, 0xff, 0xff, 0xfa, 0x20, 0x0, 0x0, 0x0,
    0x0, 0x16, 0x9b, 0xb9, 0x61, 0x0, 0x0, 0x0,

    /* U+F1B9 "" */
    0x0, 0x0, 0x5, 0xcf, 0xff, 0xff, 0xfe, 0xa2,
    0x0, 0x0, 0x0, 0x0, 0x8, 0xff, 0xff, 0xff,
    0xff, 0xff, 0xf3, 0x0, 0x0, 0x0, 0x3, 0xff,
    0xe8, 0x88, 0x88, 0x8b, 0xff, 0xd0, 0x0, 0x0,
    0x0, 0xaf, 0xf1, 0x0, 0x0, 0x0, 0x9, 0xff,
    0x40, 0x0, 0x9d, 0xdf, 0xf9, 0x0, 0x0, 0x0,
    0x0, 0x2f, 0xfe, 0xdd, 0x49, 0xff, 0xff, 0xb9,
    0x99, 0x99, 0x99, 0x99, 0xef, 0xff, 0xf3, 0xa,
    0xff, 0xff, 0xff, 0xff, 0xff, 0xff, 0xff, 0xff,
    0xf5, 0x0, 0xff, 0x89, 0xff, 0xff, 0xff, 0xff,
    0xff, 0xd6, 0xbf, 0xb0, 0x2f, 0xc0, 0x8, 0xff,
    0xff, 0xff, 0xff, 0xe1, 0x2, 0xfc, 0x2, 0xfe,
    0x20, 0x4f, 0xff, 0xff, 0xff, 0xfb, 0x0, 0x7f,
    0xc0, 0x1f, 0xff, 0xff, 0xff, 0xff, 0xff, 0xff,
    0xff, 0xff, 0xfb, 0x0, 0xaf, 0xff, 0xff, 0xff,
    0xff, 0xff, 0xff, 0xff, 0xff, 0x40, 0x8, 0xff,
    0xf9, 0x88, 0x88, 0x88, 0x88, 0x8d, 0xff, 0xf2,
    0x0, 0x8f, 0xff, 0x30, 0x0, 0x0, 0x0, 0x0,
    0xbf, 0xff, 0x20, 0x3, 0xef, 0xc0, 0x0, 0x0,
    0x0, 0x0, 0x6, 0xff, 0xc0, 0x0,

    /* U+F1BB "" */
    0x0, 0x0, 0x0, 0x0, 0x20, 0x0, 0x0, 0x0,
    0x0, 0x0, 0x0, 0xa, 0xf5, 0x0, 0x0, 0x0,
    0x0, 0x0, 0x0, 0xaf, 0xff, 0x40, 0x0, 0x0,
    0x0, 0x0, 0x9, 0xff, 0xff, 0xf4, 0x0, 0x0,
    0x0, 0x0, 0x8f, 0xff, 0xff, 0xff, 0x30, 0x0,
    0x0, 0x6, 0xff, 0xff, 0xff, 0xff, 0xe1, 0x0,
    0x0, 0x7, 0xff, 0xff, 0xff, 0xff, 0xe2, 0x0,
    0x0, 0x0, 0x2e, 0xff, 0xff, 0xfb, 0x0, 0x0,
    0x0, 0x1, 0xef, 0xff, 0xff, 0xff, 0xa0, 0x0,
    0x0, 0xc, 0xff, 0xff, 0xff, 0xff, 0xf8, 0x0,
    0x0, 0xaf, 0xff, 0xff, 0xff, 0xff, 0xff, 0x50,
    0x0, 0xbf, 0xff, 0xff, 0xff, 0xff, 0xff, 0x60,
    0x0, 0x4, 0xff, 0xff, 0xff, 0xff, 0xd1, 0x0,
    0x0, 0x3f, 0xff, 0xff, 0xff, 0xff, 0xfc, 0x0,
    0x2, 0xef, 0xff, 0xff, 0xff, 0xff, 0xff, 0xb0,
    0xd, 0xff, 0xff, 0xff, 0xff, 0xff, 0xff, 0xf8,
    0xd, 0xff, 0xff, 0xff, 0xff, 0xff, 0xff, 0xf9,
    0x0, 0x0, 0x0, 0xe, 0xf9, 0x0, 0x0, 0x0,
    0x0, 0x0, 0x0, 0x4f, 0xfe, 0x0, 0x0, 0x0,
    0x0, 0x0, 0x0, 0xdf, 0xff, 0x80, 0x0, 0x0,
    0x0, 0x0, 0x0, 0xab, 0xbb, 0x80, 0x0, 0x0,

    /* U+F1E2 "" */
    0x0, 0x0, 0x0, 0x0, 0x0, 0x0, 0x0, 0x0,
    0x26, 0x0, 0x0, 0x0, 0x0, 0x0, 0x0, 0x0,
    0x0, 0xa, 0x6a, 0x92, 0x0, 0x0, 0x0, 0x0,
    0x0, 0x0, 0x0, 0x4, 0x73, 0xd4, 0x0, 0x0,
    0x0, 0x0, 0x0, 0x0, 0x0, 0x0, 0x90, 0x99,
    0x0, 0x0, 0x6, 0xac, 0xdb, 0x75, 0xfb, 0x1c,
    0x72, 0xd1, 0x0, 0x5, 0xef, 0xff, 0xff, 0xff,
    0xff, 0xf8, 0x0, 0x31, 0x0, 0x8f, 0xff, 0xff,
    0xff, 0xff, 0xff, 0xfb, 0x0, 0x0, 0x5, 0xff,
    0xf9, 0x4c, 0xff, 0xff, 0xff, 0xff, 0x60, 0x0,
    0x1e, 0xff, 0x30, 0x1b, 0xff, 0xff, 0xff, 0xff,
    0x30, 0x0, 0x7f, 0xf8, 0xa, 0xff, 0xff, 0xff,
    0xff, 0xfa, 0x0, 0x0, 0xcf, 0xf3, 0x7f, 0xff,
    0xff, 0xff, 0xff, 0xfe, 0x0, 0x0, 0xef, 0xf4,
    0xbf, 0xff, 0xff, 0xff, 0xff, 0xff, 0x10, 0x0,
    0xff, 0xff, 0xff, 0xff, 0xff, 0xff, 0xff, 0xff,
    0x30, 0x0, 0xef, 0xff, 0xff, 0xff, 0xff, 0xff,
    0xff, 0xff, 0x20, 0x0, 0xbf, 0xff, 0xff, 0xff,
    0xff, 0xff, 0xff, 0xff, 0x0, 0x0, 0x6f, 0xff,
    0xff, 0xff, 0xff, 0xff, 0xff, 0xfb, 0x0, 0x0,
    0xe, 0xff, 0xff, 0xff, 0xff, 0xff, 0xff, 0xf3,
    0x0, 0x0, 0x4, 0xff, 0xff, 0xff, 0xff, 0xff,
    0xff, 0x80, 0x0, 0x0, 0x0, 0x6f, 0xff, 0xff,
    0xff, 0xff, 0xf9, 0x0, 0x0, 0x0, 0x0, 0x3,
    0xdf, 0xff, 0xff, 0xfe, 0x60, 0x0, 0x0, 0x0,
    0x0, 0x0, 0x4, 0x8a, 0xa9, 0x50, 0x0, 0x0,
    0x0, 0x0,

    /* U+F1E3 "" */
    0x0, 0x0, 0x0, 0x0, 0x2, 0x20, 0x0, 0x0,
    0x0, 0x0, 0x0, 0x0, 0x1, 0x8d, 0xff, 0xff,
    0xd8, 0x10, 0x0, 0x0, 0x0, 0x0, 0x7f, 0xff,
    0xff, 0xff, 0xff, 0xf7, 0x0, 0x0, 0x0, 0xa,
    0xff, 0x8b, 0xff, 0xff, 0xb8, 0xff, 0xa0, 0x0,
    0x0, 0x9f, 0xd2, 0x7, 0xff, 0xff, 0x70, 0x2d,
    0xf9, 0x0, 0x4, 0xff, 0x40, 0x0, 0x1a, 0xa1,
    0x0, 0x4, 0xff, 0x40, 0xd, 0xff, 0xf2, 0x0,
    0x0, 0x0, 0x0, 0x2f, 0xff, 0xd0, 0x3f, 0xff,
    0xf5, 0x0, 0x3, 0x30, 0x0, 0x5f, 0xff, 0xf3,
    0x7f, 0xff, 0xf8, 0x0, 0x7f, 0xf7, 0x0, 0x8f,
    0xff, 0xf7, 0x9f, 0xff, 0xf4, 0xb, 0xff, 0xff,
    0xb0, 0x4f, 0xff, 0xf9, 0xaf, 0xde, 0x30, 0xc,
    0xff, 0xff, 0xc0, 0x3, 0xed, 0xfa, 0x9f, 0x42,
    0x0, 0x7, 0xff, 0xff, 0x70, 0x0, 0x24, 0xf9,
    0x7f, 0x70, 0x0, 0x1, 0xff, 0xff, 0x10, 0x0,
    0x7, 0xf7, 0x3f, 0xc0, 0x20, 0x0, 0x33, 0x33,
    0x0, 0x2, 0xc, 0xf3, 0xd, 0xf7, 0xff, 0xe6,
    0x0, 0x0, 0x6e, 0xff, 0x7f, 0xd0, 0x4, 0xff,
    0xff, 0xfe, 0x0, 0x0, 0xef, 0xff, 0xff, 0x40,
    0x0, 0x9f, 0xff, 0xff, 0x60, 0x6, 0xff, 0xff,
    0xf9, 0x0, 0x0, 0xa, 0xff, 0xfe, 0x50, 0x5,
    0xef, 0xff, 0xa0, 0x0, 0x0, 0x0, 0x7f, 0xff,
    0xdb, 0xbd, 0xff, 0xf7, 0x0, 0x0, 0x0, 0x0,
    0x1, 0x8d, 0xff, 0xff, 0xd8, 0x10, 0x0, 0x0,
    0x0, 0x0, 0x0, 0x0, 0x2, 0x20, 0x0, 0x0,
    0x0, 0x0,

    /* U+F1EB "" */
    0x0, 0x0, 0x0, 0x0, 0x0, 0x23, 0x43, 0x20,
    0x0, 0x0, 0x0, 0x0, 0x0, 0x0, 0x0, 0x3,
    0x8c, 0xff, 0xff, 0xff, 0xfc, 0x83, 0x0, 0x0,
    0x0, 0x0, 0x0, 0x6d, 0xff, 0xff, 0xff, 0xff,
    0xff, 0xff, 0xfd, 0x60, 0x0, 0x0, 0x3, 0xdf,
    0xff, 0xff, 0xff, 0xfe, 0xff, 0xff, 0xff, 0xff,
    0xd3, 0x0, 0x8, 0xff, 0xff, 0xfb, 0x72, 0x0,
    0x0, 0x2, 0x7b, 0xff, 0xff, 0xf8, 0xa, 0xff,
    0xff, 0xa2, 0x0, 0x0, 0x0, 0x0, 0x0, 0x2,
    0xaf, 0xff, 0xfa, 0xbf, 0xfd, 0x30, 0x0, 0x0,
    0x0, 0x0, 0x0, 0x0, 0x0, 0x3d, 0xff, 0xb0,
    0xba, 0x10, 0x0, 0x5, 0x9d, 0xef, 0xed, 0x95,
    0x0, 0x0, 0x1a, 0xb0, 0x0, 0x0, 0x0, 0x6d,
    0xff, 0xff, 0xff, 0xff, 0xfd, 0x60, 0x0, 0x0,
    0x0, 0x0, 0x1, 0xbf, 0xff, 0xff, 0xff, 0xff,
    0xff, 0xff, 0xb1, 0x0, 0x0, 0x0, 0x0, 0x8f,
    0xff, 0xfa, 0x53, 0x23, 0x5a, 0xff, 0xff, 0x80,
    0x0, 0x0, 0x0, 0x0, 0xcf, 0xb1, 0x0, 0x0,
    0x0, 0x1, 0xbf, 0xc0, 0x0, 0x0, 0x0, 0x0,
    0x0, 0x40, 0x0, 0x0, 0x0, 0x0, 0x0, 0x40,
    0x0, 0x0, 0x0, 0x0, 0x0, 0x0, 0x0, 0x1,
    0x9d, 0x91, 0x0, 0x0, 0x0, 0x0, 0x0, 0x0,
    0x0, 0x0, 0x0, 0x0, 0xaf, 0xff, 0xa0, 0x0,
    0x0, 0x0, 0x0, 0x0, 0x0, 0x0, 0x0, 0x0,
    0xf, 0xff, 0xff, 0x0, 0x0, 0x0, 0x0, 0x0,
    0x0, 0x0, 0x0, 0x0, 0x0, 0xcf, 0xff, 0xc0,
    0x0, 0x0, 0x0, 0x0, 0x0, 0x0, 0x0, 0x0,
    0x0, 0x3, 0xef, 0xe3, 0x0, 0x0, 0x0, 0x0,
    0x0, 0x0, 0x0, 0x0, 0x0, 0x0, 0x0, 0x10,
    0x0, 0x0, 0x0, 0x0, 0x0, 0x0,

    /* U+F1FD "" */
    0x0, 0x2, 0x20, 0x0, 0x22, 0x0, 0x2, 0x20,
    0x0, 0x0, 0xa, 0xb0, 0x0, 0xab, 0x0, 0xa,
    0xb0, 0x0, 0x0, 0x5f, 0xf0, 0x5, 0xff, 0x0,
    0x5f, 0xf0, 0x0, 0x0, 0x4f, 0xb0, 0x4, 0xfb,
    0x0, 0x4f, 0xb0, 0x0, 0x0, 0x14, 0x30, 0x1,
    0x43, 0x0, 0x14, 0x30, 0x0, 0x0, 0x8f, 0xf0,
    0x8, 0xff, 0x0, 0x8f, 0xf0, 0x0, 0x0, 0x8f,
    0xf0, 0x8, 0xff, 0x0, 0x8f, 0xf0, 0x0, 0x0,
    0x8f, 0xf0, 0x8, 0xff, 0x0, 0x8f, 0xf0, 0x0,
    0x0, 0x8f, 0xf0, 0x8, 0xff, 0x0, 0x8f, 0xf0,
    0x0, 0x0, 0x8f, 0xf0, 0x8, 0xff, 0x0, 0x8f,
    0xf0, 0x0, 0x3, 0xaf, 0xf4, 0x4a, 0xff, 0x44,
    0xaf, 0xf4, 0x10, 0x9f, 0xff, 0xff, 0xff, 0xff,
    0xff, 0xff, 0xff, 0xe2, 0xff, 0xff, 0xff, 0xff,
    0xff, 0xff, 0xff, 0xff, 0xf7, 0xff, 0xff, 0xff,
    0xff, 0xff, 0xff, 0xff, 0xff, 0xf8, 0xfe, 0x89,
    0xff, 0xfd, 0x8a, 0xff, 0xfc, 0x8b, 0xf8, 0x80,
    0x21, 0x19, 0x70, 0x31, 0x2a, 0x50, 0x30, 0x45,
    0x28, 0xff, 0x71, 0x2a, 0xfe, 0x61, 0x3c, 0xfd,
    0x40, 0xff, 0xff, 0xff, 0xff, 0xff, 0xff, 0xff,
    0xff, 0xf8, 0xff, 0xff, 0xff, 0xff, 0xff, 0xff,
    0xff, 0xff, 0xf8, 0xff, 0xff, 0xff, 0xff, 0xff,
    0xff, 0xff, 0xff, 0xf8, 0xbb, 0xbb, 0xbb, 0xbb,
    0xbb, 0xbb, 0xbb, 0xbb, 0xb5,

    /* U+F236 "" */
    0xef, 0x60, 0x0, 0x0, 0x0, 0x0, 0x0, 0x0,
    0x0, 0x0, 0x0, 0x0, 0xf, 0xf8, 0x0, 0x5a,
    0xa3, 0x0, 0x0, 0x0, 0x0, 0x0, 0x0, 0x0,
    0x0, 0xff, 0x80, 0x8f, 0xff, 0xf4, 0x4, 0x88,
    0x88, 0x88, 0x88, 0x76, 0x10, 0xf, 0xf8, 0x1f,
    0xff, 0xff, 0xd0, 0xbf, 0xff, 0xff, 0xff, 0xff,
    0xff, 0x50, 0xff, 0x83, 0xff, 0xff, 0xff, 0xc,
    0xff, 0xff, 0xff, 0xff, 0xff, 0xff, 0x4f, 0xf8,
    0xf, 0xff, 0xff, 0xb0, 0xcf, 0xff, 0xff, 0xff,
    0xff, 0xff, 0xfc, 0xff, 0x80, 0x5f, 0xff, 0xe2,
    0xc, 0xff, 0xff, 0xff, 0xff, 0xff, 0xff, 0xff,
    0xf8, 0x0, 0x26, 0x61, 0x0, 0xcf, 0xff, 0xff,
    0xff, 0xff, 0xff, 0xff, 0xff, 0xa4, 0x44, 0x44,
    0x44, 0x4d, 0xff, 0xff, 0xff, 0xff, 0xff, 0xff,
    0xff, 0xff, 0xff, 0xff, 0xff, 0xff, 0xff, 0xff,
    0xff, 0xff, 0xff, 0xff, 0xff, 0xff, 0xff, 0xff,
    0xff, 0xff, 0xff, 0xff, 0xff, 0xff, 0xff, 0xff,
    0xff, 0xff, 0xff, 0xff, 0xff, 0xff, 0xff, 0xff,
    0xff, 0xff, 0xff, 0xff, 0xff, 0xff, 0xff, 0xc8,
    0x88, 0x88, 0x88, 0x88, 0x88, 0x88, 0x88, 0x88,
    0x88, 0xcf, 0xff, 0xf8, 0x0, 0x0, 0x0, 0x0,
    0x0, 0x0, 0x0, 0x0, 0x0, 0x8, 0xff, 0xef,
    0x60, 0x0, 0x0, 0x0, 0x0, 0x0, 0x0, 0x0,
    0x0, 0x0, 0x6f, 0xe0,

    /* U+F240 "" */
    0x17, 0x88, 0x88, 0x88, 0x88, 0x88, 0x88, 0x88,
    0x88, 0x88, 0x88, 0x60, 0xc, 0xff, 0xff, 0xff,
    0xff, 0xff, 0xff, 0xff, 0xff, 0xff, 0xff, 0xff,
    0x80, 0xff, 0xff, 0xff, 0xff, 0xff, 0xff, 0xff,
    0xff, 0xff, 0xff, 0xff, 0xfc, 0xf, 0xf8, 0x0,
    0x0, 0x0, 0x0, 0x0, 0x0, 0x0, 0x0, 0x0,
    0xcf, 0xfd, 0xff, 0x84, 0xff, 0xff, 0xff, 0xff,
    0xff, 0xff, 0xff, 0xff, 0xc, 0xff, 0xff, 0xf8,
    0x4f, 0xff, 0xff, 0xff, 0xff, 0xff, 0xff, 0xff,
    0xf0, 0x5b, 0xff, 0xff, 0x84, 0xff, 0xff, 0xff,
    0xff, 0xff, 0xff, 0xff, 0xff, 0x0, 0x8f, 0xff,
    0xf8, 0x4f, 0xff, 0xff, 0xff, 0xff, 0xff, 0xff,
    0xff, 0xf0, 0x8, 0xff, 0xff, 0x84, 0xff, 0xff,
    0xff, 0xff, 0xff, 0xff, 0xff, 0xff, 0xc, 0xff,
    0xff, 0xf8, 0x0, 0x0, 0x0, 0x0, 0x0, 0x0,
    0x0, 0x0, 0x0, 0xcf, 0xff, 0xff, 0xc8, 0x88,
    0x88, 0x88, 0x88, 0x88, 0x88, 0x88, 0x88, 0x8e,
    0xfd, 0x4e, 0xff, 0xff, 0xff, 0xff, 0xff, 0xff,
    0xff, 0xff, 0xff, 0xff, 0xff, 0xa0, 0x4e, 0xff,
    0xff, 0xff, 0xff, 0xff, 0xff, 0xff, 0xff, 0xff,
    0xff, 0xc2, 0x0,

    /* U+F241 "" */
    0x17, 0x88, 0x88, 0x88, 0x88, 0x88, 0x88, 0x88,
    0x88, 0x88, 0x88, 0x60, 0xc, 0xff, 0xff, 0xff,
    0xff, 0xff, 0xff, 0xff, 0xff, 0xff, 0xff, 0xff,
    0x80, 0xff, 0xff, 0xff, 0xff, 0xff, 0xff, 0xff,
    0xff, 0xff, 0xff, 0xff, 0xfc, 0xf, 0xf8, 0x0,
    0x0, 0x0, 0x0, 0x0, 0x0, 0x0, 0x0, 0x0,
    0xcf, 0xfd, 0xff, 0x81, 0xff, 0xff, 0xff, 0xff,
    0xff, 0xff, 0x60, 0x0, 0xc, 0xff, 0xff, 0xf8,
    0x1f, 0xff, 0xff, 0xff, 0xff, 0xff, 0xf6, 0x0,
    0x0, 0x5b, 0xff, 0xff, 0x81, 0xff, 0xff, 0xff,
    0xff, 0xff, 0xff, 0x60, 0x0, 0x0, 0x8f, 0xff,
    0xf8, 0x1f, 0xff, 0xff, 0xff, 0xff, 0xff, 0xf6,
    0x0, 0x0, 0x8, 0xff, 0xff, 0x81, 0xff, 0xff,
    0xff, 0xff, 0xff, 0xff, 0x60, 0x0, 0xc, 0xff,
    0xff, 0xf8, 0x0, 0x0, 0x0, 0x0, 0x0, 0x0,
    0x0, 0x0, 0x0, 0xcf, 0xff, 0xff, 0xc8, 0x88,
    0x88, 0x88, 0x88, 0x88, 0x88, 0x88, 0x88, 0x8e,
    0xfd, 0x4e, 0xff, 0xff, 0xff, 0xff, 0xff, 0xff,
    0xff, 0xff, 0xff, 0xff, 0xff, 0xa0, 0x4e, 0xff,
    0xff, 0xff, 0xff, 0xff, 0xff, 0xff, 0xff, 0xff,
    0xff, 0xc2, 0x0,

    /* U+F242 "" */
    0x17, 0x88, 0x88, 0x88, 0x88, 0x88, 0x88, 0x88,
    0x88, 0x88, 0x88, 0x60, 0xc, 0xff, 0xff, 0xff,
    0xff, 0xff, 0xff, 0xff, 0xff, 0xff, 0xff, 0xff,
    0x80, 0xff, 0xff, 0xff, 0xff, 0xff, 0xff, 0xff,
    0xff, 0xff, 0xff, 0xff, 0xfc, 0xf, 0xf8, 0x0,
    0x0, 0x0, 0x0, 0x0, 0x0, 0x0, 0x0, 0x0,
    0xcf, 0xfd, 0xff, 0x81, 0xff, 0xff, 0xff, 0xff,
    0xa0, 0x0, 0x0, 0x0, 0xc, 0xff, 0xff, 0xf8,
    0x1f, 0xff, 0xff, 0xff, 0xfa, 0x0, 0x0, 0x0,
    0x0, 0x5b, 0xff, 0xff, 0x81, 0xff, 0xff, 0xff,
    0xff, 0xa0, 0x0, 0x0, 0x0, 0x0, 0x8f, 0xff,
    0xf8, 0x1f, 0xff, 0xff, 0xff, 0xfa, 0x0, 0x0,
    0x0, 0x0, 0x8, 0xff, 0xff, 0x81, 0xff, 0xff,
    0xff, 0xff, 0xa0, 0x0, 0x0, 0x0, 0xc, 0xff,
    0xff, 0xf8, 0x0, 0x0, 0x0, 0x0, 0x0, 0x0,
    0x0, 0x0, 0x0, 0xcf, 0xff, 0xff, 0xc8, 0x88,
    0x88, 0x88, 0x88, 0x88, 0x88, 0x88, 0x88, 0x8e,
    0xfd, 0x4e, 0xff, 0xff, 0xff, 0xff, 0xff, 0xff,
    0xff, 0xff, 0xff, 0xff, 0xff, 0xa0, 0x4e, 0xff,
    0xff, 0xff, 0xff, 0xff, 0xff, 0xff, 0xff, 0xff,
    0xff, 0xc2, 0x0,

    /* U+F243 "" */
    0x17, 0x88, 0x88, 0x88, 0x88, 0x88, 0x88, 0x88,
    0x88, 0x88, 0x88, 0x60, 0xc, 0xff, 0xff, 0xff,
    0xff, 0xff, 0xff, 0xff, 0xff, 0xff, 0xff, 0xff,
    0x80, 0xff, 0xff, 0xff, 0xff, 0xff, 0xff, 0xff,
    0xff, 0xff, 0xff, 0xff, 0xfc, 0xf, 0xf8, 0x0,
    0x0, 0x0, 0x0, 0x0, 0x0, 0x0, 0x0, 0x0,
    0xcf, 0xfd, 0xff, 0x81, 0xff, 0xff, 0xe0, 0x0,
    0x0, 0x0, 0x0, 0x0, 0xc, 0xff, 0xff, 0xf8,
    0x1f, 0xff, 0xfe, 0x0, 0x0, 0x0, 0x0, 0x0,
    0x0, 0x5b, 0xff, 0xff, 0x81, 0xff, 0xff, 0xe0,
    0x0, 0x0, 0x0, 0x0, 0x0, 0x0, 0x8f, 0xff,
    0xf8, 0x1f, 0xff, 0xfe, 0x0, 0x0, 0x0, 0x0,
    0x0, 0x0, 0x8, 0xff, 0xff, 0x81, 0xff, 0xff,
    0xe0, 0x0, 0x0, 0x0, 0x0, 0x0, 0xc, 0xff,
    0xff, 0xf8, 0x0, 0x0, 0x0, 0x0, 0x0, 0x0,
    0x0, 0x0, 0x0, 0xcf, 0xff, 0xff, 0xc8, 0x88,
    0x88, 0x88, 0x88, 0x88, 0x88, 0x88, 0x88, 0x8e,
    0xfd, 0x4e, 0xff, 0xff, 0xff, 0xff, 0xff, 0xff,
    0xff, 0xff, 0xff, 0xff, 0xff, 0xa0, 0x4e, 0xff,
    0xff, 0xff, 0xff, 0xff, 0xff, 0xff, 0xff, 0xff,
    0xff, 0xc2, 0x0,

    /* U+F244 "" */
    0x17, 0x88, 0x88, 0x88, 0x88, 0x88, 0x88, 0x88,
    0x88, 0x88, 0x88, 0x60, 0xc, 0xff, 0xff, 0xff,
    0xff, 0xff, 0xff, 0xff, 0xff, 0xff, 0xff, 0xff,
    0x80, 0xff, 0xff, 0xff, 0xff, 0xff, 0xff, 0xff,
    0xff, 0xff, 0xff, 0xff, 0xfc, 0xf, 0xf8, 0x0,
    0x0, 0x0, 0x0, 0x0, 0x0, 0x0, 0x0, 0x0,
    0xcf, 0xfd, 0xff, 0x80, 0x0, 0x0, 0x0, 0x0,
    0x0, 0x0, 0x0, 0x0, 0xc, 0xff, 0xff, 0xf8,
    0x0, 0x0, 0x0, 0x0, 0x0, 0x0, 0x0, 0x0,
    0x0, 0x5b, 0xff, 0xff, 0x80, 0x0, 0x0, 0x0,
    0x0, 0x0, 0x0, 0x0, 0x0, 0x0, 0x8f, 0xff,
    0xf8, 0x0, 0x0, 0x0, 0x0, 0x0, 0x0, 0x0,
    0x0, 0x0, 0x8, 0xff, 0xff, 0x80, 0x0, 0x0,
    0x0, 0x0, 0x0, 0x0, 0x0, 0x0, 0xc, 0xff,
    0xff, 0xf8, 0x0, 0x0, 0x0, 0x0, 0x0, 0x0,
    0x0, 0x0, 0x0, 0xcf, 0xff, 0xff, 0xc8, 0x88,
    0x88, 0x88, 0x88, 0x88, 0x88, 0x88, 0x88, 0x8e,
    0xfd, 0x4e, 0xff, 0xff, 0xff, 0xff, 0xff, 0xff,
    0xff, 0xff, 0xff, 0xff, 0xff, 0xa0, 0x4e, 0xff,
    0xff, 0xff, 0xff, 0xff, 0xff, 0xff, 0xff, 0xff,
    0xff, 0xc2, 0x0,

    /* U+F25B "" */
    0x0, 0x0, 0x0, 0x0, 0x3, 0x10, 0x0, 0x0,
    0x0, 0x0, 0x0, 0x0, 0x0, 0xa, 0xff, 0x40,
    0x0, 0x0, 0x0, 0x0, 0x44, 0x0, 0x0, 0xff,
    0xfa, 0x0, 0x0, 0x0, 0x0, 0x9f, 0xf7, 0x0,
    0x1f, 0xff, 0xa0, 0x0, 0x0, 0x0, 0xe, 0xff,
    0xe0, 0x1, 0xff, 0xfa, 0x0, 0x0, 0x0, 0x0,
    0xbf, 0xff, 0x50, 0x1f, 0xff, 0xa0, 0x0, 0x0,
    0x0, 0x4, 0xff, 0xfb, 0x1, 0xff, 0xfa, 0x0,
    0x0, 0x0, 0x0, 0xe, 0xff, 0xf2, 0x1f, 0xff,
    0xa0, 0x0, 0x0, 0x0, 0x0, 0x8f, 0xff, 0x81,
    0xff, 0xfa, 0xaf, 0x80, 0x0, 0x0, 0x2, 0xff,
    0xfe, 0x1f, 0xff, 0xbf, 0xfe, 0x3c, 0x90, 0x0,
    0xb, 0xff, 0xf8, 0xff, 0xfc, 0xff, 0xec, 0xff,
    0x40, 0x0, 0x5f, 0xff, 0xff, 0xff, 0xff, 0xff,
    0xff, 0xf5, 0x0, 0x1, 0xff, 0xff, 0xff, 0xff,
    0xff, 0xff, 0xff, 0x50, 0x2, 0xdf, 0xff, 0xff,
    0xff, 0xff, 0xff, 0xff, 0xf5, 0x0, 0xaf, 0xff,
    0xff, 0xff, 0xff, 0xff, 0xff, 0xff, 0x30, 0x8,
    0xff, 0xff, 0xff, 0xff, 0xff, 0xff, 0xff, 0xf0,
    0x0, 0xe, 0xff, 0xff, 0xff, 0xff, 0xff, 0xff,
    0xfc, 0x0, 0x0, 0x6f, 0xff, 0xff, 0xff, 0xff,
    0xff, 0xff, 0x80, 0x0, 0x0, 0xdf, 0xff, 0xff,
    0xff, 0xff, 0xff, 0xf4, 0x0, 0x0, 0x4, 0xff,
    0xff, 0xff, 0xff, 0xff, 0xff, 0x10, 0x0, 0x0,
    0x6, 0xbb, 0xbb, 0xbb, 0xbb, 0xbb, 0x50, 0x0,

    /* U+F287 "" */
    0x0, 0x0, 0x0, 0x0, 0x0, 0x0, 0x0, 0x10,
    0x0, 0x0, 0x0, 0x0, 0x0, 0x0, 0x0, 0x0,
    0x0, 0x0, 0x0, 0xc, 0xfe, 0x20, 0x0, 0x0,
    0x0, 0x0, 0x0, 0x0, 0x0, 0x0, 0x0, 0x7c,
    0xdf, 0xff, 0x90, 0x0, 0x0, 0x0, 0x0, 0x0,
    0x0, 0x0, 0x0, 0x9, 0xfb, 0xbf, 0xff, 0x90,
    0x0, 0x0, 0x0, 0x0, 0x0, 0x0, 0x0, 0x0,
    0x2f, 0x70, 0xa, 0xfc, 0x10, 0x0, 0x0, 0x0,
    0x0, 0x0, 0x32, 0x0, 0x0, 0x9e, 0x0, 0x0,
    0x0, 0x0, 0x0, 0x0, 0x0, 0x0, 0x2d, 0xff,
    0x90, 0x1, 0xf6, 0x0, 0x0, 0x0, 0x0, 0x0,
    0x1c, 0x30, 0x0, 0xcf, 0xff, 0xf6, 0x3c, 0xf3,
    0x33, 0x33, 0x33, 0x33, 0x33, 0x5f, 0xf9, 0x10,
    0xff, 0xff, 0xff, 0xff, 0xff, 0xff, 0xff, 0xff,
    0xff, 0xff, 0xff, 0xff, 0xd0, 0xcf, 0xff, 0xf6,
    0x33, 0x34, 0xed, 0x33, 0x33, 0x33, 0x33, 0x5f,
    0xfa, 0x10, 0x2d, 0xff, 0x90, 0x0, 0x0, 0x5f,
    0x30, 0x0, 0x0, 0x0, 0x1c, 0x30, 0x0, 0x0,
    0x32, 0x0, 0x0, 0x0, 0xd, 0xa0, 0x0, 0x0,
    0x0, 0x0, 0x0, 0x0, 0x0, 0x0, 0x0, 0x0,
    0x0, 0x6, 0xf3, 0xa, 0xff, 0xf7, 0x0, 0x0,
    0x0, 0x0, 0x0, 0x0, 0x0, 0x0, 0x0, 0xce,
    0xae, 0xff, 0xf8, 0x0, 0x0, 0x0, 0x0, 0x0,
    0x0, 0x0, 0x0, 0x0, 0x8, 0xbe, 0xff, 0xf8,
    0x0, 0x0, 0x0, 0x0, 0x0, 0x0, 0x0, 0x0,
    0x0, 0x0, 0xa, 0xff, 0xf7, 0x0, 0x0, 0x0,
    0x0, 0x0, 0x0, 0x0, 0x0, 0x0, 0x0, 0x1,
    0x22, 0x20, 0x0, 0x0, 0x0,

    /* U+F293 "" */
    0x0, 0x0, 0x0, 0x34, 0x31, 0x0, 0x0, 0x0,
    0x0, 0x3, 0xbf, 0xff, 0xff, 0xe7, 0x0, 0x0,
    0x0, 0x6f, 0xff, 0xfa, 0xff, 0xff, 0xb0, 0x0,
    0x4, 0xff, 0xff, 0xf1, 0x9f, 0xff, 0xf8, 0x0,
    0xd, 0xff, 0xff, 0xf1, 0xa, 0xff, 0xff, 0x10,
    0x3f, 0xff, 0xff, 0xf1, 0x0, 0xbf, 0xff, 0x60,
    0x7f, 0xfd, 0x8f, 0xf1, 0x66, 0xc, 0xff, 0xa0,
    0xaf, 0xf8, 0x7, 0xf1, 0x6f, 0x13, 0xff, 0xd0,
    0xcf, 0xff, 0x70, 0x61, 0x53, 0x1e, 0xff, 0xf0,
    0xdf, 0xff, 0xf7, 0x0, 0x1, 0xdf, 0xff, 0xf0,
    0xef, 0xff, 0xff, 0x60, 0xc, 0xff, 0xff, 0xf0,
    0xef, 0xff, 0xff, 0x30, 0x7, 0xff, 0xff, 0xf0,
    0xdf, 0xff, 0xf3, 0x0, 0x10, 0x8f, 0xff, 0xf0,
    0xcf, 0xff, 0x30, 0xb1, 0x67, 0x9, 0xff, 0xf0,
    0x9f, 0xf6, 0xb, 0xf2, 0x6e, 0x2, 0xff, 0xd0,
    0x6f, 0xff, 0xcf, 0xf2, 0x52, 0x2e, 0xff, 0xa0,
    0x1f, 0xff, 0xff, 0xf2, 0x2, 0xef, 0xff, 0x50,
    0x9, 0xff, 0xff, 0xf2, 0x2e, 0xff, 0xfe, 0x0,
    0x0, 0xdf, 0xff, 0xf4, 0xef, 0xff, 0xf5, 0x0,
    0x0, 0x1a, 0xff, 0xff, 0xff, 0xff, 0x60, 0x0,
    0x0, 0x0, 0x27, 0xab, 0xb9, 0x50, 0x0, 0x0,

    /* U+F2DC "" */
    0x0, 0x0, 0x0, 0x0, 0x4, 0x30, 0x0, 0x0,
    0x0, 0x0, 0x0, 0x0, 0x0, 0x7, 0xff, 0x0,
    0x0, 0x0, 0x0, 0x0, 0x0, 0x0, 0x7e, 0xaf,
    0xf8, 0xd1, 0x0, 0x0, 0x0, 0x0, 0x0, 0x8,
    0xff, 0xff, 0xfe, 0x10, 0x0, 0x0, 0x0, 0x4,
    0xf4, 0x9, 0xff, 0xfe, 0x20, 0xcb, 0x0, 0x0,
    0x5d, 0x8f, 0x90, 0xa, 0xff, 0x20, 0x1f, 0xd9,
    0xc0, 0xe, 0xff, 0xfd, 0x0, 0x8f, 0xf0, 0x5,
    0xff, 0xff, 0x60, 0x5e, 0xff, 0xf8, 0x8, 0xff,
    0x3, 0xdf, 0xff, 0xa1, 0x8, 0xff, 0xff, 0xfe,
    0xcf, 0xfa, 0xff, 0xff, 0xfd, 0x20, 0x9e, 0xa5,
    0xaf, 0xff, 0xff, 0xff, 0xe6, 0x7c, 0xf2, 0x0,
    0x0, 0x0, 0x3f, 0xff, 0xff, 0xa0, 0x0, 0x0,
    0x0, 0x47, 0x30, 0x3c, 0xff, 0xff, 0xff, 0x80,
    0x15, 0x80, 0xc, 0xff, 0xef, 0xff, 0xff, 0xff,
    0xff, 0xff, 0xff, 0x40, 0x2d, 0xff, 0xfe, 0x68,
    0xff, 0x2a, 0xff, 0xff, 0x70, 0xd, 0xff, 0xff,
    0x10, 0x8f, 0xf0, 0x8, 0xff, 0xff, 0x50, 0xaf,
    0xdf, 0xb0, 0x8, 0xff, 0x0, 0x3f, 0xee, 0xf2,
    0x0, 0x46, 0xf6, 0x3, 0xef, 0xf9, 0x0, 0xee,
    0x13, 0x0, 0x0, 0x6, 0x3, 0xef, 0xff, 0xfa,
    0x4, 0x30, 0x0, 0x0, 0x0, 0x0, 0xaf, 0xef,
    0xfe, 0xf2, 0x0, 0x0, 0x0, 0x0, 0x0, 0x1,
    0x58, 0xff, 0x14, 0x0, 0x0, 0x0, 0x0, 0x0,
    0x0, 0x0, 0x4b, 0x90, 0x0, 0x0, 0x0, 0x0,

    /* U+F2E7 "" */
    0x3, 0x0, 0x30, 0x22, 0x0, 0x0, 0x0, 0x22,
    0x6, 0xf7, 0x9f, 0x2d, 0xf0, 0x0, 0x2, 0xbf,
    0xf1, 0x9f, 0x8a, 0xf4, 0xef, 0x20, 0x2, 0xef,
    0xff, 0x1b, 0xf8, 0xbf, 0x5e, 0xf5, 0x0, 0xdf,
    0xff, 0xf1, 0xdf, 0x8c, 0xf6, 0xef, 0x70, 0x6f,
    0xff, 0xff, 0x1f, 0xf8, 0xcf, 0x7e, 0xf8, 0xc,
    0xff, 0xff, 0xf1, 0xff, 0x8e, 0xf8, 0xef, 0x91,
    0xff, 0xff, 0xff, 0x1d, 0xff, 0xff, 0xff, 0xf7,
    0x2f, 0xff, 0xff, 0xf1, 0x7f, 0xff, 0xff, 0xff,
    0x10, 0xff, 0xff, 0xff, 0x10, 0xaf, 0xff, 0xff,
    0x50, 0xb, 0xff, 0xff, 0xf1, 0x0, 0x7f, 0xff,
    0x20, 0x0, 0x3f, 0xff, 0xff, 0x10, 0x5, 0xff,
    0xf0, 0x0, 0x0, 0x6f, 0xff, 0xf1, 0x0, 0x6f,
    0xff, 0x0, 0x0, 0x0, 0x7f, 0xff, 0x10, 0x7,
    0xff, 0xf1, 0x0, 0x0, 0x7, 0xff, 0xf1, 0x0,
    0x8f, 0xff, 0x20, 0x0, 0x0, 0x8f, 0xff, 0x10,
    0x9, 0xff, 0xf3, 0x0, 0x0, 0x9, 0xff, 0xf1,
    0x0, 0xaf, 0xff, 0x30, 0x0, 0x0, 0xbf, 0xff,
    0x10, 0xb, 0xff, 0xf4, 0x0, 0x0, 0xc, 0xff,
    0xf1, 0x0, 0xbf, 0xff, 0x50, 0x0, 0x0, 0xdf,
    0xff, 0x10, 0xc, 0xff, 0xf6, 0x0, 0x0, 0xe,
    0xff, 0xf1, 0x0, 0x6b, 0xbb, 0x20, 0x0, 0x0,
    0x7b, 0xb9, 0x0,

    /* U+F2ED "" */
    0x0, 0x0, 0x2, 0xab, 0xbb, 0xb7, 0x0, 0x0,
    0x0, 0x57, 0x77, 0x7c, 0xff, 0xff, 0xff, 0x77,
    0x77, 0x72, 0xff, 0xff, 0xff, 0xff, 0xff, 0xff,
    0xff, 0xff, 0xf7, 0xef, 0xff, 0xff, 0xff, 0xff,
    0xff, 0xff, 0xff, 0xf6, 0x0, 0x0, 0x0, 0x0,
    0x0, 0x0, 0x0, 0x0, 0x0, 0x6, 0x88, 0x88,
    0x88, 0x88, 0x88, 0x88, 0x88, 0x20, 0xc, 0xff,
    0xff, 0xff, 0xff, 0xff, 0xff, 0xff, 0x40, 0xc,
    0xff, 0xff, 0xff, 0xff, 0xff, 0xff, 0xff, 0x40,
    0xc, 0xff, 0x77, 0xff, 0x3b, 0xfe, 0x1e, 0xff,
    0x40, 0xc, 0xff, 0x66, 0xff, 0x2a, 0xfe, 0xe,
    0xff, 0x40, 0xc, 0xff, 0x66, 0xff, 0x2a, 0xfe,
    0xe, 0xff, 0x40, 0xc, 0xff, 0x66, 0xff, 0x2a,
    0xfe, 0xe, 0xff, 0x40, 0xc, 0xff, 0x66, 0xff,
    0x2a, 0xfe, 0xe, 0xff, 0x40, 0xc, 0xff, 0x66,
    0xff, 0x2a, 0xfe, 0xe, 0xff, 0x40, 0xc, 0xff,
    0x66, 0xff, 0x2a, 0xfe, 0xe, 0xff, 0x40, 0xc,
    0xff, 0x66, 0xff, 0x2a, 0xfe, 0xe, 0xff, 0x40,
    0xc, 0xff, 0x66, 0xff, 0x2a, 0xfe, 0xe, 0xff,
    0x40, 0xc, 0xff, 0x77, 0xff, 0x3b, 0xfe, 0x1e,
    0xff, 0x40, 0xb, 0xff, 0xff, 0xff, 0xff, 0xff,
    0xff, 0xff, 0x30, 0x7, 0xff, 0xff, 0xff, 0xff,
    0xff, 0xff, 0xfe, 0x0, 0x0, 0x57, 0x88, 0x88,
    0x88, 0x88, 0x88, 0x72, 0x0,

    /* U+F2FE "" */
    0x0, 0x0, 0x0, 0x0, 0x3, 0x72, 0x0, 0x0,
    0x0, 0x0, 0x0, 0x0, 0x0, 0x0, 0x2, 0xff,
    0x70, 0x0, 0x0, 0x0, 0x0, 0x0, 0x0, 0x0,
    0x0, 0xff, 0xf4, 0x0, 0x0, 0x0, 0x0, 0x0,
    0x0, 0x0, 0x3, 0xff, 0xfa, 0x0, 0x0, 0x0,
    0x0, 0x0, 0x0, 0x0, 0xb, 0xff, 0xfb, 0x0,
    0x0, 0x0, 0x0, 0x0, 0x2, 0x46, 0xcf, 0xff,
    0xfb, 0x20, 0x0, 0x0, 0x0, 0x0, 0x8f, 0xff,
    0xff, 0xff, 0xff, 0xf7, 0x0, 0x0, 0x0, 0x1,
    0xff, 0xff, 0xff, 0xff, 0xff, 0xff, 0x10, 0x0,
    0x0, 0x2, 0xff, 0xff, 0xff, 0xff, 0xff, 0xff,
    0x20, 0x0, 0x0, 0x0, 0xcf, 0xff, 0xff, 0xff,
    0xff, 0xfc, 0x0, 0x0, 0x0, 0x9f, 0xff, 0xfc,
    0xff, 0xff, 0xcf, 0xff, 0xf9, 0x0, 0x7, 0xff,
    0xff, 0x60, 0x6f, 0xf6, 0x6, 0xff, 0xff, 0x60,
    0xb, 0xff, 0xff, 0x90, 0x9f, 0xf9, 0x9, 0xff,
    0xff, 0xb0, 0x9, 0xff, 0xff, 0xff, 0xff, 0xff,
    0xff, 0xff, 0xff, 0x90, 0x1, 0xef, 0xff, 0xff,
    0xff, 0xff, 0xff, 0xff, 0xfe, 0x10, 0x1b, 0xff,
    0xff, 0xa8, 0x88, 0x88, 0x8a, 0xff, 0xff, 0xb1,
    0xbf, 0xff, 0xff, 0xa0, 0x0, 0x0, 0xa, 0xff,
    0xff, 0xfb, 0xff, 0xff, 0xff, 0xfc, 0x51, 0x15,
    0xcf, 0xff, 0xff, 0xff, 0xdf, 0xff, 0xff, 0xff,
    0xff, 0xff, 0xff, 0xff, 0xff, 0xfd, 0x4f, 0xff,
    0xff, 0xff, 0xff, 0xff, 0xff, 0xff, 0xff, 0xf4,
    0x2, 0x78, 0x88, 0x88, 0x88, 0x88, 0x88, 0x88,
    0x87, 0x20,

    /* U+F304 "" */
    0x0, 0x0, 0x0, 0x0, 0x0, 0x0, 0x0, 0x1,
    0x64, 0x0, 0x0, 0x0, 0x0, 0x0, 0x0, 0x0,
    0x0, 0x1, 0xdf, 0xf8, 0x0, 0x0, 0x0, 0x0,
    0x0, 0x0, 0x0, 0x1, 0xef, 0xff, 0xf8, 0x0,
    0x0, 0x0, 0x0, 0x0, 0x0, 0x0, 0x7f, 0xff,
    0xff, 0xf8, 0x0, 0x0, 0x0, 0x0, 0x0, 0x1,
    0x90, 0x8f, 0xff, 0xff, 0xf0, 0x0, 0x0, 0x0,
    0x0, 0x1, 0xef, 0xb0, 0x8f, 0xff, 0xfc, 0x0,
    0x0, 0x0, 0x0, 0x1, 0xef, 0xff, 0xb0, 0x8f,
    0xfe, 0x20, 0x0, 0x0, 0x0, 0x1, 0xef, 0xff,
    0xff, 0xb0, 0x8e, 0x10, 0x0, 0x0, 0x0, 0x1,
    0xef, 0xff, 0xff, 0xff, 0xb0, 0x10, 0x0, 0x0,
    0x0, 0x1, 0xef, 0xff, 0xff, 0xff, 0xfe, 0x10,
    0x0, 0x0, 0x0, 0x1, 0xef, 0xff, 0xff, 0xff,
    0xfe, 0x20, 0x0, 0x0, 0x0, 0x1, 0xef, 0xff,
    0xff, 0xff, 0xfe, 0x20, 0x0, 0x0, 0x0, 0x1,
    0xef, 0xff, 0xff, 0xff, 0xfe, 0x20, 0x0, 0x0,
    0x0, 0x1, 0xef, 0xff, 0xff, 0xff, 0xfe, 0x20,
    0x0, 0x0, 0x0, 0x1, 0xef, 0xff, 0xff, 0xff,
    0xfe, 0x20, 0x0, 0x0, 0x0, 0x0, 0x8f, 0xff,
    0xff, 0xff, 0xfe, 0x20, 0x0, 0x0, 0x0, 0x0,
    0xa, 0xff, 0xff, 0xff, 0xfe, 0x20, 0x0, 0x0,
    0x0, 0x0, 0x0, 0xcf, 0xff, 0xff, 0xfe, 0x20,
    0x0, 0x0, 0x0, 0x0, 0x0, 0xe, 0xff, 0xff,
    0xfe, 0x20, 0x0, 0x0, 0x0, 0x0, 0x0, 0x0,
    0xff, 0xff, 0xfe, 0x20, 0x0, 0x0, 0x0, 0x0,
    0x0, 0x0, 0x5, 0x75, 0x31, 0x0, 0x0, 0x0,
    0x0, 0x0, 0x0, 0x0, 0x0,

    /* U+F3A5 "" */
    0x0, 0x2, 0x44, 0x20, 0x24, 0x44, 0x44, 0x0,
    0x44, 0x40, 0x0, 0x0, 0x0, 0xef, 0xf4, 0xd,
    0xff, 0xff, 0xf5, 0xc, 0xff, 0x60, 0x0, 0x0,
    0x7f, 0xfd, 0x4, 0xff, 0xff, 0xff, 0xc0, 0x5f,
    0xfe, 0x10, 0x0, 0x1f, 0xff, 0x70, 0xbf, 0xff,
    0xff, 0xff, 0x30, 0xef, 0xf8, 0x0, 0x9, 0xff,
    0xf0, 0x2f, 0xff, 0xff, 0xff, 0xfa, 0x8, 0xff,
    0xf2, 0x3, 0xff, 0xf9, 0x8, 0xff, 0xff, 0xff,
    0xff, 0xf1, 0x1f, 0xff, 0xa0, 0xbf, 0xff, 0x20,
    0xef, 0xff, 0xff, 0xff, 0xff, 0x70, 0x9f, 0xff,
    0x30, 0x0, 0x0, 0x0, 0x0, 0x0, 0x0, 0x0,
    0x0, 0x0, 0x0, 0x0, 0x8c, 0xcc, 0x10, 0xcc,
    0xcc, 0xcc, 0xcc, 0xcc, 0x60, 0x8c, 0xcc, 0x20,
    0xdf, 0xf9, 0xa, 0xff, 0xff, 0xff, 0xff, 0xf2,
    0x1f, 0xff, 0x60, 0x1, 0xef, 0xf1, 0x3f, 0xff,
    0xff, 0xff, 0xfb, 0x9, 0xff, 0x80, 0x0, 0x3,
    0xff, 0x80, 0xcf, 0xff, 0xff, 0xff, 0x41, 0xff,
    0xa0, 0x0, 0x0, 0x5, 0xff, 0x15, 0xff, 0xff,
    0xff, 0xd0, 0x8f, 0xc0, 0x0, 0x0, 0x0, 0x7,
    0xf8, 0xe, 0xff, 0xff, 0xf7, 0x1f, 0xd1, 0x0,
    0x0, 0x0, 0x0, 0x9, 0xf1, 0x8f, 0xff, 0xff,
    0x8, 0xe2, 0x0, 0x0, 0x0, 0x0, 0x0, 0xb,
    0x81, 0xff, 0xff, 0x91, 0xe4, 0x0, 0x0, 0x0,
    0x0, 0x0, 0x0, 0xc, 0xa, 0xff, 0xf2, 0x76,
    0x0, 0x0, 0x0, 0x0, 0x0, 0x0, 0x0, 0x16,
    0x3f, 0xfb, 0x7, 0x0, 0x0, 0x0, 0x0, 0x0,
    0x0, 0x0, 0x0, 0x0, 0xcf, 0x40, 0x0, 0x0,
    0x0, 0x0, 0x0, 0x0, 0x0, 0x0, 0x0, 0x5,
    0xd0, 0x0, 0x0, 0x0, 0x0, 0x0, 0x0, 0x0,
    0x0, 0x0, 0x0, 0x4, 0x0, 0x0, 0x0, 0x0,
    0x0, 0x0,

    /* U+F3C5 "" */
    0x0, 0x0, 0x3, 0x67, 0x63, 0x0, 0x0, 0x0,
    0x0, 0x5d, 0xff, 0xff, 0xfd, 0x50, 0x0, 0x0,
    0x9f, 0xff, 0xff, 0xff, 0xff, 0x90, 0x0, 0x7f,
    0xff, 0xff, 0xff, 0xff, 0xff, 0x70, 0x2f, 0xff,
    0xff, 0xfe, 0xff, 0xff, 0xff, 0x29, 0xff, 0xff,
    0xa1, 0x1, 0xaf, 0xff, 0xf9, 0xdf, 0xff, 0xc0,
    0x0, 0x0, 0xcf, 0xff, 0xdf, 0xff, 0xf7, 0x0,
    0x0, 0x7, 0xff, 0xff, 0xff, 0xff, 0x70, 0x0,
    0x0, 0x7f, 0xff, 0xfd, 0xff, 0xfc, 0x0, 0x0,
    0xc, 0xff, 0xfd, 0x8f, 0xff, 0xfa, 0x10, 0x1a,
    0xff, 0xff, 0x81, 0xff, 0xff, 0xff, 0xef, 0xff,
    0xff, 0xf1, 0x8, 0xff, 0xff, 0xff, 0xff, 0xff,
    0xf8, 0x0, 0xd, 0xff, 0xff, 0xff, 0xff, 0xfd,
    0x0, 0x0, 0x3f, 0xff, 0xff, 0xff, 0xff, 0x30,
    0x0, 0x0, 0x7f, 0xff, 0xff, 0xff, 0x70, 0x0,
    0x0, 0x0, 0xcf, 0xff, 0xff, 0xc0, 0x0, 0x0,
    0x0, 0x2, 0xff, 0xff, 0xf2, 0x0, 0x0, 0x0,
    0x0, 0x6, 0xff, 0xf6, 0x0, 0x0, 0x0, 0x0,
    0x0, 0xb, 0xfb, 0x0, 0x0, 0x0, 0x0, 0x0,
    0x0, 0x17, 0x10, 0x0, 0x0, 0x0,

    /* U+F44B "" */
    0x0, 0x0, 0x0, 0x27, 0x74, 0x0, 0x0, 0x4,
    0x77, 0x20, 0x0, 0x0, 0x0, 0x0, 0x0, 0xb,
    0xff, 0xf0, 0x0, 0x0, 0xff, 0xfb, 0x0, 0x0,
    0x0, 0x0, 0x0, 0x0, 0xcf, 0xff, 0x0, 0x0,
    0xf, 0xff, 0xc0, 0x0, 0x0, 0x0, 0x8f, 0xfb,
    0xc, 0xff, 0xf0, 0x0, 0x0, 0xff, 0xfc, 0xc,
    0xff, 0x80, 0xc, 0xff, 0xf0, 0xcf, 0xff, 0x0,
    0x0, 0xf, 0xff, 0xc0, 0xff, 0xfc, 0x0, 0xcf,
    0xff, 0xc, 0xff, 0xf0, 0x0, 0x0, 0xff, 0xfc,
    0xf, 0xff, 0xc0, 0xc, 0xff, 0xf0, 0xcf, 0xff,
    0x0, 0x0, 0xf, 0xff, 0xc0, 0xff, 0xfc, 0x0,
    0xcf, 0xff, 0xc, 0xff, 0xf0, 0x0, 0x0, 0xff,
    0xfc, 0xf, 0xff, 0xc0, 0xef, 0xff, 0xf0, 0xcf,
    0xff, 0xff, 0xff, 0xff, 0xff, 0xc0, 0xff, 0xff,
    0xef, 0xff, 0xff, 0xc, 0xff, 0xff, 0xff, 0xff,
    0xff, 0xfc, 0xf, 0xff, 0xff, 0x8e, 0xff, 0xf0,
    0xcf, 0xff, 0x88, 0x88, 0x8f, 0xff, 0xc0, 0xff,
    0xfe, 0x80, 0xcf, 0xff, 0xc, 0xff, 0xf0, 0x0,
    0x0, 0xff, 0xfc, 0xf, 0xff, 0xc0, 0xc, 0xff,
    0xf0, 0xcf, 0xff, 0x0, 0x0, 0xf, 0xff, 0xc0,
    0xff, 0xfc, 0x0, 0xcf, 0xff, 0xc, 0xff, 0xf0,
    0x0, 0x0, 0xff, 0xfc, 0xf, 0xff, 0xc0, 0xb,
    0xff, 0xf0, 0xcf, 0xff, 0x0, 0x0, 0xf, 0xff,
    0xc0, 0xff, 0xfb, 0x0, 0x38, 0x85, 0xc, 0xff,
    0xf0, 0x0, 0x0, 0xff, 0xfc, 0x5, 0x88, 0x30,
    0x0, 0x0, 0x0, 0xcf, 0xff, 0x0, 0x0, 0xf,
    0xff, 0xc0, 0x0, 0x0, 0x0, 0x0, 0x0, 0x9,
    0xff, 0xd0, 0x0, 0x0, 0xdf, 0xf9, 0x0, 0x0,
    0x0, 0x0, 0x0, 0x0, 0x0, 0x0, 0x0, 0x0,
    0x0, 0x0, 0x0, 0x0, 0x0, 0x0,

    /* U+F4C2 "" */
    0x2, 0x0, 0x0, 0x0, 0x0, 0x0, 0x0, 0x0,
    0x0, 0x0, 0x0, 0x2, 0xc, 0xf4, 0x0, 0x0,
    0x0, 0x0, 0x0, 0x0, 0x0, 0x0, 0x0, 0x4,
    0xfc, 0xff, 0x70, 0x0, 0x0, 0x0, 0x0, 0x0,
    0x0, 0x0, 0x0, 0x0, 0x7f, 0xff, 0xf8, 0x0,
    0x0, 0x0, 0x0, 0x0, 0x0, 0x0, 0x0, 0x0,
    0x8, 0xff, 0xff, 0x80, 0x0, 0x0, 0x0, 0x0,
    0x0, 0x0, 0x0, 0x0, 0x0, 0x8f, 0xff, 0xf8,
    0x0, 0x0, 0x0, 0x0, 0x0, 0x0, 0x0, 0x0,
    0x0, 0x8, 0xff, 0xff, 0x80, 0x0, 0x11, 0x0,
    0x0, 0x0, 0x0, 0x1, 0x10, 0x0, 0x8f, 0xff,
    0xf8, 0x0, 0x1f, 0xf3, 0x0, 0x0, 0x0, 0x3,
    0xff, 0x10, 0x8, 0xff, 0xff, 0xe2, 0x1, 0xff,
    0xd0, 0x0, 0x0, 0x0, 0xdf, 0xf1, 0x2, 0xef,
    0xff, 0xff, 0xd0, 0x7, 0xff, 0xa0, 0x0, 0x0,
    0xaf, 0xf7, 0x1, 0xdf, 0xff, 0xff, 0xff, 0xb0,
    0xb, 0xff, 0x60, 0x0, 0x6f, 0xfb, 0x0, 0xbf,
    0xff, 0xfb, 0xff, 0xff, 0x90, 0x9f, 0xfe, 0x0,
    0xe, 0xff, 0x90, 0x9f, 0xff, 0xfb, 0x1e, 0xff,
    0xff, 0xdf, 0xff, 0xf2, 0x2, 0xff, 0xff, 0xdf,
    0xff, 0xfe, 0x10, 0x3f, 0xff, 0xff, 0xff, 0xff,
    0x30, 0x3f, 0xff, 0xff, 0xff, 0xff, 0x30, 0x0,
    0x7f, 0xff, 0xff, 0xff, 0xf4, 0x4, 0xff, 0xff,
    0xff, 0xff, 0x70, 0x0, 0x0, 0xaf, 0xff, 0xff,
    0xff, 0x40, 0x4f, 0xff, 0xff, 0xff, 0xa0, 0x0,
    0x0, 0x0, 0xdf, 0xff, 0xff, 0xf4, 0x4, 0xff,
    0xff, 0xff, 0xd0, 0x0, 0x0, 0x0, 0x4, 0xff,
    0xff, 0xff, 0x30, 0x3f, 0xff, 0xff, 0xf4, 0x0,
    0x0, 0x0, 0x0, 0x3, 0x44, 0x44, 0x40, 0x0,
    0x44, 0x44, 0x43, 0x0, 0x0, 0x0,

    /* U+F4D8 "" */
    0x0, 0x0, 0x0, 0x0, 0x0, 0x0, 0x0, 0x0,
    0x23, 0x43, 0x0, 0x0, 0x0, 0x0, 0x0, 0x0,
    0x4, 0xbf, 0xff, 0xfe, 0x0, 0x0, 0x0, 0x0,
    0x0, 0x0, 0x9f, 0xff, 0xff, 0xfc, 0xbc, 0xba,
    0x83, 0x0, 0x0, 0xc, 0xff, 0xff, 0xff, 0xf8,
    0xef, 0xff, 0xff, 0xc3, 0x0, 0x9f, 0xff, 0xff,
    0xff, 0xf2, 0xbf, 0xff, 0xff, 0xff, 0x50, 0xdf,
    0xff, 0xff, 0xff, 0x90, 0x5f, 0xff, 0xff, 0xff,
    0xf4, 0x3f, 0xff, 0xff, 0xfc, 0x0, 0xd, 0xff,
    0xff, 0xff, 0xfe, 0x19, 0xff, 0xff, 0xb0, 0x0,
    0x3, 0xff, 0xff, 0xff, 0xff, 0x82, 0xff, 0xd6,
    0x0, 0x0, 0x0, 0x5f, 0xff, 0xff, 0xff, 0xd0,
    0x53, 0x0, 0x0, 0x0, 0x0, 0x3, 0xdf, 0xff,
    0xff, 0xf1, 0x0, 0x0, 0x0, 0x0, 0x0, 0x0,
    0x5, 0xbe, 0xff, 0xf3, 0x0, 0x0, 0x0, 0x0,
    0x0, 0x0, 0x0, 0x0, 0x4f, 0xf4, 0x0, 0x0,
    0x0, 0x0, 0x0, 0x0, 0x0, 0x0, 0x4f, 0xf4,
    0x0, 0x0, 0x0, 0x0, 0x0, 0x0, 0x0, 0x0,
    0x4f, 0xf4, 0x0, 0x0, 0x0, 0x0, 0x0, 0x0,
    0x0, 0x0, 0x4f, 0xf4, 0x0, 0x0, 0x0, 0x0,
    0x0, 0x0, 0x0, 0x0, 0x4f, 0xf4, 0x0, 0x0,
    0x0, 0x0, 0x0, 0x0, 0x0, 0x0, 0x3f, 0xf3,
    0x0, 0x0, 0x0, 0x0, 0x0, 0x0, 0x0, 0x0,
    0x3, 0x30, 0x0, 0x0, 0x0, 0x0,

    /* U+F4DA "" */
    0x0, 0x0, 0x0, 0x0, 0x1, 0x10, 0x0, 0x0,
    0x0, 0x0, 0x0, 0x0, 0x3, 0x9e, 0xff, 0xff,
    0xb5, 0x0, 0x0, 0x0, 0x0, 0x0, 0xaf, 0xff,
    0xff, 0xff, 0xff, 0xd3, 0x0, 0x0, 0x0, 0x1d,
    0xff, 0xff, 0xff, 0xff, 0xff, 0xff, 0x50, 0x0,
    0x0, 0xcf, 0xff, 0xff, 0xff, 0xff, 0xff, 0xff,
    0xf3, 0x0, 0x9, 0xff, 0xff, 0xff, 0xff, 0xff,
    0xff, 0xff, 0xfe, 0x0, 0x2f, 0xff, 0xff, 0xff,
    0xff, 0xff, 0xff, 0xff, 0xff, 0x70, 0x8f, 0xff,
    0xfe, 0x7d, 0xff, 0xfe, 0xab, 0xff, 0xff, 0xd0,
    0xcf, 0xff, 0xf5, 0x4, 0xff, 0xc0, 0x0, 0x3f,
    0xff, 0xf2, 0xef, 0xff, 0xfb, 0x29, 0xff, 0xa9,
    0xfe, 0x6e, 0xff, 0xf4, 0xff, 0xff, 0xff, 0xff,
    0xff, 0xff, 0xff, 0xff, 0xff, 0xf5, 0xef, 0xff,
    0xff, 0xff, 0xff, 0xff, 0xff, 0xff, 0xff, 0xf4,
    0xcf, 0xff, 0xff, 0xff, 0xff, 0xff, 0xff, 0xff,
    0xff, 0xf2, 0x8f, 0xff, 0xf3, 0x9f, 0xff, 0xff,
    0xd2, 0xcf, 0xff, 0xe0, 0x2f, 0xff, 0xfa, 0x5,
    0xce, 0xd8, 0x14, 0xff, 0xff, 0x80, 0x9, 0xff,
    0xff, 0xc4, 0x0, 0x2, 0x9f, 0xff, 0xfe, 0x0,
    0x0, 0xdf, 0xff, 0xff, 0xfe, 0xff, 0xff, 0xff,
    0xf4, 0x0, 0x0, 0x2d, 0xff, 0xff, 0xff, 0xff,
    0xff, 0xff, 0x50, 0x0, 0x0, 0x1, 0xaf, 0xff,
    0xff, 0xff, 0xff, 0xd3, 0x0, 0x0, 0x0, 0x0,
    0x3, 0xae, 0xff, 0xff, 0xc6, 0x0, 0x0, 0x0,
    0x0, 0x0, 0x0, 0x0, 0x12, 0x10, 0x0, 0x0,
    0x0, 0x0,

    /* U+F54C "" */
    0x0, 0x0, 0x0, 0x3, 0x67, 0x76, 0x30, 0x0,
    0x0, 0x0, 0x0, 0x0, 0x18, 0xef, 0xff, 0xff,
    0xfe, 0x81, 0x0, 0x0, 0x0, 0x5, 0xff, 0xff,
    0xff, 0xff, 0xff, 0xff, 0x50, 0x0, 0x0, 0x7f,
    0xff, 0xff, 0xff, 0xff, 0xff, 0xff, 0xf7, 0x0,
    0x6, 0xff, 0xff, 0xff, 0xff, 0xff, 0xff, 0xff,
    0xff, 0x60, 0x1f, 0xff, 0xff, 0xff, 0xff, 0xff,
    0xff, 0xff, 0xff, 0xe1, 0x7f, 0xff, 0xff, 0xff,
    0xff, 0xff, 0xff, 0xff, 0xff, 0xf7, 0xcf, 0xff,
    0xff, 0xff, 0xff, 0xff, 0xff, 0xff, 0xff, 0xfc,
    0xef, 0xff, 0xc2, 0x6, 0xff, 0xff, 0x61, 0x2c,
    0xff, 0xfe, 0xff, 0xff, 0x10, 0x0, 0x8f, 0xf8,
    0x0, 0x1, 0xff, 0xff, 0xdf, 0xfc, 0x0, 0x0,
    0x4f, 0xf5, 0x0, 0x0, 0xcf, 0xfd, 0xaf, 0xff,
    0x10, 0x0, 0x8f, 0xf8, 0x0, 0x1, 0xff, 0xfa,
    0x4f, 0xff, 0xb2, 0x6, 0xff, 0xff, 0x60, 0x2c,
    0xff, 0xf4, 0xb, 0xff, 0xff, 0xff, 0xff, 0xff,
    0xff, 0xff, 0xff, 0xb0, 0x1, 0xef, 0xff, 0xff,
    0xff, 0xff, 0xff, 0xff, 0xfe, 0x10, 0x0, 0x1d,
    0xff, 0xff, 0xff, 0xff, 0xff, 0xff, 0xd2, 0x0,
    0x0, 0x1, 0xef, 0xff, 0xff, 0xff, 0xff, 0xfe,
    0x10, 0x0, 0x0, 0x0, 0xcf, 0xff, 0xff, 0xff,
    0xff, 0xfd, 0x0, 0x0, 0x0, 0x0, 0xef, 0xf8,
    0x4f, 0xf4, 0x8f, 0xff, 0x0, 0x0, 0x0, 0x1,
    0xff, 0xf8, 0x3f, 0xf4, 0x7f, 0xff, 0x10, 0x0,
    0x0, 0x0, 0x78, 0x84, 0x18, 0x82, 0x38, 0x87,
    0x0, 0x0,

    /* U+F556 "" */
    0x0, 0x0, 0x1, 0x6b, 0xdf, 0xec, 0x83, 0x0,
    0x0, 0x0, 0x0, 0x0, 0x7f, 0xff, 0xff, 0xff,
    0xff, 0xb1, 0x0, 0x0, 0x0, 0xb, 0xff, 0xff,
    0xff, 0xff, 0xff, 0xfe, 0x30, 0x0, 0x0, 0xbf,
    0xff, 0xff, 0xff, 0xff, 0xff, 0xff, 0xf2, 0x0,
    0x8, 0xff, 0xff, 0xff, 0xff, 0xff, 0xff, 0xff,
    0xfd, 0x0, 0x1f, 0xff, 0xff, 0xff, 0xff, 0xff,
    0xff, 0xff, 0xff, 0x60, 0x7f, 0xff, 0xbc, 0xff,
    0xff, 0xff, 0xfe, 0xaf, 0xff, 0xd0, 0xcf, 0xff,
    0x40, 0x16, 0xef, 0xf9, 0x30, 0x1d, 0xff, 0xf2,
    0xef, 0xff, 0xf7, 0x0, 0xcf, 0xf3, 0x1, 0xff,
    0xff, 0xf4, 0xff, 0xff, 0xf8, 0x6, 0xff, 0xfb,
    0x2, 0xff, 0xff, 0xf5, 0xef, 0xff, 0xff, 0xef,
    0xff, 0xff, 0xef, 0xff, 0xff, 0xf4, 0xcf, 0xff,
    0xff, 0xff, 0xff, 0xff, 0xff, 0xff, 0xff, 0xf2,
    0x8f, 0xff, 0xff, 0xff, 0xfd, 0xef, 0xff, 0xff,
    0xff, 0xe0, 0x2f, 0xff, 0xff, 0xf6, 0x0, 0x3,
    0xcf, 0xff, 0xff, 0x80, 0xa, 0xff, 0xff, 0x72,
    0xcf, 0xe6, 0x2f, 0xff, 0xfe, 0x10, 0x1, 0xdf,
    0xff, 0xff, 0xff, 0xff, 0xff, 0xff, 0xf4, 0x0,
    0x0, 0x2d, 0xff, 0xff, 0xff, 0xff, 0xff, 0xff,
    0x60, 0x0, 0x0, 0x1, 0xbf, 0xff, 0xff, 0xff,
    0xff, 0xe4, 0x0, 0x0, 0x0, 0x0, 0x3, 0xae,
    0xff, 0xff, 0xc6, 0x0, 0x0, 0x0, 0x0, 0x0,
    0x0, 0x0, 0x12, 0x10, 0x0, 0x0, 0x0, 0x0,

    /* U+F55A "" */
    0x0, 0x0, 0x0, 0x6e, 0xff, 0xff, 0xff, 0xff,
    0xff, 0xff, 0xff, 0xfb, 0x20, 0x0, 0x0, 0x8f,
    0xff, 0xff, 0xff, 0xff, 0xff, 0xff, 0xff, 0xff,
    0xfb, 0x0, 0x0, 0x8f, 0xff, 0xff, 0xff, 0xff,
    0xff, 0xff, 0xff, 0xff, 0xff, 0xf0, 0x0, 0x8f,
    0xff, 0xff, 0xff, 0x85, 0xff, 0xff, 0x58, 0xff,
    0xff, 0xff, 0x0, 0x8f, 0xff, 0xff, 0xff, 0xb0,
    0x4, 0xff, 0x40, 0xb, 0xff, 0xff, 0xf0, 0x8f,
    0xff, 0xff, 0xff, 0xff, 0x40, 0x4, 0x40, 0x4,
    0xff, 0xff, 0xff, 0x8f, 0xff, 0xff, 0xff, 0xff,
    0xff, 0x40, 0x0, 0x4, 0xff, 0xff, 0xff, 0xff,
    0xff, 0xff, 0xff, 0xff, 0xff, 0xfe, 0x10, 0x0,
    0xef, 0xff, 0xff, 0xff, 0x8f, 0xff, 0xff, 0xff,
    0xff, 0xff, 0x40, 0x0, 0x4, 0xff, 0xff, 0xff,
    0xf0, 0x8f, 0xff, 0xff, 0xff, 0xff, 0x40, 0x4,
    0x40, 0x4, 0xff, 0xff, 0xff, 0x0, 0x8f, 0xff,
    0xff, 0xff, 0xb0, 0x4, 0xff, 0x40, 0xb, 0xff,
    0xff, 0xf0, 0x0, 0x8f, 0xff, 0xff, 0xff, 0x85,
    0xff, 0xff, 0x58, 0xff, 0xff, 0xff, 0x0, 0x0,
    0x8f, 0xff, 0xff, 0xff, 0xff, 0xff, 0xff, 0xff,
    0xff, 0xff, 0xf0, 0x0, 0x0, 0x8f, 0xff, 0xff,
    0xff, 0xff, 0xff, 0xff, 0xff, 0xff, 0xfb, 0x0,
    0x0, 0x0, 0x6e, 0xff, 0xff, 0xff, 0xff, 0xff,
    0xff, 0xff, 0xfc, 0x20,

    /* U+F567 "" */
    0x0, 0x0, 0x0, 0x0, 0x1, 0x10, 0x0, 0x0,
    0x0, 0x0, 0x0, 0x0, 0x3, 0x9e, 0xff, 0xff,
    0xb5, 0x0, 0x0, 0x0, 0x0, 0x0, 0xaf, 0xff,
    0xff, 0xff, 0xff, 0xd3, 0x0, 0x0, 0x0, 0x1d,
    0xff, 0xff, 0xff, 0xff, 0xff, 0xff, 0x50, 0x0,
    0x0, 0xcf, 0xff, 0xff, 0xff, 0xff, 0xff, 0xff,
    0xf3, 0x0, 0x9, 0xff, 0xff, 0xff, 0xff, 0xff,
    0xff, 0xff, 0xfe, 0x0, 0x2f, 0xfd, 0xb, 0x90,
    0xff, 0xf5, 0x4e, 0x37, 0xff, 0x70, 0x8f, 0xff,
    0x80, 0xa, 0xff, 0xfe, 0x20, 0x3f, 0xff, 0xd0,
    0xcf, 0xff, 0x90, 0xb, 0xff, 0xfe, 0x20, 0x4f,
    0xff, 0xf2, 0xef, 0xfd, 0xa, 0x80, 0xff, 0xf5,
    0x3c, 0x27, 0xff, 0xf4, 0xff, 0xff, 0xef, 0xfe,
    0xff, 0xfe, 0xff, 0xef, 0xff, 0xf5, 0xef, 0xff,
    0xff, 0xff, 0xfd, 0xff, 0xff, 0xff, 0xff, 0xf4,
    0xcf, 0xff, 0xff, 0xfe, 0x20, 0xa, 0xff, 0xff,
    0xff, 0xf2, 0x8f, 0xff, 0xff, 0xf5, 0x0, 0x0,
    0xff, 0xff, 0xff, 0xe0, 0x2f, 0xff, 0xff, 0xf3,
    0x0, 0x0, 0xdf, 0xff, 0xff, 0x80, 0x9, 0xff,
    0xff, 0xf9, 0x0, 0x3, 0xff, 0xff, 0xfe, 0x0,
    0x0, 0xdf, 0xff, 0xff, 0x94, 0x7e, 0xff, 0xff,
    0xf4, 0x0, 0x0, 0x2d, 0xff, 0xff, 0xff, 0xff,
    0xff, 0xff, 0x50, 0x0, 0x0, 0x1, 0xaf, 0xff,
    0xff, 0xff, 0xff, 0xd3, 0x0, 0x0, 0x0, 0x0,
    0x3, 0xae, 0xff, 0xff, 0xc6, 0x0, 0x0, 0x0,
    0x0, 0x0, 0x0, 0x0, 0x12, 0x10, 0x0, 0x0,
    0x0, 0x0,

    /* U+F579 "" */
    0x0, 0x0, 0x0, 0x0, 0x1, 0x10, 0x0, 0x0,
    0x0, 0x0, 0x0, 0x0, 0x3, 0x9e, 0xff, 0xff,
    0xb5, 0x0, 0x0, 0x0, 0x0, 0x0, 0xaf, 0xff,
    0xff, 0xff, 0xff, 0xd3, 0x0, 0x0, 0x0, 0x1d,
    0xff, 0xff, 0xff, 0xff, 0xff, 0xff, 0x50, 0x0,
    0x0, 0xdf, 0xff, 0xff, 0xff, 0xff, 0xff, 0xff,
    0xf3, 0x0, 0x9, 0xff, 0xff, 0xff, 0xff, 0xff,
    0xff, 0xff, 0xfe, 0x0, 0x2f, 0xff, 0xe9, 0x9e,
    0xff, 0xff, 0xb8, 0xbf, 0xff, 0x70, 0x8f, 0xfc,
    0x0, 0x1, 0xdf, 0xf5, 0x0, 0x7, 0xff, 0xd0,
    0xcf, 0xf4, 0x8, 0x70, 0x6f, 0xc0, 0x4a, 0x0,
    0xef, 0xf2, 0xef, 0xf2, 0xe, 0xc0, 0x4f, 0xb0,
    0x8f, 0x20, 0xdf, 0xf4, 0xff, 0xf7, 0x0, 0x0,
    0x9f, 0xe1, 0x1, 0x2, 0xff, 0xf5, 0xef, 0xff,
    0x60, 0x7, 0xff, 0xfc, 0x20, 0x3d, 0xff, 0xf4,
    0xcf, 0xff, 0xff, 0xff, 0xff, 0xff, 0xff, 0xff,
    0xff, 0xf2, 0x7f, 0xff, 0xff, 0xff, 0xff, 0xff,
    0xff, 0xff, 0xff, 0xd0, 0x2f, 0xff, 0xff, 0xfd,
    0xdd, 0xdd, 0xff, 0xff, 0xff, 0x70, 0x9, 0xff,
    0xff, 0xa0, 0x0, 0x0, 0x6f, 0xff, 0xfe, 0x0,
    0x0, 0xcf, 0xff, 0xff, 0xff, 0xff, 0xff, 0xff,
    0xf3, 0x0, 0x0, 0x1c, 0xff, 0xff, 0xff, 0xff,
    0xff, 0xff, 0x40, 0x0, 0x0, 0x0, 0x9f, 0xff,
    0xff, 0xff, 0xff, 0xc3, 0x0, 0x0, 0x0, 0x0,
    0x2, 0x9d, 0xff, 0xfe, 0xa5, 0x0, 0x0, 0x0,
    0x0, 0x0, 0x0, 0x0, 0x1, 0x0, 0x0, 0x0,
    0x0, 0x0,

    /* U+F57A "" */
    0x0, 0x0, 0x0, 0x0, 0x1, 0x10, 0x0, 0x0,
    0x0, 0x0, 0x0, 0x0, 0x3, 0x9e, 0xff, 0xff,
    0xb5, 0x0, 0x0, 0x0, 0x0, 0x0, 0xaf, 0xff,
    0xff, 0xff, 0xff, 0xd3, 0x0, 0x0, 0x0, 0x1d,
    0xff, 0xff, 0xff, 0xff, 0xff, 0xff, 0x50, 0x0,
    0x0, 0xdf, 0xff, 0xff, 0xff, 0xff, 0xff, 0xff,
    0xf4, 0x0, 0x9, 0xff, 0xff, 0xff, 0xff, 0xff,
    0xff, 0xff, 0xfe, 0x0, 0x2f, 0xff, 0xff, 0xff,
    0xff, 0xff, 0xff, 0xff, 0xff, 0x80, 0x8f, 0xff,
    0xfe, 0x7d, 0xff, 0xff, 0x8b, 0xff, 0xff, 0xe0,
    0xcf, 0xff, 0xf5, 0x3, 0xff, 0xf9, 0x0, 0xff,
    0xff, 0xf2, 0xef, 0xff, 0xfb, 0x3a, 0xff, 0xfe,
    0x47, 0xff, 0xff, 0xf4, 0xff, 0xff, 0xff, 0xff,
    0xff, 0xff, 0xff, 0xff, 0xff, 0xf5, 0xef, 0xff,
    0xff, 0xff, 0xff, 0xff, 0xff, 0xff, 0xff, 0xf4,
    0xcf, 0xff, 0xff, 0xff, 0xec, 0xdf, 0xff, 0xff,
    0xff, 0xf2, 0x8f, 0xff, 0xff, 0xe4, 0x0, 0x2,
    0xaf, 0xff, 0xff, 0xe0, 0x2f, 0xff, 0xff, 0x20,
    0x0, 0x0, 0xc, 0xff, 0xff, 0x80, 0x9, 0xff,
    0xff, 0x57, 0xbd, 0xc9, 0x5c, 0xff, 0xfe, 0x0,
    0x0, 0xdf, 0xff, 0xff, 0xff, 0xff, 0xff, 0xff,
    0xf4, 0x0, 0x0, 0x1d, 0xff, 0xff, 0xff, 0xff,
    0xff, 0xff, 0x50, 0x0, 0x0, 0x0, 0xaf, 0xff,
    0xff, 0xff, 0xff, 0xd3, 0x0, 0x0, 0x0, 0x0,
    0x3, 0x9e, 0xff, 0xff, 0xb5, 0x0, 0x0, 0x0,
    0x0, 0x0, 0x0, 0x0, 0x1, 0x10, 0x0, 0x0,
    0x0, 0x0,

    /* U+F57F "" */
    0x0, 0x0, 0x0, 0x0, 0x1, 0x0, 0x0, 0x0,
    0x0, 0x0, 0x0, 0x0, 0x3, 0x9e, 0xff, 0xff,
    0xb5, 0x0, 0x0, 0x0, 0x0, 0x0, 0xaf, 0xff,
    0xff, 0xff, 0xff, 0xd2, 0x0, 0x0, 0x0, 0x1d,
    0xff, 0xff, 0xff, 0xff, 0xff, 0xff, 0x40, 0x0,
    0x0, 0xdf, 0xff, 0xff, 0xff, 0xff, 0xff, 0xff,
    0xf3, 0x0, 0x9, 0xff, 0xff, 0xff, 0xff, 0xff,
    0xff, 0xff, 0xfd, 0x0, 0x2f, 0xff, 0xff, 0xff,
    0xff, 0xff, 0xff, 0xff, 0xff, 0x60, 0x8f, 0xff,
    0xfe, 0x7d, 0xff, 0xff, 0x8b, 0xff, 0xff, 0xc0,
    0xcf, 0xff, 0xf6, 0x4, 0xff, 0xfa, 0x1, 0xff,
    0xff, 0xf1, 0xef, 0xff, 0xfa, 0x19, 0xff, 0xfd,
    0x26, 0xff, 0xff, 0xf3, 0xff, 0xff, 0xff, 0xff,
    0xff, 0xff, 0xff, 0xff, 0xff, 0xf4, 0xef, 0xff,
    0xff, 0xff, 0xff, 0xff, 0xff, 0xff, 0xff, 0xf3,
    0xcf, 0xff, 0xbc, 0x77, 0xc7, 0xa9, 0x7c, 0x9f,
    0xff, 0xf1, 0x7f, 0xff, 0x19, 0x0, 0xa0, 0x64,
    0xa, 0xd, 0xff, 0xc0, 0x2f, 0xff, 0xad, 0xaa,
    0xda, 0xcb, 0xad, 0xae, 0xff, 0x60, 0x9, 0xff,
    0x49, 0x0, 0xa0, 0x64, 0xa, 0x1e, 0xfd, 0x0,
    0x0, 0xcf, 0xff, 0xff, 0xff, 0xff, 0xff, 0xff,
    0xf2, 0x0, 0x0, 0x1c, 0xff, 0xff, 0xff, 0xff,
    0xff, 0xff, 0x40, 0x0, 0x0, 0x0, 0x9f, 0xff,
    0xff, 0xff, 0xff, 0xc2, 0x0, 0x0, 0x0, 0x0,
    0x2, 0x9d, 0xff, 0xfe, 0xa5, 0x0, 0x0, 0x0,
    0x0, 0x0, 0x0, 0x0, 0x1, 0x0, 0x0, 0x0,
    0x0, 0x0,

    /* U+F580 "" */
    0x0, 0x0, 0x0, 0x0, 0x1, 0x10, 0x0, 0x0,
    0x0, 0x0, 0x0, 0x0, 0x3, 0x9e, 0xff, 0xff,
    0xb5, 0x0, 0x0, 0x0, 0x0, 0x0, 0xaf, 0xff,
    0xff, 0xff, 0xff, 0xd3, 0x0, 0x0, 0x0, 0x1d,
    0xff, 0xff, 0xff, 0xff, 0xff, 0xff, 0x50, 0x0,
    0x0, 0xdf, 0xff, 0xff, 0xff, 0xff, 0xff, 0xff,
    0xf4, 0x0, 0x9, 0xff, 0xff, 0xff, 0xff, 0xff,
    0xff, 0xff, 0xfe, 0x0, 0x2f, 0xff, 0xff, 0xff,
    0xff, 0xff, 0xff, 0xff, 0xff, 0x80, 0x8f, 0xff,
    0xfe, 0x7d, 0xff, 0xff, 0x8b, 0xff, 0xff, 0xe0,
    0xcf, 0xff, 0xf5, 0x4, 0xff, 0xf9, 0x0, 0xff,
    0xff, 0xf2, 0xef, 0xff, 0xfb, 0x29, 0xff, 0xfe,
    0x36, 0xff, 0xff, 0xf4, 0xff, 0xff, 0xff, 0xff,
    0xff, 0xff, 0xff, 0xff, 0xff, 0xf5, 0xef, 0xff,
    0xff, 0xff, 0xff, 0xff, 0xff, 0xff, 0xff, 0xf4,
    0xcf, 0xff, 0xff, 0xff, 0xff, 0xff, 0xff, 0xff,
    0xff, 0xf2, 0x8f, 0xff, 0x23, 0x68, 0x99, 0x98,
    0x74, 0x1c, 0xff, 0xe0, 0x2f, 0xff, 0x50, 0x0,
    0x0, 0x0, 0x0, 0xe, 0xff, 0x80, 0x9, 0xff,
    0xe2, 0x0, 0x0, 0x0, 0x0, 0xaf, 0xfe, 0x0,
    0x0, 0xdf, 0xff, 0x71, 0x0, 0x0, 0x4d, 0xff,
    0xf4, 0x0, 0x0, 0x1d, 0xff, 0xff, 0xcb, 0xbe,
    0xff, 0xff, 0x50, 0x0, 0x0, 0x0, 0xaf, 0xff,
    0xff, 0xff, 0xff, 0xd3, 0x0, 0x0, 0x0, 0x0,
    0x3, 0x9e, 0xff, 0xff, 0xb5, 0x0, 0x0, 0x0,
    0x0, 0x0, 0x0, 0x0, 0x1, 0x10, 0x0, 0x0,
    0x0, 0x0,

    /* U+F582 "" */
    0x0, 0x0, 0x0, 0x0, 0x1, 0x10, 0x0, 0x0,
    0x0, 0x0, 0x0, 0x0, 0x3, 0x9e, 0xff, 0xff,
    0xb5, 0x0, 0x0, 0x0, 0x0, 0x0, 0xaf, 0xff,
    0xff, 0xff, 0xff, 0xd3, 0x0, 0x0, 0x0, 0x1d,
    0xff, 0xff, 0xff, 0xff, 0xff, 0xff, 0x50, 0x0,
    0x0, 0xdf, 0xff, 0xff, 0xff, 0xff, 0xff, 0xff,
    0xf4, 0x0, 0x9, 0xff, 0xff, 0xff, 0xff, 0xff,
    0xff, 0xff, 0xfe, 0x0, 0x2f, 0xff, 0xfe, 0x8d,
    0xff, 0xff, 0x9b, 0xff, 0xff, 0x80, 0x8f, 0xff,
    0xe1, 0x0, 0xdf, 0xf4, 0x0, 0xaf, 0xff, 0xe0,
    0xcf, 0xff, 0x86, 0xf9, 0x6f, 0xc3, 0xfc, 0x3f,
    0xff, 0xf2, 0xef, 0xff, 0xbf, 0xff, 0xbf, 0xdd,
    0xff, 0xbf, 0xff, 0xf4, 0xff, 0xff, 0xff, 0xff,
    0xff, 0xff, 0xff, 0xff, 0xff, 0xf5, 0xef, 0xff,
    0xff, 0xff, 0xff, 0xff, 0xff, 0xff, 0xff, 0xf4,
    0xcf, 0xff, 0xff, 0xff, 0xff, 0xff, 0xff, 0xff,
    0xff, 0xf2, 0x8f, 0xff, 0x23, 0x68, 0x99, 0x98,
    0x74, 0x1c, 0xff, 0xe0, 0x2f, 0xff, 0x50, 0x0,
    0x0, 0x0, 0x0, 0xe, 0xff, 0x80, 0x9, 0xff,
    0xe2, 0x0, 0x0, 0x0, 0x0, 0xaf, 0xfe, 0x0,
    0x0, 0xdf, 0xff, 0x71, 0x0, 0x0, 0x4d, 0xff,
    0xf4, 0x0, 0x0, 0x1d, 0xff, 0xff, 0xcb, 0xbe,
    0xff, 0xff, 0x50, 0x0, 0x0, 0x0, 0xaf, 0xff,
    0xff, 0xff, 0xff, 0xd3, 0x0, 0x0, 0x0, 0x0,
    0x3, 0x9e, 0xff, 0xff, 0xb5, 0x0, 0x0, 0x0,
    0x0, 0x0, 0x0, 0x0, 0x1, 0x10, 0x0, 0x0,
    0x0, 0x0,

    /* U+F583 "" */
    0x0, 0x0, 0x0, 0x0, 0x1, 0x10, 0x0, 0x0,
    0x3, 0x0, 0x0, 0x0, 0x3, 0x9e, 0xff, 0xff,
    0xb5, 0x0, 0x1e, 0xa0, 0x0, 0x0, 0xaf, 0xff,
    0xff, 0xff, 0xff, 0xc0, 0xaf, 0xf4, 0x0, 0x1d,
    0xff, 0xff, 0xff, 0xff, 0xff, 0xb0, 0xff, 0xf9,
    0x0, 0xdf, 0xff, 0xff, 0xff, 0xff, 0xff, 0xd0,
    0xdf, 0xf7, 0x9, 0xff, 0xff, 0xff, 0xff, 0xff,
    0xff, 0xf5, 0x17, 0x50, 0x2f, 0xff, 0xfe, 0x8d,
    0xff, 0xff, 0x9b, 0xff, 0x84, 0x20, 0x8f, 0xff,
    0xe1, 0x0, 0xdf, 0xf4, 0x0, 0xaf, 0xff, 0xd0,
    0xcf, 0xff, 0x86, 0xf9, 0x6f, 0xc3, 0xfc, 0x3f,
    0xff, 0xf2, 0xef, 0xff, 0xbf, 0xff, 0xaf, 0xdd,
    0xff, 0xaf, 0xff, 0xf4, 0xff, 0xff, 0xff, 0xff,
    0xff, 0xff, 0xff, 0xff, 0xff, 0xf5, 0xef, 0xff,
    0xff, 0xff, 0xff, 0xff, 0xff, 0xff, 0xff, 0xf4,
    0xcf, 0xff, 0xff, 0xff, 0xff, 0xff, 0xff, 0xff,
    0xff, 0xf2, 0x8f, 0xff, 0x23, 0x68, 0x99, 0x98,
    0x74, 0x1c, 0xff, 0xe0, 0x2f, 0xff, 0x50, 0x0,
    0x0, 0x0, 0x0, 0xe, 0xff, 0x80, 0x9, 0xff,
    0xe2, 0x0, 0x0, 0x0, 0x0, 0xaf, 0xfe, 0x0,
    0x0, 0xdf, 0xff, 0x71, 0x0, 0x0, 0x4d, 0xff,
    0xf4, 0x0, 0x0, 0x1d, 0xff, 0xff, 0xcb, 0xbe,
    0xff, 0xff, 0x50, 0x0, 0x0, 0x0, 0xaf, 0xff,
    0xff, 0xff, 0xff, 0xd3, 0x0, 0x0, 0x0, 0x0,
    0x3, 0x9e, 0xff, 0xff, 0xb5, 0x0, 0x0, 0x0,
    0x0, 0x0, 0x0, 0x0, 0x1, 0x10, 0x0, 0x0,
    0x0, 0x0,

    /* U+F584 "" */
    0x0, 0x0, 0x0, 0x0, 0x1, 0x10, 0x0, 0x0,
    0x0, 0x0, 0x0, 0x0, 0x3, 0x9e, 0xff, 0xff,
    0xb5, 0x0, 0x0, 0x0, 0x0, 0x0, 0xaf, 0xff,
    0xff, 0xff, 0xff, 0xd3, 0x0, 0x0, 0x0, 0x1d,
    0xff, 0xff, 0xff, 0xff, 0xff, 0xff, 0x50, 0x0,
    0x0, 0xdf, 0xff, 0xff, 0xff, 0xff, 0xff, 0xff,
    0xf4, 0x0, 0x9, 0xff, 0xff, 0xba, 0xff, 0xfd,
    0x9f, 0xff, 0xfe, 0x0, 0x2f, 0xff, 0xea, 0x0,
    0xaf, 0xf1, 0x5, 0xef, 0xff, 0x80, 0x8f, 0xfb,
    0x0, 0x0, 0xaf, 0xf0, 0x0, 0x5, 0xff, 0xe0,
    0xcf, 0xf8, 0x0, 0x0, 0xef, 0xf5, 0x0, 0x2,
    0xff, 0xf2, 0xef, 0xff, 0x72, 0x3, 0xff, 0xf9,
    0x1, 0x5c, 0xff, 0xf4, 0xff, 0xff, 0xff, 0xed,
    0xff, 0xff, 0xdf, 0xff, 0xff, 0xf5, 0xef, 0xff,
    0xff, 0xff, 0xff, 0xff, 0xff, 0xff, 0xff, 0xf4,
    0xcf, 0xff, 0xff, 0xff, 0xff, 0xff, 0xff, 0xff,
    0xff, 0xf2, 0x8f, 0xff, 0x33, 0x79, 0xaa, 0xa9,
    0x75, 0x1c, 0xff, 0xe0, 0x2f, 0xff, 0x50, 0x0,
    0x0, 0x0, 0x0, 0xe, 0xff, 0x80, 0x9, 0xff,
    0xe2, 0x0, 0x0, 0x0, 0x0, 0xaf, 0xfe, 0x0,
    0x0, 0xdf, 0xff, 0x71, 0x0, 0x0, 0x4d, 0xff,
    0xf4, 0x0, 0x0, 0x1d, 0xff, 0xff, 0xcb, 0xbe,
    0xff, 0xff, 0x50, 0x0, 0x0, 0x0, 0xaf, 0xff,
    0xff, 0xff, 0xff, 0xd3, 0x0, 0x0, 0x0, 0x0,
    0x3, 0x9e, 0xff, 0xff, 0xb5, 0x0, 0x0, 0x0,
    0x0, 0x0, 0x0, 0x0, 0x1, 0x10, 0x0, 0x0,
    0x0, 0x0,

    /* U+F586 "" */
    0x0, 0x0, 0x0, 0x0, 0x2, 0x20, 0x0, 0x0,
    0x6, 0x60, 0x0, 0x0, 0x1, 0x8d, 0xff, 0xff,
    0xd8, 0x10, 0x9f, 0xfa, 0x0, 0x0, 0x7f, 0xff,
    0xff, 0xff, 0xff, 0xb0, 0xff, 0xff, 0x0, 0xa,
    0xff, 0xff, 0xff, 0xff, 0xff, 0x83, 0xff, 0xfa,
    0x0, 0x9f, 0xff, 0xff, 0xff, 0x7f, 0xff, 0x64,
    0xc9, 0x50, 0x4, 0xff, 0xff, 0xff, 0xfc, 0xf,
    0xff, 0xc0, 0x2, 0x20, 0xd, 0xff, 0xff, 0xff,
    0xf8, 0xb, 0xef, 0xff, 0xef, 0xc0, 0x3f, 0xff,
    0xff, 0xff, 0xf4, 0x0, 0x9, 0xff, 0xff, 0xf3,
    0x7f, 0xff, 0xff, 0xff, 0xf6, 0x7b, 0xff, 0xfb,
    0xef, 0xf7, 0x9f, 0xff, 0xff, 0xea, 0xff, 0xff,
    0xff, 0xd0, 0x7f, 0xf9, 0xaf, 0xfe, 0x62, 0x0,
    0xdf, 0xff, 0xff, 0x20, 0x3f, 0xfa, 0x9f, 0xff,
    0x97, 0x11, 0xff, 0xff, 0xf5, 0x0, 0x3f, 0xf9,
    0x7f, 0xff, 0xff, 0x55, 0xff, 0xff, 0x60, 0x0,
    0x7f, 0xf7, 0x3f, 0xff, 0xff, 0x79, 0xff, 0xf6,
    0x0, 0x0, 0xef, 0xf3, 0xc, 0xfe, 0xff, 0xff,
    0xfe, 0x40, 0x0, 0x8, 0xff, 0xd0, 0x2, 0x20,
    0xc, 0xff, 0xa1, 0x0, 0x0, 0x5f, 0xff, 0x40,
    0x5, 0x9c, 0x46, 0xff, 0x30, 0x0, 0x2a, 0xff,
    0xf9, 0x0, 0xaf, 0xff, 0x38, 0xff, 0xfc, 0xbd,
    0xff, 0xff, 0xa0, 0x0, 0xff, 0xff, 0xb, 0xff,
    0xff, 0xff, 0xff, 0xf7, 0x0, 0x0, 0xaf, 0xf9,
    0x1, 0x8d, 0xff, 0xff, 0xd8, 0x10, 0x0, 0x0,
    0x6, 0x60, 0x0, 0x0, 0x2, 0x20, 0x0, 0x0,
    0x0, 0x0,

    /* U+F587 "" */
    0x0, 0x0, 0x0, 0x0, 0x1, 0x10, 0x0, 0x0,
    0x0, 0x0, 0x0, 0x0, 0x3, 0x9e, 0xff, 0xff,
    0xb5, 0x0, 0x0, 0x0, 0x0, 0x0, 0xaf, 0xff,
    0xff, 0xff, 0xff, 0xd3, 0x0, 0x0, 0x0, 0x1d,
    0xff, 0xff, 0xff, 0xff, 0xff, 0xff, 0x50, 0x0,
    0x0, 0xdf, 0xff, 0xff, 0xff, 0xff, 0xff, 0xff,
    0xf4, 0x0, 0x9, 0xff, 0xfd, 0xef, 0xff, 0xff,
    0xfc, 0xff, 0xfe, 0x0, 0x2f, 0xff, 0xf4, 0x6f,
    0xff, 0xff, 0xc0, 0xef, 0xff, 0x80, 0x8f, 0xfa,
    0x0, 0x0, 0xcf, 0xf2, 0x0, 0x4, 0xff, 0xe0,
    0xcf, 0xff, 0x50, 0x7, 0xff, 0xfc, 0x0, 0xe,
    0xff, 0xf2, 0xef, 0xff, 0x62, 0x18, 0xff, 0xfe,
    0x3, 0xf, 0xff, 0xf4, 0xff, 0xff, 0xdf, 0xfd,
    0xff, 0xff, 0xdf, 0xcf, 0xff, 0xf5, 0xef, 0xff,
    0xff, 0xff, 0xff, 0xff, 0xff, 0xff, 0xff, 0xf4,
    0xcf, 0xff, 0xff, 0xff, 0xff, 0xff, 0xff, 0xff,
    0xff, 0xf2, 0x8f, 0xff, 0x33, 0x79, 0xaa, 0xa9,
    0x75, 0x1c, 0xff, 0xe0, 0x2f, 0xff, 0x50, 0x0,
    0x0, 0x0, 0x0, 0xe, 0xff, 0x80, 0x9, 0xff,
    0xe2, 0x0, 0x0, 0x0, 0x0, 0xaf, 0xfe, 0x0,
    0x0, 0xdf, 0xff, 0x71, 0x0, 0x0, 0x4d, 0xff,
    0xf4, 0x0, 0x0, 0x1d, 0xff, 0xff, 0xcb, 0xbe,
    0xff, 0xff, 0x50, 0x0, 0x0, 0x0, 0xaf, 0xff,
    0xff, 0xff, 0xff, 0xd3, 0x0, 0x0, 0x0, 0x0,
    0x3, 0x9e, 0xff, 0xff, 0xb5, 0x0, 0x0, 0x0,
    0x0, 0x0, 0x0, 0x0, 0x1, 0x10, 0x0, 0x0,
    0x0, 0x0,

    /* U+F588 "" */
    0x0, 0x0, 0x0, 0x0, 0x0, 0x0, 0x11, 0x0,
    0x0, 0x0, 0x0, 0x0, 0x0, 0x0, 0x0, 0x0,
    0x4, 0xae, 0xff, 0xfe, 0xa4, 0x0, 0x0, 0x0,
    0x0, 0x0, 0x0, 0x0, 0x1b, 0xff, 0xff, 0xff,
    0xff, 0xfb, 0x10, 0x0, 0x0, 0x0, 0x0, 0x0,
    0x3e, 0xff, 0xff, 0xff, 0xff, 0xff, 0xfe, 0x30,
    0x0, 0x0, 0x0, 0x0, 0x2e, 0xff, 0xff, 0xff,
    0xff, 0xff, 0xff, 0xfe, 0x10, 0x0, 0x0, 0x0,
    0xc, 0xff, 0xff, 0xff, 0xff, 0xff, 0xff, 0xff,
    0xfc, 0x0, 0x0, 0x0, 0x4, 0xff, 0xff, 0xc8,
    0xef, 0xff, 0xe8, 0xcf, 0xff, 0xf5, 0x0, 0x0,
    0x0, 0xbf, 0xff, 0xc0, 0x2, 0xff, 0xf2, 0x0,
    0xcf, 0xff, 0xb0, 0x0, 0x0, 0xe, 0xff, 0xf5,
    0x9f, 0x69, 0xf9, 0x5f, 0xa5, 0xff, 0xff, 0x0,
    0x0, 0x0, 0x45, 0xef, 0xbf, 0xff, 0xbf, 0xcf,
    0xff, 0xaf, 0xe6, 0x40, 0x0, 0x0, 0x36, 0x27,
    0xff, 0xff, 0xff, 0xff, 0xff, 0xff, 0xf7, 0x26,
    0x30, 0x5, 0xef, 0xf4, 0x7f, 0xff, 0xff, 0xff,
    0xff, 0xff, 0xff, 0x74, 0xff, 0xe5, 0xef, 0xff,
    0x1a, 0xff, 0xff, 0xff, 0xff, 0xff, 0xff, 0xfa,
    0x1f, 0xff, 0xed, 0xff, 0xc0, 0xef, 0x13, 0x68,
    0x99, 0x98, 0x63, 0x1f, 0xe0, 0xcf, 0xfd, 0x3c,
    0xb2, 0x5f, 0xf2, 0x0, 0x0, 0x0, 0x0, 0x2,
    0xff, 0x52, 0xbc, 0x30, 0x0, 0xa, 0xff, 0xc1,
    0x0, 0x0, 0x0, 0x1, 0xcf, 0xfa, 0x0, 0x0,
    0x0, 0x0, 0x1e, 0xff, 0xe6, 0x0, 0x0, 0x6,
    0xef, 0xfe, 0x10, 0x0, 0x0, 0x0, 0x0, 0x3e,
    0xff, 0xff, 0xcb, 0xcf, 0xff, 0xfe, 0x30, 0x0,
    0x0, 0x0, 0x0, 0x0, 0x1b, 0xff, 0xff, 0xff,
    0xff, 0xfb, 0x10, 0x0, 0x0, 0x0, 0x0, 0x0,
    0x0, 0x4, 0xae, 0xff, 0xfe, 0xa4, 0x0, 0x0,
    0x0, 0x0, 0x0, 0x0, 0x0, 0x0, 0x0, 0x1,
    0x21, 0x0, 0x0, 0x0, 0x0, 0x0, 0x0,

    /* U+F589 "" */
    0x0, 0x0, 0x0, 0x0, 0x1, 0x10, 0x0, 0x0,
    0x0, 0x0, 0x0, 0x0, 0x3, 0x9e, 0xff, 0xff,
    0xb6, 0x0, 0x0, 0x0, 0x0, 0x0, 0xaf, 0xff,
    0xff, 0xff, 0xff, 0xd3, 0x0, 0x0, 0x0, 0x1d,
    0xff, 0xff, 0xff, 0xff, 0xff, 0xff, 0x50, 0x0,
    0x0, 0xdf, 0xff, 0xff, 0xff, 0xff, 0xff, 0xff,
    0xf4, 0x0, 0x9, 0xff, 0xff, 0xff, 0xff, 0xff,
    0xff, 0xff, 0xfe, 0x10, 0x2f, 0xff, 0xff, 0xff,
    0xff, 0xff, 0xff, 0xff, 0xff, 0x80, 0x8f, 0xff,
    0xfe, 0x7d, 0xff, 0xff, 0x7b, 0xff, 0xff, 0xe0,
    0xcf, 0xff, 0xf5, 0x5, 0xff, 0xf8, 0x0, 0xff,
    0xff, 0xf2, 0xef, 0xff, 0xfb, 0x2b, 0xff, 0xfd,
    0x36, 0xff, 0xff, 0xf4, 0xff, 0xff, 0xff, 0xff,
    0xff, 0xff, 0xff, 0xff, 0xff, 0xf5, 0xef, 0xff,
    0xff, 0xff, 0xff, 0xff, 0xff, 0xff, 0xff, 0xf4,
    0xcf, 0xff, 0xff, 0xff, 0xff, 0xff, 0xff, 0xff,
    0xff, 0xf1, 0x7f, 0xff, 0x23, 0x68, 0x99, 0x98,
    0x74, 0x1c, 0xff, 0xd0, 0x1f, 0xff, 0x50, 0x0,
    0x0, 0x0, 0x0, 0x1f, 0xff, 0x60, 0x8, 0xff,
    0xf4, 0xc, 0xf2, 0xde, 0x2, 0xcf, 0xfd, 0x0,
    0x0, 0xbf, 0xfe, 0xe, 0xff, 0xff, 0x19, 0xff,
    0xf2, 0x0, 0x0, 0xb, 0xfe, 0xe, 0xff, 0xff,
    0x19, 0xfe, 0x30, 0x0, 0x0, 0x0, 0x7e, 0xc,
    0xff, 0xfe, 0xb, 0xa1, 0x0, 0x0, 0x0, 0x0,
    0x0, 0x3, 0xef, 0xf5, 0x1, 0x0, 0x0, 0x0,
    0x0, 0x0, 0x0, 0x0, 0x3, 0x10, 0x0, 0x0,
    0x0, 0x0,

    /* U+F58B "" */
    0x0, 0x0, 0x0, 0x0, 0x12, 0x10, 0x0, 0x0,
    0x0, 0x0, 0x0, 0x0, 0x3, 0xae, 0xff, 0xff,
    0xc6, 0x0, 0x0, 0x0, 0x0, 0x1, 0xbf, 0xff,
    0xff, 0xff, 0xff, 0xe4, 0x0, 0x0, 0x0, 0x2d,
    0xff, 0xff, 0xff, 0xff, 0xff, 0xff, 0x60, 0x0,
    0x1, 0xdf, 0xff, 0xff, 0xff, 0xff, 0xff, 0xff,
    0xf4, 0x0, 0xa, 0xff, 0xff, 0xff, 0xff, 0xff,
    0xff, 0xff, 0xfe, 0x10, 0x2f, 0xff, 0xff, 0xff,
    0xff, 0xfe, 0x52, 0x6f, 0xff, 0x80, 0x8f, 0xff,
    0xf9, 0xaf, 0xff, 0xf4, 0x1, 0x6, 0xff, 0xe0,
    0xcf, 0xfe, 0x20, 0x2, 0xff, 0xf0, 0x8f, 0x21,
    0xff, 0xf2, 0xef, 0xfb, 0x5d, 0xd4, 0xdf, 0xf2,
    0x4a, 0x4, 0xff, 0xf4, 0xff, 0xff, 0xff, 0xff,
    0xff, 0xfc, 0x10, 0x2d, 0xff, 0xf5, 0xef, 0xff,
    0xff, 0xff, 0xff, 0xff, 0xfe, 0xff, 0xff, 0xf4,
    0xbf, 0xff, 0xff, 0xff, 0xff, 0xff, 0xff, 0xff,
    0xff, 0xf1, 0x7f, 0xff, 0x23, 0x68, 0x99, 0x98,
    0x64, 0x1e, 0xff, 0xd0, 0x1f, 0xff, 0x60, 0x0,
    0x0, 0x0, 0x0, 0x2f, 0xff, 0x60, 0x7, 0xff,
    0xf5, 0xb, 0xf2, 0xde, 0x2, 0xdf, 0xfc, 0x0,
    0x0, 0xbf, 0xff, 0xd, 0xff, 0xff, 0x1b, 0xff,
    0xe2, 0x0, 0x0, 0xb, 0xff, 0xc, 0xff, 0xff,
    0x1b, 0xfe, 0x20, 0x0, 0x0, 0x0, 0x6e, 0xa,
    0xff, 0xfe, 0xc, 0x91, 0x0, 0x0, 0x0, 0x0,
    0x0, 0x2, 0xef, 0xf5, 0x1, 0x0, 0x0, 0x0,
    0x0, 0x0, 0x0, 0x0, 0x3, 0x10, 0x0, 0x0,
    0x0, 0x0,

    /* U+F58C "" */
    0x0, 0x0, 0x0, 0x0, 0x1, 0x10, 0x0, 0x0,
    0x0, 0x0, 0x0, 0x0, 0x3, 0x9e, 0xff, 0xff,
    0xb5, 0x0, 0x0, 0x0, 0x0, 0x0, 0xaf, 0xff,
    0xff, 0xff, 0xff, 0xd3, 0x0, 0x0, 0x0, 0x1d,
    0xff, 0xff, 0xff, 0xff, 0xff, 0xff, 0x50, 0x0,
    0x0, 0xdf, 0xff, 0xff, 0xff, 0xff, 0xff, 0xff,
    0xf4, 0x0, 0x9, 0xff, 0xff, 0xff, 0xff, 0xff,
    0xff, 0xff, 0xfe, 0x0, 0x2f, 0xff, 0xff, 0xff,
    0xff, 0xff, 0xff, 0xff, 0xff, 0x80, 0x8f, 0xff,
    0xfe, 0x7d, 0xff, 0xfe, 0xab, 0xff, 0xff, 0xe0,
    0xcf, 0xff, 0xf5, 0x4, 0xff, 0xc0, 0x0, 0x3f,
    0xff, 0xf2, 0xef, 0xff, 0xfb, 0x29, 0xff, 0xa9,
    0xfe, 0x6e, 0xff, 0xf4, 0xff, 0xff, 0xff, 0xff,
    0xff, 0xff, 0xff, 0xff, 0xff, 0xf5, 0xef, 0xff,
    0xff, 0xff, 0xff, 0xff, 0xff, 0xff, 0xff, 0xf4,
    0xcf, 0xff, 0xff, 0xff, 0xff, 0xff, 0xff, 0xff,
    0xff, 0xf2, 0x8f, 0xff, 0x23, 0x68, 0x99, 0x98,
    0x74, 0x1c, 0xff, 0xe0, 0x2f, 0xff, 0x50, 0x0,
    0x0, 0x0, 0x0, 0xe, 0xff, 0x80, 0x9, 0xff,
    0xe2, 0x0, 0x0, 0x0, 0x0, 0xaf, 0xfe, 0x0,
    0x0, 0xdf, 0xff, 0x71, 0x0, 0x0, 0x4d, 0xff,
    0xf4, 0x0, 0x0, 0x1d, 0xff, 0xff, 0xcb, 0xbe,
    0xff, 0xff, 0x50, 0x0, 0x0, 0x0, 0xaf, 0xff,
    0xff, 0xff, 0xff, 0xd3, 0x0, 0x0, 0x0, 0x0,
    0x3, 0x9e, 0xff, 0xff, 0xb5, 0x0, 0x0, 0x0,
    0x0, 0x0, 0x0, 0x0, 0x1, 0x10, 0x0, 0x0,
    0x0, 0x0,

    /* U+F596 "" */
    0x0, 0x0, 0x0, 0x0, 0x1, 0x10, 0x0, 0x0,
    0x0, 0x0, 0x0, 0x0, 0x3, 0x9e, 0xff, 0xff,
    0xb5, 0x0, 0x0, 0x0, 0x0, 0x0, 0xaf, 0xff,
    0xff, 0xff, 0xff, 0xd3, 0x0, 0x0, 0x0, 0x1d,
    0xff, 0xff, 0xff, 0xff, 0xff, 0xff, 0x50, 0x0,
    0x0, 0xdf, 0xff, 0xff, 0xff, 0xff, 0xff, 0xff,
    0xf4, 0x0, 0x9, 0xff, 0xff, 0xff, 0xff, 0xff,
    0xff, 0xff, 0xfe, 0x0, 0x2f, 0xff, 0xff, 0xff,
    0xff, 0xff, 0xff, 0xff, 0xff, 0x80, 0x8f, 0xff,
    0xfe, 0x7d, 0xff, 0xff, 0x8b, 0xff, 0xff, 0xe0,
    0xcf, 0xff, 0xf5, 0x3, 0xff, 0xf9, 0x0, 0xff,
    0xff, 0xf2, 0xef, 0xff, 0xfb, 0x3a, 0xff, 0xfe,
    0x47, 0xff, 0xff, 0xf4, 0xff, 0xff, 0xff, 0xff,
    0xff, 0xff, 0xff, 0xff, 0xff, 0xf5, 0xef, 0xff,
    0xff, 0xff, 0xe9, 0xcf, 0xff, 0xff, 0xff, 0xf4,
    0xcf, 0xff, 0xff, 0xff, 0xfb, 0x17, 0xff, 0xff,
    0xff, 0xf2, 0x8f, 0xff, 0xff, 0xff, 0xff, 0x33,
    0xff, 0xff, 0xff, 0xe0, 0x2f, 0xff, 0xff, 0xff,
    0xe1, 0x1e, 0xff, 0xff, 0xff, 0x80, 0x9, 0xff,
    0xff, 0xff, 0xfe, 0x34, 0xff, 0xff, 0xfe, 0x0,
    0x0, 0xdf, 0xff, 0xff, 0xfc, 0x26, 0xff, 0xff,
    0xf4, 0x0, 0x0, 0x1d, 0xff, 0xff, 0xe6, 0xbf,
    0xff, 0xff, 0x50, 0x0, 0x0, 0x0, 0xaf, 0xff,
    0xff, 0xff, 0xff, 0xd3, 0x0, 0x0, 0x0, 0x0,
    0x3, 0x9e, 0xff, 0xff, 0xb5, 0x0, 0x0, 0x0,
    0x0, 0x0, 0x0, 0x0, 0x1, 0x10, 0x0, 0x0,
    0x0, 0x0,

    /* U+F59B "" */
    0x0, 0x0, 0x0, 0x0, 0x0, 0x0, 0x0, 0x0,
    0x0, 0x0, 0x0, 0x0, 0x2, 0x8c, 0xff, 0xfd,
    0x94, 0x0, 0x0, 0x0, 0x0, 0x0, 0x8f, 0xff,
    0xff, 0xff, 0xff, 0xc2, 0x0, 0x0, 0x0, 0x1c,
    0xff, 0xff, 0xff, 0xff, 0xff, 0xff, 0x40, 0x0,
    0x0, 0xcf, 0xff, 0xff, 0xff, 0xff, 0xff, 0xff,
    0xf3, 0x0, 0x8, 0xff, 0xb9, 0xff, 0xff, 0xff,
    0xfc, 0x8f, 0xfe, 0x0, 0x2f, 0xff, 0xe1, 0x2c,
    0xff, 0xfe, 0x60, 0x9f, 0xff, 0x70, 0x7f, 0xff,
    0xfb, 0x0, 0x9f, 0xe1, 0x5, 0xff, 0xff, 0xd0,
    0xcf, 0xff, 0xf4, 0x6, 0xef, 0xfa, 0x10, 0xdf,
    0xff, 0xf2, 0xef, 0xff, 0xa3, 0xcf, 0xff, 0xff,
    0xf7, 0x4f, 0xff, 0xf4, 0xff, 0xff, 0xff, 0xff,
    0xff, 0xff, 0xff, 0xff, 0xff, 0xf5, 0xef, 0xff,
    0xee, 0xee, 0xee, 0xee, 0xee, 0xef, 0xff, 0xf4,
    0xcf, 0xfd, 0x0, 0x0, 0x0, 0x0, 0x0, 0x7,
    0xff, 0xf2, 0x8f, 0xff, 0x0, 0x0, 0x0, 0x0,
    0x0, 0xa, 0xff, 0xe0, 0x2f, 0xff, 0x70, 0x0,
    0x0, 0x0, 0x0, 0x1f, 0xff, 0x80, 0x9, 0xff,
    0xf3, 0x0, 0x0, 0x0, 0x0, 0xcf, 0xfe, 0x0,
    0x0, 0xdf, 0xff, 0x70, 0x0, 0x0, 0x3d, 0xff,
    0xf4, 0x0, 0x0, 0x1d, 0xff, 0xff, 0xca, 0xbe,
    0xff, 0xff, 0x50, 0x0, 0x0, 0x0, 0xaf, 0xff,
    0xff, 0xff, 0xff, 0xd3, 0x0, 0x0, 0x0, 0x0,
    0x3, 0x9e, 0xff, 0xff, 0xb6, 0x0, 0x0, 0x0,
    0x0, 0x0, 0x0, 0x0, 0x1, 0x10, 0x0, 0x0,
    0x0, 0x0,

    /* U+F5A4 "" */
    0x0, 0x0, 0x0, 0x0, 0x1, 0x10, 0x0, 0x0,
    0x0, 0x0, 0x0, 0x0, 0x3, 0x9e, 0xff, 0xff,
    0xb5, 0x0, 0x0, 0x0, 0x0, 0x0, 0xaf, 0xff,
    0xff, 0xff, 0xff, 0xd3, 0x0, 0x0, 0x0, 0x1d,
    0xff, 0xff, 0xff, 0xff, 0xff, 0xff, 0x50, 0x0,
    0x0, 0xcf, 0xff, 0xff, 0xff, 0xff, 0xff, 0xff,
    0xf3, 0x0, 0x9, 0xff, 0xff, 0xff, 0xff, 0xff,
    0xff, 0xff, 0xfe, 0x0, 0x2f, 0xff, 0xff, 0xff,
    0xff, 0xff, 0xff, 0xff, 0xff, 0x70, 0x8f, 0xff,
    0xfe, 0x7d, 0xff, 0xff, 0x8b, 0xff, 0xff, 0xd0,
    0xcf, 0xff, 0xf5, 0x4, 0xff, 0xf9, 0x0, 0xff,
    0xff, 0xf2, 0xef, 0xff, 0xfb, 0x29, 0xff, 0xfe,
    0x36, 0xff, 0xff, 0xf4, 0xff, 0xff, 0xff, 0xff,
    0xff, 0xff, 0xff, 0xff, 0xff, 0xf5, 0xef, 0xff,
    0xff, 0xff, 0xff, 0xff, 0xff, 0xff, 0xff, 0xf4,
    0xcf, 0xff, 0xff, 0xff, 0xff, 0xff, 0xff, 0xff,
    0xff, 0xf2, 0x8f, 0xff, 0xff, 0xff, 0xff, 0xff,
    0xff, 0xff, 0xff, 0xe0, 0x2f, 0xff, 0xff, 0xff,
    0xff, 0xff, 0xff, 0xff, 0xff, 0x80, 0x9, 0xff,
    0xff, 0xff, 0xff, 0xff, 0xff, 0xff, 0xfe, 0x0,
    0x0, 0xdf, 0xff, 0xff, 0xff, 0xff, 0xff, 0xff,
    0xf4, 0x0, 0x0, 0x2d, 0xff, 0xff, 0xff, 0xff,
    0xff, 0xff, 0x50, 0x0, 0x0, 0x1, 0xaf, 0xff,
    0xff, 0xff, 0xff, 0xd3, 0x0, 0x0, 0x0, 0x0,
    0x3, 0xae, 0xff, 0xff, 0xc6, 0x0, 0x0, 0x0,
    0x0, 0x0, 0x0, 0x0, 0x12, 0x10, 0x0, 0x0,
    0x0, 0x0,

    /* U+F5A5 "" */
    0x0, 0x0, 0x0, 0x0, 0x1, 0x10, 0x0, 0x0,
    0x0, 0x0, 0x0, 0x0, 0x3, 0x9e, 0xff, 0xff,
    0xb5, 0x0, 0x0, 0x0, 0x0, 0x0, 0xaf, 0xff,
    0xff, 0xff, 0xff, 0xd3, 0x0, 0x0, 0x0, 0x1d,
    0xff, 0xff, 0xff, 0xff, 0xff, 0xff, 0x50, 0x0,
    0x0, 0xdf, 0xff, 0xff, 0xff, 0xff, 0xff, 0xff,
    0xf4, 0x0, 0x9, 0xff, 0xff, 0xff, 0xff, 0xff,
    0xff, 0xff, 0xfe, 0x0, 0x2f, 0xff, 0xff, 0xff,
    0xff, 0xff, 0xff, 0xff, 0xff, 0x80, 0x8f, 0xff,
    0x8f, 0xf8, 0xff, 0xfb, 0xcf, 0xbc, 0xff, 0xe0,
    0xcf, 0xf9, 0x8, 0x70, 0xbf, 0xf1, 0x39, 0x23,
    0xff, 0xf2, 0xef, 0xf7, 0x0, 0x0, 0x9f, 0xf0,
    0x0, 0x1, 0xff, 0xf4, 0xff, 0xfc, 0x0, 0x0,
    0xef, 0xf4, 0x0, 0x6, 0xff, 0xf5, 0xef, 0xff,
    0xb4, 0x4c, 0xff, 0xfe, 0x63, 0x7f, 0xff, 0xf4,
    0xcf, 0xff, 0xff, 0xff, 0xff, 0xff, 0xff, 0xff,
    0xff, 0xf2, 0x7f, 0xff, 0xff, 0xff, 0xff, 0xff,
    0xff, 0xff, 0xff, 0xd0, 0x2f, 0xff, 0xff, 0xff,
    0xff, 0xff, 0xff, 0xff, 0xff, 0x70, 0x9, 0xff,
    0xff, 0xa0, 0x0, 0x0, 0x4f, 0xff, 0xfe, 0x0,
    0x0, 0xcf, 0xff, 0xff, 0xff, 0xff, 0xff, 0xff,
    0xf3, 0x0, 0x0, 0x1c, 0xff, 0xff, 0xff, 0xff,
    0xff, 0xff, 0x50, 0x0, 0x0, 0x0, 0x9f, 0xff,
    0xff, 0xff, 0xff, 0xd3, 0x0, 0x0, 0x0, 0x0,
    0x2, 0x9d, 0xff, 0xfe, 0xa5, 0x0, 0x0, 0x0,
    0x0, 0x0, 0x0, 0x0, 0x1, 0x0, 0x0, 0x0,
    0x0, 0x0,

    /* U+F5B3 "" */
    0x0, 0x0, 0x0, 0x0, 0x1, 0x10, 0x0, 0x0,
    0x0, 0x0, 0x0, 0x0, 0x2, 0x9d, 0xff, 0xff,
    0xb6, 0x0, 0x0, 0x0, 0x0, 0x0, 0x9f, 0xff,
    0xff, 0xff, 0xff, 0xe5, 0x0, 0x0, 0x0, 0x1c,
    0xff, 0xff, 0xff, 0xff, 0xff, 0xff, 0x70, 0x0,
    0x0, 0xcf, 0xff, 0xff, 0xff, 0xff, 0xff, 0xff,
    0xf6, 0x0, 0x9, 0xff, 0xff, 0xff, 0xff, 0xff,
    0xff, 0xff, 0xff, 0x20, 0x2f, 0xff, 0xff, 0xff,
    0xff, 0xff, 0xff, 0xff, 0xff, 0xb0, 0x7f, 0xff,
    0xfa, 0xaf, 0xff, 0xff, 0xc9, 0xdf, 0xff, 0xf1,
    0xcf, 0xfe, 0x10, 0x2, 0xff, 0xf7, 0x1, 0x9,
    0xff, 0xf5, 0xef, 0xfc, 0x8f, 0xf7, 0xdf, 0xf7,
    0xdf, 0xc8, 0xff, 0xf7, 0xff, 0xff, 0xff, 0xff,
    0xff, 0xff, 0xff, 0xff, 0xff, 0xf9, 0xef, 0xff,
    0xd4, 0xff, 0xfe, 0xff, 0xfc, 0x5f, 0xff, 0xf8,
    0xcf, 0xff, 0xb1, 0xff, 0x70, 0x1d, 0xfa, 0x1f,
    0xff, 0xf5, 0x8f, 0xff, 0xb1, 0xfe, 0x0, 0x5,
    0xfa, 0x1f, 0xff, 0xf1, 0x2f, 0xff, 0xb1, 0xfd,
    0x0, 0x4, 0xfa, 0x1f, 0xff, 0xb0, 0x9, 0xff,
    0xb1, 0xff, 0x20, 0x8, 0xfa, 0x1f, 0xff, 0x30,
    0x0, 0xcf, 0xb1, 0xff, 0xd5, 0x7f, 0xfa, 0x1f,
    0xf6, 0x0, 0x0, 0x1c, 0xb1, 0xff, 0xff, 0xff,
    0xfa, 0x1f, 0x80, 0x0, 0x0, 0x0, 0x51, 0xff,
    0xff, 0xff, 0xfa, 0x15, 0x0, 0x0, 0x0, 0x0,
    0x0, 0x9e, 0xff, 0xff, 0xc5, 0x0, 0x0, 0x0,
    0x0, 0x0, 0x0, 0x0, 0x12, 0x10, 0x0, 0x0,
    0x0, 0x0,

    /* U+F5B4 "" */
    0x0, 0x0, 0x0, 0x0, 0x1, 0x10, 0x0, 0x0,
    0x0, 0x0, 0x0, 0x0, 0x3, 0x9e, 0xff, 0xff,
    0xb5, 0x0, 0x0, 0x0, 0x0, 0x0, 0xaf, 0xff,
    0xff, 0xff, 0xff, 0xd3, 0x0, 0x0, 0x0, 0x1d,
    0xff, 0xff, 0xff, 0xff, 0xff, 0xff, 0x50, 0x0,
    0x0, 0xcf, 0xff, 0xff, 0xff, 0xff, 0xff, 0xff,
    0xf3, 0x0, 0x9, 0xff, 0xff, 0xff, 0xff, 0xff,
    0xff, 0xff, 0xfe, 0x0, 0x2f, 0xff, 0xff, 0xff,
    0xff, 0xff, 0xff, 0xff, 0xff, 0x70, 0x8f, 0xff,
    0xfe, 0x7d, 0xff, 0xff, 0x8b, 0xff, 0xff, 0xd0,
    0xcf, 0xff, 0xf5, 0x4, 0xff, 0xf9, 0x0, 0xff,
    0xff, 0xf2, 0xef, 0xff, 0xfb, 0x29, 0xff, 0xfe,
    0x36, 0xff, 0xff, 0xf4, 0xff, 0xff, 0xff, 0xff,
    0xff, 0xff, 0xff, 0xff, 0xff, 0xf5, 0xef, 0xff,
    0xff, 0xff, 0xff, 0xff, 0xff, 0xff, 0xff, 0xf4,
    0xcf, 0xff, 0xf4, 0x6f, 0xff, 0xff, 0xff, 0xff,
    0xff, 0xf2, 0x8f, 0xff, 0x90, 0xb, 0xf3, 0x14,
    0xbf, 0xff, 0xff, 0xe0, 0x2f, 0xff, 0x20, 0x4,
    0xfd, 0xa5, 0x7, 0xff, 0xff, 0x80, 0x9, 0xff,
    0x30, 0x5, 0xff, 0xff, 0xb0, 0xcf, 0xfe, 0x0,
    0x0, 0xdf, 0xd5, 0x6e, 0xff, 0xff, 0xff, 0xff,
    0xf4, 0x0, 0x0, 0x2d, 0xff, 0xff, 0xff, 0xff,
    0xff, 0xff, 0x50, 0x0, 0x0, 0x1, 0xaf, 0xff,
    0xff, 0xff, 0xff, 0xd3, 0x0, 0x0, 0x0, 0x0,
    0x3, 0xae, 0xff, 0xff, 0xc6, 0x0, 0x0, 0x0,
    0x0, 0x0, 0x0, 0x0, 0x12, 0x10, 0x0, 0x0,
    0x0, 0x0,

    /* U+F5B8 "" */
    0x0, 0x0, 0x0, 0x0, 0x1, 0x10, 0x0, 0x0,
    0x0, 0x0, 0x0, 0x0, 0x3, 0x9e, 0xff, 0xff,
    0xb5, 0x0, 0x0, 0x0, 0x0, 0x0, 0xaf, 0xff,
    0xff, 0xff, 0xff, 0xd3, 0x0, 0x0, 0x0, 0x1d,
    0xff, 0xff, 0xff, 0xff, 0xff, 0xff, 0x50, 0x0,
    0x0, 0xcf, 0xff, 0xff, 0xff, 0xff, 0xff, 0xff,
    0xf3, 0x0, 0x9, 0xff, 0xff, 0xff, 0xff, 0xff,
    0xff, 0xff, 0xfe, 0x0, 0x2f, 0xff, 0xfe, 0x8d,
    0xff, 0xff, 0x9b, 0xff, 0xff, 0x70, 0x8f, 0xff,
    0xe1, 0x0, 0xdf, 0xf4, 0x0, 0x9f, 0xff, 0xd0,
    0xcf, 0xff, 0x86, 0xf9, 0x6f, 0xc3, 0xfc, 0x2f,
    0xff, 0xf2, 0xef, 0xff, 0xbf, 0xff, 0xbf, 0xdd,
    0xff, 0xaf, 0xff, 0xf4, 0xff, 0xff, 0xff, 0xff,
    0xff, 0xff, 0xff, 0xff, 0xff, 0xf5, 0xef, 0xff,
    0xff, 0xff, 0xff, 0xff, 0xff, 0xff, 0xff, 0xf4,
    0xcf, 0xff, 0xff, 0xff, 0xff, 0xff, 0xff, 0xff,
    0xff, 0xf2, 0x8f, 0xff, 0xf3, 0x9f, 0xff, 0xff,
    0xd2, 0xcf, 0xff, 0xe0, 0x2f, 0xff, 0xfa, 0x5,
    0xce, 0xd8, 0x14, 0xff, 0xff, 0x80, 0x9, 0xff,
    0xff, 0xc4, 0x0, 0x2, 0x9f, 0xff, 0xfe, 0x0,
    0x0, 0xdf, 0xff, 0xff, 0xfe, 0xff, 0xff, 0xff,
    0xf4, 0x0, 0x0, 0x2d, 0xff, 0xff, 0xff, 0xff,
    0xff, 0xff, 0x50, 0x0, 0x0, 0x1, 0xaf, 0xff,
    0xff, 0xff, 0xff, 0xd3, 0x0, 0x0, 0x0, 0x0,
    0x3, 0xae, 0xff, 0xff, 0xc6, 0x0, 0x0, 0x0,
    0x0, 0x0, 0x0, 0x0, 0x12, 0x10, 0x0, 0x0,
    0x0, 0x0,

    /* U+F5C2 "" */
    0x0, 0x0, 0x0, 0x0, 0x1, 0x10, 0x0, 0x0,
    0x0, 0x0, 0x0, 0x0, 0x3, 0x9e, 0xff, 0xff,
    0xb5, 0x0, 0x0, 0x0, 0x0, 0x0, 0xaf, 0xff,
    0xff, 0xff, 0xff, 0xd3, 0x0, 0x0, 0x0, 0x1d,
    0xff, 0xff, 0xff, 0xff, 0xff, 0xff, 0x50, 0x0,
    0x0, 0xcf, 0xff, 0xff, 0xff, 0xff, 0xff, 0xff,
    0xf3, 0x0, 0x9, 0xff, 0xff, 0xff, 0xff, 0xff,
    0xff, 0xff, 0xfe, 0x0, 0x2f, 0xff, 0xff, 0xff,
    0xff, 0xff, 0xff, 0xff, 0xff, 0x70, 0x8f, 0xff,
    0xfe, 0x7d, 0xff, 0xff, 0x8b, 0xff, 0xff, 0xd0,
    0xcf, 0xff, 0xf5, 0x4, 0xff, 0xf9, 0x0, 0xff,
    0xff, 0xf2, 0xef, 0xff, 0xfb, 0x29, 0xff, 0xfe,
    0x36, 0xff, 0xff, 0xf4, 0xff, 0xff, 0xff, 0xff,
    0xff, 0xff, 0xff, 0xff, 0xff, 0xf5, 0xef, 0xff,
    0xff, 0xff, 0xfd, 0xff, 0xff, 0xff, 0xff, 0xf4,
    0xcf, 0xff, 0xff, 0xfe, 0x20, 0xa, 0xff, 0xff,
    0xff, 0xf2, 0x8f, 0xff, 0xff, 0xf5, 0x0, 0x0,
    0xff, 0xff, 0xff, 0xe0, 0x2f, 0xff, 0xff, 0xf3,
    0x0, 0x0, 0xdf, 0xff, 0xff, 0x80, 0x9, 0xff,
    0xff, 0xf9, 0x0, 0x3, 0xff, 0xff, 0xfe, 0x0,
    0x0, 0xdf, 0xff, 0xff, 0x94, 0x7e, 0xff, 0xff,
    0xf4, 0x0, 0x0, 0x2d, 0xff, 0xff, 0xff, 0xff,
    0xff, 0xff, 0x50, 0x0, 0x0, 0x1, 0xaf, 0xff,
    0xff, 0xff, 0xff, 0xd3, 0x0, 0x0, 0x0, 0x0,
    0x3, 0xae, 0xff, 0xff, 0xc6, 0x0, 0x0, 0x0,
    0x0, 0x0, 0x0, 0x0, 0x12, 0x10, 0x0, 0x0,
    0x0, 0x0,

    /* U+F5C8 "" */
    0x0, 0x0, 0x0, 0x0, 0x1, 0x10, 0x0, 0x0,
    0x0, 0x0, 0x0, 0x0, 0x3, 0x9e, 0xff, 0xff,
    0xb5, 0x0, 0x0, 0x0, 0x0, 0x0, 0xaf, 0xff,
    0xff, 0xff, 0xff, 0xd3, 0x0, 0x0, 0x0, 0x1d,
    0xff, 0xff, 0xff, 0xff, 0xff, 0xff, 0x50, 0x0,
    0x0, 0xcf, 0xff, 0xff, 0xff, 0xff, 0xff, 0xff,
    0xf3, 0x0, 0x9, 0xff, 0xff, 0xff, 0xff, 0xff,
    0xff, 0xff, 0xfe, 0x0, 0x2f, 0xff, 0xb9, 0xff,
    0xff, 0xff, 0xfc, 0x8f, 0xff, 0x70, 0x8f, 0xff,
    0xe1, 0x2c, 0xff, 0xfe, 0x60, 0x9f, 0xff, 0xd0,
    0xcf, 0xff, 0xfb, 0x0, 0x9f, 0xe1, 0x5, 0xff,
    0xff, 0xf2, 0xef, 0xff, 0xf4, 0x6, 0xef, 0xfa,
    0x10, 0xdf, 0xff, 0xf4, 0xff, 0xff, 0xa3, 0xcf,
    0xff, 0xff, 0xf7, 0x4f, 0xff, 0xf5, 0xef, 0xff,
    0xff, 0xff, 0xfd, 0xef, 0xff, 0xff, 0xff, 0xf4,
    0xcf, 0xff, 0xff, 0xf6, 0x0, 0x3, 0xcf, 0xff,
    0xff, 0xf2, 0x8f, 0xff, 0xfe, 0x20, 0x0, 0x0,
    0xa, 0xff, 0xff, 0xe0, 0x2f, 0xff, 0xf5, 0x0,
    0x0, 0x0, 0x0, 0xef, 0xff, 0x80, 0x9, 0xff,
    0xf0, 0x0, 0x0, 0x0, 0x0, 0x9f, 0xfe, 0x0,
    0x0, 0xdf, 0xf5, 0x9c, 0xef, 0xed, 0xa6, 0xbf,
    0xf4, 0x0, 0x0, 0x1d, 0xff, 0xff, 0xff, 0xff,
    0xff, 0xff, 0x50, 0x0, 0x0, 0x0, 0xaf, 0xff,
    0xff, 0xff, 0xff, 0xd3, 0x0, 0x0, 0x0, 0x0,
    0x3, 0xae, 0xff, 0xff, 0xb6, 0x0, 0x0, 0x0,
    0x0, 0x0, 0x0, 0x0, 0x12, 0x10, 0x0, 0x0,
    0x0, 0x0,

    /* U+F684 "" */
    0x0, 0x0, 0x0, 0x0, 0x1, 0x72, 0x2, 0x61,
    0x0, 0x0, 0x0, 0x0, 0x0, 0x0, 0x0, 0x0,
    0x0, 0xcf, 0xb0, 0xcf, 0xc0, 0x0, 0x0, 0x0,
    0x0, 0x0, 0x0, 0x0, 0x0, 0x7f, 0xf8, 0x8,
    0xff, 0x70, 0x0, 0x0, 0x0, 0x0, 0x0, 0x0,
    0x0, 0x2f, 0xfe, 0x0, 0xe, 0xff, 0x20, 0x0,
    0x0, 0x0, 0x0, 0x0, 0x0, 0xc, 0xff, 0x60,
    0x0, 0x5f, 0xfc, 0x0, 0x0, 0x0, 0x0, 0x0,
    0x0, 0x6, 0xff, 0xc0, 0x0, 0x0, 0xcf, 0xf7,
    0x0, 0x0, 0x0, 0x0, 0x0, 0x2, 0xff, 0xf3,
    0x0, 0x0, 0x3, 0xff, 0xf2, 0x0, 0x0, 0x0,
    0x0, 0x0, 0xcf, 0xf9, 0x0, 0x0, 0x0, 0x9,
    0xff, 0xc0, 0x0, 0x0, 0x0, 0x0, 0x5f, 0xff,
    0x34, 0xe9, 0x9, 0xe4, 0x3f, 0xff, 0x50, 0x0,
    0x0, 0x0, 0x9, 0xff, 0xf1, 0x9f, 0xe0, 0xef,
    0x91, 0xff, 0xf9, 0x0, 0x0, 0x0, 0x0, 0xaf,
    0xff, 0x19, 0xfe, 0xe, 0xf9, 0x1f, 0xff, 0xa0,
    0x0, 0x0, 0x0, 0xa, 0xff, 0xf1, 0x9f, 0xe0,
    0xef, 0x91, 0xff, 0xfa, 0x0, 0x0, 0x0, 0x0,
    0xaf, 0xff, 0x3a, 0xfe, 0xe, 0xfa, 0x3f, 0xff,
    0xa0, 0x0, 0x0, 0x3, 0x8e, 0xff, 0xff, 0xff,
    0xe0, 0xef, 0xff, 0xff, 0xfe, 0x83, 0x0, 0x5e,
    0xff, 0xff, 0xff, 0xff, 0xfe, 0xe, 0xff, 0xff,
    0xff, 0xff, 0xfd, 0x5e, 0xff, 0xff, 0xff, 0xff,
    0xff, 0xb0, 0xbf, 0xff, 0xff, 0xff, 0xff, 0xfe,
    0xff, 0xff, 0xff, 0xff, 0xff, 0xf4, 0x4, 0xff,
    0xff, 0xff, 0xff, 0xff, 0xff, 0xff, 0xff, 0xff,
    0xff, 0xf7, 0x0, 0x7, 0xff, 0xff, 0xff, 0xff,
    0xff, 0xff, 0xff, 0xff, 0xfe, 0xa3, 0x0, 0x0,
    0x3, 0xae, 0xff, 0xff, 0xff, 0xfe, 0xff, 0xfb,
    0x72, 0x0, 0x0, 0x0, 0x0, 0x0, 0x2, 0x7b,
    0xff, 0xfe, 0x37, 0x30, 0x0, 0x0, 0x0, 0x0,
    0x0, 0x0, 0x0, 0x0, 0x0, 0x37, 0x30,

    /* U+F6BE "" */
    0x0, 0x0, 0x0, 0x0, 0x0, 0x0, 0x0, 0x0,
    0x0, 0x0, 0x0, 0x0, 0x0, 0x0, 0x0, 0x0,
    0x63, 0x0, 0x0, 0x9, 0x0, 0x0, 0x0, 0x0,
    0x0, 0x0, 0x8e, 0x30, 0x0, 0x9f, 0x49, 0x60,
    0x0, 0x0, 0x0, 0x0, 0x8f, 0xea, 0xab, 0xff,
    0xff, 0xfd, 0x10, 0x0, 0x0, 0x0, 0x8f, 0xff,
    0xff, 0xff, 0x8e, 0xff, 0x90, 0x0, 0x0, 0x0,
    0x8f, 0x6d, 0xf8, 0xcf, 0x0, 0xbf, 0xe0, 0x0,
    0x0, 0x0, 0x7f, 0xae, 0xfb, 0xef, 0x0, 0x8f,
    0xf0, 0x0, 0x5a, 0xc6, 0x3f, 0xff, 0xff, 0xfb,
    0x0, 0x8f, 0xf0, 0x3e, 0xff, 0xfd, 0x9, 0xff,
    0xff, 0xf2, 0x0, 0x8f, 0xf4, 0xff, 0xff, 0xff,
    0xb0, 0x6c, 0xda, 0x20, 0x0, 0x8f, 0xfe, 0xff,
    0xff, 0xff, 0xfd, 0x51, 0x1, 0x0, 0x0, 0x8f,
    0xff, 0xff, 0xff, 0xff, 0xff, 0xff, 0xf8, 0x0,
    0x0, 0x8f, 0xff, 0xff, 0xff, 0xff, 0xff, 0xff,
    0xf8, 0x0, 0x0, 0x8f, 0xff, 0xff, 0xff, 0xff,
    0xff, 0xaf, 0xf8, 0x0, 0x0, 0x8f, 0xff, 0xff,
    0xff, 0xff, 0xf6, 0xf, 0xf8, 0x0, 0x0, 0x8f,
    0xff, 0xff, 0xff, 0xfd, 0x20, 0xf, 0xf8, 0x0,
    0x0, 0x8f, 0xff, 0xff, 0xff, 0xa0, 0x0, 0xf,
    0xf8, 0x0, 0x0, 0x6f, 0xff, 0xff, 0xff, 0xfe,
    0x30, 0xf, 0xf8, 0x0, 0x0, 0xd, 0xff, 0xff,
    0xff, 0xff, 0x70, 0xf, 0xf7, 0x0, 0x0, 0x0,
    0x68, 0x88, 0x88, 0x87, 0x20, 0x6, 0x72, 0x0,

    /* U+F6D3 "" */
    0x0, 0x0, 0x0, 0x0, 0x0, 0x2, 0x0, 0x0,
    0x0, 0x0, 0x0, 0x0, 0x0, 0x0, 0x0, 0xe,
    0xb0, 0x0, 0x0, 0x0, 0x0, 0x0, 0x0, 0x0,
    0x0, 0xe, 0xff, 0xff, 0x50, 0x0, 0x0, 0x0,
    0x0, 0x0, 0x0, 0xe, 0xff, 0xff, 0xfc, 0xca,
    0x0, 0x0, 0x0, 0x0, 0x0, 0xe, 0xff, 0x58,
    0xff, 0xff, 0x13, 0x0, 0x0, 0x0, 0x0, 0xe,
    0xff, 0xff, 0xff, 0xfe, 0xdf, 0x50, 0x0, 0x0,
    0x0, 0xe, 0xff, 0xff, 0xff, 0xf8, 0xef, 0xb0,
    0x0, 0x0, 0x0, 0x4, 0xaf, 0xff, 0xa8, 0x40,
    0x9f, 0xfe, 0xdd, 0xdd, 0xdd, 0xb6, 0x0, 0x5b,
    0x30, 0x0, 0x1d, 0xff, 0xff, 0xff, 0xff, 0xff,
    0xfa, 0x50, 0x0, 0x0, 0x0, 0xaf, 0xff, 0xff,
    0xff, 0xff, 0xff, 0xff, 0x30, 0x0, 0x0, 0x8f,
    0xff, 0xff, 0xff, 0xff, 0xff, 0xff, 0x40, 0x0,
    0x0, 0x8f, 0xff, 0xff, 0xff, 0xff, 0xff, 0xff,
    0x40, 0x0, 0x0, 0x8f, 0xff, 0xff, 0xff, 0xff,
    0xff, 0xff, 0x40, 0x0, 0x0, 0x8f, 0xff, 0x86,
    0x66, 0x66, 0xcf, 0xff, 0x40, 0x0, 0x0, 0x8f,
    0xff, 0x20, 0x0, 0x0, 0xaf, 0xff, 0x40, 0x0,
    0x0, 0x8f, 0xff, 0x20, 0x0, 0x0, 0xaf, 0xff,
    0x40, 0x0, 0x0, 0x8f, 0xff, 0x20, 0x0, 0x0,
    0xaf, 0xff, 0x40, 0x0, 0x0, 0x7f, 0xff, 0x20,
    0x0, 0x0, 0xaf, 0xff, 0x30, 0x0, 0x0, 0x16,
    0x66, 0x0, 0x0, 0x0, 0x26, 0x66, 0x0, 0x0,

    /* U+F6E2 "" */
    0x0, 0x0, 0x1, 0x45, 0x41, 0x0, 0x0, 0x0,
    0x0, 0x3b, 0xff, 0xff, 0xfc, 0x30, 0x0, 0x0,
    0x5f, 0xff, 0xff, 0xff, 0xff, 0x70, 0x0, 0x4f,
    0xff, 0xff, 0xff, 0xff, 0xff, 0x60, 0xe, 0xff,
    0xff, 0xff, 0xff, 0xff, 0xff, 0x17, 0xff, 0xff,
    0xff, 0xff, 0xff, 0xff, 0xf8, 0xcf, 0xff, 0xff,
    0xff, 0xff, 0xff, 0xff, 0xce, 0xff, 0xe1, 0x1e,
    0xfe, 0x11, 0xef, 0xff, 0xff, 0xfd, 0x0, 0xdf,
    0xd0, 0xd, 0xff, 0xff, 0xff, 0xfc, 0xcf, 0xff,
    0xcc, 0xff, 0xff, 0xff, 0xff, 0xff, 0xff, 0xff,
    0xff, 0xff, 0xff, 0xff, 0xff, 0xff, 0xff, 0xff,
    0xff, 0xff, 0xff, 0xff, 0xff, 0xff, 0xff, 0xff,
    0xff, 0xff, 0xff, 0xff, 0xff, 0xff, 0xff, 0xff,
    0xff, 0xff, 0xff, 0xff, 0xff, 0xff, 0xff, 0xff,
    0xff, 0xff, 0xff, 0xff, 0xff, 0xff, 0xff, 0xff,
    0xff, 0xff, 0xff, 0xff, 0xff, 0xff, 0xff, 0xff,
    0xff, 0xff, 0xff, 0xff, 0xff, 0xff, 0xff, 0xfd,
    0x6f, 0xff, 0xf8, 0xff, 0xff, 0x6d, 0xf4, 0x0,
    0x4f, 0xf4, 0x4, 0xff, 0x40, 0x4, 0x0, 0x0,
    0x45, 0x0, 0x4, 0x50, 0x0, 0x0,

    /* U+F70C "" */
    0x0, 0x0, 0x0, 0x0, 0x3, 0x85, 0x0, 0x0,
    0x0, 0x0, 0x0, 0x0, 0x1, 0xff, 0xf4, 0x0,
    0x0, 0x0, 0x0, 0x0, 0x0, 0x2f, 0xff, 0x70,
    0x0, 0x0, 0x0, 0x0, 0x0, 0x0, 0xaf, 0xd1,
    0x0, 0x0, 0x0, 0x0, 0x39, 0xa7, 0x20, 0x10,
    0x0, 0x0, 0x0, 0x0, 0x9f, 0xff, 0xff, 0xd7,
    0x0, 0x0, 0x0, 0x0, 0xcf, 0xff, 0xdf, 0xff,
    0xfc, 0x0, 0x0, 0x0, 0xf, 0xfc, 0x13, 0xff,
    0xff, 0xf6, 0x0, 0x0, 0x0, 0x57, 0x0, 0x9f,
    0xff, 0xff, 0xd0, 0x0, 0x0, 0x0, 0x0, 0x1f,
    0xff, 0xfc, 0xff, 0xa8, 0x60, 0x0, 0x0, 0x6,
    0xff, 0xfe, 0x1e, 0xff, 0xff, 0x30, 0x0, 0x0,
    0x9f, 0xff, 0x80, 0x4e, 0xff, 0xc0, 0x0, 0x0,
    0x6, 0xff, 0xf9, 0x0, 0x0, 0x0, 0x0, 0x0,
    0x7, 0x9, 0xff, 0xfd, 0x40, 0x0, 0x0, 0x38,
    0x88, 0xf9, 0x3, 0xcf, 0xff, 0x40, 0x0, 0xe,
    0xff, 0xff, 0xf2, 0x0, 0x7f, 0xf7, 0x0, 0x0,
    0x9f, 0xff, 0xe7, 0x0, 0x5, 0xff, 0x30, 0x0,
    0x0, 0x0, 0x0, 0x0, 0x0, 0xbf, 0xe0, 0x0,
    0x0, 0x0, 0x0, 0x0, 0x0, 0xf, 0xfa, 0x0,
    0x0, 0x0, 0x0, 0x0, 0x0, 0x2, 0xff, 0x50,
    0x0, 0x0, 0x0, 0x0, 0x0, 0x0, 0x8, 0x80,
    0x0, 0x0, 0x0,

    /* U+F79F "" */
    0x0, 0x0, 0x0, 0x0, 0x73, 0x0, 0x0, 0x0,
    0x3, 0x70, 0x0, 0x0, 0x0, 0x0, 0x0, 0x0,
    0x0, 0xbf, 0xfc, 0x60, 0x0, 0x6c, 0xff, 0xb0,
    0x0, 0x0, 0x0, 0x0, 0x0, 0x0, 0x5f, 0xdc,
    0xff, 0xea, 0xef, 0xfc, 0xdf, 0x50, 0x0, 0x0,
    0x0, 0x0, 0x0, 0xd, 0xf4, 0x3, 0xaf, 0xff,
    0xa3, 0x4, 0xfd, 0x0, 0x0, 0x0, 0x0, 0x0,
    0x7, 0xfb, 0x0, 0x0, 0x9f, 0x90, 0x0, 0xb,
    0xf7, 0x0, 0x0, 0x0, 0x0, 0x1, 0xff, 0xe8,
    0x10, 0xd, 0xfd, 0x0, 0x18, 0xef, 0xf1, 0x0,
    0x0, 0x0, 0x0, 0xaf, 0xff, 0xff, 0xb6, 0xff,
    0xf6, 0xbf, 0xff, 0xff, 0xa0, 0x0, 0x0, 0x0,
    0x2f, 0xff, 0xff, 0xff, 0xff, 0xff, 0xff, 0xff,
    0xff, 0xff, 0x20, 0x0, 0x0, 0x6, 0xff, 0xff,
    0xff, 0xff, 0xf8, 0xff, 0xff, 0xff, 0xff, 0xf6,
    0x0, 0x0, 0x0, 0x7f, 0xff, 0xff, 0xff, 0xff,
    0x1f, 0xff, 0xff, 0xff, 0xff, 0x70, 0x0, 0x0,
    0x4, 0xff, 0xff, 0xff, 0xff, 0xb0, 0xbf, 0xff,
    0xff, 0xff, 0xf4, 0x0, 0x0, 0x0, 0xd, 0xff,
    0xff, 0xff, 0xf4, 0x4, 0xff, 0xff, 0xff, 0xfd,
    0x0, 0x0, 0x0, 0x0, 0x2e, 0xff, 0xff, 0xf8,
    0x0, 0x8, 0xff, 0xff, 0xfe, 0x20, 0x0, 0x0,
    0x0, 0x0, 0xcf, 0xfd, 0xb4, 0x0, 0x0, 0x4,
    0xbd, 0xff, 0xc0, 0x0, 0x0, 0x0, 0x0, 0x2f,
    0xf8, 0x0, 0x0, 0x0, 0x0, 0x0, 0x8, 0xff,
    0x20, 0x0, 0x0, 0x0, 0x8, 0xff, 0x20, 0x0,
    0x0, 0x0, 0x0, 0x0, 0x2f, 0xf8, 0x0, 0x0,
    0x2, 0x73, 0xef, 0xc0, 0x0, 0x0, 0x0, 0x0,
    0x0, 0x0, 0xcf, 0xe3, 0x72, 0x0, 0xdf, 0xff,
    0xf6, 0x0, 0x0, 0x0, 0x0, 0x0, 0x0, 0x6,
    0xff, 0xff, 0xd0, 0x0, 0x6c, 0xff, 0xe6, 0x0,
    0x0, 0x0, 0x0, 0x0, 0x6, 0xef, 0xfc, 0x60,
    0x0, 0x0, 0x3, 0xaf, 0xf0, 0x0, 0x0, 0x0,
    0x0, 0x0, 0xff, 0xa3, 0x0, 0x0, 0x0, 0x0,
    0x0, 0x16, 0x0, 0x0, 0x0, 0x0, 0x0, 0x6,
    0x10, 0x0, 0x0, 0x0,

    /* U+F7A9 "" */
    0x0, 0x0, 0x2, 0x31, 0x0, 0x0, 0x0, 0x13,
    0x20, 0x0, 0x0, 0x0, 0x6, 0xef, 0xff, 0xb1,
    0x0, 0xb, 0xff, 0xfe, 0x70, 0x0, 0x0, 0x9f,
    0xff, 0xff, 0xf8, 0x0, 0xe, 0xff, 0xff, 0xf9,
    0x0, 0x5, 0xff, 0xff, 0xff, 0xfd, 0x0, 0x9,
    0xff, 0xff, 0xff, 0x50, 0xc, 0xff, 0xff, 0xff,
    0xff, 0x20, 0x4, 0xff, 0xff, 0xff, 0xb0, 0xf,
    0xff, 0xff, 0xff, 0xfb, 0x10, 0x0, 0xff, 0xff,
    0xff, 0xf0, 0xf, 0xff, 0xff, 0xfe, 0x60, 0x0,
    0x2c, 0xff, 0xff, 0xff, 0xf0, 0xc, 0xff, 0xff,
    0xe1, 0x0, 0x7, 0xff, 0xff, 0xff, 0xff, 0xc0,
    0x6, 0xff, 0xff, 0xf8, 0x0, 0x7f, 0xff, 0xff,
    0xff, 0xff, 0x60, 0x0, 0xbf, 0xff, 0xff, 0x80,
    0x2f, 0xff, 0xff, 0xff, 0xfb, 0x0, 0x0, 0xc,
    0xff, 0xff, 0xf8, 0xc, 0xff, 0xff, 0xff, 0xc0,
    0x0, 0x0, 0x0, 0xcf, 0xff, 0xff, 0x86, 0xff,
    0xff, 0xfc, 0x0, 0x0, 0x0, 0x0, 0x1d, 0xff,
    0xff, 0xf9, 0xff, 0xff, 0xd1, 0x0, 0x0, 0x0,
    0x0, 0x1, 0xdf, 0xff, 0xff, 0xff, 0xfd, 0x10,
    0x0, 0x0, 0x0, 0x0, 0x0, 0x1d, 0xff, 0xff,
    0xff, 0xd1, 0x0, 0x0, 0x0, 0x0, 0x0, 0x0,
    0x1, 0xdf, 0xff, 0xfe, 0x10, 0x0, 0x0, 0x0,
    0x0, 0x0, 0x0, 0x0, 0x2e, 0xff, 0xe2, 0x0,
    0x0, 0x0, 0x0, 0x0, 0x0, 0x0, 0x0, 0x2,
    0xee, 0x20, 0x0, 0x0, 0x0, 0x0, 0x0, 0x0,
    0x0, 0x0, 0x0, 0x11, 0x0, 0x0, 0x0, 0x0,
    0x0,

    /* U+F7C2 "" */
    0x0, 0x0, 0x28, 0x88, 0x88, 0x88, 0x73, 0x0,
    0x0, 0x2e, 0xff, 0xff, 0xff, 0xff, 0xf6, 0x0,
    0x1d, 0xff, 0xff, 0xff, 0xff, 0xff, 0xe0, 0x1d,
    0xf6, 0xe, 0x50, 0xd6, 0x8, 0xff, 0x1d, 0xff,
    0x60, 0xe5, 0xd, 0x60, 0x8f, 0xfc, 0xff, 0xf6,
    0xe, 0x50, 0xd6, 0x8, 0xff, 0xff, 0xff, 0x60,
    0xe5, 0xd, 0x60, 0x8f, 0xff, 0xff, 0xff, 0xff,
    0xff, 0xff, 0xff, 0xff, 0xff, 0xff, 0xff, 0xff,
    0xff, 0xff, 0xff, 0xff, 0xff, 0xff, 0xff, 0xff,
    0xff, 0xff, 0xff, 0xff, 0xff, 0xff, 0xff, 0xff,
    0xff, 0xff, 0xff, 0xff, 0xff, 0xff, 0xff, 0xff,
    0xff, 0xff, 0xff, 0xff, 0xff, 0xff, 0xff, 0xff,
    0xff, 0xff, 0xff, 0xff, 0xff, 0xff, 0xff, 0xff,
    0xff, 0xff, 0xff, 0xff, 0xff, 0xff, 0xff, 0xff,
    0xff, 0xff, 0xff, 0xff, 0xff, 0xff, 0xff, 0xff,
    0xff, 0xff, 0xff, 0xff, 0xff, 0xff, 0xff, 0xff,
    0xff, 0xff, 0xff, 0xff, 0xff, 0xff, 0xff, 0xff,
    0xff, 0xff, 0xff, 0xff, 0xff, 0xff, 0xe9, 0xff,
    0xff, 0xff, 0xff, 0xff, 0xff, 0xf8, 0x7, 0xab,
    0xbb, 0xbb, 0xbb, 0xbb, 0xa6, 0x0,

    /* U+F8A2 "" */
    0x0, 0x0, 0x0, 0x0, 0x0, 0x0, 0x0, 0x0,
    0x0, 0x7, 0x0, 0x0, 0x0, 0x0, 0x0, 0x0,
    0x0, 0x0, 0x0, 0xa, 0xf1, 0x0, 0x0, 0x1,
    0x0, 0x0, 0x0, 0x0, 0x0, 0xa, 0xff, 0x10,
    0x0, 0xa, 0xf3, 0x0, 0x0, 0x0, 0x0, 0x0,
    0xff, 0xf1, 0x0, 0xb, 0xff, 0x50, 0x0, 0x0,
    0x0, 0x0, 0xf, 0xff, 0x10, 0xc, 0xff, 0xf5,
    0x0, 0x0, 0x0, 0x0, 0x0, 0xff, 0xf1, 0x1c,
    0xff, 0xff, 0xcb, 0xbb, 0xbb, 0xbb, 0xbb, 0xbf,
    0xff, 0x1c, 0xff, 0xff, 0xff, 0xff, 0xff, 0xff,
    0xff, 0xff, 0xff, 0xf1, 0x9f, 0xff, 0xff, 0xff,
    0xff, 0xff, 0xff, 0xff, 0xff, 0xff, 0x0, 0x9f,
    0xff, 0xf9, 0x66, 0x66, 0x66, 0x66, 0x66, 0x66,
    0x40, 0x0, 0x8f, 0xff, 0x50, 0x0, 0x0, 0x0,
    0x0, 0x0, 0x0, 0x0, 0x0, 0x7f, 0xf5, 0x0,
    0x0, 0x0, 0x0, 0x0, 0x0, 0x0, 0x0, 0x0,
    0x5c, 0x10, 0x0, 0x0, 0x0, 0x0, 0x0, 0x0,
    0x0
};


/*---------------------
 *  GLYPH DESCRIPTION
 *--------------------*/

static const lv_font_fmt_txt_glyph_dsc_t glyph_dsc[] = {
    {.bitmap_index = 0, .adv_w = 0, .box_w = 0, .box_h = 0, .ofs_x = 0, .ofs_y = 0} /* id = 0 reserved */,
    {.bitmap_index = 0, .adv_w = 81, .box_w = 0, .box_h = 0, .ofs_x = 0, .ofs_y = 0},
    {.bitmap_index = 0, .adv_w = 103, .box_w = 4, .box_h = 14, .ofs_x = 1, .ofs_y = 0},
    {.bitmap_index = 28, .adv_w = 167, .box_w = 7, .box_h = 6, .ofs_x = 2, .ofs_y = 8},
    {.bitmap_index = 49, .adv_w = 206, .box_w = 13, .box_h = 14, .ofs_x = 0, .ofs_y = 0},
    {.bitmap_index = 140, .adv_w = 208, .box_w = 13, .box_h = 19, .ofs_x = 0, .ofs_y = -2},
    {.bitmap_index = 264, .adv_w = 321, .box_w = 18, .box_h = 14, .ofs_x = 1, .ofs_y = 0},
    {.bitmap_index = 390, .adv_w = 212, .box_w = 14, .box_h = 14, .ofs_x = 0, .ofs_y = 0},
    {.bitmap_index = 488, .adv_w = 104, .box_w = 3, .box_h = 6, .ofs_x = 2, .ofs_y = 8},
    {.bitmap_index = 497, .adv_w = 119, .box_w = 6, .box_h = 19, .ofs_x = 1, .ofs_y = -3},
    {.bitmap_index = 554, .adv_w = 119, .box_w = 6, .box_h = 19, .ofs_x = 0, .ofs_y = -3},
    {.bitmap_index = 611, .adv_w = 173, .box_w = 9, .box_h = 9, .ofs_x = 1, .ofs_y = 5},
    {.bitmap_index = 652, .adv_w = 215, .box_w = 11, .box_h = 10, .ofs_x = 1, .ofs_y = 1},
    {.bitmap_index = 707, .adv_w = 102, .box_w = 4, .box_h = 6, .ofs_x = 1, .ofs_y = -4},
    {.bitmap_index = 719, .adv_w = 149, .box_w = 7, .box_h = 3, .ofs_x = 1, .ofs_y = 5},
    {.bitmap_index = 730, .adv_w = 102, .box_w = 4, .box_h = 4, .ofs_x = 1, .ofs_y = 0},
    {.bitmap_index = 738, .adv_w = 121, .box_w = 8, .box_h = 18, .ofs_x = 0, .ofs_y = -2},
    {.bitmap_index = 810, .adv_w = 211, .box_w = 12, .box_h = 14, .ofs_x = 1, .ofs_y = 0},
    {.bitmap_index = 894, .adv_w = 135, .box_w = 7, .box_h = 14, .ofs_x = 0, .ofs_y = 0},
    {.bitmap_index = 943, .adv_w = 199, .box_w = 11, .box_h = 14, .ofs_x = 1, .ofs_y = 0},
    {.bitmap_index = 1020, .adv_w = 204, .box_w = 11, .box_h = 14, .ofs_x = 1, .ofs_y = 0},
    {.bitmap_index = 1097, .adv_w = 213, .box_w = 12, .box_h = 14, .ofs_x = 1, .ofs_y = 0},
    {.bitmap_index = 1181, .adv_w = 196, .box_w = 11, .box_h = 14, .ofs_x = 1, .ofs_y = 0},
    {.bitmap_index = 1258, .adv_w = 205, .box_w = 11, .box_h = 14, .ofs_x = 1, .ofs_y = 0},
    {.bitmap_index = 1335, .adv_w = 184, .box_w = 11, .box_h = 14, .ofs_x = 0, .ofs_y = 0},
    {.bitmap_index = 1412, .adv_w = 205, .box_w = 11, .box_h = 14, .ofs_x = 1, .ofs_y = 0},
    {.bitmap_index = 1489, .adv_w = 205, .box_w = 11, .box_h = 14, .ofs_x = 1, .ofs_y = 0},
    {.bitmap_index = 1566, .adv_w = 102, .box_w = 4, .box_h = 11, .ofs_x = 1, .ofs_y = 0},
    {.bitmap_index = 1588, .adv_w = 105, .box_w = 4, .box_h = 15, .ofs_x = 1, .ofs_y = -4},
    {.bitmap_index = 1618, .adv_w = 215, .box_w = 11, .box_h = 12, .ofs_x = 1, .ofs_y = 0},
    {.bitmap_index = 1684, .adv_w = 215, .box_w = 10, .box_h = 7, .ofs_x = 2, .ofs_y = 2},
    {.bitmap_index = 1719, .adv_w = 215, .box_w = 10, .box_h = 12, .ofs_x = 2, .ofs_y = 0},
    {.bitmap_index = 1779, .adv_w = 174, .box_w = 10, .box_h = 14, .ofs_x = 0, .ofs_y = 0},
    {.bitmap_index = 1849, .adv_w = 320, .box_w = 18, .box_h = 18, .ofs_x = 1, .ofs_y = -4},
    {.bitmap_index = 2011, .adv_w = 233, .box_w = 15, .box_h = 14, .ofs_x = 0, .ofs_y = 0},
    {.bitmap_index = 2116, .adv_w = 211, .box_w = 12, .box_h = 14, .ofs_x = 1, .ofs_y = 0},
    {.bitmap_index = 2200, .adv_w = 236, .box_w = 13, .box_h = 14, .ofs_x = 1, .ofs_y = 0},
    {.bitmap_index = 2291, .adv_w = 231, .box_w = 13, .box_h = 14, .ofs_x = 1, .ofs_y = 0},
    {.bitmap_index = 2382, .adv_w = 194, .box_w = 10, .box_h = 14, .ofs_x = 1, .ofs_y = 0},
    {.bitmap_index = 2452, .adv_w = 188, .box_w = 10, .box_h = 14, .ofs_x = 1, .ofs_y = 0},
    {.bitmap_index = 2522, .adv_w = 240, .box_w = 13, .box_h = 14, .ofs_x = 1, .ofs_y = 0},
    {.bitmap_index = 2613, .adv_w = 239, .box_w = 13, .box_h = 14, .ofs_x = 1, .ofs_y = 0},
    {.bitmap_index = 2704, .adv_w = 89, .box_w = 4, .box_h = 14, .ofs_x = 1, .ofs_y = 0},
    {.bitmap_index = 2732, .adv_w = 185, .box_w = 11, .box_h = 14, .ofs_x = 0, .ofs_y = 0},
    {.bitmap_index = 2809, .adv_w = 225, .box_w = 13, .box_h = 14, .ofs_x = 1, .ofs_y = 0},
    {.bitmap_index = 2900, .adv_w = 181, .box_w = 10, .box_h = 14, .ofs_x = 1, .ofs_y = 0},
    {.bitmap_index = 2970, .adv_w = 295, .box_w = 16, .box_h = 14, .ofs_x = 1, .ofs_y = 0},
    {.bitmap_index = 3082, .adv_w = 243, .box_w = 13, .box_h = 14, .ofs_x = 1, .ofs_y = 0},
    {.bitmap_index = 3173, .adv_w = 246, .box_w = 14, .box_h = 14, .ofs_x = 1, .ofs_y = 0},
    {.bitmap_index = 3271, .adv_w = 206, .box_w = 12, .box_h = 14, .ofs_x = 1, .ofs_y = 0},
    {.bitmap_index = 3355, .adv_w = 247, .box_w = 14, .box_h = 15, .ofs_x = 1, .ofs_y = -1},
    {.bitmap_index = 3460, .adv_w = 209, .box_w = 12, .box_h = 14, .ofs_x = 1, .ofs_y = 0},
    {.bitmap_index = 3544, .adv_w = 208, .box_w = 13, .box_h = 14, .ofs_x = 0, .ofs_y = 0},
    {.bitmap_index = 3635, .adv_w = 211, .box_w = 13, .box_h = 14, .ofs_x = 0, .ofs_y = 0},
    {.bitmap_index = 3726, .adv_w = 235, .box_w = 13, .box_h = 14, .ofs_x = 1, .ofs_y = 0},
    {.bitmap_index = 3817, .adv_w = 233, .box_w = 15, .box_h = 14, .ofs_x = 0, .ofs_y = 0},
    {.bitmap_index = 3922, .adv_w = 326, .box_w = 20, .box_h = 14, .ofs_x = 0, .ofs_y = 0},
    {.bitmap_index = 4062, .adv_w = 230, .box_w = 14, .box_h = 14, .ofs_x = 0, .ofs_y = 0},
    {.bitmap_index = 4160, .adv_w = 228, .box_w = 14, .box_h = 14, .ofs_x = 0, .ofs_y = 0},
    {.bitmap_index = 4258, .adv_w = 209, .box_w = 11, .box_h = 14, .ofs_x = 1, .ofs_y = 0},
    {.bitmap_index = 4335, .adv_w = 119, .box_w = 6, .box_h = 18, .ofs_x = 1, .ofs_y = -3},
    {.bitmap_index = 4389, .adv_w = 121, .box_w = 8, .box_h = 18, .ofs_x = 0, .ofs_y = -2},
    {.bitmap_index = 4461, .adv_w = 119, .box_w = 5, .box_h = 18, .ofs_x = 1, .ofs_y = -3},
    {.bitmap_index = 4506, .adv_w = 154, .box_w = 9, .box_h = 6, .ofs_x = 0, .ofs_y = 8},
    {.bitmap_index = 4533, .adv_w = 150, .box_w = 10, .box_h = 3, .ofs_x = 0, .ofs_y = -2},
    {.bitmap_index = 4548, .adv_w = 112, .box_w = 5, .box_h = 3, .ofs_x = 1, .ofs_y = 12},
    {.bitmap_index = 4556, .adv_w = 184, .box_w = 11, .box_h = 11, .ofs_x = 0, .ofs_y = 0},
    {.bitmap_index = 4617, .adv_w = 200, .box_w = 11, .box_h = 14, .ofs_x = 1, .ofs_y = 0},
    {.bitmap_index = 4694, .adv_w = 186, .box_w = 11, .box_h = 11, .ofs_x = 0, .ofs_y = 0},
    {.bitmap_index = 4755, .adv_w = 200, .box_w = 12, .box_h = 14, .ofs_x = 0, .ofs_y = 0},
    {.bitmap_index = 4839, .adv_w = 189, .box_w = 11, .box_h = 11, .ofs_x = 0, .ofs_y = 0},
    {.bitmap_index = 4900, .adv_w = 124, .box_w = 8, .box_h = 15, .ofs_x = 0, .ofs_y = 0},
    {.bitmap_index = 4960, .adv_w = 200, .box_w = 12, .box_h = 15, .ofs_x = 0, .ofs_y = -4},
    {.bitmap_index = 5050, .adv_w = 196, .box_w = 10, .box_h = 14, .ofs_x = 1, .ofs_y = 0},
    {.bitmap_index = 5120, .adv_w = 84, .box_w = 4, .box_h = 15, .ofs_x = 1, .ofs_y = 0},
    {.bitmap_index = 5150, .adv_w = 84, .box_w = 6, .box_h = 19, .ofs_x = -1, .ofs_y = -4},
    {.bitmap_index = 5207, .adv_w = 182, .box_w = 11, .box_h = 14, .ofs_x = 1, .ofs_y = 0},
    {.bitmap_index = 5284, .adv_w = 84, .box_w = 3, .box_h = 14, .ofs_x = 1, .ofs_y = 0},
    {.bitmap_index = 5305, .adv_w = 288, .box_w = 16, .box_h = 11, .ofs_x = 1, .ofs_y = 0},
    {.bitmap_index = 5393, .adv_w = 196, .box_w = 10, .box_h = 11, .ofs_x = 1, .ofs_y = 0},
    {.bitmap_index = 5448, .adv_w = 195, .box_w = 12, .box_h = 11, .ofs_x = 0, .ofs_y = 0},
    {.bitmap_index = 5514, .adv_w = 200, .box_w = 11, .box_h = 15, .ofs_x = 1, .ofs_y = -4},
    {.bitmap_index = 5597, .adv_w = 200, .box_w = 12, .box_h = 15, .ofs_x = 0, .ofs_y = -4},
    {.bitmap_index = 5687, .adv_w = 127, .box_w = 7, .box_h = 12, .ofs_x = 1, .ofs_y = 0},
    {.bitmap_index = 5729, .adv_w = 176, .box_w = 11, .box_h = 11, .ofs_x = 0, .ofs_y = 0},
    {.bitmap_index = 5790, .adv_w = 113, .box_w = 7, .box_h = 14, .ofs_x = 0, .ofs_y = 0},
    {.bitmap_index = 5839, .adv_w = 196, .box_w = 10, .box_h = 11, .ofs_x = 1, .ofs_y = 0},
    {.bitmap_index = 5894, .adv_w = 188, .box_w = 12, .box_h = 11, .ofs_x = 0, .ofs_y = 0},
    {.bitmap_index = 5960, .adv_w = 269, .box_w = 17, .box_h = 11, .ofs_x = 0, .ofs_y = 0},
    {.bitmap_index = 6054, .adv_w = 182, .box_w = 11, .box_h = 11, .ofs_x = 0, .ofs_y = 0},
    {.bitmap_index = 6115, .adv_w = 188, .box_w = 12, .box_h = 15, .ofs_x = 0, .ofs_y = -4},
    {.bitmap_index = 6205, .adv_w = 181, .box_w = 10, .box_h = 11, .ofs_x = 1, .ofs_y = 0},
    {.bitmap_index = 6260, .adv_w = 145, .box_w = 8, .box_h = 19, .ofs_x = 1, .ofs_y = -4},
    {.bitmap_index = 6336, .adv_w = 115, .box_w = 3, .box_h = 24, .ofs_x = 2, .ofs_y = -5},
    {.bitmap_index = 6372, .adv_w = 145, .box_w = 7, .box_h = 19, .ofs_x = 1, .ofs_y = -4},
    {.bitmap_index = 6439, .adv_w = 215, .box_w = 11, .box_h = 5, .ofs_x = 1, .ofs_y = 4},
    {.bitmap_index = 6467, .adv_w = 81, .box_w = 0, .box_h = 0, .ofs_x = 0, .ofs_y = 0},
    {.bitmap_index = 6467, .adv_w = 103, .box_w = 4, .box_h = 15, .ofs_x = 1, .ofs_y = -4},
    {.bitmap_index = 6497, .adv_w = 186, .box_w = 11, .box_h = 14, .ofs_x = 0, .ofs_y = 0},
    {.bitmap_index = 6574, .adv_w = 201, .box_w = 12, .box_h = 14, .ofs_x = 0, .ofs_y = 0},
    {.bitmap_index = 6658, .adv_w = 240, .box_w = 13, .box_h = 14, .ofs_x = 1, .ofs_y = -1},
    {.bitmap_index = 6749, .adv_w = 180, .box_w = 11, .box_h = 14, .ofs_x = 0, .ofs_y = 0},
    {.bitmap_index = 6826, .adv_w = 101, .box_w = 3, .box_h = 17, .ofs_x = 2, .ofs_y = -3},
    {.bitmap_index = 6852, .adv_w = 182, .box_w = 10, .box_h = 18, .ofs_x = 1, .ofs_y = -4},
    {.bitmap_index = 6942, .adv_w = 196, .box_w = 8, .box_h = 3, .ofs_x = 2, .ofs_y = 12},
    {.bitmap_index = 6954, .adv_w = 293, .box_w = 16, .box_h = 15, .ofs_x = 1, .ofs_y = 0},
    {.bitmap_index = 7074, .adv_w = 147, .box_w = 9, .box_h = 8, .ofs_x = 0, .ofs_y = 7},
    {.bitmap_index = 7110, .adv_w = 203, .box_w = 12, .box_h = 10, .ofs_x = 0, .ofs_y = 1},
    {.bitmap_index = 7170, .adv_w = 215, .box_w = 9, .box_h = 6, .ofs_x = 2, .ofs_y = 2},
    {.bitmap_index = 7197, .adv_w = 212, .box_w = 13, .box_h = 13, .ofs_x = 0, .ofs_y = 3},
    {.bitmap_index = 7282, .adv_w = 145, .box_w = 7, .box_h = 2, .ofs_x = 1, .ofs_y = 13},
    {.bitmap_index = 7289, .adv_w = 147, .box_w = 7, .box_h = 7, .ofs_x = 1, .ofs_y = 8},
    {.bitmap_index = 7314, .adv_w = 215, .box_w = 11, .box_h = 11, .ofs_x = 1, .ofs_y = 0},
    {.bitmap_index = 7375, .adv_w = 145, .box_w = 8, .box_h = 8, .ofs_x = 1, .ofs_y = 9},
    {.bitmap_index = 7407, .adv_w = 148, .box_w = 9, .box_h = 8, .ofs_x = 0, .ofs_y = 9},
    {.bitmap_index = 7443, .adv_w = 112, .box_w = 5, .box_h = 3, .ofs_x = 1, .ofs_y = 12},
    {.bitmap_index = 7451, .adv_w = 197, .box_w = 12, .box_h = 15, .ofs_x = 1, .ofs_y = -4},
    {.bitmap_index = 7541, .adv_w = 192, .box_w = 11, .box_h = 14, .ofs_x = 0, .ofs_y = 0},
    {.bitmap_index = 7618, .adv_w = 102, .box_w = 4, .box_h = 4, .ofs_x = 1, .ofs_y = 5},
    {.bitmap_index = 7626, .adv_w = 106, .box_w = 4, .box_h = 6, .ofs_x = 2, .ofs_y = -5},
    {.bitmap_index = 7638, .adv_w = 104, .box_w = 5, .box_h = 8, .ofs_x = 1, .ofs_y = 9},
    {.bitmap_index = 7658, .adv_w = 156, .box_w = 10, .box_h = 8, .ofs_x = 0, .ofs_y = 7},
    {.bitmap_index = 7698, .adv_w = 203, .box_w = 12, .box_h = 10, .ofs_x = 0, .ofs_y = 1},
    {.bitmap_index = 7758, .adv_w = 266, .box_w = 16, .box_h = 14, .ofs_x = 0, .ofs_y = 0},
    {.bitmap_index = 7870, .adv_w = 278, .box_w = 17, .box_h = 15, .ofs_x = 0, .ofs_y = 0},
    {.bitmap_index = 7998, .adv_w = 290, .box_w = 18, .box_h = 15, .ofs_x = 0, .ofs_y = 0},
    {.bitmap_index = 8133, .adv_w = 174, .box_w = 11, .box_h = 15, .ofs_x = 0, .ofs_y = -4},
    {.bitmap_index = 8216, .adv_w = 233, .box_w = 15, .box_h = 19, .ofs_x = 0, .ofs_y = 0},
    {.bitmap_index = 8359, .adv_w = 233, .box_w = 15, .box_h = 19, .ofs_x = 0, .ofs_y = 0},
    {.bitmap_index = 8502, .adv_w = 233, .box_w = 15, .box_h = 19, .ofs_x = 0, .ofs_y = 0},
    {.bitmap_index = 8645, .adv_w = 233, .box_w = 15, .box_h = 19, .ofs_x = 0, .ofs_y = 0},
    {.bitmap_index = 8788, .adv_w = 233, .box_w = 15, .box_h = 19, .ofs_x = 0, .ofs_y = 0},
    {.bitmap_index = 8931, .adv_w = 233, .box_w = 15, .box_h = 21, .ofs_x = 0, .ofs_y = 0},
    {.bitmap_index = 9089, .adv_w = 324, .box_w = 20, .box_h = 14, .ofs_x = 0, .ofs_y = 0},
    {.bitmap_index = 9229, .adv_w = 236, .box_w = 13, .box_h = 18, .ofs_x = 1, .ofs_y = -4},
    {.bitmap_index = 9346, .adv_w = 194, .box_w = 10, .box_h = 19, .ofs_x = 1, .ofs_y = 0},
    {.bitmap_index = 9441, .adv_w = 194, .box_w = 10, .box_h = 19, .ofs_x = 1, .ofs_y = 0},
    {.bitmap_index = 9536, .adv_w = 194, .box_w = 10, .box_h = 19, .ofs_x = 1, .ofs_y = 0},
    {.bitmap_index = 9631, .adv_w = 194, .box_w = 10, .box_h = 19, .ofs_x = 1, .ofs_y = 0},
    {.bitmap_index = 9726, .adv_w = 89, .box_w = 6, .box_h = 19, .ofs_x = -1, .ofs_y = 0},
    {.bitmap_index = 9783, .adv_w = 89, .box_w = 5, .box_h = 19, .ofs_x = 1, .ofs_y = 0},
    {.bitmap_index = 9831, .adv_w = 89, .box_w = 8, .box_h = 19, .ofs_x = -1, .ofs_y = 0},
    {.bitmap_index = 9907, .adv_w = 89, .box_w = 8, .box_h = 19, .ofs_x = -1, .ofs_y = 0},
    {.bitmap_index = 9983, .adv_w = 240, .box_w = 15, .box_h = 14, .ofs_x = 0, .ofs_y = 0},
    {.bitmap_index = 10088, .adv_w = 243, .box_w = 13, .box_h = 19, .ofs_x = 1, .ofs_y = 0},
    {.bitmap_index = 10212, .adv_w = 246, .box_w = 14, .box_h = 19, .ofs_x = 1, .ofs_y = 0},
    {.bitmap_index = 10345, .adv_w = 246, .box_w = 14, .box_h = 19, .ofs_x = 1, .ofs_y = 0},
    {.bitmap_index = 10478, .adv_w = 246, .box_w = 14, .box_h = 19, .ofs_x = 1, .ofs_y = 0},
    {.bitmap_index = 10611, .adv_w = 246, .box_w = 14, .box_h = 19, .ofs_x = 1, .ofs_y = 0},
    {.bitmap_index = 10744, .adv_w = 246, .box_w = 14, .box_h = 19, .ofs_x = 1, .ofs_y = 0},
    {.bitmap_index = 10877, .adv_w = 215, .box_w = 11, .box_h = 11, .ofs_x = 1, .ofs_y = 0},
    {.bitmap_index = 10938, .adv_w = 246, .box_w = 14, .box_h = 16, .ofs_x = 1, .ofs_y = -1},
    {.bitmap_index = 11050, .adv_w = 235, .box_w = 13, .box_h = 19, .ofs_x = 1, .ofs_y = 0},
    {.bitmap_index = 11174, .adv_w = 235, .box_w = 13, .box_h = 19, .ofs_x = 1, .ofs_y = 0},
    {.bitmap_index = 11298, .adv_w = 235, .box_w = 13, .box_h = 19, .ofs_x = 1, .ofs_y = 0},
    {.bitmap_index = 11422, .adv_w = 235, .box_w = 13, .box_h = 19, .ofs_x = 1, .ofs_y = 0},
    {.bitmap_index = 11546, .adv_w = 228, .box_w = 14, .box_h = 19, .ofs_x = 0, .ofs_y = 0},
    {.bitmap_index = 11679, .adv_w = 210, .box_w = 11, .box_h = 14, .ofs_x = 1, .ofs_y = 0},
    {.bitmap_index = 11756, .adv_w = 206, .box_w = 11, .box_h = 14, .ofs_x = 1, .ofs_y = 0},
    {.bitmap_index = 11833, .adv_w = 184, .box_w = 11, .box_h = 15, .ofs_x = 0, .ofs_y = 0},
    {.bitmap_index = 11916, .adv_w = 184, .box_w = 11, .box_h = 15, .ofs_x = 0, .ofs_y = 0},
    {.bitmap_index = 11999, .adv_w = 184, .box_w = 11, .box_h = 16, .ofs_x = 0, .ofs_y = 0},
    {.bitmap_index = 12087, .adv_w = 184, .box_w = 11, .box_h = 15, .ofs_x = 0, .ofs_y = 0},
    {.bitmap_index = 12170, .adv_w = 184, .box_w = 11, .box_h = 15, .ofs_x = 0, .ofs_y = 0},
    {.bitmap_index = 12253, .adv_w = 184, .box_w = 11, .box_h = 18, .ofs_x = 0, .ofs_y = 0},
    {.bitmap_index = 12352, .adv_w = 292, .box_w = 18, .box_h = 11, .ofs_x = 0, .ofs_y = 0},
    {.bitmap_index = 12451, .adv_w = 186, .box_w = 11, .box_h = 15, .ofs_x = 0, .ofs_y = -4},
    {.bitmap_index = 12534, .adv_w = 189, .box_w = 11, .box_h = 15, .ofs_x = 0, .ofs_y = 0},
    {.bitmap_index = 12617, .adv_w = 189, .box_w = 11, .box_h = 15, .ofs_x = 0, .ofs_y = 0},
    {.bitmap_index = 12700, .adv_w = 189, .box_w = 11, .box_h = 16, .ofs_x = 0, .ofs_y = 0},
    {.bitmap_index = 12788, .adv_w = 189, .box_w = 11, .box_h = 15, .ofs_x = 0, .ofs_y = 0},
    {.bitmap_index = 12871, .adv_w = 84, .box_w = 5, .box_h = 15, .ofs_x = -1, .ofs_y = 0},
    {.bitmap_index = 12909, .adv_w = 84, .box_w = 5, .box_h = 15, .ofs_x = 1, .ofs_y = 0},
    {.bitmap_index = 12947, .adv_w = 84, .box_w = 9, .box_h = 15, .ofs_x = -2, .ofs_y = 0},
    {.bitmap_index = 13015, .adv_w = 84, .box_w = 8, .box_h = 15, .ofs_x = -1, .ofs_y = 0},
    {.bitmap_index = 13075, .adv_w = 190, .box_w = 11, .box_h = 16, .ofs_x = 0, .ofs_y = 0},
    {.bitmap_index = 13163, .adv_w = 196, .box_w = 10, .box_h = 15, .ofs_x = 1, .ofs_y = 0},
    {.bitmap_index = 13238, .adv_w = 195, .box_w = 12, .box_h = 15, .ofs_x = 0, .ofs_y = 0},
    {.bitmap_index = 13328, .adv_w = 195, .box_w = 12, .box_h = 15, .ofs_x = 0, .ofs_y = 0},
    {.bitmap_index = 13418, .adv_w = 195, .box_w = 12, .box_h = 16, .ofs_x = 0, .ofs_y = 0},
    {.bitmap_index = 13514, .adv_w = 195, .box_w = 12, .box_h = 15, .ofs_x = 0, .ofs_y = 0},
    {.bitmap_index = 13604, .adv_w = 195, .box_w = 12, .box_h = 15, .ofs_x = 0, .ofs_y = 0},
    {.bitmap_index = 13694, .adv_w = 215, .box_w = 11, .box_h = 11, .ofs_x = 1, .ofs_y = 0},
    {.bitmap_index = 13755, .adv_w = 195, .box_w = 12, .box_h = 13, .ofs_x = 0, .ofs_y = -1},
    {.bitmap_index = 13833, .adv_w = 196, .box_w = 10, .box_h = 15, .ofs_x = 1, .ofs_y = 0},
    {.bitmap_index = 13908, .adv_w = 196, .box_w = 10, .box_h = 15, .ofs_x = 1, .ofs_y = 0},
    {.bitmap_index = 13983, .adv_w = 196, .box_w = 10, .box_h = 16, .ofs_x = 1, .ofs_y = 0},
    {.bitmap_index = 14063, .adv_w = 196, .box_w = 10, .box_h = 15, .ofs_x = 1, .ofs_y = 0},
    {.bitmap_index = 14138, .adv_w = 188, .box_w = 12, .box_h = 19, .ofs_x = 0, .ofs_y = -4},
    {.bitmap_index = 14252, .adv_w = 200, .box_w = 11, .box_h = 18, .ofs_x = 1, .ofs_y = -4},
    {.bitmap_index = 14351, .adv_w = 188, .box_w = 12, .box_h = 19, .ofs_x = 0, .ofs_y = -4},
    {.bitmap_index = 14465, .adv_w = 233, .box_w = 15, .box_h = 18, .ofs_x = 0, .ofs_y = 0},
    {.bitmap_index = 14600, .adv_w = 184, .box_w = 11, .box_h = 14, .ofs_x = 0, .ofs_y = 0},
    {.bitmap_index = 14677, .adv_w = 233, .box_w = 15, .box_h = 19, .ofs_x = 0, .ofs_y = 0},
    {.bitmap_index = 14820, .adv_w = 184, .box_w = 11, .box_h = 16, .ofs_x = 0, .ofs_y = 0},
    {.bitmap_index = 14908, .adv_w = 233, .box_w = 15, .box_h = 18, .ofs_x = 0, .ofs_y = -4},
    {.bitmap_index = 15043, .adv_w = 184, .box_w = 11, .box_h = 15, .ofs_x = 0, .ofs_y = -4},
    {.bitmap_index = 15126, .adv_w = 236, .box_w = 13, .box_h = 19, .ofs_x = 1, .ofs_y = 0},
    {.bitmap_index = 15250, .adv_w = 186, .box_w = 11, .box_h = 15, .ofs_x = 0, .ofs_y = 0},
    {.bitmap_index = 15333, .adv_w = 236, .box_w = 13, .box_h = 19, .ofs_x = 1, .ofs_y = 0},
    {.bitmap_index = 15457, .adv_w = 186, .box_w = 11, .box_h = 16, .ofs_x = 0, .ofs_y = 0},
    {.bitmap_index = 15545, .adv_w = 236, .box_w = 13, .box_h = 19, .ofs_x = 1, .ofs_y = 0},
    {.bitmap_index = 15669, .adv_w = 186, .box_w = 11, .box_h = 15, .ofs_x = 0, .ofs_y = 0},
    {.bitmap_index = 15752, .adv_w = 236, .box_w = 13, .box_h = 19, .ofs_x = 1, .ofs_y = 0},
    {.bitmap_index = 15876, .adv_w = 186, .box_w = 11, .box_h = 16, .ofs_x = 0, .ofs_y = 0},
    {.bitmap_index = 15964, .adv_w = 231, .box_w = 13, .box_h = 19, .ofs_x = 1, .ofs_y = 0},
    {.bitmap_index = 16088, .adv_w = 237, .box_w = 15, .box_h = 16, .ofs_x = 0, .ofs_y = 0},
    {.bitmap_index = 16208, .adv_w = 240, .box_w = 15, .box_h = 14, .ofs_x = 0, .ofs_y = 0},
    {.bitmap_index = 16313, .adv_w = 200, .box_w = 13, .box_h = 14, .ofs_x = 0, .ofs_y = 0},
    {.bitmap_index = 16404, .adv_w = 194, .box_w = 10, .box_h = 18, .ofs_x = 1, .ofs_y = 0},
    {.bitmap_index = 16494, .adv_w = 189, .box_w = 11, .box_h = 14, .ofs_x = 0, .ofs_y = 0},
    {.bitmap_index = 16571, .adv_w = 194, .box_w = 10, .box_h = 19, .ofs_x = 1, .ofs_y = 0},
    {.bitmap_index = 16666, .adv_w = 189, .box_w = 11, .box_h = 16, .ofs_x = 0, .ofs_y = 0},
    {.bitmap_index = 16754, .adv_w = 194, .box_w = 10, .box_h = 19, .ofs_x = 1, .ofs_y = 0},
    {.bitmap_index = 16849, .adv_w = 189, .box_w = 11, .box_h = 15, .ofs_x = 0, .ofs_y = 0},
    {.bitmap_index = 16932, .adv_w = 194, .box_w = 11, .box_h = 18, .ofs_x = 1, .ofs_y = -4},
    {.bitmap_index = 17031, .adv_w = 189, .box_w = 11, .box_h = 15, .ofs_x = 0, .ofs_y = -4},
    {.bitmap_index = 17114, .adv_w = 194, .box_w = 10, .box_h = 19, .ofs_x = 1, .ofs_y = 0},
    {.bitmap_index = 17209, .adv_w = 189, .box_w = 11, .box_h = 16, .ofs_x = 0, .ofs_y = 0},
    {.bitmap_index = 17297, .adv_w = 240, .box_w = 13, .box_h = 19, .ofs_x = 1, .ofs_y = 0},
    {.bitmap_index = 17421, .adv_w = 200, .box_w = 12, .box_h = 20, .ofs_x = 0, .ofs_y = -4},
    {.bitmap_index = 17541, .adv_w = 240, .box_w = 13, .box_h = 19, .ofs_x = 1, .ofs_y = 0},
    {.bitmap_index = 17665, .adv_w = 200, .box_w = 12, .box_h = 20, .ofs_x = 0, .ofs_y = -4},
    {.bitmap_index = 17785, .adv_w = 240, .box_w = 13, .box_h = 19, .ofs_x = 1, .ofs_y = 0},
    {.bitmap_index = 17909, .adv_w = 200, .box_w = 12, .box_h = 19, .ofs_x = 0, .ofs_y = -4},
    {.bitmap_index = 18023, .adv_w = 240, .box_w = 13, .box_h = 19, .ofs_x = 1, .ofs_y = -5},
    {.bitmap_index = 18147, .adv_w = 200, .box_w = 12, .box_h = 21, .ofs_x = 0, .ofs_y = -4},
    {.bitmap_index = 18273, .adv_w = 239, .box_w = 13, .box_h = 19, .ofs_x = 1, .ofs_y = 0},
    {.bitmap_index = 18397, .adv_w = 196, .box_w = 13, .box_h = 19, .ofs_x = -2, .ofs_y = 0},
    {.bitmap_index = 18521, .adv_w = 255, .box_w = 16, .box_h = 14, .ofs_x = 0, .ofs_y = 0},
    {.bitmap_index = 18633, .adv_w = 196, .box_w = 12, .box_h = 14, .ofs_x = -1, .ofs_y = 0},
    {.bitmap_index = 18717, .adv_w = 89, .box_w = 7, .box_h = 19, .ofs_x = -1, .ofs_y = 0},
    {.bitmap_index = 18784, .adv_w = 84, .box_w = 7, .box_h = 15, .ofs_x = -1, .ofs_y = 0},
    {.bitmap_index = 18837, .adv_w = 89, .box_w = 7, .box_h = 18, .ofs_x = -1, .ofs_y = 0},
    {.bitmap_index = 18900, .adv_w = 84, .box_w = 7, .box_h = 14, .ofs_x = -1, .ofs_y = 0},
    {.bitmap_index = 18949, .adv_w = 89, .box_w = 7, .box_h = 19, .ofs_x = -1, .ofs_y = 0},
    {.bitmap_index = 19016, .adv_w = 84, .box_w = 7, .box_h = 15, .ofs_x = -1, .ofs_y = 0},
    {.bitmap_index = 19069, .adv_w = 89, .box_w = 5, .box_h = 18, .ofs_x = 0, .ofs_y = -4},
    {.bitmap_index = 19114, .adv_w = 84, .box_w = 6, .box_h = 19, .ofs_x = -1, .ofs_y = -4},
    {.bitmap_index = 19171, .adv_w = 89, .box_w = 4, .box_h = 19, .ofs_x = 1, .ofs_y = 0},
    {.bitmap_index = 19209, .adv_w = 84, .box_w = 3, .box_h = 11, .ofs_x = 1, .ofs_y = 0},
    {.bitmap_index = 19226, .adv_w = 274, .box_w = 15, .box_h = 14, .ofs_x = 1, .ofs_y = 0},
    {.bitmap_index = 19331, .adv_w = 167, .box_w = 9, .box_h = 19, .ofs_x = 1, .ofs_y = -4},
    {.bitmap_index = 19417, .adv_w = 185, .box_w = 13, .box_h = 19, .ofs_x = 0, .ofs_y = 0},
    {.bitmap_index = 19541, .adv_w = 84, .box_w = 9, .box_h = 20, .ofs_x = -2, .ofs_y = -4},
    {.bitmap_index = 19631, .adv_w = 225, .box_w = 13, .box_h = 19, .ofs_x = 1, .ofs_y = -5},
    {.bitmap_index = 19755, .adv_w = 182, .box_w = 11, .box_h = 19, .ofs_x = 1, .ofs_y = -5},
    {.bitmap_index = 19860, .adv_w = 181, .box_w = 11, .box_h = 11, .ofs_x = 1, .ofs_y = 0},
    {.bitmap_index = 19921, .adv_w = 181, .box_w = 10, .box_h = 19, .ofs_x = 1, .ofs_y = 0},
    {.bitmap_index = 20016, .adv_w = 84, .box_w = 5, .box_h = 19, .ofs_x = 1, .ofs_y = 0},
    {.bitmap_index = 20064, .adv_w = 181, .box_w = 10, .box_h = 19, .ofs_x = 1, .ofs_y = -5},
    {.bitmap_index = 20159, .adv_w = 84, .box_w = 4, .box_h = 19, .ofs_x = 0, .ofs_y = -5},
    {.bitmap_index = 20197, .adv_w = 181, .box_w = 10, .box_h = 15, .ofs_x = 1, .ofs_y = 0},
    {.bitmap_index = 20272, .adv_w = 121, .box_w = 7, .box_h = 15, .ofs_x = 1, .ofs_y = 0},
    {.bitmap_index = 20325, .adv_w = 183, .box_w = 10, .box_h = 14, .ofs_x = 1, .ofs_y = 0},
    {.bitmap_index = 20395, .adv_w = 134, .box_w = 8, .box_h = 14, .ofs_x = 1, .ofs_y = 0},
    {.bitmap_index = 20451, .adv_w = 193, .box_w = 12, .box_h = 14, .ofs_x = 0, .ofs_y = 0},
    {.bitmap_index = 20535, .adv_w = 84, .box_w = 7, .box_h = 14, .ofs_x = -1, .ofs_y = 0},
    {.bitmap_index = 20584, .adv_w = 243, .box_w = 13, .box_h = 19, .ofs_x = 1, .ofs_y = 0},
    {.bitmap_index = 20708, .adv_w = 196, .box_w = 10, .box_h = 15, .ofs_x = 1, .ofs_y = 0},
    {.bitmap_index = 20783, .adv_w = 243, .box_w = 13, .box_h = 19, .ofs_x = 1, .ofs_y = -5},
    {.bitmap_index = 20907, .adv_w = 196, .box_w = 10, .box_h = 16, .ofs_x = 1, .ofs_y = -5},
    {.bitmap_index = 20987, .adv_w = 243, .box_w = 13, .box_h = 19, .ofs_x = 1, .ofs_y = 0},
    {.bitmap_index = 21111, .adv_w = 196, .box_w = 10, .box_h = 15, .ofs_x = 1, .ofs_y = 0},
    {.bitmap_index = 21186, .adv_w = 243, .box_w = 13, .box_h = 18, .ofs_x = 1, .ofs_y = -4},
    {.bitmap_index = 21303, .adv_w = 196, .box_w = 10, .box_h = 15, .ofs_x = 1, .ofs_y = -4},
    {.bitmap_index = 21378, .adv_w = 246, .box_w = 14, .box_h = 19, .ofs_x = 1, .ofs_y = 0},
    {.bitmap_index = 21511, .adv_w = 195, .box_w = 12, .box_h = 14, .ofs_x = 0, .ofs_y = 0},
    {.bitmap_index = 21595, .adv_w = 246, .box_w = 14, .box_h = 19, .ofs_x = 1, .ofs_y = 0},
    {.bitmap_index = 21728, .adv_w = 195, .box_w = 12, .box_h = 16, .ofs_x = 0, .ofs_y = 0},
    {.bitmap_index = 21824, .adv_w = 246, .box_w = 14, .box_h = 19, .ofs_x = 1, .ofs_y = 0},
    {.bitmap_index = 21957, .adv_w = 195, .box_w = 12, .box_h = 15, .ofs_x = 0, .ofs_y = 0},
    {.bitmap_index = 22047, .adv_w = 324, .box_w = 19, .box_h = 14, .ofs_x = 1, .ofs_y = 0},
    {.bitmap_index = 22180, .adv_w = 317, .box_w = 19, .box_h = 11, .ofs_x = 0, .ofs_y = 0},
    {.bitmap_index = 22285, .adv_w = 209, .box_w = 12, .box_h = 19, .ofs_x = 1, .ofs_y = 0},
    {.bitmap_index = 22399, .adv_w = 127, .box_w = 7, .box_h = 15, .ofs_x = 1, .ofs_y = 0},
    {.bitmap_index = 22452, .adv_w = 209, .box_w = 12, .box_h = 19, .ofs_x = 1, .ofs_y = -5},
    {.bitmap_index = 22566, .adv_w = 127, .box_w = 8, .box_h = 17, .ofs_x = 0, .ofs_y = -5},
    {.bitmap_index = 22634, .adv_w = 209, .box_w = 12, .box_h = 19, .ofs_x = 1, .ofs_y = 0},
    {.bitmap_index = 22748, .adv_w = 127, .box_w = 9, .box_h = 15, .ofs_x = 0, .ofs_y = 0},
    {.bitmap_index = 22816, .adv_w = 208, .box_w = 13, .box_h = 19, .ofs_x = 0, .ofs_y = 0},
    {.bitmap_index = 22940, .adv_w = 176, .box_w = 11, .box_h = 15, .ofs_x = 0, .ofs_y = 0},
    {.bitmap_index = 23023, .adv_w = 208, .box_w = 13, .box_h = 19, .ofs_x = 0, .ofs_y = 0},
    {.bitmap_index = 23147, .adv_w = 176, .box_w = 11, .box_h = 16, .ofs_x = 0, .ofs_y = 0},
    {.bitmap_index = 23235, .adv_w = 208, .box_w = 13, .box_h = 18, .ofs_x = 0, .ofs_y = -4},
    {.bitmap_index = 23352, .adv_w = 176, .box_w = 11, .box_h = 15, .ofs_x = 0, .ofs_y = -4},
    {.bitmap_index = 23435, .adv_w = 208, .box_w = 13, .box_h = 19, .ofs_x = 0, .ofs_y = 0},
    {.bitmap_index = 23559, .adv_w = 176, .box_w = 11, .box_h = 16, .ofs_x = 0, .ofs_y = 0},
    {.bitmap_index = 23647, .adv_w = 211, .box_w = 13, .box_h = 18, .ofs_x = 0, .ofs_y = -4},
    {.bitmap_index = 23764, .adv_w = 113, .box_w = 7, .box_h = 18, .ofs_x = 0, .ofs_y = -4},
    {.bitmap_index = 23827, .adv_w = 211, .box_w = 13, .box_h = 19, .ofs_x = 0, .ofs_y = 0},
    {.bitmap_index = 23951, .adv_w = 134, .box_w = 8, .box_h = 16, .ofs_x = 0, .ofs_y = 0},
    {.bitmap_index = 24015, .adv_w = 211, .box_w = 13, .box_h = 14, .ofs_x = 0, .ofs_y = 0},
    {.bitmap_index = 24106, .adv_w = 113, .box_w = 7, .box_h = 14, .ofs_x = 0, .ofs_y = 0},
    {.bitmap_index = 24155, .adv_w = 235, .box_w = 13, .box_h = 19, .ofs_x = 1, .ofs_y = 0},
    {.bitmap_index = 24279, .adv_w = 196, .box_w = 10, .box_h = 15, .ofs_x = 1, .ofs_y = 0},
    {.bitmap_index = 24354, .adv_w = 235, .box_w = 13, .box_h = 19, .ofs_x = 1, .ofs_y = 0},
    {.bitmap_index = 24478, .adv_w = 196, .box_w = 10, .box_h = 14, .ofs_x = 1, .ofs_y = 0},
    {.bitmap_index = 24548, .adv_w = 235, .box_w = 13, .box_h = 19, .ofs_x = 1, .ofs_y = 0},
    {.bitmap_index = 24672, .adv_w = 196, .box_w = 10, .box_h = 16, .ofs_x = 1, .ofs_y = 0},
    {.bitmap_index = 24752, .adv_w = 235, .box_w = 13, .box_h = 21, .ofs_x = 1, .ofs_y = 0},
    {.bitmap_index = 24889, .adv_w = 196, .box_w = 10, .box_h = 18, .ofs_x = 1, .ofs_y = 0},
    {.bitmap_index = 24979, .adv_w = 235, .box_w = 13, .box_h = 19, .ofs_x = 1, .ofs_y = 0},
    {.bitmap_index = 25103, .adv_w = 196, .box_w = 10, .box_h = 15, .ofs_x = 1, .ofs_y = 0},
    {.bitmap_index = 25178, .adv_w = 235, .box_w = 13, .box_h = 18, .ofs_x = 1, .ofs_y = -4},
    {.bitmap_index = 25295, .adv_w = 196, .box_w = 11, .box_h = 15, .ofs_x = 1, .ofs_y = -4},
    {.bitmap_index = 25378, .adv_w = 326, .box_w = 20, .box_h = 19, .ofs_x = 0, .ofs_y = 0},
    {.bitmap_index = 25568, .adv_w = 269, .box_w = 17, .box_h = 15, .ofs_x = 0, .ofs_y = 0},
    {.bitmap_index = 25696, .adv_w = 228, .box_w = 14, .box_h = 19, .ofs_x = 0, .ofs_y = 0},
    {.bitmap_index = 25829, .adv_w = 188, .box_w = 12, .box_h = 20, .ofs_x = 0, .ofs_y = -4},
    {.bitmap_index = 25949, .adv_w = 228, .box_w = 14, .box_h = 19, .ofs_x = 0, .ofs_y = 0},
    {.bitmap_index = 26082, .adv_w = 209, .box_w = 11, .box_h = 19, .ofs_x = 1, .ofs_y = 0},
    {.bitmap_index = 26187, .adv_w = 181, .box_w = 10, .box_h = 15, .ofs_x = 1, .ofs_y = 0},
    {.bitmap_index = 26262, .adv_w = 209, .box_w = 11, .box_h = 19, .ofs_x = 1, .ofs_y = 0},
    {.bitmap_index = 26367, .adv_w = 181, .box_w = 10, .box_h = 15, .ofs_x = 1, .ofs_y = 0},
    {.bitmap_index = 26442, .adv_w = 209, .box_w = 11, .box_h = 19, .ofs_x = 1, .ofs_y = 0},
    {.bitmap_index = 26547, .adv_w = 181, .box_w = 10, .box_h = 15, .ofs_x = 1, .ofs_y = 0},
    {.bitmap_index = 26622, .adv_w = 107, .box_w = 6, .box_h = 15, .ofs_x = 1, .ofs_y = 0},
    {.bitmap_index = 26667, .adv_w = 208, .box_w = 13, .box_h = 19, .ofs_x = 0, .ofs_y = -5},
    {.bitmap_index = 26791, .adv_w = 176, .box_w = 11, .box_h = 16, .ofs_x = 0, .ofs_y = -5},
    {.bitmap_index = 26879, .adv_w = 211, .box_w = 13, .box_h = 19, .ofs_x = 0, .ofs_y = -5},
    {.bitmap_index = 27003, .adv_w = 113, .box_w = 7, .box_h = 19, .ofs_x = 0, .ofs_y = -5},
    {.bitmap_index = 27070, .adv_w = 91, .box_w = 4, .box_h = 6, .ofs_x = 1, .ofs_y = 8},
    {.bitmap_index = 27082, .adv_w = 91, .box_w = 4, .box_h = 4, .ofs_x = 1, .ofs_y = -4},
    {.bitmap_index = 27090, .adv_w = 243, .box_w = 13, .box_h = 14, .ofs_x = 1, .ofs_y = 0},
    {.bitmap_index = 27181, .adv_w = 91, .box_w = 4, .box_h = 4, .ofs_x = 1, .ofs_y = -5},
    {.bitmap_index = 27189, .adv_w = 186, .box_w = 11, .box_h = 11, .ofs_x = 0, .ofs_y = 0},
    {.bitmap_index = 27250, .adv_w = 186, .box_w = 11, .box_h = 11, .ofs_x = 0, .ofs_y = 0},
    {.bitmap_index = 27311, .adv_w = 186, .box_w = 11, .box_h = 11, .ofs_x = 0, .ofs_y = 0},
    {.bitmap_index = 27372, .adv_w = 105, .box_w = 4, .box_h = 15, .ofs_x = 1, .ofs_y = -4},
    {.bitmap_index = 27402, .adv_w = 185, .box_w = 11, .box_h = 14, .ofs_x = 0, .ofs_y = 0},
    {.bitmap_index = 27479, .adv_w = 102, .box_w = 4, .box_h = 3, .ofs_x = 1, .ofs_y = 12},
    {.bitmap_index = 27485, .adv_w = 226, .box_w = 10, .box_h = 5, .ofs_x = 2, .ofs_y = 12},
    {.bitmap_index = 27510, .adv_w = 233, .box_w = 15, .box_h = 14, .ofs_x = 0, .ofs_y = 0},
    {.bitmap_index = 27615, .adv_w = 102, .box_w = 4, .box_h = 4, .ofs_x = 1, .ofs_y = 7},
    {.bitmap_index = 27623, .adv_w = 248, .box_w = 15, .box_h = 14, .ofs_x = 0, .ofs_y = 0},
    {.bitmap_index = 27728, .adv_w = 293, .box_w = 17, .box_h = 14, .ofs_x = 0, .ofs_y = 0},
    {.bitmap_index = 27847, .adv_w = 143, .box_w = 8, .box_h = 14, .ofs_x = 0, .ofs_y = 0},
    {.bitmap_index = 27903, .adv_w = 288, .box_w = 17, .box_h = 14, .ofs_x = 0, .ofs_y = 0},
    {.bitmap_index = 28022, .adv_w = 299, .box_w = 19, .box_h = 14, .ofs_x = 0, .ofs_y = 0},
    {.bitmap_index = 28155, .adv_w = 290, .box_w = 17, .box_h = 14, .ofs_x = 0, .ofs_y = 0},
    {.bitmap_index = 28274, .adv_w = 95, .box_w = 7, .box_h = 19, .ofs_x = -1, .ofs_y = 0},
    {.bitmap_index = 28341, .adv_w = 233, .box_w = 15, .box_h = 14, .ofs_x = 0, .ofs_y = 0},
    {.bitmap_index = 28446, .adv_w = 211, .box_w = 12, .box_h = 14, .ofs_x = 1, .ofs_y = 0},
    {.bitmap_index = 28530, .adv_w = 186, .box_w = 10, .box_h = 14, .ofs_x = 1, .ofs_y = 0},
    {.bitmap_index = 28600, .adv_w = 231, .box_w = 14, .box_h = 14, .ofs_x = 0, .ofs_y = 0},
    {.bitmap_index = 28698, .adv_w = 194, .box_w = 10, .box_h = 14, .ofs_x = 1, .ofs_y = 0},
    {.bitmap_index = 28768, .adv_w = 209, .box_w = 11, .box_h = 14, .ofs_x = 1, .ofs_y = 0},
    {.bitmap_index = 28845, .adv_w = 239, .box_w = 13, .box_h = 14, .ofs_x = 1, .ofs_y = 0},
    {.bitmap_index = 28936, .adv_w = 246, .box_w = 14, .box_h = 14, .ofs_x = 1, .ofs_y = 0},
    {.bitmap_index = 29034, .adv_w = 89, .box_w = 4, .box_h = 14, .ofs_x = 1, .ofs_y = 0},
    {.bitmap_index = 29062, .adv_w = 225, .box_w = 13, .box_h = 14, .ofs_x = 1, .ofs_y = 0},
    {.bitmap_index = 29153, .adv_w = 233, .box_w = 15, .box_h = 14, .ofs_x = 0, .ofs_y = 0},
    {.bitmap_index = 29258, .adv_w = 295, .box_w = 16, .box_h = 14, .ofs_x = 1, .ofs_y = 0},
    {.bitmap_index = 29370, .adv_w = 243, .box_w = 13, .box_h = 14, .ofs_x = 1, .ofs_y = 0},
    {.bitmap_index = 29461, .adv_w = 217, .box_w = 12, .box_h = 14, .ofs_x = 1, .ofs_y = 0},
    {.bitmap_index = 29545, .adv_w = 246, .box_w = 14, .box_h = 14, .ofs_x = 1, .ofs_y = 0},
    {.bitmap_index = 29643, .adv_w = 239, .box_w = 13, .box_h = 14, .ofs_x = 1, .ofs_y = 0},
    {.bitmap_index = 29734, .adv_w = 206, .box_w = 12, .box_h = 14, .ofs_x = 1, .ofs_y = 0},
    {.bitmap_index = 29818, .adv_w = 221, .box_w = 12, .box_h = 14, .ofs_x = 1, .ofs_y = 0},
    {.bitmap_index = 29902, .adv_w = 211, .box_w = 13, .box_h = 14, .ofs_x = 0, .ofs_y = 0},
    {.bitmap_index = 29993, .adv_w = 228, .box_w = 14, .box_h = 14, .ofs_x = 0, .ofs_y = 0},
    {.bitmap_index = 30091, .adv_w = 285, .box_w = 16, .box_h = 16, .ofs_x = 1, .ofs_y = -1},
    {.bitmap_index = 30219, .adv_w = 230, .box_w = 14, .box_h = 14, .ofs_x = 0, .ofs_y = 0},
    {.bitmap_index = 30317, .adv_w = 285, .box_w = 16, .box_h = 14, .ofs_x = 1, .ofs_y = 0},
    {.bitmap_index = 30429, .adv_w = 249, .box_w = 14, .box_h = 14, .ofs_x = 1, .ofs_y = 0},
    {.bitmap_index = 30527, .adv_w = 89, .box_w = 8, .box_h = 19, .ofs_x = -1, .ofs_y = 0},
    {.bitmap_index = 30603, .adv_w = 228, .box_w = 14, .box_h = 19, .ofs_x = 0, .ofs_y = 0},
    {.bitmap_index = 30736, .adv_w = 219, .box_w = 14, .box_h = 15, .ofs_x = 0, .ofs_y = 0},
    {.bitmap_index = 30841, .adv_w = 176, .box_w = 11, .box_h = 15, .ofs_x = 0, .ofs_y = 0},
    {.bitmap_index = 30924, .adv_w = 196, .box_w = 10, .box_h = 19, .ofs_x = 1, .ofs_y = -4},
    {.bitmap_index = 31019, .adv_w = 95, .box_w = 5, .box_h = 15, .ofs_x = 1, .ofs_y = 0},
    {.bitmap_index = 31057, .adv_w = 196, .box_w = 10, .box_h = 18, .ofs_x = 1, .ofs_y = 0},
    {.bitmap_index = 31147, .adv_w = 219, .box_w = 14, .box_h = 11, .ofs_x = 0, .ofs_y = 0},
    {.bitmap_index = 31224, .adv_w = 194, .box_w = 11, .box_h = 18, .ofs_x = 1, .ofs_y = -4},
    {.bitmap_index = 31323, .adv_w = 188, .box_w = 12, .box_h = 15, .ofs_x = 0, .ofs_y = -4},
    {.bitmap_index = 31413, .adv_w = 191, .box_w = 12, .box_h = 14, .ofs_x = 0, .ofs_y = 0},
    {.bitmap_index = 31497, .adv_w = 176, .box_w = 11, .box_h = 11, .ofs_x = 0, .ofs_y = 0},
    {.bitmap_index = 31558, .adv_w = 168, .box_w = 10, .box_h = 17, .ofs_x = 0, .ofs_y = -3},
    {.bitmap_index = 31643, .adv_w = 196, .box_w = 10, .box_h = 15, .ofs_x = 1, .ofs_y = -4},
    {.bitmap_index = 31718, .adv_w = 200, .box_w = 11, .box_h = 14, .ofs_x = 1, .ofs_y = 0},
    {.bitmap_index = 31795, .adv_w = 95, .box_w = 5, .box_h = 11, .ofs_x = 1, .ofs_y = 0},
    {.bitmap_index = 31823, .adv_w = 181, .box_w = 11, .box_h = 11, .ofs_x = 1, .ofs_y = 0},
    {.bitmap_index = 31884, .adv_w = 214, .box_w = 14, .box_h = 14, .ofs_x = 0, .ofs_y = 0},
    {.bitmap_index = 31982, .adv_w = 197, .box_w = 12, .box_h = 15, .ofs_x = 1, .ofs_y = -4},
    {.bitmap_index = 32072, .adv_w = 194, .box_w = 12, .box_h = 11, .ofs_x = 0, .ofs_y = 0},
    {.bitmap_index = 32138, .adv_w = 179, .box_w = 11, .box_h = 17, .ofs_x = 0, .ofs_y = -3},
    {.bitmap_index = 32232, .adv_w = 195, .box_w = 12, .box_h = 11, .ofs_x = 0, .ofs_y = 0},
    {.bitmap_index = 32298, .adv_w = 201, .box_w = 13, .box_h = 11, .ofs_x = 0, .ofs_y = 0},
    {.bitmap_index = 32370, .adv_w = 200, .box_w = 11, .box_h = 15, .ofs_x = 1, .ofs_y = -4},
    {.bitmap_index = 32453, .adv_w = 186, .box_w = 11, .box_h = 14, .ofs_x = 0, .ofs_y = -3},
    {.bitmap_index = 32530, .adv_w = 205, .box_w = 13, .box_h = 11, .ofs_x = 0, .ofs_y = 0},
    {.bitmap_index = 32602, .adv_w = 158, .box_w = 10, .box_h = 11, .ofs_x = 0, .ofs_y = 0},
    {.bitmap_index = 32657, .adv_w = 196, .box_w = 10, .box_h = 11, .ofs_x = 1, .ofs_y = 0},
    {.bitmap_index = 32712, .adv_w = 247, .box_w = 15, .box_h = 15, .ofs_x = 0, .ofs_y = -4},
    {.bitmap_index = 32825, .adv_w = 189, .box_w = 12, .box_h = 15, .ofs_x = 0, .ofs_y = -4},
    {.bitmap_index = 32915, .adv_w = 260, .box_w = 14, .box_h = 18, .ofs_x = 1, .ofs_y = -4},
    {.bitmap_index = 33041, .adv_w = 264, .box_w = 16, .box_h = 11, .ofs_x = 0, .ofs_y = 0},
    {.bitmap_index = 33129, .adv_w = 95, .box_w = 8, .box_h = 14, .ofs_x = -1, .ofs_y = 0},
    {.bitmap_index = 33185, .adv_w = 196, .box_w = 10, .box_h = 14, .ofs_x = 1, .ofs_y = 0},
    {.bitmap_index = 33255, .adv_w = 195, .box_w = 12, .box_h = 15, .ofs_x = 0, .ofs_y = 0},
    {.bitmap_index = 33345, .adv_w = 196, .box_w = 10, .box_h = 15, .ofs_x = 1, .ofs_y = 0},
    {.bitmap_index = 33420, .adv_w = 264, .box_w = 16, .box_h = 15, .ofs_x = 0, .ofs_y = 0},
    {.bitmap_index = 33540, .adv_w = 225, .box_w = 13, .box_h = 19, .ofs_x = 1, .ofs_y = -5},
    {.bitmap_index = 33664, .adv_w = 210, .box_w = 11, .box_h = 14, .ofs_x = 1, .ofs_y = 0},
    {.bitmap_index = 33741, .adv_w = 210, .box_w = 11, .box_h = 14, .ofs_x = 1, .ofs_y = 0},
    {.bitmap_index = 33818, .adv_w = 223, .box_w = 14, .box_h = 14, .ofs_x = 0, .ofs_y = 0},
    {.bitmap_index = 33916, .adv_w = 287, .box_w = 18, .box_h = 14, .ofs_x = 0, .ofs_y = 0},
    {.bitmap_index = 34042, .adv_w = 223, .box_w = 14, .box_h = 19, .ofs_x = 0, .ofs_y = 0},
    {.bitmap_index = 34175, .adv_w = 233, .box_w = 14, .box_h = 18, .ofs_x = 0, .ofs_y = -4},
    {.bitmap_index = 34301, .adv_w = 285, .box_w = 17, .box_h = 11, .ofs_x = 0, .ofs_y = 0},
    {.bitmap_index = 34395, .adv_w = 181, .box_w = 11, .box_h = 16, .ofs_x = 1, .ofs_y = -5},
    {.bitmap_index = 34483, .adv_w = 191, .box_w = 10, .box_h = 14, .ofs_x = 1, .ofs_y = 0},
    {.bitmap_index = 34553, .adv_w = 172, .box_w = 9, .box_h = 15, .ofs_x = 1, .ofs_y = -4},
    {.bitmap_index = 34621, .adv_w = 240, .box_w = 13, .box_h = 11, .ofs_x = 1, .ofs_y = 0},
    {.bitmap_index = 34693, .adv_w = 210, .box_w = 11, .box_h = 16, .ofs_x = 1, .ofs_y = -5},
    {.bitmap_index = 34781, .adv_w = 186, .box_w = 11, .box_h = 11, .ofs_x = 0, .ofs_y = 0},
    {.bitmap_index = 34842, .adv_w = 84, .box_w = 6, .box_h = 18, .ofs_x = -1, .ofs_y = -4},
    {.bitmap_index = 34896, .adv_w = 246, .box_w = 14, .box_h = 14, .ofs_x = 1, .ofs_y = 0},
    {.bitmap_index = 34994, .adv_w = 150, .box_w = 9, .box_h = 11, .ofs_x = 0, .ofs_y = 0},
    {.bitmap_index = 35044, .adv_w = 150, .box_w = 9, .box_h = 11, .ofs_x = 0, .ofs_y = 0},
    {.bitmap_index = 35094, .adv_w = 236, .box_w = 13, .box_h = 14, .ofs_x = 1, .ofs_y = 0},
    {.bitmap_index = 35185, .adv_w = 295, .box_w = 16, .box_h = 14, .ofs_x = 1, .ofs_y = 0},
    {.bitmap_index = 35297, .adv_w = 200, .box_w = 13, .box_h = 15, .ofs_x = -1, .ofs_y = -4},
    {.bitmap_index = 35395, .adv_w = 236, .box_w = 14, .box_h = 14, .ofs_x = 0, .ofs_y = 0},
    {.bitmap_index = 35493, .adv_w = 236, .box_w = 13, .box_h = 14, .ofs_x = 1, .ofs_y = 0},
    {.bitmap_index = 35584, .adv_w = 236, .box_w = 14, .box_h = 14, .ofs_x = 0, .ofs_y = 0},
    {.bitmap_index = 35682, .adv_w = 135, .box_w = 7, .box_h = 3, .ofs_x = 1, .ofs_y = 5},
    {.bitmap_index = 35693, .adv_w = 135, .box_w = 7, .box_h = 3, .ofs_x = 1, .ofs_y = 5},
    {.bitmap_index = 35704, .adv_w = 207, .box_w = 13, .box_h = 3, .ofs_x = 0, .ofs_y = 5},
    {.bitmap_index = 35724, .adv_w = 160, .box_w = 10, .box_h = 3, .ofs_x = 0, .ofs_y = 5},
    {.bitmap_index = 35739, .adv_w = 320, .box_w = 20, .box_h = 3, .ofs_x = 0, .ofs_y = 5},
    {.bitmap_index = 35769, .adv_w = 320, .box_w = 20, .box_h = 3, .ofs_x = 0, .ofs_y = 5},
    {.bitmap_index = 35799, .adv_w = 172, .box_w = 7, .box_h = 24, .ofs_x = 2, .ofs_y = -5},
    {.bitmap_index = 35883, .adv_w = 150, .box_w = 10, .box_h = 4, .ofs_x = 0, .ofs_y = -4},
    {.bitmap_index = 35903, .adv_w = 94, .box_w = 5, .box_h = 6, .ofs_x = 1, .ofs_y = 8},
    {.bitmap_index = 35918, .adv_w = 94, .box_w = 5, .box_h = 6, .ofs_x = 1, .ofs_y = 9},
    {.bitmap_index = 35933, .adv_w = 87, .box_w = 4, .box_h = 6, .ofs_x = 1, .ofs_y = -4},
    {.bitmap_index = 35945, .adv_w = 94, .box_w = 5, .box_h = 6, .ofs_x = 0, .ofs_y = 8},
    {.bitmap_index = 35960, .adv_w = 162, .box_w = 9, .box_h = 6, .ofs_x = 1, .ofs_y = 8},
    {.bitmap_index = 35987, .adv_w = 160, .box_w = 9, .box_h = 6, .ofs_x = 1, .ofs_y = 9},
    {.bitmap_index = 36014, .adv_w = 154, .box_w = 8, .box_h = 6, .ofs_x = 1, .ofs_y = -4},
    {.bitmap_index = 36038, .adv_w = 160, .box_w = 9, .box_h = 6, .ofs_x = 0, .ofs_y = 8},
    {.bitmap_index = 36065, .adv_w = 177, .box_w = 9, .box_h = 11, .ofs_x = 1, .ofs_y = 3},
    {.bitmap_index = 36115, .adv_w = 177, .box_w = 9, .box_h = 14, .ofs_x = 1, .ofs_y = 0},
    {.bitmap_index = 36178, .adv_w = 161, .box_w = 8, .box_h = 7, .ofs_x = 1, .ofs_y = 3},
    {.bitmap_index = 36206, .adv_w = 161, .box_w = 7, .box_h = 7, .ofs_x = 2, .ofs_y = 2},
    {.bitmap_index = 36231, .adv_w = 102, .box_w = 4, .box_h = 4, .ofs_x = 1, .ofs_y = 0},
    {.bitmap_index = 36239, .adv_w = 204, .box_w = 11, .box_h = 4, .ofs_x = 1, .ofs_y = 0},
    {.bitmap_index = 36261, .adv_w = 306, .box_w = 17, .box_h = 4, .ofs_x = 1, .ofs_y = 0},
    {.bitmap_index = 36295, .adv_w = 102, .box_w = 4, .box_h = 4, .ofs_x = 1, .ofs_y = 5},
    {.bitmap_index = 36303, .adv_w = 53, .box_w = 0, .box_h = 0, .ofs_x = 0, .ofs_y = 0},
    {.bitmap_index = 36303, .adv_w = 439, .box_w = 25, .box_h = 14, .ofs_x = 1, .ofs_y = 0},
    {.bitmap_index = 36478, .adv_w = 556, .box_w = 32, .box_h = 14, .ofs_x = 1, .ofs_y = 0},
    {.bitmap_index = 36702, .adv_w = 82, .box_w = 4, .box_h = 6, .ofs_x = 1, .ofs_y = 8},
    {.bitmap_index = 36714, .adv_w = 164, .box_w = 9, .box_h = 6, .ofs_x = 1, .ofs_y = 8},
    {.bitmap_index = 36741, .adv_w = 246, .box_w = 14, .box_h = 6, .ofs_x = 1, .ofs_y = 8},
    {.bitmap_index = 36783, .adv_w = 82, .box_w = 4, .box_h = 6, .ofs_x = 1, .ofs_y = 8},
    {.bitmap_index = 36795, .adv_w = 164, .box_w = 9, .box_h = 6, .ofs_x = 1, .ofs_y = 8},
    {.bitmap_index = 36822, .adv_w = 246, .box_w = 14, .box_h = 6, .ofs_x = 1, .ofs_y = 8},
    {.bitmap_index = 36864, .adv_w = 165, .box_w = 9, .box_h = 5, .ofs_x = 1, .ofs_y = -5},
    {.bitmap_index = 36887, .adv_w = 133, .box_w = 8, .box_h = 10, .ofs_x = 0, .ofs_y = 1},
    {.bitmap_index = 36927, .adv_w = 133, .box_w = 8, .box_h = 10, .ofs_x = 0, .ofs_y = 1},
    {.bitmap_index = 36967, .adv_w = 241, .box_w = 13, .box_h = 12, .ofs_x = 1, .ofs_y = 1},
    {.bitmap_index = 37045, .adv_w = 206, .box_w = 11, .box_h = 14, .ofs_x = 1, .ofs_y = 0},
    {.bitmap_index = 37122, .adv_w = 173, .box_w = 10, .box_h = 14, .ofs_x = 0, .ofs_y = 0},
    {.bitmap_index = 37192, .adv_w = 164, .box_w = 10, .box_h = 3, .ofs_x = 0, .ofs_y = 15},
    {.bitmap_index = 37207, .adv_w = 268, .box_w = 17, .box_h = 4, .ofs_x = 0, .ofs_y = -5},
    {.bitmap_index = 37241, .adv_w = 268, .box_w = 17, .box_h = 5, .ofs_x = 0, .ofs_y = 10},
    {.bitmap_index = 37284, .adv_w = 150, .box_w = 9, .box_h = 11, .ofs_x = 0, .ofs_y = -5},
    {.bitmap_index = 37334, .adv_w = 240, .box_w = 13, .box_h = 12, .ofs_x = 1, .ofs_y = 1},
    {.bitmap_index = 37412, .adv_w = 161, .box_w = 6, .box_h = 3, .ofs_x = 2, .ofs_y = 5},
    {.bitmap_index = 37421, .adv_w = 65, .box_w = 12, .box_h = 14, .ofs_x = -4, .ofs_y = 0},
    {.bitmap_index = 37505, .adv_w = 119, .box_w = 6, .box_h = 18, .ofs_x = 1, .ofs_y = -3},
    {.bitmap_index = 37559, .adv_w = 119, .box_w = 5, .box_h = 18, .ofs_x = 1, .ofs_y = -3},
    {.bitmap_index = 37604, .adv_w = 348, .box_w = 21, .box_h = 14, .ofs_x = 0, .ofs_y = 0},
    {.bitmap_index = 37751, .adv_w = 277, .box_w = 16, .box_h = 14, .ofs_x = 0, .ofs_y = 0},
    {.bitmap_index = 37863, .adv_w = 277, .box_w = 16, .box_h = 14, .ofs_x = 1, .ofs_y = 0},
    {.bitmap_index = 37975, .adv_w = 147, .box_w = 9, .box_h = 15, .ofs_x = 0, .ofs_y = -4},
    {.bitmap_index = 38043, .adv_w = 192, .box_w = 11, .box_h = 14, .ofs_x = 1, .ofs_y = 0},
    {.bitmap_index = 38120, .adv_w = 193, .box_w = 10, .box_h = 8, .ofs_x = 1, .ofs_y = 2},
    {.bitmap_index = 38160, .adv_w = 193, .box_w = 10, .box_h = 8, .ofs_x = 1, .ofs_y = 2},
    {.bitmap_index = 38200, .adv_w = 173, .box_w = 9, .box_h = 9, .ofs_x = 1, .ofs_y = -1},
    {.bitmap_index = 38241, .adv_w = 105, .box_w = 5, .box_h = 15, .ofs_x = 1, .ofs_y = -4},
    {.bitmap_index = 38279, .adv_w = 268, .box_w = 17, .box_h = 21, .ofs_x = 0, .ofs_y = -6},
    {.bitmap_index = 38458, .adv_w = 180, .box_w = 9, .box_h = 18, .ofs_x = 2, .ofs_y = -4},
    {.bitmap_index = 38539, .adv_w = 254, .box_w = 14, .box_h = 14, .ofs_x = 1, .ofs_y = 0},
    {.bitmap_index = 38637, .adv_w = 240, .box_w = 13, .box_h = 5, .ofs_x = 1, .ofs_y = 5},
    {.bitmap_index = 38670, .adv_w = 268, .box_w = 17, .box_h = 5, .ofs_x = 0, .ofs_y = -5},
    {.bitmap_index = 38713, .adv_w = 212, .box_w = 11, .box_h = 10, .ofs_x = 1, .ofs_y = 0},
    {.bitmap_index = 38768, .adv_w = 327, .box_w = 19, .box_h = 6, .ofs_x = 1, .ofs_y = 8},
    {.bitmap_index = 38825, .adv_w = 155, .box_w = 9, .box_h = 8, .ofs_x = 0, .ofs_y = 9},
    {.bitmap_index = 38861, .adv_w = 69, .box_w = 3, .box_h = 9, .ofs_x = 1, .ofs_y = 9},
    {.bitmap_index = 38875, .adv_w = 153, .box_w = 9, .box_h = 8, .ofs_x = 0, .ofs_y = 9},
    {.bitmap_index = 38911, .adv_w = 148, .box_w = 8, .box_h = 8, .ofs_x = 1, .ofs_y = 9},
    {.bitmap_index = 38943, .adv_w = 149, .box_w = 9, .box_h = 8, .ofs_x = 0, .ofs_y = 9},
    {.bitmap_index = 38979, .adv_w = 134, .box_w = 8, .box_h = 8, .ofs_x = 0, .ofs_y = 9},
    {.bitmap_index = 39011, .adv_w = 151, .box_w = 9, .box_h = 8, .ofs_x = 0, .ofs_y = 9},
    {.bitmap_index = 39047, .adv_w = 149, .box_w = 9, .box_h = 8, .ofs_x = 0, .ofs_y = 9},
    {.bitmap_index = 39083, .adv_w = 146, .box_w = 7, .box_h = 6, .ofs_x = 1, .ofs_y = 9},
    {.bitmap_index = 39104, .adv_w = 146, .box_w = 7, .box_h = 2, .ofs_x = 1, .ofs_y = 12},
    {.bitmap_index = 39111, .adv_w = 146, .box_w = 7, .box_h = 5, .ofs_x = 1, .ofs_y = 10},
    {.bitmap_index = 39129, .adv_w = 91, .box_w = 4, .box_h = 11, .ofs_x = 1, .ofs_y = 7},
    {.bitmap_index = 39151, .adv_w = 91, .box_w = 5, .box_h = 11, .ofs_x = 0, .ofs_y = 7},
    {.bitmap_index = 39179, .adv_w = 145, .box_w = 7, .box_h = 6, .ofs_x = 1, .ofs_y = 9},
    {.bitmap_index = 39200, .adv_w = 155, .box_w = 9, .box_h = 8, .ofs_x = 0, .ofs_y = -3},
    {.bitmap_index = 39236, .adv_w = 104, .box_w = 5, .box_h = 8, .ofs_x = 1, .ofs_y = -3},
    {.bitmap_index = 39256, .adv_w = 145, .box_w = 8, .box_h = 8, .ofs_x = 1, .ofs_y = -3},
    {.bitmap_index = 39288, .adv_w = 148, .box_w = 9, .box_h = 8, .ofs_x = 0, .ofs_y = -3},
    {.bitmap_index = 39324, .adv_w = 153, .box_w = 9, .box_h = 8, .ofs_x = 0, .ofs_y = -3},
    {.bitmap_index = 39360, .adv_w = 148, .box_w = 8, .box_h = 8, .ofs_x = 1, .ofs_y = -3},
    {.bitmap_index = 39392, .adv_w = 149, .box_w = 9, .box_h = 8, .ofs_x = 0, .ofs_y = -3},
    {.bitmap_index = 39428, .adv_w = 134, .box_w = 8, .box_h = 8, .ofs_x = 0, .ofs_y = -3},
    {.bitmap_index = 39460, .adv_w = 151, .box_w = 9, .box_h = 8, .ofs_x = 0, .ofs_y = -3},
    {.bitmap_index = 39496, .adv_w = 149, .box_w = 9, .box_h = 8, .ofs_x = 0, .ofs_y = -3},
    {.bitmap_index = 39532, .adv_w = 146, .box_w = 7, .box_h = 6, .ofs_x = 1, .ofs_y = -3},
    {.bitmap_index = 39553, .adv_w = 146, .box_w = 7, .box_h = 2, .ofs_x = 1, .ofs_y = 0},
    {.bitmap_index = 39560, .adv_w = 146, .box_w = 7, .box_h = 4, .ofs_x = 1, .ofs_y = -1},
    {.bitmap_index = 39574, .adv_w = 91, .box_w = 4, .box_h = 10, .ofs_x = 1, .ofs_y = -4},
    {.bitmap_index = 39594, .adv_w = 91, .box_w = 5, .box_h = 10, .ofs_x = 0, .ofs_y = -4},
    {.bitmap_index = 39619, .adv_w = 133, .box_w = 8, .box_h = 6, .ofs_x = 0, .ofs_y = -3},
    {.bitmap_index = 39643, .adv_w = 137, .box_w = 8, .box_h = 6, .ofs_x = 0, .ofs_y = -3},
    {.bitmap_index = 39667, .adv_w = 140, .box_w = 8, .box_h = 6, .ofs_x = 0, .ofs_y = -3},
    {.bitmap_index = 39691, .adv_w = 136, .box_w = 8, .box_h = 6, .ofs_x = 0, .ofs_y = -3},
    {.bitmap_index = 39715, .adv_w = 151, .box_w = 8, .box_h = 8, .ofs_x = 1, .ofs_y = -4},
    {.bitmap_index = 39747, .adv_w = 145, .box_w = 7, .box_h = 8, .ofs_x = 1, .ofs_y = -3},
    {.bitmap_index = 39775, .adv_w = 133, .box_w = 7, .box_h = 8, .ofs_x = 1, .ofs_y = -3},
    {.bitmap_index = 39803, .adv_w = 69, .box_w = 3, .box_h = 8, .ofs_x = 1, .ofs_y = -3},
    {.bitmap_index = 39815, .adv_w = 206, .box_w = 11, .box_h = 6, .ofs_x = 1, .ofs_y = -3},
    {.bitmap_index = 39848, .adv_w = 145, .box_w = 7, .box_h = 6, .ofs_x = 1, .ofs_y = -3},
    {.bitmap_index = 39869, .adv_w = 144, .box_w = 8, .box_h = 8, .ofs_x = 1, .ofs_y = -5},
    {.bitmap_index = 39901, .adv_w = 130, .box_w = 8, .box_h = 6, .ofs_x = 0, .ofs_y = -3},
    {.bitmap_index = 39925, .adv_w = 85, .box_w = 5, .box_h = 8, .ofs_x = 0, .ofs_y = -3},
    {.bitmap_index = 39945, .adv_w = 240, .box_w = 13, .box_h = 14, .ofs_x = 1, .ofs_y = 0},
    {.bitmap_index = 40036, .adv_w = 236, .box_w = 13, .box_h = 19, .ofs_x = 1, .ofs_y = -2},
    {.bitmap_index = 40160, .adv_w = 233, .box_w = 13, .box_h = 14, .ofs_x = 1, .ofs_y = 0},
    {.bitmap_index = 40251, .adv_w = 195, .box_w = 13, .box_h = 14, .ofs_x = -1, .ofs_y = 0},
    {.bitmap_index = 40342, .adv_w = 201, .box_w = 12, .box_h = 14, .ofs_x = 0, .ofs_y = 0},
    {.bitmap_index = 40426, .adv_w = 276, .box_w = 16, .box_h = 14, .ofs_x = 1, .ofs_y = -1},
    {.bitmap_index = 40538, .adv_w = 244, .box_w = 15, .box_h = 14, .ofs_x = 0, .ofs_y = 0},
    {.bitmap_index = 40643, .adv_w = 319, .box_w = 19, .box_h = 14, .ofs_x = 1, .ofs_y = 0},
    {.bitmap_index = 40776, .adv_w = 370, .box_w = 22, .box_h = 14, .ofs_x = 1, .ofs_y = 0},
    {.bitmap_index = 40930, .adv_w = 324, .box_w = 20, .box_h = 14, .ofs_x = 0, .ofs_y = 0},
    {.bitmap_index = 41070, .adv_w = 284, .box_w = 16, .box_h = 11, .ofs_x = 1, .ofs_y = 0},
    {.bitmap_index = 41158, .adv_w = 200, .box_w = 13, .box_h = 18, .ofs_x = 0, .ofs_y = -4},
    {.bitmap_index = 41275, .adv_w = 217, .box_w = 13, .box_h = 14, .ofs_x = 0, .ofs_y = 0},
    {.bitmap_index = 41366, .adv_w = 247, .box_w = 16, .box_h = 14, .ofs_x = 0, .ofs_y = 0},
    {.bitmap_index = 41478, .adv_w = 211, .box_w = 13, .box_h = 14, .ofs_x = 0, .ofs_y = 0},
    {.bitmap_index = 41569, .adv_w = 460, .box_w = 28, .box_h = 21, .ofs_x = 0, .ofs_y = -4},
    {.bitmap_index = 41863, .adv_w = 223, .box_w = 14, .box_h = 14, .ofs_x = 0, .ofs_y = 0},
    {.bitmap_index = 41961, .adv_w = 240, .box_w = 13, .box_h = 19, .ofs_x = 1, .ofs_y = -2},
    {.bitmap_index = 42085, .adv_w = 233, .box_w = 15, .box_h = 14, .ofs_x = 0, .ofs_y = 0},
    {.bitmap_index = 42190, .adv_w = 225, .box_w = 12, .box_h = 14, .ofs_x = 1, .ofs_y = 0},
    {.bitmap_index = 42274, .adv_w = 236, .box_w = 13, .box_h = 19, .ofs_x = 1, .ofs_y = -2},
    {.bitmap_index = 42398, .adv_w = 211, .box_w = 13, .box_h = 14, .ofs_x = 0, .ofs_y = 0},
    {.bitmap_index = 42489, .adv_w = 180, .box_w = 11, .box_h = 15, .ofs_x = 0, .ofs_y = 0},
    {.bitmap_index = 42572, .adv_w = 201, .box_w = 11, .box_h = 14, .ofs_x = 1, .ofs_y = 0},
    {.bitmap_index = 42649, .adv_w = 240, .box_w = 13, .box_h = 11, .ofs_x = 1, .ofs_y = 0},
    {.bitmap_index = 42721, .adv_w = 233, .box_w = 14, .box_h = 14, .ofs_x = 0, .ofs_y = 0},
    {.bitmap_index = 42819, .adv_w = 240, .box_w = 13, .box_h = 14, .ofs_x = 1, .ofs_y = 0},
    {.bitmap_index = 42910, .adv_w = 211, .box_w = 12, .box_h = 19, .ofs_x = 1, .ofs_y = -2},
    {.bitmap_index = 43024, .adv_w = 157, .box_w = 9, .box_h = 12, .ofs_x = 0, .ofs_y = 0},
    {.bitmap_index = 43078, .adv_w = 320, .box_w = 20, .box_h = 16, .ofs_x = 0, .ofs_y = -1},
    {.bitmap_index = 43238, .adv_w = 316, .box_w = 20, .box_h = 16, .ofs_x = 0, .ofs_y = -1},
    {.bitmap_index = 43398, .adv_w = 378, .box_w = 22, .box_h = 16, .ofs_x = 1, .ofs_y = -1},
    {.bitmap_index = 43574, .adv_w = 321, .box_w = 20, .box_h = 16, .ofs_x = 0, .ofs_y = -1},
    {.bitmap_index = 43734, .adv_w = 336, .box_w = 20, .box_h = 16, .ofs_x = 0, .ofs_y = -1},
    {.bitmap_index = 43894, .adv_w = 335, .box_w = 19, .box_h = 16, .ofs_x = 1, .ofs_y = -1},
    {.bitmap_index = 44046, .adv_w = 156, .box_w = 9, .box_h = 15, .ofs_x = 0, .ofs_y = 0},
    {.bitmap_index = 44114, .adv_w = 352, .box_w = 20, .box_h = 15, .ofs_x = 1, .ofs_y = 0},
    {.bitmap_index = 44264, .adv_w = 293, .box_w = 16, .box_h = 16, .ofs_x = 1, .ofs_y = -1},
    {.bitmap_index = 44392, .adv_w = 236, .box_w = 13, .box_h = 15, .ofs_x = 1, .ofs_y = 0},
    {.bitmap_index = 44490, .adv_w = 209, .box_w = 12, .box_h = 22, .ofs_x = 1, .ofs_y = -4},
    {.bitmap_index = 44622, .adv_w = 199, .box_w = 12, .box_h = 6, .ofs_x = 0, .ofs_y = 9},
    {.bitmap_index = 44658, .adv_w = 233, .box_w = 14, .box_h = 6, .ofs_x = 0, .ofs_y = 9},
    {.bitmap_index = 44700, .adv_w = 202, .box_w = 12, .box_h = 6, .ofs_x = 0, .ofs_y = 9},
    {.bitmap_index = 44736, .adv_w = 249, .box_w = 14, .box_h = 14, .ofs_x = 1, .ofs_y = 0},
    {.bitmap_index = 44834, .adv_w = 225, .box_w = 13, .box_h = 15, .ofs_x = 1, .ofs_y = 0},
    {.bitmap_index = 44932, .adv_w = 233, .box_w = 15, .box_h = 20, .ofs_x = 0, .ofs_y = 0},
    {.bitmap_index = 45082, .adv_w = 210, .box_w = 11, .box_h = 12, .ofs_x = 1, .ofs_y = -1},
    {.bitmap_index = 45148, .adv_w = 188, .box_w = 10, .box_h = 15, .ofs_x = 1, .ofs_y = 0},
    {.bitmap_index = 45223, .adv_w = 246, .box_w = 15, .box_h = 6, .ofs_x = 0, .ofs_y = 9},
    {.bitmap_index = 45268, .adv_w = 299, .box_w = 19, .box_h = 16, .ofs_x = 0, .ofs_y = -1},
    {.bitmap_index = 45420, .adv_w = 288, .box_w = 18, .box_h = 14, .ofs_x = 0, .ofs_y = 0},
    {.bitmap_index = 45546, .adv_w = 284, .box_w = 18, .box_h = 14, .ofs_x = 0, .ofs_y = 0},
    {.bitmap_index = 45672, .adv_w = 373, .box_w = 23, .box_h = 14, .ofs_x = 0, .ofs_y = 0},
    {.bitmap_index = 45833, .adv_w = 285, .box_w = 18, .box_h = 14, .ofs_x = 0, .ofs_y = 0},
    {.bitmap_index = 45959, .adv_w = 316, .box_w = 20, .box_h = 14, .ofs_x = 0, .ofs_y = 0},
    {.bitmap_index = 46099, .adv_w = 285, .box_w = 18, .box_h = 14, .ofs_x = 0, .ofs_y = 0},
    {.bitmap_index = 46225, .adv_w = 317, .box_w = 20, .box_h = 14, .ofs_x = 0, .ofs_y = 0},
    {.bitmap_index = 46365, .adv_w = 309, .box_w = 19, .box_h = 14, .ofs_x = 0, .ofs_y = 0},
    {.bitmap_index = 46498, .adv_w = 317, .box_w = 20, .box_h = 14, .ofs_x = 0, .ofs_y = 0},
    {.bitmap_index = 46638, .adv_w = 284, .box_w = 18, .box_h = 14, .ofs_x = 0, .ofs_y = 0},
    {.bitmap_index = 46764, .adv_w = 312, .box_w = 18, .box_h = 14, .ofs_x = 1, .ofs_y = 0},
    {.bitmap_index = 46890, .adv_w = 284, .box_w = 18, .box_h = 14, .ofs_x = 0, .ofs_y = 0},
    {.bitmap_index = 47016, .adv_w = 308, .box_w = 19, .box_h = 14, .ofs_x = 0, .ofs_y = 0},
    {.bitmap_index = 47149, .adv_w = 312, .box_w = 18, .box_h = 14, .ofs_x = 1, .ofs_y = 0},
    {.bitmap_index = 47275, .adv_w = 272, .box_w = 17, .box_h = 14, .ofs_x = 0, .ofs_y = 0},
    {.bitmap_index = 47394, .adv_w = 160, .box_w = 14, .box_h = 14, .ofs_x = 0, .ofs_y = 0},
    {.bitmap_index = 47492, .adv_w = 89, .box_w = 4, .box_h = 14, .ofs_x = 1, .ofs_y = 0},
    {.bitmap_index = 47520, .adv_w = 177, .box_w = 9, .box_h = 14, .ofs_x = 1, .ofs_y = 0},
    {.bitmap_index = 47583, .adv_w = 266, .box_w = 15, .box_h = 14, .ofs_x = 1, .ofs_y = 0},
    {.bitmap_index = 47688, .adv_w = 321, .box_w = 19, .box_h = 14, .ofs_x = 1, .ofs_y = 0},
    {.bitmap_index = 47821, .adv_w = 233, .box_w = 15, .box_h = 14, .ofs_x = 0, .ofs_y = 0},
    {.bitmap_index = 47926, .adv_w = 321, .box_w = 19, .box_h = 14, .ofs_x = 0, .ofs_y = 0},
    {.bitmap_index = 48059, .adv_w = 410, .box_w = 25, .box_h = 14, .ofs_x = 0, .ofs_y = 0},
    {.bitmap_index = 48234, .adv_w = 498, .box_w = 30, .box_h = 14, .ofs_x = 0, .ofs_y = 0},
    {.bitmap_index = 48444, .adv_w = 319, .box_w = 19, .box_h = 14, .ofs_x = 1, .ofs_y = 0},
    {.bitmap_index = 48577, .adv_w = 230, .box_w = 14, .box_h = 14, .ofs_x = 0, .ofs_y = 0},
    {.bitmap_index = 48675, .adv_w = 319, .box_w = 19, .box_h = 14, .ofs_x = 0, .ofs_y = 0},
    {.bitmap_index = 48808, .adv_w = 407, .box_w = 24, .box_h = 14, .ofs_x = 0, .ofs_y = 0},
    {.bitmap_index = 48976, .adv_w = 181, .box_w = 10, .box_h = 14, .ofs_x = 1, .ofs_y = 0},
    {.bitmap_index = 49046, .adv_w = 236, .box_w = 13, .box_h = 14, .ofs_x = 1, .ofs_y = 0},
    {.bitmap_index = 49137, .adv_w = 231, .box_w = 13, .box_h = 14, .ofs_x = 1, .ofs_y = 0},
    {.bitmap_index = 49228, .adv_w = 295, .box_w = 16, .box_h = 14, .ofs_x = 1, .ofs_y = 0},
    {.bitmap_index = 49340, .adv_w = 89, .box_w = 4, .box_h = 15, .ofs_x = 1, .ofs_y = 0},
    {.bitmap_index = 49370, .adv_w = 167, .box_w = 9, .box_h = 15, .ofs_x = 1, .ofs_y = 0},
    {.bitmap_index = 49438, .adv_w = 251, .box_w = 14, .box_h = 15, .ofs_x = 1, .ofs_y = 0},
    {.bitmap_index = 49543, .adv_w = 272, .box_w = 16, .box_h = 15, .ofs_x = 1, .ofs_y = 0},
    {.bitmap_index = 49663, .adv_w = 178, .box_w = 12, .box_h = 11, .ofs_x = 0, .ofs_y = 0},
    {.bitmap_index = 49729, .adv_w = 255, .box_w = 15, .box_h = 15, .ofs_x = 0, .ofs_y = 0},
    {.bitmap_index = 49842, .adv_w = 355, .box_w = 22, .box_h = 15, .ofs_x = 0, .ofs_y = 0},
    {.bitmap_index = 50007, .adv_w = 439, .box_w = 27, .box_h = 15, .ofs_x = 0, .ofs_y = 0},
    {.bitmap_index = 50210, .adv_w = 266, .box_w = 16, .box_h = 15, .ofs_x = 1, .ofs_y = 0},
    {.bitmap_index = 50330, .adv_w = 181, .box_w = 11, .box_h = 11, .ofs_x = 0, .ofs_y = 0},
    {.bitmap_index = 50391, .adv_w = 266, .box_w = 16, .box_h = 15, .ofs_x = 0, .ofs_y = 0},
    {.bitmap_index = 50511, .adv_w = 349, .box_w = 21, .box_h = 15, .ofs_x = 0, .ofs_y = 0},
    {.bitmap_index = 50669, .adv_w = 84, .box_w = 3, .box_h = 14, .ofs_x = 1, .ofs_y = 0},
    {.bitmap_index = 50690, .adv_w = 186, .box_w = 11, .box_h = 11, .ofs_x = 0, .ofs_y = 0},
    {.bitmap_index = 50751, .adv_w = 194, .box_w = 12, .box_h = 14, .ofs_x = 0, .ofs_y = 0},
    {.bitmap_index = 50835, .adv_w = 288, .box_w = 16, .box_h = 11, .ofs_x = 1, .ofs_y = 0},
    {.bitmap_index = 50923, .adv_w = 225, .box_w = 12, .box_h = 14, .ofs_x = 1, .ofs_y = 0},
    {.bitmap_index = 51007, .adv_w = 180, .box_w = 11, .box_h = 11, .ofs_x = 0, .ofs_y = 0},
    {.bitmap_index = 51068, .adv_w = 240, .box_w = 13, .box_h = 18, .ofs_x = 1, .ofs_y = -4},
    {.bitmap_index = 51185, .adv_w = 285, .box_w = 16, .box_h = 14, .ofs_x = 1, .ofs_y = 0},
    {.bitmap_index = 51297, .adv_w = 317, .box_w = 20, .box_h = 14, .ofs_x = 0, .ofs_y = 0},
    {.bitmap_index = 51437, .adv_w = 305, .box_w = 16, .box_h = 14, .ofs_x = 1, .ofs_y = -1},
    {.bitmap_index = 51549, .adv_w = 282, .box_w = 14, .box_h = 15, .ofs_x = 2, .ofs_y = 0},
    {.bitmap_index = 51654, .adv_w = 305, .box_w = 16, .box_h = 14, .ofs_x = 2, .ofs_y = -1},
    {.bitmap_index = 51766, .adv_w = 282, .box_w = 14, .box_h = 16, .ofs_x = 2, .ofs_y = -1},
    {.bitmap_index = 51878, .adv_w = 429, .box_w = 24, .box_h = 14, .ofs_x = 1, .ofs_y = -1},
    {.bitmap_index = 52046, .adv_w = 272, .box_w = 14, .box_h = 24, .ofs_x = 1, .ofs_y = -6},
    {.bitmap_index = 52214, .adv_w = 250, .box_w = 12, .box_h = 12, .ofs_x = 2, .ofs_y = -1},
    {.bitmap_index = 52286, .adv_w = 250, .box_w = 12, .box_h = 12, .ofs_x = 2, .ofs_y = -1},
    {.bitmap_index = 52358, .adv_w = 250, .box_w = 12, .box_h = 11, .ofs_x = 2, .ofs_y = 0},
    {.bitmap_index = 52424, .adv_w = 250, .box_w = 12, .box_h = 11, .ofs_x = 2, .ofs_y = 0},
    {.bitmap_index = 52490, .adv_w = 369, .box_w = 21, .box_h = 16, .ofs_x = 1, .ofs_y = -1},
    {.bitmap_index = 52658, .adv_w = 369, .box_w = 21, .box_h = 16, .ofs_x = 1, .ofs_y = -1},
    {.bitmap_index = 52826, .adv_w = 321, .box_w = 18, .box_h = 16, .ofs_x = 1, .ofs_y = -1},
    {.bitmap_index = 52970, .adv_w = 321, .box_w = 17, .box_h = 16, .ofs_x = 2, .ofs_y = -1},
    {.bitmap_index = 53106, .adv_w = 321, .box_w = 17, .box_h = 14, .ofs_x = 2, .ofs_y = 1},
    {.bitmap_index = 53225, .adv_w = 280, .box_w = 14, .box_h = 16, .ofs_x = 2, .ofs_y = -1},
    {.bitmap_index = 53337, .adv_w = 321, .box_w = 18, .box_h = 14, .ofs_x = 1, .ofs_y = 1},
    {.bitmap_index = 53463, .adv_w = 305, .box_w = 15, .box_h = 18, .ofs_x = 2, .ofs_y = 0},
    {.bitmap_index = 53598, .adv_w = 305, .box_w = 15, .box_h = 18, .ofs_x = 2, .ofs_y = 0},
    {.bitmap_index = 53733, .adv_w = 305, .box_w = 16, .box_h = 15, .ofs_x = 1, .ofs_y = -1},
    {.bitmap_index = 53853, .adv_w = 305, .box_w = 16, .box_h = 15, .ofs_x = 2, .ofs_y = -1},
    {.bitmap_index = 53973, .adv_w = 429, .box_w = 24, .box_h = 15, .ofs_x = 1, .ofs_y = -1},
    {.bitmap_index = 54153, .adv_w = 200, .box_w = 10, .box_h = 15, .ofs_x = 1, .ofs_y = 0},
    {.bitmap_index = 54228, .adv_w = 200, .box_w = 10, .box_h = 16, .ofs_x = 1, .ofs_y = -1},
    {.bitmap_index = 54308, .adv_w = 332, .box_w = 18, .box_h = 10, .ofs_x = 1, .ofs_y = 2},
    {.bitmap_index = 54398, .adv_w = 332, .box_w = 18, .box_h = 10, .ofs_x = 1, .ofs_y = 2},
    {.bitmap_index = 54488, .adv_w = 345, .box_w = 19, .box_h = 16, .ofs_x = 1, .ofs_y = 0},
    {.bitmap_index = 54640, .adv_w = 345, .box_w = 19, .box_h = 20, .ofs_x = 1, .ofs_y = -4},
    {.bitmap_index = 54830, .adv_w = 210, .box_w = 11, .box_h = 16, .ofs_x = 1, .ofs_y = -1},
    {.bitmap_index = 54918, .adv_w = 220, .box_w = 13, .box_h = 13, .ofs_x = 0, .ofs_y = -1},
    {.bitmap_index = 55003, .adv_w = 231, .box_w = 14, .box_h = 14, .ofs_x = 0, .ofs_y = 0},
    {.bitmap_index = 55101, .adv_w = 241, .box_w = 12, .box_h = 18, .ofs_x = 2, .ofs_y = -3},
    {.bitmap_index = 55209, .adv_w = 225, .box_w = 12, .box_h = 18, .ofs_x = 1, .ofs_y = -3},
    {.bitmap_index = 55317, .adv_w = 215, .box_w = 11, .box_h = 3, .ofs_x = 1, .ofs_y = 4},
    {.bitmap_index = 55334, .adv_w = 210, .box_w = 12, .box_h = 16, .ofs_x = 1, .ofs_y = -1},
    {.bitmap_index = 55430, .adv_w = 309, .box_w = 19, .box_h = 10, .ofs_x = 0, .ofs_y = 1},
    {.bitmap_index = 55525, .adv_w = 122, .box_w = 9, .box_h = 21, .ofs_x = -1, .ofs_y = -5},
    {.bitmap_index = 55620, .adv_w = 102, .box_w = 4, .box_h = 12, .ofs_x = 1, .ofs_y = 1},
    {.bitmap_index = 55644, .adv_w = 215, .box_w = 12, .box_h = 10, .ofs_x = 1, .ofs_y = 1},
    {.bitmap_index = 55704, .adv_w = 215, .box_w = 10, .box_h = 12, .ofs_x = 2, .ofs_y = 0},
    {.bitmap_index = 55764, .adv_w = 215, .box_w = 11, .box_h = 12, .ofs_x = 1, .ofs_y = 0},
    {.bitmap_index = 55830, .adv_w = 215, .box_w = 11, .box_h = 12, .ofs_x = 1, .ofs_y = 0},
    {.bitmap_index = 55896, .adv_w = 445, .box_w = 28, .box_h = 28, .ofs_x = 0, .ofs_y = -7},
    {.bitmap_index = 56288, .adv_w = 445, .box_w = 28, .box_h = 28, .ofs_x = 0, .ofs_y = -7},
    {.bitmap_index = 56680, .adv_w = 445, .box_w = 28, .box_h = 28, .ofs_x = 0, .ofs_y = -7},
    {.bitmap_index = 57072, .adv_w = 445, .box_w = 28, .box_h = 28, .ofs_x = 0, .ofs_y = -7},
    {.bitmap_index = 57464, .adv_w = 255, .box_w = 13, .box_h = 8, .ofs_x = 1, .ofs_y = 7},
    {.bitmap_index = 57516, .adv_w = 255, .box_w = 13, .box_h = 9, .ofs_x = 1, .ofs_y = -1},
    {.bitmap_index = 57575, .adv_w = 255, .box_w = 13, .box_h = 12, .ofs_x = 1, .ofs_y = 3},
    {.bitmap_index = 57653, .adv_w = 313, .box_w = 16, .box_h = 16, .ofs_x = 2, .ofs_y = -1},
    {.bitmap_index = 57781, .adv_w = 327, .box_w = 18, .box_h = 15, .ofs_x = 1, .ofs_y = 0},
    {.bitmap_index = 57916, .adv_w = 389, .box_w = 22, .box_h = 15, .ofs_x = 1, .ofs_y = 0},
    {.bitmap_index = 58081, .adv_w = 320, .box_w = 18, .box_h = 15, .ofs_x = 1, .ofs_y = 0},
    {.bitmap_index = 58216, .adv_w = 389, .box_w = 22, .box_h = 15, .ofs_x = 1, .ofs_y = 0},
    {.bitmap_index = 58381, .adv_w = 255, .box_w = 14, .box_h = 15, .ofs_x = 1, .ofs_y = -1},
    {.bitmap_index = 58486, .adv_w = 327, .box_w = 18, .box_h = 15, .ofs_x = 1, .ofs_y = 0},
    {.bitmap_index = 58621, .adv_w = 305, .box_w = 15, .box_h = 15, .ofs_x = 2, .ofs_y = 0},
    {.bitmap_index = 58734, .adv_w = 321, .box_w = 18, .box_h = 14, .ofs_x = 1, .ofs_y = 1},
    {.bitmap_index = 58860, .adv_w = 276, .box_w = 15, .box_h = 13, .ofs_x = 1, .ofs_y = 2},
    {.bitmap_index = 58958, .adv_w = 293, .box_w = 16, .box_h = 15, .ofs_x = 1, .ofs_y = 0},
    {.bitmap_index = 59078, .adv_w = 293, .box_w = 16, .box_h = 15, .ofs_x = 1, .ofs_y = 0},
    {.bitmap_index = 59198, .adv_w = 293, .box_w = 16, .box_h = 15, .ofs_x = 1, .ofs_y = 0},
    {.bitmap_index = 59318, .adv_w = 161, .box_w = 6, .box_h = 7, .ofs_x = 2, .ofs_y = 2},
    {.bitmap_index = 59339, .adv_w = 331, .box_w = 19, .box_h = 16, .ofs_x = 1, .ofs_y = 0},
    {.bitmap_index = 59491, .adv_w = 331, .box_w = 19, .box_h = 16, .ofs_x = 1, .ofs_y = 0},
    {.bitmap_index = 59643, .adv_w = 301, .box_w = 16, .box_h = 19, .ofs_x = 2, .ofs_y = -2},
    {.bitmap_index = 59795, .adv_w = 301, .box_w = 16, .box_h = 19, .ofs_x = 2, .ofs_y = -2},
    {.bitmap_index = 59947, .adv_w = 301, .box_w = 16, .box_h = 19, .ofs_x = 2, .ofs_y = -2},
    {.bitmap_index = 60099, .adv_w = 301, .box_w = 16, .box_h = 19, .ofs_x = 2, .ofs_y = -2},
    {.bitmap_index = 60251, .adv_w = 331, .box_w = 19, .box_h = 16, .ofs_x = 1, .ofs_y = -1},
    {.bitmap_index = 60403, .adv_w = 331, .box_w = 19, .box_h = 16, .ofs_x = 1, .ofs_y = -1},
    {.bitmap_index = 60555, .adv_w = 301, .box_w = 16, .box_h = 19, .ofs_x = 1, .ofs_y = -2},
    {.bitmap_index = 60707, .adv_w = 301, .box_w = 16, .box_h = 19, .ofs_x = 1, .ofs_y = -2},
    {.bitmap_index = 60859, .adv_w = 301, .box_w = 16, .box_h = 19, .ofs_x = 1, .ofs_y = -2},
    {.bitmap_index = 61011, .adv_w = 301, .box_w = 16, .box_h = 19, .ofs_x = 1, .ofs_y = -2},
    {.bitmap_index = 61163, .adv_w = 338, .box_w = 20, .box_h = 20, .ofs_x = 1, .ofs_y = -3},
    {.bitmap_index = 61363, .adv_w = 338, .box_w = 20, .box_h = 20, .ofs_x = 1, .ofs_y = -3},
    {.bitmap_index = 61563, .adv_w = 187, .box_w = 11, .box_h = 15, .ofs_x = 0, .ofs_y = 0},
    {.bitmap_index = 61646, .adv_w = 293, .box_w = 16, .box_h = 16, .ofs_x = 1, .ofs_y = -1},
    {.bitmap_index = 61774, .adv_w = 293, .box_w = 16, .box_h = 16, .ofs_x = 1, .ofs_y = -1},
    {.bitmap_index = 61902, .adv_w = 161, .box_w = 8, .box_h = 7, .ofs_x = 1, .ofs_y = 2},
    {.bitmap_index = 61930, .adv_w = 445, .box_w = 28, .box_h = 28, .ofs_x = 0, .ofs_y = -7},
    {.bitmap_index = 62322, .adv_w = 342, .box_w = 19, .box_h = 19, .ofs_x = 1, .ofs_y = -2},
    {.bitmap_index = 62503, .adv_w = 334, .box_w = 19, .box_h = 18, .ofs_x = 1, .ofs_y = -1},
    {.bitmap_index = 62674, .adv_w = 334, .box_w = 19, .box_h = 18, .ofs_x = 1, .ofs_y = -1},
    {.bitmap_index = 62845, .adv_w = 342, .box_w = 19, .box_h = 19, .ofs_x = 1, .ofs_y = -2},
    {.bitmap_index = 63026, .adv_w = 327, .box_w = 18, .box_h = 16, .ofs_x = 1, .ofs_y = -1},
    {.bitmap_index = 63170, .adv_w = 327, .box_w = 18, .box_h = 16, .ofs_x = 1, .ofs_y = -1},
    {.bitmap_index = 63314, .adv_w = 245, .box_w = 15, .box_h = 17, .ofs_x = 0, .ofs_y = -2},
    {.bitmap_index = 63442, .adv_w = 316, .box_w = 19, .box_h = 19, .ofs_x = 0, .ofs_y = -2},
    {.bitmap_index = 63623, .adv_w = 328, .box_w = 20, .box_h = 17, .ofs_x = 0, .ofs_y = 0},
    {.bitmap_index = 63793, .adv_w = 283, .box_w = 15, .box_h = 11, .ofs_x = 2, .ofs_y = 1},
    {.bitmap_index = 63876, .adv_w = 283, .box_w = 12, .box_h = 11, .ofs_x = 3, .ofs_y = 1},
    {.bitmap_index = 63942, .adv_w = 338, .box_w = 20, .box_h = 20, .ofs_x = 1, .ofs_y = -3},
    {.bitmap_index = 64142, .adv_w = 327, .box_w = 18, .box_h = 16, .ofs_x = 1, .ofs_y = -1},
    {.bitmap_index = 64286, .adv_w = 445, .box_w = 28, .box_h = 28, .ofs_x = 0, .ofs_y = -7},
    {.bitmap_index = 64678, .adv_w = 445, .box_w = 28, .box_h = 28, .ofs_x = 0, .ofs_y = -7},
    {.bitmap_index = 65070, .adv_w = 445, .box_w = 28, .box_h = 28, .ofs_x = 0, .ofs_y = -7},
    {.bitmap_index = 65462, .adv_w = 445, .box_w = 28, .box_h = 28, .ofs_x = 0, .ofs_y = -7},
    {.bitmap_index = 65854, .adv_w = 445, .box_w = 28, .box_h = 28, .ofs_x = 0, .ofs_y = -7},
    {.bitmap_index = 66246, .adv_w = 445, .box_w = 28, .box_h = 28, .ofs_x = 0, .ofs_y = -7},
    {.bitmap_index = 66638, .adv_w = 445, .box_w = 28, .box_h = 28, .ofs_x = 0, .ofs_y = -7},
    {.bitmap_index = 67030, .adv_w = 445, .box_w = 28, .box_h = 28, .ofs_x = 0, .ofs_y = -7},
    {.bitmap_index = 67422, .adv_w = 445, .box_w = 28, .box_h = 28, .ofs_x = 0, .ofs_y = -7},
    {.bitmap_index = 67814, .adv_w = 320, .box_w = 20, .box_h = 21, .ofs_x = 0, .ofs_y = -3},
    {.bitmap_index = 68024, .adv_w = 320, .box_w = 22, .box_h = 19, .ofs_x = -1, .ofs_y = -2},
    {.bitmap_index = 68233, .adv_w = 360, .box_w = 22, .box_h = 21, .ofs_x = 0, .ofs_y = -3},
    {.bitmap_index = 68464, .adv_w = 320, .box_w = 20, .box_h = 15, .ofs_x = 0, .ofs_y = 0},
    {.bitmap_index = 68614, .adv_w = 320, .box_w = 20, .box_h = 19, .ofs_x = 0, .ofs_y = -2},
    {.bitmap_index = 68804, .adv_w = 320, .box_w = 20, .box_h = 15, .ofs_x = 0, .ofs_y = 0},
    {.bitmap_index = 68954, .adv_w = 220, .box_w = 14, .box_h = 15, .ofs_x = 0, .ofs_y = 0},
    {.bitmap_index = 69059, .adv_w = 320, .box_w = 20, .box_h = 21, .ofs_x = 0, .ofs_y = -3},
    {.bitmap_index = 69269, .adv_w = 320, .box_w = 20, .box_h = 21, .ofs_x = 0, .ofs_y = -3},
    {.bitmap_index = 69479, .adv_w = 360, .box_w = 23, .box_h = 19, .ofs_x = 0, .ofs_y = -2},
    {.bitmap_index = 69698, .adv_w = 320, .box_w = 20, .box_h = 21, .ofs_x = 0, .ofs_y = -3},
    {.bitmap_index = 69908, .adv_w = 320, .box_w = 20, .box_h = 21, .ofs_x = 0, .ofs_y = -3},
    {.bitmap_index = 70118, .adv_w = 360, .box_w = 23, .box_h = 15, .ofs_x = 0, .ofs_y = 0},
    {.bitmap_index = 70291, .adv_w = 320, .box_w = 20, .box_h = 21, .ofs_x = 0, .ofs_y = -3},
    {.bitmap_index = 70501, .adv_w = 160, .box_w = 10, .box_h = 16, .ofs_x = 0, .ofs_y = 0},
    {.bitmap_index = 70581, .adv_w = 240, .box_w = 15, .box_h = 16, .ofs_x = 0, .ofs_y = -1},
    {.bitmap_index = 70701, .adv_w = 360, .box_w = 23, .box_h = 19, .ofs_x = 0, .ofs_y = -2},
    {.bitmap_index = 70920, .adv_w = 320, .box_w = 20, .box_h = 19, .ofs_x = 0, .ofs_y = -2},
    {.bitmap_index = 71110, .adv_w = 320, .box_w = 20, .box_h = 15, .ofs_x = 0, .ofs_y = 0},
    {.bitmap_index = 71260, .adv_w = 220, .box_w = 14, .box_h = 21, .ofs_x = 0, .ofs_y = -3},
    {.bitmap_index = 71407, .adv_w = 280, .box_w = 13, .box_h = 19, .ofs_x = 2, .ofs_y = -2},
    {.bitmap_index = 71531, .adv_w = 280, .box_w = 18, .box_h = 21, .ofs_x = 0, .ofs_y = -3},
    {.bitmap_index = 71720, .adv_w = 280, .box_w = 18, .box_h = 19, .ofs_x = 0, .ofs_y = -2},
    {.bitmap_index = 71891, .adv_w = 280, .box_w = 18, .box_h = 19, .ofs_x = 0, .ofs_y = -2},
    {.bitmap_index = 72062, .adv_w = 280, .box_w = 13, .box_h = 19, .ofs_x = 2, .ofs_y = -2},
    {.bitmap_index = 72186, .adv_w = 280, .box_w = 19, .box_h = 19, .ofs_x = -1, .ofs_y = -2},
    {.bitmap_index = 72367, .adv_w = 200, .box_w = 11, .box_h = 19, .ofs_x = 1, .ofs_y = -2},
    {.bitmap_index = 72472, .adv_w = 200, .box_w = 11, .box_h = 19, .ofs_x = 1, .ofs_y = -2},
    {.bitmap_index = 72577, .adv_w = 280, .box_w = 18, .box_h = 19, .ofs_x = 0, .ofs_y = -2},
    {.bitmap_index = 72748, .adv_w = 280, .box_w = 18, .box_h = 5, .ofs_x = 0, .ofs_y = 5},
    {.bitmap_index = 72793, .adv_w = 320, .box_w = 20, .box_h = 19, .ofs_x = 0, .ofs_y = -2},
    {.bitmap_index = 72983, .adv_w = 240, .box_w = 15, .box_h = 21, .ofs_x = 0, .ofs_y = -3},
    {.bitmap_index = 73141, .adv_w = 360, .box_w = 23, .box_h = 15, .ofs_x = 0, .ofs_y = 0},
    {.bitmap_index = 73314, .adv_w = 400, .box_w = 26, .box_h = 21, .ofs_x = -1, .ofs_y = -3},
    {.bitmap_index = 73587, .adv_w = 360, .box_w = 24, .box_h = 21, .ofs_x = -1, .ofs_y = -3},
    {.bitmap_index = 73839, .adv_w = 360, .box_w = 24, .box_h = 21, .ofs_x = -1, .ofs_y = -3},
    {.bitmap_index = 74091, .adv_w = 320, .box_w = 20, .box_h = 19, .ofs_x = 0, .ofs_y = -2},
    {.bitmap_index = 74281, .adv_w = 280, .box_w = 18, .box_h = 11, .ofs_x = 0, .ofs_y = 2},
    {.bitmap_index = 74380, .adv_w = 280, .box_w = 18, .box_h = 11, .ofs_x = 0, .ofs_y = 2},
    {.bitmap_index = 74479, .adv_w = 400, .box_w = 26, .box_h = 16, .ofs_x = 0, .ofs_y = -1},
    {.bitmap_index = 74687, .adv_w = 360, .box_w = 24, .box_h = 21, .ofs_x = -1, .ofs_y = -3},
    {.bitmap_index = 74939, .adv_w = 320, .box_w = 20, .box_h = 15, .ofs_x = 0, .ofs_y = 0},
    {.bitmap_index = 75089, .adv_w = 360, .box_w = 23, .box_h = 21, .ofs_x = 0, .ofs_y = -3},
    {.bitmap_index = 75331, .adv_w = 320, .box_w = 20, .box_h = 21, .ofs_x = 0, .ofs_y = -3},
    {.bitmap_index = 75541, .adv_w = 320, .box_w = 21, .box_h = 21, .ofs_x = -1, .ofs_y = -3},
    {.bitmap_index = 75762, .adv_w = 320, .box_w = 20, .box_h = 15, .ofs_x = 0, .ofs_y = 0},
    {.bitmap_index = 75912, .adv_w = 240, .box_w = 15, .box_h = 21, .ofs_x = 0, .ofs_y = -3},
    {.bitmap_index = 76070, .adv_w = 400, .box_w = 25, .box_h = 19, .ofs_x = 0, .ofs_y = -2},
    {.bitmap_index = 76308, .adv_w = 280, .box_w = 18, .box_h = 19, .ofs_x = 0, .ofs_y = -2},
    {.bitmap_index = 76479, .adv_w = 280, .box_w = 18, .box_h = 21, .ofs_x = 0, .ofs_y = -3},
    {.bitmap_index = 76668, .adv_w = 280, .box_w = 18, .box_h = 19, .ofs_x = 0, .ofs_y = -2},
    {.bitmap_index = 76839, .adv_w = 280, .box_w = 18, .box_h = 17, .ofs_x = 0, .ofs_y = -1},
    {.bitmap_index = 76992, .adv_w = 320, .box_w = 20, .box_h = 15, .ofs_x = 0, .ofs_y = 0},
    {.bitmap_index = 77142, .adv_w = 200, .box_w = 14, .box_h = 21, .ofs_x = -1, .ofs_y = -3},
    {.bitmap_index = 77289, .adv_w = 360, .box_w = 24, .box_h = 21, .ofs_x = -1, .ofs_y = -3},
    {.bitmap_index = 77541, .adv_w = 280, .box_w = 18, .box_h = 21, .ofs_x = 0, .ofs_y = -3},
    {.bitmap_index = 77730, .adv_w = 280, .box_w = 18, .box_h = 21, .ofs_x = 0, .ofs_y = -3},
    {.bitmap_index = 77919, .adv_w = 400, .box_w = 27, .box_h = 19, .ofs_x = -1, .ofs_y = -2},
    {.bitmap_index = 78176, .adv_w = 280, .box_w = 18, .box_h = 19, .ofs_x = 0, .ofs_y = -2},
    {.bitmap_index = 78347, .adv_w = 310, .box_w = 20, .box_h = 21, .ofs_x = 0, .ofs_y = -3},
    {.bitmap_index = 78557, .adv_w = 310, .box_w = 20, .box_h = 21, .ofs_x = 0, .ofs_y = -3},
    {.bitmap_index = 78767, .adv_w = 310, .box_w = 20, .box_h = 21, .ofs_x = 0, .ofs_y = -3},
    {.bitmap_index = 78977, .adv_w = 360, .box_w = 23, .box_h = 15, .ofs_x = 0, .ofs_y = 0},
    {.bitmap_index = 79150, .adv_w = 320, .box_w = 22, .box_h = 21, .ofs_x = -1, .ofs_y = -3},
    {.bitmap_index = 79381, .adv_w = 320, .box_w = 20, .box_h = 21, .ofs_x = 0, .ofs_y = -3},
    {.bitmap_index = 79591, .adv_w = 240, .box_w = 15, .box_h = 21, .ofs_x = 0, .ofs_y = -3},
    {.bitmap_index = 79749, .adv_w = 320, .box_w = 20, .box_h = 21, .ofs_x = 0, .ofs_y = -3},
    {.bitmap_index = 79959, .adv_w = 320, .box_w = 20, .box_h = 21, .ofs_x = 0, .ofs_y = -3},
    {.bitmap_index = 80169, .adv_w = 320, .box_w = 20, .box_h = 21, .ofs_x = 0, .ofs_y = -3},
    {.bitmap_index = 80379, .adv_w = 320, .box_w = 19, .box_h = 21, .ofs_x = 1, .ofs_y = -3},
    {.bitmap_index = 80579, .adv_w = 320, .box_w = 21, .box_h = 15, .ofs_x = 0, .ofs_y = 0},
    {.bitmap_index = 80737, .adv_w = 240, .box_w = 16, .box_h = 21, .ofs_x = -1, .ofs_y = -3},
    {.bitmap_index = 80905, .adv_w = 320, .box_w = 20, .box_h = 21, .ofs_x = 0, .ofs_y = -3},
    {.bitmap_index = 81115, .adv_w = 320, .box_w = 20, .box_h = 21, .ofs_x = 0, .ofs_y = -3},
    {.bitmap_index = 81325, .adv_w = 400, .box_w = 25, .box_h = 19, .ofs_x = 0, .ofs_y = -2},
    {.bitmap_index = 81563, .adv_w = 280, .box_w = 18, .box_h = 21, .ofs_x = 0, .ofs_y = -3},
    {.bitmap_index = 81752, .adv_w = 400, .box_w = 25, .box_h = 15, .ofs_x = 0, .ofs_y = 0},
    {.bitmap_index = 81940, .adv_w = 400, .box_w = 25, .box_h = 13, .ofs_x = 0, .ofs_y = 1},
    {.bitmap_index = 82103, .adv_w = 400, .box_w = 25, .box_h = 13, .ofs_x = 0, .ofs_y = 1},
    {.bitmap_index = 82266, .adv_w = 400, .box_w = 25, .box_h = 13, .ofs_x = 0, .ofs_y = 1},
    {.bitmap_index = 82429, .adv_w = 400, .box_w = 25, .box_h = 13, .ofs_x = 0, .ofs_y = 1},
    {.bitmap_index = 82592, .adv_w = 400, .box_w = 25, .box_h = 13, .ofs_x = 0, .ofs_y = 1},
    {.bitmap_index = 82755, .adv_w = 280, .box_w = 19, .box_h = 21, .ofs_x = -1, .ofs_y = -3},
    {.bitmap_index = 82955, .adv_w = 400, .box_w = 26, .box_h = 17, .ofs_x = 0, .ofs_y = -1},
    {.bitmap_index = 83176, .adv_w = 280, .box_w = 16, .box_h = 21, .ofs_x = 1, .ofs_y = -3},
    {.bitmap_index = 83344, .adv_w = 280, .box_w = 19, .box_h = 21, .ofs_x = -1, .ofs_y = -3},
    {.bitmap_index = 83544, .adv_w = 260, .box_w = 17, .box_h = 21, .ofs_x = 0, .ofs_y = -3},
    {.bitmap_index = 83723, .adv_w = 280, .box_w = 18, .box_h = 21, .ofs_x = 0, .ofs_y = -3},
    {.bitmap_index = 83912, .adv_w = 320, .box_w = 20, .box_h = 21, .ofs_x = 0, .ofs_y = -3},
    {.bitmap_index = 84122, .adv_w = 320, .box_w = 21, .box_h = 21, .ofs_x = -1, .ofs_y = -3},
    {.bitmap_index = 84343, .adv_w = 360, .box_w = 23, .box_h = 21, .ofs_x = 0, .ofs_y = -3},
    {.bitmap_index = 84585, .adv_w = 240, .box_w = 15, .box_h = 21, .ofs_x = 0, .ofs_y = -3},
    {.bitmap_index = 84743, .adv_w = 400, .box_w = 25, .box_h = 19, .ofs_x = 0, .ofs_y = -2},
    {.bitmap_index = 84981, .adv_w = 400, .box_w = 25, .box_h = 19, .ofs_x = 0, .ofs_y = -3},
    {.bitmap_index = 85219, .adv_w = 320, .box_w = 20, .box_h = 19, .ofs_x = 0, .ofs_y = -2},
    {.bitmap_index = 85409, .adv_w = 310, .box_w = 20, .box_h = 21, .ofs_x = 0, .ofs_y = -3},
    {.bitmap_index = 85619, .adv_w = 320, .box_w = 20, .box_h = 21, .ofs_x = 0, .ofs_y = -3},
    {.bitmap_index = 85829, .adv_w = 310, .box_w = 20, .box_h = 20, .ofs_x = 0, .ofs_y = -3},
    {.bitmap_index = 86029, .adv_w = 400, .box_w = 25, .box_h = 15, .ofs_x = 0, .ofs_y = 0},
    {.bitmap_index = 86217, .adv_w = 310, .box_w = 20, .box_h = 21, .ofs_x = 0, .ofs_y = -3},
    {.bitmap_index = 86427, .adv_w = 310, .box_w = 20, .box_h = 21, .ofs_x = 0, .ofs_y = -3},
    {.bitmap_index = 86637, .adv_w = 310, .box_w = 20, .box_h = 21, .ofs_x = 0, .ofs_y = -3},
    {.bitmap_index = 86847, .adv_w = 310, .box_w = 20, .box_h = 21, .ofs_x = 0, .ofs_y = -3},
    {.bitmap_index = 87057, .adv_w = 310, .box_w = 20, .box_h = 21, .ofs_x = 0, .ofs_y = -3},
    {.bitmap_index = 87267, .adv_w = 310, .box_w = 20, .box_h = 21, .ofs_x = 0, .ofs_y = -3},
    {.bitmap_index = 87477, .adv_w = 315, .box_w = 20, .box_h = 21, .ofs_x = 0, .ofs_y = -3},
    {.bitmap_index = 87687, .adv_w = 310, .box_w = 20, .box_h = 21, .ofs_x = 0, .ofs_y = -3},
    {.bitmap_index = 87897, .adv_w = 320, .box_w = 20, .box_h = 21, .ofs_x = 0, .ofs_y = -3},
    {.bitmap_index = 88107, .adv_w = 310, .box_w = 20, .box_h = 21, .ofs_x = 0, .ofs_y = -3},
    {.bitmap_index = 88317, .adv_w = 400, .box_w = 25, .box_h = 21, .ofs_x = 0, .ofs_y = -3},
    {.bitmap_index = 88580, .adv_w = 310, .box_w = 20, .box_h = 21, .ofs_x = 0, .ofs_y = -3},
    {.bitmap_index = 88790, .adv_w = 310, .box_w = 20, .box_h = 21, .ofs_x = 0, .ofs_y = -3},
    {.bitmap_index = 89000, .adv_w = 310, .box_w = 20, .box_h = 21, .ofs_x = 0, .ofs_y = -3},
    {.bitmap_index = 89210, .adv_w = 310, .box_w = 20, .box_h = 21, .ofs_x = 0, .ofs_y = -3},
    {.bitmap_index = 89420, .adv_w = 310, .box_w = 20, .box_h = 21, .ofs_x = 0, .ofs_y = -3},
    {.bitmap_index = 89630, .adv_w = 310, .box_w = 20, .box_h = 21, .ofs_x = 0, .ofs_y = -3},
    {.bitmap_index = 89840, .adv_w = 310, .box_w = 20, .box_h = 21, .ofs_x = 0, .ofs_y = -3},
    {.bitmap_index = 90050, .adv_w = 310, .box_w = 20, .box_h = 21, .ofs_x = 0, .ofs_y = -3},
    {.bitmap_index = 90260, .adv_w = 310, .box_w = 20, .box_h = 21, .ofs_x = 0, .ofs_y = -3},
    {.bitmap_index = 90470, .adv_w = 310, .box_w = 20, .box_h = 21, .ofs_x = 0, .ofs_y = -3},
    {.bitmap_index = 90680, .adv_w = 310, .box_w = 20, .box_h = 21, .ofs_x = 0, .ofs_y = -3},
    {.bitmap_index = 90890, .adv_w = 310, .box_w = 20, .box_h = 21, .ofs_x = 0, .ofs_y = -3},
    {.bitmap_index = 91100, .adv_w = 400, .box_w = 25, .box_h = 21, .ofs_x = 0, .ofs_y = -3},
    {.bitmap_index = 91363, .adv_w = 320, .box_w = 20, .box_h = 20, .ofs_x = 0, .ofs_y = -3},
    {.bitmap_index = 91563, .adv_w = 320, .box_w = 20, .box_h = 20, .ofs_x = 0, .ofs_y = -3},
    {.bitmap_index = 91763, .adv_w = 240, .box_w = 15, .box_h = 21, .ofs_x = 0, .ofs_y = -3},
    {.bitmap_index = 91921, .adv_w = 260, .box_w = 17, .box_h = 21, .ofs_x = 0, .ofs_y = -3},
    {.bitmap_index = 92100, .adv_w = 400, .box_w = 27, .box_h = 21, .ofs_x = -1, .ofs_y = -3},
    {.bitmap_index = 92384, .adv_w = 320, .box_w = 22, .box_h = 19, .ofs_x = -1, .ofs_y = -2},
    {.bitmap_index = 92593, .adv_w = 240, .box_w = 15, .box_h = 21, .ofs_x = 0, .ofs_y = -3},
    {.bitmap_index = 92751, .adv_w = 322, .box_w = 21, .box_h = 13, .ofs_x = 0, .ofs_y = 1}
};

/*---------------------
 *  CHARACTER MAPPING
 *--------------------*/

static const uint8_t glyph_id_ofs_list_5[] = {
    0, 1, 2, 0, 0, 0, 3, 4,
    5, 6, 7, 8, 0, 0, 0, 0,
    9, 10, 11, 12, 13, 14, 15, 0,
    16
};

static const uint16_t unicode_list_8[] = {
    0x0, 0x1, 0x14, 0x15, 0x16, 0x17, 0x18, 0x19,
    0x1a, 0x1d, 0x1e, 0x20, 0x21, 0x22, 0x23
};

static const uint16_t unicode_list_11[] = {
    0x0, 0x19, 0x1a
};

static const uint16_t unicode_list_15[] = {
    0x0, 0x1, 0x2, 0x3, 0x4, 0x7, 0x8, 0x9,
    0xb, 0xc, 0xd, 0xe, 0xf, 0x4f, 0x50, 0x52,
    0x54, 0x55, 0x58, 0x62, 0x65, 0x66, 0x6d, 0x6e,
    0x6f, 0x70, 0x71, 0x75, 0x79, 0x7a, 0x7d, 0x81,
    0x8a, 0x9c
};

static const uint16_t unicode_list_17[] = {
    0x0, 0x1, 0x2, 0x3, 0x6, 0xd, 0xe, 0xf,
    0x10, 0x11, 0x12, 0x13, 0x14, 0x15, 0x16, 0x26,
    0x27, 0x2d, 0x2e, 0x30, 0x31, 0x32, 0x37, 0x38,
    0x4d, 0x4f, 0x51, 0x5b, 0x5c, 0x61, 0x62, 0x64,
    0x67, 0x7f, 0x82, 0x83, 0x8c, 0x8e, 0x8f, 0x97,
    0x9b, 0xa8, 0xb3, 0xc5, 0xdd, 0xe1, 0xe2, 0x112,
    0x113, 0x114, 0x115, 0x180, 0x181, 0x182, 0x195, 0x1a2,
    0x1a3, 0x1a4, 0x1a8, 0x1fd, 0x204, 0x208, 0x24b, 0x24c,
    0x41d, 0x41e, 0x41f, 0x427, 0x42f, 0x430, 0x433, 0x434,
    0x437, 0x438, 0x439, 0x43a, 0x43d, 0x43e, 0x441, 0x442,
    0x443, 0x444, 0x447, 0x448, 0x44c, 0x463, 0x46c, 0x47d,
    0x482, 0x483, 0x4b9, 0x4de, 0x4e2, 0x4e7, 0x4e8, 0x51d,
    0x590, 0x594, 0x5d3, 0x5e1, 0x5fd, 0x5fe, 0x5ff, 0x600,
    0x601, 0x602, 0x603, 0x604, 0x605, 0xce7e, 0xce81, 0xce82,
    0xce85, 0xce88, 0xce89, 0xce8a, 0xce8e, 0xce90, 0xce92, 0xce94,
    0xce96, 0xce99, 0xce9e, 0xcea3, 0xcea4, 0xcea5, 0xcead, 0xcebb,
    0xcec0, 0xcec5, 0xcec8, 0xcec9, 0xceca, 0xcece, 0xcecf, 0xced0,
    0xced1, 0xcee4, 0xcee5, 0xcee8, 0xceea, 0xceeb, 0xceed, 0xceee,
    0xceef, 0xcef1, 0xcef4, 0xcef5, 0xcef6, 0xcef7, 0xcef8, 0xcf0e,
    0xcf10, 0xcf12, 0xcf21, 0xcf23, 0xcf3f, 0xcf41, 0xcf42, 0xcf44,
    0xcf46, 0xcf5d, 0xcf64, 0xcf66, 0xcf67, 0xcf70, 0xcf71, 0xcf79,
    0xcf95, 0xcf96, 0xcf97, 0xcf99, 0xcfa1, 0xcfb2, 0xcfd8, 0xcfe1,
    0xcfe2, 0xd002, 0xd003, 0xd036, 0xd038, 0xd05f, 0xd060, 0xd068,
    0xd07a, 0xd0b3, 0xd0bd, 0xd0be, 0xd0bf, 0xd0c0, 0xd0c1, 0xd0d8,
    0xd104, 0xd110, 0xd159, 0xd164, 0xd16a, 0xd17b, 0xd181, 0xd222,
    0xd242, 0xd2c8, 0xd33f, 0xd355, 0xd357, 0xd3c9, 0xd3d3, 0xd3d7,
    0xd3e4, 0xd3f6, 0xd3f7, 0xd3fc, 0xd3fd, 0xd3ff, 0xd400, 0xd401,
    0xd403, 0xd404, 0xd405, 0xd406, 0xd408, 0xd409, 0xd413, 0xd418,
    0xd421, 0xd422, 0xd430, 0xd431, 0xd435, 0xd43f, 0xd445, 0xd501,
    0xd53b, 0xd550, 0xd55f, 0xd589, 0xd61c, 0xd626, 0xd63f, 0xd71f
};

/*Collect the unicode lists and glyph_id offsets*/
static const lv_font_fmt_txt_cmap_t cmaps[] =
{
    {
        .range_start = 32, .range_length = 95, .glyph_id_start = 1,
        .unicode_list = NULL, .glyph_id_ofs_list = NULL, .list_length = 0, .type = LV_FONT_FMT_TXT_CMAP_FORMAT0_TINY
    },
    {
        .range_start = 160, .range_length = 13, .glyph_id_start = 96,
        .unicode_list = NULL, .glyph_id_ofs_list = NULL, .list_length = 0, .type = LV_FONT_FMT_TXT_CMAP_FORMAT0_TINY
    },
    {
        .range_start = 174, .range_length = 155, .glyph_id_start = 109,
        .unicode_list = NULL, .glyph_id_ofs_list = NULL, .list_length = 0, .type = LV_FONT_FMT_TXT_CMAP_FORMAT0_TINY
    },
    {
        .range_start = 330, .range_length = 54, .glyph_id_start = 264,
        .unicode_list = NULL, .glyph_id_ofs_list = NULL, .list_length = 0, .type = LV_FONT_FMT_TXT_CMAP_FORMAT0_TINY
    },
    {
        .range_start = 536, .range_length = 4, .glyph_id_start = 318,
        .unicode_list = NULL, .glyph_id_ofs_list = NULL, .list_length = 0, .type = LV_FONT_FMT_TXT_CMAP_FORMAT0_TINY
    },
    {
        .range_start = 884, .range_length = 25, .glyph_id_start = 322,
        .unicode_list = NULL, .glyph_id_ofs_list = glyph_id_ofs_list_5, .list_length = 25, .type = LV_FONT_FMT_TXT_CMAP_FORMAT0_FULL
    },
    {
        .range_start = 910, .range_length = 20, .glyph_id_start = 339,
        .unicode_list = NULL, .glyph_id_ofs_list = NULL, .list_length = 0, .type = LV_FONT_FMT_TXT_CMAP_FORMAT0_TINY
    },
    {
        .range_start = 931, .range_length = 53, .glyph_id_start = 359,
        .unicode_list = NULL, .glyph_id_ofs_list = NULL, .list_length = 0, .type = LV_FONT_FMT_TXT_CMAP_FORMAT0_TINY
    },
    {
        .range_start = 988, .range_length = 36, .glyph_id_start = 412,
        .unicode_list = unicode_list_8, .glyph_id_ofs_list = NULL, .list_length = 15, .type = LV_FONT_FMT_TXT_CMAP_SPARSE_TINY
    },
    {
        .range_start = 8208, .range_length = 24, .glyph_id_start = 427,
        .unicode_list = NULL, .glyph_id_ofs_list = NULL, .list_length = 0, .type = LV_FONT_FMT_TXT_CMAP_FORMAT0_TINY
    },
    {
        .range_start = 8239, .range_length = 39, .glyph_id_start = 451,
        .unicode_list = NULL, .glyph_id_ofs_list = NULL, .list_length = 0, .type = LV_FONT_FMT_TXT_CMAP_FORMAT0_TINY
    },
    {
        .range_start = 8279, .range_length = 27, .glyph_id_start = 490,
        .unicode_list = unicode_list_11, .glyph_id_ofs_list = NULL, .list_length = 3, .type = LV_FONT_FMT_TXT_CMAP_SPARSE_TINY
    },
    {
        .range_start = 8308, .range_length = 27, .glyph_id_start = 493,
        .unicode_list = NULL, .glyph_id_ofs_list = NULL, .list_length = 0, .type = LV_FONT_FMT_TXT_CMAP_FORMAT0_TINY
    },
    {
        .range_start = 8336, .range_length = 13, .glyph_id_start = 520,
        .unicode_list = NULL, .glyph_id_ofs_list = NULL, .list_length = 0, .type = LV_FONT_FMT_TXT_CMAP_FORMAT0_TINY
    },
    {
        .range_start = 8352, .range_length = 16, .glyph_id_start = 533,
        .unicode_list = NULL, .glyph_id_ofs_list = NULL, .list_length = 0, .type = LV_FONT_FMT_TXT_CMAP_FORMAT0_TINY
    },
    {
        .range_start = 8369, .range_length = 157, .glyph_id_start = 549,
        .unicode_list = unicode_list_15, .glyph_id_ofs_list = NULL, .list_length = 34, .type = LV_FONT_FMT_TXT_CMAP_SPARSE_TINY
    },
    {
        .range_start = 8528, .range_length = 48, .glyph_id_start = 583,
        .unicode_list = NULL, .glyph_id_ofs_list = NULL, .list_length = 0, .type = LV_FONT_FMT_TXT_CMAP_FORMAT0_TINY
    },
    {
        .range_start = 8579, .range_length = 55072, .glyph_id_start = 631,
        .unicode_list = unicode_list_17, .glyph_id_ofs_list = NULL, .list_length = 240, .type = LV_FONT_FMT_TXT_CMAP_SPARSE_TINY
    }
};

/*-----------------
 *    KERNING
 *----------------*/


/*Map glyph_ids to kern left classes*/
static const uint8_t kern_left_class_mapping[] =
{
    0, 0, 0, 1, 0, 2, 3, 4,
    1, 5, 6, 7, 8, 9, 8, 9,
    10, 11, 12, 13, 14, 15, 16, 17,
    18, 14, 11, 19, 19, 0, 20, 21,
    22, 23, 0, 0, 0, 0, 0, 0,
    0, 0, 0, 0, 0, 0, 0, 0,
    0, 0, 0, 0, 0, 0, 0, 0,
    0, 0, 0, 0, 5, 24, 6, 7,
    25, 0, 0, 0, 0, 0, 0, 0,
    0, 0, 0, 0, 0, 0, 0, 0,
    0, 0, 0, 0, 0, 0, 0, 0,
    0, 0, 0, 0, 5, 12, 6, 8,
    0, 26, 27, 0, 0, 0, 0, 0,
    0, 23, 0, 28, 29, 30, 0, 7,
    20, 31, 32, 0, 33, 12, 34, 0,
    35, 0, 36, 0, 0, 0, 37, 0,
    0, 0, 0, 0, 0, 0, 0, 0,
    0, 0, 0, 0, 0, 0, 0, 0,
    0, 0, 0, 0, 0, 0, 38, 0,
    0, 0, 0, 0, 0, 0, 0, 0,
    0, 0, 0, 0, 0, 0, 0, 0,
    0, 0, 0, 0, 0, 0, 0, 0,
    0, 0, 0, 0, 0, 0, 8, 0,
    0, 0, 0, 0, 0, 0, 0, 0,
    0, 0, 0, 0, 0, 0, 0, 0,
    0, 0, 0, 0, 0, 0, 0, 0,
    0, 0, 0, 0, 0, 0, 0, 0,
    0, 0, 0, 0, 0, 0, 0, 0,
    0, 0, 0, 0, 0, 0, 0, 0,
    0, 0, 0, 0, 0, 0, 0, 0,
    0, 0, 0, 0, 0, 0, 0, 0,
    0, 0, 0, 0, 0, 0, 0, 0,
    0, 0, 0, 0, 0, 0, 0, 0,
    0, 0, 0, 0, 0, 0, 0, 0,
    0, 0, 0, 0, 0, 0, 0, 0,
    0, 0, 0, 0, 0, 0, 0, 0,
    0, 0, 0, 0, 0, 0, 0, 0,
    0, 0, 0, 0, 0, 0, 0, 0,
    0, 0, 0, 0, 0, 0, 0, 0,
    0, 0, 0, 0, 0, 0, 0, 0,
    0, 0, 0, 0, 0, 0, 0, 0,
    0, 0, 0, 0, 0, 0, 1, 0,
    0, 0, 0, 0, 0, 0, 0, 0,
    0, 39, 0, 0, 0, 0, 0, 0,
    0, 0, 0, 0, 0, 0, 0, 0,
    0, 0, 0, 0, 0, 0, 0, 0,
    0, 0, 0, 0, 0, 0, 0, 0,
    0, 0, 0, 0, 0, 0, 0, 0,
    0, 0, 0, 0, 0, 0, 0, 0,
    0, 0, 0, 0, 0, 0, 0, 0,
    0, 0, 0, 0, 0, 0, 0, 0,
    0, 0, 0, 0, 0, 0, 0, 0,
    0, 0, 0, 0, 0, 0, 0, 0,
    0, 0, 0, 0, 0, 0, 0, 0,
    0, 0, 0, 40, 41, 42, 0, 40,
    41, 42, 0, 43, 43, 44, 44, 0,
    0, 45, 0, 0, 0, 0, 0, 0,
    41, 0, 0, 0, 0, 28, 36, 0,
    0, 22, 0, 0, 0, 0, 0, 44,
    0, 0, 0, 0, 0, 0, 0, 46,
    47, 44, 0, 19, 0, 0, 0, 0,
    0, 0, 0, 32, 0, 48, 32, 32,
    49, 32, 32, 50, 50, 0, 0, 0,
    0, 51, 51, 51, 51, 51, 52, 51,
    53, 51, 51, 51, 51, 51, 51, 51,
    0, 0, 0, 0, 0, 0, 0, 0,
    0, 0, 0, 0, 0, 0, 54, 0,
    0, 0, 0, 0, 55, 56, 0, 0,
    0, 0, 0, 0, 27, 0, 57, 0,
    0, 54, 0, 0, 0, 0, 58, 0,
    59, 0, 0, 0, 0, 0, 0, 0,
    0, 0, 30, 60, 60, 0, 0, 43,
    0, 0, 0, 0, 0, 0, 0, 0,
    0, 0, 0, 0, 0, 0, 0, 0,
    0, 0, 0, 0, 0, 0, 0, 0,
    0, 0, 0, 0, 0, 0, 0, 0,
    0, 0, 0, 0, 0, 0, 0, 0,
    0, 0, 0, 0, 0, 0, 0, 0,
    0, 0, 0, 0, 0, 0, 0, 0,
    0, 0, 0, 0, 8, 0, 0, 0,
    0, 0, 0, 0, 0, 0, 0, 0,
    0, 0, 0, 0, 0, 0, 0, 20,
    0, 0, 0, 0, 0, 0, 0, 0,
    0, 0, 39, 0, 0, 8, 0, 0,
    0, 0, 20, 20, 20, 20, 0, 0,
    0, 0, 0, 0, 0, 0, 0, 0,
    12, 0, 0, 0, 0, 0, 0, 12,
    12, 12, 0, 39, 39, 0, 0, 0,
    0, 0, 0, 0, 0, 0, 0, 0,
    0, 0, 23, 23, 44, 0, 0, 0,
    0, 0, 0, 0, 23, 12, 39, 0,
    0, 0, 0, 0, 0, 0, 0, 0,
    0, 0, 0, 0, 0, 0, 0, 0,
    0, 0, 0, 0, 0, 0, 0, 0,
    0, 0, 0, 0, 0, 0, 0, 0,
    0, 0, 0, 0, 0, 0, 0, 0,
    0, 0, 0, 0, 0, 0, 0, 0,
    0, 0, 0, 0, 0, 0, 0, 0,
    0, 0, 0, 0, 0, 0, 0, 0,
    0, 0, 0, 0, 0, 0, 0, 0,
    0, 0, 0, 0, 0, 0, 0, 0,
    0, 0, 0, 0, 0, 0, 0, 0,
    0, 0, 0, 0, 0, 0, 0, 0,
    0, 0, 0, 0, 0, 0, 0, 0,
    0, 0, 0, 0, 0, 0, 0, 0,
    0, 0, 0, 0, 0, 0, 0, 0,
    0, 0, 0, 0, 0, 0, 0, 0,
    0, 0, 0, 0, 0, 0, 0, 0,
    0, 0, 0, 0, 0, 0, 0
};

/*Map glyph_ids to kern right classes*/
static const uint8_t kern_right_class_mapping[] =
{
    0, 1, 2, 3, 4, 5, 0, 6,
    3, 0, 7, 8, 9, 10, 9, 11,
    12, 13, 14, 15, 16, 17, 18, 13,
    19, 20, 21, 22, 22, 23, 24, 0,
    25, 26, 0, 0, 0, 0, 0, 0,
    0, 0, 0, 0, 0, 0, 0, 0,
    0, 0, 0, 0, 0, 0, 0, 0,
    0, 0, 0, 0, 0, 27, 7, 8,
    28, 0, 0, 0, 0, 0, 0, 0,
    0, 0, 0, 0, 0, 0, 0, 0,
    0, 0, 0, 0, 0, 0, 0, 0,
    0, 0, 0, 0, 0, 29, 7, 30,
    0, 0, 31, 0, 0, 0, 0, 0,
    0, 26, 0, 32, 33, 34, 0, 8,
    24, 35, 0, 0, 36, 37, 9, 0,
    38, 0, 39, 0, 0, 0, 40, 0,
    0, 0, 0, 0, 0, 0, 0, 0,
    0, 0, 0, 0, 0, 0, 0, 0,
    0, 0, 0, 0, 0, 0, 41, 0,
    0, 0, 0, 0, 0, 0, 0, 0,
    0, 0, 0, 0, 0, 0, 0, 0,
    0, 0, 0, 0, 0, 0, 0, 0,
    0, 0, 0, 0, 0, 0, 9, 0,
    0, 0, 0, 0, 0, 0, 0, 0,
    0, 0, 0, 0, 0, 0, 0, 0,
    0, 0, 0, 0, 0, 0, 0, 0,
    0, 0, 0, 0, 0, 0, 0, 0,
    0, 0, 0, 0, 0, 0, 0, 0,
    0, 0, 0, 0, 0, 0, 0, 0,
    0, 0, 0, 0, 0, 0, 0, 0,
    0, 0, 0, 0, 0, 0, 0, 0,
    0, 0, 0, 0, 0, 0, 0, 0,
    0, 0, 0, 0, 0, 0, 0, 0,
    0, 0, 0, 0, 0, 0, 0, 0,
    0, 0, 0, 0, 0, 0, 0, 0,
    0, 0, 0, 0, 0, 0, 0, 0,
    0, 0, 0, 0, 0, 0, 0, 0,
    0, 0, 0, 0, 0, 0, 0, 0,
    0, 0, 0, 0, 0, 0, 0, 0,
    0, 0, 0, 0, 0, 0, 0, 0,
    0, 0, 0, 0, 0, 0, 0, 0,
    0, 0, 0, 0, 0, 0, 3, 0,
    0, 0, 0, 0, 0, 0, 0, 0,
    0, 42, 0, 0, 0, 0, 0, 0,
    0, 0, 0, 0, 0, 0, 0, 0,
    0, 0, 0, 0, 0, 0, 0, 0,
    0, 0, 0, 0, 0, 0, 0, 0,
    0, 0, 0, 0, 0, 0, 0, 0,
    0, 0, 0, 0, 0, 0, 0, 0,
    0, 0, 0, 0, 0, 0, 0, 0,
    0, 0, 0, 0, 0, 0, 0, 0,
    0, 0, 0, 0, 0, 0, 0, 0,
    0, 0, 0, 0, 0, 0, 0, 0,
    0, 0, 0, 0, 0, 0, 0, 0,
    0, 0, 0, 43, 44, 45, 46, 43,
    44, 45, 47, 48, 48, 41, 41, 0,
    0, 49, 0, 0, 0, 0, 0, 0,
    44, 0, 0, 0, 0, 32, 39, 0,
    0, 25, 0, 0, 0, 0, 0, 41,
    5, 0, 0, 0, 0, 0, 50, 29,
    41, 51, 0, 22, 0, 0, 0, 0,
    0, 0, 0, 0, 0, 52, 0, 0,
    53, 0, 54, 0, 0, 0, 0, 55,
    0, 56, 56, 56, 56, 57, 0, 56,
    58, 56, 56, 56, 56, 56, 56, 56,
    0, 0, 0, 0, 0, 0, 0, 0,
    0, 0, 0, 0, 0, 0, 26, 0,
    0, 0, 0, 0, 29, 29, 0, 0,
    31, 0, 0, 0, 0, 0, 26, 0,
    0, 26, 59, 0, 0, 0, 0, 0,
    29, 0, 0, 0, 0, 0, 0, 0,
    0, 29, 34, 29, 29, 0, 0, 48,
    0, 0, 0, 0, 0, 0, 0, 0,
    0, 0, 0, 0, 0, 0, 0, 0,
    0, 0, 0, 0, 0, 0, 0, 0,
    0, 0, 0, 0, 0, 0, 0, 0,
    0, 0, 0, 0, 0, 0, 0, 0,
    0, 0, 0, 0, 0, 0, 0, 0,
    0, 0, 0, 0, 0, 0, 0, 0,
    0, 0, 0, 0, 0, 0, 9, 0,
    0, 0, 0, 0, 0, 0, 0, 0,
    0, 0, 0, 0, 0, 0, 0, 0,
    24, 0, 0, 0, 0, 0, 0, 0,
    0, 0, 42, 0, 0, 9, 0, 0,
    60, 22, 24, 24, 24, 24, 0, 0,
    0, 0, 0, 0, 0, 0, 61, 0,
    29, 0, 0, 0, 0, 0, 0, 29,
    29, 29, 0, 42, 42, 0, 0, 0,
    0, 0, 0, 0, 0, 0, 0, 0,
    0, 0, 26, 26, 41, 0, 0, 0,
    0, 0, 0, 0, 42, 42, 42, 0,
    0, 0, 0, 0, 0, 0, 0, 0,
    0, 0, 0, 0, 0, 0, 0, 0,
    0, 0, 0, 0, 0, 0, 0, 0,
    0, 0, 0, 0, 0, 0, 0, 0,
    0, 0, 0, 0, 0, 0, 0, 0,
    0, 0, 0, 0, 0, 0, 0, 0,
    0, 0, 0, 0, 0, 0, 0, 0,
    0, 0, 0, 0, 0, 0, 0, 0,
    0, 0, 0, 0, 0, 0, 0, 0,
    0, 0, 0, 0, 0, 0, 0, 0,
    0, 0, 0, 0, 0, 0, 0, 0,
    0, 0, 0, 0, 0, 0, 0, 0,
    0, 0, 0, 0, 0, 0, 0, 0,
    0, 0, 0, 0, 0, 0, 0, 0,
    0, 0, 0, 0, 0, 0, 0, 0,
    0, 0, 0, 0, 0, 0, 0, 0,
    0, 0, 0, 0, 0, 0, 0, 0,
    0, 0, 0, 0, 0, 0, 0
};

/*Kern values between classes*/
static const int8_t kern_class_values[] =
{
    0, 0, 0, 0, 0, -11, 0, 0,
    0, -28, -28, 0, 0, 0, 0, 0,
    -20, 0, 0, 0, 0, 0, 0, 0,
    0, 0, 0, 0, 0, 0, -6, 0,
    0, 0, 0, 0, 0, 0, 0, 0,
    0, -25, 0, 0, 0, 0, 0, 0,
    -28, 0, 0, 0, 0, 0, 0, 0,
    0, 0, 0, 0, 0, 0, 0, 0,
    0, 0, 0, 0, 0, 0, 0, 0,
    0, 0, 0, 0, 0, 0, 0, 0,
    0, 0, 0, 0, 0, 0, 0, 0,
    0, 0, 0, 0, 0, 0, 0, 0,
    0, 0, 0, 0, 0, 0, -3, 0,
    0, 0, 0, 0, 0, 0, 0, 0,
    0, 0, 0, 0, 0, -20, 0, 0,
    0, -2, 0, 0, 0, 0, 0, 0,
    0, 0, 0, 0, 0, 0, 0, 0,
    0, 0, 0, 0, 0, 0, 0, 0,
    0, 0, 0, 0, 0, 0, 0, 0,
    0, 0, 0, 0, 0, 0, 0, 0,
    0, 0, 0, 0, -20, -22, 0, 0,
    0, 0, 0, 0, 0, 0, 0, 0,
    0, 0, 0, 0, 0, 0, 0, 0,
    0, -11, 0, 0, 0, 0, 0, 0,
    0, 0, 0, 0, 0, 0, 0, 0,
    0, 0, 0, 0, 0, 0, 0, 0,
    0, -20, 0, 0, 0, 0, 0, 0,
    -7, 0, 0, 0, 0, 0, 0, 0,
    0, -29, 0, 0, 0, 0, -13, 0,
    0, 0, 0, 0, 0, 0, 0, 0,
    0, 0, 0, -18, 0, 0, 0, 0,
    0, 0, 0, 0, 0, 0, 0, 0,
    0, 0, 0, 0, 0, 0, 0, 0,
    0, 0, 0, 0, 0, 0, 0, 0,
    4, 0, -2, 0, 0, 0, 0, 0,
    0, 0, 0, 0, 0, 0, 0, 0,
    0, 0, 0, 0, 0, 0, 4, 0,
    0, 0, 0, 0, 0, 0, 0, 6,
    0, 0, 0, 0, 0, 0, 0, 0,
    0, 0, 0, 0, 0, 0, 0, 0,
    0, 0, 0, 0, 0, 0, 0, 0,
    0, 0, 0, 0, 0, 0, 0, 0,
    0, 0, 0, 0, 0, 0, 0, 0,
    0, 0, 0, -11, 0, 0, 0, 0,
    0, 0, 0, 0, 0, 0, 0, 0,
    0, 0, 0, 0, 0, 0, 0, 0,
    0, 0, 0, -11, 0, 0, 0, -44,
    -44, 0, 0, 0, 0, 0, -15, 0,
    0, 0, 0, 0, 0, 0, 0, -5,
    0, -22, 0, 0, 0, 0, 0, 0,
    0, 0, 0, 0, 0, 0, 0, -29,
    0, 0, 0, 0, 0, 0, -44, 0,
    0, 0, 0, 0, 0, 0, 0, 0,
    0, 0, 0, 0, 0, 0, 0, 0,
    0, 0, 0, 0, 0, 0, 0, 0,
    0, -8, -2, 0, 0, -8, 0, 0,
    0, 0, 0, 0, 0, -15, 0, 0,
    0, 0, 0, 0, 0, 0, 0, -3,
    0, 0, 0, 0, -11, -13, 0, 0,
    0, 0, 0, 0, 0, 0, 0, 0,
    0, 0, 0, 0, 0, 0, 0, -24,
    -7, -3, -30, 0, 0, 0, 0, 0,
    0, 0, 0, 0, -9, -28, 0, -8,
    0, -3, -7, -8, -3, 0, 0, 0,
    -28, -14, 0, 0, 0, 0, 0, 0,
    0, 0, 0, 0, -16, 0, 0, 0,
    0, 0, 0, -26, 0, -44, -44, 0,
    0, 0, 0, 0, 0, 0, 0, 0,
    0, 0, 0, 0, -11, 0, 0, 0,
    0, 0, 0, 0, 0, 0, -13, -13,
    0, 0, 0, 0, 0, 0, 0, 0,
    0, 0, 0, 0, 0, 0, 0, 2,
    0, 0, 0, 0, 0, 0, 0, 0,
    0, 0, 0, 0, 0, 0, -8, 0,
    0, 0, 0, 0, 0, -13, 0, 0,
    0, 0, 0, 0, 0, 0, 0, 0,
    0, 0, 0, 0, 0, 0, 0, 0,
    0, 0, 0, -9, -9, 0, 0, 0,
    0, 0, 0, 0, -6, 0, 0, 0,
    0, 0, 0, 0, -7, -15, 0, 0,
    0, 0, 0, 0, 0, 0, 0, 0,
    0, 0, 0, 0, -15, 0, -16, 0,
    0, 0, -9, 5, 0, 0, 0, 0,
    0, 0, 0, 0, 0, 0, 0, 0,
    0, 0, 0, 0, 0, 4, 0, 0,
    0, 0, 0, 0, 0, 0, 0, 0,
    0, 0, 0, 0, 0, 0, 0, 0,
    0, 0, 4, 0, 0, 0, 0, 0,
    0, 0, 0, 0, 0, 0, 0, 0,
    0, 0, 0, 0, 0, 0, 0, 0,
    5, 0, 0, 0, 0, 0, 0, 0,
    0, 0, 0, 0, 0, 0, 0, 0,
    0, 0, 0, 0, 0, 0, 0, 0,
    0, 0, 0, 0, -5, 0, 0, 0,
    0, 0, 0, 0, 0, 0, 0, 0,
    0, 0, 0, 0, 0, 0, 0, 0,
    0, 0, 0, 0, 0, 0, 0, 0,
    0, 0, 0, 0, 0, 0, 0, 0,
    0, 0, 0, 0, 0, 0, 0, 0,
    0, 0, 0, 0, 0, 0, 0, 0,
    -3, 0, -7, -7, 0, 0, 0, 0,
    0, 0, 0, 0, 0, 0, 0, 0,
    0, 0, 0, 0, 0, 0, 0, 0,
    -11, 0, 0, 0, 0, 0, 0, 0,
    0, 0, 0, 0, 0, -16, 0, 0,
    0, -7, 0, 0, 0, 0, 0, 0,
    0, 0, 0, 0, 0, 0, 0, 0,
    0, 0, 0, 0, 0, -10, 0, -11,
    -11, 0, 0, -10, 0, 0, 0, 0,
    0, 0, 0, 0, 0, 0, 0, 0,
    0, 0, 0, 0, 0, 0, 0, -2,
    0, 0, -14, 0, 0, 0, 0, 0,
    0, 0, 0, 0, 0, 0, -11, 0,
    0, 0, 0, 0, 0, 0, 0, 0,
    0, 0, 0, 0, 0, 0, 0, 0,
    0, 0, -1, 0, -8, -8, 0, 0,
    0, 0, 0, 0, 0, 0, 0, 0,
    0, 0, 0, 0, 0, 0, 0, 0,
    0, 0, 0, 0, -2, 0, 0, 0,
    0, 0, 0, 0, 0, 0, 0, 0,
    0, 0, 0, -8, 0, 0, 0, 0,
    0, 0, 0, 0, 0, 0, 0, 0,
    0, 0, 0, 0, 0, 0, 0, 0,
    0, -10, -10, 0, 0, 0, 0, 0,
    0, 0, 0, 0, 0, 0, 0, 0,
    0, 0, 0, -15, 0, 0, 0, 0,
    0, 0, 0, 0, 0, 0, 0, 0,
    0, 0, 0, 0, -15, 0, 0, 0,
    -10, 0, 0, 0, 0, 0, 0, 0,
    0, 0, 0, 0, 0, 0, 0, 0,
    -18, 0, -15, 0, 0, 0, -40, -40,
    0, -5, 0, 0, -5, -19, -3, 6,
    -5, -3, -11, -29, 0, 0, 0, 0,
    -51, 0, 0, -16, -20, 0, 0, 0,
    0, 0, 0, 0, 0, 0, -35, 0,
    0, -45, 0, 0, 0, -40, 0, -16,
    0, 0, 0, 0, 0, -19, 0, 0,
    0, 0, 0, 0, 0, 0, 0, 0,
    0, 0, 0, 0, 0, 0, 0, 0,
    0, 0, 0, 0, 0, 0, 0, 0,
    0, 0, 0, 0, -20, 0, 0, 0,
    0, 0, 0, 0, 0, 0, 0, 0,
    0, 0, 0, 0, -15, 0, 0, 0,
    0, 0, 0, 0, 0, 0, 0, 0,
    0, 0, 0, 0, 0, 0, -11, 0,
    0, 0, 0, 0, 0, 0, 0, 0,
    0, 0, 0, 0, 0, 0, 0, 0,
    0, 0, 0, 0, 0, 0, 0, 0,
    0, -22, 0, 0, 0, 0, 0, 0,
    0, 0, 0, 0, 0, 0, 0, 0,
    -16, -18, 0, 0, 0, 0, 0, 0,
    0, 0, 0, 0, 0, 0, 0, 0,
    0, -13, 0, -15, 0, 0, 0, 0,
    0, 0, 0, 0, 0, 0, 0, 0,
    0, 0, 0, 0, 0, 0, -24, 0,
    0, 0, 0, 0, 0, 0, -24, 0,
    0, 0, 0, 0, 0, 0, 0, 0,
    0, 0, 0, 0, 0, -8, -31, 0,
    0, 0, 0, 0, 0, 0, 0, 0,
    0, 0, 0, 0, 0, 0, -24, 0,
    -25, 0, 0, 0, 0, 0, 0, 0,
    0, 0, 0, 0, 0, 0, 0, 0,
    0, 0, 0, 0, 0, 0, 0, 0,
    0, 0, 0, 0, 0, 0, 0, 0,
    0, 0, 0, 0, 0, 0, 0, 0,
    0, 0, -20, 0, 0, 0, 0, 0,
    0, 0, 0, 0, 0, 0, 0, 0,
    0, 0, 0, 0, 0, 0, 0, 0,
    0, 0, 0, 0, 0, 0, 0, -14,
    -14, -13, 0, 0, 0, 0, 0, 0,
    0, 0, 0, 0, 0, 0, 0, 0,
    -12, -13, 0, 0, 0, 0, 0, -2,
    0, 0, 0, 0, 0, 0, 0, -13,
    -11, 0, -13, 0, 0, 0, -14, 0,
    0, 0, 0, 0, 0, -12, -32, 0,
    0, 0, -10, 0, 0, -25, 0, -3,
    0, 0, -29, -11, 0, 0, 5, 0,
    -14, 0, 0, 0, 0, 0, 0, 0,
    0, -8, -16, -20, -13, -16, 0, 0,
    -11, -5, -11, -11, -23, 0, 0, -16,
    0, -11, 0, -11, 5, -14, -18, 0,
    0, 0, -24, 0, -8, 0, 0, 0,
    0, 0, 0, 0, 0, -16, 0, -13,
    0, 0, 0, 0, 0, 0, 0, -22,
    0, 0, 0, 0, -15, -35, 0, -15,
    -18, -15, 0, -15, -15, 0, 0, 0,
    0, -13, -25, 0, 11, 0, 0, 0,
    0, 0, 0, 0, -15, 0, 0, 0,
    0, 0, -13, 0, 0, 0, 0, 0,
    0, 0, 11, 0, 0, 0, 0, 0,
    0, 0, -16, 31, -18, 0, 0, 0,
    0, 0, 0, 0, 0, 0, 0, 0,
    0, 0, 0, 0, 0, 0, 0, 0,
    0, 0, 0, 0, 0, 0, 0, -11,
    0, 0, 0, 0, 0, 0, 0, 0,
    0, 0, 0, 0, 0, 0, 0, -11,
    0, 0, 0, 0, 0, 0, 0, 0,
    0, 0, 0, 0, 0, 0, 0, 0,
    0, -22, 0, 0, -6, 0, 0, 0,
    -4, 0, 0, 0, 0, 0, 0, -11,
    0, 0, 0, 0, 0, 0, 0, 0,
    0, 0, 0, 0, -18, 0, 0, 0,
    0, 0, 0, -4, 0, 0, 0, 0,
    0, 0, 0, -11, -20, -7, 0, 0,
    0, -11, 0, 0, 0, 0, 0, 0,
    0, 0, 0, 0, 0, 0, -25, 0,
    0, 0, 0, 0, 0, 0, 0, 0,
    0, 0, 0, 0, 0, 0, 0, 0,
    0, 0, 0, 0, 0, 0, 0, 0,
    0, 0, 0, 0, 0, 0, 0, 0,
    0, 0, 0, 0, 0, 0, 0, 0,
    -11, 0, 0, 0, 0, 0, 0, 0,
    0, 0, 0, 0, 0, 0, 0, 0,
    0, 0, 0, -16, 0, 0, 0, 0,
    0, 0, 0, 0, 0, 0, 0, 0,
    0, 0, 0, 0, 0, 0, 0, 0,
    0, 0, 0, 0, 0, 0, 0, 0,
    0, 0, 0, 0, 0, 0, 0, 0,
    0, 0, 0, 0, 0, 0, 0, 0,
    0, 0, 0, 0, 0, 0, 0, 0,
    0, 0, 0, 0, 0, 0, 0, 0,
    -16, 0, 0, 0, 0, 0, -11, 0,
    0, 0, 0, 0, 0, 0, 0, 0,
    0, -16, 0, 0, 0, 0, 0, 0,
    0, 0, -2, 0, 0, 0, 0, -9,
    0, 0, 0, 0, 0, 0, 0, 0,
    0, 0, -23, 0, 0, 0, 0, 0,
    0, 0, 0, 0, 0, 0, 0, 0,
    0, 0, 0, 0, 0, 0, 0, 0,
    0, 0, 0, 0, 0, 0, 0, 0,
    0, 0, 0, 0, 0, 0, 0, 0,
    0, 0, 0, 0, 0, 0, 0, 0,
    0, 0, 0, 0, 0, 0, 0, 0,
    0, 0, 0, 0, 0, 0, 0, 0,
    0, 0, 0, 0, 0, 0, 0, 0,
    0, -3, 0, 0, 0, 0, 0, 0,
    0, 0, 0, 0, 0, 0, 0, 0,
    0, 0, 0, 0, 0, 0, 0, 0,
    0, 0, 0, 0, 0, 0, 0, 0,
    0, 0, 0, 0, 0, 0, 0, 0,
    0, 0, 0, 0, 0, 0, 0, 0,
    0, 0, 0, 0, 0, 0, 0, 0,
    0, 0, 0, 0, 0, 0, 0, -1,
    0, 0, 0, 0, 0, 0, 0, 0,
    0, 0, 0, 0, 0, 0, 0, 0,
    -12, 0, 0, -11, 0, 0, 0, 0,
    0, 0, 0, 0, 0, 0, -13, 0,
    0, 0, 0, -11, 0, -12, 0, 0,
    -11, 0, 0, 0, 0, 0, 0, 0,
    0, 0, -16, 5, 0, 0, 0, 0,
    0, 0, 0, 0, 0, 0, 0, 0,
    -13, 0, 0, 0, -16, 0, 0, 0,
    0, 0, 0, 0, 0, 0, 0, 0,
    0, 0, 0, -8, -2, 0, 0, -8,
    0, 0, 0, 0, 0, 0, 0, -13,
    0, 0, 0, 0, 0, 0, 0, 0,
    0, -3, 0, 0, 0, 0, -11, -13,
    0, 0, 0, 0, 0, 0, 0, 0,
    0, 0, 0, 0, 0, 0, 0, 0,
    0, -25, 0, 0, 0, 0, 0, 0,
    0, 0, 0, 0, 0, 0, 0, 0,
    0, 0, 0, 0, 0, 0, 0, 0,
    0, 0, 0, 0, 0, 0, 0, 0,
    0, 0, 0, 0, 0, 0, 0, 0,
    0, 0, 0, 0, 0, 0, 0, 0,
    0, 0, 0, 0, 0, 0, 0, 0,
    3, 0, 0, 0, 0, 0, 0, 0,
    0, 0, 0, 0, 0, 0, 0, 0,
    0, 0, 0, 0, -13, -16, -15, 0,
    0, -16, -11, 0, 0, 0, 0, 0,
    0, -20, 0, 0, 0, 0, 0, 0,
    0, 0, 0, 0, 0, 0, 0, 0,
    -11, -27, 0, 0, 0, 0, 0, 0,
    0, 0, 0, 0, 0, 0, 0, 0,
    0, 0, 0, -42, 0, 0, 0, 0,
    0, 0, 0, 0, 0, 0, 0, 0,
    0, 0, 0, 0, 0, 0, 0, 0,
    0, 0, 0, 0, 0, 0, -33, 0,
    0, 0, 0, 0, 0, 0, 0, 0,
    0, 0, 0, 0, 0, 0, -20, -11,
    0, 0, 0, 0, 0, 0, 0, 0,
    0, 0, 0, 0, 0, 0, 0, 0,
    -22, 0, 0, 0, 0, 0, 0, 0,
    0, 0, 0, 0, 0, 0, 0, 0,
    0, 0, 0, 0, 0, 0, 0, 0,
    0, 0, 0, -13, 0, 0, 0, 0,
    0, 0, 0, 0, 0, 0, 0, 0,
    0, 0, -11, 0, 0, 0, 0, 0,
    0, 0, 0, 0, 0, 0, 0, 0,
    0, 0, 0, -11, 0, -18, 0, 0,
    -25, 0, -3, 0, 0, -29, -11, 0,
    0, 5, 0, -14, 0, 0, 0, 0,
    0, 0, 0, 0, -8, -16, -20, -13,
    -24, 0, 0, -11, -5, -11, -11, -23,
    0, 0, -16, 0, -11, 0, -11, 5,
    -42, -33, 0, 0, 0, -24, 0, -8,
    0, 0, 0, 0, 0, 0, 0, 0,
    -16, 0, -28, 0, 0, 0, 0, 0,
    -20, 0, 0, 0, -32, -32, -31, 0,
    0, 0, 0, -20, 0, 0, 0, 0,
    0, 0, 0, 0, 0, 0, 0, 0,
    0, -12, 0, 0, 0, 0, 0, 0,
    0, 0, -20, 0, -31, 0, 0, -27,
    0, 0, 0, -32, 0, 0, 0, 0,
    0, 0, 0, 0, 0, 0, 0, 0,
    0, 0, 0, -40, 0, -22, 0, 0,
    -18, -38, -38, -45, -15, 0, 0, 0,
    -31, 0, -20, -13, 0, -18, -31, -18,
    0, -18, 0, -13, 0, -15, -20, -27,
    -18, 0, 0, -15, -4, 0, 0, -22,
    0, -44, 0, 0, 0, 0, 0, 0,
    -38, 3, -8, 0, 0, 0, 0, 0,
    0, 0, 0, 0, 0, 0, 0, 0,
    0, 0, 0, 0, 0, 0, 0, 0,
    0, 0, -22, 0, 0, 0, 0, 0,
    0, 0, 0, 0, 0, 0, -12, -29,
    0, 0, 0, 0, 0, 0, 0, 0,
    0, 0, 0, 0, 0, 0, 0, -40,
    -31, 0, 0, 0, 0, 0, 0, 0,
    0, 0, 0, 0, 0, 0, 0, 0,
    0, -31, 0, 0, 0, 0, 0, -13,
    0, 0, 0, 0, 0, 0, 0, 0,
    0, 0, 0, 0, 0, 0, 0, 0,
    0, 0, 0, 0, 0, 0, 0, 0,
    -11, 0, 0, 0, 0, 0, 0, 0,
    0, 0, 0, -24, 0, 0, 0, 0,
    0, 0, 0, 0, 0, 0, 0, 0,
    0, 0, 0, 0, 0, 0, 0, 0,
    0, 0, 0, 0, 0, 0, 0, 0,
    0, 0, 0, 0, 0, 0, 0, 0,
    0, 0, 0, 0, 0, 0, 0, 0,
    0, -13, 0, 0, 0, 0, 0, 0,
    0, 0, 0, 0, 0, 0, 0, 0,
    -11, 0, 0, 0, 0, 0, 0, 0,
    0, 0, 0, 0, 0, 0, 0, 0,
    0, -11, 0, -11, -7, -3, -30, 0,
    0, 0, 0, 0, 0, 0, 0, 0,
    -9, -28, 0, -8, 0, -3, -7, -8,
    -3, 0, 0, 0, -28, -14, 0, 0,
    0, 0, 0, 0, 0, 0, 0, 0,
    -16, 0, 0, 0, 0, 0, 0, -26,
    0, -44, -58, 0, 0, 0, 0, 0,
    0, 0, 0, 0, 0, 0, 0, 0,
    -11, 0, 0, 0, 0, 0, -11, 0,
    0, -9, -13, -11, 0, 0, 0, 0,
    0, 0, 0, 0, 0, 0, 0, 0,
    0, 0, 0, 0, 0, 0, -9, -2,
    0, -9, 0, 0, 0, 0, 0, 0,
    0, 0, -26, 0, 0, -45, 0, 0,
    0, -31, 0, 0, 0, 0, 0, 0,
    0, -16, 0, 0, 0, 0, 0, 0,
    -5, 0, 0, 0, 0, 0, 0, 0,
    0, 0, 0, -13, 0, 0, 0, 0,
    0, 0, 0, 0, 0, 0, 0, 0,
    -16, 0, 0, 0, 0, 0, 0, -3,
    0, 0, 0, 0, 0, 0, 0, 0,
    -15, -7, 0, 0, 0, 0, 0, 0,
    0, 0, 0, 0, 0, 0, 0, 0,
    0, 0, -22, 0, 0, 0, 0, 0,
    0, 0, 0, 0, 0, 0, 0, 0,
    0, 0, 0, 0, 0, 0, 0, 0,
    0, 0, 0, 0, 0, 0, 0, 0,
    0, 0, 0, 0, 0, 0, 0, 0,
    -2, 0, 0, 0, 0, 0, 0, 0,
    0, 0, 0, 0, 0, 0, 0, -5,
    0, 0, 0, 0, 0, 0, 0, 0,
    0, 0, 0, 0, 0, 0, 0, 0,
    0, 0, 0, 0, 0, 0, 0, 0,
    0, 0, 0, 0, 0, 0, 0, 0,
    0, 0, 0, 0, 0, 0, 0, 0,
    0, 0, 0, 0, 0, 0, 0, 0,
    0, 0, 0, 0, 0, 0, 0, 0,
    0, 0, 0, -16, 4, -2, 0, 0,
    0, 0, 0, 0, 0, 0, 0, 0,
    0, 0, 0, 0, 0, 0, 0, 0,
    0, 0, 0, 0, 0, 0, 0, 0,
    0, 0, 0, 0, 0, 0, 0, 0,
    0, 0, 0, 0, 0, 0, 0, -5,
    0, 0, 0, 0, 0, 0, 0, 0,
    0, 0, 0, 0, 0, 0, 0, 0,
    0, -6, 0, 0, 0, 0, 0, 0,
    0, 0, 0, 0, 0, 0, 0, 0,
    0, 0, 0, 0, 0, 0, 0, -19,
    0, 0, 0, 0, 0, 0, 0, 0,
    0, 0, 0, -12, -42, 0, 0, 0,
    0, 0, 0, 0, 0, 0, 0, 0,
    0, 0, 0, 0, 0, 0, 0, 0,
    0, 0, 0, 0, 0, 0, 0, 0,
    0, 0, -8, -5, 0, 0, -26, 0,
    0, 0, 0, 0, 0, 0, 0, 0,
    0, 0, 0, 0, 0, 0, 0, 0,
    0, 0, 0, 0, 0, 0, 0, 0,
    0, 0, 0, 0, 0, 0, 0, 0,
    0, 0, 0, 0, 0, 0, 0, 0,
    0, 0, 0, 0, 0, 0, 0, 0,
    0, 0, 0, 0, 0, 0, -5, 0,
    0, 0, 0, 0, 0, 0, 0, 0,
    0, 0, 0, 0, 0, 0, 0, 0,
    0, 0, 0, 0, 0, 0, 0, 0,
    0, 0, 0, 0, 0, 0, 0, 0,
    0, 0, 0, 0, 0, 0, 0, 0,
    0, 0, 0, 0, 0, 0, 0, 0,
    0, 0, 0, 0, 0, 0, 0, 0,
    0, 0, 0, 0, -14, 0, 0, 0,
    0, 0, 0, 0, 0, 0, 0, 0,
    0, 0, 0, 0, 0, 0, 0, 0,
    0, 0, 0, 0, 0, 0, 0, 0,
    0, 0, 0, 0, -13, 0, 0, 0,
    0, 0, 0, 0, 0, 0, 0, 0,
    0, 0, -8, 0, 0, 0, 0, 0,
    0, 0, 0, 0, 0, 0, 0, 0,
    0, 0, 0, 0, 0, 0, 0, 0,
    0, 0, 0, 0, 0, 0, -6, 0,
    0, 0, 0, 0, 0, 0, -3, 0,
    0, 0, 0, 0, -9, 0, 0, 0,
    -2, 0, 1, -6, -3, 0, -6, 0,
    0, 0, 0, 0, 0, 0, -2, 0,
    -13, 2, 0, 0, 0, 0, 0, -2,
    0, 0, 0, 0, 0, 0, 7, 0,
    0, 3, -11, 0, 0, -2, 0, 0,
    0, 0, 0, 0, 0, 0, 0, 0,
    0, 0, 0, 0, 0, 0, 0, 0,
    0, 0, 0, 0, 0, -15, 0, 0,
    0, 0, 0, 0, -3, 0, 0, 0,
    0, 0, 0, 0, 0, -16, 0, -3,
    0, 0, 0, 0, 0, 0, 0, 0,
    0, 0, 0, 0, 0, 0, 0, -24,
    0, 0, 0, 0, 0, 0, 0, 0,
    0, 0, 0, 0, 0, 0, 0, 0,
    0, 0, 0, 0, 0, 0, 0, 0,
    0, 0, -7, 0, 0, 0, 0, 0,
    0, 0, 0, 0, 0, 0, 0, 0,
    0, -9, 0, 0, 0, 0, 0, 0,
    0, 0, 0, 0, 0, 0, 0, 0,
    0, 0, 0, 0, -10, 0, 0, 0,
    0, 0, 0, 0, 0, 0, -22, -22,
    -13, 0, 0, 0, 0, 0, 0, 0,
    0, 0, 0, 0, 0, 0, 0, 0,
    -16, 0, 0, 0, 0, 0, 0, 0,
    0, 0, 0, 0, 0, 0, 0, 0,
    0, 0, 0, 0, 0, -22, 0, 0,
    0, 0, 0, 0, 0, 0, 0, 0,
    0, 0, 0, 0, 0, 0, 0, 0,
    0, 0, 0, 0, 0, 0, 0, 0,
    0, 0, 0, 0, 0, 0, 0, 0,
    0, 0, 0, 0, 0, 0, 0, 0,
    0, 0, 0, 0, 0, 0, 0, 0,
    0, 0, 0, 0, -20, 0, 0, 0,
    0, 0, 0, 0, 0, 0, 0, 0,
    0, 0, 0, 0, 0, 0, -18, 0,
    0, 0, 0, 0, 0, 0, 0, 0,
    0, 0, 0, 0, 0, 0, 0, 0,
    0, 0, 0, 0, 0, 0, 0, 0,
    0, -6, 0, 0, 0, -4, 0, 0,
    0, 0, 0, 0, 0, 0, 0, 0,
    0, 0, 0, 0, 0, 0, 0, 0,
    0, 0, 0, 0, 0, 0, 0, 0,
    0, 0, 0, 0
};


/*Collect the kern class' data in one place*/
static const lv_font_fmt_txt_kern_classes_t kern_classes =
{
    .class_pair_values   = kern_class_values,
    .left_class_mapping  = kern_left_class_mapping,
    .right_class_mapping = kern_right_class_mapping,
    .left_class_cnt      = 60,
    .right_class_cnt     = 61,
};

/*--------------------
 *  ALL CUSTOM DATA
 *--------------------*/

#if LVGL_VERSION_MAJOR == 8
/*Store all the custom data of the font*/
static  lv_font_fmt_txt_glyph_cache_t cache;
#endif

#if LVGL_VERSION_MAJOR >= 8
static const lv_font_fmt_txt_dsc_t font_dsc = {
#else
static lv_font_fmt_txt_dsc_t font_dsc = {
#endif
    .glyph_bitmap = glyph_bitmap,
    .glyph_dsc = glyph_dsc,
    .cmaps = cmaps,
    .kern_dsc = &kern_classes,
    .kern_scale = 16,
    .cmap_num = 18,
    .bpp = 4,
    .kern_classes = 1,
    .bitmap_format = 0,
#if LVGL_VERSION_MAJOR == 8
    .cache = &cache
#endif
};



/*-----------------
 *  PUBLIC FONT
 *----------------*/

/*Initialize a public general font descriptor*/
#if LVGL_VERSION_MAJOR >= 8
const lv_font_t aos_inter_sb_20 = {
#else
lv_font_t aos_inter_sb_20 = {
#endif
    .get_glyph_dsc = lv_font_get_glyph_dsc_fmt_txt,    /*Function pointer to get glyph's data*/
    .get_glyph_bitmap = lv_font_get_bitmap_fmt_txt,    /*Function pointer to get glyph's bitmap*/
    .line_height = 28,          /*The maximum line height required by the font*/
    .base_line = 7,             /*Baseline measured from the bottom of the line*/
#if !(LVGL_VERSION_MAJOR == 6 && LVGL_VERSION_MINOR == 0)
    .subpx = LV_FONT_SUBPX_NONE,
#endif
#if LV_VERSION_CHECK(7, 4, 0) || LVGL_VERSION_MAJOR >= 8
    .underline_position = -3,
    .underline_thickness = 2,
#endif
    .dsc = &font_dsc,          /*The custom font data. Will be accessed by `get_glyph_bitmap/dsc` */
#if LV_VERSION_CHECK(8, 2, 0) || LVGL_VERSION_MAJOR >= 9
    .fallback = NULL,
#endif
    .user_data = NULL,
};



#endif /*#if AOS_INTER_SB_20*/

