/*******************************************************************************
 * Size: 18 px
 * Bpp: 4
 * Opts: --no-compress --no-prefilter --bpp 4 --size 18 --font JetBrainsMono-Regular.ttf 2.304 -r 0x20-0x7E,0xA0-0xFF,0x2022,0x2026,0x2500-0x257F,0x2580-0x259F --format lvgl --lv-font-name aos_mono_18 --force-fast-kern-format -o components/aos_fonts/aos_mono_18.c
 ******************************************************************************/

#include "lvgl.h"

#ifndef AOS_MONO_18
#define AOS_MONO_18 1
#endif

#if AOS_MONO_18

/*-----------------
 *    BITMAPS
 *----------------*/

/*Store the image of the glyphs*/
static LV_ATTRIBUTE_LARGE_CONST const uint8_t glyph_bitmap[] = {
    /* U+0020 " " */

    /* U+0021 "!" */
    0x8f, 0x58, 0xf5, 0x7f, 0x47, 0xf4, 0x7f, 0x46,
    0xf3, 0x6f, 0x36, 0xf2, 0x5f, 0x21, 0x30, 0x2,
    0xc, 0xf9, 0xbf, 0x70,

    /* U+0022 "\"" */
    0x6f, 0x60, 0x9f, 0x36, 0xf5, 0x9, 0xf2, 0x5f,
    0x50, 0x8f, 0x25, 0xf5, 0x8, 0xf2, 0x4f, 0x40,
    0x7f, 0x11, 0x51, 0x2, 0x50,

    /* U+0023 "#" */
    0x0, 0x2, 0xf1, 0x0, 0xf3, 0x0, 0x0, 0x5e,
    0x0, 0x3f, 0x0, 0x0, 0x8, 0xb0, 0x6, 0xd0,
    0x0, 0x0, 0xb8, 0x0, 0x9b, 0x0, 0xb, 0xff,
    0xff, 0xff, 0xff, 0x20, 0x23, 0xf5, 0x22, 0xf6,
    0x20, 0x0, 0x4f, 0x0, 0x2f, 0x10, 0x0, 0x8,
    0xc0, 0x5, 0xe0, 0x0, 0x5f, 0xff, 0xff, 0xff,
    0xf8, 0x1, 0x2e, 0x72, 0x2c, 0x92, 0x10, 0x0,
    0xf3, 0x0, 0xe5, 0x0, 0x0, 0x3f, 0x0, 0x1f,
    0x20, 0x0, 0x6, 0xd0, 0x4, 0xf0, 0x0, 0x0,

    /* U+0024 "$" */
    0x0, 0x0, 0xf0, 0x0, 0x0, 0x0, 0xf, 0x0,
    0x0, 0x0, 0x27, 0xf7, 0x20, 0x0, 0x6f, 0xff,
    0xff, 0x50, 0x1f, 0xc1, 0xf1, 0xce, 0x4, 0xf5,
    0xf, 0x5, 0xf4, 0x3f, 0x60, 0xf0, 0x0, 0x0,
    0xee, 0x5f, 0x0, 0x0, 0x3, 0xef, 0xf9, 0x20,
    0x0, 0x0, 0x6f, 0xff, 0x60, 0x0, 0x0, 0xf2,
    0xcf, 0x10, 0x0, 0xf, 0x3, 0xf6, 0x9f, 0x0,
    0xf0, 0x2f, 0x65, 0xf9, 0x1f, 0x1a, 0xf3, 0xa,
    0xff, 0xff, 0xf7, 0x0, 0x4, 0x8f, 0x83, 0x0,
    0x0, 0x0, 0xf0, 0x0, 0x0, 0x0, 0xf, 0x0,
    0x0,

    /* U+0025 "%" */
    0xa, 0xfd, 0x50, 0x0, 0x2f, 0x38, 0xe4, 0x8f,
    0x10, 0xc, 0x80, 0xba, 0x1, 0xf4, 0x8, 0xc0,
    0xb, 0x90, 0x1f, 0x43, 0xf2, 0x0, 0x9d, 0x15,
    0xf2, 0xd7, 0x0, 0x2, 0xdf, 0xf8, 0x9b, 0x0,
    0x0, 0x0, 0x21, 0x4f, 0x10, 0x0, 0x0, 0x0,
    0x1e, 0x58, 0xef, 0x90, 0x0, 0xa, 0xa4, 0xf6,
    0x5f, 0x50, 0x5, 0xe1, 0x7d, 0x0, 0xc8, 0x1,
    0xe4, 0x7, 0xd0, 0xc, 0x80, 0xb9, 0x0, 0x4f,
    0x44, 0xf5, 0x6d, 0x0, 0x0, 0x8e, 0xe8, 0x0,

    /* U+0026 "&" */
    0x0, 0x1a, 0xef, 0xb2, 0x0, 0x0, 0x0, 0xcf,
    0x87, 0xee, 0x0, 0x0, 0x0, 0xfa, 0x0, 0x4f,
    0x50, 0x0, 0x0, 0xac, 0x0, 0x0, 0x0, 0x0,
    0x0, 0x1e, 0x80, 0x0, 0x0, 0x0, 0x4, 0xdf,
    0xf6, 0x0, 0x0, 0x0, 0x1f, 0xc4, 0x7f, 0x40,
    0x1a, 0x70, 0x6f, 0x30, 0xa, 0xe3, 0xce, 0x10,
    0x8f, 0x0, 0x0, 0xdf, 0xf3, 0x0, 0x8f, 0x0,
    0x0, 0x8f, 0xa0, 0x0, 0x6f, 0x40, 0x4, 0xfc,
    0xf4, 0x0, 0xe, 0xf8, 0x9f, 0xb0, 0xbe, 0x10,
    0x2, 0xbe, 0xe8, 0x0, 0x1f, 0xb0,

    /* U+0027 "'" */
    0x8f, 0x47, 0xf4, 0x7f, 0x46, 0xf3, 0x6f, 0x32,
    0x51,

    /* U+0028 "(" */
    0x0, 0x2, 0x9a, 0x0, 0x6f, 0xf7, 0x5, 0xfc,
    0x10, 0xe, 0xe0, 0x0, 0x5f, 0x60, 0x0, 0x8f,
    0x10, 0x0, 0xaf, 0x0, 0x0, 0xaf, 0x0, 0x0,
    0xaf, 0x0, 0x0, 0xaf, 0x0, 0x0, 0xaf, 0x0,
    0x0, 0x9f, 0x10, 0x0, 0x5f, 0x50, 0x0, 0xf,
    0xd0, 0x0, 0x6, 0xfa, 0x0, 0x0, 0x8f, 0xd6,
    0x0, 0x4, 0xcb, 0x0, 0x0, 0x0,

    /* U+0029 ")" */
    0xc8, 0x10, 0x0, 0xaf, 0xe3, 0x0, 0x3, 0xef,
    0x20, 0x0, 0x2f, 0xb0, 0x0, 0x9, 0xf1, 0x0,
    0x5, 0xf5, 0x0, 0x3, 0xf6, 0x0, 0x2, 0xf7,
    0x0, 0x2, 0xf7, 0x0, 0x2, 0xf7, 0x0, 0x2,
    0xf7, 0x0, 0x4, 0xf5, 0x0, 0x9, 0xf2, 0x0,
    0x1f, 0xc0, 0x1, 0xcf, 0x30, 0x8e, 0xf5, 0x0,
    0xea, 0x20, 0x0, 0x0, 0x0, 0x0,

    /* U+002A "*" */
    0x0, 0x0, 0x5f, 0x20, 0x0, 0x0, 0x0, 0x5,
    0xf2, 0x0, 0x0, 0x5, 0x0, 0x5f, 0x20, 0x14,
    0x3, 0xff, 0x96, 0xf4, 0xbf, 0xf0, 0x3, 0x9e,
    0xff, 0xfd, 0x82, 0x0, 0x0, 0xd, 0xfa, 0x0,
    0x0, 0x0, 0xb, 0xe4, 0xf8, 0x0, 0x0, 0x7,
    0xf6, 0x9, 0xf4, 0x0, 0x0, 0xbb, 0x0, 0xd,
    0x80, 0x0, 0x0, 0x0, 0x0, 0x0, 0x0,

    /* U+002B "+" */
    0x0, 0x6, 0xf3, 0x0, 0x0, 0x0, 0x6f, 0x30,
    0x0, 0x0, 0x6, 0xf3, 0x0, 0x1, 0x22, 0x7f,
    0x42, 0x21, 0xdf, 0xff, 0xff, 0xff, 0xa4, 0x55,
    0x9f, 0x75, 0x53, 0x0, 0x6, 0xf3, 0x0, 0x0,
    0x0, 0x6f, 0x30, 0x0, 0x0, 0x2, 0x61, 0x0,
    0x0,

    /* U+002C "," */
    0x2, 0x74, 0x6, 0xf7, 0x9, 0xf4, 0xc, 0xf0,
    0xf, 0xc0, 0x2f, 0x90,

    /* U+002D "-" */
    0x2, 0x22, 0x22, 0x7, 0xff, 0xff, 0xf4, 0x25,
    0x55, 0x55, 0x10,

    /* U+002E "." */
    0x8, 0xd5, 0xf, 0xfd, 0xa, 0xf7,

    /* U+002F "/" */
    0x0, 0x0, 0x0, 0x7f, 0x40, 0x0, 0x0, 0xd,
    0xe0, 0x0, 0x0, 0x3, 0xf8, 0x0, 0x0, 0x0,
    0x9f, 0x20, 0x0, 0x0, 0xe, 0xc0, 0x0, 0x0,
    0x5, 0xf6, 0x0, 0x0, 0x0, 0xbf, 0x0, 0x0,
    0x0, 0x1f, 0xa0, 0x0, 0x0, 0x7, 0xf4, 0x0,
    0x0, 0x0, 0xdd, 0x0, 0x0, 0x0, 0x3f, 0x80,
    0x0, 0x0, 0x9, 0xf2, 0x0, 0x0, 0x0, 0xec,
    0x0, 0x0, 0x0, 0x5f, 0x60, 0x0, 0x0, 0xb,
    0xf0, 0x0, 0x0, 0x1, 0xfa, 0x0, 0x0, 0x0,
    0x7f, 0x40, 0x0, 0x0, 0x0,

    /* U+0030 "0" */
    0x1, 0x9e, 0xfd, 0x80, 0x0, 0xdf, 0x96, 0xaf,
    0xa0, 0x5f, 0x50, 0x0, 0x9f, 0x28, 0xf0, 0x0,
    0x4, 0xf5, 0x9f, 0x0, 0x0, 0x3f, 0x59, 0xf0,
    0x7f, 0x43, 0xf5, 0x9f, 0x8, 0xf4, 0x3f, 0x59,
    0xf0, 0x0, 0x3, 0xf5, 0x9f, 0x0, 0x0, 0x3f,
    0x58, 0xf0, 0x0, 0x4, 0xf5, 0x6f, 0x50, 0x0,
    0x9f, 0x20, 0xdf, 0x96, 0xaf, 0xa0, 0x1, 0x9d,
    0xfd, 0x80, 0x0,

    /* U+0031 "1" */
    0x0, 0x3d, 0xfc, 0x0, 0x0, 0x7f, 0xde, 0xc0,
    0x0, 0x5f, 0xa0, 0xdc, 0x0, 0x5, 0x50, 0xd,
    0xc0, 0x0, 0x0, 0x0, 0xdc, 0x0, 0x0, 0x0,
    0xd, 0xc0, 0x0, 0x0, 0x0, 0xdc, 0x0, 0x0,
    0x0, 0xd, 0xc0, 0x0, 0x0, 0x0, 0xdc, 0x0,
    0x0, 0x0, 0xd, 0xc0, 0x0, 0x0, 0x0, 0xdc,
    0x0, 0x2, 0x77, 0x7e, 0xe7, 0x75, 0x6f, 0xff,
    0xff, 0xff, 0xb0,

    /* U+0032 "2" */
    0x1, 0x9e, 0xfd, 0x70, 0x0, 0xdf, 0x97, 0xbf,
    0xa0, 0x6f, 0x50, 0x0, 0xaf, 0x27, 0xc0, 0x0,
    0x6, 0xf4, 0x0, 0x0, 0x0, 0x7f, 0x30, 0x0,
    0x0, 0xd, 0xd0, 0x0, 0x0, 0xa, 0xf4, 0x0,
    0x0, 0x9, 0xf6, 0x0, 0x0, 0x8, 0xf7, 0x0,
    0x0, 0x8, 0xf8, 0x0, 0x0, 0x7, 0xf8, 0x0,
    0x0, 0x5, 0xfe, 0x77, 0x77, 0x73, 0x7f, 0xff,
    0xff, 0xff, 0x70,

    /* U+0033 "3" */
    0x6f, 0xff, 0xff, 0xfd, 0x2, 0x77, 0x77, 0x9f,
    0xb0, 0x0, 0x0, 0x1e, 0xc1, 0x0, 0x0, 0x1d,
    0xd1, 0x0, 0x0, 0x1d, 0xf2, 0x0, 0x0, 0x3,
    0xff, 0xfa, 0x0, 0x0, 0x2, 0x38, 0xfa, 0x0,
    0x0, 0x0, 0xa, 0xf0, 0x0, 0x0, 0x0, 0x7f,
    0x27, 0xa0, 0x0, 0x7, 0xf2, 0x8f, 0x30, 0x0,
    0xcf, 0x2, 0xff, 0x87, 0xcf, 0x80, 0x2, 0xae,
    0xfc, 0x50, 0x0,

    /* U+0034 "4" */
    0x0, 0x0, 0x4f, 0x90, 0x0, 0x0, 0xde, 0x0,
    0x0, 0x7, 0xf5, 0x0, 0x0, 0x2f, 0xb0, 0x0,
    0x0, 0xbf, 0x20, 0x0, 0x5, 0xf7, 0x0, 0x66,
    0xe, 0xd0, 0x0, 0xcd, 0x8f, 0x40, 0x0, 0xcd,
    0xbe, 0x22, 0x22, 0xdd, 0xbf, 0xff, 0xff, 0xfd,
    0x35, 0x55, 0x55, 0xdd, 0x0, 0x0, 0x0, 0xcd,
    0x0, 0x0, 0x0, 0xcd,

    /* U+0035 "5" */
    0x3f, 0xff, 0xff, 0xfc, 0x3, 0xfa, 0x77, 0x77,
    0x50, 0x3f, 0x50, 0x0, 0x0, 0x3, 0xf5, 0x0,
    0x0, 0x0, 0x3f, 0x62, 0x10, 0x0, 0x3, 0xff,
    0xff, 0xfa, 0x10, 0x15, 0x55, 0x59, 0xfb, 0x0,
    0x0, 0x0, 0x9, 0xf1, 0x0, 0x0, 0x0, 0x5f,
    0x36, 0xa0, 0x0, 0x6, 0xf3, 0x7f, 0x40, 0x0,
    0xaf, 0x11, 0xef, 0x97, 0xbf, 0x90, 0x1, 0xae,
    0xfd, 0x60, 0x0,

    /* U+0036 "6" */
    0x0, 0x0, 0xde, 0x0, 0x0, 0x0, 0x7f, 0x50,
    0x0, 0x0, 0x1f, 0xb0, 0x0, 0x0, 0x9, 0xf2,
    0x0, 0x0, 0x2, 0xf9, 0x0, 0x0, 0x0, 0xbf,
    0xcf, 0xfa, 0x10, 0x3f, 0xe6, 0x47, 0xfd, 0x9,
    0xf2, 0x0, 0x5, 0xf6, 0xcd, 0x0, 0x0, 0xf,
    0x9c, 0xd0, 0x0, 0x1, 0xf9, 0x8f, 0x40, 0x0,
    0x7f, 0x41, 0xdf, 0x97, 0xaf, 0xb0, 0x1, 0x9e,
    0xfd, 0x70, 0x0,

    /* U+0037 "7" */
    0x8f, 0xff, 0xff, 0xff, 0xd8, 0xf8, 0x77, 0x77,
    0xfc, 0x8f, 0x10, 0x0, 0x5f, 0x64, 0x90, 0x0,
    0xb, 0xf0, 0x0, 0x0, 0x2, 0xf9, 0x0, 0x0,
    0x0, 0x8f, 0x30, 0x0, 0x0, 0xe, 0xc0, 0x0,
    0x0, 0x5, 0xf6, 0x0, 0x0, 0x0, 0xcf, 0x0,
    0x0, 0x0, 0x2f, 0x90, 0x0, 0x0, 0x9, 0xf3,
    0x0, 0x0, 0x0, 0xec, 0x0, 0x0, 0x0, 0x6f,
    0x60, 0x0, 0x0,

    /* U+0038 "8" */
    0x1, 0x9e, 0xfd, 0x80, 0x0, 0xef, 0x97, 0xaf,
    0xb0, 0x5f, 0x60, 0x0, 0x9f, 0x25, 0xf4, 0x0,
    0x7, 0xf2, 0xd, 0xd4, 0x25, 0xea, 0x0, 0x1b,
    0xff, 0xf9, 0x0, 0xc, 0xf7, 0x59, 0xfa, 0x7,
    0xf3, 0x0, 0x7, 0xf4, 0xbe, 0x0, 0x0, 0x1f,
    0x8c, 0xe0, 0x0, 0x1, 0xf8, 0x8f, 0x50, 0x0,
    0x8f, 0x41, 0xdf, 0x97, 0xbf, 0xb0, 0x1, 0x9e,
    0xfd, 0x80, 0x0,

    /* U+0039 "9" */
    0x1, 0x9e, 0xfd, 0x70, 0x0, 0xdf, 0xa7, 0xbf,
    0xb0, 0x7f, 0x50, 0x0, 0x8f, 0x5c, 0xe0, 0x0,
    0x1, 0xf9, 0xcd, 0x0, 0x0, 0xf, 0x9a, 0xf1,
    0x0, 0x4, 0xf6, 0x3f, 0xc3, 0x14, 0xef, 0x0,
    0x5e, 0xff, 0xef, 0x80, 0x0, 0x2, 0x2c, 0xe0,
    0x0, 0x0, 0x6, 0xf6, 0x0, 0x0, 0x1, 0xed,
    0x0, 0x0, 0x0, 0x9f, 0x40, 0x0, 0x0, 0x3f,
    0xb0, 0x0, 0x0,

    /* U+003A ":" */
    0xb, 0xf8, 0xf, 0xfd, 0x5, 0x93, 0x0, 0x0,
    0x0, 0x0, 0x0, 0x0, 0x0, 0x0, 0x5, 0x93,
    0xf, 0xfd, 0xb, 0xf8,

    /* U+003B ";" */
    0xb, 0xf8, 0x1f, 0xfe, 0x6, 0xa4, 0x0, 0x0,
    0x0, 0x0, 0x0, 0x0, 0x0, 0x0, 0x2, 0x74,
    0x7, 0xf6, 0xa, 0xf2, 0xd, 0xe0, 0xf, 0xb0,
    0x3f, 0x70,

    /* U+003C "<" */
    0x0, 0x0, 0x0, 0x3, 0x20, 0x0, 0x0, 0x3b,
    0xf4, 0x0, 0x4, 0xcf, 0xc4, 0x0, 0x4c, 0xfc,
    0x40, 0x0, 0x6f, 0xb3, 0x0, 0x0, 0x7, 0xf9,
    0x10, 0x0, 0x0, 0x7, 0xef, 0x92, 0x0, 0x0,
    0x0, 0x7e, 0xfa, 0x20, 0x0, 0x0, 0x7, 0xef,
    0x30, 0x0, 0x0, 0x0, 0x73,

    /* U+003D "=" */
    0x1, 0x11, 0x11, 0x11, 0x7, 0xff, 0xff, 0xff,
    0xf4, 0x24, 0x44, 0x44, 0x44, 0x10, 0x0, 0x0,
    0x0, 0x0, 0x2, 0x22, 0x22, 0x22, 0x7, 0xff,
    0xff, 0xff, 0xf4, 0x25, 0x55, 0x55, 0x55, 0x10,

    /* U+003E ">" */
    0x32, 0x0, 0x0, 0x0, 0x7, 0xfa, 0x20, 0x0,
    0x0, 0x7, 0xef, 0xa2, 0x0, 0x0, 0x0, 0x7e,
    0xfa, 0x20, 0x0, 0x0, 0x6, 0xef, 0x30, 0x0,
    0x0, 0x29, 0xf4, 0x0, 0x2, 0xaf, 0xd6, 0x0,
    0x3a, 0xfd, 0x60, 0x0, 0x6f, 0xd5, 0x0, 0x0,
    0x5, 0x50, 0x0, 0x0, 0x0,

    /* U+003F "?" */
    0xaf, 0xfe, 0xa1, 0x5, 0x88, 0xaf, 0xe1, 0x0,
    0x0, 0x4f, 0x80, 0x0, 0x0, 0xfb, 0x0, 0x0,
    0x1f, 0xa0, 0x1, 0x3c, 0xf4, 0x4, 0xff, 0xf7,
    0x0, 0x4f, 0x70, 0x0, 0x4, 0xf5, 0x0, 0x0,
    0x0, 0x0, 0x0, 0x0, 0x20, 0x0, 0x0, 0xbf,
    0xb0, 0x0, 0x9, 0xf9, 0x0, 0x0,

    /* U+0040 "@" */
    0x0, 0x19, 0xdf, 0xea, 0x20, 0x0, 0x1e, 0xe6,
    0x45, 0xcf, 0x30, 0xa, 0xe1, 0x0, 0x0, 0xcb,
    0x0, 0xf8, 0x0, 0x0, 0x7, 0xf0, 0x2f, 0x50,
    0x9, 0xed, 0x9f, 0x13, 0xf4, 0x6, 0xf6, 0x3d,
    0xf1, 0x3f, 0x40, 0xad, 0x0, 0x6f, 0x13, 0xf4,
    0xb, 0xc0, 0x5, 0xf1, 0x3f, 0x40, 0xbc, 0x0,
    0x5f, 0x13, 0xf4, 0xa, 0xc0, 0x6, 0xf0, 0x2f,
    0x40, 0x6f, 0x31, 0xcc, 0x2, 0xf5, 0x0, 0xaf,
    0xfd, 0x20, 0xf, 0x80, 0x0, 0x12, 0x0, 0x0,
    0x9f, 0x20, 0x0, 0x0, 0x0, 0x0, 0xdf, 0x96,
    0x54, 0x0, 0x0, 0x0, 0x8d, 0xff, 0xd0, 0x0,

    /* U+0041 "A" */
    0x0, 0x0, 0xdf, 0xa0, 0x0, 0x0, 0x1, 0xfe,
    0xe0, 0x0, 0x0, 0x5, 0xf7, 0xf2, 0x0, 0x0,
    0x9, 0xe1, 0xf6, 0x0, 0x0, 0xd, 0xa0, 0xda,
    0x0, 0x0, 0x2f, 0x50, 0x9e, 0x0, 0x0, 0x6f,
    0x10, 0x4f, 0x30, 0x0, 0xae, 0x11, 0x2f, 0x70,
    0x0, 0xef, 0xff, 0xff, 0xb0, 0x2, 0xf8, 0x44,
    0x4a, 0xf0, 0x7, 0xf2, 0x0, 0x5, 0xf3, 0xb,
    0xe0, 0x0, 0x1, 0xf8, 0xf, 0xa0, 0x0, 0x0,
    0xdc,

    /* U+0042 "B" */
    0x5f, 0xff, 0xfd, 0x70, 0x5, 0xf9, 0x77, 0xbf,
    0xa0, 0x5f, 0x40, 0x0, 0xbf, 0x15, 0xf4, 0x0,
    0x6, 0xf3, 0x5f, 0x40, 0x0, 0x8f, 0x15, 0xf5,
    0x11, 0x6f, 0x70, 0x5f, 0xff, 0xff, 0x90, 0x5,
    0xf7, 0x44, 0x7f, 0xb0, 0x5f, 0x40, 0x0, 0x5f,
    0x55, 0xf4, 0x0, 0x1, 0xf8, 0x5f, 0x40, 0x0,
    0x5f, 0x65, 0xf9, 0x77, 0xaf, 0xe1, 0x5f, 0xff,
    0xfe, 0xa1, 0x0,

    /* U+0043 "C" */
    0x0, 0x7d, 0xfd, 0x80, 0x0, 0xbf, 0xb7, 0xaf,
    0xb0, 0x2f, 0x90, 0x0, 0x8f, 0x35, 0xf5, 0x0,
    0x2, 0xa3, 0x5f, 0x40, 0x0, 0x0, 0x5, 0xf4,
    0x0, 0x0, 0x0, 0x5f, 0x40, 0x0, 0x0, 0x5,
    0xf4, 0x0, 0x0, 0x0, 0x5f, 0x40, 0x0, 0x0,
    0x5, 0xf5, 0x0, 0x2, 0xa3, 0x2f, 0x90, 0x0,
    0x8f, 0x30, 0xbf, 0xa7, 0xaf, 0xb0, 0x0, 0x8d,
    0xfd, 0x80, 0x0,

    /* U+0044 "D" */
    0x5f, 0xff, 0xfc, 0x50, 0x5, 0xf9, 0x67, 0xdf,
    0x60, 0x5f, 0x40, 0x0, 0xce, 0x5, 0xf4, 0x0,
    0x7, 0xf2, 0x5f, 0x40, 0x0, 0x6f, 0x35, 0xf4,
    0x0, 0x6, 0xf3, 0x5f, 0x40, 0x0, 0x6f, 0x35,
    0xf4, 0x0, 0x6, 0xf3, 0x5f, 0x40, 0x0, 0x6f,
    0x35, 0xf4, 0x0, 0x7, 0xf2, 0x5f, 0x40, 0x0,
    0xce, 0x5, 0xf9, 0x67, 0xcf, 0x60, 0x5f, 0xff,
    0xfc, 0x50, 0x0,

    /* U+0045 "E" */
    0x3f, 0xff, 0xff, 0xff, 0x53, 0xfa, 0x77, 0x77,
    0x72, 0x3f, 0x60, 0x0, 0x0, 0x3, 0xf6, 0x0,
    0x0, 0x0, 0x3f, 0x60, 0x0, 0x0, 0x3, 0xf7,
    0x11, 0x11, 0x10, 0x3f, 0xff, 0xff, 0xfb, 0x3,
    0xf9, 0x44, 0x44, 0x30, 0x3f, 0x60, 0x0, 0x0,
    0x3, 0xf6, 0x0, 0x0, 0x0, 0x3f, 0x60, 0x0,
    0x0, 0x3, 0xfa, 0x77, 0x77, 0x72, 0x3f, 0xff,
    0xff, 0xff, 0x50,

    /* U+0046 "F" */
    0x4f, 0xff, 0xff, 0xff, 0x74, 0xf9, 0x77, 0x77,
    0x73, 0x4f, 0x40, 0x0, 0x0, 0x4, 0xf4, 0x0,
    0x0, 0x0, 0x4f, 0x40, 0x0, 0x0, 0x4, 0xf6,
    0x22, 0x22, 0x20, 0x4f, 0xff, 0xff, 0xff, 0x4,
    0xf8, 0x55, 0x55, 0x50, 0x4f, 0x50, 0x0, 0x0,
    0x4, 0xf5, 0x0, 0x0, 0x0, 0x4f, 0x50, 0x0,
    0x0, 0x4, 0xf5, 0x0, 0x0, 0x0, 0x4f, 0x50,
    0x0, 0x0, 0x0,

    /* U+0047 "G" */
    0x0, 0x8d, 0xfd, 0x80, 0x0, 0xcf, 0xa7, 0xaf,
    0xb0, 0x4f, 0x80, 0x0, 0x9f, 0x36, 0xf3, 0x0,
    0x2, 0x82, 0x6f, 0x30, 0x0, 0x0, 0x6, 0xf3,
    0x2, 0x22, 0x20, 0x6f, 0x30, 0xff, 0xff, 0x56,
    0xf3, 0x5, 0x58, 0xf5, 0x6f, 0x30, 0x0, 0x4f,
    0x56, 0xf3, 0x0, 0x5, 0xf4, 0x4f, 0x80, 0x0,
    0xaf, 0x20, 0xcf, 0xa7, 0xaf, 0xa0, 0x0, 0x8d,
    0xfe, 0x80, 0x0,

    /* U+0048 "H" */
    0x5f, 0x40, 0x0, 0x8f, 0x25, 0xf4, 0x0, 0x8,
    0xf2, 0x5f, 0x40, 0x0, 0x8f, 0x25, 0xf4, 0x0,
    0x8, 0xf2, 0x5f, 0x40, 0x0, 0x8f, 0x25, 0xf6,
    0x22, 0x29, 0xf2, 0x5f, 0xff, 0xff, 0xff, 0x25,
    0xf8, 0x55, 0x5a, 0xf2, 0x5f, 0x40, 0x0, 0x8f,
    0x25, 0xf4, 0x0, 0x8, 0xf2, 0x5f, 0x40, 0x0,
    0x8f, 0x25, 0xf4, 0x0, 0x8, 0xf2, 0x5f, 0x40,
    0x0, 0x8f, 0x20,

    /* U+0049 "I" */
    0x1f, 0xff, 0xff, 0xfe, 0x7, 0x7a, 0xf9, 0x76,
    0x0, 0x6, 0xf3, 0x0, 0x0, 0x6, 0xf3, 0x0,
    0x0, 0x6, 0xf3, 0x0, 0x0, 0x6, 0xf3, 0x0,
    0x0, 0x6, 0xf3, 0x0, 0x0, 0x6, 0xf3, 0x0,
    0x0, 0x6, 0xf3, 0x0, 0x0, 0x6, 0xf3, 0x0,
    0x0, 0x6, 0xf3, 0x0, 0x7, 0x7b, 0xf9, 0x76,
    0x1f, 0xff, 0xff, 0xfe,

    /* U+004A "J" */
    0x0, 0x0, 0x0, 0xb, 0xe0, 0x0, 0x0, 0x0,
    0xbe, 0x0, 0x0, 0x0, 0xb, 0xe0, 0x0, 0x0,
    0x0, 0xbe, 0x0, 0x0, 0x0, 0xb, 0xe0, 0x0,
    0x0, 0x0, 0xbe, 0x0, 0x0, 0x0, 0xb, 0xe0,
    0x0, 0x0, 0x0, 0xbe, 0x0, 0x0, 0x0, 0xb,
    0xe2, 0xe7, 0x0, 0x0, 0xce, 0xf, 0xc0, 0x0,
    0x1f, 0xb0, 0x7f, 0xc7, 0x8e, 0xf3, 0x0, 0x6d,
    0xff, 0xb3, 0x0,

    /* U+004B "K" */
    0x5f, 0x40, 0x0, 0x2f, 0xa0, 0x5f, 0x40, 0x0,
    0x9f, 0x20, 0x5f, 0x40, 0x1, 0xfa, 0x0, 0x5f,
    0x40, 0x9, 0xf2, 0x0, 0x5f, 0x40, 0x1f, 0xa0,
    0x0, 0x5f, 0x51, 0x9f, 0x20, 0x0, 0x5f, 0xff,
    0xfc, 0x0, 0x0, 0x5f, 0x74, 0xbf, 0x20, 0x0,
    0x5f, 0x40, 0x3f, 0xa0, 0x0, 0x5f, 0x40, 0xa,
    0xf3, 0x0, 0x5f, 0x40, 0x2, 0xfb, 0x0, 0x5f,
    0x40, 0x0, 0x9f, 0x40, 0x5f, 0x40, 0x0, 0x1f,
    0xc0,

    /* U+004C "L" */
    0xaf, 0x0, 0x0, 0x0, 0xaf, 0x0, 0x0, 0x0,
    0xaf, 0x0, 0x0, 0x0, 0xaf, 0x0, 0x0, 0x0,
    0xaf, 0x0, 0x0, 0x0, 0xaf, 0x0, 0x0, 0x0,
    0xaf, 0x0, 0x0, 0x0, 0xaf, 0x0, 0x0, 0x0,
    0xaf, 0x0, 0x0, 0x0, 0xaf, 0x0, 0x0, 0x0,
    0xaf, 0x0, 0x0, 0x0, 0xaf, 0x77, 0x77, 0x76,
    0xaf, 0xff, 0xff, 0xfe,

    /* U+004D "M" */
    0xbf, 0xd0, 0x1, 0xff, 0x8b, 0xcf, 0x20, 0x5d,
    0xe8, 0xbb, 0xd6, 0xa, 0x8f, 0x8b, 0xc8, 0xb0,
    0xf3, 0xf8, 0xbd, 0x3f, 0x5e, 0xf, 0x8b, 0xd0,
    0xee, 0x90, 0xf8, 0xbd, 0x9, 0xf4, 0x1f, 0x8b,
    0xd0, 0x13, 0x1, 0xf8, 0xbd, 0x0, 0x0, 0x1f,
    0x8b, 0xd0, 0x0, 0x1, 0xf8, 0xbd, 0x0, 0x0,
    0x1f, 0x8b, 0xd0, 0x0, 0x1, 0xf8, 0xbd, 0x0,
    0x0, 0x1f, 0x80,

    /* U+004E "N" */
    0x6f, 0xe0, 0x0, 0x6f, 0x36, 0xff, 0x50, 0x6,
    0xf3, 0x6f, 0xca, 0x0, 0x6f, 0x36, 0xf8, 0xf1,
    0x6, 0xf3, 0x6f, 0x3f, 0x60, 0x6f, 0x36, 0xf2,
    0xac, 0x6, 0xf3, 0x6f, 0x35, 0xf2, 0x6f, 0x36,
    0xf3, 0xe, 0x76, 0xf3, 0x6f, 0x30, 0x9d, 0x5f,
    0x36, 0xf3, 0x3, 0xf8, 0xf3, 0x6f, 0x30, 0xe,
    0xdf, 0x36, 0xf3, 0x0, 0x8f, 0xf3, 0x6f, 0x30,
    0x2, 0xff, 0x30,

    /* U+004F "O" */
    0x0, 0x8d, 0xfd, 0x60, 0x0, 0xcf, 0xa7, 0xbf,
    0x90, 0x3f, 0x80, 0x0, 0xbf, 0x6, 0xf3, 0x0,
    0x7, 0xf3, 0x6f, 0x30, 0x0, 0x6f, 0x36, 0xf3,
    0x0, 0x6, 0xf3, 0x6f, 0x30, 0x0, 0x6f, 0x36,
    0xf3, 0x0, 0x6, 0xf3, 0x6f, 0x30, 0x0, 0x6f,
    0x36, 0xf3, 0x0, 0x7, 0xf3, 0x3f, 0x70, 0x0,
    0xbf, 0x0, 0xcf, 0xa7, 0xbf, 0x90, 0x0, 0x8d,
    0xfd, 0x70, 0x0,

    /* U+0050 "P" */
    0x5f, 0xff, 0xfe, 0xb3, 0x5, 0xf9, 0x77, 0x8e,
    0xf3, 0x5f, 0x40, 0x0, 0x2f, 0xb5, 0xf4, 0x0,
    0x0, 0xde, 0x5f, 0x40, 0x0, 0xe, 0xc5, 0xf5,
    0x22, 0x3b, 0xf6, 0x5f, 0xff, 0xff, 0xf7, 0x5,
    0xf8, 0x54, 0x30, 0x0, 0x5f, 0x40, 0x0, 0x0,
    0x5, 0xf4, 0x0, 0x0, 0x0, 0x5f, 0x40, 0x0,
    0x0, 0x5, 0xf4, 0x0, 0x0, 0x0, 0x5f, 0x40,
    0x0, 0x0, 0x0,

    /* U+0051 "Q" */
    0x1, 0x9e, 0xfd, 0x80, 0x0, 0xdf, 0xa7, 0xbf,
    0xa0, 0x5f, 0x60, 0x0, 0xaf, 0x28, 0xf1, 0x0,
    0x5, 0xf5, 0x9f, 0x10, 0x0, 0x4f, 0x59, 0xf1,
    0x0, 0x4, 0xf5, 0x9f, 0x10, 0x0, 0x4f, 0x59,
    0xf1, 0x0, 0x4, 0xf5, 0x9f, 0x10, 0x0, 0x4f,
    0x58, 0xf1, 0x0, 0x5, 0xf5, 0x6f, 0x60, 0x0,
    0xaf, 0x20, 0xdf, 0x97, 0xbf, 0xa0, 0x1, 0x9d,
    0xff, 0xa0, 0x0, 0x0, 0x0, 0xee, 0x0, 0x0,
    0x0, 0x5, 0xf8, 0x0, 0x0, 0x0, 0xb, 0xf2,

    /* U+0052 "R" */
    0x5f, 0xff, 0xfe, 0x91, 0x5, 0xf9, 0x77, 0x9f,
    0xd0, 0x5f, 0x40, 0x0, 0x6f, 0x65, 0xf4, 0x0,
    0x1, 0xf9, 0x5f, 0x40, 0x0, 0x3f, 0x75, 0xf5,
    0x22, 0x4d, 0xf2, 0x5f, 0xff, 0xff, 0xe5, 0x5,
    0xf8, 0x59, 0xf5, 0x0, 0x5f, 0x40, 0xf, 0xb0,
    0x5, 0xf4, 0x0, 0x8f, 0x30, 0x5f, 0x40, 0x1,
    0xfa, 0x5, 0xf4, 0x0, 0xa, 0xf2, 0x5f, 0x40,
    0x0, 0x3f, 0x90,

    /* U+0053 "S" */
    0x1, 0x9e, 0xfd, 0x60, 0x0, 0xcf, 0x97, 0xcf,
    0x80, 0x3f, 0x70, 0x0, 0xbf, 0x5, 0xf3, 0x0,
    0x3, 0x60, 0x2f, 0x90, 0x0, 0x0, 0x0, 0x9f,
    0xd8, 0x30, 0x0, 0x0, 0x5c, 0xff, 0xd2, 0x0,
    0x0, 0x0, 0x5e, 0xe0, 0x0, 0x0, 0x0, 0x4f,
    0x57, 0xa0, 0x0, 0x2, 0xf7, 0x8f, 0x40, 0x0,
    0x7f, 0x51, 0xef, 0x97, 0xaf, 0xc0, 0x1, 0x9d,
    0xfd, 0x80, 0x0,

    /* U+0054 "T" */
    0xf, 0xff, 0xff, 0xff, 0xfd, 0x7, 0x77, 0xaf,
    0x97, 0x75, 0x0, 0x0, 0x6f, 0x30, 0x0, 0x0,
    0x0, 0x6f, 0x30, 0x0, 0x0, 0x0, 0x6f, 0x30,
    0x0, 0x0, 0x0, 0x6f, 0x30, 0x0, 0x0, 0x0,
    0x6f, 0x30, 0x0, 0x0, 0x0, 0x6f, 0x30, 0x0,
    0x0, 0x0, 0x6f, 0x30, 0x0, 0x0, 0x0, 0x6f,
    0x30, 0x0, 0x0, 0x0, 0x6f, 0x30, 0x0, 0x0,
    0x0, 0x6f, 0x30, 0x0, 0x0, 0x0, 0x6f, 0x30,
    0x0,

    /* U+0055 "U" */
    0x6f, 0x30, 0x0, 0x7f, 0x36, 0xf3, 0x0, 0x7,
    0xf3, 0x6f, 0x30, 0x0, 0x7f, 0x36, 0xf3, 0x0,
    0x7, 0xf3, 0x6f, 0x30, 0x0, 0x7f, 0x36, 0xf3,
    0x0, 0x7, 0xf3, 0x6f, 0x30, 0x0, 0x7f, 0x36,
    0xf3, 0x0, 0x7, 0xf3, 0x6f, 0x30, 0x0, 0x7f,
    0x35, 0xf4, 0x0, 0x7, 0xf2, 0x2f, 0x80, 0x0,
    0xbf, 0x0, 0xbf, 0x97, 0xbf, 0x80, 0x0, 0x9d,
    0xfd, 0x70, 0x0,

    /* U+0056 "V" */
    0xf, 0xb0, 0x0, 0x0, 0xec, 0xb, 0xe0, 0x0,
    0x2, 0xf8, 0x7, 0xf3, 0x0, 0x6, 0xf3, 0x3,
    0xf7, 0x0, 0xa, 0xf0, 0x0, 0xeb, 0x0, 0xe,
    0xb0, 0x0, 0xaf, 0x0, 0x2f, 0x70, 0x0, 0x6f,
    0x30, 0x5f, 0x30, 0x0, 0x2f, 0x70, 0x9e, 0x0,
    0x0, 0xe, 0xb0, 0xda, 0x0, 0x0, 0xa, 0xf1,
    0xf6, 0x0, 0x0, 0x5, 0xf8, 0xf2, 0x0, 0x0,
    0x1, 0xfe, 0xe0, 0x0, 0x0, 0x0, 0xdf, 0xa0,
    0x0,

    /* U+0057 "W" */
    0x9e, 0x0, 0x7f, 0x50, 0xf, 0x57, 0xf0, 0xa,
    0xe7, 0x2, 0xf4, 0x5f, 0x10, 0xcc, 0x90, 0x4f,
    0x23, 0xf3, 0xe, 0x8b, 0x5, 0xf0, 0x1f, 0x50,
    0xf4, 0xd0, 0x7e, 0x0, 0xf7, 0x2e, 0x1f, 0x9,
    0xc0, 0xd, 0x84, 0xc0, 0xf1, 0xba, 0x0, 0xba,
    0x6a, 0xd, 0x3d, 0x80, 0x9, 0xc9, 0x80, 0xc5,
    0xe6, 0x0, 0x8d, 0xb6, 0xa, 0x8f, 0x40, 0x6,
    0xfd, 0x40, 0x8b, 0xf2, 0x0, 0x4f, 0xf2, 0x6,
    0xef, 0x0, 0x2, 0xff, 0x0, 0x4f, 0xe0, 0x0,

    /* U+0058 "X" */
    0xc, 0xf1, 0x0, 0x2, 0xf9, 0x0, 0x3f, 0x90,
    0x0, 0xbf, 0x10, 0x0, 0xaf, 0x20, 0x3f, 0x70,
    0x0, 0x2, 0xfa, 0xc, 0xd0, 0x0, 0x0, 0x9,
    0xf7, 0xf5, 0x0, 0x0, 0x0, 0x1e, 0xfb, 0x0,
    0x0, 0x0, 0x0, 0xaf, 0x70, 0x0, 0x0, 0x0,
    0x2f, 0xfe, 0x0, 0x0, 0x0, 0xb, 0xe4, 0xf8,
    0x0, 0x0, 0x4, 0xf6, 0xb, 0xf2, 0x0, 0x0,
    0xdd, 0x0, 0x2f, 0xa0, 0x0, 0x6f, 0x50, 0x0,
    0x9f, 0x30, 0x1e, 0xc0, 0x0, 0x1, 0xfc, 0x0,

    /* U+0059 "Y" */
    0x2f, 0x90, 0x0, 0x0, 0xbe, 0x0, 0xaf, 0x10,
    0x0, 0x3f, 0x70, 0x2, 0xf8, 0x0, 0xb, 0xe0,
    0x0, 0xa, 0xf1, 0x2, 0xf7, 0x0, 0x0, 0x2f,
    0x80, 0xae, 0x0, 0x0, 0x0, 0xbe, 0x3f, 0x70,
    0x0, 0x0, 0x3, 0xfe, 0xf0, 0x0, 0x0, 0x0,
    0xb, 0xf8, 0x0, 0x0, 0x0, 0x0, 0x6f, 0x30,
    0x0, 0x0, 0x0, 0x6, 0xf3, 0x0, 0x0, 0x0,
    0x0, 0x6f, 0x30, 0x0, 0x0, 0x0, 0x6, 0xf3,
    0x0, 0x0, 0x0, 0x0, 0x6f, 0x30, 0x0, 0x0,

    /* U+005A "Z" */
    0x6f, 0xff, 0xff, 0xff, 0x12, 0x77, 0x77, 0x7d,
    0xf1, 0x0, 0x0, 0x2, 0xf8, 0x0, 0x0, 0x0,
    0xce, 0x0, 0x0, 0x0, 0x5f, 0x50, 0x0, 0x0,
    0xe, 0xc0, 0x0, 0x0, 0x8, 0xf2, 0x0, 0x0,
    0x2, 0xf9, 0x0, 0x0, 0x0, 0xbe, 0x10, 0x0,
    0x0, 0x5f, 0x60, 0x0, 0x0, 0xe, 0xc0, 0x0,
    0x0, 0x6, 0xfa, 0x77, 0x77, 0x71, 0x7f, 0xff,
    0xff, 0xff, 0x40,

    /* U+005B "[" */
    0x2, 0x22, 0x20, 0x5f, 0xff, 0xf1, 0x5f, 0x85,
    0x50, 0x5f, 0x50, 0x0, 0x5f, 0x50, 0x0, 0x5f,
    0x50, 0x0, 0x5f, 0x50, 0x0, 0x5f, 0x50, 0x0,
    0x5f, 0x50, 0x0, 0x5f, 0x50, 0x0, 0x5f, 0x50,
    0x0, 0x5f, 0x50, 0x0, 0x5f, 0x50, 0x0, 0x5f,
    0x50, 0x0, 0x5f, 0x50, 0x0, 0x5f, 0x62, 0x20,
    0x5f, 0xff, 0xf1, 0x15, 0x55, 0x50,

    /* U+005C "\\" */
    0x7f, 0x30, 0x0, 0x0, 0x1, 0xfa, 0x0, 0x0,
    0x0, 0xb, 0xf0, 0x0, 0x0, 0x0, 0x5f, 0x60,
    0x0, 0x0, 0x0, 0xec, 0x0, 0x0, 0x0, 0x9,
    0xf2, 0x0, 0x0, 0x0, 0x3f, 0x80, 0x0, 0x0,
    0x0, 0xdd, 0x0, 0x0, 0x0, 0x7, 0xf4, 0x0,
    0x0, 0x0, 0x1f, 0xa0, 0x0, 0x0, 0x0, 0xbf,
    0x0, 0x0, 0x0, 0x5, 0xf6, 0x0, 0x0, 0x0,
    0xe, 0xc0, 0x0, 0x0, 0x0, 0x9f, 0x20, 0x0,
    0x0, 0x3, 0xf8, 0x0, 0x0, 0x0, 0xd, 0xe0,
    0x0, 0x0, 0x0, 0x7f, 0x40,

    /* U+005D "]" */
    0x2, 0x22, 0x20, 0x4f, 0xff, 0xf1, 0x15, 0x5a,
    0xf1, 0x0, 0x8, 0xf1, 0x0, 0x8, 0xf1, 0x0,
    0x8, 0xf1, 0x0, 0x8, 0xf1, 0x0, 0x8, 0xf1,
    0x0, 0x8, 0xf1, 0x0, 0x8, 0xf1, 0x0, 0x8,
    0xf1, 0x0, 0x8, 0xf1, 0x0, 0x8, 0xf1, 0x0,
    0x8, 0xf1, 0x0, 0x8, 0xf1, 0x2, 0x29, 0xf1,
    0x4f, 0xff, 0xf1, 0x15, 0x55, 0x50,

    /* U+005E "^" */
    0x0, 0x9, 0xf6, 0x0, 0x0, 0x1, 0xfb, 0xd0,
    0x0, 0x0, 0x7e, 0x1f, 0x40, 0x0, 0xe, 0x70,
    0x9c, 0x0, 0x6, 0xf0, 0x2, 0xf3, 0x0, 0xd8,
    0x0, 0xb, 0xa0, 0x5f, 0x20, 0x0, 0x5f, 0x20,

    /* U+005F "_" */
    0x11, 0x11, 0x11, 0x11, 0xe, 0xff, 0xff, 0xff,
    0xfb, 0x34, 0x44, 0x44, 0x44, 0x20,

    /* U+0060 "`" */
    0x6, 0x70, 0x0, 0x4f, 0x80, 0x0, 0x6f, 0x40,

    /* U+0061 "a" */
    0x1, 0x9e, 0xfd, 0x80, 0x0, 0xde, 0x86, 0x9f,
    0x90, 0x2a, 0x40, 0x0, 0xaf, 0x0, 0x0, 0x0,
    0x7, 0xf2, 0x7, 0xef, 0xff, 0xff, 0x26, 0xfa,
    0x43, 0x39, 0xf2, 0xbe, 0x0, 0x0, 0x7f, 0x2b,
    0xf0, 0x0, 0xc, 0xf2, 0x5f, 0xc6, 0x6b, 0xcf,
    0x20, 0x6d, 0xfe, 0x77, 0xf2,

    /* U+0062 "b" */
    0x5f, 0x40, 0x0, 0x0, 0x5, 0xf4, 0x0, 0x0,
    0x0, 0x5f, 0x40, 0x0, 0x0, 0x5, 0xf4, 0xae,
    0xe9, 0x0, 0x5f, 0xca, 0x6a, 0xfa, 0x5, 0xf9,
    0x0, 0xa, 0xf1, 0x5f, 0x50, 0x0, 0x6f, 0x35,
    0xf4, 0x0, 0x6, 0xf3, 0x5f, 0x40, 0x0, 0x6f,
    0x35, 0xf5, 0x0, 0x6, 0xf3, 0x5f, 0x90, 0x0,
    0xaf, 0x15, 0xfc, 0xa6, 0xaf, 0xa0, 0x5f, 0x5a,
    0xfe, 0x90, 0x0,

    /* U+0063 "c" */
    0x0, 0x8d, 0xfd, 0x80, 0x0, 0xcf, 0xa7, 0x9f,
    0xc0, 0x3f, 0x80, 0x0, 0x7f, 0x46, 0xf3, 0x0,
    0x1, 0x52, 0x6f, 0x30, 0x0, 0x0, 0x6, 0xf3,
    0x0, 0x0, 0x0, 0x6f, 0x30, 0x0, 0x15, 0x23,
    0xf8, 0x0, 0x7, 0xf4, 0xc, 0xfa, 0x79, 0xfc,
    0x0, 0x8, 0xdf, 0xd8, 0x0,

    /* U+0064 "d" */
    0x0, 0x0, 0x0, 0x7f, 0x20, 0x0, 0x0, 0x7,
    0xf2, 0x0, 0x0, 0x0, 0x7f, 0x20, 0x2b, 0xee,
    0x77, 0xf2, 0xd, 0xf8, 0x6b, 0xcf, 0x24, 0xf6,
    0x0, 0xc, 0xf2, 0x6f, 0x30, 0x0, 0x8f, 0x27,
    0xf3, 0x0, 0x7, 0xf2, 0x7f, 0x30, 0x0, 0x7f,
    0x26, 0xf3, 0x0, 0x8, 0xf2, 0x4f, 0x60, 0x0,
    0xcf, 0x20, 0xdf, 0x86, 0xbc, 0xf2, 0x2, 0xbf,
    0xe8, 0x7f, 0x20,

    /* U+0065 "e" */
    0x0, 0x9e, 0xfd, 0x70, 0x0, 0xce, 0x75, 0x9f,
    0xa0, 0x4f, 0x50, 0x0, 0x8f, 0x17, 0xf2, 0x0,
    0x5, 0xf4, 0x7f, 0xff, 0xff, 0xff, 0x47, 0xf4,
    0x33, 0x33, 0x30, 0x7f, 0x20, 0x0, 0x0, 0x4,
    0xf7, 0x0, 0x6, 0xb1, 0xc, 0xf9, 0x69, 0xfa,
    0x0, 0x19, 0xef, 0xd8, 0x0,

    /* U+0066 "f" */
    0x0, 0x0, 0x2c, 0xff, 0xf8, 0x0, 0x0, 0xde,
    0x77, 0x73, 0x0, 0x1, 0xf8, 0x0, 0x0, 0x0,
    0x2, 0xf7, 0x0, 0x0, 0x2, 0x23, 0xf8, 0x22,
    0x21, 0xf, 0xff, 0xff, 0xff, 0xf8, 0x5, 0x56,
    0xfa, 0x55, 0x52, 0x0, 0x2, 0xf7, 0x0, 0x0,
    0x0, 0x2, 0xf7, 0x0, 0x0, 0x0, 0x2, 0xf7,
    0x0, 0x0, 0x0, 0x2, 0xf7, 0x0, 0x0, 0x0,
    0x2, 0xf7, 0x0, 0x0, 0x0, 0x2, 0xf7, 0x0,
    0x0,

    /* U+0067 "g" */
    0x1, 0xae, 0xe8, 0x7f, 0x20, 0xdf, 0x96, 0xbd,
    0xf2, 0x4f, 0x70, 0x0, 0xcf, 0x26, 0xf3, 0x0,
    0x8, 0xf2, 0x6f, 0x30, 0x0, 0x7f, 0x26, 0xf3,
    0x0, 0x7, 0xf2, 0x4f, 0x50, 0x0, 0xaf, 0x21,
    0xed, 0x41, 0x6e, 0xf2, 0x4, 0xef, 0xfd, 0x8f,
    0x20, 0x0, 0x33, 0x8, 0xf1, 0x0, 0x0, 0x0,
    0xaf, 0x0, 0x7, 0x77, 0xaf, 0x90, 0x1, 0xff,
    0xfe, 0x80, 0x0,

    /* U+0068 "h" */
    0x5f, 0x40, 0x0, 0x0, 0x5, 0xf4, 0x0, 0x0,
    0x0, 0x5f, 0x40, 0x0, 0x0, 0x5, 0xf5, 0xaf,
    0xe9, 0x0, 0x5f, 0xc9, 0x6a, 0xfa, 0x5, 0xf9,
    0x0, 0xb, 0xf0, 0x5f, 0x50, 0x0, 0x7f, 0x25,
    0xf4, 0x0, 0x7, 0xf3, 0x5f, 0x40, 0x0, 0x7f,
    0x35, 0xf4, 0x0, 0x7, 0xf3, 0x5f, 0x40, 0x0,
    0x7f, 0x35, 0xf4, 0x0, 0x7, 0xf3, 0x5f, 0x40,
    0x0, 0x7f, 0x30,

    /* U+0069 "i" */
    0x0, 0x5, 0xfa, 0x0, 0x0, 0x0, 0x8f, 0xd0,
    0x0, 0x0, 0x0, 0x31, 0x0, 0x0, 0x0, 0x0,
    0x0, 0x0, 0x1f, 0xff, 0xfa, 0x0, 0x0, 0x77,
    0x7f, 0xa0, 0x0, 0x0, 0x0, 0xfa, 0x0, 0x0,
    0x0, 0xf, 0xa0, 0x0, 0x0, 0x0, 0xfa, 0x0,
    0x0, 0x0, 0xf, 0xa0, 0x0, 0x0, 0x0, 0xfa,
    0x0, 0x0, 0x0, 0xf, 0xa0, 0x0, 0x37, 0x77,
    0xfd, 0x77, 0x77, 0xff, 0xff, 0xff, 0xff,

    /* U+006A "j" */
    0x0, 0x0, 0x3e, 0xc0, 0x0, 0x0, 0x5f, 0xf0,
    0x0, 0x0, 0x3, 0x20, 0x0, 0x0, 0x0, 0x0,
    0x7f, 0xff, 0xff, 0xd0, 0x37, 0x77, 0x7e, 0xd0,
    0x0, 0x0, 0xc, 0xd0, 0x0, 0x0, 0xc, 0xd0,
    0x0, 0x0, 0xc, 0xd0, 0x0, 0x0, 0xc, 0xd0,
    0x0, 0x0, 0xc, 0xd0, 0x0, 0x0, 0xc, 0xd0,
    0x0, 0x0, 0xc, 0xd0, 0x0, 0x0, 0xd, 0xc0,
    0x0, 0x0, 0x2f, 0xa0, 0x27, 0x79, 0xef, 0x20,
    0x6f, 0xff, 0xb3, 0x0,

    /* U+006B "k" */
    0x4f, 0x50, 0x0, 0x0, 0x0, 0x4f, 0x50, 0x0,
    0x0, 0x0, 0x4f, 0x50, 0x0, 0x0, 0x0, 0x4f,
    0x50, 0x0, 0x5f, 0x80, 0x4f, 0x50, 0x1, 0xec,
    0x0, 0x4f, 0x50, 0xb, 0xf2, 0x0, 0x4f, 0x61,
    0x7f, 0x60, 0x0, 0x4f, 0xff, 0xfd, 0x0, 0x0,
    0x4f, 0x84, 0xaf, 0x40, 0x0, 0x4f, 0x50, 0xe,
    0xe0, 0x0, 0x4f, 0x50, 0x5, 0xf8, 0x0, 0x4f,
    0x50, 0x0, 0xbf, 0x20, 0x4f, 0x50, 0x0, 0x2f,
    0xc0,

    /* U+006C "l" */
    0x7f, 0xff, 0xf9, 0x0, 0x0, 0x37, 0x77, 0xf9,
    0x0, 0x0, 0x0, 0x0, 0xf9, 0x0, 0x0, 0x0,
    0x0, 0xf9, 0x0, 0x0, 0x0, 0x0, 0xf9, 0x0,
    0x0, 0x0, 0x0, 0xf9, 0x0, 0x0, 0x0, 0x0,
    0xf9, 0x0, 0x0, 0x0, 0x0, 0xf9, 0x0, 0x0,
    0x0, 0x0, 0xf9, 0x0, 0x0, 0x0, 0x0, 0xf9,
    0x0, 0x0, 0x0, 0x0, 0xfa, 0x0, 0x0, 0x0,
    0x0, 0xbf, 0x87, 0x76, 0x0, 0x0, 0x1b, 0xff,
    0xfe,

    /* U+006D "m" */
    0xe9, 0xdf, 0x59, 0xfb, 0x1e, 0xc2, 0x9f, 0x63,
    0xf8, 0xe9, 0x4, 0xf1, 0xc, 0xbe, 0x90, 0x4f,
    0x10, 0xcb, 0xe9, 0x4, 0xf1, 0xc, 0xbe, 0x90,
    0x4f, 0x10, 0xcb, 0xe9, 0x4, 0xf1, 0xc, 0xbe,
    0x90, 0x4f, 0x10, 0xcb, 0xe9, 0x4, 0xf1, 0xc,
    0xbe, 0x90, 0x4f, 0x10, 0xcb,

    /* U+006E "n" */
    0x5f, 0x5a, 0xfe, 0x90, 0x5, 0xfd, 0x73, 0x7f,
    0xa0, 0x5f, 0x80, 0x0, 0xaf, 0x5, 0xf4, 0x0,
    0x7, 0xf2, 0x5f, 0x40, 0x0, 0x7f, 0x35, 0xf4,
    0x0, 0x7, 0xf3, 0x5f, 0x40, 0x0, 0x7f, 0x35,
    0xf4, 0x0, 0x7, 0xf3, 0x5f, 0x40, 0x0, 0x7f,
    0x35, 0xf4, 0x0, 0x7, 0xf3,

    /* U+006F "o" */
    0x1, 0x9e, 0xfd, 0x70, 0x0, 0xcf, 0x97, 0xbf,
    0x90, 0x4f, 0x70, 0x0, 0xaf, 0x17, 0xf2, 0x0,
    0x5, 0xf4, 0x7f, 0x20, 0x0, 0x5f, 0x47, 0xf2,
    0x0, 0x5, 0xf4, 0x7f, 0x20, 0x0, 0x5f, 0x44,
    0xf7, 0x0, 0xa, 0xf1, 0xc, 0xf9, 0x7a, 0xf9,
    0x0, 0x19, 0xef, 0xd7, 0x0,

    /* U+0070 "p" */
    0x5f, 0x5a, 0xfe, 0x90, 0x5, 0xfd, 0x74, 0x7f,
    0xa0, 0x5f, 0x80, 0x0, 0x9f, 0x15, 0xf4, 0x0,
    0x6, 0xf3, 0x5f, 0x40, 0x0, 0x6f, 0x35, 0xf4,
    0x0, 0x6, 0xf3, 0x5f, 0x50, 0x0, 0x6f, 0x35,
    0xf9, 0x0, 0xa, 0xf1, 0x5f, 0xca, 0x6a, 0xfa,
    0x5, 0xf4, 0xaf, 0xe9, 0x0, 0x5f, 0x40, 0x0,
    0x0, 0x5, 0xf4, 0x0, 0x0, 0x0, 0x5f, 0x40,
    0x0, 0x0, 0x0,

    /* U+0071 "q" */
    0x2, 0xbe, 0xe7, 0x7f, 0x20, 0xdf, 0x86, 0xbc,
    0xf2, 0x4f, 0x60, 0x0, 0xcf, 0x26, 0xf3, 0x0,
    0x8, 0xf2, 0x7f, 0x30, 0x0, 0x7f, 0x27, 0xf3,
    0x0, 0x7, 0xf2, 0x6f, 0x30, 0x0, 0x8f, 0x24,
    0xf6, 0x0, 0xc, 0xf2, 0xd, 0xf8, 0x6b, 0xcf,
    0x20, 0x2b, 0xfe, 0x87, 0xf2, 0x0, 0x0, 0x0,
    0x7f, 0x20, 0x0, 0x0, 0x7, 0xf2, 0x0, 0x0,
    0x0, 0x7f, 0x20,

    /* U+0072 "r" */
    0xfa, 0x6e, 0xfc, 0x30, 0xfd, 0xa4, 0x5d, 0xf1,
    0xfd, 0x0, 0x3, 0xf6, 0xfa, 0x0, 0x1, 0xf8,
    0xfa, 0x0, 0x0, 0x42, 0xfa, 0x0, 0x0, 0x0,
    0xfa, 0x0, 0x0, 0x0, 0xfa, 0x0, 0x0, 0x0,
    0xfa, 0x0, 0x0, 0x0, 0xfa, 0x0, 0x0, 0x0,

    /* U+0073 "s" */
    0x3, 0xbe, 0xfe, 0x91, 0x1, 0xed, 0x65, 0x7f,
    0xc0, 0x4f, 0x40, 0x0, 0x58, 0x3, 0xf9, 0x0,
    0x0, 0x0, 0xb, 0xff, 0xec, 0x81, 0x0, 0x3,
    0x69, 0xbf, 0xc0, 0x0, 0x0, 0x0, 0x7f, 0x25,
    0xd3, 0x0, 0x6, 0xf3, 0x2f, 0xd7, 0x68, 0xed,
    0x0, 0x4c, 0xff, 0xea, 0x20,

    /* U+0074 "t" */
    0x0, 0x2, 0x82, 0x0, 0x0, 0x0, 0x5, 0xf5,
    0x0, 0x0, 0x0, 0x5, 0xf5, 0x0, 0x0, 0x2f,
    0xff, 0xff, 0xff, 0xf5, 0x17, 0x7a, 0xfa, 0x77,
    0x72, 0x0, 0x5, 0xf5, 0x0, 0x0, 0x0, 0x5,
    0xf5, 0x0, 0x0, 0x0, 0x5, 0xf5, 0x0, 0x0,
    0x0, 0x5, 0xf5, 0x0, 0x0, 0x0, 0x5, 0xf5,
    0x0, 0x0, 0x0, 0x4, 0xf5, 0x0, 0x0, 0x0,
    0x1, 0xfd, 0x77, 0x71, 0x0, 0x0, 0x4d, 0xff,
    0xf4,

    /* U+0075 "u" */
    0x6f, 0x30, 0x0, 0x7f, 0x36, 0xf3, 0x0, 0x7,
    0xf3, 0x6f, 0x30, 0x0, 0x7f, 0x36, 0xf3, 0x0,
    0x7, 0xf3, 0x6f, 0x30, 0x0, 0x7f, 0x36, 0xf3,
    0x0, 0x7, 0xf3, 0x5f, 0x40, 0x0, 0x7f, 0x23,
    0xf8, 0x0, 0xc, 0xf0, 0xb, 0xf9, 0x7b, 0xf8,
    0x0, 0x8, 0xdf, 0xd6, 0x0,

    /* U+0076 "v" */
    0xd, 0xd0, 0x0, 0x0, 0xfa, 0x8, 0xf3, 0x0,
    0x5, 0xf5, 0x3, 0xf8, 0x0, 0xa, 0xf0, 0x0,
    0xdd, 0x0, 0xf, 0xa0, 0x0, 0x8f, 0x20, 0x5f,
    0x50, 0x0, 0x2f, 0x70, 0xaf, 0x0, 0x0, 0xd,
    0xc0, 0xfa, 0x0, 0x0, 0x8, 0xf5, 0xf4, 0x0,
    0x0, 0x2, 0xfd, 0xf0, 0x0, 0x0, 0x0, 0xdf,
    0xa0, 0x0,

    /* U+0077 "w" */
    0x5f, 0x0, 0x7f, 0x40, 0x2f, 0x23, 0xf2, 0xa,
    0xe7, 0x5, 0xf0, 0xf, 0x50, 0xda, 0xa0, 0x7c,
    0x0, 0xe7, 0xf, 0x5d, 0x9, 0xa0, 0xb, 0x93,
    0xe2, 0xf0, 0xc7, 0x0, 0x8b, 0x6b, 0xf, 0x2e,
    0x40, 0x6, 0xe8, 0x80, 0xc6, 0xf2, 0x0, 0x3f,
    0xb6, 0xa, 0xbf, 0x0, 0x1, 0xff, 0x30, 0x7f,
    0xc0, 0x0, 0xe, 0xf0, 0x5, 0xfa, 0x0,

    /* U+0078 "x" */
    0x8, 0xf5, 0x0, 0x8, 0xf5, 0x0, 0xde, 0x10,
    0x2f, 0xb0, 0x0, 0x3f, 0x90, 0xce, 0x10, 0x0,
    0x8, 0xf9, 0xf5, 0x0, 0x0, 0x0, 0xdf, 0xa0,
    0x0, 0x0, 0x1, 0xef, 0xc0, 0x0, 0x0, 0xb,
    0xf5, 0xf8, 0x0, 0x0, 0x6f, 0x70, 0xaf, 0x30,
    0x2, 0xfc, 0x0, 0x1e, 0xd0, 0xb, 0xf2, 0x0,
    0x5, 0xf9,

    /* U+0079 "y" */
    0xd, 0xe0, 0x0, 0x1, 0xfa, 0x6, 0xf4, 0x0,
    0x6, 0xf4, 0x1, 0xfa, 0x0, 0xc, 0xd0, 0x0,
    0xaf, 0x10, 0x2f, 0x70, 0x0, 0x3f, 0x70, 0x8f,
    0x20, 0x0, 0xd, 0xd0, 0xdb, 0x0, 0x0, 0x6,
    0xf6, 0xf5, 0x0, 0x0, 0x0, 0xff, 0xf0, 0x0,
    0x0, 0x0, 0x9f, 0x90, 0x0, 0x0, 0x0, 0x7f,
    0x30, 0x0, 0x0, 0x0, 0xdd, 0x0, 0x0, 0x0,
    0x3, 0xf7, 0x0, 0x0, 0x0, 0x9, 0xf1, 0x0,
    0x0,

    /* U+007A "z" */
    0x3f, 0xff, 0xff, 0xff, 0x1, 0x77, 0x77, 0x8f,
    0xe0, 0x0, 0x0, 0xa, 0xf4, 0x0, 0x0, 0x7,
    0xf7, 0x0, 0x0, 0x4, 0xf9, 0x0, 0x0, 0x2,
    0xec, 0x0, 0x0, 0x0, 0xde, 0x10, 0x0, 0x0,
    0xaf, 0x30, 0x0, 0x0, 0x5f, 0xc7, 0x77, 0x77,
    0x16, 0xff, 0xff, 0xff, 0xf3,

    /* U+007B "{" */
    0x0, 0x0, 0x0, 0x1, 0x0, 0x0, 0x3, 0xcf,
    0xf1, 0x0, 0x0, 0xef, 0x75, 0x0, 0x0, 0xf,
    0x90, 0x0, 0x0, 0x0, 0xfa, 0x0, 0x0, 0x0,
    0xd, 0xc0, 0x0, 0x0, 0x0, 0xcd, 0x0, 0x1,
    0x12, 0x4f, 0x80, 0x0, 0xaf, 0xfe, 0x70, 0x0,
    0x3, 0x45, 0x8f, 0x50, 0x0, 0x0, 0x0, 0xdc,
    0x0, 0x0, 0x0, 0xd, 0xd0, 0x0, 0x0, 0x0,
    0xeb, 0x0, 0x0, 0x0, 0xf, 0xa0, 0x0, 0x0,
    0x0, 0xf9, 0x0, 0x0, 0x0, 0xe, 0xe4, 0x20,
    0x0, 0x0, 0x3e, 0xff, 0x10, 0x0, 0x0, 0x3,
    0x40,

    /* U+007C "|" */
    0x6f, 0x36, 0xf3, 0x6f, 0x36, 0xf3, 0x6f, 0x36,
    0xf3, 0x6f, 0x36, 0xf3, 0x6f, 0x36, 0xf3, 0x6f,
    0x36, 0xf3, 0x6f, 0x36, 0xf3, 0x6f, 0x36, 0xf3,
    0x6f, 0x30,

    /* U+007D "}" */
    0x1, 0x0, 0x0, 0x0, 0x4, 0xff, 0xb1, 0x0,
    0x0, 0x15, 0x8f, 0xb0, 0x0, 0x0, 0x0, 0xcd,
    0x0, 0x0, 0x0, 0xe, 0xb0, 0x0, 0x0, 0x1,
    0xf8, 0x0, 0x0, 0x0, 0x3f, 0x60, 0x0, 0x0,
    0x1, 0xeb, 0x21, 0x10, 0x0, 0x3, 0xef, 0xff,
    0x70, 0x0, 0xdd, 0x64, 0x42, 0x0, 0x3f, 0x60,
    0x0, 0x0, 0x2, 0xf7, 0x0, 0x0, 0x0, 0xf,
    0x90, 0x0, 0x0, 0x0, 0xeb, 0x0, 0x0, 0x0,
    0xc, 0xd0, 0x0, 0x0, 0x25, 0xfb, 0x0, 0x0,
    0x4f, 0xfd, 0x20, 0x0, 0x1, 0x43, 0x0, 0x0,
    0x0,

    /* U+007E "~" */
    0x0, 0x0, 0x0, 0x1, 0x2, 0xcf, 0xe5, 0x0,
    0xf8, 0x9f, 0x5b, 0xf6, 0x4f, 0x7b, 0xc0, 0xa,
    0xff, 0xd1, 0x23, 0x0, 0x2, 0x30, 0x0,

    /* U+00A0 " " */

    /* U+00A1 "¡" */
    0xbf, 0x7c, 0xf9, 0x2, 0x1, 0x30, 0x5f, 0x26,
    0xf2, 0x6f, 0x36, 0xf3, 0x7f, 0x47, 0xf4, 0x7f,
    0x48, 0xf5, 0x8f, 0x50,

    /* U+00A2 "¢" */
    0x0, 0x1, 0xd0, 0x0, 0x0, 0x0, 0x1f, 0x0,
    0x0, 0x0, 0x16, 0xf5, 0x10, 0x0, 0x4e, 0xff,
    0xff, 0x50, 0x1e, 0xd3, 0xf1, 0xcf, 0x14, 0xf5,
    0x1f, 0x4, 0xe4, 0x6f, 0x31, 0xf0, 0x0, 0x6,
    0xf3, 0x1f, 0x0, 0x0, 0x6f, 0x31, 0xf0, 0x0,
    0x5, 0xf4, 0x1f, 0x3, 0xb3, 0x1f, 0xc2, 0xf0,
    0xbf, 0x20, 0x6f, 0xff, 0xef, 0x70, 0x0, 0x39,
    0xf8, 0x30, 0x0, 0x0, 0x1f, 0x0, 0x0, 0x0,
    0x1, 0xf0, 0x0, 0x0,

    /* U+00A3 "£" */
    0x2, 0x9e, 0xfd, 0x80, 0x1, 0xef, 0x97, 0xbf,
    0xb0, 0x6f, 0x60, 0x0, 0xaf, 0x26, 0xf4, 0x0,
    0x1, 0x30, 0x2f, 0x90, 0x0, 0x0, 0x1, 0x9f,
    0x41, 0x11, 0x0, 0xaf, 0xff, 0xff, 0xd0, 0x3,
    0x4d, 0xf4, 0x43, 0x0, 0x0, 0xbe, 0x0, 0x0,
    0x0, 0x2f, 0xa0, 0x0, 0x0, 0x1d, 0xf1, 0x0,
    0x0, 0xa, 0xf9, 0x66, 0x66, 0x64, 0xaf, 0xff,
    0xff, 0xff, 0xa0,

    /* U+00A4 "¤" */
    0x0, 0x0, 0x0, 0x0, 0x0, 0x0, 0xa7, 0x0,
    0x0, 0x8, 0x60, 0xb, 0xfa, 0xdf, 0xda, 0xfa,
    0x0, 0xd, 0xf7, 0x48, 0xfb, 0x0, 0x1, 0xf5,
    0x0, 0x8, 0xe0, 0x0, 0x4f, 0x10, 0x0, 0x4f,
    0x0, 0x2, 0xf3, 0x0, 0x7, 0xf0, 0x0, 0xd,
    0xe3, 0x5, 0xea, 0x0, 0x9, 0xfd, 0xff, 0xfd,
    0xf6, 0x0, 0xb9, 0x1, 0x20, 0xc, 0xa0, 0x0,
    0x0, 0x0, 0x0, 0x0, 0x0,

    /* U+00A5 "¥" */
    0x2f, 0x90, 0x0, 0x0, 0xbe, 0x0, 0xaf, 0x10,
    0x0, 0x3f, 0x70, 0x2, 0xf8, 0x0, 0xb, 0xe0,
    0x0, 0xb, 0xf1, 0x2, 0xf7, 0x0, 0x0, 0x3f,
    0x70, 0xaf, 0x10, 0x0, 0x0, 0xbe, 0x2f, 0x80,
    0x0, 0x0, 0x15, 0xfd, 0xf2, 0x10, 0x0, 0xef,
    0xff, 0xff, 0xff, 0xb0, 0x3, 0x44, 0x8f, 0x64,
    0x42, 0x0, 0x11, 0x17, 0xf4, 0x11, 0x0, 0xe,
    0xff, 0xff, 0xff, 0xfb, 0x0, 0x34, 0x49, 0xf6,
    0x44, 0x30, 0x0, 0x0, 0x6f, 0x30, 0x0, 0x0,

    /* U+00A6 "¦" */
    0x5c, 0x26, 0xf3, 0x6f, 0x36, 0xf3, 0x6f, 0x36,
    0xf3, 0x6f, 0x30, 0x0, 0x0, 0x0, 0x0, 0x5c,
    0x26, 0xf3, 0x6f, 0x36, 0xf3, 0x6f, 0x36, 0xf3,
    0x6f, 0x30,

    /* U+00A7 "§" */
    0x2, 0xbe, 0xfe, 0xa2, 0x0, 0xee, 0x87, 0x8f,
    0xd0, 0x4f, 0x50, 0x0, 0x5a, 0x24, 0xf5, 0x0,
    0x0, 0x0, 0xe, 0xe8, 0x41, 0x0, 0x0, 0x2d,
    0xcd, 0xfb, 0x10, 0xd, 0x80, 0x0, 0xbd, 0x5,
    0xf3, 0x0, 0x4, 0xf4, 0x6f, 0x60, 0x0, 0x6f,
    0x41, 0xff, 0x96, 0x6e, 0xe0, 0x5, 0xff, 0xff,
    0xd2, 0x0, 0x1, 0x58, 0xbf, 0xd0, 0x0, 0x0,
    0x0, 0x8f, 0x44, 0x71, 0x0, 0x4, 0xf5, 0x5f,
    0xa2, 0x13, 0xcf, 0x10, 0x9f, 0xff, 0xfe, 0x50,
    0x0, 0x13, 0x43, 0x0, 0x0,

    /* U+00A8 "¨" */
    0x3, 0x0, 0x3, 0xa, 0xf7, 0xa, 0xf7, 0x7f,
    0x50, 0x7f, 0x50,

    /* U+00A9 "©" */
    0x0, 0x19, 0xde, 0xc8, 0x0, 0x3, 0xe6, 0x0,
    0x18, 0xd1, 0xc, 0x41, 0xbf, 0xb1, 0x89, 0x1e,
    0x9, 0xa0, 0xb9, 0x1e, 0x2c, 0xc, 0x60, 0x12,
    0xf, 0x3c, 0xc, 0x60, 0x0, 0xf, 0x2c, 0xc,
    0x60, 0x12, 0xf, 0x1e, 0x9, 0xa0, 0xb9, 0x1e,
    0xc, 0x41, 0xbf, 0xb1, 0x89, 0x3, 0xe6, 0x0,
    0x18, 0xd1, 0x0, 0x29, 0xde, 0xd8, 0x10,

    /* U+00AA "ª" */
    0x9, 0xb9, 0x6, 0x80, 0x97, 0x0, 0x5, 0x94,
    0xbb, 0xd9, 0xc2, 0x7, 0x94, 0xba, 0x67,

    /* U+00AB "«" */
    0x0, 0x2, 0x95, 0x0, 0x87, 0x0, 0x0, 0xde,
    0x10, 0x9f, 0x40, 0x0, 0xaf, 0x30, 0x6f, 0x60,
    0x0, 0x7f, 0x50, 0x3f, 0x90, 0x0, 0x3f, 0x90,
    0xe, 0xd0, 0x0, 0x0, 0xce, 0x10, 0x8f, 0x40,
    0x0, 0x1, 0xec, 0x0, 0xbf, 0x20, 0x0, 0x3,
    0xfa, 0x1, 0xdd, 0x10, 0x0, 0x6, 0xf7, 0x2,
    0xfb, 0x0,

    /* U+00AC "¬" */
    0x2, 0x22, 0x22, 0x22, 0x3f, 0xff, 0xff, 0xff,
    0x15, 0x55, 0x55, 0xaf, 0x0, 0x0, 0x0, 0x8f,
    0x0, 0x0, 0x0, 0x6d,

    /* U+00AD "­" */
    0x2, 0x22, 0x22, 0x7, 0xff, 0xff, 0xf4, 0x25,
    0x55, 0x55, 0x10,

    /* U+00AE "®" */
    0x0, 0x19, 0xde, 0xc8, 0x0, 0x3, 0xe6, 0x0,
    0x18, 0xd1, 0xc, 0x48, 0xed, 0xa0, 0x89, 0x1e,
    0x9, 0x80, 0xa7, 0x1e, 0x2c, 0x9, 0x80, 0xa7,
    0xf, 0x3c, 0x9, 0xfe, 0xd1, 0xf, 0x2c, 0x9,
    0x84, 0xd0, 0xf, 0x1e, 0x9, 0x80, 0xd4, 0x1e,
    0xc, 0x44, 0x30, 0x34, 0x89, 0x3, 0xe6, 0x0,
    0x18, 0xd1, 0x0, 0x29, 0xde, 0xd8, 0x10,

    /* U+00AF "¯" */
    0x1, 0x11, 0x11, 0x7, 0xff, 0xff, 0xf4, 0x24,
    0x44, 0x44, 0x10,

    /* U+00B0 "°" */
    0x4, 0xdf, 0xc2, 0x1, 0xf5, 0x8, 0xd0, 0x4e,
    0x0, 0x1f, 0x1, 0xf5, 0x8, 0xd0, 0x4, 0xdf,
    0xc2, 0x0,

    /* U+00B1 "±" */
    0x0, 0x6, 0xf3, 0x0, 0x0, 0x0, 0x6f, 0x30,
    0x0, 0x12, 0x27, 0xf4, 0x22, 0x1d, 0xff, 0xff,
    0xff, 0xfa, 0x45, 0x59, 0xf7, 0x55, 0x30, 0x0,
    0x6f, 0x30, 0x0, 0x0, 0x6, 0xf3, 0x0, 0x0,
    0x0, 0x6f, 0x30, 0x0, 0x24, 0x48, 0xf6, 0x44,
    0x2b, 0xff, 0xff, 0xff, 0xf8,

    /* U+00B2 "²" */
    0x3, 0xdf, 0xc3, 0x1, 0xf8, 0x3a, 0xe0, 0x28,
    0x0, 0x2f, 0x20, 0x0, 0x9, 0xd0, 0x0, 0xa,
    0xe2, 0x0, 0x1c, 0xc1, 0x0, 0x1d, 0xc3, 0x22,
    0x3, 0xff, 0xff, 0xf3,

    /* U+00B3 "³" */
    0x1f, 0xff, 0xff, 0x0, 0x22, 0x3c, 0xb0, 0x0,
    0x2d, 0x70, 0x0, 0x5, 0xfe, 0x50, 0x0, 0x0,
    0x5f, 0x14, 0x80, 0x0, 0xf4, 0x3f, 0x73, 0x9f,
    0x10, 0x5d, 0xfc, 0x30,

    /* U+00B4 "´" */
    0x0, 0x75, 0xa, 0xe1, 0x7f, 0x30,

    /* U+00B5 "µ" */
    0x5f, 0x40, 0x0, 0x8f, 0x25, 0xf4, 0x0, 0x8,
    0xf2, 0x5f, 0x40, 0x0, 0x8f, 0x25, 0xf4, 0x0,
    0x8, 0xf2, 0x5f, 0x40, 0x0, 0x8f, 0x25, 0xf4,
    0x0, 0x8, 0xf2, 0x5f, 0x50, 0x0, 0x8f, 0x25,
    0xf8, 0x0, 0xb, 0xf2, 0x5f, 0xd7, 0x49, 0xdf,
    0x25, 0xf7, 0xdf, 0xb8, 0xf2, 0x5f, 0x40, 0x0,
    0x0, 0x5, 0xf4, 0x0, 0x0, 0x0, 0x5f, 0x40,
    0x0, 0x0, 0x0,

    /* U+00B6 "¶" */
    0x6, 0xdf, 0xf0, 0x5f, 0x15, 0xff, 0xff, 0x5,
    0xf1, 0xbf, 0xff, 0xf0, 0x5f, 0x1d, 0xff, 0xff,
    0x5, 0xf1, 0xcf, 0xff, 0xf0, 0x5f, 0x19, 0xff,
    0xff, 0x5, 0xf1, 0x1d, 0xff, 0xf0, 0x5f, 0x10,
    0x5, 0xaf, 0x5, 0xf1, 0x0, 0x6, 0xf0, 0x5f,
    0x10, 0x0, 0x6f, 0x5, 0xf1, 0x0, 0x6, 0xf0,
    0x5f, 0x10, 0x0, 0x6f, 0x5, 0xf1, 0x0, 0x6,
    0xf0, 0x5f, 0x10, 0x0, 0x6f, 0x5, 0xf1, 0x0,
    0x6, 0xf0, 0x5f, 0x10, 0x0, 0x6f, 0x5, 0xf1,

    /* U+00B7 "·" */
    0x8, 0xd5, 0xf, 0xfd, 0xa, 0xf7,

    /* U+00B8 "¸" */
    0x9, 0x60, 0x0, 0xbd, 0x80, 0x0, 0x6f, 0x44,
    0xff, 0xa0,

    /* U+00B9 "¹" */
    0x3, 0xcf, 0x90, 0x3, 0xf8, 0xb9, 0x0, 0x12,
    0xb, 0x90, 0x0, 0x0, 0xb9, 0x0, 0x0, 0xb,
    0x90, 0x0, 0x0, 0xb9, 0x0, 0x2, 0x2c, 0xa2,
    0x14, 0xff, 0xff, 0xfa,

    /* U+00BA "º" */
    0x9, 0xb8, 0x8, 0x70, 0xa5, 0xa3, 0x7, 0x7a,
    0x30, 0x77, 0x86, 0xa, 0x51, 0xab, 0x80,

    /* U+00BB "»" */
    0x18, 0x60, 0x7, 0x80, 0x0, 0x0, 0x7f, 0x50,
    0x3f, 0xa0, 0x0, 0x0, 0xaf, 0x30, 0x6f, 0x70,
    0x0, 0x0, 0xce, 0x10, 0x9f, 0x40, 0x0, 0x1,
    0xfb, 0x0, 0xde, 0x10, 0x0, 0x8f, 0x50, 0x4f,
    0xa0, 0x0, 0x4f, 0x80, 0x2e, 0xc0, 0x0, 0x2f,
    0xb0, 0xd, 0xe1, 0x0, 0xd, 0xd1, 0xa, 0xf3,
    0x0, 0x0,

    /* U+00BC "¼" */
    0x5, 0xfc, 0x0, 0x0, 0x2f, 0x50, 0xd7, 0xc0,
    0x0, 0xc, 0xa0, 0x1, 0x5c, 0x0, 0x8, 0xe1,
    0x0, 0x5, 0xc0, 0x3, 0xf4, 0x0, 0x0, 0x5c,
    0x0, 0xd8, 0x0, 0x6, 0xee, 0xee, 0xed, 0x0,
    0x0, 0x0, 0x0, 0x4f, 0x30, 0x0, 0x0, 0x0,
    0x1e, 0x70, 0x58, 0x0, 0x0, 0xb, 0xc0, 0x2e,
    0x20, 0x0, 0x6, 0xf2, 0xc, 0x64, 0x80, 0x2,
    0xf5, 0x7, 0xb0, 0x5b, 0x0, 0xca, 0x0, 0x7e,
    0xee, 0xb0, 0x8e, 0x10, 0x0, 0x0, 0x5b, 0x0,

    /* U+00BD "½" */
    0x0, 0x0, 0x0, 0x0, 0x0, 0x0, 0x6f, 0xc0,
    0x0, 0x3, 0xf4, 0xd, 0x7c, 0x0, 0x0, 0xd9,
    0x0, 0x15, 0xc0, 0x0, 0x8d, 0x0, 0x0, 0x5c,
    0x0, 0x3f, 0x30, 0x0, 0x5, 0xc0, 0xd, 0x80,
    0x0, 0x6e, 0xee, 0xef, 0xc0, 0x0, 0x0, 0x0,
    0x4, 0xf2, 0x0, 0x0, 0x0, 0x1, 0xe6, 0x7d,
    0xd5, 0x0, 0x0, 0xbb, 0x3e, 0x12, 0xf1, 0x0,
    0x7e, 0x10, 0x0, 0x1f, 0x10, 0x2f, 0x50, 0x0,
    0x4d, 0x60, 0xd, 0xa0, 0x1, 0xab, 0x20, 0x8,
    0xd0, 0x0, 0x4e, 0xde, 0xe3,

    /* U+00BE "¾" */
    0x1e, 0xee, 0xb0, 0x0, 0x2e, 0x50, 0x3, 0xb3,
    0x0, 0xc, 0xb0, 0x0, 0xbc, 0x30, 0x8, 0xe1,
    0x0, 0x0, 0x4e, 0x3, 0xf4, 0x0, 0x6b, 0x3,
    0xf1, 0xe9, 0x0, 0x0, 0x9d, 0xc4, 0xad, 0x0,
    0x0, 0x0, 0x0, 0x5f, 0x30, 0x0, 0x0, 0x0,
    0x1e, 0x70, 0x68, 0x0, 0x0, 0xb, 0xc0, 0x2e,
    0x20, 0x0, 0x7, 0xf2, 0xc, 0x64, 0x80, 0x2,
    0xf6, 0x7, 0xb0, 0x5b, 0x0, 0xda, 0x0, 0x7e,
    0xee, 0xb0, 0x8e, 0x10, 0x0, 0x0, 0x5b, 0x0,

    /* U+00BF "¿" */
    0x0, 0xc, 0xf6, 0x0, 0x0, 0xef, 0x80, 0x0,
    0x0, 0x10, 0x0, 0x0, 0x0, 0x0, 0x0, 0x7,
    0xe1, 0x0, 0x0, 0x8f, 0x10, 0x6, 0xef, 0xf1,
    0x5, 0xfc, 0x53, 0x0, 0xce, 0x0, 0x0, 0xe,
    0xb0, 0x0, 0x0, 0xbf, 0x20, 0x0, 0x3, 0xff,
    0x98, 0x83, 0x3, 0xbe, 0xff, 0x70,

    /* U+00C0 "À" */
    0x0, 0xc, 0xd1, 0x0, 0x0, 0x0, 0x1, 0xeb,
    0x0, 0x0, 0x0, 0x0, 0x38, 0x20, 0x0, 0x0,
    0x0, 0x0, 0x0, 0x0, 0x0, 0x0, 0xdf, 0xa0,
    0x0, 0x0, 0x1, 0xfe, 0xe0, 0x0, 0x0, 0x5,
    0xf7, 0xf2, 0x0, 0x0, 0x9, 0xe1, 0xf6, 0x0,
    0x0, 0xd, 0xa0, 0xda, 0x0, 0x0, 0x2f, 0x50,
    0x9e, 0x0, 0x0, 0x6f, 0x10, 0x4f, 0x30, 0x0,
    0xae, 0x11, 0x2f, 0x70, 0x0, 0xef, 0xff, 0xff,
    0xb0, 0x2, 0xf8, 0x44, 0x4a, 0xf0, 0x7, 0xf2,
    0x0, 0x5, 0xf3, 0xb, 0xe0, 0x0, 0x1, 0xf8,
    0xf, 0xa0, 0x0, 0x0, 0xdc,

    /* U+00C1 "Á" */
    0x0, 0x0, 0x2, 0xf9, 0x0, 0x0, 0x0, 0xd,
    0xc0, 0x0, 0x0, 0x0, 0x38, 0x10, 0x0, 0x0,
    0x0, 0x0, 0x0, 0x0, 0x0, 0x0, 0xdf, 0xa0,
    0x0, 0x0, 0x1, 0xfe, 0xe0, 0x0, 0x0, 0x5,
    0xf7, 0xf2, 0x0, 0x0, 0x9, 0xe1, 0xf6, 0x0,
    0x0, 0xd, 0xa0, 0xda, 0x0, 0x0, 0x2f, 0x50,
    0x9e, 0x0, 0x0, 0x6f, 0x10, 0x4f, 0x30, 0x0,
    0xae, 0x11, 0x2f, 0x70, 0x0, 0xef, 0xff, 0xff,
    0xb0, 0x2, 0xf8, 0x44, 0x4a, 0xf0, 0x7, 0xf2,
    0x0, 0x5, 0xf3, 0xb, 0xe0, 0x0, 0x1, 0xf8,
    0xf, 0xa0, 0x0, 0x0, 0xdc,

    /* U+00C2 "Â" */
    0x0, 0x1, 0xcf, 0xa0, 0x0, 0x0, 0x1c, 0xd5,
    0xfa, 0x0, 0x0, 0x47, 0x10, 0x38, 0x30, 0x0,
    0x0, 0x0, 0x0, 0x0, 0x0, 0x0, 0xdf, 0xa0,
    0x0, 0x0, 0x1, 0xfe, 0xe0, 0x0, 0x0, 0x5,
    0xf7, 0xf2, 0x0, 0x0, 0x9, 0xe1, 0xf6, 0x0,
    0x0, 0xd, 0xa0, 0xda, 0x0, 0x0, 0x2f, 0x50,
    0x9e, 0x0, 0x0, 0x6f, 0x10, 0x4f, 0x30, 0x0,
    0xae, 0x11, 0x2f, 0x70, 0x0, 0xef, 0xff, 0xff,
    0xb0, 0x2, 0xf8, 0x44, 0x4a, 0xf0, 0x7, 0xf2,
    0x0, 0x5, 0xf3, 0xb, 0xe0, 0x0, 0x1, 0xf8,
    0xf, 0xa0, 0x0, 0x0, 0xdc,

    /* U+00C3 "Ã" */
    0x0, 0x1c, 0xd7, 0xd, 0x30, 0x0, 0x7c, 0x2c,
    0xfd, 0x0, 0x0, 0x1, 0x0, 0x10, 0x0, 0x0,
    0x0, 0x0, 0x0, 0x0, 0x0, 0x0, 0xdf, 0xa0,
    0x0, 0x0, 0x1, 0xfe, 0xe0, 0x0, 0x0, 0x5,
    0xf7, 0xf2, 0x0, 0x0, 0x9, 0xe1, 0xf6, 0x0,
    0x0, 0xd, 0xa0, 0xda, 0x0, 0x0, 0x2f, 0x50,
    0x9e, 0x0, 0x0, 0x6f, 0x10, 0x4f, 0x30, 0x0,
    0xae, 0x11, 0x2f, 0x70, 0x0, 0xef, 0xff, 0xff,
    0xb0, 0x2, 0xf8, 0x44, 0x4a, 0xf0, 0x7, 0xf2,
    0x0, 0x5, 0xf3, 0xb, 0xe0, 0x0, 0x1, 0xf8,
    0xf, 0xa0, 0x0, 0x0, 0xdc,

    /* U+00C4 "Ä" */
    0x0, 0x7f, 0x40, 0x7f, 0x40, 0x0, 0xaf, 0x70,
    0xaf, 0x70, 0x0, 0x3, 0x0, 0x3, 0x0, 0x0,
    0x0, 0x0, 0x0, 0x0, 0x0, 0x0, 0xdf, 0xa0,
    0x0, 0x0, 0x1, 0xfe, 0xe0, 0x0, 0x0, 0x5,
    0xf7, 0xf2, 0x0, 0x0, 0x9, 0xe1, 0xf6, 0x0,
    0x0, 0xd, 0xa0, 0xda, 0x0, 0x0, 0x2f, 0x50,
    0x9e, 0x0, 0x0, 0x6f, 0x10, 0x4f, 0x30, 0x0,
    0xae, 0x11, 0x2f, 0x70, 0x0, 0xef, 0xff, 0xff,
    0xb0, 0x2, 0xf8, 0x44, 0x4a, 0xf0, 0x7, 0xf2,
    0x0, 0x5, 0xf3, 0xb, 0xe0, 0x0, 0x1, 0xf8,
    0xf, 0xa0, 0x0, 0x0, 0xdc,

    /* U+00C5 "Å" */
    0x0, 0x2, 0xce, 0xa0, 0x0, 0x0, 0xa, 0x80,
    0xb7, 0x0, 0x0, 0xa, 0x80, 0xb7, 0x0, 0x0,
    0x2, 0xce, 0xa0, 0x0, 0x0, 0x0, 0x0, 0x0,
    0x0, 0x0, 0x0, 0xdf, 0xa0, 0x0, 0x0, 0x1,
    0xfe, 0xe0, 0x0, 0x0, 0x5, 0xf7, 0xf2, 0x0,
    0x0, 0x9, 0xe1, 0xf6, 0x0, 0x0, 0xd, 0xa0,
    0xda, 0x0, 0x0, 0x2f, 0x50, 0x9e, 0x0, 0x0,
    0x6f, 0x10, 0x4f, 0x30, 0x0, 0xae, 0x11, 0x2f,
    0x70, 0x0, 0xef, 0xff, 0xff, 0xb0, 0x2, 0xf8,
    0x44, 0x4a, 0xf0, 0x7, 0xf2, 0x0, 0x5, 0xf3,
    0xb, 0xe0, 0x0, 0x1, 0xf8, 0xf, 0xa0, 0x0,
    0x0, 0xdc,

    /* U+00C6 "Æ" */
    0x0, 0xf, 0xff, 0xff, 0xff, 0x40, 0x2, 0xfa,
    0xcf, 0x77, 0x71, 0x0, 0x5f, 0x39, 0xf0, 0x0,
    0x0, 0x8, 0xf0, 0x9f, 0x0, 0x0, 0x0, 0xbd,
    0x9, 0xf0, 0x0, 0x0, 0xf, 0xa0, 0x9f, 0x22,
    0x10, 0x2, 0xf6, 0x9, 0xff, 0xfd, 0x0, 0x5f,
    0x41, 0x9f, 0x55, 0x40, 0x8, 0xff, 0xff, 0xf0,
    0x0, 0x0, 0xcd, 0x44, 0xaf, 0x0, 0x0, 0xf,
    0xa0, 0x9, 0xf0, 0x0, 0x2, 0xf7, 0x0, 0x9f,
    0x77, 0x71, 0x5f, 0x40, 0x9, 0xff, 0xff, 0x40,

    /* U+00C7 "Ç" */
    0x0, 0x7d, 0xfd, 0x80, 0x0, 0xbf, 0xb7, 0xaf,
    0xb0, 0x2f, 0x90, 0x0, 0x8f, 0x35, 0xf5, 0x0,
    0x2, 0xa3, 0x5f, 0x40, 0x0, 0x0, 0x5, 0xf4,
    0x0, 0x0, 0x0, 0x5f, 0x40, 0x0, 0x0, 0x5,
    0xf4, 0x0, 0x0, 0x0, 0x5f, 0x40, 0x0, 0x0,
    0x5, 0xf5, 0x0, 0x2, 0xa3, 0x2f, 0x90, 0x0,
    0x8f, 0x30, 0xaf, 0xa7, 0xaf, 0xb0, 0x0, 0x8e,
    0xfd, 0x80, 0x0, 0x0, 0xca, 0x30, 0x0, 0x0,
    0x1, 0x6f, 0x50, 0x0, 0x3, 0xff, 0xc1, 0x0,

    /* U+00C8 "È" */
    0x0, 0xaf, 0x20, 0x0, 0x0, 0x0, 0xcd, 0x0,
    0x0, 0x0, 0x1, 0x84, 0x0, 0x0, 0x0, 0x0,
    0x0, 0x0, 0x3f, 0xff, 0xff, 0xff, 0x53, 0xfa,
    0x77, 0x77, 0x72, 0x3f, 0x60, 0x0, 0x0, 0x3,
    0xf6, 0x0, 0x0, 0x0, 0x3f, 0x60, 0x0, 0x0,
    0x3, 0xf7, 0x11, 0x11, 0x10, 0x3f, 0xff, 0xff,
    0xfb, 0x3, 0xf9, 0x44, 0x44, 0x30, 0x3f, 0x60,
    0x0, 0x0, 0x3, 0xf6, 0x0, 0x0, 0x0, 0x3f,
    0x60, 0x0, 0x0, 0x3, 0xfa, 0x77, 0x77, 0x72,
    0x3f, 0xff, 0xff, 0xff, 0x50,

    /* U+00C9 "É" */
    0x0, 0x0, 0x1e, 0xc0, 0x0, 0x0, 0xb, 0xe1,
    0x0, 0x0, 0x2, 0x83, 0x0, 0x0, 0x0, 0x0,
    0x0, 0x0, 0x3f, 0xff, 0xff, 0xff, 0x53, 0xfa,
    0x77, 0x77, 0x72, 0x3f, 0x60, 0x0, 0x0, 0x3,
    0xf6, 0x0, 0x0, 0x0, 0x3f, 0x60, 0x0, 0x0,
    0x3, 0xf7, 0x11, 0x11, 0x10, 0x3f, 0xff, 0xff,
    0xfb, 0x3, 0xf9, 0x44, 0x44, 0x30, 0x3f, 0x60,
    0x0, 0x0, 0x3, 0xf6, 0x0, 0x0, 0x0, 0x3f,
    0x60, 0x0, 0x0, 0x3, 0xfa, 0x77, 0x77, 0x72,
    0x3f, 0xff, 0xff, 0xff, 0x50,

    /* U+00CA "Ê" */
    0x0, 0xa, 0xfc, 0x0, 0x0, 0xa, 0xf5, 0xdc,
    0x0, 0x3, 0x83, 0x1, 0x74, 0x0, 0x0, 0x0,
    0x0, 0x0, 0x3f, 0xff, 0xff, 0xff, 0x53, 0xfa,
    0x77, 0x77, 0x72, 0x3f, 0x60, 0x0, 0x0, 0x3,
    0xf6, 0x0, 0x0, 0x0, 0x3f, 0x60, 0x0, 0x0,
    0x3, 0xf7, 0x11, 0x11, 0x10, 0x3f, 0xff, 0xff,
    0xfb, 0x3, 0xf9, 0x44, 0x44, 0x30, 0x3f, 0x60,
    0x0, 0x0, 0x3, 0xf6, 0x0, 0x0, 0x0, 0x3f,
    0x60, 0x0, 0x0, 0x3, 0xfa, 0x77, 0x77, 0x72,
    0x3f, 0xff, 0xff, 0xff, 0x50,

    /* U+00CB "Ë" */
    0x5, 0xf7, 0x5, 0xf7, 0x0, 0x7f, 0xa0, 0x7f,
    0xa0, 0x0, 0x30, 0x0, 0x30, 0x0, 0x0, 0x0,
    0x0, 0x0, 0x3f, 0xff, 0xff, 0xff, 0x53, 0xfa,
    0x77, 0x77, 0x72, 0x3f, 0x60, 0x0, 0x0, 0x3,
    0xf6, 0x0, 0x0, 0x0, 0x3f, 0x60, 0x0, 0x0,
    0x3, 0xf7, 0x11, 0x11, 0x10, 0x3f, 0xff, 0xff,
    0xfb, 0x3, 0xf9, 0x44, 0x44, 0x30, 0x3f, 0x60,
    0x0, 0x0, 0x3, 0xf6, 0x0, 0x0, 0x0, 0x3f,
    0x60, 0x0, 0x0, 0x3, 0xfa, 0x77, 0x77, 0x72,
    0x3f, 0xff, 0xff, 0xff, 0x50,

    /* U+00CC "Ì" */
    0x0, 0xcd, 0x10, 0x0, 0x0, 0x1e, 0xb0, 0x0,
    0x0, 0x3, 0x82, 0x0, 0x0, 0x0, 0x0, 0x0,
    0x1f, 0xff, 0xff, 0xfe, 0x7, 0x7a, 0xf9, 0x76,
    0x0, 0x6, 0xf3, 0x0, 0x0, 0x6, 0xf3, 0x0,
    0x0, 0x6, 0xf3, 0x0, 0x0, 0x6, 0xf3, 0x0,
    0x0, 0x6, 0xf3, 0x0, 0x0, 0x6, 0xf3, 0x0,
    0x0, 0x6, 0xf3, 0x0, 0x0, 0x6, 0xf3, 0x0,
    0x0, 0x6, 0xf3, 0x0, 0x7, 0x7b, 0xf9, 0x76,
    0x1f, 0xff, 0xff, 0xfe,

    /* U+00CD "Í" */
    0x0, 0x0, 0x2f, 0x90, 0x0, 0x0, 0xdc, 0x0,
    0x0, 0x3, 0x81, 0x0, 0x0, 0x0, 0x0, 0x0,
    0x1f, 0xff, 0xff, 0xfe, 0x7, 0x7a, 0xf9, 0x76,
    0x0, 0x6, 0xf3, 0x0, 0x0, 0x6, 0xf3, 0x0,
    0x0, 0x6, 0xf3, 0x0, 0x0, 0x6, 0xf3, 0x0,
    0x0, 0x6, 0xf3, 0x0, 0x0, 0x6, 0xf3, 0x0,
    0x0, 0x6, 0xf3, 0x0, 0x0, 0x6, 0xf3, 0x0,
    0x0, 0x6, 0xf3, 0x0, 0x7, 0x7b, 0xf9, 0x76,
    0x1f, 0xff, 0xff, 0xfe,

    /* U+00CE "Î" */
    0x0, 0x1c, 0xfa, 0x0, 0x1, 0xcd, 0x5f, 0xa0,
    0x4, 0x71, 0x3, 0x83, 0x0, 0x0, 0x0, 0x0,
    0x1f, 0xff, 0xff, 0xfe, 0x7, 0x7a, 0xf9, 0x76,
    0x0, 0x6, 0xf3, 0x0, 0x0, 0x6, 0xf3, 0x0,
    0x0, 0x6, 0xf3, 0x0, 0x0, 0x6, 0xf3, 0x0,
    0x0, 0x6, 0xf3, 0x0, 0x0, 0x6, 0xf3, 0x0,
    0x0, 0x6, 0xf3, 0x0, 0x0, 0x6, 0xf3, 0x0,
    0x0, 0x6, 0xf3, 0x0, 0x7, 0x7b, 0xf9, 0x76,
    0x1f, 0xff, 0xff, 0xfe,

    /* U+00CF "Ï" */
    0x7, 0xf4, 0x7, 0xf4, 0xa, 0xf7, 0xa, 0xf7,
    0x0, 0x30, 0x0, 0x30, 0x0, 0x0, 0x0, 0x0,
    0x1f, 0xff, 0xff, 0xfe, 0x7, 0x7a, 0xf9, 0x76,
    0x0, 0x6, 0xf3, 0x0, 0x0, 0x6, 0xf3, 0x0,
    0x0, 0x6, 0xf3, 0x0, 0x0, 0x6, 0xf3, 0x0,
    0x0, 0x6, 0xf3, 0x0, 0x0, 0x6, 0xf3, 0x0,
    0x0, 0x6, 0xf3, 0x0, 0x0, 0x6, 0xf3, 0x0,
    0x0, 0x6, 0xf3, 0x0, 0x7, 0x7b, 0xf9, 0x76,
    0x1f, 0xff, 0xff, 0xfe,

    /* U+00D0 "Ð" */
    0x5, 0xff, 0xff, 0xc5, 0x0, 0x5, 0xf9, 0x67,
    0xdf, 0x60, 0x5, 0xf4, 0x0, 0xc, 0xe0, 0x5,
    0xf4, 0x0, 0x7, 0xf2, 0x5, 0xf4, 0x0, 0x6,
    0xf3, 0x16, 0xf5, 0x10, 0x6, 0xf3, 0xdf, 0xff,
    0xf3, 0x6, 0xf3, 0x38, 0xf7, 0x40, 0x6, 0xf3,
    0x5, 0xf4, 0x0, 0x6, 0xf3, 0x5, 0xf4, 0x0,
    0x7, 0xf2, 0x5, 0xf4, 0x0, 0xc, 0xe0, 0x5,
    0xf9, 0x67, 0xcf, 0x60, 0x5, 0xff, 0xff, 0xc5,
    0x0,

    /* U+00D1 "Ñ" */
    0x1, 0xcd, 0x70, 0xd3, 0x0, 0x7c, 0x2c, 0xfd,
    0x0, 0x0, 0x10, 0x1, 0x0, 0x0, 0x0, 0x0,
    0x0, 0x0, 0x6f, 0xe0, 0x0, 0x6f, 0x36, 0xff,
    0x50, 0x6, 0xf3, 0x6f, 0xca, 0x0, 0x6f, 0x36,
    0xf8, 0xf1, 0x6, 0xf3, 0x6f, 0x3f, 0x60, 0x6f,
    0x36, 0xf2, 0xac, 0x6, 0xf3, 0x6f, 0x35, 0xf2,
    0x6f, 0x36, 0xf3, 0xe, 0x76, 0xf3, 0x6f, 0x30,
    0x9d, 0x5f, 0x36, 0xf3, 0x3, 0xf8, 0xf3, 0x6f,
    0x30, 0xe, 0xdf, 0x36, 0xf3, 0x0, 0x8f, 0xf3,
    0x6f, 0x30, 0x2, 0xff, 0x30,

    /* U+00D2 "Ò" */
    0x0, 0xcd, 0x10, 0x0, 0x0, 0x1, 0xeb, 0x0,
    0x0, 0x0, 0x3, 0x82, 0x0, 0x0, 0x0, 0x0,
    0x0, 0x0, 0x0, 0x8d, 0xfd, 0x60, 0x0, 0xcf,
    0xa7, 0xbf, 0x90, 0x3f, 0x80, 0x0, 0xbf, 0x6,
    0xf3, 0x0, 0x7, 0xf3, 0x6f, 0x30, 0x0, 0x6f,
    0x36, 0xf3, 0x0, 0x6, 0xf3, 0x6f, 0x30, 0x0,
    0x6f, 0x36, 0xf3, 0x0, 0x6, 0xf3, 0x6f, 0x30,
    0x0, 0x6f, 0x36, 0xf3, 0x0, 0x7, 0xf3, 0x3f,
    0x70, 0x0, 0xbf, 0x0, 0xcf, 0xa7, 0xbf, 0x90,
    0x0, 0x8d, 0xfd, 0x70, 0x0,

    /* U+00D3 "Ó" */
    0x0, 0x0, 0x2f, 0x90, 0x0, 0x0, 0xd, 0xc0,
    0x0, 0x0, 0x3, 0x81, 0x0, 0x0, 0x0, 0x0,
    0x0, 0x0, 0x0, 0x8d, 0xfd, 0x60, 0x0, 0xcf,
    0xa7, 0xbf, 0x90, 0x3f, 0x80, 0x0, 0xbf, 0x6,
    0xf3, 0x0, 0x7, 0xf3, 0x6f, 0x30, 0x0, 0x6f,
    0x36, 0xf3, 0x0, 0x6, 0xf3, 0x6f, 0x30, 0x0,
    0x6f, 0x36, 0xf3, 0x0, 0x6, 0xf3, 0x6f, 0x30,
    0x0, 0x6f, 0x36, 0xf3, 0x0, 0x7, 0xf3, 0x3f,
    0x70, 0x0, 0xbf, 0x0, 0xcf, 0xa7, 0xbf, 0x90,
    0x0, 0x8d, 0xfd, 0x70, 0x0,

    /* U+00D4 "Ô" */
    0x0, 0x1c, 0xfa, 0x0, 0x0, 0x1c, 0xd5, 0xfa,
    0x0, 0x4, 0x71, 0x3, 0x83, 0x0, 0x0, 0x0,
    0x0, 0x0, 0x0, 0x8d, 0xfd, 0x60, 0x0, 0xcf,
    0xa7, 0xbf, 0x90, 0x3f, 0x80, 0x0, 0xbf, 0x6,
    0xf3, 0x0, 0x7, 0xf3, 0x6f, 0x30, 0x0, 0x6f,
    0x36, 0xf3, 0x0, 0x6, 0xf3, 0x6f, 0x30, 0x0,
    0x6f, 0x36, 0xf3, 0x0, 0x6, 0xf3, 0x6f, 0x30,
    0x0, 0x6f, 0x36, 0xf3, 0x0, 0x7, 0xf3, 0x3f,
    0x70, 0x0, 0xbf, 0x0, 0xcf, 0xa7, 0xbf, 0x90,
    0x0, 0x8d, 0xfd, 0x70, 0x0,

    /* U+00D5 "Õ" */
    0x1, 0xcd, 0x70, 0xd3, 0x0, 0x7c, 0x2c, 0xfd,
    0x0, 0x0, 0x10, 0x1, 0x0, 0x0, 0x0, 0x0,
    0x0, 0x0, 0x0, 0x8d, 0xfd, 0x60, 0x0, 0xcf,
    0xa7, 0xbf, 0x90, 0x3f, 0x80, 0x0, 0xbf, 0x6,
    0xf3, 0x0, 0x7, 0xf3, 0x6f, 0x30, 0x0, 0x6f,
    0x36, 0xf3, 0x0, 0x6, 0xf3, 0x6f, 0x30, 0x0,
    0x6f, 0x36, 0xf3, 0x0, 0x6, 0xf3, 0x6f, 0x30,
    0x0, 0x6f, 0x36, 0xf3, 0x0, 0x7, 0xf3, 0x3f,
    0x70, 0x0, 0xbf, 0x0, 0xcf, 0xa7, 0xbf, 0x90,
    0x0, 0x8d, 0xfd, 0x70, 0x0,

    /* U+00D6 "Ö" */
    0x7, 0xf4, 0x7, 0xf4, 0x0, 0xaf, 0x70, 0xaf,
    0x70, 0x0, 0x30, 0x0, 0x30, 0x0, 0x0, 0x0,
    0x0, 0x0, 0x0, 0x8d, 0xfd, 0x60, 0x0, 0xcf,
    0xa7, 0xbf, 0x90, 0x3f, 0x80, 0x0, 0xbf, 0x6,
    0xf3, 0x0, 0x7, 0xf3, 0x6f, 0x30, 0x0, 0x6f,
    0x36, 0xf3, 0x0, 0x6, 0xf3, 0x6f, 0x30, 0x0,
    0x6f, 0x36, 0xf3, 0x0, 0x6, 0xf3, 0x6f, 0x30,
    0x0, 0x6f, 0x36, 0xf3, 0x0, 0x7, 0xf3, 0x3f,
    0x70, 0x0, 0xbf, 0x0, 0xcf, 0xa7, 0xbf, 0x90,
    0x0, 0x8d, 0xfd, 0x70, 0x0,

    /* U+00D7 "×" */
    0x1, 0x0, 0x0, 0x11, 0xd, 0xa0, 0x1, 0xda,
    0x3, 0xfa, 0x1d, 0xd1, 0x0, 0x3f, 0xfd, 0x10,
    0x0, 0x1d, 0xfa, 0x0, 0x1, 0xdd, 0x4f, 0xa0,
    0xd, 0xd1, 0x3, 0xf9, 0x4, 0x10, 0x0, 0x31,

    /* U+00D8 "Ø" */
    0x0, 0x8, 0xdf, 0xd7, 0xbd, 0x0, 0xc, 0xfa,
    0x8b, 0xff, 0x30, 0x4, 0xf8, 0x0, 0xe, 0xf1,
    0x0, 0x6f, 0x30, 0x7, 0xff, 0x30, 0x6, 0xf3,
    0x1, 0xfd, 0xf3, 0x0, 0x6f, 0x30, 0xad, 0x6f,
    0x30, 0x6, 0xf3, 0x3f, 0x46, 0xf3, 0x0, 0x6f,
    0x3d, 0xa0, 0x6f, 0x30, 0x6, 0xfa, 0xf1, 0x6,
    0xf3, 0x0, 0x6f, 0xf7, 0x0, 0x7f, 0x30, 0x3,
    0xfe, 0x0, 0xb, 0xf1, 0x0, 0x3f, 0xfa, 0x7b,
    0xf9, 0x0, 0xc, 0xb8, 0xef, 0xd7, 0x0, 0x1,
    0x82, 0x0, 0x0, 0x0, 0x0,

    /* U+00D9 "Ù" */
    0x0, 0xcd, 0x10, 0x0, 0x0, 0x1, 0xeb, 0x0,
    0x0, 0x0, 0x3, 0x82, 0x0, 0x0, 0x0, 0x0,
    0x0, 0x0, 0x6f, 0x30, 0x0, 0x7f, 0x36, 0xf3,
    0x0, 0x7, 0xf3, 0x6f, 0x30, 0x0, 0x7f, 0x36,
    0xf3, 0x0, 0x7, 0xf3, 0x6f, 0x30, 0x0, 0x7f,
    0x36, 0xf3, 0x0, 0x7, 0xf3, 0x6f, 0x30, 0x0,
    0x7f, 0x36, 0xf3, 0x0, 0x7, 0xf3, 0x6f, 0x30,
    0x0, 0x7f, 0x35, 0xf4, 0x0, 0x7, 0xf2, 0x2f,
    0x80, 0x0, 0xbf, 0x0, 0xbf, 0x97, 0xbf, 0x80,
    0x0, 0x9d, 0xfd, 0x70, 0x0,

    /* U+00DA "Ú" */
    0x0, 0x0, 0x2f, 0x90, 0x0, 0x0, 0xd, 0xc0,
    0x0, 0x0, 0x3, 0x81, 0x0, 0x0, 0x0, 0x0,
    0x0, 0x0, 0x6f, 0x30, 0x0, 0x7f, 0x36, 0xf3,
    0x0, 0x7, 0xf3, 0x6f, 0x30, 0x0, 0x7f, 0x36,
    0xf3, 0x0, 0x7, 0xf3, 0x6f, 0x30, 0x0, 0x7f,
    0x36, 0xf3, 0x0, 0x7, 0xf3, 0x6f, 0x30, 0x0,
    0x7f, 0x36, 0xf3, 0x0, 0x7, 0xf3, 0x6f, 0x30,
    0x0, 0x7f, 0x35, 0xf4, 0x0, 0x7, 0xf2, 0x2f,
    0x80, 0x0, 0xbf, 0x0, 0xbf, 0x97, 0xbf, 0x80,
    0x0, 0x9d, 0xfd, 0x70, 0x0,

    /* U+00DB "Û" */
    0x0, 0x1c, 0xfa, 0x0, 0x0, 0x1c, 0xd5, 0xfa,
    0x0, 0x4, 0x71, 0x3, 0x83, 0x0, 0x0, 0x0,
    0x0, 0x0, 0x6f, 0x30, 0x0, 0x7f, 0x36, 0xf3,
    0x0, 0x7, 0xf3, 0x6f, 0x30, 0x0, 0x7f, 0x36,
    0xf3, 0x0, 0x7, 0xf3, 0x6f, 0x30, 0x0, 0x7f,
    0x36, 0xf3, 0x0, 0x7, 0xf3, 0x6f, 0x30, 0x0,
    0x7f, 0x36, 0xf3, 0x0, 0x7, 0xf3, 0x6f, 0x30,
    0x0, 0x7f, 0x35, 0xf4, 0x0, 0x7, 0xf2, 0x2f,
    0x80, 0x0, 0xbf, 0x0, 0xbf, 0x97, 0xbf, 0x80,
    0x0, 0x9d, 0xfd, 0x70, 0x0,

    /* U+00DC "Ü" */
    0x7, 0xf4, 0x7, 0xf4, 0x0, 0xaf, 0x70, 0xaf,
    0x70, 0x0, 0x30, 0x0, 0x30, 0x0, 0x0, 0x0,
    0x0, 0x0, 0x6f, 0x30, 0x0, 0x7f, 0x36, 0xf3,
    0x0, 0x7, 0xf3, 0x6f, 0x30, 0x0, 0x7f, 0x36,
    0xf3, 0x0, 0x7, 0xf3, 0x6f, 0x30, 0x0, 0x7f,
    0x36, 0xf3, 0x0, 0x7, 0xf3, 0x6f, 0x30, 0x0,
    0x7f, 0x36, 0xf3, 0x0, 0x7, 0xf3, 0x6f, 0x30,
    0x0, 0x7f, 0x35, 0xf4, 0x0, 0x7, 0xf2, 0x2f,
    0x80, 0x0, 0xbf, 0x0, 0xbf, 0x97, 0xbf, 0x80,
    0x0, 0x9d, 0xfd, 0x70, 0x0,

    /* U+00DD "Ý" */
    0x0, 0x0, 0x2, 0xf9, 0x0, 0x0, 0x0, 0x0,
    0xdc, 0x0, 0x0, 0x0, 0x0, 0x38, 0x10, 0x0,
    0x0, 0x0, 0x0, 0x0, 0x0, 0x0, 0x2f, 0x90,
    0x0, 0x0, 0xbe, 0x0, 0xaf, 0x10, 0x0, 0x3f,
    0x70, 0x2, 0xf8, 0x0, 0xb, 0xe0, 0x0, 0xa,
    0xf1, 0x2, 0xf7, 0x0, 0x0, 0x2f, 0x80, 0xae,
    0x0, 0x0, 0x0, 0xbe, 0x3f, 0x70, 0x0, 0x0,
    0x3, 0xfe, 0xf0, 0x0, 0x0, 0x0, 0xb, 0xf8,
    0x0, 0x0, 0x0, 0x0, 0x6f, 0x30, 0x0, 0x0,
    0x0, 0x6, 0xf3, 0x0, 0x0, 0x0, 0x0, 0x6f,
    0x30, 0x0, 0x0, 0x0, 0x6, 0xf3, 0x0, 0x0,
    0x0, 0x0, 0x6f, 0x30, 0x0, 0x0,

    /* U+00DE "Þ" */
    0x6f, 0x30, 0x0, 0x0, 0x6, 0xf3, 0x0, 0x0,
    0x0, 0x6f, 0x51, 0x11, 0x0, 0x6, 0xff, 0xff,
    0xfe, 0x60, 0x6f, 0x74, 0x45, 0xcf, 0x66, 0xf3,
    0x0, 0x0, 0xed, 0x6f, 0x30, 0x0, 0xd, 0xd6,
    0xf5, 0x11, 0x29, 0xf9, 0x6f, 0xff, 0xff, 0xf9,
    0x6, 0xf7, 0x44, 0x31, 0x0, 0x6f, 0x30, 0x0,
    0x0, 0x6, 0xf3, 0x0, 0x0, 0x0, 0x6f, 0x30,
    0x0, 0x0, 0x0,

    /* U+00DF "ß" */
    0x0, 0x8d, 0xfd, 0x70, 0x0, 0xaf, 0xb7, 0xbf,
    0x90, 0x2f, 0x90, 0x0, 0xbf, 0x15, 0xf5, 0x0,
    0x7, 0xf3, 0x5f, 0x40, 0x0, 0x9f, 0x5, 0xf4,
    0x2, 0x6f, 0x60, 0x5f, 0x46, 0xff, 0xa0, 0x5,
    0xf4, 0x14, 0x7e, 0xd0, 0x5f, 0x40, 0x0, 0x4f,
    0x65, 0xf4, 0x0, 0x1, 0xf9, 0x5f, 0x40, 0x0,
    0x6f, 0x75, 0xf4, 0x27, 0xaf, 0xe1, 0x5f, 0x46,
    0xfe, 0xa1, 0x0,

    /* U+00E0 "à" */
    0x0, 0xbe, 0x10, 0x0, 0x0, 0x1, 0xdc, 0x0,
    0x0, 0x0, 0x2, 0x83, 0x0, 0x0, 0x0, 0x0,
    0x0, 0x0, 0x1, 0x9e, 0xfd, 0x80, 0x0, 0xde,
    0x86, 0x9f, 0x90, 0x2a, 0x40, 0x0, 0xaf, 0x0,
    0x0, 0x0, 0x7, 0xf2, 0x7, 0xef, 0xff, 0xff,
    0x26, 0xfa, 0x43, 0x39, 0xf2, 0xbe, 0x0, 0x0,
    0x7f, 0x2b, 0xf0, 0x0, 0xc, 0xf2, 0x5f, 0xc6,
    0x6b, 0xcf, 0x20, 0x6d, 0xfe, 0x77, 0xf2,

    /* U+00E1 "á" */
    0x0, 0x0, 0x1e, 0xb0, 0x0, 0x0, 0xc, 0xd0,
    0x0, 0x0, 0x2, 0x82, 0x0, 0x0, 0x0, 0x0,
    0x0, 0x0, 0x1, 0x9e, 0xfd, 0x80, 0x0, 0xde,
    0x86, 0x9f, 0x90, 0x2a, 0x40, 0x0, 0xaf, 0x0,
    0x0, 0x0, 0x7, 0xf2, 0x7, 0xef, 0xff, 0xff,
    0x26, 0xfa, 0x43, 0x39, 0xf2, 0xbe, 0x0, 0x0,
    0x7f, 0x2b, 0xf0, 0x0, 0xc, 0xf2, 0x5f, 0xc6,
    0x6b, 0xcf, 0x20, 0x6d, 0xfe, 0x77, 0xf2,

    /* U+00E2 "â" */
    0x0, 0xb, 0xfb, 0x0, 0x0, 0xb, 0xe5, 0xeb,
    0x0, 0x4, 0x82, 0x2, 0x83, 0x0, 0x0, 0x0,
    0x0, 0x0, 0x1, 0x9e, 0xfd, 0x80, 0x0, 0xde,
    0x86, 0x9f, 0x90, 0x2a, 0x40, 0x0, 0xaf, 0x0,
    0x0, 0x0, 0x7, 0xf2, 0x7, 0xef, 0xff, 0xff,
    0x26, 0xfa, 0x43, 0x39, 0xf2, 0xbe, 0x0, 0x0,
    0x7f, 0x2b, 0xf0, 0x0, 0xc, 0xf2, 0x5f, 0xc6,
    0x6b, 0xcf, 0x20, 0x6d, 0xfe, 0x77, 0xf2,

    /* U+00E3 "ã" */
    0x1, 0xbe, 0x91, 0xc5, 0x0, 0x5d, 0x1a, 0xfe,
    0x10, 0x0, 0x0, 0x0, 0x0, 0x0, 0x0, 0x0,
    0x0, 0x0, 0x1, 0x9e, 0xfd, 0x80, 0x0, 0xde,
    0x86, 0x9f, 0x90, 0x2a, 0x40, 0x0, 0xaf, 0x0,
    0x0, 0x0, 0x7, 0xf2, 0x7, 0xef, 0xff, 0xff,
    0x26, 0xfa, 0x43, 0x39, 0xf2, 0xbe, 0x0, 0x0,
    0x7f, 0x2b, 0xf0, 0x0, 0xc, 0xf2, 0x5f, 0xc6,
    0x6b, 0xcf, 0x20, 0x6d, 0xfe, 0x77, 0xf2,

    /* U+00E4 "ä" */
    0x6, 0xf6, 0x6, 0xf6, 0x0, 0x8f, 0x80, 0x8f,
    0x80, 0x0, 0x30, 0x0, 0x30, 0x0, 0x0, 0x0,
    0x0, 0x0, 0x1, 0x9e, 0xfd, 0x80, 0x0, 0xde,
    0x86, 0x9f, 0x90, 0x2a, 0x40, 0x0, 0xaf, 0x0,
    0x0, 0x0, 0x7, 0xf2, 0x7, 0xef, 0xff, 0xff,
    0x26, 0xfa, 0x43, 0x39, 0xf2, 0xbe, 0x0, 0x0,
    0x7f, 0x2b, 0xf0, 0x0, 0xc, 0xf2, 0x5f, 0xc6,
    0x6b, 0xcf, 0x20, 0x6d, 0xfe, 0x77, 0xf2,

    /* U+00E5 "å" */
    0x0, 0x1b, 0xeb, 0x10, 0x0, 0x9, 0x90, 0xa8,
    0x0, 0x0, 0x99, 0xa, 0x80, 0x0, 0x1, 0xbe,
    0xb1, 0x0, 0x0, 0x0, 0x0, 0x0, 0x0, 0x19,
    0xef, 0xd8, 0x0, 0xd, 0xe8, 0x69, 0xf9, 0x2,
    0xa4, 0x0, 0xa, 0xf0, 0x0, 0x0, 0x0, 0x7f,
    0x20, 0x7e, 0xff, 0xff, 0xf2, 0x6f, 0xa4, 0x33,
    0x9f, 0x2b, 0xe0, 0x0, 0x7, 0xf2, 0xbf, 0x0,
    0x0, 0xcf, 0x25, 0xfc, 0x66, 0xbc, 0xf2, 0x6,
    0xdf, 0xe7, 0x7f, 0x20,

    /* U+00E6 "æ" */
    0x4, 0xdf, 0xa1, 0xbf, 0xc3, 0x0, 0xec, 0x6c,
    0xec, 0x6d, 0xd0, 0x8, 0x20, 0x4f, 0x30, 0x6f,
    0x20, 0x0, 0x4, 0xf2, 0x5, 0xf2, 0x4, 0xdf,
    0xff, 0xff, 0xff, 0x21, 0xfa, 0x36, 0xf5, 0x33,
    0x30, 0x5f, 0x10, 0x4f, 0x20, 0x0, 0x5, 0xf2,
    0x5, 0xf3, 0x4, 0xa1, 0x1f, 0xc6, 0xdd, 0xc6,
    0xde, 0x0, 0x4d, 0xf9, 0x1b, 0xfc, 0x30,

    /* U+00E7 "ç" */
    0x0, 0x8d, 0xfd, 0x80, 0x0, 0xcf, 0xa7, 0x9f,
    0xc0, 0x3f, 0x80, 0x0, 0x7f, 0x46, 0xf3, 0x0,
    0x1, 0x52, 0x6f, 0x30, 0x0, 0x0, 0x6, 0xf3,
    0x0, 0x0, 0x0, 0x6f, 0x30, 0x0, 0x15, 0x23,
    0xf8, 0x0, 0x7, 0xf4, 0xb, 0xfa, 0x79, 0xfc,
    0x0, 0x8, 0xef, 0xd8, 0x0, 0x0, 0xc, 0xa3,
    0x0, 0x0, 0x0, 0x17, 0xf5, 0x0, 0x0, 0x3f,
    0xfc, 0x10, 0x0,

    /* U+00E8 "è" */
    0x0, 0xcd, 0x10, 0x0, 0x0, 0x1, 0xeb, 0x0,
    0x0, 0x0, 0x3, 0x82, 0x0, 0x0, 0x0, 0x0,
    0x0, 0x0, 0x0, 0x9e, 0xfd, 0x70, 0x0, 0xce,
    0x75, 0x9f, 0xa0, 0x4f, 0x50, 0x0, 0x8f, 0x17,
    0xf2, 0x0, 0x5, 0xf4, 0x7f, 0xff, 0xff, 0xff,
    0x47, 0xf4, 0x33, 0x33, 0x30, 0x7f, 0x20, 0x0,
    0x0, 0x4, 0xf7, 0x0, 0x6, 0xb1, 0xc, 0xf9,
    0x69, 0xfa, 0x0, 0x19, 0xef, 0xd8, 0x0,

    /* U+00E9 "é" */
    0x0, 0x0, 0x2f, 0x90, 0x0, 0x0, 0xd, 0xc0,
    0x0, 0x0, 0x3, 0x81, 0x0, 0x0, 0x0, 0x0,
    0x0, 0x0, 0x0, 0x9e, 0xfd, 0x70, 0x0, 0xce,
    0x75, 0x9f, 0xa0, 0x4f, 0x50, 0x0, 0x8f, 0x17,
    0xf2, 0x0, 0x5, 0xf4, 0x7f, 0xff, 0xff, 0xff,
    0x47, 0xf4, 0x33, 0x33, 0x30, 0x7f, 0x20, 0x0,
    0x0, 0x4, 0xf7, 0x0, 0x6, 0xb1, 0xc, 0xf9,
    0x69, 0xfa, 0x0, 0x19, 0xef, 0xd8, 0x0,

    /* U+00EA "ê" */
    0x0, 0x1c, 0xfa, 0x0, 0x0, 0x1c, 0xd5, 0xfa,
    0x0, 0x4, 0x71, 0x3, 0x83, 0x0, 0x0, 0x0,
    0x0, 0x0, 0x0, 0x9e, 0xfd, 0x70, 0x0, 0xce,
    0x75, 0x9f, 0xa0, 0x4f, 0x50, 0x0, 0x8f, 0x17,
    0xf2, 0x0, 0x5, 0xf4, 0x7f, 0xff, 0xff, 0xff,
    0x47, 0xf4, 0x33, 0x33, 0x30, 0x7f, 0x20, 0x0,
    0x0, 0x4, 0xf7, 0x0, 0x6, 0xb1, 0xc, 0xf9,
    0x69, 0xfa, 0x0, 0x19, 0xef, 0xd8, 0x0,

    /* U+00EB "ë" */
    0x7, 0xf4, 0x7, 0xf4, 0x0, 0xaf, 0x70, 0xaf,
    0x70, 0x0, 0x30, 0x0, 0x30, 0x0, 0x0, 0x0,
    0x0, 0x0, 0x0, 0x9e, 0xfd, 0x70, 0x0, 0xce,
    0x75, 0x9f, 0xa0, 0x4f, 0x50, 0x0, 0x8f, 0x17,
    0xf2, 0x0, 0x5, 0xf4, 0x7f, 0xff, 0xff, 0xff,
    0x47, 0xf4, 0x33, 0x33, 0x30, 0x7f, 0x20, 0x0,
    0x0, 0x4, 0xf7, 0x0, 0x6, 0xb1, 0xc, 0xf9,
    0x69, 0xfa, 0x0, 0x19, 0xef, 0xd8, 0x0,

    /* U+00EC "ì" */
    0x0, 0x9f, 0x30, 0x0, 0x0, 0x0, 0xbe, 0x10,
    0x0, 0x0, 0x1, 0x74, 0x0, 0x0, 0x0, 0x0,
    0x0, 0x0, 0x1f, 0xff, 0xfa, 0x0, 0x0, 0x77,
    0x7f, 0xa0, 0x0, 0x0, 0x0, 0xfa, 0x0, 0x0,
    0x0, 0xf, 0xa0, 0x0, 0x0, 0x0, 0xfa, 0x0,
    0x0, 0x0, 0xf, 0xa0, 0x0, 0x0, 0x0, 0xfa,
    0x0, 0x0, 0x0, 0xf, 0xa0, 0x0, 0x37, 0x77,
    0xfd, 0x77, 0x77, 0xff, 0xff, 0xff, 0xff,

    /* U+00ED "í" */
    0x0, 0x0, 0xd, 0xd0, 0x0, 0x0, 0x9, 0xe2,
    0x0, 0x0, 0x1, 0x73, 0x0, 0x0, 0x0, 0x0,
    0x0, 0x0, 0x1f, 0xff, 0xfa, 0x0, 0x0, 0x77,
    0x7f, 0xa0, 0x0, 0x0, 0x0, 0xfa, 0x0, 0x0,
    0x0, 0xf, 0xa0, 0x0, 0x0, 0x0, 0xfa, 0x0,
    0x0, 0x0, 0xf, 0xa0, 0x0, 0x0, 0x0, 0xfa,
    0x0, 0x0, 0x0, 0xf, 0xa0, 0x0, 0x37, 0x77,
    0xfd, 0x77, 0x77, 0xff, 0xff, 0xff, 0xff,

    /* U+00EE "î" */
    0x0, 0x9, 0xfd, 0x10, 0x0, 0x9, 0xf6, 0xdd,
    0x10, 0x2, 0x83, 0x1, 0x75, 0x0, 0x0, 0x0,
    0x0, 0x0, 0x1f, 0xff, 0xfa, 0x0, 0x0, 0x77,
    0x7f, 0xa0, 0x0, 0x0, 0x0, 0xfa, 0x0, 0x0,
    0x0, 0xf, 0xa0, 0x0, 0x0, 0x0, 0xfa, 0x0,
    0x0, 0x0, 0xf, 0xa0, 0x0, 0x0, 0x0, 0xfa,
    0x0, 0x0, 0x0, 0xf, 0xa0, 0x0, 0x37, 0x77,
    0xfd, 0x77, 0x77, 0xff, 0xff, 0xff, 0xff,

    /* U+00EF "ï" */
    0x4, 0xf8, 0x4, 0xf8, 0x0, 0x6f, 0xb0, 0x6f,
    0xb0, 0x0, 0x31, 0x0, 0x31, 0x0, 0x0, 0x0,
    0x0, 0x0, 0x1f, 0xff, 0xfa, 0x0, 0x0, 0x77,
    0x7f, 0xa0, 0x0, 0x0, 0x0, 0xfa, 0x0, 0x0,
    0x0, 0xf, 0xa0, 0x0, 0x0, 0x0, 0xfa, 0x0,
    0x0, 0x0, 0xf, 0xa0, 0x0, 0x0, 0x0, 0xfa,
    0x0, 0x0, 0x0, 0xf, 0xa0, 0x0, 0x37, 0x77,
    0xfd, 0x77, 0x77, 0xff, 0xff, 0xff, 0xff,

    /* U+00F0 "ð" */
    0x0, 0x0, 0x0, 0x0, 0x0, 0xa, 0xf3, 0x4b,
    0x40, 0x0, 0x1f, 0xff, 0x91, 0x0, 0x8f, 0xef,
    0xb0, 0x0, 0xa, 0x50, 0x5f, 0x60, 0x0, 0x0,
    0x0, 0x9f, 0x10, 0x2, 0xcf, 0xfa, 0xe9, 0x1,
    0xee, 0x75, 0x8f, 0xf1, 0x8f, 0x40, 0x0, 0x7f,
    0x5b, 0xf0, 0x0, 0x2, 0xf8, 0xaf, 0x0, 0x0,
    0x2f, 0x77, 0xf5, 0x0, 0x9, 0xf3, 0xd, 0xf9,
    0x7b, 0xfa, 0x0, 0x19, 0xef, 0xd7, 0x0,

    /* U+00F1 "ñ" */
    0x1, 0xbe, 0x91, 0xc5, 0x0, 0x5d, 0x1a, 0xfe,
    0x10, 0x0, 0x0, 0x0, 0x0, 0x0, 0x0, 0x0,
    0x0, 0x0, 0x5f, 0x5a, 0xfe, 0x90, 0x5, 0xfd,
    0x73, 0x7f, 0xa0, 0x5f, 0x80, 0x0, 0xaf, 0x5,
    0xf4, 0x0, 0x7, 0xf2, 0x5f, 0x40, 0x0, 0x7f,
    0x35, 0xf4, 0x0, 0x7, 0xf3, 0x5f, 0x40, 0x0,
    0x7f, 0x35, 0xf4, 0x0, 0x7, 0xf3, 0x5f, 0x40,
    0x0, 0x7f, 0x35, 0xf4, 0x0, 0x7, 0xf3,

    /* U+00F2 "ò" */
    0x0, 0xcd, 0x10, 0x0, 0x0, 0x1, 0xeb, 0x0,
    0x0, 0x0, 0x3, 0x82, 0x0, 0x0, 0x0, 0x0,
    0x0, 0x0, 0x1, 0x9e, 0xfd, 0x70, 0x0, 0xcf,
    0x97, 0xbf, 0x90, 0x4f, 0x70, 0x0, 0xaf, 0x17,
    0xf2, 0x0, 0x5, 0xf4, 0x7f, 0x20, 0x0, 0x5f,
    0x47, 0xf2, 0x0, 0x5, 0xf4, 0x7f, 0x20, 0x0,
    0x5f, 0x44, 0xf7, 0x0, 0xa, 0xf1, 0xc, 0xf9,
    0x7a, 0xf9, 0x0, 0x19, 0xef, 0xd7, 0x0,

    /* U+00F3 "ó" */
    0x0, 0x0, 0x2f, 0x90, 0x0, 0x0, 0xd, 0xc0,
    0x0, 0x0, 0x3, 0x81, 0x0, 0x0, 0x0, 0x0,
    0x0, 0x0, 0x1, 0x9e, 0xfd, 0x70, 0x0, 0xcf,
    0x97, 0xbf, 0x90, 0x4f, 0x70, 0x0, 0xaf, 0x17,
    0xf2, 0x0, 0x5, 0xf4, 0x7f, 0x20, 0x0, 0x5f,
    0x47, 0xf2, 0x0, 0x5, 0xf4, 0x7f, 0x20, 0x0,
    0x5f, 0x44, 0xf7, 0x0, 0xa, 0xf1, 0xc, 0xf9,
    0x7a, 0xf9, 0x0, 0x19, 0xef, 0xd7, 0x0,

    /* U+00F4 "ô" */
    0x0, 0x1c, 0xfa, 0x0, 0x0, 0x1c, 0xd5, 0xfa,
    0x0, 0x4, 0x71, 0x3, 0x83, 0x0, 0x0, 0x0,
    0x0, 0x0, 0x1, 0x9e, 0xfd, 0x70, 0x0, 0xcf,
    0x97, 0xbf, 0x90, 0x4f, 0x70, 0x0, 0xaf, 0x17,
    0xf2, 0x0, 0x5, 0xf4, 0x7f, 0x20, 0x0, 0x5f,
    0x47, 0xf2, 0x0, 0x5, 0xf4, 0x7f, 0x20, 0x0,
    0x5f, 0x44, 0xf7, 0x0, 0xa, 0xf1, 0xc, 0xf9,
    0x7a, 0xf9, 0x0, 0x19, 0xef, 0xd7, 0x0,

    /* U+00F5 "õ" */
    0x1, 0xce, 0x81, 0xd3, 0x0, 0x7c, 0x1b, 0xfd,
    0x0, 0x0, 0x0, 0x0, 0x0, 0x0, 0x0, 0x0,
    0x0, 0x0, 0x1, 0x9e, 0xfd, 0x70, 0x0, 0xcf,
    0x97, 0xbf, 0x90, 0x4f, 0x70, 0x0, 0xaf, 0x17,
    0xf2, 0x0, 0x5, 0xf4, 0x7f, 0x20, 0x0, 0x5f,
    0x47, 0xf2, 0x0, 0x5, 0xf4, 0x7f, 0x20, 0x0,
    0x5f, 0x44, 0xf7, 0x0, 0xa, 0xf1, 0xc, 0xf9,
    0x7a, 0xf9, 0x0, 0x19, 0xef, 0xd7, 0x0,

    /* U+00F6 "ö" */
    0x7, 0xf4, 0x7, 0xf4, 0x0, 0xaf, 0x70, 0xaf,
    0x70, 0x0, 0x30, 0x0, 0x30, 0x0, 0x0, 0x0,
    0x0, 0x0, 0x1, 0x9e, 0xfd, 0x70, 0x0, 0xcf,
    0x97, 0xbf, 0x90, 0x4f, 0x70, 0x0, 0xaf, 0x17,
    0xf2, 0x0, 0x5, 0xf4, 0x7f, 0x20, 0x0, 0x5f,
    0x47, 0xf2, 0x0, 0x5, 0xf4, 0x7f, 0x20, 0x0,
    0x5f, 0x44, 0xf7, 0x0, 0xa, 0xf1, 0xc, 0xf9,
    0x7a, 0xf9, 0x0, 0x19, 0xef, 0xd7, 0x0,

    /* U+00F7 "÷" */
    0x0, 0xa, 0xf8, 0x0, 0x0, 0xf, 0xfd, 0x0,
    0x0, 0x5, 0xa4, 0x0, 0x1, 0x11, 0x11, 0x11,
    0x3f, 0xff, 0xff, 0xff, 0x4, 0x44, 0x44, 0x44,
    0x0, 0x0, 0x0, 0x0, 0x0, 0x5, 0xa3, 0x0,
    0x0, 0xf, 0xfd, 0x0, 0x0, 0xb, 0xf8, 0x0,

    /* U+00F8 "ø" */
    0x0, 0x0, 0x0, 0x0, 0x57, 0x0, 0x0, 0x8d,
    0xfd, 0x8f, 0x60, 0x0, 0xcf, 0x97, 0xbf, 0xc0,
    0x0, 0x4f, 0x60, 0xa, 0xff, 0x0, 0x6, 0xf2,
    0x6, 0xf9, 0xf3, 0x0, 0x6f, 0x12, 0xf8, 0x5f,
    0x30, 0x6, 0xf2, 0xdc, 0x5, 0xf3, 0x0, 0x6f,
    0xbe, 0x10, 0x5f, 0x30, 0x3, 0xff, 0x50, 0xa,
    0xf1, 0x0, 0x1f, 0xf9, 0x7a, 0xf9, 0x0, 0xb,
    0xd9, 0xef, 0xd7, 0x0, 0x1, 0x83, 0x0, 0x0,
    0x0, 0x0,

    /* U+00F9 "ù" */
    0x0, 0xcd, 0x10, 0x0, 0x0, 0x1, 0xeb, 0x0,
    0x0, 0x0, 0x3, 0x82, 0x0, 0x0, 0x0, 0x0,
    0x0, 0x0, 0x6f, 0x30, 0x0, 0x7f, 0x36, 0xf3,
    0x0, 0x7, 0xf3, 0x6f, 0x30, 0x0, 0x7f, 0x36,
    0xf3, 0x0, 0x7, 0xf3, 0x6f, 0x30, 0x0, 0x7f,
    0x36, 0xf3, 0x0, 0x7, 0xf3, 0x5f, 0x40, 0x0,
    0x7f, 0x23, 0xf8, 0x0, 0xc, 0xf0, 0xb, 0xf9,
    0x7b, 0xf8, 0x0, 0x8, 0xdf, 0xd6, 0x0,

    /* U+00FA "ú" */
    0x0, 0x0, 0x2f, 0x90, 0x0, 0x0, 0xd, 0xc0,
    0x0, 0x0, 0x3, 0x81, 0x0, 0x0, 0x0, 0x0,
    0x0, 0x0, 0x6f, 0x30, 0x0, 0x7f, 0x36, 0xf3,
    0x0, 0x7, 0xf3, 0x6f, 0x30, 0x0, 0x7f, 0x36,
    0xf3, 0x0, 0x7, 0xf3, 0x6f, 0x30, 0x0, 0x7f,
    0x36, 0xf3, 0x0, 0x7, 0xf3, 0x5f, 0x40, 0x0,
    0x7f, 0x23, 0xf8, 0x0, 0xc, 0xf0, 0xb, 0xf9,
    0x7b, 0xf8, 0x0, 0x8, 0xdf, 0xd6, 0x0,

    /* U+00FB "û" */
    0x0, 0x1c, 0xfa, 0x0, 0x0, 0x1c, 0xd5, 0xfa,
    0x0, 0x4, 0x71, 0x3, 0x83, 0x0, 0x0, 0x0,
    0x0, 0x0, 0x6f, 0x30, 0x0, 0x7f, 0x36, 0xf3,
    0x0, 0x7, 0xf3, 0x6f, 0x30, 0x0, 0x7f, 0x36,
    0xf3, 0x0, 0x7, 0xf3, 0x6f, 0x30, 0x0, 0x7f,
    0x36, 0xf3, 0x0, 0x7, 0xf3, 0x5f, 0x40, 0x0,
    0x7f, 0x23, 0xf8, 0x0, 0xc, 0xf0, 0xb, 0xf9,
    0x7b, 0xf8, 0x0, 0x8, 0xdf, 0xd6, 0x0,

    /* U+00FC "ü" */
    0x7, 0xf4, 0x7, 0xf4, 0x0, 0xaf, 0x70, 0xaf,
    0x70, 0x0, 0x30, 0x0, 0x30, 0x0, 0x0, 0x0,
    0x0, 0x0, 0x6f, 0x30, 0x0, 0x7f, 0x36, 0xf3,
    0x0, 0x7, 0xf3, 0x6f, 0x30, 0x0, 0x7f, 0x36,
    0xf3, 0x0, 0x7, 0xf3, 0x6f, 0x30, 0x0, 0x7f,
    0x36, 0xf3, 0x0, 0x7, 0xf3, 0x5f, 0x40, 0x0,
    0x7f, 0x23, 0xf8, 0x0, 0xc, 0xf0, 0xb, 0xf9,
    0x7b, 0xf8, 0x0, 0x8, 0xdf, 0xd6, 0x0,

    /* U+00FD "ý" */
    0x0, 0x0, 0x2, 0xf9, 0x0, 0x0, 0x0, 0xd,
    0xc0, 0x0, 0x0, 0x0, 0x38, 0x10, 0x0, 0x0,
    0x0, 0x0, 0x0, 0x0, 0xd, 0xe0, 0x0, 0x1,
    0xfa, 0x6, 0xf4, 0x0, 0x6, 0xf4, 0x1, 0xfa,
    0x0, 0xc, 0xd0, 0x0, 0xaf, 0x10, 0x2f, 0x70,
    0x0, 0x3f, 0x70, 0x8f, 0x20, 0x0, 0xd, 0xd0,
    0xdb, 0x0, 0x0, 0x6, 0xf6, 0xf5, 0x0, 0x0,
    0x0, 0xff, 0xf0, 0x0, 0x0, 0x0, 0x9f, 0x90,
    0x0, 0x0, 0x0, 0x7f, 0x30, 0x0, 0x0, 0x0,
    0xdd, 0x0, 0x0, 0x0, 0x3, 0xf7, 0x0, 0x0,
    0x0, 0x9, 0xf1, 0x0, 0x0,

    /* U+00FE "þ" */
    0x7f, 0x30, 0x0, 0x0, 0x7, 0xf3, 0x0, 0x0,
    0x0, 0x7f, 0x20, 0x0, 0x0, 0x7, 0xf4, 0xaf,
    0xe8, 0x0, 0x7f, 0xc9, 0x6a, 0xf8, 0x7, 0xf7,
    0x0, 0xb, 0xf0, 0x7f, 0x30, 0x0, 0x7f, 0x17,
    0xf3, 0x0, 0x7, 0xf2, 0x7f, 0x30, 0x0, 0x7f,
    0x27, 0xf3, 0x0, 0x7, 0xf1, 0x7f, 0x70, 0x0,
    0xbf, 0x7, 0xfc, 0x96, 0xaf, 0x90, 0x7f, 0x4a,
    0xfe, 0x80, 0x7, 0xf3, 0x0, 0x0, 0x0, 0x7f,
    0x30, 0x0, 0x0, 0x7, 0xf3, 0x0, 0x0, 0x0,

    /* U+00FF "ÿ" */
    0x0, 0x7f, 0x40, 0x7f, 0x40, 0x0, 0xaf, 0x70,
    0xaf, 0x70, 0x0, 0x3, 0x0, 0x3, 0x0, 0x0,
    0x0, 0x0, 0x0, 0x0, 0xd, 0xe0, 0x0, 0x1,
    0xfa, 0x6, 0xf4, 0x0, 0x6, 0xf4, 0x1, 0xfa,
    0x0, 0xc, 0xd0, 0x0, 0xaf, 0x10, 0x2f, 0x70,
    0x0, 0x3f, 0x70, 0x8f, 0x20, 0x0, 0xd, 0xd0,
    0xdb, 0x0, 0x0, 0x6, 0xf6, 0xf5, 0x0, 0x0,
    0x0, 0xff, 0xf0, 0x0, 0x0, 0x0, 0x9f, 0x90,
    0x0, 0x0, 0x0, 0x7f, 0x30, 0x0, 0x0, 0x0,
    0xdd, 0x0, 0x0, 0x0, 0x3, 0xf7, 0x0, 0x0,
    0x0, 0x9, 0xf1, 0x0, 0x0,

    /* U+2022 "•" */
    0x1, 0x30, 0x4, 0xff, 0xe2, 0xbf, 0xff, 0x7a,
    0xff, 0xf6, 0x1c, 0xfa, 0x0,

    /* U+2026 "…" */
    0x11, 0x0, 0x20, 0x1, 0xd, 0xc0, 0x6f, 0x30,
    0xf9, 0xee, 0x8, 0xf4, 0x1f, 0xbb, 0xa0, 0x4f,
    0x20, 0xd8,

    /* U+2500 "─" */
    0x5c, 0xcc, 0xcc, 0xcc, 0xcc, 0xcc, 0x7, 0xff,
    0xff, 0xff, 0xff, 0xff, 0xf1, 0x0, 0x0, 0x0,
    0x0, 0x0, 0x0, 0x0,

    /* U+2501 "━" */
    0x38, 0x88, 0x88, 0x88, 0x88, 0x88, 0x7, 0xff,
    0xff, 0xff, 0xff, 0xff, 0xf1, 0x7f, 0xff, 0xff,
    0xff, 0xff, 0xff, 0x17, 0xff, 0xff, 0xff, 0xff,
    0xff, 0xf1, 0x0, 0x0, 0x0, 0x0, 0x0, 0x0,
    0x0,

    /* U+2502 "│" */
    0x12, 0xb, 0xf1, 0xbf, 0x1b, 0xf1, 0xbf, 0x1b,
    0xf1, 0xbf, 0x1b, 0xf1, 0xbf, 0x1b, 0xf1, 0xbf,
    0x1b, 0xf1, 0xbf, 0x1b, 0xf1, 0xbf, 0x1b, 0xf1,
    0xbf, 0x1b, 0xf1, 0xbf, 0x1b, 0xf1, 0xbf, 0x1b,
    0xf1, 0xbf, 0x1b, 0xf1, 0xbf, 0x1b, 0xf1, 0xbf,
    0x1b, 0xf1, 0x23, 0x0,

    /* U+2503 "┃" */
    0x12, 0x22, 0x8, 0xff, 0xf1, 0x8f, 0xff, 0x18,
    0xff, 0xf1, 0x8f, 0xff, 0x18, 0xff, 0xf1, 0x8f,
    0xff, 0x18, 0xff, 0xf1, 0x8f, 0xff, 0x18, 0xff,
    0xf1, 0x8f, 0xff, 0x18, 0xff, 0xf1, 0x8f, 0xff,
    0x18, 0xff, 0xf1, 0x8f, 0xff, 0x18, 0xff, 0xf1,
    0x8f, 0xff, 0x18, 0xff, 0xf1, 0x8f, 0xff, 0x18,
    0xff, 0xf1, 0x8f, 0xff, 0x18, 0xff, 0xf1, 0x8f,
    0xff, 0x18, 0xff, 0xf1, 0x8f, 0xff, 0x18, 0xff,
    0xf1, 0x8f, 0xff, 0x18, 0xff, 0xf1, 0x13, 0x33,
    0x0,

    /* U+2504 "┄" */
    0x3c, 0xb0, 0xbc, 0x46, 0xc9, 0x5f, 0xf0, 0xef,
    0x58, 0xfc, 0x0, 0x0, 0x0, 0x0, 0x0,

    /* U+2505 "┅" */
    0x28, 0x80, 0x88, 0x34, 0x86, 0x5f, 0xf0, 0xef,
    0x58, 0xfc, 0x5f, 0xf0, 0xef, 0x58, 0xfc, 0x5f,
    0xf0, 0xef, 0x58, 0xfc, 0x0, 0x0, 0x0, 0x0,
    0x0,

    /* U+2506 "┆" */
    0xaf, 0x1b, 0xf1, 0xbf, 0x1b, 0xf1, 0xbf, 0x1b,
    0xf1, 0x12, 0x3, 0x40, 0xbf, 0x1b, 0xf1, 0xbf,
    0x1b, 0xf1, 0xbf, 0x18, 0xc0, 0x11, 0xb, 0xf1,
    0xbf, 0x1b, 0xf1, 0xbf, 0x1b, 0xf1, 0xaf, 0x10,

    /* U+2507 "┇" */
    0x7e, 0xee, 0x18, 0xff, 0xf1, 0x8f, 0xff, 0x18,
    0xff, 0xf1, 0x8f, 0xff, 0x18, 0xff, 0xf1, 0x0,
    0x0, 0x4, 0x77, 0x70, 0x8f, 0xff, 0x18, 0xff,
    0xf1, 0x8f, 0xff, 0x18, 0xff, 0xf1, 0x8f, 0xff,
    0x17, 0xff, 0xf1, 0x0, 0x0, 0x8, 0xff, 0xf1,
    0x8f, 0xff, 0x18, 0xff, 0xf1, 0x8f, 0xff, 0x18,
    0xff, 0xf1, 0x7e, 0xee, 0x10,

    /* U+2508 "┈" */
    0x8c, 0x1c, 0x91, 0xc8, 0x4c, 0x4b, 0xf1, 0xfc,
    0x1f, 0xb6, 0xf6, 0x0, 0x0, 0x0, 0x0, 0x0,
    0x0,

    /* U+2509 "┉" */
    0x68, 0x8, 0x60, 0x86, 0x38, 0x3b, 0xf1, 0xfc,
    0x1f, 0xb6, 0xf6, 0xbf, 0x1f, 0xc1, 0xfb, 0x6f,
    0x6b, 0xf1, 0xfc, 0x1f, 0xb6, 0xf6, 0x0, 0x0,
    0x0, 0x0, 0x0, 0x0,

    /* U+250A "┊" */
    0x9d, 0x1b, 0xf1, 0xbf, 0x1b, 0xf1, 0x0, 0x1,
    0x20, 0xbf, 0x1b, 0xf1, 0xbf, 0x18, 0xc0, 0x0,
    0x9, 0xd1, 0xbf, 0x1b, 0xf1, 0xbf, 0x10, 0x0,
    0x12, 0xb, 0xf1, 0xbf, 0x1b, 0xf1, 0x8b, 0x0,

    /* U+250B "┋" */
    0x7d, 0xdd, 0x18, 0xff, 0xf1, 0x8f, 0xff, 0x18,
    0xff, 0xf1, 0x0, 0x0, 0x1, 0x22, 0x20, 0x8f,
    0xff, 0x18, 0xff, 0xf1, 0x8f, 0xff, 0x16, 0xcc,
    0xc0, 0x0, 0x0, 0x7, 0xdd, 0xd1, 0x8f, 0xff,
    0x18, 0xff, 0xf1, 0x8f, 0xff, 0x10, 0x0, 0x0,
    0x12, 0x22, 0x8, 0xff, 0xf1, 0x8f, 0xff, 0x18,
    0xff, 0xf1, 0x6b, 0xbb, 0x0,

    /* U+250C "┌" */
    0x8c, 0xcc, 0xcc, 0xbb, 0xff, 0xff, 0xff, 0xbf,
    0x10, 0x0, 0xb, 0xf1, 0x0, 0x0, 0xbf, 0x10,
    0x0, 0xb, 0xf1, 0x0, 0x0, 0xbf, 0x10, 0x0,
    0xb, 0xf1, 0x0, 0x0, 0xbf, 0x10, 0x0, 0xb,
    0xf1, 0x0, 0x0, 0xbf, 0x10, 0x0, 0xb, 0xf1,
    0x0, 0x0, 0xbf, 0x10, 0x0, 0xb, 0xf1, 0x0,
    0x0, 0xbf, 0x10, 0x0, 0x0, 0x0, 0x0, 0x0,

    /* U+250D "┍" */
    0x68, 0x88, 0x88, 0x8b, 0xff, 0xff, 0xff, 0xbf,
    0xff, 0xff, 0xfb, 0xff, 0xff, 0xff, 0xbf, 0x10,
    0x0, 0xb, 0xf1, 0x0, 0x0, 0xbf, 0x10, 0x0,
    0xb, 0xf1, 0x0, 0x0, 0xbf, 0x10, 0x0, 0xb,
    0xf1, 0x0, 0x0, 0xbf, 0x10, 0x0, 0xb, 0xf1,
    0x0, 0x0, 0xbf, 0x10, 0x0, 0xb, 0xf1, 0x0,
    0x0, 0xbf, 0x10, 0x0, 0xb, 0xf1, 0x0, 0x0,
    0x11, 0x0, 0x0, 0x0,

    /* U+250E "┎" */
    0x6c, 0xcc, 0xcc, 0xcc, 0x8, 0xff, 0xff, 0xff,
    0xf0, 0x8f, 0xff, 0x10, 0x0, 0x8, 0xff, 0xf1,
    0x0, 0x0, 0x8f, 0xff, 0x10, 0x0, 0x8, 0xff,
    0xf1, 0x0, 0x0, 0x8f, 0xff, 0x10, 0x0, 0x8,
    0xff, 0xf1, 0x0, 0x0, 0x8f, 0xff, 0x10, 0x0,
    0x8, 0xff, 0xf1, 0x0, 0x0, 0x8f, 0xff, 0x10,
    0x0, 0x8, 0xff, 0xf1, 0x0, 0x0, 0x8f, 0xff,
    0x10, 0x0, 0x8, 0xff, 0xf1, 0x0, 0x0, 0x8f,
    0xff, 0x10, 0x0, 0x0, 0x0, 0x0, 0x0, 0x0,

    /* U+250F "┏" */
    0x48, 0x88, 0x88, 0x88, 0x8, 0xff, 0xff, 0xff,
    0xf0, 0x8f, 0xff, 0xff, 0xff, 0x8, 0xff, 0xff,
    0xff, 0xf0, 0x8f, 0xff, 0x10, 0x0, 0x8, 0xff,
    0xf1, 0x0, 0x0, 0x8f, 0xff, 0x10, 0x0, 0x8,
    0xff, 0xf1, 0x0, 0x0, 0x8f, 0xff, 0x10, 0x0,
    0x8, 0xff, 0xf1, 0x0, 0x0, 0x8f, 0xff, 0x10,
    0x0, 0x8, 0xff, 0xf1, 0x0, 0x0, 0x8f, 0xff,
    0x10, 0x0, 0x8, 0xff, 0xf1, 0x0, 0x0, 0x8f,
    0xff, 0x10, 0x0, 0x8, 0xff, 0xf1, 0x0, 0x0,
    0x1, 0x11, 0x0, 0x0, 0x0,

    /* U+2510 "┐" */
    0x6c, 0xcc, 0xcc, 0xc0, 0x9f, 0xff, 0xff, 0xf1,
    0x0, 0x0, 0xb, 0xf1, 0x0, 0x0, 0xb, 0xf1,
    0x0, 0x0, 0xb, 0xf1, 0x0, 0x0, 0xb, 0xf1,
    0x0, 0x0, 0xb, 0xf1, 0x0, 0x0, 0xb, 0xf1,
    0x0, 0x0, 0xb, 0xf1, 0x0, 0x0, 0xb, 0xf1,
    0x0, 0x0, 0xb, 0xf1, 0x0, 0x0, 0xb, 0xf1,
    0x0, 0x0, 0xb, 0xf1, 0x0, 0x0, 0xb, 0xf1,
    0x0, 0x0, 0xb, 0xf1, 0x0, 0x0, 0x0, 0x0,

    /* U+2511 "┑" */
    0x58, 0x88, 0x88, 0x80, 0x9f, 0xff, 0xff, 0xf1,
    0x9f, 0xff, 0xff, 0xf1, 0x9f, 0xff, 0xff, 0xf1,
    0x0, 0x0, 0xb, 0xf1, 0x0, 0x0, 0xb, 0xf1,
    0x0, 0x0, 0xb, 0xf1, 0x0, 0x0, 0xb, 0xf1,
    0x0, 0x0, 0xb, 0xf1, 0x0, 0x0, 0xb, 0xf1,
    0x0, 0x0, 0xb, 0xf1, 0x0, 0x0, 0xb, 0xf1,
    0x0, 0x0, 0xb, 0xf1, 0x0, 0x0, 0xb, 0xf1,
    0x0, 0x0, 0xb, 0xf1, 0x0, 0x0, 0xb, 0xf1,
    0x0, 0x0, 0x1, 0x10,

    /* U+2512 "┒" */
    0x5c, 0xcc, 0xcc, 0xcc, 0x7, 0xff, 0xff, 0xff,
    0xf1, 0x0, 0x0, 0x8f, 0xff, 0x10, 0x0, 0x8,
    0xff, 0xf1, 0x0, 0x0, 0x8f, 0xff, 0x10, 0x0,
    0x8, 0xff, 0xf1, 0x0, 0x0, 0x8f, 0xff, 0x10,
    0x0, 0x8, 0xff, 0xf1, 0x0, 0x0, 0x8f, 0xff,
    0x10, 0x0, 0x8, 0xff, 0xf1, 0x0, 0x0, 0x8f,
    0xff, 0x10, 0x0, 0x8, 0xff, 0xf1, 0x0, 0x0,
    0x8f, 0xff, 0x10, 0x0, 0x8, 0xff, 0xf1, 0x0,
    0x0, 0x8f, 0xff, 0x10, 0x0, 0x0, 0x0, 0x0,

    /* U+2513 "┓" */
    0x48, 0x88, 0x88, 0x88, 0x7, 0xff, 0xff, 0xff,
    0xf1, 0x7f, 0xff, 0xff, 0xff, 0x17, 0xff, 0xff,
    0xff, 0xf1, 0x0, 0x0, 0x8f, 0xff, 0x10, 0x0,
    0x8, 0xff, 0xf1, 0x0, 0x0, 0x8f, 0xff, 0x10,
    0x0, 0x8, 0xff, 0xf1, 0x0, 0x0, 0x8f, 0xff,
    0x10, 0x0, 0x8, 0xff, 0xf1, 0x0, 0x0, 0x8f,
    0xff, 0x10, 0x0, 0x8, 0xff, 0xf1, 0x0, 0x0,
    0x8f, 0xff, 0x10, 0x0, 0x8, 0xff, 0xf1, 0x0,
    0x0, 0x8f, 0xff, 0x10, 0x0, 0x8, 0xff, 0xf1,
    0x0, 0x0, 0x1, 0x11, 0x0,

    /* U+2514 "└" */
    0x35, 0x0, 0x0, 0xb, 0xf1, 0x0, 0x0, 0xbf,
    0x10, 0x0, 0xb, 0xf1, 0x0, 0x0, 0xbf, 0x10,
    0x0, 0xb, 0xf1, 0x0, 0x0, 0xbf, 0x10, 0x0,
    0xb, 0xf1, 0x0, 0x0, 0xbf, 0x10, 0x0, 0xb,
    0xf1, 0x0, 0x0, 0xbf, 0x10, 0x0, 0xb, 0xf1,
    0x0, 0x0, 0xbf, 0x10, 0x0, 0xb, 0xfc, 0xcc,
    0xcb, 0xbf, 0xff, 0xff, 0xf0, 0x0, 0x0, 0x0,

    /* U+2515 "┕" */
    0x24, 0x0, 0x0, 0xb, 0xf1, 0x0, 0x0, 0xbf,
    0x10, 0x0, 0xb, 0xf1, 0x0, 0x0, 0xbf, 0x10,
    0x0, 0xb, 0xf1, 0x0, 0x0, 0xbf, 0x10, 0x0,
    0xb, 0xf1, 0x0, 0x0, 0xbf, 0x10, 0x0, 0xb,
    0xf1, 0x0, 0x0, 0xbf, 0x10, 0x0, 0xb, 0xf1,
    0x0, 0x0, 0xbf, 0x98, 0x88, 0x8b, 0xff, 0xff,
    0xff, 0xbf, 0xff, 0xff, 0xfb, 0xff, 0xff, 0xff,
    0x0, 0x0, 0x0, 0x0,

    /* U+2516 "┖" */
    0x25, 0x55, 0x0, 0x0, 0x8, 0xff, 0xf1, 0x0,
    0x0, 0x8f, 0xff, 0x10, 0x0, 0x8, 0xff, 0xf1,
    0x0, 0x0, 0x8f, 0xff, 0x10, 0x0, 0x8, 0xff,
    0xf1, 0x0, 0x0, 0x8f, 0xff, 0x10, 0x0, 0x8,
    0xff, 0xf1, 0x0, 0x0, 0x8f, 0xff, 0x10, 0x0,
    0x8, 0xff, 0xf1, 0x0, 0x0, 0x8f, 0xff, 0x10,
    0x0, 0x8, 0xff, 0xf1, 0x0, 0x0, 0x8f, 0xff,
    0x10, 0x0, 0x8, 0xff, 0xfc, 0xcc, 0xc0, 0x8f,
    0xff, 0xff, 0xff, 0x0, 0x0, 0x0, 0x0, 0x0,

    /* U+2517 "┗" */
    0x24, 0x44, 0x0, 0x0, 0x8, 0xff, 0xf1, 0x0,
    0x0, 0x8f, 0xff, 0x10, 0x0, 0x8, 0xff, 0xf1,
    0x0, 0x0, 0x8f, 0xff, 0x10, 0x0, 0x8, 0xff,
    0xf1, 0x0, 0x0, 0x8f, 0xff, 0x10, 0x0, 0x8,
    0xff, 0xf1, 0x0, 0x0, 0x8f, 0xff, 0x10, 0x0,
    0x8, 0xff, 0xf1, 0x0, 0x0, 0x8f, 0xff, 0x10,
    0x0, 0x8, 0xff, 0xf1, 0x0, 0x0, 0x8f, 0xff,
    0x98, 0x88, 0x8, 0xff, 0xff, 0xff, 0xf0, 0x8f,
    0xff, 0xff, 0xff, 0x8, 0xff, 0xff, 0xff, 0xf0,
    0x0, 0x0, 0x0, 0x0, 0x0,

    /* U+2518 "┘" */
    0x0, 0x0, 0x3, 0x50, 0x0, 0x0, 0xb, 0xf1,
    0x0, 0x0, 0xb, 0xf1, 0x0, 0x0, 0xb, 0xf1,
    0x0, 0x0, 0xb, 0xf1, 0x0, 0x0, 0xb, 0xf1,
    0x0, 0x0, 0xb, 0xf1, 0x0, 0x0, 0xb, 0xf1,
    0x0, 0x0, 0xb, 0xf1, 0x0, 0x0, 0xb, 0xf1,
    0x0, 0x0, 0xb, 0xf1, 0x0, 0x0, 0xb, 0xf1,
    0x0, 0x0, 0xb, 0xf1, 0x6c, 0xcc, 0xce, 0xf1,
    0x9f, 0xff, 0xff, 0xf1, 0x0, 0x0, 0x0, 0x0,

    /* U+2519 "┙" */
    0x0, 0x0, 0x2, 0x40, 0x0, 0x0, 0xb, 0xf1,
    0x0, 0x0, 0xb, 0xf1, 0x0, 0x0, 0xb, 0xf1,
    0x0, 0x0, 0xb, 0xf1, 0x0, 0x0, 0xb, 0xf1,
    0x0, 0x0, 0xb, 0xf1, 0x0, 0x0, 0xb, 0xf1,
    0x0, 0x0, 0xb, 0xf1, 0x0, 0x0, 0xb, 0xf1,
    0x0, 0x0, 0xb, 0xf1, 0x0, 0x0, 0xb, 0xf1,
    0x58, 0x88, 0x8d, 0xf1, 0x9f, 0xff, 0xff, 0xf1,
    0x9f, 0xff, 0xff, 0xf1, 0x9f, 0xff, 0xff, 0xf1,
    0x0, 0x0, 0x0, 0x0,

    /* U+251A "┚" */
    0x0, 0x0, 0x25, 0x55, 0x0, 0x0, 0x8, 0xff,
    0xf1, 0x0, 0x0, 0x8f, 0xff, 0x10, 0x0, 0x8,
    0xff, 0xf1, 0x0, 0x0, 0x8f, 0xff, 0x10, 0x0,
    0x8, 0xff, 0xf1, 0x0, 0x0, 0x8f, 0xff, 0x10,
    0x0, 0x8, 0xff, 0xf1, 0x0, 0x0, 0x8f, 0xff,
    0x10, 0x0, 0x8, 0xff, 0xf1, 0x0, 0x0, 0x8f,
    0xff, 0x10, 0x0, 0x8, 0xff, 0xf1, 0x0, 0x0,
    0x8f, 0xff, 0x15, 0xcc, 0xce, 0xff, 0xf1, 0x7f,
    0xff, 0xff, 0xff, 0x10, 0x0, 0x0, 0x0, 0x0,

    /* U+251B "┛" */
    0x0, 0x0, 0x24, 0x44, 0x0, 0x0, 0x8, 0xff,
    0xf1, 0x0, 0x0, 0x8f, 0xff, 0x10, 0x0, 0x8,
    0xff, 0xf1, 0x0, 0x0, 0x8f, 0xff, 0x10, 0x0,
    0x8, 0xff, 0xf1, 0x0, 0x0, 0x8f, 0xff, 0x10,
    0x0, 0x8, 0xff, 0xf1, 0x0, 0x0, 0x8f, 0xff,
    0x10, 0x0, 0x8, 0xff, 0xf1, 0x0, 0x0, 0x8f,
    0xff, 0x10, 0x0, 0x8, 0xff, 0xf1, 0x48, 0x88,
    0xcf, 0xff, 0x17, 0xff, 0xff, 0xff, 0xf1, 0x7f,
    0xff, 0xff, 0xff, 0x17, 0xff, 0xff, 0xff, 0xf1,
    0x0, 0x0, 0x0, 0x0, 0x0,

    /* U+251C "├" */
    0x12, 0x0, 0x0, 0xb, 0xf1, 0x0, 0x0, 0xbf,
    0x10, 0x0, 0xb, 0xf1, 0x0, 0x0, 0xbf, 0x10,
    0x0, 0xb, 0xf1, 0x0, 0x0, 0xbf, 0x10, 0x0,
    0xb, 0xf1, 0x0, 0x0, 0xbf, 0x10, 0x0, 0xb,
    0xf1, 0x0, 0x0, 0xbf, 0x10, 0x0, 0xb, 0xf1,
    0x0, 0x0, 0xbf, 0x10, 0x0, 0xb, 0xf9, 0x99,
    0x98, 0xbf, 0xff, 0xff, 0xfb, 0xf4, 0x44, 0x43,
    0xbf, 0x10, 0x0, 0xb, 0xf1, 0x0, 0x0, 0xbf,
    0x10, 0x0, 0xb, 0xf1, 0x0, 0x0, 0xbf, 0x10,
    0x0, 0xb, 0xf1, 0x0, 0x0, 0xbf, 0x10, 0x0,
    0xb, 0xf1, 0x0, 0x0, 0xbf, 0x10, 0x0, 0xb,
    0xf1, 0x0, 0x0, 0xbf, 0x10, 0x0, 0xb, 0xf1,
    0x0, 0x0, 0x23, 0x0, 0x0, 0x0,

    /* U+251D "┝" */
    0x12, 0x0, 0x0, 0xb, 0xf1, 0x0, 0x0, 0xbf,
    0x10, 0x0, 0xb, 0xf1, 0x0, 0x0, 0xbf, 0x10,
    0x0, 0xb, 0xf1, 0x0, 0x0, 0xbf, 0x10, 0x0,
    0xb, 0xf1, 0x0, 0x0, 0xbf, 0x10, 0x0, 0xb,
    0xf1, 0x0, 0x0, 0xbf, 0x10, 0x0, 0xb, 0xf1,
    0x0, 0x0, 0xbf, 0x77, 0x77, 0x6b, 0xff, 0xff,
    0xff, 0xbf, 0xff, 0xff, 0xfb, 0xff, 0xff, 0xff,
    0xbf, 0x32, 0x22, 0x2b, 0xf1, 0x0, 0x0, 0xbf,
    0x10, 0x0, 0xb, 0xf1, 0x0, 0x0, 0xbf, 0x10,
    0x0, 0xb, 0xf1, 0x0, 0x0, 0xbf, 0x10, 0x0,
    0xb, 0xf1, 0x0, 0x0, 0xbf, 0x10, 0x0, 0xb,
    0xf1, 0x0, 0x0, 0xbf, 0x10, 0x0, 0xb, 0xf1,
    0x0, 0x0, 0x23, 0x0, 0x0, 0x0,

    /* U+251E "┞" */
    0x12, 0x22, 0x0, 0x0, 0x8, 0xff, 0xf1, 0x0,
    0x0, 0x8f, 0xff, 0x10, 0x0, 0x8, 0xff, 0xf1,
    0x0, 0x0, 0x8f, 0xff, 0x10, 0x0, 0x8, 0xff,
    0xf1, 0x0, 0x0, 0x8f, 0xff, 0x10, 0x0, 0x8,
    0xff, 0xf1, 0x0, 0x0, 0x8f, 0xff, 0x10, 0x0,
    0x8, 0xff, 0xf1, 0x0, 0x0, 0x8f, 0xff, 0x10,
    0x0, 0x8, 0xff, 0xf1, 0x0, 0x0, 0x8f, 0xff,
    0x10, 0x0, 0x8, 0xff, 0xf9, 0x99, 0x90, 0x8f,
    0xff, 0xff, 0xff, 0x1, 0xbf, 0x53, 0x33, 0x30,
    0xa, 0xf2, 0x0, 0x0, 0x0, 0xaf, 0x20, 0x0,
    0x0, 0xa, 0xf2, 0x0, 0x0, 0x0, 0xaf, 0x20,
    0x0, 0x0, 0xa, 0xf2, 0x0, 0x0, 0x0, 0xaf,
    0x20, 0x0, 0x0, 0xa, 0xf2, 0x0, 0x0, 0x0,
    0xaf, 0x20, 0x0, 0x0, 0xa, 0xf2, 0x0, 0x0,
    0x0, 0xaf, 0x20, 0x0, 0x0, 0xa, 0xf2, 0x0,
    0x0, 0x0, 0xaf, 0x20, 0x0, 0x0, 0x2, 0x30,
    0x0, 0x0, 0x0,

    /* U+251F "┟" */
    0x3, 0x50, 0x0, 0x0, 0x0, 0xaf, 0x20, 0x0,
    0x0, 0xa, 0xf2, 0x0, 0x0, 0x0, 0xaf, 0x20,
    0x0, 0x0, 0xa, 0xf2, 0x0, 0x0, 0x0, 0xaf,
    0x20, 0x0, 0x0, 0xa, 0xf2, 0x0, 0x0, 0x0,
    0xaf, 0x20, 0x0, 0x0, 0xa, 0xf2, 0x0, 0x0,
    0x0, 0xaf, 0x20, 0x0, 0x0, 0xa, 0xf2, 0x0,
    0x0, 0x0, 0xaf, 0x20, 0x0, 0x0, 0xa, 0xf2,
    0x0, 0x0, 0x6, 0xef, 0xcb, 0xbb, 0xb0, 0x8f,
    0xff, 0xff, 0xff, 0x8, 0xff, 0xf2, 0x11, 0x10,
    0x8f, 0xff, 0x10, 0x0, 0x8, 0xff, 0xf1, 0x0,
    0x0, 0x8f, 0xff, 0x10, 0x0, 0x8, 0xff, 0xf1,
    0x0, 0x0, 0x8f, 0xff, 0x10, 0x0, 0x8, 0xff,
    0xf1, 0x0, 0x0, 0x8f, 0xff, 0x10, 0x0, 0x8,
    0xff, 0xf1, 0x0, 0x0, 0x8f, 0xff, 0x10, 0x0,
    0x8, 0xff, 0xf1, 0x0, 0x0, 0x8f, 0xff, 0x10,
    0x0, 0x8, 0xff, 0xf1, 0x0, 0x0, 0x0, 0x0,
    0x0, 0x0, 0x0,

    /* U+2520 "┠" */
    0x12, 0x22, 0x0, 0x0, 0x8, 0xff, 0xf1, 0x0,
    0x0, 0x8f, 0xff, 0x10, 0x0, 0x8, 0xff, 0xf1,
    0x0, 0x0, 0x8f, 0xff, 0x10, 0x0, 0x8, 0xff,
    0xf1, 0x0, 0x0, 0x8f, 0xff, 0x10, 0x0, 0x8,
    0xff, 0xf1, 0x0, 0x0, 0x8f, 0xff, 0x10, 0x0,
    0x8, 0xff, 0xf1, 0x0, 0x0, 0x8f, 0xff, 0x10,
    0x0, 0x8, 0xff, 0xf1, 0x0, 0x0, 0x8f, 0xff,
    0x10, 0x0, 0x8, 0xff, 0xf9, 0x99, 0x90, 0x8f,
    0xff, 0xff, 0xff, 0x8, 0xff, 0xf4, 0x44, 0x40,
    0x8f, 0xff, 0x10, 0x0, 0x8, 0xff, 0xf1, 0x0,
    0x0, 0x8f, 0xff, 0x10, 0x0, 0x8, 0xff, 0xf1,
    0x0, 0x0, 0x8f, 0xff, 0x10, 0x0, 0x8, 0xff,
    0xf1, 0x0, 0x0, 0x8f, 0xff, 0x10, 0x0, 0x8,
    0xff, 0xf1, 0x0, 0x0, 0x8f, 0xff, 0x10, 0x0,
    0x8, 0xff, 0xf1, 0x0, 0x0, 0x8f, 0xff, 0x10,
    0x0, 0x8, 0xff, 0xf1, 0x0, 0x0, 0x13, 0x33,
    0x0, 0x0, 0x0,

    /* U+2521 "┡" */
    0x12, 0x22, 0x0, 0x0, 0x8, 0xff, 0xf1, 0x0,
    0x0, 0x8f, 0xff, 0x10, 0x0, 0x8, 0xff, 0xf1,
    0x0, 0x0, 0x8f, 0xff, 0x10, 0x0, 0x8, 0xff,
    0xf1, 0x0, 0x0, 0x8f, 0xff, 0x10, 0x0, 0x8,
    0xff, 0xf1, 0x0, 0x0, 0x8f, 0xff, 0x10, 0x0,
    0x8, 0xff, 0xf1, 0x0, 0x0, 0x8f, 0xff, 0x10,
    0x0, 0x8, 0xff, 0xf1, 0x0, 0x0, 0x8f, 0xff,
    0x77, 0x77, 0x8, 0xff, 0xff, 0xff, 0xf0, 0x8f,
    0xff, 0xff, 0xff, 0x8, 0xff, 0xff, 0xff, 0xf0,
    0x1a, 0xf4, 0x22, 0x22, 0x0, 0xaf, 0x20, 0x0,
    0x0, 0xa, 0xf2, 0x0, 0x0, 0x0, 0xaf, 0x20,
    0x0, 0x0, 0xa, 0xf2, 0x0, 0x0, 0x0, 0xaf,
    0x20, 0x0, 0x0, 0xa, 0xf2, 0x0, 0x0, 0x0,
    0xaf, 0x20, 0x0, 0x0, 0xa, 0xf2, 0x0, 0x0,
    0x0, 0xaf, 0x20, 0x0, 0x0, 0xa, 0xf2, 0x0,
    0x0, 0x0, 0xaf, 0x20, 0x0, 0x0, 0x2, 0x30,
    0x0, 0x0, 0x0,

    /* U+2522 "┢" */
    0x3, 0x50, 0x0, 0x0, 0x0, 0xaf, 0x20, 0x0,
    0x0, 0xa, 0xf2, 0x0, 0x0, 0x0, 0xaf, 0x20,
    0x0, 0x0, 0xa, 0xf2, 0x0, 0x0, 0x0, 0xaf,
    0x20, 0x0, 0x0, 0xa, 0xf2, 0x0, 0x0, 0x0,
    0xaf, 0x20, 0x0, 0x0, 0xa, 0xf2, 0x0, 0x0,
    0x0, 0xaf, 0x20, 0x0, 0x0, 0xa, 0xf2, 0x0,
    0x0, 0x0, 0xaf, 0x20, 0x0, 0x0, 0x5d, 0xfa,
    0x99, 0x99, 0x8, 0xff, 0xff, 0xff, 0xf0, 0x8f,
    0xff, 0xff, 0xff, 0x8, 0xff, 0xff, 0xff, 0xf0,
    0x8f, 0xff, 0x10, 0x0, 0x8, 0xff, 0xf1, 0x0,
    0x0, 0x8f, 0xff, 0x10, 0x0, 0x8, 0xff, 0xf1,
    0x0, 0x0, 0x8f, 0xff, 0x10, 0x0, 0x8, 0xff,
    0xf1, 0x0, 0x0, 0x8f, 0xff, 0x10, 0x0, 0x8,
    0xff, 0xf1, 0x0, 0x0, 0x8f, 0xff, 0x10, 0x0,
    0x8, 0xff, 0xf1, 0x0, 0x0, 0x8f, 0xff, 0x10,
    0x0, 0x8, 0xff, 0xf1, 0x0, 0x0, 0x0, 0x0,
    0x0, 0x0, 0x0,

    /* U+2523 "┣" */
    0x12, 0x22, 0x0, 0x0, 0x8, 0xff, 0xf1, 0x0,
    0x0, 0x8f, 0xff, 0x10, 0x0, 0x8, 0xff, 0xf1,
    0x0, 0x0, 0x8f, 0xff, 0x10, 0x0, 0x8, 0xff,
    0xf1, 0x0, 0x0, 0x8f, 0xff, 0x10, 0x0, 0x8,
    0xff, 0xf1, 0x0, 0x0, 0x8f, 0xff, 0x10, 0x0,
    0x8, 0xff, 0xf1, 0x0, 0x0, 0x8f, 0xff, 0x10,
    0x0, 0x8, 0xff, 0xf1, 0x0, 0x0, 0x8f, 0xff,
    0x77, 0x77, 0x8, 0xff, 0xff, 0xff, 0xf0, 0x8f,
    0xff, 0xff, 0xff, 0x8, 0xff, 0xff, 0xff, 0xf0,
    0x8f, 0xff, 0x32, 0x22, 0x8, 0xff, 0xf1, 0x0,
    0x0, 0x8f, 0xff, 0x10, 0x0, 0x8, 0xff, 0xf1,
    0x0, 0x0, 0x8f, 0xff, 0x10, 0x0, 0x8, 0xff,
    0xf1, 0x0, 0x0, 0x8f, 0xff, 0x10, 0x0, 0x8,
    0xff, 0xf1, 0x0, 0x0, 0x8f, 0xff, 0x10, 0x0,
    0x8, 0xff, 0xf1, 0x0, 0x0, 0x8f, 0xff, 0x10,
    0x0, 0x8, 0xff, 0xf1, 0x0, 0x0, 0x13, 0x33,
    0x0, 0x0, 0x0,

    /* U+2524 "┤" */
    0x0, 0x0, 0x1, 0x20, 0x0, 0x0, 0xb, 0xf1,
    0x0, 0x0, 0xb, 0xf1, 0x0, 0x0, 0xb, 0xf1,
    0x0, 0x0, 0xb, 0xf1, 0x0, 0x0, 0xb, 0xf1,
    0x0, 0x0, 0xb, 0xf1, 0x0, 0x0, 0xb, 0xf1,
    0x0, 0x0, 0xb, 0xf1, 0x0, 0x0, 0xb, 0xf1,
    0x0, 0x0, 0xb, 0xf1, 0x0, 0x0, 0xb, 0xf1,
    0x0, 0x0, 0xb, 0xf1, 0x59, 0x99, 0x9e, 0xf1,
    0x9f, 0xff, 0xff, 0xf1, 0x24, 0x44, 0x4c, 0xf1,
    0x0, 0x0, 0xb, 0xf1, 0x0, 0x0, 0xb, 0xf1,
    0x0, 0x0, 0xb, 0xf1, 0x0, 0x0, 0xb, 0xf1,
    0x0, 0x0, 0xb, 0xf1, 0x0, 0x0, 0xb, 0xf1,
    0x0, 0x0, 0xb, 0xf1, 0x0, 0x0, 0xb, 0xf1,
    0x0, 0x0, 0xb, 0xf1, 0x0, 0x0, 0xb, 0xf1,
    0x0, 0x0, 0xb, 0xf1, 0x0, 0x0, 0xb, 0xf1,
    0x0, 0x0, 0x2, 0x30,

    /* U+2525 "┥" */
    0x0, 0x0, 0x1, 0x20, 0x0, 0x0, 0xb, 0xf1,
    0x0, 0x0, 0xb, 0xf1, 0x0, 0x0, 0xb, 0xf1,
    0x0, 0x0, 0xb, 0xf1, 0x0, 0x0, 0xb, 0xf1,
    0x0, 0x0, 0xb, 0xf1, 0x0, 0x0, 0xb, 0xf1,
    0x0, 0x0, 0xb, 0xf1, 0x0, 0x0, 0xb, 0xf1,
    0x0, 0x0, 0xb, 0xf1, 0x0, 0x0, 0xb, 0xf1,
    0x47, 0x77, 0x7d, 0xf1, 0x9f, 0xff, 0xff, 0xf1,
    0x9f, 0xff, 0xff, 0xf1, 0x9f, 0xff, 0xff, 0xf1,
    0x12, 0x22, 0x2c, 0xf1, 0x0, 0x0, 0xb, 0xf1,
    0x0, 0x0, 0xb, 0xf1, 0x0, 0x0, 0xb, 0xf1,
    0x0, 0x0, 0xb, 0xf1, 0x0, 0x0, 0xb, 0xf1,
    0x0, 0x0, 0xb, 0xf1, 0x0, 0x0, 0xb, 0xf1,
    0x0, 0x0, 0xb, 0xf1, 0x0, 0x0, 0xb, 0xf1,
    0x0, 0x0, 0xb, 0xf1, 0x0, 0x0, 0xb, 0xf1,
    0x0, 0x0, 0x2, 0x30,

    /* U+2526 "┦" */
    0x0, 0x0, 0x25, 0x55, 0x0, 0x0, 0x8, 0xff,
    0xf1, 0x0, 0x0, 0x8f, 0xff, 0x10, 0x0, 0x8,
    0xff, 0xf1, 0x0, 0x0, 0x8f, 0xff, 0x10, 0x0,
    0x8, 0xff, 0xf1, 0x0, 0x0, 0x8f, 0xff, 0x10,
    0x0, 0x8, 0xff, 0xf1, 0x0, 0x0, 0x8f, 0xff,
    0x10, 0x0, 0x8, 0xff, 0xf1, 0x0, 0x0, 0x8f,
    0xff, 0x10, 0x0, 0x8, 0xff, 0xf1, 0x0, 0x0,
    0x8f, 0xff, 0x15, 0xcc, 0xce, 0xff, 0xf1, 0x7f,
    0xff, 0xff, 0xff, 0x10, 0x0, 0x0, 0xaf, 0x30,
    0x0, 0x0, 0xa, 0xf2, 0x0, 0x0, 0x0, 0xaf,
    0x20, 0x0, 0x0, 0xa, 0xf2, 0x0, 0x0, 0x0,
    0xaf, 0x20, 0x0, 0x0, 0xa, 0xf2, 0x0, 0x0,
    0x0, 0xaf, 0x20, 0x0, 0x0, 0xa, 0xf2, 0x0,
    0x0, 0x0, 0xaf, 0x20, 0x0, 0x0, 0xa, 0xf2,
    0x0, 0x0, 0x0, 0xaf, 0x20, 0x0, 0x0, 0xa,
    0xf2, 0x0, 0x0, 0x0, 0xaf, 0x20, 0x0, 0x0,
    0x0, 0x0, 0x0,

    /* U+2527 "┧" */
    0x0, 0x0, 0x5, 0x81, 0x0, 0x0, 0x0, 0xaf,
    0x20, 0x0, 0x0, 0xa, 0xf2, 0x0, 0x0, 0x0,
    0xaf, 0x20, 0x0, 0x0, 0xa, 0xf2, 0x0, 0x0,
    0x0, 0xaf, 0x20, 0x0, 0x0, 0xa, 0xf2, 0x0,
    0x0, 0x0, 0xaf, 0x20, 0x0, 0x0, 0xa, 0xf2,
    0x0, 0x0, 0x0, 0xaf, 0x20, 0x0, 0x0, 0xa,
    0xf2, 0x5, 0xcc, 0xcc, 0xef, 0xc0, 0x7f, 0xff,
    0xff, 0xff, 0x10, 0x0, 0x8, 0xff, 0xf1, 0x0,
    0x0, 0x8f, 0xff, 0x10, 0x0, 0x8, 0xff, 0xf1,
    0x0, 0x0, 0x8f, 0xff, 0x10, 0x0, 0x8, 0xff,
    0xf1, 0x0, 0x0, 0x8f, 0xff, 0x10, 0x0, 0x8,
    0xff, 0xf1, 0x0, 0x0, 0x8f, 0xff, 0x10, 0x0,
    0x8, 0xff, 0xf1, 0x0, 0x0, 0x8f, 0xff, 0x10,
    0x0, 0x8, 0xff, 0xf1, 0x0, 0x0, 0x8f, 0xff,
    0x10, 0x0, 0x8, 0xff, 0xf1, 0x0, 0x0, 0x0,
    0x0, 0x0,

    /* U+2528 "┨" */
    0x0, 0x0, 0x12, 0x22, 0x0, 0x0, 0x8, 0xff,
    0xf1, 0x0, 0x0, 0x8f, 0xff, 0x10, 0x0, 0x8,
    0xff, 0xf1, 0x0, 0x0, 0x8f, 0xff, 0x10, 0x0,
    0x8, 0xff, 0xf1, 0x0, 0x0, 0x8f, 0xff, 0x10,
    0x0, 0x8, 0xff, 0xf1, 0x0, 0x0, 0x8f, 0xff,
    0x10, 0x0, 0x8, 0xff, 0xf1, 0x0, 0x0, 0x8f,
    0xff, 0x10, 0x0, 0x8, 0xff, 0xf1, 0x0, 0x0,
    0x8f, 0xff, 0x14, 0x99, 0x9c, 0xff, 0xf1, 0x7f,
    0xff, 0xff, 0xff, 0x11, 0x44, 0x4a, 0xff, 0xf1,
    0x0, 0x0, 0x8f, 0xff, 0x10, 0x0, 0x8, 0xff,
    0xf1, 0x0, 0x0, 0x8f, 0xff, 0x10, 0x0, 0x8,
    0xff, 0xf1, 0x0, 0x0, 0x8f, 0xff, 0x10, 0x0,
    0x8, 0xff, 0xf1, 0x0, 0x0, 0x8f, 0xff, 0x10,
    0x0, 0x8, 0xff, 0xf1, 0x0, 0x0, 0x8f, 0xff,
    0x10, 0x0, 0x8, 0xff, 0xf1, 0x0, 0x0, 0x8f,
    0xff, 0x10, 0x0, 0x8, 0xff, 0xf1, 0x0, 0x0,
    0x13, 0x33, 0x0,

    /* U+2529 "┩" */
    0x0, 0x0, 0x24, 0x44, 0x0, 0x0, 0x8, 0xff,
    0xf1, 0x0, 0x0, 0x8f, 0xff, 0x10, 0x0, 0x8,
    0xff, 0xf1, 0x0, 0x0, 0x8f, 0xff, 0x10, 0x0,
    0x8, 0xff, 0xf1, 0x0, 0x0, 0x8f, 0xff, 0x10,
    0x0, 0x8, 0xff, 0xf1, 0x0, 0x0, 0x8f, 0xff,
    0x10, 0x0, 0x8, 0xff, 0xf1, 0x0, 0x0, 0x8f,
    0xff, 0x10, 0x0, 0x8, 0xff, 0xf1, 0x48, 0x88,
    0xcf, 0xff, 0x17, 0xff, 0xff, 0xff, 0xf1, 0x7f,
    0xff, 0xff, 0xff, 0x17, 0xff, 0xff, 0xff, 0xf1,
    0x0, 0x0, 0xa, 0xf3, 0x0, 0x0, 0x0, 0xaf,
    0x20, 0x0, 0x0, 0xa, 0xf2, 0x0, 0x0, 0x0,
    0xaf, 0x20, 0x0, 0x0, 0xa, 0xf2, 0x0, 0x0,
    0x0, 0xaf, 0x20, 0x0, 0x0, 0xa, 0xf2, 0x0,
    0x0, 0x0, 0xaf, 0x20, 0x0, 0x0, 0xa, 0xf2,
    0x0, 0x0, 0x0, 0xaf, 0x20, 0x0, 0x0, 0xa,
    0xf2, 0x0, 0x0, 0x0, 0xaf, 0x20, 0x0, 0x0,
    0x1, 0x10, 0x0,

    /* U+252A "┪" */
    0x0, 0x0, 0x2, 0x40, 0x0, 0x0, 0x0, 0xaf,
    0x20, 0x0, 0x0, 0xa, 0xf2, 0x0, 0x0, 0x0,
    0xaf, 0x20, 0x0, 0x0, 0xa, 0xf2, 0x0, 0x0,
    0x0, 0xaf, 0x20, 0x0, 0x0, 0xa, 0xf2, 0x0,
    0x0, 0x0, 0xaf, 0x20, 0x0, 0x0, 0xa, 0xf2,
    0x0, 0x0, 0x0, 0xaf, 0x20, 0x0, 0x0, 0xa,
    0xf2, 0x0, 0x0, 0x0, 0xaf, 0x20, 0x48, 0x88,
    0x8d, 0xf9, 0x7, 0xff, 0xff, 0xff, 0xf1, 0x7f,
    0xff, 0xff, 0xff, 0x17, 0xff, 0xff, 0xff, 0xf1,
    0x0, 0x0, 0x8f, 0xff, 0x10, 0x0, 0x8, 0xff,
    0xf1, 0x0, 0x0, 0x8f, 0xff, 0x10, 0x0, 0x8,
    0xff, 0xf1, 0x0, 0x0, 0x8f, 0xff, 0x10, 0x0,
    0x8, 0xff, 0xf1, 0x0, 0x0, 0x8f, 0xff, 0x10,
    0x0, 0x8, 0xff, 0xf1, 0x0, 0x0, 0x8f, 0xff,
    0x10, 0x0, 0x8, 0xff, 0xf1, 0x0, 0x0, 0x8f,
    0xff, 0x10, 0x0, 0x8, 0xff, 0xf1, 0x0, 0x0,
    0x1, 0x11, 0x0,

    /* U+252B "┫" */
    0x0, 0x0, 0x12, 0x22, 0x0, 0x0, 0x8, 0xff,
    0xf1, 0x0, 0x0, 0x8f, 0xff, 0x10, 0x0, 0x8,
    0xff, 0xf1, 0x0, 0x0, 0x8f, 0xff, 0x10, 0x0,
    0x8, 0xff, 0xf1, 0x0, 0x0, 0x8f, 0xff, 0x10,
    0x0, 0x8, 0xff, 0xf1, 0x0, 0x0, 0x8f, 0xff,
    0x10, 0x0, 0x8, 0xff, 0xf1, 0x0, 0x0, 0x8f,
    0xff, 0x10, 0x0, 0x8, 0xff, 0xf1, 0x37, 0x77,
    0xbf, 0xff, 0x17, 0xff, 0xff, 0xff, 0xf1, 0x7f,
    0xff, 0xff, 0xff, 0x17, 0xff, 0xff, 0xff, 0xf1,
    0x12, 0x22, 0x9f, 0xff, 0x10, 0x0, 0x8, 0xff,
    0xf1, 0x0, 0x0, 0x8f, 0xff, 0x10, 0x0, 0x8,
    0xff, 0xf1, 0x0, 0x0, 0x8f, 0xff, 0x10, 0x0,
    0x8, 0xff, 0xf1, 0x0, 0x0, 0x8f, 0xff, 0x10,
    0x0, 0x8, 0xff, 0xf1, 0x0, 0x0, 0x8f, 0xff,
    0x10, 0x0, 0x8, 0xff, 0xf1, 0x0, 0x0, 0x8f,
    0xff, 0x10, 0x0, 0x8, 0xff, 0xf1, 0x0, 0x0,
    0x13, 0x33, 0x0,

    /* U+252C "┬" */
    0x5c, 0xcc, 0xcc, 0xcc, 0xcc, 0xcc, 0x7, 0xff,
    0xff, 0xff, 0xff, 0xff, 0xf1, 0x0, 0x0, 0x9,
    0xf4, 0x0, 0x0, 0x0, 0x0, 0x0, 0x9f, 0x30,
    0x0, 0x0, 0x0, 0x0, 0x9, 0xf3, 0x0, 0x0,
    0x0, 0x0, 0x0, 0x9f, 0x30, 0x0, 0x0, 0x0,
    0x0, 0x9, 0xf3, 0x0, 0x0, 0x0, 0x0, 0x0,
    0x9f, 0x30, 0x0, 0x0, 0x0, 0x0, 0x9, 0xf3,
    0x0, 0x0, 0x0, 0x0, 0x0, 0x9f, 0x30, 0x0,
    0x0, 0x0, 0x0, 0x9, 0xf3, 0x0, 0x0, 0x0,
    0x0, 0x0, 0x9f, 0x30, 0x0, 0x0, 0x0, 0x0,
    0x9, 0xf3, 0x0, 0x0, 0x0, 0x0, 0x0, 0x9f,
    0x30, 0x0, 0x0, 0x0, 0x0, 0x9, 0xf3, 0x0,
    0x0, 0x0, 0x0, 0x0, 0x0, 0x0, 0x0, 0x0,

    /* U+252D "┭" */
    0x58, 0x88, 0x88, 0x80, 0x0, 0x0, 0x9f, 0xff,
    0xff, 0xfa, 0xaa, 0xa9, 0x9f, 0xff, 0xff, 0xff,
    0xff, 0xff, 0x9f, 0xff, 0xff, 0xf3, 0x22, 0x22,
    0x0, 0x0, 0xb, 0xf1, 0x0, 0x0, 0x0, 0x0,
    0xb, 0xf1, 0x0, 0x0, 0x0, 0x0, 0xb, 0xf1,
    0x0, 0x0, 0x0, 0x0, 0xb, 0xf1, 0x0, 0x0,
    0x0, 0x0, 0xb, 0xf1, 0x0, 0x0, 0x0, 0x0,
    0xb, 0xf1, 0x0, 0x0, 0x0, 0x0, 0xb, 0xf1,
    0x0, 0x0, 0x0, 0x0, 0xb, 0xf1, 0x0, 0x0,
    0x0, 0x0, 0xb, 0xf1, 0x0, 0x0, 0x0, 0x0,
    0xb, 0xf1, 0x0, 0x0, 0x0, 0x0, 0xb, 0xf1,
    0x0, 0x0, 0x0, 0x0, 0xb, 0xf1, 0x0, 0x0,
    0x0, 0x0, 0x1, 0x10, 0x0, 0x0,

    /* U+252E "┮" */
    0x0, 0x0, 0x6, 0x88, 0x88, 0x88, 0x6a, 0xaa,
    0xae, 0xff, 0xff, 0xff, 0x9f, 0xff, 0xff, 0xff,
    0xff, 0xff, 0x12, 0x22, 0x2c, 0xff, 0xff, 0xff,
    0x0, 0x0, 0xb, 0xf1, 0x0, 0x0, 0x0, 0x0,
    0xb, 0xf1, 0x0, 0x0, 0x0, 0x0, 0xb, 0xf1,
    0x0, 0x0, 0x0, 0x0, 0xb, 0xf1, 0x0, 0x0,
    0x0, 0x0, 0xb, 0xf1, 0x0, 0x0, 0x0, 0x0,
    0xb, 0xf1, 0x0, 0x0, 0x0, 0x0, 0xb, 0xf1,
    0x0, 0x0, 0x0, 0x0, 0xb, 0xf1, 0x0, 0x0,
    0x0, 0x0, 0xb, 0xf1, 0x0, 0x0, 0x0, 0x0,
    0xb, 0xf1, 0x0, 0x0, 0x0, 0x0, 0xb, 0xf1,
    0x0, 0x0, 0x0, 0x0, 0xb, 0xf1, 0x0, 0x0,
    0x0, 0x0, 0x1, 0x10, 0x0, 0x0,

    /* U+252F "┯" */
    0x38, 0x88, 0x88, 0x88, 0x88, 0x88, 0x7, 0xff,
    0xff, 0xff, 0xff, 0xff, 0xf1, 0x7f, 0xff, 0xff,
    0xff, 0xff, 0xff, 0x17, 0xff, 0xff, 0xff, 0xff,
    0xff, 0xf1, 0x0, 0x0, 0x9, 0xf4, 0x0, 0x0,
    0x0, 0x0, 0x0, 0x9f, 0x30, 0x0, 0x0, 0x0,
    0x0, 0x9, 0xf3, 0x0, 0x0, 0x0, 0x0, 0x0,
    0x9f, 0x30, 0x0, 0x0, 0x0, 0x0, 0x9, 0xf3,
    0x0, 0x0, 0x0, 0x0, 0x0, 0x9f, 0x30, 0x0,
    0x0, 0x0, 0x0, 0x9, 0xf3, 0x0, 0x0, 0x0,
    0x0, 0x0, 0x9f, 0x30, 0x0, 0x0, 0x0, 0x0,
    0x9, 0xf3, 0x0, 0x0, 0x0, 0x0, 0x0, 0x9f,
    0x30, 0x0, 0x0, 0x0, 0x0, 0x9, 0xf3, 0x0,
    0x0, 0x0, 0x0, 0x0, 0x9f, 0x30, 0x0, 0x0,
    0x0, 0x0, 0x1, 0x10, 0x0, 0x0, 0x0,

    /* U+2530 "┰" */
    0x5c, 0xcc, 0xcc, 0xcc, 0xcc, 0xcc, 0x7, 0xff,
    0xff, 0xff, 0xff, 0xff, 0xf1, 0x0, 0x0, 0x8f,
    0xff, 0x20, 0x0, 0x0, 0x0, 0x7, 0xff, 0xf2,
    0x0, 0x0, 0x0, 0x0, 0x7f, 0xff, 0x20, 0x0,
    0x0, 0x0, 0x7, 0xff, 0xf2, 0x0, 0x0, 0x0,
    0x0, 0x7f, 0xff, 0x20, 0x0, 0x0, 0x0, 0x7,
    0xff, 0xf2, 0x0, 0x0, 0x0, 0x0, 0x7f, 0xff,
    0x20, 0x0, 0x0, 0x0, 0x7, 0xff, 0xf2, 0x0,
    0x0, 0x0, 0x0, 0x7f, 0xff, 0x20, 0x0, 0x0,
    0x0, 0x7, 0xff, 0xf2, 0x0, 0x0, 0x0, 0x0,
    0x7f, 0xff, 0x20, 0x0, 0x0, 0x0, 0x7, 0xff,
    0xf2, 0x0, 0x0, 0x0, 0x0, 0x7f, 0xff, 0x20,
    0x0, 0x0, 0x0, 0x0, 0x0, 0x0, 0x0, 0x0,

    /* U+2531 "┱" */
    0x48, 0x88, 0x88, 0x88, 0x0, 0x0, 0x7, 0xff,
    0xff, 0xff, 0xfa, 0xaa, 0xa0, 0x7f, 0xff, 0xff,
    0xff, 0xff, 0xff, 0x7, 0xff, 0xff, 0xff, 0xf3,
    0x22, 0x20, 0x0, 0x0, 0x8f, 0xff, 0x10, 0x0,
    0x0, 0x0, 0x8, 0xff, 0xf1, 0x0, 0x0, 0x0,
    0x0, 0x8f, 0xff, 0x10, 0x0, 0x0, 0x0, 0x8,
    0xff, 0xf1, 0x0, 0x0, 0x0, 0x0, 0x8f, 0xff,
    0x10, 0x0, 0x0, 0x0, 0x8, 0xff, 0xf1, 0x0,
    0x0, 0x0, 0x0, 0x8f, 0xff, 0x10, 0x0, 0x0,
    0x0, 0x8, 0xff, 0xf1, 0x0, 0x0, 0x0, 0x0,
    0x8f, 0xff, 0x10, 0x0, 0x0, 0x0, 0x8, 0xff,
    0xf1, 0x0, 0x0, 0x0, 0x0, 0x8f, 0xff, 0x10,
    0x0, 0x0, 0x0, 0x8, 0xff, 0xf1, 0x0, 0x0,
    0x0, 0x0, 0x1, 0x11, 0x0, 0x0, 0x0,

    /* U+2532 "┲" */
    0x0, 0x0, 0x48, 0x88, 0x88, 0x88, 0x5, 0xaa,
    0xad, 0xff, 0xff, 0xff, 0xf0, 0x7f, 0xff, 0xff,
    0xff, 0xff, 0xff, 0x1, 0x22, 0x29, 0xff, 0xff,
    0xff, 0xf0, 0x0, 0x0, 0x8f, 0xff, 0x10, 0x0,
    0x0, 0x0, 0x8, 0xff, 0xf1, 0x0, 0x0, 0x0,
    0x0, 0x8f, 0xff, 0x10, 0x0, 0x0, 0x0, 0x8,
    0xff, 0xf1, 0x0, 0x0, 0x0, 0x0, 0x8f, 0xff,
    0x10, 0x0, 0x0, 0x0, 0x8, 0xff, 0xf1, 0x0,
    0x0, 0x0, 0x0, 0x8f, 0xff, 0x10, 0x0, 0x0,
    0x0, 0x8, 0xff, 0xf1, 0x0, 0x0, 0x0, 0x0,
    0x8f, 0xff, 0x10, 0x0, 0x0, 0x0, 0x8, 0xff,
    0xf1, 0x0, 0x0, 0x0, 0x0, 0x8f, 0xff, 0x10,
    0x0, 0x0, 0x0, 0x8, 0xff, 0xf1, 0x0, 0x0,
    0x0, 0x0, 0x1, 0x11, 0x0, 0x0, 0x0,

    /* U+2533 "┳" */
    0x38, 0x88, 0x88, 0x88, 0x88, 0x88, 0x7, 0xff,
    0xff, 0xff, 0xff, 0xff, 0xf1, 0x7f, 0xff, 0xff,
    0xff, 0xff, 0xff, 0x17, 0xff, 0xff, 0xff, 0xff,
    0xff, 0xf1, 0x0, 0x0, 0x8f, 0xff, 0x20, 0x0,
    0x0, 0x0, 0x7, 0xff, 0xf2, 0x0, 0x0, 0x0,
    0x0, 0x7f, 0xff, 0x20, 0x0, 0x0, 0x0, 0x7,
    0xff, 0xf2, 0x0, 0x0, 0x0, 0x0, 0x7f, 0xff,
    0x20, 0x0, 0x0, 0x0, 0x7, 0xff, 0xf2, 0x0,
    0x0, 0x0, 0x0, 0x7f, 0xff, 0x20, 0x0, 0x0,
    0x0, 0x7, 0xff, 0xf2, 0x0, 0x0, 0x0, 0x0,
    0x7f, 0xff, 0x20, 0x0, 0x0, 0x0, 0x7, 0xff,
    0xf2, 0x0, 0x0, 0x0, 0x0, 0x7f, 0xff, 0x20,
    0x0, 0x0, 0x0, 0x7, 0xff, 0xf2, 0x0, 0x0,
    0x0, 0x0, 0x1, 0x11, 0x0, 0x0, 0x0,

    /* U+2534 "┴" */
    0x0, 0x0, 0x3, 0x51, 0x0, 0x0, 0x0, 0x0,
    0x0, 0x9f, 0x30, 0x0, 0x0, 0x0, 0x0, 0x9,
    0xf3, 0x0, 0x0, 0x0, 0x0, 0x0, 0x9f, 0x30,
    0x0, 0x0, 0x0, 0x0, 0x9, 0xf3, 0x0, 0x0,
    0x0, 0x0, 0x0, 0x9f, 0x30, 0x0, 0x0, 0x0,
    0x0, 0x9, 0xf3, 0x0, 0x0, 0x0, 0x0, 0x0,
    0x9f, 0x30, 0x0, 0x0, 0x0, 0x0, 0x9, 0xf3,
    0x0, 0x0, 0x0, 0x0, 0x0, 0x9f, 0x30, 0x0,
    0x0, 0x0, 0x0, 0x9, 0xf3, 0x0, 0x0, 0x0,
    0x0, 0x0, 0x9f, 0x30, 0x0, 0x0, 0x0, 0x0,
    0x9, 0xf3, 0x0, 0x0, 0x5, 0xcc, 0xcc, 0xef,
    0xcc, 0xcc, 0xc0, 0x7f, 0xff, 0xff, 0xff, 0xff,
    0xff, 0x10, 0x0, 0x0, 0x0, 0x0, 0x0, 0x0,

    /* U+2535 "┵" */
    0x0, 0x0, 0x2, 0x40, 0x0, 0x0, 0x0, 0x0,
    0xb, 0xf1, 0x0, 0x0, 0x0, 0x0, 0xb, 0xf1,
    0x0, 0x0, 0x0, 0x0, 0xb, 0xf1, 0x0, 0x0,
    0x0, 0x0, 0xb, 0xf1, 0x0, 0x0, 0x0, 0x0,
    0xb, 0xf1, 0x0, 0x0, 0x0, 0x0, 0xb, 0xf1,
    0x0, 0x0, 0x0, 0x0, 0xb, 0xf1, 0x0, 0x0,
    0x0, 0x0, 0xb, 0xf1, 0x0, 0x0, 0x0, 0x0,
    0xb, 0xf1, 0x0, 0x0, 0x0, 0x0, 0xb, 0xf1,
    0x0, 0x0, 0x0, 0x0, 0xb, 0xf1, 0x0, 0x0,
    0x58, 0x88, 0x8d, 0xf1, 0x0, 0x0, 0x9f, 0xff,
    0xff, 0xfa, 0xaa, 0xa9, 0x9f, 0xff, 0xff, 0xff,
    0xff, 0xff, 0x9f, 0xff, 0xff, 0xf3, 0x22, 0x22,
    0x0, 0x0, 0x0, 0x0, 0x0, 0x0,

    /* U+2536 "┶" */
    0x0, 0x0, 0x2, 0x40, 0x0, 0x0, 0x0, 0x0,
    0xb, 0xf1, 0x0, 0x0, 0x0, 0x0, 0xb, 0xf1,
    0x0, 0x0, 0x0, 0x0, 0xb, 0xf1, 0x0, 0x0,
    0x0, 0x0, 0xb, 0xf1, 0x0, 0x0, 0x0, 0x0,
    0xb, 0xf1, 0x0, 0x0, 0x0, 0x0, 0xb, 0xf1,
    0x0, 0x0, 0x0, 0x0, 0xb, 0xf1, 0x0, 0x0,
    0x0, 0x0, 0xb, 0xf1, 0x0, 0x0, 0x0, 0x0,
    0xb, 0xf1, 0x0, 0x0, 0x0, 0x0, 0xb, 0xf1,
    0x0, 0x0, 0x0, 0x0, 0xb, 0xf1, 0x0, 0x0,
    0x0, 0x0, 0xb, 0xf9, 0x88, 0x88, 0x6a, 0xaa,
    0xae, 0xff, 0xff, 0xff, 0x9f, 0xff, 0xff, 0xff,
    0xff, 0xff, 0x12, 0x22, 0x2c, 0xff, 0xff, 0xff,
    0x0, 0x0, 0x0, 0x0, 0x0, 0x0,

    /* U+2537 "┷" */
    0x0, 0x0, 0x2, 0x40, 0x0, 0x0, 0x0, 0x0,
    0x0, 0x9f, 0x30, 0x0, 0x0, 0x0, 0x0, 0x9,
    0xf3, 0x0, 0x0, 0x0, 0x0, 0x0, 0x9f, 0x30,
    0x0, 0x0, 0x0, 0x0, 0x9, 0xf3, 0x0, 0x0,
    0x0, 0x0, 0x0, 0x9f, 0x30, 0x0, 0x0, 0x0,
    0x0, 0x9, 0xf3, 0x0, 0x0, 0x0, 0x0, 0x0,
    0x9f, 0x30, 0x0, 0x0, 0x0, 0x0, 0x9, 0xf3,
    0x0, 0x0, 0x0, 0x0, 0x0, 0x9f, 0x30, 0x0,
    0x0, 0x0, 0x0, 0x9, 0xf3, 0x0, 0x0, 0x0,
    0x0, 0x0, 0x9f, 0x30, 0x0, 0x0, 0x38, 0x88,
    0x8c, 0xfa, 0x88, 0x88, 0x7, 0xff, 0xff, 0xff,
    0xff, 0xff, 0xf1, 0x7f, 0xff, 0xff, 0xff, 0xff,
    0xff, 0x17, 0xff, 0xff, 0xff, 0xff, 0xff, 0xf1,
    0x0, 0x0, 0x0, 0x0, 0x0, 0x0, 0x0,

    /* U+2538 "┸" */
    0x0, 0x0, 0x25, 0x55, 0x0, 0x0, 0x0, 0x0,
    0x7, 0xff, 0xf2, 0x0, 0x0, 0x0, 0x0, 0x7f,
    0xff, 0x20, 0x0, 0x0, 0x0, 0x7, 0xff, 0xf2,
    0x0, 0x0, 0x0, 0x0, 0x7f, 0xff, 0x20, 0x0,
    0x0, 0x0, 0x7, 0xff, 0xf2, 0x0, 0x0, 0x0,
    0x0, 0x7f, 0xff, 0x20, 0x0, 0x0, 0x0, 0x7,
    0xff, 0xf2, 0x0, 0x0, 0x0, 0x0, 0x7f, 0xff,
    0x20, 0x0, 0x0, 0x0, 0x7, 0xff, 0xf2, 0x0,
    0x0, 0x0, 0x0, 0x7f, 0xff, 0x20, 0x0, 0x0,
    0x0, 0x7, 0xff, 0xf2, 0x0, 0x0, 0x0, 0x0,
    0x7f, 0xff, 0x20, 0x0, 0x5, 0xcc, 0xcd, 0xff,
    0xfc, 0xcc, 0xc0, 0x7f, 0xff, 0xff, 0xff, 0xff,
    0xff, 0x10, 0x0, 0x0, 0x0, 0x0, 0x0, 0x0,

    /* U+2539 "┹" */
    0x0, 0x0, 0x24, 0x44, 0x0, 0x0, 0x0, 0x0,
    0x8, 0xff, 0xf1, 0x0, 0x0, 0x0, 0x0, 0x8f,
    0xff, 0x10, 0x0, 0x0, 0x0, 0x8, 0xff, 0xf1,
    0x0, 0x0, 0x0, 0x0, 0x8f, 0xff, 0x10, 0x0,
    0x0, 0x0, 0x8, 0xff, 0xf1, 0x0, 0x0, 0x0,
    0x0, 0x8f, 0xff, 0x10, 0x0, 0x0, 0x0, 0x8,
    0xff, 0xf1, 0x0, 0x0, 0x0, 0x0, 0x8f, 0xff,
    0x10, 0x0, 0x0, 0x0, 0x8, 0xff, 0xf1, 0x0,
    0x0, 0x0, 0x0, 0x8f, 0xff, 0x10, 0x0, 0x0,
    0x0, 0x8, 0xff, 0xf1, 0x0, 0x0, 0x48, 0x88,
    0xcf, 0xff, 0x10, 0x0, 0x7, 0xff, 0xff, 0xff,
    0xfa, 0xaa, 0xa0, 0x7f, 0xff, 0xff, 0xff, 0xff,
    0xff, 0x7, 0xff, 0xff, 0xff, 0xf3, 0x22, 0x20,
    0x0, 0x0, 0x0, 0x0, 0x0, 0x0, 0x0,

    /* U+253A "┺" */
    0x0, 0x0, 0x14, 0x44, 0x0, 0x0, 0x0, 0x0,
    0x7, 0xff, 0xf1, 0x0, 0x0, 0x0, 0x0, 0x7f,
    0xff, 0x10, 0x0, 0x0, 0x0, 0x7, 0xff, 0xf1,
    0x0, 0x0, 0x0, 0x0, 0x7f, 0xff, 0x10, 0x0,
    0x0, 0x0, 0x7, 0xff, 0xf1, 0x0, 0x0, 0x0,
    0x0, 0x7f, 0xff, 0x10, 0x0, 0x0, 0x0, 0x7,
    0xff, 0xf1, 0x0, 0x0, 0x0, 0x0, 0x7f, 0xff,
    0x10, 0x0, 0x0, 0x0, 0x7, 0xff, 0xf1, 0x0,
    0x0, 0x0, 0x0, 0x7f, 0xff, 0x10, 0x0, 0x0,
    0x0, 0x7, 0xff, 0xf1, 0x0, 0x0, 0x0, 0x0,
    0x7f, 0xff, 0x98, 0x88, 0x4, 0xaa, 0xad, 0xff,
    0xff, 0xff, 0xf1, 0x7f, 0xff, 0xff, 0xff, 0xff,
    0xff, 0x10, 0x22, 0x28, 0xff, 0xff, 0xff, 0xf1,
    0x0, 0x0, 0x0, 0x0, 0x0, 0x0, 0x0,

    /* U+253B "┻" */
    0x0, 0x0, 0x14, 0x44, 0x0, 0x0, 0x0, 0x0,
    0x7, 0xff, 0xf2, 0x0, 0x0, 0x0, 0x0, 0x7f,
    0xff, 0x20, 0x0, 0x0, 0x0, 0x7, 0xff, 0xf2,
    0x0, 0x0, 0x0, 0x0, 0x7f, 0xff, 0x20, 0x0,
    0x0, 0x0, 0x7, 0xff, 0xf2, 0x0, 0x0, 0x0,
    0x0, 0x7f, 0xff, 0x20, 0x0, 0x0, 0x0, 0x7,
    0xff, 0xf2, 0x0, 0x0, 0x0, 0x0, 0x7f, 0xff,
    0x20, 0x0, 0x0, 0x0, 0x7, 0xff, 0xf2, 0x0,
    0x0, 0x0, 0x0, 0x7f, 0xff, 0x20, 0x0, 0x0,
    0x0, 0x7, 0xff, 0xf2, 0x0, 0x0, 0x38, 0x88,
    0xcf, 0xff, 0x98, 0x88, 0x7, 0xff, 0xff, 0xff,
    0xff, 0xff, 0xf1, 0x7f, 0xff, 0xff, 0xff, 0xff,
    0xff, 0x17, 0xff, 0xff, 0xff, 0xff, 0xff, 0xf1,
    0x0, 0x0, 0x0, 0x0, 0x0, 0x0, 0x0,

    /* U+253C "┼" */
    0x0, 0x0, 0x1, 0x20, 0x0, 0x0, 0x0, 0x0,
    0x0, 0x9f, 0x30, 0x0, 0x0, 0x0, 0x0, 0x9,
    0xf3, 0x0, 0x0, 0x0, 0x0, 0x0, 0x9f, 0x30,
    0x0, 0x0, 0x0, 0x0, 0x9, 0xf3, 0x0, 0x0,
    0x0, 0x0, 0x0, 0x9f, 0x30, 0x0, 0x0, 0x0,
    0x0, 0x9, 0xf3, 0x0, 0x0, 0x0, 0x0, 0x0,
    0x9f, 0x30, 0x0, 0x0, 0x0, 0x0, 0x9, 0xf3,
    0x0, 0x0, 0x0, 0x0, 0x0, 0x9f, 0x30, 0x0,
    0x0, 0x0, 0x0, 0x9, 0xf3, 0x0, 0x0, 0x0,
    0x0, 0x0, 0x9f, 0x30, 0x0, 0x0, 0x0, 0x0,
    0x9, 0xf3, 0x0, 0x0, 0x3, 0x99, 0x99, 0xdf,
    0xa9, 0x99, 0x90, 0x7f, 0xff, 0xff, 0xff, 0xff,
    0xff, 0x11, 0x44, 0x44, 0xaf, 0x64, 0x44, 0x40,
    0x0, 0x0, 0x9, 0xf3, 0x0, 0x0, 0x0, 0x0,
    0x0, 0x9f, 0x30, 0x0, 0x0, 0x0, 0x0, 0x9,
    0xf3, 0x0, 0x0, 0x0, 0x0, 0x0, 0x9f, 0x30,
    0x0, 0x0, 0x0, 0x0, 0x9, 0xf3, 0x0, 0x0,
    0x0, 0x0, 0x0, 0x9f, 0x30, 0x0, 0x0, 0x0,
    0x0, 0x9, 0xf3, 0x0, 0x0, 0x0, 0x0, 0x0,
    0x9f, 0x30, 0x0, 0x0, 0x0, 0x0, 0x9, 0xf3,
    0x0, 0x0, 0x0, 0x0, 0x0, 0x9f, 0x30, 0x0,
    0x0, 0x0, 0x0, 0x9, 0xf3, 0x0, 0x0, 0x0,
    0x0, 0x0, 0x9f, 0x30, 0x0, 0x0, 0x0, 0x0,
    0x1, 0x30, 0x0, 0x0, 0x0,

    /* U+253D "┽" */
    0x0, 0x0, 0x1, 0x20, 0x0, 0x0, 0x0, 0x0,
    0xb, 0xf1, 0x0, 0x0, 0x0, 0x0, 0xb, 0xf1,
    0x0, 0x0, 0x0, 0x0, 0xb, 0xf1, 0x0, 0x0,
    0x0, 0x0, 0xb, 0xf1, 0x0, 0x0, 0x0, 0x0,
    0xb, 0xf1, 0x0, 0x0, 0x0, 0x0, 0xb, 0xf1,
    0x0, 0x0, 0x0, 0x0, 0xb, 0xf1, 0x0, 0x0,
    0x0, 0x0, 0xb, 0xf1, 0x0, 0x0, 0x0, 0x0,
    0xb, 0xf1, 0x0, 0x0, 0x0, 0x0, 0xb, 0xf1,
    0x0, 0x0, 0x0, 0x0, 0xb, 0xf1, 0x0, 0x0,
    0x47, 0x77, 0x7d, 0xf1, 0x0, 0x0, 0x9f, 0xff,
    0xff, 0xf9, 0x99, 0x98, 0x9f, 0xff, 0xff, 0xff,
    0xff, 0xff, 0x9f, 0xff, 0xff, 0xf4, 0x44, 0x43,
    0x12, 0x22, 0x2c, 0xf1, 0x0, 0x0, 0x0, 0x0,
    0xb, 0xf1, 0x0, 0x0, 0x0, 0x0, 0xb, 0xf1,
    0x0, 0x0, 0x0, 0x0, 0xb, 0xf1, 0x0, 0x0,
    0x0, 0x0, 0xb, 0xf1, 0x0, 0x0, 0x0, 0x0,
    0xb, 0xf1, 0x0, 0x0, 0x0, 0x0, 0xb, 0xf1,
    0x0, 0x0, 0x0, 0x0, 0xb, 0xf1, 0x0, 0x0,
    0x0, 0x0, 0xb, 0xf1, 0x0, 0x0, 0x0, 0x0,
    0xb, 0xf1, 0x0, 0x0, 0x0, 0x0, 0xb, 0xf1,
    0x0, 0x0, 0x0, 0x0, 0xb, 0xf1, 0x0, 0x0,
    0x0, 0x0, 0x2, 0x30, 0x0, 0x0,

    /* U+253E "┾" */
    0x0, 0x0, 0x1, 0x20, 0x0, 0x0, 0x0, 0x0,
    0xb, 0xf1, 0x0, 0x0, 0x0, 0x0, 0xb, 0xf1,
    0x0, 0x0, 0x0, 0x0, 0xb, 0xf1, 0x0, 0x0,
    0x0, 0x0, 0xb, 0xf1, 0x0, 0x0, 0x0, 0x0,
    0xb, 0xf1, 0x0, 0x0, 0x0, 0x0, 0xb, 0xf1,
    0x0, 0x0, 0x0, 0x0, 0xb, 0xf1, 0x0, 0x0,
    0x0, 0x0, 0xb, 0xf1, 0x0, 0x0, 0x0, 0x0,
    0xb, 0xf1, 0x0, 0x0, 0x0, 0x0, 0xb, 0xf1,
    0x0, 0x0, 0x0, 0x0, 0xb, 0xf1, 0x0, 0x0,
    0x0, 0x0, 0xb, 0xf7, 0x77, 0x76, 0x59, 0x99,
    0x9e, 0xff, 0xff, 0xff, 0x9f, 0xff, 0xff, 0xff,
    0xff, 0xff, 0x24, 0x44, 0x4c, 0xff, 0xff, 0xff,
    0x0, 0x0, 0xb, 0xf3, 0x22, 0x22, 0x0, 0x0,
    0xb, 0xf1, 0x0, 0x0, 0x0, 0x0, 0xb, 0xf1,
    0x0, 0x0, 0x0, 0x0, 0xb, 0xf1, 0x0, 0x0,
    0x0, 0x0, 0xb, 0xf1, 0x0, 0x0, 0x0, 0x0,
    0xb, 0xf1, 0x0, 0x0, 0x0, 0x0, 0xb, 0xf1,
    0x0, 0x0, 0x0, 0x0, 0xb, 0xf1, 0x0, 0x0,
    0x0, 0x0, 0xb, 0xf1, 0x0, 0x0, 0x0, 0x0,
    0xb, 0xf1, 0x0, 0x0, 0x0, 0x0, 0xb, 0xf1,
    0x0, 0x0, 0x0, 0x0, 0xb, 0xf1, 0x0, 0x0,
    0x0, 0x0, 0x2, 0x30, 0x0, 0x0,

    /* U+253F "┿" */
    0x0, 0x0, 0x1, 0x20, 0x0, 0x0, 0x0, 0x0,
    0x0, 0x9f, 0x30, 0x0, 0x0, 0x0, 0x0, 0x9,
    0xf3, 0x0, 0x0, 0x0, 0x0, 0x0, 0x9f, 0x30,
    0x0, 0x0, 0x0, 0x0, 0x9, 0xf3, 0x0, 0x0,
    0x0, 0x0, 0x0, 0x9f, 0x30, 0x0, 0x0, 0x0,
    0x0, 0x9, 0xf3, 0x0, 0x0, 0x0, 0x0, 0x0,
    0x9f, 0x30, 0x0, 0x0, 0x0, 0x0, 0x9, 0xf3,
    0x0, 0x0, 0x0, 0x0, 0x0, 0x9f, 0x30, 0x0,
    0x0, 0x0, 0x0, 0x9, 0xf3, 0x0, 0x0, 0x0,
    0x0, 0x0, 0x9f, 0x30, 0x0, 0x0, 0x37, 0x77,
    0x7c, 0xf9, 0x77, 0x77, 0x7, 0xff, 0xff, 0xff,
    0xff, 0xff, 0xf1, 0x7f, 0xff, 0xff, 0xff, 0xff,
    0xff, 0x17, 0xff, 0xff, 0xff, 0xff, 0xff, 0xf1,
    0x2, 0x22, 0x2a, 0xf5, 0x22, 0x22, 0x0, 0x0,
    0x0, 0x9f, 0x30, 0x0, 0x0, 0x0, 0x0, 0x9,
    0xf3, 0x0, 0x0, 0x0, 0x0, 0x0, 0x9f, 0x30,
    0x0, 0x0, 0x0, 0x0, 0x9, 0xf3, 0x0, 0x0,
    0x0, 0x0, 0x0, 0x9f, 0x30, 0x0, 0x0, 0x0,
    0x0, 0x9, 0xf3, 0x0, 0x0, 0x0, 0x0, 0x0,
    0x9f, 0x30, 0x0, 0x0, 0x0, 0x0, 0x9, 0xf3,
    0x0, 0x0, 0x0, 0x0, 0x0, 0x9f, 0x30, 0x0,
    0x0, 0x0, 0x0, 0x9, 0xf3, 0x0, 0x0, 0x0,
    0x0, 0x0, 0x9f, 0x30, 0x0, 0x0, 0x0, 0x0,
    0x1, 0x30, 0x0, 0x0, 0x0,

    /* U+2540 "╀" */
    0x0, 0x0, 0x25, 0x55, 0x0, 0x0, 0x0, 0x0,
    0x7, 0xff, 0xf2, 0x0, 0x0, 0x0, 0x0, 0x7f,
    0xff, 0x20, 0x0, 0x0, 0x0, 0x7, 0xff, 0xf2,
    0x0, 0x0, 0x0, 0x0, 0x7f, 0xff, 0x20, 0x0,
    0x0, 0x0, 0x7, 0xff, 0xf2, 0x0, 0x0, 0x0,
    0x0, 0x7f, 0xff, 0x20, 0x0, 0x0, 0x0, 0x7,
    0xff, 0xf2, 0x0, 0x0, 0x0, 0x0, 0x7f, 0xff,
    0x20, 0x0, 0x0, 0x0, 0x7, 0xff, 0xf2, 0x0,
    0x0, 0x0, 0x0, 0x7f, 0xff, 0x20, 0x0, 0x0,
    0x0, 0x7, 0xff, 0xf2, 0x0, 0x0, 0x0, 0x0,
    0x7f, 0xff, 0x20, 0x0, 0x5, 0xcc, 0xcd, 0xff,
    0xfc, 0xcc, 0xc0, 0x7f, 0xff, 0xff, 0xff, 0xff,
    0xff, 0x10, 0x0, 0x0, 0x9f, 0x40, 0x0, 0x0,
    0x0, 0x0, 0x9, 0xf3, 0x0, 0x0, 0x0, 0x0,
    0x0, 0x9f, 0x30, 0x0, 0x0, 0x0, 0x0, 0x9,
    0xf3, 0x0, 0x0, 0x0, 0x0, 0x0, 0x9f, 0x30,
    0x0, 0x0, 0x0, 0x0, 0x9, 0xf3, 0x0, 0x0,
    0x0, 0x0, 0x0, 0x9f, 0x30, 0x0, 0x0, 0x0,
    0x0, 0x9, 0xf3, 0x0, 0x0, 0x0, 0x0, 0x0,
    0x9f, 0x30, 0x0, 0x0, 0x0, 0x0, 0x9, 0xf3,
    0x0, 0x0, 0x0, 0x0, 0x0, 0x9f, 0x30, 0x0,
    0x0, 0x0, 0x0, 0x9, 0xf3, 0x0, 0x0, 0x0,
    0x0, 0x0, 0x9f, 0x30, 0x0, 0x0, 0x0, 0x0,
    0x0, 0x0, 0x0, 0x0, 0x0,

    /* U+2541 "╁" */
    0x0, 0x0, 0x3, 0x51, 0x0, 0x0, 0x0, 0x0,
    0x0, 0x9f, 0x30, 0x0, 0x0, 0x0, 0x0, 0x9,
    0xf3, 0x0, 0x0, 0x0, 0x0, 0x0, 0x9f, 0x30,
    0x0, 0x0, 0x0, 0x0, 0x9, 0xf3, 0x0, 0x0,
    0x0, 0x0, 0x0, 0x9f, 0x30, 0x0, 0x0, 0x0,
    0x0, 0x9, 0xf3, 0x0, 0x0, 0x0, 0x0, 0x0,
    0x9f, 0x30, 0x0, 0x0, 0x0, 0x0, 0x9, 0xf3,
    0x0, 0x0, 0x0, 0x0, 0x0, 0x9f, 0x30, 0x0,
    0x0, 0x0, 0x0, 0x9, 0xf3, 0x0, 0x0, 0x0,
    0x0, 0x0, 0x9f, 0x30, 0x0, 0x0, 0x0, 0x0,
    0x9, 0xf3, 0x0, 0x0, 0x5, 0xcc, 0xcc, 0xef,
    0xcc, 0xcc, 0xc0, 0x7f, 0xff, 0xff, 0xff, 0xff,
    0xff, 0x10, 0x0, 0x8, 0xff, 0xf2, 0x0, 0x0,
    0x0, 0x0, 0x7f, 0xff, 0x20, 0x0, 0x0, 0x0,
    0x7, 0xff, 0xf2, 0x0, 0x0, 0x0, 0x0, 0x7f,
    0xff, 0x20, 0x0, 0x0, 0x0, 0x7, 0xff, 0xf2,
    0x0, 0x0, 0x0, 0x0, 0x7f, 0xff, 0x20, 0x0,
    0x0, 0x0, 0x7, 0xff, 0xf2, 0x0, 0x0, 0x0,
    0x0, 0x7f, 0xff, 0x20, 0x0, 0x0, 0x0, 0x7,
    0xff, 0xf2, 0x0, 0x0, 0x0, 0x0, 0x7f, 0xff,
    0x20, 0x0, 0x0, 0x0, 0x7, 0xff, 0xf2, 0x0,
    0x0, 0x0, 0x0, 0x7f, 0xff, 0x20, 0x0, 0x0,
    0x0, 0x7, 0xff, 0xf2, 0x0, 0x0, 0x0, 0x0,
    0x0, 0x0, 0x0, 0x0, 0x0,

    /* U+2542 "╂" */
    0x0, 0x0, 0x12, 0x22, 0x0, 0x0, 0x0, 0x0,
    0x7, 0xff, 0xf2, 0x0, 0x0, 0x0, 0x0, 0x7f,
    0xff, 0x20, 0x0, 0x0, 0x0, 0x7, 0xff, 0xf2,
    0x0, 0x0, 0x0, 0x0, 0x7f, 0xff, 0x20, 0x0,
    0x0, 0x0, 0x7, 0xff, 0xf2, 0x0, 0x0, 0x0,
    0x0, 0x7f, 0xff, 0x20, 0x0, 0x0, 0x0, 0x7,
    0xff, 0xf2, 0x0, 0x0, 0x0, 0x0, 0x7f, 0xff,
    0x20, 0x0, 0x0, 0x0, 0x7, 0xff, 0xf2, 0x0,
    0x0, 0x0, 0x0, 0x7f, 0xff, 0x20, 0x0, 0x0,
    0x0, 0x7, 0xff, 0xf2, 0x0, 0x0, 0x0, 0x0,
    0x7f, 0xff, 0x20, 0x0, 0x3, 0x99, 0x9c, 0xff,
    0xf9, 0x99, 0x90, 0x7f, 0xff, 0xff, 0xff, 0xff,
    0xff, 0x11, 0x44, 0x49, 0xff, 0xf5, 0x44, 0x40,
    0x0, 0x0, 0x7f, 0xff, 0x20, 0x0, 0x0, 0x0,
    0x7, 0xff, 0xf2, 0x0, 0x0, 0x0, 0x0, 0x7f,
    0xff, 0x20, 0x0, 0x0, 0x0, 0x7, 0xff, 0xf2,
    0x0, 0x0, 0x0, 0x0, 0x7f, 0xff, 0x20, 0x0,
    0x0, 0x0, 0x7, 0xff, 0xf2, 0x0, 0x0, 0x0,
    0x0, 0x7f, 0xff, 0x20, 0x0, 0x0, 0x0, 0x7,
    0xff, 0xf2, 0x0, 0x0, 0x0, 0x0, 0x7f, 0xff,
    0x20, 0x0, 0x0, 0x0, 0x7, 0xff, 0xf2, 0x0,
    0x0, 0x0, 0x0, 0x7f, 0xff, 0x20, 0x0, 0x0,
    0x0, 0x7, 0xff, 0xf2, 0x0, 0x0, 0x0, 0x0,
    0x13, 0x33, 0x0, 0x0, 0x0,

    /* U+2543 "╃" */
    0x0, 0x0, 0x24, 0x44, 0x0, 0x0, 0x0, 0x0,
    0x8, 0xff, 0xf1, 0x0, 0x0, 0x0, 0x0, 0x8f,
    0xff, 0x10, 0x0, 0x0, 0x0, 0x8, 0xff, 0xf1,
    0x0, 0x0, 0x0, 0x0, 0x8f, 0xff, 0x10, 0x0,
    0x0, 0x0, 0x8, 0xff, 0xf1, 0x0, 0x0, 0x0,
    0x0, 0x8f, 0xff, 0x10, 0x0, 0x0, 0x0, 0x8,
    0xff, 0xf1, 0x0, 0x0, 0x0, 0x0, 0x8f, 0xff,
    0x10, 0x0, 0x0, 0x0, 0x8, 0xff, 0xf1, 0x0,
    0x0, 0x0, 0x0, 0x8f, 0xff, 0x10, 0x0, 0x0,
    0x0, 0x8, 0xff, 0xf1, 0x0, 0x0, 0x48, 0x88,
    0xcf, 0xff, 0x10, 0x0, 0x7, 0xff, 0xff, 0xff,
    0xfa, 0xaa, 0xa0, 0x7f, 0xff, 0xff, 0xff, 0xff,
    0xff, 0x7, 0xff, 0xff, 0xff, 0xf3, 0x22, 0x20,
    0x0, 0x0, 0xa, 0xf3, 0x0, 0x0, 0x0, 0x0,
    0x0, 0xaf, 0x20, 0x0, 0x0, 0x0, 0x0, 0xa,
    0xf2, 0x0, 0x0, 0x0, 0x0, 0x0, 0xaf, 0x20,
    0x0, 0x0, 0x0, 0x0, 0xa, 0xf2, 0x0, 0x0,
    0x0, 0x0, 0x0, 0xaf, 0x20, 0x0, 0x0, 0x0,
    0x0, 0xa, 0xf2, 0x0, 0x0, 0x0, 0x0, 0x0,
    0xaf, 0x20, 0x0, 0x0, 0x0, 0x0, 0xa, 0xf2,
    0x0, 0x0, 0x0, 0x0, 0x0, 0xaf, 0x20, 0x0,
    0x0, 0x0, 0x0, 0xa, 0xf2, 0x0, 0x0, 0x0,
    0x0, 0x0, 0xaf, 0x20, 0x0, 0x0, 0x0, 0x0,
    0x1, 0x10, 0x0, 0x0, 0x0,

    /* U+2544 "╄" */
    0x0, 0x0, 0x12, 0x22, 0x0, 0x0, 0x0, 0x0,
    0x7, 0xff, 0xf1, 0x0, 0x0, 0x0, 0x0, 0x7f,
    0xff, 0x10, 0x0, 0x0, 0x0, 0x7, 0xff, 0xf1,
    0x0, 0x0, 0x0, 0x0, 0x7f, 0xff, 0x10, 0x0,
    0x0, 0x0, 0x7, 0xff, 0xf1, 0x0, 0x0, 0x0,
    0x0, 0x7f, 0xff, 0x10, 0x0, 0x0, 0x0, 0x7,
    0xff, 0xf1, 0x0, 0x0, 0x0, 0x0, 0x7f, 0xff,
    0x10, 0x0, 0x0, 0x0, 0x7, 0xff, 0xf1, 0x0,
    0x0, 0x0, 0x0, 0x7f, 0xff, 0x10, 0x0, 0x0,
    0x0, 0x7, 0xff, 0xf1, 0x0, 0x0, 0x0, 0x0,
    0x7f, 0xff, 0x87, 0x77, 0x3, 0x99, 0x9c, 0xff,
    0xff, 0xff, 0xf1, 0x7f, 0xff, 0xff, 0xff, 0xff,
    0xff, 0x11, 0x33, 0x39, 0xff, 0xff, 0xff, 0xf1,
    0x0, 0x0, 0x1a, 0xf5, 0x22, 0x22, 0x0, 0x0,
    0x0, 0x9f, 0x30, 0x0, 0x0, 0x0, 0x0, 0x9,
    0xf3, 0x0, 0x0, 0x0, 0x0, 0x0, 0x9f, 0x30,
    0x0, 0x0, 0x0, 0x0, 0x9, 0xf3, 0x0, 0x0,
    0x0, 0x0, 0x0, 0x9f, 0x30, 0x0, 0x0, 0x0,
    0x0, 0x9, 0xf3, 0x0, 0x0, 0x0, 0x0, 0x0,
    0x9f, 0x30, 0x0, 0x0, 0x0, 0x0, 0x9, 0xf3,
    0x0, 0x0, 0x0, 0x0, 0x0, 0x9f, 0x30, 0x0,
    0x0, 0x0, 0x0, 0x9, 0xf3, 0x0, 0x0, 0x0,
    0x0, 0x0, 0x9f, 0x30, 0x0, 0x0, 0x0, 0x0,
    0x1, 0x30, 0x0, 0x0, 0x0,

    /* U+2545 "╅" */
    0x0, 0x0, 0x2, 0x40, 0x0, 0x0, 0x0, 0x0,
    0x0, 0xaf, 0x20, 0x0, 0x0, 0x0, 0x0, 0xa,
    0xf2, 0x0, 0x0, 0x0, 0x0, 0x0, 0xaf, 0x20,
    0x0, 0x0, 0x0, 0x0, 0xa, 0xf2, 0x0, 0x0,
    0x0, 0x0, 0x0, 0xaf, 0x20, 0x0, 0x0, 0x0,
    0x0, 0xa, 0xf2, 0x0, 0x0, 0x0, 0x0, 0x0,
    0xaf, 0x20, 0x0, 0x0, 0x0, 0x0, 0xa, 0xf2,
    0x0, 0x0, 0x0, 0x0, 0x0, 0xaf, 0x20, 0x0,
    0x0, 0x0, 0x0, 0xa, 0xf2, 0x0, 0x0, 0x0,
    0x0, 0x0, 0xaf, 0x20, 0x0, 0x0, 0x48, 0x88,
    0x8d, 0xf9, 0x0, 0x0, 0x7, 0xff, 0xff, 0xff,
    0xfa, 0xaa, 0xa0, 0x7f, 0xff, 0xff, 0xff, 0xff,
    0xff, 0x7, 0xff, 0xff, 0xff, 0xf3, 0x22, 0x20,
    0x0, 0x0, 0x8f, 0xff, 0x10, 0x0, 0x0, 0x0,
    0x8, 0xff, 0xf1, 0x0, 0x0, 0x0, 0x0, 0x8f,
    0xff, 0x10, 0x0, 0x0, 0x0, 0x8, 0xff, 0xf1,
    0x0, 0x0, 0x0, 0x0, 0x8f, 0xff, 0x10, 0x0,
    0x0, 0x0, 0x8, 0xff, 0xf1, 0x0, 0x0, 0x0,
    0x0, 0x8f, 0xff, 0x10, 0x0, 0x0, 0x0, 0x8,
    0xff, 0xf1, 0x0, 0x0, 0x0, 0x0, 0x8f, 0xff,
    0x10, 0x0, 0x0, 0x0, 0x8, 0xff, 0xf1, 0x0,
    0x0, 0x0, 0x0, 0x8f, 0xff, 0x10, 0x0, 0x0,
    0x0, 0x8, 0xff, 0xf1, 0x0, 0x0, 0x0, 0x0,
    0x1, 0x11, 0x0, 0x0, 0x0,

    /* U+2546 "╆" */
    0x0, 0x0, 0x3, 0x50, 0x0, 0x0, 0x0, 0x0,
    0x0, 0xaf, 0x20, 0x0, 0x0, 0x0, 0x0, 0xa,
    0xf2, 0x0, 0x0, 0x0, 0x0, 0x0, 0xaf, 0x20,
    0x0, 0x0, 0x0, 0x0, 0xa, 0xf2, 0x0, 0x0,
    0x0, 0x0, 0x0, 0xaf, 0x20, 0x0, 0x0, 0x0,
    0x0, 0xa, 0xf2, 0x0, 0x0, 0x0, 0x0, 0x0,
    0xaf, 0x20, 0x0, 0x0, 0x0, 0x0, 0xa, 0xf2,
    0x0, 0x0, 0x0, 0x0, 0x0, 0xaf, 0x20, 0x0,
    0x0, 0x0, 0x0, 0xa, 0xf2, 0x0, 0x0, 0x0,
    0x0, 0x0, 0xaf, 0x20, 0x0, 0x0, 0x0, 0x0,
    0x5d, 0xfa, 0x99, 0x99, 0x5, 0xbb, 0xbd, 0xff,
    0xff, 0xff, 0xf0, 0x7f, 0xff, 0xff, 0xff, 0xff,
    0xff, 0x0, 0x11, 0x19, 0xff, 0xff, 0xff, 0xf0,
    0x0, 0x0, 0x8f, 0xff, 0x10, 0x0, 0x0, 0x0,
    0x8, 0xff, 0xf1, 0x0, 0x0, 0x0, 0x0, 0x8f,
    0xff, 0x10, 0x0, 0x0, 0x0, 0x8, 0xff, 0xf1,
    0x0, 0x0, 0x0, 0x0, 0x8f, 0xff, 0x10, 0x0,
    0x0, 0x0, 0x8, 0xff, 0xf1, 0x0, 0x0, 0x0,
    0x0, 0x8f, 0xff, 0x10, 0x0, 0x0, 0x0, 0x8,
    0xff, 0xf1, 0x0, 0x0, 0x0, 0x0, 0x8f, 0xff,
    0x10, 0x0, 0x0, 0x0, 0x8, 0xff, 0xf1, 0x0,
    0x0, 0x0, 0x0, 0x8f, 0xff, 0x10, 0x0, 0x0,
    0x0, 0x8, 0xff, 0xf1, 0x0, 0x0, 0x0, 0x0,
    0x0, 0x0, 0x0, 0x0, 0x0,

    /* U+2547 "╇" */
    0x0, 0x0, 0x14, 0x44, 0x0, 0x0, 0x0, 0x0,
    0x7, 0xff, 0xf2, 0x0, 0x0, 0x0, 0x0, 0x7f,
    0xff, 0x20, 0x0, 0x0, 0x0, 0x7, 0xff, 0xf2,
    0x0, 0x0, 0x0, 0x0, 0x7f, 0xff, 0x20, 0x0,
    0x0, 0x0, 0x7, 0xff, 0xf2, 0x0, 0x0, 0x0,
    0x0, 0x7f, 0xff, 0x20, 0x0, 0x0, 0x0, 0x7,
    0xff, 0xf2, 0x0, 0x0, 0x0, 0x0, 0x7f, 0xff,
    0x20, 0x0, 0x0, 0x0, 0x7, 0xff, 0xf2, 0x0,
    0x0, 0x0, 0x0, 0x7f, 0xff, 0x20, 0x0, 0x0,
    0x0, 0x7, 0xff, 0xf2, 0x0, 0x0, 0x38, 0x88,
    0xcf, 0xff, 0x98, 0x88, 0x7, 0xff, 0xff, 0xff,
    0xff, 0xff, 0xf1, 0x7f, 0xff, 0xff, 0xff, 0xff,
    0xff, 0x17, 0xff, 0xff, 0xff, 0xff, 0xff, 0xf1,
    0x0, 0x0, 0x9, 0xf4, 0x0, 0x0, 0x0, 0x0,
    0x0, 0x9f, 0x30, 0x0, 0x0, 0x0, 0x0, 0x9,
    0xf3, 0x0, 0x0, 0x0, 0x0, 0x0, 0x9f, 0x30,
    0x0, 0x0, 0x0, 0x0, 0x9, 0xf3, 0x0, 0x0,
    0x0, 0x0, 0x0, 0x9f, 0x30, 0x0, 0x0, 0x0,
    0x0, 0x9, 0xf3, 0x0, 0x0, 0x0, 0x0, 0x0,
    0x9f, 0x30, 0x0, 0x0, 0x0, 0x0, 0x9, 0xf3,
    0x0, 0x0, 0x0, 0x0, 0x0, 0x9f, 0x30, 0x0,
    0x0, 0x0, 0x0, 0x9, 0xf3, 0x0, 0x0, 0x0,
    0x0, 0x0, 0x9f, 0x30, 0x0, 0x0, 0x0, 0x0,
    0x1, 0x10, 0x0, 0x0, 0x0,

    /* U+2548 "╈" */
    0x0, 0x0, 0x2, 0x40, 0x0, 0x0, 0x0, 0x0,
    0x0, 0x9f, 0x30, 0x0, 0x0, 0x0, 0x0, 0x9,
    0xf3, 0x0, 0x0, 0x0, 0x0, 0x0, 0x9f, 0x30,
    0x0, 0x0, 0x0, 0x0, 0x9, 0xf3, 0x0, 0x0,
    0x0, 0x0, 0x0, 0x9f, 0x30, 0x0, 0x0, 0x0,
    0x0, 0x9, 0xf3, 0x0, 0x0, 0x0, 0x0, 0x0,
    0x9f, 0x30, 0x0, 0x0, 0x0, 0x0, 0x9, 0xf3,
    0x0, 0x0, 0x0, 0x0, 0x0, 0x9f, 0x30, 0x0,
    0x0, 0x0, 0x0, 0x9, 0xf3, 0x0, 0x0, 0x0,
    0x0, 0x0, 0x9f, 0x30, 0x0, 0x0, 0x38, 0x88,
    0x8c, 0xfa, 0x88, 0x88, 0x7, 0xff, 0xff, 0xff,
    0xff, 0xff, 0xf1, 0x7f, 0xff, 0xff, 0xff, 0xff,
    0xff, 0x17, 0xff, 0xff, 0xff, 0xff, 0xff, 0xf1,
    0x0, 0x0, 0x8f, 0xff, 0x20, 0x0, 0x0, 0x0,
    0x7, 0xff, 0xf2, 0x0, 0x0, 0x0, 0x0, 0x7f,
    0xff, 0x20, 0x0, 0x0, 0x0, 0x7, 0xff, 0xf2,
    0x0, 0x0, 0x0, 0x0, 0x7f, 0xff, 0x20, 0x0,
    0x0, 0x0, 0x7, 0xff, 0xf2, 0x0, 0x0, 0x0,
    0x0, 0x7f, 0xff, 0x20, 0x0, 0x0, 0x0, 0x7,
    0xff, 0xf2, 0x0, 0x0, 0x0, 0x0, 0x7f, 0xff,
    0x20, 0x0, 0x0, 0x0, 0x7, 0xff, 0xf2, 0x0,
    0x0, 0x0, 0x0, 0x7f, 0xff, 0x20, 0x0, 0x0,
    0x0, 0x7, 0xff, 0xf2, 0x0, 0x0, 0x0, 0x0,
    0x1, 0x11, 0x0, 0x0, 0x0,

    /* U+2549 "╉" */
    0x0, 0x0, 0x12, 0x22, 0x0, 0x0, 0x0, 0x0,
    0x8, 0xff, 0xf1, 0x0, 0x0, 0x0, 0x0, 0x8f,
    0xff, 0x10, 0x0, 0x0, 0x0, 0x8, 0xff, 0xf1,
    0x0, 0x0, 0x0, 0x0, 0x8f, 0xff, 0x10, 0x0,
    0x0, 0x0, 0x8, 0xff, 0xf1, 0x0, 0x0, 0x0,
    0x0, 0x8f, 0xff, 0x10, 0x0, 0x0, 0x0, 0x8,
    0xff, 0xf1, 0x0, 0x0, 0x0, 0x0, 0x8f, 0xff,
    0x10, 0x0, 0x0, 0x0, 0x8, 0xff, 0xf1, 0x0,
    0x0, 0x0, 0x0, 0x8f, 0xff, 0x10, 0x0, 0x0,
    0x0, 0x8, 0xff, 0xf1, 0x0, 0x0, 0x37, 0x77,
    0xbf, 0xff, 0x10, 0x0, 0x7, 0xff, 0xff, 0xff,
    0xf9, 0x99, 0x90, 0x7f, 0xff, 0xff, 0xff, 0xff,
    0xff, 0x7, 0xff, 0xff, 0xff, 0xf4, 0x44, 0x40,
    0x12, 0x22, 0x9f, 0xff, 0x10, 0x0, 0x0, 0x0,
    0x8, 0xff, 0xf1, 0x0, 0x0, 0x0, 0x0, 0x8f,
    0xff, 0x10, 0x0, 0x0, 0x0, 0x8, 0xff, 0xf1,
    0x0, 0x0, 0x0, 0x0, 0x8f, 0xff, 0x10, 0x0,
    0x0, 0x0, 0x8, 0xff, 0xf1, 0x0, 0x0, 0x0,
    0x0, 0x8f, 0xff, 0x10, 0x0, 0x0, 0x0, 0x8,
    0xff, 0xf1, 0x0, 0x0, 0x0, 0x0, 0x8f, 0xff,
    0x10, 0x0, 0x0, 0x0, 0x8, 0xff, 0xf1, 0x0,
    0x0, 0x0, 0x0, 0x8f, 0xff, 0x10, 0x0, 0x0,
    0x0, 0x8, 0xff, 0xf1, 0x0, 0x0, 0x0, 0x0,
    0x13, 0x33, 0x0, 0x0, 0x0,

    /* U+254A "╊" */
    0x0, 0x0, 0x12, 0x22, 0x0, 0x0, 0x0, 0x0,
    0x8, 0xff, 0xf1, 0x0, 0x0, 0x0, 0x0, 0x8f,
    0xff, 0x10, 0x0, 0x0, 0x0, 0x8, 0xff, 0xf1,
    0x0, 0x0, 0x0, 0x0, 0x8f, 0xff, 0x10, 0x0,
    0x0, 0x0, 0x8, 0xff, 0xf1, 0x0, 0x0, 0x0,
    0x0, 0x8f, 0xff, 0x10, 0x0, 0x0, 0x0, 0x8,
    0xff, 0xf1, 0x0, 0x0, 0x0, 0x0, 0x8f, 0xff,
    0x10, 0x0, 0x0, 0x0, 0x8, 0xff, 0xf1, 0x0,
    0x0, 0x0, 0x0, 0x8f, 0xff, 0x10, 0x0, 0x0,
    0x0, 0x8, 0xff, 0xf1, 0x0, 0x0, 0x0, 0x0,
    0x8f, 0xff, 0x77, 0x77, 0x4, 0x99, 0x9c, 0xff,
    0xff, 0xff, 0xf0, 0x7f, 0xff, 0xff, 0xff, 0xff,
    0xff, 0x1, 0x44, 0x4a, 0xff, 0xff, 0xff, 0xf0,
    0x0, 0x0, 0x8f, 0xff, 0x32, 0x22, 0x0, 0x0,
    0x8, 0xff, 0xf1, 0x0, 0x0, 0x0, 0x0, 0x8f,
    0xff, 0x10, 0x0, 0x0, 0x0, 0x8, 0xff, 0xf1,
    0x0, 0x0, 0x0, 0x0, 0x8f, 0xff, 0x10, 0x0,
    0x0, 0x0, 0x8, 0xff, 0xf1, 0x0, 0x0, 0x0,
    0x0, 0x8f, 0xff, 0x10, 0x0, 0x0, 0x0, 0x8,
    0xff, 0xf1, 0x0, 0x0, 0x0, 0x0, 0x8f, 0xff,
    0x10, 0x0, 0x0, 0x0, 0x8, 0xff, 0xf1, 0x0,
    0x0, 0x0, 0x0, 0x8f, 0xff, 0x10, 0x0, 0x0,
    0x0, 0x8, 0xff, 0xf1, 0x0, 0x0, 0x0, 0x0,
    0x13, 0x33, 0x0, 0x0, 0x0,

    /* U+254B "╋" */
    0x0, 0x0, 0x12, 0x22, 0x0, 0x0, 0x0, 0x0,
    0x7, 0xff, 0xf2, 0x0, 0x0, 0x0, 0x0, 0x7f,
    0xff, 0x20, 0x0, 0x0, 0x0, 0x7, 0xff, 0xf2,
    0x0, 0x0, 0x0, 0x0, 0x7f, 0xff, 0x20, 0x0,
    0x0, 0x0, 0x7, 0xff, 0xf2, 0x0, 0x0, 0x0,
    0x0, 0x7f, 0xff, 0x20, 0x0, 0x0, 0x0, 0x7,
    0xff, 0xf2, 0x0, 0x0, 0x0, 0x0, 0x7f, 0xff,
    0x20, 0x0, 0x0, 0x0, 0x7, 0xff, 0xf2, 0x0,
    0x0, 0x0, 0x0, 0x7f, 0xff, 0x20, 0x0, 0x0,
    0x0, 0x7, 0xff, 0xf2, 0x0, 0x0, 0x37, 0x77,
    0xbf, 0xff, 0x87, 0x77, 0x7, 0xff, 0xff, 0xff,
    0xff, 0xff, 0xf1, 0x7f, 0xff, 0xff, 0xff, 0xff,
    0xff, 0x17, 0xff, 0xff, 0xff, 0xff, 0xff, 0xf1,
    0x2, 0x22, 0x8f, 0xff, 0x32, 0x22, 0x0, 0x0,
    0x7, 0xff, 0xf2, 0x0, 0x0, 0x0, 0x0, 0x7f,
    0xff, 0x20, 0x0, 0x0, 0x0, 0x7, 0xff, 0xf2,
    0x0, 0x0, 0x0, 0x0, 0x7f, 0xff, 0x20, 0x0,
    0x0, 0x0, 0x7, 0xff, 0xf2, 0x0, 0x0, 0x0,
    0x0, 0x7f, 0xff, 0x20, 0x0, 0x0, 0x0, 0x7,
    0xff, 0xf2, 0x0, 0x0, 0x0, 0x0, 0x7f, 0xff,
    0x20, 0x0, 0x0, 0x0, 0x7, 0xff, 0xf2, 0x0,
    0x0, 0x0, 0x0, 0x7f, 0xff, 0x20, 0x0, 0x0,
    0x0, 0x7, 0xff, 0xf2, 0x0, 0x0, 0x0, 0x0,
    0x13, 0x33, 0x0, 0x0, 0x0,

    /* U+254C "╌" */
    0x9c, 0xc0, 0x2, 0xcc, 0x8c, 0xff, 0x10, 0x3f,
    0xfb, 0x0, 0x0, 0x0, 0x0, 0x0,

    /* U+254D "╍" */
    0x58, 0x80, 0x0, 0x88, 0x5a, 0xff, 0x0, 0x1f,
    0xfa, 0xaf, 0xf0, 0x1, 0xff, 0xaa, 0xff, 0x0,
    0x1f, 0xfa, 0x0, 0x0, 0x0, 0x0, 0x0,

    /* U+254E "╎" */
    0x1, 0xb, 0xf1, 0xbf, 0x1b, 0xf1, 0xbf, 0x1b,
    0xf1, 0xbf, 0x1b, 0xf1, 0xbf, 0x10, 0x10, 0x0,
    0x2, 0x30, 0xbf, 0x1b, 0xf1, 0xbf, 0x1b, 0xf1,
    0xbf, 0x1b, 0xf1, 0xbf, 0x1b, 0xf1,

    /* U+254F "╏" */
    0x48, 0x88, 0x8, 0xff, 0xf1, 0x8f, 0xff, 0x18,
    0xff, 0xf1, 0x8f, 0xff, 0x18, 0xff, 0xf1, 0x8f,
    0xff, 0x17, 0xff, 0xf1, 0x0, 0x0, 0x0, 0x0,
    0x0, 0x0, 0x0, 0x8, 0xff, 0xf1, 0x8f, 0xff,
    0x18, 0xff, 0xf1, 0x8f, 0xff, 0x18, 0xff, 0xf1,
    0x8f, 0xff, 0x18, 0xff, 0xf1, 0x48, 0x88, 0x0,

    /* U+2550 "═" */
    0x2, 0x22, 0x22, 0x22, 0x22, 0x22, 0x7, 0xff,
    0xff, 0xff, 0xff, 0xff, 0xf1, 0x4a, 0xaa, 0xaa,
    0xaa, 0xaa, 0xaa, 0x0, 0x0, 0x0, 0x0, 0x0,
    0x0, 0x0, 0x5c, 0xcc, 0xcc, 0xcc, 0xcc, 0xcc,
    0x7, 0xff, 0xff, 0xff, 0xff, 0xff, 0xf1, 0x0,
    0x0, 0x0, 0x0, 0x0, 0x0, 0x0,

    /* U+2551 "║" */
    0x2, 0x10, 0x12, 0x1, 0xfb, 0xb, 0xf1, 0x1f,
    0xb0, 0xbf, 0x11, 0xfb, 0xb, 0xf1, 0x1f, 0xb0,
    0xbf, 0x11, 0xfb, 0xb, 0xf1, 0x1f, 0xb0, 0xbf,
    0x11, 0xfb, 0xb, 0xf1, 0x1f, 0xb0, 0xbf, 0x11,
    0xfb, 0xb, 0xf1, 0x1f, 0xb0, 0xbf, 0x11, 0xfb,
    0xb, 0xf1, 0x1f, 0xb0, 0xbf, 0x11, 0xfb, 0xb,
    0xf1, 0x1f, 0xb0, 0xbf, 0x11, 0xfb, 0xb, 0xf1,
    0x1f, 0xb0, 0xbf, 0x11, 0xfb, 0xb, 0xf1, 0x1f,
    0xb0, 0xbf, 0x11, 0xfb, 0xb, 0xf1, 0x1f, 0xb0,
    0xbf, 0x11, 0xfb, 0xb, 0xf1, 0x1f, 0xb0, 0xbf,
    0x11, 0xfb, 0xb, 0xf1, 0x1f, 0xb0, 0xbf, 0x11,
    0xfb, 0xb, 0xf1, 0x1f, 0xb0, 0xbf, 0x11, 0xfb,
    0xb, 0xf1, 0x3, 0x20, 0x23, 0x0,

    /* U+2552 "╒" */
    0x12, 0x22, 0x22, 0x2b, 0xff, 0xff, 0xff, 0xbf,
    0xaa, 0xaa, 0x9b, 0xf1, 0x0, 0x0, 0xbf, 0xcc,
    0xcc, 0xbb, 0xff, 0xff, 0xff, 0xbf, 0x10, 0x0,
    0xb, 0xf1, 0x0, 0x0, 0xbf, 0x10, 0x0, 0xb,
    0xf1, 0x0, 0x0, 0xbf, 0x10, 0x0, 0xb, 0xf1,
    0x0, 0x0, 0xbf, 0x10, 0x0, 0xb, 0xf1, 0x0,
    0x0, 0xbf, 0x10, 0x0, 0xb, 0xf1, 0x0, 0x0,
    0xbf, 0x10, 0x0, 0x4, 0x60, 0x0, 0x0,

    /* U+2553 "╓" */
    0xc, 0xcc, 0xcc, 0xcc, 0xc4, 0x1f, 0xff, 0xff,
    0xff, 0xf6, 0x1f, 0xb0, 0xbf, 0x20, 0x0, 0x1f,
    0xb0, 0xbf, 0x10, 0x0, 0x1f, 0xb0, 0xbf, 0x10,
    0x0, 0x1f, 0xb0, 0xbf, 0x10, 0x0, 0x1f, 0xb0,
    0xbf, 0x10, 0x0, 0x1f, 0xb0, 0xbf, 0x10, 0x0,
    0x1f, 0xb0, 0xbf, 0x10, 0x0, 0x1f, 0xb0, 0xbf,
    0x10, 0x0, 0x1f, 0xb0, 0xbf, 0x10, 0x0, 0x1f,
    0xb0, 0xbf, 0x10, 0x0, 0x1f, 0xb0, 0xbf, 0x10,
    0x0, 0x1f, 0xb0, 0xbf, 0x10, 0x0, 0x1f, 0xb0,
    0xbf, 0x10, 0x0, 0x0, 0x0, 0x0, 0x0, 0x0,

    /* U+2554 "╔" */
    0x2, 0x22, 0x22, 0x22, 0x20, 0x1f, 0xff, 0xff,
    0xff, 0xf2, 0x1f, 0xea, 0xaa, 0xaa, 0xa1, 0x1f,
    0xb0, 0x0, 0x0, 0x0, 0x1f, 0xb0, 0x8c, 0xcc,
    0xc1, 0x1f, 0xb0, 0xbf, 0xff, 0xf2, 0x1f, 0xb0,
    0xbf, 0x20, 0x0, 0x1f, 0xb0, 0xbf, 0x10, 0x0,
    0x1f, 0xb0, 0xbf, 0x10, 0x0, 0x1f, 0xb0, 0xbf,
    0x10, 0x0, 0x1f, 0xb0, 0xbf, 0x10, 0x0, 0x1f,
    0xb0, 0xbf, 0x10, 0x0, 0x1f, 0xb0, 0xbf, 0x10,
    0x0, 0x1f, 0xb0, 0xbf, 0x10, 0x0, 0x1f, 0xb0,
    0xbf, 0x10, 0x0, 0x1f, 0xb0, 0xbf, 0x10, 0x0,
    0x1f, 0xb0, 0xbf, 0x10, 0x0, 0x3, 0x20, 0x23,
    0x0, 0x0,

    /* U+2555 "╕" */
    0x12, 0x22, 0x22, 0x20, 0x9f, 0xff, 0xff, 0xf1,
    0x6a, 0xaa, 0xae, 0xf1, 0x0, 0x0, 0xb, 0xf1,
    0x7c, 0xcc, 0xce, 0xf1, 0x9f, 0xff, 0xff, 0xf1,
    0x0, 0x0, 0xb, 0xf1, 0x0, 0x0, 0xb, 0xf1,
    0x0, 0x0, 0xb, 0xf1, 0x0, 0x0, 0xb, 0xf1,
    0x0, 0x0, 0xb, 0xf1, 0x0, 0x0, 0xb, 0xf1,
    0x0, 0x0, 0xb, 0xf1, 0x0, 0x0, 0xb, 0xf1,
    0x0, 0x0, 0xb, 0xf1, 0x0, 0x0, 0xb, 0xf1,
    0x0, 0x0, 0xb, 0xf1, 0x0, 0x0, 0x4, 0x60,

    /* U+2556 "╖" */
    0x4c, 0xcc, 0xcc, 0xcc, 0xc1, 0x5f, 0xff, 0xff,
    0xff, 0xf1, 0x0, 0x1, 0xfb, 0xb, 0xf1, 0x0,
    0x1, 0xfb, 0xb, 0xf1, 0x0, 0x1, 0xfb, 0xb,
    0xf1, 0x0, 0x1, 0xfb, 0xb, 0xf1, 0x0, 0x1,
    0xfb, 0xb, 0xf1, 0x0, 0x1, 0xfb, 0xb, 0xf1,
    0x0, 0x1, 0xfb, 0xb, 0xf1, 0x0, 0x1, 0xfb,
    0xb, 0xf1, 0x0, 0x1, 0xfb, 0xb, 0xf1, 0x0,
    0x1, 0xfb, 0xb, 0xf1, 0x0, 0x1, 0xfb, 0xb,
    0xf1, 0x0, 0x1, 0xfb, 0xb, 0xf1, 0x0, 0x1,
    0xfb, 0xb, 0xf1, 0x0, 0x0, 0x0, 0x0, 0x0,

    /* U+2557 "╗" */
    0x2, 0x22, 0x22, 0x22, 0x20, 0x2f, 0xff, 0xff,
    0xff, 0xf1, 0x1a, 0xaa, 0xaa, 0xae, 0xf1, 0x0,
    0x0, 0x0, 0xb, 0xf1, 0x1c, 0xcc, 0xc8, 0xb,
    0xf1, 0x2f, 0xff, 0xfb, 0xb, 0xf1, 0x0, 0x1,
    0xfb, 0xb, 0xf1, 0x0, 0x1, 0xfb, 0xb, 0xf1,
    0x0, 0x1, 0xfb, 0xb, 0xf1, 0x0, 0x1, 0xfb,
    0xb, 0xf1, 0x0, 0x1, 0xfb, 0xb, 0xf1, 0x0,
    0x1, 0xfb, 0xb, 0xf1, 0x0, 0x1, 0xfb, 0xb,
    0xf1, 0x0, 0x1, 0xfb, 0xb, 0xf1, 0x0, 0x1,
    0xfb, 0xb, 0xf1, 0x0, 0x1, 0xfb, 0xb, 0xf1,
    0x0, 0x1, 0xfb, 0xb, 0xf1, 0x0, 0x0, 0x32,
    0x2, 0x30,

    /* U+2558 "╘" */
    0x12, 0x0, 0x0, 0xb, 0xf1, 0x0, 0x0, 0xbf,
    0x10, 0x0, 0xb, 0xf1, 0x0, 0x0, 0xbf, 0x10,
    0x0, 0xb, 0xf1, 0x0, 0x0, 0xbf, 0x10, 0x0,
    0xb, 0xf1, 0x0, 0x0, 0xbf, 0x10, 0x0, 0xb,
    0xf1, 0x0, 0x0, 0xbf, 0x10, 0x0, 0xb, 0xf3,
    0x22, 0x22, 0xbf, 0xff, 0xff, 0xfb, 0xfa, 0xaa,
    0xa9, 0xbf, 0x10, 0x0, 0xb, 0xfc, 0xcc, 0xcb,
    0xbf, 0xff, 0xff, 0xf0, 0x0, 0x0, 0x0,

    /* U+2559 "╙" */
    0x5, 0x30, 0x35, 0x0, 0x0, 0x1f, 0xb0, 0xbf,
    0x10, 0x0, 0x1f, 0xb0, 0xbf, 0x10, 0x0, 0x1f,
    0xb0, 0xbf, 0x10, 0x0, 0x1f, 0xb0, 0xbf, 0x10,
    0x0, 0x1f, 0xb0, 0xbf, 0x10, 0x0, 0x1f, 0xb0,
    0xbf, 0x10, 0x0, 0x1f, 0xb0, 0xbf, 0x10, 0x0,
    0x1f, 0xb0, 0xbf, 0x10, 0x0, 0x1f, 0xb0, 0xbf,
    0x10, 0x0, 0x1f, 0xb0, 0xbf, 0x10, 0x0, 0x1f,
    0xb0, 0xbf, 0x10, 0x0, 0x1f, 0xb0, 0xbf, 0x10,
    0x0, 0x1f, 0xec, 0xef, 0xcc, 0xc4, 0x1f, 0xff,
    0xff, 0xff, 0xf6, 0x0, 0x0, 0x0, 0x0, 0x0,

    /* U+255A "╚" */
    0x1f, 0xa0, 0xaf, 0x10, 0x0, 0x1f, 0xb0, 0xbf,
    0x10, 0x0, 0x1f, 0xb0, 0xbf, 0x10, 0x0, 0x1f,
    0xb0, 0xbf, 0x10, 0x0, 0x1f, 0xb0, 0xbf, 0x10,
    0x0, 0x1f, 0xb0, 0xbf, 0x10, 0x0, 0x1f, 0xb0,
    0xbf, 0x10, 0x0, 0x1f, 0xb0, 0xbf, 0x10, 0x0,
    0x1f, 0xb0, 0xbf, 0x10, 0x0, 0x1f, 0xb0, 0xbf,
    0x10, 0x0, 0x1f, 0xb0, 0xbf, 0x32, 0x20, 0x1f,
    0xb0, 0xbf, 0xff, 0xf2, 0x1f, 0xb0, 0x7a, 0xaa,
    0xa1, 0x1f, 0xb0, 0x0, 0x0, 0x0, 0x1f, 0xec,
    0xcc, 0xcc, 0xc1, 0x1f, 0xff, 0xff, 0xff, 0xf2,
    0x0, 0x0, 0x0, 0x0, 0x0,

    /* U+255B "╛" */
    0x0, 0x0, 0x1, 0x20, 0x0, 0x0, 0xb, 0xf1,
    0x0, 0x0, 0xb, 0xf1, 0x0, 0x0, 0xb, 0xf1,
    0x0, 0x0, 0xb, 0xf1, 0x0, 0x0, 0xb, 0xf1,
    0x0, 0x0, 0xb, 0xf1, 0x0, 0x0, 0xb, 0xf1,
    0x0, 0x0, 0xb, 0xf1, 0x0, 0x0, 0xb, 0xf1,
    0x0, 0x0, 0xb, 0xf1, 0x12, 0x22, 0x2c, 0xf1,
    0x9f, 0xff, 0xff, 0xf1, 0x6a, 0xaa, 0xae, 0xf1,
    0x0, 0x0, 0xb, 0xf1, 0x7c, 0xcc, 0xce, 0xf1,
    0x9f, 0xff, 0xff, 0xf1, 0x0, 0x0, 0x0, 0x0,

    /* U+255C "╜" */
    0x0, 0x0, 0x53, 0x3, 0x50, 0x0, 0x1, 0xfb,
    0xb, 0xf1, 0x0, 0x1, 0xfb, 0xb, 0xf1, 0x0,
    0x1, 0xfb, 0xb, 0xf1, 0x0, 0x1, 0xfb, 0xb,
    0xf1, 0x0, 0x1, 0xfb, 0xb, 0xf1, 0x0, 0x1,
    0xfb, 0xb, 0xf1, 0x0, 0x1, 0xfb, 0xb, 0xf1,
    0x0, 0x1, 0xfb, 0xb, 0xf1, 0x0, 0x1, 0xfb,
    0xb, 0xf1, 0x0, 0x1, 0xfb, 0xb, 0xf1, 0x0,
    0x1, 0xfb, 0xb, 0xf1, 0x0, 0x1, 0xfb, 0xb,
    0xf1, 0x4c, 0xcc, 0xfe, 0xce, 0xf1, 0x5f, 0xff,
    0xff, 0xff, 0xf1, 0x0, 0x0, 0x0, 0x0, 0x0,

    /* U+255D "╝" */
    0x0, 0x1, 0xfa, 0xa, 0xf1, 0x0, 0x1, 0xfb,
    0xb, 0xf1, 0x0, 0x1, 0xfb, 0xb, 0xf1, 0x0,
    0x1, 0xfb, 0xb, 0xf1, 0x0, 0x1, 0xfb, 0xb,
    0xf1, 0x0, 0x1, 0xfb, 0xb, 0xf1, 0x0, 0x1,
    0xfb, 0xb, 0xf1, 0x0, 0x1, 0xfb, 0xb, 0xf1,
    0x0, 0x1, 0xfb, 0xb, 0xf1, 0x0, 0x1, 0xfb,
    0xb, 0xf1, 0x2, 0x23, 0xfb, 0xb, 0xf1, 0x2f,
    0xff, 0xfb, 0xb, 0xf1, 0x1a, 0xaa, 0xa7, 0xb,
    0xf1, 0x0, 0x0, 0x0, 0xb, 0xf1, 0x1c, 0xcc,
    0xcc, 0xce, 0xf1, 0x2f, 0xff, 0xff, 0xff, 0xf1,
    0x0, 0x0, 0x0, 0x0, 0x0,

    /* U+255E "╞" */
    0x12, 0x0, 0x0, 0xb, 0xf1, 0x0, 0x0, 0xbf,
    0x10, 0x0, 0xb, 0xf1, 0x0, 0x0, 0xbf, 0x10,
    0x0, 0xb, 0xf1, 0x0, 0x0, 0xbf, 0x10, 0x0,
    0xb, 0xf1, 0x0, 0x0, 0xbf, 0x10, 0x0, 0xb,
    0xf1, 0x0, 0x0, 0xbf, 0x10, 0x0, 0xb, 0xf6,
    0x55, 0x55, 0xbf, 0xff, 0xff, 0xfb, 0xf7, 0x77,
    0x76, 0xbf, 0x10, 0x0, 0xb, 0xfc, 0xcc, 0xcb,
    0xbf, 0xff, 0xff, 0xfb, 0xf1, 0x0, 0x0, 0xbf,
    0x10, 0x0, 0xb, 0xf1, 0x0, 0x0, 0xbf, 0x10,
    0x0, 0xb, 0xf1, 0x0, 0x0, 0xbf, 0x10, 0x0,
    0xb, 0xf1, 0x0, 0x0, 0xbf, 0x10, 0x0, 0xb,
    0xf1, 0x0, 0x0, 0xbf, 0x10, 0x0, 0xb, 0xf1,
    0x0, 0x0, 0x23, 0x0, 0x0, 0x0,

    /* U+255F "╟" */
    0x2, 0x10, 0x12, 0x0, 0x0, 0x1f, 0xb0, 0xbf,
    0x10, 0x0, 0x1f, 0xb0, 0xbf, 0x10, 0x0, 0x1f,
    0xb0, 0xbf, 0x10, 0x0, 0x1f, 0xb0, 0xbf, 0x10,
    0x0, 0x1f, 0xb0, 0xbf, 0x10, 0x0, 0x1f, 0xb0,
    0xbf, 0x10, 0x0, 0x1f, 0xb0, 0xbf, 0x10, 0x0,
    0x1f, 0xb0, 0xbf, 0x10, 0x0, 0x1f, 0xb0, 0xbf,
    0x10, 0x0, 0x1f, 0xb0, 0xbf, 0x10, 0x0, 0x1f,
    0xb0, 0xbf, 0x10, 0x0, 0x1f, 0xb0, 0xbf, 0x10,
    0x0, 0x1f, 0xb0, 0xbf, 0x99, 0x91, 0x1f, 0xb0,
    0xbf, 0xff, 0xf2, 0x1f, 0xb0, 0xbf, 0x54, 0x40,
    0x1f, 0xb0, 0xbf, 0x10, 0x0, 0x1f, 0xb0, 0xbf,
    0x10, 0x0, 0x1f, 0xb0, 0xbf, 0x10, 0x0, 0x1f,
    0xb0, 0xbf, 0x10, 0x0, 0x1f, 0xb0, 0xbf, 0x10,
    0x0, 0x1f, 0xb0, 0xbf, 0x10, 0x0, 0x1f, 0xb0,
    0xbf, 0x10, 0x0, 0x1f, 0xb0, 0xbf, 0x10, 0x0,
    0x1f, 0xb0, 0xbf, 0x10, 0x0, 0x1f, 0xb0, 0xbf,
    0x10, 0x0, 0x1f, 0xb0, 0xbf, 0x10, 0x0, 0x1f,
    0xb0, 0xbf, 0x10, 0x0, 0x3, 0x20, 0x23, 0x0,
    0x0,

    /* U+2560 "╠" */
    0x2, 0x10, 0x12, 0x0, 0x0, 0x1f, 0xb0, 0xbf,
    0x10, 0x0, 0x1f, 0xb0, 0xbf, 0x10, 0x0, 0x1f,
    0xb0, 0xbf, 0x10, 0x0, 0x1f, 0xb0, 0xbf, 0x10,
    0x0, 0x1f, 0xb0, 0xbf, 0x10, 0x0, 0x1f, 0xb0,
    0xbf, 0x10, 0x0, 0x1f, 0xb0, 0xbf, 0x10, 0x0,
    0x1f, 0xb0, 0xbf, 0x10, 0x0, 0x1f, 0xb0, 0xbf,
    0x10, 0x0, 0x1f, 0xb0, 0xbf, 0x10, 0x0, 0x1f,
    0xb0, 0xbf, 0x65, 0x50, 0x1f, 0xb0, 0xbf, 0xff,
    0xf2, 0x1f, 0xb0, 0x47, 0x77, 0x71, 0x1f, 0xb0,
    0x0, 0x0, 0x0, 0x1f, 0xb0, 0x8c, 0xcc, 0xc1,
    0x1f, 0xb0, 0xbf, 0xff, 0xf2, 0x1f, 0xb0, 0xbf,
    0x20, 0x0, 0x1f, 0xb0, 0xbf, 0x10, 0x0, 0x1f,
    0xb0, 0xbf, 0x10, 0x0, 0x1f, 0xb0, 0xbf, 0x10,
    0x0, 0x1f, 0xb0, 0xbf, 0x10, 0x0, 0x1f, 0xb0,
    0xbf, 0x10, 0x0, 0x1f, 0xb0, 0xbf, 0x10, 0x0,
    0x1f, 0xb0, 0xbf, 0x10, 0x0, 0x1f, 0xb0, 0xbf,
    0x10, 0x0, 0x1f, 0xb0, 0xbf, 0x10, 0x0, 0x1f,
    0xb0, 0xbf, 0x10, 0x0, 0x3, 0x20, 0x23, 0x0,
    0x0,

    /* U+2561 "╡" */
    0x0, 0x0, 0x1, 0x20, 0x0, 0x0, 0xb, 0xf1,
    0x0, 0x0, 0xb, 0xf1, 0x0, 0x0, 0xb, 0xf1,
    0x0, 0x0, 0xb, 0xf1, 0x0, 0x0, 0xb, 0xf1,
    0x0, 0x0, 0xb, 0xf1, 0x0, 0x0, 0xb, 0xf1,
    0x0, 0x0, 0xb, 0xf1, 0x0, 0x0, 0xb, 0xf1,
    0x0, 0x0, 0xb, 0xf1, 0x35, 0x55, 0x5d, 0xf1,
    0x9f, 0xff, 0xff, 0xf1, 0x47, 0x77, 0x7d, 0xf1,
    0x0, 0x0, 0xb, 0xf1, 0x6c, 0xcc, 0xce, 0xf1,
    0x9f, 0xff, 0xff, 0xf1, 0x0, 0x0, 0xb, 0xf1,
    0x0, 0x0, 0xb, 0xf1, 0x0, 0x0, 0xb, 0xf1,
    0x0, 0x0, 0xb, 0xf1, 0x0, 0x0, 0xb, 0xf1,
    0x0, 0x0, 0xb, 0xf1, 0x0, 0x0, 0xb, 0xf1,
    0x0, 0x0, 0xb, 0xf1, 0x0, 0x0, 0xb, 0xf1,
    0x0, 0x0, 0xb, 0xf1, 0x0, 0x0, 0xb, 0xf1,
    0x0, 0x0, 0x2, 0x30,

    /* U+2562 "╢" */
    0x0, 0x0, 0x21, 0x1, 0x20, 0x0, 0x1, 0xfb,
    0xb, 0xf1, 0x0, 0x1, 0xfb, 0xb, 0xf1, 0x0,
    0x1, 0xfb, 0xb, 0xf1, 0x0, 0x1, 0xfb, 0xb,
    0xf1, 0x0, 0x1, 0xfb, 0xb, 0xf1, 0x0, 0x1,
    0xfb, 0xb, 0xf1, 0x0, 0x1, 0xfb, 0xb, 0xf1,
    0x0, 0x1, 0xfb, 0xb, 0xf1, 0x0, 0x1, 0xfb,
    0xb, 0xf1, 0x0, 0x1, 0xfb, 0xb, 0xf1, 0x0,
    0x1, 0xfb, 0xb, 0xf1, 0x0, 0x1, 0xfb, 0xb,
    0xf1, 0x19, 0x99, 0xfb, 0xb, 0xf1, 0x2f, 0xff,
    0xfb, 0xb, 0xf1, 0x4, 0x44, 0xfb, 0xb, 0xf1,
    0x0, 0x1, 0xfb, 0xb, 0xf1, 0x0, 0x1, 0xfb,
    0xb, 0xf1, 0x0, 0x1, 0xfb, 0xb, 0xf1, 0x0,
    0x1, 0xfb, 0xb, 0xf1, 0x0, 0x1, 0xfb, 0xb,
    0xf1, 0x0, 0x1, 0xfb, 0xb, 0xf1, 0x0, 0x1,
    0xfb, 0xb, 0xf1, 0x0, 0x1, 0xfb, 0xb, 0xf1,
    0x0, 0x1, 0xfb, 0xb, 0xf1, 0x0, 0x1, 0xfb,
    0xb, 0xf1, 0x0, 0x1, 0xfb, 0xb, 0xf1, 0x0,
    0x1, 0xfb, 0xb, 0xf1, 0x0, 0x0, 0x32, 0x2,
    0x30,

    /* U+2563 "╣" */
    0x0, 0x0, 0x21, 0x1, 0x20, 0x0, 0x1, 0xfb,
    0xb, 0xf1, 0x0, 0x1, 0xfb, 0xb, 0xf1, 0x0,
    0x1, 0xfb, 0xb, 0xf1, 0x0, 0x1, 0xfb, 0xb,
    0xf1, 0x0, 0x1, 0xfb, 0xb, 0xf1, 0x0, 0x1,
    0xfb, 0xb, 0xf1, 0x0, 0x1, 0xfb, 0xb, 0xf1,
    0x0, 0x1, 0xfb, 0xb, 0xf1, 0x0, 0x1, 0xfb,
    0xb, 0xf1, 0x0, 0x1, 0xfb, 0xb, 0xf1, 0x5,
    0x56, 0xfb, 0xb, 0xf1, 0x2f, 0xff, 0xfb, 0xb,
    0xf1, 0x7, 0x77, 0x75, 0xb, 0xf1, 0x0, 0x0,
    0x0, 0xb, 0xf1, 0x1c, 0xcc, 0xc8, 0xb, 0xf1,
    0x2f, 0xff, 0xfb, 0xb, 0xf1, 0x0, 0x1, 0xfb,
    0xb, 0xf1, 0x0, 0x1, 0xfb, 0xb, 0xf1, 0x0,
    0x1, 0xfb, 0xb, 0xf1, 0x0, 0x1, 0xfb, 0xb,
    0xf1, 0x0, 0x1, 0xfb, 0xb, 0xf1, 0x0, 0x1,
    0xfb, 0xb, 0xf1, 0x0, 0x1, 0xfb, 0xb, 0xf1,
    0x0, 0x1, 0xfb, 0xb, 0xf1, 0x0, 0x1, 0xfb,
    0xb, 0xf1, 0x0, 0x1, 0xfb, 0xb, 0xf1, 0x0,
    0x1, 0xfb, 0xb, 0xf1, 0x0, 0x0, 0x32, 0x2,
    0x30,

    /* U+2564 "╤" */
    0x2, 0x22, 0x22, 0x22, 0x22, 0x22, 0x7, 0xff,
    0xff, 0xff, 0xff, 0xff, 0xf1, 0x4a, 0xaa, 0xaa,
    0xaa, 0xaa, 0xaa, 0x0, 0x0, 0x0, 0x0, 0x0,
    0x0, 0x0, 0x5c, 0xcc, 0xcc, 0xcc, 0xcc, 0xcc,
    0x7, 0xff, 0xff, 0xff, 0xff, 0xff, 0xf1, 0x0,
    0x0, 0x9, 0xf4, 0x0, 0x0, 0x0, 0x0, 0x0,
    0x9f, 0x30, 0x0, 0x0, 0x0, 0x0, 0x9, 0xf3,
    0x0, 0x0, 0x0, 0x0, 0x0, 0x9f, 0x30, 0x0,
    0x0, 0x0, 0x0, 0x9, 0xf3, 0x0, 0x0, 0x0,
    0x0, 0x0, 0x9f, 0x30, 0x0, 0x0, 0x0, 0x0,
    0x9, 0xf3, 0x0, 0x0, 0x0, 0x0, 0x0, 0x9f,
    0x30, 0x0, 0x0, 0x0, 0x0, 0x9, 0xf3, 0x0,
    0x0, 0x0, 0x0, 0x0, 0x9f, 0x30, 0x0, 0x0,
    0x0, 0x0, 0x9, 0xf3, 0x0, 0x0, 0x0, 0x0,
    0x0, 0x13, 0x0, 0x0, 0x0,

    /* U+2565 "╥" */
    0x5c, 0xcc, 0xcc, 0xcc, 0xcc, 0xcc, 0x7, 0xff,
    0xff, 0xff, 0xff, 0xff, 0xf1, 0x0, 0x6, 0xf7,
    0xc, 0xf0, 0x0, 0x0, 0x0, 0x6f, 0x60, 0xcf,
    0x0, 0x0, 0x0, 0x6, 0xf6, 0xc, 0xf0, 0x0,
    0x0, 0x0, 0x6f, 0x60, 0xcf, 0x0, 0x0, 0x0,
    0x6, 0xf6, 0xc, 0xf0, 0x0, 0x0, 0x0, 0x6f,
    0x60, 0xcf, 0x0, 0x0, 0x0, 0x6, 0xf6, 0xc,
    0xf0, 0x0, 0x0, 0x0, 0x6f, 0x60, 0xcf, 0x0,
    0x0, 0x0, 0x6, 0xf6, 0xc, 0xf0, 0x0, 0x0,
    0x0, 0x6f, 0x60, 0xcf, 0x0, 0x0, 0x0, 0x6,
    0xf6, 0xc, 0xf0, 0x0, 0x0, 0x0, 0x6f, 0x60,
    0xcf, 0x0, 0x0, 0x0, 0x6, 0xf6, 0xc, 0xf0,
    0x0, 0x0, 0x0, 0x0, 0x0, 0x0, 0x0, 0x0,

    /* U+2566 "╦" */
    0x2, 0x22, 0x22, 0x22, 0x22, 0x22, 0x7, 0xff,
    0xff, 0xff, 0xff, 0xff, 0xf1, 0x4a, 0xaa, 0xaa,
    0xaa, 0xaa, 0xaa, 0x0, 0x0, 0x0, 0x0, 0x0,
    0x0, 0x0, 0x5c, 0xcc, 0xc5, 0x9, 0xcc, 0xcc,
    0x7, 0xff, 0xff, 0x60, 0xcf, 0xff, 0xf1, 0x0,
    0x6, 0xf6, 0xc, 0xf0, 0x0, 0x0, 0x0, 0x6f,
    0x60, 0xcf, 0x0, 0x0, 0x0, 0x6, 0xf6, 0xc,
    0xf0, 0x0, 0x0, 0x0, 0x6f, 0x60, 0xcf, 0x0,
    0x0, 0x0, 0x6, 0xf6, 0xc, 0xf0, 0x0, 0x0,
    0x0, 0x6f, 0x60, 0xcf, 0x0, 0x0, 0x0, 0x6,
    0xf6, 0xc, 0xf0, 0x0, 0x0, 0x0, 0x6f, 0x60,
    0xcf, 0x0, 0x0, 0x0, 0x6, 0xf6, 0xc, 0xf0,
    0x0, 0x0, 0x0, 0x6f, 0x60, 0xcf, 0x0, 0x0,
    0x0, 0x6, 0xf6, 0xc, 0xf0, 0x0, 0x0, 0x0,
    0x13, 0x10, 0x23, 0x0, 0x0,

    /* U+2567 "╧" */
    0x0, 0x0, 0x8, 0xf3, 0x0, 0x0, 0x0, 0x0,
    0x0, 0x9f, 0x30, 0x0, 0x0, 0x0, 0x0, 0x9,
    0xf3, 0x0, 0x0, 0x0, 0x0, 0x0, 0x9f, 0x30,
    0x0, 0x0, 0x0, 0x0, 0x9, 0xf3, 0x0, 0x0,
    0x0, 0x0, 0x0, 0x9f, 0x30, 0x0, 0x0, 0x0,
    0x0, 0x9, 0xf3, 0x0, 0x0, 0x0, 0x0, 0x0,
    0x9f, 0x30, 0x0, 0x0, 0x0, 0x0, 0x9, 0xf3,
    0x0, 0x0, 0x0, 0x0, 0x0, 0x9f, 0x30, 0x0,
    0x0, 0x2, 0x22, 0x2a, 0xf5, 0x22, 0x22, 0x7,
    0xff, 0xff, 0xff, 0xff, 0xff, 0xf1, 0x4a, 0xaa,
    0xaa, 0xaa, 0xaa, 0xaa, 0x0, 0x0, 0x0, 0x0,
    0x0, 0x0, 0x0, 0x5c, 0xcc, 0xcc, 0xcc, 0xcc,
    0xcc, 0x7, 0xff, 0xff, 0xff, 0xff, 0xff, 0xf1,
    0x0, 0x0, 0x0, 0x0, 0x0, 0x0, 0x0,

    /* U+2568 "╨" */
    0x0, 0x2, 0x52, 0x4, 0x50, 0x0, 0x0, 0x0,
    0x6f, 0x60, 0xcf, 0x0, 0x0, 0x0, 0x6, 0xf6,
    0xc, 0xf0, 0x0, 0x0, 0x0, 0x6f, 0x60, 0xcf,
    0x0, 0x0, 0x0, 0x6, 0xf6, 0xc, 0xf0, 0x0,
    0x0, 0x0, 0x6f, 0x60, 0xcf, 0x0, 0x0, 0x0,
    0x6, 0xf6, 0xc, 0xf0, 0x0, 0x0, 0x0, 0x6f,
    0x60, 0xcf, 0x0, 0x0, 0x0, 0x6, 0xf6, 0xc,
    0xf0, 0x0, 0x0, 0x0, 0x6f, 0x60, 0xcf, 0x0,
    0x0, 0x0, 0x6, 0xf6, 0xc, 0xf0, 0x0, 0x0,
    0x0, 0x6f, 0x60, 0xcf, 0x0, 0x0, 0x0, 0x6,
    0xf6, 0xc, 0xf0, 0x0, 0x5, 0xcc, 0xdf, 0xdc,
    0xff, 0xcc, 0xc0, 0x7f, 0xff, 0xff, 0xff, 0xff,
    0xff, 0x10, 0x0, 0x0, 0x0, 0x0, 0x0, 0x0,

    /* U+2569 "╩" */
    0x0, 0x5, 0xf6, 0xb, 0xf0, 0x0, 0x0, 0x0,
    0x6f, 0x60, 0xcf, 0x0, 0x0, 0x0, 0x6, 0xf6,
    0xc, 0xf0, 0x0, 0x0, 0x0, 0x6f, 0x60, 0xcf,
    0x0, 0x0, 0x0, 0x6, 0xf6, 0xc, 0xf0, 0x0,
    0x0, 0x0, 0x6f, 0x60, 0xcf, 0x0, 0x0, 0x0,
    0x6, 0xf6, 0xc, 0xf0, 0x0, 0x0, 0x0, 0x6f,
    0x60, 0xcf, 0x0, 0x0, 0x0, 0x6, 0xf6, 0xc,
    0xf0, 0x0, 0x0, 0x0, 0x6f, 0x60, 0xcf, 0x0,
    0x0, 0x2, 0x27, 0xf6, 0xc, 0xf2, 0x22, 0x7,
    0xff, 0xff, 0x60, 0xcf, 0xff, 0xf1, 0x4a, 0xaa,
    0xa4, 0x8, 0xaa, 0xaa, 0x0, 0x0, 0x0, 0x0,
    0x0, 0x0, 0x0, 0x5c, 0xcc, 0xcc, 0xcc, 0xcc,
    0xcc, 0x7, 0xff, 0xff, 0xff, 0xff, 0xff, 0xf1,
    0x0, 0x0, 0x0, 0x0, 0x0, 0x0, 0x0,

    /* U+256A "╪" */
    0x0, 0x0, 0x1, 0x20, 0x0, 0x0, 0x0, 0x0,
    0x0, 0x9f, 0x30, 0x0, 0x0, 0x0, 0x0, 0x9,
    0xf3, 0x0, 0x0, 0x0, 0x0, 0x0, 0x9f, 0x30,
    0x0, 0x0, 0x0, 0x0, 0x9, 0xf3, 0x0, 0x0,
    0x0, 0x0, 0x0, 0x9f, 0x30, 0x0, 0x0, 0x0,
    0x0, 0x9, 0xf3, 0x0, 0x0, 0x0, 0x0, 0x0,
    0x9f, 0x30, 0x0, 0x0, 0x0, 0x0, 0x9, 0xf3,
    0x0, 0x0, 0x0, 0x0, 0x0, 0x9f, 0x30, 0x0,
    0x0, 0x0, 0x0, 0x9, 0xf3, 0x0, 0x0, 0x2,
    0x55, 0x55, 0xbf, 0x75, 0x55, 0x50, 0x7f, 0xff,
    0xff, 0xff, 0xff, 0xff, 0x13, 0x77, 0x77, 0xcf,
    0x87, 0x77, 0x70, 0x0, 0x0, 0x9, 0xf3, 0x0,
    0x0, 0x5, 0xcc, 0xcc, 0xef, 0xcc, 0xcc, 0xc0,
    0x7f, 0xff, 0xff, 0xff, 0xff, 0xff, 0x10, 0x0,
    0x0, 0x9f, 0x40, 0x0, 0x0, 0x0, 0x0, 0x9,
    0xf3, 0x0, 0x0, 0x0, 0x0, 0x0, 0x9f, 0x30,
    0x0, 0x0, 0x0, 0x0, 0x9, 0xf3, 0x0, 0x0,
    0x0, 0x0, 0x0, 0x9f, 0x30, 0x0, 0x0, 0x0,
    0x0, 0x9, 0xf3, 0x0, 0x0, 0x0, 0x0, 0x0,
    0x9f, 0x30, 0x0, 0x0, 0x0, 0x0, 0x9, 0xf3,
    0x0, 0x0, 0x0, 0x0, 0x0, 0x9f, 0x30, 0x0,
    0x0, 0x0, 0x0, 0x9, 0xf3, 0x0, 0x0, 0x0,
    0x0, 0x0, 0x9f, 0x30, 0x0, 0x0, 0x0, 0x0,
    0x1, 0x30, 0x0, 0x0, 0x0,

    /* U+256B "╫" */
    0x0, 0x0, 0x21, 0x1, 0x20, 0x0, 0x0, 0x0,
    0x6f, 0x60, 0xcf, 0x0, 0x0, 0x0, 0x6, 0xf6,
    0xc, 0xf0, 0x0, 0x0, 0x0, 0x6f, 0x60, 0xcf,
    0x0, 0x0, 0x0, 0x6, 0xf6, 0xc, 0xf0, 0x0,
    0x0, 0x0, 0x6f, 0x60, 0xcf, 0x0, 0x0, 0x0,
    0x6, 0xf6, 0xc, 0xf0, 0x0, 0x0, 0x0, 0x6f,
    0x60, 0xcf, 0x0, 0x0, 0x0, 0x6, 0xf6, 0xc,
    0xf0, 0x0, 0x0, 0x0, 0x6f, 0x60, 0xcf, 0x0,
    0x0, 0x0, 0x6, 0xf6, 0xc, 0xf0, 0x0, 0x0,
    0x0, 0x6f, 0x60, 0xcf, 0x0, 0x0, 0x0, 0x6,
    0xf6, 0xc, 0xf0, 0x0, 0x3, 0x99, 0xbf, 0xb9,
    0xef, 0x99, 0x90, 0x7f, 0xff, 0xff, 0xff, 0xff,
    0xff, 0x11, 0x44, 0x8f, 0x94, 0xdf, 0x44, 0x40,
    0x0, 0x6, 0xf6, 0xc, 0xf0, 0x0, 0x0, 0x0,
    0x6f, 0x60, 0xcf, 0x0, 0x0, 0x0, 0x6, 0xf6,
    0xc, 0xf0, 0x0, 0x0, 0x0, 0x6f, 0x60, 0xcf,
    0x0, 0x0, 0x0, 0x6, 0xf6, 0xc, 0xf0, 0x0,
    0x0, 0x0, 0x6f, 0x60, 0xcf, 0x0, 0x0, 0x0,
    0x6, 0xf6, 0xc, 0xf0, 0x0, 0x0, 0x0, 0x6f,
    0x60, 0xcf, 0x0, 0x0, 0x0, 0x6, 0xf6, 0xc,
    0xf0, 0x0, 0x0, 0x0, 0x6f, 0x60, 0xcf, 0x0,
    0x0, 0x0, 0x6, 0xf6, 0xc, 0xf0, 0x0, 0x0,
    0x0, 0x6f, 0x60, 0xcf, 0x0, 0x0, 0x0, 0x1,
    0x31, 0x2, 0x30, 0x0, 0x0,

    /* U+256C "╬" */
    0x0, 0x1, 0xfa, 0xa, 0xf1, 0x0, 0x0, 0x0,
    0x1f, 0xb0, 0xbf, 0x10, 0x0, 0x0, 0x1, 0xfb,
    0xb, 0xf1, 0x0, 0x0, 0x0, 0x1f, 0xb0, 0xbf,
    0x10, 0x0, 0x0, 0x1, 0xfb, 0xb, 0xf1, 0x0,
    0x0, 0x0, 0x1f, 0xb0, 0xbf, 0x10, 0x0, 0x0,
    0x1, 0xfb, 0xb, 0xf1, 0x0, 0x0, 0x0, 0x1f,
    0xb0, 0xbf, 0x10, 0x0, 0x0, 0x1, 0xfb, 0xb,
    0xf1, 0x0, 0x0, 0x0, 0x1f, 0xb0, 0xbf, 0x10,
    0x0, 0x2, 0x23, 0xfb, 0xb, 0xf3, 0x22, 0x2,
    0xff, 0xff, 0xb0, 0xbf, 0xff, 0xf2, 0x1a, 0xaa,
    0xa7, 0x7, 0xaa, 0xaa, 0x10, 0x0, 0x0, 0x0,
    0x0, 0x0, 0x0, 0x1c, 0xcc, 0xc8, 0x8, 0xcc,
    0xcc, 0x12, 0xff, 0xff, 0xb0, 0xbf, 0xff, 0xf2,
    0x0, 0x1, 0xfb, 0xb, 0xf2, 0x0, 0x0, 0x0,
    0x1f, 0xb0, 0xbf, 0x10, 0x0, 0x0, 0x1, 0xfb,
    0xb, 0xf1, 0x0, 0x0, 0x0, 0x1f, 0xb0, 0xbf,
    0x10, 0x0, 0x0, 0x1, 0xfb, 0xb, 0xf1, 0x0,
    0x0, 0x0, 0x1f, 0xb0, 0xbf, 0x10, 0x0, 0x0,
    0x1, 0xfb, 0xb, 0xf1, 0x0, 0x0, 0x0, 0x1f,
    0xb0, 0xbf, 0x10, 0x0, 0x0, 0x1, 0xfb, 0xb,
    0xf1, 0x0, 0x0, 0x0, 0x1f, 0xb0, 0xbf, 0x10,
    0x0, 0x0, 0x1, 0xfb, 0xb, 0xf1, 0x0, 0x0,
    0x0, 0x3, 0x20, 0x23, 0x0, 0x0,

    /* U+256D "╭" */
    0x0, 0x1, 0x69, 0x90, 0x6, 0xff, 0xff, 0x6,
    0xff, 0x83, 0x21, 0xff, 0x20, 0x0, 0x6f, 0x70,
    0x0, 0x9, 0xf2, 0x0, 0x0, 0xbf, 0x10, 0x0,
    0xb, 0xf1, 0x0, 0x0, 0xbf, 0x10, 0x0, 0xb,
    0xf1, 0x0, 0x0, 0xbf, 0x10, 0x0, 0xb, 0xf1,
    0x0, 0x0, 0xbf, 0x10, 0x0, 0xb, 0xf1, 0x0,
    0x0, 0xbf, 0x10, 0x0, 0x1, 0x10, 0x0, 0x0,

    /* U+256E "╮" */
    0x69, 0x72, 0x0, 0x0, 0x9f, 0xff, 0xa1, 0x0,
    0x13, 0x6d, 0xfc, 0x0, 0x0, 0x0, 0xbf, 0x60,
    0x0, 0x0, 0x2f, 0xc0, 0x0, 0x0, 0xd, 0xf0,
    0x0, 0x0, 0xb, 0xf1, 0x0, 0x0, 0xb, 0xf1,
    0x0, 0x0, 0xb, 0xf1, 0x0, 0x0, 0xb, 0xf1,
    0x0, 0x0, 0xb, 0xf1, 0x0, 0x0, 0xb, 0xf1,
    0x0, 0x0, 0xb, 0xf1, 0x0, 0x0, 0xb, 0xf1,
    0x0, 0x0, 0xb, 0xf1, 0x0, 0x0, 0x1, 0x10,

    /* U+256F "╯" */
    0x0, 0x0, 0x2, 0x40, 0x0, 0x0, 0xb, 0xf1,
    0x0, 0x0, 0xb, 0xf1, 0x0, 0x0, 0xb, 0xf1,
    0x0, 0x0, 0xb, 0xf1, 0x0, 0x0, 0xb, 0xf1,
    0x0, 0x0, 0xb, 0xf1, 0x0, 0x0, 0xb, 0xf1,
    0x0, 0x0, 0xb, 0xf1, 0x0, 0x0, 0xc, 0xf0,
    0x0, 0x0, 0xe, 0xe0, 0x0, 0x0, 0x6f, 0x90,
    0x0, 0x5, 0xff, 0x20, 0x6b, 0xef, 0xf5, 0x0,
    0x9f, 0xfa, 0x30, 0x0, 0x11, 0x0, 0x0, 0x0,

    /* U+2570 "╰" */
    0x24, 0x0, 0x0, 0xb, 0xf1, 0x0, 0x0, 0xbf,
    0x10, 0x0, 0xb, 0xf1, 0x0, 0x0, 0xbf, 0x10,
    0x0, 0xb, 0xf1, 0x0, 0x0, 0xbf, 0x10, 0x0,
    0xb, 0xf1, 0x0, 0x0, 0xbf, 0x10, 0x0, 0xa,
    0xf2, 0x0, 0x0, 0x8f, 0x40, 0x0, 0x4, 0xfb,
    0x0, 0x0, 0xc, 0xfa, 0x0, 0x0, 0x1d, 0xff,
    0xb9, 0x0, 0x8, 0xef, 0xf0, 0x0, 0x0, 0x2,

    /* U+2571 "╱" */
    0x0, 0x0, 0x0, 0x0, 0x0, 0x6d, 0x20, 0x0,
    0x0, 0x0, 0x0, 0x1f, 0xc0, 0x0, 0x0, 0x0,
    0x0, 0x9, 0xf3, 0x0, 0x0, 0x0, 0x0, 0x2,
    0xfa, 0x0, 0x0, 0x0, 0x0, 0x0, 0xbf, 0x20,
    0x0, 0x0, 0x0, 0x0, 0x4f, 0x90, 0x0, 0x0,
    0x0, 0x0, 0xd, 0xe1, 0x0, 0x0, 0x0, 0x0,
    0x6, 0xf7, 0x0, 0x0, 0x0, 0x0, 0x0, 0xed,
    0x0, 0x0, 0x0, 0x0, 0x0, 0x8f, 0x50, 0x0,
    0x0, 0x0, 0x0, 0x1f, 0xc0, 0x0, 0x0, 0x0,
    0x0, 0xa, 0xf3, 0x0, 0x0, 0x0, 0x0, 0x3,
    0xfa, 0x0, 0x0, 0x0, 0x0, 0x0, 0xcf, 0x10,
    0x0, 0x0, 0x0, 0x0, 0x5f, 0x80, 0x0, 0x0,
    0x0, 0x0, 0xd, 0xe0, 0x0, 0x0, 0x0, 0x0,
    0x6, 0xf6, 0x0, 0x0, 0x0, 0x0, 0x1, 0xed,
    0x0, 0x0, 0x0, 0x0, 0x0, 0x4e, 0x40, 0x0,
    0x0, 0x0, 0x0, 0x0,

    /* U+2572 "╲" */
    0x4d, 0x40, 0x0, 0x0, 0x0, 0x0, 0x1, 0xed,
    0x0, 0x0, 0x0, 0x0, 0x0, 0x7, 0xf6, 0x0,
    0x0, 0x0, 0x0, 0x0, 0xd, 0xe0, 0x0, 0x0,
    0x0, 0x0, 0x0, 0x5f, 0x80, 0x0, 0x0, 0x0,
    0x0, 0x0, 0xcf, 0x10, 0x0, 0x0, 0x0, 0x0,
    0x3, 0xfa, 0x0, 0x0, 0x0, 0x0, 0x0, 0xa,
    0xf3, 0x0, 0x0, 0x0, 0x0, 0x0, 0x1f, 0xb0,
    0x0, 0x0, 0x0, 0x0, 0x0, 0x8f, 0x40, 0x0,
    0x0, 0x0, 0x0, 0x0, 0xed, 0x0, 0x0, 0x0,
    0x0, 0x0, 0x6, 0xf6, 0x0, 0x0, 0x0, 0x0,
    0x0, 0xd, 0xe1, 0x0, 0x0, 0x0, 0x0, 0x0,
    0x4f, 0x80, 0x0, 0x0, 0x0, 0x0, 0x0, 0xbf,
    0x20, 0x0, 0x0, 0x0, 0x0, 0x2, 0xfa, 0x0,
    0x0, 0x0, 0x0, 0x0, 0x9, 0xf3, 0x0, 0x0,
    0x0, 0x0, 0x0, 0x1f, 0xc0, 0x0, 0x0, 0x0,
    0x0, 0x0, 0x7e, 0x20,

    /* U+2573 "╳" */
    0x5c, 0x20, 0x0, 0x0, 0x0, 0x7c, 0x2, 0xfb,
    0x0, 0x0, 0x0, 0x1f, 0xc0, 0x9, 0xf4, 0x0,
    0x0, 0xa, 0xf3, 0x0, 0x1e, 0xd0, 0x0, 0x3,
    0xfa, 0x0, 0x0, 0x7f, 0x60, 0x0, 0xcf, 0x10,
    0x0, 0x0, 0xde, 0x0, 0x5f, 0x80, 0x0, 0x0,
    0x5, 0xf8, 0xd, 0xe0, 0x0, 0x0, 0x0, 0xc,
    0xf9, 0xf6, 0x0, 0x0, 0x0, 0x0, 0x3f, 0xfd,
    0x0, 0x0, 0x0, 0x0, 0x0, 0xbf, 0x60, 0x0,
    0x0, 0x0, 0x0, 0x2f, 0xfb, 0x0, 0x0, 0x0,
    0x0, 0xa, 0xfb, 0xf4, 0x0, 0x0, 0x0, 0x3,
    0xfa, 0x1e, 0xd0, 0x0, 0x0, 0x0, 0xcf, 0x10,
    0x6f, 0x60, 0x0, 0x0, 0x5f, 0x80, 0x0, 0xde,
    0x0, 0x0, 0xd, 0xe0, 0x0, 0x4, 0xf8, 0x0,
    0x7, 0xf6, 0x0, 0x0, 0xb, 0xf2, 0x1, 0xfc,
    0x0, 0x0, 0x0, 0x3f, 0xa0, 0x6f, 0x40, 0x0,
    0x0, 0x0, 0x9f, 0x0,

    /* U+2574 "╴" */
    0x6c, 0xcc, 0xcc, 0xc0, 0x9f, 0xff, 0xff, 0xf1,
    0x0, 0x0, 0x0, 0x0,

    /* U+2575 "╵" */
    0x12, 0xb, 0xf1, 0xbf, 0x1b, 0xf1, 0xbf, 0x1b,
    0xf1, 0xbf, 0x1b, 0xf1, 0xbf, 0x1b, 0xf1, 0xbf,
    0x1b, 0xf1, 0xbf, 0x1b, 0xf1, 0xbf, 0x12, 0x30,

    /* U+2576 "╶" */
    0x6c, 0xcc, 0xcc, 0xc0, 0x9f, 0xff, 0xff, 0xf1,
    0x0, 0x0, 0x0, 0x0,

    /* U+2577 "╷" */
    0x8b, 0xb, 0xf1, 0xbf, 0x1b, 0xf1, 0xbf, 0x1b,
    0xf1, 0xbf, 0x1b, 0xf1, 0xbf, 0x1b, 0xf1, 0xbf,
    0x1b, 0xf1, 0xbf, 0x1b, 0xf1, 0xbf, 0x10, 0x0,

    /* U+2578 "╸" */
    0x58, 0x88, 0x88, 0x80, 0x9f, 0xff, 0xff, 0xf1,
    0x9f, 0xff, 0xff, 0xf1, 0x9f, 0xff, 0xff, 0xf1,
    0x0, 0x0, 0x0, 0x0,

    /* U+2579 "╹" */
    0x12, 0x22, 0x8, 0xff, 0xf1, 0x8f, 0xff, 0x18,
    0xff, 0xf1, 0x8f, 0xff, 0x18, 0xff, 0xf1, 0x8f,
    0xff, 0x18, 0xff, 0xf1, 0x8f, 0xff, 0x18, 0xff,
    0xf1, 0x8f, 0xff, 0x18, 0xff, 0xf1, 0x8f, 0xff,
    0x18, 0xff, 0xf1, 0x8f, 0xff, 0x11, 0x33, 0x30,

    /* U+257A "╺" */
    0x58, 0x88, 0x88, 0x80, 0x9f, 0xff, 0xff, 0xf1,
    0x9f, 0xff, 0xff, 0xf1, 0x9f, 0xff, 0xff, 0xf1,
    0x0, 0x0, 0x0, 0x0,

    /* U+257B "╻" */
    0x6b, 0xbb, 0x8, 0xff, 0xf1, 0x8f, 0xff, 0x18,
    0xff, 0xf1, 0x8f, 0xff, 0x18, 0xff, 0xf1, 0x8f,
    0xff, 0x18, 0xff, 0xf1, 0x8f, 0xff, 0x18, 0xff,
    0xf1, 0x8f, 0xff, 0x18, 0xff, 0xf1, 0x8f, 0xff,
    0x18, 0xff, 0xf1, 0x8f, 0xff, 0x10, 0x0, 0x0,

    /* U+257C "╼" */
    0x0, 0x0, 0x5, 0x88, 0x88, 0x88, 0x4, 0xaa,
    0xaa, 0xdf, 0xff, 0xff, 0xf1, 0x7f, 0xff, 0xff,
    0xff, 0xff, 0xff, 0x10, 0x22, 0x22, 0xaf, 0xff,
    0xff, 0xf1, 0x0, 0x0, 0x0, 0x0, 0x0, 0x0,
    0x0,

    /* U+257D "╽" */
    0x3, 0x50, 0x0, 0xaf, 0x20, 0xa, 0xf2, 0x0,
    0xaf, 0x20, 0xa, 0xf2, 0x0, 0xaf, 0x20, 0xa,
    0xf2, 0x0, 0xaf, 0x20, 0xa, 0xf2, 0x0, 0xaf,
    0x20, 0xa, 0xf2, 0x0, 0xaf, 0x20, 0xa, 0xf2,
    0x6, 0xef, 0xc0, 0x8f, 0xff, 0x18, 0xff, 0xf1,
    0x8f, 0xff, 0x18, 0xff, 0xf1, 0x8f, 0xff, 0x18,
    0xff, 0xf1, 0x8f, 0xff, 0x18, 0xff, 0xf1, 0x8f,
    0xff, 0x18, 0xff, 0xf1, 0x8f, 0xff, 0x18, 0xff,
    0xf1, 0x8f, 0xff, 0x18, 0xff, 0xf1, 0x0, 0x0,
    0x0,

    /* U+257E "╾" */
    0x58, 0x88, 0x88, 0x80, 0x0, 0x0, 0x9f, 0xff,
    0xff, 0xfa, 0xaa, 0xa9, 0x9f, 0xff, 0xff, 0xff,
    0xff, 0xff, 0x9f, 0xff, 0xff, 0xf3, 0x22, 0x22,
    0x0, 0x0, 0x0, 0x0, 0x0, 0x0,

    /* U+257F "╿" */
    0x12, 0x22, 0x8, 0xff, 0xf1, 0x8f, 0xff, 0x18,
    0xff, 0xf1, 0x8f, 0xff, 0x18, 0xff, 0xf1, 0x8f,
    0xff, 0x18, 0xff, 0xf1, 0x8f, 0xff, 0x18, 0xff,
    0xf1, 0x8f, 0xff, 0x18, 0xff, 0xf1, 0x8f, 0xff,
    0x18, 0xff, 0xf1, 0x8f, 0xff, 0x11, 0xbf, 0x50,
    0xa, 0xf2, 0x0, 0xaf, 0x20, 0xa, 0xf2, 0x0,
    0xaf, 0x20, 0xa, 0xf2, 0x0, 0xaf, 0x20, 0xa,
    0xf2, 0x0, 0xaf, 0x20, 0xa, 0xf2, 0x0, 0xaf,
    0x20, 0xa, 0xf2, 0x0, 0xaf, 0x20, 0x2, 0x30,
    0x0,

    /* U+2580 "▀" */
    0x22, 0x22, 0x22, 0x22, 0x22, 0x1f, 0xff, 0xff,
    0xff, 0xff, 0xfc, 0xff, 0xff, 0xff, 0xff, 0xff,
    0xcf, 0xff, 0xff, 0xff, 0xff, 0xfc, 0xff, 0xff,
    0xff, 0xff, 0xff, 0xcf, 0xff, 0xff, 0xff, 0xff,
    0xfc, 0xff, 0xff, 0xff, 0xff, 0xff, 0xcf, 0xff,
    0xff, 0xff, 0xff, 0xfc, 0xff, 0xff, 0xff, 0xff,
    0xff, 0xcf, 0xff, 0xff, 0xff, 0xff, 0xfc, 0xff,
    0xff, 0xff, 0xff, 0xff, 0xcf, 0xff, 0xff, 0xff,
    0xff, 0xfc, 0xbb, 0xbb, 0xbb, 0xbb, 0xbb, 0x90,

    /* U+2581 "▁" */
    0xcc, 0xcc, 0xcc, 0xcc, 0xcc, 0x9f, 0xff, 0xff,
    0xff, 0xff, 0xfc, 0xff, 0xff, 0xff, 0xff, 0xff,
    0xc3, 0x33, 0x33, 0x33, 0x33, 0x32,

    /* U+2582 "▂" */
    0xcc, 0xcc, 0xcc, 0xcc, 0xcc, 0x9f, 0xff, 0xff,
    0xff, 0xff, 0xfc, 0xff, 0xff, 0xff, 0xff, 0xff,
    0xcf, 0xff, 0xff, 0xff, 0xff, 0xfc, 0xff, 0xff,
    0xff, 0xff, 0xff, 0xcf, 0xff, 0xff, 0xff, 0xff,
    0xfc, 0x22, 0x22, 0x22, 0x22, 0x22, 0x20,

    /* U+2583 "▃" */
    0xcc, 0xcc, 0xcc, 0xcc, 0xcc, 0x9f, 0xff, 0xff,
    0xff, 0xff, 0xfc, 0xff, 0xff, 0xff, 0xff, 0xff,
    0xcf, 0xff, 0xff, 0xff, 0xff, 0xfc, 0xff, 0xff,
    0xff, 0xff, 0xff, 0xcf, 0xff, 0xff, 0xff, 0xff,
    0xfc, 0xff, 0xff, 0xff, 0xff, 0xff, 0xcf, 0xff,
    0xff, 0xff, 0xff, 0xfc, 0xff, 0xff, 0xff, 0xff,
    0xff, 0xc2, 0x22, 0x22, 0x22, 0x22, 0x22,

    /* U+2584 "▄" */
    0xbb, 0xbb, 0xbb, 0xbb, 0xbb, 0x8f, 0xff, 0xff,
    0xff, 0xff, 0xfc, 0xff, 0xff, 0xff, 0xff, 0xff,
    0xcf, 0xff, 0xff, 0xff, 0xff, 0xfc, 0xff, 0xff,
    0xff, 0xff, 0xff, 0xcf, 0xff, 0xff, 0xff, 0xff,
    0xfc, 0xff, 0xff, 0xff, 0xff, 0xff, 0xcf, 0xff,
    0xff, 0xff, 0xff, 0xfc, 0xff, 0xff, 0xff, 0xff,
    0xff, 0xcf, 0xff, 0xff, 0xff, 0xff, 0xfc, 0xff,
    0xff, 0xff, 0xff, 0xff, 0xcf, 0xff, 0xff, 0xff,
    0xff, 0xfc, 0x33, 0x33, 0x33, 0x33, 0x33, 0x20,

    /* U+2585 "▅" */
    0xaa, 0xaa, 0xaa, 0xaa, 0xaa, 0x8f, 0xff, 0xff,
    0xff, 0xff, 0xfc, 0xff, 0xff, 0xff, 0xff, 0xff,
    0xcf, 0xff, 0xff, 0xff, 0xff, 0xfc, 0xff, 0xff,
    0xff, 0xff, 0xff, 0xcf, 0xff, 0xff, 0xff, 0xff,
    0xfc, 0xff, 0xff, 0xff, 0xff, 0xff, 0xcf, 0xff,
    0xff, 0xff, 0xff, 0xfc, 0xff, 0xff, 0xff, 0xff,
    0xff, 0xcf, 0xff, 0xff, 0xff, 0xff, 0xfc, 0xff,
    0xff, 0xff, 0xff, 0xff, 0xcf, 0xff, 0xff, 0xff,
    0xff, 0xfc, 0xff, 0xff, 0xff, 0xff, 0xff, 0xcf,
    0xff, 0xff, 0xff, 0xff, 0xfc, 0xff, 0xff, 0xff,
    0xff, 0xff, 0xc3, 0x33, 0x33, 0x33, 0x33, 0x32,

    /* U+2586 "▆" */
    0xaa, 0xaa, 0xaa, 0xaa, 0xaa, 0x8f, 0xff, 0xff,
    0xff, 0xff, 0xfc, 0xff, 0xff, 0xff, 0xff, 0xff,
    0xcf, 0xff, 0xff, 0xff, 0xff, 0xfc, 0xff, 0xff,
    0xff, 0xff, 0xff, 0xcf, 0xff, 0xff, 0xff, 0xff,
    0xfc, 0xff, 0xff, 0xff, 0xff, 0xff, 0xcf, 0xff,
    0xff, 0xff, 0xff, 0xfc, 0xff, 0xff, 0xff, 0xff,
    0xff, 0xcf, 0xff, 0xff, 0xff, 0xff, 0xfc, 0xff,
    0xff, 0xff, 0xff, 0xff, 0xcf, 0xff, 0xff, 0xff,
    0xff, 0xfc, 0xff, 0xff, 0xff, 0xff, 0xff, 0xcf,
    0xff, 0xff, 0xff, 0xff, 0xfc, 0xff, 0xff, 0xff,
    0xff, 0xff, 0xcf, 0xff, 0xff, 0xff, 0xff, 0xfc,
    0xff, 0xff, 0xff, 0xff, 0xff, 0xcf, 0xff, 0xff,
    0xff, 0xff, 0xfc, 0x33, 0x33, 0x33, 0x33, 0x33,
    0x20,

    /* U+2587 "▇" */
    0x22, 0x22, 0x22, 0x22, 0x22, 0x2f, 0xff, 0xff,
    0xff, 0xff, 0xfc, 0xff, 0xff, 0xff, 0xff, 0xff,
    0xcf, 0xff, 0xff, 0xff, 0xff, 0xfc, 0xff, 0xff,
    0xff, 0xff, 0xff, 0xcf, 0xff, 0xff, 0xff, 0xff,
    0xfc, 0xff, 0xff, 0xff, 0xff, 0xff, 0xcf, 0xff,
    0xff, 0xff, 0xff, 0xfc, 0xff, 0xff, 0xff, 0xff,
    0xff, 0xcf, 0xff, 0xff, 0xff, 0xff, 0xfc, 0xff,
    0xff, 0xff, 0xff, 0xff, 0xcf, 0xff, 0xff, 0xff,
    0xff, 0xfc, 0xff, 0xff, 0xff, 0xff, 0xff, 0xcf,
    0xff, 0xff, 0xff, 0xff, 0xfc, 0xff, 0xff, 0xff,
    0xff, 0xff, 0xcf, 0xff, 0xff, 0xff, 0xff, 0xfc,
    0xff, 0xff, 0xff, 0xff, 0xff, 0xcf, 0xff, 0xff,
    0xff, 0xff, 0xfc, 0xff, 0xff, 0xff, 0xff, 0xff,
    0xcf, 0xff, 0xff, 0xff, 0xff, 0xfc, 0xff, 0xff,
    0xff, 0xff, 0xff, 0xca, 0xaa, 0xaa, 0xaa, 0xaa,
    0xa7,

    /* U+2588 "█" */
    0x22, 0x22, 0x22, 0x22, 0x22, 0x1f, 0xff, 0xff,
    0xff, 0xff, 0xfc, 0xff, 0xff, 0xff, 0xff, 0xff,
    0xcf, 0xff, 0xff, 0xff, 0xff, 0xfc, 0xff, 0xff,
    0xff, 0xff, 0xff, 0xcf, 0xff, 0xff, 0xff, 0xff,
    0xfc, 0xff, 0xff, 0xff, 0xff, 0xff, 0xcf, 0xff,
    0xff, 0xff, 0xff, 0xfc, 0xff, 0xff, 0xff, 0xff,
    0xff, 0xcf, 0xff, 0xff, 0xff, 0xff, 0xfc, 0xff,
    0xff, 0xff, 0xff, 0xff, 0xcf, 0xff, 0xff, 0xff,
    0xff, 0xfc, 0xff, 0xff, 0xff, 0xff, 0xff, 0xcf,
    0xff, 0xff, 0xff, 0xff, 0xfc, 0xff, 0xff, 0xff,
    0xff, 0xff, 0xcf, 0xff, 0xff, 0xff, 0xff, 0xfc,
    0xff, 0xff, 0xff, 0xff, 0xff, 0xcf, 0xff, 0xff,
    0xff, 0xff, 0xfc, 0xff, 0xff, 0xff, 0xff, 0xff,
    0xcf, 0xff, 0xff, 0xff, 0xff, 0xfc, 0xff, 0xff,
    0xff, 0xff, 0xff, 0xcf, 0xff, 0xff, 0xff, 0xff,
    0xfc, 0xff, 0xff, 0xff, 0xff, 0xff, 0xcf, 0xff,
    0xff, 0xff, 0xff, 0xfc, 0xaa, 0xaa, 0xaa, 0xaa,
    0xaa, 0x70,

    /* U+2589 "▉" */
    0x22, 0x22, 0x22, 0x22, 0x21, 0xff, 0xff, 0xff,
    0xff, 0xf7, 0xff, 0xff, 0xff, 0xff, 0xf7, 0xff,
    0xff, 0xff, 0xff, 0xf7, 0xff, 0xff, 0xff, 0xff,
    0xf7, 0xff, 0xff, 0xff, 0xff, 0xf7, 0xff, 0xff,
    0xff, 0xff, 0xf7, 0xff, 0xff, 0xff, 0xff, 0xf7,
    0xff, 0xff, 0xff, 0xff, 0xf7, 0xff, 0xff, 0xff,
    0xff, 0xf7, 0xff, 0xff, 0xff, 0xff, 0xf7, 0xff,
    0xff, 0xff, 0xff, 0xf7, 0xff, 0xff, 0xff, 0xff,
    0xf7, 0xff, 0xff, 0xff, 0xff, 0xf7, 0xff, 0xff,
    0xff, 0xff, 0xf7, 0xff, 0xff, 0xff, 0xff, 0xf7,
    0xff, 0xff, 0xff, 0xff, 0xf7, 0xff, 0xff, 0xff,
    0xff, 0xf7, 0xff, 0xff, 0xff, 0xff, 0xf7, 0xff,
    0xff, 0xff, 0xff, 0xf7, 0xff, 0xff, 0xff, 0xff,
    0xf7, 0xff, 0xff, 0xff, 0xff, 0xf7, 0xff, 0xff,
    0xff, 0xff, 0xf7, 0xff, 0xff, 0xff, 0xff, 0xf7,
    0xaa, 0xaa, 0xaa, 0xaa, 0xa4,

    /* U+258A "▊" */
    0x22, 0x22, 0x22, 0x22, 0xf, 0xff, 0xff, 0xff,
    0xf1, 0xff, 0xff, 0xff, 0xff, 0x1f, 0xff, 0xff,
    0xff, 0xf1, 0xff, 0xff, 0xff, 0xff, 0x1f, 0xff,
    0xff, 0xff, 0xf1, 0xff, 0xff, 0xff, 0xff, 0x1f,
    0xff, 0xff, 0xff, 0xf1, 0xff, 0xff, 0xff, 0xff,
    0x1f, 0xff, 0xff, 0xff, 0xf1, 0xff, 0xff, 0xff,
    0xff, 0x1f, 0xff, 0xff, 0xff, 0xf1, 0xff, 0xff,
    0xff, 0xff, 0x1f, 0xff, 0xff, 0xff, 0xf1, 0xff,
    0xff, 0xff, 0xff, 0x1f, 0xff, 0xff, 0xff, 0xf1,
    0xff, 0xff, 0xff, 0xff, 0x1f, 0xff, 0xff, 0xff,
    0xf1, 0xff, 0xff, 0xff, 0xff, 0x1f, 0xff, 0xff,
    0xff, 0xf1, 0xff, 0xff, 0xff, 0xff, 0x1f, 0xff,
    0xff, 0xff, 0xf1, 0xff, 0xff, 0xff, 0xff, 0x1f,
    0xff, 0xff, 0xff, 0xf1, 0xaa, 0xaa, 0xaa, 0xaa,
    0x0,

    /* U+258B "▋" */
    0x22, 0x22, 0x22, 0x1f, 0xff, 0xff, 0xfc, 0xff,
    0xff, 0xff, 0xcf, 0xff, 0xff, 0xfc, 0xff, 0xff,
    0xff, 0xcf, 0xff, 0xff, 0xfc, 0xff, 0xff, 0xff,
    0xcf, 0xff, 0xff, 0xfc, 0xff, 0xff, 0xff, 0xcf,
    0xff, 0xff, 0xfc, 0xff, 0xff, 0xff, 0xcf, 0xff,
    0xff, 0xfc, 0xff, 0xff, 0xff, 0xcf, 0xff, 0xff,
    0xfc, 0xff, 0xff, 0xff, 0xcf, 0xff, 0xff, 0xfc,
    0xff, 0xff, 0xff, 0xcf, 0xff, 0xff, 0xfc, 0xff,
    0xff, 0xff, 0xcf, 0xff, 0xff, 0xfc, 0xff, 0xff,
    0xff, 0xcf, 0xff, 0xff, 0xfc, 0xff, 0xff, 0xff,
    0xcf, 0xff, 0xff, 0xfc, 0xaa, 0xaa, 0xaa, 0x70,

    /* U+258C "▌" */
    0x22, 0x22, 0x20, 0xff, 0xff, 0xf6, 0xff, 0xff,
    0xf6, 0xff, 0xff, 0xf6, 0xff, 0xff, 0xf6, 0xff,
    0xff, 0xf6, 0xff, 0xff, 0xf6, 0xff, 0xff, 0xf6,
    0xff, 0xff, 0xf6, 0xff, 0xff, 0xf6, 0xff, 0xff,
    0xf6, 0xff, 0xff, 0xf6, 0xff, 0xff, 0xf6, 0xff,
    0xff, 0xf6, 0xff, 0xff, 0xf6, 0xff, 0xff, 0xf6,
    0xff, 0xff, 0xf6, 0xff, 0xff, 0xf6, 0xff, 0xff,
    0xf6, 0xff, 0xff, 0xf6, 0xff, 0xff, 0xf6, 0xff,
    0xff, 0xf6, 0xff, 0xff, 0xf6, 0xff, 0xff, 0xf6,
    0xaa, 0xaa, 0xa4,

    /* U+258D "▍" */
    0x22, 0x21, 0xff, 0xf9, 0xff, 0xf9, 0xff, 0xf9,
    0xff, 0xf9, 0xff, 0xf9, 0xff, 0xf9, 0xff, 0xf9,
    0xff, 0xf9, 0xff, 0xf9, 0xff, 0xf9, 0xff, 0xf9,
    0xff, 0xf9, 0xff, 0xf9, 0xff, 0xf9, 0xff, 0xf9,
    0xff, 0xf9, 0xff, 0xf9, 0xff, 0xf9, 0xff, 0xf9,
    0xff, 0xf9, 0xff, 0xf9, 0xff, 0xf9, 0xff, 0xf9,
    0xaa, 0xa5,

    /* U+258E "▎" */
    0x22, 0x1f, 0xfb, 0xff, 0xbf, 0xfb, 0xff, 0xbf,
    0xfb, 0xff, 0xbf, 0xfb, 0xff, 0xbf, 0xfb, 0xff,
    0xbf, 0xfb, 0xff, 0xbf, 0xfb, 0xff, 0xbf, 0xfb,
    0xff, 0xbf, 0xfb, 0xff, 0xbf, 0xfb, 0xff, 0xbf,
    0xfb, 0xff, 0xbf, 0xfb, 0xaa, 0x70,

    /* U+258F "▏" */
    0x20, 0xf5, 0xf5, 0xf5, 0xf5, 0xf5, 0xf5, 0xf5,
    0xf5, 0xf5, 0xf5, 0xf5, 0xf5, 0xf5, 0xf5, 0xf5,
    0xf5, 0xf5, 0xf5, 0xf5, 0xf5, 0xf5, 0xf5, 0xf5,
    0xa3,

    /* U+2590 "▐" */
    0x12, 0x22, 0x22, 0x7f, 0xff, 0xfe, 0x7f, 0xff,
    0xfe, 0x7f, 0xff, 0xfe, 0x7f, 0xff, 0xfe, 0x7f,
    0xff, 0xfe, 0x7f, 0xff, 0xfe, 0x7f, 0xff, 0xfe,
    0x7f, 0xff, 0xfe, 0x7f, 0xff, 0xfe, 0x7f, 0xff,
    0xfe, 0x7f, 0xff, 0xfe, 0x7f, 0xff, 0xfe, 0x7f,
    0xff, 0xfe, 0x7f, 0xff, 0xfe, 0x7f, 0xff, 0xfe,
    0x7f, 0xff, 0xfe, 0x7f, 0xff, 0xfe, 0x7f, 0xff,
    0xfe, 0x7f, 0xff, 0xfe, 0x7f, 0xff, 0xfe, 0x7f,
    0xff, 0xfe, 0x7f, 0xff, 0xfe, 0x7f, 0xff, 0xfe,
    0x4a, 0xaa, 0xa9,

    /* U+2591 "░" */
    0x20, 0x20, 0x10, 0x1, 0x2, 0xd, 0x2d, 0x2c,
    0x33, 0xc0, 0xf0, 0x10, 0x10, 0x10, 0x1, 0x2,
    0xe, 0x2e, 0x2c, 0x43, 0xd0, 0xf0, 0x0, 0x0,
    0x0, 0x0, 0x0, 0xe, 0x2e, 0x2d, 0x43, 0xd1,
    0xf0, 0x0, 0x0, 0x0, 0x0, 0x0, 0xe, 0x2e,
    0x2c, 0x43, 0xd0, 0xf0, 0x10, 0x10, 0x10, 0x1,
    0x2, 0xc, 0x2c, 0x2a, 0x32, 0xb0, 0xd0, 0x20,
    0x20, 0x20, 0x2, 0x3, 0xb, 0x1b, 0x1a, 0x32,
    0xa0, 0xc0, 0x40, 0x40, 0x31, 0x14, 0x4, 0x2,
    0x2, 0x2, 0x0, 0x20, 0x30, 0xd2, 0xd2, 0xb3,
    0x3c, 0xe, 0x1, 0x1, 0x1, 0x0, 0x10, 0x20,
    0xe2, 0xe2, 0xc4, 0x3d, 0xf, 0x1, 0x1, 0x1,
    0x0, 0x10, 0x10, 0xe2, 0xe2, 0xd4, 0x3d, 0x1f,
    0x0, 0x0, 0x0, 0x0, 0x0, 0x0, 0xe2, 0xe2,
    0xc4, 0x3d, 0xf, 0x0, 0x0, 0x0, 0x0, 0x0,
    0x0, 0xe2, 0xe2, 0xc4, 0x3d, 0xf, 0x1, 0x1,
    0x1, 0x0, 0x10, 0x20,

    /* U+2592 "▒" */
    0x2, 0x1, 0x1, 0x10, 0x10, 0x21, 0xd2, 0xc2,
    0xca, 0x4c, 0x3d, 0xe2, 0xd3, 0xc4, 0x5b, 0x4c,
    0x10, 0xe1, 0xc2, 0xca, 0x3c, 0x3e, 0xf1, 0xe3,
    0xd3, 0x5c, 0x3c, 0x0, 0xe1, 0xd1, 0xdb, 0x3d,
    0x2e, 0xf1, 0xe3, 0xd3, 0x5c, 0x3c, 0x0, 0xe1,
    0xc2, 0xca, 0x3c, 0x3e, 0xf1, 0xe3, 0xd3, 0x5c,
    0x3c, 0x2, 0xd2, 0xc3, 0xba, 0x4b, 0x3c, 0xd3,
    0xc4, 0xc4, 0x5a, 0x4b, 0x23, 0xb4, 0xb4, 0xa9,
    0x5a, 0x4b, 0xb5, 0xa5, 0xa5, 0x69, 0x5a, 0x4d,
    0x3c, 0x4c, 0x45, 0xa4, 0xb2, 0x1d, 0x2c, 0x2c,
    0xa4, 0xc3, 0xde, 0x2d, 0x3c, 0x45, 0xb4, 0xc1,
    0xe, 0x1c, 0x2c, 0xa3, 0xc3, 0xee, 0x2d, 0x3d,
    0x35, 0xb3, 0xc1, 0xe, 0x1d, 0x1d, 0xb3, 0xd2,
    0xef, 0x1e, 0x2e, 0x34, 0xc3, 0xd0, 0xe, 0x1c,
    0x2c, 0xa3, 0xc3, 0xee, 0x2d, 0x3c, 0x45, 0xb4,
    0xc1, 0x1d, 0x2c, 0x2b, 0xa4, 0xb3, 0xde, 0x2d,
    0x3d, 0x35, 0xb3, 0xc1, 0x30, 0x20, 0x20, 0x2,
    0x2, 0x0,

    /* U+2593 "▓" */
    0x8, 0x18, 0x17, 0x22, 0x70, 0x90, 0x2e, 0x4e,
    0x4d, 0x55, 0xe2, 0xf0, 0xff, 0xff, 0xff, 0xff,
    0xff, 0xf0, 0x2e, 0x4e, 0x4d, 0x55, 0xe2, 0xf0,
    0xff, 0xff, 0xff, 0xff, 0xff, 0xf0, 0xe, 0x2e,
    0x2d, 0x43, 0xd1, 0xf0, 0xff, 0xff, 0xff, 0xff,
    0xff, 0xf0, 0x2e, 0x4e, 0x4d, 0x55, 0xe2, 0xf0,
    0xef, 0xef, 0xef, 0xee, 0xfe, 0xf0, 0x2e, 0x4e,
    0x4d, 0x55, 0xe3, 0xf0, 0xdf, 0xef, 0xef, 0xee,
    0xfd, 0xf0, 0x3f, 0x5f, 0x5d, 0x66, 0xe4, 0xf0,
    0x4f, 0x6f, 0x6d, 0x76, 0xe4, 0xf0, 0xdf, 0xdf,
    0xdf, 0xdd, 0xfd, 0xf0, 0x2e, 0x4e, 0x4d, 0x55,
    0xe2, 0xf0, 0xff, 0xff, 0xff, 0xff, 0xff, 0xf0,
    0x2e, 0x4e, 0x4d, 0x55, 0xe2, 0xf0, 0xff, 0xff,
    0xff, 0xff, 0xff, 0xf0, 0xe, 0x2e, 0x2d, 0x43,
    0xd1, 0xf0, 0xff, 0xff, 0xff, 0xff, 0xff, 0xf0,
    0x1e, 0x3e, 0x3d, 0x44, 0xd1, 0xf0, 0xef, 0xef,
    0xef, 0xff, 0xfe, 0xf0, 0x1e, 0x3e, 0x3d, 0x54,
    0xd2, 0xf0, 0xef, 0xef, 0xef, 0xee, 0xfe, 0xf0,
    0x33, 0x33, 0x33, 0x33, 0x33, 0x30,

    /* U+2594 "▔" */
    0x22, 0x22, 0x22, 0x22, 0x22, 0x1f, 0xff, 0xff,
    0xff, 0xff, 0xfc, 0xff, 0xff, 0xff, 0xff, 0xff,
    0xcd, 0xdd, 0xdd, 0xdd, 0xdd, 0xda,

    /* U+2595 "▕" */
    0x2, 0x6e, 0x6e, 0x6e, 0x6e, 0x6e, 0x6e, 0x6e,
    0x6e, 0x6e, 0x6e, 0x6e, 0x6e, 0x6e, 0x6e, 0x6e,
    0x6e, 0x6e, 0x6e, 0x6e, 0x6e, 0x6e, 0x6e, 0x6e,
    0x49,

    /* U+2596 "▖" */
    0xbb, 0xbb, 0xb4, 0xff, 0xff, 0xf6, 0xff, 0xff,
    0xf6, 0xff, 0xff, 0xf6, 0xff, 0xff, 0xf6, 0xff,
    0xff, 0xf6, 0xff, 0xff, 0xf6, 0xff, 0xff, 0xf6,
    0xff, 0xff, 0xf6, 0xff, 0xff, 0xf6, 0xff, 0xff,
    0xf6, 0xff, 0xff, 0xf6, 0x33, 0x33, 0x31,

    /* U+2597 "▗" */
    0x5b, 0xbb, 0xba, 0x7f, 0xff, 0xfe, 0x7f, 0xff,
    0xfe, 0x7f, 0xff, 0xfe, 0x7f, 0xff, 0xfe, 0x7f,
    0xff, 0xfe, 0x7f, 0xff, 0xfe, 0x7f, 0xff, 0xfe,
    0x7f, 0xff, 0xfe, 0x7f, 0xff, 0xfe, 0x7f, 0xff,
    0xfe, 0x7f, 0xff, 0xfe, 0x13, 0x33, 0x32,

    /* U+2598 "▘" */
    0x22, 0x22, 0x20, 0xff, 0xff, 0xf6, 0xff, 0xff,
    0xf6, 0xff, 0xff, 0xf6, 0xff, 0xff, 0xf6, 0xff,
    0xff, 0xf6, 0xff, 0xff, 0xf6, 0xff, 0xff, 0xf6,
    0xff, 0xff, 0xf6, 0xff, 0xff, 0xf6, 0xff, 0xff,
    0xf6, 0xff, 0xff, 0xf6, 0xbb, 0xbb, 0xb4,

    /* U+2599 "▙" */
    0x99, 0x99, 0x93, 0x0, 0x0, 0xf, 0xff, 0xff,
    0x60, 0x0, 0x0, 0xff, 0xff, 0xf6, 0x0, 0x0,
    0xf, 0xff, 0xff, 0x60, 0x0, 0x0, 0xff, 0xff,
    0xf6, 0x0, 0x0, 0xf, 0xff, 0xff, 0x60, 0x0,
    0x0, 0xff, 0xff, 0xf6, 0x0, 0x0, 0xf, 0xff,
    0xff, 0x60, 0x0, 0x0, 0xff, 0xff, 0xf6, 0x0,
    0x0, 0xf, 0xff, 0xff, 0x60, 0x0, 0x0, 0xff,
    0xff, 0xf6, 0x0, 0x0, 0xf, 0xff, 0xff, 0x60,
    0x0, 0x0, 0xff, 0xff, 0xfd, 0xbb, 0xbb, 0x8f,
    0xff, 0xff, 0xff, 0xff, 0xfc, 0xff, 0xff, 0xff,
    0xff, 0xff, 0xcf, 0xff, 0xff, 0xff, 0xff, 0xfc,
    0xff, 0xff, 0xff, 0xff, 0xff, 0xcf, 0xff, 0xff,
    0xff, 0xff, 0xfc, 0xff, 0xff, 0xff, 0xff, 0xff,
    0xcf, 0xff, 0xff, 0xff, 0xff, 0xfc, 0xff, 0xff,
    0xff, 0xff, 0xff, 0xcf, 0xff, 0xff, 0xff, 0xff,
    0xfc, 0xff, 0xff, 0xff, 0xff, 0xff, 0xcf, 0xff,
    0xff, 0xff, 0xff, 0xfc, 0x33, 0x33, 0x33, 0x33,
    0x33, 0x20,

    /* U+259A "▚" */
    0x99, 0x99, 0x93, 0x0, 0x0, 0xf, 0xff, 0xff,
    0x60, 0x0, 0x0, 0xff, 0xff, 0xf6, 0x0, 0x0,
    0xf, 0xff, 0xff, 0x60, 0x0, 0x0, 0xff, 0xff,
    0xf6, 0x0, 0x0, 0xf, 0xff, 0xff, 0x60, 0x0,
    0x0, 0xff, 0xff, 0xf6, 0x0, 0x0, 0xf, 0xff,
    0xff, 0x60, 0x0, 0x0, 0xff, 0xff, 0xf6, 0x0,
    0x0, 0xf, 0xff, 0xff, 0x60, 0x0, 0x0, 0xff,
    0xff, 0xf6, 0x0, 0x0, 0xf, 0xff, 0xff, 0x60,
    0x0, 0x0, 0x44, 0x44, 0x48, 0xbb, 0xbb, 0x80,
    0x0, 0x0, 0x9f, 0xff, 0xfc, 0x0, 0x0, 0x9,
    0xff, 0xff, 0xc0, 0x0, 0x0, 0x9f, 0xff, 0xfc,
    0x0, 0x0, 0x9, 0xff, 0xff, 0xc0, 0x0, 0x0,
    0x9f, 0xff, 0xfc, 0x0, 0x0, 0x9, 0xff, 0xff,
    0xc0, 0x0, 0x0, 0x9f, 0xff, 0xfc, 0x0, 0x0,
    0x9, 0xff, 0xff, 0xc0, 0x0, 0x0, 0x9f, 0xff,
    0xfc, 0x0, 0x0, 0x9, 0xff, 0xff, 0xc0, 0x0,
    0x0, 0x9f, 0xff, 0xfc, 0x0, 0x0, 0x1, 0x33,
    0x33, 0x20,

    /* U+259B "▛" */
    0x22, 0x22, 0x22, 0x22, 0x22, 0x1f, 0xff, 0xff,
    0xff, 0xff, 0xfc, 0xff, 0xff, 0xff, 0xff, 0xff,
    0xcf, 0xff, 0xff, 0xff, 0xff, 0xfc, 0xff, 0xff,
    0xff, 0xff, 0xff, 0xcf, 0xff, 0xff, 0xff, 0xff,
    0xfc, 0xff, 0xff, 0xff, 0xff, 0xff, 0xcf, 0xff,
    0xff, 0xff, 0xff, 0xfc, 0xff, 0xff, 0xff, 0xff,
    0xff, 0xcf, 0xff, 0xff, 0xff, 0xff, 0xfc, 0xff,
    0xff, 0xff, 0xff, 0xff, 0xcf, 0xff, 0xff, 0xff,
    0xff, 0xfc, 0xff, 0xff, 0xfd, 0xbb, 0xbb, 0x9f,
    0xff, 0xff, 0x60, 0x0, 0x0, 0xff, 0xff, 0xf6,
    0x0, 0x0, 0xf, 0xff, 0xff, 0x60, 0x0, 0x0,
    0xff, 0xff, 0xf6, 0x0, 0x0, 0xf, 0xff, 0xff,
    0x60, 0x0, 0x0, 0xff, 0xff, 0xf6, 0x0, 0x0,
    0xf, 0xff, 0xff, 0x60, 0x0, 0x0, 0xff, 0xff,
    0xf6, 0x0, 0x0, 0xf, 0xff, 0xff, 0x60, 0x0,
    0x0, 0xff, 0xff, 0xf6, 0x0, 0x0, 0xf, 0xff,
    0xff, 0x60, 0x0, 0x0, 0xaa, 0xaa, 0xa4, 0x0,
    0x0, 0x0,

    /* U+259C "▜" */
    0x2, 0x22, 0x22, 0x22, 0x22, 0x22, 0x1f, 0xff,
    0xff, 0xff, 0xff, 0xfe, 0x1f, 0xff, 0xff, 0xff,
    0xff, 0xfe, 0x1f, 0xff, 0xff, 0xff, 0xff, 0xfe,
    0x1f, 0xff, 0xff, 0xff, 0xff, 0xfe, 0x1f, 0xff,
    0xff, 0xff, 0xff, 0xfe, 0x1f, 0xff, 0xff, 0xff,
    0xff, 0xfe, 0x1f, 0xff, 0xff, 0xff, 0xff, 0xfe,
    0x1f, 0xff, 0xff, 0xff, 0xff, 0xfe, 0x1f, 0xff,
    0xff, 0xff, 0xff, 0xfe, 0x1f, 0xff, 0xff, 0xff,
    0xff, 0xfe, 0x1f, 0xff, 0xff, 0xff, 0xff, 0xfe,
    0xb, 0xbb, 0xbb, 0xdf, 0xff, 0xfe, 0x0, 0x0,
    0x0, 0x7f, 0xff, 0xfe, 0x0, 0x0, 0x0, 0x7f,
    0xff, 0xfe, 0x0, 0x0, 0x0, 0x7f, 0xff, 0xfe,
    0x0, 0x0, 0x0, 0x7f, 0xff, 0xfe, 0x0, 0x0,
    0x0, 0x7f, 0xff, 0xfe, 0x0, 0x0, 0x0, 0x7f,
    0xff, 0xfe, 0x0, 0x0, 0x0, 0x7f, 0xff, 0xfe,
    0x0, 0x0, 0x0, 0x7f, 0xff, 0xfe, 0x0, 0x0,
    0x0, 0x7f, 0xff, 0xfe, 0x0, 0x0, 0x0, 0x7f,
    0xff, 0xfe, 0x0, 0x0, 0x0, 0x7f, 0xff, 0xfe,
    0x0, 0x0, 0x0, 0x4a, 0xaa, 0xa9,

    /* U+259D "▝" */
    0x12, 0x22, 0x22, 0x7f, 0xff, 0xfe, 0x7f, 0xff,
    0xfe, 0x7f, 0xff, 0xfe, 0x7f, 0xff, 0xfe, 0x7f,
    0xff, 0xfe, 0x7f, 0xff, 0xfe, 0x7f, 0xff, 0xfe,
    0x7f, 0xff, 0xfe, 0x7f, 0xff, 0xfe, 0x7f, 0xff,
    0xfe, 0x7f, 0xff, 0xfe, 0x5b, 0xbb, 0xba,

    /* U+259E "▞" */
    0x0, 0x0, 0x5, 0x99, 0x99, 0x70, 0x0, 0x0,
    0x9f, 0xff, 0xfc, 0x0, 0x0, 0x9, 0xff, 0xff,
    0xc0, 0x0, 0x0, 0x9f, 0xff, 0xfc, 0x0, 0x0,
    0x9, 0xff, 0xff, 0xc0, 0x0, 0x0, 0x9f, 0xff,
    0xfc, 0x0, 0x0, 0x9, 0xff, 0xff, 0xc0, 0x0,
    0x0, 0x9f, 0xff, 0xfc, 0x0, 0x0, 0x9, 0xff,
    0xff, 0xc0, 0x0, 0x0, 0x9f, 0xff, 0xfc, 0x0,
    0x0, 0x9, 0xff, 0xff, 0xc0, 0x0, 0x0, 0x9f,
    0xff, 0xfc, 0xbb, 0xbb, 0xb7, 0x44, 0x44, 0x3f,
    0xff, 0xff, 0x60, 0x0, 0x0, 0xff, 0xff, 0xf6,
    0x0, 0x0, 0xf, 0xff, 0xff, 0x60, 0x0, 0x0,
    0xff, 0xff, 0xf6, 0x0, 0x0, 0xf, 0xff, 0xff,
    0x60, 0x0, 0x0, 0xff, 0xff, 0xf6, 0x0, 0x0,
    0xf, 0xff, 0xff, 0x60, 0x0, 0x0, 0xff, 0xff,
    0xf6, 0x0, 0x0, 0xf, 0xff, 0xff, 0x60, 0x0,
    0x0, 0xff, 0xff, 0xf6, 0x0, 0x0, 0xf, 0xff,
    0xff, 0x60, 0x0, 0x0, 0x33, 0x33, 0x31, 0x0,
    0x0, 0x0,

    /* U+259F "▟" */
    0x0, 0x0, 0x4, 0x99, 0x99, 0x80, 0x0, 0x0,
    0x7f, 0xff, 0xfe, 0x0, 0x0, 0x7, 0xff, 0xff,
    0xe0, 0x0, 0x0, 0x7f, 0xff, 0xfe, 0x0, 0x0,
    0x7, 0xff, 0xff, 0xe0, 0x0, 0x0, 0x7f, 0xff,
    0xfe, 0x0, 0x0, 0x7, 0xff, 0xff, 0xe0, 0x0,
    0x0, 0x7f, 0xff, 0xfe, 0x0, 0x0, 0x7, 0xff,
    0xff, 0xe0, 0x0, 0x0, 0x7f, 0xff, 0xfe, 0x0,
    0x0, 0x7, 0xff, 0xff, 0xe0, 0x0, 0x0, 0x7f,
    0xff, 0xfe, 0x9b, 0xbb, 0xbd, 0xff, 0xff, 0xee,
    0xff, 0xff, 0xff, 0xff, 0xfe, 0xef, 0xff, 0xff,
    0xff, 0xff, 0xee, 0xff, 0xff, 0xff, 0xff, 0xfe,
    0xef, 0xff, 0xff, 0xff, 0xff, 0xee, 0xff, 0xff,
    0xff, 0xff, 0xfe, 0xef, 0xff, 0xff, 0xff, 0xff,
    0xee, 0xff, 0xff, 0xff, 0xff, 0xfe, 0xef, 0xff,
    0xff, 0xff, 0xff, 0xee, 0xff, 0xff, 0xff, 0xff,
    0xfe, 0xef, 0xff, 0xff, 0xff, 0xff, 0xee, 0xff,
    0xff, 0xff, 0xff, 0xfe, 0x23, 0x33, 0x33, 0x33,
    0x33, 0x20
};


/*---------------------
 *  GLYPH DESCRIPTION
 *--------------------*/

static const lv_font_fmt_txt_glyph_dsc_t glyph_dsc[] = {
    {.bitmap_index = 0, .adv_w = 0, .box_w = 0, .box_h = 0, .ofs_x = 0, .ofs_y = 0} /* id = 0 reserved */,
    {.bitmap_index = 0, .adv_w = 173, .box_w = 0, .box_h = 0, .ofs_x = 0, .ofs_y = 0},
    {.bitmap_index = 0, .adv_w = 173, .box_w = 3, .box_h = 13, .ofs_x = 4, .ofs_y = 0},
    {.bitmap_index = 20, .adv_w = 173, .box_w = 7, .box_h = 6, .ofs_x = 2, .ofs_y = 7},
    {.bitmap_index = 41, .adv_w = 173, .box_w = 11, .box_h = 13, .ofs_x = 0, .ofs_y = 0},
    {.bitmap_index = 113, .adv_w = 173, .box_w = 9, .box_h = 18, .ofs_x = 1, .ofs_y = -2},
    {.bitmap_index = 194, .adv_w = 173, .box_w = 11, .box_h = 13, .ofs_x = 0, .ofs_y = 0},
    {.bitmap_index = 266, .adv_w = 173, .box_w = 12, .box_h = 13, .ofs_x = 0, .ofs_y = 0},
    {.bitmap_index = 344, .adv_w = 173, .box_w = 3, .box_h = 6, .ofs_x = 4, .ofs_y = 7},
    {.bitmap_index = 353, .adv_w = 173, .box_w = 6, .box_h = 18, .ofs_x = 3, .ofs_y = -3},
    {.bitmap_index = 407, .adv_w = 173, .box_w = 6, .box_h = 18, .ofs_x = 2, .ofs_y = -3},
    {.bitmap_index = 461, .adv_w = 173, .box_w = 11, .box_h = 10, .ofs_x = 0, .ofs_y = 1},
    {.bitmap_index = 516, .adv_w = 173, .box_w = 9, .box_h = 9, .ofs_x = 1, .ofs_y = 1},
    {.bitmap_index = 557, .adv_w = 173, .box_w = 4, .box_h = 6, .ofs_x = 3, .ofs_y = -3},
    {.bitmap_index = 569, .adv_w = 173, .box_w = 7, .box_h = 3, .ofs_x = 2, .ofs_y = 4},
    {.bitmap_index = 580, .adv_w = 173, .box_w = 4, .box_h = 3, .ofs_x = 3, .ofs_y = 0},
    {.bitmap_index = 586, .adv_w = 173, .box_w = 9, .box_h = 17, .ofs_x = 1, .ofs_y = -2},
    {.bitmap_index = 663, .adv_w = 173, .box_w = 9, .box_h = 13, .ofs_x = 1, .ofs_y = 0},
    {.bitmap_index = 722, .adv_w = 173, .box_w = 9, .box_h = 13, .ofs_x = 1, .ofs_y = 0},
    {.bitmap_index = 781, .adv_w = 173, .box_w = 9, .box_h = 13, .ofs_x = 1, .ofs_y = 0},
    {.bitmap_index = 840, .adv_w = 173, .box_w = 9, .box_h = 13, .ofs_x = 1, .ofs_y = 0},
    {.bitmap_index = 899, .adv_w = 173, .box_w = 8, .box_h = 13, .ofs_x = 1, .ofs_y = 0},
    {.bitmap_index = 951, .adv_w = 173, .box_w = 9, .box_h = 13, .ofs_x = 1, .ofs_y = 0},
    {.bitmap_index = 1010, .adv_w = 173, .box_w = 9, .box_h = 13, .ofs_x = 1, .ofs_y = 0},
    {.bitmap_index = 1069, .adv_w = 173, .box_w = 9, .box_h = 13, .ofs_x = 1, .ofs_y = 0},
    {.bitmap_index = 1128, .adv_w = 173, .box_w = 9, .box_h = 13, .ofs_x = 1, .ofs_y = 0},
    {.bitmap_index = 1187, .adv_w = 173, .box_w = 9, .box_h = 13, .ofs_x = 1, .ofs_y = 0},
    {.bitmap_index = 1246, .adv_w = 173, .box_w = 4, .box_h = 10, .ofs_x = 3, .ofs_y = 0},
    {.bitmap_index = 1266, .adv_w = 173, .box_w = 4, .box_h = 13, .ofs_x = 3, .ofs_y = -3},
    {.bitmap_index = 1292, .adv_w = 173, .box_w = 9, .box_h = 10, .ofs_x = 1, .ofs_y = 1},
    {.bitmap_index = 1337, .adv_w = 173, .box_w = 9, .box_h = 7, .ofs_x = 1, .ofs_y = 2},
    {.bitmap_index = 1369, .adv_w = 173, .box_w = 9, .box_h = 10, .ofs_x = 1, .ofs_y = 1},
    {.bitmap_index = 1414, .adv_w = 173, .box_w = 7, .box_h = 13, .ofs_x = 2, .ofs_y = 0},
    {.bitmap_index = 1460, .adv_w = 173, .box_w = 11, .box_h = 16, .ofs_x = 0, .ofs_y = -3},
    {.bitmap_index = 1548, .adv_w = 173, .box_w = 10, .box_h = 13, .ofs_x = 0, .ofs_y = 0},
    {.bitmap_index = 1613, .adv_w = 173, .box_w = 9, .box_h = 13, .ofs_x = 1, .ofs_y = 0},
    {.bitmap_index = 1672, .adv_w = 173, .box_w = 9, .box_h = 13, .ofs_x = 1, .ofs_y = 0},
    {.bitmap_index = 1731, .adv_w = 173, .box_w = 9, .box_h = 13, .ofs_x = 1, .ofs_y = 0},
    {.bitmap_index = 1790, .adv_w = 173, .box_w = 9, .box_h = 13, .ofs_x = 1, .ofs_y = 0},
    {.bitmap_index = 1849, .adv_w = 173, .box_w = 9, .box_h = 13, .ofs_x = 1, .ofs_y = 0},
    {.bitmap_index = 1908, .adv_w = 173, .box_w = 9, .box_h = 13, .ofs_x = 1, .ofs_y = 0},
    {.bitmap_index = 1967, .adv_w = 173, .box_w = 9, .box_h = 13, .ofs_x = 1, .ofs_y = 0},
    {.bitmap_index = 2026, .adv_w = 173, .box_w = 8, .box_h = 13, .ofs_x = 1, .ofs_y = 0},
    {.bitmap_index = 2078, .adv_w = 173, .box_w = 9, .box_h = 13, .ofs_x = 0, .ofs_y = 0},
    {.bitmap_index = 2137, .adv_w = 173, .box_w = 10, .box_h = 13, .ofs_x = 1, .ofs_y = 0},
    {.bitmap_index = 2202, .adv_w = 173, .box_w = 8, .box_h = 13, .ofs_x = 2, .ofs_y = 0},
    {.bitmap_index = 2254, .adv_w = 173, .box_w = 9, .box_h = 13, .ofs_x = 1, .ofs_y = 0},
    {.bitmap_index = 2313, .adv_w = 173, .box_w = 9, .box_h = 13, .ofs_x = 1, .ofs_y = 0},
    {.bitmap_index = 2372, .adv_w = 173, .box_w = 9, .box_h = 13, .ofs_x = 1, .ofs_y = 0},
    {.bitmap_index = 2431, .adv_w = 173, .box_w = 9, .box_h = 13, .ofs_x = 1, .ofs_y = 0},
    {.bitmap_index = 2490, .adv_w = 173, .box_w = 9, .box_h = 16, .ofs_x = 1, .ofs_y = -3},
    {.bitmap_index = 2562, .adv_w = 173, .box_w = 9, .box_h = 13, .ofs_x = 1, .ofs_y = 0},
    {.bitmap_index = 2621, .adv_w = 173, .box_w = 9, .box_h = 13, .ofs_x = 1, .ofs_y = 0},
    {.bitmap_index = 2680, .adv_w = 173, .box_w = 10, .box_h = 13, .ofs_x = 0, .ofs_y = 0},
    {.bitmap_index = 2745, .adv_w = 173, .box_w = 9, .box_h = 13, .ofs_x = 1, .ofs_y = 0},
    {.bitmap_index = 2804, .adv_w = 173, .box_w = 10, .box_h = 13, .ofs_x = 0, .ofs_y = 0},
    {.bitmap_index = 2869, .adv_w = 173, .box_w = 11, .box_h = 13, .ofs_x = 0, .ofs_y = 0},
    {.bitmap_index = 2941, .adv_w = 173, .box_w = 11, .box_h = 13, .ofs_x = 0, .ofs_y = 0},
    {.bitmap_index = 3013, .adv_w = 173, .box_w = 11, .box_h = 13, .ofs_x = 0, .ofs_y = 0},
    {.bitmap_index = 3085, .adv_w = 173, .box_w = 9, .box_h = 13, .ofs_x = 1, .ofs_y = 0},
    {.bitmap_index = 3144, .adv_w = 173, .box_w = 6, .box_h = 18, .ofs_x = 3, .ofs_y = -3},
    {.bitmap_index = 3198, .adv_w = 173, .box_w = 9, .box_h = 17, .ofs_x = 1, .ofs_y = -2},
    {.bitmap_index = 3275, .adv_w = 173, .box_w = 6, .box_h = 18, .ofs_x = 2, .ofs_y = -3},
    {.bitmap_index = 3329, .adv_w = 173, .box_w = 9, .box_h = 7, .ofs_x = 1, .ofs_y = 6},
    {.bitmap_index = 3361, .adv_w = 173, .box_w = 9, .box_h = 3, .ofs_x = 1, .ofs_y = -3},
    {.bitmap_index = 3375, .adv_w = 173, .box_w = 5, .box_h = 3, .ofs_x = 2, .ofs_y = 12},
    {.bitmap_index = 3383, .adv_w = 173, .box_w = 9, .box_h = 10, .ofs_x = 1, .ofs_y = 0},
    {.bitmap_index = 3428, .adv_w = 173, .box_w = 9, .box_h = 13, .ofs_x = 1, .ofs_y = 0},
    {.bitmap_index = 3487, .adv_w = 173, .box_w = 9, .box_h = 10, .ofs_x = 1, .ofs_y = 0},
    {.bitmap_index = 3532, .adv_w = 173, .box_w = 9, .box_h = 13, .ofs_x = 1, .ofs_y = 0},
    {.bitmap_index = 3591, .adv_w = 173, .box_w = 9, .box_h = 10, .ofs_x = 1, .ofs_y = 0},
    {.bitmap_index = 3636, .adv_w = 173, .box_w = 10, .box_h = 13, .ofs_x = 0, .ofs_y = 0},
    {.bitmap_index = 3701, .adv_w = 173, .box_w = 9, .box_h = 13, .ofs_x = 1, .ofs_y = -3},
    {.bitmap_index = 3760, .adv_w = 173, .box_w = 9, .box_h = 13, .ofs_x = 1, .ofs_y = 0},
    {.bitmap_index = 3819, .adv_w = 173, .box_w = 9, .box_h = 14, .ofs_x = 1, .ofs_y = 0},
    {.bitmap_index = 3882, .adv_w = 173, .box_w = 8, .box_h = 17, .ofs_x = 1, .ofs_y = -3},
    {.bitmap_index = 3950, .adv_w = 173, .box_w = 10, .box_h = 13, .ofs_x = 1, .ofs_y = 0},
    {.bitmap_index = 4015, .adv_w = 173, .box_w = 10, .box_h = 13, .ofs_x = 0, .ofs_y = 0},
    {.bitmap_index = 4080, .adv_w = 173, .box_w = 9, .box_h = 10, .ofs_x = 1, .ofs_y = 0},
    {.bitmap_index = 4125, .adv_w = 173, .box_w = 9, .box_h = 10, .ofs_x = 1, .ofs_y = 0},
    {.bitmap_index = 4170, .adv_w = 173, .box_w = 9, .box_h = 10, .ofs_x = 1, .ofs_y = 0},
    {.bitmap_index = 4215, .adv_w = 173, .box_w = 9, .box_h = 13, .ofs_x = 1, .ofs_y = -3},
    {.bitmap_index = 4274, .adv_w = 173, .box_w = 9, .box_h = 13, .ofs_x = 1, .ofs_y = -3},
    {.bitmap_index = 4333, .adv_w = 173, .box_w = 8, .box_h = 10, .ofs_x = 2, .ofs_y = 0},
    {.bitmap_index = 4373, .adv_w = 173, .box_w = 9, .box_h = 10, .ofs_x = 1, .ofs_y = 0},
    {.bitmap_index = 4418, .adv_w = 173, .box_w = 10, .box_h = 13, .ofs_x = 0, .ofs_y = 0},
    {.bitmap_index = 4483, .adv_w = 173, .box_w = 9, .box_h = 10, .ofs_x = 1, .ofs_y = 0},
    {.bitmap_index = 4528, .adv_w = 173, .box_w = 10, .box_h = 10, .ofs_x = 0, .ofs_y = 0},
    {.bitmap_index = 4578, .adv_w = 173, .box_w = 11, .box_h = 10, .ofs_x = 0, .ofs_y = 0},
    {.bitmap_index = 4633, .adv_w = 173, .box_w = 10, .box_h = 10, .ofs_x = 0, .ofs_y = 0},
    {.bitmap_index = 4683, .adv_w = 173, .box_w = 10, .box_h = 13, .ofs_x = 0, .ofs_y = -3},
    {.bitmap_index = 4748, .adv_w = 173, .box_w = 9, .box_h = 10, .ofs_x = 1, .ofs_y = 0},
    {.bitmap_index = 4793, .adv_w = 173, .box_w = 9, .box_h = 18, .ofs_x = 1, .ofs_y = -3},
    {.bitmap_index = 4874, .adv_w = 173, .box_w = 3, .box_h = 17, .ofs_x = 4, .ofs_y = -2},
    {.bitmap_index = 4900, .adv_w = 173, .box_w = 9, .box_h = 18, .ofs_x = 1, .ofs_y = -3},
    {.bitmap_index = 4981, .adv_w = 173, .box_w = 9, .box_h = 5, .ofs_x = 1, .ofs_y = 4},
    {.bitmap_index = 5004, .adv_w = 173, .box_w = 0, .box_h = 0, .ofs_x = 0, .ofs_y = 0},
    {.bitmap_index = 5004, .adv_w = 173, .box_w = 3, .box_h = 13, .ofs_x = 4, .ofs_y = -3},
    {.bitmap_index = 5024, .adv_w = 173, .box_w = 9, .box_h = 15, .ofs_x = 1, .ofs_y = -2},
    {.bitmap_index = 5092, .adv_w = 173, .box_w = 9, .box_h = 13, .ofs_x = 1, .ofs_y = 0},
    {.bitmap_index = 5151, .adv_w = 173, .box_w = 11, .box_h = 11, .ofs_x = 0, .ofs_y = 1},
    {.bitmap_index = 5212, .adv_w = 173, .box_w = 11, .box_h = 13, .ofs_x = 0, .ofs_y = 0},
    {.bitmap_index = 5284, .adv_w = 173, .box_w = 3, .box_h = 17, .ofs_x = 4, .ofs_y = -2},
    {.bitmap_index = 5310, .adv_w = 173, .box_w = 9, .box_h = 17, .ofs_x = 1, .ofs_y = -4},
    {.bitmap_index = 5387, .adv_w = 173, .box_w = 7, .box_h = 3, .ofs_x = 2, .ofs_y = 12},
    {.bitmap_index = 5398, .adv_w = 173, .box_w = 10, .box_h = 11, .ofs_x = 0, .ofs_y = 2},
    {.bitmap_index = 5453, .adv_w = 173, .box_w = 5, .box_h = 6, .ofs_x = 3, .ofs_y = 8},
    {.bitmap_index = 5468, .adv_w = 173, .box_w = 11, .box_h = 9, .ofs_x = 0, .ofs_y = 1},
    {.bitmap_index = 5518, .adv_w = 173, .box_w = 8, .box_h = 5, .ofs_x = 1, .ofs_y = 3},
    {.bitmap_index = 5538, .adv_w = 173, .box_w = 7, .box_h = 3, .ofs_x = 2, .ofs_y = 4},
    {.bitmap_index = 5549, .adv_w = 173, .box_w = 10, .box_h = 11, .ofs_x = 0, .ofs_y = 2},
    {.bitmap_index = 5604, .adv_w = 173, .box_w = 7, .box_h = 3, .ofs_x = 2, .ofs_y = 11},
    {.bitmap_index = 5615, .adv_w = 173, .box_w = 7, .box_h = 5, .ofs_x = 2, .ofs_y = 8},
    {.bitmap_index = 5633, .adv_w = 173, .box_w = 9, .box_h = 10, .ofs_x = 1, .ofs_y = 0},
    {.bitmap_index = 5678, .adv_w = 173, .box_w = 7, .box_h = 8, .ofs_x = 2, .ofs_y = 7},
    {.bitmap_index = 5706, .adv_w = 173, .box_w = 7, .box_h = 8, .ofs_x = 2, .ofs_y = 7},
    {.bitmap_index = 5734, .adv_w = 173, .box_w = 4, .box_h = 3, .ofs_x = 4, .ofs_y = 12},
    {.bitmap_index = 5740, .adv_w = 173, .box_w = 9, .box_h = 13, .ofs_x = 1, .ofs_y = -3},
    {.bitmap_index = 5799, .adv_w = 173, .box_w = 9, .box_h = 16, .ofs_x = 1, .ofs_y = -3},
    {.bitmap_index = 5871, .adv_w = 173, .box_w = 4, .box_h = 3, .ofs_x = 3, .ofs_y = 5},
    {.bitmap_index = 5877, .adv_w = 173, .box_w = 5, .box_h = 4, .ofs_x = 3, .ofs_y = -4},
    {.bitmap_index = 5887, .adv_w = 173, .box_w = 7, .box_h = 8, .ofs_x = 2, .ofs_y = 7},
    {.bitmap_index = 5915, .adv_w = 173, .box_w = 5, .box_h = 6, .ofs_x = 3, .ofs_y = 8},
    {.bitmap_index = 5930, .adv_w = 173, .box_w = 11, .box_h = 9, .ofs_x = 0, .ofs_y = 1},
    {.bitmap_index = 5980, .adv_w = 173, .box_w = 11, .box_h = 13, .ofs_x = 0, .ofs_y = 0},
    {.bitmap_index = 6052, .adv_w = 173, .box_w = 11, .box_h = 14, .ofs_x = 0, .ofs_y = 0},
    {.bitmap_index = 6129, .adv_w = 173, .box_w = 11, .box_h = 13, .ofs_x = 0, .ofs_y = 0},
    {.bitmap_index = 6201, .adv_w = 173, .box_w = 7, .box_h = 13, .ofs_x = 2, .ofs_y = -3},
    {.bitmap_index = 6247, .adv_w = 173, .box_w = 10, .box_h = 17, .ofs_x = 0, .ofs_y = 0},
    {.bitmap_index = 6332, .adv_w = 173, .box_w = 10, .box_h = 17, .ofs_x = 0, .ofs_y = 0},
    {.bitmap_index = 6417, .adv_w = 173, .box_w = 10, .box_h = 17, .ofs_x = 0, .ofs_y = 0},
    {.bitmap_index = 6502, .adv_w = 173, .box_w = 10, .box_h = 17, .ofs_x = 0, .ofs_y = 0},
    {.bitmap_index = 6587, .adv_w = 173, .box_w = 10, .box_h = 17, .ofs_x = 0, .ofs_y = 0},
    {.bitmap_index = 6672, .adv_w = 173, .box_w = 10, .box_h = 18, .ofs_x = 0, .ofs_y = 0},
    {.bitmap_index = 6762, .adv_w = 173, .box_w = 11, .box_h = 13, .ofs_x = 0, .ofs_y = 0},
    {.bitmap_index = 6834, .adv_w = 173, .box_w = 9, .box_h = 16, .ofs_x = 1, .ofs_y = -3},
    {.bitmap_index = 6906, .adv_w = 173, .box_w = 9, .box_h = 17, .ofs_x = 1, .ofs_y = 0},
    {.bitmap_index = 6983, .adv_w = 173, .box_w = 9, .box_h = 17, .ofs_x = 1, .ofs_y = 0},
    {.bitmap_index = 7060, .adv_w = 173, .box_w = 9, .box_h = 17, .ofs_x = 1, .ofs_y = 0},
    {.bitmap_index = 7137, .adv_w = 173, .box_w = 9, .box_h = 17, .ofs_x = 1, .ofs_y = 0},
    {.bitmap_index = 7214, .adv_w = 173, .box_w = 8, .box_h = 17, .ofs_x = 1, .ofs_y = 0},
    {.bitmap_index = 7282, .adv_w = 173, .box_w = 8, .box_h = 17, .ofs_x = 1, .ofs_y = 0},
    {.bitmap_index = 7350, .adv_w = 173, .box_w = 8, .box_h = 17, .ofs_x = 1, .ofs_y = 0},
    {.bitmap_index = 7418, .adv_w = 173, .box_w = 8, .box_h = 17, .ofs_x = 1, .ofs_y = 0},
    {.bitmap_index = 7486, .adv_w = 173, .box_w = 10, .box_h = 13, .ofs_x = 0, .ofs_y = 0},
    {.bitmap_index = 7551, .adv_w = 173, .box_w = 9, .box_h = 17, .ofs_x = 1, .ofs_y = 0},
    {.bitmap_index = 7628, .adv_w = 173, .box_w = 9, .box_h = 17, .ofs_x = 1, .ofs_y = 0},
    {.bitmap_index = 7705, .adv_w = 173, .box_w = 9, .box_h = 17, .ofs_x = 1, .ofs_y = 0},
    {.bitmap_index = 7782, .adv_w = 173, .box_w = 9, .box_h = 17, .ofs_x = 1, .ofs_y = 0},
    {.bitmap_index = 7859, .adv_w = 173, .box_w = 9, .box_h = 17, .ofs_x = 1, .ofs_y = 0},
    {.bitmap_index = 7936, .adv_w = 173, .box_w = 9, .box_h = 17, .ofs_x = 1, .ofs_y = 0},
    {.bitmap_index = 8013, .adv_w = 173, .box_w = 8, .box_h = 8, .ofs_x = 1, .ofs_y = 2},
    {.bitmap_index = 8045, .adv_w = 173, .box_w = 11, .box_h = 14, .ofs_x = 0, .ofs_y = -1},
    {.bitmap_index = 8122, .adv_w = 173, .box_w = 9, .box_h = 17, .ofs_x = 1, .ofs_y = 0},
    {.bitmap_index = 8199, .adv_w = 173, .box_w = 9, .box_h = 17, .ofs_x = 1, .ofs_y = 0},
    {.bitmap_index = 8276, .adv_w = 173, .box_w = 9, .box_h = 17, .ofs_x = 1, .ofs_y = 0},
    {.bitmap_index = 8353, .adv_w = 173, .box_w = 9, .box_h = 17, .ofs_x = 1, .ofs_y = 0},
    {.bitmap_index = 8430, .adv_w = 173, .box_w = 11, .box_h = 17, .ofs_x = 0, .ofs_y = 0},
    {.bitmap_index = 8524, .adv_w = 173, .box_w = 9, .box_h = 13, .ofs_x = 1, .ofs_y = 0},
    {.bitmap_index = 8583, .adv_w = 173, .box_w = 9, .box_h = 13, .ofs_x = 1, .ofs_y = 0},
    {.bitmap_index = 8642, .adv_w = 173, .box_w = 9, .box_h = 14, .ofs_x = 1, .ofs_y = 0},
    {.bitmap_index = 8705, .adv_w = 173, .box_w = 9, .box_h = 14, .ofs_x = 1, .ofs_y = 0},
    {.bitmap_index = 8768, .adv_w = 173, .box_w = 9, .box_h = 14, .ofs_x = 1, .ofs_y = 0},
    {.bitmap_index = 8831, .adv_w = 173, .box_w = 9, .box_h = 14, .ofs_x = 1, .ofs_y = 0},
    {.bitmap_index = 8894, .adv_w = 173, .box_w = 9, .box_h = 14, .ofs_x = 1, .ofs_y = 0},
    {.bitmap_index = 8957, .adv_w = 173, .box_w = 9, .box_h = 15, .ofs_x = 1, .ofs_y = 0},
    {.bitmap_index = 9025, .adv_w = 173, .box_w = 11, .box_h = 10, .ofs_x = 0, .ofs_y = 0},
    {.bitmap_index = 9080, .adv_w = 173, .box_w = 9, .box_h = 13, .ofs_x = 1, .ofs_y = -3},
    {.bitmap_index = 9139, .adv_w = 173, .box_w = 9, .box_h = 14, .ofs_x = 1, .ofs_y = 0},
    {.bitmap_index = 9202, .adv_w = 173, .box_w = 9, .box_h = 14, .ofs_x = 1, .ofs_y = 0},
    {.bitmap_index = 9265, .adv_w = 173, .box_w = 9, .box_h = 14, .ofs_x = 1, .ofs_y = 0},
    {.bitmap_index = 9328, .adv_w = 173, .box_w = 9, .box_h = 14, .ofs_x = 1, .ofs_y = 0},
    {.bitmap_index = 9391, .adv_w = 173, .box_w = 9, .box_h = 14, .ofs_x = 1, .ofs_y = 0},
    {.bitmap_index = 9454, .adv_w = 173, .box_w = 9, .box_h = 14, .ofs_x = 1, .ofs_y = 0},
    {.bitmap_index = 9517, .adv_w = 173, .box_w = 9, .box_h = 14, .ofs_x = 1, .ofs_y = 0},
    {.bitmap_index = 9580, .adv_w = 173, .box_w = 9, .box_h = 14, .ofs_x = 1, .ofs_y = 0},
    {.bitmap_index = 9643, .adv_w = 173, .box_w = 9, .box_h = 14, .ofs_x = 1, .ofs_y = 0},
    {.bitmap_index = 9706, .adv_w = 173, .box_w = 9, .box_h = 14, .ofs_x = 1, .ofs_y = 0},
    {.bitmap_index = 9769, .adv_w = 173, .box_w = 9, .box_h = 14, .ofs_x = 1, .ofs_y = 0},
    {.bitmap_index = 9832, .adv_w = 173, .box_w = 9, .box_h = 14, .ofs_x = 1, .ofs_y = 0},
    {.bitmap_index = 9895, .adv_w = 173, .box_w = 9, .box_h = 14, .ofs_x = 1, .ofs_y = 0},
    {.bitmap_index = 9958, .adv_w = 173, .box_w = 9, .box_h = 14, .ofs_x = 1, .ofs_y = 0},
    {.bitmap_index = 10021, .adv_w = 173, .box_w = 9, .box_h = 14, .ofs_x = 1, .ofs_y = 0},
    {.bitmap_index = 10084, .adv_w = 173, .box_w = 8, .box_h = 10, .ofs_x = 1, .ofs_y = 1},
    {.bitmap_index = 10124, .adv_w = 173, .box_w = 11, .box_h = 12, .ofs_x = 0, .ofs_y = -1},
    {.bitmap_index = 10190, .adv_w = 173, .box_w = 9, .box_h = 14, .ofs_x = 1, .ofs_y = 0},
    {.bitmap_index = 10253, .adv_w = 173, .box_w = 9, .box_h = 14, .ofs_x = 1, .ofs_y = 0},
    {.bitmap_index = 10316, .adv_w = 173, .box_w = 9, .box_h = 14, .ofs_x = 1, .ofs_y = 0},
    {.bitmap_index = 10379, .adv_w = 173, .box_w = 9, .box_h = 14, .ofs_x = 1, .ofs_y = 0},
    {.bitmap_index = 10442, .adv_w = 173, .box_w = 10, .box_h = 17, .ofs_x = 0, .ofs_y = -3},
    {.bitmap_index = 10527, .adv_w = 173, .box_w = 9, .box_h = 16, .ofs_x = 1, .ofs_y = -3},
    {.bitmap_index = 10599, .adv_w = 173, .box_w = 10, .box_h = 17, .ofs_x = 0, .ofs_y = -3},
    {.bitmap_index = 10684, .adv_w = 173, .box_w = 5, .box_h = 5, .ofs_x = 3, .ofs_y = 4},
    {.bitmap_index = 10697, .adv_w = 173, .box_w = 9, .box_h = 4, .ofs_x = 1, .ofs_y = 0},
    {.bitmap_index = 10715, .adv_w = 173, .box_w = 13, .box_h = 3, .ofs_x = -1, .ofs_y = 5},
    {.bitmap_index = 10735, .adv_w = 173, .box_w = 13, .box_h = 5, .ofs_x = -1, .ofs_y = 4},
    {.bitmap_index = 10768, .adv_w = 173, .box_w = 3, .box_h = 29, .ofs_x = 4, .ofs_y = -8},
    {.bitmap_index = 10812, .adv_w = 173, .box_w = 5, .box_h = 29, .ofs_x = 3, .ofs_y = -8},
    {.bitmap_index = 10885, .adv_w = 173, .box_w = 10, .box_h = 3, .ofs_x = 0, .ofs_y = 5},
    {.bitmap_index = 10900, .adv_w = 173, .box_w = 10, .box_h = 5, .ofs_x = 0, .ofs_y = 4},
    {.bitmap_index = 10925, .adv_w = 173, .box_w = 3, .box_h = 21, .ofs_x = 4, .ofs_y = -4},
    {.bitmap_index = 10957, .adv_w = 173, .box_w = 5, .box_h = 21, .ofs_x = 3, .ofs_y = -4},
    {.bitmap_index = 11010, .adv_w = 173, .box_w = 11, .box_h = 3, .ofs_x = 0, .ofs_y = 5},
    {.bitmap_index = 11027, .adv_w = 173, .box_w = 11, .box_h = 5, .ofs_x = 0, .ofs_y = 4},
    {.bitmap_index = 11055, .adv_w = 173, .box_w = 3, .box_h = 21, .ofs_x = 4, .ofs_y = -4},
    {.bitmap_index = 11087, .adv_w = 173, .box_w = 5, .box_h = 21, .ofs_x = 3, .ofs_y = -4},
    {.bitmap_index = 11140, .adv_w = 173, .box_w = 7, .box_h = 16, .ofs_x = 4, .ofs_y = -8},
    {.bitmap_index = 11196, .adv_w = 173, .box_w = 7, .box_h = 17, .ofs_x = 4, .ofs_y = -8},
    {.bitmap_index = 11256, .adv_w = 173, .box_w = 9, .box_h = 16, .ofs_x = 3, .ofs_y = -8},
    {.bitmap_index = 11328, .adv_w = 173, .box_w = 9, .box_h = 17, .ofs_x = 3, .ofs_y = -8},
    {.bitmap_index = 11405, .adv_w = 173, .box_w = 8, .box_h = 16, .ofs_x = -1, .ofs_y = -8},
    {.bitmap_index = 11469, .adv_w = 173, .box_w = 8, .box_h = 17, .ofs_x = -1, .ofs_y = -8},
    {.bitmap_index = 11537, .adv_w = 173, .box_w = 9, .box_h = 16, .ofs_x = -1, .ofs_y = -8},
    {.bitmap_index = 11609, .adv_w = 173, .box_w = 9, .box_h = 17, .ofs_x = -1, .ofs_y = -8},
    {.bitmap_index = 11686, .adv_w = 173, .box_w = 7, .box_h = 16, .ofs_x = 4, .ofs_y = 5},
    {.bitmap_index = 11742, .adv_w = 173, .box_w = 7, .box_h = 17, .ofs_x = 4, .ofs_y = 4},
    {.bitmap_index = 11802, .adv_w = 173, .box_w = 9, .box_h = 16, .ofs_x = 3, .ofs_y = 5},
    {.bitmap_index = 11874, .adv_w = 173, .box_w = 9, .box_h = 17, .ofs_x = 3, .ofs_y = 4},
    {.bitmap_index = 11951, .adv_w = 173, .box_w = 8, .box_h = 16, .ofs_x = -1, .ofs_y = 5},
    {.bitmap_index = 12015, .adv_w = 173, .box_w = 8, .box_h = 17, .ofs_x = -1, .ofs_y = 4},
    {.bitmap_index = 12083, .adv_w = 173, .box_w = 9, .box_h = 16, .ofs_x = -1, .ofs_y = 5},
    {.bitmap_index = 12155, .adv_w = 173, .box_w = 9, .box_h = 17, .ofs_x = -1, .ofs_y = 4},
    {.bitmap_index = 12232, .adv_w = 173, .box_w = 7, .box_h = 29, .ofs_x = 4, .ofs_y = -8},
    {.bitmap_index = 12334, .adv_w = 173, .box_w = 7, .box_h = 29, .ofs_x = 4, .ofs_y = -8},
    {.bitmap_index = 12436, .adv_w = 173, .box_w = 9, .box_h = 29, .ofs_x = 3, .ofs_y = -8},
    {.bitmap_index = 12567, .adv_w = 173, .box_w = 9, .box_h = 29, .ofs_x = 3, .ofs_y = -8},
    {.bitmap_index = 12698, .adv_w = 173, .box_w = 9, .box_h = 29, .ofs_x = 3, .ofs_y = -8},
    {.bitmap_index = 12829, .adv_w = 173, .box_w = 9, .box_h = 29, .ofs_x = 3, .ofs_y = -8},
    {.bitmap_index = 12960, .adv_w = 173, .box_w = 9, .box_h = 29, .ofs_x = 3, .ofs_y = -8},
    {.bitmap_index = 13091, .adv_w = 173, .box_w = 9, .box_h = 29, .ofs_x = 3, .ofs_y = -8},
    {.bitmap_index = 13222, .adv_w = 173, .box_w = 8, .box_h = 29, .ofs_x = -1, .ofs_y = -8},
    {.bitmap_index = 13338, .adv_w = 173, .box_w = 8, .box_h = 29, .ofs_x = -1, .ofs_y = -8},
    {.bitmap_index = 13454, .adv_w = 173, .box_w = 9, .box_h = 29, .ofs_x = -1, .ofs_y = -8},
    {.bitmap_index = 13585, .adv_w = 173, .box_w = 9, .box_h = 27, .ofs_x = -1, .ofs_y = -8},
    {.bitmap_index = 13707, .adv_w = 173, .box_w = 9, .box_h = 29, .ofs_x = -1, .ofs_y = -8},
    {.bitmap_index = 13838, .adv_w = 173, .box_w = 9, .box_h = 29, .ofs_x = -1, .ofs_y = -8},
    {.bitmap_index = 13969, .adv_w = 173, .box_w = 9, .box_h = 29, .ofs_x = -1, .ofs_y = -8},
    {.bitmap_index = 14100, .adv_w = 173, .box_w = 9, .box_h = 29, .ofs_x = -1, .ofs_y = -8},
    {.bitmap_index = 14231, .adv_w = 173, .box_w = 13, .box_h = 16, .ofs_x = -1, .ofs_y = -8},
    {.bitmap_index = 14335, .adv_w = 173, .box_w = 12, .box_h = 17, .ofs_x = -1, .ofs_y = -8},
    {.bitmap_index = 14437, .adv_w = 173, .box_w = 12, .box_h = 17, .ofs_x = -1, .ofs_y = -8},
    {.bitmap_index = 14539, .adv_w = 173, .box_w = 13, .box_h = 17, .ofs_x = -1, .ofs_y = -8},
    {.bitmap_index = 14650, .adv_w = 173, .box_w = 13, .box_h = 16, .ofs_x = -1, .ofs_y = -8},
    {.bitmap_index = 14754, .adv_w = 173, .box_w = 13, .box_h = 17, .ofs_x = -1, .ofs_y = -8},
    {.bitmap_index = 14865, .adv_w = 173, .box_w = 13, .box_h = 17, .ofs_x = -1, .ofs_y = -8},
    {.bitmap_index = 14976, .adv_w = 173, .box_w = 13, .box_h = 17, .ofs_x = -1, .ofs_y = -8},
    {.bitmap_index = 15087, .adv_w = 173, .box_w = 13, .box_h = 16, .ofs_x = -1, .ofs_y = 5},
    {.bitmap_index = 15191, .adv_w = 173, .box_w = 12, .box_h = 17, .ofs_x = -1, .ofs_y = 4},
    {.bitmap_index = 15293, .adv_w = 173, .box_w = 12, .box_h = 17, .ofs_x = -1, .ofs_y = 4},
    {.bitmap_index = 15395, .adv_w = 173, .box_w = 13, .box_h = 17, .ofs_x = -1, .ofs_y = 4},
    {.bitmap_index = 15506, .adv_w = 173, .box_w = 13, .box_h = 16, .ofs_x = -1, .ofs_y = 5},
    {.bitmap_index = 15610, .adv_w = 173, .box_w = 13, .box_h = 17, .ofs_x = -1, .ofs_y = 4},
    {.bitmap_index = 15721, .adv_w = 173, .box_w = 13, .box_h = 17, .ofs_x = -1, .ofs_y = 4},
    {.bitmap_index = 15832, .adv_w = 173, .box_w = 13, .box_h = 17, .ofs_x = -1, .ofs_y = 4},
    {.bitmap_index = 15943, .adv_w = 173, .box_w = 13, .box_h = 29, .ofs_x = -1, .ofs_y = -8},
    {.bitmap_index = 16132, .adv_w = 173, .box_w = 12, .box_h = 29, .ofs_x = -1, .ofs_y = -8},
    {.bitmap_index = 16306, .adv_w = 173, .box_w = 12, .box_h = 29, .ofs_x = -1, .ofs_y = -8},
    {.bitmap_index = 16480, .adv_w = 173, .box_w = 13, .box_h = 29, .ofs_x = -1, .ofs_y = -8},
    {.bitmap_index = 16669, .adv_w = 173, .box_w = 13, .box_h = 29, .ofs_x = -1, .ofs_y = -8},
    {.bitmap_index = 16858, .adv_w = 173, .box_w = 13, .box_h = 29, .ofs_x = -1, .ofs_y = -8},
    {.bitmap_index = 17047, .adv_w = 173, .box_w = 13, .box_h = 29, .ofs_x = -1, .ofs_y = -8},
    {.bitmap_index = 17236, .adv_w = 173, .box_w = 13, .box_h = 29, .ofs_x = -1, .ofs_y = -8},
    {.bitmap_index = 17425, .adv_w = 173, .box_w = 13, .box_h = 29, .ofs_x = -1, .ofs_y = -8},
    {.bitmap_index = 17614, .adv_w = 173, .box_w = 13, .box_h = 29, .ofs_x = -1, .ofs_y = -8},
    {.bitmap_index = 17803, .adv_w = 173, .box_w = 13, .box_h = 29, .ofs_x = -1, .ofs_y = -8},
    {.bitmap_index = 17992, .adv_w = 173, .box_w = 13, .box_h = 29, .ofs_x = -1, .ofs_y = -8},
    {.bitmap_index = 18181, .adv_w = 173, .box_w = 13, .box_h = 29, .ofs_x = -1, .ofs_y = -8},
    {.bitmap_index = 18370, .adv_w = 173, .box_w = 13, .box_h = 29, .ofs_x = -1, .ofs_y = -8},
    {.bitmap_index = 18559, .adv_w = 173, .box_w = 13, .box_h = 29, .ofs_x = -1, .ofs_y = -8},
    {.bitmap_index = 18748, .adv_w = 173, .box_w = 13, .box_h = 29, .ofs_x = -1, .ofs_y = -8},
    {.bitmap_index = 18937, .adv_w = 173, .box_w = 9, .box_h = 3, .ofs_x = 1, .ofs_y = 5},
    {.bitmap_index = 18951, .adv_w = 173, .box_w = 9, .box_h = 5, .ofs_x = 1, .ofs_y = 4},
    {.bitmap_index = 18974, .adv_w = 173, .box_w = 3, .box_h = 20, .ofs_x = 4, .ofs_y = -3},
    {.bitmap_index = 19004, .adv_w = 173, .box_w = 5, .box_h = 19, .ofs_x = 3, .ofs_y = -3},
    {.bitmap_index = 19052, .adv_w = 173, .box_w = 13, .box_h = 7, .ofs_x = -1, .ofs_y = 3},
    {.bitmap_index = 19098, .adv_w = 173, .box_w = 7, .box_h = 29, .ofs_x = 2, .ofs_y = -8},
    {.bitmap_index = 19200, .adv_w = 173, .box_w = 7, .box_h = 18, .ofs_x = 4, .ofs_y = -8},
    {.bitmap_index = 19263, .adv_w = 173, .box_w = 10, .box_h = 16, .ofs_x = 2, .ofs_y = -8},
    {.bitmap_index = 19343, .adv_w = 173, .box_w = 10, .box_h = 18, .ofs_x = 2, .ofs_y = -8},
    {.bitmap_index = 19433, .adv_w = 173, .box_w = 8, .box_h = 18, .ofs_x = -1, .ofs_y = -8},
    {.bitmap_index = 19505, .adv_w = 173, .box_w = 10, .box_h = 16, .ofs_x = -1, .ofs_y = -8},
    {.bitmap_index = 19585, .adv_w = 173, .box_w = 10, .box_h = 18, .ofs_x = -1, .ofs_y = -8},
    {.bitmap_index = 19675, .adv_w = 173, .box_w = 7, .box_h = 18, .ofs_x = 4, .ofs_y = 3},
    {.bitmap_index = 19738, .adv_w = 173, .box_w = 10, .box_h = 16, .ofs_x = 2, .ofs_y = 5},
    {.bitmap_index = 19818, .adv_w = 173, .box_w = 10, .box_h = 17, .ofs_x = 2, .ofs_y = 3},
    {.bitmap_index = 19903, .adv_w = 173, .box_w = 8, .box_h = 18, .ofs_x = -1, .ofs_y = 3},
    {.bitmap_index = 19975, .adv_w = 173, .box_w = 10, .box_h = 16, .ofs_x = -1, .ofs_y = 5},
    {.bitmap_index = 20055, .adv_w = 173, .box_w = 10, .box_h = 17, .ofs_x = -1, .ofs_y = 3},
    {.bitmap_index = 20140, .adv_w = 173, .box_w = 7, .box_h = 29, .ofs_x = 4, .ofs_y = -8},
    {.bitmap_index = 20242, .adv_w = 173, .box_w = 10, .box_h = 29, .ofs_x = 2, .ofs_y = -8},
    {.bitmap_index = 20387, .adv_w = 173, .box_w = 10, .box_h = 29, .ofs_x = 2, .ofs_y = -8},
    {.bitmap_index = 20532, .adv_w = 173, .box_w = 8, .box_h = 29, .ofs_x = -1, .ofs_y = -8},
    {.bitmap_index = 20648, .adv_w = 173, .box_w = 10, .box_h = 29, .ofs_x = -1, .ofs_y = -8},
    {.bitmap_index = 20793, .adv_w = 173, .box_w = 10, .box_h = 29, .ofs_x = -1, .ofs_y = -8},
    {.bitmap_index = 20938, .adv_w = 173, .box_w = 13, .box_h = 18, .ofs_x = -1, .ofs_y = -8},
    {.bitmap_index = 21055, .adv_w = 173, .box_w = 13, .box_h = 16, .ofs_x = -1, .ofs_y = -8},
    {.bitmap_index = 21159, .adv_w = 173, .box_w = 13, .box_h = 18, .ofs_x = -1, .ofs_y = -8},
    {.bitmap_index = 21276, .adv_w = 173, .box_w = 13, .box_h = 17, .ofs_x = -1, .ofs_y = 3},
    {.bitmap_index = 21387, .adv_w = 173, .box_w = 13, .box_h = 16, .ofs_x = -1, .ofs_y = 5},
    {.bitmap_index = 21491, .adv_w = 173, .box_w = 13, .box_h = 17, .ofs_x = -1, .ofs_y = 3},
    {.bitmap_index = 21602, .adv_w = 173, .box_w = 13, .box_h = 29, .ofs_x = -1, .ofs_y = -8},
    {.bitmap_index = 21791, .adv_w = 173, .box_w = 13, .box_h = 29, .ofs_x = -1, .ofs_y = -8},
    {.bitmap_index = 21980, .adv_w = 173, .box_w = 13, .box_h = 28, .ofs_x = -1, .ofs_y = -8},
    {.bitmap_index = 22162, .adv_w = 173, .box_w = 7, .box_h = 16, .ofs_x = 4, .ofs_y = -8},
    {.bitmap_index = 22218, .adv_w = 173, .box_w = 8, .box_h = 16, .ofs_x = -1, .ofs_y = -8},
    {.bitmap_index = 22282, .adv_w = 173, .box_w = 8, .box_h = 16, .ofs_x = -1, .ofs_y = 5},
    {.bitmap_index = 22346, .adv_w = 173, .box_w = 7, .box_h = 16, .ofs_x = 4, .ofs_y = 5},
    {.bitmap_index = 22402, .adv_w = 173, .box_w = 13, .box_h = 19, .ofs_x = -1, .ofs_y = -3},
    {.bitmap_index = 22526, .adv_w = 173, .box_w = 13, .box_h = 19, .ofs_x = -1, .ofs_y = -3},
    {.bitmap_index = 22650, .adv_w = 173, .box_w = 13, .box_h = 19, .ofs_x = -1, .ofs_y = -3},
    {.bitmap_index = 22774, .adv_w = 173, .box_w = 8, .box_h = 3, .ofs_x = -1, .ofs_y = 5},
    {.bitmap_index = 22786, .adv_w = 173, .box_w = 3, .box_h = 16, .ofs_x = 4, .ofs_y = 5},
    {.bitmap_index = 22810, .adv_w = 173, .box_w = 8, .box_h = 3, .ofs_x = 4, .ofs_y = 5},
    {.bitmap_index = 22822, .adv_w = 173, .box_w = 3, .box_h = 16, .ofs_x = 4, .ofs_y = -8},
    {.bitmap_index = 22846, .adv_w = 173, .box_w = 8, .box_h = 5, .ofs_x = -1, .ofs_y = 4},
    {.bitmap_index = 22866, .adv_w = 173, .box_w = 5, .box_h = 16, .ofs_x = 3, .ofs_y = 5},
    {.bitmap_index = 22906, .adv_w = 173, .box_w = 8, .box_h = 5, .ofs_x = 4, .ofs_y = 4},
    {.bitmap_index = 22926, .adv_w = 173, .box_w = 5, .box_h = 16, .ofs_x = 3, .ofs_y = -8},
    {.bitmap_index = 22966, .adv_w = 173, .box_w = 13, .box_h = 5, .ofs_x = -1, .ofs_y = 4},
    {.bitmap_index = 22999, .adv_w = 173, .box_w = 5, .box_h = 29, .ofs_x = 3, .ofs_y = -8},
    {.bitmap_index = 23072, .adv_w = 173, .box_w = 12, .box_h = 5, .ofs_x = -1, .ofs_y = 4},
    {.bitmap_index = 23102, .adv_w = 173, .box_w = 5, .box_h = 29, .ofs_x = 3, .ofs_y = -8},
    {.bitmap_index = 23175, .adv_w = 173, .box_w = 11, .box_h = 13, .ofs_x = 0, .ofs_y = 6},
    {.bitmap_index = 23247, .adv_w = 173, .box_w = 11, .box_h = 4, .ofs_x = 0, .ofs_y = -6},
    {.bitmap_index = 23269, .adv_w = 173, .box_w = 11, .box_h = 7, .ofs_x = 0, .ofs_y = -6},
    {.bitmap_index = 23308, .adv_w = 173, .box_w = 11, .box_h = 10, .ofs_x = 0, .ofs_y = -6},
    {.bitmap_index = 23363, .adv_w = 173, .box_w = 11, .box_h = 13, .ofs_x = 0, .ofs_y = -6},
    {.bitmap_index = 23435, .adv_w = 173, .box_w = 11, .box_h = 16, .ofs_x = 0, .ofs_y = -6},
    {.bitmap_index = 23523, .adv_w = 173, .box_w = 11, .box_h = 19, .ofs_x = 0, .ofs_y = -6},
    {.bitmap_index = 23628, .adv_w = 173, .box_w = 11, .box_h = 22, .ofs_x = 0, .ofs_y = -6},
    {.bitmap_index = 23749, .adv_w = 173, .box_w = 11, .box_h = 25, .ofs_x = 0, .ofs_y = -6},
    {.bitmap_index = 23887, .adv_w = 173, .box_w = 10, .box_h = 25, .ofs_x = 0, .ofs_y = -6},
    {.bitmap_index = 24012, .adv_w = 173, .box_w = 9, .box_h = 25, .ofs_x = 0, .ofs_y = -6},
    {.bitmap_index = 24125, .adv_w = 173, .box_w = 7, .box_h = 25, .ofs_x = 0, .ofs_y = -6},
    {.bitmap_index = 24213, .adv_w = 173, .box_w = 6, .box_h = 25, .ofs_x = 0, .ofs_y = -6},
    {.bitmap_index = 24288, .adv_w = 173, .box_w = 4, .box_h = 25, .ofs_x = 0, .ofs_y = -6},
    {.bitmap_index = 24338, .adv_w = 173, .box_w = 3, .box_h = 25, .ofs_x = 0, .ofs_y = -6},
    {.bitmap_index = 24376, .adv_w = 173, .box_w = 2, .box_h = 25, .ofs_x = 0, .ofs_y = -6},
    {.bitmap_index = 24401, .adv_w = 173, .box_w = 6, .box_h = 25, .ofs_x = 5, .ofs_y = -6},
    {.bitmap_index = 24476, .adv_w = 173, .box_w = 11, .box_h = 24, .ofs_x = 1, .ofs_y = -5},
    {.bitmap_index = 24608, .adv_w = 173, .box_w = 11, .box_h = 25, .ofs_x = 0, .ofs_y = -6},
    {.bitmap_index = 24746, .adv_w = 173, .box_w = 12, .box_h = 25, .ofs_x = 0, .ofs_y = -6},
    {.bitmap_index = 24896, .adv_w = 173, .box_w = 11, .box_h = 4, .ofs_x = 0, .ofs_y = 15},
    {.bitmap_index = 24918, .adv_w = 173, .box_w = 2, .box_h = 25, .ofs_x = 9, .ofs_y = -6},
    {.bitmap_index = 24943, .adv_w = 173, .box_w = 6, .box_h = 13, .ofs_x = 0, .ofs_y = -6},
    {.bitmap_index = 24982, .adv_w = 173, .box_w = 6, .box_h = 13, .ofs_x = 5, .ofs_y = -6},
    {.bitmap_index = 25021, .adv_w = 173, .box_w = 6, .box_h = 13, .ofs_x = 0, .ofs_y = 6},
    {.bitmap_index = 25060, .adv_w = 173, .box_w = 11, .box_h = 25, .ofs_x = 0, .ofs_y = -6},
    {.bitmap_index = 25198, .adv_w = 173, .box_w = 11, .box_h = 25, .ofs_x = 0, .ofs_y = -6},
    {.bitmap_index = 25336, .adv_w = 173, .box_w = 11, .box_h = 25, .ofs_x = 0, .ofs_y = -6},
    {.bitmap_index = 25474, .adv_w = 173, .box_w = 12, .box_h = 25, .ofs_x = -1, .ofs_y = -6},
    {.bitmap_index = 25624, .adv_w = 173, .box_w = 6, .box_h = 13, .ofs_x = 5, .ofs_y = 6},
    {.bitmap_index = 25663, .adv_w = 173, .box_w = 11, .box_h = 25, .ofs_x = 0, .ofs_y = -6},
    {.bitmap_index = 25801, .adv_w = 173, .box_w = 11, .box_h = 25, .ofs_x = 0, .ofs_y = -6}
};

/*---------------------
 *  CHARACTER MAPPING
 *--------------------*/

static const uint16_t unicode_list_2[] = {
    0x0, 0x4
};

/*Collect the unicode lists and glyph_id offsets*/
static const lv_font_fmt_txt_cmap_t cmaps[] =
{
    {
        .range_start = 32, .range_length = 95, .glyph_id_start = 1,
        .unicode_list = NULL, .glyph_id_ofs_list = NULL, .list_length = 0, .type = LV_FONT_FMT_TXT_CMAP_FORMAT0_TINY
    },
    {
        .range_start = 160, .range_length = 96, .glyph_id_start = 96,
        .unicode_list = NULL, .glyph_id_ofs_list = NULL, .list_length = 0, .type = LV_FONT_FMT_TXT_CMAP_FORMAT0_TINY
    },
    {
        .range_start = 8226, .range_length = 5, .glyph_id_start = 192,
        .unicode_list = unicode_list_2, .glyph_id_ofs_list = NULL, .list_length = 2, .type = LV_FONT_FMT_TXT_CMAP_SPARSE_TINY
    },
    {
        .range_start = 9472, .range_length = 160, .glyph_id_start = 194,
        .unicode_list = NULL, .glyph_id_ofs_list = NULL, .list_length = 0, .type = LV_FONT_FMT_TXT_CMAP_FORMAT0_TINY
    }
};



/*--------------------
 *  ALL CUSTOM DATA
 *--------------------*/

#if LVGL_VERSION_MAJOR == 8
/*Store all the custom data of the font*/
static  lv_font_fmt_txt_glyph_cache_t cache;
#endif

#if LVGL_VERSION_MAJOR >= 8
static const lv_font_fmt_txt_dsc_t font_dsc = {
#else
static lv_font_fmt_txt_dsc_t font_dsc = {
#endif
    .glyph_bitmap = glyph_bitmap,
    .glyph_dsc = glyph_dsc,
    .cmaps = cmaps,
    .kern_dsc = NULL,
    .kern_scale = 0,
    .cmap_num = 4,
    .bpp = 4,
    .kern_classes = 0,
    .bitmap_format = 0,
#if LVGL_VERSION_MAJOR == 8
    .cache = &cache
#endif
};



/*-----------------
 *  PUBLIC FONT
 *----------------*/

/*Initialize a public general font descriptor*/
#if LVGL_VERSION_MAJOR >= 8
const lv_font_t aos_mono_18 = {
#else
lv_font_t aos_mono_18 = {
#endif
    .get_glyph_dsc = lv_font_get_glyph_dsc_fmt_txt,    /*Function pointer to get glyph's data*/
    .get_glyph_bitmap = lv_font_get_bitmap_fmt_txt,    /*Function pointer to get glyph's bitmap*/
    .line_height = 29,          /*The maximum line height required by the font*/
    .base_line = 8,             /*Baseline measured from the bottom of the line*/
#if !(LVGL_VERSION_MAJOR == 6 && LVGL_VERSION_MINOR == 0)
    .subpx = LV_FONT_SUBPX_NONE,
#endif
#if LV_VERSION_CHECK(7, 4, 0) || LVGL_VERSION_MAJOR >= 8
    .underline_position = -3,
    .underline_thickness = 1,
#endif
    .dsc = &font_dsc,          /*The custom font data. Will be accessed by `get_glyph_bitmap/dsc` */
#if LV_VERSION_CHECK(8, 2, 0) || LVGL_VERSION_MAJOR >= 9
    .fallback = NULL,
#endif
    .user_data = NULL,
};



#endif /*#if AOS_MONO_18*/

