/*******************************************************************************
 * Size: 24 px
 * Bpp: 4
 * Opts: --no-compress --no-prefilter --bpp 4 --size 24 --font Inter-Medium.ttf -r 0x20-0x7F,0xA0-0xFF,0x2022,0x2026,0x20AC,0x394,0x3A9,0x3BC,0x3C0,0x2190-0x2193,0x2212,0x221A,0x221E,0x2248,0x2260,0x2264,0x2265,0x2010-0x205E,0x100-0x17F,0x218-0x21B,0x370-0x3FF,0x2070-0x209F,0x20A0-0x20C0,0x2100-0x218F,0x2194-0x21FF,0x2200-0x22FF,0x2300-0x23FF,0x25A0-0x25FF,0x2600-0x27BF --font FontAwesome5-Solid+Brands+Regular.woff -r 61441,61444,61445,61448,61451,61452,61453,61457,61459,61461,61463,61465,61468,61473,61478,61479,61480,61488,61502,61507,61512,61515,61516,61517,61521,61522,61523,61524,61543,61544,61547,61549,61550,61552,61553,61554,61556,61559,61560,61561,61562,61563,61585,61587,61589,61604,61606,61634,61636,61637,61639,61641,61664,61671,61673,61674,61683,61684,61692,61720,61721,61722,61724,61732,61749,61787,61796,61797,61829,61830,61881,61883,61922,61923,61931,61949,62006,62016,62017,62018,62019,62020,62043,62087,62099,62172,62183,62189,62206,62212,62373,62405,62539,62658,62680,62682,62796,62806,62810,62823,62841,62842,62847,62848,62850,62851,62852,62854,62855,62856,62857,62859,62860,62870,62875,62884,62885,62899,62900,62904,62914,62920,63108,63166,63187,63202,63244,63391,63401,63426,63650 --format lvgl -o aos_inter_24.c --force-fast-kern-format
 ******************************************************************************/

#include "lvgl.h"
#ifndef AOS_INTER_24
#define AOS_INTER_24 1
#endif

#if AOS_INTER_24

/*-----------------
 *    BITMAPS
 *----------------*/

/*Store the image of the glyphs*/
static LV_ATTRIBUTE_LARGE_CONST const uint8_t glyph_bitmap[] = {
    /* U+0020 " " */

    /* U+0021 "!" */
    0xc, 0xff, 0x10, 0xcf, 0xf0, 0xb, 0xff, 0x0,
    0xbf, 0xf0, 0xb, 0xff, 0x0, 0xbf, 0xf0, 0xa,
    0xff, 0x0, 0xaf, 0xf0, 0xa, 0xff, 0x0, 0xaf,
    0xe0, 0x9, 0xfe, 0x0, 0x5a, 0x80, 0x0, 0x0,
    0x0, 0x4, 0x20, 0xd, 0xff, 0x20, 0xff, 0xf5,
    0x8, 0xfb, 0x0,

    /* U+0022 "\"" */
    0x8f, 0xf0, 0x3f, 0xf6, 0x8f, 0xf0, 0x2f, 0xf5,
    0x7f, 0xf0, 0x1f, 0xf5, 0x6f, 0xe0, 0x1f, 0xf4,
    0x6f, 0xe0, 0xf, 0xf3, 0x5f, 0xd0, 0xf, 0xf3,
    0x3b, 0x90, 0xa, 0xb1,

    /* U+0023 "#" */
    0x0, 0x0, 0x1f, 0xf0, 0x0, 0xf, 0xf1, 0x0,
    0x0, 0x4, 0xfc, 0x0, 0x2, 0xfe, 0x0, 0x0,
    0x0, 0x7f, 0x90, 0x0, 0x5f, 0xb0, 0x0, 0x0,
    0xa, 0xf6, 0x0, 0x8, 0xf8, 0x0, 0x5, 0xff,
    0xff, 0xff, 0xff, 0xff, 0xff, 0xd0, 0x8f, 0xff,
    0xff, 0xff, 0xff, 0xff, 0xfb, 0x0, 0x3, 0xfe,
    0x0, 0x1, 0xff, 0x0, 0x0, 0x0, 0x5f, 0xb0,
    0x0, 0x3f, 0xd0, 0x0, 0x0, 0x8, 0xf8, 0x0,
    0x6, 0xfa, 0x0, 0x0, 0x0, 0xaf, 0x60, 0x0,
    0x8f, 0x80, 0x0, 0x6f, 0xff, 0xff, 0xff, 0xff,
    0xff, 0xfd, 0x8, 0xff, 0xff, 0xff, 0xff, 0xff,
    0xff, 0xb0, 0x0, 0x3f, 0xe0, 0x0, 0x1f, 0xf0,
    0x0, 0x0, 0x5, 0xfb, 0x0, 0x3, 0xfd, 0x0,
    0x0, 0x0, 0x7f, 0x90, 0x0, 0x5f, 0xb0, 0x0,
    0x0, 0xa, 0xf6, 0x0, 0x8, 0xf9, 0x0, 0x0,
    0x0, 0xcf, 0x40, 0x0, 0xaf, 0x60, 0x0, 0x0,

    /* U+0024 "$" */
    0x0, 0x0, 0x0, 0xe7, 0x0, 0x0, 0x0, 0x0,
    0x0, 0x0, 0xe8, 0x0, 0x0, 0x0, 0x0, 0x0,
    0x0, 0xe8, 0x0, 0x0, 0x0, 0x0, 0x5, 0xbf,
    0xff, 0xea, 0x40, 0x0, 0x0, 0xbf, 0xff, 0xff,
    0xff, 0xf8, 0x0, 0x9, 0xff, 0xc5, 0xe9, 0x6e,
    0xff, 0x60, 0x1f, 0xfc, 0x0, 0xe8, 0x1, 0xef,
    0xd0, 0x3f, 0xf7, 0x0, 0xe8, 0x0, 0x58, 0x80,
    0x3f, 0xfa, 0x0, 0xe8, 0x0, 0x0, 0x0, 0xd,
    0xff, 0xb4, 0xe8, 0x0, 0x0, 0x0, 0x2, 0xdf,
    0xff, 0xfc, 0x61, 0x0, 0x0, 0x0, 0x7, 0xdf,
    0xff, 0xff, 0xa1, 0x0, 0x0, 0x0, 0x3, 0xfe,
    0xff, 0xff, 0x30, 0x0, 0x0, 0x0, 0xe8, 0x18,
    0xff, 0xd0, 0x0, 0x0, 0x0, 0xe8, 0x0, 0x9f,
    0xf2, 0x9d, 0xc0, 0x0, 0xe8, 0x0, 0x7f, 0xf3,
    0x8f, 0xf7, 0x0, 0xe8, 0x0, 0xdf, 0xf1, 0x1f,
    0xff, 0xa4, 0xe9, 0x6d, 0xff, 0xa0, 0x4, 0xff,
    0xff, 0xff, 0xff, 0xfc, 0x0, 0x0, 0x29, 0xdf,
    0xff, 0xec, 0x60, 0x0, 0x0, 0x0, 0x0, 0xe8,
    0x0, 0x0, 0x0, 0x0, 0x0, 0x0, 0xe8, 0x0,
    0x0, 0x0,

    /* U+0025 "%" */
    0x2, 0xae, 0xfc, 0x30, 0x0, 0x0, 0x0, 0x8f,
    0x90, 0x0, 0x1e, 0xfc, 0xcf, 0xf2, 0x0, 0x0,
    0x4, 0xfd, 0x0, 0x0, 0x6f, 0xb0, 0x8, 0xf8,
    0x0, 0x0, 0x1e, 0xf2, 0x0, 0x0, 0x7f, 0x80,
    0x6, 0xf9, 0x0, 0x0, 0xaf, 0x70, 0x0, 0x0,
    0x6f, 0xb0, 0x8, 0xf8, 0x0, 0x6, 0xfb, 0x0,
    0x0, 0x0, 0x1e, 0xfd, 0xcf, 0xf2, 0x0, 0x2f,
    0xe1, 0x0, 0x0, 0x0, 0x2, 0xbf, 0xfc, 0x30,
    0x0, 0xcf, 0x50, 0x0, 0x0, 0x0, 0x0, 0x0,
    0x0, 0x0, 0x7, 0xfa, 0x0, 0x0, 0x0, 0x0,
    0x0, 0x0, 0x0, 0x0, 0x3f, 0xd0, 0x0, 0x0,
    0x0, 0x0, 0x0, 0x0, 0x0, 0x0, 0xdf, 0x30,
    0x3, 0xcf, 0xe9, 0x0, 0x0, 0x0, 0x0, 0x9,
    0xf8, 0x0, 0x3f, 0xfc, 0xef, 0xb0, 0x0, 0x0,
    0x0, 0x5f, 0xc0, 0x0, 0x9f, 0x70, 0xe, 0xf2,
    0x0, 0x0, 0x1, 0xef, 0x20, 0x0, 0xcf, 0x30,
    0xb, 0xf4, 0x0, 0x0, 0xb, 0xf6, 0x0, 0x0,
    0xcf, 0x30, 0xb, 0xf4, 0x0, 0x0, 0x7f, 0xa0,
    0x0, 0x0, 0x9f, 0x70, 0xe, 0xf2, 0x0, 0x2,
    0xfe, 0x10, 0x0, 0x0, 0x3f, 0xfc, 0xef, 0xb0,
    0x0, 0xd, 0xf4, 0x0, 0x0, 0x0, 0x4, 0xcf,
    0xe9, 0x0,

    /* U+0026 "&" */
    0x0, 0x5, 0xcf, 0xfc, 0x60, 0x0, 0x0, 0x0,
    0x8, 0xff, 0xff, 0xff, 0x80, 0x0, 0x0, 0x2,
    0xff, 0xb3, 0x2b, 0xff, 0x20, 0x0, 0x0, 0x5f,
    0xf2, 0x0, 0x1f, 0xf4, 0x0, 0x0, 0x5, 0xff,
    0x10, 0x2, 0xff, 0x20, 0x0, 0x0, 0xf, 0xf7,
    0x1, 0xdf, 0xb0, 0x0, 0x0, 0x0, 0x6f, 0xf7,
    0xef, 0xc1, 0x0, 0x0, 0x0, 0x0, 0xcf, 0xff,
    0x80, 0x0, 0x0, 0x0, 0x0, 0x8f, 0xff, 0xf4,
    0x0, 0x0, 0x0, 0x0, 0xaf, 0xf9, 0xcf, 0xf3,
    0x0, 0xff, 0x50, 0x6f, 0xf8, 0x1, 0xef, 0xe1,
    0x2f, 0xf3, 0xc, 0xfd, 0x0, 0x2, 0xff, 0xd9,
    0xff, 0x0, 0xdf, 0xc0, 0x0, 0x4, 0xff, 0xff,
    0xa0, 0xa, 0xff, 0x10, 0x0, 0x7, 0xff, 0xf2,
    0x0, 0x4f, 0xfd, 0x52, 0x37, 0xef, 0xff, 0x60,
    0x0, 0x7f, 0xff, 0xff, 0xff, 0xeb, 0xff, 0x30,
    0x0, 0x3a, 0xef, 0xfc, 0x71, 0xd, 0xfe, 0x10,

    /* U+0027 "'" */
    0x8f, 0xf0, 0x8f, 0xf0, 0x7f, 0xf0, 0x6f, 0xe0,
    0x6f, 0xe0, 0x5f, 0xd0, 0x3b, 0x90,

    /* U+0028 "(" */
    0x0, 0x4, 0x54, 0x0, 0x1f, 0xf7, 0x0, 0x9f,
    0xf1, 0x0, 0xff, 0xa0, 0x5, 0xff, 0x40, 0xa,
    0xff, 0x0, 0xe, 0xfb, 0x0, 0x2f, 0xf7, 0x0,
    0x5f, 0xf4, 0x0, 0x7f, 0xf2, 0x0, 0x9f, 0xf0,
    0x0, 0x9f, 0xf0, 0x0, 0x9f, 0xf0, 0x0, 0x8f,
    0xf1, 0x0, 0x6f, 0xf3, 0x0, 0x3f, 0xf7, 0x0,
    0xf, 0xfb, 0x0, 0xa, 0xff, 0x0, 0x4, 0xff,
    0x50, 0x0, 0xef, 0xb0, 0x0, 0x6f, 0xf2, 0x0,
    0xd, 0xf9,

    /* U+0029 ")" */
    0x55, 0x30, 0x0, 0x9f, 0xe0, 0x0, 0x2f, 0xf6,
    0x0, 0xc, 0xfd, 0x0, 0x7, 0xff, 0x30, 0x2,
    0xff, 0x80, 0x0, 0xdf, 0xc0, 0x0, 0xaf, 0xf0,
    0x0, 0x7f, 0xf2, 0x0, 0x4f, 0xf5, 0x0, 0x3f,
    0xf6, 0x0, 0x2f, 0xf7, 0x0, 0x2f, 0xf7, 0x0,
    0x3f, 0xf5, 0x0, 0x5f, 0xf4, 0x0, 0x9f, 0xf1,
    0x0, 0xdf, 0xd0, 0x2, 0xff, 0x80, 0x7, 0xff,
    0x20, 0xd, 0xfc, 0x0, 0x4f, 0xf4, 0x0, 0xcf,
    0xb0, 0x0,

    /* U+002A "*" */
    0x0, 0x0, 0xaf, 0x20, 0x0, 0x2, 0x0, 0x9f,
    0x10, 0x10, 0x1f, 0xb2, 0x9f, 0x16, 0xf8, 0x2b,
    0xff, 0xdf, 0xcf, 0xe7, 0x0, 0x3c, 0xff, 0xf7,
    0x0, 0x1, 0x9f, 0xff, 0xfc, 0x40, 0x3f, 0xfb,
    0xaf, 0x7f, 0xfb, 0xc, 0x60, 0x9f, 0x11, 0xb5,
    0x0, 0x0, 0xaf, 0x20, 0x0, 0x0, 0x0, 0x6a,
    0x10, 0x0,

    /* U+002B "+" */
    0x0, 0x0, 0x2f, 0xf2, 0x0, 0x0, 0x0, 0x0,
    0x2f, 0xf2, 0x0, 0x0, 0x0, 0x0, 0x2f, 0xf2,
    0x0, 0x0, 0x0, 0x0, 0x2f, 0xf2, 0x0, 0x0,
    0x12, 0x22, 0x4f, 0xf4, 0x22, 0x21, 0xcf, 0xff,
    0xff, 0xff, 0xff, 0xfc, 0xcf, 0xff, 0xff, 0xff,
    0xff, 0xfc, 0x0, 0x0, 0x2f, 0xf2, 0x0, 0x0,
    0x0, 0x0, 0x2f, 0xf2, 0x0, 0x0, 0x0, 0x0,
    0x2f, 0xf2, 0x0, 0x0, 0x0, 0x0, 0x2f, 0xf2,
    0x0, 0x0, 0x0, 0x0, 0x5, 0x50, 0x0, 0x0,

    /* U+002C "," */
    0x6, 0xbb, 0x20, 0xbf, 0xe0, 0xd, 0xfa, 0x0,
    0xff, 0x50, 0x2f, 0xf1, 0x4, 0xfc, 0x0, 0x7f,
    0x70, 0x0,

    /* U+002D "-" */
    0x3, 0x33, 0x33, 0x33, 0x15, 0xff, 0xff, 0xff,
    0xf7, 0x5f, 0xff, 0xff, 0xff, 0x70,

    /* U+002E "." */
    0x0, 0x52, 0x0, 0xdf, 0xf2, 0xf, 0xff, 0x50,
    0x8f, 0xb0,

    /* U+002F "/" */
    0x0, 0x0, 0x0, 0x78, 0x20, 0x0, 0x0, 0x2f,
    0xf2, 0x0, 0x0, 0x7, 0xfd, 0x0, 0x0, 0x0,
    0xbf, 0x90, 0x0, 0x0, 0xf, 0xf4, 0x0, 0x0,
    0x4, 0xff, 0x0, 0x0, 0x0, 0x8f, 0xc0, 0x0,
    0x0, 0xd, 0xf7, 0x0, 0x0, 0x1, 0xff, 0x30,
    0x0, 0x0, 0x6f, 0xe0, 0x0, 0x0, 0xa, 0xfa,
    0x0, 0x0, 0x0, 0xef, 0x60, 0x0, 0x0, 0x3f,
    0xf1, 0x0, 0x0, 0x7, 0xfd, 0x0, 0x0, 0x0,
    0xcf, 0x90, 0x0, 0x0, 0xf, 0xf4, 0x0, 0x0,
    0x4, 0xff, 0x0, 0x0, 0x0, 0x9f, 0xb0, 0x0,
    0x0, 0xd, 0xf7, 0x0, 0x0, 0x1, 0xff, 0x30,
    0x0, 0x0, 0x6f, 0xe0, 0x0, 0x0, 0x0,

    /* U+0030 "0" */
    0x0, 0x2, 0x9d, 0xfe, 0xb5, 0x0, 0x0, 0x0,
    0x4f, 0xff, 0xff, 0xff, 0xb0, 0x0, 0x2, 0xff,
    0xf8, 0x45, 0xcf, 0xf9, 0x0, 0xb, 0xff, 0x40,
    0x0, 0xb, 0xff, 0x30, 0x1f, 0xfa, 0x0, 0x0,
    0x2, 0xff, 0x90, 0x5f, 0xf5, 0x0, 0x0, 0x0,
    0xdf, 0xd0, 0x8f, 0xf1, 0x0, 0x0, 0x0, 0xaf,
    0xf0, 0x9f, 0xf0, 0x0, 0x0, 0x0, 0x8f, 0xf1,
    0xaf, 0xf0, 0x0, 0x0, 0x0, 0x7f, 0xf2, 0x9f,
    0xf0, 0x0, 0x0, 0x0, 0x8f, 0xf1, 0x8f, 0xf1,
    0x0, 0x0, 0x0, 0xaf, 0xf0, 0x5f, 0xf5, 0x0,
    0x0, 0x0, 0xdf, 0xd0, 0x1f, 0xfa, 0x0, 0x0,
    0x2, 0xff, 0x90, 0xb, 0xff, 0x40, 0x0, 0xb,
    0xff, 0x30, 0x2, 0xff, 0xf8, 0x45, 0xcf, 0xfa,
    0x0, 0x0, 0x5f, 0xff, 0xff, 0xff, 0xb0, 0x0,
    0x0, 0x2, 0x9d, 0xfe, 0xc6, 0x0, 0x0,

    /* U+0031 "1" */
    0x0, 0x1b, 0xff, 0xf0, 0x4, 0xef, 0xff, 0xf0,
    0x8f, 0xfd, 0xcf, 0xf0, 0xef, 0x90, 0xaf, 0xf0,
    0xd5, 0x0, 0xaf, 0xf0, 0x10, 0x0, 0xaf, 0xf0,
    0x0, 0x0, 0xaf, 0xf0, 0x0, 0x0, 0xaf, 0xf0,
    0x0, 0x0, 0xaf, 0xf0, 0x0, 0x0, 0xaf, 0xf0,
    0x0, 0x0, 0xaf, 0xf0, 0x0, 0x0, 0xaf, 0xf0,
    0x0, 0x0, 0xaf, 0xf0, 0x0, 0x0, 0xaf, 0xf0,
    0x0, 0x0, 0xaf, 0xf0, 0x0, 0x0, 0xaf, 0xf0,
    0x0, 0x0, 0xaf, 0xf0,

    /* U+0032 "2" */
    0x0, 0x5, 0xbe, 0xfe, 0xa3, 0x0, 0x0, 0xb,
    0xff, 0xff, 0xff, 0xf7, 0x0, 0x9, 0xff, 0xb5,
    0x36, 0xef, 0xf4, 0x1, 0xff, 0xb0, 0x0, 0x1,
    0xff, 0xb0, 0x4f, 0xf5, 0x0, 0x0, 0xb, 0xfe,
    0x0, 0x22, 0x0, 0x0, 0x0, 0xbf, 0xd0, 0x0,
    0x0, 0x0, 0x0, 0x1f, 0xf9, 0x0, 0x0, 0x0,
    0x0, 0xb, 0xff, 0x20, 0x0, 0x0, 0x0, 0xa,
    0xff, 0x50, 0x0, 0x0, 0x0, 0x9, 0xff, 0x80,
    0x0, 0x0, 0x0, 0xa, 0xff, 0x80, 0x0, 0x0,
    0x0, 0xa, 0xff, 0x80, 0x0, 0x0, 0x0, 0xa,
    0xff, 0x90, 0x0, 0x0, 0x0, 0xa, 0xff, 0x90,
    0x0, 0x0, 0x0, 0xa, 0xff, 0xd5, 0x55, 0x55,
    0x55, 0x14, 0xff, 0xff, 0xff, 0xff, 0xff, 0xf3,
    0x5f, 0xff, 0xff, 0xff, 0xff, 0xff, 0x30,

    /* U+0033 "3" */
    0x0, 0x5, 0xbe, 0xfe, 0xb5, 0x0, 0x0, 0xb,
    0xff, 0xff, 0xff, 0xfb, 0x0, 0xa, 0xff, 0xb5,
    0x35, 0xcf, 0xf8, 0x1, 0xff, 0xa0, 0x0, 0x0,
    0xdf, 0xf0, 0x17, 0x72, 0x0, 0x0, 0x9, 0xff,
    0x0, 0x0, 0x0, 0x0, 0x0, 0xcf, 0xd0, 0x0,
    0x0, 0x0, 0x3, 0xaf, 0xf5, 0x0, 0x0, 0x4,
    0xff, 0xff, 0xc4, 0x0, 0x0, 0x0, 0x4f, 0xff,
    0xfd, 0x70, 0x0, 0x0, 0x0, 0x22, 0x4a, 0xff,
    0xc0, 0x0, 0x0, 0x0, 0x0, 0x8, 0xff, 0x60,
    0x0, 0x0, 0x0, 0x0, 0x1f, 0xf9, 0x6b, 0xb1,
    0x0, 0x0, 0x1, 0xff, 0xa6, 0xff, 0x90, 0x0,
    0x0, 0x9f, 0xf7, 0xe, 0xff, 0xb6, 0x46, 0xbf,
    0xfe, 0x0, 0x2d, 0xff, 0xff, 0xff, 0xfd, 0x20,
    0x0, 0x6, 0xbe, 0xfe, 0xb6, 0x0, 0x0,

    /* U+0034 "4" */
    0x0, 0x0, 0x0, 0x7, 0xff, 0xf2, 0x0, 0x0,
    0x0, 0x0, 0x2f, 0xff, 0xf2, 0x0, 0x0, 0x0,
    0x0, 0xbf, 0xff, 0xf2, 0x0, 0x0, 0x0, 0x5,
    0xff, 0xaf, 0xf2, 0x0, 0x0, 0x0, 0x1e, 0xfa,
    0x6f, 0xf2, 0x0, 0x0, 0x0, 0xaf, 0xe1, 0x6f,
    0xf2, 0x0, 0x0, 0x4, 0xff, 0x60, 0x6f, 0xf2,
    0x0, 0x0, 0xd, 0xfc, 0x0, 0x6f, 0xf2, 0x0,
    0x0, 0x8f, 0xf2, 0x0, 0x6f, 0xf2, 0x0, 0x2,
    0xff, 0x80, 0x0, 0x6f, 0xf2, 0x0, 0xc, 0xfd,
    0x0, 0x0, 0x6f, 0xf2, 0x0, 0x6f, 0xf8, 0x33,
    0x33, 0x8f, 0xf5, 0x31, 0xaf, 0xff, 0xff, 0xff,
    0xff, 0xff, 0xf7, 0xaf, 0xff, 0xff, 0xff, 0xff,
    0xff, 0xf7, 0x0, 0x0, 0x0, 0x0, 0x6f, 0xf2,
    0x0, 0x0, 0x0, 0x0, 0x0, 0x6f, 0xf2, 0x0,
    0x0, 0x0, 0x0, 0x0, 0x6f, 0xf2, 0x0,

    /* U+0035 "5" */
    0x6, 0xff, 0xff, 0xff, 0xff, 0xf4, 0x0, 0x8f,
    0xff, 0xff, 0xff, 0xff, 0x40, 0xa, 0xfd, 0x33,
    0x33, 0x33, 0x31, 0x0, 0xcf, 0xb0, 0x0, 0x0,
    0x0, 0x0, 0xd, 0xf9, 0x0, 0x0, 0x0, 0x0,
    0x0, 0xff, 0x70, 0x2, 0x0, 0x0, 0x0, 0x1f,
    0xf8, 0xbf, 0xff, 0xd5, 0x0, 0x3, 0xff, 0xff,
    0xff, 0xff, 0xf9, 0x0, 0x2b, 0xdb, 0x40, 0x5,
    0xdf, 0xf5, 0x0, 0x0, 0x0, 0x0, 0x1, 0xff,
    0xd0, 0x0, 0x0, 0x0, 0x0, 0x9, 0xff, 0x0,
    0x0, 0x0, 0x0, 0x0, 0x8f, 0xf1, 0x59, 0x90,
    0x0, 0x0, 0xa, 0xff, 0x6, 0xff, 0x60, 0x0,
    0x3, 0xff, 0xb0, 0xe, 0xff, 0x94, 0x48, 0xff,
    0xf3, 0x0, 0x3e, 0xff, 0xff, 0xff, 0xf5, 0x0,
    0x0, 0x17, 0xcf, 0xfd, 0x82, 0x0, 0x0,

    /* U+0036 "6" */
    0x0, 0x1, 0x8d, 0xff, 0xc7, 0x0, 0x0, 0x2,
    0xef, 0xff, 0xff, 0xfd, 0x20, 0x0, 0xef, 0xf9,
    0x55, 0xaf, 0xfd, 0x0, 0x8f, 0xf4, 0x0, 0x0,
    0x8f, 0xf5, 0xf, 0xfa, 0x0, 0x0, 0x0, 0x88,
    0x43, 0xff, 0x30, 0x0, 0x10, 0x0, 0x0, 0x7f,
    0xf0, 0x4c, 0xff, 0xfa, 0x20, 0x8, 0xff, 0x6f,
    0xff, 0xff, 0xff, 0x40, 0xaf, 0xff, 0xc4, 0x1,
    0x7f, 0xfe, 0x1a, 0xff, 0xd0, 0x0, 0x0, 0x6f,
    0xf7, 0x9f, 0xf6, 0x0, 0x0, 0x0, 0xef, 0xb7,
    0xff, 0x40, 0x0, 0x0, 0xd, 0xfc, 0x3f, 0xf7,
    0x0, 0x0, 0x0, 0xff, 0xa0, 0xdf, 0xe1, 0x0,
    0x0, 0x9f, 0xf5, 0x4, 0xff, 0xe6, 0x35, 0xbf,
    0xfc, 0x0, 0x6, 0xff, 0xff, 0xff, 0xfc, 0x10,
    0x0, 0x2, 0x9d, 0xfe, 0xc6, 0x0, 0x0,

    /* U+0037 "7" */
    0xff, 0xff, 0xff, 0xff, 0xff, 0xfa, 0xff, 0xff,
    0xff, 0xff, 0xff, 0xfa, 0x45, 0x55, 0x55, 0x55,
    0x8f, 0xf8, 0x0, 0x0, 0x0, 0x0, 0xcf, 0xf1,
    0x0, 0x0, 0x0, 0x4, 0xff, 0x80, 0x0, 0x0,
    0x0, 0xc, 0xfe, 0x10, 0x0, 0x0, 0x0, 0x5f,
    0xf7, 0x0, 0x0, 0x0, 0x0, 0xdf, 0xe0, 0x0,
    0x0, 0x0, 0x5, 0xff, 0x70, 0x0, 0x0, 0x0,
    0xd, 0xfe, 0x0, 0x0, 0x0, 0x0, 0x6f, 0xf6,
    0x0, 0x0, 0x0, 0x0, 0xef, 0xd0, 0x0, 0x0,
    0x0, 0x6, 0xff, 0x50, 0x0, 0x0, 0x0, 0xe,
    0xfd, 0x0, 0x0, 0x0, 0x0, 0x7f, 0xf5, 0x0,
    0x0, 0x0, 0x0, 0xef, 0xd0, 0x0, 0x0, 0x0,
    0x7, 0xff, 0x40, 0x0, 0x0, 0x0,

    /* U+0038 "8" */
    0x0, 0x5, 0xbe, 0xfe, 0xb5, 0x0, 0x0, 0xb,
    0xff, 0xff, 0xff, 0xfb, 0x0, 0x8, 0xff, 0xc5,
    0x34, 0xbf, 0xfa, 0x0, 0xef, 0xd0, 0x0, 0x0,
    0xcf, 0xf0, 0xf, 0xf9, 0x0, 0x0, 0x8, 0xff,
    0x10, 0xcf, 0xd0, 0x0, 0x0, 0xcf, 0xd0, 0x4,
    0xff, 0xb3, 0x13, 0xaf, 0xf4, 0x0, 0x3, 0xbf,
    0xff, 0xff, 0xc3, 0x0, 0x0, 0x9f, 0xff, 0xff,
    0xff, 0xa0, 0x0, 0xbf, 0xf9, 0x20, 0x28, 0xff,
    0xc0, 0x5f, 0xf8, 0x0, 0x0, 0x7, 0xff, 0x69,
    0xff, 0x10, 0x0, 0x0, 0xf, 0xfb, 0x9f, 0xf1,
    0x0, 0x0, 0x0, 0xff, 0xb7, 0xff, 0x80, 0x0,
    0x0, 0x6f, 0xf8, 0xe, 0xff, 0xa4, 0x24, 0x9f,
    0xff, 0x10, 0x2d, 0xff, 0xff, 0xff, 0xfe, 0x30,
    0x0, 0x6, 0xbe, 0xfe, 0xc7, 0x0, 0x0,

    /* U+0039 "9" */
    0x0, 0x5, 0xbe, 0xfe, 0xa3, 0x0, 0x0, 0xb,
    0xff, 0xff, 0xff, 0xf8, 0x0, 0xb, 0xff, 0xc5,
    0x46, 0xdf, 0xf6, 0x3, 0xff, 0xb0, 0x0, 0x0,
    0xdf, 0xe0, 0x8f, 0xf2, 0x0, 0x0, 0x4, 0xff,
    0x5a, 0xff, 0x0, 0x0, 0x0, 0x2f, 0xf9, 0x9f,
    0xf1, 0x0, 0x0, 0x4, 0xff, 0xb5, 0xff, 0x90,
    0x0, 0x0, 0xcf, 0xfc, 0xd, 0xff, 0xa3, 0x25,
    0xcf, 0xff, 0xc0, 0x2d, 0xff, 0xff, 0xff, 0x6c,
    0xfb, 0x0, 0x8, 0xdf, 0xeb, 0x30, 0xef, 0x90,
    0x0, 0x0, 0x0, 0x0, 0x1f, 0xf5, 0x4a, 0xa2,
    0x0, 0x0, 0x8, 0xff, 0x13, 0xff, 0xb0, 0x0,
    0x3, 0xff, 0xa0, 0xb, 0xff, 0xc6, 0x58, 0xff,
    0xf1, 0x0, 0x1c, 0xff, 0xff, 0xff, 0xe3, 0x0,
    0x0, 0x6, 0xce, 0xfd, 0x91, 0x0, 0x0,

    /* U+003A ":" */
    0x0, 0x52, 0x0, 0xdf, 0xf2, 0xf, 0xff, 0x50,
    0x8f, 0xb0, 0x0, 0x0, 0x0, 0x0, 0x0, 0x0,
    0x0, 0x0, 0x0, 0x0, 0x0, 0x0, 0x0, 0x5,
    0x20, 0xd, 0xff, 0x20, 0xff, 0xf5, 0x8, 0xfb,
    0x0,

    /* U+003B ";" */
    0x0, 0x43, 0x0, 0x8f, 0xf6, 0xb, 0xff, 0x90,
    0x4e, 0xd2, 0x0, 0x0, 0x0, 0x0, 0x0, 0x0,
    0x0, 0x0, 0x0, 0x0, 0x0, 0x0, 0x0, 0x0,
    0x0, 0x6, 0xbb, 0x20, 0xbf, 0xe0, 0xd, 0xfa,
    0x0, 0xff, 0x50, 0x2f, 0xf1, 0x4, 0xfc, 0x0,
    0x7f, 0x70, 0x0,

    /* U+003C "<" */
    0x0, 0x0, 0x0, 0x0, 0x0, 0x0, 0x0, 0x0,
    0x0, 0x0, 0x3, 0xa5, 0x0, 0x0, 0x0, 0x3,
    0xbf, 0xf5, 0x0, 0x0, 0x4, 0xcf, 0xff, 0xe3,
    0x0, 0x5, 0xdf, 0xff, 0xc5, 0x0, 0x6, 0xdf,
    0xff, 0xb3, 0x0, 0x0, 0xef, 0xff, 0x92, 0x0,
    0x0, 0x0, 0xff, 0xf8, 0x10, 0x0, 0x0, 0x0,
    0x7e, 0xff, 0xf9, 0x20, 0x0, 0x0, 0x0, 0x6d,
    0xff, 0xfb, 0x40, 0x0, 0x0, 0x0, 0x5d, 0xff,
    0xfd, 0x60, 0x0, 0x0, 0x0, 0x4c, 0xff, 0xf5,
    0x0, 0x0, 0x0, 0x0, 0x3b, 0xf5, 0x0, 0x0,
    0x0, 0x0, 0x0, 0x32,

    /* U+003D "=" */
    0x13, 0x33, 0x33, 0x33, 0x33, 0x31, 0x7f, 0xff,
    0xff, 0xff, 0xff, 0xf7, 0x7f, 0xff, 0xff, 0xff,
    0xff, 0xf7, 0x0, 0x0, 0x0, 0x0, 0x0, 0x0,
    0x0, 0x0, 0x0, 0x0, 0x0, 0x0, 0x13, 0x33,
    0x33, 0x33, 0x33, 0x31, 0x7f, 0xff, 0xff, 0xff,
    0xff, 0xf7, 0x7f, 0xff, 0xff, 0xff, 0xff, 0xf7,

    /* U+003E ">" */
    0x0, 0x0, 0x0, 0x0, 0x0, 0x0, 0x5a, 0x30,
    0x0, 0x0, 0x0, 0x0, 0x5f, 0xfb, 0x40, 0x0,
    0x0, 0x0, 0x3e, 0xff, 0xfc, 0x40, 0x0, 0x0,
    0x0, 0x5c, 0xff, 0xfd, 0x50, 0x0, 0x0, 0x0,
    0x3a, 0xff, 0xfd, 0x60, 0x0, 0x0, 0x0, 0x28,
    0xff, 0xfe, 0x0, 0x0, 0x0, 0x1, 0x8f, 0xff,
    0x0, 0x0, 0x2, 0x9f, 0xff, 0xe7, 0x0, 0x4,
    0xbf, 0xff, 0xd6, 0x0, 0x5, 0xdf, 0xff, 0xd5,
    0x0, 0x0, 0x5f, 0xff, 0xc4, 0x0, 0x0, 0x0,
    0x5f, 0xb3, 0x0, 0x0, 0x0, 0x0, 0x23, 0x0,
    0x0, 0x0, 0x0, 0x0,

    /* U+003F "?" */
    0x0, 0x5, 0xbe, 0xfd, 0x92, 0x0, 0x0, 0xbf,
    0xff, 0xff, 0xff, 0x40, 0x7, 0xff, 0xb4, 0x37,
    0xff, 0xf1, 0xd, 0xfd, 0x0, 0x0, 0x6f, 0xf5,
    0x8, 0x95, 0x0, 0x0, 0x3f, 0xf7, 0x0, 0x0,
    0x0, 0x0, 0x6f, 0xf5, 0x0, 0x0, 0x0, 0x5,
    0xff, 0xe0, 0x0, 0x0, 0x0, 0x9f, 0xfe, 0x20,
    0x0, 0x0, 0xc, 0xff, 0xa1, 0x0, 0x0, 0x0,
    0x3f, 0xf9, 0x0, 0x0, 0x0, 0x0, 0x6f, 0xf1,
    0x0, 0x0, 0x0, 0x0, 0x5b, 0xb0, 0x0, 0x0,
    0x0, 0x0, 0x0, 0x0, 0x0, 0x0, 0x0, 0x0,
    0x4, 0x20, 0x0, 0x0, 0x0, 0x0, 0xbf, 0xf3,
    0x0, 0x0, 0x0, 0x0, 0xef, 0xf7, 0x0, 0x0,
    0x0, 0x0, 0x6f, 0xc1, 0x0, 0x0,

    /* U+0040 "@" */
    0x0, 0x0, 0x0, 0x38, 0xce, 0xff, 0xec, 0x72,
    0x0, 0x0, 0x0, 0x0, 0x0, 0x2b, 0xff, 0xff,
    0xff, 0xff, 0xff, 0xa1, 0x0, 0x0, 0x0, 0x5,
    0xff, 0xf9, 0x41, 0x0, 0x13, 0x8f, 0xfe, 0x30,
    0x0, 0x0, 0x4f, 0xfd, 0x20, 0x0, 0x0, 0x0,
    0x1, 0xcf, 0xe2, 0x0, 0x1, 0xef, 0xc0, 0x0,
    0x0, 0x0, 0x0, 0x0, 0xc, 0xfc, 0x0, 0x8,
    0xff, 0x10, 0x0, 0x0, 0x0, 0x0, 0x0, 0x2,
    0xff, 0x40, 0xe, 0xf8, 0x0, 0x1, 0x9e, 0xfe,
    0x85, 0xb7, 0x0, 0x9f, 0xb0, 0x4f, 0xf2, 0x0,
    0x2e, 0xff, 0xff, 0xfe, 0xfa, 0x0, 0x4f, 0xf0,
    0x7f, 0xd0, 0x0, 0xcf, 0xd3, 0x2, 0x9f, 0xfa,
    0x0, 0x1f, 0xf2, 0x9f, 0xc0, 0x2, 0xff, 0x10,
    0x0, 0xb, 0xfa, 0x0, 0xf, 0xf3, 0xaf, 0xa0,
    0x6, 0xfb, 0x0, 0x0, 0x7, 0xfa, 0x0, 0xf,
    0xf3, 0xaf, 0xa0, 0x7, 0xf9, 0x0, 0x0, 0x7,
    0xfa, 0x0, 0xf, 0xf2, 0x9f, 0xb0, 0x6, 0xfb,
    0x0, 0x0, 0x8, 0xfa, 0x0, 0x1f, 0xf1, 0x7f,
    0xd0, 0x2, 0xff, 0x10, 0x0, 0xd, 0xfa, 0x0,
    0x4f, 0xd0, 0x4f, 0xf1, 0x0, 0xcf, 0xa0, 0x0,
    0x8f, 0xfd, 0x0, 0xbf, 0x80, 0xf, 0xf7, 0x0,
    0x2e, 0xff, 0xdf, 0xf8, 0xff, 0xee, 0xfe, 0x10,
    0x9, 0xfe, 0x10, 0x2, 0xae, 0xfd, 0x60, 0x3b,
    0xfe, 0xb2, 0x0, 0x1, 0xff, 0xb0, 0x0, 0x0,
    0x0, 0x0, 0x0, 0x0, 0x0, 0x0, 0x0, 0x5f,
    0xfc, 0x20, 0x0, 0x0, 0x0, 0x0, 0x0, 0x0,
    0x0, 0x0, 0x6, 0xff, 0xfa, 0x52, 0x0, 0x13,
    0x6b, 0x10, 0x0, 0x0, 0x0, 0x0, 0x3c, 0xff,
    0xff, 0xff, 0xff, 0xff, 0x70, 0x0, 0x0, 0x0,
    0x0, 0x0, 0x38, 0xbe, 0xff, 0xed, 0x95, 0x10,
    0x0, 0x0,

    /* U+0041 "A" */
    0x0, 0x0, 0x0, 0x5f, 0xff, 0x40, 0x0, 0x0,
    0x0, 0x0, 0x0, 0xb, 0xff, 0xfa, 0x0, 0x0,
    0x0, 0x0, 0x0, 0x1, 0xff, 0xaf, 0xf0, 0x0,
    0x0, 0x0, 0x0, 0x0, 0x7f, 0xf2, 0xff, 0x60,
    0x0, 0x0, 0x0, 0x0, 0xd, 0xfa, 0xc, 0xfc,
    0x0, 0x0, 0x0, 0x0, 0x3, 0xff, 0x50, 0x7f,
    0xf2, 0x0, 0x0, 0x0, 0x0, 0x9f, 0xf1, 0x2,
    0xff, 0x80, 0x0, 0x0, 0x0, 0xe, 0xfb, 0x0,
    0xc, 0xfe, 0x0, 0x0, 0x0, 0x4, 0xff, 0x50,
    0x0, 0x6f, 0xf4, 0x0, 0x0, 0x0, 0xaf, 0xf0,
    0x0, 0x1, 0xff, 0xa0, 0x0, 0x0, 0xf, 0xff,
    0xff, 0xff, 0xff, 0xff, 0x0, 0x0, 0x6, 0xff,
    0xff, 0xff, 0xff, 0xff, 0xf5, 0x0, 0x0, 0xcf,
    0xe2, 0x22, 0x22, 0x22, 0xff, 0xb0, 0x0, 0x2f,
    0xf9, 0x0, 0x0, 0x0, 0xa, 0xff, 0x10, 0x7,
    0xff, 0x40, 0x0, 0x0, 0x0, 0x4f, 0xf7, 0x0,
    0xdf, 0xf0, 0x0, 0x0, 0x0, 0x0, 0xff, 0xd0,
    0x3f, 0xfa, 0x0, 0x0, 0x0, 0x0, 0xa, 0xff,
    0x30,

    /* U+0042 "B" */
    0x1f, 0xff, 0xff, 0xff, 0xeb, 0x50, 0x0, 0x1f,
    0xff, 0xff, 0xff, 0xff, 0xfb, 0x0, 0x1f, 0xfb,
    0x33, 0x34, 0x7e, 0xff, 0x60, 0x1f, 0xf9, 0x0,
    0x0, 0x1, 0xff, 0xc0, 0x1f, 0xf9, 0x0, 0x0,
    0x0, 0xdf, 0xc0, 0x1f, 0xf9, 0x0, 0x0, 0x1,
    0xff, 0x90, 0x1f, 0xf9, 0x0, 0x0, 0x4d, 0xfe,
    0x10, 0x1f, 0xff, 0xff, 0xff, 0xff, 0x81, 0x0,
    0x1f, 0xff, 0xff, 0xff, 0xff, 0xf9, 0x0, 0x1f,
    0xf9, 0x0, 0x0, 0x2a, 0xff, 0xa0, 0x1f, 0xf9,
    0x0, 0x0, 0x0, 0xaf, 0xf3, 0x1f, 0xf9, 0x0,
    0x0, 0x0, 0x3f, 0xf7, 0x1f, 0xf9, 0x0, 0x0,
    0x0, 0x3f, 0xf8, 0x1f, 0xf9, 0x0, 0x0, 0x0,
    0x9f, 0xf5, 0x1f, 0xfb, 0x44, 0x44, 0x5a, 0xff,
    0xe0, 0x1f, 0xff, 0xff, 0xff, 0xff, 0xff, 0x40,
    0x1f, 0xff, 0xff, 0xff, 0xed, 0x81, 0x0,

    /* U+0043 "C" */
    0x0, 0x0, 0x28, 0xdf, 0xfd, 0xa5, 0x0, 0x0,
    0x0, 0x7, 0xff, 0xff, 0xff, 0xff, 0xc1, 0x0,
    0x0, 0x9f, 0xff, 0xb7, 0x69, 0xef, 0xfd, 0x10,
    0x5, 0xff, 0xd3, 0x0, 0x0, 0x9, 0xff, 0xa0,
    0xe, 0xff, 0x20, 0x0, 0x0, 0x0, 0xcf, 0xf1,
    0x4f, 0xf8, 0x0, 0x0, 0x0, 0x0, 0x49, 0x92,
    0x7f, 0xf3, 0x0, 0x0, 0x0, 0x0, 0x0, 0x0,
    0x9f, 0xf1, 0x0, 0x0, 0x0, 0x0, 0x0, 0x0,
    0xaf, 0xf0, 0x0, 0x0, 0x0, 0x0, 0x0, 0x0,
    0x9f, 0xf1, 0x0, 0x0, 0x0, 0x0, 0x0, 0x0,
    0x7f, 0xf3, 0x0, 0x0, 0x0, 0x0, 0x0, 0x0,
    0x4f, 0xf8, 0x0, 0x0, 0x0, 0x0, 0x4a, 0xa3,
    0xe, 0xff, 0x20, 0x0, 0x0, 0x0, 0xcf, 0xf1,
    0x5, 0xff, 0xd2, 0x0, 0x0, 0x9, 0xff, 0x90,
    0x0, 0x9f, 0xff, 0xb7, 0x69, 0xef, 0xfd, 0x10,
    0x0, 0x7, 0xff, 0xff, 0xff, 0xff, 0xb1, 0x0,
    0x0, 0x0, 0x29, 0xdf, 0xfd, 0xa4, 0x0, 0x0,

    /* U+0044 "D" */
    0x1f, 0xff, 0xff, 0xff, 0xda, 0x40, 0x0, 0x0,
    0x1f, 0xff, 0xff, 0xff, 0xff, 0xfb, 0x10, 0x0,
    0x1f, 0xfb, 0x44, 0x45, 0x8d, 0xff, 0xe1, 0x0,
    0x1f, 0xf9, 0x0, 0x0, 0x0, 0x8f, 0xfb, 0x0,
    0x1f, 0xf9, 0x0, 0x0, 0x0, 0xa, 0xff, 0x30,
    0x1f, 0xf9, 0x0, 0x0, 0x0, 0x2, 0xff, 0x90,
    0x1f, 0xf9, 0x0, 0x0, 0x0, 0x0, 0xdf, 0xd0,
    0x1f, 0xf9, 0x0, 0x0, 0x0, 0x0, 0xaf, 0xe0,
    0x1f, 0xf9, 0x0, 0x0, 0x0, 0x0, 0xaf, 0xf0,
    0x1f, 0xf9, 0x0, 0x0, 0x0, 0x0, 0xaf, 0xe0,
    0x1f, 0xf9, 0x0, 0x0, 0x0, 0x0, 0xdf, 0xc0,
    0x1f, 0xf9, 0x0, 0x0, 0x0, 0x2, 0xff, 0x90,
    0x1f, 0xf9, 0x0, 0x0, 0x0, 0xa, 0xff, 0x30,
    0x1f, 0xf9, 0x0, 0x0, 0x0, 0x8f, 0xfb, 0x0,
    0x1f, 0xfb, 0x44, 0x45, 0x8e, 0xff, 0xd1, 0x0,
    0x1f, 0xff, 0xff, 0xff, 0xff, 0xfb, 0x10, 0x0,
    0x1f, 0xff, 0xff, 0xff, 0xd9, 0x40, 0x0, 0x0,

    /* U+0045 "E" */
    0x1f, 0xff, 0xff, 0xff, 0xff, 0xfe, 0x1f, 0xff,
    0xff, 0xff, 0xff, 0xfe, 0x1f, 0xfb, 0x44, 0x44,
    0x44, 0x43, 0x1f, 0xf9, 0x0, 0x0, 0x0, 0x0,
    0x1f, 0xf9, 0x0, 0x0, 0x0, 0x0, 0x1f, 0xf9,
    0x0, 0x0, 0x0, 0x0, 0x1f, 0xf9, 0x0, 0x0,
    0x0, 0x0, 0x1f, 0xff, 0xff, 0xff, 0xff, 0xf5,
    0x1f, 0xff, 0xff, 0xff, 0xff, 0xf5, 0x1f, 0xfb,
    0x44, 0x44, 0x44, 0x41, 0x1f, 0xf9, 0x0, 0x0,
    0x0, 0x0, 0x1f, 0xf9, 0x0, 0x0, 0x0, 0x0,
    0x1f, 0xf9, 0x0, 0x0, 0x0, 0x0, 0x1f, 0xf9,
    0x0, 0x0, 0x0, 0x0, 0x1f, 0xfb, 0x44, 0x44,
    0x44, 0x44, 0x1f, 0xff, 0xff, 0xff, 0xff, 0xff,
    0x1f, 0xff, 0xff, 0xff, 0xff, 0xff,

    /* U+0046 "F" */
    0x1f, 0xff, 0xff, 0xff, 0xff, 0xfc, 0x1f, 0xff,
    0xff, 0xff, 0xff, 0xfc, 0x1f, 0xfb, 0x44, 0x44,
    0x44, 0x43, 0x1f, 0xf9, 0x0, 0x0, 0x0, 0x0,
    0x1f, 0xf9, 0x0, 0x0, 0x0, 0x0, 0x1f, 0xf9,
    0x0, 0x0, 0x0, 0x0, 0x1f, 0xf9, 0x0, 0x0,
    0x0, 0x0, 0x1f, 0xfb, 0x33, 0x33, 0x33, 0x30,
    0x1f, 0xff, 0xff, 0xff, 0xff, 0xf0, 0x1f, 0xff,
    0xff, 0xff, 0xff, 0xf0, 0x1f, 0xf9, 0x0, 0x0,
    0x0, 0x0, 0x1f, 0xf9, 0x0, 0x0, 0x0, 0x0,
    0x1f, 0xf9, 0x0, 0x0, 0x0, 0x0, 0x1f, 0xf9,
    0x0, 0x0, 0x0, 0x0, 0x1f, 0xf9, 0x0, 0x0,
    0x0, 0x0, 0x1f, 0xf9, 0x0, 0x0, 0x0, 0x0,
    0x1f, 0xf9, 0x0, 0x0, 0x0, 0x0,

    /* U+0047 "G" */
    0x0, 0x0, 0x29, 0xdf, 0xfd, 0xa5, 0x0, 0x0,
    0x0, 0x7, 0xff, 0xff, 0xff, 0xff, 0xc1, 0x0,
    0x0, 0x9f, 0xff, 0xb7, 0x69, 0xef, 0xfe, 0x10,
    0x5, 0xff, 0xd2, 0x0, 0x0, 0x9, 0xff, 0xb0,
    0xe, 0xff, 0x20, 0x0, 0x0, 0x0, 0xcf, 0xf2,
    0x4f, 0xf8, 0x0, 0x0, 0x0, 0x0, 0x25, 0x51,
    0x7f, 0xf3, 0x0, 0x0, 0x0, 0x0, 0x0, 0x0,
    0x9f, 0xf1, 0x0, 0x0, 0x0, 0x0, 0x0, 0x0,
    0xaf, 0xf0, 0x0, 0x0, 0x5f, 0xff, 0xff, 0xf9,
    0x9f, 0xf1, 0x0, 0x0, 0x5f, 0xff, 0xff, 0xf8,
    0x7f, 0xf3, 0x0, 0x0, 0x2, 0x22, 0x3f, 0xf7,
    0x3f, 0xf8, 0x0, 0x0, 0x0, 0x0, 0x4f, 0xf6,
    0xe, 0xff, 0x20, 0x0, 0x0, 0x0, 0xaf, 0xf1,
    0x5, 0xff, 0xd2, 0x0, 0x0, 0x8, 0xff, 0xa0,
    0x0, 0xaf, 0xff, 0xb7, 0x68, 0xdf, 0xfe, 0x10,
    0x0, 0x7, 0xff, 0xff, 0xff, 0xff, 0xc2, 0x0,
    0x0, 0x0, 0x29, 0xdf, 0xfd, 0xb5, 0x0, 0x0,

    /* U+0048 "H" */
    0x1f, 0xf9, 0x0, 0x0, 0x0, 0x0, 0xcf, 0xf1,
    0xff, 0x90, 0x0, 0x0, 0x0, 0xc, 0xff, 0x1f,
    0xf9, 0x0, 0x0, 0x0, 0x0, 0xcf, 0xf1, 0xff,
    0x90, 0x0, 0x0, 0x0, 0xc, 0xff, 0x1f, 0xf9,
    0x0, 0x0, 0x0, 0x0, 0xcf, 0xf1, 0xff, 0x90,
    0x0, 0x0, 0x0, 0xc, 0xff, 0x1f, 0xf9, 0x0,
    0x0, 0x0, 0x0, 0xcf, 0xf1, 0xff, 0xff, 0xff,
    0xff, 0xff, 0xff, 0xff, 0x1f, 0xff, 0xff, 0xff,
    0xff, 0xff, 0xff, 0xf1, 0xff, 0xb4, 0x44, 0x44,
    0x44, 0x4d, 0xff, 0x1f, 0xf9, 0x0, 0x0, 0x0,
    0x0, 0xcf, 0xf1, 0xff, 0x90, 0x0, 0x0, 0x0,
    0xc, 0xff, 0x1f, 0xf9, 0x0, 0x0, 0x0, 0x0,
    0xcf, 0xf1, 0xff, 0x90, 0x0, 0x0, 0x0, 0xc,
    0xff, 0x1f, 0xf9, 0x0, 0x0, 0x0, 0x0, 0xcf,
    0xf1, 0xff, 0x90, 0x0, 0x0, 0x0, 0xc, 0xff,
    0x1f, 0xf9, 0x0, 0x0, 0x0, 0x0, 0xcf, 0xf0,

    /* U+0049 "I" */
    0x1f, 0xf9, 0x1f, 0xf9, 0x1f, 0xf9, 0x1f, 0xf9,
    0x1f, 0xf9, 0x1f, 0xf9, 0x1f, 0xf9, 0x1f, 0xf9,
    0x1f, 0xf9, 0x1f, 0xf9, 0x1f, 0xf9, 0x1f, 0xf9,
    0x1f, 0xf9, 0x1f, 0xf9, 0x1f, 0xf9, 0x1f, 0xf9,
    0x1f, 0xf9,

    /* U+004A "J" */
    0x0, 0x0, 0x0, 0x0, 0xcf, 0xe0, 0x0, 0x0,
    0x0, 0xc, 0xfe, 0x0, 0x0, 0x0, 0x0, 0xcf,
    0xe0, 0x0, 0x0, 0x0, 0xc, 0xfe, 0x0, 0x0,
    0x0, 0x0, 0xcf, 0xe0, 0x0, 0x0, 0x0, 0xc,
    0xfe, 0x0, 0x0, 0x0, 0x0, 0xcf, 0xe0, 0x0,
    0x0, 0x0, 0xc, 0xfe, 0x0, 0x0, 0x0, 0x0,
    0xcf, 0xe0, 0x0, 0x0, 0x0, 0xc, 0xfe, 0x1,
    0x0, 0x0, 0x0, 0xcf, 0xef, 0xfb, 0x0, 0x0,
    0xc, 0xfd, 0xef, 0xd0, 0x0, 0x0, 0xef, 0xdb,
    0xff, 0x20, 0x0, 0x3f, 0xfa, 0x5f, 0xfe, 0x64,
    0x6e, 0xff, 0x40, 0x9f, 0xff, 0xff, 0xff, 0x80,
    0x0, 0x5b, 0xef, 0xeb, 0x40, 0x0,

    /* U+004B "K" */
    0x1f, 0xf9, 0x0, 0x0, 0x0, 0x2e, 0xff, 0x51,
    0xff, 0x90, 0x0, 0x0, 0x1e, 0xff, 0x60, 0x1f,
    0xf9, 0x0, 0x0, 0x1d, 0xff, 0x70, 0x1, 0xff,
    0x90, 0x0, 0xc, 0xff, 0x80, 0x0, 0x1f, 0xf9,
    0x0, 0xc, 0xff, 0x90, 0x0, 0x1, 0xff, 0x90,
    0xb, 0xff, 0xa0, 0x0, 0x0, 0x1f, 0xf9, 0x9,
    0xff, 0xb0, 0x0, 0x0, 0x1, 0xff, 0x96, 0xff,
    0xf2, 0x0, 0x0, 0x0, 0x1f, 0xfc, 0xff, 0xff,
    0xb0, 0x0, 0x0, 0x1, 0xff, 0xff, 0xaa, 0xff,
    0x70, 0x0, 0x0, 0x1f, 0xff, 0xb0, 0x1e, 0xff,
    0x30, 0x0, 0x1, 0xff, 0xc0, 0x0, 0x3f, 0xfd,
    0x0, 0x0, 0x1f, 0xf9, 0x0, 0x0, 0x8f, 0xf9,
    0x0, 0x1, 0xff, 0x90, 0x0, 0x0, 0xcf, 0xf5,
    0x0, 0x1f, 0xf9, 0x0, 0x0, 0x2, 0xff, 0xe1,
    0x1, 0xff, 0x90, 0x0, 0x0, 0x6, 0xff, 0xc0,
    0x1f, 0xf9, 0x0, 0x0, 0x0, 0xa, 0xff, 0x70,

    /* U+004C "L" */
    0x1f, 0xf9, 0x0, 0x0, 0x0, 0x0, 0x1f, 0xf9,
    0x0, 0x0, 0x0, 0x0, 0x1f, 0xf9, 0x0, 0x0,
    0x0, 0x0, 0x1f, 0xf9, 0x0, 0x0, 0x0, 0x0,
    0x1f, 0xf9, 0x0, 0x0, 0x0, 0x0, 0x1f, 0xf9,
    0x0, 0x0, 0x0, 0x0, 0x1f, 0xf9, 0x0, 0x0,
    0x0, 0x0, 0x1f, 0xf9, 0x0, 0x0, 0x0, 0x0,
    0x1f, 0xf9, 0x0, 0x0, 0x0, 0x0, 0x1f, 0xf9,
    0x0, 0x0, 0x0, 0x0, 0x1f, 0xf9, 0x0, 0x0,
    0x0, 0x0, 0x1f, 0xf9, 0x0, 0x0, 0x0, 0x0,
    0x1f, 0xf9, 0x0, 0x0, 0x0, 0x0, 0x1f, 0xf9,
    0x0, 0x0, 0x0, 0x0, 0x1f, 0xfb, 0x44, 0x44,
    0x44, 0x42, 0x1f, 0xff, 0xff, 0xff, 0xff, 0xf8,
    0x1f, 0xff, 0xff, 0xff, 0xff, 0xf8,

    /* U+004D "M" */
    0x1f, 0xff, 0xf1, 0x0, 0x0, 0x0, 0x0, 0x2f,
    0xff, 0xf1, 0xff, 0xff, 0x70, 0x0, 0x0, 0x0,
    0x9, 0xff, 0xff, 0x1f, 0xff, 0xfd, 0x0, 0x0,
    0x0, 0x0, 0xef, 0xff, 0xf1, 0xff, 0xbf, 0xf3,
    0x0, 0x0, 0x0, 0x5f, 0xfb, 0xff, 0x1f, 0xf7,
    0xef, 0xa0, 0x0, 0x0, 0xb, 0xfc, 0xaf, 0xf1,
    0xff, 0x7a, 0xff, 0x0, 0x0, 0x1, 0xff, 0x7a,
    0xff, 0x1f, 0xf8, 0x4f, 0xf6, 0x0, 0x0, 0x7f,
    0xf2, 0xaf, 0xf1, 0xff, 0x80, 0xef, 0xc0, 0x0,
    0xd, 0xfc, 0xa, 0xff, 0x1f, 0xf8, 0x8, 0xff,
    0x30, 0x4, 0xff, 0x60, 0xaf, 0xf1, 0xff, 0x80,
    0x2f, 0xf9, 0x0, 0xaf, 0xf1, 0xa, 0xff, 0x1f,
    0xf8, 0x0, 0xcf, 0xe0, 0xf, 0xfa, 0x0, 0xaf,
    0xf1, 0xff, 0x80, 0x5, 0xff, 0x34, 0xff, 0x30,
    0xa, 0xff, 0x1f, 0xf8, 0x0, 0xe, 0xf8, 0x9f,
    0xd0, 0x0, 0xaf, 0xf1, 0xff, 0x80, 0x0, 0x9f,
    0xcd, 0xf7, 0x0, 0xa, 0xff, 0x1f, 0xf8, 0x0,
    0x2, 0xff, 0xff, 0x10, 0x0, 0xaf, 0xf1, 0xff,
    0x80, 0x0, 0xc, 0xff, 0xa0, 0x0, 0xa, 0xff,
    0x1f, 0xf8, 0x0, 0x0, 0x6f, 0xf4, 0x0, 0x0,
    0xaf, 0xf0,

    /* U+004E "N" */
    0x1f, 0xff, 0x50, 0x0, 0x0, 0x0, 0x7f, 0xf3,
    0x1f, 0xff, 0xe1, 0x0, 0x0, 0x0, 0x7f, 0xf3,
    0x1f, 0xff, 0xfa, 0x0, 0x0, 0x0, 0x7f, 0xf3,
    0x1f, 0xfd, 0xff, 0x40, 0x0, 0x0, 0x7f, 0xf3,
    0x1f, 0xf8, 0xcf, 0xe0, 0x0, 0x0, 0x7f, 0xf3,
    0x1f, 0xf8, 0x3f, 0xf9, 0x0, 0x0, 0x7f, 0xf3,
    0x1f, 0xf9, 0xa, 0xff, 0x30, 0x0, 0x7f, 0xf3,
    0x1f, 0xfa, 0x1, 0xff, 0xd0, 0x0, 0x7f, 0xf3,
    0x1f, 0xfa, 0x0, 0x6f, 0xf8, 0x0, 0x7f, 0xf3,
    0x1f, 0xfa, 0x0, 0xc, 0xff, 0x30, 0x7f, 0xf3,
    0x1f, 0xfa, 0x0, 0x2, 0xff, 0xc0, 0x7f, 0xf3,
    0x1f, 0xfa, 0x0, 0x0, 0x7f, 0xf6, 0x7f, 0xf3,
    0x1f, 0xfa, 0x0, 0x0, 0xc, 0xfe, 0x7f, 0xf3,
    0x1f, 0xfa, 0x0, 0x0, 0x2, 0xff, 0xdf, 0xf3,
    0x1f, 0xfa, 0x0, 0x0, 0x0, 0x8f, 0xff, 0xf3,
    0x1f, 0xfa, 0x0, 0x0, 0x0, 0xd, 0xff, 0xf3,
    0x1f, 0xfa, 0x0, 0x0, 0x0, 0x3, 0xff, 0xf3,

    /* U+004F "O" */
    0x0, 0x0, 0x28, 0xdf, 0xfe, 0xa5, 0x0, 0x0,
    0x0, 0x0, 0x7f, 0xff, 0xff, 0xff, 0xfc, 0x10,
    0x0, 0x0, 0x9f, 0xff, 0xb7, 0x69, 0xef, 0xfe,
    0x10, 0x0, 0x5f, 0xfd, 0x20, 0x0, 0x0, 0x9f,
    0xfb, 0x0, 0xe, 0xff, 0x20, 0x0, 0x0, 0x0,
    0xbf, 0xf4, 0x4, 0xff, 0x80, 0x0, 0x0, 0x0,
    0x2, 0xff, 0xa0, 0x7f, 0xf3, 0x0, 0x0, 0x0,
    0x0, 0xd, 0xfe, 0x9, 0xff, 0x10, 0x0, 0x0,
    0x0, 0x0, 0xaf, 0xf0, 0xaf, 0xf0, 0x0, 0x0,
    0x0, 0x0, 0x9, 0xff, 0x19, 0xff, 0x10, 0x0,
    0x0, 0x0, 0x0, 0xaf, 0xf0, 0x7f, 0xf3, 0x0,
    0x0, 0x0, 0x0, 0xd, 0xfe, 0x4, 0xff, 0x80,
    0x0, 0x0, 0x0, 0x2, 0xff, 0xa0, 0xe, 0xff,
    0x20, 0x0, 0x0, 0x0, 0xbf, 0xf4, 0x0, 0x5f,
    0xfd, 0x20, 0x0, 0x0, 0x9f, 0xfb, 0x0, 0x0,
    0x9f, 0xff, 0xb7, 0x69, 0xef, 0xfe, 0x10, 0x0,
    0x0, 0x7f, 0xff, 0xff, 0xff, 0xfc, 0x10, 0x0,
    0x0, 0x0, 0x28, 0xdf, 0xfe, 0xb5, 0x0, 0x0,
    0x0,

    /* U+0050 "P" */
    0x1f, 0xff, 0xff, 0xff, 0xda, 0x40, 0x0, 0x1f,
    0xff, 0xff, 0xff, 0xff, 0xf9, 0x0, 0x1f, 0xfb,
    0x33, 0x34, 0x7e, 0xff, 0x60, 0x1f, 0xf9, 0x0,
    0x0, 0x2, 0xff, 0xd0, 0x1f, 0xf9, 0x0, 0x0,
    0x0, 0xaf, 0xf1, 0x1f, 0xf9, 0x0, 0x0, 0x0,
    0x8f, 0xf3, 0x1f, 0xf9, 0x0, 0x0, 0x0, 0xaf,
    0xf1, 0x1f, 0xf9, 0x0, 0x0, 0x2, 0xff, 0xd0,
    0x1f, 0xfb, 0x33, 0x34, 0x7e, 0xff, 0x60, 0x1f,
    0xff, 0xff, 0xff, 0xff, 0xf9, 0x0, 0x1f, 0xff,
    0xff, 0xff, 0xda, 0x40, 0x0, 0x1f, 0xf9, 0x0,
    0x0, 0x0, 0x0, 0x0, 0x1f, 0xf9, 0x0, 0x0,
    0x0, 0x0, 0x0, 0x1f, 0xf9, 0x0, 0x0, 0x0,
    0x0, 0x0, 0x1f, 0xf9, 0x0, 0x0, 0x0, 0x0,
    0x0, 0x1f, 0xf9, 0x0, 0x0, 0x0, 0x0, 0x0,
    0x1f, 0xf9, 0x0, 0x0, 0x0, 0x0, 0x0,

    /* U+0051 "Q" */
    0x0, 0x0, 0x28, 0xdf, 0xfe, 0xa5, 0x0, 0x0,
    0x0, 0x0, 0x7f, 0xff, 0xff, 0xff, 0xfc, 0x10,
    0x0, 0x0, 0x9f, 0xff, 0xb7, 0x69, 0xef, 0xfe,
    0x10, 0x0, 0x5f, 0xfd, 0x20, 0x0, 0x0, 0x9f,
    0xfb, 0x0, 0xe, 0xff, 0x20, 0x0, 0x0, 0x0,
    0xbf, 0xf4, 0x4, 0xff, 0x80, 0x0, 0x0, 0x0,
    0x2, 0xff, 0xa0, 0x7f, 0xf3, 0x0, 0x0, 0x0,
    0x0, 0xd, 0xfe, 0x9, 0xff, 0x10, 0x0, 0x0,
    0x0, 0x0, 0xaf, 0xf0, 0xaf, 0xf0, 0x0, 0x0,
    0x0, 0x0, 0x9, 0xff, 0x9, 0xff, 0x10, 0x0,
    0x0, 0x0, 0x0, 0xaf, 0xf0, 0x7f, 0xf3, 0x0,
    0x0, 0x0, 0x0, 0xd, 0xfe, 0x4, 0xff, 0x80,
    0x0, 0x39, 0x91, 0x2, 0xff, 0x90, 0xe, 0xff,
    0x20, 0x0, 0xbf, 0xc0, 0xaf, 0xf4, 0x0, 0x5f,
    0xfd, 0x20, 0x1, 0xdf, 0xdf, 0xfb, 0x0, 0x0,
    0x9f, 0xff, 0xb7, 0x6b, 0xff, 0xfd, 0x10, 0x0,
    0x0, 0x7f, 0xff, 0xff, 0xff, 0xff, 0x50, 0x0,
    0x0, 0x0, 0x28, 0xdf, 0xfe, 0xab, 0xfe, 0x10,
    0x0, 0x0, 0x0, 0x0, 0x0, 0x0, 0xd, 0xfb,
    0x0, 0x0, 0x0, 0x0, 0x0, 0x0, 0x0, 0x28,
    0x82, 0x0,

    /* U+0052 "R" */
    0x1f, 0xff, 0xff, 0xff, 0xea, 0x50, 0x0, 0x1f,
    0xff, 0xff, 0xff, 0xff, 0xfb, 0x0, 0x1f, 0xfb,
    0x33, 0x34, 0x7d, 0xff, 0x80, 0x1f, 0xf9, 0x0,
    0x0, 0x1, 0xef, 0xe0, 0x1f, 0xf9, 0x0, 0x0,
    0x0, 0x9f, 0xf2, 0x1f, 0xf9, 0x0, 0x0, 0x0,
    0x8f, 0xf2, 0x1f, 0xf9, 0x0, 0x0, 0x0, 0xcf,
    0xf0, 0x1f, 0xf9, 0x0, 0x0, 0x3a, 0xff, 0xa0,
    0x1f, 0xff, 0xff, 0xff, 0xff, 0xfd, 0x10, 0x1f,
    0xff, 0xff, 0xff, 0xff, 0x91, 0x0, 0x1f, 0xfb,
    0x33, 0x39, 0xff, 0x60, 0x0, 0x1f, 0xf9, 0x0,
    0x1, 0xff, 0xe0, 0x0, 0x1f, 0xf9, 0x0, 0x0,
    0x7f, 0xf7, 0x0, 0x1f, 0xf9, 0x0, 0x0, 0xe,
    0xff, 0x10, 0x1f, 0xf9, 0x0, 0x0, 0x7, 0xff,
    0x80, 0x1f, 0xf9, 0x0, 0x0, 0x0, 0xef, 0xf1,
    0x1f, 0xf9, 0x0, 0x0, 0x0, 0x6f, 0xf9,

    /* U+0053 "S" */
    0x0, 0x4, 0xad, 0xff, 0xd9, 0x20, 0x0, 0x0,
    0xaf, 0xff, 0xff, 0xff, 0xf7, 0x0, 0x9, 0xff,
    0xd7, 0x55, 0x8f, 0xff, 0x50, 0x1f, 0xfc, 0x0,
    0x0, 0x2, 0xff, 0xd0, 0x3f, 0xf7, 0x0, 0x0,
    0x0, 0x69, 0x90, 0x2f, 0xfa, 0x0, 0x0, 0x0,
    0x0, 0x0, 0xd, 0xff, 0xb2, 0x0, 0x0, 0x0,
    0x0, 0x2, 0xdf, 0xff, 0xd9, 0x50, 0x0, 0x0,
    0x0, 0x6, 0xcf, 0xff, 0xff, 0x91, 0x0, 0x0,
    0x0, 0x1, 0x6a, 0xff, 0xff, 0x30, 0x0, 0x0,
    0x0, 0x0, 0x6, 0xff, 0xd0, 0x0, 0x0, 0x0,
    0x0, 0x0, 0x8f, 0xf2, 0x9e, 0xe1, 0x0, 0x0,
    0x0, 0x7f, 0xf3, 0x7f, 0xf9, 0x0, 0x0, 0x1,
    0xdf, 0xf0, 0x1e, 0xff, 0xc7, 0x56, 0x9f, 0xff,
    0x80, 0x3, 0xef, 0xff, 0xff, 0xff, 0xfa, 0x0,
    0x0, 0x6, 0xbe, 0xff, 0xd9, 0x30, 0x0,

    /* U+0054 "T" */
    0xff, 0xff, 0xff, 0xff, 0xff, 0xff, 0xf9, 0xff,
    0xff, 0xff, 0xff, 0xff, 0xff, 0xf9, 0x34, 0x44,
    0x4a, 0xff, 0x64, 0x44, 0x42, 0x0, 0x0, 0x8,
    0xff, 0x30, 0x0, 0x0, 0x0, 0x0, 0x8, 0xff,
    0x30, 0x0, 0x0, 0x0, 0x0, 0x8, 0xff, 0x30,
    0x0, 0x0, 0x0, 0x0, 0x8, 0xff, 0x30, 0x0,
    0x0, 0x0, 0x0, 0x8, 0xff, 0x30, 0x0, 0x0,
    0x0, 0x0, 0x8, 0xff, 0x30, 0x0, 0x0, 0x0,
    0x0, 0x8, 0xff, 0x30, 0x0, 0x0, 0x0, 0x0,
    0x8, 0xff, 0x30, 0x0, 0x0, 0x0, 0x0, 0x8,
    0xff, 0x30, 0x0, 0x0, 0x0, 0x0, 0x8, 0xff,
    0x30, 0x0, 0x0, 0x0, 0x0, 0x8, 0xff, 0x30,
    0x0, 0x0, 0x0, 0x0, 0x8, 0xff, 0x30, 0x0,
    0x0, 0x0, 0x0, 0x8, 0xff, 0x30, 0x0, 0x0,
    0x0, 0x0, 0x8, 0xff, 0x30, 0x0, 0x0,

    /* U+0055 "U" */
    0x1f, 0xf9, 0x0, 0x0, 0x0, 0x0, 0xdf, 0xd1,
    0xff, 0x90, 0x0, 0x0, 0x0, 0xd, 0xfd, 0x1f,
    0xf9, 0x0, 0x0, 0x0, 0x0, 0xdf, 0xd1, 0xff,
    0x90, 0x0, 0x0, 0x0, 0xd, 0xfd, 0x1f, 0xf9,
    0x0, 0x0, 0x0, 0x0, 0xdf, 0xd1, 0xff, 0x90,
    0x0, 0x0, 0x0, 0xd, 0xfd, 0x1f, 0xf9, 0x0,
    0x0, 0x0, 0x0, 0xdf, 0xd1, 0xff, 0x90, 0x0,
    0x0, 0x0, 0xd, 0xfd, 0x1f, 0xf9, 0x0, 0x0,
    0x0, 0x0, 0xdf, 0xd1, 0xff, 0x90, 0x0, 0x0,
    0x0, 0xd, 0xfd, 0x1f, 0xf9, 0x0, 0x0, 0x0,
    0x0, 0xdf, 0xd0, 0xff, 0xb0, 0x0, 0x0, 0x0,
    0xe, 0xfc, 0xd, 0xff, 0x10, 0x0, 0x0, 0x4,
    0xff, 0x90, 0x7f, 0xfb, 0x0, 0x0, 0x2, 0xef,
    0xf3, 0x0, 0xcf, 0xfe, 0x86, 0x69, 0xff, 0xf9,
    0x0, 0x1, 0xbf, 0xff, 0xff, 0xff, 0xf9, 0x0,
    0x0, 0x0, 0x5a, 0xdf, 0xfd, 0x93, 0x0, 0x0,

    /* U+0056 "V" */
    0x3f, 0xfa, 0x0, 0x0, 0x0, 0x0, 0xa, 0xff,
    0x30, 0xdf, 0xf0, 0x0, 0x0, 0x0, 0x0, 0xff,
    0xd0, 0x7, 0xff, 0x60, 0x0, 0x0, 0x0, 0x5f,
    0xf8, 0x0, 0x1f, 0xfb, 0x0, 0x0, 0x0, 0xb,
    0xff, 0x20, 0x0, 0xbf, 0xf1, 0x0, 0x0, 0x1,
    0xff, 0xc0, 0x0, 0x5, 0xff, 0x70, 0x0, 0x0,
    0x6f, 0xf6, 0x0, 0x0, 0xf, 0xfd, 0x0, 0x0,
    0xb, 0xff, 0x10, 0x0, 0x0, 0x9f, 0xf2, 0x0,
    0x1, 0xff, 0xa0, 0x0, 0x0, 0x3, 0xff, 0x80,
    0x0, 0x7f, 0xf4, 0x0, 0x0, 0x0, 0xd, 0xfe,
    0x0, 0xc, 0xfe, 0x0, 0x0, 0x0, 0x0, 0x8f,
    0xf3, 0x1, 0xff, 0x90, 0x0, 0x0, 0x0, 0x2,
    0xff, 0x80, 0x6f, 0xf3, 0x0, 0x0, 0x0, 0x0,
    0xc, 0xfd, 0xb, 0xfd, 0x0, 0x0, 0x0, 0x0,
    0x0, 0x6f, 0xf3, 0xff, 0x70, 0x0, 0x0, 0x0,
    0x0, 0x0, 0xff, 0xcf, 0xf1, 0x0, 0x0, 0x0,
    0x0, 0x0, 0xa, 0xff, 0xfb, 0x0, 0x0, 0x0,
    0x0, 0x0, 0x0, 0x4f, 0xff, 0x50, 0x0, 0x0,
    0x0,

    /* U+0057 "W" */
    0x4f, 0xf8, 0x0, 0x0, 0x0, 0x8f, 0xfa, 0x0,
    0x0, 0x0, 0x7f, 0xf5, 0xf, 0xfc, 0x0, 0x0,
    0x0, 0xdf, 0xfe, 0x0, 0x0, 0x0, 0xcf, 0xf1,
    0xb, 0xff, 0x10, 0x0, 0x1, 0xff, 0xff, 0x20,
    0x0, 0x0, 0xff, 0xc0, 0x6, 0xff, 0x50, 0x0,
    0x5, 0xfe, 0xef, 0x60, 0x0, 0x4, 0xff, 0x70,
    0x2, 0xff, 0x90, 0x0, 0x9, 0xfb, 0xbf, 0xa0,
    0x0, 0x8, 0xff, 0x30, 0x0, 0xef, 0xd0, 0x0,
    0xe, 0xf8, 0x7f, 0xe0, 0x0, 0xc, 0xfe, 0x0,
    0x0, 0x9f, 0xf1, 0x0, 0x2f, 0xf4, 0x3f, 0xf3,
    0x0, 0xf, 0xfa, 0x0, 0x0, 0x5f, 0xf5, 0x0,
    0x6f, 0xf0, 0xf, 0xf7, 0x0, 0x4f, 0xf5, 0x0,
    0x0, 0xf, 0xf9, 0x0, 0xaf, 0xc0, 0xb, 0xfb,
    0x0, 0x8f, 0xf1, 0x0, 0x0, 0xc, 0xfd, 0x0,
    0xef, 0x70, 0x6, 0xff, 0x0, 0xcf, 0xd0, 0x0,
    0x0, 0x7, 0xff, 0x13, 0xff, 0x30, 0x2, 0xff,
    0x30, 0xff, 0x80, 0x0, 0x0, 0x3, 0xff, 0x57,
    0xfe, 0x0, 0x0, 0xef, 0x74, 0xff, 0x40, 0x0,
    0x0, 0x0, 0xef, 0x8a, 0xfa, 0x0, 0x0, 0x9f,
    0xb7, 0xff, 0x0, 0x0, 0x0, 0x0, 0xaf, 0xbd,
    0xf6, 0x0, 0x0, 0x5f, 0xeb, 0xfb, 0x0, 0x0,
    0x0, 0x0, 0x5f, 0xff, 0xf1, 0x0, 0x0, 0x1f,
    0xff, 0xf6, 0x0, 0x0, 0x0, 0x0, 0x1f, 0xff,
    0xd0, 0x0, 0x0, 0xc, 0xff, 0xf2, 0x0, 0x0,
    0x0, 0x0, 0xd, 0xff, 0x80, 0x0, 0x0, 0x7,
    0xff, 0xd0, 0x0, 0x0,

    /* U+0058 "X" */
    0x8, 0xff, 0x80, 0x0, 0x0, 0x0, 0x9f, 0xf6,
    0x0, 0xd, 0xff, 0x30, 0x0, 0x0, 0x4f, 0xfb,
    0x0, 0x0, 0x2f, 0xfd, 0x0, 0x0, 0x1e, 0xfe,
    0x10, 0x0, 0x0, 0x7f, 0xf9, 0x0, 0xb, 0xff,
    0x50, 0x0, 0x0, 0x0, 0xbf, 0xf3, 0x5, 0xff,
    0x90, 0x0, 0x0, 0x0, 0x1, 0xef, 0xd1, 0xef,
    0xd0, 0x0, 0x0, 0x0, 0x0, 0x5, 0xff, 0xdf,
    0xf3, 0x0, 0x0, 0x0, 0x0, 0x0, 0xa, 0xff,
    0xf7, 0x0, 0x0, 0x0, 0x0, 0x0, 0x0, 0x4f,
    0xff, 0x30, 0x0, 0x0, 0x0, 0x0, 0x0, 0x1e,
    0xff, 0xfd, 0x0, 0x0, 0x0, 0x0, 0x0, 0xa,
    0xff, 0x8f, 0xf9, 0x0, 0x0, 0x0, 0x0, 0x6,
    0xff, 0x80, 0xcf, 0xf4, 0x0, 0x0, 0x0, 0x2,
    0xff, 0xd0, 0x2, 0xff, 0xe1, 0x0, 0x0, 0x0,
    0xcf, 0xf3, 0x0, 0x6, 0xff, 0xb0, 0x0, 0x0,
    0x9f, 0xf7, 0x0, 0x0, 0xb, 0xff, 0x60, 0x0,
    0x4f, 0xfc, 0x0, 0x0, 0x0, 0x1e, 0xff, 0x20,
    0x1e, 0xff, 0x20, 0x0, 0x0, 0x0, 0x4f, 0xfc,
    0x0,

    /* U+0059 "Y" */
    0x2f, 0xfe, 0x10, 0x0, 0x0, 0x0, 0x4f, 0xfc,
    0x0, 0x7f, 0xfa, 0x0, 0x0, 0x0, 0xd, 0xff,
    0x20, 0x0, 0xdf, 0xf3, 0x0, 0x0, 0x7, 0xff,
    0x80, 0x0, 0x3, 0xff, 0xd0, 0x0, 0x2, 0xff,
    0xe0, 0x0, 0x0, 0x9, 0xff, 0x70, 0x0, 0xbf,
    0xf4, 0x0, 0x0, 0x0, 0xe, 0xff, 0x10, 0x4f,
    0xfa, 0x0, 0x0, 0x0, 0x0, 0x5f, 0xf9, 0xd,
    0xff, 0x10, 0x0, 0x0, 0x0, 0x0, 0xbf, 0xf7,
    0xff, 0x60, 0x0, 0x0, 0x0, 0x0, 0x1, 0xff,
    0xff, 0xc0, 0x0, 0x0, 0x0, 0x0, 0x0, 0x6,
    0xff, 0xf2, 0x0, 0x0, 0x0, 0x0, 0x0, 0x0,
    0xf, 0xfb, 0x0, 0x0, 0x0, 0x0, 0x0, 0x0,
    0x0, 0xff, 0xb0, 0x0, 0x0, 0x0, 0x0, 0x0,
    0x0, 0xf, 0xfb, 0x0, 0x0, 0x0, 0x0, 0x0,
    0x0, 0x0, 0xff, 0xb0, 0x0, 0x0, 0x0, 0x0,
    0x0, 0x0, 0xf, 0xfb, 0x0, 0x0, 0x0, 0x0,
    0x0, 0x0, 0x0, 0xff, 0xb0, 0x0, 0x0, 0x0,
    0x0, 0x0, 0x0, 0xf, 0xfb, 0x0, 0x0, 0x0,
    0x0,

    /* U+005A "Z" */
    0x9f, 0xff, 0xff, 0xff, 0xff, 0xff, 0xe9, 0xff,
    0xff, 0xff, 0xff, 0xff, 0xfe, 0x23, 0x33, 0x33,
    0x33, 0x39, 0xff, 0x50, 0x0, 0x0, 0x0, 0x3,
    0xff, 0xa0, 0x0, 0x0, 0x0, 0x1, 0xef, 0xe1,
    0x0, 0x0, 0x0, 0x0, 0xaf, 0xf4, 0x0, 0x0,
    0x0, 0x0, 0x5f, 0xf8, 0x0, 0x0, 0x0, 0x0,
    0x1f, 0xfd, 0x0, 0x0, 0x0, 0x0, 0xc, 0xff,
    0x20, 0x0, 0x0, 0x0, 0x7, 0xff, 0x70, 0x0,
    0x0, 0x0, 0x3, 0xff, 0xb0, 0x0, 0x0, 0x0,
    0x0, 0xdf, 0xe1, 0x0, 0x0, 0x0, 0x0, 0x9f,
    0xf5, 0x0, 0x0, 0x0, 0x0, 0x4f, 0xf8, 0x0,
    0x0, 0x0, 0x0, 0x1e, 0xfd, 0x33, 0x33, 0x33,
    0x33, 0x38, 0xff, 0xff, 0xff, 0xff, 0xff, 0xff,
    0x8f, 0xff, 0xff, 0xff, 0xff, 0xff, 0xf0,

    /* U+005B "[" */
    0x0, 0x0, 0x0, 0x8f, 0xff, 0xf7, 0x8f, 0xff,
    0xf7, 0x8f, 0xf0, 0x0, 0x8f, 0xf0, 0x0, 0x8f,
    0xf0, 0x0, 0x8f, 0xf0, 0x0, 0x8f, 0xf0, 0x0,
    0x8f, 0xf0, 0x0, 0x8f, 0xf0, 0x0, 0x8f, 0xf0,
    0x0, 0x8f, 0xf0, 0x0, 0x8f, 0xf0, 0x0, 0x8f,
    0xf0, 0x0, 0x8f, 0xf0, 0x0, 0x8f, 0xf0, 0x0,
    0x8f, 0xf0, 0x0, 0x8f, 0xf0, 0x0, 0x8f, 0xf0,
    0x0, 0x8f, 0xf0, 0x0, 0x8f, 0xff, 0xf7, 0x8f,
    0xff, 0xf7,

    /* U+005C "\\" */
    0x38, 0x60, 0x0, 0x0, 0x4, 0xff, 0x10, 0x0,
    0x0, 0xf, 0xf5, 0x0, 0x0, 0x0, 0xbf, 0x90,
    0x0, 0x0, 0x6, 0xfe, 0x0, 0x0, 0x0, 0x2f,
    0xf2, 0x0, 0x0, 0x0, 0xef, 0x60, 0x0, 0x0,
    0x9, 0xfb, 0x0, 0x0, 0x0, 0x5f, 0xf0, 0x0,
    0x0, 0x1, 0xff, 0x40, 0x0, 0x0, 0xc, 0xf8,
    0x0, 0x0, 0x0, 0x8f, 0xc0, 0x0, 0x0, 0x3,
    0xff, 0x10, 0x0, 0x0, 0xf, 0xf5, 0x0, 0x0,
    0x0, 0xbf, 0x90, 0x0, 0x0, 0x6, 0xfe, 0x0,
    0x0, 0x0, 0x2f, 0xf2, 0x0, 0x0, 0x0, 0xdf,
    0x70, 0x0, 0x0, 0x9, 0xfb, 0x0, 0x0, 0x0,
    0x5f, 0xf0, 0x0, 0x0, 0x0, 0xff, 0x40,

    /* U+005D "]" */
    0x0, 0x0, 0x0, 0xaf, 0xff, 0xf6, 0xaf, 0xff,
    0xf6, 0x0, 0x1f, 0xf6, 0x0, 0x1f, 0xf6, 0x0,
    0x1f, 0xf6, 0x0, 0x1f, 0xf6, 0x0, 0x1f, 0xf6,
    0x0, 0x1f, 0xf6, 0x0, 0x1f, 0xf6, 0x0, 0x1f,
    0xf6, 0x0, 0x1f, 0xf6, 0x0, 0x1f, 0xf6, 0x0,
    0x1f, 0xf6, 0x0, 0x1f, 0xf6, 0x0, 0x1f, 0xf6,
    0x0, 0x1f, 0xf6, 0x0, 0x1f, 0xf6, 0x0, 0x1f,
    0xf6, 0x0, 0x2f, 0xf6, 0xaf, 0xff, 0xf6, 0xaf,
    0xff, 0xf6,

    /* U+005E "^" */
    0x0, 0x0, 0x58, 0x70, 0x0, 0x0, 0x0, 0xf,
    0xff, 0x70, 0x0, 0x0, 0x7, 0xfd, 0xfe, 0x0,
    0x0, 0x0, 0xef, 0x3c, 0xf6, 0x0, 0x0, 0x6f,
    0xc0, 0x5f, 0xd0, 0x0, 0xe, 0xf5, 0x0, 0xdf,
    0x50, 0x5, 0xfd, 0x0, 0x7, 0xfd, 0x0, 0xdf,
    0x70, 0x0, 0xf, 0xf4,

    /* U+005F "_" */
    0x22, 0x22, 0x22, 0x22, 0x22, 0x20, 0xff, 0xff,
    0xff, 0xff, 0xff, 0xf1, 0xff, 0xff, 0xff, 0xff,
    0xff, 0xf1,

    /* U+0060 "`" */
    0x6, 0x73, 0x0, 0x9, 0xfe, 0x0, 0x0, 0xdf,
    0x60, 0x0, 0x3f, 0xd0,

    /* U+0061 "a" */
    0x0, 0x3, 0xae, 0xfe, 0xc7, 0x0, 0x0, 0x7f,
    0xff, 0xff, 0xff, 0xc0, 0x4, 0xff, 0xc4, 0x12,
    0x9f, 0xf7, 0x2, 0x7a, 0x0, 0x0, 0xd, 0xfc,
    0x0, 0x0, 0x0, 0x0, 0xc, 0xfe, 0x0, 0x0,
    0x47, 0x9b, 0xef, 0xfe, 0x0, 0x8f, 0xff, 0xff,
    0xee, 0xfe, 0x9, 0xff, 0xb6, 0x31, 0xa, 0xfe,
    0xf, 0xfb, 0x0, 0x0, 0xb, 0xfe, 0xf, 0xf9,
    0x0, 0x0, 0x2f, 0xfe, 0xc, 0xff, 0x51, 0x15,
    0xef, 0xfe, 0x3, 0xff, 0xff, 0xff, 0xda, 0xfe,
    0x0, 0x2a, 0xef, 0xd8, 0x9, 0xfe,

    /* U+0062 "b" */
    0x4f, 0xf5, 0x0, 0x0, 0x0, 0x0, 0x4, 0xff,
    0x50, 0x0, 0x0, 0x0, 0x0, 0x4f, 0xf5, 0x0,
    0x0, 0x0, 0x0, 0x4, 0xff, 0x50, 0x0, 0x0,
    0x0, 0x0, 0x4f, 0xf5, 0x2a, 0xef, 0xd7, 0x0,
    0x4, 0xff, 0x6e, 0xff, 0xff, 0xfc, 0x10, 0x4f,
    0xff, 0xd5, 0x24, 0xbf, 0xfa, 0x4, 0xff, 0xf1,
    0x0, 0x0, 0xbf, 0xf2, 0x4f, 0xf9, 0x0, 0x0,
    0x4, 0xff, 0x74, 0xff, 0x60, 0x0, 0x0, 0xf,
    0xf9, 0x4f, 0xf4, 0x0, 0x0, 0x0, 0xff, 0xb4,
    0xff, 0x60, 0x0, 0x0, 0xf, 0xf9, 0x4f, 0xf9,
    0x0, 0x0, 0x4, 0xff, 0x74, 0xff, 0xf2, 0x0,
    0x0, 0xcf, 0xf2, 0x4f, 0xfe, 0xe5, 0x24, 0xbf,
    0xfb, 0x4, 0xff, 0x5e, 0xff, 0xff, 0xfd, 0x10,
    0x4f, 0xf4, 0x2a, 0xef, 0xd7, 0x0, 0x0,

    /* U+0063 "c" */
    0x0, 0x6, 0xce, 0xfd, 0x92, 0x0, 0x1, 0xcf,
    0xff, 0xff, 0xff, 0x50, 0xb, 0xff, 0xa4, 0x26,
    0xef, 0xf2, 0x4f, 0xf9, 0x0, 0x0, 0x2f, 0xf7,
    0x9f, 0xf1, 0x0, 0x0, 0x2, 0x0, 0xcf, 0xd0,
    0x0, 0x0, 0x0, 0x0, 0xdf, 0xc0, 0x0, 0x0,
    0x0, 0x0, 0xcf, 0xd0, 0x0, 0x0, 0x0, 0x0,
    0x9f, 0xf1, 0x0, 0x0, 0x3, 0x10, 0x4f, 0xf9,
    0x0, 0x0, 0x2f, 0xf8, 0xb, 0xff, 0xa3, 0x26,
    0xef, 0xf2, 0x1, 0xcf, 0xff, 0xff, 0xff, 0x50,
    0x0, 0x6, 0xce, 0xfe, 0x92, 0x0,

    /* U+0064 "d" */
    0x0, 0x0, 0x0, 0x0, 0x7, 0xff, 0x10, 0x0,
    0x0, 0x0, 0x0, 0x7f, 0xf1, 0x0, 0x0, 0x0,
    0x0, 0x7, 0xff, 0x10, 0x0, 0x0, 0x0, 0x0,
    0x7f, 0xf1, 0x0, 0x18, 0xdf, 0xe9, 0x17, 0xff,
    0x10, 0x2e, 0xff, 0xff, 0xfc, 0x8f, 0xf1, 0xc,
    0xff, 0xa3, 0x26, 0xef, 0xff, 0x15, 0xff, 0x90,
    0x0, 0x3, 0xff, 0xf1, 0xaf, 0xf1, 0x0, 0x0,
    0xc, 0xff, 0x1c, 0xfd, 0x0, 0x0, 0x0, 0x8f,
    0xf1, 0xdf, 0xc0, 0x0, 0x0, 0x7, 0xff, 0x1c,
    0xfd, 0x0, 0x0, 0x0, 0x8f, 0xf1, 0xaf, 0xf1,
    0x0, 0x0, 0xc, 0xff, 0x15, 0xff, 0x90, 0x0,
    0x4, 0xff, 0xf1, 0xd, 0xff, 0xa3, 0x26, 0xfe,
    0xff, 0x10, 0x2e, 0xff, 0xff, 0xfc, 0x7f, 0xf1,
    0x0, 0x18, 0xdf, 0xe9, 0x16, 0xff, 0x10,

    /* U+0065 "e" */
    0x0, 0x6, 0xce, 0xfd, 0x81, 0x0, 0x0, 0x1c,
    0xff, 0xff, 0xff, 0xe4, 0x0, 0xb, 0xff, 0x83,
    0x25, 0xef, 0xf1, 0x4, 0xff, 0x50, 0x0, 0x2,
    0xff, 0x80, 0x9f, 0xe0, 0x0, 0x0, 0xb, 0xfd,
    0xc, 0xff, 0xee, 0xee, 0xee, 0xff, 0xf0, 0xdf,
    0xff, 0xff, 0xff, 0xff, 0xff, 0xc, 0xfc, 0x0,
    0x0, 0x0, 0x0, 0x0, 0x9f, 0xf0, 0x0, 0x0,
    0x0, 0x0, 0x4, 0xff, 0x80, 0x0, 0x0, 0xca,
    0x50, 0xb, 0xff, 0xa3, 0x24, 0xcf, 0xf5, 0x0,
    0x1c, 0xff, 0xff, 0xff, 0xf8, 0x0, 0x0, 0x6,
    0xbe, 0xfd, 0xa4, 0x0, 0x0,

    /* U+0066 "f" */
    0x0, 0x0, 0x15, 0x76, 0x30, 0x0, 0x5f, 0xff,
    0xf9, 0x0, 0x1f, 0xff, 0xcc, 0x40, 0x3, 0xff,
    0x70, 0x0, 0x0, 0x4f, 0xf4, 0x0, 0xc, 0xff,
    0xff, 0xff, 0xf3, 0xcf, 0xff, 0xff, 0xff, 0x30,
    0x15, 0xff, 0x51, 0x10, 0x0, 0x4f, 0xf4, 0x0,
    0x0, 0x4, 0xff, 0x40, 0x0, 0x0, 0x4f, 0xf4,
    0x0, 0x0, 0x4, 0xff, 0x40, 0x0, 0x0, 0x4f,
    0xf4, 0x0, 0x0, 0x4, 0xff, 0x40, 0x0, 0x0,
    0x4f, 0xf4, 0x0, 0x0, 0x4, 0xff, 0x40, 0x0,
    0x0, 0x4f, 0xf4, 0x0, 0x0, 0x4, 0xff, 0x40,
    0x0,

    /* U+0067 "g" */
    0x0, 0x18, 0xdf, 0xe9, 0x16, 0xff, 0x20, 0x2d,
    0xff, 0xff, 0xfd, 0x6f, 0xf2, 0xc, 0xff, 0xa3,
    0x26, 0xee, 0xff, 0x24, 0xff, 0xa0, 0x0, 0x4,
    0xff, 0xf2, 0x9f, 0xf1, 0x0, 0x0, 0xc, 0xff,
    0x2c, 0xfd, 0x0, 0x0, 0x0, 0x8f, 0xf2, 0xdf,
    0xc0, 0x0, 0x0, 0x7, 0xff, 0x2c, 0xfe, 0x0,
    0x0, 0x0, 0x8f, 0xf2, 0xaf, 0xf1, 0x0, 0x0,
    0xb, 0xff, 0x26, 0xff, 0x80, 0x0, 0x3, 0xff,
    0xf2, 0xd, 0xff, 0x83, 0x25, 0xef, 0xff, 0x20,
    0x3e, 0xff, 0xff, 0xfd, 0x7f, 0xf2, 0x0, 0x19,
    0xdf, 0xe9, 0x16, 0xff, 0x20, 0x0, 0x0, 0x0,
    0x0, 0x7f, 0xf1, 0x1, 0x71, 0x0, 0x0, 0xc,
    0xfe, 0x1, 0xff, 0xd5, 0x11, 0x3a, 0xff, 0x80,
    0x5, 0xff, 0xff, 0xff, 0xff, 0xb0, 0x0, 0x2,
    0x8d, 0xef, 0xea, 0x50, 0x0,

    /* U+0068 "h" */
    0x4f, 0xf4, 0x0, 0x0, 0x0, 0x0, 0x4f, 0xf4,
    0x0, 0x0, 0x0, 0x0, 0x4f, 0xf4, 0x0, 0x0,
    0x0, 0x0, 0x4f, 0xf4, 0x0, 0x0, 0x0, 0x0,
    0x4f, 0xf4, 0x2a, 0xef, 0xd7, 0x0, 0x4f, 0xf6,
    0xef, 0xff, 0xff, 0xa0, 0x4f, 0xfe, 0xd5, 0x47,
    0xff, 0xf4, 0x4f, 0xfd, 0x0, 0x0, 0x4f, 0xf9,
    0x4f, 0xf7, 0x0, 0x0, 0xf, 0xfb, 0x4f, 0xf5,
    0x0, 0x0, 0xe, 0xfb, 0x4f, 0xf5, 0x0, 0x0,
    0xe, 0xfb, 0x4f, 0xf5, 0x0, 0x0, 0xe, 0xfb,
    0x4f, 0xf5, 0x0, 0x0, 0xe, 0xfb, 0x4f, 0xf5,
    0x0, 0x0, 0xe, 0xfb, 0x4f, 0xf5, 0x0, 0x0,
    0xe, 0xfb, 0x4f, 0xf5, 0x0, 0x0, 0xe, 0xfb,
    0x4f, 0xf5, 0x0, 0x0, 0xe, 0xfb,

    /* U+0069 "i" */
    0x5, 0x60, 0x6f, 0xf8, 0x6f, 0xf8, 0x5, 0x60,
    0x0, 0x0, 0x4f, 0xf5, 0x4f, 0xf5, 0x4f, 0xf5,
    0x4f, 0xf5, 0x4f, 0xf5, 0x4f, 0xf5, 0x4f, 0xf5,
    0x4f, 0xf5, 0x4f, 0xf5, 0x4f, 0xf5, 0x4f, 0xf5,
    0x4f, 0xf5, 0x4f, 0xf5,

    /* U+006A "j" */
    0x0, 0x5, 0x60, 0x0, 0x7f, 0xf8, 0x0, 0x7f,
    0xf8, 0x0, 0x5, 0x60, 0x0, 0x0, 0x0, 0x0,
    0x4f, 0xf5, 0x0, 0x4f, 0xf5, 0x0, 0x4f, 0xf5,
    0x0, 0x4f, 0xf5, 0x0, 0x4f, 0xf5, 0x0, 0x4f,
    0xf5, 0x0, 0x4f, 0xf5, 0x0, 0x4f, 0xf5, 0x0,
    0x4f, 0xf5, 0x0, 0x4f, 0xf5, 0x0, 0x4f, 0xf5,
    0x0, 0x4f, 0xf5, 0x0, 0x4f, 0xf5, 0x0, 0x4f,
    0xf4, 0x0, 0x5f, 0xf4, 0x14, 0xdf, 0xf1, 0x6f,
    0xff, 0x90, 0x6f, 0xd7, 0x0,

    /* U+006B "k" */
    0x4f, 0xf5, 0x0, 0x0, 0x0, 0x0, 0x4, 0xff,
    0x50, 0x0, 0x0, 0x0, 0x0, 0x4f, 0xf5, 0x0,
    0x0, 0x0, 0x0, 0x4, 0xff, 0x50, 0x0, 0x0,
    0x0, 0x0, 0x4f, 0xf5, 0x0, 0x0, 0xbf, 0xf5,
    0x4, 0xff, 0x50, 0x0, 0xaf, 0xf6, 0x0, 0x4f,
    0xf5, 0x0, 0xaf, 0xf7, 0x0, 0x4, 0xff, 0x50,
    0x9f, 0xf8, 0x0, 0x0, 0x4f, 0xf5, 0x8f, 0xf9,
    0x0, 0x0, 0x4, 0xff, 0xcf, 0xfc, 0x0, 0x0,
    0x0, 0x4f, 0xff, 0xff, 0xf3, 0x0, 0x0, 0x4,
    0xff, 0xf7, 0xff, 0xe1, 0x0, 0x0, 0x4f, 0xf6,
    0x6, 0xff, 0xb0, 0x0, 0x4, 0xff, 0x50, 0xa,
    0xff, 0x80, 0x0, 0x4f, 0xf5, 0x0, 0xd, 0xff,
    0x40, 0x4, 0xff, 0x50, 0x0, 0x3f, 0xfe, 0x10,
    0x4f, 0xf5, 0x0, 0x0, 0x6f, 0xfc, 0x0,

    /* U+006C "l" */
    0x4f, 0xf5, 0x4f, 0xf5, 0x4f, 0xf5, 0x4f, 0xf5,
    0x4f, 0xf5, 0x4f, 0xf5, 0x4f, 0xf5, 0x4f, 0xf5,
    0x4f, 0xf5, 0x4f, 0xf5, 0x4f, 0xf5, 0x4f, 0xf5,
    0x4f, 0xf5, 0x4f, 0xf5, 0x4f, 0xf5, 0x4f, 0xf5,
    0x4f, 0xf5,

    /* U+006D "m" */
    0x4f, 0xf3, 0x3b, 0xfe, 0xa1, 0x1, 0x9e, 0xfd,
    0x70, 0x4, 0xff, 0x7f, 0xff, 0xff, 0xc2, 0xef,
    0xff, 0xff, 0xa0, 0x4f, 0xff, 0x81, 0x18, 0xff,
    0xdd, 0x30, 0x3d, 0xff, 0x34, 0xff, 0xa0, 0x0,
    0xc, 0xff, 0x30, 0x0, 0x3f, 0xf7, 0x4f, 0xf6,
    0x0, 0x0, 0x9f, 0xf0, 0x0, 0x0, 0xff, 0x94,
    0xff, 0x50, 0x0, 0x9, 0xff, 0x0, 0x0, 0xf,
    0xf9, 0x4f, 0xf5, 0x0, 0x0, 0x9f, 0xf0, 0x0,
    0x0, 0xff, 0x94, 0xff, 0x50, 0x0, 0x9, 0xff,
    0x0, 0x0, 0xf, 0xf9, 0x4f, 0xf5, 0x0, 0x0,
    0x9f, 0xf0, 0x0, 0x0, 0xff, 0x94, 0xff, 0x50,
    0x0, 0x9, 0xff, 0x0, 0x0, 0xf, 0xf9, 0x4f,
    0xf5, 0x0, 0x0, 0x9f, 0xf0, 0x0, 0x0, 0xff,
    0x94, 0xff, 0x50, 0x0, 0x9, 0xff, 0x0, 0x0,
    0xf, 0xf9, 0x4f, 0xf5, 0x0, 0x0, 0x9f, 0xf0,
    0x0, 0x0, 0xff, 0x90,

    /* U+006E "n" */
    0x4f, 0xf3, 0x2a, 0xef, 0xd7, 0x0, 0x4f, 0xf6,
    0xff, 0xff, 0xff, 0xa0, 0x4f, 0xfe, 0xb3, 0x14,
    0xef, 0xf4, 0x4f, 0xfc, 0x0, 0x0, 0x3f, 0xf9,
    0x4f, 0xf6, 0x0, 0x0, 0xf, 0xfa, 0x4f, 0xf5,
    0x0, 0x0, 0xe, 0xfb, 0x4f, 0xf5, 0x0, 0x0,
    0xe, 0xfb, 0x4f, 0xf5, 0x0, 0x0, 0xe, 0xfb,
    0x4f, 0xf5, 0x0, 0x0, 0xe, 0xfb, 0x4f, 0xf5,
    0x0, 0x0, 0xe, 0xfb, 0x4f, 0xf5, 0x0, 0x0,
    0xe, 0xfb, 0x4f, 0xf5, 0x0, 0x0, 0xe, 0xfb,
    0x4f, 0xf5, 0x0, 0x0, 0xe, 0xfb,

    /* U+006F "o" */
    0x0, 0x6, 0xce, 0xfd, 0x92, 0x0, 0x0, 0x1b,
    0xff, 0xff, 0xff, 0xf5, 0x0, 0xb, 0xff, 0xa3,
    0x26, 0xef, 0xf3, 0x4, 0xff, 0x90, 0x0, 0x2,
    0xff, 0xc0, 0x9f, 0xf1, 0x0, 0x0, 0x9, 0xff,
    0x1c, 0xfd, 0x0, 0x0, 0x0, 0x5f, 0xf4, 0xdf,
    0xc0, 0x0, 0x0, 0x4, 0xff, 0x5c, 0xfd, 0x0,
    0x0, 0x0, 0x5f, 0xf4, 0x9f, 0xf1, 0x0, 0x0,
    0x9, 0xff, 0x14, 0xff, 0x90, 0x0, 0x2, 0xff,
    0xc0, 0xb, 0xff, 0xa3, 0x26, 0xef, 0xf3, 0x0,
    0x1b, 0xff, 0xff, 0xff, 0xf5, 0x0, 0x0, 0x6,
    0xce, 0xfd, 0x92, 0x0, 0x0,

    /* U+0070 "p" */
    0x4f, 0xf4, 0x2b, 0xef, 0xd7, 0x0, 0x4, 0xff,
    0x6f, 0xff, 0xff, 0xfc, 0x10, 0x4f, 0xff, 0xc3,
    0x1, 0x9f, 0xfa, 0x4, 0xff, 0xe0, 0x0, 0x0,
    0xaf, 0xf2, 0x4f, 0xf8, 0x0, 0x0, 0x3, 0xff,
    0x74, 0xff, 0x50, 0x0, 0x0, 0xf, 0xf9, 0x4f,
    0xf4, 0x0, 0x0, 0x0, 0xff, 0xb4, 0xff, 0x60,
    0x0, 0x0, 0xf, 0xf9, 0x4f, 0xfa, 0x0, 0x0,
    0x4, 0xff, 0x74, 0xff, 0xf2, 0x0, 0x0, 0xcf,
    0xf2, 0x4f, 0xff, 0xe5, 0x24, 0xbf, 0xfb, 0x4,
    0xff, 0x6e, 0xff, 0xff, 0xfd, 0x10, 0x4f, 0xf5,
    0x2a, 0xef, 0xd7, 0x0, 0x4, 0xff, 0x50, 0x0,
    0x0, 0x0, 0x0, 0x4f, 0xf5, 0x0, 0x0, 0x0,
    0x0, 0x4, 0xff, 0x50, 0x0, 0x0, 0x0, 0x0,
    0x4f, 0xf5, 0x0, 0x0, 0x0, 0x0, 0x4, 0xff,
    0x50, 0x0, 0x0, 0x0, 0x0,

    /* U+0071 "q" */
    0x0, 0x18, 0xdf, 0xe9, 0x16, 0xff, 0x10, 0x2e,
    0xff, 0xff, 0xfc, 0x7f, 0xf1, 0xc, 0xff, 0xa3,
    0x26, 0xee, 0xff, 0x15, 0xff, 0x90, 0x0, 0x3,
    0xff, 0xf1, 0xaf, 0xf1, 0x0, 0x0, 0xc, 0xff,
    0x1c, 0xfd, 0x0, 0x0, 0x0, 0x8f, 0xf1, 0xdf,
    0xc0, 0x0, 0x0, 0x7, 0xff, 0x1c, 0xfd, 0x0,
    0x0, 0x0, 0x8f, 0xf1, 0xaf, 0xf1, 0x0, 0x0,
    0xc, 0xff, 0x15, 0xff, 0x90, 0x0, 0x4, 0xff,
    0xf1, 0xd, 0xff, 0xa3, 0x26, 0xff, 0xff, 0x10,
    0x2e, 0xff, 0xff, 0xfc, 0x8f, 0xf1, 0x0, 0x18,
    0xdf, 0xe9, 0x17, 0xff, 0x10, 0x0, 0x0, 0x0,
    0x0, 0x7f, 0xf1, 0x0, 0x0, 0x0, 0x0, 0x7,
    0xff, 0x10, 0x0, 0x0, 0x0, 0x0, 0x7f, 0xf1,
    0x0, 0x0, 0x0, 0x0, 0x7, 0xff, 0x10, 0x0,
    0x0, 0x0, 0x0, 0x7f, 0xf1,

    /* U+0072 "r" */
    0x4f, 0xf3, 0x4c, 0xfc, 0x4f, 0xf8, 0xff, 0xfc,
    0x4f, 0xff, 0xc5, 0x23, 0x4f, 0xfc, 0x0, 0x0,
    0x4f, 0xf6, 0x0, 0x0, 0x4f, 0xf5, 0x0, 0x0,
    0x4f, 0xf5, 0x0, 0x0, 0x4f, 0xf5, 0x0, 0x0,
    0x4f, 0xf5, 0x0, 0x0, 0x4f, 0xf5, 0x0, 0x0,
    0x4f, 0xf5, 0x0, 0x0, 0x4f, 0xf5, 0x0, 0x0,
    0x4f, 0xf5, 0x0, 0x0,

    /* U+0073 "s" */
    0x0, 0x4a, 0xef, 0xeb, 0x40, 0x0, 0x8f, 0xff,
    0xff, 0xff, 0x80, 0x3f, 0xfc, 0x30, 0x2a, 0xff,
    0x36, 0xff, 0x30, 0x0, 0x8, 0x61, 0x5f, 0xf8,
    0x0, 0x0, 0x0, 0x0, 0xdf, 0xfe, 0xa7, 0x30,
    0x0, 0x1, 0x9f, 0xff, 0xff, 0xe5, 0x0, 0x0,
    0x4, 0x7b, 0xff, 0xf5, 0x0, 0x0, 0x0, 0x3,
    0xff, 0xb6, 0xbb, 0x0, 0x0, 0xe, 0xfc, 0x8f,
    0xfa, 0x21, 0x2a, 0xff, 0x70, 0xcf, 0xff, 0xff,
    0xff, 0xb0, 0x0, 0x6b, 0xef, 0xeb, 0x50, 0x0,

    /* U+0074 "t" */
    0x0, 0xdf, 0xb0, 0x0, 0x0, 0xdf, 0xb0, 0x0,
    0x0, 0xdf, 0xb0, 0x0, 0xcf, 0xff, 0xff, 0xf5,
    0xcf, 0xff, 0xff, 0xf5, 0x1, 0xdf, 0xb1, 0x10,
    0x0, 0xdf, 0xb0, 0x0, 0x0, 0xdf, 0xb0, 0x0,
    0x0, 0xdf, 0xb0, 0x0, 0x0, 0xdf, 0xb0, 0x0,
    0x0, 0xdf, 0xb0, 0x0, 0x0, 0xdf, 0xb0, 0x0,
    0x0, 0xdf, 0xb0, 0x0, 0x0, 0xbf, 0xf4, 0x21,
    0x0, 0x4f, 0xff, 0xf6, 0x0, 0x5, 0xcf, 0xf8,

    /* U+0075 "u" */
    0x4f, 0xf5, 0x0, 0x0, 0xe, 0xfb, 0x4f, 0xf5,
    0x0, 0x0, 0xe, 0xfb, 0x4f, 0xf5, 0x0, 0x0,
    0xe, 0xfb, 0x4f, 0xf5, 0x0, 0x0, 0xe, 0xfb,
    0x4f, 0xf5, 0x0, 0x0, 0xe, 0xfb, 0x4f, 0xf5,
    0x0, 0x0, 0xe, 0xfb, 0x4f, 0xf5, 0x0, 0x0,
    0xe, 0xfb, 0x4f, 0xf5, 0x0, 0x0, 0xe, 0xfb,
    0x3f, 0xf6, 0x0, 0x0, 0xf, 0xfb, 0x2f, 0xfb,
    0x0, 0x0, 0x7f, 0xfb, 0xd, 0xff, 0xa4, 0x49,
    0xfe, 0xfb, 0x4, 0xff, 0xff, 0xff, 0x7c, 0xfb,
    0x0, 0x3b, 0xff, 0xc5, 0xc, 0xfb,

    /* U+0076 "v" */
    0x4f, 0xf8, 0x0, 0x0, 0x0, 0xbf, 0xf1, 0xe,
    0xfd, 0x0, 0x0, 0x1, 0xff, 0xa0, 0x8, 0xff,
    0x30, 0x0, 0x6, 0xff, 0x40, 0x2, 0xff, 0x80,
    0x0, 0xc, 0xfe, 0x0, 0x0, 0xbf, 0xe0, 0x0,
    0x1f, 0xf8, 0x0, 0x0, 0x5f, 0xf4, 0x0, 0x7f,
    0xf2, 0x0, 0x0, 0xf, 0xf9, 0x0, 0xcf, 0xc0,
    0x0, 0x0, 0x9, 0xfe, 0x2, 0xff, 0x60, 0x0,
    0x0, 0x3, 0xff, 0x47, 0xff, 0x0, 0x0, 0x0,
    0x0, 0xdf, 0x9b, 0xfa, 0x0, 0x0, 0x0, 0x0,
    0x7f, 0xdf, 0xf3, 0x0, 0x0, 0x0, 0x0, 0x1f,
    0xff, 0xd0, 0x0, 0x0, 0x0, 0x0, 0xb, 0xff,
    0x70, 0x0, 0x0,

    /* U+0077 "w" */
    0x2f, 0xf8, 0x0, 0x0, 0x7f, 0xf6, 0x0, 0x0,
    0xaf, 0xf1, 0xd, 0xfc, 0x0, 0x0, 0xbf, 0xfa,
    0x0, 0x0, 0xef, 0xc0, 0x9, 0xff, 0x10, 0x0,
    0xff, 0xfe, 0x0, 0x2, 0xff, 0x70, 0x4, 0xff,
    0x50, 0x4, 0xfd, 0xef, 0x20, 0x7, 0xff, 0x20,
    0x0, 0xff, 0x90, 0x8, 0xf9, 0xaf, 0x70, 0xb,
    0xfd, 0x0, 0x0, 0xaf, 0xd0, 0xc, 0xf5, 0x6f,
    0xb0, 0xf, 0xf8, 0x0, 0x0, 0x5f, 0xf1, 0x1f,
    0xf1, 0x2f, 0xf0, 0x3f, 0xf4, 0x0, 0x0, 0x1f,
    0xf5, 0x5f, 0xc0, 0xe, 0xf3, 0x7f, 0xe0, 0x0,
    0x0, 0xc, 0xf9, 0x8f, 0x70, 0x9, 0xf6, 0xbf,
    0xa0, 0x0, 0x0, 0x7, 0xfd, 0xcf, 0x30, 0x5,
    0xfa, 0xef, 0x50, 0x0, 0x0, 0x2, 0xff, 0xfe,
    0x0, 0x0, 0xff, 0xff, 0x0, 0x0, 0x0, 0x0,
    0xdf, 0xfa, 0x0, 0x0, 0xbf, 0xfb, 0x0, 0x0,
    0x0, 0x0, 0x8f, 0xf5, 0x0, 0x0, 0x7f, 0xf6,
    0x0, 0x0,

    /* U+0078 "x" */
    0xb, 0xff, 0x20, 0x0, 0xa, 0xff, 0x20, 0x1f,
    0xfc, 0x0, 0x5, 0xff, 0x80, 0x0, 0x6f, 0xf6,
    0x0, 0xef, 0xd0, 0x0, 0x0, 0xbf, 0xe0, 0x8f,
    0xf3, 0x0, 0x0, 0x1, 0xff, 0x9f, 0xf8, 0x0,
    0x0, 0x0, 0x6, 0xff, 0xfd, 0x0, 0x0, 0x0,
    0x0, 0x1f, 0xff, 0x60, 0x0, 0x0, 0x0, 0xa,
    0xff, 0xfe, 0x10, 0x0, 0x0, 0x5, 0xff, 0x5e,
    0xfa, 0x0, 0x0, 0x1, 0xef, 0xb0, 0x6f, 0xf5,
    0x0, 0x0, 0xaf, 0xf2, 0x0, 0xcf, 0xe1, 0x0,
    0x5f, 0xf8, 0x0, 0x2, 0xff, 0xa0, 0x1e, 0xfd,
    0x0, 0x0, 0x8, 0xff, 0x50,

    /* U+0079 "y" */
    0x4f, 0xf8, 0x0, 0x0, 0x0, 0xaf, 0xf1, 0xe,
    0xfd, 0x0, 0x0, 0x1, 0xff, 0xb0, 0x8, 0xff,
    0x30, 0x0, 0x6, 0xff, 0x40, 0x2, 0xff, 0x80,
    0x0, 0xc, 0xfe, 0x0, 0x0, 0xbf, 0xe0, 0x0,
    0x1f, 0xf8, 0x0, 0x0, 0x5f, 0xf4, 0x0, 0x7f,
    0xf2, 0x0, 0x0, 0xf, 0xf9, 0x0, 0xdf, 0xc0,
    0x0, 0x0, 0x9, 0xfe, 0x2, 0xff, 0x60, 0x0,
    0x0, 0x3, 0xff, 0x47, 0xff, 0x0, 0x0, 0x0,
    0x0, 0xdf, 0x8c, 0xfa, 0x0, 0x0, 0x0, 0x0,
    0x7f, 0xdf, 0xf3, 0x0, 0x0, 0x0, 0x0, 0x1f,
    0xff, 0xd0, 0x0, 0x0, 0x0, 0x0, 0xb, 0xff,
    0x70, 0x0, 0x0, 0x0, 0x0, 0x9, 0xff, 0x10,
    0x0, 0x0, 0x0, 0x0, 0xe, 0xfb, 0x0, 0x0,
    0x0, 0x0, 0x43, 0xaf, 0xf3, 0x0, 0x0, 0x0,
    0x1, 0xff, 0xff, 0x90, 0x0, 0x0, 0x0, 0x4,
    0xef, 0xd7, 0x0, 0x0, 0x0, 0x0,

    /* U+007A "z" */
    0x5f, 0xff, 0xff, 0xff, 0xff, 0xb5, 0xff, 0xff,
    0xff, 0xff, 0xfb, 0x14, 0x44, 0x44, 0x4d, 0xff,
    0x40, 0x0, 0x0, 0x7, 0xff, 0x70, 0x0, 0x0,
    0x4, 0xff, 0xb0, 0x0, 0x0, 0x1, 0xef, 0xe1,
    0x0, 0x0, 0x0, 0xcf, 0xf3, 0x0, 0x0, 0x0,
    0x9f, 0xf6, 0x0, 0x0, 0x0, 0x5f, 0xfa, 0x0,
    0x0, 0x0, 0x3f, 0xfd, 0x0, 0x0, 0x0, 0x1d,
    0xff, 0x74, 0x44, 0x44, 0x48, 0xff, 0xff, 0xff,
    0xff, 0xff, 0x8f, 0xff, 0xff, 0xff, 0xff, 0xf0,

    /* U+007B "{" */
    0x0, 0x0, 0x1, 0x57, 0x10, 0x0, 0x7, 0xff,
    0xf3, 0x0, 0x4, 0xff, 0xe9, 0x10, 0x0, 0x9f,
    0xf1, 0x0, 0x0, 0xb, 0xfb, 0x0, 0x0, 0x0,
    0xbf, 0xa0, 0x0, 0x0, 0xc, 0xfa, 0x0, 0x0,
    0x0, 0xcf, 0xa0, 0x0, 0x0, 0xe, 0xf9, 0x0,
    0x0, 0x17, 0xff, 0x50, 0x0, 0x5f, 0xff, 0x90,
    0x0, 0x5, 0xff, 0x91, 0x0, 0x0, 0x29, 0xef,
    0xf2, 0x0, 0x0, 0x1, 0xff, 0x80, 0x0, 0x0,
    0xc, 0xfa, 0x0, 0x0, 0x0, 0xcf, 0xa0, 0x0,
    0x0, 0xc, 0xfa, 0x0, 0x0, 0x0, 0xbf, 0xa0,
    0x0, 0x0, 0xa, 0xfd, 0x0, 0x0, 0x0, 0x7f,
    0xf7, 0x10, 0x0, 0x1, 0xef, 0xff, 0x30, 0x0,
    0x1, 0x9d, 0xf3,

    /* U+007C "|" */
    0xf, 0xf5, 0xf, 0xf5, 0xf, 0xf5, 0xf, 0xf5,
    0xf, 0xf5, 0xf, 0xf5, 0xf, 0xf5, 0xf, 0xf5,
    0xf, 0xf5, 0xf, 0xf5, 0xf, 0xf5, 0xf, 0xf5,
    0xf, 0xf5, 0xf, 0xf5, 0xf, 0xf5, 0xf, 0xf5,
    0xf, 0xf5, 0xf, 0xf5, 0xf, 0xf5, 0xf, 0xf5,
    0xf, 0xf5, 0xf, 0xf5, 0xf, 0xf5, 0xf, 0xf5,
    0xf, 0xf5, 0xf, 0xf5, 0xf, 0xf5, 0xf, 0xf5,

    /* U+007D "}" */
    0x46, 0x30, 0x0, 0x0, 0xaf, 0xfd, 0x20, 0x0,
    0x5b, 0xff, 0xd0, 0x0, 0x0, 0x7f, 0xf2, 0x0,
    0x0, 0x2f, 0xf4, 0x0, 0x0, 0xf, 0xf4, 0x0,
    0x0, 0xf, 0xf5, 0x0, 0x0, 0xf, 0xf5, 0x0,
    0x0, 0xf, 0xf7, 0x0, 0x0, 0xc, 0xfe, 0x40,
    0x0, 0x2, 0xcf, 0xfe, 0x0, 0x0, 0x5d, 0xfe,
    0x0, 0x8, 0xff, 0xb6, 0x0, 0xf, 0xf9, 0x0,
    0x0, 0xf, 0xf5, 0x0, 0x0, 0xf, 0xf5, 0x0,
    0x0, 0xf, 0xf5, 0x0, 0x0, 0x1f, 0xf4, 0x0,
    0x0, 0x3f, 0xf3, 0x0, 0x3, 0xcf, 0xf0, 0x0,
    0xaf, 0xff, 0x80, 0x0, 0xae, 0xb5, 0x0, 0x0,

    /* U+007E "~" */
    0x0, 0x5d, 0xfc, 0x40, 0x0, 0x19, 0x90, 0x5,
    0xff, 0xff, 0xf6, 0x0, 0x3f, 0xf0, 0xc, 0xfc,
    0x49, 0xff, 0x84, 0xcf, 0xc0, 0xf, 0xf4, 0x0,
    0x6f, 0xff, 0xff, 0x50, 0x9, 0x91, 0x0, 0x3,
    0xcf, 0xd6, 0x0,

    /* U+00A0 " " */

    /* U+00A1 "¡" */
    0x8, 0xfb, 0x0, 0xff, 0xf5, 0xd, 0xff, 0x20,
    0x4, 0x10, 0x0, 0x0, 0x0, 0x5a, 0x90, 0x9,
    0xfe, 0x0, 0x9f, 0xf0, 0xa, 0xff, 0x0, 0xaf,
    0xf0, 0xa, 0xff, 0x0, 0xaf, 0xf0, 0xb, 0xff,
    0x0, 0xbf, 0xf0, 0xb, 0xff, 0x0, 0xbf, 0xf1,
    0xc, 0xff, 0x10,

    /* U+00A2 "¢" */
    0x0, 0x0, 0x8, 0xd0, 0x0, 0x0, 0x0, 0x0,
    0x8, 0xd0, 0x0, 0x0, 0x0, 0x7, 0xdf, 0xfe,
    0xa3, 0x0, 0x1, 0xdf, 0xff, 0xff, 0xff, 0x60,
    0xb, 0xff, 0x9a, 0xd4, 0xdf, 0xf3, 0x4f, 0xf9,
    0x8, 0xd0, 0x1f, 0xf7, 0x9f, 0xf1, 0x8, 0xd0,
    0x2, 0x0, 0xcf, 0xd0, 0x8, 0xd0, 0x0, 0x0,
    0xdf, 0xc0, 0x8, 0xd0, 0x0, 0x0, 0xcf, 0xd0,
    0x8, 0xd0, 0x0, 0x0, 0x9f, 0xf1, 0x8, 0xd0,
    0x3, 0x10, 0x4f, 0xf8, 0x8, 0xd0, 0x1f, 0xf8,
    0xc, 0xff, 0x8a, 0xd4, 0xdf, 0xf3, 0x1, 0xdf,
    0xff, 0xff, 0xff, 0x60, 0x0, 0x7, 0xdf, 0xfe,
    0xb3, 0x0, 0x0, 0x0, 0x8, 0xd0, 0x0, 0x0,
    0x0, 0x0, 0x8, 0xd0, 0x0, 0x0,

    /* U+00A3 "£" */
    0x0, 0x0, 0x5b, 0xef, 0xe9, 0x20, 0x0, 0x0,
    0xbf, 0xff, 0xff, 0xff, 0x40, 0x0, 0x8f, 0xfc,
    0x64, 0x7e, 0xff, 0x10, 0xe, 0xfc, 0x0, 0x0,
    0x3f, 0xf7, 0x1, 0xff, 0x70, 0x0, 0x0, 0x54,
    0x10, 0x1f, 0xf6, 0x0, 0x0, 0x0, 0x0, 0x0,
    0xff, 0x70, 0x0, 0x0, 0x0, 0xa, 0xef, 0xff,
    0xee, 0xee, 0xb0, 0x0, 0xcf, 0xff, 0xff, 0xff,
    0xfc, 0x0, 0x0, 0xf, 0xf8, 0x0, 0x0, 0x0,
    0x0, 0x0, 0xef, 0x90, 0x0, 0x0, 0x0, 0x0,
    0xe, 0xf9, 0x0, 0x0, 0x0, 0x0, 0x0, 0xdf,
    0x90, 0x0, 0x0, 0x0, 0x0, 0xf, 0xf5, 0x0,
    0x0, 0xa, 0xe9, 0x3a, 0xfb, 0x44, 0x44, 0x45,
    0xef, 0x8c, 0xff, 0xff, 0xff, 0xff, 0xff, 0xf3,
    0xcf, 0xff, 0xff, 0xff, 0xff, 0xd5, 0x0,

    /* U+00A4 "¤" */
    0x0, 0x0, 0x0, 0x0, 0x0, 0x0, 0x1, 0x0,
    0xc, 0xb0, 0x29, 0xdf, 0xfc, 0x70, 0x2e, 0x80,
    0x3f, 0xfd, 0xff, 0xff, 0xff, 0xfe, 0xef, 0xd0,
    0x4, 0xff, 0xf8, 0x20, 0x4, 0xcf, 0xfd, 0x10,
    0x4, 0xff, 0x30, 0x0, 0x0, 0x9, 0xfd, 0x0,
    0xc, 0xf7, 0x0, 0x0, 0x0, 0x0, 0xdf, 0x60,
    0x1f, 0xf0, 0x0, 0x0, 0x0, 0x0, 0x6f, 0xa0,
    0x3f, 0xd0, 0x0, 0x0, 0x0, 0x0, 0x3f, 0xd0,
    0x3f, 0xd0, 0x0, 0x0, 0x0, 0x0, 0x3f, 0xd0,
    0xf, 0xf0, 0x0, 0x0, 0x0, 0x0, 0x6f, 0xa0,
    0xb, 0xf7, 0x0, 0x0, 0x0, 0x0, 0xdf, 0x50,
    0x3, 0xff, 0x40, 0x0, 0x0, 0x9, 0xfd, 0x0,
    0x8, 0xff, 0xf8, 0x20, 0x4, 0xcf, 0xff, 0x40,
    0x4f, 0xfa, 0xff, 0xff, 0xff, 0xfe, 0xbf, 0xe0,
    0x8, 0x60, 0x29, 0xdf, 0xfc, 0x70, 0xa, 0x40,

    /* U+00A5 "¥" */
    0x6f, 0xf7, 0x0, 0x0, 0x1, 0xff, 0xc0, 0xd,
    0xfe, 0x0, 0x0, 0x8, 0xff, 0x40, 0x6, 0xff,
    0x50, 0x0, 0xf, 0xfc, 0x0, 0x0, 0xdf, 0xd0,
    0x0, 0x7f, 0xf4, 0x0, 0x0, 0x5f, 0xf4, 0x0,
    0xef, 0xc0, 0x0, 0x0, 0xd, 0xfc, 0x6, 0xff,
    0x30, 0x0, 0x0, 0x5, 0xff, 0x3d, 0xfb, 0x0,
    0x0, 0x0, 0x0, 0xdf, 0xef, 0xf3, 0x0, 0x0,
    0x5, 0xbb, 0xef, 0xff, 0xfb, 0xb8, 0x0, 0x7,
    0xff, 0xff, 0xff, 0xff, 0xfb, 0x0, 0x0, 0x0,
    0xa, 0xff, 0x0, 0x0, 0x0, 0x0, 0x0, 0xa,
    0xff, 0x0, 0x0, 0x0, 0x7, 0xff, 0xff, 0xff,
    0xff, 0xfb, 0x0, 0x5, 0xbb, 0xbe, 0xff, 0xbb,
    0xb7, 0x0, 0x0, 0x0, 0xa, 0xff, 0x0, 0x0,
    0x0, 0x0, 0x0, 0xa, 0xff, 0x0, 0x0, 0x0,
    0x0, 0x0, 0xa, 0xff, 0x0, 0x0, 0x0,

    /* U+00A6 "¦" */
    0xaf, 0xba, 0xfb, 0xaf, 0xba, 0xfb, 0xaf, 0xba,
    0xfb, 0xaf, 0xb9, 0xd9, 0x0, 0x0, 0x0, 0x0,
    0x0, 0x0, 0x9e, 0xaa, 0xfb, 0xaf, 0xba, 0xfb,
    0xaf, 0xba, 0xfb, 0xaf, 0xba, 0xfb,

    /* U+00A7 "§" */
    0x0, 0x8, 0xdf, 0xeb, 0x40, 0x0, 0x0, 0xdf,
    0xff, 0xff, 0xf5, 0x0, 0x7, 0xff, 0x72, 0x2b,
    0xff, 0x10, 0xa, 0xfc, 0x0, 0x0, 0xee, 0x40,
    0x9, 0xfd, 0x0, 0x0, 0x10, 0x0, 0x3, 0xff,
    0xb1, 0x0, 0x0, 0x0, 0x0, 0x5f, 0xff, 0x70,
    0x0, 0x0, 0x8, 0xe6, 0x6d, 0xfe, 0x70, 0x0,
    0x5f, 0x90, 0x0, 0x6e, 0xfc, 0x10, 0x9f, 0x90,
    0x0, 0x0, 0xaf, 0xb0, 0x8f, 0xf3, 0x0, 0x0,
    0xf, 0xf2, 0x2f, 0xff, 0x91, 0x0, 0xe, 0xf4,
    0x4, 0xff, 0xff, 0x93, 0x9f, 0xe0, 0x0, 0x2a,
    0xff, 0xff, 0xfd, 0x40, 0x0, 0x0, 0x3b, 0xff,
    0xe2, 0x0, 0x0, 0x0, 0x0, 0x4e, 0xfd, 0x0,
    0x0, 0x10, 0x0, 0x3, 0xff, 0x40, 0xd, 0xf5,
    0x0, 0x2, 0xff, 0x50, 0xb, 0xfe, 0x51, 0x3b,
    0xff, 0x20, 0x2, 0xef, 0xff, 0xff, 0xf8, 0x0,
    0x0, 0x19, 0xdf, 0xfb, 0x50, 0x0,

    /* U+00A8 "¨" */
    0x4d, 0xa0, 0x4, 0xda, 0xb, 0xff, 0x20, 0xbf,
    0xf2, 0x5f, 0xb0, 0x5, 0xeb, 0x0,

    /* U+00A9 "©" */
    0x0, 0x0, 0x0, 0x49, 0xdf, 0xfd, 0x93, 0x0,
    0x0, 0x0, 0x0, 0x2, 0xcf, 0xff, 0xff, 0xff,
    0xfb, 0x20, 0x0, 0x0, 0x4, 0xff, 0xfb, 0x64,
    0x47, 0xcf, 0xfe, 0x30, 0x0, 0x2, 0xff, 0xe4,
    0x0, 0x0, 0x0, 0x4e, 0xfe, 0x10, 0x0, 0xcf,
    0xe1, 0x3, 0xbe, 0xfc, 0x40, 0x2e, 0xfb, 0x0,
    0x4f, 0xf4, 0x6, 0xff, 0xff, 0xff, 0x80, 0x5f,
    0xf3, 0xa, 0xfb, 0x3, 0xff, 0x92, 0x28, 0xff,
    0x40, 0xdf, 0x90, 0xef, 0x60, 0xaf, 0xa0, 0x0,
    0x9, 0xf9, 0x8, 0xfd, 0xf, 0xf4, 0xd, 0xf4,
    0x0, 0x0, 0x0, 0x0, 0x5f, 0xe0, 0xff, 0x40,
    0xdf, 0x30, 0x0, 0x0, 0x0, 0x5, 0xfe, 0xe,
    0xf6, 0xa, 0xf9, 0x0, 0x0, 0xae, 0x70, 0x8f,
    0xd0, 0xaf, 0xb0, 0x3f, 0xf8, 0x11, 0x8f, 0xf2,
    0xd, 0xf9, 0x5, 0xff, 0x40, 0x7f, 0xff, 0xff,
    0xf8, 0x5, 0xff, 0x30, 0xc, 0xfe, 0x10, 0x5c,
    0xff, 0xd5, 0x2, 0xef, 0xb0, 0x0, 0x2f, 0xfe,
    0x30, 0x0, 0x0, 0x4, 0xef, 0xe2, 0x0, 0x0,
    0x4f, 0xff, 0xb6, 0x44, 0x6c, 0xff, 0xe3, 0x0,
    0x0, 0x0, 0x2c, 0xff, 0xff, 0xff, 0xff, 0xb2,
    0x0, 0x0, 0x0, 0x0, 0x4, 0x9d, 0xff, 0xd9,
    0x30, 0x0, 0x0,

    /* U+00AA "ª" */
    0x0, 0x3a, 0xef, 0xe9, 0x20, 0x4, 0xff, 0xec,
    0xef, 0xe1, 0x8, 0xd8, 0x0, 0xd, 0xf7, 0x0,
    0x0, 0x0, 0xc, 0xf9, 0x0, 0x59, 0xce, 0xff,
    0xfa, 0xa, 0xff, 0xb9, 0x6b, 0xfa, 0x2f, 0xf2,
    0x0, 0xa, 0xfa, 0x3f, 0xf2, 0x0, 0x3f, 0xfa,
    0xd, 0xff, 0xbc, 0xfd, 0xfa, 0x1, 0x9e, 0xfd,
    0x58, 0xfa,

    /* U+00AB "«" */
    0x0, 0x0, 0x9f, 0xf4, 0x9, 0xff, 0x40, 0x0,
    0x7f, 0xf6, 0x7, 0xff, 0x60, 0x0, 0x5f, 0xf8,
    0x5, 0xff, 0x80, 0x0, 0x3f, 0xfb, 0x3, 0xff,
    0xb0, 0x0, 0x2e, 0xfc, 0x2, 0xef, 0xd0, 0x0,
    0xa, 0xff, 0x40, 0xaf, 0xf4, 0x0, 0x0, 0x1d,
    0xfe, 0x11, 0xdf, 0xe1, 0x0, 0x0, 0x2e, 0xfc,
    0x2, 0xef, 0xc0, 0x0, 0x0, 0x3f, 0xfa, 0x3,
    0xff, 0xa0, 0x0, 0x0, 0x5f, 0xf8, 0x5, 0xff,
    0x80, 0x0, 0x0, 0x7d, 0xd4, 0x7, 0xdd, 0x40,

    /* U+00AC "¬" */
    0x2, 0x22, 0x22, 0x22, 0x22, 0x16, 0xff, 0xff,
    0xff, 0xff, 0xfa, 0x6f, 0xff, 0xff, 0xff, 0xff,
    0xa0, 0x0, 0x0, 0x0, 0xa, 0xfa, 0x0, 0x0,
    0x0, 0x0, 0xaf, 0xa0, 0x0, 0x0, 0x0, 0xa,
    0xfa,

    /* U+00AE "®" */
    0x0, 0x0, 0x27, 0x99, 0x72, 0x0, 0x0, 0x0,
    0x1a, 0xff, 0xff, 0xff, 0xa0, 0x0, 0x1, 0xdf,
    0xb4, 0x11, 0x4b, 0xfd, 0x10, 0xb, 0xf7, 0x0,
    0x0, 0x0, 0x7f, 0xb0, 0x4f, 0xa0, 0x6f, 0xfe,
    0xb1, 0xa, 0xf3, 0x9f, 0x20, 0x7f, 0x23, 0xf9,
    0x3, 0xf9, 0xcf, 0x0, 0x7f, 0x1, 0xfa, 0x0,
    0xfb, 0xce, 0x0, 0x7f, 0xef, 0xe2, 0x0, 0xfc,
    0xbf, 0x10, 0x7f, 0x28, 0xf1, 0x1, 0xfa, 0x6f,
    0x70, 0x7f, 0x1, 0xf9, 0x7, 0xf5, 0xe, 0xf2,
    0x14, 0x0, 0x34, 0x3f, 0xd0, 0x4, 0xff, 0x50,
    0x0, 0x6, 0xff, 0x30, 0x0, 0x4e, 0xfe, 0xbb,
    0xef, 0xe4, 0x0, 0x0, 0x1, 0x8d, 0xff, 0xc7,
    0x10, 0x0,

    /* U+00AF "¯" */
    0x9d, 0xdd, 0xdd, 0xbb, 0xff, 0xff, 0xfe,

    /* U+00B0 "°" */
    0x0, 0x5c, 0xec, 0x50, 0x0, 0x8f, 0xff, 0xff,
    0x80, 0x2f, 0xf5, 0x5, 0xff, 0x27, 0xf8, 0x0,
    0x9, 0xf6, 0x7f, 0x80, 0x0, 0x8f, 0x73, 0xfe,
    0x30, 0x3f, 0xf3, 0x9, 0xff, 0xff, 0xf9, 0x0,
    0x7, 0xdf, 0xd6, 0x0,

    /* U+00B1 "±" */
    0x0, 0x0, 0x2f, 0xf2, 0x0, 0x0, 0x0, 0x0,
    0x2f, 0xf2, 0x0, 0x0, 0x0, 0x0, 0x2f, 0xf2,
    0x0, 0x0, 0xaf, 0xff, 0xff, 0xff, 0xff, 0xfb,
    0xaf, 0xff, 0xff, 0xff, 0xff, 0xfb, 0x23, 0x33,
    0x4f, 0xf5, 0x33, 0x32, 0x0, 0x0, 0x2f, 0xf2,
    0x0, 0x0, 0x0, 0x0, 0x2f, 0xf2, 0x0, 0x0,
    0x0, 0x0, 0x1a, 0xa1, 0x0, 0x0, 0x0, 0x0,
    0x0, 0x0, 0x0, 0x0, 0xaf, 0xff, 0xff, 0xff,
    0xff, 0xfb, 0xaf, 0xff, 0xff, 0xff, 0xff, 0xfb,
    0x23, 0x33, 0x33, 0x33, 0x33, 0x32,

    /* U+00B2 "²" */
    0x4, 0xbe, 0xfd, 0x81, 0x5, 0xff, 0xdc, 0xff,
    0xd0, 0x9d, 0x80, 0x2, 0xff, 0x30, 0x0, 0x0,
    0x4f, 0xf0, 0x0, 0x0, 0x6f, 0xf5, 0x0, 0x1,
    0xbf, 0xd3, 0x0, 0x6, 0xff, 0x70, 0x0, 0x8,
    0xff, 0xfd, 0xdd, 0xd7, 0xaf, 0xff, 0xff, 0xff,
    0x80,

    /* U+00B3 "³" */
    0x4, 0xbe, 0xfe, 0xb3, 0x4, 0xff, 0xec, 0xef,
    0xf3, 0x35, 0x40, 0x2, 0xff, 0x40, 0x0, 0xcf,
    0xfc, 0x40, 0x0, 0x6, 0x8b, 0xfd, 0x20, 0x0,
    0x0, 0xb, 0xfb, 0xaf, 0xa0, 0x1, 0xdf, 0xb4,
    0xff, 0xfd, 0xff, 0xf4, 0x3, 0xae, 0xfe, 0xa3,
    0x0,

    /* U+00B4 "´" */
    0x0, 0x37, 0x60, 0x0, 0xdf, 0xa0, 0x5, 0xfe,
    0x10, 0xc, 0xf4, 0x0,

    /* U+00B5 "µ" */
    0x4f, 0xf5, 0x0, 0x0, 0xd, 0xfb, 0x0, 0x4f,
    0xf5, 0x0, 0x0, 0xd, 0xfb, 0x0, 0x4f, 0xf5,
    0x0, 0x0, 0xd, 0xfb, 0x0, 0x4f, 0xf5, 0x0,
    0x0, 0xd, 0xfb, 0x0, 0x4f, 0xf5, 0x0, 0x0,
    0xd, 0xfb, 0x0, 0x4f, 0xf5, 0x0, 0x0, 0xd,
    0xfb, 0x0, 0x4f, 0xf5, 0x0, 0x0, 0xd, 0xfb,
    0x0, 0x4f, 0xf5, 0x0, 0x0, 0xd, 0xfb, 0x0,
    0x4f, 0xf6, 0x0, 0x0, 0xf, 0xfb, 0x0, 0x4f,
    0xfa, 0x0, 0x0, 0x3f, 0xfb, 0x0, 0x4f, 0xff,
    0x81, 0x4, 0xdf, 0xfd, 0x0, 0x4f, 0xfc, 0xff,
    0xff, 0xf8, 0xff, 0xf4, 0x4f, 0xf5, 0x7e, 0xfb,
    0x30, 0x8e, 0xf4, 0x4f, 0xf5, 0x0, 0x0, 0x0,
    0x0, 0x0, 0x4f, 0xf5, 0x0, 0x0, 0x0, 0x0,
    0x0, 0x4f, 0xf5, 0x0, 0x0, 0x0, 0x0, 0x0,
    0x4f, 0xf5, 0x0, 0x0, 0x0, 0x0, 0x0, 0x4f,
    0xf5, 0x0, 0x0, 0x0, 0x0, 0x0,

    /* U+00B6 "¶" */
    0x0, 0x18, 0xdf, 0xff, 0xff, 0xf8, 0x4, 0xff,
    0xff, 0xff, 0xff, 0xf8, 0x1f, 0xff, 0xff, 0xf2,
    0x2e, 0xf8, 0x8f, 0xff, 0xff, 0xf0, 0xe, 0xf8,
    0xbf, 0xff, 0xff, 0xf0, 0xe, 0xf8, 0xcf, 0xff,
    0xff, 0xf0, 0xe, 0xf8, 0xbf, 0xff, 0xff, 0xf0,
    0xe, 0xf8, 0x6f, 0xff, 0xff, 0xf0, 0xe, 0xf8,
    0xd, 0xff, 0xff, 0xf0, 0xe, 0xf8, 0x1, 0xcf,
    0xff, 0xf0, 0xe, 0xf8, 0x0, 0x4, 0x8a, 0xb0,
    0xe, 0xf8, 0x0, 0x0, 0x0, 0x0, 0xe, 0xf8,
    0x0, 0x0, 0x0, 0x0, 0xe, 0xf8, 0x0, 0x0,
    0x0, 0x0, 0xe, 0xf8, 0x0, 0x0, 0x0, 0x0,
    0xe, 0xf8, 0x0, 0x0, 0x0, 0x0, 0xe, 0xf8,
    0x0, 0x0, 0x0, 0x0, 0xe, 0xf8,

    /* U+00B7 "·" */
    0x0, 0x52, 0x0, 0xdf, 0xf2, 0xf, 0xff, 0x50,
    0x8f, 0xb0,

    /* U+00B8 "¸" */
    0x2f, 0x10, 0x4, 0xf7, 0x20, 0x39, 0xdf, 0x20,
    0x8, 0xf4, 0xdf, 0xfd, 0x13, 0x32, 0x0,

    /* U+00B9 "¹" */
    0x5, 0xef, 0xf2, 0xaf, 0xff, 0xf2, 0xb7, 0x2f,
    0xf2, 0x0, 0x2f, 0xf2, 0x0, 0x2f, 0xf2, 0x0,
    0x2f, 0xf2, 0x0, 0x2f, 0xf2, 0x0, 0x2f, 0xf2,
    0x0, 0x2f, 0xf2,

    /* U+00BA "º" */
    0x0, 0x7, 0xdf, 0xeb, 0x40, 0x0, 0xc, 0xff,
    0xef, 0xff, 0x70, 0x8, 0xfe, 0x30, 0x8, 0xff,
    0x30, 0xef, 0x70, 0x0, 0xd, 0xf8, 0x1f, 0xf3,
    0x0, 0x0, 0x9f, 0xb1, 0xff, 0x30, 0x0, 0x9,
    0xfb, 0xe, 0xf7, 0x0, 0x0, 0xdf, 0x80, 0x8f,
    0xe3, 0x0, 0x8f, 0xf3, 0x0, 0xcf, 0xfe, 0xff,
    0xf7, 0x0, 0x0, 0x7d, 0xfe, 0xb4, 0x0,

    /* U+00BB "»" */
    0xa, 0xff, 0x30, 0xaf, 0xf3, 0x0, 0x0, 0x0,
    0xcf, 0xe2, 0xc, 0xfe, 0x20, 0x0, 0x0, 0x1d,
    0xfd, 0x11, 0xdf, 0xd1, 0x0, 0x0, 0x2, 0xff,
    0xc0, 0x2f, 0xfc, 0x0, 0x0, 0x0, 0x4f, 0xfa,
    0x4, 0xff, 0xa0, 0x0, 0x0, 0xa, 0xff, 0x30,
    0xaf, 0xf4, 0x0, 0x0, 0x6f, 0xf8, 0x6, 0xff,
    0x80, 0x0, 0x4, 0xff, 0xa0, 0x4f, 0xfa, 0x0,
    0x0, 0x2e, 0xfc, 0x2, 0xef, 0xc0, 0x0, 0x1,
    0xdf, 0xd1, 0x1d, 0xfd, 0x10, 0x0, 0x9, 0xdd,
    0x20, 0x9d, 0xd2, 0x0, 0x0,

    /* U+00BC "¼" */
    0x1, 0xbf, 0xf4, 0x0, 0x0, 0x0, 0x1, 0xef,
    0x20, 0x0, 0xef, 0xef, 0x40, 0x0, 0x0, 0x0,
    0xbf, 0x60, 0x0, 0x1d, 0x2c, 0xf4, 0x0, 0x0,
    0x0, 0x6f, 0xb0, 0x0, 0x0, 0x0, 0xcf, 0x40,
    0x0, 0x0, 0x2f, 0xe1, 0x0, 0x0, 0x0, 0xc,
    0xf4, 0x0, 0x0, 0xc, 0xf5, 0x0, 0x0, 0x0,
    0x0, 0xcf, 0x40, 0x0, 0x7, 0xfa, 0x0, 0x0,
    0x0, 0x0, 0xc, 0xf4, 0x0, 0x2, 0xfe, 0x10,
    0x0, 0x0, 0x0, 0x0, 0xcf, 0x40, 0x0, 0xcf,
    0x40, 0x0, 0x44, 0x20, 0x0, 0xc, 0xf4, 0x0,
    0x8f, 0x90, 0x0, 0x7f, 0xf8, 0x0, 0x0, 0x46,
    0x10, 0x3f, 0xd0, 0x0, 0x1f, 0xff, 0x80, 0x0,
    0x0, 0x0, 0xd, 0xf3, 0x0, 0x9, 0xfa, 0xf8,
    0x0, 0x0, 0x0, 0x9, 0xf8, 0x0, 0x3, 0xfb,
    0x6f, 0x80, 0x0, 0x0, 0x4, 0xfd, 0x0, 0x0,
    0xcf, 0x36, 0xf8, 0x0, 0x0, 0x0, 0xef, 0x30,
    0x0, 0x5f, 0xa0, 0x6f, 0x80, 0x0, 0x0, 0xaf,
    0x70, 0x0, 0xc, 0xfc, 0xac, 0xfd, 0x60, 0x0,
    0x5f, 0xc0, 0x0, 0x0, 0xdf, 0xff, 0xff, 0xfa,
    0x0, 0x1e, 0xf2, 0x0, 0x0, 0x0, 0x0, 0x7,
    0xf8, 0x0, 0x4, 0x84, 0x0, 0x0, 0x0, 0x0,
    0x0, 0x38, 0x40,

    /* U+00BD "½" */
    0x0, 0x26, 0x61, 0x0, 0x0, 0x0, 0x0, 0x46,
    0x10, 0x0, 0x6, 0xff, 0xf4, 0x0, 0x0, 0x0,
    0x4, 0xfc, 0x0, 0x0, 0x1f, 0xcd, 0xf4, 0x0,
    0x0, 0x0, 0x1e, 0xf2, 0x0, 0x0, 0x18, 0xc,
    0xf4, 0x0, 0x0, 0x0, 0xaf, 0x70, 0x0, 0x0,
    0x0, 0xc, 0xf4, 0x0, 0x0, 0x5, 0xfc, 0x0,
    0x0, 0x0, 0x0, 0xc, 0xf4, 0x0, 0x0, 0x1f,
    0xf2, 0x0, 0x0, 0x0, 0x0, 0xc, 0xf4, 0x0,
    0x0, 0xbf, 0x60, 0x0, 0x0, 0x0, 0x0, 0xc,
    0xf4, 0x0, 0x7, 0xfb, 0x0, 0x0, 0x0, 0x0,
    0x0, 0xc, 0xf4, 0x0, 0x2f, 0xe1, 0x0, 0x6a,
    0xb7, 0x0, 0x0, 0xc, 0xf4, 0x0, 0xcf, 0x40,
    0xa, 0xff, 0xff, 0xd0, 0x0, 0x0, 0x0, 0x8,
    0xf9, 0x0, 0x1f, 0xe2, 0x1d, 0xf5, 0x0, 0x0,
    0x0, 0x3f, 0xd0, 0x0, 0x0, 0x0, 0xa, 0xf5,
    0x0, 0x0, 0x0, 0xdf, 0x30, 0x0, 0x0, 0x0,
    0x3f, 0xe0, 0x0, 0x0, 0x9, 0xf8, 0x0, 0x0,
    0x0, 0x2, 0xef, 0x40, 0x0, 0x0, 0x4f, 0xd0,
    0x0, 0x0, 0x0, 0x2e, 0xf6, 0x0, 0x0, 0x1,
    0xef, 0x20, 0x0, 0x0, 0x1, 0xdf, 0x70, 0x0,
    0x0, 0xa, 0xf7, 0x0, 0x0, 0x0, 0xd, 0xff,
    0xbb, 0xb6, 0x0, 0x5f, 0xc0, 0x0, 0x0, 0x0,
    0x1f, 0xff, 0xff, 0xf9,

    /* U+00BE "¾" */
    0x5, 0xcf, 0xe8, 0x0, 0x0, 0x0, 0x0, 0x3f,
    0xe1, 0x0, 0x6f, 0xfb, 0xdf, 0x90, 0x0, 0x0,
    0x0, 0xdf, 0x40, 0x0, 0x57, 0x20, 0x2f, 0xe0,
    0x0, 0x0, 0x8, 0xf9, 0x0, 0x0, 0x0, 0x0,
    0x6f, 0xb0, 0x0, 0x0, 0x3f, 0xd0, 0x0, 0x0,
    0x0, 0x7f, 0xfb, 0x10, 0x0, 0x0, 0xdf, 0x30,
    0x0, 0x0, 0x0, 0x38, 0xcf, 0xb0, 0x0, 0x9,
    0xf8, 0x0, 0x0, 0x0, 0x0, 0x0, 0xe, 0xf4,
    0x0, 0x4f, 0xd0, 0x0, 0x0, 0x0, 0x8a, 0x50,
    0x3f, 0xf3, 0x1, 0xef, 0x30, 0x0, 0x0, 0x0,
    0x6f, 0xff, 0xff, 0xa0, 0xa, 0xf7, 0x0, 0x7,
    0xff, 0x60, 0x3, 0x8a, 0x94, 0x0, 0x5f, 0xc0,
    0x0, 0x1f, 0xff, 0x60, 0x0, 0x0, 0x0, 0x1,
    0xef, 0x20, 0x0, 0xaf, 0xcf, 0x60, 0x0, 0x0,
    0x0, 0xb, 0xf6, 0x0, 0x3, 0xfa, 0x8f, 0x60,
    0x0, 0x0, 0x0, 0x6f, 0xb0, 0x0, 0xd, 0xf2,
    0x8f, 0x60, 0x0, 0x0, 0x2, 0xff, 0x10, 0x0,
    0x6f, 0x90, 0x8f, 0x60, 0x0, 0x0, 0xc, 0xf5,
    0x0, 0x0, 0xef, 0xba, 0xdf, 0xc5, 0x0, 0x0,
    0x7f, 0xa0, 0x0, 0x0, 0xff, 0xff, 0xff, 0xf8,
    0x0, 0x2, 0xfe, 0x10, 0x0, 0x0, 0x0, 0x0,
    0x9f, 0x60, 0x0, 0x5, 0x83, 0x0, 0x0, 0x0,
    0x0, 0x0, 0x48, 0x30,

    /* U+00BF "¿" */
    0x0, 0x0, 0x5e, 0xd2, 0x0, 0x0, 0x0, 0xc,
    0xff, 0x90, 0x0, 0x0, 0x0, 0x9f, 0xf5, 0x0,
    0x0, 0x0, 0x0, 0x43, 0x0, 0x0, 0x0, 0x0,
    0x0, 0x0, 0x0, 0x0, 0x0, 0x2, 0x88, 0x10,
    0x0, 0x0, 0x0, 0x6f, 0xf1, 0x0, 0x0, 0x0,
    0xb, 0xff, 0x0, 0x0, 0x0, 0x8, 0xff, 0xa0,
    0x0, 0x0, 0x1c, 0xff, 0xd1, 0x0, 0x0, 0xd,
    0xff, 0xa0, 0x0, 0x0, 0x7, 0xff, 0x90, 0x0,
    0x0, 0x0, 0xbf, 0xf0, 0x0, 0x0, 0x0, 0xc,
    0xfd, 0x0, 0x0, 0xb, 0xc7, 0xaf, 0xf2, 0x0,
    0x4, 0xff, 0x74, 0xff, 0xd5, 0x26, 0xef, 0xf1,
    0x8, 0xff, 0xff, 0xff, 0xf5, 0x0, 0x4, 0xbe,
    0xfe, 0xa3, 0x0,

    /* U+00C0 "À" */
    0x0, 0x0, 0x6, 0xff, 0x20, 0x0, 0x0, 0x0,
    0x0, 0x0, 0x0, 0xc, 0xf9, 0x0, 0x0, 0x0,
    0x0, 0x0, 0x0, 0x0, 0x2f, 0xf1, 0x0, 0x0,
    0x0, 0x0, 0x0, 0x0, 0x0, 0x46, 0x20, 0x0,
    0x0, 0x0, 0x0, 0x0, 0x0, 0x0, 0x0, 0x0,
    0x0, 0x0, 0x0, 0x0, 0x0, 0x5, 0xff, 0xf4,
    0x0, 0x0, 0x0, 0x0, 0x0, 0x0, 0xbf, 0xff,
    0xa0, 0x0, 0x0, 0x0, 0x0, 0x0, 0x1f, 0xfa,
    0xff, 0x0, 0x0, 0x0, 0x0, 0x0, 0x7, 0xff,
    0x2f, 0xf6, 0x0, 0x0, 0x0, 0x0, 0x0, 0xdf,
    0xa0, 0xcf, 0xc0, 0x0, 0x0, 0x0, 0x0, 0x3f,
    0xf5, 0x7, 0xff, 0x20, 0x0, 0x0, 0x0, 0x9,
    0xff, 0x10, 0x2f, 0xf8, 0x0, 0x0, 0x0, 0x0,
    0xef, 0xb0, 0x0, 0xcf, 0xe0, 0x0, 0x0, 0x0,
    0x4f, 0xf5, 0x0, 0x6, 0xff, 0x40, 0x0, 0x0,
    0xa, 0xff, 0x0, 0x0, 0x1f, 0xfa, 0x0, 0x0,
    0x0, 0xff, 0xff, 0xff, 0xff, 0xff, 0xf0, 0x0,
    0x0, 0x6f, 0xff, 0xff, 0xff, 0xff, 0xff, 0x50,
    0x0, 0xc, 0xfe, 0x22, 0x22, 0x22, 0x2f, 0xfb,
    0x0, 0x2, 0xff, 0x90, 0x0, 0x0, 0x0, 0xaf,
    0xf1, 0x0, 0x7f, 0xf4, 0x0, 0x0, 0x0, 0x4,
    0xff, 0x70, 0xd, 0xff, 0x0, 0x0, 0x0, 0x0,
    0xf, 0xfd, 0x3, 0xff, 0xa0, 0x0, 0x0, 0x0,
    0x0, 0xaf, 0xf3,

    /* U+00C1 "Á" */
    0x0, 0x0, 0x0, 0x0, 0x2f, 0xf6, 0x0, 0x0,
    0x0, 0x0, 0x0, 0x0, 0xa, 0xfb, 0x0, 0x0,
    0x0, 0x0, 0x0, 0x0, 0x2, 0xfe, 0x10, 0x0,
    0x0, 0x0, 0x0, 0x0, 0x0, 0x36, 0x30, 0x0,
    0x0, 0x0, 0x0, 0x0, 0x0, 0x0, 0x0, 0x0,
    0x0, 0x0, 0x0, 0x0, 0x0, 0x5, 0xff, 0xf4,
    0x0, 0x0, 0x0, 0x0, 0x0, 0x0, 0xbf, 0xff,
    0xa0, 0x0, 0x0, 0x0, 0x0, 0x0, 0x1f, 0xfa,
    0xff, 0x0, 0x0, 0x0, 0x0, 0x0, 0x7, 0xff,
    0x2f, 0xf6, 0x0, 0x0, 0x0, 0x0, 0x0, 0xdf,
    0xa0, 0xcf, 0xc0, 0x0, 0x0, 0x0, 0x0, 0x3f,
    0xf5, 0x7, 0xff, 0x20, 0x0, 0x0, 0x0, 0x9,
    0xff, 0x10, 0x2f, 0xf8, 0x0, 0x0, 0x0, 0x0,
    0xef, 0xb0, 0x0, 0xcf, 0xe0, 0x0, 0x0, 0x0,
    0x4f, 0xf5, 0x0, 0x6, 0xff, 0x40, 0x0, 0x0,
    0xa, 0xff, 0x0, 0x0, 0x1f, 0xfa, 0x0, 0x0,
    0x0, 0xff, 0xff, 0xff, 0xff, 0xff, 0xf0, 0x0,
    0x0, 0x6f, 0xff, 0xff, 0xff, 0xff, 0xff, 0x50,
    0x0, 0xc, 0xfe, 0x22, 0x22, 0x22, 0x2f, 0xfb,
    0x0, 0x2, 0xff, 0x90, 0x0, 0x0, 0x0, 0xaf,
    0xf1, 0x0, 0x7f, 0xf4, 0x0, 0x0, 0x0, 0x4,
    0xff, 0x70, 0xd, 0xff, 0x0, 0x0, 0x0, 0x0,
    0xf, 0xfd, 0x3, 0xff, 0xa0, 0x0, 0x0, 0x0,
    0x0, 0xaf, 0xf3,

    /* U+00C2 "Â" */
    0x0, 0x0, 0x0, 0x3e, 0xfe, 0x20, 0x0, 0x0,
    0x0, 0x0, 0x0, 0x3f, 0xf7, 0xfe, 0x20, 0x0,
    0x0, 0x0, 0x0, 0x3f, 0xf4, 0x4, 0xfe, 0x20,
    0x0, 0x0, 0x0, 0x0, 0x0, 0x0, 0x0, 0x0,
    0x0, 0x0, 0x0, 0x0, 0x0, 0x0, 0x0, 0x0,
    0x0, 0x0, 0x0, 0x0, 0x0, 0x5, 0xff, 0xf4,
    0x0, 0x0, 0x0, 0x0, 0x0, 0x0, 0xbf, 0xff,
    0xa0, 0x0, 0x0, 0x0, 0x0, 0x0, 0x1f, 0xfa,
    0xff, 0x0, 0x0, 0x0, 0x0, 0x0, 0x7, 0xff,
    0x2f, 0xf6, 0x0, 0x0, 0x0, 0x0, 0x0, 0xdf,
    0xa0, 0xcf, 0xc0, 0x0, 0x0, 0x0, 0x0, 0x3f,
    0xf5, 0x7, 0xff, 0x20, 0x0, 0x0, 0x0, 0x9,
    0xff, 0x10, 0x2f, 0xf8, 0x0, 0x0, 0x0, 0x0,
    0xef, 0xb0, 0x0, 0xcf, 0xe0, 0x0, 0x0, 0x0,
    0x4f, 0xf5, 0x0, 0x6, 0xff, 0x40, 0x0, 0x0,
    0xa, 0xff, 0x0, 0x0, 0x1f, 0xfa, 0x0, 0x0,
    0x0, 0xff, 0xff, 0xff, 0xff, 0xff, 0xf0, 0x0,
    0x0, 0x6f, 0xff, 0xff, 0xff, 0xff, 0xff, 0x50,
    0x0, 0xc, 0xfe, 0x22, 0x22, 0x22, 0x2f, 0xfb,
    0x0, 0x2, 0xff, 0x90, 0x0, 0x0, 0x0, 0xaf,
    0xf1, 0x0, 0x7f, 0xf4, 0x0, 0x0, 0x0, 0x4,
    0xff, 0x70, 0xd, 0xff, 0x0, 0x0, 0x0, 0x0,
    0xf, 0xfd, 0x3, 0xff, 0xa0, 0x0, 0x0, 0x0,
    0x0, 0xaf, 0xf3,

    /* U+00C3 "Ã" */
    0x0, 0x0, 0x5, 0xee, 0x81, 0xaf, 0x0, 0x0,
    0x0, 0x0, 0x0, 0xee, 0xbf, 0xff, 0xb0, 0x0,
    0x0, 0x0, 0x0, 0x9, 0x50, 0x27, 0x81, 0x0,
    0x0, 0x0, 0x0, 0x0, 0x0, 0x0, 0x0, 0x0,
    0x0, 0x0, 0x0, 0x0, 0x0, 0x0, 0x0, 0x0,
    0x0, 0x0, 0x0, 0x0, 0x0, 0x5, 0xff, 0xf4,
    0x0, 0x0, 0x0, 0x0, 0x0, 0x0, 0xbf, 0xff,
    0xa0, 0x0, 0x0, 0x0, 0x0, 0x0, 0x1f, 0xfa,
    0xff, 0x0, 0x0, 0x0, 0x0, 0x0, 0x7, 0xff,
    0x2f, 0xf6, 0x0, 0x0, 0x0, 0x0, 0x0, 0xdf,
    0xa0, 0xcf, 0xc0, 0x0, 0x0, 0x0, 0x0, 0x3f,
    0xf5, 0x7, 0xff, 0x20, 0x0, 0x0, 0x0, 0x9,
    0xff, 0x10, 0x2f, 0xf8, 0x0, 0x0, 0x0, 0x0,
    0xef, 0xb0, 0x0, 0xcf, 0xe0, 0x0, 0x0, 0x0,
    0x4f, 0xf5, 0x0, 0x6, 0xff, 0x40, 0x0, 0x0,
    0xa, 0xff, 0x0, 0x0, 0x1f, 0xfa, 0x0, 0x0,
    0x0, 0xff, 0xff, 0xff, 0xff, 0xff, 0xf0, 0x0,
    0x0, 0x6f, 0xff, 0xff, 0xff, 0xff, 0xff, 0x50,
    0x0, 0xc, 0xfe, 0x22, 0x22, 0x22, 0x2f, 0xfb,
    0x0, 0x2, 0xff, 0x90, 0x0, 0x0, 0x0, 0xaf,
    0xf1, 0x0, 0x7f, 0xf4, 0x0, 0x0, 0x0, 0x4,
    0xff, 0x70, 0xd, 0xff, 0x0, 0x0, 0x0, 0x0,
    0xf, 0xfd, 0x3, 0xff, 0xa0, 0x0, 0x0, 0x0,
    0x0, 0xaf, 0xf3,

    /* U+00C4 "Ä" */
    0x0, 0x0, 0x2d, 0xd2, 0x2, 0xdd, 0x20, 0x0,
    0x0, 0x0, 0x7, 0xff, 0x60, 0x7f, 0xf7, 0x0,
    0x0, 0x0, 0x0, 0x2c, 0xc1, 0x1, 0xcc, 0x10,
    0x0, 0x0, 0x0, 0x0, 0x0, 0x0, 0x0, 0x0,
    0x0, 0x0, 0x0, 0x0, 0x0, 0x0, 0x0, 0x0,
    0x0, 0x0, 0x0, 0x0, 0x0, 0x5, 0xff, 0xf4,
    0x0, 0x0, 0x0, 0x0, 0x0, 0x0, 0xbf, 0xff,
    0xa0, 0x0, 0x0, 0x0, 0x0, 0x0, 0x1f, 0xfa,
    0xff, 0x0, 0x0, 0x0, 0x0, 0x0, 0x7, 0xff,
    0x2f, 0xf6, 0x0, 0x0, 0x0, 0x0, 0x0, 0xdf,
    0xa0, 0xcf, 0xc0, 0x0, 0x0, 0x0, 0x0, 0x3f,
    0xf5, 0x7, 0xff, 0x20, 0x0, 0x0, 0x0, 0x9,
    0xff, 0x10, 0x2f, 0xf8, 0x0, 0x0, 0x0, 0x0,
    0xef, 0xb0, 0x0, 0xcf, 0xe0, 0x0, 0x0, 0x0,
    0x4f, 0xf5, 0x0, 0x6, 0xff, 0x40, 0x0, 0x0,
    0xa, 0xff, 0x0, 0x0, 0x1f, 0xfa, 0x0, 0x0,
    0x0, 0xff, 0xff, 0xff, 0xff, 0xff, 0xf0, 0x0,
    0x0, 0x6f, 0xff, 0xff, 0xff, 0xff, 0xff, 0x50,
    0x0, 0xc, 0xfe, 0x22, 0x22, 0x22, 0x2f, 0xfb,
    0x0, 0x2, 0xff, 0x90, 0x0, 0x0, 0x0, 0xaf,
    0xf1, 0x0, 0x7f, 0xf4, 0x0, 0x0, 0x0, 0x4,
    0xff, 0x70, 0xd, 0xff, 0x0, 0x0, 0x0, 0x0,
    0xf, 0xfd, 0x3, 0xff, 0xa0, 0x0, 0x0, 0x0,
    0x0, 0xaf, 0xf3,

    /* U+00C5 "Å" */
    0x0, 0x0, 0x0, 0x0, 0x10, 0x0, 0x0, 0x0,
    0x0, 0x0, 0x0, 0x7, 0xff, 0xf7, 0x0, 0x0,
    0x0, 0x0, 0x0, 0x5, 0xfb, 0x5b, 0xf5, 0x0,
    0x0, 0x0, 0x0, 0x0, 0x9f, 0x10, 0x1f, 0x90,
    0x0, 0x0, 0x0, 0x0, 0x6, 0xf9, 0x29, 0xf6,
    0x0, 0x0, 0x0, 0x0, 0x0, 0xa, 0xff, 0xfa,
    0x0, 0x0, 0x0, 0x0, 0x0, 0x0, 0x2, 0x42,
    0x0, 0x0, 0x0, 0x0, 0x0, 0x0, 0x5, 0xff,
    0xf4, 0x0, 0x0, 0x0, 0x0, 0x0, 0x0, 0xbf,
    0xff, 0xa0, 0x0, 0x0, 0x0, 0x0, 0x0, 0x1f,
    0xfa, 0xff, 0x0, 0x0, 0x0, 0x0, 0x0, 0x7,
    0xff, 0x2f, 0xf6, 0x0, 0x0, 0x0, 0x0, 0x0,
    0xdf, 0xa0, 0xcf, 0xc0, 0x0, 0x0, 0x0, 0x0,
    0x3f, 0xf5, 0x7, 0xff, 0x20, 0x0, 0x0, 0x0,
    0x9, 0xff, 0x10, 0x2f, 0xf8, 0x0, 0x0, 0x0,
    0x0, 0xef, 0xb0, 0x0, 0xcf, 0xe0, 0x0, 0x0,
    0x0, 0x4f, 0xf5, 0x0, 0x6, 0xff, 0x40, 0x0,
    0x0, 0xa, 0xff, 0x0, 0x0, 0x1f, 0xfa, 0x0,
    0x0, 0x0, 0xff, 0xff, 0xff, 0xff, 0xff, 0xf0,
    0x0, 0x0, 0x6f, 0xff, 0xff, 0xff, 0xff, 0xff,
    0x50, 0x0, 0xc, 0xfe, 0x22, 0x22, 0x22, 0x2f,
    0xfb, 0x0, 0x2, 0xff, 0x90, 0x0, 0x0, 0x0,
    0xaf, 0xf1, 0x0, 0x7f, 0xf4, 0x0, 0x0, 0x0,
    0x4, 0xff, 0x70, 0xd, 0xff, 0x0, 0x0, 0x0,
    0x0, 0xf, 0xfd, 0x3, 0xff, 0xa0, 0x0, 0x0,
    0x0, 0x0, 0xaf, 0xf3,

    /* U+00C6 "Æ" */
    0x0, 0x0, 0x0, 0x0, 0x8f, 0xff, 0xff, 0xff,
    0xff, 0xff, 0xff, 0x80, 0x0, 0x0, 0x0, 0x1f,
    0xfd, 0xcf, 0xff, 0xff, 0xff, 0xff, 0xf8, 0x0,
    0x0, 0x0, 0x7, 0xff, 0x35, 0xff, 0x64, 0x44,
    0x44, 0x44, 0x20, 0x0, 0x0, 0x0, 0xef, 0xb0,
    0x5f, 0xf3, 0x0, 0x0, 0x0, 0x0, 0x0, 0x0,
    0x0, 0x7f, 0xf3, 0x5, 0xff, 0x30, 0x0, 0x0,
    0x0, 0x0, 0x0, 0x0, 0xe, 0xfc, 0x0, 0x5f,
    0xf3, 0x0, 0x0, 0x0, 0x0, 0x0, 0x0, 0x6,
    0xff, 0x40, 0x5, 0xff, 0x30, 0x0, 0x0, 0x0,
    0x0, 0x0, 0x0, 0xdf, 0xc0, 0x0, 0x5f, 0xff,
    0xff, 0xff, 0xff, 0xf0, 0x0, 0x0, 0x5f, 0xf4,
    0x0, 0x5, 0xff, 0xff, 0xff, 0xff, 0xff, 0x0,
    0x0, 0xd, 0xfc, 0x0, 0x0, 0x5f, 0xf6, 0x33,
    0x33, 0x33, 0x30, 0x0, 0x4, 0xff, 0xff, 0xff,
    0xff, 0xff, 0x30, 0x0, 0x0, 0x0, 0x0, 0x0,
    0xcf, 0xff, 0xff, 0xff, 0xff, 0xf3, 0x0, 0x0,
    0x0, 0x0, 0x0, 0x4f, 0xf7, 0x11, 0x11, 0x16,
    0xff, 0x30, 0x0, 0x0, 0x0, 0x0, 0xb, 0xff,
    0x0, 0x0, 0x0, 0x5f, 0xf3, 0x0, 0x0, 0x0,
    0x0, 0x3, 0xff, 0x90, 0x0, 0x0, 0x5, 0xff,
    0x64, 0x44, 0x44, 0x44, 0x20, 0xbf, 0xf2, 0x0,
    0x0, 0x0, 0x5f, 0xff, 0xff, 0xff, 0xff, 0xf9,
    0x2f, 0xfc, 0x0, 0x0, 0x0, 0x5, 0xff, 0xff,
    0xff, 0xff, 0xff, 0x90,

    /* U+00C7 "Ç" */
    0x0, 0x0, 0x28, 0xdf, 0xfd, 0xa5, 0x0, 0x0,
    0x0, 0x7, 0xff, 0xff, 0xff, 0xff, 0xc1, 0x0,
    0x0, 0x9f, 0xff, 0xb7, 0x69, 0xef, 0xfd, 0x10,
    0x5, 0xff, 0xd3, 0x0, 0x0, 0x9, 0xff, 0xa0,
    0xe, 0xff, 0x20, 0x0, 0x0, 0x0, 0xcf, 0xf1,
    0x4f, 0xf8, 0x0, 0x0, 0x0, 0x0, 0x49, 0x92,
    0x7f, 0xf3, 0x0, 0x0, 0x0, 0x0, 0x0, 0x0,
    0x9f, 0xf1, 0x0, 0x0, 0x0, 0x0, 0x0, 0x0,
    0xaf, 0xf0, 0x0, 0x0, 0x0, 0x0, 0x0, 0x0,
    0x9f, 0xf1, 0x0, 0x0, 0x0, 0x0, 0x0, 0x0,
    0x7f, 0xf3, 0x0, 0x0, 0x0, 0x0, 0x0, 0x0,
    0x4f, 0xf8, 0x0, 0x0, 0x0, 0x0, 0x4a, 0xa3,
    0xe, 0xff, 0x20, 0x0, 0x0, 0x0, 0xcf, 0xf1,
    0x5, 0xff, 0xd2, 0x0, 0x0, 0x9, 0xff, 0x90,
    0x0, 0x9f, 0xff, 0xb7, 0x69, 0xef, 0xfd, 0x10,
    0x0, 0x7, 0xff, 0xff, 0xff, 0xff, 0xb1, 0x0,
    0x0, 0x0, 0x29, 0xdf, 0xfd, 0xa4, 0x0, 0x0,
    0x0, 0x0, 0x0, 0x9, 0xc0, 0x0, 0x0, 0x0,
    0x0, 0x0, 0x0, 0xb, 0xff, 0x60, 0x0, 0x0,
    0x0, 0x0, 0x0, 0x1, 0x2d, 0xf0, 0x0, 0x0,
    0x0, 0x0, 0x0, 0x4, 0x4d, 0xe0, 0x0, 0x0,
    0x0, 0x0, 0x0, 0x3f, 0xfd, 0x40, 0x0, 0x0,

    /* U+00C8 "È" */
    0x0, 0x7, 0xff, 0x10, 0x0, 0x0, 0x0, 0x0,
    0xcf, 0x90, 0x0, 0x0, 0x0, 0x0, 0x2f, 0xf1,
    0x0, 0x0, 0x0, 0x0, 0x4, 0x62, 0x0, 0x0,
    0x0, 0x0, 0x0, 0x0, 0x0, 0x0, 0x1f, 0xff,
    0xff, 0xff, 0xff, 0xfe, 0x1f, 0xff, 0xff, 0xff,
    0xff, 0xfe, 0x1f, 0xfb, 0x44, 0x44, 0x44, 0x43,
    0x1f, 0xf9, 0x0, 0x0, 0x0, 0x0, 0x1f, 0xf9,
    0x0, 0x0, 0x0, 0x0, 0x1f, 0xf9, 0x0, 0x0,
    0x0, 0x0, 0x1f, 0xf9, 0x0, 0x0, 0x0, 0x0,
    0x1f, 0xff, 0xff, 0xff, 0xff, 0xf5, 0x1f, 0xff,
    0xff, 0xff, 0xff, 0xf5, 0x1f, 0xfb, 0x44, 0x44,
    0x44, 0x41, 0x1f, 0xf9, 0x0, 0x0, 0x0, 0x0,
    0x1f, 0xf9, 0x0, 0x0, 0x0, 0x0, 0x1f, 0xf9,
    0x0, 0x0, 0x0, 0x0, 0x1f, 0xf9, 0x0, 0x0,
    0x0, 0x0, 0x1f, 0xfb, 0x44, 0x44, 0x44, 0x44,
    0x1f, 0xff, 0xff, 0xff, 0xff, 0xff, 0x1f, 0xff,
    0xff, 0xff, 0xff, 0xff,

    /* U+00C9 "É" */
    0x0, 0x0, 0x0, 0x2f, 0xf6, 0x0, 0x0, 0x0,
    0x0, 0xaf, 0xb0, 0x0, 0x0, 0x0, 0x2, 0xfe,
    0x10, 0x0, 0x0, 0x0, 0x3, 0x63, 0x0, 0x0,
    0x0, 0x0, 0x0, 0x0, 0x0, 0x0, 0x1f, 0xff,
    0xff, 0xff, 0xff, 0xfe, 0x1f, 0xff, 0xff, 0xff,
    0xff, 0xfe, 0x1f, 0xfb, 0x44, 0x44, 0x44, 0x43,
    0x1f, 0xf9, 0x0, 0x0, 0x0, 0x0, 0x1f, 0xf9,
    0x0, 0x0, 0x0, 0x0, 0x1f, 0xf9, 0x0, 0x0,
    0x0, 0x0, 0x1f, 0xf9, 0x0, 0x0, 0x0, 0x0,
    0x1f, 0xff, 0xff, 0xff, 0xff, 0xf5, 0x1f, 0xff,
    0xff, 0xff, 0xff, 0xf5, 0x1f, 0xfb, 0x44, 0x44,
    0x44, 0x41, 0x1f, 0xf9, 0x0, 0x0, 0x0, 0x0,
    0x1f, 0xf9, 0x0, 0x0, 0x0, 0x0, 0x1f, 0xf9,
    0x0, 0x0, 0x0, 0x0, 0x1f, 0xf9, 0x0, 0x0,
    0x0, 0x0, 0x1f, 0xfb, 0x44, 0x44, 0x44, 0x44,
    0x1f, 0xff, 0xff, 0xff, 0xff, 0xff, 0x1f, 0xff,
    0xff, 0xff, 0xff, 0xff,

    /* U+00CA "Ê" */
    0x0, 0x0, 0x3e, 0xfe, 0x20, 0x0, 0x0, 0x3,
    0xff, 0x7f, 0xe2, 0x0, 0x0, 0x3f, 0xf4, 0x5,
    0xfe, 0x20, 0x0, 0x0, 0x0, 0x0, 0x0, 0x0,
    0x0, 0x0, 0x0, 0x0, 0x0, 0x0, 0x1f, 0xff,
    0xff, 0xff, 0xff, 0xfe, 0x1f, 0xff, 0xff, 0xff,
    0xff, 0xfe, 0x1f, 0xfb, 0x44, 0x44, 0x44, 0x43,
    0x1f, 0xf9, 0x0, 0x0, 0x0, 0x0, 0x1f, 0xf9,
    0x0, 0x0, 0x0, 0x0, 0x1f, 0xf9, 0x0, 0x0,
    0x0, 0x0, 0x1f, 0xf9, 0x0, 0x0, 0x0, 0x0,
    0x1f, 0xff, 0xff, 0xff, 0xff, 0xf5, 0x1f, 0xff,
    0xff, 0xff, 0xff, 0xf5, 0x1f, 0xfb, 0x44, 0x44,
    0x44, 0x41, 0x1f, 0xf9, 0x0, 0x0, 0x0, 0x0,
    0x1f, 0xf9, 0x0, 0x0, 0x0, 0x0, 0x1f, 0xf9,
    0x0, 0x0, 0x0, 0x0, 0x1f, 0xf9, 0x0, 0x0,
    0x0, 0x0, 0x1f, 0xfb, 0x44, 0x44, 0x44, 0x44,
    0x1f, 0xff, 0xff, 0xff, 0xff, 0xff, 0x1f, 0xff,
    0xff, 0xff, 0xff, 0xff,

    /* U+00CB "Ë" */
    0x0, 0x2e, 0xd2, 0x2, 0xdd, 0x20, 0x0, 0x7f,
    0xf6, 0x7, 0xff, 0x70, 0x0, 0x2d, 0xc1, 0x2,
    0xcc, 0x10, 0x0, 0x0, 0x0, 0x0, 0x0, 0x0,
    0x0, 0x0, 0x0, 0x0, 0x0, 0x0, 0x1f, 0xff,
    0xff, 0xff, 0xff, 0xfe, 0x1f, 0xff, 0xff, 0xff,
    0xff, 0xfe, 0x1f, 0xfb, 0x44, 0x44, 0x44, 0x43,
    0x1f, 0xf9, 0x0, 0x0, 0x0, 0x0, 0x1f, 0xf9,
    0x0, 0x0, 0x0, 0x0, 0x1f, 0xf9, 0x0, 0x0,
    0x0, 0x0, 0x1f, 0xf9, 0x0, 0x0, 0x0, 0x0,
    0x1f, 0xff, 0xff, 0xff, 0xff, 0xf5, 0x1f, 0xff,
    0xff, 0xff, 0xff, 0xf5, 0x1f, 0xfb, 0x44, 0x44,
    0x44, 0x41, 0x1f, 0xf9, 0x0, 0x0, 0x0, 0x0,
    0x1f, 0xf9, 0x0, 0x0, 0x0, 0x0, 0x1f, 0xf9,
    0x0, 0x0, 0x0, 0x0, 0x1f, 0xf9, 0x0, 0x0,
    0x0, 0x0, 0x1f, 0xfb, 0x44, 0x44, 0x44, 0x44,
    0x1f, 0xff, 0xff, 0xff, 0xff, 0xff, 0x1f, 0xff,
    0xff, 0xff, 0xff, 0xff,

    /* U+00CC "Ì" */
    0xaf, 0xe0, 0x1, 0xef, 0x50, 0x4, 0xfd, 0x0,
    0x5, 0x61, 0x0, 0x0, 0x0, 0x1f, 0xf9, 0x1,
    0xff, 0x90, 0x1f, 0xf9, 0x1, 0xff, 0x90, 0x1f,
    0xf9, 0x1, 0xff, 0x90, 0x1f, 0xf9, 0x1, 0xff,
    0x90, 0x1f, 0xf9, 0x1, 0xff, 0x90, 0x1f, 0xf9,
    0x1, 0xff, 0x90, 0x1f, 0xf9, 0x1, 0xff, 0x90,
    0x1f, 0xf9, 0x1, 0xff, 0x90, 0x1f, 0xf9,

    /* U+00CD "Í" */
    0x0, 0x5f, 0xf3, 0x0, 0xdf, 0x80, 0x5, 0xfc,
    0x0, 0x4, 0x62, 0x0, 0x0, 0x0, 0x0, 0x1f,
    0xf9, 0x0, 0x1f, 0xf9, 0x0, 0x1f, 0xf9, 0x0,
    0x1f, 0xf9, 0x0, 0x1f, 0xf9, 0x0, 0x1f, 0xf9,
    0x0, 0x1f, 0xf9, 0x0, 0x1f, 0xf9, 0x0, 0x1f,
    0xf9, 0x0, 0x1f, 0xf9, 0x0, 0x1f, 0xf9, 0x0,
    0x1f, 0xf9, 0x0, 0x1f, 0xf9, 0x0, 0x1f, 0xf9,
    0x0, 0x1f, 0xf9, 0x0, 0x1f, 0xf9, 0x0, 0x1f,
    0xf9, 0x0,

    /* U+00CE "Î" */
    0x0, 0x6f, 0xfc, 0x10, 0x0, 0x6f, 0xd8, 0xfc,
    0x10, 0x6f, 0xe2, 0x8, 0xfc, 0x10, 0x0, 0x0,
    0x0, 0x0, 0x0, 0x0, 0x0, 0x0, 0x0, 0x1,
    0xff, 0x90, 0x0, 0x0, 0x1f, 0xf9, 0x0, 0x0,
    0x1, 0xff, 0x90, 0x0, 0x0, 0x1f, 0xf9, 0x0,
    0x0, 0x1, 0xff, 0x90, 0x0, 0x0, 0x1f, 0xf9,
    0x0, 0x0, 0x1, 0xff, 0x90, 0x0, 0x0, 0x1f,
    0xf9, 0x0, 0x0, 0x1, 0xff, 0x90, 0x0, 0x0,
    0x1f, 0xf9, 0x0, 0x0, 0x1, 0xff, 0x90, 0x0,
    0x0, 0x1f, 0xf9, 0x0, 0x0, 0x1, 0xff, 0x90,
    0x0, 0x0, 0x1f, 0xf9, 0x0, 0x0, 0x1, 0xff,
    0x90, 0x0, 0x0, 0x1f, 0xf9, 0x0, 0x0, 0x1,
    0xff, 0x90, 0x0,

    /* U+00CF "Ï" */
    0x4e, 0xb0, 0x4, 0xec, 0xa, 0xff, 0x30, 0xaf,
    0xf3, 0x4d, 0xa0, 0x4, 0xdb, 0x0, 0x0, 0x0,
    0x0, 0x0, 0x0, 0x0, 0x0, 0x0, 0x0, 0x1,
    0xff, 0x90, 0x0, 0x0, 0x1f, 0xf9, 0x0, 0x0,
    0x1, 0xff, 0x90, 0x0, 0x0, 0x1f, 0xf9, 0x0,
    0x0, 0x1, 0xff, 0x90, 0x0, 0x0, 0x1f, 0xf9,
    0x0, 0x0, 0x1, 0xff, 0x90, 0x0, 0x0, 0x1f,
    0xf9, 0x0, 0x0, 0x1, 0xff, 0x90, 0x0, 0x0,
    0x1f, 0xf9, 0x0, 0x0, 0x1, 0xff, 0x90, 0x0,
    0x0, 0x1f, 0xf9, 0x0, 0x0, 0x1, 0xff, 0x90,
    0x0, 0x0, 0x1f, 0xf9, 0x0, 0x0, 0x1, 0xff,
    0x90, 0x0, 0x0, 0x1f, 0xf9, 0x0, 0x0, 0x1,
    0xff, 0x90, 0x0,

    /* U+00D0 "Ð" */
    0x0, 0x8f, 0xff, 0xff, 0xfe, 0xc7, 0x10, 0x0,
    0x0, 0x8, 0xff, 0xff, 0xff, 0xff, 0xff, 0x60,
    0x0, 0x0, 0x8f, 0xf6, 0x44, 0x56, 0xaf, 0xff,
    0x80, 0x0, 0x8, 0xff, 0x20, 0x0, 0x0, 0x2d,
    0xff, 0x30, 0x0, 0x8f, 0xf2, 0x0, 0x0, 0x0,
    0x2f, 0xfb, 0x0, 0x8, 0xff, 0x20, 0x0, 0x0,
    0x0, 0x9f, 0xf1, 0x0, 0x8f, 0xf2, 0x0, 0x0,
    0x0, 0x5, 0xff, 0x5b, 0xff, 0xff, 0xff, 0xff,
    0x60, 0x0, 0x2f, 0xf6, 0xcf, 0xff, 0xff, 0xff,
    0xf7, 0x0, 0x1, 0xff, 0x80, 0x8, 0xff, 0x20,
    0x0, 0x0, 0x0, 0x2f, 0xf6, 0x0, 0x8f, 0xf2,
    0x0, 0x0, 0x0, 0x5, 0xff, 0x50, 0x8, 0xff,
    0x20, 0x0, 0x0, 0x0, 0xaf, 0xf1, 0x0, 0x8f,
    0xf2, 0x0, 0x0, 0x0, 0x2f, 0xfb, 0x0, 0x8,
    0xff, 0x20, 0x0, 0x0, 0x3e, 0xff, 0x30, 0x0,
    0x8f, 0xf6, 0x44, 0x57, 0xbf, 0xff, 0x70, 0x0,
    0x8, 0xff, 0xff, 0xff, 0xff, 0xff, 0x50, 0x0,
    0x0, 0x8f, 0xff, 0xff, 0xfe, 0xc7, 0x10, 0x0,
    0x0,

    /* U+00D1 "Ñ" */
    0x0, 0x0, 0xa, 0xfc, 0x52, 0xfa, 0x0, 0x0,
    0x0, 0x0, 0x5f, 0xce, 0xff, 0xf5, 0x0, 0x0,
    0x0, 0x0, 0x49, 0x10, 0x58, 0x50, 0x0, 0x0,
    0x0, 0x0, 0x0, 0x0, 0x0, 0x0, 0x0, 0x0,
    0x0, 0x0, 0x0, 0x0, 0x0, 0x0, 0x0, 0x0,
    0x1f, 0xff, 0x50, 0x0, 0x0, 0x0, 0x7f, 0xf3,
    0x1f, 0xff, 0xe1, 0x0, 0x0, 0x0, 0x7f, 0xf3,
    0x1f, 0xff, 0xfa, 0x0, 0x0, 0x0, 0x7f, 0xf3,
    0x1f, 0xfd, 0xff, 0x40, 0x0, 0x0, 0x7f, 0xf3,
    0x1f, 0xf8, 0xcf, 0xe0, 0x0, 0x0, 0x7f, 0xf3,
    0x1f, 0xf8, 0x3f, 0xf9, 0x0, 0x0, 0x7f, 0xf3,
    0x1f, 0xf9, 0xa, 0xff, 0x30, 0x0, 0x7f, 0xf3,
    0x1f, 0xfa, 0x1, 0xff, 0xd0, 0x0, 0x7f, 0xf3,
    0x1f, 0xfa, 0x0, 0x6f, 0xf8, 0x0, 0x7f, 0xf3,
    0x1f, 0xfa, 0x0, 0xc, 0xff, 0x30, 0x7f, 0xf3,
    0x1f, 0xfa, 0x0, 0x2, 0xff, 0xc0, 0x7f, 0xf3,
    0x1f, 0xfa, 0x0, 0x0, 0x7f, 0xf6, 0x7f, 0xf3,
    0x1f, 0xfa, 0x0, 0x0, 0xc, 0xfe, 0x7f, 0xf3,
    0x1f, 0xfa, 0x0, 0x0, 0x2, 0xff, 0xdf, 0xf3,
    0x1f, 0xfa, 0x0, 0x0, 0x0, 0x8f, 0xff, 0xf3,
    0x1f, 0xfa, 0x0, 0x0, 0x0, 0xd, 0xff, 0xf3,
    0x1f, 0xfa, 0x0, 0x0, 0x0, 0x3, 0xff, 0xf3,

    /* U+00D2 "Ò" */
    0x0, 0x0, 0x6, 0x64, 0x0, 0x0, 0x0, 0x0,
    0x0, 0x0, 0x0, 0x7f, 0xf1, 0x0, 0x0, 0x0,
    0x0, 0x0, 0x0, 0x0, 0xcf, 0x80, 0x0, 0x0,
    0x0, 0x0, 0x0, 0x0, 0x2, 0xfe, 0x0, 0x0,
    0x0, 0x0, 0x0, 0x0, 0x0, 0x0, 0x0, 0x0,
    0x0, 0x0, 0x0, 0x0, 0x0, 0x0, 0x0, 0x0,
    0x0, 0x0, 0x0, 0x0, 0x0, 0x28, 0xdf, 0xfe,
    0xa5, 0x0, 0x0, 0x0, 0x0, 0x7f, 0xff, 0xff,
    0xff, 0xfc, 0x10, 0x0, 0x0, 0x9f, 0xff, 0xb7,
    0x69, 0xef, 0xfe, 0x10, 0x0, 0x5f, 0xfd, 0x20,
    0x0, 0x0, 0x9f, 0xfb, 0x0, 0xe, 0xff, 0x20,
    0x0, 0x0, 0x0, 0xbf, 0xf4, 0x4, 0xff, 0x80,
    0x0, 0x0, 0x0, 0x2, 0xff, 0xa0, 0x7f, 0xf3,
    0x0, 0x0, 0x0, 0x0, 0xd, 0xfe, 0x9, 0xff,
    0x10, 0x0, 0x0, 0x0, 0x0, 0xaf, 0xf0, 0xaf,
    0xf0, 0x0, 0x0, 0x0, 0x0, 0x9, 0xff, 0x19,
    0xff, 0x10, 0x0, 0x0, 0x0, 0x0, 0xaf, 0xf0,
    0x7f, 0xf3, 0x0, 0x0, 0x0, 0x0, 0xd, 0xfe,
    0x4, 0xff, 0x80, 0x0, 0x0, 0x0, 0x2, 0xff,
    0xa0, 0xe, 0xff, 0x20, 0x0, 0x0, 0x0, 0xbf,
    0xf4, 0x0, 0x5f, 0xfd, 0x20, 0x0, 0x0, 0x9f,
    0xfb, 0x0, 0x0, 0x9f, 0xff, 0xb7, 0x69, 0xef,
    0xfe, 0x10, 0x0, 0x0, 0x7f, 0xff, 0xff, 0xff,
    0xfc, 0x10, 0x0, 0x0, 0x0, 0x28, 0xdf, 0xfe,
    0xb5, 0x0, 0x0, 0x0,

    /* U+00D3 "Ó" */
    0x0, 0x0, 0x0, 0x0, 0x16, 0x62, 0x0, 0x0,
    0x0, 0x0, 0x0, 0x0, 0xa, 0xfd, 0x0, 0x0,
    0x0, 0x0, 0x0, 0x0, 0x2, 0xff, 0x20, 0x0,
    0x0, 0x0, 0x0, 0x0, 0x0, 0x9f, 0x70, 0x0,
    0x0, 0x0, 0x0, 0x0, 0x0, 0x0, 0x0, 0x0,
    0x0, 0x0, 0x0, 0x0, 0x0, 0x0, 0x0, 0x0,
    0x0, 0x0, 0x0, 0x0, 0x0, 0x28, 0xdf, 0xfe,
    0xa5, 0x0, 0x0, 0x0, 0x0, 0x7f, 0xff, 0xff,
    0xff, 0xfc, 0x10, 0x0, 0x0, 0x9f, 0xff, 0xb7,
    0x69, 0xef, 0xfe, 0x10, 0x0, 0x5f, 0xfd, 0x20,
    0x0, 0x0, 0x9f, 0xfb, 0x0, 0xe, 0xff, 0x20,
    0x0, 0x0, 0x0, 0xbf, 0xf4, 0x4, 0xff, 0x80,
    0x0, 0x0, 0x0, 0x2, 0xff, 0xa0, 0x7f, 0xf3,
    0x0, 0x0, 0x0, 0x0, 0xd, 0xfe, 0x9, 0xff,
    0x10, 0x0, 0x0, 0x0, 0x0, 0xaf, 0xf0, 0xaf,
    0xf0, 0x0, 0x0, 0x0, 0x0, 0x9, 0xff, 0x19,
    0xff, 0x10, 0x0, 0x0, 0x0, 0x0, 0xaf, 0xf0,
    0x7f, 0xf3, 0x0, 0x0, 0x0, 0x0, 0xd, 0xfe,
    0x4, 0xff, 0x80, 0x0, 0x0, 0x0, 0x2, 0xff,
    0xa0, 0xe, 0xff, 0x20, 0x0, 0x0, 0x0, 0xbf,
    0xf4, 0x0, 0x5f, 0xfd, 0x20, 0x0, 0x0, 0x9f,
    0xfb, 0x0, 0x0, 0x9f, 0xff, 0xb7, 0x69, 0xef,
    0xfe, 0x10, 0x0, 0x0, 0x7f, 0xff, 0xff, 0xff,
    0xfc, 0x10, 0x0, 0x0, 0x0, 0x28, 0xdf, 0xfe,
    0xb5, 0x0, 0x0, 0x0,

    /* U+00D4 "Ô" */
    0x0, 0x0, 0x0, 0x17, 0x84, 0x0, 0x0, 0x0,
    0x0, 0x0, 0x0, 0xc, 0xff, 0xf3, 0x0, 0x0,
    0x0, 0x0, 0x0, 0xa, 0xfb, 0x4f, 0xe1, 0x0,
    0x0, 0x0, 0x0, 0x8, 0xfd, 0x10, 0x8f, 0xd0,
    0x0, 0x0, 0x0, 0x0, 0x0, 0x0, 0x0, 0x0,
    0x0, 0x0, 0x0, 0x0, 0x0, 0x0, 0x0, 0x0,
    0x0, 0x0, 0x0, 0x0, 0x0, 0x28, 0xdf, 0xfe,
    0xa5, 0x0, 0x0, 0x0, 0x0, 0x7f, 0xff, 0xff,
    0xff, 0xfc, 0x10, 0x0, 0x0, 0x9f, 0xff, 0xb7,
    0x69, 0xef, 0xfe, 0x10, 0x0, 0x5f, 0xfd, 0x20,
    0x0, 0x0, 0x9f, 0xfb, 0x0, 0xe, 0xff, 0x20,
    0x0, 0x0, 0x0, 0xbf, 0xf4, 0x4, 0xff, 0x80,
    0x0, 0x0, 0x0, 0x2, 0xff, 0xa0, 0x7f, 0xf3,
    0x0, 0x0, 0x0, 0x0, 0xd, 0xfe, 0x9, 0xff,
    0x10, 0x0, 0x0, 0x0, 0x0, 0xaf, 0xf0, 0xaf,
    0xf0, 0x0, 0x0, 0x0, 0x0, 0x9, 0xff, 0x19,
    0xff, 0x10, 0x0, 0x0, 0x0, 0x0, 0xaf, 0xf0,
    0x7f, 0xf3, 0x0, 0x0, 0x0, 0x0, 0xd, 0xfe,
    0x4, 0xff, 0x80, 0x0, 0x0, 0x0, 0x2, 0xff,
    0xa0, 0xe, 0xff, 0x20, 0x0, 0x0, 0x0, 0xbf,
    0xf4, 0x0, 0x5f, 0xfd, 0x20, 0x0, 0x0, 0x9f,
    0xfb, 0x0, 0x0, 0x9f, 0xff, 0xb7, 0x69, 0xef,
    0xfe, 0x10, 0x0, 0x0, 0x7f, 0xff, 0xff, 0xff,
    0xfc, 0x10, 0x0, 0x0, 0x0, 0x28, 0xdf, 0xfe,
    0xb5, 0x0, 0x0, 0x0,

    /* U+00D5 "Õ" */
    0x0, 0x0, 0x8, 0xfd, 0x61, 0xec, 0x0, 0x0,
    0x0, 0x0, 0x3, 0xfd, 0xdf, 0xff, 0x70, 0x0,
    0x0, 0x0, 0x0, 0x39, 0x20, 0x48, 0x60, 0x0,
    0x0, 0x0, 0x0, 0x0, 0x0, 0x0, 0x0, 0x0,
    0x0, 0x0, 0x0, 0x0, 0x0, 0x0, 0x0, 0x0,
    0x0, 0x0, 0x0, 0x0, 0x2, 0x8d, 0xff, 0xea,
    0x50, 0x0, 0x0, 0x0, 0x7, 0xff, 0xff, 0xff,
    0xff, 0xc1, 0x0, 0x0, 0x9, 0xff, 0xfb, 0x76,
    0x9e, 0xff, 0xe1, 0x0, 0x5, 0xff, 0xd2, 0x0,
    0x0, 0x9, 0xff, 0xb0, 0x0, 0xef, 0xf2, 0x0,
    0x0, 0x0, 0xb, 0xff, 0x40, 0x4f, 0xf8, 0x0,
    0x0, 0x0, 0x0, 0x2f, 0xfa, 0x7, 0xff, 0x30,
    0x0, 0x0, 0x0, 0x0, 0xdf, 0xe0, 0x9f, 0xf1,
    0x0, 0x0, 0x0, 0x0, 0xa, 0xff, 0xa, 0xff,
    0x0, 0x0, 0x0, 0x0, 0x0, 0x9f, 0xf1, 0x9f,
    0xf1, 0x0, 0x0, 0x0, 0x0, 0xa, 0xff, 0x7,
    0xff, 0x30, 0x0, 0x0, 0x0, 0x0, 0xdf, 0xe0,
    0x4f, 0xf8, 0x0, 0x0, 0x0, 0x0, 0x2f, 0xfa,
    0x0, 0xef, 0xf2, 0x0, 0x0, 0x0, 0xb, 0xff,
    0x40, 0x5, 0xff, 0xd2, 0x0, 0x0, 0x9, 0xff,
    0xb0, 0x0, 0x9, 0xff, 0xfb, 0x76, 0x9e, 0xff,
    0xe1, 0x0, 0x0, 0x7, 0xff, 0xff, 0xff, 0xff,
    0xc1, 0x0, 0x0, 0x0, 0x2, 0x8d, 0xff, 0xeb,
    0x50, 0x0, 0x0,

    /* U+00D6 "Ö" */
    0x0, 0x0, 0x5f, 0xb0, 0x5, 0xfb, 0x0, 0x0,
    0x0, 0x0, 0xc, 0xff, 0x20, 0xbf, 0xf2, 0x0,
    0x0, 0x0, 0x0, 0x5e, 0xa0, 0x4, 0xea, 0x0,
    0x0, 0x0, 0x0, 0x0, 0x0, 0x0, 0x0, 0x0,
    0x0, 0x0, 0x0, 0x0, 0x0, 0x0, 0x0, 0x0,
    0x0, 0x0, 0x0, 0x0, 0x2, 0x8d, 0xff, 0xea,
    0x50, 0x0, 0x0, 0x0, 0x7, 0xff, 0xff, 0xff,
    0xff, 0xc1, 0x0, 0x0, 0x9, 0xff, 0xfb, 0x76,
    0x9e, 0xff, 0xe1, 0x0, 0x5, 0xff, 0xd2, 0x0,
    0x0, 0x9, 0xff, 0xb0, 0x0, 0xef, 0xf2, 0x0,
    0x0, 0x0, 0xb, 0xff, 0x40, 0x4f, 0xf8, 0x0,
    0x0, 0x0, 0x0, 0x2f, 0xfa, 0x7, 0xff, 0x30,
    0x0, 0x0, 0x0, 0x0, 0xdf, 0xe0, 0x9f, 0xf1,
    0x0, 0x0, 0x0, 0x0, 0xa, 0xff, 0xa, 0xff,
    0x0, 0x0, 0x0, 0x0, 0x0, 0x9f, 0xf1, 0x9f,
    0xf1, 0x0, 0x0, 0x0, 0x0, 0xa, 0xff, 0x7,
    0xff, 0x30, 0x0, 0x0, 0x0, 0x0, 0xdf, 0xe0,
    0x4f, 0xf8, 0x0, 0x0, 0x0, 0x0, 0x2f, 0xfa,
    0x0, 0xef, 0xf2, 0x0, 0x0, 0x0, 0xb, 0xff,
    0x40, 0x5, 0xff, 0xd2, 0x0, 0x0, 0x9, 0xff,
    0xb0, 0x0, 0x9, 0xff, 0xfb, 0x76, 0x9e, 0xff,
    0xe1, 0x0, 0x0, 0x7, 0xff, 0xff, 0xff, 0xff,
    0xc1, 0x0, 0x0, 0x0, 0x2, 0x8d, 0xff, 0xeb,
    0x50, 0x0, 0x0,

    /* U+00D7 "×" */
    0x1, 0x0, 0x0, 0x0, 0x0, 0x10, 0x1d, 0xc0,
    0x0, 0x0, 0xb, 0xd1, 0x6f, 0xfc, 0x0, 0x0,
    0xbf, 0xf7, 0x6, 0xff, 0xc1, 0xb, 0xff, 0x80,
    0x0, 0x6f, 0xfc, 0xcf, 0xf7, 0x0, 0x0, 0x6,
    0xff, 0xff, 0x70, 0x0, 0x0, 0x0, 0xdf, 0xfe,
    0x10, 0x0, 0x0, 0x1c, 0xff, 0xff, 0xd1, 0x0,
    0x1, 0xcf, 0xf6, 0x5f, 0xfd, 0x10, 0x1c, 0xff,
    0x60, 0x5, 0xff, 0xd1, 0x6f, 0xf5, 0x0, 0x0,
    0x4f, 0xf7, 0x7, 0x50, 0x0, 0x0, 0x4, 0x70,

    /* U+00D8 "Ø" */
    0x0, 0x0, 0x0, 0x0, 0x0, 0x0, 0x2, 0x0,
    0x0, 0x0, 0x2, 0x8d, 0xff, 0xea, 0x52, 0xfb,
    0x0, 0x0, 0x7, 0xff, 0xff, 0xff, 0xff, 0xff,
    0x90, 0x0, 0x9, 0xff, 0xfb, 0x76, 0x9e, 0xff,
    0xf1, 0x0, 0x5, 0xff, 0xd2, 0x0, 0x0, 0x5f,
    0xff, 0xb0, 0x0, 0xef, 0xf2, 0x0, 0x0, 0x1e,
    0xff, 0xff, 0x40, 0x4f, 0xf8, 0x0, 0x0, 0xc,
    0xf9, 0x2f, 0xfa, 0x7, 0xff, 0x30, 0x0, 0x8,
    0xfd, 0x0, 0xdf, 0xe0, 0x9f, 0xf1, 0x0, 0x4,
    0xff, 0x20, 0xa, 0xff, 0xa, 0xff, 0x0, 0x1,
    0xef, 0x60, 0x0, 0x9f, 0xf1, 0x9f, 0xf1, 0x0,
    0xbf, 0xa0, 0x0, 0xa, 0xff, 0x7, 0xff, 0x30,
    0x7f, 0xd0, 0x0, 0x0, 0xdf, 0xe0, 0x4f, 0xf8,
    0x3f, 0xf3, 0x0, 0x0, 0x2f, 0xfa, 0x0, 0xef,
    0xff, 0xf7, 0x0, 0x0, 0xb, 0xff, 0x40, 0x5,
    0xff, 0xfe, 0x0, 0x0, 0x9, 0xff, 0xb0, 0x0,
    0xf, 0xff, 0xfb, 0x76, 0x9e, 0xff, 0xe1, 0x0,
    0x2, 0xff, 0xff, 0xff, 0xff, 0xff, 0xc1, 0x0,
    0x0, 0x5f, 0x82, 0x8d, 0xff, 0xeb, 0x50, 0x0,
    0x0, 0x0, 0x20, 0x0, 0x0, 0x0, 0x0, 0x0,
    0x0, 0x0,

    /* U+00D9 "Ù" */
    0x0, 0x0, 0x16, 0x62, 0x0, 0x0, 0x0, 0x0,
    0x0, 0x0, 0xbf, 0xb0, 0x0, 0x0, 0x0, 0x0,
    0x0, 0x2, 0xff, 0x30, 0x0, 0x0, 0x0, 0x0,
    0x0, 0x6, 0xfa, 0x0, 0x0, 0x0, 0x0, 0x0,
    0x0, 0x0, 0x0, 0x0, 0x0, 0x0, 0x0, 0x0,
    0x0, 0x0, 0x0, 0x0, 0x0, 0x1f, 0xf9, 0x0,
    0x0, 0x0, 0x0, 0xdf, 0xd1, 0xff, 0x90, 0x0,
    0x0, 0x0, 0xd, 0xfd, 0x1f, 0xf9, 0x0, 0x0,
    0x0, 0x0, 0xdf, 0xd1, 0xff, 0x90, 0x0, 0x0,
    0x0, 0xd, 0xfd, 0x1f, 0xf9, 0x0, 0x0, 0x0,
    0x0, 0xdf, 0xd1, 0xff, 0x90, 0x0, 0x0, 0x0,
    0xd, 0xfd, 0x1f, 0xf9, 0x0, 0x0, 0x0, 0x0,
    0xdf, 0xd1, 0xff, 0x90, 0x0, 0x0, 0x0, 0xd,
    0xfd, 0x1f, 0xf9, 0x0, 0x0, 0x0, 0x0, 0xdf,
    0xd1, 0xff, 0x90, 0x0, 0x0, 0x0, 0xd, 0xfd,
    0x1f, 0xf9, 0x0, 0x0, 0x0, 0x0, 0xdf, 0xd0,
    0xff, 0xb0, 0x0, 0x0, 0x0, 0xe, 0xfc, 0xd,
    0xff, 0x10, 0x0, 0x0, 0x4, 0xff, 0x90, 0x7f,
    0xfb, 0x0, 0x0, 0x2, 0xef, 0xf3, 0x0, 0xcf,
    0xfe, 0x86, 0x69, 0xff, 0xf9, 0x0, 0x1, 0xbf,
    0xff, 0xff, 0xff, 0xf9, 0x0, 0x0, 0x0, 0x5a,
    0xdf, 0xfd, 0x93, 0x0, 0x0,

    /* U+00DA "Ú" */
    0x0, 0x0, 0x0, 0x0, 0x46, 0x60, 0x0, 0x0,
    0x0, 0x0, 0x0, 0xe, 0xf8, 0x0, 0x0, 0x0,
    0x0, 0x0, 0x7, 0xfc, 0x0, 0x0, 0x0, 0x0,
    0x0, 0x0, 0xef, 0x20, 0x0, 0x0, 0x0, 0x0,
    0x0, 0x0, 0x0, 0x0, 0x0, 0x0, 0x0, 0x0,
    0x0, 0x0, 0x0, 0x0, 0x0, 0x1f, 0xf9, 0x0,
    0x0, 0x0, 0x0, 0xdf, 0xd1, 0xff, 0x90, 0x0,
    0x0, 0x0, 0xd, 0xfd, 0x1f, 0xf9, 0x0, 0x0,
    0x0, 0x0, 0xdf, 0xd1, 0xff, 0x90, 0x0, 0x0,
    0x0, 0xd, 0xfd, 0x1f, 0xf9, 0x0, 0x0, 0x0,
    0x0, 0xdf, 0xd1, 0xff, 0x90, 0x0, 0x0, 0x0,
    0xd, 0xfd, 0x1f, 0xf9, 0x0, 0x0, 0x0, 0x0,
    0xdf, 0xd1, 0xff, 0x90, 0x0, 0x0, 0x0, 0xd,
    0xfd, 0x1f, 0xf9, 0x0, 0x0, 0x0, 0x0, 0xdf,
    0xd1, 0xff, 0x90, 0x0, 0x0, 0x0, 0xd, 0xfd,
    0x1f, 0xf9, 0x0, 0x0, 0x0, 0x0, 0xdf, 0xd0,
    0xff, 0xb0, 0x0, 0x0, 0x0, 0xe, 0xfc, 0xd,
    0xff, 0x10, 0x0, 0x0, 0x4, 0xff, 0x90, 0x7f,
    0xfb, 0x0, 0x0, 0x2, 0xef, 0xf3, 0x0, 0xcf,
    0xfe, 0x86, 0x69, 0xff, 0xf9, 0x0, 0x1, 0xbf,
    0xff, 0xff, 0xff, 0xf9, 0x0, 0x0, 0x0, 0x5a,
    0xdf, 0xfd, 0x93, 0x0, 0x0,

    /* U+00DB "Û" */
    0x0, 0x0, 0x0, 0x38, 0x81, 0x0, 0x0, 0x0,
    0x0, 0x0, 0x2f, 0xff, 0xc0, 0x0, 0x0, 0x0,
    0x0, 0x1e, 0xf6, 0x9f, 0xa0, 0x0, 0x0, 0x0,
    0xd, 0xf9, 0x0, 0xcf, 0x80, 0x0, 0x0, 0x0,
    0x0, 0x0, 0x0, 0x0, 0x0, 0x0, 0x0, 0x0,
    0x0, 0x0, 0x0, 0x0, 0x0, 0x1f, 0xf9, 0x0,
    0x0, 0x0, 0x0, 0xdf, 0xd1, 0xff, 0x90, 0x0,
    0x0, 0x0, 0xd, 0xfd, 0x1f, 0xf9, 0x0, 0x0,
    0x0, 0x0, 0xdf, 0xd1, 0xff, 0x90, 0x0, 0x0,
    0x0, 0xd, 0xfd, 0x1f, 0xf9, 0x0, 0x0, 0x0,
    0x0, 0xdf, 0xd1, 0xff, 0x90, 0x0, 0x0, 0x0,
    0xd, 0xfd, 0x1f, 0xf9, 0x0, 0x0, 0x0, 0x0,
    0xdf, 0xd1, 0xff, 0x90, 0x0, 0x0, 0x0, 0xd,
    0xfd, 0x1f, 0xf9, 0x0, 0x0, 0x0, 0x0, 0xdf,
    0xd1, 0xff, 0x90, 0x0, 0x0, 0x0, 0xd, 0xfd,
    0x1f, 0xf9, 0x0, 0x0, 0x0, 0x0, 0xdf, 0xd0,
    0xff, 0xb0, 0x0, 0x0, 0x0, 0xe, 0xfc, 0xd,
    0xff, 0x10, 0x0, 0x0, 0x4, 0xff, 0x90, 0x7f,
    0xfb, 0x0, 0x0, 0x2, 0xef, 0xf3, 0x0, 0xcf,
    0xfe, 0x86, 0x69, 0xff, 0xf9, 0x0, 0x1, 0xbf,
    0xff, 0xff, 0xff, 0xf9, 0x0, 0x0, 0x0, 0x5a,
    0xdf, 0xfd, 0x93, 0x0, 0x0,

    /* U+00DC "Ü" */
    0x0, 0x0, 0xaf, 0x60, 0xa, 0xf7, 0x0, 0x0,
    0x0, 0x1f, 0xfd, 0x0, 0xff, 0xd0, 0x0, 0x0,
    0x0, 0x9e, 0x60, 0x9, 0xe6, 0x0, 0x0, 0x0,
    0x0, 0x0, 0x0, 0x0, 0x0, 0x0, 0x0, 0x0,
    0x0, 0x0, 0x0, 0x0, 0x0, 0x1, 0xff, 0x90,
    0x0, 0x0, 0x0, 0xd, 0xfd, 0x1f, 0xf9, 0x0,
    0x0, 0x0, 0x0, 0xdf, 0xd1, 0xff, 0x90, 0x0,
    0x0, 0x0, 0xd, 0xfd, 0x1f, 0xf9, 0x0, 0x0,
    0x0, 0x0, 0xdf, 0xd1, 0xff, 0x90, 0x0, 0x0,
    0x0, 0xd, 0xfd, 0x1f, 0xf9, 0x0, 0x0, 0x0,
    0x0, 0xdf, 0xd1, 0xff, 0x90, 0x0, 0x0, 0x0,
    0xd, 0xfd, 0x1f, 0xf9, 0x0, 0x0, 0x0, 0x0,
    0xdf, 0xd1, 0xff, 0x90, 0x0, 0x0, 0x0, 0xd,
    0xfd, 0x1f, 0xf9, 0x0, 0x0, 0x0, 0x0, 0xdf,
    0xd1, 0xff, 0x90, 0x0, 0x0, 0x0, 0xd, 0xfd,
    0xf, 0xfb, 0x0, 0x0, 0x0, 0x0, 0xef, 0xc0,
    0xdf, 0xf1, 0x0, 0x0, 0x0, 0x4f, 0xf9, 0x7,
    0xff, 0xb0, 0x0, 0x0, 0x2e, 0xff, 0x30, 0xc,
    0xff, 0xe8, 0x66, 0x9f, 0xff, 0x90, 0x0, 0x1b,
    0xff, 0xff, 0xff, 0xff, 0x90, 0x0, 0x0, 0x5,
    0xad, 0xff, 0xd9, 0x30, 0x0,

    /* U+00DD "Ý" */
    0x0, 0x0, 0x0, 0x0, 0x4f, 0xf4, 0x0, 0x0,
    0x0, 0x0, 0x0, 0x0, 0xc, 0xf9, 0x0, 0x0,
    0x0, 0x0, 0x0, 0x0, 0x3, 0xfd, 0x0, 0x0,
    0x0, 0x0, 0x0, 0x0, 0x0, 0x36, 0x20, 0x0,
    0x0, 0x0, 0x0, 0x0, 0x0, 0x0, 0x0, 0x0,
    0x0, 0x0, 0x2, 0xff, 0xe1, 0x0, 0x0, 0x0,
    0x4, 0xff, 0xc0, 0x7, 0xff, 0xa0, 0x0, 0x0,
    0x0, 0xdf, 0xf2, 0x0, 0xd, 0xff, 0x30, 0x0,
    0x0, 0x7f, 0xf8, 0x0, 0x0, 0x3f, 0xfd, 0x0,
    0x0, 0x2f, 0xfe, 0x0, 0x0, 0x0, 0x9f, 0xf7,
    0x0, 0xb, 0xff, 0x40, 0x0, 0x0, 0x0, 0xef,
    0xf1, 0x4, 0xff, 0xa0, 0x0, 0x0, 0x0, 0x5,
    0xff, 0x90, 0xdf, 0xf1, 0x0, 0x0, 0x0, 0x0,
    0xb, 0xff, 0x7f, 0xf6, 0x0, 0x0, 0x0, 0x0,
    0x0, 0x1f, 0xff, 0xfc, 0x0, 0x0, 0x0, 0x0,
    0x0, 0x0, 0x6f, 0xff, 0x20, 0x0, 0x0, 0x0,
    0x0, 0x0, 0x0, 0xff, 0xb0, 0x0, 0x0, 0x0,
    0x0, 0x0, 0x0, 0xf, 0xfb, 0x0, 0x0, 0x0,
    0x0, 0x0, 0x0, 0x0, 0xff, 0xb0, 0x0, 0x0,
    0x0, 0x0, 0x0, 0x0, 0xf, 0xfb, 0x0, 0x0,
    0x0, 0x0, 0x0, 0x0, 0x0, 0xff, 0xb0, 0x0,
    0x0, 0x0, 0x0, 0x0, 0x0, 0xf, 0xfb, 0x0,
    0x0, 0x0, 0x0, 0x0, 0x0, 0x0, 0xff, 0xb0,
    0x0, 0x0, 0x0,

    /* U+00DE "Þ" */
    0x3f, 0xf8, 0x0, 0x0, 0x0, 0x0, 0x3, 0xff,
    0x80, 0x0, 0x0, 0x0, 0x0, 0x3f, 0xf8, 0x0,
    0x0, 0x0, 0x0, 0x3, 0xff, 0xff, 0xff, 0xec,
    0x70, 0x0, 0x3f, 0xff, 0xff, 0xff, 0xff, 0xd2,
    0x3, 0xff, 0x93, 0x33, 0x49, 0xff, 0xd0, 0x3f,
    0xf8, 0x0, 0x0, 0x7, 0xff, 0x53, 0xff, 0x80,
    0x0, 0x0, 0xf, 0xf8, 0x3f, 0xf8, 0x0, 0x0,
    0x0, 0xff, 0x93, 0xff, 0x80, 0x0, 0x0, 0x4f,
    0xf6, 0x3f, 0xf8, 0x0, 0x1, 0x6e, 0xfe, 0x3,
    0xff, 0xff, 0xff, 0xff, 0xff, 0x40, 0x3f, 0xff,
    0xff, 0xff, 0xfa, 0x20, 0x3, 0xff, 0x93, 0x32,
    0x10, 0x0, 0x0, 0x3f, 0xf8, 0x0, 0x0, 0x0,
    0x0, 0x3, 0xff, 0x80, 0x0, 0x0, 0x0, 0x0,
    0x3f, 0xf8, 0x0, 0x0, 0x0, 0x0, 0x0,

    /* U+00DF "ß" */
    0x0, 0x6, 0xce, 0xfe, 0xa4, 0x0, 0x0, 0xc,
    0xff, 0xff, 0xff, 0xfa, 0x0, 0x8, 0xff, 0xd6,
    0x47, 0xef, 0xf6, 0x0, 0xef, 0xe0, 0x0, 0x2,
    0xff, 0xb0, 0xf, 0xf9, 0x0, 0x0, 0xd, 0xfc,
    0x1, 0xff, 0x80, 0x0, 0x1, 0xff, 0x80, 0x1f,
    0xf8, 0x0, 0x2, 0xbf, 0xd1, 0x1, 0xff, 0x80,
    0x5f, 0xff, 0x91, 0x0, 0x1f, 0xf8, 0x5, 0xff,
    0xff, 0xc3, 0x1, 0xff, 0x80, 0x13, 0x47, 0xff,
    0xf2, 0x1f, 0xf8, 0x0, 0x0, 0x3, 0xff, 0x91,
    0xff, 0x80, 0x0, 0x0, 0xc, 0xfd, 0x1f, 0xf8,
    0x0, 0x0, 0x0, 0xcf, 0xd1, 0xff, 0x80, 0x0,
    0x0, 0x2f, 0xfb, 0x1f, 0xf8, 0x1, 0x33, 0x6e,
    0xff, 0x51, 0xff, 0x80, 0x6f, 0xff, 0xff, 0x80,
    0x1f, 0xf8, 0x6, 0xff, 0xeb, 0x40, 0x0,

    /* U+00E0 "à" */
    0x0, 0x4, 0xff, 0x40, 0x0, 0x0, 0x0, 0x0,
    0x9f, 0xc0, 0x0, 0x0, 0x0, 0x0, 0xd, 0xf3,
    0x0, 0x0, 0x0, 0x0, 0x3, 0x74, 0x0, 0x0,
    0x0, 0x0, 0x0, 0x0, 0x0, 0x0, 0x0, 0x3,
    0xae, 0xfe, 0xc7, 0x0, 0x0, 0x7f, 0xff, 0xff,
    0xff, 0xc0, 0x4, 0xff, 0xc4, 0x12, 0x9f, 0xf7,
    0x2, 0x7a, 0x0, 0x0, 0xd, 0xfc, 0x0, 0x0,
    0x0, 0x0, 0xc, 0xfe, 0x0, 0x0, 0x47, 0x9b,
    0xef, 0xfe, 0x0, 0x8f, 0xff, 0xff, 0xee, 0xfe,
    0x9, 0xff, 0xb6, 0x31, 0xa, 0xfe, 0xf, 0xfb,
    0x0, 0x0, 0xb, 0xfe, 0xf, 0xf9, 0x0, 0x0,
    0x2f, 0xfe, 0xc, 0xff, 0x51, 0x15, 0xef, 0xfe,
    0x3, 0xff, 0xff, 0xff, 0xda, 0xfe, 0x0, 0x2a,
    0xef, 0xd8, 0x9, 0xfe,

    /* U+00E1 "á" */
    0x0, 0x0, 0x0, 0xe, 0xf9, 0x0, 0x0, 0x0,
    0x0, 0x7f, 0xd0, 0x0, 0x0, 0x0, 0x0, 0xef,
    0x30, 0x0, 0x0, 0x0, 0x2, 0x75, 0x0, 0x0,
    0x0, 0x0, 0x0, 0x0, 0x0, 0x0, 0x0, 0x3,
    0xae, 0xfe, 0xc7, 0x0, 0x0, 0x7f, 0xff, 0xff,
    0xff, 0xc0, 0x4, 0xff, 0xc4, 0x12, 0x9f, 0xf7,
    0x2, 0x7a, 0x0, 0x0, 0xd, 0xfc, 0x0, 0x0,
    0x0, 0x0, 0xc, 0xfe, 0x0, 0x0, 0x47, 0x9b,
    0xef, 0xfe, 0x0, 0x8f, 0xff, 0xff, 0xee, 0xfe,
    0x9, 0xff, 0xb6, 0x31, 0xa, 0xfe, 0xf, 0xfb,
    0x0, 0x0, 0xb, 0xfe, 0xf, 0xf9, 0x0, 0x0,
    0x2f, 0xfe, 0xc, 0xff, 0x51, 0x15, 0xef, 0xfe,
    0x3, 0xff, 0xff, 0xff, 0xda, 0xfe, 0x0, 0x2a,
    0xef, 0xd8, 0x9, 0xfe,

    /* U+00E2 "â" */
    0x0, 0x0, 0x1d, 0xff, 0x40, 0x0, 0x0, 0x2,
    0xdf, 0x7e, 0xf4, 0x0, 0x0, 0x2e, 0xf6, 0x3,
    0xff, 0x40, 0x0, 0x0, 0x0, 0x0, 0x0, 0x0,
    0x0, 0x0, 0x0, 0x0, 0x0, 0x0, 0x0, 0x3,
    0xae, 0xfe, 0xc7, 0x0, 0x0, 0x7f, 0xff, 0xff,
    0xff, 0xc0, 0x4, 0xff, 0xc4, 0x12, 0x9f, 0xf7,
    0x2, 0x7a, 0x0, 0x0, 0xd, 0xfc, 0x0, 0x0,
    0x0, 0x0, 0xc, 0xfe, 0x0, 0x0, 0x47, 0x9b,
    0xef, 0xfe, 0x0, 0x8f, 0xff, 0xff, 0xee, 0xfe,
    0x9, 0xff, 0xb6, 0x31, 0xa, 0xfe, 0xf, 0xfb,
    0x0, 0x0, 0xb, 0xfe, 0xf, 0xf9, 0x0, 0x0,
    0x2f, 0xfe, 0xc, 0xff, 0x51, 0x15, 0xef, 0xfe,
    0x3, 0xff, 0xff, 0xff, 0xda, 0xfe, 0x0, 0x2a,
    0xef, 0xd8, 0x9, 0xfe,

    /* U+00E3 "ã" */
    0x0, 0x0, 0x67, 0x41, 0x48, 0x10, 0x0, 0xa,
    0xff, 0xff, 0xff, 0x10, 0x0, 0x8, 0x82, 0x58,
    0x83, 0x0, 0x0, 0x0, 0x0, 0x0, 0x0, 0x0,
    0x0, 0x0, 0x0, 0x0, 0x0, 0x0, 0x0, 0x3,
    0xae, 0xfe, 0xc7, 0x0, 0x0, 0x7f, 0xff, 0xff,
    0xff, 0xc0, 0x4, 0xff, 0xc4, 0x12, 0x9f, 0xf7,
    0x2, 0x7a, 0x0, 0x0, 0xd, 0xfc, 0x0, 0x0,
    0x0, 0x0, 0xc, 0xfe, 0x0, 0x0, 0x47, 0x9b,
    0xef, 0xfe, 0x0, 0x8f, 0xff, 0xff, 0xee, 0xfe,
    0x9, 0xff, 0xb6, 0x31, 0xa, 0xfe, 0xf, 0xfb,
    0x0, 0x0, 0xb, 0xfe, 0xf, 0xf9, 0x0, 0x0,
    0x2f, 0xfe, 0xc, 0xff, 0x51, 0x15, 0xef, 0xfe,
    0x3, 0xff, 0xff, 0xff, 0xda, 0xfe, 0x0, 0x2a,
    0xef, 0xd8, 0x9, 0xfe,

    /* U+00E4 "ä" */
    0x0, 0x4, 0x60, 0x0, 0x46, 0x0, 0x0, 0x3f,
    0xf8, 0x3, 0xff, 0x80, 0x0, 0x2f, 0xf7, 0x2,
    0xff, 0x80, 0x0, 0x3, 0x50, 0x0, 0x35, 0x0,
    0x0, 0x0, 0x0, 0x0, 0x0, 0x0, 0x0, 0x3,
    0xae, 0xfe, 0xc7, 0x0, 0x0, 0x7f, 0xff, 0xff,
    0xff, 0xc0, 0x4, 0xff, 0xc4, 0x12, 0x9f, 0xf7,
    0x2, 0x7a, 0x0, 0x0, 0xd, 0xfc, 0x0, 0x0,
    0x0, 0x0, 0xc, 0xfe, 0x0, 0x0, 0x47, 0x9b,
    0xef, 0xfe, 0x0, 0x8f, 0xff, 0xff, 0xee, 0xfe,
    0x9, 0xff, 0xb6, 0x31, 0xa, 0xfe, 0xf, 0xfb,
    0x0, 0x0, 0xb, 0xfe, 0xf, 0xf9, 0x0, 0x0,
    0x2f, 0xfe, 0xc, 0xff, 0x51, 0x15, 0xef, 0xfe,
    0x3, 0xff, 0xff, 0xff, 0xda, 0xfe, 0x0, 0x2a,
    0xef, 0xd8, 0x9, 0xfe,

    /* U+00E5 "å" */
    0x0, 0x0, 0x2b, 0xfd, 0x50, 0x0, 0x0, 0x1,
    0xee, 0x8c, 0xf5, 0x0, 0x0, 0x6, 0xf5, 0x0,
    0xfb, 0x0, 0x0, 0x6, 0xf5, 0x0, 0xfb, 0x0,
    0x0, 0x1, 0xee, 0x8c, 0xf5, 0x0, 0x0, 0x0,
    0x3c, 0xfd, 0x60, 0x0, 0x0, 0x0, 0x0, 0x0,
    0x0, 0x0, 0x0, 0x3, 0xae, 0xfe, 0xc7, 0x0,
    0x0, 0x7f, 0xff, 0xff, 0xff, 0xc0, 0x4, 0xff,
    0xc4, 0x12, 0x9f, 0xf7, 0x2, 0x7a, 0x0, 0x0,
    0xd, 0xfc, 0x0, 0x0, 0x0, 0x0, 0xc, 0xfe,
    0x0, 0x0, 0x47, 0x9b, 0xef, 0xfe, 0x0, 0x8f,
    0xff, 0xff, 0xee, 0xfe, 0x9, 0xff, 0xb6, 0x31,
    0xa, 0xfe, 0xf, 0xfb, 0x0, 0x0, 0xb, 0xfe,
    0xf, 0xf9, 0x0, 0x0, 0x2f, 0xfe, 0xc, 0xff,
    0x51, 0x15, 0xef, 0xfe, 0x3, 0xff, 0xff, 0xff,
    0xda, 0xfe, 0x0, 0x2a, 0xef, 0xd8, 0x9, 0xfe,

    /* U+00E6 "æ" */
    0x0, 0x3, 0xae, 0xfe, 0xb5, 0x0, 0x6c, 0xff,
    0xd7, 0x10, 0x0, 0x8, 0xff, 0xff, 0xff, 0xf8,
    0xbf, 0xff, 0xff, 0xfe, 0x30, 0x5, 0xff, 0xc4,
    0x12, 0x8f, 0xff, 0xe6, 0x22, 0x6e, 0xfe, 0x0,
    0x15, 0x80, 0x0, 0x0, 0xcf, 0xf3, 0x0, 0x0,
    0x3f, 0xf6, 0x0, 0x0, 0x0, 0x0, 0xb, 0xfb,
    0x0, 0x0, 0x0, 0xdf, 0xb0, 0x0, 0x5a, 0xcd,
    0xee, 0xff, 0xfe, 0xee, 0xee, 0xef, 0xfd, 0x1,
    0xcf, 0xff, 0xff, 0xff, 0xff, 0xff, 0xff, 0xff,
    0xff, 0xe0, 0xaf, 0xf8, 0x20, 0x0, 0xbf, 0xa0,
    0x0, 0x0, 0x0, 0x0, 0xf, 0xfa, 0x0, 0x0,
    0xc, 0xfd, 0x0, 0x0, 0x0, 0x0, 0x0, 0xff,
    0x90, 0x0, 0x3, 0xff, 0xf6, 0x0, 0x0, 0x1d,
    0xb5, 0xc, 0xff, 0x72, 0x26, 0xef, 0xef, 0xf8,
    0x32, 0x5d, 0xff, 0x30, 0x3f, 0xff, 0xff, 0xff,
    0xa1, 0xcf, 0xff, 0xff, 0xff, 0x60, 0x0, 0x2a,
    0xef, 0xea, 0x30, 0x0, 0x6c, 0xef, 0xd9, 0x20,
    0x0,

    /* U+00E7 "ç" */
    0x0, 0x6, 0xce, 0xfd, 0x92, 0x0, 0x1, 0xcf,
    0xff, 0xff, 0xff, 0x50, 0xb, 0xff, 0xa4, 0x26,
    0xef, 0xf2, 0x4f, 0xf9, 0x0, 0x0, 0x2f, 0xf7,
    0x9f, 0xf1, 0x0, 0x0, 0x2, 0x0, 0xcf, 0xd0,
    0x0, 0x0, 0x0, 0x0, 0xdf, 0xc0, 0x0, 0x0,
    0x0, 0x0, 0xcf, 0xd0, 0x0, 0x0, 0x0, 0x0,
    0x9f, 0xf1, 0x0, 0x0, 0x3, 0x10, 0x4f, 0xf9,
    0x0, 0x0, 0x2f, 0xf8, 0xb, 0xff, 0xa3, 0x26,
    0xef, 0xf2, 0x1, 0xcf, 0xff, 0xff, 0xff, 0x50,
    0x0, 0x6, 0xcf, 0xfe, 0x92, 0x0, 0x0, 0x0,
    0x8, 0xd0, 0x0, 0x0, 0x0, 0x0, 0xa, 0xff,
    0x80, 0x0, 0x0, 0x0, 0x0, 0x1b, 0xf0, 0x0,
    0x0, 0x0, 0x4, 0x4d, 0xf0, 0x0, 0x0, 0x0,
    0x2f, 0xfd, 0x50, 0x0,

    /* U+00E8 "è" */
    0x0, 0xc, 0xfb, 0x0, 0x0, 0x0, 0x0, 0x0,
    0x2f, 0xf3, 0x0, 0x0, 0x0, 0x0, 0x0, 0x7f,
    0xb0, 0x0, 0x0, 0x0, 0x0, 0x0, 0x66, 0x0,
    0x0, 0x0, 0x0, 0x0, 0x0, 0x0, 0x0, 0x0,
    0x0, 0x0, 0x6c, 0xef, 0xd8, 0x10, 0x0, 0x1,
    0xcf, 0xff, 0xff, 0xfe, 0x40, 0x0, 0xbf, 0xf8,
    0x32, 0x5e, 0xff, 0x10, 0x4f, 0xf5, 0x0, 0x0,
    0x2f, 0xf8, 0x9, 0xfe, 0x0, 0x0, 0x0, 0xbf,
    0xd0, 0xcf, 0xfe, 0xee, 0xee, 0xef, 0xff, 0xd,
    0xff, 0xff, 0xff, 0xff, 0xff, 0xf0, 0xcf, 0xc0,
    0x0, 0x0, 0x0, 0x0, 0x9, 0xff, 0x0, 0x0,
    0x0, 0x0, 0x0, 0x4f, 0xf8, 0x0, 0x0, 0xc,
    0xa5, 0x0, 0xbf, 0xfa, 0x32, 0x4c, 0xff, 0x50,
    0x1, 0xcf, 0xff, 0xff, 0xff, 0x80, 0x0, 0x0,
    0x6b, 0xef, 0xda, 0x40, 0x0,

    /* U+00E9 "é" */
    0x0, 0x0, 0x0, 0x8f, 0xe1, 0x0, 0x0, 0x0,
    0x0, 0x1f, 0xf5, 0x0, 0x0, 0x0, 0x0, 0x7,
    0xfa, 0x0, 0x0, 0x0, 0x0, 0x0, 0x57, 0x10,
    0x0, 0x0, 0x0, 0x0, 0x0, 0x0, 0x0, 0x0,
    0x0, 0x0, 0x6c, 0xef, 0xd8, 0x10, 0x0, 0x1,
    0xcf, 0xff, 0xff, 0xfe, 0x40, 0x0, 0xbf, 0xf8,
    0x32, 0x5e, 0xff, 0x10, 0x4f, 0xf5, 0x0, 0x0,
    0x2f, 0xf8, 0x9, 0xfe, 0x0, 0x0, 0x0, 0xbf,
    0xd0, 0xcf, 0xfe, 0xee, 0xee, 0xef, 0xff, 0xd,
    0xff, 0xff, 0xff, 0xff, 0xff, 0xf0, 0xcf, 0xc0,
    0x0, 0x0, 0x0, 0x0, 0x9, 0xff, 0x0, 0x0,
    0x0, 0x0, 0x0, 0x4f, 0xf8, 0x0, 0x0, 0xc,
    0xa5, 0x0, 0xbf, 0xfa, 0x32, 0x4c, 0xff, 0x50,
    0x1, 0xcf, 0xff, 0xff, 0xff, 0x80, 0x0, 0x0,
    0x6b, 0xef, 0xda, 0x40, 0x0,

    /* U+00EA "ê" */
    0x0, 0x0, 0x8f, 0xfb, 0x0, 0x0, 0x0, 0x0,
    0x8f, 0xc9, 0xfa, 0x0, 0x0, 0x0, 0x9f, 0xd1,
    0xa, 0xfa, 0x0, 0x0, 0x0, 0x0, 0x0, 0x0,
    0x0, 0x0, 0x0, 0x0, 0x0, 0x0, 0x0, 0x0,
    0x0, 0x0, 0x6c, 0xef, 0xd8, 0x10, 0x0, 0x1,
    0xcf, 0xff, 0xff, 0xfe, 0x40, 0x0, 0xbf, 0xf8,
    0x32, 0x5e, 0xff, 0x10, 0x4f, 0xf5, 0x0, 0x0,
    0x2f, 0xf8, 0x9, 0xfe, 0x0, 0x0, 0x0, 0xbf,
    0xd0, 0xcf, 0xfe, 0xee, 0xee, 0xef, 0xff, 0xd,
    0xff, 0xff, 0xff, 0xff, 0xff, 0xf0, 0xcf, 0xc0,
    0x0, 0x0, 0x0, 0x0, 0x9, 0xff, 0x0, 0x0,
    0x0, 0x0, 0x0, 0x4f, 0xf8, 0x0, 0x0, 0xc,
    0xa5, 0x0, 0xbf, 0xfa, 0x32, 0x4c, 0xff, 0x50,
    0x1, 0xcf, 0xff, 0xff, 0xff, 0x80, 0x0, 0x0,
    0x6b, 0xef, 0xda, 0x40, 0x0,

    /* U+00EB "ë" */
    0x0, 0x17, 0x30, 0x1, 0x73, 0x0, 0x0, 0xc,
    0xff, 0x0, 0xcf, 0xf0, 0x0, 0x0, 0xbf, 0xe0,
    0xb, 0xfe, 0x0, 0x0, 0x1, 0x52, 0x0, 0x5,
    0x20, 0x0, 0x0, 0x0, 0x0, 0x0, 0x0, 0x0,
    0x0, 0x0, 0x6c, 0xef, 0xd8, 0x10, 0x0, 0x1,
    0xcf, 0xff, 0xff, 0xfe, 0x40, 0x0, 0xbf, 0xf8,
    0x32, 0x5e, 0xff, 0x10, 0x4f, 0xf5, 0x0, 0x0,
    0x2f, 0xf8, 0x9, 0xfe, 0x0, 0x0, 0x0, 0xbf,
    0xd0, 0xcf, 0xfe, 0xee, 0xee, 0xef, 0xff, 0xd,
    0xff, 0xff, 0xff, 0xff, 0xff, 0xf0, 0xcf, 0xc0,
    0x0, 0x0, 0x0, 0x0, 0x9, 0xff, 0x0, 0x0,
    0x0, 0x0, 0x0, 0x4f, 0xf8, 0x0, 0x0, 0xc,
    0xa5, 0x0, 0xbf, 0xfa, 0x32, 0x4c, 0xff, 0x50,
    0x1, 0xcf, 0xff, 0xff, 0xff, 0x80, 0x0, 0x0,
    0x6b, 0xef, 0xda, 0x40, 0x0,

    /* U+00EC "ì" */
    0xd, 0xfa, 0x0, 0x3, 0xff, 0x20, 0x0, 0x8f,
    0x90, 0x0, 0x6, 0x60, 0x0, 0x0, 0x0, 0x0,
    0x4f, 0xf5, 0x0, 0x4f, 0xf5, 0x0, 0x4f, 0xf5,
    0x0, 0x4f, 0xf5, 0x0, 0x4f, 0xf5, 0x0, 0x4f,
    0xf5, 0x0, 0x4f, 0xf5, 0x0, 0x4f, 0xf5, 0x0,
    0x4f, 0xf5, 0x0, 0x4f, 0xf5, 0x0, 0x4f, 0xf5,
    0x0, 0x4f, 0xf5, 0x0, 0x4f, 0xf5,

    /* U+00ED "í" */
    0x0, 0x9f, 0xe0, 0x1, 0xff, 0x40, 0x9, 0xf9,
    0x0, 0x6, 0x60, 0x0, 0x0, 0x0, 0x0, 0x4f,
    0xf5, 0x0, 0x4f, 0xf5, 0x0, 0x4f, 0xf5, 0x0,
    0x4f, 0xf5, 0x0, 0x4f, 0xf5, 0x0, 0x4f, 0xf5,
    0x0, 0x4f, 0xf5, 0x0, 0x4f, 0xf5, 0x0, 0x4f,
    0xf5, 0x0, 0x4f, 0xf5, 0x0, 0x4f, 0xf5, 0x0,
    0x4f, 0xf5, 0x0, 0x4f, 0xf5, 0x0,

    /* U+00EE "î" */
    0x0, 0x8, 0xff, 0x90, 0x0, 0x0, 0x6f, 0xdd,
    0xf6, 0x0, 0x4, 0xff, 0x22, 0xff, 0x40, 0x7,
    0x84, 0x0, 0x38, 0x70, 0x0, 0x0, 0x0, 0x0,
    0x0, 0x0, 0x4, 0xff, 0x50, 0x0, 0x0, 0x4,
    0xff, 0x50, 0x0, 0x0, 0x4, 0xff, 0x50, 0x0,
    0x0, 0x4, 0xff, 0x50, 0x0, 0x0, 0x4, 0xff,
    0x50, 0x0, 0x0, 0x4, 0xff, 0x50, 0x0, 0x0,
    0x4, 0xff, 0x50, 0x0, 0x0, 0x4, 0xff, 0x50,
    0x0, 0x0, 0x4, 0xff, 0x50, 0x0, 0x0, 0x4,
    0xff, 0x50, 0x0, 0x0, 0x4, 0xff, 0x50, 0x0,
    0x0, 0x4, 0xff, 0x50, 0x0, 0x0, 0x4, 0xff,
    0x50, 0x0,

    /* U+00EF "ï" */
    0x27, 0x20, 0x2, 0x72, 0xd, 0xfe, 0x0, 0xdf,
    0xe0, 0xdf, 0xd0, 0xc, 0xfe, 0x1, 0x61, 0x0,
    0x16, 0x10, 0x0, 0x0, 0x0, 0x0, 0x0, 0x4,
    0xff, 0x50, 0x0, 0x0, 0x4f, 0xf5, 0x0, 0x0,
    0x4, 0xff, 0x50, 0x0, 0x0, 0x4f, 0xf5, 0x0,
    0x0, 0x4, 0xff, 0x50, 0x0, 0x0, 0x4f, 0xf5,
    0x0, 0x0, 0x4, 0xff, 0x50, 0x0, 0x0, 0x4f,
    0xf5, 0x0, 0x0, 0x4, 0xff, 0x50, 0x0, 0x0,
    0x4f, 0xf5, 0x0, 0x0, 0x4, 0xff, 0x50, 0x0,
    0x0, 0x4f, 0xf5, 0x0, 0x0, 0x4, 0xff, 0x50,
    0x0,

    /* U+00F0 "ð" */
    0x0, 0x0, 0x0, 0x0, 0x0, 0x0, 0x0, 0xe,
    0x91, 0x0, 0x6, 0x0, 0x0, 0x2e, 0xfe, 0x67,
    0xef, 0x20, 0x0, 0x0, 0x9f, 0xff, 0xa2, 0x0,
    0x0, 0x18, 0xff, 0xff, 0x90, 0x0, 0x0, 0x5f,
    0x91, 0x2e, 0xf8, 0x0, 0x0, 0x1, 0x0, 0x4,
    0xff, 0x30, 0x0, 0x19, 0xef, 0xd6, 0x9f, 0xc0,
    0x3, 0xef, 0xff, 0xef, 0xbf, 0xf4, 0xd, 0xfe,
    0x40, 0x3, 0xdf, 0xf9, 0x6f, 0xf4, 0x0, 0x0,
    0x2f, 0xfc, 0xbf, 0xd0, 0x0, 0x0, 0xb, 0xfe,
    0xdf, 0xb0, 0x0, 0x0, 0x8, 0xff, 0xdf, 0xb0,
    0x0, 0x0, 0x8, 0xfe, 0xbf, 0xe0, 0x0, 0x0,
    0xb, 0xfb, 0x5f, 0xf6, 0x0, 0x0, 0x3f, 0xf6,
    0xd, 0xff, 0x83, 0x26, 0xef, 0xd0, 0x2, 0xdf,
    0xff, 0xff, 0xfd, 0x20, 0x0, 0x7, 0xcf, 0xfd,
    0x71, 0x0,

    /* U+00F1 "ñ" */
    0x0, 0x2, 0x75, 0x0, 0x66, 0x0, 0x0, 0x1e,
    0xff, 0xeb, 0xfa, 0x0, 0x0, 0x5f, 0x75, 0xbf,
    0xd2, 0x0, 0x0, 0x0, 0x0, 0x0, 0x0, 0x0,
    0x0, 0x0, 0x0, 0x0, 0x0, 0x0, 0x4f, 0xf3,
    0x2a, 0xef, 0xd7, 0x0, 0x4f, 0xf6, 0xff, 0xff,
    0xff, 0xa0, 0x4f, 0xfe, 0xb3, 0x14, 0xef, 0xf4,
    0x4f, 0xfc, 0x0, 0x0, 0x3f, 0xf9, 0x4f, 0xf6,
    0x0, 0x0, 0xf, 0xfa, 0x4f, 0xf5, 0x0, 0x0,
    0xe, 0xfb, 0x4f, 0xf5, 0x0, 0x0, 0xe, 0xfb,
    0x4f, 0xf5, 0x0, 0x0, 0xe, 0xfb, 0x4f, 0xf5,
    0x0, 0x0, 0xe, 0xfb, 0x4f, 0xf5, 0x0, 0x0,
    0xe, 0xfb, 0x4f, 0xf5, 0x0, 0x0, 0xe, 0xfb,
    0x4f, 0xf5, 0x0, 0x0, 0xe, 0xfb, 0x4f, 0xf5,
    0x0, 0x0, 0xe, 0xfb,

    /* U+00F2 "ò" */
    0x0, 0xb, 0xfd, 0x0, 0x0, 0x0, 0x0, 0x0,
    0x1e, 0xf5, 0x0, 0x0, 0x0, 0x0, 0x0, 0x5f,
    0xd0, 0x0, 0x0, 0x0, 0x0, 0x0, 0x67, 0x10,
    0x0, 0x0, 0x0, 0x0, 0x0, 0x0, 0x0, 0x0,
    0x0, 0x0, 0x6c, 0xef, 0xd9, 0x20, 0x0, 0x1,
    0xbf, 0xff, 0xff, 0xff, 0x50, 0x0, 0xbf, 0xfa,
    0x32, 0x6e, 0xff, 0x30, 0x4f, 0xf9, 0x0, 0x0,
    0x2f, 0xfc, 0x9, 0xff, 0x10, 0x0, 0x0, 0x9f,
    0xf1, 0xcf, 0xd0, 0x0, 0x0, 0x5, 0xff, 0x4d,
    0xfc, 0x0, 0x0, 0x0, 0x4f, 0xf5, 0xcf, 0xd0,
    0x0, 0x0, 0x5, 0xff, 0x49, 0xff, 0x10, 0x0,
    0x0, 0x9f, 0xf1, 0x4f, 0xf9, 0x0, 0x0, 0x2f,
    0xfc, 0x0, 0xbf, 0xfa, 0x32, 0x6e, 0xff, 0x30,
    0x1, 0xbf, 0xff, 0xff, 0xff, 0x50, 0x0, 0x0,
    0x6c, 0xef, 0xd9, 0x20, 0x0,

    /* U+00F3 "ó" */
    0x0, 0x0, 0x0, 0x6f, 0xf2, 0x0, 0x0, 0x0,
    0x0, 0xd, 0xf7, 0x0, 0x0, 0x0, 0x0, 0x5,
    0xfc, 0x0, 0x0, 0x0, 0x0, 0x0, 0x47, 0x20,
    0x0, 0x0, 0x0, 0x0, 0x0, 0x0, 0x0, 0x0,
    0x0, 0x0, 0x6c, 0xef, 0xd9, 0x20, 0x0, 0x1,
    0xbf, 0xff, 0xff, 0xff, 0x50, 0x0, 0xbf, 0xfa,
    0x32, 0x6e, 0xff, 0x30, 0x4f, 0xf9, 0x0, 0x0,
    0x2f, 0xfc, 0x9, 0xff, 0x10, 0x0, 0x0, 0x9f,
    0xf1, 0xcf, 0xd0, 0x0, 0x0, 0x5, 0xff, 0x4d,
    0xfc, 0x0, 0x0, 0x0, 0x4f, 0xf5, 0xcf, 0xd0,
    0x0, 0x0, 0x5, 0xff, 0x49, 0xff, 0x10, 0x0,
    0x0, 0x9f, 0xf1, 0x4f, 0xf9, 0x0, 0x0, 0x2f,
    0xfc, 0x0, 0xbf, 0xfa, 0x32, 0x6e, 0xff, 0x30,
    0x1, 0xbf, 0xff, 0xff, 0xff, 0x50, 0x0, 0x0,
    0x6c, 0xef, 0xd9, 0x20, 0x0,

    /* U+00F4 "ô" */
    0x0, 0x0, 0x6f, 0xfc, 0x0, 0x0, 0x0, 0x0,
    0x6f, 0xd8, 0xfc, 0x0, 0x0, 0x0, 0x6f, 0xe2,
    0x8, 0xfc, 0x0, 0x0, 0x0, 0x0, 0x0, 0x0,
    0x0, 0x0, 0x0, 0x0, 0x0, 0x0, 0x0, 0x0,
    0x0, 0x0, 0x6c, 0xef, 0xd9, 0x20, 0x0, 0x1,
    0xbf, 0xff, 0xff, 0xff, 0x50, 0x0, 0xbf, 0xfa,
    0x32, 0x6e, 0xff, 0x30, 0x4f, 0xf9, 0x0, 0x0,
    0x2f, 0xfc, 0x9, 0xff, 0x10, 0x0, 0x0, 0x9f,
    0xf1, 0xcf, 0xd0, 0x0, 0x0, 0x5, 0xff, 0x4d,
    0xfc, 0x0, 0x0, 0x0, 0x4f, 0xf5, 0xcf, 0xd0,
    0x0, 0x0, 0x5, 0xff, 0x49, 0xff, 0x10, 0x0,
    0x0, 0x9f, 0xf1, 0x4f, 0xf9, 0x0, 0x0, 0x2f,
    0xfc, 0x0, 0xbf, 0xfa, 0x32, 0x6e, 0xff, 0x30,
    0x1, 0xbf, 0xff, 0xff, 0xff, 0x50, 0x0, 0x0,
    0x6c, 0xef, 0xd9, 0x20, 0x0,

    /* U+00F5 "õ" */
    0x0, 0x2, 0x76, 0x30, 0x66, 0x0, 0x0, 0x1,
    0xff, 0xff, 0xff, 0x90, 0x0, 0x0, 0x39, 0x53,
    0x79, 0x70, 0x0, 0x0, 0x0, 0x0, 0x0, 0x0,
    0x0, 0x0, 0x0, 0x0, 0x0, 0x0, 0x0, 0x0,
    0x0, 0x0, 0x6c, 0xef, 0xd9, 0x20, 0x0, 0x1,
    0xbf, 0xff, 0xff, 0xff, 0x50, 0x0, 0xbf, 0xfa,
    0x32, 0x6e, 0xff, 0x30, 0x4f, 0xf9, 0x0, 0x0,
    0x2f, 0xfc, 0x9, 0xff, 0x10, 0x0, 0x0, 0x9f,
    0xf1, 0xcf, 0xd0, 0x0, 0x0, 0x5, 0xff, 0x4d,
    0xfc, 0x0, 0x0, 0x0, 0x4f, 0xf5, 0xcf, 0xd0,
    0x0, 0x0, 0x5, 0xff, 0x49, 0xff, 0x10, 0x0,
    0x0, 0x9f, 0xf1, 0x4f, 0xf9, 0x0, 0x0, 0x2f,
    0xfc, 0x0, 0xbf, 0xfa, 0x32, 0x6e, 0xff, 0x30,
    0x1, 0xbf, 0xff, 0xff, 0xff, 0x50, 0x0, 0x0,
    0x6c, 0xef, 0xd9, 0x20, 0x0,

    /* U+00F6 "ö" */
    0x0, 0x17, 0x30, 0x0, 0x64, 0x0, 0x0, 0xa,
    0xff, 0x10, 0xaf, 0xf2, 0x0, 0x0, 0x9f, 0xf1,
    0x9, 0xff, 0x10, 0x0, 0x0, 0x52, 0x0, 0x5,
    0x20, 0x0, 0x0, 0x0, 0x0, 0x0, 0x0, 0x0,
    0x0, 0x0, 0x6c, 0xef, 0xd9, 0x20, 0x0, 0x1,
    0xbf, 0xff, 0xff, 0xff, 0x50, 0x0, 0xbf, 0xfa,
    0x32, 0x6e, 0xff, 0x30, 0x4f, 0xf9, 0x0, 0x0,
    0x2f, 0xfc, 0x9, 0xff, 0x10, 0x0, 0x0, 0x9f,
    0xf1, 0xcf, 0xd0, 0x0, 0x0, 0x5, 0xff, 0x4d,
    0xfc, 0x0, 0x0, 0x0, 0x4f, 0xf5, 0xcf, 0xd0,
    0x0, 0x0, 0x5, 0xff, 0x49, 0xff, 0x10, 0x0,
    0x0, 0x9f, 0xf1, 0x4f, 0xf9, 0x0, 0x0, 0x2f,
    0xfc, 0x0, 0xbf, 0xfa, 0x32, 0x6e, 0xff, 0x30,
    0x1, 0xbf, 0xff, 0xff, 0xff, 0x50, 0x0, 0x0,
    0x6c, 0xef, 0xd9, 0x20, 0x0,

    /* U+00F7 "÷" */
    0x0, 0x0, 0x3e, 0xe3, 0x0, 0x0, 0x0, 0x0,
    0xaf, 0xfa, 0x0, 0x0, 0x0, 0x0, 0x6f, 0xf6,
    0x0, 0x0, 0x0, 0x0, 0x3, 0x30, 0x0, 0x0,
    0x0, 0x0, 0x0, 0x0, 0x0, 0x0, 0xaf, 0xff,
    0xff, 0xff, 0xff, 0xfa, 0xaf, 0xff, 0xff, 0xff,
    0xff, 0xfa, 0x23, 0x33, 0x33, 0x33, 0x33, 0x32,
    0x0, 0x0, 0x0, 0x0, 0x0, 0x0, 0x0, 0x0,
    0x3d, 0xd3, 0x0, 0x0, 0x0, 0x0, 0xaf, 0xfa,
    0x0, 0x0, 0x0, 0x0, 0x6f, 0xf6, 0x0, 0x0,
    0x0, 0x0, 0x3, 0x30, 0x0, 0x0,

    /* U+00F8 "ø" */
    0x0, 0x0, 0x0, 0x0, 0x0, 0x0, 0x20, 0x0,
    0x0, 0x6c, 0xef, 0xd9, 0x27, 0xf3, 0x0, 0x1b,
    0xff, 0xff, 0xff, 0xff, 0xc0, 0x0, 0xbf, 0xfa,
    0x32, 0x6f, 0xff, 0x40, 0x4, 0xff, 0x90, 0x0,
    0x2f, 0xff, 0xc0, 0x9, 0xff, 0x10, 0x1, 0xef,
    0xcf, 0xf1, 0xc, 0xfd, 0x0, 0xd, 0xf4, 0x5f,
    0xf4, 0xd, 0xfc, 0x0, 0xbf, 0x60, 0x4f, 0xf5,
    0xc, 0xfd, 0xa, 0xf8, 0x0, 0x5f, 0xf4, 0x9,
    0xff, 0x9f, 0xa0, 0x0, 0x9f, 0xf1, 0x4, 0xff,
    0xfb, 0x0, 0x2, 0xff, 0xc0, 0x0, 0xff, 0xfb,
    0x32, 0x6e, 0xff, 0x30, 0x3, 0xff, 0xff, 0xff,
    0xff, 0xf5, 0x0, 0xc, 0xf3, 0x6c, 0xef, 0xd9,
    0x20, 0x0, 0x1, 0x30, 0x0, 0x0, 0x0, 0x0,
    0x0,

    /* U+00F9 "ù" */
    0x0, 0xb, 0xfd, 0x0, 0x0, 0x0, 0x0, 0x1,
    0xef, 0x40, 0x0, 0x0, 0x0, 0x0, 0x5f, 0xc0,
    0x0, 0x0, 0x0, 0x0, 0x6, 0x70, 0x0, 0x0,
    0x0, 0x0, 0x0, 0x0, 0x0, 0x0, 0x4f, 0xf5,
    0x0, 0x0, 0xe, 0xfb, 0x4f, 0xf5, 0x0, 0x0,
    0xe, 0xfb, 0x4f, 0xf5, 0x0, 0x0, 0xe, 0xfb,
    0x4f, 0xf5, 0x0, 0x0, 0xe, 0xfb, 0x4f, 0xf5,
    0x0, 0x0, 0xe, 0xfb, 0x4f, 0xf5, 0x0, 0x0,
    0xe, 0xfb, 0x4f, 0xf5, 0x0, 0x0, 0xe, 0xfb,
    0x4f, 0xf5, 0x0, 0x0, 0xe, 0xfb, 0x3f, 0xf6,
    0x0, 0x0, 0xf, 0xfb, 0x2f, 0xfb, 0x0, 0x0,
    0x7f, 0xfb, 0xd, 0xff, 0xa4, 0x49, 0xfe, 0xfb,
    0x4, 0xff, 0xff, 0xff, 0x7c, 0xfb, 0x0, 0x3b,
    0xff, 0xc5, 0xc, 0xfb,

    /* U+00FA "ú" */
    0x0, 0x0, 0x0, 0x6f, 0xf2, 0x0, 0x0, 0x0,
    0x0, 0xef, 0x70, 0x0, 0x0, 0x0, 0x6, 0xfc,
    0x0, 0x0, 0x0, 0x0, 0x5, 0x72, 0x0, 0x0,
    0x0, 0x0, 0x0, 0x0, 0x0, 0x0, 0x4f, 0xf5,
    0x0, 0x0, 0xe, 0xfb, 0x4f, 0xf5, 0x0, 0x0,
    0xe, 0xfb, 0x4f, 0xf5, 0x0, 0x0, 0xe, 0xfb,
    0x4f, 0xf5, 0x0, 0x0, 0xe, 0xfb, 0x4f, 0xf5,
    0x0, 0x0, 0xe, 0xfb, 0x4f, 0xf5, 0x0, 0x0,
    0xe, 0xfb, 0x4f, 0xf5, 0x0, 0x0, 0xe, 0xfb,
    0x4f, 0xf5, 0x0, 0x0, 0xe, 0xfb, 0x3f, 0xf6,
    0x0, 0x0, 0xf, 0xfb, 0x2f, 0xfb, 0x0, 0x0,
    0x7f, 0xfb, 0xd, 0xff, 0xa4, 0x49, 0xfe, 0xfb,
    0x4, 0xff, 0xff, 0xff, 0x7c, 0xfb, 0x0, 0x3b,
    0xff, 0xc5, 0xc, 0xfb,

    /* U+00FB "û" */
    0x0, 0x0, 0x6f, 0xfc, 0x0, 0x0, 0x0, 0x7,
    0xfd, 0x8f, 0xc0, 0x0, 0x0, 0x7f, 0xe1, 0x9,
    0xfc, 0x0, 0x0, 0x0, 0x0, 0x0, 0x0, 0x0,
    0x0, 0x0, 0x0, 0x0, 0x0, 0x0, 0x4f, 0xf5,
    0x0, 0x0, 0xe, 0xfb, 0x4f, 0xf5, 0x0, 0x0,
    0xe, 0xfb, 0x4f, 0xf5, 0x0, 0x0, 0xe, 0xfb,
    0x4f, 0xf5, 0x0, 0x0, 0xe, 0xfb, 0x4f, 0xf5,
    0x0, 0x0, 0xe, 0xfb, 0x4f, 0xf5, 0x0, 0x0,
    0xe, 0xfb, 0x4f, 0xf5, 0x0, 0x0, 0xe, 0xfb,
    0x4f, 0xf5, 0x0, 0x0, 0xe, 0xfb, 0x3f, 0xf6,
    0x0, 0x0, 0xf, 0xfb, 0x2f, 0xfb, 0x0, 0x0,
    0x7f, 0xfb, 0xd, 0xff, 0xa4, 0x49, 0xfe, 0xfb,
    0x4, 0xff, 0xff, 0xff, 0x7c, 0xfb, 0x0, 0x3b,
    0xff, 0xc5, 0xc, 0xfb,

    /* U+00FC "ü" */
    0x0, 0x17, 0x30, 0x1, 0x73, 0x0, 0x0, 0xaf,
    0xf1, 0xa, 0xff, 0x10, 0x0, 0xaf, 0xf1, 0x9,
    0xff, 0x10, 0x0, 0x5, 0x20, 0x0, 0x52, 0x0,
    0x0, 0x0, 0x0, 0x0, 0x0, 0x0, 0x4f, 0xf5,
    0x0, 0x0, 0xe, 0xfb, 0x4f, 0xf5, 0x0, 0x0,
    0xe, 0xfb, 0x4f, 0xf5, 0x0, 0x0, 0xe, 0xfb,
    0x4f, 0xf5, 0x0, 0x0, 0xe, 0xfb, 0x4f, 0xf5,
    0x0, 0x0, 0xe, 0xfb, 0x4f, 0xf5, 0x0, 0x0,
    0xe, 0xfb, 0x4f, 0xf5, 0x0, 0x0, 0xe, 0xfb,
    0x4f, 0xf5, 0x0, 0x0, 0xe, 0xfb, 0x3f, 0xf6,
    0x0, 0x0, 0xf, 0xfb, 0x2f, 0xfb, 0x0, 0x0,
    0x7f, 0xfb, 0xd, 0xff, 0xa4, 0x49, 0xfe, 0xfb,
    0x4, 0xff, 0xff, 0xff, 0x7c, 0xfb, 0x0, 0x3b,
    0xff, 0xc5, 0xc, 0xfb,

    /* U+00FD "ý" */
    0x0, 0x0, 0x0, 0xb, 0xfc, 0x0, 0x0, 0x0,
    0x0, 0x0, 0x3f, 0xf2, 0x0, 0x0, 0x0, 0x0,
    0x0, 0xaf, 0x70, 0x0, 0x0, 0x0, 0x0, 0x0,
    0x66, 0x0, 0x0, 0x0, 0x0, 0x0, 0x0, 0x0,
    0x0, 0x0, 0x0, 0x4f, 0xf8, 0x0, 0x0, 0x0,
    0xaf, 0xf1, 0xe, 0xfd, 0x0, 0x0, 0x1, 0xff,
    0xb0, 0x8, 0xff, 0x30, 0x0, 0x6, 0xff, 0x40,
    0x2, 0xff, 0x80, 0x0, 0xc, 0xfe, 0x0, 0x0,
    0xbf, 0xe0, 0x0, 0x1f, 0xf8, 0x0, 0x0, 0x5f,
    0xf4, 0x0, 0x7f, 0xf2, 0x0, 0x0, 0xf, 0xf9,
    0x0, 0xdf, 0xc0, 0x0, 0x0, 0x9, 0xfe, 0x2,
    0xff, 0x60, 0x0, 0x0, 0x3, 0xff, 0x47, 0xff,
    0x0, 0x0, 0x0, 0x0, 0xdf, 0x8c, 0xfa, 0x0,
    0x0, 0x0, 0x0, 0x7f, 0xdf, 0xf3, 0x0, 0x0,
    0x0, 0x0, 0x1f, 0xff, 0xd0, 0x0, 0x0, 0x0,
    0x0, 0xb, 0xff, 0x70, 0x0, 0x0, 0x0, 0x0,
    0x9, 0xff, 0x10, 0x0, 0x0, 0x0, 0x0, 0xe,
    0xfb, 0x0, 0x0, 0x0, 0x0, 0x43, 0xaf, 0xf3,
    0x0, 0x0, 0x0, 0x1, 0xff, 0xff, 0x90, 0x0,
    0x0, 0x0, 0x4, 0xef, 0xd7, 0x0, 0x0, 0x0,
    0x0,

    /* U+00FE "þ" */
    0x4f, 0xf5, 0x0, 0x0, 0x0, 0x0, 0x4, 0xff,
    0x50, 0x0, 0x0, 0x0, 0x0, 0x4f, 0xf5, 0x0,
    0x0, 0x0, 0x0, 0x4, 0xff, 0x50, 0x0, 0x0,
    0x0, 0x0, 0x4f, 0xf5, 0x2a, 0xef, 0xd7, 0x0,
    0x4, 0xff, 0x6e, 0xff, 0xff, 0xfc, 0x10, 0x4f,
    0xff, 0xd5, 0x24, 0xbf, 0xfa, 0x4, 0xff, 0xf1,
    0x0, 0x0, 0xbf, 0xf2, 0x4f, 0xf9, 0x0, 0x0,
    0x4, 0xff, 0x74, 0xff, 0x60, 0x0, 0x0, 0xf,
    0xf9, 0x4f, 0xf4, 0x0, 0x0, 0x0, 0xff, 0xb4,
    0xff, 0x60, 0x0, 0x0, 0xf, 0xf9, 0x4f, 0xf9,
    0x0, 0x0, 0x4, 0xff, 0x74, 0xff, 0xf2, 0x0,
    0x0, 0xcf, 0xf2, 0x4f, 0xff, 0xe5, 0x24, 0xbf,
    0xfb, 0x4, 0xff, 0x6e, 0xff, 0xff, 0xfd, 0x10,
    0x4f, 0xf5, 0x2a, 0xef, 0xd7, 0x0, 0x4, 0xff,
    0x50, 0x0, 0x0, 0x0, 0x0, 0x4f, 0xf5, 0x0,
    0x0, 0x0, 0x0, 0x4, 0xff, 0x50, 0x0, 0x0,
    0x0, 0x0, 0x4f, 0xf5, 0x0, 0x0, 0x0, 0x0,
    0x4, 0xff, 0x50, 0x0, 0x0, 0x0, 0x0,

    /* U+00FF "ÿ" */
    0x0, 0x3, 0x71, 0x0, 0x27, 0x10, 0x0, 0x0,
    0xf, 0xfc, 0x0, 0xff, 0xc0, 0x0, 0x0, 0xe,
    0xfb, 0x0, 0xef, 0xc0, 0x0, 0x0, 0x2, 0x51,
    0x0, 0x25, 0x10, 0x0, 0x0, 0x0, 0x0, 0x0,
    0x0, 0x0, 0x0, 0x4f, 0xf8, 0x0, 0x0, 0x0,
    0xaf, 0xf1, 0xe, 0xfd, 0x0, 0x0, 0x1, 0xff,
    0xb0, 0x8, 0xff, 0x30, 0x0, 0x6, 0xff, 0x40,
    0x2, 0xff, 0x80, 0x0, 0xc, 0xfe, 0x0, 0x0,
    0xbf, 0xe0, 0x0, 0x1f, 0xf8, 0x0, 0x0, 0x5f,
    0xf4, 0x0, 0x7f, 0xf2, 0x0, 0x0, 0xf, 0xf9,
    0x0, 0xdf, 0xc0, 0x0, 0x0, 0x9, 0xfe, 0x2,
    0xff, 0x60, 0x0, 0x0, 0x3, 0xff, 0x47, 0xff,
    0x0, 0x0, 0x0, 0x0, 0xdf, 0x8c, 0xfa, 0x0,
    0x0, 0x0, 0x0, 0x7f, 0xdf, 0xf3, 0x0, 0x0,
    0x0, 0x0, 0x1f, 0xff, 0xd0, 0x0, 0x0, 0x0,
    0x0, 0xb, 0xff, 0x70, 0x0, 0x0, 0x0, 0x0,
    0x9, 0xff, 0x10, 0x0, 0x0, 0x0, 0x0, 0xe,
    0xfb, 0x0, 0x0, 0x0, 0x0, 0x43, 0xaf, 0xf3,
    0x0, 0x0, 0x0, 0x1, 0xff, 0xff, 0x90, 0x0,
    0x0, 0x0, 0x4, 0xef, 0xd7, 0x0, 0x0, 0x0,
    0x0,

    /* U+0100 "Ā" */
    0x0, 0x0, 0xa, 0xdd, 0xdd, 0xda, 0x0, 0x0,
    0x0, 0x0, 0x0, 0xcf, 0xff, 0xff, 0xc0, 0x0,
    0x0, 0x0, 0x0, 0x0, 0x0, 0x0, 0x0, 0x0,
    0x0, 0x0, 0x0, 0x0, 0x0, 0x0, 0x0, 0x0,
    0x0, 0x0, 0x0, 0x0, 0x0, 0x0, 0x0, 0x0,
    0x0, 0x0, 0x0, 0x0, 0x0, 0x5, 0xff, 0xf4,
    0x0, 0x0, 0x0, 0x0, 0x0, 0x0, 0xbf, 0xff,
    0xa0, 0x0, 0x0, 0x0, 0x0, 0x0, 0x1f, 0xfa,
    0xff, 0x0, 0x0, 0x0, 0x0, 0x0, 0x7, 0xff,
    0x2f, 0xf6, 0x0, 0x0, 0x0, 0x0, 0x0, 0xdf,
    0xa0, 0xcf, 0xc0, 0x0, 0x0, 0x0, 0x0, 0x3f,
    0xf5, 0x7, 0xff, 0x20, 0x0, 0x0, 0x0, 0x9,
    0xff, 0x10, 0x2f, 0xf8, 0x0, 0x0, 0x0, 0x0,
    0xef, 0xb0, 0x0, 0xcf, 0xe0, 0x0, 0x0, 0x0,
    0x4f, 0xf5, 0x0, 0x6, 0xff, 0x40, 0x0, 0x0,
    0xa, 0xff, 0x0, 0x0, 0x1f, 0xfa, 0x0, 0x0,
    0x0, 0xff, 0xff, 0xff, 0xff, 0xff, 0xf0, 0x0,
    0x0, 0x6f, 0xff, 0xff, 0xff, 0xff, 0xff, 0x50,
    0x0, 0xc, 0xfe, 0x22, 0x22, 0x22, 0x2f, 0xfb,
    0x0, 0x2, 0xff, 0x90, 0x0, 0x0, 0x0, 0xaf,
    0xf1, 0x0, 0x7f, 0xf4, 0x0, 0x0, 0x0, 0x4,
    0xff, 0x70, 0xd, 0xff, 0x0, 0x0, 0x0, 0x0,
    0xf, 0xfd, 0x3, 0xff, 0xa0, 0x0, 0x0, 0x0,
    0x0, 0xaf, 0xf3,

    /* U+0101 "ā" */
    0x0, 0xa, 0xff, 0xff, 0xff, 0x0, 0x0, 0x8,
    0xdd, 0xdd, 0xdc, 0x0, 0x0, 0x0, 0x0, 0x0,
    0x0, 0x0, 0x0, 0x0, 0x0, 0x0, 0x0, 0x0,
    0x0, 0x3, 0xae, 0xfe, 0xc7, 0x0, 0x0, 0x7f,
    0xff, 0xff, 0xff, 0xc0, 0x4, 0xff, 0xc4, 0x12,
    0x9f, 0xf7, 0x2, 0x7a, 0x0, 0x0, 0xd, 0xfc,
    0x0, 0x0, 0x0, 0x0, 0xc, 0xfe, 0x0, 0x0,
    0x47, 0x9b, 0xef, 0xfe, 0x0, 0x8f, 0xff, 0xff,
    0xee, 0xfe, 0x9, 0xff, 0xb6, 0x31, 0xa, 0xfe,
    0xf, 0xfb, 0x0, 0x0, 0xb, 0xfe, 0xf, 0xf9,
    0x0, 0x0, 0x2f, 0xfe, 0xc, 0xff, 0x51, 0x15,
    0xef, 0xfe, 0x3, 0xff, 0xff, 0xff, 0xda, 0xfe,
    0x0, 0x2a, 0xef, 0xd8, 0x9, 0xfe,

    /* U+0102 "Ă" */
    0x0, 0x0, 0xf, 0xc0, 0x0, 0xcf, 0x0, 0x0,
    0x0, 0x0, 0x0, 0x9f, 0xda, 0xdf, 0x90, 0x0,
    0x0, 0x0, 0x0, 0x0, 0x7d, 0xfd, 0x70, 0x0,
    0x0, 0x0, 0x0, 0x0, 0x0, 0x0, 0x0, 0x0,
    0x0, 0x0, 0x0, 0x0, 0x0, 0x0, 0x0, 0x0,
    0x0, 0x0, 0x0, 0x0, 0x0, 0x5, 0xff, 0xf4,
    0x0, 0x0, 0x0, 0x0, 0x0, 0x0, 0xbf, 0xff,
    0xa0, 0x0, 0x0, 0x0, 0x0, 0x0, 0x1f, 0xfa,
    0xff, 0x0, 0x0, 0x0, 0x0, 0x0, 0x7, 0xff,
    0x2f, 0xf6, 0x0, 0x0, 0x0, 0x0, 0x0, 0xdf,
    0xa0, 0xcf, 0xc0, 0x0, 0x0, 0x0, 0x0, 0x3f,
    0xf5, 0x7, 0xff, 0x20, 0x0, 0x0, 0x0, 0x9,
    0xff, 0x10, 0x2f, 0xf8, 0x0, 0x0, 0x0, 0x0,
    0xef, 0xb0, 0x0, 0xcf, 0xe0, 0x0, 0x0, 0x0,
    0x4f, 0xf5, 0x0, 0x6, 0xff, 0x40, 0x0, 0x0,
    0xa, 0xff, 0x0, 0x0, 0x1f, 0xfa, 0x0, 0x0,
    0x0, 0xff, 0xff, 0xff, 0xff, 0xff, 0xf0, 0x0,
    0x0, 0x6f, 0xff, 0xff, 0xff, 0xff, 0xff, 0x50,
    0x0, 0xc, 0xfe, 0x22, 0x22, 0x22, 0x2f, 0xfb,
    0x0, 0x2, 0xff, 0x90, 0x0, 0x0, 0x0, 0xaf,
    0xf1, 0x0, 0x7f, 0xf4, 0x0, 0x0, 0x0, 0x4,
    0xff, 0x70, 0xd, 0xff, 0x0, 0x0, 0x0, 0x0,
    0xf, 0xfd, 0x3, 0xff, 0xa0, 0x0, 0x0, 0x0,
    0x0, 0xaf, 0xf3,

    /* U+0103 "ă" */
    0x0, 0xc, 0xd0, 0x0, 0x9e, 0x30, 0x0, 0x7,
    0xfd, 0xac, 0xfc, 0x0, 0x0, 0x0, 0x6d, 0xfe,
    0x90, 0x0, 0x0, 0x0, 0x0, 0x0, 0x0, 0x0,
    0x0, 0x0, 0x0, 0x0, 0x0, 0x0, 0x0, 0x3,
    0xae, 0xfe, 0xc7, 0x0, 0x0, 0x7f, 0xff, 0xff,
    0xff, 0xc0, 0x4, 0xff, 0xc4, 0x12, 0x9f, 0xf7,
    0x2, 0x7a, 0x0, 0x0, 0xd, 0xfc, 0x0, 0x0,
    0x0, 0x0, 0xc, 0xfe, 0x0, 0x0, 0x47, 0x9b,
    0xef, 0xfe, 0x0, 0x8f, 0xff, 0xff, 0xee, 0xfe,
    0x9, 0xff, 0xb6, 0x31, 0xa, 0xfe, 0xf, 0xfb,
    0x0, 0x0, 0xb, 0xfe, 0xf, 0xf9, 0x0, 0x0,
    0x2f, 0xfe, 0xc, 0xff, 0x51, 0x15, 0xef, 0xfe,
    0x3, 0xff, 0xff, 0xff, 0xda, 0xfe, 0x0, 0x2a,
    0xef, 0xd8, 0x9, 0xfe,

    /* U+0104 "Ą" */
    0x0, 0x0, 0x0, 0x5f, 0xff, 0x40, 0x0, 0x0,
    0x0, 0x0, 0x0, 0x0, 0xbf, 0xff, 0xa0, 0x0,
    0x0, 0x0, 0x0, 0x0, 0x1, 0xff, 0xaf, 0xf0,
    0x0, 0x0, 0x0, 0x0, 0x0, 0x7, 0xff, 0x2f,
    0xf6, 0x0, 0x0, 0x0, 0x0, 0x0, 0xd, 0xfa,
    0xc, 0xfc, 0x0, 0x0, 0x0, 0x0, 0x0, 0x3f,
    0xf5, 0x7, 0xff, 0x20, 0x0, 0x0, 0x0, 0x0,
    0x9f, 0xf1, 0x2, 0xff, 0x80, 0x0, 0x0, 0x0,
    0x0, 0xef, 0xb0, 0x0, 0xcf, 0xe0, 0x0, 0x0,
    0x0, 0x4, 0xff, 0x50, 0x0, 0x6f, 0xf4, 0x0,
    0x0, 0x0, 0xa, 0xff, 0x0, 0x0, 0x1f, 0xfa,
    0x0, 0x0, 0x0, 0xf, 0xff, 0xff, 0xff, 0xff,
    0xff, 0x0, 0x0, 0x0, 0x6f, 0xff, 0xff, 0xff,
    0xff, 0xff, 0x50, 0x0, 0x0, 0xcf, 0xe2, 0x22,
    0x22, 0x22, 0xff, 0xb0, 0x0, 0x2, 0xff, 0x90,
    0x0, 0x0, 0x0, 0xaf, 0xf1, 0x0, 0x7, 0xff,
    0x40, 0x0, 0x0, 0x0, 0x4f, 0xf7, 0x0, 0xd,
    0xff, 0x0, 0x0, 0x0, 0x0, 0xf, 0xfd, 0x0,
    0x3f, 0xfa, 0x0, 0x0, 0x0, 0x0, 0xb, 0xff,
    0x30, 0x0, 0x0, 0x0, 0x0, 0x0, 0x0, 0x1d,
    0xfa, 0x0, 0x0, 0x0, 0x0, 0x0, 0x0, 0x0,
    0xbf, 0xb0, 0x0, 0x0, 0x0, 0x0, 0x0, 0x0,
    0x0, 0xff, 0x90, 0x0, 0x0, 0x0, 0x0, 0x0,
    0x0, 0x0, 0xdf, 0xfe, 0xb0, 0x0, 0x0, 0x0,
    0x0, 0x0, 0x0, 0x2b, 0xfe, 0xa0,

    /* U+0105 "ą" */
    0x0, 0x3, 0xae, 0xfe, 0xc7, 0x0, 0x0, 0x7,
    0xff, 0xff, 0xff, 0xfc, 0x0, 0x4, 0xff, 0xc4,
    0x12, 0x9f, 0xf7, 0x0, 0x27, 0xa0, 0x0, 0x0,
    0xdf, 0xc0, 0x0, 0x0, 0x0, 0x0, 0xc, 0xfe,
    0x0, 0x0, 0x4, 0x79, 0xbe, 0xff, 0xe0, 0x0,
    0x8f, 0xff, 0xff, 0xee, 0xfe, 0x0, 0x9f, 0xfb,
    0x63, 0x10, 0xaf, 0xe0, 0xf, 0xfb, 0x0, 0x0,
    0xb, 0xfe, 0x0, 0xff, 0x90, 0x0, 0x2, 0xff,
    0xe0, 0xc, 0xff, 0x51, 0x15, 0xef, 0xfe, 0x0,
    0x3f, 0xff, 0xff, 0xfd, 0xaf, 0xe0, 0x0, 0x2a,
    0xef, 0xd8, 0xb, 0xfe, 0x0, 0x0, 0x0, 0x0,
    0x6, 0xfe, 0x40, 0x0, 0x0, 0x0, 0x3, 0xff,
    0x20, 0x0, 0x0, 0x0, 0x0, 0x7f, 0xf1, 0x0,
    0x0, 0x0, 0x0, 0x4, 0xff, 0xff, 0x30, 0x0,
    0x0, 0x0, 0x7, 0xdf, 0xd4,

    /* U+0106 "Ć" */
    0x0, 0x0, 0x0, 0x0, 0x26, 0x62, 0x0, 0x0,
    0x0, 0x0, 0x0, 0x0, 0xaf, 0xc0, 0x0, 0x0,
    0x0, 0x0, 0x0, 0x2, 0xff, 0x20, 0x0, 0x0,
    0x0, 0x0, 0x0, 0x9, 0xf7, 0x0, 0x0, 0x0,
    0x0, 0x0, 0x0, 0x0, 0x0, 0x0, 0x0, 0x0,
    0x0, 0x0, 0x0, 0x0, 0x0, 0x0, 0x0, 0x0,
    0x0, 0x0, 0x28, 0xdf, 0xfd, 0xa5, 0x0, 0x0,
    0x0, 0x7, 0xff, 0xff, 0xff, 0xff, 0xc1, 0x0,
    0x0, 0x9f, 0xff, 0xb7, 0x69, 0xef, 0xfd, 0x10,
    0x5, 0xff, 0xd3, 0x0, 0x0, 0x9, 0xff, 0xa0,
    0xe, 0xff, 0x20, 0x0, 0x0, 0x0, 0xcf, 0xf1,
    0x4f, 0xf8, 0x0, 0x0, 0x0, 0x0, 0x49, 0x92,
    0x7f, 0xf3, 0x0, 0x0, 0x0, 0x0, 0x0, 0x0,
    0x9f, 0xf1, 0x0, 0x0, 0x0, 0x0, 0x0, 0x0,
    0xaf, 0xf0, 0x0, 0x0, 0x0, 0x0, 0x0, 0x0,
    0x9f, 0xf1, 0x0, 0x0, 0x0, 0x0, 0x0, 0x0,
    0x7f, 0xf3, 0x0, 0x0, 0x0, 0x0, 0x0, 0x0,
    0x4f, 0xf8, 0x0, 0x0, 0x0, 0x0, 0x4a, 0xa3,
    0xe, 0xff, 0x20, 0x0, 0x0, 0x0, 0xcf, 0xf1,
    0x5, 0xff, 0xd2, 0x0, 0x0, 0x9, 0xff, 0x90,
    0x0, 0x9f, 0xff, 0xb7, 0x69, 0xef, 0xfd, 0x10,
    0x0, 0x7, 0xff, 0xff, 0xff, 0xff, 0xb1, 0x0,
    0x0, 0x0, 0x29, 0xdf, 0xfd, 0xa4, 0x0, 0x0,

    /* U+0107 "ć" */
    0x0, 0x0, 0x0, 0x6f, 0xf2, 0x0, 0x0, 0x0,
    0x0, 0xdf, 0x70, 0x0, 0x0, 0x0, 0x5, 0xfc,
    0x0, 0x0, 0x0, 0x0, 0x4, 0x72, 0x0, 0x0,
    0x0, 0x0, 0x0, 0x0, 0x0, 0x0, 0x0, 0x6,
    0xce, 0xfd, 0x92, 0x0, 0x1, 0xcf, 0xff, 0xff,
    0xff, 0x50, 0xb, 0xff, 0xa4, 0x26, 0xef, 0xf2,
    0x4f, 0xf9, 0x0, 0x0, 0x2f, 0xf7, 0x9f, 0xf1,
    0x0, 0x0, 0x2, 0x0, 0xcf, 0xd0, 0x0, 0x0,
    0x0, 0x0, 0xdf, 0xc0, 0x0, 0x0, 0x0, 0x0,
    0xcf, 0xd0, 0x0, 0x0, 0x0, 0x0, 0x9f, 0xf1,
    0x0, 0x0, 0x3, 0x10, 0x4f, 0xf9, 0x0, 0x0,
    0x2f, 0xf8, 0xb, 0xff, 0xa3, 0x26, 0xef, 0xf2,
    0x1, 0xcf, 0xff, 0xff, 0xff, 0x50, 0x0, 0x6,
    0xce, 0xfe, 0x92, 0x0,

    /* U+0108 "Ĉ" */
    0x0, 0x0, 0x0, 0x17, 0x84, 0x0, 0x0, 0x0,
    0x0, 0x0, 0x0, 0xcf, 0xff, 0x30, 0x0, 0x0,
    0x0, 0x0, 0xa, 0xfa, 0x5f, 0xe1, 0x0, 0x0,
    0x0, 0x0, 0x9f, 0xd0, 0x8, 0xfc, 0x0, 0x0,
    0x0, 0x0, 0x0, 0x0, 0x0, 0x0, 0x0, 0x0,
    0x0, 0x0, 0x0, 0x0, 0x0, 0x0, 0x0, 0x0,
    0x0, 0x0, 0x28, 0xdf, 0xfd, 0xa5, 0x0, 0x0,
    0x0, 0x7, 0xff, 0xff, 0xff, 0xff, 0xc1, 0x0,
    0x0, 0x9f, 0xff, 0xb7, 0x69, 0xef, 0xfd, 0x10,
    0x5, 0xff, 0xd3, 0x0, 0x0, 0x9, 0xff, 0xa0,
    0xe, 0xff, 0x20, 0x0, 0x0, 0x0, 0xcf, 0xf1,
    0x4f, 0xf8, 0x0, 0x0, 0x0, 0x0, 0x49, 0x92,
    0x7f, 0xf3, 0x0, 0x0, 0x0, 0x0, 0x0, 0x0,
    0x9f, 0xf1, 0x0, 0x0, 0x0, 0x0, 0x0, 0x0,
    0xaf, 0xf0, 0x0, 0x0, 0x0, 0x0, 0x0, 0x0,
    0x9f, 0xf1, 0x0, 0x0, 0x0, 0x0, 0x0, 0x0,
    0x7f, 0xf3, 0x0, 0x0, 0x0, 0x0, 0x0, 0x0,
    0x4f, 0xf8, 0x0, 0x0, 0x0, 0x0, 0x4a, 0xa3,
    0xe, 0xff, 0x20, 0x0, 0x0, 0x0, 0xcf, 0xf1,
    0x5, 0xff, 0xd2, 0x0, 0x0, 0x9, 0xff, 0x90,
    0x0, 0x9f, 0xff, 0xb7, 0x69, 0xef, 0xfd, 0x10,
    0x0, 0x7, 0xff, 0xff, 0xff, 0xff, 0xb1, 0x0,
    0x0, 0x0, 0x29, 0xdf, 0xfd, 0xa4, 0x0, 0x0,

    /* U+0109 "ĉ" */
    0x0, 0x0, 0x6f, 0xfc, 0x0, 0x0, 0x0, 0x6,
    0xfd, 0x8f, 0xc0, 0x0, 0x0, 0x6f, 0xe2, 0x8,
    0xfc, 0x0, 0x0, 0x0, 0x0, 0x0, 0x0, 0x0,
    0x0, 0x0, 0x0, 0x0, 0x0, 0x0, 0x0, 0x6,
    0xce, 0xfd, 0x92, 0x0, 0x1, 0xcf, 0xff, 0xff,
    0xff, 0x50, 0xb, 0xff, 0xa4, 0x26, 0xef, 0xf2,
    0x4f, 0xf9, 0x0, 0x0, 0x2f, 0xf7, 0x9f, 0xf1,
    0x0, 0x0, 0x2, 0x0, 0xcf, 0xd0, 0x0, 0x0,
    0x0, 0x0, 0xdf, 0xc0, 0x0, 0x0, 0x0, 0x0,
    0xcf, 0xd0, 0x0, 0x0, 0x0, 0x0, 0x9f, 0xf1,
    0x0, 0x0, 0x3, 0x10, 0x4f, 0xf9, 0x0, 0x0,
    0x2f, 0xf8, 0xb, 0xff, 0xa3, 0x26, 0xef, 0xf2,
    0x1, 0xcf, 0xff, 0xff, 0xff, 0x50, 0x0, 0x6,
    0xce, 0xfe, 0x92, 0x0,

    /* U+010A "Ċ" */
    0x0, 0x0, 0x0, 0x1c, 0xe5, 0x0, 0x0, 0x0,
    0x0, 0x0, 0x0, 0x5f, 0xfc, 0x0, 0x0, 0x0,
    0x0, 0x0, 0x0, 0x1c, 0xe5, 0x0, 0x0, 0x0,
    0x0, 0x0, 0x0, 0x0, 0x0, 0x0, 0x0, 0x0,
    0x0, 0x0, 0x0, 0x0, 0x0, 0x0, 0x0, 0x0,
    0x0, 0x0, 0x28, 0xdf, 0xfd, 0xa5, 0x0, 0x0,
    0x0, 0x7, 0xff, 0xff, 0xff, 0xff, 0xc1, 0x0,
    0x0, 0x9f, 0xff, 0xb7, 0x69, 0xef, 0xfd, 0x10,
    0x5, 0xff, 0xd3, 0x0, 0x0, 0x9, 0xff, 0xa0,
    0xe, 0xff, 0x20, 0x0, 0x0, 0x0, 0xcf, 0xf1,
    0x4f, 0xf8, 0x0, 0x0, 0x0, 0x0, 0x49, 0x92,
    0x7f, 0xf3, 0x0, 0x0, 0x0, 0x0, 0x0, 0x0,
    0x9f, 0xf1, 0x0, 0x0, 0x0, 0x0, 0x0, 0x0,
    0xaf, 0xf0, 0x0, 0x0, 0x0, 0x0, 0x0, 0x0,
    0x9f, 0xf1, 0x0, 0x0, 0x0, 0x0, 0x0, 0x0,
    0x7f, 0xf3, 0x0, 0x0, 0x0, 0x0, 0x0, 0x0,
    0x4f, 0xf8, 0x0, 0x0, 0x0, 0x0, 0x4a, 0xa3,
    0xe, 0xff, 0x20, 0x0, 0x0, 0x0, 0xcf, 0xf1,
    0x5, 0xff, 0xd2, 0x0, 0x0, 0x9, 0xff, 0x90,
    0x0, 0x9f, 0xff, 0xb7, 0x69, 0xef, 0xfd, 0x10,
    0x0, 0x7, 0xff, 0xff, 0xff, 0xff, 0xb1, 0x0,
    0x0, 0x0, 0x29, 0xdf, 0xfd, 0xa4, 0x0, 0x0,

    /* U+010B "ċ" */
    0x0, 0x0, 0x4, 0x71, 0x0, 0x0, 0x0, 0x0,
    0x3f, 0xfb, 0x0, 0x0, 0x0, 0x0, 0x3f, 0xfb,
    0x0, 0x0, 0x0, 0x0, 0x4, 0x71, 0x0, 0x0,
    0x0, 0x0, 0x0, 0x0, 0x0, 0x0, 0x0, 0x6,
    0xce, 0xfd, 0x92, 0x0, 0x1, 0xcf, 0xff, 0xff,
    0xff, 0x50, 0xb, 0xff, 0xa4, 0x26, 0xef, 0xf2,
    0x4f, 0xf9, 0x0, 0x0, 0x2f, 0xf7, 0x9f, 0xf1,
    0x0, 0x0, 0x2, 0x0, 0xcf, 0xd0, 0x0, 0x0,
    0x0, 0x0, 0xdf, 0xc0, 0x0, 0x0, 0x0, 0x0,
    0xcf, 0xd0, 0x0, 0x0, 0x0, 0x0, 0x9f, 0xf1,
    0x0, 0x0, 0x3, 0x10, 0x4f, 0xf9, 0x0, 0x0,
    0x2f, 0xf8, 0xb, 0xff, 0xa3, 0x26, 0xef, 0xf2,
    0x1, 0xcf, 0xff, 0xff, 0xff, 0x50, 0x0, 0x6,
    0xce, 0xfe, 0x92, 0x0,

    /* U+010C "Č" */
    0x0, 0x0, 0x58, 0x50, 0x2, 0x87, 0x10, 0x0,
    0x0, 0x0, 0x2e, 0xf4, 0x1d, 0xf7, 0x0, 0x0,
    0x0, 0x0, 0x3, 0xff, 0xcf, 0x90, 0x0, 0x0,
    0x0, 0x0, 0x0, 0x5f, 0xfb, 0x0, 0x0, 0x0,
    0x0, 0x0, 0x0, 0x0, 0x0, 0x0, 0x0, 0x0,
    0x0, 0x0, 0x0, 0x0, 0x0, 0x0, 0x0, 0x0,
    0x0, 0x0, 0x28, 0xdf, 0xfd, 0xa5, 0x0, 0x0,
    0x0, 0x7, 0xff, 0xff, 0xff, 0xff, 0xc1, 0x0,
    0x0, 0x9f, 0xff, 0xb7, 0x69, 0xef, 0xfd, 0x10,
    0x5, 0xff, 0xd3, 0x0, 0x0, 0x9, 0xff, 0xa0,
    0xe, 0xff, 0x20, 0x0, 0x0, 0x0, 0xcf, 0xf1,
    0x4f, 0xf8, 0x0, 0x0, 0x0, 0x0, 0x49, 0x92,
    0x7f, 0xf3, 0x0, 0x0, 0x0, 0x0, 0x0, 0x0,
    0x9f, 0xf1, 0x0, 0x0, 0x0, 0x0, 0x0, 0x0,
    0xaf, 0xf0, 0x0, 0x0, 0x0, 0x0, 0x0, 0x0,
    0x9f, 0xf1, 0x0, 0x0, 0x0, 0x0, 0x0, 0x0,
    0x7f, 0xf3, 0x0, 0x0, 0x0, 0x0, 0x0, 0x0,
    0x4f, 0xf8, 0x0, 0x0, 0x0, 0x0, 0x4a, 0xa3,
    0xe, 0xff, 0x20, 0x0, 0x0, 0x0, 0xcf, 0xf1,
    0x5, 0xff, 0xd2, 0x0, 0x0, 0x9, 0xff, 0x90,
    0x0, 0x9f, 0xff, 0xb7, 0x69, 0xef, 0xfd, 0x10,
    0x0, 0x7, 0xff, 0xff, 0xff, 0xff, 0xb1, 0x0,
    0x0, 0x0, 0x29, 0xdf, 0xfd, 0xa4, 0x0, 0x0,

    /* U+010D "č" */
    0x0, 0x5f, 0xe2, 0x8, 0xfd, 0x10, 0x0, 0x5,
    0xfd, 0x8f, 0xc1, 0x0, 0x0, 0x0, 0x6f, 0xfc,
    0x10, 0x0, 0x0, 0x0, 0x0, 0x0, 0x0, 0x0,
    0x0, 0x0, 0x0, 0x0, 0x0, 0x0, 0x0, 0x6,
    0xce, 0xfd, 0x92, 0x0, 0x1, 0xcf, 0xff, 0xff,
    0xff, 0x50, 0xb, 0xff, 0xa4, 0x26, 0xef, 0xf2,
    0x4f, 0xf9, 0x0, 0x0, 0x2f, 0xf7, 0x9f, 0xf1,
    0x0, 0x0, 0x2, 0x0, 0xcf, 0xd0, 0x0, 0x0,
    0x0, 0x0, 0xdf, 0xc0, 0x0, 0x0, 0x0, 0x0,
    0xcf, 0xd0, 0x0, 0x0, 0x0, 0x0, 0x9f, 0xf1,
    0x0, 0x0, 0x3, 0x10, 0x4f, 0xf9, 0x0, 0x0,
    0x2f, 0xf8, 0xb, 0xff, 0xa3, 0x26, 0xef, 0xf2,
    0x1, 0xcf, 0xff, 0xff, 0xff, 0x50, 0x0, 0x6,
    0xce, 0xfe, 0x92, 0x0,

    /* U+010E "Ď" */
    0x0, 0x6f, 0xd1, 0x9, 0xfc, 0x0, 0x0, 0x0,
    0x0, 0x6, 0xfd, 0x8f, 0xc0, 0x0, 0x0, 0x0,
    0x0, 0x0, 0x6f, 0xfc, 0x0, 0x0, 0x0, 0x0,
    0x0, 0x0, 0x0, 0x0, 0x0, 0x0, 0x0, 0x0,
    0x0, 0x0, 0x0, 0x0, 0x0, 0x0, 0x0, 0x0,
    0x1f, 0xff, 0xff, 0xff, 0xda, 0x40, 0x0, 0x0,
    0x1f, 0xff, 0xff, 0xff, 0xff, 0xfb, 0x10, 0x0,
    0x1f, 0xfb, 0x44, 0x45, 0x8d, 0xff, 0xe1, 0x0,
    0x1f, 0xf9, 0x0, 0x0, 0x0, 0x8f, 0xfb, 0x0,
    0x1f, 0xf9, 0x0, 0x0, 0x0, 0xa, 0xff, 0x30,
    0x1f, 0xf9, 0x0, 0x0, 0x0, 0x2, 0xff, 0x90,
    0x1f, 0xf9, 0x0, 0x0, 0x0, 0x0, 0xdf, 0xd0,
    0x1f, 0xf9, 0x0, 0x0, 0x0, 0x0, 0xaf, 0xe0,
    0x1f, 0xf9, 0x0, 0x0, 0x0, 0x0, 0xaf, 0xf0,
    0x1f, 0xf9, 0x0, 0x0, 0x0, 0x0, 0xaf, 0xe0,
    0x1f, 0xf9, 0x0, 0x0, 0x0, 0x0, 0xdf, 0xc0,
    0x1f, 0xf9, 0x0, 0x0, 0x0, 0x2, 0xff, 0x90,
    0x1f, 0xf9, 0x0, 0x0, 0x0, 0xa, 0xff, 0x30,
    0x1f, 0xf9, 0x0, 0x0, 0x0, 0x8f, 0xfb, 0x0,
    0x1f, 0xfb, 0x44, 0x45, 0x8e, 0xff, 0xd1, 0x0,
    0x1f, 0xff, 0xff, 0xff, 0xff, 0xfb, 0x10, 0x0,
    0x1f, 0xff, 0xff, 0xff, 0xd9, 0x40, 0x0, 0x0,

    /* U+010F "ď" */
    0x0, 0x0, 0x0, 0x0, 0x0, 0x0, 0x1, 0x55,
    0x0, 0x0, 0x0, 0x0, 0x0, 0x0, 0x5, 0xfd,
    0x0, 0x0, 0x0, 0x0, 0x7, 0xff, 0x15, 0xfb,
    0x0, 0x0, 0x0, 0x0, 0x7, 0xff, 0x15, 0xf8,
    0x0, 0x0, 0x0, 0x0, 0x7, 0xff, 0x15, 0xf6,
    0x0, 0x0, 0x0, 0x0, 0x7, 0xff, 0x10, 0x0,
    0x0, 0x18, 0xdf, 0xe9, 0x17, 0xff, 0x10, 0x0,
    0x2, 0xef, 0xff, 0xff, 0xc8, 0xff, 0x10, 0x0,
    0xc, 0xff, 0xa3, 0x26, 0xef, 0xff, 0x10, 0x0,
    0x5f, 0xf9, 0x0, 0x0, 0x3f, 0xff, 0x10, 0x0,
    0xaf, 0xf1, 0x0, 0x0, 0xc, 0xff, 0x10, 0x0,
    0xcf, 0xd0, 0x0, 0x0, 0x8, 0xff, 0x10, 0x0,
    0xdf, 0xc0, 0x0, 0x0, 0x7, 0xff, 0x10, 0x0,
    0xcf, 0xd0, 0x0, 0x0, 0x8, 0xff, 0x10, 0x0,
    0xaf, 0xf1, 0x0, 0x0, 0xc, 0xff, 0x10, 0x0,
    0x5f, 0xf9, 0x0, 0x0, 0x4f, 0xff, 0x10, 0x0,
    0xd, 0xff, 0xa3, 0x26, 0xfe, 0xff, 0x10, 0x0,
    0x2, 0xef, 0xff, 0xff, 0xc7, 0xff, 0x10, 0x0,
    0x0, 0x18, 0xdf, 0xe9, 0x16, 0xff, 0x10, 0x0,

    /* U+0110 "Đ" */
    0x0, 0x8f, 0xff, 0xff, 0xfe, 0xc7, 0x10, 0x0,
    0x0, 0x8, 0xff, 0xff, 0xff, 0xff, 0xff, 0x60,
    0x0, 0x0, 0x8f, 0xf6, 0x44, 0x56, 0xaf, 0xff,
    0x80, 0x0, 0x8, 0xff, 0x20, 0x0, 0x0, 0x2d,
    0xff, 0x30, 0x0, 0x8f, 0xf2, 0x0, 0x0, 0x0,
    0x2f, 0xfb, 0x0, 0x8, 0xff, 0x20, 0x0, 0x0,
    0x0, 0x9f, 0xf1, 0x0, 0x8f, 0xf2, 0x0, 0x0,
    0x0, 0x5, 0xff, 0x5b, 0xff, 0xff, 0xff, 0xff,
    0x60, 0x0, 0x2f, 0xf6, 0xcf, 0xff, 0xff, 0xff,
    0xf7, 0x0, 0x1, 0xff, 0x80, 0x8, 0xff, 0x20,
    0x0, 0x0, 0x0, 0x2f, 0xf6, 0x0, 0x8f, 0xf2,
    0x0, 0x0, 0x0, 0x5, 0xff, 0x50, 0x8, 0xff,
    0x20, 0x0, 0x0, 0x0, 0xaf, 0xf1, 0x0, 0x8f,
    0xf2, 0x0, 0x0, 0x0, 0x2f, 0xfb, 0x0, 0x8,
    0xff, 0x20, 0x0, 0x0, 0x3e, 0xff, 0x30, 0x0,
    0x8f, 0xf6, 0x44, 0x57, 0xbf, 0xff, 0x70, 0x0,
    0x8, 0xff, 0xff, 0xff, 0xff, 0xff, 0x50, 0x0,
    0x0, 0x8f, 0xff, 0xff, 0xfe, 0xc7, 0x10, 0x0,
    0x0,

    /* U+0111 "đ" */
    0x0, 0x0, 0x0, 0x0, 0x7, 0xff, 0x10, 0x0,
    0x0, 0x1, 0xff, 0xff, 0xff, 0xfc, 0x0, 0x0,
    0x1, 0xbb, 0xbf, 0xff, 0xd8, 0x0, 0x0, 0x0,
    0x0, 0x7, 0xff, 0x10, 0x0, 0x18, 0xdf, 0xe9,
    0x17, 0xff, 0x10, 0x2, 0xef, 0xff, 0xff, 0xc8,
    0xff, 0x10, 0xc, 0xff, 0xa3, 0x26, 0xef, 0xff,
    0x10, 0x5f, 0xf9, 0x0, 0x0, 0x3f, 0xff, 0x10,
    0xaf, 0xf1, 0x0, 0x0, 0xc, 0xff, 0x10, 0xcf,
    0xd0, 0x0, 0x0, 0x8, 0xff, 0x10, 0xdf, 0xc0,
    0x0, 0x0, 0x7, 0xff, 0x10, 0xcf, 0xd0, 0x0,
    0x0, 0x8, 0xff, 0x10, 0xaf, 0xf1, 0x0, 0x0,
    0xc, 0xff, 0x10, 0x5f, 0xf9, 0x0, 0x0, 0x4f,
    0xff, 0x10, 0xd, 0xff, 0xa3, 0x26, 0xfe, 0xff,
    0x10, 0x2, 0xef, 0xff, 0xff, 0xc7, 0xff, 0x10,
    0x0, 0x18, 0xdf, 0xe9, 0x16, 0xff, 0x10,

    /* U+0112 "Ē" */
    0x0, 0xa, 0xdd, 0xdd, 0xd9, 0x0, 0x0, 0xd,
    0xff, 0xff, 0xfc, 0x0, 0x0, 0x0, 0x0, 0x0,
    0x0, 0x0, 0x0, 0x0, 0x0, 0x0, 0x0, 0x0,
    0x0, 0x0, 0x0, 0x0, 0x0, 0x0, 0x1f, 0xff,
    0xff, 0xff, 0xff, 0xfe, 0x1f, 0xff, 0xff, 0xff,
    0xff, 0xfe, 0x1f, 0xfb, 0x44, 0x44, 0x44, 0x43,
    0x1f, 0xf9, 0x0, 0x0, 0x0, 0x0, 0x1f, 0xf9,
    0x0, 0x0, 0x0, 0x0, 0x1f, 0xf9, 0x0, 0x0,
    0x0, 0x0, 0x1f, 0xf9, 0x0, 0x0, 0x0, 0x0,
    0x1f, 0xff, 0xff, 0xff, 0xff, 0xf5, 0x1f, 0xff,
    0xff, 0xff, 0xff, 0xf5, 0x1f, 0xfb, 0x44, 0x44,
    0x44, 0x41, 0x1f, 0xf9, 0x0, 0x0, 0x0, 0x0,
    0x1f, 0xf9, 0x0, 0x0, 0x0, 0x0, 0x1f, 0xf9,
    0x0, 0x0, 0x0, 0x0, 0x1f, 0xf9, 0x0, 0x0,
    0x0, 0x0, 0x1f, 0xfb, 0x44, 0x44, 0x44, 0x44,
    0x1f, 0xff, 0xff, 0xff, 0xff, 0xff, 0x1f, 0xff,
    0xff, 0xff, 0xff, 0xff,

    /* U+0113 "ē" */
    0x0, 0x2f, 0xff, 0xff, 0xf6, 0x0, 0x0, 0x2,
    0xdd, 0xdd, 0xdd, 0x50, 0x0, 0x0, 0x0, 0x0,
    0x0, 0x0, 0x0, 0x0, 0x0, 0x0, 0x0, 0x0,
    0x0, 0x0, 0x0, 0x6, 0xce, 0xfd, 0x81, 0x0,
    0x0, 0x1c, 0xff, 0xff, 0xff, 0xe4, 0x0, 0xb,
    0xff, 0x83, 0x25, 0xef, 0xf1, 0x4, 0xff, 0x50,
    0x0, 0x2, 0xff, 0x80, 0x9f, 0xe0, 0x0, 0x0,
    0xb, 0xfd, 0xc, 0xff, 0xee, 0xee, 0xee, 0xff,
    0xf0, 0xdf, 0xff, 0xff, 0xff, 0xff, 0xff, 0xc,
    0xfc, 0x0, 0x0, 0x0, 0x0, 0x0, 0x9f, 0xf0,
    0x0, 0x0, 0x0, 0x0, 0x4, 0xff, 0x80, 0x0,
    0x0, 0xca, 0x50, 0xb, 0xff, 0xa3, 0x24, 0xcf,
    0xf5, 0x0, 0x1c, 0xff, 0xff, 0xff, 0xf8, 0x0,
    0x0, 0x6, 0xbe, 0xfd, 0xa4, 0x0, 0x0,

    /* U+0114 "Ĕ" */
    0x0, 0xf, 0xc0, 0x0, 0xcf, 0x0, 0x0, 0x9,
    0xfd, 0xad, 0xf9, 0x0, 0x0, 0x0, 0x7d, 0xfd,
    0x70, 0x0, 0x0, 0x0, 0x0, 0x0, 0x0, 0x0,
    0x0, 0x0, 0x0, 0x0, 0x0, 0x0, 0x1f, 0xff,
    0xff, 0xff, 0xff, 0xfe, 0x1f, 0xff, 0xff, 0xff,
    0xff, 0xfe, 0x1f, 0xfb, 0x44, 0x44, 0x44, 0x43,
    0x1f, 0xf9, 0x0, 0x0, 0x0, 0x0, 0x1f, 0xf9,
    0x0, 0x0, 0x0, 0x0, 0x1f, 0xf9, 0x0, 0x0,
    0x0, 0x0, 0x1f, 0xf9, 0x0, 0x0, 0x0, 0x0,
    0x1f, 0xff, 0xff, 0xff, 0xff, 0xf5, 0x1f, 0xff,
    0xff, 0xff, 0xff, 0xf5, 0x1f, 0xfb, 0x44, 0x44,
    0x44, 0x41, 0x1f, 0xf9, 0x0, 0x0, 0x0, 0x0,
    0x1f, 0xf9, 0x0, 0x0, 0x0, 0x0, 0x1f, 0xf9,
    0x0, 0x0, 0x0, 0x0, 0x1f, 0xf9, 0x0, 0x0,
    0x0, 0x0, 0x1f, 0xfb, 0x44, 0x44, 0x44, 0x44,
    0x1f, 0xff, 0xff, 0xff, 0xff, 0xff, 0x1f, 0xff,
    0xff, 0xff, 0xff, 0xff,

    /* U+0115 "ĕ" */
    0x0, 0x6f, 0x60, 0x3, 0xfa, 0x0, 0x0, 0x1,
    0xef, 0xba, 0xff, 0x30, 0x0, 0x0, 0x2, 0xaf,
    0xfc, 0x30, 0x0, 0x0, 0x0, 0x0, 0x0, 0x0,
    0x0, 0x0, 0x0, 0x0, 0x0, 0x0, 0x0, 0x0,
    0x0, 0x0, 0x6c, 0xef, 0xd8, 0x10, 0x0, 0x1,
    0xcf, 0xff, 0xff, 0xfe, 0x40, 0x0, 0xbf, 0xf8,
    0x32, 0x5e, 0xff, 0x10, 0x4f, 0xf5, 0x0, 0x0,
    0x2f, 0xf8, 0x9, 0xfe, 0x0, 0x0, 0x0, 0xbf,
    0xd0, 0xcf, 0xfe, 0xee, 0xee, 0xef, 0xff, 0xd,
    0xff, 0xff, 0xff, 0xff, 0xff, 0xf0, 0xcf, 0xc0,
    0x0, 0x0, 0x0, 0x0, 0x9, 0xff, 0x0, 0x0,
    0x0, 0x0, 0x0, 0x4f, 0xf8, 0x0, 0x0, 0xc,
    0xa5, 0x0, 0xbf, 0xfa, 0x32, 0x4c, 0xff, 0x50,
    0x1, 0xcf, 0xff, 0xff, 0xff, 0x80, 0x0, 0x0,
    0x6b, 0xef, 0xda, 0x40, 0x0,

    /* U+0116 "Ė" */
    0x0, 0x0, 0x9, 0xf9, 0x0, 0x0, 0x0, 0x0,
    0x1f, 0xff, 0x0, 0x0, 0x0, 0x0, 0x9, 0xf9,
    0x0, 0x0, 0x0, 0x0, 0x0, 0x0, 0x0, 0x0,
    0x0, 0x0, 0x0, 0x0, 0x0, 0x0, 0x1f, 0xff,
    0xff, 0xff, 0xff, 0xfe, 0x1f, 0xff, 0xff, 0xff,
    0xff, 0xfe, 0x1f, 0xfb, 0x44, 0x44, 0x44, 0x43,
    0x1f, 0xf9, 0x0, 0x0, 0x0, 0x0, 0x1f, 0xf9,
    0x0, 0x0, 0x0, 0x0, 0x1f, 0xf9, 0x0, 0x0,
    0x0, 0x0, 0x1f, 0xf9, 0x0, 0x0, 0x0, 0x0,
    0x1f, 0xff, 0xff, 0xff, 0xff, 0xf5, 0x1f, 0xff,
    0xff, 0xff, 0xff, 0xf5, 0x1f, 0xfb, 0x44, 0x44,
    0x44, 0x41, 0x1f, 0xf9, 0x0, 0x0, 0x0, 0x0,
    0x1f, 0xf9, 0x0, 0x0, 0x0, 0x0, 0x1f, 0xf9,
    0x0, 0x0, 0x0, 0x0, 0x1f, 0xf9, 0x0, 0x0,
    0x0, 0x0, 0x1f, 0xfb, 0x44, 0x44, 0x44, 0x44,
    0x1f, 0xff, 0xff, 0xff, 0xff, 0xff, 0x1f, 0xff,
    0xff, 0xff, 0xff, 0xff,

    /* U+0117 "ė" */
    0x0, 0x0, 0x5, 0x60, 0x0, 0x0, 0x0, 0x0,
    0x5, 0xff, 0x90, 0x0, 0x0, 0x0, 0x0, 0x5f,
    0xf9, 0x0, 0x0, 0x0, 0x0, 0x0, 0x56, 0x0,
    0x0, 0x0, 0x0, 0x0, 0x0, 0x0, 0x0, 0x0,
    0x0, 0x0, 0x6c, 0xef, 0xd8, 0x10, 0x0, 0x1,
    0xcf, 0xff, 0xff, 0xfe, 0x40, 0x0, 0xbf, 0xf8,
    0x32, 0x5e, 0xff, 0x10, 0x4f, 0xf5, 0x0, 0x0,
    0x2f, 0xf8, 0x9, 0xfe, 0x0, 0x0, 0x0, 0xbf,
    0xd0, 0xcf, 0xfe, 0xee, 0xee, 0xef, 0xff, 0xd,
    0xff, 0xff, 0xff, 0xff, 0xff, 0xf0, 0xcf, 0xc0,
    0x0, 0x0, 0x0, 0x0, 0x9, 0xff, 0x0, 0x0,
    0x0, 0x0, 0x0, 0x4f, 0xf8, 0x0, 0x0, 0xc,
    0xa5, 0x0, 0xbf, 0xfa, 0x32, 0x4c, 0xff, 0x50,
    0x1, 0xcf, 0xff, 0xff, 0xff, 0x80, 0x0, 0x0,
    0x6b, 0xef, 0xda, 0x40, 0x0,

    /* U+0118 "Ę" */
    0x1f, 0xff, 0xff, 0xff, 0xff, 0xfe, 0x1, 0xff,
    0xff, 0xff, 0xff, 0xff, 0xe0, 0x1f, 0xfb, 0x44,
    0x44, 0x44, 0x43, 0x1, 0xff, 0x90, 0x0, 0x0,
    0x0, 0x0, 0x1f, 0xf9, 0x0, 0x0, 0x0, 0x0,
    0x1, 0xff, 0x90, 0x0, 0x0, 0x0, 0x0, 0x1f,
    0xf9, 0x0, 0x0, 0x0, 0x0, 0x1, 0xff, 0xff,
    0xff, 0xff, 0xff, 0x50, 0x1f, 0xff, 0xff, 0xff,
    0xff, 0xf5, 0x1, 0xff, 0xb4, 0x44, 0x44, 0x44,
    0x10, 0x1f, 0xf9, 0x0, 0x0, 0x0, 0x0, 0x1,
    0xff, 0x90, 0x0, 0x0, 0x0, 0x0, 0x1f, 0xf9,
    0x0, 0x0, 0x0, 0x0, 0x1, 0xff, 0x90, 0x0,
    0x0, 0x0, 0x0, 0x1f, 0xfb, 0x44, 0x44, 0x44,
    0x44, 0x1, 0xff, 0xff, 0xff, 0xff, 0xff, 0xf0,
    0x1f, 0xff, 0xff, 0xff, 0xff, 0xff, 0x0, 0x0,
    0x0, 0x0, 0x5, 0xff, 0x50, 0x0, 0x0, 0x0,
    0x1, 0xff, 0x40, 0x0, 0x0, 0x0, 0x0, 0x5f,
    0xf2, 0x0, 0x0, 0x0, 0x0, 0x3, 0xff, 0xff,
    0x40, 0x0, 0x0, 0x0, 0x6, 0xdf, 0xd5,

    /* U+0119 "ę" */
    0x0, 0x6, 0xce, 0xfd, 0x81, 0x0, 0x0, 0x1c,
    0xff, 0xff, 0xff, 0xe4, 0x0, 0xb, 0xff, 0x83,
    0x25, 0xef, 0xf1, 0x4, 0xff, 0x50, 0x0, 0x2,
    0xff, 0x80, 0x9f, 0xe0, 0x0, 0x0, 0xb, 0xfd,
    0xc, 0xff, 0xee, 0xee, 0xee, 0xff, 0xf0, 0xdf,
    0xff, 0xff, 0xff, 0xff, 0xff, 0xc, 0xfc, 0x0,
    0x0, 0x0, 0x0, 0x0, 0x9f, 0xf0, 0x0, 0x0,
    0x0, 0x0, 0x4, 0xff, 0x80, 0x0, 0x0, 0xca,
    0x60, 0xb, 0xff, 0xa3, 0x24, 0xcf, 0xfc, 0x0,
    0x1c, 0xff, 0xff, 0xff, 0xff, 0x10, 0x0, 0x6,
    0xbe, 0xfe, 0xff, 0x60, 0x0, 0x0, 0x0, 0x0,
    0xaf, 0xc0, 0x0, 0x0, 0x0, 0x0, 0x2f, 0xf3,
    0x0, 0x0, 0x0, 0x0, 0x5, 0xff, 0x20, 0x0,
    0x0, 0x0, 0x0, 0x2f, 0xff, 0xf5, 0x0, 0x0,
    0x0, 0x0, 0x5d, 0xfd, 0x60,

    /* U+011A "Ě" */
    0x0, 0x3e, 0xf4, 0x5, 0xfe, 0x30, 0x0, 0x3,
    0xef, 0x7f, 0xe3, 0x0, 0x0, 0x0, 0x3e, 0xfe,
    0x20, 0x0, 0x0, 0x0, 0x0, 0x0, 0x0, 0x0,
    0x0, 0x0, 0x0, 0x0, 0x0, 0x0, 0x1f, 0xff,
    0xff, 0xff, 0xff, 0xfe, 0x1f, 0xff, 0xff, 0xff,
    0xff, 0xfe, 0x1f, 0xfb, 0x44, 0x44, 0x44, 0x43,
    0x1f, 0xf9, 0x0, 0x0, 0x0, 0x0, 0x1f, 0xf9,
    0x0, 0x0, 0x0, 0x0, 0x1f, 0xf9, 0x0, 0x0,
    0x0, 0x0, 0x1f, 0xf9, 0x0, 0x0, 0x0, 0x0,
    0x1f, 0xff, 0xff, 0xff, 0xff, 0xf5, 0x1f, 0xff,
    0xff, 0xff, 0xff, 0xf5, 0x1f, 0xfb, 0x44, 0x44,
    0x44, 0x41, 0x1f, 0xf9, 0x0, 0x0, 0x0, 0x0,
    0x1f, 0xf9, 0x0, 0x0, 0x0, 0x0, 0x1f, 0xf9,
    0x0, 0x0, 0x0, 0x0, 0x1f, 0xf9, 0x0, 0x0,
    0x0, 0x0, 0x1f, 0xfb, 0x44, 0x44, 0x44, 0x44,
    0x1f, 0xff, 0xff, 0xff, 0xff, 0xff, 0x1f, 0xff,
    0xff, 0xff, 0xff, 0xff,

    /* U+011B "ě" */
    0x0, 0x7f, 0xd1, 0xa, 0xfb, 0x0, 0x0, 0x0,
    0x8f, 0xc9, 0xfb, 0x0, 0x0, 0x0, 0x0, 0x8f,
    0xfb, 0x0, 0x0, 0x0, 0x0, 0x0, 0x0, 0x0,
    0x0, 0x0, 0x0, 0x0, 0x0, 0x0, 0x0, 0x0,
    0x0, 0x0, 0x6c, 0xef, 0xd8, 0x10, 0x0, 0x1,
    0xcf, 0xff, 0xff, 0xfe, 0x40, 0x0, 0xbf, 0xf8,
    0x32, 0x5e, 0xff, 0x10, 0x4f, 0xf5, 0x0, 0x0,
    0x2f, 0xf8, 0x9, 0xfe, 0x0, 0x0, 0x0, 0xbf,
    0xd0, 0xcf, 0xfe, 0xee, 0xee, 0xef, 0xff, 0xd,
    0xff, 0xff, 0xff, 0xff, 0xff, 0xf0, 0xcf, 0xc0,
    0x0, 0x0, 0x0, 0x0, 0x9, 0xff, 0x0, 0x0,
    0x0, 0x0, 0x0, 0x4f, 0xf8, 0x0, 0x0, 0xc,
    0xa5, 0x0, 0xbf, 0xfa, 0x32, 0x4c, 0xff, 0x50,
    0x1, 0xcf, 0xff, 0xff, 0xff, 0x80, 0x0, 0x0,
    0x6b, 0xef, 0xda, 0x40, 0x0,

    /* U+011C "Ĝ" */
    0x0, 0x0, 0x0, 0x18, 0x83, 0x0, 0x0, 0x0,
    0x0, 0x0, 0x0, 0xdf, 0xfe, 0x20, 0x0, 0x0,
    0x0, 0x0, 0xb, 0xf9, 0x6f, 0xd1, 0x0, 0x0,
    0x0, 0x0, 0x9f, 0xc0, 0x9, 0xfc, 0x0, 0x0,
    0x0, 0x0, 0x0, 0x0, 0x0, 0x0, 0x0, 0x0,
    0x0, 0x0, 0x0, 0x0, 0x0, 0x0, 0x0, 0x0,
    0x0, 0x0, 0x29, 0xdf, 0xfd, 0xa5, 0x0, 0x0,
    0x0, 0x7, 0xff, 0xff, 0xff, 0xff, 0xc1, 0x0,
    0x0, 0x9f, 0xff, 0xb7, 0x69, 0xef, 0xfe, 0x10,
    0x5, 0xff, 0xd2, 0x0, 0x0, 0x9, 0xff, 0xb0,
    0xe, 0xff, 0x20, 0x0, 0x0, 0x0, 0xcf, 0xf2,
    0x4f, 0xf8, 0x0, 0x0, 0x0, 0x0, 0x25, 0x51,
    0x7f, 0xf3, 0x0, 0x0, 0x0, 0x0, 0x0, 0x0,
    0x9f, 0xf1, 0x0, 0x0, 0x0, 0x0, 0x0, 0x0,
    0xaf, 0xf0, 0x0, 0x0, 0x5f, 0xff, 0xff, 0xf9,
    0x9f, 0xf1, 0x0, 0x0, 0x5f, 0xff, 0xff, 0xf8,
    0x7f, 0xf3, 0x0, 0x0, 0x2, 0x22, 0x3f, 0xf7,
    0x3f, 0xf8, 0x0, 0x0, 0x0, 0x0, 0x4f, 0xf6,
    0xe, 0xff, 0x20, 0x0, 0x0, 0x0, 0xaf, 0xf1,
    0x5, 0xff, 0xd2, 0x0, 0x0, 0x8, 0xff, 0xa0,
    0x0, 0xaf, 0xff, 0xb7, 0x68, 0xdf, 0xfe, 0x10,
    0x0, 0x7, 0xff, 0xff, 0xff, 0xff, 0xc2, 0x0,
    0x0, 0x0, 0x29, 0xdf, 0xfd, 0xb5, 0x0, 0x0,

    /* U+011D "ĝ" */
    0x0, 0x0, 0x7f, 0xfc, 0x0, 0x0, 0x0, 0x0,
    0x7f, 0xd8, 0xfb, 0x0, 0x0, 0x0, 0x7f, 0xd1,
    0x9, 0xfb, 0x0, 0x0, 0x0, 0x0, 0x0, 0x0,
    0x0, 0x0, 0x0, 0x0, 0x0, 0x0, 0x0, 0x0,
    0x0, 0x1, 0x8d, 0xfe, 0x91, 0x6f, 0xf2, 0x2,
    0xdf, 0xff, 0xff, 0xd6, 0xff, 0x20, 0xcf, 0xfa,
    0x32, 0x6e, 0xef, 0xf2, 0x4f, 0xfa, 0x0, 0x0,
    0x4f, 0xff, 0x29, 0xff, 0x10, 0x0, 0x0, 0xcf,
    0xf2, 0xcf, 0xd0, 0x0, 0x0, 0x8, 0xff, 0x2d,
    0xfc, 0x0, 0x0, 0x0, 0x7f, 0xf2, 0xcf, 0xe0,
    0x0, 0x0, 0x8, 0xff, 0x2a, 0xff, 0x10, 0x0,
    0x0, 0xbf, 0xf2, 0x6f, 0xf8, 0x0, 0x0, 0x3f,
    0xff, 0x20, 0xdf, 0xf8, 0x32, 0x5e, 0xff, 0xf2,
    0x3, 0xef, 0xff, 0xff, 0xd7, 0xff, 0x20, 0x1,
    0x9d, 0xfe, 0x91, 0x6f, 0xf2, 0x0, 0x0, 0x0,
    0x0, 0x7, 0xff, 0x10, 0x17, 0x10, 0x0, 0x0,
    0xcf, 0xe0, 0x1f, 0xfd, 0x51, 0x13, 0xaf, 0xf8,
    0x0, 0x5f, 0xff, 0xff, 0xff, 0xfb, 0x0, 0x0,
    0x28, 0xde, 0xfe, 0xa5, 0x0, 0x0,

    /* U+011E "Ğ" */
    0x0, 0x0, 0x38, 0x20, 0x0, 0x75, 0x0, 0x0,
    0x0, 0x0, 0x5f, 0x80, 0x4, 0xf8, 0x0, 0x0,
    0x0, 0x0, 0xc, 0xfb, 0xaf, 0xf2, 0x0, 0x0,
    0x0, 0x0, 0x1, 0x9e, 0xfb, 0x20, 0x0, 0x0,
    0x0, 0x0, 0x0, 0x0, 0x0, 0x0, 0x0, 0x0,
    0x0, 0x0, 0x0, 0x0, 0x0, 0x0, 0x0, 0x0,
    0x0, 0x0, 0x29, 0xdf, 0xfd, 0xa5, 0x0, 0x0,
    0x0, 0x7, 0xff, 0xff, 0xff, 0xff, 0xc1, 0x0,
    0x0, 0x9f, 0xff, 0xb7, 0x69, 0xef, 0xfe, 0x10,
    0x5, 0xff, 0xd2, 0x0, 0x0, 0x9, 0xff, 0xb0,
    0xe, 0xff, 0x20, 0x0, 0x0, 0x0, 0xcf, 0xf2,
    0x4f, 0xf8, 0x0, 0x0, 0x0, 0x0, 0x25, 0x51,
    0x7f, 0xf3, 0x0, 0x0, 0x0, 0x0, 0x0, 0x0,
    0x9f, 0xf1, 0x0, 0x0, 0x0, 0x0, 0x0, 0x0,
    0xaf, 0xf0, 0x0, 0x0, 0x5f, 0xff, 0xff, 0xf9,
    0x9f, 0xf1, 0x0, 0x0, 0x5f, 0xff, 0xff, 0xf8,
    0x7f, 0xf3, 0x0, 0x0, 0x2, 0x22, 0x3f, 0xf7,
    0x3f, 0xf8, 0x0, 0x0, 0x0, 0x0, 0x4f, 0xf6,
    0xe, 0xff, 0x20, 0x0, 0x0, 0x0, 0xaf, 0xf1,
    0x5, 0xff, 0xd2, 0x0, 0x0, 0x8, 0xff, 0xa0,
    0x0, 0xaf, 0xff, 0xb7, 0x68, 0xdf, 0xfe, 0x10,
    0x0, 0x7, 0xff, 0xff, 0xff, 0xff, 0xc2, 0x0,
    0x0, 0x0, 0x29, 0xdf, 0xfd, 0xb5, 0x0, 0x0,

    /* U+011F "ğ" */
    0x0, 0x5f, 0x50, 0x0, 0xfb, 0x0, 0x0, 0x1,
    0xfd, 0x21, 0x9f, 0x70, 0x0, 0x0, 0x6, 0xff,
    0xff, 0xb0, 0x0, 0x0, 0x0, 0x3, 0x89, 0x50,
    0x0, 0x0, 0x0, 0x0, 0x0, 0x0, 0x0, 0x0,
    0x0, 0x1, 0x8d, 0xfe, 0x91, 0x6f, 0xf2, 0x2,
    0xdf, 0xff, 0xff, 0xd6, 0xff, 0x20, 0xcf, 0xfa,
    0x32, 0x6e, 0xef, 0xf2, 0x4f, 0xfa, 0x0, 0x0,
    0x4f, 0xff, 0x29, 0xff, 0x10, 0x0, 0x0, 0xcf,
    0xf2, 0xcf, 0xd0, 0x0, 0x0, 0x8, 0xff, 0x2d,
    0xfc, 0x0, 0x0, 0x0, 0x7f, 0xf2, 0xcf, 0xe0,
    0x0, 0x0, 0x8, 0xff, 0x2a, 0xff, 0x10, 0x0,
    0x0, 0xbf, 0xf2, 0x6f, 0xf8, 0x0, 0x0, 0x3f,
    0xff, 0x20, 0xdf, 0xf8, 0x32, 0x5e, 0xff, 0xf2,
    0x3, 0xef, 0xff, 0xff, 0xd7, 0xff, 0x20, 0x1,
    0x9d, 0xfe, 0x91, 0x6f, 0xf2, 0x0, 0x0, 0x0,
    0x0, 0x7, 0xff, 0x10, 0x17, 0x10, 0x0, 0x0,
    0xcf, 0xe0, 0x1f, 0xfd, 0x51, 0x13, 0xaf, 0xf8,
    0x0, 0x5f, 0xff, 0xff, 0xff, 0xfb, 0x0, 0x0,
    0x28, 0xde, 0xfe, 0xa5, 0x0, 0x0,

    /* U+0120 "Ġ" */
    0x0, 0x0, 0x0, 0x1d, 0xe4, 0x0, 0x0, 0x0,
    0x0, 0x0, 0x0, 0x6f, 0xfb, 0x0, 0x0, 0x0,
    0x0, 0x0, 0x0, 0x1d, 0xe4, 0x0, 0x0, 0x0,
    0x0, 0x0, 0x0, 0x0, 0x0, 0x0, 0x0, 0x0,
    0x0, 0x0, 0x0, 0x0, 0x0, 0x0, 0x0, 0x0,
    0x0, 0x0, 0x29, 0xdf, 0xfd, 0xa5, 0x0, 0x0,
    0x0, 0x7, 0xff, 0xff, 0xff, 0xff, 0xc1, 0x0,
    0x0, 0x9f, 0xff, 0xb7, 0x69, 0xef, 0xfe, 0x10,
    0x5, 0xff, 0xd2, 0x0, 0x0, 0x9, 0xff, 0xb0,
    0xe, 0xff, 0x20, 0x0, 0x0, 0x0, 0xcf, 0xf2,
    0x4f, 0xf8, 0x0, 0x0, 0x0, 0x0, 0x25, 0x51,
    0x7f, 0xf3, 0x0, 0x0, 0x0, 0x0, 0x0, 0x0,
    0x9f, 0xf1, 0x0, 0x0, 0x0, 0x0, 0x0, 0x0,
    0xaf, 0xf0, 0x0, 0x0, 0x5f, 0xff, 0xff, 0xf9,
    0x9f, 0xf1, 0x0, 0x0, 0x5f, 0xff, 0xff, 0xf8,
    0x7f, 0xf3, 0x0, 0x0, 0x2, 0x22, 0x3f, 0xf7,
    0x3f, 0xf8, 0x0, 0x0, 0x0, 0x0, 0x4f, 0xf6,
    0xe, 0xff, 0x20, 0x0, 0x0, 0x0, 0xaf, 0xf1,
    0x5, 0xff, 0xd2, 0x0, 0x0, 0x8, 0xff, 0xa0,
    0x0, 0xaf, 0xff, 0xb7, 0x68, 0xdf, 0xfe, 0x10,
    0x0, 0x7, 0xff, 0xff, 0xff, 0xff, 0xc2, 0x0,
    0x0, 0x0, 0x29, 0xdf, 0xfd, 0xb5, 0x0, 0x0,

    /* U+0121 "ġ" */
    0x0, 0x0, 0x4, 0x60, 0x0, 0x0, 0x0, 0x0,
    0x4, 0xff, 0xa0, 0x0, 0x0, 0x0, 0x0, 0x4f,
    0xfa, 0x0, 0x0, 0x0, 0x0, 0x0, 0x46, 0x0,
    0x0, 0x0, 0x0, 0x0, 0x0, 0x0, 0x0, 0x0,
    0x0, 0x1, 0x8d, 0xfe, 0x91, 0x6f, 0xf2, 0x2,
    0xdf, 0xff, 0xff, 0xd6, 0xff, 0x20, 0xcf, 0xfa,
    0x32, 0x6e, 0xef, 0xf2, 0x4f, 0xfa, 0x0, 0x0,
    0x4f, 0xff, 0x29, 0xff, 0x10, 0x0, 0x0, 0xcf,
    0xf2, 0xcf, 0xd0, 0x0, 0x0, 0x8, 0xff, 0x2d,
    0xfc, 0x0, 0x0, 0x0, 0x7f, 0xf2, 0xcf, 0xe0,
    0x0, 0x0, 0x8, 0xff, 0x2a, 0xff, 0x10, 0x0,
    0x0, 0xbf, 0xf2, 0x6f, 0xf8, 0x0, 0x0, 0x3f,
    0xff, 0x20, 0xdf, 0xf8, 0x32, 0x5e, 0xff, 0xf2,
    0x3, 0xef, 0xff, 0xff, 0xd7, 0xff, 0x20, 0x1,
    0x9d, 0xfe, 0x91, 0x6f, 0xf2, 0x0, 0x0, 0x0,
    0x0, 0x7, 0xff, 0x10, 0x17, 0x10, 0x0, 0x0,
    0xcf, 0xe0, 0x1f, 0xfd, 0x51, 0x13, 0xaf, 0xf8,
    0x0, 0x5f, 0xff, 0xff, 0xff, 0xfb, 0x0, 0x0,
    0x28, 0xde, 0xfe, 0xa5, 0x0, 0x0,

    /* U+0122 "Ģ" */
    0x0, 0x0, 0x29, 0xdf, 0xfd, 0xa5, 0x0, 0x0,
    0x0, 0x7, 0xff, 0xff, 0xff, 0xff, 0xc1, 0x0,
    0x0, 0x9f, 0xff, 0xb7, 0x69, 0xef, 0xfe, 0x10,
    0x5, 0xff, 0xd2, 0x0, 0x0, 0x9, 0xff, 0xb0,
    0xe, 0xff, 0x20, 0x0, 0x0, 0x0, 0xcf, 0xf2,
    0x4f, 0xf8, 0x0, 0x0, 0x0, 0x0, 0x25, 0x51,
    0x7f, 0xf3, 0x0, 0x0, 0x0, 0x0, 0x0, 0x0,
    0x9f, 0xf1, 0x0, 0x0, 0x0, 0x0, 0x0, 0x0,
    0xaf, 0xf0, 0x0, 0x0, 0x5f, 0xff, 0xff, 0xf9,
    0x9f, 0xf1, 0x0, 0x0, 0x5f, 0xff, 0xff, 0xf8,
    0x7f, 0xf3, 0x0, 0x0, 0x2, 0x22, 0x3f, 0xf7,
    0x3f, 0xf8, 0x0, 0x0, 0x0, 0x0, 0x4f, 0xf6,
    0xe, 0xff, 0x20, 0x0, 0x0, 0x0, 0xaf, 0xf1,
    0x5, 0xff, 0xd2, 0x0, 0x0, 0x8, 0xff, 0xa0,
    0x0, 0xaf, 0xff, 0xb7, 0x68, 0xdf, 0xfe, 0x10,
    0x0, 0x7, 0xff, 0xff, 0xff, 0xff, 0xc2, 0x0,
    0x0, 0x0, 0x29, 0xdf, 0xfd, 0xb5, 0x0, 0x0,
    0x0, 0x0, 0x0, 0x0, 0x0, 0x0, 0x0, 0x0,
    0x0, 0x0, 0x0, 0x4f, 0xf2, 0x0, 0x0, 0x0,
    0x0, 0x0, 0x0, 0x8f, 0xc0, 0x0, 0x0, 0x0,
    0x0, 0x0, 0x0, 0xcf, 0x60, 0x0, 0x0, 0x0,
    0x0, 0x0, 0x0, 0xff, 0x0, 0x0, 0x0, 0x0,
    0x0, 0x0, 0x0, 0x43, 0x0, 0x0, 0x0, 0x0,

    /* U+0123 "ģ" */
    0x0, 0x0, 0x0, 0xa8, 0x0, 0x0, 0x0, 0x0,
    0x0, 0x5f, 0xc0, 0x0, 0x0, 0x0, 0x0, 0xb,
    0xf5, 0x0, 0x0, 0x0, 0x0, 0x0, 0xdf, 0x30,
    0x0, 0x0, 0x0, 0x0, 0xd, 0xf3, 0x0, 0x0,
    0x0, 0x0, 0x0, 0x0, 0x0, 0x0, 0x0, 0x0,
    0x18, 0xdf, 0xe9, 0x16, 0xff, 0x20, 0x2d, 0xff,
    0xff, 0xfd, 0x6f, 0xf2, 0xc, 0xff, 0xa3, 0x26,
    0xee, 0xff, 0x24, 0xff, 0xa0, 0x0, 0x4, 0xff,
    0xf2, 0x9f, 0xf1, 0x0, 0x0, 0xc, 0xff, 0x2c,
    0xfd, 0x0, 0x0, 0x0, 0x8f, 0xf2, 0xdf, 0xc0,
    0x0, 0x0, 0x7, 0xff, 0x2c, 0xfe, 0x0, 0x0,
    0x0, 0x8f, 0xf2, 0xaf, 0xf1, 0x0, 0x0, 0xb,
    0xff, 0x26, 0xff, 0x80, 0x0, 0x3, 0xff, 0xf2,
    0xd, 0xff, 0x83, 0x25, 0xef, 0xff, 0x20, 0x3e,
    0xff, 0xff, 0xfd, 0x7f, 0xf2, 0x0, 0x19, 0xdf,
    0xe9, 0x16, 0xff, 0x20, 0x0, 0x0, 0x0, 0x0,
    0x7f, 0xf1, 0x1, 0x71, 0x0, 0x0, 0xc, 0xfe,
    0x1, 0xff, 0xd5, 0x11, 0x3a, 0xff, 0x80, 0x5,
    0xff, 0xff, 0xff, 0xff, 0xb0, 0x0, 0x2, 0x8d,
    0xef, 0xea, 0x50, 0x0,

    /* U+0124 "Ĥ" */
    0x0, 0x0, 0x0, 0xbf, 0xf8, 0x0, 0x0, 0x0,
    0x0, 0x0, 0xbf, 0x9c, 0xf8, 0x0, 0x0, 0x0,
    0x0, 0xbf, 0xa0, 0xd, 0xf8, 0x0, 0x0, 0x0,
    0x0, 0x0, 0x0, 0x0, 0x0, 0x0, 0x0, 0x0,
    0x0, 0x0, 0x0, 0x0, 0x0, 0x1, 0xff, 0x90,
    0x0, 0x0, 0x0, 0xc, 0xff, 0x1f, 0xf9, 0x0,
    0x0, 0x0, 0x0, 0xcf, 0xf1, 0xff, 0x90, 0x0,
    0x0, 0x0, 0xc, 0xff, 0x1f, 0xf9, 0x0, 0x0,
    0x0, 0x0, 0xcf, 0xf1, 0xff, 0x90, 0x0, 0x0,
    0x0, 0xc, 0xff, 0x1f, 0xf9, 0x0, 0x0, 0x0,
    0x0, 0xcf, 0xf1, 0xff, 0x90, 0x0, 0x0, 0x0,
    0xc, 0xff, 0x1f, 0xff, 0xff, 0xff, 0xff, 0xff,
    0xff, 0xf1, 0xff, 0xff, 0xff, 0xff, 0xff, 0xff,
    0xff, 0x1f, 0xfb, 0x44, 0x44, 0x44, 0x44, 0xdf,
    0xf1, 0xff, 0x90, 0x0, 0x0, 0x0, 0xc, 0xff,
    0x1f, 0xf9, 0x0, 0x0, 0x0, 0x0, 0xcf, 0xf1,
    0xff, 0x90, 0x0, 0x0, 0x0, 0xc, 0xff, 0x1f,
    0xf9, 0x0, 0x0, 0x0, 0x0, 0xcf, 0xf1, 0xff,
    0x90, 0x0, 0x0, 0x0, 0xc, 0xff, 0x1f, 0xf9,
    0x0, 0x0, 0x0, 0x0, 0xcf, 0xf1, 0xff, 0x90,
    0x0, 0x0, 0x0, 0xc, 0xff,

    /* U+0125 "ĥ" */
    0x0, 0xa, 0xff, 0x90, 0x0, 0x0, 0x0, 0x0,
    0xa, 0xfa, 0xbf, 0x90, 0x0, 0x0, 0x0, 0xa,
    0xfb, 0x0, 0xcf, 0x90, 0x0, 0x0, 0x0, 0x0,
    0x0, 0x0, 0x0, 0x0, 0x0, 0x0, 0x0, 0x0,
    0x0, 0x0, 0x0, 0x0, 0x0, 0x0, 0x0, 0x4f,
    0xf4, 0x0, 0x0, 0x0, 0x0, 0x0, 0x4, 0xff,
    0x40, 0x0, 0x0, 0x0, 0x0, 0x0, 0x4f, 0xf4,
    0x0, 0x0, 0x0, 0x0, 0x0, 0x4, 0xff, 0x40,
    0x0, 0x0, 0x0, 0x0, 0x0, 0x4f, 0xf4, 0x2a,
    0xef, 0xd7, 0x0, 0x0, 0x4, 0xff, 0x6e, 0xff,
    0xff, 0xfa, 0x0, 0x0, 0x4f, 0xfe, 0xd5, 0x47,
    0xff, 0xf4, 0x0, 0x4, 0xff, 0xd0, 0x0, 0x4,
    0xff, 0x90, 0x0, 0x4f, 0xf7, 0x0, 0x0, 0xf,
    0xfb, 0x0, 0x4, 0xff, 0x50, 0x0, 0x0, 0xef,
    0xb0, 0x0, 0x4f, 0xf5, 0x0, 0x0, 0xe, 0xfb,
    0x0, 0x4, 0xff, 0x50, 0x0, 0x0, 0xef, 0xb0,
    0x0, 0x4f, 0xf5, 0x0, 0x0, 0xe, 0xfb, 0x0,
    0x4, 0xff, 0x50, 0x0, 0x0, 0xef, 0xb0, 0x0,
    0x4f, 0xf5, 0x0, 0x0, 0xe, 0xfb, 0x0, 0x4,
    0xff, 0x50, 0x0, 0x0, 0xef, 0xb0, 0x0, 0x4f,
    0xf5, 0x0, 0x0, 0xe, 0xfb,

    /* U+0126 "Ħ" */
    0x8, 0xff, 0x20, 0x0, 0x0, 0x0, 0x3f, 0xf7,
    0x0, 0x8f, 0xf2, 0x0, 0x0, 0x0, 0x3, 0xff,
    0x70, 0x8, 0xff, 0x20, 0x0, 0x0, 0x0, 0x3f,
    0xf7, 0xc, 0xef, 0xfd, 0xdd, 0xdd, 0xdd, 0xde,
    0xff, 0xea, 0xff, 0xff, 0xff, 0xff, 0xff, 0xff,
    0xff, 0xff, 0xd0, 0x8f, 0xf2, 0x0, 0x0, 0x0,
    0x3, 0xff, 0x70, 0x8, 0xff, 0x20, 0x0, 0x0,
    0x0, 0x3f, 0xf7, 0x0, 0x8f, 0xff, 0xff, 0xff,
    0xff, 0xff, 0xff, 0x70, 0x8, 0xff, 0xff, 0xff,
    0xff, 0xff, 0xff, 0xf7, 0x0, 0x8f, 0xf5, 0x44,
    0x44, 0x44, 0x46, 0xff, 0x70, 0x8, 0xff, 0x20,
    0x0, 0x0, 0x0, 0x3f, 0xf7, 0x0, 0x8f, 0xf2,
    0x0, 0x0, 0x0, 0x3, 0xff, 0x70, 0x8, 0xff,
    0x20, 0x0, 0x0, 0x0, 0x3f, 0xf7, 0x0, 0x8f,
    0xf2, 0x0, 0x0, 0x0, 0x3, 0xff, 0x70, 0x8,
    0xff, 0x20, 0x0, 0x0, 0x0, 0x3f, 0xf7, 0x0,
    0x8f, 0xf2, 0x0, 0x0, 0x0, 0x3, 0xff, 0x70,
    0x8, 0xff, 0x20, 0x0, 0x0, 0x0, 0x3f, 0xf7,
    0x0,

    /* U+0127 "ħ" */
    0x4, 0xff, 0x40, 0x0, 0x0, 0x0, 0xb, 0xff,
    0xff, 0xbb, 0xa0, 0x0, 0x0, 0xff, 0xff, 0xff,
    0xfe, 0x0, 0x0, 0x0, 0x4f, 0xf4, 0x0, 0x0,
    0x0, 0x0, 0x4, 0xff, 0x42, 0xae, 0xfd, 0x70,
    0x0, 0x4f, 0xf6, 0xef, 0xff, 0xff, 0xa0, 0x4,
    0xff, 0xed, 0x54, 0x7f, 0xff, 0x40, 0x4f, 0xfd,
    0x0, 0x0, 0x4f, 0xf9, 0x4, 0xff, 0x70, 0x0,
    0x0, 0xff, 0xb0, 0x4f, 0xf5, 0x0, 0x0, 0xe,
    0xfb, 0x4, 0xff, 0x50, 0x0, 0x0, 0xef, 0xb0,
    0x4f, 0xf5, 0x0, 0x0, 0xe, 0xfb, 0x4, 0xff,
    0x50, 0x0, 0x0, 0xef, 0xb0, 0x4f, 0xf5, 0x0,
    0x0, 0xe, 0xfb, 0x4, 0xff, 0x50, 0x0, 0x0,
    0xef, 0xb0, 0x4f, 0xf5, 0x0, 0x0, 0xe, 0xfb,
    0x4, 0xff, 0x50, 0x0, 0x0, 0xef, 0xb0,

    /* U+0128 "Ĩ" */
    0x8, 0xfd, 0x61, 0xdd, 0x2f, 0xdd, 0xff, 0xf8,
    0x39, 0x30, 0x48, 0x70, 0x0, 0x0, 0x0, 0x0,
    0x0, 0x0, 0x0, 0x0, 0x0, 0x1f, 0xf9, 0x0,
    0x0, 0x1f, 0xf9, 0x0, 0x0, 0x1f, 0xf9, 0x0,
    0x0, 0x1f, 0xf9, 0x0, 0x0, 0x1f, 0xf9, 0x0,
    0x0, 0x1f, 0xf9, 0x0, 0x0, 0x1f, 0xf9, 0x0,
    0x0, 0x1f, 0xf9, 0x0, 0x0, 0x1f, 0xf9, 0x0,
    0x0, 0x1f, 0xf9, 0x0, 0x0, 0x1f, 0xf9, 0x0,
    0x0, 0x1f, 0xf9, 0x0, 0x0, 0x1f, 0xf9, 0x0,
    0x0, 0x1f, 0xf9, 0x0, 0x0, 0x1f, 0xf9, 0x0,
    0x0, 0x1f, 0xf9, 0x0, 0x0, 0x1f, 0xf9, 0x0,

    /* U+0129 "ĩ" */
    0x3, 0x74, 0x0, 0x74, 0x3f, 0xff, 0xdb, 0xf7,
    0x8f, 0x46, 0xcf, 0xb0, 0x0, 0x0, 0x0, 0x0,
    0x0, 0x0, 0x0, 0x0, 0x0, 0x4f, 0xf5, 0x0,
    0x0, 0x4f, 0xf5, 0x0, 0x0, 0x4f, 0xf5, 0x0,
    0x0, 0x4f, 0xf5, 0x0, 0x0, 0x4f, 0xf5, 0x0,
    0x0, 0x4f, 0xf5, 0x0, 0x0, 0x4f, 0xf5, 0x0,
    0x0, 0x4f, 0xf5, 0x0, 0x0, 0x4f, 0xf5, 0x0,
    0x0, 0x4f, 0xf5, 0x0, 0x0, 0x4f, 0xf5, 0x0,
    0x0, 0x4f, 0xf5, 0x0, 0x0, 0x4f, 0xf5, 0x0,

    /* U+012A "Ī" */
    0xd, 0xdd, 0xdd, 0xd7, 0xf, 0xff, 0xff, 0xf9,
    0x0, 0x0, 0x0, 0x0, 0x0, 0x0, 0x0, 0x0,
    0x0, 0x0, 0x0, 0x0, 0x0, 0x1f, 0xf9, 0x0,
    0x0, 0x1f, 0xf9, 0x0, 0x0, 0x1f, 0xf9, 0x0,
    0x0, 0x1f, 0xf9, 0x0, 0x0, 0x1f, 0xf9, 0x0,
    0x0, 0x1f, 0xf9, 0x0, 0x0, 0x1f, 0xf9, 0x0,
    0x0, 0x1f, 0xf9, 0x0, 0x0, 0x1f, 0xf9, 0x0,
    0x0, 0x1f, 0xf9, 0x0, 0x0, 0x1f, 0xf9, 0x0,
    0x0, 0x1f, 0xf9, 0x0, 0x0, 0x1f, 0xf9, 0x0,
    0x0, 0x1f, 0xf9, 0x0, 0x0, 0x1f, 0xf9, 0x0,
    0x0, 0x1f, 0xf9, 0x0, 0x0, 0x1f, 0xf9, 0x0,

    /* U+012B "ī" */
    0x4f, 0xff, 0xff, 0xf5, 0x3d, 0xdd, 0xdd, 0xd4,
    0x0, 0x0, 0x0, 0x0, 0x0, 0x0, 0x0, 0x0,
    0x0, 0x4f, 0xf5, 0x0, 0x0, 0x4f, 0xf5, 0x0,
    0x0, 0x4f, 0xf5, 0x0, 0x0, 0x4f, 0xf5, 0x0,
    0x0, 0x4f, 0xf5, 0x0, 0x0, 0x4f, 0xf5, 0x0,
    0x0, 0x4f, 0xf5, 0x0, 0x0, 0x4f, 0xf5, 0x0,
    0x0, 0x4f, 0xf5, 0x0, 0x0, 0x4f, 0xf5, 0x0,
    0x0, 0x4f, 0xf5, 0x0, 0x0, 0x4f, 0xf5, 0x0,
    0x0, 0x4f, 0xf5, 0x0,

    /* U+012C "Ĭ" */
    0x4f, 0x80, 0x1, 0xfc, 0xc, 0xfb, 0xae, 0xf6,
    0x1, 0x9e, 0xfc, 0x50, 0x0, 0x0, 0x0, 0x0,
    0x0, 0x0, 0x0, 0x0, 0x0, 0x1f, 0xf9, 0x0,
    0x0, 0x1f, 0xf9, 0x0, 0x0, 0x1f, 0xf9, 0x0,
    0x0, 0x1f, 0xf9, 0x0, 0x0, 0x1f, 0xf9, 0x0,
    0x0, 0x1f, 0xf9, 0x0, 0x0, 0x1f, 0xf9, 0x0,
    0x0, 0x1f, 0xf9, 0x0, 0x0, 0x1f, 0xf9, 0x0,
    0x0, 0x1f, 0xf9, 0x0, 0x0, 0x1f, 0xf9, 0x0,
    0x0, 0x1f, 0xf9, 0x0, 0x0, 0x1f, 0xf9, 0x0,
    0x0, 0x1f, 0xf9, 0x0, 0x0, 0x1f, 0xf9, 0x0,
    0x0, 0x1f, 0xf9, 0x0, 0x0, 0x1f, 0xf9, 0x0,

    /* U+012D "ĭ" */
    0x8f, 0x30, 0x2, 0xf9, 0x3f, 0xb1, 0x1b, 0xf4,
    0x8, 0xff, 0xff, 0x90, 0x0, 0x48, 0x84, 0x0,
    0x0, 0x0, 0x0, 0x0, 0x0, 0x4f, 0xf5, 0x0,
    0x0, 0x4f, 0xf5, 0x0, 0x0, 0x4f, 0xf5, 0x0,
    0x0, 0x4f, 0xf5, 0x0, 0x0, 0x4f, 0xf5, 0x0,
    0x0, 0x4f, 0xf5, 0x0, 0x0, 0x4f, 0xf5, 0x0,
    0x0, 0x4f, 0xf5, 0x0, 0x0, 0x4f, 0xf5, 0x0,
    0x0, 0x4f, 0xf5, 0x0, 0x0, 0x4f, 0xf5, 0x0,
    0x0, 0x4f, 0xf5, 0x0, 0x0, 0x4f, 0xf5, 0x0,

    /* U+012E "Į" */
    0x1, 0xff, 0x90, 0x1, 0xff, 0x90, 0x1, 0xff,
    0x90, 0x1, 0xff, 0x90, 0x1, 0xff, 0x90, 0x1,
    0xff, 0x90, 0x1, 0xff, 0x90, 0x1, 0xff, 0x90,
    0x1, 0xff, 0x90, 0x1, 0xff, 0x90, 0x1, 0xff,
    0x90, 0x1, 0xff, 0x90, 0x1, 0xff, 0x90, 0x1,
    0xff, 0x90, 0x1, 0xff, 0x90, 0x1, 0xff, 0x90,
    0x1, 0xff, 0x90, 0xb, 0xfc, 0x20, 0x7f, 0xd0,
    0x0, 0xbf, 0xc0, 0x0, 0x9f, 0xfe, 0xe0, 0x9,
    0xef, 0xb1,

    /* U+012F "į" */
    0x0, 0x5, 0x60, 0x0, 0x6, 0xff, 0x80, 0x0,
    0x6f, 0xf8, 0x0, 0x0, 0x56, 0x0, 0x0, 0x0,
    0x0, 0x0, 0x4, 0xff, 0x50, 0x0, 0x4f, 0xf5,
    0x0, 0x4, 0xff, 0x50, 0x0, 0x4f, 0xf5, 0x0,
    0x4, 0xff, 0x50, 0x0, 0x4f, 0xf5, 0x0, 0x4,
    0xff, 0x50, 0x0, 0x4f, 0xf5, 0x0, 0x4, 0xff,
    0x50, 0x0, 0x4f, 0xf5, 0x0, 0x4, 0xff, 0x50,
    0x0, 0x4f, 0xf5, 0x0, 0x5, 0xff, 0x50, 0x2,
    0xef, 0x90, 0x0, 0xcf, 0x90, 0x0, 0xf, 0xf7,
    0x0, 0x0, 0xef, 0xfe, 0x90, 0x3, 0xbf, 0xe9,
    0x0,

    /* U+0130 "İ" */
    0xc, 0xf6, 0x4f, 0xfd, 0xc, 0xf6, 0x0, 0x0,
    0x0, 0x0, 0x1f, 0xf9, 0x1f, 0xf9, 0x1f, 0xf9,
    0x1f, 0xf9, 0x1f, 0xf9, 0x1f, 0xf9, 0x1f, 0xf9,
    0x1f, 0xf9, 0x1f, 0xf9, 0x1f, 0xf9, 0x1f, 0xf9,
    0x1f, 0xf9, 0x1f, 0xf9, 0x1f, 0xf9, 0x1f, 0xf9,
    0x1f, 0xf9, 0x1f, 0xf9,

    /* U+0131 "ı" */
    0x4f, 0xf5, 0x4f, 0xf5, 0x4f, 0xf5, 0x4f, 0xf5,
    0x4f, 0xf5, 0x4f, 0xf5, 0x4f, 0xf5, 0x4f, 0xf5,
    0x4f, 0xf5, 0x4f, 0xf5, 0x4f, 0xf5, 0x4f, 0xf5,
    0x4f, 0xf5,

    /* U+0132 "Ĳ" */
    0x1f, 0xf9, 0x0, 0x0, 0x0, 0x0, 0x0, 0x4f,
    0xf6, 0x1f, 0xf9, 0x0, 0x0, 0x0, 0x0, 0x0,
    0x4f, 0xf6, 0x1f, 0xf9, 0x0, 0x0, 0x0, 0x0,
    0x0, 0x4f, 0xf6, 0x1f, 0xf9, 0x0, 0x0, 0x0,
    0x0, 0x0, 0x4f, 0xf6, 0x1f, 0xf9, 0x0, 0x0,
    0x0, 0x0, 0x0, 0x4f, 0xf6, 0x1f, 0xf9, 0x0,
    0x0, 0x0, 0x0, 0x0, 0x4f, 0xf6, 0x1f, 0xf9,
    0x0, 0x0, 0x0, 0x0, 0x0, 0x4f, 0xf6, 0x1f,
    0xf9, 0x0, 0x0, 0x0, 0x0, 0x0, 0x4f, 0xf6,
    0x1f, 0xf9, 0x0, 0x0, 0x0, 0x0, 0x0, 0x4f,
    0xf6, 0x1f, 0xf9, 0x0, 0x0, 0x0, 0x0, 0x0,
    0x4f, 0xf6, 0x1f, 0xf9, 0x0, 0x0, 0x0, 0x0,
    0x0, 0x4f, 0xf6, 0x1f, 0xf9, 0x0, 0x6e, 0xe3,
    0x0, 0x0, 0x4f, 0xf6, 0x1f, 0xf9, 0x0, 0x6f,
    0xf5, 0x0, 0x0, 0x5f, 0xf5, 0x1f, 0xf9, 0x0,
    0x3f, 0xf9, 0x0, 0x0, 0x9f, 0xf3, 0x1f, 0xf9,
    0x0, 0xd, 0xff, 0x61, 0x16, 0xff, 0xc0, 0x1f,
    0xf9, 0x0, 0x2, 0xef, 0xff, 0xff, 0xfe, 0x20,
    0x1f, 0xf9, 0x0, 0x0, 0x18, 0xdf, 0xfd, 0x81,
    0x0,

    /* U+0133 "ĳ" */
    0x5, 0x60, 0x0, 0x5, 0x60, 0x6f, 0xf8, 0x0,
    0x6f, 0xf8, 0x6f, 0xf8, 0x0, 0x6f, 0xf8, 0x5,
    0x60, 0x0, 0x5, 0x60, 0x0, 0x0, 0x0, 0x0,
    0x0, 0x4f, 0xf5, 0x0, 0x3f, 0xf5, 0x4f, 0xf5,
    0x0, 0x3f, 0xf5, 0x4f, 0xf5, 0x0, 0x3f, 0xf5,
    0x4f, 0xf5, 0x0, 0x3f, 0xf5, 0x4f, 0xf5, 0x0,
    0x3f, 0xf5, 0x4f, 0xf5, 0x0, 0x3f, 0xf5, 0x4f,
    0xf5, 0x0, 0x3f, 0xf5, 0x4f, 0xf5, 0x0, 0x3f,
    0xf5, 0x4f, 0xf5, 0x0, 0x3f, 0xf5, 0x4f, 0xf5,
    0x0, 0x3f, 0xf5, 0x4f, 0xf5, 0x0, 0x3f, 0xf5,
    0x4f, 0xf5, 0x0, 0x3f, 0xf5, 0x4f, 0xf5, 0x0,
    0x3f, 0xf5, 0x0, 0x0, 0x0, 0x3f, 0xf5, 0x0,
    0x0, 0x0, 0x5f, 0xf5, 0x0, 0x0, 0x3, 0xcf,
    0xf2, 0x0, 0x0, 0x5f, 0xff, 0xa0, 0x0, 0x0,
    0x5f, 0xd7, 0x0,

    /* U+0134 "Ĵ" */
    0x0, 0x0, 0x0, 0x0, 0x68, 0x60, 0x0, 0x0,
    0x0, 0x0, 0x7, 0xff, 0xf8, 0x0, 0x0, 0x0,
    0x0, 0x5f, 0xe3, 0xef, 0x50, 0x0, 0x0, 0x3,
    0xff, 0x40, 0x3f, 0xf3, 0x0, 0x0, 0x0, 0x0,
    0x0, 0x0, 0x0, 0x0, 0x0, 0x0, 0x0, 0x0,
    0x0, 0x0, 0x0, 0x0, 0x0, 0x0, 0xcf, 0xe0,
    0x0, 0x0, 0x0, 0x0, 0x0, 0xcf, 0xe0, 0x0,
    0x0, 0x0, 0x0, 0x0, 0xcf, 0xe0, 0x0, 0x0,
    0x0, 0x0, 0x0, 0xcf, 0xe0, 0x0, 0x0, 0x0,
    0x0, 0x0, 0xcf, 0xe0, 0x0, 0x0, 0x0, 0x0,
    0x0, 0xcf, 0xe0, 0x0, 0x0, 0x0, 0x0, 0x0,
    0xcf, 0xe0, 0x0, 0x0, 0x0, 0x0, 0x0, 0xcf,
    0xe0, 0x0, 0x0, 0x0, 0x0, 0x0, 0xcf, 0xe0,
    0x0, 0x0, 0x0, 0x0, 0x0, 0xcf, 0xe0, 0x0,
    0x1, 0x0, 0x0, 0x0, 0xcf, 0xe0, 0x0, 0xff,
    0xb0, 0x0, 0x0, 0xcf, 0xd0, 0x0, 0xef, 0xd0,
    0x0, 0x0, 0xef, 0xd0, 0x0, 0xbf, 0xf2, 0x0,
    0x3, 0xff, 0xa0, 0x0, 0x5f, 0xfe, 0x64, 0x6e,
    0xff, 0x40, 0x0, 0x9, 0xff, 0xff, 0xff, 0xf8,
    0x0, 0x0, 0x0, 0x5b, 0xef, 0xeb, 0x40, 0x0,
    0x0,

    /* U+0135 "ĵ" */
    0x0, 0x2, 0x88, 0x30, 0x0, 0x0, 0x3e, 0xff,
    0xe3, 0x0, 0x3, 0xef, 0x43, 0xfe, 0x30, 0x7,
    0x84, 0x0, 0x48, 0x60, 0x0, 0x0, 0x0, 0x0,
    0x0, 0x0, 0x4, 0xff, 0x50, 0x0, 0x0, 0x4,
    0xff, 0x50, 0x0, 0x0, 0x4, 0xff, 0x50, 0x0,
    0x0, 0x4, 0xff, 0x50, 0x0, 0x0, 0x4, 0xff,
    0x50, 0x0, 0x0, 0x4, 0xff, 0x50, 0x0, 0x0,
    0x4, 0xff, 0x50, 0x0, 0x0, 0x4, 0xff, 0x50,
    0x0, 0x0, 0x4, 0xff, 0x50, 0x0, 0x0, 0x4,
    0xff, 0x50, 0x0, 0x0, 0x4, 0xff, 0x50, 0x0,
    0x0, 0x4, 0xff, 0x50, 0x0, 0x0, 0x4, 0xff,
    0x50, 0x0, 0x0, 0x4, 0xff, 0x40, 0x0, 0x0,
    0x5, 0xff, 0x40, 0x0, 0x1, 0x4d, 0xff, 0x10,
    0x0, 0x6, 0xff, 0xf9, 0x0, 0x0, 0x6, 0xfd,
    0x70, 0x0, 0x0,

    /* U+0136 "Ķ" */
    0x1f, 0xf9, 0x0, 0x0, 0x0, 0x2e, 0xff, 0x51,
    0xff, 0x90, 0x0, 0x0, 0x1e, 0xff, 0x60, 0x1f,
    0xf9, 0x0, 0x0, 0x1d, 0xff, 0x70, 0x1, 0xff,
    0x90, 0x0, 0xc, 0xff, 0x80, 0x0, 0x1f, 0xf9,
    0x0, 0xc, 0xff, 0x90, 0x0, 0x1, 0xff, 0x90,
    0xb, 0xff, 0xa0, 0x0, 0x0, 0x1f, 0xf9, 0x9,
    0xff, 0xb0, 0x0, 0x0, 0x1, 0xff, 0x96, 0xff,
    0xf2, 0x0, 0x0, 0x0, 0x1f, 0xfc, 0xff, 0xff,
    0xb0, 0x0, 0x0, 0x1, 0xff, 0xff, 0xaa, 0xff,
    0x70, 0x0, 0x0, 0x1f, 0xff, 0xb0, 0x1e, 0xff,
    0x30, 0x0, 0x1, 0xff, 0xc0, 0x0, 0x3f, 0xfd,
    0x0, 0x0, 0x1f, 0xf9, 0x0, 0x0, 0x8f, 0xf9,
    0x0, 0x1, 0xff, 0x90, 0x0, 0x0, 0xcf, 0xf5,
    0x0, 0x1f, 0xf9, 0x0, 0x0, 0x2, 0xff, 0xe1,
    0x1, 0xff, 0x90, 0x0, 0x0, 0x6, 0xff, 0xc0,
    0x1f, 0xf9, 0x0, 0x0, 0x0, 0xa, 0xff, 0x70,
    0x0, 0x0, 0x0, 0x0, 0x0, 0x0, 0x0, 0x0,
    0x0, 0x0, 0xff, 0x60, 0x0, 0x0, 0x0, 0x0,
    0x0, 0x4f, 0xf1, 0x0, 0x0, 0x0, 0x0, 0x0,
    0x8, 0xfa, 0x0, 0x0, 0x0, 0x0, 0x0, 0x0,
    0xbf, 0x40, 0x0, 0x0, 0x0, 0x0, 0x0, 0x3,
    0x40, 0x0, 0x0, 0x0, 0x0,

    /* U+0137 "ķ" */
    0x4f, 0xf5, 0x0, 0x0, 0x0, 0x0, 0x4, 0xff,
    0x50, 0x0, 0x0, 0x0, 0x0, 0x4f, 0xf5, 0x0,
    0x0, 0x0, 0x0, 0x4, 0xff, 0x50, 0x0, 0x0,
    0x0, 0x0, 0x4f, 0xf5, 0x0, 0x0, 0xbf, 0xf5,
    0x4, 0xff, 0x50, 0x0, 0xaf, 0xf6, 0x0, 0x4f,
    0xf5, 0x0, 0xaf, 0xf7, 0x0, 0x4, 0xff, 0x50,
    0x9f, 0xf8, 0x0, 0x0, 0x4f, 0xf5, 0x8f, 0xf9,
    0x0, 0x0, 0x4, 0xff, 0xcf, 0xfc, 0x0, 0x0,
    0x0, 0x4f, 0xff, 0xff, 0xf3, 0x0, 0x0, 0x4,
    0xff, 0xf7, 0xff, 0xe1, 0x0, 0x0, 0x4f, 0xf6,
    0x6, 0xff, 0xb0, 0x0, 0x4, 0xff, 0x50, 0xa,
    0xff, 0x80, 0x0, 0x4f, 0xf5, 0x0, 0xd, 0xff,
    0x40, 0x4, 0xff, 0x50, 0x0, 0x3f, 0xfe, 0x10,
    0x4f, 0xf5, 0x0, 0x0, 0x6f, 0xfc, 0x0, 0x0,
    0x0, 0x0, 0x0, 0x0, 0x0, 0x0, 0x0, 0x7f,
    0xe0, 0x0, 0x0, 0x0, 0x0, 0xb, 0xf9, 0x0,
    0x0, 0x0, 0x0, 0x0, 0xff, 0x30, 0x0, 0x0,
    0x0, 0x0, 0x2f, 0xd0, 0x0, 0x0, 0x0, 0x0,
    0x1, 0x42, 0x0, 0x0, 0x0, 0x0,

    /* U+0138 "ĸ" */
    0x4f, 0xf5, 0x0, 0x0, 0xaf, 0xf7, 0x4f, 0xf5,
    0x0, 0x5, 0xff, 0xa0, 0x4f, 0xf5, 0x0, 0x2f,
    0xfd, 0x0, 0x4f, 0xf5, 0x0, 0xcf, 0xf2, 0x0,
    0x4f, 0xf5, 0x8, 0xff, 0x50, 0x0, 0x4f, 0xf5,
    0x4f, 0xf9, 0x0, 0x0, 0x4f, 0xff, 0xff, 0xc0,
    0x0, 0x0, 0x4f, 0xfd, 0xef, 0xe1, 0x0, 0x0,
    0x4f, 0xf5, 0x2f, 0xfc, 0x0, 0x0, 0x4f, 0xf5,
    0x5, 0xff, 0xb0, 0x0, 0x4f, 0xf5, 0x0, 0x7f,
    0xf9, 0x0, 0x4f, 0xf5, 0x0, 0xa, 0xff, 0x70,
    0x4f, 0xf5, 0x0, 0x0, 0xcf, 0xf5,

    /* U+0139 "Ĺ" */
    0x0, 0x6f, 0xf3, 0x0, 0x0, 0x0, 0x0, 0xdf,
    0x70, 0x0, 0x0, 0x0, 0x5, 0xfc, 0x0, 0x0,
    0x0, 0x0, 0x4, 0x62, 0x0, 0x0, 0x0, 0x0,
    0x0, 0x0, 0x0, 0x0, 0x0, 0x0, 0x1f, 0xf9,
    0x0, 0x0, 0x0, 0x0, 0x1f, 0xf9, 0x0, 0x0,
    0x0, 0x0, 0x1f, 0xf9, 0x0, 0x0, 0x0, 0x0,
    0x1f, 0xf9, 0x0, 0x0, 0x0, 0x0, 0x1f, 0xf9,
    0x0, 0x0, 0x0, 0x0, 0x1f, 0xf9, 0x0, 0x0,
    0x0, 0x0, 0x1f, 0xf9, 0x0, 0x0, 0x0, 0x0,
    0x1f, 0xf9, 0x0, 0x0, 0x0, 0x0, 0x1f, 0xf9,
    0x0, 0x0, 0x0, 0x0, 0x1f, 0xf9, 0x0, 0x0,
    0x0, 0x0, 0x1f, 0xf9, 0x0, 0x0, 0x0, 0x0,
    0x1f, 0xf9, 0x0, 0x0, 0x0, 0x0, 0x1f, 0xf9,
    0x0, 0x0, 0x0, 0x0, 0x1f, 0xf9, 0x0, 0x0,
    0x0, 0x0, 0x1f, 0xfb, 0x44, 0x44, 0x44, 0x42,
    0x1f, 0xff, 0xff, 0xff, 0xff, 0xf8, 0x1f, 0xff,
    0xff, 0xff, 0xff, 0xf8,

    /* U+013A "ĺ" */
    0x0, 0x9f, 0xe0, 0x1, 0xff, 0x40, 0x9, 0xf9,
    0x0, 0x6, 0x60, 0x0, 0x0, 0x0, 0x0, 0x4f,
    0xf5, 0x0, 0x4f, 0xf5, 0x0, 0x4f, 0xf5, 0x0,
    0x4f, 0xf5, 0x0, 0x4f, 0xf5, 0x0, 0x4f, 0xf5,
    0x0, 0x4f, 0xf5, 0x0, 0x4f, 0xf5, 0x0, 0x4f,
    0xf5, 0x0, 0x4f, 0xf5, 0x0, 0x4f, 0xf5, 0x0,
    0x4f, 0xf5, 0x0, 0x4f, 0xf5, 0x0, 0x4f, 0xf5,
    0x0, 0x4f, 0xf5, 0x0, 0x4f, 0xf5, 0x0, 0x4f,
    0xf5, 0x0,

    /* U+013B "Ļ" */
    0x1f, 0xf9, 0x0, 0x0, 0x0, 0x0, 0x1f, 0xf9,
    0x0, 0x0, 0x0, 0x0, 0x1f, 0xf9, 0x0, 0x0,
    0x0, 0x0, 0x1f, 0xf9, 0x0, 0x0, 0x0, 0x0,
    0x1f, 0xf9, 0x0, 0x0, 0x0, 0x0, 0x1f, 0xf9,
    0x0, 0x0, 0x0, 0x0, 0x1f, 0xf9, 0x0, 0x0,
    0x0, 0x0, 0x1f, 0xf9, 0x0, 0x0, 0x0, 0x0,
    0x1f, 0xf9, 0x0, 0x0, 0x0, 0x0, 0x1f, 0xf9,
    0x0, 0x0, 0x0, 0x0, 0x1f, 0xf9, 0x0, 0x0,
    0x0, 0x0, 0x1f, 0xf9, 0x0, 0x0, 0x0, 0x0,
    0x1f, 0xf9, 0x0, 0x0, 0x0, 0x0, 0x1f, 0xf9,
    0x0, 0x0, 0x0, 0x0, 0x1f, 0xfb, 0x44, 0x44,
    0x44, 0x42, 0x1f, 0xff, 0xff, 0xff, 0xff, 0xf8,
    0x1f, 0xff, 0xff, 0xff, 0xff, 0xf8, 0x0, 0x0,
    0x0, 0x0, 0x0, 0x0, 0x0, 0x0, 0x2f, 0xf4,
    0x0, 0x0, 0x0, 0x0, 0x6f, 0xe0, 0x0, 0x0,
    0x0, 0x0, 0xaf, 0x80, 0x0, 0x0, 0x0, 0x0,
    0xef, 0x20, 0x0, 0x0, 0x0, 0x0, 0x33, 0x0,
    0x0, 0x0,

    /* U+013C "ļ" */
    0x4, 0xff, 0x50, 0x4f, 0xf5, 0x4, 0xff, 0x50,
    0x4f, 0xf5, 0x4, 0xff, 0x50, 0x4f, 0xf5, 0x4,
    0xff, 0x50, 0x4f, 0xf5, 0x4, 0xff, 0x50, 0x4f,
    0xf5, 0x4, 0xff, 0x50, 0x4f, 0xf5, 0x4, 0xff,
    0x50, 0x4f, 0xf5, 0x4, 0xff, 0x50, 0x4f, 0xf5,
    0x4, 0xff, 0x50, 0x0, 0x0, 0x6, 0xff, 0x10,
    0x9f, 0xb0, 0xd, 0xf5, 0x1, 0xfe, 0x0, 0x4,
    0x20, 0x0,

    /* U+013D "Ľ" */
    0x0, 0x0, 0x0, 0x8f, 0xb0, 0x0, 0x1f, 0xf9,
    0x0, 0x8f, 0x90, 0x0, 0x1f, 0xf9, 0x0, 0x8f,
    0x60, 0x0, 0x1f, 0xf9, 0x0, 0x8f, 0x40, 0x0,
    0x1f, 0xf9, 0x0, 0x35, 0x10, 0x0, 0x1f, 0xf9,
    0x0, 0x0, 0x0, 0x0, 0x1f, 0xf9, 0x0, 0x0,
    0x0, 0x0, 0x1f, 0xf9, 0x0, 0x0, 0x0, 0x0,
    0x1f, 0xf9, 0x0, 0x0, 0x0, 0x0, 0x1f, 0xf9,
    0x0, 0x0, 0x0, 0x0, 0x1f, 0xf9, 0x0, 0x0,
    0x0, 0x0, 0x1f, 0xf9, 0x0, 0x0, 0x0, 0x0,
    0x1f, 0xf9, 0x0, 0x0, 0x0, 0x0, 0x1f, 0xf9,
    0x0, 0x0, 0x0, 0x0, 0x1f, 0xf9, 0x0, 0x0,
    0x0, 0x0, 0x1f, 0xfb, 0x44, 0x44, 0x44, 0x42,
    0x1f, 0xff, 0xff, 0xff, 0xff, 0xf8, 0x1f, 0xff,
    0xff, 0xff, 0xff, 0xf8,

    /* U+013E "ľ" */
    0x0, 0x0, 0x1f, 0xf2, 0x4f, 0xf5, 0x1f, 0xf0,
    0x4f, 0xf5, 0x1f, 0xe0, 0x4f, 0xf5, 0x1f, 0xb0,
    0x4f, 0xf5, 0x5, 0x30, 0x4f, 0xf5, 0x0, 0x0,
    0x4f, 0xf5, 0x0, 0x0, 0x4f, 0xf5, 0x0, 0x0,
    0x4f, 0xf5, 0x0, 0x0, 0x4f, 0xf5, 0x0, 0x0,
    0x4f, 0xf5, 0x0, 0x0, 0x4f, 0xf5, 0x0, 0x0,
    0x4f, 0xf5, 0x0, 0x0, 0x4f, 0xf5, 0x0, 0x0,
    0x4f, 0xf5, 0x0, 0x0, 0x4f, 0xf5, 0x0, 0x0,
    0x4f, 0xf5, 0x0, 0x0, 0x4f, 0xf5, 0x0, 0x0,

    /* U+013F "Ŀ" */
    0xf, 0xfa, 0x0, 0x0, 0x0, 0x0, 0xf, 0xfa,
    0x0, 0x0, 0x0, 0x0, 0xf, 0xfa, 0x0, 0x0,
    0x0, 0x0, 0xf, 0xfa, 0x0, 0x0, 0x0, 0x0,
    0xf, 0xfa, 0x0, 0x0, 0x0, 0x0, 0xf, 0xfa,
    0x0, 0x0, 0x0, 0x0, 0xf, 0xfa, 0x0, 0x9f,
    0x90, 0x0, 0xf, 0xfa, 0x1, 0xff, 0xf0, 0x0,
    0xf, 0xfa, 0x0, 0xaf, 0x90, 0x0, 0xf, 0xfa,
    0x0, 0x0, 0x0, 0x0, 0xf, 0xfa, 0x0, 0x0,
    0x0, 0x0, 0xf, 0xfa, 0x0, 0x0, 0x0, 0x0,
    0xf, 0xfa, 0x0, 0x0, 0x0, 0x0, 0xf, 0xfa,
    0x0, 0x0, 0x0, 0x0, 0xf, 0xfb, 0x44, 0x44,
    0x44, 0x42, 0xf, 0xff, 0xff, 0xff, 0xff, 0xf8,
    0xf, 0xff, 0xff, 0xff, 0xff, 0xf8,

    /* U+0140 "ŀ" */
    0x4f, 0xf5, 0x0, 0x0, 0x4, 0xff, 0x50, 0x0,
    0x0, 0x4f, 0xf5, 0x0, 0x0, 0x4, 0xff, 0x50,
    0x0, 0x0, 0x4f, 0xf5, 0x0, 0x0, 0x4, 0xff,
    0x50, 0x0, 0x0, 0x4f, 0xf5, 0x1, 0x51, 0x4,
    0xff, 0x50, 0xef, 0xe1, 0x4f, 0xf5, 0x2f, 0xff,
    0x34, 0xff, 0x50, 0x9f, 0xa0, 0x4f, 0xf5, 0x0,
    0x0, 0x4, 0xff, 0x50, 0x0, 0x0, 0x4f, 0xf5,
    0x0, 0x0, 0x4, 0xff, 0x50, 0x0, 0x0, 0x4f,
    0xf5, 0x0, 0x0, 0x4, 0xff, 0x50, 0x0, 0x0,
    0x4f, 0xf5, 0x0, 0x0, 0x0,

    /* U+0141 "Ł" */
    0x0, 0x4f, 0xf6, 0x0, 0x0, 0x0, 0x0, 0x0,
    0x4f, 0xf6, 0x0, 0x0, 0x0, 0x0, 0x0, 0x4f,
    0xf6, 0x0, 0x0, 0x0, 0x0, 0x0, 0x4f, 0xf6,
    0x0, 0x0, 0x0, 0x0, 0x0, 0x4f, 0xf6, 0x0,
    0x68, 0x0, 0x0, 0x0, 0x4f, 0xf6, 0x4d, 0xf9,
    0x0, 0x0, 0x0, 0x4f, 0xff, 0xff, 0xe5, 0x0,
    0x0, 0x0, 0x6f, 0xff, 0xf9, 0x10, 0x0, 0x0,
    0x7, 0xff, 0xff, 0x20, 0x0, 0x0, 0x0, 0x8f,
    0xff, 0xf6, 0x0, 0x0, 0x0, 0x0, 0x8e, 0xaf,
    0xf6, 0x0, 0x0, 0x0, 0x0, 0x30, 0x4f, 0xf6,
    0x0, 0x0, 0x0, 0x0, 0x0, 0x4f, 0xf6, 0x0,
    0x0, 0x0, 0x0, 0x0, 0x4f, 0xf6, 0x0, 0x0,
    0x0, 0x0, 0x0, 0x4f, 0xf8, 0x44, 0x44, 0x44,
    0x41, 0x0, 0x4f, 0xff, 0xff, 0xff, 0xff, 0xf4,
    0x0, 0x4f, 0xff, 0xff, 0xff, 0xff, 0xf4,

    /* U+0142 "ł" */
    0x0, 0x4f, 0xf5, 0x0, 0x0, 0x4f, 0xf5, 0x0,
    0x0, 0x4f, 0xf5, 0x0, 0x0, 0x4f, 0xf5, 0x0,
    0x0, 0x4f, 0xf5, 0x72, 0x0, 0x4f, 0xff, 0xf3,
    0x0, 0x7f, 0xff, 0xa0, 0xa, 0xff, 0xf8, 0x0,
    0x2f, 0xff, 0xf5, 0x0, 0x27, 0x4f, 0xf5, 0x0,
    0x0, 0x4f, 0xf5, 0x0, 0x0, 0x4f, 0xf5, 0x0,
    0x0, 0x4f, 0xf5, 0x0, 0x0, 0x4f, 0xf5, 0x0,
    0x0, 0x4f, 0xf5, 0x0, 0x0, 0x4f, 0xf5, 0x0,
    0x0, 0x4f, 0xf5, 0x0,

    /* U+0143 "Ń" */
    0x0, 0x0, 0x0, 0x0, 0x8f, 0xe1, 0x0, 0x0,
    0x0, 0x0, 0x0, 0x1, 0xff, 0x50, 0x0, 0x0,
    0x0, 0x0, 0x0, 0x8, 0xfa, 0x0, 0x0, 0x0,
    0x0, 0x0, 0x0, 0x5, 0x61, 0x0, 0x0, 0x0,
    0x0, 0x0, 0x0, 0x0, 0x0, 0x0, 0x0, 0x0,
    0x1f, 0xff, 0x50, 0x0, 0x0, 0x0, 0x7f, 0xf3,
    0x1f, 0xff, 0xe1, 0x0, 0x0, 0x0, 0x7f, 0xf3,
    0x1f, 0xff, 0xfa, 0x0, 0x0, 0x0, 0x7f, 0xf3,
    0x1f, 0xfd, 0xff, 0x40, 0x0, 0x0, 0x7f, 0xf3,
    0x1f, 0xf8, 0xcf, 0xe0, 0x0, 0x0, 0x7f, 0xf3,
    0x1f, 0xf8, 0x3f, 0xf9, 0x0, 0x0, 0x7f, 0xf3,
    0x1f, 0xf9, 0xa, 0xff, 0x30, 0x0, 0x7f, 0xf3,
    0x1f, 0xfa, 0x1, 0xff, 0xd0, 0x0, 0x7f, 0xf3,
    0x1f, 0xfa, 0x0, 0x6f, 0xf8, 0x0, 0x7f, 0xf3,
    0x1f, 0xfa, 0x0, 0xc, 0xff, 0x30, 0x7f, 0xf3,
    0x1f, 0xfa, 0x0, 0x2, 0xff, 0xc0, 0x7f, 0xf3,
    0x1f, 0xfa, 0x0, 0x0, 0x7f, 0xf6, 0x7f, 0xf3,
    0x1f, 0xfa, 0x0, 0x0, 0xc, 0xfe, 0x7f, 0xf3,
    0x1f, 0xfa, 0x0, 0x0, 0x2, 0xff, 0xdf, 0xf3,
    0x1f, 0xfa, 0x0, 0x0, 0x0, 0x8f, 0xff, 0xf3,
    0x1f, 0xfa, 0x0, 0x0, 0x0, 0xd, 0xff, 0xf3,
    0x1f, 0xfa, 0x0, 0x0, 0x0, 0x3, 0xff, 0xf3,

    /* U+0144 "ń" */
    0x0, 0x0, 0x0, 0x6f, 0xf2, 0x0, 0x0, 0x0,
    0x0, 0xef, 0x70, 0x0, 0x0, 0x0, 0x6, 0xfc,
    0x0, 0x0, 0x0, 0x0, 0x5, 0x72, 0x0, 0x0,
    0x0, 0x0, 0x0, 0x0, 0x0, 0x0, 0x4f, 0xf3,
    0x2a, 0xef, 0xd7, 0x0, 0x4f, 0xf6, 0xff, 0xff,
    0xff, 0xa0, 0x4f, 0xfe, 0xb3, 0x14, 0xef, 0xf4,
    0x4f, 0xfc, 0x0, 0x0, 0x3f, 0xf9, 0x4f, 0xf6,
    0x0, 0x0, 0xf, 0xfa, 0x4f, 0xf5, 0x0, 0x0,
    0xe, 0xfb, 0x4f, 0xf5, 0x0, 0x0, 0xe, 0xfb,
    0x4f, 0xf5, 0x0, 0x0, 0xe, 0xfb, 0x4f, 0xf5,
    0x0, 0x0, 0xe, 0xfb, 0x4f, 0xf5, 0x0, 0x0,
    0xe, 0xfb, 0x4f, 0xf5, 0x0, 0x0, 0xe, 0xfb,
    0x4f, 0xf5, 0x0, 0x0, 0xe, 0xfb, 0x4f, 0xf5,
    0x0, 0x0, 0xe, 0xfb,

    /* U+0145 "Ņ" */
    0x1f, 0xff, 0x50, 0x0, 0x0, 0x0, 0x7f, 0xf3,
    0x1f, 0xff, 0xe1, 0x0, 0x0, 0x0, 0x7f, 0xf3,
    0x1f, 0xff, 0xfa, 0x0, 0x0, 0x0, 0x7f, 0xf3,
    0x1f, 0xfd, 0xff, 0x40, 0x0, 0x0, 0x7f, 0xf3,
    0x1f, 0xf8, 0xcf, 0xe0, 0x0, 0x0, 0x7f, 0xf3,
    0x1f, 0xf8, 0x3f, 0xf9, 0x0, 0x0, 0x7f, 0xf3,
    0x1f, 0xf9, 0xa, 0xff, 0x30, 0x0, 0x7f, 0xf3,
    0x1f, 0xfa, 0x1, 0xff, 0xd0, 0x0, 0x7f, 0xf3,
    0x1f, 0xfa, 0x0, 0x6f, 0xf8, 0x0, 0x7f, 0xf3,
    0x1f, 0xfa, 0x0, 0xc, 0xff, 0x30, 0x7f, 0xf3,
    0x1f, 0xfa, 0x0, 0x2, 0xff, 0xc0, 0x7f, 0xf3,
    0x1f, 0xfa, 0x0, 0x0, 0x7f, 0xf6, 0x7f, 0xf3,
    0x1f, 0xfa, 0x0, 0x0, 0xc, 0xfe, 0x7f, 0xf3,
    0x1f, 0xfa, 0x0, 0x0, 0x2, 0xff, 0xdf, 0xf3,
    0x1f, 0xfa, 0x0, 0x0, 0x0, 0x8f, 0xff, 0xf3,
    0x1f, 0xfa, 0x0, 0x0, 0x0, 0xd, 0xff, 0xf3,
    0x1f, 0xfa, 0x0, 0x0, 0x0, 0x3, 0xff, 0xf3,
    0x0, 0x0, 0x0, 0x0, 0x0, 0x0, 0x0, 0x0,
    0x0, 0x0, 0x0, 0x4f, 0xf2, 0x0, 0x0, 0x0,
    0x0, 0x0, 0x0, 0x8f, 0xc0, 0x0, 0x0, 0x0,
    0x0, 0x0, 0x0, 0xcf, 0x60, 0x0, 0x0, 0x0,
    0x0, 0x0, 0x0, 0xff, 0x0, 0x0, 0x0, 0x0,
    0x0, 0x0, 0x0, 0x43, 0x0, 0x0, 0x0, 0x0,

    /* U+0146 "ņ" */
    0x4f, 0xf3, 0x2a, 0xef, 0xd7, 0x0, 0x4f, 0xf6,
    0xff, 0xff, 0xff, 0xa0, 0x4f, 0xfe, 0xb3, 0x14,
    0xef, 0xf4, 0x4f, 0xfc, 0x0, 0x0, 0x3f, 0xf9,
    0x4f, 0xf6, 0x0, 0x0, 0xf, 0xfa, 0x4f, 0xf5,
    0x0, 0x0, 0xe, 0xfb, 0x4f, 0xf5, 0x0, 0x0,
    0xe, 0xfb, 0x4f, 0xf5, 0x0, 0x0, 0xe, 0xfb,
    0x4f, 0xf5, 0x0, 0x0, 0xe, 0xfb, 0x4f, 0xf5,
    0x0, 0x0, 0xe, 0xfb, 0x4f, 0xf5, 0x0, 0x0,
    0xe, 0xfb, 0x4f, 0xf5, 0x0, 0x0, 0xe, 0xfb,
    0x4f, 0xf5, 0x0, 0x0, 0xe, 0xfb, 0x0, 0x0,
    0x0, 0x0, 0x0, 0x0, 0x0, 0x0, 0x2f, 0xf4,
    0x0, 0x0, 0x0, 0x0, 0x6f, 0xe0, 0x0, 0x0,
    0x0, 0x0, 0xaf, 0x80, 0x0, 0x0, 0x0, 0x0,
    0xdf, 0x20, 0x0, 0x0, 0x0, 0x0, 0x33, 0x0,
    0x0, 0x0,

    /* U+0147 "Ň" */
    0x0, 0x0, 0x8f, 0xc0, 0xb, 0xfb, 0x0, 0x0,
    0x0, 0x0, 0x8, 0xfb, 0xaf, 0xb0, 0x0, 0x0,
    0x0, 0x0, 0x0, 0x8f, 0xfb, 0x0, 0x0, 0x0,
    0x0, 0x0, 0x0, 0x0, 0x0, 0x0, 0x0, 0x0,
    0x0, 0x0, 0x0, 0x0, 0x0, 0x0, 0x0, 0x0,
    0x1f, 0xff, 0x50, 0x0, 0x0, 0x0, 0x7f, 0xf3,
    0x1f, 0xff, 0xe1, 0x0, 0x0, 0x0, 0x7f, 0xf3,
    0x1f, 0xff, 0xfa, 0x0, 0x0, 0x0, 0x7f, 0xf3,
    0x1f, 0xfd, 0xff, 0x40, 0x0, 0x0, 0x7f, 0xf3,
    0x1f, 0xf8, 0xcf, 0xe0, 0x0, 0x0, 0x7f, 0xf3,
    0x1f, 0xf8, 0x3f, 0xf9, 0x0, 0x0, 0x7f, 0xf3,
    0x1f, 0xf9, 0xa, 0xff, 0x30, 0x0, 0x7f, 0xf3,
    0x1f, 0xfa, 0x1, 0xff, 0xd0, 0x0, 0x7f, 0xf3,
    0x1f, 0xfa, 0x0, 0x6f, 0xf8, 0x0, 0x7f, 0xf3,
    0x1f, 0xfa, 0x0, 0xc, 0xff, 0x30, 0x7f, 0xf3,
    0x1f, 0xfa, 0x0, 0x2, 0xff, 0xc0, 0x7f, 0xf3,
    0x1f, 0xfa, 0x0, 0x0, 0x7f, 0xf6, 0x7f, 0xf3,
    0x1f, 0xfa, 0x0, 0x0, 0xc, 0xfe, 0x7f, 0xf3,
    0x1f, 0xfa, 0x0, 0x0, 0x2, 0xff, 0xdf, 0xf3,
    0x1f, 0xfa, 0x0, 0x0, 0x0, 0x8f, 0xff, 0xf3,
    0x1f, 0xfa, 0x0, 0x0, 0x0, 0xd, 0xff, 0xf3,
    0x1f, 0xfa, 0x0, 0x0, 0x0, 0x3, 0xff, 0xf3,

    /* U+0148 "ň" */
    0x0, 0x7f, 0xd1, 0x8, 0xfd, 0x10, 0x0, 0x9,
    0xfb, 0x4f, 0xe2, 0x0, 0x0, 0x0, 0xbf, 0xff,
    0x30, 0x0, 0x0, 0x0, 0x17, 0x84, 0x0, 0x0,
    0x0, 0x0, 0x0, 0x0, 0x0, 0x0, 0x4f, 0xf3,
    0x2a, 0xef, 0xd7, 0x0, 0x4f, 0xf6, 0xff, 0xff,
    0xff, 0xa0, 0x4f, 0xfe, 0xb3, 0x14, 0xef, 0xf4,
    0x4f, 0xfc, 0x0, 0x0, 0x3f, 0xf9, 0x4f, 0xf6,
    0x0, 0x0, 0xf, 0xfa, 0x4f, 0xf5, 0x0, 0x0,
    0xe, 0xfb, 0x4f, 0xf5, 0x0, 0x0, 0xe, 0xfb,
    0x4f, 0xf5, 0x0, 0x0, 0xe, 0xfb, 0x4f, 0xf5,
    0x0, 0x0, 0xe, 0xfb, 0x4f, 0xf5, 0x0, 0x0,
    0xe, 0xfb, 0x4f, 0xf5, 0x0, 0x0, 0xe, 0xfb,
    0x4f, 0xf5, 0x0, 0x0, 0xe, 0xfb, 0x4f, 0xf5,
    0x0, 0x0, 0xe, 0xfb,

    /* U+014A "Ŋ" */
    0x1f, 0xff, 0x50, 0x0, 0x0, 0x0, 0x7f, 0xf3,
    0x1f, 0xff, 0xe1, 0x0, 0x0, 0x0, 0x7f, 0xf3,
    0x1f, 0xff, 0xfa, 0x0, 0x0, 0x0, 0x7f, 0xf3,
    0x1f, 0xfd, 0xff, 0x40, 0x0, 0x0, 0x7f, 0xf3,
    0x1f, 0xf8, 0xcf, 0xe0, 0x0, 0x0, 0x7f, 0xf3,
    0x1f, 0xf8, 0x3f, 0xf9, 0x0, 0x0, 0x7f, 0xf3,
    0x1f, 0xf9, 0xa, 0xff, 0x30, 0x0, 0x7f, 0xf3,
    0x1f, 0xfa, 0x1, 0xff, 0xd0, 0x0, 0x7f, 0xf3,
    0x1f, 0xfa, 0x0, 0x6f, 0xf8, 0x0, 0x7f, 0xf3,
    0x1f, 0xfa, 0x0, 0xc, 0xff, 0x30, 0x7f, 0xf3,
    0x1f, 0xfa, 0x0, 0x2, 0xff, 0xc0, 0x7f, 0xf3,
    0x1f, 0xfa, 0x0, 0x0, 0x7f, 0xf6, 0x7f, 0xf3,
    0x1f, 0xfa, 0x0, 0x0, 0xc, 0xfe, 0x7f, 0xf3,
    0x1f, 0xfa, 0x0, 0x0, 0x2, 0xff, 0xdf, 0xf3,
    0x1f, 0xfa, 0x0, 0x0, 0x0, 0x8f, 0xff, 0xf3,
    0x1f, 0xfa, 0x0, 0x0, 0x0, 0xd, 0xff, 0xf4,
    0x1f, 0xfa, 0x0, 0x0, 0x0, 0x3, 0xff, 0xf5,
    0x0, 0x0, 0x0, 0x0, 0x0, 0x0, 0x5f, 0xf5,
    0x0, 0x0, 0x0, 0x0, 0x0, 0x0, 0x5f, 0xf5,
    0x0, 0x0, 0x0, 0x0, 0x0, 0x23, 0xbf, 0xf3,
    0x0, 0x0, 0x0, 0x0, 0x0, 0xcf, 0xff, 0xd0,
    0x0, 0x0, 0x0, 0x0, 0x0, 0xbf, 0xea, 0x20,

    /* U+014B "ŋ" */
    0x4f, 0xf3, 0x2a, 0xef, 0xd7, 0x0, 0x4f, 0xf6,
    0xff, 0xff, 0xff, 0xa0, 0x4f, 0xfe, 0xb3, 0x14,
    0xef, 0xf4, 0x4f, 0xfc, 0x0, 0x0, 0x3f, 0xf8,
    0x4f, 0xf6, 0x0, 0x0, 0xf, 0xfa, 0x4f, 0xf5,
    0x0, 0x0, 0xe, 0xfb, 0x4f, 0xf5, 0x0, 0x0,
    0xe, 0xfb, 0x4f, 0xf5, 0x0, 0x0, 0xe, 0xfb,
    0x4f, 0xf5, 0x0, 0x0, 0xe, 0xfb, 0x4f, 0xf5,
    0x0, 0x0, 0xe, 0xfb, 0x4f, 0xf5, 0x0, 0x0,
    0xe, 0xfb, 0x4f, 0xf5, 0x0, 0x0, 0xe, 0xfb,
    0x4f, 0xf5, 0x0, 0x0, 0xe, 0xfb, 0x0, 0x0,
    0x0, 0x0, 0xe, 0xfb, 0x0, 0x0, 0x0, 0x0,
    0xe, 0xfb, 0x0, 0x0, 0x0, 0x13, 0x6f, 0xf9,
    0x0, 0x0, 0x0, 0x6f, 0xff, 0xf4, 0x0, 0x0,
    0x0, 0x5f, 0xfc, 0x50,

    /* U+014C "Ō" */
    0x0, 0x0, 0x1d, 0xdd, 0xdd, 0xd6, 0x0, 0x0,
    0x0, 0x0, 0x1, 0xff, 0xff, 0xff, 0x80, 0x0,
    0x0, 0x0, 0x0, 0x0, 0x0, 0x0, 0x0, 0x0,
    0x0, 0x0, 0x0, 0x0, 0x0, 0x0, 0x0, 0x0,
    0x0, 0x0, 0x0, 0x0, 0x0, 0x0, 0x0, 0x0,
    0x0, 0x0, 0x0, 0x0, 0x2, 0x8d, 0xff, 0xea,
    0x50, 0x0, 0x0, 0x0, 0x7, 0xff, 0xff, 0xff,
    0xff, 0xc1, 0x0, 0x0, 0x9, 0xff, 0xfb, 0x76,
    0x9e, 0xff, 0xe1, 0x0, 0x5, 0xff, 0xd2, 0x0,
    0x0, 0x9, 0xff, 0xb0, 0x0, 0xef, 0xf2, 0x0,
    0x0, 0x0, 0xb, 0xff, 0x40, 0x4f, 0xf8, 0x0,
    0x0, 0x0, 0x0, 0x2f, 0xfa, 0x7, 0xff, 0x30,
    0x0, 0x0, 0x0, 0x0, 0xdf, 0xe0, 0x9f, 0xf1,
    0x0, 0x0, 0x0, 0x0, 0xa, 0xff, 0xa, 0xff,
    0x0, 0x0, 0x0, 0x0, 0x0, 0x9f, 0xf1, 0x9f,
    0xf1, 0x0, 0x0, 0x0, 0x0, 0xa, 0xff, 0x7,
    0xff, 0x30, 0x0, 0x0, 0x0, 0x0, 0xdf, 0xe0,
    0x4f, 0xf8, 0x0, 0x0, 0x0, 0x0, 0x2f, 0xfa,
    0x0, 0xef, 0xf2, 0x0, 0x0, 0x0, 0xb, 0xff,
    0x40, 0x5, 0xff, 0xd2, 0x0, 0x0, 0x9, 0xff,
    0xb0, 0x0, 0x9, 0xff, 0xfb, 0x76, 0x9e, 0xff,
    0xe1, 0x0, 0x0, 0x7, 0xff, 0xff, 0xff, 0xff,
    0xc1, 0x0, 0x0, 0x0, 0x2, 0x8d, 0xff, 0xeb,
    0x50, 0x0, 0x0,

    /* U+014D "ō" */
    0x0, 0xf, 0xff, 0xff, 0xf8, 0x0, 0x0, 0x0,
    0xdd, 0xdd, 0xdd, 0x60, 0x0, 0x0, 0x0, 0x0,
    0x0, 0x0, 0x0, 0x0, 0x0, 0x0, 0x0, 0x0,
    0x0, 0x0, 0x0, 0x6, 0xce, 0xfd, 0x92, 0x0,
    0x0, 0x1b, 0xff, 0xff, 0xff, 0xf5, 0x0, 0xb,
    0xff, 0xa3, 0x26, 0xef, 0xf3, 0x4, 0xff, 0x90,
    0x0, 0x2, 0xff, 0xc0, 0x9f, 0xf1, 0x0, 0x0,
    0x9, 0xff, 0x1c, 0xfd, 0x0, 0x0, 0x0, 0x5f,
    0xf4, 0xdf, 0xc0, 0x0, 0x0, 0x4, 0xff, 0x5c,
    0xfd, 0x0, 0x0, 0x0, 0x5f, 0xf4, 0x9f, 0xf1,
    0x0, 0x0, 0x9, 0xff, 0x14, 0xff, 0x90, 0x0,
    0x2, 0xff, 0xc0, 0xb, 0xff, 0xa3, 0x26, 0xef,
    0xf3, 0x0, 0x1b, 0xff, 0xff, 0xff, 0xf5, 0x0,
    0x0, 0x6, 0xce, 0xfd, 0x92, 0x0, 0x0,

    /* U+014E "Ŏ" */
    0x0, 0x0, 0x38, 0x20, 0x0, 0x76, 0x0, 0x0,
    0x0, 0x0, 0x3, 0xf9, 0x0, 0x3f, 0xa0, 0x0,
    0x0, 0x0, 0x0, 0xc, 0xfc, 0xaf, 0xf3, 0x0,
    0x0, 0x0, 0x0, 0x0, 0x9, 0xef, 0xc3, 0x0,
    0x0, 0x0, 0x0, 0x0, 0x0, 0x0, 0x0, 0x0,
    0x0, 0x0, 0x0, 0x0, 0x0, 0x0, 0x0, 0x0,
    0x0, 0x0, 0x0, 0x0, 0x0, 0x28, 0xdf, 0xfe,
    0xa5, 0x0, 0x0, 0x0, 0x0, 0x7f, 0xff, 0xff,
    0xff, 0xfc, 0x10, 0x0, 0x0, 0x9f, 0xff, 0xb7,
    0x69, 0xef, 0xfe, 0x10, 0x0, 0x5f, 0xfd, 0x20,
    0x0, 0x0, 0x9f, 0xfb, 0x0, 0xe, 0xff, 0x20,
    0x0, 0x0, 0x0, 0xbf, 0xf4, 0x4, 0xff, 0x80,
    0x0, 0x0, 0x0, 0x2, 0xff, 0xa0, 0x7f, 0xf3,
    0x0, 0x0, 0x0, 0x0, 0xd, 0xfe, 0x9, 0xff,
    0x10, 0x0, 0x0, 0x0, 0x0, 0xaf, 0xf0, 0xaf,
    0xf0, 0x0, 0x0, 0x0, 0x0, 0x9, 0xff, 0x19,
    0xff, 0x10, 0x0, 0x0, 0x0, 0x0, 0xaf, 0xf0,
    0x7f, 0xf3, 0x0, 0x0, 0x0, 0x0, 0xd, 0xfe,
    0x4, 0xff, 0x80, 0x0, 0x0, 0x0, 0x2, 0xff,
    0xa0, 0xe, 0xff, 0x20, 0x0, 0x0, 0x0, 0xbf,
    0xf4, 0x0, 0x5f, 0xfd, 0x20, 0x0, 0x0, 0x9f,
    0xfb, 0x0, 0x0, 0x9f, 0xff, 0xb7, 0x69, 0xef,
    0xfe, 0x10, 0x0, 0x0, 0x7f, 0xff, 0xff, 0xff,
    0xfc, 0x10, 0x0, 0x0, 0x0, 0x28, 0xdf, 0xfe,
    0xb5, 0x0, 0x0, 0x0,

    /* U+014F "ŏ" */
    0x0, 0x4f, 0x80, 0x1, 0xfc, 0x0, 0x0, 0x0,
    0xdf, 0xba, 0xef, 0x50, 0x0, 0x0, 0x1, 0x9e,
    0xfc, 0x50, 0x0, 0x0, 0x0, 0x0, 0x0, 0x0,
    0x0, 0x0, 0x0, 0x0, 0x0, 0x0, 0x0, 0x0,
    0x0, 0x0, 0x6c, 0xef, 0xd9, 0x20, 0x0, 0x1,
    0xbf, 0xff, 0xff, 0xff, 0x50, 0x0, 0xbf, 0xfa,
    0x32, 0x6e, 0xff, 0x30, 0x4f, 0xf9, 0x0, 0x0,
    0x2f, 0xfc, 0x9, 0xff, 0x10, 0x0, 0x0, 0x9f,
    0xf1, 0xcf, 0xd0, 0x0, 0x0, 0x5, 0xff, 0x4d,
    0xfc, 0x0, 0x0, 0x0, 0x4f, 0xf5, 0xcf, 0xd0,
    0x0, 0x0, 0x5, 0xff, 0x49, 0xff, 0x10, 0x0,
    0x0, 0x9f, 0xf1, 0x4f, 0xf9, 0x0, 0x0, 0x2f,
    0xfc, 0x0, 0xbf, 0xfa, 0x32, 0x6e, 0xff, 0x30,
    0x1, 0xbf, 0xff, 0xff, 0xff, 0x50, 0x0, 0x0,
    0x6c, 0xef, 0xd9, 0x20, 0x0,

    /* U+0150 "Ő" */
    0x0, 0x0, 0x2, 0x66, 0x0, 0x66, 0x40, 0x0,
    0x0, 0x0, 0x0, 0xbf, 0xb0, 0x5f, 0xf3, 0x0,
    0x0, 0x0, 0x0, 0x1f, 0xf2, 0xd, 0xf6, 0x0,
    0x0, 0x0, 0x0, 0x7, 0xf9, 0x7, 0xf9, 0x0,
    0x0, 0x0, 0x0, 0x0, 0x0, 0x0, 0x0, 0x0,
    0x0, 0x0, 0x0, 0x0, 0x0, 0x0, 0x0, 0x0,
    0x0, 0x0, 0x0, 0x0, 0x0, 0x28, 0xdf, 0xfe,
    0xa5, 0x0, 0x0, 0x0, 0x0, 0x7f, 0xff, 0xff,
    0xff, 0xfc, 0x10, 0x0, 0x0, 0x9f, 0xff, 0xb7,
    0x69, 0xef, 0xfe, 0x10, 0x0, 0x5f, 0xfd, 0x20,
    0x0, 0x0, 0x9f, 0xfb, 0x0, 0xe, 0xff, 0x20,
    0x0, 0x0, 0x0, 0xbf, 0xf4, 0x4, 0xff, 0x80,
    0x0, 0x0, 0x0, 0x2, 0xff, 0xa0, 0x7f, 0xf3,
    0x0, 0x0, 0x0, 0x0, 0xd, 0xfe, 0x9, 0xff,
    0x10, 0x0, 0x0, 0x0, 0x0, 0xaf, 0xf0, 0xaf,
    0xf0, 0x0, 0x0, 0x0, 0x0, 0x9, 0xff, 0x19,
    0xff, 0x10, 0x0, 0x0, 0x0, 0x0, 0xaf, 0xf0,
    0x7f, 0xf3, 0x0, 0x0, 0x0, 0x0, 0xd, 0xfe,
    0x4, 0xff, 0x80, 0x0, 0x0, 0x0, 0x2, 0xff,
    0xa0, 0xe, 0xff, 0x20, 0x0, 0x0, 0x0, 0xbf,
    0xf4, 0x0, 0x5f, 0xfd, 0x20, 0x0, 0x0, 0x9f,
    0xfb, 0x0, 0x0, 0x9f, 0xff, 0xb7, 0x69, 0xef,
    0xfe, 0x10, 0x0, 0x0, 0x7f, 0xff, 0xff, 0xff,
    0xfc, 0x10, 0x0, 0x0, 0x0, 0x28, 0xdf, 0xfe,
    0xb5, 0x0, 0x0, 0x0,

    /* U+0151 "ő" */
    0x0, 0x7, 0xfe, 0x11, 0xff, 0x80, 0x0, 0x0,
    0xef, 0x60, 0x9f, 0xc0, 0x0, 0x0, 0x4f, 0xd0,
    0x3f, 0xe1, 0x0, 0x0, 0x3, 0x73, 0x4, 0x73,
    0x0, 0x0, 0x0, 0x0, 0x0, 0x0, 0x0, 0x0,
    0x0, 0x0, 0x6c, 0xef, 0xd9, 0x20, 0x0, 0x1,
    0xbf, 0xff, 0xff, 0xff, 0x50, 0x0, 0xbf, 0xfa,
    0x32, 0x6e, 0xff, 0x30, 0x4f, 0xf9, 0x0, 0x0,
    0x2f, 0xfc, 0x9, 0xff, 0x10, 0x0, 0x0, 0x9f,
    0xf1, 0xcf, 0xd0, 0x0, 0x0, 0x5, 0xff, 0x4d,
    0xfc, 0x0, 0x0, 0x0, 0x4f, 0xf5, 0xcf, 0xd0,
    0x0, 0x0, 0x5, 0xff, 0x49, 0xff, 0x10, 0x0,
    0x0, 0x9f, 0xf1, 0x4f, 0xf9, 0x0, 0x0, 0x2f,
    0xfc, 0x0, 0xbf, 0xfa, 0x32, 0x6e, 0xff, 0x30,
    0x1, 0xbf, 0xff, 0xff, 0xff, 0x50, 0x0, 0x0,
    0x6c, 0xef, 0xd9, 0x20, 0x0,

    /* U+0152 "Œ" */
    0x0, 0x0, 0x28, 0xcf, 0xff, 0xff, 0xff, 0xff,
    0xff, 0xff, 0xfa, 0x0, 0x6, 0xff, 0xff, 0xff,
    0xff, 0xff, 0xff, 0xff, 0xff, 0xfa, 0x0, 0x8f,
    0xff, 0x95, 0x44, 0x7f, 0xf8, 0x44, 0x44, 0x44,
    0x42, 0x4, 0xff, 0xc1, 0x0, 0x0, 0x5f, 0xf5,
    0x0, 0x0, 0x0, 0x0, 0xd, 0xfe, 0x10, 0x0,
    0x0, 0x5f, 0xf5, 0x0, 0x0, 0x0, 0x0, 0x3f,
    0xf7, 0x0, 0x0, 0x0, 0x5f, 0xf5, 0x0, 0x0,
    0x0, 0x0, 0x7f, 0xf2, 0x0, 0x0, 0x0, 0x5f,
    0xf5, 0x0, 0x0, 0x0, 0x0, 0x9f, 0xf0, 0x0,
    0x0, 0x0, 0x5f, 0xff, 0xff, 0xff, 0xff, 0xf1,
    0xaf, 0xf0, 0x0, 0x0, 0x0, 0x5f, 0xff, 0xff,
    0xff, 0xff, 0xf1, 0x9f, 0xf0, 0x0, 0x0, 0x0,
    0x5f, 0xf8, 0x44, 0x44, 0x44, 0x40, 0x7f, 0xf3,
    0x0, 0x0, 0x0, 0x5f, 0xf5, 0x0, 0x0, 0x0,
    0x0, 0x3f, 0xf8, 0x0, 0x0, 0x0, 0x5f, 0xf5,
    0x0, 0x0, 0x0, 0x0, 0xd, 0xff, 0x10, 0x0,
    0x0, 0x5f, 0xf5, 0x0, 0x0, 0x0, 0x0, 0x4,
    0xff, 0xc1, 0x0, 0x0, 0x5f, 0xf5, 0x0, 0x0,
    0x0, 0x0, 0x0, 0x8f, 0xff, 0x95, 0x44, 0x7f,
    0xf8, 0x44, 0x44, 0x44, 0x43, 0x0, 0x7, 0xff,
    0xff, 0xff, 0xff, 0xff, 0xff, 0xff, 0xff, 0xfc,
    0x0, 0x0, 0x28, 0xdf, 0xff, 0xff, 0xff, 0xff,
    0xff, 0xff, 0xfc,

    /* U+0153 "œ" */
    0x0, 0x6, 0xce, 0xfd, 0x92, 0x0, 0x17, 0xdf,
    0xfc, 0x70, 0x0, 0x1, 0xbf, 0xff, 0xff, 0xff,
    0x52, 0xdf, 0xff, 0xff, 0xfd, 0x20, 0xb, 0xff,
    0xa3, 0x26, 0xef, 0xff, 0xfe, 0x73, 0x37, 0xff,
    0xd0, 0x4f, 0xf9, 0x0, 0x0, 0x2f, 0xff, 0xf3,
    0x0, 0x0, 0x5f, 0xf5, 0x9f, 0xf1, 0x0, 0x0,
    0x9, 0xff, 0xc0, 0x0, 0x0, 0xe, 0xfa, 0xcf,
    0xd0, 0x0, 0x0, 0x5, 0xff, 0xfe, 0xee, 0xee,
    0xef, 0xfb, 0xdf, 0xc0, 0x0, 0x0, 0x4, 0xff,
    0xff, 0xff, 0xff, 0xff, 0xfc, 0xcf, 0xd0, 0x0,
    0x0, 0x5, 0xff, 0xd0, 0x0, 0x0, 0x0, 0x0,
    0x9f, 0xf1, 0x0, 0x0, 0x9, 0xff, 0xe0, 0x0,
    0x0, 0x0, 0x0, 0x4f, 0xf9, 0x0, 0x0, 0x2f,
    0xff, 0xf5, 0x0, 0x0, 0x1d, 0xa3, 0xb, 0xff,
    0xa3, 0x26, 0xef, 0xff, 0xff, 0x84, 0x26, 0xef,
    0xf2, 0x1, 0xbf, 0xff, 0xff, 0xff, 0x52, 0xdf,
    0xff, 0xff, 0xff, 0x50, 0x0, 0x6, 0xce, 0xfd,
    0x92, 0x0, 0x17, 0xce, 0xfd, 0x92, 0x0,

    /* U+0154 "Ŕ" */
    0x0, 0x0, 0x0, 0xe, 0xf9, 0x0, 0x0, 0x0,
    0x0, 0x0, 0x7f, 0xd0, 0x0, 0x0, 0x0, 0x0,
    0x0, 0xef, 0x30, 0x0, 0x0, 0x0, 0x0, 0x1,
    0x65, 0x0, 0x0, 0x0, 0x0, 0x0, 0x0, 0x0,
    0x0, 0x0, 0x0, 0x1f, 0xff, 0xff, 0xff, 0xea,
    0x50, 0x0, 0x1f, 0xff, 0xff, 0xff, 0xff, 0xfb,
    0x0, 0x1f, 0xfb, 0x33, 0x34, 0x7d, 0xff, 0x80,
    0x1f, 0xf9, 0x0, 0x0, 0x1, 0xef, 0xe0, 0x1f,
    0xf9, 0x0, 0x0, 0x0, 0x9f, 0xf2, 0x1f, 0xf9,
    0x0, 0x0, 0x0, 0x8f, 0xf2, 0x1f, 0xf9, 0x0,
    0x0, 0x0, 0xcf, 0xf0, 0x1f, 0xf9, 0x0, 0x0,
    0x3a, 0xff, 0xa0, 0x1f, 0xff, 0xff, 0xff, 0xff,
    0xfd, 0x10, 0x1f, 0xff, 0xff, 0xff, 0xff, 0x91,
    0x0, 0x1f, 0xfb, 0x33, 0x39, 0xff, 0x60, 0x0,
    0x1f, 0xf9, 0x0, 0x1, 0xff, 0xe0, 0x0, 0x1f,
    0xf9, 0x0, 0x0, 0x7f, 0xf7, 0x0, 0x1f, 0xf9,
    0x0, 0x0, 0xe, 0xff, 0x10, 0x1f, 0xf9, 0x0,
    0x0, 0x7, 0xff, 0x80, 0x1f, 0xf9, 0x0, 0x0,
    0x0, 0xef, 0xf1, 0x1f, 0xf9, 0x0, 0x0, 0x0,
    0x6f, 0xf9,

    /* U+0155 "ŕ" */
    0x0, 0x0, 0x8f, 0xe1, 0x0, 0x0, 0xff, 0x50,
    0x0, 0x7, 0xfa, 0x0, 0x0, 0x5, 0x71, 0x0,
    0x0, 0x0, 0x0, 0x0, 0x4f, 0xf3, 0x4c, 0xfc,
    0x4f, 0xf8, 0xff, 0xfc, 0x4f, 0xff, 0xc5, 0x23,
    0x4f, 0xfc, 0x0, 0x0, 0x4f, 0xf6, 0x0, 0x0,
    0x4f, 0xf5, 0x0, 0x0, 0x4f, 0xf5, 0x0, 0x0,
    0x4f, 0xf5, 0x0, 0x0, 0x4f, 0xf5, 0x0, 0x0,
    0x4f, 0xf5, 0x0, 0x0, 0x4f, 0xf5, 0x0, 0x0,
    0x4f, 0xf5, 0x0, 0x0, 0x4f, 0xf5, 0x0, 0x0,

    /* U+0156 "Ŗ" */
    0x1f, 0xff, 0xff, 0xff, 0xea, 0x50, 0x0, 0x1f,
    0xff, 0xff, 0xff, 0xff, 0xfb, 0x0, 0x1f, 0xfb,
    0x33, 0x34, 0x7d, 0xff, 0x80, 0x1f, 0xf9, 0x0,
    0x0, 0x1, 0xef, 0xe0, 0x1f, 0xf9, 0x0, 0x0,
    0x0, 0x9f, 0xf2, 0x1f, 0xf9, 0x0, 0x0, 0x0,
    0x8f, 0xf2, 0x1f, 0xf9, 0x0, 0x0, 0x0, 0xcf,
    0xf0, 0x1f, 0xf9, 0x0, 0x0, 0x3a, 0xff, 0xa0,
    0x1f, 0xff, 0xff, 0xff, 0xff, 0xfd, 0x10, 0x1f,
    0xff, 0xff, 0xff, 0xff, 0x91, 0x0, 0x1f, 0xfb,
    0x33, 0x39, 0xff, 0x60, 0x0, 0x1f, 0xf9, 0x0,
    0x1, 0xff, 0xe0, 0x0, 0x1f, 0xf9, 0x0, 0x0,
    0x7f, 0xf7, 0x0, 0x1f, 0xf9, 0x0, 0x0, 0xe,
    0xff, 0x10, 0x1f, 0xf9, 0x0, 0x0, 0x7, 0xff,
    0x80, 0x1f, 0xf9, 0x0, 0x0, 0x0, 0xef, 0xf1,
    0x1f, 0xf9, 0x0, 0x0, 0x0, 0x6f, 0xf9, 0x0,
    0x0, 0x0, 0x0, 0x0, 0x0, 0x0, 0x0, 0x0,
    0x6, 0xff, 0x10, 0x0, 0x0, 0x0, 0x0, 0xa,
    0xfa, 0x0, 0x0, 0x0, 0x0, 0x0, 0xd, 0xf4,
    0x0, 0x0, 0x0, 0x0, 0x0, 0x1f, 0xe0, 0x0,
    0x0, 0x0, 0x0, 0x0, 0x4, 0x20, 0x0, 0x0,
    0x0,

    /* U+0157 "ŗ" */
    0x4, 0xff, 0x34, 0xcf, 0xc0, 0x4f, 0xf8, 0xff,
    0xfc, 0x4, 0xff, 0xfc, 0x52, 0x30, 0x4f, 0xfc,
    0x0, 0x0, 0x4, 0xff, 0x60, 0x0, 0x0, 0x4f,
    0xf5, 0x0, 0x0, 0x4, 0xff, 0x50, 0x0, 0x0,
    0x4f, 0xf5, 0x0, 0x0, 0x4, 0xff, 0x50, 0x0,
    0x0, 0x4f, 0xf5, 0x0, 0x0, 0x4, 0xff, 0x50,
    0x0, 0x0, 0x4f, 0xf5, 0x0, 0x0, 0x4, 0xff,
    0x50, 0x0, 0x0, 0x0, 0x0, 0x0, 0x0, 0x5,
    0xff, 0x10, 0x0, 0x0, 0x9f, 0xb0, 0x0, 0x0,
    0xd, 0xf5, 0x0, 0x0, 0x0, 0xfe, 0x0, 0x0,
    0x0, 0x4, 0x20, 0x0, 0x0, 0x0,

    /* U+0158 "Ř" */
    0x0, 0x1d, 0xf7, 0x2, 0xef, 0x50, 0x0, 0x0,
    0x1, 0xdf, 0x7e, 0xf5, 0x0, 0x0, 0x0, 0x0,
    0x1d, 0xff, 0x50, 0x0, 0x0, 0x0, 0x0, 0x0,
    0x0, 0x0, 0x0, 0x0, 0x0, 0x0, 0x0, 0x0,
    0x0, 0x0, 0x0, 0x1f, 0xff, 0xff, 0xff, 0xea,
    0x50, 0x0, 0x1f, 0xff, 0xff, 0xff, 0xff, 0xfb,
    0x0, 0x1f, 0xfb, 0x33, 0x34, 0x7d, 0xff, 0x80,
    0x1f, 0xf9, 0x0, 0x0, 0x1, 0xef, 0xe0, 0x1f,
    0xf9, 0x0, 0x0, 0x0, 0x9f, 0xf2, 0x1f, 0xf9,
    0x0, 0x0, 0x0, 0x8f, 0xf2, 0x1f, 0xf9, 0x0,
    0x0, 0x0, 0xcf, 0xf0, 0x1f, 0xf9, 0x0, 0x0,
    0x3a, 0xff, 0xa0, 0x1f, 0xff, 0xff, 0xff, 0xff,
    0xfd, 0x10, 0x1f, 0xff, 0xff, 0xff, 0xff, 0x91,
    0x0, 0x1f, 0xfb, 0x33, 0x39, 0xff, 0x60, 0x0,
    0x1f, 0xf9, 0x0, 0x1, 0xff, 0xe0, 0x0, 0x1f,
    0xf9, 0x0, 0x0, 0x7f, 0xf7, 0x0, 0x1f, 0xf9,
    0x0, 0x0, 0xe, 0xff, 0x10, 0x1f, 0xf9, 0x0,
    0x0, 0x7, 0xff, 0x80, 0x1f, 0xf9, 0x0, 0x0,
    0x0, 0xef, 0xf1, 0x1f, 0xf9, 0x0, 0x0, 0x0,
    0x6f, 0xf9,

    /* U+0159 "ř" */
    0x8f, 0xc0, 0x9, 0xfc, 0x0, 0xbf, 0xa6, 0xfe,
    0x10, 0x0, 0xcf, 0xff, 0x20, 0x0, 0x1, 0x88,
    0x30, 0x0, 0x0, 0x0, 0x0, 0x0, 0x4, 0xff,
    0x34, 0xcf, 0xc0, 0x4f, 0xf8, 0xff, 0xfc, 0x4,
    0xff, 0xfc, 0x52, 0x30, 0x4f, 0xfc, 0x0, 0x0,
    0x4, 0xff, 0x60, 0x0, 0x0, 0x4f, 0xf5, 0x0,
    0x0, 0x4, 0xff, 0x50, 0x0, 0x0, 0x4f, 0xf5,
    0x0, 0x0, 0x4, 0xff, 0x50, 0x0, 0x0, 0x4f,
    0xf5, 0x0, 0x0, 0x4, 0xff, 0x50, 0x0, 0x0,
    0x4f, 0xf5, 0x0, 0x0, 0x4, 0xff, 0x50, 0x0,
    0x0,

    /* U+015A "Ś" */
    0x0, 0x0, 0x0, 0x5, 0x65, 0x0, 0x0, 0x0,
    0x0, 0x0, 0x1f, 0xf5, 0x0, 0x0, 0x0, 0x0,
    0x0, 0x9f, 0xb0, 0x0, 0x0, 0x0, 0x0, 0x1,
    0xfe, 0x10, 0x0, 0x0, 0x0, 0x0, 0x0, 0x0,
    0x0, 0x0, 0x0, 0x0, 0x0, 0x0, 0x0, 0x0,
    0x0, 0x0, 0x0, 0x4, 0xad, 0xff, 0xd9, 0x20,
    0x0, 0x0, 0xaf, 0xff, 0xff, 0xff, 0xf7, 0x0,
    0x9, 0xff, 0xd7, 0x55, 0x8f, 0xff, 0x50, 0x1f,
    0xfc, 0x0, 0x0, 0x2, 0xff, 0xd0, 0x3f, 0xf7,
    0x0, 0x0, 0x0, 0x69, 0x90, 0x2f, 0xfa, 0x0,
    0x0, 0x0, 0x0, 0x0, 0xd, 0xff, 0xb2, 0x0,
    0x0, 0x0, 0x0, 0x2, 0xdf, 0xff, 0xd9, 0x50,
    0x0, 0x0, 0x0, 0x6, 0xcf, 0xff, 0xff, 0x91,
    0x0, 0x0, 0x0, 0x1, 0x6a, 0xff, 0xff, 0x30,
    0x0, 0x0, 0x0, 0x0, 0x6, 0xff, 0xd0, 0x0,
    0x0, 0x0, 0x0, 0x0, 0x8f, 0xf2, 0x9e, 0xe1,
    0x0, 0x0, 0x0, 0x7f, 0xf3, 0x7f, 0xf9, 0x0,
    0x0, 0x1, 0xdf, 0xf0, 0x1e, 0xff, 0xc7, 0x56,
    0x9f, 0xff, 0x80, 0x3, 0xef, 0xff, 0xff, 0xff,
    0xfa, 0x0, 0x0, 0x6, 0xbe, 0xff, 0xd9, 0x30,
    0x0,

    /* U+015B "ś" */
    0x0, 0x0, 0x1, 0xff, 0x70, 0x0, 0x0, 0x0,
    0x8f, 0xc0, 0x0, 0x0, 0x0, 0x1f, 0xf2, 0x0,
    0x0, 0x0, 0x2, 0x74, 0x0, 0x0, 0x0, 0x0,
    0x0, 0x0, 0x0, 0x0, 0x4, 0xae, 0xfe, 0xb4,
    0x0, 0x8, 0xff, 0xff, 0xff, 0xf8, 0x3, 0xff,
    0xc3, 0x2, 0xaf, 0xf3, 0x6f, 0xf3, 0x0, 0x0,
    0x86, 0x15, 0xff, 0x80, 0x0, 0x0, 0x0, 0xd,
    0xff, 0xea, 0x73, 0x0, 0x0, 0x19, 0xff, 0xff,
    0xfe, 0x50, 0x0, 0x0, 0x47, 0xbf, 0xff, 0x50,
    0x0, 0x0, 0x0, 0x3f, 0xfb, 0x6b, 0xb0, 0x0,
    0x0, 0xef, 0xc8, 0xff, 0xa2, 0x12, 0xaf, 0xf7,
    0xc, 0xff, 0xff, 0xff, 0xfb, 0x0, 0x6, 0xbe,
    0xfe, 0xb5, 0x0,

    /* U+015C "Ŝ" */
    0x0, 0x0, 0x4, 0x87, 0x0, 0x0, 0x0, 0x0,
    0x0, 0x4f, 0xff, 0xb0, 0x0, 0x0, 0x0, 0x2,
    0xff, 0x4b, 0xf9, 0x0, 0x0, 0x0, 0x1e, 0xf7,
    0x1, 0xef, 0x60, 0x0, 0x0, 0x0, 0x0, 0x0,
    0x0, 0x0, 0x0, 0x0, 0x0, 0x0, 0x0, 0x0,
    0x0, 0x0, 0x0, 0x4, 0xad, 0xff, 0xd9, 0x20,
    0x0, 0x0, 0xaf, 0xff, 0xff, 0xff, 0xf7, 0x0,
    0x9, 0xff, 0xd7, 0x55, 0x8f, 0xff, 0x50, 0x1f,
    0xfc, 0x0, 0x0, 0x2, 0xff, 0xd0, 0x3f, 0xf7,
    0x0, 0x0, 0x0, 0x69, 0x90, 0x2f, 0xfa, 0x0,
    0x0, 0x0, 0x0, 0x0, 0xd, 0xff, 0xb2, 0x0,
    0x0, 0x0, 0x0, 0x2, 0xdf, 0xff, 0xd9, 0x50,
    0x0, 0x0, 0x0, 0x6, 0xcf, 0xff, 0xff, 0x91,
    0x0, 0x0, 0x0, 0x1, 0x6a, 0xff, 0xff, 0x30,
    0x0, 0x0, 0x0, 0x0, 0x6, 0xff, 0xd0, 0x0,
    0x0, 0x0, 0x0, 0x0, 0x8f, 0xf2, 0x9e, 0xe1,
    0x0, 0x0, 0x0, 0x7f, 0xf3, 0x7f, 0xf9, 0x0,
    0x0, 0x1, 0xdf, 0xf0, 0x1e, 0xff, 0xc7, 0x56,
    0x9f, 0xff, 0x80, 0x3, 0xef, 0xff, 0xff, 0xff,
    0xfa, 0x0, 0x0, 0x6, 0xbe, 0xff, 0xd9, 0x30,
    0x0,

    /* U+015D "ŝ" */
    0x0, 0x2, 0xef, 0xf3, 0x0, 0x0, 0x2, 0xef,
    0x7f, 0xf3, 0x0, 0x2, 0xef, 0x50, 0x3f, 0xf3,
    0x0, 0x0, 0x0, 0x0, 0x0, 0x0, 0x0, 0x0,
    0x0, 0x0, 0x0, 0x0, 0x4, 0xae, 0xfe, 0xb4,
    0x0, 0x8, 0xff, 0xff, 0xff, 0xf8, 0x3, 0xff,
    0xc3, 0x2, 0xaf, 0xf3, 0x6f, 0xf3, 0x0, 0x0,
    0x86, 0x15, 0xff, 0x80, 0x0, 0x0, 0x0, 0xd,
    0xff, 0xea, 0x73, 0x0, 0x0, 0x19, 0xff, 0xff,
    0xfe, 0x50, 0x0, 0x0, 0x47, 0xbf, 0xff, 0x50,
    0x0, 0x0, 0x0, 0x3f, 0xfb, 0x6b, 0xb0, 0x0,
    0x0, 0xef, 0xc8, 0xff, 0xa2, 0x12, 0xaf, 0xf7,
    0xc, 0xff, 0xff, 0xff, 0xfb, 0x0, 0x6, 0xbe,
    0xfe, 0xb5, 0x0,

    /* U+015E "Ş" */
    0x0, 0x4, 0xad, 0xff, 0xd9, 0x20, 0x0, 0x0,
    0xaf, 0xff, 0xff, 0xff, 0xf7, 0x0, 0x9, 0xff,
    0xd7, 0x55, 0x8f, 0xff, 0x50, 0x1f, 0xfc, 0x0,
    0x0, 0x2, 0xff, 0xd0, 0x3f, 0xf7, 0x0, 0x0,
    0x0, 0x69, 0x90, 0x2f, 0xfa, 0x0, 0x0, 0x0,
    0x0, 0x0, 0xd, 0xff, 0xb2, 0x0, 0x0, 0x0,
    0x0, 0x2, 0xdf, 0xff, 0xd9, 0x50, 0x0, 0x0,
    0x0, 0x6, 0xcf, 0xff, 0xff, 0x91, 0x0, 0x0,
    0x0, 0x1, 0x6a, 0xff, 0xff, 0x30, 0x0, 0x0,
    0x0, 0x0, 0x6, 0xff, 0xd0, 0x0, 0x0, 0x0,
    0x0, 0x0, 0x8f, 0xf2, 0x9e, 0xe1, 0x0, 0x0,
    0x0, 0x7f, 0xf3, 0x7f, 0xf9, 0x0, 0x0, 0x1,
    0xdf, 0xf0, 0x1e, 0xff, 0xc7, 0x56, 0x9f, 0xff,
    0x80, 0x3, 0xef, 0xff, 0xff, 0xff, 0xfa, 0x0,
    0x0, 0x6, 0xbe, 0xff, 0xd9, 0x30, 0x0, 0x0,
    0x0, 0x0, 0xf7, 0x0, 0x0, 0x0, 0x0, 0x0,
    0x1, 0xff, 0xe2, 0x0, 0x0, 0x0, 0x0, 0x0,
    0x4, 0xf9, 0x0, 0x0, 0x0, 0x0, 0x2, 0x47,
    0xf8, 0x0, 0x0, 0x0, 0x0, 0x9, 0xff, 0xb1,
    0x0, 0x0,

    /* U+015F "ş" */
    0x0, 0x4a, 0xef, 0xeb, 0x40, 0x0, 0x8f, 0xff,
    0xff, 0xff, 0x80, 0x3f, 0xfc, 0x30, 0x2a, 0xff,
    0x36, 0xff, 0x30, 0x0, 0x8, 0x61, 0x5f, 0xf8,
    0x0, 0x0, 0x0, 0x0, 0xdf, 0xfe, 0xa7, 0x30,
    0x0, 0x1, 0x9f, 0xff, 0xff, 0xe5, 0x0, 0x0,
    0x4, 0x7b, 0xff, 0xf5, 0x0, 0x0, 0x0, 0x3,
    0xff, 0xb6, 0xbb, 0x0, 0x0, 0xe, 0xfc, 0x8f,
    0xfa, 0x21, 0x2a, 0xff, 0x70, 0xcf, 0xff, 0xff,
    0xff, 0xb0, 0x0, 0x6b, 0xff, 0xfb, 0x50, 0x0,
    0x0, 0x2, 0xf4, 0x0, 0x0, 0x0, 0x0, 0x4f,
    0xfd, 0x10, 0x0, 0x0, 0x0, 0x17, 0xf5, 0x0,
    0x0, 0x0, 0x34, 0x9f, 0x40, 0x0, 0x0, 0xc,
    0xfe, 0x90, 0x0,

    /* U+0160 "Š" */
    0x0, 0x19, 0x92, 0x0, 0x79, 0x60, 0x0, 0x0,
    0x7, 0xfd, 0x6, 0xfe, 0x10, 0x0, 0x0, 0x0,
    0xbf, 0xbf, 0xf3, 0x0, 0x0, 0x0, 0x0, 0xd,
    0xff, 0x60, 0x0, 0x0, 0x0, 0x0, 0x1, 0x22,
    0x0, 0x0, 0x0, 0x0, 0x0, 0x0, 0x0, 0x0,
    0x0, 0x0, 0x0, 0x4, 0xad, 0xff, 0xd9, 0x30,
    0x0, 0x0, 0xaf, 0xff, 0xff, 0xff, 0xfa, 0x0,
    0x9, 0xff, 0xd7, 0x55, 0x7d, 0xff, 0x80, 0x1f,
    0xfc, 0x0, 0x0, 0x0, 0xdf, 0xe0, 0x3f, 0xf7,
    0x0, 0x0, 0x0, 0x0, 0x0, 0x2f, 0xfa, 0x0,
    0x0, 0x0, 0x0, 0x0, 0xd, 0xff, 0xb2, 0x0,
    0x0, 0x0, 0x0, 0x2, 0xdf, 0xff, 0xd9, 0x50,
    0x0, 0x0, 0x0, 0x6, 0xcf, 0xff, 0xff, 0x91,
    0x0, 0x0, 0x0, 0x1, 0x6a, 0xff, 0xff, 0x30,
    0x0, 0x0, 0x0, 0x0, 0x6, 0xff, 0xd0, 0x1,
    0x0, 0x0, 0x0, 0x0, 0x8f, 0xf2, 0xaf, 0xf1,
    0x0, 0x0, 0x0, 0x7f, 0xf3, 0x6f, 0xfa, 0x0,
    0x0, 0x1, 0xdf, 0xf0, 0xe, 0xff, 0xd7, 0x56,
    0x9f, 0xff, 0x80, 0x2, 0xdf, 0xff, 0xff, 0xff,
    0xfa, 0x0, 0x0, 0x6, 0xbe, 0xff, 0xd9, 0x30,
    0x0,

    /* U+0161 "š" */
    0x2, 0xef, 0x50, 0x3f, 0xf4, 0x0, 0x2, 0xef,
    0x7f, 0xf4, 0x0, 0x0, 0x2, 0xef, 0xf3, 0x0,
    0x0, 0x0, 0x0, 0x0, 0x0, 0x0, 0x0, 0x0,
    0x0, 0x0, 0x0, 0x0, 0x4, 0xae, 0xfe, 0xb4,
    0x0, 0x8, 0xff, 0xff, 0xff, 0xf8, 0x3, 0xff,
    0xc3, 0x2, 0xaf, 0xf3, 0x6f, 0xf3, 0x0, 0x0,
    0x86, 0x15, 0xff, 0x80, 0x0, 0x0, 0x0, 0xd,
    0xff, 0xea, 0x73, 0x0, 0x0, 0x19, 0xff, 0xff,
    0xfe, 0x50, 0x0, 0x0, 0x47, 0xbf, 0xff, 0x50,
    0x0, 0x0, 0x0, 0x3f, 0xfb, 0x6b, 0xb0, 0x0,
    0x0, 0xef, 0xc8, 0xff, 0xa2, 0x12, 0xaf, 0xf7,
    0xc, 0xff, 0xff, 0xff, 0xfb, 0x0, 0x6, 0xbe,
    0xfe, 0xb5, 0x0,

    /* U+0162 "Ţ" */
    0xff, 0xff, 0xff, 0xff, 0xff, 0xff, 0xf9, 0xff,
    0xff, 0xff, 0xff, 0xff, 0xff, 0xf9, 0x34, 0x44,
    0x4a, 0xff, 0x64, 0x44, 0x42, 0x0, 0x0, 0x8,
    0xff, 0x30, 0x0, 0x0, 0x0, 0x0, 0x8, 0xff,
    0x30, 0x0, 0x0, 0x0, 0x0, 0x8, 0xff, 0x30,
    0x0, 0x0, 0x0, 0x0, 0x8, 0xff, 0x30, 0x0,
    0x0, 0x0, 0x0, 0x8, 0xff, 0x30, 0x0, 0x0,
    0x0, 0x0, 0x8, 0xff, 0x30, 0x0, 0x0, 0x0,
    0x0, 0x8, 0xff, 0x30, 0x0, 0x0, 0x0, 0x0,
    0x8, 0xff, 0x30, 0x0, 0x0, 0x0, 0x0, 0x8,
    0xff, 0x30, 0x0, 0x0, 0x0, 0x0, 0x8, 0xff,
    0x30, 0x0, 0x0, 0x0, 0x0, 0x8, 0xff, 0x30,
    0x0, 0x0, 0x0, 0x0, 0x8, 0xff, 0x30, 0x0,
    0x0, 0x0, 0x0, 0x8, 0xff, 0x30, 0x0, 0x0,
    0x0, 0x0, 0x8, 0xff, 0x30, 0x0, 0x0, 0x0,
    0x0, 0x0, 0xd7, 0x0, 0x0, 0x0, 0x0, 0x0,
    0x0, 0xff, 0xb2, 0x0, 0x0, 0x0, 0x0, 0x0,
    0x35, 0xfa, 0x0, 0x0, 0x0, 0x0, 0x2, 0x46,
    0xf9, 0x0, 0x0, 0x0, 0x0, 0x8, 0xff, 0xc2,
    0x0, 0x0,

    /* U+0163 "ţ" */
    0x0, 0x68, 0x50, 0x0, 0x0, 0xd, 0xfb, 0x0,
    0x0, 0x0, 0xdf, 0xb0, 0x0, 0xc, 0xff, 0xff,
    0xff, 0x50, 0xcf, 0xff, 0xff, 0xf5, 0x0, 0x1d,
    0xfb, 0x11, 0x0, 0x0, 0xdf, 0xb0, 0x0, 0x0,
    0xd, 0xfb, 0x0, 0x0, 0x0, 0xdf, 0xb0, 0x0,
    0x0, 0xd, 0xfb, 0x0, 0x0, 0x0, 0xdf, 0xb0,
    0x0, 0x0, 0xd, 0xfb, 0x0, 0x0, 0x0, 0xdf,
    0xb0, 0x0, 0x0, 0xb, 0xff, 0x42, 0x10, 0x0,
    0x4f, 0xff, 0xf6, 0x0, 0x0, 0x5f, 0xff, 0x80,
    0x0, 0x0, 0x8c, 0x0, 0x0, 0x0, 0xa, 0xff,
    0x70, 0x0, 0x0, 0x12, 0xcf, 0x0, 0x0, 0x4,
    0x4d, 0xe0, 0x0, 0x2, 0xff, 0xd5, 0x0,

    /* U+0164 "Ť" */
    0x0, 0xb, 0xf9, 0x1, 0xdf, 0x80, 0x0, 0x0,
    0x0, 0xbf, 0x9c, 0xf7, 0x0, 0x0, 0x0, 0x0,
    0xb, 0xff, 0x70, 0x0, 0x0, 0x0, 0x0, 0x0,
    0x0, 0x0, 0x0, 0x0, 0x0, 0x0, 0x0, 0x0,
    0x0, 0x0, 0x0, 0xff, 0xff, 0xff, 0xff, 0xff,
    0xff, 0xf9, 0xff, 0xff, 0xff, 0xff, 0xff, 0xff,
    0xf9, 0x34, 0x44, 0x4a, 0xff, 0x64, 0x44, 0x42,
    0x0, 0x0, 0x8, 0xff, 0x30, 0x0, 0x0, 0x0,
    0x0, 0x8, 0xff, 0x30, 0x0, 0x0, 0x0, 0x0,
    0x8, 0xff, 0x30, 0x0, 0x0, 0x0, 0x0, 0x8,
    0xff, 0x30, 0x0, 0x0, 0x0, 0x0, 0x8, 0xff,
    0x30, 0x0, 0x0, 0x0, 0x0, 0x8, 0xff, 0x30,
    0x0, 0x0, 0x0, 0x0, 0x8, 0xff, 0x30, 0x0,
    0x0, 0x0, 0x0, 0x8, 0xff, 0x30, 0x0, 0x0,
    0x0, 0x0, 0x8, 0xff, 0x30, 0x0, 0x0, 0x0,
    0x0, 0x8, 0xff, 0x30, 0x0, 0x0, 0x0, 0x0,
    0x8, 0xff, 0x30, 0x0, 0x0, 0x0, 0x0, 0x8,
    0xff, 0x30, 0x0, 0x0, 0x0, 0x0, 0x8, 0xff,
    0x30, 0x0, 0x0, 0x0, 0x0, 0x8, 0xff, 0x30,
    0x0, 0x0,

    /* U+0165 "ť" */
    0x0, 0x0, 0x0, 0xef, 0x50, 0x0, 0x0, 0xe,
    0xf3, 0x0, 0x12, 0x10, 0xef, 0x10, 0xd, 0xfb,
    0xe, 0xe0, 0x0, 0xdf, 0xb0, 0x54, 0x0, 0xd,
    0xfb, 0x0, 0x0, 0xcf, 0xff, 0xff, 0xf5, 0xc,
    0xff, 0xff, 0xff, 0x50, 0x1, 0xdf, 0xb1, 0x10,
    0x0, 0xd, 0xfb, 0x0, 0x0, 0x0, 0xdf, 0xb0,
    0x0, 0x0, 0xd, 0xfb, 0x0, 0x0, 0x0, 0xdf,
    0xb0, 0x0, 0x0, 0xd, 0xfb, 0x0, 0x0, 0x0,
    0xdf, 0xb0, 0x0, 0x0, 0xd, 0xfb, 0x0, 0x0,
    0x0, 0xbf, 0xf4, 0x21, 0x0, 0x4, 0xff, 0xff,
    0x60, 0x0, 0x5, 0xcf, 0xf8, 0x0,

    /* U+0166 "Ŧ" */
    0xff, 0xff, 0xff, 0xff, 0xff, 0xff, 0xf9, 0xff,
    0xff, 0xff, 0xff, 0xff, 0xff, 0xf9, 0x34, 0x44,
    0x4a, 0xff, 0x64, 0x44, 0x42, 0x0, 0x0, 0x8,
    0xff, 0x30, 0x0, 0x0, 0x0, 0x0, 0x8, 0xff,
    0x30, 0x0, 0x0, 0x0, 0x0, 0x8, 0xff, 0x30,
    0x0, 0x0, 0x0, 0x0, 0x8, 0xff, 0x30, 0x0,
    0x0, 0x0, 0xff, 0xff, 0xff, 0xff, 0xfb, 0x0,
    0x0, 0xff, 0xff, 0xff, 0xff, 0xfb, 0x0, 0x0,
    0x0, 0x8, 0xff, 0x30, 0x0, 0x0, 0x0, 0x0,
    0x8, 0xff, 0x30, 0x0, 0x0, 0x0, 0x0, 0x8,
    0xff, 0x30, 0x0, 0x0, 0x0, 0x0, 0x8, 0xff,
    0x30, 0x0, 0x0, 0x0, 0x0, 0x8, 0xff, 0x30,
    0x0, 0x0, 0x0, 0x0, 0x8, 0xff, 0x30, 0x0,
    0x0, 0x0, 0x0, 0x8, 0xff, 0x30, 0x0, 0x0,
    0x0, 0x0, 0x8, 0xff, 0x30, 0x0, 0x0,

    /* U+0167 "ŧ" */
    0x0, 0xdf, 0xb0, 0x0, 0x0, 0xdf, 0xb0, 0x0,
    0x0, 0xdf, 0xb0, 0x0, 0xcf, 0xff, 0xff, 0xf5,
    0xcf, 0xff, 0xff, 0xf5, 0x1, 0xdf, 0xb1, 0x10,
    0x0, 0xdf, 0xb0, 0x0, 0xbe, 0xff, 0xfe, 0xe4,
    0xcf, 0xff, 0xff, 0xf5, 0x0, 0xdf, 0xb0, 0x0,
    0x0, 0xdf, 0xb0, 0x0, 0x0, 0xdf, 0xb0, 0x0,
    0x0, 0xdf, 0xb0, 0x0, 0x0, 0xbf, 0xf4, 0x21,
    0x0, 0x4f, 0xff, 0xf6, 0x0, 0x4, 0xcf, 0xf8,

    /* U+0168 "Ũ" */
    0x0, 0x0, 0x1c, 0xfb, 0x34, 0xf7, 0x0, 0x0,
    0x0, 0x8, 0xfb, 0xef, 0xff, 0x20, 0x0, 0x0,
    0x0, 0x69, 0x0, 0x68, 0x30, 0x0, 0x0, 0x0,
    0x0, 0x0, 0x0, 0x0, 0x0, 0x0, 0x0, 0x0,
    0x0, 0x0, 0x0, 0x0, 0x0, 0x1, 0xff, 0x90,
    0x0, 0x0, 0x0, 0xd, 0xfd, 0x1f, 0xf9, 0x0,
    0x0, 0x0, 0x0, 0xdf, 0xd1, 0xff, 0x90, 0x0,
    0x0, 0x0, 0xd, 0xfd, 0x1f, 0xf9, 0x0, 0x0,
    0x0, 0x0, 0xdf, 0xd1, 0xff, 0x90, 0x0, 0x0,
    0x0, 0xd, 0xfd, 0x1f, 0xf9, 0x0, 0x0, 0x0,
    0x0, 0xdf, 0xd1, 0xff, 0x90, 0x0, 0x0, 0x0,
    0xd, 0xfd, 0x1f, 0xf9, 0x0, 0x0, 0x0, 0x0,
    0xdf, 0xd1, 0xff, 0x90, 0x0, 0x0, 0x0, 0xd,
    0xfd, 0x1f, 0xf9, 0x0, 0x0, 0x0, 0x0, 0xdf,
    0xd1, 0xff, 0x90, 0x0, 0x0, 0x0, 0xd, 0xfd,
    0xf, 0xfb, 0x0, 0x0, 0x0, 0x0, 0xef, 0xc0,
    0xdf, 0xf1, 0x0, 0x0, 0x0, 0x4f, 0xf9, 0x7,
    0xff, 0xb0, 0x0, 0x0, 0x2e, 0xff, 0x30, 0xc,
    0xff, 0xe8, 0x66, 0x9f, 0xff, 0x90, 0x0, 0x1b,
    0xff, 0xff, 0xff, 0xff, 0x90, 0x0, 0x0, 0x5,
    0xad, 0xff, 0xd9, 0x30, 0x0,

    /* U+0169 "ũ" */
    0x0, 0x2, 0x75, 0x0, 0x66, 0x0, 0x0, 0x1e,
    0xff, 0xeb, 0xfa, 0x0, 0x0, 0x5f, 0x75, 0xbf,
    0xd2, 0x0, 0x0, 0x0, 0x0, 0x0, 0x0, 0x0,
    0x0, 0x0, 0x0, 0x0, 0x0, 0x0, 0x4f, 0xf5,
    0x0, 0x0, 0xe, 0xfb, 0x4f, 0xf5, 0x0, 0x0,
    0xe, 0xfb, 0x4f, 0xf5, 0x0, 0x0, 0xe, 0xfb,
    0x4f, 0xf5, 0x0, 0x0, 0xe, 0xfb, 0x4f, 0xf5,
    0x0, 0x0, 0xe, 0xfb, 0x4f, 0xf5, 0x0, 0x0,
    0xe, 0xfb, 0x4f, 0xf5, 0x0, 0x0, 0xe, 0xfb,
    0x4f, 0xf5, 0x0, 0x0, 0xe, 0xfb, 0x3f, 0xf6,
    0x0, 0x0, 0xf, 0xfb, 0x2f, 0xfb, 0x0, 0x0,
    0x7f, 0xfb, 0xd, 0xff, 0xa4, 0x49, 0xfe, 0xfb,
    0x4, 0xff, 0xff, 0xff, 0x7c, 0xfb, 0x0, 0x3b,
    0xff, 0xc5, 0xc, 0xfb,

    /* U+016A "Ū" */
    0x0, 0x0, 0x5d, 0xdd, 0xdd, 0xd2, 0x0, 0x0,
    0x0, 0x6, 0xff, 0xff, 0xff, 0x30, 0x0, 0x0,
    0x0, 0x0, 0x0, 0x0, 0x0, 0x0, 0x0, 0x0,
    0x0, 0x0, 0x0, 0x0, 0x0, 0x0, 0x0, 0x0,
    0x0, 0x0, 0x0, 0x0, 0x0, 0x1, 0xff, 0x90,
    0x0, 0x0, 0x0, 0xd, 0xfd, 0x1f, 0xf9, 0x0,
    0x0, 0x0, 0x0, 0xdf, 0xd1, 0xff, 0x90, 0x0,
    0x0, 0x0, 0xd, 0xfd, 0x1f, 0xf9, 0x0, 0x0,
    0x0, 0x0, 0xdf, 0xd1, 0xff, 0x90, 0x0, 0x0,
    0x0, 0xd, 0xfd, 0x1f, 0xf9, 0x0, 0x0, 0x0,
    0x0, 0xdf, 0xd1, 0xff, 0x90, 0x0, 0x0, 0x0,
    0xd, 0xfd, 0x1f, 0xf9, 0x0, 0x0, 0x0, 0x0,
    0xdf, 0xd1, 0xff, 0x90, 0x0, 0x0, 0x0, 0xd,
    0xfd, 0x1f, 0xf9, 0x0, 0x0, 0x0, 0x0, 0xdf,
    0xd1, 0xff, 0x90, 0x0, 0x0, 0x0, 0xd, 0xfd,
    0xf, 0xfb, 0x0, 0x0, 0x0, 0x0, 0xef, 0xc0,
    0xdf, 0xf1, 0x0, 0x0, 0x0, 0x4f, 0xf9, 0x7,
    0xff, 0xb0, 0x0, 0x0, 0x2e, 0xff, 0x30, 0xc,
    0xff, 0xe8, 0x66, 0x9f, 0xff, 0x90, 0x0, 0x1b,
    0xff, 0xff, 0xff, 0xff, 0x90, 0x0, 0x0, 0x5,
    0xad, 0xff, 0xd9, 0x30, 0x0,

    /* U+016B "ū" */
    0x0, 0x1f, 0xff, 0xff, 0xf8, 0x0, 0x0, 0x1d,
    0xdd, 0xdd, 0xd6, 0x0, 0x0, 0x0, 0x0, 0x0,
    0x0, 0x0, 0x0, 0x0, 0x0, 0x0, 0x0, 0x0,
    0x4f, 0xf5, 0x0, 0x0, 0xe, 0xfb, 0x4f, 0xf5,
    0x0, 0x0, 0xe, 0xfb, 0x4f, 0xf5, 0x0, 0x0,
    0xe, 0xfb, 0x4f, 0xf5, 0x0, 0x0, 0xe, 0xfb,
    0x4f, 0xf5, 0x0, 0x0, 0xe, 0xfb, 0x4f, 0xf5,
    0x0, 0x0, 0xe, 0xfb, 0x4f, 0xf5, 0x0, 0x0,
    0xe, 0xfb, 0x4f, 0xf5, 0x0, 0x0, 0xe, 0xfb,
    0x3f, 0xf6, 0x0, 0x0, 0xf, 0xfb, 0x2f, 0xfb,
    0x0, 0x0, 0x7f, 0xfb, 0xd, 0xff, 0xa4, 0x49,
    0xfe, 0xfb, 0x4, 0xff, 0xff, 0xff, 0x7c, 0xfb,
    0x0, 0x3b, 0xff, 0xc5, 0xc, 0xfb,

    /* U+016C "Ŭ" */
    0x0, 0x0, 0x57, 0x0, 0x2, 0x83, 0x0, 0x0,
    0x0, 0x8, 0xf4, 0x0, 0x8f, 0x50, 0x0, 0x0,
    0x0, 0x2f, 0xfa, 0xbf, 0xd0, 0x0, 0x0, 0x0,
    0x0, 0x2b, 0xfe, 0x91, 0x0, 0x0, 0x0, 0x0,
    0x0, 0x0, 0x0, 0x0, 0x0, 0x0, 0x0, 0x0,
    0x0, 0x0, 0x0, 0x0, 0x0, 0x1f, 0xf9, 0x0,
    0x0, 0x0, 0x0, 0xdf, 0xd1, 0xff, 0x90, 0x0,
    0x0, 0x0, 0xd, 0xfd, 0x1f, 0xf9, 0x0, 0x0,
    0x0, 0x0, 0xdf, 0xd1, 0xff, 0x90, 0x0, 0x0,
    0x0, 0xd, 0xfd, 0x1f, 0xf9, 0x0, 0x0, 0x0,
    0x0, 0xdf, 0xd1, 0xff, 0x90, 0x0, 0x0, 0x0,
    0xd, 0xfd, 0x1f, 0xf9, 0x0, 0x0, 0x0, 0x0,
    0xdf, 0xd1, 0xff, 0x90, 0x0, 0x0, 0x0, 0xd,
    0xfd, 0x1f, 0xf9, 0x0, 0x0, 0x0, 0x0, 0xdf,
    0xd1, 0xff, 0x90, 0x0, 0x0, 0x0, 0xd, 0xfd,
    0x1f, 0xf9, 0x0, 0x0, 0x0, 0x0, 0xdf, 0xd0,
    0xff, 0xb0, 0x0, 0x0, 0x0, 0xe, 0xfc, 0xd,
    0xff, 0x10, 0x0, 0x0, 0x4, 0xff, 0x90, 0x7f,
    0xfb, 0x0, 0x0, 0x2, 0xef, 0xf3, 0x0, 0xcf,
    0xfe, 0x86, 0x69, 0xff, 0xf9, 0x0, 0x1, 0xbf,
    0xff, 0xff, 0xff, 0xf9, 0x0, 0x0, 0x0, 0x5a,
    0xdf, 0xfd, 0x93, 0x0, 0x0,

    /* U+016D "ŭ" */
    0x0, 0x4f, 0x80, 0x1, 0xfc, 0x0, 0x0, 0xd,
    0xfb, 0xae, 0xf5, 0x0, 0x0, 0x1, 0x9e, 0xfc,
    0x50, 0x0, 0x0, 0x0, 0x0, 0x0, 0x0, 0x0,
    0x0, 0x0, 0x0, 0x0, 0x0, 0x0, 0x4f, 0xf5,
    0x0, 0x0, 0xe, 0xfb, 0x4f, 0xf5, 0x0, 0x0,
    0xe, 0xfb, 0x4f, 0xf5, 0x0, 0x0, 0xe, 0xfb,
    0x4f, 0xf5, 0x0, 0x0, 0xe, 0xfb, 0x4f, 0xf5,
    0x0, 0x0, 0xe, 0xfb, 0x4f, 0xf5, 0x0, 0x0,
    0xe, 0xfb, 0x4f, 0xf5, 0x0, 0x0, 0xe, 0xfb,
    0x4f, 0xf5, 0x0, 0x0, 0xe, 0xfb, 0x3f, 0xf6,
    0x0, 0x0, 0xf, 0xfb, 0x2f, 0xfb, 0x0, 0x0,
    0x7f, 0xfb, 0xd, 0xff, 0xa4, 0x49, 0xfe, 0xfb,
    0x4, 0xff, 0xff, 0xff, 0x7c, 0xfb, 0x0, 0x3b,
    0xff, 0xc5, 0xc, 0xfb,

    /* U+016E "Ů" */
    0x0, 0x0, 0x0, 0x1, 0x0, 0x0, 0x0, 0x0,
    0x0, 0x0, 0x2c, 0xff, 0xa0, 0x0, 0x0, 0x0,
    0x0, 0xc, 0xf7, 0x8f, 0x90, 0x0, 0x0, 0x0,
    0x2, 0xf9, 0x0, 0xcf, 0x0, 0x0, 0x0, 0x0,
    0x2f, 0x80, 0xb, 0xf0, 0x0, 0x0, 0x0, 0x0,
    0xee, 0x45, 0xfa, 0x0, 0x0, 0x0, 0x0, 0x3,
    0xef, 0xfd, 0x10, 0x0, 0x0, 0x0, 0x0, 0x0,
    0x43, 0x0, 0x0, 0x0, 0x1f, 0xf9, 0x0, 0x0,
    0x0, 0x0, 0xdf, 0xd1, 0xff, 0x90, 0x0, 0x0,
    0x0, 0xd, 0xfd, 0x1f, 0xf9, 0x0, 0x0, 0x0,
    0x0, 0xdf, 0xd1, 0xff, 0x90, 0x0, 0x0, 0x0,
    0xd, 0xfd, 0x1f, 0xf9, 0x0, 0x0, 0x0, 0x0,
    0xdf, 0xd1, 0xff, 0x90, 0x0, 0x0, 0x0, 0xd,
    0xfd, 0x1f, 0xf9, 0x0, 0x0, 0x0, 0x0, 0xdf,
    0xd1, 0xff, 0x90, 0x0, 0x0, 0x0, 0xd, 0xfd,
    0x1f, 0xf9, 0x0, 0x0, 0x0, 0x0, 0xdf, 0xd1,
    0xff, 0x90, 0x0, 0x0, 0x0, 0xd, 0xfd, 0x1f,
    0xf9, 0x0, 0x0, 0x0, 0x0, 0xdf, 0xd0, 0xff,
    0xb0, 0x0, 0x0, 0x0, 0xe, 0xfc, 0xd, 0xff,
    0x10, 0x0, 0x0, 0x4, 0xff, 0x90, 0x7f, 0xfb,
    0x0, 0x0, 0x2, 0xef, 0xf3, 0x0, 0xcf, 0xfe,
    0x86, 0x69, 0xff, 0xf9, 0x0, 0x1, 0xbf, 0xff,
    0xff, 0xff, 0xf9, 0x0, 0x0, 0x0, 0x5a, 0xdf,
    0xfd, 0x93, 0x0, 0x0,

    /* U+016F "ů" */
    0x0, 0x0, 0x16, 0x73, 0x0, 0x0, 0x0, 0x3,
    0xef, 0xff, 0x90, 0x0, 0x0, 0xc, 0xf3, 0x1a,
    0xf3, 0x0, 0x0, 0xd, 0xd0, 0x6, 0xf4, 0x0,
    0x0, 0x8, 0xfb, 0x8f, 0xe0, 0x0, 0x0, 0x0,
    0x8e, 0xfb, 0x20, 0x0, 0x0, 0x0, 0x0, 0x0,
    0x0, 0x0, 0x4f, 0xf5, 0x0, 0x0, 0xe, 0xfb,
    0x4f, 0xf5, 0x0, 0x0, 0xe, 0xfb, 0x4f, 0xf5,
    0x0, 0x0, 0xe, 0xfb, 0x4f, 0xf5, 0x0, 0x0,
    0xe, 0xfb, 0x4f, 0xf5, 0x0, 0x0, 0xe, 0xfb,
    0x4f, 0xf5, 0x0, 0x0, 0xe, 0xfb, 0x4f, 0xf5,
    0x0, 0x0, 0xe, 0xfb, 0x4f, 0xf5, 0x0, 0x0,
    0xe, 0xfb, 0x3f, 0xf6, 0x0, 0x0, 0xf, 0xfb,
    0x2f, 0xfb, 0x0, 0x0, 0x7f, 0xfb, 0xd, 0xff,
    0xa4, 0x49, 0xfe, 0xfb, 0x4, 0xff, 0xff, 0xff,
    0x7c, 0xfb, 0x0, 0x3b, 0xff, 0xc5, 0xc, 0xfb,

    /* U+0170 "Ű" */
    0x0, 0x0, 0x4, 0x65, 0x1, 0x66, 0x20, 0x0,
    0x0, 0x0, 0xff, 0x60, 0xaf, 0xd0, 0x0, 0x0,
    0x0, 0x6f, 0xd0, 0x3f, 0xf2, 0x0, 0x0, 0x0,
    0xc, 0xf4, 0xc, 0xf5, 0x0, 0x0, 0x0, 0x0,
    0x0, 0x0, 0x0, 0x0, 0x0, 0x0, 0x0, 0x0,
    0x0, 0x0, 0x0, 0x0, 0x0, 0x1f, 0xf9, 0x0,
    0x0, 0x0, 0x0, 0xdf, 0xd1, 0xff, 0x90, 0x0,
    0x0, 0x0, 0xd, 0xfd, 0x1f, 0xf9, 0x0, 0x0,
    0x0, 0x0, 0xdf, 0xd1, 0xff, 0x90, 0x0, 0x0,
    0x0, 0xd, 0xfd, 0x1f, 0xf9, 0x0, 0x0, 0x0,
    0x0, 0xdf, 0xd1, 0xff, 0x90, 0x0, 0x0, 0x0,
    0xd, 0xfd, 0x1f, 0xf9, 0x0, 0x0, 0x0, 0x0,
    0xdf, 0xd1, 0xff, 0x90, 0x0, 0x0, 0x0, 0xd,
    0xfd, 0x1f, 0xf9, 0x0, 0x0, 0x0, 0x0, 0xdf,
    0xd1, 0xff, 0x90, 0x0, 0x0, 0x0, 0xd, 0xfd,
    0x1f, 0xf9, 0x0, 0x0, 0x0, 0x0, 0xdf, 0xd0,
    0xff, 0xb0, 0x0, 0x0, 0x0, 0xe, 0xfc, 0xd,
    0xff, 0x10, 0x0, 0x0, 0x4, 0xff, 0x90, 0x7f,
    0xfb, 0x0, 0x0, 0x2, 0xef, 0xf3, 0x0, 0xcf,
    0xfe, 0x86, 0x69, 0xff, 0xf9, 0x0, 0x1, 0xbf,
    0xff, 0xff, 0xff, 0xf9, 0x0, 0x0, 0x0, 0x5a,
    0xdf, 0xfd, 0x93, 0x0, 0x0,

    /* U+0171 "ű" */
    0x0, 0x8, 0xfe, 0x11, 0xff, 0x80, 0x0, 0xe,
    0xf6, 0xa, 0xfb, 0x0, 0x0, 0x4f, 0xd0, 0x3f,
    0xe1, 0x0, 0x0, 0x47, 0x30, 0x47, 0x20, 0x0,
    0x0, 0x0, 0x0, 0x0, 0x0, 0x0, 0x4f, 0xf5,
    0x0, 0x0, 0xe, 0xfb, 0x4f, 0xf5, 0x0, 0x0,
    0xe, 0xfb, 0x4f, 0xf5, 0x0, 0x0, 0xe, 0xfb,
    0x4f, 0xf5, 0x0, 0x0, 0xe, 0xfb, 0x4f, 0xf5,
    0x0, 0x0, 0xe, 0xfb, 0x4f, 0xf5, 0x0, 0x0,
    0xe, 0xfb, 0x4f, 0xf5, 0x0, 0x0, 0xe, 0xfb,
    0x4f, 0xf5, 0x0, 0x0, 0xe, 0xfb, 0x3f, 0xf6,
    0x0, 0x0, 0xf, 0xfb, 0x2f, 0xfb, 0x0, 0x0,
    0x7f, 0xfb, 0xd, 0xff, 0xa4, 0x49, 0xfe, 0xfb,
    0x4, 0xff, 0xff, 0xff, 0x7c, 0xfb, 0x0, 0x3b,
    0xff, 0xc5, 0xc, 0xfb,

    /* U+0172 "Ų" */
    0x1f, 0xf9, 0x0, 0x0, 0x0, 0x0, 0xdf, 0xd1,
    0xff, 0x90, 0x0, 0x0, 0x0, 0xd, 0xfd, 0x1f,
    0xf9, 0x0, 0x0, 0x0, 0x0, 0xdf, 0xd1, 0xff,
    0x90, 0x0, 0x0, 0x0, 0xd, 0xfd, 0x1f, 0xf9,
    0x0, 0x0, 0x0, 0x0, 0xdf, 0xd1, 0xff, 0x90,
    0x0, 0x0, 0x0, 0xd, 0xfd, 0x1f, 0xf9, 0x0,
    0x0, 0x0, 0x0, 0xdf, 0xd1, 0xff, 0x90, 0x0,
    0x0, 0x0, 0xd, 0xfd, 0x1f, 0xf9, 0x0, 0x0,
    0x0, 0x0, 0xdf, 0xd1, 0xff, 0x90, 0x0, 0x0,
    0x0, 0xd, 0xfd, 0x1f, 0xf9, 0x0, 0x0, 0x0,
    0x0, 0xdf, 0xd0, 0xff, 0xb0, 0x0, 0x0, 0x0,
    0xe, 0xff, 0xd, 0xff, 0x10, 0x0, 0x0, 0x4,
    0xff, 0xf0, 0x7f, 0xfb, 0x0, 0x0, 0x2, 0xef,
    0xf8, 0x0, 0xcf, 0xfe, 0x86, 0x69, 0xff, 0xff,
    0x0, 0x1, 0xbf, 0xff, 0xff, 0xff, 0xff, 0x10,
    0x0, 0x0, 0x5a, 0xdf, 0xff, 0xfb, 0x0, 0x0,
    0x0, 0x0, 0x1, 0xbf, 0xa1, 0x0, 0x0, 0x0,
    0x0, 0x0, 0xdf, 0x80, 0x0, 0x0, 0x0, 0x0,
    0x0, 0x2f, 0xf5, 0x0, 0x0, 0x0, 0x0, 0x0,
    0x0, 0xff, 0xfe, 0x70, 0x0, 0x0, 0x0, 0x0,
    0x4, 0xcf, 0xd7, 0x0, 0x0,

    /* U+0173 "ų" */
    0x4f, 0xf5, 0x0, 0x0, 0xe, 0xfb, 0x4, 0xff,
    0x50, 0x0, 0x0, 0xef, 0xb0, 0x4f, 0xf5, 0x0,
    0x0, 0xe, 0xfb, 0x4, 0xff, 0x50, 0x0, 0x0,
    0xef, 0xb0, 0x4f, 0xf5, 0x0, 0x0, 0xe, 0xfb,
    0x4, 0xff, 0x50, 0x0, 0x0, 0xef, 0xb0, 0x4f,
    0xf5, 0x0, 0x0, 0xe, 0xfb, 0x4, 0xff, 0x50,
    0x0, 0x0, 0xef, 0xb0, 0x3f, 0xf6, 0x0, 0x0,
    0xf, 0xfb, 0x2, 0xff, 0xb0, 0x0, 0x7, 0xff,
    0xb0, 0xd, 0xff, 0xa4, 0x49, 0xfe, 0xfb, 0x0,
    0x4f, 0xff, 0xff, 0xf7, 0xcf, 0xb0, 0x0, 0x3b,
    0xff, 0xc5, 0xf, 0xfd, 0x0, 0x0, 0x0, 0x0,
    0xb, 0xfc, 0x10, 0x0, 0x0, 0x0, 0x6, 0xfe,
    0x0, 0x0, 0x0, 0x0, 0x0, 0xaf, 0xd0, 0x0,
    0x0, 0x0, 0x0, 0x7, 0xff, 0xee, 0x10, 0x0,
    0x0, 0x0, 0x8, 0xef, 0xc2,

    /* U+0174 "Ŵ" */
    0x0, 0x0, 0x0, 0x0, 0x0, 0x9f, 0xfa, 0x0,
    0x0, 0x0, 0x0, 0x0, 0x0, 0x0, 0x0, 0x0,
    0x9, 0xfb, 0xaf, 0xa0, 0x0, 0x0, 0x0, 0x0,
    0x0, 0x0, 0x0, 0x0, 0x9f, 0xc0, 0xb, 0xf9,
    0x0, 0x0, 0x0, 0x0, 0x0, 0x0, 0x0, 0x0,
    0x0, 0x0, 0x0, 0x0, 0x0, 0x0, 0x0, 0x0,
    0x0, 0x0, 0x0, 0x0, 0x0, 0x0, 0x0, 0x0,
    0x0, 0x0, 0x0, 0x0, 0x4f, 0xf8, 0x0, 0x0,
    0x0, 0x8f, 0xfa, 0x0, 0x0, 0x0, 0x7f, 0xf5,
    0xf, 0xfc, 0x0, 0x0, 0x0, 0xdf, 0xfe, 0x0,
    0x0, 0x0, 0xcf, 0xf1, 0xb, 0xff, 0x10, 0x0,
    0x1, 0xff, 0xff, 0x20, 0x0, 0x0, 0xff, 0xc0,
    0x6, 0xff, 0x50, 0x0, 0x5, 0xfe, 0xef, 0x60,
    0x0, 0x4, 0xff, 0x70, 0x2, 0xff, 0x90, 0x0,
    0x9, 0xfb, 0xbf, 0xa0, 0x0, 0x8, 0xff, 0x30,
    0x0, 0xef, 0xd0, 0x0, 0xe, 0xf8, 0x7f, 0xe0,
    0x0, 0xc, 0xfe, 0x0, 0x0, 0x9f, 0xf1, 0x0,
    0x2f, 0xf4, 0x3f, 0xf3, 0x0, 0xf, 0xfa, 0x0,
    0x0, 0x5f, 0xf5, 0x0, 0x6f, 0xf0, 0xf, 0xf7,
    0x0, 0x4f, 0xf5, 0x0, 0x0, 0xf, 0xf9, 0x0,
    0xaf, 0xc0, 0xb, 0xfb, 0x0, 0x8f, 0xf1, 0x0,
    0x0, 0xc, 0xfd, 0x0, 0xef, 0x70, 0x6, 0xff,
    0x0, 0xcf, 0xd0, 0x0, 0x0, 0x7, 0xff, 0x13,
    0xff, 0x30, 0x2, 0xff, 0x30, 0xff, 0x80, 0x0,
    0x0, 0x3, 0xff, 0x57, 0xfe, 0x0, 0x0, 0xef,
    0x74, 0xff, 0x40, 0x0, 0x0, 0x0, 0xef, 0x8a,
    0xfa, 0x0, 0x0, 0x9f, 0xb7, 0xff, 0x0, 0x0,
    0x0, 0x0, 0xaf, 0xbd, 0xf6, 0x0, 0x0, 0x5f,
    0xeb, 0xfb, 0x0, 0x0, 0x0, 0x0, 0x5f, 0xff,
    0xf1, 0x0, 0x0, 0x1f, 0xff, 0xf6, 0x0, 0x0,
    0x0, 0x0, 0x1f, 0xff, 0xd0, 0x0, 0x0, 0xc,
    0xff, 0xf2, 0x0, 0x0, 0x0, 0x0, 0xd, 0xff,
    0x80, 0x0, 0x0, 0x7, 0xff, 0xd0, 0x0, 0x0,

    /* U+0175 "ŵ" */
    0x0, 0x0, 0x0, 0x0, 0x9f, 0xf7, 0x0, 0x0,
    0x0, 0x0, 0x0, 0x0, 0x0, 0x7, 0xfc, 0xef,
    0x50, 0x0, 0x0, 0x0, 0x0, 0x0, 0x0, 0x5f,
    0xe1, 0x3f, 0xf3, 0x0, 0x0, 0x0, 0x0, 0x0,
    0x0, 0x78, 0x30, 0x4, 0x86, 0x0, 0x0, 0x0,
    0x0, 0x0, 0x0, 0x0, 0x0, 0x0, 0x0, 0x0,
    0x0, 0x0, 0x2f, 0xf8, 0x0, 0x0, 0x7f, 0xf6,
    0x0, 0x0, 0xaf, 0xf1, 0xd, 0xfc, 0x0, 0x0,
    0xbf, 0xfa, 0x0, 0x0, 0xef, 0xc0, 0x9, 0xff,
    0x10, 0x0, 0xff, 0xfe, 0x0, 0x2, 0xff, 0x70,
    0x4, 0xff, 0x50, 0x4, 0xfd, 0xef, 0x20, 0x7,
    0xff, 0x20, 0x0, 0xff, 0x90, 0x8, 0xf9, 0xaf,
    0x70, 0xb, 0xfd, 0x0, 0x0, 0xaf, 0xd0, 0xc,
    0xf5, 0x6f, 0xb0, 0xf, 0xf8, 0x0, 0x0, 0x5f,
    0xf1, 0x1f, 0xf1, 0x2f, 0xf0, 0x3f, 0xf4, 0x0,
    0x0, 0x1f, 0xf5, 0x5f, 0xc0, 0xe, 0xf3, 0x7f,
    0xe0, 0x0, 0x0, 0xc, 0xf9, 0x8f, 0x70, 0x9,
    0xf6, 0xbf, 0xa0, 0x0, 0x0, 0x7, 0xfd, 0xcf,
    0x30, 0x5, 0xfa, 0xef, 0x50, 0x0, 0x0, 0x2,
    0xff, 0xfe, 0x0, 0x0, 0xff, 0xff, 0x0, 0x0,
    0x0, 0x0, 0xdf, 0xfa, 0x0, 0x0, 0xbf, 0xfb,
    0x0, 0x0, 0x0, 0x0, 0x8f, 0xf5, 0x0, 0x0,
    0x7f, 0xf6, 0x0, 0x0,

    /* U+0176 "Ŷ" */
    0x0, 0x0, 0x0, 0x2, 0x31, 0x0, 0x0, 0x0,
    0x0, 0x0, 0x0, 0x6, 0xff, 0xe2, 0x0, 0x0,
    0x0, 0x0, 0x0, 0x5, 0xfe, 0x6f, 0xe1, 0x0,
    0x0, 0x0, 0x0, 0x4, 0xff, 0x30, 0x7f, 0xd1,
    0x0, 0x0, 0x0, 0x0, 0x12, 0x10, 0x0, 0x12,
    0x0, 0x0, 0x0, 0x0, 0x0, 0x0, 0x0, 0x0,
    0x0, 0x0, 0x0, 0x2f, 0xfe, 0x10, 0x0, 0x0,
    0x0, 0x4f, 0xfc, 0x0, 0x7f, 0xfa, 0x0, 0x0,
    0x0, 0xd, 0xff, 0x20, 0x0, 0xdf, 0xf3, 0x0,
    0x0, 0x7, 0xff, 0x80, 0x0, 0x3, 0xff, 0xd0,
    0x0, 0x2, 0xff, 0xe0, 0x0, 0x0, 0x9, 0xff,
    0x70, 0x0, 0xbf, 0xf4, 0x0, 0x0, 0x0, 0xe,
    0xff, 0x10, 0x4f, 0xfa, 0x0, 0x0, 0x0, 0x0,
    0x5f, 0xf9, 0xd, 0xff, 0x10, 0x0, 0x0, 0x0,
    0x0, 0xbf, 0xf7, 0xff, 0x60, 0x0, 0x0, 0x0,
    0x0, 0x1, 0xff, 0xff, 0xc0, 0x0, 0x0, 0x0,
    0x0, 0x0, 0x6, 0xff, 0xf2, 0x0, 0x0, 0x0,
    0x0, 0x0, 0x0, 0xf, 0xfb, 0x0, 0x0, 0x0,
    0x0, 0x0, 0x0, 0x0, 0xff, 0xb0, 0x0, 0x0,
    0x0, 0x0, 0x0, 0x0, 0xf, 0xfb, 0x0, 0x0,
    0x0, 0x0, 0x0, 0x0, 0x0, 0xff, 0xb0, 0x0,
    0x0, 0x0, 0x0, 0x0, 0x0, 0xf, 0xfb, 0x0,
    0x0, 0x0, 0x0, 0x0, 0x0, 0x0, 0xff, 0xb0,
    0x0, 0x0, 0x0, 0x0, 0x0, 0x0, 0xf, 0xfb,
    0x0, 0x0, 0x0, 0x0,

    /* U+0177 "ŷ" */
    0x0, 0x0, 0xa, 0xff, 0x70, 0x0, 0x0, 0x0,
    0x0, 0x8f, 0xce, 0xf4, 0x0, 0x0, 0x0, 0x6,
    0xfe, 0x13, 0xff, 0x30, 0x0, 0x0, 0x7, 0x83,
    0x0, 0x48, 0x60, 0x0, 0x0, 0x0, 0x0, 0x0,
    0x0, 0x0, 0x0, 0x4f, 0xf8, 0x0, 0x0, 0x0,
    0xaf, 0xf1, 0xe, 0xfd, 0x0, 0x0, 0x1, 0xff,
    0xb0, 0x8, 0xff, 0x30, 0x0, 0x6, 0xff, 0x40,
    0x2, 0xff, 0x80, 0x0, 0xc, 0xfe, 0x0, 0x0,
    0xbf, 0xe0, 0x0, 0x1f, 0xf8, 0x0, 0x0, 0x5f,
    0xf4, 0x0, 0x7f, 0xf2, 0x0, 0x0, 0xf, 0xf9,
    0x0, 0xdf, 0xc0, 0x0, 0x0, 0x9, 0xfe, 0x2,
    0xff, 0x60, 0x0, 0x0, 0x3, 0xff, 0x47, 0xff,
    0x0, 0x0, 0x0, 0x0, 0xdf, 0x8c, 0xfa, 0x0,
    0x0, 0x0, 0x0, 0x7f, 0xdf, 0xf3, 0x0, 0x0,
    0x0, 0x0, 0x1f, 0xff, 0xd0, 0x0, 0x0, 0x0,
    0x0, 0xb, 0xff, 0x70, 0x0, 0x0, 0x0, 0x0,
    0x9, 0xff, 0x10, 0x0, 0x0, 0x0, 0x0, 0xe,
    0xfb, 0x0, 0x0, 0x0, 0x0, 0x43, 0xaf, 0xf3,
    0x0, 0x0, 0x0, 0x1, 0xff, 0xff, 0x90, 0x0,
    0x0, 0x0, 0x4, 0xef, 0xd7, 0x0, 0x0, 0x0,
    0x0,

    /* U+0178 "Ÿ" */
    0x0, 0x0, 0x3e, 0xc0, 0x3, 0xec, 0x10, 0x0,
    0x0, 0x0, 0x9, 0xff, 0x40, 0x9f, 0xf5, 0x0,
    0x0, 0x0, 0x0, 0x3d, 0xb0, 0x3, 0xdb, 0x0,
    0x0, 0x0, 0x0, 0x0, 0x0, 0x0, 0x0, 0x0,
    0x0, 0x0, 0x0, 0x0, 0x0, 0x0, 0x0, 0x0,
    0x0, 0x0, 0x2, 0xff, 0xe1, 0x0, 0x0, 0x0,
    0x4, 0xff, 0xc0, 0x7, 0xff, 0xa0, 0x0, 0x0,
    0x0, 0xdf, 0xf2, 0x0, 0xd, 0xff, 0x30, 0x0,
    0x0, 0x7f, 0xf8, 0x0, 0x0, 0x3f, 0xfd, 0x0,
    0x0, 0x2f, 0xfe, 0x0, 0x0, 0x0, 0x9f, 0xf7,
    0x0, 0xb, 0xff, 0x40, 0x0, 0x0, 0x0, 0xef,
    0xf1, 0x4, 0xff, 0xa0, 0x0, 0x0, 0x0, 0x5,
    0xff, 0x90, 0xdf, 0xf1, 0x0, 0x0, 0x0, 0x0,
    0xb, 0xff, 0x7f, 0xf6, 0x0, 0x0, 0x0, 0x0,
    0x0, 0x1f, 0xff, 0xfc, 0x0, 0x0, 0x0, 0x0,
    0x0, 0x0, 0x6f, 0xff, 0x20, 0x0, 0x0, 0x0,
    0x0, 0x0, 0x0, 0xff, 0xb0, 0x0, 0x0, 0x0,
    0x0, 0x0, 0x0, 0xf, 0xfb, 0x0, 0x0, 0x0,
    0x0, 0x0, 0x0, 0x0, 0xff, 0xb0, 0x0, 0x0,
    0x0, 0x0, 0x0, 0x0, 0xf, 0xfb, 0x0, 0x0,
    0x0, 0x0, 0x0, 0x0, 0x0, 0xff, 0xb0, 0x0,
    0x0, 0x0, 0x0, 0x0, 0x0, 0xf, 0xfb, 0x0,
    0x0, 0x0, 0x0, 0x0, 0x0, 0x0, 0xff, 0xb0,
    0x0, 0x0, 0x0,

    /* U+0179 "Ź" */
    0x0, 0x0, 0x0, 0xe, 0xf9, 0x0, 0x0, 0x0,
    0x0, 0x6, 0xfe, 0x0, 0x0, 0x0, 0x0, 0x0,
    0xef, 0x40, 0x0, 0x0, 0x0, 0x0, 0x16, 0x50,
    0x0, 0x0, 0x0, 0x0, 0x0, 0x0, 0x0, 0x0,
    0x9, 0xff, 0xff, 0xff, 0xff, 0xff, 0xfe, 0x9f,
    0xff, 0xff, 0xff, 0xff, 0xff, 0xe2, 0x33, 0x33,
    0x33, 0x33, 0x9f, 0xf5, 0x0, 0x0, 0x0, 0x0,
    0x3f, 0xfa, 0x0, 0x0, 0x0, 0x0, 0x1e, 0xfe,
    0x10, 0x0, 0x0, 0x0, 0xa, 0xff, 0x40, 0x0,
    0x0, 0x0, 0x5, 0xff, 0x80, 0x0, 0x0, 0x0,
    0x1, 0xff, 0xd0, 0x0, 0x0, 0x0, 0x0, 0xcf,
    0xf2, 0x0, 0x0, 0x0, 0x0, 0x7f, 0xf7, 0x0,
    0x0, 0x0, 0x0, 0x3f, 0xfb, 0x0, 0x0, 0x0,
    0x0, 0xd, 0xfe, 0x10, 0x0, 0x0, 0x0, 0x9,
    0xff, 0x50, 0x0, 0x0, 0x0, 0x4, 0xff, 0x80,
    0x0, 0x0, 0x0, 0x1, 0xef, 0xd3, 0x33, 0x33,
    0x33, 0x33, 0x8f, 0xff, 0xff, 0xff, 0xff, 0xff,
    0xf8, 0xff, 0xff, 0xff, 0xff, 0xff, 0xff,

    /* U+017A "ź" */
    0x0, 0x0, 0x1, 0xff, 0x80, 0x0, 0x0, 0x0,
    0x8f, 0xd0, 0x0, 0x0, 0x0, 0xe, 0xf3, 0x0,
    0x0, 0x0, 0x2, 0x74, 0x0, 0x0, 0x0, 0x0,
    0x0, 0x0, 0x0, 0x5, 0xff, 0xff, 0xff, 0xff,
    0xfb, 0x5f, 0xff, 0xff, 0xff, 0xff, 0xb1, 0x44,
    0x44, 0x44, 0xdf, 0xf4, 0x0, 0x0, 0x0, 0x7f,
    0xf7, 0x0, 0x0, 0x0, 0x4f, 0xfb, 0x0, 0x0,
    0x0, 0x1e, 0xfe, 0x10, 0x0, 0x0, 0xc, 0xff,
    0x30, 0x0, 0x0, 0x9, 0xff, 0x60, 0x0, 0x0,
    0x5, 0xff, 0xa0, 0x0, 0x0, 0x3, 0xff, 0xd0,
    0x0, 0x0, 0x1, 0xdf, 0xf7, 0x44, 0x44, 0x44,
    0x8f, 0xff, 0xff, 0xff, 0xff, 0xf8, 0xff, 0xff,
    0xff, 0xff, 0xff,

    /* U+017B "Ż" */
    0x0, 0x0, 0x6, 0xfb, 0x0, 0x0, 0x0, 0x0,
    0x0, 0xdf, 0xf4, 0x0, 0x0, 0x0, 0x0, 0x6,
    0xfb, 0x0, 0x0, 0x0, 0x0, 0x0, 0x0, 0x0,
    0x0, 0x0, 0x0, 0x0, 0x0, 0x0, 0x0, 0x0,
    0x9, 0xff, 0xff, 0xff, 0xff, 0xff, 0xfe, 0x9f,
    0xff, 0xff, 0xff, 0xff, 0xff, 0xe2, 0x33, 0x33,
    0x33, 0x33, 0x9f, 0xf5, 0x0, 0x0, 0x0, 0x0,
    0x3f, 0xfa, 0x0, 0x0, 0x0, 0x0, 0x1e, 0xfe,
    0x10, 0x0, 0x0, 0x0, 0xa, 0xff, 0x40, 0x0,
    0x0, 0x0, 0x5, 0xff, 0x80, 0x0, 0x0, 0x0,
    0x1, 0xff, 0xd0, 0x0, 0x0, 0x0, 0x0, 0xcf,
    0xf2, 0x0, 0x0, 0x0, 0x0, 0x7f, 0xf7, 0x0,
    0x0, 0x0, 0x0, 0x3f, 0xfb, 0x0, 0x0, 0x0,
    0x0, 0xd, 0xfe, 0x10, 0x0, 0x0, 0x0, 0x9,
    0xff, 0x50, 0x0, 0x0, 0x0, 0x4, 0xff, 0x80,
    0x0, 0x0, 0x0, 0x1, 0xef, 0xd3, 0x33, 0x33,
    0x33, 0x33, 0x8f, 0xff, 0xff, 0xff, 0xff, 0xff,
    0xf8, 0xff, 0xff, 0xff, 0xff, 0xff, 0xff,

    /* U+017C "ż" */
    0x0, 0x0, 0x17, 0x30, 0x0, 0x0, 0x0, 0xd,
    0xff, 0x10, 0x0, 0x0, 0x0, 0xdf, 0xf1, 0x0,
    0x0, 0x0, 0x1, 0x73, 0x0, 0x0, 0x0, 0x0,
    0x0, 0x0, 0x0, 0x5, 0xff, 0xff, 0xff, 0xff,
    0xfb, 0x5f, 0xff, 0xff, 0xff, 0xff, 0xb1, 0x44,
    0x44, 0x44, 0xdf, 0xf4, 0x0, 0x0, 0x0, 0x7f,
    0xf7, 0x0, 0x0, 0x0, 0x4f, 0xfb, 0x0, 0x0,
    0x0, 0x1e, 0xfe, 0x10, 0x0, 0x0, 0xc, 0xff,
    0x30, 0x0, 0x0, 0x9, 0xff, 0x60, 0x0, 0x0,
    0x5, 0xff, 0xa0, 0x0, 0x0, 0x3, 0xff, 0xd0,
    0x0, 0x0, 0x1, 0xdf, 0xf7, 0x44, 0x44, 0x44,
    0x8f, 0xff, 0xff, 0xff, 0xff, 0xf8, 0xff, 0xff,
    0xff, 0xff, 0xff,

    /* U+017D "Ž" */
    0x0, 0x1d, 0xf7, 0x2, 0xef, 0x50, 0x0, 0x0,
    0x1d, 0xf7, 0xef, 0x50, 0x0, 0x0, 0x0, 0x1d,
    0xff, 0x50, 0x0, 0x0, 0x0, 0x0, 0x0, 0x0,
    0x0, 0x0, 0x0, 0x0, 0x0, 0x0, 0x0, 0x0,
    0x9, 0xff, 0xff, 0xff, 0xff, 0xff, 0xfe, 0x9f,
    0xff, 0xff, 0xff, 0xff, 0xff, 0xe2, 0x33, 0x33,
    0x33, 0x33, 0x9f, 0xf5, 0x0, 0x0, 0x0, 0x0,
    0x3f, 0xfa, 0x0, 0x0, 0x0, 0x0, 0x1e, 0xfe,
    0x10, 0x0, 0x0, 0x0, 0xa, 0xff, 0x40, 0x0,
    0x0, 0x0, 0x5, 0xff, 0x80, 0x0, 0x0, 0x0,
    0x1, 0xff, 0xd0, 0x0, 0x0, 0x0, 0x0, 0xcf,
    0xf2, 0x0, 0x0, 0x0, 0x0, 0x7f, 0xf7, 0x0,
    0x0, 0x0, 0x0, 0x3f, 0xfb, 0x0, 0x0, 0x0,
    0x0, 0xd, 0xfe, 0x10, 0x0, 0x0, 0x0, 0x9,
    0xff, 0x50, 0x0, 0x0, 0x0, 0x4, 0xff, 0x80,
    0x0, 0x0, 0x0, 0x1, 0xef, 0xd3, 0x33, 0x33,
    0x33, 0x33, 0x8f, 0xff, 0xff, 0xff, 0xff, 0xff,
    0xf8, 0xff, 0xff, 0xff, 0xff, 0xff, 0xff,

    /* U+017E "ž" */
    0x2, 0xef, 0x50, 0x2f, 0xf5, 0x0, 0x3, 0xff,
    0x3d, 0xf7, 0x0, 0x0, 0x5, 0xff, 0xf9, 0x0,
    0x0, 0x0, 0x5, 0x87, 0x0, 0x0, 0x0, 0x0,
    0x0, 0x0, 0x0, 0x5, 0xff, 0xff, 0xff, 0xff,
    0xfb, 0x5f, 0xff, 0xff, 0xff, 0xff, 0xb1, 0x44,
    0x44, 0x44, 0xdf, 0xf4, 0x0, 0x0, 0x0, 0x7f,
    0xf7, 0x0, 0x0, 0x0, 0x4f, 0xfb, 0x0, 0x0,
    0x0, 0x1e, 0xfe, 0x10, 0x0, 0x0, 0xc, 0xff,
    0x30, 0x0, 0x0, 0x9, 0xff, 0x60, 0x0, 0x0,
    0x5, 0xff, 0xa0, 0x0, 0x0, 0x3, 0xff, 0xd0,
    0x0, 0x0, 0x1, 0xdf, 0xf7, 0x44, 0x44, 0x44,
    0x8f, 0xff, 0xff, 0xff, 0xff, 0xf8, 0xff, 0xff,
    0xff, 0xff, 0xff,

    /* U+017F "ſ" */
    0x0, 0x5, 0x76, 0x30, 0x3e, 0xff, 0xf9, 0xe,
    0xff, 0xcc, 0x43, 0xff, 0x80, 0x0, 0x4f, 0xf5,
    0x0, 0x4, 0xff, 0x50, 0x0, 0x4f, 0xf5, 0x0,
    0x4, 0xff, 0x50, 0x0, 0x4f, 0xf5, 0x0, 0x4,
    0xff, 0x50, 0x0, 0x4f, 0xf5, 0x0, 0x4, 0xff,
    0x50, 0x0, 0x4f, 0xf5, 0x0, 0x4, 0xff, 0x50,
    0x0, 0x4f, 0xf5, 0x0, 0x4, 0xff, 0x50, 0x0,
    0x4f, 0xf5, 0x0, 0x4, 0xff, 0x50, 0x0,

    /* U+0218 "Ș" */
    0x0, 0x4, 0xad, 0xff, 0xd9, 0x20, 0x0, 0x0,
    0xaf, 0xff, 0xff, 0xff, 0xf7, 0x0, 0x9, 0xff,
    0xd7, 0x55, 0x8f, 0xff, 0x50, 0x1f, 0xfc, 0x0,
    0x0, 0x2, 0xff, 0xd0, 0x3f, 0xf7, 0x0, 0x0,
    0x0, 0x69, 0x90, 0x2f, 0xfa, 0x0, 0x0, 0x0,
    0x0, 0x0, 0xd, 0xff, 0xb2, 0x0, 0x0, 0x0,
    0x0, 0x2, 0xdf, 0xff, 0xd9, 0x50, 0x0, 0x0,
    0x0, 0x6, 0xcf, 0xff, 0xff, 0x91, 0x0, 0x0,
    0x0, 0x1, 0x6a, 0xff, 0xff, 0x30, 0x0, 0x0,
    0x0, 0x0, 0x6, 0xff, 0xd0, 0x0, 0x0, 0x0,
    0x0, 0x0, 0x8f, 0xf2, 0x9e, 0xe1, 0x0, 0x0,
    0x0, 0x7f, 0xf3, 0x7f, 0xf9, 0x0, 0x0, 0x1,
    0xdf, 0xf0, 0x1e, 0xff, 0xc7, 0x56, 0x9f, 0xff,
    0x80, 0x3, 0xef, 0xff, 0xff, 0xff, 0xfa, 0x0,
    0x0, 0x6, 0xbe, 0xff, 0xd9, 0x30, 0x0, 0x0,
    0x0, 0x0, 0x0, 0x0, 0x0, 0x0, 0x0, 0x0,
    0x9, 0xfd, 0x0, 0x0, 0x0, 0x0, 0x0, 0xd,
    0xf7, 0x0, 0x0, 0x0, 0x0, 0x0, 0x1f, 0xf1,
    0x0, 0x0, 0x0, 0x0, 0x0, 0x4f, 0xb0, 0x0,
    0x0, 0x0, 0x0, 0x0, 0x14, 0x10, 0x0, 0x0,
    0x0,

    /* U+0219 "ș" */
    0x0, 0x4a, 0xef, 0xeb, 0x40, 0x0, 0x8f, 0xff,
    0xff, 0xff, 0x80, 0x3f, 0xfc, 0x30, 0x2a, 0xff,
    0x36, 0xff, 0x30, 0x0, 0x8, 0x61, 0x5f, 0xf8,
    0x0, 0x0, 0x0, 0x0, 0xdf, 0xfe, 0xa7, 0x30,
    0x0, 0x1, 0x9f, 0xff, 0xff, 0xe5, 0x0, 0x0,
    0x4, 0x7b, 0xff, 0xf5, 0x0, 0x0, 0x0, 0x3,
    0xff, 0xb6, 0xbb, 0x0, 0x0, 0xe, 0xfc, 0x8f,
    0xfa, 0x21, 0x2a, 0xff, 0x70, 0xcf, 0xff, 0xff,
    0xff, 0xb0, 0x0, 0x6b, 0xef, 0xeb, 0x50, 0x0,
    0x0, 0x0, 0x0, 0x0, 0x0, 0x0, 0x0, 0xcf,
    0xa0, 0x0, 0x0, 0x0, 0xf, 0xf4, 0x0, 0x0,
    0x0, 0x4, 0xfe, 0x0, 0x0, 0x0, 0x0, 0x7f,
    0x80, 0x0, 0x0, 0x0, 0x2, 0x41, 0x0, 0x0,
    0x0,

    /* U+021A "Ț" */
    0xff, 0xff, 0xff, 0xff, 0xff, 0xff, 0xf9, 0xff,
    0xff, 0xff, 0xff, 0xff, 0xff, 0xf9, 0x34, 0x44,
    0x4a, 0xff, 0x64, 0x44, 0x42, 0x0, 0x0, 0x8,
    0xff, 0x30, 0x0, 0x0, 0x0, 0x0, 0x8, 0xff,
    0x30, 0x0, 0x0, 0x0, 0x0, 0x8, 0xff, 0x30,
    0x0, 0x0, 0x0, 0x0, 0x8, 0xff, 0x30, 0x0,
    0x0, 0x0, 0x0, 0x8, 0xff, 0x30, 0x0, 0x0,
    0x0, 0x0, 0x8, 0xff, 0x30, 0x0, 0x0, 0x0,
    0x0, 0x8, 0xff, 0x30, 0x0, 0x0, 0x0, 0x0,
    0x8, 0xff, 0x30, 0x0, 0x0, 0x0, 0x0, 0x8,
    0xff, 0x30, 0x0, 0x0, 0x0, 0x0, 0x8, 0xff,
    0x30, 0x0, 0x0, 0x0, 0x0, 0x8, 0xff, 0x30,
    0x0, 0x0, 0x0, 0x0, 0x8, 0xff, 0x30, 0x0,
    0x0, 0x0, 0x0, 0x8, 0xff, 0x30, 0x0, 0x0,
    0x0, 0x0, 0x8, 0xff, 0x30, 0x0, 0x0, 0x0,
    0x0, 0x0, 0x0, 0x0, 0x0, 0x0, 0x0, 0x0,
    0x8, 0xfe, 0x0, 0x0, 0x0, 0x0, 0x0, 0xc,
    0xf8, 0x0, 0x0, 0x0, 0x0, 0x0, 0xf, 0xf2,
    0x0, 0x0, 0x0, 0x0, 0x0, 0x3f, 0xc0, 0x0,
    0x0, 0x0, 0x0, 0x0, 0x14, 0x20, 0x0, 0x0,
    0x0,

    /* U+021B "ț" */
    0x0, 0xdf, 0xb0, 0x0, 0x0, 0xdf, 0xb0, 0x0,
    0x0, 0xdf, 0xb0, 0x0, 0xcf, 0xff, 0xff, 0xf5,
    0xcf, 0xff, 0xff, 0xf5, 0x1, 0xdf, 0xb1, 0x10,
    0x0, 0xdf, 0xb0, 0x0, 0x0, 0xdf, 0xb0, 0x0,
    0x0, 0xdf, 0xb0, 0x0, 0x0, 0xdf, 0xb0, 0x0,
    0x0, 0xdf, 0xb0, 0x0, 0x0, 0xdf, 0xb0, 0x0,
    0x0, 0xdf, 0xb0, 0x0, 0x0, 0xbf, 0xf4, 0x21,
    0x0, 0x4f, 0xff, 0xf6, 0x0, 0x5, 0xcf, 0xf8,
    0x0, 0x0, 0x0, 0x0, 0x0, 0xd, 0xfa, 0x0,
    0x0, 0xf, 0xf4, 0x0, 0x0, 0x4f, 0xd0, 0x0,
    0x0, 0x8f, 0x80, 0x0, 0x0, 0x24, 0x10, 0x0,

    /* U+0374 "ʹ" */
    0xaf, 0xf0, 0x8f, 0xe0, 0x7f, 0xd0, 0x5f, 0xb0,
    0x3f, 0x90, 0x1f, 0x80, 0xb, 0x50,

    /* U+0375 "͵" */
    0x0, 0x0, 0x0, 0x9, 0xf2, 0x2, 0xfc, 0x0,
    0xbf, 0x70, 0x5f, 0xf2, 0x0,

    /* U+0376 "Ͷ" */
    0x1f, 0xfa, 0x0, 0x0, 0x0, 0x3, 0xff, 0xf3,
    0x1f, 0xfa, 0x0, 0x0, 0x0, 0xd, 0xff, 0xf3,
    0x1f, 0xfa, 0x0, 0x0, 0x0, 0x7f, 0xff, 0xf3,
    0x1f, 0xfa, 0x0, 0x0, 0x2, 0xff, 0xdf, 0xf3,
    0x1f, 0xfa, 0x0, 0x0, 0xc, 0xfe, 0x6f, 0xf3,
    0x1f, 0xfa, 0x0, 0x0, 0x6f, 0xf6, 0x6f, 0xf3,
    0x1f, 0xfa, 0x0, 0x2, 0xff, 0xc0, 0x7f, 0xf3,
    0x1f, 0xfa, 0x0, 0xb, 0xff, 0x30, 0x7f, 0xf3,
    0x1f, 0xfa, 0x0, 0x6f, 0xf9, 0x0, 0x7f, 0xf3,
    0x1f, 0xfa, 0x1, 0xef, 0xd0, 0x0, 0x7f, 0xf3,
    0x1f, 0xfa, 0xa, 0xff, 0x40, 0x0, 0x7f, 0xf3,
    0x1f, 0xf9, 0x4f, 0xf9, 0x0, 0x0, 0x7f, 0xf3,
    0x1f, 0xf8, 0xdf, 0xe1, 0x0, 0x0, 0x7f, 0xf3,
    0x1f, 0xfd, 0xff, 0x40, 0x0, 0x0, 0x7f, 0xf3,
    0x1f, 0xff, 0xfa, 0x0, 0x0, 0x0, 0x7f, 0xf3,
    0x1f, 0xff, 0xe1, 0x0, 0x0, 0x0, 0x7f, 0xf3,
    0x1f, 0xff, 0x50, 0x0, 0x0, 0x0, 0x7f, 0xf3,

    /* U+037A "ͺ" */
    0x5, 0x40, 0x3, 0xff, 0x0, 0x2f, 0xf0, 0x1,
    0xff, 0x60, 0x8, 0xff, 0x0,

    /* U+037B "ͻ" */
    0x0, 0x3a, 0xdf, 0xeb, 0x50, 0x0, 0x7, 0xff,
    0xff, 0xff, 0xfa, 0x0, 0x4f, 0xfd, 0x52, 0x4b,
    0xff, 0x80, 0x9f, 0xe1, 0x0, 0x0, 0xcf, 0xf1,
    0x1, 0x20, 0x0, 0x0, 0x4f, 0xf7, 0x0, 0x0,
    0x0, 0x0, 0xf, 0xf9, 0x0, 0x0, 0x0, 0x0,
    0xe, 0xfb, 0x0, 0x0, 0x0, 0x0, 0xf, 0xf9,
    0x2, 0x30, 0x0, 0x0, 0x4f, 0xf7, 0xbf, 0xe1,
    0x0, 0x0, 0xcf, 0xf1, 0x5f, 0xfd, 0x52, 0x4b,
    0xff, 0x80, 0x8, 0xff, 0xff, 0xff, 0xfa, 0x0,
    0x0, 0x3a, 0xef, 0xeb, 0x50, 0x0,

    /* U+037C "ͼ" */
    0x0, 0x6, 0xce, 0xfd, 0x92, 0x0, 0x1, 0xcf,
    0xff, 0xff, 0xff, 0x50, 0xb, 0xff, 0xa4, 0x26,
    0xef, 0xf2, 0x4f, 0xf9, 0x0, 0x0, 0x2f, 0xf7,
    0x9f, 0xf1, 0x0, 0x0, 0x3, 0x0, 0xcf, 0xd0,
    0xc, 0xe4, 0x0, 0x0, 0xdf, 0xc0, 0x4f, 0xfb,
    0x0, 0x0, 0xcf, 0xd0, 0xc, 0xe4, 0x0, 0x0,
    0x9f, 0xf1, 0x0, 0x0, 0x2, 0x0, 0x4f, 0xf9,
    0x0, 0x0, 0x1f, 0xf8, 0xb, 0xff, 0xa3, 0x26,
    0xef, 0xf2, 0x1, 0xcf, 0xff, 0xff, 0xff, 0x50,
    0x0, 0x6, 0xce, 0xfd, 0x92, 0x0,

    /* U+037D "ͽ" */
    0x0, 0x3a, 0xdf, 0xeb, 0x50, 0x0, 0x7, 0xff,
    0xff, 0xff, 0xfa, 0x0, 0x4f, 0xfd, 0x52, 0x4b,
    0xff, 0x80, 0x9f, 0xe1, 0x0, 0x0, 0xcf, 0xf1,
    0x0, 0x20, 0x0, 0x0, 0x4f, 0xf7, 0x0, 0x0,
    0x9f, 0x70, 0xf, 0xf9, 0x0, 0x0, 0xff, 0xe0,
    0xe, 0xfb, 0x0, 0x0, 0x9f, 0x70, 0xf, 0xf9,
    0x2, 0x20, 0x0, 0x0, 0x4f, 0xf7, 0xbf, 0xe0,
    0x0, 0x0, 0xcf, 0xf1, 0x5f, 0xfd, 0x52, 0x4b,
    0xff, 0x80, 0x8, 0xff, 0xff, 0xff, 0xfa, 0x0,
    0x0, 0x3a, 0xdf, 0xeb, 0x50, 0x0,

    /* U+037E ";" */
    0x0, 0x43, 0x0, 0x8f, 0xf6, 0xb, 0xff, 0x90,
    0x4e, 0xd2, 0x0, 0x0, 0x0, 0x0, 0x0, 0x0,
    0x0, 0x0, 0x0, 0x0, 0x0, 0x0, 0x0, 0x0,
    0x0, 0x6, 0xbb, 0x20, 0xbf, 0xe0, 0xd, 0xfa,
    0x0, 0xff, 0x50, 0x2f, 0xf1, 0x4, 0xfc, 0x0,
    0x7f, 0x70, 0x0,

    /* U+037F "Ϳ" */
    0x0, 0x0, 0x0, 0x0, 0xcf, 0xe0, 0x0, 0x0,
    0x0, 0xc, 0xfe, 0x0, 0x0, 0x0, 0x0, 0xcf,
    0xe0, 0x0, 0x0, 0x0, 0xc, 0xfe, 0x0, 0x0,
    0x0, 0x0, 0xcf, 0xe0, 0x0, 0x0, 0x0, 0xc,
    0xfe, 0x0, 0x0, 0x0, 0x0, 0xcf, 0xe0, 0x0,
    0x0, 0x0, 0xc, 0xfe, 0x0, 0x0, 0x0, 0x0,
    0xcf, 0xe0, 0x0, 0x0, 0x0, 0xc, 0xfe, 0x1,
    0x0, 0x0, 0x0, 0xcf, 0xef, 0xfb, 0x0, 0x0,
    0xc, 0xfd, 0xef, 0xd0, 0x0, 0x0, 0xef, 0xdb,
    0xff, 0x20, 0x0, 0x3f, 0xfa, 0x5f, 0xfe, 0x64,
    0x6e, 0xff, 0x40, 0x9f, 0xff, 0xff, 0xff, 0x80,
    0x0, 0x5b, 0xef, 0xeb, 0x40, 0x0,

    /* U+0384 "΄" */
    0x37, 0x60, 0x9f, 0xb0, 0xbf, 0x50, 0xde, 0x0,

    /* U+0385 "΅" */
    0x0, 0x0, 0x17, 0x71, 0x0, 0x0, 0x0, 0x5,
    0xfe, 0x0, 0x0, 0x0, 0x0, 0x7f, 0x90, 0x0,
    0x4, 0xd9, 0x9, 0xf3, 0x2c, 0xa0, 0xbf, 0xf1,
    0x0, 0x9, 0xff, 0x45, 0xfb, 0x0, 0x0, 0x3e,
    0xc1,

    /* U+0386 "Ά" */
    0x7, 0xfe, 0x0, 0x5f, 0xff, 0x40, 0x0, 0x0,
    0x0, 0x9f, 0x90, 0xb, 0xff, 0xfa, 0x0, 0x0,
    0x0, 0xb, 0xf3, 0x1, 0xff, 0xbf, 0xf0, 0x0,
    0x0, 0x0, 0x56, 0x0, 0x7f, 0xf2, 0xff, 0x60,
    0x0, 0x0, 0x0, 0x0, 0xd, 0xfb, 0xd, 0xfc,
    0x0, 0x0, 0x0, 0x0, 0x3, 0xff, 0x60, 0x7f,
    0xf2, 0x0, 0x0, 0x0, 0x0, 0x9f, 0xf1, 0x2,
    0xff, 0x80, 0x0, 0x0, 0x0, 0xe, 0xfb, 0x0,
    0xc, 0xfe, 0x0, 0x0, 0x0, 0x4, 0xff, 0x50,
    0x0, 0x6f, 0xf4, 0x0, 0x0, 0x0, 0xaf, 0xf0,
    0x0, 0x1, 0xff, 0xa0, 0x0, 0x0, 0xf, 0xff,
    0xff, 0xff, 0xff, 0xff, 0x0, 0x0, 0x6, 0xff,
    0xff, 0xff, 0xff, 0xff, 0xf5, 0x0, 0x0, 0xcf,
    0xe2, 0x22, 0x22, 0x22, 0xff, 0xb0, 0x0, 0x2f,
    0xf9, 0x0, 0x0, 0x0, 0xa, 0xff, 0x10, 0x7,
    0xff, 0x40, 0x0, 0x0, 0x0, 0x4f, 0xf7, 0x0,
    0xdf, 0xf0, 0x0, 0x0, 0x0, 0x0, 0xff, 0xd0,
    0x3f, 0xfa, 0x0, 0x0, 0x0, 0x0, 0xa, 0xff,
    0x30,

    /* U+0387 "·" */
    0x8, 0xfb, 0x0, 0xff, 0xf5, 0xd, 0xff, 0x20,
    0x5, 0x20,

    /* U+0388 "Έ" */
    0x9f, 0xd0, 0x6f, 0xff, 0xff, 0xff, 0xff, 0xfa,
    0xbf, 0x70, 0x6f, 0xff, 0xff, 0xff, 0xff, 0xfa,
    0xdf, 0x10, 0x6f, 0xf7, 0x44, 0x44, 0x44, 0x42,
    0x65, 0x0, 0x6f, 0xf4, 0x0, 0x0, 0x0, 0x0,
    0x0, 0x0, 0x6f, 0xf4, 0x0, 0x0, 0x0, 0x0,
    0x0, 0x0, 0x6f, 0xf4, 0x0, 0x0, 0x0, 0x0,
    0x0, 0x0, 0x6f, 0xf4, 0x0, 0x0, 0x0, 0x0,
    0x0, 0x0, 0x6f, 0xff, 0xff, 0xff, 0xff, 0xf0,
    0x0, 0x0, 0x6f, 0xff, 0xff, 0xff, 0xff, 0xf0,
    0x0, 0x0, 0x6f, 0xf7, 0x44, 0x44, 0x44, 0x40,
    0x0, 0x0, 0x6f, 0xf4, 0x0, 0x0, 0x0, 0x0,
    0x0, 0x0, 0x6f, 0xf4, 0x0, 0x0, 0x0, 0x0,
    0x0, 0x0, 0x6f, 0xf4, 0x0, 0x0, 0x0, 0x0,
    0x0, 0x0, 0x6f, 0xf4, 0x0, 0x0, 0x0, 0x0,
    0x0, 0x0, 0x6f, 0xf7, 0x44, 0x44, 0x44, 0x42,
    0x0, 0x0, 0x6f, 0xff, 0xff, 0xff, 0xff, 0xfb,
    0x0, 0x0, 0x6f, 0xff, 0xff, 0xff, 0xff, 0xfb,

    /* U+0389 "Ή" */
    0x9f, 0xd0, 0x6f, 0xf4, 0x0, 0x0, 0x0, 0x0,
    0xff, 0xab, 0xf7, 0x6, 0xff, 0x40, 0x0, 0x0,
    0x0, 0xf, 0xfa, 0xdf, 0x10, 0x6f, 0xf4, 0x0,
    0x0, 0x0, 0x0, 0xff, 0xa6, 0x50, 0x6, 0xff,
    0x40, 0x0, 0x0, 0x0, 0xf, 0xfa, 0x0, 0x0,
    0x6f, 0xf4, 0x0, 0x0, 0x0, 0x0, 0xff, 0xa0,
    0x0, 0x6, 0xff, 0x40, 0x0, 0x0, 0x0, 0xf,
    0xfa, 0x0, 0x0, 0x6f, 0xf4, 0x0, 0x0, 0x0,
    0x0, 0xff, 0xa0, 0x0, 0x6, 0xff, 0xff, 0xff,
    0xff, 0xff, 0xff, 0xfa, 0x0, 0x0, 0x6f, 0xff,
    0xff, 0xff, 0xff, 0xff, 0xff, 0xa0, 0x0, 0x6,
    0xff, 0x74, 0x44, 0x44, 0x44, 0x4f, 0xfa, 0x0,
    0x0, 0x6f, 0xf4, 0x0, 0x0, 0x0, 0x0, 0xff,
    0xa0, 0x0, 0x6, 0xff, 0x40, 0x0, 0x0, 0x0,
    0xf, 0xfa, 0x0, 0x0, 0x6f, 0xf4, 0x0, 0x0,
    0x0, 0x0, 0xff, 0xa0, 0x0, 0x6, 0xff, 0x40,
    0x0, 0x0, 0x0, 0xf, 0xfa, 0x0, 0x0, 0x6f,
    0xf4, 0x0, 0x0, 0x0, 0x0, 0xff, 0xa0, 0x0,
    0x6, 0xff, 0x40, 0x0, 0x0, 0x0, 0xf, 0xfa,
    0x0, 0x0, 0x6f, 0xf4, 0x0, 0x0, 0x0, 0x0,
    0xff, 0xa0,

    /* U+038A "Ί" */
    0x9f, 0xd0, 0x6f, 0xf4, 0xbf, 0x70, 0x6f, 0xf4,
    0xdf, 0x10, 0x6f, 0xf4, 0x65, 0x0, 0x6f, 0xf4,
    0x0, 0x0, 0x6f, 0xf4, 0x0, 0x0, 0x6f, 0xf4,
    0x0, 0x0, 0x6f, 0xf4, 0x0, 0x0, 0x6f, 0xf4,
    0x0, 0x0, 0x6f, 0xf4, 0x0, 0x0, 0x6f, 0xf4,
    0x0, 0x0, 0x6f, 0xf4, 0x0, 0x0, 0x6f, 0xf4,
    0x0, 0x0, 0x6f, 0xf4, 0x0, 0x0, 0x6f, 0xf4,
    0x0, 0x0, 0x6f, 0xf4, 0x0, 0x0, 0x6f, 0xf4,
    0x0, 0x0, 0x6f, 0xf4,

    /* U+038C "Ό" */
    0x9f, 0xd0, 0x0, 0x4, 0xae, 0xff, 0xd9, 0x20,
    0x0, 0xb, 0xf7, 0x0, 0x1b, 0xff, 0xff, 0xff,
    0xff, 0x80, 0x0, 0xcf, 0x20, 0xd, 0xff, 0xe9,
    0x77, 0xaf, 0xff, 0xa0, 0x9, 0x90, 0xa, 0xff,
    0xa0, 0x0, 0x0, 0x2d, 0xff, 0x60, 0x0, 0x3,
    0xff, 0xc0, 0x0, 0x0, 0x0, 0x1e, 0xfe, 0x0,
    0x0, 0x9f, 0xf3, 0x0, 0x0, 0x0, 0x0, 0x7f,
    0xf5, 0x0, 0xd, 0xfe, 0x0, 0x0, 0x0, 0x0,
    0x2, 0xff, 0x90, 0x0, 0xff, 0xb0, 0x0, 0x0,
    0x0, 0x0, 0xf, 0xfb, 0x0, 0xf, 0xfa, 0x0,
    0x0, 0x0, 0x0, 0x0, 0xef, 0xb0, 0x0, 0xff,
    0xb0, 0x0, 0x0, 0x0, 0x0, 0xf, 0xfb, 0x0,
    0xd, 0xfe, 0x0, 0x0, 0x0, 0x0, 0x2, 0xff,
    0x90, 0x0, 0x9f, 0xf3, 0x0, 0x0, 0x0, 0x0,
    0x7f, 0xf5, 0x0, 0x3, 0xff, 0xc0, 0x0, 0x0,
    0x0, 0x1e, 0xfe, 0x0, 0x0, 0xa, 0xff, 0xa0,
    0x0, 0x0, 0x2d, 0xff, 0x60, 0x0, 0x0, 0xd,
    0xff, 0xe9, 0x77, 0xaf, 0xff, 0xa0, 0x0, 0x0,
    0x0, 0x1b, 0xff, 0xff, 0xff, 0xff, 0x80, 0x0,
    0x0, 0x0, 0x0, 0x4, 0xae, 0xff, 0xd9, 0x30,
    0x0, 0x0,

    /* U+038E "Ύ" */
    0x9f, 0xd0, 0x1f, 0xff, 0x10, 0x0, 0x0, 0x0,
    0x4f, 0xfc, 0xb, 0xf7, 0x0, 0x6f, 0xfa, 0x0,
    0x0, 0x0, 0xd, 0xff, 0x30, 0xdf, 0x10, 0x0,
    0xcf, 0xf4, 0x0, 0x0, 0x7, 0xff, 0x90, 0x6,
    0x50, 0x0, 0x3, 0xff, 0xd0, 0x0, 0x1, 0xff,
    0xe0, 0x0, 0x0, 0x0, 0x0, 0x8, 0xff, 0x70,
    0x0, 0xaf, 0xf5, 0x0, 0x0, 0x0, 0x0, 0x0,
    0xe, 0xff, 0x10, 0x3f, 0xfb, 0x0, 0x0, 0x0,
    0x0, 0x0, 0x0, 0x4f, 0xfa, 0xc, 0xff, 0x10,
    0x0, 0x0, 0x0, 0x0, 0x0, 0x0, 0xaf, 0xf7,
    0xff, 0x70, 0x0, 0x0, 0x0, 0x0, 0x0, 0x0,
    0x1, 0xff, 0xff, 0xc0, 0x0, 0x0, 0x0, 0x0,
    0x0, 0x0, 0x0, 0x6, 0xff, 0xf3, 0x0, 0x0,
    0x0, 0x0, 0x0, 0x0, 0x0, 0x0, 0xf, 0xfc,
    0x0, 0x0, 0x0, 0x0, 0x0, 0x0, 0x0, 0x0,
    0x0, 0xff, 0xb0, 0x0, 0x0, 0x0, 0x0, 0x0,
    0x0, 0x0, 0x0, 0xf, 0xfb, 0x0, 0x0, 0x0,
    0x0, 0x0, 0x0, 0x0, 0x0, 0x0, 0xff, 0xb0,
    0x0, 0x0, 0x0, 0x0, 0x0, 0x0, 0x0, 0x0,
    0xf, 0xfb, 0x0, 0x0, 0x0, 0x0, 0x0, 0x0,
    0x0, 0x0, 0x0, 0xff, 0xb0, 0x0, 0x0, 0x0,
    0x0, 0x0, 0x0, 0x0, 0x0, 0xf, 0xfb, 0x0,
    0x0, 0x0, 0x0,

    /* U+038F "Ώ" */
    0x9f, 0xd0, 0x0, 0x4, 0xad, 0xfe, 0xd9, 0x30,
    0x0, 0xb, 0xf7, 0x0, 0x1b, 0xff, 0xff, 0xff,
    0xff, 0xa1, 0x0, 0xcf, 0x20, 0x1e, 0xff, 0xe9,
    0x77, 0x9e, 0xff, 0xd1, 0x9, 0x90, 0xc, 0xff,
    0x90, 0x0, 0x0, 0xa, 0xff, 0xb0, 0x0, 0x5,
    0xff, 0xa0, 0x0, 0x0, 0x0, 0xb, 0xff, 0x40,
    0x0, 0xbf, 0xf2, 0x0, 0x0, 0x0, 0x0, 0x3f,
    0xf9, 0x0, 0xe, 0xfd, 0x0, 0x0, 0x0, 0x0,
    0x0, 0xef, 0xd0, 0x0, 0xff, 0xb0, 0x0, 0x0,
    0x0, 0x0, 0xc, 0xfe, 0x0, 0xf, 0xfc, 0x0,
    0x0, 0x0, 0x0, 0x0, 0xdf, 0xd0, 0x0, 0xdf,
    0xe0, 0x0, 0x0, 0x0, 0x0, 0xf, 0xfb, 0x0,
    0x8, 0xff, 0x40, 0x0, 0x0, 0x0, 0x4, 0xff,
    0x70, 0x0, 0x1f, 0xfc, 0x0, 0x0, 0x0, 0x1,
    0xdf, 0xe0, 0x0, 0x0, 0x5f, 0xfc, 0x30, 0x0,
    0x3, 0xdf, 0xf4, 0x0, 0x0, 0x0, 0x3b, 0xff,
    0x70, 0x8, 0xff, 0xa2, 0x0, 0x0, 0x3, 0x33,
    0x3b, 0xf8, 0x0, 0x9f, 0xa3, 0x33, 0x30, 0x0,
    0xff, 0xff, 0xff, 0x80, 0x9, 0xff, 0xff, 0xfe,
    0x0, 0xf, 0xff, 0xff, 0xf8, 0x0, 0x9f, 0xff,
    0xff, 0xe0,

    /* U+0390 "ΐ" */
    0x0, 0x7, 0xfc, 0x0, 0x0, 0x9, 0xf7, 0x0,
    0x0, 0xb, 0xf1, 0x0, 0x0, 0x3, 0x30, 0x0,
    0x0, 0x0, 0x0, 0x0, 0x4e, 0xb0, 0xb, 0xf5,
    0xaf, 0xf2, 0x1f, 0xfb, 0x4d, 0xa0, 0x9, 0xd4,
    0x0, 0x0, 0x0, 0x0, 0x0, 0x4f, 0xf5, 0x0,
    0x0, 0x4f, 0xf5, 0x0, 0x0, 0x4f, 0xf5, 0x0,
    0x0, 0x4f, 0xf5, 0x0, 0x0, 0x4f, 0xf5, 0x0,
    0x0, 0x4f, 0xf5, 0x0, 0x0, 0x4f, 0xf5, 0x0,
    0x0, 0x4f, 0xf5, 0x0, 0x0, 0x4f, 0xf5, 0x0,
    0x0, 0x4f, 0xf5, 0x0, 0x0, 0x2f, 0xf9, 0x20,
    0x0, 0xd, 0xff, 0xf5, 0x0, 0x2, 0xbe, 0xf7,

    /* U+0391 "Α" */
    0x0, 0x0, 0x0, 0x5f, 0xff, 0x40, 0x0, 0x0,
    0x0, 0x0, 0x0, 0xb, 0xff, 0xfa, 0x0, 0x0,
    0x0, 0x0, 0x0, 0x1, 0xff, 0xaf, 0xf0, 0x0,
    0x0, 0x0, 0x0, 0x0, 0x7f, 0xf2, 0xff, 0x60,
    0x0, 0x0, 0x0, 0x0, 0xd, 0xfa, 0xc, 0xfc,
    0x0, 0x0, 0x0, 0x0, 0x3, 0xff, 0x50, 0x7f,
    0xf2, 0x0, 0x0, 0x0, 0x0, 0x9f, 0xf1, 0x2,
    0xff, 0x80, 0x0, 0x0, 0x0, 0xe, 0xfb, 0x0,
    0xc, 0xfe, 0x0, 0x0, 0x0, 0x4, 0xff, 0x50,
    0x0, 0x6f, 0xf4, 0x0, 0x0, 0x0, 0xaf, 0xf0,
    0x0, 0x1, 0xff, 0xa0, 0x0, 0x0, 0xf, 0xff,
    0xff, 0xff, 0xff, 0xff, 0x0, 0x0, 0x6, 0xff,
    0xff, 0xff, 0xff, 0xff, 0xf5, 0x0, 0x0, 0xcf,
    0xe2, 0x22, 0x22, 0x22, 0xff, 0xb0, 0x0, 0x2f,
    0xf9, 0x0, 0x0, 0x0, 0xa, 0xff, 0x10, 0x7,
    0xff, 0x40, 0x0, 0x0, 0x0, 0x4f, 0xf7, 0x0,
    0xdf, 0xf0, 0x0, 0x0, 0x0, 0x0, 0xff, 0xd0,
    0x3f, 0xfa, 0x0, 0x0, 0x0, 0x0, 0xa, 0xff,
    0x30,

    /* U+0392 "Β" */
    0x1f, 0xff, 0xff, 0xff, 0xeb, 0x50, 0x0, 0x1f,
    0xff, 0xff, 0xff, 0xff, 0xfb, 0x0, 0x1f, 0xfb,
    0x33, 0x34, 0x7e, 0xff, 0x60, 0x1f, 0xf9, 0x0,
    0x0, 0x1, 0xff, 0xc0, 0x1f, 0xf9, 0x0, 0x0,
    0x0, 0xdf, 0xc0, 0x1f, 0xf9, 0x0, 0x0, 0x1,
    0xff, 0x90, 0x1f, 0xf9, 0x0, 0x0, 0x4d, 0xfe,
    0x10, 0x1f, 0xff, 0xff, 0xff, 0xff, 0x81, 0x0,
    0x1f, 0xff, 0xff, 0xff, 0xff, 0xf9, 0x0, 0x1f,
    0xf9, 0x0, 0x0, 0x2a, 0xff, 0xa0, 0x1f, 0xf9,
    0x0, 0x0, 0x0, 0xaf, 0xf3, 0x1f, 0xf9, 0x0,
    0x0, 0x0, 0x3f, 0xf7, 0x1f, 0xf9, 0x0, 0x0,
    0x0, 0x3f, 0xf8, 0x1f, 0xf9, 0x0, 0x0, 0x0,
    0x9f, 0xf5, 0x1f, 0xfb, 0x44, 0x44, 0x5a, 0xff,
    0xe0, 0x1f, 0xff, 0xff, 0xff, 0xff, 0xff, 0x40,
    0x1f, 0xff, 0xff, 0xff, 0xed, 0x81, 0x0,

    /* U+0393 "Γ" */
    0x1f, 0xff, 0xff, 0xff, 0xff, 0xfd, 0x1f, 0xff,
    0xff, 0xff, 0xff, 0xfd, 0x1f, 0xfb, 0x44, 0x44,
    0x44, 0x43, 0x1f, 0xf9, 0x0, 0x0, 0x0, 0x0,
    0x1f, 0xf9, 0x0, 0x0, 0x0, 0x0, 0x1f, 0xf9,
    0x0, 0x0, 0x0, 0x0, 0x1f, 0xf9, 0x0, 0x0,
    0x0, 0x0, 0x1f, 0xf9, 0x0, 0x0, 0x0, 0x0,
    0x1f, 0xf9, 0x0, 0x0, 0x0, 0x0, 0x1f, 0xf9,
    0x0, 0x0, 0x0, 0x0, 0x1f, 0xf9, 0x0, 0x0,
    0x0, 0x0, 0x1f, 0xf9, 0x0, 0x0, 0x0, 0x0,
    0x1f, 0xf9, 0x0, 0x0, 0x0, 0x0, 0x1f, 0xf9,
    0x0, 0x0, 0x0, 0x0, 0x1f, 0xf9, 0x0, 0x0,
    0x0, 0x0, 0x1f, 0xf9, 0x0, 0x0, 0x0, 0x0,
    0x1f, 0xf9, 0x0, 0x0, 0x0, 0x0,

    /* U+0394 "Δ" */
    0x0, 0x0, 0x0, 0x5f, 0xff, 0x20, 0x0, 0x0,
    0x0, 0x0, 0x0, 0xa, 0xff, 0xf8, 0x0, 0x0,
    0x0, 0x0, 0x0, 0x1, 0xff, 0xff, 0xe0, 0x0,
    0x0, 0x0, 0x0, 0x0, 0x6f, 0xf9, 0xff, 0x40,
    0x0, 0x0, 0x0, 0x0, 0xc, 0xfd, 0xf, 0xfa,
    0x0, 0x0, 0x0, 0x0, 0x2, 0xff, 0x80, 0xaf,
    0xf0, 0x0, 0x0, 0x0, 0x0, 0x8f, 0xf2, 0x4,
    0xff, 0x60, 0x0, 0x0, 0x0, 0xe, 0xfc, 0x0,
    0xe, 0xfb, 0x0, 0x0, 0x0, 0x4, 0xff, 0x70,
    0x0, 0x9f, 0xf1, 0x0, 0x0, 0x0, 0xaf, 0xf1,
    0x0, 0x3, 0xff, 0x70, 0x0, 0x0, 0xf, 0xfb,
    0x0, 0x0, 0xd, 0xfd, 0x0, 0x0, 0x6, 0xff,
    0x60, 0x0, 0x0, 0x8f, 0xf3, 0x0, 0x0, 0xbf,
    0xf0, 0x0, 0x0, 0x2, 0xff, 0x90, 0x0, 0x1f,
    0xfa, 0x0, 0x0, 0x0, 0xc, 0xfe, 0x0, 0x7,
    0xff, 0x84, 0x44, 0x44, 0x44, 0x9f, 0xf5, 0x0,
    0xdf, 0xff, 0xff, 0xff, 0xff, 0xff, 0xff, 0xb0,
    0x3f, 0xff, 0xff, 0xff, 0xff, 0xff, 0xff, 0xff,
    0x10,

    /* U+0395 "Ε" */
    0x1f, 0xff, 0xff, 0xff, 0xff, 0xfe, 0x1f, 0xff,
    0xff, 0xff, 0xff, 0xfe, 0x1f, 0xfb, 0x44, 0x44,
    0x44, 0x43, 0x1f, 0xf9, 0x0, 0x0, 0x0, 0x0,
    0x1f, 0xf9, 0x0, 0x0, 0x0, 0x0, 0x1f, 0xf9,
    0x0, 0x0, 0x0, 0x0, 0x1f, 0xf9, 0x0, 0x0,
    0x0, 0x0, 0x1f, 0xff, 0xff, 0xff, 0xff, 0xf5,
    0x1f, 0xff, 0xff, 0xff, 0xff, 0xf5, 0x1f, 0xfb,
    0x44, 0x44, 0x44, 0x41, 0x1f, 0xf9, 0x0, 0x0,
    0x0, 0x0, 0x1f, 0xf9, 0x0, 0x0, 0x0, 0x0,
    0x1f, 0xf9, 0x0, 0x0, 0x0, 0x0, 0x1f, 0xf9,
    0x0, 0x0, 0x0, 0x0, 0x1f, 0xfb, 0x44, 0x44,
    0x44, 0x44, 0x1f, 0xff, 0xff, 0xff, 0xff, 0xff,
    0x1f, 0xff, 0xff, 0xff, 0xff, 0xff,

    /* U+0396 "Ζ" */
    0x9f, 0xff, 0xff, 0xff, 0xff, 0xff, 0xe9, 0xff,
    0xff, 0xff, 0xff, 0xff, 0xfe, 0x23, 0x33, 0x33,
    0x33, 0x39, 0xff, 0x50, 0x0, 0x0, 0x0, 0x3,
    0xff, 0xa0, 0x0, 0x0, 0x0, 0x1, 0xef, 0xe1,
    0x0, 0x0, 0x0, 0x0, 0xaf, 0xf4, 0x0, 0x0,
    0x0, 0x0, 0x5f, 0xf8, 0x0, 0x0, 0x0, 0x0,
    0x1f, 0xfd, 0x0, 0x0, 0x0, 0x0, 0xc, 0xff,
    0x20, 0x0, 0x0, 0x0, 0x7, 0xff, 0x70, 0x0,
    0x0, 0x0, 0x3, 0xff, 0xb0, 0x0, 0x0, 0x0,
    0x0, 0xdf, 0xe1, 0x0, 0x0, 0x0, 0x0, 0x9f,
    0xf5, 0x0, 0x0, 0x0, 0x0, 0x4f, 0xf8, 0x0,
    0x0, 0x0, 0x0, 0x1e, 0xfd, 0x33, 0x33, 0x33,
    0x33, 0x38, 0xff, 0xff, 0xff, 0xff, 0xff, 0xff,
    0x8f, 0xff, 0xff, 0xff, 0xff, 0xff, 0xf0,

    /* U+0397 "Η" */
    0x1f, 0xf9, 0x0, 0x0, 0x0, 0x0, 0xcf, 0xf1,
    0xff, 0x90, 0x0, 0x0, 0x0, 0xc, 0xff, 0x1f,
    0xf9, 0x0, 0x0, 0x0, 0x0, 0xcf, 0xf1, 0xff,
    0x90, 0x0, 0x0, 0x0, 0xc, 0xff, 0x1f, 0xf9,
    0x0, 0x0, 0x0, 0x0, 0xcf, 0xf1, 0xff, 0x90,
    0x0, 0x0, 0x0, 0xc, 0xff, 0x1f, 0xf9, 0x0,
    0x0, 0x0, 0x0, 0xcf, 0xf1, 0xff, 0xff, 0xff,
    0xff, 0xff, 0xff, 0xff, 0x1f, 0xff, 0xff, 0xff,
    0xff, 0xff, 0xff, 0xf1, 0xff, 0xb4, 0x44, 0x44,
    0x44, 0x4d, 0xff, 0x1f, 0xf9, 0x0, 0x0, 0x0,
    0x0, 0xcf, 0xf1, 0xff, 0x90, 0x0, 0x0, 0x0,
    0xc, 0xff, 0x1f, 0xf9, 0x0, 0x0, 0x0, 0x0,
    0xcf, 0xf1, 0xff, 0x90, 0x0, 0x0, 0x0, 0xc,
    0xff, 0x1f, 0xf9, 0x0, 0x0, 0x0, 0x0, 0xcf,
    0xf1, 0xff, 0x90, 0x0, 0x0, 0x0, 0xc, 0xff,
    0x1f, 0xf9, 0x0, 0x0, 0x0, 0x0, 0xcf, 0xf0,

    /* U+0398 "Θ" */
    0x0, 0x0, 0x28, 0xdf, 0xfe, 0xa5, 0x0, 0x0,
    0x0, 0x0, 0x7f, 0xff, 0xff, 0xff, 0xfc, 0x10,
    0x0, 0x0, 0x9f, 0xff, 0xb7, 0x69, 0xef, 0xfe,
    0x10, 0x0, 0x5f, 0xfd, 0x20, 0x0, 0x0, 0x9f,
    0xfb, 0x0, 0xe, 0xff, 0x20, 0x0, 0x0, 0x0,
    0xbf, 0xf4, 0x4, 0xff, 0x80, 0x0, 0x0, 0x0,
    0x2, 0xff, 0xa0, 0x7f, 0xf3, 0x0, 0x0, 0x0,
    0x0, 0xd, 0xfe, 0x9, 0xff, 0x14, 0xff, 0xff,
    0xff, 0xb0, 0xaf, 0xf0, 0xaf, 0xf0, 0x4f, 0xff,
    0xff, 0xfb, 0x9, 0xff, 0x19, 0xff, 0x10, 0x0,
    0x0, 0x0, 0x0, 0xaf, 0xf0, 0x7f, 0xf3, 0x0,
    0x0, 0x0, 0x0, 0xd, 0xfe, 0x4, 0xff, 0x80,
    0x0, 0x0, 0x0, 0x2, 0xff, 0xa0, 0xe, 0xff,
    0x20, 0x0, 0x0, 0x0, 0xbf, 0xf4, 0x0, 0x5f,
    0xfd, 0x20, 0x0, 0x0, 0x9f, 0xfb, 0x0, 0x0,
    0x9f, 0xff, 0xb7, 0x69, 0xef, 0xfe, 0x10, 0x0,
    0x0, 0x7f, 0xff, 0xff, 0xff, 0xfc, 0x10, 0x0,
    0x0, 0x0, 0x28, 0xdf, 0xfe, 0xb5, 0x0, 0x0,
    0x0,

    /* U+0399 "Ι" */
    0x1f, 0xf9, 0x1f, 0xf9, 0x1f, 0xf9, 0x1f, 0xf9,
    0x1f, 0xf9, 0x1f, 0xf9, 0x1f, 0xf9, 0x1f, 0xf9,
    0x1f, 0xf9, 0x1f, 0xf9, 0x1f, 0xf9, 0x1f, 0xf9,
    0x1f, 0xf9, 0x1f, 0xf9, 0x1f, 0xf9, 0x1f, 0xf9,
    0x1f, 0xf9,

    /* U+039A "Κ" */
    0x1f, 0xf9, 0x0, 0x0, 0x0, 0x2e, 0xff, 0x51,
    0xff, 0x90, 0x0, 0x0, 0x1e, 0xff, 0x60, 0x1f,
    0xf9, 0x0, 0x0, 0x1d, 0xff, 0x70, 0x1, 0xff,
    0x90, 0x0, 0xc, 0xff, 0x80, 0x0, 0x1f, 0xf9,
    0x0, 0xc, 0xff, 0x90, 0x0, 0x1, 0xff, 0x90,
    0xb, 0xff, 0xa0, 0x0, 0x0, 0x1f, 0xf9, 0x9,
    0xff, 0xb0, 0x0, 0x0, 0x1, 0xff, 0x96, 0xff,
    0xf2, 0x0, 0x0, 0x0, 0x1f, 0xfc, 0xff, 0xff,
    0xb0, 0x0, 0x0, 0x1, 0xff, 0xff, 0xaa, 0xff,
    0x70, 0x0, 0x0, 0x1f, 0xff, 0xb0, 0x1e, 0xff,
    0x30, 0x0, 0x1, 0xff, 0xc0, 0x0, 0x3f, 0xfd,
    0x0, 0x0, 0x1f, 0xf9, 0x0, 0x0, 0x8f, 0xf9,
    0x0, 0x1, 0xff, 0x90, 0x0, 0x0, 0xcf, 0xf5,
    0x0, 0x1f, 0xf9, 0x0, 0x0, 0x2, 0xff, 0xe1,
    0x1, 0xff, 0x90, 0x0, 0x0, 0x6, 0xff, 0xc0,
    0x1f, 0xf9, 0x0, 0x0, 0x0, 0xa, 0xff, 0x70,

    /* U+039B "Λ" */
    0x0, 0x0, 0x0, 0x5f, 0xff, 0x40, 0x0, 0x0,
    0x0, 0x0, 0x0, 0xb, 0xff, 0xfa, 0x0, 0x0,
    0x0, 0x0, 0x0, 0x1, 0xff, 0xbf, 0xf0, 0x0,
    0x0, 0x0, 0x0, 0x0, 0x7f, 0xf3, 0xff, 0x60,
    0x0, 0x0, 0x0, 0x0, 0xd, 0xfb, 0xd, 0xfc,
    0x0, 0x0, 0x0, 0x0, 0x3, 0xff, 0x60, 0x8f,
    0xf2, 0x0, 0x0, 0x0, 0x0, 0x9f, 0xf1, 0x3,
    0xff, 0x80, 0x0, 0x0, 0x0, 0xe, 0xfc, 0x0,
    0xe, 0xfe, 0x0, 0x0, 0x0, 0x4, 0xff, 0x70,
    0x0, 0x8f, 0xf4, 0x0, 0x0, 0x0, 0xaf, 0xf1,
    0x0, 0x2, 0xff, 0xa0, 0x0, 0x0, 0xf, 0xfc,
    0x0, 0x0, 0xd, 0xff, 0x0, 0x0, 0x6, 0xff,
    0x60, 0x0, 0x0, 0x7f, 0xf5, 0x0, 0x0, 0xcf,
    0xf1, 0x0, 0x0, 0x1, 0xff, 0xb0, 0x0, 0x2f,
    0xfb, 0x0, 0x0, 0x0, 0xb, 0xff, 0x10, 0x7,
    0xff, 0x50, 0x0, 0x0, 0x0, 0x5f, 0xf7, 0x0,
    0xdf, 0xf0, 0x0, 0x0, 0x0, 0x0, 0xff, 0xd0,
    0x3f, 0xfa, 0x0, 0x0, 0x0, 0x0, 0xa, 0xff,
    0x30,

    /* U+039C "Μ" */
    0x1f, 0xff, 0xf1, 0x0, 0x0, 0x0, 0x0, 0x2f,
    0xff, 0xf1, 0xff, 0xff, 0x70, 0x0, 0x0, 0x0,
    0x9, 0xff, 0xff, 0x1f, 0xff, 0xfd, 0x0, 0x0,
    0x0, 0x0, 0xef, 0xff, 0xf1, 0xff, 0xbf, 0xf3,
    0x0, 0x0, 0x0, 0x5f, 0xfb, 0xff, 0x1f, 0xf7,
    0xef, 0xa0, 0x0, 0x0, 0xb, 0xfc, 0xaf, 0xf1,
    0xff, 0x7a, 0xff, 0x0, 0x0, 0x1, 0xff, 0x7a,
    0xff, 0x1f, 0xf8, 0x4f, 0xf6, 0x0, 0x0, 0x7f,
    0xf2, 0xaf, 0xf1, 0xff, 0x80, 0xef, 0xc0, 0x0,
    0xd, 0xfc, 0xa, 0xff, 0x1f, 0xf8, 0x8, 0xff,
    0x30, 0x4, 0xff, 0x60, 0xaf, 0xf1, 0xff, 0x80,
    0x2f, 0xf9, 0x0, 0xaf, 0xf1, 0xa, 0xff, 0x1f,
    0xf8, 0x0, 0xcf, 0xe0, 0xf, 0xfa, 0x0, 0xaf,
    0xf1, 0xff, 0x80, 0x5, 0xff, 0x34, 0xff, 0x30,
    0xa, 0xff, 0x1f, 0xf8, 0x0, 0xe, 0xf8, 0x9f,
    0xd0, 0x0, 0xaf, 0xf1, 0xff, 0x80, 0x0, 0x9f,
    0xcd, 0xf7, 0x0, 0xa, 0xff, 0x1f, 0xf8, 0x0,
    0x2, 0xff, 0xff, 0x10, 0x0, 0xaf, 0xf1, 0xff,
    0x80, 0x0, 0xc, 0xff, 0xa0, 0x0, 0xa, 0xff,
    0x1f, 0xf8, 0x0, 0x0, 0x6f, 0xf4, 0x0, 0x0,
    0xaf, 0xf0,

    /* U+039D "Ν" */
    0x1f, 0xff, 0x50, 0x0, 0x0, 0x0, 0x7f, 0xf3,
    0x1f, 0xff, 0xe1, 0x0, 0x0, 0x0, 0x7f, 0xf3,
    0x1f, 0xff, 0xfa, 0x0, 0x0, 0x0, 0x7f, 0xf3,
    0x1f, 0xfd, 0xff, 0x40, 0x0, 0x0, 0x7f, 0xf3,
    0x1f, 0xf8, 0xcf, 0xe0, 0x0, 0x0, 0x7f, 0xf3,
    0x1f, 0xf8, 0x3f, 0xf9, 0x0, 0x0, 0x7f, 0xf3,
    0x1f, 0xf9, 0xa, 0xff, 0x30, 0x0, 0x7f, 0xf3,
    0x1f, 0xfa, 0x1, 0xff, 0xd0, 0x0, 0x7f, 0xf3,
    0x1f, 0xfa, 0x0, 0x6f, 0xf8, 0x0, 0x7f, 0xf3,
    0x1f, 0xfa, 0x0, 0xc, 0xff, 0x30, 0x7f, 0xf3,
    0x1f, 0xfa, 0x0, 0x2, 0xff, 0xc0, 0x7f, 0xf3,
    0x1f, 0xfa, 0x0, 0x0, 0x7f, 0xf6, 0x7f, 0xf3,
    0x1f, 0xfa, 0x0, 0x0, 0xc, 0xfe, 0x7f, 0xf3,
    0x1f, 0xfa, 0x0, 0x0, 0x2, 0xff, 0xdf, 0xf3,
    0x1f, 0xfa, 0x0, 0x0, 0x0, 0x8f, 0xff, 0xf3,
    0x1f, 0xfa, 0x0, 0x0, 0x0, 0xd, 0xff, 0xf3,
    0x1f, 0xfa, 0x0, 0x0, 0x0, 0x3, 0xff, 0xf3,

    /* U+039E "Ξ" */
    0x5f, 0xff, 0xff, 0xff, 0xff, 0xff, 0xf5, 0x5f,
    0xff, 0xff, 0xff, 0xff, 0xff, 0xf5, 0x14, 0x44,
    0x44, 0x44, 0x44, 0x44, 0x41, 0x0, 0x0, 0x0,
    0x0, 0x0, 0x0, 0x0, 0x0, 0x0, 0x0, 0x0,
    0x0, 0x0, 0x0, 0x0, 0x0, 0x0, 0x0, 0x0,
    0x0, 0x0, 0x0, 0x0, 0x0, 0x0, 0x0, 0x0,
    0x0, 0x7, 0xff, 0xff, 0xff, 0xff, 0xff, 0x70,
    0x7, 0xff, 0xff, 0xff, 0xff, 0xff, 0x70, 0x1,
    0x33, 0x33, 0x33, 0x33, 0x33, 0x10, 0x0, 0x0,
    0x0, 0x0, 0x0, 0x0, 0x0, 0x0, 0x0, 0x0,
    0x0, 0x0, 0x0, 0x0, 0x0, 0x0, 0x0, 0x0,
    0x0, 0x0, 0x0, 0x0, 0x0, 0x0, 0x0, 0x0,
    0x0, 0x0, 0x14, 0x44, 0x44, 0x44, 0x44, 0x44,
    0x41, 0x7f, 0xff, 0xff, 0xff, 0xff, 0xff, 0xf7,
    0x7f, 0xff, 0xff, 0xff, 0xff, 0xff, 0xf7,

    /* U+039F "Ο" */
    0x0, 0x0, 0x28, 0xdf, 0xfe, 0xa5, 0x0, 0x0,
    0x0, 0x0, 0x7f, 0xff, 0xff, 0xff, 0xfc, 0x10,
    0x0, 0x0, 0x9f, 0xff, 0xb7, 0x69, 0xef, 0xfe,
    0x10, 0x0, 0x5f, 0xfd, 0x20, 0x0, 0x0, 0x9f,
    0xfb, 0x0, 0xe, 0xff, 0x20, 0x0, 0x0, 0x0,
    0xbf, 0xf4, 0x4, 0xff, 0x80, 0x0, 0x0, 0x0,
    0x2, 0xff, 0xa0, 0x7f, 0xf3, 0x0, 0x0, 0x0,
    0x0, 0xd, 0xfe, 0x9, 0xff, 0x10, 0x0, 0x0,
    0x0, 0x0, 0xaf, 0xf0, 0xaf, 0xf0, 0x0, 0x0,
    0x0, 0x0, 0x9, 0xff, 0x19, 0xff, 0x10, 0x0,
    0x0, 0x0, 0x0, 0xaf, 0xf0, 0x7f, 0xf3, 0x0,
    0x0, 0x0, 0x0, 0xd, 0xfe, 0x4, 0xff, 0x80,
    0x0, 0x0, 0x0, 0x2, 0xff, 0xa0, 0xe, 0xff,
    0x20, 0x0, 0x0, 0x0, 0xbf, 0xf4, 0x0, 0x5f,
    0xfd, 0x20, 0x0, 0x0, 0x9f, 0xfb, 0x0, 0x0,
    0x9f, 0xff, 0xb7, 0x69, 0xef, 0xfe, 0x10, 0x0,
    0x0, 0x7f, 0xff, 0xff, 0xff, 0xfc, 0x10, 0x0,
    0x0, 0x0, 0x28, 0xdf, 0xfe, 0xb5, 0x0, 0x0,
    0x0,

    /* U+03A0 "Π" */
    0x1f, 0xff, 0xff, 0xff, 0xff, 0xff, 0xff, 0xf1,
    0xff, 0xff, 0xff, 0xff, 0xff, 0xff, 0xff, 0x1f,
    0xfb, 0x44, 0x44, 0x44, 0x44, 0xdf, 0xf1, 0xff,
    0x90, 0x0, 0x0, 0x0, 0xc, 0xff, 0x1f, 0xf9,
    0x0, 0x0, 0x0, 0x0, 0xcf, 0xf1, 0xff, 0x90,
    0x0, 0x0, 0x0, 0xc, 0xff, 0x1f, 0xf9, 0x0,
    0x0, 0x0, 0x0, 0xcf, 0xf1, 0xff, 0x90, 0x0,
    0x0, 0x0, 0xc, 0xff, 0x1f, 0xf9, 0x0, 0x0,
    0x0, 0x0, 0xcf, 0xf1, 0xff, 0x90, 0x0, 0x0,
    0x0, 0xc, 0xff, 0x1f, 0xf9, 0x0, 0x0, 0x0,
    0x0, 0xcf, 0xf1, 0xff, 0x90, 0x0, 0x0, 0x0,
    0xc, 0xff, 0x1f, 0xf9, 0x0, 0x0, 0x0, 0x0,
    0xcf, 0xf1, 0xff, 0x90, 0x0, 0x0, 0x0, 0xc,
    0xff, 0x1f, 0xf9, 0x0, 0x0, 0x0, 0x0, 0xcf,
    0xf1, 0xff, 0x90, 0x0, 0x0, 0x0, 0xc, 0xff,
    0x1f, 0xf9, 0x0, 0x0, 0x0, 0x0, 0xcf, 0xf0,

    /* U+03A1 "Ρ" */
    0x1f, 0xff, 0xff, 0xff, 0xda, 0x40, 0x0, 0x1f,
    0xff, 0xff, 0xff, 0xff, 0xf9, 0x0, 0x1f, 0xfb,
    0x33, 0x34, 0x7e, 0xff, 0x60, 0x1f, 0xf9, 0x0,
    0x0, 0x2, 0xff, 0xd0, 0x1f, 0xf9, 0x0, 0x0,
    0x0, 0xaf, 0xf1, 0x1f, 0xf9, 0x0, 0x0, 0x0,
    0x8f, 0xf3, 0x1f, 0xf9, 0x0, 0x0, 0x0, 0xaf,
    0xf1, 0x1f, 0xf9, 0x0, 0x0, 0x2, 0xff, 0xd0,
    0x1f, 0xfb, 0x33, 0x34, 0x7e, 0xff, 0x60, 0x1f,
    0xff, 0xff, 0xff, 0xff, 0xf9, 0x0, 0x1f, 0xff,
    0xff, 0xff, 0xda, 0x40, 0x0, 0x1f, 0xf9, 0x0,
    0x0, 0x0, 0x0, 0x0, 0x1f, 0xf9, 0x0, 0x0,
    0x0, 0x0, 0x0, 0x1f, 0xf9, 0x0, 0x0, 0x0,
    0x0, 0x0, 0x1f, 0xf9, 0x0, 0x0, 0x0, 0x0,
    0x0, 0x1f, 0xf9, 0x0, 0x0, 0x0, 0x0, 0x0,
    0x1f, 0xf9, 0x0, 0x0, 0x0, 0x0, 0x0,

    /* U+03A3 "Σ" */
    0x2f, 0xff, 0xff, 0xff, 0xff, 0xff, 0xff, 0x2,
    0xff, 0xff, 0xff, 0xff, 0xff, 0xff, 0xf0, 0xa,
    0xff, 0xa3, 0x33, 0x33, 0x33, 0x33, 0x0, 0xa,
    0xff, 0x90, 0x0, 0x0, 0x0, 0x0, 0x0, 0xa,
    0xff, 0xa0, 0x0, 0x0, 0x0, 0x0, 0x0, 0x9,
    0xff, 0xa0, 0x0, 0x0, 0x0, 0x0, 0x0, 0x9,
    0xff, 0xa0, 0x0, 0x0, 0x0, 0x0, 0x0, 0x8,
    0xff, 0xa0, 0x0, 0x0, 0x0, 0x0, 0x0, 0x1d,
    0xff, 0x0, 0x0, 0x0, 0x0, 0x0, 0x2e, 0xff,
    0x40, 0x0, 0x0, 0x0, 0x0, 0x2e, 0xff, 0x40,
    0x0, 0x0, 0x0, 0x0, 0x2e, 0xff, 0x40, 0x0,
    0x0, 0x0, 0x0, 0x2e, 0xff, 0x40, 0x0, 0x0,
    0x0, 0x0, 0x2e, 0xff, 0x30, 0x0, 0x0, 0x0,
    0x0, 0x2e, 0xff, 0x63, 0x33, 0x33, 0x33, 0x33,
    0x8, 0xff, 0xff, 0xff, 0xff, 0xff, 0xff, 0xf1,
    0x8f, 0xff, 0xff, 0xff, 0xff, 0xff, 0xff, 0x10,

    /* U+03A4 "Τ" */
    0xff, 0xff, 0xff, 0xff, 0xff, 0xff, 0xf9, 0xff,
    0xff, 0xff, 0xff, 0xff, 0xff, 0xf9, 0x34, 0x44,
    0x4a, 0xff, 0x64, 0x44, 0x42, 0x0, 0x0, 0x8,
    0xff, 0x30, 0x0, 0x0, 0x0, 0x0, 0x8, 0xff,
    0x30, 0x0, 0x0, 0x0, 0x0, 0x8, 0xff, 0x30,
    0x0, 0x0, 0x0, 0x0, 0x8, 0xff, 0x30, 0x0,
    0x0, 0x0, 0x0, 0x8, 0xff, 0x30, 0x0, 0x0,
    0x0, 0x0, 0x8, 0xff, 0x30, 0x0, 0x0, 0x0,
    0x0, 0x8, 0xff, 0x30, 0x0, 0x0, 0x0, 0x0,
    0x8, 0xff, 0x30, 0x0, 0x0, 0x0, 0x0, 0x8,
    0xff, 0x30, 0x0, 0x0, 0x0, 0x0, 0x8, 0xff,
    0x30, 0x0, 0x0, 0x0, 0x0, 0x8, 0xff, 0x30,
    0x0, 0x0, 0x0, 0x0, 0x8, 0xff, 0x30, 0x0,
    0x0, 0x0, 0x0, 0x8, 0xff, 0x30, 0x0, 0x0,
    0x0, 0x0, 0x8, 0xff, 0x30, 0x0, 0x0,

    /* U+03A5 "Υ" */
    0x2f, 0xfe, 0x10, 0x0, 0x0, 0x0, 0x4f, 0xfc,
    0x0, 0x7f, 0xfa, 0x0, 0x0, 0x0, 0xd, 0xff,
    0x20, 0x0, 0xdf, 0xf3, 0x0, 0x0, 0x7, 0xff,
    0x80, 0x0, 0x3, 0xff, 0xd0, 0x0, 0x2, 0xff,
    0xe0, 0x0, 0x0, 0x9, 0xff, 0x70, 0x0, 0xbf,
    0xf4, 0x0, 0x0, 0x0, 0xe, 0xff, 0x10, 0x4f,
    0xfa, 0x0, 0x0, 0x0, 0x0, 0x5f, 0xf9, 0xd,
    0xff, 0x10, 0x0, 0x0, 0x0, 0x0, 0xbf, 0xf7,
    0xff, 0x60, 0x0, 0x0, 0x0, 0x0, 0x1, 0xff,
    0xff, 0xc0, 0x0, 0x0, 0x0, 0x0, 0x0, 0x6,
    0xff, 0xf2, 0x0, 0x0, 0x0, 0x0, 0x0, 0x0,
    0xf, 0xfb, 0x0, 0x0, 0x0, 0x0, 0x0, 0x0,
    0x0, 0xff, 0xb0, 0x0, 0x0, 0x0, 0x0, 0x0,
    0x0, 0xf, 0xfb, 0x0, 0x0, 0x0, 0x0, 0x0,
    0x0, 0x0, 0xff, 0xb0, 0x0, 0x0, 0x0, 0x0,
    0x0, 0x0, 0xf, 0xfb, 0x0, 0x0, 0x0, 0x0,
    0x0, 0x0, 0x0, 0xff, 0xb0, 0x0, 0x0, 0x0,
    0x0, 0x0, 0x0, 0xf, 0xfb, 0x0, 0x0, 0x0,
    0x0,

    /* U+03A6 "Φ" */
    0x0, 0x0, 0x0, 0x0, 0x7a, 0x90, 0x0, 0x0,
    0x0, 0x0, 0x0, 0x0, 0x1, 0x3c, 0xfe, 0x31,
    0x0, 0x0, 0x0, 0x0, 0x0, 0x6c, 0xff, 0xff,
    0xff, 0xfd, 0x70, 0x0, 0x0, 0x1, 0xbf, 0xff,
    0xff, 0xff, 0xff, 0xff, 0xd3, 0x0, 0x0, 0xdf,
    0xfb, 0x41, 0xaf, 0xe0, 0x39, 0xff, 0xf2, 0x0,
    0x9f, 0xf8, 0x0, 0xa, 0xfe, 0x0, 0x4, 0xff,
    0xd0, 0x2f, 0xfb, 0x0, 0x0, 0xaf, 0xe0, 0x0,
    0x8, 0xff, 0x56, 0xff, 0x50, 0x0, 0xa, 0xfe,
    0x0, 0x0, 0x1f, 0xfa, 0x9f, 0xf1, 0x0, 0x0,
    0xaf, 0xe0, 0x0, 0x0, 0xdf, 0xda, 0xff, 0x0,
    0x0, 0xa, 0xfe, 0x0, 0x0, 0xc, 0xfe, 0x9f,
    0xf1, 0x0, 0x0, 0xaf, 0xe0, 0x0, 0x0, 0xdf,
    0xd6, 0xff, 0x50, 0x0, 0xa, 0xfe, 0x0, 0x0,
    0x1f, 0xfa, 0x1f, 0xfb, 0x0, 0x0, 0xaf, 0xe0,
    0x0, 0x8, 0xff, 0x50, 0x9f, 0xf7, 0x0, 0xa,
    0xfe, 0x0, 0x4, 0xff, 0xd0, 0x0, 0xdf, 0xfb,
    0x41, 0xaf, 0xe0, 0x39, 0xff, 0xf2, 0x0, 0x1,
    0xbf, 0xff, 0xff, 0xff, 0xff, 0xff, 0xd2, 0x0,
    0x0, 0x0, 0x5c, 0xff, 0xff, 0xff, 0xfd, 0x70,
    0x0, 0x0, 0x0, 0x0, 0x0, 0x3b, 0xfe, 0x31,
    0x0, 0x0, 0x0, 0x0, 0x0, 0x0, 0x0, 0xaf,
    0xe0, 0x0, 0x0, 0x0, 0x0,

    /* U+03A7 "Χ" */
    0x8, 0xff, 0x80, 0x0, 0x0, 0x0, 0x9f, 0xf6,
    0x0, 0xd, 0xff, 0x30, 0x0, 0x0, 0x4f, 0xfb,
    0x0, 0x0, 0x2f, 0xfd, 0x0, 0x0, 0x1e, 0xfe,
    0x10, 0x0, 0x0, 0x7f, 0xf9, 0x0, 0xb, 0xff,
    0x50, 0x0, 0x0, 0x0, 0xbf, 0xf3, 0x5, 0xff,
    0x90, 0x0, 0x0, 0x0, 0x1, 0xef, 0xd1, 0xef,
    0xd0, 0x0, 0x0, 0x0, 0x0, 0x5, 0xff, 0xdf,
    0xf3, 0x0, 0x0, 0x0, 0x0, 0x0, 0xa, 0xff,
    0xf7, 0x0, 0x0, 0x0, 0x0, 0x0, 0x0, 0x4f,
    0xff, 0x30, 0x0, 0x0, 0x0, 0x0, 0x0, 0x1e,
    0xff, 0xfd, 0x0, 0x0, 0x0, 0x0, 0x0, 0xa,
    0xff, 0x8f, 0xf9, 0x0, 0x0, 0x0, 0x0, 0x6,
    0xff, 0x80, 0xcf, 0xf4, 0x0, 0x0, 0x0, 0x2,
    0xff, 0xd0, 0x2, 0xff, 0xe1, 0x0, 0x0, 0x0,
    0xcf, 0xf3, 0x0, 0x6, 0xff, 0xb0, 0x0, 0x0,
    0x9f, 0xf7, 0x0, 0x0, 0xb, 0xff, 0x60, 0x0,
    0x4f, 0xfc, 0x0, 0x0, 0x0, 0x1e, 0xff, 0x20,
    0x1e, 0xff, 0x20, 0x0, 0x0, 0x0, 0x4f, 0xfc,
    0x0,

    /* U+03A8 "Ψ" */
    0x1f, 0xf8, 0x0, 0x0, 0xaf, 0xe0, 0x0, 0x5,
    0xff, 0x41, 0xff, 0x80, 0x0, 0xa, 0xfe, 0x0,
    0x0, 0x5f, 0xf4, 0x1f, 0xf8, 0x0, 0x0, 0xaf,
    0xe0, 0x0, 0x5, 0xff, 0x41, 0xff, 0x80, 0x0,
    0xa, 0xfe, 0x0, 0x0, 0x5f, 0xf4, 0xf, 0xf8,
    0x0, 0x0, 0xaf, 0xe0, 0x0, 0x5, 0xff, 0x40,
    0xff, 0x90, 0x0, 0xa, 0xfe, 0x0, 0x0, 0x6f,
    0xf3, 0xe, 0xfb, 0x0, 0x0, 0xaf, 0xe0, 0x0,
    0x8, 0xff, 0x20, 0xaf, 0xf0, 0x0, 0xa, 0xfe,
    0x0, 0x0, 0xcf, 0xe0, 0x5, 0xff, 0x80, 0x0,
    0xaf, 0xe0, 0x0, 0x4f, 0xf8, 0x0, 0xc, 0xff,
    0xa3, 0x1a, 0xfe, 0x2, 0x8f, 0xfe, 0x10, 0x0,
    0x1c, 0xff, 0xff, 0xff, 0xff, 0xff, 0xfe, 0x30,
    0x0, 0x0, 0x6, 0xcf, 0xff, 0xff, 0xff, 0xd7,
    0x10, 0x0, 0x0, 0x0, 0x0, 0x1, 0xbf, 0xe2,
    0x0, 0x0, 0x0, 0x0, 0x0, 0x0, 0x0, 0xa,
    0xfe, 0x0, 0x0, 0x0, 0x0, 0x0, 0x0, 0x0,
    0x0, 0xaf, 0xe0, 0x0, 0x0, 0x0, 0x0, 0x0,
    0x0, 0x0, 0xa, 0xfe, 0x0, 0x0, 0x0, 0x0,
    0x0, 0x0, 0x0, 0x0, 0xaf, 0xe0, 0x0, 0x0,
    0x0, 0x0,

    /* U+03A9 "Ω" */
    0x0, 0x0, 0x28, 0xce, 0xfd, 0xb5, 0x0, 0x0,
    0x0, 0x0, 0x8f, 0xff, 0xff, 0xff, 0xfd, 0x30,
    0x0, 0x0, 0xaf, 0xff, 0xb7, 0x78, 0xdf, 0xff,
    0x40, 0x0, 0x7f, 0xfd, 0x20, 0x0, 0x0, 0x6f,
    0xfe, 0x10, 0x1f, 0xfe, 0x10, 0x0, 0x0, 0x0,
    0x6f, 0xf9, 0x5, 0xff, 0x70, 0x0, 0x0, 0x0,
    0x0, 0xdf, 0xe0, 0x9f, 0xf2, 0x0, 0x0, 0x0,
    0x0, 0x9, 0xff, 0x2a, 0xff, 0x10, 0x0, 0x0,
    0x0, 0x0, 0x7f, 0xf3, 0xaf, 0xf1, 0x0, 0x0,
    0x0, 0x0, 0x7, 0xff, 0x37, 0xff, 0x40, 0x0,
    0x0, 0x0, 0x0, 0xaf, 0xf0, 0x3f, 0xf9, 0x0,
    0x0, 0x0, 0x0, 0xe, 0xfc, 0x0, 0xbf, 0xf3,
    0x0, 0x0, 0x0, 0x9, 0xff, 0x40, 0x1, 0xdf,
    0xf5, 0x0, 0x0, 0x1a, 0xff, 0x80, 0x0, 0x1,
    0x8e, 0xfc, 0x0, 0x3f, 0xfc, 0x50, 0x0, 0x23,
    0x33, 0x7f, 0xd0, 0x4, 0xfe, 0x33, 0x33, 0xa,
    0xff, 0xff, 0xfd, 0x0, 0x4f, 0xff, 0xff, 0xf3,
    0xaf, 0xff, 0xff, 0xd0, 0x4, 0xff, 0xff, 0xff,
    0x30,

    /* U+03AA "Ϊ" */
    0x4e, 0xb0, 0x4, 0xec, 0xa, 0xff, 0x30, 0xaf,
    0xf3, 0x4d, 0xa0, 0x4, 0xdb, 0x0, 0x0, 0x0,
    0x0, 0x0, 0x0, 0x0, 0x0, 0x0, 0x0, 0x1,
    0xff, 0x90, 0x0, 0x0, 0x1f, 0xf9, 0x0, 0x0,
    0x1, 0xff, 0x90, 0x0, 0x0, 0x1f, 0xf9, 0x0,
    0x0, 0x1, 0xff, 0x90, 0x0, 0x0, 0x1f, 0xf9,
    0x0, 0x0, 0x1, 0xff, 0x90, 0x0, 0x0, 0x1f,
    0xf9, 0x0, 0x0, 0x1, 0xff, 0x90, 0x0, 0x0,
    0x1f, 0xf9, 0x0, 0x0, 0x1, 0xff, 0x90, 0x0,
    0x0, 0x1f, 0xf9, 0x0, 0x0, 0x1, 0xff, 0x90,
    0x0, 0x0, 0x1f, 0xf9, 0x0, 0x0, 0x1, 0xff,
    0x90, 0x0, 0x0, 0x1f, 0xf9, 0x0, 0x0, 0x1,
    0xff, 0x90, 0x0,

    /* U+03AB "Ϋ" */
    0x0, 0x0, 0x3e, 0xc0, 0x3, 0xec, 0x10, 0x0,
    0x0, 0x0, 0x9, 0xff, 0x40, 0x9f, 0xf5, 0x0,
    0x0, 0x0, 0x0, 0x3d, 0xb0, 0x3, 0xdb, 0x0,
    0x0, 0x0, 0x0, 0x0, 0x0, 0x0, 0x0, 0x0,
    0x0, 0x0, 0x0, 0x0, 0x0, 0x0, 0x0, 0x0,
    0x0, 0x0, 0x2, 0xff, 0xe1, 0x0, 0x0, 0x0,
    0x4, 0xff, 0xc0, 0x7, 0xff, 0xa0, 0x0, 0x0,
    0x0, 0xdf, 0xf2, 0x0, 0xd, 0xff, 0x30, 0x0,
    0x0, 0x7f, 0xf8, 0x0, 0x0, 0x3f, 0xfd, 0x0,
    0x0, 0x2f, 0xfe, 0x0, 0x0, 0x0, 0x9f, 0xf7,
    0x0, 0xb, 0xff, 0x40, 0x0, 0x0, 0x0, 0xef,
    0xf1, 0x4, 0xff, 0xa0, 0x0, 0x0, 0x0, 0x5,
    0xff, 0x90, 0xdf, 0xf1, 0x0, 0x0, 0x0, 0x0,
    0xb, 0xff, 0x7f, 0xf6, 0x0, 0x0, 0x0, 0x0,
    0x0, 0x1f, 0xff, 0xfc, 0x0, 0x0, 0x0, 0x0,
    0x0, 0x0, 0x6f, 0xff, 0x20, 0x0, 0x0, 0x0,
    0x0, 0x0, 0x0, 0xff, 0xb0, 0x0, 0x0, 0x0,
    0x0, 0x0, 0x0, 0xf, 0xfb, 0x0, 0x0, 0x0,
    0x0, 0x0, 0x0, 0x0, 0xff, 0xb0, 0x0, 0x0,
    0x0, 0x0, 0x0, 0x0, 0xf, 0xfb, 0x0, 0x0,
    0x0, 0x0, 0x0, 0x0, 0x0, 0xff, 0xb0, 0x0,
    0x0, 0x0, 0x0, 0x0, 0x0, 0xf, 0xfb, 0x0,
    0x0, 0x0, 0x0, 0x0, 0x0, 0x0, 0xff, 0xb0,
    0x0, 0x0, 0x0,

    /* U+03AC "ά" */
    0x0, 0x0, 0x3, 0xff, 0x30, 0x0, 0x0, 0x0,
    0x0, 0x0, 0x5f, 0xd0, 0x0, 0x0, 0x0, 0x0,
    0x0, 0x7, 0xf7, 0x0, 0x0, 0x0, 0x0, 0x0,
    0x0, 0x37, 0x10, 0x0, 0x0, 0x0, 0x0, 0x0,
    0x0, 0x0, 0x0, 0x0, 0x0, 0x0, 0x0, 0x6c,
    0xef, 0xd6, 0x0, 0x6f, 0xf0, 0x1, 0xcf, 0xff,
    0xff, 0xfa, 0x9, 0xfb, 0x0, 0xbf, 0xfa, 0x32,
    0x5d, 0xf5, 0xcf, 0x70, 0x4f, 0xfa, 0x0, 0x0,
    0x1e, 0xdf, 0xf2, 0x9, 0xff, 0x10, 0x0, 0x0,
    0x6f, 0xfe, 0x0, 0xcf, 0xe0, 0x0, 0x0, 0x0,
    0xef, 0xa0, 0xd, 0xfc, 0x0, 0x0, 0x0, 0xb,
    0xf7, 0x0, 0xcf, 0xe0, 0x0, 0x0, 0x0, 0xff,
    0xb0, 0x9, 0xff, 0x10, 0x0, 0x0, 0x7f, 0xff,
    0x0, 0x4f, 0xf9, 0x0, 0x0, 0x3e, 0xce, 0xf4,
    0x0, 0xbf, 0xfa, 0x43, 0x7f, 0xf4, 0xbf, 0x90,
    0x1, 0xcf, 0xff, 0xff, 0xf9, 0x7, 0xfd, 0x0,
    0x0, 0x6c, 0xff, 0xc6, 0x0, 0x3f, 0xf2,

    /* U+03AD "έ" */
    0x0, 0x0, 0xd, 0xf9, 0x0, 0x0, 0x0, 0x0,
    0xff, 0x30, 0x0, 0x0, 0x0, 0x1f, 0xd0, 0x0,
    0x0, 0x0, 0x1, 0x74, 0x0, 0x0, 0x0, 0x0,
    0x0, 0x0, 0x0, 0x0, 0x5, 0xbe, 0xfe, 0xc6,
    0x0, 0xb, 0xff, 0xff, 0xff, 0xfb, 0x6, 0xff,
    0xb3, 0x12, 0x9f, 0xf7, 0x9f, 0xf0, 0x0, 0x0,
    0x76, 0x26, 0xff, 0x60, 0x0, 0x0, 0x0, 0x9,
    0xff, 0xfd, 0xd3, 0x0, 0x0, 0x3b, 0xff, 0xff,
    0x30, 0x0, 0x4f, 0xfa, 0x20, 0x0, 0x0, 0xb,
    0xfe, 0x0, 0x0, 0x0, 0x0, 0xcf, 0xe0, 0x0,
    0x0, 0xbf, 0xa8, 0xff, 0xb4, 0x12, 0x8f, 0xf7,
    0xc, 0xff, 0xff, 0xff, 0xfb, 0x0, 0x5, 0xbe,
    0xff, 0xc7, 0x0,

    /* U+03AE "ή" */
    0x0, 0x0, 0x2, 0xff, 0x40, 0x0, 0x0, 0x0,
    0x4, 0xfe, 0x0, 0x0, 0x0, 0x0, 0x5, 0xf8,
    0x0, 0x0, 0x0, 0x0, 0x3, 0x71, 0x0, 0x0,
    0x0, 0x0, 0x0, 0x0, 0x0, 0x0, 0x4f, 0xf3,
    0x2a, 0xef, 0xd7, 0x0, 0x4f, 0xf6, 0xff, 0xff,
    0xff, 0xa0, 0x4f, 0xfe, 0xb3, 0x14, 0xef, 0xf4,
    0x4f, 0xfc, 0x0, 0x0, 0x3f, 0xf9, 0x4f, 0xf6,
    0x0, 0x0, 0xf, 0xfb, 0x4f, 0xf5, 0x0, 0x0,
    0xe, 0xfb, 0x4f, 0xf5, 0x0, 0x0, 0xe, 0xfb,
    0x4f, 0xf5, 0x0, 0x0, 0xe, 0xfb, 0x4f, 0xf5,
    0x0, 0x0, 0xe, 0xfb, 0x4f, 0xf5, 0x0, 0x0,
    0xe, 0xfb, 0x4f, 0xf5, 0x0, 0x0, 0xe, 0xfb,
    0x4f, 0xf5, 0x0, 0x0, 0xe, 0xfb, 0x4f, 0xf5,
    0x0, 0x0, 0xe, 0xfb, 0x0, 0x0, 0x0, 0x0,
    0xe, 0xfb, 0x0, 0x0, 0x0, 0x0, 0xe, 0xfb,
    0x0, 0x0, 0x0, 0x0, 0xe, 0xfb, 0x0, 0x0,
    0x0, 0x0, 0xe, 0xfb, 0x0, 0x0, 0x0, 0x0,
    0xe, 0xfb,

    /* U+03AF "ί" */
    0x7, 0xfe, 0x0, 0x9, 0xf9, 0x0, 0xb, 0xf3,
    0x0, 0x5, 0x60, 0x0, 0x0, 0x0, 0x0, 0x4f,
    0xf5, 0x0, 0x4f, 0xf5, 0x0, 0x4f, 0xf5, 0x0,
    0x4f, 0xf5, 0x0, 0x4f, 0xf5, 0x0, 0x4f, 0xf5,
    0x0, 0x4f, 0xf5, 0x0, 0x4f, 0xf5, 0x0, 0x4f,
    0xf5, 0x0, 0x4f, 0xf5, 0x0, 0x2f, 0xf9, 0x20,
    0xd, 0xff, 0xf5, 0x2, 0xbe, 0xf7,

    /* U+03B0 "ΰ" */
    0x0, 0x0, 0x5, 0xff, 0x10, 0x0, 0x0, 0x0,
    0x7, 0xfb, 0x0, 0x0, 0x0, 0x0, 0x9, 0xf5,
    0x0, 0x0, 0x0, 0x0, 0x4, 0x70, 0x0, 0x0,
    0x6, 0xfa, 0x0, 0x0, 0x4e, 0xc0, 0xc, 0xff,
    0x0, 0x0, 0xaf, 0xf3, 0x5, 0xd8, 0x0, 0x0,
    0x3d, 0xa0, 0x0, 0x0, 0x0, 0x0, 0x0, 0x0,
    0x4f, 0xf5, 0x0, 0x0, 0xe, 0xfb, 0x4f, 0xf5,
    0x0, 0x0, 0xe, 0xfb, 0x4f, 0xf5, 0x0, 0x0,
    0xe, 0xfb, 0x4f, 0xf5, 0x0, 0x0, 0xe, 0xfb,
    0x4f, 0xf5, 0x0, 0x0, 0xe, 0xfb, 0x4f, 0xf5,
    0x0, 0x0, 0xe, 0xfb, 0x4f, 0xf5, 0x0, 0x0,
    0xe, 0xfb, 0x4f, 0xf5, 0x0, 0x0, 0xe, 0xfb,
    0x3f, 0xf6, 0x0, 0x0, 0xf, 0xfa, 0x1f, 0xfb,
    0x0, 0x0, 0x5f, 0xf7, 0xa, 0xff, 0xa5, 0x47,
    0xff, 0xf2, 0x1, 0xdf, 0xff, 0xff, 0xff, 0x60,
    0x0, 0x7, 0xcf, 0xfe, 0xa3, 0x0,

    /* U+03B1 "α" */
    0x0, 0x6, 0xce, 0xfd, 0x60, 0x6, 0xff, 0x0,
    0x1c, 0xff, 0xff, 0xff, 0xa0, 0x9f, 0xb0, 0xb,
    0xff, 0xa3, 0x25, 0xdf, 0x5c, 0xf7, 0x4, 0xff,
    0xa0, 0x0, 0x1, 0xed, 0xff, 0x20, 0x9f, 0xf1,
    0x0, 0x0, 0x6, 0xff, 0xe0, 0xc, 0xfe, 0x0,
    0x0, 0x0, 0xe, 0xfa, 0x0, 0xdf, 0xc0, 0x0,
    0x0, 0x0, 0xbf, 0x70, 0xc, 0xfe, 0x0, 0x0,
    0x0, 0xf, 0xfb, 0x0, 0x9f, 0xf1, 0x0, 0x0,
    0x7, 0xff, 0xf0, 0x4, 0xff, 0x90, 0x0, 0x3,
    0xec, 0xef, 0x40, 0xb, 0xff, 0xa4, 0x37, 0xff,
    0x4b, 0xf9, 0x0, 0x1c, 0xff, 0xff, 0xff, 0x90,
    0x7f, 0xd0, 0x0, 0x6, 0xcf, 0xfc, 0x60, 0x3,
    0xff, 0x20,

    /* U+03B2 "β" */
    0x0, 0x7, 0xce, 0xfd, 0x91, 0x0, 0x0, 0xc,
    0xff, 0xff, 0xff, 0xf4, 0x0, 0xa, 0xff, 0xb6,
    0x59, 0xff, 0xe0, 0x0, 0xff, 0xa0, 0x0, 0x6,
    0xff, 0x50, 0x3f, 0xf5, 0x0, 0x0, 0x1f, 0xf7,
    0x4, 0xff, 0x40, 0x0, 0x4, 0xff, 0x40, 0x4f,
    0xf4, 0x0, 0x4, 0xdf, 0xb0, 0x4, 0xff, 0x40,
    0xcf, 0xfe, 0x70, 0x0, 0x4f, 0xf4, 0xc, 0xff,
    0xfc, 0x40, 0x4, 0xff, 0x40, 0x0, 0x28, 0xff,
    0x60, 0x4f, 0xf4, 0x0, 0x0, 0xa, 0xfe, 0x4,
    0xff, 0x40, 0x0, 0x0, 0x6f, 0xf2, 0x4f, 0xf5,
    0x0, 0x0, 0x7, 0xff, 0x24, 0xff, 0xc0, 0x0,
    0x0, 0xdf, 0xe0, 0x4f, 0xff, 0xc6, 0x46, 0xdf,
    0xf8, 0x4, 0xff, 0x9f, 0xff, 0xff, 0xfb, 0x0,
    0x4f, 0xf4, 0x5c, 0xfe, 0xc5, 0x0, 0x4, 0xff,
    0x40, 0x0, 0x0, 0x0, 0x0, 0x4f, 0xf4, 0x0,
    0x0, 0x0, 0x0, 0x4, 0xff, 0x40, 0x0, 0x0,
    0x0, 0x0, 0x4f, 0xf4, 0x0, 0x0, 0x0, 0x0,
    0x4, 0xff, 0x40, 0x0, 0x0, 0x0, 0x0,

    /* U+03B3 "γ" */
    0x4f, 0xf8, 0x0, 0x0, 0x0, 0xbf, 0xf1, 0xe,
    0xfd, 0x0, 0x0, 0x1, 0xff, 0xa0, 0x8, 0xff,
    0x30, 0x0, 0x6, 0xff, 0x40, 0x2, 0xff, 0x80,
    0x0, 0xb, 0xfe, 0x0, 0x0, 0xcf, 0xe0, 0x0,
    0x1f, 0xf8, 0x0, 0x0, 0x6f, 0xf3, 0x0, 0x6f,
    0xf2, 0x0, 0x0, 0xf, 0xf9, 0x0, 0xcf, 0xc0,
    0x0, 0x0, 0xa, 0xfe, 0x2, 0xff, 0x60, 0x0,
    0x0, 0x3, 0xff, 0x37, 0xff, 0x10, 0x0, 0x0,
    0x0, 0xdf, 0x8b, 0xfa, 0x0, 0x0, 0x0, 0x0,
    0x7f, 0xdf, 0xf4, 0x0, 0x0, 0x0, 0x0, 0x1f,
    0xff, 0xe0, 0x0, 0x0, 0x0, 0x0, 0xb, 0xff,
    0x80, 0x0, 0x0, 0x0, 0x0, 0x6, 0xff, 0x30,
    0x0, 0x0, 0x0, 0x0, 0x6, 0xff, 0x30, 0x0,
    0x0, 0x0, 0x0, 0x6, 0xff, 0x30, 0x0, 0x0,
    0x0, 0x0, 0x6, 0xff, 0x30, 0x0, 0x0, 0x0,
    0x0, 0x6, 0xff, 0x30, 0x0, 0x0,

    /* U+03B4 "δ" */
    0x0, 0x3, 0x9c, 0xef, 0xff, 0x30, 0x0, 0x8,
    0xff, 0xff, 0xff, 0xf3, 0x0, 0x1, 0xff, 0xe6,
    0x32, 0x22, 0x0, 0x0, 0xf, 0xf7, 0x0, 0x0,
    0x0, 0x0, 0x0, 0x5e, 0xe6, 0x0, 0x0, 0x0,
    0x0, 0x0, 0x3a, 0xff, 0xb6, 0x0, 0x0, 0x1,
    0xbf, 0xff, 0xff, 0xfd, 0x20, 0x0, 0xdf, 0xf6,
    0x10, 0x5e, 0xfe, 0x10, 0x6f, 0xf6, 0x0, 0x0,
    0x4f, 0xf8, 0xb, 0xff, 0x0, 0x0, 0x0, 0xcf,
    0xd0, 0xdf, 0xc0, 0x0, 0x0, 0xa, 0xff, 0xd,
    0xfc, 0x0, 0x0, 0x0, 0x9f, 0xf0, 0xbf, 0xe0,
    0x0, 0x0, 0xc, 0xfe, 0x6, 0xff, 0x60, 0x0,
    0x3, 0xff, 0xa0, 0xe, 0xff, 0x84, 0x37, 0xff,
    0xf3, 0x0, 0x3e, 0xff, 0xff, 0xff, 0xf5, 0x0,
    0x0, 0x17, 0xcf, 0xfd, 0x92, 0x0, 0x0,

    /* U+03B5 "ε" */
    0x0, 0x5b, 0xef, 0xec, 0x60, 0x0, 0xbf, 0xff,
    0xff, 0xff, 0xb0, 0x6f, 0xfb, 0x31, 0x29, 0xff,
    0x79, 0xff, 0x0, 0x0, 0x7, 0x62, 0x6f, 0xf6,
    0x0, 0x0, 0x0, 0x0, 0x9f, 0xff, 0xdd, 0x30,
    0x0, 0x3, 0xbf, 0xff, 0xf3, 0x0, 0x4, 0xff,
    0xa2, 0x0, 0x0, 0x0, 0xbf, 0xe0, 0x0, 0x0,
    0x0, 0xc, 0xfe, 0x0, 0x0, 0xb, 0xfa, 0x8f,
    0xfb, 0x41, 0x28, 0xff, 0x70, 0xcf, 0xff, 0xff,
    0xff, 0xb0, 0x0, 0x5b, 0xef, 0xfc, 0x70, 0x0,

    /* U+03B6 "ζ" */
    0x5f, 0xff, 0xff, 0xff, 0xff, 0x25, 0xff, 0xff,
    0xff, 0xff, 0xf1, 0x1, 0x11, 0x11, 0x3d, 0xf8,
    0x0, 0x0, 0x0, 0x2e, 0xfb, 0x0, 0x0, 0x0,
    0x1d, 0xfd, 0x10, 0x0, 0x0, 0xc, 0xff, 0x20,
    0x0, 0x0, 0x9, 0xff, 0x40, 0x0, 0x0, 0x6,
    0xff, 0x70, 0x0, 0x0, 0x3, 0xff, 0xa0, 0x0,
    0x0, 0x0, 0xdf, 0xd0, 0x0, 0x0, 0x0, 0x7f,
    0xf3, 0x0, 0x0, 0x0, 0xc, 0xfc, 0x0, 0x0,
    0x0, 0x0, 0xdf, 0xb0, 0x0, 0x0, 0x0, 0xc,
    0xfe, 0x10, 0x0, 0x0, 0x0, 0x6f, 0xfd, 0x52,
    0x10, 0x0, 0x0, 0xaf, 0xff, 0xff, 0xfd, 0x40,
    0x0, 0x5b, 0xef, 0xff, 0xff, 0x10, 0x0, 0x0,
    0x0, 0x3f, 0xf4, 0x0, 0x0, 0x0, 0x0, 0xff,
    0x50, 0x0, 0x0, 0x0, 0xf, 0xf6, 0x0, 0x0,
    0x0, 0x0, 0x78, 0x30,

    /* U+03B7 "η" */
    0x4f, 0xf3, 0x2a, 0xef, 0xd7, 0x0, 0x4f, 0xf6,
    0xff, 0xff, 0xff, 0xa0, 0x4f, 0xfe, 0xb3, 0x14,
    0xef, 0xf4, 0x4f, 0xfc, 0x0, 0x0, 0x3f, 0xf9,
    0x4f, 0xf6, 0x0, 0x0, 0xf, 0xfb, 0x4f, 0xf5,
    0x0, 0x0, 0xe, 0xfb, 0x4f, 0xf5, 0x0, 0x0,
    0xe, 0xfb, 0x4f, 0xf5, 0x0, 0x0, 0xe, 0xfb,
    0x4f, 0xf5, 0x0, 0x0, 0xe, 0xfb, 0x4f, 0xf5,
    0x0, 0x0, 0xe, 0xfb, 0x4f, 0xf5, 0x0, 0x0,
    0xe, 0xfb, 0x4f, 0xf5, 0x0, 0x0, 0xe, 0xfb,
    0x4f, 0xf5, 0x0, 0x0, 0xe, 0xfb, 0x0, 0x0,
    0x0, 0x0, 0xe, 0xfb, 0x0, 0x0, 0x0, 0x0,
    0xe, 0xfb, 0x0, 0x0, 0x0, 0x0, 0xe, 0xfb,
    0x0, 0x0, 0x0, 0x0, 0xe, 0xfb, 0x0, 0x0,
    0x0, 0x0, 0xe, 0xfb,

    /* U+03B8 "θ" */
    0x0, 0x2, 0xad, 0xfd, 0x92, 0x0, 0x0, 0x5,
    0xff, 0xff, 0xff, 0xf4, 0x0, 0x3, 0xff, 0xc4,
    0x25, 0xcf, 0xf2, 0x0, 0xcf, 0xc0, 0x0, 0x0,
    0xdf, 0xb0, 0x2f, 0xf4, 0x0, 0x0, 0x5, 0xff,
    0x16, 0xff, 0x0, 0x0, 0x0, 0x1f, 0xf5, 0x8f,
    0xe0, 0x0, 0x0, 0x0, 0xff, 0x8a, 0xff, 0xff,
    0xff, 0xff, 0xff, 0xf9, 0xaf, 0xff, 0xff, 0xff,
    0xff, 0xff, 0xaa, 0xfe, 0x0, 0x0, 0x0, 0xf,
    0xf9, 0x8f, 0xf0, 0x0, 0x0, 0x0, 0xff, 0x86,
    0xff, 0x20, 0x0, 0x0, 0x3f, 0xf5, 0x2f, 0xf7,
    0x0, 0x0, 0x7, 0xff, 0x10, 0xcf, 0xe1, 0x0,
    0x1, 0xef, 0xb0, 0x3, 0xff, 0xd5, 0x35, 0xdf,
    0xf2, 0x0, 0x5, 0xff, 0xff, 0xff, 0xf4, 0x0,
    0x0, 0x2, 0xad, 0xfd, 0x92, 0x0, 0x0,

    /* U+03B9 "ι" */
    0x4f, 0xf5, 0x0, 0x4f, 0xf5, 0x0, 0x4f, 0xf5,
    0x0, 0x4f, 0xf5, 0x0, 0x4f, 0xf5, 0x0, 0x4f,
    0xf5, 0x0, 0x4f, 0xf5, 0x0, 0x4f, 0xf5, 0x0,
    0x4f, 0xf5, 0x0, 0x4f, 0xf5, 0x0, 0x2f, 0xf9,
    0x20, 0xd, 0xff, 0xf5, 0x2, 0xbe, 0xf7,

    /* U+03BA "κ" */
    0x4f, 0xf5, 0x0, 0x0, 0xaf, 0xf7, 0x4f, 0xf5,
    0x0, 0x5, 0xff, 0xa0, 0x4f, 0xf5, 0x0, 0x2f,
    0xfd, 0x0, 0x4f, 0xf5, 0x0, 0xcf, 0xf2, 0x0,
    0x4f, 0xf5, 0x8, 0xff, 0x50, 0x0, 0x4f, 0xf5,
    0x4f, 0xf9, 0x0, 0x0, 0x4f, 0xff, 0xff, 0xc0,
    0x0, 0x0, 0x4f, 0xfd, 0xef, 0xe1, 0x0, 0x0,
    0x4f, 0xf5, 0x2f, 0xfc, 0x0, 0x0, 0x4f, 0xf5,
    0x5, 0xff, 0xb0, 0x0, 0x4f, 0xf5, 0x0, 0x7f,
    0xf9, 0x0, 0x4f, 0xf5, 0x0, 0xa, 0xff, 0x70,
    0x4f, 0xf5, 0x0, 0x0, 0xcf, 0xf5,

    /* U+03BB "λ" */
    0x2, 0xef, 0xd8, 0x0, 0x0, 0x0, 0x0, 0x0,
    0x0, 0xef, 0xff, 0xc0, 0x0, 0x0, 0x0, 0x0,
    0x0, 0x22, 0x8f, 0xf6, 0x0, 0x0, 0x0, 0x0,
    0x0, 0x0, 0xc, 0xfe, 0x0, 0x0, 0x0, 0x0,
    0x0, 0x0, 0x8, 0xff, 0x40, 0x0, 0x0, 0x0,
    0x0, 0x0, 0xe, 0xff, 0xb0, 0x0, 0x0, 0x0,
    0x0, 0x0, 0x4f, 0xff, 0xf1, 0x0, 0x0, 0x0,
    0x0, 0x0, 0xbf, 0xad, 0xf7, 0x0, 0x0, 0x0,
    0x0, 0x1, 0xff, 0x58, 0xfe, 0x0, 0x0, 0x0,
    0x0, 0x7, 0xff, 0x3, 0xff, 0x40, 0x0, 0x0,
    0x0, 0xd, 0xfb, 0x0, 0xdf, 0xa0, 0x0, 0x0,
    0x0, 0x4f, 0xf5, 0x0, 0x6f, 0xf1, 0x0, 0x0,
    0x0, 0xaf, 0xe0, 0x0, 0x1f, 0xf7, 0x0, 0x0,
    0x1, 0xff, 0x90, 0x0, 0xa, 0xfd, 0x0, 0x0,
    0x7, 0xff, 0x30, 0x0, 0x2, 0xff, 0x70, 0x0,
    0xd, 0xfd, 0x0, 0x0, 0x0, 0x9f, 0xfe, 0xe0,
    0x4f, 0xf8, 0x0, 0x0, 0x0, 0x6, 0xdf, 0xf5,

    /* U+03BC "μ" */
    0x4f, 0xf5, 0x0, 0x0, 0xd, 0xfb, 0x0, 0x4f,
    0xf5, 0x0, 0x0, 0xd, 0xfb, 0x0, 0x4f, 0xf5,
    0x0, 0x0, 0xd, 0xfb, 0x0, 0x4f, 0xf5, 0x0,
    0x0, 0xd, 0xfb, 0x0, 0x4f, 0xf5, 0x0, 0x0,
    0xd, 0xfb, 0x0, 0x4f, 0xf5, 0x0, 0x0, 0xd,
    0xfb, 0x0, 0x4f, 0xf5, 0x0, 0x0, 0xd, 0xfb,
    0x0, 0x4f, 0xf5, 0x0, 0x0, 0xd, 0xfb, 0x0,
    0x4f, 0xf6, 0x0, 0x0, 0xf, 0xfb, 0x0, 0x4f,
    0xfa, 0x0, 0x0, 0x3f, 0xfb, 0x0, 0x4f, 0xff,
    0x81, 0x4, 0xdf, 0xfd, 0x0, 0x4f, 0xfc, 0xff,
    0xff, 0xf8, 0xff, 0xf4, 0x4f, 0xf5, 0x7e, 0xfb,
    0x30, 0x8e, 0xf4, 0x4f, 0xf5, 0x0, 0x0, 0x0,
    0x0, 0x0, 0x4f, 0xf5, 0x0, 0x0, 0x0, 0x0,
    0x0, 0x4f, 0xf5, 0x0, 0x0, 0x0, 0x0, 0x0,
    0x4f, 0xf5, 0x0, 0x0, 0x0, 0x0, 0x0, 0x4f,
    0xf5, 0x0, 0x0, 0x0, 0x0, 0x0,

    /* U+03BD "ν" */
    0x7f, 0xc4, 0x0, 0x0, 0x0, 0x2f, 0xf9, 0x7f,
    0xff, 0x30, 0x0, 0x0, 0x8f, 0xf3, 0x4, 0xff,
    0xa0, 0x0, 0x0, 0xdf, 0xd0, 0x0, 0x9f, 0xf0,
    0x0, 0x3, 0xff, 0x60, 0x0, 0x3f, 0xf6, 0x0,
    0x9, 0xff, 0x10, 0x0, 0xd, 0xfb, 0x0, 0xe,
    0xfa, 0x0, 0x0, 0x7, 0xff, 0x10, 0x4f, 0xf4,
    0x0, 0x0, 0x1, 0xff, 0x70, 0x9f, 0xe0, 0x0,
    0x0, 0x0, 0xbf, 0xc0, 0xef, 0x80, 0x0, 0x0,
    0x0, 0x5f, 0xf4, 0xff, 0x20, 0x0, 0x0, 0x0,
    0xe, 0xfd, 0xfc, 0x0, 0x0, 0x0, 0x0, 0x9,
    0xff, 0xf6, 0x0, 0x0, 0x0, 0x0, 0x3, 0xff,
    0xf0, 0x0, 0x0,

    /* U+03BE "ξ" */
    0x1f, 0xff, 0xff, 0xff, 0xff, 0x91, 0xff, 0xff,
    0xff, 0xff, 0xf8, 0x0, 0x4b, 0xc6, 0x20, 0x0,
    0x0, 0x6f, 0xd0, 0x0, 0x0, 0x0, 0xe, 0xf9,
    0x0, 0x0, 0x0, 0x0, 0xef, 0xd0, 0x0, 0x0,
    0x0, 0x7, 0xff, 0xa3, 0x0, 0x0, 0x0, 0x5,
    0xae, 0xff, 0xff, 0xb0, 0x0, 0x4b, 0xff, 0xff,
    0xfb, 0x0, 0xaf, 0xf8, 0x32, 0x11, 0x10, 0x5f,
    0xf3, 0x0, 0x0, 0x0, 0xa, 0xfd, 0x0, 0x0,
    0x0, 0x0, 0xcf, 0xd0, 0x0, 0x0, 0x0, 0xa,
    0xff, 0x30, 0x0, 0x0, 0x0, 0x4f, 0xfe, 0x73,
    0x11, 0x0, 0x0, 0x7f, 0xff, 0xff, 0xff, 0xa0,
    0x0, 0x3a, 0xdf, 0xff, 0xff, 0x90, 0x0, 0x0,
    0x0, 0x9, 0xfd, 0x0, 0x0, 0x0, 0x0, 0x6f,
    0xe0, 0x0, 0x0, 0x0, 0x6, 0xff, 0x0, 0x0,
    0x0, 0x0, 0x38, 0x70,

    /* U+03BF "ο" */
    0x0, 0x6, 0xce, 0xfd, 0x92, 0x0, 0x0, 0x1b,
    0xff, 0xff, 0xff, 0xf5, 0x0, 0xb, 0xff, 0xa3,
    0x26, 0xef, 0xf3, 0x4, 0xff, 0x90, 0x0, 0x2,
    0xff, 0xc0, 0x9f, 0xf1, 0x0, 0x0, 0x9, 0xff,
    0x1c, 0xfd, 0x0, 0x0, 0x0, 0x5f, 0xf4, 0xdf,
    0xc0, 0x0, 0x0, 0x4, 0xff, 0x5c, 0xfd, 0x0,
    0x0, 0x0, 0x5f, 0xf4, 0x9f, 0xf1, 0x0, 0x0,
    0x9, 0xff, 0x14, 0xff, 0x90, 0x0, 0x2, 0xff,
    0xc0, 0xb, 0xff, 0xa3, 0x26, 0xef, 0xf3, 0x0,
    0x1b, 0xff, 0xff, 0xff, 0xf5, 0x0, 0x0, 0x6,
    0xce, 0xfd, 0x92, 0x0, 0x0,

    /* U+03C0 "π" */
    0x8f, 0xff, 0xff, 0xff, 0xff, 0xff, 0xff, 0x48,
    0xff, 0xff, 0xff, 0xff, 0xff, 0xff, 0xf4, 0x0,
    0x7f, 0xf1, 0x0, 0x8, 0xff, 0x0, 0x0, 0x7,
    0xff, 0x10, 0x0, 0x8f, 0xf0, 0x0, 0x0, 0x7f,
    0xf1, 0x0, 0x8, 0xff, 0x0, 0x0, 0x7, 0xff,
    0x10, 0x0, 0x8f, 0xf0, 0x0, 0x0, 0x7f, 0xf1,
    0x0, 0x8, 0xff, 0x0, 0x0, 0x7, 0xff, 0x10,
    0x0, 0x8f, 0xf0, 0x0, 0x0, 0x7f, 0xf1, 0x0,
    0x8, 0xff, 0x0, 0x0, 0x7, 0xff, 0x10, 0x0,
    0x8f, 0xf0, 0x0, 0x0, 0x7f, 0xf1, 0x0, 0x6,
    0xff, 0x51, 0x0, 0x7, 0xff, 0x10, 0x0, 0x2f,
    0xff, 0xf0, 0x0, 0x7f, 0xf1, 0x0, 0x0, 0x5d,
    0xfe, 0x30,

    /* U+03C1 "ρ" */
    0x0, 0x2, 0x9d, 0xfe, 0xb5, 0x0, 0x0, 0x4,
    0xff, 0xff, 0xff, 0xfb, 0x0, 0x2, 0xff, 0xe5,
    0x24, 0xbf, 0xf9, 0x0, 0xaf, 0xf2, 0x0, 0x0,
    0xbf, 0xf2, 0xf, 0xf9, 0x0, 0x0, 0x3, 0xff,
    0x72, 0xff, 0x60, 0x0, 0x0, 0xf, 0xf9, 0x3f,
    0xf4, 0x0, 0x0, 0x0, 0xff, 0xb4, 0xff, 0x60,
    0x0, 0x0, 0xf, 0xf9, 0x4f, 0xf9, 0x0, 0x0,
    0x4, 0xff, 0x74, 0xff, 0xf2, 0x0, 0x0, 0xcf,
    0xf2, 0x4f, 0xff, 0xe5, 0x24, 0xbf, 0xfa, 0x4,
    0xff, 0x6e, 0xff, 0xff, 0xfc, 0x10, 0x4f, 0xf5,
    0x2a, 0xef, 0xd7, 0x0, 0x4, 0xff, 0x50, 0x0,
    0x0, 0x0, 0x0, 0x4f, 0xf5, 0x0, 0x0, 0x0,
    0x0, 0x4, 0xff, 0x50, 0x0, 0x0, 0x0, 0x0,
    0x4f, 0xf5, 0x0, 0x0, 0x0, 0x0, 0x4, 0xff,
    0x50, 0x0, 0x0, 0x0, 0x0,

    /* U+03C2 "ς" */
    0x0, 0x5, 0xce, 0xfd, 0x92, 0x0, 0x0, 0xbf,
    0xff, 0xff, 0xff, 0x40, 0xa, 0xff, 0xa4, 0x26,
    0xef, 0xf2, 0x3f, 0xfa, 0x0, 0x0, 0x2f, 0xf8,
    0x9f, 0xf1, 0x0, 0x0, 0x3, 0x10, 0xcf, 0xd0,
    0x0, 0x0, 0x0, 0x0, 0xdf, 0xc0, 0x0, 0x0,
    0x0, 0x0, 0xcf, 0xd0, 0x0, 0x0, 0x0, 0x0,
    0xaf, 0xf1, 0x0, 0x0, 0x0, 0x0, 0x5f, 0xf8,
    0x0, 0x0, 0x0, 0x0, 0xc, 0xff, 0x83, 0x11,
    0x0, 0x0, 0x1, 0xcf, 0xff, 0xff, 0xe8, 0x0,
    0x0, 0x6, 0xce, 0xff, 0xff, 0xb0, 0x0, 0x0,
    0x0, 0x0, 0x7f, 0xf2, 0x0, 0x0, 0x0, 0x0,
    0xf, 0xf4, 0x0, 0x0, 0x0, 0x0, 0xf, 0xf5,
    0x0, 0x0, 0x0, 0x0, 0x8, 0x82,

    /* U+03C3 "σ" */
    0x0, 0x6, 0xce, 0xff, 0xff, 0xff, 0xfb, 0x1,
    0xcf, 0xff, 0xff, 0xff, 0xff, 0xfb, 0xb, 0xff,
    0x82, 0x14, 0xdd, 0x40, 0x0, 0x4f, 0xf8, 0x0,
    0x0, 0x1e, 0xf4, 0x0, 0x9f, 0xf1, 0x0, 0x0,
    0x8, 0xfd, 0x0, 0xcf, 0xd0, 0x0, 0x0, 0x5,
    0xff, 0x30, 0xdf, 0xc0, 0x0, 0x0, 0x4, 0xff,
    0x50, 0xcf, 0xd0, 0x0, 0x0, 0x5, 0xff, 0x40,
    0x9f, 0xf1, 0x0, 0x0, 0x9, 0xff, 0x20, 0x3f,
    0xfa, 0x0, 0x0, 0x2f, 0xfd, 0x0, 0xa, 0xff,
    0xa3, 0x26, 0xef, 0xf4, 0x0, 0x1, 0xbf, 0xff,
    0xff, 0xff, 0x60, 0x0, 0x0, 0x6, 0xce, 0xfd,
    0x92, 0x0, 0x0,

    /* U+03C4 "τ" */
    0xcf, 0xff, 0xff, 0xff, 0xff, 0xf4, 0xcf, 0xff,
    0xff, 0xff, 0xff, 0xf4, 0x12, 0x22, 0x9f, 0xf3,
    0x22, 0x20, 0x0, 0x0, 0x8f, 0xf1, 0x0, 0x0,
    0x0, 0x0, 0x8f, 0xf1, 0x0, 0x0, 0x0, 0x0,
    0x8f, 0xf1, 0x0, 0x0, 0x0, 0x0, 0x8f, 0xf1,
    0x0, 0x0, 0x0, 0x0, 0x8f, 0xf1, 0x0, 0x0,
    0x0, 0x0, 0x8f, 0xf1, 0x0, 0x0, 0x0, 0x0,
    0x8f, 0xf1, 0x0, 0x0, 0x0, 0x0, 0x5f, 0xf8,
    0x22, 0x0, 0x0, 0x0, 0xe, 0xff, 0xfc, 0x0,
    0x0, 0x0, 0x2, 0xae, 0xfd, 0x0,

    /* U+03C5 "υ" */
    0x4f, 0xf5, 0x0, 0x0, 0xe, 0xfb, 0x4f, 0xf5,
    0x0, 0x0, 0xe, 0xfb, 0x4f, 0xf5, 0x0, 0x0,
    0xe, 0xfb, 0x4f, 0xf5, 0x0, 0x0, 0xe, 0xfb,
    0x4f, 0xf5, 0x0, 0x0, 0xe, 0xfb, 0x4f, 0xf5,
    0x0, 0x0, 0xe, 0xfb, 0x4f, 0xf5, 0x0, 0x0,
    0xe, 0xfb, 0x4f, 0xf5, 0x0, 0x0, 0xe, 0xfb,
    0x3f, 0xf6, 0x0, 0x0, 0xf, 0xfa, 0x1f, 0xfb,
    0x0, 0x0, 0x5f, 0xf7, 0xa, 0xff, 0xa5, 0x47,
    0xff, 0xf2, 0x1, 0xdf, 0xff, 0xff, 0xff, 0x60,
    0x0, 0x7, 0xcf, 0xfe, 0xa3, 0x0,

    /* U+03C6 "φ" */
    0x0, 0x8, 0x60, 0x0, 0x9e, 0xfd, 0x81, 0x0,
    0x1, 0xdf, 0xc0, 0xa, 0xff, 0xff, 0xfe, 0x20,
    0xb, 0xff, 0x70, 0x2f, 0xfb, 0x35, 0xef, 0xc0,
    0x4f, 0xf7, 0x0, 0x4f, 0xf3, 0x0, 0x6f, 0xf4,
    0x9f, 0xf0, 0x0, 0x5f, 0xf2, 0x0, 0xf, 0xf9,
    0xcf, 0xc0, 0x0, 0x6f, 0xf2, 0x0, 0xd, 0xfb,
    0xdf, 0xb0, 0x0, 0x6f, 0xf2, 0x0, 0xc, 0xfc,
    0xcf, 0xd0, 0x0, 0x6f, 0xf2, 0x0, 0xe, 0xfa,
    0x9f, 0xf1, 0x0, 0x6f, 0xf2, 0x0, 0x2f, 0xf7,
    0x3f, 0xfa, 0x0, 0x6f, 0xf2, 0x0, 0xcf, 0xf1,
    0xa, 0xff, 0xc5, 0x7f, 0xf4, 0x5d, 0xff, 0x70,
    0x0, 0xaf, 0xff, 0xff, 0xff, 0xff, 0xf7, 0x0,
    0x0, 0x4, 0xae, 0xff, 0xff, 0xd9, 0x20, 0x0,
    0x0, 0x0, 0x0, 0x6f, 0xf2, 0x0, 0x0, 0x0,
    0x0, 0x0, 0x0, 0x6f, 0xf2, 0x0, 0x0, 0x0,
    0x0, 0x0, 0x0, 0x6f, 0xf2, 0x0, 0x0, 0x0,
    0x0, 0x0, 0x0, 0x6f, 0xf2, 0x0, 0x0, 0x0,
    0x0, 0x0, 0x0, 0x6f, 0xf2, 0x0, 0x0, 0x0,

    /* U+03C7 "χ" */
    0xbf, 0xc4, 0x0, 0x0, 0x0, 0xcf, 0xd0, 0xcf,
    0xff, 0x30, 0x0, 0x5, 0xff, 0x50, 0x23, 0xdf,
    0xc0, 0x0, 0xd, 0xfc, 0x0, 0x0, 0x4f, 0xf5,
    0x0, 0x6f, 0xf4, 0x0, 0x0, 0xc, 0xfd, 0x0,
    0xef, 0xb0, 0x0, 0x0, 0x3, 0xff, 0x67, 0xff,
    0x30, 0x0, 0x0, 0x0, 0xbf, 0xee, 0xfa, 0x0,
    0x0, 0x0, 0x0, 0x3f, 0xff, 0xf2, 0x0, 0x0,
    0x0, 0x0, 0xa, 0xff, 0x90, 0x0, 0x0, 0x0,
    0x0, 0xb, 0xff, 0x80, 0x0, 0x0, 0x0, 0x0,
    0x3f, 0xff, 0xf1, 0x0, 0x0, 0x0, 0x0, 0xcf,
    0xef, 0xf8, 0x0, 0x0, 0x0, 0x4, 0xff, 0x58,
    0xff, 0x10, 0x0, 0x0, 0xd, 0xfd, 0x1, 0xff,
    0x90, 0x0, 0x0, 0x6f, 0xf4, 0x0, 0x8f, 0xf1,
    0x0, 0x0, 0xef, 0xc0, 0x0, 0x1e, 0xfb, 0x31,
    0x7, 0xff, 0x30, 0x0, 0x6, 0xff, 0xfa, 0x1e,
    0xfb, 0x0, 0x0, 0x0, 0x7d, 0xfa,

    /* U+03C8 "ψ" */
    0x0, 0x0, 0x0, 0x8, 0xb8, 0x0, 0x0, 0x0,
    0x0, 0x0, 0x0, 0x0, 0xbf, 0xd0, 0x0, 0x0,
    0x0, 0x0, 0x0, 0x0, 0xb, 0xfd, 0x0, 0x0,
    0x0, 0x4, 0xff, 0x40, 0x0, 0xbf, 0xd0, 0x0,
    0x3f, 0xf5, 0x4f, 0xf4, 0x0, 0xb, 0xfd, 0x0,
    0x3, 0xff, 0x54, 0xff, 0x40, 0x0, 0xbf, 0xd0,
    0x0, 0x3f, 0xf5, 0x4f, 0xf4, 0x0, 0xb, 0xfd,
    0x0, 0x3, 0xff, 0x54, 0xff, 0x40, 0x0, 0xbf,
    0xd0, 0x0, 0x3f, 0xf5, 0x4f, 0xf4, 0x0, 0xb,
    0xfd, 0x0, 0x3, 0xff, 0x53, 0xff, 0x50, 0x0,
    0xbf, 0xd0, 0x0, 0x3f, 0xf5, 0x2f, 0xf6, 0x0,
    0xb, 0xfd, 0x0, 0x5, 0xff, 0x40, 0xff, 0xa0,
    0x0, 0xbf, 0xd0, 0x0, 0x8f, 0xf1, 0xa, 0xff,
    0x30, 0xb, 0xfd, 0x0, 0x2f, 0xfc, 0x0, 0x2f,
    0xff, 0x73, 0xcf, 0xd3, 0x7e, 0xff, 0x30, 0x0,
    0x4f, 0xff, 0xff, 0xff, 0xff, 0xff, 0x50, 0x0,
    0x0, 0x18, 0xdf, 0xff, 0xff, 0xd9, 0x20, 0x0,
    0x0, 0x0, 0x0, 0xb, 0xfd, 0x0, 0x0, 0x0,
    0x0, 0x0, 0x0, 0x0, 0xbf, 0xd0, 0x0, 0x0,
    0x0, 0x0, 0x0, 0x0, 0xb, 0xfd, 0x0, 0x0,
    0x0, 0x0, 0x0, 0x0, 0x0, 0xbf, 0xd0, 0x0,
    0x0, 0x0, 0x0, 0x0, 0x0, 0xb, 0xfd, 0x0,
    0x0, 0x0, 0x0,

    /* U+03C9 "ω" */
    0x0, 0x7f, 0xf5, 0x0, 0x0, 0x0, 0xcf, 0xe2,
    0x0, 0x3, 0xff, 0x80, 0x0, 0x0, 0x0, 0x1e,
    0xfc, 0x0, 0xc, 0xfd, 0x0, 0x0, 0x0, 0x0,
    0x5, 0xff, 0x50, 0x3f, 0xf6, 0x0, 0x0, 0x0,
    0x0, 0x0, 0xdf, 0xc0, 0x8f, 0xf1, 0x0, 0x3,
    0x77, 0x0, 0x0, 0x8f, 0xf1, 0xcf, 0xd0, 0x0,
    0x7, 0xff, 0x0, 0x0, 0x4f, 0xf4, 0xdf, 0xc0,
    0x0, 0x7, 0xff, 0x0, 0x0, 0x3f, 0xf5, 0xdf,
    0xc0, 0x0, 0x7, 0xff, 0x0, 0x0, 0x3f, 0xf5,
    0xbf, 0xe0, 0x0, 0x8, 0xff, 0x10, 0x0, 0x5f,
    0xf4, 0x8f, 0xf3, 0x0, 0xd, 0xff, 0x50, 0x0,
    0xaf, 0xf0, 0x2f, 0xfe, 0x43, 0x9f, 0xbf, 0xe4,
    0x38, 0xff, 0xa0, 0x6, 0xff, 0xff, 0xff, 0x29,
    0xff, 0xff, 0xfd, 0x10, 0x0, 0x4b, 0xef, 0xb3,
    0x0, 0x8d, 0xfd, 0x81, 0x0,

    /* U+03CA "ϊ" */
    0x8f, 0x80, 0x8, 0xf9, 0xf, 0xff, 0x0, 0xef,
    0xf0, 0x7e, 0x70, 0x7, 0xe7, 0x0, 0x0, 0x0,
    0x0, 0x0, 0x0, 0x4f, 0xf5, 0x0, 0x0, 0x4,
    0xff, 0x50, 0x0, 0x0, 0x4f, 0xf5, 0x0, 0x0,
    0x4, 0xff, 0x50, 0x0, 0x0, 0x4f, 0xf5, 0x0,
    0x0, 0x4, 0xff, 0x50, 0x0, 0x0, 0x4f, 0xf5,
    0x0, 0x0, 0x4, 0xff, 0x50, 0x0, 0x0, 0x4f,
    0xf5, 0x0, 0x0, 0x4, 0xff, 0x50, 0x0, 0x0,
    0x2f, 0xf9, 0x20, 0x0, 0x0, 0xdf, 0xff, 0x50,
    0x0, 0x2, 0xbe, 0xf7, 0x0,

    /* U+03CB "ϋ" */
    0x0, 0x5f, 0xb0, 0x5, 0xfb, 0x0, 0x0, 0xbf,
    0xf2, 0xb, 0xff, 0x20, 0x0, 0x4d, 0xa0, 0x4,
    0xda, 0x0, 0x0, 0x0, 0x0, 0x0, 0x0, 0x0,
    0x4f, 0xf5, 0x0, 0x0, 0xe, 0xfb, 0x4f, 0xf5,
    0x0, 0x0, 0xe, 0xfb, 0x4f, 0xf5, 0x0, 0x0,
    0xe, 0xfb, 0x4f, 0xf5, 0x0, 0x0, 0xe, 0xfb,
    0x4f, 0xf5, 0x0, 0x0, 0xe, 0xfb, 0x4f, 0xf5,
    0x0, 0x0, 0xe, 0xfb, 0x4f, 0xf5, 0x0, 0x0,
    0xe, 0xfb, 0x4f, 0xf5, 0x0, 0x0, 0xe, 0xfb,
    0x3f, 0xf6, 0x0, 0x0, 0xf, 0xfa, 0x1f, 0xfb,
    0x0, 0x0, 0x5f, 0xf7, 0xa, 0xff, 0xa5, 0x47,
    0xff, 0xf2, 0x1, 0xdf, 0xff, 0xff, 0xff, 0x60,
    0x0, 0x7, 0xcf, 0xfe, 0xa3, 0x0,

    /* U+03CC "ό" */
    0x0, 0x0, 0x4, 0xff, 0x20, 0x0, 0x0, 0x0,
    0x0, 0x6f, 0xc0, 0x0, 0x0, 0x0, 0x0, 0x7,
    0xf6, 0x0, 0x0, 0x0, 0x0, 0x0, 0x37, 0x10,
    0x0, 0x0, 0x0, 0x0, 0x0, 0x0, 0x0, 0x0,
    0x0, 0x0, 0x6c, 0xef, 0xd9, 0x20, 0x0, 0x1,
    0xbf, 0xff, 0xff, 0xff, 0x50, 0x0, 0xbf, 0xfa,
    0x32, 0x6e, 0xff, 0x30, 0x4f, 0xf9, 0x0, 0x0,
    0x2f, 0xfc, 0x9, 0xff, 0x10, 0x0, 0x0, 0x9f,
    0xf1, 0xcf, 0xd0, 0x0, 0x0, 0x5, 0xff, 0x4d,
    0xfc, 0x0, 0x0, 0x0, 0x4f, 0xf5, 0xcf, 0xd0,
    0x0, 0x0, 0x5, 0xff, 0x49, 0xff, 0x10, 0x0,
    0x0, 0x9f, 0xf1, 0x4f, 0xf9, 0x0, 0x0, 0x2f,
    0xfc, 0x0, 0xbf, 0xfa, 0x32, 0x6e, 0xff, 0x30,
    0x1, 0xbf, 0xff, 0xff, 0xff, 0x50, 0x0, 0x0,
    0x6c, 0xef, 0xd9, 0x20, 0x0,

    /* U+03CD "ύ" */
    0x0, 0x0, 0x4, 0xff, 0x20, 0x0, 0x0, 0x0,
    0x6, 0xfc, 0x0, 0x0, 0x0, 0x0, 0x8, 0xf6,
    0x0, 0x0, 0x0, 0x0, 0x4, 0x70, 0x0, 0x0,
    0x0, 0x0, 0x0, 0x0, 0x0, 0x0, 0x4f, 0xf5,
    0x0, 0x0, 0xe, 0xfb, 0x4f, 0xf5, 0x0, 0x0,
    0xe, 0xfb, 0x4f, 0xf5, 0x0, 0x0, 0xe, 0xfb,
    0x4f, 0xf5, 0x0, 0x0, 0xe, 0xfb, 0x4f, 0xf5,
    0x0, 0x0, 0xe, 0xfb, 0x4f, 0xf5, 0x0, 0x0,
    0xe, 0xfb, 0x4f, 0xf5, 0x0, 0x0, 0xe, 0xfb,
    0x4f, 0xf5, 0x0, 0x0, 0xe, 0xfb, 0x3f, 0xf6,
    0x0, 0x0, 0xf, 0xfa, 0x1f, 0xfb, 0x0, 0x0,
    0x5f, 0xf7, 0xa, 0xff, 0xa5, 0x47, 0xff, 0xf2,
    0x1, 0xdf, 0xff, 0xff, 0xff, 0x60, 0x0, 0x7,
    0xcf, 0xfe, 0xa3, 0x0,

    /* U+03CE "ώ" */
    0x0, 0x0, 0x0, 0x0, 0xbf, 0xb0, 0x0, 0x0,
    0x0, 0x0, 0x0, 0x0, 0x0, 0xdf, 0x50, 0x0,
    0x0, 0x0, 0x0, 0x0, 0x0, 0x0, 0xff, 0x0,
    0x0, 0x0, 0x0, 0x0, 0x0, 0x0, 0x0, 0x74,
    0x0, 0x0, 0x0, 0x0, 0x0, 0x0, 0x0, 0x0,
    0x0, 0x0, 0x0, 0x0, 0x0, 0x0, 0x7f, 0xf5,
    0x0, 0x0, 0x0, 0xcf, 0xe2, 0x0, 0x3, 0xff,
    0x80, 0x0, 0x0, 0x0, 0x1e, 0xfc, 0x0, 0xc,
    0xfd, 0x0, 0x0, 0x0, 0x0, 0x5, 0xff, 0x50,
    0x3f, 0xf6, 0x0, 0x0, 0x0, 0x0, 0x0, 0xdf,
    0xc0, 0x8f, 0xf1, 0x0, 0x3, 0x77, 0x0, 0x0,
    0x8f, 0xf1, 0xcf, 0xd0, 0x0, 0x7, 0xff, 0x0,
    0x0, 0x4f, 0xf4, 0xdf, 0xc0, 0x0, 0x7, 0xff,
    0x0, 0x0, 0x3f, 0xf5, 0xdf, 0xc0, 0x0, 0x7,
    0xff, 0x0, 0x0, 0x3f, 0xf5, 0xbf, 0xe0, 0x0,
    0x8, 0xff, 0x10, 0x0, 0x5f, 0xf4, 0x8f, 0xf3,
    0x0, 0xd, 0xff, 0x50, 0x0, 0xaf, 0xf0, 0x2f,
    0xfe, 0x43, 0x9f, 0xbf, 0xe4, 0x38, 0xff, 0xa0,
    0x6, 0xff, 0xff, 0xff, 0x29, 0xff, 0xff, 0xfd,
    0x10, 0x0, 0x4b, 0xef, 0xb3, 0x0, 0x8d, 0xfd,
    0x81, 0x0,

    /* U+03CF "Ϗ" */
    0x1f, 0xf9, 0x0, 0x0, 0x0, 0x2e, 0xff, 0x51,
    0xff, 0x90, 0x0, 0x0, 0x1e, 0xff, 0x60, 0x1f,
    0xf9, 0x0, 0x0, 0x1d, 0xff, 0x70, 0x1, 0xff,
    0x90, 0x0, 0xc, 0xff, 0x80, 0x0, 0x1f, 0xf9,
    0x0, 0xc, 0xff, 0x90, 0x0, 0x1, 0xff, 0x90,
    0xb, 0xff, 0xa0, 0x0, 0x0, 0x1f, 0xf9, 0x9,
    0xff, 0xb0, 0x0, 0x0, 0x1, 0xff, 0x96, 0xff,
    0xf2, 0x0, 0x0, 0x0, 0x1f, 0xfc, 0xff, 0xff,
    0xb0, 0x0, 0x0, 0x1, 0xff, 0xff, 0xaa, 0xff,
    0x70, 0x0, 0x0, 0x1f, 0xff, 0xb0, 0xd, 0xff,
    0x30, 0x0, 0x1, 0xff, 0xc0, 0x0, 0x3f, 0xfd,
    0x0, 0x0, 0x1f, 0xf9, 0x0, 0x0, 0x7f, 0xf9,
    0x0, 0x1, 0xff, 0x90, 0x0, 0x0, 0xcf, 0xf5,
    0x0, 0x1f, 0xf9, 0x0, 0x0, 0x1, 0xff, 0xe1,
    0x1, 0xff, 0x90, 0x0, 0x0, 0x5, 0xff, 0xc0,
    0x1f, 0xf9, 0x0, 0x0, 0x0, 0xa, 0xff, 0x70,
    0x0, 0x0, 0x0, 0x0, 0x0, 0x9f, 0xf7, 0x0,
    0x0, 0x0, 0x0, 0x0, 0x5f, 0xfc, 0x0, 0x0,
    0x0, 0x0, 0x0, 0x1e, 0xfe, 0x10, 0x0, 0x0,
    0x0, 0x0, 0x8, 0xff, 0x50, 0x0, 0x0, 0x0,
    0x0, 0x0, 0x7, 0x90, 0x0,

    /* U+03D0 "ϐ" */
    0x0, 0x0, 0x5b, 0xef, 0xe9, 0x20, 0x0, 0x0,
    0x9f, 0xff, 0xff, 0xff, 0x10, 0x0, 0x7f, 0xd6,
    0x32, 0xbf, 0xf4, 0x0, 0x1f, 0xff, 0xff, 0xff,
    0xfe, 0x10, 0x7, 0xfb, 0x9d, 0xff, 0xe9, 0x20,
    0x0, 0xbf, 0x60, 0x0, 0x0, 0x0, 0x0, 0xe,
    0xf4, 0x3a, 0xef, 0xe9, 0x20, 0x0, 0xff, 0xaf,
    0xff, 0xff, 0xff, 0x40, 0x1f, 0xff, 0xf8, 0x44,
    0xaf, 0xfe, 0x1, 0xff, 0xf4, 0x0, 0x0, 0xaf,
    0xf5, 0xf, 0xfe, 0x0, 0x0, 0x4, 0xff, 0x80,
    0xff, 0xc0, 0x0, 0x0, 0x3f, 0xf9, 0xc, 0xfe,
    0x0, 0x0, 0x5, 0xff, 0x70, 0x7f, 0xf5, 0x0,
    0x0, 0xcf, 0xf3, 0x0, 0xef, 0xf7, 0x35, 0xbf,
    0xfb, 0x0, 0x3, 0xff, 0xff, 0xff, 0xfd, 0x10,
    0x0, 0x1, 0x9d, 0xfe, 0xc7, 0x0, 0x0,

    /* U+03D1 "ϑ" */
    0x0, 0x0, 0x2a, 0xef, 0xd7, 0x0, 0x0, 0x0,
    0x2e, 0xff, 0xff, 0xf9, 0x0, 0x0, 0xa, 0xff,
    0x97, 0xef, 0xf2, 0x0, 0x0, 0xef, 0xd0, 0x7,
    0xff, 0x60, 0x0, 0xe, 0xfc, 0x0, 0x5f, 0xf7,
    0x0, 0x0, 0xdf, 0xf0, 0x5, 0xff, 0x70, 0x0,
    0x8, 0xff, 0x60, 0x5f, 0xf7, 0x0, 0x0, 0x1e,
    0xff, 0x76, 0xff, 0x70, 0x37, 0x71, 0x4f, 0xff,
    0xff, 0xfe, 0xd7, 0xff, 0x40, 0x2b, 0xff, 0xff,
    0xff, 0x7f, 0xf4, 0x0, 0x1, 0x8f, 0xfa, 0x37,
    0xff, 0x40, 0x0, 0x5, 0xff, 0x70, 0x6f, 0xf5,
    0x0, 0x0, 0x7f, 0xf6, 0x3, 0xff, 0xb0, 0x0,
    0xc, 0xff, 0x30, 0xc, 0xff, 0xb5, 0x5b, 0xff,
    0xc0, 0x0, 0x1d, 0xff, 0xff, 0xff, 0xe2, 0x0,
    0x0, 0x7, 0xcf, 0xfd, 0x80, 0x0, 0x0,

    /* U+03D2 "ϒ" */
    0xbf, 0xd5, 0x0, 0x0, 0x0, 0x1b, 0xfe, 0x3b,
    0xff, 0xf3, 0x0, 0x0, 0xc, 0xff, 0xf1, 0x48,
    0xff, 0xc0, 0x0, 0x4, 0xff, 0xc7, 0x0, 0x9,
    0xff, 0x30, 0x0, 0xbf, 0xf1, 0x0, 0x0, 0x2f,
    0xfa, 0x0, 0x3f, 0xf8, 0x0, 0x0, 0x0, 0xaf,
    0xf1, 0xa, 0xff, 0x10, 0x0, 0x0, 0x2, 0xff,
    0x71, 0xff, 0x90, 0x0, 0x0, 0x0, 0xb, 0xfe,
    0x8f, 0xf2, 0x0, 0x0, 0x0, 0x0, 0x3f, 0xff,
    0xfa, 0x0, 0x0, 0x0, 0x0, 0x0, 0xcf, 0xff,
    0x20, 0x0, 0x0, 0x0, 0x0, 0x4, 0xff, 0xb0,
    0x0, 0x0, 0x0, 0x0, 0x0, 0x2f, 0xf8, 0x0,
    0x0, 0x0, 0x0, 0x0, 0x2, 0xff, 0x80, 0x0,
    0x0, 0x0, 0x0, 0x0, 0x2f, 0xf8, 0x0, 0x0,
    0x0, 0x0, 0x0, 0x2, 0xff, 0x80, 0x0, 0x0,
    0x0, 0x0, 0x0, 0x2f, 0xf8, 0x0, 0x0, 0x0,
    0x0, 0x0, 0x2, 0xff, 0x80, 0x0, 0x0, 0x0,

    /* U+03D3 "ϓ" */
    0x9f, 0xd0, 0x3e, 0xfb, 0x10, 0x0, 0x0, 0x5,
    0xdf, 0xbb, 0xf7, 0x2, 0xff, 0xfc, 0x0, 0x0,
    0x3, 0xff, 0xfa, 0xcf, 0x20, 0x7, 0xcf, 0xf5,
    0x0, 0x0, 0xbf, 0xf8, 0x39, 0x90, 0x0, 0x1,
    0xff, 0xc0, 0x0, 0x2f, 0xf9, 0x0, 0x0, 0x0,
    0x0, 0x8, 0xff, 0x30, 0x9, 0xff, 0x10, 0x0,
    0x0, 0x0, 0x0, 0x1f, 0xfa, 0x1, 0xff, 0x90,
    0x0, 0x0, 0x0, 0x0, 0x0, 0x9f, 0xf1, 0x7f,
    0xf2, 0x0, 0x0, 0x0, 0x0, 0x0, 0x2, 0xff,
    0x8e, 0xfa, 0x0, 0x0, 0x0, 0x0, 0x0, 0x0,
    0xb, 0xff, 0xff, 0x30, 0x0, 0x0, 0x0, 0x0,
    0x0, 0x0, 0x3f, 0xff, 0xb0, 0x0, 0x0, 0x0,
    0x0, 0x0, 0x0, 0x0, 0xcf, 0xf4, 0x0, 0x0,
    0x0, 0x0, 0x0, 0x0, 0x0, 0x9, 0xff, 0x10,
    0x0, 0x0, 0x0, 0x0, 0x0, 0x0, 0x0, 0x9f,
    0xf1, 0x0, 0x0, 0x0, 0x0, 0x0, 0x0, 0x0,
    0x9, 0xff, 0x10, 0x0, 0x0, 0x0, 0x0, 0x0,
    0x0, 0x0, 0x9f, 0xf1, 0x0, 0x0, 0x0, 0x0,
    0x0, 0x0, 0x0, 0x9, 0xff, 0x10, 0x0, 0x0,
    0x0, 0x0, 0x0, 0x0, 0x0, 0x9f, 0xf1, 0x0,
    0x0, 0x0,

    /* U+03D4 "ϔ" */
    0x0, 0x5, 0xfb, 0x0, 0x5f, 0xb0, 0x0, 0x0,
    0x0, 0xcf, 0xf2, 0xb, 0xff, 0x20, 0x0, 0x0,
    0x5, 0xea, 0x0, 0x4e, 0xa0, 0x0, 0x0, 0x0,
    0x0, 0x0, 0x0, 0x0, 0x0, 0x0, 0x0, 0x0,
    0x0, 0x0, 0x0, 0x0, 0x0, 0xb, 0xfd, 0x50,
    0x0, 0x0, 0x1, 0xbf, 0xe3, 0xbf, 0xff, 0x30,
    0x0, 0x0, 0xcf, 0xff, 0x14, 0x8f, 0xfc, 0x0,
    0x0, 0x4f, 0xfc, 0x70, 0x0, 0x9f, 0xf3, 0x0,
    0xb, 0xff, 0x10, 0x0, 0x2, 0xff, 0xa0, 0x3,
    0xff, 0x80, 0x0, 0x0, 0xa, 0xff, 0x10, 0xaf,
    0xf1, 0x0, 0x0, 0x0, 0x2f, 0xf7, 0x1f, 0xf9,
    0x0, 0x0, 0x0, 0x0, 0xbf, 0xe8, 0xff, 0x20,
    0x0, 0x0, 0x0, 0x3, 0xff, 0xff, 0xa0, 0x0,
    0x0, 0x0, 0x0, 0xc, 0xff, 0xf2, 0x0, 0x0,
    0x0, 0x0, 0x0, 0x4f, 0xfb, 0x0, 0x0, 0x0,
    0x0, 0x0, 0x2, 0xff, 0x80, 0x0, 0x0, 0x0,
    0x0, 0x0, 0x2f, 0xf8, 0x0, 0x0, 0x0, 0x0,
    0x0, 0x2, 0xff, 0x80, 0x0, 0x0, 0x0, 0x0,
    0x0, 0x2f, 0xf8, 0x0, 0x0, 0x0, 0x0, 0x0,
    0x2, 0xff, 0x80, 0x0, 0x0, 0x0, 0x0, 0x0,
    0x2f, 0xf8, 0x0, 0x0, 0x0,

    /* U+03D5 "ϕ" */
    0x0, 0x0, 0x0, 0xcf, 0xb0, 0x0, 0x0, 0x0,
    0x0, 0x0, 0xc, 0xfb, 0x0, 0x0, 0x0, 0x0,
    0x0, 0x0, 0xcf, 0xb0, 0x0, 0x0, 0x0, 0x0,
    0x0, 0xc, 0xfb, 0x0, 0x0, 0x0, 0x0, 0x6,
    0xce, 0xff, 0xfe, 0xb5, 0x0, 0x0, 0x1b, 0xff,
    0xff, 0xff, 0xff, 0xfb, 0x0, 0xb, 0xff, 0xa3,
    0xcf, 0xc4, 0xaf, 0xfa, 0x4, 0xff, 0x90, 0xc,
    0xfb, 0x0, 0xaf, 0xf3, 0x9f, 0xf1, 0x0, 0xcf,
    0xb0, 0x2, 0xff, 0x8c, 0xfd, 0x0, 0xc, 0xfb,
    0x0, 0xe, 0xfb, 0xdf, 0xc0, 0x0, 0xcf, 0xb0,
    0x0, 0xcf, 0xcc, 0xfd, 0x0, 0xc, 0xfb, 0x0,
    0xe, 0xfb, 0x9f, 0xf1, 0x0, 0xcf, 0xb0, 0x2,
    0xff, 0x94, 0xff, 0x90, 0xc, 0xfb, 0x0, 0xaf,
    0xf3, 0xb, 0xff, 0xa3, 0xcf, 0xc4, 0xaf, 0xfa,
    0x0, 0x1b, 0xff, 0xff, 0xff, 0xff, 0xfb, 0x0,
    0x0, 0x6, 0xce, 0xff, 0xfe, 0xb5, 0x0, 0x0,
    0x0, 0x0, 0xc, 0xfb, 0x0, 0x0, 0x0, 0x0,
    0x0, 0x0, 0xcf, 0xb0, 0x0, 0x0, 0x0, 0x0,
    0x0, 0xc, 0xfb, 0x0, 0x0, 0x0, 0x0, 0x0,
    0x0, 0xcf, 0xb0, 0x0, 0x0, 0x0, 0x0, 0x0,
    0xc, 0xfb, 0x0, 0x0, 0x0,

    /* U+03D6 "ϖ" */
    0xff, 0xff, 0xff, 0xff, 0xff, 0xff, 0xff, 0xff,
    0xff, 0x7f, 0xff, 0xff, 0xff, 0xff, 0xff, 0xff,
    0xff, 0xff, 0xf7, 0xc, 0xfe, 0x11, 0x11, 0x11,
    0x11, 0x11, 0x6f, 0xf5, 0x1, 0xff, 0x80, 0x0,
    0x0, 0x0, 0x0, 0x0, 0xff, 0x90, 0x4f, 0xf5,
    0x0, 0x1, 0x99, 0x60, 0x0, 0xc, 0xfd, 0x5,
    0xff, 0x30, 0x0, 0x2f, 0xfb, 0x0, 0x0, 0xbf,
    0xe0, 0x6f, 0xf2, 0x0, 0x2, 0xff, 0xb0, 0x0,
    0x9, 0xff, 0x6, 0xff, 0x30, 0x0, 0x2f, 0xfb,
    0x0, 0x0, 0xbf, 0xf0, 0x4f, 0xf6, 0x0, 0x4,
    0xff, 0xd0, 0x0, 0xd, 0xfd, 0x1, 0xff, 0xc0,
    0x0, 0x9f, 0xff, 0x20, 0x3, 0xff, 0x90, 0xa,
    0xff, 0x93, 0x7f, 0xfc, 0xfd, 0x44, 0xdf, 0xf2,
    0x0, 0x1d, 0xff, 0xff, 0xf9, 0x2e, 0xff, 0xff,
    0xf7, 0x0, 0x0, 0x19, 0xef, 0xd7, 0x0, 0x2a,
    0xef, 0xc5, 0x0, 0x0,

    /* U+03D7 "ϗ" */
    0x4f, 0xf5, 0x0, 0x0, 0xaf, 0xf7, 0x4f, 0xf5,
    0x0, 0x5, 0xff, 0xb0, 0x4f, 0xf5, 0x0, 0x2f,
    0xfd, 0x10, 0x4f, 0xf5, 0x0, 0xcf, 0xf3, 0x0,
    0x4f, 0xf5, 0x8, 0xff, 0x60, 0x0, 0x4f, 0xf6,
    0x4f, 0xf9, 0x0, 0x0, 0x4f, 0xff, 0xff, 0xd0,
    0x0, 0x0, 0x4f, 0xff, 0xff, 0xd1, 0x0, 0x0,
    0x4f, 0xf5, 0x4f, 0xfc, 0x0, 0x0, 0x4f, 0xf5,
    0x5, 0xff, 0xa0, 0x0, 0x4f, 0xf5, 0x0, 0x6f,
    0xf8, 0x0, 0x4f, 0xf5, 0x0, 0x8, 0xff, 0x60,
    0x4f, 0xf5, 0x0, 0x0, 0x9f, 0xf5, 0x0, 0x0,
    0x0, 0x0, 0x8f, 0xf5, 0x0, 0x0, 0x0, 0x4,
    0xff, 0x70, 0x0, 0x0, 0x0, 0x1e, 0xf9, 0x0,
    0x0, 0x0, 0x0, 0xbf, 0xc0, 0x0, 0x0, 0x0,
    0x0, 0x3b, 0x10, 0x0,

    /* U+03DC "Ϝ" */
    0x1f, 0xff, 0xff, 0xff, 0xff, 0xfc, 0x1f, 0xff,
    0xff, 0xff, 0xff, 0xfc, 0x1f, 0xfb, 0x44, 0x44,
    0x44, 0x43, 0x1f, 0xf9, 0x0, 0x0, 0x0, 0x0,
    0x1f, 0xf9, 0x0, 0x0, 0x0, 0x0, 0x1f, 0xf9,
    0x0, 0x0, 0x0, 0x0, 0x1f, 0xf9, 0x0, 0x0,
    0x0, 0x0, 0x1f, 0xfb, 0x33, 0x33, 0x33, 0x32,
    0x1f, 0xff, 0xff, 0xff, 0xff, 0xfc, 0x1f, 0xff,
    0xff, 0xff, 0xff, 0xfc, 0x1f, 0xf9, 0x0, 0x0,
    0x0, 0x0, 0x1f, 0xf9, 0x0, 0x0, 0x0, 0x0,
    0x1f, 0xf9, 0x0, 0x0, 0x0, 0x0, 0x1f, 0xf9,
    0x0, 0x0, 0x0, 0x0, 0x1f, 0xf9, 0x0, 0x0,
    0x0, 0x0, 0x1f, 0xf9, 0x0, 0x0, 0x0, 0x0,
    0x1f, 0xf9, 0x0, 0x0, 0x0, 0x0,

    /* U+03DD "ϝ" */
    0x4f, 0xff, 0xff, 0xff, 0xff, 0x74, 0xff, 0xff,
    0xff, 0xff, 0xf7, 0x4f, 0xf6, 0x22, 0x22, 0x22,
    0x14, 0xff, 0x50, 0x0, 0x0, 0x0, 0x4f, 0xf5,
    0x0, 0x0, 0x0, 0x4, 0xff, 0x50, 0x0, 0x0,
    0x0, 0x4f, 0xf5, 0x0, 0x0, 0x0, 0x4, 0xff,
    0xff, 0xff, 0xff, 0xf7, 0x4f, 0xff, 0xff, 0xff,
    0xff, 0x74, 0xff, 0x62, 0x22, 0x22, 0x21, 0x4f,
    0xf5, 0x0, 0x0, 0x0, 0x4, 0xff, 0x50, 0x0,
    0x0, 0x0, 0x4f, 0xf5, 0x0, 0x0, 0x0, 0x4,
    0xff, 0x50, 0x0, 0x0, 0x0, 0x4f, 0xf5, 0x0,
    0x0, 0x0, 0x4, 0xff, 0x50, 0x0, 0x0, 0x0,
    0x4f, 0xf5, 0x0, 0x0, 0x0, 0x4, 0xff, 0x50,
    0x0, 0x0, 0x0,

    /* U+03F0 "ϰ" */
    0x8f, 0xfb, 0x20, 0x0, 0x0, 0xd, 0xfc, 0x0,
    0x9f, 0xff, 0xe1, 0x0, 0x0, 0x9f, 0xf2, 0x0,
    0x13, 0x9f, 0xf7, 0x0, 0x5, 0xff, 0x90, 0x0,
    0x0, 0xf, 0xfa, 0x0, 0x2f, 0xff, 0x90, 0x0,
    0x0, 0xe, 0xfb, 0x0, 0xdf, 0xff, 0x90, 0x0,
    0x0, 0xe, 0xfb, 0x9, 0xfe, 0xff, 0x90, 0x0,
    0x0, 0xe, 0xfb, 0x5f, 0xf4, 0xff, 0x90, 0x0,
    0x0, 0xe, 0xfd, 0xff, 0x80, 0xff, 0x90, 0x0,
    0x0, 0xe, 0xff, 0xfc, 0x0, 0xff, 0x90, 0x0,
    0x0, 0xe, 0xff, 0xf2, 0x0, 0xff, 0xa0, 0x0,
    0x0, 0xe, 0xff, 0x50, 0x0, 0xcf, 0xf6, 0x31,
    0x0, 0x2f, 0xf9, 0x0, 0x0, 0x4f, 0xff, 0xf5,
    0x0, 0xcf, 0xd0, 0x0, 0x0, 0x5, 0xdf, 0xf4,

    /* U+03F1 "ϱ" */
    0x0, 0x1, 0x8d, 0xfe, 0xc6, 0x0, 0x0, 0x3,
    0xef, 0xff, 0xff, 0xfb, 0x0, 0x1, 0xef, 0xf7,
    0x34, 0xcf, 0xf9, 0x0, 0x8f, 0xf5, 0x0, 0x0,
    0xdf, 0xf1, 0xd, 0xfe, 0x0, 0x0, 0x6, 0xff,
    0x60, 0xff, 0xb0, 0x0, 0x0, 0x3f, 0xf8, 0x1f,
    0xfa, 0x0, 0x0, 0x3, 0xff, 0x91, 0xff, 0xc0,
    0x0, 0x0, 0x4f, 0xf8, 0xf, 0xff, 0x20, 0x0,
    0xa, 0xff, 0x40, 0xff, 0xfd, 0x30, 0x18, 0xff,
    0xd0, 0xd, 0xfd, 0xff, 0xff, 0xff, 0xf3, 0x0,
    0xaf, 0x86, 0xdf, 0xff, 0xb2, 0x0, 0x5, 0xfe,
    0x10, 0x12, 0x0, 0x0, 0x0, 0xd, 0xfc, 0x20,
    0x0, 0x0, 0x0, 0x0, 0x4f, 0xff, 0xa5, 0x10,
    0x0, 0x0, 0x0, 0x5f, 0xff, 0xff, 0xb2, 0x0,
    0x0, 0x0, 0x29, 0xef, 0xff, 0xe1, 0x0, 0x0,
    0x0, 0x0, 0x28, 0xff, 0x70, 0x0, 0x0, 0x0,
    0x0, 0x7, 0xb6, 0x0,

    /* U+03F2 "ϲ" */
    0x0, 0x6, 0xce, 0xfd, 0x92, 0x0, 0x1, 0xcf,
    0xff, 0xff, 0xff, 0x50, 0xb, 0xff, 0xa4, 0x26,
    0xef, 0xf2, 0x4f, 0xf9, 0x0, 0x0, 0x2f, 0xf7,
    0x9f, 0xf1, 0x0, 0x0, 0x2, 0x0, 0xcf, 0xd0,
    0x0, 0x0, 0x0, 0x0, 0xdf, 0xc0, 0x0, 0x0,
    0x0, 0x0, 0xcf, 0xd0, 0x0, 0x0, 0x0, 0x0,
    0x9f, 0xf1, 0x0, 0x0, 0x3, 0x10, 0x4f, 0xf9,
    0x0, 0x0, 0x2f, 0xf8, 0xb, 0xff, 0xa3, 0x26,
    0xef, 0xf2, 0x1, 0xcf, 0xff, 0xff, 0xff, 0x50,
    0x0, 0x6, 0xce, 0xfe, 0x92, 0x0,

    /* U+03F3 "ϳ" */
    0x0, 0x3d, 0xe3, 0x0, 0x8f, 0xf9, 0x0, 0x3d,
    0xe3, 0x0, 0x0, 0x0, 0x0, 0x4f, 0xf5, 0x0,
    0x4f, 0xf5, 0x0, 0x4f, 0xf5, 0x0, 0x4f, 0xf5,
    0x0, 0x4f, 0xf5, 0x0, 0x4f, 0xf5, 0x0, 0x4f,
    0xf5, 0x0, 0x4f, 0xf5, 0x0, 0x4f, 0xf5, 0x0,
    0x4f, 0xf5, 0x0, 0x4f, 0xf5, 0x0, 0x4f, 0xf5,
    0x0, 0x4f, 0xf5, 0x0, 0x4f, 0xf4, 0x0, 0x5f,
    0xf4, 0x14, 0xdf, 0xf1, 0x6f, 0xff, 0x90, 0x6f,
    0xd7, 0x0,

    /* U+03F4 "ϴ" */
    0x0, 0x0, 0x28, 0xdf, 0xfe, 0xa5, 0x0, 0x0,
    0x0, 0x0, 0x7f, 0xff, 0xff, 0xff, 0xfc, 0x10,
    0x0, 0x0, 0x9f, 0xff, 0xa7, 0x68, 0xdf, 0xfe,
    0x10, 0x0, 0x5f, 0xfc, 0x10, 0x0, 0x0, 0x7f,
    0xfb, 0x0, 0xe, 0xfd, 0x0, 0x0, 0x0, 0x0,
    0x7f, 0xf4, 0x4, 0xff, 0x60, 0x0, 0x0, 0x0,
    0x0, 0xff, 0xa0, 0x7f, 0xf1, 0x0, 0x0, 0x0,
    0x0, 0xb, 0xfe, 0x9, 0xff, 0xff, 0xff, 0xff,
    0xff, 0xff, 0xff, 0xf0, 0xaf, 0xff, 0xff, 0xff,
    0xff, 0xff, 0xff, 0xff, 0x19, 0xff, 0x10, 0x0,
    0x0, 0x0, 0x0, 0xbf, 0xf0, 0x7f, 0xf4, 0x0,
    0x0, 0x0, 0x0, 0xe, 0xfe, 0x4, 0xff, 0x90,
    0x0, 0x0, 0x0, 0x3, 0xff, 0xa0, 0xe, 0xff,
    0x30, 0x0, 0x0, 0x0, 0xcf, 0xf4, 0x0, 0x5f,
    0xfe, 0x30, 0x0, 0x0, 0xaf, 0xfb, 0x0, 0x0,
    0x9f, 0xff, 0xb7, 0x69, 0xef, 0xfe, 0x10, 0x0,
    0x0, 0x7f, 0xff, 0xff, 0xff, 0xfc, 0x10, 0x0,
    0x0, 0x0, 0x28, 0xdf, 0xfe, 0xb5, 0x0, 0x0,
    0x0,

    /* U+03F5 "ϵ" */
    0x0, 0x3, 0xad, 0xff, 0xff, 0x30, 0x6, 0xff,
    0xff, 0xff, 0xf3, 0x3, 0xff, 0xe6, 0x33, 0x33,
    0x0, 0xaf, 0xf5, 0x0, 0x0, 0x0, 0xf, 0xfe,
    0x0, 0x0, 0x0, 0x1, 0xff, 0xb1, 0x11, 0x10,
    0x0, 0x2f, 0xff, 0xff, 0xff, 0x20, 0x1, 0xff,
    0xff, 0xff, 0xf2, 0x0, 0xf, 0xfc, 0x0, 0x0,
    0x0, 0x0, 0xaf, 0xf2, 0x0, 0x0, 0x0, 0x3,
    0xff, 0xd5, 0x33, 0x33, 0x0, 0x6, 0xff, 0xff,
    0xff, 0xf3, 0x0, 0x3, 0xad, 0xff, 0xff, 0x30,

    /* U+03F6 "϶" */
    0x3f, 0xff, 0xfd, 0xa3, 0x0, 0x3, 0xff, 0xff,
    0xff, 0xf6, 0x0, 0x3, 0x33, 0x36, 0xef, 0xf3,
    0x0, 0x0, 0x0, 0x5, 0xff, 0xb0, 0x0, 0x0,
    0x0, 0xe, 0xff, 0x0, 0x0, 0x11, 0x11, 0xbf,
    0xf2, 0x0, 0x2f, 0xff, 0xff, 0xff, 0x30, 0x2,
    0xff, 0xff, 0xff, 0xf2, 0x0, 0x0, 0x0, 0xa,
    0xff, 0x0, 0x0, 0x0, 0x1, 0xff, 0xb0, 0x3,
    0x33, 0x35, 0xdf, 0xf3, 0x3, 0xff, 0xff, 0xff,
    0xf6, 0x0, 0x3f, 0xff, 0xfe, 0xa3, 0x0, 0x0,

    /* U+03F9 "Ϲ" */
    0x0, 0x0, 0x28, 0xdf, 0xfd, 0xa5, 0x0, 0x0,
    0x0, 0x7, 0xff, 0xff, 0xff, 0xff, 0xc1, 0x0,
    0x0, 0x9f, 0xff, 0xb7, 0x69, 0xef, 0xfd, 0x10,
    0x5, 0xff, 0xd3, 0x0, 0x0, 0x9, 0xff, 0xa0,
    0xe, 0xff, 0x20, 0x0, 0x0, 0x0, 0xcf, 0xf1,
    0x4f, 0xf8, 0x0, 0x0, 0x0, 0x0, 0x49, 0x92,
    0x7f, 0xf3, 0x0, 0x0, 0x0, 0x0, 0x0, 0x0,
    0x9f, 0xf1, 0x0, 0x0, 0x0, 0x0, 0x0, 0x0,
    0xaf, 0xf0, 0x0, 0x0, 0x0, 0x0, 0x0, 0x0,
    0x9f, 0xf1, 0x0, 0x0, 0x0, 0x0, 0x0, 0x0,
    0x7f, 0xf3, 0x0, 0x0, 0x0, 0x0, 0x0, 0x0,
    0x4f, 0xf8, 0x0, 0x0, 0x0, 0x0, 0x4a, 0xa3,
    0xe, 0xff, 0x20, 0x0, 0x0, 0x0, 0xcf, 0xf1,
    0x5, 0xff, 0xd2, 0x0, 0x0, 0x9, 0xff, 0x90,
    0x0, 0x9f, 0xff, 0xb7, 0x69, 0xef, 0xfd, 0x10,
    0x0, 0x7, 0xff, 0xff, 0xff, 0xff, 0xb1, 0x0,
    0x0, 0x0, 0x29, 0xdf, 0xfd, 0xa4, 0x0, 0x0,

    /* U+03FA "Ϻ" */
    0x1f, 0xff, 0xf1, 0x0, 0x0, 0x0, 0x0, 0x2f,
    0xff, 0xf1, 0xff, 0xff, 0x70, 0x0, 0x0, 0x0,
    0x9, 0xff, 0xff, 0x1f, 0xff, 0xfd, 0x0, 0x0,
    0x0, 0x0, 0xef, 0xff, 0xf1, 0xff, 0xbf, 0xf3,
    0x0, 0x0, 0x0, 0x5f, 0xfb, 0xff, 0x1f, 0xf7,
    0xef, 0xa0, 0x0, 0x0, 0xb, 0xfc, 0xaf, 0xf1,
    0xff, 0x7a, 0xff, 0x0, 0x0, 0x1, 0xff, 0x7a,
    0xff, 0x1f, 0xf8, 0x4f, 0xf6, 0x0, 0x0, 0x7f,
    0xf2, 0xaf, 0xf1, 0xff, 0x80, 0xef, 0xc0, 0x0,
    0xd, 0xfc, 0xa, 0xff, 0x1f, 0xf8, 0x8, 0xff,
    0x30, 0x4, 0xff, 0x60, 0xaf, 0xf1, 0xff, 0x80,
    0x2f, 0xf9, 0x0, 0xaf, 0xf1, 0xa, 0xff, 0x1f,
    0xf8, 0x0, 0xcf, 0xe0, 0xf, 0xfa, 0x0, 0xaf,
    0xf1, 0xff, 0x80, 0x5, 0xff, 0x34, 0xff, 0x30,
    0xa, 0xff, 0x1f, 0xf8, 0x0, 0xe, 0xf8, 0x9f,
    0xd0, 0x0, 0xaf, 0xf1, 0xff, 0x80, 0x0, 0x9f,
    0xcd, 0xf7, 0x0, 0xa, 0xff, 0x1f, 0xf8, 0x0,
    0x2, 0xff, 0xff, 0x10, 0x0, 0xaf, 0xf1, 0xff,
    0x80, 0x0, 0xc, 0xff, 0xa0, 0x0, 0xa, 0xff,
    0x1f, 0xf8, 0x0, 0x0, 0x6f, 0xf4, 0x0, 0x0,
    0xaf, 0xf0,

    /* U+03FC "ϼ" */
    0x0, 0x0, 0x2, 0x9d, 0xfe, 0xb5, 0x0, 0x0,
    0x0, 0x4, 0xff, 0xff, 0xff, 0xfb, 0x0, 0x0,
    0x2, 0xff, 0xe5, 0x24, 0xbf, 0xf9, 0x0, 0x0,
    0xaf, 0xf2, 0x0, 0x0, 0xbf, 0xf2, 0x0, 0xf,
    0xf9, 0x0, 0x0, 0x3, 0xff, 0x70, 0x2, 0xff,
    0x60, 0x0, 0x0, 0xf, 0xf9, 0x0, 0x3f, 0xf4,
    0x0, 0x0, 0x0, 0xff, 0xb0, 0x4, 0xff, 0x60,
    0x0, 0x0, 0xf, 0xf9, 0x0, 0x4f, 0xf9, 0x0,
    0x0, 0x4, 0xff, 0x70, 0x4, 0xff, 0xf2, 0x0,
    0x0, 0xcf, 0xf2, 0x0, 0x4f, 0xff, 0xe5, 0x24,
    0xbf, 0xfa, 0x0, 0x4, 0xff, 0x6e, 0xff, 0xff,
    0xfc, 0x10, 0x0, 0x4f, 0xf5, 0x2a, 0xef, 0xd7,
    0x0, 0x0, 0x4, 0xff, 0x50, 0x0, 0x0, 0x0,
    0x0, 0x4c, 0xff, 0xff, 0xcc, 0x50, 0x0, 0x0,
    0x6, 0xff, 0xff, 0xff, 0xf7, 0x0, 0x0, 0x0,
    0x0, 0x4f, 0xf5, 0x0, 0x0, 0x0, 0x0, 0x0,
    0x4, 0xff, 0x50, 0x0, 0x0, 0x0, 0x0,

    /* U+03FD "Ͻ" */
    0x0, 0x1, 0x7c, 0xef, 0xeb, 0x60, 0x0, 0x0,
    0x0, 0x5e, 0xff, 0xff, 0xff, 0xfd, 0x30, 0x0,
    0x5, 0xff, 0xfc, 0x86, 0x8d, 0xff, 0xf3, 0x0,
    0x1f, 0xff, 0x40, 0x0, 0x0, 0x7f, 0xfd, 0x0,
    0x7f, 0xf6, 0x0, 0x0, 0x0, 0x8, 0xff, 0x80,
    0x69, 0x90, 0x0, 0x0, 0x0, 0x0, 0xef, 0xe0,
    0x0, 0x0, 0x0, 0x0, 0x0, 0x0, 0x9f, 0xf1,
    0x0, 0x0, 0x0, 0x0, 0x0, 0x0, 0x7f, 0xf3,
    0x0, 0x0, 0x0, 0x0, 0x0, 0x0, 0x6f, 0xf4,
    0x0, 0x0, 0x0, 0x0, 0x0, 0x0, 0x7f, 0xf3,
    0x0, 0x0, 0x0, 0x0, 0x0, 0x0, 0x9f, 0xf1,
    0x6a, 0x90, 0x0, 0x0, 0x0, 0x0, 0xef, 0xe0,
    0x7f, 0xf6, 0x0, 0x0, 0x0, 0x8, 0xff, 0x80,
    0x1e, 0xff, 0x40, 0x0, 0x0, 0x7f, 0xfd, 0x0,
    0x5, 0xff, 0xfc, 0x86, 0x8d, 0xff, 0xf3, 0x0,
    0x0, 0x5e, 0xff, 0xff, 0xff, 0xfd, 0x30, 0x0,
    0x0, 0x1, 0x7c, 0xef, 0xeb, 0x60, 0x0, 0x0,

    /* U+03FE "Ͼ" */
    0x0, 0x0, 0x28, 0xdf, 0xfe, 0xa5, 0x0, 0x0,
    0x0, 0x7, 0xff, 0xff, 0xff, 0xff, 0xc2, 0x0,
    0x0, 0x9f, 0xff, 0xb7, 0x69, 0xef, 0xfe, 0x10,
    0x5, 0xff, 0xd3, 0x0, 0x0, 0x8, 0xff, 0xb0,
    0xe, 0xff, 0x20, 0x0, 0x0, 0x0, 0xbf, 0xf1,
    0x4f, 0xf8, 0x0, 0x0, 0x0, 0x0, 0x26, 0x62,
    0x7f, 0xf3, 0x0, 0x3, 0x40, 0x0, 0x0, 0x0,
    0x9f, 0xf1, 0x0, 0x5f, 0xf9, 0x0, 0x0, 0x0,
    0xaf, 0xf0, 0x0, 0x8f, 0xfc, 0x0, 0x0, 0x0,
    0x9f, 0xf1, 0x0, 0x2d, 0xe4, 0x0, 0x0, 0x0,
    0x7f, 0xf3, 0x0, 0x0, 0x0, 0x0, 0x0, 0x0,
    0x4f, 0xf8, 0x0, 0x0, 0x0, 0x0, 0x4b, 0xb3,
    0xe, 0xff, 0x20, 0x0, 0x0, 0x0, 0xcf, 0xf1,
    0x5, 0xff, 0xd2, 0x0, 0x0, 0xa, 0xff, 0x90,
    0x0, 0x9f, 0xff, 0xb7, 0x69, 0xef, 0xfd, 0x10,
    0x0, 0x7, 0xff, 0xff, 0xff, 0xff, 0xb1, 0x0,
    0x0, 0x0, 0x29, 0xdf, 0xfd, 0xa4, 0x0, 0x0,

    /* U+03FF "Ͽ" */
    0x0, 0x1, 0x7c, 0xef, 0xeb, 0x60, 0x0, 0x0,
    0x0, 0x6f, 0xff, 0xff, 0xff, 0xfd, 0x30, 0x0,
    0x6, 0xff, 0xfc, 0x86, 0x8d, 0xff, 0xf3, 0x0,
    0x2f, 0xfe, 0x30, 0x0, 0x0, 0x7f, 0xfd, 0x0,
    0x8f, 0xf5, 0x0, 0x0, 0x0, 0x8, 0xff, 0x80,
    0x46, 0x60, 0x0, 0x0, 0x0, 0x0, 0xef, 0xe0,
    0x0, 0x0, 0x0, 0x25, 0x0, 0x0, 0x9f, 0xf1,
    0x0, 0x0, 0x2, 0xff, 0xd0, 0x0, 0x7f, 0xf3,
    0x0, 0x0, 0x4, 0xff, 0xf0, 0x0, 0x6f, 0xf4,
    0x0, 0x0, 0x0, 0xbf, 0x80, 0x0, 0x7f, 0xf3,
    0x0, 0x0, 0x0, 0x0, 0x0, 0x0, 0x9f, 0xf1,
    0x7b, 0xb0, 0x0, 0x0, 0x0, 0x0, 0xef, 0xe0,
    0x7f, 0xf6, 0x0, 0x0, 0x0, 0x8, 0xff, 0x80,
    0x1e, 0xff, 0x50, 0x0, 0x0, 0x7f, 0xfd, 0x0,
    0x5, 0xff, 0xfc, 0x86, 0x8d, 0xff, 0xf3, 0x0,
    0x0, 0x4e, 0xff, 0xff, 0xff, 0xfd, 0x30, 0x0,
    0x0, 0x1, 0x7c, 0xef, 0xeb, 0x60, 0x0, 0x0,

    /* U+2010 "‐" */
    0x3, 0x33, 0x33, 0x33, 0x12, 0xff, 0xff, 0xff,
    0xfa, 0x2f, 0xff, 0xff, 0xff, 0xa0,

    /* U+2011 "‑" */
    0x3, 0x33, 0x33, 0x33, 0x12, 0xff, 0xff, 0xff,
    0xfa, 0x2f, 0xff, 0xff, 0xff, 0xa0,

    /* U+2012 "‒" */
    0x23, 0x33, 0x33, 0x33, 0x33, 0x33, 0x31, 0xff,
    0xff, 0xff, 0xff, 0xff, 0xff, 0xf7, 0xff, 0xff,
    0xff, 0xff, 0xff, 0xff, 0xf7,

    /* U+2013 "–" */
    0x33, 0x33, 0x33, 0x33, 0x33, 0x33, 0xff, 0xff,
    0xff, 0xff, 0xff, 0xff, 0xff, 0xff, 0xff, 0xff,
    0xff, 0xff,

    /* U+2014 "—" */
    0x33, 0x33, 0x33, 0x33, 0x33, 0x33, 0x33, 0x33,
    0x33, 0x33, 0x33, 0x33, 0xff, 0xff, 0xff, 0xff,
    0xff, 0xff, 0xff, 0xff, 0xff, 0xff, 0xff, 0xff,
    0xff, 0xff, 0xff, 0xff, 0xff, 0xff, 0xff, 0xff,
    0xff, 0xff, 0xff, 0xff,

    /* U+2015 "―" */
    0x33, 0x33, 0x33, 0x33, 0x33, 0x33, 0x33, 0x33,
    0x33, 0x33, 0x33, 0x33, 0xff, 0xff, 0xff, 0xff,
    0xff, 0xff, 0xff, 0xff, 0xff, 0xff, 0xff, 0xff,
    0xff, 0xff, 0xff, 0xff, 0xff, 0xff, 0xff, 0xff,
    0xff, 0xff, 0xff, 0xff,

    /* U+2016 "‖" */
    0xf, 0xf5, 0x2f, 0xf3, 0xf, 0xf5, 0x2f, 0xf3,
    0xf, 0xf5, 0x2f, 0xf3, 0xf, 0xf5, 0x2f, 0xf3,
    0xf, 0xf5, 0x2f, 0xf3, 0xf, 0xf5, 0x2f, 0xf3,
    0xf, 0xf5, 0x2f, 0xf3, 0xf, 0xf5, 0x2f, 0xf3,
    0xf, 0xf5, 0x2f, 0xf3, 0xf, 0xf5, 0x2f, 0xf3,
    0xf, 0xf5, 0x2f, 0xf3, 0xf, 0xf5, 0x2f, 0xf3,
    0xf, 0xf5, 0x2f, 0xf3, 0xf, 0xf5, 0x2f, 0xf3,
    0xf, 0xf5, 0x2f, 0xf3, 0xf, 0xf5, 0x2f, 0xf3,
    0xf, 0xf5, 0x2f, 0xf3, 0xf, 0xf5, 0x2f, 0xf3,
    0xf, 0xf5, 0x2f, 0xf3, 0xf, 0xf5, 0x2f, 0xf3,
    0xf, 0xf5, 0x2f, 0xf3, 0xf, 0xf5, 0x2f, 0xf3,
    0xf, 0xf5, 0x2f, 0xf3, 0xf, 0xf5, 0x2f, 0xf3,
    0xf, 0xf5, 0x2f, 0xf3, 0xf, 0xf5, 0x2f, 0xf3,
    0xf, 0xf5, 0x2f, 0xf3, 0xf, 0xf5, 0x2f, 0xf3,

    /* U+2017 "‗" */
    0xcc, 0xcc, 0xcc, 0xcc, 0xcc, 0xcf, 0xff, 0xff,
    0xff, 0xff, 0xff, 0x0, 0x0, 0x0, 0x0, 0x0,
    0xc, 0xcc, 0xcc, 0xcc, 0xcc, 0xcc, 0xff, 0xff,
    0xff, 0xff, 0xff, 0xf0,

    /* U+2018 "‘" */
    0x0, 0x5f, 0x90, 0x9, 0xf7, 0x0, 0xef, 0x50,
    0x2f, 0xf2, 0x7, 0xff, 0x0, 0xbf, 0xd0, 0xb,
    0xb8, 0x0,

    /* U+2019 "’" */
    0x1, 0xbb, 0x60, 0x4f, 0xf5, 0x6, 0xff, 0x10,
    0x8f, 0xc0, 0xb, 0xf7, 0x0, 0xdf, 0x30, 0xf,
    0xe0, 0x0,

    /* U+201A "‚" */
    0x7, 0xbb, 0x10, 0xcf, 0xd0, 0xe, 0xf9, 0x0,
    0xff, 0x40, 0x3f, 0xf0, 0x5, 0xfb, 0x0, 0x8f,
    0x60, 0x0,

    /* U+201B "‛" */
    0xe, 0xfc, 0x0, 0x9f, 0xf0, 0x5, 0xff, 0x10,
    0xf, 0xf4, 0x0, 0xcf, 0x60, 0x7, 0xf9, 0x0,
    0x2b, 0x80,

    /* U+201C "“" */
    0x0, 0x5f, 0x90, 0x9, 0xf5, 0x0, 0x9f, 0x70,
    0xe, 0xf3, 0x0, 0xef, 0x50, 0x2f, 0xf0, 0x2,
    0xff, 0x20, 0x7f, 0xe0, 0x7, 0xff, 0x0, 0xcf,
    0xb0, 0xb, 0xfd, 0x0, 0xff, 0x90, 0xb, 0xb8,
    0x3, 0xbb, 0x50,

    /* U+201D "”" */
    0x1, 0xbb, 0x60, 0x5b, 0xb2, 0x4, 0xff, 0x50,
    0x9f, 0xf0, 0x6, 0xff, 0x10, 0xcf, 0xb0, 0x8,
    0xfc, 0x0, 0xef, 0x60, 0xb, 0xf7, 0x1, 0xff,
    0x20, 0xd, 0xf3, 0x3, 0xfd, 0x0, 0xf, 0xe0,
    0x6, 0xf9, 0x0,

    /* U+201E "„" */
    0x7, 0xbb, 0x10, 0xbb, 0x80, 0xcf, 0xd0, 0x1f,
    0xf8, 0xe, 0xf9, 0x3, 0xff, 0x30, 0xff, 0x40,
    0x6f, 0xe0, 0x3f, 0xf0, 0x8, 0xfa, 0x5, 0xfb,
    0x0, 0xbf, 0x50, 0x8f, 0x60, 0xd, 0xf1, 0x0,

    /* U+201F "‟" */
    0xe, 0xfc, 0x4, 0xff, 0x70, 0x9, 0xff, 0x0,
    0xff, 0x90, 0x5, 0xff, 0x10, 0xbf, 0xc0, 0x0,
    0xff, 0x40, 0x6f, 0xe0, 0x0, 0xcf, 0x60, 0x1f,
    0xf1, 0x0, 0x7f, 0x90, 0xd, 0xf3, 0x0, 0x2b,
    0x80, 0x6, 0xb4,

    /* U+2020 "†" */
    0x0, 0x0, 0xff, 0x70, 0x0, 0x0, 0x0, 0xff,
    0x70, 0x0, 0x0, 0x0, 0xff, 0x70, 0x0, 0x7f,
    0xff, 0xff, 0xff, 0xff, 0x7f, 0xff, 0xff, 0xff,
    0xff, 0x0, 0x0, 0xff, 0x70, 0x0, 0x0, 0x0,
    0xff, 0x70, 0x0, 0x0, 0x0, 0xff, 0x70, 0x0,
    0x0, 0x0, 0xef, 0x60, 0x0, 0x0, 0x0, 0xcf,
    0x40, 0x0, 0x0, 0x0, 0xbf, 0x30, 0x0, 0x0,
    0x0, 0x9f, 0x20, 0x0, 0x0, 0x0, 0x5a, 0x0,
    0x0,

    /* U+2021 "‡" */
    0x0, 0x0, 0xff, 0x70, 0x0, 0x0, 0x0, 0xff,
    0x70, 0x0, 0x0, 0x0, 0xff, 0x70, 0x0, 0x7f,
    0xff, 0xff, 0xff, 0xff, 0x7f, 0xff, 0xff, 0xff,
    0xff, 0x0, 0x0, 0xff, 0x70, 0x0, 0x0, 0x0,
    0xff, 0x70, 0x0, 0x0, 0x0, 0xff, 0x70, 0x0,
    0x0, 0x0, 0xff, 0x70, 0x0, 0x7f, 0xff, 0xff,
    0xff, 0xff, 0x7f, 0xff, 0xff, 0xff, 0xff, 0x0,
    0x0, 0xff, 0x70, 0x0, 0x0, 0x0, 0xff, 0x70,
    0x0, 0x0, 0x0, 0xef, 0x60, 0x0, 0x0, 0x0,
    0xcf, 0x40, 0x0, 0x0, 0x0, 0xaf, 0x20, 0x0,
    0x0, 0x0, 0x9f, 0x10, 0x0,

    /* U+2022 "•" */
    0x0, 0x3, 0x52, 0x0, 0x0, 0x2c, 0xff, 0xfa,
    0x0, 0xd, 0xff, 0xff, 0xf9, 0x3, 0xff, 0xff,
    0xff, 0xf0, 0x4f, 0xff, 0xff, 0xff, 0x11, 0xff,
    0xff, 0xff, 0xe0, 0x9, 0xff, 0xff, 0xf6, 0x0,
    0x7, 0xdf, 0xc5, 0x0,

    /* U+2023 "‣" */
    0x22, 0x0, 0x0, 0x0, 0x4f, 0x80, 0x0, 0x0,
    0x4f, 0xfd, 0x50, 0x0, 0x4f, 0xff, 0xfb, 0x20,
    0x4f, 0xff, 0xff, 0x70, 0x4f, 0xff, 0xa1, 0x0,
    0x4f, 0xd4, 0x0, 0x0, 0x37, 0x0, 0x0, 0x0,

    /* U+2024 "․" */
    0x0, 0x52, 0x0, 0xdf, 0xf2, 0xf, 0xff, 0x50,
    0x8f, 0xb0,

    /* U+2025 "‥" */
    0x0, 0x52, 0x0, 0x0, 0x4, 0x30, 0xd, 0xff,
    0x20, 0x0, 0x8f, 0xf5, 0xf, 0xff, 0x50, 0x0,
    0xcf, 0xf9, 0x8, 0xfb, 0x0, 0x0, 0x4e, 0xd2,

    /* U+2026 "…" */
    0x0, 0x52, 0x0, 0x0, 0x4, 0x30, 0x0, 0x0,
    0x35, 0x0, 0xdf, 0xf2, 0x0, 0x8, 0xff, 0x50,
    0x0, 0x4f, 0xfa, 0xf, 0xff, 0x50, 0x0, 0xcf,
    0xf9, 0x0, 0x7, 0xff, 0xe0, 0x8f, 0xb0, 0x0,
    0x4, 0xed, 0x20, 0x0, 0x1c, 0xe6,

    /* U+2027 "‧" */
    0x0, 0x52, 0x0, 0xdf, 0xf2, 0xf, 0xff, 0x50,
    0x8f, 0xb0,

    /* U+202F " " */

    /* U+2030 "‰" */
    0x2, 0xae, 0xfc, 0x30, 0x0, 0x0, 0x0, 0x8f,
    0x90, 0x0, 0x0, 0x0, 0x0, 0x0, 0x1e, 0xfc,
    0xcf, 0xf2, 0x0, 0x0, 0x4, 0xfd, 0x0, 0x0,
    0x0, 0x0, 0x0, 0x0, 0x6f, 0xb0, 0x8, 0xf8,
    0x0, 0x0, 0x1e, 0xf2, 0x0, 0x0, 0x0, 0x0,
    0x0, 0x0, 0x7f, 0x80, 0x6, 0xf9, 0x0, 0x0,
    0xaf, 0x70, 0x0, 0x0, 0x0, 0x0, 0x0, 0x0,
    0x6f, 0xb0, 0x8, 0xf8, 0x0, 0x6, 0xfb, 0x0,
    0x0, 0x0, 0x0, 0x0, 0x0, 0x0, 0x1e, 0xfd,
    0xcf, 0xf2, 0x0, 0x2f, 0xe1, 0x0, 0x0, 0x0,
    0x0, 0x0, 0x0, 0x0, 0x2, 0xbf, 0xfc, 0x30,
    0x0, 0xcf, 0x50, 0x0, 0x0, 0x0, 0x0, 0x0,
    0x0, 0x0, 0x0, 0x0, 0x0, 0x0, 0x7, 0xfa,
    0x0, 0x0, 0x0, 0x0, 0x0, 0x0, 0x0, 0x0,
    0x0, 0x0, 0x0, 0x0, 0x3f, 0xd0, 0x0, 0x0,
    0x0, 0x0, 0x0, 0x0, 0x0, 0x0, 0x0, 0x0,
    0x0, 0x0, 0xdf, 0x30, 0x3, 0xcf, 0xe9, 0x0,
    0x0, 0x7d, 0xfd, 0x50, 0x0, 0x0, 0x0, 0x9,
    0xf8, 0x0, 0x3f, 0xfc, 0xef, 0xb0, 0x8, 0xfe,
    0xbf, 0xf5, 0x0, 0x0, 0x0, 0x5f, 0xc0, 0x0,
    0x9f, 0x70, 0xe, 0xf2, 0xf, 0xf2, 0x4, 0xfc,
    0x0, 0x0, 0x1, 0xef, 0x20, 0x0, 0xcf, 0x30,
    0xb, 0xf4, 0x1f, 0xe0, 0x1, 0xff, 0x0, 0x0,
    0xb, 0xf6, 0x0, 0x0, 0xcf, 0x30, 0xb, 0xf4,
    0x1f, 0xe0, 0x1, 0xff, 0x0, 0x0, 0x7f, 0xa0,
    0x0, 0x0, 0x9f, 0x70, 0xe, 0xf2, 0xf, 0xf2,
    0x5, 0xfc, 0x0, 0x2, 0xfe, 0x10, 0x0, 0x0,
    0x3f, 0xfc, 0xef, 0xb0, 0x8, 0xfe, 0xcf, 0xf5,
    0x0, 0xd, 0xf4, 0x0, 0x0, 0x0, 0x4, 0xcf,
    0xe9, 0x0, 0x0, 0x7e, 0xfd, 0x50,

    /* U+2031 "‱" */
    0x2, 0xae, 0xfc, 0x30, 0x0, 0x0, 0x0, 0x8f,
    0x90, 0x0, 0x0, 0x0, 0x0, 0x0, 0x0, 0x0,
    0x0, 0x0, 0x1, 0xef, 0xcc, 0xff, 0x20, 0x0,
    0x0, 0x4f, 0xd0, 0x0, 0x0, 0x0, 0x0, 0x0,
    0x0, 0x0, 0x0, 0x0, 0x0, 0x6f, 0xb0, 0x8,
    0xf8, 0x0, 0x0, 0x1e, 0xf2, 0x0, 0x0, 0x0,
    0x0, 0x0, 0x0, 0x0, 0x0, 0x0, 0x0, 0x7,
    0xf8, 0x0, 0x6f, 0x90, 0x0, 0xa, 0xf7, 0x0,
    0x0, 0x0, 0x0, 0x0, 0x0, 0x0, 0x0, 0x0,
    0x0, 0x0, 0x6f, 0xb0, 0x8, 0xf8, 0x0, 0x6,
    0xfb, 0x0, 0x0, 0x0, 0x0, 0x0, 0x0, 0x0,
    0x0, 0x0, 0x0, 0x0, 0x1, 0xef, 0xdc, 0xff,
    0x20, 0x2, 0xfe, 0x10, 0x0, 0x0, 0x0, 0x0,
    0x0, 0x0, 0x0, 0x0, 0x0, 0x0, 0x0, 0x2,
    0xbf, 0xfc, 0x30, 0x0, 0xcf, 0x50, 0x0, 0x0,
    0x0, 0x0, 0x0, 0x0, 0x0, 0x0, 0x0, 0x0,
    0x0, 0x0, 0x0, 0x0, 0x0, 0x0, 0x7f, 0xa0,
    0x0, 0x0, 0x0, 0x0, 0x0, 0x0, 0x0, 0x0,
    0x0, 0x0, 0x0, 0x0, 0x0, 0x0, 0x0, 0x0,
    0x3f, 0xd0, 0x0, 0x0, 0x0, 0x0, 0x0, 0x0,
    0x0, 0x0, 0x0, 0x0, 0x0, 0x0, 0x0, 0x0,
    0x0, 0x0, 0xd, 0xf3, 0x0, 0x3c, 0xfe, 0x90,
    0x0, 0x7, 0xdf, 0xd5, 0x0, 0x1, 0xae, 0xfb,
    0x20, 0x0, 0x0, 0x0, 0x9, 0xf8, 0x0, 0x3f,
    0xfc, 0xef, 0xb0, 0x8, 0xfe, 0xbf, 0xf5, 0x0,
    0xdf, 0xdc, 0xfe, 0x10, 0x0, 0x0, 0x5, 0xfc,
    0x0, 0x9, 0xf7, 0x0, 0xef, 0x20, 0xff, 0x20,
    0x4f, 0xc0, 0x5f, 0xc0, 0xa, 0xf7, 0x0, 0x0,
    0x1, 0xef, 0x20, 0x0, 0xcf, 0x30, 0xb, 0xf4,
    0x1f, 0xe0, 0x1, 0xff, 0x7, 0xf8, 0x0, 0x6f,
    0x90, 0x0, 0x0, 0xbf, 0x60, 0x0, 0xc, 0xf3,
    0x0, 0xbf, 0x41, 0xfe, 0x0, 0x1f, 0xf0, 0x7f,
    0x80, 0x6, 0xf9, 0x0, 0x0, 0x7f, 0xa0, 0x0,
    0x0, 0x9f, 0x70, 0xe, 0xf2, 0xf, 0xf2, 0x5,
    0xfc, 0x5, 0xfc, 0x0, 0xaf, 0x70, 0x0, 0x2f,
    0xe1, 0x0, 0x0, 0x3, 0xff, 0xce, 0xfb, 0x0,
    0x8f, 0xec, 0xff, 0x50, 0xd, 0xfd, 0xcf, 0xe1,
    0x0, 0xd, 0xf4, 0x0, 0x0, 0x0, 0x4, 0xcf,
    0xe9, 0x0, 0x0, 0x7e, 0xfd, 0x50, 0x0, 0x1a,
    0xff, 0xb2, 0x0,

    /* U+2032 "′" */
    0x3f, 0xf6, 0x4f, 0xf2, 0x6f, 0xf0, 0x7f, 0xb0,
    0x9f, 0x70, 0xaf, 0x40, 0x35, 0x0,

    /* U+2033 "″" */
    0x3f, 0xf6, 0x0, 0x7f, 0xf1, 0x4f, 0xf2, 0x0,
    0x9f, 0xd0, 0x6f, 0xf0, 0x0, 0xaf, 0xa0, 0x7f,
    0xb0, 0x0, 0xcf, 0x60, 0x9f, 0x70, 0x0, 0xdf,
    0x20, 0xaf, 0x40, 0x0, 0xff, 0x0, 0x35, 0x0,
    0x0, 0x54, 0x0,

    /* U+2034 "‴" */
    0x3f, 0xf6, 0x0, 0x7f, 0xf1, 0x0, 0xcf, 0xc4,
    0xff, 0x20, 0x9, 0xfd, 0x0, 0xe, 0xf9, 0x6f,
    0xf0, 0x0, 0xaf, 0xa0, 0x0, 0xff, 0x57, 0xfb,
    0x0, 0xc, 0xf6, 0x0, 0x1f, 0xf1, 0x9f, 0x70,
    0x0, 0xdf, 0x20, 0x2, 0xfe, 0xa, 0xf4, 0x0,
    0xf, 0xf0, 0x0, 0x4f, 0xa0, 0x35, 0x0, 0x0,
    0x54, 0x0, 0x1, 0x52, 0x0,

    /* U+2035 "‵" */
    0xaf, 0xf0, 0x6f, 0xf0, 0x2f, 0xf2, 0xf, 0xf3,
    0xb, 0xf5, 0x8, 0xf7, 0x1, 0x52,

    /* U+2036 "‶" */
    0xaf, 0xf0, 0x0, 0xef, 0xa0, 0x6f, 0xf0, 0x0,
    0xbf, 0xb0, 0x2f, 0xf2, 0x0, 0x7f, 0xd0, 0xf,
    0xf3, 0x0, 0x4f, 0xf0, 0xb, 0xf5, 0x0, 0xf,
    0xf0, 0x8, 0xf7, 0x0, 0xd, 0xf2, 0x1, 0x52,
    0x0, 0x3, 0x51,

    /* U+2037 "‷" */
    0xaf, 0xf0, 0x0, 0xef, 0xa0, 0x3, 0xff, 0x56,
    0xff, 0x0, 0xb, 0xfb, 0x0, 0xf, 0xf7, 0x2f,
    0xf2, 0x0, 0x7f, 0xd0, 0x0, 0xcf, 0x80, 0xff,
    0x30, 0x4, 0xff, 0x0, 0x8, 0xfa, 0xb, 0xf5,
    0x0, 0xf, 0xf0, 0x0, 0x5f, 0xb0, 0x8f, 0x70,
    0x0, 0xdf, 0x20, 0x1, 0xfd, 0x1, 0x52, 0x0,
    0x3, 0x51, 0x0, 0x4, 0x40,

    /* U+2038 "‸" */
    0x0, 0x7, 0xff, 0x20, 0x0, 0x0, 0x3f, 0xdf,
    0xd0, 0x0, 0x1, 0xef, 0x39, 0xf9, 0x0, 0xb,
    0xf8, 0x0, 0xdf, 0x50, 0x6f, 0xd0, 0x0, 0x3f,
    0xf2,

    /* U+2039 "‹" */
    0x0, 0x0, 0x9f, 0xf4, 0x0, 0x7, 0xff, 0x60,
    0x0, 0x5f, 0xf8, 0x0, 0x3, 0xff, 0xb0, 0x0,
    0x2e, 0xfc, 0x0, 0x0, 0xaf, 0xf4, 0x0, 0x0,
    0x1d, 0xfe, 0x10, 0x0, 0x2, 0xef, 0xc0, 0x0,
    0x0, 0x3f, 0xfa, 0x0, 0x0, 0x5, 0xff, 0x80,
    0x0, 0x0, 0x7d, 0xd4,

    /* U+203A "›" */
    0xa, 0xff, 0x30, 0x0, 0x0, 0xc, 0xfe, 0x20,
    0x0, 0x0, 0x1d, 0xfd, 0x10, 0x0, 0x0, 0x2f,
    0xfc, 0x0, 0x0, 0x0, 0x4f, 0xfa, 0x0, 0x0,
    0x0, 0xaf, 0xf3, 0x0, 0x0, 0x6f, 0xf8, 0x0,
    0x0, 0x4f, 0xfa, 0x0, 0x0, 0x2e, 0xfc, 0x0,
    0x0, 0x1d, 0xfd, 0x10, 0x0, 0x9, 0xdd, 0x20,
    0x0, 0x0,

    /* U+203B "※" */
    0x0, 0x0, 0x0, 0xbf, 0x80, 0x0, 0x0, 0x0,
    0x0, 0x82, 0x2f, 0xfe, 0x3, 0x70, 0x0, 0x0,
    0xaf, 0xe2, 0x8c, 0x53, 0xff, 0x70, 0x0, 0x6,
    0xff, 0xe2, 0x4, 0xff, 0xf4, 0x0, 0x0, 0x6,
    0xff, 0xe7, 0xff, 0xf4, 0x0, 0x2, 0xde, 0x45,
    0xff, 0xff, 0xf3, 0x7f, 0xb0, 0x7f, 0xf9, 0x8,
    0xff, 0xf6, 0xe, 0xff, 0x31, 0xbb, 0x25, 0xff,
    0xff, 0xf3, 0x5c, 0x90, 0x0, 0x6, 0xff, 0xe6,
    0xff, 0xf4, 0x0, 0x0, 0x6, 0xff, 0xe2, 0x3,
    0xff, 0xf4, 0x0, 0x0, 0xaf, 0xe2, 0x8c, 0x53,
    0xff, 0x80, 0x0, 0x0, 0x81, 0x2f, 0xfe, 0x3,
    0x70, 0x0, 0x0, 0x0, 0x0, 0xbf, 0x80, 0x0,
    0x0, 0x0,

    /* U+203C "‼" */
    0xc, 0xff, 0x10, 0x0, 0x7f, 0xf5, 0xc, 0xff,
    0x0, 0x0, 0x7f, 0xf5, 0xb, 0xff, 0x0, 0x0,
    0x7f, 0xf5, 0xb, 0xff, 0x0, 0x0, 0x6f, 0xf5,
    0xb, 0xff, 0x0, 0x0, 0x6f, 0xf4, 0xb, 0xff,
    0x0, 0x0, 0x6f, 0xf4, 0xa, 0xff, 0x0, 0x0,
    0x6f, 0xf4, 0xa, 0xff, 0x0, 0x0, 0x5f, 0xf4,
    0xa, 0xff, 0x0, 0x0, 0x5f, 0xf3, 0xa, 0xfe,
    0x0, 0x0, 0x5f, 0xf3, 0x9, 0xfe, 0x0, 0x0,
    0x5f, 0xf3, 0x5, 0xa8, 0x0, 0x0, 0x3a, 0xa1,
    0x0, 0x0, 0x0, 0x0, 0x0, 0x0, 0x0, 0x42,
    0x0, 0x0, 0x4, 0x30, 0xd, 0xff, 0x20, 0x0,
    0x8f, 0xf6, 0xf, 0xff, 0x50, 0x0, 0xbf, 0xfa,
    0x8, 0xfb, 0x0, 0x0, 0x4e, 0xd3,

    /* U+203D "‽" */
    0x0, 0x6, 0xce, 0xfd, 0x91, 0x0, 0x0, 0xcf,
    0xff, 0xff, 0xff, 0x30, 0x8, 0xff, 0x92, 0x26,
    0xff, 0xd0, 0xe, 0xfb, 0x0, 0x0, 0x6f, 0xf4,
    0x4, 0x42, 0x25, 0x30, 0x2f, 0xf5, 0x0, 0x0,
    0x7f, 0xa0, 0x5f, 0xf3, 0x0, 0x0, 0x6f, 0xa1,
    0xdf, 0xd0, 0x0, 0x0, 0x5f, 0xcd, 0xff, 0x40,
    0x0, 0x0, 0x4f, 0xff, 0xe4, 0x0, 0x0, 0x0,
    0x3f, 0xfb, 0x10, 0x0, 0x0, 0x0, 0x2f, 0xe0,
    0x0, 0x0, 0x0, 0x0, 0x1f, 0xc0, 0x0, 0x0,
    0x0, 0x0, 0x0, 0x0, 0x0, 0x0, 0x0, 0x0,
    0x5, 0x30, 0x0, 0x0, 0x0, 0x0, 0xaf, 0xf4,
    0x0, 0x0, 0x0, 0x0, 0xef, 0xf7, 0x0, 0x0,
    0x0, 0x0, 0x6e, 0xc1, 0x0, 0x0,

    /* U+203E "‾" */
    0x2, 0x22, 0x22, 0x22, 0x22, 0x22, 0x3f, 0xff,
    0xff, 0xff, 0xff, 0xfe, 0x3f, 0xff, 0xff, 0xff,
    0xff, 0xfe,

    /* U+203F "‿" */
    0x0, 0x10, 0x0, 0x0, 0x0, 0x0, 0x0, 0x0,
    0x1, 0x0, 0xb, 0xf8, 0x20, 0x0, 0x0, 0x0,
    0x0, 0x3, 0x8f, 0xb0, 0x6, 0xff, 0xfe, 0xb8,
    0x76, 0x67, 0x8b, 0xef, 0xff, 0x50, 0x0, 0x2b,
    0xff, 0xff, 0xff, 0xff, 0xff, 0xff, 0xa2, 0x0,
    0x0, 0x0, 0x27, 0xbd, 0xef, 0xff, 0xda, 0x72,
    0x0, 0x0,

    /* U+2040 "⁀" */
    0x0, 0x0, 0x0, 0x14, 0x67, 0x76, 0x41, 0x0,
    0x0, 0x0, 0x0, 0x1, 0x8d, 0xff, 0xff, 0xff,
    0xff, 0xd8, 0x20, 0x0, 0x0, 0x8f, 0xff, 0xfc,
    0xba, 0xab, 0xdf, 0xff, 0xf9, 0x0, 0xc, 0xfe,
    0x93, 0x0, 0x0, 0x0, 0x0, 0x49, 0xff, 0xc0,
    0x4, 0x81, 0x0, 0x0, 0x0, 0x0, 0x0, 0x0,
    0x18, 0x40,

    /* U+2041 "⁁" */
    0x0, 0x0, 0x0, 0xa, 0x30, 0x0, 0x0, 0x0,
    0x8f, 0xc0, 0x0, 0x0, 0x3, 0xff, 0x20, 0x0,
    0x0, 0xc, 0xf8, 0x0, 0x0, 0x0, 0x7f, 0xd0,
    0x0, 0x0, 0x1, 0xff, 0x40, 0x0, 0x0, 0xb,
    0xfa, 0x0, 0x0, 0x0, 0x5f, 0xf7, 0x0, 0x0,
    0x0, 0xef, 0xff, 0x20, 0x0, 0x9, 0xfc, 0x9f,
    0xc0, 0x0, 0x3f, 0xf2, 0xd, 0xf6, 0x0, 0xcf,
    0x70, 0x4, 0xff, 0x10, 0x18, 0x0, 0x0, 0x73,
    0x0,

    /* U+2042 "⁂" */
    0x0, 0x0, 0x0, 0x7, 0x40, 0x0, 0x0, 0x0,
    0x0, 0x0, 0x9, 0x8d, 0x9c, 0x40, 0x0, 0x0,
    0x0, 0x0, 0x4, 0xff, 0xfd, 0x10, 0x0, 0x0,
    0x0, 0x0, 0x8f, 0xff, 0xff, 0xf3, 0x0, 0x0,
    0x0, 0x0, 0x25, 0xff, 0xfd, 0x40, 0x0, 0x0,
    0x0, 0x0, 0xb, 0xde, 0xbf, 0x60, 0x0, 0x0,
    0x0, 0x0, 0x2, 0x1d, 0x83, 0x0, 0x0, 0x0,
    0x0, 0x5, 0x50, 0x0, 0x0, 0x8, 0x20, 0x0,
    0x5, 0xba, 0xb9, 0x80, 0xb, 0x5f, 0x7c, 0x20,
    0x2, 0xef, 0xff, 0x40, 0x7, 0xff, 0xfb, 0x10,
    0x4f, 0xff, 0xff, 0xf6, 0xbf, 0xff, 0xff, 0xf0,
    0x13, 0xdf, 0xfe, 0x41, 0x27, 0xff, 0xfa, 0x30,
    0x7, 0xec, 0xde, 0xa0, 0xe, 0xbf, 0xbf, 0x30,
    0x0, 0x29, 0xb2, 0x10, 0x3, 0xf, 0x43, 0x0,

    /* U+2043 "⁃" */
    0x22, 0x22, 0x22, 0x1d, 0xff, 0xff, 0xfa, 0xdf,
    0xff, 0xff, 0xa0,

    /* U+2044 "⁄" */
    0x0, 0x0, 0x0, 0x0, 0x0, 0x1, 0xef, 0x20,
    0x0, 0x0, 0x0, 0x0, 0x0, 0xbf, 0x60, 0x0,
    0x0, 0x0, 0x0, 0x0, 0x7f, 0xa0, 0x0, 0x0,
    0x0, 0x0, 0x0, 0x2f, 0xe1, 0x0, 0x0, 0x0,
    0x0, 0x0, 0xd, 0xf4, 0x0, 0x0, 0x0, 0x0,
    0x0, 0x9, 0xf9, 0x0, 0x0, 0x0, 0x0, 0x0,
    0x4, 0xfd, 0x0, 0x0, 0x0, 0x0, 0x0, 0x1,
    0xef, 0x20, 0x0, 0x0, 0x0, 0x0, 0x0, 0xaf,
    0x70, 0x0, 0x0, 0x0, 0x0, 0x0, 0x6f, 0xb0,
    0x0, 0x0, 0x0, 0x0, 0x0, 0x2f, 0xe1, 0x0,
    0x0, 0x0, 0x0, 0x0, 0xc, 0xf5, 0x0, 0x0,
    0x0, 0x0, 0x0, 0x8, 0xf9, 0x0, 0x0, 0x0,
    0x0, 0x0, 0x3, 0xfd, 0x0, 0x0, 0x0, 0x0,
    0x0, 0x0, 0xdf, 0x30, 0x0, 0x0, 0x0, 0x0,
    0x0, 0xaf, 0x70, 0x0, 0x0, 0x0, 0x0, 0x0,
    0x5f, 0xc0, 0x0, 0x0, 0x0, 0x0, 0x0, 0x0,

    /* U+2045 "⁅" */
    0x0, 0x0, 0x0, 0x8f, 0xff, 0xf7, 0x8f, 0xff,
    0xf7, 0x8f, 0xf0, 0x0, 0x8f, 0xf0, 0x0, 0x8f,
    0xf0, 0x0, 0x8f, 0xf0, 0x0, 0x8f, 0xf0, 0x0,
    0x8f, 0xf0, 0x0, 0x8f, 0xf0, 0x0, 0x8f, 0xff,
    0xf7, 0x8f, 0xff, 0xf7, 0x8f, 0xf0, 0x0, 0x8f,
    0xf0, 0x0, 0x8f, 0xf0, 0x0, 0x8f, 0xf0, 0x0,
    0x8f, 0xf0, 0x0, 0x8f, 0xf0, 0x0, 0x8f, 0xf0,
    0x0, 0x8f, 0xf0, 0x0, 0x8f, 0xff, 0xf7, 0x8f,
    0xff, 0xf7,

    /* U+2046 "⁆" */
    0x0, 0x0, 0x0, 0xaf, 0xff, 0xf6, 0xaf, 0xff,
    0xf6, 0x0, 0x1f, 0xf6, 0x0, 0x1f, 0xf6, 0x0,
    0x1f, 0xf6, 0x0, 0x1f, 0xf6, 0x0, 0x1f, 0xf6,
    0x0, 0x1f, 0xf6, 0x0, 0x1f, 0xf6, 0x9f, 0xff,
    0xf6, 0x9f, 0xff, 0xf6, 0x0, 0x1f, 0xf6, 0x0,
    0x1f, 0xf6, 0x0, 0x1f, 0xf6, 0x0, 0x1f, 0xf6,
    0x0, 0x1f, 0xf6, 0x0, 0x1f, 0xf6, 0x0, 0x1f,
    0xf6, 0x0, 0x2f, 0xf6, 0xaf, 0xff, 0xf6, 0xaf,
    0xff, 0xf6,

    /* U+2047 "⁇" */
    0x0, 0x5, 0xbe, 0xfd, 0x92, 0x0, 0x0, 0x1,
    0x8d, 0xff, 0xc7, 0x0, 0x0, 0xb, 0xff, 0xff,
    0xff, 0xf4, 0x0, 0x2, 0xef, 0xff, 0xff, 0xfd,
    0x10, 0x7, 0xff, 0xb4, 0x37, 0xff, 0xf1, 0x0,
    0xdf, 0xf8, 0x34, 0xaf, 0xfa, 0x0, 0xdf, 0xd0,
    0x0, 0x6, 0xff, 0x50, 0x3f, 0xf8, 0x0, 0x0,
    0xcf, 0xf0, 0x8, 0x95, 0x0, 0x0, 0x3f, 0xf7,
    0x3, 0x99, 0x20, 0x0, 0x8, 0xff, 0x10, 0x0,
    0x0, 0x0, 0x6, 0xff, 0x50, 0x0, 0x0, 0x0,
    0x0, 0xcf, 0xf0, 0x0, 0x0, 0x0, 0x5, 0xff,
    0xe0, 0x0, 0x0, 0x0, 0x0, 0xaf, 0xf8, 0x0,
    0x0, 0x0, 0x9, 0xff, 0xe2, 0x0, 0x0, 0x0,
    0x2, 0xcf, 0xfb, 0x0, 0x0, 0x0, 0xc, 0xff,
    0xa1, 0x0, 0x0, 0x0, 0x2, 0xff, 0xf6, 0x0,
    0x0, 0x0, 0x3, 0xff, 0x90, 0x0, 0x0, 0x0,
    0x0, 0x9f, 0xf4, 0x0, 0x0, 0x0, 0x0, 0x6f,
    0xf1, 0x0, 0x0, 0x0, 0x0, 0xc, 0xfb, 0x0,
    0x0, 0x0, 0x0, 0x5, 0xbb, 0x0, 0x0, 0x0,
    0x0, 0x0, 0x9b, 0x70, 0x0, 0x0, 0x0, 0x0,
    0x0, 0x0, 0x0, 0x0, 0x0, 0x0, 0x0, 0x0,
    0x0, 0x0, 0x0, 0x0, 0x0, 0x42, 0x0, 0x0,
    0x0, 0x0, 0x0, 0x14, 0x10, 0x0, 0x0, 0x0,
    0x0, 0xbf, 0xf3, 0x0, 0x0, 0x0, 0x0, 0x1f,
    0xfd, 0x0, 0x0, 0x0, 0x0, 0xe, 0xff, 0x70,
    0x0, 0x0, 0x0, 0x4, 0xff, 0xf1, 0x0, 0x0,
    0x0, 0x0, 0x6f, 0xc1, 0x0, 0x0, 0x0, 0x0,
    0xb, 0xf9, 0x0, 0x0, 0x0,

    /* U+2048 "⁈" */
    0x0, 0x5, 0xbe, 0xfd, 0x92, 0x0, 0x0, 0x1f,
    0xfb, 0x0, 0xa, 0xff, 0xff, 0xff, 0xf4, 0x0,
    0x1, 0xff, 0xb0, 0x7, 0xff, 0xc4, 0x37, 0xff,
    0xe0, 0x0, 0x1f, 0xfb, 0x0, 0xdf, 0xd0, 0x0,
    0x7, 0xff, 0x50, 0x1, 0xff, 0xa0, 0xa, 0xa6,
    0x0, 0x0, 0x3f, 0xf7, 0x0, 0xf, 0xfa, 0x0,
    0x0, 0x0, 0x0, 0x6, 0xff, 0x50, 0x0, 0xff,
    0xa0, 0x0, 0x0, 0x0, 0x3, 0xef, 0xf1, 0x0,
    0xf, 0xfa, 0x0, 0x0, 0x0, 0x6, 0xff, 0xf5,
    0x0, 0x0, 0xff, 0x90, 0x0, 0x0, 0x9, 0xff,
    0xe4, 0x0, 0x0, 0xf, 0xf9, 0x0, 0x0, 0x2,
    0xff, 0xc0, 0x0, 0x0, 0x0, 0xff, 0x90, 0x0,
    0x0, 0x6f, 0xf3, 0x0, 0x0, 0x0, 0xf, 0xf9,
    0x0, 0x0, 0x7, 0xff, 0x0, 0x0, 0x0, 0x0,
    0xcd, 0x70, 0x0, 0x0, 0x1, 0x10, 0x0, 0x0,
    0x0, 0x0, 0x0, 0x0, 0x0, 0x0, 0x42, 0x0,
    0x0, 0x0, 0x0, 0x24, 0x0, 0x0, 0x0, 0xbf,
    0xf3, 0x0, 0x0, 0x0, 0x2f, 0xfc, 0x0, 0x0,
    0xe, 0xff, 0x70, 0x0, 0x0, 0x6, 0xff, 0xf0,
    0x0, 0x0, 0x6f, 0xc1, 0x0, 0x0, 0x0, 0x1c,
    0xf7, 0x0,

    /* U+2049 "⁉" */
    0xc, 0xff, 0x10, 0x0, 0x3, 0xae, 0xfe, 0xb4,
    0x0, 0xc, 0xff, 0x0, 0x0, 0x7f, 0xff, 0xff,
    0xff, 0x80, 0xb, 0xff, 0x0, 0x3, 0xff, 0xc2,
    0x1, 0xbf, 0xf4, 0xb, 0xff, 0x0, 0x9, 0xff,
    0x10, 0x0, 0xf, 0xfa, 0xb, 0xff, 0x0, 0x5,
    0x76, 0x0, 0x0, 0xe, 0xfb, 0xb, 0xff, 0x0,
    0x0, 0x0, 0x0, 0x0, 0x2f, 0xfa, 0xa, 0xff,
    0x0, 0x0, 0x0, 0x0, 0x3, 0xef, 0xf4, 0xa,
    0xff, 0x0, 0x0, 0x0, 0x0, 0x6f, 0xff, 0x70,
    0xa, 0xff, 0x0, 0x0, 0x0, 0x7, 0xff, 0xe4,
    0x0, 0xa, 0xfe, 0x0, 0x0, 0x0, 0xe, 0xfe,
    0x10, 0x0, 0x9, 0xfe, 0x0, 0x0, 0x0, 0x1f,
    0xf6, 0x0, 0x0, 0x5, 0xa8, 0x0, 0x0, 0x0,
    0x2e, 0xe4, 0x0, 0x0, 0x0, 0x0, 0x0, 0x0,
    0x0, 0x0, 0x0, 0x0, 0x0, 0x0, 0x42, 0x0,
    0x0, 0x0, 0x3, 0x40, 0x0, 0x0, 0xd, 0xff,
    0x20, 0x0, 0x0, 0x6f, 0xf8, 0x0, 0x0, 0xf,
    0xff, 0x50, 0x0, 0x0, 0x9f, 0xfc, 0x0, 0x0,
    0x8, 0xfb, 0x0, 0x0, 0x0, 0x3d, 0xe4, 0x0,
    0x0,

    /* U+204A "⁊" */
    0xff, 0xff, 0xff, 0xff, 0xbf, 0xff, 0xff, 0xff,
    0xfa, 0x34, 0x44, 0x44, 0xcf, 0x80, 0x0, 0x0,
    0xd, 0xf6, 0x0, 0x0, 0x0, 0xef, 0x50, 0x0,
    0x0, 0xf, 0xf3, 0x0, 0x0, 0x1, 0xff, 0x20,
    0x0, 0x0, 0x3f, 0xf0, 0x0, 0x0, 0x4, 0xff,
    0x0, 0x0, 0x0, 0x6f, 0xd0, 0x0, 0x0, 0x8,
    0xfb, 0x0, 0x0, 0x0, 0x9f, 0xa0, 0x0, 0x0,
    0xb, 0xf8, 0x0, 0x0, 0x0, 0xcf, 0x70, 0x0,
    0x0, 0xe, 0xf5, 0x0, 0x0, 0x0, 0xff, 0x30,
    0x0, 0x0, 0x1f, 0xf2, 0x0, 0x0, 0x2, 0xff,
    0x0,

    /* U+204B "⁋" */
    0x1f, 0xff, 0xff, 0xfe, 0xb5, 0x0, 0x1, 0xff,
    0xff, 0xff, 0xff, 0xfa, 0x0, 0x1f, 0xf7, 0x29,
    0xff, 0xff, 0xf7, 0x1, 0xff, 0x50, 0x8f, 0xff,
    0xff, 0xe0, 0x1f, 0xf5, 0x8, 0xff, 0xff, 0xff,
    0x21, 0xff, 0x50, 0x8f, 0xff, 0xff, 0xf3, 0x1f,
    0xf5, 0x8, 0xff, 0xff, 0xff, 0x21, 0xff, 0x50,
    0x8f, 0xff, 0xff, 0xd0, 0x1f, 0xf5, 0x8, 0xff,
    0xff, 0xf4, 0x1, 0xff, 0x50, 0x8f, 0xff, 0xf5,
    0x0, 0x1f, 0xf5, 0x6, 0xb9, 0x61, 0x0, 0x1,
    0xff, 0x50, 0x0, 0x0, 0x0, 0x0, 0x1f, 0xf5,
    0x0, 0x0, 0x0, 0x0, 0x1, 0xff, 0x50, 0x0,
    0x0, 0x0, 0x0, 0x1f, 0xf5, 0x0, 0x0, 0x0,
    0x0, 0x1, 0xff, 0x50, 0x0, 0x0, 0x0, 0x0,
    0x1f, 0xf5, 0x0, 0x0, 0x0, 0x0, 0x0,

    /* U+204C "⁌" */
    0x0, 0x5, 0xac, 0xdd, 0xdd, 0xd6, 0x0, 0xcf,
    0xff, 0xff, 0xff, 0xf7, 0xa, 0xff, 0xff, 0xf0,
    0xe, 0xf7, 0x1f, 0xff, 0xff, 0xf0, 0xe, 0xf7,
    0x3f, 0xff, 0xff, 0xf0, 0xe, 0xf7, 0x3f, 0xff,
    0xff, 0xf0, 0xe, 0xf7, 0x1f, 0xff, 0xff, 0xf0,
    0xe, 0xf7, 0xb, 0xff, 0xff, 0xf0, 0xe, 0xf7,
    0x2, 0xef, 0xff, 0xfd, 0xdf, 0xf7, 0x0, 0x18,
    0xdf, 0xff, 0xff, 0xf7,

    /* U+204D "⁍" */
    0x1d, 0xdd, 0xdd, 0xdb, 0x71, 0x0, 0x2f, 0xff,
    0xff, 0xff, 0xfe, 0x40, 0x2f, 0xf4, 0xa, 0xff,
    0xff, 0xe1, 0x2f, 0xf4, 0xa, 0xff, 0xff, 0xf6,
    0x2f, 0xf4, 0xa, 0xff, 0xff, 0xf9, 0x2f, 0xf4,
    0xa, 0xff, 0xff, 0xf9, 0x2f, 0xf4, 0xa, 0xff,
    0xff, 0xf7, 0x2f, 0xf4, 0xa, 0xff, 0xff, 0xf1,
    0x2f, 0xfe, 0xdf, 0xff, 0xff, 0x60, 0x2f, 0xff,
    0xff, 0xfe, 0xa3, 0x0,

    /* U+204E "⁎" */
    0x0, 0x0, 0x6a, 0x10, 0x0, 0x0, 0x0, 0xaf,
    0x20, 0x0, 0xc, 0x50, 0x9f, 0x11, 0xb5, 0x3f,
    0xfb, 0xaf, 0x7f, 0xfb, 0x1, 0x9f, 0xff, 0xfd,
    0x50, 0x0, 0x3c, 0xff, 0xf6, 0x0, 0x2b, 0xff,
    0xdf, 0xcf, 0xe6, 0x1f, 0xb2, 0x9f, 0x16, 0xf8,
    0x2, 0x0, 0x9f, 0x10, 0x10, 0x0, 0x0, 0xaf,
    0x20, 0x0,

    /* U+204F "⁏" */
    0x0, 0x52, 0x0, 0xd, 0xff, 0x20, 0xf, 0xff,
    0x50, 0x8, 0xfb, 0x0, 0x0, 0x0, 0x0, 0x0,
    0x0, 0x0, 0x0, 0x0, 0x0, 0x0, 0x0, 0x0,
    0x0, 0x0, 0x0, 0x0, 0x0, 0x0, 0x6, 0xbb,
    0x10, 0x5, 0xff, 0x40, 0x1, 0xff, 0x60, 0x0,
    0xcf, 0x90, 0x0, 0x7f, 0xb0, 0x0, 0x3f, 0xe0,
    0x0, 0xe, 0xf0,

    /* U+2050 "⁐" */
    0x0, 0x0, 0x0, 0x35, 0x77, 0x76, 0x42, 0x0,
    0x0, 0x0, 0x0, 0x4b, 0xff, 0xff, 0xff, 0xff,
    0xfe, 0x81, 0x0, 0x1, 0xbf, 0xff, 0xff, 0xfe,
    0xef, 0xff, 0xff, 0xf7, 0x1, 0xef, 0xf9, 0x52,
    0x0, 0x0, 0x0, 0x37, 0xcf, 0xf9, 0x5, 0x70,
    0x0, 0x0, 0x0, 0x0, 0x0, 0x0, 0x28, 0x20,
    0x0, 0x0, 0x0, 0x0, 0x0, 0x0, 0x0, 0x0,
    0x0, 0x0, 0x0, 0x0, 0x0, 0x0, 0x0, 0x0,
    0x0, 0x0, 0x0, 0x0, 0x0, 0x0, 0x0, 0x0,
    0x0, 0x0, 0x0, 0x0, 0x0, 0x0, 0x0, 0x0,
    0x0, 0x0, 0x0, 0x0, 0x0, 0x0, 0x0, 0x0,
    0x0, 0x0, 0x0, 0x0, 0x0, 0x0, 0x0, 0x0,
    0x0, 0x0, 0x0, 0x0, 0x0, 0x0, 0x0, 0x0,
    0x0, 0x0, 0x0, 0x0, 0x0, 0x0, 0x0, 0x0,
    0x0, 0x0, 0x0, 0x0, 0x0, 0x0, 0x0, 0x0,
    0x0, 0x0, 0x0, 0x0, 0x0, 0x0, 0x0, 0x0,
    0x0, 0x0, 0x0, 0x0, 0x0, 0x0, 0x0, 0x0,
    0x0, 0x0, 0x0, 0x0, 0x0, 0x0, 0x0, 0x0,
    0x0, 0x0, 0x0, 0x0, 0x0, 0x0, 0x0, 0x0,
    0x0, 0x0, 0x0, 0x0, 0x0, 0x0, 0x0, 0x0,
    0x0, 0x0, 0x0, 0x0, 0x0, 0x0, 0x0, 0x0,
    0x0, 0x0, 0x0, 0x0, 0x0, 0x0, 0x0, 0x0,
    0x0, 0x0, 0x0, 0x0, 0x0, 0x1, 0x0, 0x0,
    0x0, 0x0, 0x0, 0x0, 0x0, 0x10, 0x1d, 0xe8,
    0x20, 0x0, 0x0, 0x0, 0x0, 0x4, 0x9f, 0x90,
    0x7f, 0xff, 0xda, 0x87, 0x67, 0x79, 0xbe, 0xff,
    0xe4, 0x0, 0x3c, 0xff, 0xff, 0xff, 0xff, 0xff,
    0xff, 0x91, 0x0, 0x0, 0x3, 0x8b, 0xdf, 0xff,
    0xed, 0xa6, 0x10, 0x0,

    /* U+2051 "⁑" */
    0x0, 0x0, 0x7f, 0x50, 0x0, 0x0, 0x20, 0x6,
    0xf5, 0x0, 0x10, 0xd, 0xd3, 0x5f, 0x44, 0xeb,
    0x1, 0x9f, 0xfc, 0xfc, 0xff, 0x90, 0x0, 0x2a,
    0xff, 0xf9, 0x10, 0x0, 0x7, 0xef, 0xff, 0xe6,
    0x0, 0x1e, 0xfd, 0x8f, 0x8e, 0xfd, 0x0, 0x98,
    0x6, 0xf4, 0x9, 0x80, 0x0, 0x0, 0x6f, 0x50,
    0x0, 0x0, 0x0, 0x4, 0xa3, 0x0, 0x0, 0x0,
    0x0, 0x0, 0x0, 0x0, 0x0, 0x0, 0x0, 0x0,
    0x0, 0x0, 0x0, 0x0, 0x7f, 0x60, 0x0, 0x0,
    0x20, 0x6, 0xf5, 0x0, 0x20, 0xd, 0xd4, 0x5f,
    0x44, 0xec, 0x1, 0x9f, 0xfc, 0xfc, 0xff, 0x90,
    0x0, 0x2a, 0xff, 0xf9, 0x10, 0x0, 0x7, 0xef,
    0xff, 0xe6, 0x0, 0x1e, 0xfd, 0x8f, 0x8d, 0xfd,
    0x0, 0x98, 0x5, 0xf4, 0x8, 0x80, 0x0, 0x0,
    0x6f, 0x50, 0x0, 0x0, 0x0, 0x4, 0xa3, 0x0,
    0x0,

    /* U+2052 "⁒" */
    0x0, 0x0, 0x0, 0x0, 0x0, 0x0, 0x3f, 0xd0,
    0x0, 0x0, 0x0, 0x0, 0x0, 0x0, 0xd, 0xf3,
    0x0, 0x1b, 0xf9, 0x0, 0x0, 0x0, 0xa, 0xf7,
    0x0, 0x8, 0xff, 0xf5, 0x0, 0x0, 0x5, 0xfc,
    0x0, 0x0, 0x8f, 0xff, 0x50, 0x0, 0x1, 0xef,
    0x20, 0x0, 0x1, 0xbf, 0xa0, 0x0, 0x0, 0xbf,
    0x50, 0x0, 0x0, 0x0, 0x0, 0x0, 0x0, 0x7f,
    0xa0, 0x0, 0x0, 0x0, 0x0, 0x0, 0x0, 0x2f,
    0xe1, 0x0, 0x0, 0x0, 0x0, 0x0, 0x0, 0xd,
    0xf4, 0x0, 0x0, 0x0, 0x0, 0x0, 0x0, 0x9,
    0xf8, 0x0, 0x0, 0x0, 0x0, 0x0, 0x0, 0x4,
    0xfd, 0x0, 0x0, 0x0, 0x0, 0x0, 0x0, 0x1,
    0xef, 0x20, 0x0, 0x5, 0xee, 0x40, 0x0, 0x0,
    0xaf, 0x60, 0x0, 0x0, 0xff, 0xfe, 0x0, 0x0,
    0x6f, 0xb0, 0x0, 0x0, 0xf, 0xff, 0xe0, 0x0,
    0x2f, 0xe1, 0x0, 0x0, 0x0, 0x5e, 0xe4, 0x0,
    0xc, 0xf4, 0x0, 0x0, 0x0, 0x0, 0x0, 0x0,
    0x8, 0xf9, 0x0, 0x0, 0x0, 0x0, 0x0, 0x0,
    0x0,

    /* U+2053 "⁓" */
    0x0, 0x1, 0x21, 0x0, 0x0, 0x0, 0x0, 0x0,
    0x5, 0xdf, 0xff, 0xd6, 0x0, 0x0, 0x0, 0x0,
    0x3f, 0xfe, 0xdf, 0xff, 0xf9, 0x43, 0x6e, 0x90,
    0x7, 0x40, 0x0, 0x5c, 0xff, 0xff, 0xff, 0xd0,
    0x0, 0x0, 0x0, 0x0, 0x3a, 0xef, 0xd7, 0x0,

    /* U+2054 "⁔" */
    0x0, 0x0, 0x0, 0x13, 0x56, 0x65, 0x31, 0x0,
    0x0, 0x0, 0x0, 0x1, 0x8d, 0xff, 0xff, 0xff,
    0xff, 0xd8, 0x10, 0x0, 0x0, 0x8f, 0xff, 0xff,
    0xff, 0xff, 0xff, 0xff, 0xf8, 0x0, 0xb, 0xff,
    0xc7, 0x42, 0x10, 0x1, 0x25, 0x8d, 0xff, 0xb0,
    0x5, 0xa2, 0x0, 0x0, 0x0, 0x0, 0x0, 0x0,
    0x29, 0x50,

    /* U+2055 "⁕" */
    0x0, 0x0, 0x6, 0x82, 0x0, 0x0, 0x0, 0x14,
    0xc, 0xf4, 0x5, 0x0, 0x1, 0xdf, 0x4c, 0xf4,
    0xbf, 0x60, 0x0, 0xaf, 0xfe, 0xfe, 0xff, 0x30,
    0x0, 0xa, 0xff, 0xff, 0xf3, 0x0, 0x2f, 0xff,
    0xff, 0xff, 0xff, 0xfa, 0x2f, 0xff, 0xff, 0xff,
    0xff, 0xfa, 0x0, 0xa, 0xff, 0xff, 0xf4, 0x0,
    0x0, 0xbf, 0xee, 0xfc, 0xff, 0x50, 0x0, 0xae,
    0x2c, 0xf4, 0x8f, 0x40, 0x0, 0x1, 0xc, 0xf4,
    0x1, 0x0,

    /* U+2057 "⁗" */
    0x3f, 0xf6, 0x0, 0x7f, 0xf1, 0x0, 0xcf, 0xc0,
    0x1, 0xff, 0x84, 0xff, 0x20, 0x9, 0xfd, 0x0,
    0xe, 0xf9, 0x0, 0x2f, 0xf4, 0x6f, 0xf0, 0x0,
    0xaf, 0xa0, 0x0, 0xff, 0x50, 0x4, 0xff, 0x7,
    0xfb, 0x0, 0xc, 0xf6, 0x0, 0x1f, 0xf1, 0x0,
    0x5f, 0xd0, 0x9f, 0x70, 0x0, 0xdf, 0x20, 0x2,
    0xfe, 0x0, 0x7, 0xf9, 0xa, 0xf4, 0x0, 0xf,
    0xf0, 0x0, 0x4f, 0xa0, 0x0, 0x9f, 0x50, 0x35,
    0x0, 0x0, 0x54, 0x0, 0x1, 0x52, 0x0, 0x3,
    0x51, 0x0,

    /* U+2070 "⁰" */
    0x1, 0x9e, 0xfe, 0xb3, 0x0, 0x1d, 0xff, 0xef,
    0xff, 0x40, 0x8f, 0xf3, 0x1, 0xcf, 0xd0, 0xcf,
    0x90, 0x0, 0x4f, 0xf1, 0xef, 0x70, 0x0, 0x3f,
    0xf3, 0xcf, 0x90, 0x0, 0x4f, 0xf1, 0x8f, 0xf3,
    0x1, 0xcf, 0xd0, 0x1d, 0xff, 0xef, 0xff, 0x40,
    0x1, 0x9e, 0xfe, 0xb3, 0x0,

    /* U+2071 "ⁱ" */
    0x17, 0x1a, 0xf9, 0x28, 0x2a, 0xf9, 0xaf, 0x9a,
    0xf9, 0xaf, 0x9a, 0xf9, 0xaf, 0x9a, 0xf9,

    /* U+2074 "⁴" */
    0x0, 0x0, 0x6f, 0xfc, 0x0, 0x0, 0x3, 0xff,
    0xfc, 0x0, 0x0, 0x1e, 0xfc, 0xfc, 0x0, 0x0,
    0xcf, 0x95, 0xfc, 0x0, 0x9, 0xfb, 0x5, 0xfc,
    0x0, 0x6f, 0xd1, 0x5, 0xfc, 0x0, 0xcf, 0xff,
    0xff, 0xff, 0xf3, 0x9b, 0xbb, 0xbd, 0xff, 0xb2,
    0x0, 0x0, 0x6, 0xfc, 0x0,

    /* U+2075 "⁵" */
    0xb, 0xff, 0xff, 0xff, 0x20, 0xdf, 0xdd, 0xdd,
    0xd2, 0xf, 0xf2, 0x78, 0x50, 0x2, 0xff, 0xff,
    0xff, 0xc0, 0x5, 0x94, 0x3, 0xef, 0x70, 0x0,
    0x0, 0x8, 0xfb, 0x6e, 0xc0, 0x0, 0xcf, 0x91,
    0xef, 0xeb, 0xef, 0xe2, 0x1, 0x9e, 0xfd, 0x91,
    0x0,

    /* U+2076 "⁶" */
    0x0, 0x8d, 0xfe, 0xb3, 0x0, 0xcf, 0xff, 0xff,
    0xf4, 0x7f, 0xe5, 0x68, 0x95, 0x2c, 0xfa, 0xef,
    0xff, 0xd1, 0xef, 0xf4, 0x3, 0xdf, 0x9d, 0xfa,
    0x0, 0x7, 0xfc, 0x9f, 0xe1, 0x0, 0xbf, 0xa1,
    0xef, 0xfc, 0xef, 0xf2, 0x1, 0x9e, 0xfe, 0xa2,
    0x0,

    /* U+2077 "⁷" */
    0xf, 0xff, 0xff, 0xff, 0xf0, 0xdd, 0xdd, 0xde,
    0xfe, 0x0, 0x0, 0x0, 0xdf, 0x70, 0x0, 0x0,
    0x8f, 0xc0, 0x0, 0x0, 0x3f, 0xf2, 0x0, 0x0,
    0xd, 0xf7, 0x0, 0x0, 0x9, 0xfc, 0x0, 0x0,
    0x3, 0xff, 0x20, 0x0, 0x0, 0xdf, 0x70, 0x0,
    0x0,

    /* U+2078 "⁸" */
    0x4, 0xbe, 0xfe, 0xb5, 0x4, 0xff, 0xdb, 0xdf,
    0xf5, 0x4f, 0xe2, 0x2, 0xdf, 0x50, 0x5e, 0xff,
    0xfe, 0x50, 0x2d, 0xfc, 0x9c, 0xfd, 0x2b, 0xfa,
    0x0, 0x9, 0xfc, 0xdf, 0xa0, 0x0, 0xaf, 0xe5,
    0xff, 0xc9, 0xcf, 0xf6, 0x3, 0xae, 0xfe, 0xb4,
    0x0,

    /* U+2079 "⁹" */
    0x4, 0xbe, 0xfd, 0x81, 0x5, 0xff, 0xdc, 0xff,
    0xd0, 0xdf, 0x70, 0x0, 0xdf, 0x7c, 0xfa, 0x10,
    0x3e, 0xfb, 0x3f, 0xff, 0xfe, 0xaf, 0xc0, 0x16,
    0x85, 0xc, 0xfa, 0x9f, 0xc2, 0x17, 0xff, 0x52,
    0xef, 0xff, 0xff, 0xb0, 0x2, 0xae, 0xfd, 0x70,
    0x0,

    /* U+207A "⁺" */
    0x0, 0x9, 0xf3, 0x0, 0x0, 0x9, 0xf3, 0x0,
    0x4c, 0xce, 0xfc, 0xcb, 0x5f, 0xff, 0xff, 0xff,
    0x0, 0x9, 0xf3, 0x0, 0x0, 0x9, 0xf3, 0x0,
    0x0, 0x7, 0xc2, 0x0,

    /* U+207B "⁻" */
    0x4d, 0xdd, 0xdd, 0xdd, 0x5f, 0xff, 0xff, 0xff,

    /* U+207C "⁼" */
    0x3f, 0xff, 0xff, 0xfd, 0x3d, 0xdd, 0xdd, 0xdb,
    0x0, 0x0, 0x0, 0x0, 0x3d, 0xdd, 0xdd, 0xdb,
    0x3f, 0xff, 0xff, 0xfd,

    /* U+207D "⁽" */
    0x0, 0x0, 0x0, 0x9, 0xf7, 0x2, 0xff, 0x10,
    0x9f, 0xa0, 0xe, 0xf5, 0x1, 0xff, 0x20, 0x3f,
    0xf0, 0x4, 0xff, 0x0, 0x3f, 0xf1, 0x0, 0xff,
    0x40, 0xa, 0xfa, 0x0, 0x3f, 0xf1, 0x0, 0x9f,
    0x80,

    /* U+207E "⁾" */
    0x0, 0x0, 0x0, 0xdf, 0x30, 0x6, 0xfc, 0x0,
    0xf, 0xf3, 0x0, 0xbf, 0x80, 0x8, 0xfc, 0x0,
    0x6f, 0xe0, 0x5, 0xfe, 0x0, 0x7f, 0xd0, 0xa,
    0xf9, 0x0, 0xff, 0x40, 0x6f, 0xd0, 0xd, 0xf4,
    0x0,

    /* U+207F "ⁿ" */
    0xaf, 0x77, 0xef, 0xc3, 0xa, 0xfd, 0xec, 0xff,
    0xe1, 0xaf, 0xc0, 0x2, 0xff, 0x4a, 0xf9, 0x0,
    0xf, 0xf5, 0xaf, 0x90, 0x0, 0xff, 0x5a, 0xf9,
    0x0, 0xf, 0xf5, 0xaf, 0x90, 0x0, 0xff, 0x50,

    /* U+2080 "₀" */
    0x0, 0x8d, 0xfe, 0xa2, 0x0, 0xc, 0xff, 0xff,
    0xff, 0x20, 0x6f, 0xf5, 0x2, 0xdf, 0xb0, 0xbf,
    0xb0, 0x0, 0x6f, 0xf0, 0xdf, 0x80, 0x0, 0x3f,
    0xf2, 0xef, 0x80, 0x0, 0x3f, 0xf2, 0xbf, 0xb0,
    0x0, 0x6f, 0xf0, 0x6f, 0xf5, 0x2, 0xdf, 0xb0,
    0xc, 0xff, 0xff, 0xff, 0x20, 0x0, 0x8d, 0xfe,
    0xa2, 0x0,

    /* U+2081 "₁" */
    0x4, 0xdf, 0xf2, 0x9f, 0xff, 0xf2, 0xcc, 0x5f,
    0xf2, 0x40, 0x2f, 0xf2, 0x0, 0x2f, 0xf2, 0x0,
    0x2f, 0xf2, 0x0, 0x2f, 0xf2, 0x0, 0x2f, 0xf2,
    0x0, 0x2f, 0xf2, 0x0, 0x2f, 0xf2,

    /* U+2082 "₂" */
    0x3, 0xbe, 0xfd, 0x70, 0x4, 0xff, 0xed, 0xff,
    0xc0, 0xaf, 0xa0, 0x4, 0xff, 0x21, 0x10, 0x0,
    0x1f, 0xf1, 0x0, 0x0, 0x1c, 0xfc, 0x0, 0x0,
    0x2d, 0xfc, 0x10, 0x0, 0x5f, 0xf9, 0x0, 0x0,
    0x8f, 0xf5, 0x0, 0x0, 0x8f, 0xff, 0xee, 0xee,
    0x7a, 0xff, 0xff, 0xff, 0xf8,

    /* U+2083 "₃" */
    0x2, 0xae, 0xfe, 0x91, 0x2, 0xff, 0xfd, 0xff,
    0xe1, 0x6d, 0xa0, 0x1, 0xef, 0x50, 0x0, 0x0,
    0x4f, 0xf2, 0x0, 0xc, 0xff, 0xc3, 0x0, 0x0,
    0x69, 0xcf, 0xd2, 0x0, 0x0, 0x0, 0xbf, 0xbb,
    0xfb, 0x10, 0x1d, 0xfb, 0x4f, 0xff, 0xef, 0xff,
    0x40, 0x3a, 0xef, 0xea, 0x30,

    /* U+2084 "₄" */
    0x0, 0x0, 0x6f, 0xfc, 0x0, 0x0, 0x3, 0xff,
    0xfc, 0x0, 0x0, 0x1e, 0xfc, 0xfc, 0x0, 0x0,
    0xbf, 0xb5, 0xfc, 0x0, 0x7, 0xfd, 0x5, 0xfc,
    0x0, 0x4f, 0xe2, 0x5, 0xfc, 0x0, 0xcf, 0xec,
    0xcd, 0xff, 0xc2, 0xdf, 0xff, 0xff, 0xff, 0xf3,
    0x0, 0x0, 0x6, 0xfc, 0x0, 0x0, 0x0, 0x6,
    0xfc, 0x0,

    /* U+2085 "₅" */
    0xb, 0xff, 0xff, 0xff, 0x20, 0xcf, 0xee, 0xee,
    0xe2, 0xe, 0xf1, 0x0, 0x0, 0x0, 0xff, 0x28,
    0x96, 0x0, 0x2f, 0xff, 0xff, 0xfd, 0x0, 0x59,
    0x40, 0x3e, 0xf8, 0x0, 0x0, 0x0, 0x8f, 0xb6,
    0xfd, 0x10, 0xc, 0xf9, 0x1e, 0xff, 0xdf, 0xfe,
    0x10, 0x19, 0xef, 0xd9, 0x10,

    /* U+2086 "₆" */
    0x0, 0x7d, 0xfe, 0x91, 0x0, 0xbf, 0xff, 0xff,
    0xe1, 0x5f, 0xf7, 0x23, 0xce, 0x7b, 0xfa, 0x17,
    0x86, 0x0, 0xdf, 0xaf, 0xff, 0xfd, 0x1d, 0xff,
    0x40, 0x3d, 0xf9, 0xcf, 0xa0, 0x0, 0x7f, 0xc7,
    0xfe, 0x10, 0xc, 0xfa, 0xd, 0xff, 0xdf, 0xff,
    0x20, 0x8, 0xdf, 0xea, 0x20,

    /* U+2087 "₇" */
    0xf, 0xff, 0xff, 0xff, 0xf0, 0xee, 0xee, 0xef,
    0xfe, 0x0, 0x0, 0x0, 0xcf, 0x90, 0x0, 0x0,
    0x6f, 0xe1, 0x0, 0x0, 0x1e, 0xf6, 0x0, 0x0,
    0x9, 0xfc, 0x0, 0x0, 0x2, 0xff, 0x30, 0x0,
    0x0, 0xcf, 0x90, 0x0, 0x0, 0x5f, 0xe1, 0x0,
    0x0, 0xe, 0xf6, 0x0, 0x0,

    /* U+2088 "₈" */
    0x2, 0xae, 0xfe, 0xa2, 0x2, 0xff, 0xec, 0xef,
    0xf2, 0x6f, 0xd0, 0x0, 0xdf, 0x72, 0xff, 0x40,
    0x3e, 0xf3, 0x3, 0xdf, 0xff, 0xe4, 0x2, 0xdf,
    0xda, 0xdf, 0xd2, 0xbf, 0xa0, 0x0, 0xaf, 0xcd,
    0xfb, 0x0, 0xa, 0xfe, 0x5f, 0xfd, 0xad, 0xff,
    0x60, 0x3a, 0xef, 0xeb, 0x40,

    /* U+2089 "₉" */
    0x2, 0xae, 0xfd, 0x80, 0x3, 0xff, 0xfd, 0xff,
    0xb0, 0xbf, 0xb0, 0x2, 0xff, 0x5d, 0xf5, 0x0,
    0xb, 0xfa, 0xbf, 0xc2, 0x5, 0xff, 0xc2, 0xef,
    0xff, 0xea, 0xfc, 0x1, 0x68, 0x61, 0xcf, 0x99,
    0xfc, 0x32, 0x8f, 0xf4, 0x2e, 0xff, 0xff, 0xf9,
    0x0, 0x2a, 0xef, 0xd7, 0x0,

    /* U+208A "₊" */
    0x0, 0x9, 0xf3, 0x0, 0x0, 0x9, 0xf3, 0x0,
    0x0, 0x9, 0xf3, 0x0, 0x5f, 0xff, 0xff, 0xff,
    0x4d, 0xde, 0xfd, 0xdc, 0x0, 0x9, 0xf3, 0x0,
    0x0, 0x9, 0xf3, 0x0, 0x0, 0x0, 0x0, 0x0,

    /* U+208B "₋" */
    0x4e, 0xee, 0xee, 0xee, 0x5f, 0xff, 0xff, 0xff,

    /* U+208C "₌" */
    0x3f, 0xff, 0xff, 0xfd, 0x3e, 0xee, 0xee, 0xec,
    0x0, 0x0, 0x0, 0x0, 0x3e, 0xee, 0xee, 0xec,
    0x3f, 0xff, 0xff, 0xfd,

    /* U+208D "₍" */
    0x0, 0x38, 0x50, 0xe, 0xf4, 0x5, 0xfd, 0x0,
    0xaf, 0x80, 0xf, 0xf4, 0x2, 0xff, 0x10, 0x4f,
    0xf0, 0x4, 0xff, 0x0, 0x2f, 0xf2, 0x0, 0xff,
    0x50, 0x9, 0xfa, 0x0, 0x3f, 0xf1, 0x0, 0x9f,
    0x80,

    /* U+208E "₎" */
    0x7, 0x70, 0x0, 0xaf, 0x80, 0x3, 0xff, 0x0,
    0xe, 0xf4, 0x0, 0xaf, 0x90, 0x7, 0xfd, 0x0,
    0x6f, 0xe0, 0x6, 0xfe, 0x0, 0x7f, 0xc0, 0xb,
    0xf9, 0x1, 0xff, 0x40, 0x7f, 0xc0, 0xd, 0xf3,
    0x0,

    /* U+2090 "ₐ" */
    0x0, 0x6d, 0xfe, 0xa2, 0x0, 0x8f, 0xea, 0xcf,
    0xf2, 0x2, 0x51, 0x0, 0xef, 0x60, 0x6, 0xac,
    0xef, 0xf7, 0xc, 0xfe, 0xa7, 0xdf, 0x71, 0xff,
    0x10, 0xe, 0xf7, 0xf, 0xfb, 0x8d, 0xff, 0x70,
    0x4c, 0xfe, 0x8a, 0xf7,

    /* U+2091 "ₑ" */
    0x0, 0x3b, 0xff, 0xc5, 0x0, 0x3, 0xff, 0xcb,
    0xff, 0x80, 0xc, 0xf7, 0x11, 0x3f, 0xf0, 0xf,
    0xff, 0xff, 0xff, 0xf3, 0xf, 0xf7, 0x44, 0x44,
    0x40, 0xc, 0xfa, 0x0, 0x27, 0x30, 0x4, 0xff,
    0xdb, 0xff, 0xa0, 0x0, 0x3b, 0xff, 0xd8, 0x0,

    /* U+2092 "ₒ" */
    0x0, 0x3b, 0xff, 0xd6, 0x0, 0x3, 0xff, 0xec,
    0xff, 0x90, 0xb, 0xfb, 0x0, 0x5f, 0xf2, 0xf,
    0xf5, 0x0, 0xf, 0xf5, 0xf, 0xf5, 0x0, 0xf,
    0xf5, 0xb, 0xfb, 0x0, 0x5f, 0xf2, 0x3, 0xff,
    0xec, 0xff, 0x90, 0x0, 0x3b, 0xff, 0xd7, 0x0,

    /* U+2093 "ₓ" */
    0xd, 0xf8, 0x0, 0x9f, 0xc0, 0x3, 0xff, 0x34,
    0xff, 0x20, 0x0, 0x9f, 0xbd, 0xf8, 0x0, 0x0,
    0xe, 0xff, 0xd0, 0x0, 0x0, 0x2f, 0xff, 0xe1,
    0x0, 0x0, 0xbf, 0x9c, 0xf9, 0x0, 0x6, 0xfe,
    0x13, 0xff, 0x40, 0x1e, 0xf5, 0x0, 0x7f, 0xe0,

    /* U+2094 "ₔ" */
    0x2, 0xae, 0xfd, 0x70, 0x2, 0xff, 0xff, 0xff,
    0xb0, 0xb, 0xa1, 0x5, 0xff, 0x70, 0x0, 0x0,
    0x8, 0xfc, 0xaf, 0xff, 0xff, 0xff, 0xfa, 0xff,
    0xee, 0xee, 0xfe, 0x8f, 0xb0, 0x0, 0x9f, 0xc3,
    0xff, 0x51, 0x4f, 0xf6, 0xa, 0xff, 0xff, 0xfb,
    0x0, 0x8, 0xdf, 0xd7, 0x0,

    /* U+2095 "ₕ" */
    0xaf, 0x80, 0x0, 0x0, 0xa, 0xf8, 0x0, 0x0,
    0x0, 0xaf, 0x86, 0xef, 0xb2, 0xa, 0xfd, 0xfe,
    0xff, 0xd0, 0xaf, 0xd1, 0x4, 0xff, 0x3a, 0xf9,
    0x0, 0xf, 0xf5, 0xaf, 0x90, 0x0, 0xff, 0x5a,
    0xf9, 0x0, 0xf, 0xf5, 0xaf, 0x90, 0x0, 0xff,
    0x5a, 0xf9, 0x0, 0xf, 0xf5,

    /* U+2096 "ₖ" */
    0xaf, 0x90, 0x0, 0x0, 0xa, 0xf9, 0x0, 0x0,
    0x0, 0xaf, 0x90, 0xc, 0xfb, 0xa, 0xf9, 0xc,
    0xfc, 0x0, 0xaf, 0xac, 0xfd, 0x10, 0xa, 0xff,
    0xff, 0x30, 0x0, 0xaf, 0xff, 0xfc, 0x0, 0xa,
    0xfc, 0x4f, 0xf7, 0x0, 0xaf, 0x90, 0x7f, 0xf3,
    0xa, 0xf9, 0x0, 0xaf, 0xe1,

    /* U+2097 "ₗ" */
    0xaf, 0x9a, 0xf9, 0xaf, 0x9a, 0xf9, 0xaf, 0x9a,
    0xf9, 0xaf, 0x9a, 0xf9, 0xaf, 0x9a, 0xf9,

    /* U+2098 "ₘ" */
    0xaf, 0x78, 0xee, 0x60, 0x9e, 0xea, 0xa, 0xfe,
    0xee, 0xff, 0xaf, 0xef, 0xf8, 0xaf, 0xc0, 0xb,
    0xfd, 0x0, 0xaf, 0xca, 0xf9, 0x0, 0x7f, 0xb0,
    0x6, 0xfd, 0xaf, 0x90, 0x7, 0xfb, 0x0, 0x6f,
    0xda, 0xf9, 0x0, 0x7f, 0xb0, 0x6, 0xfd, 0xaf,
    0x90, 0x7, 0xfb, 0x0, 0x6f, 0xda, 0xf9, 0x0,
    0x7f, 0xb0, 0x6, 0xfd,

    /* U+2099 "ₙ" */
    0xaf, 0x76, 0xef, 0xb2, 0xa, 0xfc, 0xfd, 0xff,
    0xd0, 0xaf, 0xd1, 0x3, 0xff, 0x3a, 0xf9, 0x0,
    0xf, 0xf5, 0xaf, 0x90, 0x0, 0xff, 0x5a, 0xf9,
    0x0, 0xf, 0xf5, 0xaf, 0x90, 0x0, 0xff, 0x5a,
    0xf9, 0x0, 0xf, 0xf5,

    /* U+209A "ₚ" */
    0xaf, 0x97, 0xef, 0xc3, 0xa, 0xfe, 0xfc, 0xff,
    0xe1, 0xaf, 0xe1, 0x2, 0xff, 0x7a, 0xfa, 0x0,
    0xb, 0xf9, 0xaf, 0xa0, 0x0, 0xbf, 0xaa, 0xfe,
    0x10, 0x3f, 0xf7, 0xaf, 0xef, 0xdf, 0xfe, 0x1a,
    0xf9, 0x7e, 0xfb, 0x20, 0xaf, 0x90, 0x0, 0x0,
    0xa, 0xf9, 0x0, 0x0, 0x0, 0xaf, 0x90, 0x0,
    0x0, 0x0,

    /* U+209B "ₛ" */
    0x7, 0xdf, 0xfc, 0x40, 0x8f, 0xea, 0xbf, 0xe1,
    0xbf, 0x90, 0x2, 0x0, 0x7f, 0xff, 0xc9, 0x40,
    0x4, 0x9d, 0xff, 0xf5, 0x27, 0x0, 0xc, 0xf9,
    0xbf, 0xea, 0xbf, 0xf4, 0x8, 0xdf, 0xeb, 0x40,

    /* U+209C "ₜ" */
    0x3, 0x86, 0x0, 0x7, 0xfc, 0x0, 0x9f, 0xff,
    0xf5, 0x6d, 0xfe, 0xb3, 0x7, 0xfc, 0x0, 0x7,
    0xfc, 0x0, 0x7, 0xfc, 0x0, 0x7, 0xfc, 0x0,
    0x5, 0xff, 0xd4, 0x0, 0x8e, 0xf6,

    /* U+20A0 "₠" */
    0x0, 0x0, 0x46, 0x75, 0x10, 0x0, 0x0, 0x0,
    0x0, 0x4e, 0xff, 0xff, 0xf8, 0x0, 0x0, 0x0,
    0x3, 0xff, 0xfa, 0x9d, 0xff, 0x80, 0x0, 0x0,
    0xd, 0xfe, 0x20, 0x0, 0xdf, 0xf0, 0x0, 0x0,
    0x2f, 0xf8, 0x0, 0x0, 0x6c, 0xc2, 0x0, 0x0,
    0x4f, 0xf5, 0x0, 0x0, 0x0, 0x0, 0x0, 0x0,
    0x5f, 0xf4, 0x0, 0xff, 0xff, 0xff, 0xff, 0xf1,
    0x5f, 0xf4, 0x0, 0xff, 0xff, 0xff, 0xff, 0xf1,
    0x3f, 0xf6, 0x0, 0xff, 0xa0, 0x0, 0x0, 0x0,
    0xf, 0xfb, 0x0, 0xff, 0xa0, 0x0, 0x0, 0x0,
    0x8, 0xff, 0x91, 0xff, 0xa0, 0x0, 0x0, 0x0,
    0x0, 0xbf, 0xff, 0xff, 0xff, 0xff, 0xff, 0x20,
    0x0, 0x6, 0xcf, 0xff, 0xff, 0xff, 0xff, 0x20,
    0x0, 0x0, 0x0, 0xff, 0xa0, 0x0, 0x0, 0x0,
    0x0, 0x0, 0x0, 0xff, 0xa0, 0x0, 0x0, 0x0,
    0x0, 0x0, 0x0, 0xff, 0xa0, 0x0, 0x0, 0x0,
    0x0, 0x0, 0x0, 0xff, 0xff, 0xff, 0xff, 0xf1,
    0x0, 0x0, 0x0, 0xff, 0xff, 0xff, 0xff, 0xf1,

    /* U+20A1 "₡" */
    0x0, 0x0, 0x0, 0x0, 0x7, 0x40, 0x74, 0x0,
    0x0, 0x0, 0x0, 0x0, 0xe, 0x30, 0xe4, 0x0,
    0x0, 0x0, 0x0, 0x0, 0x2f, 0x2, 0xf0, 0x0,
    0x0, 0x0, 0x29, 0xdf, 0xff, 0xa9, 0xb0, 0x0,
    0x0, 0x7, 0xff, 0xff, 0xff, 0xff, 0xd2, 0x0,
    0x0, 0x9f, 0xff, 0xa8, 0xf6, 0xcf, 0xfe, 0x20,
    0x5, 0xff, 0xe2, 0x5, 0xb0, 0x5d, 0xff, 0xd0,
    0xe, 0xff, 0x20, 0xa, 0x60, 0xb6, 0x8f, 0xf3,
    0x4f, 0xf9, 0x0, 0xf, 0x10, 0xf1, 0x0, 0x0,
    0x7f, 0xf4, 0x0, 0x5b, 0x5, 0xc0, 0x0, 0x0,
    0x9f, 0xf1, 0x0, 0xa6, 0xa, 0x70, 0x0, 0x0,
    0xaf, 0xf0, 0x0, 0xe1, 0xf, 0x10, 0x0, 0x0,
    0x9f, 0xf0, 0x4, 0xc0, 0x5c, 0x0, 0x0, 0x0,
    0x7f, 0xf2, 0x9, 0x60, 0xa7, 0x0, 0x0, 0x0,
    0x3f, 0xf6, 0xe, 0x10, 0xf2, 0x0, 0x6d, 0xd3,
    0xd, 0xfc, 0x3c, 0x4, 0xd0, 0x0, 0xdf, 0xf0,
    0x4, 0xff, 0xd8, 0x9, 0x80, 0xa, 0xff, 0x80,
    0x0, 0x8f, 0xff, 0xae, 0x99, 0xef, 0xfc, 0x0,
    0x0, 0x9, 0xff, 0xff, 0xff, 0xff, 0xb1, 0x0,
    0x0, 0x9, 0x98, 0xef, 0xfd, 0xa4, 0x0, 0x0,
    0x0, 0xe, 0x20, 0xd4, 0x0, 0x0, 0x0, 0x0,
    0x0, 0x4d, 0x2, 0xe0, 0x0, 0x0, 0x0, 0x0,

    /* U+20A2 "₢" */
    0x0, 0x0, 0x29, 0xdf, 0xfd, 0x94, 0x0, 0x0,
    0x0, 0x7, 0xff, 0xff, 0xff, 0xff, 0xb1, 0x0,
    0x0, 0x9f, 0xff, 0xa7, 0x79, 0xef, 0xfd, 0x0,
    0x5, 0xff, 0xd2, 0x0, 0x0, 0x9, 0xff, 0x80,
    0xd, 0xff, 0x10, 0x0, 0x0, 0x0, 0xcf, 0xf0,
    0x3f, 0xf8, 0x0, 0x0, 0x0, 0x0, 0x25, 0x51,
    0x7f, 0xf3, 0x0, 0x0, 0x0, 0x0, 0x0, 0x0,
    0x9f, 0xf0, 0x0, 0x5f, 0xf1, 0x6d, 0xfc, 0x0,
    0xaf, 0xf0, 0x0, 0x5f, 0xf8, 0xff, 0xfa, 0x0,
    0x9f, 0xf0, 0x0, 0x5f, 0xff, 0xb4, 0x32, 0x0,
    0x7f, 0xf2, 0x0, 0x5f, 0xfb, 0x0, 0x0, 0x0,
    0x3f, 0xf7, 0x0, 0x5f, 0xf4, 0x0, 0x5a, 0xa1,
    0xd, 0xfe, 0x10, 0x5f, 0xf1, 0x0, 0xdf, 0xe0,
    0x5, 0xff, 0xd2, 0x5f, 0xf1, 0x1b, 0xff, 0x60,
    0x0, 0x9f, 0xff, 0xcf, 0xfa, 0xef, 0xfb, 0x0,
    0x0, 0x7, 0xff, 0xff, 0xff, 0xff, 0xa0, 0x0,
    0x0, 0x0, 0x29, 0xdf, 0xfd, 0x93, 0x0, 0x0,

    /* U+20A3 "₣" */
    0x0, 0xa, 0xff, 0xff, 0xff, 0xff, 0xff, 0x30,
    0x0, 0xaf, 0xff, 0xff, 0xff, 0xff, 0xf3, 0x0,
    0xa, 0xff, 0x44, 0x44, 0x44, 0x44, 0x0, 0x0,
    0xaf, 0xf0, 0x0, 0x0, 0x0, 0x0, 0x0, 0xa,
    0xff, 0x0, 0x0, 0x0, 0x0, 0x0, 0x0, 0xaf,
    0xf0, 0x0, 0x0, 0x0, 0x0, 0x0, 0xa, 0xff,
    0x0, 0x0, 0x0, 0x0, 0x0, 0x0, 0xaf, 0xf4,
    0x33, 0x33, 0x33, 0x10, 0x0, 0xa, 0xff, 0xff,
    0xff, 0xff, 0xf7, 0x0, 0x0, 0xaf, 0xff, 0xff,
    0xff, 0xff, 0x70, 0x0, 0xa, 0xff, 0x0, 0x0,
    0x0, 0x0, 0x0, 0x0, 0xaf, 0xf0, 0x0, 0x0,
    0x0, 0x0, 0x18, 0x8f, 0xff, 0x88, 0x50, 0x0,
    0x0, 0x3, 0xff, 0xff, 0xff, 0xfa, 0x0, 0x0,
    0x0, 0x0, 0xa, 0xff, 0x0, 0x0, 0x0, 0x0,
    0x0, 0x0, 0xaf, 0xf0, 0x0, 0x0, 0x0, 0x0,
    0x0, 0xa, 0xff, 0x0, 0x0, 0x0, 0x0, 0x0,

    /* U+20A4 "₤" */
    0x0, 0x0, 0x5b, 0xef, 0xe9, 0x10, 0x0, 0x0,
    0xaf, 0xff, 0xff, 0xff, 0x30, 0x0, 0x7f, 0xfc,
    0x64, 0x7f, 0xfe, 0x0, 0xe, 0xfd, 0x0, 0x0,
    0x4f, 0xf6, 0x0, 0xff, 0x70, 0x0, 0x0, 0x86,
    0x20, 0x1f, 0xf6, 0x0, 0x0, 0x0, 0x0, 0x69,
    0xff, 0xc9, 0x99, 0x98, 0x0, 0xc, 0xff, 0xff,
    0xff, 0xff, 0xe0, 0x0, 0x0, 0xff, 0x80, 0x0,
    0x0, 0x0, 0x0, 0xf, 0xf8, 0x0, 0x0, 0x0,
    0x0, 0xcf, 0xff, 0xff, 0xff, 0xfe, 0x0, 0x6,
    0x9f, 0xfd, 0x99, 0x99, 0x80, 0x0, 0x0, 0xdf,
    0x90, 0x0, 0x0, 0x0, 0x0, 0xe, 0xf6, 0x0,
    0x0, 0x7, 0xa7, 0x3a, 0xfb, 0x44, 0x44, 0x44,
    0xef, 0x9c, 0xff, 0xff, 0xff, 0xff, 0xff, 0xf4,
    0xcf, 0xff, 0xff, 0xff, 0xff, 0xd6, 0x0,

    /* U+20A5 "₥" */
    0x0, 0x0, 0x0, 0x0, 0x0, 0x38, 0x60, 0x0,
    0x0, 0x0, 0x0, 0x0, 0x0, 0x0, 0xc, 0xf6,
    0x0, 0x0, 0x0, 0x4f, 0xf4, 0x3b, 0xfe, 0x94,
    0xff, 0xbe, 0xfc, 0x40, 0x4, 0xff, 0x7f, 0xff,
    0xff, 0xff, 0xff, 0xff, 0xff, 0x40, 0x4f, 0xff,
    0xb5, 0x5c, 0xff, 0xfd, 0x65, 0x9f, 0xfc, 0x4,
    0xff, 0xc0, 0x0, 0x1f, 0xff, 0x20, 0x0, 0xaf,
    0xf0, 0x4f, 0xf6, 0x0, 0x0, 0xef, 0xc0, 0x0,
    0x7, 0xff, 0x24, 0xff, 0x40, 0x0, 0x5f, 0xfb,
    0x0, 0x0, 0x6f, 0xf2, 0x4f, 0xf4, 0x0, 0xb,
    0xff, 0xb0, 0x0, 0x6, 0xff, 0x24, 0xff, 0x40,
    0x2, 0xff, 0xfb, 0x0, 0x0, 0x6f, 0xf2, 0x4f,
    0xf4, 0x0, 0x8f, 0xff, 0xb0, 0x0, 0x6, 0xff,
    0x24, 0xff, 0x40, 0xe, 0xff, 0xfb, 0x0, 0x0,
    0x6f, 0xf2, 0x4f, 0xf4, 0x6, 0xfd, 0xdf, 0xb0,
    0x0, 0x6, 0xff, 0x24, 0xff, 0x40, 0xcf, 0x6d,
    0xfb, 0x0, 0x0, 0x6f, 0xf2, 0x4f, 0xf4, 0x3f,
    0xf1, 0xdf, 0xb0, 0x0, 0x6, 0xff, 0x20, 0x0,
    0x9, 0xf9, 0x0, 0x0, 0x0, 0x0, 0x0, 0x0,
    0x0, 0x0, 0x78, 0x20, 0x0, 0x0, 0x0, 0x0,
    0x0, 0x0,

    /* U+20A6 "₦" */
    0x0, 0xdf, 0xf9, 0x0, 0x0, 0x0, 0x4, 0xff,
    0x70, 0x0, 0xdf, 0xff, 0x30, 0x0, 0x0, 0x4,
    0xff, 0x70, 0x0, 0xdf, 0xff, 0xd0, 0x0, 0x0,
    0x4, 0xff, 0x70, 0x0, 0xdf, 0xcf, 0xf9, 0x0,
    0x0, 0x4, 0xff, 0x70, 0x0, 0xdf, 0xb8, 0xff,
    0x40, 0x0, 0x4, 0xff, 0x70, 0x0, 0xdf, 0xc0,
    0xdf, 0xe0, 0x0, 0x4, 0xff, 0x70, 0x8f, 0xff,
    0xff, 0xff, 0xff, 0xff, 0xff, 0xff, 0xfe, 0x5a,
    0xff, 0xfa, 0xad, 0xff, 0xda, 0xac, 0xff, 0xd9,
    0x0, 0xdf, 0xe0, 0x2, 0xff, 0xc0, 0x4, 0xff,
    0x70, 0x0, 0xdf, 0xe0, 0x0, 0x9f, 0xf5, 0x4,
    0xff, 0x70, 0x8f, 0xff, 0xff, 0xff, 0xff, 0xff,
    0xff, 0xff, 0xfe, 0x5b, 0xff, 0xfb, 0xbb, 0xbb,
    0xff, 0xec, 0xff, 0xd9, 0x0, 0xdf, 0xe0, 0x0,
    0x0, 0xbf, 0xf4, 0xff, 0x70, 0x0, 0xdf, 0xe0,
    0x0, 0x0, 0x1e, 0xfc, 0xff, 0x70, 0x0, 0xdf,
    0xe0, 0x0, 0x0, 0x5, 0xff, 0xff, 0x70, 0x0,
    0xdf, 0xe0, 0x0, 0x0, 0x0, 0xaf, 0xff, 0x70,
    0x0, 0xdf, 0xe0, 0x0, 0x0, 0x0, 0x1e, 0xff,
    0x70,

    /* U+20A7 "₧" */
    0x1f, 0xff, 0xff, 0xff, 0xda, 0x40, 0x0, 0x0,
    0x0, 0x0, 0x0, 0x1, 0xff, 0xff, 0xff, 0xff,
    0xff, 0x90, 0x0, 0x5, 0xcc, 0x10, 0x0, 0x1f,
    0xfb, 0x33, 0x34, 0x7e, 0xff, 0x60, 0x0, 0x7f,
    0xf2, 0x0, 0x1, 0xff, 0x90, 0x0, 0x0, 0x2f,
    0xfd, 0x0, 0x7, 0xff, 0x20, 0x0, 0x1f, 0xf9,
    0x0, 0x0, 0x0, 0xaf, 0xf1, 0x5f, 0xff, 0xff,
    0xfb, 0x1, 0xff, 0x90, 0x0, 0x0, 0x8, 0xff,
    0x35, 0xff, 0xff, 0xff, 0xb0, 0x1f, 0xf9, 0x0,
    0x0, 0x0, 0xaf, 0xf1, 0x1, 0x7f, 0xf2, 0x10,
    0x1, 0xff, 0x90, 0x0, 0x0, 0x2f, 0xfd, 0x0,
    0x7, 0xff, 0x20, 0x0, 0x1f, 0xfb, 0x33, 0x34,
    0x7e, 0xff, 0x60, 0x0, 0x7f, 0xf2, 0x0, 0x1,
    0xff, 0xff, 0xff, 0xff, 0xff, 0x90, 0x0, 0x7,
    0xff, 0x20, 0x0, 0x1f, 0xff, 0xff, 0xff, 0xda,
    0x40, 0x0, 0x0, 0x7f, 0xf2, 0x0, 0x1, 0xff,
    0x90, 0x0, 0x0, 0x0, 0x0, 0x0, 0x7, 0xff,
    0x20, 0x0, 0x1f, 0xf9, 0x0, 0x0, 0x0, 0x0,
    0x0, 0x0, 0x7f, 0xf2, 0x0, 0x1, 0xff, 0x90,
    0x0, 0x0, 0x0, 0x0, 0x0, 0x7, 0xff, 0x20,
    0x0, 0x1f, 0xf9, 0x0, 0x0, 0x0, 0x0, 0x0,
    0x0, 0x4f, 0xf7, 0x0, 0x1, 0xff, 0x90, 0x0,
    0x0, 0x0, 0x0, 0x0, 0x0, 0xdf, 0xff, 0xc0,
    0x1f, 0xf9, 0x0, 0x0, 0x0, 0x0, 0x0, 0x0,
    0x1, 0xae, 0xfe, 0x0,

    /* U+20A8 "₨" */
    0x1f, 0xff, 0xff, 0xff, 0xea, 0x50, 0x0, 0x0,
    0x0, 0x0, 0x0, 0x0, 0x0, 0x1f, 0xff, 0xff,
    0xff, 0xff, 0xfb, 0x0, 0x0, 0x0, 0x0, 0x0,
    0x0, 0x0, 0x1f, 0xfb, 0x33, 0x34, 0x7d, 0xff,
    0x80, 0x0, 0x0, 0x0, 0x0, 0x0, 0x0, 0x1f,
    0xf9, 0x0, 0x0, 0x1, 0xef, 0xe0, 0x0, 0x0,
    0x0, 0x0, 0x0, 0x0, 0x1f, 0xf9, 0x0, 0x0,
    0x0, 0x9f, 0xf2, 0x0, 0x18, 0xdf, 0xfd, 0x81,
    0x0, 0x1f, 0xf9, 0x0, 0x0, 0x0, 0x8f, 0xf2,
    0x3, 0xef, 0xff, 0xff, 0xfd, 0x10, 0x1f, 0xf9,
    0x0, 0x0, 0x0, 0xcf, 0xf0, 0xc, 0xff, 0x51,
    0x5, 0xef, 0xa0, 0x1f, 0xf9, 0x0, 0x0, 0x3a,
    0xff, 0xa0, 0xf, 0xf9, 0x0, 0x0, 0x35, 0x20,
    0x1f, 0xff, 0xff, 0xff, 0xff, 0xfd, 0x10, 0xe,
    0xfd, 0x10, 0x0, 0x0, 0x0, 0x1f, 0xff, 0xff,
    0xff, 0xff, 0x91, 0x0, 0x7, 0xff, 0xfc, 0x85,
    0x0, 0x0, 0x1f, 0xfb, 0x33, 0x39, 0xff, 0x60,
    0x0, 0x0, 0x6d, 0xff, 0xff, 0xf9, 0x0, 0x1f,
    0xf9, 0x0, 0x1, 0xff, 0xe0, 0x0, 0x0, 0x0,
    0x26, 0xae, 0xff, 0xb0, 0x1f, 0xf9, 0x0, 0x0,
    0x7f, 0xf7, 0x0, 0x0, 0x0, 0x0, 0x0, 0xbf,
    0xf1, 0x1f, 0xf9, 0x0, 0x0, 0xe, 0xff, 0x10,
    0x3b, 0xe3, 0x0, 0x0, 0x8f, 0xf2, 0x1f, 0xf9,
    0x0, 0x0, 0x7, 0xff, 0x80, 0x1f, 0xfe, 0x41,
    0x16, 0xff, 0xd0, 0x1f, 0xf9, 0x0, 0x0, 0x0,
    0xef, 0xf1, 0x6, 0xff, 0xff, 0xff, 0xfe, 0x30,
    0x1f, 0xf9, 0x0, 0x0, 0x0, 0x6f, 0xf9, 0x0,
    0x29, 0xdf, 0xfd, 0x81, 0x0,

    /* U+20A9 "₩" */
    0x3f, 0xf5, 0x0, 0x0, 0x0, 0xbf, 0xf4, 0x0,
    0x0, 0x0, 0xcf, 0xc0, 0xef, 0xa0, 0x0, 0x0,
    0xf, 0xff, 0x90, 0x0, 0x0, 0x1f, 0xf8, 0xa,
    0xfe, 0x0, 0x0, 0x4, 0xff, 0xfd, 0x0, 0x0,
    0x5, 0xff, 0x30, 0x5f, 0xf3, 0x0, 0x0, 0x9f,
    0xff, 0xf2, 0x0, 0x0, 0x9f, 0xe0, 0x1, 0xff,
    0x70, 0x0, 0xd, 0xfb, 0xff, 0x60, 0x0, 0xe,
    0xfa, 0x3, 0xdf, 0xfe, 0xdd, 0xdd, 0xff, 0xef,
    0xfe, 0xdd, 0xdd, 0xff, 0xea, 0x3f, 0xff, 0xff,
    0xff, 0xff, 0xff, 0xff, 0xff, 0xff, 0xff, 0xff,
    0xd0, 0x3, 0xff, 0x40, 0xa, 0xfc, 0x2, 0xff,
    0x30, 0xb, 0xfc, 0x0, 0x0, 0xf, 0xf8, 0x0,
    0xef, 0x70, 0xe, 0xf7, 0x0, 0xef, 0x80, 0x3,
    0xff, 0xff, 0xff, 0xff, 0xff, 0xff, 0xff, 0xff,
    0xff, 0xff, 0xfd, 0x3d, 0xde, 0xff, 0xde, 0xff,
    0xdd, 0xde, 0xff, 0xde, 0xff, 0xdd, 0xb0, 0x0,
    0x2f, 0xf4, 0xbf, 0xa0, 0x0, 0x1f, 0xf4, 0xbf,
    0xb0, 0x0, 0x0, 0x0, 0xef, 0x9f, 0xf6, 0x0,
    0x0, 0xcf, 0x9f, 0xf7, 0x0, 0x0, 0x0, 0x9,
    0xff, 0xff, 0x10, 0x0, 0x8, 0xff, 0xff, 0x20,
    0x0, 0x0, 0x0, 0x5f, 0xff, 0xd0, 0x0, 0x0,
    0x3f, 0xff, 0xe0, 0x0, 0x0, 0x0, 0x1, 0xff,
    0xf8, 0x0, 0x0, 0x0, 0xff, 0xfa, 0x0, 0x0,
    0x0, 0x0, 0xc, 0xff, 0x40, 0x0, 0x0, 0xa,
    0xff, 0x50, 0x0, 0x0,

    /* U+20AA "₪" */
    0xf, 0xff, 0xff, 0xff, 0xfe, 0xa2, 0x0, 0x2f,
    0xf7, 0xf, 0xff, 0xff, 0xff, 0xff, 0xff, 0x20,
    0x2f, 0xf7, 0xf, 0xfa, 0x33, 0x33, 0x38, 0xff,
    0x90, 0x2f, 0xf7, 0xf, 0xf9, 0x0, 0x0, 0x0,
    0xdf, 0xc0, 0x2f, 0xf7, 0xf, 0xf9, 0x4, 0xcc,
    0x20, 0xcf, 0xd0, 0x2f, 0xf7, 0xf, 0xf9, 0x6,
    0xff, 0x30, 0xcf, 0xd0, 0x2f, 0xf7, 0xf, 0xf9,
    0x6, 0xff, 0x30, 0xcf, 0xd0, 0x2f, 0xf7, 0xf,
    0xf9, 0x6, 0xff, 0x30, 0xcf, 0xd0, 0x2f, 0xf7,
    0xf, 0xf9, 0x6, 0xff, 0x30, 0x9c, 0xa0, 0x2f,
    0xf7, 0xf, 0xf9, 0x6, 0xff, 0x30, 0x0, 0x0,
    0x4f, 0xf6, 0xf, 0xf9, 0x6, 0xff, 0x63, 0x33,
    0x34, 0xcf, 0xf3, 0xf, 0xf9, 0x6, 0xff, 0xff,
    0xff, 0xff, 0xff, 0xb0, 0xf, 0xf9, 0x6, 0xff,
    0xff, 0xff, 0xff, 0xd8, 0x0,

    /* U+20AB "₫" */
    0x0, 0x0, 0x0, 0x0, 0x7, 0xff, 0x10, 0x0,
    0x0, 0x1, 0xbb, 0xbf, 0xff, 0xd8, 0x0, 0x0,
    0x1, 0xff, 0xff, 0xff, 0xfc, 0x0, 0x0, 0x0,
    0x0, 0x7, 0xff, 0x10, 0x0, 0x18, 0xdf, 0xe9,
    0x17, 0xff, 0x10, 0x2, 0xef, 0xff, 0xff, 0xc8,
    0xff, 0x10, 0xc, 0xff, 0xa3, 0x26, 0xef, 0xff,
    0x10, 0x5f, 0xf9, 0x0, 0x0, 0x3f, 0xff, 0x10,
    0xaf, 0xf1, 0x0, 0x0, 0xc, 0xff, 0x10, 0xcf,
    0xd0, 0x0, 0x0, 0x8, 0xff, 0x10, 0xdf, 0xc0,
    0x0, 0x0, 0x7, 0xff, 0x10, 0xcf, 0xd0, 0x0,
    0x0, 0x8, 0xff, 0x10, 0xaf, 0xf1, 0x0, 0x0,
    0xc, 0xff, 0x10, 0x5f, 0xf9, 0x0, 0x0, 0x4f,
    0xff, 0x10, 0xd, 0xff, 0xa3, 0x26, 0xfe, 0xff,
    0x10, 0x2, 0xef, 0xff, 0xff, 0xc7, 0xff, 0x10,
    0x0, 0x18, 0xdf, 0xe9, 0x16, 0xff, 0x10, 0x0,
    0x0, 0x0, 0x0, 0x0, 0x0, 0x0, 0x0, 0x0,
    0x0, 0x0, 0x0, 0x0, 0x0, 0x2, 0x22, 0x22,
    0x22, 0x22, 0x22, 0x0, 0x2f, 0xff, 0xff, 0xff,
    0xff, 0xff, 0x0, 0x2f, 0xff, 0xff, 0xff, 0xff,
    0xff, 0x0,

    /* U+20AC "€" */
    0x0, 0x0, 0x0, 0x18, 0xdf, 0xfd, 0x92, 0x0,
    0x0, 0x0, 0x5f, 0xff, 0xff, 0xff, 0xf6, 0x0,
    0x0, 0x5f, 0xff, 0xb7, 0x69, 0xef, 0x50, 0x0,
    0x1e, 0xff, 0x40, 0x0, 0x1, 0x80, 0x0, 0x8,
    0xff, 0x60, 0x0, 0x0, 0x0, 0x0, 0x0, 0xdf,
    0xe0, 0x0, 0x0, 0x0, 0x0, 0xe, 0xff, 0xff,
    0xff, 0xff, 0xff, 0x60, 0x2, 0xbc, 0xff, 0xdb,
    0xbb, 0xbb, 0xb0, 0x0, 0x0, 0x3f, 0xf7, 0x0,
    0x0, 0x0, 0x0, 0x0, 0xef, 0xff, 0xff, 0xff,
    0xfe, 0x0, 0x0, 0x2c, 0xcf, 0xff, 0xcc, 0xcc,
    0x50, 0x0, 0x0, 0x0, 0xcf, 0xf0, 0x0, 0x0,
    0x0, 0x0, 0x0, 0x6, 0xff, 0x70, 0x0, 0x0,
    0x0, 0x0, 0x0, 0xe, 0xff, 0x50, 0x0, 0x1,
    0x80, 0x0, 0x0, 0x4f, 0xff, 0xb7, 0x69, 0xff,
    0x40, 0x0, 0x0, 0x4e, 0xff, 0xff, 0xff, 0xf6,
    0x0, 0x0, 0x0, 0x18, 0xcf, 0xfd, 0x93, 0x0,

    /* U+20AD "₭" */
    0x0, 0xb, 0xff, 0x0, 0x0, 0x0, 0xb, 0xff,
    0xb0, 0x0, 0xb, 0xff, 0x0, 0x0, 0x0, 0xaf,
    0xfb, 0x0, 0x0, 0xb, 0xff, 0x0, 0x0, 0xa,
    0xff, 0xc0, 0x0, 0x0, 0xb, 0xff, 0x0, 0x0,
    0x9f, 0xfc, 0x0, 0x0, 0x0, 0xb, 0xff, 0x0,
    0x8, 0xff, 0xc1, 0x0, 0x0, 0x0, 0xb, 0xff,
    0x0, 0x7f, 0xfd, 0x10, 0x0, 0x0, 0x14, 0x4c,
    0xff, 0x47, 0xff, 0xf5, 0x44, 0x44, 0x30, 0x5f,
    0xff, 0xff, 0xff, 0xff, 0xff, 0xff, 0xff, 0xc0,
    0x5f, 0xff, 0xff, 0xff, 0xff, 0xff, 0xff, 0xff,
    0xc0, 0x0, 0xb, 0xff, 0xff, 0xdf, 0xf4, 0x0,
    0x0, 0x0, 0x0, 0xb, 0xff, 0xf3, 0x2f, 0xfe,
    0x10, 0x0, 0x0, 0x0, 0xb, 0xff, 0x40, 0x5,
    0xff, 0xc0, 0x0, 0x0, 0x0, 0xb, 0xff, 0x0,
    0x0, 0x9f, 0xf9, 0x0, 0x0, 0x0, 0xb, 0xff,
    0x0, 0x0, 0xc, 0xff, 0x50, 0x0, 0x0, 0xb,
    0xff, 0x0, 0x0, 0x1, 0xef, 0xf2, 0x0, 0x0,
    0xb, 0xff, 0x0, 0x0, 0x0, 0x4f, 0xfd, 0x0,
    0x0, 0xb, 0xff, 0x0, 0x0, 0x0, 0x8, 0xff,
    0xa0,

    /* U+20AE "₮" */
    0xff, 0xff, 0xff, 0xff, 0xff, 0xff, 0xf9, 0xff,
    0xff, 0xff, 0xff, 0xff, 0xff, 0xf9, 0x34, 0x44,
    0x4a, 0xff, 0x64, 0x44, 0x42, 0x0, 0x0, 0x8,
    0xff, 0x30, 0x0, 0x0, 0x0, 0x0, 0x8, 0xff,
    0x30, 0x10, 0x0, 0x0, 0x0, 0x8, 0xff, 0x7a,
    0xe0, 0x0, 0x0, 0x0, 0x8, 0xff, 0xff, 0xa0,
    0x0, 0x0, 0x5, 0xbf, 0xff, 0x81, 0x0, 0x0,
    0x0, 0x5f, 0xfd, 0xff, 0x33, 0x90, 0x0, 0x0,
    0x35, 0x8, 0xff, 0xef, 0xf0, 0x0, 0x0, 0x0,
    0x3c, 0xff, 0xe8, 0x20, 0x0, 0x0, 0x3d, 0xff,
    0xff, 0x30, 0x0, 0x0, 0x0, 0x5d, 0x79, 0xff,
    0x30, 0x0, 0x0, 0x0, 0x0, 0x8, 0xff, 0x30,
    0x0, 0x0, 0x0, 0x0, 0x8, 0xff, 0x30, 0x0,
    0x0, 0x0, 0x0, 0x8, 0xff, 0x30, 0x0, 0x0,
    0x0, 0x0, 0x8, 0xff, 0x30, 0x0, 0x0,

    /* U+20AF "₯" */
    0x0, 0x0, 0xb, 0xfd, 0x0, 0x0, 0x0, 0x0,
    0x0, 0x0, 0x0, 0x0, 0x0, 0x0, 0x0, 0x0,
    0x0, 0x0, 0xb, 0xfd, 0x0, 0x0, 0x0, 0x0,
    0x0, 0x0, 0x0, 0x0, 0x0, 0x0, 0x0, 0x0,
    0x0, 0x4, 0x7e, 0xff, 0xff, 0xec, 0x94, 0x0,
    0x0, 0x0, 0x0, 0x0, 0x0, 0x0, 0x0, 0x0,
    0x0, 0xff, 0xff, 0xff, 0xff, 0xff, 0xff, 0xc1,
    0x0, 0x0, 0x0, 0x0, 0x0, 0x0, 0x0, 0x0,
    0x0, 0xbc, 0x9d, 0xfd, 0x22, 0x36, 0xbf, 0xfe,
    0x20, 0x0, 0x0, 0x0, 0x0, 0x0, 0x0, 0x0,
    0x0, 0x0, 0xb, 0xfd, 0x0, 0x0, 0x5, 0xff,
    0xc0, 0x0, 0x0, 0x0, 0x0, 0x0, 0x0, 0x0,
    0x0, 0x0, 0xb, 0xfd, 0x0, 0x0, 0x0, 0x8f,
    0xf3, 0x0, 0x0, 0x18, 0xdf, 0xec, 0x60, 0x0,
    0x0, 0x0, 0xb, 0xfd, 0x0, 0x0, 0x0, 0x1f,
    0xf9, 0x0, 0x3, 0xef, 0xff, 0xff, 0xfc, 0x10,
    0x0, 0x0, 0xb, 0xfd, 0x0, 0x0, 0x0, 0xd,
    0xfc, 0x0, 0x1e, 0xfe, 0x62, 0x3a, 0xff, 0xb0,
    0x0, 0x0, 0xb, 0xfd, 0x0, 0x0, 0x0, 0xb,
    0xfe, 0x0, 0x8f, 0xf3, 0x0, 0x0, 0xaf, 0xf3,
    0x0, 0x0, 0xb, 0xfd, 0x0, 0x0, 0x0, 0xa,
    0xff, 0x0, 0xdf, 0xb0, 0x0, 0x0, 0x2f, 0xf8,
    0x0, 0x0, 0xb, 0xfd, 0x0, 0x0, 0x0, 0xb,
    0xfe, 0x0, 0xff, 0x70, 0x0, 0x0, 0xe, 0xfb,
    0x0, 0x0, 0xb, 0xfd, 0x0, 0x0, 0x0, 0xc,
    0xfd, 0x2, 0xff, 0x60, 0x0, 0x0, 0xd, 0xfc,
    0x6, 0xdf, 0xee, 0xfd, 0x0, 0x0, 0x0, 0xf,
    0xfa, 0x2, 0xff, 0x80, 0x0, 0x0, 0xe, 0xfb,
    0x6f, 0xff, 0xff, 0xfd, 0x0, 0x0, 0x0, 0x5f,
    0xf6, 0x2, 0xff, 0xb0, 0x0, 0x0, 0x2f, 0xf8,
    0xcf, 0x90, 0xc, 0xff, 0x40, 0x0, 0x1, 0xef,
    0xe1, 0x2, 0xff, 0xf3, 0x0, 0x0, 0xbf, 0xf3,
    0xcf, 0xb4, 0x5f, 0xff, 0xf9, 0x43, 0x6d, 0xff,
    0x60, 0x2, 0xff, 0xfe, 0x73, 0x4b, 0xff, 0xb0,
    0x6f, 0xff, 0xff, 0xa5, 0xff, 0xff, 0xff, 0xf8,
    0x0, 0x2, 0xff, 0x7d, 0xff, 0xff, 0xfd, 0x10,
    0x6, 0xdf, 0xd7, 0x0, 0x2a, 0xef, 0xea, 0x30,
    0x0, 0x2, 0xff, 0x61, 0xae, 0xfd, 0x81, 0x0,
    0x0, 0x0, 0x0, 0x0, 0x0, 0x0, 0x0, 0x0,
    0x0, 0x2, 0xff, 0x60, 0x0, 0x0, 0x0, 0x0,
    0x0, 0x0, 0x0, 0x0, 0x0, 0x0, 0x0, 0x0,
    0x0, 0x2, 0xff, 0x60, 0x0, 0x0, 0x0, 0x0,
    0x0, 0x0, 0x0, 0x0, 0x0, 0x0, 0x0, 0x0,
    0x0, 0x2, 0xff, 0x60, 0x0, 0x0, 0x0, 0x0,
    0x0, 0x0, 0x0, 0x0, 0x0, 0x0, 0x0, 0x0,
    0x0, 0x2, 0xff, 0x60, 0x0, 0x0, 0x0, 0x0,
    0x0, 0x0, 0x0, 0x0, 0x0, 0x0, 0x0, 0x0,
    0x0, 0x2, 0xff, 0x60, 0x0, 0x0, 0x0, 0x0,

    /* U+20B1 "₱" */
    0x0, 0x7f, 0xff, 0xff, 0xfe, 0xa4, 0x0, 0x0,
    0x0, 0x7f, 0xff, 0xff, 0xff, 0xff, 0x80, 0x0,
    0x0, 0x7f, 0xf7, 0x33, 0x47, 0xef, 0xf4, 0x0,
    0x0, 0x7f, 0xf4, 0x0, 0x0, 0x2f, 0xfb, 0x0,
    0x2f, 0xff, 0xff, 0xff, 0xff, 0xff, 0xff, 0xfc,
    0x1a, 0xdf, 0xfc, 0xaa, 0xaa, 0xad, 0xff, 0xb8,
    0x0, 0x7f, 0xf4, 0x0, 0x0, 0x8, 0xff, 0x20,
    0x2f, 0xff, 0xff, 0xff, 0xff, 0xff, 0xff, 0xfc,
    0x1a, 0xdf, 0xfc, 0xaa, 0xaa, 0xaf, 0xfe, 0xa8,
    0x0, 0x7f, 0xf4, 0x0, 0x2, 0x9f, 0xf7, 0x0,
    0x0, 0x7f, 0xff, 0xff, 0xff, 0xff, 0xc1, 0x0,
    0x0, 0x7f, 0xff, 0xff, 0xff, 0xe8, 0x0, 0x0,
    0x0, 0x7f, 0xf6, 0x33, 0x21, 0x0, 0x0, 0x0,
    0x0, 0x7f, 0xf4, 0x0, 0x0, 0x0, 0x0, 0x0,
    0x0, 0x7f, 0xf4, 0x0, 0x0, 0x0, 0x0, 0x0,
    0x0, 0x7f, 0xf4, 0x0, 0x0, 0x0, 0x0, 0x0,
    0x0, 0x7f, 0xf4, 0x0, 0x0, 0x0, 0x0, 0x0,

    /* U+20B2 "₲" */
    0x0, 0x0, 0x0, 0x8, 0xd0, 0x0, 0x0, 0x0,
    0x0, 0x0, 0x0, 0x8, 0xd0, 0x0, 0x0, 0x0,
    0x0, 0x0, 0x4, 0x8d, 0xf9, 0x60, 0x0, 0x0,
    0x0, 0x3, 0xcf, 0xff, 0xff, 0xff, 0x70, 0x0,
    0x0, 0x4f, 0xff, 0xfe, 0xfe, 0xff, 0xf9, 0x0,
    0x1, 0xff, 0xf7, 0x8, 0xd0, 0x4e, 0xff, 0x60,
    0xa, 0xff, 0x60, 0x8, 0xd0, 0x2, 0xff, 0xe0,
    0x1f, 0xfb, 0x0, 0x8, 0xd0, 0x0, 0x9f, 0xf4,
    0x5f, 0xf5, 0x0, 0x8, 0xd0, 0x0, 0x0, 0x0,
    0x8f, 0xf1, 0x0, 0x8, 0xd0, 0x0, 0x0, 0x0,
    0x9f, 0xf0, 0x0, 0x8, 0xd0, 0x0, 0x0, 0x0,
    0xaf, 0xf0, 0x0, 0x8, 0xff, 0xff, 0xff, 0xf9,
    0x8f, 0xf0, 0x0, 0x8, 0xff, 0xff, 0xff, 0xf9,
    0x7f, 0xf3, 0x0, 0x8, 0xe2, 0x22, 0x3f, 0xf8,
    0x2f, 0xf9, 0x0, 0x8, 0xd0, 0x0, 0x3f, 0xf6,
    0xd, 0xff, 0x20, 0x8, 0xd0, 0x0, 0xaf, 0xf2,
    0x4, 0xff, 0xd2, 0x8, 0xd0, 0x7, 0xff, 0xb0,
    0x0, 0x9f, 0xff, 0xab, 0xe7, 0xcf, 0xff, 0x20,
    0x0, 0x8, 0xff, 0xff, 0xff, 0xff, 0xe3, 0x0,
    0x0, 0x0, 0x29, 0xdf, 0xfe, 0xc7, 0x10, 0x0,
    0x0, 0x0, 0x0, 0x8, 0xd0, 0x0, 0x0, 0x0,
    0x0, 0x0, 0x0, 0x8, 0xd0, 0x0, 0x0, 0x0,

    /* U+20B3 "₳" */
    0x0, 0x0, 0x0, 0x6f, 0xff, 0x40, 0x0, 0x0,
    0x0, 0x0, 0x0, 0xc, 0xff, 0xfa, 0x0, 0x0,
    0x0, 0x0, 0x0, 0x2, 0xff, 0xbf, 0xf1, 0x0,
    0x0, 0x0, 0x0, 0x0, 0x8f, 0xf2, 0xff, 0x60,
    0x0, 0x0, 0x0, 0x0, 0xe, 0xfa, 0xc, 0xfd,
    0x0, 0x0, 0x0, 0x0, 0x4, 0xff, 0x50, 0x7f,
    0xf3, 0x0, 0x0, 0x0, 0x0, 0xaf, 0xf1, 0x2,
    0xff, 0x90, 0x0, 0x1, 0xff, 0xff, 0xff, 0xff,
    0xff, 0xff, 0xff, 0xf0, 0xa, 0xad, 0xff, 0xca,
    0xaa, 0xcf, 0xfd, 0xaa, 0x0, 0x0, 0xbf, 0xf1,
    0x0, 0x2, 0xff, 0xa0, 0x0, 0x0, 0xf, 0xfc,
    0x0, 0x0, 0xc, 0xff, 0x0, 0x1, 0xff, 0xff,
    0xff, 0xff, 0xff, 0xff, 0xff, 0xf0, 0xb, 0xff,
    0xfb, 0xbb, 0xbb, 0xbb, 0xff, 0xfa, 0x0, 0x1f,
    0xfb, 0x0, 0x0, 0x0, 0xc, 0xff, 0x10, 0x7,
    0xff, 0x60, 0x0, 0x0, 0x0, 0x6f, 0xf7, 0x0,
    0xdf, 0xf0, 0x0, 0x0, 0x0, 0x0, 0xff, 0xd0,
    0x3f, 0xfa, 0x0, 0x0, 0x0, 0x0, 0xa, 0xff,
    0x30,

    /* U+20B4 "₴" */
    0x0, 0x3, 0xad, 0xff, 0xeb, 0x50, 0x0, 0x0,
    0x6f, 0xff, 0xff, 0xff, 0xf9, 0x0, 0x1, 0xff,
    0xf8, 0x44, 0x7e, 0xff, 0x20, 0x3, 0xdd, 0x80,
    0x0, 0x7, 0xff, 0x40, 0x0, 0x0, 0x0, 0x0,
    0xc, 0xfe, 0x0, 0x7f, 0xff, 0xff, 0xff, 0xff,
    0xff, 0xf7, 0x7f, 0xff, 0xff, 0xff, 0xff, 0xff,
    0xf7, 0x0, 0x0, 0x0, 0x0, 0x0, 0x0, 0x0,
    0x0, 0x0, 0x0, 0x0, 0x0, 0x0, 0x0, 0x7f,
    0xff, 0xff, 0xff, 0xff, 0xff, 0xf7, 0x7f, 0xff,
    0xff, 0xff, 0xff, 0xff, 0xf7, 0x1, 0xff, 0xb0,
    0x0, 0x0, 0x0, 0x0, 0x6, 0xff, 0x50, 0x0,
    0x0, 0x55, 0x40, 0x7, 0xff, 0x60, 0x0, 0x5,
    0xff, 0x90, 0x3, 0xff, 0xf8, 0x55, 0x8f, 0xff,
    0x40, 0x0, 0x8f, 0xff, 0xff, 0xff, 0xf9, 0x0,
    0x0, 0x4, 0xae, 0xff, 0xea, 0x40, 0x0,

    /* U+20B5 "₵" */
    0x0, 0x0, 0x0, 0x9, 0xd0, 0x0, 0x0, 0x0,
    0x0, 0x0, 0x0, 0x9, 0xd0, 0x0, 0x0, 0x0,
    0x0, 0x0, 0x29, 0xdf, 0xfe, 0xc6, 0x0, 0x0,
    0x0, 0x7, 0xff, 0xff, 0xff, 0xff, 0xd2, 0x0,
    0x0, 0x8f, 0xff, 0xac, 0xe8, 0xdf, 0xfd, 0x10,
    0x4, 0xff, 0xd2, 0x9, 0xd0, 0x9, 0xff, 0x90,
    0xd, 0xff, 0x20, 0x9, 0xd0, 0x0, 0xcf, 0xf0,
    0x2f, 0xf9, 0x0, 0x9, 0xd0, 0x0, 0x5c, 0xc3,
    0x6f, 0xf3, 0x0, 0x9, 0xd0, 0x0, 0x0, 0x0,
    0x8f, 0xf0, 0x0, 0x9, 0xd0, 0x0, 0x0, 0x0,
    0xaf, 0xf0, 0x0, 0x9, 0xd0, 0x0, 0x0, 0x0,
    0x9f, 0xf0, 0x0, 0x9, 0xd0, 0x0, 0x0, 0x0,
    0x8f, 0xf1, 0x0, 0x9, 0xd0, 0x0, 0x0, 0x0,
    0x5f, 0xf5, 0x0, 0x9, 0xd0, 0x0, 0x1, 0x10,
    0x1f, 0xfb, 0x0, 0x9, 0xd0, 0x0, 0x8f, 0xf3,
    0xa, 0xff, 0x50, 0x9, 0xd0, 0x1, 0xef, 0xe0,
    0x1, 0xff, 0xf7, 0x9, 0xd0, 0x3d, 0xff, 0x60,
    0x0, 0x4f, 0xff, 0xfe, 0xfd, 0xff, 0xf9, 0x0,
    0x0, 0x3, 0xdf, 0xff, 0xff, 0xff, 0x70, 0x0,
    0x0, 0x0, 0x4, 0x8d, 0xf9, 0x60, 0x0, 0x0,
    0x0, 0x0, 0x0, 0x9, 0xd0, 0x0, 0x0, 0x0,
    0x0, 0x0, 0x0, 0x9, 0xd0, 0x0, 0x0, 0x0,

    /* U+20B8 "₸" */
    0xff, 0xff, 0xff, 0xff, 0xff, 0xff, 0xf9, 0xff,
    0xff, 0xff, 0xff, 0xff, 0xff, 0xf9, 0x33, 0x33,
    0x33, 0x33, 0x33, 0x33, 0x32, 0x33, 0x33, 0x33,
    0x33, 0x33, 0x33, 0x32, 0xff, 0xff, 0xff, 0xff,
    0xff, 0xff, 0xf9, 0xff, 0xff, 0xff, 0xff, 0xff,
    0xff, 0xf9, 0x0, 0x0, 0x8, 0xff, 0x20, 0x0,
    0x0, 0x0, 0x0, 0x8, 0xff, 0x20, 0x0, 0x0,
    0x0, 0x0, 0x8, 0xff, 0x20, 0x0, 0x0, 0x0,
    0x0, 0x8, 0xff, 0x20, 0x0, 0x0, 0x0, 0x0,
    0x8, 0xff, 0x20, 0x0, 0x0, 0x0, 0x0, 0x8,
    0xff, 0x20, 0x0, 0x0, 0x0, 0x0, 0x8, 0xff,
    0x20, 0x0, 0x0, 0x0, 0x0, 0x8, 0xff, 0x20,
    0x0, 0x0, 0x0, 0x0, 0x8, 0xff, 0x20, 0x0,
    0x0, 0x0, 0x0, 0x8, 0xff, 0x20, 0x0, 0x0,
    0x0, 0x0, 0x8, 0xff, 0x20, 0x0, 0x0,

    /* U+20B9 "₹" */
    0x5, 0x77, 0x77, 0x77, 0x77, 0x77, 0x30, 0xef,
    0xff, 0xff, 0xff, 0xff, 0xf4, 0x2d, 0xdd, 0xef,
    0xff, 0xfc, 0xaa, 0x0, 0x0, 0x0, 0x1a, 0xff,
    0xb0, 0x0, 0x2, 0x44, 0x44, 0x4e, 0xff, 0x44,
    0x20, 0xef, 0xff, 0xff, 0xff, 0xff, 0xf4, 0x1d,
    0xdd, 0xdd, 0xdf, 0xff, 0xdd, 0x0, 0x0, 0x0,
    0x0, 0xef, 0xe0, 0x0, 0x1, 0x11, 0x25, 0xcf,
    0xf8, 0x0, 0x0, 0xff, 0xff, 0xff, 0xfb, 0x0,
    0x0, 0xf, 0xff, 0xff, 0xc6, 0x0, 0x0, 0x0,
    0x4f, 0xfe, 0x10, 0x0, 0x0, 0x0, 0x0, 0x7f,
    0xfc, 0x0, 0x0, 0x0, 0x0, 0x0, 0xaf, 0xfa,
    0x0, 0x0, 0x0, 0x0, 0x0, 0xcf, 0xf7, 0x0,
    0x0, 0x0, 0x0, 0x1, 0xef, 0xf4, 0x0, 0x0,
    0x0, 0x0, 0x3, 0xff, 0xf2, 0x0, 0x0, 0x0,
    0x0, 0x5, 0xff, 0xd0, 0x0,

    /* U+20BA "₺" */
    0x0, 0x7f, 0xf2, 0x0, 0x0, 0x0, 0x0, 0x7,
    0xff, 0x20, 0x54, 0x0, 0x0, 0x0, 0x7f, 0xfa,
    0xef, 0x70, 0x0, 0x0, 0xa, 0xff, 0xff, 0xd4,
    0x0, 0x0, 0x8f, 0xff, 0xfa, 0x30, 0x0, 0x0,
    0xc, 0xff, 0xff, 0x22, 0x85, 0x0, 0x0, 0x62,
    0x7f, 0xfd, 0xff, 0x70, 0x0, 0x0, 0x3b, 0xff,
    0xff, 0xa2, 0x0, 0x0, 0xaf, 0xff, 0xf7, 0x0,
    0x0, 0x0, 0xc, 0xed, 0xff, 0x20, 0x0, 0x5b,
    0xb3, 0x40, 0x7f, 0xf2, 0x0, 0x8, 0xff, 0x20,
    0x7, 0xff, 0x20, 0x0, 0xbf, 0xf0, 0x0, 0x7f,
    0xf2, 0x0, 0x1f, 0xfb, 0x0, 0x7, 0xff, 0x20,
    0xb, 0xff, 0x50, 0x0, 0x7f, 0xf6, 0x7d, 0xff,
    0xb0, 0x0, 0x7, 0xff, 0xff, 0xff, 0xa0, 0x0,
    0x0, 0x7f, 0xff, 0xda, 0x40, 0x0, 0x0,

    /* U+20BC "₼" */
    0x0, 0x0, 0x0, 0x7f, 0xf3, 0x0, 0x0, 0x0,
    0x0, 0x0, 0x0, 0x7f, 0xf3, 0x0, 0x0, 0x0,
    0x0, 0x0, 0x0, 0x8f, 0xf4, 0x0, 0x0, 0x0,
    0x0, 0x0, 0x7d, 0xff, 0xff, 0xc4, 0x0, 0x0,
    0x0, 0xc, 0xff, 0xff, 0xff, 0xff, 0x80, 0x0,
    0x0, 0xbf, 0xfb, 0xaf, 0xf7, 0xdf, 0xf7, 0x0,
    0x4, 0xff, 0xa0, 0x7f, 0xf3, 0x1d, 0xff, 0x10,
    0xb, 0xff, 0x10, 0x7f, 0xf3, 0x4, 0xff, 0x70,
    0xf, 0xfa, 0x0, 0x7f, 0xf3, 0x0, 0xef, 0xc0,
    0x2f, 0xf7, 0x0, 0x7f, 0xf3, 0x0, 0xbf, 0xe0,
    0x3f, 0xf5, 0x0, 0x7f, 0xf3, 0x0, 0x9f, 0xf0,
    0x4f, 0xf4, 0x0, 0x7f, 0xf3, 0x0, 0x9f, 0xf0,
    0x4f, 0xf4, 0x0, 0x7f, 0xf3, 0x0, 0x9f, 0xf0,

    /* U+20BD "₽" */
    0x0, 0x6, 0xff, 0xff, 0xff, 0xfd, 0x92, 0x0,
    0x0, 0x6, 0xff, 0xff, 0xff, 0xff, 0xff, 0x60,
    0x0, 0x6, 0xff, 0x73, 0x33, 0x48, 0xff, 0xf3,
    0x0, 0x6, 0xff, 0x40, 0x0, 0x0, 0x3f, 0xfb,
    0x0, 0x6, 0xff, 0x40, 0x0, 0x0, 0xc, 0xfe,
    0x0, 0x6, 0xff, 0x40, 0x0, 0x0, 0xb, 0xfe,
    0x0, 0x6, 0xff, 0x40, 0x0, 0x0, 0x1f, 0xfc,
    0x0, 0x6, 0xff, 0x40, 0x0, 0x14, 0xcf, 0xf6,
    0xf, 0xff, 0xff, 0xff, 0xff, 0xff, 0xff, 0xa0,
    0xf, 0xff, 0xff, 0xff, 0xff, 0xff, 0xd6, 0x0,
    0x3, 0x38, 0xff, 0x73, 0x33, 0x31, 0x0, 0x0,
    0x3, 0x38, 0xff, 0x73, 0x33, 0x0, 0x0, 0x0,
    0xf, 0xff, 0xff, 0xff, 0xff, 0x20, 0x0, 0x0,
    0xf, 0xff, 0xff, 0xff, 0xff, 0x20, 0x0, 0x0,
    0x0, 0x6, 0xff, 0x40, 0x0, 0x0, 0x0, 0x0,
    0x0, 0x6, 0xff, 0x40, 0x0, 0x0, 0x0, 0x0,
    0x0, 0x6, 0xff, 0x40, 0x0, 0x0, 0x0, 0x0,

    /* U+20BE "₾" */
    0x0, 0x0, 0xd, 0xf1, 0x5f, 0x90, 0x0, 0x0,
    0x0, 0x0, 0xdf, 0x47, 0xf9, 0x0, 0x0, 0x0,
    0x0, 0x8f, 0xff, 0xff, 0xd5, 0x0, 0x0, 0x2,
    0xef, 0xff, 0xff, 0xff, 0xfa, 0x0, 0x0, 0xdf,
    0xff, 0xf1, 0x5f, 0xff, 0xf9, 0x0, 0x8f, 0xf7,
    0xdf, 0x15, 0xf9, 0xbf, 0xf2, 0xe, 0xfd, 0xd,
    0xf1, 0x5f, 0x92, 0xff, 0x92, 0xff, 0x80, 0xdf,
    0x15, 0xf9, 0xd, 0xfd, 0x3f, 0xf6, 0xd, 0xf1,
    0x5f, 0x90, 0xaf, 0xf3, 0xff, 0x50, 0x56, 0x2,
    0x63, 0x3, 0x65, 0x1f, 0xf7, 0x0, 0x0, 0x0,
    0x0, 0x0, 0x0, 0xdf, 0xb0, 0x0, 0x0, 0x0,
    0x0, 0x0, 0x7, 0xff, 0x20, 0x0, 0x0, 0x0,
    0x0, 0x0, 0xd, 0xfd, 0x10, 0x0, 0x0, 0x0,
    0x0, 0x3, 0x4f, 0xfe, 0x84, 0x33, 0x33, 0x33,
    0x23, 0xff, 0xff, 0xff, 0xff, 0xff, 0xff, 0xfd,
    0x3f, 0xff, 0xff, 0xff, 0xff, 0xff, 0xff, 0xd0,

    /* U+20BF "₿" */
    0x0, 0x2, 0x81, 0x7, 0x40, 0x0, 0x0, 0x0,
    0x4, 0xf2, 0xe, 0x80, 0x0, 0x0, 0x0, 0x4,
    0xf2, 0xe, 0x80, 0x0, 0x0, 0x1f, 0xff, 0xff,
    0xff, 0xfb, 0x60, 0x0, 0x1f, 0xff, 0xff, 0xff,
    0xff, 0xfb, 0x0, 0x1f, 0xfb, 0x33, 0x34, 0x7e,
    0xff, 0x70, 0x1f, 0xf9, 0x0, 0x0, 0x1, 0xff,
    0xc0, 0x1f, 0xf9, 0x0, 0x0, 0x0, 0xdf, 0xc0,
    0x1f, 0xf9, 0x0, 0x0, 0x1, 0xff, 0x90, 0x1f,
    0xf9, 0x0, 0x0, 0x4d, 0xfe, 0x10, 0x1f, 0xff,
    0xff, 0xff, 0xff, 0x81, 0x0, 0x1f, 0xff, 0xff,
    0xff, 0xff, 0xf9, 0x0, 0x1f, 0xf9, 0x0, 0x0,
    0x2a, 0xff, 0xa0, 0x1f, 0xf9, 0x0, 0x0, 0x0,
    0xaf, 0xf3, 0x1f, 0xf9, 0x0, 0x0, 0x0, 0x3f,
    0xf7, 0x1f, 0xf9, 0x0, 0x0, 0x0, 0x3f, 0xf8,
    0x1f, 0xf9, 0x0, 0x0, 0x0, 0x9f, 0xf5, 0x1f,
    0xfb, 0x44, 0x44, 0x5a, 0xff, 0xe0, 0x1f, 0xff,
    0xff, 0xff, 0xff, 0xff, 0x40, 0x1f, 0xff, 0xff,
    0xff, 0xfd, 0x82, 0x0, 0x0, 0x4, 0xf2, 0xe,
    0x80, 0x0, 0x0, 0x0, 0x4, 0xf2, 0xe, 0x80,
    0x0, 0x0,

    /* U+20C0 "⃀" */
    0x0, 0x29, 0xef, 0xe9, 0x20, 0x4, 0xff, 0xff,
    0xff, 0xe0, 0x1f, 0xfb, 0x30, 0x3b, 0x30, 0x8f,
    0xc0, 0x0, 0x0, 0x0, 0xbf, 0x60, 0x0, 0x0,
    0x0, 0xbf, 0x60, 0x0, 0x0, 0x0, 0x8f, 0xc0,
    0x0, 0x0, 0x0, 0x1f, 0xfb, 0x20, 0x3b, 0x30,
    0x4, 0xff, 0xff, 0xff, 0xe0, 0x0, 0x29, 0xef,
    0xe9, 0x20, 0x0, 0x0, 0x0, 0x0, 0x0, 0x0,
    0x0, 0x0, 0x0, 0x0, 0xcf, 0xff, 0xff, 0xff,
    0xfc, 0xdf, 0xff, 0xff, 0xff, 0xfd,

    /* U+2100 "℀" */
    0x0, 0x28, 0xa9, 0x50, 0x0, 0x0, 0x0, 0x0,
    0x5, 0x50, 0x0, 0x0, 0x5f, 0xfe, 0xff, 0xc0,
    0x0, 0x0, 0x0, 0x8, 0xf9, 0x0, 0x0, 0x5,
    0x83, 0x1, 0xff, 0x40, 0x0, 0x0, 0x3, 0xfd,
    0x0, 0x0, 0x0, 0x4, 0x79, 0xcf, 0xf5, 0x0,
    0x0, 0x0, 0xdf, 0x30, 0x0, 0x0, 0xb, 0xfe,
    0xb8, 0xff, 0x50, 0x0, 0x0, 0x9f, 0x80, 0x0,
    0x0, 0x1, 0xff, 0x10, 0x1f, 0xf5, 0x0, 0x0,
    0x4f, 0xc0, 0x0, 0x0, 0x0, 0xf, 0xfc, 0xae,
    0xff, 0x50, 0x0, 0x1e, 0xf2, 0x0, 0x0, 0x0,
    0x0, 0x3b, 0xdb, 0x58, 0xb3, 0x0, 0xa, 0xf7,
    0x0, 0x0, 0x0, 0x0, 0x0, 0x0, 0x0, 0x0,
    0x0, 0x5, 0xfb, 0x0, 0x0, 0x0, 0x0, 0x0,
    0x0, 0x0, 0x0, 0x0, 0x1, 0xee, 0x10, 0x0,
    0x0, 0x0, 0x0, 0x0, 0x0, 0x0, 0x0, 0x0,
    0xbf, 0x50, 0x0, 0x0, 0x11, 0x0, 0x0, 0x0,
    0x0, 0x0, 0x0, 0x7f, 0xa0, 0x0, 0x9, 0xff,
    0xfd, 0x50, 0x0, 0x0, 0x0, 0x0, 0x2f, 0xe1,
    0x0, 0xc, 0xfe, 0x9a, 0xff, 0x40, 0x0, 0x0,
    0x0, 0xc, 0xf4, 0x0, 0x3, 0xff, 0x20, 0x6,
    0x83, 0x0, 0x0, 0x0, 0x8, 0xf9, 0x0, 0x0,
    0x5f, 0xf0, 0x0, 0x0, 0x0, 0x0, 0x0, 0x3,
    0xfd, 0x0, 0x0, 0x3, 0xff, 0x30, 0x6, 0x83,
    0x0, 0x0, 0x0, 0xdf, 0x30, 0x0, 0x0, 0xc,
    0xfe, 0x9a, 0xff, 0x40, 0x0, 0x0, 0x9f, 0x70,
    0x0, 0x0, 0x0, 0x9, 0xff, 0xfd, 0x50, 0x0,
    0x0, 0x0, 0x10, 0x0, 0x0, 0x0, 0x0, 0x0,
    0x11, 0x0, 0x0,

    /* U+2101 "℁" */
    0x0, 0x28, 0xa9, 0x50, 0x0, 0x0, 0x0, 0x0,
    0x19, 0x80, 0x0, 0x0, 0x5f, 0xfe, 0xff, 0xc0,
    0x0, 0x0, 0x0, 0xa, 0xf7, 0x0, 0x0, 0x5,
    0x83, 0x1, 0xff, 0x40, 0x0, 0x0, 0x5, 0xfc,
    0x0, 0x0, 0x0, 0x4, 0x79, 0xcf, 0xf5, 0x0,
    0x0, 0x1, 0xef, 0x20, 0x0, 0x0, 0xb, 0xfe,
    0xb8, 0xff, 0x50, 0x0, 0x0, 0xbf, 0x60, 0x0,
    0x0, 0x1, 0xff, 0x10, 0x1f, 0xf5, 0x0, 0x0,
    0x6f, 0xb0, 0x0, 0x0, 0x0, 0xf, 0xfc, 0xae,
    0xff, 0x50, 0x0, 0x2f, 0xe1, 0x0, 0x0, 0x0,
    0x0, 0x3b, 0xdb, 0x58, 0xb3, 0x0, 0xc, 0xf5,
    0x0, 0x0, 0x0, 0x0, 0x0, 0x0, 0x0, 0x0,
    0x0, 0x7, 0xfa, 0x0, 0x0, 0x0, 0x0, 0x0,
    0x0, 0x0, 0x0, 0x0, 0x2, 0xfe, 0x10, 0x0,
    0x0, 0x0, 0x0, 0x0, 0x0, 0x0, 0x0, 0x0,
    0xcf, 0x40, 0x0, 0x4, 0x54, 0x0, 0x0, 0x0,
    0x0, 0x0, 0x0, 0x7f, 0x90, 0x0, 0x6f, 0xff,
    0xff, 0x50, 0x0, 0x0, 0x0, 0x0, 0x3f, 0xd0,
    0x0, 0xf, 0xf6, 0x25, 0xb6, 0x0, 0x0, 0x0,
    0x0, 0xd, 0xf3, 0x0, 0x1, 0xff, 0xb6, 0x30,
    0x0, 0x0, 0x0, 0x0, 0x8, 0xf8, 0x0, 0x0,
    0x5, 0xef, 0xff, 0xf8, 0x0, 0x0, 0x0, 0x3,
    0xfd, 0x0, 0x0, 0x0, 0x0, 0x26, 0xaf, 0xf3,
    0x0, 0x0, 0x0, 0xdf, 0x30, 0x0, 0x0, 0x2d,
    0xd5, 0x25, 0xff, 0x20, 0x0, 0x0, 0x9f, 0x70,
    0x0, 0x0, 0x0, 0x9f, 0xff, 0xff, 0x60, 0x0,
    0x0, 0x0, 0x10, 0x0, 0x0, 0x0, 0x0, 0x15,
    0x54, 0x0, 0x0,

    /* U+2103 "℃" */
    0x0, 0x15, 0x63, 0x0, 0x0, 0x0, 0x0, 0x0,
    0x47, 0x87, 0x51, 0x0, 0x0, 0x5, 0xff, 0xff,
    0xb1, 0x0, 0x0, 0x0, 0x6e, 0xff, 0xff, 0xff,
    0x91, 0x0, 0x3f, 0xfb, 0x8e, 0xfa, 0x0, 0x0,
    0x9, 0xff, 0xff, 0xef, 0xff, 0xfe, 0x20, 0x9f,
    0x80, 0x1, 0xff, 0x10, 0x0, 0x7f, 0xfe, 0x60,
    0x0, 0x3b, 0xff, 0xd0, 0xbf, 0x40, 0x0, 0xcf,
    0x30, 0x2, 0xff, 0xe1, 0x0, 0x0, 0x0, 0x9f,
    0xf6, 0x8f, 0xa0, 0x3, 0xff, 0x10, 0x9, 0xff,
    0x40, 0x0, 0x0, 0x0, 0x1f, 0xfa, 0x1e, 0xfe,
    0xcf, 0xf8, 0x0, 0xe, 0xfe, 0x0, 0x0, 0x0,
    0x0, 0x0, 0x0, 0x2, 0xcf, 0xff, 0x80, 0x0,
    0x1f, 0xf9, 0x0, 0x0, 0x0, 0x0, 0x0, 0x0,
    0x0, 0x2, 0x20, 0x0, 0x0, 0x2f, 0xf7, 0x0,
    0x0, 0x0, 0x0, 0x0, 0x0, 0x0, 0x0, 0x0,
    0x0, 0x0, 0x3f, 0xf7, 0x0, 0x0, 0x0, 0x0,
    0x0, 0x0, 0x0, 0x0, 0x0, 0x0, 0x0, 0x2f,
    0xf8, 0x0, 0x0, 0x0, 0x0, 0x0, 0x0, 0x0,
    0x0, 0x0, 0x0, 0x0, 0xf, 0xfa, 0x0, 0x0,
    0x0, 0x0, 0x0, 0x0, 0x0, 0x0, 0x0, 0x0,
    0x0, 0xc, 0xff, 0x0, 0x0, 0x0, 0x0, 0xb,
    0xc9, 0x0, 0x0, 0x0, 0x0, 0x0, 0x7, 0xff,
    0x70, 0x0, 0x0, 0x0, 0x5f, 0xf8, 0x0, 0x0,
    0x0, 0x0, 0x0, 0x0, 0xef, 0xf5, 0x0, 0x0,
    0x2, 0xef, 0xf1, 0x0, 0x0, 0x0, 0x0, 0x0,
    0x0, 0x4f, 0xff, 0xb5, 0x35, 0x9f, 0xff, 0x60,
    0x0, 0x0, 0x0, 0x0, 0x0, 0x0, 0x4, 0xff,
    0xff, 0xff, 0xff, 0xf7, 0x0, 0x0, 0x0, 0x0,
    0x0, 0x0, 0x0, 0x0, 0x29, 0xff, 0xff, 0xfa,
    0x30, 0x0, 0x0, 0x0, 0x0, 0x0, 0x0, 0x0,
    0x0, 0x0, 0x2, 0x32, 0x0, 0x0, 0x0,

    /* U+2105 "℅" */
    0x0, 0x29, 0xcd, 0xa4, 0x0, 0x0, 0x0, 0x0,
    0x79, 0x30, 0x0, 0x0, 0x3f, 0xfe, 0xdf, 0xf6,
    0x0, 0x0, 0x0, 0x5f, 0xd0, 0x0, 0x0, 0xc,
    0xfb, 0x0, 0x6e, 0x90, 0x0, 0x0, 0x1e, 0xf2,
    0x0, 0x0, 0x0, 0xff, 0x50, 0x0, 0x0, 0x0,
    0x0, 0xa, 0xf7, 0x0, 0x0, 0x0, 0xf, 0xf6,
    0x0, 0x2, 0x0, 0x0, 0x5, 0xfc, 0x0, 0x0,
    0x0, 0x0, 0xaf, 0xd2, 0x8, 0xfc, 0x0, 0x1,
    0xef, 0x20, 0x0, 0x0, 0x0, 0x1, 0xdf, 0xff,
    0xff, 0x40, 0x0, 0xbf, 0x60, 0x0, 0x0, 0x0,
    0x0, 0x0, 0x69, 0xa8, 0x20, 0x0, 0x6f, 0xb0,
    0x0, 0x0, 0x0, 0x0, 0x0, 0x0, 0x0, 0x0,
    0x0, 0x2f, 0xf1, 0x0, 0x0, 0x0, 0x0, 0x0,
    0x0, 0x0, 0x0, 0x0, 0xc, 0xf6, 0x0, 0x0,
    0x0, 0x0, 0x0, 0x0, 0x0, 0x0, 0x0, 0x7,
    0xfb, 0x0, 0x0, 0x26, 0x76, 0x20, 0x0, 0x0,
    0x0, 0x0, 0x2, 0xfe, 0x10, 0x0, 0x8f, 0xff,
    0xff, 0x80, 0x0, 0x0, 0x0, 0x0, 0xcf, 0x50,
    0x0, 0x5f, 0xf7, 0x27, 0xff, 0x50, 0x0, 0x0,
    0x0, 0x7f, 0xa0, 0x0, 0xa, 0xfa, 0x0, 0xa,
    0xfa, 0x0, 0x0, 0x0, 0x3f, 0xe1, 0x0, 0x0,
    0xbf, 0x90, 0x0, 0x9f, 0xb0, 0x0, 0x0, 0xd,
    0xf4, 0x0, 0x0, 0x9, 0xfd, 0x0, 0xd, 0xf9,
    0x0, 0x0, 0x8, 0xf9, 0x0, 0x0, 0x0, 0x2f,
    0xfd, 0x9c, 0xff, 0x20, 0x0, 0x3, 0xfd, 0x0,
    0x0, 0x0, 0x0, 0x2b, 0xff, 0xfb, 0x20, 0x0,
    0x0, 0x0, 0x0, 0x0, 0x0, 0x0, 0x0, 0x0,
    0x10, 0x0, 0x0,

    /* U+2106 "℆" */
    0x0, 0x29, 0xcd, 0xa4, 0x0, 0x0, 0x0, 0x0,
    0x67, 0x20, 0x0, 0x0, 0x3, 0xff, 0xed, 0xff,
    0x50, 0x0, 0x0, 0x6, 0xfc, 0x0, 0x0, 0x0,
    0xc, 0xfb, 0x0, 0x6e, 0x80, 0x0, 0x0, 0x2f,
    0xf2, 0x0, 0x0, 0x0, 0xf, 0xf5, 0x0, 0x0,
    0x0, 0x0, 0x0, 0xcf, 0x60, 0x0, 0x0, 0x0,
    0xf, 0xf6, 0x0, 0x2, 0x0, 0x0, 0x6, 0xfb,
    0x0, 0x0, 0x0, 0x0, 0xa, 0xfd, 0x20, 0x8f,
    0xb0, 0x0, 0x2f, 0xf1, 0x0, 0x0, 0x0, 0x0,
    0x1, 0xdf, 0xff, 0xff, 0x30, 0x0, 0xcf, 0x60,
    0x0, 0x0, 0x0, 0x0, 0x0, 0x6, 0x9a, 0x71,
    0x0, 0x7, 0xfb, 0x0, 0x0, 0x0, 0x0, 0x0,
    0x0, 0x0, 0x0, 0x0, 0x0, 0x2f, 0xe1, 0x0,
    0x0, 0x0, 0x0, 0x0, 0x0, 0x0, 0x0, 0x0,
    0x0, 0xcf, 0x50, 0x0, 0x0, 0x0, 0x0, 0x0,
    0x0, 0x0, 0x0, 0x0, 0x7, 0xfa, 0x0, 0x4,
    0x51, 0x0, 0x5, 0x51, 0x0, 0x0, 0x0, 0x0,
    0x3f, 0xe1, 0x0, 0xd, 0xf6, 0x0, 0xf, 0xf4,
    0x0, 0x0, 0x0, 0x0, 0xdf, 0x40, 0x0, 0xd,
    0xf6, 0x0, 0xf, 0xf4, 0x0, 0x0, 0x0, 0x8,
    0xf9, 0x0, 0x0, 0xd, 0xf6, 0x0, 0xf, 0xf4,
    0x0, 0x0, 0x0, 0x3f, 0xe0, 0x0, 0x0, 0xd,
    0xf6, 0x0, 0xf, 0xf4, 0x0, 0x0, 0x0, 0xdf,
    0x40, 0x0, 0x0, 0xd, 0xf9, 0x0, 0x3f, 0xf4,
    0x0, 0x0, 0x8, 0xf9, 0x0, 0x0, 0x0, 0x8,
    0xff, 0xdc, 0xee, 0xf4, 0x0, 0x0, 0x3f, 0xd0,
    0x0, 0x0, 0x0, 0x0, 0x9f, 0xfd, 0x3c, 0xf4,
    0x0, 0x0, 0x0, 0x0, 0x0, 0x0, 0x0, 0x0,
    0x0, 0x0, 0x0, 0x0,

    /* U+2109 "℉" */
    0x0, 0x5, 0x63, 0x0, 0x0, 0x0, 0x55, 0x55,
    0x55, 0x55, 0x55, 0x40, 0x4f, 0xff, 0xfb, 0x0,
    0x0, 0x1f, 0xff, 0xff, 0xff, 0xff, 0xfc, 0x2f,
    0xfb, 0x8e, 0xf9, 0x0, 0x1, 0xff, 0xff, 0xff,
    0xff, 0xff, 0xb8, 0xf9, 0x0, 0x2f, 0xf1, 0x0,
    0x1f, 0xf9, 0x0, 0x0, 0x0, 0x0, 0xbf, 0x40,
    0x0, 0xcf, 0x30, 0x1, 0xff, 0x90, 0x0, 0x0,
    0x0, 0x9, 0xf7, 0x0, 0xe, 0xf1, 0x0, 0x1f,
    0xf9, 0x0, 0x0, 0x0, 0x0, 0x3f, 0xf8, 0x6c,
    0xfb, 0x0, 0x1, 0xff, 0x90, 0x0, 0x0, 0x0,
    0x0, 0x7f, 0xff, 0xfd, 0x10, 0x0, 0x1f, 0xf9,
    0x0, 0x0, 0x0, 0x0, 0x0, 0x38, 0x96, 0x0,
    0x0, 0x1, 0xff, 0xb5, 0x55, 0x55, 0x55, 0x0,
    0x0, 0x0, 0x0, 0x0, 0x0, 0x1f, 0xff, 0xff,
    0xff, 0xff, 0xf0, 0x0, 0x0, 0x0, 0x0, 0x0,
    0x1, 0xff, 0xff, 0xff, 0xff, 0xff, 0x0, 0x0,
    0x0, 0x0, 0x0, 0x0, 0x1f, 0xf9, 0x0, 0x0,
    0x0, 0x0, 0x0, 0x0, 0x0, 0x0, 0x0, 0x1,
    0xff, 0x90, 0x0, 0x0, 0x0, 0x0, 0x0, 0x0,
    0x0, 0x0, 0x0, 0x1f, 0xf9, 0x0, 0x0, 0x0,
    0x0, 0x0, 0x0, 0x0, 0x0, 0x0, 0x1, 0xff,
    0x90, 0x0, 0x0, 0x0, 0x0, 0x0, 0x0, 0x0,
    0x0, 0x0, 0x1f, 0xf9, 0x0, 0x0, 0x0, 0x0,
    0x0, 0x0, 0x0, 0x0, 0x0, 0x1, 0xff, 0x90,
    0x0, 0x0, 0x0, 0x0, 0x0, 0x0, 0x0, 0x0,
    0x0, 0x1f, 0xf9, 0x0, 0x0, 0x0, 0x0, 0x0,
    0x0, 0x0, 0x0, 0x0, 0x0, 0x22, 0x10, 0x0,
    0x0, 0x0, 0x0,

    /* U+2113 "ℓ" */
    0x0, 0x0, 0x6c, 0xdb, 0x40, 0x0, 0x0, 0x9f,
    0xff, 0xff, 0x40, 0x0, 0x1f, 0xfd, 0x8e, 0xfb,
    0x0, 0x5, 0xff, 0x30, 0x8f, 0xf0, 0x0, 0x6f,
    0xf2, 0x7, 0xff, 0x0, 0x7, 0xff, 0x10, 0x9f,
    0xe0, 0x0, 0x7f, 0xf1, 0xc, 0xfc, 0x0, 0x7,
    0xff, 0x13, 0xff, 0x60, 0x0, 0x7f, 0xf2, 0xcf,
    0xe0, 0x0, 0x7, 0xff, 0xdf, 0xf3, 0x0, 0x13,
    0xaf, 0xff, 0xe4, 0x0, 0xc, 0xff, 0xff, 0x91,
    0x0, 0x0, 0x9a, 0xcf, 0xf1, 0x0, 0x0, 0x0,
    0x7, 0xff, 0x10, 0x0, 0x0, 0x0, 0x5f, 0xf3,
    0x0, 0x0, 0x0, 0x2, 0xff, 0xc4, 0x21, 0x0,
    0x0, 0x9, 0xff, 0xff, 0xa0, 0x0, 0x0, 0x6,
    0xcf, 0xfa, 0x0,

    /* U+2116 "№" */
    0x7, 0x73, 0x0, 0x0, 0x0, 0x7, 0x73, 0x0,
    0x5, 0x9a, 0x82, 0x0, 0x1f, 0xfd, 0x0, 0x0,
    0x0, 0xf, 0xf7, 0x0, 0xaf, 0xff, 0xff, 0x50,
    0x1f, 0xff, 0x70, 0x0, 0x0, 0xf, 0xf7, 0x5,
    0xff, 0x63, 0x9f, 0xf1, 0x1f, 0xff, 0xf1, 0x0,
    0x0, 0xf, 0xf7, 0xa, 0xf9, 0x0, 0xe, 0xf5,
    0x1f, 0xff, 0xfa, 0x0, 0x0, 0xf, 0xf7, 0xb,
    0xf7, 0x0, 0xc, 0xf6, 0x1f, 0xfa, 0xff, 0x30,
    0x0, 0xf, 0xf7, 0xb, 0xf7, 0x0, 0xc, 0xf6,
    0x1f, 0xf6, 0xaf, 0xc0, 0x0, 0xf, 0xf7, 0x9,
    0xfa, 0x0, 0xf, 0xf4, 0x1f, 0xf6, 0x1f, 0xf6,
    0x0, 0xf, 0xf7, 0x3, 0xff, 0x96, 0xcf, 0xe0,
    0x1f, 0xf6, 0x7, 0xfe, 0x10, 0xf, 0xf7, 0x0,
    0x7f, 0xff, 0xfe, 0x30, 0x1f, 0xf6, 0x0, 0xdf,
    0x90, 0xf, 0xf7, 0x0, 0x1, 0x67, 0x50, 0x0,
    0x1f, 0xf6, 0x0, 0x5f, 0xf2, 0xf, 0xf7, 0x0,
    0x0, 0x0, 0x0, 0x0, 0x1f, 0xf6, 0x0, 0xb,
    0xfb, 0xf, 0xf7, 0x5, 0xff, 0xff, 0xff, 0xf1,
    0x1f, 0xf6, 0x0, 0x2, 0xff, 0x5f, 0xf7, 0x4,
    0xcc, 0xcc, 0xcc, 0xc1, 0x1f, 0xf6, 0x0, 0x0,
    0x8f, 0xef, 0xf7, 0x0, 0x0, 0x0, 0x0, 0x0,
    0x1f, 0xf6, 0x0, 0x0, 0xe, 0xff, 0xf7, 0x0,
    0x0, 0x0, 0x0, 0x0, 0x1f, 0xf6, 0x0, 0x0,
    0x6, 0xff, 0xf7, 0x0, 0x0, 0x0, 0x0, 0x0,
    0x1f, 0xf6, 0x0, 0x0, 0x0, 0xcf, 0xf7, 0x0,
    0x0, 0x0, 0x0, 0x0, 0x1f, 0xf6, 0x0, 0x0,
    0x0, 0x3f, 0xf7, 0x0, 0x0, 0x0, 0x0, 0x0,

    /* U+2117 "℗" */
    0x0, 0x0, 0x0, 0x27, 0xbc, 0xcb, 0x71, 0x0,
    0x0, 0x0, 0x0, 0x1, 0x9f, 0xff, 0xff, 0xff,
    0xf9, 0x0, 0x0, 0x0, 0x2, 0xdf, 0xfe, 0x97,
    0x7a, 0xef, 0xfd, 0x20, 0x0, 0x1, 0xef, 0xf7,
    0x0, 0x0, 0x0, 0x7f, 0xfd, 0x0, 0x0, 0xbf,
    0xf3, 0x0, 0x0, 0x0, 0x0, 0x4f, 0xf9, 0x0,
    0x3f, 0xf6, 0x1, 0xff, 0xff, 0xea, 0x10, 0x7f,
    0xf2, 0x9, 0xfd, 0x0, 0x1f, 0xf9, 0xad, 0xfc,
    0x0, 0xef, 0x80, 0xdf, 0x70, 0x1, 0xfe, 0x0,
    0x1f, 0xf2, 0x8, 0xfc, 0xf, 0xf5, 0x0, 0x1f,
    0xe0, 0x0, 0xff, 0x20, 0x6f, 0xe0, 0xff, 0x40,
    0x1, 0xff, 0x99, 0xdf, 0xc0, 0x5, 0xfe, 0xe,
    0xf6, 0x0, 0x1f, 0xff, 0xfe, 0xa1, 0x0, 0x7f,
    0xd0, 0xbf, 0xa0, 0x1, 0xfe, 0x0, 0x0, 0x0,
    0xb, 0xfa, 0x6, 0xff, 0x20, 0x1f, 0xe0, 0x0,
    0x0, 0x3, 0xff, 0x50, 0xe, 0xfc, 0x1, 0xdb,
    0x0, 0x0, 0x0, 0xdf, 0xd0, 0x0, 0x4f, 0xfb,
    0x10, 0x0, 0x0, 0x1, 0xcf, 0xf3, 0x0, 0x0,
    0x7f, 0xff, 0x83, 0x1, 0x38, 0xff, 0xf6, 0x0,
    0x0, 0x0, 0x5f, 0xff, 0xff, 0xff, 0xff, 0xe4,
    0x0, 0x0, 0x0, 0x0, 0x18, 0xef, 0xff, 0xfd,
    0x81, 0x0, 0x0, 0x0, 0x0, 0x0, 0x0, 0x13,
    0x31, 0x0, 0x0, 0x0, 0x0,

    /* U+211E "℞" */
    0x5, 0x55, 0x55, 0x54, 0x30, 0x0, 0x0, 0x0,
    0x1f, 0xff, 0xff, 0xff, 0xff, 0x90, 0x0, 0x0,
    0x1f, 0xff, 0xff, 0xff, 0xff, 0xfd, 0x0, 0x0,
    0x1f, 0xf9, 0x0, 0x0, 0x2a, 0xff, 0x90, 0x0,
    0x1f, 0xf9, 0x0, 0x0, 0x0, 0xdf, 0xe0, 0x0,
    0x1f, 0xf9, 0x0, 0x0, 0x0, 0x9f, 0xf1, 0x0,
    0x1f, 0xf9, 0x0, 0x0, 0x0, 0x9f, 0xf1, 0x0,
    0x1f, 0xf9, 0x0, 0x0, 0x0, 0xdf, 0xe0, 0x0,
    0x1f, 0xf9, 0x0, 0x0, 0x2a, 0xff, 0x80, 0x0,
    0x1f, 0xff, 0xff, 0xff, 0xff, 0xfc, 0x0, 0x0,
    0x1f, 0xff, 0xff, 0xff, 0xff, 0x80, 0x8c, 0x90,
    0x1f, 0xfb, 0x55, 0x56, 0xff, 0x65, 0xff, 0x20,
    0x1f, 0xf9, 0x0, 0x0, 0x8f, 0xfe, 0xf6, 0x0,
    0x1f, 0xf9, 0x0, 0x0, 0xc, 0xff, 0xb0, 0x0,
    0x1f, 0xf9, 0x0, 0x0, 0x8, 0xff, 0xa0, 0x0,
    0x1f, 0xf9, 0x0, 0x0, 0x3f, 0xff, 0xf5, 0x0,
    0x1f, 0xf9, 0x0, 0x1, 0xef, 0x8a, 0xff, 0x20,
    0x1f, 0xf9, 0x0, 0xb, 0xfc, 0x0, 0xdf, 0xc0,

    /* U+211F "℟" */
    0x0, 0x0, 0x0, 0x0, 0x0, 0x0, 0x0, 0x0,
    0x0, 0x9, 0xd8, 0x40, 0x0, 0x0, 0x0, 0x0,
    0x3, 0x8c, 0xfe, 0x40, 0x0, 0x0, 0x0, 0x0,
    0x0, 0x4f, 0x20, 0x0, 0x5, 0x55, 0x55, 0x55,
    0x9e, 0x0, 0x0, 0xf, 0xff, 0xff, 0xff, 0xff,
    0x91, 0x0, 0xf, 0xff, 0xff, 0xff, 0xff, 0xfd,
    0x10, 0xf, 0xfa, 0x0, 0x4, 0xfb, 0xff, 0x90,
    0xf, 0xfa, 0x0, 0x8, 0xd0, 0xdf, 0xf0, 0xf,
    0xfa, 0x0, 0xd, 0x90, 0x8f, 0xf2, 0xf, 0xfa,
    0x0, 0x1f, 0x50, 0x8f, 0xf2, 0xf, 0xfa, 0x0,
    0x5f, 0x10, 0xcf, 0xf0, 0xf, 0xfa, 0x0, 0xac,
    0x8, 0xff, 0xa0, 0xf, 0xff, 0xff, 0xff, 0xff,
    0xfe, 0x20, 0xf, 0xff, 0xff, 0xff, 0xff, 0xa1,
    0x0, 0xf, 0xfc, 0x5a, 0xfa, 0xff, 0x50, 0x0,
    0xf, 0xfa, 0xb, 0xb1, 0xff, 0xe0, 0x0, 0xf,
    0xfa, 0xe, 0x70, 0x8f, 0xf7, 0x0, 0xf, 0xfa,
    0x3f, 0x30, 0x1f, 0xfe, 0x0, 0xf, 0xfa, 0x7e,
    0x0, 0x8, 0xff, 0x80, 0xf, 0xfa, 0xba, 0x0,
    0x0, 0xef, 0xf1, 0xf, 0xfa, 0xf6, 0x0, 0x0,
    0x7f, 0xf9, 0x2, 0x25, 0xf2, 0x0, 0x0, 0x2,
    0x21, 0x0, 0x8, 0xe0, 0x0, 0x0, 0x0, 0x0,
    0x0, 0xc, 0xa0, 0x0, 0x0, 0x0, 0x0, 0x0,
    0xf, 0x60, 0x0, 0x0, 0x0, 0x0, 0x0, 0x2,
    0x10, 0x0, 0x0, 0x0, 0x0,

    /* U+2120 "℠" */
    0x0, 0x24, 0x10, 0x4, 0x10, 0x0, 0x41, 0x8,
    0xfc, 0xf6, 0x1f, 0xb0, 0x7, 0xf5, 0xd, 0x70,
    0x57, 0x1f, 0xf2, 0xd, 0xf5, 0x6, 0xfc, 0x81,
    0x1f, 0xc8, 0x4d, 0xe5, 0x1, 0x14, 0xbb, 0x1f,
    0x5e, 0xa6, 0xe5, 0xe, 0x83, 0xac, 0x1f, 0x2b,
    0xf0, 0xe5, 0x3, 0xbd, 0xa2, 0x1d, 0x24, 0x80,
    0xb4,

    /* U+2121 "℡" */
    0x4, 0x44, 0x44, 0x3, 0x44, 0x40, 0x31, 0x0,
    0x0, 0xdd, 0xfd, 0xd0, 0xee, 0xdd, 0x1e, 0x50,
    0x0, 0x0, 0x2f, 0x20, 0xe, 0x50, 0x0, 0xe5,
    0x0, 0x0, 0x2, 0xf2, 0x0, 0xef, 0xf7, 0xe,
    0x50, 0x0, 0x0, 0x2f, 0x20, 0xe, 0x61, 0x0,
    0xe5, 0x0, 0x0, 0x2, 0xf2, 0x0, 0xe6, 0x22,
    0xe, 0x62, 0x20, 0x0, 0x2f, 0x20, 0xe, 0xff,
    0xf1, 0xef, 0xff, 0x0,

    /* U+2122 "™" */
    0x5, 0x55, 0x55, 0x4, 0x30, 0x0, 0x34, 0xc,
    0xcf, 0xcc, 0xe, 0xe0, 0x0, 0xee, 0x0, 0x2f,
    0x20, 0xe, 0xf6, 0x6, 0xfe, 0x0, 0x2f, 0x20,
    0xe, 0xbc, 0xd, 0xbe, 0x0, 0x2f, 0x20, 0xe,
    0x5e, 0x7e, 0x6e, 0x0, 0x2f, 0x20, 0xe, 0x58,
    0xf8, 0x5e, 0x0, 0x2f, 0x20, 0xe, 0x51, 0xe1,
    0x5e,

    /* U+2126 "Ω" */
    0x0, 0x0, 0x28, 0xce, 0xfd, 0xb5, 0x0, 0x0,
    0x0, 0x0, 0x8f, 0xff, 0xff, 0xff, 0xfd, 0x30,
    0x0, 0x0, 0xaf, 0xff, 0xb7, 0x78, 0xdf, 0xff,
    0x40, 0x0, 0x7f, 0xfd, 0x20, 0x0, 0x0, 0x6f,
    0xfe, 0x10, 0x1f, 0xfe, 0x10, 0x0, 0x0, 0x0,
    0x6f, 0xf9, 0x5, 0xff, 0x70, 0x0, 0x0, 0x0,
    0x0, 0xdf, 0xe0, 0x9f, 0xf2, 0x0, 0x0, 0x0,
    0x0, 0x9, 0xff, 0x2a, 0xff, 0x10, 0x0, 0x0,
    0x0, 0x0, 0x7f, 0xf3, 0xaf, 0xf1, 0x0, 0x0,
    0x0, 0x0, 0x7, 0xff, 0x37, 0xff, 0x40, 0x0,
    0x0, 0x0, 0x0, 0xaf, 0xf0, 0x3f, 0xf9, 0x0,
    0x0, 0x0, 0x0, 0xe, 0xfc, 0x0, 0xbf, 0xf3,
    0x0, 0x0, 0x0, 0x9, 0xff, 0x40, 0x1, 0xdf,
    0xf5, 0x0, 0x0, 0x1a, 0xff, 0x80, 0x0, 0x1,
    0x8e, 0xfc, 0x0, 0x3f, 0xfc, 0x50, 0x0, 0x23,
    0x33, 0x7f, 0xd0, 0x4, 0xfe, 0x33, 0x33, 0xa,
    0xff, 0xff, 0xfd, 0x0, 0x4f, 0xff, 0xff, 0xf3,
    0xaf, 0xff, 0xff, 0xd0, 0x4, 0xff, 0xff, 0xff,
    0x30,

    /* U+212A "K" */
    0x7, 0x74, 0x0, 0x0, 0x0, 0x6, 0x77, 0x41,
    0xff, 0x90, 0x0, 0x0, 0x7, 0xff, 0xd1, 0x1f,
    0xf9, 0x0, 0x0, 0x6, 0xff, 0xe1, 0x1, 0xff,
    0x90, 0x0, 0x4, 0xff, 0xe2, 0x0, 0x1f, 0xf9,
    0x0, 0x3, 0xff, 0xf3, 0x0, 0x1, 0xff, 0x90,
    0x2, 0xef, 0xf4, 0x0, 0x0, 0x1f, 0xf9, 0x1,
    0xef, 0xf5, 0x0, 0x0, 0x1, 0xff, 0x90, 0xcf,
    0xf7, 0x0, 0x0, 0x0, 0x1f, 0xf9, 0x9f, 0xff,
    0x30, 0x0, 0x0, 0x1, 0xff, 0xdf, 0xff, 0xfd,
    0x0, 0x0, 0x0, 0x1f, 0xff, 0xf7, 0x8f, 0xf9,
    0x0, 0x0, 0x1, 0xff, 0xf8, 0x0, 0xcf, 0xf4,
    0x0, 0x0, 0x1f, 0xfb, 0x0, 0x2, 0xff, 0xe1,
    0x0, 0x1, 0xff, 0x90, 0x0, 0x6, 0xff, 0xb0,
    0x0, 0x1f, 0xf9, 0x0, 0x0, 0xb, 0xff, 0x60,
    0x1, 0xff, 0x90, 0x0, 0x0, 0x1e, 0xff, 0x20,
    0x1f, 0xf9, 0x0, 0x0, 0x0, 0x5f, 0xfc, 0x1,
    0xff, 0x90, 0x0, 0x0, 0x0, 0xaf, 0xf8,

    /* U+212B "Å" */
    0x0, 0x0, 0x0, 0x3b, 0xdb, 0x30, 0x0, 0x0,
    0x0, 0x0, 0x0, 0x2f, 0xea, 0xef, 0x20, 0x0,
    0x0, 0x0, 0x0, 0x8, 0xf3, 0x3, 0xf8, 0x0,
    0x0, 0x0, 0x0, 0x0, 0x8f, 0x30, 0x3f, 0x80,
    0x0, 0x0, 0x0, 0x0, 0x2, 0xfe, 0x9e, 0xf2,
    0x0, 0x0, 0x0, 0x0, 0x0, 0x4, 0xce, 0xb3,
    0x0, 0x0, 0x0, 0x0, 0x0, 0x0, 0x29, 0x99,
    0x10, 0x0, 0x0, 0x0, 0x0, 0x0, 0x9, 0xff,
    0xf7, 0x0, 0x0, 0x0, 0x0, 0x0, 0x0, 0xef,
    0xef, 0xd0, 0x0, 0x0, 0x0, 0x0, 0x0, 0x4f,
    0xf7, 0xff, 0x30, 0x0, 0x0, 0x0, 0x0, 0xa,
    0xfe, 0xf, 0xf9, 0x0, 0x0, 0x0, 0x0, 0x0,
    0xff, 0x90, 0xbf, 0xe0, 0x0, 0x0, 0x0, 0x0,
    0x5f, 0xf4, 0x6, 0xff, 0x40, 0x0, 0x0, 0x0,
    0xb, 0xff, 0x0, 0x1f, 0xfa, 0x0, 0x0, 0x0,
    0x1, 0xff, 0xa0, 0x0, 0xcf, 0xf0, 0x0, 0x0,
    0x0, 0x6f, 0xf5, 0x0, 0x6, 0xff, 0x60, 0x0,
    0x0, 0xc, 0xff, 0x0, 0x0, 0x1f, 0xfb, 0x0,
    0x0, 0x2, 0xff, 0xff, 0xff, 0xff, 0xff, 0xf1,
    0x0, 0x0, 0x7f, 0xff, 0xff, 0xff, 0xff, 0xff,
    0x70, 0x0, 0xd, 0xff, 0x44, 0x44, 0x44, 0x4f,
    0xfd, 0x0, 0x3, 0xff, 0xa0, 0x0, 0x0, 0x0,
    0xaf, 0xf3, 0x0, 0x9f, 0xf4, 0x0, 0x0, 0x0,
    0x4, 0xff, 0x80, 0xe, 0xfe, 0x0, 0x0, 0x0,
    0x0, 0xe, 0xfe, 0x3, 0xee, 0x90, 0x0, 0x0,
    0x0, 0x0, 0x8e, 0xe3,

    /* U+212E "℮" */
    0x0, 0x0, 0x3a, 0xdd, 0xb5, 0x0, 0x0, 0x0,
    0x8f, 0x83, 0x36, 0xdb, 0x10, 0x0, 0x8f, 0x30,
    0x0, 0x0, 0xcb, 0x0, 0x3f, 0xe0, 0x0, 0x0,
    0xb, 0xf5, 0xa, 0xfe, 0x0, 0x0, 0x0, 0xbf,
    0xb0, 0xff, 0xe2, 0x22, 0x22, 0x2b, 0xfe, 0xf,
    0xff, 0xff, 0xff, 0xff, 0xff, 0xf0, 0xff, 0xe0,
    0x0, 0x0, 0x0, 0x0, 0xc, 0xfe, 0x0, 0x0,
    0x0, 0x0, 0x0, 0x7f, 0xe0, 0x0, 0x0, 0x0,
    0x0, 0x0, 0xde, 0x0, 0x0, 0x0, 0x1, 0x0,
    0x2, 0xdc, 0x30, 0x0, 0x4b, 0x80, 0x0, 0x1,
    0x9f, 0xfe, 0xfd, 0x60, 0x0, 0x0, 0x0, 0x2,
    0x31, 0x0, 0x0,

    /* U+2132 "Ⅎ" */
    0x0, 0x0, 0x0, 0x0, 0x47, 0x70, 0x0, 0x0,
    0x0, 0x0, 0x9f, 0xf1, 0x0, 0x0, 0x0, 0x0,
    0x9f, 0xf1, 0x0, 0x0, 0x0, 0x0, 0x9f, 0xf1,
    0x0, 0x0, 0x0, 0x0, 0x9f, 0xf1, 0x0, 0x0,
    0x0, 0x0, 0x9f, 0xf1, 0x0, 0x0, 0x0, 0x0,
    0x9f, 0xf1, 0x3, 0x33, 0x33, 0x33, 0xbf, 0xf1,
    0xf, 0xff, 0xff, 0xff, 0xff, 0xf1, 0xf, 0xff,
    0xff, 0xff, 0xff, 0xf1, 0x1, 0x11, 0x11, 0x11,
    0xaf, 0xf1, 0x0, 0x0, 0x0, 0x0, 0x9f, 0xf1,
    0x0, 0x0, 0x0, 0x0, 0x9f, 0xf1, 0x0, 0x0,
    0x0, 0x0, 0x9f, 0xf1, 0x0, 0x0, 0x0, 0x0,
    0x9f, 0xf1, 0x34, 0x44, 0x44, 0x44, 0xbf, 0xf1,
    0xcf, 0xff, 0xff, 0xff, 0xff, 0xf1, 0xcf, 0xff,
    0xff, 0xff, 0xff, 0xf1,

    /* U+213B "℻" */
    0x45, 0x54, 0x0, 0x33, 0x0, 0x34, 0x0, 0x24,
    0xe, 0xdc, 0xa0, 0xf, 0xd0, 0x2, 0xf4, 0x1e,
    0x60, 0xe5, 0x0, 0x6, 0xce, 0x40, 0x6, 0xeb,
    0xb0, 0xe, 0xa8, 0x30, 0xc6, 0x8a, 0x0, 0xc,
    0xf1, 0x0, 0xeb, 0x84, 0x3f, 0x79, 0xf1, 0x2,
    0xff, 0x60, 0xe, 0x50, 0xa, 0xc9, 0x9d, 0x80,
    0xca, 0x5f, 0x20, 0xe5, 0x1, 0xe3, 0x0, 0x5d,
    0x7d, 0x0, 0x9b, 0x0,

    /* U+214D "⅍" */
    0x0, 0x5, 0x77, 0x0, 0x0, 0x0, 0x0, 0x0,
    0x57, 0x30, 0x0, 0x0, 0xff, 0xf6, 0x0, 0x0,
    0x0, 0x0, 0x3f, 0xe0, 0x0, 0x0, 0x6f, 0xcf,
    0xc0, 0x0, 0x0, 0x0, 0xd, 0xf4, 0x0, 0x0,
    0xc, 0xf5, 0xff, 0x20, 0x0, 0x0, 0x9, 0xf9,
    0x0, 0x0, 0x2, 0xff, 0xa, 0xf9, 0x0, 0x0,
    0x4, 0xfd, 0x0, 0x0, 0x0, 0x8f, 0xff, 0xff,
    0xe0, 0x0, 0x0, 0xef, 0x30, 0x0, 0x0, 0xe,
    0xf8, 0x66, 0xef, 0x50, 0x0, 0xaf, 0x80, 0x0,
    0x0, 0x3, 0xdc, 0x0, 0x6, 0xd9, 0x0, 0x5f,
    0xc0, 0x0, 0x0, 0x0, 0x0, 0x0, 0x0, 0x0,
    0x0, 0x1e, 0xf2, 0x0, 0x0, 0x0, 0x0, 0x0,
    0x0, 0x0, 0x0, 0xb, 0xf7, 0x0, 0x0, 0x0,
    0x0, 0x0, 0x0, 0x0, 0x0, 0x6, 0xfc, 0x0,
    0x2, 0x45, 0x30, 0x0, 0x0, 0x0, 0x0, 0x1,
    0xff, 0x20, 0xa, 0xff, 0xff, 0xd2, 0x0, 0x0,
    0x0, 0x0, 0xbf, 0x60, 0x5, 0xfe, 0x43, 0x7a,
    0x30, 0x0, 0x0, 0x0, 0x7f, 0xb0, 0x0, 0x4f,
    0xf9, 0x63, 0x0, 0x0, 0x0, 0x0, 0x2f, 0xe1,
    0x0, 0x0, 0x6d, 0xff, 0xff, 0x60, 0x0, 0x0,
    0xc, 0xf5, 0x0, 0x0, 0x1, 0x10, 0x3a, 0xff,
    0x0, 0x0, 0x8, 0xfa, 0x0, 0x0, 0x6, 0xfd,
    0x86, 0xbf, 0xc0, 0x0, 0x3, 0xfe, 0x10, 0x0,
    0x0, 0x8, 0xef, 0xff, 0xa1, 0x0, 0x0, 0x0,
    0x0, 0x0, 0x0, 0x0, 0x0, 0x11, 0x0, 0x0,

    /* U+2150 "⅐" */
    0x1, 0xbf, 0xf4, 0x0, 0x0, 0x0, 0x1, 0xef,
    0x20, 0x0, 0x0, 0xef, 0xef, 0x40, 0x0, 0x0,
    0x0, 0xbf, 0x60, 0x0, 0x0, 0x1d, 0x2c, 0xf4,
    0x0, 0x0, 0x0, 0x7f, 0xa0, 0x0, 0x0, 0x0,
    0x0, 0xcf, 0x40, 0x0, 0x0, 0x2f, 0xe1, 0x0,
    0x0, 0x0, 0x0, 0xc, 0xf4, 0x0, 0x0, 0xd,
    0xf4, 0x0, 0x0, 0x0, 0x0, 0x0, 0xcf, 0x40,
    0x0, 0x9, 0xf8, 0x0, 0x0, 0x0, 0x0, 0x0,
    0xc, 0xf4, 0x0, 0x4, 0xfd, 0x0, 0x0, 0x0,
    0x0, 0x0, 0x0, 0xcf, 0x40, 0x1, 0xef, 0x20,
    0x4, 0x44, 0x44, 0x42, 0x0, 0xc, 0xf4, 0x0,
    0xaf, 0x60, 0x3, 0xff, 0xff, 0xff, 0x90, 0x0,
    0x46, 0x10, 0x6f, 0xb0, 0x0, 0x16, 0x66, 0x6d,
    0xf8, 0x0, 0x0, 0x0, 0x2f, 0xe1, 0x0, 0x0,
    0x0, 0x2, 0xff, 0x10, 0x0, 0x0, 0xc, 0xf5,
    0x0, 0x0, 0x0, 0x0, 0xaf, 0x80, 0x0, 0x0,
    0x8, 0xf9, 0x0, 0x0, 0x0, 0x0, 0x3f, 0xe0,
    0x0, 0x0, 0x3, 0xfd, 0x0, 0x0, 0x0, 0x0,
    0xb, 0xf7, 0x0, 0x0, 0x0, 0xdf, 0x30, 0x0,
    0x0, 0x0, 0x3, 0xfe, 0x0, 0x0, 0x0, 0xaf,
    0x70, 0x0, 0x0, 0x0, 0x0, 0xcf, 0x60, 0x0,
    0x0, 0x5f, 0xc0, 0x0, 0x0, 0x0, 0x0, 0x4f,
    0xd0, 0x0, 0x0,

    /* U+2151 "⅑" */
    0x1, 0xbf, 0xf4, 0x0, 0x0, 0x0, 0x1, 0xef,
    0x20, 0x0, 0x0, 0xef, 0xef, 0x40, 0x0, 0x0,
    0x0, 0xbf, 0x60, 0x0, 0x0, 0x1d, 0x2c, 0xf4,
    0x0, 0x0, 0x0, 0x7f, 0xa0, 0x0, 0x0, 0x0,
    0x0, 0xcf, 0x40, 0x0, 0x0, 0x2f, 0xe1, 0x0,
    0x0, 0x0, 0x0, 0xc, 0xf4, 0x0, 0x0, 0xd,
    0xf4, 0x0, 0x0, 0x0, 0x0, 0x0, 0xcf, 0x40,
    0x0, 0x9, 0xf8, 0x0, 0x0, 0x0, 0x0, 0x0,
    0xc, 0xf4, 0x0, 0x4, 0xfd, 0x0, 0x0, 0x0,
    0x0, 0x0, 0x0, 0xcf, 0x40, 0x1, 0xef, 0x20,
    0x0, 0x55, 0x30, 0x0, 0x0, 0xc, 0xf4, 0x0,
    0xaf, 0x60, 0x3, 0xef, 0xff, 0xb0, 0x0, 0x0,
    0x46, 0x10, 0x6f, 0xb0, 0x0, 0xef, 0xa7, 0xef,
    0x90, 0x0, 0x0, 0x0, 0x2f, 0xe1, 0x0, 0x3f,
    0xc0, 0x3, 0xfe, 0x0, 0x0, 0x0, 0xc, 0xf5,
    0x0, 0x4, 0xfb, 0x0, 0x2f, 0xf0, 0x0, 0x0,
    0x8, 0xf9, 0x0, 0x0, 0x1f, 0xf6, 0x3c, 0xff,
    0x0, 0x0, 0x3, 0xfd, 0x0, 0x0, 0x0, 0x6f,
    0xff, 0x8f, 0xf0, 0x0, 0x0, 0xdf, 0x30, 0x0,
    0x0, 0x15, 0x64, 0x25, 0xfa, 0x0, 0x0, 0xaf,
    0x70, 0x0, 0x0, 0x0, 0xdf, 0xdb, 0xff, 0x20,
    0x0, 0x5f, 0xc0, 0x0, 0x0, 0x0, 0x1, 0xae,
    0xfb, 0x30, 0x0,

    /* U+2152 "⅒" */
    0x1, 0xbf, 0xf4, 0x0, 0x0, 0x0, 0x1, 0xef,
    0x20, 0x0, 0x0, 0x0, 0x0, 0x0, 0xef, 0xef,
    0x40, 0x0, 0x0, 0x0, 0xbf, 0x60, 0x0, 0x0,
    0x0, 0x0, 0x0, 0x1d, 0x2c, 0xf4, 0x0, 0x0,
    0x0, 0x7f, 0xa0, 0x0, 0x0, 0x0, 0x0, 0x0,
    0x0, 0x0, 0xcf, 0x40, 0x0, 0x0, 0x2f, 0xe1,
    0x0, 0x0, 0x0, 0x0, 0x0, 0x0, 0x0, 0xc,
    0xf4, 0x0, 0x0, 0xd, 0xf4, 0x0, 0x0, 0x0,
    0x0, 0x0, 0x0, 0x0, 0x0, 0xcf, 0x40, 0x0,
    0x9, 0xf8, 0x0, 0x0, 0x0, 0x0, 0x0, 0x0,
    0x0, 0x0, 0xc, 0xf4, 0x0, 0x4, 0xfd, 0x0,
    0x0, 0x0, 0x0, 0x0, 0x0, 0x0, 0x0, 0x0,
    0xcf, 0x40, 0x1, 0xef, 0x20, 0x2, 0x44, 0x0,
    0x0, 0x13, 0x30, 0x0, 0x0, 0xc, 0xf4, 0x0,
    0xaf, 0x60, 0x7, 0xff, 0xf0, 0x0, 0x7f, 0xff,
    0xe3, 0x0, 0x0, 0x46, 0x10, 0x6f, 0xb0, 0x5,
    0xfb, 0xff, 0x0, 0x5f, 0xf7, 0xaf, 0xe0, 0x0,
    0x0, 0x0, 0x2f, 0xe1, 0x0, 0x56, 0xf, 0xf0,
    0xb, 0xf7, 0x0, 0xdf, 0x50, 0x0, 0x0, 0xc,
    0xf5, 0x0, 0x0, 0x0, 0xff, 0x0, 0xef, 0x30,
    0x9, 0xf8, 0x0, 0x0, 0x8, 0xf9, 0x0, 0x0,
    0x0, 0xf, 0xf0, 0xf, 0xf2, 0x0, 0x8f, 0x90,
    0x0, 0x3, 0xfd, 0x0, 0x0, 0x0, 0x0, 0xff,
    0x0, 0xef, 0x30, 0x9, 0xf8, 0x0, 0x0, 0xdf,
    0x30, 0x0, 0x0, 0x0, 0xf, 0xf0, 0xa, 0xf8,
    0x0, 0xdf, 0x40, 0x0, 0xaf, 0x70, 0x0, 0x0,
    0x0, 0x0, 0xff, 0x0, 0x3f, 0xfa, 0xcf, 0xc0,
    0x0, 0x5f, 0xc0, 0x0, 0x0, 0x0, 0x0, 0xf,
    0xf0, 0x0, 0x4c, 0xfe, 0xa1, 0x0,

    /* U+2153 "⅓" */
    0x1, 0xbf, 0xf4, 0x0, 0x0, 0x0, 0x1, 0xef,
    0x20, 0x0, 0x0, 0xef, 0xef, 0x40, 0x0, 0x0,
    0x0, 0xbf, 0x60, 0x0, 0x0, 0x1d, 0x2c, 0xf4,
    0x0, 0x0, 0x0, 0x7f, 0xa0, 0x0, 0x0, 0x0,
    0x0, 0xcf, 0x40, 0x0, 0x0, 0x2f, 0xe1, 0x0,
    0x0, 0x0, 0x0, 0xc, 0xf4, 0x0, 0x0, 0xd,
    0xf4, 0x0, 0x0, 0x0, 0x0, 0x0, 0xcf, 0x40,
    0x0, 0x9, 0xf8, 0x0, 0x0, 0x0, 0x0, 0x0,
    0xc, 0xf4, 0x0, 0x4, 0xfd, 0x0, 0x0, 0x0,
    0x0, 0x0, 0x0, 0xcf, 0x40, 0x1, 0xef, 0x20,
    0x0, 0x35, 0x30, 0x0, 0x0, 0xc, 0xf4, 0x0,
    0xaf, 0x60, 0x2, 0xdf, 0xff, 0xd1, 0x0, 0x0,
    0x46, 0x10, 0x6f, 0xb0, 0x0, 0xcf, 0xa6, 0xcf,
    0x90, 0x0, 0x0, 0x0, 0x2f, 0xe1, 0x0, 0x0,
    0x0, 0x5, 0xfb, 0x0, 0x0, 0x0, 0xc, 0xf5,
    0x0, 0x0, 0x0, 0x59, 0xee, 0x30, 0x0, 0x0,
    0x8, 0xf9, 0x0, 0x0, 0x0, 0xa, 0xff, 0xb3,
    0x0, 0x0, 0x3, 0xfd, 0x0, 0x0, 0x0, 0x0,
    0x0, 0x6f, 0xe0, 0x0, 0x0, 0xdf, 0x30, 0x0,
    0x0, 0x3, 0x30, 0x1, 0xff, 0x10, 0x0, 0xaf,
    0x70, 0x0, 0x0, 0x0, 0xdf, 0xc9, 0xdf, 0xc0,
    0x0, 0x5f, 0xc0, 0x0, 0x0, 0x0, 0x1, 0x9e,
    0xfd, 0x81, 0x0,

    /* U+2154 "⅔" */
    0x8, 0xef, 0xd6, 0x0, 0x0, 0x0, 0x0, 0xb,
    0xf6, 0x0, 0x0, 0x9f, 0xda, 0xff, 0x50, 0x0,
    0x0, 0x0, 0x6f, 0xb0, 0x0, 0x0, 0x8a, 0x10,
    0x6f, 0x90, 0x0, 0x0, 0x2, 0xfe, 0x10, 0x0,
    0x0, 0x0, 0x0, 0xaf, 0x60, 0x0, 0x0, 0xd,
    0xf4, 0x0, 0x0, 0x0, 0x0, 0x8, 0xfb, 0x0,
    0x0, 0x0, 0x8f, 0x90, 0x0, 0x0, 0x0, 0x0,
    0x8f, 0xc0, 0x0, 0x0, 0x4, 0xfd, 0x0, 0x0,
    0x0, 0x0, 0x9, 0xfc, 0x0, 0x0, 0x0, 0x1e,
    0xf3, 0x0, 0x0, 0x0, 0x0, 0x9f, 0xfc, 0xbb,
    0x90, 0x0, 0xaf, 0x70, 0x1, 0x7a, 0x95, 0x0,
    0xdf, 0xff, 0xff, 0xd0, 0x6, 0xfc, 0x0, 0x1e,
    0xff, 0xff, 0x70, 0x0, 0x0, 0x0, 0x0, 0x2f,
    0xf1, 0x0, 0x6c, 0x81, 0x3f, 0xf0, 0x0, 0x0,
    0x0, 0x0, 0xcf, 0x50, 0x0, 0x0, 0x0, 0xf,
    0xf0, 0x0, 0x0, 0x0, 0x7, 0xfa, 0x0, 0x0,
    0x0, 0x28, 0xcf, 0x70, 0x0, 0x0, 0x0, 0x3f,
    0xe0, 0x0, 0x0, 0x0, 0x5f, 0xfd, 0x60, 0x0,
    0x0, 0x0, 0xdf, 0x30, 0x0, 0x0, 0x0, 0x0,
    0x3e, 0xf4, 0x0, 0x0, 0x9, 0xf8, 0x0, 0x0,
    0x0, 0x23, 0x10, 0xc, 0xf6, 0x0, 0x0, 0x5f,
    0xc0, 0x0, 0x0, 0x0, 0x8f, 0xea, 0xbf, 0xf2,
    0x0, 0x1, 0xef, 0x20, 0x0, 0x0, 0x0, 0x7,
    0xdf, 0xea, 0x20,

    /* U+2155 "⅕" */
    0x1, 0xbf, 0xf4, 0x0, 0x0, 0x0, 0x1, 0xef,
    0x20, 0x0, 0x0, 0xef, 0xef, 0x40, 0x0, 0x0,
    0x0, 0xbf, 0x60, 0x0, 0x0, 0x1d, 0x2c, 0xf4,
    0x0, 0x0, 0x0, 0x7f, 0xa0, 0x0, 0x0, 0x0,
    0x0, 0xcf, 0x40, 0x0, 0x0, 0x2f, 0xe1, 0x0,
    0x0, 0x0, 0x0, 0xc, 0xf4, 0x0, 0x0, 0xd,
    0xf4, 0x0, 0x0, 0x0, 0x0, 0x0, 0xcf, 0x40,
    0x0, 0x9, 0xf8, 0x0, 0x0, 0x0, 0x0, 0x0,
    0xc, 0xf4, 0x0, 0x4, 0xfd, 0x0, 0x0, 0x0,
    0x0, 0x0, 0x0, 0xcf, 0x40, 0x1, 0xef, 0x20,
    0x3, 0x44, 0x44, 0x20, 0x0, 0xc, 0xf4, 0x0,
    0xaf, 0x60, 0x0, 0xff, 0xff, 0xfa, 0x0, 0x0,
    0x46, 0x10, 0x6f, 0xb0, 0x0, 0x2f, 0xd6, 0x66,
    0x30, 0x0, 0x0, 0x0, 0x2f, 0xe1, 0x0, 0x4,
    0xf9, 0x0, 0x0, 0x0, 0x0, 0x0, 0xc, 0xf5,
    0x0, 0x0, 0x6f, 0xcd, 0xea, 0x10, 0x0, 0x0,
    0x8, 0xf9, 0x0, 0x0, 0x2, 0x79, 0x8d, 0xfb,
    0x0, 0x0, 0x3, 0xfd, 0x0, 0x0, 0x0, 0x0,
    0x0, 0xf, 0xf1, 0x0, 0x0, 0xdf, 0x30, 0x0,
    0x0, 0x4, 0x62, 0x0, 0xef, 0x10, 0x0, 0xaf,
    0x70, 0x0, 0x0, 0x0, 0x6f, 0xd8, 0xcf, 0xa0,
    0x0, 0x5f, 0xc0, 0x0, 0x0, 0x0, 0x0, 0x7d,
    0xfd, 0x80, 0x0,

    /* U+2156 "⅖" */
    0x8, 0xef, 0xd6, 0x0, 0x0, 0x0, 0x0, 0xb,
    0xf6, 0x0, 0x0, 0x9f, 0xda, 0xff, 0x50, 0x0,
    0x0, 0x0, 0x6f, 0xb0, 0x0, 0x0, 0x8a, 0x10,
    0x6f, 0x90, 0x0, 0x0, 0x2, 0xfe, 0x10, 0x0,
    0x0, 0x0, 0x0, 0xaf, 0x60, 0x0, 0x0, 0xd,
    0xf4, 0x0, 0x0, 0x0, 0x0, 0x8, 0xfb, 0x0,
    0x0, 0x0, 0x8f, 0x90, 0x0, 0x0, 0x0, 0x0,
    0x8f, 0xc0, 0x0, 0x0, 0x4, 0xfd, 0x0, 0x0,
    0x0, 0x0, 0x9, 0xfc, 0x0, 0x0, 0x0, 0x1e,
    0xf3, 0x0, 0x0, 0x0, 0x0, 0x9f, 0xfc, 0xbb,
    0x90, 0x0, 0xaf, 0x70, 0x7, 0xbb, 0xbb, 0xb0,
    0xdf, 0xff, 0xff, 0xd0, 0x6, 0xfc, 0x0, 0xb,
    0xff, 0xff, 0xf0, 0x0, 0x0, 0x0, 0x0, 0x2f,
    0xf1, 0x0, 0xd, 0xf0, 0x0, 0x0, 0x0, 0x0,
    0x0, 0x0, 0xcf, 0x50, 0x0, 0xf, 0xe0, 0x0,
    0x0, 0x0, 0x0, 0x0, 0x7, 0xfa, 0x0, 0x0,
    0x1f, 0xec, 0xfc, 0x30, 0x0, 0x0, 0x0, 0x3f,
    0xe0, 0x0, 0x0, 0x6, 0x98, 0xbf, 0xf1, 0x0,
    0x0, 0x0, 0xdf, 0x30, 0x0, 0x0, 0x0, 0x0,
    0xb, 0xf6, 0x0, 0x0, 0x9, 0xf8, 0x0, 0x0,
    0x0, 0x26, 0x30, 0xa, 0xf6, 0x0, 0x0, 0x5f,
    0xc0, 0x0, 0x0, 0x0, 0x2f, 0xf9, 0xaf, 0xe1,
    0x0, 0x1, 0xef, 0x20, 0x0, 0x0, 0x0, 0x3,
    0xcf, 0xea, 0x20,

    /* U+2157 "⅗" */
    0x5, 0xcf, 0xe8, 0x0, 0x0, 0x0, 0x0, 0x3f,
    0xe1, 0x0, 0x0, 0x6f, 0xfb, 0xdf, 0x90, 0x0,
    0x0, 0x0, 0xdf, 0x40, 0x0, 0x0, 0x57, 0x20,
    0x2f, 0xe0, 0x0, 0x0, 0x9, 0xf8, 0x0, 0x0,
    0x0, 0x0, 0x0, 0x6f, 0xb0, 0x0, 0x0, 0x4f,
    0xd0, 0x0, 0x0, 0x0, 0x0, 0x7f, 0xfb, 0x10,
    0x0, 0x1, 0xef, 0x20, 0x0, 0x0, 0x0, 0x0,
    0x38, 0xcf, 0xb0, 0x0, 0xb, 0xf6, 0x0, 0x0,
    0x0, 0x0, 0x0, 0x0, 0xe, 0xf4, 0x0, 0x6f,
    0xb0, 0x0, 0x0, 0x0, 0x0, 0x8a, 0x50, 0x3f,
    0xf3, 0x2, 0xfe, 0x10, 0x0, 0x0, 0x0, 0x0,
    0x6f, 0xff, 0xff, 0xa0, 0xc, 0xf5, 0x0, 0x1f,
    0xff, 0xff, 0x80, 0x3, 0x8a, 0x94, 0x0, 0x8f,
    0x90, 0x0, 0x3f, 0xdb, 0xbb, 0x50, 0x0, 0x0,
    0x0, 0x3, 0xfd, 0x0, 0x0, 0x6f, 0x70, 0x0,
    0x0, 0x0, 0x0, 0x0, 0x1e, 0xf3, 0x0, 0x0,
    0x8f, 0xce, 0xe9, 0x0, 0x0, 0x0, 0x0, 0xaf,
    0x70, 0x0, 0x0, 0x27, 0x98, 0xef, 0x90, 0x0,
    0x0, 0x5, 0xfc, 0x0, 0x0, 0x0, 0x0, 0x0,
    0x2f, 0xe0, 0x0, 0x0, 0x1f, 0xf2, 0x0, 0x0,
    0x0, 0x46, 0x10, 0x1f, 0xf0, 0x0, 0x0, 0xcf,
    0x50, 0x0, 0x0, 0x0, 0x8f, 0xd8, 0xdf, 0x80,
    0x0, 0x7, 0xfa, 0x0, 0x0, 0x0, 0x0, 0x8,
    0xdf, 0xd6, 0x0,

    /* U+2158 "⅘" */
    0x0, 0x7, 0xff, 0x50, 0x0, 0x0, 0x0, 0x9,
    0xf8, 0x0, 0x0, 0x0, 0x1f, 0xff, 0x50, 0x0,
    0x0, 0x0, 0x4f, 0xc0, 0x0, 0x0, 0x0, 0xaf,
    0xcf, 0x50, 0x0, 0x0, 0x1, 0xef, 0x20, 0x0,
    0x0, 0x4, 0xfa, 0x8f, 0x50, 0x0, 0x0, 0xb,
    0xf6, 0x0, 0x0, 0x0, 0xd, 0xf2, 0x8f, 0x50,
    0x0, 0x0, 0x6f, 0xb0, 0x0, 0x0, 0x0, 0x7f,
    0x80, 0x8f, 0x50, 0x0, 0x2, 0xfe, 0x10, 0x0,
    0x0, 0x0, 0xff, 0xba, 0xdf, 0xc5, 0x0, 0xc,
    0xf4, 0x0, 0x0, 0x0, 0x0, 0xff, 0xff, 0xff,
    0xf8, 0x0, 0x8f, 0x90, 0x4, 0xaa, 0xaa, 0xa1,
    0x0, 0x0, 0x9f, 0x50, 0x3, 0xfd, 0x0, 0x9,
    0xff, 0xff, 0xf1, 0x0, 0x0, 0x0, 0x0, 0xe,
    0xf3, 0x0, 0xb, 0xf2, 0x0, 0x0, 0x0, 0x0,
    0x0, 0x0, 0xaf, 0x70, 0x0, 0xd, 0xf0, 0x0,
    0x0, 0x0, 0x0, 0x0, 0x5, 0xfc, 0x0, 0x0,
    0xf, 0xfb, 0xfd, 0x40, 0x0, 0x0, 0x0, 0x1f,
    0xf1, 0x0, 0x0, 0x5, 0x99, 0xaf, 0xf3, 0x0,
    0x0, 0x0, 0xcf, 0x50, 0x0, 0x0, 0x0, 0x0,
    0x8, 0xf8, 0x0, 0x0, 0x7, 0xfa, 0x0, 0x0,
    0x0, 0x16, 0x40, 0x8, 0xf8, 0x0, 0x0, 0x3f,
    0xe1, 0x0, 0x0, 0x0, 0xe, 0xfa, 0x9f, 0xf2,
    0x0, 0x0, 0xdf, 0x40, 0x0, 0x0, 0x0, 0x2,
    0xbe, 0xeb, 0x30,

    /* U+2159 "⅙" */
    0x1, 0xbf, 0xf4, 0x0, 0x0, 0x0, 0x1, 0xef,
    0x20, 0x0, 0x0, 0xef, 0xef, 0x40, 0x0, 0x0,
    0x0, 0xbf, 0x60, 0x0, 0x0, 0x1d, 0x2c, 0xf4,
    0x0, 0x0, 0x0, 0x7f, 0xa0, 0x0, 0x0, 0x0,
    0x0, 0xcf, 0x40, 0x0, 0x0, 0x2f, 0xe1, 0x0,
    0x0, 0x0, 0x0, 0xc, 0xf4, 0x0, 0x0, 0xd,
    0xf4, 0x0, 0x0, 0x0, 0x0, 0x0, 0xcf, 0x40,
    0x0, 0x9, 0xf8, 0x0, 0x0, 0x0, 0x0, 0x0,
    0xc, 0xf4, 0x0, 0x4, 0xfd, 0x0, 0x0, 0x0,
    0x0, 0x0, 0x0, 0xcf, 0x40, 0x1, 0xef, 0x20,
    0x0, 0x35, 0x30, 0x0, 0x0, 0xc, 0xf4, 0x0,
    0xaf, 0x60, 0x1, 0xbf, 0xff, 0xc1, 0x0, 0x0,
    0x46, 0x10, 0x6f, 0xb0, 0x0, 0xaf, 0xc7, 0xbf,
    0xb0, 0x0, 0x0, 0x0, 0x2f, 0xe1, 0x0, 0x1f,
    0xf0, 0x1, 0x44, 0x0, 0x0, 0x0, 0xc, 0xf5,
    0x0, 0x4, 0xfb, 0x9f, 0xfc, 0x20, 0x0, 0x0,
    0x8, 0xf9, 0x0, 0x0, 0x5f, 0xfb, 0x6b, 0xfc,
    0x0, 0x0, 0x3, 0xfd, 0x0, 0x0, 0x4, 0xfe,
    0x0, 0xf, 0xf0, 0x0, 0x0, 0xdf, 0x30, 0x0,
    0x0, 0x1f, 0xf0, 0x1, 0xff, 0x0, 0x0, 0xaf,
    0x70, 0x0, 0x0, 0x0, 0x9f, 0xd8, 0xdf, 0x80,
    0x0, 0x5f, 0xc0, 0x0, 0x0, 0x0, 0x0, 0x8d,
    0xfd, 0x70, 0x0,

    /* U+215A "⅚" */
    0xe, 0xff, 0xff, 0xb0, 0x0, 0x0, 0x0, 0x1e,
    0xf2, 0x0, 0x0, 0x1f, 0xea, 0xaa, 0x70, 0x0,
    0x0, 0x0, 0xaf, 0x70, 0x0, 0x0, 0x3f, 0xa0,
    0x0, 0x0, 0x0, 0x0, 0x6, 0xfb, 0x0, 0x0,
    0x0, 0x5f, 0xcd, 0xea, 0x10, 0x0, 0x0, 0x2f,
    0xe1, 0x0, 0x0, 0x0, 0x17, 0x98, 0xdf, 0xb0,
    0x0, 0x0, 0xcf, 0x50, 0x0, 0x0, 0x0, 0x0,
    0x0, 0x1f, 0xf1, 0x0, 0x8, 0xf9, 0x0, 0x0,
    0x0, 0x0, 0x0, 0x0, 0xd, 0xf2, 0x0, 0x3f,
    0xd0, 0x0, 0x0, 0x0, 0x0, 0x8e, 0x81, 0x5f,
    0xe0, 0x0, 0xdf, 0x30, 0x0, 0x13, 0x20, 0x0,
    0x2e, 0xff, 0xff, 0x40, 0xa, 0xf7, 0x0, 0x9,
    0xff, 0xfc, 0x10, 0x1, 0x69, 0x71, 0x0, 0x5f,
    0xc0, 0x0, 0x8f, 0xea, 0xdf, 0xb0, 0x0, 0x0,
    0x0, 0x1, 0xef, 0x20, 0x0, 0xff, 0x20, 0x25,
    0x50, 0x0, 0x0, 0x0, 0xb, 0xf6, 0x0, 0x3,
    0xfc, 0x8f, 0xfd, 0x20, 0x0, 0x0, 0x0, 0x7f,
    0xa0, 0x0, 0x4, 0xff, 0xc6, 0xaf, 0xd0, 0x0,
    0x0, 0x2, 0xfe, 0x10, 0x0, 0x3, 0xff, 0x0,
    0xe, 0xf1, 0x0, 0x0, 0xd, 0xf4, 0x0, 0x0,
    0x0, 0xff, 0x10, 0xe, 0xf0, 0x0, 0x0, 0x9f,
    0x80, 0x0, 0x0, 0x0, 0x8f, 0xd8, 0xdf, 0x90,
    0x0, 0x4, 0xfd, 0x0, 0x0, 0x0, 0x0, 0x7,
    0xdf, 0xd7, 0x0,

    /* U+215B "⅛" */
    0x1, 0xbf, 0xf4, 0x0, 0x0, 0x0, 0x1, 0xef,
    0x20, 0x0, 0x0, 0xef, 0xef, 0x40, 0x0, 0x0,
    0x0, 0xbf, 0x60, 0x0, 0x0, 0x1d, 0x2c, 0xf4,
    0x0, 0x0, 0x0, 0x7f, 0xa0, 0x0, 0x0, 0x0,
    0x0, 0xcf, 0x40, 0x0, 0x0, 0x2f, 0xe1, 0x0,
    0x0, 0x0, 0x0, 0xc, 0xf4, 0x0, 0x0, 0xd,
    0xf4, 0x0, 0x0, 0x0, 0x0, 0x0, 0xcf, 0x40,
    0x0, 0x9, 0xf8, 0x0, 0x0, 0x0, 0x0, 0x0,
    0xc, 0xf4, 0x0, 0x4, 0xfd, 0x0, 0x0, 0x0,
    0x0, 0x0, 0x0, 0xcf, 0x40, 0x1, 0xef, 0x20,
    0x0, 0x45, 0x30, 0x0, 0x0, 0xc, 0xf4, 0x0,
    0xaf, 0x60, 0x3, 0xef, 0xff, 0xb0, 0x0, 0x0,
    0x46, 0x10, 0x6f, 0xb0, 0x0, 0xdf, 0xa6, 0xdf,
    0x80, 0x0, 0x0, 0x0, 0x2f, 0xe1, 0x0, 0xf,
    0xf0, 0x5, 0xf9, 0x0, 0x0, 0x0, 0xc, 0xf5,
    0x0, 0x0, 0x6f, 0xb8, 0xee, 0x20, 0x0, 0x0,
    0x8, 0xf9, 0x0, 0x0, 0x4, 0xdf, 0xff, 0xb1,
    0x0, 0x0, 0x3, 0xfd, 0x0, 0x0, 0x2, 0xff,
    0x30, 0x8f, 0xc0, 0x0, 0x0, 0xdf, 0x30, 0x0,
    0x0, 0x5f, 0xc0, 0x2, 0xff, 0x0, 0x0, 0xaf,
    0x70, 0x0, 0x0, 0x1, 0xef, 0x97, 0xcf, 0xb0,
    0x0, 0x5f, 0xc0, 0x0, 0x0, 0x0, 0x2, 0xae,
    0xfd, 0x80, 0x0,

    /* U+215C "⅜" */
    0x5, 0xcf, 0xe8, 0x0, 0x0, 0x0, 0x0, 0x3f,
    0xe1, 0x0, 0x6, 0xff, 0xbd, 0xf9, 0x0, 0x0,
    0x0, 0xd, 0xf4, 0x0, 0x0, 0x57, 0x20, 0x2f,
    0xe0, 0x0, 0x0, 0x9, 0xf8, 0x0, 0x0, 0x0,
    0x0, 0x6, 0xfb, 0x0, 0x0, 0x4, 0xfd, 0x0,
    0x0, 0x0, 0x0, 0x7f, 0xfb, 0x10, 0x0, 0x1,
    0xef, 0x20, 0x0, 0x0, 0x0, 0x3, 0x8c, 0xfb,
    0x0, 0x0, 0xbf, 0x60, 0x0, 0x0, 0x0, 0x0,
    0x0, 0xe, 0xf4, 0x0, 0x6f, 0xb0, 0x0, 0x0,
    0x0, 0x8, 0xa5, 0x3, 0xff, 0x30, 0x2f, 0xe1,
    0x0, 0x0, 0x0, 0x0, 0x6f, 0xff, 0xff, 0xa0,
    0xc, 0xf5, 0x0, 0x2a, 0xef, 0xc5, 0x0, 0x38,
    0xa9, 0x40, 0x8, 0xf9, 0x0, 0xe, 0xf8, 0x6e,
    0xf4, 0x0, 0x0, 0x0, 0x3, 0xfd, 0x0, 0x1,
    0xfe, 0x0, 0x8f, 0x70, 0x0, 0x0, 0x1, 0xef,
    0x30, 0x0, 0x9, 0xfb, 0x8f, 0xe1, 0x0, 0x0,
    0x0, 0xaf, 0x70, 0x0, 0x0, 0x5e, 0xff, 0xfa,
    0x0, 0x0, 0x0, 0x5f, 0xc0, 0x0, 0x0, 0x3f,
    0xe2, 0x9, 0xfa, 0x0, 0x0, 0x1f, 0xf2, 0x0,
    0x0, 0x7, 0xfa, 0x0, 0x4f, 0xe0, 0x0, 0xc,
    0xf5, 0x0, 0x0, 0x0, 0x3f, 0xf8, 0x7d, 0xf9,
    0x0, 0x7, 0xfa, 0x0, 0x0, 0x0, 0x0, 0x3b,
    0xef, 0xd6, 0x0,

    /* U+215D "⅝" */
    0xe, 0xff, 0xff, 0xb0, 0x0, 0x0, 0x0, 0x1e,
    0xf2, 0x0, 0x0, 0x1f, 0xea, 0xaa, 0x70, 0x0,
    0x0, 0x0, 0xaf, 0x70, 0x0, 0x0, 0x3f, 0xa0,
    0x0, 0x0, 0x0, 0x0, 0x6, 0xfb, 0x0, 0x0,
    0x0, 0x5f, 0xcd, 0xea, 0x10, 0x0, 0x0, 0x2f,
    0xe1, 0x0, 0x0, 0x0, 0x17, 0x98, 0xdf, 0xb0,
    0x0, 0x0, 0xcf, 0x50, 0x0, 0x0, 0x0, 0x0,
    0x0, 0x1f, 0xf1, 0x0, 0x8, 0xf9, 0x0, 0x0,
    0x0, 0x0, 0x0, 0x0, 0xd, 0xf2, 0x0, 0x3f,
    0xd0, 0x0, 0x0, 0x0, 0x0, 0x8e, 0x81, 0x5f,
    0xe0, 0x0, 0xdf, 0x30, 0x1, 0x68, 0x50, 0x0,
    0x2e, 0xff, 0xff, 0x40, 0xa, 0xf7, 0x0, 0x4f,
    0xff, 0xfe, 0x20, 0x1, 0x69, 0x71, 0x0, 0x5f,
    0xc0, 0x0, 0xdf, 0x60, 0x9f, 0x90, 0x0, 0x0,
    0x0, 0x1, 0xef, 0x20, 0x0, 0xdf, 0x10, 0x5f,
    0xa0, 0x0, 0x0, 0x0, 0xb, 0xf6, 0x0, 0x0,
    0x5f, 0xc8, 0xef, 0x30, 0x0, 0x0, 0x0, 0x7f,
    0xa0, 0x0, 0x0, 0x3d, 0xff, 0xfc, 0x20, 0x0,
    0x0, 0x2, 0xfe, 0x10, 0x0, 0x1, 0xff, 0x40,
    0x7f, 0xd0, 0x0, 0x0, 0xd, 0xf4, 0x0, 0x0,
    0x4, 0xfd, 0x0, 0x1f, 0xf1, 0x0, 0x0, 0x9f,
    0x80, 0x0, 0x0, 0x0, 0xef, 0xa7, 0xcf, 0xc0,
    0x0, 0x4, 0xfd, 0x0, 0x0, 0x0, 0x0, 0x29,
    0xef, 0xd8, 0x0,

    /* U+215E "⅞" */
    0x3f, 0xff, 0xff, 0xf8, 0x0, 0x0, 0xd, 0xf3,
    0x0, 0x0, 0x2b, 0xbb, 0xbe, 0xf8, 0x0, 0x0,
    0xaf, 0x70, 0x0, 0x0, 0x0, 0x0, 0x1f, 0xf2,
    0x0, 0x5, 0xfc, 0x0, 0x0, 0x0, 0x0, 0x0,
    0x9f, 0x90, 0x0, 0x1e, 0xf2, 0x0, 0x0, 0x0,
    0x0, 0x2, 0xff, 0x10, 0x0, 0xbf, 0x50, 0x0,
    0x0, 0x0, 0x0, 0xa, 0xf7, 0x0, 0x7, 0xfa,
    0x0, 0x0, 0x0, 0x0, 0x0, 0x3f, 0xe0, 0x0,
    0x3f, 0xe1, 0x0, 0x0, 0x0, 0x0, 0x0, 0xbf,
    0x50, 0x0, 0xdf, 0x40, 0x3, 0x9b, 0x92, 0x0,
    0x4, 0xfd, 0x0, 0x9, 0xf8, 0x0, 0x5f, 0xff,
    0xff, 0x30, 0x0, 0x0, 0x0, 0x4f, 0xd0, 0x0,
    0xcf, 0x60, 0x8f, 0xb0, 0x0, 0x0, 0x1, 0xef,
    0x20, 0x0, 0xcf, 0x20, 0x4f, 0xb0, 0x0, 0x0,
    0xb, 0xf6, 0x0, 0x0, 0x4f, 0xd8, 0xef, 0x30,
    0x0, 0x0, 0x6f, 0xb0, 0x0, 0x0, 0x3d, 0xff,
    0xfc, 0x20, 0x0, 0x2, 0xfe, 0x10, 0x0, 0x0,
    0xef, 0x40, 0x6f, 0xd0, 0x0, 0xc, 0xf5, 0x0,
    0x0, 0x3, 0xfe, 0x0, 0xf, 0xf1, 0x0, 0x8f,
    0x90, 0x0, 0x0, 0x0, 0xef, 0xa7, 0xbf, 0xc0,
    0x3, 0xfd, 0x0, 0x0, 0x0, 0x0, 0x19, 0xef,
    0xd8, 0x10,

    /* U+215F "⅟" */
    0x1, 0xbf, 0xf4, 0x0, 0x0, 0x0, 0x1, 0xef,
    0x20, 0xef, 0xef, 0x40, 0x0, 0x0, 0x0, 0xbf,
    0x60, 0x1d, 0x2c, 0xf4, 0x0, 0x0, 0x0, 0x7f,
    0xa0, 0x0, 0x0, 0xcf, 0x40, 0x0, 0x0, 0x2f,
    0xe1, 0x0, 0x0, 0xc, 0xf4, 0x0, 0x0, 0xd,
    0xf4, 0x0, 0x0, 0x0, 0xcf, 0x40, 0x0, 0x9,
    0xf8, 0x0, 0x0, 0x0, 0xc, 0xf4, 0x0, 0x4,
    0xfd, 0x0, 0x0, 0x0, 0x0, 0xcf, 0x40, 0x1,
    0xef, 0x20, 0x0, 0x0, 0x0, 0xc, 0xf4, 0x0,
    0xaf, 0x60, 0x0, 0x0, 0x0, 0x0, 0x46, 0x10,
    0x6f, 0xb0, 0x0, 0x0, 0x0, 0x0, 0x0, 0x0,
    0x2f, 0xe1, 0x0, 0x0, 0x0, 0x0, 0x0, 0x0,
    0xc, 0xf5, 0x0, 0x0, 0x0, 0x0, 0x0, 0x0,
    0x8, 0xf9, 0x0, 0x0, 0x0, 0x0, 0x0, 0x0,
    0x3, 0xfd, 0x0, 0x0, 0x0, 0x0, 0x0, 0x0,
    0x0, 0xdf, 0x30, 0x0, 0x0, 0x0, 0x0, 0x0,
    0x0, 0xaf, 0x70, 0x0, 0x0, 0x0, 0x0, 0x0,
    0x0, 0x5f, 0xc0, 0x0, 0x0, 0x0, 0x0, 0x0,
    0x0,

    /* U+2160 "Ⅰ" */
    0x1f, 0xf9, 0x1f, 0xf9, 0x1f, 0xf9, 0x1f, 0xf9,
    0x1f, 0xf9, 0x1f, 0xf9, 0x1f, 0xf9, 0x1f, 0xf9,
    0x1f, 0xf9, 0x1f, 0xf9, 0x1f, 0xf9, 0x1f, 0xf9,
    0x1f, 0xf9, 0x1f, 0xf9, 0x1f, 0xf9, 0x1f, 0xf9,
    0x1f, 0xf9,

    /* U+2161 "Ⅱ" */
    0x1f, 0xf9, 0x0, 0x8, 0xff, 0x21, 0xff, 0x90,
    0x0, 0x8f, 0xf2, 0x1f, 0xf9, 0x0, 0x8, 0xff,
    0x21, 0xff, 0x90, 0x0, 0x8f, 0xf2, 0x1f, 0xf9,
    0x0, 0x8, 0xff, 0x21, 0xff, 0x90, 0x0, 0x8f,
    0xf2, 0x1f, 0xf9, 0x0, 0x8, 0xff, 0x21, 0xff,
    0x90, 0x0, 0x8f, 0xf2, 0x1f, 0xf9, 0x0, 0x8,
    0xff, 0x21, 0xff, 0x90, 0x0, 0x8f, 0xf2, 0x1f,
    0xf9, 0x0, 0x8, 0xff, 0x21, 0xff, 0x90, 0x0,
    0x8f, 0xf2, 0x1f, 0xf9, 0x0, 0x8, 0xff, 0x21,
    0xff, 0x90, 0x0, 0x8f, 0xf2, 0x1f, 0xf9, 0x0,
    0x8, 0xff, 0x21, 0xff, 0x90, 0x0, 0x8f, 0xf2,
    0x1f, 0xf9, 0x0, 0x8, 0xff, 0x20,

    /* U+2162 "Ⅲ" */
    0x1f, 0xf9, 0x0, 0x8, 0xff, 0x20, 0x0, 0xff,
    0xb1, 0xff, 0x90, 0x0, 0x8f, 0xf2, 0x0, 0xf,
    0xfb, 0x1f, 0xf9, 0x0, 0x8, 0xff, 0x20, 0x0,
    0xff, 0xb1, 0xff, 0x90, 0x0, 0x8f, 0xf2, 0x0,
    0xf, 0xfb, 0x1f, 0xf9, 0x0, 0x8, 0xff, 0x20,
    0x0, 0xff, 0xb1, 0xff, 0x90, 0x0, 0x8f, 0xf2,
    0x0, 0xf, 0xfb, 0x1f, 0xf9, 0x0, 0x8, 0xff,
    0x20, 0x0, 0xff, 0xb1, 0xff, 0x90, 0x0, 0x8f,
    0xf2, 0x0, 0xf, 0xfb, 0x1f, 0xf9, 0x0, 0x8,
    0xff, 0x20, 0x0, 0xff, 0xb1, 0xff, 0x90, 0x0,
    0x8f, 0xf2, 0x0, 0xf, 0xfb, 0x1f, 0xf9, 0x0,
    0x8, 0xff, 0x20, 0x0, 0xff, 0xb1, 0xff, 0x90,
    0x0, 0x8f, 0xf2, 0x0, 0xf, 0xfb, 0x1f, 0xf9,
    0x0, 0x8, 0xff, 0x20, 0x0, 0xff, 0xb1, 0xff,
    0x90, 0x0, 0x8f, 0xf2, 0x0, 0xf, 0xfb, 0x1f,
    0xf9, 0x0, 0x8, 0xff, 0x20, 0x0, 0xff, 0xb1,
    0xff, 0x90, 0x0, 0x8f, 0xf2, 0x0, 0xf, 0xfb,
    0x1f, 0xf9, 0x0, 0x8, 0xff, 0x20, 0x0, 0xff,
    0xb0,

    /* U+2163 "Ⅳ" */
    0x1f, 0xf9, 0x0, 0xaf, 0xf3, 0x0, 0x0, 0x0,
    0x0, 0x1f, 0xfc, 0x1f, 0xf9, 0x0, 0x4f, 0xf8,
    0x0, 0x0, 0x0, 0x0, 0x7f, 0xf6, 0x1f, 0xf9,
    0x0, 0xe, 0xfe, 0x0, 0x0, 0x0, 0x0, 0xcf,
    0xf1, 0x1f, 0xf9, 0x0, 0x8, 0xff, 0x40, 0x0,
    0x0, 0x2, 0xff, 0xa0, 0x1f, 0xf9, 0x0, 0x3,
    0xff, 0xa0, 0x0, 0x0, 0x8, 0xff, 0x40, 0x1f,
    0xf9, 0x0, 0x0, 0xdf, 0xf0, 0x0, 0x0, 0xd,
    0xfe, 0x0, 0x1f, 0xf9, 0x0, 0x0, 0x7f, 0xf5,
    0x0, 0x0, 0x3f, 0xf9, 0x0, 0x1f, 0xf9, 0x0,
    0x0, 0x1f, 0xfb, 0x0, 0x0, 0x8f, 0xf3, 0x0,
    0x1f, 0xf9, 0x0, 0x0, 0xb, 0xff, 0x10, 0x0,
    0xef, 0xd0, 0x0, 0x1f, 0xf9, 0x0, 0x0, 0x5,
    0xff, 0x60, 0x3, 0xff, 0x70, 0x0, 0x1f, 0xf9,
    0x0, 0x0, 0x0, 0xef, 0xc0, 0x9, 0xff, 0x10,
    0x0, 0x1f, 0xf9, 0x0, 0x0, 0x0, 0x9f, 0xf1,
    0xe, 0xfb, 0x0, 0x0, 0x1f, 0xf9, 0x0, 0x0,
    0x0, 0x3f, 0xf6, 0x2f, 0xf5, 0x0, 0x0, 0x1f,
    0xf9, 0x0, 0x0, 0x0, 0xd, 0xfb, 0x7f, 0xf0,
    0x0, 0x0, 0x1f, 0xf9, 0x0, 0x0, 0x0, 0x7,
    0xff, 0xcf, 0xa0, 0x0, 0x0, 0x1f, 0xf9, 0x0,
    0x0, 0x0, 0x1, 0xff, 0xff, 0x40, 0x0, 0x0,
    0x1f, 0xf9, 0x0, 0x0, 0x0, 0x0, 0xbf, 0xfe,
    0x0, 0x0, 0x0,

    /* U+2164 "Ⅴ" */
    0x3f, 0xfa, 0x0, 0x0, 0x0, 0x0, 0xa, 0xff,
    0x30, 0xdf, 0xf0, 0x0, 0x0, 0x0, 0x0, 0xff,
    0xd0, 0x7, 0xff, 0x60, 0x0, 0x0, 0x0, 0x5f,
    0xf8, 0x0, 0x1f, 0xfb, 0x0, 0x0, 0x0, 0xb,
    0xff, 0x20, 0x0, 0xbf, 0xf1, 0x0, 0x0, 0x1,
    0xff, 0xc0, 0x0, 0x5, 0xff, 0x70, 0x0, 0x0,
    0x6f, 0xf6, 0x0, 0x0, 0xf, 0xfd, 0x0, 0x0,
    0xb, 0xff, 0x10, 0x0, 0x0, 0x9f, 0xf2, 0x0,
    0x1, 0xff, 0xa0, 0x0, 0x0, 0x3, 0xff, 0x80,
    0x0, 0x7f, 0xf4, 0x0, 0x0, 0x0, 0xd, 0xfe,
    0x0, 0xc, 0xfe, 0x0, 0x0, 0x0, 0x0, 0x8f,
    0xf3, 0x1, 0xff, 0x90, 0x0, 0x0, 0x0, 0x2,
    0xff, 0x80, 0x6f, 0xf3, 0x0, 0x0, 0x0, 0x0,
    0xc, 0xfd, 0xb, 0xfd, 0x0, 0x0, 0x0, 0x0,
    0x0, 0x6f, 0xf3, 0xff, 0x70, 0x0, 0x0, 0x0,
    0x0, 0x0, 0xff, 0xcf, 0xf1, 0x0, 0x0, 0x0,
    0x0, 0x0, 0xa, 0xff, 0xfb, 0x0, 0x0, 0x0,
    0x0, 0x0, 0x0, 0x4f, 0xff, 0x50, 0x0, 0x0,
    0x0,

    /* U+2165 "Ⅵ" */
    0x3f, 0xfa, 0x0, 0x0, 0x0, 0x0, 0xa, 0xff,
    0x30, 0xf, 0xfa, 0xd, 0xff, 0x0, 0x0, 0x0,
    0x0, 0xf, 0xfd, 0x0, 0xf, 0xfa, 0x7, 0xff,
    0x60, 0x0, 0x0, 0x0, 0x5f, 0xf8, 0x0, 0xf,
    0xfa, 0x1, 0xff, 0xb0, 0x0, 0x0, 0x0, 0xbf,
    0xf2, 0x0, 0xf, 0xfa, 0x0, 0xbf, 0xf1, 0x0,
    0x0, 0x1, 0xff, 0xc0, 0x0, 0xf, 0xfa, 0x0,
    0x5f, 0xf7, 0x0, 0x0, 0x6, 0xff, 0x60, 0x0,
    0xf, 0xfa, 0x0, 0xf, 0xfd, 0x0, 0x0, 0xb,
    0xff, 0x10, 0x0, 0xf, 0xfa, 0x0, 0x9, 0xff,
    0x20, 0x0, 0x1f, 0xfa, 0x0, 0x0, 0xf, 0xfa,
    0x0, 0x3, 0xff, 0x80, 0x0, 0x7f, 0xf4, 0x0,
    0x0, 0xf, 0xfa, 0x0, 0x0, 0xdf, 0xe0, 0x0,
    0xcf, 0xe0, 0x0, 0x0, 0xf, 0xfa, 0x0, 0x0,
    0x8f, 0xf3, 0x1, 0xff, 0x90, 0x0, 0x0, 0xf,
    0xfa, 0x0, 0x0, 0x2f, 0xf8, 0x6, 0xff, 0x30,
    0x0, 0x0, 0xf, 0xfa, 0x0, 0x0, 0xc, 0xfd,
    0xb, 0xfd, 0x0, 0x0, 0x0, 0xf, 0xfa, 0x0,
    0x0, 0x6, 0xff, 0x3f, 0xf7, 0x0, 0x0, 0x0,
    0xf, 0xfa, 0x0, 0x0, 0x0, 0xff, 0xcf, 0xf1,
    0x0, 0x0, 0x0, 0xf, 0xfa, 0x0, 0x0, 0x0,
    0xaf, 0xff, 0xb0, 0x0, 0x0, 0x0, 0xf, 0xfa,
    0x0, 0x0, 0x0, 0x4f, 0xff, 0x50, 0x0, 0x0,
    0x0, 0xf, 0xfa,

    /* U+2166 "Ⅶ" */
    0x3f, 0xfa, 0x0, 0x0, 0x0, 0x0, 0xa, 0xff,
    0x30, 0xf, 0xfa, 0x0, 0x8, 0xff, 0x20, 0xdf,
    0xf0, 0x0, 0x0, 0x0, 0x0, 0xff, 0xd0, 0x0,
    0xff, 0xa0, 0x0, 0x8f, 0xf2, 0x7, 0xff, 0x60,
    0x0, 0x0, 0x0, 0x5f, 0xf8, 0x0, 0xf, 0xfa,
    0x0, 0x8, 0xff, 0x20, 0x1f, 0xfb, 0x0, 0x0,
    0x0, 0xb, 0xff, 0x20, 0x0, 0xff, 0xa0, 0x0,
    0x8f, 0xf2, 0x0, 0xbf, 0xf1, 0x0, 0x0, 0x1,
    0xff, 0xc0, 0x0, 0xf, 0xfa, 0x0, 0x8, 0xff,
    0x20, 0x5, 0xff, 0x70, 0x0, 0x0, 0x6f, 0xf6,
    0x0, 0x0, 0xff, 0xa0, 0x0, 0x8f, 0xf2, 0x0,
    0xf, 0xfd, 0x0, 0x0, 0xb, 0xff, 0x10, 0x0,
    0xf, 0xfa, 0x0, 0x8, 0xff, 0x20, 0x0, 0x9f,
    0xf2, 0x0, 0x1, 0xff, 0xa0, 0x0, 0x0, 0xff,
    0xa0, 0x0, 0x8f, 0xf2, 0x0, 0x3, 0xff, 0x80,
    0x0, 0x7f, 0xf4, 0x0, 0x0, 0xf, 0xfa, 0x0,
    0x8, 0xff, 0x20, 0x0, 0xd, 0xfe, 0x0, 0xc,
    0xfe, 0x0, 0x0, 0x0, 0xff, 0xa0, 0x0, 0x8f,
    0xf2, 0x0, 0x0, 0x8f, 0xf3, 0x1, 0xff, 0x90,
    0x0, 0x0, 0xf, 0xfa, 0x0, 0x8, 0xff, 0x20,
    0x0, 0x2, 0xff, 0x80, 0x6f, 0xf3, 0x0, 0x0,
    0x0, 0xff, 0xa0, 0x0, 0x8f, 0xf2, 0x0, 0x0,
    0xc, 0xfd, 0xb, 0xfd, 0x0, 0x0, 0x0, 0xf,
    0xfa, 0x0, 0x8, 0xff, 0x20, 0x0, 0x0, 0x6f,
    0xf3, 0xff, 0x70, 0x0, 0x0, 0x0, 0xff, 0xa0,
    0x0, 0x8f, 0xf2, 0x0, 0x0, 0x0, 0xff, 0xcf,
    0xf1, 0x0, 0x0, 0x0, 0xf, 0xfa, 0x0, 0x8,
    0xff, 0x20, 0x0, 0x0, 0xa, 0xff, 0xfb, 0x0,
    0x0, 0x0, 0x0, 0xff, 0xa0, 0x0, 0x8f, 0xf2,
    0x0, 0x0, 0x0, 0x4f, 0xff, 0x50, 0x0, 0x0,
    0x0, 0xf, 0xfa, 0x0, 0x8, 0xff, 0x20,

    /* U+2167 "Ⅷ" */
    0x3f, 0xfa, 0x0, 0x0, 0x0, 0x0, 0xa, 0xff,
    0x30, 0xf, 0xfa, 0x0, 0x8, 0xff, 0x20, 0x0,
    0xff, 0xb0, 0xdf, 0xf0, 0x0, 0x0, 0x0, 0x0,
    0xff, 0xd0, 0x0, 0xff, 0xa0, 0x0, 0x8f, 0xf2,
    0x0, 0xf, 0xfb, 0x7, 0xff, 0x60, 0x0, 0x0,
    0x0, 0x5f, 0xf8, 0x0, 0xf, 0xfa, 0x0, 0x8,
    0xff, 0x20, 0x0, 0xff, 0xb0, 0x1f, 0xfb, 0x0,
    0x0, 0x0, 0xb, 0xff, 0x20, 0x0, 0xff, 0xa0,
    0x0, 0x8f, 0xf2, 0x0, 0xf, 0xfb, 0x0, 0xbf,
    0xf1, 0x0, 0x0, 0x1, 0xff, 0xc0, 0x0, 0xf,
    0xfa, 0x0, 0x8, 0xff, 0x20, 0x0, 0xff, 0xb0,
    0x5, 0xff, 0x70, 0x0, 0x0, 0x6f, 0xf6, 0x0,
    0x0, 0xff, 0xa0, 0x0, 0x8f, 0xf2, 0x0, 0xf,
    0xfb, 0x0, 0xf, 0xfd, 0x0, 0x0, 0xb, 0xff,
    0x10, 0x0, 0xf, 0xfa, 0x0, 0x8, 0xff, 0x20,
    0x0, 0xff, 0xb0, 0x0, 0x9f, 0xf2, 0x0, 0x1,
    0xff, 0xa0, 0x0, 0x0, 0xff, 0xa0, 0x0, 0x8f,
    0xf2, 0x0, 0xf, 0xfb, 0x0, 0x3, 0xff, 0x80,
    0x0, 0x7f, 0xf4, 0x0, 0x0, 0xf, 0xfa, 0x0,
    0x8, 0xff, 0x20, 0x0, 0xff, 0xb0, 0x0, 0xd,
    0xfe, 0x0, 0xc, 0xfe, 0x0, 0x0, 0x0, 0xff,
    0xa0, 0x0, 0x8f, 0xf2, 0x0, 0xf, 0xfb, 0x0,
    0x0, 0x8f, 0xf3, 0x1, 0xff, 0x90, 0x0, 0x0,
    0xf, 0xfa, 0x0, 0x8, 0xff, 0x20, 0x0, 0xff,
    0xb0, 0x0, 0x2, 0xff, 0x80, 0x6f, 0xf3, 0x0,
    0x0, 0x0, 0xff, 0xa0, 0x0, 0x8f, 0xf2, 0x0,
    0xf, 0xfb, 0x0, 0x0, 0xc, 0xfd, 0xb, 0xfd,
    0x0, 0x0, 0x0, 0xf, 0xfa, 0x0, 0x8, 0xff,
    0x20, 0x0, 0xff, 0xb0, 0x0, 0x0, 0x6f, 0xf3,
    0xff, 0x70, 0x0, 0x0, 0x0, 0xff, 0xa0, 0x0,
    0x8f, 0xf2, 0x0, 0xf, 0xfb, 0x0, 0x0, 0x0,
    0xff, 0xcf, 0xf1, 0x0, 0x0, 0x0, 0xf, 0xfa,
    0x0, 0x8, 0xff, 0x20, 0x0, 0xff, 0xb0, 0x0,
    0x0, 0xa, 0xff, 0xfb, 0x0, 0x0, 0x0, 0x0,
    0xff, 0xa0, 0x0, 0x8f, 0xf2, 0x0, 0xf, 0xfb,
    0x0, 0x0, 0x0, 0x4f, 0xff, 0x50, 0x0, 0x0,
    0x0, 0xf, 0xfa, 0x0, 0x8, 0xff, 0x20, 0x0,
    0xff, 0xb0,

    /* U+2168 "Ⅸ" */
    0x1f, 0xf9, 0x0, 0x1e, 0xff, 0x20, 0x0, 0x0,
    0x1, 0xff, 0xe1, 0x1f, 0xf9, 0x0, 0x5, 0xff,
    0xc0, 0x0, 0x0, 0xb, 0xff, 0x40, 0x1f, 0xf9,
    0x0, 0x0, 0xaf, 0xf7, 0x0, 0x0, 0x7f, 0xf9,
    0x0, 0x1f, 0xf9, 0x0, 0x0, 0xd, 0xff, 0x20,
    0x2, 0xff, 0xd0, 0x0, 0x1f, 0xf9, 0x0, 0x0,
    0x3, 0xff, 0xc0, 0xc, 0xff, 0x20, 0x0, 0x1f,
    0xf9, 0x0, 0x0, 0x0, 0x8f, 0xf6, 0x6f, 0xf7,
    0x0, 0x0, 0x1f, 0xf9, 0x0, 0x0, 0x0, 0xc,
    0xfe, 0xef, 0xb0, 0x0, 0x0, 0x1f, 0xf9, 0x0,
    0x0, 0x0, 0x2, 0xff, 0xfe, 0x10, 0x0, 0x0,
    0x1f, 0xf9, 0x0, 0x0, 0x0, 0x0, 0xcf, 0xfc,
    0x0, 0x0, 0x0, 0x1f, 0xf9, 0x0, 0x0, 0x0,
    0x6, 0xff, 0xff, 0x60, 0x0, 0x0, 0x1f, 0xf9,
    0x0, 0x0, 0x0, 0x2f, 0xfb, 0xcf, 0xf2, 0x0,
    0x0, 0x1f, 0xf9, 0x0, 0x0, 0x0, 0xdf, 0xf2,
    0x3f, 0xfd, 0x0, 0x0, 0x1f, 0xf9, 0x0, 0x0,
    0x9, 0xff, 0x70, 0x8, 0xff, 0x80, 0x0, 0x1f,
    0xf9, 0x0, 0x0, 0x4f, 0xfb, 0x0, 0x0, 0xdf,
    0xf4, 0x0, 0x1f, 0xf9, 0x0, 0x1, 0xef, 0xe1,
    0x0, 0x0, 0x2f, 0xfe, 0x10, 0x1f, 0xf9, 0x0,
    0xb, 0xff, 0x50, 0x0, 0x0, 0x7, 0xff, 0xa0,
    0x1f, 0xf9, 0x0, 0x7f, 0xf9, 0x0, 0x0, 0x0,
    0x0, 0xbf, 0xf5,

    /* U+2169 "Ⅹ" */
    0x8, 0xff, 0x80, 0x0, 0x0, 0x0, 0x9f, 0xf6,
    0x0, 0xd, 0xff, 0x30, 0x0, 0x0, 0x4f, 0xfb,
    0x0, 0x0, 0x2f, 0xfd, 0x0, 0x0, 0x1e, 0xfe,
    0x10, 0x0, 0x0, 0x7f, 0xf9, 0x0, 0xb, 0xff,
    0x50, 0x0, 0x0, 0x0, 0xbf, 0xf3, 0x5, 0xff,
    0x90, 0x0, 0x0, 0x0, 0x1, 0xef, 0xd1, 0xef,
    0xd0, 0x0, 0x0, 0x0, 0x0, 0x5, 0xff, 0xdf,
    0xf3, 0x0, 0x0, 0x0, 0x0, 0x0, 0xa, 0xff,
    0xf7, 0x0, 0x0, 0x0, 0x0, 0x0, 0x0, 0x4f,
    0xff, 0x30, 0x0, 0x0, 0x0, 0x0, 0x0, 0x1e,
    0xff, 0xfd, 0x0, 0x0, 0x0, 0x0, 0x0, 0xa,
    0xff, 0x8f, 0xf9, 0x0, 0x0, 0x0, 0x0, 0x6,
    0xff, 0x80, 0xcf, 0xf4, 0x0, 0x0, 0x0, 0x2,
    0xff, 0xd0, 0x2, 0xff, 0xe1, 0x0, 0x0, 0x0,
    0xcf, 0xf3, 0x0, 0x6, 0xff, 0xb0, 0x0, 0x0,
    0x9f, 0xf7, 0x0, 0x0, 0xb, 0xff, 0x60, 0x0,
    0x4f, 0xfc, 0x0, 0x0, 0x0, 0x1e, 0xff, 0x20,
    0x1e, 0xff, 0x20, 0x0, 0x0, 0x0, 0x4f, 0xfc,
    0x0,

    /* U+216A "Ⅺ" */
    0x8, 0xff, 0x80, 0x0, 0x0, 0x0, 0x9f, 0xf6,
    0x0, 0x4f, 0xf6, 0x0, 0xdf, 0xf3, 0x0, 0x0,
    0x4, 0xff, 0xb0, 0x0, 0x4f, 0xf6, 0x0, 0x2f,
    0xfd, 0x0, 0x0, 0x1e, 0xfe, 0x10, 0x0, 0x4f,
    0xf6, 0x0, 0x7, 0xff, 0x90, 0x0, 0xbf, 0xf5,
    0x0, 0x0, 0x4f, 0xf6, 0x0, 0x0, 0xbf, 0xf3,
    0x5, 0xff, 0x90, 0x0, 0x0, 0x4f, 0xf6, 0x0,
    0x0, 0x1e, 0xfd, 0x1e, 0xfd, 0x0, 0x0, 0x0,
    0x4f, 0xf6, 0x0, 0x0, 0x5, 0xff, 0xdf, 0xf3,
    0x0, 0x0, 0x0, 0x4f, 0xf6, 0x0, 0x0, 0x0,
    0xaf, 0xff, 0x70, 0x0, 0x0, 0x0, 0x4f, 0xf6,
    0x0, 0x0, 0x0, 0x4f, 0xff, 0x30, 0x0, 0x0,
    0x0, 0x4f, 0xf6, 0x0, 0x0, 0x1, 0xef, 0xff,
    0xd0, 0x0, 0x0, 0x0, 0x4f, 0xf6, 0x0, 0x0,
    0xa, 0xff, 0x8f, 0xf9, 0x0, 0x0, 0x0, 0x4f,
    0xf6, 0x0, 0x0, 0x6f, 0xf8, 0xc, 0xff, 0x40,
    0x0, 0x0, 0x4f, 0xf6, 0x0, 0x2, 0xff, 0xd0,
    0x2, 0xff, 0xe1, 0x0, 0x0, 0x4f, 0xf6, 0x0,
    0xc, 0xff, 0x30, 0x0, 0x6f, 0xfb, 0x0, 0x0,
    0x4f, 0xf6, 0x0, 0x9f, 0xf7, 0x0, 0x0, 0xb,
    0xff, 0x60, 0x0, 0x4f, 0xf6, 0x4, 0xff, 0xc0,
    0x0, 0x0, 0x1, 0xef, 0xf2, 0x0, 0x4f, 0xf6,
    0x1e, 0xff, 0x20, 0x0, 0x0, 0x0, 0x4f, 0xfc,
    0x0, 0x4f, 0xf6,

    /* U+216B "Ⅻ" */
    0x8, 0xff, 0x80, 0x0, 0x0, 0x0, 0x9f, 0xf6,
    0x0, 0x4f, 0xf6, 0x0, 0xb, 0xff, 0x0, 0xdf,
    0xf3, 0x0, 0x0, 0x4, 0xff, 0xb0, 0x0, 0x4f,
    0xf6, 0x0, 0xb, 0xff, 0x0, 0x2f, 0xfd, 0x0,
    0x0, 0x1e, 0xfe, 0x10, 0x0, 0x4f, 0xf6, 0x0,
    0xb, 0xff, 0x0, 0x7, 0xff, 0x90, 0x0, 0xbf,
    0xf5, 0x0, 0x0, 0x4f, 0xf6, 0x0, 0xb, 0xff,
    0x0, 0x0, 0xbf, 0xf3, 0x5, 0xff, 0x90, 0x0,
    0x0, 0x4f, 0xf6, 0x0, 0xb, 0xff, 0x0, 0x0,
    0x1e, 0xfd, 0x1e, 0xfd, 0x0, 0x0, 0x0, 0x4f,
    0xf6, 0x0, 0xb, 0xff, 0x0, 0x0, 0x5, 0xff,
    0xdf, 0xf3, 0x0, 0x0, 0x0, 0x4f, 0xf6, 0x0,
    0xb, 0xff, 0x0, 0x0, 0x0, 0xaf, 0xff, 0x70,
    0x0, 0x0, 0x0, 0x4f, 0xf6, 0x0, 0xb, 0xff,
    0x0, 0x0, 0x0, 0x4f, 0xff, 0x30, 0x0, 0x0,
    0x0, 0x4f, 0xf6, 0x0, 0xb, 0xff, 0x0, 0x0,
    0x1, 0xef, 0xff, 0xd0, 0x0, 0x0, 0x0, 0x4f,
    0xf6, 0x0, 0xb, 0xff, 0x0, 0x0, 0xa, 0xff,
    0x8f, 0xf9, 0x0, 0x0, 0x0, 0x4f, 0xf6, 0x0,
    0xb, 0xff, 0x0, 0x0, 0x6f, 0xf8, 0xc, 0xff,
    0x40, 0x0, 0x0, 0x4f, 0xf6, 0x0, 0xb, 0xff,
    0x0, 0x2, 0xff, 0xd0, 0x2, 0xff, 0xe1, 0x0,
    0x0, 0x4f, 0xf6, 0x0, 0xb, 0xff, 0x0, 0xc,
    0xff, 0x30, 0x0, 0x6f, 0xfb, 0x0, 0x0, 0x4f,
    0xf6, 0x0, 0xb, 0xff, 0x0, 0x9f, 0xf7, 0x0,
    0x0, 0xb, 0xff, 0x60, 0x0, 0x4f, 0xf6, 0x0,
    0xb, 0xff, 0x4, 0xff, 0xc0, 0x0, 0x0, 0x1,
    0xef, 0xf2, 0x0, 0x4f, 0xf6, 0x0, 0xb, 0xff,
    0x1e, 0xff, 0x20, 0x0, 0x0, 0x0, 0x4f, 0xfc,
    0x0, 0x4f, 0xf6, 0x0, 0xb, 0xff,

    /* U+216C "Ⅼ" */
    0x1f, 0xf9, 0x0, 0x0, 0x0, 0x0, 0x1f, 0xf9,
    0x0, 0x0, 0x0, 0x0, 0x1f, 0xf9, 0x0, 0x0,
    0x0, 0x0, 0x1f, 0xf9, 0x0, 0x0, 0x0, 0x0,
    0x1f, 0xf9, 0x0, 0x0, 0x0, 0x0, 0x1f, 0xf9,
    0x0, 0x0, 0x0, 0x0, 0x1f, 0xf9, 0x0, 0x0,
    0x0, 0x0, 0x1f, 0xf9, 0x0, 0x0, 0x0, 0x0,
    0x1f, 0xf9, 0x0, 0x0, 0x0, 0x0, 0x1f, 0xf9,
    0x0, 0x0, 0x0, 0x0, 0x1f, 0xf9, 0x0, 0x0,
    0x0, 0x0, 0x1f, 0xf9, 0x0, 0x0, 0x0, 0x0,
    0x1f, 0xf9, 0x0, 0x0, 0x0, 0x0, 0x1f, 0xf9,
    0x0, 0x0, 0x0, 0x0, 0x1f, 0xfb, 0x44, 0x44,
    0x44, 0x42, 0x1f, 0xff, 0xff, 0xff, 0xff, 0xf8,
    0x1f, 0xff, 0xff, 0xff, 0xff, 0xf8,

    /* U+216D "Ⅽ" */
    0x0, 0x0, 0x28, 0xdf, 0xfd, 0xa5, 0x0, 0x0,
    0x0, 0x7, 0xff, 0xff, 0xff, 0xff, 0xc1, 0x0,
    0x0, 0x9f, 0xff, 0xb7, 0x69, 0xef, 0xfd, 0x10,
    0x5, 0xff, 0xd3, 0x0, 0x0, 0x9, 0xff, 0xa0,
    0xe, 0xff, 0x20, 0x0, 0x0, 0x0, 0xcf, 0xf1,
    0x4f, 0xf8, 0x0, 0x0, 0x0, 0x0, 0x49, 0x92,
    0x7f, 0xf3, 0x0, 0x0, 0x0, 0x0, 0x0, 0x0,
    0x9f, 0xf1, 0x0, 0x0, 0x0, 0x0, 0x0, 0x0,
    0xaf, 0xf0, 0x0, 0x0, 0x0, 0x0, 0x0, 0x0,
    0x9f, 0xf1, 0x0, 0x0, 0x0, 0x0, 0x0, 0x0,
    0x7f, 0xf3, 0x0, 0x0, 0x0, 0x0, 0x0, 0x0,
    0x4f, 0xf8, 0x0, 0x0, 0x0, 0x0, 0x4a, 0xa3,
    0xe, 0xff, 0x20, 0x0, 0x0, 0x0, 0xcf, 0xf1,
    0x5, 0xff, 0xd2, 0x0, 0x0, 0x9, 0xff, 0x90,
    0x0, 0x9f, 0xff, 0xb7, 0x69, 0xef, 0xfd, 0x10,
    0x0, 0x7, 0xff, 0xff, 0xff, 0xff, 0xb1, 0x0,
    0x0, 0x0, 0x29, 0xdf, 0xfd, 0xa4, 0x0, 0x0,

    /* U+216E "Ⅾ" */
    0x1f, 0xff, 0xff, 0xff, 0xda, 0x40, 0x0, 0x0,
    0x1f, 0xff, 0xff, 0xff, 0xff, 0xfb, 0x10, 0x0,
    0x1f, 0xfb, 0x44, 0x45, 0x8d, 0xff, 0xe1, 0x0,
    0x1f, 0xf9, 0x0, 0x0, 0x0, 0x8f, 0xfb, 0x0,
    0x1f, 0xf9, 0x0, 0x0, 0x0, 0xa, 0xff, 0x30,
    0x1f, 0xf9, 0x0, 0x0, 0x0, 0x2, 0xff, 0x90,
    0x1f, 0xf9, 0x0, 0x0, 0x0, 0x0, 0xdf, 0xd0,
    0x1f, 0xf9, 0x0, 0x0, 0x0, 0x0, 0xaf, 0xe0,
    0x1f, 0xf9, 0x0, 0x0, 0x0, 0x0, 0xaf, 0xf0,
    0x1f, 0xf9, 0x0, 0x0, 0x0, 0x0, 0xaf, 0xe0,
    0x1f, 0xf9, 0x0, 0x0, 0x0, 0x0, 0xdf, 0xc0,
    0x1f, 0xf9, 0x0, 0x0, 0x0, 0x2, 0xff, 0x90,
    0x1f, 0xf9, 0x0, 0x0, 0x0, 0xa, 0xff, 0x30,
    0x1f, 0xf9, 0x0, 0x0, 0x0, 0x8f, 0xfb, 0x0,
    0x1f, 0xfb, 0x44, 0x45, 0x8e, 0xff, 0xd1, 0x0,
    0x1f, 0xff, 0xff, 0xff, 0xff, 0xfb, 0x10, 0x0,
    0x1f, 0xff, 0xff, 0xff, 0xd9, 0x40, 0x0, 0x0,

    /* U+216F "Ⅿ" */
    0x1f, 0xff, 0xf1, 0x0, 0x0, 0x0, 0x0, 0x2f,
    0xff, 0xf1, 0xff, 0xff, 0x70, 0x0, 0x0, 0x0,
    0x9, 0xff, 0xff, 0x1f, 0xff, 0xfd, 0x0, 0x0,
    0x0, 0x0, 0xef, 0xff, 0xf1, 0xff, 0xbf, 0xf3,
    0x0, 0x0, 0x0, 0x5f, 0xfb, 0xff, 0x1f, 0xf7,
    0xef, 0xa0, 0x0, 0x0, 0xb, 0xfc, 0xaf, 0xf1,
    0xff, 0x7a, 0xff, 0x0, 0x0, 0x1, 0xff, 0x7a,
    0xff, 0x1f, 0xf8, 0x4f, 0xf6, 0x0, 0x0, 0x7f,
    0xf2, 0xaf, 0xf1, 0xff, 0x80, 0xef, 0xc0, 0x0,
    0xd, 0xfc, 0xa, 0xff, 0x1f, 0xf8, 0x8, 0xff,
    0x30, 0x4, 0xff, 0x60, 0xaf, 0xf1, 0xff, 0x80,
    0x2f, 0xf9, 0x0, 0xaf, 0xf1, 0xa, 0xff, 0x1f,
    0xf8, 0x0, 0xcf, 0xe0, 0xf, 0xfa, 0x0, 0xaf,
    0xf1, 0xff, 0x80, 0x5, 0xff, 0x34, 0xff, 0x30,
    0xa, 0xff, 0x1f, 0xf8, 0x0, 0xe, 0xf8, 0x9f,
    0xd0, 0x0, 0xaf, 0xf1, 0xff, 0x80, 0x0, 0x9f,
    0xcd, 0xf7, 0x0, 0xa, 0xff, 0x1f, 0xf8, 0x0,
    0x2, 0xff, 0xff, 0x10, 0x0, 0xaf, 0xf1, 0xff,
    0x80, 0x0, 0xc, 0xff, 0xa0, 0x0, 0xa, 0xff,
    0x1f, 0xf8, 0x0, 0x0, 0x6f, 0xf4, 0x0, 0x0,
    0xaf, 0xf0,

    /* U+2170 "ⅰ" */
    0x6, 0x50, 0x8f, 0xf6, 0x8f, 0xf6, 0x6, 0x50,
    0x0, 0x0, 0x6f, 0xf3, 0x6f, 0xf3, 0x6f, 0xf3,
    0x6f, 0xf3, 0x6f, 0xf3, 0x6f, 0xf3, 0x6f, 0xf3,
    0x6f, 0xf3, 0x6f, 0xf3, 0x6f, 0xf3, 0x6f, 0xf3,
    0x6f, 0xf3, 0x6f, 0xf3,

    /* U+2171 "ⅱ" */
    0x5, 0x60, 0x0, 0x5, 0x60, 0x6f, 0xf8, 0x0,
    0x6f, 0xf9, 0x6f, 0xf8, 0x0, 0x6f, 0xf9, 0x5,
    0x60, 0x0, 0x5, 0x60, 0x0, 0x0, 0x0, 0x0,
    0x0, 0x4f, 0xf5, 0x0, 0x3f, 0xf5, 0x4f, 0xf5,
    0x0, 0x3f, 0xf5, 0x4f, 0xf5, 0x0, 0x3f, 0xf5,
    0x4f, 0xf5, 0x0, 0x3f, 0xf5, 0x4f, 0xf5, 0x0,
    0x3f, 0xf5, 0x4f, 0xf5, 0x0, 0x3f, 0xf5, 0x4f,
    0xf5, 0x0, 0x3f, 0xf5, 0x4f, 0xf5, 0x0, 0x3f,
    0xf5, 0x4f, 0xf5, 0x0, 0x3f, 0xf5, 0x4f, 0xf5,
    0x0, 0x3f, 0xf5, 0x4f, 0xf5, 0x0, 0x3f, 0xf5,
    0x4f, 0xf5, 0x0, 0x3f, 0xf5, 0x4f, 0xf5, 0x0,
    0x3f, 0xf5,

    /* U+2172 "ⅲ" */
    0x5, 0x60, 0x0, 0x5, 0x60, 0x0, 0x5, 0x60,
    0x6f, 0xf8, 0x0, 0x6f, 0xf9, 0x0, 0x5f, 0xf9,
    0x6f, 0xf8, 0x0, 0x6f, 0xf9, 0x0, 0x5f, 0xf9,
    0x5, 0x60, 0x0, 0x5, 0x60, 0x0, 0x5, 0x60,
    0x0, 0x0, 0x0, 0x0, 0x0, 0x0, 0x0, 0x0,
    0x4f, 0xf5, 0x0, 0x3f, 0xf5, 0x0, 0x2f, 0xf6,
    0x4f, 0xf5, 0x0, 0x3f, 0xf5, 0x0, 0x2f, 0xf6,
    0x4f, 0xf5, 0x0, 0x3f, 0xf5, 0x0, 0x2f, 0xf6,
    0x4f, 0xf5, 0x0, 0x3f, 0xf5, 0x0, 0x2f, 0xf6,
    0x4f, 0xf5, 0x0, 0x3f, 0xf5, 0x0, 0x2f, 0xf6,
    0x4f, 0xf5, 0x0, 0x3f, 0xf5, 0x0, 0x2f, 0xf6,
    0x4f, 0xf5, 0x0, 0x3f, 0xf5, 0x0, 0x2f, 0xf6,
    0x4f, 0xf5, 0x0, 0x3f, 0xf5, 0x0, 0x2f, 0xf6,
    0x4f, 0xf5, 0x0, 0x3f, 0xf5, 0x0, 0x2f, 0xf6,
    0x4f, 0xf5, 0x0, 0x3f, 0xf5, 0x0, 0x2f, 0xf6,
    0x4f, 0xf5, 0x0, 0x3f, 0xf5, 0x0, 0x2f, 0xf6,
    0x4f, 0xf5, 0x0, 0x3f, 0xf5, 0x0, 0x2f, 0xf6,
    0x4f, 0xf5, 0x0, 0x3f, 0xf5, 0x0, 0x2f, 0xf6,

    /* U+2173 "ⅳ" */
    0x5, 0x60, 0x0, 0x0, 0x0, 0x0, 0x0, 0x0,
    0x0, 0x6, 0xff, 0x80, 0x0, 0x0, 0x0, 0x0,
    0x0, 0x0, 0x0, 0x6f, 0xf8, 0x0, 0x0, 0x0,
    0x0, 0x0, 0x0, 0x0, 0x0, 0x56, 0x0, 0x0,
    0x0, 0x0, 0x0, 0x0, 0x0, 0x0, 0x0, 0x0,
    0x0, 0x0, 0x0, 0x0, 0x0, 0x0, 0x0, 0x4,
    0xff, 0x50, 0x3f, 0xf8, 0x0, 0x0, 0x0, 0xaf,
    0xf1, 0x4f, 0xf5, 0x0, 0xdf, 0xe0, 0x0, 0x0,
    0xf, 0xfb, 0x4, 0xff, 0x50, 0x7, 0xff, 0x40,
    0x0, 0x5, 0xff, 0x50, 0x4f, 0xf5, 0x0, 0x1f,
    0xf9, 0x0, 0x0, 0xbf, 0xe0, 0x4, 0xff, 0x50,
    0x0, 0xbf, 0xe0, 0x0, 0x1f, 0xf9, 0x0, 0x4f,
    0xf5, 0x0, 0x5, 0xff, 0x40, 0x6, 0xff, 0x30,
    0x4, 0xff, 0x50, 0x0, 0xe, 0xfa, 0x0, 0xcf,
    0xd0, 0x0, 0x4f, 0xf5, 0x0, 0x0, 0x8f, 0xf0,
    0x1f, 0xf7, 0x0, 0x4, 0xff, 0x50, 0x0, 0x2,
    0xff, 0x56, 0xff, 0x10, 0x0, 0x4f, 0xf5, 0x0,
    0x0, 0xc, 0xf9, 0xbf, 0xa0, 0x0, 0x4, 0xff,
    0x50, 0x0, 0x0, 0x6f, 0xef, 0xf4, 0x0, 0x0,
    0x4f, 0xf5, 0x0, 0x0, 0x1, 0xff, 0xfe, 0x0,
    0x0, 0x4, 0xff, 0x50, 0x0, 0x0, 0xa, 0xff,
    0x80, 0x0, 0x0,

    /* U+2174 "ⅴ" */
    0x6f, 0xf6, 0x0, 0x0, 0x0, 0xcf, 0xe0, 0xf,
    0xfb, 0x0, 0x0, 0x2, 0xff, 0x90, 0x9, 0xff,
    0x10, 0x0, 0x8, 0xff, 0x20, 0x3, 0xff, 0x70,
    0x0, 0xd, 0xfc, 0x0, 0x0, 0xdf, 0xc0, 0x0,
    0x3f, 0xf6, 0x0, 0x0, 0x7f, 0xf2, 0x0, 0x9f,
    0xf1, 0x0, 0x0, 0x1f, 0xf8, 0x0, 0xef, 0xa0,
    0x0, 0x0, 0xb, 0xfd, 0x4, 0xff, 0x40, 0x0,
    0x0, 0x5, 0xff, 0x29, 0xfe, 0x0, 0x0, 0x0,
    0x0, 0xef, 0x7d, 0xf8, 0x0, 0x0, 0x0, 0x0,
    0x9f, 0xdf, 0xf2, 0x0, 0x0, 0x0, 0x0, 0x3f,
    0xff, 0xc0, 0x0, 0x0, 0x0, 0x0, 0xd, 0xff,
    0x60, 0x0, 0x0,

    /* U+2175 "ⅵ" */
    0x0, 0x0, 0x0, 0x0, 0x0, 0x0, 0x0, 0x46,
    0x10, 0x0, 0x0, 0x0, 0x0, 0x0, 0x0, 0x3f,
    0xfb, 0x0, 0x0, 0x0, 0x0, 0x0, 0x0, 0x3,
    0xff, 0xb0, 0x0, 0x0, 0x0, 0x0, 0x0, 0x0,
    0x4, 0x71, 0x0, 0x0, 0x0, 0x0, 0x0, 0x0,
    0x0, 0x0, 0x6, 0xff, 0x60, 0x0, 0x0, 0xd,
    0xfe, 0x1f, 0xf8, 0xf, 0xfb, 0x0, 0x0, 0x2,
    0xff, 0x81, 0xff, 0x80, 0xaf, 0xf1, 0x0, 0x0,
    0x8f, 0xf2, 0x1f, 0xf8, 0x3, 0xff, 0x70, 0x0,
    0xd, 0xfc, 0x1, 0xff, 0x80, 0xd, 0xfc, 0x0,
    0x3, 0xff, 0x60, 0x1f, 0xf8, 0x0, 0x7f, 0xf2,
    0x0, 0x9f, 0xf1, 0x1, 0xff, 0x80, 0x1, 0xff,
    0x70, 0xe, 0xfa, 0x0, 0x1f, 0xf8, 0x0, 0xb,
    0xfd, 0x4, 0xff, 0x40, 0x1, 0xff, 0x80, 0x0,
    0x5f, 0xf2, 0x9f, 0xe0, 0x0, 0x1f, 0xf8, 0x0,
    0x0, 0xef, 0x7d, 0xf8, 0x0, 0x1, 0xff, 0x80,
    0x0, 0x9, 0xfd, 0xff, 0x20, 0x0, 0x1f, 0xf8,
    0x0, 0x0, 0x3f, 0xff, 0xc0, 0x0, 0x1, 0xff,
    0x80, 0x0, 0x0, 0xdf, 0xf6, 0x0, 0x0, 0x1f,
    0xf8,

    /* U+2176 "ⅶ" */
    0x0, 0x0, 0x0, 0x0, 0x0, 0x0, 0x0, 0x0,
    0x64, 0x0, 0x0, 0x65, 0x0, 0x0, 0x0, 0x0,
    0x0, 0x0, 0x0, 0x0, 0xaf, 0xf4, 0x0, 0x9f,
    0xf5, 0x0, 0x0, 0x0, 0x0, 0x0, 0x0, 0x0,
    0xa, 0xff, 0x40, 0x9, 0xff, 0x50, 0x0, 0x0,
    0x0, 0x0, 0x0, 0x0, 0x0, 0x6, 0x50, 0x0,
    0x6, 0x50, 0x0, 0x0, 0x0, 0x0, 0x0, 0x0,
    0x0, 0x0, 0x0, 0x0, 0x0, 0x0, 0x4, 0xff,
    0x80, 0x0, 0x0, 0xb, 0xff, 0x10, 0x7f, 0xf1,
    0x0, 0x6f, 0xf2, 0xe, 0xfd, 0x0, 0x0, 0x1,
    0xff, 0xa0, 0x7, 0xff, 0x10, 0x6, 0xff, 0x20,
    0x8f, 0xf3, 0x0, 0x0, 0x6f, 0xf4, 0x0, 0x7f,
    0xf1, 0x0, 0x6f, 0xf2, 0x2, 0xff, 0x80, 0x0,
    0xc, 0xfe, 0x0, 0x7, 0xff, 0x10, 0x6, 0xff,
    0x20, 0xb, 0xfe, 0x0, 0x1, 0xff, 0x80, 0x0,
    0x7f, 0xf1, 0x0, 0x6f, 0xf2, 0x0, 0x5f, 0xf4,
    0x0, 0x7f, 0xf2, 0x0, 0x7, 0xff, 0x10, 0x6,
    0xff, 0x20, 0x0, 0xff, 0x90, 0xc, 0xfc, 0x0,
    0x0, 0x7f, 0xf1, 0x0, 0x6f, 0xf2, 0x0, 0x9,
    0xfe, 0x2, 0xff, 0x60, 0x0, 0x7, 0xff, 0x10,
    0x6, 0xff, 0x20, 0x0, 0x3f, 0xf4, 0x7f, 0xf0,
    0x0, 0x0, 0x7f, 0xf1, 0x0, 0x6f, 0xf2, 0x0,
    0x0, 0xdf, 0x9b, 0xfa, 0x0, 0x0, 0x7, 0xff,
    0x10, 0x6, 0xff, 0x20, 0x0, 0x7, 0xfd, 0xff,
    0x30, 0x0, 0x0, 0x7f, 0xf1, 0x0, 0x6f, 0xf2,
    0x0, 0x0, 0x1f, 0xff, 0xd0, 0x0, 0x0, 0x7,
    0xff, 0x10, 0x6, 0xff, 0x20, 0x0, 0x0, 0xbf,
    0xf7, 0x0, 0x0, 0x0, 0x7f, 0xf1, 0x0, 0x6f,
    0xf2,

    /* U+2177 "ⅷ" */
    0x0, 0x0, 0x0, 0x0, 0x0, 0x0, 0x0, 0x0,
    0x64, 0x0, 0x0, 0x65, 0x0, 0x0, 0x65, 0x0,
    0x0, 0x0, 0x0, 0x0, 0x0, 0x0, 0x0, 0xaf,
    0xf4, 0x0, 0x9f, 0xf5, 0x0, 0x8f, 0xf6, 0x0,
    0x0, 0x0, 0x0, 0x0, 0x0, 0x0, 0xa, 0xff,
    0x40, 0x9, 0xff, 0x50, 0x8, 0xff, 0x60, 0x0,
    0x0, 0x0, 0x0, 0x0, 0x0, 0x0, 0x6, 0x50,
    0x0, 0x6, 0x50, 0x0, 0x6, 0x50, 0x0, 0x0,
    0x0, 0x0, 0x0, 0x0, 0x0, 0x0, 0x0, 0x0,
    0x0, 0x0, 0x0, 0x0, 0x0, 0x4, 0xff, 0x80,
    0x0, 0x0, 0xb, 0xff, 0x10, 0x7f, 0xf1, 0x0,
    0x6f, 0xf2, 0x0, 0x6f, 0xf3, 0xe, 0xfd, 0x0,
    0x0, 0x1, 0xff, 0xa0, 0x7, 0xff, 0x10, 0x6,
    0xff, 0x20, 0x6, 0xff, 0x30, 0x8f, 0xf3, 0x0,
    0x0, 0x6f, 0xf4, 0x0, 0x7f, 0xf1, 0x0, 0x6f,
    0xf2, 0x0, 0x6f, 0xf3, 0x2, 0xff, 0x80, 0x0,
    0xc, 0xfe, 0x0, 0x7, 0xff, 0x10, 0x6, 0xff,
    0x20, 0x6, 0xff, 0x30, 0xb, 0xfe, 0x0, 0x1,
    0xff, 0x80, 0x0, 0x7f, 0xf1, 0x0, 0x6f, 0xf2,
    0x0, 0x6f, 0xf3, 0x0, 0x5f, 0xf4, 0x0, 0x7f,
    0xf2, 0x0, 0x7, 0xff, 0x10, 0x6, 0xff, 0x20,
    0x6, 0xff, 0x30, 0x0, 0xff, 0x90, 0xc, 0xfc,
    0x0, 0x0, 0x7f, 0xf1, 0x0, 0x6f, 0xf2, 0x0,
    0x6f, 0xf3, 0x0, 0x9, 0xfe, 0x2, 0xff, 0x60,
    0x0, 0x7, 0xff, 0x10, 0x6, 0xff, 0x20, 0x6,
    0xff, 0x30, 0x0, 0x3f, 0xf4, 0x7f, 0xf0, 0x0,
    0x0, 0x7f, 0xf1, 0x0, 0x6f, 0xf2, 0x0, 0x6f,
    0xf3, 0x0, 0x0, 0xdf, 0x9b, 0xfa, 0x0, 0x0,
    0x7, 0xff, 0x10, 0x6, 0xff, 0x20, 0x6, 0xff,
    0x30, 0x0, 0x7, 0xfd, 0xff, 0x30, 0x0, 0x0,
    0x7f, 0xf1, 0x0, 0x6f, 0xf2, 0x0, 0x6f, 0xf3,
    0x0, 0x0, 0x1f, 0xff, 0xd0, 0x0, 0x0, 0x7,
    0xff, 0x10, 0x6, 0xff, 0x20, 0x6, 0xff, 0x30,
    0x0, 0x0, 0xbf, 0xf7, 0x0, 0x0, 0x0, 0x7f,
    0xf1, 0x0, 0x6f, 0xf2, 0x0, 0x6f, 0xf3,

    /* U+2178 "ⅸ" */
    0x5, 0x60, 0x0, 0x0, 0x0, 0x0, 0x0, 0x0,
    0x0, 0x6f, 0xf8, 0x0, 0x0, 0x0, 0x0, 0x0,
    0x0, 0x0, 0x6f, 0xf8, 0x0, 0x0, 0x0, 0x0,
    0x0, 0x0, 0x0, 0x5, 0x60, 0x0, 0x0, 0x0,
    0x0, 0x0, 0x0, 0x0, 0x0, 0x0, 0x0, 0x0,
    0x0, 0x0, 0x0, 0x0, 0x0, 0x4f, 0xf5, 0x0,
    0xaf, 0xf3, 0x0, 0x0, 0xaf, 0xf3, 0x4f, 0xf5,
    0x0, 0x1e, 0xfd, 0x0, 0x4, 0xff, 0x80, 0x4f,
    0xf5, 0x0, 0x5, 0xff, 0x70, 0xd, 0xfd, 0x0,
    0x4f, 0xf5, 0x0, 0x0, 0xbf, 0xf1, 0x7f, 0xf3,
    0x0, 0x4f, 0xf5, 0x0, 0x0, 0x1e, 0xfa, 0xff,
    0x80, 0x0, 0x4f, 0xf5, 0x0, 0x0, 0x5, 0xff,
    0xfd, 0x0, 0x0, 0x4f, 0xf5, 0x0, 0x0, 0x0,
    0xff, 0xf7, 0x0, 0x0, 0x4f, 0xf5, 0x0, 0x0,
    0x9, 0xff, 0xfe, 0x10, 0x0, 0x4f, 0xf5, 0x0,
    0x0, 0x4f, 0xf5, 0xef, 0xb0, 0x0, 0x4f, 0xf5,
    0x0, 0x0, 0xef, 0xc0, 0x5f, 0xf5, 0x0, 0x4f,
    0xf5, 0x0, 0x9, 0xff, 0x30, 0xb, 0xff, 0x10,
    0x4f, 0xf5, 0x0, 0x4f, 0xf8, 0x0, 0x2, 0xff,
    0xb0, 0x4f, 0xf5, 0x0, 0xef, 0xd0, 0x0, 0x0,
    0x7f, 0xf6,

    /* U+2179 "ⅹ" */
    0xd, 0xff, 0x10, 0x0, 0xc, 0xff, 0x10, 0x3f,
    0xfa, 0x0, 0x6, 0xff, 0x60, 0x0, 0x8f, 0xf4,
    0x1, 0xff, 0xb0, 0x0, 0x0, 0xdf, 0xd0, 0xaf,
    0xf1, 0x0, 0x0, 0x3, 0xff, 0x9f, 0xf6, 0x0,
    0x0, 0x0, 0x8, 0xff, 0xfb, 0x0, 0x0, 0x0,
    0x0, 0x2f, 0xff, 0x40, 0x0, 0x0, 0x0, 0xc,
    0xff, 0xfd, 0x0, 0x0, 0x0, 0x6, 0xff, 0x4f,
    0xf8, 0x0, 0x0, 0x2, 0xff, 0x90, 0x8f, 0xf3,
    0x0, 0x0, 0xcf, 0xe1, 0x0, 0xdf, 0xd0, 0x0,
    0x7f, 0xf6, 0x0, 0x4, 0xff, 0x90, 0x2f, 0xfb,
    0x0, 0x0, 0xa, 0xff, 0x40,

    /* U+217A "ⅺ" */
    0x0, 0x0, 0x0, 0x0, 0x0, 0x0, 0x0, 0x3,
    0x72, 0x0, 0x0, 0x0, 0x0, 0x0, 0x0, 0x0,
    0x1, 0xff, 0xe0, 0x0, 0x0, 0x0, 0x0, 0x0,
    0x0, 0x0, 0x1f, 0xfe, 0x0, 0x0, 0x0, 0x0,
    0x0, 0x0, 0x0, 0x0, 0x37, 0x20, 0x0, 0x0,
    0x0, 0x0, 0x0, 0x0, 0x0, 0x0, 0x0, 0x0,
    0xbf, 0xf2, 0x0, 0x0, 0xaf, 0xf2, 0x0, 0xef,
    0xb0, 0x1, 0xff, 0xc0, 0x0, 0x5f, 0xf8, 0x0,
    0xe, 0xfb, 0x0, 0x6, 0xff, 0x60, 0xe, 0xfd,
    0x0, 0x0, 0xef, 0xb0, 0x0, 0xb, 0xfe, 0x8,
    0xff, 0x30, 0x0, 0xe, 0xfb, 0x0, 0x0, 0x1f,
    0xf9, 0xff, 0x80, 0x0, 0x0, 0xef, 0xb0, 0x0,
    0x0, 0x6f, 0xff, 0xd0, 0x0, 0x0, 0xe, 0xfb,
    0x0, 0x0, 0x1, 0xff, 0xf6, 0x0, 0x0, 0x0,
    0xef, 0xb0, 0x0, 0x0, 0xaf, 0xff, 0xe1, 0x0,
    0x0, 0xe, 0xfb, 0x0, 0x0, 0x5f, 0xf5, 0xef,
    0xa0, 0x0, 0x0, 0xef, 0xb0, 0x0, 0x1e, 0xfb,
    0x6, 0xff, 0x50, 0x0, 0xe, 0xfb, 0x0, 0xa,
    0xff, 0x20, 0xc, 0xfe, 0x10, 0x0, 0xef, 0xb0,
    0x5, 0xff, 0x80, 0x0, 0x2f, 0xfa, 0x0, 0xe,
    0xfb, 0x1, 0xef, 0xd0, 0x0, 0x0, 0x8f, 0xf5,
    0x0, 0xef, 0xb0,

    /* U+217B "ⅻ" */
    0x0, 0x0, 0x0, 0x0, 0x0, 0x0, 0x0, 0x3,
    0x72, 0x0, 0x2, 0x72, 0x0, 0x0, 0x0, 0x0,
    0x0, 0x0, 0x0, 0x1, 0xff, 0xe0, 0x0, 0xff,
    0xe0, 0x0, 0x0, 0x0, 0x0, 0x0, 0x0, 0x0,
    0x1f, 0xfe, 0x0, 0xf, 0xfe, 0x0, 0x0, 0x0,
    0x0, 0x0, 0x0, 0x0, 0x0, 0x37, 0x20, 0x0,
    0x27, 0x20, 0x0, 0x0, 0x0, 0x0, 0x0, 0x0,
    0x0, 0x0, 0x0, 0x0, 0x0, 0x0, 0x0, 0xbf,
    0xf2, 0x0, 0x0, 0xaf, 0xf2, 0x0, 0xef, 0xb0,
    0x0, 0xdf, 0xb0, 0x1, 0xff, 0xc0, 0x0, 0x5f,
    0xf8, 0x0, 0xe, 0xfb, 0x0, 0xd, 0xfb, 0x0,
    0x6, 0xff, 0x60, 0xe, 0xfd, 0x0, 0x0, 0xef,
    0xb0, 0x0, 0xdf, 0xb0, 0x0, 0xb, 0xfe, 0x8,
    0xff, 0x30, 0x0, 0xe, 0xfb, 0x0, 0xd, 0xfb,
    0x0, 0x0, 0x1f, 0xf9, 0xff, 0x80, 0x0, 0x0,
    0xef, 0xb0, 0x0, 0xdf, 0xb0, 0x0, 0x0, 0x6f,
    0xff, 0xd0, 0x0, 0x0, 0xe, 0xfb, 0x0, 0xd,
    0xfb, 0x0, 0x0, 0x1, 0xff, 0xf6, 0x0, 0x0,
    0x0, 0xef, 0xb0, 0x0, 0xdf, 0xb0, 0x0, 0x0,
    0xaf, 0xff, 0xe1, 0x0, 0x0, 0xe, 0xfb, 0x0,
    0xd, 0xfb, 0x0, 0x0, 0x5f, 0xf5, 0xef, 0xa0,
    0x0, 0x0, 0xef, 0xb0, 0x0, 0xdf, 0xb0, 0x0,
    0x1e, 0xfb, 0x6, 0xff, 0x50, 0x0, 0xe, 0xfb,
    0x0, 0xd, 0xfb, 0x0, 0xa, 0xff, 0x20, 0xc,
    0xfe, 0x10, 0x0, 0xef, 0xb0, 0x0, 0xdf, 0xb0,
    0x5, 0xff, 0x80, 0x0, 0x2f, 0xfa, 0x0, 0xe,
    0xfb, 0x0, 0xd, 0xfb, 0x1, 0xef, 0xd0, 0x0,
    0x0, 0x8f, 0xf5, 0x0, 0xef, 0xb0, 0x0, 0xdf,
    0xb0,

    /* U+217C "ⅼ" */
    0x4f, 0xf5, 0x4f, 0xf5, 0x4f, 0xf5, 0x4f, 0xf5,
    0x4f, 0xf5, 0x4f, 0xf5, 0x4f, 0xf5, 0x4f, 0xf5,
    0x4f, 0xf5, 0x4f, 0xf5, 0x4f, 0xf5, 0x4f, 0xf5,
    0x4f, 0xf5, 0x4f, 0xf5, 0x4f, 0xf5, 0x4f, 0xf5,
    0x4f, 0xf5,

    /* U+217D "ⅽ" */
    0x0, 0x6, 0xce, 0xfd, 0x92, 0x0, 0x1, 0xcf,
    0xff, 0xff, 0xff, 0x50, 0xb, 0xff, 0xa4, 0x26,
    0xef, 0xf2, 0x4f, 0xf9, 0x0, 0x0, 0x2f, 0xf7,
    0x9f, 0xf1, 0x0, 0x0, 0x2, 0x0, 0xcf, 0xd0,
    0x0, 0x0, 0x0, 0x0, 0xdf, 0xc0, 0x0, 0x0,
    0x0, 0x0, 0xcf, 0xd0, 0x0, 0x0, 0x0, 0x0,
    0x9f, 0xf1, 0x0, 0x0, 0x3, 0x10, 0x4f, 0xf9,
    0x0, 0x0, 0x2f, 0xf8, 0xb, 0xff, 0xa3, 0x26,
    0xef, 0xf2, 0x1, 0xcf, 0xff, 0xff, 0xff, 0x50,
    0x0, 0x6, 0xce, 0xfe, 0x92, 0x0,

    /* U+217E "ⅾ" */
    0x0, 0x0, 0x0, 0x0, 0x9, 0xff, 0x0, 0x0,
    0x0, 0x0, 0x0, 0x9f, 0xf0, 0x0, 0x0, 0x0,
    0x0, 0x9, 0xff, 0x0, 0x0, 0x0, 0x0, 0x0,
    0x9f, 0xf0, 0x0, 0x19, 0xdf, 0xe8, 0x9, 0xff,
    0x0, 0x3e, 0xff, 0xff, 0xfb, 0x9f, 0xf0, 0xe,
    0xff, 0x93, 0x27, 0xff, 0xff, 0x6, 0xff, 0x70,
    0x0, 0x5, 0xff, 0xf0, 0xbf, 0xf0, 0x0, 0x0,
    0xd, 0xff, 0xe, 0xfc, 0x0, 0x0, 0x0, 0xaf,
    0xf0, 0xff, 0xb0, 0x0, 0x0, 0x8, 0xff, 0xe,
    0xfc, 0x0, 0x0, 0x0, 0xaf, 0xf0, 0xbf, 0xf0,
    0x0, 0x0, 0xd, 0xff, 0x6, 0xff, 0x80, 0x0,
    0x5, 0xff, 0xf0, 0xe, 0xff, 0x93, 0x27, 0xfe,
    0xff, 0x0, 0x3e, 0xff, 0xff, 0xfb, 0x8f, 0xf0,
    0x0, 0x29, 0xdf, 0xe8, 0x8, 0xff, 0x0,

    /* U+217F "ⅿ" */
    0x4f, 0xf3, 0x3b, 0xfe, 0xa1, 0x1, 0x9e, 0xfd,
    0x70, 0x4, 0xff, 0x7f, 0xff, 0xff, 0xc2, 0xef,
    0xff, 0xff, 0xa0, 0x4f, 0xff, 0x81, 0x18, 0xff,
    0xdd, 0x30, 0x3d, 0xff, 0x34, 0xff, 0xa0, 0x0,
    0xc, 0xff, 0x30, 0x0, 0x3f, 0xf7, 0x4f, 0xf6,
    0x0, 0x0, 0x9f, 0xf0, 0x0, 0x0, 0xff, 0x94,
    0xff, 0x50, 0x0, 0x9, 0xff, 0x0, 0x0, 0xf,
    0xf9, 0x4f, 0xf5, 0x0, 0x0, 0x9f, 0xf0, 0x0,
    0x0, 0xff, 0x94, 0xff, 0x50, 0x0, 0x9, 0xff,
    0x0, 0x0, 0xf, 0xf9, 0x4f, 0xf5, 0x0, 0x0,
    0x9f, 0xf0, 0x0, 0x0, 0xff, 0x94, 0xff, 0x50,
    0x0, 0x9, 0xff, 0x0, 0x0, 0xf, 0xf9, 0x4f,
    0xf5, 0x0, 0x0, 0x9f, 0xf0, 0x0, 0x0, 0xff,
    0x94, 0xff, 0x50, 0x0, 0x9, 0xff, 0x0, 0x0,
    0xf, 0xf9, 0x4f, 0xf5, 0x0, 0x0, 0x9f, 0xf0,
    0x0, 0x0, 0xff, 0x90,

    /* U+2183 "Ↄ" */
    0x0, 0x5, 0xae, 0xfe, 0xc7, 0x10, 0x0, 0x0,
    0xbf, 0xff, 0xff, 0xff, 0xf4, 0x0, 0xa, 0xff,
    0xc5, 0x34, 0x8f, 0xff, 0x30, 0x2f, 0xfc, 0x0,
    0x0, 0x3, 0xff, 0xd0, 0x8f, 0xf5, 0x0, 0x0,
    0x0, 0x8f, 0xf4, 0x69, 0x91, 0x0, 0x0, 0x0,
    0x3f, 0xf9, 0x0, 0x0, 0x0, 0x0, 0x0, 0xf,
    0xfb, 0x0, 0x0, 0x0, 0x0, 0x0, 0xf, 0xfc,
    0x0, 0x0, 0x0, 0x0, 0x0, 0xf, 0xfd, 0x0,
    0x0, 0x0, 0x0, 0x0, 0xf, 0xfc, 0x0, 0x0,
    0x0, 0x0, 0x0, 0xf, 0xfb, 0x58, 0x81, 0x0,
    0x0, 0x0, 0x3f, 0xf9, 0x8f, 0xf5, 0x0, 0x0,
    0x0, 0x8f, 0xf4, 0x2f, 0xfc, 0x0, 0x0, 0x3,
    0xff, 0xd0, 0x9, 0xff, 0xc5, 0x34, 0x8f, 0xff,
    0x40, 0x0, 0xaf, 0xff, 0xff, 0xff, 0xf4, 0x0,
    0x0, 0x4, 0xae, 0xfe, 0xc7, 0x10, 0x0,

    /* U+2184 "ↄ" */
    0x0, 0x4b, 0xef, 0xd9, 0x20, 0x0, 0x8, 0xff,
    0xff, 0xff, 0xf5, 0x0, 0x4f, 0xfd, 0x53, 0x6e,
    0xff, 0x20, 0xaf, 0xf2, 0x0, 0x4, 0xff, 0x90,
    0xce, 0xc0, 0x0, 0x0, 0xef, 0xe0, 0x0, 0x0,
    0x0, 0x0, 0xbf, 0xf0, 0x0, 0x0, 0x0, 0x0,
    0xaf, 0xf2, 0x0, 0x0, 0x0, 0x0, 0xbf, 0xf1,
    0x34, 0x30, 0x0, 0x0, 0xdf, 0xe0, 0xbf, 0xf1,
    0x0, 0x4, 0xff, 0x90, 0x5f, 0xfd, 0x53, 0x6e,
    0xff, 0x20, 0x8, 0xff, 0xff, 0xff, 0xf5, 0x0,
    0x0, 0x4b, 0xef, 0xd9, 0x20, 0x0,

    /* U+2185 "ↅ" */
    0x0, 0x1, 0x8c, 0xef, 0xda, 0x30, 0x0, 0x0,
    0x5f, 0xff, 0xff, 0xff, 0xf9, 0x0, 0x5, 0xff,
    0xe7, 0x43, 0x6d, 0xff, 0x80, 0xe, 0xfe, 0x20,
    0x0, 0x0, 0xef, 0xf1, 0x6f, 0xf7, 0x0, 0x0,
    0x0, 0x6f, 0xf6, 0xbf, 0xf1, 0x0, 0x0, 0x0,
    0x18, 0x85, 0xdf, 0xe0, 0x0, 0x0, 0x0, 0x0,
    0x0, 0xef, 0xd0, 0x0, 0x0, 0x0, 0x0, 0x0,
    0xff, 0xd0, 0x0, 0x0, 0x0, 0x0, 0x0, 0xef,
    0xd0, 0x0, 0x0, 0x0, 0x0, 0x0, 0xdf, 0xe0,
    0x0, 0x0, 0x0, 0x0, 0x0, 0xbf, 0xf1, 0x0,
    0x0, 0x0, 0x29, 0x94, 0x6f, 0xf6, 0x0, 0x0,
    0x0, 0x5f, 0xf7, 0x1f, 0xfe, 0x20, 0x0, 0x0,
    0x9f, 0xf7, 0x5, 0xff, 0xe7, 0x43, 0x6c, 0xff,
    0xf7, 0x0, 0x6f, 0xff, 0xff, 0xff, 0xff, 0xf7,
    0x0, 0x2, 0x8d, 0xef, 0xd9, 0x7f, 0xf7, 0x0,
    0x0, 0x0, 0x0, 0x0, 0x5f, 0xf7, 0x0, 0x0,
    0x0, 0x0, 0x0, 0x5f, 0xf7, 0x0, 0x0, 0x0,
    0x0, 0x0, 0x5f, 0xf7, 0x0, 0x0, 0x0, 0x0,
    0x0, 0x5f, 0xf7,

    /* U+2186 "ↆ" */
    0x0, 0x0, 0x0, 0x2, 0xff, 0xa0, 0x0, 0x0,
    0x0, 0x0, 0x0, 0x0, 0x0, 0x2f, 0xfa, 0x0,
    0x0, 0x0, 0x0, 0x0, 0x0, 0x0, 0x2, 0xff,
    0xa0, 0x0, 0x0, 0x0, 0x0, 0x0, 0x0, 0x0,
    0x2f, 0xfa, 0x0, 0x0, 0x0, 0x0, 0x0, 0x0,
    0x0, 0x2, 0xff, 0xa0, 0x0, 0x0, 0x0, 0x0,
    0x0, 0x0, 0x0, 0x2f, 0xfa, 0x0, 0x0, 0x0,
    0x0, 0x0, 0x0, 0x0, 0x2, 0xff, 0xa0, 0x0,
    0x0, 0x0, 0x0, 0x9, 0x0, 0x0, 0x2f, 0xfa,
    0x0, 0x0, 0x46, 0x0, 0x1c, 0xfb, 0x0, 0x2,
    0xff, 0xa0, 0x0, 0x3f, 0xf6, 0x2, 0xef, 0xfa,
    0x0, 0x2f, 0xfa, 0x0, 0x3f, 0xff, 0xa0, 0x3,
    0xff, 0xf9, 0x2, 0xff, 0xa0, 0x2e, 0xff, 0xb0,
    0x0, 0x3, 0xff, 0xf9, 0x2f, 0xfa, 0x2e, 0xff,
    0xc0, 0x0, 0x0, 0x4, 0xff, 0xfa, 0xff, 0xbd,
    0xff, 0xc0, 0x0, 0x0, 0x0, 0x5, 0xff, 0xff,
    0xff, 0xff, 0xd1, 0x0, 0x0, 0x0, 0x0, 0x5,
    0xff, 0xff, 0xff, 0xd1, 0x0, 0x0, 0x0, 0x0,
    0x0, 0x6, 0xff, 0xff, 0xe1, 0x0, 0x0, 0x0,
    0x0, 0x0, 0x0, 0x7, 0xff, 0xe2, 0x0, 0x0,
    0x0, 0x0,

    /* U+2189 "↉" */
    0x0, 0x5d, 0xfe, 0x80, 0x0, 0x0, 0x0, 0x0,
    0xaf, 0x70, 0x0, 0x0, 0x4f, 0xfb, 0xef, 0x90,
    0x0, 0x0, 0x0, 0x6f, 0xb0, 0x0, 0x0, 0xc,
    0xf7, 0x2, 0xff, 0x10, 0x0, 0x0, 0x2f, 0xe1,
    0x0, 0x0, 0x0, 0xff, 0x10, 0xc, 0xf5, 0x0,
    0x0, 0xc, 0xf5, 0x0, 0x0, 0x0, 0x1f, 0xf0,
    0x0, 0xaf, 0x70, 0x0, 0x8, 0xf9, 0x0, 0x0,
    0x0, 0x1, 0xff, 0x0, 0xb, 0xf6, 0x0, 0x3,
    0xfd, 0x0, 0x0, 0x0, 0x0, 0xf, 0xf2, 0x0,
    0xdf, 0x40, 0x0, 0xdf, 0x30, 0x0, 0x0, 0x0,
    0x0, 0xaf, 0xa1, 0x6f, 0xf0, 0x0, 0x9f, 0x80,
    0x0, 0x0, 0x0, 0x0, 0x2, 0xef, 0xff, 0xf6,
    0x0, 0x5f, 0xc0, 0x0, 0x5c, 0xfe, 0xa2, 0x0,
    0x1, 0x7a, 0x93, 0x0, 0x1e, 0xf2, 0x0, 0x5f,
    0xfb, 0xdf, 0xd0, 0x0, 0x0, 0x0, 0x0, 0xb,
    0xf6, 0x0, 0x1, 0x31, 0x0, 0xff, 0x0, 0x0,
    0x0, 0x0, 0x7, 0xfa, 0x0, 0x0, 0x0, 0x28,
    0xbf, 0x90, 0x0, 0x0, 0x0, 0x2, 0xfe, 0x10,
    0x0, 0x0, 0x4, 0xff, 0xd6, 0x0, 0x0, 0x0,
    0x0, 0xdf, 0x40, 0x0, 0x0, 0x0, 0x0, 0x2e,
    0xf4, 0x0, 0x0, 0x0, 0x9f, 0x80, 0x0, 0x0,
    0x2, 0x31, 0x0, 0xbf, 0x70, 0x0, 0x0, 0x4f,
    0xd0, 0x0, 0x0, 0x0, 0x7f, 0xea, 0xbf, 0xf2,
    0x0, 0x0, 0x1e, 0xf2, 0x0, 0x0, 0x0, 0x0,
    0x7d, 0xfe, 0xb3, 0x0,

    /* U+2190 "←" */
    0x0, 0x0, 0x0, 0x1, 0x70, 0x0, 0x0, 0x0,
    0x0, 0x0, 0x0, 0x0, 0x1d, 0xf8, 0x0, 0x0,
    0x0, 0x0, 0x0, 0x0, 0x1, 0xdf, 0xe3, 0x0,
    0x0, 0x0, 0x0, 0x0, 0x0, 0x1d, 0xfe, 0x30,
    0x0, 0x0, 0x0, 0x0, 0x0, 0x1, 0xdf, 0xe2,
    0x0, 0x0, 0x0, 0x0, 0x0, 0x0, 0x1d, 0xfd,
    0x20, 0x0, 0x0, 0x0, 0x0, 0x0, 0x1, 0xdf,
    0xb1, 0x0, 0x0, 0x0, 0x0, 0x0, 0x0, 0x1d,
    0xff, 0xce, 0xff, 0xff, 0xff, 0xff, 0xff, 0xfd,
    0x4f, 0xff, 0xff, 0xff, 0xff, 0xff, 0xff, 0xff,
    0xfe, 0x4, 0xff, 0x73, 0x44, 0x44, 0x44, 0x44,
    0x44, 0x43, 0x0, 0x4f, 0xf9, 0x0, 0x0, 0x0,
    0x0, 0x0, 0x0, 0x0, 0x4, 0xff, 0xb0, 0x0,
    0x0, 0x0, 0x0, 0x0, 0x0, 0x0, 0x4f, 0xfc,
    0x0, 0x0, 0x0, 0x0, 0x0, 0x0, 0x0, 0x4,
    0xff, 0xc0, 0x0, 0x0, 0x0, 0x0, 0x0, 0x0,
    0x0, 0x4f, 0xf9, 0x0, 0x0, 0x0, 0x0, 0x0,
    0x0, 0x0, 0x4, 0xc1, 0x0, 0x0, 0x0, 0x0,
    0x0, 0x0, 0x0, 0x0, 0x0, 0x0, 0x0, 0x0,
    0x0,

    /* U+2191 "↑" */
    0x0, 0x0, 0x0, 0x2, 0x60, 0x0, 0x0, 0x0,
    0x0, 0x0, 0x0, 0x2, 0xef, 0x70, 0x0, 0x0,
    0x0, 0x0, 0x0, 0x2, 0xef, 0xff, 0x70, 0x0,
    0x0, 0x0, 0x0, 0x2, 0xef, 0xef, 0xef, 0x70,
    0x0, 0x0, 0x0, 0x2, 0xef, 0xab, 0xf6, 0xff,
    0x70, 0x0, 0x0, 0x2, 0xef, 0xc0, 0xdf, 0x47,
    0xff, 0x70, 0x0, 0x2, 0xef, 0xe1, 0xe, 0xf5,
    0x8, 0xff, 0x70, 0x2, 0xef, 0xe2, 0x0, 0xef,
    0x50, 0x9, 0xff, 0x70, 0x5f, 0xe2, 0x0, 0xe,
    0xf5, 0x0, 0xa, 0xfc, 0x0, 0x52, 0x0, 0x0,
    0xef, 0x50, 0x0, 0x7, 0x0, 0x0, 0x0, 0x0,
    0xe, 0xf5, 0x0, 0x0, 0x0, 0x0, 0x0, 0x0,
    0x0, 0xef, 0x50, 0x0, 0x0, 0x0, 0x0, 0x0,
    0x0, 0xe, 0xf5, 0x0, 0x0, 0x0, 0x0, 0x0,
    0x0, 0x0, 0xef, 0x50, 0x0, 0x0, 0x0, 0x0,
    0x0, 0x0, 0xe, 0xf5, 0x0, 0x0, 0x0, 0x0,
    0x0, 0x0, 0x0, 0xef, 0x50, 0x0, 0x0, 0x0,
    0x0, 0x0, 0x0, 0xe, 0xf5, 0x0, 0x0, 0x0,
    0x0, 0x0, 0x0, 0x0, 0xef, 0x50, 0x0, 0x0,
    0x0,

    /* U+2192 "→" */
    0x0, 0x0, 0x0, 0x0, 0x8, 0x10, 0x0, 0x0,
    0x0, 0x0, 0x0, 0x0, 0x0, 0xaf, 0xc1, 0x0,
    0x0, 0x0, 0x0, 0x0, 0x0, 0x0, 0x4f, 0xfc,
    0x10, 0x0, 0x0, 0x0, 0x0, 0x0, 0x0, 0x4,
    0xff, 0xc1, 0x0, 0x0, 0x0, 0x0, 0x0, 0x0,
    0x0, 0x3f, 0xfc, 0x10, 0x0, 0x0, 0x0, 0x0,
    0x0, 0x0, 0x3, 0xef, 0xc1, 0x0, 0x0, 0x0,
    0x0, 0x0, 0x0, 0x0, 0x1c, 0xfc, 0x10, 0xff,
    0xff, 0xff, 0xff, 0xff, 0xff, 0xdc, 0xff, 0xc1,
    0xff, 0xff, 0xff, 0xff, 0xff, 0xff, 0xff, 0xff,
    0xf3, 0x44, 0x44, 0x44, 0x44, 0x44, 0x44, 0x38,
    0xff, 0x30, 0x0, 0x0, 0x0, 0x0, 0x0, 0x0,
    0xaf, 0xf3, 0x0, 0x0, 0x0, 0x0, 0x0, 0x0,
    0x1c, 0xff, 0x30, 0x0, 0x0, 0x0, 0x0, 0x0,
    0x1, 0xdf, 0xf3, 0x0, 0x0, 0x0, 0x0, 0x0,
    0x0, 0x1d, 0xff, 0x30, 0x0, 0x0, 0x0, 0x0,
    0x0, 0x0, 0xbf, 0xf3, 0x0, 0x0, 0x0, 0x0,
    0x0, 0x0, 0x0, 0x1d, 0x30, 0x0, 0x0, 0x0,
    0x0, 0x0, 0x0, 0x0, 0x0, 0x0, 0x0, 0x0,
    0x0,

    /* U+2193 "↓" */
    0x0, 0x0, 0x0, 0x6, 0x72, 0x0, 0x0, 0x0,
    0x0, 0x0, 0x0, 0x0, 0xef, 0x50, 0x0, 0x0,
    0x0, 0x0, 0x0, 0x0, 0xe, 0xf5, 0x0, 0x0,
    0x0, 0x0, 0x0, 0x0, 0x0, 0xef, 0x50, 0x0,
    0x0, 0x0, 0x0, 0x0, 0x0, 0xe, 0xf5, 0x0,
    0x0, 0x0, 0x0, 0x0, 0x0, 0x0, 0xef, 0x50,
    0x0, 0x0, 0x0, 0x0, 0x0, 0x0, 0xe, 0xf5,
    0x0, 0x0, 0x0, 0x0, 0x0, 0x0, 0x0, 0xef,
    0x50, 0x0, 0x0, 0x0, 0x0, 0x0, 0x0, 0xe,
    0xf5, 0x0, 0x0, 0x0, 0x0, 0xc7, 0x0, 0x0,
    0xef, 0x50, 0x0, 0x2e, 0x40, 0x7f, 0xf7, 0x0,
    0xe, 0xf5, 0x0, 0x2e, 0xfd, 0x0, 0x9f, 0xf7,
    0x0, 0xef, 0x50, 0x2e, 0xfe, 0x10, 0x0, 0x9f,
    0xf5, 0xe, 0xf4, 0x1e, 0xfe, 0x10, 0x0, 0x0,
    0x9f, 0xf3, 0xdf, 0x4c, 0xfe, 0x10, 0x0, 0x0,
    0x0, 0x9f, 0xec, 0xfb, 0xfe, 0x10, 0x0, 0x0,
    0x0, 0x0, 0x9f, 0xff, 0xfe, 0x10, 0x0, 0x0,
    0x0, 0x0, 0x0, 0x9f, 0xfe, 0x10, 0x0, 0x0,
    0x0, 0x0, 0x0, 0x0, 0x9e, 0x10, 0x0, 0x0,
    0x0, 0x0, 0x0, 0x0, 0x0, 0x10, 0x0, 0x0,
    0x0, 0x0,

    /* U+2194 "↔" */
    0x0, 0x0, 0x0, 0x1, 0x30, 0x0, 0x0, 0x0,
    0x0, 0x1, 0x30, 0x0, 0x0, 0x0, 0x0, 0x0,
    0x0, 0x1d, 0xf3, 0x0, 0x0, 0x0, 0x0, 0x1e,
    0xf3, 0x0, 0x0, 0x0, 0x0, 0x0, 0x1, 0xdf,
    0xe3, 0x0, 0x0, 0x0, 0x0, 0x1d, 0xff, 0x30,
    0x0, 0x0, 0x0, 0x0, 0x1d, 0xfe, 0x30, 0x0,
    0x0, 0x0, 0x0, 0x1, 0xdf, 0xf3, 0x0, 0x0,
    0x0, 0x1, 0xdf, 0xe2, 0x0, 0x0, 0x0, 0x0,
    0x0, 0x0, 0x1d, 0xff, 0x30, 0x0, 0x0, 0x1d,
    0xfd, 0x20, 0x0, 0x0, 0x0, 0x0, 0x0, 0x0,
    0x1, 0xcf, 0xf3, 0x0, 0x1, 0xdf, 0xb1, 0x0,
    0x0, 0x0, 0x0, 0x0, 0x0, 0x0, 0x0, 0x9,
    0xff, 0x30, 0x1d, 0xff, 0xce, 0xff, 0xff, 0xff,
    0xff, 0xff, 0xff, 0xff, 0xff, 0xec, 0xef, 0xf3,
    0x4f, 0xff, 0xff, 0xff, 0xff, 0xff, 0xff, 0xff,
    0xff, 0xff, 0xff, 0xff, 0xff, 0xf7, 0x4, 0xff,
    0x73, 0x44, 0x44, 0x44, 0x44, 0x44, 0x44, 0x44,
    0x44, 0x36, 0xef, 0x70, 0x0, 0x4f, 0xf9, 0x0,
    0x0, 0x0, 0x0, 0x0, 0x0, 0x0, 0x0, 0x7f,
    0xf7, 0x0, 0x0, 0x4, 0xff, 0xb0, 0x0, 0x0,
    0x0, 0x0, 0x0, 0x0, 0x9, 0xff, 0x70, 0x0,
    0x0, 0x0, 0x4f, 0xfc, 0x0, 0x0, 0x0, 0x0,
    0x0, 0x0, 0x9f, 0xf7, 0x0, 0x0, 0x0, 0x0,
    0x4, 0xff, 0xc0, 0x0, 0x0, 0x0, 0x0, 0x9,
    0xff, 0x70, 0x0, 0x0, 0x0, 0x0, 0x0, 0x4f,
    0xf6, 0x0, 0x0, 0x0, 0x0, 0x3f, 0xf7, 0x0,
    0x0, 0x0, 0x0, 0x0, 0x0, 0x4, 0x70, 0x0,
    0x0, 0x0, 0x0, 0x5, 0x70, 0x0, 0x0, 0x0,

    /* U+2195 "↕" */
    0x0, 0x0, 0x0, 0x0, 0x10, 0x0, 0x0, 0x0,
    0x0, 0x0, 0x0, 0xb, 0xd1, 0x0, 0x0, 0x0,
    0x0, 0x0, 0x0, 0xbf, 0xfd, 0x10, 0x0, 0x0,
    0x0, 0x0, 0xb, 0xff, 0xff, 0xd1, 0x0, 0x0,
    0x0, 0x0, 0xbf, 0xdd, 0xfa, 0xfd, 0x10, 0x0,
    0x0, 0xb, 0xfe, 0x2e, 0xf2, 0xdf, 0xd1, 0x0,
    0x0, 0xbf, 0xf4, 0xf, 0xf3, 0x2e, 0xfd, 0x10,
    0xb, 0xff, 0x50, 0xf, 0xf3, 0x2, 0xef, 0xd1,
    0x5f, 0xf5, 0x0, 0xf, 0xf3, 0x0, 0x3e, 0xf9,
    0x7, 0x50, 0x0, 0xf, 0xf3, 0x0, 0x3, 0xa0,
    0x0, 0x0, 0x0, 0xf, 0xf3, 0x0, 0x0, 0x0,
    0x0, 0x0, 0x0, 0xf, 0xf3, 0x0, 0x0, 0x0,
    0x0, 0x0, 0x0, 0xf, 0xf3, 0x0, 0x0, 0x0,
    0x0, 0x0, 0x0, 0xf, 0xf3, 0x0, 0x0, 0x0,
    0x0, 0x0, 0x0, 0xf, 0xf3, 0x0, 0x0, 0x0,
    0x0, 0x0, 0x0, 0xf, 0xf3, 0x0, 0x0, 0x0,
    0x0, 0x0, 0x0, 0xf, 0xf3, 0x0, 0x0, 0x0,
    0x0, 0x0, 0x0, 0xf, 0xf3, 0x0, 0x0, 0x0,
    0x0, 0x0, 0x0, 0xf, 0xf3, 0x0, 0x0, 0x0,
    0xb, 0x90, 0x0, 0xf, 0xf3, 0x0, 0x6, 0xd1,
    0x5f, 0xf9, 0x0, 0xf, 0xf3, 0x0, 0x6f, 0xf9,
    0x7, 0xff, 0x90, 0xf, 0xf3, 0x6, 0xff, 0xa0,
    0x0, 0x7f, 0xf7, 0xf, 0xf2, 0x4f, 0xfa, 0x0,
    0x0, 0x7, 0xff, 0x4e, 0xf3, 0xff, 0xa0, 0x0,
    0x0, 0x0, 0x7f, 0xfd, 0xfd, 0xfa, 0x0, 0x0,
    0x0, 0x0, 0x7, 0xff, 0xff, 0xa0, 0x0, 0x0,
    0x0, 0x0, 0x0, 0x7f, 0xfa, 0x0, 0x0, 0x0,
    0x0, 0x0, 0x0, 0x7, 0xa0, 0x0, 0x0, 0x0,
    0x0, 0x0, 0x0, 0x0, 0x0, 0x0, 0x0, 0x0,

    /* U+2196 "↖" */
    0x1, 0x11, 0x11, 0x11, 0x11, 0x11, 0x0, 0x1,
    0xff, 0xff, 0xff, 0xff, 0xff, 0xf2, 0x0, 0x1f,
    0xff, 0xef, 0xff, 0xff, 0xff, 0x20, 0x1, 0xff,
    0xfc, 0x20, 0x11, 0x22, 0x20, 0x0, 0x1f, 0xec,
    0xfe, 0x20, 0x0, 0x0, 0x0, 0x1, 0xff, 0x1e,
    0xfe, 0x20, 0x0, 0x0, 0x0, 0x1f, 0xf0, 0x2e,
    0xfe, 0x20, 0x0, 0x0, 0x1, 0xff, 0x10, 0x2e,
    0xfe, 0x20, 0x0, 0x0, 0x1f, 0xf2, 0x0, 0x2e,
    0xfe, 0x20, 0x0, 0x1, 0xff, 0x20, 0x0, 0x2e,
    0xfe, 0x20, 0x0, 0x1f, 0xf2, 0x0, 0x0, 0x2e,
    0xfe, 0x20, 0x1, 0xff, 0x20, 0x0, 0x0, 0x2e,
    0xfe, 0x20, 0x1, 0x10, 0x0, 0x0, 0x0, 0x2e,
    0xfc, 0x0, 0x0, 0x0, 0x0, 0x0, 0x0, 0x2c,
    0x20, 0x0, 0x0, 0x0, 0x0, 0x0, 0x0, 0x0,
    0x0,

    /* U+2197 "↗" */
    0x0, 0x1, 0x11, 0x11, 0x11, 0x11, 0x11, 0x0,
    0x4f, 0xff, 0xff, 0xff, 0xff, 0xfe, 0x0, 0x4f,
    0xff, 0xff, 0xff, 0xef, 0xfe, 0x0, 0x2, 0x22,
    0x11, 0x3, 0xdf, 0xfe, 0x0, 0x0, 0x0, 0x0,
    0x4f, 0xfa, 0xfe, 0x0, 0x0, 0x0, 0x4, 0xff,
    0xc2, 0xfe, 0x0, 0x0, 0x0, 0x4f, 0xfd, 0x13,
    0xfe, 0x0, 0x0, 0x4, 0xff, 0xd1, 0x4, 0xfe,
    0x0, 0x0, 0x4f, 0xfd, 0x10, 0x4, 0xfe, 0x0,
    0x4, 0xff, 0xd1, 0x0, 0x4, 0xfe, 0x0, 0x4f,
    0xfd, 0x10, 0x0, 0x4, 0xfe, 0x4, 0xff, 0xd1,
    0x0, 0x0, 0x4, 0xfe, 0xe, 0xfd, 0x10, 0x0,
    0x0, 0x0, 0x11, 0x3, 0xc1, 0x0, 0x0, 0x0,
    0x0, 0x0, 0x0, 0x0, 0x0, 0x0, 0x0, 0x0,
    0x0,

    /* U+2198 "↘" */
    0x0, 0x0, 0x0, 0x0, 0x0, 0x0, 0x0, 0x4,
    0xd2, 0x0, 0x0, 0x0, 0x0, 0x0, 0xe, 0xfe,
    0x20, 0x0, 0x0, 0x1, 0x33, 0x3, 0xef, 0xe2,
    0x0, 0x0, 0x4, 0xfe, 0x0, 0x3e, 0xfe, 0x20,
    0x0, 0x4, 0xfe, 0x0, 0x3, 0xef, 0xe2, 0x0,
    0x4, 0xfe, 0x0, 0x0, 0x3e, 0xfe, 0x20, 0x4,
    0xfe, 0x0, 0x0, 0x3, 0xef, 0xe2, 0x4, 0xfe,
    0x0, 0x0, 0x0, 0x3e, 0xfe, 0x13, 0xfe, 0x0,
    0x0, 0x0, 0x3, 0xef, 0xd2, 0xfe, 0x0, 0x0,
    0x0, 0x0, 0x3e, 0xfb, 0xfe, 0x0, 0x13, 0x33,
    0x32, 0x22, 0xcf, 0xfe, 0x0, 0x4f, 0xff, 0xff,
    0xff, 0xff, 0xfe, 0x0, 0x4f, 0xff, 0xff, 0xff,
    0xff, 0xfe,

    /* U+2199 "↙" */
    0x0, 0x0, 0x0, 0x0, 0x0, 0x0, 0x0, 0x0,
    0x0, 0x0, 0x0, 0x0, 0x0, 0x3d, 0x30, 0x3,
    0x30, 0x0, 0x0, 0x0, 0x3f, 0xfc, 0x1, 0xff,
    0x20, 0x0, 0x0, 0x3f, 0xfd, 0x10, 0x1f, 0xf2,
    0x0, 0x0, 0x3f, 0xfd, 0x10, 0x1, 0xff, 0x20,
    0x0, 0x3f, 0xfd, 0x10, 0x0, 0x1f, 0xf2, 0x0,
    0x3f, 0xfd, 0x10, 0x0, 0x1, 0xff, 0x10, 0x3e,
    0xfd, 0x10, 0x0, 0x0, 0x1f, 0xf0, 0x3e, 0xfd,
    0x10, 0x0, 0x0, 0x1, 0xff, 0x2e, 0xfd, 0x10,
    0x0, 0x0, 0x0, 0x1f, 0xed, 0xfd, 0x10, 0x0,
    0x0, 0x0, 0x1, 0xff, 0xfb, 0x12, 0x23, 0x33,
    0x30, 0x0, 0x1f, 0xff, 0xff, 0xff, 0xff, 0xff,
    0x20, 0x1, 0xff, 0xff, 0xff, 0xff, 0xff, 0xf2,
    0x0,

    /* U+21A9 "↩" */
    0x0, 0x0, 0x0, 0x0, 0x0, 0x0, 0x0, 0x0,
    0x6f, 0xea, 0x30, 0x0, 0x0, 0x0, 0x0, 0x0,
    0x0, 0x0, 0x0, 0x0, 0x6f, 0xff, 0xf8, 0x0,
    0x0, 0x0, 0x0, 0x0, 0x40, 0x0, 0x0, 0x0,
    0x13, 0x6c, 0xff, 0x60, 0x0, 0x0, 0x0, 0xc,
    0xf6, 0x0, 0x0, 0x0, 0x0, 0x0, 0xbf, 0xe0,
    0x0, 0x0, 0x0, 0xcf, 0xf4, 0x0, 0x0, 0x0,
    0x0, 0x0, 0x2f, 0xf3, 0x0, 0x0, 0x1c, 0xff,
    0x40, 0x0, 0x0, 0x0, 0x0, 0x0, 0xf, 0xf5,
    0x0, 0x1, 0xcf, 0xf3, 0x0, 0x0, 0x0, 0x0,
    0x0, 0x0, 0x1f, 0xf4, 0x0, 0x1d, 0xfe, 0x20,
    0x0, 0x0, 0x0, 0x0, 0x0, 0x0, 0x8f, 0xf1,
    0x1, 0xdf, 0xb1, 0x0, 0x0, 0x0, 0x0, 0x0,
    0x0, 0x18, 0xff, 0x90, 0x1d, 0xff, 0xce, 0xff,
    0xff, 0xff, 0xff, 0xff, 0xff, 0xff, 0xfc, 0x0,
    0x4f, 0xff, 0xff, 0xff, 0xff, 0xff, 0xff, 0xff,
    0xff, 0xfe, 0x70, 0x0, 0x4, 0xff, 0x73, 0x44,
    0x44, 0x44, 0x44, 0x44, 0x44, 0x20, 0x0, 0x0,
    0x0, 0x4f, 0xf9, 0x0, 0x0, 0x0, 0x0, 0x0,
    0x0, 0x0, 0x0, 0x0, 0x0, 0x4, 0xff, 0xb0,
    0x0, 0x0, 0x0, 0x0, 0x0, 0x0, 0x0, 0x0,
    0x0, 0x0, 0x4f, 0xfc, 0x0, 0x0, 0x0, 0x0,
    0x0, 0x0, 0x0, 0x0, 0x0, 0x0, 0x4, 0xff,
    0xc0, 0x0, 0x0, 0x0, 0x0, 0x0, 0x0, 0x0,
    0x0, 0x0, 0x0, 0x4f, 0xf9, 0x0, 0x0, 0x0,
    0x0, 0x0, 0x0, 0x0, 0x0, 0x0, 0x0, 0x4,
    0xc1, 0x0, 0x0, 0x0, 0x0, 0x0, 0x0, 0x0,
    0x0, 0x0, 0x0, 0x0, 0x0, 0x0, 0x0, 0x0,
    0x0, 0x0, 0x0, 0x0,

    /* U+21AA "↪" */
    0x0, 0x6, 0xce, 0xf0, 0x0, 0x0, 0x0, 0x0,
    0x0, 0x0, 0x0, 0x0, 0x1, 0xcf, 0xff, 0xf0,
    0x0, 0x0, 0x0, 0x0, 0x0, 0x0, 0x0, 0x0,
    0xc, 0xff, 0x94, 0x30, 0x0, 0x0, 0x0, 0x4,
    0x0, 0x0, 0x0, 0x0, 0x5f, 0xf5, 0x0, 0x0,
    0x0, 0x0, 0x0, 0xcf, 0x60, 0x0, 0x0, 0x0,
    0xaf, 0xc0, 0x0, 0x0, 0x0, 0x0, 0x0, 0xaf,
    0xf6, 0x0, 0x0, 0x0, 0xcf, 0x90, 0x0, 0x0,
    0x0, 0x0, 0x0, 0xa, 0xff, 0x60, 0x0, 0x0,
    0xbf, 0xa0, 0x0, 0x0, 0x0, 0x0, 0x0, 0x0,
    0x9f, 0xf7, 0x0, 0x0, 0x7f, 0xf2, 0x0, 0x0,
    0x0, 0x0, 0x0, 0x0, 0x7, 0xff, 0x70, 0x0,
    0x1e, 0xfe, 0x50, 0x0, 0x0, 0x0, 0x0, 0x0,
    0x0, 0x4e, 0xf8, 0x0, 0x4, 0xff, 0xff, 0xff,
    0xff, 0xff, 0xff, 0xff, 0xfe, 0xdd, 0xff, 0x80,
    0x0, 0x2b, 0xff, 0xff, 0xff, 0xff, 0xff, 0xff,
    0xff, 0xff, 0xff, 0xc0, 0x0, 0x0, 0x13, 0x44,
    0x44, 0x44, 0x44, 0x44, 0x43, 0x3c, 0xfc, 0x10,
    0x0, 0x0, 0x0, 0x0, 0x0, 0x0, 0x0, 0x0,
    0x2, 0xdf, 0xc1, 0x0, 0x0, 0x0, 0x0, 0x0,
    0x0, 0x0, 0x0, 0x0, 0x4f, 0xfc, 0x10, 0x0,
    0x0, 0x0, 0x0, 0x0, 0x0, 0x0, 0x0, 0x4,
    0xff, 0xc1, 0x0, 0x0, 0x0, 0x0, 0x0, 0x0,
    0x0, 0x0, 0x0, 0x4f, 0xfc, 0x10, 0x0, 0x0,
    0x0, 0x0, 0x0, 0x0, 0x0, 0x0, 0x1, 0xff,
    0xc1, 0x0, 0x0, 0x0, 0x0, 0x0, 0x0, 0x0,
    0x0, 0x0, 0x0, 0x5c, 0x10, 0x0, 0x0, 0x0,
    0x0, 0x0, 0x0, 0x0, 0x0, 0x0, 0x0, 0x0,
    0x0, 0x0, 0x0, 0x0,

    /* U+21B0 "↰" */
    0x0, 0x0, 0x0, 0x0, 0x0, 0x0, 0x0, 0x0,
    0x0, 0x0, 0x0, 0x0, 0x37, 0x0, 0x0, 0x0,
    0x0, 0x0, 0x0, 0x0, 0x0, 0x3, 0xf8, 0x0,
    0x0, 0x0, 0x0, 0x0, 0x0, 0x0, 0x0, 0x3f,
    0xf8, 0x0, 0x0, 0x0, 0x0, 0x0, 0x0, 0x0,
    0x3, 0xff, 0xf8, 0x0, 0x0, 0x0, 0x0, 0x0,
    0x0, 0x0, 0x3f, 0xff, 0xff, 0xff, 0xff, 0xff,
    0xff, 0xff, 0xff, 0xf4, 0x7f, 0xff, 0xff, 0xff,
    0xff, 0xff, 0xff, 0xff, 0xff, 0xf4, 0x7, 0xff,
    0xfa, 0x44, 0x44, 0x44, 0x44, 0x44, 0x4f, 0xf4,
    0x0, 0x7f, 0xf8, 0x0, 0x0, 0x0, 0x0, 0x0,
    0xe, 0xf4, 0x0, 0x7, 0xf8, 0x0, 0x0, 0x0,
    0x0, 0x0, 0xe, 0xf4, 0x0, 0x0, 0x77, 0x0,
    0x0, 0x0, 0x0, 0x0, 0xe, 0xf4, 0x0, 0x0,
    0x1, 0x0, 0x0, 0x0, 0x0, 0x0, 0xe, 0xf4,
    0x0, 0x0, 0x0, 0x0, 0x0, 0x0, 0x0, 0x0,
    0xe, 0xf4, 0x0, 0x0, 0x0, 0x0, 0x0, 0x0,
    0x0, 0x0, 0xe, 0xf4, 0x0, 0x0, 0x0, 0x0,
    0x0, 0x0, 0x0, 0x0, 0xe, 0xf4, 0x0, 0x0,
    0x0, 0x0, 0x0, 0x0, 0x0, 0x0, 0xe, 0xf4,
    0x0, 0x0, 0x0, 0x0, 0x0, 0x0, 0x0, 0x0,
    0xe, 0xf4, 0x0, 0x0, 0x0, 0x0, 0x0, 0x0,
    0x0, 0x0, 0xe, 0xf4, 0x0, 0x0, 0x0, 0x0,
    0x0, 0x0, 0x0, 0x0, 0xc, 0xd3,

    /* U+21B1 "↱" */
    0x0, 0x0, 0x0, 0x0, 0x0, 0x0, 0x0, 0x0,
    0x0, 0x0, 0x0, 0x0, 0x0, 0x0, 0x0, 0x0,
    0x0, 0x90, 0x0, 0x0, 0x0, 0x0, 0x0, 0x0,
    0x0, 0x0, 0x0, 0xfa, 0x0, 0x0, 0x0, 0x0,
    0x0, 0x0, 0x0, 0x0, 0x0, 0xff, 0xa0, 0x0,
    0x0, 0x0, 0x0, 0x0, 0x0, 0x0, 0x0, 0xff,
    0xfa, 0x0, 0xcf, 0xff, 0xff, 0xff, 0xff, 0xff,
    0xff, 0xff, 0xff, 0xa0, 0xdf, 0xff, 0xff, 0xff,
    0xff, 0xff, 0xff, 0xff, 0xff, 0xd1, 0xdf, 0x84,
    0x44, 0x44, 0x44, 0x44, 0x44, 0xff, 0xfd, 0x10,
    0xdf, 0x50, 0x0, 0x0, 0x0, 0x0, 0x0, 0xff,
    0xd1, 0x0, 0xdf, 0x50, 0x0, 0x0, 0x0, 0x0,
    0x0, 0xfd, 0x10, 0x0, 0xdf, 0x50, 0x0, 0x0,
    0x0, 0x0, 0x0, 0xd1, 0x0, 0x0, 0xdf, 0x50,
    0x0, 0x0, 0x0, 0x0, 0x0, 0x10, 0x0, 0x0,
    0xdf, 0x50, 0x0, 0x0, 0x0, 0x0, 0x0, 0x0,
    0x0, 0x0, 0xdf, 0x50, 0x0, 0x0, 0x0, 0x0,
    0x0, 0x0, 0x0, 0x0, 0xdf, 0x50, 0x0, 0x0,
    0x0, 0x0, 0x0, 0x0, 0x0, 0x0, 0xdf, 0x50,
    0x0, 0x0, 0x0, 0x0, 0x0, 0x0, 0x0, 0x0,
    0xdf, 0x50, 0x0, 0x0, 0x0, 0x0, 0x0, 0x0,
    0x0, 0x0, 0xdf, 0x50, 0x0, 0x0, 0x0, 0x0,
    0x0, 0x0, 0x0, 0x0, 0xad, 0x40, 0x0, 0x0,
    0x0, 0x0, 0x0, 0x0, 0x0, 0x0,

    /* U+21B3 "↳" */
    0x9b, 0x30, 0x0, 0x0, 0x0, 0x0, 0x0, 0x0,
    0x0, 0x0, 0xdf, 0x50, 0x0, 0x0, 0x0, 0x0,
    0x0, 0x0, 0x0, 0x0, 0xdf, 0x50, 0x0, 0x0,
    0x0, 0x0, 0x0, 0x0, 0x0, 0x0, 0xdf, 0x50,
    0x0, 0x0, 0x0, 0x0, 0x0, 0x0, 0x0, 0x0,
    0xdf, 0x50, 0x0, 0x0, 0x0, 0x0, 0x0, 0x0,
    0x0, 0x0, 0xdf, 0x50, 0x0, 0x0, 0x0, 0x0,
    0x0, 0xa0, 0x0, 0x0, 0xdf, 0x50, 0x0, 0x0,
    0x0, 0x0, 0x0, 0xfa, 0x0, 0x0, 0xdf, 0x50,
    0x0, 0x0, 0x0, 0x0, 0x0, 0xff, 0xa0, 0x0,
    0xdf, 0x50, 0x0, 0x0, 0x0, 0x0, 0x0, 0xff,
    0xfa, 0x0, 0xdf, 0xff, 0xff, 0xff, 0xff, 0xff,
    0xff, 0xff, 0xff, 0xa0, 0xdf, 0xff, 0xff, 0xff,
    0xff, 0xff, 0xff, 0xff, 0xff, 0xd1, 0x33, 0x33,
    0x33, 0x33, 0x33, 0x33, 0x34, 0xff, 0xfd, 0x10,
    0x0, 0x0, 0x0, 0x0, 0x0, 0x0, 0x0, 0xff,
    0xd1, 0x0, 0x0, 0x0, 0x0, 0x0, 0x0, 0x0,
    0x0, 0xfd, 0x10, 0x0, 0x0, 0x0, 0x0, 0x0,
    0x0, 0x0, 0x0, 0xd1, 0x0, 0x0, 0x0, 0x0,
    0x0, 0x0, 0x0, 0x0, 0x0, 0x10, 0x0, 0x0,

    /* U+21B4 "↴" */
    0x24, 0x44, 0x44, 0x44, 0x44, 0x43, 0x0, 0x0,
    0x9, 0xff, 0xff, 0xff, 0xff, 0xff, 0xf0, 0x0,
    0x0, 0x9f, 0xff, 0xff, 0xff, 0xff, 0xff, 0x0,
    0x0, 0x0, 0x0, 0x0, 0x0, 0x0, 0x4f, 0xf0,
    0x0, 0x0, 0x0, 0x0, 0x0, 0x0, 0x4, 0xff,
    0x0, 0x0, 0x0, 0x0, 0x0, 0x0, 0x0, 0x4f,
    0xf0, 0x0, 0x0, 0x0, 0x0, 0x0, 0x0, 0x4,
    0xff, 0x0, 0x0, 0x0, 0x0, 0x0, 0x0, 0x0,
    0x4f, 0xf0, 0x0, 0x0, 0x0, 0x0, 0x0, 0x0,
    0x4, 0xff, 0x0, 0x0, 0x0, 0x0, 0x0, 0x0,
    0x0, 0x4f, 0xf0, 0x0, 0x0, 0x0, 0x0, 0x0,
    0x0, 0x4, 0xff, 0x0, 0x0, 0x0, 0x0, 0x0,
    0x0, 0x0, 0x4f, 0xf0, 0x0, 0x0, 0x0, 0x0,
    0x0, 0x0, 0x4, 0xff, 0x0, 0x0, 0x0, 0x0,
    0x0, 0x1c, 0xdd, 0xef, 0xfd, 0xdd, 0x90, 0x0,
    0x0, 0x0, 0x3e, 0xff, 0xff, 0xff, 0xc0, 0x0,
    0x0, 0x0, 0x0, 0x3f, 0xff, 0xff, 0xc0, 0x0,
    0x0, 0x0, 0x0, 0x0, 0x3f, 0xff, 0xc0, 0x0,
    0x0, 0x0, 0x0, 0x0, 0x0, 0x3f, 0xc0, 0x0,
    0x0, 0x0, 0x0, 0x0, 0x0, 0x0, 0x30, 0x0,
    0x0, 0x0,

    /* U+21B5 "↵" */
    0x0, 0x0, 0x0, 0x0, 0x0, 0x0, 0x0, 0x0,
    0xa, 0xb3, 0x0, 0x0, 0x0, 0x0, 0x0, 0x0,
    0x0, 0x0, 0xe, 0xf4, 0x0, 0x0, 0x0, 0x0,
    0x0, 0x0, 0x0, 0x0, 0xe, 0xf4, 0x0, 0x0,
    0x0, 0x0, 0x0, 0x0, 0x0, 0x0, 0xe, 0xf4,
    0x0, 0x0, 0x0, 0x0, 0x0, 0x0, 0x0, 0x0,
    0xe, 0xf4, 0x0, 0x0, 0x37, 0x0, 0x0, 0x0,
    0x0, 0x0, 0xe, 0xf4, 0x0, 0x3, 0xf8, 0x0,
    0x0, 0x0, 0x0, 0x0, 0xe, 0xf4, 0x0, 0x3f,
    0xf8, 0x0, 0x0, 0x0, 0x0, 0x0, 0xe, 0xf4,
    0x3, 0xff, 0xf8, 0x0, 0x0, 0x0, 0x0, 0x0,
    0xe, 0xf4, 0x3f, 0xff, 0xff, 0xff, 0xff, 0xff,
    0xff, 0xff, 0xff, 0xf4, 0x7f, 0xff, 0xff, 0xff,
    0xff, 0xff, 0xff, 0xff, 0xff, 0xf4, 0x7, 0xff,
    0xf9, 0x33, 0x33, 0x33, 0x33, 0x33, 0x33, 0x31,
    0x0, 0x7f, 0xf8, 0x0, 0x0, 0x0, 0x0, 0x0,
    0x0, 0x0, 0x0, 0x7, 0xf8, 0x0, 0x0, 0x0,
    0x0, 0x0, 0x0, 0x0, 0x0, 0x0, 0x77, 0x0,
    0x0, 0x0, 0x0, 0x0, 0x0, 0x0, 0x0, 0x0,
    0x1, 0x0, 0x0, 0x0, 0x0, 0x0, 0x0, 0x0,

    /* U+21BA "↺" */
    0x0, 0x0, 0x0, 0x0, 0x2, 0x0, 0x0, 0x0,
    0x0, 0x0, 0x0, 0x0, 0x0, 0x2, 0xd0, 0x0,
    0x0, 0x0, 0x0, 0x0, 0x0, 0x0, 0x2, 0xef,
    0x0, 0x0, 0x0, 0x0, 0x0, 0x0, 0x0, 0x2,
    0xef, 0xf0, 0x0, 0x0, 0x0, 0x0, 0x0, 0x0,
    0x2, 0xef, 0xff, 0x53, 0x0, 0x0, 0x0, 0x0,
    0x0, 0x2, 0xef, 0xff, 0xff, 0xfe, 0x70, 0x0,
    0x0, 0x0, 0x0, 0xb, 0xff, 0xff, 0xef, 0xff,
    0xc1, 0x0, 0x0, 0x0, 0x0, 0xb, 0xff, 0xf0,
    0x29, 0xff, 0xe1, 0x0, 0x0, 0x0, 0x0, 0xb,
    0xff, 0x0, 0x4, 0xff, 0xb0, 0x0, 0x0, 0x0,
    0x0, 0xb, 0xf0, 0x0, 0x5, 0xff, 0x40, 0x0,
    0x0, 0x0, 0x0, 0xa, 0x0, 0x0, 0xb, 0xfb,
    0x0, 0x0, 0x0, 0x0, 0x0, 0x0, 0x0, 0x0,
    0x5f, 0xf0, 0x0, 0x0, 0x0, 0x0, 0x0, 0x0,
    0x0, 0x2, 0xff, 0x12, 0xbb, 0x0, 0x0, 0x0,
    0x0, 0x0, 0x0, 0x1f, 0xf2, 0x2f, 0xf1, 0x0,
    0x0, 0x0, 0x0, 0x0, 0x2, 0xff, 0x10, 0xff,
    0x50, 0x0, 0x0, 0x0, 0x0, 0x0, 0x7f, 0xd0,
    0xa, 0xfd, 0x0, 0x0, 0x0, 0x0, 0x0, 0xe,
    0xf8, 0x0, 0x2f, 0xf9, 0x0, 0x0, 0x0, 0x0,
    0xa, 0xff, 0x10, 0x0, 0x8f, 0xf9, 0x0, 0x0,
    0x0, 0x1a, 0xff, 0x60, 0x0, 0x0, 0x9f, 0xfe,
    0x85, 0x45, 0x9f, 0xff, 0x80, 0x0, 0x0, 0x0,
    0x6f, 0xff, 0xff, 0xff, 0xfe, 0x50, 0x0, 0x0,
    0x0, 0x0, 0x17, 0xce, 0xfe, 0xb6, 0x0, 0x0,
    0x0,

    /* U+21BB "↻" */
    0x0, 0x0, 0x0, 0x0, 0x1, 0x0, 0x0, 0x0,
    0x0, 0x0, 0x0, 0x0, 0x0, 0x0, 0xd1, 0x0,
    0x0, 0x0, 0x0, 0x0, 0x0, 0x0, 0x0, 0xf,
    0xd1, 0x0, 0x0, 0x0, 0x0, 0x0, 0x0, 0x0,
    0x0, 0xff, 0xd1, 0x0, 0x0, 0x0, 0x0, 0x0,
    0x0, 0x3, 0x6f, 0xff, 0xd1, 0x0, 0x0, 0x0,
    0x0, 0x0, 0x7e, 0xff, 0xff, 0xff, 0xd1, 0x0,
    0x0, 0x0, 0x2, 0xdf, 0xff, 0xef, 0xff, 0xfa,
    0x0, 0x0, 0x0, 0x2, 0xef, 0xf8, 0x10, 0xff,
    0xf9, 0x0, 0x0, 0x0, 0x0, 0xdf, 0xe3, 0x0,
    0xf, 0xf9, 0x0, 0x0, 0x0, 0x0, 0x6f, 0xf3,
    0x0, 0x0, 0xf9, 0x0, 0x0, 0x0, 0x0, 0xc,
    0xf9, 0x0, 0x0, 0x9, 0x0, 0x0, 0x0, 0x0,
    0x1, 0xff, 0x30, 0x0, 0x0, 0x0, 0x0, 0x0,
    0x0, 0x0, 0x3f, 0xf0, 0x0, 0x0, 0x0, 0x0,
    0x0, 0x0, 0x0, 0x4, 0xff, 0x0, 0x0, 0x0,
    0x0, 0x0, 0x0, 0xb, 0xb1, 0x2f, 0xf1, 0x0,
    0x0, 0x0, 0x0, 0x0, 0x3, 0xff, 0x10, 0xff,
    0x50, 0x0, 0x0, 0x0, 0x0, 0x0, 0x7f, 0xd0,
    0xa, 0xfd, 0x0, 0x0, 0x0, 0x0, 0x0, 0xe,
    0xf8, 0x0, 0x2f, 0xf8, 0x0, 0x0, 0x0, 0x0,
    0xa, 0xff, 0x10, 0x0, 0x8f, 0xf9, 0x0, 0x0,
    0x0, 0x1a, 0xff, 0x60, 0x0, 0x0, 0x9f, 0xfe,
    0x85, 0x45, 0x9f, 0xff, 0x80, 0x0, 0x0, 0x0,
    0x6f, 0xff, 0xff, 0xff, 0xfe, 0x50, 0x0, 0x0,
    0x0, 0x0, 0x17, 0xce, 0xfe, 0xb6, 0x0, 0x0,
    0x0,

    /* U+21D0 "⇐" */
    0x0, 0x0, 0x0, 0x1, 0x70, 0x0, 0x0, 0x0,
    0x0, 0x0, 0x0, 0x0, 0x1c, 0xf8, 0x0, 0x0,
    0x0, 0x0, 0x0, 0x0, 0x1, 0xcf, 0xf4, 0x0,
    0x0, 0x0, 0x0, 0x0, 0x0, 0x1d, 0xff, 0x40,
    0x0, 0x0, 0x0, 0x0, 0x0, 0x1, 0xdf, 0xf4,
    0x0, 0x0, 0x0, 0x0, 0x0, 0x0, 0x1d, 0xff,
    0xff, 0xff, 0xff, 0xff, 0xff, 0xfd, 0x1, 0xdf,
    0xff, 0xff, 0xff, 0xff, 0xff, 0xff, 0xfe, 0x1d,
    0xff, 0x54, 0x44, 0x44, 0x44, 0x44, 0x44, 0x43,
    0x4f, 0xfc, 0x0, 0x0, 0x0, 0x0, 0x0, 0x0,
    0x0, 0x5, 0xff, 0xed, 0xdd, 0xdd, 0xdd, 0xdd,
    0xdd, 0xdc, 0x0, 0x5f, 0xff, 0xff, 0xff, 0xff,
    0xff, 0xff, 0xfe, 0x0, 0x5, 0xff, 0xf6, 0x66,
    0x66, 0x66, 0x66, 0x65, 0x0, 0x0, 0x5f, 0xfc,
    0x0, 0x0, 0x0, 0x0, 0x0, 0x0, 0x0, 0x5,
    0xff, 0xc0, 0x0, 0x0, 0x0, 0x0, 0x0, 0x0,
    0x0, 0x5f, 0xfa, 0x0, 0x0, 0x0, 0x0, 0x0,
    0x0, 0x0, 0x4, 0xd1, 0x0, 0x0, 0x0, 0x0,
    0x0, 0x0, 0x0, 0x0, 0x0, 0x0, 0x0, 0x0,
    0x0,

    /* U+21D2 "⇒" */
    0x0, 0x0, 0x0, 0x0, 0x7, 0x0, 0x0, 0x0,
    0x0, 0x0, 0x0, 0x0, 0x0, 0x9f, 0xc0, 0x0,
    0x0, 0x0, 0x0, 0x0, 0x0, 0x0, 0x5f, 0xfc,
    0x0, 0x0, 0x0, 0x0, 0x0, 0x0, 0x0, 0x5,
    0xff, 0xc0, 0x0, 0x0, 0x0, 0x0, 0x0, 0x0,
    0x0, 0x5f, 0xfc, 0x0, 0x0, 0xff, 0xff, 0xff,
    0xff, 0xff, 0xff, 0xff, 0xc0, 0x0, 0xff, 0xff,
    0xff, 0xff, 0xff, 0xff, 0xff, 0xfc, 0x0, 0x44,
    0x44, 0x44, 0x44, 0x44, 0x44, 0x46, 0xff, 0xc0,
    0x0, 0x0, 0x0, 0x0, 0x0, 0x0, 0x1, 0xdf,
    0xf3, 0xdd, 0xdd, 0xdd, 0xdd, 0xdd, 0xdd, 0xde,
    0xff, 0x40, 0xff, 0xff, 0xff, 0xff, 0xff, 0xff,
    0xff, 0xf4, 0x0, 0x66, 0x66, 0x66, 0x66, 0x66,
    0x7f, 0xff, 0x40, 0x0, 0x0, 0x0, 0x0, 0x0,
    0x1, 0xdf, 0xf4, 0x0, 0x0, 0x0, 0x0, 0x0,
    0x0, 0x1d, 0xff, 0x40, 0x0, 0x0, 0x0, 0x0,
    0x0, 0x0, 0xbf, 0xf4, 0x0, 0x0, 0x0, 0x0,
    0x0, 0x0, 0x0, 0x2d, 0x30, 0x0, 0x0, 0x0,
    0x0, 0x0, 0x0, 0x0, 0x0, 0x0, 0x0, 0x0,
    0x0,

    /* U+21D4 "⇔" */
    0x0, 0x0, 0x0, 0x1, 0x70, 0x0, 0x0, 0x0,
    0x0, 0x5, 0x20, 0x0, 0x0, 0x0, 0x0, 0x0,
    0x0, 0x1c, 0xf8, 0x0, 0x0, 0x0, 0x0, 0x5f,
    0xe2, 0x0, 0x0, 0x0, 0x0, 0x0, 0x1, 0xcf,
    0xf4, 0x0, 0x0, 0x0, 0x0, 0x2e, 0xfe, 0x20,
    0x0, 0x0, 0x0, 0x0, 0x1d, 0xff, 0x40, 0x0,
    0x0, 0x0, 0x0, 0x2, 0xef, 0xe2, 0x0, 0x0,
    0x0, 0x1, 0xdf, 0xf4, 0x0, 0x0, 0x0, 0x0,
    0x0, 0x0, 0x2e, 0xfe, 0x20, 0x0, 0x0, 0x1d,
    0xff, 0xff, 0xff, 0xff, 0xff, 0xff, 0xff, 0xff,
    0xff, 0xff, 0xe2, 0x0, 0x1, 0xdf, 0xff, 0xff,
    0xff, 0xff, 0xff, 0xff, 0xff, 0xff, 0xff, 0xff,
    0xfe, 0x20, 0x1d, 0xff, 0x54, 0x44, 0x44, 0x44,
    0x44, 0x44, 0x44, 0x44, 0x44, 0x44, 0xef, 0xe2,
    0x4f, 0xfc, 0x0, 0x0, 0x0, 0x0, 0x0, 0x0,
    0x0, 0x0, 0x0, 0x0, 0x9f, 0xf7, 0x5, 0xff,
    0xed, 0xdd, 0xdd, 0xdd, 0xdd, 0xdd, 0xdd, 0xdd,
    0xdd, 0xdd, 0xff, 0x80, 0x0, 0x5f, 0xff, 0xff,
    0xff, 0xff, 0xff, 0xff, 0xff, 0xff, 0xff, 0xff,
    0xf8, 0x0, 0x0, 0x5, 0xff, 0xf6, 0x66, 0x66,
    0x66, 0x66, 0x66, 0x66, 0x6d, 0xff, 0x70, 0x0,
    0x0, 0x0, 0x5f, 0xfc, 0x0, 0x0, 0x0, 0x0,
    0x0, 0x0, 0x9f, 0xf7, 0x0, 0x0, 0x0, 0x0,
    0x5, 0xff, 0xc0, 0x0, 0x0, 0x0, 0x0, 0x9,
    0xff, 0x70, 0x0, 0x0, 0x0, 0x0, 0x0, 0x5f,
    0xfa, 0x0, 0x0, 0x0, 0x0, 0x7f, 0xf7, 0x0,
    0x0, 0x0, 0x0, 0x0, 0x0, 0x4, 0xd1, 0x0,
    0x0, 0x0, 0x0, 0xc, 0x70, 0x0, 0x0, 0x0,
    0x0, 0x0, 0x0, 0x0, 0x0, 0x0, 0x0, 0x0,
    0x0, 0x0, 0x0, 0x0, 0x0, 0x0,

    /* U+21DE "⇞" */
    0x0, 0x0, 0x0, 0x0, 0x0, 0x0, 0x0, 0x0,
    0x7, 0xc1, 0x0, 0x0, 0x0, 0x0, 0x7f, 0xfc,
    0x10, 0x0, 0x0, 0x7, 0xff, 0xff, 0xc0, 0x0,
    0x0, 0x7f, 0xff, 0xff, 0xfc, 0x0, 0x7, 0xff,
    0xff, 0xff, 0xff, 0xc0, 0x2, 0x33, 0x3e, 0xf6,
    0x33, 0x31, 0x0, 0x0, 0xe, 0xf4, 0x0, 0x0,
    0x0, 0x0, 0xe, 0xf4, 0x0, 0x0, 0x0, 0xaf,
    0xff, 0xff, 0xff, 0x10, 0x0, 0xbf, 0xff, 0xff,
    0xff, 0x10, 0x0, 0x11, 0x1e, 0xf5, 0x11, 0x0,
    0x0, 0x0, 0xe, 0xf4, 0x0, 0x0, 0x0, 0xbf,
    0xff, 0xff, 0xff, 0x10, 0x0, 0xbf, 0xff, 0xff,
    0xff, 0x10, 0x0, 0x0, 0xe, 0xf5, 0x0, 0x0,
    0x0, 0x0, 0xe, 0xf4, 0x0, 0x0, 0x0, 0x0,
    0xe, 0xf4, 0x0, 0x0, 0x0, 0x0, 0xe, 0xf4,
    0x0, 0x0,

    /* U+21DF "⇟" */
    0x0, 0x0, 0xc, 0xd4, 0x0, 0x0, 0x0, 0x0,
    0xe, 0xf4, 0x0, 0x0, 0x0, 0x0, 0xe, 0xf4,
    0x0, 0x0, 0x0, 0x0, 0xe, 0xf4, 0x0, 0x0,
    0x0, 0xae, 0xef, 0xfe, 0xee, 0x10, 0x0, 0xbf,
    0xff, 0xff, 0xff, 0x10, 0x0, 0x12, 0x2e, 0xf6,
    0x22, 0x0, 0x0, 0x0, 0xe, 0xf4, 0x0, 0x0,
    0x0, 0xaf, 0xff, 0xff, 0xff, 0x10, 0x0, 0xbf,
    0xff, 0xff, 0xff, 0x10, 0x0, 0x11, 0x1e, 0xf5,
    0x11, 0x0, 0x0, 0x0, 0xe, 0xf4, 0x0, 0x0,
    0x0, 0x0, 0xe, 0xf5, 0x0, 0x0, 0x9, 0xff,
    0xff, 0xff, 0xff, 0xd1, 0x0, 0x9f, 0xff, 0xff,
    0xfd, 0x10, 0x0, 0x9, 0xff, 0xff, 0xe1, 0x0,
    0x0, 0x0, 0x9f, 0xfe, 0x20, 0x0, 0x0, 0x0,
    0xa, 0xe2, 0x0, 0x0, 0x0, 0x0, 0x0, 0x10,
    0x0, 0x0,

    /* U+21E4 "⇤" */
    0x0, 0x0, 0x0, 0x0, 0x0, 0x0, 0x0, 0x0,
    0x0, 0x0, 0xe, 0xf4, 0x0, 0x0, 0x3, 0x40,
    0x0, 0x0, 0x0, 0x0, 0x0, 0xef, 0x40, 0x0,
    0x4, 0xf5, 0x0, 0x0, 0x0, 0x0, 0x0, 0xe,
    0xf4, 0x0, 0x4, 0xff, 0x50, 0x0, 0x0, 0x0,
    0x0, 0x0, 0xef, 0x40, 0x4, 0xff, 0xf5, 0x0,
    0x0, 0x0, 0x0, 0x0, 0xe, 0xf4, 0x4, 0xff,
    0xff, 0xed, 0xdd, 0xdd, 0xdd, 0xdd, 0xd4, 0xef,
    0x40, 0xbf, 0xff, 0xff, 0xff, 0xff, 0xff, 0xff,
    0xff, 0x5e, 0xf4, 0x0, 0xbf, 0xff, 0x96, 0x66,
    0x66, 0x66, 0x66, 0x62, 0xef, 0x40, 0x0, 0xbf,
    0xf5, 0x0, 0x0, 0x0, 0x0, 0x0, 0xe, 0xf4,
    0x0, 0x0, 0xbf, 0x50, 0x0, 0x0, 0x0, 0x0,
    0x0, 0xef, 0x40, 0x0, 0x0, 0xb5, 0x0, 0x0,
    0x0, 0x0, 0x0, 0x8, 0x92, 0x0, 0x0, 0x0,
    0x20, 0x0, 0x0, 0x0, 0x0, 0x0,

    /* U+21E5 "⇥" */
    0x0, 0x0, 0x0, 0x0, 0x0, 0x0, 0x0, 0x0,
    0x0, 0x0, 0x0, 0x0, 0x0, 0x0, 0x0, 0x0,
    0x80, 0x0, 0x0, 0xe, 0xf4, 0x0, 0x0, 0x0,
    0x0, 0x0, 0xf, 0x90, 0x0, 0x0, 0xef, 0x40,
    0x0, 0x0, 0x0, 0x0, 0x0, 0xff, 0x90, 0x0,
    0xe, 0xf4, 0x0, 0x0, 0x0, 0x0, 0x0, 0xf,
    0xff, 0x90, 0x0, 0xef, 0x4d, 0xdd, 0xdd, 0xdd,
    0xdd, 0xdd, 0xff, 0xff, 0x90, 0xe, 0xf4, 0xff,
    0xff, 0xff, 0xff, 0xff, 0xff, 0xff, 0xff, 0x20,
    0xef, 0x45, 0x66, 0x66, 0x66, 0x66, 0x66, 0xff,
    0xfe, 0x30, 0xe, 0xf4, 0x0, 0x0, 0x0, 0x0,
    0x0, 0xf, 0xfe, 0x30, 0x0, 0xef, 0x40, 0x0,
    0x0, 0x0, 0x0, 0x0, 0xfe, 0x30, 0x0, 0xe,
    0xf4, 0x0, 0x0, 0x0, 0x0, 0x0, 0xe, 0x30,
    0x0, 0x0, 0xef, 0x40, 0x0, 0x0, 0x0, 0x0,
    0x0, 0x20, 0x0, 0x0, 0x8, 0x92,

    /* U+21E7 "⇧" */
    0x0, 0x0, 0x0, 0x0, 0x0, 0x9, 0x10, 0x0,
    0x0, 0x0, 0x0, 0x0, 0x0, 0x0, 0x0, 0x0,
    0xc, 0xfc, 0x10, 0x0, 0x0, 0x0, 0x0, 0x0,
    0x0, 0x0, 0x0, 0xc, 0xff, 0xfc, 0x10, 0x0,
    0x0, 0x0, 0x0, 0x0, 0x0, 0x0, 0xc, 0xfd,
    0x2c, 0xfd, 0x10, 0x0, 0x0, 0x0, 0x0, 0x0,
    0x0, 0xc, 0xfd, 0x10, 0x1c, 0xfd, 0x10, 0x0,
    0x0, 0x0, 0x0, 0x0, 0xc, 0xfd, 0x10, 0x0,
    0xc, 0xfd, 0x10, 0x0, 0x0, 0x0, 0x0, 0xc,
    0xfc, 0x10, 0x0, 0x0, 0xc, 0xfd, 0x10, 0x0,
    0x0, 0x0, 0xc, 0xfc, 0x10, 0x0, 0x0, 0x0,
    0xb, 0xfd, 0x10, 0x0, 0x0, 0x1c, 0xfc, 0x10,
    0x0, 0x0, 0x0, 0x0, 0xb, 0xfd, 0x10, 0x0,
    0x1c, 0xff, 0xff, 0xf5, 0x0, 0x0, 0x4, 0xff,
    0xff, 0xfd, 0x10, 0x8, 0xcc, 0xcc, 0xff, 0x50,
    0x0, 0x0, 0x4f, 0xfc, 0xcc, 0xc9, 0x0, 0x0,
    0x0, 0xc, 0xf5, 0x0, 0x0, 0x4, 0xfd, 0x0,
    0x0, 0x0, 0x0, 0x0, 0x0, 0xcf, 0x50, 0x0,
    0x0, 0x4f, 0xd0, 0x0, 0x0, 0x0, 0x0, 0x0,
    0xc, 0xf5, 0x0, 0x0, 0x4, 0xfd, 0x0, 0x0,
    0x0, 0x0, 0x0, 0x0, 0xcf, 0x50, 0x0, 0x0,
    0x4f, 0xd0, 0x0, 0x0, 0x0, 0x0, 0x0, 0xc,
    0xf5, 0x0, 0x0, 0x4, 0xfd, 0x0, 0x0, 0x0,
    0x0, 0x0, 0x0, 0xcf, 0x50, 0x0, 0x0, 0x4f,
    0xd0, 0x0, 0x0, 0x0, 0x0, 0x0, 0xc, 0xfd,
    0xcc, 0xcc, 0xcd, 0xfd, 0x0, 0x0, 0x0, 0x0,
    0x0, 0x0, 0xcf, 0xff, 0xff, 0xff, 0xff, 0xd0,
    0x0, 0x0, 0x0,

    /* U+21EA "⇪" */
    0x0, 0x0, 0x0, 0x0, 0x0, 0x9, 0x10, 0x0,
    0x0, 0x0, 0x0, 0x0, 0x0, 0x0, 0x0, 0x0,
    0xc, 0xfc, 0x10, 0x0, 0x0, 0x0, 0x0, 0x0,
    0x0, 0x0, 0x0, 0xc, 0xff, 0xfc, 0x10, 0x0,
    0x0, 0x0, 0x0, 0x0, 0x0, 0x0, 0xc, 0xfd,
    0x2c, 0xfd, 0x10, 0x0, 0x0, 0x0, 0x0, 0x0,
    0x0, 0xc, 0xfd, 0x10, 0x1c, 0xfd, 0x10, 0x0,
    0x0, 0x0, 0x0, 0x0, 0xc, 0xfd, 0x10, 0x0,
    0xc, 0xfd, 0x10, 0x0, 0x0, 0x0, 0x0, 0xc,
    0xfc, 0x10, 0x0, 0x0, 0xc, 0xfd, 0x10, 0x0,
    0x0, 0x0, 0xc, 0xfc, 0x10, 0x0, 0x0, 0x0,
    0xb, 0xfd, 0x10, 0x0, 0x0, 0x1c, 0xfc, 0x10,
    0x0, 0x0, 0x0, 0x0, 0xb, 0xfd, 0x10, 0x0,
    0x1c, 0xff, 0xff, 0xf5, 0x0, 0x0, 0x4, 0xff,
    0xff, 0xfd, 0x10, 0x8, 0xcc, 0xcc, 0xff, 0x50,
    0x0, 0x0, 0x4f, 0xfc, 0xcc, 0xc9, 0x0, 0x0,
    0x0, 0xc, 0xf5, 0x0, 0x0, 0x4, 0xfd, 0x0,
    0x0, 0x0, 0x0, 0x0, 0x0, 0xcf, 0x50, 0x0,
    0x0, 0x4f, 0xd0, 0x0, 0x0, 0x0, 0x0, 0x0,
    0xc, 0xf5, 0x0, 0x0, 0x4, 0xfd, 0x0, 0x0,
    0x0, 0x0, 0x0, 0x0, 0xcf, 0xff, 0xff, 0xff,
    0xff, 0xd0, 0x0, 0x0, 0x0, 0x0, 0x0, 0x8,
    0xbb, 0xbb, 0xbb, 0xbb, 0xb9, 0x0, 0x0, 0x0,
    0x0, 0x0, 0x0, 0x0, 0x0, 0x0, 0x0, 0x0,
    0x0, 0x0, 0x0, 0x0, 0x0, 0x0, 0x8, 0xaa,
    0xaa, 0xaa, 0xaa, 0xa8, 0x0, 0x0, 0x0, 0x0,
    0x0, 0x0, 0xcf, 0xff, 0xff, 0xff, 0xff, 0xd0,
    0x0, 0x0, 0x0, 0x0, 0x0, 0xc, 0xf5, 0x11,
    0x11, 0x14, 0xfd, 0x0, 0x0, 0x0, 0x0, 0x0,
    0x0, 0xcf, 0x50, 0x0, 0x0, 0x4f, 0xd0, 0x0,
    0x0, 0x0, 0x0, 0x0, 0xc, 0xfd, 0xbb, 0xbb,
    0xbc, 0xfd, 0x0, 0x0, 0x0, 0x0, 0x0, 0x0,
    0xcf, 0xff, 0xff, 0xff, 0xff, 0xd0, 0x0, 0x0,
    0x0,

    /* U+2202 "∂" */
    0x0, 0x27, 0xbd, 0xda, 0x50, 0x0, 0x0, 0xa,
    0xff, 0xff, 0xff, 0xb0, 0x0, 0x0, 0x8c, 0x97,
    0x9e, 0xff, 0xb0, 0x0, 0x0, 0x0, 0x0, 0x1c,
    0xff, 0x40, 0x0, 0x0, 0x0, 0x0, 0x1f, 0xfc,
    0x0, 0x0, 0x0, 0x0, 0x0, 0x8f, 0xf1, 0x0,
    0x4, 0xbe, 0xfe, 0x95, 0xff, 0x50, 0x7, 0xff,
    0xff, 0xff, 0xef, 0xf7, 0x4, 0xff, 0xf6, 0x34,
    0xaf, 0xff, 0x80, 0xbf, 0xf5, 0x0, 0x0, 0x9f,
    0xf9, 0xf, 0xfe, 0x0, 0x0, 0x3, 0xff, 0x91,
    0xff, 0xb0, 0x0, 0x0, 0x3f, 0xf8, 0xf, 0xfb,
    0x0, 0x0, 0x4, 0xff, 0x60, 0xef, 0xd0, 0x0,
    0x0, 0x7f, 0xf2, 0xa, 0xff, 0x30, 0x0, 0xd,
    0xfd, 0x0, 0x3f, 0xfe, 0x40, 0x2a, 0xff, 0x50,
    0x0, 0x7f, 0xff, 0xff, 0xff, 0x90, 0x0, 0x0,
    0x5c, 0xff, 0xfe, 0x60, 0x0, 0x0, 0x0, 0x1,
    0x31, 0x0, 0x0, 0x0,

    /* U+2205 "∅" */
    0x0, 0x0, 0x0, 0x33, 0x20, 0x0, 0x6, 0x0,
    0x0, 0x2a, 0xff, 0xff, 0xd6, 0xb, 0xe1, 0x0,
    0x4f, 0xff, 0xff, 0xff, 0xfe, 0xe2, 0x0, 0x3f,
    0xff, 0x95, 0x47, 0xdf, 0xfb, 0x0, 0xc, 0xff,
    0x40, 0x0, 0xb, 0xff, 0xf4, 0x2, 0xff, 0x80,
    0x0, 0xb, 0xe4, 0xff, 0xa0, 0x6f, 0xf2, 0x0,
    0xb, 0xe2, 0xa, 0xfe, 0x7, 0xff, 0x0, 0xb,
    0xe2, 0x0, 0x8f, 0xf0, 0x5f, 0xf2, 0xb, 0xe2,
    0x0, 0xa, 0xfd, 0x2, 0xff, 0x9b, 0xe2, 0x0,
    0x1, 0xff, 0xa0, 0xb, 0xff, 0xf2, 0x0, 0x1,
    0xdf, 0xf3, 0x0, 0x2f, 0xff, 0xc7, 0x69, 0xff,
    0xf8, 0x0, 0xc, 0xee, 0xff, 0xff, 0xff, 0xf9,
    0x0, 0xa, 0xe2, 0x18, 0xef, 0xff, 0xb4, 0x0,
    0x0, 0x12, 0x0, 0x0, 0x11, 0x0, 0x0, 0x0,
    0x0,

    /* U+2206 "∆" */
    0x0, 0x0, 0x0, 0x5f, 0xff, 0x20, 0x0, 0x0,
    0x0, 0x0, 0x0, 0xa, 0xff, 0xf8, 0x0, 0x0,
    0x0, 0x0, 0x0, 0x1, 0xff, 0xff, 0xe0, 0x0,
    0x0, 0x0, 0x0, 0x0, 0x6f, 0xf9, 0xff, 0x40,
    0x0, 0x0, 0x0, 0x0, 0xc, 0xfd, 0xf, 0xfa,
    0x0, 0x0, 0x0, 0x0, 0x2, 0xff, 0x80, 0xaf,
    0xf0, 0x0, 0x0, 0x0, 0x0, 0x8f, 0xf2, 0x4,
    0xff, 0x60, 0x0, 0x0, 0x0, 0xe, 0xfc, 0x0,
    0xe, 0xfb, 0x0, 0x0, 0x0, 0x4, 0xff, 0x70,
    0x0, 0x9f, 0xf1, 0x0, 0x0, 0x0, 0xaf, 0xf1,
    0x0, 0x3, 0xff, 0x70, 0x0, 0x0, 0xf, 0xfb,
    0x0, 0x0, 0xd, 0xfd, 0x0, 0x0, 0x6, 0xff,
    0x60, 0x0, 0x0, 0x8f, 0xf3, 0x0, 0x0, 0xbf,
    0xf0, 0x0, 0x0, 0x2, 0xff, 0x90, 0x0, 0x1f,
    0xfa, 0x0, 0x0, 0x0, 0xc, 0xfe, 0x0, 0x7,
    0xff, 0x84, 0x44, 0x44, 0x44, 0x9f, 0xf5, 0x0,
    0xdf, 0xff, 0xff, 0xff, 0xff, 0xff, 0xff, 0xb0,
    0x3f, 0xff, 0xff, 0xff, 0xff, 0xff, 0xff, 0xff,
    0x10,

    /* U+220F "∏" */
    0x34, 0x44, 0x44, 0x44, 0x44, 0x44, 0x42, 0xbf,
    0xff, 0xff, 0xff, 0xff, 0xff, 0xf8, 0xbf, 0xff,
    0xff, 0xff, 0xff, 0xff, 0xf8, 0xbf, 0xf0, 0x0,
    0x0, 0x0, 0x1f, 0xf8, 0xbf, 0xf0, 0x0, 0x0,
    0x0, 0x1f, 0xf8, 0xbf, 0xf0, 0x0, 0x0, 0x0,
    0x1f, 0xf8, 0xbf, 0xf0, 0x0, 0x0, 0x0, 0x1f,
    0xf8, 0xbf, 0xf0, 0x0, 0x0, 0x0, 0x1f, 0xf8,
    0xbf, 0xf0, 0x0, 0x0, 0x0, 0x1f, 0xf8, 0xbf,
    0xf0, 0x0, 0x0, 0x0, 0x1f, 0xf8, 0xbf, 0xf0,
    0x0, 0x0, 0x0, 0x1f, 0xf8, 0xbf, 0xf0, 0x0,
    0x0, 0x0, 0x1f, 0xf8, 0xbf, 0xf0, 0x0, 0x0,
    0x0, 0x1f, 0xf8, 0xbf, 0xf0, 0x0, 0x0, 0x0,
    0x1f, 0xf8, 0xbf, 0xf0, 0x0, 0x0, 0x0, 0x1f,
    0xf8, 0xbf, 0xf0, 0x0, 0x0, 0x0, 0x1f, 0xf8,
    0xbf, 0xf0, 0x0, 0x0, 0x0, 0x1f, 0xf8, 0xbf,
    0xf0, 0x0, 0x0, 0x0, 0x1f, 0xf8, 0xbf, 0xf0,
    0x0, 0x0, 0x0, 0x1f, 0xf8, 0xbf, 0xf0, 0x0,
    0x0, 0x0, 0x1f, 0xf8, 0x9d, 0xc0, 0x0, 0x0,
    0x0, 0x1d, 0xd7,

    /* U+2211 "∑" */
    0x34, 0x44, 0x44, 0x44, 0x44, 0x44, 0x40, 0xbf,
    0xff, 0xff, 0xff, 0xff, 0xff, 0xf3, 0x9f, 0xff,
    0xff, 0xff, 0xff, 0xff, 0xf3, 0xc, 0xff, 0x60,
    0x0, 0x0, 0x0, 0x0, 0x1, 0xef, 0xf3, 0x0,
    0x0, 0x0, 0x0, 0x0, 0x2f, 0xfe, 0x20, 0x0,
    0x0, 0x0, 0x0, 0x4, 0xff, 0xd0, 0x0, 0x0,
    0x0, 0x0, 0x0, 0x6f, 0xfb, 0x0, 0x0, 0x0,
    0x0, 0x0, 0x9, 0xff, 0x80, 0x0, 0x0, 0x0,
    0x0, 0x0, 0xbf, 0xf6, 0x0, 0x0, 0x0, 0x0,
    0x0, 0xd, 0xff, 0x20, 0x0, 0x0, 0x0, 0x0,
    0x1d, 0xff, 0x20, 0x0, 0x0, 0x0, 0x0, 0xcf,
    0xf4, 0x0, 0x0, 0x0, 0x0, 0xa, 0xff, 0x70,
    0x0, 0x0, 0x0, 0x0, 0x8f, 0xf9, 0x0, 0x0,
    0x0, 0x0, 0x5, 0xff, 0xc0, 0x0, 0x0, 0x0,
    0x0, 0x3f, 0xfd, 0x10, 0x0, 0x0, 0x0, 0x2,
    0xef, 0xf2, 0x0, 0x0, 0x0, 0x0, 0x1d, 0xff,
    0x51, 0x11, 0x11, 0x11, 0x11, 0x9f, 0xff, 0xff,
    0xff, 0xff, 0xff, 0xfe, 0xbf, 0xff, 0xff, 0xff,
    0xff, 0xff, 0xfe, 0x12, 0x22, 0x22, 0x22, 0x22,
    0x22, 0x22,

    /* U+2212 "−" */
    0x0, 0x0, 0x0, 0x0, 0x0, 0x0, 0x6f, 0xff,
    0xff, 0xff, 0xff, 0xfe, 0x6f, 0xff, 0xff, 0xff,
    0xff, 0xfe, 0x14, 0x44, 0x44, 0x44, 0x44, 0x44,

    /* U+221A "√" */
    0x0, 0x0, 0x0, 0x0, 0x0, 0x17, 0x72, 0x0,
    0x0, 0x0, 0x0, 0x0, 0x6f, 0xf2, 0x0, 0x0,
    0x0, 0x0, 0x0, 0xbf, 0xc0, 0x0, 0x0, 0x0,
    0x0, 0x1, 0xff, 0x70, 0x0, 0x0, 0x0, 0x0,
    0x6, 0xff, 0x10, 0x0, 0x0, 0x0, 0x0, 0xc,
    0xfb, 0x0, 0x0, 0x0, 0x0, 0x0, 0x1f, 0xf6,
    0x0, 0x0, 0x0, 0x0, 0x0, 0x6f, 0xf1, 0x0,
    0x11, 0x11, 0x0, 0x0, 0xcf, 0xb0, 0x0, 0xef,
    0xff, 0x70, 0x1, 0xff, 0x50, 0x0, 0xef, 0xff,
    0xd0, 0x7, 0xff, 0x0, 0x0, 0x22, 0x6f, 0xf3,
    0xc, 0xfa, 0x0, 0x0, 0x0, 0xe, 0xf8, 0x2f,
    0xf5, 0x0, 0x0, 0x0, 0x8, 0xfe, 0x7f, 0xf0,
    0x0, 0x0, 0x0, 0x2, 0xff, 0xef, 0xa0, 0x0,
    0x0, 0x0, 0x0, 0xcf, 0xff, 0x40, 0x0, 0x0,
    0x0, 0x0, 0x6f, 0xfe, 0x0, 0x0, 0x0, 0x0,
    0x0, 0xf, 0xf9, 0x0, 0x0, 0x0,

    /* U+221E "∞" */
    0x0, 0x1, 0x34, 0x20, 0x0, 0x0, 0x0, 0x24,
    0x30, 0x0, 0x0, 0x9, 0xff, 0xff, 0xc3, 0x0,
    0x4, 0xdf, 0xff, 0xe6, 0x0, 0xb, 0xff, 0xff,
    0xff, 0xf6, 0x8, 0xff, 0xff, 0xff, 0xf7, 0x5,
    0xff, 0xa2, 0x16, 0xff, 0xfb, 0xff, 0xd5, 0x13,
    0xcf, 0xf2, 0xbf, 0xd0, 0x0, 0x2, 0xef, 0xff,
    0xc1, 0x0, 0x1, 0xff, 0x7d, 0xf9, 0x0, 0x0,
    0x4, 0xff, 0xf1, 0x0, 0x0, 0xc, 0xf9, 0xbf,
    0xc0, 0x0, 0x0, 0xcf, 0xff, 0xa0, 0x0, 0x0,
    0xff, 0x87, 0xff, 0x80, 0x3, 0xdf, 0xfd, 0xff,
    0xc2, 0x1, 0xaf, 0xf3, 0xd, 0xff, 0xff, 0xff,
    0xf8, 0xb, 0xff, 0xfe, 0xff, 0xfa, 0x0, 0x1b,
    0xff, 0xff, 0xe5, 0x0, 0x7, 0xff, 0xff, 0xf9,
    0x0, 0x0, 0x3, 0x67, 0x40, 0x0, 0x0, 0x0,
    0x57, 0x62, 0x0, 0x0,

    /* U+222B "∫" */
    0x0, 0x0, 0x0, 0x46, 0x51, 0x0, 0x0, 0x3e,
    0xff, 0xf7, 0x0, 0x0, 0xef, 0xfe, 0xd4, 0x0,
    0x5, 0xff, 0x70, 0x0, 0x0, 0x7, 0xff, 0x10,
    0x0, 0x0, 0x8, 0xff, 0x10, 0x0, 0x0, 0x8,
    0xff, 0x10, 0x0, 0x0, 0x8, 0xff, 0x10, 0x0,
    0x0, 0x8, 0xff, 0x10, 0x0, 0x0, 0x8, 0xff,
    0x10, 0x0, 0x0, 0x8, 0xff, 0x10, 0x0, 0x0,
    0x8, 0xff, 0x10, 0x0, 0x0, 0x8, 0xff, 0x10,
    0x0, 0x0, 0x8, 0xff, 0x10, 0x0, 0x0, 0x8,
    0xff, 0x10, 0x0, 0x0, 0x8, 0xff, 0x10, 0x0,
    0x0, 0x8, 0xff, 0x10, 0x0, 0x0, 0x8, 0xff,
    0x10, 0x0, 0x0, 0x8, 0xff, 0x10, 0x0, 0x0,
    0x8, 0xff, 0x10, 0x0, 0x0, 0x8, 0xff, 0x0,
    0x0, 0x0, 0xd, 0xfe, 0x0, 0x0, 0x5e, 0xff,
    0xf9, 0x0, 0x0, 0x7f, 0xff, 0xb0, 0x0, 0x0,
    0x15, 0x52, 0x0, 0x0, 0x0,

    /* U+2236 "∶" */
    0x0, 0x0, 0x0, 0x8f, 0xc0, 0xf, 0xff, 0x50,
    0xdf, 0xf2, 0x0, 0x52, 0x0, 0x0, 0x0, 0x0,
    0x0, 0x0, 0x0, 0x0, 0x0, 0x0, 0x0, 0x0,
    0x0, 0x5, 0xc9, 0x0, 0xff, 0xf4, 0xe, 0xff,
    0x30, 0x28, 0x50,

    /* U+2248 "≈" */
    0x0, 0x3a, 0xc9, 0x20, 0x0, 0x6, 0x60, 0x4,
    0xff, 0xff, 0xf6, 0x0, 0x3f, 0xf0, 0xc, 0xfd,
    0x7b, 0xff, 0xa6, 0xdf, 0xc0, 0xf, 0xf4, 0x0,
    0x7f, 0xff, 0xff, 0x40, 0x7, 0x70, 0x0, 0x3,
    0xad, 0xb4, 0x0, 0x0, 0x5, 0x74, 0x0, 0x0,
    0x1, 0x10, 0x1, 0xdf, 0xff, 0xc2, 0x0, 0x2f,
    0xf0, 0xa, 0xff, 0xbe, 0xff, 0x62, 0xaf, 0xe0,
    0xf, 0xf5, 0x0, 0xbf, 0xff, 0xff, 0x70, 0xa,
    0xa1, 0x0, 0x6, 0xef, 0xe7, 0x0, 0x0, 0x0,
    0x0, 0x0, 0x0, 0x0, 0x0,

    /* U+2260 "≠" */
    0x0, 0x0, 0x0, 0x3, 0x86, 0x0, 0x0, 0x0,
    0x0, 0xb, 0xf7, 0x0, 0x0, 0x0, 0x0, 0x2f,
    0xf1, 0x0, 0x3e, 0xee, 0xee, 0xef, 0xfe, 0xe9,
    0x4f, 0xff, 0xff, 0xff, 0xff, 0xfb, 0x16, 0x66,
    0x6a, 0xfd, 0x66, 0x64, 0x0, 0x0, 0xb, 0xf7,
    0x0, 0x0, 0x0, 0x0, 0x1f, 0xf2, 0x0, 0x0,
    0x15, 0x55, 0x9f, 0xe5, 0x55, 0x53, 0x4f, 0xff,
    0xff, 0xff, 0xff, 0xfb, 0x3f, 0xff, 0xff, 0xff,
    0xff, 0xfa, 0x0, 0x9, 0xf9, 0x0, 0x0, 0x0,
    0x0, 0xf, 0xf3, 0x0, 0x0, 0x0, 0x0, 0x39,
    0x80, 0x0, 0x0, 0x0,

    /* U+2264 "≤" */
    0x0, 0x0, 0x0, 0x0, 0x0, 0x15, 0x0, 0x0,
    0x0, 0x1, 0x6c, 0xfe, 0x0, 0x0, 0x27, 0xcf,
    0xff, 0xfd, 0x2, 0x7c, 0xff, 0xff, 0xc8, 0x30,
    0x6f, 0xff, 0xfb, 0x61, 0x0, 0x0, 0x7f, 0xff,
    0xc7, 0x20, 0x0, 0x0, 0x16, 0xbf, 0xff, 0xfd,
    0x84, 0x0, 0x0, 0x1, 0x6b, 0xff, 0xff, 0xf9,
    0x0, 0x0, 0x0, 0x15, 0xbf, 0xfe, 0x0, 0x0,
    0x0, 0x0, 0x0, 0x59, 0x0, 0x0, 0x0, 0x0,
    0x0, 0x0, 0x7f, 0xff, 0xff, 0xff, 0xff, 0xfe,
    0x7f, 0xff, 0xff, 0xff, 0xff, 0xfe, 0x13, 0x33,
    0x33, 0x33, 0x33, 0x33,

    /* U+2265 "≥" */
    0x33, 0x0, 0x0, 0x0, 0x0, 0x0, 0x7f, 0xe9,
    0x40, 0x0, 0x0, 0x0, 0x6f, 0xff, 0xfe, 0x94,
    0x0, 0x0, 0x1, 0x6a, 0xff, 0xff, 0xea, 0x40,
    0x0, 0x0, 0x4, 0x8d, 0xff, 0xfd, 0x0, 0x0,
    0x0, 0x59, 0xff, 0xfe, 0x0, 0x26, 0xbf, 0xff,
    0xfe, 0x93, 0x4d, 0xff, 0xff, 0xd8, 0x30, 0x0,
    0x7f, 0xfd, 0x83, 0x0, 0x0, 0x0, 0x57, 0x20,
    0x0, 0x0, 0x0, 0x0, 0x0, 0x0, 0x0, 0x0,
    0x0, 0x0, 0x7f, 0xff, 0xff, 0xff, 0xff, 0xfe,
    0x7f, 0xff, 0xff, 0xff, 0xff, 0xfe, 0x13, 0x33,
    0x33, 0x33, 0x33, 0x33,

    /* U+2295 "⊕" */
    0x0, 0x0, 0x0, 0x0, 0x0, 0x0, 0x0, 0x0,
    0x10, 0x0, 0x0, 0x0, 0x0, 0x0, 0x0, 0x0,
    0x0, 0x0, 0x0, 0x0, 0x0, 0x0, 0x4, 0x8c,
    0xff, 0xff, 0xfd, 0x95, 0x0, 0x0, 0x0, 0x0,
    0x0, 0x0, 0x0, 0x0, 0x0, 0x0, 0x7, 0xdf,
    0xff, 0xff, 0xff, 0xff, 0xff, 0xf8, 0x10, 0x0,
    0x0, 0x0, 0x0, 0x0, 0x0, 0x0, 0x4, 0xdf,
    0xff, 0xa6, 0x21, 0x1, 0x25, 0x9e, 0xff, 0xf7,
    0x0, 0x0, 0x0, 0x0, 0x0, 0x0, 0x0, 0x8f,
    0xfe, 0x70, 0x0, 0x0, 0x0, 0x0, 0x0, 0x5c,
    0xff, 0xb1, 0x0, 0x0, 0x0, 0x0, 0x0, 0xa,
    0xff, 0xa1, 0x0, 0x0, 0x0, 0x0, 0x0, 0x0,
    0x0, 0x7f, 0xfd, 0x10, 0x0, 0x0, 0x0, 0x0,
    0xaf, 0xf6, 0x0, 0x0, 0x0, 0x0, 0x0, 0x0,
    0x0, 0x0, 0x3, 0xef, 0xd0, 0x0, 0x0, 0x0,
    0x7, 0xff, 0x50, 0x0, 0x0, 0x0, 0x0, 0x0,
    0x0, 0x0, 0x0, 0x0, 0x2e, 0xfb, 0x0, 0x0,
    0x0, 0x2f, 0xf7, 0x0, 0x0, 0x0, 0x0, 0x0,
    0x0, 0x0, 0x0, 0x0, 0x0, 0x3, 0xff, 0x60,
    0x0, 0x0, 0xcf, 0xc0, 0x0, 0x0, 0x0, 0x0,
    0x3, 0xcb, 0x0, 0x0, 0x0, 0x0, 0x0, 0x7f,
    0xe1, 0x0, 0x3, 0xff, 0x20, 0x0, 0x0, 0x0,
    0x0, 0x5, 0xff, 0x0, 0x0, 0x0, 0x0, 0x0,
    0xd, 0xf7, 0x0, 0xa, 0xfa, 0x0, 0x0, 0x0,
    0x0, 0x0, 0x5, 0xff, 0x0, 0x0, 0x0, 0x0,
    0x0, 0x6, 0xfe, 0x0, 0xf, 0xf3, 0x0, 0x0,
    0x0, 0x0, 0x0, 0x5, 0xff, 0x0, 0x0, 0x0,
    0x0, 0x0, 0x0, 0xef, 0x40, 0x4f, 0xe0, 0x0,
    0x0, 0x0, 0x0, 0x0, 0x5, 0xff, 0x0, 0x0,
    0x0, 0x0, 0x0, 0x0, 0xaf, 0x80, 0x8f, 0xa0,
    0x0, 0x0, 0x0, 0x0, 0x0, 0x5, 0xff, 0x0,
    0x0, 0x0, 0x0, 0x0, 0x0, 0x6f, 0xc0, 0x9f,
    0x80, 0x0, 0x0, 0x0, 0x0, 0x0, 0x5, 0xff,
    0x0, 0x0, 0x0, 0x0, 0x0, 0x0, 0x4f, 0xe0,
    0xbf, 0x70, 0x0, 0x0, 0x1e, 0xee, 0xee, 0xee,
    0xff, 0xee, 0xee, 0xee, 0xa0, 0x0, 0x0, 0x2f,
    0xf0, 0xbf, 0x60, 0x0, 0x0, 0x1f, 0xff, 0xff,
    0xff, 0xff, 0xff, 0xff, 0xff, 0xb0, 0x0, 0x0,
    0x2f, 0xf0, 0xaf, 0x70, 0x0, 0x0, 0x3, 0x33,
    0x33, 0x37, 0xff, 0x33, 0x33, 0x33, 0x20, 0x0,
    0x0, 0x3f, 0xf0, 0x9f, 0x80, 0x0, 0x0, 0x0,
    0x0, 0x0, 0x5, 0xff, 0x0, 0x0, 0x0, 0x0,
    0x0, 0x0, 0x4f, 0xd0, 0x7f, 0xc0, 0x0, 0x0,
    0x0, 0x0, 0x0, 0x5, 0xff, 0x0, 0x0, 0x0,
    0x0, 0x0, 0x0, 0x7f, 0xb0, 0x3f, 0xf0, 0x0,
    0x0, 0x0, 0x0, 0x0, 0x5, 0xff, 0x0, 0x0,
    0x0, 0x0, 0x0, 0x0, 0xbf, 0x70, 0xe, 0xf5,
    0x0, 0x0, 0x0, 0x0, 0x0, 0x5, 0xff, 0x0,
    0x0, 0x0, 0x0, 0x0, 0x1, 0xff, 0x30, 0x8,
    0xfc, 0x0, 0x0, 0x0, 0x0, 0x0, 0x5, 0xff,
    0x0, 0x0, 0x0, 0x0, 0x0, 0x8, 0xfd, 0x0,
    0x2, 0xff, 0x40, 0x0, 0x0, 0x0, 0x0, 0x5,
    0xff, 0x0, 0x0, 0x0, 0x0, 0x0, 0x1e, 0xf6,
    0x0, 0x0, 0x9f, 0xd0, 0x0, 0x0, 0x0, 0x0,
    0x0, 0x0, 0x0, 0x0, 0x0, 0x0, 0x0, 0xaf,
    0xd0, 0x0, 0x0, 0x1e, 0xfa, 0x0, 0x0, 0x0,
    0x0, 0x0, 0x0, 0x0, 0x0, 0x0, 0x0, 0x6,
    0xff, 0x30, 0x0, 0x0, 0x4, 0xff, 0x90, 0x0,
    0x0, 0x0, 0x0, 0x0, 0x0, 0x0, 0x0, 0x0,
    0x4f, 0xf8, 0x0, 0x0, 0x0, 0x0, 0x6f, 0xfa,
    0x0, 0x0, 0x0, 0x0, 0x0, 0x0, 0x0, 0x0,
    0x6, 0xff, 0xa0, 0x0, 0x0, 0x0, 0x0, 0x6,
    0xff, 0xd3, 0x0, 0x0, 0x0, 0x0, 0x0, 0x0,
    0x1, 0xbf, 0xfa, 0x0, 0x0, 0x0, 0x0, 0x0,
    0x0, 0x4e, 0xff, 0xb4, 0x0, 0x0, 0x0, 0x0,
    0x2, 0x9f, 0xff, 0x80, 0x0, 0x0, 0x0, 0x0,
    0x0, 0x0, 0x1, 0xaf, 0xff, 0xea, 0x75, 0x45,
    0x69, 0xdf, 0xff, 0xc3, 0x0, 0x0, 0x0, 0x0,
    0x0, 0x0, 0x0, 0x0, 0x3, 0x9f, 0xff, 0xff,
    0xff, 0xff, 0xff, 0xb4, 0x0, 0x0, 0x0, 0x0,
    0x0, 0x0, 0x0, 0x0, 0x0, 0x0, 0x0, 0x48,
    0xbc, 0xdc, 0xb9, 0x51, 0x0, 0x0, 0x0, 0x0,
    0x0, 0x0,

    /* U+2296 "⊖" */
    0x0, 0x0, 0x0, 0x0, 0x0, 0x0, 0x0, 0x0,
    0x10, 0x0, 0x0, 0x0, 0x0, 0x0, 0x0, 0x0,
    0x0, 0x0, 0x0, 0x0, 0x0, 0x0, 0x4, 0x8c,
    0xff, 0xff, 0xfd, 0x95, 0x0, 0x0, 0x0, 0x0,
    0x0, 0x0, 0x0, 0x0, 0x0, 0x0, 0x7, 0xdf,
    0xff, 0xff, 0xff, 0xff, 0xff, 0xf8, 0x10, 0x0,
    0x0, 0x0, 0x0, 0x0, 0x0, 0x0, 0x4, 0xdf,
    0xff, 0xa6, 0x21, 0x1, 0x25, 0x9e, 0xff, 0xf7,
    0x0, 0x0, 0x0, 0x0, 0x0, 0x0, 0x0, 0x8f,
    0xfe, 0x70, 0x0, 0x0, 0x0, 0x0, 0x0, 0x5c,
    0xff, 0xb1, 0x0, 0x0, 0x0, 0x0, 0x0, 0xa,
    0xff, 0xa1, 0x0, 0x0, 0x0, 0x0, 0x0, 0x0,
    0x0, 0x7f, 0xfd, 0x10, 0x0, 0x0, 0x0, 0x0,
    0xaf, 0xf6, 0x0, 0x0, 0x0, 0x0, 0x0, 0x0,
    0x0, 0x0, 0x3, 0xef, 0xd0, 0x0, 0x0, 0x0,
    0x7, 0xff, 0x50, 0x0, 0x0, 0x0, 0x0, 0x0,
    0x0, 0x0, 0x0, 0x0, 0x2e, 0xfb, 0x0, 0x0,
    0x0, 0x2f, 0xf7, 0x0, 0x0, 0x0, 0x0, 0x0,
    0x0, 0x0, 0x0, 0x0, 0x0, 0x3, 0xff, 0x60,
    0x0, 0x0, 0xcf, 0xc0, 0x0, 0x0, 0x0, 0x0,
    0x0, 0x0, 0x0, 0x0, 0x0, 0x0, 0x0, 0x7f,
    0xe1, 0x0, 0x3, 0xff, 0x20, 0x0, 0x0, 0x0,
    0x0, 0x0, 0x0, 0x0, 0x0, 0x0, 0x0, 0x0,
    0xd, 0xf7, 0x0, 0xa, 0xfa, 0x0, 0x0, 0x0,
    0x0, 0x0, 0x0, 0x0, 0x0, 0x0, 0x0, 0x0,
    0x0, 0x6, 0xfe, 0x0, 0xf, 0xf3, 0x0, 0x0,
    0x0, 0x0, 0x0, 0x0, 0x0, 0x0, 0x0, 0x0,
    0x0, 0x0, 0x0, 0xef, 0x40, 0x4f, 0xe0, 0x0,
    0x0, 0x0, 0x0, 0x0, 0x0, 0x0, 0x0, 0x0,
    0x0, 0x0, 0x0, 0x0, 0xaf, 0x80, 0x8f, 0xa0,
    0x0, 0x0, 0x0, 0x0, 0x0, 0x0, 0x0, 0x0,
    0x0, 0x0, 0x0, 0x0, 0x0, 0x6f, 0xc0, 0x9f,
    0x80, 0x0, 0x0, 0x0, 0x0, 0x0, 0x0, 0x0,
    0x0, 0x0, 0x0, 0x0, 0x0, 0x0, 0x4f, 0xe0,
    0xbf, 0x70, 0x0, 0x0, 0x0, 0xf, 0xff, 0xff,
    0xff, 0xff, 0xff, 0x40, 0x0, 0x0, 0x0, 0x2f,
    0xf0, 0xbf, 0x60, 0x0, 0x0, 0x0, 0xf, 0xff,
    0xff, 0xff, 0xff, 0xff, 0x40, 0x0, 0x0, 0x0,
    0x2f, 0xf0, 0xaf, 0x70, 0x0, 0x0, 0x0, 0x6,
    0x66, 0x66, 0x66, 0x66, 0x66, 0x10, 0x0, 0x0,
    0x0, 0x3f, 0xf0, 0x9f, 0x80, 0x0, 0x0, 0x0,
    0x0, 0x0, 0x0, 0x0, 0x0, 0x0, 0x0, 0x0,
    0x0, 0x0, 0x4f, 0xd0, 0x7f, 0xc0, 0x0, 0x0,
    0x0, 0x0, 0x0, 0x0, 0x0, 0x0, 0x0, 0x0,
    0x0, 0x0, 0x0, 0x7f, 0xb0, 0x3f, 0xf0, 0x0,
    0x0, 0x0, 0x0, 0x0, 0x0, 0x0, 0x0, 0x0,
    0x0, 0x0, 0x0, 0x0, 0xbf, 0x70, 0xe, 0xf5,
    0x0, 0x0, 0x0, 0x0, 0x0, 0x0, 0x0, 0x0,
    0x0, 0x0, 0x0, 0x0, 0x1, 0xff, 0x30, 0x8,
    0xfc, 0x0, 0x0, 0x0, 0x0, 0x0, 0x0, 0x0,
    0x0, 0x0, 0x0, 0x0, 0x0, 0x8, 0xfd, 0x0,
    0x2, 0xff, 0x40, 0x0, 0x0, 0x0, 0x0, 0x0,
    0x0, 0x0, 0x0, 0x0, 0x0, 0x0, 0x1e, 0xf6,
    0x0, 0x0, 0x9f, 0xd0, 0x0, 0x0, 0x0, 0x0,
    0x0, 0x0, 0x0, 0x0, 0x0, 0x0, 0x0, 0xaf,
    0xd0, 0x0, 0x0, 0x1e, 0xfa, 0x0, 0x0, 0x0,
    0x0, 0x0, 0x0, 0x0, 0x0, 0x0, 0x0, 0x6,
    0xff, 0x30, 0x0, 0x0, 0x4, 0xff, 0x90, 0x0,
    0x0, 0x0, 0x0, 0x0, 0x0, 0x0, 0x0, 0x0,
    0x4f, 0xf8, 0x0, 0x0, 0x0, 0x0, 0x6f, 0xfa,
    0x0, 0x0, 0x0, 0x0, 0x0, 0x0, 0x0, 0x0,
    0x6, 0xff, 0xa0, 0x0, 0x0, 0x0, 0x0, 0x6,
    0xff, 0xd3, 0x0, 0x0, 0x0, 0x0, 0x0, 0x0,
    0x1, 0xbf, 0xfa, 0x0, 0x0, 0x0, 0x0, 0x0,
    0x0, 0x4e, 0xff, 0xb4, 0x0, 0x0, 0x0, 0x0,
    0x2, 0x9f, 0xff, 0x80, 0x0, 0x0, 0x0, 0x0,
    0x0, 0x0, 0x1, 0xaf, 0xff, 0xea, 0x75, 0x45,
    0x69, 0xdf, 0xff, 0xc3, 0x0, 0x0, 0x0, 0x0,
    0x0, 0x0, 0x0, 0x0, 0x3, 0x9f, 0xff, 0xff,
    0xff, 0xff, 0xff, 0xb4, 0x0, 0x0, 0x0, 0x0,
    0x0, 0x0, 0x0, 0x0, 0x0, 0x0, 0x0, 0x48,
    0xbc, 0xdc, 0xb9, 0x51, 0x0, 0x0, 0x0, 0x0,
    0x0, 0x0,

    /* U+2297 "⊗" */
    0x0, 0x0, 0x0, 0x0, 0x0, 0x0, 0x0, 0x0,
    0x10, 0x0, 0x0, 0x0, 0x0, 0x0, 0x0, 0x0,
    0x0, 0x0, 0x0, 0x0, 0x0, 0x0, 0x4, 0x8c,
    0xff, 0xff, 0xfd, 0x95, 0x0, 0x0, 0x0, 0x0,
    0x0, 0x0, 0x0, 0x0, 0x0, 0x0, 0x7, 0xdf,
    0xff, 0xff, 0xff, 0xff, 0xff, 0xf8, 0x10, 0x0,
    0x0, 0x0, 0x0, 0x0, 0x0, 0x0, 0x4, 0xdf,
    0xff, 0xa6, 0x21, 0x1, 0x25, 0x9e, 0xff, 0xf7,
    0x0, 0x0, 0x0, 0x0, 0x0, 0x0, 0x0, 0x8f,
    0xfe, 0x70, 0x0, 0x0, 0x0, 0x0, 0x0, 0x5c,
    0xff, 0xb1, 0x0, 0x0, 0x0, 0x0, 0x0, 0xa,
    0xff, 0xa1, 0x0, 0x0, 0x0, 0x0, 0x0, 0x0,
    0x0, 0x7f, 0xfd, 0x10, 0x0, 0x0, 0x0, 0x0,
    0xaf, 0xf6, 0x0, 0x0, 0x0, 0x0, 0x0, 0x0,
    0x0, 0x0, 0x3, 0xef, 0xd0, 0x0, 0x0, 0x0,
    0x7, 0xff, 0x50, 0x0, 0x0, 0x0, 0x0, 0x0,
    0x0, 0x0, 0x0, 0x0, 0x2e, 0xfb, 0x0, 0x0,
    0x0, 0x2f, 0xf7, 0x0, 0x0, 0x0, 0x0, 0x0,
    0x0, 0x0, 0x0, 0x0, 0x0, 0x3, 0xff, 0x60,
    0x0, 0x0, 0xcf, 0xc0, 0x0, 0x0, 0x0, 0x0,
    0x0, 0x0, 0x0, 0x0, 0x0, 0x0, 0x0, 0x7f,
    0xe1, 0x0, 0x3, 0xff, 0x20, 0x0, 0x0, 0x0,
    0x0, 0x0, 0x0, 0x0, 0x0, 0x0, 0x0, 0x0,
    0xd, 0xf7, 0x0, 0xa, 0xfa, 0x0, 0x0, 0x0,
    0x0, 0x20, 0x0, 0x0, 0x0, 0x20, 0x0, 0x0,
    0x0, 0x6, 0xfe, 0x0, 0xf, 0xf3, 0x0, 0x0,
    0x0, 0x5, 0xf7, 0x0, 0x0, 0x3, 0xfa, 0x0,
    0x0, 0x0, 0x0, 0xef, 0x40, 0x4f, 0xe0, 0x0,
    0x0, 0x0, 0xc, 0xff, 0x70, 0x0, 0x3f, 0xfe,
    0x10, 0x0, 0x0, 0x0, 0xaf, 0x80, 0x8f, 0xa0,
    0x0, 0x0, 0x0, 0x0, 0xcf, 0xf7, 0x3, 0xff,
    0xe2, 0x0, 0x0, 0x0, 0x0, 0x6f, 0xc0, 0x9f,
    0x80, 0x0, 0x0, 0x0, 0x0, 0xc, 0xff, 0x9f,
    0xfe, 0x20, 0x0, 0x0, 0x0, 0x0, 0x4f, 0xe0,
    0xbf, 0x70, 0x0, 0x0, 0x0, 0x0, 0x0, 0xcf,
    0xff, 0xe3, 0x0, 0x0, 0x0, 0x0, 0x0, 0x2f,
    0xf0, 0xbf, 0x60, 0x0, 0x0, 0x0, 0x0, 0x0,
    0x4f, 0xff, 0x80, 0x0, 0x0, 0x0, 0x0, 0x0,
    0x2f, 0xf0, 0xaf, 0x70, 0x0, 0x0, 0x0, 0x0,
    0x3, 0xef, 0xff, 0xf6, 0x0, 0x0, 0x0, 0x0,
    0x0, 0x3f, 0xf0, 0x9f, 0x80, 0x0, 0x0, 0x0,
    0x0, 0x3e, 0xff, 0x4c, 0xff, 0x60, 0x0, 0x0,
    0x0, 0x0, 0x4f, 0xd0, 0x7f, 0xc0, 0x0, 0x0,
    0x0, 0x2, 0xef, 0xf3, 0x1, 0xcf, 0xf6, 0x0,
    0x0, 0x0, 0x0, 0x7f, 0xb0, 0x3f, 0xf0, 0x0,
    0x0, 0x0, 0xd, 0xff, 0x30, 0x0, 0x1c, 0xff,
    0x20, 0x0, 0x0, 0x0, 0xbf, 0x70, 0xe, 0xf5,
    0x0, 0x0, 0x0, 0x2, 0xd3, 0x0, 0x0, 0x1,
    0xc5, 0x0, 0x0, 0x0, 0x1, 0xff, 0x30, 0x8,
    0xfc, 0x0, 0x0, 0x0, 0x0, 0x0, 0x0, 0x0,
    0x0, 0x0, 0x0, 0x0, 0x0, 0x8, 0xfd, 0x0,
    0x2, 0xff, 0x40, 0x0, 0x0, 0x0, 0x0, 0x0,
    0x0, 0x0, 0x0, 0x0, 0x0, 0x0, 0x1e, 0xf6,
    0x0, 0x0, 0x9f, 0xd0, 0x0, 0x0, 0x0, 0x0,
    0x0, 0x0, 0x0, 0x0, 0x0, 0x0, 0x0, 0xaf,
    0xd0, 0x0, 0x0, 0x1e, 0xfa, 0x0, 0x0, 0x0,
    0x0, 0x0, 0x0, 0x0, 0x0, 0x0, 0x0, 0x6,
    0xff, 0x30, 0x0, 0x0, 0x4, 0xff, 0x90, 0x0,
    0x0, 0x0, 0x0, 0x0, 0x0, 0x0, 0x0, 0x0,
    0x4f, 0xf8, 0x0, 0x0, 0x0, 0x0, 0x6f, 0xfa,
    0x0, 0x0, 0x0, 0x0, 0x0, 0x0, 0x0, 0x0,
    0x6, 0xff, 0xa0, 0x0, 0x0, 0x0, 0x0, 0x6,
    0xff, 0xd3, 0x0, 0x0, 0x0, 0x0, 0x0, 0x0,
    0x1, 0xbf, 0xfa, 0x0, 0x0, 0x0, 0x0, 0x0,
    0x0, 0x4e, 0xff, 0xb4, 0x0, 0x0, 0x0, 0x0,
    0x2, 0x9f, 0xff, 0x80, 0x0, 0x0, 0x0, 0x0,
    0x0, 0x0, 0x1, 0xaf, 0xff, 0xea, 0x75, 0x45,
    0x69, 0xdf, 0xff, 0xc3, 0x0, 0x0, 0x0, 0x0,
    0x0, 0x0, 0x0, 0x0, 0x3, 0x9f, 0xff, 0xff,
    0xff, 0xff, 0xff, 0xb4, 0x0, 0x0, 0x0, 0x0,
    0x0, 0x0, 0x0, 0x0, 0x0, 0x0, 0x0, 0x48,
    0xbc, 0xdc, 0xb9, 0x51, 0x0, 0x0, 0x0, 0x0,
    0x0, 0x0,

    /* U+2298 "⊘" */
    0x0, 0x0, 0x0, 0x0, 0x0, 0x0, 0x0, 0x0,
    0x10, 0x0, 0x0, 0x0, 0x0, 0x0, 0x0, 0x0,
    0x0, 0x0, 0x0, 0x0, 0x0, 0x0, 0x4, 0x8c,
    0xff, 0xff, 0xfd, 0x95, 0x0, 0x0, 0x0, 0x0,
    0x0, 0x0, 0x0, 0x0, 0x0, 0x0, 0x7, 0xdf,
    0xff, 0xff, 0xff, 0xff, 0xff, 0xf8, 0x10, 0x0,
    0x0, 0x0, 0x0, 0x0, 0x0, 0x0, 0x4, 0xdf,
    0xff, 0xa6, 0x21, 0x1, 0x25, 0x9e, 0xff, 0xf7,
    0x0, 0x0, 0x0, 0x0, 0x0, 0x0, 0x0, 0x8f,
    0xfe, 0x70, 0x0, 0x0, 0x0, 0x0, 0x0, 0x5c,
    0xff, 0xb1, 0x0, 0x0, 0x0, 0x0, 0x0, 0xa,
    0xff, 0xa1, 0x0, 0x0, 0x0, 0x0, 0x0, 0x0,
    0x0, 0x7f, 0xfd, 0x10, 0x0, 0x0, 0x0, 0x0,
    0xaf, 0xf6, 0x0, 0x0, 0x0, 0x0, 0x0, 0x0,
    0x0, 0x0, 0x3, 0xef, 0xd0, 0x0, 0x0, 0x0,
    0x7, 0xff, 0x50, 0x0, 0x0, 0x0, 0x0, 0x0,
    0x0, 0x0, 0x0, 0x0, 0x2e, 0xfb, 0x0, 0x0,
    0x0, 0x2f, 0xf7, 0x0, 0x0, 0x0, 0x0, 0x0,
    0x0, 0x0, 0x0, 0x0, 0x0, 0x3, 0xff, 0x60,
    0x0, 0x0, 0xcf, 0xc0, 0x0, 0x0, 0x0, 0x0,
    0x0, 0x0, 0x0, 0x0, 0x0, 0x0, 0x0, 0x7f,
    0xe1, 0x0, 0x3, 0xff, 0x20, 0x0, 0x0, 0x0,
    0x0, 0x0, 0x0, 0x0, 0x39, 0x0, 0x0, 0x0,
    0xd, 0xf7, 0x0, 0xa, 0xfa, 0x0, 0x0, 0x0,
    0x0, 0x0, 0x0, 0x0, 0x1, 0xef, 0xa0, 0x0,
    0x0, 0x6, 0xfe, 0x0, 0xf, 0xf3, 0x0, 0x0,
    0x0, 0x0, 0x0, 0x0, 0x0, 0xc, 0xff, 0x40,
    0x0, 0x0, 0x0, 0xef, 0x40, 0x4f, 0xe0, 0x0,
    0x0, 0x0, 0x0, 0x0, 0x0, 0x0, 0xaf, 0xf6,
    0x0, 0x0, 0x0, 0x0, 0xaf, 0x80, 0x8f, 0xa0,
    0x0, 0x0, 0x0, 0x0, 0x0, 0x0, 0x8, 0xff,
    0x90, 0x0, 0x0, 0x0, 0x0, 0x6f, 0xc0, 0x9f,
    0x80, 0x0, 0x0, 0x0, 0x0, 0x0, 0x0, 0x5f,
    0xfb, 0x0, 0x0, 0x0, 0x0, 0x0, 0x4f, 0xe0,
    0xbf, 0x70, 0x0, 0x0, 0x0, 0x0, 0x0, 0x3,
    0xff, 0xd0, 0x0, 0x0, 0x0, 0x0, 0x0, 0x2f,
    0xf0, 0xbf, 0x60, 0x0, 0x0, 0x0, 0x0, 0x0,
    0x1e, 0xfe, 0x20, 0x0, 0x0, 0x0, 0x0, 0x0,
    0x2f, 0xf0, 0xaf, 0x70, 0x0, 0x0, 0x0, 0x0,
    0x0, 0xcf, 0xf4, 0x0, 0x0, 0x0, 0x0, 0x0,
    0x0, 0x3f, 0xf0, 0x9f, 0x80, 0x0, 0x0, 0x0,
    0x0, 0xa, 0xff, 0x60, 0x0, 0x0, 0x0, 0x0,
    0x0, 0x0, 0x4f, 0xd0, 0x7f, 0xc0, 0x0, 0x0,
    0x0, 0x0, 0x8f, 0xf8, 0x0, 0x0, 0x0, 0x0,
    0x0, 0x0, 0x0, 0x7f, 0xb0, 0x3f, 0xf0, 0x0,
    0x0, 0x0, 0x5, 0xff, 0xb0, 0x0, 0x0, 0x0,
    0x0, 0x0, 0x0, 0x0, 0xbf, 0x70, 0xe, 0xf5,
    0x0, 0x0, 0x0, 0x3f, 0xfd, 0x0, 0x0, 0x0,
    0x0, 0x0, 0x0, 0x0, 0x1, 0xff, 0x30, 0x8,
    0xfc, 0x0, 0x0, 0x0, 0x3e, 0xe2, 0x0, 0x0,
    0x0, 0x0, 0x0, 0x0, 0x0, 0x8, 0xfd, 0x0,
    0x2, 0xff, 0x40, 0x0, 0x0, 0x2, 0x30, 0x0,
    0x0, 0x0, 0x0, 0x0, 0x0, 0x0, 0x1e, 0xf6,
    0x0, 0x0, 0x9f, 0xd0, 0x0, 0x0, 0x0, 0x0,
    0x0, 0x0, 0x0, 0x0, 0x0, 0x0, 0x0, 0xaf,
    0xd0, 0x0, 0x0, 0x1e, 0xfa, 0x0, 0x0, 0x0,
    0x0, 0x0, 0x0, 0x0, 0x0, 0x0, 0x0, 0x6,
    0xff, 0x30, 0x0, 0x0, 0x4, 0xff, 0x90, 0x0,
    0x0, 0x0, 0x0, 0x0, 0x0, 0x0, 0x0, 0x0,
    0x4f, 0xf8, 0x0, 0x0, 0x0, 0x0, 0x6f, 0xfa,
    0x0, 0x0, 0x0, 0x0, 0x0, 0x0, 0x0, 0x0,
    0x6, 0xff, 0xa0, 0x0, 0x0, 0x0, 0x0, 0x6,
    0xff, 0xd3, 0x0, 0x0, 0x0, 0x0, 0x0, 0x0,
    0x1, 0xbf, 0xfa, 0x0, 0x0, 0x0, 0x0, 0x0,
    0x0, 0x4e, 0xff, 0xb4, 0x0, 0x0, 0x0, 0x0,
    0x2, 0x9f, 0xff, 0x80, 0x0, 0x0, 0x0, 0x0,
    0x0, 0x0, 0x1, 0xaf, 0xff, 0xea, 0x75, 0x45,
    0x69, 0xdf, 0xff, 0xc3, 0x0, 0x0, 0x0, 0x0,
    0x0, 0x0, 0x0, 0x0, 0x3, 0x9f, 0xff, 0xff,
    0xff, 0xff, 0xff, 0xb4, 0x0, 0x0, 0x0, 0x0,
    0x0, 0x0, 0x0, 0x0, 0x0, 0x0, 0x0, 0x48,
    0xbc, 0xdc, 0xb9, 0x51, 0x0, 0x0, 0x0, 0x0,
    0x0, 0x0,

    /* U+2303 "⌃" */
    0x0, 0x0, 0x0, 0x5, 0x0, 0x0, 0x0, 0x0,
    0x0, 0x0, 0xa, 0xf9, 0x0, 0x0, 0x0, 0x0,
    0x0, 0xa, 0xff, 0xf9, 0x0, 0x0, 0x0, 0x0,
    0xa, 0xff, 0xbf, 0xf9, 0x0, 0x0, 0x0, 0xa,
    0xff, 0x60, 0x7f, 0xf9, 0x0, 0x0, 0xa, 0xff,
    0x60, 0x0, 0x7f, 0xf9, 0x0, 0xa, 0xff, 0x60,
    0x0, 0x0, 0x7f, 0xf9, 0x6, 0xff, 0x60, 0x0,
    0x0, 0x0, 0x7f, 0xf5, 0x9, 0x60, 0x0, 0x0,
    0x0, 0x0, 0x78, 0x0,

    /* U+2304 "⌄" */
    0x1, 0x0, 0x0, 0x0, 0x0, 0x0, 0x1, 0x1,
    0xdb, 0x0, 0x0, 0x0, 0x0, 0xc, 0xd1, 0x4f,
    0xfb, 0x0, 0x0, 0x0, 0xc, 0xff, 0x40, 0x5f,
    0xfb, 0x0, 0x0, 0xc, 0xff, 0x40, 0x0, 0x5f,
    0xfb, 0x0, 0xc, 0xff, 0x40, 0x0, 0x0, 0x5f,
    0xfb, 0x1c, 0xff, 0x40, 0x0, 0x0, 0x0, 0x5f,
    0xff, 0xff, 0x40, 0x0, 0x0, 0x0, 0x0, 0x5f,
    0xff, 0x40, 0x0, 0x0, 0x0, 0x0, 0x0, 0x5f,
    0x40, 0x0, 0x0, 0x0, 0x0, 0x0, 0x0, 0x10,
    0x0, 0x0, 0x0,

    /* U+2305 "⌅" */
    0x34, 0x44, 0x44, 0x44, 0x44, 0x44, 0x44, 0x1c,
    0xff, 0xff, 0xff, 0xff, 0xff, 0xff, 0xf5, 0xbf,
    0xff, 0xff, 0xff, 0xff, 0xff, 0xff, 0x40, 0x0,
    0x0, 0x0, 0x0, 0x0, 0x0, 0x0, 0x0, 0x0,
    0x0, 0x0, 0x0, 0x0, 0x0, 0x0, 0x0, 0x0,
    0x5, 0xb0, 0x0, 0x0, 0x0, 0x0, 0x0, 0x5,
    0xff, 0xc0, 0x0, 0x0, 0x0, 0x0, 0x5, 0xff,
    0xff, 0xc0, 0x0, 0x0, 0x0, 0x5, 0xff, 0xb5,
    0xff, 0xc0, 0x0, 0x0, 0x5, 0xff, 0xb0, 0x4,
    0xff, 0xc0, 0x0, 0x5, 0xff, 0xb0, 0x0, 0x4,
    0xff, 0xc0, 0x5, 0xff, 0xb0, 0x0, 0x0, 0x4,
    0xff, 0xc0, 0x6f, 0xb0, 0x0, 0x0, 0x0, 0x4,
    0xfd, 0x10, 0x40, 0x0, 0x0, 0x0, 0x0, 0x4,
    0x10,

    /* U+2318 "⌘" */
    0x0, 0x3a, 0xca, 0x20, 0x0, 0x0, 0x7, 0xcc,
    0x81, 0x0, 0x4f, 0xff, 0xff, 0x30, 0x0, 0xc,
    0xff, 0xff, 0xe1, 0xe, 0xf8, 0x29, 0xfd, 0x0,
    0x7, 0xfd, 0x43, 0xbf, 0xa2, 0xfd, 0x0, 0xe,
    0xf1, 0x0, 0xcf, 0x30, 0x1, 0xfe, 0x2f, 0xd0,
    0x0, 0xcf, 0x20, 0xd, 0xf1, 0x0, 0xf, 0xe0,
    0xef, 0x61, 0xc, 0xf3, 0x0, 0xdf, 0x20, 0x1a,
    0xfa, 0x5, 0xff, 0xff, 0xff, 0xff, 0xff, 0xff,
    0xff, 0xfe, 0x20, 0x4, 0xce, 0xef, 0xfe, 0xee,
    0xff, 0xee, 0xd9, 0x10, 0x0, 0x0, 0x0, 0xcf,
    0x30, 0xd, 0xf1, 0x0, 0x0, 0x0, 0x0, 0x0,
    0xc, 0xf3, 0x0, 0xdf, 0x10, 0x0, 0x0, 0x0,
    0x0, 0x0, 0xcf, 0x30, 0xd, 0xf2, 0x0, 0x0,
    0x0, 0x7, 0xef, 0xff, 0xff, 0xff, 0xff, 0xff,
    0xfc, 0x30, 0x8, 0xff, 0xfe, 0xff, 0xee, 0xef,
    0xfe, 0xef, 0xff, 0x40, 0xff, 0x40, 0xc, 0xf3,
    0x0, 0xdf, 0x10, 0x8, 0xfc, 0x2f, 0xc0, 0x0,
    0xcf, 0x20, 0xd, 0xf2, 0x0, 0xf, 0xf1, 0xff,
    0x20, 0x3f, 0xf0, 0x0, 0xaf, 0x80, 0x5, 0xfd,
    0x9, 0xff, 0xdf, 0xf9, 0x0, 0x3, 0xff, 0xed,
    0xff, 0x50, 0x9, 0xff, 0xf8, 0x0, 0x0, 0x4,
    0xdf, 0xfe, 0x60, 0x0, 0x0, 0x20, 0x0, 0x0,
    0x0, 0x0, 0x12, 0x0, 0x0,

    /* U+2325 "⌥" */
    0x44, 0x44, 0x44, 0x40, 0x0, 0x0, 0x44, 0x44,
    0x44, 0x44, 0x1f, 0xff, 0xff, 0xff, 0x50, 0x0,
    0xe, 0xff, 0xff, 0xff, 0xf3, 0xef, 0xff, 0xff,
    0xfd, 0x0, 0x0, 0xef, 0xff, 0xff, 0xff, 0x30,
    0x0, 0x0, 0x1f, 0xf6, 0x0, 0x0, 0x0, 0x0,
    0x0, 0x0, 0x0, 0x0, 0x0, 0x8f, 0xe0, 0x0,
    0x0, 0x0, 0x0, 0x0, 0x0, 0x0, 0x0, 0x1,
    0xff, 0x60, 0x0, 0x0, 0x0, 0x0, 0x0, 0x0,
    0x0, 0x0, 0x8, 0xfe, 0x0, 0x0, 0x0, 0x0,
    0x0, 0x0, 0x0, 0x0, 0x0, 0x1f, 0xf6, 0x0,
    0x0, 0x0, 0x0, 0x0, 0x0, 0x0, 0x0, 0x0,
    0x8f, 0xe0, 0x0, 0x0, 0x0, 0x0, 0x0, 0x0,
    0x0, 0x0, 0x1, 0xef, 0x70, 0x0, 0x0, 0x0,
    0x0, 0x0, 0x0, 0x0, 0x0, 0x7, 0xfe, 0x0,
    0x0, 0x0, 0x0, 0x0, 0x0, 0x0, 0x0, 0x0,
    0xe, 0xf7, 0x0, 0x0, 0x0, 0x0, 0x0, 0x0,
    0x0, 0x0, 0x0, 0x7f, 0xe0, 0x0, 0x0, 0x0,
    0x0, 0x0, 0x0, 0x0, 0x0, 0x0, 0xef, 0x70,
    0x0, 0x0, 0x0, 0x0, 0x0, 0x0, 0x0, 0x0,
    0x7, 0xff, 0x10, 0x0, 0x0, 0x0, 0x0, 0x0,
    0x0, 0x0, 0x0, 0xe, 0xf9, 0x33, 0x33, 0x30,
    0x0, 0x0, 0x0, 0x0, 0x0, 0x0, 0x6f, 0xff,
    0xff, 0xff, 0x30, 0x0, 0x0, 0x0, 0x0, 0x0,
    0x0, 0xef, 0xff, 0xff, 0xf3,

    /* U+2326 "⌦" */
    0x34, 0x44, 0x44, 0x44, 0x44, 0x44, 0x44, 0x44,
    0x20, 0x0, 0x0, 0x0, 0x0, 0xef, 0xff, 0xff,
    0xff, 0xff, 0xff, 0xff, 0xff, 0xe3, 0x0, 0x0,
    0x0, 0x0, 0xef, 0xff, 0xff, 0xff, 0xff, 0xff,
    0xff, 0xff, 0xfe, 0x30, 0x0, 0x0, 0x0, 0xef,
    0x40, 0x0, 0x0, 0x0, 0x0, 0x0, 0x1, 0xdf,
    0xe3, 0x0, 0x0, 0x0, 0xef, 0x40, 0x0, 0x41,
    0x0, 0x0, 0x3, 0x20, 0x1d, 0xff, 0x30, 0x0,
    0x0, 0xef, 0x40, 0x4, 0xfd, 0x10, 0x0, 0x3f,
    0xe2, 0x1, 0xdf, 0xf3, 0x0, 0x0, 0xef, 0x40,
    0x2, 0xef, 0xd1, 0x4, 0xff, 0xc0, 0x0, 0x1d,
    0xff, 0x30, 0x0, 0xef, 0x40, 0x0, 0x2e, 0xfd,
    0x5f, 0xfc, 0x0, 0x0, 0x1, 0xdf, 0xf3, 0x0,
    0xef, 0x40, 0x0, 0x2, 0xef, 0xff, 0xb0, 0x0,
    0x0, 0x0, 0x1d, 0xff, 0x30, 0xef, 0x40, 0x0,
    0x0, 0x6f, 0xff, 0x20, 0x0, 0x0, 0x0, 0x5,
    0xff, 0xc0, 0xef, 0x40, 0x0, 0x5, 0xff, 0xff,
    0xe2, 0x0, 0x0, 0x0, 0x3f, 0xfd, 0x10, 0xef,
    0x40, 0x0, 0x5f, 0xfa, 0x2d, 0xfe, 0x20, 0x0,
    0x4, 0xff, 0xd1, 0x0, 0xef, 0x40, 0x5, 0xff,
    0xa0, 0x1, 0xdf, 0xe2, 0x0, 0x4f, 0xfd, 0x10,
    0x0, 0xef, 0x40, 0x2, 0xea, 0x0, 0x0, 0x1d,
    0xb0, 0x4, 0xff, 0xd1, 0x0, 0x0, 0xef, 0x40,
    0x0, 0x10, 0x0, 0x0, 0x1, 0x0, 0x4f, 0xfd,
    0x10, 0x0, 0x0, 0xef, 0x63, 0x33, 0x33, 0x33,
    0x33, 0x33, 0x35, 0xff, 0xc1, 0x0, 0x0, 0x0,
    0xef, 0xff, 0xff, 0xff, 0xff, 0xff, 0xff, 0xff,
    0xfc, 0x10, 0x0, 0x0, 0x0, 0xef, 0xff, 0xff,
    0xff, 0xff, 0xff, 0xff, 0xff, 0xc1, 0x0, 0x0,
    0x0, 0x0,

    /* U+2327 "⌧" */
    0x4, 0x44, 0x44, 0x44, 0x44, 0x44, 0x44, 0x44,
    0x44, 0x44, 0x41, 0x1f, 0xff, 0xff, 0xff, 0xff,
    0xff, 0xff, 0xff, 0xff, 0xff, 0xf4, 0x1f, 0xff,
    0xff, 0xff, 0xff, 0xff, 0xff, 0xff, 0xff, 0xff,
    0xf4, 0x1f, 0xf2, 0x0, 0x0, 0x0, 0x0, 0x0,
    0x0, 0x0, 0xe, 0xf4, 0x1f, 0xf2, 0x0, 0x5,
    0x0, 0x0, 0x0, 0x50, 0x0, 0xe, 0xf4, 0x1f,
    0xf2, 0x0, 0x7f, 0xb0, 0x0, 0x7, 0xfb, 0x0,
    0xe, 0xf4, 0x1f, 0xf2, 0x0, 0x4f, 0xfb, 0x0,
    0x7f, 0xf8, 0x0, 0xe, 0xf4, 0x1f, 0xf2, 0x0,
    0x4, 0xff, 0xb7, 0xff, 0x80, 0x0, 0xe, 0xf4,
    0x1f, 0xf2, 0x0, 0x0, 0x4f, 0xff, 0xf8, 0x0,
    0x0, 0xe, 0xf4, 0x1f, 0xf2, 0x0, 0x0, 0xa,
    0xff, 0xd0, 0x0, 0x0, 0xe, 0xf4, 0x1f, 0xf2,
    0x0, 0x0, 0x8f, 0xff, 0xfb, 0x0, 0x0, 0xe,
    0xf4, 0x1f, 0xf2, 0x0, 0x8, 0xff, 0x74, 0xff,
    0xb0, 0x0, 0xe, 0xf4, 0x1f, 0xf2, 0x0, 0x8f,
    0xf7, 0x0, 0x4f, 0xfb, 0x0, 0xe, 0xf4, 0x1f,
    0xf2, 0x0, 0x4f, 0x70, 0x0, 0x4, 0xf7, 0x0,
    0xe, 0xf4, 0x1f, 0xf2, 0x0, 0x1, 0x0, 0x0,
    0x0, 0x20, 0x0, 0xe, 0xf4, 0x1f, 0xf5, 0x33,
    0x33, 0x33, 0x33, 0x33, 0x33, 0x33, 0x3e, 0xf4,
    0x1f, 0xff, 0xff, 0xff, 0xff, 0xff, 0xff, 0xff,
    0xff, 0xff, 0xf4, 0x1f, 0xff, 0xff, 0xff, 0xff,
    0xff, 0xff, 0xff, 0xff, 0xff, 0xf4,

    /* U+232B "⌫" */
    0x0, 0x0, 0x0, 0x0, 0x14, 0x44, 0x44, 0x44,
    0x44, 0x44, 0x44, 0x44, 0x40, 0x0, 0x0, 0x0,
    0x2e, 0xff, 0xff, 0xff, 0xff, 0xff, 0xff, 0xff,
    0xff, 0x0, 0x0, 0x0, 0x2e, 0xff, 0xff, 0xff,
    0xff, 0xff, 0xff, 0xff, 0xff, 0xf0, 0x0, 0x0,
    0x2e, 0xfe, 0x20, 0x0, 0x0, 0x0, 0x0, 0x0,
    0x3, 0xff, 0x0, 0x0, 0x2e, 0xfe, 0x20, 0x14,
    0x0, 0x0, 0x0, 0x50, 0x0, 0x3f, 0xf0, 0x0,
    0x2e, 0xfe, 0x20, 0x1d, 0xf4, 0x0, 0x0, 0xcf,
    0x60, 0x3, 0xff, 0x0, 0x2e, 0xfe, 0x20, 0x0,
    0xbf, 0xf5, 0x1, 0xcf, 0xf3, 0x0, 0x3f, 0xf0,
    0x2e, 0xfe, 0x20, 0x0, 0x0, 0xbf, 0xf6, 0xcf,
    0xe3, 0x0, 0x3, 0xff, 0x2e, 0xfe, 0x20, 0x0,
    0x0, 0x0, 0xaf, 0xff, 0xe3, 0x0, 0x0, 0x3f,
    0xfb, 0xff, 0x60, 0x0, 0x0, 0x0, 0x1, 0xff,
    0xf7, 0x0, 0x0, 0x3, 0xff, 0xc, 0xff, 0x40,
    0x0, 0x0, 0x1, 0xdf, 0xff, 0xf6, 0x0, 0x0,
    0x3f, 0xf0, 0xc, 0xff, 0x40, 0x0, 0x1, 0xdf,
    0xe2, 0x9f, 0xf6, 0x0, 0x3, 0xff, 0x0, 0xc,
    0xff, 0x50, 0x1, 0xdf, 0xe2, 0x0, 0x9f, 0xf6,
    0x0, 0x3f, 0xf0, 0x0, 0xc, 0xff, 0x50, 0xa,
    0xe2, 0x0, 0x0, 0x9e, 0x30, 0x3, 0xff, 0x0,
    0x0, 0xc, 0xff, 0x50, 0x1, 0x0, 0x0, 0x0,
    0x10, 0x0, 0x3f, 0xf0, 0x0, 0x0, 0xc, 0xff,
    0x63, 0x33, 0x33, 0x33, 0x33, 0x33, 0x36, 0xff,
    0x0, 0x0, 0x0, 0xb, 0xff, 0xff, 0xff, 0xff,
    0xff, 0xff, 0xff, 0xff, 0xf0, 0x0, 0x0, 0x0,
    0xb, 0xff, 0xff, 0xff, 0xff, 0xff, 0xff, 0xff,
    0xff,

    /* U+2380 "⎀" */
    0x0, 0x0, 0x0, 0x39, 0xa9, 0x50, 0x0, 0x0,
    0x0, 0x0, 0x0, 0x8f, 0xfe, 0xff, 0xb0, 0x0,
    0x0, 0x0, 0x0, 0x6, 0x82, 0x1, 0xff, 0x30,
    0x0, 0x0, 0x0, 0x0, 0x5, 0x8a, 0xcf, 0xf4,
    0x0, 0x0, 0x0, 0x0, 0xd, 0xfd, 0xa7, 0xff,
    0x40, 0x0, 0x0, 0x0, 0x4, 0xfd, 0x0, 0x1f,
    0xf4, 0x0, 0x0, 0x0, 0x0, 0x2f, 0xfb, 0xae,
    0xff, 0x40, 0x0, 0x5, 0xe3, 0x0, 0x4b, 0xdb,
    0x49, 0xb3, 0x2, 0xe7, 0x4f, 0xe3, 0x0, 0x0,
    0x0, 0x0, 0x2, 0xef, 0x50, 0x4f, 0xe3, 0x0,
    0x0, 0x0, 0x2, 0xef, 0x50, 0x0, 0x4f, 0xe3,
    0x0, 0x0, 0x2, 0xef, 0x50, 0x0, 0x0, 0x4f,
    0xe3, 0x0, 0x2, 0xef, 0x50, 0x0, 0x0, 0x0,
    0x4f, 0xe2, 0x2, 0xef, 0x60, 0x0, 0x0, 0x0,
    0x0, 0x4f, 0xe5, 0xef, 0x60, 0x0, 0x0, 0x0,
    0x0, 0x0, 0x4f, 0xff, 0x60, 0x0, 0x0, 0x0,
    0x0, 0x0, 0x0, 0x4f, 0x60, 0x0, 0x0, 0x0,
    0x0, 0x0, 0x0, 0x0, 0x10, 0x0, 0x0, 0x0,
    0x0,

    /* U+2387 "⎇" */
    0x0, 0x0, 0x0, 0x0, 0x0, 0x0, 0x3, 0x44,
    0x44, 0x44, 0x10, 0x0, 0x0, 0x0, 0x0, 0x0,
    0x1, 0xff, 0xff, 0xff, 0xf3, 0x0, 0x0, 0x0,
    0x0, 0x0, 0x0, 0x9f, 0xff, 0xff, 0xff, 0x30,
    0x0, 0x0, 0x0, 0x0, 0x0, 0x1f, 0xf6, 0x0,
    0x0, 0x0, 0x0, 0x0, 0x0, 0x0, 0x0, 0x9,
    0xfd, 0x0, 0x0, 0x0, 0x0, 0x0, 0x0, 0x0,
    0x0, 0x2, 0xff, 0x50, 0x0, 0x0, 0x0, 0x0,
    0x0, 0x0, 0x0, 0x0, 0x9f, 0xd0, 0x0, 0x0,
    0x0, 0x0, 0x0, 0x0, 0x0, 0x0, 0x2f, 0xf5,
    0x0, 0x0, 0x0, 0x0, 0x0, 0x0, 0x0, 0x0,
    0xa, 0xfd, 0x0, 0x0, 0x0, 0x0, 0x0, 0x0,
    0x0, 0x0, 0x2, 0xff, 0x40, 0x0, 0x0, 0x0,
    0x0, 0x0, 0x0, 0x0, 0x0, 0xaf, 0xc0, 0x0,
    0x0, 0x0, 0x0, 0x0, 0x0, 0x0, 0x0, 0x2f,
    0xf4, 0x0, 0x0, 0x0, 0x0, 0x0, 0x0, 0x0,
    0x0, 0xa, 0xfc, 0x0, 0x0, 0x0, 0x0, 0x0,
    0x0, 0x0, 0x0, 0x3, 0xff, 0x40, 0x0, 0x0,
    0x0, 0x0, 0x0, 0x0, 0x0, 0x0, 0xbf, 0xc0,
    0x0, 0x0, 0x0, 0x0, 0x0, 0x3, 0x33, 0x33,
    0x5f, 0xf3, 0x0, 0x3, 0x33, 0x33, 0x33, 0x30,
    0xff, 0xff, 0xff, 0xfb, 0x0, 0x0, 0xef, 0xff,
    0xff, 0xff, 0x3f, 0xff, 0xff, 0xff, 0x30, 0x0,
    0xe, 0xff, 0xff, 0xff, 0xf3,

    /* U+238B "⎋" */
    0x16, 0x66, 0x66, 0x40, 0x3, 0x41, 0x0, 0x0,
    0x0, 0x4, 0xff, 0xff, 0xe2, 0x0, 0x8f, 0xfc,
    0x50, 0x0, 0x0, 0x4f, 0xff, 0xe2, 0x0, 0x7,
    0xff, 0xff, 0xb1, 0x0, 0x4, 0xff, 0xff, 0x30,
    0x0, 0x0, 0x3a, 0xff, 0xd0, 0x0, 0x4f, 0xed,
    0xff, 0x30, 0x0, 0x0, 0x4, 0xff, 0xa0, 0x4,
    0xe2, 0x1d, 0xff, 0x30, 0x0, 0x0, 0x5, 0xff,
    0x40, 0x32, 0x0, 0x1d, 0xff, 0x30, 0x0, 0x0,
    0xb, 0xfa, 0x0, 0x0, 0x0, 0x1d, 0xff, 0x30,
    0x0, 0x0, 0x5f, 0xf0, 0x0, 0x0, 0x0, 0x1d,
    0xfe, 0x0, 0x0, 0x2, 0xff, 0x12, 0xba, 0x0,
    0x0, 0x1c, 0x40, 0x0, 0x0, 0x1f, 0xf2, 0x2f,
    0xf1, 0x0, 0x0, 0x0, 0x0, 0x0, 0x2, 0xff,
    0x10, 0xff, 0x50, 0x0, 0x0, 0x0, 0x0, 0x0,
    0x7f, 0xd0, 0xa, 0xfd, 0x0, 0x0, 0x0, 0x0,
    0x0, 0xe, 0xf8, 0x0, 0x2f, 0xf8, 0x0, 0x0,
    0x0, 0x0, 0x9, 0xff, 0x10, 0x0, 0x8f, 0xf9,
    0x0, 0x0, 0x0, 0x1a, 0xff, 0x60, 0x0, 0x0,
    0x9f, 0xfe, 0x85, 0x45, 0x9f, 0xff, 0x80, 0x0,
    0x0, 0x0, 0x6f, 0xff, 0xff, 0xff, 0xfe, 0x50,
    0x0, 0x0, 0x0, 0x0, 0x17, 0xce, 0xfe, 0xb6,
    0x0, 0x0, 0x0,

    /* U+23CE "⏎" */
    0x0, 0x0, 0x0, 0x0, 0x0, 0x0, 0x34, 0x44,
    0x44, 0x41, 0x0, 0x0, 0x0, 0x0, 0x0, 0x0,
    0xcf, 0xff, 0xff, 0xf4, 0x0, 0x0, 0x0, 0x0,
    0x0, 0x0, 0xbf, 0xff, 0xff, 0xf4, 0x0, 0x0,
    0x0, 0x0, 0x0, 0x0, 0x0, 0x0, 0xe, 0xf4,
    0x0, 0x0, 0x0, 0x0, 0x0, 0x0, 0x0, 0x0,
    0xe, 0xf4, 0x0, 0x0, 0x15, 0x0, 0x0, 0x0,
    0x0, 0x0, 0xe, 0xf4, 0x0, 0x2, 0xd8, 0x0,
    0x0, 0x0, 0x0, 0x0, 0xe, 0xf4, 0x0, 0x2e,
    0xf8, 0x0, 0x0, 0x0, 0x0, 0x0, 0xe, 0xf4,
    0x3, 0xef, 0xf8, 0x0, 0x0, 0x0, 0x0, 0x0,
    0xe, 0xf4, 0x3f, 0xff, 0xff, 0xff, 0xff, 0xff,
    0xff, 0xff, 0xff, 0xf4, 0x7f, 0xff, 0xff, 0xff,
    0xff, 0xff, 0xff, 0xff, 0xff, 0xf4, 0x7, 0xff,
    0xf9, 0x33, 0x33, 0x33, 0x33, 0x33, 0x33, 0x31,
    0x0, 0x7f, 0xf8, 0x0, 0x0, 0x0, 0x0, 0x0,
    0x0, 0x0, 0x0, 0x7, 0xf8, 0x0, 0x0, 0x0,
    0x0, 0x0, 0x0, 0x0, 0x0, 0x0, 0x77, 0x0,
    0x0, 0x0, 0x0, 0x0, 0x0, 0x0, 0x0, 0x0,
    0x1, 0x0, 0x0, 0x0, 0x0, 0x0, 0x0, 0x0,

    /* U+23CF "⏏" */
    0x0, 0x0, 0x0, 0x0, 0x6, 0x0, 0x0, 0x0,
    0x0, 0x0, 0x0, 0x0, 0x0, 0xc, 0xf7, 0x0,
    0x0, 0x0, 0x0, 0x0, 0x0, 0x0, 0xc, 0xff,
    0xf7, 0x0, 0x0, 0x0, 0x0, 0x0, 0x0, 0xb,
    0xff, 0xff, 0xf7, 0x0, 0x0, 0x0, 0x0, 0x0,
    0xb, 0xff, 0xff, 0xff, 0xf6, 0x0, 0x0, 0x0,
    0x0, 0xb, 0xff, 0xff, 0xff, 0xff, 0xf6, 0x0,
    0x0, 0x0, 0xb, 0xff, 0xff, 0xff, 0xff, 0xff,
    0xf6, 0x0, 0x0, 0xa, 0xff, 0xff, 0xff, 0xff,
    0xff, 0xff, 0xf5, 0x0, 0xa, 0xff, 0xff, 0xff,
    0xff, 0xff, 0xff, 0xff, 0xf5, 0x1, 0x55, 0x55,
    0x55, 0x55, 0x55, 0x55, 0x55, 0x55, 0x40, 0x0,
    0x0, 0x0, 0x0, 0x0, 0x0, 0x0, 0x0, 0x0,
    0x0, 0x0, 0x0, 0x0, 0x0, 0x0, 0x0, 0x0,
    0x0, 0x0, 0x7f, 0xff, 0xff, 0xff, 0xff, 0xff,
    0xff, 0xff, 0xff, 0x17, 0xff, 0xff, 0xff, 0xff,
    0xff, 0xff, 0xff, 0xff, 0xf1, 0x7f, 0xff, 0xff,
    0xff, 0xff, 0xff, 0xff, 0xff, 0xff, 0x13, 0x77,
    0x77, 0x77, 0x77, 0x77, 0x77, 0x77, 0x77, 0x70,

    /* U+25A0 "■" */
    0x67, 0x77, 0x77, 0x77, 0x77, 0x77, 0x77, 0x77,
    0x74, 0xef, 0xff, 0xff, 0xff, 0xff, 0xff, 0xff,
    0xff, 0xf8, 0xef, 0xff, 0xff, 0xff, 0xff, 0xff,
    0xff, 0xff, 0xf8, 0xef, 0xff, 0xff, 0xff, 0xff,
    0xff, 0xff, 0xff, 0xf8, 0xef, 0xff, 0xff, 0xff,
    0xff, 0xff, 0xff, 0xff, 0xf8, 0xef, 0xff, 0xff,
    0xff, 0xff, 0xff, 0xff, 0xff, 0xf8, 0xef, 0xff,
    0xff, 0xff, 0xff, 0xff, 0xff, 0xff, 0xf8, 0xef,
    0xff, 0xff, 0xff, 0xff, 0xff, 0xff, 0xff, 0xf8,
    0xef, 0xff, 0xff, 0xff, 0xff, 0xff, 0xff, 0xff,
    0xf8, 0xef, 0xff, 0xff, 0xff, 0xff, 0xff, 0xff,
    0xff, 0xf8, 0xef, 0xff, 0xff, 0xff, 0xff, 0xff,
    0xff, 0xff, 0xf8, 0xef, 0xff, 0xff, 0xff, 0xff,
    0xff, 0xff, 0xff, 0xf8, 0xef, 0xff, 0xff, 0xff,
    0xff, 0xff, 0xff, 0xff, 0xf8, 0xef, 0xff, 0xff,
    0xff, 0xff, 0xff, 0xff, 0xff, 0xf8, 0xef, 0xff,
    0xff, 0xff, 0xff, 0xff, 0xff, 0xff, 0xf8, 0xef,
    0xff, 0xff, 0xff, 0xff, 0xff, 0xff, 0xff, 0xf8,
    0xef, 0xff, 0xff, 0xff, 0xff, 0xff, 0xff, 0xff,
    0xf8, 0xef, 0xff, 0xff, 0xff, 0xff, 0xff, 0xff,
    0xff, 0xf8,

    /* U+25A1 "□" */
    0x34, 0x44, 0x44, 0x44, 0x44, 0x44, 0x44, 0x44,
    0x41, 0xef, 0xff, 0xff, 0xff, 0xff, 0xff, 0xff,
    0xff, 0xf5, 0xef, 0xff, 0xff, 0xff, 0xff, 0xff,
    0xff, 0xff, 0xf5, 0xef, 0x40, 0x0, 0x0, 0x0,
    0x0, 0x0, 0xe, 0xf5, 0xef, 0x40, 0x0, 0x0,
    0x0, 0x0, 0x0, 0xe, 0xf5, 0xef, 0x40, 0x0,
    0x0, 0x0, 0x0, 0x0, 0xe, 0xf5, 0xef, 0x40,
    0x0, 0x0, 0x0, 0x0, 0x0, 0xe, 0xf5, 0xef,
    0x40, 0x0, 0x0, 0x0, 0x0, 0x0, 0xe, 0xf5,
    0xef, 0x40, 0x0, 0x0, 0x0, 0x0, 0x0, 0xe,
    0xf5, 0xef, 0x40, 0x0, 0x0, 0x0, 0x0, 0x0,
    0xe, 0xf5, 0xef, 0x40, 0x0, 0x0, 0x0, 0x0,
    0x0, 0xe, 0xf5, 0xef, 0x40, 0x0, 0x0, 0x0,
    0x0, 0x0, 0xe, 0xf5, 0xef, 0x40, 0x0, 0x0,
    0x0, 0x0, 0x0, 0xe, 0xf5, 0xef, 0x40, 0x0,
    0x0, 0x0, 0x0, 0x0, 0xe, 0xf5, 0xef, 0x40,
    0x0, 0x0, 0x0, 0x0, 0x0, 0xe, 0xf5, 0xef,
    0x63, 0x33, 0x33, 0x33, 0x33, 0x33, 0x3e, 0xf5,
    0xef, 0xff, 0xff, 0xff, 0xff, 0xff, 0xff, 0xff,
    0xf5, 0xef, 0xff, 0xff, 0xff, 0xff, 0xff, 0xff,
    0xff, 0xf5,

    /* U+25A2 "▢" */
    0x0, 0x34, 0x44, 0x44, 0x44, 0x44, 0x44, 0x41,
    0x0, 0x4f, 0xff, 0xff, 0xff, 0xff, 0xff, 0xff,
    0xff, 0x90, 0xcf, 0xff, 0xff, 0xff, 0xff, 0xff,
    0xff, 0xff, 0xf2, 0xef, 0x50, 0x0, 0x0, 0x0,
    0x0, 0x0, 0xe, 0xf4, 0xef, 0x40, 0x0, 0x0,
    0x0, 0x0, 0x0, 0xe, 0xf5, 0xef, 0x40, 0x0,
    0x0, 0x0, 0x0, 0x0, 0xe, 0xf5, 0xef, 0x40,
    0x0, 0x0, 0x0, 0x0, 0x0, 0xe, 0xf5, 0xef,
    0x40, 0x0, 0x0, 0x0, 0x0, 0x0, 0xe, 0xf5,
    0xef, 0x40, 0x0, 0x0, 0x0, 0x0, 0x0, 0xe,
    0xf5, 0xef, 0x40, 0x0, 0x0, 0x0, 0x0, 0x0,
    0xe, 0xf5, 0xef, 0x40, 0x0, 0x0, 0x0, 0x0,
    0x0, 0xe, 0xf5, 0xef, 0x40, 0x0, 0x0, 0x0,
    0x0, 0x0, 0xe, 0xf5, 0xef, 0x40, 0x0, 0x0,
    0x0, 0x0, 0x0, 0xe, 0xf5, 0xef, 0x40, 0x0,
    0x0, 0x0, 0x0, 0x0, 0xe, 0xf5, 0xef, 0x40,
    0x0, 0x0, 0x0, 0x0, 0x0, 0xe, 0xf5, 0xef,
    0x73, 0x33, 0x33, 0x33, 0x33, 0x33, 0x3f, 0xf4,
    0xbf, 0xff, 0xff, 0xff, 0xff, 0xff, 0xff, 0xff,
    0xf1, 0x2b, 0xff, 0xff, 0xff, 0xff, 0xff, 0xff,
    0xfd, 0x50,

    /* U+25AA "▪" */
    0x2, 0x22, 0x22, 0x21, 0x1f, 0xff, 0xff, 0xfc,
    0x1f, 0xff, 0xff, 0xfc, 0x1f, 0xff, 0xff, 0xfc,
    0x1f, 0xff, 0xff, 0xfc, 0x1f, 0xff, 0xff, 0xfc,
    0x1f, 0xff, 0xff, 0xfc, 0xa, 0xaa, 0xaa, 0xa8,

    /* U+25B2 "▲" */
    0x0, 0x0, 0x0, 0x0, 0x0, 0x2, 0x0, 0x0,
    0x0, 0x0, 0x0, 0x0, 0x0, 0x0, 0x0, 0x0,
    0x5, 0xd0, 0x0, 0x0, 0x0, 0x0, 0x0, 0x0,
    0x0, 0x0, 0x0, 0x0, 0xef, 0x70, 0x0, 0x0,
    0x0, 0x0, 0x0, 0x0, 0x0, 0x0, 0x0, 0x8f,
    0xff, 0x10, 0x0, 0x0, 0x0, 0x0, 0x0, 0x0,
    0x0, 0x0, 0x2f, 0xff, 0xfa, 0x0, 0x0, 0x0,
    0x0, 0x0, 0x0, 0x0, 0x0, 0xb, 0xff, 0xff,
    0xf4, 0x0, 0x0, 0x0, 0x0, 0x0, 0x0, 0x0,
    0x5, 0xff, 0xff, 0xff, 0xd0, 0x0, 0x0, 0x0,
    0x0, 0x0, 0x0, 0x0, 0xef, 0xff, 0xff, 0xff,
    0x70, 0x0, 0x0, 0x0, 0x0, 0x0, 0x0, 0x8f,
    0xff, 0xff, 0xff, 0xff, 0x10, 0x0, 0x0, 0x0,
    0x0, 0x0, 0x2f, 0xff, 0xff, 0xff, 0xff, 0xfa,
    0x0, 0x0, 0x0, 0x0, 0x0, 0xb, 0xff, 0xff,
    0xff, 0xff, 0xff, 0xf3, 0x0, 0x0, 0x0, 0x0,
    0x4, 0xff, 0xff, 0xff, 0xff, 0xff, 0xff, 0xd0,
    0x0, 0x0, 0x0, 0x0, 0xdf, 0xff, 0xff, 0xff,
    0xff, 0xff, 0xff, 0x60, 0x0, 0x0, 0x0, 0x7f,
    0xff, 0xff, 0xff, 0xff, 0xff, 0xff, 0xff, 0x10,
    0x0, 0x0, 0x1f, 0xff, 0xff, 0xff, 0xff, 0xff,
    0xff, 0xff, 0xf9, 0x0, 0x0, 0xa, 0xff, 0xff,
    0xff, 0xff, 0xff, 0xff, 0xff, 0xff, 0xf3, 0x0,
    0x4, 0xff, 0xff, 0xff, 0xff, 0xff, 0xff, 0xff,
    0xff, 0xff, 0xc0, 0x0, 0xdf, 0xff, 0xff, 0xff,
    0xff, 0xff, 0xff, 0xff, 0xff, 0xff, 0x60, 0x7f,
    0xff, 0xff, 0xff, 0xff, 0xff, 0xff, 0xff, 0xff,
    0xff, 0xfe, 0x10,

    /* U+25B3 "△" */
    0x0, 0x0, 0x0, 0x0, 0x0, 0x2, 0x0, 0x0,
    0x0, 0x0, 0x0, 0x0, 0x0, 0x0, 0x0, 0x0,
    0x5, 0xd0, 0x0, 0x0, 0x0, 0x0, 0x0, 0x0,
    0x0, 0x0, 0x0, 0x0, 0xef, 0x70, 0x0, 0x0,
    0x0, 0x0, 0x0, 0x0, 0x0, 0x0, 0x0, 0x8f,
    0xff, 0x10, 0x0, 0x0, 0x0, 0x0, 0x0, 0x0,
    0x0, 0x0, 0x2f, 0xff, 0xfa, 0x0, 0x0, 0x0,
    0x0, 0x0, 0x0, 0x0, 0x0, 0xb, 0xfd, 0x5f,
    0xf4, 0x0, 0x0, 0x0, 0x0, 0x0, 0x0, 0x0,
    0x5, 0xff, 0x30, 0xbf, 0xd0, 0x0, 0x0, 0x0,
    0x0, 0x0, 0x0, 0x0, 0xef, 0xa0, 0x2, 0xff,
    0x70, 0x0, 0x0, 0x0, 0x0, 0x0, 0x0, 0x8f,
    0xf1, 0x0, 0x8, 0xff, 0x10, 0x0, 0x0, 0x0,
    0x0, 0x0, 0x2f, 0xf7, 0x0, 0x0, 0xe, 0xfa,
    0x0, 0x0, 0x0, 0x0, 0x0, 0xb, 0xfd, 0x0,
    0x0, 0x0, 0x5f, 0xf3, 0x0, 0x0, 0x0, 0x0,
    0x4, 0xff, 0x40, 0x0, 0x0, 0x0, 0xbf, 0xd0,
    0x0, 0x0, 0x0, 0x0, 0xdf, 0xa0, 0x0, 0x0,
    0x0, 0x2, 0xff, 0x60, 0x0, 0x0, 0x0, 0x7f,
    0xf2, 0x0, 0x0, 0x0, 0x0, 0x8, 0xff, 0x10,
    0x0, 0x0, 0x1f, 0xf8, 0x0, 0x0, 0x0, 0x0,
    0x0, 0xe, 0xf9, 0x0, 0x0, 0xa, 0xfd, 0x0,
    0x0, 0x0, 0x0, 0x0, 0x0, 0x5f, 0xf3, 0x0,
    0x4, 0xff, 0x83, 0x33, 0x33, 0x33, 0x33, 0x33,
    0x33, 0xdf, 0xc0, 0x0, 0xdf, 0xff, 0xff, 0xff,
    0xff, 0xff, 0xff, 0xff, 0xff, 0xff, 0x60, 0x7f,
    0xff, 0xff, 0xff, 0xff, 0xff, 0xff, 0xff, 0xff,
    0xff, 0xfe, 0x10,

    /* U+25B6 "▶" */
    0x40, 0x0, 0x0, 0x0, 0x0, 0x0, 0x0, 0x0,
    0x0, 0x0, 0xae, 0x50, 0x0, 0x0, 0x0, 0x0,
    0x0, 0x0, 0x0, 0x0, 0xaf, 0xfc, 0x30, 0x0,
    0x0, 0x0, 0x0, 0x0, 0x0, 0x0, 0xaf, 0xff,
    0xf9, 0x10, 0x0, 0x0, 0x0, 0x0, 0x0, 0x0,
    0xaf, 0xff, 0xff, 0xf7, 0x0, 0x0, 0x0, 0x0,
    0x0, 0x0, 0xaf, 0xff, 0xff, 0xff, 0xd4, 0x0,
    0x0, 0x0, 0x0, 0x0, 0xaf, 0xff, 0xff, 0xff,
    0xff, 0xb2, 0x0, 0x0, 0x0, 0x0, 0xaf, 0xff,
    0xff, 0xff, 0xff, 0xff, 0x80, 0x0, 0x0, 0x0,
    0xaf, 0xff, 0xff, 0xff, 0xff, 0xff, 0xfe, 0x60,
    0x0, 0x0, 0xaf, 0xff, 0xff, 0xff, 0xff, 0xff,
    0xff, 0xfc, 0x30, 0x0, 0xaf, 0xff, 0xff, 0xff,
    0xff, 0xff, 0xff, 0xff, 0xfa, 0x10, 0xaf, 0xff,
    0xff, 0xff, 0xff, 0xff, 0xff, 0xff, 0xff, 0x80,
    0xaf, 0xff, 0xff, 0xff, 0xff, 0xff, 0xff, 0xff,
    0xc3, 0x0, 0xaf, 0xff, 0xff, 0xff, 0xff, 0xff,
    0xff, 0xe5, 0x0, 0x0, 0xaf, 0xff, 0xff, 0xff,
    0xff, 0xff, 0xf8, 0x0, 0x0, 0x0, 0xaf, 0xff,
    0xff, 0xff, 0xff, 0xfa, 0x20, 0x0, 0x0, 0x0,
    0xaf, 0xff, 0xff, 0xff, 0xfd, 0x40, 0x0, 0x0,
    0x0, 0x0, 0xaf, 0xff, 0xff, 0xfe, 0x60, 0x0,
    0x0, 0x0, 0x0, 0x0, 0xaf, 0xff, 0xff, 0x91,
    0x0, 0x0, 0x0, 0x0, 0x0, 0x0, 0xaf, 0xff,
    0xc3, 0x0, 0x0, 0x0, 0x0, 0x0, 0x0, 0x0,
    0xaf, 0xe5, 0x0, 0x0, 0x0, 0x0, 0x0, 0x0,
    0x0, 0x0, 0xa8, 0x0, 0x0, 0x0, 0x0, 0x0,
    0x0, 0x0, 0x0, 0x0, 0x0, 0x0, 0x0, 0x0,
    0x0, 0x0, 0x0, 0x0, 0x0, 0x0,

    /* U+25B7 "▷" */
    0x50, 0x0, 0x0, 0x0, 0x0, 0x0, 0x0, 0x0,
    0x0, 0xe, 0xd3, 0x0, 0x0, 0x0, 0x0, 0x0,
    0x0, 0x0, 0x0, 0xef, 0xfa, 0x10, 0x0, 0x0,
    0x0, 0x0, 0x0, 0x0, 0xe, 0xff, 0xff, 0x70,
    0x0, 0x0, 0x0, 0x0, 0x0, 0x0, 0xef, 0x9d,
    0xff, 0xe5, 0x0, 0x0, 0x0, 0x0, 0x0, 0xe,
    0xf5, 0x7, 0xff, 0xfb, 0x20, 0x0, 0x0, 0x0,
    0x0, 0xef, 0x50, 0x1, 0xaf, 0xff, 0x91, 0x0,
    0x0, 0x0, 0xe, 0xf5, 0x0, 0x0, 0x3c, 0xff,
    0xe6, 0x0, 0x0, 0x0, 0xef, 0x50, 0x0, 0x0,
    0x6, 0xef, 0xfd, 0x40, 0x0, 0xe, 0xf5, 0x0,
    0x0, 0x0, 0x1, 0x9f, 0xff, 0xa1, 0x0, 0xef,
    0x50, 0x0, 0x0, 0x0, 0x0, 0x2b, 0xff, 0xf8,
    0xe, 0xf5, 0x0, 0x0, 0x0, 0x0, 0x0, 0x2e,
    0xff, 0xf6, 0xef, 0x50, 0x0, 0x0, 0x0, 0x1,
    0x9f, 0xff, 0xa1, 0xe, 0xf5, 0x0, 0x0, 0x0,
    0x6, 0xef, 0xfc, 0x30, 0x0, 0xef, 0x50, 0x0,
    0x0, 0x4d, 0xff, 0xe6, 0x0, 0x0, 0xe, 0xf5,
    0x0, 0x2, 0xaf, 0xff, 0x80, 0x0, 0x0, 0x0,
    0xef, 0x50, 0x8, 0xff, 0xfb, 0x20, 0x0, 0x0,
    0x0, 0xe, 0xf5, 0x5e, 0xff, 0xd4, 0x0, 0x0,
    0x0, 0x0, 0x0, 0xef, 0xef, 0xff, 0x70, 0x0,
    0x0, 0x0, 0x0, 0x0, 0xe, 0xff, 0xfa, 0x10,
    0x0, 0x0, 0x0, 0x0, 0x0, 0x0, 0xef, 0xc3,
    0x0, 0x0, 0x0, 0x0, 0x0, 0x0, 0x0, 0xc,
    0x60, 0x0, 0x0, 0x0, 0x0, 0x0, 0x0, 0x0,
    0x0, 0x0, 0x0, 0x0, 0x0, 0x0, 0x0, 0x0,
    0x0, 0x0, 0x0,

    /* U+25BA "►" */
    0x40, 0x0, 0x0, 0x0, 0x0, 0x0, 0x0, 0x0,
    0x0, 0x0, 0xae, 0x50, 0x0, 0x0, 0x0, 0x0,
    0x0, 0x0, 0x0, 0x0, 0xaf, 0xfc, 0x30, 0x0,
    0x0, 0x0, 0x0, 0x0, 0x0, 0x0, 0xaf, 0xff,
    0xf9, 0x10, 0x0, 0x0, 0x0, 0x0, 0x0, 0x0,
    0xaf, 0xff, 0xff, 0xf7, 0x0, 0x0, 0x0, 0x0,
    0x0, 0x0, 0xaf, 0xff, 0xff, 0xff, 0xd4, 0x0,
    0x0, 0x0, 0x0, 0x0, 0xaf, 0xff, 0xff, 0xff,
    0xff, 0xb2, 0x0, 0x0, 0x0, 0x0, 0xaf, 0xff,
    0xff, 0xff, 0xff, 0xff, 0x80, 0x0, 0x0, 0x0,
    0xaf, 0xff, 0xff, 0xff, 0xff, 0xff, 0xfe, 0x60,
    0x0, 0x0, 0xaf, 0xff, 0xff, 0xff, 0xff, 0xff,
    0xff, 0xfc, 0x30, 0x0, 0xaf, 0xff, 0xff, 0xff,
    0xff, 0xff, 0xff, 0xff, 0xfa, 0x10, 0xaf, 0xff,
    0xff, 0xff, 0xff, 0xff, 0xff, 0xff, 0xff, 0x80,
    0xaf, 0xff, 0xff, 0xff, 0xff, 0xff, 0xff, 0xff,
    0xc3, 0x0, 0xaf, 0xff, 0xff, 0xff, 0xff, 0xff,
    0xff, 0xe5, 0x0, 0x0, 0xaf, 0xff, 0xff, 0xff,
    0xff, 0xff, 0xf8, 0x0, 0x0, 0x0, 0xaf, 0xff,
    0xff, 0xff, 0xff, 0xfa, 0x20, 0x0, 0x0, 0x0,
    0xaf, 0xff, 0xff, 0xff, 0xfd, 0x40, 0x0, 0x0,
    0x0, 0x0, 0xaf, 0xff, 0xff, 0xfe, 0x60, 0x0,
    0x0, 0x0, 0x0, 0x0, 0xaf, 0xff, 0xff, 0x91,
    0x0, 0x0, 0x0, 0x0, 0x0, 0x0, 0xaf, 0xff,
    0xc3, 0x0, 0x0, 0x0, 0x0, 0x0, 0x0, 0x0,
    0xaf, 0xe5, 0x0, 0x0, 0x0, 0x0, 0x0, 0x0,
    0x0, 0x0, 0xa8, 0x0, 0x0, 0x0, 0x0, 0x0,
    0x0, 0x0, 0x0, 0x0, 0x0, 0x0, 0x0, 0x0,
    0x0, 0x0, 0x0, 0x0, 0x0, 0x0,

    /* U+25BB "▻" */
    0x50, 0x0, 0x0, 0x0, 0x0, 0x0, 0x0, 0x0,
    0x0, 0xe, 0xd3, 0x0, 0x0, 0x0, 0x0, 0x0,
    0x0, 0x0, 0x0, 0xef, 0xfa, 0x10, 0x0, 0x0,
    0x0, 0x0, 0x0, 0x0, 0xe, 0xff, 0xff, 0x70,
    0x0, 0x0, 0x0, 0x0, 0x0, 0x0, 0xef, 0x9d,
    0xff, 0xe5, 0x0, 0x0, 0x0, 0x0, 0x0, 0xe,
    0xf5, 0x7, 0xff, 0xfb, 0x20, 0x0, 0x0, 0x0,
    0x0, 0xef, 0x50, 0x1, 0xaf, 0xff, 0x91, 0x0,
    0x0, 0x0, 0xe, 0xf5, 0x0, 0x0, 0x3c, 0xff,
    0xe6, 0x0, 0x0, 0x0, 0xef, 0x50, 0x0, 0x0,
    0x6, 0xef, 0xfd, 0x40, 0x0, 0xe, 0xf5, 0x0,
    0x0, 0x0, 0x1, 0x9f, 0xff, 0xa1, 0x0, 0xef,
    0x50, 0x0, 0x0, 0x0, 0x0, 0x2b, 0xff, 0xf8,
    0xe, 0xf5, 0x0, 0x0, 0x0, 0x0, 0x0, 0x2e,
    0xff, 0xf6, 0xef, 0x50, 0x0, 0x0, 0x0, 0x1,
    0x9f, 0xff, 0xa1, 0xe, 0xf5, 0x0, 0x0, 0x0,
    0x6, 0xef, 0xfc, 0x30, 0x0, 0xef, 0x50, 0x0,
    0x0, 0x4d, 0xff, 0xe6, 0x0, 0x0, 0xe, 0xf5,
    0x0, 0x2, 0xaf, 0xff, 0x80, 0x0, 0x0, 0x0,
    0xef, 0x50, 0x8, 0xff, 0xfb, 0x20, 0x0, 0x0,
    0x0, 0xe, 0xf5, 0x5e, 0xff, 0xd4, 0x0, 0x0,
    0x0, 0x0, 0x0, 0xef, 0xef, 0xff, 0x70, 0x0,
    0x0, 0x0, 0x0, 0x0, 0xe, 0xff, 0xfa, 0x10,
    0x0, 0x0, 0x0, 0x0, 0x0, 0x0, 0xef, 0xc3,
    0x0, 0x0, 0x0, 0x0, 0x0, 0x0, 0x0, 0xc,
    0x60, 0x0, 0x0, 0x0, 0x0, 0x0, 0x0, 0x0,
    0x0, 0x0, 0x0, 0x0, 0x0, 0x0, 0x0, 0x0,
    0x0, 0x0, 0x0,

    /* U+25BC "▼" */
    0x47, 0x77, 0x77, 0x77, 0x77, 0x77, 0x77, 0x77,
    0x77, 0x77, 0x77, 0x13, 0xff, 0xff, 0xff, 0xff,
    0xff, 0xff, 0xff, 0xff, 0xff, 0xff, 0xb0, 0x9,
    0xff, 0xff, 0xff, 0xff, 0xff, 0xff, 0xff, 0xff,
    0xff, 0xf2, 0x0, 0x1e, 0xff, 0xff, 0xff, 0xff,
    0xff, 0xff, 0xff, 0xff, 0xf8, 0x0, 0x0, 0x6f,
    0xff, 0xff, 0xff, 0xff, 0xff, 0xff, 0xff, 0xfe,
    0x0, 0x0, 0x0, 0xcf, 0xff, 0xff, 0xff, 0xff,
    0xff, 0xff, 0xff, 0x50, 0x0, 0x0, 0x3, 0xff,
    0xff, 0xff, 0xff, 0xff, 0xff, 0xff, 0xc0, 0x0,
    0x0, 0x0, 0x9, 0xff, 0xff, 0xff, 0xff, 0xff,
    0xff, 0xf2, 0x0, 0x0, 0x0, 0x0, 0x1f, 0xff,
    0xff, 0xff, 0xff, 0xff, 0xf9, 0x0, 0x0, 0x0,
    0x0, 0x0, 0x6f, 0xff, 0xff, 0xff, 0xff, 0xfe,
    0x0, 0x0, 0x0, 0x0, 0x0, 0x0, 0xdf, 0xff,
    0xff, 0xff, 0xff, 0x60, 0x0, 0x0, 0x0, 0x0,
    0x0, 0x3, 0xff, 0xff, 0xff, 0xff, 0xc0, 0x0,
    0x0, 0x0, 0x0, 0x0, 0x0, 0xa, 0xff, 0xff,
    0xff, 0xf3, 0x0, 0x0, 0x0, 0x0, 0x0, 0x0,
    0x0, 0x1f, 0xff, 0xff, 0xf9, 0x0, 0x0, 0x0,
    0x0, 0x0, 0x0, 0x0, 0x0, 0x7f, 0xff, 0xfe,
    0x10, 0x0, 0x0, 0x0, 0x0, 0x0, 0x0, 0x0,
    0x0, 0xdf, 0xff, 0x60, 0x0, 0x0, 0x0, 0x0,
    0x0, 0x0, 0x0, 0x0, 0x4, 0xff, 0xc0, 0x0,
    0x0, 0x0, 0x0, 0x0, 0x0, 0x0, 0x0, 0x0,
    0xb, 0xf3, 0x0, 0x0, 0x0, 0x0, 0x0, 0x0,
    0x0, 0x0, 0x0, 0x0, 0x29, 0x0, 0x0, 0x0,
    0x0, 0x0, 0x0, 0x0, 0x0, 0x0, 0x0, 0x0,
    0x0, 0x0, 0x0, 0x0, 0x0, 0x0,

    /* U+25BD "▽" */
    0x24, 0x44, 0x44, 0x44, 0x44, 0x44, 0x44, 0x44,
    0x44, 0x44, 0x44, 0x4, 0xff, 0xff, 0xff, 0xff,
    0xff, 0xff, 0xff, 0xff, 0xff, 0xff, 0xd0, 0xb,
    0xff, 0xff, 0xff, 0xff, 0xff, 0xff, 0xff, 0xff,
    0xff, 0xf4, 0x0, 0x2f, 0xf7, 0x0, 0x0, 0x0,
    0x0, 0x0, 0x0, 0xe, 0xfa, 0x0, 0x0, 0x8f,
    0xf1, 0x0, 0x0, 0x0, 0x0, 0x0, 0x8, 0xff,
    0x10, 0x0, 0x0, 0xef, 0xa0, 0x0, 0x0, 0x0,
    0x0, 0x2, 0xff, 0x70, 0x0, 0x0, 0x5, 0xff,
    0x30, 0x0, 0x0, 0x0, 0x0, 0xbf, 0xd0, 0x0,
    0x0, 0x0, 0xb, 0xfd, 0x0, 0x0, 0x0, 0x0,
    0x4f, 0xf4, 0x0, 0x0, 0x0, 0x0, 0x2f, 0xf6,
    0x0, 0x0, 0x0, 0xd, 0xfa, 0x0, 0x0, 0x0,
    0x0, 0x0, 0x8f, 0xe1, 0x0, 0x0, 0x7, 0xff,
    0x20, 0x0, 0x0, 0x0, 0x0, 0x0, 0xef, 0x90,
    0x0, 0x1, 0xff, 0x70, 0x0, 0x0, 0x0, 0x0,
    0x0, 0x5, 0xff, 0x30, 0x0, 0xaf, 0xd0, 0x0,
    0x0, 0x0, 0x0, 0x0, 0x0, 0xc, 0xfc, 0x0,
    0x4f, 0xf4, 0x0, 0x0, 0x0, 0x0, 0x0, 0x0,
    0x0, 0x3f, 0xf6, 0xd, 0xfb, 0x0, 0x0, 0x0,
    0x0, 0x0, 0x0, 0x0, 0x0, 0x9f, 0xe8, 0xff,
    0x20, 0x0, 0x0, 0x0, 0x0, 0x0, 0x0, 0x0,
    0x1, 0xef, 0xff, 0x80, 0x0, 0x0, 0x0, 0x0,
    0x0, 0x0, 0x0, 0x0, 0x6, 0xff, 0xe0, 0x0,
    0x0, 0x0, 0x0, 0x0, 0x0, 0x0, 0x0, 0x0,
    0xc, 0xf5, 0x0, 0x0, 0x0, 0x0, 0x0, 0x0,
    0x0, 0x0, 0x0, 0x0, 0x3b, 0x0, 0x0, 0x0,
    0x0, 0x0, 0x0, 0x0, 0x0, 0x0, 0x0, 0x0,
    0x0, 0x0, 0x0, 0x0, 0x0, 0x0,

    /* U+25C0 "◀" */
    0x0, 0x0, 0x0, 0x0, 0x0, 0x0, 0x0, 0x0,
    0x0, 0x50, 0x0, 0x0, 0x0, 0x0, 0x0, 0x0,
    0x0, 0x3, 0xcf, 0x0, 0x0, 0x0, 0x0, 0x0,
    0x0, 0x0, 0x1a, 0xff, 0xf0, 0x0, 0x0, 0x0,
    0x0, 0x0, 0x0, 0x7f, 0xff, 0xff, 0x0, 0x0,
    0x0, 0x0, 0x0, 0x4, 0xdf, 0xff, 0xff, 0xf0,
    0x0, 0x0, 0x0, 0x0, 0x2b, 0xff, 0xff, 0xff,
    0xff, 0x0, 0x0, 0x0, 0x0, 0x8f, 0xff, 0xff,
    0xff, 0xff, 0xf0, 0x0, 0x0, 0x6, 0xef, 0xff,
    0xff, 0xff, 0xff, 0xff, 0x0, 0x0, 0x3c, 0xff,
    0xff, 0xff, 0xff, 0xff, 0xff, 0xf0, 0x1, 0xaf,
    0xff, 0xff, 0xff, 0xff, 0xff, 0xff, 0xff, 0x7,
    0xff, 0xff, 0xff, 0xff, 0xff, 0xff, 0xff, 0xff,
    0xf5, 0xff, 0xff, 0xff, 0xff, 0xff, 0xff, 0xff,
    0xff, 0xff, 0x1, 0x9f, 0xff, 0xff, 0xff, 0xff,
    0xff, 0xff, 0xff, 0xf0, 0x0, 0x3c, 0xff, 0xff,
    0xff, 0xff, 0xff, 0xff, 0xff, 0x0, 0x0, 0x5,
    0xef, 0xff, 0xff, 0xff, 0xff, 0xff, 0xf0, 0x0,
    0x0, 0x0, 0x8f, 0xff, 0xff, 0xff, 0xff, 0xff,
    0x0, 0x0, 0x0, 0x0, 0x2b, 0xff, 0xff, 0xff,
    0xff, 0xf0, 0x0, 0x0, 0x0, 0x0, 0x4, 0xdf,
    0xff, 0xff, 0xff, 0x0, 0x0, 0x0, 0x0, 0x0,
    0x0, 0x6e, 0xff, 0xff, 0xf0, 0x0, 0x0, 0x0,
    0x0, 0x0, 0x0, 0x19, 0xff, 0xff, 0x0, 0x0,
    0x0, 0x0, 0x0, 0x0, 0x0, 0x3, 0xcf, 0xf0,
    0x0, 0x0, 0x0, 0x0, 0x0, 0x0, 0x0, 0x0,
    0x5d, 0x0, 0x0, 0x0, 0x0, 0x0, 0x0, 0x0,
    0x0, 0x0, 0x0,

    /* U+25C1 "◁" */
    0x0, 0x0, 0x0, 0x0, 0x0, 0x0, 0x0, 0x0,
    0x0, 0x50, 0x0, 0x0, 0x0, 0x0, 0x0, 0x0,
    0x0, 0x3, 0xcf, 0x0, 0x0, 0x0, 0x0, 0x0,
    0x0, 0x0, 0x1a, 0xff, 0xf0, 0x0, 0x0, 0x0,
    0x0, 0x0, 0x0, 0x7f, 0xff, 0xff, 0x0, 0x0,
    0x0, 0x0, 0x0, 0x4, 0xdf, 0xfe, 0x8f, 0xf0,
    0x0, 0x0, 0x0, 0x0, 0x2b, 0xff, 0xf8, 0x4,
    0xff, 0x0, 0x0, 0x0, 0x0, 0x8f, 0xff, 0xa1,
    0x0, 0x4f, 0xf0, 0x0, 0x0, 0x6, 0xef, 0xfd,
    0x40, 0x0, 0x4, 0xff, 0x0, 0x0, 0x3c, 0xff,
    0xe6, 0x0, 0x0, 0x0, 0x4f, 0xf0, 0x1, 0xaf,
    0xff, 0x91, 0x0, 0x0, 0x0, 0x4, 0xff, 0x7,
    0xff, 0xfc, 0x30, 0x0, 0x0, 0x0, 0x0, 0x4f,
    0xf5, 0xff, 0xfe, 0x30, 0x0, 0x0, 0x0, 0x0,
    0x4, 0xff, 0x1, 0x9f, 0xff, 0x91, 0x0, 0x0,
    0x0, 0x0, 0x4f, 0xf0, 0x0, 0x3c, 0xff, 0xf7,
    0x0, 0x0, 0x0, 0x4, 0xff, 0x0, 0x0, 0x5,
    0xef, 0xfd, 0x40, 0x0, 0x0, 0x4f, 0xf0, 0x0,
    0x0, 0x0, 0x8f, 0xff, 0xb2, 0x0, 0x4, 0xff,
    0x0, 0x0, 0x0, 0x0, 0x2b, 0xff, 0xf8, 0x0,
    0x4f, 0xf0, 0x0, 0x0, 0x0, 0x0, 0x4, 0xdf,
    0xfe, 0x64, 0xff, 0x0, 0x0, 0x0, 0x0, 0x0,
    0x0, 0x6e, 0xff, 0xef, 0xf0, 0x0, 0x0, 0x0,
    0x0, 0x0, 0x0, 0x19, 0xff, 0xff, 0x0, 0x0,
    0x0, 0x0, 0x0, 0x0, 0x0, 0x3, 0xcf, 0xf0,
    0x0, 0x0, 0x0, 0x0, 0x0, 0x0, 0x0, 0x0,
    0x5d, 0x0, 0x0, 0x0, 0x0, 0x0, 0x0, 0x0,
    0x0, 0x0, 0x0,

    /* U+25C4 "◄" */
    0x0, 0x0, 0x0, 0x0, 0x0, 0x0, 0x0, 0x0,
    0x0, 0x50, 0x0, 0x0, 0x0, 0x0, 0x0, 0x0,
    0x0, 0x3, 0xcf, 0x0, 0x0, 0x0, 0x0, 0x0,
    0x0, 0x0, 0x1a, 0xff, 0xf0, 0x0, 0x0, 0x0,
    0x0, 0x0, 0x0, 0x7f, 0xff, 0xff, 0x0, 0x0,
    0x0, 0x0, 0x0, 0x4, 0xdf, 0xff, 0xff, 0xf0,
    0x0, 0x0, 0x0, 0x0, 0x2b, 0xff, 0xff, 0xff,
    0xff, 0x0, 0x0, 0x0, 0x0, 0x8f, 0xff, 0xff,
    0xff, 0xff, 0xf0, 0x0, 0x0, 0x6, 0xef, 0xff,
    0xff, 0xff, 0xff, 0xff, 0x0, 0x0, 0x3c, 0xff,
    0xff, 0xff, 0xff, 0xff, 0xff, 0xf0, 0x1, 0xaf,
    0xff, 0xff, 0xff, 0xff, 0xff, 0xff, 0xff, 0x7,
    0xff, 0xff, 0xff, 0xff, 0xff, 0xff, 0xff, 0xff,
    0xf5, 0xff, 0xff, 0xff, 0xff, 0xff, 0xff, 0xff,
    0xff, 0xff, 0x1, 0x9f, 0xff, 0xff, 0xff, 0xff,
    0xff, 0xff, 0xff, 0xf0, 0x0, 0x3c, 0xff, 0xff,
    0xff, 0xff, 0xff, 0xff, 0xff, 0x0, 0x0, 0x5,
    0xef, 0xff, 0xff, 0xff, 0xff, 0xff, 0xf0, 0x0,
    0x0, 0x0, 0x8f, 0xff, 0xff, 0xff, 0xff, 0xff,
    0x0, 0x0, 0x0, 0x0, 0x2b, 0xff, 0xff, 0xff,
    0xff, 0xf0, 0x0, 0x0, 0x0, 0x0, 0x4, 0xdf,
    0xff, 0xff, 0xff, 0x0, 0x0, 0x0, 0x0, 0x0,
    0x0, 0x6e, 0xff, 0xff, 0xf0, 0x0, 0x0, 0x0,
    0x0, 0x0, 0x0, 0x19, 0xff, 0xff, 0x0, 0x0,
    0x0, 0x0, 0x0, 0x0, 0x0, 0x3, 0xcf, 0xf0,
    0x0, 0x0, 0x0, 0x0, 0x0, 0x0, 0x0, 0x0,
    0x5d, 0x0, 0x0, 0x0, 0x0, 0x0, 0x0, 0x0,
    0x0, 0x0, 0x0,

    /* U+25C5 "◅" */
    0x0, 0x0, 0x0, 0x0, 0x0, 0x0, 0x0, 0x0,
    0x0, 0x50, 0x0, 0x0, 0x0, 0x0, 0x0, 0x0,
    0x0, 0x3, 0xcf, 0x0, 0x0, 0x0, 0x0, 0x0,
    0x0, 0x0, 0x1a, 0xff, 0xf0, 0x0, 0x0, 0x0,
    0x0, 0x0, 0x0, 0x7f, 0xff, 0xff, 0x0, 0x0,
    0x0, 0x0, 0x0, 0x4, 0xdf, 0xfe, 0x8f, 0xf0,
    0x0, 0x0, 0x0, 0x0, 0x2b, 0xff, 0xf8, 0x4,
    0xff, 0x0, 0x0, 0x0, 0x0, 0x8f, 0xff, 0xa1,
    0x0, 0x4f, 0xf0, 0x0, 0x0, 0x6, 0xef, 0xfd,
    0x40, 0x0, 0x4, 0xff, 0x0, 0x0, 0x3c, 0xff,
    0xe6, 0x0, 0x0, 0x0, 0x4f, 0xf0, 0x1, 0xaf,
    0xff, 0x91, 0x0, 0x0, 0x0, 0x4, 0xff, 0x7,
    0xff, 0xfc, 0x30, 0x0, 0x0, 0x0, 0x0, 0x4f,
    0xf5, 0xff, 0xfe, 0x30, 0x0, 0x0, 0x0, 0x0,
    0x4, 0xff, 0x1, 0x9f, 0xff, 0x91, 0x0, 0x0,
    0x0, 0x0, 0x4f, 0xf0, 0x0, 0x3c, 0xff, 0xf7,
    0x0, 0x0, 0x0, 0x4, 0xff, 0x0, 0x0, 0x5,
    0xef, 0xfd, 0x40, 0x0, 0x0, 0x4f, 0xf0, 0x0,
    0x0, 0x0, 0x8f, 0xff, 0xb2, 0x0, 0x4, 0xff,
    0x0, 0x0, 0x0, 0x0, 0x2b, 0xff, 0xf8, 0x0,
    0x4f, 0xf0, 0x0, 0x0, 0x0, 0x0, 0x4, 0xdf,
    0xfe, 0x64, 0xff, 0x0, 0x0, 0x0, 0x0, 0x0,
    0x0, 0x6e, 0xff, 0xef, 0xf0, 0x0, 0x0, 0x0,
    0x0, 0x0, 0x0, 0x19, 0xff, 0xff, 0x0, 0x0,
    0x0, 0x0, 0x0, 0x0, 0x0, 0x3, 0xcf, 0xf0,
    0x0, 0x0, 0x0, 0x0, 0x0, 0x0, 0x0, 0x0,
    0x5d, 0x0, 0x0, 0x0, 0x0, 0x0, 0x0, 0x0,
    0x0, 0x0, 0x0,

    /* U+25C6 "◆" */
    0x0, 0x0, 0x0, 0x0, 0x0, 0x0, 0x0, 0x0,
    0x0, 0x0, 0x0, 0x0, 0x0, 0x0, 0x0, 0x0,
    0x0, 0x1d, 0x60, 0x0, 0x0, 0x0, 0x0, 0x0,
    0x0, 0x0, 0x0, 0x0, 0x1, 0xdf, 0xf6, 0x0,
    0x0, 0x0, 0x0, 0x0, 0x0, 0x0, 0x0, 0x0,
    0x1d, 0xff, 0xff, 0x60, 0x0, 0x0, 0x0, 0x0,
    0x0, 0x0, 0x0, 0x1, 0xdf, 0xff, 0xff, 0xf6,
    0x0, 0x0, 0x0, 0x0, 0x0, 0x0, 0x0, 0x1d,
    0xff, 0xff, 0xff, 0xff, 0x60, 0x0, 0x0, 0x0,
    0x0, 0x0, 0x1, 0xdf, 0xff, 0xff, 0xff, 0xff,
    0xf5, 0x0, 0x0, 0x0, 0x0, 0x0, 0x2e, 0xff,
    0xff, 0xff, 0xff, 0xff, 0xff, 0x50, 0x0, 0x0,
    0x0, 0x2, 0xef, 0xff, 0xff, 0xff, 0xff, 0xff,
    0xff, 0xf5, 0x0, 0x0, 0x0, 0x2e, 0xff, 0xff,
    0xff, 0xff, 0xff, 0xff, 0xff, 0xff, 0x50, 0x0,
    0x2, 0xef, 0xff, 0xff, 0xff, 0xff, 0xff, 0xff,
    0xff, 0xff, 0xf5, 0x0, 0x2e, 0xff, 0xff, 0xff,
    0xff, 0xff, 0xff, 0xff, 0xff, 0xff, 0xff, 0x50,
    0x8f, 0xff, 0xff, 0xff, 0xff, 0xff, 0xff, 0xff,
    0xff, 0xff, 0xff, 0xc0, 0x9, 0xff, 0xff, 0xff,
    0xff, 0xff, 0xff, 0xff, 0xff, 0xff, 0xfd, 0x10,
    0x0, 0x9f, 0xff, 0xff, 0xff, 0xff, 0xff, 0xff,
    0xff, 0xff, 0xd1, 0x0, 0x0, 0x9, 0xff, 0xff,
    0xff, 0xff, 0xff, 0xff, 0xff, 0xfd, 0x10, 0x0,
    0x0, 0x0, 0x8f, 0xff, 0xff, 0xff, 0xff, 0xff,
    0xff, 0xd1, 0x0, 0x0, 0x0, 0x0, 0x8, 0xff,
    0xff, 0xff, 0xff, 0xff, 0xfd, 0x10, 0x0, 0x0,
    0x0, 0x0, 0x0, 0x8f, 0xff, 0xff, 0xff, 0xff,
    0xd1, 0x0, 0x0, 0x0, 0x0, 0x0, 0x0, 0x8,
    0xff, 0xff, 0xff, 0xfd, 0x10, 0x0, 0x0, 0x0,
    0x0, 0x0, 0x0, 0x0, 0x8f, 0xff, 0xff, 0xd1,
    0x0, 0x0, 0x0, 0x0, 0x0, 0x0, 0x0, 0x0,
    0x8, 0xff, 0xfd, 0x10, 0x0, 0x0, 0x0, 0x0,
    0x0, 0x0, 0x0, 0x0, 0x0, 0x8f, 0xd1, 0x0,
    0x0, 0x0, 0x0, 0x0, 0x0, 0x0, 0x0, 0x0,
    0x0, 0x6, 0x10, 0x0, 0x0, 0x0, 0x0, 0x0,

    /* U+25C7 "◇" */
    0x0, 0x0, 0x0, 0x0, 0x0, 0x0, 0x0, 0x0,
    0x0, 0x0, 0x0, 0x0, 0x0, 0x0, 0x0, 0x0,
    0x0, 0x1d, 0x60, 0x0, 0x0, 0x0, 0x0, 0x0,
    0x0, 0x0, 0x0, 0x0, 0x1, 0xdf, 0xf6, 0x0,
    0x0, 0x0, 0x0, 0x0, 0x0, 0x0, 0x0, 0x0,
    0x1d, 0xff, 0xff, 0x60, 0x0, 0x0, 0x0, 0x0,
    0x0, 0x0, 0x0, 0x1, 0xdf, 0xf3, 0xbf, 0xf6,
    0x0, 0x0, 0x0, 0x0, 0x0, 0x0, 0x0, 0x1d,
    0xff, 0x30, 0xb, 0xff, 0x60, 0x0, 0x0, 0x0,
    0x0, 0x0, 0x1, 0xdf, 0xe3, 0x0, 0x0, 0xbf,
    0xf5, 0x0, 0x0, 0x0, 0x0, 0x0, 0x2e, 0xfe,
    0x30, 0x0, 0x0, 0xb, 0xff, 0x50, 0x0, 0x0,
    0x0, 0x2, 0xef, 0xe3, 0x0, 0x0, 0x0, 0x0,
    0xbf, 0xf5, 0x0, 0x0, 0x0, 0x2e, 0xfe, 0x30,
    0x0, 0x0, 0x0, 0x0, 0xb, 0xff, 0x50, 0x0,
    0x2, 0xef, 0xe3, 0x0, 0x0, 0x0, 0x0, 0x0,
    0x0, 0xbf, 0xf5, 0x0, 0x2e, 0xfe, 0x30, 0x0,
    0x0, 0x0, 0x0, 0x0, 0x0, 0xb, 0xff, 0x50,
    0x8f, 0xfa, 0x0, 0x0, 0x0, 0x0, 0x0, 0x0,
    0x0, 0x4, 0xff, 0xc0, 0x9, 0xff, 0x80, 0x0,
    0x0, 0x0, 0x0, 0x0, 0x0, 0x4f, 0xfd, 0x10,
    0x0, 0x9f, 0xf9, 0x0, 0x0, 0x0, 0x0, 0x0,
    0x4, 0xff, 0xd1, 0x0, 0x0, 0x9, 0xff, 0x90,
    0x0, 0x0, 0x0, 0x0, 0x3f, 0xfd, 0x10, 0x0,
    0x0, 0x0, 0x8f, 0xf9, 0x0, 0x0, 0x0, 0x3,
    0xff, 0xd1, 0x0, 0x0, 0x0, 0x0, 0x8, 0xff,
    0x90, 0x0, 0x0, 0x3f, 0xfd, 0x10, 0x0, 0x0,
    0x0, 0x0, 0x0, 0x8f, 0xf9, 0x0, 0x3, 0xff,
    0xd1, 0x0, 0x0, 0x0, 0x0, 0x0, 0x0, 0x8,
    0xff, 0x90, 0x3f, 0xfd, 0x10, 0x0, 0x0, 0x0,
    0x0, 0x0, 0x0, 0x0, 0x8f, 0xfb, 0xff, 0xd1,
    0x0, 0x0, 0x0, 0x0, 0x0, 0x0, 0x0, 0x0,
    0x8, 0xff, 0xfd, 0x10, 0x0, 0x0, 0x0, 0x0,
    0x0, 0x0, 0x0, 0x0, 0x0, 0x8f, 0xd1, 0x0,
    0x0, 0x0, 0x0, 0x0, 0x0, 0x0, 0x0, 0x0,
    0x0, 0x6, 0x10, 0x0, 0x0, 0x0, 0x0, 0x0,

    /* U+25CA "◊" */
    0x0, 0x0, 0x3, 0x77, 0x0, 0x0, 0x0, 0x0,
    0x0, 0xdf, 0xf6, 0x0, 0x0, 0x0, 0x0, 0x6f,
    0xff, 0xe0, 0x0, 0x0, 0x0, 0xe, 0xfd, 0xff,
    0x80, 0x0, 0x0, 0x7, 0xff, 0x4b, 0xff, 0x10,
    0x0, 0x1, 0xff, 0xc0, 0x3f, 0xf9, 0x0, 0x0,
    0x9f, 0xf4, 0x0, 0xbf, 0xf2, 0x0, 0x2f, 0xfc,
    0x0, 0x3, 0xff, 0xb0, 0xa, 0xff, 0x40, 0x0,
    0xa, 0xff, 0x40, 0xef, 0xf1, 0x0, 0x0, 0x6f,
    0xf8, 0x6, 0xff, 0x80, 0x0, 0xd, 0xff, 0x10,
    0xd, 0xff, 0x10, 0x6, 0xff, 0x70, 0x0, 0x4f,
    0xf8, 0x0, 0xdf, 0xe0, 0x0, 0x0, 0xcf, 0xf1,
    0x6f, 0xf6, 0x0, 0x0, 0x3, 0xff, 0x8d, 0xfd,
    0x0, 0x0, 0x0, 0xa, 0xff, 0xff, 0x40, 0x0,
    0x0, 0x0, 0x2f, 0xff, 0xc0, 0x0, 0x0, 0x0,
    0x0, 0x9f, 0xf3, 0x0, 0x0,

    /* U+25CB "○" */
    0x0, 0x0, 0x0, 0x27, 0xbc, 0xcb, 0x71, 0x0,
    0x0, 0x0, 0x0, 0x1, 0x9f, 0xff, 0xff, 0xff,
    0xf9, 0x0, 0x0, 0x0, 0x2, 0xdf, 0xfe, 0x97,
    0x7a, 0xef, 0xfd, 0x20, 0x0, 0x1, 0xef, 0xf7,
    0x0, 0x0, 0x0, 0x7f, 0xfd, 0x0, 0x0, 0xbf,
    0xf3, 0x0, 0x0, 0x0, 0x0, 0x4f, 0xf9, 0x0,
    0x3f, 0xf6, 0x0, 0x0, 0x0, 0x0, 0x0, 0x7f,
    0xf2, 0x9, 0xfd, 0x0, 0x0, 0x0, 0x0, 0x0,
    0x0, 0xef, 0x80, 0xdf, 0x70, 0x0, 0x0, 0x0,
    0x0, 0x0, 0x8, 0xfc, 0xf, 0xf5, 0x0, 0x0,
    0x0, 0x0, 0x0, 0x0, 0x6f, 0xe0, 0xff, 0x40,
    0x0, 0x0, 0x0, 0x0, 0x0, 0x5, 0xfe, 0xe,
    0xf6, 0x0, 0x0, 0x0, 0x0, 0x0, 0x0, 0x7f,
    0xd0, 0xbf, 0xa0, 0x0, 0x0, 0x0, 0x0, 0x0,
    0xb, 0xfa, 0x6, 0xff, 0x20, 0x0, 0x0, 0x0,
    0x0, 0x3, 0xff, 0x50, 0xe, 0xfc, 0x0, 0x0,
    0x0, 0x0, 0x0, 0xdf, 0xd0, 0x0, 0x4f, 0xfb,
    0x10, 0x0, 0x0, 0x1, 0xcf, 0xf3, 0x0, 0x0,
    0x7f, 0xff, 0x83, 0x1, 0x38, 0xff, 0xf6, 0x0,
    0x0, 0x0, 0x5f, 0xff, 0xff, 0xff, 0xff, 0xe4,
    0x0, 0x0, 0x0, 0x0, 0x18, 0xef, 0xff, 0xfd,
    0x81, 0x0, 0x0, 0x0, 0x0, 0x0, 0x0, 0x13,
    0x31, 0x0, 0x0, 0x0, 0x0,

    /* U+25CF "●" */
    0x0, 0x0, 0x0, 0x27, 0xbc, 0xcb, 0x72, 0x0,
    0x0, 0x0, 0x0, 0x1, 0xaf, 0xff, 0xff, 0xff,
    0xf9, 0x0, 0x0, 0x0, 0x2, 0xef, 0xff, 0xff,
    0xff, 0xff, 0xfd, 0x20, 0x0, 0x1, 0xef, 0xff,
    0xff, 0xff, 0xff, 0xff, 0xfd, 0x10, 0x0, 0xbf,
    0xff, 0xff, 0xff, 0xff, 0xff, 0xff, 0xfa, 0x0,
    0x3f, 0xff, 0xff, 0xff, 0xff, 0xff, 0xff, 0xff,
    0xf2, 0x9, 0xff, 0xff, 0xff, 0xff, 0xff, 0xff,
    0xff, 0xff, 0x80, 0xdf, 0xff, 0xff, 0xff, 0xff,
    0xff, 0xff, 0xff, 0xfc, 0xf, 0xff, 0xff, 0xff,
    0xff, 0xff, 0xff, 0xff, 0xff, 0xe0, 0xff, 0xff,
    0xff, 0xff, 0xff, 0xff, 0xff, 0xff, 0xfe, 0xe,
    0xff, 0xff, 0xff, 0xff, 0xff, 0xff, 0xff, 0xff,
    0xd0, 0xbf, 0xff, 0xff, 0xff, 0xff, 0xff, 0xff,
    0xff, 0xf9, 0x5, 0xff, 0xff, 0xff, 0xff, 0xff,
    0xff, 0xff, 0xff, 0x40, 0xd, 0xff, 0xff, 0xff,
    0xff, 0xff, 0xff, 0xff, 0xc0, 0x0, 0x4f, 0xff,
    0xff, 0xff, 0xff, 0xff, 0xff, 0xf3, 0x0, 0x0,
    0x6f, 0xff, 0xff, 0xff, 0xff, 0xff, 0xf5, 0x0,
    0x0, 0x0, 0x4e, 0xff, 0xff, 0xff, 0xff, 0xd3,
    0x0, 0x0, 0x0, 0x0, 0x6, 0xcf, 0xff, 0xfb,
    0x60, 0x0, 0x0, 0x0, 0x0, 0x0, 0x0, 0x1,
    0x10, 0x0, 0x0, 0x0, 0x0,

    /* U+25E6 "◦" */
    0x0, 0x39, 0xa7, 0x10, 0x0, 0x6f, 0xff, 0xfe,
    0x20, 0x1f, 0xd2, 0x6, 0xfb, 0x5, 0xf5, 0x0,
    0xb, 0xf0, 0x5f, 0x50, 0x0, 0xaf, 0x1, 0xfd,
    0x10, 0x4f, 0xc0, 0x7, 0xff, 0xef, 0xe2, 0x0,
    0x4, 0xab, 0x91, 0x0,

    /* U+25EF "◯" */
    0x0, 0x0, 0x0, 0x0, 0x0, 0x0, 0x0, 0x0,
    0x10, 0x0, 0x0, 0x0, 0x0, 0x0, 0x0, 0x0,
    0x0, 0x0, 0x0, 0x0, 0x0, 0x0, 0x4, 0x8c,
    0xff, 0xff, 0xfd, 0x95, 0x0, 0x0, 0x0, 0x0,
    0x0, 0x0, 0x0, 0x0, 0x0, 0x0, 0x7, 0xdf,
    0xff, 0xff, 0xff, 0xff, 0xff, 0xf8, 0x10, 0x0,
    0x0, 0x0, 0x0, 0x0, 0x0, 0x0, 0x4, 0xdf,
    0xff, 0xa6, 0x21, 0x1, 0x25, 0x9e, 0xff, 0xf7,
    0x0, 0x0, 0x0, 0x0, 0x0, 0x0, 0x0, 0x8f,
    0xfe, 0x70, 0x0, 0x0, 0x0, 0x0, 0x0, 0x5c,
    0xff, 0xb1, 0x0, 0x0, 0x0, 0x0, 0x0, 0xa,
    0xff, 0xa1, 0x0, 0x0, 0x0, 0x0, 0x0, 0x0,
    0x0, 0x7f, 0xfd, 0x10, 0x0, 0x0, 0x0, 0x0,
    0xaf, 0xf6, 0x0, 0x0, 0x0, 0x0, 0x0, 0x0,
    0x0, 0x0, 0x3, 0xef, 0xd0, 0x0, 0x0, 0x0,
    0x7, 0xff, 0x50, 0x0, 0x0, 0x0, 0x0, 0x0,
    0x0, 0x0, 0x0, 0x0, 0x2e, 0xfb, 0x0, 0x0,
    0x0, 0x2f, 0xf7, 0x0, 0x0, 0x0, 0x0, 0x0,
    0x0, 0x0, 0x0, 0x0, 0x0, 0x3, 0xff, 0x60,
    0x0, 0x0, 0xcf, 0xc0, 0x0, 0x0, 0x0, 0x0,
    0x0, 0x0, 0x0, 0x0, 0x0, 0x0, 0x0, 0x7f,
    0xe1, 0x0, 0x3, 0xff, 0x20, 0x0, 0x0, 0x0,
    0x0, 0x0, 0x0, 0x0, 0x0, 0x0, 0x0, 0x0,
    0xd, 0xf7, 0x0, 0xa, 0xfa, 0x0, 0x0, 0x0,
    0x0, 0x0, 0x0, 0x0, 0x0, 0x0, 0x0, 0x0,
    0x0, 0x6, 0xfe, 0x0, 0xf, 0xf3, 0x0, 0x0,
    0x0, 0x0, 0x0, 0x0, 0x0, 0x0, 0x0, 0x0,
    0x0, 0x0, 0x0, 0xef, 0x40, 0x4f, 0xe0, 0x0,
    0x0, 0x0, 0x0, 0x0, 0x0, 0x0, 0x0, 0x0,
    0x0, 0x0, 0x0, 0x0, 0xaf, 0x80, 0x8f, 0xa0,
    0x0, 0x0, 0x0, 0x0, 0x0, 0x0, 0x0, 0x0,
    0x0, 0x0, 0x0, 0x0, 0x0, 0x6f, 0xc0, 0x9f,
    0x80, 0x0, 0x0, 0x0, 0x0, 0x0, 0x0, 0x0,
    0x0, 0x0, 0x0, 0x0, 0x0, 0x0, 0x4f, 0xe0,
    0xbf, 0x70, 0x0, 0x0, 0x0, 0x0, 0x0, 0x0,
    0x0, 0x0, 0x0, 0x0, 0x0, 0x0, 0x0, 0x2f,
    0xf0, 0xbf, 0x60, 0x0, 0x0, 0x0, 0x0, 0x0,
    0x0, 0x0, 0x0, 0x0, 0x0, 0x0, 0x0, 0x0,
    0x2f, 0xf0, 0xaf, 0x70, 0x0, 0x0, 0x0, 0x0,
    0x0, 0x0, 0x0, 0x0, 0x0, 0x0, 0x0, 0x0,
    0x0, 0x3f, 0xf0, 0x9f, 0x80, 0x0, 0x0, 0x0,
    0x0, 0x0, 0x0, 0x0, 0x0, 0x0, 0x0, 0x0,
    0x0, 0x0, 0x4f, 0xd0, 0x7f, 0xc0, 0x0, 0x0,
    0x0, 0x0, 0x0, 0x0, 0x0, 0x0, 0x0, 0x0,
    0x0, 0x0, 0x0, 0x7f, 0xb0, 0x3f, 0xf0, 0x0,
    0x0, 0x0, 0x0, 0x0, 0x0, 0x0, 0x0, 0x0,
    0x0, 0x0, 0x0, 0x0, 0xbf, 0x70, 0xe, 0xf5,
    0x0, 0x0, 0x0, 0x0, 0x0, 0x0, 0x0, 0x0,
    0x0, 0x0, 0x0, 0x0, 0x1, 0xff, 0x30, 0x8,
    0xfc, 0x0, 0x0, 0x0, 0x0, 0x0, 0x0, 0x0,
    0x0, 0x0, 0x0, 0x0, 0x0, 0x8, 0xfd, 0x0,
    0x2, 0xff, 0x40, 0x0, 0x0, 0x0, 0x0, 0x0,
    0x0, 0x0, 0x0, 0x0, 0x0, 0x0, 0x1e, 0xf6,
    0x0, 0x0, 0x9f, 0xd0, 0x0, 0x0, 0x0, 0x0,
    0x0, 0x0, 0x0, 0x0, 0x0, 0x0, 0x0, 0xaf,
    0xd0, 0x0, 0x0, 0x1e, 0xfa, 0x0, 0x0, 0x0,
    0x0, 0x0, 0x0, 0x0, 0x0, 0x0, 0x0, 0x6,
    0xff, 0x30, 0x0, 0x0, 0x4, 0xff, 0x90, 0x0,
    0x0, 0x0, 0x0, 0x0, 0x0, 0x0, 0x0, 0x0,
    0x4f, 0xf8, 0x0, 0x0, 0x0, 0x0, 0x6f, 0xfa,
    0x0, 0x0, 0x0, 0x0, 0x0, 0x0, 0x0, 0x0,
    0x6, 0xff, 0xa0, 0x0, 0x0, 0x0, 0x0, 0x6,
    0xff, 0xd3, 0x0, 0x0, 0x0, 0x0, 0x0, 0x0,
    0x1, 0xbf, 0xfa, 0x0, 0x0, 0x0, 0x0, 0x0,
    0x0, 0x4e, 0xff, 0xb4, 0x0, 0x0, 0x0, 0x0,
    0x2, 0x9f, 0xff, 0x80, 0x0, 0x0, 0x0, 0x0,
    0x0, 0x0, 0x1, 0xaf, 0xff, 0xea, 0x75, 0x45,
    0x69, 0xdf, 0xff, 0xc3, 0x0, 0x0, 0x0, 0x0,
    0x0, 0x0, 0x0, 0x0, 0x3, 0x9f, 0xff, 0xff,
    0xff, 0xff, 0xff, 0xb4, 0x0, 0x0, 0x0, 0x0,
    0x0, 0x0, 0x0, 0x0, 0x0, 0x0, 0x0, 0x48,
    0xbc, 0xdc, 0xb9, 0x51, 0x0, 0x0, 0x0, 0x0,
    0x0, 0x0,

    /* U+2600 "☀" */
    0x0, 0x0, 0x0, 0x0, 0x0, 0x42, 0x0, 0x0,
    0x0, 0x0, 0x0, 0x0, 0x0, 0x0, 0x0, 0x0,
    0xfb, 0x0, 0x0, 0x0, 0x0, 0x0, 0x0, 0x0,
    0x0, 0x0, 0x0, 0xfb, 0x0, 0x0, 0x0, 0x0,
    0x0, 0x0, 0x6, 0x20, 0x0, 0x0, 0xfb, 0x0,
    0x0, 0x7, 0x0, 0x0, 0x0, 0x2f, 0xe3, 0x0,
    0x0, 0xfb, 0x0, 0x0, 0x9f, 0x90, 0x0, 0x0,
    0x6, 0xfe, 0x30, 0x0, 0xfa, 0x0, 0x9, 0xfc,
    0x0, 0x0, 0x0, 0x0, 0x5f, 0xf3, 0x0, 0x0,
    0x0, 0x8f, 0xc0, 0x0, 0x0, 0x0, 0x0, 0x5,
    0xb0, 0x5, 0x87, 0x20, 0x4b, 0x0, 0x0, 0x0,
    0x0, 0x0, 0x0, 0x0, 0xcf, 0xff, 0xf6, 0x0,
    0x0, 0x0, 0x0, 0x0, 0x0, 0x0, 0x8, 0xff,
    0xff, 0xff, 0x20, 0x0, 0x0, 0x0, 0x89, 0x99,
    0x92, 0xe, 0xff, 0xff, 0xff, 0x80, 0x89, 0x99,
    0x93, 0xef, 0xff, 0xf4, 0xf, 0xff, 0xff, 0xff,
    0x90, 0xdf, 0xff, 0xf5, 0x22, 0x22, 0x20, 0xc,
    0xff, 0xff, 0xff, 0x60, 0x12, 0x22, 0x20, 0x0,
    0x0, 0x0, 0x4, 0xff, 0xff, 0xfd, 0x0, 0x0,
    0x0, 0x0, 0x0, 0x0, 0x0, 0x20, 0x5d, 0xff,
    0xb1, 0x2, 0x0, 0x0, 0x0, 0x0, 0x0, 0xa,
    0xf3, 0x0, 0x10, 0x0, 0x9f, 0x30, 0x0, 0x0,
    0x0, 0x0, 0xaf, 0xc0, 0x0, 0x21, 0x0, 0x4f,
    0xe2, 0x0, 0x0, 0x0, 0xa, 0xfc, 0x0, 0x0,
    0xfb, 0x0, 0x4, 0xfe, 0x20, 0x0, 0x0, 0x2f,
    0xc0, 0x0, 0x0, 0xfb, 0x0, 0x0, 0x5f, 0x80,
    0x0, 0x0, 0x3, 0x0, 0x0, 0x0, 0xfb, 0x0,
    0x0, 0x3, 0x0, 0x0, 0x0, 0x0, 0x0, 0x0,
    0x0, 0xfb, 0x0, 0x0, 0x0, 0x0, 0x0, 0x0,
    0x0, 0x0, 0x0, 0x0, 0xfb, 0x0, 0x0, 0x0,
    0x0, 0x0, 0x0, 0x0, 0x0, 0x0, 0x0, 0x0,
    0x0, 0x0, 0x0, 0x0, 0x0,

    /* U+2605 "★" */
    0x0, 0x0, 0x0, 0x0, 0x0, 0x20, 0x0, 0x0,
    0x0, 0x0, 0x0, 0x0, 0x0, 0x0, 0x0, 0xb,
    0x0, 0x0, 0x0, 0x0, 0x0, 0x0, 0x0, 0x0,
    0x0, 0x2, 0xf3, 0x0, 0x0, 0x0, 0x0, 0x0,
    0x0, 0x0, 0x0, 0x0, 0x7f, 0x90, 0x0, 0x0,
    0x0, 0x0, 0x0, 0x0, 0x0, 0x0, 0xc, 0xfe,
    0x0, 0x0, 0x0, 0x0, 0x0, 0x0, 0x0, 0x0,
    0x1, 0xff, 0xf3, 0x0, 0x0, 0x0, 0x0, 0x0,
    0x0, 0x0, 0x0, 0x6f, 0xff, 0x80, 0x0, 0x0,
    0x0, 0x0, 0x11, 0x11, 0x11, 0x1c, 0xff, 0xfd,
    0x11, 0x11, 0x11, 0x11, 0x2d, 0xff, 0xff, 0xff,
    0xff, 0xff, 0xff, 0xff, 0xff, 0xfe, 0x30, 0x9,
    0xff, 0xff, 0xff, 0xff, 0xff, 0xff, 0xff, 0xfa,
    0x10, 0x0, 0x5, 0xef, 0xff, 0xff, 0xff, 0xff,
    0xff, 0xf6, 0x0, 0x0, 0x0, 0x1, 0xbf, 0xff,
    0xff, 0xff, 0xff, 0xc2, 0x0, 0x0, 0x0, 0x0,
    0x0, 0x9f, 0xff, 0xff, 0xff, 0xb0, 0x0, 0x0,
    0x0, 0x0, 0x0, 0xa, 0xff, 0xff, 0xff, 0xfc,
    0x0, 0x0, 0x0, 0x0, 0x0, 0x0, 0xff, 0xff,
    0xff, 0xff, 0xf1, 0x0, 0x0, 0x0, 0x0, 0x0,
    0x5f, 0xff, 0xfb, 0xff, 0xff, 0x60, 0x0, 0x0,
    0x0, 0x0, 0xa, 0xff, 0xe4, 0x3, 0xdf, 0xfc,
    0x0, 0x0, 0x0, 0x0, 0x0, 0xff, 0xb1, 0x0,
    0x0, 0xaf, 0xf1, 0x0, 0x0, 0x0, 0x0, 0x5f,
    0x70, 0x0, 0x0, 0x0, 0x6f, 0x60, 0x0, 0x0,
    0x0, 0x8, 0x20, 0x0, 0x0, 0x0, 0x0, 0x28,
    0x0, 0x0, 0x0, 0x0, 0x0, 0x0, 0x0, 0x0,
    0x0, 0x0, 0x0, 0x0, 0x0,

    /* U+2606 "☆" */
    0x0, 0x0, 0x0, 0x0, 0x0, 0x10, 0x0, 0x0,
    0x0, 0x0, 0x0, 0x0, 0x0, 0x0, 0x0, 0xb,
    0x0, 0x0, 0x0, 0x0, 0x0, 0x0, 0x0, 0x0,
    0x0, 0x2, 0xf3, 0x0, 0x0, 0x0, 0x0, 0x0,
    0x0, 0x0, 0x0, 0x0, 0x7f, 0x80, 0x0, 0x0,
    0x0, 0x0, 0x0, 0x0, 0x0, 0x0, 0xc, 0xfe,
    0x0, 0x0, 0x0, 0x0, 0x0, 0x0, 0x0, 0x0,
    0x1, 0xff, 0xf3, 0x0, 0x0, 0x0, 0x0, 0x0,
    0x0, 0x0, 0x0, 0x6f, 0xdf, 0x80, 0x0, 0x0,
    0x0, 0x0, 0x0, 0x0, 0x0, 0xc, 0xf3, 0xfd,
    0x0, 0x0, 0x0, 0x0, 0x3d, 0xff, 0xff, 0xff,
    0xfd, 0xb, 0xff, 0xff, 0xff, 0xfe, 0x40, 0xa,
    0xff, 0xfc, 0xcc, 0x60, 0x5c, 0xcc, 0xff, 0xfb,
    0x10, 0x0, 0x5, 0xff, 0xb1, 0x0, 0x0, 0x0,
    0xaf, 0xf6, 0x0, 0x0, 0x0, 0x2, 0xcf, 0xe4,
    0x0, 0x3, 0xdf, 0xd2, 0x0, 0x0, 0x0, 0x0,
    0x0, 0x9f, 0x90, 0x0, 0x8f, 0xb0, 0x0, 0x0,
    0x0, 0x0, 0x0, 0xa, 0xf4, 0x8, 0x12, 0xfb,
    0x0, 0x0, 0x0, 0x0, 0x0, 0x0, 0xfe, 0x3e,
    0xfe, 0x4d, 0xf1, 0x0, 0x0, 0x0, 0x0, 0x0,
    0x5f, 0xef, 0xfb, 0xff, 0xef, 0x60, 0x0, 0x0,
    0x0, 0x0, 0xa, 0xff, 0xe4, 0x3, 0xef, 0xfb,
    0x0, 0x0, 0x0, 0x0, 0x0, 0xff, 0xb1, 0x0,
    0x1, 0xaf, 0xf1, 0x0, 0x0, 0x0, 0x0, 0x5f,
    0x70, 0x0, 0x0, 0x0, 0x6f, 0x60, 0x0, 0x0,
    0x0, 0x8, 0x30, 0x0, 0x0, 0x0, 0x0, 0x29,
    0x0, 0x0, 0x0, 0x0, 0x0, 0x0, 0x0, 0x0,
    0x0, 0x0, 0x0, 0x0, 0x0,

    /* U+263C "☼" */
    0x0, 0x0, 0x0, 0x0, 0x0, 0x42, 0x0, 0x0,
    0x0, 0x0, 0x0, 0x0, 0x0, 0x0, 0x0, 0x1,
    0xfa, 0x0, 0x0, 0x0, 0x0, 0x0, 0x0, 0x0,
    0x0, 0x0, 0x1, 0xfa, 0x0, 0x0, 0x0, 0x0,
    0x0, 0x0, 0x6, 0x20, 0x0, 0x1, 0xfa, 0x0,
    0x0, 0x7, 0x0, 0x0, 0x0, 0x2f, 0xe3, 0x0,
    0x1, 0xfa, 0x0, 0x0, 0xaf, 0x80, 0x0, 0x0,
    0x5, 0xff, 0x30, 0x0, 0xfa, 0x0, 0xa, 0xfc,
    0x0, 0x0, 0x0, 0x0, 0x5f, 0xf3, 0x0, 0x0,
    0x0, 0x9f, 0xc0, 0x0, 0x0, 0x0, 0x0, 0x4,
    0xa0, 0x7, 0xa9, 0x40, 0x3b, 0x0, 0x0, 0x0,
    0x0, 0x0, 0x0, 0x1, 0xdf, 0xff, 0xf8, 0x0,
    0x0, 0x0, 0x0, 0x0, 0x0, 0x0, 0x9, 0xfa,
    0x35, 0xef, 0x30, 0x0, 0x0, 0x0, 0xab, 0xbb,
    0xb2, 0xe, 0xe0, 0x0, 0x5f, 0x80, 0x9b, 0xbb,
    0xb3, 0xef, 0xff, 0xf4, 0xf, 0xd0, 0x0, 0x3f,
    0x90, 0xdf, 0xff, 0xf5, 0x0, 0x0, 0x0, 0xc,
    0xf4, 0x0, 0xaf, 0x60, 0x0, 0x0, 0x0, 0x0,
    0x0, 0x0, 0x4, 0xff, 0xcd, 0xfd, 0x0, 0x0,
    0x0, 0x0, 0x0, 0x0, 0x0, 0x20, 0x4d, 0xff,
    0xa1, 0x2, 0x0, 0x0, 0x0, 0x0, 0x0, 0xa,
    0xf3, 0x0, 0x10, 0x0, 0x9f, 0x30, 0x0, 0x0,
    0x0, 0x0, 0xaf, 0xc0, 0x0, 0x21, 0x0, 0x4f,
    0xe2, 0x0, 0x0, 0x0, 0xa, 0xfc, 0x0, 0x1,
    0xfa, 0x0, 0x4, 0xfe, 0x20, 0x0, 0x0, 0x2f,
    0xc0, 0x0, 0x1, 0xfa, 0x0, 0x0, 0x5f, 0x80,
    0x0, 0x0, 0x3, 0x0, 0x0, 0x1, 0xfa, 0x0,
    0x0, 0x3, 0x0, 0x0, 0x0, 0x0, 0x0, 0x0,
    0x1, 0xfa, 0x0, 0x0, 0x0, 0x0, 0x0, 0x0,
    0x0, 0x0, 0x0, 0x1, 0xfa, 0x0, 0x0, 0x0,
    0x0, 0x0, 0x0, 0x0, 0x0, 0x0, 0x0, 0x0,
    0x0, 0x0, 0x0, 0x0, 0x0,

    /* U+2661 "♡" */
    0x0, 0x0, 0x48, 0x97, 0x20, 0x0, 0x0, 0x59,
    0x97, 0x20, 0x0, 0x0, 0x2d, 0xff, 0xff, 0xf9,
    0x0, 0x2d, 0xff, 0xff, 0xf8, 0x0, 0x1, 0xef,
    0xfb, 0x9c, 0xff, 0xb4, 0xff, 0xfa, 0x9d, 0xff,
    0x70, 0x8, 0xfe, 0x20, 0x0, 0x6f, 0xff, 0xfd,
    0x20, 0x0, 0x8f, 0xf1, 0xe, 0xf6, 0x0, 0x0,
    0x6, 0xff, 0xd1, 0x0, 0x0, 0xd, 0xf6, 0xf,
    0xf3, 0x0, 0x0, 0x0, 0x5c, 0x10, 0x0, 0x0,
    0xa, 0xf8, 0xf, 0xf4, 0x0, 0x0, 0x0, 0x0,
    0x0, 0x0, 0x0, 0xb, 0xf7, 0xb, 0xfc, 0x0,
    0x0, 0x0, 0x0, 0x0, 0x0, 0x0, 0x3f, 0xf3,
    0x3, 0xff, 0xa0, 0x0, 0x0, 0x0, 0x0, 0x0,
    0x2, 0xef, 0xc0, 0x0, 0x7f, 0xfa, 0x0, 0x0,
    0x0, 0x0, 0x0, 0x2e, 0xfe, 0x10, 0x0, 0x8,
    0xff, 0xa0, 0x0, 0x0, 0x0, 0x2, 0xef, 0xe2,
    0x0, 0x0, 0x0, 0x8f, 0xfa, 0x0, 0x0, 0x0,
    0x2e, 0xfe, 0x20, 0x0, 0x0, 0x0, 0x8, 0xff,
    0xa0, 0x0, 0x2, 0xef, 0xe2, 0x0, 0x0, 0x0,
    0x0, 0x0, 0x8f, 0xf9, 0x0, 0x2e, 0xfe, 0x20,
    0x0, 0x0, 0x0, 0x0, 0x0, 0x8, 0xff, 0x92,
    0xef, 0xe2, 0x0, 0x0, 0x0, 0x0, 0x0, 0x0,
    0x0, 0x8f, 0xff, 0xfe, 0x20, 0x0, 0x0, 0x0,
    0x0, 0x0, 0x0, 0x0, 0x8, 0xff, 0xe2, 0x0,
    0x0, 0x0, 0x0, 0x0, 0x0, 0x0, 0x0, 0x0,
    0x8e, 0x20, 0x0, 0x0, 0x0, 0x0, 0x0, 0x0,
    0x0, 0x0, 0x0, 0x1, 0x0, 0x0, 0x0, 0x0,
    0x0,

    /* U+2665 "♥" */
    0x0, 0x0, 0x48, 0x97, 0x20, 0x0, 0x0, 0x59,
    0x97, 0x20, 0x0, 0x0, 0x2d, 0xff, 0xff, 0xf9,
    0x0, 0x2d, 0xff, 0xff, 0xf8, 0x0, 0x1, 0xef,
    0xff, 0xff, 0xff, 0xb4, 0xff, 0xff, 0xff, 0xff,
    0x70, 0x8, 0xff, 0xff, 0xff, 0xff, 0xff, 0xff,
    0xff, 0xff, 0xff, 0xf1, 0xe, 0xff, 0xff, 0xff,
    0xff, 0xff, 0xff, 0xff, 0xff, 0xff, 0xf6, 0xf,
    0xff, 0xff, 0xff, 0xff, 0xff, 0xff, 0xff, 0xff,
    0xff, 0xf8, 0xf, 0xff, 0xff, 0xff, 0xff, 0xff,
    0xff, 0xff, 0xff, 0xff, 0xf7, 0xb, 0xff, 0xff,
    0xff, 0xff, 0xff, 0xff, 0xff, 0xff, 0xff, 0xf3,
    0x3, 0xff, 0xff, 0xff, 0xff, 0xff, 0xff, 0xff,
    0xff, 0xff, 0xc0, 0x0, 0x7f, 0xff, 0xff, 0xff,
    0xff, 0xff, 0xff, 0xff, 0xfe, 0x10, 0x0, 0x8,
    0xff, 0xff, 0xff, 0xff, 0xff, 0xff, 0xff, 0xe2,
    0x0, 0x0, 0x0, 0x8f, 0xff, 0xff, 0xff, 0xff,
    0xff, 0xfe, 0x20, 0x0, 0x0, 0x0, 0x8, 0xff,
    0xff, 0xff, 0xff, 0xff, 0xe2, 0x0, 0x0, 0x0,
    0x0, 0x0, 0x8f, 0xff, 0xff, 0xff, 0xfe, 0x20,
    0x0, 0x0, 0x0, 0x0, 0x0, 0x8, 0xff, 0xff,
    0xff, 0xe2, 0x0, 0x0, 0x0, 0x0, 0x0, 0x0,
    0x0, 0x8f, 0xff, 0xfe, 0x20, 0x0, 0x0, 0x0,
    0x0, 0x0, 0x0, 0x0, 0x8, 0xff, 0xe2, 0x0,
    0x0, 0x0, 0x0, 0x0, 0x0, 0x0, 0x0, 0x0,
    0x8e, 0x20, 0x0, 0x0, 0x0, 0x0, 0x0, 0x0,
    0x0, 0x0, 0x0, 0x1, 0x0, 0x0, 0x0, 0x0,
    0x0,

    /* U+266A "♪" */
    0x0, 0x0, 0x0, 0x3, 0x44, 0x30, 0x0, 0x0,
    0x0, 0x0, 0x0, 0x0, 0xff, 0xff, 0xfa, 0x20,
    0x0, 0x0, 0x0, 0x0, 0xf, 0xfd, 0xdf, 0xff,
    0x40, 0x0, 0x0, 0x0, 0x0, 0xff, 0x30, 0x1a,
    0xff, 0x20, 0x0, 0x0, 0x0, 0xf, 0xf3, 0x0,
    0xa, 0xfa, 0x0, 0x0, 0x0, 0x0, 0xff, 0x30,
    0x0, 0x2f, 0xf0, 0x0, 0x0, 0x0, 0xf, 0xf3,
    0x0, 0x0, 0xef, 0x20, 0x0, 0x0, 0x0, 0xff,
    0x30, 0x0, 0xf, 0xf2, 0x0, 0x0, 0x0, 0xf,
    0xf3, 0x0, 0x4, 0xfe, 0x0, 0x0, 0x0, 0x0,
    0xff, 0x30, 0x0, 0xcf, 0x90, 0x0, 0x0, 0x0,
    0xf, 0xf3, 0x0, 0x3, 0xd1, 0x0, 0x0, 0x0,
    0x0, 0xff, 0x30, 0x0, 0x0, 0x0, 0x0, 0x0,
    0x0, 0xf, 0xf3, 0x0, 0x0, 0x0, 0x0, 0x1,
    0x20, 0x0, 0xff, 0x30, 0x0, 0x0, 0x0, 0x7,
    0xff, 0xe4, 0xf, 0xf3, 0x0, 0x0, 0x0, 0x4,
    0xff, 0xff, 0xf3, 0xff, 0x30, 0x0, 0x0, 0x0,
    0x9f, 0xff, 0xff, 0xef, 0xf0, 0x0, 0x0, 0x0,
    0x8, 0xff, 0xff, 0xff, 0xf8, 0x0, 0x0, 0x0,
    0x0, 0x2e, 0xff, 0xff, 0xf9, 0x0, 0x0, 0x0,
    0x0, 0x0, 0x18, 0xbb, 0x83, 0x0, 0x0, 0x0,
    0x0, 0x0,

    /* U+266B "♫" */
    0x0, 0x0, 0x0, 0x0, 0x0, 0x0, 0x0, 0x0,
    0x0, 0x25, 0x80, 0x0, 0x0, 0x0, 0x0, 0x0,
    0x0, 0x25, 0x9c, 0xff, 0xfe, 0x0, 0x0, 0x0,
    0x0, 0x26, 0x9c, 0xff, 0xff, 0xff, 0xff, 0xe0,
    0x0, 0x0, 0x0, 0xef, 0xff, 0xff, 0xff, 0xff,
    0xff, 0xfe, 0x0, 0x0, 0x0, 0xf, 0xff, 0xff,
    0xff, 0xff, 0xfd, 0xbf, 0xe0, 0x0, 0x0, 0x0,
    0xff, 0xff, 0xfd, 0xa7, 0x30, 0x3, 0xfe, 0x0,
    0x0, 0x0, 0xf, 0xf8, 0x30, 0x0, 0x0, 0x0,
    0x3f, 0xe0, 0x0, 0x0, 0x0, 0xff, 0x30, 0x0,
    0x0, 0x0, 0x3, 0xfe, 0x0, 0x0, 0x0, 0xf,
    0xf3, 0x0, 0x0, 0x0, 0x0, 0x3f, 0xe0, 0x0,
    0x0, 0x0, 0xff, 0x30, 0x0, 0x0, 0x0, 0x3,
    0xfe, 0x0, 0x0, 0x0, 0xf, 0xf3, 0x0, 0x0,
    0x0, 0x0, 0x3f, 0xe0, 0x0, 0x0, 0x0, 0xff,
    0x30, 0x0, 0x0, 0x0, 0x3, 0xfe, 0x0, 0x0,
    0x0, 0xf, 0xf3, 0x0, 0x0, 0x56, 0x10, 0x3f,
    0xe0, 0x0, 0x0, 0x0, 0xff, 0x30, 0x2, 0xef,
    0xff, 0x43, 0xfe, 0x0, 0x12, 0x0, 0xf, 0xf3,
    0x0, 0xbf, 0xff, 0xff, 0x6f, 0xe0, 0x7f, 0xfe,
    0x40, 0xff, 0x30, 0xe, 0xff, 0xff, 0xff, 0xfa,
    0x4f, 0xff, 0xff, 0x3f, 0xf3, 0x0, 0xcf, 0xff,
    0xff, 0xfe, 0x29, 0xff, 0xff, 0xfe, 0xff, 0x0,
    0x3, 0xef, 0xff, 0xfc, 0x20, 0x8f, 0xff, 0xff,
    0xff, 0x80, 0x0, 0x0, 0x68, 0x73, 0x0, 0x2,
    0xef, 0xff, 0xff, 0x90, 0x0, 0x0, 0x0, 0x0,
    0x0, 0x0, 0x1, 0x8b, 0xb8, 0x30, 0x0, 0x0,
    0x0, 0x0, 0x0, 0x0, 0x0,

    /* U+26A0 "⚠" */
    0x0, 0x0, 0x0, 0x0, 0x0, 0x0, 0x10, 0x0,
    0x0, 0x0, 0x0, 0x0, 0x0, 0x0, 0x0, 0x0,
    0x0, 0x3, 0xd0, 0x0, 0x0, 0x0, 0x0, 0x0,
    0x0, 0x0, 0x0, 0x0, 0x0, 0xd, 0xf7, 0x0,
    0x0, 0x0, 0x0, 0x0, 0x0, 0x0, 0x0, 0x0,
    0x0, 0x6f, 0xff, 0x10, 0x0, 0x0, 0x0, 0x0,
    0x0, 0x0, 0x0, 0x0, 0x1, 0xef, 0xff, 0xa0,
    0x0, 0x0, 0x0, 0x0, 0x0, 0x0, 0x0, 0x0,
    0x9, 0xff, 0xff, 0xf3, 0x0, 0x0, 0x0, 0x0,
    0x0, 0x0, 0x0, 0x0, 0x3f, 0xff, 0xff, 0xfd,
    0x0, 0x0, 0x0, 0x0, 0x0, 0x0, 0x0, 0x0,
    0xcf, 0xf2, 0x17, 0xff, 0x60, 0x0, 0x0, 0x0,
    0x0, 0x0, 0x0, 0x6, 0xff, 0xf1, 0x7, 0xff,
    0xe1, 0x0, 0x0, 0x0, 0x0, 0x0, 0x0, 0x1e,
    0xff, 0xf1, 0x7, 0xff, 0xf9, 0x0, 0x0, 0x0,
    0x0, 0x0, 0x0, 0x9f, 0xff, 0xf2, 0x8, 0xff,
    0xff, 0x30, 0x0, 0x0, 0x0, 0x0, 0x3, 0xff,
    0xff, 0xf2, 0x8, 0xff, 0xff, 0xc0, 0x0, 0x0,
    0x0, 0x0, 0xc, 0xff, 0xff, 0xf4, 0x19, 0xff,
    0xff, 0xf6, 0x0, 0x0, 0x0, 0x0, 0x6f, 0xff,
    0xff, 0xff, 0xff, 0xff, 0xff, 0xfe, 0x10, 0x0,
    0x0, 0x0, 0xef, 0xff, 0xff, 0xfe, 0xcf, 0xff,
    0xff, 0xff, 0x90, 0x0, 0x0, 0x9, 0xff, 0xff,
    0xff, 0xe1, 0x6, 0xff, 0xff, 0xff, 0xf3, 0x0,
    0x0, 0x2f, 0xff, 0xff, 0xff, 0xc0, 0x2, 0xff,
    0xff, 0xff, 0xfc, 0x0, 0x0, 0xcf, 0xff, 0xff,
    0xff, 0xf8, 0x4b, 0xff, 0xff, 0xff, 0xff, 0x50,
    0x5, 0xff, 0xff, 0xff, 0xff, 0xff, 0xff, 0xff,
    0xff, 0xff, 0xff, 0xe0, 0xe, 0xff, 0xff, 0xff,
    0xff, 0xff, 0xff, 0xff, 0xff, 0xff, 0xff, 0xf8,

    /* U+2713 "✓" */
    0x0, 0x0, 0x0, 0x0, 0x0, 0x0, 0x0, 0x0,
    0x0, 0x0, 0x0, 0x0, 0x0, 0x0, 0x0, 0x0,
    0x3e, 0x50, 0x0, 0x0, 0x0, 0x0, 0x0, 0x0,
    0x3, 0xef, 0xf1, 0x0, 0x0, 0x0, 0x0, 0x0,
    0x0, 0x3e, 0xff, 0x50, 0x0, 0x0, 0x0, 0x0,
    0x0, 0x3, 0xef, 0xf5, 0x0, 0x0, 0x20, 0x0,
    0x0, 0x0, 0x3e, 0xff, 0x50, 0x0, 0xa, 0xe3,
    0x0, 0x0, 0x3, 0xef, 0xf5, 0x0, 0x0, 0x3f,
    0xfe, 0x30, 0x0, 0x3f, 0xff, 0x50, 0x0, 0x0,
    0x5, 0xff, 0xf3, 0x3, 0xff, 0xf5, 0x0, 0x0,
    0x0, 0x0, 0x4f, 0xff, 0x6f, 0xff, 0x50, 0x0,
    0x0, 0x0, 0x0, 0x4, 0xff, 0xff, 0xf5, 0x0,
    0x0, 0x0, 0x0, 0x0, 0x0, 0x4f, 0xff, 0x50,
    0x0, 0x0, 0x0, 0x0, 0x0, 0x0, 0x4, 0xf5,
    0x0, 0x0, 0x0, 0x0, 0x0, 0x0, 0x0, 0x0,
    0x10, 0x0, 0x0, 0x0, 0x0, 0x0,

    /* U+2717 "✗" */
    0x0, 0x0, 0x0, 0x0, 0x0, 0x0, 0x0, 0x7b,
    0x0, 0x0, 0x0, 0x7, 0xa0, 0x4f, 0xfb, 0x0,
    0x0, 0x7, 0xff, 0x80, 0xbf, 0xfb, 0x0, 0x7,
    0xff, 0xd1, 0x0, 0xbf, 0xfb, 0x7, 0xff, 0xd1,
    0x0, 0x0, 0xaf, 0xfd, 0xff, 0xd1, 0x0, 0x0,
    0x0, 0xaf, 0xff, 0xd1, 0x0, 0x0, 0x0, 0x8,
    0xff, 0xfb, 0x0, 0x0, 0x0, 0x8, 0xff, 0xff,
    0xfb, 0x0, 0x0, 0x8, 0xff, 0xd1, 0xaf, 0xfb,
    0x0, 0x8, 0xff, 0xd1, 0x0, 0xaf, 0xfb, 0x5,
    0xff, 0xd1, 0x0, 0x0, 0xaf, 0xf8, 0x9, 0xd1,
    0x0, 0x0, 0x0, 0xac, 0x10, 0x1, 0x0, 0x0,
    0x0, 0x0, 0x0,

    /* U+2756 "❖" */
    0x0, 0x0, 0x0, 0x0, 0x0, 0x0, 0x0, 0x0,
    0x0, 0x0, 0x0, 0x0, 0x0, 0x0, 0x0, 0x0,
    0x0, 0x1d, 0x60, 0x0, 0x0, 0x0, 0x0, 0x0,
    0x0, 0x0, 0x0, 0x0, 0x1, 0xdf, 0xf6, 0x0,
    0x0, 0x0, 0x0, 0x0, 0x0, 0x0, 0x0, 0x0,
    0x1d, 0xff, 0xff, 0x50, 0x0, 0x0, 0x0, 0x0,
    0x0, 0x0, 0x0, 0x1, 0xdf, 0xff, 0xff, 0xf5,
    0x0, 0x0, 0x0, 0x0, 0x0, 0x0, 0x0, 0x1d,
    0xff, 0xff, 0xff, 0xff, 0x50, 0x0, 0x0, 0x0,
    0x0, 0x0, 0x0, 0xa, 0xff, 0xff, 0xff, 0xfe,
    0x20, 0x0, 0x0, 0x0, 0x0, 0x0, 0x16, 0x0,
    0xaf, 0xff, 0xff, 0xe2, 0x2, 0x50, 0x0, 0x0,
    0x0, 0x1, 0xdf, 0x70, 0xa, 0xff, 0xfe, 0x20,
    0x2e, 0xf5, 0x0, 0x0, 0x0, 0x1d, 0xff, 0xf7,
    0x0, 0xaf, 0xe2, 0x2, 0xef, 0xff, 0x50, 0x0,
    0x2, 0xef, 0xff, 0xff, 0x70, 0x8, 0x20, 0x2e,
    0xff, 0xff, 0xf5, 0x0, 0x2e, 0xff, 0xff, 0xff,
    0xf7, 0x0, 0x2, 0xef, 0xff, 0xff, 0xff, 0x50,
    0x8f, 0xff, 0xff, 0xff, 0xfe, 0x10, 0x9, 0xff,
    0xff, 0xff, 0xff, 0xc0, 0x9, 0xff, 0xff, 0xff,
    0xe2, 0x1, 0x0, 0xaf, 0xff, 0xff, 0xfd, 0x10,
    0x0, 0x9f, 0xff, 0xfe, 0x20, 0x2e, 0x80, 0xa,
    0xff, 0xff, 0xd1, 0x0, 0x0, 0x9, 0xff, 0xe2,
    0x2, 0xef, 0xf7, 0x0, 0xaf, 0xfd, 0x10, 0x0,
    0x0, 0x0, 0x9e, 0x20, 0x2e, 0xff, 0xff, 0x70,
    0xa, 0xd1, 0x0, 0x0, 0x0, 0x0, 0x1, 0x2,
    0xef, 0xff, 0xff, 0xf7, 0x0, 0x10, 0x0, 0x0,
    0x0, 0x0, 0x0, 0x1e, 0xff, 0xff, 0xff, 0xff,
    0x60, 0x0, 0x0, 0x0, 0x0, 0x0, 0x0, 0x9,
    0xff, 0xff, 0xff, 0xfd, 0x10, 0x0, 0x0, 0x0,
    0x0, 0x0, 0x0, 0x0, 0x8f, 0xff, 0xff, 0xd1,
    0x0, 0x0, 0x0, 0x0, 0x0, 0x0, 0x0, 0x0,
    0x8, 0xff, 0xfd, 0x10, 0x0, 0x0, 0x0, 0x0,
    0x0, 0x0, 0x0, 0x0, 0x0, 0x8f, 0xd1, 0x0,
    0x0, 0x0, 0x0, 0x0, 0x0, 0x0, 0x0, 0x0,
    0x0, 0x6, 0x10, 0x0, 0x0, 0x0, 0x0, 0x0,

    /* U+2764 "❤" */
    0x0, 0x0, 0x48, 0x97, 0x20, 0x0, 0x0, 0x59,
    0x97, 0x20, 0x0, 0x0, 0x2d, 0xff, 0xff, 0xf9,
    0x0, 0x2d, 0xff, 0xff, 0xf8, 0x0, 0x1, 0xef,
    0xff, 0xff, 0xff, 0xb4, 0xff, 0xff, 0xff, 0xff,
    0x70, 0x8, 0xff, 0xff, 0xff, 0xff, 0xff, 0xff,
    0xff, 0xff, 0xff, 0xf1, 0xe, 0xff, 0xff, 0xff,
    0xff, 0xff, 0xff, 0xff, 0xff, 0xff, 0xf6, 0xf,
    0xff, 0xff, 0xff, 0xff, 0xff, 0xff, 0xff, 0xff,
    0xff, 0xf8, 0xf, 0xff, 0xff, 0xff, 0xff, 0xff,
    0xff, 0xff, 0xff, 0xff, 0xf7, 0xb, 0xff, 0xff,
    0xff, 0xff, 0xff, 0xff, 0xff, 0xff, 0xff, 0xf3,
    0x3, 0xff, 0xff, 0xff, 0xff, 0xff, 0xff, 0xff,
    0xff, 0xff, 0xc0, 0x0, 0x7f, 0xff, 0xff, 0xff,
    0xff, 0xff, 0xff, 0xff, 0xfe, 0x10, 0x0, 0x8,
    0xff, 0xff, 0xff, 0xff, 0xff, 0xff, 0xff, 0xe2,
    0x0, 0x0, 0x0, 0x8f, 0xff, 0xff, 0xff, 0xff,
    0xff, 0xfe, 0x20, 0x0, 0x0, 0x0, 0x8, 0xff,
    0xff, 0xff, 0xff, 0xff, 0xe2, 0x0, 0x0, 0x0,
    0x0, 0x0, 0x8f, 0xff, 0xff, 0xff, 0xfe, 0x20,
    0x0, 0x0, 0x0, 0x0, 0x0, 0x8, 0xff, 0xff,
    0xff, 0xe2, 0x0, 0x0, 0x0, 0x0, 0x0, 0x0,
    0x0, 0x8f, 0xff, 0xfe, 0x20, 0x0, 0x0, 0x0,
    0x0, 0x0, 0x0, 0x0, 0x8, 0xff, 0xe2, 0x0,
    0x0, 0x0, 0x0, 0x0, 0x0, 0x0, 0x0, 0x0,
    0x8e, 0x20, 0x0, 0x0, 0x0, 0x0, 0x0, 0x0,
    0x0, 0x0, 0x0, 0x1, 0x0, 0x0, 0x0, 0x0,
    0x0,

    /* U+2780 "➀" */
    0x0, 0x0, 0x0, 0x0, 0x0, 0x0, 0x0, 0x0,
    0x10, 0x0, 0x0, 0x0, 0x0, 0x0, 0x0, 0x0,
    0x0, 0x0, 0x0, 0x0, 0x0, 0x0, 0x4, 0x8c,
    0xff, 0xff, 0xfd, 0x95, 0x0, 0x0, 0x0, 0x0,
    0x0, 0x0, 0x0, 0x0, 0x0, 0x0, 0x7, 0xdf,
    0xff, 0xff, 0xff, 0xff, 0xff, 0xf8, 0x10, 0x0,
    0x0, 0x0, 0x0, 0x0, 0x0, 0x0, 0x4, 0xdf,
    0xff, 0xa6, 0x21, 0x1, 0x25, 0x9e, 0xff, 0xf7,
    0x0, 0x0, 0x0, 0x0, 0x0, 0x0, 0x0, 0x8f,
    0xfe, 0x70, 0x0, 0x0, 0x0, 0x0, 0x0, 0x5c,
    0xff, 0xb1, 0x0, 0x0, 0x0, 0x0, 0x0, 0xa,
    0xff, 0xa1, 0x0, 0x0, 0x0, 0x0, 0x0, 0x0,
    0x0, 0x7f, 0xfd, 0x10, 0x0, 0x0, 0x0, 0x0,
    0xaf, 0xf6, 0x0, 0x0, 0x0, 0x0, 0x0, 0x0,
    0x0, 0x0, 0x3, 0xef, 0xd0, 0x0, 0x0, 0x0,
    0x7, 0xff, 0x50, 0x0, 0x0, 0x0, 0x0, 0x0,
    0x0, 0x0, 0x0, 0x0, 0x2e, 0xfb, 0x0, 0x0,
    0x0, 0x2f, 0xf7, 0x0, 0x0, 0x0, 0x0, 0x2,
    0x77, 0x70, 0x0, 0x0, 0x0, 0x3, 0xff, 0x60,
    0x0, 0x0, 0xcf, 0xc0, 0x0, 0x0, 0x0, 0x0,
    0x6f, 0xff, 0xf1, 0x0, 0x0, 0x0, 0x0, 0x7f,
    0xe1, 0x0, 0x3, 0xff, 0x20, 0x0, 0x0, 0x0,
    0x1a, 0xff, 0xff, 0xf1, 0x0, 0x0, 0x0, 0x0,
    0xd, 0xf7, 0x0, 0xa, 0xfa, 0x0, 0x0, 0x0,
    0x0, 0xcf, 0xf8, 0x9f, 0xf1, 0x0, 0x0, 0x0,
    0x0, 0x6, 0xfe, 0x0, 0xf, 0xf3, 0x0, 0x0,
    0x0, 0x0, 0xde, 0x40, 0x9f, 0xf1, 0x0, 0x0,
    0x0, 0x0, 0x0, 0xef, 0x40, 0x4f, 0xe0, 0x0,
    0x0, 0x0, 0x0, 0x91, 0x0, 0x9f, 0xf1, 0x0,
    0x0, 0x0, 0x0, 0x0, 0xaf, 0x80, 0x8f, 0xa0,
    0x0, 0x0, 0x0, 0x0, 0x0, 0x0, 0x9f, 0xf1,
    0x0, 0x0, 0x0, 0x0, 0x0, 0x6f, 0xc0, 0x9f,
    0x80, 0x0, 0x0, 0x0, 0x0, 0x0, 0x0, 0x9f,
    0xf1, 0x0, 0x0, 0x0, 0x0, 0x0, 0x4f, 0xe0,
    0xbf, 0x70, 0x0, 0x0, 0x0, 0x0, 0x0, 0x0,
    0x9f, 0xf1, 0x0, 0x0, 0x0, 0x0, 0x0, 0x2f,
    0xf0, 0xbf, 0x60, 0x0, 0x0, 0x0, 0x0, 0x0,
    0x0, 0x9f, 0xf1, 0x0, 0x0, 0x0, 0x0, 0x0,
    0x2f, 0xf0, 0xaf, 0x70, 0x0, 0x0, 0x0, 0x0,
    0x0, 0x0, 0x9f, 0xf1, 0x0, 0x0, 0x0, 0x0,
    0x0, 0x3f, 0xf0, 0x9f, 0x80, 0x0, 0x0, 0x0,
    0x0, 0x0, 0x0, 0x9f, 0xf1, 0x0, 0x0, 0x0,
    0x0, 0x0, 0x4f, 0xd0, 0x7f, 0xc0, 0x0, 0x0,
    0x0, 0x0, 0x0, 0x0, 0x9f, 0xf1, 0x0, 0x0,
    0x0, 0x0, 0x0, 0x7f, 0xb0, 0x3f, 0xf0, 0x0,
    0x0, 0x0, 0x0, 0x0, 0x0, 0x9f, 0xf1, 0x0,
    0x0, 0x0, 0x0, 0x0, 0xbf, 0x70, 0xe, 0xf5,
    0x0, 0x0, 0x0, 0x0, 0x0, 0x0, 0x9f, 0xf1,
    0x0, 0x0, 0x0, 0x0, 0x1, 0xff, 0x30, 0x8,
    0xfc, 0x0, 0x0, 0x0, 0x0, 0x0, 0x0, 0x9f,
    0xf1, 0x0, 0x0, 0x0, 0x0, 0x8, 0xfd, 0x0,
    0x2, 0xff, 0x40, 0x0, 0x0, 0x0, 0x0, 0x0,
    0x9f, 0xf1, 0x0, 0x0, 0x0, 0x0, 0x1e, 0xf6,
    0x0, 0x0, 0x9f, 0xd0, 0x0, 0x0, 0x0, 0x0,
    0x0, 0x9f, 0xf1, 0x0, 0x0, 0x0, 0x0, 0xaf,
    0xd0, 0x0, 0x0, 0x1e, 0xfa, 0x0, 0x0, 0x0,
    0x0, 0x0, 0x0, 0x0, 0x0, 0x0, 0x0, 0x6,
    0xff, 0x30, 0x0, 0x0, 0x4, 0xff, 0x90, 0x0,
    0x0, 0x0, 0x0, 0x0, 0x0, 0x0, 0x0, 0x0,
    0x4f, 0xf8, 0x0, 0x0, 0x0, 0x0, 0x6f, 0xfa,
    0x0, 0x0, 0x0, 0x0, 0x0, 0x0, 0x0, 0x0,
    0x6, 0xff, 0xa0, 0x0, 0x0, 0x0, 0x0, 0x6,
    0xff, 0xd3, 0x0, 0x0, 0x0, 0x0, 0x0, 0x0,
    0x1, 0xbf, 0xfa, 0x0, 0x0, 0x0, 0x0, 0x0,
    0x0, 0x4e, 0xff, 0xb4, 0x0, 0x0, 0x0, 0x0,
    0x2, 0x9f, 0xff, 0x80, 0x0, 0x0, 0x0, 0x0,
    0x0, 0x0, 0x1, 0xaf, 0xff, 0xea, 0x75, 0x45,
    0x69, 0xdf, 0xff, 0xc3, 0x0, 0x0, 0x0, 0x0,
    0x0, 0x0, 0x0, 0x0, 0x3, 0x9f, 0xff, 0xff,
    0xff, 0xff, 0xff, 0xb4, 0x0, 0x0, 0x0, 0x0,
    0x0, 0x0, 0x0, 0x0, 0x0, 0x0, 0x0, 0x48,
    0xbc, 0xdc, 0xb9, 0x51, 0x0, 0x0, 0x0, 0x0,
    0x0, 0x0,

    /* U+2781 "➁" */
    0x0, 0x0, 0x0, 0x0, 0x0, 0x0, 0x0, 0x0,
    0x10, 0x0, 0x0, 0x0, 0x0, 0x0, 0x0, 0x0,
    0x0, 0x0, 0x0, 0x0, 0x0, 0x0, 0x4, 0x8c,
    0xff, 0xff, 0xfd, 0x95, 0x0, 0x0, 0x0, 0x0,
    0x0, 0x0, 0x0, 0x0, 0x0, 0x0, 0x7, 0xdf,
    0xff, 0xff, 0xff, 0xff, 0xff, 0xf8, 0x10, 0x0,
    0x0, 0x0, 0x0, 0x0, 0x0, 0x0, 0x4, 0xdf,
    0xff, 0xa6, 0x21, 0x1, 0x25, 0x9e, 0xff, 0xf7,
    0x0, 0x0, 0x0, 0x0, 0x0, 0x0, 0x0, 0x8f,
    0xfe, 0x70, 0x0, 0x0, 0x0, 0x0, 0x0, 0x5c,
    0xff, 0xb1, 0x0, 0x0, 0x0, 0x0, 0x0, 0xa,
    0xff, 0xa1, 0x0, 0x0, 0x0, 0x0, 0x0, 0x0,
    0x0, 0x7f, 0xfd, 0x10, 0x0, 0x0, 0x0, 0x0,
    0xaf, 0xf6, 0x0, 0x0, 0x0, 0x0, 0x0, 0x0,
    0x0, 0x0, 0x3, 0xef, 0xd0, 0x0, 0x0, 0x0,
    0x7, 0xff, 0x50, 0x0, 0x0, 0x0, 0x0, 0x0,
    0x0, 0x0, 0x0, 0x0, 0x2e, 0xfb, 0x0, 0x0,
    0x0, 0x2f, 0xf7, 0x0, 0x0, 0x0, 0x1, 0x7b,
    0xdc, 0x92, 0x0, 0x0, 0x0, 0x3, 0xff, 0x60,
    0x0, 0x0, 0xcf, 0xc0, 0x0, 0x0, 0x0, 0x5f,
    0xff, 0xff, 0xff, 0x70, 0x0, 0x0, 0x0, 0x7f,
    0xe1, 0x0, 0x3, 0xff, 0x20, 0x0, 0x0, 0x3,
    0xff, 0xf9, 0x68, 0xef, 0xf6, 0x0, 0x0, 0x0,
    0xd, 0xf7, 0x0, 0xa, 0xfa, 0x0, 0x0, 0x0,
    0xa, 0xff, 0x30, 0x0, 0x1e, 0xfe, 0x0, 0x0,
    0x0, 0x6, 0xfe, 0x0, 0xf, 0xf3, 0x0, 0x0,
    0x0, 0xf, 0xfa, 0x0, 0x0, 0x7, 0xff, 0x20,
    0x0, 0x0, 0x0, 0xef, 0x40, 0x4f, 0xe0, 0x0,
    0x0, 0x0, 0x8, 0x84, 0x0, 0x0, 0x6, 0xff,
    0x20, 0x0, 0x0, 0x0, 0xaf, 0x80, 0x8f, 0xa0,
    0x0, 0x0, 0x0, 0x0, 0x0, 0x0, 0x0, 0x9,
    0xff, 0x0, 0x0, 0x0, 0x0, 0x6f, 0xc0, 0x9f,
    0x80, 0x0, 0x0, 0x0, 0x0, 0x0, 0x0, 0x0,
    0x2f, 0xfa, 0x0, 0x0, 0x0, 0x0, 0x4f, 0xe0,
    0xbf, 0x70, 0x0, 0x0, 0x0, 0x0, 0x0, 0x0,
    0x1, 0xdf, 0xf1, 0x0, 0x0, 0x0, 0x0, 0x2f,
    0xf0, 0xbf, 0x60, 0x0, 0x0, 0x0, 0x0, 0x0,
    0x0, 0xc, 0xff, 0x50, 0x0, 0x0, 0x0, 0x0,
    0x2f, 0xf0, 0xaf, 0x70, 0x0, 0x0, 0x0, 0x0,
    0x0, 0x0, 0xbf, 0xf7, 0x0, 0x0, 0x0, 0x0,
    0x0, 0x3f, 0xf0, 0x9f, 0x80, 0x0, 0x0, 0x0,
    0x0, 0x0, 0xa, 0xff, 0x80, 0x0, 0x0, 0x0,
    0x0, 0x0, 0x4f, 0xd0, 0x7f, 0xc0, 0x0, 0x0,
    0x0, 0x0, 0x0, 0xaf, 0xf9, 0x0, 0x0, 0x0,
    0x0, 0x0, 0x0, 0x7f, 0xb0, 0x3f, 0xf0, 0x0,
    0x0, 0x0, 0x0, 0x9, 0xff, 0x90, 0x0, 0x0,
    0x0, 0x0, 0x0, 0x0, 0xbf, 0x70, 0xe, 0xf5,
    0x0, 0x0, 0x0, 0x0, 0x8f, 0xfa, 0x0, 0x0,
    0x0, 0x0, 0x0, 0x0, 0x1, 0xff, 0x30, 0x8,
    0xfc, 0x0, 0x0, 0x0, 0x8, 0xff, 0xe4, 0x44,
    0x44, 0x44, 0x20, 0x0, 0x0, 0x8, 0xfd, 0x0,
    0x2, 0xff, 0x40, 0x0, 0x0, 0xf, 0xff, 0xff,
    0xff, 0xff, 0xff, 0x70, 0x0, 0x0, 0x1e, 0xf6,
    0x0, 0x0, 0x9f, 0xd0, 0x0, 0x0, 0xf, 0xff,
    0xff, 0xff, 0xff, 0xff, 0x70, 0x0, 0x0, 0xaf,
    0xd0, 0x0, 0x0, 0x1e, 0xfa, 0x0, 0x0, 0x0,
    0x0, 0x0, 0x0, 0x0, 0x0, 0x0, 0x0, 0x6,
    0xff, 0x30, 0x0, 0x0, 0x4, 0xff, 0x90, 0x0,
    0x0, 0x0, 0x0, 0x0, 0x0, 0x0, 0x0, 0x0,
    0x4f, 0xf8, 0x0, 0x0, 0x0, 0x0, 0x6f, 0xfa,
    0x0, 0x0, 0x0, 0x0, 0x0, 0x0, 0x0, 0x0,
    0x6, 0xff, 0xa0, 0x0, 0x0, 0x0, 0x0, 0x6,
    0xff, 0xd3, 0x0, 0x0, 0x0, 0x0, 0x0, 0x0,
    0x1, 0xbf, 0xfa, 0x0, 0x0, 0x0, 0x0, 0x0,
    0x0, 0x4e, 0xff, 0xb4, 0x0, 0x0, 0x0, 0x0,
    0x2, 0x9f, 0xff, 0x80, 0x0, 0x0, 0x0, 0x0,
    0x0, 0x0, 0x1, 0xaf, 0xff, 0xea, 0x75, 0x45,
    0x69, 0xdf, 0xff, 0xc3, 0x0, 0x0, 0x0, 0x0,
    0x0, 0x0, 0x0, 0x0, 0x3, 0x9f, 0xff, 0xff,
    0xff, 0xff, 0xff, 0xb4, 0x0, 0x0, 0x0, 0x0,
    0x0, 0x0, 0x0, 0x0, 0x0, 0x0, 0x0, 0x48,
    0xbc, 0xdc, 0xb9, 0x51, 0x0, 0x0, 0x0, 0x0,
    0x0, 0x0,

    /* U+2782 "➂" */
    0x0, 0x0, 0x0, 0x0, 0x0, 0x0, 0x0, 0x0,
    0x10, 0x0, 0x0, 0x0, 0x0, 0x0, 0x0, 0x0,
    0x0, 0x0, 0x0, 0x0, 0x0, 0x0, 0x4, 0x8c,
    0xff, 0xff, 0xfd, 0x95, 0x0, 0x0, 0x0, 0x0,
    0x0, 0x0, 0x0, 0x0, 0x0, 0x0, 0x7, 0xdf,
    0xff, 0xff, 0xff, 0xff, 0xff, 0xf8, 0x10, 0x0,
    0x0, 0x0, 0x0, 0x0, 0x0, 0x0, 0x4, 0xdf,
    0xff, 0xa6, 0x21, 0x1, 0x25, 0x9e, 0xff, 0xf7,
    0x0, 0x0, 0x0, 0x0, 0x0, 0x0, 0x0, 0x8f,
    0xfe, 0x70, 0x0, 0x0, 0x0, 0x0, 0x0, 0x5c,
    0xff, 0xb1, 0x0, 0x0, 0x0, 0x0, 0x0, 0xa,
    0xff, 0xa1, 0x0, 0x0, 0x0, 0x0, 0x0, 0x0,
    0x0, 0x7f, 0xfd, 0x10, 0x0, 0x0, 0x0, 0x0,
    0xaf, 0xf6, 0x0, 0x0, 0x0, 0x0, 0x0, 0x0,
    0x0, 0x0, 0x3, 0xef, 0xd0, 0x0, 0x0, 0x0,
    0x7, 0xff, 0x50, 0x0, 0x0, 0x0, 0x0, 0x0,
    0x0, 0x0, 0x0, 0x0, 0x2e, 0xfb, 0x0, 0x0,
    0x0, 0x2f, 0xf7, 0x0, 0x0, 0x0, 0x2, 0x8c,
    0xdc, 0x82, 0x0, 0x0, 0x0, 0x3, 0xff, 0x60,
    0x0, 0x0, 0xcf, 0xc0, 0x0, 0x0, 0x0, 0x8f,
    0xff, 0xff, 0xff, 0x50, 0x0, 0x0, 0x0, 0x7f,
    0xe1, 0x0, 0x3, 0xff, 0x20, 0x0, 0x0, 0x7,
    0xff, 0xe8, 0x69, 0xff, 0xf3, 0x0, 0x0, 0x0,
    0xd, 0xf7, 0x0, 0xa, 0xfa, 0x0, 0x0, 0x0,
    0x1f, 0xfc, 0x0, 0x0, 0x3f, 0xfb, 0x0, 0x0,
    0x0, 0x6, 0xfe, 0x0, 0xf, 0xf3, 0x0, 0x0,
    0x0, 0x4f, 0xf5, 0x0, 0x0, 0xb, 0xfe, 0x0,
    0x0, 0x0, 0x0, 0xef, 0x40, 0x4f, 0xe0, 0x0,
    0x0, 0x0, 0x0, 0x0, 0x0, 0x0, 0xa, 0xfe,
    0x0, 0x0, 0x0, 0x0, 0xaf, 0x80, 0x8f, 0xa0,
    0x0, 0x0, 0x0, 0x0, 0x0, 0x0, 0x0, 0x1e,
    0xfb, 0x0, 0x0, 0x0, 0x0, 0x6f, 0xc0, 0x9f,
    0x80, 0x0, 0x0, 0x0, 0x0, 0x0, 0x0, 0x14,
    0xdf, 0xf2, 0x0, 0x0, 0x0, 0x0, 0x4f, 0xe0,
    0xbf, 0x70, 0x0, 0x0, 0x0, 0x0, 0x0, 0x5f,
    0xff, 0xfb, 0x30, 0x0, 0x0, 0x0, 0x0, 0x2f,
    0xf0, 0xbf, 0x60, 0x0, 0x0, 0x0, 0x0, 0x0,
    0x5f, 0xff, 0xfc, 0x60, 0x0, 0x0, 0x0, 0x0,
    0x2f, 0xf0, 0xaf, 0x70, 0x0, 0x0, 0x0, 0x0,
    0x0, 0x2, 0x35, 0xcf, 0xf9, 0x0, 0x0, 0x0,
    0x0, 0x3f, 0xf0, 0x9f, 0x80, 0x0, 0x0, 0x0,
    0x0, 0x0, 0x0, 0x0, 0xa, 0xff, 0x30, 0x0,
    0x0, 0x0, 0x4f, 0xd0, 0x7f, 0xc0, 0x0, 0x0,
    0x0, 0x0, 0x0, 0x0, 0x0, 0x3, 0xff, 0x80,
    0x0, 0x0, 0x0, 0x7f, 0xb0, 0x3f, 0xf0, 0x0,
    0x0, 0x0, 0x69, 0x90, 0x0, 0x0, 0x2, 0xff,
    0x90, 0x0, 0x0, 0x0, 0xbf, 0x70, 0xe, 0xf5,
    0x0, 0x0, 0x0, 0x8f, 0xf6, 0x0, 0x0, 0x8,
    0xff, 0x60, 0x0, 0x0, 0x1, 0xff, 0x30, 0x8,
    0xfc, 0x0, 0x0, 0x0, 0x2f, 0xff, 0x82, 0x13,
    0x9f, 0xfe, 0x0, 0x0, 0x0, 0x8, 0xfd, 0x0,
    0x2, 0xff, 0x40, 0x0, 0x0, 0x5, 0xff, 0xff,
    0xff, 0xff, 0xf3, 0x0, 0x0, 0x0, 0x1e, 0xf6,
    0x0, 0x0, 0x9f, 0xd0, 0x0, 0x0, 0x0, 0x2a,
    0xff, 0xff, 0xe9, 0x10, 0x0, 0x0, 0x0, 0xaf,
    0xd0, 0x0, 0x0, 0x1e, 0xfa, 0x0, 0x0, 0x0,
    0x0, 0x2, 0x32, 0x0, 0x0, 0x0, 0x0, 0x6,
    0xff, 0x30, 0x0, 0x0, 0x4, 0xff, 0x90, 0x0,
    0x0, 0x0, 0x0, 0x0, 0x0, 0x0, 0x0, 0x0,
    0x4f, 0xf8, 0x0, 0x0, 0x0, 0x0, 0x6f, 0xfa,
    0x0, 0x0, 0x0, 0x0, 0x0, 0x0, 0x0, 0x0,
    0x6, 0xff, 0xa0, 0x0, 0x0, 0x0, 0x0, 0x6,
    0xff, 0xd3, 0x0, 0x0, 0x0, 0x0, 0x0, 0x0,
    0x1, 0xbf, 0xfa, 0x0, 0x0, 0x0, 0x0, 0x0,
    0x0, 0x4e, 0xff, 0xb4, 0x0, 0x0, 0x0, 0x0,
    0x2, 0x9f, 0xff, 0x80, 0x0, 0x0, 0x0, 0x0,
    0x0, 0x0, 0x1, 0xaf, 0xff, 0xea, 0x75, 0x45,
    0x69, 0xdf, 0xff, 0xc3, 0x0, 0x0, 0x0, 0x0,
    0x0, 0x0, 0x0, 0x0, 0x3, 0x9f, 0xff, 0xff,
    0xff, 0xff, 0xff, 0xb4, 0x0, 0x0, 0x0, 0x0,
    0x0, 0x0, 0x0, 0x0, 0x0, 0x0, 0x0, 0x48,
    0xbc, 0xdc, 0xb9, 0x51, 0x0, 0x0, 0x0, 0x0,
    0x0, 0x0,

    /* U+2783 "➃" */
    0x0, 0x0, 0x0, 0x0, 0x0, 0x0, 0x0, 0x0,
    0x10, 0x0, 0x0, 0x0, 0x0, 0x0, 0x0, 0x0,
    0x0, 0x0, 0x0, 0x0, 0x0, 0x0, 0x4, 0x8c,
    0xff, 0xff, 0xfd, 0x95, 0x0, 0x0, 0x0, 0x0,
    0x0, 0x0, 0x0, 0x0, 0x0, 0x0, 0x7, 0xdf,
    0xff, 0xff, 0xff, 0xff, 0xff, 0xf8, 0x10, 0x0,
    0x0, 0x0, 0x0, 0x0, 0x0, 0x0, 0x4, 0xdf,
    0xff, 0xa6, 0x21, 0x1, 0x25, 0x9e, 0xff, 0xf7,
    0x0, 0x0, 0x0, 0x0, 0x0, 0x0, 0x0, 0x8f,
    0xfe, 0x70, 0x0, 0x0, 0x0, 0x0, 0x0, 0x5c,
    0xff, 0xb1, 0x0, 0x0, 0x0, 0x0, 0x0, 0xa,
    0xff, 0xa1, 0x0, 0x0, 0x0, 0x0, 0x0, 0x0,
    0x0, 0x7f, 0xfd, 0x10, 0x0, 0x0, 0x0, 0x0,
    0xaf, 0xf6, 0x0, 0x0, 0x0, 0x0, 0x0, 0x0,
    0x0, 0x0, 0x3, 0xef, 0xd0, 0x0, 0x0, 0x0,
    0x7, 0xff, 0x50, 0x0, 0x0, 0x0, 0x0, 0x0,
    0x0, 0x0, 0x0, 0x0, 0x2e, 0xfb, 0x0, 0x0,
    0x0, 0x2f, 0xf7, 0x0, 0x0, 0x0, 0x0, 0x0,
    0x9, 0xbb, 0x60, 0x0, 0x0, 0x3, 0xff, 0x60,
    0x0, 0x0, 0xcf, 0xc0, 0x0, 0x0, 0x0, 0x0,
    0x0, 0x6f, 0xff, 0xa0, 0x0, 0x0, 0x0, 0x7f,
    0xe1, 0x0, 0x3, 0xff, 0x20, 0x0, 0x0, 0x0,
    0x0, 0x1, 0xff, 0xff, 0xa0, 0x0, 0x0, 0x0,
    0xd, 0xf7, 0x0, 0xa, 0xfa, 0x0, 0x0, 0x0,
    0x0, 0x0, 0xb, 0xfe, 0xff, 0xa0, 0x0, 0x0,
    0x0, 0x6, 0xfe, 0x0, 0xf, 0xf3, 0x0, 0x0,
    0x0, 0x0, 0x0, 0x5f, 0xf4, 0xef, 0xa0, 0x0,
    0x0, 0x0, 0x0, 0xef, 0x40, 0x4f, 0xe0, 0x0,
    0x0, 0x0, 0x0, 0x0, 0xef, 0xa0, 0xef, 0xa0,
    0x0, 0x0, 0x0, 0x0, 0xaf, 0x80, 0x8f, 0xa0,
    0x0, 0x0, 0x0, 0x0, 0x9, 0xff, 0x10, 0xef,
    0xa0, 0x0, 0x0, 0x0, 0x0, 0x6f, 0xc0, 0x9f,
    0x80, 0x0, 0x0, 0x0, 0x0, 0x3f, 0xf6, 0x0,
    0xef, 0xa0, 0x0, 0x0, 0x0, 0x0, 0x4f, 0xe0,
    0xbf, 0x70, 0x0, 0x0, 0x0, 0x0, 0xdf, 0xc0,
    0x0, 0xef, 0xa0, 0x0, 0x0, 0x0, 0x0, 0x2f,
    0xf0, 0xbf, 0x60, 0x0, 0x0, 0x0, 0x7, 0xff,
    0x20, 0x0, 0xef, 0xa0, 0x0, 0x0, 0x0, 0x0,
    0x2f, 0xf0, 0xaf, 0x70, 0x0, 0x0, 0x0, 0x2f,
    0xf8, 0x0, 0x0, 0xef, 0xa0, 0x0, 0x0, 0x0,
    0x0, 0x3f, 0xf0, 0x9f, 0x80, 0x0, 0x0, 0x0,
    0xbf, 0xd0, 0x0, 0x0, 0xef, 0xa0, 0x0, 0x0,
    0x0, 0x0, 0x4f, 0xd0, 0x7f, 0xc0, 0x0, 0x0,
    0x3, 0xff, 0xfe, 0xee, 0xee, 0xff, 0xfe, 0xd0,
    0x0, 0x0, 0x0, 0x7f, 0xb0, 0x3f, 0xf0, 0x0,
    0x0, 0x3, 0xff, 0xff, 0xff, 0xff, 0xff, 0xff,
    0xe0, 0x0, 0x0, 0x0, 0xbf, 0x70, 0xe, 0xf5,
    0x0, 0x0, 0x1, 0x66, 0x66, 0x66, 0x66, 0xff,
    0xc6, 0x50, 0x0, 0x0, 0x1, 0xff, 0x30, 0x8,
    0xfc, 0x0, 0x0, 0x0, 0x0, 0x0, 0x0, 0x0,
    0xff, 0xa0, 0x0, 0x0, 0x0, 0x8, 0xfd, 0x0,
    0x2, 0xff, 0x40, 0x0, 0x0, 0x0, 0x0, 0x0,
    0x0, 0xff, 0xa0, 0x0, 0x0, 0x0, 0x1e, 0xf6,
    0x0, 0x0, 0x9f, 0xd0, 0x0, 0x0, 0x0, 0x0,
    0x0, 0x0, 0xef, 0x90, 0x0, 0x0, 0x0, 0xaf,
    0xd0, 0x0, 0x0, 0x1e, 0xfa, 0x0, 0x0, 0x0,
    0x0, 0x0, 0x0, 0x0, 0x0, 0x0, 0x0, 0x6,
    0xff, 0x30, 0x0, 0x0, 0x4, 0xff, 0x90, 0x0,
    0x0, 0x0, 0x0, 0x0, 0x0, 0x0, 0x0, 0x0,
    0x4f, 0xf8, 0x0, 0x0, 0x0, 0x0, 0x6f, 0xfa,
    0x0, 0x0, 0x0, 0x0, 0x0, 0x0, 0x0, 0x0,
    0x6, 0xff, 0xa0, 0x0, 0x0, 0x0, 0x0, 0x6,
    0xff, 0xd3, 0x0, 0x0, 0x0, 0x0, 0x0, 0x0,
    0x1, 0xbf, 0xfa, 0x0, 0x0, 0x0, 0x0, 0x0,
    0x0, 0x4e, 0xff, 0xb4, 0x0, 0x0, 0x0, 0x0,
    0x2, 0x9f, 0xff, 0x80, 0x0, 0x0, 0x0, 0x0,
    0x0, 0x0, 0x1, 0xaf, 0xff, 0xea, 0x75, 0x45,
    0x69, 0xdf, 0xff, 0xc3, 0x0, 0x0, 0x0, 0x0,
    0x0, 0x0, 0x0, 0x0, 0x3, 0x9f, 0xff, 0xff,
    0xff, 0xff, 0xff, 0xb4, 0x0, 0x0, 0x0, 0x0,
    0x0, 0x0, 0x0, 0x0, 0x0, 0x0, 0x0, 0x48,
    0xbc, 0xdc, 0xb9, 0x51, 0x0, 0x0, 0x0, 0x0,
    0x0, 0x0,

    /* U+2784 "➄" */
    0x0, 0x0, 0x0, 0x0, 0x0, 0x0, 0x0, 0x0,
    0x10, 0x0, 0x0, 0x0, 0x0, 0x0, 0x0, 0x0,
    0x0, 0x0, 0x0, 0x0, 0x0, 0x0, 0x4, 0x8c,
    0xff, 0xff, 0xfd, 0x95, 0x0, 0x0, 0x0, 0x0,
    0x0, 0x0, 0x0, 0x0, 0x0, 0x0, 0x7, 0xdf,
    0xff, 0xff, 0xff, 0xff, 0xff, 0xf8, 0x10, 0x0,
    0x0, 0x0, 0x0, 0x0, 0x0, 0x0, 0x4, 0xdf,
    0xff, 0xa6, 0x21, 0x1, 0x25, 0x9e, 0xff, 0xf7,
    0x0, 0x0, 0x0, 0x0, 0x0, 0x0, 0x0, 0x8f,
    0xfe, 0x70, 0x0, 0x0, 0x0, 0x0, 0x0, 0x5c,
    0xff, 0xb1, 0x0, 0x0, 0x0, 0x0, 0x0, 0xa,
    0xff, 0xa1, 0x0, 0x0, 0x0, 0x0, 0x0, 0x0,
    0x0, 0x7f, 0xfd, 0x10, 0x0, 0x0, 0x0, 0x0,
    0xaf, 0xf6, 0x0, 0x0, 0x0, 0x0, 0x0, 0x0,
    0x0, 0x0, 0x3, 0xef, 0xd0, 0x0, 0x0, 0x0,
    0x7, 0xff, 0x50, 0x0, 0x0, 0x0, 0x0, 0x0,
    0x0, 0x0, 0x0, 0x0, 0x2e, 0xfb, 0x0, 0x0,
    0x0, 0x2f, 0xf7, 0x0, 0x0, 0x2, 0x55, 0x55,
    0x55, 0x55, 0x51, 0x0, 0x0, 0x3, 0xff, 0x60,
    0x0, 0x0, 0xcf, 0xc0, 0x0, 0x0, 0x7, 0xff,
    0xff, 0xff, 0xff, 0xf4, 0x0, 0x0, 0x0, 0x7f,
    0xe1, 0x0, 0x3, 0xff, 0x20, 0x0, 0x0, 0x9,
    0xff, 0xff, 0xff, 0xff, 0xf4, 0x0, 0x0, 0x0,
    0xd, 0xf7, 0x0, 0xa, 0xfa, 0x0, 0x0, 0x0,
    0xa, 0xfc, 0x0, 0x0, 0x0, 0x0, 0x0, 0x0,
    0x0, 0x6, 0xfe, 0x0, 0xf, 0xf3, 0x0, 0x0,
    0x0, 0xc, 0xfb, 0x0, 0x0, 0x0, 0x0, 0x0,
    0x0, 0x0, 0x0, 0xef, 0x40, 0x4f, 0xe0, 0x0,
    0x0, 0x0, 0xe, 0xf9, 0x0, 0x0, 0x0, 0x0,
    0x0, 0x0, 0x0, 0x0, 0xaf, 0x80, 0x8f, 0xa0,
    0x0, 0x0, 0x0, 0xf, 0xf7, 0x3, 0x53, 0x0,
    0x0, 0x0, 0x0, 0x0, 0x0, 0x6f, 0xc0, 0x9f,
    0x80, 0x0, 0x0, 0x0, 0x1f, 0xf9, 0xdf, 0xff,
    0xf8, 0x0, 0x0, 0x0, 0x0, 0x0, 0x4f, 0xe0,
    0xbf, 0x70, 0x0, 0x0, 0x0, 0x3f, 0xff, 0xfe,
    0xef, 0xff, 0xb0, 0x0, 0x0, 0x0, 0x0, 0x2f,
    0xf0, 0xbf, 0x60, 0x0, 0x0, 0x0, 0x29, 0xc9,
    0x20, 0x3, 0xdf, 0xf6, 0x0, 0x0, 0x0, 0x0,
    0x2f, 0xf0, 0xaf, 0x70, 0x0, 0x0, 0x0, 0x0,
    0x0, 0x0, 0x0, 0x1e, 0xfd, 0x0, 0x0, 0x0,
    0x0, 0x3f, 0xf0, 0x9f, 0x80, 0x0, 0x0, 0x0,
    0x0, 0x0, 0x0, 0x0, 0x9, 0xff, 0x0, 0x0,
    0x0, 0x0, 0x4f, 0xd0, 0x7f, 0xc0, 0x0, 0x0,
    0x0, 0x0, 0x0, 0x0, 0x0, 0x8, 0xff, 0x10,
    0x0, 0x0, 0x0, 0x7f, 0xb0, 0x3f, 0xf0, 0x0,
    0x0, 0x0, 0x58, 0x80, 0x0, 0x0, 0xa, 0xff,
    0x0, 0x0, 0x0, 0x0, 0xbf, 0x70, 0xe, 0xf5,
    0x0, 0x0, 0x0, 0x7f, 0xf5, 0x0, 0x0, 0x2f,
    0xfc, 0x0, 0x0, 0x0, 0x1, 0xff, 0x30, 0x8,
    0xfc, 0x0, 0x0, 0x0, 0x1f, 0xff, 0x61, 0x15,
    0xef, 0xf4, 0x0, 0x0, 0x0, 0x8, 0xfd, 0x0,
    0x2, 0xff, 0x40, 0x0, 0x0, 0x4, 0xff, 0xff,
    0xff, 0xff, 0x70, 0x0, 0x0, 0x0, 0x1e, 0xf6,
    0x0, 0x0, 0x9f, 0xd0, 0x0, 0x0, 0x0, 0x3b,
    0xff, 0xff, 0xc4, 0x0, 0x0, 0x0, 0x0, 0xaf,
    0xd0, 0x0, 0x0, 0x1e, 0xfa, 0x0, 0x0, 0x0,
    0x0, 0x2, 0x31, 0x0, 0x0, 0x0, 0x0, 0x6,
    0xff, 0x30, 0x0, 0x0, 0x4, 0xff, 0x90, 0x0,
    0x0, 0x0, 0x0, 0x0, 0x0, 0x0, 0x0, 0x0,
    0x4f, 0xf8, 0x0, 0x0, 0x0, 0x0, 0x6f, 0xfa,
    0x0, 0x0, 0x0, 0x0, 0x0, 0x0, 0x0, 0x0,
    0x6, 0xff, 0xa0, 0x0, 0x0, 0x0, 0x0, 0x6,
    0xff, 0xd3, 0x0, 0x0, 0x0, 0x0, 0x0, 0x0,
    0x1, 0xbf, 0xfa, 0x0, 0x0, 0x0, 0x0, 0x0,
    0x0, 0x4e, 0xff, 0xb4, 0x0, 0x0, 0x0, 0x0,
    0x2, 0x9f, 0xff, 0x80, 0x0, 0x0, 0x0, 0x0,
    0x0, 0x0, 0x1, 0xaf, 0xff, 0xea, 0x75, 0x45,
    0x69, 0xdf, 0xff, 0xc3, 0x0, 0x0, 0x0, 0x0,
    0x0, 0x0, 0x0, 0x0, 0x3, 0x9f, 0xff, 0xff,
    0xff, 0xff, 0xff, 0xb4, 0x0, 0x0, 0x0, 0x0,
    0x0, 0x0, 0x0, 0x0, 0x0, 0x0, 0x0, 0x48,
    0xbc, 0xdc, 0xb9, 0x51, 0x0, 0x0, 0x0, 0x0,
    0x0, 0x0,

    /* U+2785 "➅" */
    0x0, 0x0, 0x0, 0x0, 0x0, 0x0, 0x0, 0x0,
    0x10, 0x0, 0x0, 0x0, 0x0, 0x0, 0x0, 0x0,
    0x0, 0x0, 0x0, 0x0, 0x0, 0x0, 0x4, 0x8c,
    0xff, 0xff, 0xfd, 0x95, 0x0, 0x0, 0x0, 0x0,
    0x0, 0x0, 0x0, 0x0, 0x0, 0x0, 0x7, 0xdf,
    0xff, 0xff, 0xff, 0xff, 0xff, 0xf8, 0x10, 0x0,
    0x0, 0x0, 0x0, 0x0, 0x0, 0x0, 0x4, 0xdf,
    0xff, 0xa6, 0x21, 0x1, 0x25, 0x9e, 0xff, 0xf7,
    0x0, 0x0, 0x0, 0x0, 0x0, 0x0, 0x0, 0x8f,
    0xfe, 0x70, 0x0, 0x0, 0x0, 0x0, 0x0, 0x5c,
    0xff, 0xb1, 0x0, 0x0, 0x0, 0x0, 0x0, 0xa,
    0xff, 0xa1, 0x0, 0x0, 0x0, 0x0, 0x0, 0x0,
    0x0, 0x7f, 0xfd, 0x10, 0x0, 0x0, 0x0, 0x0,
    0xaf, 0xf6, 0x0, 0x0, 0x0, 0x0, 0x0, 0x0,
    0x0, 0x0, 0x3, 0xef, 0xd0, 0x0, 0x0, 0x0,
    0x7, 0xff, 0x50, 0x0, 0x0, 0x0, 0x0, 0x0,
    0x0, 0x0, 0x0, 0x0, 0x2e, 0xfb, 0x0, 0x0,
    0x0, 0x2f, 0xf7, 0x0, 0x0, 0x0, 0x0, 0x4a,
    0xdc, 0xa4, 0x0, 0x0, 0x0, 0x3, 0xff, 0x60,
    0x0, 0x0, 0xcf, 0xc0, 0x0, 0x0, 0x0, 0xb,
    0xff, 0xff, 0xff, 0xb0, 0x0, 0x0, 0x0, 0x7f,
    0xe1, 0x0, 0x3, 0xff, 0x20, 0x0, 0x0, 0x0,
    0xaf, 0xfd, 0x89, 0xdf, 0xfa, 0x0, 0x0, 0x0,
    0xd, 0xf7, 0x0, 0xa, 0xfa, 0x0, 0x0, 0x0,
    0x5, 0xff, 0xa0, 0x0, 0xb, 0xff, 0x30, 0x0,
    0x0, 0x6, 0xfe, 0x0, 0xf, 0xf3, 0x0, 0x0,
    0x0, 0xc, 0xfe, 0x0, 0x0, 0x2, 0xff, 0x90,
    0x0, 0x0, 0x0, 0xef, 0x40, 0x4f, 0xe0, 0x0,
    0x0, 0x0, 0xf, 0xf7, 0x0, 0x0, 0x0, 0x11,
    0x10, 0x0, 0x0, 0x0, 0xaf, 0x80, 0x8f, 0xa0,
    0x0, 0x0, 0x0, 0x4f, 0xf3, 0x0, 0x34, 0x20,
    0x0, 0x0, 0x0, 0x0, 0x0, 0x6f, 0xc0, 0x9f,
    0x80, 0x0, 0x0, 0x0, 0x7f, 0xf0, 0x5e, 0xff,
    0xfd, 0x50, 0x0, 0x0, 0x0, 0x0, 0x4f, 0xe0,
    0xbf, 0x70, 0x0, 0x0, 0x0, 0x8f, 0xf7, 0xff,
    0xef, 0xff, 0xf6, 0x0, 0x0, 0x0, 0x0, 0x2f,
    0xf0, 0xbf, 0x60, 0x0, 0x0, 0x0, 0x9f, 0xff,
    0xc2, 0x0, 0x4e, 0xff, 0x20, 0x0, 0x0, 0x0,
    0x2f, 0xf0, 0xaf, 0x70, 0x0, 0x0, 0x0, 0x9f,
    0xfd, 0x0, 0x0, 0x4, 0xff, 0x90, 0x0, 0x0,
    0x0, 0x3f, 0xf0, 0x9f, 0x80, 0x0, 0x0, 0x0,
    0x8f, 0xf7, 0x0, 0x0, 0x0, 0xdf, 0xc0, 0x0,
    0x0, 0x0, 0x4f, 0xd0, 0x7f, 0xc0, 0x0, 0x0,
    0x0, 0x5f, 0xf5, 0x0, 0x0, 0x0, 0xcf, 0xd0,
    0x0, 0x0, 0x0, 0x7f, 0xb0, 0x3f, 0xf0, 0x0,
    0x0, 0x0, 0x2f, 0xf7, 0x0, 0x0, 0x0, 0xef,
    0xb0, 0x0, 0x0, 0x0, 0xbf, 0x70, 0xe, 0xf5,
    0x0, 0x0, 0x0, 0xc, 0xfe, 0x10, 0x0, 0x6,
    0xff, 0x70, 0x0, 0x0, 0x1, 0xff, 0x30, 0x8,
    0xfc, 0x0, 0x0, 0x0, 0x4, 0xff, 0xd4, 0x1,
    0x8f, 0xfe, 0x10, 0x0, 0x0, 0x8, 0xfd, 0x0,
    0x2, 0xff, 0x40, 0x0, 0x0, 0x0, 0x7f, 0xff,
    0xff, 0xff, 0xe3, 0x0, 0x0, 0x0, 0x1e, 0xf6,
    0x0, 0x0, 0x9f, 0xd0, 0x0, 0x0, 0x0, 0x4,
    0xcf, 0xff, 0xfa, 0x20, 0x0, 0x0, 0x0, 0xaf,
    0xd0, 0x0, 0x0, 0x1e, 0xfa, 0x0, 0x0, 0x0,
    0x0, 0x1, 0x32, 0x0, 0x0, 0x0, 0x0, 0x6,
    0xff, 0x30, 0x0, 0x0, 0x4, 0xff, 0x90, 0x0,
    0x0, 0x0, 0x0, 0x0, 0x0, 0x0, 0x0, 0x0,
    0x4f, 0xf8, 0x0, 0x0, 0x0, 0x0, 0x6f, 0xfa,
    0x0, 0x0, 0x0, 0x0, 0x0, 0x0, 0x0, 0x0,
    0x6, 0xff, 0xa0, 0x0, 0x0, 0x0, 0x0, 0x6,
    0xff, 0xd3, 0x0, 0x0, 0x0, 0x0, 0x0, 0x0,
    0x1, 0xbf, 0xfa, 0x0, 0x0, 0x0, 0x0, 0x0,
    0x0, 0x4e, 0xff, 0xb4, 0x0, 0x0, 0x0, 0x0,
    0x2, 0x9f, 0xff, 0x80, 0x0, 0x0, 0x0, 0x0,
    0x0, 0x0, 0x1, 0xaf, 0xff, 0xea, 0x75, 0x45,
    0x69, 0xdf, 0xff, 0xc3, 0x0, 0x0, 0x0, 0x0,
    0x0, 0x0, 0x0, 0x0, 0x3, 0x9f, 0xff, 0xff,
    0xff, 0xff, 0xff, 0xb4, 0x0, 0x0, 0x0, 0x0,
    0x0, 0x0, 0x0, 0x0, 0x0, 0x0, 0x0, 0x48,
    0xbc, 0xdc, 0xb9, 0x51, 0x0, 0x0, 0x0, 0x0,
    0x0, 0x0,

    /* U+2786 "➆" */
    0x0, 0x0, 0x0, 0x0, 0x0, 0x0, 0x0, 0x0,
    0x10, 0x0, 0x0, 0x0, 0x0, 0x0, 0x0, 0x0,
    0x0, 0x0, 0x0, 0x0, 0x0, 0x0, 0x4, 0x8c,
    0xff, 0xff, 0xfd, 0x95, 0x0, 0x0, 0x0, 0x0,
    0x0, 0x0, 0x0, 0x0, 0x0, 0x0, 0x7, 0xdf,
    0xff, 0xff, 0xff, 0xff, 0xff, 0xf8, 0x10, 0x0,
    0x0, 0x0, 0x0, 0x0, 0x0, 0x0, 0x4, 0xdf,
    0xff, 0xa6, 0x21, 0x1, 0x25, 0x9e, 0xff, 0xf7,
    0x0, 0x0, 0x0, 0x0, 0x0, 0x0, 0x0, 0x8f,
    0xfe, 0x70, 0x0, 0x0, 0x0, 0x0, 0x0, 0x5c,
    0xff, 0xb1, 0x0, 0x0, 0x0, 0x0, 0x0, 0xa,
    0xff, 0xa1, 0x0, 0x0, 0x0, 0x0, 0x0, 0x0,
    0x0, 0x7f, 0xfd, 0x10, 0x0, 0x0, 0x0, 0x0,
    0xaf, 0xf6, 0x0, 0x0, 0x0, 0x0, 0x0, 0x0,
    0x0, 0x0, 0x3, 0xef, 0xd0, 0x0, 0x0, 0x0,
    0x7, 0xff, 0x50, 0x0, 0x0, 0x0, 0x0, 0x0,
    0x0, 0x0, 0x0, 0x0, 0x2e, 0xfb, 0x0, 0x0,
    0x0, 0x2f, 0xf7, 0x0, 0x0, 0x6, 0x66, 0x66,
    0x66, 0x66, 0x66, 0x30, 0x0, 0x3, 0xff, 0x60,
    0x0, 0x0, 0xcf, 0xc0, 0x0, 0x0, 0x1f, 0xff,
    0xff, 0xff, 0xff, 0xff, 0x80, 0x0, 0x0, 0x7f,
    0xe1, 0x0, 0x3, 0xff, 0x20, 0x0, 0x0, 0x1e,
    0xee, 0xee, 0xee, 0xee, 0xff, 0x80, 0x0, 0x0,
    0xd, 0xf7, 0x0, 0xa, 0xfa, 0x0, 0x0, 0x0,
    0x0, 0x0, 0x0, 0x0, 0x8, 0xff, 0x30, 0x0,
    0x0, 0x6, 0xfe, 0x0, 0xf, 0xf3, 0x0, 0x0,
    0x0, 0x0, 0x0, 0x0, 0x0, 0x1f, 0xfb, 0x0,
    0x0, 0x0, 0x0, 0xef, 0x40, 0x4f, 0xe0, 0x0,
    0x0, 0x0, 0x0, 0x0, 0x0, 0x0, 0x8f, 0xf3,
    0x0, 0x0, 0x0, 0x0, 0xaf, 0x80, 0x8f, 0xa0,
    0x0, 0x0, 0x0, 0x0, 0x0, 0x0, 0x1, 0xff,
    0xb0, 0x0, 0x0, 0x0, 0x0, 0x6f, 0xc0, 0x9f,
    0x80, 0x0, 0x0, 0x0, 0x0, 0x0, 0x0, 0x8,
    0xff, 0x30, 0x0, 0x0, 0x0, 0x0, 0x4f, 0xe0,
    0xbf, 0x70, 0x0, 0x0, 0x0, 0x0, 0x0, 0x0,
    0x1f, 0xfb, 0x0, 0x0, 0x0, 0x0, 0x0, 0x2f,
    0xf0, 0xbf, 0x60, 0x0, 0x0, 0x0, 0x0, 0x0,
    0x0, 0x8f, 0xf3, 0x0, 0x0, 0x0, 0x0, 0x0,
    0x2f, 0xf0, 0xaf, 0x70, 0x0, 0x0, 0x0, 0x0,
    0x0, 0x1, 0xff, 0xb0, 0x0, 0x0, 0x0, 0x0,
    0x0, 0x3f, 0xf0, 0x9f, 0x80, 0x0, 0x0, 0x0,
    0x0, 0x0, 0x8, 0xff, 0x30, 0x0, 0x0, 0x0,
    0x0, 0x0, 0x4f, 0xd0, 0x7f, 0xc0, 0x0, 0x0,
    0x0, 0x0, 0x0, 0x1f, 0xfb, 0x0, 0x0, 0x0,
    0x0, 0x0, 0x0, 0x7f, 0xb0, 0x3f, 0xf0, 0x0,
    0x0, 0x0, 0x0, 0x0, 0x9f, 0xf3, 0x0, 0x0,
    0x0, 0x0, 0x0, 0x0, 0xbf, 0x70, 0xe, 0xf5,
    0x0, 0x0, 0x0, 0x0, 0x1, 0xff, 0xb0, 0x0,
    0x0, 0x0, 0x0, 0x0, 0x1, 0xff, 0x30, 0x8,
    0xfc, 0x0, 0x0, 0x0, 0x0, 0x9, 0xff, 0x30,
    0x0, 0x0, 0x0, 0x0, 0x0, 0x8, 0xfd, 0x0,
    0x2, 0xff, 0x40, 0x0, 0x0, 0x0, 0x1f, 0xfb,
    0x0, 0x0, 0x0, 0x0, 0x0, 0x0, 0x1e, 0xf6,
    0x0, 0x0, 0x9f, 0xd0, 0x0, 0x0, 0x0, 0x9f,
    0xf3, 0x0, 0x0, 0x0, 0x0, 0x0, 0x0, 0xaf,
    0xd0, 0x0, 0x0, 0x1e, 0xfa, 0x0, 0x0, 0x0,
    0x1, 0x0, 0x0, 0x0, 0x0, 0x0, 0x0, 0x6,
    0xff, 0x30, 0x0, 0x0, 0x4, 0xff, 0x90, 0x0,
    0x0, 0x0, 0x0, 0x0, 0x0, 0x0, 0x0, 0x0,
    0x4f, 0xf8, 0x0, 0x0, 0x0, 0x0, 0x6f, 0xfa,
    0x0, 0x0, 0x0, 0x0, 0x0, 0x0, 0x0, 0x0,
    0x6, 0xff, 0xa0, 0x0, 0x0, 0x0, 0x0, 0x6,
    0xff, 0xd3, 0x0, 0x0, 0x0, 0x0, 0x0, 0x0,
    0x1, 0xbf, 0xfa, 0x0, 0x0, 0x0, 0x0, 0x0,
    0x0, 0x4e, 0xff, 0xb4, 0x0, 0x0, 0x0, 0x0,
    0x2, 0x9f, 0xff, 0x80, 0x0, 0x0, 0x0, 0x0,
    0x0, 0x0, 0x1, 0xaf, 0xff, 0xea, 0x75, 0x45,
    0x69, 0xdf, 0xff, 0xc3, 0x0, 0x0, 0x0, 0x0,
    0x0, 0x0, 0x0, 0x0, 0x3, 0x9f, 0xff, 0xff,
    0xff, 0xff, 0xff, 0xb4, 0x0, 0x0, 0x0, 0x0,
    0x0, 0x0, 0x0, 0x0, 0x0, 0x0, 0x0, 0x48,
    0xbc, 0xdc, 0xb9, 0x51, 0x0, 0x0, 0x0, 0x0,
    0x0, 0x0,

    /* U+2787 "➇" */
    0x0, 0x0, 0x0, 0x0, 0x0, 0x0, 0x0, 0x0,
    0x10, 0x0, 0x0, 0x0, 0x0, 0x0, 0x0, 0x0,
    0x0, 0x0, 0x0, 0x0, 0x0, 0x0, 0x4, 0x8c,
    0xff, 0xff, 0xfd, 0x95, 0x0, 0x0, 0x0, 0x0,
    0x0, 0x0, 0x0, 0x0, 0x0, 0x0, 0x7, 0xdf,
    0xff, 0xff, 0xff, 0xff, 0xff, 0xf8, 0x10, 0x0,
    0x0, 0x0, 0x0, 0x0, 0x0, 0x0, 0x4, 0xdf,
    0xff, 0xa6, 0x21, 0x1, 0x25, 0x9e, 0xff, 0xf7,
    0x0, 0x0, 0x0, 0x0, 0x0, 0x0, 0x0, 0x8f,
    0xfe, 0x70, 0x0, 0x0, 0x0, 0x0, 0x0, 0x5c,
    0xff, 0xb1, 0x0, 0x0, 0x0, 0x0, 0x0, 0xa,
    0xff, 0xa1, 0x0, 0x0, 0x0, 0x0, 0x0, 0x0,
    0x0, 0x7f, 0xfd, 0x10, 0x0, 0x0, 0x0, 0x0,
    0xaf, 0xf6, 0x0, 0x0, 0x0, 0x0, 0x0, 0x0,
    0x0, 0x0, 0x3, 0xef, 0xd0, 0x0, 0x0, 0x0,
    0x7, 0xff, 0x50, 0x0, 0x0, 0x0, 0x0, 0x0,
    0x0, 0x0, 0x0, 0x0, 0x2e, 0xfb, 0x0, 0x0,
    0x0, 0x2f, 0xf7, 0x0, 0x0, 0x0, 0x1, 0x7b,
    0xdc, 0x93, 0x0, 0x0, 0x0, 0x3, 0xff, 0x60,
    0x0, 0x0, 0xcf, 0xc0, 0x0, 0x0, 0x0, 0x5f,
    0xff, 0xff, 0xff, 0x80, 0x0, 0x0, 0x0, 0x7f,
    0xe1, 0x0, 0x3, 0xff, 0x20, 0x0, 0x0, 0x3,
    0xff, 0xf9, 0x67, 0xef, 0xf7, 0x0, 0x0, 0x0,
    0xd, 0xf7, 0x0, 0xa, 0xfa, 0x0, 0x0, 0x0,
    0xb, 0xff, 0x30, 0x0, 0x1e, 0xfe, 0x0, 0x0,
    0x0, 0x6, 0xfe, 0x0, 0xf, 0xf3, 0x0, 0x0,
    0x0, 0xe, 0xfc, 0x0, 0x0, 0x7, 0xff, 0x20,
    0x0, 0x0, 0x0, 0xef, 0x40, 0x4f, 0xe0, 0x0,
    0x0, 0x0, 0xd, 0xfb, 0x0, 0x0, 0x7, 0xff,
    0x20, 0x0, 0x0, 0x0, 0xaf, 0x80, 0x8f, 0xa0,
    0x0, 0x0, 0x0, 0x9, 0xff, 0x10, 0x0, 0xc,
    0xfd, 0x0, 0x0, 0x0, 0x0, 0x6f, 0xc0, 0x9f,
    0x80, 0x0, 0x0, 0x0, 0x2, 0xef, 0xd4, 0x13,
    0xaf, 0xf4, 0x0, 0x0, 0x0, 0x0, 0x4f, 0xe0,
    0xbf, 0x70, 0x0, 0x0, 0x0, 0x0, 0x2a, 0xff,
    0xff, 0xfd, 0x40, 0x0, 0x0, 0x0, 0x0, 0x2f,
    0xf0, 0xbf, 0x60, 0x0, 0x0, 0x0, 0x0, 0x7e,
    0xff, 0xff, 0xff, 0xa1, 0x0, 0x0, 0x0, 0x0,
    0x2f, 0xf0, 0xaf, 0x70, 0x0, 0x0, 0x0, 0x9,
    0xff, 0xb4, 0x13, 0x9f, 0xfc, 0x0, 0x0, 0x0,
    0x0, 0x3f, 0xf0, 0x9f, 0x80, 0x0, 0x0, 0x0,
    0x3f, 0xfa, 0x0, 0x0, 0x6, 0xff, 0x70, 0x0,
    0x0, 0x0, 0x4f, 0xd0, 0x7f, 0xc0, 0x0, 0x0,
    0x0, 0x7f, 0xf3, 0x0, 0x0, 0x0, 0xff, 0xc0,
    0x0, 0x0, 0x0, 0x7f, 0xb0, 0x3f, 0xf0, 0x0,
    0x0, 0x0, 0x8f, 0xf2, 0x0, 0x0, 0x0, 0xef,
    0xd0, 0x0, 0x0, 0x0, 0xbf, 0x70, 0xe, 0xf5,
    0x0, 0x0, 0x0, 0x6f, 0xf7, 0x0, 0x0, 0x3,
    0xff, 0xa0, 0x0, 0x0, 0x1, 0xff, 0x30, 0x8,
    0xfc, 0x0, 0x0, 0x0, 0xe, 0xff, 0x71, 0x0,
    0x5e, 0xff, 0x40, 0x0, 0x0, 0x8, 0xfd, 0x0,
    0x2, 0xff, 0x40, 0x0, 0x0, 0x3, 0xff, 0xff,
    0xff, 0xff, 0xf7, 0x0, 0x0, 0x0, 0x1e, 0xf6,
    0x0, 0x0, 0x9f, 0xd0, 0x0, 0x0, 0x0, 0x19,
    0xef, 0xff, 0xfb, 0x30, 0x0, 0x0, 0x0, 0xaf,
    0xd0, 0x0, 0x0, 0x1e, 0xfa, 0x0, 0x0, 0x0,
    0x0, 0x2, 0x32, 0x0, 0x0, 0x0, 0x0, 0x6,
    0xff, 0x30, 0x0, 0x0, 0x4, 0xff, 0x90, 0x0,
    0x0, 0x0, 0x0, 0x0, 0x0, 0x0, 0x0, 0x0,
    0x4f, 0xf8, 0x0, 0x0, 0x0, 0x0, 0x6f, 0xfa,
    0x0, 0x0, 0x0, 0x0, 0x0, 0x0, 0x0, 0x0,
    0x6, 0xff, 0xa0, 0x0, 0x0, 0x0, 0x0, 0x6,
    0xff, 0xd3, 0x0, 0x0, 0x0, 0x0, 0x0, 0x0,
    0x1, 0xbf, 0xfa, 0x0, 0x0, 0x0, 0x0, 0x0,
    0x0, 0x4e, 0xff, 0xb4, 0x0, 0x0, 0x0, 0x0,
    0x2, 0x9f, 0xff, 0x80, 0x0, 0x0, 0x0, 0x0,
    0x0, 0x0, 0x1, 0xaf, 0xff, 0xea, 0x75, 0x45,
    0x69, 0xdf, 0xff, 0xc3, 0x0, 0x0, 0x0, 0x0,
    0x0, 0x0, 0x0, 0x0, 0x3, 0x9f, 0xff, 0xff,
    0xff, 0xff, 0xff, 0xb4, 0x0, 0x0, 0x0, 0x0,
    0x0, 0x0, 0x0, 0x0, 0x0, 0x0, 0x0, 0x48,
    0xbc, 0xdc, 0xb9, 0x51, 0x0, 0x0, 0x0, 0x0,
    0x0, 0x0,

    /* U+2788 "➈" */
    0x0, 0x0, 0x0, 0x0, 0x0, 0x0, 0x0, 0x0,
    0x10, 0x0, 0x0, 0x0, 0x0, 0x0, 0x0, 0x0,
    0x0, 0x0, 0x0, 0x0, 0x0, 0x0, 0x4, 0x8c,
    0xff, 0xff, 0xfd, 0x95, 0x0, 0x0, 0x0, 0x0,
    0x0, 0x0, 0x0, 0x0, 0x0, 0x0, 0x7, 0xdf,
    0xff, 0xff, 0xff, 0xff, 0xff, 0xf8, 0x10, 0x0,
    0x0, 0x0, 0x0, 0x0, 0x0, 0x0, 0x4, 0xdf,
    0xff, 0xa6, 0x21, 0x1, 0x25, 0x9e, 0xff, 0xf7,
    0x0, 0x0, 0x0, 0x0, 0x0, 0x0, 0x0, 0x8f,
    0xfe, 0x70, 0x0, 0x0, 0x0, 0x0, 0x0, 0x5c,
    0xff, 0xb1, 0x0, 0x0, 0x0, 0x0, 0x0, 0xa,
    0xff, 0xa1, 0x0, 0x0, 0x0, 0x0, 0x0, 0x0,
    0x0, 0x7f, 0xfd, 0x10, 0x0, 0x0, 0x0, 0x0,
    0xaf, 0xf6, 0x0, 0x0, 0x0, 0x0, 0x0, 0x0,
    0x0, 0x0, 0x3, 0xef, 0xd0, 0x0, 0x0, 0x0,
    0x7, 0xff, 0x50, 0x0, 0x0, 0x0, 0x0, 0x0,
    0x0, 0x0, 0x0, 0x0, 0x2e, 0xfb, 0x0, 0x0,
    0x0, 0x2f, 0xf7, 0x0, 0x0, 0x0, 0x2, 0x8c,
    0xdb, 0x71, 0x0, 0x0, 0x0, 0x3, 0xff, 0x60,
    0x0, 0x0, 0xcf, 0xc0, 0x0, 0x0, 0x0, 0x7f,
    0xff, 0xff, 0xff, 0x50, 0x0, 0x0, 0x0, 0x7f,
    0xe1, 0x0, 0x3, 0xff, 0x20, 0x0, 0x0, 0x6,
    0xff, 0xf9, 0x69, 0xff, 0xf4, 0x0, 0x0, 0x0,
    0xd, 0xf7, 0x0, 0xa, 0xfa, 0x0, 0x0, 0x0,
    0xf, 0xfe, 0x20, 0x0, 0x2e, 0xfd, 0x0, 0x0,
    0x0, 0x6, 0xfe, 0x0, 0xf, 0xf3, 0x0, 0x0,
    0x0, 0x5f, 0xf6, 0x0, 0x0, 0x6, 0xff, 0x40,
    0x0, 0x0, 0x0, 0xef, 0x40, 0x4f, 0xe0, 0x0,
    0x0, 0x0, 0x8f, 0xf1, 0x0, 0x0, 0x1, 0xff,
    0x80, 0x0, 0x0, 0x0, 0xaf, 0x80, 0x8f, 0xa0,
    0x0, 0x0, 0x0, 0x9f, 0xf0, 0x0, 0x0, 0x1,
    0xff, 0xb0, 0x0, 0x0, 0x0, 0x6f, 0xc0, 0x9f,
    0x80, 0x0, 0x0, 0x0, 0x7f, 0xf4, 0x0, 0x0,
    0x5, 0xff, 0xc0, 0x0, 0x0, 0x0, 0x4f, 0xe0,
    0xbf, 0x70, 0x0, 0x0, 0x0, 0x2f, 0xfc, 0x0,
    0x0, 0x1d, 0xff, 0xd0, 0x0, 0x0, 0x0, 0x2f,
    0xf0, 0xbf, 0x60, 0x0, 0x0, 0x0, 0xa, 0xff,
    0xd5, 0x36, 0xef, 0xef, 0xc0, 0x0, 0x0, 0x0,
    0x2f, 0xf0, 0xaf, 0x70, 0x0, 0x0, 0x0, 0x0,
    0xbf, 0xff, 0xff, 0xf6, 0xbf, 0xb0, 0x0, 0x0,
    0x0, 0x3f, 0xf0, 0x9f, 0x80, 0x0, 0x0, 0x0,
    0x0, 0x6, 0xce, 0xea, 0x30, 0xdf, 0xa0, 0x0,
    0x0, 0x0, 0x4f, 0xd0, 0x7f, 0xc0, 0x0, 0x0,
    0x0, 0x0, 0x0, 0x0, 0x0, 0x0, 0xff, 0x60,
    0x0, 0x0, 0x0, 0x7f, 0xb0, 0x3f, 0xf0, 0x0,
    0x0, 0x0, 0x39, 0x92, 0x0, 0x0, 0x6, 0xff,
    0x20, 0x0, 0x0, 0x0, 0xbf, 0x70, 0xe, 0xf5,
    0x0, 0x0, 0x0, 0x2f, 0xfa, 0x0, 0x0, 0x1e,
    0xfc, 0x0, 0x0, 0x0, 0x1, 0xff, 0x30, 0x8,
    0xfc, 0x0, 0x0, 0x0, 0xb, 0xff, 0xa3, 0x25,
    0xdf, 0xf3, 0x0, 0x0, 0x0, 0x8, 0xfd, 0x0,
    0x2, 0xff, 0x40, 0x0, 0x0, 0x1, 0xdf, 0xff,
    0xff, 0xff, 0x60, 0x0, 0x0, 0x0, 0x1e, 0xf6,
    0x0, 0x0, 0x9f, 0xd0, 0x0, 0x0, 0x0, 0x19,
    0xff, 0xff, 0xd4, 0x0, 0x0, 0x0, 0x0, 0xaf,
    0xd0, 0x0, 0x0, 0x1e, 0xfa, 0x0, 0x0, 0x0,
    0x0, 0x2, 0x31, 0x0, 0x0, 0x0, 0x0, 0x6,
    0xff, 0x30, 0x0, 0x0, 0x4, 0xff, 0x90, 0x0,
    0x0, 0x0, 0x0, 0x0, 0x0, 0x0, 0x0, 0x0,
    0x4f, 0xf8, 0x0, 0x0, 0x0, 0x0, 0x6f, 0xfa,
    0x0, 0x0, 0x0, 0x0, 0x0, 0x0, 0x0, 0x0,
    0x6, 0xff, 0xa0, 0x0, 0x0, 0x0, 0x0, 0x6,
    0xff, 0xd3, 0x0, 0x0, 0x0, 0x0, 0x0, 0x0,
    0x1, 0xbf, 0xfa, 0x0, 0x0, 0x0, 0x0, 0x0,
    0x0, 0x4e, 0xff, 0xb4, 0x0, 0x0, 0x0, 0x0,
    0x2, 0x9f, 0xff, 0x80, 0x0, 0x0, 0x0, 0x0,
    0x0, 0x0, 0x1, 0xaf, 0xff, 0xea, 0x75, 0x45,
    0x69, 0xdf, 0xff, 0xc3, 0x0, 0x0, 0x0, 0x0,
    0x0, 0x0, 0x0, 0x0, 0x3, 0x9f, 0xff, 0xff,
    0xff, 0xff, 0xff, 0xb4, 0x0, 0x0, 0x0, 0x0,
    0x0, 0x0, 0x0, 0x0, 0x0, 0x0, 0x0, 0x48,
    0xbc, 0xdc, 0xb9, 0x51, 0x0, 0x0, 0x0, 0x0,
    0x0, 0x0,

    /* U+F001 "" */
    0x0, 0x0, 0x0, 0x0, 0x0, 0x0, 0x0, 0x0,
    0x0, 0x0, 0x0, 0x0, 0x0, 0x0, 0x0, 0x0,
    0x0, 0x0, 0x0, 0x0, 0x0, 0x2, 0x7b, 0xe8,
    0x0, 0x0, 0x0, 0x0, 0x0, 0x0, 0x0, 0x0,
    0x49, 0xdf, 0xff, 0xff, 0x0, 0x0, 0x0, 0x0,
    0x0, 0x0, 0x16, 0xbf, 0xff, 0xff, 0xff, 0xff,
    0x0, 0x0, 0x0, 0x0, 0x3, 0x8c, 0xff, 0xff,
    0xff, 0xff, 0xff, 0xff, 0x0, 0x0, 0x0, 0x3a,
    0xef, 0xff, 0xff, 0xff, 0xff, 0xff, 0xff, 0xff,
    0x0, 0x0, 0x0, 0xef, 0xff, 0xff, 0xff, 0xff,
    0xff, 0xff, 0xff, 0xff, 0x0, 0x0, 0x0, 0xff,
    0xff, 0xff, 0xff, 0xff, 0xff, 0xff, 0xaf, 0xff,
    0x0, 0x0, 0x0, 0xff, 0xff, 0xff, 0xff, 0xff,
    0xd8, 0x40, 0xf, 0xff, 0x0, 0x0, 0x0, 0xff,
    0xff, 0xff, 0xfb, 0x62, 0x0, 0x0, 0xf, 0xff,
    0x0, 0x0, 0x0, 0xff, 0xfe, 0x94, 0x0, 0x0,
    0x0, 0x0, 0xf, 0xff, 0x0, 0x0, 0x0, 0xff,
    0xf0, 0x0, 0x0, 0x0, 0x0, 0x0, 0xf, 0xff,
    0x0, 0x0, 0x0, 0xff, 0xf0, 0x0, 0x0, 0x0,
    0x0, 0x0, 0xf, 0xff, 0x0, 0x0, 0x0, 0xff,
    0xf0, 0x0, 0x0, 0x0, 0x0, 0x0, 0xf, 0xff,
    0x0, 0x0, 0x0, 0xff, 0xf0, 0x0, 0x0, 0x0,
    0x0, 0x0, 0xf, 0xff, 0x0, 0x0, 0x0, 0xff,
    0xf0, 0x0, 0x0, 0x0, 0x0, 0x0, 0xf, 0xff,
    0x0, 0x0, 0x0, 0xff, 0xf0, 0x0, 0x0, 0x0,
    0x3a, 0xdf, 0xdf, 0xff, 0x0, 0x0, 0x0, 0xff,
    0xf0, 0x0, 0x0, 0x6, 0xff, 0xff, 0xff, 0xff,
    0x0, 0x0, 0x0, 0xff, 0xf0, 0x0, 0x0, 0xe,
    0xff, 0xff, 0xff, 0xff, 0x3, 0xad, 0xfd, 0xff,
    0xf0, 0x0, 0x0, 0xe, 0xff, 0xff, 0xff, 0xfe,
    0x6f, 0xff, 0xff, 0xff, 0xf0, 0x0, 0x0, 0x6,
    0xff, 0xff, 0xff, 0xf6, 0xef, 0xff, 0xff, 0xff,
    0xf0, 0x0, 0x0, 0x0, 0x3a, 0xef, 0xea, 0x30,
    0xef, 0xff, 0xff, 0xff, 0xe0, 0x0, 0x0, 0x0,
    0x0, 0x0, 0x0, 0x0, 0x6f, 0xff, 0xff, 0xff,
    0x60, 0x0, 0x0, 0x0, 0x0, 0x0, 0x0, 0x0,
    0x3, 0xae, 0xfe, 0xa3, 0x0, 0x0, 0x0, 0x0,
    0x0, 0x0, 0x0, 0x0,

    /* U+F004 "" */
    0x0, 0x0, 0x3, 0x67, 0x51, 0x0, 0x0, 0x0,
    0x15, 0x76, 0x30, 0x0, 0x0, 0x0, 0x2, 0xcf,
    0xff, 0xff, 0x91, 0x0, 0x19, 0xff, 0xff, 0xfc,
    0x20, 0x0, 0x0, 0x3f, 0xff, 0xff, 0xff, 0xfd,
    0x12, 0xdf, 0xff, 0xff, 0xff, 0xf3, 0x0, 0x1,
    0xef, 0xff, 0xff, 0xff, 0xff, 0xde, 0xff, 0xff,
    0xff, 0xff, 0xfe, 0x10, 0x7, 0xff, 0xff, 0xff,
    0xff, 0xff, 0xff, 0xff, 0xff, 0xff, 0xff, 0xff,
    0x70, 0xc, 0xff, 0xff, 0xff, 0xff, 0xff, 0xff,
    0xff, 0xff, 0xff, 0xff, 0xff, 0xc0, 0xf, 0xff,
    0xff, 0xff, 0xff, 0xff, 0xff, 0xff, 0xff, 0xff,
    0xff, 0xff, 0xf0, 0xf, 0xff, 0xff, 0xff, 0xff,
    0xff, 0xff, 0xff, 0xff, 0xff, 0xff, 0xff, 0xf0,
    0xd, 0xff, 0xff, 0xff, 0xff, 0xff, 0xff, 0xff,
    0xff, 0xff, 0xff, 0xff, 0xd0, 0x8, 0xff, 0xff,
    0xff, 0xff, 0xff, 0xff, 0xff, 0xff, 0xff, 0xff,
    0xff, 0x80, 0x1, 0xef, 0xff, 0xff, 0xff, 0xff,
    0xff, 0xff, 0xff, 0xff, 0xff, 0xfe, 0x10, 0x0,
    0x4f, 0xff, 0xff, 0xff, 0xff, 0xff, 0xff, 0xff,
    0xff, 0xff, 0xf4, 0x0, 0x0, 0x5, 0xff, 0xff,
    0xff, 0xff, 0xff, 0xff, 0xff, 0xff, 0xff, 0x50,
    0x0, 0x0, 0x0, 0x5f, 0xff, 0xff, 0xff, 0xff,
    0xff, 0xff, 0xff, 0xf5, 0x0, 0x0, 0x0, 0x0,
    0x6, 0xff, 0xff, 0xff, 0xff, 0xff, 0xff, 0xff,
    0x60, 0x0, 0x0, 0x0, 0x0, 0x0, 0x6f, 0xff,
    0xff, 0xff, 0xff, 0xff, 0xf6, 0x0, 0x0, 0x0,
    0x0, 0x0, 0x0, 0x7, 0xff, 0xff, 0xff, 0xff,
    0xff, 0x70, 0x0, 0x0, 0x0, 0x0, 0x0, 0x0,
    0x0, 0x7f, 0xff, 0xff, 0xff, 0xf7, 0x0, 0x0,
    0x0, 0x0, 0x0, 0x0, 0x0, 0x0, 0x8, 0xff,
    0xff, 0xff, 0x80, 0x0, 0x0, 0x0, 0x0, 0x0,
    0x0, 0x0, 0x0, 0x0, 0x8f, 0xff, 0xf8, 0x0,
    0x0, 0x0, 0x0, 0x0, 0x0, 0x0, 0x0, 0x0,
    0x0, 0x9, 0xff, 0x90, 0x0, 0x0, 0x0, 0x0,
    0x0, 0x0, 0x0, 0x0, 0x0, 0x0, 0x0, 0x55,
    0x0, 0x0, 0x0, 0x0, 0x0, 0x0,

    /* U+F005 "" */
    0x0, 0x0, 0x0, 0x0, 0x0, 0x0, 0x8e, 0x80,
    0x0, 0x0, 0x0, 0x0, 0x0, 0x0, 0x0, 0x0,
    0x0, 0x0, 0x0, 0x2f, 0xff, 0x20, 0x0, 0x0,
    0x0, 0x0, 0x0, 0x0, 0x0, 0x0, 0x0, 0x0,
    0xa, 0xff, 0xfa, 0x0, 0x0, 0x0, 0x0, 0x0,
    0x0, 0x0, 0x0, 0x0, 0x0, 0x2, 0xff, 0xff,
    0xf2, 0x0, 0x0, 0x0, 0x0, 0x0, 0x0, 0x0,
    0x0, 0x0, 0x0, 0xaf, 0xff, 0xff, 0xa0, 0x0,
    0x0, 0x0, 0x0, 0x0, 0x0, 0x0, 0x0, 0x0,
    0x2f, 0xff, 0xff, 0xff, 0x20, 0x0, 0x0, 0x0,
    0x0, 0x0, 0x0, 0x0, 0x0, 0xa, 0xff, 0xff,
    0xff, 0xfa, 0x0, 0x0, 0x0, 0x0, 0x0, 0x0,
    0x14, 0x69, 0xbe, 0xff, 0xff, 0xff, 0xff, 0xfe,
    0xb9, 0x64, 0x10, 0x0, 0x8, 0xff, 0xff, 0xff,
    0xff, 0xff, 0xff, 0xff, 0xff, 0xff, 0xff, 0xff,
    0xf8, 0x0, 0xff, 0xff, 0xff, 0xff, 0xff, 0xff,
    0xff, 0xff, 0xff, 0xff, 0xff, 0xff, 0xf0, 0x9,
    0xff, 0xff, 0xff, 0xff, 0xff, 0xff, 0xff, 0xff,
    0xff, 0xff, 0xff, 0xf9, 0x0, 0xa, 0xff, 0xff,
    0xff, 0xff, 0xff, 0xff, 0xff, 0xff, 0xff, 0xff,
    0xfa, 0x0, 0x0, 0x9, 0xff, 0xff, 0xff, 0xff,
    0xff, 0xff, 0xff, 0xff, 0xff, 0xf9, 0x0, 0x0,
    0x0, 0x9, 0xff, 0xff, 0xff, 0xff, 0xff, 0xff,
    0xff, 0xff, 0xf9, 0x0, 0x0, 0x0, 0x0, 0x9,
    0xff, 0xff, 0xff, 0xff, 0xff, 0xff, 0xff, 0xf9,
    0x0, 0x0, 0x0, 0x0, 0x0, 0xb, 0xff, 0xff,
    0xff, 0xff, 0xff, 0xff, 0xfb, 0x0, 0x0, 0x0,
    0x0, 0x0, 0x0, 0xdf, 0xff, 0xff, 0xff, 0xff,
    0xff, 0xff, 0xc0, 0x0, 0x0, 0x0, 0x0, 0x0,
    0xf, 0xff, 0xff, 0xff, 0xff, 0xff, 0xff, 0xff,
    0x0, 0x0, 0x0, 0x0, 0x0, 0x2, 0xff, 0xff,
    0xff, 0xff, 0xff, 0xff, 0xff, 0xf2, 0x0, 0x0,
    0x0, 0x0, 0x0, 0x5f, 0xff, 0xff, 0xff, 0xff,
    0xff, 0xff, 0xff, 0x50, 0x0, 0x0, 0x0, 0x0,
    0x7, 0xff, 0xff, 0xff, 0xfc, 0xff, 0xff, 0xff,
    0xf7, 0x0, 0x0, 0x0, 0x0, 0x0, 0xaf, 0xff,
    0xff, 0xa2, 0x2, 0xaf, 0xff, 0xff, 0xa0, 0x0,
    0x0, 0x0, 0x0, 0xc, 0xff, 0xfb, 0x30, 0x0,
    0x0, 0x3b, 0xff, 0xfc, 0x0, 0x0, 0x0, 0x0,
    0x0, 0x5f, 0xb3, 0x0, 0x0, 0x0, 0x0, 0x3,
    0xbe, 0x50, 0x0, 0x0, 0x0, 0x0, 0x0, 0x0,
    0x0, 0x0, 0x0, 0x0, 0x0, 0x0, 0x0, 0x0,
    0x0, 0x0,

    /* U+F008 "" */
    0xb7, 0x0, 0xbf, 0xff, 0xff, 0xff, 0xff, 0xff,
    0xff, 0xf4, 0x0, 0x7b, 0xfd, 0x88, 0xef, 0xff,
    0xff, 0xff, 0xff, 0xff, 0xff, 0xfb, 0x88, 0xdf,
    0xff, 0xff, 0xff, 0xb4, 0x44, 0x44, 0x44, 0x44,
    0x5f, 0xff, 0xff, 0xff, 0xf9, 0x0, 0xcf, 0x80,
    0x0, 0x0, 0x0, 0x0, 0xf, 0xf5, 0x0, 0x9f,
    0xf8, 0x0, 0xbf, 0x80, 0x0, 0x0, 0x0, 0x0,
    0xf, 0xf4, 0x0, 0x8f, 0xf9, 0x0, 0xcf, 0x80,
    0x0, 0x0, 0x0, 0x0, 0xf, 0xf5, 0x0, 0x9f,
    0xff, 0xff, 0xff, 0x80, 0x0, 0x0, 0x0, 0x0,
    0xf, 0xff, 0xff, 0xff, 0xfd, 0x88, 0xef, 0xa2,
    0x22, 0x22, 0x22, 0x22, 0x3f, 0xfb, 0x88, 0xdf,
    0xf8, 0x0, 0xbf, 0xff, 0xff, 0xff, 0xff, 0xff,
    0xff, 0xf4, 0x0, 0x8f, 0xf8, 0x0, 0xbf, 0xff,
    0xff, 0xff, 0xff, 0xff, 0xff, 0xf4, 0x0, 0x8f,
    0xfd, 0x88, 0xef, 0xa2, 0x22, 0x22, 0x22, 0x22,
    0x3f, 0xfb, 0x88, 0xdf, 0xff, 0xff, 0xff, 0x80,
    0x0, 0x0, 0x0, 0x0, 0xf, 0xff, 0xff, 0xff,
    0xf9, 0x0, 0xcf, 0x80, 0x0, 0x0, 0x0, 0x0,
    0xf, 0xf5, 0x0, 0x9f, 0xf8, 0x0, 0xbf, 0x80,
    0x0, 0x0, 0x0, 0x0, 0xf, 0xf4, 0x0, 0x8f,
    0xf9, 0x0, 0xcf, 0x80, 0x0, 0x0, 0x0, 0x0,
    0xf, 0xf5, 0x0, 0x9f, 0xff, 0xff, 0xff, 0xb4,
    0x44, 0x44, 0x44, 0x44, 0x5f, 0xff, 0xff, 0xff,
    0xfd, 0x88, 0xef, 0xff, 0xff, 0xff, 0xff, 0xff,
    0xff, 0xfb, 0x88, 0xdf, 0xb7, 0x0, 0xbf, 0xff,
    0xff, 0xff, 0xff, 0xff, 0xff, 0xf4, 0x0, 0x7b,

    /* U+F00B "" */
    0x14, 0x44, 0x44, 0x10, 0x3, 0x44, 0x44, 0x44,
    0x44, 0x44, 0x44, 0x41, 0xef, 0xff, 0xff, 0xe0,
    0x6f, 0xff, 0xff, 0xff, 0xff, 0xff, 0xff, 0xfe,
    0xff, 0xff, 0xff, 0xf0, 0x8f, 0xff, 0xff, 0xff,
    0xff, 0xff, 0xff, 0xff, 0xff, 0xff, 0xff, 0xf0,
    0x8f, 0xff, 0xff, 0xff, 0xff, 0xff, 0xff, 0xff,
    0xff, 0xff, 0xff, 0xf0, 0x8f, 0xff, 0xff, 0xff,
    0xff, 0xff, 0xff, 0xff, 0xff, 0xff, 0xff, 0xf0,
    0x8f, 0xff, 0xff, 0xff, 0xff, 0xff, 0xff, 0xff,
    0x7b, 0xbb, 0xbb, 0x60, 0x2a, 0xbb, 0xbb, 0xbb,
    0xbb, 0xbb, 0xbb, 0xb7, 0x0, 0x0, 0x0, 0x0,
    0x0, 0x0, 0x0, 0x0, 0x0, 0x0, 0x0, 0x0,
    0xbf, 0xff, 0xff, 0xb0, 0x4f, 0xff, 0xff, 0xff,
    0xff, 0xff, 0xff, 0xfb, 0xff, 0xff, 0xff, 0xf0,
    0x8f, 0xff, 0xff, 0xff, 0xff, 0xff, 0xff, 0xff,
    0xff, 0xff, 0xff, 0xf0, 0x8f, 0xff, 0xff, 0xff,
    0xff, 0xff, 0xff, 0xff, 0xff, 0xff, 0xff, 0xf0,
    0x8f, 0xff, 0xff, 0xff, 0xff, 0xff, 0xff, 0xff,
    0xff, 0xff, 0xff, 0xf0, 0x8f, 0xff, 0xff, 0xff,
    0xff, 0xff, 0xff, 0xff, 0xbf, 0xff, 0xff, 0xb0,
    0x4f, 0xff, 0xff, 0xff, 0xff, 0xff, 0xff, 0xfb,
    0x0, 0x0, 0x0, 0x0, 0x0, 0x0, 0x0, 0x0,
    0x0, 0x0, 0x0, 0x0, 0x14, 0x44, 0x44, 0x10,
    0x3, 0x44, 0x44, 0x44, 0x44, 0x44, 0x44, 0x41,
    0xef, 0xff, 0xff, 0xe0, 0x6f, 0xff, 0xff, 0xff,
    0xff, 0xff, 0xff, 0xfe, 0xff, 0xff, 0xff, 0xf0,
    0x8f, 0xff, 0xff, 0xff, 0xff, 0xff, 0xff, 0xff,
    0xff, 0xff, 0xff, 0xf0, 0x8f, 0xff, 0xff, 0xff,
    0xff, 0xff, 0xff, 0xff, 0xff, 0xff, 0xff, 0xf0,
    0x8f, 0xff, 0xff, 0xff, 0xff, 0xff, 0xff, 0xff,
    0xff, 0xff, 0xff, 0xf0, 0x8f, 0xff, 0xff, 0xff,
    0xff, 0xff, 0xff, 0xff, 0x7b, 0xbb, 0xbb, 0x60,
    0x2a, 0xbb, 0xbb, 0xbb, 0xbb, 0xbb, 0xbb, 0xb7,

    /* U+F00C "" */
    0x0, 0x0, 0x0, 0x0, 0x0, 0x0, 0x0, 0x0,
    0x0, 0x0, 0xbd, 0x20, 0x0, 0x0, 0x0, 0x0,
    0x0, 0x0, 0x0, 0x0, 0x0, 0xc, 0xff, 0xe2,
    0x0, 0x0, 0x0, 0x0, 0x0, 0x0, 0x0, 0x0,
    0x0, 0xcf, 0xff, 0xfd, 0x0, 0x0, 0x0, 0x0,
    0x0, 0x0, 0x0, 0x0, 0xc, 0xff, 0xff, 0xfd,
    0x0, 0x0, 0x0, 0x0, 0x0, 0x0, 0x0, 0x0,
    0xcf, 0xff, 0xff, 0xd1, 0x0, 0x0, 0x0, 0x0,
    0x0, 0x0, 0x0, 0xc, 0xff, 0xff, 0xfd, 0x10,
    0x2, 0xdb, 0x0, 0x0, 0x0, 0x0, 0x0, 0xcf,
    0xff, 0xff, 0xd1, 0x0, 0x2e, 0xff, 0xc0, 0x0,
    0x0, 0x0, 0xc, 0xff, 0xff, 0xfd, 0x10, 0x0,
    0xdf, 0xff, 0xfc, 0x0, 0x0, 0x0, 0xcf, 0xff,
    0xff, 0xd1, 0x0, 0x0, 0xdf, 0xff, 0xff, 0xc0,
    0x0, 0xc, 0xff, 0xff, 0xfd, 0x10, 0x0, 0x0,
    0x1d, 0xff, 0xff, 0xfc, 0x0, 0xcf, 0xff, 0xff,
    0xd1, 0x0, 0x0, 0x0, 0x1, 0xdf, 0xff, 0xff,
    0xcc, 0xff, 0xff, 0xfd, 0x10, 0x0, 0x0, 0x0,
    0x0, 0x1d, 0xff, 0xff, 0xff, 0xff, 0xff, 0xd1,
    0x0, 0x0, 0x0, 0x0, 0x0, 0x1, 0xdf, 0xff,
    0xff, 0xff, 0xfd, 0x10, 0x0, 0x0, 0x0, 0x0,
    0x0, 0x0, 0x1d, 0xff, 0xff, 0xff, 0xd1, 0x0,
    0x0, 0x0, 0x0, 0x0, 0x0, 0x0, 0x1, 0xdf,
    0xff, 0xfd, 0x10, 0x0, 0x0, 0x0, 0x0, 0x0,
    0x0, 0x0, 0x0, 0x1d, 0xff, 0xd1, 0x0, 0x0,
    0x0, 0x0, 0x0, 0x0, 0x0, 0x0, 0x0, 0x1,
    0xcc, 0x10, 0x0, 0x0, 0x0, 0x0, 0x0, 0x0,

    /* U+F00D "" */
    0x1, 0x41, 0x0, 0x0, 0x0, 0x0, 0x3, 0x30,
    0x1, 0xdf, 0xd1, 0x0, 0x0, 0x0, 0x7, 0xff,
    0x70, 0xcf, 0xff, 0xd1, 0x0, 0x0, 0x7, 0xff,
    0xff, 0x4e, 0xff, 0xff, 0xd1, 0x0, 0x7, 0xff,
    0xff, 0xf6, 0x4f, 0xff, 0xff, 0xd1, 0x7, 0xff,
    0xff, 0xfb, 0x0, 0x4f, 0xff, 0xff, 0xd8, 0xff,
    0xff, 0xfb, 0x0, 0x0, 0x4f, 0xff, 0xff, 0xff,
    0xff, 0xfb, 0x0, 0x0, 0x0, 0x4f, 0xff, 0xff,
    0xff, 0xfb, 0x0, 0x0, 0x0, 0x0, 0x4f, 0xff,
    0xff, 0xfc, 0x0, 0x0, 0x0, 0x0, 0x7, 0xff,
    0xff, 0xff, 0xd1, 0x0, 0x0, 0x0, 0x7, 0xff,
    0xff, 0xff, 0xff, 0xd1, 0x0, 0x0, 0x7, 0xff,
    0xff, 0xff, 0xff, 0xff, 0xd1, 0x0, 0x7, 0xff,
    0xff, 0xfb, 0x5f, 0xff, 0xff, 0xd1, 0x7, 0xff,
    0xff, 0xfb, 0x0, 0x4f, 0xff, 0xff, 0xd1, 0xff,
    0xff, 0xfb, 0x0, 0x0, 0x4f, 0xff, 0xff, 0x7a,
    0xff, 0xfb, 0x0, 0x0, 0x0, 0x4f, 0xff, 0xf3,
    0xb, 0xfb, 0x0, 0x0, 0x0, 0x0, 0x4f, 0xf4,
    0x0, 0x1, 0x0, 0x0, 0x0, 0x0, 0x0, 0x0,
    0x0,

    /* U+F011 "" */
    0x0, 0x0, 0x0, 0x0, 0x0, 0xaf, 0xf8, 0x0,
    0x0, 0x0, 0x0, 0x0, 0x0, 0x0, 0x0, 0x0,
    0x0, 0xef, 0xfd, 0x0, 0x0, 0x0, 0x0, 0x0,
    0x0, 0x0, 0x8, 0x60, 0x0, 0xef, 0xfd, 0x0,
    0x7, 0x70, 0x0, 0x0, 0x0, 0x1, 0xcf, 0xf3,
    0x0, 0xef, 0xfd, 0x0, 0x5f, 0xfb, 0x0, 0x0,
    0x0, 0xc, 0xff, 0xfb, 0x0, 0xef, 0xfd, 0x0,
    0xcf, 0xff, 0xb0, 0x0, 0x0, 0x9f, 0xff, 0xf6,
    0x0, 0xef, 0xfd, 0x0, 0x7f, 0xff, 0xf7, 0x0,
    0x3, 0xff, 0xff, 0x60, 0x0, 0xef, 0xfd, 0x0,
    0x8, 0xff, 0xff, 0x20, 0xa, 0xff, 0xf9, 0x0,
    0x0, 0xef, 0xfd, 0x0, 0x0, 0xbf, 0xff, 0x90,
    0x1f, 0xff, 0xe0, 0x0, 0x0, 0xef, 0xfd, 0x0,
    0x0, 0x1f, 0xff, 0xf0, 0x5f, 0xff, 0x90, 0x0,
    0x0, 0xef, 0xfd, 0x0, 0x0, 0xa, 0xff, 0xf3,
    0x8f, 0xff, 0x40, 0x0, 0x0, 0xef, 0xfd, 0x0,
    0x0, 0x6, 0xff, 0xf6, 0x9f, 0xff, 0x20, 0x0,
    0x0, 0xef, 0xfd, 0x0, 0x0, 0x4, 0xff, 0xf8,
    0x9f, 0xff, 0x20, 0x0, 0x0, 0xef, 0xfc, 0x0,
    0x0, 0x4, 0xff, 0xf7, 0x8f, 0xff, 0x40, 0x0,
    0x0, 0x37, 0x72, 0x0, 0x0, 0x6, 0xff, 0xf6,
    0x5f, 0xff, 0x80, 0x0, 0x0, 0x0, 0x0, 0x0,
    0x0, 0xa, 0xff, 0xf4, 0x1f, 0xff, 0xe0, 0x0,
    0x0, 0x0, 0x0, 0x0, 0x0, 0x1f, 0xff, 0xf0,
    0xb, 0xff, 0xf8, 0x0, 0x0, 0x0, 0x0, 0x0,
    0x0, 0xaf, 0xff, 0xa0, 0x3, 0xff, 0xff, 0x60,
    0x0, 0x0, 0x0, 0x0, 0x7, 0xff, 0xff, 0x20,
    0x0, 0xaf, 0xff, 0xf8, 0x0, 0x0, 0x0, 0x1,
    0x9f, 0xff, 0xf8, 0x0, 0x0, 0xd, 0xff, 0xff,
    0xe8, 0x42, 0x24, 0x9e, 0xff, 0xff, 0xb0, 0x0,
    0x0, 0x1, 0xdf, 0xff, 0xff, 0xff, 0xff, 0xff,
    0xff, 0xfb, 0x10, 0x0, 0x0, 0x0, 0xa, 0xff,
    0xff, 0xff, 0xff, 0xff, 0xff, 0x90, 0x0, 0x0,
    0x0, 0x0, 0x0, 0x3b, 0xff, 0xff, 0xff, 0xff,
    0xb3, 0x0, 0x0, 0x0, 0x0, 0x0, 0x0, 0x0,
    0x15, 0x89, 0x97, 0x51, 0x0, 0x0, 0x0, 0x0,

    /* U+F013 "" */
    0x0, 0x0, 0x0, 0x0, 0x4, 0x89, 0x98, 0x40,
    0x0, 0x0, 0x0, 0x0, 0x0, 0x0, 0x0, 0x0,
    0xf, 0xff, 0xff, 0xf0, 0x0, 0x0, 0x0, 0x0,
    0x0, 0x0, 0x0, 0x0, 0xf, 0xff, 0xff, 0xf0,
    0x0, 0x0, 0x0, 0x0, 0x0, 0x0, 0x0, 0x0,
    0x4f, 0xff, 0xff, 0xf4, 0x0, 0x0, 0x0, 0x0,
    0x0, 0xc, 0xc3, 0x2c, 0xff, 0xff, 0xff, 0xff,
    0xc2, 0x3c, 0xc0, 0x0, 0x0, 0x8f, 0xff, 0xff,
    0xff, 0xff, 0xff, 0xff, 0xff, 0xff, 0xf8, 0x0,
    0x3, 0xff, 0xff, 0xff, 0xff, 0xff, 0xff, 0xff,
    0xff, 0xff, 0xff, 0x30, 0xa, 0xff, 0xff, 0xff,
    0xff, 0xff, 0xff, 0xff, 0xff, 0xff, 0xff, 0xa0,
    0xf, 0xff, 0xff, 0xff, 0xff, 0x94, 0x49, 0xff,
    0xff, 0xff, 0xff, 0xf0, 0x6, 0xef, 0xff, 0xff,
    0xf4, 0x0, 0x0, 0x4f, 0xff, 0xff, 0xfe, 0x60,
    0x0, 0x1e, 0xff, 0xff, 0x90, 0x0, 0x0, 0x9,
    0xff, 0xff, 0xe1, 0x0, 0x0, 0xf, 0xff, 0xff,
    0x40, 0x0, 0x0, 0x4, 0xff, 0xff, 0xf0, 0x0,
    0x0, 0xf, 0xff, 0xff, 0x40, 0x0, 0x0, 0x4,
    0xff, 0xff, 0xf0, 0x0, 0x0, 0x1e, 0xff, 0xff,
    0x90, 0x0, 0x0, 0x9, 0xff, 0xff, 0xe1, 0x0,
    0x6, 0xef, 0xff, 0xff, 0xf4, 0x0, 0x0, 0x4f,
    0xff, 0xff, 0xfe, 0x60, 0xf, 0xff, 0xff, 0xff,
    0xff, 0x94, 0x49, 0xff, 0xff, 0xff, 0xff, 0xf0,
    0xa, 0xff, 0xff, 0xff, 0xff, 0xff, 0xff, 0xff,
    0xff, 0xff, 0xff, 0xa0, 0x3, 0xff, 0xff, 0xff,
    0xff, 0xff, 0xff, 0xff, 0xff, 0xff, 0xff, 0x30,
    0x0, 0x8f, 0xff, 0xff, 0xff, 0xff, 0xff, 0xff,
    0xff, 0xff, 0xf8, 0x0, 0x0, 0xc, 0xc3, 0x2c,
    0xff, 0xff, 0xff, 0xff, 0xc2, 0x3c, 0xc0, 0x0,
    0x0, 0x0, 0x0, 0x0, 0x4f, 0xff, 0xff, 0xf4,
    0x0, 0x0, 0x0, 0x0, 0x0, 0x0, 0x0, 0x0,
    0xf, 0xff, 0xff, 0xf0, 0x0, 0x0, 0x0, 0x0,
    0x0, 0x0, 0x0, 0x0, 0xf, 0xff, 0xff, 0xf0,
    0x0, 0x0, 0x0, 0x0, 0x0, 0x0, 0x0, 0x0,
    0x4, 0x89, 0x98, 0x40, 0x0, 0x0, 0x0, 0x0,

    /* U+F015 "" */
    0x0, 0x0, 0x0, 0x0, 0x0, 0x0, 0x13, 0x10,
    0x0, 0x2, 0x44, 0x20, 0x0, 0x0, 0x0, 0x0,
    0x0, 0x0, 0x0, 0x5f, 0xfe, 0x40, 0x0, 0xdf,
    0xfd, 0x0, 0x0, 0x0, 0x0, 0x0, 0x0, 0x0,
    0x7f, 0xff, 0xff, 0x70, 0xe, 0xff, 0xe0, 0x0,
    0x0, 0x0, 0x0, 0x0, 0x0, 0xaf, 0xff, 0xff,
    0xff, 0xa0, 0xef, 0xfe, 0x0, 0x0, 0x0, 0x0,
    0x0, 0x1, 0xcf, 0xff, 0xb3, 0xbf, 0xff, 0xce,
    0xff, 0xe0, 0x0, 0x0, 0x0, 0x0, 0x3, 0xef,
    0xff, 0x90, 0x0, 0x9f, 0xff, 0xff, 0xfe, 0x0,
    0x0, 0x0, 0x0, 0x6, 0xff, 0xff, 0x60, 0x5d,
    0x50, 0x6f, 0xff, 0xff, 0xe0, 0x0, 0x0, 0x0,
    0x8, 0xff, 0xfe, 0x30, 0x8f, 0xff, 0x80, 0x3e,
    0xff, 0xfe, 0x0, 0x0, 0x0, 0x1b, 0xff, 0xfd,
    0x20, 0xaf, 0xff, 0xff, 0xa0, 0x2d, 0xff, 0xfb,
    0x0, 0x0, 0x2d, 0xff, 0xfb, 0x1, 0xcf, 0xff,
    0xff, 0xff, 0xc1, 0xb, 0xff, 0xfd, 0x20, 0x4f,
    0xff, 0xf8, 0x3, 0xef, 0xff, 0xff, 0xff, 0xff,
    0xe3, 0x8, 0xff, 0xfe, 0x4e, 0xff, 0xf5, 0x5,
    0xff, 0xff, 0xff, 0xff, 0xff, 0xff, 0xf5, 0x5,
    0xff, 0xfe, 0x4f, 0xe3, 0x8, 0xff, 0xff, 0xff,
    0xff, 0xff, 0xff, 0xff, 0xf8, 0x3, 0xef, 0x40,
    0x41, 0x7, 0xff, 0xff, 0xff, 0xff, 0xff, 0xff,
    0xff, 0xff, 0xf7, 0x1, 0x40, 0x0, 0x0, 0x8f,
    0xff, 0xff, 0xff, 0xff, 0xff, 0xff, 0xff, 0xff,
    0x80, 0x0, 0x0, 0x0, 0x8, 0xff, 0xff, 0xff,
    0xeb, 0xbb, 0xef, 0xff, 0xff, 0xf8, 0x0, 0x0,
    0x0, 0x0, 0x8f, 0xff, 0xff, 0xf4, 0x0, 0x4,
    0xff, 0xff, 0xff, 0x80, 0x0, 0x0, 0x0, 0x8,
    0xff, 0xff, 0xff, 0x40, 0x0, 0x4f, 0xff, 0xff,
    0xf8, 0x0, 0x0, 0x0, 0x0, 0x8f, 0xff, 0xff,
    0xf4, 0x0, 0x4, 0xff, 0xff, 0xff, 0x80, 0x0,
    0x0, 0x0, 0x8, 0xff, 0xff, 0xff, 0x40, 0x0,
    0x4f, 0xff, 0xff, 0xf8, 0x0, 0x0, 0x0, 0x0,
    0x7f, 0xff, 0xff, 0xf3, 0x0, 0x3, 0xff, 0xff,
    0xff, 0x70, 0x0, 0x0, 0x0, 0x3, 0xbb, 0xbb,
    0xba, 0x10, 0x0, 0x1a, 0xbb, 0xbb, 0xb3, 0x0,
    0x0,

    /* U+F017 "" */
    0x0, 0x0, 0x0, 0x0, 0x15, 0x68, 0x76, 0x20,
    0x0, 0x0, 0x0, 0x0, 0x0, 0x0, 0x0, 0x4c,
    0xff, 0xff, 0xff, 0xfd, 0x70, 0x0, 0x0, 0x0,
    0x0, 0x0, 0x1b, 0xff, 0xff, 0xff, 0xff, 0xff,
    0xfe, 0x40, 0x0, 0x0, 0x0, 0x2, 0xef, 0xff,
    0xff, 0xff, 0xff, 0xff, 0xff, 0xf6, 0x0, 0x0,
    0x0, 0x1e, 0xff, 0xff, 0xff, 0xff, 0xff, 0xff,
    0xff, 0xff, 0x50, 0x0, 0x0, 0xcf, 0xff, 0xff,
    0xff, 0x20, 0xc, 0xff, 0xff, 0xff, 0xf2, 0x0,
    0x6, 0xff, 0xff, 0xff, 0xff, 0x10, 0xc, 0xff,
    0xff, 0xff, 0xfb, 0x0, 0xe, 0xff, 0xff, 0xff,
    0xff, 0x10, 0xc, 0xff, 0xff, 0xff, 0xff, 0x40,
    0x4f, 0xff, 0xff, 0xff, 0xff, 0x10, 0xc, 0xff,
    0xff, 0xff, 0xff, 0x90, 0x8f, 0xff, 0xff, 0xff,
    0xff, 0x10, 0xc, 0xff, 0xff, 0xff, 0xff, 0xe0,
    0xbf, 0xff, 0xff, 0xff, 0xff, 0x10, 0xc, 0xff,
    0xff, 0xff, 0xff, 0xf0, 0xcf, 0xff, 0xff, 0xff,
    0xff, 0x10, 0xb, 0xff, 0xff, 0xff, 0xff, 0xf2,
    0xcf, 0xff, 0xff, 0xff, 0xff, 0x10, 0x3, 0xdf,
    0xff, 0xff, 0xff, 0xf2, 0xbf, 0xff, 0xff, 0xff,
    0xff, 0x30, 0x0, 0x9, 0xff, 0xff, 0xff, 0xf0,
    0x9f, 0xff, 0xff, 0xff, 0xff, 0xe3, 0x0, 0x0,
    0xaf, 0xff, 0xff, 0xe0, 0x5f, 0xff, 0xff, 0xff,
    0xff, 0xff, 0x70, 0x1, 0xff, 0xff, 0xff, 0xa0,
    0xf, 0xff, 0xff, 0xff, 0xff, 0xff, 0xfb, 0x1c,
    0xff, 0xff, 0xff, 0x50, 0x8, 0xff, 0xff, 0xff,
    0xff, 0xff, 0xff, 0xff, 0xff, 0xff, 0xfd, 0x0,
    0x0, 0xef, 0xff, 0xff, 0xff, 0xff, 0xff, 0xff,
    0xff, 0xff, 0xf4, 0x0, 0x0, 0x3f, 0xff, 0xff,
    0xff, 0xff, 0xff, 0xff, 0xff, 0xff, 0x70, 0x0,
    0x0, 0x4, 0xff, 0xff, 0xff, 0xff, 0xff, 0xff,
    0xff, 0xf9, 0x0, 0x0, 0x0, 0x0, 0x2d, 0xff,
    0xff, 0xff, 0xff, 0xff, 0xff, 0x60, 0x0, 0x0,
    0x0, 0x0, 0x0, 0x7e, 0xff, 0xff, 0xff, 0xff,
    0xa1, 0x0, 0x0, 0x0, 0x0, 0x0, 0x0, 0x0,
    0x37, 0x9a, 0xa8, 0x50, 0x0, 0x0, 0x0, 0x0,

    /* U+F019 "" */
    0x0, 0x0, 0x0, 0x0, 0x9, 0xdd, 0xdd, 0x90,
    0x0, 0x0, 0x0, 0x0, 0x0, 0x0, 0x0, 0x0,
    0xf, 0xff, 0xff, 0xf0, 0x0, 0x0, 0x0, 0x0,
    0x0, 0x0, 0x0, 0x0, 0xf, 0xff, 0xff, 0xf0,
    0x0, 0x0, 0x0, 0x0, 0x0, 0x0, 0x0, 0x0,
    0xf, 0xff, 0xff, 0xf0, 0x0, 0x0, 0x0, 0x0,
    0x0, 0x0, 0x0, 0x0, 0xf, 0xff, 0xff, 0xf0,
    0x0, 0x0, 0x0, 0x0, 0x0, 0x0, 0x0, 0x0,
    0xf, 0xff, 0xff, 0xf0, 0x0, 0x0, 0x0, 0x0,
    0x0, 0x0, 0x0, 0x0, 0xf, 0xff, 0xff, 0xf0,
    0x0, 0x0, 0x0, 0x0, 0x0, 0x0, 0x0, 0x0,
    0xf, 0xff, 0xff, 0xf0, 0x0, 0x0, 0x0, 0x0,
    0x0, 0x0, 0x0, 0x0, 0xf, 0xff, 0xff, 0xf0,
    0x0, 0x0, 0x0, 0x0, 0x0, 0x0, 0xad, 0xdd,
    0xdf, 0xff, 0xff, 0xfd, 0xdd, 0xda, 0x0, 0x0,
    0x0, 0x0, 0xdf, 0xff, 0xff, 0xff, 0xff, 0xff,
    0xff, 0xfd, 0x0, 0x0, 0x0, 0x0, 0x1d, 0xff,
    0xff, 0xff, 0xff, 0xff, 0xff, 0xd1, 0x0, 0x0,
    0x0, 0x0, 0x1, 0xdf, 0xff, 0xff, 0xff, 0xff,
    0xfd, 0x10, 0x0, 0x0, 0x0, 0x0, 0x0, 0x1d,
    0xff, 0xff, 0xff, 0xff, 0xd1, 0x0, 0x0, 0x0,
    0x0, 0x0, 0x0, 0x1, 0xdf, 0xff, 0xff, 0xfd,
    0x10, 0x0, 0x0, 0x0, 0x0, 0x0, 0x0, 0x0,
    0x1d, 0xff, 0xff, 0xd1, 0x0, 0x0, 0x0, 0x0,
    0x25, 0x55, 0x55, 0x55, 0x11, 0xdf, 0xfd, 0x11,
    0x55, 0x55, 0x55, 0x52, 0xef, 0xff, 0xff, 0xff,
    0xd1, 0x1d, 0xd1, 0x1d, 0xff, 0xff, 0xff, 0xfe,
    0xff, 0xff, 0xff, 0xff, 0xfd, 0x10, 0x1, 0xdf,
    0xff, 0xff, 0xff, 0xff, 0xff, 0xff, 0xff, 0xff,
    0xff, 0xf9, 0x9f, 0xff, 0xff, 0xff, 0xff, 0xff,
    0xff, 0xff, 0xff, 0xff, 0xff, 0xff, 0xff, 0xff,
    0xff, 0xff, 0xff, 0xff, 0xff, 0xff, 0xff, 0xff,
    0xff, 0xff, 0xff, 0xff, 0x71, 0xe7, 0x1e, 0xff,
    0xff, 0xff, 0xff, 0xff, 0xff, 0xff, 0xff, 0xff,
    0xb6, 0xfb, 0x6f, 0xff, 0xbf, 0xff, 0xff, 0xff,
    0xff, 0xff, 0xff, 0xff, 0xff, 0xff, 0xff, 0xfb,

    /* U+F01C "" */
    0x0, 0x0, 0x3, 0xcf, 0xff, 0xff, 0xff, 0xff,
    0xff, 0xff, 0xd3, 0x0, 0x0, 0x0, 0x0, 0x1,
    0xef, 0xff, 0xff, 0xff, 0xff, 0xff, 0xff, 0xff,
    0xe1, 0x0, 0x0, 0x0, 0x0, 0xaf, 0xff, 0xff,
    0xff, 0xff, 0xff, 0xff, 0xff, 0xff, 0xa0, 0x0,
    0x0, 0x0, 0x5f, 0xff, 0x40, 0x0, 0x0, 0x0,
    0x0, 0x0, 0x4f, 0xff, 0x50, 0x0, 0x0, 0x1e,
    0xff, 0x90, 0x0, 0x0, 0x0, 0x0, 0x0, 0x0,
    0x9f, 0xfe, 0x10, 0x0, 0xa, 0xff, 0xe0, 0x0,
    0x0, 0x0, 0x0, 0x0, 0x0, 0x0, 0xef, 0xfa,
    0x0, 0x5, 0xff, 0xf4, 0x0, 0x0, 0x0, 0x0,
    0x0, 0x0, 0x0, 0x4, 0xff, 0xf5, 0x1, 0xef,
    0xf9, 0x0, 0x0, 0x0, 0x0, 0x0, 0x0, 0x0,
    0x0, 0x9, 0xff, 0xe1, 0xaf, 0xfe, 0x0, 0x0,
    0x0, 0x0, 0x0, 0x0, 0x0, 0x0, 0x0, 0xe,
    0xff, 0xaf, 0xff, 0xff, 0xff, 0xff, 0x90, 0x0,
    0x0, 0x0, 0xaf, 0xff, 0xff, 0xff, 0xff, 0xff,
    0xff, 0xff, 0xff, 0xff, 0x20, 0x0, 0x0, 0x2f,
    0xff, 0xff, 0xff, 0xff, 0xff, 0xff, 0xff, 0xff,
    0xff, 0xf9, 0x0, 0x0, 0xa, 0xff, 0xff, 0xff,
    0xff, 0xff, 0xff, 0xff, 0xff, 0xff, 0xff, 0xff,
    0xff, 0xff, 0xff, 0xff, 0xff, 0xff, 0xff, 0xff,
    0xff, 0xff, 0xff, 0xff, 0xff, 0xff, 0xff, 0xff,
    0xff, 0xff, 0xff, 0xff, 0xff, 0xff, 0xff, 0xff,
    0xff, 0xff, 0xff, 0xff, 0xff, 0xff, 0xff, 0xff,
    0xff, 0xff, 0xff, 0xff, 0xff, 0xff, 0xff, 0xff,
    0xff, 0xff, 0xff, 0xff, 0xff, 0xff, 0xff, 0xff,
    0xdf, 0xff, 0xff, 0xff, 0xff, 0xff, 0xff, 0xff,
    0xff, 0xff, 0xff, 0xff, 0xff, 0xd3, 0xdf, 0xff,
    0xff, 0xff, 0xff, 0xff, 0xff, 0xff, 0xff, 0xff,
    0xff, 0xff, 0xd3,

    /* U+F021 "" */
    0x0, 0x0, 0x0, 0x0, 0x0, 0x0, 0x0, 0x0,
    0x0, 0x0, 0x3, 0x32, 0x0, 0x0, 0x0, 0x0,
    0x3, 0x67, 0x75, 0x20, 0x0, 0x0, 0x4f, 0xff,
    0x0, 0x0, 0x0, 0x29, 0xff, 0xff, 0xff, 0xfd,
    0x70, 0x0, 0x4f, 0xff, 0x0, 0x0, 0x8, 0xff,
    0xff, 0xff, 0xff, 0xff, 0xfe, 0x60, 0x3f, 0xff,
    0x0, 0x1, 0xcf, 0xff, 0xff, 0xfe, 0xef, 0xff,
    0xff, 0xfb, 0x3f, 0xff, 0x0, 0xd, 0xff, 0xff,
    0xb4, 0x0, 0x0, 0x5b, 0xff, 0xff, 0xdf, 0xff,
    0x0, 0xaf, 0xff, 0xe4, 0x0, 0x0, 0x0, 0x0,
    0x4d, 0xff, 0xff, 0xff, 0x4, 0xff, 0xfd, 0x10,
    0x0, 0x0, 0x0, 0x0, 0x0, 0xcf, 0xff, 0xff,
    0xc, 0xff, 0xf2, 0x0, 0x0, 0x0, 0x6, 0xff,
    0xee, 0xef, 0xff, 0xff, 0x1f, 0xff, 0x80, 0x0,
    0x0, 0x0, 0x8, 0xff, 0xff, 0xff, 0xff, 0xff,
    0x5f, 0xff, 0x10, 0x0, 0x0, 0x0, 0x7, 0xff,
    0xff, 0xff, 0xff, 0xff, 0x4, 0x43, 0x0, 0x0,
    0x0, 0x0, 0x1, 0x44, 0x44, 0x44, 0x44, 0x43,
    0x0, 0x0, 0x0, 0x0, 0x0, 0x0, 0x0, 0x0,
    0x0, 0x0, 0x0, 0x0, 0x0, 0x0, 0x0, 0x0,
    0x0, 0x0, 0x0, 0x0, 0x0, 0x0, 0x0, 0x0,
    0x34, 0x44, 0x44, 0x44, 0x44, 0x0, 0x0, 0x0,
    0x0, 0x0, 0x34, 0x40, 0xff, 0xff, 0xff, 0xff,
    0xff, 0x70, 0x0, 0x0, 0x0, 0x1, 0xff, 0xf5,
    0xff, 0xff, 0xff, 0xff, 0xff, 0x80, 0x0, 0x0,
    0x0, 0x8, 0xff, 0xf1, 0xff, 0xff, 0xfd, 0xee,
    0xff, 0x60, 0x0, 0x0, 0x0, 0x2f, 0xff, 0xb0,
    0xff, 0xff, 0xfb, 0x0, 0x0, 0x0, 0x0, 0x0,
    0x1, 0xdf, 0xff, 0x40, 0xff, 0xff, 0xff, 0xd3,
    0x0, 0x0, 0x0, 0x0, 0x4e, 0xff, 0xfa, 0x0,
    0xff, 0xfe, 0xff, 0xff, 0xb5, 0x0, 0x0, 0x4b,
    0xff, 0xff, 0xd0, 0x0, 0xff, 0xf3, 0xbf, 0xff,
    0xff, 0xfe, 0xef, 0xff, 0xff, 0xfc, 0x10, 0x0,
    0xff, 0xf3, 0x6, 0xff, 0xff, 0xff, 0xff, 0xff,
    0xff, 0x80, 0x0, 0x0, 0xff, 0xf4, 0x0, 0x17,
    0xdf, 0xff, 0xff, 0xff, 0xa2, 0x0, 0x0, 0x0,
    0xff, 0xf4, 0x0, 0x0, 0x2, 0x67, 0x76, 0x30,
    0x0, 0x0, 0x0, 0x0, 0x23, 0x30, 0x0, 0x0,
    0x0, 0x0, 0x0, 0x0, 0x0, 0x0, 0x0, 0x0,

    /* U+F026 "" */
    0x0, 0x0, 0x0, 0x0, 0x1, 0xa7, 0x0, 0x0,
    0x0, 0x0, 0x1c, 0xff, 0x0, 0x0, 0x0, 0x1,
    0xcf, 0xff, 0x0, 0x0, 0x0, 0x1c, 0xff, 0xff,
    0x14, 0x44, 0x44, 0xcf, 0xff, 0xff, 0xef, 0xff,
    0xff, 0xff, 0xff, 0xff, 0xff, 0xff, 0xff, 0xff,
    0xff, 0xff, 0xff, 0xff, 0xff, 0xff, 0xff, 0xff,
    0xff, 0xff, 0xff, 0xff, 0xff, 0xff, 0xff, 0xff,
    0xff, 0xff, 0xff, 0xff, 0xff, 0xff, 0xff, 0xff,
    0xff, 0xff, 0xff, 0xff, 0xff, 0xff, 0xff, 0xff,
    0xff, 0xff, 0xff, 0xff, 0xff, 0xff, 0x7b, 0xbb,
    0xbb, 0xff, 0xff, 0xff, 0x0, 0x0, 0x0, 0x5f,
    0xff, 0xff, 0x0, 0x0, 0x0, 0x5, 0xff, 0xff,
    0x0, 0x0, 0x0, 0x0, 0x5f, 0xff, 0x0, 0x0,
    0x0, 0x0, 0x5, 0xfd, 0x0, 0x0, 0x0, 0x0,
    0x0, 0x10,

    /* U+F027 "" */
    0x0, 0x0, 0x0, 0x0, 0x0, 0x96, 0x0, 0x0,
    0x0, 0x0, 0x0, 0x0, 0x0, 0xc, 0xff, 0x0,
    0x0, 0x0, 0x0, 0x0, 0x0, 0x0, 0xcf, 0xff,
    0x0, 0x0, 0x0, 0x0, 0x0, 0x0, 0xc, 0xff,
    0xff, 0x0, 0x0, 0x0, 0x13, 0x33, 0x33, 0xcf,
    0xff, 0xff, 0x0, 0x0, 0x0, 0xdf, 0xff, 0xff,
    0xff, 0xff, 0xff, 0x0, 0x4a, 0x20, 0xff, 0xff,
    0xff, 0xff, 0xff, 0xff, 0x0, 0xcf, 0xe1, 0xff,
    0xff, 0xff, 0xff, 0xff, 0xff, 0x0, 0x3e, 0xfa,
    0xff, 0xff, 0xff, 0xff, 0xff, 0xff, 0x0, 0x6,
    0xfe, 0xff, 0xff, 0xff, 0xff, 0xff, 0xff, 0x0,
    0x5, 0xfe, 0xff, 0xff, 0xff, 0xff, 0xff, 0xff,
    0x0, 0x2e, 0xfa, 0xff, 0xff, 0xff, 0xff, 0xff,
    0xff, 0x0, 0xcf, 0xf2, 0xff, 0xff, 0xff, 0xff,
    0xff, 0xff, 0x0, 0x5b, 0x30, 0x7c, 0xcc, 0xcc,
    0xff, 0xff, 0xff, 0x0, 0x0, 0x0, 0x0, 0x0,
    0x0, 0x5f, 0xff, 0xff, 0x0, 0x0, 0x0, 0x0,
    0x0, 0x0, 0x5, 0xff, 0xff, 0x0, 0x0, 0x0,
    0x0, 0x0, 0x0, 0x0, 0x5f, 0xff, 0x0, 0x0,
    0x0, 0x0, 0x0, 0x0, 0x0, 0x5, 0xfd, 0x0,
    0x0, 0x0, 0x0, 0x0, 0x0, 0x0, 0x0, 0x21,
    0x0, 0x0, 0x0,

    /* U+F028 "" */
    0x0, 0x0, 0x0, 0x0, 0x0, 0x0, 0x0, 0x0,
    0x0, 0x0, 0x30, 0x0, 0x0, 0x0, 0x0, 0x0,
    0x0, 0x0, 0x0, 0x0, 0x0, 0x0, 0x0, 0xaf,
    0xb1, 0x0, 0x0, 0x0, 0x0, 0x0, 0x0, 0x0,
    0x0, 0x0, 0x0, 0x0, 0x7, 0xff, 0xd1, 0x0,
    0x0, 0x0, 0x0, 0x0, 0x0, 0x1a, 0x70, 0x0,
    0x0, 0x0, 0x6, 0xff, 0xd0, 0x0, 0x0, 0x0,
    0x0, 0x0, 0x1c, 0xff, 0x0, 0x0, 0x6, 0x30,
    0x5, 0xff, 0xa0, 0x0, 0x0, 0x0, 0x0, 0x1c,
    0xff, 0xf0, 0x0, 0x3, 0xff, 0x70, 0x8, 0xff,
    0x40, 0x0, 0x0, 0x0, 0x1c, 0xff, 0xff, 0x0,
    0x0, 0xc, 0xff, 0x70, 0xc, 0xfc, 0x1, 0x44,
    0x44, 0x4c, 0xff, 0xff, 0xf0, 0x0, 0x0, 0xa,
    0xff, 0x30, 0x4f, 0xf3, 0xef, 0xff, 0xff, 0xff,
    0xff, 0xff, 0x0, 0x5a, 0x20, 0xc, 0xfb, 0x0,
    0xdf, 0x8f, 0xff, 0xff, 0xff, 0xff, 0xff, 0xf0,
    0xc, 0xfe, 0x20, 0x4f, 0xf1, 0x8, 0xfb, 0xff,
    0xff, 0xff, 0xff, 0xff, 0xff, 0x0, 0x2e, 0xfa,
    0x0, 0xff, 0x50, 0x5f, 0xef, 0xff, 0xff, 0xff,
    0xff, 0xff, 0xf0, 0x0, 0x6f, 0xe0, 0xc, 0xf7,
    0x4, 0xff, 0xff, 0xff, 0xff, 0xff, 0xff, 0xff,
    0x0, 0x6, 0xfe, 0x0, 0xcf, 0x70, 0x4f, 0xff,
    0xff, 0xff, 0xff, 0xff, 0xff, 0xf0, 0x2, 0xef,
    0xa0, 0xf, 0xf5, 0x6, 0xfe, 0xff, 0xff, 0xff,
    0xff, 0xff, 0xff, 0x0, 0xcf, 0xe2, 0x4, 0xff,
    0x10, 0x9f, 0xbf, 0xff, 0xff, 0xff, 0xff, 0xff,
    0xf0, 0x4, 0xa2, 0x0, 0xcf, 0xb0, 0xd, 0xf8,
    0x7b, 0xbb, 0xbb, 0xff, 0xff, 0xff, 0x0, 0x0,
    0x0, 0xaf, 0xf3, 0x4, 0xff, 0x30, 0x0, 0x0,
    0x5, 0xff, 0xff, 0xf0, 0x0, 0x0, 0xcf, 0xf7,
    0x0, 0xcf, 0xc0, 0x0, 0x0, 0x0, 0x5, 0xff,
    0xff, 0x0, 0x0, 0x3f, 0xf7, 0x0, 0x6f, 0xf4,
    0x0, 0x0, 0x0, 0x0, 0x5, 0xff, 0xf0, 0x0,
    0x0, 0x53, 0x0, 0x4f, 0xfa, 0x0, 0x0, 0x0,
    0x0, 0x0, 0x5, 0xfd, 0x0, 0x0, 0x0, 0x0,
    0x6f, 0xfd, 0x0, 0x0, 0x0, 0x0, 0x0, 0x0,
    0x1, 0x0, 0x0, 0x0, 0x0, 0x7f, 0xfd, 0x10,
    0x0, 0x0, 0x0, 0x0, 0x0, 0x0, 0x0, 0x0,
    0x0, 0x0, 0x9, 0xfb, 0x10, 0x0, 0x0, 0x0,
    0x0, 0x0, 0x0, 0x0, 0x0, 0x0, 0x0, 0x0,
    0x3, 0x0, 0x0, 0x0,

    /* U+F030 "" */
    0x0, 0x0, 0x0, 0x0, 0x46, 0x66, 0x66, 0x64,
    0x0, 0x0, 0x0, 0x0, 0x0, 0x0, 0x0, 0xa,
    0xff, 0xff, 0xff, 0xff, 0xb0, 0x0, 0x0, 0x0,
    0x0, 0x0, 0x0, 0x3f, 0xff, 0xff, 0xff, 0xff,
    0xf3, 0x0, 0x0, 0x0, 0x3, 0x66, 0x66, 0xbf,
    0xff, 0xff, 0xff, 0xff, 0xfb, 0x66, 0x66, 0x30,
    0x8f, 0xff, 0xff, 0xff, 0xff, 0xff, 0xff, 0xff,
    0xff, 0xff, 0xff, 0xf8, 0xff, 0xff, 0xff, 0xff,
    0xff, 0xff, 0xff, 0xff, 0xff, 0xff, 0xff, 0xfe,
    0xff, 0xff, 0xff, 0xff, 0xff, 0xff, 0xff, 0xff,
    0xff, 0xff, 0xff, 0xff, 0xff, 0xff, 0xff, 0xff,
    0xf8, 0x20, 0x2, 0x8f, 0xff, 0xff, 0xff, 0xff,
    0xff, 0xff, 0xff, 0xfe, 0x30, 0x15, 0x51, 0x3,
    0xef, 0xff, 0xff, 0xff, 0xff, 0xff, 0xff, 0xf4,
    0x8, 0xff, 0xff, 0x80, 0x4f, 0xff, 0xff, 0xff,
    0xff, 0xff, 0xff, 0xc0, 0x7f, 0xff, 0xff, 0xf6,
    0xc, 0xff, 0xff, 0xff, 0xff, 0xff, 0xff, 0x70,
    0xef, 0xff, 0xff, 0xfe, 0x7, 0xff, 0xff, 0xff,
    0xff, 0xff, 0xff, 0x61, 0xff, 0xff, 0xff, 0xff,
    0x16, 0xff, 0xff, 0xff, 0xff, 0xff, 0xff, 0x70,
    0xff, 0xff, 0xff, 0xff, 0x7, 0xff, 0xff, 0xff,
    0xff, 0xff, 0xff, 0xc0, 0xbf, 0xff, 0xff, 0xfb,
    0xc, 0xff, 0xff, 0xff, 0xff, 0xff, 0xff, 0xf4,
    0x1e, 0xff, 0xff, 0xe1, 0x4f, 0xff, 0xff, 0xff,
    0xff, 0xff, 0xff, 0xfe, 0x31, 0x8c, 0xc8, 0x13,
    0xef, 0xff, 0xff, 0xff, 0xff, 0xff, 0xff, 0xff,
    0xf8, 0x20, 0x2, 0x8f, 0xff, 0xff, 0xff, 0xff,
    0xff, 0xff, 0xff, 0xff, 0xff, 0xff, 0xff, 0xff,
    0xff, 0xff, 0xff, 0xff, 0xff, 0xff, 0xff, 0xff,
    0xff, 0xff, 0xff, 0xff, 0xff, 0xff, 0xff, 0xfe,
    0x8f, 0xff, 0xff, 0xff, 0xff, 0xff, 0xff, 0xff,
    0xff, 0xff, 0xff, 0xf8, 0x4, 0x66, 0x66, 0x66,
    0x66, 0x66, 0x66, 0x66, 0x66, 0x66, 0x66, 0x40,

    /* U+F03E "" */
    0x3d, 0xff, 0xff, 0xff, 0xff, 0xff, 0xff, 0xff,
    0xff, 0xff, 0xff, 0xd3, 0xdf, 0xff, 0xff, 0xff,
    0xff, 0xff, 0xff, 0xff, 0xff, 0xff, 0xff, 0xfd,
    0xff, 0xff, 0xca, 0xef, 0xff, 0xff, 0xff, 0xff,
    0xff, 0xff, 0xff, 0xff, 0xff, 0xf6, 0x0, 0x1d,
    0xff, 0xff, 0xff, 0xff, 0xff, 0xff, 0xff, 0xff,
    0xff, 0xc0, 0x0, 0x4, 0xff, 0xff, 0xff, 0xff,
    0xff, 0xff, 0xff, 0xff, 0xff, 0xa0, 0x0, 0x2,
    0xff, 0xff, 0xff, 0xff, 0x9f, 0xff, 0xff, 0xff,
    0xff, 0xe1, 0x0, 0x8, 0xff, 0xff, 0xff, 0xf4,
    0x4, 0xff, 0xff, 0xff, 0xff, 0xfc, 0x42, 0x8f,
    0xff, 0xff, 0xff, 0x40, 0x0, 0x4f, 0xff, 0xff,
    0xff, 0xff, 0xff, 0xff, 0xff, 0xff, 0xf4, 0x0,
    0x0, 0x4, 0xff, 0xff, 0xff, 0xff, 0xff, 0x6b,
    0xff, 0xff, 0x40, 0x0, 0x0, 0x0, 0x4f, 0xff,
    0xff, 0xff, 0xf4, 0x0, 0xbf, 0xf4, 0x0, 0x0,
    0x0, 0x0, 0xf, 0xff, 0xff, 0xff, 0x40, 0x0,
    0xb, 0x40, 0x0, 0x0, 0x0, 0x0, 0xf, 0xff,
    0xff, 0xf4, 0x0, 0x0, 0x0, 0x0, 0x0, 0x0,
    0x0, 0x0, 0xf, 0xff, 0xff, 0xf0, 0x0, 0x0,
    0x0, 0x0, 0x0, 0x0, 0x0, 0x0, 0xf, 0xff,
    0xff, 0xf0, 0x0, 0x0, 0x0, 0x0, 0x0, 0x0,
    0x0, 0x0, 0xf, 0xff, 0xff, 0xff, 0xff, 0xff,
    0xff, 0xff, 0xff, 0xff, 0xff, 0xff, 0xff, 0xff,
    0xdf, 0xff, 0xff, 0xff, 0xff, 0xff, 0xff, 0xff,
    0xff, 0xff, 0xff, 0xfd, 0x3d, 0xff, 0xff, 0xff,
    0xff, 0xff, 0xff, 0xff, 0xff, 0xff, 0xff, 0xd3,

    /* U+F043 "" */
    0x0, 0x0, 0x0, 0xc, 0xe3, 0x0, 0x0, 0x0,
    0x0, 0x0, 0x0, 0x5, 0xff, 0xa0, 0x0, 0x0,
    0x0, 0x0, 0x0, 0x0, 0xbf, 0xff, 0x0, 0x0,
    0x0, 0x0, 0x0, 0x0, 0x2f, 0xff, 0xf6, 0x0,
    0x0, 0x0, 0x0, 0x0, 0x9, 0xff, 0xff, 0xd0,
    0x0, 0x0, 0x0, 0x0, 0x1, 0xff, 0xff, 0xff,
    0x50, 0x0, 0x0, 0x0, 0x0, 0xaf, 0xff, 0xff,
    0xfe, 0x0, 0x0, 0x0, 0x0, 0x4f, 0xff, 0xff,
    0xff, 0xf8, 0x0, 0x0, 0x0, 0x1e, 0xff, 0xff,
    0xff, 0xff, 0xf4, 0x0, 0x0, 0xa, 0xff, 0xff,
    0xff, 0xff, 0xff, 0xe0, 0x0, 0x5, 0xff, 0xff,
    0xff, 0xff, 0xff, 0xff, 0x90, 0x0, 0xdf, 0xff,
    0xff, 0xff, 0xff, 0xff, 0xff, 0x20, 0x5f, 0xff,
    0xff, 0xff, 0xff, 0xff, 0xff, 0xf9, 0xa, 0xff,
    0xff, 0xff, 0xff, 0xff, 0xff, 0xff, 0xe0, 0xef,
    0xff, 0xff, 0xff, 0xff, 0xff, 0xff, 0xff, 0x2f,
    0xff, 0x2d, 0xff, 0xff, 0xff, 0xff, 0xff, 0xf4,
    0xef, 0xf1, 0xaf, 0xff, 0xff, 0xff, 0xff, 0xff,
    0x3c, 0xff, 0x44, 0xff, 0xff, 0xff, 0xff, 0xff,
    0xf1, 0x8f, 0xfc, 0x7, 0xff, 0xff, 0xff, 0xff,
    0xfc, 0x1, 0xff, 0xf9, 0x2, 0x7c, 0xff, 0xff,
    0xff, 0x50, 0x7, 0xff, 0xfb, 0x40, 0x6f, 0xff,
    0xff, 0xb0, 0x0, 0xa, 0xff, 0xff, 0xff, 0xff,
    0xff, 0xd1, 0x0, 0x0, 0x8, 0xff, 0xff, 0xff,
    0xff, 0xb0, 0x0, 0x0, 0x0, 0x2, 0x8d, 0xff,
    0xda, 0x40, 0x0, 0x0,

    /* U+F048 "" */
    0x34, 0x40, 0x0, 0x0, 0x0, 0x0, 0x4, 0xf,
    0xff, 0x50, 0x0, 0x0, 0x0, 0x1d, 0xfb, 0xff,
    0xf6, 0x0, 0x0, 0x0, 0x2d, 0xff, 0xff, 0xff,
    0x60, 0x0, 0x0, 0x2e, 0xff, 0xff, 0xff, 0xf6,
    0x0, 0x0, 0x3f, 0xff, 0xff, 0xff, 0xff, 0x60,
    0x0, 0x4f, 0xff, 0xff, 0xff, 0xff, 0xf6, 0x0,
    0x5f, 0xff, 0xff, 0xff, 0xff, 0xff, 0x60, 0x6f,
    0xff, 0xff, 0xff, 0xff, 0xff, 0xf6, 0x8f, 0xff,
    0xff, 0xff, 0xff, 0xff, 0xff, 0xdf, 0xff, 0xff,
    0xff, 0xff, 0xff, 0xff, 0xff, 0xff, 0xff, 0xff,
    0xff, 0xff, 0xff, 0xff, 0xff, 0xff, 0xff, 0xff,
    0xff, 0xff, 0xff, 0xff, 0xff, 0xff, 0xff, 0xff,
    0xff, 0xff, 0xff, 0x8e, 0xff, 0xff, 0xff, 0xff,
    0xff, 0xff, 0xf6, 0x1d, 0xff, 0xff, 0xff, 0xff,
    0xff, 0xff, 0x60, 0x1c, 0xff, 0xff, 0xff, 0xff,
    0xff, 0xf6, 0x0, 0xb, 0xff, 0xff, 0xff, 0xff,
    0xff, 0x60, 0x0, 0xa, 0xff, 0xff, 0xff, 0xff,
    0xf6, 0x0, 0x0, 0x9, 0xff, 0xff, 0xff, 0xff,
    0x60, 0x0, 0x0, 0x7, 0xff, 0xff, 0xff, 0xf6,
    0x0, 0x0, 0x0, 0x6, 0xff, 0xea, 0xbb, 0x30,
    0x0, 0x0, 0x0, 0x5, 0xb4,

    /* U+F04B "" */
    0x0, 0x0, 0x0, 0x0, 0x0, 0x0, 0x0, 0x0,
    0x0, 0x0, 0x3, 0xdf, 0x91, 0x0, 0x0, 0x0,
    0x0, 0x0, 0x0, 0x0, 0x0, 0xdf, 0xff, 0xe6,
    0x0, 0x0, 0x0, 0x0, 0x0, 0x0, 0x0, 0xf,
    0xff, 0xff, 0xfc, 0x30, 0x0, 0x0, 0x0, 0x0,
    0x0, 0x0, 0xff, 0xff, 0xff, 0xff, 0xa1, 0x0,
    0x0, 0x0, 0x0, 0x0, 0xf, 0xff, 0xff, 0xff,
    0xff, 0xf7, 0x0, 0x0, 0x0, 0x0, 0x0, 0xff,
    0xff, 0xff, 0xff, 0xff, 0xfd, 0x40, 0x0, 0x0,
    0x0, 0xf, 0xff, 0xff, 0xff, 0xff, 0xff, 0xff,
    0xa2, 0x0, 0x0, 0x0, 0xff, 0xff, 0xff, 0xff,
    0xff, 0xff, 0xff, 0xf8, 0x0, 0x0, 0xf, 0xff,
    0xff, 0xff, 0xff, 0xff, 0xff, 0xff, 0xfe, 0x50,
    0x0, 0xff, 0xff, 0xff, 0xff, 0xff, 0xff, 0xff,
    0xff, 0xff, 0xb2, 0xf, 0xff, 0xff, 0xff, 0xff,
    0xff, 0xff, 0xff, 0xff, 0xff, 0xf5, 0xff, 0xff,
    0xff, 0xff, 0xff, 0xff, 0xff, 0xff, 0xff, 0xff,
    0xef, 0xff, 0xff, 0xff, 0xff, 0xff, 0xff, 0xff,
    0xff, 0xff, 0xfe, 0xff, 0xff, 0xff, 0xff, 0xff,
    0xff, 0xff, 0xff, 0xff, 0xff, 0x6f, 0xff, 0xff,
    0xff, 0xff, 0xff, 0xff, 0xff, 0xff, 0xfb, 0x20,
    0xff, 0xff, 0xff, 0xff, 0xff, 0xff, 0xff, 0xff,
    0xe5, 0x0, 0xf, 0xff, 0xff, 0xff, 0xff, 0xff,
    0xff, 0xff, 0x80, 0x0, 0x0, 0xff, 0xff, 0xff,
    0xff, 0xff, 0xff, 0xfb, 0x20, 0x0, 0x0, 0xf,
    0xff, 0xff, 0xff, 0xff, 0xff, 0xd4, 0x0, 0x0,
    0x0, 0x0, 0xff, 0xff, 0xff, 0xff, 0xff, 0x70,
    0x0, 0x0, 0x0, 0x0, 0xf, 0xff, 0xff, 0xff,
    0xfa, 0x10, 0x0, 0x0, 0x0, 0x0, 0x0, 0xff,
    0xff, 0xff, 0xd3, 0x0, 0x0, 0x0, 0x0, 0x0,
    0x0, 0xd, 0xff, 0xfe, 0x60, 0x0, 0x0, 0x0,
    0x0, 0x0, 0x0, 0x0, 0x3d, 0xf9, 0x10, 0x0,
    0x0, 0x0, 0x0, 0x0, 0x0, 0x0, 0x0, 0x0,
    0x0, 0x0, 0x0, 0x0, 0x0, 0x0, 0x0, 0x0,
    0x0,

    /* U+F04C "" */
    0x19, 0xcc, 0xcc, 0xc9, 0x10, 0x0, 0x19, 0xcc,
    0xcc, 0xc9, 0x1b, 0xff, 0xff, 0xff, 0xfb, 0x0,
    0xb, 0xff, 0xff, 0xff, 0xfb, 0xff, 0xff, 0xff,
    0xff, 0xf0, 0x0, 0xff, 0xff, 0xff, 0xff, 0xff,
    0xff, 0xff, 0xff, 0xff, 0x0, 0xf, 0xff, 0xff,
    0xff, 0xff, 0xff, 0xff, 0xff, 0xff, 0xf0, 0x0,
    0xff, 0xff, 0xff, 0xff, 0xff, 0xff, 0xff, 0xff,
    0xff, 0x0, 0xf, 0xff, 0xff, 0xff, 0xff, 0xff,
    0xff, 0xff, 0xff, 0xf0, 0x0, 0xff, 0xff, 0xff,
    0xff, 0xff, 0xff, 0xff, 0xff, 0xff, 0x0, 0xf,
    0xff, 0xff, 0xff, 0xff, 0xff, 0xff, 0xff, 0xff,
    0xf0, 0x0, 0xff, 0xff, 0xff, 0xff, 0xff, 0xff,
    0xff, 0xff, 0xff, 0x0, 0xf, 0xff, 0xff, 0xff,
    0xff, 0xff, 0xff, 0xff, 0xff, 0xf0, 0x0, 0xff,
    0xff, 0xff, 0xff, 0xff, 0xff, 0xff, 0xff, 0xff,
    0x0, 0xf, 0xff, 0xff, 0xff, 0xff, 0xff, 0xff,
    0xff, 0xff, 0xf0, 0x0, 0xff, 0xff, 0xff, 0xff,
    0xff, 0xff, 0xff, 0xff, 0xff, 0x0, 0xf, 0xff,
    0xff, 0xff, 0xff, 0xff, 0xff, 0xff, 0xff, 0xf0,
    0x0, 0xff, 0xff, 0xff, 0xff, 0xff, 0xff, 0xff,
    0xff, 0xff, 0x0, 0xf, 0xff, 0xff, 0xff, 0xff,
    0xff, 0xff, 0xff, 0xff, 0xf0, 0x0, 0xff, 0xff,
    0xff, 0xff, 0xff, 0xff, 0xff, 0xff, 0xff, 0x0,
    0xf, 0xff, 0xff, 0xff, 0xff, 0xff, 0xff, 0xff,
    0xff, 0xf0, 0x0, 0xff, 0xff, 0xff, 0xff, 0xfe,
    0xff, 0xff, 0xff, 0xfe, 0x0, 0xe, 0xff, 0xff,
    0xff, 0xfe, 0x5f, 0xff, 0xff, 0xff, 0x50, 0x0,
    0x5f, 0xff, 0xff, 0xff, 0x50, 0x13, 0x33, 0x33,
    0x10, 0x0, 0x0, 0x13, 0x33, 0x33, 0x10,

    /* U+F04D "" */
    0x1, 0x44, 0x44, 0x44, 0x44, 0x44, 0x44, 0x44,
    0x44, 0x41, 0x6, 0xff, 0xff, 0xff, 0xff, 0xff,
    0xff, 0xff, 0xff, 0xff, 0xf6, 0xef, 0xff, 0xff,
    0xff, 0xff, 0xff, 0xff, 0xff, 0xff, 0xff, 0xef,
    0xff, 0xff, 0xff, 0xff, 0xff, 0xff, 0xff, 0xff,
    0xff, 0xff, 0xff, 0xff, 0xff, 0xff, 0xff, 0xff,
    0xff, 0xff, 0xff, 0xff, 0xff, 0xff, 0xff, 0xff,
    0xff, 0xff, 0xff, 0xff, 0xff, 0xff, 0xff, 0xff,
    0xff, 0xff, 0xff, 0xff, 0xff, 0xff, 0xff, 0xff,
    0xff, 0xff, 0xff, 0xff, 0xff, 0xff, 0xff, 0xff,
    0xff, 0xff, 0xff, 0xff, 0xff, 0xff, 0xff, 0xff,
    0xff, 0xff, 0xff, 0xff, 0xff, 0xff, 0xff, 0xff,
    0xff, 0xff, 0xff, 0xff, 0xff, 0xff, 0xff, 0xff,
    0xff, 0xff, 0xff, 0xff, 0xff, 0xff, 0xff, 0xff,
    0xff, 0xff, 0xff, 0xff, 0xff, 0xff, 0xff, 0xff,
    0xff, 0xff, 0xff, 0xff, 0xff, 0xff, 0xff, 0xff,
    0xff, 0xff, 0xff, 0xff, 0xff, 0xff, 0xff, 0xff,
    0xff, 0xff, 0xff, 0xff, 0xff, 0xff, 0xff, 0xff,
    0xff, 0xff, 0xff, 0xff, 0xff, 0xff, 0xff, 0xff,
    0xff, 0xff, 0xff, 0xff, 0xff, 0xff, 0xff, 0xff,
    0xff, 0xff, 0xff, 0xff, 0xff, 0xff, 0xff, 0xff,
    0xff, 0xff, 0xff, 0xff, 0xff, 0xff, 0xff, 0xff,
    0xff, 0xff, 0xff, 0xff, 0xff, 0xff, 0xff, 0xff,
    0xff, 0xff, 0xff, 0xff, 0xff, 0xff, 0xff, 0xff,
    0xff, 0xff, 0xff, 0xff, 0xff, 0xff, 0xff, 0xff,
    0xff, 0xff, 0xff, 0xff, 0xff, 0xff, 0xff, 0xff,
    0xff, 0xff, 0xbf, 0xff, 0xff, 0xff, 0xff, 0xff,
    0xff, 0xff, 0xff, 0xff, 0xb1, 0x8b, 0xbb, 0xbb,
    0xbb, 0xbb, 0xbb, 0xbb, 0xbb, 0xbb, 0x81,

    /* U+F051 "" */
    0x4, 0x0, 0x0, 0x0, 0x0, 0x0, 0x44, 0x3b,
    0xfd, 0x10, 0x0, 0x0, 0x0, 0x5f, 0xff, 0xff,
    0xfd, 0x20, 0x0, 0x0, 0x6, 0xff, 0xff, 0xff,
    0xfe, 0x30, 0x0, 0x0, 0x6f, 0xff, 0xff, 0xff,
    0xff, 0x40, 0x0, 0x6, 0xff, 0xff, 0xff, 0xff,
    0xff, 0x50, 0x0, 0x6f, 0xff, 0xff, 0xff, 0xff,
    0xff, 0x60, 0x6, 0xff, 0xff, 0xff, 0xff, 0xff,
    0xff, 0x70, 0x6f, 0xff, 0xff, 0xff, 0xff, 0xff,
    0xff, 0x86, 0xff, 0xff, 0xff, 0xff, 0xff, 0xff,
    0xff, 0xdf, 0xff, 0xff, 0xff, 0xff, 0xff, 0xff,
    0xff, 0xff, 0xff, 0xff, 0xff, 0xff, 0xff, 0xff,
    0xff, 0xff, 0xff, 0xff, 0xff, 0xff, 0xff, 0xff,
    0xff, 0xff, 0xff, 0xff, 0xff, 0xff, 0xfd, 0x8f,
    0xff, 0xff, 0xff, 0xff, 0xff, 0xfc, 0x16, 0xff,
    0xff, 0xff, 0xff, 0xff, 0xfc, 0x0, 0x6f, 0xff,
    0xff, 0xff, 0xff, 0xfb, 0x0, 0x6, 0xff, 0xff,
    0xff, 0xff, 0xfa, 0x0, 0x0, 0x6f, 0xff, 0xff,
    0xff, 0xf8, 0x0, 0x0, 0x6, 0xff, 0xff, 0xff,
    0xf7, 0x0, 0x0, 0x0, 0x6f, 0xff, 0xef, 0xf6,
    0x0, 0x0, 0x0, 0x6, 0xff, 0xf4, 0xb5, 0x0,
    0x0, 0x0, 0x0, 0x3b, 0xba,

    /* U+F052 "" */
    0x0, 0x0, 0x0, 0x0, 0x0, 0x37, 0x30, 0x0,
    0x0, 0x0, 0x0, 0x0, 0x0, 0x0, 0x0, 0x0,
    0x5f, 0xff, 0x50, 0x0, 0x0, 0x0, 0x0, 0x0,
    0x0, 0x0, 0x0, 0x4f, 0xff, 0xff, 0x40, 0x0,
    0x0, 0x0, 0x0, 0x0, 0x0, 0x0, 0x3f, 0xff,
    0xff, 0xff, 0x30, 0x0, 0x0, 0x0, 0x0, 0x0,
    0x0, 0x2f, 0xff, 0xff, 0xff, 0xfe, 0x20, 0x0,
    0x0, 0x0, 0x0, 0x0, 0x2e, 0xff, 0xff, 0xff,
    0xff, 0xfe, 0x20, 0x0, 0x0, 0x0, 0x0, 0x1d,
    0xff, 0xff, 0xff, 0xff, 0xff, 0xfd, 0x10, 0x0,
    0x0, 0x0, 0xc, 0xff, 0xff, 0xff, 0xff, 0xff,
    0xff, 0xfc, 0x0, 0x0, 0x0, 0xc, 0xff, 0xff,
    0xff, 0xff, 0xff, 0xff, 0xff, 0xfc, 0x0, 0x0,
    0xb, 0xff, 0xff, 0xff, 0xff, 0xff, 0xff, 0xff,
    0xff, 0xfb, 0x0, 0x8, 0xff, 0xff, 0xff, 0xff,
    0xff, 0xff, 0xff, 0xff, 0xff, 0xf8, 0x0, 0xff,
    0xff, 0xff, 0xff, 0xff, 0xff, 0xff, 0xff, 0xff,
    0xff, 0xf0, 0xd, 0xff, 0xff, 0xff, 0xff, 0xff,
    0xff, 0xff, 0xff, 0xff, 0xfd, 0x0, 0x3d, 0xff,
    0xff, 0xff, 0xff, 0xff, 0xff, 0xff, 0xff, 0xfd,
    0x30, 0x0, 0x0, 0x0, 0x0, 0x0, 0x0, 0x0,
    0x0, 0x0, 0x0, 0x0, 0x0, 0x4, 0x44, 0x44,
    0x44, 0x44, 0x44, 0x44, 0x44, 0x44, 0x44, 0x0,
    0xb, 0xff, 0xff, 0xff, 0xff, 0xff, 0xff, 0xff,
    0xff, 0xff, 0xfb, 0x0, 0xff, 0xff, 0xff, 0xff,
    0xff, 0xff, 0xff, 0xff, 0xff, 0xff, 0xf0, 0xf,
    0xff, 0xff, 0xff, 0xff, 0xff, 0xff, 0xff, 0xff,
    0xff, 0xff, 0x0, 0xff, 0xff, 0xff, 0xff, 0xff,
    0xff, 0xff, 0xff, 0xff, 0xff, 0xf0, 0xe, 0xff,
    0xff, 0xff, 0xff, 0xff, 0xff, 0xff, 0xff, 0xff,
    0xfe, 0x0, 0x4b, 0xbb, 0xbb, 0xbb, 0xbb, 0xbb,
    0xbb, 0xbb, 0xbb, 0xbb, 0x40,

    /* U+F053 "" */
    0x0, 0x0, 0x0, 0x0, 0x0, 0x20, 0x0, 0x0,
    0x0, 0x0, 0x0, 0xaf, 0xb0, 0x0, 0x0, 0x0,
    0x0, 0xaf, 0xff, 0x80, 0x0, 0x0, 0x0, 0xaf,
    0xff, 0xf8, 0x0, 0x0, 0x0, 0xaf, 0xff, 0xfa,
    0x0, 0x0, 0x0, 0xaf, 0xff, 0xfa, 0x0, 0x0,
    0x0, 0xaf, 0xff, 0xfa, 0x0, 0x0, 0x0, 0xaf,
    0xff, 0xfa, 0x0, 0x0, 0x0, 0xaf, 0xff, 0xfa,
    0x0, 0x0, 0x0, 0xaf, 0xff, 0xfa, 0x0, 0x0,
    0x0, 0x8f, 0xff, 0xfa, 0x0, 0x0, 0x0, 0x8,
    0xff, 0xff, 0xa0, 0x0, 0x0, 0x0, 0xa, 0xff,
    0xff, 0xa0, 0x0, 0x0, 0x0, 0xa, 0xff, 0xff,
    0xa0, 0x0, 0x0, 0x0, 0xa, 0xff, 0xff, 0xa0,
    0x0, 0x0, 0x0, 0xa, 0xff, 0xff, 0xa0, 0x0,
    0x0, 0x0, 0xa, 0xff, 0xff, 0xa0, 0x0, 0x0,
    0x0, 0xa, 0xff, 0xff, 0xa0, 0x0, 0x0, 0x0,
    0xa, 0xff, 0xff, 0x80, 0x0, 0x0, 0x0, 0xa,
    0xff, 0xf8, 0x0, 0x0, 0x0, 0x0, 0xa, 0xfb,
    0x0, 0x0, 0x0, 0x0, 0x0, 0x2, 0x0,

    /* U+F054 "" */
    0x0, 0x20, 0x0, 0x0, 0x0, 0x0, 0x0, 0xbf,
    0xa0, 0x0, 0x0, 0x0, 0x0, 0x8f, 0xff, 0xa0,
    0x0, 0x0, 0x0, 0x8, 0xff, 0xff, 0xa0, 0x0,
    0x0, 0x0, 0xa, 0xff, 0xff, 0xa0, 0x0, 0x0,
    0x0, 0xa, 0xff, 0xff, 0xa0, 0x0, 0x0, 0x0,
    0xa, 0xff, 0xff, 0xa0, 0x0, 0x0, 0x0, 0xa,
    0xff, 0xff, 0xa0, 0x0, 0x0, 0x0, 0xa, 0xff,
    0xff, 0xa0, 0x0, 0x0, 0x0, 0xa, 0xff, 0xff,
    0xa0, 0x0, 0x0, 0x0, 0xa, 0xff, 0xff, 0x80,
    0x0, 0x0, 0x0, 0xaf, 0xff, 0xf8, 0x0, 0x0,
    0x0, 0xaf, 0xff, 0xfa, 0x0, 0x0, 0x0, 0xaf,
    0xff, 0xfa, 0x0, 0x0, 0x0, 0xaf, 0xff, 0xfa,
    0x0, 0x0, 0x0, 0xaf, 0xff, 0xfa, 0x0, 0x0,
    0x0, 0xaf, 0xff, 0xfa, 0x0, 0x0, 0x0, 0xaf,
    0xff, 0xfa, 0x0, 0x0, 0x0, 0x8f, 0xff, 0xfa,
    0x0, 0x0, 0x0, 0x8, 0xff, 0xfa, 0x0, 0x0,
    0x0, 0x0, 0xb, 0xfa, 0x0, 0x0, 0x0, 0x0,
    0x0, 0x2, 0x0, 0x0, 0x0, 0x0, 0x0,

    /* U+F067 "" */
    0x0, 0x0, 0x0, 0x0, 0x3, 0x43, 0x0, 0x0,
    0x0, 0x0, 0x0, 0x0, 0x0, 0x0, 0x7, 0xff,
    0xf7, 0x0, 0x0, 0x0, 0x0, 0x0, 0x0, 0x0,
    0x0, 0xbf, 0xff, 0xb0, 0x0, 0x0, 0x0, 0x0,
    0x0, 0x0, 0x0, 0xc, 0xff, 0xfc, 0x0, 0x0,
    0x0, 0x0, 0x0, 0x0, 0x0, 0x0, 0xcf, 0xff,
    0xc0, 0x0, 0x0, 0x0, 0x0, 0x0, 0x0, 0x0,
    0xc, 0xff, 0xfc, 0x0, 0x0, 0x0, 0x0, 0x0,
    0x0, 0x0, 0x0, 0xcf, 0xff, 0xc0, 0x0, 0x0,
    0x0, 0x0, 0x0, 0x0, 0x0, 0xc, 0xff, 0xfc,
    0x0, 0x0, 0x0, 0x0, 0x0, 0x0, 0x0, 0x0,
    0xcf, 0xff, 0xc0, 0x0, 0x0, 0x0, 0x8, 0xff,
    0xff, 0xff, 0xff, 0xff, 0xff, 0xff, 0xff, 0xff,
    0xf8, 0xff, 0xff, 0xff, 0xff, 0xff, 0xff, 0xff,
    0xff, 0xff, 0xff, 0xff, 0xff, 0xff, 0xff, 0xff,
    0xff, 0xff, 0xff, 0xff, 0xff, 0xff, 0xdf, 0xff,
    0xff, 0xff, 0xff, 0xff, 0xff, 0xff, 0xff, 0xff,
    0xd1, 0x77, 0x77, 0x77, 0x7d, 0xff, 0xfd, 0x77,
    0x77, 0x77, 0x71, 0x0, 0x0, 0x0, 0x0, 0xcf,
    0xff, 0xc0, 0x0, 0x0, 0x0, 0x0, 0x0, 0x0,
    0x0, 0xc, 0xff, 0xfc, 0x0, 0x0, 0x0, 0x0,
    0x0, 0x0, 0x0, 0x0, 0xcf, 0xff, 0xc0, 0x0,
    0x0, 0x0, 0x0, 0x0, 0x0, 0x0, 0xc, 0xff,
    0xfc, 0x0, 0x0, 0x0, 0x0, 0x0, 0x0, 0x0,
    0x0, 0xcf, 0xff, 0xc0, 0x0, 0x0, 0x0, 0x0,
    0x0, 0x0, 0x0, 0xc, 0xff, 0xfc, 0x0, 0x0,
    0x0, 0x0, 0x0, 0x0, 0x0, 0x0, 0xaf, 0xff,
    0xa0, 0x0, 0x0, 0x0, 0x0, 0x0, 0x0, 0x0,
    0x2, 0xab, 0xa2, 0x0, 0x0, 0x0, 0x0,

    /* U+F068 "" */
    0x16, 0x77, 0x77, 0x77, 0x77, 0x77, 0x77, 0x77,
    0x77, 0x76, 0x1d, 0xff, 0xff, 0xff, 0xff, 0xff,
    0xff, 0xff, 0xff, 0xff, 0xfd, 0xff, 0xff, 0xff,
    0xff, 0xff, 0xff, 0xff, 0xff, 0xff, 0xff, 0xff,
    0xff, 0xff, 0xff, 0xff, 0xff, 0xff, 0xff, 0xff,
    0xff, 0xff, 0x9f, 0xff, 0xff, 0xff, 0xff, 0xff,
    0xff, 0xff, 0xff, 0xff, 0x80, 0x0, 0x0, 0x0,
    0x0, 0x0, 0x0, 0x0, 0x0, 0x0, 0x0,

    /* U+F06B "" */
    0x0, 0x0, 0x0, 0x45, 0x20, 0x0, 0x0, 0x2,
    0x55, 0x10, 0x0, 0x0, 0x0, 0x0, 0x4e, 0xff,
    0xfb, 0x10, 0x0, 0xaf, 0xff, 0xf6, 0x0, 0x0,
    0x0, 0x3, 0xff, 0xfe, 0xff, 0xd1, 0xc, 0xff,
    0xef, 0xff, 0x40, 0x0, 0x0, 0xa, 0xfd, 0x10,
    0x5f, 0xfc, 0xaf, 0xf5, 0x0, 0xcf, 0xc0, 0x0,
    0x0, 0xe, 0xf6, 0x0, 0x4, 0xff, 0xff, 0x60,
    0x0, 0x4f, 0xf0, 0x0, 0x0, 0xd, 0xf8, 0x0,
    0x0, 0x9f, 0xfa, 0x0, 0x0, 0x6f, 0xe0, 0x0,
    0x4, 0x4b, 0xff, 0x74, 0x44, 0x5f, 0xf5, 0x44,
    0x46, 0xff, 0xc4, 0x40, 0xbf, 0xff, 0xff, 0xff,
    0xff, 0xff, 0xff, 0xff, 0xff, 0xff, 0xff, 0xfb,
    0xff, 0xff, 0xff, 0xff, 0xff, 0xff, 0xff, 0xff,
    0xff, 0xff, 0xff, 0xff, 0xff, 0xff, 0xff, 0xff,
    0xff, 0xff, 0xff, 0xff, 0xff, 0xff, 0xff, 0xff,
    0xff, 0xff, 0xff, 0xff, 0xff, 0xff, 0xff, 0xff,
    0xff, 0xff, 0xff, 0xff, 0xff, 0xff, 0xff, 0xff,
    0xff, 0xff, 0xff, 0xff, 0xff, 0xff, 0xff, 0xff,
    0x9b, 0xbb, 0xbb, 0xbb, 0xbb, 0xbb, 0xbb, 0xbb,
    0xbb, 0xbb, 0xbb, 0xb8, 0x0, 0x0, 0x0, 0x0,
    0x0, 0x0, 0x0, 0x0, 0x0, 0x0, 0x0, 0x0,
    0x8, 0xff, 0xff, 0xff, 0xff, 0x80, 0x8, 0xff,
    0xff, 0xff, 0xff, 0x80, 0x8, 0xff, 0xff, 0xff,
    0xff, 0x80, 0x8, 0xff, 0xff, 0xff, 0xff, 0x80,
    0x8, 0xff, 0xff, 0xff, 0xff, 0x80, 0x8, 0xff,
    0xff, 0xff, 0xff, 0x80, 0x8, 0xff, 0xff, 0xff,
    0xff, 0x80, 0x8, 0xff, 0xff, 0xff, 0xff, 0x80,
    0x8, 0xff, 0xff, 0xff, 0xff, 0x80, 0x8, 0xff,
    0xff, 0xff, 0xff, 0x80, 0x8, 0xff, 0xff, 0xff,
    0xff, 0x80, 0x8, 0xff, 0xff, 0xff, 0xff, 0x80,
    0x5, 0xff, 0xff, 0xff, 0xff, 0x80, 0x8, 0xff,
    0xff, 0xff, 0xff, 0x50, 0x0, 0x58, 0x88, 0x88,
    0x88, 0x40, 0x4, 0x88, 0x88, 0x88, 0x85, 0x0,

    /* U+F06D "" */
    0x0, 0x0, 0x0, 0x0, 0x0, 0x0, 0x0, 0x0,
    0x0, 0x0, 0x0, 0x0, 0x0, 0xcc, 0x0, 0x0,
    0x0, 0x0, 0x0, 0x0, 0x0, 0x8, 0xff, 0x20,
    0x0, 0x0, 0x0, 0x0, 0x0, 0x0, 0x2f, 0xff,
    0x60, 0x0, 0x0, 0x0, 0x0, 0x0, 0x0, 0x9f,
    0xff, 0xd0, 0x0, 0x0, 0x0, 0x0, 0x0, 0x0,
    0xdf, 0xff, 0xfa, 0x0, 0x0, 0x0, 0x0, 0x0,
    0x0, 0xff, 0xff, 0xff, 0x90, 0x0, 0x0, 0x0,
    0x0, 0x0, 0xef, 0xff, 0xff, 0xf9, 0x0, 0x0,
    0x0, 0x0, 0x0, 0x9f, 0xff, 0xff, 0xff, 0xa0,
    0x0, 0x0, 0x39, 0x10, 0x1d, 0xff, 0xff, 0xff,
    0xf9, 0x0, 0x2, 0xff, 0x70, 0x2, 0xef, 0xff,
    0xff, 0xff, 0x50, 0xc, 0xff, 0x80, 0x0, 0x2e,
    0xff, 0xff, 0xff, 0xd0, 0x4f, 0xff, 0x80, 0x0,
    0x4, 0xff, 0xff, 0xff, 0xf5, 0xaf, 0xff, 0x80,
    0x0, 0x0, 0xbf, 0xff, 0xff, 0xfa, 0xdf, 0xff,
    0x80, 0x0, 0x0, 0x8f, 0xff, 0xff, 0xfd, 0xff,
    0xff, 0xb0, 0x0, 0x0, 0xbf, 0xff, 0xff, 0xff,
    0xff, 0xff, 0xf5, 0x0, 0x5, 0xff, 0xff, 0xff,
    0xff, 0xdf, 0xff, 0xff, 0xb8, 0xbf, 0xff, 0xff,
    0xff, 0xfd, 0x9f, 0xff, 0xff, 0xff, 0xff, 0xff,
    0xff, 0xff, 0xf9, 0x4f, 0xff, 0xff, 0xff, 0xff,
    0xff, 0xff, 0xff, 0xf4, 0xc, 0xff, 0xff, 0xff,
    0xff, 0xff, 0xff, 0xff, 0xc0, 0x2, 0xef, 0xff,
    0xff, 0xff, 0xff, 0xff, 0xfe, 0x20, 0x0, 0x3e,
    0xff, 0xff, 0xff, 0xff, 0xff, 0xe3, 0x0, 0x0,
    0x2, 0xcf, 0xff, 0xff, 0xff, 0xfc, 0x20, 0x0,
    0x0, 0x0, 0x4, 0x9d, 0xff, 0xd9, 0x40, 0x0,
    0x0,

    /* U+F06E "" */
    0x0, 0x0, 0x0, 0x0, 0x16, 0xad, 0xef, 0xed,
    0xa6, 0x10, 0x0, 0x0, 0x0, 0x0, 0x0, 0x0,
    0x2, 0xbf, 0xff, 0xff, 0xff, 0xff, 0xff, 0xb2,
    0x0, 0x0, 0x0, 0x0, 0x0, 0x9, 0xff, 0xff,
    0xe9, 0x54, 0x59, 0xef, 0xff, 0xf9, 0x0, 0x0,
    0x0, 0x0, 0x2d, 0xff, 0xff, 0x90, 0x0, 0x0,
    0x0, 0x9f, 0xff, 0xfd, 0x20, 0x0, 0x0, 0x2e,
    0xff, 0xff, 0x70, 0x0, 0x14, 0x20, 0x0, 0x7f,
    0xff, 0xfe, 0x20, 0x0, 0x1e, 0xff, 0xff, 0xb0,
    0x0, 0x6, 0xff, 0xc2, 0x0, 0xbf, 0xff, 0xfe,
    0x10, 0xb, 0xff, 0xff, 0xf3, 0x0, 0x0, 0x5f,
    0xff, 0xe2, 0x3, 0xff, 0xff, 0xfb, 0x6, 0xff,
    0xff, 0xfe, 0x0, 0x0, 0x1c, 0xff, 0xff, 0xa0,
    0xe, 0xff, 0xff, 0xf5, 0xef, 0xff, 0xff, 0xc0,
    0xd, 0xcf, 0xff, 0xff, 0xfe, 0x0, 0xcf, 0xff,
    0xff, 0xee, 0xff, 0xff, 0xfc, 0x0, 0xff, 0xff,
    0xff, 0xff, 0xf0, 0xc, 0xff, 0xff, 0xfe, 0x5f,
    0xff, 0xff, 0xe0, 0xc, 0xff, 0xff, 0xff, 0xfc,
    0x0, 0xef, 0xff, 0xff, 0x50, 0xbf, 0xff, 0xff,
    0x30, 0x4f, 0xff, 0xff, 0xff, 0x50, 0x3f, 0xff,
    0xff, 0xb0, 0x1, 0xdf, 0xff, 0xfb, 0x0, 0x7f,
    0xff, 0xff, 0x80, 0xb, 0xff, 0xff, 0xe1, 0x0,
    0x2, 0xef, 0xff, 0xf7, 0x0, 0x39, 0xb9, 0x30,
    0x7, 0xff, 0xff, 0xe2, 0x0, 0x0, 0x2, 0xcf,
    0xff, 0xf9, 0x0, 0x0, 0x0, 0x9, 0xff, 0xff,
    0xd2, 0x0, 0x0, 0x0, 0x0, 0x9f, 0xff, 0xfe,
    0x95, 0x45, 0x9e, 0xff, 0xff, 0x90, 0x0, 0x0,
    0x0, 0x0, 0x0, 0x2a, 0xff, 0xff, 0xff, 0xff,
    0xff, 0xfb, 0x30, 0x0, 0x0, 0x0, 0x0, 0x0,
    0x0, 0x1, 0x6a, 0xdf, 0xfe, 0xda, 0x71, 0x0,
    0x0, 0x0, 0x0,

    /* U+F070 "" */
    0x5, 0xe6, 0x0, 0x0, 0x0, 0x0, 0x0, 0x0,
    0x0, 0x0, 0x0, 0x0, 0x0, 0x0, 0x0, 0x1,
    0xff, 0xf9, 0x0, 0x0, 0x0, 0x0, 0x0, 0x0,
    0x0, 0x0, 0x0, 0x0, 0x0, 0x0, 0x0, 0xd,
    0xff, 0xfc, 0x20, 0x0, 0x0, 0x0, 0x0, 0x0,
    0x0, 0x0, 0x0, 0x0, 0x0, 0x0, 0x0, 0xa,
    0xff, 0xfe, 0x40, 0x0, 0x48, 0xce, 0xff, 0xeb,
    0x72, 0x0, 0x0, 0x0, 0x0, 0x0, 0x0, 0x6,
    0xff, 0xff, 0x88, 0xef, 0xff, 0xff, 0xff, 0xff,
    0xfc, 0x40, 0x0, 0x0, 0x0, 0x0, 0x0, 0x3,
    0xef, 0xff, 0xff, 0xff, 0xb6, 0x45, 0x7d, 0xff,
    0xff, 0xb1, 0x0, 0x0, 0x0, 0x0, 0x0, 0x1,
    0xbf, 0xff, 0xfd, 0x20, 0x0, 0x0, 0x6, 0xff,
    0xff, 0xe4, 0x0, 0x0, 0x0, 0x0, 0x0, 0x0,
    0x8f, 0xff, 0xf6, 0x1, 0x76, 0x20, 0x4, 0xff,
    0xff, 0xf4, 0x0, 0x0, 0x0, 0x0, 0x10, 0x0,
    0x4e, 0xff, 0xfa, 0x1f, 0xff, 0x90, 0x8, 0xff,
    0xff, 0xf3, 0x0, 0x0, 0x0, 0x6e, 0x40, 0x0,
    0x2c, 0xff, 0xfd, 0xff, 0xff, 0x80, 0xf, 0xff,
    0xff, 0xe1, 0x0, 0x0, 0x2f, 0xff, 0x70, 0x0,
    0x9, 0xff, 0xff, 0xff, 0xff, 0x0, 0xbf, 0xff,
    0xff, 0x90, 0x0, 0x9, 0xff, 0xff, 0xb1, 0x0,
    0x6, 0xff, 0xff, 0xff, 0xf3, 0x9, 0xff, 0xff,
    0xff, 0x10, 0x0, 0x9f, 0xff, 0xff, 0xd1, 0x0,
    0x3, 0xdf, 0xff, 0xff, 0x30, 0x9f, 0xff, 0xff,
    0xf1, 0x0, 0x2, 0xff, 0xff, 0xff, 0x40, 0x0,
    0x1, 0xbf, 0xff, 0xf4, 0xb, 0xff, 0xff, 0xf9,
    0x0, 0x0, 0x7, 0xff, 0xff, 0xf9, 0x0, 0x0,
    0x0, 0x7f, 0xff, 0xf8, 0xff, 0xff, 0xfd, 0x0,
    0x0, 0x0, 0xa, 0xff, 0xff, 0xf1, 0x0, 0x0,
    0x0, 0x4e, 0xff, 0xff, 0xff, 0xff, 0x20, 0x0,
    0x0, 0x0, 0xb, 0xff, 0xff, 0xc0, 0x0, 0x0,
    0x0, 0x1c, 0xff, 0xff, 0xff, 0x40, 0x0, 0x0,
    0x0, 0x0, 0xa, 0xff, 0xff, 0xc2, 0x0, 0x0,
    0x0, 0x9, 0xff, 0xff, 0x80, 0x0, 0x0, 0x0,
    0x0, 0x0, 0x6, 0xff, 0xff, 0xfb, 0x64, 0x51,
    0x0, 0x5, 0xff, 0xff, 0x80, 0x0, 0x0, 0x0,
    0x0, 0x0, 0x1, 0x9f, 0xff, 0xff, 0xff, 0xe3,
    0x0, 0x2, 0xdf, 0xff, 0xc1, 0x0, 0x0, 0x0,
    0x0, 0x0, 0x0, 0x5, 0x9d, 0xef, 0xfe, 0xb1,
    0x0, 0x0, 0xaf, 0xff, 0xe4, 0x0, 0x0, 0x0,
    0x0, 0x0, 0x0, 0x0, 0x0, 0x0, 0x0, 0x0,
    0x0, 0x0, 0x7f, 0xff, 0xf6, 0x0, 0x0, 0x0,
    0x0, 0x0, 0x0, 0x0, 0x0, 0x0, 0x0, 0x0,
    0x0, 0x0, 0x3e, 0xff, 0x80, 0x0, 0x0, 0x0,
    0x0, 0x0, 0x0, 0x0, 0x0, 0x0, 0x0, 0x0,
    0x0, 0x0, 0x1b, 0xc0,

    /* U+F071 "" */
    0x0, 0x0, 0x0, 0x0, 0x0, 0x0, 0x1c, 0xfc,
    0x10, 0x0, 0x0, 0x0, 0x0, 0x0, 0x0, 0x0,
    0x0, 0x0, 0x0, 0x0, 0xa, 0xff, 0xfa, 0x0,
    0x0, 0x0, 0x0, 0x0, 0x0, 0x0, 0x0, 0x0,
    0x0, 0x0, 0x4, 0xff, 0xff, 0xf4, 0x0, 0x0,
    0x0, 0x0, 0x0, 0x0, 0x0, 0x0, 0x0, 0x0,
    0x0, 0xdf, 0xff, 0xff, 0xd0, 0x0, 0x0, 0x0,
    0x0, 0x0, 0x0, 0x0, 0x0, 0x0, 0x0, 0x6f,
    0xff, 0xff, 0xff, 0x60, 0x0, 0x0, 0x0, 0x0,
    0x0, 0x0, 0x0, 0x0, 0x0, 0x1e, 0xff, 0xff,
    0xff, 0xfe, 0x10, 0x0, 0x0, 0x0, 0x0, 0x0,
    0x0, 0x0, 0x0, 0x9, 0xff, 0xff, 0xff, 0xff,
    0xf9, 0x0, 0x0, 0x0, 0x0, 0x0, 0x0, 0x0,
    0x0, 0x2, 0xff, 0xff, 0xff, 0xff, 0xff, 0xf2,
    0x0, 0x0, 0x0, 0x0, 0x0, 0x0, 0x0, 0x0,
    0xbf, 0xff, 0xa4, 0x44, 0xaf, 0xff, 0xb0, 0x0,
    0x0, 0x0, 0x0, 0x0, 0x0, 0x0, 0x4f, 0xff,
    0xf7, 0x0, 0x7, 0xff, 0xff, 0x40, 0x0, 0x0,
    0x0, 0x0, 0x0, 0x0, 0xd, 0xff, 0xff, 0x80,
    0x0, 0x8f, 0xff, 0xfd, 0x0, 0x0, 0x0, 0x0,
    0x0, 0x0, 0x7, 0xff, 0xff, 0xf9, 0x0, 0x9,
    0xff, 0xff, 0xf7, 0x0, 0x0, 0x0, 0x0, 0x0,
    0x1, 0xff, 0xff, 0xff, 0xa0, 0x0, 0xaf, 0xff,
    0xff, 0xf1, 0x0, 0x0, 0x0, 0x0, 0x0, 0x9f,
    0xff, 0xff, 0xfb, 0x0, 0xb, 0xff, 0xff, 0xff,
    0x90, 0x0, 0x0, 0x0, 0x0, 0x3f, 0xff, 0xff,
    0xff, 0xc0, 0x0, 0xcf, 0xff, 0xff, 0xff, 0x30,
    0x0, 0x0, 0x0, 0xc, 0xff, 0xff, 0xff, 0xfd,
    0x0, 0xd, 0xff, 0xff, 0xff, 0xfc, 0x0, 0x0,
    0x0, 0x5, 0xff, 0xff, 0xff, 0xff, 0xff, 0xdf,
    0xff, 0xff, 0xff, 0xff, 0xf5, 0x0, 0x0, 0x0,
    0xef, 0xff, 0xff, 0xff, 0xfd, 0x10, 0x2d, 0xff,
    0xff, 0xff, 0xff, 0xe0, 0x0, 0x0, 0x7f, 0xff,
    0xff, 0xff, 0xff, 0x60, 0x0, 0x6f, 0xff, 0xff,
    0xff, 0xff, 0x70, 0x0, 0x1f, 0xff, 0xff, 0xff,
    0xff, 0xf8, 0x0, 0x8, 0xff, 0xff, 0xff, 0xff,
    0xff, 0x10, 0xa, 0xff, 0xff, 0xff, 0xff, 0xff,
    0xf5, 0x26, 0xff, 0xff, 0xff, 0xff, 0xff, 0xfa,
    0x0, 0xff, 0xff, 0xff, 0xff, 0xff, 0xff, 0xff,
    0xff, 0xff, 0xff, 0xff, 0xff, 0xff, 0xf0, 0xd,
    0xff, 0xff, 0xff, 0xff, 0xff, 0xff, 0xff, 0xff,
    0xff, 0xff, 0xff, 0xff, 0xfd, 0x0, 0x3d, 0xff,
    0xff, 0xff, 0xff, 0xff, 0xff, 0xff, 0xff, 0xff,
    0xff, 0xff, 0xfd, 0x30,

    /* U+F072 "" */
    0x0, 0x0, 0x0, 0x0, 0x2f, 0xff, 0xf4, 0x0,
    0x0, 0x0, 0x0, 0x0, 0x0, 0x0, 0x0, 0x0,
    0x0, 0x0, 0x1f, 0xff, 0xfd, 0x0, 0x0, 0x0,
    0x0, 0x0, 0x0, 0x0, 0x0, 0x0, 0x0, 0x0,
    0xc, 0xff, 0xff, 0x70, 0x0, 0x0, 0x0, 0x0,
    0x0, 0x0, 0x0, 0x0, 0x0, 0x0, 0x7, 0xff,
    0xff, 0xe1, 0x0, 0x0, 0x0, 0x0, 0x0, 0x0,
    0x0, 0x0, 0x0, 0x0, 0x3, 0xff, 0xff, 0xf9,
    0x0, 0x0, 0x0, 0x0, 0x0, 0x0, 0x0, 0x0,
    0x0, 0x0, 0x0, 0xef, 0xff, 0xff, 0x20, 0x0,
    0x0, 0x0, 0x0, 0x0, 0xd, 0xff, 0x60, 0x0,
    0x0, 0xaf, 0xff, 0xff, 0xb0, 0x0, 0x0, 0x0,
    0x0, 0x0, 0xd, 0xff, 0xf2, 0x0, 0x0, 0x5f,
    0xff, 0xff, 0xf4, 0x0, 0x0, 0x0, 0x0, 0x0,
    0x8, 0xff, 0xfd, 0x0, 0x0, 0x1f, 0xff, 0xff,
    0xfd, 0x0, 0x0, 0x0, 0x0, 0x0, 0x3, 0xff,
    0xff, 0xff, 0xff, 0xff, 0xff, 0xff, 0xff, 0xff,
    0xff, 0xff, 0xd8, 0x10, 0x0, 0xef, 0xff, 0xff,
    0xff, 0xff, 0xff, 0xff, 0xff, 0xff, 0xff, 0xff,
    0xff, 0xe4, 0x0, 0xaf, 0xff, 0xff, 0xff, 0xff,
    0xff, 0xff, 0xff, 0xff, 0xff, 0xff, 0xff, 0xfe,
    0x0, 0xaf, 0xff, 0xff, 0xff, 0xff, 0xff, 0xff,
    0xff, 0xff, 0xff, 0xff, 0xff, 0xfe, 0x0, 0xef,
    0xff, 0xff, 0xff, 0xff, 0xff, 0xff, 0xff, 0xff,
    0xff, 0xff, 0xff, 0xf4, 0x3, 0xff, 0xff, 0xff,
    0xff, 0xff, 0xff, 0xff, 0xff, 0xff, 0xff, 0xff,
    0xd8, 0x10, 0x8, 0xff, 0xfd, 0x0, 0x0, 0x1f,
    0xff, 0xff, 0xfd, 0x0, 0x0, 0x0, 0x0, 0x0,
    0xd, 0xff, 0xf2, 0x0, 0x0, 0x5f, 0xff, 0xff,
    0xf4, 0x0, 0x0, 0x0, 0x0, 0x0, 0xd, 0xff,
    0x60, 0x0, 0x0, 0xaf, 0xff, 0xff, 0xb0, 0x0,
    0x0, 0x0, 0x0, 0x0, 0x0, 0x0, 0x0, 0x0,
    0x0, 0xef, 0xff, 0xff, 0x20, 0x0, 0x0, 0x0,
    0x0, 0x0, 0x0, 0x0, 0x0, 0x0, 0x3, 0xff,
    0xff, 0xf9, 0x0, 0x0, 0x0, 0x0, 0x0, 0x0,
    0x0, 0x0, 0x0, 0x0, 0x7, 0xff, 0xff, 0xe1,
    0x0, 0x0, 0x0, 0x0, 0x0, 0x0, 0x0, 0x0,
    0x0, 0x0, 0xc, 0xff, 0xff, 0x70, 0x0, 0x0,
    0x0, 0x0, 0x0, 0x0, 0x0, 0x0, 0x0, 0x0,
    0x1f, 0xff, 0xfd, 0x0, 0x0, 0x0, 0x0, 0x0,
    0x0, 0x0, 0x0, 0x0, 0x0, 0x0, 0x2f, 0xff,
    0xf4, 0x0, 0x0, 0x0, 0x0, 0x0, 0x0, 0x0,

    /* U+F074 "" */
    0x0, 0x0, 0x0, 0x0, 0x0, 0x0, 0x0, 0x0,
    0x0, 0x69, 0x0, 0x0, 0x0, 0x0, 0x0, 0x0,
    0x0, 0x0, 0x0, 0x0, 0x0, 0xff, 0xc0, 0x0,
    0x0, 0x0, 0x0, 0x0, 0x0, 0x0, 0x0, 0x0,
    0x0, 0xff, 0xfc, 0x0, 0x9b, 0xbb, 0xbb, 0x30,
    0x0, 0x0, 0x0, 0x3b, 0xbb, 0xff, 0xff, 0xc0,
    0xff, 0xff, 0xff, 0xf3, 0x0, 0x0, 0x2, 0xef,
    0xff, 0xff, 0xff, 0xfb, 0xff, 0xff, 0xff, 0xfe,
    0x20, 0x0, 0x1e, 0xff, 0xff, 0xff, 0xff, 0xfe,
    0xff, 0xff, 0xff, 0xff, 0xe1, 0x1, 0xdf, 0xff,
    0xff, 0xff, 0xff, 0xe3, 0x0, 0x0, 0x3e, 0xff,
    0xe2, 0xc, 0xff, 0xfe, 0x20, 0xff, 0xfe, 0x30,
    0x0, 0x0, 0x3, 0xff, 0x30, 0xaf, 0xff, 0xf3,
    0x0, 0xff, 0xe3, 0x0, 0x0, 0x0, 0x0, 0x54,
    0x9, 0xff, 0xff, 0x40, 0x0, 0xbe, 0x30, 0x0,
    0x0, 0x0, 0x0, 0x0, 0x7f, 0xff, 0xf6, 0x0,
    0x0, 0x0, 0x0, 0x0, 0x0, 0x0, 0x0, 0x6,
    0xff, 0xff, 0x70, 0x0, 0x0, 0x0, 0x0, 0x0,
    0x0, 0x0, 0x0, 0x4f, 0xff, 0xf9, 0x4, 0x50,
    0x0, 0xbe, 0x30, 0x0, 0x0, 0x0, 0x3, 0xff,
    0xff, 0xa0, 0x3f, 0xf3, 0x0, 0xff, 0xe3, 0x0,
    0x0, 0x0, 0x2e, 0xff, 0xfc, 0x2, 0xef, 0xfe,
    0x30, 0xff, 0xfe, 0x30, 0xff, 0xff, 0xff, 0xff,
    0xd1, 0x1, 0xef, 0xff, 0xff, 0xff, 0xff, 0xe3,
    0xff, 0xff, 0xff, 0xfe, 0x10, 0x0, 0x2e, 0xff,
    0xff, 0xff, 0xff, 0xfe, 0xff, 0xff, 0xff, 0xe2,
    0x0, 0x0, 0x3, 0xff, 0xff, 0xff, 0xff, 0xfb,
    0x9b, 0xbb, 0xbb, 0x30, 0x0, 0x0, 0x0, 0x3b,
    0xbb, 0xff, 0xff, 0xc0, 0x0, 0x0, 0x0, 0x0,
    0x0, 0x0, 0x0, 0x0, 0x0, 0xff, 0xfc, 0x0,
    0x0, 0x0, 0x0, 0x0, 0x0, 0x0, 0x0, 0x0,
    0x0, 0xff, 0xc0, 0x0, 0x0, 0x0, 0x0, 0x0,
    0x0, 0x0, 0x0, 0x0, 0x0, 0x69, 0x0, 0x0,

    /* U+F077 "" */
    0x0, 0x0, 0x0, 0x0, 0x0, 0x20, 0x0, 0x0,
    0x0, 0x0, 0x0, 0x0, 0x0, 0x0, 0x0, 0xaf,
    0x90, 0x0, 0x0, 0x0, 0x0, 0x0, 0x0, 0x0,
    0x0, 0xaf, 0xff, 0x90, 0x0, 0x0, 0x0, 0x0,
    0x0, 0x0, 0x0, 0xaf, 0xff, 0xff, 0x90, 0x0,
    0x0, 0x0, 0x0, 0x0, 0x0, 0xaf, 0xff, 0xff,
    0xff, 0x90, 0x0, 0x0, 0x0, 0x0, 0x0, 0xaf,
    0xff, 0xfd, 0xff, 0xff, 0x90, 0x0, 0x0, 0x0,
    0x0, 0xaf, 0xff, 0xf9, 0xa, 0xff, 0xff, 0x90,
    0x0, 0x0, 0x0, 0xaf, 0xff, 0xf9, 0x0, 0xa,
    0xff, 0xff, 0x90, 0x0, 0x0, 0xaf, 0xff, 0xf9,
    0x0, 0x0, 0xa, 0xff, 0xff, 0x90, 0x0, 0xaf,
    0xff, 0xf9, 0x0, 0x0, 0x0, 0xa, 0xff, 0xff,
    0x90, 0x9f, 0xff, 0xf9, 0x0, 0x0, 0x0, 0x0,
    0xa, 0xff, 0xff, 0x79, 0xff, 0xf9, 0x0, 0x0,
    0x0, 0x0, 0x0, 0xa, 0xff, 0xf8, 0xb, 0xf9,
    0x0, 0x0, 0x0, 0x0, 0x0, 0x0, 0xa, 0xfa,
    0x0, 0x2, 0x0, 0x0, 0x0, 0x0, 0x0, 0x0,
    0x0, 0x2, 0x0,

    /* U+F078 "" */
    0x0, 0x20, 0x0, 0x0, 0x0, 0x0, 0x0, 0x0,
    0x0, 0x20, 0x0, 0xbf, 0x90, 0x0, 0x0, 0x0,
    0x0, 0x0, 0x0, 0xaf, 0xa0, 0x9f, 0xff, 0x90,
    0x0, 0x0, 0x0, 0x0, 0x0, 0xaf, 0xff, 0x89,
    0xff, 0xff, 0x90, 0x0, 0x0, 0x0, 0x0, 0xaf,
    0xff, 0xf7, 0xa, 0xff, 0xff, 0x90, 0x0, 0x0,
    0x0, 0xaf, 0xff, 0xf9, 0x0, 0xa, 0xff, 0xff,
    0x90, 0x0, 0x0, 0xaf, 0xff, 0xf9, 0x0, 0x0,
    0xa, 0xff, 0xff, 0x90, 0x0, 0xaf, 0xff, 0xf9,
    0x0, 0x0, 0x0, 0xa, 0xff, 0xff, 0x90, 0xaf,
    0xff, 0xf9, 0x0, 0x0, 0x0, 0x0, 0xa, 0xff,
    0xff, 0xdf, 0xff, 0xf9, 0x0, 0x0, 0x0, 0x0,
    0x0, 0xa, 0xff, 0xff, 0xff, 0xf9, 0x0, 0x0,
    0x0, 0x0, 0x0, 0x0, 0xa, 0xff, 0xff, 0xf9,
    0x0, 0x0, 0x0, 0x0, 0x0, 0x0, 0x0, 0xa,
    0xff, 0xf9, 0x0, 0x0, 0x0, 0x0, 0x0, 0x0,
    0x0, 0x0, 0xa, 0xf9, 0x0, 0x0, 0x0, 0x0,
    0x0, 0x0, 0x0, 0x0, 0x0, 0x2, 0x0, 0x0,
    0x0, 0x0, 0x0,

    /* U+F079 "" */
    0x0, 0x0, 0x3, 0xd9, 0x0, 0x0, 0x0, 0x0,
    0x0, 0x0, 0x0, 0x0, 0x0, 0x0, 0x0, 0x0,
    0x0, 0x3, 0xef, 0xfa, 0x0, 0x0, 0x34, 0x44,
    0x44, 0x44, 0x44, 0x44, 0x10, 0x0, 0x0, 0x0,
    0x3, 0xef, 0xff, 0xfa, 0x0, 0x7f, 0xff, 0xff,
    0xff, 0xff, 0xff, 0xff, 0x0, 0x0, 0x0, 0x3,
    0xef, 0xff, 0xff, 0xfa, 0x5, 0xff, 0xff, 0xff,
    0xff, 0xff, 0xff, 0xf1, 0x0, 0x0, 0x3, 0xff,
    0xff, 0xff, 0xff, 0xfb, 0x5, 0xbb, 0xbb, 0xbb,
    0xbb, 0xbf, 0xff, 0x10, 0x0, 0x0, 0xef, 0xfe,
    0xdf, 0xfb, 0xff, 0xf8, 0x0, 0x0, 0x0, 0x0,
    0x0, 0xef, 0xf1, 0x0, 0x0, 0xd, 0xfe, 0x2b,
    0xff, 0x48, 0xff, 0x60, 0x0, 0x0, 0x0, 0x0,
    0xe, 0xff, 0x10, 0x0, 0x0, 0x17, 0x20, 0xbf,
    0xf4, 0x5, 0x50, 0x0, 0x0, 0x0, 0x0, 0x0,
    0xef, 0xf1, 0x0, 0x0, 0x0, 0x0, 0xb, 0xff,
    0x40, 0x0, 0x0, 0x0, 0x0, 0x0, 0x0, 0xe,
    0xff, 0x10, 0x0, 0x0, 0x0, 0x0, 0xbf, 0xf4,
    0x0, 0x0, 0x0, 0x0, 0x0, 0x0, 0x0, 0xef,
    0xf1, 0x0, 0x0, 0x0, 0x0, 0xb, 0xff, 0x40,
    0x0, 0x0, 0x0, 0x0, 0x0, 0x0, 0xe, 0xff,
    0x10, 0x0, 0x0, 0x0, 0x0, 0xbf, 0xf4, 0x0,
    0x0, 0x0, 0x0, 0x0, 0xaf, 0x70, 0xef, 0xf1,
    0x4f, 0xc0, 0x0, 0x0, 0xb, 0xff, 0x40, 0x0,
    0x0, 0x0, 0x0, 0x3f, 0xff, 0x6e, 0xff, 0x5f,
    0xff, 0x60, 0x0, 0x0, 0xbf, 0xf7, 0x44, 0x44,
    0x44, 0x44, 0x20, 0xcf, 0xff, 0xff, 0xff, 0xff,
    0xd1, 0x0, 0x0, 0xb, 0xff, 0xff, 0xff, 0xff,
    0xff, 0xff, 0x50, 0xbf, 0xff, 0xff, 0xff, 0xd1,
    0x0, 0x0, 0x0, 0xbf, 0xff, 0xff, 0xff, 0xff,
    0xff, 0xfe, 0x0, 0xbf, 0xff, 0xff, 0xd1, 0x0,
    0x0, 0x0, 0x4, 0xbb, 0xbb, 0xbb, 0xbb, 0xbb,
    0xbb, 0x60, 0x0, 0xbf, 0xff, 0xd1, 0x0, 0x0,
    0x0, 0x0, 0x0, 0x0, 0x0, 0x0, 0x0, 0x0,
    0x0, 0x0, 0x0, 0xbf, 0xd1, 0x0, 0x0, 0x0,
    0x0, 0x0, 0x0, 0x0, 0x0, 0x0, 0x0, 0x0,
    0x0, 0x0, 0x0, 0x40, 0x0, 0x0, 0x0,

    /* U+F07A "" */
    0xd, 0xff, 0xff, 0xf9, 0x0, 0x0, 0x0, 0x0,
    0x0, 0x0, 0x0, 0x0, 0x0, 0x0, 0x2f, 0xff,
    0xff, 0xff, 0x0, 0x0, 0x0, 0x0, 0x0, 0x0,
    0x0, 0x0, 0x0, 0x0, 0xd, 0xff, 0xff, 0xff,
    0x30, 0x0, 0x0, 0x0, 0x0, 0x0, 0x0, 0x0,
    0x0, 0x0, 0x0, 0x0, 0xa, 0xff, 0xff, 0xff,
    0xff, 0xff, 0xff, 0xff, 0xff, 0xff, 0xff, 0xf9,
    0x0, 0x0, 0x6, 0xff, 0xff, 0xff, 0xff, 0xff,
    0xff, 0xff, 0xff, 0xff, 0xff, 0xfc, 0x0, 0x0,
    0x3, 0xff, 0xff, 0xff, 0xff, 0xff, 0xff, 0xff,
    0xff, 0xff, 0xff, 0xf8, 0x0, 0x0, 0x0, 0xff,
    0xff, 0xff, 0xff, 0xff, 0xff, 0xff, 0xff, 0xff,
    0xff, 0xf5, 0x0, 0x0, 0x0, 0xdf, 0xff, 0xff,
    0xff, 0xff, 0xff, 0xff, 0xff, 0xff, 0xff, 0xf1,
    0x0, 0x0, 0x0, 0xaf, 0xff, 0xff, 0xff, 0xff,
    0xff, 0xff, 0xff, 0xff, 0xff, 0xe0, 0x0, 0x0,
    0x0, 0x6f, 0xff, 0xff, 0xff, 0xff, 0xff, 0xff,
    0xff, 0xff, 0xff, 0xa0, 0x0, 0x0, 0x0, 0x3f,
    0xff, 0xff, 0xff, 0xff, 0xff, 0xff, 0xff, 0xff,
    0xff, 0x60, 0x0, 0x0, 0x0, 0xf, 0xff, 0xff,
    0xff, 0xff, 0xff, 0xff, 0xff, 0xff, 0xff, 0x30,
    0x0, 0x0, 0x0, 0xd, 0xff, 0xff, 0xff, 0xff,
    0xff, 0xff, 0xff, 0xff, 0xff, 0x0, 0x0, 0x0,
    0x0, 0x9, 0xff, 0xff, 0xff, 0xff, 0xff, 0xff,
    0xff, 0xff, 0xfb, 0x0, 0x0, 0x0, 0x0, 0x6,
    0xff, 0xff, 0xff, 0xff, 0xff, 0xff, 0xff, 0xff,
    0xf5, 0x0, 0x0, 0x0, 0x0, 0x3, 0xff, 0xe0,
    0x0, 0x0, 0x0, 0x0, 0x0, 0x0, 0x0, 0x0,
    0x0, 0x0, 0x0, 0x0, 0xff, 0xf4, 0x44, 0x44,
    0x44, 0x44, 0x44, 0x44, 0x0, 0x0, 0x0, 0x0,
    0x0, 0x0, 0xdf, 0xff, 0xff, 0xff, 0xff, 0xff,
    0xff, 0xff, 0xa0, 0x0, 0x0, 0x0, 0x0, 0x0,
    0x9f, 0xff, 0xff, 0xff, 0xff, 0xff, 0xff, 0xff,
    0xa0, 0x0, 0x0, 0x0, 0x0, 0x0, 0xbf, 0xff,
    0xbb, 0xbb, 0xbb, 0xbb, 0xbe, 0xff, 0xc1, 0x0,
    0x0, 0x0, 0x0, 0x8, 0xff, 0xff, 0x30, 0x0,
    0x0, 0x0, 0xe, 0xff, 0xfb, 0x0, 0x0, 0x0,
    0x0, 0xb, 0xff, 0xff, 0x60, 0x0, 0x0, 0x0,
    0x3f, 0xff, 0xff, 0x0, 0x0, 0x0, 0x0, 0x8,
    0xff, 0xff, 0x40, 0x0, 0x0, 0x0, 0x1f, 0xff,
    0xfc, 0x0, 0x0, 0x0, 0x0, 0x1, 0xcf, 0xf8,
    0x0, 0x0, 0x0, 0x0, 0x6, 0xff, 0xe2, 0x0,
    0x0, 0x0, 0x0, 0x0, 0x2, 0x10, 0x0, 0x0,
    0x0, 0x0, 0x0, 0x2, 0x0, 0x0,

    /* U+F07B "" */
    0x3d, 0xff, 0xff, 0xff, 0xff, 0x40, 0x0, 0x0,
    0x0, 0x0, 0x0, 0x0, 0xdf, 0xff, 0xff, 0xff,
    0xff, 0xf4, 0x0, 0x0, 0x0, 0x0, 0x0, 0x0,
    0xff, 0xff, 0xff, 0xff, 0xff, 0xff, 0x40, 0x0,
    0x0, 0x0, 0x0, 0x0, 0xff, 0xff, 0xff, 0xff,
    0xff, 0xff, 0xff, 0xff, 0xff, 0xff, 0xff, 0xd3,
    0xff, 0xff, 0xff, 0xff, 0xff, 0xff, 0xff, 0xff,
    0xff, 0xff, 0xff, 0xfd, 0xff, 0xff, 0xff, 0xff,
    0xff, 0xff, 0xff, 0xff, 0xff, 0xff, 0xff, 0xff,
    0xff, 0xff, 0xff, 0xff, 0xff, 0xff, 0xff, 0xff,
    0xff, 0xff, 0xff, 0xff, 0xff, 0xff, 0xff, 0xff,
    0xff, 0xff, 0xff, 0xff, 0xff, 0xff, 0xff, 0xff,
    0xff, 0xff, 0xff, 0xff, 0xff, 0xff, 0xff, 0xff,
    0xff, 0xff, 0xff, 0xff, 0xff, 0xff, 0xff, 0xff,
    0xff, 0xff, 0xff, 0xff, 0xff, 0xff, 0xff, 0xff,
    0xff, 0xff, 0xff, 0xff, 0xff, 0xff, 0xff, 0xff,
    0xff, 0xff, 0xff, 0xff, 0xff, 0xff, 0xff, 0xff,
    0xff, 0xff, 0xff, 0xff, 0xff, 0xff, 0xff, 0xff,
    0xff, 0xff, 0xff, 0xff, 0xff, 0xff, 0xff, 0xff,
    0xff, 0xff, 0xff, 0xff, 0xff, 0xff, 0xff, 0xff,
    0xff, 0xff, 0xff, 0xff, 0xff, 0xff, 0xff, 0xff,
    0xff, 0xff, 0xff, 0xff, 0xff, 0xff, 0xff, 0xff,
    0xff, 0xff, 0xff, 0xff, 0xff, 0xff, 0xff, 0xff,
    0xff, 0xff, 0xff, 0xff, 0xff, 0xff, 0xff, 0xff,
    0xdf, 0xff, 0xff, 0xff, 0xff, 0xff, 0xff, 0xff,
    0xff, 0xff, 0xff, 0xfd, 0x3d, 0xff, 0xff, 0xff,
    0xff, 0xff, 0xff, 0xff, 0xff, 0xff, 0xff, 0xd3,

    /* U+F091 "" */
    0x0, 0x0, 0x0, 0xbf, 0xff, 0xff, 0xff, 0xff,
    0xff, 0xff, 0xb0, 0x0, 0x0, 0x0, 0x0, 0x0,
    0xf, 0xff, 0xff, 0xff, 0xff, 0xff, 0xff, 0xff,
    0x0, 0x0, 0x0, 0x0, 0x0, 0x0, 0xff, 0xff,
    0xff, 0xff, 0xff, 0xff, 0xff, 0xf0, 0x0, 0x0,
    0xb, 0xff, 0xff, 0xff, 0xff, 0xff, 0xff, 0xff,
    0xff, 0xff, 0xff, 0xff, 0xff, 0xfb, 0xff, 0xff,
    0xff, 0xff, 0xff, 0xff, 0xff, 0xff, 0xff, 0xff,
    0xff, 0xff, 0xff, 0xff, 0xff, 0xff, 0xff, 0xff,
    0xff, 0xff, 0xff, 0xff, 0xff, 0xff, 0xff, 0xff,
    0xff, 0xff, 0xf0, 0x0, 0xff, 0xff, 0xff, 0xff,
    0xff, 0xff, 0xff, 0xf0, 0x0, 0xff, 0xfe, 0xff,
    0x30, 0xd, 0xff, 0xff, 0xff, 0xff, 0xff, 0xff,
    0xfd, 0x0, 0x3f, 0xfe, 0x9f, 0xfd, 0x20, 0xbf,
    0xff, 0xff, 0xff, 0xff, 0xff, 0xff, 0xb0, 0x2e,
    0xff, 0x92, 0xef, 0xff, 0x89, 0xff, 0xff, 0xff,
    0xff, 0xff, 0xff, 0xf9, 0x8f, 0xff, 0xe2, 0x4,
    0xff, 0xff, 0xff, 0xff, 0xff, 0xff, 0xff, 0xff,
    0xff, 0xff, 0xff, 0xf4, 0x0, 0x2, 0xdf, 0xff,
    0xff, 0xff, 0xff, 0xff, 0xff, 0xff, 0xff, 0xff,
    0xd2, 0x0, 0x0, 0x0, 0x6c, 0xff, 0xff, 0xff,
    0xff, 0xff, 0xff, 0xff, 0xfc, 0x60, 0x0, 0x0,
    0x0, 0x0, 0x1, 0x5d, 0xff, 0xff, 0xff, 0xff,
    0xfd, 0x51, 0x0, 0x0, 0x0, 0x0, 0x0, 0x0,
    0x0, 0x2f, 0xff, 0xff, 0xff, 0xff, 0x30, 0x0,
    0x0, 0x0, 0x0, 0x0, 0x0, 0x0, 0x0, 0x5f,
    0xff, 0xff, 0xff, 0x60, 0x0, 0x0, 0x0, 0x0,
    0x0, 0x0, 0x0, 0x0, 0x0, 0x5f, 0xff, 0xff,
    0x50, 0x0, 0x0, 0x0, 0x0, 0x0, 0x0, 0x0,
    0x0, 0x0, 0x0, 0xcf, 0xff, 0xc0, 0x0, 0x0,
    0x0, 0x0, 0x0, 0x0, 0x0, 0x0, 0x0, 0x0,
    0xc, 0xff, 0xfc, 0x0, 0x0, 0x0, 0x0, 0x0,
    0x0, 0x0, 0x0, 0x0, 0x0, 0x0, 0xcf, 0xff,
    0xc0, 0x0, 0x0, 0x0, 0x0, 0x0, 0x0, 0x0,
    0x0, 0x6, 0xac, 0xcf, 0xff, 0xff, 0xcc, 0xa6,
    0x0, 0x0, 0x0, 0x0, 0x0, 0x0, 0x8, 0xff,
    0xff, 0xff, 0xff, 0xff, 0xff, 0xf8, 0x0, 0x0,
    0x0, 0x0, 0x0, 0x0, 0xef, 0xff, 0xff, 0xff,
    0xff, 0xff, 0xff, 0xe0, 0x0, 0x0, 0x0, 0x0,
    0x0, 0xe, 0xff, 0xff, 0xff, 0xff, 0xff, 0xff,
    0xfe, 0x0, 0x0, 0x0,

    /* U+F093 "" */
    0x0, 0x0, 0x0, 0x0, 0x0, 0xa, 0xa0, 0x0,
    0x0, 0x0, 0x0, 0x0, 0x0, 0x0, 0x0, 0x0,
    0x0, 0xbf, 0xfb, 0x0, 0x0, 0x0, 0x0, 0x0,
    0x0, 0x0, 0x0, 0x0, 0xb, 0xff, 0xff, 0xb0,
    0x0, 0x0, 0x0, 0x0, 0x0, 0x0, 0x0, 0x0,
    0xbf, 0xff, 0xff, 0xfb, 0x0, 0x0, 0x0, 0x0,
    0x0, 0x0, 0x0, 0xb, 0xff, 0xff, 0xff, 0xff,
    0xb0, 0x0, 0x0, 0x0, 0x0, 0x0, 0x0, 0xbf,
    0xff, 0xff, 0xff, 0xff, 0xfb, 0x0, 0x0, 0x0,
    0x0, 0x0, 0xb, 0xff, 0xff, 0xff, 0xff, 0xff,
    0xff, 0xb0, 0x0, 0x0, 0x0, 0x0, 0xbf, 0xff,
    0xff, 0xff, 0xff, 0xff, 0xff, 0xfa, 0x0, 0x0,
    0x0, 0x0, 0xef, 0xff, 0xff, 0xff, 0xff, 0xff,
    0xff, 0xfe, 0x0, 0x0, 0x0, 0x0, 0x2, 0x22,
    0x2f, 0xff, 0xff, 0xf2, 0x22, 0x20, 0x0, 0x0,
    0x0, 0x0, 0x0, 0x0, 0xf, 0xff, 0xff, 0xf0,
    0x0, 0x0, 0x0, 0x0, 0x0, 0x0, 0x0, 0x0,
    0xf, 0xff, 0xff, 0xf0, 0x0, 0x0, 0x0, 0x0,
    0x0, 0x0, 0x0, 0x0, 0xf, 0xff, 0xff, 0xf0,
    0x0, 0x0, 0x0, 0x0, 0x0, 0x0, 0x0, 0x0,
    0xf, 0xff, 0xff, 0xf0, 0x0, 0x0, 0x0, 0x0,
    0x0, 0x0, 0x0, 0x0, 0xf, 0xff, 0xff, 0xf0,
    0x0, 0x0, 0x0, 0x0, 0x0, 0x0, 0x0, 0x0,
    0xf, 0xff, 0xff, 0xf0, 0x0, 0x0, 0x0, 0x0,
    0x25, 0x55, 0x55, 0x52, 0xf, 0xff, 0xff, 0xf0,
    0x25, 0x55, 0x55, 0x52, 0xef, 0xff, 0xff, 0xf9,
    0xc, 0xff, 0xff, 0xc0, 0x9f, 0xff, 0xff, 0xfe,
    0xff, 0xff, 0xff, 0xff, 0x20, 0x1, 0x10, 0x2,
    0xff, 0xff, 0xff, 0xff, 0xff, 0xff, 0xff, 0xff,
    0xf9, 0x88, 0x88, 0x9f, 0xff, 0xff, 0xff, 0xff,
    0xff, 0xff, 0xff, 0xff, 0xff, 0xff, 0xff, 0xff,
    0xff, 0xff, 0xff, 0xff, 0xff, 0xff, 0xff, 0xff,
    0xff, 0xff, 0xff, 0xff, 0x71, 0xe7, 0x1e, 0xff,
    0xff, 0xff, 0xff, 0xff, 0xff, 0xff, 0xff, 0xff,
    0xb6, 0xfb, 0x6f, 0xff, 0xbf, 0xff, 0xff, 0xff,
    0xff, 0xff, 0xff, 0xff, 0xff, 0xff, 0xff, 0xfb,

    /* U+F095 "" */
    0x0, 0x0, 0x0, 0x0, 0x0, 0x0, 0x0, 0x0,
    0x0, 0x0, 0x0, 0x0, 0x0, 0x0, 0x0, 0x0,
    0x0, 0x0, 0x0, 0x0, 0x0, 0xd, 0xea, 0x63,
    0x0, 0x0, 0x0, 0x0, 0x0, 0x0, 0x0, 0x0,
    0x0, 0x6, 0xff, 0xff, 0xff, 0x80, 0x0, 0x0,
    0x0, 0x0, 0x0, 0x0, 0x0, 0x0, 0xdf, 0xff,
    0xff, 0xff, 0x0, 0x0, 0x0, 0x0, 0x0, 0x0,
    0x0, 0x0, 0x4f, 0xff, 0xff, 0xff, 0xf0, 0x0,
    0x0, 0x0, 0x0, 0x0, 0x0, 0x0, 0xa, 0xff,
    0xff, 0xff, 0xfe, 0x0, 0x0, 0x0, 0x0, 0x0,
    0x0, 0x0, 0x1, 0xff, 0xff, 0xff, 0xff, 0xc0,
    0x0, 0x0, 0x0, 0x0, 0x0, 0x0, 0x0, 0x4f,
    0xff, 0xff, 0xff, 0xf9, 0x0, 0x0, 0x0, 0x0,
    0x0, 0x0, 0x0, 0x0, 0x9f, 0xff, 0xff, 0xff,
    0x60, 0x0, 0x0, 0x0, 0x0, 0x0, 0x0, 0x0,
    0x0, 0x6f, 0xff, 0xff, 0xf2, 0x0, 0x0, 0x0,
    0x0, 0x0, 0x0, 0x0, 0x0, 0x0, 0x6f, 0xff,
    0xfc, 0x0, 0x0, 0x0, 0x0, 0x0, 0x0, 0x0,
    0x0, 0x0, 0xa, 0xff, 0xff, 0x60, 0x0, 0x0,
    0x0, 0x0, 0x0, 0x0, 0x0, 0x0, 0x4, 0xff,
    0xff, 0xe0, 0x0, 0x0, 0x0, 0x0, 0x0, 0x0,
    0x0, 0x0, 0x1, 0xdf, 0xff, 0xf7, 0x0, 0x0,
    0x0, 0x0, 0x0, 0x0, 0x0, 0x0, 0x0, 0xbf,
    0xff, 0xfd, 0x0, 0x0, 0x0, 0x0, 0x1, 0x40,
    0x0, 0x0, 0x0, 0xaf, 0xff, 0xff, 0x30, 0x0,
    0x0, 0x0, 0x3a, 0xff, 0xa0, 0x0, 0x1, 0xbf,
    0xff, 0xff, 0x70, 0x0, 0x0, 0x5, 0xcf, 0xff,
    0xff, 0x70, 0x3, 0xdf, 0xff, 0xff, 0xa0, 0x0,
    0x0, 0xd, 0xff, 0xff, 0xff, 0xff, 0x6a, 0xff,
    0xff, 0xff, 0xb0, 0x0, 0x0, 0x0, 0xef, 0xff,
    0xff, 0xff, 0xff, 0xff, 0xff, 0xff, 0xa0, 0x0,
    0x0, 0x0, 0xa, 0xff, 0xff, 0xff, 0xff, 0xff,
    0xff, 0xff, 0x70, 0x0, 0x0, 0x0, 0x0, 0x6f,
    0xff, 0xff, 0xff, 0xff, 0xff, 0xfd, 0x30, 0x0,
    0x0, 0x0, 0x0, 0x3, 0xff, 0xff, 0xff, 0xff,
    0xff, 0xe7, 0x0, 0x0, 0x0, 0x0, 0x0, 0x0,
    0xf, 0xff, 0xff, 0xff, 0xfc, 0x60, 0x0, 0x0,
    0x0, 0x0, 0x0, 0x0, 0x0, 0x8f, 0xfe, 0xc9,
    0x62, 0x0, 0x0, 0x0, 0x0, 0x0, 0x0, 0x0,
    0x0,

    /* U+F0A4 "" */
    0x0, 0x0, 0x0, 0x0, 0x0, 0x0, 0xbf, 0xb0,
    0x0, 0x0, 0x0, 0x0, 0x0, 0x0, 0x0, 0x0,
    0x0, 0x8, 0xff, 0xf8, 0x0, 0x0, 0x0, 0x0,
    0x0, 0x0, 0x0, 0x0, 0x0, 0x6f, 0xff, 0xfa,
    0x0, 0x0, 0x0, 0x0, 0x0, 0x0, 0x0, 0x0,
    0x1a, 0xff, 0xff, 0xf4, 0x0, 0x0, 0x0, 0x0,
    0x0, 0x0, 0x0, 0x18, 0xff, 0xff, 0xff, 0xfb,
    0xbb, 0xbb, 0xba, 0x81, 0x7b, 0xca, 0x14, 0xff,
    0xff, 0xff, 0xff, 0xff, 0xff, 0xff, 0xff, 0xfb,
    0xff, 0xff, 0x6c, 0xff, 0xff, 0xff, 0xff, 0xff,
    0xff, 0xff, 0xff, 0xff, 0xff, 0xff, 0x6d, 0xff,
    0xff, 0xff, 0xff, 0xff, 0xff, 0xff, 0xff, 0xf8,
    0xff, 0xff, 0x6d, 0xff, 0xff, 0xff, 0xff, 0xff,
    0xf9, 0x66, 0x66, 0x30, 0xff, 0xff, 0x6d, 0xff,
    0xff, 0xff, 0xff, 0xff, 0xfa, 0x0, 0x0, 0x0,
    0xff, 0xff, 0x6d, 0xff, 0xff, 0xff, 0xff, 0xff,
    0xfa, 0x0, 0x0, 0x0, 0xff, 0xff, 0x6d, 0xff,
    0xff, 0xff, 0xff, 0xff, 0xf2, 0x0, 0x0, 0x0,
    0xff, 0xff, 0x6d, 0xff, 0xff, 0xff, 0xff, 0xff,
    0xf1, 0x0, 0x0, 0x0, 0xfb, 0x7f, 0x6d, 0xff,
    0xff, 0xff, 0xff, 0xff, 0xf0, 0x0, 0x0, 0x0,
    0xf6, 0xf, 0x6d, 0xff, 0xff, 0xff, 0xff, 0xff,
    0x60, 0x0, 0x0, 0x0, 0xff, 0xef, 0x5b, 0xff,
    0xff, 0xff, 0xff, 0xff, 0x20, 0x0, 0x0, 0x0,
    0x47, 0x86, 0x0, 0x4a, 0xff, 0xff, 0xff, 0xfe,
    0x0, 0x0, 0x0, 0x0, 0x0, 0x0, 0x0, 0x0,
    0x17, 0xcf, 0xfe, 0xb2, 0x0, 0x0, 0x0, 0x0,

    /* U+F0A6 "" */
    0x0, 0x0, 0x1b, 0xf8, 0x0, 0x0, 0x0, 0x0,
    0x0, 0x0, 0x0, 0x8f, 0xff, 0x30, 0x0, 0x0,
    0x0, 0x0, 0x0, 0x0, 0xaf, 0xff, 0x60, 0x0,
    0x0, 0x0, 0x0, 0x0, 0x0, 0xbf, 0xff, 0x60,
    0x0, 0x0, 0x0, 0x0, 0x0, 0x0, 0xbf, 0xff,
    0x60, 0x0, 0x0, 0x0, 0x0, 0x0, 0x0, 0xbf,
    0xff, 0x60, 0x0, 0x0, 0x0, 0x0, 0x0, 0x0,
    0xbf, 0xff, 0x9a, 0x92, 0x10, 0x0, 0x0, 0x0,
    0x0, 0xbf, 0xff, 0xff, 0xff, 0xff, 0x52, 0x0,
    0x8, 0xa4, 0xbf, 0xff, 0xff, 0xff, 0xff, 0xff,
    0xe2, 0xaf, 0xff, 0xff, 0xff, 0xff, 0xff, 0xff,
    0xff, 0xfa, 0xff, 0xff, 0xff, 0xff, 0xff, 0xff,
    0xff, 0xff, 0xfe, 0xbf, 0xff, 0xff, 0xff, 0xff,
    0xff, 0xff, 0xff, 0xff, 0x8, 0xff, 0xff, 0xff,
    0xff, 0xff, 0xff, 0xff, 0xff, 0x0, 0x6f, 0xff,
    0xff, 0xff, 0xff, 0xff, 0xff, 0xfd, 0x0, 0xb,
    0xff, 0xff, 0xff, 0xff, 0xff, 0xff, 0xf8, 0x0,
    0x2, 0xff, 0xff, 0xff, 0xff, 0xff, 0xff, 0xf2,
    0x0, 0x0, 0x8f, 0xff, 0xff, 0xff, 0xff, 0xff,
    0xa0, 0x0, 0x0, 0x1f, 0xff, 0xff, 0xff, 0xff,
    0xff, 0x40, 0x0, 0x0, 0x4, 0xce, 0xee, 0xee,
    0xee, 0xec, 0x0, 0x0, 0x0, 0x1, 0x55, 0x55,
    0x55, 0x55, 0x55, 0x0, 0x0, 0x0, 0xa, 0xff,
    0xff, 0xff, 0xff, 0xff, 0x60, 0x0, 0x0, 0xc,
    0xff, 0xff, 0xff, 0xf7, 0x1e, 0x80, 0x0, 0x0,
    0xb, 0xff, 0xff, 0xff, 0xfb, 0x6f, 0x70, 0x0,
    0x0, 0x7, 0xff, 0xff, 0xff, 0xff, 0xff, 0x40,

    /* U+F0C2 "" */
    0x0, 0x0, 0x0, 0x0, 0x0, 0x13, 0x31, 0x0,
    0x0, 0x0, 0x0, 0x0, 0x0, 0x0, 0x0, 0x0,
    0x0, 0x0, 0x0, 0x6d, 0xff, 0xff, 0xd6, 0x0,
    0x0, 0x0, 0x0, 0x0, 0x0, 0x0, 0x0, 0x0,
    0x0, 0xb, 0xff, 0xff, 0xff, 0xff, 0xb1, 0x0,
    0x0, 0x0, 0x0, 0x0, 0x0, 0x0, 0x0, 0x0,
    0xcf, 0xff, 0xff, 0xff, 0xff, 0xfc, 0x0, 0x33,
    0x0, 0x0, 0x0, 0x0, 0x0, 0x0, 0x7, 0xff,
    0xff, 0xff, 0xff, 0xff, 0xff, 0xbf, 0xff, 0xf8,
    0x0, 0x0, 0x0, 0x0, 0x0, 0xf, 0xff, 0xff,
    0xff, 0xff, 0xff, 0xff, 0xff, 0xff, 0xff, 0x90,
    0x0, 0x0, 0x0, 0x0, 0x4f, 0xff, 0xff, 0xff,
    0xff, 0xff, 0xff, 0xff, 0xff, 0xff, 0xf2, 0x0,
    0x0, 0x0, 0x0, 0x6f, 0xff, 0xff, 0xff, 0xff,
    0xff, 0xff, 0xff, 0xff, 0xff, 0xf6, 0x0, 0x0,
    0x0, 0x0, 0xaf, 0xff, 0xff, 0xff, 0xff, 0xff,
    0xff, 0xff, 0xff, 0xff, 0xf7, 0x0, 0x0, 0x0,
    0x4e, 0xff, 0xff, 0xff, 0xff, 0xff, 0xff, 0xff,
    0xff, 0xff, 0xff, 0xf5, 0x0, 0x0, 0x4, 0xff,
    0xff, 0xff, 0xff, 0xff, 0xff, 0xff, 0xff, 0xff,
    0xff, 0xff, 0xff, 0xb2, 0x0, 0x1e, 0xff, 0xff,
    0xff, 0xff, 0xff, 0xff, 0xff, 0xff, 0xff, 0xff,
    0xff, 0xff, 0xff, 0x40, 0x8f, 0xff, 0xff, 0xff,
    0xff, 0xff, 0xff, 0xff, 0xff, 0xff, 0xff, 0xff,
    0xff, 0xff, 0xe1, 0xdf, 0xff, 0xff, 0xff, 0xff,
    0xff, 0xff, 0xff, 0xff, 0xff, 0xff, 0xff, 0xff,
    0xff, 0xf8, 0xff, 0xff, 0xff, 0xff, 0xff, 0xff,
    0xff, 0xff, 0xff, 0xff, 0xff, 0xff, 0xff, 0xff,
    0xfd, 0xff, 0xff, 0xff, 0xff, 0xff, 0xff, 0xff,
    0xff, 0xff, 0xff, 0xff, 0xff, 0xff, 0xff, 0xff,
    0xdf, 0xff, 0xff, 0xff, 0xff, 0xff, 0xff, 0xff,
    0xff, 0xff, 0xff, 0xff, 0xff, 0xff, 0xfe, 0x8f,
    0xff, 0xff, 0xff, 0xff, 0xff, 0xff, 0xff, 0xff,
    0xff, 0xff, 0xff, 0xff, 0xff, 0xfb, 0x1e, 0xff,
    0xff, 0xff, 0xff, 0xff, 0xff, 0xff, 0xff, 0xff,
    0xff, 0xff, 0xff, 0xff, 0xf4, 0x4, 0xff, 0xff,
    0xff, 0xff, 0xff, 0xff, 0xff, 0xff, 0xff, 0xff,
    0xff, 0xff, 0xff, 0x90, 0x0, 0x3d, 0xff, 0xff,
    0xff, 0xff, 0xff, 0xff, 0xff, 0xff, 0xff, 0xff,
    0xff, 0xf9, 0x0, 0x0, 0x0, 0x59, 0xbb, 0xbb,
    0xbb, 0xbb, 0xbb, 0xbb, 0xbb, 0xbb, 0xbb, 0xa8,
    0x20, 0x0,

    /* U+F0C4 "" */
    0x0, 0x2, 0x42, 0x0, 0x0, 0x0, 0x0, 0x0,
    0x0, 0x0, 0x0, 0x2, 0xcf, 0xff, 0xc2, 0x0,
    0x0, 0x0, 0x0, 0x37, 0x73, 0x0, 0x2e, 0xff,
    0xff, 0xfe, 0x20, 0x0, 0x0, 0x8, 0xff, 0xff,
    0x90, 0xaf, 0xff, 0xcf, 0xff, 0xa0, 0x0, 0x0,
    0x9f, 0xff, 0xff, 0xb0, 0xef, 0xf4, 0x4, 0xff,
    0xe0, 0x0, 0x9, 0xff, 0xff, 0xfb, 0x0, 0xff,
    0xf1, 0x1, 0xff, 0xf0, 0x0, 0x9f, 0xff, 0xff,
    0xb0, 0x0, 0xcf, 0xfb, 0x5b, 0xff, 0xc0, 0x9,
    0xff, 0xff, 0xfb, 0x0, 0x0, 0x5f, 0xff, 0xff,
    0xff, 0xf5, 0x9f, 0xff, 0xff, 0xb0, 0x0, 0x0,
    0x8, 0xff, 0xff, 0xff, 0xff, 0xff, 0xff, 0xfb,
    0x0, 0x0, 0x0, 0x0, 0x39, 0xbe, 0xff, 0xff,
    0xff, 0xff, 0xb0, 0x0, 0x0, 0x0, 0x0, 0x0,
    0x2, 0xef, 0xff, 0xff, 0xfb, 0x0, 0x0, 0x0,
    0x0, 0x0, 0x0, 0x0, 0xaf, 0xff, 0xff, 0xf5,
    0x0, 0x0, 0x0, 0x0, 0x0, 0x2, 0x4a, 0xff,
    0xff, 0xff, 0xff, 0x50, 0x0, 0x0, 0x0, 0x2,
    0xcf, 0xff, 0xff, 0xff, 0xff, 0xff, 0xf5, 0x0,
    0x0, 0x0, 0x2e, 0xff, 0xff, 0xff, 0xfb, 0xef,
    0xff, 0xff, 0x50, 0x0, 0x0, 0xaf, 0xff, 0xcf,
    0xff, 0xd0, 0x2e, 0xff, 0xff, 0xf5, 0x0, 0x0,
    0xef, 0xf4, 0x4, 0xff, 0xe0, 0x2, 0xef, 0xff,
    0xff, 0x50, 0x0, 0xff, 0xf1, 0x1, 0xff, 0xf0,
    0x0, 0x2e, 0xff, 0xff, 0xf5, 0x0, 0xcf, 0xfb,
    0x5b, 0xff, 0xc0, 0x0, 0x2, 0xef, 0xff, 0xff,
    0x50, 0x5f, 0xff, 0xff, 0xff, 0x50, 0x0, 0x0,
    0x2e, 0xff, 0xff, 0xd0, 0x8, 0xff, 0xff, 0xf8,
    0x0, 0x0, 0x0, 0x1, 0xae, 0xea, 0x20, 0x0,
    0x39, 0xb9, 0x30, 0x0, 0x0, 0x0, 0x0, 0x0,
    0x0, 0x0,

    /* U+F0C5 "" */
    0x0, 0x0, 0x0, 0xbf, 0xff, 0xff, 0xff, 0xf0,
    0x7a, 0x0, 0x0, 0x0, 0x0, 0xf, 0xff, 0xff,
    0xff, 0xff, 0x8, 0xfb, 0x0, 0x0, 0x0, 0x0,
    0xff, 0xff, 0xff, 0xff, 0xf0, 0x8f, 0xfb, 0x0,
    0x0, 0x0, 0xf, 0xff, 0xff, 0xff, 0xff, 0x8,
    0xff, 0xfa, 0x47, 0x88, 0x40, 0xff, 0xff, 0xff,
    0xff, 0xf0, 0x48, 0x88, 0x7f, 0xff, 0xf8, 0xf,
    0xff, 0xff, 0xff, 0xff, 0x40, 0x0, 0x0, 0xff,
    0xff, 0x80, 0xff, 0xff, 0xff, 0xff, 0xff, 0xff,
    0xff, 0xff, 0xff, 0xf8, 0xf, 0xff, 0xff, 0xff,
    0xff, 0xff, 0xff, 0xff, 0xff, 0xff, 0x80, 0xff,
    0xff, 0xff, 0xff, 0xff, 0xff, 0xff, 0xff, 0xff,
    0xf8, 0xf, 0xff, 0xff, 0xff, 0xff, 0xff, 0xff,
    0xff, 0xff, 0xff, 0x80, 0xff, 0xff, 0xff, 0xff,
    0xff, 0xff, 0xff, 0xff, 0xff, 0xf8, 0xf, 0xff,
    0xff, 0xff, 0xff, 0xff, 0xff, 0xff, 0xff, 0xff,
    0x80, 0xff, 0xff, 0xff, 0xff, 0xff, 0xff, 0xff,
    0xff, 0xff, 0xf8, 0xf, 0xff, 0xff, 0xff, 0xff,
    0xff, 0xff, 0xff, 0xff, 0xff, 0x80, 0xff, 0xff,
    0xff, 0xff, 0xff, 0xff, 0xff, 0xff, 0xff, 0xf8,
    0xf, 0xff, 0xff, 0xff, 0xff, 0xff, 0xff, 0xff,
    0xff, 0xff, 0x80, 0xff, 0xff, 0xff, 0xff, 0xff,
    0xff, 0xff, 0xff, 0xff, 0xf8, 0xf, 0xff, 0xff,
    0xff, 0xff, 0xff, 0xff, 0xff, 0xff, 0xff, 0x80,
    0xff, 0xff, 0xff, 0xff, 0xff, 0xff, 0xff, 0xff,
    0xff, 0xfc, 0x4, 0x78, 0x88, 0x88, 0x88, 0x88,
    0x88, 0x74, 0xff, 0xff, 0xfa, 0x10, 0x0, 0x0,
    0x0, 0x0, 0x0, 0x0, 0xf, 0xff, 0xff, 0xff,
    0xff, 0xff, 0xff, 0xff, 0x0, 0x0, 0x0, 0xff,
    0xff, 0xff, 0xff, 0xff, 0xff, 0xff, 0xf0, 0x0,
    0x0, 0xb, 0xff, 0xff, 0xff, 0xff, 0xff, 0xff,
    0xfb, 0x0, 0x0, 0x0,

    /* U+F0C7 "" */
    0x1, 0x44, 0x44, 0x44, 0x44, 0x44, 0x44, 0x42,
    0x0, 0x0, 0x6, 0xff, 0xff, 0xff, 0xff, 0xff,
    0xff, 0xff, 0xf8, 0x0, 0x0, 0xef, 0xff, 0xff,
    0xff, 0xff, 0xff, 0xff, 0xff, 0xf8, 0x0, 0xf,
    0xff, 0xcb, 0xbb, 0xbb, 0xbb, 0xbb, 0xbd, 0xff,
    0xf8, 0x0, 0xff, 0xf0, 0x0, 0x0, 0x0, 0x0,
    0x0, 0xf, 0xff, 0xf8, 0xf, 0xff, 0x0, 0x0,
    0x0, 0x0, 0x0, 0x0, 0xff, 0xff, 0xf7, 0xff,
    0xf0, 0x0, 0x0, 0x0, 0x0, 0x0, 0xf, 0xff,
    0xff, 0xef, 0xff, 0x0, 0x0, 0x0, 0x0, 0x0,
    0x0, 0xff, 0xff, 0xff, 0xff, 0xf0, 0x0, 0x0,
    0x0, 0x0, 0x0, 0xf, 0xff, 0xff, 0xff, 0xff,
    0x54, 0x44, 0x44, 0x44, 0x44, 0x45, 0xff, 0xff,
    0xff, 0xff, 0xff, 0xff, 0xff, 0xff, 0xff, 0xff,
    0xff, 0xff, 0xff, 0xff, 0xff, 0xff, 0xff, 0xff,
    0xff, 0xff, 0xff, 0xff, 0xff, 0xff, 0xff, 0xff,
    0xff, 0xff, 0xfe, 0xce, 0xff, 0xff, 0xff, 0xff,
    0xff, 0xff, 0xff, 0xff, 0xf8, 0x0, 0x8, 0xff,
    0xff, 0xff, 0xff, 0xff, 0xff, 0xff, 0xfc, 0x0,
    0x0, 0xc, 0xff, 0xff, 0xff, 0xff, 0xff, 0xff,
    0xff, 0x80, 0x0, 0x0, 0x8f, 0xff, 0xff, 0xff,
    0xff, 0xff, 0xff, 0xfa, 0x0, 0x0, 0xa, 0xff,
    0xff, 0xff, 0xff, 0xff, 0xff, 0xff, 0xf2, 0x0,
    0x2, 0xff, 0xff, 0xff, 0xff, 0xff, 0xff, 0xff,
    0xff, 0xf7, 0x57, 0xff, 0xff, 0xff, 0xff, 0xff,
    0xff, 0xff, 0xff, 0xff, 0xff, 0xff, 0xff, 0xff,
    0xff, 0xff, 0xbf, 0xff, 0xff, 0xff, 0xff, 0xff,
    0xff, 0xff, 0xff, 0xff, 0xb1, 0x8b, 0xbb, 0xbb,
    0xbb, 0xbb, 0xbb, 0xbb, 0xbb, 0xbb, 0x81,

    /* U+F0C9 "" */
    0x13, 0x33, 0x33, 0x33, 0x33, 0x33, 0x33, 0x33,
    0x33, 0x33, 0x1f, 0xff, 0xff, 0xff, 0xff, 0xff,
    0xff, 0xff, 0xff, 0xff, 0xfe, 0xff, 0xff, 0xff,
    0xff, 0xff, 0xff, 0xff, 0xff, 0xff, 0xff, 0xff,
    0xff, 0xff, 0xff, 0xff, 0xff, 0xff, 0xff, 0xff,
    0xff, 0xfe, 0x13, 0x33, 0x33, 0x33, 0x33, 0x33,
    0x33, 0x33, 0x33, 0x33, 0x10, 0x0, 0x0, 0x0,
    0x0, 0x0, 0x0, 0x0, 0x0, 0x0, 0x0, 0x0,
    0x0, 0x0, 0x0, 0x0, 0x0, 0x0, 0x0, 0x0,
    0x0, 0x0, 0x0, 0x0, 0x0, 0x0, 0x0, 0x0,
    0x0, 0x0, 0x0, 0x0, 0x57, 0x77, 0x77, 0x77,
    0x77, 0x77, 0x77, 0x77, 0x77, 0x77, 0x5f, 0xff,
    0xff, 0xff, 0xff, 0xff, 0xff, 0xff, 0xff, 0xff,
    0xff, 0xff, 0xff, 0xff, 0xff, 0xff, 0xff, 0xff,
    0xff, 0xff, 0xff, 0xfc, 0xee, 0xee, 0xee, 0xee,
    0xee, 0xee, 0xee, 0xee, 0xee, 0xeb, 0x0, 0x0,
    0x0, 0x0, 0x0, 0x0, 0x0, 0x0, 0x0, 0x0,
    0x0, 0x0, 0x0, 0x0, 0x0, 0x0, 0x0, 0x0,
    0x0, 0x0, 0x0, 0x0, 0x0, 0x0, 0x0, 0x0,
    0x0, 0x0, 0x0, 0x0, 0x0, 0x1, 0x33, 0x33,
    0x33, 0x33, 0x33, 0x33, 0x33, 0x33, 0x33, 0x31,
    0xff, 0xff, 0xff, 0xff, 0xff, 0xff, 0xff, 0xff,
    0xff, 0xff, 0xef, 0xff, 0xff, 0xff, 0xff, 0xff,
    0xff, 0xff, 0xff, 0xff, 0xff, 0xff, 0xff, 0xff,
    0xff, 0xff, 0xff, 0xff, 0xff, 0xff, 0xff, 0xe1,
    0x33, 0x33, 0x33, 0x33, 0x33, 0x33, 0x33, 0x33,
    0x33, 0x31,

    /* U+F0E0 "" */
    0x3d, 0xff, 0xff, 0xff, 0xff, 0xff, 0xff, 0xff,
    0xff, 0xff, 0xff, 0xd3, 0xdf, 0xff, 0xff, 0xff,
    0xff, 0xff, 0xff, 0xff, 0xff, 0xff, 0xff, 0xfd,
    0xff, 0xff, 0xff, 0xff, 0xff, 0xff, 0xff, 0xff,
    0xff, 0xff, 0xff, 0xff, 0xef, 0xff, 0xff, 0xff,
    0xff, 0xff, 0xff, 0xff, 0xff, 0xff, 0xff, 0xfe,
    0x2d, 0xff, 0xff, 0xff, 0xff, 0xff, 0xff, 0xff,
    0xff, 0xff, 0xff, 0xd2, 0x0, 0x9f, 0xff, 0xff,
    0xff, 0xff, 0xff, 0xff, 0xff, 0xff, 0xf9, 0x0,
    0xe4, 0x5, 0xff, 0xff, 0xff, 0xff, 0xff, 0xff,
    0xff, 0xff, 0x50, 0x4e, 0xff, 0x80, 0x2c, 0xff,
    0xff, 0xff, 0xff, 0xff, 0xff, 0xc2, 0x8, 0xff,
    0xff, 0xfc, 0x20, 0x8f, 0xff, 0xff, 0xff, 0xff,
    0xf9, 0x1, 0xcf, 0xff, 0xff, 0xff, 0xf5, 0x4,
    0xef, 0xff, 0xff, 0xfe, 0x40, 0x5e, 0xff, 0xff,
    0xff, 0xff, 0xff, 0x90, 0x1c, 0xff, 0xff, 0xb1,
    0x9, 0xff, 0xff, 0xff, 0xff, 0xff, 0xff, 0xfd,
    0x20, 0x6d, 0xd6, 0x2, 0xdf, 0xff, 0xff, 0xff,
    0xff, 0xff, 0xff, 0xff, 0xf6, 0x0, 0x0, 0x6f,
    0xff, 0xff, 0xff, 0xff, 0xff, 0xff, 0xff, 0xff,
    0xff, 0xd9, 0x9d, 0xff, 0xff, 0xff, 0xff, 0xff,
    0xff, 0xff, 0xff, 0xff, 0xff, 0xff, 0xff, 0xff,
    0xff, 0xff, 0xff, 0xff, 0xff, 0xff, 0xff, 0xff,
    0xff, 0xff, 0xff, 0xff, 0xff, 0xff, 0xff, 0xff,
    0xdf, 0xff, 0xff, 0xff, 0xff, 0xff, 0xff, 0xff,
    0xff, 0xff, 0xff, 0xfd, 0x3d, 0xff, 0xff, 0xff,
    0xff, 0xff, 0xff, 0xff, 0xff, 0xff, 0xff, 0xd3,

    /* U+F0E7 "" */
    0x0, 0x4f, 0xff, 0xff, 0xff, 0xf3, 0x0, 0x0,
    0x0, 0x9, 0xff, 0xff, 0xff, 0xff, 0x60, 0x0,
    0x0, 0x0, 0xbf, 0xff, 0xff, 0xff, 0xf1, 0x0,
    0x0, 0x0, 0xd, 0xff, 0xff, 0xff, 0xfc, 0x0,
    0x0, 0x0, 0x0, 0xff, 0xff, 0xff, 0xff, 0x70,
    0x0, 0x0, 0x0, 0x1f, 0xff, 0xff, 0xff, 0xf2,
    0x0, 0x0, 0x0, 0x3, 0xff, 0xff, 0xff, 0xfc,
    0x0, 0x0, 0x0, 0x0, 0x5f, 0xff, 0xff, 0xff,
    0xc8, 0x88, 0x87, 0x30, 0x8, 0xff, 0xff, 0xff,
    0xff, 0xff, 0xff, 0xff, 0x0, 0xaf, 0xff, 0xff,
    0xff, 0xff, 0xff, 0xff, 0xa0, 0xc, 0xff, 0xff,
    0xff, 0xff, 0xff, 0xff, 0xf2, 0x0, 0xef, 0xff,
    0xff, 0xff, 0xff, 0xff, 0xf8, 0x0, 0xf, 0xff,
    0xff, 0xff, 0xff, 0xff, 0xfe, 0x0, 0x0, 0x37,
    0x88, 0x88, 0xaf, 0xff, 0xff, 0x50, 0x0, 0x0,
    0x0, 0x0, 0x8, 0xff, 0xff, 0xc0, 0x0, 0x0,
    0x0, 0x0, 0x0, 0xcf, 0xff, 0xf3, 0x0, 0x0,
    0x0, 0x0, 0x0, 0xf, 0xff, 0xfa, 0x0, 0x0,
    0x0, 0x0, 0x0, 0x3, 0xff, 0xff, 0x10, 0x0,
    0x0, 0x0, 0x0, 0x0, 0x7f, 0xff, 0x70, 0x0,
    0x0, 0x0, 0x0, 0x0, 0xb, 0xff, 0xd0, 0x0,
    0x0, 0x0, 0x0, 0x0, 0x0, 0xff, 0xf4, 0x0,
    0x0, 0x0, 0x0, 0x0, 0x0, 0x3f, 0xfb, 0x0,
    0x0, 0x0, 0x0, 0x0, 0x0, 0x6, 0xff, 0x20,
    0x0, 0x0, 0x0, 0x0, 0x0, 0x0, 0x4f, 0x70,
    0x0, 0x0, 0x0, 0x0,

    /* U+F0E9 "" */
    0x0, 0x0, 0x0, 0x0, 0x0, 0x0, 0x8, 0xf8,
    0x0, 0x0, 0x0, 0x0, 0x0, 0x0, 0x0, 0x0,
    0x0, 0x0, 0x0, 0x0, 0x0, 0xff, 0xf0, 0x0,
    0x0, 0x0, 0x0, 0x0, 0x0, 0x0, 0x0, 0x0,
    0x0, 0x0, 0x26, 0x8f, 0xff, 0x96, 0x20, 0x0,
    0x0, 0x0, 0x0, 0x0, 0x0, 0x0, 0x0, 0x5,
    0xcf, 0xff, 0xff, 0xff, 0xff, 0xc5, 0x0, 0x0,
    0x0, 0x0, 0x0, 0x0, 0x0, 0x3d, 0xff, 0xff,
    0xff, 0xff, 0xff, 0xff, 0xfd, 0x30, 0x0, 0x0,
    0x0, 0x0, 0x0, 0x7f, 0xff, 0xff, 0xff, 0xff,
    0xff, 0xff, 0xff, 0xff, 0x60, 0x0, 0x0, 0x0,
    0x0, 0x7f, 0xff, 0xff, 0xff, 0xff, 0xff, 0xff,
    0xff, 0xff, 0xff, 0x70, 0x0, 0x0, 0x0, 0x6f,
    0xff, 0xff, 0xff, 0xff, 0xff, 0xff, 0xff, 0xff,
    0xff, 0xff, 0x60, 0x0, 0x0, 0x2f, 0xff, 0xff,
    0xff, 0xff, 0xff, 0xff, 0xff, 0xff, 0xff, 0xff,
    0xff, 0x20, 0x0, 0xa, 0xff, 0xff, 0xff, 0xff,
    0xff, 0xff, 0xff, 0xff, 0xff, 0xff, 0xff, 0xfa,
    0x0, 0x2, 0xff, 0xff, 0xff, 0xff, 0xff, 0xff,
    0xff, 0xff, 0xff, 0xff, 0xff, 0xff, 0xf2, 0x0,
    0x8f, 0xff, 0xff, 0xff, 0xff, 0xff, 0xff, 0xff,
    0xff, 0xff, 0xff, 0xff, 0xff, 0x80, 0xc, 0xf7,
    0x0, 0x5e, 0xff, 0xff, 0xa2, 0x3, 0xaf, 0xff,
    0xfe, 0x60, 0x16, 0xfc, 0x0, 0xb3, 0x0, 0x0,
    0x2e, 0xff, 0x90, 0x27, 0x20, 0x8f, 0xfe, 0x20,
    0x0, 0x2, 0xb0, 0x0, 0x0, 0x0, 0x0, 0x4f,
    0xd0, 0xf, 0xff, 0x0, 0xcf, 0x40, 0x0, 0x0,
    0x0, 0x0, 0x0, 0x0, 0x0, 0x0, 0x73, 0x0,
    0xff, 0xf0, 0x2, 0x70, 0x0, 0x0, 0x0, 0x0,
    0x0, 0x0, 0x0, 0x0, 0x0, 0x0, 0xf, 0xff,
    0x0, 0x0, 0x0, 0x0, 0x0, 0x0, 0x0, 0x0,
    0x0, 0x0, 0x0, 0x0, 0x0, 0xff, 0xf0, 0x0,
    0x0, 0x0, 0x0, 0x0, 0x0, 0x0, 0x0, 0x0,
    0x0, 0x0, 0x0, 0xf, 0xff, 0x0, 0x0, 0x0,
    0x0, 0x0, 0x0, 0x0, 0x0, 0x0, 0x0, 0x0,
    0x46, 0x0, 0xff, 0xf0, 0x0, 0x0, 0x0, 0x0,
    0x0, 0x0, 0x0, 0x0, 0x0, 0x0, 0x3f, 0xf9,
    0x2f, 0xff, 0x0, 0x0, 0x0, 0x0, 0x0, 0x0,
    0x0, 0x0, 0x0, 0x0, 0x3, 0xff, 0xff, 0xff,
    0xc0, 0x0, 0x0, 0x0, 0x0, 0x0, 0x0, 0x0,
    0x0, 0x0, 0x0, 0xb, 0xff, 0xff, 0xf3, 0x0,
    0x0, 0x0, 0x0, 0x0, 0x0, 0x0, 0x0, 0x0,
    0x0, 0x0, 0x8, 0xef, 0xc3, 0x0, 0x0, 0x0,
    0x0, 0x0, 0x0, 0x0,

    /* U+F0EA "" */
    0x0, 0x0, 0x3, 0xdf, 0xd3, 0x0, 0x0, 0x0,
    0x0, 0x0, 0x4, 0x78, 0x88, 0xff, 0xef, 0xf8,
    0x88, 0x74, 0x0, 0x0, 0x0, 0xff, 0xff, 0xff,
    0x90, 0x9f, 0xff, 0xff, 0xf0, 0x0, 0x0, 0xf,
    0xff, 0xff, 0xf9, 0x9, 0xff, 0xff, 0xff, 0x0,
    0x0, 0x0, 0xff, 0xff, 0xff, 0xfe, 0xff, 0xff,
    0xff, 0xf0, 0x0, 0x0, 0xf, 0xff, 0xff, 0xff,
    0xff, 0xff, 0xff, 0xff, 0x0, 0x0, 0x0, 0xff,
    0xff, 0xff, 0xe5, 0x0, 0x0, 0x0, 0x0, 0x0,
    0x0, 0xf, 0xff, 0xff, 0xf4, 0x7, 0x88, 0x88,
    0x88, 0x3, 0x30, 0x0, 0xff, 0xff, 0xff, 0x7,
    0xff, 0xff, 0xff, 0xf0, 0x8f, 0x40, 0xf, 0xff,
    0xff, 0xf0, 0x8f, 0xff, 0xff, 0xff, 0x8, 0xff,
    0x40, 0xff, 0xff, 0xff, 0x8, 0xff, 0xff, 0xff,
    0xf0, 0x8f, 0xff, 0x4f, 0xff, 0xff, 0xf0, 0x8f,
    0xff, 0xff, 0xff, 0x8, 0xff, 0xfe, 0xff, 0xff,
    0xff, 0x8, 0xff, 0xff, 0xff, 0xf0, 0x0, 0x0,
    0xf, 0xff, 0xff, 0xf0, 0x8f, 0xff, 0xff, 0xff,
    0xb8, 0x88, 0x88, 0xff, 0xff, 0xff, 0x8, 0xff,
    0xff, 0xff, 0xff, 0xff, 0xff, 0xff, 0xff, 0xff,
    0xf0, 0x8f, 0xff, 0xff, 0xff, 0xff, 0xff, 0xff,
    0xff, 0xff, 0xff, 0x8, 0xff, 0xff, 0xff, 0xff,
    0xff, 0xff, 0xff, 0xff, 0xff, 0xf0, 0x8f, 0xff,
    0xff, 0xff, 0xff, 0xff, 0xff, 0xff, 0xff, 0xff,
    0x8, 0xff, 0xff, 0xff, 0xff, 0xff, 0xff, 0xf4,
    0x78, 0x88, 0x80, 0x8f, 0xff, 0xff, 0xff, 0xff,
    0xff, 0xff, 0x0, 0x0, 0x0, 0x8, 0xff, 0xff,
    0xff, 0xff, 0xff, 0xff, 0xf0, 0x0, 0x0, 0x0,
    0x8f, 0xff, 0xff, 0xff, 0xff, 0xff, 0xff, 0x0,
    0x0, 0x0, 0x7, 0xff, 0xff, 0xff, 0xff, 0xff,
    0xff, 0xf0, 0x0, 0x0, 0x0, 0x4f, 0xff, 0xff,
    0xff, 0xff, 0xff, 0xfb,

    /* U+F0F3 "" */
    0x0, 0x0, 0x0, 0x0, 0x8, 0xf8, 0x0, 0x0,
    0x0, 0x0, 0x0, 0x0, 0x0, 0x0, 0x0, 0xff,
    0xf0, 0x0, 0x0, 0x0, 0x0, 0x0, 0x0, 0x0,
    0x1, 0x5f, 0xff, 0x51, 0x0, 0x0, 0x0, 0x0,
    0x0, 0x0, 0x8, 0xff, 0xff, 0xff, 0xf8, 0x0,
    0x0, 0x0, 0x0, 0x0, 0xc, 0xff, 0xff, 0xff,
    0xff, 0xfb, 0x0, 0x0, 0x0, 0x0, 0xa, 0xff,
    0xff, 0xff, 0xff, 0xff, 0xf9, 0x0, 0x0, 0x0,
    0x4, 0xff, 0xff, 0xff, 0xff, 0xff, 0xff, 0xf3,
    0x0, 0x0, 0x0, 0xaf, 0xff, 0xff, 0xff, 0xff,
    0xff, 0xff, 0x90, 0x0, 0x0, 0xe, 0xff, 0xff,
    0xff, 0xff, 0xff, 0xff, 0xfd, 0x0, 0x0, 0x0,
    0xff, 0xff, 0xff, 0xff, 0xff, 0xff, 0xff, 0xf0,
    0x0, 0x0, 0xf, 0xff, 0xff, 0xff, 0xff, 0xff,
    0xff, 0xff, 0x0, 0x0, 0x1, 0xff, 0xff, 0xff,
    0xff, 0xff, 0xff, 0xff, 0xf1, 0x0, 0x0, 0x4f,
    0xff, 0xff, 0xff, 0xff, 0xff, 0xff, 0xff, 0x40,
    0x0, 0x8, 0xff, 0xff, 0xff, 0xff, 0xff, 0xff,
    0xff, 0xf8, 0x0, 0x0, 0xdf, 0xff, 0xff, 0xff,
    0xff, 0xff, 0xff, 0xff, 0xd0, 0x0, 0x5f, 0xff,
    0xff, 0xff, 0xff, 0xff, 0xff, 0xff, 0xff, 0x50,
    0x3f, 0xff, 0xff, 0xff, 0xff, 0xff, 0xff, 0xff,
    0xff, 0xff, 0x3d, 0xff, 0xff, 0xff, 0xff, 0xff,
    0xff, 0xff, 0xff, 0xff, 0xfd, 0xdf, 0xff, 0xff,
    0xff, 0xff, 0xff, 0xff, 0xff, 0xff, 0xff, 0xd2,
    0x78, 0x88, 0x88, 0x88, 0x88, 0x88, 0x88, 0x88,
    0x88, 0x72, 0x0, 0x0, 0x0, 0x0, 0x0, 0x0,
    0x0, 0x0, 0x0, 0x0, 0x0, 0x0, 0x0, 0x0,
    0x6f, 0xff, 0xff, 0x60, 0x0, 0x0, 0x0, 0x0,
    0x0, 0x0, 0x1, 0xff, 0xff, 0xe1, 0x0, 0x0,
    0x0, 0x0, 0x0, 0x0, 0x0, 0x3, 0xcf, 0xc3,
    0x0, 0x0, 0x0, 0x0,

    /* U+F0F4 "" */
    0x0, 0x0, 0x0, 0x44, 0x44, 0x44, 0x44, 0x44,
    0x44, 0x44, 0x44, 0x44, 0x43, 0x0, 0x0, 0x0,
    0x0, 0x0, 0x9f, 0xff, 0xff, 0xff, 0xff, 0xff,
    0xff, 0xff, 0xff, 0xff, 0xff, 0x91, 0x0, 0x0,
    0x0, 0xb, 0xff, 0xff, 0xff, 0xff, 0xff, 0xff,
    0xff, 0xff, 0xff, 0xff, 0xff, 0xd1, 0x0, 0x0,
    0x0, 0xbf, 0xff, 0xff, 0xff, 0xff, 0xff, 0xff,
    0xff, 0xff, 0xcb, 0xdf, 0xff, 0xc0, 0x0, 0x0,
    0xb, 0xff, 0xff, 0xff, 0xff, 0xff, 0xff, 0xff,
    0xff, 0xf4, 0x0, 0x5f, 0xff, 0x50, 0x0, 0x0,
    0xbf, 0xff, 0xff, 0xff, 0xff, 0xff, 0xff, 0xff,
    0xff, 0x40, 0x0, 0x8f, 0xfa, 0x0, 0x0, 0xb,
    0xff, 0xff, 0xff, 0xff, 0xff, 0xff, 0xff, 0xff,
    0xf4, 0x0, 0x4, 0xff, 0xc0, 0x0, 0x0, 0xbf,
    0xff, 0xff, 0xff, 0xff, 0xff, 0xff, 0xff, 0xff,
    0x40, 0x0, 0x6f, 0xfb, 0x0, 0x0, 0xb, 0xff,
    0xff, 0xff, 0xff, 0xff, 0xff, 0xff, 0xff, 0xf4,
    0x0, 0xd, 0xff, 0x70, 0x0, 0x0, 0xbf, 0xff,
    0xff, 0xff, 0xff, 0xff, 0xff, 0xff, 0xff, 0x74,
    0x6d, 0xff, 0xf1, 0x0, 0x0, 0xb, 0xff, 0xff,
    0xff, 0xff, 0xff, 0xff, 0xff, 0xff, 0xff, 0xff,
    0xff, 0xf6, 0x0, 0x0, 0x0, 0xbf, 0xff, 0xff,
    0xff, 0xff, 0xff, 0xff, 0xff, 0xff, 0xff, 0xff,
    0xf6, 0x0, 0x0, 0x0, 0xb, 0xff, 0xff, 0xff,
    0xff, 0xff, 0xff, 0xff, 0xff, 0xfc, 0xba, 0x71,
    0x0, 0x0, 0x0, 0x0, 0xaf, 0xff, 0xff, 0xff,
    0xff, 0xff, 0xff, 0xff, 0xff, 0x30, 0x0, 0x0,
    0x0, 0x0, 0x0, 0x5, 0xff, 0xff, 0xff, 0xff,
    0xff, 0xff, 0xff, 0xff, 0xe0, 0x0, 0x0, 0x0,
    0x0, 0x0, 0x0, 0xb, 0xff, 0xff, 0xff, 0xff,
    0xff, 0xff, 0xff, 0xf4, 0x0, 0x0, 0x0, 0x0,
    0x0, 0x0, 0x0, 0x9, 0xff, 0xff, 0xff, 0xff,
    0xff, 0xff, 0xd4, 0x0, 0x0, 0x0, 0x0, 0x0,
    0x0, 0x0, 0x0, 0x0, 0x33, 0x33, 0x33, 0x33,
    0x33, 0x20, 0x0, 0x0, 0x0, 0x0, 0x0, 0x4,
    0x44, 0x44, 0x44, 0x44, 0x44, 0x44, 0x44, 0x44,
    0x44, 0x44, 0x44, 0x44, 0x44, 0x40, 0x3, 0xff,
    0xff, 0xff, 0xff, 0xff, 0xff, 0xff, 0xff, 0xff,
    0xff, 0xff, 0xff, 0xff, 0xff, 0x30, 0xe, 0xff,
    0xff, 0xff, 0xff, 0xff, 0xff, 0xff, 0xff, 0xff,
    0xff, 0xff, 0xff, 0xff, 0xe0, 0x0, 0x2a, 0xbb,
    0xbb, 0xbb, 0xbb, 0xbb, 0xbb, 0xbb, 0xbb, 0xbb,
    0xbb, 0xbb, 0xbb, 0x92, 0x0,

    /* U+F0FC "" */
    0x14, 0x44, 0x44, 0x44, 0x44, 0x44, 0x44, 0x10,
    0x0, 0x0, 0xe, 0xff, 0xff, 0xff, 0xff, 0xff,
    0xff, 0xfe, 0x0, 0x0, 0x0, 0xff, 0xff, 0xff,
    0xff, 0xff, 0xff, 0xff, 0xf0, 0x0, 0x0, 0xf,
    0xff, 0xff, 0xff, 0xff, 0xff, 0xff, 0xff, 0x44,
    0x41, 0x0, 0xff, 0xff, 0xff, 0xff, 0xff, 0xff,
    0xff, 0xff, 0xff, 0xf7, 0xf, 0xff, 0xfc, 0x6f,
    0xff, 0x6c, 0xff, 0xff, 0xff, 0xff, 0xf6, 0xff,
    0xff, 0x80, 0xff, 0xf0, 0x8f, 0xff, 0xfb, 0xbd,
    0xff, 0xdf, 0xff, 0xf8, 0xf, 0xff, 0x8, 0xff,
    0xff, 0x0, 0xf, 0xff, 0xff, 0xff, 0x80, 0xff,
    0xf0, 0x8f, 0xff, 0xf0, 0x0, 0xff, 0xff, 0xff,
    0xf8, 0xf, 0xff, 0x8, 0xff, 0xff, 0x0, 0xf,
    0xff, 0xff, 0xff, 0x80, 0xff, 0xf0, 0x8f, 0xff,
    0xf0, 0x0, 0xff, 0xff, 0xff, 0xf8, 0xf, 0xff,
    0x8, 0xff, 0xff, 0x0, 0xf, 0xff, 0xff, 0xff,
    0x80, 0xff, 0xf0, 0x8f, 0xff, 0xf0, 0x0, 0xff,
    0xff, 0xff, 0xf8, 0xf, 0xff, 0x8, 0xff, 0xff,
    0x0, 0x1f, 0xff, 0xff, 0xff, 0x80, 0xff, 0xf0,
    0x8f, 0xff, 0xf1, 0x8e, 0xff, 0xcf, 0xff, 0xf8,
    0xf, 0xff, 0x8, 0xff, 0xff, 0xff, 0xff, 0xf4,
    0xff, 0xff, 0xa2, 0xff, 0xf2, 0xaf, 0xff, 0xff,
    0xff, 0xd4, 0xf, 0xff, 0xff, 0xff, 0xff, 0xff,
    0xff, 0xff, 0xfc, 0x50, 0x0, 0xff, 0xff, 0xff,
    0xff, 0xff, 0xff, 0xff, 0xf3, 0x0, 0x0, 0xf,
    0xff, 0xff, 0xff, 0xff, 0xff, 0xff, 0xff, 0x0,
    0x0, 0x0, 0xff, 0xff, 0xff, 0xff, 0xff, 0xff,
    0xff, 0xf0, 0x0, 0x0, 0x4, 0x78, 0x88, 0x88,
    0x88, 0x88, 0x88, 0x74, 0x0, 0x0, 0x0,

    /* U+F118 "" */
    0x0, 0x0, 0x0, 0x0, 0x48, 0xab, 0xa8, 0x51,
    0x0, 0x0, 0x0, 0x0, 0x0, 0x0, 0x0, 0x8f,
    0xff, 0xff, 0xff, 0xff, 0xa2, 0x0, 0x0, 0x0,
    0x0, 0x0, 0x4e, 0xff, 0xff, 0xff, 0xff, 0xff,
    0xff, 0x60, 0x0, 0x0, 0x0, 0x5, 0xff, 0xff,
    0xff, 0xff, 0xff, 0xff, 0xff, 0xf9, 0x0, 0x0,
    0x0, 0x4f, 0xff, 0xff, 0xff, 0xff, 0xff, 0xff,
    0xff, 0xff, 0x70, 0x0, 0x1, 0xef, 0xff, 0xff,
    0xff, 0xff, 0xff, 0xff, 0xff, 0xff, 0xf4, 0x0,
    0xa, 0xff, 0xff, 0xff, 0xff, 0xff, 0xff, 0xff,
    0xff, 0xff, 0xfd, 0x0, 0x2f, 0xff, 0xff, 0xff,
    0xff, 0xff, 0xff, 0xff, 0xff, 0xff, 0xff, 0x50,
    0x7f, 0xff, 0xff, 0xd3, 0x5f, 0xff, 0xff, 0x83,
    0xbf, 0xff, 0xff, 0xb0, 0xbf, 0xff, 0xff, 0x60,
    0xb, 0xff, 0xfe, 0x0, 0x3f, 0xff, 0xff, 0xf0,
    0xdf, 0xff, 0xff, 0x90, 0xd, 0xff, 0xff, 0x10,
    0x5f, 0xff, 0xff, 0xf1, 0xff, 0xff, 0xff, 0xfb,
    0xdf, 0xff, 0xff, 0xeb, 0xff, 0xff, 0xff, 0xf3,
    0xff, 0xff, 0xff, 0xff, 0xff, 0xff, 0xff, 0xff,
    0xff, 0xff, 0xff, 0xf3, 0xdf, 0xff, 0xff, 0xff,
    0xff, 0xff, 0xff, 0xff, 0xff, 0xff, 0xff, 0xf1,
    0xbf, 0xff, 0xff, 0xff, 0xff, 0xff, 0xff, 0xff,
    0xff, 0xff, 0xff, 0xf0, 0x7f, 0xff, 0xff, 0x24,
    0xff, 0xff, 0xff, 0xf8, 0xe, 0xff, 0xff, 0xb0,
    0x2f, 0xff, 0xff, 0x90, 0x2b, 0xff, 0xfc, 0x50,
    0x5f, 0xff, 0xff, 0x50, 0xa, 0xff, 0xff, 0xf9,
    0x0, 0x1, 0x0, 0x6, 0xff, 0xff, 0xfd, 0x0,
    0x1, 0xff, 0xff, 0xff, 0xe8, 0x42, 0x36, 0xcf,
    0xff, 0xff, 0xf4, 0x0, 0x0, 0x4f, 0xff, 0xff,
    0xff, 0xff, 0xff, 0xff, 0xff, 0xff, 0x80, 0x0,
    0x0, 0x6, 0xff, 0xff, 0xff, 0xff, 0xff, 0xff,
    0xff, 0xf9, 0x0, 0x0, 0x0, 0x0, 0x4e, 0xff,
    0xff, 0xff, 0xff, 0xff, 0xff, 0x70, 0x0, 0x0,
    0x0, 0x0, 0x0, 0x8f, 0xff, 0xff, 0xff, 0xff,
    0xa2, 0x0, 0x0, 0x0, 0x0, 0x0, 0x0, 0x0,
    0x48, 0xab, 0xa9, 0x51, 0x0, 0x0, 0x0, 0x0,

    /* U+F119 "" */
    0x0, 0x0, 0x0, 0x0, 0x48, 0xab, 0xa8, 0x51,
    0x0, 0x0, 0x0, 0x0, 0x0, 0x0, 0x0, 0x8f,
    0xff, 0xff, 0xff, 0xff, 0xa1, 0x0, 0x0, 0x0,
    0x0, 0x0, 0x3e, 0xff, 0xff, 0xff, 0xff, 0xff,
    0xff, 0x60, 0x0, 0x0, 0x0, 0x5, 0xff, 0xff,
    0xff, 0xff, 0xff, 0xff, 0xff, 0xf9, 0x0, 0x0,
    0x0, 0x4f, 0xff, 0xff, 0xff, 0xff, 0xff, 0xff,
    0xff, 0xff, 0x70, 0x0, 0x1, 0xef, 0xff, 0xff,
    0xff, 0xff, 0xff, 0xff, 0xff, 0xff, 0xf4, 0x0,
    0x9, 0xff, 0xff, 0xff, 0xff, 0xff, 0xff, 0xff,
    0xff, 0xff, 0xfd, 0x0, 0x2f, 0xff, 0xff, 0xff,
    0xff, 0xff, 0xff, 0xff, 0xff, 0xff, 0xff, 0x50,
    0x7f, 0xff, 0xff, 0xd3, 0x5f, 0xff, 0xff, 0x83,
    0xbf, 0xff, 0xff, 0xa0, 0xbf, 0xff, 0xff, 0x60,
    0xa, 0xff, 0xfe, 0x0, 0x2f, 0xff, 0xff, 0xf0,
    0xdf, 0xff, 0xff, 0xa0, 0xd, 0xff, 0xff, 0x20,
    0x6f, 0xff, 0xff, 0xf1, 0xff, 0xff, 0xff, 0xfd,
    0xef, 0xff, 0xff, 0xfc, 0xff, 0xff, 0xff, 0xf3,
    0xff, 0xff, 0xff, 0xff, 0xff, 0xff, 0xff, 0xff,
    0xff, 0xff, 0xff, 0xf3, 0xdf, 0xff, 0xff, 0xff,
    0xff, 0xff, 0xff, 0xff, 0xff, 0xff, 0xff, 0xf1,
    0xbf, 0xff, 0xff, 0xff, 0xff, 0xff, 0xff, 0xff,
    0xff, 0xff, 0xff, 0xf0, 0x7f, 0xff, 0xff, 0xff,
    0xc6, 0x10, 0x14, 0xaf, 0xff, 0xff, 0xff, 0xb0,
    0x2f, 0xff, 0xff, 0xf7, 0x0, 0x24, 0x30, 0x4,
    0xff, 0xff, 0xff, 0x60, 0xa, 0xff, 0xff, 0x70,
    0x4d, 0xff, 0xfe, 0x70, 0x4f, 0xff, 0xfe, 0x0,
    0x2, 0xff, 0xff, 0x36, 0xff, 0xff, 0xff, 0xfa,
    0x1e, 0xff, 0xf5, 0x0, 0x0, 0x5f, 0xff, 0xff,
    0xff, 0xff, 0xff, 0xff, 0xff, 0xff, 0x90, 0x0,
    0x0, 0x7, 0xff, 0xff, 0xff, 0xff, 0xff, 0xff,
    0xff, 0xfa, 0x0, 0x0, 0x0, 0x0, 0x5f, 0xff,
    0xff, 0xff, 0xff, 0xff, 0xff, 0x80, 0x0, 0x0,
    0x0, 0x0, 0x1, 0xaf, 0xff, 0xff, 0xff, 0xff,
    0xc3, 0x0, 0x0, 0x0, 0x0, 0x0, 0x0, 0x1,
    0x6a, 0xbd, 0xca, 0x72, 0x0, 0x0, 0x0, 0x0,

    /* U+F11A "" */
    0x0, 0x0, 0x0, 0x0, 0x48, 0xab, 0xa8, 0x51,
    0x0, 0x0, 0x0, 0x0, 0x0, 0x0, 0x1, 0x8f,
    0xff, 0xff, 0xff, 0xff, 0xa2, 0x0, 0x0, 0x0,
    0x0, 0x0, 0x4e, 0xff, 0xff, 0xff, 0xff, 0xff,
    0xff, 0x70, 0x0, 0x0, 0x0, 0x6, 0xff, 0xff,
    0xff, 0xff, 0xff, 0xff, 0xff, 0xf9, 0x0, 0x0,
    0x0, 0x5f, 0xff, 0xff, 0xff, 0xff, 0xff, 0xff,
    0xff, 0xff, 0x80, 0x0, 0x2, 0xff, 0xff, 0xff,
    0xff, 0xff, 0xff, 0xff, 0xff, 0xff, 0xf5, 0x0,
    0xa, 0xff, 0xff, 0xff, 0xff, 0xff, 0xff, 0xff,
    0xff, 0xff, 0xfe, 0x0, 0x2f, 0xff, 0xff, 0xff,
    0xff, 0xff, 0xff, 0xff, 0xff, 0xff, 0xff, 0x60,
    0x7f, 0xff, 0xff, 0xe4, 0x5f, 0xff, 0xff, 0x83,
    0xbf, 0xff, 0xff, 0xb0, 0xcf, 0xff, 0xff, 0x70,
    0xb, 0xff, 0xfe, 0x0, 0x3f, 0xff, 0xff, 0xf0,
    0xef, 0xff, 0xff, 0x90, 0xd, 0xff, 0xff, 0x10,
    0x5f, 0xff, 0xff, 0xf1, 0xff, 0xff, 0xff, 0xfa,
    0xcf, 0xff, 0xff, 0xd9, 0xff, 0xff, 0xff, 0xf3,
    0xff, 0xff, 0xff, 0xff, 0xff, 0xff, 0xff, 0xff,
    0xff, 0xff, 0xff, 0xf3, 0xdf, 0xff, 0xff, 0xff,
    0xff, 0xff, 0xff, 0xff, 0xff, 0xff, 0xff, 0xf1,
    0xaf, 0xff, 0xff, 0xff, 0xff, 0xff, 0xff, 0xff,
    0xff, 0xff, 0xff, 0xe0, 0x6f, 0xff, 0xff, 0xff,
    0xff, 0xff, 0xff, 0xff, 0xff, 0xff, 0xff, 0xa0,
    0x1f, 0xff, 0xff, 0x80, 0x0, 0x0, 0x0, 0x0,
    0x4f, 0xff, 0xff, 0x40, 0x8, 0xff, 0xff, 0xff,
    0xff, 0xff, 0xff, 0xff, 0xff, 0xff, 0xfb, 0x0,
    0x0, 0xdf, 0xff, 0xff, 0xff, 0xff, 0xff, 0xff,
    0xff, 0xff, 0xf2, 0x0, 0x0, 0x2e, 0xff, 0xff,
    0xff, 0xff, 0xff, 0xff, 0xff, 0xff, 0x40, 0x0,
    0x0, 0x2, 0xef, 0xff, 0xff, 0xff, 0xff, 0xff,
    0xff, 0xf5, 0x0, 0x0, 0x0, 0x0, 0x1b, 0xff,
    0xff, 0xff, 0xff, 0xff, 0xfd, 0x30, 0x0, 0x0,
    0x0, 0x0, 0x0, 0x3a, 0xff, 0xff, 0xff, 0xfc,
    0x50, 0x0, 0x0, 0x0, 0x0, 0x0, 0x0, 0x0,
    0x3, 0x56, 0x54, 0x10, 0x0, 0x0, 0x0, 0x0,

    /* U+F11C "" */
    0x3d, 0xff, 0xff, 0xff, 0xff, 0xff, 0xff, 0xff,
    0xff, 0xff, 0xff, 0xff, 0xfd, 0x3d, 0xff, 0xff,
    0xff, 0xff, 0xff, 0xff, 0xff, 0xff, 0xff, 0xff,
    0xff, 0xff, 0xfd, 0xff, 0xff, 0xff, 0xff, 0xff,
    0xff, 0xff, 0xff, 0xff, 0xff, 0xff, 0xff, 0xff,
    0xff, 0xff, 0x10, 0x1f, 0x90, 0x9, 0xf1, 0x1,
    0xf9, 0x0, 0x9f, 0x10, 0x1f, 0xff, 0xff, 0xf0,
    0x0, 0xf8, 0x0, 0x8f, 0x0, 0xf, 0x80, 0x8,
    0xf0, 0x0, 0xff, 0xff, 0xff, 0x10, 0x1f, 0x90,
    0x9, 0xf1, 0x1, 0xf9, 0x0, 0x9f, 0x10, 0x1f,
    0xff, 0xff, 0xff, 0xff, 0xff, 0xff, 0xff, 0xff,
    0xff, 0xff, 0xff, 0xff, 0xff, 0xff, 0xff, 0xff,
    0xff, 0xb8, 0x8f, 0xe8, 0x8b, 0xfb, 0x88, 0xfe,
    0x88, 0xbf, 0xff, 0xff, 0xff, 0xff, 0xf4, 0x0,
    0xcc, 0x0, 0x4f, 0x40, 0xc, 0xc0, 0x4, 0xff,
    0xff, 0xff, 0xff, 0xff, 0x40, 0xc, 0xc0, 0x4,
    0xf4, 0x0, 0xcc, 0x0, 0x4f, 0xff, 0xff, 0xff,
    0xff, 0xfb, 0x88, 0xfe, 0x88, 0xbf, 0xb8, 0x8f,
    0xe8, 0x8b, 0xff, 0xff, 0xff, 0xff, 0xff, 0xff,
    0xff, 0xff, 0xff, 0xff, 0xff, 0xff, 0xff, 0xff,
    0xff, 0xff, 0xff, 0xf1, 0x1, 0xf9, 0x0, 0x0,
    0x0, 0x0, 0x0, 0x9, 0xf1, 0x1, 0xff, 0xff,
    0xff, 0x0, 0xf, 0x80, 0x0, 0x0, 0x0, 0x0,
    0x0, 0x8f, 0x0, 0xf, 0xff, 0xff, 0xf1, 0x1,
    0xf9, 0x0, 0x0, 0x0, 0x0, 0x0, 0x9, 0xf1,
    0x1, 0xff, 0xff, 0xff, 0xff, 0xff, 0xff, 0xff,
    0xff, 0xff, 0xff, 0xff, 0xff, 0xff, 0xff, 0xff,
    0xdf, 0xff, 0xff, 0xff, 0xff, 0xff, 0xff, 0xff,
    0xff, 0xff, 0xff, 0xff, 0xff, 0xd3, 0xdf, 0xff,
    0xff, 0xff, 0xff, 0xff, 0xff, 0xff, 0xff, 0xff,
    0xff, 0xff, 0xd3,

    /* U+F124 "" */
    0x0, 0x0, 0x0, 0x0, 0x0, 0x0, 0x0, 0x0,
    0x0, 0x0, 0x0, 0x0, 0x0, 0x0, 0x0, 0x0,
    0x0, 0x0, 0x0, 0x0, 0x0, 0x0, 0x0, 0x3a,
    0xfc, 0x20, 0x0, 0x0, 0x0, 0x0, 0x0, 0x0,
    0x0, 0x0, 0x0, 0x4b, 0xff, 0xff, 0xc0, 0x0,
    0x0, 0x0, 0x0, 0x0, 0x0, 0x0, 0x0, 0x5c,
    0xff, 0xff, 0xff, 0xf0, 0x0, 0x0, 0x0, 0x0,
    0x0, 0x0, 0x0, 0x6e, 0xff, 0xff, 0xff, 0xff,
    0xa0, 0x0, 0x0, 0x0, 0x0, 0x0, 0x1, 0x8e,
    0xff, 0xff, 0xff, 0xff, 0xff, 0x30, 0x0, 0x0,
    0x0, 0x0, 0x2, 0x9f, 0xff, 0xff, 0xff, 0xff,
    0xff, 0xfb, 0x0, 0x0, 0x0, 0x0, 0x3, 0xaf,
    0xff, 0xff, 0xff, 0xff, 0xff, 0xff, 0xf4, 0x0,
    0x0, 0x0, 0x4, 0xcf, 0xff, 0xff, 0xff, 0xff,
    0xff, 0xff, 0xff, 0xc0, 0x0, 0x0, 0x6, 0xdf,
    0xff, 0xff, 0xff, 0xff, 0xff, 0xff, 0xff, 0xff,
    0x50, 0x0, 0x3, 0xef, 0xff, 0xff, 0xff, 0xff,
    0xff, 0xff, 0xff, 0xff, 0xfe, 0x0, 0x0, 0xd,
    0xff, 0xff, 0xff, 0xff, 0xff, 0xff, 0xff, 0xff,
    0xff, 0xf6, 0x0, 0x0, 0xf, 0xff, 0xff, 0xff,
    0xff, 0xff, 0xff, 0xff, 0xff, 0xff, 0xe0, 0x0,
    0x0, 0x9, 0xff, 0xff, 0xff, 0xff, 0xff, 0xff,
    0xff, 0xff, 0xff, 0x80, 0x0, 0x0, 0x0, 0x57,
    0x88, 0x88, 0x88, 0x8c, 0xff, 0xff, 0xff, 0xff,
    0x10, 0x0, 0x0, 0x0, 0x0, 0x0, 0x0, 0x0,
    0x8, 0xff, 0xff, 0xff, 0xf9, 0x0, 0x0, 0x0,
    0x0, 0x0, 0x0, 0x0, 0x0, 0x8, 0xff, 0xff,
    0xff, 0xf2, 0x0, 0x0, 0x0, 0x0, 0x0, 0x0,
    0x0, 0x0, 0x8, 0xff, 0xff, 0xff, 0xa0, 0x0,
    0x0, 0x0, 0x0, 0x0, 0x0, 0x0, 0x0, 0x8,
    0xff, 0xff, 0xff, 0x30, 0x0, 0x0, 0x0, 0x0,
    0x0, 0x0, 0x0, 0x0, 0x8, 0xff, 0xff, 0xfc,
    0x0, 0x0, 0x0, 0x0, 0x0, 0x0, 0x0, 0x0,
    0x0, 0x8, 0xff, 0xff, 0xf4, 0x0, 0x0, 0x0,
    0x0, 0x0, 0x0, 0x0, 0x0, 0x0, 0x8, 0xff,
    0xff, 0xd0, 0x0, 0x0, 0x0, 0x0, 0x0, 0x0,
    0x0, 0x0, 0x0, 0x7, 0xff, 0xff, 0x60, 0x0,
    0x0, 0x0, 0x0, 0x0, 0x0, 0x0, 0x0, 0x0,
    0x5, 0xff, 0xfe, 0x0, 0x0, 0x0, 0x0, 0x0,
    0x0, 0x0, 0x0, 0x0, 0x0, 0x0, 0x9f, 0xd3,
    0x0, 0x0, 0x0, 0x0, 0x0, 0x0, 0x0, 0x0,
    0x0, 0x0, 0x0, 0x0, 0x0, 0x0, 0x0, 0x0,
    0x0, 0x0,

    /* U+F135 "" */
    0x0, 0x0, 0x0, 0x0, 0x0, 0x0, 0x0, 0x6,
    0xad, 0xff, 0xfe, 0xc5, 0x0, 0x0, 0x0, 0x0,
    0x0, 0x0, 0x6, 0xef, 0xff, 0xff, 0xff, 0xfc,
    0x0, 0x0, 0x0, 0x0, 0x0, 0x0, 0xaf, 0xff,
    0xff, 0xff, 0xff, 0xfe, 0x0, 0x0, 0x0, 0x0,
    0x0, 0xb, 0xff, 0xff, 0xff, 0xff, 0xff, 0xff,
    0x0, 0x0, 0x0, 0x0, 0x0, 0x9f, 0xff, 0xff,
    0xc3, 0x3d, 0xff, 0xff, 0x0, 0x0, 0x0, 0x0,
    0x5, 0xff, 0xff, 0xff, 0x30, 0x3, 0xff, 0xff,
    0x0, 0x1b, 0xff, 0xff, 0xff, 0xff, 0xff, 0xff,
    0x30, 0x3, 0xff, 0xfd, 0x0, 0xbf, 0xff, 0xff,
    0xff, 0xff, 0xff, 0xff, 0xc3, 0x3c, 0xff, 0xfa,
    0x3, 0xff, 0xff, 0xff, 0xff, 0xff, 0xff, 0xff,
    0xff, 0xff, 0xff, 0xf6, 0xb, 0xff, 0xff, 0xff,
    0xff, 0xff, 0xff, 0xff, 0xff, 0xff, 0xff, 0xe0,
    0x3f, 0xff, 0xff, 0xff, 0xff, 0xff, 0xff, 0xff,
    0xff, 0xff, 0xff, 0x60, 0xaf, 0xff, 0xff, 0xff,
    0xff, 0xff, 0xff, 0xff, 0xff, 0xff, 0xfa, 0x0,
    0xef, 0xff, 0xff, 0xff, 0xff, 0xff, 0xff, 0xff,
    0xff, 0xff, 0xa0, 0x0, 0x47, 0x88, 0x8a, 0xff,
    0xff, 0xff, 0xff, 0xff, 0xff, 0xf9, 0x0, 0x0,
    0x0, 0x0, 0x1e, 0xff, 0xff, 0xff, 0xff, 0xff,
    0xff, 0x50, 0x0, 0x0, 0x0, 0x0, 0x7f, 0xff,
    0xff, 0xff, 0xff, 0xff, 0xff, 0x0, 0x0, 0x0,
    0x0, 0x0, 0x3f, 0xff, 0xff, 0xff, 0xff, 0xff,
    0xff, 0x0, 0x0, 0x0, 0x0, 0x0, 0x4, 0xff,
    0xff, 0xff, 0xff, 0xff, 0xff, 0x0, 0x0, 0x0,
    0x0, 0x0, 0x0, 0x4f, 0xfe, 0xaf, 0xff, 0xff,
    0xff, 0x0, 0x0, 0x0, 0x0, 0x0, 0x0, 0x3,
    0x71, 0x8f, 0xff, 0xff, 0xff, 0x0, 0x0, 0x0,
    0x0, 0x0, 0x0, 0x0, 0x0, 0x8f, 0xff, 0xff,
    0xfb, 0x0, 0x0, 0x0, 0x0, 0x0, 0x0, 0x0,
    0x0, 0x8f, 0xff, 0xff, 0xa1, 0x0, 0x0, 0x0,
    0x0, 0x0, 0x0, 0x0, 0x0, 0x7f, 0xff, 0xa2,
    0x0, 0x0, 0x0, 0x0, 0x0, 0x0, 0x0, 0x0,
    0x0, 0x4e, 0xa2, 0x0, 0x0, 0x0, 0x0, 0x0,

    /* U+F15B "" */
    0xbf, 0xff, 0xff, 0xff, 0xff, 0x80, 0xe4, 0x0,
    0x0, 0xff, 0xff, 0xff, 0xff, 0xff, 0x80, 0xff,
    0x40, 0x0, 0xff, 0xff, 0xff, 0xff, 0xff, 0x80,
    0xff, 0xf4, 0x0, 0xff, 0xff, 0xff, 0xff, 0xff,
    0x80, 0xff, 0xff, 0x40, 0xff, 0xff, 0xff, 0xff,
    0xff, 0x80, 0xff, 0xff, 0xf4, 0xff, 0xff, 0xff,
    0xff, 0xff, 0x80, 0xff, 0xff, 0xfe, 0xff, 0xff,
    0xff, 0xff, 0xff, 0x80, 0x0, 0x0, 0x0, 0xff,
    0xff, 0xff, 0xff, 0xff, 0xf8, 0x88, 0x88, 0x88,
    0xff, 0xff, 0xff, 0xff, 0xff, 0xff, 0xff, 0xff,
    0xff, 0xff, 0xff, 0xff, 0xff, 0xff, 0xff, 0xff,
    0xff, 0xff, 0xff, 0xff, 0xff, 0xff, 0xff, 0xff,
    0xff, 0xff, 0xff, 0xff, 0xff, 0xff, 0xff, 0xff,
    0xff, 0xff, 0xff, 0xff, 0xff, 0xff, 0xff, 0xff,
    0xff, 0xff, 0xff, 0xff, 0xff, 0xff, 0xff, 0xff,
    0xff, 0xff, 0xff, 0xff, 0xff, 0xff, 0xff, 0xff,
    0xff, 0xff, 0xff, 0xff, 0xff, 0xff, 0xff, 0xff,
    0xff, 0xff, 0xff, 0xff, 0xff, 0xff, 0xff, 0xff,
    0xff, 0xff, 0xff, 0xff, 0xff, 0xff, 0xff, 0xff,
    0xff, 0xff, 0xff, 0xff, 0xff, 0xff, 0xff, 0xff,
    0xff, 0xff, 0xff, 0xff, 0xff, 0xff, 0xff, 0xff,
    0xff, 0xff, 0xff, 0xff, 0xff, 0xff, 0xff, 0xff,
    0xff, 0xff, 0xff, 0xff, 0xff, 0xff, 0xff, 0xff,
    0xff, 0xff, 0xff, 0xff, 0xff, 0xff, 0xff, 0xff,
    0xff, 0xff, 0xff, 0xff, 0xff, 0xff, 0xff, 0xff,
    0xff, 0xff, 0xff, 0xff, 0xff, 0xff, 0xff, 0xbf,
    0xff, 0xff, 0xff, 0xff, 0xff, 0xff, 0xff, 0xfb,

    /* U+F164 "" */
    0x0, 0x0, 0x0, 0x0, 0x0, 0x0, 0x2, 0xed,
    0x70, 0x0, 0x0, 0x0, 0x0, 0x0, 0x0, 0x0,
    0x0, 0x0, 0x9, 0xff, 0xf7, 0x0, 0x0, 0x0,
    0x0, 0x0, 0x0, 0x0, 0x0, 0x0, 0xe, 0xff,
    0xfd, 0x0, 0x0, 0x0, 0x0, 0x0, 0x0, 0x0,
    0x0, 0x0, 0x3f, 0xff, 0xff, 0x0, 0x0, 0x0,
    0x0, 0x0, 0x0, 0x0, 0x0, 0x0, 0x9f, 0xff,
    0xfe, 0x0, 0x0, 0x0, 0x0, 0x0, 0x0, 0x0,
    0x0, 0x3, 0xff, 0xff, 0xfa, 0x0, 0x0, 0x0,
    0x0, 0x0, 0x0, 0x0, 0x0, 0x1e, 0xff, 0xff,
    0xf3, 0x0, 0x0, 0x0, 0x0, 0x0, 0x0, 0x0,
    0x0, 0xcf, 0xff, 0xff, 0xc0, 0x0, 0x0, 0x0,
    0x0, 0x0, 0x0, 0x0, 0x8, 0xff, 0xff, 0xff,
    0xdb, 0xbb, 0xb9, 0x40, 0x0, 0x0, 0x0, 0x0,
    0x4f, 0xff, 0xff, 0xff, 0xff, 0xff, 0xff, 0xf6,
    0x36, 0x66, 0x63, 0x2, 0xef, 0xff, 0xff, 0xff,
    0xff, 0xff, 0xff, 0xfe, 0xef, 0xff, 0xfe, 0x7,
    0xff, 0xff, 0xff, 0xff, 0xff, 0xff, 0xff, 0xfe,
    0xff, 0xff, 0xff, 0x8, 0xff, 0xff, 0xff, 0xff,
    0xff, 0xff, 0xff, 0xfa, 0xff, 0xff, 0xff, 0x8,
    0xff, 0xff, 0xff, 0xff, 0xff, 0xff, 0xff, 0xf2,
    0xff, 0xff, 0xff, 0x8, 0xff, 0xff, 0xff, 0xff,
    0xff, 0xff, 0xff, 0xf5, 0xff, 0xff, 0xff, 0x8,
    0xff, 0xff, 0xff, 0xff, 0xff, 0xff, 0xff, 0xf4,
    0xff, 0xff, 0xff, 0x8, 0xff, 0xff, 0xff, 0xff,
    0xff, 0xff, 0xff, 0xe0, 0xff, 0xff, 0xff, 0x8,
    0xff, 0xff, 0xff, 0xff, 0xff, 0xff, 0xff, 0xb0,
    0xff, 0xff, 0xff, 0x8, 0xff, 0xff, 0xff, 0xff,
    0xff, 0xff, 0xff, 0xb0, 0xff, 0xff, 0xff, 0x8,
    0xff, 0xff, 0xff, 0xff, 0xff, 0xff, 0xff, 0x70,
    0xff, 0x22, 0xff, 0x8, 0xff, 0xff, 0xff, 0xff,
    0xff, 0xff, 0xff, 0x0, 0xff, 0x11, 0xff, 0x4,
    0xdf, 0xff, 0xff, 0xff, 0xff, 0xff, 0xfe, 0x0,
    0xff, 0xff, 0xff, 0x0, 0x2, 0x8e, 0xff, 0xff,
    0xff, 0xff, 0xf9, 0x0, 0xbf, 0xff, 0xfb, 0x0,
    0x0, 0x0, 0x49, 0xdf, 0xff, 0xec, 0x60, 0x0,

    /* U+F165 "" */
    0x0, 0x0, 0x0, 0x0, 0x0, 0x0, 0x49, 0xdf,
    0xff, 0xec, 0x70, 0x0, 0x47, 0x88, 0x74, 0x0,
    0x1, 0x8e, 0xff, 0xff, 0xff, 0xff, 0xf9, 0x0,
    0xff, 0xff, 0xff, 0x4, 0xdf, 0xff, 0xff, 0xff,
    0xff, 0xff, 0xfe, 0x0, 0xff, 0xff, 0xff, 0x8,
    0xff, 0xff, 0xff, 0xff, 0xff, 0xff, 0xff, 0x0,
    0xff, 0xff, 0xff, 0x8, 0xff, 0xff, 0xff, 0xff,
    0xff, 0xff, 0xff, 0x70, 0xff, 0xff, 0xff, 0x8,
    0xff, 0xff, 0xff, 0xff, 0xff, 0xff, 0xff, 0xb0,
    0xff, 0xff, 0xff, 0x8, 0xff, 0xff, 0xff, 0xff,
    0xff, 0xff, 0xff, 0xb0, 0xff, 0xff, 0xff, 0x8,
    0xff, 0xff, 0xff, 0xff, 0xff, 0xff, 0xff, 0xe0,
    0xff, 0xff, 0xff, 0x8, 0xff, 0xff, 0xff, 0xff,
    0xff, 0xff, 0xff, 0xf4, 0xff, 0xff, 0xff, 0x8,
    0xff, 0xff, 0xff, 0xff, 0xff, 0xff, 0xff, 0xf5,
    0xff, 0xff, 0xff, 0x8, 0xff, 0xff, 0xff, 0xff,
    0xff, 0xff, 0xff, 0xf2, 0xff, 0x11, 0xff, 0x8,
    0xff, 0xff, 0xff, 0xff, 0xff, 0xff, 0xff, 0xf9,
    0xff, 0x11, 0xff, 0x7, 0xff, 0xff, 0xff, 0xff,
    0xff, 0xff, 0xff, 0xfe, 0xff, 0xff, 0xff, 0x2,
    0xef, 0xff, 0xff, 0xff, 0xff, 0xff, 0xff, 0xfe,
    0xbf, 0xff, 0xfb, 0x0, 0x4f, 0xff, 0xff, 0xff,
    0xff, 0xff, 0xff, 0xf7, 0x0, 0x0, 0x0, 0x0,
    0x8, 0xff, 0xff, 0xff, 0xdc, 0xcc, 0xcb, 0x50,
    0x0, 0x0, 0x0, 0x0, 0x0, 0xcf, 0xff, 0xff,
    0xb0, 0x0, 0x0, 0x0, 0x0, 0x0, 0x0, 0x0,
    0x0, 0x1e, 0xff, 0xff, 0xf3, 0x0, 0x0, 0x0,
    0x0, 0x0, 0x0, 0x0, 0x0, 0x3, 0xff, 0xff,
    0xfa, 0x0, 0x0, 0x0, 0x0, 0x0, 0x0, 0x0,
    0x0, 0x0, 0x9f, 0xff, 0xfe, 0x0, 0x0, 0x0,
    0x0, 0x0, 0x0, 0x0, 0x0, 0x0, 0x3f, 0xff,
    0xff, 0x0, 0x0, 0x0, 0x0, 0x0, 0x0, 0x0,
    0x0, 0x0, 0xe, 0xff, 0xfd, 0x0, 0x0, 0x0,
    0x0, 0x0, 0x0, 0x0, 0x0, 0x0, 0x9, 0xff,
    0xf7, 0x0, 0x0, 0x0, 0x0, 0x0, 0x0, 0x0,
    0x0, 0x0, 0x2, 0xee, 0x70, 0x0, 0x0, 0x0,

    /* U+F185 "" */
    0x0, 0x0, 0x0, 0x0, 0x0, 0xd, 0x70, 0x0,
    0x0, 0x0, 0x0, 0x0, 0x0, 0x0, 0x0, 0x0,
    0x0, 0x7f, 0xf1, 0x0, 0x0, 0x0, 0x0, 0x0,
    0x0, 0x0, 0x0, 0x0, 0x0, 0xef, 0xf8, 0x0,
    0x0, 0x0, 0x0, 0x0, 0x0, 0x6, 0x94, 0x0,
    0x7, 0xff, 0xff, 0x10, 0x0, 0x49, 0x50, 0x0,
    0x0, 0x9, 0xff, 0xe9, 0x4e, 0xff, 0xff, 0x95,
    0xaf, 0xff, 0x90, 0x0, 0x0, 0x5, 0xff, 0xff,
    0xff, 0xff, 0xff, 0xff, 0xff, 0xff, 0x40, 0x0,
    0x0, 0x0, 0xff, 0xff, 0xf8, 0x30, 0x3, 0x9f,
    0xff, 0xff, 0x0, 0x0, 0x0, 0x0, 0xaf, 0xfe,
    0x20, 0x13, 0x30, 0x3, 0xef, 0xfa, 0x0, 0x0,
    0x0, 0x0, 0x5f, 0xf2, 0xa, 0xff, 0xfe, 0x50,
    0x3f, 0xf5, 0x0, 0x0, 0x0, 0x1, 0x9f, 0x80,
    0xcf, 0xff, 0xff, 0xf5, 0x9, 0xf9, 0x10, 0x0,
    0x1, 0x8f, 0xff, 0x35, 0xff, 0xff, 0xff, 0xfe,
    0x3, 0xff, 0xf8, 0x10, 0x7f, 0xff, 0xff, 0xa,
    0xff, 0xff, 0xff, 0xff, 0x30, 0xff, 0xff, 0xf7,
    0xdf, 0xff, 0xff, 0xb, 0xff, 0xff, 0xff, 0xff,
    0x30, 0xff, 0xff, 0xfd, 0x7, 0xef, 0xff, 0x38,
    0xff, 0xff, 0xff, 0xff, 0x13, 0xff, 0xfe, 0x70,
    0x0, 0x7, 0xef, 0x81, 0xff, 0xff, 0xff, 0xfa,
    0x8, 0xfe, 0x70, 0x0, 0x0, 0x0, 0x4f, 0xf2,
    0x4f, 0xff, 0xff, 0xc0, 0x2f, 0xf4, 0x0, 0x0,
    0x0, 0x0, 0x9f, 0xfe, 0x21, 0x8b, 0xa5, 0x2,
    0xef, 0xf9, 0x0, 0x0, 0x0, 0x0, 0xef, 0xff,
    0xf8, 0x30, 0x3, 0x8f, 0xff, 0xfe, 0x0, 0x0,
    0x0, 0x4, 0xff, 0xff, 0xff, 0xff, 0xff, 0xff,
    0xff, 0xff, 0x40, 0x0, 0x0, 0x9, 0xff, 0xe9,
    0x4e, 0xff, 0xff, 0x95, 0xaf, 0xff, 0x90, 0x0,
    0x0, 0x6, 0x94, 0x0, 0x7, 0xff, 0xff, 0x10,
    0x0, 0x59, 0x50, 0x0, 0x0, 0x0, 0x0, 0x0,
    0x0, 0xef, 0xf8, 0x0, 0x0, 0x0, 0x0, 0x0,
    0x0, 0x0, 0x0, 0x0, 0x0, 0x7f, 0xf1, 0x0,
    0x0, 0x0, 0x0, 0x0, 0x0, 0x0, 0x0, 0x0,
    0x0, 0xd, 0x70, 0x0, 0x0, 0x0, 0x0, 0x0,

    /* U+F186 "" */
    0x0, 0x0, 0x0, 0x1, 0x5a, 0xde, 0xfe, 0xa0,
    0x0, 0x0, 0x0, 0x0, 0x0, 0x0, 0x7f, 0xff,
    0xff, 0xff, 0x50, 0x0, 0x0, 0x0, 0x0, 0x0,
    0x2d, 0xff, 0xff, 0xff, 0xd2, 0x0, 0x0, 0x0,
    0x0, 0x0, 0x3, 0xef, 0xff, 0xff, 0xff, 0x20,
    0x0, 0x0, 0x0, 0x0, 0x0, 0x1e, 0xff, 0xff,
    0xff, 0xf5, 0x0, 0x0, 0x0, 0x0, 0x0, 0x0,
    0xcf, 0xff, 0xff, 0xff, 0xc0, 0x0, 0x0, 0x0,
    0x0, 0x0, 0x5, 0xff, 0xff, 0xff, 0xff, 0x50,
    0x0, 0x0, 0x0, 0x0, 0x0, 0xd, 0xff, 0xff,
    0xff, 0xff, 0x10, 0x0, 0x0, 0x0, 0x0, 0x0,
    0x3f, 0xff, 0xff, 0xff, 0xfe, 0x0, 0x0, 0x0,
    0x0, 0x0, 0x0, 0x7f, 0xff, 0xff, 0xff, 0xfe,
    0x0, 0x0, 0x0, 0x0, 0x0, 0x0, 0x9f, 0xff,
    0xff, 0xff, 0xff, 0x0, 0x0, 0x0, 0x0, 0x0,
    0x0, 0xbf, 0xff, 0xff, 0xff, 0xff, 0x10, 0x0,
    0x0, 0x0, 0x0, 0x0, 0xbf, 0xff, 0xff, 0xff,
    0xff, 0x60, 0x0, 0x0, 0x0, 0x0, 0x0, 0xaf,
    0xff, 0xff, 0xff, 0xff, 0xc0, 0x0, 0x0, 0x0,
    0x0, 0x0, 0x7f, 0xff, 0xff, 0xff, 0xff, 0xf6,
    0x0, 0x0, 0x0, 0x0, 0x0, 0x3f, 0xff, 0xff,
    0xff, 0xff, 0xff, 0x30, 0x0, 0x0, 0x0, 0x0,
    0xd, 0xff, 0xff, 0xff, 0xff, 0xff, 0xe3, 0x0,
    0x0, 0x0, 0x0, 0x6, 0xff, 0xff, 0xff, 0xff,
    0xff, 0xff, 0x80, 0x0, 0x0, 0x0, 0x0, 0xcf,
    0xff, 0xff, 0xff, 0xff, 0xff, 0xff, 0x95, 0x33,
    0x42, 0x0, 0x2e, 0xff, 0xff, 0xff, 0xff, 0xff,
    0xff, 0xff, 0xff, 0xf8, 0x0, 0x3, 0xff, 0xff,
    0xff, 0xff, 0xff, 0xff, 0xff, 0xff, 0xb0, 0x0,
    0x0, 0x2d, 0xff, 0xff, 0xff, 0xff, 0xff, 0xff,
    0xf8, 0x0, 0x0, 0x0, 0x0, 0x8f, 0xff, 0xff,
    0xff, 0xff, 0xfc, 0x30, 0x0, 0x0, 0x0, 0x0,
    0x0, 0x6a, 0xdf, 0xfe, 0xc8, 0x30, 0x0, 0x0,

    /* U+F1B9 "" */
    0x0, 0x0, 0x0, 0x5, 0xbe, 0xff, 0xff, 0xff,
    0xec, 0x50, 0x0, 0x0, 0x0, 0x0, 0x0, 0x0,
    0xaf, 0xff, 0xff, 0xff, 0xff, 0xff, 0xfa, 0x0,
    0x0, 0x0, 0x0, 0x0, 0x7, 0xff, 0xff, 0xff,
    0xff, 0xff, 0xff, 0xff, 0x70, 0x0, 0x0, 0x0,
    0x0, 0xe, 0xff, 0xa1, 0x0, 0x0, 0x0, 0x19,
    0xff, 0xe0, 0x0, 0x0, 0x0, 0x0, 0x6f, 0xfd,
    0x0, 0x0, 0x0, 0x0, 0x0, 0xdf, 0xf6, 0x0,
    0x0, 0xd, 0xff, 0xff, 0xf7, 0x0, 0x0, 0x0,
    0x0, 0x0, 0x6f, 0xff, 0xff, 0xd0, 0xc, 0xff,
    0xff, 0xf8, 0x77, 0x77, 0x77, 0x77, 0x77, 0x8f,
    0xff, 0xff, 0xc0, 0x2, 0xaf, 0xff, 0xff, 0xff,
    0xff, 0xff, 0xff, 0xff, 0xff, 0xff, 0xfa, 0x20,
    0x1, 0xff, 0xfe, 0xff, 0xff, 0xff, 0xff, 0xff,
    0xff, 0xff, 0xef, 0xff, 0x0, 0x3, 0xff, 0x50,
    0x4f, 0xff, 0xff, 0xff, 0xff, 0xff, 0xf5, 0x5,
    0xff, 0x30, 0x4, 0xff, 0x0, 0x7, 0xff, 0xff,
    0xff, 0xff, 0xff, 0x80, 0x0, 0xff, 0x40, 0x3,
    0xff, 0x70, 0x6, 0xff, 0xff, 0xff, 0xff, 0xff,
    0x70, 0x7, 0xff, 0x30, 0x2, 0xff, 0xff, 0xff,
    0xff, 0xff, 0xff, 0xff, 0xff, 0xff, 0xff, 0xff,
    0x20, 0x0, 0xcf, 0xff, 0xff, 0xff, 0xff, 0xff,
    0xff, 0xff, 0xff, 0xff, 0xfc, 0x0, 0x0, 0x8f,
    0xff, 0xff, 0xff, 0xff, 0xff, 0xff, 0xff, 0xff,
    0xff, 0xf8, 0x0, 0x0, 0x8f, 0xff, 0xf0, 0x0,
    0x0, 0x0, 0x0, 0x0, 0xf, 0xff, 0xf8, 0x0,
    0x0, 0x7f, 0xff, 0xf0, 0x0, 0x0, 0x0, 0x0,
    0x0, 0xf, 0xff, 0xf7, 0x0, 0x0, 0x2d, 0xff,
    0x80, 0x0, 0x0, 0x0, 0x0, 0x0, 0x8, 0xff,
    0xd2, 0x0,

    /* U+F1BB "" */
    0x0, 0x0, 0x0, 0x0, 0x2d, 0x90, 0x0, 0x0,
    0x0, 0x0, 0x0, 0x0, 0x0, 0x1d, 0xff, 0x80,
    0x0, 0x0, 0x0, 0x0, 0x0, 0x0, 0x1d, 0xff,
    0xff, 0x70, 0x0, 0x0, 0x0, 0x0, 0x0, 0xc,
    0xff, 0xff, 0xff, 0x60, 0x0, 0x0, 0x0, 0x0,
    0xc, 0xff, 0xff, 0xff, 0xff, 0x50, 0x0, 0x0,
    0x0, 0xb, 0xff, 0xff, 0xff, 0xff, 0xff, 0x40,
    0x0, 0x0, 0x2, 0xff, 0xff, 0xff, 0xff, 0xff,
    0xfb, 0x0, 0x0, 0x0, 0x5, 0x8f, 0xff, 0xff,
    0xff, 0xc7, 0x20, 0x0, 0x0, 0x0, 0xa, 0xff,
    0xff, 0xff, 0xff, 0x30, 0x0, 0x0, 0x0, 0x8,
    0xff, 0xff, 0xff, 0xff, 0xfe, 0x20, 0x0, 0x0,
    0x6, 0xff, 0xff, 0xff, 0xff, 0xff, 0xfd, 0x10,
    0x0, 0x4, 0xff, 0xff, 0xff, 0xff, 0xff, 0xff,
    0xfc, 0x0, 0x0, 0xaf, 0xff, 0xff, 0xff, 0xff,
    0xff, 0xff, 0xf3, 0x0, 0x2, 0x7b, 0xff, 0xff,
    0xff, 0xff, 0xff, 0x86, 0x0, 0x0, 0x2, 0xef,
    0xff, 0xff, 0xff, 0xff, 0xfa, 0x0, 0x0, 0x1,
    0xdf, 0xff, 0xff, 0xff, 0xff, 0xff, 0xf8, 0x0,
    0x0, 0xcf, 0xff, 0xff, 0xff, 0xff, 0xff, 0xff,
    0xf6, 0x0, 0xbf, 0xff, 0xff, 0xff, 0xff, 0xff,
    0xff, 0xff, 0xf4, 0x2f, 0xff, 0xff, 0xff, 0xff,
    0xff, 0xff, 0xff, 0xff, 0xb0, 0x58, 0x88, 0x88,
    0x8d, 0xff, 0xa8, 0x88, 0x88, 0x72, 0x0, 0x0,
    0x0, 0x0, 0xcf, 0xf5, 0x0, 0x0, 0x0, 0x0,
    0x0, 0x0, 0x0, 0x4f, 0xff, 0xc0, 0x0, 0x0,
    0x0, 0x0, 0x0, 0x0, 0xd, 0xff, 0xff, 0x60,
    0x0, 0x0, 0x0, 0x0, 0x0, 0x1, 0xff, 0xff,
    0xfa, 0x0, 0x0, 0x0,

    /* U+F1E2 "" */
    0x0, 0x0, 0x0, 0x0, 0x0, 0x0, 0x0, 0x0,
    0x0, 0x10, 0xd2, 0x10, 0x0, 0x0, 0x0, 0x0,
    0x0, 0x0, 0x0, 0x0, 0x0, 0xc8, 0xe7, 0xf1,
    0x0, 0x0, 0x0, 0x0, 0x0, 0x0, 0x0, 0x0,
    0x0, 0x2a, 0x27, 0x82, 0x0, 0x0, 0x0, 0x0,
    0x0, 0x0, 0x0, 0x0, 0x0, 0x5, 0x22, 0xdc,
    0x0, 0x0, 0x0, 0x5, 0x79, 0x86, 0x20, 0x7d,
    0x30, 0x6e, 0x3a, 0x80, 0x0, 0x0, 0x19, 0xff,
    0xff, 0xff, 0xfe, 0xff, 0xf8, 0xe3, 0x2, 0xd1,
    0x0, 0x4, 0xff, 0xff, 0xff, 0xff, 0xff, 0xff,
    0xff, 0x60, 0x0, 0x0, 0x0, 0x5f, 0xff, 0xff,
    0xff, 0xff, 0xff, 0xff, 0xff, 0xf3, 0x0, 0x0,
    0x3, 0xff, 0xff, 0x83, 0x5f, 0xff, 0xff, 0xff,
    0xff, 0xfb, 0x0, 0x0, 0xc, 0xff, 0xe2, 0x1,
    0x6f, 0xff, 0xff, 0xff, 0xff, 0xf5, 0x0, 0x0,
    0x4f, 0xff, 0x50, 0x9f, 0xff, 0xff, 0xff, 0xff,
    0xff, 0xc0, 0x0, 0x0, 0x9f, 0xfe, 0x6, 0xff,
    0xff, 0xff, 0xff, 0xff, 0xff, 0xf1, 0x0, 0x0,
    0xdf, 0xfc, 0xb, 0xff, 0xff, 0xff, 0xff, 0xff,
    0xff, 0xf4, 0x0, 0x0, 0xff, 0xff, 0x9f, 0xff,
    0xff, 0xff, 0xff, 0xff, 0xff, 0xf6, 0x0, 0x0,
    0xff, 0xff, 0xff, 0xff, 0xff, 0xff, 0xff, 0xff,
    0xff, 0xf7, 0x0, 0x0, 0xef, 0xff, 0xff, 0xff,
    0xff, 0xff, 0xff, 0xff, 0xff, 0xf5, 0x0, 0x0,
    0xbf, 0xff, 0xff, 0xff, 0xff, 0xff, 0xff, 0xff,
    0xff, 0xf3, 0x0, 0x0, 0x6f, 0xff, 0xff, 0xff,
    0xff, 0xff, 0xff, 0xff, 0xff, 0xe0, 0x0, 0x0,
    0x1e, 0xff, 0xff, 0xff, 0xff, 0xff, 0xff, 0xff,
    0xff, 0x70, 0x0, 0x0, 0x6, 0xff, 0xff, 0xff,
    0xff, 0xff, 0xff, 0xff, 0xfe, 0x0, 0x0, 0x0,
    0x0, 0xaf, 0xff, 0xff, 0xff, 0xff, 0xff, 0xff,
    0xf3, 0x0, 0x0, 0x0, 0x0, 0xa, 0xff, 0xff,
    0xff, 0xff, 0xff, 0xfe, 0x40, 0x0, 0x0, 0x0,
    0x0, 0x0, 0x7e, 0xff, 0xff, 0xff, 0xff, 0xb2,
    0x0, 0x0, 0x0, 0x0, 0x0, 0x0, 0x1, 0x6b,
    0xef, 0xed, 0x93, 0x0, 0x0, 0x0, 0x0, 0x0,

    /* U+F1E3 "" */
    0x0, 0x0, 0x0, 0x0, 0x59, 0xbc, 0xcb, 0x83,
    0x0, 0x0, 0x0, 0x0, 0x0, 0x0, 0x0, 0x8f,
    0xff, 0xff, 0xff, 0xff, 0xd5, 0x0, 0x0, 0x0,
    0x0, 0x0, 0x3e, 0xff, 0xff, 0xff, 0xff, 0xff,
    0xff, 0xb1, 0x0, 0x0, 0x0, 0x4, 0xff, 0xf8,
    0x6f, 0xff, 0xff, 0xf3, 0xaf, 0xfd, 0x10, 0x0,
    0x0, 0x3f, 0xfd, 0x20, 0x5e, 0xff, 0xff, 0xc2,
    0x5, 0xff, 0xc0, 0x0, 0x0, 0xef, 0xd1, 0x0,
    0x0, 0x8f, 0xe6, 0x0, 0x0, 0x4f, 0xfa, 0x0,
    0x7, 0xff, 0xdc, 0x0, 0x0, 0x1, 0x0, 0x0,
    0x3, 0xce, 0xff, 0x30, 0xe, 0xff, 0xff, 0x20,
    0x0, 0x0, 0x0, 0x0, 0x6, 0xff, 0xff, 0xa0,
    0x4f, 0xff, 0xff, 0x50, 0x0, 0x9, 0x60, 0x0,
    0x9, 0xff, 0xff, 0xf0, 0x8f, 0xff, 0xff, 0x80,
    0x3, 0xdf, 0xfb, 0x10, 0xd, 0xff, 0xff, 0xf4,
    0xaf, 0xff, 0xff, 0x40, 0x6f, 0xff, 0xff, 0xe3,
    0x7, 0xff, 0xff, 0xf5, 0xbf, 0xff, 0xe3, 0x0,
    0x8f, 0xff, 0xff, 0xf4, 0x0, 0x6f, 0xff, 0xf7,
    0xbf, 0x99, 0x20, 0x0, 0x3f, 0xff, 0xff, 0xe0,
    0x0, 0x5, 0x6d, 0xf6, 0x9f, 0xa0, 0x0, 0x0,
    0xe, 0xff, 0xff, 0x90, 0x0, 0x0, 0xe, 0xf5,
    0x7f, 0xe0, 0x0, 0x0, 0x9, 0xff, 0xff, 0x40,
    0x0, 0x0, 0x2f, 0xf2, 0x2f, 0xf4, 0x12, 0x0,
    0x0, 0x11, 0x11, 0x0, 0x1, 0x30, 0x8f, 0xd0,
    0xc, 0xfc, 0x8f, 0xfe, 0xa0, 0x0, 0x0, 0x1c,
    0xff, 0xf5, 0xff, 0x70, 0x4, 0xff, 0xff, 0xff,
    0xf3, 0x0, 0x0, 0x8f, 0xff, 0xff, 0xfe, 0x0,
    0x0, 0xaf, 0xff, 0xff, 0xfb, 0x0, 0x0, 0xff,
    0xff, 0xff, 0xf5, 0x0, 0x0, 0xc, 0xff, 0xff,
    0xff, 0x20, 0x7, 0xff, 0xff, 0xff, 0x80, 0x0,
    0x0, 0x1, 0xbf, 0xff, 0xf8, 0x0, 0x1, 0xcf,
    0xff, 0xf7, 0x0, 0x0, 0x0, 0x0, 0x8, 0xff,
    0xff, 0xfd, 0xef, 0xff, 0xfe, 0x50, 0x0, 0x0,
    0x0, 0x0, 0x0, 0x19, 0xef, 0xff, 0xff, 0xfc,
    0x70, 0x0, 0x0, 0x0, 0x0, 0x0, 0x0, 0x0,
    0x2, 0x45, 0x54, 0x10, 0x0, 0x0, 0x0, 0x0,

    /* U+F1EB "" */
    0x0, 0x0, 0x0, 0x0, 0x0, 0x0, 0x0, 0x0,
    0x0, 0x0, 0x0, 0x0, 0x0, 0x0, 0x0, 0x0,
    0x0, 0x0, 0x0, 0x0, 0x3, 0x56, 0x77, 0x65,
    0x30, 0x0, 0x0, 0x0, 0x0, 0x0, 0x0, 0x0,
    0x0, 0x2, 0x7c, 0xff, 0xff, 0xff, 0xff, 0xff,
    0xc7, 0x20, 0x0, 0x0, 0x0, 0x0, 0x0, 0x5,
    0xcf, 0xff, 0xff, 0xff, 0xff, 0xff, 0xff, 0xff,
    0xfc, 0x50, 0x0, 0x0, 0x0, 0x3, 0xdf, 0xff,
    0xff, 0xff, 0xff, 0xff, 0xff, 0xff, 0xff, 0xff,
    0xfd, 0x30, 0x0, 0x0, 0x8f, 0xff, 0xff, 0xff,
    0xc9, 0x65, 0x44, 0x56, 0x9c, 0xff, 0xff, 0xff,
    0xf8, 0x0, 0x1c, 0xff, 0xff, 0xfd, 0x61, 0x0,
    0x0, 0x0, 0x0, 0x0, 0x16, 0xdf, 0xff, 0xff,
    0xc1, 0xdf, 0xff, 0xfe, 0x50, 0x0, 0x0, 0x0,
    0x0, 0x0, 0x0, 0x0, 0x5, 0xef, 0xff, 0xfd,
    0x9f, 0xff, 0x90, 0x0, 0x0, 0x0, 0x0, 0x0,
    0x0, 0x0, 0x0, 0x0, 0x9, 0xff, 0xf9, 0x9,
    0xf6, 0x0, 0x0, 0x0, 0x48, 0xcd, 0xff, 0xdc,
    0x84, 0x0, 0x0, 0x0, 0x6f, 0x90, 0x0, 0x10,
    0x0, 0x0, 0x6e, 0xff, 0xff, 0xff, 0xff, 0xff,
    0xe6, 0x0, 0x0, 0x1, 0x0, 0x0, 0x0, 0x0,
    0x3d, 0xff, 0xff, 0xff, 0xff, 0xff, 0xff, 0xff,
    0xd3, 0x0, 0x0, 0x0, 0x0, 0x0, 0x5, 0xff,
    0xff, 0xff, 0xfe, 0xcc, 0xef, 0xff, 0xff, 0xff,
    0x50, 0x0, 0x0, 0x0, 0x0, 0x8, 0xff, 0xff,
    0xc5, 0x10, 0x0, 0x1, 0x5c, 0xff, 0xff, 0x80,
    0x0, 0x0, 0x0, 0x0, 0x0, 0xaf, 0xe4, 0x0,
    0x0, 0x0, 0x0, 0x0, 0x4e, 0xfa, 0x0, 0x0,
    0x0, 0x0, 0x0, 0x0, 0x6, 0x10, 0x0, 0x0,
    0x0, 0x0, 0x0, 0x1, 0x60, 0x0, 0x0, 0x0,
    0x0, 0x0, 0x0, 0x0, 0x0, 0x0, 0x0, 0x22,
    0x0, 0x0, 0x0, 0x0, 0x0, 0x0, 0x0, 0x0,
    0x0, 0x0, 0x0, 0x0, 0x0, 0x1d, 0xff, 0xc1,
    0x0, 0x0, 0x0, 0x0, 0x0, 0x0, 0x0, 0x0,
    0x0, 0x0, 0x0, 0x0, 0xbf, 0xff, 0xfb, 0x0,
    0x0, 0x0, 0x0, 0x0, 0x0, 0x0, 0x0, 0x0,
    0x0, 0x0, 0x0, 0xff, 0xff, 0xff, 0x0, 0x0,
    0x0, 0x0, 0x0, 0x0, 0x0, 0x0, 0x0, 0x0,
    0x0, 0x0, 0xdf, 0xff, 0xfd, 0x0, 0x0, 0x0,
    0x0, 0x0, 0x0, 0x0, 0x0, 0x0, 0x0, 0x0,
    0x0, 0x5f, 0xff, 0xf5, 0x0, 0x0, 0x0, 0x0,
    0x0, 0x0, 0x0, 0x0, 0x0, 0x0, 0x0, 0x0,
    0x4, 0xaa, 0x40, 0x0, 0x0, 0x0, 0x0, 0x0,
    0x0,

    /* U+F1FD "" */
    0x0, 0x0, 0x83, 0x0, 0x0, 0x83, 0x0, 0x0,
    0x83, 0x0, 0x0, 0x0, 0x2f, 0xc0, 0x0, 0x2f,
    0xc0, 0x0, 0x2f, 0xc0, 0x0, 0x0, 0xd, 0xff,
    0x0, 0xd, 0xff, 0x0, 0xd, 0xff, 0x0, 0x0,
    0x0, 0xdf, 0xd0, 0x0, 0xdf, 0xd0, 0x0, 0xdf,
    0xd0, 0x0, 0x0, 0x2, 0x72, 0x0, 0x2, 0x72,
    0x0, 0x2, 0x72, 0x0, 0x0, 0x0, 0xcc, 0xc0,
    0x0, 0xcc, 0xc0, 0x0, 0xcc, 0xc0, 0x0, 0x0,
    0xf, 0xff, 0x0, 0xf, 0xff, 0x0, 0xf, 0xff,
    0x0, 0x0, 0x0, 0xff, 0xf0, 0x0, 0xff, 0xf0,
    0x0, 0xff, 0xf0, 0x0, 0x0, 0xf, 0xff, 0x0,
    0xf, 0xff, 0x0, 0xf, 0xff, 0x0, 0x0, 0x0,
    0xff, 0xf0, 0x0, 0xff, 0xf0, 0x0, 0xff, 0xf0,
    0x0, 0x0, 0xf, 0xff, 0x0, 0xf, 0xff, 0x0,
    0xf, 0xff, 0x0, 0x0, 0x0, 0xff, 0xf0, 0x0,
    0xff, 0xf0, 0x0, 0xff, 0xf0, 0x0, 0x3d, 0xff,
    0xff, 0xff, 0xff, 0xff, 0xff, 0xff, 0xff, 0xfd,
    0x3d, 0xff, 0xff, 0xff, 0xff, 0xff, 0xff, 0xff,
    0xff, 0xff, 0xfd, 0xff, 0xff, 0xff, 0xff, 0xff,
    0xff, 0xff, 0xff, 0xff, 0xff, 0xff, 0xff, 0xff,
    0xff, 0xff, 0xff, 0xff, 0xff, 0xff, 0xff, 0xff,
    0xff, 0xb8, 0xbf, 0xff, 0xfb, 0x8b, 0xff, 0xff,
    0xb8, 0xbf, 0xfd, 0x30, 0x0, 0x4d, 0xd4, 0x0,
    0x3, 0xdd, 0x40, 0x0, 0x4d, 0x0, 0x9e, 0x90,
    0x0, 0x9, 0xe9, 0x0, 0x0, 0x9e, 0x80, 0x9,
    0xef, 0xff, 0xe9, 0x9e, 0xff, 0xfe, 0x99, 0xef,
    0xff, 0xe9, 0xff, 0xff, 0xff, 0xff, 0xff, 0xff,
    0xff, 0xff, 0xff, 0xff, 0xff, 0xff, 0xff, 0xff,
    0xff, 0xff, 0xff, 0xff, 0xff, 0xff, 0xff, 0xff,
    0xff, 0xff, 0xff, 0xff, 0xff, 0xff, 0xff, 0xff,
    0xff, 0xff, 0xff, 0xff, 0xff, 0xff, 0xff, 0xff,
    0xff, 0xff, 0xff, 0xff,

    /* U+F236 "" */
    0xdf, 0xd0, 0x0, 0x0, 0x0, 0x0, 0x0, 0x0,
    0x0, 0x0, 0x0, 0x0, 0x0, 0x0, 0x0, 0xff,
    0xf0, 0x0, 0x16, 0x74, 0x0, 0x0, 0x0, 0x0,
    0x0, 0x0, 0x0, 0x0, 0x0, 0x0, 0xff, 0xf0,
    0x4, 0xff, 0xff, 0xb0, 0x0, 0x0, 0x0, 0x0,
    0x0, 0x0, 0x0, 0x0, 0x0, 0xff, 0xf0, 0x1f,
    0xff, 0xff, 0xf8, 0x5, 0xff, 0xff, 0xff, 0xff,
    0xff, 0xfe, 0xa3, 0x0, 0xff, 0xf0, 0x6f, 0xff,
    0xff, 0xfe, 0x8, 0xff, 0xff, 0xff, 0xff, 0xff,
    0xff, 0xff, 0x60, 0xff, 0xf0, 0x7f, 0xff, 0xff,
    0xff, 0x8, 0xff, 0xff, 0xff, 0xff, 0xff, 0xff,
    0xff, 0xf3, 0xff, 0xf0, 0x4f, 0xff, 0xff, 0xfc,
    0x8, 0xff, 0xff, 0xff, 0xff, 0xff, 0xff, 0xff,
    0xfa, 0xff, 0xf0, 0xb, 0xff, 0xff, 0xf3, 0x8,
    0xff, 0xff, 0xff, 0xff, 0xff, 0xff, 0xff, 0xfe,
    0xff, 0xf0, 0x0, 0x8e, 0xfc, 0x30, 0x8, 0xff,
    0xff, 0xff, 0xff, 0xff, 0xff, 0xff, 0xff, 0xff,
    0xf0, 0x0, 0x0, 0x0, 0x0, 0x8, 0xff, 0xff,
    0xff, 0xff, 0xff, 0xff, 0xff, 0xff, 0xff, 0xf8,
    0x88, 0x88, 0x88, 0x88, 0x8c, 0xff, 0xff, 0xff,
    0xff, 0xff, 0xff, 0xff, 0xff, 0xff, 0xff, 0xff,
    0xff, 0xff, 0xff, 0xff, 0xff, 0xff, 0xff, 0xff,
    0xff, 0xff, 0xff, 0xff, 0xff, 0xff, 0xff, 0xff,
    0xff, 0xff, 0xff, 0xff, 0xff, 0xff, 0xff, 0xff,
    0xff, 0xff, 0xff, 0xff, 0xff, 0xff, 0xff, 0xff,
    0xff, 0xff, 0xff, 0xff, 0xff, 0xff, 0xff, 0xff,
    0xff, 0xff, 0xff, 0xff, 0xff, 0xff, 0xff, 0xff,
    0xff, 0xff, 0xff, 0xff, 0xff, 0xff, 0xff, 0xff,
    0xff, 0xff, 0xf0, 0x0, 0x0, 0x0, 0x0, 0x0,
    0x0, 0x0, 0x0, 0x0, 0x0, 0x0, 0xf, 0xff,
    0xff, 0xf0, 0x0, 0x0, 0x0, 0x0, 0x0, 0x0,
    0x0, 0x0, 0x0, 0x0, 0x0, 0xf, 0xff, 0xdf,
    0xd0, 0x0, 0x0, 0x0, 0x0, 0x0, 0x0, 0x0,
    0x0, 0x0, 0x0, 0x0, 0xd, 0xfd,

    /* U+F240 "" */
    0x1, 0x44, 0x44, 0x44, 0x44, 0x44, 0x44, 0x44,
    0x44, 0x44, 0x44, 0x44, 0x44, 0x30, 0x0, 0x6f,
    0xff, 0xff, 0xff, 0xff, 0xff, 0xff, 0xff, 0xff,
    0xff, 0xff, 0xff, 0xff, 0xfd, 0x0, 0xef, 0xff,
    0xff, 0xff, 0xff, 0xff, 0xff, 0xff, 0xff, 0xff,
    0xff, 0xff, 0xff, 0xff, 0x60, 0xff, 0xfb, 0xbb,
    0xbb, 0xbb, 0xbb, 0xbb, 0xbb, 0xbb, 0xbb, 0xbb,
    0xbb, 0xbd, 0xff, 0xa1, 0xff, 0xf0, 0x0, 0x0,
    0x0, 0x0, 0x0, 0x0, 0x0, 0x0, 0x0, 0x0,
    0x8, 0xff, 0xfe, 0xff, 0xf0, 0x8f, 0xff, 0xff,
    0xff, 0xff, 0xff, 0xff, 0xff, 0xff, 0xff, 0x8,
    0xff, 0xff, 0xff, 0xf0, 0x8f, 0xff, 0xff, 0xff,
    0xff, 0xff, 0xff, 0xff, 0xff, 0xff, 0x5, 0xbf,
    0xff, 0xff, 0xf0, 0x8f, 0xff, 0xff, 0xff, 0xff,
    0xff, 0xff, 0xff, 0xff, 0xff, 0x0, 0xf, 0xff,
    0xff, 0xf0, 0x8f, 0xff, 0xff, 0xff, 0xff, 0xff,
    0xff, 0xff, 0xff, 0xff, 0x0, 0xf, 0xff, 0xff,
    0xf0, 0x8f, 0xff, 0xff, 0xff, 0xff, 0xff, 0xff,
    0xff, 0xff, 0xff, 0x2, 0x4f, 0xff, 0xff, 0xf0,
    0x8f, 0xff, 0xff, 0xff, 0xff, 0xff, 0xff, 0xff,
    0xff, 0xff, 0x8, 0xff, 0xff, 0xff, 0xf0, 0x0,
    0x0, 0x0, 0x0, 0x0, 0x0, 0x0, 0x0, 0x0,
    0x0, 0x8, 0xff, 0xff, 0xff, 0xf4, 0x44, 0x44,
    0x44, 0x44, 0x44, 0x44, 0x44, 0x44, 0x44, 0x44,
    0x4a, 0xff, 0xd7, 0xff, 0xff, 0xff, 0xff, 0xff,
    0xff, 0xff, 0xff, 0xff, 0xff, 0xff, 0xff, 0xff,
    0xff, 0x70, 0xbf, 0xff, 0xff, 0xff, 0xff, 0xff,
    0xff, 0xff, 0xff, 0xff, 0xff, 0xff, 0xff, 0xff,
    0x30, 0x18, 0xbb, 0xbb, 0xbb, 0xbb, 0xbb, 0xbb,
    0xbb, 0xbb, 0xbb, 0xbb, 0xbb, 0xbb, 0xa4, 0x0,

    /* U+F241 "" */
    0x1, 0x44, 0x44, 0x44, 0x44, 0x44, 0x44, 0x44,
    0x44, 0x44, 0x44, 0x44, 0x44, 0x30, 0x0, 0x6f,
    0xff, 0xff, 0xff, 0xff, 0xff, 0xff, 0xff, 0xff,
    0xff, 0xff, 0xff, 0xff, 0xfd, 0x0, 0xef, 0xff,
    0xff, 0xff, 0xff, 0xff, 0xff, 0xff, 0xff, 0xff,
    0xff, 0xff, 0xff, 0xff, 0x60, 0xff, 0xfb, 0xbb,
    0xbb, 0xbb, 0xbb, 0xbb, 0xbb, 0xbb, 0xbb, 0xbb,
    0xbb, 0xbd, 0xff, 0xa1, 0xff, 0xf0, 0x0, 0x0,
    0x0, 0x0, 0x0, 0x0, 0x0, 0x0, 0x0, 0x0,
    0x8, 0xff, 0xfe, 0xff, 0xf0, 0xbf, 0xff, 0xff,
    0xff, 0xff, 0xff, 0xff, 0xf4, 0x0, 0x0, 0x8,
    0xff, 0xff, 0xff, 0xf0, 0xbf, 0xff, 0xff, 0xff,
    0xff, 0xff, 0xff, 0xf4, 0x0, 0x0, 0x5, 0xbf,
    0xff, 0xff, 0xf0, 0xbf, 0xff, 0xff, 0xff, 0xff,
    0xff, 0xff, 0xf4, 0x0, 0x0, 0x0, 0xf, 0xff,
    0xff, 0xf0, 0xbf, 0xff, 0xff, 0xff, 0xff, 0xff,
    0xff, 0xf4, 0x0, 0x0, 0x0, 0xf, 0xff, 0xff,
    0xf0, 0xbf, 0xff, 0xff, 0xff, 0xff, 0xff, 0xff,
    0xf4, 0x0, 0x0, 0x2, 0x4f, 0xff, 0xff, 0xf0,
    0xbf, 0xff, 0xff, 0xff, 0xff, 0xff, 0xff, 0xf4,
    0x0, 0x0, 0x8, 0xff, 0xff, 0xff, 0xf0, 0x0,
    0x0, 0x0, 0x0, 0x0, 0x0, 0x0, 0x0, 0x0,
    0x0, 0x8, 0xff, 0xff, 0xff, 0xf4, 0x44, 0x44,
    0x44, 0x44, 0x44, 0x44, 0x44, 0x44, 0x44, 0x44,
    0x4a, 0xff, 0xd7, 0xff, 0xff, 0xff, 0xff, 0xff,
    0xff, 0xff, 0xff, 0xff, 0xff, 0xff, 0xff, 0xff,
    0xff, 0x70, 0xbf, 0xff, 0xff, 0xff, 0xff, 0xff,
    0xff, 0xff, 0xff, 0xff, 0xff, 0xff, 0xff, 0xff,
    0x30, 0x18, 0xbb, 0xbb, 0xbb, 0xbb, 0xbb, 0xbb,
    0xbb, 0xbb, 0xbb, 0xbb, 0xbb, 0xbb, 0xa4, 0x0,

    /* U+F242 "" */
    0x1, 0x44, 0x44, 0x44, 0x44, 0x44, 0x44, 0x44,
    0x44, 0x44, 0x44, 0x44, 0x44, 0x30, 0x0, 0x6f,
    0xff, 0xff, 0xff, 0xff, 0xff, 0xff, 0xff, 0xff,
    0xff, 0xff, 0xff, 0xff, 0xfd, 0x0, 0xef, 0xff,
    0xff, 0xff, 0xff, 0xff, 0xff, 0xff, 0xff, 0xff,
    0xff, 0xff, 0xff, 0xff, 0x60, 0xff, 0xfb, 0xbb,
    0xbb, 0xbb, 0xbb, 0xbb, 0xbb, 0xbb, 0xbb, 0xbb,
    0xbb, 0xbd, 0xff, 0xa1, 0xff, 0xf0, 0x0, 0x0,
    0x0, 0x0, 0x0, 0x0, 0x0, 0x0, 0x0, 0x0,
    0x8, 0xff, 0xfe, 0xff, 0xf0, 0x8f, 0xff, 0xff,
    0xff, 0xff, 0xf0, 0x0, 0x0, 0x0, 0x0, 0x8,
    0xff, 0xff, 0xff, 0xf0, 0x8f, 0xff, 0xff, 0xff,
    0xff, 0xf0, 0x0, 0x0, 0x0, 0x0, 0x5, 0xbf,
    0xff, 0xff, 0xf0, 0x8f, 0xff, 0xff, 0xff, 0xff,
    0xf0, 0x0, 0x0, 0x0, 0x0, 0x0, 0xf, 0xff,
    0xff, 0xf0, 0x8f, 0xff, 0xff, 0xff, 0xff, 0xf0,
    0x0, 0x0, 0x0, 0x0, 0x0, 0xf, 0xff, 0xff,
    0xf0, 0x8f, 0xff, 0xff, 0xff, 0xff, 0xf0, 0x0,
    0x0, 0x0, 0x0, 0x2, 0x4f, 0xff, 0xff, 0xf0,
    0x8f, 0xff, 0xff, 0xff, 0xff, 0xf0, 0x0, 0x0,
    0x0, 0x0, 0x8, 0xff, 0xff, 0xff, 0xf0, 0x0,
    0x0, 0x0, 0x0, 0x0, 0x0, 0x0, 0x0, 0x0,
    0x0, 0x8, 0xff, 0xff, 0xff, 0xf4, 0x44, 0x44,
    0x44, 0x44, 0x44, 0x44, 0x44, 0x44, 0x44, 0x44,
    0x4a, 0xff, 0xd7, 0xff, 0xff, 0xff, 0xff, 0xff,
    0xff, 0xff, 0xff, 0xff, 0xff, 0xff, 0xff, 0xff,
    0xff, 0x70, 0xbf, 0xff, 0xff, 0xff, 0xff, 0xff,
    0xff, 0xff, 0xff, 0xff, 0xff, 0xff, 0xff, 0xff,
    0x30, 0x18, 0xbb, 0xbb, 0xbb, 0xbb, 0xbb, 0xbb,
    0xbb, 0xbb, 0xbb, 0xbb, 0xbb, 0xbb, 0xa4, 0x0,

    /* U+F243 "" */
    0x1, 0x44, 0x44, 0x44, 0x44, 0x44, 0x44, 0x44,
    0x44, 0x44, 0x44, 0x44, 0x44, 0x30, 0x0, 0x6f,
    0xff, 0xff, 0xff, 0xff, 0xff, 0xff, 0xff, 0xff,
    0xff, 0xff, 0xff, 0xff, 0xfd, 0x0, 0xef, 0xff,
    0xff, 0xff, 0xff, 0xff, 0xff, 0xff, 0xff, 0xff,
    0xff, 0xff, 0xff, 0xff, 0x60, 0xff, 0xfb, 0xbb,
    0xbb, 0xbb, 0xbb, 0xbb, 0xbb, 0xbb, 0xbb, 0xbb,
    0xbb, 0xbd, 0xff, 0xa1, 0xff, 0xf0, 0x0, 0x0,
    0x0, 0x0, 0x0, 0x0, 0x0, 0x0, 0x0, 0x0,
    0x8, 0xff, 0xfe, 0xff, 0xf0, 0xbf, 0xff, 0xff,
    0x40, 0x0, 0x0, 0x0, 0x0, 0x0, 0x0, 0x8,
    0xff, 0xff, 0xff, 0xf0, 0xbf, 0xff, 0xff, 0x40,
    0x0, 0x0, 0x0, 0x0, 0x0, 0x0, 0x5, 0xbf,
    0xff, 0xff, 0xf0, 0xbf, 0xff, 0xff, 0x40, 0x0,
    0x0, 0x0, 0x0, 0x0, 0x0, 0x0, 0xf, 0xff,
    0xff, 0xf0, 0xbf, 0xff, 0xff, 0x40, 0x0, 0x0,
    0x0, 0x0, 0x0, 0x0, 0x0, 0xf, 0xff, 0xff,
    0xf0, 0xbf, 0xff, 0xff, 0x40, 0x0, 0x0, 0x0,
    0x0, 0x0, 0x0, 0x2, 0x4f, 0xff, 0xff, 0xf0,
    0xbf, 0xff, 0xff, 0x40, 0x0, 0x0, 0x0, 0x0,
    0x0, 0x0, 0x8, 0xff, 0xff, 0xff, 0xf0, 0x0,
    0x0, 0x0, 0x0, 0x0, 0x0, 0x0, 0x0, 0x0,
    0x0, 0x8, 0xff, 0xff, 0xff, 0xf4, 0x44, 0x44,
    0x44, 0x44, 0x44, 0x44, 0x44, 0x44, 0x44, 0x44,
    0x4a, 0xff, 0xd7, 0xff, 0xff, 0xff, 0xff, 0xff,
    0xff, 0xff, 0xff, 0xff, 0xff, 0xff, 0xff, 0xff,
    0xff, 0x70, 0xbf, 0xff, 0xff, 0xff, 0xff, 0xff,
    0xff, 0xff, 0xff, 0xff, 0xff, 0xff, 0xff, 0xff,
    0x30, 0x18, 0xbb, 0xbb, 0xbb, 0xbb, 0xbb, 0xbb,
    0xbb, 0xbb, 0xbb, 0xbb, 0xbb, 0xbb, 0xa4, 0x0,

    /* U+F244 "" */
    0x1, 0x44, 0x44, 0x44, 0x44, 0x44, 0x44, 0x44,
    0x44, 0x44, 0x44, 0x44, 0x44, 0x30, 0x0, 0x6f,
    0xff, 0xff, 0xff, 0xff, 0xff, 0xff, 0xff, 0xff,
    0xff, 0xff, 0xff, 0xff, 0xfd, 0x0, 0xef, 0xff,
    0xff, 0xff, 0xff, 0xff, 0xff, 0xff, 0xff, 0xff,
    0xff, 0xff, 0xff, 0xff, 0x60, 0xff, 0xfb, 0xbb,
    0xbb, 0xbb, 0xbb, 0xbb, 0xbb, 0xbb, 0xbb, 0xbb,
    0xbb, 0xbd, 0xff, 0xa1, 0xff, 0xf0, 0x0, 0x0,
    0x0, 0x0, 0x0, 0x0, 0x0, 0x0, 0x0, 0x0,
    0x8, 0xff, 0xfe, 0xff, 0xf0, 0x0, 0x0, 0x0,
    0x0, 0x0, 0x0, 0x0, 0x0, 0x0, 0x0, 0x8,
    0xff, 0xff, 0xff, 0xf0, 0x0, 0x0, 0x0, 0x0,
    0x0, 0x0, 0x0, 0x0, 0x0, 0x0, 0x5, 0xbf,
    0xff, 0xff, 0xf0, 0x0, 0x0, 0x0, 0x0, 0x0,
    0x0, 0x0, 0x0, 0x0, 0x0, 0x0, 0xf, 0xff,
    0xff, 0xf0, 0x0, 0x0, 0x0, 0x0, 0x0, 0x0,
    0x0, 0x0, 0x0, 0x0, 0x0, 0xf, 0xff, 0xff,
    0xf0, 0x0, 0x0, 0x0, 0x0, 0x0, 0x0, 0x0,
    0x0, 0x0, 0x0, 0x2, 0x4f, 0xff, 0xff, 0xf0,
    0x0, 0x0, 0x0, 0x0, 0x0, 0x0, 0x0, 0x0,
    0x0, 0x0, 0x8, 0xff, 0xff, 0xff, 0xf0, 0x0,
    0x0, 0x0, 0x0, 0x0, 0x0, 0x0, 0x0, 0x0,
    0x0, 0x8, 0xff, 0xff, 0xff, 0xf4, 0x44, 0x44,
    0x44, 0x44, 0x44, 0x44, 0x44, 0x44, 0x44, 0x44,
    0x4a, 0xff, 0xd7, 0xff, 0xff, 0xff, 0xff, 0xff,
    0xff, 0xff, 0xff, 0xff, 0xff, 0xff, 0xff, 0xff,
    0xff, 0x70, 0xbf, 0xff, 0xff, 0xff, 0xff, 0xff,
    0xff, 0xff, 0xff, 0xff, 0xff, 0xff, 0xff, 0xff,
    0x30, 0x18, 0xbb, 0xbb, 0xbb, 0xbb, 0xbb, 0xbb,
    0xbb, 0xbb, 0xbb, 0xbb, 0xbb, 0xbb, 0xa4, 0x0,

    /* U+F25B "" */
    0x0, 0x0, 0x0, 0x0, 0x2, 0xcf, 0x90, 0x0,
    0x0, 0x0, 0x0, 0x0, 0x0, 0x0, 0x0, 0xb,
    0xff, 0xf6, 0x0, 0x0, 0x0, 0x0, 0x2, 0x9a,
    0x30, 0x0, 0xe, 0xff, 0xf9, 0x0, 0x0, 0x0,
    0x0, 0xd, 0xff, 0xf1, 0x0, 0xe, 0xff, 0xf9,
    0x0, 0x0, 0x0, 0x0, 0x2f, 0xff, 0xf8, 0x0,
    0xe, 0xff, 0xf9, 0x0, 0x0, 0x0, 0x0, 0xe,
    0xff, 0xfe, 0x0, 0xe, 0xff, 0xf9, 0x0, 0x0,
    0x0, 0x0, 0x9, 0xff, 0xff, 0x40, 0xe, 0xff,
    0xf9, 0x0, 0x0, 0x0, 0x0, 0x2, 0xff, 0xff,
    0xa0, 0xe, 0xff, 0xf9, 0x0, 0x0, 0x0, 0x0,
    0x0, 0xcf, 0xff, 0xf1, 0xe, 0xff, 0xf9, 0x4,
    0x30, 0x0, 0x0, 0x0, 0x6f, 0xff, 0xf7, 0xe,
    0xff, 0xf9, 0xbf, 0xf5, 0x0, 0x0, 0x0, 0xf,
    0xff, 0xfd, 0xe, 0xff, 0xf9, 0xff, 0xfa, 0x3c,
    0xb2, 0x0, 0x9, 0xff, 0xff, 0x3e, 0xff, 0xfa,
    0xff, 0xfb, 0xdf, 0xfb, 0x0, 0x3, 0xff, 0xff,
    0xff, 0xff, 0xff, 0xff, 0xff, 0xff, 0xfd, 0x0,
    0x0, 0xdf, 0xff, 0xff, 0xff, 0xff, 0xff, 0xff,
    0xff, 0xfd, 0x0, 0x1, 0xcf, 0xff, 0xff, 0xff,
    0xff, 0xff, 0xff, 0xff, 0xfd, 0x0, 0x2e, 0xff,
    0xff, 0xff, 0xff, 0xff, 0xff, 0xff, 0xff, 0xfd,
    0x0, 0x9f, 0xff, 0xff, 0xff, 0xff, 0xff, 0xff,
    0xff, 0xff, 0xfb, 0x0, 0x8f, 0xff, 0xff, 0xff,
    0xff, 0xff, 0xff, 0xff, 0xff, 0xf7, 0x0, 0x1f,
    0xff, 0xff, 0xff, 0xff, 0xff, 0xff, 0xff, 0xff,
    0xf3, 0x0, 0x7, 0xff, 0xff, 0xff, 0xff, 0xff,
    0xff, 0xff, 0xff, 0xf0, 0x0, 0x0, 0xdf, 0xff,
    0xff, 0xff, 0xff, 0xff, 0xff, 0xff, 0xc0, 0x0,
    0x0, 0x5f, 0xff, 0xff, 0xff, 0xff, 0xff, 0xff,
    0xff, 0x80, 0x0, 0x0, 0xc, 0xff, 0xff, 0xff,
    0xff, 0xff, 0xff, 0xff, 0x40, 0x0, 0x0, 0x2,
    0xcf, 0xff, 0xff, 0xff, 0xff, 0xff, 0xfa, 0x0,

    /* U+F287 "" */
    0x0, 0x0, 0x0, 0x0, 0x0, 0x0, 0x0, 0x0,
    0x1, 0x0, 0x0, 0x0, 0x0, 0x0, 0x0, 0x0,
    0x0, 0x0, 0x0, 0x0, 0x0, 0x0, 0x0, 0x2d,
    0xfe, 0x30, 0x0, 0x0, 0x0, 0x0, 0x0, 0x0,
    0x0, 0x0, 0x0, 0x0, 0x0, 0x27, 0x7d, 0xff,
    0xfd, 0x0, 0x0, 0x0, 0x0, 0x0, 0x0, 0x0,
    0x0, 0x0, 0x0, 0x0, 0x4f, 0xff, 0xff, 0xff,
    0xf0, 0x0, 0x0, 0x0, 0x0, 0x0, 0x0, 0x0,
    0x0, 0x0, 0x0, 0xe, 0xf5, 0x3a, 0xff, 0xfb,
    0x0, 0x0, 0x0, 0x0, 0x0, 0x0, 0x0, 0x0,
    0x0, 0x0, 0x7, 0xf6, 0x0, 0x9, 0xda, 0x0,
    0x0, 0x0, 0x0, 0x0, 0x0, 0x0, 0x2, 0x0,
    0x0, 0x0, 0xed, 0x0, 0x0, 0x0, 0x0, 0x0,
    0x0, 0x0, 0x0, 0x0, 0x0, 0x9f, 0xfe, 0x50,
    0x0, 0x6f, 0x60, 0x0, 0x0, 0x0, 0x0, 0x0,
    0x0, 0xa4, 0x0, 0x0, 0x8f, 0xff, 0xff, 0x30,
    0x1e, 0xe0, 0x0, 0x0, 0x0, 0x0, 0x0, 0x0,
    0xf, 0xfa, 0x10, 0xe, 0xff, 0xff, 0xfd, 0xbe,
    0xfe, 0xbb, 0xbb, 0xbb, 0xbb, 0xbb, 0xbb, 0xbb,
    0xff, 0xff, 0x60, 0xef, 0xff, 0xff, 0xff, 0xff,
    0xff, 0xff, 0xff, 0xff, 0xff, 0xff, 0xff, 0xff,
    0xff, 0xfb, 0xa, 0xff, 0xff, 0xf5, 0x0, 0x0,
    0x1c, 0xf3, 0x0, 0x0, 0x0, 0x0, 0x0, 0xff,
    0xd4, 0x0, 0x1c, 0xff, 0xf9, 0x0, 0x0, 0x0,
    0x2f, 0xa0, 0x0, 0x0, 0x0, 0x0, 0xe, 0x70,
    0x0, 0x0, 0x4, 0x63, 0x0, 0x0, 0x0, 0x0,
    0xbf, 0x20, 0x0, 0x0, 0x0, 0x0, 0x0, 0x0,
    0x0, 0x0, 0x0, 0x0, 0x0, 0x0, 0x0, 0x3,
    0xfb, 0x0, 0x8f, 0xff, 0xf5, 0x0, 0x0, 0x0,
    0x0, 0x0, 0x0, 0x0, 0x0, 0x0, 0x0, 0xa,
    0xf8, 0x4b, 0xff, 0xff, 0x60, 0x0, 0x0, 0x0,
    0x0, 0x0, 0x0, 0x0, 0x0, 0x0, 0x0, 0xb,
    0xff, 0xff, 0xff, 0xf6, 0x0, 0x0, 0x0, 0x0,
    0x0, 0x0, 0x0, 0x0, 0x0, 0x0, 0x0, 0x3,
    0x5c, 0xff, 0xff, 0x60, 0x0, 0x0, 0x0, 0x0,
    0x0, 0x0, 0x0, 0x0, 0x0, 0x0, 0x0, 0x0,
    0x9f, 0xff, 0xf5, 0x0, 0x0, 0x0, 0x0, 0x0,
    0x0, 0x0, 0x0, 0x0, 0x0, 0x0, 0x0, 0x0,
    0x11, 0x10, 0x0, 0x0, 0x0, 0x0,

    /* U+F293 "" */
    0x0, 0x0, 0x2, 0x8c, 0xef, 0xfe, 0xa6, 0x0,
    0x0, 0x0, 0x0, 0x9, 0xff, 0xff, 0xff, 0xff,
    0xfe, 0x30, 0x0, 0x0, 0xc, 0xff, 0xff, 0xf4,
    0xff, 0xff, 0xff, 0x40, 0x0, 0xa, 0xff, 0xff,
    0xff, 0x5, 0xff, 0xff, 0xfe, 0x10, 0x2, 0xff,
    0xff, 0xff, 0xf0, 0x5, 0xff, 0xff, 0xf8, 0x0,
    0x9f, 0xff, 0xff, 0xff, 0x0, 0x6, 0xff, 0xff,
    0xe0, 0xe, 0xff, 0xfc, 0xff, 0xf0, 0x16, 0x7,
    0xff, 0xff, 0x21, 0xff, 0xf8, 0x9, 0xff, 0x1,
    0xf6, 0x7, 0xff, 0xf5, 0x4f, 0xff, 0xd1, 0x9,
    0xf0, 0x1f, 0x70, 0x6f, 0xff, 0x86, 0xff, 0xff,
    0xd1, 0x7, 0x1, 0x70, 0x5f, 0xff, 0xf9, 0x7f,
    0xff, 0xff, 0xd1, 0x0, 0x0, 0x3f, 0xff, 0xff,
    0xa7, 0xff, 0xff, 0xff, 0xc1, 0x0, 0x2e, 0xff,
    0xff, 0xfb, 0x7f, 0xff, 0xff, 0xff, 0x30, 0x5,
    0xff, 0xff, 0xff, 0xb7, 0xff, 0xff, 0xff, 0x40,
    0x0, 0x6, 0xff, 0xff, 0xfa, 0x6f, 0xff, 0xff,
    0x40, 0x30, 0x3, 0x7, 0xff, 0xff, 0xa4, 0xff,
    0xff, 0x40, 0x4e, 0x1, 0xe2, 0x8, 0xff, 0xf8,
    0x2f, 0xff, 0x70, 0x4f, 0xf0, 0x1f, 0x90, 0x2f,
    0xff, 0x60, 0xef, 0xff, 0x7f, 0xff, 0x1, 0xb0,
    0x2e, 0xff, 0xf3, 0xa, 0xff, 0xff, 0xff, 0xf0,
    0x0, 0x2e, 0xff, 0xff, 0x0, 0x4f, 0xff, 0xff,
    0xff, 0x0, 0x2e, 0xff, 0xff, 0x90, 0x0, 0xbf,
    0xff, 0xff, 0xf0, 0x2e, 0xff, 0xff, 0xf2, 0x0,
    0x1, 0xdf, 0xff, 0xff, 0x3e, 0xff, 0xff, 0xf7,
    0x0, 0x0, 0x0, 0xaf, 0xff, 0xff, 0xff, 0xff,
    0xf7, 0x0, 0x0, 0x0, 0x0, 0x28, 0xce, 0xff,
    0xec, 0x82, 0x0, 0x0,

    /* U+F2DC "" */
    0x0, 0x0, 0x0, 0x0, 0x0, 0xdf, 0xd0, 0x0,
    0x0, 0x0, 0x0, 0x0, 0x0, 0x0, 0x0, 0x7,
    0xf, 0xff, 0x6, 0x0, 0x0, 0x0, 0x0, 0x0,
    0x0, 0x0, 0x9, 0xfc, 0xff, 0xfc, 0xf9, 0x0,
    0x0, 0x0, 0x0, 0x0, 0x0, 0x0, 0x5f, 0xff,
    0xff, 0xff, 0x50, 0x0, 0x0, 0x0, 0x0, 0x0,
    0xbf, 0x20, 0x5f, 0xff, 0xff, 0x50, 0x2f, 0xb0,
    0x0, 0x0, 0x2b, 0x4c, 0xf6, 0x0, 0x5f, 0xff,
    0x50, 0x7, 0xfc, 0x4b, 0x20, 0xb, 0xff, 0xff,
    0xb0, 0x0, 0xff, 0xf0, 0x0, 0xbf, 0xff, 0xfb,
    0x0, 0xdf, 0xff, 0xff, 0x0, 0xf, 0xff, 0x0,
    0xf, 0xff, 0xff, 0xd0, 0x0, 0x9f, 0xff, 0xfe,
    0x60, 0xff, 0xf0, 0x6e, 0xff, 0xff, 0x90, 0x0,
    0x9f, 0xff, 0xff, 0xff, 0xcf, 0xff, 0xcf, 0xff,
    0xff, 0xff, 0x90, 0x9, 0xfd, 0x95, 0xcf, 0xff,
    0xff, 0xff, 0xff, 0xc5, 0x9d, 0xf9, 0x0, 0x1,
    0x0, 0x0, 0x5e, 0xff, 0xff, 0xfe, 0x50, 0x0,
    0x1, 0x0, 0x0, 0x10, 0x0, 0x5, 0xef, 0xff,
    0xff, 0xe5, 0x0, 0x0, 0x10, 0x0, 0x9f, 0xd8,
    0x5c, 0xff, 0xff, 0xff, 0xff, 0xfc, 0x58, 0xdf,
    0x90, 0xa, 0xff, 0xff, 0xff, 0xfc, 0xff, 0xfc,
    0xff, 0xff, 0xff, 0xfa, 0x0, 0x9, 0xff, 0xff,
    0xe6, 0xf, 0xff, 0x6, 0xef, 0xff, 0xf9, 0x0,
    0xd, 0xff, 0xff, 0xf0, 0x0, 0xff, 0xf0, 0x0,
    0xff, 0xff, 0xfc, 0x0, 0xbf, 0xff, 0xfb, 0x0,
    0xf, 0xff, 0x0, 0xb, 0xff, 0xff, 0xb0, 0x2,
    0xb4, 0xdf, 0x60, 0x5, 0xff, 0xf5, 0x0, 0x7f,
    0xc4, 0xb2, 0x0, 0x0, 0xb, 0xf2, 0x5, 0xff,
    0xff, 0xf5, 0x2, 0xfb, 0x0, 0x0, 0x0, 0x0,
    0x0, 0x4, 0xff, 0xff, 0xff, 0xf4, 0x0, 0x0,
    0x0, 0x0, 0x0, 0x0, 0x0, 0x9f, 0xcf, 0xff,
    0xcf, 0x80, 0x0, 0x0, 0x0, 0x0, 0x0, 0x0,
    0x0, 0x60, 0xff, 0xf0, 0x60, 0x0, 0x0, 0x0,
    0x0, 0x0, 0x0, 0x0, 0x0, 0xd, 0xfd, 0x0,
    0x0, 0x0, 0x0, 0x0,

    /* U+F2E7 "" */
    0x2e, 0xc0, 0xbe, 0x18, 0xf5, 0x0, 0x0, 0x1,
    0x8e, 0xe1, 0x6f, 0xf0, 0xff, 0x4b, 0xfa, 0x0,
    0x0, 0x2e, 0xff, 0xf4, 0x8f, 0xf0, 0xff, 0x5b,
    0xfd, 0x0, 0x1, 0xef, 0xff, 0xf4, 0xaf, 0xf1,
    0xff, 0x5b, 0xff, 0x0, 0xb, 0xff, 0xff, 0xf4,
    0xdf, 0xf1, 0xff, 0x6b, 0xff, 0x10, 0x4f, 0xff,
    0xff, 0xf4, 0xef, 0xf2, 0xff, 0x7b, 0xff, 0x30,
    0xbf, 0xff, 0xff, 0xf4, 0xff, 0xf3, 0xff, 0x8b,
    0xff, 0x41, 0xff, 0xff, 0xff, 0xf4, 0xef, 0xfa,
    0xff, 0xcd, 0xff, 0x23, 0xff, 0xff, 0xff, 0xf4,
    0xbf, 0xff, 0xff, 0xff, 0xff, 0x3, 0xff, 0xff,
    0xff, 0xf4, 0x5f, 0xff, 0xff, 0xff, 0xf8, 0x0,
    0xff, 0xff, 0xff, 0xf4, 0x8, 0xff, 0xff, 0xff,
    0xb0, 0x0, 0xbf, 0xff, 0xff, 0xf4, 0x0, 0x4e,
    0xff, 0xf7, 0x0, 0x0, 0x3f, 0xff, 0xff, 0xf4,
    0x0, 0xd, 0xff, 0xf1, 0x0, 0x0, 0x8, 0xff,
    0xff, 0xf4, 0x0, 0xd, 0xff, 0xf2, 0x0, 0x0,
    0x0, 0x9f, 0xff, 0xf4, 0x0, 0xe, 0xff, 0xf3,
    0x0, 0x0, 0x0, 0xe, 0xff, 0xf4, 0x0, 0xf,
    0xff, 0xf4, 0x0, 0x0, 0x0, 0xf, 0xff, 0xf4,
    0x0, 0xf, 0xff, 0xf4, 0x0, 0x0, 0x0, 0x1f,
    0xff, 0xf4, 0x0, 0x1f, 0xff, 0xf5, 0x0, 0x0,
    0x0, 0x2f, 0xff, 0xf4, 0x0, 0x2f, 0xff, 0xf6,
    0x0, 0x0, 0x0, 0x3f, 0xff, 0xf4, 0x0, 0x3f,
    0xff, 0xf7, 0x0, 0x0, 0x0, 0x5f, 0xff, 0xf4,
    0x0, 0x4f, 0xff, 0xf8, 0x0, 0x0, 0x0, 0x6f,
    0xff, 0xf4, 0x0, 0x4f, 0xff, 0xf9, 0x0, 0x0,
    0x0, 0x7f, 0xff, 0xf4, 0x0, 0x5f, 0xff, 0xfa,
    0x0, 0x0, 0x0, 0x9f, 0xff, 0xf4, 0x0, 0x2e,
    0xff, 0xf6, 0x0, 0x0, 0x0, 0x5f, 0xff, 0xe1,

    /* U+F2ED "" */
    0x0, 0x0, 0x0, 0x1a, 0xcc, 0xcc, 0xca, 0x10,
    0x0, 0x0, 0x2, 0x44, 0x44, 0x49, 0xff, 0xff,
    0xff, 0xf9, 0x44, 0x44, 0x42, 0xff, 0xff, 0xff,
    0xff, 0xff, 0xff, 0xff, 0xff, 0xff, 0xff, 0xff,
    0xff, 0xff, 0xff, 0xff, 0xff, 0xff, 0xff, 0xff,
    0xff, 0xff, 0x9b, 0xbb, 0xbb, 0xbb, 0xbb, 0xbb,
    0xbb, 0xbb, 0xbb, 0xbb, 0x80, 0x0, 0x0, 0x0,
    0x0, 0x0, 0x0, 0x0, 0x0, 0x0, 0x0, 0x8,
    0xff, 0xff, 0xff, 0xff, 0xff, 0xff, 0xff, 0xff,
    0xf8, 0x0, 0x8f, 0xff, 0xff, 0xff, 0xff, 0xff,
    0xff, 0xff, 0xff, 0x80, 0x8, 0xff, 0xff, 0xff,
    0xff, 0xff, 0xff, 0xff, 0xff, 0xf8, 0x0, 0x8f,
    0xff, 0x66, 0xff, 0xd1, 0xdf, 0xf6, 0x6f, 0xff,
    0x80, 0x8, 0xff, 0xf4, 0x4f, 0xfc, 0xc, 0xff,
    0x44, 0xff, 0xf8, 0x0, 0x8f, 0xff, 0x44, 0xff,
    0xc0, 0xcf, 0xf4, 0x4f, 0xff, 0x80, 0x8, 0xff,
    0xf4, 0x4f, 0xfc, 0xc, 0xff, 0x44, 0xff, 0xf8,
    0x0, 0x8f, 0xff, 0x44, 0xff, 0xc0, 0xcf, 0xf4,
    0x4f, 0xff, 0x80, 0x8, 0xff, 0xf4, 0x4f, 0xfc,
    0xc, 0xff, 0x44, 0xff, 0xf8, 0x0, 0x8f, 0xff,
    0x44, 0xff, 0xc0, 0xcf, 0xf4, 0x4f, 0xff, 0x80,
    0x8, 0xff, 0xf4, 0x4f, 0xfc, 0xc, 0xff, 0x44,
    0xff, 0xf8, 0x0, 0x8f, 0xff, 0x44, 0xff, 0xc0,
    0xcf, 0xf4, 0x4f, 0xff, 0x80, 0x8, 0xff, 0xf4,
    0x4f, 0xfc, 0xc, 0xff, 0x44, 0xff, 0xf8, 0x0,
    0x8f, 0xff, 0x44, 0xff, 0xc0, 0xcf, 0xf4, 0x4f,
    0xff, 0x80, 0x8, 0xff, 0xf6, 0x6f, 0xfd, 0x1d,
    0xff, 0x66, 0xff, 0xf8, 0x0, 0x7f, 0xff, 0xff,
    0xff, 0xff, 0xff, 0xff, 0xff, 0xff, 0x70, 0x5,
    0xff, 0xff, 0xff, 0xff, 0xff, 0xff, 0xff, 0xff,
    0xf5, 0x0, 0x9, 0xff, 0xff, 0xff, 0xff, 0xff,
    0xff, 0xff, 0xf9, 0x0,

    /* U+F2FE "" */
    0x0, 0x0, 0x0, 0x0, 0x0, 0x7, 0xfb, 0x30,
    0x0, 0x0, 0x0, 0x0, 0x0, 0x0, 0x0, 0x0,
    0x0, 0x1, 0xff, 0xf5, 0x0, 0x0, 0x0, 0x0,
    0x0, 0x0, 0x0, 0x0, 0x0, 0x0, 0xff, 0xff,
    0x10, 0x0, 0x0, 0x0, 0x0, 0x0, 0x0, 0x0,
    0x0, 0x3, 0xff, 0xff, 0x50, 0x0, 0x0, 0x0,
    0x0, 0x0, 0x0, 0x0, 0x0, 0xc, 0xff, 0xff,
    0x70, 0x0, 0x0, 0x0, 0x0, 0x0, 0x0, 0x0,
    0x3, 0xcf, 0xff, 0xff, 0x50, 0x0, 0x0, 0x0,
    0x0, 0x0, 0x3, 0xcf, 0xff, 0xff, 0xff, 0xff,
    0xfc, 0x30, 0x0, 0x0, 0x0, 0x0, 0x1e, 0xff,
    0xff, 0xff, 0xff, 0xff, 0xff, 0xe1, 0x0, 0x0,
    0x0, 0x0, 0x6f, 0xff, 0xff, 0xff, 0xff, 0xff,
    0xff, 0xf6, 0x0, 0x0, 0x0, 0x0, 0x7f, 0xff,
    0xff, 0xff, 0xff, 0xff, 0xff, 0xf6, 0x0, 0x0,
    0x0, 0x0, 0x1f, 0xff, 0xff, 0xff, 0xff, 0xff,
    0xff, 0xf1, 0x0, 0x0, 0x0, 0x6, 0xae, 0xff,
    0xff, 0xff, 0xff, 0xff, 0xff, 0xea, 0x60, 0x0,
    0x0, 0xaf, 0xff, 0xfd, 0x22, 0xdf, 0xfd, 0x22,
    0xdf, 0xff, 0xfa, 0x0, 0x4, 0xff, 0xff, 0xf8,
    0x0, 0x8f, 0xf8, 0x0, 0x8f, 0xff, 0xff, 0x40,
    0x7, 0xff, 0xff, 0xfd, 0x22, 0xdf, 0xfd, 0x22,
    0xdf, 0xff, 0xff, 0x70, 0x5, 0xff, 0xff, 0xff,
    0xff, 0xff, 0xff, 0xff, 0xff, 0xff, 0xff, 0x50,
    0x0, 0xdf, 0xff, 0xff, 0xff, 0xff, 0xff, 0xff,
    0xff, 0xff, 0xfd, 0x0, 0x2, 0xaf, 0xff, 0xff,
    0xff, 0xff, 0xff, 0xff, 0xff, 0xff, 0xfa, 0x20,
    0x3f, 0xff, 0xff, 0xf9, 0x0, 0x0, 0x0, 0x0,
    0x9f, 0xff, 0xff, 0xf3, 0xcf, 0xff, 0xff, 0xff,
    0x40, 0x0, 0x0, 0x4, 0xff, 0xff, 0xff, 0xfc,
    0xff, 0xff, 0xff, 0xff, 0xfa, 0x41, 0x14, 0xaf,
    0xff, 0xff, 0xff, 0xff, 0xdf, 0xff, 0xff, 0xff,
    0xff, 0xff, 0xff, 0xff, 0xff, 0xff, 0xff, 0xfd,
    0x5f, 0xff, 0xff, 0xff, 0xff, 0xff, 0xff, 0xff,
    0xff, 0xff, 0xff, 0xf5, 0x5, 0xdf, 0xff, 0xff,
    0xff, 0xff, 0xff, 0xff, 0xff, 0xff, 0xfd, 0x50,

    /* U+F304 "" */
    0x0, 0x0, 0x0, 0x0, 0x0, 0x0, 0x0, 0x0,
    0x0, 0x6e, 0xe5, 0x0, 0x0, 0x0, 0x0, 0x0,
    0x0, 0x0, 0x0, 0x0, 0x0, 0x7f, 0xff, 0xf6,
    0x0, 0x0, 0x0, 0x0, 0x0, 0x0, 0x0, 0x0,
    0x0, 0x7f, 0xff, 0xff, 0xf6, 0x0, 0x0, 0x0,
    0x0, 0x0, 0x0, 0x0, 0x0, 0x1f, 0xff, 0xff,
    0xff, 0xf5, 0x0, 0x0, 0x0, 0x0, 0x0, 0x0,
    0x0, 0x50, 0x3f, 0xff, 0xff, 0xff, 0xe0, 0x0,
    0x0, 0x0, 0x0, 0x0, 0x0, 0x7f, 0xb0, 0x3f,
    0xff, 0xff, 0xfe, 0x0, 0x0, 0x0, 0x0, 0x0,
    0x0, 0x7f, 0xff, 0xb0, 0x3f, 0xff, 0xff, 0x60,
    0x0, 0x0, 0x0, 0x0, 0x0, 0x7f, 0xff, 0xff,
    0xb0, 0x3f, 0xff, 0x70, 0x0, 0x0, 0x0, 0x0,
    0x0, 0x7f, 0xff, 0xff, 0xff, 0xb0, 0x3f, 0x70,
    0x0, 0x0, 0x0, 0x0, 0x0, 0x7f, 0xff, 0xff,
    0xff, 0xff, 0xb0, 0x10, 0x0, 0x0, 0x0, 0x0,
    0x0, 0x7f, 0xff, 0xff, 0xff, 0xff, 0xff, 0x50,
    0x0, 0x0, 0x0, 0x0, 0x0, 0x7f, 0xff, 0xff,
    0xff, 0xff, 0xff, 0x70, 0x0, 0x0, 0x0, 0x0,
    0x0, 0x7f, 0xff, 0xff, 0xff, 0xff, 0xff, 0x70,
    0x0, 0x0, 0x0, 0x0, 0x0, 0x7f, 0xff, 0xff,
    0xff, 0xff, 0xff, 0x70, 0x0, 0x0, 0x0, 0x0,
    0x0, 0x7f, 0xff, 0xff, 0xff, 0xff, 0xff, 0x70,
    0x0, 0x0, 0x0, 0x0, 0x0, 0x7f, 0xff, 0xff,
    0xff, 0xff, 0xff, 0x70, 0x0, 0x0, 0x0, 0x0,
    0x0, 0x7f, 0xff, 0xff, 0xff, 0xff, 0xff, 0x70,
    0x0, 0x0, 0x0, 0x0, 0x0, 0x5f, 0xff, 0xff,
    0xff, 0xff, 0xff, 0x70, 0x0, 0x0, 0x0, 0x0,
    0x0, 0x8, 0xff, 0xff, 0xff, 0xff, 0xff, 0x70,
    0x0, 0x0, 0x0, 0x0, 0x0, 0x0, 0xaf, 0xff,
    0xff, 0xff, 0xff, 0x70, 0x0, 0x0, 0x0, 0x0,
    0x0, 0x0, 0xb, 0xff, 0xff, 0xff, 0xff, 0x70,
    0x0, 0x0, 0x0, 0x0, 0x0, 0x0, 0x0, 0xdf,
    0xff, 0xff, 0xff, 0x70, 0x0, 0x0, 0x0, 0x0,
    0x0, 0x0, 0x0, 0xf, 0xff, 0xff, 0xff, 0x70,
    0x0, 0x0, 0x0, 0x0, 0x0, 0x0, 0x0, 0x0,
    0xbf, 0xdb, 0xa8, 0x50, 0x0, 0x0, 0x0, 0x0,
    0x0, 0x0, 0x0, 0x0, 0x0, 0x0, 0x0, 0x0,
    0x0, 0x0, 0x0, 0x0, 0x0, 0x0, 0x0, 0x0,
    0x0,

    /* U+F3A5 "" */
    0x0, 0x1, 0xff, 0xfc, 0x0, 0xff, 0xff, 0xff,
    0xf0, 0xc, 0xff, 0xf1, 0x0, 0x0, 0x0, 0xaf,
    0xff, 0x50, 0x6f, 0xff, 0xff, 0xff, 0x60, 0x5f,
    0xff, 0x90, 0x0, 0x0, 0x3f, 0xff, 0xe0, 0xd,
    0xff, 0xff, 0xff, 0xfd, 0x0, 0xef, 0xff, 0x30,
    0x0, 0xc, 0xff, 0xf7, 0x4, 0xff, 0xff, 0xff,
    0xff, 0xf4, 0x7, 0xff, 0xfb, 0x0, 0x5, 0xff,
    0xff, 0x10, 0xbf, 0xff, 0xff, 0xff, 0xff, 0xb0,
    0x1f, 0xff, 0xf4, 0x0, 0xdf, 0xff, 0x90, 0x2f,
    0xff, 0xff, 0xff, 0xff, 0xff, 0x20, 0x9f, 0xff,
    0xd0, 0x7f, 0xff, 0xf2, 0x9, 0xff, 0xff, 0xff,
    0xff, 0xff, 0xf9, 0x2, 0xff, 0xff, 0x66, 0x88,
    0x86, 0x0, 0x78, 0x88, 0x88, 0x88, 0x88, 0x88,
    0x70, 0x6, 0x88, 0x86, 0x0, 0x0, 0x0, 0x0,
    0x0, 0x0, 0x0, 0x0, 0x0, 0x0, 0x0, 0x0,
    0x0, 0x9, 0xff, 0xfe, 0x0, 0xdf, 0xff, 0xff,
    0xff, 0xff, 0xff, 0xd0, 0xe, 0xff, 0xf9, 0xb,
    0xff, 0xf7, 0x6, 0xff, 0xff, 0xff, 0xff, 0xff,
    0xf6, 0x7, 0xff, 0xfb, 0x0, 0xc, 0xff, 0xe0,
    0xf, 0xff, 0xff, 0xff, 0xff, 0xff, 0x0, 0xef,
    0xfc, 0x0, 0x0, 0x1e, 0xff, 0x70, 0x8f, 0xff,
    0xff, 0xff, 0xff, 0x80, 0x7f, 0xfe, 0x10, 0x0,
    0x0, 0x2f, 0xfe, 0x2, 0xff, 0xff, 0xff, 0xff,
    0xf2, 0xe, 0xff, 0x20, 0x0, 0x0, 0x0, 0x4f,
    0xf6, 0xb, 0xff, 0xff, 0xff, 0xfb, 0x6, 0xff,
    0x40, 0x0, 0x0, 0x0, 0x0, 0x6f, 0xe0, 0x4f,
    0xff, 0xff, 0xff, 0x40, 0xef, 0x60, 0x0, 0x0,
    0x0, 0x0, 0x0, 0x8f, 0x60, 0xdf, 0xff, 0xff,
    0xd0, 0x6f, 0x80, 0x0, 0x0, 0x0, 0x0, 0x0,
    0x0, 0xbd, 0x6, 0xff, 0xff, 0xf6, 0xd, 0xb0,
    0x0, 0x0, 0x0, 0x0, 0x0, 0x0, 0x0, 0xc5,
    0xe, 0xff, 0xfe, 0x5, 0xc0, 0x0, 0x0, 0x0,
    0x0, 0x0, 0x0, 0x0, 0x1, 0xb0, 0x8f, 0xff,
    0x80, 0xb1, 0x0, 0x0, 0x0, 0x0, 0x0, 0x0,
    0x0, 0x0, 0x2, 0x41, 0xff, 0xf1, 0x42, 0x0,
    0x0, 0x0, 0x0, 0x0, 0x0, 0x0, 0x0, 0x0,
    0x0, 0xa, 0xfa, 0x0, 0x0, 0x0, 0x0, 0x0,
    0x0, 0x0, 0x0, 0x0, 0x0, 0x0, 0x0, 0x3f,
    0x30, 0x0, 0x0, 0x0, 0x0, 0x0, 0x0, 0x0,
    0x0, 0x0, 0x0, 0x0, 0x0, 0x90, 0x0, 0x0,
    0x0, 0x0, 0x0, 0x0,

    /* U+F3C5 "" */
    0x0, 0x0, 0x4, 0xad, 0xff, 0xda, 0x40, 0x0,
    0x0, 0x0, 0x2, 0xcf, 0xff, 0xff, 0xff, 0xfc,
    0x20, 0x0, 0x0, 0x4f, 0xff, 0xff, 0xff, 0xff,
    0xff, 0xf4, 0x0, 0x2, 0xff, 0xff, 0xff, 0xff,
    0xff, 0xff, 0xff, 0x20, 0xc, 0xff, 0xff, 0xff,
    0xff, 0xff, 0xff, 0xff, 0xc0, 0x4f, 0xff, 0xff,
    0xf9, 0x44, 0x9f, 0xff, 0xff, 0xf4, 0xaf, 0xff,
    0xff, 0x40, 0x0, 0x4, 0xff, 0xff, 0xfa, 0xdf,
    0xff, 0xf9, 0x0, 0x0, 0x0, 0x9f, 0xff, 0xfd,
    0xff, 0xff, 0xf4, 0x0, 0x0, 0x0, 0x4f, 0xff,
    0xff, 0xff, 0xff, 0xf4, 0x0, 0x0, 0x0, 0x4f,
    0xff, 0xff, 0xef, 0xff, 0xf9, 0x0, 0x0, 0x0,
    0x9f, 0xff, 0xfd, 0xaf, 0xff, 0xff, 0x40, 0x0,
    0x4, 0xff, 0xff, 0xf9, 0x4f, 0xff, 0xff, 0xf9,
    0x44, 0x9f, 0xff, 0xff, 0xf3, 0xc, 0xff, 0xff,
    0xff, 0xff, 0xff, 0xff, 0xff, 0xb0, 0x2, 0xff,
    0xff, 0xff, 0xff, 0xff, 0xff, 0xff, 0x20, 0x0,
    0x8f, 0xff, 0xff, 0xff, 0xff, 0xff, 0xf8, 0x0,
    0x0, 0xc, 0xff, 0xff, 0xff, 0xff, 0xff, 0xc0,
    0x0, 0x0, 0x2, 0xff, 0xff, 0xff, 0xff, 0xff,
    0x20, 0x0, 0x0, 0x0, 0x6f, 0xff, 0xff, 0xff,
    0xf6, 0x0, 0x0, 0x0, 0x0, 0xb, 0xff, 0xff,
    0xff, 0xb0, 0x0, 0x0, 0x0, 0x0, 0x1, 0xef,
    0xff, 0xfe, 0x10, 0x0, 0x0, 0x0, 0x0, 0x0,
    0x5f, 0xff, 0xf5, 0x0, 0x0, 0x0, 0x0, 0x0,
    0x0, 0xa, 0xff, 0xa0, 0x0, 0x0, 0x0, 0x0,
    0x0, 0x0, 0x1, 0xdd, 0x10, 0x0, 0x0, 0x0,

    /* U+F44B "" */
    0x0, 0x0, 0x0, 0x0, 0x34, 0x41, 0x0, 0x0,
    0x0, 0x14, 0x43, 0x0, 0x0, 0x0, 0x0, 0x0,
    0x0, 0x0, 0x6, 0xff, 0xfe, 0x0, 0x0, 0x0,
    0xef, 0xff, 0x60, 0x0, 0x0, 0x0, 0x0, 0x0,
    0x0, 0x8, 0xff, 0xff, 0x0, 0x0, 0x0, 0xff,
    0xff, 0x80, 0x0, 0x0, 0x0, 0x0, 0x34, 0x41,
    0x8, 0xff, 0xff, 0x0, 0x0, 0x0, 0xff, 0xff,
    0x80, 0x14, 0x43, 0x0, 0x6, 0xff, 0xfe, 0x8,
    0xff, 0xff, 0x0, 0x0, 0x0, 0xff, 0xff, 0x80,
    0xef, 0xff, 0x60, 0x8, 0xff, 0xff, 0x8, 0xff,
    0xff, 0x0, 0x0, 0x0, 0xff, 0xff, 0x80, 0xff,
    0xff, 0x80, 0x8, 0xff, 0xff, 0x8, 0xff, 0xff,
    0x0, 0x0, 0x0, 0xff, 0xff, 0x80, 0xff, 0xff,
    0x80, 0x8, 0xff, 0xff, 0x8, 0xff, 0xff, 0x0,
    0x0, 0x0, 0xff, 0xff, 0x80, 0xff, 0xff, 0x80,
    0x8, 0xff, 0xff, 0x8, 0xff, 0xff, 0x0, 0x0,
    0x0, 0xff, 0xff, 0x80, 0xff, 0xff, 0x80, 0x3a,
    0xff, 0xff, 0x8, 0xff, 0xff, 0x44, 0x44, 0x44,
    0xff, 0xff, 0x80, 0xff, 0xff, 0xa3, 0xff, 0xff,
    0xff, 0x8, 0xff, 0xff, 0xff, 0xff, 0xff, 0xff,
    0xff, 0x80, 0xff, 0xff, 0xff, 0xff, 0xff, 0xff,
    0x8, 0xff, 0xff, 0xff, 0xff, 0xff, 0xff, 0xff,
    0x80, 0xff, 0xff, 0xff, 0xad, 0xff, 0xff, 0x8,
    0xff, 0xff, 0xbb, 0xbb, 0xbb, 0xff, 0xff, 0x80,
    0xff, 0xff, 0xda, 0x8, 0xff, 0xff, 0x8, 0xff,
    0xff, 0x0, 0x0, 0x0, 0xff, 0xff, 0x80, 0xff,
    0xff, 0x80, 0x8, 0xff, 0xff, 0x8, 0xff, 0xff,
    0x0, 0x0, 0x0, 0xff, 0xff, 0x80, 0xff, 0xff,
    0x80, 0x8, 0xff, 0xff, 0x8, 0xff, 0xff, 0x0,
    0x0, 0x0, 0xff, 0xff, 0x80, 0xff, 0xff, 0x80,
    0x8, 0xff, 0xff, 0x8, 0xff, 0xff, 0x0, 0x0,
    0x0, 0xff, 0xff, 0x80, 0xff, 0xff, 0x80, 0x7,
    0xff, 0xff, 0x8, 0xff, 0xff, 0x0, 0x0, 0x0,
    0xff, 0xff, 0x80, 0xff, 0xff, 0x70, 0x2, 0xab,
    0xb7, 0x8, 0xff, 0xff, 0x0, 0x0, 0x0, 0xff,
    0xff, 0x80, 0x7b, 0xba, 0x20, 0x0, 0x0, 0x0,
    0x8, 0xff, 0xff, 0x0, 0x0, 0x0, 0xff, 0xff,
    0x80, 0x0, 0x0, 0x0, 0x0, 0x0, 0x0, 0x7,
    0xff, 0xff, 0x0, 0x0, 0x0, 0xff, 0xff, 0x70,
    0x0, 0x0, 0x0, 0x0, 0x0, 0x0, 0x2, 0xab,
    0xb7, 0x0, 0x0, 0x0, 0x7b, 0xba, 0x20, 0x0,
    0x0, 0x0,

    /* U+F4C2 "" */
    0x8f, 0x80, 0x0, 0x0, 0x0, 0x0, 0x0, 0x0,
    0x0, 0x0, 0x0, 0x0, 0x0, 0x8, 0xf8, 0xff,
    0xf0, 0x0, 0x0, 0x0, 0x0, 0x0, 0x0, 0x0,
    0x0, 0x0, 0x0, 0x0, 0xf, 0xff, 0xff, 0xf0,
    0x0, 0x0, 0x0, 0x0, 0x0, 0x0, 0x0, 0x0,
    0x0, 0x0, 0x0, 0xf, 0xff, 0xff, 0xf0, 0x0,
    0x0, 0x0, 0x0, 0x0, 0x0, 0x0, 0x0, 0x0,
    0x0, 0x0, 0xf, 0xff, 0xff, 0xf0, 0x0, 0x0,
    0x0, 0x0, 0x0, 0x0, 0x0, 0x0, 0x0, 0x0,
    0x0, 0xf, 0xff, 0xff, 0xf0, 0x0, 0x0, 0x0,
    0x0, 0x0, 0x0, 0x0, 0x0, 0x0, 0x0, 0x0,
    0xf, 0xff, 0xff, 0xf0, 0x0, 0x0, 0x0, 0x0,
    0x0, 0x0, 0x0, 0x0, 0x0, 0x0, 0x0, 0xf,
    0xff, 0xff, 0xf0, 0x0, 0x6, 0xb4, 0x0, 0x0,
    0x0, 0x0, 0x0, 0x4b, 0x60, 0x0, 0xf, 0xff,
    0xff, 0xf2, 0x0, 0xf, 0xff, 0x20, 0x0, 0x0,
    0x0, 0x2, 0xff, 0xf0, 0x0, 0x2f, 0xff, 0xff,
    0xfd, 0x0, 0xc, 0xff, 0xd0, 0x0, 0x0, 0x0,
    0xd, 0xff, 0xc0, 0x0, 0xdf, 0xff, 0xff, 0xff,
    0xb0, 0x2, 0xff, 0xf9, 0x0, 0x0, 0x0, 0x9f,
    0xff, 0x20, 0xb, 0xff, 0xff, 0xff, 0xff, 0xf8,
    0x0, 0x5f, 0xff, 0x50, 0x0, 0x5, 0xff, 0xf5,
    0x0, 0x8f, 0xff, 0xff, 0xdf, 0xff, 0xff, 0x60,
    0xe, 0xff, 0xe0, 0x0, 0xe, 0xff, 0xe0, 0x6,
    0xff, 0xff, 0xfd, 0x4f, 0xff, 0xff, 0xf5, 0xaf,
    0xff, 0xf4, 0x0, 0x4f, 0xff, 0xfa, 0x5f, 0xff,
    0xff, 0xf4, 0x7, 0xff, 0xff, 0xff, 0xff, 0xff,
    0xf7, 0x0, 0x7f, 0xff, 0xff, 0xff, 0xff, 0xff,
    0x70, 0x0, 0xaf, 0xff, 0xff, 0xff, 0xff, 0xf8,
    0x0, 0x8f, 0xff, 0xff, 0xff, 0xff, 0xfa, 0x0,
    0x0, 0xd, 0xff, 0xff, 0xff, 0xff, 0xf8, 0x0,
    0x8f, 0xff, 0xff, 0xff, 0xff, 0xd0, 0x0, 0x0,
    0x2, 0xff, 0xff, 0xff, 0xff, 0xf8, 0x0, 0x8f,
    0xff, 0xff, 0xff, 0xff, 0x20, 0x0, 0x0, 0x0,
    0x5f, 0xff, 0xff, 0xff, 0xf8, 0x0, 0x8f, 0xff,
    0xff, 0xff, 0xf5, 0x0, 0x0, 0x0, 0x0, 0x9,
    0xff, 0xff, 0xff, 0xf8, 0x0, 0x8f, 0xff, 0xff,
    0xff, 0x90, 0x0, 0x0, 0x0, 0x0, 0x1, 0xff,
    0xff, 0xff, 0xf5, 0x0, 0x5f, 0xff, 0xff, 0xff,
    0x10, 0x0, 0x0,

    /* U+F4D8 "" */
    0x0, 0x0, 0x0, 0x0, 0x0, 0x0, 0x0, 0x0,
    0x0, 0x25, 0x78, 0x87, 0x0, 0x0, 0x0, 0x0,
    0x0, 0x0, 0x0, 0x0, 0x7d, 0xff, 0xff, 0xfe,
    0x0, 0x0, 0x0, 0x0, 0x0, 0x0, 0x0, 0x3d,
    0xff, 0xff, 0xff, 0xfc, 0x78, 0x87, 0x52, 0x0,
    0x0, 0x0, 0x5, 0xff, 0xff, 0xff, 0xff, 0xf8,
    0xef, 0xff, 0xff, 0xe7, 0x0, 0x0, 0x2f, 0xff,
    0xff, 0xff, 0xff, 0xf3, 0xcf, 0xff, 0xff, 0xff,
    0xe3, 0x0, 0xdf, 0xff, 0xff, 0xff, 0xff, 0xb0,
    0x8f, 0xff, 0xff, 0xff, 0xff, 0x50, 0xbf, 0xff,
    0xff, 0xff, 0xfe, 0x20, 0x3f, 0xff, 0xff, 0xff,
    0xff, 0xf3, 0x1e, 0xff, 0xff, 0xff, 0xf4, 0x0,
    0xb, 0xff, 0xff, 0xff, 0xff, 0xfe, 0x6, 0xff,
    0xff, 0xff, 0x40, 0x0, 0x2, 0xff, 0xff, 0xff,
    0xff, 0xff, 0x70, 0xef, 0xff, 0xb2, 0x0, 0x0,
    0x0, 0x4f, 0xff, 0xff, 0xff, 0xff, 0xe0, 0x8c,
    0x82, 0x0, 0x0, 0x0, 0x0, 0x4, 0xff, 0xff,
    0xff, 0xff, 0xf2, 0x0, 0x0, 0x0, 0x0, 0x0,
    0x0, 0x0, 0x2b, 0xff, 0xff, 0xff, 0xf5, 0x0,
    0x0, 0x0, 0x0, 0x0, 0x0, 0x0, 0x0, 0x38,
    0xce, 0xff, 0xf7, 0x0, 0x0, 0x0, 0x0, 0x0,
    0x0, 0x0, 0x0, 0x0, 0x0, 0x8f, 0xf8, 0x0,
    0x0, 0x0, 0x0, 0x0, 0x0, 0x0, 0x0, 0x0,
    0x0, 0x8f, 0xf8, 0x0, 0x0, 0x0, 0x0, 0x0,
    0x0, 0x0, 0x0, 0x0, 0x0, 0x8f, 0xf8, 0x0,
    0x0, 0x0, 0x0, 0x0, 0x0, 0x0, 0x0, 0x0,
    0x0, 0x8f, 0xf8, 0x0, 0x0, 0x0, 0x0, 0x0,
    0x0, 0x0, 0x0, 0x0, 0x0, 0x8f, 0xf8, 0x0,
    0x0, 0x0, 0x0, 0x0, 0x0, 0x0, 0x0, 0x0,
    0x0, 0x8f, 0xf8, 0x0, 0x0, 0x0, 0x0, 0x0,
    0x0, 0x0, 0x0, 0x0, 0x0, 0x7f, 0xf7, 0x0,
    0x0, 0x0, 0x0, 0x0, 0x0, 0x0, 0x0, 0x0,
    0x0, 0x17, 0x71, 0x0, 0x0, 0x0, 0x0, 0x0,

    /* U+F4DA "" */
    0x0, 0x0, 0x0, 0x1, 0x6a, 0xbd, 0xca, 0x72,
    0x0, 0x0, 0x0, 0x0, 0x0, 0x0, 0x1, 0x9f,
    0xff, 0xff, 0xff, 0xff, 0xb3, 0x0, 0x0, 0x0,
    0x0, 0x0, 0x5f, 0xff, 0xff, 0xff, 0xff, 0xff,
    0xff, 0x80, 0x0, 0x0, 0x0, 0x7, 0xff, 0xff,
    0xff, 0xff, 0xff, 0xff, 0xff, 0xfa, 0x0, 0x0,
    0x0, 0x5f, 0xff, 0xff, 0xff, 0xff, 0xff, 0xff,
    0xff, 0xff, 0x80, 0x0, 0x2, 0xff, 0xff, 0xff,
    0xff, 0xff, 0xff, 0xff, 0xff, 0xff, 0xf5, 0x0,
    0xa, 0xff, 0xff, 0xff, 0xff, 0xff, 0xff, 0xff,
    0xff, 0xff, 0xfd, 0x0, 0x2f, 0xff, 0xff, 0xff,
    0xff, 0xff, 0xff, 0xff, 0xff, 0xff, 0xff, 0x60,
    0x7f, 0xff, 0xff, 0xd2, 0x4f, 0xff, 0xfe, 0x64,
    0x8f, 0xff, 0xff, 0xb0, 0xbf, 0xff, 0xff, 0x60,
    0xb, 0xff, 0xe1, 0x0, 0x4, 0xff, 0xff, 0xf0,
    0xdf, 0xff, 0xff, 0x90, 0xd, 0xff, 0xa1, 0xac,
    0x80, 0xef, 0xff, 0xf1, 0xff, 0xff, 0xff, 0xfb,
    0xdf, 0xff, 0xfe, 0xff, 0xfe, 0xff, 0xff, 0xf3,
    0xff, 0xff, 0xff, 0xff, 0xff, 0xff, 0xff, 0xff,
    0xff, 0xff, 0xff, 0xf2, 0xdf, 0xff, 0xff, 0xff,
    0xff, 0xff, 0xff, 0xff, 0xff, 0xff, 0xff, 0xf1,
    0xbf, 0xff, 0xff, 0xef, 0xff, 0xff, 0xff, 0xff,
    0xdf, 0xff, 0xff, 0xf0, 0x7f, 0xff, 0xff, 0x23,
    0xef, 0xff, 0xff, 0xf6, 0xd, 0xff, 0xff, 0xa0,
    0x2f, 0xff, 0xff, 0xa0, 0x19, 0xef, 0xfb, 0x30,
    0x6f, 0xff, 0xff, 0x50, 0x9, 0xff, 0xff, 0xfa,
    0x10, 0x0, 0x0, 0x7, 0xff, 0xff, 0xfd, 0x0,
    0x1, 0xef, 0xff, 0xff, 0xe8, 0x42, 0x36, 0xdf,
    0xff, 0xff, 0xf4, 0x0, 0x0, 0x4f, 0xff, 0xff,
    0xff, 0xff, 0xff, 0xff, 0xff, 0xff, 0x70, 0x0,
    0x0, 0x5, 0xff, 0xff, 0xff, 0xff, 0xff, 0xff,
    0xff, 0xf9, 0x0, 0x0, 0x0, 0x0, 0x4e, 0xff,
    0xff, 0xff, 0xff, 0xff, 0xff, 0x60, 0x0, 0x0,
    0x0, 0x0, 0x0, 0x8f, 0xff, 0xff, 0xff, 0xff,
    0xa2, 0x0, 0x0, 0x0, 0x0, 0x0, 0x0, 0x0,
    0x48, 0xab, 0xa8, 0x51, 0x0, 0x0, 0x0, 0x0,

    /* U+F54C "" */
    0x0, 0x0, 0x0, 0x3, 0x8c, 0xef, 0xfe, 0xc8,
    0x30, 0x0, 0x0, 0x0, 0x0, 0x0, 0x5, 0xcf,
    0xff, 0xff, 0xff, 0xff, 0xfc, 0x40, 0x0, 0x0,
    0x0, 0x0, 0xaf, 0xff, 0xff, 0xff, 0xff, 0xff,
    0xff, 0xfa, 0x0, 0x0, 0x0, 0x1d, 0xff, 0xff,
    0xff, 0xff, 0xff, 0xff, 0xff, 0xff, 0xd1, 0x0,
    0x0, 0xcf, 0xff, 0xff, 0xff, 0xff, 0xff, 0xff,
    0xff, 0xff, 0xfc, 0x0, 0x8, 0xff, 0xff, 0xff,
    0xff, 0xff, 0xff, 0xff, 0xff, 0xff, 0xff, 0x80,
    0x2f, 0xff, 0xff, 0xff, 0xff, 0xff, 0xff, 0xff,
    0xff, 0xff, 0xff, 0xf1, 0x7f, 0xff, 0xff, 0xff,
    0xff, 0xff, 0xff, 0xff, 0xff, 0xff, 0xff, 0xf7,
    0xcf, 0xff, 0xff, 0xff, 0xff, 0xff, 0xff, 0xff,
    0xff, 0xff, 0xff, 0xfc, 0xef, 0xff, 0xfc, 0x30,
    0x4e, 0xff, 0xff, 0xb2, 0x4, 0xdf, 0xff, 0xfe,
    0xff, 0xff, 0xe0, 0x0, 0x3, 0xff, 0xfc, 0x0,
    0x0, 0x1e, 0xff, 0xff, 0xef, 0xff, 0x90, 0x0,
    0x0, 0xdf, 0xf6, 0x0, 0x0, 0x9, 0xff, 0xfe,
    0xcf, 0xff, 0x90, 0x0, 0x0, 0xdf, 0xf6, 0x0,
    0x0, 0x9, 0xff, 0xfc, 0x8f, 0xff, 0xe0, 0x0,
    0x3, 0xff, 0xfc, 0x0, 0x0, 0x1e, 0xff, 0xf7,
    0x2f, 0xff, 0xfc, 0x30, 0x4e, 0xff, 0xff, 0xb2,
    0x4, 0xdf, 0xff, 0xf1, 0x8, 0xff, 0xff, 0xff,
    0xff, 0xff, 0xff, 0xff, 0xff, 0xff, 0xff, 0x80,
    0x0, 0xdf, 0xff, 0xff, 0xff, 0xff, 0xff, 0xff,
    0xff, 0xff, 0xfc, 0x0, 0x0, 0x1d, 0xff, 0xff,
    0xff, 0xff, 0xff, 0xff, 0xff, 0xff, 0xd1, 0x0,
    0x0, 0x1, 0xcf, 0xff, 0xff, 0xff, 0xff, 0xff,
    0xff, 0xfb, 0x0, 0x0, 0x0, 0x0, 0x1f, 0xff,
    0xff, 0xff, 0xff, 0xff, 0xff, 0xf0, 0x0, 0x0,
    0x0, 0x0, 0x1f, 0xff, 0xff, 0xff, 0xff, 0xff,
    0xff, 0xf0, 0x0, 0x0, 0x0, 0x0, 0x3f, 0xff,
    0xd0, 0xcf, 0xf5, 0x3f, 0xff, 0xf2, 0x0, 0x0,
    0x0, 0x0, 0x5f, 0xff, 0xd0, 0xbf, 0xf4, 0x2f,
    0xff, 0xf4, 0x0, 0x0, 0x0, 0x0, 0x4f, 0xff,
    0xd0, 0xbf, 0xf4, 0x2f, 0xff, 0xf4, 0x0, 0x0,

    /* U+F556 "" */
    0x0, 0x0, 0x0, 0x0, 0x26, 0x89, 0x87, 0x40,
    0x0, 0x0, 0x0, 0x0, 0x0, 0x0, 0x0, 0x6e,
    0xff, 0xff, 0xff, 0xff, 0x81, 0x0, 0x0, 0x0,
    0x0, 0x0, 0x3d, 0xff, 0xff, 0xff, 0xff, 0xff,
    0xff, 0x50, 0x0, 0x0, 0x0, 0x5, 0xff, 0xff,
    0xff, 0xff, 0xff, 0xff, 0xff, 0xf8, 0x0, 0x0,
    0x0, 0x4f, 0xff, 0xff, 0xff, 0xff, 0xff, 0xff,
    0xff, 0xff, 0x70, 0x0, 0x1, 0xef, 0xff, 0xff,
    0xff, 0xff, 0xff, 0xff, 0xff, 0xff, 0xf4, 0x0,
    0x9, 0xff, 0xff, 0xff, 0xff, 0xff, 0xff, 0xff,
    0xff, 0xff, 0xfd, 0x0, 0x2f, 0xff, 0xff, 0xff,
    0xff, 0xff, 0xff, 0xff, 0xff, 0xff, 0xff, 0x50,
    0x7f, 0xff, 0xf5, 0x7c, 0xff, 0xff, 0xff, 0xfe,
    0x95, 0xdf, 0xff, 0xb0, 0xbf, 0xff, 0xf4, 0x0,
    0x16, 0xff, 0xf9, 0x20, 0x2, 0xdf, 0xff, 0xf0,
    0xdf, 0xff, 0xff, 0x90, 0x2, 0xff, 0xf6, 0x0,
    0x5f, 0xff, 0xff, 0xf1, 0xff, 0xff, 0xff, 0x70,
    0xb, 0xff, 0xff, 0x0, 0x3f, 0xff, 0xff, 0xf3,
    0xff, 0xff, 0xff, 0xf7, 0x9f, 0xff, 0xff, 0xb7,
    0xdf, 0xff, 0xff, 0xf3, 0xdf, 0xff, 0xff, 0xff,
    0xff, 0xff, 0xff, 0xff, 0xff, 0xff, 0xff, 0xf1,
    0xbf, 0xff, 0xff, 0xff, 0xff, 0xff, 0xff, 0xff,
    0xff, 0xff, 0xff, 0xe0, 0x6f, 0xff, 0xff, 0xff,
    0xff, 0xec, 0xdf, 0xff, 0xff, 0xff, 0xff, 0xa0,
    0x1f, 0xff, 0xff, 0xff, 0xc3, 0x0, 0x1, 0xaf,
    0xff, 0xff, 0xff, 0x40, 0x8, 0xff, 0xff, 0xfd,
    0x2, 0xad, 0xb5, 0xa, 0xff, 0xff, 0xfc, 0x0,
    0x1, 0xdf, 0xff, 0xfe, 0x7f, 0xff, 0xff, 0x8c,
    0xff, 0xff, 0xf3, 0x0, 0x0, 0x2f, 0xff, 0xff,
    0xff, 0xff, 0xff, 0xff, 0xff, 0xff, 0x50, 0x0,
    0x0, 0x3, 0xef, 0xff, 0xff, 0xff, 0xff, 0xff,
    0xff, 0xf6, 0x0, 0x0, 0x0, 0x0, 0x1b, 0xff,
    0xff, 0xff, 0xff, 0xff, 0xfd, 0x30, 0x0, 0x0,
    0x0, 0x0, 0x0, 0x4b, 0xff, 0xff, 0xff, 0xfc,
    0x60, 0x0, 0x0, 0x0, 0x0, 0x0, 0x0, 0x0,
    0x4, 0x57, 0x64, 0x10, 0x0, 0x0, 0x0, 0x0,

    /* U+F55A "" */
    0x0, 0x0, 0x0, 0x2, 0xbf, 0xff, 0xff, 0xff,
    0xff, 0xff, 0xff, 0xff, 0xff, 0xfe, 0x80, 0x0,
    0x0, 0x0, 0x3e, 0xff, 0xff, 0xff, 0xff, 0xff,
    0xff, 0xff, 0xff, 0xff, 0xff, 0xf8, 0x0, 0x0,
    0x3, 0xef, 0xff, 0xff, 0xff, 0xff, 0xff, 0xff,
    0xff, 0xff, 0xff, 0xff, 0xfe, 0x0, 0x0, 0x3e,
    0xff, 0xff, 0xff, 0xff, 0xcf, 0xff, 0xff, 0xfc,
    0xff, 0xff, 0xff, 0xff, 0x0, 0x3, 0xef, 0xff,
    0xff, 0xff, 0xf7, 0x6, 0xff, 0xff, 0x60, 0x8f,
    0xff, 0xff, 0xff, 0x0, 0x3e, 0xff, 0xff, 0xff,
    0xff, 0xc0, 0x0, 0x6f, 0xf6, 0x0, 0xc, 0xff,
    0xff, 0xff, 0x3, 0xef, 0xff, 0xff, 0xff, 0xff,
    0xf6, 0x0, 0x6, 0x60, 0x0, 0x6f, 0xff, 0xff,
    0xff, 0x3f, 0xff, 0xff, 0xff, 0xff, 0xff, 0xff,
    0x60, 0x0, 0x0, 0x6, 0xff, 0xff, 0xff, 0xff,
    0xdf, 0xff, 0xff, 0xff, 0xff, 0xff, 0xff, 0xf6,
    0x0, 0x0, 0x6f, 0xff, 0xff, 0xff, 0xff, 0xdf,
    0xff, 0xff, 0xff, 0xff, 0xff, 0xff, 0xf6, 0x0,
    0x0, 0x6f, 0xff, 0xff, 0xff, 0xff, 0x3f, 0xff,
    0xff, 0xff, 0xff, 0xff, 0xff, 0x60, 0x0, 0x0,
    0x6, 0xff, 0xff, 0xff, 0xff, 0x3, 0xff, 0xff,
    0xff, 0xff, 0xff, 0xf6, 0x0, 0x6, 0x60, 0x0,
    0x6f, 0xff, 0xff, 0xff, 0x0, 0x3e, 0xff, 0xff,
    0xff, 0xff, 0xc0, 0x0, 0x6f, 0xf6, 0x0, 0xc,
    0xff, 0xff, 0xff, 0x0, 0x3, 0xef, 0xff, 0xff,
    0xff, 0xf8, 0x6, 0xff, 0xff, 0x60, 0x7f, 0xff,
    0xff, 0xff, 0x0, 0x0, 0x3e, 0xff, 0xff, 0xff,
    0xff, 0xcf, 0xff, 0xff, 0xfc, 0xff, 0xff, 0xff,
    0xff, 0x0, 0x0, 0x3, 0xef, 0xff, 0xff, 0xff,
    0xff, 0xff, 0xff, 0xff, 0xff, 0xff, 0xff, 0xfe,
    0x0, 0x0, 0x0, 0x3e, 0xff, 0xff, 0xff, 0xff,
    0xff, 0xff, 0xff, 0xff, 0xff, 0xff, 0xf8, 0x0,
    0x0, 0x0, 0x2, 0xbf, 0xff, 0xff, 0xff, 0xff,
    0xff, 0xff, 0xff, 0xff, 0xfe, 0x80,

    /* U+F567 "" */
    0x0, 0x0, 0x0, 0x1, 0x6a, 0xbd, 0xca, 0x72,
    0x0, 0x0, 0x0, 0x0, 0x0, 0x0, 0x1, 0x9f,
    0xff, 0xff, 0xff, 0xff, 0xb3, 0x0, 0x0, 0x0,
    0x0, 0x0, 0x5f, 0xff, 0xff, 0xff, 0xff, 0xff,
    0xff, 0x80, 0x0, 0x0, 0x0, 0x7, 0xff, 0xff,
    0xff, 0xff, 0xff, 0xff, 0xff, 0xfa, 0x0, 0x0,
    0x0, 0x5f, 0xff, 0xff, 0xff, 0xff, 0xff, 0xff,
    0xff, 0xff, 0x80, 0x0, 0x2, 0xff, 0xff, 0xff,
    0xff, 0xff, 0xff, 0xff, 0xff, 0xff, 0xf5, 0x0,
    0xa, 0xff, 0xb4, 0xef, 0x68, 0xff, 0xfb, 0x4e,
    0xf6, 0x8f, 0xfd, 0x0, 0x2f, 0xff, 0xc0, 0x25,
    0x9, 0xff, 0xfc, 0x2, 0x50, 0x9f, 0xff, 0x50,
    0x7f, 0xff, 0xfb, 0x0, 0x7f, 0xff, 0xff, 0xb0,
    0x7, 0xff, 0xff, 0xb0, 0xbf, 0xff, 0xf5, 0x0,
    0x2e, 0xff, 0xff, 0x50, 0x3, 0xef, 0xff, 0xf0,
    0xdf, 0xff, 0x90, 0x8b, 0x5, 0xff, 0xf9, 0x8,
    0xb0, 0x5f, 0xff, 0xf1, 0xff, 0xff, 0xeb, 0xff,
    0xdd, 0xff, 0xfe, 0xcf, 0xfd, 0xdf, 0xff, 0xf3,
    0xff, 0xff, 0xff, 0xff, 0xff, 0xff, 0xff, 0xff,
    0xff, 0xff, 0xff, 0xf2, 0xdf, 0xff, 0xff, 0xff,
    0xff, 0x95, 0x7f, 0xff, 0xff, 0xff, 0xff, 0xf1,
    0xbf, 0xff, 0xff, 0xff, 0xf5, 0x0, 0x2, 0xff,
    0xff, 0xff, 0xff, 0xf0, 0x7f, 0xff, 0xff, 0xff,
    0xd0, 0x0, 0x0, 0x9f, 0xff, 0xff, 0xff, 0xb0,
    0x2f, 0xff, 0xff, 0xff, 0xa0, 0x0, 0x0, 0x7f,
    0xff, 0xff, 0xff, 0x50, 0xa, 0xff, 0xff, 0xff,
    0xd0, 0x0, 0x0, 0x9f, 0xff, 0xff, 0xfd, 0x0,
    0x2, 0xff, 0xff, 0xff, 0xf5, 0x0, 0x2, 0xff,
    0xff, 0xff, 0xf5, 0x0, 0x0, 0x5f, 0xff, 0xff,
    0xff, 0x95, 0x7f, 0xff, 0xff, 0xff, 0x80, 0x0,
    0x0, 0x7, 0xff, 0xff, 0xff, 0xff, 0xff, 0xff,
    0xff, 0xfa, 0x0, 0x0, 0x0, 0x0, 0x5f, 0xff,
    0xff, 0xff, 0xff, 0xff, 0xff, 0x80, 0x0, 0x0,
    0x0, 0x0, 0x1, 0xaf, 0xff, 0xff, 0xff, 0xff,
    0xb3, 0x0, 0x0, 0x0, 0x0, 0x0, 0x0, 0x1,
    0x6a, 0xbd, 0xca, 0x72, 0x0, 0x0, 0x0, 0x0,

    /* U+F579 "" */
    0x0, 0x0, 0x0, 0x0, 0x26, 0x89, 0x87, 0x30,
    0x0, 0x0, 0x0, 0x0, 0x0, 0x0, 0x0, 0x6d,
    0xff, 0xff, 0xff, 0xfe, 0x80, 0x0, 0x0, 0x0,
    0x0, 0x0, 0x2d, 0xff, 0xff, 0xff, 0xff, 0xff,
    0xfe, 0x50, 0x0, 0x0, 0x0, 0x4, 0xff, 0xff,
    0xff, 0xff, 0xff, 0xff, 0xff, 0xf7, 0x0, 0x0,
    0x0, 0x3f, 0xff, 0xff, 0xff, 0xff, 0xff, 0xff,
    0xff, 0xff, 0x60, 0x0, 0x1, 0xef, 0xff, 0xff,
    0xff, 0xff, 0xff, 0xff, 0xff, 0xff, 0xf3, 0x0,
    0x9, 0xff, 0xff, 0xff, 0xff, 0xff, 0xff, 0xff,
    0xff, 0xff, 0xfc, 0x0, 0x1f, 0xff, 0xf9, 0x33,
    0x7f, 0xff, 0xff, 0x93, 0x37, 0xff, 0xff, 0x40,
    0x6f, 0xff, 0x70, 0x0, 0x3, 0xff, 0xf7, 0x0,
    0x0, 0x3f, 0xff, 0xa0, 0xbf, 0xfe, 0x0, 0x24,
    0x0, 0xaf, 0xf0, 0x2, 0x40, 0xb, 0xff, 0xe0,
    0xdf, 0xfc, 0x0, 0xef, 0x20, 0x8f, 0xc0, 0xe,
    0xf2, 0x9, 0xff, 0xf1, 0xff, 0xfe, 0x0, 0x8b,
    0x0, 0xaf, 0xf0, 0x8, 0xb0, 0xb, 0xff, 0xf2,
    0xff, 0xff, 0x70, 0x0, 0x3, 0xff, 0xf7, 0x0,
    0x0, 0x3f, 0xff, 0xf3, 0xef, 0xff, 0xf9, 0x33,
    0x7f, 0xff, 0xff, 0x93, 0x37, 0xff, 0xff, 0xf1,
    0xcf, 0xff, 0xff, 0xff, 0xff, 0xff, 0xff, 0xff,
    0xff, 0xff, 0xff, 0xf0, 0x7f, 0xff, 0xff, 0xff,
    0xff, 0xff, 0xff, 0xff, 0xff, 0xff, 0xff, 0xb0,
    0x2f, 0xff, 0xff, 0xff, 0xff, 0xff, 0xff, 0xff,
    0xff, 0xff, 0xff, 0x60, 0xa, 0xff, 0xff, 0xff,
    0x54, 0x44, 0x44, 0x4d, 0xff, 0xff, 0xfe, 0x0,
    0x2, 0xff, 0xff, 0xff, 0x20, 0x0, 0x0, 0x1c,
    0xff, 0xff, 0xf5, 0x0, 0x0, 0x5f, 0xff, 0xff,
    0xff, 0xff, 0xff, 0xff, 0xff, 0xff, 0x90, 0x0,
    0x0, 0x7, 0xff, 0xff, 0xff, 0xff, 0xff, 0xff,
    0xff, 0xfa, 0x0, 0x0, 0x0, 0x0, 0x5f, 0xff,
    0xff, 0xff, 0xff, 0xff, 0xff, 0x80, 0x0, 0x0,
    0x0, 0x0, 0x1, 0x9f, 0xff, 0xff, 0xff, 0xff,
    0xb3, 0x0, 0x0, 0x0, 0x0, 0x0, 0x0, 0x1,
    0x6a, 0xbc, 0xba, 0x72, 0x0, 0x0, 0x0, 0x0,

    /* U+F57A "" */
    0x0, 0x0, 0x0, 0x0, 0x48, 0xab, 0xa8, 0x51,
    0x0, 0x0, 0x0, 0x0, 0x0, 0x0, 0x0, 0x8f,
    0xff, 0xff, 0xff, 0xff, 0xa1, 0x0, 0x0, 0x0,
    0x0, 0x0, 0x3e, 0xff, 0xff, 0xff, 0xff, 0xff,
    0xff, 0x60, 0x0, 0x0, 0x0, 0x5, 0xff, 0xff,
    0xff, 0xff, 0xff, 0xff, 0xff, 0xf9, 0x0, 0x0,
    0x0, 0x4f, 0xff, 0xff, 0xff, 0xff, 0xff, 0xff,
    0xff, 0xff, 0x70, 0x0, 0x1, 0xef, 0xff, 0xff,
    0xff, 0xff, 0xff, 0xff, 0xff, 0xff, 0xf4, 0x0,
    0x9, 0xff, 0xff, 0xff, 0xff, 0xff, 0xff, 0xff,
    0xff, 0xff, 0xfd, 0x0, 0x2f, 0xff, 0xff, 0xff,
    0xff, 0xff, 0xff, 0xff, 0xff, 0xff, 0xff, 0x50,
    0x7f, 0xff, 0xff, 0xe4, 0x5f, 0xff, 0xff, 0x83,
    0xbf, 0xff, 0xff, 0xa0, 0xbf, 0xff, 0xff, 0x70,
    0xb, 0xff, 0xfe, 0x0, 0x3f, 0xff, 0xff, 0xf0,
    0xdf, 0xff, 0xff, 0x80, 0xc, 0xff, 0xff, 0x10,
    0x5f, 0xff, 0xff, 0xf1, 0xff, 0xff, 0xff, 0xfa,
    0xbf, 0xff, 0xff, 0xd9, 0xff, 0xff, 0xff, 0xf3,
    0xff, 0xff, 0xff, 0xff, 0xff, 0xff, 0xff, 0xff,
    0xff, 0xff, 0xff, 0xf3, 0xdf, 0xff, 0xff, 0xff,
    0xff, 0xff, 0xff, 0xff, 0xff, 0xff, 0xff, 0xf1,
    0xbf, 0xff, 0xff, 0xff, 0xff, 0xa8, 0xae, 0xff,
    0xff, 0xff, 0xff, 0xf0, 0x7f, 0xff, 0xff, 0xff,
    0x90, 0x0, 0x0, 0x7f, 0xff, 0xff, 0xff, 0xb0,
    0x2f, 0xff, 0xff, 0xfa, 0x0, 0x0, 0x0, 0x6,
    0xff, 0xff, 0xff, 0x60, 0xa, 0xff, 0xff, 0xf3,
    0x0, 0x2, 0x10, 0x0, 0xff, 0xff, 0xfe, 0x0,
    0x2, 0xff, 0xff, 0xf9, 0x9d, 0xff, 0xfe, 0xa8,
    0xff, 0xff, 0xf5, 0x0, 0x0, 0x5f, 0xff, 0xff,
    0xff, 0xff, 0xff, 0xff, 0xff, 0xff, 0x90, 0x0,
    0x0, 0x7, 0xff, 0xff, 0xff, 0xff, 0xff, 0xff,
    0xff, 0xfa, 0x0, 0x0, 0x0, 0x0, 0x5f, 0xff,
    0xff, 0xff, 0xff, 0xff, 0xff, 0x80, 0x0, 0x0,
    0x0, 0x0, 0x1, 0xaf, 0xff, 0xff, 0xff, 0xff,
    0xc3, 0x0, 0x0, 0x0, 0x0, 0x0, 0x0, 0x1,
    0x6a, 0xbd, 0xca, 0x72, 0x0, 0x0, 0x0, 0x0,

    /* U+F57F "" */
    0x0, 0x0, 0x0, 0x0, 0x48, 0xab, 0xa8, 0x50,
    0x0, 0x0, 0x0, 0x0, 0x0, 0x0, 0x0, 0x8f,
    0xff, 0xff, 0xff, 0xff, 0xa1, 0x0, 0x0, 0x0,
    0x0, 0x0, 0x3e, 0xff, 0xff, 0xff, 0xff, 0xff,
    0xff, 0x60, 0x0, 0x0, 0x0, 0x5, 0xff, 0xff,
    0xff, 0xff, 0xff, 0xff, 0xff, 0xf8, 0x0, 0x0,
    0x0, 0x4f, 0xff, 0xff, 0xff, 0xff, 0xff, 0xff,
    0xff, 0xff, 0x70, 0x0, 0x1, 0xef, 0xff, 0xff,
    0xff, 0xff, 0xff, 0xff, 0xff, 0xff, 0xf4, 0x0,
    0x9, 0xff, 0xff, 0xff, 0xff, 0xff, 0xff, 0xff,
    0xff, 0xff, 0xfd, 0x0, 0x2f, 0xff, 0xff, 0xff,
    0xff, 0xff, 0xff, 0xff, 0xff, 0xff, 0xff, 0x50,
    0x7f, 0xff, 0xff, 0xd3, 0x5f, 0xff, 0xff, 0x73,
    0xbf, 0xff, 0xff, 0xa0, 0xbf, 0xff, 0xff, 0x60,
    0xa, 0xff, 0xfe, 0x0, 0x3f, 0xff, 0xff, 0xf0,
    0xdf, 0xff, 0xff, 0xb0, 0x2e, 0xff, 0xff, 0x40,
    0x8f, 0xff, 0xff, 0xf1, 0xff, 0xff, 0xff, 0xff,
    0xff, 0xff, 0xff, 0xff, 0xff, 0xff, 0xff, 0xf2,
    0xff, 0xff, 0xff, 0xff, 0xff, 0xff, 0xff, 0xff,
    0xff, 0xff, 0xff, 0xf3, 0xdf, 0xff, 0xff, 0xff,
    0xff, 0xff, 0xff, 0xff, 0xff, 0xff, 0xff, 0xf1,
    0xbf, 0xff, 0xf8, 0x1b, 0x4, 0x80, 0x48, 0x1,
    0xb3, 0xff, 0xff, 0xf0, 0x7f, 0xff, 0xe0, 0xb,
    0x4, 0x80, 0x48, 0x0, 0xb0, 0xaf, 0xff, 0xb0,
    0x2f, 0xff, 0xfc, 0xce, 0xcd, 0xec, 0xde, 0xcc,
    0xec, 0xef, 0xff, 0x60, 0xa, 0xff, 0xe0, 0xb,
    0x4, 0x80, 0x48, 0x0, 0xb0, 0xaf, 0xfd, 0x0,
    0x2, 0xff, 0xf8, 0x1b, 0x4, 0x80, 0x48, 0x1,
    0xb3, 0xff, 0xf5, 0x0, 0x0, 0x5f, 0xff, 0xff,
    0xff, 0xff, 0xff, 0xff, 0xff, 0xff, 0x80, 0x0,
    0x0, 0x7, 0xff, 0xff, 0xff, 0xff, 0xff, 0xff,
    0xff, 0xfa, 0x0, 0x0, 0x0, 0x0, 0x5f, 0xff,
    0xff, 0xff, 0xff, 0xff, 0xff, 0x80, 0x0, 0x0,
    0x0, 0x0, 0x1, 0x9f, 0xff, 0xff, 0xff, 0xff,
    0xb3, 0x0, 0x0, 0x0, 0x0, 0x0, 0x0, 0x1,
    0x69, 0xbc, 0xba, 0x72, 0x0, 0x0, 0x0, 0x0,

    /* U+F580 "" */
    0x0, 0x0, 0x0, 0x0, 0x48, 0xab, 0xa8, 0x51,
    0x0, 0x0, 0x0, 0x0, 0x0, 0x0, 0x0, 0x8f,
    0xff, 0xff, 0xff, 0xff, 0xa2, 0x0, 0x0, 0x0,
    0x0, 0x0, 0x4e, 0xff, 0xff, 0xff, 0xff, 0xff,
    0xff, 0x70, 0x0, 0x0, 0x0, 0x6, 0xff, 0xff,
    0xff, 0xff, 0xff, 0xff, 0xff, 0xf9, 0x0, 0x0,
    0x0, 0x4f, 0xff, 0xff, 0xff, 0xff, 0xff, 0xff,
    0xff, 0xff, 0x80, 0x0, 0x2, 0xff, 0xff, 0xff,
    0xff, 0xff, 0xff, 0xff, 0xff, 0xff, 0xf5, 0x0,
    0xa, 0xff, 0xff, 0xff, 0xff, 0xff, 0xff, 0xff,
    0xff, 0xff, 0xfd, 0x0, 0x2f, 0xff, 0xff, 0xff,
    0xff, 0xff, 0xff, 0xff, 0xff, 0xff, 0xff, 0x60,
    0x7f, 0xff, 0xff, 0xd3, 0x5f, 0xff, 0xff, 0x83,
    0xbf, 0xff, 0xff, 0xb0, 0xcf, 0xff, 0xff, 0x60,
    0xb, 0xff, 0xfe, 0x0, 0x3f, 0xff, 0xff, 0xf0,
    0xef, 0xff, 0xff, 0x90, 0xd, 0xff, 0xff, 0x10,
    0x5f, 0xff, 0xff, 0xf1, 0xff, 0xff, 0xff, 0xfb,
    0xdf, 0xff, 0xff, 0xeb, 0xff, 0xff, 0xff, 0xf3,
    0xff, 0xff, 0xff, 0xff, 0xff, 0xff, 0xff, 0xff,
    0xff, 0xff, 0xff, 0xf3, 0xdf, 0xff, 0xff, 0xff,
    0xff, 0xff, 0xff, 0xff, 0xff, 0xff, 0xff, 0xf1,
    0xbf, 0xff, 0xff, 0xff, 0xff, 0xff, 0xff, 0xff,
    0xff, 0xff, 0xff, 0xe0, 0x6f, 0xff, 0xf3, 0x58,
    0xac, 0xdd, 0xdc, 0xb9, 0x62, 0xcf, 0xff, 0xa0,
    0x1f, 0xff, 0xf1, 0x0, 0x0, 0x0, 0x0, 0x0,
    0x0, 0xcf, 0xff, 0x40, 0x8, 0xff, 0xf9, 0x0,
    0x0, 0x0, 0x0, 0x0, 0x5, 0xff, 0xfc, 0x0,
    0x1, 0xdf, 0xff, 0x90, 0x0, 0x0, 0x0, 0x0,
    0x6f, 0xff, 0xf3, 0x0, 0x0, 0x2f, 0xff, 0xfe,
    0x72, 0x0, 0x1, 0x6d, 0xff, 0xff, 0x50, 0x0,
    0x0, 0x3, 0xef, 0xff, 0xff, 0xfe, 0xef, 0xff,
    0xff, 0xf6, 0x0, 0x0, 0x0, 0x0, 0x2c, 0xff,
    0xff, 0xff, 0xff, 0xff, 0xfe, 0x40, 0x0, 0x0,
    0x0, 0x0, 0x0, 0x5c, 0xff, 0xff, 0xff, 0xfd,
    0x70, 0x0, 0x0, 0x0, 0x0, 0x0, 0x0, 0x0,
    0x15, 0x67, 0x75, 0x20, 0x0, 0x0, 0x0, 0x0,

    /* U+F582 "" */
    0x0, 0x0, 0x0, 0x0, 0x26, 0x89, 0x87, 0x30,
    0x0, 0x0, 0x0, 0x0, 0x0, 0x0, 0x0, 0x6e,
    0xff, 0xff, 0xff, 0xfe, 0x81, 0x0, 0x0, 0x0,
    0x0, 0x0, 0x3d, 0xff, 0xff, 0xff, 0xff, 0xff,
    0xff, 0x50, 0x0, 0x0, 0x0, 0x5, 0xff, 0xff,
    0xff, 0xff, 0xff, 0xff, 0xff, 0xf8, 0x0, 0x0,
    0x0, 0x3f, 0xff, 0xff, 0xff, 0xff, 0xff, 0xff,
    0xff, 0xff, 0x70, 0x0, 0x1, 0xef, 0xff, 0xff,
    0xff, 0xff, 0xff, 0xff, 0xff, 0xff, 0xf4, 0x0,
    0x9, 0xff, 0xff, 0xff, 0xff, 0xff, 0xff, 0xff,
    0xff, 0xff, 0xfd, 0x0, 0x2f, 0xff, 0xff, 0xc3,
    0x5e, 0xff, 0xff, 0x73, 0x9f, 0xff, 0xff, 0x50,
    0x7f, 0xff, 0xfe, 0x1, 0x3, 0xff, 0xf6, 0x1,
    0xa, 0xff, 0xff, 0xb0, 0xbf, 0xff, 0xf7, 0x4f,
    0xe2, 0xbf, 0xf0, 0xcf, 0x83, 0xff, 0xff, 0xf0,
    0xdf, 0xff, 0xf7, 0xef, 0xfb, 0x9f, 0xd7, 0xff,
    0xf5, 0xff, 0xff, 0xf1, 0xff, 0xff, 0xff, 0xff,
    0xff, 0xff, 0xff, 0xff, 0xff, 0xff, 0xff, 0xf3,
    0xff, 0xff, 0xff, 0xff, 0xff, 0xff, 0xff, 0xff,
    0xff, 0xff, 0xff, 0xf3, 0xdf, 0xff, 0xff, 0xff,
    0xff, 0xff, 0xff, 0xff, 0xff, 0xff, 0xff, 0xf1,
    0xbf, 0xff, 0xff, 0xff, 0xff, 0xff, 0xff, 0xff,
    0xff, 0xff, 0xff, 0xf0, 0x6f, 0xff, 0xf1, 0x36,
    0x9a, 0xbb, 0xbb, 0x97, 0x41, 0xcf, 0xff, 0xa0,
    0x1f, 0xff, 0xf1, 0x0, 0x0, 0x0, 0x0, 0x0,
    0x0, 0xdf, 0xff, 0x50, 0x8, 0xff, 0xfa, 0x0,
    0x0, 0x0, 0x0, 0x0, 0x6, 0xff, 0xfc, 0x0,
    0x1, 0xef, 0xff, 0xa0, 0x0, 0x0, 0x0, 0x0,
    0x7f, 0xff, 0xf3, 0x0, 0x0, 0x3f, 0xff, 0xfe,
    0x82, 0x0, 0x1, 0x6d, 0xff, 0xff, 0x60, 0x0,
    0x0, 0x3, 0xef, 0xff, 0xff, 0xfe, 0xef, 0xff,
    0xff, 0xf6, 0x0, 0x0, 0x0, 0x0, 0x2c, 0xff,
    0xff, 0xff, 0xff, 0xff, 0xfe, 0x40, 0x0, 0x0,
    0x0, 0x0, 0x0, 0x5c, 0xff, 0xff, 0xff, 0xfd,
    0x70, 0x0, 0x0, 0x0, 0x0, 0x0, 0x0, 0x0,
    0x15, 0x67, 0x75, 0x20, 0x0, 0x0, 0x0, 0x0,

    /* U+F583 "" */
    0x0, 0x0, 0x0, 0x0, 0x26, 0x89, 0x87, 0x30,
    0x0, 0x0, 0x3c, 0x0, 0x0, 0x0, 0x0, 0x6e,
    0xff, 0xff, 0xff, 0xfe, 0x81, 0x0, 0xdf, 0x90,
    0x0, 0x0, 0x3d, 0xff, 0xff, 0xff, 0xff, 0xff,
    0xfd, 0x7, 0xff, 0xf3, 0x0, 0x5, 0xff, 0xff,
    0xff, 0xff, 0xff, 0xff, 0xfa, 0xc, 0xff, 0xf8,
    0x0, 0x3f, 0xff, 0xff, 0xff, 0xff, 0xff, 0xff,
    0xfb, 0xb, 0xff, 0xf7, 0x1, 0xef, 0xff, 0xff,
    0xff, 0xff, 0xff, 0xff, 0xff, 0x12, 0xcf, 0xa0,
    0x9, 0xff, 0xff, 0xff, 0xff, 0xff, 0xff, 0xff,
    0xff, 0xc1, 0x0, 0x0, 0x2f, 0xff, 0xff, 0xc3,
    0x5e, 0xff, 0xff, 0x73, 0x9f, 0xfe, 0x98, 0x40,
    0x7f, 0xff, 0xfe, 0x1, 0x3, 0xff, 0xf6, 0x1,
    0xa, 0xff, 0xff, 0xa0, 0xbf, 0xff, 0xf7, 0x4f,
    0xe2, 0xbf, 0xf0, 0xcf, 0x83, 0xff, 0xff, 0xf0,
    0xdf, 0xff, 0xf7, 0xef, 0xfb, 0x9f, 0xd7, 0xff,
    0xf5, 0xff, 0xff, 0xf1, 0xff, 0xff, 0xff, 0xff,
    0xff, 0xff, 0xff, 0xff, 0xff, 0xff, 0xff, 0xf3,
    0xff, 0xff, 0xff, 0xff, 0xff, 0xff, 0xff, 0xff,
    0xff, 0xff, 0xff, 0xf3, 0xdf, 0xff, 0xff, 0xff,
    0xff, 0xff, 0xff, 0xff, 0xff, 0xff, 0xff, 0xf1,
    0xbf, 0xff, 0xff, 0xff, 0xff, 0xff, 0xff, 0xff,
    0xff, 0xff, 0xff, 0xf0, 0x6f, 0xff, 0xf1, 0x36,
    0x9a, 0xbb, 0xbb, 0x97, 0x41, 0xcf, 0xff, 0xa0,
    0x1f, 0xff, 0xf1, 0x0, 0x0, 0x0, 0x0, 0x0,
    0x0, 0xdf, 0xff, 0x50, 0x8, 0xff, 0xfa, 0x0,
    0x0, 0x0, 0x0, 0x0, 0x6, 0xff, 0xfc, 0x0,
    0x1, 0xef, 0xff, 0xa0, 0x0, 0x0, 0x0, 0x0,
    0x7f, 0xff, 0xf3, 0x0, 0x0, 0x3f, 0xff, 0xfe,
    0x82, 0x0, 0x1, 0x6d, 0xff, 0xff, 0x60, 0x0,
    0x0, 0x3, 0xef, 0xff, 0xff, 0xfe, 0xef, 0xff,
    0xff, 0xf6, 0x0, 0x0, 0x0, 0x0, 0x2c, 0xff,
    0xff, 0xff, 0xff, 0xff, 0xfe, 0x40, 0x0, 0x0,
    0x0, 0x0, 0x0, 0x5c, 0xff, 0xff, 0xff, 0xfd,
    0x70, 0x0, 0x0, 0x0, 0x0, 0x0, 0x0, 0x0,
    0x15, 0x67, 0x75, 0x20, 0x0, 0x0, 0x0, 0x0,

    /* U+F584 "" */
    0x0, 0x0, 0x0, 0x0, 0x15, 0x67, 0x65, 0x20,
    0x0, 0x0, 0x0, 0x0, 0x0, 0x0, 0x0, 0x5c,
    0xff, 0xff, 0xff, 0xfd, 0x70, 0x0, 0x0, 0x0,
    0x0, 0x0, 0x2c, 0xff, 0xff, 0xff, 0xff, 0xff,
    0xfe, 0x40, 0x0, 0x0, 0x0, 0x3, 0xef, 0xff,
    0xff, 0xff, 0xff, 0xff, 0xff, 0xf6, 0x0, 0x0,
    0x0, 0x3f, 0xff, 0xff, 0xff, 0xff, 0xff, 0xff,
    0xff, 0xff, 0x60, 0x0, 0x1, 0xef, 0xff, 0xff,
    0xff, 0xff, 0xff, 0xff, 0xff, 0xff, 0xf3, 0x0,
    0x9, 0xff, 0xff, 0xf7, 0x29, 0xff, 0xfb, 0x25,
    0xff, 0xff, 0xfc, 0x0, 0x1f, 0xff, 0xfb, 0x90,
    0x0, 0xef, 0xf3, 0x0, 0x6b, 0xff, 0xff, 0x50,
    0x6f, 0xff, 0x60, 0x0, 0x0, 0xff, 0xf4, 0x0,
    0x0, 0x2f, 0xff, 0xa0, 0xbf, 0xff, 0x20, 0x0,
    0x4, 0xff, 0xf8, 0x0, 0x0, 0xe, 0xff, 0xf0,
    0xdf, 0xff, 0xa1, 0x0, 0x9, 0xff, 0xfd, 0x0,
    0x0, 0x7f, 0xff, 0xf1, 0xff, 0xff, 0xff, 0xc8,
    0x4e, 0xff, 0xff, 0x57, 0xbf, 0xff, 0xff, 0xf3,
    0xff, 0xff, 0xff, 0xff, 0xff, 0xff, 0xff, 0xff,
    0xff, 0xff, 0xff, 0xf3, 0xdf, 0xff, 0xff, 0xff,
    0xff, 0xff, 0xff, 0xff, 0xff, 0xff, 0xff, 0xf1,
    0xbf, 0xff, 0xff, 0xff, 0xff, 0xff, 0xff, 0xff,
    0xff, 0xff, 0xff, 0xf0, 0x6f, 0xff, 0xf3, 0x58,
    0xac, 0xdd, 0xdc, 0xb9, 0x62, 0xcf, 0xff, 0xa0,
    0x1f, 0xff, 0xf1, 0x0, 0x0, 0x0, 0x0, 0x0,
    0x0, 0xcf, 0xff, 0x50, 0x9, 0xff, 0xf9, 0x0,
    0x0, 0x0, 0x0, 0x0, 0x5, 0xff, 0xfc, 0x0,
    0x1, 0xef, 0xff, 0x90, 0x0, 0x0, 0x0, 0x0,
    0x6f, 0xff, 0xf3, 0x0, 0x0, 0x3f, 0xff, 0xfe,
    0x72, 0x0, 0x1, 0x6d, 0xff, 0xff, 0x60, 0x0,
    0x0, 0x4, 0xef, 0xff, 0xff, 0xfe, 0xef, 0xff,
    0xff, 0xf6, 0x0, 0x0, 0x0, 0x0, 0x2c, 0xff,
    0xff, 0xff, 0xff, 0xff, 0xfe, 0x40, 0x0, 0x0,
    0x0, 0x0, 0x0, 0x5c, 0xff, 0xff, 0xff, 0xfd,
    0x70, 0x0, 0x0, 0x0, 0x0, 0x0, 0x0, 0x0,
    0x15, 0x67, 0x75, 0x20, 0x0, 0x0, 0x0, 0x0,

    /* U+F586 "" */
    0x0, 0x0, 0x0, 0x0, 0x15, 0x89, 0x97, 0x51,
    0x0, 0x0, 0xaf, 0xc2, 0x0, 0x0, 0x0, 0x3b,
    0xff, 0xff, 0xff, 0xff, 0xb3, 0x7, 0xff, 0xfc,
    0x0, 0x0, 0xa, 0xff, 0xff, 0xff, 0xff, 0xff,
    0xfa, 0xc, 0xff, 0xff, 0x0, 0x1, 0xcf, 0xff,
    0xff, 0xff, 0xff, 0xff, 0xf7, 0xf, 0xff, 0xfa,
    0x0, 0xc, 0xff, 0xff, 0xff, 0xff, 0xaf, 0xff,
    0xf4, 0x3f, 0xfc, 0x70, 0x0, 0xaf, 0xff, 0xff,
    0xff, 0xfd, 0xe, 0xff, 0xf6, 0x3, 0x0, 0x0,
    0x3, 0xff, 0xff, 0xff, 0xff, 0xf9, 0xc, 0xff,
    0xfe, 0x64, 0x7a, 0x30, 0xb, 0xff, 0xff, 0xff,
    0xff, 0xf5, 0x6, 0x9b, 0xff, 0xff, 0xff, 0xb0,
    0x1f, 0xff, 0xff, 0xff, 0xff, 0xf1, 0x0, 0x1,
    0xdf, 0xff, 0xff, 0xf1, 0x5f, 0xff, 0xff, 0xff,
    0xff, 0xf2, 0x59, 0xdf, 0xff, 0xde, 0xff, 0xf5,
    0x8f, 0xff, 0xff, 0xff, 0xff, 0xff, 0xff, 0xff,
    0xfe, 0x14, 0xff, 0xf7, 0x9f, 0xff, 0xfd, 0x95,
    0x12, 0xff, 0xff, 0xff, 0xf5, 0x0, 0xef, 0xf9,
    0x9f, 0xff, 0xa0, 0x0, 0x5, 0xff, 0xff, 0xff,
    0x90, 0x0, 0xdf, 0xf9, 0x8f, 0xff, 0xfe, 0xc6,
    0x9, 0xff, 0xff, 0xfb, 0x0, 0x0, 0xef, 0xf8,
    0x5f, 0xff, 0xff, 0xf9, 0xd, 0xff, 0xff, 0xb0,
    0x0, 0x3, 0xff, 0xf5, 0x1f, 0xff, 0xff, 0xfb,
    0x1f, 0xff, 0xfb, 0x0, 0x0, 0x9, 0xff, 0xf1,
    0xb, 0xff, 0xff, 0xff, 0xdf, 0xff, 0x90, 0x0,
    0x0, 0x2f, 0xff, 0xb0, 0x3, 0xa7, 0x46, 0xff,
    0xff, 0xe5, 0x0, 0x0, 0x1, 0xdf, 0xff, 0x30,
    0x0, 0x0, 0x30, 0x6f, 0xfd, 0x10, 0x0, 0x0,
    0x2d, 0xff, 0xfa, 0x0, 0x7, 0xcf, 0xf3, 0x4f,
    0xfe, 0x40, 0x0, 0x39, 0xff, 0xff, 0xc0, 0x0,
    0xaf, 0xff, 0xf0, 0x7f, 0xff, 0xfe, 0xde, 0xff,
    0xff, 0xfc, 0x10, 0x0, 0xff, 0xff, 0xc0, 0xaf,
    0xff, 0xff, 0xff, 0xff, 0xff, 0xa0, 0x0, 0x0,
    0xcf, 0xff, 0x70, 0x3b, 0xff, 0xff, 0xff, 0xff,
    0xb3, 0x0, 0x0, 0x0, 0x2c, 0xfa, 0x0, 0x0,
    0x15, 0x89, 0x98, 0x51, 0x0, 0x0, 0x0, 0x0,

    /* U+F587 "" */
    0x0, 0x0, 0x0, 0x0, 0x26, 0x89, 0x87, 0x30,
    0x0, 0x0, 0x0, 0x0, 0x0, 0x0, 0x0, 0x6e,
    0xff, 0xff, 0xff, 0xfe, 0x81, 0x0, 0x0, 0x0,
    0x0, 0x0, 0x3d, 0xff, 0xff, 0xff, 0xff, 0xff,
    0xff, 0x50, 0x0, 0x0, 0x0, 0x5, 0xff, 0xff,
    0xff, 0xff, 0xff, 0xff, 0xff, 0xf8, 0x0, 0x0,
    0x0, 0x3f, 0xff, 0xff, 0xff, 0xff, 0xff, 0xff,
    0xff, 0xff, 0x70, 0x0, 0x1, 0xef, 0xff, 0xff,
    0xff, 0xff, 0xff, 0xff, 0xff, 0xff, 0xf4, 0x0,
    0x9, 0xff, 0xff, 0xa6, 0xff, 0xff, 0xff, 0xfa,
    0x6f, 0xff, 0xfd, 0x0, 0x2f, 0xff, 0xec, 0x20,
    0xbe, 0xff, 0xfe, 0xc2, 0xb, 0xef, 0xff, 0x50,
    0x7f, 0xff, 0x50, 0x0, 0x1, 0xff, 0xf5, 0x0,
    0x0, 0x1f, 0xff, 0xb0, 0xbf, 0xff, 0xf3, 0x0,
    0x1d, 0xff, 0xff, 0x30, 0x1, 0xdf, 0xff, 0xf0,
    0xdf, 0xff, 0xf4, 0x0, 0xf, 0xff, 0xff, 0x40,
    0x0, 0xff, 0xff, 0xf1, 0xff, 0xff, 0xf7, 0xbd,
    0x6f, 0xff, 0xff, 0x7b, 0xd6, 0xff, 0xff, 0xf3,
    0xff, 0xff, 0xff, 0xff, 0xff, 0xff, 0xff, 0xff,
    0xff, 0xff, 0xff, 0xf3, 0xdf, 0xff, 0xff, 0xff,
    0xff, 0xff, 0xff, 0xff, 0xff, 0xff, 0xff, 0xf1,
    0xbf, 0xff, 0xff, 0xff, 0xff, 0xff, 0xff, 0xff,
    0xff, 0xff, 0xff, 0xf0, 0x6f, 0xff, 0xf1, 0x36,
    0x9a, 0xbb, 0xbb, 0x97, 0x41, 0xcf, 0xff, 0xa0,
    0x1f, 0xff, 0xf1, 0x0, 0x0, 0x0, 0x0, 0x0,
    0x0, 0xdf, 0xff, 0x50, 0x8, 0xff, 0xfa, 0x0,
    0x0, 0x0, 0x0, 0x0, 0x6, 0xff, 0xfc, 0x0,
    0x1, 0xef, 0xff, 0xa0, 0x0, 0x0, 0x0, 0x0,
    0x7f, 0xff, 0xf3, 0x0, 0x0, 0x3f, 0xff, 0xfe,
    0x82, 0x0, 0x1, 0x6d, 0xff, 0xff, 0x60, 0x0,
    0x0, 0x3, 0xef, 0xff, 0xff, 0xfe, 0xef, 0xff,
    0xff, 0xf6, 0x0, 0x0, 0x0, 0x0, 0x2c, 0xff,
    0xff, 0xff, 0xff, 0xff, 0xfe, 0x40, 0x0, 0x0,
    0x0, 0x0, 0x0, 0x5c, 0xff, 0xff, 0xff, 0xfd,
    0x70, 0x0, 0x0, 0x0, 0x0, 0x0, 0x0, 0x0,
    0x15, 0x67, 0x75, 0x20, 0x0, 0x0, 0x0, 0x0,

    /* U+F588 "" */
    0x0, 0x0, 0x0, 0x0, 0x0, 0x1, 0x57, 0x99,
    0x85, 0x10, 0x0, 0x0, 0x0, 0x0, 0x0, 0x0,
    0x0, 0x0, 0x0, 0x3, 0xbf, 0xff, 0xff, 0xff,
    0xfb, 0x30, 0x0, 0x0, 0x0, 0x0, 0x0, 0x0,
    0x0, 0x0, 0x9f, 0xff, 0xff, 0xff, 0xff, 0xff,
    0xfa, 0x0, 0x0, 0x0, 0x0, 0x0, 0x0, 0x0,
    0x1c, 0xff, 0xff, 0xff, 0xff, 0xff, 0xff, 0xff,
    0xd1, 0x0, 0x0, 0x0, 0x0, 0x0, 0x0, 0xcf,
    0xff, 0xff, 0xff, 0xff, 0xff, 0xff, 0xff, 0xfd,
    0x0, 0x0, 0x0, 0x0, 0x0, 0x9, 0xff, 0xff,
    0xff, 0xff, 0xff, 0xff, 0xff, 0xff, 0xff, 0x90,
    0x0, 0x0, 0x0, 0x0, 0x3f, 0xff, 0xff, 0xff,
    0xff, 0xff, 0xff, 0xff, 0xff, 0xff, 0xf3, 0x0,
    0x0, 0x0, 0x0, 0xbf, 0xff, 0xff, 0x53, 0xbf,
    0xff, 0xfa, 0x36, 0xff, 0xff, 0xfb, 0x0, 0x0,
    0x0, 0x1, 0xff, 0xff, 0xf4, 0x1, 0xc, 0xff,
    0xc0, 0x10, 0x4f, 0xff, 0xff, 0x10, 0x0, 0x0,
    0x4, 0xff, 0xff, 0xd0, 0xdf, 0x65, 0xff, 0x56,
    0xfd, 0x1d, 0xff, 0xff, 0x50, 0x0, 0x0, 0x4,
    0x8a, 0xff, 0xb9, 0xff, 0xf5, 0xff, 0x6f, 0xff,
    0x9b, 0xff, 0xa8, 0x40, 0x0, 0x0, 0x0, 0x0,
    0x8f, 0xff, 0xff, 0xff, 0xff, 0xff, 0xff, 0xff,
    0xf8, 0x0, 0x0, 0x0, 0x3, 0x8c, 0xf2, 0x4f,
    0xff, 0xff, 0xff, 0xff, 0xff, 0xff, 0xff, 0xf4,
    0x3f, 0xc9, 0x30, 0x7f, 0xff, 0xf1, 0x6f, 0xff,
    0xff, 0xff, 0xff, 0xff, 0xff, 0xff, 0xf6, 0x1f,
    0xff, 0xf7, 0xef, 0xff, 0xd0, 0x9f, 0xff, 0xff,
    0xff, 0xff, 0xff, 0xff, 0xff, 0xf9, 0xd, 0xff,
    0xfe, 0xdf, 0xff, 0x80, 0xef, 0x61, 0x58, 0xab,
    0xbb, 0xba, 0x85, 0x16, 0xfe, 0x8, 0xff, 0xfd,
    0x4f, 0xfd, 0x14, 0xff, 0x70, 0x0, 0x0, 0x0,
    0x0, 0x0, 0x7, 0xff, 0x41, 0xdf, 0xf4, 0x0,
    0x20, 0xd, 0xff, 0xe1, 0x0, 0x0, 0x0, 0x0,
    0x0, 0x1e, 0xff, 0xd0, 0x2, 0x0, 0x0, 0x0,
    0x9, 0xff, 0xfd, 0x30, 0x0, 0x0, 0x0, 0x3,
    0xef, 0xff, 0x80, 0x0, 0x0, 0x0, 0x0, 0x0,
    0xcf, 0xff, 0xfa, 0x40, 0x0, 0x4, 0xaf, 0xff,
    0xfc, 0x0, 0x0, 0x0, 0x0, 0x0, 0x0, 0x1c,
    0xff, 0xff, 0xff, 0xee, 0xff, 0xff, 0xff, 0xb0,
    0x0, 0x0, 0x0, 0x0, 0x0, 0x0, 0x0, 0x8f,
    0xff, 0xff, 0xff, 0xff, 0xff, 0xf8, 0x0, 0x0,
    0x0, 0x0, 0x0, 0x0, 0x0, 0x0, 0x2, 0x9f,
    0xff, 0xff, 0xff, 0xf9, 0x20, 0x0, 0x0, 0x0,
    0x0, 0x0, 0x0, 0x0, 0x0, 0x0, 0x0, 0x36,
    0x77, 0x63, 0x0, 0x0, 0x0, 0x0, 0x0, 0x0,

    /* U+F589 "" */
    0x0, 0x0, 0x0, 0x0, 0x48, 0xab, 0xa8, 0x51,
    0x0, 0x0, 0x0, 0x0, 0x0, 0x0, 0x0, 0x8f,
    0xff, 0xff, 0xff, 0xff, 0xa2, 0x0, 0x0, 0x0,
    0x0, 0x0, 0x4e, 0xff, 0xff, 0xff, 0xff, 0xff,
    0xff, 0x70, 0x0, 0x0, 0x0, 0x6, 0xff, 0xff,
    0xff, 0xff, 0xff, 0xff, 0xff, 0xf9, 0x0, 0x0,
    0x0, 0x4f, 0xff, 0xff, 0xff, 0xff, 0xff, 0xff,
    0xff, 0xff, 0x80, 0x0, 0x2, 0xff, 0xff, 0xff,
    0xff, 0xff, 0xff, 0xff, 0xff, 0xff, 0xf4, 0x0,
    0xa, 0xff, 0xff, 0xff, 0xff, 0xff, 0xff, 0xff,
    0xff, 0xff, 0xfd, 0x0, 0x2f, 0xff, 0xff, 0xff,
    0xff, 0xff, 0xff, 0xff, 0xff, 0xff, 0xff, 0x60,
    0x7f, 0xff, 0xff, 0xe4, 0x4e, 0xff, 0xff, 0xa3,
    0xbf, 0xff, 0xff, 0xb0, 0xbf, 0xff, 0xff, 0x70,
    0x7, 0xff, 0xff, 0x20, 0x2f, 0xff, 0xff, 0xf0,
    0xdf, 0xff, 0xff, 0x90, 0xa, 0xff, 0xff, 0x40,
    0x5f, 0xff, 0xff, 0xf1, 0xff, 0xff, 0xff, 0xfc,
    0xcf, 0xff, 0xff, 0xfb, 0xff, 0xff, 0xff, 0xf3,
    0xff, 0xff, 0xff, 0xff, 0xff, 0xff, 0xff, 0xff,
    0xff, 0xff, 0xff, 0xf3, 0xef, 0xff, 0xff, 0xff,
    0xff, 0xff, 0xff, 0xff, 0xff, 0xff, 0xff, 0xf2,
    0xbf, 0xff, 0xff, 0xff, 0xff, 0xff, 0xff, 0xff,
    0xff, 0xff, 0xff, 0xf0, 0x7f, 0xff, 0xf3, 0x48,
    0xac, 0xdd, 0xdc, 0xb9, 0x62, 0xbf, 0xff, 0xb0,
    0x1f, 0xff, 0xf1, 0x0, 0x0, 0x0, 0x0, 0x0,
    0x0, 0xbf, 0xff, 0x50, 0x9, 0xff, 0xfa, 0x0,
    0x4, 0x60, 0x16, 0x20, 0x4, 0xff, 0xfd, 0x0,
    0x0, 0xef, 0xff, 0xa0, 0x2f, 0xf6, 0xaf, 0xd0,
    0x5f, 0xff, 0xf4, 0x0, 0x0, 0x3f, 0xff, 0xf3,
    0x2f, 0xff, 0xff, 0xd0, 0xcf, 0xff, 0x70, 0x0,
    0x0, 0x4, 0xff, 0xf3, 0x2f, 0xff, 0xff, 0xd0,
    0xcf, 0xf8, 0x0, 0x0, 0x0, 0x0, 0x2c, 0xf4,
    0xf, 0xff, 0xff, 0xb0, 0xdf, 0x60, 0x0, 0x0,
    0x0, 0x0, 0x0, 0x55, 0xa, 0xff, 0xff, 0x60,
    0x81, 0x0, 0x0, 0x0, 0x0, 0x0, 0x0, 0x0,
    0x0, 0x9e, 0xd6, 0x0, 0x0, 0x0, 0x0, 0x0,

    /* U+F58B "" */
    0x0, 0x0, 0x0, 0x0, 0x14, 0x67, 0x65, 0x20,
    0x0, 0x0, 0x0, 0x0, 0x0, 0x0, 0x0, 0x5c,
    0xff, 0xff, 0xff, 0xfd, 0x70, 0x0, 0x0, 0x0,
    0x0, 0x0, 0x2c, 0xff, 0xff, 0xff, 0xff, 0xff,
    0xfe, 0x40, 0x0, 0x0, 0x0, 0x3, 0xef, 0xff,
    0xff, 0xff, 0xff, 0xff, 0xff, 0xf6, 0x0, 0x0,
    0x0, 0x2f, 0xff, 0xff, 0xff, 0xff, 0xff, 0xff,
    0xff, 0xff, 0x50, 0x0, 0x1, 0xef, 0xff, 0xff,
    0xff, 0xff, 0xff, 0xff, 0xff, 0xff, 0xf3, 0x0,
    0x8, 0xff, 0xff, 0xff, 0xff, 0xff, 0xff, 0xff,
    0xef, 0xff, 0xfc, 0x0, 0x1f, 0xff, 0xff, 0xff,
    0xff, 0xff, 0xff, 0x60, 0x4, 0xef, 0xff, 0x50,
    0x6f, 0xff, 0xff, 0xa9, 0xdf, 0xff, 0xf8, 0x2,
    0x40, 0x4f, 0xff, 0xa0, 0xbf, 0xff, 0xc1, 0x0,
    0x9, 0xff, 0xf3, 0xe, 0xf2, 0xf, 0xff, 0xf0,
    0xdf, 0xff, 0x64, 0xdd, 0x72, 0xff, 0xf4, 0x9,
    0xc0, 0xf, 0xff, 0xf1, 0xff, 0xff, 0xff, 0xff,
    0xff, 0xff, 0xfb, 0x0, 0x0, 0x7f, 0xff, 0xf3,
    0xff, 0xff, 0xff, 0xff, 0xff, 0xff, 0xff, 0xb4,
    0x38, 0xff, 0xff, 0xf3, 0xef, 0xff, 0xff, 0xff,
    0xff, 0xff, 0xff, 0xff, 0xff, 0xff, 0xff, 0xf2,
    0xbf, 0xff, 0xff, 0xff, 0xff, 0xff, 0xff, 0xff,
    0xff, 0xff, 0xff, 0xf0, 0x7f, 0xff, 0xf3, 0x58,
    0xac, 0xdd, 0xdc, 0xb9, 0x62, 0xcf, 0xff, 0xb0,
    0x1f, 0xff, 0xf1, 0x0, 0x0, 0x0, 0x0, 0x0,
    0x0, 0xcf, 0xff, 0x50, 0x9, 0xff, 0xf9, 0x0,
    0x5, 0x40, 0x26, 0x10, 0x5, 0xff, 0xfd, 0x0,
    0x1, 0xef, 0xff, 0x90, 0x5f, 0xf2, 0xef, 0x90,
    0x6f, 0xff, 0xf4, 0x0, 0x0, 0x4f, 0xff, 0xf2,
    0x6f, 0xff, 0xff, 0xa0, 0xef, 0xff, 0x70, 0x0,
    0x0, 0x4, 0xff, 0xf2, 0x5f, 0xff, 0xff, 0xa0,
    0xef, 0xf8, 0x0, 0x0, 0x0, 0x0, 0x3d, 0xf2,
    0x4f, 0xff, 0xff, 0x80, 0xee, 0x50, 0x0, 0x0,
    0x0, 0x0, 0x0, 0x64, 0xd, 0xff, 0xff, 0x21,
    0x71, 0x0, 0x0, 0x0, 0x0, 0x0, 0x0, 0x0,
    0x2, 0xbe, 0xc4, 0x0, 0x0, 0x0, 0x0, 0x0,

    /* U+F58C "" */
    0x0, 0x0, 0x0, 0x1, 0x6a, 0xbd, 0xca, 0x72,
    0x0, 0x0, 0x0, 0x0, 0x0, 0x0, 0x1, 0xaf,
    0xff, 0xff, 0xff, 0xff, 0xc3, 0x0, 0x0, 0x0,
    0x0, 0x0, 0x5f, 0xff, 0xff, 0xff, 0xff, 0xff,
    0xff, 0x80, 0x0, 0x0, 0x0, 0x7, 0xff, 0xff,
    0xff, 0xff, 0xff, 0xff, 0xff, 0xfa, 0x0, 0x0,
    0x0, 0x5f, 0xff, 0xff, 0xff, 0xff, 0xff, 0xff,
    0xff, 0xff, 0x90, 0x0, 0x2, 0xff, 0xff, 0xff,
    0xff, 0xff, 0xff, 0xff, 0xff, 0xff, 0xf5, 0x0,
    0xb, 0xff, 0xff, 0xff, 0xff, 0xff, 0xff, 0xff,
    0xff, 0xff, 0xfe, 0x0, 0x2f, 0xff, 0xff, 0xff,
    0xff, 0xff, 0xff, 0xff, 0xff, 0xff, 0xff, 0x60,
    0x7f, 0xff, 0xff, 0xd2, 0x4f, 0xff, 0xfe, 0x64,
    0x8f, 0xff, 0xff, 0xb0, 0xcf, 0xff, 0xff, 0x60,
    0xb, 0xff, 0xe1, 0x0, 0x4, 0xff, 0xff, 0xf0,
    0xef, 0xff, 0xff, 0x90, 0xd, 0xff, 0xa1, 0xac,
    0x80, 0xef, 0xff, 0xf1, 0xff, 0xff, 0xff, 0xfb,
    0xdf, 0xff, 0xfe, 0xff, 0xfe, 0xff, 0xff, 0xf3,
    0xff, 0xff, 0xff, 0xff, 0xff, 0xff, 0xff, 0xff,
    0xff, 0xff, 0xff, 0xf2, 0xdf, 0xff, 0xff, 0xff,
    0xff, 0xff, 0xff, 0xff, 0xff, 0xff, 0xff, 0xf1,
    0xbf, 0xff, 0xff, 0xff, 0xff, 0xff, 0xff, 0xff,
    0xff, 0xff, 0xff, 0xe0, 0x6f, 0xff, 0xf3, 0x58,
    0xac, 0xdd, 0xdc, 0xb9, 0x62, 0xcf, 0xff, 0xa0,
    0x1f, 0xff, 0xf1, 0x0, 0x0, 0x0, 0x0, 0x0,
    0x0, 0xcf, 0xff, 0x40, 0x8, 0xff, 0xf9, 0x0,
    0x0, 0x0, 0x0, 0x0, 0x5, 0xff, 0xfc, 0x0,
    0x0, 0xdf, 0xff, 0x90, 0x0, 0x0, 0x0, 0x0,
    0x6f, 0xff, 0xf2, 0x0, 0x0, 0x2f, 0xff, 0xfe,
    0x72, 0x0, 0x1, 0x6d, 0xff, 0xff, 0x50, 0x0,
    0x0, 0x3, 0xef, 0xff, 0xff, 0xfe, 0xef, 0xff,
    0xff, 0xf6, 0x0, 0x0, 0x0, 0x0, 0x1c, 0xff,
    0xff, 0xff, 0xff, 0xff, 0xfd, 0x30, 0x0, 0x0,
    0x0, 0x0, 0x0, 0x5c, 0xff, 0xff, 0xff, 0xfd,
    0x60, 0x0, 0x0, 0x0, 0x0, 0x0, 0x0, 0x0,
    0x15, 0x67, 0x65, 0x20, 0x0, 0x0, 0x0, 0x0,

    /* U+F596 "" */
    0x0, 0x0, 0x0, 0x0, 0x48, 0xab, 0xa8, 0x51,
    0x0, 0x0, 0x0, 0x0, 0x0, 0x0, 0x0, 0x8f,
    0xff, 0xff, 0xff, 0xff, 0xa1, 0x0, 0x0, 0x0,
    0x0, 0x0, 0x3e, 0xff, 0xff, 0xff, 0xff, 0xff,
    0xff, 0x60, 0x0, 0x0, 0x0, 0x5, 0xff, 0xff,
    0xff, 0xff, 0xff, 0xff, 0xff, 0xf9, 0x0, 0x0,
    0x0, 0x4f, 0xff, 0xff, 0xff, 0xff, 0xff, 0xff,
    0xff, 0xff, 0x70, 0x0, 0x1, 0xef, 0xff, 0xff,
    0xff, 0xff, 0xff, 0xff, 0xff, 0xff, 0xf4, 0x0,
    0x9, 0xff, 0xff, 0xff, 0xff, 0xff, 0xff, 0xff,
    0xff, 0xff, 0xfd, 0x0, 0x2f, 0xff, 0xff, 0xff,
    0xff, 0xff, 0xff, 0xff, 0xff, 0xff, 0xff, 0x50,
    0x7f, 0xff, 0xff, 0xd3, 0x5f, 0xff, 0xff, 0x83,
    0xbf, 0xff, 0xff, 0xa0, 0xbf, 0xff, 0xff, 0x60,
    0xa, 0xff, 0xfe, 0x0, 0x2f, 0xff, 0xff, 0xf0,
    0xdf, 0xff, 0xff, 0xb0, 0x1e, 0xff, 0xff, 0x30,
    0x7f, 0xff, 0xff, 0xf1, 0xff, 0xff, 0xff, 0xfe,
    0xff, 0xff, 0xff, 0xfe, 0xff, 0xff, 0xff, 0xf3,
    0xff, 0xff, 0xff, 0xff, 0xff, 0xff, 0xff, 0xff,
    0xff, 0xff, 0xff, 0xf3, 0xdf, 0xff, 0xff, 0xff,
    0xff, 0xa1, 0x5d, 0xff, 0xff, 0xff, 0xff, 0xf1,
    0xbf, 0xff, 0xff, 0xff, 0xff, 0xfd, 0x21, 0xef,
    0xff, 0xff, 0xff, 0xf0, 0x7f, 0xff, 0xff, 0xff,
    0xff, 0xff, 0x50, 0xdf, 0xff, 0xff, 0xff, 0xb0,
    0x2f, 0xff, 0xff, 0xff, 0xff, 0xc3, 0x19, 0xff,
    0xff, 0xff, 0xff, 0x60, 0xa, 0xff, 0xff, 0xff,
    0xff, 0xe6, 0x7, 0xff, 0xff, 0xff, 0xfe, 0x0,
    0x2, 0xff, 0xff, 0xff, 0xff, 0xff, 0x60, 0xdf,
    0xff, 0xff, 0xf5, 0x0, 0x0, 0x5f, 0xff, 0xff,
    0xff, 0xfb, 0x13, 0xff, 0xff, 0xff, 0x90, 0x0,
    0x0, 0x7, 0xff, 0xff, 0xff, 0xa4, 0x8f, 0xff,
    0xff, 0xfa, 0x0, 0x0, 0x0, 0x0, 0x5f, 0xff,
    0xff, 0xff, 0xff, 0xff, 0xff, 0x80, 0x0, 0x0,
    0x0, 0x0, 0x1, 0x9f, 0xff, 0xff, 0xff, 0xff,
    0xb3, 0x0, 0x0, 0x0, 0x0, 0x0, 0x0, 0x1,
    0x69, 0xbc, 0xca, 0x72, 0x0, 0x0, 0x0, 0x0,

    /* U+F59B "" */
    0x0, 0x0, 0x0, 0x1, 0x6a, 0xbd, 0xca, 0x72,
    0x0, 0x0, 0x0, 0x0, 0x0, 0x0, 0x1, 0xaf,
    0xff, 0xff, 0xff, 0xff, 0xc3, 0x0, 0x0, 0x0,
    0x0, 0x0, 0x5f, 0xff, 0xff, 0xff, 0xff, 0xff,
    0xff, 0x80, 0x0, 0x0, 0x0, 0x7, 0xff, 0xff,
    0xff, 0xff, 0xff, 0xff, 0xff, 0xfb, 0x0, 0x0,
    0x0, 0x5f, 0xff, 0xff, 0xff, 0xff, 0xff, 0xff,
    0xff, 0xff, 0x90, 0x0, 0x2, 0xff, 0xfc, 0xaf,
    0xff, 0xff, 0xff, 0xff, 0xc9, 0xff, 0xf6, 0x0,
    0xb, 0xff, 0xfb, 0x3, 0xdf, 0xff, 0xff, 0xe6,
    0x7, 0xff, 0xfe, 0x0, 0x2f, 0xff, 0xff, 0x80,
    0x6, 0xff, 0xf9, 0x10, 0x4f, 0xff, 0xff, 0x60,
    0x7f, 0xff, 0xff, 0xd0, 0x1, 0xdf, 0xf2, 0x0,
    0x9f, 0xff, 0xff, 0xb0, 0xcf, 0xff, 0xfe, 0x20,
    0x6e, 0xff, 0xff, 0x80, 0xc, 0xff, 0xff, 0xf0,
    0xef, 0xff, 0xf8, 0x3c, 0xff, 0xff, 0xff, 0xfe,
    0x54, 0xff, 0xff, 0xf2, 0xff, 0xff, 0xff, 0xff,
    0xff, 0xff, 0xff, 0xff, 0xff, 0xff, 0xff, 0xf3,
    0xff, 0xff, 0xff, 0xff, 0xff, 0xff, 0xff, 0xff,
    0xff, 0xff, 0xff, 0xf3, 0xdf, 0xff, 0xc4, 0x44,
    0x44, 0x44, 0x44, 0x44, 0x44, 0xaf, 0xff, 0xf1,
    0xbf, 0xff, 0x90, 0x0, 0x0, 0x0, 0x0, 0x0,
    0x0, 0x6f, 0xff, 0xe0, 0x6f, 0xff, 0xd0, 0x0,
    0x0, 0x0, 0x0, 0x0, 0x0, 0xaf, 0xff, 0xa0,
    0x1f, 0xff, 0xf4, 0x0, 0x0, 0x0, 0x0, 0x0,
    0x1, 0xff, 0xff, 0x40, 0x8, 0xff, 0xfd, 0x10,
    0x0, 0x0, 0x0, 0x0, 0xb, 0xff, 0xfc, 0x0,
    0x0, 0xdf, 0xff, 0xc1, 0x0, 0x0, 0x0, 0x0,
    0xaf, 0xff, 0xf3, 0x0, 0x0, 0x2f, 0xff, 0xfe,
    0x71, 0x0, 0x0, 0x5d, 0xff, 0xff, 0x50, 0x0,
    0x0, 0x3, 0xef, 0xff, 0xff, 0xed, 0xef, 0xff,
    0xff, 0xf6, 0x0, 0x0, 0x0, 0x0, 0x1c, 0xff,
    0xff, 0xff, 0xff, 0xff, 0xfe, 0x40, 0x0, 0x0,
    0x0, 0x0, 0x0, 0x5c, 0xff, 0xff, 0xff, 0xfd,
    0x70, 0x0, 0x0, 0x0, 0x0, 0x0, 0x0, 0x0,
    0x15, 0x67, 0x75, 0x20, 0x0, 0x0, 0x0, 0x0,

    /* U+F5A4 "" */
    0x0, 0x0, 0x0, 0x0, 0x48, 0xab, 0xa8, 0x51,
    0x0, 0x0, 0x0, 0x0, 0x0, 0x0, 0x0, 0x8f,
    0xff, 0xff, 0xff, 0xff, 0xa2, 0x0, 0x0, 0x0,
    0x0, 0x0, 0x4e, 0xff, 0xff, 0xff, 0xff, 0xff,
    0xff, 0x70, 0x0, 0x0, 0x0, 0x6, 0xff, 0xff,
    0xff, 0xff, 0xff, 0xff, 0xff, 0xf9, 0x0, 0x0,
    0x0, 0x4f, 0xff, 0xff, 0xff, 0xff, 0xff, 0xff,
    0xff, 0xff, 0x80, 0x0, 0x2, 0xff, 0xff, 0xff,
    0xff, 0xff, 0xff, 0xff, 0xff, 0xff, 0xf5, 0x0,
    0xa, 0xff, 0xff, 0xff, 0xff, 0xff, 0xff, 0xff,
    0xff, 0xff, 0xfd, 0x0, 0x2f, 0xff, 0xff, 0xff,
    0xff, 0xff, 0xff, 0xff, 0xff, 0xff, 0xff, 0x60,
    0x7f, 0xff, 0xff, 0xd3, 0x5f, 0xff, 0xff, 0x83,
    0xbf, 0xff, 0xff, 0xb0, 0xcf, 0xff, 0xff, 0x60,
    0xa, 0xff, 0xfe, 0x0, 0x2f, 0xff, 0xff, 0xf0,
    0xef, 0xff, 0xff, 0xb0, 0x1e, 0xff, 0xff, 0x30,
    0x7f, 0xff, 0xff, 0xf1, 0xff, 0xff, 0xff, 0xfe,
    0xff, 0xff, 0xff, 0xfe, 0xff, 0xff, 0xff, 0xf3,
    0xff, 0xff, 0xff, 0xff, 0xff, 0xff, 0xff, 0xff,
    0xff, 0xff, 0xff, 0xf3, 0xdf, 0xff, 0xff, 0xff,
    0xff, 0xff, 0xff, 0xff, 0xff, 0xff, 0xff, 0xf1,
    0xbf, 0xff, 0xff, 0xff, 0xff, 0xff, 0xff, 0xff,
    0xff, 0xff, 0xff, 0xe0, 0x6f, 0xff, 0xff, 0xff,
    0xff, 0xff, 0xff, 0xff, 0xff, 0xff, 0xff, 0xa0,
    0x1f, 0xff, 0xff, 0xff, 0xff, 0xff, 0xff, 0xff,
    0xff, 0xff, 0xff, 0x40, 0x8, 0xff, 0xff, 0xff,
    0xff, 0xff, 0xff, 0xff, 0xff, 0xff, 0xfc, 0x0,
    0x1, 0xdf, 0xff, 0xff, 0xff, 0xff, 0xff, 0xff,
    0xff, 0xff, 0xf3, 0x0, 0x0, 0x2f, 0xff, 0xff,
    0xff, 0xff, 0xff, 0xff, 0xff, 0xff, 0x50, 0x0,
    0x0, 0x3, 0xef, 0xff, 0xff, 0xff, 0xff, 0xff,
    0xff, 0xf6, 0x0, 0x0, 0x0, 0x0, 0x2c, 0xff,
    0xff, 0xff, 0xff, 0xff, 0xfe, 0x40, 0x0, 0x0,
    0x0, 0x0, 0x0, 0x5c, 0xff, 0xff, 0xff, 0xfd,
    0x70, 0x0, 0x0, 0x0, 0x0, 0x0, 0x0, 0x0,
    0x15, 0x67, 0x75, 0x20, 0x0, 0x0, 0x0, 0x0,

    /* U+F5A5 "" */
    0x0, 0x0, 0x0, 0x0, 0x14, 0x67, 0x65, 0x20,
    0x0, 0x0, 0x0, 0x0, 0x0, 0x0, 0x0, 0x4c,
    0xff, 0xff, 0xff, 0xfd, 0x60, 0x0, 0x0, 0x0,
    0x0, 0x0, 0x1c, 0xff, 0xff, 0xff, 0xff, 0xff,
    0xfd, 0x30, 0x0, 0x0, 0x0, 0x3, 0xef, 0xff,
    0xff, 0xff, 0xff, 0xff, 0xff, 0xf6, 0x0, 0x0,
    0x0, 0x2f, 0xff, 0xff, 0xff, 0xff, 0xff, 0xff,
    0xff, 0xff, 0x50, 0x0, 0x0, 0xdf, 0xff, 0xff,
    0xff, 0xff, 0xff, 0xff, 0xff, 0xff, 0xf3, 0x0,
    0x8, 0xff, 0xff, 0xff, 0xff, 0xff, 0xff, 0xff,
    0xff, 0xff, 0xfc, 0x0, 0x1f, 0xff, 0xff, 0xff,
    0xff, 0xff, 0xff, 0xff, 0xff, 0xff, 0xff, 0x40,
    0x6f, 0xff, 0xe6, 0xff, 0xba, 0xff, 0xfe, 0x6f,
    0xfb, 0xaf, 0xff, 0xa0, 0xbf, 0xff, 0x50, 0x9c,
    0x31, 0xff, 0xf5, 0x9, 0xc3, 0x1f, 0xff, 0xe0,
    0xdf, 0xff, 0x20, 0x0, 0x0, 0xef, 0xf2, 0x0,
    0x0, 0xe, 0xff, 0xf1, 0xff, 0xff, 0x60, 0x0,
    0x2, 0xff, 0xf6, 0x0, 0x0, 0x2f, 0xff, 0xf3,
    0xff, 0xff, 0xe3, 0x0, 0x1c, 0xff, 0xfe, 0x30,
    0x1, 0xcf, 0xff, 0xf3, 0xef, 0xff, 0xff, 0xdc,
    0xff, 0xff, 0xff, 0xfd, 0xcf, 0xff, 0xff, 0xf2,
    0xcf, 0xff, 0xff, 0xff, 0xff, 0xff, 0xff, 0xff,
    0xff, 0xff, 0xff, 0xf0, 0x7f, 0xff, 0xff, 0xff,
    0xff, 0xff, 0xff, 0xff, 0xff, 0xff, 0xff, 0xb0,
    0x2f, 0xff, 0xff, 0xff, 0xff, 0xff, 0xff, 0xff,
    0xff, 0xff, 0xff, 0x60, 0xb, 0xff, 0xff, 0xff,
    0x30, 0x0, 0x0, 0xa, 0xff, 0xff, 0xfe, 0x0,
    0x2, 0xff, 0xff, 0xff, 0x30, 0x0, 0x0, 0xa,
    0xff, 0xff, 0xf6, 0x0, 0x0, 0x5f, 0xff, 0xff,
    0xff, 0xff, 0xff, 0xff, 0xff, 0xff, 0x90, 0x0,
    0x0, 0x7, 0xff, 0xff, 0xff, 0xff, 0xff, 0xff,
    0xff, 0xfb, 0x0, 0x0, 0x0, 0x0, 0x5f, 0xff,
    0xff, 0xff, 0xff, 0xff, 0xff, 0x80, 0x0, 0x0,
    0x0, 0x0, 0x1, 0xaf, 0xff, 0xff, 0xff, 0xff,
    0xc3, 0x0, 0x0, 0x0, 0x0, 0x0, 0x0, 0x1,
    0x6a, 0xbc, 0xca, 0x72, 0x0, 0x0, 0x0, 0x0,

    /* U+F5B3 "" */
    0x0, 0x0, 0x0, 0x1, 0x6a, 0xbd, 0xca, 0x61,
    0x0, 0x0, 0x0, 0x0, 0x0, 0x0, 0x1, 0xaf,
    0xff, 0xff, 0xff, 0xff, 0xa2, 0x0, 0x0, 0x0,
    0x0, 0x0, 0x5f, 0xff, 0xff, 0xff, 0xff, 0xff,
    0xff, 0x60, 0x0, 0x0, 0x0, 0x7, 0xff, 0xff,
    0xff, 0xff, 0xff, 0xff, 0xff, 0xf8, 0x0, 0x0,
    0x0, 0x5f, 0xff, 0xff, 0xff, 0xff, 0xff, 0xff,
    0xff, 0xff, 0x60, 0x0, 0x2, 0xff, 0xff, 0xff,
    0xff, 0xff, 0xff, 0xff, 0xff, 0xff, 0xf3, 0x0,
    0xa, 0xff, 0xff, 0xff, 0xff, 0xff, 0xff, 0xff,
    0xff, 0xff, 0xfb, 0x0, 0x2f, 0xff, 0xff, 0xff,
    0xff, 0xff, 0xff, 0xff, 0xff, 0xff, 0xff, 0x30,
    0x7f, 0xff, 0xfc, 0x54, 0x9f, 0xff, 0xff, 0xc5,
    0x49, 0xff, 0xff, 0x80, 0xbf, 0xff, 0xb0, 0x0,
    0x7, 0xff, 0xfb, 0x0, 0x0, 0x7f, 0xff, 0xc0,
    0xdf, 0xff, 0x64, 0xdd, 0x72, 0xff, 0xf6, 0x4d,
    0xd7, 0x2f, 0xff, 0xf0, 0xff, 0xff, 0xff, 0xff,
    0xff, 0xff, 0xff, 0xff, 0xff, 0xff, 0xff, 0xf0,
    0xff, 0xff, 0xff, 0xdf, 0xff, 0xff, 0xff, 0xff,
    0xef, 0xff, 0xff, 0xf0, 0xef, 0xff, 0xfa, 0xf,
    0xff, 0xb5, 0xaf, 0xff, 0x29, 0xff, 0xff, 0xf0,
    0xbf, 0xff, 0xfa, 0xe, 0xfd, 0x0, 0xa, 0xff,
    0x28, 0xff, 0xff, 0xc0, 0x7f, 0xff, 0xfa, 0xe,
    0xf7, 0x0, 0x4, 0xff, 0x28, 0xff, 0xff, 0x80,
    0x2f, 0xff, 0xfa, 0xe, 0xf5, 0x0, 0x2, 0xff,
    0x28, 0xff, 0xff, 0x30, 0xa, 0xff, 0xfa, 0xe,
    0xf7, 0x0, 0x4, 0xff, 0x28, 0xff, 0xfb, 0x0,
    0x2, 0xff, 0xfa, 0xe, 0xfd, 0x0, 0xa, 0xff,
    0x28, 0xff, 0xf2, 0x0, 0x0, 0x5f, 0xfa, 0xe,
    0xff, 0xb5, 0xaf, 0xff, 0x28, 0xff, 0x60, 0x0,
    0x0, 0x7, 0xfa, 0xe, 0xff, 0xff, 0xff, 0xff,
    0x28, 0xf8, 0x0, 0x0, 0x0, 0x0, 0x59, 0xe,
    0xff, 0xff, 0xff, 0xff, 0x28, 0x60, 0x0, 0x0,
    0x0, 0x0, 0x0, 0xe, 0xff, 0xff, 0xff, 0xff,
    0x10, 0x0, 0x0, 0x0, 0x0, 0x0, 0x0, 0x1,
    0x6a, 0xbd, 0xca, 0x72, 0x0, 0x0, 0x0, 0x0,

    /* U+F5B4 "" */
    0x0, 0x0, 0x0, 0x0, 0x48, 0xab, 0xa8, 0x51,
    0x0, 0x0, 0x0, 0x0, 0x0, 0x0, 0x0, 0x8f,
    0xff, 0xff, 0xff, 0xff, 0xa1, 0x0, 0x0, 0x0,
    0x0, 0x0, 0x3e, 0xff, 0xff, 0xff, 0xff, 0xff,
    0xff, 0x60, 0x0, 0x0, 0x0, 0x5, 0xff, 0xff,
    0xff, 0xff, 0xff, 0xff, 0xff, 0xf9, 0x0, 0x0,
    0x0, 0x4f, 0xff, 0xff, 0xff, 0xff, 0xff, 0xff,
    0xff, 0xff, 0x70, 0x0, 0x1, 0xef, 0xff, 0xff,
    0xff, 0xff, 0xff, 0xff, 0xff, 0xff, 0xf4, 0x0,
    0x9, 0xff, 0xff, 0xff, 0xff, 0xff, 0xff, 0xff,
    0xff, 0xff, 0xfd, 0x0, 0x2f, 0xff, 0xff, 0xff,
    0xff, 0xff, 0xff, 0xff, 0xff, 0xff, 0xff, 0x50,
    0x7f, 0xff, 0xff, 0xd3, 0x5f, 0xff, 0xff, 0x83,
    0xbf, 0xff, 0xff, 0xa0, 0xbf, 0xff, 0xff, 0x60,
    0xa, 0xff, 0xfe, 0x0, 0x2f, 0xff, 0xff, 0xf0,
    0xdf, 0xff, 0xff, 0xa0, 0xd, 0xff, 0xff, 0x20,
    0x6f, 0xff, 0xff, 0xf1, 0xff, 0xff, 0xff, 0xfd,
    0xef, 0xff, 0xff, 0xfc, 0xff, 0xff, 0xff, 0xf3,
    0xff, 0xff, 0xff, 0xff, 0xff, 0xff, 0xff, 0xff,
    0xff, 0xff, 0xff, 0xf3, 0xdf, 0xff, 0xff, 0xdb,
    0xff, 0xff, 0xff, 0xff, 0xff, 0xff, 0xff, 0xf1,
    0xbf, 0xff, 0xff, 0x30, 0xef, 0xff, 0xff, 0xff,
    0xff, 0xff, 0xff, 0xf0, 0x7f, 0xff, 0xf9, 0x0,
    0x5f, 0xf1, 0x14, 0xaf, 0xff, 0xff, 0xff, 0xb0,
    0x2f, 0xff, 0xf1, 0x0, 0xd, 0xf5, 0x30, 0x4,
    0xff, 0xff, 0xff, 0x60, 0xa, 0xff, 0xe0, 0x0,
    0xa, 0xff, 0xfe, 0x70, 0x4f, 0xff, 0xfe, 0x0,
    0x2, 0xff, 0xf3, 0x0, 0xe, 0xff, 0xff, 0xfa,
    0x1e, 0xff, 0xf5, 0x0, 0x0, 0x5f, 0xfe, 0x65,
    0xcf, 0xff, 0xff, 0xff, 0xff, 0xff, 0x90, 0x0,
    0x0, 0x7, 0xff, 0xff, 0xff, 0xff, 0xff, 0xff,
    0xff, 0xfa, 0x0, 0x0, 0x0, 0x0, 0x5f, 0xff,
    0xff, 0xff, 0xff, 0xff, 0xff, 0x80, 0x0, 0x0,
    0x0, 0x0, 0x1, 0xaf, 0xff, 0xff, 0xff, 0xff,
    0xc3, 0x0, 0x0, 0x0, 0x0, 0x0, 0x0, 0x1,
    0x6a, 0xbd, 0xca, 0x72, 0x0, 0x0, 0x0, 0x0,

    /* U+F5B8 "" */
    0x0, 0x0, 0x0, 0x0, 0x26, 0x89, 0x87, 0x30,
    0x0, 0x0, 0x0, 0x0, 0x0, 0x0, 0x0, 0x6d,
    0xff, 0xff, 0xff, 0xfe, 0x81, 0x0, 0x0, 0x0,
    0x0, 0x0, 0x2d, 0xff, 0xff, 0xff, 0xff, 0xff,
    0xfe, 0x50, 0x0, 0x0, 0x0, 0x4, 0xff, 0xff,
    0xff, 0xff, 0xff, 0xff, 0xff, 0xf7, 0x0, 0x0,
    0x0, 0x3f, 0xff, 0xff, 0xff, 0xff, 0xff, 0xff,
    0xff, 0xff, 0x60, 0x0, 0x1, 0xef, 0xff, 0xff,
    0xff, 0xff, 0xff, 0xff, 0xff, 0xff, 0xf3, 0x0,
    0x9, 0xff, 0xff, 0xff, 0xff, 0xff, 0xff, 0xff,
    0xff, 0xff, 0xfd, 0x0, 0x1f, 0xff, 0xff, 0xc3,
    0x5e, 0xff, 0xff, 0x62, 0x9f, 0xff, 0xff, 0x50,
    0x6f, 0xff, 0xfe, 0x0, 0x3, 0xff, 0xf7, 0x0,
    0xa, 0xff, 0xff, 0xa0, 0xbf, 0xff, 0xf7, 0x3e,
    0xd1, 0xcf, 0xf0, 0xaf, 0x73, 0xff, 0xff, 0xf0,
    0xdf, 0xff, 0xf5, 0xdf, 0xfa, 0x9f, 0xd6, 0xff,
    0xf3, 0xff, 0xff, 0xf1, 0xff, 0xff, 0xff, 0xff,
    0xff, 0xff, 0xff, 0xff, 0xff, 0xff, 0xff, 0xf3,
    0xff, 0xff, 0xff, 0xff, 0xff, 0xff, 0xff, 0xff,
    0xff, 0xff, 0xff, 0xf3, 0xdf, 0xff, 0xff, 0xff,
    0xff, 0xff, 0xff, 0xff, 0xff, 0xff, 0xff, 0xf1,
    0xbf, 0xff, 0xff, 0xff, 0xff, 0xff, 0xff, 0xff,
    0xff, 0xff, 0xff, 0xf0, 0x7f, 0xff, 0xff, 0x26,
    0xff, 0xff, 0xff, 0xf9, 0x1e, 0xff, 0xff, 0xb0,
    0x2f, 0xff, 0xff, 0x80, 0x4d, 0xff, 0xfe, 0x60,
    0x4f, 0xff, 0xff, 0x60, 0xa, 0xff, 0xff, 0xf8,
    0x0, 0x13, 0x20, 0x6, 0xff, 0xff, 0xfd, 0x0,
    0x2, 0xff, 0xff, 0xff, 0xd7, 0x42, 0x36, 0xcf,
    0xff, 0xff, 0xf5, 0x0, 0x0, 0x4f, 0xff, 0xff,
    0xff, 0xff, 0xff, 0xff, 0xff, 0xff, 0x80, 0x0,
    0x0, 0x6, 0xff, 0xff, 0xff, 0xff, 0xff, 0xff,
    0xff, 0xf9, 0x0, 0x0, 0x0, 0x0, 0x4e, 0xff,
    0xff, 0xff, 0xff, 0xff, 0xff, 0x70, 0x0, 0x0,
    0x0, 0x0, 0x1, 0x8f, 0xff, 0xff, 0xff, 0xff,
    0xa2, 0x0, 0x0, 0x0, 0x0, 0x0, 0x0, 0x0,
    0x48, 0xab, 0xa9, 0x51, 0x0, 0x0, 0x0, 0x0,

    /* U+F5C2 "" */
    0x0, 0x0, 0x0, 0x0, 0x48, 0xab, 0xa8, 0x51,
    0x0, 0x0, 0x0, 0x0, 0x0, 0x0, 0x0, 0x8f,
    0xff, 0xff, 0xff, 0xff, 0xa1, 0x0, 0x0, 0x0,
    0x0, 0x0, 0x3e, 0xff, 0xff, 0xff, 0xff, 0xff,
    0xff, 0x60, 0x0, 0x0, 0x0, 0x5, 0xff, 0xff,
    0xff, 0xff, 0xff, 0xff, 0xff, 0xf9, 0x0, 0x0,
    0x0, 0x4f, 0xff, 0xff, 0xff, 0xff, 0xff, 0xff,
    0xff, 0xff, 0x70, 0x0, 0x1, 0xef, 0xff, 0xff,
    0xff, 0xff, 0xff, 0xff, 0xff, 0xff, 0xf4, 0x0,
    0x9, 0xff, 0xff, 0xff, 0xff, 0xff, 0xff, 0xff,
    0xff, 0xff, 0xfd, 0x0, 0x2f, 0xff, 0xff, 0xff,
    0xff, 0xff, 0xff, 0xff, 0xff, 0xff, 0xff, 0x50,
    0x7f, 0xff, 0xff, 0xe4, 0x5f, 0xff, 0xff, 0x83,
    0xbf, 0xff, 0xff, 0xa0, 0xbf, 0xff, 0xff, 0x70,
    0xb, 0xff, 0xfe, 0x0, 0x3f, 0xff, 0xff, 0xf0,
    0xdf, 0xff, 0xff, 0x80, 0xc, 0xff, 0xff, 0x10,
    0x5f, 0xff, 0xff, 0xf1, 0xff, 0xff, 0xff, 0xfa,
    0xbf, 0xff, 0xff, 0xd9, 0xff, 0xff, 0xff, 0xf3,
    0xff, 0xff, 0xff, 0xff, 0xff, 0xff, 0xff, 0xff,
    0xff, 0xff, 0xff, 0xf3, 0xdf, 0xff, 0xff, 0xff,
    0xff, 0xa7, 0x9f, 0xff, 0xff, 0xff, 0xff, 0xf1,
    0xbf, 0xff, 0xff, 0xff, 0xf7, 0x0, 0x3, 0xff,
    0xff, 0xff, 0xff, 0xf0, 0x7f, 0xff, 0xff, 0xff,
    0xd0, 0x0, 0x0, 0x9f, 0xff, 0xff, 0xff, 0xb0,
    0x2f, 0xff, 0xff, 0xff, 0xa0, 0x0, 0x0, 0x6f,
    0xff, 0xff, 0xff, 0x60, 0xa, 0xff, 0xff, 0xff,
    0xc0, 0x0, 0x0, 0x9f, 0xff, 0xff, 0xfe, 0x0,
    0x2, 0xff, 0xff, 0xff, 0xf5, 0x0, 0x2, 0xff,
    0xff, 0xff, 0xf5, 0x0, 0x0, 0x5f, 0xff, 0xff,
    0xff, 0x95, 0x7e, 0xff, 0xff, 0xff, 0x90, 0x0,
    0x0, 0x7, 0xff, 0xff, 0xff, 0xff, 0xff, 0xff,
    0xff, 0xfa, 0x0, 0x0, 0x0, 0x0, 0x5f, 0xff,
    0xff, 0xff, 0xff, 0xff, 0xff, 0x80, 0x0, 0x0,
    0x0, 0x0, 0x1, 0xaf, 0xff, 0xff, 0xff, 0xff,
    0xc3, 0x0, 0x0, 0x0, 0x0, 0x0, 0x0, 0x1,
    0x6a, 0xbd, 0xca, 0x72, 0x0, 0x0, 0x0, 0x0,

    /* U+F5C8 "" */
    0x0, 0x0, 0x0, 0x1, 0x6a, 0xbd, 0xca, 0x72,
    0x0, 0x0, 0x0, 0x0, 0x0, 0x0, 0x1, 0x9f,
    0xff, 0xff, 0xff, 0xff, 0xb3, 0x0, 0x0, 0x0,
    0x0, 0x0, 0x5f, 0xff, 0xff, 0xff, 0xff, 0xff,
    0xff, 0x80, 0x0, 0x0, 0x0, 0x7, 0xff, 0xff,
    0xff, 0xff, 0xff, 0xff, 0xff, 0xfa, 0x0, 0x0,
    0x0, 0x5f, 0xff, 0xff, 0xff, 0xff, 0xff, 0xff,
    0xff, 0xff, 0x80, 0x0, 0x2, 0xff, 0xff, 0xff,
    0xff, 0xff, 0xff, 0xff, 0xff, 0xff, 0xf5, 0x0,
    0xa, 0xff, 0xfe, 0xef, 0xff, 0xff, 0xff, 0xff,
    0xfd, 0xff, 0xfd, 0x0, 0x2f, 0xff, 0xf9, 0x8,
    0xff, 0xff, 0xff, 0xfb, 0x25, 0xff, 0xff, 0x60,
    0x7f, 0xff, 0xff, 0x40, 0x2b, 0xff, 0xfd, 0x40,
    0x1e, 0xff, 0xff, 0xb0, 0xbf, 0xff, 0xff, 0xe0,
    0x0, 0xcf, 0xf0, 0x0, 0xaf, 0xff, 0xff, 0xf0,
    0xdf, 0xff, 0xff, 0x50, 0x1a, 0xff, 0xfd, 0x30,
    0x2e, 0xff, 0xff, 0xf1, 0xff, 0xff, 0xf9, 0x7,
    0xff, 0xff, 0xff, 0xfa, 0x15, 0xff, 0xff, 0xf3,
    0xff, 0xff, 0xfe, 0xdf, 0xff, 0xff, 0xff, 0xff,
    0xfd, 0xff, 0xff, 0xf3, 0xdf, 0xff, 0xff, 0xff,
    0xfc, 0x74, 0x6b, 0xff, 0xff, 0xff, 0xff, 0xf1,
    0xbf, 0xff, 0xff, 0xff, 0x60, 0x0, 0x0, 0x3e,
    0xff, 0xff, 0xff, 0xf0, 0x7f, 0xff, 0xff, 0xf4,
    0x0, 0x0, 0x0, 0x2, 0xef, 0xff, 0xff, 0xb0,
    0x2f, 0xff, 0xff, 0x90, 0x0, 0x0, 0x0, 0x0,
    0x5f, 0xff, 0xff, 0x60, 0xa, 0xff, 0xff, 0x20,
    0x0, 0x0, 0x0, 0x0, 0xe, 0xff, 0xfd, 0x0,
    0x2, 0xff, 0xfe, 0x0, 0x0, 0x12, 0x10, 0x0,
    0xa, 0xff, 0xf5, 0x0, 0x0, 0x5f, 0xff, 0x69,
    0xdf, 0xff, 0xff, 0xeb, 0x6d, 0xff, 0x80, 0x0,
    0x0, 0x7, 0xff, 0xff, 0xff, 0xff, 0xff, 0xff,
    0xff, 0xfa, 0x0, 0x0, 0x0, 0x0, 0x5f, 0xff,
    0xff, 0xff, 0xff, 0xff, 0xff, 0x80, 0x0, 0x0,
    0x0, 0x0, 0x1, 0x9f, 0xff, 0xff, 0xff, 0xff,
    0xb3, 0x0, 0x0, 0x0, 0x0, 0x0, 0x0, 0x1,
    0x69, 0xbc, 0xca, 0x72, 0x0, 0x0, 0x0, 0x0,

    /* U+F684 "" */
    0x0, 0x0, 0x0, 0x0, 0x0, 0x0, 0x0, 0x0,
    0x0, 0x0, 0x0, 0x0, 0x0, 0x0, 0x0, 0x0,
    0x0, 0x0, 0x0, 0x0, 0x0, 0x7, 0xf9, 0x1,
    0xcd, 0x30, 0x0, 0x0, 0x0, 0x0, 0x0, 0x0,
    0x0, 0x0, 0x0, 0x0, 0x4, 0xff, 0xf0, 0x5f,
    0xfd, 0x0, 0x0, 0x0, 0x0, 0x0, 0x0, 0x0,
    0x0, 0x0, 0x0, 0x0, 0xdf, 0xfb, 0x1, 0xff,
    0xf9, 0x0, 0x0, 0x0, 0x0, 0x0, 0x0, 0x0,
    0x0, 0x0, 0x0, 0x9f, 0xff, 0x20, 0x7, 0xff,
    0xf3, 0x0, 0x0, 0x0, 0x0, 0x0, 0x0, 0x0,
    0x0, 0x0, 0x3f, 0xff, 0x80, 0x0, 0xd, 0xff,
    0xd0, 0x0, 0x0, 0x0, 0x0, 0x0, 0x0, 0x0,
    0x0, 0xd, 0xff, 0xe0, 0x0, 0x0, 0x4f, 0xff,
    0x90, 0x0, 0x0, 0x0, 0x0, 0x0, 0x0, 0x0,
    0x9, 0xff, 0xf5, 0x0, 0x0, 0x0, 0xaf, 0xff,
    0x30, 0x0, 0x0, 0x0, 0x0, 0x0, 0x0, 0x3,
    0xff, 0xfb, 0x0, 0x0, 0x0, 0x1, 0xff, 0xfd,
    0x0, 0x0, 0x0, 0x0, 0x0, 0x0, 0x0, 0xdf,
    0xff, 0x20, 0x0, 0x0, 0x0, 0x8, 0xff, 0xf8,
    0x0, 0x0, 0x0, 0x0, 0x0, 0x0, 0x7f, 0xff,
    0xc0, 0x7f, 0x90, 0xb, 0xe5, 0x1f, 0xff, 0xf2,
    0x0, 0x0, 0x0, 0x0, 0x0, 0xc, 0xff, 0xf9,
    0xe, 0xff, 0x2, 0xff, 0xc0, 0xff, 0xff, 0x70,
    0x0, 0x0, 0x0, 0x0, 0x0, 0xef, 0xff, 0x90,
    0xef, 0xf1, 0x3f, 0xfc, 0xe, 0xff, 0xf9, 0x0,
    0x0, 0x0, 0x0, 0x0, 0xe, 0xff, 0xf9, 0xe,
    0xff, 0x13, 0xff, 0xc0, 0xef, 0xff, 0x90, 0x0,
    0x0, 0x0, 0x0, 0x0, 0xef, 0xff, 0x90, 0xef,
    0xf1, 0x3f, 0xfc, 0xe, 0xff, 0xf9, 0x0, 0x0,
    0x0, 0x0, 0x0, 0xe, 0xff, 0xfb, 0x2f, 0xff,
    0x13, 0xff, 0xe2, 0xff, 0xff, 0x90, 0x0, 0x0,
    0x0, 0x0, 0x49, 0xff, 0xff, 0xff, 0xff, 0xf1,
    0x3f, 0xff, 0xff, 0xff, 0xfe, 0x82, 0x0, 0x0,
    0x39, 0xef, 0xff, 0xff, 0xff, 0xff, 0xff, 0x13,
    0xff, 0xff, 0xff, 0xff, 0xff, 0xfd, 0x81, 0x1f,
    0xff, 0xff, 0xff, 0xff, 0xff, 0xff, 0xf0, 0x1f,
    0xff, 0xff, 0xff, 0xff, 0xff, 0xff, 0xb2, 0xff,
    0xff, 0xff, 0xff, 0xff, 0xff, 0xfa, 0x0, 0xdf,
    0xff, 0xff, 0xff, 0xff, 0xff, 0xfd, 0x2f, 0xff,
    0xff, 0xff, 0xff, 0xff, 0xff, 0x20, 0x5, 0xff,
    0xff, 0xff, 0xff, 0xff, 0xff, 0xd2, 0xff, 0xff,
    0xff, 0xff, 0xff, 0xff, 0x40, 0x0, 0x6, 0xff,
    0xff, 0xff, 0xff, 0xff, 0xfd, 0x2f, 0xff, 0xff,
    0xff, 0xff, 0xe9, 0x20, 0x0, 0x0, 0x3, 0xaf,
    0xff, 0xff, 0xff, 0xff, 0xd2, 0xff, 0xff, 0xff,
    0xb6, 0x20, 0x0, 0x0, 0x0, 0x0, 0x0, 0x3,
    0x7c, 0xff, 0xff, 0xfc, 0xb, 0xfb, 0x73, 0x0,
    0x0, 0x0, 0x0, 0x0, 0x0, 0x0, 0x0, 0x0,
    0x0, 0x49, 0xdf, 0x60,

    /* U+F6BE "" */
    0x0, 0x0, 0x0, 0x0, 0x0, 0x0, 0x0, 0x2,
    0x0, 0x0, 0x0, 0x2, 0x0, 0x0, 0x0, 0x0,
    0x0, 0x0, 0x0, 0xe, 0x20, 0x0, 0x0, 0x2e,
    0x0, 0x0, 0x0, 0x0, 0x0, 0x0, 0x0, 0xf,
    0xe2, 0x0, 0x2, 0xef, 0x39, 0x72, 0x0, 0x0,
    0x0, 0x0, 0x0, 0xf, 0xfe, 0x99, 0x9e, 0xff,
    0xef, 0xff, 0x60, 0x0, 0x0, 0x0, 0x0, 0xf,
    0xff, 0xff, 0xff, 0xff, 0xdf, 0xff, 0xf4, 0x0,
    0x0, 0x0, 0x0, 0xf, 0xfc, 0xff, 0xfc, 0xff,
    0x16, 0xcf, 0xfc, 0x0, 0x0, 0x0, 0x0, 0xf,
    0xf0, 0xbf, 0xb0, 0xff, 0x0, 0x1f, 0xff, 0x0,
    0x0, 0x0, 0x0, 0xe, 0xff, 0xff, 0xff, 0xfe,
    0x0, 0xf, 0xff, 0x0, 0x2, 0x9d, 0xfc, 0x9,
    0xff, 0xff, 0xff, 0xf9, 0x0, 0xf, 0xff, 0x0,
    0x9f, 0xff, 0xff, 0x31, 0xef, 0xff, 0xff, 0xe1,
    0x0, 0xf, 0xff, 0xc, 0xff, 0xff, 0xff, 0xd0,
    0x1b, 0xff, 0xfb, 0x10, 0x0, 0xf, 0xff, 0xaf,
    0xff, 0xff, 0xff, 0xfb, 0x10, 0x2, 0x0, 0x0,
    0x0, 0xf, 0xff, 0xff, 0xff, 0xff, 0xff, 0xff,
    0xf9, 0x53, 0x50, 0x0, 0x0, 0xf, 0xff, 0xff,
    0xff, 0xff, 0xff, 0xff, 0xff, 0xff, 0xf0, 0x0,
    0x0, 0xf, 0xff, 0xff, 0xff, 0xff, 0xff, 0xff,
    0xff, 0xff, 0xf0, 0x0, 0x0, 0xf, 0xff, 0xff,
    0xff, 0xff, 0xff, 0xff, 0xfd, 0xff, 0xf0, 0x0,
    0x0, 0xf, 0xff, 0xff, 0xff, 0xff, 0xff, 0xff,
    0xa0, 0xff, 0xf0, 0x0, 0x0, 0xf, 0xff, 0xff,
    0xff, 0xff, 0xff, 0xf6, 0x0, 0xff, 0xf0, 0x0,
    0x0, 0xf, 0xff, 0xff, 0xff, 0xff, 0xfd, 0x20,
    0x0, 0xff, 0xf0, 0x0, 0x0, 0xf, 0xff, 0xff,
    0xff, 0xff, 0xa0, 0x0, 0x0, 0xff, 0xf0, 0x0,
    0x0, 0xe, 0xff, 0xff, 0xff, 0xff, 0xff, 0x80,
    0x0, 0xff, 0xf0, 0x0, 0x0, 0x8, 0xff, 0xff,
    0xff, 0xff, 0xff, 0xf0, 0x0, 0xff, 0xf0, 0x0,
    0x0, 0x0, 0x8e, 0xff, 0xff, 0xff, 0xff, 0xd0,
    0x0, 0xdf, 0xd0, 0x0,

    /* U+F6D3 "" */
    0x0, 0x0, 0x0, 0x0, 0x0, 0x0, 0x3, 0x40,
    0x0, 0x0, 0x0, 0x0, 0x0, 0x0, 0x0, 0x0,
    0x0, 0x0, 0xa, 0xf6, 0x0, 0x0, 0x0, 0x0,
    0x0, 0x0, 0x0, 0x0, 0x0, 0x0, 0xa, 0xff,
    0xff, 0xf8, 0x0, 0x0, 0x0, 0x0, 0x0, 0x0,
    0x0, 0x0, 0xa, 0xff, 0xff, 0xff, 0x88, 0x85,
    0x0, 0x0, 0x0, 0x0, 0x0, 0x0, 0xa, 0xff,
    0xf7, 0x9f, 0xff, 0xff, 0x0, 0x0, 0x0, 0x0,
    0x0, 0x0, 0xa, 0xff, 0xf7, 0x9f, 0xff, 0xff,
    0x27, 0x20, 0x0, 0x0, 0x0, 0x0, 0xa, 0xff,
    0xff, 0xff, 0xff, 0xfd, 0xdf, 0xd0, 0x0, 0x0,
    0x0, 0x0, 0xa, 0xff, 0xff, 0xff, 0xff, 0xf6,
    0xef, 0xf2, 0x0, 0x0, 0x0, 0x0, 0x4, 0xbf,
    0xff, 0xfe, 0xca, 0x40, 0xbf, 0xfd, 0x88, 0x88,
    0x88, 0x88, 0x61, 0x1, 0x6b, 0xf8, 0x0, 0x0,
    0x3f, 0xff, 0xff, 0xff, 0xff, 0xff, 0xff, 0xb6,
    0x0, 0x12, 0x0, 0x0, 0x4, 0xef, 0xff, 0xff,
    0xff, 0xff, 0xff, 0xff, 0xfa, 0x50, 0x0, 0x0,
    0x0, 0xf, 0xff, 0xff, 0xff, 0xff, 0xff, 0xff,
    0xff, 0xf7, 0x0, 0x0, 0x0, 0xf, 0xff, 0xff,
    0xff, 0xff, 0xff, 0xff, 0xff, 0xf8, 0x0, 0x0,
    0x0, 0xf, 0xff, 0xff, 0xff, 0xff, 0xff, 0xff,
    0xff, 0xf8, 0x0, 0x0, 0x0, 0xf, 0xff, 0xff,
    0xff, 0xff, 0xff, 0xff, 0xff, 0xf8, 0x0, 0x0,
    0x0, 0xf, 0xff, 0xff, 0xff, 0xff, 0xff, 0xff,
    0xff, 0xf8, 0x0, 0x0, 0x0, 0xf, 0xff, 0xf6,
    0x0, 0x0, 0x0, 0x2f, 0xff, 0xf8, 0x0, 0x0,
    0x0, 0xf, 0xff, 0xf6, 0x0, 0x0, 0x0, 0x2f,
    0xff, 0xf8, 0x0, 0x0, 0x0, 0xf, 0xff, 0xf6,
    0x0, 0x0, 0x0, 0x2f, 0xff, 0xf8, 0x0, 0x0,
    0x0, 0xf, 0xff, 0xf6, 0x0, 0x0, 0x0, 0x2f,
    0xff, 0xf8, 0x0, 0x0, 0x0, 0xf, 0xff, 0xf6,
    0x0, 0x0, 0x0, 0x2f, 0xff, 0xf8, 0x0, 0x0,
    0x0, 0xd, 0xff, 0xf4, 0x0, 0x0, 0x0, 0x1e,
    0xff, 0xf5, 0x0, 0x0,

    /* U+F6E2 "" */
    0x0, 0x0, 0x0, 0x0, 0x0, 0x0, 0x0, 0x0,
    0x0, 0x0, 0x0, 0x4, 0xad, 0xff, 0xd9, 0x40,
    0x0, 0x0, 0x0, 0x1, 0xbf, 0xff, 0xff, 0xff,
    0xfc, 0x20, 0x0, 0x0, 0x2e, 0xff, 0xff, 0xff,
    0xff, 0xff, 0xe3, 0x0, 0x1, 0xef, 0xff, 0xff,
    0xff, 0xff, 0xff, 0xfe, 0x20, 0xa, 0xff, 0xff,
    0xff, 0xff, 0xff, 0xff, 0xff, 0xc0, 0x2f, 0xff,
    0xff, 0xff, 0xff, 0xff, 0xff, 0xff, 0xf4, 0x8f,
    0xff, 0xff, 0xff, 0xff, 0xff, 0xff, 0xff, 0xf9,
    0xcf, 0xff, 0xf9, 0xbf, 0xff, 0xf9, 0xaf, 0xff,
    0xfd, 0xef, 0xff, 0xa0, 0xd, 0xff, 0x60, 0xa,
    0xff, 0xff, 0xff, 0xff, 0xa0, 0xd, 0xff, 0x60,
    0xa, 0xff, 0xff, 0xff, 0xff, 0xf9, 0xbf, 0xff,
    0xf9, 0xaf, 0xff, 0xff, 0xff, 0xff, 0xff, 0xff,
    0xff, 0xff, 0xff, 0xff, 0xff, 0xff, 0xff, 0xff,
    0xff, 0xff, 0xff, 0xff, 0xff, 0xff, 0xff, 0xff,
    0xff, 0xff, 0xff, 0xff, 0xff, 0xff, 0xff, 0xff,
    0xff, 0xff, 0xff, 0xff, 0xff, 0xff, 0xff, 0xff,
    0xff, 0xff, 0xff, 0xff, 0xff, 0xff, 0xff, 0xff,
    0xff, 0xff, 0xff, 0xff, 0xff, 0xff, 0xff, 0xff,
    0xff, 0xff, 0xff, 0xff, 0xff, 0xff, 0xff, 0xff,
    0xff, 0xff, 0xff, 0xff, 0xff, 0xff, 0xff, 0xff,
    0xff, 0xff, 0xff, 0xff, 0xff, 0xff, 0xff, 0xff,
    0xff, 0xff, 0xff, 0xff, 0xff, 0xff, 0xff, 0xff,
    0xff, 0xff, 0xff, 0xff, 0xff, 0xff, 0xff, 0x69,
    0xff, 0xff, 0xaa, 0xff, 0xff, 0x96, 0xff, 0x52,
    0x0, 0xaf, 0xfa, 0x0, 0xaf, 0xfa, 0x0, 0x25,
    0x0, 0x0, 0xb, 0xb0, 0x0, 0xb, 0xb0, 0x0,
    0x0, 0x0, 0x0, 0x0, 0x0, 0x0, 0x0, 0x0,
    0x0, 0x0,

    /* U+F70C "" */
    0x0, 0x0, 0x0, 0x0, 0x0, 0x9, 0xfd, 0x30,
    0x0, 0x0, 0x0, 0x0, 0x0, 0x0, 0x0, 0x5f,
    0xff, 0xd0, 0x0, 0x0, 0x0, 0x0, 0x0, 0x0,
    0x0, 0x7f, 0xff, 0xf0, 0x0, 0x0, 0x0, 0x0,
    0x0, 0x0, 0x0, 0x1f, 0xff, 0x90, 0x0, 0x0,
    0x0, 0x0, 0x0, 0x45, 0x30, 0x1, 0x75, 0x0,
    0x0, 0x0, 0x0, 0x0, 0x4e, 0xff, 0xfe, 0xa5,
    0x0, 0x0, 0x0, 0x0, 0x0, 0x8, 0xff, 0xff,
    0xff, 0xff, 0xf5, 0x0, 0x0, 0x0, 0x0, 0x8f,
    0xff, 0xea, 0xef, 0xff, 0xff, 0x40, 0x0, 0x0,
    0x0, 0xaf, 0xfb, 0x10, 0xdf, 0xff, 0xff, 0xd0,
    0x0, 0x0, 0x0, 0x2a, 0x70, 0x4, 0xff, 0xff,
    0xff, 0xf5, 0x0, 0x0, 0x0, 0x0, 0x0, 0xb,
    0xff, 0xff, 0xef, 0xfd, 0x44, 0x20, 0x0, 0x0,
    0x0, 0x2f, 0xff, 0xff, 0x3f, 0xff, 0xff, 0xf4,
    0x0, 0x0, 0x0, 0x7f, 0xff, 0xfb, 0x8, 0xff,
    0xff, 0xf6, 0x0, 0x0, 0x0, 0x8f, 0xff, 0xf4,
    0x0, 0x7b, 0xbb, 0x90, 0x0, 0x0, 0x0, 0x4f,
    0xff, 0xf8, 0x0, 0x0, 0x0, 0x0, 0x0, 0x0,
    0x7, 0x7, 0xff, 0xff, 0xe5, 0x0, 0x0, 0x0,
    0x4, 0x44, 0x6f, 0x60, 0x3c, 0xff, 0xff, 0x80,
    0x0, 0x0, 0xbf, 0xff, 0xff, 0xf6, 0x0, 0x5e,
    0xff, 0xf0, 0x0, 0x0, 0xef, 0xff, 0xff, 0xf2,
    0x0, 0x4, 0xff, 0xd0, 0x0, 0x0, 0x4b, 0xbb,
    0xba, 0x40, 0x0, 0x9, 0xff, 0x90, 0x0, 0x0,
    0x0, 0x0, 0x0, 0x0, 0x0, 0xe, 0xff, 0x40,
    0x0, 0x0, 0x0, 0x0, 0x0, 0x0, 0x0, 0x3f,
    0xff, 0x0, 0x0, 0x0, 0x0, 0x0, 0x0, 0x0,
    0x0, 0x7f, 0xfa, 0x0, 0x0, 0x0, 0x0, 0x0,
    0x0, 0x0, 0x0, 0x3f, 0xf4, 0x0, 0x0, 0x0,
    0x0, 0x0, 0x0, 0x0, 0x0, 0x1, 0x10, 0x0,
    0x0, 0x0,

    /* U+F79F "" */
    0x0, 0x0, 0x0, 0x0, 0x0, 0x0, 0x0, 0x0,
    0x0, 0x0, 0x0, 0x0, 0x0, 0x0, 0x0, 0x0,
    0x0, 0x0, 0x0, 0x0, 0x1d, 0xe8, 0x20, 0x0,
    0x0, 0x2, 0x8e, 0xd1, 0x0, 0x0, 0x0, 0x0,
    0x0, 0x0, 0x0, 0x0, 0xaf, 0xff, 0xfb, 0x40,
    0x4, 0xbf, 0xff, 0xfa, 0x0, 0x0, 0x0, 0x0,
    0x0, 0x0, 0x0, 0x3, 0xff, 0xae, 0xff, 0xfd,
    0xdf, 0xff, 0xea, 0xff, 0x30, 0x0, 0x0, 0x0,
    0x0, 0x0, 0x0, 0xc, 0xfc, 0x0, 0x4b, 0xff,
    0xff, 0xb4, 0x0, 0xcf, 0xc0, 0x0, 0x0, 0x0,
    0x0, 0x0, 0x0, 0x6f, 0xf3, 0x0, 0x0, 0x5f,
    0xf5, 0x0, 0x0, 0x3f, 0xf6, 0x0, 0x0, 0x0,
    0x0, 0x0, 0x0, 0xef, 0xe3, 0x0, 0x0, 0x8f,
    0xf8, 0x0, 0x0, 0x3e, 0xfe, 0x0, 0x0, 0x0,
    0x0, 0x0, 0x8, 0xff, 0xff, 0xd6, 0x0, 0xcf,
    0xfc, 0x0, 0x6d, 0xff, 0xff, 0x80, 0x0, 0x0,
    0x0, 0x0, 0x2f, 0xff, 0xff, 0xff, 0xf9, 0xff,
    0xff, 0x9f, 0xff, 0xff, 0xff, 0xf2, 0x0, 0x0,
    0x0, 0x0, 0x9f, 0xff, 0xff, 0xff, 0xff, 0xff,
    0xff, 0xff, 0xff, 0xff, 0xff, 0xf9, 0x0, 0x0,
    0x0, 0x0, 0xef, 0xff, 0xff, 0xff, 0xff, 0xfc,
    0xcf, 0xff, 0xff, 0xff, 0xff, 0xfe, 0x0, 0x0,
    0x0, 0x0, 0xff, 0xff, 0xff, 0xff, 0xff, 0xf7,
    0x7f, 0xff, 0xff, 0xff, 0xff, 0xff, 0x0, 0x0,
    0x0, 0x0, 0xef, 0xff, 0xff, 0xff, 0xff, 0xf3,
    0x3f, 0xff, 0xff, 0xff, 0xff, 0xfe, 0x0, 0x0,
    0x0, 0x0, 0x9f, 0xff, 0xff, 0xff, 0xff, 0xd0,
    0xd, 0xff, 0xff, 0xff, 0xff, 0xf9, 0x0, 0x0,
    0x0, 0x0, 0x1f, 0xff, 0xff, 0xff, 0xff, 0x60,
    0x6, 0xff, 0xff, 0xff, 0xff, 0xf1, 0x0, 0x0,
    0x0, 0x0, 0x3, 0xef, 0xff, 0xff, 0xf8, 0x0,
    0x0, 0x9f, 0xff, 0xff, 0xfe, 0x30, 0x0, 0x0,
    0x0, 0x0, 0x0, 0xdf, 0xff, 0xfc, 0x50, 0x0,
    0x0, 0x5, 0xcf, 0xff, 0xfd, 0x0, 0x0, 0x0,
    0x0, 0x0, 0x4, 0xff, 0xe1, 0x0, 0x0, 0x0,
    0x0, 0x0, 0x0, 0x1e, 0xff, 0x30, 0x0, 0x0,
    0x0, 0x0, 0xa, 0xff, 0x80, 0x0, 0x0, 0x0,
    0x0, 0x0, 0x0, 0x9, 0xff, 0xa0, 0x0, 0x0,
    0x0, 0x0, 0xf, 0xff, 0x20, 0x0, 0x0, 0x0,
    0x0, 0x0, 0x0, 0x2, 0xff, 0xf0, 0x0, 0x0,
    0x4, 0xca, 0x9f, 0xfc, 0x0, 0x0, 0x0, 0x0,
    0x0, 0x0, 0x0, 0x0, 0xdf, 0xf9, 0xac, 0x40,
    0xd, 0xff, 0xff, 0xf7, 0x0, 0x0, 0x0, 0x0,
    0x0, 0x0, 0x0, 0x0, 0x7f, 0xff, 0xff, 0xd0,
    0x0, 0x5c, 0xff, 0xff, 0x80, 0x0, 0x0, 0x0,
    0x0, 0x0, 0x0, 0x8, 0xff, 0xff, 0xc5, 0x0,
    0x0, 0x0, 0x29, 0xff, 0xf5, 0x0, 0x0, 0x0,
    0x0, 0x0, 0x0, 0x5f, 0xff, 0x92, 0x0, 0x0,
    0x0, 0x0, 0x0, 0x6, 0xd5, 0x0, 0x0, 0x0,
    0x0, 0x0, 0x0, 0x5d, 0x60, 0x0, 0x0, 0x0,
    0x0, 0x0, 0x0, 0x0, 0x0, 0x0, 0x0, 0x0,
    0x0, 0x0, 0x0, 0x0, 0x0, 0x0, 0x0, 0x0,

    /* U+F7A9 "" */
    0x0, 0x0, 0x3, 0x67, 0x51, 0x0, 0x0, 0x0,
    0x15, 0x76, 0x30, 0x0, 0x0, 0x0, 0x3, 0xdf,
    0xff, 0xff, 0x80, 0x0, 0x8, 0xff, 0xff, 0xfd,
    0x30, 0x0, 0x0, 0x4f, 0xff, 0xff, 0xff, 0xf2,
    0x0, 0x8, 0xff, 0xff, 0xff, 0xf4, 0x0, 0x1,
    0xef, 0xff, 0xff, 0xff, 0xf7, 0x0, 0x3, 0xff,
    0xff, 0xff, 0xfe, 0x10, 0x8, 0xff, 0xff, 0xff,
    0xff, 0xfd, 0x0, 0x0, 0xef, 0xff, 0xff, 0xff,
    0x80, 0xd, 0xff, 0xff, 0xff, 0xff, 0xff, 0x10,
    0x0, 0x9f, 0xff, 0xff, 0xff, 0xd0, 0xf, 0xff,
    0xff, 0xff, 0xff, 0xd4, 0x0, 0x0, 0x7f, 0xff,
    0xff, 0xff, 0xf0, 0xf, 0xff, 0xff, 0xff, 0xf9,
    0x0, 0x0, 0x1a, 0xff, 0xff, 0xff, 0xff, 0xf0,
    0xc, 0xff, 0xff, 0xff, 0x40, 0x0, 0x5, 0xef,
    0xff, 0xff, 0xff, 0xff, 0xc0, 0x7, 0xff, 0xff,
    0xff, 0x80, 0x0, 0x8f, 0xff, 0xff, 0xff, 0xff,
    0xff, 0x70, 0x0, 0xdf, 0xff, 0xff, 0xf8, 0x0,
    0x6f, 0xff, 0xff, 0xff, 0xff, 0xfd, 0x0, 0x0,
    0x2e, 0xff, 0xff, 0xff, 0x80, 0xf, 0xff, 0xff,
    0xff, 0xff, 0xe2, 0x0, 0x0, 0x2, 0xef, 0xff,
    0xff, 0xf8, 0xa, 0xff, 0xff, 0xff, 0xfe, 0x20,
    0x0, 0x0, 0x0, 0x3e, 0xff, 0xff, 0xff, 0x84,
    0xff, 0xff, 0xff, 0xe3, 0x0, 0x0, 0x0, 0x0,
    0x3, 0xff, 0xff, 0xff, 0xf8, 0xdf, 0xff, 0xff,
    0x30, 0x0, 0x0, 0x0, 0x0, 0x0, 0x3f, 0xff,
    0xff, 0xff, 0xef, 0xff, 0xf3, 0x0, 0x0, 0x0,
    0x0, 0x0, 0x0, 0x4, 0xff, 0xff, 0xff, 0xff,
    0xff, 0x40, 0x0, 0x0, 0x0, 0x0, 0x0, 0x0,
    0x0, 0x4f, 0xff, 0xff, 0xff, 0xf4, 0x0, 0x0,
    0x0, 0x0, 0x0, 0x0, 0x0, 0x0, 0x4, 0xff,
    0xff, 0xff, 0x40, 0x0, 0x0, 0x0, 0x0, 0x0,
    0x0, 0x0, 0x0, 0x0, 0x5f, 0xff, 0xf5, 0x0,
    0x0, 0x0, 0x0, 0x0, 0x0, 0x0, 0x0, 0x0,
    0x0, 0x5, 0xff, 0x50, 0x0, 0x0, 0x0, 0x0,
    0x0, 0x0, 0x0, 0x0, 0x0, 0x0, 0x0, 0x44,
    0x0, 0x0, 0x0, 0x0, 0x0, 0x0,

    /* U+F7C2 "" */
    0x0, 0x0, 0x7, 0xff, 0xff, 0xff, 0xff, 0xfe,
    0x80, 0x0, 0x0, 0x7f, 0xff, 0xff, 0xff, 0xff,
    0xff, 0xf8, 0x0, 0x7, 0xff, 0xff, 0xff, 0xff,
    0xff, 0xff, 0xfe, 0x0, 0x7f, 0xf4, 0x8, 0xf0,
    0xe, 0x90, 0xf, 0xff, 0x7, 0xff, 0xf4, 0x8,
    0xf0, 0xe, 0x90, 0xf, 0xff, 0x7f, 0xff, 0xf4,
    0x8, 0xf0, 0xe, 0x90, 0xf, 0xff, 0xff, 0xff,
    0xf4, 0x8, 0xf0, 0xe, 0x90, 0xf, 0xff, 0xff,
    0xff, 0xfa, 0x8c, 0xf8, 0x8f, 0xc8, 0x8f, 0xff,
    0xff, 0xff, 0xff, 0xff, 0xff, 0xff, 0xff, 0xff,
    0xff, 0xff, 0xff, 0xff, 0xff, 0xff, 0xff, 0xff,
    0xff, 0xff, 0xff, 0xff, 0xff, 0xff, 0xff, 0xff,
    0xff, 0xff, 0xff, 0xff, 0xff, 0xff, 0xff, 0xff,
    0xff, 0xff, 0xff, 0xff, 0xff, 0xff, 0xff, 0xff,
    0xff, 0xff, 0xff, 0xff, 0xff, 0xff, 0xff, 0xff,
    0xff, 0xff, 0xff, 0xff, 0xff, 0xff, 0xff, 0xff,
    0xff, 0xff, 0xff, 0xff, 0xff, 0xff, 0xff, 0xff,
    0xff, 0xff, 0xff, 0xff, 0xff, 0xff, 0xff, 0xff,
    0xff, 0xff, 0xff, 0xff, 0xff, 0xff, 0xff, 0xff,
    0xff, 0xff, 0xff, 0xff, 0xff, 0xff, 0xff, 0xff,
    0xff, 0xff, 0xff, 0xff, 0xff, 0xff, 0xff, 0xff,
    0xff, 0xff, 0xff, 0xff, 0xff, 0xff, 0xff, 0xff,
    0xff, 0xff, 0xff, 0xff, 0xff, 0xff, 0xff, 0xff,
    0xff, 0xff, 0xff, 0xff, 0xff, 0xef, 0xff, 0xff,
    0xff, 0xff, 0xff, 0xff, 0xff, 0xfe, 0x8f, 0xff,
    0xff, 0xff, 0xff, 0xff, 0xff, 0xff, 0xf8, 0x8,
    0xef, 0xff, 0xff, 0xff, 0xff, 0xff, 0xfe, 0x80,

    /* U+F8A2 "" */
    0x0, 0x0, 0x0, 0x0, 0x0, 0x0, 0x0, 0x0,
    0x0, 0x0, 0x0, 0x2, 0x0, 0x0, 0x0, 0x0,
    0x0, 0x0, 0x0, 0x0, 0x0, 0x0, 0x0, 0x7,
    0xf1, 0x0, 0x0, 0x0, 0x0, 0x0, 0x0, 0x0,
    0x0, 0x0, 0x0, 0x7, 0xff, 0x10, 0x0, 0x0,
    0x3, 0x0, 0x0, 0x0, 0x0, 0x0, 0x0, 0x6,
    0xff, 0xf1, 0x0, 0x0, 0x1c, 0xf7, 0x0, 0x0,
    0x0, 0x0, 0x0, 0x0, 0xaf, 0xff, 0x10, 0x0,
    0x1d, 0xff, 0x90, 0x0, 0x0, 0x0, 0x0, 0x0,
    0xa, 0xff, 0xf1, 0x0, 0x2d, 0xff, 0xf9, 0x0,
    0x0, 0x0, 0x0, 0x0, 0x0, 0xaf, 0xff, 0x10,
    0x2e, 0xff, 0xff, 0xa2, 0x22, 0x22, 0x22, 0x22,
    0x22, 0x2b, 0xff, 0xf1, 0x3e, 0xff, 0xff, 0xff,
    0xff, 0xff, 0xff, 0xff, 0xff, 0xff, 0xff, 0xff,
    0x1d, 0xff, 0xff, 0xff, 0xff, 0xff, 0xff, 0xff,
    0xff, 0xff, 0xff, 0xff, 0xf1, 0x8f, 0xff, 0xff,
    0xff, 0xff, 0xff, 0xff, 0xff, 0xff, 0xff, 0xff,
    0xff, 0x0, 0x8f, 0xff, 0xff, 0xd9, 0x99, 0x99,
    0x99, 0x99, 0x99, 0x99, 0x99, 0x60, 0x0, 0x7f,
    0xff, 0xf9, 0x0, 0x0, 0x0, 0x0, 0x0, 0x0,
    0x0, 0x0, 0x0, 0x0, 0x6f, 0xff, 0x90, 0x0,
    0x0, 0x0, 0x0, 0x0, 0x0, 0x0, 0x0, 0x0,
    0x0, 0x5f, 0xf8, 0x0, 0x0, 0x0, 0x0, 0x0,
    0x0, 0x0, 0x0, 0x0, 0x0, 0x0, 0x4a, 0x20,
    0x0, 0x0, 0x0, 0x0, 0x0, 0x0, 0x0, 0x0
};


/*---------------------
 *  GLYPH DESCRIPTION
 *--------------------*/

static const lv_font_fmt_txt_glyph_dsc_t glyph_dsc[] = {
    {.bitmap_index = 0, .adv_w = 0, .box_w = 0, .box_h = 0, .ofs_x = 0, .ofs_y = 0} /* id = 0 reserved */,
    {.bitmap_index = 0, .adv_w = 102, .box_w = 0, .box_h = 0, .ofs_x = 0, .ofs_y = 0},
    {.bitmap_index = 0, .adv_w = 117, .box_w = 5, .box_h = 17, .ofs_x = 1, .ofs_y = 0},
    {.bitmap_index = 43, .adv_w = 190, .box_w = 8, .box_h = 7, .ofs_x = 2, .ofs_y = 10},
    {.bitmap_index = 71, .adv_w = 245, .box_w = 15, .box_h = 17, .ofs_x = 0, .ofs_y = 0},
    {.bitmap_index = 199, .adv_w = 248, .box_w = 14, .box_h = 22, .ofs_x = 1, .ofs_y = -2},
    {.bitmap_index = 353, .adv_w = 381, .box_w = 20, .box_h = 17, .ofs_x = 2, .ofs_y = 0},
    {.bitmap_index = 523, .adv_w = 251, .box_w = 15, .box_h = 17, .ofs_x = 1, .ofs_y = 0},
    {.bitmap_index = 651, .adv_w = 120, .box_w = 4, .box_h = 7, .ofs_x = 2, .ofs_y = 10},
    {.bitmap_index = 665, .adv_w = 142, .box_w = 6, .box_h = 22, .ofs_x = 2, .ofs_y = -3},
    {.bitmap_index = 731, .adv_w = 142, .box_w = 6, .box_h = 22, .ofs_x = 1, .ofs_y = -3},
    {.bitmap_index = 797, .adv_w = 200, .box_w = 10, .box_h = 10, .ofs_x = 1, .ofs_y = 7},
    {.bitmap_index = 847, .adv_w = 256, .box_w = 12, .box_h = 12, .ofs_x = 2, .ofs_y = 1},
    {.bitmap_index = 919, .adv_w = 116, .box_w = 5, .box_h = 7, .ofs_x = 1, .ofs_y = -4},
    {.bitmap_index = 937, .adv_w = 178, .box_w = 9, .box_h = 3, .ofs_x = 1, .ofs_y = 6},
    {.bitmap_index = 951, .adv_w = 116, .box_w = 5, .box_h = 4, .ofs_x = 1, .ofs_y = 0},
    {.bitmap_index = 961, .adv_w = 142, .box_w = 9, .box_h = 21, .ofs_x = 0, .ofs_y = -3},
    {.bitmap_index = 1056, .adv_w = 248, .box_w = 14, .box_h = 17, .ofs_x = 1, .ofs_y = 0},
    {.bitmap_index = 1175, .adv_w = 159, .box_w = 8, .box_h = 17, .ofs_x = 1, .ofs_y = 0},
    {.bitmap_index = 1243, .adv_w = 237, .box_w = 13, .box_h = 17, .ofs_x = 1, .ofs_y = 0},
    {.bitmap_index = 1354, .adv_w = 241, .box_w = 13, .box_h = 17, .ofs_x = 1, .ofs_y = 0},
    {.bitmap_index = 1465, .adv_w = 252, .box_w = 14, .box_h = 17, .ofs_x = 1, .ofs_y = 0},
    {.bitmap_index = 1584, .adv_w = 232, .box_w = 13, .box_h = 17, .ofs_x = 1, .ofs_y = 0},
    {.bitmap_index = 1695, .adv_w = 242, .box_w = 13, .box_h = 17, .ofs_x = 1, .ofs_y = 0},
    {.bitmap_index = 1806, .adv_w = 219, .box_w = 12, .box_h = 17, .ofs_x = 1, .ofs_y = 0},
    {.bitmap_index = 1908, .adv_w = 242, .box_w = 13, .box_h = 17, .ofs_x = 1, .ofs_y = 0},
    {.bitmap_index = 2019, .adv_w = 242, .box_w = 13, .box_h = 17, .ofs_x = 1, .ofs_y = 0},
    {.bitmap_index = 2130, .adv_w = 116, .box_w = 5, .box_h = 13, .ofs_x = 1, .ofs_y = 0},
    {.bitmap_index = 2163, .adv_w = 121, .box_w = 5, .box_h = 17, .ofs_x = 1, .ofs_y = -4},
    {.bitmap_index = 2206, .adv_w = 256, .box_w = 12, .box_h = 14, .ofs_x = 2, .ofs_y = 0},
    {.bitmap_index = 2290, .adv_w = 256, .box_w = 12, .box_h = 8, .ofs_x = 2, .ofs_y = 3},
    {.bitmap_index = 2338, .adv_w = 256, .box_w = 12, .box_h = 14, .ofs_x = 2, .ofs_y = 0},
    {.bitmap_index = 2422, .adv_w = 203, .box_w = 12, .box_h = 17, .ofs_x = 0, .ofs_y = 0},
    {.bitmap_index = 2524, .adv_w = 377, .box_w = 22, .box_h = 22, .ofs_x = 1, .ofs_y = -5},
    {.bitmap_index = 2766, .adv_w = 272, .box_w = 17, .box_h = 17, .ofs_x = 0, .ofs_y = 0},
    {.bitmap_index = 2911, .adv_w = 252, .box_w = 14, .box_h = 17, .ofs_x = 1, .ofs_y = 0},
    {.bitmap_index = 3030, .adv_w = 282, .box_w = 16, .box_h = 17, .ofs_x = 1, .ofs_y = 0},
    {.bitmap_index = 3166, .adv_w = 277, .box_w = 16, .box_h = 17, .ofs_x = 1, .ofs_y = 0},
    {.bitmap_index = 3302, .adv_w = 232, .box_w = 12, .box_h = 17, .ofs_x = 1, .ofs_y = 0},
    {.bitmap_index = 3404, .adv_w = 226, .box_w = 12, .box_h = 17, .ofs_x = 1, .ofs_y = 0},
    {.bitmap_index = 3506, .adv_w = 287, .box_w = 16, .box_h = 17, .ofs_x = 1, .ofs_y = 0},
    {.bitmap_index = 3642, .adv_w = 286, .box_w = 15, .box_h = 17, .ofs_x = 1, .ofs_y = 0},
    {.bitmap_index = 3770, .adv_w = 105, .box_w = 4, .box_h = 17, .ofs_x = 1, .ofs_y = 0},
    {.bitmap_index = 3804, .adv_w = 221, .box_w = 11, .box_h = 17, .ofs_x = 1, .ofs_y = 0},
    {.bitmap_index = 3898, .adv_w = 264, .box_w = 15, .box_h = 17, .ofs_x = 1, .ofs_y = 0},
    {.bitmap_index = 4026, .adv_w = 217, .box_w = 12, .box_h = 17, .ofs_x = 1, .ofs_y = 0},
    {.bitmap_index = 4128, .adv_w = 350, .box_w = 19, .box_h = 17, .ofs_x = 1, .ofs_y = 0},
    {.bitmap_index = 4290, .adv_w = 290, .box_w = 16, .box_h = 17, .ofs_x = 1, .ofs_y = 0},
    {.bitmap_index = 4426, .adv_w = 294, .box_w = 17, .box_h = 17, .ofs_x = 1, .ofs_y = 0},
    {.bitmap_index = 4571, .adv_w = 246, .box_w = 14, .box_h = 17, .ofs_x = 1, .ofs_y = 0},
    {.bitmap_index = 4690, .adv_w = 295, .box_w = 17, .box_h = 19, .ofs_x = 1, .ofs_y = -2},
    {.bitmap_index = 4852, .adv_w = 249, .box_w = 14, .box_h = 17, .ofs_x = 1, .ofs_y = 0},
    {.bitmap_index = 4971, .adv_w = 248, .box_w = 14, .box_h = 17, .ofs_x = 1, .ofs_y = 0},
    {.bitmap_index = 5090, .adv_w = 251, .box_w = 14, .box_h = 17, .ofs_x = 1, .ofs_y = 0},
    {.bitmap_index = 5209, .adv_w = 284, .box_w = 15, .box_h = 17, .ofs_x = 1, .ofs_y = 0},
    {.bitmap_index = 5337, .adv_w = 272, .box_w = 17, .box_h = 17, .ofs_x = 0, .ofs_y = 0},
    {.bitmap_index = 5482, .adv_w = 385, .box_w = 24, .box_h = 17, .ofs_x = 0, .ofs_y = 0},
    {.bitmap_index = 5686, .adv_w = 269, .box_w = 17, .box_h = 17, .ofs_x = 0, .ofs_y = 0},
    {.bitmap_index = 5831, .adv_w = 267, .box_w = 17, .box_h = 17, .ofs_x = 0, .ofs_y = 0},
    {.bitmap_index = 5976, .adv_w = 246, .box_w = 13, .box_h = 17, .ofs_x = 1, .ofs_y = 0},
    {.bitmap_index = 6087, .adv_w = 142, .box_w = 6, .box_h = 22, .ofs_x = 2, .ofs_y = -3},
    {.bitmap_index = 6153, .adv_w = 142, .box_w = 9, .box_h = 21, .ofs_x = 0, .ofs_y = -3},
    {.bitmap_index = 6248, .adv_w = 142, .box_w = 6, .box_h = 22, .ofs_x = 1, .ofs_y = -3},
    {.bitmap_index = 6314, .adv_w = 183, .box_w = 11, .box_h = 8, .ofs_x = 0, .ofs_y = 9},
    {.bitmap_index = 6358, .adv_w = 178, .box_w = 12, .box_h = 3, .ofs_x = 0, .ofs_y = -2},
    {.bitmap_index = 6376, .adv_w = 129, .box_w = 6, .box_h = 4, .ofs_x = 1, .ofs_y = 15},
    {.bitmap_index = 6388, .adv_w = 218, .box_w = 12, .box_h = 13, .ofs_x = 0, .ofs_y = 0},
    {.bitmap_index = 6466, .adv_w = 237, .box_w = 13, .box_h = 17, .ofs_x = 1, .ofs_y = 0},
    {.bitmap_index = 6577, .adv_w = 222, .box_w = 12, .box_h = 13, .ofs_x = 1, .ofs_y = 0},
    {.bitmap_index = 6655, .adv_w = 237, .box_w = 13, .box_h = 17, .ofs_x = 1, .ofs_y = 0},
    {.bitmap_index = 6766, .adv_w = 226, .box_w = 13, .box_h = 13, .ofs_x = 1, .ofs_y = 0},
    {.bitmap_index = 6851, .adv_w = 146, .box_w = 9, .box_h = 18, .ofs_x = 0, .ofs_y = 0},
    {.bitmap_index = 6932, .adv_w = 238, .box_w = 13, .box_h = 18, .ofs_x = 1, .ofs_y = -5},
    {.bitmap_index = 7049, .adv_w = 231, .box_w = 12, .box_h = 17, .ofs_x = 1, .ofs_y = 0},
    {.bitmap_index = 7151, .adv_w = 97, .box_w = 4, .box_h = 18, .ofs_x = 1, .ofs_y = 0},
    {.bitmap_index = 7187, .adv_w = 97, .box_w = 6, .box_h = 23, .ofs_x = -1, .ofs_y = -5},
    {.bitmap_index = 7256, .adv_w = 215, .box_w = 13, .box_h = 17, .ofs_x = 1, .ofs_y = 0},
    {.bitmap_index = 7367, .adv_w = 97, .box_w = 4, .box_h = 17, .ofs_x = 1, .ofs_y = 0},
    {.bitmap_index = 7401, .adv_w = 341, .box_w = 19, .box_h = 13, .ofs_x = 1, .ofs_y = 0},
    {.bitmap_index = 7525, .adv_w = 231, .box_w = 12, .box_h = 13, .ofs_x = 1, .ofs_y = 0},
    {.bitmap_index = 7603, .adv_w = 232, .box_w = 13, .box_h = 13, .ofs_x = 1, .ofs_y = 0},
    {.bitmap_index = 7688, .adv_w = 237, .box_w = 13, .box_h = 18, .ofs_x = 1, .ofs_y = -5},
    {.bitmap_index = 7805, .adv_w = 237, .box_w = 13, .box_h = 18, .ofs_x = 1, .ofs_y = -5},
    {.bitmap_index = 7922, .adv_w = 149, .box_w = 8, .box_h = 13, .ofs_x = 1, .ofs_y = 0},
    {.bitmap_index = 7974, .adv_w = 207, .box_w = 11, .box_h = 13, .ofs_x = 1, .ofs_y = 0},
    {.bitmap_index = 8046, .adv_w = 131, .box_w = 8, .box_h = 16, .ofs_x = 0, .ofs_y = 0},
    {.bitmap_index = 8110, .adv_w = 231, .box_w = 12, .box_h = 13, .ofs_x = 1, .ofs_y = 0},
    {.bitmap_index = 8188, .adv_w = 221, .box_w = 14, .box_h = 13, .ofs_x = 0, .ofs_y = 0},
    {.bitmap_index = 8279, .adv_w = 318, .box_w = 20, .box_h = 13, .ofs_x = 0, .ofs_y = 0},
    {.bitmap_index = 8409, .adv_w = 214, .box_w = 13, .box_h = 13, .ofs_x = 0, .ofs_y = 0},
    {.bitmap_index = 8494, .adv_w = 221, .box_w = 14, .box_h = 18, .ofs_x = 0, .ofs_y = -5},
    {.bitmap_index = 8620, .adv_w = 215, .box_w = 11, .box_h = 13, .ofs_x = 1, .ofs_y = 0},
    {.bitmap_index = 8692, .adv_w = 169, .box_w = 9, .box_h = 22, .ofs_x = 1, .ofs_y = -4},
    {.bitmap_index = 8791, .adv_w = 133, .box_w = 4, .box_h = 28, .ofs_x = 2, .ofs_y = -6},
    {.bitmap_index = 8847, .adv_w = 169, .box_w = 8, .box_h = 22, .ofs_x = 1, .ofs_y = -4},
    {.bitmap_index = 8935, .adv_w = 256, .box_w = 14, .box_h = 5, .ofs_x = 1, .ofs_y = 4},
    {.bitmap_index = 8970, .adv_w = 102, .box_w = 0, .box_h = 0, .ofs_x = 0, .ofs_y = 0},
    {.bitmap_index = 8970, .adv_w = 117, .box_w = 5, .box_h = 17, .ofs_x = 1, .ofs_y = -4},
    {.bitmap_index = 9013, .adv_w = 222, .box_w = 12, .box_h = 17, .ofs_x = 1, .ofs_y = 0},
    {.bitmap_index = 9115, .adv_w = 238, .box_w = 13, .box_h = 17, .ofs_x = 1, .ofs_y = 0},
    {.bitmap_index = 9226, .adv_w = 283, .box_w = 16, .box_h = 15, .ofs_x = 1, .ofs_y = 0},
    {.bitmap_index = 9346, .adv_w = 214, .box_w = 14, .box_h = 17, .ofs_x = 0, .ofs_y = 0},
    {.bitmap_index = 9465, .adv_w = 113, .box_w = 3, .box_h = 20, .ofs_x = 2, .ofs_y = -3},
    {.bitmap_index = 9495, .adv_w = 218, .box_w = 12, .box_h = 21, .ofs_x = 1, .ofs_y = -4},
    {.bitmap_index = 9621, .adv_w = 231, .box_w = 9, .box_h = 3, .ofs_x = 3, .ofs_y = 15},
    {.bitmap_index = 9635, .adv_w = 351, .box_w = 19, .box_h = 18, .ofs_x = 1, .ofs_y = 0},
    {.bitmap_index = 9806, .adv_w = 176, .box_w = 10, .box_h = 10, .ofs_x = 0, .ofs_y = 8},
    {.bitmap_index = 9856, .adv_w = 234, .box_w = 13, .box_h = 11, .ofs_x = 1, .ofs_y = 2},
    {.bitmap_index = 9928, .adv_w = 256, .box_w = 11, .box_h = 6, .ofs_x = 2, .ofs_y = 4},
    {.bitmap_index = 9961, .adv_w = 255, .box_w = 14, .box_h = 14, .ofs_x = 1, .ofs_y = 4},
    {.bitmap_index = 10059, .adv_w = 179, .box_w = 7, .box_h = 2, .ofs_x = 2, .ofs_y = 15},
    {.bitmap_index = 10066, .adv_w = 176, .box_w = 9, .box_h = 8, .ofs_x = 1, .ofs_y = 9},
    {.bitmap_index = 10102, .adv_w = 256, .box_w = 12, .box_h = 13, .ofs_x = 2, .ofs_y = 0},
    {.bitmap_index = 10180, .adv_w = 172, .box_w = 9, .box_h = 9, .ofs_x = 1, .ofs_y = 11},
    {.bitmap_index = 10221, .adv_w = 175, .box_w = 9, .box_h = 9, .ofs_x = 1, .ofs_y = 11},
    {.bitmap_index = 10262, .adv_w = 129, .box_w = 6, .box_h = 4, .ofs_x = 1, .ofs_y = 15},
    {.bitmap_index = 10274, .adv_w = 230, .box_w = 14, .box_h = 18, .ofs_x = 1, .ofs_y = -5},
    {.bitmap_index = 10400, .adv_w = 231, .box_w = 12, .box_h = 17, .ofs_x = 1, .ofs_y = 0},
    {.bitmap_index = 10502, .adv_w = 116, .box_w = 5, .box_h = 4, .ofs_x = 1, .ofs_y = 6},
    {.bitmap_index = 10512, .adv_w = 115, .box_w = 5, .box_h = 6, .ofs_x = 2, .ofs_y = -6},
    {.bitmap_index = 10527, .adv_w = 121, .box_w = 6, .box_h = 9, .ofs_x = 1, .ofs_y = 11},
    {.bitmap_index = 10554, .adv_w = 186, .box_w = 11, .box_h = 10, .ofs_x = 0, .ofs_y = 8},
    {.bitmap_index = 10609, .adv_w = 234, .box_w = 14, .box_h = 11, .ofs_x = 0, .ofs_y = 2},
    {.bitmap_index = 10686, .adv_w = 314, .box_w = 19, .box_h = 18, .ofs_x = 0, .ofs_y = -1},
    {.bitmap_index = 10857, .adv_w = 330, .box_w = 20, .box_h = 18, .ofs_x = 0, .ofs_y = 0},
    {.bitmap_index = 11037, .adv_w = 344, .box_w = 20, .box_h = 18, .ofs_x = 1, .ofs_y = -1},
    {.bitmap_index = 11217, .adv_w = 203, .box_w = 11, .box_h = 18, .ofs_x = 1, .ofs_y = -5},
    {.bitmap_index = 11316, .adv_w = 272, .box_w = 17, .box_h = 22, .ofs_x = 0, .ofs_y = 0},
    {.bitmap_index = 11503, .adv_w = 272, .box_w = 17, .box_h = 22, .ofs_x = 0, .ofs_y = 0},
    {.bitmap_index = 11690, .adv_w = 272, .box_w = 17, .box_h = 22, .ofs_x = 0, .ofs_y = 0},
    {.bitmap_index = 11877, .adv_w = 272, .box_w = 17, .box_h = 22, .ofs_x = 0, .ofs_y = 0},
    {.bitmap_index = 12064, .adv_w = 272, .box_w = 17, .box_h = 22, .ofs_x = 0, .ofs_y = 0},
    {.bitmap_index = 12251, .adv_w = 272, .box_w = 17, .box_h = 24, .ofs_x = 0, .ofs_y = 0},
    {.bitmap_index = 12455, .adv_w = 385, .box_w = 23, .box_h = 17, .ofs_x = 0, .ofs_y = 0},
    {.bitmap_index = 12651, .adv_w = 282, .box_w = 16, .box_h = 22, .ofs_x = 1, .ofs_y = -5},
    {.bitmap_index = 12827, .adv_w = 232, .box_w = 12, .box_h = 22, .ofs_x = 1, .ofs_y = 0},
    {.bitmap_index = 12959, .adv_w = 232, .box_w = 12, .box_h = 22, .ofs_x = 1, .ofs_y = 0},
    {.bitmap_index = 13091, .adv_w = 232, .box_w = 12, .box_h = 22, .ofs_x = 1, .ofs_y = 0},
    {.bitmap_index = 13223, .adv_w = 232, .box_w = 12, .box_h = 22, .ofs_x = 1, .ofs_y = 0},
    {.bitmap_index = 13355, .adv_w = 105, .box_w = 5, .box_h = 22, .ofs_x = 0, .ofs_y = 0},
    {.bitmap_index = 13410, .adv_w = 105, .box_w = 6, .box_h = 22, .ofs_x = 1, .ofs_y = 0},
    {.bitmap_index = 13476, .adv_w = 105, .box_w = 9, .box_h = 22, .ofs_x = -1, .ofs_y = 0},
    {.bitmap_index = 13575, .adv_w = 105, .box_w = 9, .box_h = 22, .ofs_x = -1, .ofs_y = 0},
    {.bitmap_index = 13674, .adv_w = 285, .box_w = 17, .box_h = 17, .ofs_x = 0, .ofs_y = 0},
    {.bitmap_index = 13819, .adv_w = 290, .box_w = 16, .box_h = 22, .ofs_x = 1, .ofs_y = 0},
    {.bitmap_index = 13995, .adv_w = 294, .box_w = 17, .box_h = 23, .ofs_x = 1, .ofs_y = 0},
    {.bitmap_index = 14191, .adv_w = 294, .box_w = 17, .box_h = 23, .ofs_x = 1, .ofs_y = 0},
    {.bitmap_index = 14387, .adv_w = 294, .box_w = 17, .box_h = 23, .ofs_x = 1, .ofs_y = 0},
    {.bitmap_index = 14583, .adv_w = 294, .box_w = 17, .box_h = 22, .ofs_x = 1, .ofs_y = 0},
    {.bitmap_index = 14770, .adv_w = 294, .box_w = 17, .box_h = 22, .ofs_x = 1, .ofs_y = 0},
    {.bitmap_index = 14957, .adv_w = 256, .box_w = 12, .box_h = 12, .ofs_x = 2, .ofs_y = 1},
    {.bitmap_index = 15029, .adv_w = 294, .box_w = 17, .box_h = 19, .ofs_x = 1, .ofs_y = -1},
    {.bitmap_index = 15191, .adv_w = 284, .box_w = 15, .box_h = 23, .ofs_x = 1, .ofs_y = 0},
    {.bitmap_index = 15364, .adv_w = 284, .box_w = 15, .box_h = 23, .ofs_x = 1, .ofs_y = 0},
    {.bitmap_index = 15537, .adv_w = 284, .box_w = 15, .box_h = 23, .ofs_x = 1, .ofs_y = 0},
    {.bitmap_index = 15710, .adv_w = 284, .box_w = 15, .box_h = 22, .ofs_x = 1, .ofs_y = 0},
    {.bitmap_index = 15875, .adv_w = 267, .box_w = 17, .box_h = 22, .ofs_x = 0, .ofs_y = 0},
    {.bitmap_index = 16062, .adv_w = 248, .box_w = 13, .box_h = 17, .ofs_x = 1, .ofs_y = 0},
    {.bitmap_index = 16173, .adv_w = 242, .box_w = 13, .box_h = 17, .ofs_x = 1, .ofs_y = 0},
    {.bitmap_index = 16284, .adv_w = 218, .box_w = 12, .box_h = 18, .ofs_x = 0, .ofs_y = 0},
    {.bitmap_index = 16392, .adv_w = 218, .box_w = 12, .box_h = 18, .ofs_x = 0, .ofs_y = 0},
    {.bitmap_index = 16500, .adv_w = 218, .box_w = 12, .box_h = 18, .ofs_x = 0, .ofs_y = 0},
    {.bitmap_index = 16608, .adv_w = 218, .box_w = 12, .box_h = 18, .ofs_x = 0, .ofs_y = 0},
    {.bitmap_index = 16716, .adv_w = 218, .box_w = 12, .box_h = 18, .ofs_x = 0, .ofs_y = 0},
    {.bitmap_index = 16824, .adv_w = 218, .box_w = 12, .box_h = 20, .ofs_x = 0, .ofs_y = 0},
    {.bitmap_index = 16944, .adv_w = 351, .box_w = 21, .box_h = 13, .ofs_x = 0, .ofs_y = 0},
    {.bitmap_index = 17081, .adv_w = 222, .box_w = 12, .box_h = 18, .ofs_x = 1, .ofs_y = -5},
    {.bitmap_index = 17189, .adv_w = 226, .box_w = 13, .box_h = 18, .ofs_x = 1, .ofs_y = 0},
    {.bitmap_index = 17306, .adv_w = 226, .box_w = 13, .box_h = 18, .ofs_x = 1, .ofs_y = 0},
    {.bitmap_index = 17423, .adv_w = 226, .box_w = 13, .box_h = 18, .ofs_x = 1, .ofs_y = 0},
    {.bitmap_index = 17540, .adv_w = 226, .box_w = 13, .box_h = 18, .ofs_x = 1, .ofs_y = 0},
    {.bitmap_index = 17657, .adv_w = 97, .box_w = 6, .box_h = 18, .ofs_x = -1, .ofs_y = 0},
    {.bitmap_index = 17711, .adv_w = 97, .box_w = 6, .box_h = 18, .ofs_x = 1, .ofs_y = 0},
    {.bitmap_index = 17765, .adv_w = 97, .box_w = 10, .box_h = 18, .ofs_x = -2, .ofs_y = 0},
    {.bitmap_index = 17855, .adv_w = 97, .box_w = 9, .box_h = 18, .ofs_x = -1, .ofs_y = 0},
    {.bitmap_index = 17936, .adv_w = 226, .box_w = 12, .box_h = 19, .ofs_x = 1, .ofs_y = 0},
    {.bitmap_index = 18050, .adv_w = 231, .box_w = 12, .box_h = 18, .ofs_x = 1, .ofs_y = 0},
    {.bitmap_index = 18158, .adv_w = 232, .box_w = 13, .box_h = 18, .ofs_x = 1, .ofs_y = 0},
    {.bitmap_index = 18275, .adv_w = 232, .box_w = 13, .box_h = 18, .ofs_x = 1, .ofs_y = 0},
    {.bitmap_index = 18392, .adv_w = 232, .box_w = 13, .box_h = 18, .ofs_x = 1, .ofs_y = 0},
    {.bitmap_index = 18509, .adv_w = 232, .box_w = 13, .box_h = 18, .ofs_x = 1, .ofs_y = 0},
    {.bitmap_index = 18626, .adv_w = 232, .box_w = 13, .box_h = 18, .ofs_x = 1, .ofs_y = 0},
    {.bitmap_index = 18743, .adv_w = 256, .box_w = 12, .box_h = 13, .ofs_x = 2, .ofs_y = 0},
    {.bitmap_index = 18821, .adv_w = 232, .box_w = 14, .box_h = 15, .ofs_x = 0, .ofs_y = -1},
    {.bitmap_index = 18926, .adv_w = 231, .box_w = 12, .box_h = 18, .ofs_x = 1, .ofs_y = 0},
    {.bitmap_index = 19034, .adv_w = 231, .box_w = 12, .box_h = 18, .ofs_x = 1, .ofs_y = 0},
    {.bitmap_index = 19142, .adv_w = 231, .box_w = 12, .box_h = 18, .ofs_x = 1, .ofs_y = 0},
    {.bitmap_index = 19250, .adv_w = 231, .box_w = 12, .box_h = 18, .ofs_x = 1, .ofs_y = 0},
    {.bitmap_index = 19358, .adv_w = 221, .box_w = 14, .box_h = 23, .ofs_x = 0, .ofs_y = -5},
    {.bitmap_index = 19519, .adv_w = 237, .box_w = 13, .box_h = 22, .ofs_x = 1, .ofs_y = -5},
    {.bitmap_index = 19662, .adv_w = 221, .box_w = 14, .box_h = 23, .ofs_x = 0, .ofs_y = -5},
    {.bitmap_index = 19823, .adv_w = 272, .box_w = 17, .box_h = 22, .ofs_x = 0, .ofs_y = 0},
    {.bitmap_index = 20010, .adv_w = 218, .box_w = 12, .box_h = 17, .ofs_x = 0, .ofs_y = 0},
    {.bitmap_index = 20112, .adv_w = 272, .box_w = 17, .box_h = 22, .ofs_x = 0, .ofs_y = 0},
    {.bitmap_index = 20299, .adv_w = 218, .box_w = 12, .box_h = 18, .ofs_x = 0, .ofs_y = 0},
    {.bitmap_index = 20407, .adv_w = 272, .box_w = 18, .box_h = 22, .ofs_x = 0, .ofs_y = -5},
    {.bitmap_index = 20605, .adv_w = 218, .box_w = 13, .box_h = 18, .ofs_x = 0, .ofs_y = -5},
    {.bitmap_index = 20722, .adv_w = 282, .box_w = 16, .box_h = 23, .ofs_x = 1, .ofs_y = 0},
    {.bitmap_index = 20906, .adv_w = 222, .box_w = 12, .box_h = 18, .ofs_x = 1, .ofs_y = 0},
    {.bitmap_index = 21014, .adv_w = 282, .box_w = 16, .box_h = 23, .ofs_x = 1, .ofs_y = 0},
    {.bitmap_index = 21198, .adv_w = 222, .box_w = 12, .box_h = 18, .ofs_x = 1, .ofs_y = 0},
    {.bitmap_index = 21306, .adv_w = 282, .box_w = 16, .box_h = 22, .ofs_x = 1, .ofs_y = 0},
    {.bitmap_index = 21482, .adv_w = 222, .box_w = 12, .box_h = 18, .ofs_x = 1, .ofs_y = 0},
    {.bitmap_index = 21590, .adv_w = 282, .box_w = 16, .box_h = 23, .ofs_x = 1, .ofs_y = 0},
    {.bitmap_index = 21774, .adv_w = 222, .box_w = 12, .box_h = 18, .ofs_x = 1, .ofs_y = 0},
    {.bitmap_index = 21882, .adv_w = 277, .box_w = 16, .box_h = 22, .ofs_x = 1, .ofs_y = 0},
    {.bitmap_index = 22058, .adv_w = 278, .box_w = 16, .box_h = 19, .ofs_x = 1, .ofs_y = 0},
    {.bitmap_index = 22210, .adv_w = 285, .box_w = 17, .box_h = 17, .ofs_x = 0, .ofs_y = 0},
    {.bitmap_index = 22355, .adv_w = 237, .box_w = 14, .box_h = 17, .ofs_x = 1, .ofs_y = 0},
    {.bitmap_index = 22474, .adv_w = 232, .box_w = 12, .box_h = 22, .ofs_x = 1, .ofs_y = 0},
    {.bitmap_index = 22606, .adv_w = 226, .box_w = 13, .box_h = 17, .ofs_x = 1, .ofs_y = 0},
    {.bitmap_index = 22717, .adv_w = 232, .box_w = 12, .box_h = 22, .ofs_x = 1, .ofs_y = 0},
    {.bitmap_index = 22849, .adv_w = 226, .box_w = 13, .box_h = 18, .ofs_x = 1, .ofs_y = 0},
    {.bitmap_index = 22966, .adv_w = 232, .box_w = 12, .box_h = 22, .ofs_x = 1, .ofs_y = 0},
    {.bitmap_index = 23098, .adv_w = 226, .box_w = 13, .box_h = 18, .ofs_x = 1, .ofs_y = 0},
    {.bitmap_index = 23215, .adv_w = 232, .box_w = 13, .box_h = 22, .ofs_x = 1, .ofs_y = -5},
    {.bitmap_index = 23358, .adv_w = 226, .box_w = 13, .box_h = 18, .ofs_x = 1, .ofs_y = -5},
    {.bitmap_index = 23475, .adv_w = 232, .box_w = 12, .box_h = 22, .ofs_x = 1, .ofs_y = 0},
    {.bitmap_index = 23607, .adv_w = 226, .box_w = 13, .box_h = 18, .ofs_x = 1, .ofs_y = 0},
    {.bitmap_index = 23724, .adv_w = 287, .box_w = 16, .box_h = 23, .ofs_x = 1, .ofs_y = 0},
    {.bitmap_index = 23908, .adv_w = 238, .box_w = 13, .box_h = 23, .ofs_x = 1, .ofs_y = -5},
    {.bitmap_index = 24058, .adv_w = 287, .box_w = 16, .box_h = 23, .ofs_x = 1, .ofs_y = 0},
    {.bitmap_index = 24242, .adv_w = 238, .box_w = 13, .box_h = 23, .ofs_x = 1, .ofs_y = -5},
    {.bitmap_index = 24392, .adv_w = 287, .box_w = 16, .box_h = 22, .ofs_x = 1, .ofs_y = 0},
    {.bitmap_index = 24568, .adv_w = 238, .box_w = 13, .box_h = 23, .ofs_x = 1, .ofs_y = -5},
    {.bitmap_index = 24718, .adv_w = 287, .box_w = 16, .box_h = 23, .ofs_x = 1, .ofs_y = -6},
    {.bitmap_index = 24902, .adv_w = 238, .box_w = 13, .box_h = 24, .ofs_x = 1, .ofs_y = -5},
    {.bitmap_index = 25058, .adv_w = 286, .box_w = 15, .box_h = 22, .ofs_x = 1, .ofs_y = 0},
    {.bitmap_index = 25223, .adv_w = 231, .box_w = 15, .box_h = 22, .ofs_x = -2, .ofs_y = 0},
    {.bitmap_index = 25388, .adv_w = 302, .box_w = 17, .box_h = 17, .ofs_x = 1, .ofs_y = 0},
    {.bitmap_index = 25533, .adv_w = 231, .box_w = 13, .box_h = 17, .ofs_x = 0, .ofs_y = 0},
    {.bitmap_index = 25644, .adv_w = 105, .box_w = 8, .box_h = 22, .ofs_x = -1, .ofs_y = 0},
    {.bitmap_index = 25732, .adv_w = 97, .box_w = 8, .box_h = 18, .ofs_x = -1, .ofs_y = 0},
    {.bitmap_index = 25804, .adv_w = 105, .box_w = 8, .box_h = 22, .ofs_x = -1, .ofs_y = 0},
    {.bitmap_index = 25892, .adv_w = 97, .box_w = 8, .box_h = 17, .ofs_x = -1, .ofs_y = 0},
    {.bitmap_index = 25960, .adv_w = 105, .box_w = 8, .box_h = 22, .ofs_x = -1, .ofs_y = 0},
    {.bitmap_index = 26048, .adv_w = 97, .box_w = 8, .box_h = 18, .ofs_x = -1, .ofs_y = 0},
    {.bitmap_index = 26120, .adv_w = 105, .box_w = 6, .box_h = 22, .ofs_x = 0, .ofs_y = -5},
    {.bitmap_index = 26186, .adv_w = 97, .box_w = 7, .box_h = 23, .ofs_x = -1, .ofs_y = -5},
    {.bitmap_index = 26267, .adv_w = 105, .box_w = 4, .box_h = 22, .ofs_x = 1, .ofs_y = 0},
    {.bitmap_index = 26311, .adv_w = 97, .box_w = 4, .box_h = 13, .ofs_x = 1, .ofs_y = 0},
    {.bitmap_index = 26337, .adv_w = 326, .box_w = 18, .box_h = 17, .ofs_x = 1, .ofs_y = 0},
    {.bitmap_index = 26490, .adv_w = 194, .box_w = 10, .box_h = 23, .ofs_x = 1, .ofs_y = -5},
    {.bitmap_index = 26605, .adv_w = 221, .box_w = 14, .box_h = 23, .ofs_x = 1, .ofs_y = 0},
    {.bitmap_index = 26766, .adv_w = 97, .box_w = 10, .box_h = 23, .ofs_x = -2, .ofs_y = -5},
    {.bitmap_index = 26881, .adv_w = 264, .box_w = 15, .box_h = 23, .ofs_x = 1, .ofs_y = -6},
    {.bitmap_index = 27054, .adv_w = 215, .box_w = 13, .box_h = 23, .ofs_x = 1, .ofs_y = -6},
    {.bitmap_index = 27204, .adv_w = 210, .box_w = 12, .box_h = 13, .ofs_x = 1, .ofs_y = 0},
    {.bitmap_index = 27282, .adv_w = 217, .box_w = 12, .box_h = 22, .ofs_x = 1, .ofs_y = 0},
    {.bitmap_index = 27414, .adv_w = 97, .box_w = 6, .box_h = 22, .ofs_x = 1, .ofs_y = 0},
    {.bitmap_index = 27480, .adv_w = 217, .box_w = 12, .box_h = 23, .ofs_x = 1, .ofs_y = -6},
    {.bitmap_index = 27618, .adv_w = 97, .box_w = 5, .box_h = 23, .ofs_x = 0, .ofs_y = -6},
    {.bitmap_index = 27676, .adv_w = 217, .box_w = 12, .box_h = 18, .ofs_x = 1, .ofs_y = 0},
    {.bitmap_index = 27784, .adv_w = 138, .box_w = 8, .box_h = 18, .ofs_x = 1, .ofs_y = 0},
    {.bitmap_index = 27856, .adv_w = 218, .box_w = 12, .box_h = 17, .ofs_x = 1, .ofs_y = 0},
    {.bitmap_index = 27958, .adv_w = 149, .box_w = 9, .box_h = 17, .ofs_x = 1, .ofs_y = 0},
    {.bitmap_index = 28035, .adv_w = 230, .box_w = 14, .box_h = 17, .ofs_x = 0, .ofs_y = 0},
    {.bitmap_index = 28154, .adv_w = 97, .box_w = 8, .box_h = 17, .ofs_x = -1, .ofs_y = 0},
    {.bitmap_index = 28222, .adv_w = 290, .box_w = 16, .box_h = 22, .ofs_x = 1, .ofs_y = 0},
    {.bitmap_index = 28398, .adv_w = 231, .box_w = 12, .box_h = 18, .ofs_x = 1, .ofs_y = 0},
    {.bitmap_index = 28506, .adv_w = 290, .box_w = 16, .box_h = 23, .ofs_x = 1, .ofs_y = -6},
    {.bitmap_index = 28690, .adv_w = 231, .box_w = 12, .box_h = 19, .ofs_x = 1, .ofs_y = -6},
    {.bitmap_index = 28804, .adv_w = 290, .box_w = 16, .box_h = 22, .ofs_x = 1, .ofs_y = 0},
    {.bitmap_index = 28980, .adv_w = 231, .box_w = 12, .box_h = 18, .ofs_x = 1, .ofs_y = 0},
    {.bitmap_index = 29088, .adv_w = 290, .box_w = 16, .box_h = 22, .ofs_x = 1, .ofs_y = -5},
    {.bitmap_index = 29264, .adv_w = 231, .box_w = 12, .box_h = 18, .ofs_x = 1, .ofs_y = -5},
    {.bitmap_index = 29372, .adv_w = 294, .box_w = 17, .box_h = 22, .ofs_x = 1, .ofs_y = 0},
    {.bitmap_index = 29559, .adv_w = 232, .box_w = 13, .box_h = 17, .ofs_x = 1, .ofs_y = 0},
    {.bitmap_index = 29670, .adv_w = 294, .box_w = 17, .box_h = 23, .ofs_x = 1, .ofs_y = 0},
    {.bitmap_index = 29866, .adv_w = 232, .box_w = 13, .box_h = 18, .ofs_x = 1, .ofs_y = 0},
    {.bitmap_index = 29983, .adv_w = 294, .box_w = 17, .box_h = 23, .ofs_x = 1, .ofs_y = 0},
    {.bitmap_index = 30179, .adv_w = 232, .box_w = 13, .box_h = 18, .ofs_x = 1, .ofs_y = 0},
    {.bitmap_index = 30296, .adv_w = 388, .box_w = 22, .box_h = 17, .ofs_x = 1, .ofs_y = 0},
    {.bitmap_index = 30483, .adv_w = 382, .box_w = 22, .box_h = 13, .ofs_x = 1, .ofs_y = 0},
    {.bitmap_index = 30626, .adv_w = 249, .box_w = 14, .box_h = 22, .ofs_x = 1, .ofs_y = 0},
    {.bitmap_index = 30780, .adv_w = 149, .box_w = 8, .box_h = 18, .ofs_x = 1, .ofs_y = 0},
    {.bitmap_index = 30852, .adv_w = 249, .box_w = 14, .box_h = 23, .ofs_x = 1, .ofs_y = -6},
    {.bitmap_index = 31013, .adv_w = 149, .box_w = 9, .box_h = 19, .ofs_x = 0, .ofs_y = -6},
    {.bitmap_index = 31099, .adv_w = 249, .box_w = 14, .box_h = 22, .ofs_x = 1, .ofs_y = 0},
    {.bitmap_index = 31253, .adv_w = 149, .box_w = 9, .box_h = 18, .ofs_x = 1, .ofs_y = 0},
    {.bitmap_index = 31334, .adv_w = 248, .box_w = 14, .box_h = 23, .ofs_x = 1, .ofs_y = 0},
    {.bitmap_index = 31495, .adv_w = 207, .box_w = 11, .box_h = 18, .ofs_x = 1, .ofs_y = 0},
    {.bitmap_index = 31594, .adv_w = 248, .box_w = 14, .box_h = 23, .ofs_x = 1, .ofs_y = 0},
    {.bitmap_index = 31755, .adv_w = 207, .box_w = 11, .box_h = 18, .ofs_x = 1, .ofs_y = 0},
    {.bitmap_index = 31854, .adv_w = 248, .box_w = 14, .box_h = 22, .ofs_x = 1, .ofs_y = -5},
    {.bitmap_index = 32008, .adv_w = 207, .box_w = 11, .box_h = 18, .ofs_x = 1, .ofs_y = -5},
    {.bitmap_index = 32107, .adv_w = 248, .box_w = 14, .box_h = 23, .ofs_x = 1, .ofs_y = 0},
    {.bitmap_index = 32268, .adv_w = 207, .box_w = 11, .box_h = 18, .ofs_x = 1, .ofs_y = 0},
    {.bitmap_index = 32367, .adv_w = 251, .box_w = 14, .box_h = 22, .ofs_x = 1, .ofs_y = -5},
    {.bitmap_index = 32521, .adv_w = 131, .box_w = 9, .box_h = 21, .ofs_x = 0, .ofs_y = -5},
    {.bitmap_index = 32616, .adv_w = 251, .box_w = 14, .box_h = 22, .ofs_x = 1, .ofs_y = 0},
    {.bitmap_index = 32770, .adv_w = 153, .box_w = 9, .box_h = 19, .ofs_x = 0, .ofs_y = 0},
    {.bitmap_index = 32856, .adv_w = 251, .box_w = 14, .box_h = 17, .ofs_x = 1, .ofs_y = 0},
    {.bitmap_index = 32975, .adv_w = 131, .box_w = 8, .box_h = 16, .ofs_x = 0, .ofs_y = 0},
    {.bitmap_index = 33039, .adv_w = 284, .box_w = 15, .box_h = 22, .ofs_x = 1, .ofs_y = 0},
    {.bitmap_index = 33204, .adv_w = 231, .box_w = 12, .box_h = 18, .ofs_x = 1, .ofs_y = 0},
    {.bitmap_index = 33312, .adv_w = 284, .box_w = 15, .box_h = 22, .ofs_x = 1, .ofs_y = 0},
    {.bitmap_index = 33477, .adv_w = 231, .box_w = 12, .box_h = 17, .ofs_x = 1, .ofs_y = 0},
    {.bitmap_index = 33579, .adv_w = 284, .box_w = 15, .box_h = 23, .ofs_x = 1, .ofs_y = 0},
    {.bitmap_index = 33752, .adv_w = 231, .box_w = 12, .box_h = 18, .ofs_x = 1, .ofs_y = 0},
    {.bitmap_index = 33860, .adv_w = 284, .box_w = 15, .box_h = 25, .ofs_x = 1, .ofs_y = 0},
    {.bitmap_index = 34048, .adv_w = 231, .box_w = 12, .box_h = 20, .ofs_x = 1, .ofs_y = 0},
    {.bitmap_index = 34168, .adv_w = 284, .box_w = 15, .box_h = 23, .ofs_x = 1, .ofs_y = 0},
    {.bitmap_index = 34341, .adv_w = 231, .box_w = 12, .box_h = 18, .ofs_x = 1, .ofs_y = 0},
    {.bitmap_index = 34449, .adv_w = 284, .box_w = 15, .box_h = 22, .ofs_x = 1, .ofs_y = -5},
    {.bitmap_index = 34614, .adv_w = 231, .box_w = 13, .box_h = 18, .ofs_x = 1, .ofs_y = -5},
    {.bitmap_index = 34731, .adv_w = 385, .box_w = 24, .box_h = 22, .ofs_x = 0, .ofs_y = 0},
    {.bitmap_index = 34995, .adv_w = 318, .box_w = 20, .box_h = 18, .ofs_x = 0, .ofs_y = 0},
    {.bitmap_index = 35175, .adv_w = 267, .box_w = 17, .box_h = 23, .ofs_x = 0, .ofs_y = 0},
    {.bitmap_index = 35371, .adv_w = 221, .box_w = 14, .box_h = 23, .ofs_x = 0, .ofs_y = -5},
    {.bitmap_index = 35532, .adv_w = 267, .box_w = 17, .box_h = 22, .ofs_x = 0, .ofs_y = 0},
    {.bitmap_index = 35719, .adv_w = 246, .box_w = 13, .box_h = 22, .ofs_x = 1, .ofs_y = 0},
    {.bitmap_index = 35862, .adv_w = 215, .box_w = 11, .box_h = 18, .ofs_x = 1, .ofs_y = 0},
    {.bitmap_index = 35961, .adv_w = 246, .box_w = 13, .box_h = 22, .ofs_x = 1, .ofs_y = 0},
    {.bitmap_index = 36104, .adv_w = 215, .box_w = 11, .box_h = 18, .ofs_x = 1, .ofs_y = 0},
    {.bitmap_index = 36203, .adv_w = 246, .box_w = 13, .box_h = 22, .ofs_x = 1, .ofs_y = 0},
    {.bitmap_index = 36346, .adv_w = 215, .box_w = 11, .box_h = 18, .ofs_x = 1, .ofs_y = 0},
    {.bitmap_index = 36445, .adv_w = 125, .box_w = 7, .box_h = 18, .ofs_x = 1, .ofs_y = 0},
    {.bitmap_index = 36508, .adv_w = 248, .box_w = 14, .box_h = 23, .ofs_x = 1, .ofs_y = -6},
    {.bitmap_index = 36669, .adv_w = 207, .box_w = 11, .box_h = 19, .ofs_x = 1, .ofs_y = -6},
    {.bitmap_index = 36774, .adv_w = 251, .box_w = 14, .box_h = 23, .ofs_x = 1, .ofs_y = -6},
    {.bitmap_index = 36935, .adv_w = 131, .box_w = 8, .box_h = 22, .ofs_x = 0, .ofs_y = -6},
    {.bitmap_index = 37023, .adv_w = 106, .box_w = 4, .box_h = 7, .ofs_x = 2, .ofs_y = 10},
    {.bitmap_index = 37037, .adv_w = 106, .box_w = 5, .box_h = 5, .ofs_x = 1, .ofs_y = -5},
    {.bitmap_index = 37050, .adv_w = 290, .box_w = 16, .box_h = 17, .ofs_x = 1, .ofs_y = 0},
    {.bitmap_index = 37186, .adv_w = 106, .box_w = 5, .box_h = 5, .ofs_x = 1, .ofs_y = -6},
    {.bitmap_index = 37199, .adv_w = 222, .box_w = 12, .box_h = 13, .ofs_x = 1, .ofs_y = 0},
    {.bitmap_index = 37277, .adv_w = 222, .box_w = 12, .box_h = 13, .ofs_x = 1, .ofs_y = 0},
    {.bitmap_index = 37355, .adv_w = 222, .box_w = 12, .box_h = 13, .ofs_x = 1, .ofs_y = 0},
    {.bitmap_index = 37433, .adv_w = 121, .box_w = 5, .box_h = 17, .ofs_x = 1, .ofs_y = -4},
    {.bitmap_index = 37476, .adv_w = 221, .box_w = 11, .box_h = 17, .ofs_x = 1, .ofs_y = 0},
    {.bitmap_index = 37570, .adv_w = 113, .box_w = 4, .box_h = 4, .ofs_x = 2, .ofs_y = 15},
    {.bitmap_index = 37578, .adv_w = 265, .box_w = 11, .box_h = 6, .ofs_x = 3, .ofs_y = 15},
    {.bitmap_index = 37611, .adv_w = 272, .box_w = 17, .box_h = 17, .ofs_x = 0, .ofs_y = 0},
    {.bitmap_index = 37756, .adv_w = 116, .box_w = 5, .box_h = 4, .ofs_x = 1, .ofs_y = 9},
    {.bitmap_index = 37766, .adv_w = 291, .box_w = 16, .box_h = 17, .ofs_x = 1, .ofs_y = 0},
    {.bitmap_index = 37902, .adv_w = 345, .box_w = 19, .box_h = 17, .ofs_x = 1, .ofs_y = 0},
    {.bitmap_index = 38064, .adv_w = 164, .box_w = 8, .box_h = 17, .ofs_x = 1, .ofs_y = 0},
    {.bitmap_index = 38132, .adv_w = 338, .box_w = 19, .box_h = 17, .ofs_x = 1, .ofs_y = 0},
    {.bitmap_index = 38294, .adv_w = 348, .box_w = 21, .box_h = 17, .ofs_x = 1, .ofs_y = 0},
    {.bitmap_index = 38473, .adv_w = 341, .box_w = 19, .box_h = 17, .ofs_x = 1, .ofs_y = 0},
    {.bitmap_index = 38635, .adv_w = 110, .box_w = 8, .box_h = 22, .ofs_x = -1, .ofs_y = 0},
    {.bitmap_index = 38723, .adv_w = 272, .box_w = 17, .box_h = 17, .ofs_x = 0, .ofs_y = 0},
    {.bitmap_index = 38868, .adv_w = 252, .box_w = 14, .box_h = 17, .ofs_x = 1, .ofs_y = 0},
    {.bitmap_index = 38987, .adv_w = 223, .box_w = 12, .box_h = 17, .ofs_x = 1, .ofs_y = 0},
    {.bitmap_index = 39089, .adv_w = 269, .box_w = 17, .box_h = 17, .ofs_x = 0, .ofs_y = 0},
    {.bitmap_index = 39234, .adv_w = 232, .box_w = 12, .box_h = 17, .ofs_x = 1, .ofs_y = 0},
    {.bitmap_index = 39336, .adv_w = 246, .box_w = 13, .box_h = 17, .ofs_x = 1, .ofs_y = 0},
    {.bitmap_index = 39447, .adv_w = 286, .box_w = 15, .box_h = 17, .ofs_x = 1, .ofs_y = 0},
    {.bitmap_index = 39575, .adv_w = 294, .box_w = 17, .box_h = 17, .ofs_x = 1, .ofs_y = 0},
    {.bitmap_index = 39720, .adv_w = 105, .box_w = 4, .box_h = 17, .ofs_x = 1, .ofs_y = 0},
    {.bitmap_index = 39754, .adv_w = 264, .box_w = 15, .box_h = 17, .ofs_x = 1, .ofs_y = 0},
    {.bitmap_index = 39882, .adv_w = 272, .box_w = 17, .box_h = 17, .ofs_x = 0, .ofs_y = 0},
    {.bitmap_index = 40027, .adv_w = 350, .box_w = 19, .box_h = 17, .ofs_x = 1, .ofs_y = 0},
    {.bitmap_index = 40189, .adv_w = 290, .box_w = 16, .box_h = 17, .ofs_x = 1, .ofs_y = 0},
    {.bitmap_index = 40325, .adv_w = 256, .box_w = 14, .box_h = 17, .ofs_x = 1, .ofs_y = 0},
    {.bitmap_index = 40444, .adv_w = 294, .box_w = 17, .box_h = 17, .ofs_x = 1, .ofs_y = 0},
    {.bitmap_index = 40589, .adv_w = 286, .box_w = 15, .box_h = 17, .ofs_x = 1, .ofs_y = 0},
    {.bitmap_index = 40717, .adv_w = 246, .box_w = 14, .box_h = 17, .ofs_x = 1, .ofs_y = 0},
    {.bitmap_index = 40836, .adv_w = 265, .box_w = 15, .box_h = 17, .ofs_x = 1, .ofs_y = 0},
    {.bitmap_index = 40964, .adv_w = 251, .box_w = 14, .box_h = 17, .ofs_x = 1, .ofs_y = 0},
    {.bitmap_index = 41083, .adv_w = 267, .box_w = 17, .box_h = 17, .ofs_x = 0, .ofs_y = 0},
    {.bitmap_index = 41228, .adv_w = 340, .box_w = 19, .box_h = 19, .ofs_x = 1, .ofs_y = -1},
    {.bitmap_index = 41409, .adv_w = 269, .box_w = 17, .box_h = 17, .ofs_x = 0, .ofs_y = 0},
    {.bitmap_index = 41554, .adv_w = 340, .box_w = 19, .box_h = 17, .ofs_x = 1, .ofs_y = 0},
    {.bitmap_index = 41716, .adv_w = 297, .box_w = 17, .box_h = 17, .ofs_x = 1, .ofs_y = 0},
    {.bitmap_index = 41861, .adv_w = 105, .box_w = 9, .box_h = 22, .ofs_x = -1, .ofs_y = 0},
    {.bitmap_index = 41960, .adv_w = 267, .box_w = 17, .box_h = 22, .ofs_x = 0, .ofs_y = 0},
    {.bitmap_index = 42147, .adv_w = 259, .box_w = 15, .box_h = 18, .ofs_x = 1, .ofs_y = 0},
    {.bitmap_index = 42282, .adv_w = 209, .box_w = 11, .box_h = 18, .ofs_x = 1, .ofs_y = 0},
    {.bitmap_index = 42381, .adv_w = 231, .box_w = 12, .box_h = 23, .ofs_x = 1, .ofs_y = -5},
    {.bitmap_index = 42519, .adv_w = 110, .box_w = 6, .box_h = 18, .ofs_x = 1, .ofs_y = 0},
    {.bitmap_index = 42573, .adv_w = 231, .box_w = 12, .box_h = 21, .ofs_x = 1, .ofs_y = 0},
    {.bitmap_index = 42699, .adv_w = 259, .box_w = 15, .box_h = 13, .ofs_x = 1, .ofs_y = 0},
    {.bitmap_index = 42797, .adv_w = 230, .box_w = 13, .box_h = 22, .ofs_x = 1, .ofs_y = -5},
    {.bitmap_index = 42940, .adv_w = 221, .box_w = 14, .box_h = 18, .ofs_x = 0, .ofs_y = -5},
    {.bitmap_index = 43066, .adv_w = 227, .box_w = 13, .box_h = 17, .ofs_x = 1, .ofs_y = 0},
    {.bitmap_index = 43177, .adv_w = 209, .box_w = 11, .box_h = 13, .ofs_x = 1, .ofs_y = 0},
    {.bitmap_index = 43249, .adv_w = 199, .box_w = 11, .box_h = 21, .ofs_x = 1, .ofs_y = -4},
    {.bitmap_index = 43365, .adv_w = 231, .box_w = 12, .box_h = 18, .ofs_x = 1, .ofs_y = -5},
    {.bitmap_index = 43473, .adv_w = 239, .box_w = 13, .box_h = 17, .ofs_x = 1, .ofs_y = 0},
    {.bitmap_index = 43584, .adv_w = 110, .box_w = 6, .box_h = 13, .ofs_x = 1, .ofs_y = 0},
    {.bitmap_index = 43623, .adv_w = 210, .box_w = 12, .box_h = 13, .ofs_x = 1, .ofs_y = 0},
    {.bitmap_index = 43701, .adv_w = 252, .box_w = 16, .box_h = 17, .ofs_x = 0, .ofs_y = 0},
    {.bitmap_index = 43837, .adv_w = 230, .box_w = 14, .box_h = 18, .ofs_x = 1, .ofs_y = -5},
    {.bitmap_index = 43963, .adv_w = 229, .box_w = 14, .box_h = 13, .ofs_x = 0, .ofs_y = 0},
    {.bitmap_index = 44054, .adv_w = 215, .box_w = 11, .box_h = 21, .ofs_x = 1, .ofs_y = -4},
    {.bitmap_index = 44170, .adv_w = 232, .box_w = 13, .box_h = 13, .ofs_x = 1, .ofs_y = 0},
    {.bitmap_index = 44255, .adv_w = 237, .box_w = 15, .box_h = 13, .ofs_x = 0, .ofs_y = 0},
    {.bitmap_index = 44353, .adv_w = 237, .box_w = 13, .box_h = 18, .ofs_x = 1, .ofs_y = -5},
    {.bitmap_index = 44470, .adv_w = 221, .box_w = 12, .box_h = 17, .ofs_x = 1, .ofs_y = -4},
    {.bitmap_index = 44572, .adv_w = 243, .box_w = 14, .box_h = 13, .ofs_x = 1, .ofs_y = 0},
    {.bitmap_index = 44663, .adv_w = 185, .box_w = 12, .box_h = 13, .ofs_x = 0, .ofs_y = 0},
    {.bitmap_index = 44741, .adv_w = 231, .box_w = 12, .box_h = 13, .ofs_x = 1, .ofs_y = 0},
    {.bitmap_index = 44819, .adv_w = 287, .box_w = 16, .box_h = 18, .ofs_x = 1, .ofs_y = -5},
    {.bitmap_index = 44963, .adv_w = 223, .box_w = 14, .box_h = 18, .ofs_x = 0, .ofs_y = -5},
    {.bitmap_index = 45089, .adv_w = 305, .box_w = 17, .box_h = 21, .ofs_x = 1, .ofs_y = -5},
    {.bitmap_index = 45268, .adv_w = 313, .box_w = 18, .box_h = 13, .ofs_x = 1, .ofs_y = 0},
    {.bitmap_index = 45385, .adv_w = 110, .box_w = 9, .box_h = 17, .ofs_x = -1, .ofs_y = 0},
    {.bitmap_index = 45462, .adv_w = 231, .box_w = 12, .box_h = 17, .ofs_x = 1, .ofs_y = 0},
    {.bitmap_index = 45564, .adv_w = 232, .box_w = 13, .box_h = 18, .ofs_x = 1, .ofs_y = 0},
    {.bitmap_index = 45681, .adv_w = 231, .box_w = 12, .box_h = 18, .ofs_x = 1, .ofs_y = 0},
    {.bitmap_index = 45789, .adv_w = 313, .box_w = 18, .box_h = 18, .ofs_x = 1, .ofs_y = 0},
    {.bitmap_index = 45951, .adv_w = 264, .box_w = 15, .box_h = 22, .ofs_x = 1, .ofs_y = -5},
    {.bitmap_index = 46116, .adv_w = 248, .box_w = 13, .box_h = 17, .ofs_x = 1, .ofs_y = 0},
    {.bitmap_index = 46227, .adv_w = 248, .box_w = 13, .box_h = 17, .ofs_x = 1, .ofs_y = 0},
    {.bitmap_index = 46338, .adv_w = 263, .box_w = 15, .box_h = 17, .ofs_x = 1, .ofs_y = 0},
    {.bitmap_index = 46466, .adv_w = 334, .box_w = 19, .box_h = 17, .ofs_x = 1, .ofs_y = 0},
    {.bitmap_index = 46628, .adv_w = 263, .box_w = 15, .box_h = 22, .ofs_x = 1, .ofs_y = 0},
    {.bitmap_index = 46793, .adv_w = 271, .box_w = 15, .box_h = 22, .ofs_x = 1, .ofs_y = -5},
    {.bitmap_index = 46958, .adv_w = 329, .box_w = 19, .box_h = 13, .ofs_x = 1, .ofs_y = 0},
    {.bitmap_index = 47082, .adv_w = 210, .box_w = 12, .box_h = 18, .ofs_x = 1, .ofs_y = -5},
    {.bitmap_index = 47190, .adv_w = 228, .box_w = 12, .box_h = 17, .ofs_x = 1, .ofs_y = 0},
    {.bitmap_index = 47292, .adv_w = 205, .box_w = 11, .box_h = 18, .ofs_x = 1, .ofs_y = -5},
    {.bitmap_index = 47391, .adv_w = 283, .box_w = 16, .box_h = 13, .ofs_x = 1, .ofs_y = 0},
    {.bitmap_index = 47495, .adv_w = 248, .box_w = 13, .box_h = 19, .ofs_x = 1, .ofs_y = -6},
    {.bitmap_index = 47619, .adv_w = 222, .box_w = 12, .box_h = 13, .ofs_x = 1, .ofs_y = 0},
    {.bitmap_index = 47697, .adv_w = 97, .box_w = 6, .box_h = 22, .ofs_x = -1, .ofs_y = -5},
    {.bitmap_index = 47763, .adv_w = 294, .box_w = 17, .box_h = 17, .ofs_x = 1, .ofs_y = 0},
    {.bitmap_index = 47908, .adv_w = 176, .box_w = 11, .box_h = 13, .ofs_x = 0, .ofs_y = 0},
    {.bitmap_index = 47980, .adv_w = 176, .box_w = 11, .box_h = 13, .ofs_x = 0, .ofs_y = 0},
    {.bitmap_index = 48052, .adv_w = 282, .box_w = 16, .box_h = 17, .ofs_x = 1, .ofs_y = 0},
    {.bitmap_index = 48188, .adv_w = 350, .box_w = 19, .box_h = 17, .ofs_x = 1, .ofs_y = 0},
    {.bitmap_index = 48350, .adv_w = 237, .box_w = 15, .box_h = 18, .ofs_x = -1, .ofs_y = -5},
    {.bitmap_index = 48485, .adv_w = 282, .box_w = 16, .box_h = 17, .ofs_x = 1, .ofs_y = 0},
    {.bitmap_index = 48621, .adv_w = 282, .box_w = 16, .box_h = 17, .ofs_x = 1, .ofs_y = 0},
    {.bitmap_index = 48757, .adv_w = 282, .box_w = 16, .box_h = 17, .ofs_x = 1, .ofs_y = 0},
    {.bitmap_index = 48893, .adv_w = 150, .box_w = 9, .box_h = 3, .ofs_x = 0, .ofs_y = 6},
    {.bitmap_index = 48907, .adv_w = 150, .box_w = 9, .box_h = 3, .ofs_x = 0, .ofs_y = 6},
    {.bitmap_index = 48921, .adv_w = 249, .box_w = 14, .box_h = 3, .ofs_x = 1, .ofs_y = 7},
    {.bitmap_index = 48942, .adv_w = 192, .box_w = 12, .box_h = 3, .ofs_x = 0, .ofs_y = 6},
    {.bitmap_index = 48960, .adv_w = 384, .box_w = 24, .box_h = 3, .ofs_x = 0, .ofs_y = 6},
    {.bitmap_index = 48996, .adv_w = 384, .box_w = 24, .box_h = 3, .ofs_x = 0, .ofs_y = 6},
    {.bitmap_index = 49032, .adv_w = 195, .box_w = 8, .box_h = 28, .ofs_x = 2, .ofs_y = -6},
    {.bitmap_index = 49144, .adv_w = 177, .box_w = 11, .box_h = 5, .ofs_x = 0, .ofs_y = -5},
    {.bitmap_index = 49172, .adv_w = 107, .box_w = 5, .box_h = 7, .ofs_x = 1, .ofs_y = 10},
    {.bitmap_index = 49190, .adv_w = 107, .box_w = 5, .box_h = 7, .ofs_x = 1, .ofs_y = 10},
    {.bitmap_index = 49208, .adv_w = 99, .box_w = 5, .box_h = 7, .ofs_x = 1, .ofs_y = -4},
    {.bitmap_index = 49226, .adv_w = 107, .box_w = 5, .box_h = 7, .ofs_x = 0, .ofs_y = 10},
    {.bitmap_index = 49244, .adv_w = 182, .box_w = 10, .box_h = 7, .ofs_x = 1, .ofs_y = 10},
    {.bitmap_index = 49279, .adv_w = 181, .box_w = 10, .box_h = 7, .ofs_x = 1, .ofs_y = 10},
    {.bitmap_index = 49314, .adv_w = 173, .box_w = 9, .box_h = 7, .ofs_x = 1, .ofs_y = -4},
    {.bitmap_index = 49346, .adv_w = 181, .box_w = 10, .box_h = 7, .ofs_x = 0, .ofs_y = 10},
    {.bitmap_index = 49381, .adv_w = 200, .box_w = 10, .box_h = 13, .ofs_x = 1, .ofs_y = 4},
    {.bitmap_index = 49446, .adv_w = 200, .box_w = 10, .box_h = 17, .ofs_x = 1, .ofs_y = 0},
    {.bitmap_index = 49531, .adv_w = 205, .box_w = 9, .box_h = 8, .ofs_x = 2, .ofs_y = 3},
    {.bitmap_index = 49567, .adv_w = 205, .box_w = 8, .box_h = 8, .ofs_x = 3, .ofs_y = 3},
    {.bitmap_index = 49599, .adv_w = 116, .box_w = 5, .box_h = 4, .ofs_x = 1, .ofs_y = 0},
    {.bitmap_index = 49609, .adv_w = 233, .box_w = 12, .box_h = 4, .ofs_x = 1, .ofs_y = 0},
    {.bitmap_index = 49633, .adv_w = 350, .box_w = 19, .box_h = 4, .ofs_x = 1, .ofs_y = 0},
    {.bitmap_index = 49671, .adv_w = 116, .box_w = 5, .box_h = 4, .ofs_x = 1, .ofs_y = 6},
    {.bitmap_index = 49681, .adv_w = 67, .box_w = 0, .box_h = 0, .ofs_x = 0, .ofs_y = 0},
    {.bitmap_index = 49681, .adv_w = 520, .box_w = 28, .box_h = 17, .ofs_x = 2, .ofs_y = 0},
    {.bitmap_index = 49919, .adv_w = 658, .box_w = 37, .box_h = 17, .ofs_x = 2, .ofs_y = 0},
    {.bitmap_index = 50234, .adv_w = 92, .box_w = 4, .box_h = 7, .ofs_x = 1, .ofs_y = 10},
    {.bitmap_index = 50248, .adv_w = 183, .box_w = 10, .box_h = 7, .ofs_x = 1, .ofs_y = 10},
    {.bitmap_index = 50283, .adv_w = 275, .box_w = 15, .box_h = 7, .ofs_x = 1, .ofs_y = 10},
    {.bitmap_index = 50336, .adv_w = 92, .box_w = 4, .box_h = 7, .ofs_x = 1, .ofs_y = 10},
    {.bitmap_index = 50350, .adv_w = 183, .box_w = 10, .box_h = 7, .ofs_x = 1, .ofs_y = 10},
    {.bitmap_index = 50385, .adv_w = 275, .box_w = 15, .box_h = 7, .ofs_x = 1, .ofs_y = 10},
    {.bitmap_index = 50438, .adv_w = 187, .box_w = 10, .box_h = 5, .ofs_x = 1, .ofs_y = -6},
    {.bitmap_index = 50463, .adv_w = 154, .box_w = 8, .box_h = 11, .ofs_x = 1, .ofs_y = 2},
    {.bitmap_index = 50507, .adv_w = 154, .box_w = 9, .box_h = 11, .ofs_x = 0, .ofs_y = 2},
    {.bitmap_index = 50557, .adv_w = 267, .box_w = 15, .box_h = 13, .ofs_x = 1, .ofs_y = 1},
    {.bitmap_index = 50655, .adv_w = 234, .box_w = 12, .box_h = 17, .ofs_x = 1, .ofs_y = 0},
    {.bitmap_index = 50757, .adv_w = 201, .box_w = 12, .box_h = 17, .ofs_x = 0, .ofs_y = 0},
    {.bitmap_index = 50859, .adv_w = 202, .box_w = 12, .box_h = 3, .ofs_x = 0, .ofs_y = 18},
    {.bitmap_index = 50877, .adv_w = 318, .box_w = 20, .box_h = 5, .ofs_x = 0, .ofs_y = -6},
    {.bitmap_index = 50927, .adv_w = 318, .box_w = 20, .box_h = 5, .ofs_x = 0, .ofs_y = 13},
    {.bitmap_index = 50977, .adv_w = 177, .box_w = 10, .box_h = 13, .ofs_x = 1, .ofs_y = -6},
    {.bitmap_index = 51042, .adv_w = 283, .box_w = 16, .box_h = 14, .ofs_x = 1, .ofs_y = 2},
    {.bitmap_index = 51154, .adv_w = 205, .box_w = 7, .box_h = 3, .ofs_x = 3, .ofs_y = 6},
    {.bitmap_index = 51165, .adv_w = 76, .box_w = 15, .box_h = 17, .ofs_x = -5, .ofs_y = 0},
    {.bitmap_index = 51293, .adv_w = 142, .box_w = 6, .box_h = 22, .ofs_x = 2, .ofs_y = -3},
    {.bitmap_index = 51359, .adv_w = 142, .box_w = 6, .box_h = 22, .ofs_x = 1, .ofs_y = -3},
    {.bitmap_index = 51425, .adv_w = 405, .box_w = 25, .box_h = 17, .ofs_x = 0, .ofs_y = 0},
    {.bitmap_index = 51638, .adv_w = 319, .box_w = 19, .box_h = 17, .ofs_x = 0, .ofs_y = 0},
    {.bitmap_index = 51800, .adv_w = 319, .box_w = 18, .box_h = 17, .ofs_x = 1, .ofs_y = 0},
    {.bitmap_index = 51953, .adv_w = 174, .box_w = 9, .box_h = 18, .ofs_x = 1, .ofs_y = -5},
    {.bitmap_index = 52034, .adv_w = 231, .box_w = 13, .box_h = 17, .ofs_x = 1, .ofs_y = 0},
    {.bitmap_index = 52145, .adv_w = 230, .box_w = 12, .box_h = 10, .ofs_x = 1, .ofs_y = 2},
    {.bitmap_index = 52205, .adv_w = 230, .box_w = 12, .box_h = 10, .ofs_x = 1, .ofs_y = 2},
    {.bitmap_index = 52265, .adv_w = 200, .box_w = 10, .box_h = 10, .ofs_x = 1, .ofs_y = -1},
    {.bitmap_index = 52315, .adv_w = 121, .box_w = 6, .box_h = 17, .ofs_x = 1, .ofs_y = -4},
    {.bitmap_index = 52366, .adv_w = 317, .box_w = 19, .box_h = 24, .ofs_x = 0, .ofs_y = -6},
    {.bitmap_index = 52594, .adv_w = 212, .box_w = 11, .box_h = 22, .ofs_x = 2, .ofs_y = -5},
    {.bitmap_index = 52715, .adv_w = 294, .box_w = 17, .box_h = 17, .ofs_x = 1, .ofs_y = 0},
    {.bitmap_index = 52860, .adv_w = 283, .box_w = 16, .box_h = 5, .ofs_x = 1, .ofs_y = 6},
    {.bitmap_index = 52900, .adv_w = 318, .box_w = 20, .box_h = 5, .ofs_x = 0, .ofs_y = -6},
    {.bitmap_index = 52950, .adv_w = 232, .box_w = 12, .box_h = 11, .ofs_x = 1, .ofs_y = 1},
    {.bitmap_index = 53016, .adv_w = 366, .box_w = 21, .box_h = 7, .ofs_x = 1, .ofs_y = 10},
    {.bitmap_index = 53090, .adv_w = 181, .box_w = 10, .box_h = 9, .ofs_x = 1, .ofs_y = 11},
    {.bitmap_index = 53135, .adv_w = 79, .box_w = 3, .box_h = 10, .ofs_x = 1, .ofs_y = 11},
    {.bitmap_index = 53150, .adv_w = 180, .box_w = 10, .box_h = 9, .ofs_x = 1, .ofs_y = 11},
    {.bitmap_index = 53195, .adv_w = 173, .box_w = 9, .box_h = 9, .ofs_x = 1, .ofs_y = 11},
    {.bitmap_index = 53236, .adv_w = 174, .box_w = 9, .box_h = 9, .ofs_x = 1, .ofs_y = 11},
    {.bitmap_index = 53277, .adv_w = 158, .box_w = 9, .box_h = 9, .ofs_x = 0, .ofs_y = 11},
    {.bitmap_index = 53318, .adv_w = 177, .box_w = 9, .box_h = 9, .ofs_x = 1, .ofs_y = 11},
    {.bitmap_index = 53359, .adv_w = 174, .box_w = 9, .box_h = 9, .ofs_x = 1, .ofs_y = 11},
    {.bitmap_index = 53400, .adv_w = 170, .box_w = 8, .box_h = 7, .ofs_x = 1, .ofs_y = 11},
    {.bitmap_index = 53428, .adv_w = 170, .box_w = 8, .box_h = 2, .ofs_x = 1, .ofs_y = 14},
    {.bitmap_index = 53436, .adv_w = 170, .box_w = 8, .box_h = 5, .ofs_x = 1, .ofs_y = 13},
    {.bitmap_index = 53456, .adv_w = 106, .box_w = 5, .box_h = 13, .ofs_x = 1, .ofs_y = 9},
    {.bitmap_index = 53489, .adv_w = 106, .box_w = 5, .box_h = 13, .ofs_x = 0, .ofs_y = 9},
    {.bitmap_index = 53522, .adv_w = 170, .box_w = 9, .box_h = 7, .ofs_x = 1, .ofs_y = 11},
    {.bitmap_index = 53554, .adv_w = 181, .box_w = 10, .box_h = 10, .ofs_x = 1, .ofs_y = -4},
    {.bitmap_index = 53604, .adv_w = 121, .box_w = 6, .box_h = 10, .ofs_x = 1, .ofs_y = -4},
    {.bitmap_index = 53634, .adv_w = 172, .box_w = 9, .box_h = 10, .ofs_x = 1, .ofs_y = -4},
    {.bitmap_index = 53679, .adv_w = 175, .box_w = 9, .box_h = 10, .ofs_x = 1, .ofs_y = -4},
    {.bitmap_index = 53724, .adv_w = 180, .box_w = 10, .box_h = 10, .ofs_x = 1, .ofs_y = -4},
    {.bitmap_index = 53774, .adv_w = 173, .box_w = 9, .box_h = 10, .ofs_x = 1, .ofs_y = -4},
    {.bitmap_index = 53819, .adv_w = 174, .box_w = 9, .box_h = 10, .ofs_x = 1, .ofs_y = -4},
    {.bitmap_index = 53864, .adv_w = 158, .box_w = 9, .box_h = 10, .ofs_x = 0, .ofs_y = -4},
    {.bitmap_index = 53909, .adv_w = 177, .box_w = 9, .box_h = 10, .ofs_x = 1, .ofs_y = -4},
    {.bitmap_index = 53954, .adv_w = 174, .box_w = 9, .box_h = 10, .ofs_x = 1, .ofs_y = -4},
    {.bitmap_index = 53999, .adv_w = 170, .box_w = 8, .box_h = 8, .ofs_x = 1, .ofs_y = -4},
    {.bitmap_index = 54031, .adv_w = 170, .box_w = 8, .box_h = 2, .ofs_x = 1, .ofs_y = 0},
    {.bitmap_index = 54039, .adv_w = 170, .box_w = 8, .box_h = 5, .ofs_x = 1, .ofs_y = -1},
    {.bitmap_index = 54059, .adv_w = 106, .box_w = 5, .box_h = 13, .ofs_x = 1, .ofs_y = -6},
    {.bitmap_index = 54092, .adv_w = 106, .box_w = 5, .box_h = 13, .ofs_x = 0, .ofs_y = -6},
    {.bitmap_index = 54125, .adv_w = 157, .box_w = 9, .box_h = 8, .ofs_x = 0, .ofs_y = -4},
    {.bitmap_index = 54161, .adv_w = 162, .box_w = 10, .box_h = 8, .ofs_x = 0, .ofs_y = -4},
    {.bitmap_index = 54201, .adv_w = 166, .box_w = 10, .box_h = 8, .ofs_x = 0, .ofs_y = -4},
    {.bitmap_index = 54241, .adv_w = 158, .box_w = 10, .box_h = 8, .ofs_x = 0, .ofs_y = -4},
    {.bitmap_index = 54281, .adv_w = 177, .box_w = 9, .box_h = 10, .ofs_x = 1, .ofs_y = -5},
    {.bitmap_index = 54326, .adv_w = 170, .box_w = 9, .box_h = 10, .ofs_x = 1, .ofs_y = -4},
    {.bitmap_index = 54371, .adv_w = 156, .box_w = 9, .box_h = 10, .ofs_x = 1, .ofs_y = -4},
    {.bitmap_index = 54416, .adv_w = 79, .box_w = 3, .box_h = 10, .ofs_x = 1, .ofs_y = -4},
    {.bitmap_index = 54431, .adv_w = 243, .box_w = 13, .box_h = 8, .ofs_x = 1, .ofs_y = -4},
    {.bitmap_index = 54483, .adv_w = 170, .box_w = 9, .box_h = 8, .ofs_x = 1, .ofs_y = -4},
    {.bitmap_index = 54519, .adv_w = 170, .box_w = 9, .box_h = 11, .ofs_x = 1, .ofs_y = -7},
    {.bitmap_index = 54569, .adv_w = 153, .box_w = 8, .box_h = 8, .ofs_x = 1, .ofs_y = -4},
    {.bitmap_index = 54601, .adv_w = 98, .box_w = 6, .box_h = 10, .ofs_x = 0, .ofs_y = -4},
    {.bitmap_index = 54631, .adv_w = 284, .box_w = 16, .box_h = 18, .ofs_x = 1, .ofs_y = 0},
    {.bitmap_index = 54775, .adv_w = 282, .box_w = 16, .box_h = 22, .ofs_x = 1, .ofs_y = -2},
    {.bitmap_index = 54951, .adv_w = 280, .box_w = 16, .box_h = 17, .ofs_x = 1, .ofs_y = 0},
    {.bitmap_index = 55087, .adv_w = 233, .box_w = 15, .box_h = 17, .ofs_x = -1, .ofs_y = 0},
    {.bitmap_index = 55215, .adv_w = 238, .box_w = 13, .box_h = 17, .ofs_x = 1, .ofs_y = 0},
    {.bitmap_index = 55326, .adv_w = 330, .box_w = 19, .box_h = 17, .ofs_x = 1, .ofs_y = -2},
    {.bitmap_index = 55488, .adv_w = 294, .box_w = 18, .box_h = 17, .ofs_x = 0, .ofs_y = 0},
    {.bitmap_index = 55641, .adv_w = 377, .box_w = 23, .box_h = 17, .ofs_x = 1, .ofs_y = 0},
    {.bitmap_index = 55837, .adv_w = 437, .box_w = 26, .box_h = 17, .ofs_x = 1, .ofs_y = 0},
    {.bitmap_index = 56058, .adv_w = 377, .box_w = 23, .box_h = 17, .ofs_x = 0, .ofs_y = 0},
    {.bitmap_index = 56254, .adv_w = 327, .box_w = 18, .box_h = 13, .ofs_x = 1, .ofs_y = 0},
    {.bitmap_index = 56371, .adv_w = 237, .box_w = 14, .box_h = 22, .ofs_x = 1, .ofs_y = -5},
    {.bitmap_index = 56525, .adv_w = 258, .box_w = 15, .box_h = 17, .ofs_x = 0, .ofs_y = 0},
    {.bitmap_index = 56653, .adv_w = 284, .box_w = 18, .box_h = 17, .ofs_x = 0, .ofs_y = 0},
    {.bitmap_index = 56806, .adv_w = 251, .box_w = 14, .box_h = 17, .ofs_x = 1, .ofs_y = 0},
    {.bitmap_index = 56925, .adv_w = 543, .box_w = 32, .box_h = 24, .ofs_x = 1, .ofs_y = -5},
    {.bitmap_index = 57309, .adv_w = 262, .box_w = 16, .box_h = 17, .ofs_x = 0, .ofs_y = 0},
    {.bitmap_index = 57445, .adv_w = 287, .box_w = 16, .box_h = 22, .ofs_x = 1, .ofs_y = -2},
    {.bitmap_index = 57621, .adv_w = 272, .box_w = 17, .box_h = 17, .ofs_x = 0, .ofs_y = 0},
    {.bitmap_index = 57766, .adv_w = 257, .box_w = 14, .box_h = 17, .ofs_x = 1, .ofs_y = 0},
    {.bitmap_index = 57885, .adv_w = 282, .box_w = 16, .box_h = 22, .ofs_x = 1, .ofs_y = -3},
    {.bitmap_index = 58061, .adv_w = 251, .box_w = 14, .box_h = 17, .ofs_x = 1, .ofs_y = 0},
    {.bitmap_index = 58180, .adv_w = 212, .box_w = 13, .box_h = 18, .ofs_x = 0, .ofs_y = 0},
    {.bitmap_index = 58297, .adv_w = 235, .box_w = 13, .box_h = 17, .ofs_x = 1, .ofs_y = 0},
    {.bitmap_index = 58408, .adv_w = 284, .box_w = 16, .box_h = 13, .ofs_x = 1, .ofs_y = 0},
    {.bitmap_index = 58512, .adv_w = 275, .box_w = 16, .box_h = 17, .ofs_x = 0, .ofs_y = 0},
    {.bitmap_index = 58648, .adv_w = 283, .box_w = 15, .box_h = 17, .ofs_x = 1, .ofs_y = 0},
    {.bitmap_index = 58776, .adv_w = 252, .box_w = 14, .box_h = 22, .ofs_x = 1, .ofs_y = -2},
    {.bitmap_index = 58930, .adv_w = 191, .box_w = 10, .box_h = 14, .ofs_x = 1, .ofs_y = 0},
    {.bitmap_index = 59000, .adv_w = 378, .box_w = 23, .box_h = 19, .ofs_x = 0, .ofs_y = -1},
    {.bitmap_index = 59219, .adv_w = 371, .box_w = 23, .box_h = 19, .ofs_x = 0, .ofs_y = -1},
    {.bitmap_index = 59438, .adv_w = 452, .box_w = 26, .box_h = 19, .ofs_x = 1, .ofs_y = -1},
    {.bitmap_index = 59685, .adv_w = 379, .box_w = 23, .box_h = 19, .ofs_x = 0, .ofs_y = -1},
    {.bitmap_index = 59904, .adv_w = 394, .box_w = 24, .box_h = 19, .ofs_x = 0, .ofs_y = -1},
    {.bitmap_index = 60132, .adv_w = 402, .box_w = 23, .box_h = 19, .ofs_x = 1, .ofs_y = -1},
    {.bitmap_index = 60351, .adv_w = 179, .box_w = 11, .box_h = 18, .ofs_x = 0, .ofs_y = 0},
    {.bitmap_index = 60450, .adv_w = 421, .box_w = 24, .box_h = 18, .ofs_x = 1, .ofs_y = 0},
    {.bitmap_index = 60666, .adv_w = 351, .box_w = 19, .box_h = 19, .ofs_x = 1, .ofs_y = -1},
    {.bitmap_index = 60847, .adv_w = 274, .box_w = 16, .box_h = 18, .ofs_x = 1, .ofs_y = 0},
    {.bitmap_index = 60991, .adv_w = 248, .box_w = 14, .box_h = 27, .ofs_x = 1, .ofs_y = -5},
    {.bitmap_index = 61180, .adv_w = 235, .box_w = 14, .box_h = 7, .ofs_x = 0, .ofs_y = 11},
    {.bitmap_index = 61229, .adv_w = 274, .box_w = 17, .box_h = 7, .ofs_x = 0, .ofs_y = 11},
    {.bitmap_index = 61289, .adv_w = 238, .box_w = 14, .box_h = 7, .ofs_x = 0, .ofs_y = 11},
    {.bitmap_index = 61338, .adv_w = 297, .box_w = 17, .box_h = 17, .ofs_x = 1, .ofs_y = 0},
    {.bitmap_index = 61483, .adv_w = 264, .box_w = 15, .box_h = 18, .ofs_x = 1, .ofs_y = 0},
    {.bitmap_index = 61618, .adv_w = 272, .box_w = 17, .box_h = 24, .ofs_x = 0, .ofs_y = 0},
    {.bitmap_index = 61822, .adv_w = 248, .box_w = 13, .box_h = 14, .ofs_x = 1, .ofs_y = -1},
    {.bitmap_index = 61913, .adv_w = 226, .box_w = 12, .box_h = 18, .ofs_x = 1, .ofs_y = 0},
    {.bitmap_index = 62021, .adv_w = 289, .box_w = 17, .box_h = 7, .ofs_x = 1, .ofs_y = 11},
    {.bitmap_index = 62081, .adv_w = 349, .box_w = 21, .box_h = 19, .ofs_x = 0, .ofs_y = -1},
    {.bitmap_index = 62281, .adv_w = 342, .box_w = 21, .box_h = 17, .ofs_x = 0, .ofs_y = 0},
    {.bitmap_index = 62460, .adv_w = 335, .box_w = 21, .box_h = 17, .ofs_x = 0, .ofs_y = 0},
    {.bitmap_index = 62639, .adv_w = 440, .box_w = 27, .box_h = 17, .ofs_x = 0, .ofs_y = 0},
    {.bitmap_index = 62869, .adv_w = 336, .box_w = 21, .box_h = 17, .ofs_x = 0, .ofs_y = 0},
    {.bitmap_index = 63048, .adv_w = 373, .box_w = 22, .box_h = 17, .ofs_x = 1, .ofs_y = 0},
    {.bitmap_index = 63235, .adv_w = 336, .box_w = 21, .box_h = 17, .ofs_x = 0, .ofs_y = 0},
    {.bitmap_index = 63414, .adv_w = 374, .box_w = 22, .box_h = 17, .ofs_x = 1, .ofs_y = 0},
    {.bitmap_index = 63601, .adv_w = 366, .box_w = 22, .box_h = 17, .ofs_x = 1, .ofs_y = 0},
    {.bitmap_index = 63788, .adv_w = 376, .box_w = 22, .box_h = 17, .ofs_x = 1, .ofs_y = 0},
    {.bitmap_index = 63975, .adv_w = 335, .box_w = 21, .box_h = 17, .ofs_x = 0, .ofs_y = 0},
    {.bitmap_index = 64154, .adv_w = 369, .box_w = 22, .box_h = 17, .ofs_x = 1, .ofs_y = 0},
    {.bitmap_index = 64341, .adv_w = 335, .box_w = 21, .box_h = 17, .ofs_x = 0, .ofs_y = 0},
    {.bitmap_index = 64520, .adv_w = 365, .box_w = 21, .box_h = 17, .ofs_x = 1, .ofs_y = 0},
    {.bitmap_index = 64699, .adv_w = 368, .box_w = 22, .box_h = 17, .ofs_x = 1, .ofs_y = 0},
    {.bitmap_index = 64886, .adv_w = 321, .box_w = 20, .box_h = 17, .ofs_x = 0, .ofs_y = 0},
    {.bitmap_index = 65056, .adv_w = 188, .box_w = 17, .box_h = 17, .ofs_x = 0, .ofs_y = 0},
    {.bitmap_index = 65201, .adv_w = 105, .box_w = 4, .box_h = 17, .ofs_x = 1, .ofs_y = 0},
    {.bitmap_index = 65235, .adv_w = 209, .box_w = 11, .box_h = 17, .ofs_x = 1, .ofs_y = 0},
    {.bitmap_index = 65329, .adv_w = 314, .box_w = 17, .box_h = 17, .ofs_x = 1, .ofs_y = 0},
    {.bitmap_index = 65474, .adv_w = 377, .box_w = 22, .box_h = 17, .ofs_x = 1, .ofs_y = 0},
    {.bitmap_index = 65661, .adv_w = 272, .box_w = 17, .box_h = 17, .ofs_x = 0, .ofs_y = 0},
    {.bitmap_index = 65806, .adv_w = 377, .box_w = 22, .box_h = 17, .ofs_x = 0, .ofs_y = 0},
    {.bitmap_index = 65993, .adv_w = 482, .box_w = 29, .box_h = 17, .ofs_x = 0, .ofs_y = 0},
    {.bitmap_index = 66240, .adv_w = 586, .box_w = 35, .box_h = 17, .ofs_x = 0, .ofs_y = 0},
    {.bitmap_index = 66538, .adv_w = 374, .box_w = 22, .box_h = 17, .ofs_x = 1, .ofs_y = 0},
    {.bitmap_index = 66725, .adv_w = 269, .box_w = 17, .box_h = 17, .ofs_x = 0, .ofs_y = 0},
    {.bitmap_index = 66870, .adv_w = 374, .box_w = 22, .box_h = 17, .ofs_x = 0, .ofs_y = 0},
    {.bitmap_index = 67057, .adv_w = 479, .box_w = 28, .box_h = 17, .ofs_x = 0, .ofs_y = 0},
    {.bitmap_index = 67295, .adv_w = 217, .box_w = 12, .box_h = 17, .ofs_x = 1, .ofs_y = 0},
    {.bitmap_index = 67397, .adv_w = 282, .box_w = 16, .box_h = 17, .ofs_x = 1, .ofs_y = 0},
    {.bitmap_index = 67533, .adv_w = 277, .box_w = 16, .box_h = 17, .ofs_x = 1, .ofs_y = 0},
    {.bitmap_index = 67669, .adv_w = 350, .box_w = 19, .box_h = 17, .ofs_x = 1, .ofs_y = 0},
    {.bitmap_index = 67831, .adv_w = 104, .box_w = 4, .box_h = 18, .ofs_x = 1, .ofs_y = 0},
    {.bitmap_index = 67867, .adv_w = 194, .box_w = 10, .box_h = 18, .ofs_x = 1, .ofs_y = 0},
    {.bitmap_index = 67957, .adv_w = 290, .box_w = 16, .box_h = 18, .ofs_x = 1, .ofs_y = 0},
    {.bitmap_index = 68101, .adv_w = 317, .box_w = 19, .box_h = 18, .ofs_x = 1, .ofs_y = 0},
    {.bitmap_index = 68272, .adv_w = 211, .box_w = 14, .box_h = 13, .ofs_x = 0, .ofs_y = 0},
    {.bitmap_index = 68363, .adv_w = 291, .box_w = 17, .box_h = 18, .ofs_x = 0, .ofs_y = 0},
    {.bitmap_index = 68516, .adv_w = 414, .box_w = 25, .box_h = 18, .ofs_x = 0, .ofs_y = 0},
    {.bitmap_index = 68741, .adv_w = 511, .box_w = 31, .box_h = 18, .ofs_x = 0, .ofs_y = 0},
    {.bitmap_index = 69020, .adv_w = 311, .box_w = 18, .box_h = 18, .ofs_x = 1, .ofs_y = 0},
    {.bitmap_index = 69182, .adv_w = 212, .box_w = 13, .box_h = 13, .ofs_x = 0, .ofs_y = 0},
    {.bitmap_index = 69267, .adv_w = 311, .box_w = 19, .box_h = 18, .ofs_x = 0, .ofs_y = 0},
    {.bitmap_index = 69438, .adv_w = 407, .box_w = 25, .box_h = 18, .ofs_x = 0, .ofs_y = 0},
    {.bitmap_index = 69663, .adv_w = 97, .box_w = 4, .box_h = 17, .ofs_x = 1, .ofs_y = 0},
    {.bitmap_index = 69697, .adv_w = 222, .box_w = 12, .box_h = 13, .ofs_x = 1, .ofs_y = 0},
    {.bitmap_index = 69775, .adv_w = 237, .box_w = 13, .box_h = 17, .ofs_x = 1, .ofs_y = 0},
    {.bitmap_index = 69886, .adv_w = 341, .box_w = 19, .box_h = 13, .ofs_x = 1, .ofs_y = 0},
    {.bitmap_index = 70010, .adv_w = 257, .box_w = 14, .box_h = 17, .ofs_x = 1, .ofs_y = 0},
    {.bitmap_index = 70129, .adv_w = 212, .box_w = 12, .box_h = 13, .ofs_x = 1, .ofs_y = 0},
    {.bitmap_index = 70207, .adv_w = 283, .box_w = 14, .box_h = 21, .ofs_x = 2, .ofs_y = -4},
    {.bitmap_index = 70354, .adv_w = 328, .box_w = 19, .box_h = 17, .ofs_x = 1, .ofs_y = 0},
    {.bitmap_index = 70516, .adv_w = 374, .box_w = 23, .box_h = 17, .ofs_x = 0, .ofs_y = 0},
    {.bitmap_index = 70712, .adv_w = 366, .box_w = 18, .box_h = 17, .ofs_x = 2, .ofs_y = -1},
    {.bitmap_index = 70865, .adv_w = 329, .box_w = 17, .box_h = 18, .ofs_x = 2, .ofs_y = 0},
    {.bitmap_index = 71018, .adv_w = 366, .box_w = 18, .box_h = 17, .ofs_x = 3, .ofs_y = -1},
    {.bitmap_index = 71171, .adv_w = 329, .box_w = 17, .box_h = 19, .ofs_x = 2, .ofs_y = -1},
    {.bitmap_index = 71333, .adv_w = 515, .box_w = 28, .box_h = 16, .ofs_x = 2, .ofs_y = 0},
    {.bitmap_index = 71557, .adv_w = 323, .box_w = 16, .box_h = 29, .ofs_x = 2, .ofs_y = -7},
    {.bitmap_index = 71789, .adv_w = 299, .box_w = 15, .box_h = 15, .ofs_x = 2, .ofs_y = -1},
    {.bitmap_index = 71902, .adv_w = 299, .box_w = 14, .box_h = 15, .ofs_x = 2, .ofs_y = -1},
    {.bitmap_index = 72007, .adv_w = 299, .box_w = 14, .box_h = 14, .ofs_x = 2, .ofs_y = 0},
    {.bitmap_index = 72105, .adv_w = 299, .box_w = 15, .box_h = 14, .ofs_x = 2, .ofs_y = 0},
    {.bitmap_index = 72210, .adv_w = 441, .box_w = 24, .box_h = 19, .ofs_x = 2, .ofs_y = -1},
    {.bitmap_index = 72438, .adv_w = 441, .box_w = 24, .box_h = 19, .ofs_x = 2, .ofs_y = -1},
    {.bitmap_index = 72666, .adv_w = 382, .box_w = 20, .box_h = 19, .ofs_x = 2, .ofs_y = 0},
    {.bitmap_index = 72856, .adv_w = 382, .box_w = 20, .box_h = 19, .ofs_x = 2, .ofs_y = 0},
    {.bitmap_index = 73046, .adv_w = 382, .box_w = 20, .box_h = 16, .ofs_x = 2, .ofs_y = 2},
    {.bitmap_index = 73206, .adv_w = 328, .box_w = 17, .box_h = 19, .ofs_x = 2, .ofs_y = -1},
    {.bitmap_index = 73368, .adv_w = 382, .box_w = 20, .box_h = 16, .ofs_x = 2, .ofs_y = 2},
    {.bitmap_index = 73528, .adv_w = 366, .box_w = 19, .box_h = 22, .ofs_x = 2, .ofs_y = 0},
    {.bitmap_index = 73737, .adv_w = 366, .box_w = 19, .box_h = 22, .ofs_x = 2, .ofs_y = 0},
    {.bitmap_index = 73946, .adv_w = 366, .box_w = 18, .box_h = 17, .ofs_x = 2, .ofs_y = -1},
    {.bitmap_index = 74099, .adv_w = 366, .box_w = 18, .box_h = 17, .ofs_x = 3, .ofs_y = -1},
    {.bitmap_index = 74252, .adv_w = 515, .box_w = 28, .box_h = 17, .ofs_x = 2, .ofs_y = -1},
    {.bitmap_index = 74490, .adv_w = 237, .box_w = 12, .box_h = 19, .ofs_x = 1, .ofs_y = 0},
    {.bitmap_index = 74604, .adv_w = 237, .box_w = 12, .box_h = 19, .ofs_x = 1, .ofs_y = -1},
    {.bitmap_index = 74718, .adv_w = 394, .box_w = 21, .box_h = 12, .ofs_x = 2, .ofs_y = 3},
    {.bitmap_index = 74844, .adv_w = 394, .box_w = 21, .box_h = 12, .ofs_x = 2, .ofs_y = 3},
    {.bitmap_index = 74970, .adv_w = 405, .box_w = 23, .box_h = 19, .ofs_x = 1, .ofs_y = 0},
    {.bitmap_index = 75189, .adv_w = 405, .box_w = 23, .box_h = 23, .ofs_x = 1, .ofs_y = -4},
    {.bitmap_index = 75454, .adv_w = 248, .box_w = 13, .box_h = 19, .ofs_x = 1, .ofs_y = -1},
    {.bitmap_index = 75578, .adv_w = 263, .box_w = 15, .box_h = 15, .ofs_x = 1, .ofs_y = -1},
    {.bitmap_index = 75691, .adv_w = 269, .box_w = 17, .box_h = 17, .ofs_x = 0, .ofs_y = 0},
    {.bitmap_index = 75836, .adv_w = 283, .box_w = 14, .box_h = 21, .ofs_x = 2, .ofs_y = -3},
    {.bitmap_index = 75983, .adv_w = 257, .box_w = 14, .box_h = 22, .ofs_x = 1, .ofs_y = -4},
    {.bitmap_index = 76137, .adv_w = 256, .box_w = 12, .box_h = 4, .ofs_x = 2, .ofs_y = 5},
    {.bitmap_index = 76161, .adv_w = 247, .box_w = 14, .box_h = 18, .ofs_x = 1, .ofs_y = 0},
    {.bitmap_index = 76287, .adv_w = 365, .box_w = 21, .box_h = 11, .ofs_x = 1, .ofs_y = 2},
    {.bitmap_index = 76403, .adv_w = 144, .box_w = 10, .box_h = 25, .ofs_x = -1, .ofs_y = -6},
    {.bitmap_index = 76528, .adv_w = 116, .box_w = 5, .box_h = 14, .ofs_x = 1, .ofs_y = 2},
    {.bitmap_index = 76563, .adv_w = 256, .box_w = 14, .box_h = 11, .ofs_x = 1, .ofs_y = 1},
    {.bitmap_index = 76640, .adv_w = 256, .box_w = 12, .box_h = 14, .ofs_x = 2, .ofs_y = 0},
    {.bitmap_index = 76724, .adv_w = 256, .box_w = 12, .box_h = 14, .ofs_x = 2, .ofs_y = 0},
    {.bitmap_index = 76808, .adv_w = 256, .box_w = 12, .box_h = 14, .ofs_x = 2, .ofs_y = 0},
    {.bitmap_index = 76892, .adv_w = 534, .box_w = 34, .box_h = 34, .ofs_x = 0, .ofs_y = -8},
    {.bitmap_index = 77470, .adv_w = 534, .box_w = 34, .box_h = 34, .ofs_x = 0, .ofs_y = -8},
    {.bitmap_index = 78048, .adv_w = 534, .box_w = 34, .box_h = 34, .ofs_x = 0, .ofs_y = -8},
    {.bitmap_index = 78626, .adv_w = 534, .box_w = 34, .box_h = 34, .ofs_x = 0, .ofs_y = -8},
    {.bitmap_index = 79204, .adv_w = 303, .box_w = 15, .box_h = 9, .ofs_x = 2, .ofs_y = 9},
    {.bitmap_index = 79272, .adv_w = 303, .box_w = 15, .box_h = 10, .ofs_x = 2, .ofs_y = -1},
    {.bitmap_index = 79347, .adv_w = 303, .box_w = 15, .box_h = 14, .ofs_x = 2, .ofs_y = 4},
    {.bitmap_index = 79452, .adv_w = 380, .box_w = 19, .box_h = 19, .ofs_x = 2, .ofs_y = -1},
    {.bitmap_index = 79633, .adv_w = 393, .box_w = 21, .box_h = 18, .ofs_x = 2, .ofs_y = 0},
    {.bitmap_index = 79822, .adv_w = 467, .box_w = 26, .box_h = 18, .ofs_x = 2, .ofs_y = 0},
    {.bitmap_index = 80056, .adv_w = 391, .box_w = 22, .box_h = 18, .ofs_x = 1, .ofs_y = 0},
    {.bitmap_index = 80254, .adv_w = 467, .box_w = 25, .box_h = 18, .ofs_x = 2, .ofs_y = 0},
    {.bitmap_index = 80479, .adv_w = 306, .box_w = 17, .box_h = 17, .ofs_x = 1, .ofs_y = -1},
    {.bitmap_index = 80624, .adv_w = 393, .box_w = 21, .box_h = 18, .ofs_x = 2, .ofs_y = 0},
    {.bitmap_index = 80813, .adv_w = 366, .box_w = 19, .box_h = 18, .ofs_x = 2, .ofs_y = 0},
    {.bitmap_index = 80984, .adv_w = 382, .box_w = 20, .box_h = 16, .ofs_x = 2, .ofs_y = 2},
    {.bitmap_index = 81144, .adv_w = 332, .box_w = 19, .box_h = 16, .ofs_x = 1, .ofs_y = 2},
    {.bitmap_index = 81296, .adv_w = 351, .box_w = 18, .box_h = 18, .ofs_x = 2, .ofs_y = 0},
    {.bitmap_index = 81458, .adv_w = 351, .box_w = 18, .box_h = 18, .ofs_x = 2, .ofs_y = 0},
    {.bitmap_index = 81620, .adv_w = 351, .box_w = 18, .box_h = 18, .ofs_x = 2, .ofs_y = 0},
    {.bitmap_index = 81782, .adv_w = 205, .box_w = 8, .box_h = 8, .ofs_x = 2, .ofs_y = 3},
    {.bitmap_index = 81814, .adv_w = 393, .box_w = 23, .box_h = 19, .ofs_x = 1, .ofs_y = 0},
    {.bitmap_index = 82033, .adv_w = 393, .box_w = 23, .box_h = 19, .ofs_x = 1, .ofs_y = 0},
    {.bitmap_index = 82252, .adv_w = 357, .box_w = 20, .box_h = 23, .ofs_x = 2, .ofs_y = -3},
    {.bitmap_index = 82482, .adv_w = 357, .box_w = 19, .box_h = 23, .ofs_x = 2, .ofs_y = -3},
    {.bitmap_index = 82701, .adv_w = 357, .box_w = 20, .box_h = 23, .ofs_x = 2, .ofs_y = -3},
    {.bitmap_index = 82931, .adv_w = 357, .box_w = 19, .box_h = 23, .ofs_x = 2, .ofs_y = -3},
    {.bitmap_index = 83150, .adv_w = 393, .box_w = 23, .box_h = 20, .ofs_x = 1, .ofs_y = -2},
    {.bitmap_index = 83380, .adv_w = 393, .box_w = 23, .box_h = 20, .ofs_x = 1, .ofs_y = -2},
    {.bitmap_index = 83610, .adv_w = 357, .box_w = 19, .box_h = 23, .ofs_x = 1, .ofs_y = -3},
    {.bitmap_index = 83829, .adv_w = 357, .box_w = 19, .box_h = 23, .ofs_x = 1, .ofs_y = -3},
    {.bitmap_index = 84048, .adv_w = 357, .box_w = 19, .box_h = 23, .ofs_x = 1, .ofs_y = -3},
    {.bitmap_index = 84267, .adv_w = 357, .box_w = 19, .box_h = 23, .ofs_x = 1, .ofs_y = -3},
    {.bitmap_index = 84486, .adv_w = 405, .box_w = 24, .box_h = 24, .ofs_x = 1, .ofs_y = -3},
    {.bitmap_index = 84774, .adv_w = 405, .box_w = 24, .box_h = 24, .ofs_x = 1, .ofs_y = -3},
    {.bitmap_index = 85062, .adv_w = 218, .box_w = 13, .box_h = 18, .ofs_x = 0, .ofs_y = 0},
    {.bitmap_index = 85179, .adv_w = 351, .box_w = 19, .box_h = 19, .ofs_x = 1, .ofs_y = -1},
    {.bitmap_index = 85360, .adv_w = 351, .box_w = 19, .box_h = 19, .ofs_x = 1, .ofs_y = -1},
    {.bitmap_index = 85541, .adv_w = 205, .box_w = 9, .box_h = 8, .ofs_x = 2, .ofs_y = 3},
    {.bitmap_index = 85577, .adv_w = 534, .box_w = 34, .box_h = 34, .ofs_x = 0, .ofs_y = -8},
    {.bitmap_index = 86155, .adv_w = 410, .box_w = 22, .box_h = 23, .ofs_x = 2, .ofs_y = -3},
    {.bitmap_index = 86408, .adv_w = 401, .box_w = 21, .box_h = 21, .ofs_x = 2, .ofs_y = -1},
    {.bitmap_index = 86629, .adv_w = 401, .box_w = 21, .box_h = 21, .ofs_x = 2, .ofs_y = -1},
    {.bitmap_index = 86850, .adv_w = 410, .box_w = 22, .box_h = 23, .ofs_x = 2, .ofs_y = -3},
    {.bitmap_index = 87103, .adv_w = 393, .box_w = 22, .box_h = 19, .ofs_x = 1, .ofs_y = -1},
    {.bitmap_index = 87312, .adv_w = 393, .box_w = 22, .box_h = 19, .ofs_x = 1, .ofs_y = -1},
    {.bitmap_index = 87521, .adv_w = 296, .box_w = 17, .box_h = 20, .ofs_x = 1, .ofs_y = -2},
    {.bitmap_index = 87691, .adv_w = 380, .box_w = 21, .box_h = 21, .ofs_x = 1, .ofs_y = -2},
    {.bitmap_index = 87912, .adv_w = 394, .box_w = 24, .box_h = 20, .ofs_x = 0, .ofs_y = 0},
    {.bitmap_index = 88152, .adv_w = 339, .box_w = 18, .box_h = 14, .ofs_x = 2, .ofs_y = 1},
    {.bitmap_index = 88278, .adv_w = 340, .box_w = 13, .box_h = 14, .ofs_x = 4, .ofs_y = 1},
    {.bitmap_index = 88369, .adv_w = 405, .box_w = 24, .box_h = 24, .ofs_x = 1, .ofs_y = -3},
    {.bitmap_index = 88657, .adv_w = 393, .box_w = 22, .box_h = 19, .ofs_x = 1, .ofs_y = -1},
    {.bitmap_index = 88866, .adv_w = 534, .box_w = 34, .box_h = 34, .ofs_x = 0, .ofs_y = -8},
    {.bitmap_index = 89444, .adv_w = 534, .box_w = 34, .box_h = 34, .ofs_x = 0, .ofs_y = -8},
    {.bitmap_index = 90022, .adv_w = 534, .box_w = 34, .box_h = 34, .ofs_x = 0, .ofs_y = -8},
    {.bitmap_index = 90600, .adv_w = 534, .box_w = 34, .box_h = 34, .ofs_x = 0, .ofs_y = -8},
    {.bitmap_index = 91178, .adv_w = 534, .box_w = 34, .box_h = 34, .ofs_x = 0, .ofs_y = -8},
    {.bitmap_index = 91756, .adv_w = 534, .box_w = 34, .box_h = 34, .ofs_x = 0, .ofs_y = -8},
    {.bitmap_index = 92334, .adv_w = 534, .box_w = 34, .box_h = 34, .ofs_x = 0, .ofs_y = -8},
    {.bitmap_index = 92912, .adv_w = 534, .box_w = 34, .box_h = 34, .ofs_x = 0, .ofs_y = -8},
    {.bitmap_index = 93490, .adv_w = 534, .box_w = 34, .box_h = 34, .ofs_x = 0, .ofs_y = -8},
    {.bitmap_index = 94068, .adv_w = 384, .box_w = 24, .box_h = 25, .ofs_x = 0, .ofs_y = -3},
    {.bitmap_index = 94368, .adv_w = 384, .box_w = 26, .box_h = 22, .ofs_x = -1, .ofs_y = -2},
    {.bitmap_index = 94654, .adv_w = 432, .box_w = 27, .box_h = 25, .ofs_x = 0, .ofs_y = -4},
    {.bitmap_index = 94992, .adv_w = 384, .box_w = 24, .box_h = 18, .ofs_x = 0, .ofs_y = 0},
    {.bitmap_index = 95208, .adv_w = 384, .box_w = 24, .box_h = 22, .ofs_x = 0, .ofs_y = -2},
    {.bitmap_index = 95472, .adv_w = 384, .box_w = 24, .box_h = 18, .ofs_x = 0, .ofs_y = 0},
    {.bitmap_index = 95688, .adv_w = 264, .box_w = 17, .box_h = 18, .ofs_x = 0, .ofs_y = 0},
    {.bitmap_index = 95841, .adv_w = 384, .box_w = 24, .box_h = 24, .ofs_x = 0, .ofs_y = -3},
    {.bitmap_index = 96129, .adv_w = 384, .box_w = 24, .box_h = 24, .ofs_x = 0, .ofs_y = -3},
    {.bitmap_index = 96417, .adv_w = 432, .box_w = 27, .box_h = 22, .ofs_x = 0, .ofs_y = -2},
    {.bitmap_index = 96714, .adv_w = 384, .box_w = 24, .box_h = 24, .ofs_x = 0, .ofs_y = -3},
    {.bitmap_index = 97002, .adv_w = 384, .box_w = 24, .box_h = 24, .ofs_x = 0, .ofs_y = -3},
    {.bitmap_index = 97290, .adv_w = 432, .box_w = 27, .box_h = 18, .ofs_x = 0, .ofs_y = 0},
    {.bitmap_index = 97533, .adv_w = 384, .box_w = 24, .box_h = 26, .ofs_x = 0, .ofs_y = -4},
    {.bitmap_index = 97845, .adv_w = 192, .box_w = 12, .box_h = 19, .ofs_x = 0, .ofs_y = -1},
    {.bitmap_index = 97959, .adv_w = 288, .box_w = 18, .box_h = 19, .ofs_x = 0, .ofs_y = -1},
    {.bitmap_index = 98130, .adv_w = 432, .box_w = 27, .box_h = 24, .ofs_x = 0, .ofs_y = -3},
    {.bitmap_index = 98454, .adv_w = 384, .box_w = 24, .box_h = 22, .ofs_x = 0, .ofs_y = -2},
    {.bitmap_index = 98718, .adv_w = 384, .box_w = 24, .box_h = 18, .ofs_x = 0, .ofs_y = 0},
    {.bitmap_index = 98934, .adv_w = 264, .box_w = 17, .box_h = 24, .ofs_x = 0, .ofs_y = -3},
    {.bitmap_index = 99138, .adv_w = 336, .box_w = 15, .box_h = 22, .ofs_x = 3, .ofs_y = -2},
    {.bitmap_index = 99303, .adv_w = 336, .box_w = 21, .box_h = 26, .ofs_x = 0, .ofs_y = -4},
    {.bitmap_index = 99576, .adv_w = 336, .box_w = 21, .box_h = 22, .ofs_x = 0, .ofs_y = -2},
    {.bitmap_index = 99807, .adv_w = 336, .box_w = 21, .box_h = 22, .ofs_x = 0, .ofs_y = -2},
    {.bitmap_index = 100038, .adv_w = 336, .box_w = 15, .box_h = 22, .ofs_x = 3, .ofs_y = -2},
    {.bitmap_index = 100203, .adv_w = 336, .box_w = 23, .box_h = 22, .ofs_x = -1, .ofs_y = -2},
    {.bitmap_index = 100456, .adv_w = 240, .box_w = 13, .box_h = 22, .ofs_x = 1, .ofs_y = -2},
    {.bitmap_index = 100599, .adv_w = 240, .box_w = 13, .box_h = 22, .ofs_x = 1, .ofs_y = -2},
    {.bitmap_index = 100742, .adv_w = 336, .box_w = 21, .box_h = 22, .ofs_x = 0, .ofs_y = -2},
    {.bitmap_index = 100973, .adv_w = 336, .box_w = 21, .box_h = 6, .ofs_x = 0, .ofs_y = 6},
    {.bitmap_index = 101036, .adv_w = 384, .box_w = 24, .box_h = 22, .ofs_x = 0, .ofs_y = -2},
    {.bitmap_index = 101300, .adv_w = 288, .box_w = 18, .box_h = 25, .ofs_x = 0, .ofs_y = -3},
    {.bitmap_index = 101525, .adv_w = 432, .box_w = 27, .box_h = 18, .ofs_x = 0, .ofs_y = 0},
    {.bitmap_index = 101768, .adv_w = 480, .box_w = 31, .box_h = 24, .ofs_x = -1, .ofs_y = -3},
    {.bitmap_index = 102140, .adv_w = 432, .box_w = 29, .box_h = 24, .ofs_x = -1, .ofs_y = -3},
    {.bitmap_index = 102488, .adv_w = 432, .box_w = 28, .box_h = 24, .ofs_x = -1, .ofs_y = -3},
    {.bitmap_index = 102824, .adv_w = 384, .box_w = 24, .box_h = 22, .ofs_x = 0, .ofs_y = -2},
    {.bitmap_index = 103088, .adv_w = 336, .box_w = 21, .box_h = 14, .ofs_x = 0, .ofs_y = 2},
    {.bitmap_index = 103235, .adv_w = 336, .box_w = 21, .box_h = 14, .ofs_x = 0, .ofs_y = 2},
    {.bitmap_index = 103382, .adv_w = 480, .box_w = 31, .box_h = 19, .ofs_x = -1, .ofs_y = -1},
    {.bitmap_index = 103677, .adv_w = 432, .box_w = 28, .box_h = 25, .ofs_x = -1, .ofs_y = -4},
    {.bitmap_index = 104027, .adv_w = 384, .box_w = 24, .box_h = 18, .ofs_x = 0, .ofs_y = 0},
    {.bitmap_index = 104243, .adv_w = 432, .box_w = 27, .box_h = 24, .ofs_x = 0, .ofs_y = -3},
    {.bitmap_index = 104567, .adv_w = 384, .box_w = 24, .box_h = 24, .ofs_x = 0, .ofs_y = -3},
    {.bitmap_index = 104855, .adv_w = 384, .box_w = 25, .box_h = 25, .ofs_x = -1, .ofs_y = -3},
    {.bitmap_index = 105168, .adv_w = 384, .box_w = 24, .box_h = 18, .ofs_x = 0, .ofs_y = 0},
    {.bitmap_index = 105384, .adv_w = 288, .box_w = 18, .box_h = 24, .ofs_x = 0, .ofs_y = -3},
    {.bitmap_index = 105600, .adv_w = 480, .box_w = 30, .box_h = 22, .ofs_x = 0, .ofs_y = -2},
    {.bitmap_index = 105930, .adv_w = 336, .box_w = 22, .box_h = 22, .ofs_x = 0, .ofs_y = -2},
    {.bitmap_index = 106172, .adv_w = 336, .box_w = 21, .box_h = 24, .ofs_x = 0, .ofs_y = -3},
    {.bitmap_index = 106424, .adv_w = 336, .box_w = 21, .box_h = 22, .ofs_x = 0, .ofs_y = -2},
    {.bitmap_index = 106655, .adv_w = 336, .box_w = 21, .box_h = 20, .ofs_x = 0, .ofs_y = -1},
    {.bitmap_index = 106865, .adv_w = 384, .box_w = 24, .box_h = 18, .ofs_x = 0, .ofs_y = 0},
    {.bitmap_index = 107081, .adv_w = 240, .box_w = 17, .box_h = 24, .ofs_x = -1, .ofs_y = -3},
    {.bitmap_index = 107285, .adv_w = 432, .box_w = 29, .box_h = 24, .ofs_x = -1, .ofs_y = -3},
    {.bitmap_index = 107633, .adv_w = 336, .box_w = 21, .box_h = 24, .ofs_x = 0, .ofs_y = -3},
    {.bitmap_index = 107885, .adv_w = 336, .box_w = 21, .box_h = 24, .ofs_x = 0, .ofs_y = -3},
    {.bitmap_index = 108137, .adv_w = 480, .box_w = 31, .box_h = 22, .ofs_x = -1, .ofs_y = -2},
    {.bitmap_index = 108478, .adv_w = 336, .box_w = 21, .box_h = 22, .ofs_x = 0, .ofs_y = -2},
    {.bitmap_index = 108709, .adv_w = 372, .box_w = 24, .box_h = 24, .ofs_x = 0, .ofs_y = -3},
    {.bitmap_index = 108997, .adv_w = 372, .box_w = 24, .box_h = 24, .ofs_x = 0, .ofs_y = -3},
    {.bitmap_index = 109285, .adv_w = 372, .box_w = 24, .box_h = 24, .ofs_x = 0, .ofs_y = -3},
    {.bitmap_index = 109573, .adv_w = 432, .box_w = 27, .box_h = 18, .ofs_x = 0, .ofs_y = 0},
    {.bitmap_index = 109816, .adv_w = 384, .box_w = 26, .box_h = 26, .ofs_x = -1, .ofs_y = -4},
    {.bitmap_index = 110154, .adv_w = 384, .box_w = 24, .box_h = 24, .ofs_x = 0, .ofs_y = -3},
    {.bitmap_index = 110442, .adv_w = 288, .box_w = 18, .box_h = 24, .ofs_x = 0, .ofs_y = -3},
    {.bitmap_index = 110658, .adv_w = 384, .box_w = 24, .box_h = 24, .ofs_x = 0, .ofs_y = -3},
    {.bitmap_index = 110946, .adv_w = 384, .box_w = 24, .box_h = 24, .ofs_x = 0, .ofs_y = -3},
    {.bitmap_index = 111234, .adv_w = 384, .box_w = 24, .box_h = 24, .ofs_x = 0, .ofs_y = -3},
    {.bitmap_index = 111522, .adv_w = 384, .box_w = 22, .box_h = 24, .ofs_x = 1, .ofs_y = -3},
    {.bitmap_index = 111786, .adv_w = 384, .box_w = 26, .box_h = 18, .ofs_x = -1, .ofs_y = 0},
    {.bitmap_index = 112020, .adv_w = 288, .box_w = 19, .box_h = 24, .ofs_x = -1, .ofs_y = -3},
    {.bitmap_index = 112248, .adv_w = 384, .box_w = 24, .box_h = 24, .ofs_x = 0, .ofs_y = -3},
    {.bitmap_index = 112536, .adv_w = 384, .box_w = 24, .box_h = 24, .ofs_x = 0, .ofs_y = -3},
    {.bitmap_index = 112824, .adv_w = 480, .box_w = 30, .box_h = 23, .ofs_x = 0, .ofs_y = -2},
    {.bitmap_index = 113169, .adv_w = 336, .box_w = 21, .box_h = 24, .ofs_x = 0, .ofs_y = -3},
    {.bitmap_index = 113421, .adv_w = 480, .box_w = 30, .box_h = 18, .ofs_x = 0, .ofs_y = 0},
    {.bitmap_index = 113691, .adv_w = 480, .box_w = 30, .box_h = 16, .ofs_x = 0, .ofs_y = 1},
    {.bitmap_index = 113931, .adv_w = 480, .box_w = 30, .box_h = 16, .ofs_x = 0, .ofs_y = 1},
    {.bitmap_index = 114171, .adv_w = 480, .box_w = 30, .box_h = 16, .ofs_x = 0, .ofs_y = 1},
    {.bitmap_index = 114411, .adv_w = 480, .box_w = 30, .box_h = 16, .ofs_x = 0, .ofs_y = 1},
    {.bitmap_index = 114651, .adv_w = 480, .box_w = 30, .box_h = 16, .ofs_x = 0, .ofs_y = 1},
    {.bitmap_index = 114891, .adv_w = 336, .box_w = 22, .box_h = 24, .ofs_x = -1, .ofs_y = -3},
    {.bitmap_index = 115155, .adv_w = 480, .box_w = 31, .box_h = 20, .ofs_x = 0, .ofs_y = -1},
    {.bitmap_index = 115465, .adv_w = 336, .box_w = 19, .box_h = 24, .ofs_x = 1, .ofs_y = -3},
    {.bitmap_index = 115693, .adv_w = 336, .box_w = 23, .box_h = 24, .ofs_x = -1, .ofs_y = -3},
    {.bitmap_index = 115969, .adv_w = 312, .box_w = 20, .box_h = 24, .ofs_x = 0, .ofs_y = -3},
    {.bitmap_index = 116209, .adv_w = 336, .box_w = 21, .box_h = 24, .ofs_x = 0, .ofs_y = -3},
    {.bitmap_index = 116461, .adv_w = 384, .box_w = 24, .box_h = 24, .ofs_x = 0, .ofs_y = -3},
    {.bitmap_index = 116749, .adv_w = 384, .box_w = 25, .box_h = 25, .ofs_x = -1, .ofs_y = -4},
    {.bitmap_index = 117062, .adv_w = 432, .box_w = 27, .box_h = 24, .ofs_x = 0, .ofs_y = -3},
    {.bitmap_index = 117386, .adv_w = 288, .box_w = 18, .box_h = 24, .ofs_x = 0, .ofs_y = -3},
    {.bitmap_index = 117602, .adv_w = 480, .box_w = 30, .box_h = 22, .ofs_x = 0, .ofs_y = -2},
    {.bitmap_index = 117932, .adv_w = 480, .box_w = 30, .box_h = 21, .ofs_x = 0, .ofs_y = -3},
    {.bitmap_index = 118247, .adv_w = 384, .box_w = 24, .box_h = 22, .ofs_x = 0, .ofs_y = -2},
    {.bitmap_index = 118511, .adv_w = 372, .box_w = 24, .box_h = 24, .ofs_x = 0, .ofs_y = -3},
    {.bitmap_index = 118799, .adv_w = 384, .box_w = 24, .box_h = 24, .ofs_x = 0, .ofs_y = -3},
    {.bitmap_index = 119087, .adv_w = 372, .box_w = 24, .box_h = 24, .ofs_x = 0, .ofs_y = -3},
    {.bitmap_index = 119375, .adv_w = 480, .box_w = 30, .box_h = 18, .ofs_x = 0, .ofs_y = 0},
    {.bitmap_index = 119645, .adv_w = 372, .box_w = 24, .box_h = 24, .ofs_x = 0, .ofs_y = -3},
    {.bitmap_index = 119933, .adv_w = 372, .box_w = 24, .box_h = 24, .ofs_x = 0, .ofs_y = -3},
    {.bitmap_index = 120221, .adv_w = 372, .box_w = 24, .box_h = 24, .ofs_x = 0, .ofs_y = -3},
    {.bitmap_index = 120509, .adv_w = 372, .box_w = 24, .box_h = 24, .ofs_x = 0, .ofs_y = -3},
    {.bitmap_index = 120797, .adv_w = 372, .box_w = 24, .box_h = 24, .ofs_x = 0, .ofs_y = -3},
    {.bitmap_index = 121085, .adv_w = 372, .box_w = 24, .box_h = 24, .ofs_x = 0, .ofs_y = -3},
    {.bitmap_index = 121373, .adv_w = 378, .box_w = 24, .box_h = 24, .ofs_x = 0, .ofs_y = -3},
    {.bitmap_index = 121661, .adv_w = 372, .box_w = 24, .box_h = 24, .ofs_x = 0, .ofs_y = -3},
    {.bitmap_index = 121949, .adv_w = 384, .box_w = 24, .box_h = 24, .ofs_x = 0, .ofs_y = -3},
    {.bitmap_index = 122237, .adv_w = 372, .box_w = 24, .box_h = 24, .ofs_x = 0, .ofs_y = -3},
    {.bitmap_index = 122525, .adv_w = 480, .box_w = 30, .box_h = 24, .ofs_x = 0, .ofs_y = -3},
    {.bitmap_index = 122885, .adv_w = 372, .box_w = 24, .box_h = 24, .ofs_x = 0, .ofs_y = -3},
    {.bitmap_index = 123173, .adv_w = 372, .box_w = 24, .box_h = 24, .ofs_x = 0, .ofs_y = -3},
    {.bitmap_index = 123461, .adv_w = 372, .box_w = 24, .box_h = 24, .ofs_x = 0, .ofs_y = -3},
    {.bitmap_index = 123749, .adv_w = 372, .box_w = 24, .box_h = 24, .ofs_x = 0, .ofs_y = -3},
    {.bitmap_index = 124037, .adv_w = 372, .box_w = 24, .box_h = 24, .ofs_x = 0, .ofs_y = -3},
    {.bitmap_index = 124325, .adv_w = 372, .box_w = 24, .box_h = 24, .ofs_x = 0, .ofs_y = -3},
    {.bitmap_index = 124613, .adv_w = 372, .box_w = 24, .box_h = 24, .ofs_x = 0, .ofs_y = -3},
    {.bitmap_index = 124901, .adv_w = 372, .box_w = 24, .box_h = 24, .ofs_x = 0, .ofs_y = -3},
    {.bitmap_index = 125189, .adv_w = 372, .box_w = 24, .box_h = 24, .ofs_x = 0, .ofs_y = -3},
    {.bitmap_index = 125477, .adv_w = 372, .box_w = 24, .box_h = 24, .ofs_x = 0, .ofs_y = -3},
    {.bitmap_index = 125765, .adv_w = 372, .box_w = 24, .box_h = 24, .ofs_x = 0, .ofs_y = -3},
    {.bitmap_index = 126053, .adv_w = 372, .box_w = 24, .box_h = 24, .ofs_x = 0, .ofs_y = -3},
    {.bitmap_index = 126341, .adv_w = 480, .box_w = 31, .box_h = 25, .ofs_x = -1, .ofs_y = -3},
    {.bitmap_index = 126729, .adv_w = 384, .box_w = 24, .box_h = 23, .ofs_x = 0, .ofs_y = -3},
    {.bitmap_index = 127005, .adv_w = 384, .box_w = 24, .box_h = 23, .ofs_x = 0, .ofs_y = -3},
    {.bitmap_index = 127281, .adv_w = 288, .box_w = 18, .box_h = 26, .ofs_x = 0, .ofs_y = -4},
    {.bitmap_index = 127515, .adv_w = 312, .box_w = 20, .box_h = 25, .ofs_x = 0, .ofs_y = -4},
    {.bitmap_index = 127765, .adv_w = 480, .box_w = 32, .box_h = 26, .ofs_x = -1, .ofs_y = -4},
    {.bitmap_index = 128181, .adv_w = 384, .box_w = 26, .box_h = 22, .ofs_x = -1, .ofs_y = -2},
    {.bitmap_index = 128467, .adv_w = 288, .box_w = 18, .box_h = 24, .ofs_x = 0, .ofs_y = -3},
    {.bitmap_index = 128683, .adv_w = 386, .box_w = 25, .box_h = 16, .ofs_x = 0, .ofs_y = 1}
};

/*---------------------
 *  CHARACTER MAPPING
 *--------------------*/

static const uint8_t glyph_id_ofs_list_5[] = {
    0, 1, 2, 0, 0, 0, 3, 4,
    5, 6, 7, 8, 0, 0, 0, 0,
    9, 10, 11, 12, 13, 14, 15, 0,
    16
};

static const uint16_t unicode_list_8[] = {
    0x0, 0x1, 0x14, 0x15, 0x16, 0x17, 0x18, 0x19,
    0x1a, 0x1d, 0x1e, 0x20, 0x21, 0x22, 0x23
};

static const uint16_t unicode_list_11[] = {
    0x0, 0x19, 0x1a
};

static const uint16_t unicode_list_15[] = {
    0x0, 0x1, 0x2, 0x3, 0x4, 0x7, 0x8, 0x9,
    0xb, 0xc, 0xd, 0xe, 0xf, 0x4f, 0x50, 0x52,
    0x54, 0x55, 0x58, 0x62, 0x65, 0x66, 0x6d, 0x6e,
    0x6f, 0x70, 0x71, 0x75, 0x79, 0x7a, 0x7d, 0x81,
    0x8a, 0x9c
};

static const uint16_t unicode_list_17[] = {
    0x0, 0x1, 0x2, 0x3, 0x6, 0xd, 0xe, 0xf,
    0x10, 0x11, 0x12, 0x13, 0x14, 0x15, 0x16, 0x26,
    0x27, 0x2d, 0x2e, 0x30, 0x31, 0x32, 0x37, 0x38,
    0x4d, 0x4f, 0x51, 0x5b, 0x5c, 0x61, 0x62, 0x64,
    0x67, 0x7f, 0x82, 0x83, 0x8c, 0x8e, 0x8f, 0x97,
    0x9b, 0xa8, 0xb3, 0xc5, 0xdd, 0xe1, 0xe2, 0x112,
    0x113, 0x114, 0x115, 0x180, 0x181, 0x182, 0x195, 0x1a2,
    0x1a3, 0x1a4, 0x1a8, 0x1fd, 0x204, 0x208, 0x24b, 0x24c,
    0x41d, 0x41e, 0x41f, 0x427, 0x42f, 0x430, 0x433, 0x434,
    0x437, 0x438, 0x439, 0x43a, 0x43d, 0x43e, 0x441, 0x442,
    0x443, 0x444, 0x447, 0x448, 0x44c, 0x463, 0x46c, 0x47d,
    0x482, 0x483, 0x4b9, 0x4de, 0x4e2, 0x4e7, 0x4e8, 0x51d,
    0x590, 0x594, 0x5d3, 0x5e1, 0x5fd, 0x5fe, 0x5ff, 0x600,
    0x601, 0x602, 0x603, 0x604, 0x605, 0xce7e, 0xce81, 0xce82,
    0xce85, 0xce88, 0xce89, 0xce8a, 0xce8e, 0xce90, 0xce92, 0xce94,
    0xce96, 0xce99, 0xce9e, 0xcea3, 0xcea4, 0xcea5, 0xcead, 0xcebb,
    0xcec0, 0xcec5, 0xcec8, 0xcec9, 0xceca, 0xcece, 0xcecf, 0xced0,
    0xced1, 0xcee4, 0xcee5, 0xcee8, 0xceea, 0xceeb, 0xceed, 0xceee,
    0xceef, 0xcef1, 0xcef4, 0xcef5, 0xcef6, 0xcef7, 0xcef8, 0xcf0e,
    0xcf10, 0xcf12, 0xcf21, 0xcf23, 0xcf3f, 0xcf41, 0xcf42, 0xcf44,
    0xcf46, 0xcf5d, 0xcf64, 0xcf66, 0xcf67, 0xcf70, 0xcf71, 0xcf79,
    0xcf95, 0xcf96, 0xcf97, 0xcf99, 0xcfa1, 0xcfb2, 0xcfd8, 0xcfe1,
    0xcfe2, 0xd002, 0xd003, 0xd036, 0xd038, 0xd05f, 0xd060, 0xd068,
    0xd07a, 0xd0b3, 0xd0bd, 0xd0be, 0xd0bf, 0xd0c0, 0xd0c1, 0xd0d8,
    0xd104, 0xd110, 0xd159, 0xd164, 0xd16a, 0xd17b, 0xd181, 0xd222,
    0xd242, 0xd2c8, 0xd33f, 0xd355, 0xd357, 0xd3c9, 0xd3d3, 0xd3d7,
    0xd3e4, 0xd3f6, 0xd3f7, 0xd3fc, 0xd3fd, 0xd3ff, 0xd400, 0xd401,
    0xd403, 0xd404, 0xd405, 0xd406, 0xd408, 0xd409, 0xd413, 0xd418,
    0xd421, 0xd422, 0xd430, 0xd431, 0xd435, 0xd43f, 0xd445, 0xd501,
    0xd53b, 0xd550, 0xd55f, 0xd589, 0xd61c, 0xd626, 0xd63f, 0xd71f
};

/*Collect the unicode lists and glyph_id offsets*/
static const lv_font_fmt_txt_cmap_t cmaps[] =
{
    {
        .range_start = 32, .range_length = 95, .glyph_id_start = 1,
        .unicode_list = NULL, .glyph_id_ofs_list = NULL, .list_length = 0, .type = LV_FONT_FMT_TXT_CMAP_FORMAT0_TINY
    },
    {
        .range_start = 160, .range_length = 13, .glyph_id_start = 96,
        .unicode_list = NULL, .glyph_id_ofs_list = NULL, .list_length = 0, .type = LV_FONT_FMT_TXT_CMAP_FORMAT0_TINY
    },
    {
        .range_start = 174, .range_length = 155, .glyph_id_start = 109,
        .unicode_list = NULL, .glyph_id_ofs_list = NULL, .list_length = 0, .type = LV_FONT_FMT_TXT_CMAP_FORMAT0_TINY
    },
    {
        .range_start = 330, .range_length = 54, .glyph_id_start = 264,
        .unicode_list = NULL, .glyph_id_ofs_list = NULL, .list_length = 0, .type = LV_FONT_FMT_TXT_CMAP_FORMAT0_TINY
    },
    {
        .range_start = 536, .range_length = 4, .glyph_id_start = 318,
        .unicode_list = NULL, .glyph_id_ofs_list = NULL, .list_length = 0, .type = LV_FONT_FMT_TXT_CMAP_FORMAT0_TINY
    },
    {
        .range_start = 884, .range_length = 25, .glyph_id_start = 322,
        .unicode_list = NULL, .glyph_id_ofs_list = glyph_id_ofs_list_5, .list_length = 25, .type = LV_FONT_FMT_TXT_CMAP_FORMAT0_FULL
    },
    {
        .range_start = 910, .range_length = 20, .glyph_id_start = 339,
        .unicode_list = NULL, .glyph_id_ofs_list = NULL, .list_length = 0, .type = LV_FONT_FMT_TXT_CMAP_FORMAT0_TINY
    },
    {
        .range_start = 931, .range_length = 53, .glyph_id_start = 359,
        .unicode_list = NULL, .glyph_id_ofs_list = NULL, .list_length = 0, .type = LV_FONT_FMT_TXT_CMAP_FORMAT0_TINY
    },
    {
        .range_start = 988, .range_length = 36, .glyph_id_start = 412,
        .unicode_list = unicode_list_8, .glyph_id_ofs_list = NULL, .list_length = 15, .type = LV_FONT_FMT_TXT_CMAP_SPARSE_TINY
    },
    {
        .range_start = 8208, .range_length = 24, .glyph_id_start = 427,
        .unicode_list = NULL, .glyph_id_ofs_list = NULL, .list_length = 0, .type = LV_FONT_FMT_TXT_CMAP_FORMAT0_TINY
    },
    {
        .range_start = 8239, .range_length = 39, .glyph_id_start = 451,
        .unicode_list = NULL, .glyph_id_ofs_list = NULL, .list_length = 0, .type = LV_FONT_FMT_TXT_CMAP_FORMAT0_TINY
    },
    {
        .range_start = 8279, .range_length = 27, .glyph_id_start = 490,
        .unicode_list = unicode_list_11, .glyph_id_ofs_list = NULL, .list_length = 3, .type = LV_FONT_FMT_TXT_CMAP_SPARSE_TINY
    },
    {
        .range_start = 8308, .range_length = 27, .glyph_id_start = 493,
        .unicode_list = NULL, .glyph_id_ofs_list = NULL, .list_length = 0, .type = LV_FONT_FMT_TXT_CMAP_FORMAT0_TINY
    },
    {
        .range_start = 8336, .range_length = 13, .glyph_id_start = 520,
        .unicode_list = NULL, .glyph_id_ofs_list = NULL, .list_length = 0, .type = LV_FONT_FMT_TXT_CMAP_FORMAT0_TINY
    },
    {
        .range_start = 8352, .range_length = 16, .glyph_id_start = 533,
        .unicode_list = NULL, .glyph_id_ofs_list = NULL, .list_length = 0, .type = LV_FONT_FMT_TXT_CMAP_FORMAT0_TINY
    },
    {
        .range_start = 8369, .range_length = 157, .glyph_id_start = 549,
        .unicode_list = unicode_list_15, .glyph_id_ofs_list = NULL, .list_length = 34, .type = LV_FONT_FMT_TXT_CMAP_SPARSE_TINY
    },
    {
        .range_start = 8528, .range_length = 48, .glyph_id_start = 583,
        .unicode_list = NULL, .glyph_id_ofs_list = NULL, .list_length = 0, .type = LV_FONT_FMT_TXT_CMAP_FORMAT0_TINY
    },
    {
        .range_start = 8579, .range_length = 55072, .glyph_id_start = 631,
        .unicode_list = unicode_list_17, .glyph_id_ofs_list = NULL, .list_length = 240, .type = LV_FONT_FMT_TXT_CMAP_SPARSE_TINY
    }
};

/*-----------------
 *    KERNING
 *----------------*/


/*Map glyph_ids to kern left classes*/
static const uint8_t kern_left_class_mapping[] =
{
    0, 0, 0, 1, 0, 2, 3, 4,
    1, 5, 6, 7, 8, 9, 8, 9,
    10, 11, 12, 13, 14, 15, 16, 17,
    18, 14, 11, 19, 19, 0, 20, 21,
    22, 23, 0, 0, 0, 0, 0, 0,
    0, 0, 0, 0, 0, 0, 0, 0,
    0, 0, 0, 0, 0, 0, 0, 0,
    0, 0, 0, 0, 5, 24, 6, 7,
    25, 0, 0, 0, 0, 0, 0, 0,
    0, 0, 0, 0, 0, 0, 0, 0,
    0, 0, 0, 0, 0, 0, 0, 0,
    0, 0, 0, 0, 5, 12, 6, 8,
    0, 26, 27, 0, 0, 0, 0, 0,
    0, 23, 0, 28, 29, 30, 0, 7,
    20, 31, 32, 0, 33, 12, 34, 0,
    35, 0, 36, 0, 0, 0, 37, 0,
    0, 0, 0, 0, 0, 0, 0, 0,
    0, 0, 0, 0, 0, 0, 0, 0,
    0, 0, 0, 0, 0, 0, 38, 0,
    0, 0, 0, 0, 0, 0, 0, 0,
    0, 0, 0, 0, 0, 0, 0, 0,
    0, 0, 0, 0, 0, 0, 0, 0,
    0, 0, 0, 0, 0, 0, 8, 0,
    0, 0, 0, 0, 0, 0, 0, 0,
    0, 0, 0, 0, 0, 0, 0, 0,
    0, 0, 0, 0, 0, 0, 0, 0,
    0, 0, 0, 0, 0, 0, 0, 0,
    0, 0, 0, 0, 0, 0, 0, 0,
    0, 0, 0, 0, 0, 0, 0, 0,
    0, 0, 0, 0, 0, 0, 0, 0,
    0, 0, 0, 0, 0, 0, 0, 0,
    0, 0, 0, 0, 0, 0, 0, 0,
    0, 0, 0, 0, 0, 0, 0, 0,
    0, 0, 0, 0, 0, 0, 0, 0,
    0, 0, 0, 0, 0, 0, 0, 0,
    0, 0, 0, 0, 0, 0, 0, 0,
    0, 0, 0, 0, 0, 0, 0, 0,
    0, 0, 0, 0, 0, 0, 0, 0,
    0, 0, 0, 0, 0, 0, 0, 0,
    0, 0, 0, 0, 0, 0, 0, 0,
    0, 0, 0, 0, 0, 0, 0, 0,
    0, 0, 0, 0, 0, 0, 1, 0,
    0, 0, 0, 0, 0, 0, 0, 0,
    0, 39, 0, 0, 0, 0, 0, 0,
    0, 0, 0, 0, 0, 0, 0, 0,
    0, 0, 0, 0, 0, 0, 0, 0,
    0, 0, 0, 0, 0, 0, 0, 0,
    0, 0, 0, 0, 0, 0, 0, 0,
    0, 0, 0, 0, 0, 0, 0, 0,
    0, 0, 0, 0, 0, 0, 0, 0,
    0, 0, 0, 0, 0, 0, 0, 0,
    0, 0, 0, 0, 0, 0, 0, 0,
    0, 0, 0, 0, 0, 0, 0, 0,
    0, 0, 0, 0, 0, 0, 0, 0,
    0, 0, 0, 40, 41, 42, 0, 40,
    41, 42, 0, 43, 43, 44, 44, 0,
    0, 45, 0, 0, 0, 0, 0, 0,
    41, 0, 0, 0, 0, 28, 36, 0,
    0, 22, 0, 0, 0, 0, 0, 44,
    0, 0, 0, 0, 0, 0, 0, 46,
    47, 44, 0, 19, 0, 0, 0, 0,
    0, 0, 0, 32, 0, 48, 32, 32,
    49, 32, 32, 50, 50, 0, 0, 0,
    0, 51, 51, 51, 51, 51, 52, 51,
    53, 51, 51, 51, 51, 51, 51, 51,
    0, 0, 0, 0, 0, 0, 0, 0,
    0, 0, 0, 0, 0, 0, 54, 0,
    0, 0, 0, 0, 55, 56, 0, 0,
    0, 0, 0, 0, 27, 0, 57, 0,
    0, 54, 0, 0, 0, 0, 58, 0,
    59, 0, 0, 0, 0, 0, 0, 0,
    0, 0, 30, 60, 60, 0, 0, 43,
    0, 0, 0, 0, 0, 0, 0, 0,
    0, 0, 0, 0, 0, 0, 0, 0,
    0, 0, 0, 0, 0, 0, 0, 0,
    0, 0, 0, 0, 0, 0, 0, 0,
    0, 0, 0, 0, 0, 0, 0, 0,
    0, 0, 0, 0, 0, 0, 0, 0,
    0, 0, 0, 0, 0, 0, 0, 0,
    0, 0, 0, 0, 8, 0, 0, 0,
    0, 0, 0, 0, 0, 0, 0, 0,
    0, 0, 0, 0, 0, 0, 0, 20,
    0, 0, 0, 0, 0, 0, 0, 0,
    0, 0, 39, 0, 0, 8, 0, 0,
    0, 0, 20, 20, 20, 20, 0, 0,
    0, 0, 0, 0, 0, 0, 0, 0,
    12, 0, 0, 0, 0, 0, 0, 12,
    12, 12, 0, 39, 39, 0, 0, 0,
    0, 0, 0, 0, 0, 0, 0, 0,
    0, 0, 23, 23, 44, 0, 0, 0,
    0, 0, 0, 0, 23, 12, 39, 0,
    0, 0, 0, 0, 0, 0, 0, 0,
    0, 0, 0, 0, 0, 0, 0, 0,
    0, 0, 0, 0, 0, 0, 0, 0,
    0, 0, 0, 0, 0, 0, 0, 0,
    0, 0, 0, 0, 0, 0, 0, 0,
    0, 0, 0, 0, 0, 0, 0, 0,
    0, 0, 0, 0, 0, 0, 0, 0,
    0, 0, 0, 0, 0, 0, 0, 0,
    0, 0, 0, 0, 0, 0, 0, 0,
    0, 0, 0, 0, 0, 0, 0, 0,
    0, 0, 0, 0, 0, 0, 0, 0,
    0, 0, 0, 0, 0, 0, 0, 0,
    0, 0, 0, 0, 0, 0, 0, 0,
    0, 0, 0, 0, 0, 0, 0, 0,
    0, 0, 0, 0, 0, 0, 0, 0,
    0, 0, 0, 0, 0, 0, 0, 0,
    0, 0, 0, 0, 0, 0, 0, 0,
    0, 0, 0, 0, 0, 0, 0
};

/*Map glyph_ids to kern right classes*/
static const uint8_t kern_right_class_mapping[] =
{
    0, 1, 2, 3, 4, 5, 0, 6,
    3, 0, 7, 8, 9, 10, 9, 11,
    12, 13, 14, 15, 16, 17, 18, 13,
    19, 20, 21, 22, 22, 23, 24, 0,
    25, 26, 0, 0, 0, 0, 0, 0,
    0, 0, 0, 0, 0, 0, 0, 0,
    0, 0, 0, 0, 0, 0, 0, 0,
    0, 0, 0, 0, 0, 27, 7, 8,
    28, 0, 0, 0, 0, 0, 0, 0,
    0, 0, 0, 0, 0, 0, 0, 0,
    0, 0, 0, 0, 0, 0, 0, 0,
    0, 0, 0, 0, 0, 29, 7, 30,
    0, 0, 31, 0, 0, 0, 0, 0,
    0, 26, 0, 32, 33, 34, 0, 8,
    24, 35, 0, 0, 36, 37, 9, 0,
    38, 0, 39, 0, 0, 0, 40, 0,
    0, 0, 0, 0, 0, 0, 0, 0,
    0, 0, 0, 0, 0, 0, 0, 0,
    0, 0, 0, 0, 0, 0, 41, 0,
    0, 0, 0, 0, 0, 0, 0, 0,
    0, 0, 0, 0, 0, 0, 0, 0,
    0, 0, 0, 0, 0, 0, 0, 0,
    0, 0, 0, 0, 0, 0, 9, 0,
    0, 0, 0, 0, 0, 0, 0, 0,
    0, 0, 0, 0, 0, 0, 0, 0,
    0, 0, 0, 0, 0, 0, 0, 0,
    0, 0, 0, 0, 0, 0, 0, 0,
    0, 0, 0, 0, 0, 0, 0, 0,
    0, 0, 0, 0, 0, 0, 0, 0,
    0, 0, 0, 0, 0, 0, 0, 0,
    0, 0, 0, 0, 0, 0, 0, 0,
    0, 0, 0, 0, 0, 0, 0, 0,
    0, 0, 0, 0, 0, 0, 0, 0,
    0, 0, 0, 0, 0, 0, 0, 0,
    0, 0, 0, 0, 0, 0, 0, 0,
    0, 0, 0, 0, 0, 0, 0, 0,
    0, 0, 0, 0, 0, 0, 0, 0,
    0, 0, 0, 0, 0, 0, 0, 0,
    0, 0, 0, 0, 0, 0, 0, 0,
    0, 0, 0, 0, 0, 0, 0, 0,
    0, 0, 0, 0, 0, 0, 0, 0,
    0, 0, 0, 0, 0, 0, 3, 0,
    0, 0, 0, 0, 0, 0, 0, 0,
    0, 42, 0, 0, 0, 0, 0, 0,
    0, 0, 0, 0, 0, 0, 0, 0,
    0, 0, 0, 0, 0, 0, 0, 0,
    0, 0, 0, 0, 0, 0, 0, 0,
    0, 0, 0, 0, 0, 0, 0, 0,
    0, 0, 0, 0, 0, 0, 0, 0,
    0, 0, 0, 0, 0, 0, 0, 0,
    0, 0, 0, 0, 0, 0, 0, 0,
    0, 0, 0, 0, 0, 0, 0, 0,
    0, 0, 0, 0, 0, 0, 0, 0,
    0, 0, 0, 0, 0, 0, 0, 0,
    0, 0, 0, 43, 44, 45, 46, 43,
    44, 45, 47, 48, 48, 41, 41, 0,
    0, 49, 0, 0, 0, 0, 0, 0,
    44, 0, 0, 0, 0, 32, 39, 0,
    0, 25, 0, 0, 0, 0, 0, 41,
    50, 0, 0, 0, 0, 0, 51, 29,
    41, 52, 0, 22, 0, 0, 0, 0,
    0, 0, 0, 0, 0, 53, 0, 0,
    54, 0, 55, 0, 0, 0, 0, 56,
    0, 57, 57, 57, 57, 58, 0, 57,
    59, 57, 57, 57, 57, 57, 57, 57,
    0, 0, 0, 0, 0, 0, 0, 0,
    0, 0, 0, 0, 0, 0, 26, 0,
    0, 0, 0, 0, 29, 29, 0, 0,
    31, 0, 0, 0, 0, 0, 26, 0,
    0, 26, 60, 0, 0, 0, 0, 0,
    29, 0, 0, 0, 0, 0, 0, 0,
    0, 29, 34, 29, 29, 0, 0, 48,
    0, 0, 0, 0, 0, 0, 0, 0,
    0, 0, 0, 0, 0, 0, 0, 0,
    0, 0, 0, 0, 0, 0, 0, 0,
    0, 0, 0, 0, 0, 0, 0, 0,
    0, 0, 0, 0, 0, 0, 0, 0,
    0, 0, 0, 0, 0, 0, 0, 0,
    0, 0, 0, 0, 0, 0, 0, 0,
    0, 0, 0, 0, 0, 0, 9, 0,
    0, 0, 0, 0, 0, 0, 0, 0,
    0, 0, 0, 0, 0, 0, 0, 0,
    24, 0, 0, 0, 0, 0, 0, 0,
    0, 0, 42, 0, 0, 9, 0, 0,
    61, 22, 24, 24, 24, 24, 0, 0,
    0, 0, 0, 0, 0, 0, 62, 0,
    29, 0, 0, 0, 0, 0, 0, 29,
    29, 29, 0, 42, 42, 0, 0, 0,
    0, 0, 0, 0, 0, 0, 0, 0,
    0, 0, 26, 26, 41, 0, 0, 0,
    0, 0, 0, 0, 42, 42, 42, 0,
    0, 0, 0, 0, 0, 0, 0, 0,
    0, 0, 0, 0, 0, 0, 0, 0,
    0, 0, 0, 0, 0, 0, 0, 0,
    0, 0, 0, 0, 0, 0, 0, 0,
    0, 0, 0, 0, 0, 0, 0, 0,
    0, 0, 0, 0, 0, 0, 0, 0,
    0, 0, 0, 0, 0, 0, 0, 0,
    0, 0, 0, 0, 0, 0, 0, 0,
    0, 0, 0, 0, 0, 0, 0, 0,
    0, 0, 0, 0, 0, 0, 0, 0,
    0, 0, 0, 0, 0, 0, 0, 0,
    0, 0, 0, 0, 0, 0, 0, 0,
    0, 0, 0, 0, 0, 0, 0, 0,
    0, 0, 0, 0, 0, 0, 0, 0,
    0, 0, 0, 0, 0, 0, 0, 0,
    0, 0, 0, 0, 0, 0, 0, 0,
    0, 0, 0, 0, 0, 0, 0, 0,
    0, 0, 0, 0, 0, 0, 0
};

/*Kern values between classes*/
static const int8_t kern_class_values[] =
{
    0, 0, 0, 0, 0, -13, 0, 0,
    0, -32, -32, 0, 0, 0, 0, 0,
    -24, 0, 0, 0, 0, 0, 0, 0,
    0, 0, 0, 0, 0, 0, -6, 0,
    0, 0, 0, 0, 0, 0, 0, 0,
    0, -30, 0, 0, 0, 0, 0, 0,
    -32, 0, 0, 0, 0, 0, 0, 0,
    0, 0, 0, 0, 0, 0, 0, 0,
    0, 0, 0, 0, 0, 0, 0, 0,
    0, 0, 0, 0, 0, 0, 0, 0,
    0, 0, 0, 0, 0, 0, 0, 0,
    0, 0, 0, 0, 0, 0, 0, 0,
    0, 0, 0, 0, 0, 0, 0, -2,
    0, 0, 0, 0, 0, 0, 0, 0,
    0, 0, 0, 0, 0, 0, 0, -25,
    0, 0, 0, -2, 0, 0, 0, 0,
    0, 0, 0, 0, 0, 0, 0, 0,
    0, 0, 0, 0, 0, 0, 0, 0,
    0, 0, 0, 0, 0, 0, 0, 0,
    0, 0, 0, 0, 0, 0, 0, 0,
    0, 0, 0, 0, 0, 0, -24, -26,
    0, 0, 0, 0, 0, 0, 0, 0,
    0, 0, 0, 0, 0, 0, 0, 0,
    0, 0, 0, 0, -13, 0, 0, 0,
    0, 0, 0, 0, 0, 0, 0, 0,
    0, 0, 0, 0, 0, 0, 0, 0,
    0, 0, 0, 0, -24, 0, 0, 0,
    0, 0, 0, -9, 0, 0, 0, 0,
    0, 0, 0, 0, -35, 0, 0, 0,
    0, -15, 0, 0, 0, 0, 0, 0,
    0, 0, 0, 0, 0, 0, 0, -22,
    0, 0, 0, 0, 0, 0, 0, 0,
    0, 0, 0, 0, 0, 0, 0, 0,
    0, 0, 0, 0, 0, 0, 0, 0,
    0, 0, 0, 0, 2, 0, -4, 0,
    0, 0, 0, 0, 0, 0, 0, 0,
    0, 0, 0, 0, 0, 0, 0, 0,
    0, 0, 0, 2, 0, 0, 0, 0,
    0, 0, 0, 0, 9, 0, 0, 0,
    0, 0, 0, 0, 0, 0, 0, 0,
    0, 0, 0, 0, 0, 0, 0, 0,
    0, 0, 0, 0, 0, 0, 0, 0,
    0, 0, 0, 0, 0, 0, 0, 0,
    0, 0, 0, 0, 0, 0, 0, 0,
    -13, 0, 0, 0, 0, 0, 0, 0,
    0, 0, 0, 0, 0, 0, 0, 0,
    0, 0, 0, 0, 0, 0, 0, 0,
    0, -13, 0, 0, 0, -52, -52, 0,
    0, 0, 0, 0, -17, 0, 0, 0,
    0, 0, 0, 0, 0, -5, 0, -26,
    0, 0, 0, 0, 0, 0, 0, 0,
    0, 0, 0, 0, 0, -32, 0, 0,
    0, 0, 0, 0, -52, 0, 0, 0,
    0, 0, 0, 0, 0, 0, 0, 0,
    0, 0, 0, 0, 0, 0, 0, 0,
    0, 0, 0, 0, 0, 0, 0, 0,
    -11, -4, 0, 0, -9, 0, 0, 0,
    0, 0, 0, 0, -19, 0, 0, 0,
    0, 0, 0, 0, 0, 0, -5, 0,
    0, 0, 0, -13, -20, 0, 0, 0,
    0, 0, 0, 0, 0, 0, 0, 0,
    0, 0, 0, 0, 0, 0, 0, -29,
    -4, -1, -34, 0, 0, 0, 0, 0,
    0, 0, 0, 0, -10, -34, 0, -10,
    0, -4, -7, -9, -3, 0, 0, 0,
    -34, -17, 0, 0, 0, 0, 0, 0,
    0, 0, 0, 0, -19, 0, 0, 0,
    0, 0, 0, -27, 0, -52, -52, 0,
    0, 0, 0, 0, 0, 0, 0, 0,
    0, 0, 0, 0, 0, -13, 0, 0,
    0, 0, 0, 0, 0, 0, 0, -15,
    -15, 0, 0, 0, 0, 0, 0, 0,
    0, 0, 0, 0, 0, 0, 0, 0,
    1, 0, 0, 0, 0, 0, 0, 0,
    0, 0, 0, 0, 0, 0, 0, -9,
    0, 0, 0, 0, 0, 0, -15, 0,
    0, 0, 0, 0, 0, 0, 0, 0,
    0, 0, 0, 0, 0, 0, 0, 0,
    0, 0, 0, 0, 0, -10, -10, 0,
    0, 0, 0, 0, 0, 0, -7, 0,
    0, 0, 0, 0, 0, 0, -6, -17,
    0, 0, 0, 0, 0, 0, 0, 0,
    0, 0, 0, 0, 0, 0, -17, 0,
    -19, 0, 0, 0, -10, 0, 6, 0,
    0, 0, 0, 0, 0, 0, 0, 0,
    0, 0, 0, 0, 0, 0, 0, 0,
    2, 0, 0, 0, 0, 0, 0, 0,
    0, 0, 0, 0, 0, 0, 0, 0,
    0, 0, 0, 0, 0, 2, 0, 0,
    0, 0, 0, 0, 0, 0, 0, 0,
    0, 0, 0, 0, 0, 0, 0, 0,
    0, 0, 0, 0, 6, 0, 0, 0,
    0, 0, 0, 0, 0, 0, 0, 0,
    0, 0, 0, 0, 0, 0, 0, 0,
    0, 0, 0, 0, 0, 0, 0, 0,
    -6, 0, 0, 0, 0, 0, 0, 0,
    0, 0, 0, 0, 0, 0, 0, 0,
    0, 0, 0, 0, 0, 0, 0, 0,
    0, 0, 0, 0, 0, 0, 0, 0,
    0, 0, 0, 0, 0, 0, 0, 0,
    0, 0, 0, 0, 0, 0, 0, 0,
    0, 0, 0, 0, 0, -5, 0, -8,
    -8, 0, 0, 0, 0, 0, 0, 0,
    0, 0, 0, 0, 0, 0, 0, 0,
    0, 0, 0, 0, 0, -13, 0, 0,
    0, 0, 0, 0, 0, 0, 0, 0,
    0, 0, -19, 0, 0, 0, -8, 0,
    0, 0, 0, 0, 0, 0, 0, 0,
    0, 0, 0, 0, 0, 0, 0, 0,
    0, 0, 0, -10, 0, -13, -13, 0,
    0, -10, 0, 0, 0, 0, 0, 0,
    0, 0, 0, 0, 0, 0, 0, 0,
    0, 0, 0, 0, 0, -2, 0, 0,
    -16, 0, 0, 0, 0, 0, 0, 0,
    0, 0, 0, 0, -13, 0, 0, 0,
    0, 0, 0, 0, 0, 0, 0, 0,
    0, 0, 0, 0, 0, 0, 0, 0,
    0, -1, 0, -10, -10, 0, 0, 0,
    0, 0, 0, 0, 0, 0, 0, 0,
    0, 0, 0, 0, 0, 0, 0, 0,
    0, 0, 0, -2, 0, 0, 0, 0,
    0, 0, 0, 0, 0, 0, 0, 0,
    0, 0, -10, 0, 0, 0, 0, 0,
    0, 0, 0, 0, 0, 0, 0, 0,
    0, 0, 0, 0, 0, 0, 0, 0,
    0, -12, -12, 0, 0, 0, 0, 0,
    0, 0, 0, 0, 0, 0, 0, 0,
    0, 0, 0, -17, 0, 0, 0, 0,
    0, 0, 0, 0, 0, 0, 0, 0,
    0, 0, 0, 0, -17, 0, 0, 0,
    -12, 0, 0, 0, 0, 0, 0, 0,
    0, 0, 0, 0, 0, 0, 0, 0,
    0, -22, 0, -17, 0, 0, 0, -48,
    -48, 0, -6, 0, 0, -6, -22, -4,
    8, -5, -4, -13, -35, 0, 0, 0,
    0, -61, 0, 0, -19, -24, 0, 0,
    0, 0, 0, 0, 0, 0, 0, -41,
    0, 0, -54, 0, 0, 0, -48, 0,
    0, -19, 0, 0, 0, 0, 0, -29,
    0, 0, 0, 0, 0, 0, 0, 0,
    0, 0, 0, 0, 0, 0, 0, 0,
    0, 0, 0, 0, 0, 0, 0, 0,
    0, 0, 0, 0, 0, 0, -24, 0,
    0, 0, 0, 0, 0, 0, 0, 0,
    0, 0, 0, 0, 0, 0, -17, 0,
    0, 0, 0, 0, 0, 0, 0, 0,
    0, 0, 0, 0, 0, 0, 0, 0,
    0, -13, 0, 0, 0, 0, 0, 0,
    0, 0, 0, 0, 0, 0, 0, 0,
    0, 0, 0, 0, 0, 0, 0, 0,
    0, 0, 0, 0, -26, 0, 0, 0,
    0, 0, 0, 0, 0, 0, 0, 0,
    0, 0, 0, -19, -22, 0, 0, 0,
    0, 0, 0, 0, 0, 0, 0, 0,
    0, 0, 0, 0, 0, -15, 0, -17,
    0, 0, 0, 0, 0, 0, 0, 0,
    0, 0, 0, 0, 0, 0, 0, 0,
    0, 0, -28, 0, 0, 0, 0, 0,
    0, 0, -28, 0, 0, 0, 0, 0,
    0, 0, 0, 0, 0, 0, 0, 0,
    0, -5, -37, 0, 0, 0, 0, 0,
    0, 0, 0, 0, 0, 0, 0, 0,
    0, 0, 0, -28, 0, -30, 0, 0,
    0, 0, 0, 0, 0, 0, 0, 0,
    0, 0, 0, 0, 0, 0, 0, 0,
    0, 0, 0, 0, 0, 0, 0, 0,
    0, 0, 0, 0, 0, 0, 0, 0,
    0, 0, 0, 0, 0, 0, 0, -24,
    0, 0, 0, 0, 0, 0, 0, 0,
    0, 0, 0, 0, 0, 0, 0, 0,
    0, 0, 0, 0, 0, 0, 0, 0,
    0, 0, 0, 0, 0, -17, -17, -15,
    0, 0, 0, 0, 0, 0, 0, 0,
    0, 0, 0, 0, 0, 0, -14, -15,
    0, 0, 0, 0, 0, -2, 0, 0,
    0, 0, 0, 0, 0, -14, -13, 0,
    -15, 0, 0, 0, -17, 0, 0, 0,
    0, 0, 0, 0, -15, -38, 0, 0,
    0, -12, 0, 0, -30, 0, -2, 0,
    0, -32, -13, 0, 0, 7, 0, -15,
    0, 0, 0, 0, 0, 0, 0, 0,
    -5, -19, -24, -14, -19, 0, 0, -13,
    -3, -13, -13, -27, 0, 0, -19, 0,
    -13, 0, -13, 6, -16, -22, 0, 0,
    0, -28, 0, -3, -8, 0, 0, 0,
    0, 0, 0, 0, 0, -19, 0, -15,
    0, 0, 0, 0, 0, 0, 0, -26,
    0, 0, 0, 0, -17, -41, 0, -17,
    -22, -17, 0, -17, -17, 0, 0, 0,
    0, -15, -30, 0, 13, 0, 0, 0,
    0, 0, 0, 0, -17, 0, 0, 0,
    0, 0, -15, 0, 0, 0, 0, 0,
    0, 0, 0, 13, 0, 0, 0, 0,
    0, 0, 0, -19, 37, -22, 0, 0,
    0, 0, 0, 0, 0, 0, 0, 0,
    0, 0, 0, 0, 0, 0, 0, 0,
    0, 0, 0, 0, 0, 0, 0, 0,
    -13, 0, 0, 0, 0, 0, 0, 0,
    0, 0, 0, 0, 0, 0, 0, 0,
    -13, 0, 0, 0, 0, 0, 0, 0,
    0, 0, 0, 0, 0, 0, 0, 0,
    0, 0, 0, -26, 0, 0, -6, 0,
    0, 0, -4, 0, 0, 0, 0, 0,
    0, -13, 0, 0, 0, 0, 0, 0,
    0, 0, 0, 0, 0, 0, -21, 0,
    0, 0, 0, 0, 0, -4, 0, 0,
    0, 0, 0, 0, 0, -13, -24, -9,
    0, 0, 0, -13, 0, 0, 0, 0,
    0, 0, 0, 0, 0, 0, 0, 0,
    0, -30, 0, 0, 0, 0, 0, 0,
    0, 0, 0, 0, 0, 0, 0, 0,
    0, 0, 0, 0, 0, 0, 0, 0,
    0, 0, 0, 0, 0, 0, 0, 0,
    0, 0, 0, 0, 0, 0, 0, 0,
    0, 0, 0, -13, 0, 0, 0, 0,
    0, 0, 0, 0, 0, 0, 0, 0,
    0, 0, 0, 0, 0, 0, 0, -19,
    0, 0, 0, 0, 0, 0, 0, 0,
    0, 0, 0, 0, 0, 0, 0, 0,
    0, 0, 0, 0, 0, 0, 0, 0,
    0, 0, 0, 0, 0, 0, 0, 0,
    0, 0, 0, 0, 0, 0, 0, 0,
    0, 0, 0, 0, 0, 0, 0, 0,
    0, 0, 0, 0, 0, 0, 0, 0,
    0, 0, 0, 0, 0, -19, 0, 0,
    0, 0, 0, -13, 0, 0, 0, 0,
    0, 0, 0, 0, 0, 0, -19, 0,
    0, 0, 0, 0, 0, 0, 0, -2,
    0, 0, 0, 0, -11, 0, 0, 0,
    0, 0, 0, 0, 0, 0, 0, -27,
    0, 0, 0, 0, 0, 0, 0, 0,
    0, 0, 0, 0, 0, 0, 0, 0,
    0, 0, 0, 0, 0, 0, 0, 0,
    0, 0, 0, 0, 0, 0, 0, 0,
    0, 0, 0, 0, 0, 0, 0, 0,
    0, 0, 0, 0, 0, 0, 0, 0,
    0, 0, 0, 0, 0, 0, 0, 0,
    0, 0, 0, 0, 0, 0, 0, 0,
    0, 0, 0, 0, 0, 0, 0, 0,
    -4, 0, 0, 0, 0, 0, 0, 0,
    0, 0, 0, 0, 0, 0, 0, 0,
    0, 0, 0, 0, 0, 0, 0, 0,
    0, 0, 0, 0, 0, 0, 0, 0,
    0, 0, 0, 0, 0, 0, 0, 0,
    0, 0, 0, 0, 0, 0, 0, 0,
    0, 0, 0, 0, 0, 0, 0, 0,
    0, 0, 0, 0, 0, 0, 0, 0,
    0, 0, 0, 0, 0, 0, 0, 0,
    0, 0, 0, 0, 0, 0, 0, 0,
    -15, 0, 0, -13, 0, 0, 0, 0,
    0, 0, 0, 0, 0, 0, -15, 0,
    0, 0, 0, -13, 0, -15, 0, 0,
    -13, 0, 0, 0, 0, 0, 0, 0,
    0, 0, -19, 5, 0, 0, 0, 0,
    0, 0, 0, 0, 0, 0, 0, 0,
    0, -20, 0, 0, 0, -19, 0, 0,
    0, 0, 0, 0, 0, 0, 0, 0,
    0, 0, 0, 0, -11, -4, 0, 0,
    -9, 0, 0, 0, 0, 0, 0, 0,
    -15, 0, 0, 0, 0, 0, 0, 0,
    0, 0, -5, 0, 0, 0, 0, -13,
    -20, 0, 0, 0, 0, 0, 0, 0,
    0, 0, 0, 0, 0, 0, 0, 0,
    0, 0, 0, -30, 0, 0, 0, 0,
    0, 0, 0, 0, 0, 0, 0, 0,
    0, 0, 0, 0, 0, 0, 0, 0,
    0, 0, 0, 0, 0, 0, 0, 0,
    0, 0, 0, 0, 0, 0, 0, 0,
    0, 0, 0, 0, 0, 0, 0, 0,
    0, 0, 0, 0, 0, 0, 0, 0,
    0, 0, 0, 2, 0, 0, 0, 0,
    0, 0, 0, 0, 0, 0, 0, 0,
    0, 0, 0, 0, 0, 0, 0, -15,
    -19, -17, 0, 0, -19, -13, 0, 0,
    0, 0, 0, 0, -24, 0, 0, 0,
    0, 0, 0, 0, 0, 0, 0, 0,
    0, 0, 0, -13, -33, 0, 0, 0,
    0, 0, 0, 0, 0, 0, 0, 0,
    0, 0, 0, 0, 0, 0, 0, -50,
    0, 0, 0, 0, 0, 0, 0, 0,
    0, 0, 0, 0, 0, 0, 0, 0,
    0, 0, 0, 0, 0, 0, 0, 0,
    0, 0, -35, 0, 0, 0, 0, 0,
    0, 0, 0, 0, 0, 0, 0, 0,
    0, 0, -24, -13, 0, 0, 0, 0,
    0, 0, 0, 0, 0, 0, 0, 0,
    0, 0, 0, 0, 0, -26, 0, 0,
    0, 0, 0, 0, 0, 0, 0, 0,
    0, 0, 0, 0, 0, 0, 0, 0,
    0, 0, 0, 0, 0, 0, 0, 0,
    -15, 0, 0, 0, 0, 0, 0, 0,
    0, 0, 0, 0, 0, 0, 0, -13,
    0, 0, 0, 0, 0, 0, 0, 0,
    0, 0, 0, 0, 0, 0, 0, 0,
    0, -13, 0, -22, 0, 0, -30, 0,
    -2, 0, 0, -32, -13, 0, 0, 7,
    0, -15, 0, 0, 0, 0, 0, 0,
    0, 0, -5, -19, -24, -14, -28, 0,
    0, -13, -3, -13, -13, -27, 0, 0,
    -19, 0, -13, 0, -13, 6, -50, -39,
    0, 0, 0, -28, 0, -3, -8, 0,
    0, 0, 0, 0, 0, 0, 0, -19,
    0, -33, 0, 0, 0, 0, 0, -24,
    0, 0, 0, -35, -35, -37, 0, 0,
    0, 0, -24, 0, 0, 0, 0, 0,
    0, 0, 0, 0, 0, 0, 0, 0,
    -15, 0, 0, 0, 0, 0, 0, 0,
    0, -24, 0, -37, 0, 0, -28, 0,
    0, 0, -35, 0, 0, 0, 0, 0,
    0, 0, 0, 0, 0, 0, 0, 0,
    0, 0, 0, -48, 0, -26, 0, 0,
    -23, -42, -42, -54, -17, 0, 0, 0,
    -37, 0, -24, -15, 0, -22, -37, -22,
    0, -22, 0, -15, 0, -17, -24, -33,
    -23, 0, 0, -17, -4, 0, 0, -26,
    0, -52, 0, 0, 0, 0, 0, 0,
    -42, 0, 5, -9, 0, 0, 0, 0,
    0, 0, 0, 0, 0, 0, 0, 0,
    0, 0, 0, 0, 0, 0, 0, 0,
    0, 0, 0, -26, 0, 0, 0, 0,
    0, 0, 0, 0, 0, 0, 0, -15,
    -35, 0, 0, 0, 0, 0, 0, 0,
    0, 0, 0, 0, 0, 0, 0, 0,
    -48, -37, 0, 0, 0, 0, 0, 0,
    0, 0, 0, 0, 0, 0, 0, 0,
    0, 0, 0, -37, 0, 0, 0, 0,
    0, -15, 0, 0, 0, 0, 0, 0,
    0, 0, 0, 0, 0, 0, 0, 0,
    0, 0, 0, 0, 0, 0, 0, 0,
    0, 0, -13, 0, 0, 0, 0, 0,
    0, 0, 0, 0, 0, -28, 0, 0,
    0, 0, 0, 0, 0, 0, 0, 0,
    0, 0, 0, 0, 0, 0, 0, 0,
    0, 0, 0, 0, 0, 0, 0, 0,
    0, 0, 0, 0, 0, 0, 0, 0,
    0, 0, 0, 0, 0, 0, 0, 0,
    0, 0, 0, 0, -15, 0, 0, 0,
    0, 0, 0, 0, 0, 0, 0, 0,
    0, 0, 0, -13, 0, 0, 0, 0,
    0, 0, 0, 0, 0, 0, 0, 0,
    0, 0, 0, 0, 0, -13, 0, -13,
    -4, -1, -34, 0, 0, 0, 0, 0,
    0, 0, 0, 0, -10, -34, 0, -10,
    0, -4, -7, -9, -3, 0, 0, 0,
    -34, -17, 0, 0, 0, 0, 0, 0,
    0, 0, 0, 0, -19, 0, 0, 0,
    0, 0, 0, -27, 0, -52, -70, 0,
    0, 0, 0, 0, 0, 0, 0, 0,
    0, 0, 0, 0, 0, -13, 0, 0,
    0, 0, 0, -13, 0, 0, -14, -15,
    -13, 0, 0, 0, 0, 0, 0, 0,
    0, 0, 0, 0, 0, 0, 0, 0,
    0, 0, 0, -14, -2, 0, -14, 0,
    0, 0, 0, 0, 0, 0, 0, -29,
    0, 0, -54, 0, 0, 0, -37, 0,
    0, 0, 0, 0, 0, 0, 0, -25,
    0, 0, 0, 0, 0, 0, -3, 0,
    0, 0, 0, 0, 0, 0, 0, 0,
    0, -15, 0, 0, 0, 0, 0, 0,
    0, 0, 0, 0, 0, 0, -19, 0,
    0, 0, 0, 0, 0, -3, 0, 0,
    0, 0, 0, 0, 0, 0, -17, -8,
    0, 0, 0, 0, 0, 0, 0, 0,
    0, 0, 0, 0, 0, 0, 0, 0,
    0, -27, 0, 0, 0, 0, 0, 0,
    0, 0, 0, 0, 0, 0, 0, 0,
    0, 0, 0, 0, 0, 0, 0, 0,
    0, 0, 0, 0, 0, 0, 0, 0,
    0, 0, 0, 0, 0, 0, 0, -2,
    0, 0, 0, 0, 0, 0, 0, 0,
    0, 0, 0, 0, 0, 0, 0, -6,
    0, 0, 0, 0, 0, 0, 0, 0,
    0, 0, 0, 0, 0, 0, 0, 0,
    0, 0, 0, 0, 0, 0, 0, 0,
    0, 0, 0, 0, 0, 0, 0, 0,
    0, 0, 0, 0, 0, 0, 0, 0,
    0, 0, 0, 0, 0, 0, 0, 0,
    0, 0, 0, 0, 0, 0, 0, 0,
    0, 0, 0, 0, -20, 5, -2, 0,
    0, 0, 0, 0, 0, 0, 0, 0,
    0, 0, 0, 0, 0, 0, 0, 0,
    0, 0, 0, 0, 0, 0, 0, 0,
    0, 0, 0, 0, 0, 0, 0, 0,
    0, 0, 0, 0, 0, 0, 0, 0,
    -7, 0, 0, 0, 0, 0, 0, 0,
    0, 0, 0, 0, 0, 0, 0, 0,
    0, 0, 0, -6, 0, 0, 0, 0,
    0, 0, 0, 0, 0, 0, 0, 0,
    0, 0, 0, 0, 0, 0, 0, 0,
    0, -29, 0, 0, 0, 0, 0, 0,
    0, 0, 0, 0, 0, -15, -49, 0,
    0, 0, 0, 0, 0, 0, 0, 0,
    0, 0, 0, 0, 0, 0, 0, 0,
    0, 0, 0, 0, 0, 0, 0, 0,
    0, 0, 0, 0, 0, -10, -6, 0,
    0, -39, 0, 0, 0, 0, 0, 0,
    0, 0, 0, 0, 0, 0, 0, 0,
    0, 0, 0, 0, 0, 0, 0, 0,
    0, 0, 0, 0, 0, 0, 0, 0,
    0, 0, 0, 0, 0, 0, 0, 0,
    0, 0, 0, 0, 0, 0, 0, 0,
    0, 0, 0, 0, 0, 0, 0, 0,
    0, 0, -6, 0, 0, 0, 0, 0,
    0, 0, 0, 0, 0, 0, 0, 0,
    0, 0, 0, 0, 0, 0, 0, 0,
    0, 0, 0, 0, 0, 0, 0, 0,
    0, 0, 0, 0, 0, 0, 0, 0,
    0, 0, 0, 0, 0, 0, 0, 0,
    0, 0, 0, 0, 0, 0, 0, 0,
    0, 0, 0, 0, 0, 0, 0, 0,
    0, -18, 0, 0, 0, 0, 0, 0,
    0, 0, 0, 0, 0, 0, 0, 0,
    0, 0, 0, 0, 0, 0, 0, 0,
    0, 0, 0, 0, 0, 0, 0, 0,
    0, -15, 0, 0, 0, 0, 0, 0,
    0, 0, 0, 0, 0, 0, 0, -8,
    0, 0, 0, 0, 0, 0, 0, 0,
    0, 0, 0, 0, 0, 0, 0, 0,
    0, 0, 0, 0, 0, 0, 0, 0,
    0, 0, 0, 0, -7, 0, 0, 0,
    0, 0, 0, 0, -4, 0, 0, 0,
    0, 0, -11, 0, 0, 0, -3, 0,
    0, -7, -4, 0, -7, 0, 0, 0,
    0, 0, 0, 0, -4, 0, -15, 2,
    0, 0, 0, 0, 0, 0, -1, 0,
    0, 0, 0, 0, 0, 11, 0, 0,
    3, -13, 0, 0, -1, 0, 0, 0,
    0, 0, 0, 0, 0, 0, 0, 0,
    0, 0, 0, 0, 0, 0, 0, 0,
    0, 0, 0, 0, -17, 0, 0, 0,
    0, 0, 0, -3, 0, 0, 0, 0,
    0, 0, 0, 0, -19, 0, -5, 0,
    0, 0, 0, 0, 0, 0, 0, 0,
    0, 0, 0, 0, 0, 0, 0, -28,
    0, 0, 0, 0, 0, 0, 0, 0,
    0, 0, 0, 0, 0, 0, 0, 0,
    0, 0, 0, 0, 0, 0, 0, 0,
    0, 0, -9, 0, 0, 0, 0, 0,
    0, 0, 0, 0, 0, 0, 0, 0,
    0, -10, 0, 0, 0, 0, 0, 0,
    0, 0, 0, 0, 0, 0, 0, 0,
    0, 0, 0, 0, 0, -12, 0, 0,
    0, 0, 0, 0, 0, 0, 0, -26,
    -26, -15, 0, 0, 0, 0, 0, 0,
    0, 0, 0, 0, 0, 0, 0, 0,
    0, -19, 0, 0, 0, 0, 0, 0,
    0, 0, 0, 0, 0, 0, 0, 0,
    0, 0, 0, 0, 0, 0, -26, 0,
    0, 0, 0, 0, 0, 0, 0, 0,
    0, 0, 0, 0, 0, 0, 0, 0,
    0, 0, 0, 0, 0, 0, 0, 0,
    0, 0, 0, 0, 0, 0, 0, 0,
    0, 0, 0, 0, 0, 0, 0, 0,
    0, 0, 0, 0, 0, 0, 0, 0,
    0, 0, 0, 0, 0, 0, -24, 0,
    0, 0, 0, 0, 0, 0, 0, 0,
    0, 0, 0, 0, 0, 0, 0, 0,
    0, -22, 0, 0, 0, 0, 0, 0,
    0, 0, 0, 0, 0, 0, 0, 0,
    0, 0, 0, 0, 0, 0, 0, 0,
    0, 0, 0, 0, -7, 0, 0, 0,
    -5, 0, 0, 0, 0, 0, 0, 0,
    0, 0, 0, 0, 0, 0, 0, 0,
    0, 0, 0, 0, 0, 0, 0, 0,
    0, 0, 0, 0, 0, 0, 0, 0
};


/*Collect the kern class' data in one place*/
static const lv_font_fmt_txt_kern_classes_t kern_classes =
{
    .class_pair_values   = kern_class_values,
    .left_class_mapping  = kern_left_class_mapping,
    .right_class_mapping = kern_right_class_mapping,
    .left_class_cnt      = 60,
    .right_class_cnt     = 62,
};

/*--------------------
 *  ALL CUSTOM DATA
 *--------------------*/

#if LVGL_VERSION_MAJOR == 8
/*Store all the custom data of the font*/
static  lv_font_fmt_txt_glyph_cache_t cache;
#endif

#if LVGL_VERSION_MAJOR >= 8
static const lv_font_fmt_txt_dsc_t font_dsc = {
#else
static lv_font_fmt_txt_dsc_t font_dsc = {
#endif
    .glyph_bitmap = glyph_bitmap,
    .glyph_dsc = glyph_dsc,
    .cmaps = cmaps,
    .kern_dsc = &kern_classes,
    .kern_scale = 16,
    .cmap_num = 18,
    .bpp = 4,
    .kern_classes = 1,
    .bitmap_format = 0,
#if LVGL_VERSION_MAJOR == 8
    .cache = &cache
#endif
};



/*-----------------
 *  PUBLIC FONT
 *----------------*/

/*Initialize a public general font descriptor*/
#if LVGL_VERSION_MAJOR >= 8
const lv_font_t aos_inter_24 = {
#else
lv_font_t aos_inter_24 = {
#endif
    .get_glyph_dsc = lv_font_get_glyph_dsc_fmt_txt,    /*Function pointer to get glyph's data*/
    .get_glyph_bitmap = lv_font_get_bitmap_fmt_txt,    /*Function pointer to get glyph's bitmap*/
    .line_height = 34,          /*The maximum line height required by the font*/
    .base_line = 8,             /*Baseline measured from the bottom of the line*/
#if !(LVGL_VERSION_MAJOR == 6 && LVGL_VERSION_MINOR == 0)
    .subpx = LV_FONT_SUBPX_NONE,
#endif
#if LV_VERSION_CHECK(7, 4, 0) || LVGL_VERSION_MAJOR >= 8
    .underline_position = -4,
    .underline_thickness = 2,
#endif
    .dsc = &font_dsc,          /*The custom font data. Will be accessed by `get_glyph_bitmap/dsc` */
#if LV_VERSION_CHECK(8, 2, 0) || LVGL_VERSION_MAJOR >= 9
    .fallback = NULL,
#endif
    .user_data = NULL,
};



#endif /*#if AOS_INTER_24*/

